{"model_name":{"0":"Random","1":"WSLS","2":"QL","3":"MFPAgg","4":"PRW","5":"ARW","6":"MFP"},"deviance":{"0":21747.6657650195,"1":69445.8942352844,"2":20579.1261581796,"3":21247.6895009905,"4":22152.9838906958,"5":22152.9838906958,"6":21123.7665283595},"AIC":{"0":43497.3315300391,"1":138897.7884705689,"2":41166.2523163592,"3":42501.379001981,"4":44313.9677813917,"5":44311.9677813917,"6":42253.5330567189},"free_parameters":{"0":{"go_prob":0.5780715269},"1":{"go_drive":0.4887327229,"inverse_temperature":53.9942564451,"wsls_strength":9.7906843836},"2":{"discount_factor":0.8533513418,"go_drive":0.2020941391,"inverse_temperature":1.8845637881,"learning_rate":0.1344856571},"3":{"belief_strength":1.0,"go_drive":0.0,"inverse_temperature":1.0},"4":{"initial_reward_estimate_go":0.0,"initial_reward_estimate_no_go":0.0,"inverse_temperature":50.1207468282,"learning_rate":0.0},"5":{"initial_luft_estimate":0.0,"inverse_temperature":15.1360495172,"learning_rate":0.0},"6":{"belief_strength":1.0,"go_drive":1.0,"inverse_temperature":1.0}}}