measure,coefficient
intercept,0.4729997145725736
efficiency,3.665941414478739
entropy,1.1285530561566777
conditional_entropy,-1.888524301896079
inequality,-7.746603107511097
