measure,coefficient
intercept,-0.3067234682253617
bounded_efficiency,3.311620444665772
inequality,-9.52922377059452
