measure,coefficient
intercept,-2.6117511094308132
normalized_efficiency,3.9758198458226106
entropy,5.487759280763992
conditional_entropy,-1.9921654479988222
inequality,-7.012183143950176
