measure,coefficient
intercept,1.1821411365282797
efficiency,6.209270556372922
entropy,3.1296195420692396
conditional_entropy,-3.86720893417684
inequality,-21.880487685491683
