measure,coefficient
intercept,-6.869863193821532
normalized_efficiency,69.28709175416539
entropy,90.16409307328894
conditional_entropy,-180.67323251552412
inequality,-198.8572971262981
