,id_sim,round,attendance,id_player,decision,score,model,threshold,num_agents
0,98fcbfec-8861-11f1-b73d-b48c9db4e1b4,0,"[0, 0, 0, 1]",0,0,0,,0.25,4
1,98fcbfec-8861-11f1-b73d-b48c9db4e1b4,0,"[0, 0, 0, 1]",1,0,0,,0.25,4
2,98fcbfec-8861-11f1-b73d-b48c9db4e1b4,0,"[0, 0, 0, 1]",2,0,0,,0.25,4
3,98fcbfec-8861-11f1-b73d-b48c9db4e1b4,0,"[0, 0, 0, 1]",3,1,1,,0.25,4
4,98fcbfec-8861-11f1-b73d-b48c9db4e1b4,1,"[1, 0, 1, 1]",0,1,-1,,0.25,4
5,98fcbfec-8861-11f1-b73d-b48c9db4e1b4,1,"[1, 0, 1, 1]",1,0,0,,0.25,4
6,98fcbfec-8861-11f1-b73d-b48c9db4e1b4,1,"[1, 0, 1, 1]",2,1,-1,,0.25,4
7,98fcbfec-8861-11f1-b73d-b48c9db4e1b4,1,"[1, 0, 1, 1]",3,1,-1,,0.25,4
8,98fcbfec-8861-11f1-b73d-b48c9db4e1b4,2,"[0, 1, 0, 1]",0,0,0,,0.25,4
9,98fcbfec-8861-11f1-b73d-b48c9db4e1b4,2,"[0, 1, 0, 1]",1,1,-1,,0.25,4
10,98fcbfec-8861-11f1-b73d-b48c9db4e1b4,2,"[0, 1, 0, 1]",2,0,0,,0.25,4
11,98fcbfec-8861-11f1-b73d-b48c9db4e1b4,2,"[0, 1, 0, 1]",3,1,-1,,0.25,4
12,98fcbfec-8861-11f1-b73d-b48c9db4e1b4,3,"[1, 0, 1, 0]",0,1,-1,,0.25,4
13,98fcbfec-8861-11f1-b73d-b48c9db4e1b4,3,"[1, 0, 1, 0]",1,0,0,,0.25,4
14,98fcbfec-8861-11f1-b73d-b48c9db4e1b4,3,"[1, 0, 1, 0]",2,1,-1,,0.25,4
15,98fcbfec-8861-11f1-b73d-b48c9db4e1b4,3,"[1, 0, 1, 0]",3,0,0,,0.25,4
16,98fcbfec-8861-11f1-b73d-b48c9db4e1b4,4,"[1, 1, 0, 0]",0,1,-1,,0.25,4
17,98fcbfec-8861-11f1-b73d-b48c9db4e1b4,4,"[1, 1, 0, 0]",1,1,-1,,0.25,4
18,98fcbfec-8861-11f1-b73d-b48c9db4e1b4,4,"[1, 1, 0, 0]",2,0,0,,0.25,4
19,98fcbfec-8861-11f1-b73d-b48c9db4e1b4,4,"[1, 1, 0, 0]",3,0,0,,0.25,4
20,98fcbfec-8861-11f1-b73d-b48c9db4e1b4,5,"[1, 0, 1, 0]",0,1,-1,,0.25,4
21,98fcbfec-8861-11f1-b73d-b48c9db4e1b4,5,"[1, 0, 1, 0]",1,0,0,,0.25,4
22,98fcbfec-8861-11f1-b73d-b48c9db4e1b4,5,"[1, 0, 1, 0]",2,1,-1,,0.25,4
23,98fcbfec-8861-11f1-b73d-b48c9db4e1b4,5,"[1, 0, 1, 0]",3,0,0,,0.25,4
24,98fcbfec-8861-11f1-b73d-b48c9db4e1b4,6,"[1, 0, 0, 0]",0,1,1,,0.25,4
25,98fcbfec-8861-11f1-b73d-b48c9db4e1b4,6,"[1, 0, 0, 0]",1,0,0,,0.25,4
26,98fcbfec-8861-11f1-b73d-b48c9db4e1b4,6,"[1, 0, 0, 0]",2,0,0,,0.25,4
27,98fcbfec-8861-11f1-b73d-b48c9db4e1b4,6,"[1, 0, 0, 0]",3,0,0,,0.25,4
28,98fcbfec-8861-11f1-b73d-b48c9db4e1b4,7,"[0, 0, 1, 0]",0,0,0,,0.25,4
29,98fcbfec-8861-11f1-b73d-b48c9db4e1b4,7,"[0, 0, 1, 0]",1,0,0,,0.25,4
30,98fcbfec-8861-11f1-b73d-b48c9db4e1b4,7,"[0, 0, 1, 0]",2,1,1,,0.25,4
31,98fcbfec-8861-11f1-b73d-b48c9db4e1b4,7,"[0, 0, 1, 0]",3,0,0,,0.25,4
32,98fcbfec-8861-11f1-b73d-b48c9db4e1b4,8,"[0, 0, 1, 0]",0,0,0,,0.25,4
33,98fcbfec-8861-11f1-b73d-b48c9db4e1b4,8,"[0, 0, 1, 0]",1,0,0,,0.25,4
34,98fcbfec-8861-11f1-b73d-b48c9db4e1b4,8,"[0, 0, 1, 0]",2,1,1,,0.25,4
35,98fcbfec-8861-11f1-b73d-b48c9db4e1b4,8,"[0, 0, 1, 0]",3,0,0,,0.25,4
36,98fcbfec-8861-11f1-b73d-b48c9db4e1b4,9,"[0, 0, 1, 0]",0,0,0,,0.25,4
37,98fcbfec-8861-11f1-b73d-b48c9db4e1b4,9,"[0, 0, 1, 0]",1,0,0,,0.25,4
38,98fcbfec-8861-11f1-b73d-b48c9db4e1b4,9,"[0, 0, 1, 0]",2,1,1,,0.25,4
39,98fcbfec-8861-11f1-b73d-b48c9db4e1b4,9,"[0, 0, 1, 0]",3,0,0,,0.25,4
40,98fcbfec-8861-11f1-b73d-b48c9db4e1b4,10,"[0, 0, 1, 0]",0,0,0,,0.25,4
41,98fcbfec-8861-11f1-b73d-b48c9db4e1b4,10,"[0, 0, 1, 0]",1,0,0,,0.25,4
42,98fcbfec-8861-11f1-b73d-b48c9db4e1b4,10,"[0, 0, 1, 0]",2,1,1,,0.25,4
43,98fcbfec-8861-11f1-b73d-b48c9db4e1b4,10,"[0, 0, 1, 0]",3,0,0,,0.25,4
44,98fcbfec-8861-11f1-b73d-b48c9db4e1b4,11,"[0, 0, 1, 0]",0,0,0,,0.25,4
45,98fcbfec-8861-11f1-b73d-b48c9db4e1b4,11,"[0, 0, 1, 0]",1,0,0,,0.25,4
46,98fcbfec-8861-11f1-b73d-b48c9db4e1b4,11,"[0, 0, 1, 0]",2,1,1,,0.25,4
47,98fcbfec-8861-11f1-b73d-b48c9db4e1b4,11,"[0, 0, 1, 0]",3,0,0,,0.25,4
48,98fcbfec-8861-11f1-b73d-b48c9db4e1b4,12,"[0, 0, 1, 0]",0,0,0,,0.25,4
49,98fcbfec-8861-11f1-b73d-b48c9db4e1b4,12,"[0, 0, 1, 0]",1,0,0,,0.25,4
50,98fcbfec-8861-11f1-b73d-b48c9db4e1b4,12,"[0, 0, 1, 0]",2,1,1,,0.25,4
51,98fcbfec-8861-11f1-b73d-b48c9db4e1b4,12,"[0, 0, 1, 0]",3,0,0,,0.25,4
52,98fcbfec-8861-11f1-b73d-b48c9db4e1b4,13,"[0, 0, 1, 0]",0,0,0,,0.25,4
53,98fcbfec-8861-11f1-b73d-b48c9db4e1b4,13,"[0, 0, 1, 0]",1,0,0,,0.25,4
54,98fcbfec-8861-11f1-b73d-b48c9db4e1b4,13,"[0, 0, 1, 0]",2,1,1,,0.25,4
55,98fcbfec-8861-11f1-b73d-b48c9db4e1b4,13,"[0, 0, 1, 0]",3,0,0,,0.25,4
56,98fcbfec-8861-11f1-b73d-b48c9db4e1b4,14,"[0, 0, 1, 0]",0,0,0,,0.25,4
57,98fcbfec-8861-11f1-b73d-b48c9db4e1b4,14,"[0, 0, 1, 0]",1,0,0,,0.25,4
58,98fcbfec-8861-11f1-b73d-b48c9db4e1b4,14,"[0, 0, 1, 0]",2,1,1,,0.25,4
59,98fcbfec-8861-11f1-b73d-b48c9db4e1b4,14,"[0, 0, 1, 0]",3,0,0,,0.25,4
60,98fcbfec-8861-11f1-b73d-b48c9db4e1b4,15,"[0, 0, 1, 0]",0,0,0,,0.25,4
61,98fcbfec-8861-11f1-b73d-b48c9db4e1b4,15,"[0, 0, 1, 0]",1,0,0,,0.25,4
62,98fcbfec-8861-11f1-b73d-b48c9db4e1b4,15,"[0, 0, 1, 0]",2,1,1,,0.25,4
63,98fcbfec-8861-11f1-b73d-b48c9db4e1b4,15,"[0, 0, 1, 0]",3,0,0,,0.25,4
64,98fcbfec-8861-11f1-b73d-b48c9db4e1b4,16,"[0, 0, 1, 0]",0,0,0,,0.25,4
65,98fcbfec-8861-11f1-b73d-b48c9db4e1b4,16,"[0, 0, 1, 0]",1,0,0,,0.25,4
66,98fcbfec-8861-11f1-b73d-b48c9db4e1b4,16,"[0, 0, 1, 0]",2,1,1,,0.25,4
67,98fcbfec-8861-11f1-b73d-b48c9db4e1b4,16,"[0, 0, 1, 0]",3,0,0,,0.25,4
68,98fcbfec-8861-11f1-b73d-b48c9db4e1b4,17,"[0, 0, 1, 0]",0,0,0,,0.25,4
69,98fcbfec-8861-11f1-b73d-b48c9db4e1b4,17,"[0, 0, 1, 0]",1,0,0,,0.25,4
70,98fcbfec-8861-11f1-b73d-b48c9db4e1b4,17,"[0, 0, 1, 0]",2,1,1,,0.25,4
71,98fcbfec-8861-11f1-b73d-b48c9db4e1b4,17,"[0, 0, 1, 0]",3,0,0,,0.25,4
72,98fcbfec-8861-11f1-b73d-b48c9db4e1b4,18,"[0, 0, 1, 0]",0,0,0,,0.25,4
73,98fcbfec-8861-11f1-b73d-b48c9db4e1b4,18,"[0, 0, 1, 0]",1,0,0,,0.25,4
74,98fcbfec-8861-11f1-b73d-b48c9db4e1b4,18,"[0, 0, 1, 0]",2,1,1,,0.25,4
75,98fcbfec-8861-11f1-b73d-b48c9db4e1b4,18,"[0, 0, 1, 0]",3,0,0,,0.25,4
76,98fcbfec-8861-11f1-b73d-b48c9db4e1b4,19,"[0, 0, 1, 0]",0,0,0,,0.25,4
77,98fcbfec-8861-11f1-b73d-b48c9db4e1b4,19,"[0, 0, 1, 0]",1,0,0,,0.25,4
78,98fcbfec-8861-11f1-b73d-b48c9db4e1b4,19,"[0, 0, 1, 0]",2,1,1,,0.25,4
79,98fcbfec-8861-11f1-b73d-b48c9db4e1b4,19,"[0, 0, 1, 0]",3,0,0,,0.25,4
80,9901184e-8861-11f1-b578-b48c9db4e1b4,0,"[0, 1, 1, 0]",0,0,0,,0.25,4
81,9901184e-8861-11f1-b578-b48c9db4e1b4,0,"[0, 1, 1, 0]",1,1,-1,,0.25,4
82,9901184e-8861-11f1-b578-b48c9db4e1b4,0,"[0, 1, 1, 0]",2,1,-1,,0.25,4
83,9901184e-8861-11f1-b578-b48c9db4e1b4,0,"[0, 1, 1, 0]",3,0,0,,0.25,4
84,9901184e-8861-11f1-b578-b48c9db4e1b4,1,"[0, 0, 1, 0]",0,0,0,,0.25,4
85,9901184e-8861-11f1-b578-b48c9db4e1b4,1,"[0, 0, 1, 0]",1,0,0,,0.25,4
86,9901184e-8861-11f1-b578-b48c9db4e1b4,1,"[0, 0, 1, 0]",2,1,1,,0.25,4
87,9901184e-8861-11f1-b578-b48c9db4e1b4,1,"[0, 0, 1, 0]",3,0,0,,0.25,4
88,9901184e-8861-11f1-b578-b48c9db4e1b4,2,"[0, 0, 1, 0]",0,0,0,,0.25,4
89,9901184e-8861-11f1-b578-b48c9db4e1b4,2,"[0, 0, 1, 0]",1,0,0,,0.25,4
90,9901184e-8861-11f1-b578-b48c9db4e1b4,2,"[0, 0, 1, 0]",2,1,1,,0.25,4
91,9901184e-8861-11f1-b578-b48c9db4e1b4,2,"[0, 0, 1, 0]",3,0,0,,0.25,4
92,9901184e-8861-11f1-b578-b48c9db4e1b4,3,"[0, 0, 1, 0]",0,0,0,,0.25,4
93,9901184e-8861-11f1-b578-b48c9db4e1b4,3,"[0, 0, 1, 0]",1,0,0,,0.25,4
94,9901184e-8861-11f1-b578-b48c9db4e1b4,3,"[0, 0, 1, 0]",2,1,1,,0.25,4
95,9901184e-8861-11f1-b578-b48c9db4e1b4,3,"[0, 0, 1, 0]",3,0,0,,0.25,4
96,9901184e-8861-11f1-b578-b48c9db4e1b4,4,"[0, 0, 1, 0]",0,0,0,,0.25,4
97,9901184e-8861-11f1-b578-b48c9db4e1b4,4,"[0, 0, 1, 0]",1,0,0,,0.25,4
98,9901184e-8861-11f1-b578-b48c9db4e1b4,4,"[0, 0, 1, 0]",2,1,1,,0.25,4
99,9901184e-8861-11f1-b578-b48c9db4e1b4,4,"[0, 0, 1, 0]",3,0,0,,0.25,4
100,9901184e-8861-11f1-b578-b48c9db4e1b4,5,"[0, 0, 1, 0]",0,0,0,,0.25,4
101,9901184e-8861-11f1-b578-b48c9db4e1b4,5,"[0, 0, 1, 0]",1,0,0,,0.25,4
102,9901184e-8861-11f1-b578-b48c9db4e1b4,5,"[0, 0, 1, 0]",2,1,1,,0.25,4
103,9901184e-8861-11f1-b578-b48c9db4e1b4,5,"[0, 0, 1, 0]",3,0,0,,0.25,4
104,9901184e-8861-11f1-b578-b48c9db4e1b4,6,"[0, 0, 1, 0]",0,0,0,,0.25,4
105,9901184e-8861-11f1-b578-b48c9db4e1b4,6,"[0, 0, 1, 0]",1,0,0,,0.25,4
106,9901184e-8861-11f1-b578-b48c9db4e1b4,6,"[0, 0, 1, 0]",2,1,1,,0.25,4
107,9901184e-8861-11f1-b578-b48c9db4e1b4,6,"[0, 0, 1, 0]",3,0,0,,0.25,4
108,9901184e-8861-11f1-b578-b48c9db4e1b4,7,"[0, 0, 1, 0]",0,0,0,,0.25,4
109,9901184e-8861-11f1-b578-b48c9db4e1b4,7,"[0, 0, 1, 0]",1,0,0,,0.25,4
110,9901184e-8861-11f1-b578-b48c9db4e1b4,7,"[0, 0, 1, 0]",2,1,1,,0.25,4
111,9901184e-8861-11f1-b578-b48c9db4e1b4,7,"[0, 0, 1, 0]",3,0,0,,0.25,4
112,9901184e-8861-11f1-b578-b48c9db4e1b4,8,"[0, 0, 1, 0]",0,0,0,,0.25,4
113,9901184e-8861-11f1-b578-b48c9db4e1b4,8,"[0, 0, 1, 0]",1,0,0,,0.25,4
114,9901184e-8861-11f1-b578-b48c9db4e1b4,8,"[0, 0, 1, 0]",2,1,1,,0.25,4
115,9901184e-8861-11f1-b578-b48c9db4e1b4,8,"[0, 0, 1, 0]",3,0,0,,0.25,4
116,9901184e-8861-11f1-b578-b48c9db4e1b4,9,"[0, 0, 1, 0]",0,0,0,,0.25,4
117,9901184e-8861-11f1-b578-b48c9db4e1b4,9,"[0, 0, 1, 0]",1,0,0,,0.25,4
118,9901184e-8861-11f1-b578-b48c9db4e1b4,9,"[0, 0, 1, 0]",2,1,1,,0.25,4
119,9901184e-8861-11f1-b578-b48c9db4e1b4,9,"[0, 0, 1, 0]",3,0,0,,0.25,4
120,9901184e-8861-11f1-b578-b48c9db4e1b4,10,"[0, 0, 1, 0]",0,0,0,,0.25,4
121,9901184e-8861-11f1-b578-b48c9db4e1b4,10,"[0, 0, 1, 0]",1,0,0,,0.25,4
122,9901184e-8861-11f1-b578-b48c9db4e1b4,10,"[0, 0, 1, 0]",2,1,1,,0.25,4
123,9901184e-8861-11f1-b578-b48c9db4e1b4,10,"[0, 0, 1, 0]",3,0,0,,0.25,4
124,9901184e-8861-11f1-b578-b48c9db4e1b4,11,"[0, 0, 1, 0]",0,0,0,,0.25,4
125,9901184e-8861-11f1-b578-b48c9db4e1b4,11,"[0, 0, 1, 0]",1,0,0,,0.25,4
126,9901184e-8861-11f1-b578-b48c9db4e1b4,11,"[0, 0, 1, 0]",2,1,1,,0.25,4
127,9901184e-8861-11f1-b578-b48c9db4e1b4,11,"[0, 0, 1, 0]",3,0,0,,0.25,4
128,9901184e-8861-11f1-b578-b48c9db4e1b4,12,"[0, 0, 1, 0]",0,0,0,,0.25,4
129,9901184e-8861-11f1-b578-b48c9db4e1b4,12,"[0, 0, 1, 0]",1,0,0,,0.25,4
130,9901184e-8861-11f1-b578-b48c9db4e1b4,12,"[0, 0, 1, 0]",2,1,1,,0.25,4
131,9901184e-8861-11f1-b578-b48c9db4e1b4,12,"[0, 0, 1, 0]",3,0,0,,0.25,4
132,9901184e-8861-11f1-b578-b48c9db4e1b4,13,"[0, 0, 1, 0]",0,0,0,,0.25,4
133,9901184e-8861-11f1-b578-b48c9db4e1b4,13,"[0, 0, 1, 0]",1,0,0,,0.25,4
134,9901184e-8861-11f1-b578-b48c9db4e1b4,13,"[0, 0, 1, 0]",2,1,1,,0.25,4
135,9901184e-8861-11f1-b578-b48c9db4e1b4,13,"[0, 0, 1, 0]",3,0,0,,0.25,4
136,9901184e-8861-11f1-b578-b48c9db4e1b4,14,"[0, 0, 1, 0]",0,0,0,,0.25,4
137,9901184e-8861-11f1-b578-b48c9db4e1b4,14,"[0, 0, 1, 0]",1,0,0,,0.25,4
138,9901184e-8861-11f1-b578-b48c9db4e1b4,14,"[0, 0, 1, 0]",2,1,1,,0.25,4
139,9901184e-8861-11f1-b578-b48c9db4e1b4,14,"[0, 0, 1, 0]",3,0,0,,0.25,4
140,9901184e-8861-11f1-b578-b48c9db4e1b4,15,"[0, 0, 1, 0]",0,0,0,,0.25,4
141,9901184e-8861-11f1-b578-b48c9db4e1b4,15,"[0, 0, 1, 0]",1,0,0,,0.25,4
142,9901184e-8861-11f1-b578-b48c9db4e1b4,15,"[0, 0, 1, 0]",2,1,1,,0.25,4
143,9901184e-8861-11f1-b578-b48c9db4e1b4,15,"[0, 0, 1, 0]",3,0,0,,0.25,4
144,9901184e-8861-11f1-b578-b48c9db4e1b4,16,"[0, 0, 1, 0]",0,0,0,,0.25,4
145,9901184e-8861-11f1-b578-b48c9db4e1b4,16,"[0, 0, 1, 0]",1,0,0,,0.25,4
146,9901184e-8861-11f1-b578-b48c9db4e1b4,16,"[0, 0, 1, 0]",2,1,1,,0.25,4
147,9901184e-8861-11f1-b578-b48c9db4e1b4,16,"[0, 0, 1, 0]",3,0,0,,0.25,4
148,9901184e-8861-11f1-b578-b48c9db4e1b4,17,"[0, 0, 1, 0]",0,0,0,,0.25,4
149,9901184e-8861-11f1-b578-b48c9db4e1b4,17,"[0, 0, 1, 0]",1,0,0,,0.25,4
150,9901184e-8861-11f1-b578-b48c9db4e1b4,17,"[0, 0, 1, 0]",2,1,1,,0.25,4
151,9901184e-8861-11f1-b578-b48c9db4e1b4,17,"[0, 0, 1, 0]",3,0,0,,0.25,4
152,9901184e-8861-11f1-b578-b48c9db4e1b4,18,"[0, 0, 1, 0]",0,0,0,,0.25,4
153,9901184e-8861-11f1-b578-b48c9db4e1b4,18,"[0, 0, 1, 0]",1,0,0,,0.25,4
154,9901184e-8861-11f1-b578-b48c9db4e1b4,18,"[0, 0, 1, 0]",2,1,1,,0.25,4
155,9901184e-8861-11f1-b578-b48c9db4e1b4,18,"[0, 0, 1, 0]",3,0,0,,0.25,4
156,9901184e-8861-11f1-b578-b48c9db4e1b4,19,"[0, 0, 1, 0]",0,0,0,,0.25,4
157,9901184e-8861-11f1-b578-b48c9db4e1b4,19,"[0, 0, 1, 0]",1,0,0,,0.25,4
158,9901184e-8861-11f1-b578-b48c9db4e1b4,19,"[0, 0, 1, 0]",2,1,1,,0.25,4
159,9901184e-8861-11f1-b578-b48c9db4e1b4,19,"[0, 0, 1, 0]",3,0,0,,0.25,4
160,99047cf1-8861-11f1-a6d5-b48c9db4e1b4,0,"[0, 0, 1, 1]",0,0,0,,0.25,4
161,99047cf1-8861-11f1-a6d5-b48c9db4e1b4,0,"[0, 0, 1, 1]",1,0,0,,0.25,4
162,99047cf1-8861-11f1-a6d5-b48c9db4e1b4,0,"[0, 0, 1, 1]",2,1,-1,,0.25,4
163,99047cf1-8861-11f1-a6d5-b48c9db4e1b4,0,"[0, 0, 1, 1]",3,1,-1,,0.25,4
164,99047cf1-8861-11f1-a6d5-b48c9db4e1b4,1,"[0, 0, 1, 0]",0,0,0,,0.25,4
165,99047cf1-8861-11f1-a6d5-b48c9db4e1b4,1,"[0, 0, 1, 0]",1,0,0,,0.25,4
166,99047cf1-8861-11f1-a6d5-b48c9db4e1b4,1,"[0, 0, 1, 0]",2,1,1,,0.25,4
167,99047cf1-8861-11f1-a6d5-b48c9db4e1b4,1,"[0, 0, 1, 0]",3,0,0,,0.25,4
168,99047cf1-8861-11f1-a6d5-b48c9db4e1b4,2,"[0, 0, 1, 0]",0,0,0,,0.25,4
169,99047cf1-8861-11f1-a6d5-b48c9db4e1b4,2,"[0, 0, 1, 0]",1,0,0,,0.25,4
170,99047cf1-8861-11f1-a6d5-b48c9db4e1b4,2,"[0, 0, 1, 0]",2,1,1,,0.25,4
171,99047cf1-8861-11f1-a6d5-b48c9db4e1b4,2,"[0, 0, 1, 0]",3,0,0,,0.25,4
172,99047cf1-8861-11f1-a6d5-b48c9db4e1b4,3,"[0, 0, 1, 0]",0,0,0,,0.25,4
173,99047cf1-8861-11f1-a6d5-b48c9db4e1b4,3,"[0, 0, 1, 0]",1,0,0,,0.25,4
174,99047cf1-8861-11f1-a6d5-b48c9db4e1b4,3,"[0, 0, 1, 0]",2,1,1,,0.25,4
175,99047cf1-8861-11f1-a6d5-b48c9db4e1b4,3,"[0, 0, 1, 0]",3,0,0,,0.25,4
176,99047cf1-8861-11f1-a6d5-b48c9db4e1b4,4,"[0, 0, 1, 0]",0,0,0,,0.25,4
177,99047cf1-8861-11f1-a6d5-b48c9db4e1b4,4,"[0, 0, 1, 0]",1,0,0,,0.25,4
178,99047cf1-8861-11f1-a6d5-b48c9db4e1b4,4,"[0, 0, 1, 0]",2,1,1,,0.25,4
179,99047cf1-8861-11f1-a6d5-b48c9db4e1b4,4,"[0, 0, 1, 0]",3,0,0,,0.25,4
180,99047cf1-8861-11f1-a6d5-b48c9db4e1b4,5,"[0, 0, 1, 0]",0,0,0,,0.25,4
181,99047cf1-8861-11f1-a6d5-b48c9db4e1b4,5,"[0, 0, 1, 0]",1,0,0,,0.25,4
182,99047cf1-8861-11f1-a6d5-b48c9db4e1b4,5,"[0, 0, 1, 0]",2,1,1,,0.25,4
183,99047cf1-8861-11f1-a6d5-b48c9db4e1b4,5,"[0, 0, 1, 0]",3,0,0,,0.25,4
184,99047cf1-8861-11f1-a6d5-b48c9db4e1b4,6,"[0, 0, 1, 0]",0,0,0,,0.25,4
185,99047cf1-8861-11f1-a6d5-b48c9db4e1b4,6,"[0, 0, 1, 0]",1,0,0,,0.25,4
186,99047cf1-8861-11f1-a6d5-b48c9db4e1b4,6,"[0, 0, 1, 0]",2,1,1,,0.25,4
187,99047cf1-8861-11f1-a6d5-b48c9db4e1b4,6,"[0, 0, 1, 0]",3,0,0,,0.25,4
188,99047cf1-8861-11f1-a6d5-b48c9db4e1b4,7,"[0, 0, 1, 0]",0,0,0,,0.25,4
189,99047cf1-8861-11f1-a6d5-b48c9db4e1b4,7,"[0, 0, 1, 0]",1,0,0,,0.25,4
190,99047cf1-8861-11f1-a6d5-b48c9db4e1b4,7,"[0, 0, 1, 0]",2,1,1,,0.25,4
191,99047cf1-8861-11f1-a6d5-b48c9db4e1b4,7,"[0, 0, 1, 0]",3,0,0,,0.25,4
192,99047cf1-8861-11f1-a6d5-b48c9db4e1b4,8,"[0, 0, 1, 0]",0,0,0,,0.25,4
193,99047cf1-8861-11f1-a6d5-b48c9db4e1b4,8,"[0, 0, 1, 0]",1,0,0,,0.25,4
194,99047cf1-8861-11f1-a6d5-b48c9db4e1b4,8,"[0, 0, 1, 0]",2,1,1,,0.25,4
195,99047cf1-8861-11f1-a6d5-b48c9db4e1b4,8,"[0, 0, 1, 0]",3,0,0,,0.25,4
196,99047cf1-8861-11f1-a6d5-b48c9db4e1b4,9,"[0, 0, 1, 0]",0,0,0,,0.25,4
197,99047cf1-8861-11f1-a6d5-b48c9db4e1b4,9,"[0, 0, 1, 0]",1,0,0,,0.25,4
198,99047cf1-8861-11f1-a6d5-b48c9db4e1b4,9,"[0, 0, 1, 0]",2,1,1,,0.25,4
199,99047cf1-8861-11f1-a6d5-b48c9db4e1b4,9,"[0, 0, 1, 0]",3,0,0,,0.25,4
200,99047cf1-8861-11f1-a6d5-b48c9db4e1b4,10,"[0, 0, 1, 0]",0,0,0,,0.25,4
201,99047cf1-8861-11f1-a6d5-b48c9db4e1b4,10,"[0, 0, 1, 0]",1,0,0,,0.25,4
202,99047cf1-8861-11f1-a6d5-b48c9db4e1b4,10,"[0, 0, 1, 0]",2,1,1,,0.25,4
203,99047cf1-8861-11f1-a6d5-b48c9db4e1b4,10,"[0, 0, 1, 0]",3,0,0,,0.25,4
204,99047cf1-8861-11f1-a6d5-b48c9db4e1b4,11,"[0, 0, 1, 0]",0,0,0,,0.25,4
205,99047cf1-8861-11f1-a6d5-b48c9db4e1b4,11,"[0, 0, 1, 0]",1,0,0,,0.25,4
206,99047cf1-8861-11f1-a6d5-b48c9db4e1b4,11,"[0, 0, 1, 0]",2,1,1,,0.25,4
207,99047cf1-8861-11f1-a6d5-b48c9db4e1b4,11,"[0, 0, 1, 0]",3,0,0,,0.25,4
208,99047cf1-8861-11f1-a6d5-b48c9db4e1b4,12,"[0, 0, 1, 0]",0,0,0,,0.25,4
209,99047cf1-8861-11f1-a6d5-b48c9db4e1b4,12,"[0, 0, 1, 0]",1,0,0,,0.25,4
210,99047cf1-8861-11f1-a6d5-b48c9db4e1b4,12,"[0, 0, 1, 0]",2,1,1,,0.25,4
211,99047cf1-8861-11f1-a6d5-b48c9db4e1b4,12,"[0, 0, 1, 0]",3,0,0,,0.25,4
212,99047cf1-8861-11f1-a6d5-b48c9db4e1b4,13,"[0, 0, 1, 0]",0,0,0,,0.25,4
213,99047cf1-8861-11f1-a6d5-b48c9db4e1b4,13,"[0, 0, 1, 0]",1,0,0,,0.25,4
214,99047cf1-8861-11f1-a6d5-b48c9db4e1b4,13,"[0, 0, 1, 0]",2,1,1,,0.25,4
215,99047cf1-8861-11f1-a6d5-b48c9db4e1b4,13,"[0, 0, 1, 0]",3,0,0,,0.25,4
216,99047cf1-8861-11f1-a6d5-b48c9db4e1b4,14,"[0, 0, 1, 0]",0,0,0,,0.25,4
217,99047cf1-8861-11f1-a6d5-b48c9db4e1b4,14,"[0, 0, 1, 0]",1,0,0,,0.25,4
218,99047cf1-8861-11f1-a6d5-b48c9db4e1b4,14,"[0, 0, 1, 0]",2,1,1,,0.25,4
219,99047cf1-8861-11f1-a6d5-b48c9db4e1b4,14,"[0, 0, 1, 0]",3,0,0,,0.25,4
220,99047cf1-8861-11f1-a6d5-b48c9db4e1b4,15,"[0, 0, 1, 0]",0,0,0,,0.25,4
221,99047cf1-8861-11f1-a6d5-b48c9db4e1b4,15,"[0, 0, 1, 0]",1,0,0,,0.25,4
222,99047cf1-8861-11f1-a6d5-b48c9db4e1b4,15,"[0, 0, 1, 0]",2,1,1,,0.25,4
223,99047cf1-8861-11f1-a6d5-b48c9db4e1b4,15,"[0, 0, 1, 0]",3,0,0,,0.25,4
224,99047cf1-8861-11f1-a6d5-b48c9db4e1b4,16,"[0, 0, 1, 0]",0,0,0,,0.25,4
225,99047cf1-8861-11f1-a6d5-b48c9db4e1b4,16,"[0, 0, 1, 0]",1,0,0,,0.25,4
226,99047cf1-8861-11f1-a6d5-b48c9db4e1b4,16,"[0, 0, 1, 0]",2,1,1,,0.25,4
227,99047cf1-8861-11f1-a6d5-b48c9db4e1b4,16,"[0, 0, 1, 0]",3,0,0,,0.25,4
228,99047cf1-8861-11f1-a6d5-b48c9db4e1b4,17,"[0, 0, 1, 0]",0,0,0,,0.25,4
229,99047cf1-8861-11f1-a6d5-b48c9db4e1b4,17,"[0, 0, 1, 0]",1,0,0,,0.25,4
230,99047cf1-8861-11f1-a6d5-b48c9db4e1b4,17,"[0, 0, 1, 0]",2,1,1,,0.25,4
231,99047cf1-8861-11f1-a6d5-b48c9db4e1b4,17,"[0, 0, 1, 0]",3,0,0,,0.25,4
232,99047cf1-8861-11f1-a6d5-b48c9db4e1b4,18,"[0, 0, 1, 0]",0,0,0,,0.25,4
233,99047cf1-8861-11f1-a6d5-b48c9db4e1b4,18,"[0, 0, 1, 0]",1,0,0,,0.25,4
234,99047cf1-8861-11f1-a6d5-b48c9db4e1b4,18,"[0, 0, 1, 0]",2,1,1,,0.25,4
235,99047cf1-8861-11f1-a6d5-b48c9db4e1b4,18,"[0, 0, 1, 0]",3,0,0,,0.25,4
236,99047cf1-8861-11f1-a6d5-b48c9db4e1b4,19,"[0, 0, 1, 0]",0,0,0,,0.25,4
237,99047cf1-8861-11f1-a6d5-b48c9db4e1b4,19,"[0, 0, 1, 0]",1,0,0,,0.25,4
238,99047cf1-8861-11f1-a6d5-b48c9db4e1b4,19,"[0, 0, 1, 0]",2,1,1,,0.25,4
239,99047cf1-8861-11f1-a6d5-b48c9db4e1b4,19,"[0, 0, 1, 0]",3,0,0,,0.25,4
240,9907d6bb-8861-11f1-b36f-b48c9db4e1b4,0,"[1, 1, 1, 0]",0,1,-1,,0.25,4
241,9907d6bb-8861-11f1-b36f-b48c9db4e1b4,0,"[1, 1, 1, 0]",1,1,-1,,0.25,4
242,9907d6bb-8861-11f1-b36f-b48c9db4e1b4,0,"[1, 1, 1, 0]",2,1,-1,,0.25,4
243,9907d6bb-8861-11f1-b36f-b48c9db4e1b4,0,"[1, 1, 1, 0]",3,0,0,,0.25,4
244,9907d6bb-8861-11f1-b36f-b48c9db4e1b4,1,"[0, 0, 1, 0]",0,0,0,,0.25,4
245,9907d6bb-8861-11f1-b36f-b48c9db4e1b4,1,"[0, 0, 1, 0]",1,0,0,,0.25,4
246,9907d6bb-8861-11f1-b36f-b48c9db4e1b4,1,"[0, 0, 1, 0]",2,1,1,,0.25,4
247,9907d6bb-8861-11f1-b36f-b48c9db4e1b4,1,"[0, 0, 1, 0]",3,0,0,,0.25,4
248,9907d6bb-8861-11f1-b36f-b48c9db4e1b4,2,"[0, 0, 1, 0]",0,0,0,,0.25,4
249,9907d6bb-8861-11f1-b36f-b48c9db4e1b4,2,"[0, 0, 1, 0]",1,0,0,,0.25,4
250,9907d6bb-8861-11f1-b36f-b48c9db4e1b4,2,"[0, 0, 1, 0]",2,1,1,,0.25,4
251,9907d6bb-8861-11f1-b36f-b48c9db4e1b4,2,"[0, 0, 1, 0]",3,0,0,,0.25,4
252,9907d6bb-8861-11f1-b36f-b48c9db4e1b4,3,"[0, 0, 1, 0]",0,0,0,,0.25,4
253,9907d6bb-8861-11f1-b36f-b48c9db4e1b4,3,"[0, 0, 1, 0]",1,0,0,,0.25,4
254,9907d6bb-8861-11f1-b36f-b48c9db4e1b4,3,"[0, 0, 1, 0]",2,1,1,,0.25,4
255,9907d6bb-8861-11f1-b36f-b48c9db4e1b4,3,"[0, 0, 1, 0]",3,0,0,,0.25,4
256,9907d6bb-8861-11f1-b36f-b48c9db4e1b4,4,"[0, 0, 1, 0]",0,0,0,,0.25,4
257,9907d6bb-8861-11f1-b36f-b48c9db4e1b4,4,"[0, 0, 1, 0]",1,0,0,,0.25,4
258,9907d6bb-8861-11f1-b36f-b48c9db4e1b4,4,"[0, 0, 1, 0]",2,1,1,,0.25,4
259,9907d6bb-8861-11f1-b36f-b48c9db4e1b4,4,"[0, 0, 1, 0]",3,0,0,,0.25,4
260,9907d6bb-8861-11f1-b36f-b48c9db4e1b4,5,"[0, 0, 1, 0]",0,0,0,,0.25,4
261,9907d6bb-8861-11f1-b36f-b48c9db4e1b4,5,"[0, 0, 1, 0]",1,0,0,,0.25,4
262,9907d6bb-8861-11f1-b36f-b48c9db4e1b4,5,"[0, 0, 1, 0]",2,1,1,,0.25,4
263,9907d6bb-8861-11f1-b36f-b48c9db4e1b4,5,"[0, 0, 1, 0]",3,0,0,,0.25,4
264,9907d6bb-8861-11f1-b36f-b48c9db4e1b4,6,"[0, 0, 1, 0]",0,0,0,,0.25,4
265,9907d6bb-8861-11f1-b36f-b48c9db4e1b4,6,"[0, 0, 1, 0]",1,0,0,,0.25,4
266,9907d6bb-8861-11f1-b36f-b48c9db4e1b4,6,"[0, 0, 1, 0]",2,1,1,,0.25,4
267,9907d6bb-8861-11f1-b36f-b48c9db4e1b4,6,"[0, 0, 1, 0]",3,0,0,,0.25,4
268,9907d6bb-8861-11f1-b36f-b48c9db4e1b4,7,"[0, 0, 1, 0]",0,0,0,,0.25,4
269,9907d6bb-8861-11f1-b36f-b48c9db4e1b4,7,"[0, 0, 1, 0]",1,0,0,,0.25,4
270,9907d6bb-8861-11f1-b36f-b48c9db4e1b4,7,"[0, 0, 1, 0]",2,1,1,,0.25,4
271,9907d6bb-8861-11f1-b36f-b48c9db4e1b4,7,"[0, 0, 1, 0]",3,0,0,,0.25,4
272,9907d6bb-8861-11f1-b36f-b48c9db4e1b4,8,"[0, 0, 1, 0]",0,0,0,,0.25,4
273,9907d6bb-8861-11f1-b36f-b48c9db4e1b4,8,"[0, 0, 1, 0]",1,0,0,,0.25,4
274,9907d6bb-8861-11f1-b36f-b48c9db4e1b4,8,"[0, 0, 1, 0]",2,1,1,,0.25,4
275,9907d6bb-8861-11f1-b36f-b48c9db4e1b4,8,"[0, 0, 1, 0]",3,0,0,,0.25,4
276,9907d6bb-8861-11f1-b36f-b48c9db4e1b4,9,"[0, 0, 1, 0]",0,0,0,,0.25,4
277,9907d6bb-8861-11f1-b36f-b48c9db4e1b4,9,"[0, 0, 1, 0]",1,0,0,,0.25,4
278,9907d6bb-8861-11f1-b36f-b48c9db4e1b4,9,"[0, 0, 1, 0]",2,1,1,,0.25,4
279,9907d6bb-8861-11f1-b36f-b48c9db4e1b4,9,"[0, 0, 1, 0]",3,0,0,,0.25,4
280,9907d6bb-8861-11f1-b36f-b48c9db4e1b4,10,"[0, 0, 1, 0]",0,0,0,,0.25,4
281,9907d6bb-8861-11f1-b36f-b48c9db4e1b4,10,"[0, 0, 1, 0]",1,0,0,,0.25,4
282,9907d6bb-8861-11f1-b36f-b48c9db4e1b4,10,"[0, 0, 1, 0]",2,1,1,,0.25,4
283,9907d6bb-8861-11f1-b36f-b48c9db4e1b4,10,"[0, 0, 1, 0]",3,0,0,,0.25,4
284,9907d6bb-8861-11f1-b36f-b48c9db4e1b4,11,"[0, 0, 1, 0]",0,0,0,,0.25,4
285,9907d6bb-8861-11f1-b36f-b48c9db4e1b4,11,"[0, 0, 1, 0]",1,0,0,,0.25,4
286,9907d6bb-8861-11f1-b36f-b48c9db4e1b4,11,"[0, 0, 1, 0]",2,1,1,,0.25,4
287,9907d6bb-8861-11f1-b36f-b48c9db4e1b4,11,"[0, 0, 1, 0]",3,0,0,,0.25,4
288,9907d6bb-8861-11f1-b36f-b48c9db4e1b4,12,"[0, 0, 1, 0]",0,0,0,,0.25,4
289,9907d6bb-8861-11f1-b36f-b48c9db4e1b4,12,"[0, 0, 1, 0]",1,0,0,,0.25,4
290,9907d6bb-8861-11f1-b36f-b48c9db4e1b4,12,"[0, 0, 1, 0]",2,1,1,,0.25,4
291,9907d6bb-8861-11f1-b36f-b48c9db4e1b4,12,"[0, 0, 1, 0]",3,0,0,,0.25,4
292,9907d6bb-8861-11f1-b36f-b48c9db4e1b4,13,"[0, 0, 1, 0]",0,0,0,,0.25,4
293,9907d6bb-8861-11f1-b36f-b48c9db4e1b4,13,"[0, 0, 1, 0]",1,0,0,,0.25,4
294,9907d6bb-8861-11f1-b36f-b48c9db4e1b4,13,"[0, 0, 1, 0]",2,1,1,,0.25,4
295,9907d6bb-8861-11f1-b36f-b48c9db4e1b4,13,"[0, 0, 1, 0]",3,0,0,,0.25,4
296,9907d6bb-8861-11f1-b36f-b48c9db4e1b4,14,"[0, 0, 1, 0]",0,0,0,,0.25,4
297,9907d6bb-8861-11f1-b36f-b48c9db4e1b4,14,"[0, 0, 1, 0]",1,0,0,,0.25,4
298,9907d6bb-8861-11f1-b36f-b48c9db4e1b4,14,"[0, 0, 1, 0]",2,1,1,,0.25,4
299,9907d6bb-8861-11f1-b36f-b48c9db4e1b4,14,"[0, 0, 1, 0]",3,0,0,,0.25,4
300,9907d6bb-8861-11f1-b36f-b48c9db4e1b4,15,"[0, 0, 1, 0]",0,0,0,,0.25,4
301,9907d6bb-8861-11f1-b36f-b48c9db4e1b4,15,"[0, 0, 1, 0]",1,0,0,,0.25,4
302,9907d6bb-8861-11f1-b36f-b48c9db4e1b4,15,"[0, 0, 1, 0]",2,1,1,,0.25,4
303,9907d6bb-8861-11f1-b36f-b48c9db4e1b4,15,"[0, 0, 1, 0]",3,0,0,,0.25,4
304,9907d6bb-8861-11f1-b36f-b48c9db4e1b4,16,"[0, 0, 1, 0]",0,0,0,,0.25,4
305,9907d6bb-8861-11f1-b36f-b48c9db4e1b4,16,"[0, 0, 1, 0]",1,0,0,,0.25,4
306,9907d6bb-8861-11f1-b36f-b48c9db4e1b4,16,"[0, 0, 1, 0]",2,1,1,,0.25,4
307,9907d6bb-8861-11f1-b36f-b48c9db4e1b4,16,"[0, 0, 1, 0]",3,0,0,,0.25,4
308,9907d6bb-8861-11f1-b36f-b48c9db4e1b4,17,"[0, 0, 1, 0]",0,0,0,,0.25,4
309,9907d6bb-8861-11f1-b36f-b48c9db4e1b4,17,"[0, 0, 1, 0]",1,0,0,,0.25,4
310,9907d6bb-8861-11f1-b36f-b48c9db4e1b4,17,"[0, 0, 1, 0]",2,1,1,,0.25,4
311,9907d6bb-8861-11f1-b36f-b48c9db4e1b4,17,"[0, 0, 1, 0]",3,0,0,,0.25,4
312,9907d6bb-8861-11f1-b36f-b48c9db4e1b4,18,"[0, 0, 1, 0]",0,0,0,,0.25,4
313,9907d6bb-8861-11f1-b36f-b48c9db4e1b4,18,"[0, 0, 1, 0]",1,0,0,,0.25,4
314,9907d6bb-8861-11f1-b36f-b48c9db4e1b4,18,"[0, 0, 1, 0]",2,1,1,,0.25,4
315,9907d6bb-8861-11f1-b36f-b48c9db4e1b4,18,"[0, 0, 1, 0]",3,0,0,,0.25,4
316,9907d6bb-8861-11f1-b36f-b48c9db4e1b4,19,"[0, 0, 1, 0]",0,0,0,,0.25,4
317,9907d6bb-8861-11f1-b36f-b48c9db4e1b4,19,"[0, 0, 1, 0]",1,0,0,,0.25,4
318,9907d6bb-8861-11f1-b36f-b48c9db4e1b4,19,"[0, 0, 1, 0]",2,1,1,,0.25,4
319,9907d6bb-8861-11f1-b36f-b48c9db4e1b4,19,"[0, 0, 1, 0]",3,0,0,,0.25,4
320,990b2c22-8861-11f1-b7bf-b48c9db4e1b4,0,"[0, 1, 1, 1]",0,0,0,,0.25,4
321,990b2c22-8861-11f1-b7bf-b48c9db4e1b4,0,"[0, 1, 1, 1]",1,1,-1,,0.25,4
322,990b2c22-8861-11f1-b7bf-b48c9db4e1b4,0,"[0, 1, 1, 1]",2,1,-1,,0.25,4
323,990b2c22-8861-11f1-b7bf-b48c9db4e1b4,0,"[0, 1, 1, 1]",3,1,-1,,0.25,4
324,990b2c22-8861-11f1-b7bf-b48c9db4e1b4,1,"[0, 0, 1, 0]",0,0,0,,0.25,4
325,990b2c22-8861-11f1-b7bf-b48c9db4e1b4,1,"[0, 0, 1, 0]",1,0,0,,0.25,4
326,990b2c22-8861-11f1-b7bf-b48c9db4e1b4,1,"[0, 0, 1, 0]",2,1,1,,0.25,4
327,990b2c22-8861-11f1-b7bf-b48c9db4e1b4,1,"[0, 0, 1, 0]",3,0,0,,0.25,4
328,990b2c22-8861-11f1-b7bf-b48c9db4e1b4,2,"[0, 0, 1, 0]",0,0,0,,0.25,4
329,990b2c22-8861-11f1-b7bf-b48c9db4e1b4,2,"[0, 0, 1, 0]",1,0,0,,0.25,4
330,990b2c22-8861-11f1-b7bf-b48c9db4e1b4,2,"[0, 0, 1, 0]",2,1,1,,0.25,4
331,990b2c22-8861-11f1-b7bf-b48c9db4e1b4,2,"[0, 0, 1, 0]",3,0,0,,0.25,4
332,990b2c22-8861-11f1-b7bf-b48c9db4e1b4,3,"[0, 0, 1, 0]",0,0,0,,0.25,4
333,990b2c22-8861-11f1-b7bf-b48c9db4e1b4,3,"[0, 0, 1, 0]",1,0,0,,0.25,4
334,990b2c22-8861-11f1-b7bf-b48c9db4e1b4,3,"[0, 0, 1, 0]",2,1,1,,0.25,4
335,990b2c22-8861-11f1-b7bf-b48c9db4e1b4,3,"[0, 0, 1, 0]",3,0,0,,0.25,4
336,990b2c22-8861-11f1-b7bf-b48c9db4e1b4,4,"[0, 0, 1, 0]",0,0,0,,0.25,4
337,990b2c22-8861-11f1-b7bf-b48c9db4e1b4,4,"[0, 0, 1, 0]",1,0,0,,0.25,4
338,990b2c22-8861-11f1-b7bf-b48c9db4e1b4,4,"[0, 0, 1, 0]",2,1,1,,0.25,4
339,990b2c22-8861-11f1-b7bf-b48c9db4e1b4,4,"[0, 0, 1, 0]",3,0,0,,0.25,4
340,990b2c22-8861-11f1-b7bf-b48c9db4e1b4,5,"[0, 0, 1, 0]",0,0,0,,0.25,4
341,990b2c22-8861-11f1-b7bf-b48c9db4e1b4,5,"[0, 0, 1, 0]",1,0,0,,0.25,4
342,990b2c22-8861-11f1-b7bf-b48c9db4e1b4,5,"[0, 0, 1, 0]",2,1,1,,0.25,4
343,990b2c22-8861-11f1-b7bf-b48c9db4e1b4,5,"[0, 0, 1, 0]",3,0,0,,0.25,4
344,990b2c22-8861-11f1-b7bf-b48c9db4e1b4,6,"[0, 0, 1, 0]",0,0,0,,0.25,4
345,990b2c22-8861-11f1-b7bf-b48c9db4e1b4,6,"[0, 0, 1, 0]",1,0,0,,0.25,4
346,990b2c22-8861-11f1-b7bf-b48c9db4e1b4,6,"[0, 0, 1, 0]",2,1,1,,0.25,4
347,990b2c22-8861-11f1-b7bf-b48c9db4e1b4,6,"[0, 0, 1, 0]",3,0,0,,0.25,4
348,990b2c22-8861-11f1-b7bf-b48c9db4e1b4,7,"[0, 0, 1, 0]",0,0,0,,0.25,4
349,990b2c22-8861-11f1-b7bf-b48c9db4e1b4,7,"[0, 0, 1, 0]",1,0,0,,0.25,4
350,990b2c22-8861-11f1-b7bf-b48c9db4e1b4,7,"[0, 0, 1, 0]",2,1,1,,0.25,4
351,990b2c22-8861-11f1-b7bf-b48c9db4e1b4,7,"[0, 0, 1, 0]",3,0,0,,0.25,4
352,990b2c22-8861-11f1-b7bf-b48c9db4e1b4,8,"[0, 0, 1, 0]",0,0,0,,0.25,4
353,990b2c22-8861-11f1-b7bf-b48c9db4e1b4,8,"[0, 0, 1, 0]",1,0,0,,0.25,4
354,990b2c22-8861-11f1-b7bf-b48c9db4e1b4,8,"[0, 0, 1, 0]",2,1,1,,0.25,4
355,990b2c22-8861-11f1-b7bf-b48c9db4e1b4,8,"[0, 0, 1, 0]",3,0,0,,0.25,4
356,990b2c22-8861-11f1-b7bf-b48c9db4e1b4,9,"[0, 0, 1, 0]",0,0,0,,0.25,4
357,990b2c22-8861-11f1-b7bf-b48c9db4e1b4,9,"[0, 0, 1, 0]",1,0,0,,0.25,4
358,990b2c22-8861-11f1-b7bf-b48c9db4e1b4,9,"[0, 0, 1, 0]",2,1,1,,0.25,4
359,990b2c22-8861-11f1-b7bf-b48c9db4e1b4,9,"[0, 0, 1, 0]",3,0,0,,0.25,4
360,990b2c22-8861-11f1-b7bf-b48c9db4e1b4,10,"[0, 0, 1, 0]",0,0,0,,0.25,4
361,990b2c22-8861-11f1-b7bf-b48c9db4e1b4,10,"[0, 0, 1, 0]",1,0,0,,0.25,4
362,990b2c22-8861-11f1-b7bf-b48c9db4e1b4,10,"[0, 0, 1, 0]",2,1,1,,0.25,4
363,990b2c22-8861-11f1-b7bf-b48c9db4e1b4,10,"[0, 0, 1, 0]",3,0,0,,0.25,4
364,990b2c22-8861-11f1-b7bf-b48c9db4e1b4,11,"[0, 0, 1, 0]",0,0,0,,0.25,4
365,990b2c22-8861-11f1-b7bf-b48c9db4e1b4,11,"[0, 0, 1, 0]",1,0,0,,0.25,4
366,990b2c22-8861-11f1-b7bf-b48c9db4e1b4,11,"[0, 0, 1, 0]",2,1,1,,0.25,4
367,990b2c22-8861-11f1-b7bf-b48c9db4e1b4,11,"[0, 0, 1, 0]",3,0,0,,0.25,4
368,990b2c22-8861-11f1-b7bf-b48c9db4e1b4,12,"[0, 0, 1, 0]",0,0,0,,0.25,4
369,990b2c22-8861-11f1-b7bf-b48c9db4e1b4,12,"[0, 0, 1, 0]",1,0,0,,0.25,4
370,990b2c22-8861-11f1-b7bf-b48c9db4e1b4,12,"[0, 0, 1, 0]",2,1,1,,0.25,4
371,990b2c22-8861-11f1-b7bf-b48c9db4e1b4,12,"[0, 0, 1, 0]",3,0,0,,0.25,4
372,990b2c22-8861-11f1-b7bf-b48c9db4e1b4,13,"[0, 0, 1, 0]",0,0,0,,0.25,4
373,990b2c22-8861-11f1-b7bf-b48c9db4e1b4,13,"[0, 0, 1, 0]",1,0,0,,0.25,4
374,990b2c22-8861-11f1-b7bf-b48c9db4e1b4,13,"[0, 0, 1, 0]",2,1,1,,0.25,4
375,990b2c22-8861-11f1-b7bf-b48c9db4e1b4,13,"[0, 0, 1, 0]",3,0,0,,0.25,4
376,990b2c22-8861-11f1-b7bf-b48c9db4e1b4,14,"[0, 0, 1, 0]",0,0,0,,0.25,4
377,990b2c22-8861-11f1-b7bf-b48c9db4e1b4,14,"[0, 0, 1, 0]",1,0,0,,0.25,4
378,990b2c22-8861-11f1-b7bf-b48c9db4e1b4,14,"[0, 0, 1, 0]",2,1,1,,0.25,4
379,990b2c22-8861-11f1-b7bf-b48c9db4e1b4,14,"[0, 0, 1, 0]",3,0,0,,0.25,4
380,990b2c22-8861-11f1-b7bf-b48c9db4e1b4,15,"[0, 0, 1, 0]",0,0,0,,0.25,4
381,990b2c22-8861-11f1-b7bf-b48c9db4e1b4,15,"[0, 0, 1, 0]",1,0,0,,0.25,4
382,990b2c22-8861-11f1-b7bf-b48c9db4e1b4,15,"[0, 0, 1, 0]",2,1,1,,0.25,4
383,990b2c22-8861-11f1-b7bf-b48c9db4e1b4,15,"[0, 0, 1, 0]",3,0,0,,0.25,4
384,990b2c22-8861-11f1-b7bf-b48c9db4e1b4,16,"[0, 0, 1, 0]",0,0,0,,0.25,4
385,990b2c22-8861-11f1-b7bf-b48c9db4e1b4,16,"[0, 0, 1, 0]",1,0,0,,0.25,4
386,990b2c22-8861-11f1-b7bf-b48c9db4e1b4,16,"[0, 0, 1, 0]",2,1,1,,0.25,4
387,990b2c22-8861-11f1-b7bf-b48c9db4e1b4,16,"[0, 0, 1, 0]",3,0,0,,0.25,4
388,990b2c22-8861-11f1-b7bf-b48c9db4e1b4,17,"[0, 0, 1, 0]",0,0,0,,0.25,4
389,990b2c22-8861-11f1-b7bf-b48c9db4e1b4,17,"[0, 0, 1, 0]",1,0,0,,0.25,4
390,990b2c22-8861-11f1-b7bf-b48c9db4e1b4,17,"[0, 0, 1, 0]",2,1,1,,0.25,4
391,990b2c22-8861-11f1-b7bf-b48c9db4e1b4,17,"[0, 0, 1, 0]",3,0,0,,0.25,4
392,990b2c22-8861-11f1-b7bf-b48c9db4e1b4,18,"[0, 0, 1, 0]",0,0,0,,0.25,4
393,990b2c22-8861-11f1-b7bf-b48c9db4e1b4,18,"[0, 0, 1, 0]",1,0,0,,0.25,4
394,990b2c22-8861-11f1-b7bf-b48c9db4e1b4,18,"[0, 0, 1, 0]",2,1,1,,0.25,4
395,990b2c22-8861-11f1-b7bf-b48c9db4e1b4,18,"[0, 0, 1, 0]",3,0,0,,0.25,4
396,990b2c22-8861-11f1-b7bf-b48c9db4e1b4,19,"[0, 0, 1, 0]",0,0,0,,0.25,4
397,990b2c22-8861-11f1-b7bf-b48c9db4e1b4,19,"[0, 0, 1, 0]",1,0,0,,0.25,4
398,990b2c22-8861-11f1-b7bf-b48c9db4e1b4,19,"[0, 0, 1, 0]",2,1,1,,0.25,4
399,990b2c22-8861-11f1-b7bf-b48c9db4e1b4,19,"[0, 0, 1, 0]",3,0,0,,0.25,4
400,990ee599-8861-11f1-ba18-b48c9db4e1b4,0,"[1, 1, 0, 0]",0,1,-1,,0.25,4
401,990ee599-8861-11f1-ba18-b48c9db4e1b4,0,"[1, 1, 0, 0]",1,1,-1,,0.25,4
402,990ee599-8861-11f1-ba18-b48c9db4e1b4,0,"[1, 1, 0, 0]",2,0,0,,0.25,4
403,990ee599-8861-11f1-ba18-b48c9db4e1b4,0,"[1, 1, 0, 0]",3,0,0,,0.25,4
404,990ee599-8861-11f1-ba18-b48c9db4e1b4,1,"[0, 0, 1, 0]",0,0,0,,0.25,4
405,990ee599-8861-11f1-ba18-b48c9db4e1b4,1,"[0, 0, 1, 0]",1,0,0,,0.25,4
406,990ee599-8861-11f1-ba18-b48c9db4e1b4,1,"[0, 0, 1, 0]",2,1,1,,0.25,4
407,990ee599-8861-11f1-ba18-b48c9db4e1b4,1,"[0, 0, 1, 0]",3,0,0,,0.25,4
408,990ee599-8861-11f1-ba18-b48c9db4e1b4,2,"[0, 0, 1, 0]",0,0,0,,0.25,4
409,990ee599-8861-11f1-ba18-b48c9db4e1b4,2,"[0, 0, 1, 0]",1,0,0,,0.25,4
410,990ee599-8861-11f1-ba18-b48c9db4e1b4,2,"[0, 0, 1, 0]",2,1,1,,0.25,4
411,990ee599-8861-11f1-ba18-b48c9db4e1b4,2,"[0, 0, 1, 0]",3,0,0,,0.25,4
412,990ee599-8861-11f1-ba18-b48c9db4e1b4,3,"[0, 0, 1, 0]",0,0,0,,0.25,4
413,990ee599-8861-11f1-ba18-b48c9db4e1b4,3,"[0, 0, 1, 0]",1,0,0,,0.25,4
414,990ee599-8861-11f1-ba18-b48c9db4e1b4,3,"[0, 0, 1, 0]",2,1,1,,0.25,4
415,990ee599-8861-11f1-ba18-b48c9db4e1b4,3,"[0, 0, 1, 0]",3,0,0,,0.25,4
416,990ee599-8861-11f1-ba18-b48c9db4e1b4,4,"[0, 0, 1, 0]",0,0,0,,0.25,4
417,990ee599-8861-11f1-ba18-b48c9db4e1b4,4,"[0, 0, 1, 0]",1,0,0,,0.25,4
418,990ee599-8861-11f1-ba18-b48c9db4e1b4,4,"[0, 0, 1, 0]",2,1,1,,0.25,4
419,990ee599-8861-11f1-ba18-b48c9db4e1b4,4,"[0, 0, 1, 0]",3,0,0,,0.25,4
420,990ee599-8861-11f1-ba18-b48c9db4e1b4,5,"[0, 0, 1, 0]",0,0,0,,0.25,4
421,990ee599-8861-11f1-ba18-b48c9db4e1b4,5,"[0, 0, 1, 0]",1,0,0,,0.25,4
422,990ee599-8861-11f1-ba18-b48c9db4e1b4,5,"[0, 0, 1, 0]",2,1,1,,0.25,4
423,990ee599-8861-11f1-ba18-b48c9db4e1b4,5,"[0, 0, 1, 0]",3,0,0,,0.25,4
424,990ee599-8861-11f1-ba18-b48c9db4e1b4,6,"[0, 0, 1, 0]",0,0,0,,0.25,4
425,990ee599-8861-11f1-ba18-b48c9db4e1b4,6,"[0, 0, 1, 0]",1,0,0,,0.25,4
426,990ee599-8861-11f1-ba18-b48c9db4e1b4,6,"[0, 0, 1, 0]",2,1,1,,0.25,4
427,990ee599-8861-11f1-ba18-b48c9db4e1b4,6,"[0, 0, 1, 0]",3,0,0,,0.25,4
428,990ee599-8861-11f1-ba18-b48c9db4e1b4,7,"[0, 0, 1, 0]",0,0,0,,0.25,4
429,990ee599-8861-11f1-ba18-b48c9db4e1b4,7,"[0, 0, 1, 0]",1,0,0,,0.25,4
430,990ee599-8861-11f1-ba18-b48c9db4e1b4,7,"[0, 0, 1, 0]",2,1,1,,0.25,4
431,990ee599-8861-11f1-ba18-b48c9db4e1b4,7,"[0, 0, 1, 0]",3,0,0,,0.25,4
432,990ee599-8861-11f1-ba18-b48c9db4e1b4,8,"[0, 0, 1, 0]",0,0,0,,0.25,4
433,990ee599-8861-11f1-ba18-b48c9db4e1b4,8,"[0, 0, 1, 0]",1,0,0,,0.25,4
434,990ee599-8861-11f1-ba18-b48c9db4e1b4,8,"[0, 0, 1, 0]",2,1,1,,0.25,4
435,990ee599-8861-11f1-ba18-b48c9db4e1b4,8,"[0, 0, 1, 0]",3,0,0,,0.25,4
436,990ee599-8861-11f1-ba18-b48c9db4e1b4,9,"[0, 0, 1, 0]",0,0,0,,0.25,4
437,990ee599-8861-11f1-ba18-b48c9db4e1b4,9,"[0, 0, 1, 0]",1,0,0,,0.25,4
438,990ee599-8861-11f1-ba18-b48c9db4e1b4,9,"[0, 0, 1, 0]",2,1,1,,0.25,4
439,990ee599-8861-11f1-ba18-b48c9db4e1b4,9,"[0, 0, 1, 0]",3,0,0,,0.25,4
440,990ee599-8861-11f1-ba18-b48c9db4e1b4,10,"[0, 0, 1, 0]",0,0,0,,0.25,4
441,990ee599-8861-11f1-ba18-b48c9db4e1b4,10,"[0, 0, 1, 0]",1,0,0,,0.25,4
442,990ee599-8861-11f1-ba18-b48c9db4e1b4,10,"[0, 0, 1, 0]",2,1,1,,0.25,4
443,990ee599-8861-11f1-ba18-b48c9db4e1b4,10,"[0, 0, 1, 0]",3,0,0,,0.25,4
444,990ee599-8861-11f1-ba18-b48c9db4e1b4,11,"[0, 0, 1, 0]",0,0,0,,0.25,4
445,990ee599-8861-11f1-ba18-b48c9db4e1b4,11,"[0, 0, 1, 0]",1,0,0,,0.25,4
446,990ee599-8861-11f1-ba18-b48c9db4e1b4,11,"[0, 0, 1, 0]",2,1,1,,0.25,4
447,990ee599-8861-11f1-ba18-b48c9db4e1b4,11,"[0, 0, 1, 0]",3,0,0,,0.25,4
448,990ee599-8861-11f1-ba18-b48c9db4e1b4,12,"[0, 0, 1, 0]",0,0,0,,0.25,4
449,990ee599-8861-11f1-ba18-b48c9db4e1b4,12,"[0, 0, 1, 0]",1,0,0,,0.25,4
450,990ee599-8861-11f1-ba18-b48c9db4e1b4,12,"[0, 0, 1, 0]",2,1,1,,0.25,4
451,990ee599-8861-11f1-ba18-b48c9db4e1b4,12,"[0, 0, 1, 0]",3,0,0,,0.25,4
452,990ee599-8861-11f1-ba18-b48c9db4e1b4,13,"[0, 0, 1, 0]",0,0,0,,0.25,4
453,990ee599-8861-11f1-ba18-b48c9db4e1b4,13,"[0, 0, 1, 0]",1,0,0,,0.25,4
454,990ee599-8861-11f1-ba18-b48c9db4e1b4,13,"[0, 0, 1, 0]",2,1,1,,0.25,4
455,990ee599-8861-11f1-ba18-b48c9db4e1b4,13,"[0, 0, 1, 0]",3,0,0,,0.25,4
456,990ee599-8861-11f1-ba18-b48c9db4e1b4,14,"[0, 0, 1, 0]",0,0,0,,0.25,4
457,990ee599-8861-11f1-ba18-b48c9db4e1b4,14,"[0, 0, 1, 0]",1,0,0,,0.25,4
458,990ee599-8861-11f1-ba18-b48c9db4e1b4,14,"[0, 0, 1, 0]",2,1,1,,0.25,4
459,990ee599-8861-11f1-ba18-b48c9db4e1b4,14,"[0, 0, 1, 0]",3,0,0,,0.25,4
460,990ee599-8861-11f1-ba18-b48c9db4e1b4,15,"[0, 0, 1, 0]",0,0,0,,0.25,4
461,990ee599-8861-11f1-ba18-b48c9db4e1b4,15,"[0, 0, 1, 0]",1,0,0,,0.25,4
462,990ee599-8861-11f1-ba18-b48c9db4e1b4,15,"[0, 0, 1, 0]",2,1,1,,0.25,4
463,990ee599-8861-11f1-ba18-b48c9db4e1b4,15,"[0, 0, 1, 0]",3,0,0,,0.25,4
464,990ee599-8861-11f1-ba18-b48c9db4e1b4,16,"[0, 0, 1, 0]",0,0,0,,0.25,4
465,990ee599-8861-11f1-ba18-b48c9db4e1b4,16,"[0, 0, 1, 0]",1,0,0,,0.25,4
466,990ee599-8861-11f1-ba18-b48c9db4e1b4,16,"[0, 0, 1, 0]",2,1,1,,0.25,4
467,990ee599-8861-11f1-ba18-b48c9db4e1b4,16,"[0, 0, 1, 0]",3,0,0,,0.25,4
468,990ee599-8861-11f1-ba18-b48c9db4e1b4,17,"[0, 0, 1, 0]",0,0,0,,0.25,4
469,990ee599-8861-11f1-ba18-b48c9db4e1b4,17,"[0, 0, 1, 0]",1,0,0,,0.25,4
470,990ee599-8861-11f1-ba18-b48c9db4e1b4,17,"[0, 0, 1, 0]",2,1,1,,0.25,4
471,990ee599-8861-11f1-ba18-b48c9db4e1b4,17,"[0, 0, 1, 0]",3,0,0,,0.25,4
472,990ee599-8861-11f1-ba18-b48c9db4e1b4,18,"[0, 0, 1, 0]",0,0,0,,0.25,4
473,990ee599-8861-11f1-ba18-b48c9db4e1b4,18,"[0, 0, 1, 0]",1,0,0,,0.25,4
474,990ee599-8861-11f1-ba18-b48c9db4e1b4,18,"[0, 0, 1, 0]",2,1,1,,0.25,4
475,990ee599-8861-11f1-ba18-b48c9db4e1b4,18,"[0, 0, 1, 0]",3,0,0,,0.25,4
476,990ee599-8861-11f1-ba18-b48c9db4e1b4,19,"[0, 0, 1, 0]",0,0,0,,0.25,4
477,990ee599-8861-11f1-ba18-b48c9db4e1b4,19,"[0, 0, 1, 0]",1,0,0,,0.25,4
478,990ee599-8861-11f1-ba18-b48c9db4e1b4,19,"[0, 0, 1, 0]",2,1,1,,0.25,4
479,990ee599-8861-11f1-ba18-b48c9db4e1b4,19,"[0, 0, 1, 0]",3,0,0,,0.25,4
480,99125343-8861-11f1-8f1c-b48c9db4e1b4,0,"[0, 0, 0, 1]",0,0,0,,0.25,4
481,99125343-8861-11f1-8f1c-b48c9db4e1b4,0,"[0, 0, 0, 1]",1,0,0,,0.25,4
482,99125343-8861-11f1-8f1c-b48c9db4e1b4,0,"[0, 0, 0, 1]",2,0,0,,0.25,4
483,99125343-8861-11f1-8f1c-b48c9db4e1b4,0,"[0, 0, 0, 1]",3,1,1,,0.25,4
484,99125343-8861-11f1-8f1c-b48c9db4e1b4,1,"[0, 0, 1, 0]",0,0,0,,0.25,4
485,99125343-8861-11f1-8f1c-b48c9db4e1b4,1,"[0, 0, 1, 0]",1,0,0,,0.25,4
486,99125343-8861-11f1-8f1c-b48c9db4e1b4,1,"[0, 0, 1, 0]",2,1,1,,0.25,4
487,99125343-8861-11f1-8f1c-b48c9db4e1b4,1,"[0, 0, 1, 0]",3,0,0,,0.25,4
488,99125343-8861-11f1-8f1c-b48c9db4e1b4,2,"[0, 0, 1, 0]",0,0,0,,0.25,4
489,99125343-8861-11f1-8f1c-b48c9db4e1b4,2,"[0, 0, 1, 0]",1,0,0,,0.25,4
490,99125343-8861-11f1-8f1c-b48c9db4e1b4,2,"[0, 0, 1, 0]",2,1,1,,0.25,4
491,99125343-8861-11f1-8f1c-b48c9db4e1b4,2,"[0, 0, 1, 0]",3,0,0,,0.25,4
492,99125343-8861-11f1-8f1c-b48c9db4e1b4,3,"[0, 0, 1, 0]",0,0,0,,0.25,4
493,99125343-8861-11f1-8f1c-b48c9db4e1b4,3,"[0, 0, 1, 0]",1,0,0,,0.25,4
494,99125343-8861-11f1-8f1c-b48c9db4e1b4,3,"[0, 0, 1, 0]",2,1,1,,0.25,4
495,99125343-8861-11f1-8f1c-b48c9db4e1b4,3,"[0, 0, 1, 0]",3,0,0,,0.25,4
496,99125343-8861-11f1-8f1c-b48c9db4e1b4,4,"[0, 0, 1, 0]",0,0,0,,0.25,4
497,99125343-8861-11f1-8f1c-b48c9db4e1b4,4,"[0, 0, 1, 0]",1,0,0,,0.25,4
498,99125343-8861-11f1-8f1c-b48c9db4e1b4,4,"[0, 0, 1, 0]",2,1,1,,0.25,4
499,99125343-8861-11f1-8f1c-b48c9db4e1b4,4,"[0, 0, 1, 0]",3,0,0,,0.25,4
500,99125343-8861-11f1-8f1c-b48c9db4e1b4,5,"[0, 0, 1, 0]",0,0,0,,0.25,4
501,99125343-8861-11f1-8f1c-b48c9db4e1b4,5,"[0, 0, 1, 0]",1,0,0,,0.25,4
502,99125343-8861-11f1-8f1c-b48c9db4e1b4,5,"[0, 0, 1, 0]",2,1,1,,0.25,4
503,99125343-8861-11f1-8f1c-b48c9db4e1b4,5,"[0, 0, 1, 0]",3,0,0,,0.25,4
504,99125343-8861-11f1-8f1c-b48c9db4e1b4,6,"[0, 0, 1, 0]",0,0,0,,0.25,4
505,99125343-8861-11f1-8f1c-b48c9db4e1b4,6,"[0, 0, 1, 0]",1,0,0,,0.25,4
506,99125343-8861-11f1-8f1c-b48c9db4e1b4,6,"[0, 0, 1, 0]",2,1,1,,0.25,4
507,99125343-8861-11f1-8f1c-b48c9db4e1b4,6,"[0, 0, 1, 0]",3,0,0,,0.25,4
508,99125343-8861-11f1-8f1c-b48c9db4e1b4,7,"[0, 0, 1, 0]",0,0,0,,0.25,4
509,99125343-8861-11f1-8f1c-b48c9db4e1b4,7,"[0, 0, 1, 0]",1,0,0,,0.25,4
510,99125343-8861-11f1-8f1c-b48c9db4e1b4,7,"[0, 0, 1, 0]",2,1,1,,0.25,4
511,99125343-8861-11f1-8f1c-b48c9db4e1b4,7,"[0, 0, 1, 0]",3,0,0,,0.25,4
512,99125343-8861-11f1-8f1c-b48c9db4e1b4,8,"[0, 0, 1, 0]",0,0,0,,0.25,4
513,99125343-8861-11f1-8f1c-b48c9db4e1b4,8,"[0, 0, 1, 0]",1,0,0,,0.25,4
514,99125343-8861-11f1-8f1c-b48c9db4e1b4,8,"[0, 0, 1, 0]",2,1,1,,0.25,4
515,99125343-8861-11f1-8f1c-b48c9db4e1b4,8,"[0, 0, 1, 0]",3,0,0,,0.25,4
516,99125343-8861-11f1-8f1c-b48c9db4e1b4,9,"[0, 0, 1, 0]",0,0,0,,0.25,4
517,99125343-8861-11f1-8f1c-b48c9db4e1b4,9,"[0, 0, 1, 0]",1,0,0,,0.25,4
518,99125343-8861-11f1-8f1c-b48c9db4e1b4,9,"[0, 0, 1, 0]",2,1,1,,0.25,4
519,99125343-8861-11f1-8f1c-b48c9db4e1b4,9,"[0, 0, 1, 0]",3,0,0,,0.25,4
520,99125343-8861-11f1-8f1c-b48c9db4e1b4,10,"[0, 0, 1, 0]",0,0,0,,0.25,4
521,99125343-8861-11f1-8f1c-b48c9db4e1b4,10,"[0, 0, 1, 0]",1,0,0,,0.25,4
522,99125343-8861-11f1-8f1c-b48c9db4e1b4,10,"[0, 0, 1, 0]",2,1,1,,0.25,4
523,99125343-8861-11f1-8f1c-b48c9db4e1b4,10,"[0, 0, 1, 0]",3,0,0,,0.25,4
524,99125343-8861-11f1-8f1c-b48c9db4e1b4,11,"[0, 0, 1, 0]",0,0,0,,0.25,4
525,99125343-8861-11f1-8f1c-b48c9db4e1b4,11,"[0, 0, 1, 0]",1,0,0,,0.25,4
526,99125343-8861-11f1-8f1c-b48c9db4e1b4,11,"[0, 0, 1, 0]",2,1,1,,0.25,4
527,99125343-8861-11f1-8f1c-b48c9db4e1b4,11,"[0, 0, 1, 0]",3,0,0,,0.25,4
528,99125343-8861-11f1-8f1c-b48c9db4e1b4,12,"[0, 0, 1, 0]",0,0,0,,0.25,4
529,99125343-8861-11f1-8f1c-b48c9db4e1b4,12,"[0, 0, 1, 0]",1,0,0,,0.25,4
530,99125343-8861-11f1-8f1c-b48c9db4e1b4,12,"[0, 0, 1, 0]",2,1,1,,0.25,4
531,99125343-8861-11f1-8f1c-b48c9db4e1b4,12,"[0, 0, 1, 0]",3,0,0,,0.25,4
532,99125343-8861-11f1-8f1c-b48c9db4e1b4,13,"[0, 0, 1, 0]",0,0,0,,0.25,4
533,99125343-8861-11f1-8f1c-b48c9db4e1b4,13,"[0, 0, 1, 0]",1,0,0,,0.25,4
534,99125343-8861-11f1-8f1c-b48c9db4e1b4,13,"[0, 0, 1, 0]",2,1,1,,0.25,4
535,99125343-8861-11f1-8f1c-b48c9db4e1b4,13,"[0, 0, 1, 0]",3,0,0,,0.25,4
536,99125343-8861-11f1-8f1c-b48c9db4e1b4,14,"[0, 0, 1, 0]",0,0,0,,0.25,4
537,99125343-8861-11f1-8f1c-b48c9db4e1b4,14,"[0, 0, 1, 0]",1,0,0,,0.25,4
538,99125343-8861-11f1-8f1c-b48c9db4e1b4,14,"[0, 0, 1, 0]",2,1,1,,0.25,4
539,99125343-8861-11f1-8f1c-b48c9db4e1b4,14,"[0, 0, 1, 0]",3,0,0,,0.25,4
540,99125343-8861-11f1-8f1c-b48c9db4e1b4,15,"[0, 0, 1, 0]",0,0,0,,0.25,4
541,99125343-8861-11f1-8f1c-b48c9db4e1b4,15,"[0, 0, 1, 0]",1,0,0,,0.25,4
542,99125343-8861-11f1-8f1c-b48c9db4e1b4,15,"[0, 0, 1, 0]",2,1,1,,0.25,4
543,99125343-8861-11f1-8f1c-b48c9db4e1b4,15,"[0, 0, 1, 0]",3,0,0,,0.25,4
544,99125343-8861-11f1-8f1c-b48c9db4e1b4,16,"[0, 0, 1, 0]",0,0,0,,0.25,4
545,99125343-8861-11f1-8f1c-b48c9db4e1b4,16,"[0, 0, 1, 0]",1,0,0,,0.25,4
546,99125343-8861-11f1-8f1c-b48c9db4e1b4,16,"[0, 0, 1, 0]",2,1,1,,0.25,4
547,99125343-8861-11f1-8f1c-b48c9db4e1b4,16,"[0, 0, 1, 0]",3,0,0,,0.25,4
548,99125343-8861-11f1-8f1c-b48c9db4e1b4,17,"[0, 0, 1, 0]",0,0,0,,0.25,4
549,99125343-8861-11f1-8f1c-b48c9db4e1b4,17,"[0, 0, 1, 0]",1,0,0,,0.25,4
550,99125343-8861-11f1-8f1c-b48c9db4e1b4,17,"[0, 0, 1, 0]",2,1,1,,0.25,4
551,99125343-8861-11f1-8f1c-b48c9db4e1b4,17,"[0, 0, 1, 0]",3,0,0,,0.25,4
552,99125343-8861-11f1-8f1c-b48c9db4e1b4,18,"[0, 0, 1, 0]",0,0,0,,0.25,4
553,99125343-8861-11f1-8f1c-b48c9db4e1b4,18,"[0, 0, 1, 0]",1,0,0,,0.25,4
554,99125343-8861-11f1-8f1c-b48c9db4e1b4,18,"[0, 0, 1, 0]",2,1,1,,0.25,4
555,99125343-8861-11f1-8f1c-b48c9db4e1b4,18,"[0, 0, 1, 0]",3,0,0,,0.25,4
556,99125343-8861-11f1-8f1c-b48c9db4e1b4,19,"[0, 0, 1, 0]",0,0,0,,0.25,4
557,99125343-8861-11f1-8f1c-b48c9db4e1b4,19,"[0, 0, 1, 0]",1,0,0,,0.25,4
558,99125343-8861-11f1-8f1c-b48c9db4e1b4,19,"[0, 0, 1, 0]",2,1,1,,0.25,4
559,99125343-8861-11f1-8f1c-b48c9db4e1b4,19,"[0, 0, 1, 0]",3,0,0,,0.25,4
560,99157f35-8861-11f1-8b1c-b48c9db4e1b4,0,"[0, 1, 0, 1]",0,0,0,,0.25,4
561,99157f35-8861-11f1-8b1c-b48c9db4e1b4,0,"[0, 1, 0, 1]",1,1,-1,,0.25,4
562,99157f35-8861-11f1-8b1c-b48c9db4e1b4,0,"[0, 1, 0, 1]",2,0,0,,0.25,4
563,99157f35-8861-11f1-8b1c-b48c9db4e1b4,0,"[0, 1, 0, 1]",3,1,-1,,0.25,4
564,99157f35-8861-11f1-8b1c-b48c9db4e1b4,1,"[0, 0, 1, 0]",0,0,0,,0.25,4
565,99157f35-8861-11f1-8b1c-b48c9db4e1b4,1,"[0, 0, 1, 0]",1,0,0,,0.25,4
566,99157f35-8861-11f1-8b1c-b48c9db4e1b4,1,"[0, 0, 1, 0]",2,1,1,,0.25,4
567,99157f35-8861-11f1-8b1c-b48c9db4e1b4,1,"[0, 0, 1, 0]",3,0,0,,0.25,4
568,99157f35-8861-11f1-8b1c-b48c9db4e1b4,2,"[0, 0, 1, 0]",0,0,0,,0.25,4
569,99157f35-8861-11f1-8b1c-b48c9db4e1b4,2,"[0, 0, 1, 0]",1,0,0,,0.25,4
570,99157f35-8861-11f1-8b1c-b48c9db4e1b4,2,"[0, 0, 1, 0]",2,1,1,,0.25,4
571,99157f35-8861-11f1-8b1c-b48c9db4e1b4,2,"[0, 0, 1, 0]",3,0,0,,0.25,4
572,99157f35-8861-11f1-8b1c-b48c9db4e1b4,3,"[0, 0, 1, 0]",0,0,0,,0.25,4
573,99157f35-8861-11f1-8b1c-b48c9db4e1b4,3,"[0, 0, 1, 0]",1,0,0,,0.25,4
574,99157f35-8861-11f1-8b1c-b48c9db4e1b4,3,"[0, 0, 1, 0]",2,1,1,,0.25,4
575,99157f35-8861-11f1-8b1c-b48c9db4e1b4,3,"[0, 0, 1, 0]",3,0,0,,0.25,4
576,99157f35-8861-11f1-8b1c-b48c9db4e1b4,4,"[0, 0, 1, 0]",0,0,0,,0.25,4
577,99157f35-8861-11f1-8b1c-b48c9db4e1b4,4,"[0, 0, 1, 0]",1,0,0,,0.25,4
578,99157f35-8861-11f1-8b1c-b48c9db4e1b4,4,"[0, 0, 1, 0]",2,1,1,,0.25,4
579,99157f35-8861-11f1-8b1c-b48c9db4e1b4,4,"[0, 0, 1, 0]",3,0,0,,0.25,4
580,99157f35-8861-11f1-8b1c-b48c9db4e1b4,5,"[0, 0, 1, 0]",0,0,0,,0.25,4
581,99157f35-8861-11f1-8b1c-b48c9db4e1b4,5,"[0, 0, 1, 0]",1,0,0,,0.25,4
582,99157f35-8861-11f1-8b1c-b48c9db4e1b4,5,"[0, 0, 1, 0]",2,1,1,,0.25,4
583,99157f35-8861-11f1-8b1c-b48c9db4e1b4,5,"[0, 0, 1, 0]",3,0,0,,0.25,4
584,99157f35-8861-11f1-8b1c-b48c9db4e1b4,6,"[0, 0, 1, 0]",0,0,0,,0.25,4
585,99157f35-8861-11f1-8b1c-b48c9db4e1b4,6,"[0, 0, 1, 0]",1,0,0,,0.25,4
586,99157f35-8861-11f1-8b1c-b48c9db4e1b4,6,"[0, 0, 1, 0]",2,1,1,,0.25,4
587,99157f35-8861-11f1-8b1c-b48c9db4e1b4,6,"[0, 0, 1, 0]",3,0,0,,0.25,4
588,99157f35-8861-11f1-8b1c-b48c9db4e1b4,7,"[0, 0, 1, 0]",0,0,0,,0.25,4
589,99157f35-8861-11f1-8b1c-b48c9db4e1b4,7,"[0, 0, 1, 0]",1,0,0,,0.25,4
590,99157f35-8861-11f1-8b1c-b48c9db4e1b4,7,"[0, 0, 1, 0]",2,1,1,,0.25,4
591,99157f35-8861-11f1-8b1c-b48c9db4e1b4,7,"[0, 0, 1, 0]",3,0,0,,0.25,4
592,99157f35-8861-11f1-8b1c-b48c9db4e1b4,8,"[0, 0, 1, 0]",0,0,0,,0.25,4
593,99157f35-8861-11f1-8b1c-b48c9db4e1b4,8,"[0, 0, 1, 0]",1,0,0,,0.25,4
594,99157f35-8861-11f1-8b1c-b48c9db4e1b4,8,"[0, 0, 1, 0]",2,1,1,,0.25,4
595,99157f35-8861-11f1-8b1c-b48c9db4e1b4,8,"[0, 0, 1, 0]",3,0,0,,0.25,4
596,99157f35-8861-11f1-8b1c-b48c9db4e1b4,9,"[0, 0, 1, 0]",0,0,0,,0.25,4
597,99157f35-8861-11f1-8b1c-b48c9db4e1b4,9,"[0, 0, 1, 0]",1,0,0,,0.25,4
598,99157f35-8861-11f1-8b1c-b48c9db4e1b4,9,"[0, 0, 1, 0]",2,1,1,,0.25,4
599,99157f35-8861-11f1-8b1c-b48c9db4e1b4,9,"[0, 0, 1, 0]",3,0,0,,0.25,4
600,99157f35-8861-11f1-8b1c-b48c9db4e1b4,10,"[0, 0, 1, 0]",0,0,0,,0.25,4
601,99157f35-8861-11f1-8b1c-b48c9db4e1b4,10,"[0, 0, 1, 0]",1,0,0,,0.25,4
602,99157f35-8861-11f1-8b1c-b48c9db4e1b4,10,"[0, 0, 1, 0]",2,1,1,,0.25,4
603,99157f35-8861-11f1-8b1c-b48c9db4e1b4,10,"[0, 0, 1, 0]",3,0,0,,0.25,4
604,99157f35-8861-11f1-8b1c-b48c9db4e1b4,11,"[0, 0, 1, 0]",0,0,0,,0.25,4
605,99157f35-8861-11f1-8b1c-b48c9db4e1b4,11,"[0, 0, 1, 0]",1,0,0,,0.25,4
606,99157f35-8861-11f1-8b1c-b48c9db4e1b4,11,"[0, 0, 1, 0]",2,1,1,,0.25,4
607,99157f35-8861-11f1-8b1c-b48c9db4e1b4,11,"[0, 0, 1, 0]",3,0,0,,0.25,4
608,99157f35-8861-11f1-8b1c-b48c9db4e1b4,12,"[0, 0, 1, 0]",0,0,0,,0.25,4
609,99157f35-8861-11f1-8b1c-b48c9db4e1b4,12,"[0, 0, 1, 0]",1,0,0,,0.25,4
610,99157f35-8861-11f1-8b1c-b48c9db4e1b4,12,"[0, 0, 1, 0]",2,1,1,,0.25,4
611,99157f35-8861-11f1-8b1c-b48c9db4e1b4,12,"[0, 0, 1, 0]",3,0,0,,0.25,4
612,99157f35-8861-11f1-8b1c-b48c9db4e1b4,13,"[0, 0, 1, 0]",0,0,0,,0.25,4
613,99157f35-8861-11f1-8b1c-b48c9db4e1b4,13,"[0, 0, 1, 0]",1,0,0,,0.25,4
614,99157f35-8861-11f1-8b1c-b48c9db4e1b4,13,"[0, 0, 1, 0]",2,1,1,,0.25,4
615,99157f35-8861-11f1-8b1c-b48c9db4e1b4,13,"[0, 0, 1, 0]",3,0,0,,0.25,4
616,99157f35-8861-11f1-8b1c-b48c9db4e1b4,14,"[0, 0, 1, 0]",0,0,0,,0.25,4
617,99157f35-8861-11f1-8b1c-b48c9db4e1b4,14,"[0, 0, 1, 0]",1,0,0,,0.25,4
618,99157f35-8861-11f1-8b1c-b48c9db4e1b4,14,"[0, 0, 1, 0]",2,1,1,,0.25,4
619,99157f35-8861-11f1-8b1c-b48c9db4e1b4,14,"[0, 0, 1, 0]",3,0,0,,0.25,4
620,99157f35-8861-11f1-8b1c-b48c9db4e1b4,15,"[0, 0, 1, 0]",0,0,0,,0.25,4
621,99157f35-8861-11f1-8b1c-b48c9db4e1b4,15,"[0, 0, 1, 0]",1,0,0,,0.25,4
622,99157f35-8861-11f1-8b1c-b48c9db4e1b4,15,"[0, 0, 1, 0]",2,1,1,,0.25,4
623,99157f35-8861-11f1-8b1c-b48c9db4e1b4,15,"[0, 0, 1, 0]",3,0,0,,0.25,4
624,99157f35-8861-11f1-8b1c-b48c9db4e1b4,16,"[0, 0, 1, 0]",0,0,0,,0.25,4
625,99157f35-8861-11f1-8b1c-b48c9db4e1b4,16,"[0, 0, 1, 0]",1,0,0,,0.25,4
626,99157f35-8861-11f1-8b1c-b48c9db4e1b4,16,"[0, 0, 1, 0]",2,1,1,,0.25,4
627,99157f35-8861-11f1-8b1c-b48c9db4e1b4,16,"[0, 0, 1, 0]",3,0,0,,0.25,4
628,99157f35-8861-11f1-8b1c-b48c9db4e1b4,17,"[0, 0, 1, 0]",0,0,0,,0.25,4
629,99157f35-8861-11f1-8b1c-b48c9db4e1b4,17,"[0, 0, 1, 0]",1,0,0,,0.25,4
630,99157f35-8861-11f1-8b1c-b48c9db4e1b4,17,"[0, 0, 1, 0]",2,1,1,,0.25,4
631,99157f35-8861-11f1-8b1c-b48c9db4e1b4,17,"[0, 0, 1, 0]",3,0,0,,0.25,4
632,99157f35-8861-11f1-8b1c-b48c9db4e1b4,18,"[0, 0, 1, 0]",0,0,0,,0.25,4
633,99157f35-8861-11f1-8b1c-b48c9db4e1b4,18,"[0, 0, 1, 0]",1,0,0,,0.25,4
634,99157f35-8861-11f1-8b1c-b48c9db4e1b4,18,"[0, 0, 1, 0]",2,1,1,,0.25,4
635,99157f35-8861-11f1-8b1c-b48c9db4e1b4,18,"[0, 0, 1, 0]",3,0,0,,0.25,4
636,99157f35-8861-11f1-8b1c-b48c9db4e1b4,19,"[0, 0, 1, 0]",0,0,0,,0.25,4
637,99157f35-8861-11f1-8b1c-b48c9db4e1b4,19,"[0, 0, 1, 0]",1,0,0,,0.25,4
638,99157f35-8861-11f1-8b1c-b48c9db4e1b4,19,"[0, 0, 1, 0]",2,1,1,,0.25,4
639,99157f35-8861-11f1-8b1c-b48c9db4e1b4,19,"[0, 0, 1, 0]",3,0,0,,0.25,4
640,9918b7b0-8861-11f1-b2fe-b48c9db4e1b4,0,"[1, 1, 1, 1]",0,1,-1,,0.25,4
641,9918b7b0-8861-11f1-b2fe-b48c9db4e1b4,0,"[1, 1, 1, 1]",1,1,-1,,0.25,4
642,9918b7b0-8861-11f1-b2fe-b48c9db4e1b4,0,"[1, 1, 1, 1]",2,1,-1,,0.25,4
643,9918b7b0-8861-11f1-b2fe-b48c9db4e1b4,0,"[1, 1, 1, 1]",3,1,-1,,0.25,4
644,9918b7b0-8861-11f1-b2fe-b48c9db4e1b4,1,"[0, 0, 1, 0]",0,0,0,,0.25,4
645,9918b7b0-8861-11f1-b2fe-b48c9db4e1b4,1,"[0, 0, 1, 0]",1,0,0,,0.25,4
646,9918b7b0-8861-11f1-b2fe-b48c9db4e1b4,1,"[0, 0, 1, 0]",2,1,1,,0.25,4
647,9918b7b0-8861-11f1-b2fe-b48c9db4e1b4,1,"[0, 0, 1, 0]",3,0,0,,0.25,4
648,9918b7b0-8861-11f1-b2fe-b48c9db4e1b4,2,"[0, 0, 1, 0]",0,0,0,,0.25,4
649,9918b7b0-8861-11f1-b2fe-b48c9db4e1b4,2,"[0, 0, 1, 0]",1,0,0,,0.25,4
650,9918b7b0-8861-11f1-b2fe-b48c9db4e1b4,2,"[0, 0, 1, 0]",2,1,1,,0.25,4
651,9918b7b0-8861-11f1-b2fe-b48c9db4e1b4,2,"[0, 0, 1, 0]",3,0,0,,0.25,4
652,9918b7b0-8861-11f1-b2fe-b48c9db4e1b4,3,"[0, 0, 1, 0]",0,0,0,,0.25,4
653,9918b7b0-8861-11f1-b2fe-b48c9db4e1b4,3,"[0, 0, 1, 0]",1,0,0,,0.25,4
654,9918b7b0-8861-11f1-b2fe-b48c9db4e1b4,3,"[0, 0, 1, 0]",2,1,1,,0.25,4
655,9918b7b0-8861-11f1-b2fe-b48c9db4e1b4,3,"[0, 0, 1, 0]",3,0,0,,0.25,4
656,9918b7b0-8861-11f1-b2fe-b48c9db4e1b4,4,"[0, 0, 1, 0]",0,0,0,,0.25,4
657,9918b7b0-8861-11f1-b2fe-b48c9db4e1b4,4,"[0, 0, 1, 0]",1,0,0,,0.25,4
658,9918b7b0-8861-11f1-b2fe-b48c9db4e1b4,4,"[0, 0, 1, 0]",2,1,1,,0.25,4
659,9918b7b0-8861-11f1-b2fe-b48c9db4e1b4,4,"[0, 0, 1, 0]",3,0,0,,0.25,4
660,9918b7b0-8861-11f1-b2fe-b48c9db4e1b4,5,"[0, 0, 1, 0]",0,0,0,,0.25,4
661,9918b7b0-8861-11f1-b2fe-b48c9db4e1b4,5,"[0, 0, 1, 0]",1,0,0,,0.25,4
662,9918b7b0-8861-11f1-b2fe-b48c9db4e1b4,5,"[0, 0, 1, 0]",2,1,1,,0.25,4
663,9918b7b0-8861-11f1-b2fe-b48c9db4e1b4,5,"[0, 0, 1, 0]",3,0,0,,0.25,4
664,9918b7b0-8861-11f1-b2fe-b48c9db4e1b4,6,"[0, 0, 1, 0]",0,0,0,,0.25,4
665,9918b7b0-8861-11f1-b2fe-b48c9db4e1b4,6,"[0, 0, 1, 0]",1,0,0,,0.25,4
666,9918b7b0-8861-11f1-b2fe-b48c9db4e1b4,6,"[0, 0, 1, 0]",2,1,1,,0.25,4
667,9918b7b0-8861-11f1-b2fe-b48c9db4e1b4,6,"[0, 0, 1, 0]",3,0,0,,0.25,4
668,9918b7b0-8861-11f1-b2fe-b48c9db4e1b4,7,"[0, 0, 1, 0]",0,0,0,,0.25,4
669,9918b7b0-8861-11f1-b2fe-b48c9db4e1b4,7,"[0, 0, 1, 0]",1,0,0,,0.25,4
670,9918b7b0-8861-11f1-b2fe-b48c9db4e1b4,7,"[0, 0, 1, 0]",2,1,1,,0.25,4
671,9918b7b0-8861-11f1-b2fe-b48c9db4e1b4,7,"[0, 0, 1, 0]",3,0,0,,0.25,4
672,9918b7b0-8861-11f1-b2fe-b48c9db4e1b4,8,"[0, 0, 1, 0]",0,0,0,,0.25,4
673,9918b7b0-8861-11f1-b2fe-b48c9db4e1b4,8,"[0, 0, 1, 0]",1,0,0,,0.25,4
674,9918b7b0-8861-11f1-b2fe-b48c9db4e1b4,8,"[0, 0, 1, 0]",2,1,1,,0.25,4
675,9918b7b0-8861-11f1-b2fe-b48c9db4e1b4,8,"[0, 0, 1, 0]",3,0,0,,0.25,4
676,9918b7b0-8861-11f1-b2fe-b48c9db4e1b4,9,"[0, 0, 1, 0]",0,0,0,,0.25,4
677,9918b7b0-8861-11f1-b2fe-b48c9db4e1b4,9,"[0, 0, 1, 0]",1,0,0,,0.25,4
678,9918b7b0-8861-11f1-b2fe-b48c9db4e1b4,9,"[0, 0, 1, 0]",2,1,1,,0.25,4
679,9918b7b0-8861-11f1-b2fe-b48c9db4e1b4,9,"[0, 0, 1, 0]",3,0,0,,0.25,4
680,9918b7b0-8861-11f1-b2fe-b48c9db4e1b4,10,"[0, 0, 1, 0]",0,0,0,,0.25,4
681,9918b7b0-8861-11f1-b2fe-b48c9db4e1b4,10,"[0, 0, 1, 0]",1,0,0,,0.25,4
682,9918b7b0-8861-11f1-b2fe-b48c9db4e1b4,10,"[0, 0, 1, 0]",2,1,1,,0.25,4
683,9918b7b0-8861-11f1-b2fe-b48c9db4e1b4,10,"[0, 0, 1, 0]",3,0,0,,0.25,4
684,9918b7b0-8861-11f1-b2fe-b48c9db4e1b4,11,"[0, 0, 1, 0]",0,0,0,,0.25,4
685,9918b7b0-8861-11f1-b2fe-b48c9db4e1b4,11,"[0, 0, 1, 0]",1,0,0,,0.25,4
686,9918b7b0-8861-11f1-b2fe-b48c9db4e1b4,11,"[0, 0, 1, 0]",2,1,1,,0.25,4
687,9918b7b0-8861-11f1-b2fe-b48c9db4e1b4,11,"[0, 0, 1, 0]",3,0,0,,0.25,4
688,9918b7b0-8861-11f1-b2fe-b48c9db4e1b4,12,"[0, 0, 1, 0]",0,0,0,,0.25,4
689,9918b7b0-8861-11f1-b2fe-b48c9db4e1b4,12,"[0, 0, 1, 0]",1,0,0,,0.25,4
690,9918b7b0-8861-11f1-b2fe-b48c9db4e1b4,12,"[0, 0, 1, 0]",2,1,1,,0.25,4
691,9918b7b0-8861-11f1-b2fe-b48c9db4e1b4,12,"[0, 0, 1, 0]",3,0,0,,0.25,4
692,9918b7b0-8861-11f1-b2fe-b48c9db4e1b4,13,"[0, 0, 1, 0]",0,0,0,,0.25,4
693,9918b7b0-8861-11f1-b2fe-b48c9db4e1b4,13,"[0, 0, 1, 0]",1,0,0,,0.25,4
694,9918b7b0-8861-11f1-b2fe-b48c9db4e1b4,13,"[0, 0, 1, 0]",2,1,1,,0.25,4
695,9918b7b0-8861-11f1-b2fe-b48c9db4e1b4,13,"[0, 0, 1, 0]",3,0,0,,0.25,4
696,9918b7b0-8861-11f1-b2fe-b48c9db4e1b4,14,"[0, 0, 1, 0]",0,0,0,,0.25,4
697,9918b7b0-8861-11f1-b2fe-b48c9db4e1b4,14,"[0, 0, 1, 0]",1,0,0,,0.25,4
698,9918b7b0-8861-11f1-b2fe-b48c9db4e1b4,14,"[0, 0, 1, 0]",2,1,1,,0.25,4
699,9918b7b0-8861-11f1-b2fe-b48c9db4e1b4,14,"[0, 0, 1, 0]",3,0,0,,0.25,4
700,9918b7b0-8861-11f1-b2fe-b48c9db4e1b4,15,"[0, 0, 1, 0]",0,0,0,,0.25,4
701,9918b7b0-8861-11f1-b2fe-b48c9db4e1b4,15,"[0, 0, 1, 0]",1,0,0,,0.25,4
702,9918b7b0-8861-11f1-b2fe-b48c9db4e1b4,15,"[0, 0, 1, 0]",2,1,1,,0.25,4
703,9918b7b0-8861-11f1-b2fe-b48c9db4e1b4,15,"[0, 0, 1, 0]",3,0,0,,0.25,4
704,9918b7b0-8861-11f1-b2fe-b48c9db4e1b4,16,"[0, 0, 1, 0]",0,0,0,,0.25,4
705,9918b7b0-8861-11f1-b2fe-b48c9db4e1b4,16,"[0, 0, 1, 0]",1,0,0,,0.25,4
706,9918b7b0-8861-11f1-b2fe-b48c9db4e1b4,16,"[0, 0, 1, 0]",2,1,1,,0.25,4
707,9918b7b0-8861-11f1-b2fe-b48c9db4e1b4,16,"[0, 0, 1, 0]",3,0,0,,0.25,4
708,9918b7b0-8861-11f1-b2fe-b48c9db4e1b4,17,"[0, 0, 1, 0]",0,0,0,,0.25,4
709,9918b7b0-8861-11f1-b2fe-b48c9db4e1b4,17,"[0, 0, 1, 0]",1,0,0,,0.25,4
710,9918b7b0-8861-11f1-b2fe-b48c9db4e1b4,17,"[0, 0, 1, 0]",2,1,1,,0.25,4
711,9918b7b0-8861-11f1-b2fe-b48c9db4e1b4,17,"[0, 0, 1, 0]",3,0,0,,0.25,4
712,9918b7b0-8861-11f1-b2fe-b48c9db4e1b4,18,"[0, 0, 1, 0]",0,0,0,,0.25,4
713,9918b7b0-8861-11f1-b2fe-b48c9db4e1b4,18,"[0, 0, 1, 0]",1,0,0,,0.25,4
714,9918b7b0-8861-11f1-b2fe-b48c9db4e1b4,18,"[0, 0, 1, 0]",2,1,1,,0.25,4
715,9918b7b0-8861-11f1-b2fe-b48c9db4e1b4,18,"[0, 0, 1, 0]",3,0,0,,0.25,4
716,9918b7b0-8861-11f1-b2fe-b48c9db4e1b4,19,"[0, 0, 1, 0]",0,0,0,,0.25,4
717,9918b7b0-8861-11f1-b2fe-b48c9db4e1b4,19,"[0, 0, 1, 0]",1,0,0,,0.25,4
718,9918b7b0-8861-11f1-b2fe-b48c9db4e1b4,19,"[0, 0, 1, 0]",2,1,1,,0.25,4
719,9918b7b0-8861-11f1-b2fe-b48c9db4e1b4,19,"[0, 0, 1, 0]",3,0,0,,0.25,4
720,991bef92-8861-11f1-bec8-b48c9db4e1b4,0,"[1, 0, 1, 1]",0,1,-1,,0.25,4
721,991bef92-8861-11f1-bec8-b48c9db4e1b4,0,"[1, 0, 1, 1]",1,0,0,,0.25,4
722,991bef92-8861-11f1-bec8-b48c9db4e1b4,0,"[1, 0, 1, 1]",2,1,-1,,0.25,4
723,991bef92-8861-11f1-bec8-b48c9db4e1b4,0,"[1, 0, 1, 1]",3,1,-1,,0.25,4
724,991bef92-8861-11f1-bec8-b48c9db4e1b4,1,"[0, 0, 1, 0]",0,0,0,,0.25,4
725,991bef92-8861-11f1-bec8-b48c9db4e1b4,1,"[0, 0, 1, 0]",1,0,0,,0.25,4
726,991bef92-8861-11f1-bec8-b48c9db4e1b4,1,"[0, 0, 1, 0]",2,1,1,,0.25,4
727,991bef92-8861-11f1-bec8-b48c9db4e1b4,1,"[0, 0, 1, 0]",3,0,0,,0.25,4
728,991bef92-8861-11f1-bec8-b48c9db4e1b4,2,"[0, 0, 1, 0]",0,0,0,,0.25,4
729,991bef92-8861-11f1-bec8-b48c9db4e1b4,2,"[0, 0, 1, 0]",1,0,0,,0.25,4
730,991bef92-8861-11f1-bec8-b48c9db4e1b4,2,"[0, 0, 1, 0]",2,1,1,,0.25,4
731,991bef92-8861-11f1-bec8-b48c9db4e1b4,2,"[0, 0, 1, 0]",3,0,0,,0.25,4
732,991bef92-8861-11f1-bec8-b48c9db4e1b4,3,"[0, 0, 1, 0]",0,0,0,,0.25,4
733,991bef92-8861-11f1-bec8-b48c9db4e1b4,3,"[0, 0, 1, 0]",1,0,0,,0.25,4
734,991bef92-8861-11f1-bec8-b48c9db4e1b4,3,"[0, 0, 1, 0]",2,1,1,,0.25,4
735,991bef92-8861-11f1-bec8-b48c9db4e1b4,3,"[0, 0, 1, 0]",3,0,0,,0.25,4
736,991bef92-8861-11f1-bec8-b48c9db4e1b4,4,"[0, 0, 1, 0]",0,0,0,,0.25,4
737,991bef92-8861-11f1-bec8-b48c9db4e1b4,4,"[0, 0, 1, 0]",1,0,0,,0.25,4
738,991bef92-8861-11f1-bec8-b48c9db4e1b4,4,"[0, 0, 1, 0]",2,1,1,,0.25,4
739,991bef92-8861-11f1-bec8-b48c9db4e1b4,4,"[0, 0, 1, 0]",3,0,0,,0.25,4
740,991bef92-8861-11f1-bec8-b48c9db4e1b4,5,"[0, 0, 1, 0]",0,0,0,,0.25,4
741,991bef92-8861-11f1-bec8-b48c9db4e1b4,5,"[0, 0, 1, 0]",1,0,0,,0.25,4
742,991bef92-8861-11f1-bec8-b48c9db4e1b4,5,"[0, 0, 1, 0]",2,1,1,,0.25,4
743,991bef92-8861-11f1-bec8-b48c9db4e1b4,5,"[0, 0, 1, 0]",3,0,0,,0.25,4
744,991bef92-8861-11f1-bec8-b48c9db4e1b4,6,"[0, 0, 1, 0]",0,0,0,,0.25,4
745,991bef92-8861-11f1-bec8-b48c9db4e1b4,6,"[0, 0, 1, 0]",1,0,0,,0.25,4
746,991bef92-8861-11f1-bec8-b48c9db4e1b4,6,"[0, 0, 1, 0]",2,1,1,,0.25,4
747,991bef92-8861-11f1-bec8-b48c9db4e1b4,6,"[0, 0, 1, 0]",3,0,0,,0.25,4
748,991bef92-8861-11f1-bec8-b48c9db4e1b4,7,"[0, 0, 1, 0]",0,0,0,,0.25,4
749,991bef92-8861-11f1-bec8-b48c9db4e1b4,7,"[0, 0, 1, 0]",1,0,0,,0.25,4
750,991bef92-8861-11f1-bec8-b48c9db4e1b4,7,"[0, 0, 1, 0]",2,1,1,,0.25,4
751,991bef92-8861-11f1-bec8-b48c9db4e1b4,7,"[0, 0, 1, 0]",3,0,0,,0.25,4
752,991bef92-8861-11f1-bec8-b48c9db4e1b4,8,"[0, 0, 1, 0]",0,0,0,,0.25,4
753,991bef92-8861-11f1-bec8-b48c9db4e1b4,8,"[0, 0, 1, 0]",1,0,0,,0.25,4
754,991bef92-8861-11f1-bec8-b48c9db4e1b4,8,"[0, 0, 1, 0]",2,1,1,,0.25,4
755,991bef92-8861-11f1-bec8-b48c9db4e1b4,8,"[0, 0, 1, 0]",3,0,0,,0.25,4
756,991bef92-8861-11f1-bec8-b48c9db4e1b4,9,"[0, 0, 1, 0]",0,0,0,,0.25,4
757,991bef92-8861-11f1-bec8-b48c9db4e1b4,9,"[0, 0, 1, 0]",1,0,0,,0.25,4
758,991bef92-8861-11f1-bec8-b48c9db4e1b4,9,"[0, 0, 1, 0]",2,1,1,,0.25,4
759,991bef92-8861-11f1-bec8-b48c9db4e1b4,9,"[0, 0, 1, 0]",3,0,0,,0.25,4
760,991bef92-8861-11f1-bec8-b48c9db4e1b4,10,"[0, 0, 1, 0]",0,0,0,,0.25,4
761,991bef92-8861-11f1-bec8-b48c9db4e1b4,10,"[0, 0, 1, 0]",1,0,0,,0.25,4
762,991bef92-8861-11f1-bec8-b48c9db4e1b4,10,"[0, 0, 1, 0]",2,1,1,,0.25,4
763,991bef92-8861-11f1-bec8-b48c9db4e1b4,10,"[0, 0, 1, 0]",3,0,0,,0.25,4
764,991bef92-8861-11f1-bec8-b48c9db4e1b4,11,"[0, 0, 1, 0]",0,0,0,,0.25,4
765,991bef92-8861-11f1-bec8-b48c9db4e1b4,11,"[0, 0, 1, 0]",1,0,0,,0.25,4
766,991bef92-8861-11f1-bec8-b48c9db4e1b4,11,"[0, 0, 1, 0]",2,1,1,,0.25,4
767,991bef92-8861-11f1-bec8-b48c9db4e1b4,11,"[0, 0, 1, 0]",3,0,0,,0.25,4
768,991bef92-8861-11f1-bec8-b48c9db4e1b4,12,"[0, 0, 1, 0]",0,0,0,,0.25,4
769,991bef92-8861-11f1-bec8-b48c9db4e1b4,12,"[0, 0, 1, 0]",1,0,0,,0.25,4
770,991bef92-8861-11f1-bec8-b48c9db4e1b4,12,"[0, 0, 1, 0]",2,1,1,,0.25,4
771,991bef92-8861-11f1-bec8-b48c9db4e1b4,12,"[0, 0, 1, 0]",3,0,0,,0.25,4
772,991bef92-8861-11f1-bec8-b48c9db4e1b4,13,"[0, 0, 1, 0]",0,0,0,,0.25,4
773,991bef92-8861-11f1-bec8-b48c9db4e1b4,13,"[0, 0, 1, 0]",1,0,0,,0.25,4
774,991bef92-8861-11f1-bec8-b48c9db4e1b4,13,"[0, 0, 1, 0]",2,1,1,,0.25,4
775,991bef92-8861-11f1-bec8-b48c9db4e1b4,13,"[0, 0, 1, 0]",3,0,0,,0.25,4
776,991bef92-8861-11f1-bec8-b48c9db4e1b4,14,"[0, 0, 1, 0]",0,0,0,,0.25,4
777,991bef92-8861-11f1-bec8-b48c9db4e1b4,14,"[0, 0, 1, 0]",1,0,0,,0.25,4
778,991bef92-8861-11f1-bec8-b48c9db4e1b4,14,"[0, 0, 1, 0]",2,1,1,,0.25,4
779,991bef92-8861-11f1-bec8-b48c9db4e1b4,14,"[0, 0, 1, 0]",3,0,0,,0.25,4
780,991bef92-8861-11f1-bec8-b48c9db4e1b4,15,"[0, 0, 1, 0]",0,0,0,,0.25,4
781,991bef92-8861-11f1-bec8-b48c9db4e1b4,15,"[0, 0, 1, 0]",1,0,0,,0.25,4
782,991bef92-8861-11f1-bec8-b48c9db4e1b4,15,"[0, 0, 1, 0]",2,1,1,,0.25,4
783,991bef92-8861-11f1-bec8-b48c9db4e1b4,15,"[0, 0, 1, 0]",3,0,0,,0.25,4
784,991bef92-8861-11f1-bec8-b48c9db4e1b4,16,"[0, 0, 1, 0]",0,0,0,,0.25,4
785,991bef92-8861-11f1-bec8-b48c9db4e1b4,16,"[0, 0, 1, 0]",1,0,0,,0.25,4
786,991bef92-8861-11f1-bec8-b48c9db4e1b4,16,"[0, 0, 1, 0]",2,1,1,,0.25,4
787,991bef92-8861-11f1-bec8-b48c9db4e1b4,16,"[0, 0, 1, 0]",3,0,0,,0.25,4
788,991bef92-8861-11f1-bec8-b48c9db4e1b4,17,"[0, 0, 1, 0]",0,0,0,,0.25,4
789,991bef92-8861-11f1-bec8-b48c9db4e1b4,17,"[0, 0, 1, 0]",1,0,0,,0.25,4
790,991bef92-8861-11f1-bec8-b48c9db4e1b4,17,"[0, 0, 1, 0]",2,1,1,,0.25,4
791,991bef92-8861-11f1-bec8-b48c9db4e1b4,17,"[0, 0, 1, 0]",3,0,0,,0.25,4
792,991bef92-8861-11f1-bec8-b48c9db4e1b4,18,"[0, 0, 1, 0]",0,0,0,,0.25,4
793,991bef92-8861-11f1-bec8-b48c9db4e1b4,18,"[0, 0, 1, 0]",1,0,0,,0.25,4
794,991bef92-8861-11f1-bec8-b48c9db4e1b4,18,"[0, 0, 1, 0]",2,1,1,,0.25,4
795,991bef92-8861-11f1-bec8-b48c9db4e1b4,18,"[0, 0, 1, 0]",3,0,0,,0.25,4
796,991bef92-8861-11f1-bec8-b48c9db4e1b4,19,"[0, 0, 1, 0]",0,0,0,,0.25,4
797,991bef92-8861-11f1-bec8-b48c9db4e1b4,19,"[0, 0, 1, 0]",1,0,0,,0.25,4
798,991bef92-8861-11f1-bec8-b48c9db4e1b4,19,"[0, 0, 1, 0]",2,1,1,,0.25,4
799,991bef92-8861-11f1-bec8-b48c9db4e1b4,19,"[0, 0, 1, 0]",3,0,0,,0.25,4
800,991f278a-8861-11f1-a9ea-b48c9db4e1b4,0,"[0, 1, 1, 1]",0,0,0,,0.25,4
801,991f278a-8861-11f1-a9ea-b48c9db4e1b4,0,"[0, 1, 1, 1]",1,1,-1,,0.25,4
802,991f278a-8861-11f1-a9ea-b48c9db4e1b4,0,"[0, 1, 1, 1]",2,1,-1,,0.25,4
803,991f278a-8861-11f1-a9ea-b48c9db4e1b4,0,"[0, 1, 1, 1]",3,1,-1,,0.25,4
804,991f278a-8861-11f1-a9ea-b48c9db4e1b4,1,"[0, 0, 1, 0]",0,0,0,,0.25,4
805,991f278a-8861-11f1-a9ea-b48c9db4e1b4,1,"[0, 0, 1, 0]",1,0,0,,0.25,4
806,991f278a-8861-11f1-a9ea-b48c9db4e1b4,1,"[0, 0, 1, 0]",2,1,1,,0.25,4
807,991f278a-8861-11f1-a9ea-b48c9db4e1b4,1,"[0, 0, 1, 0]",3,0,0,,0.25,4
808,991f278a-8861-11f1-a9ea-b48c9db4e1b4,2,"[0, 0, 1, 0]",0,0,0,,0.25,4
809,991f278a-8861-11f1-a9ea-b48c9db4e1b4,2,"[0, 0, 1, 0]",1,0,0,,0.25,4
810,991f278a-8861-11f1-a9ea-b48c9db4e1b4,2,"[0, 0, 1, 0]",2,1,1,,0.25,4
811,991f278a-8861-11f1-a9ea-b48c9db4e1b4,2,"[0, 0, 1, 0]",3,0,0,,0.25,4
812,991f278a-8861-11f1-a9ea-b48c9db4e1b4,3,"[0, 0, 1, 0]",0,0,0,,0.25,4
813,991f278a-8861-11f1-a9ea-b48c9db4e1b4,3,"[0, 0, 1, 0]",1,0,0,,0.25,4
814,991f278a-8861-11f1-a9ea-b48c9db4e1b4,3,"[0, 0, 1, 0]",2,1,1,,0.25,4
815,991f278a-8861-11f1-a9ea-b48c9db4e1b4,3,"[0, 0, 1, 0]",3,0,0,,0.25,4
816,991f278a-8861-11f1-a9ea-b48c9db4e1b4,4,"[0, 0, 1, 0]",0,0,0,,0.25,4
817,991f278a-8861-11f1-a9ea-b48c9db4e1b4,4,"[0, 0, 1, 0]",1,0,0,,0.25,4
818,991f278a-8861-11f1-a9ea-b48c9db4e1b4,4,"[0, 0, 1, 0]",2,1,1,,0.25,4
819,991f278a-8861-11f1-a9ea-b48c9db4e1b4,4,"[0, 0, 1, 0]",3,0,0,,0.25,4
820,991f278a-8861-11f1-a9ea-b48c9db4e1b4,5,"[0, 0, 1, 0]",0,0,0,,0.25,4
821,991f278a-8861-11f1-a9ea-b48c9db4e1b4,5,"[0, 0, 1, 0]",1,0,0,,0.25,4
822,991f278a-8861-11f1-a9ea-b48c9db4e1b4,5,"[0, 0, 1, 0]",2,1,1,,0.25,4
823,991f278a-8861-11f1-a9ea-b48c9db4e1b4,5,"[0, 0, 1, 0]",3,0,0,,0.25,4
824,991f278a-8861-11f1-a9ea-b48c9db4e1b4,6,"[0, 0, 1, 0]",0,0,0,,0.25,4
825,991f278a-8861-11f1-a9ea-b48c9db4e1b4,6,"[0, 0, 1, 0]",1,0,0,,0.25,4
826,991f278a-8861-11f1-a9ea-b48c9db4e1b4,6,"[0, 0, 1, 0]",2,1,1,,0.25,4
827,991f278a-8861-11f1-a9ea-b48c9db4e1b4,6,"[0, 0, 1, 0]",3,0,0,,0.25,4
828,991f278a-8861-11f1-a9ea-b48c9db4e1b4,7,"[0, 0, 1, 0]",0,0,0,,0.25,4
829,991f278a-8861-11f1-a9ea-b48c9db4e1b4,7,"[0, 0, 1, 0]",1,0,0,,0.25,4
830,991f278a-8861-11f1-a9ea-b48c9db4e1b4,7,"[0, 0, 1, 0]",2,1,1,,0.25,4
831,991f278a-8861-11f1-a9ea-b48c9db4e1b4,7,"[0, 0, 1, 0]",3,0,0,,0.25,4
832,991f278a-8861-11f1-a9ea-b48c9db4e1b4,8,"[0, 0, 1, 0]",0,0,0,,0.25,4
833,991f278a-8861-11f1-a9ea-b48c9db4e1b4,8,"[0, 0, 1, 0]",1,0,0,,0.25,4
834,991f278a-8861-11f1-a9ea-b48c9db4e1b4,8,"[0, 0, 1, 0]",2,1,1,,0.25,4
835,991f278a-8861-11f1-a9ea-b48c9db4e1b4,8,"[0, 0, 1, 0]",3,0,0,,0.25,4
836,991f278a-8861-11f1-a9ea-b48c9db4e1b4,9,"[0, 0, 1, 0]",0,0,0,,0.25,4
837,991f278a-8861-11f1-a9ea-b48c9db4e1b4,9,"[0, 0, 1, 0]",1,0,0,,0.25,4
838,991f278a-8861-11f1-a9ea-b48c9db4e1b4,9,"[0, 0, 1, 0]",2,1,1,,0.25,4
839,991f278a-8861-11f1-a9ea-b48c9db4e1b4,9,"[0, 0, 1, 0]",3,0,0,,0.25,4
840,991f278a-8861-11f1-a9ea-b48c9db4e1b4,10,"[0, 0, 1, 0]",0,0,0,,0.25,4
841,991f278a-8861-11f1-a9ea-b48c9db4e1b4,10,"[0, 0, 1, 0]",1,0,0,,0.25,4
842,991f278a-8861-11f1-a9ea-b48c9db4e1b4,10,"[0, 0, 1, 0]",2,1,1,,0.25,4
843,991f278a-8861-11f1-a9ea-b48c9db4e1b4,10,"[0, 0, 1, 0]",3,0,0,,0.25,4
844,991f278a-8861-11f1-a9ea-b48c9db4e1b4,11,"[0, 0, 1, 0]",0,0,0,,0.25,4
845,991f278a-8861-11f1-a9ea-b48c9db4e1b4,11,"[0, 0, 1, 0]",1,0,0,,0.25,4
846,991f278a-8861-11f1-a9ea-b48c9db4e1b4,11,"[0, 0, 1, 0]",2,1,1,,0.25,4
847,991f278a-8861-11f1-a9ea-b48c9db4e1b4,11,"[0, 0, 1, 0]",3,0,0,,0.25,4
848,991f278a-8861-11f1-a9ea-b48c9db4e1b4,12,"[0, 0, 1, 0]",0,0,0,,0.25,4
849,991f278a-8861-11f1-a9ea-b48c9db4e1b4,12,"[0, 0, 1, 0]",1,0,0,,0.25,4
850,991f278a-8861-11f1-a9ea-b48c9db4e1b4,12,"[0, 0, 1, 0]",2,1,1,,0.25,4
851,991f278a-8861-11f1-a9ea-b48c9db4e1b4,12,"[0, 0, 1, 0]",3,0,0,,0.25,4
852,991f278a-8861-11f1-a9ea-b48c9db4e1b4,13,"[0, 0, 1, 0]",0,0,0,,0.25,4
853,991f278a-8861-11f1-a9ea-b48c9db4e1b4,13,"[0, 0, 1, 0]",1,0,0,,0.25,4
854,991f278a-8861-11f1-a9ea-b48c9db4e1b4,13,"[0, 0, 1, 0]",2,1,1,,0.25,4
855,991f278a-8861-11f1-a9ea-b48c9db4e1b4,13,"[0, 0, 1, 0]",3,0,0,,0.25,4
856,991f278a-8861-11f1-a9ea-b48c9db4e1b4,14,"[0, 0, 1, 0]",0,0,0,,0.25,4
857,991f278a-8861-11f1-a9ea-b48c9db4e1b4,14,"[0, 0, 1, 0]",1,0,0,,0.25,4
858,991f278a-8861-11f1-a9ea-b48c9db4e1b4,14,"[0, 0, 1, 0]",2,1,1,,0.25,4
859,991f278a-8861-11f1-a9ea-b48c9db4e1b4,14,"[0, 0, 1, 0]",3,0,0,,0.25,4
860,991f278a-8861-11f1-a9ea-b48c9db4e1b4,15,"[0, 0, 1, 0]",0,0,0,,0.25,4
861,991f278a-8861-11f1-a9ea-b48c9db4e1b4,15,"[0, 0, 1, 0]",1,0,0,,0.25,4
862,991f278a-8861-11f1-a9ea-b48c9db4e1b4,15,"[0, 0, 1, 0]",2,1,1,,0.25,4
863,991f278a-8861-11f1-a9ea-b48c9db4e1b4,15,"[0, 0, 1, 0]",3,0,0,,0.25,4
864,991f278a-8861-11f1-a9ea-b48c9db4e1b4,16,"[0, 0, 1, 0]",0,0,0,,0.25,4
865,991f278a-8861-11f1-a9ea-b48c9db4e1b4,16,"[0, 0, 1, 0]",1,0,0,,0.25,4
866,991f278a-8861-11f1-a9ea-b48c9db4e1b4,16,"[0, 0, 1, 0]",2,1,1,,0.25,4
867,991f278a-8861-11f1-a9ea-b48c9db4e1b4,16,"[0, 0, 1, 0]",3,0,0,,0.25,4
868,991f278a-8861-11f1-a9ea-b48c9db4e1b4,17,"[0, 0, 1, 0]",0,0,0,,0.25,4
869,991f278a-8861-11f1-a9ea-b48c9db4e1b4,17,"[0, 0, 1, 0]",1,0,0,,0.25,4
870,991f278a-8861-11f1-a9ea-b48c9db4e1b4,17,"[0, 0, 1, 0]",2,1,1,,0.25,4
871,991f278a-8861-11f1-a9ea-b48c9db4e1b4,17,"[0, 0, 1, 0]",3,0,0,,0.25,4
872,991f278a-8861-11f1-a9ea-b48c9db4e1b4,18,"[0, 0, 1, 0]",0,0,0,,0.25,4
873,991f278a-8861-11f1-a9ea-b48c9db4e1b4,18,"[0, 0, 1, 0]",1,0,0,,0.25,4
874,991f278a-8861-11f1-a9ea-b48c9db4e1b4,18,"[0, 0, 1, 0]",2,1,1,,0.25,4
875,991f278a-8861-11f1-a9ea-b48c9db4e1b4,18,"[0, 0, 1, 0]",3,0,0,,0.25,4
876,991f278a-8861-11f1-a9ea-b48c9db4e1b4,19,"[0, 0, 1, 0]",0,0,0,,0.25,4
877,991f278a-8861-11f1-a9ea-b48c9db4e1b4,19,"[0, 0, 1, 0]",1,0,0,,0.25,4
878,991f278a-8861-11f1-a9ea-b48c9db4e1b4,19,"[0, 0, 1, 0]",2,1,1,,0.25,4
879,991f278a-8861-11f1-a9ea-b48c9db4e1b4,19,"[0, 0, 1, 0]",3,0,0,,0.25,4
880,99225cfa-8861-11f1-a00d-b48c9db4e1b4,0,"[1, 1, 1, 1]",0,1,-1,,0.25,4
881,99225cfa-8861-11f1-a00d-b48c9db4e1b4,0,"[1, 1, 1, 1]",1,1,-1,,0.25,4
882,99225cfa-8861-11f1-a00d-b48c9db4e1b4,0,"[1, 1, 1, 1]",2,1,-1,,0.25,4
883,99225cfa-8861-11f1-a00d-b48c9db4e1b4,0,"[1, 1, 1, 1]",3,1,-1,,0.25,4
884,99225cfa-8861-11f1-a00d-b48c9db4e1b4,1,"[0, 0, 1, 0]",0,0,0,,0.25,4
885,99225cfa-8861-11f1-a00d-b48c9db4e1b4,1,"[0, 0, 1, 0]",1,0,0,,0.25,4
886,99225cfa-8861-11f1-a00d-b48c9db4e1b4,1,"[0, 0, 1, 0]",2,1,1,,0.25,4
887,99225cfa-8861-11f1-a00d-b48c9db4e1b4,1,"[0, 0, 1, 0]",3,0,0,,0.25,4
888,99225cfa-8861-11f1-a00d-b48c9db4e1b4,2,"[0, 0, 1, 0]",0,0,0,,0.25,4
889,99225cfa-8861-11f1-a00d-b48c9db4e1b4,2,"[0, 0, 1, 0]",1,0,0,,0.25,4
890,99225cfa-8861-11f1-a00d-b48c9db4e1b4,2,"[0, 0, 1, 0]",2,1,1,,0.25,4
891,99225cfa-8861-11f1-a00d-b48c9db4e1b4,2,"[0, 0, 1, 0]",3,0,0,,0.25,4
892,99225cfa-8861-11f1-a00d-b48c9db4e1b4,3,"[0, 0, 1, 0]",0,0,0,,0.25,4
893,99225cfa-8861-11f1-a00d-b48c9db4e1b4,3,"[0, 0, 1, 0]",1,0,0,,0.25,4
894,99225cfa-8861-11f1-a00d-b48c9db4e1b4,3,"[0, 0, 1, 0]",2,1,1,,0.25,4
895,99225cfa-8861-11f1-a00d-b48c9db4e1b4,3,"[0, 0, 1, 0]",3,0,0,,0.25,4
896,99225cfa-8861-11f1-a00d-b48c9db4e1b4,4,"[0, 0, 1, 0]",0,0,0,,0.25,4
897,99225cfa-8861-11f1-a00d-b48c9db4e1b4,4,"[0, 0, 1, 0]",1,0,0,,0.25,4
898,99225cfa-8861-11f1-a00d-b48c9db4e1b4,4,"[0, 0, 1, 0]",2,1,1,,0.25,4
899,99225cfa-8861-11f1-a00d-b48c9db4e1b4,4,"[0, 0, 1, 0]",3,0,0,,0.25,4
900,99225cfa-8861-11f1-a00d-b48c9db4e1b4,5,"[0, 0, 1, 0]",0,0,0,,0.25,4
901,99225cfa-8861-11f1-a00d-b48c9db4e1b4,5,"[0, 0, 1, 0]",1,0,0,,0.25,4
902,99225cfa-8861-11f1-a00d-b48c9db4e1b4,5,"[0, 0, 1, 0]",2,1,1,,0.25,4
903,99225cfa-8861-11f1-a00d-b48c9db4e1b4,5,"[0, 0, 1, 0]",3,0,0,,0.25,4
904,99225cfa-8861-11f1-a00d-b48c9db4e1b4,6,"[0, 0, 1, 0]",0,0,0,,0.25,4
905,99225cfa-8861-11f1-a00d-b48c9db4e1b4,6,"[0, 0, 1, 0]",1,0,0,,0.25,4
906,99225cfa-8861-11f1-a00d-b48c9db4e1b4,6,"[0, 0, 1, 0]",2,1,1,,0.25,4
907,99225cfa-8861-11f1-a00d-b48c9db4e1b4,6,"[0, 0, 1, 0]",3,0,0,,0.25,4
908,99225cfa-8861-11f1-a00d-b48c9db4e1b4,7,"[0, 0, 1, 0]",0,0,0,,0.25,4
909,99225cfa-8861-11f1-a00d-b48c9db4e1b4,7,"[0, 0, 1, 0]",1,0,0,,0.25,4
910,99225cfa-8861-11f1-a00d-b48c9db4e1b4,7,"[0, 0, 1, 0]",2,1,1,,0.25,4
911,99225cfa-8861-11f1-a00d-b48c9db4e1b4,7,"[0, 0, 1, 0]",3,0,0,,0.25,4
912,99225cfa-8861-11f1-a00d-b48c9db4e1b4,8,"[0, 0, 1, 0]",0,0,0,,0.25,4
913,99225cfa-8861-11f1-a00d-b48c9db4e1b4,8,"[0, 0, 1, 0]",1,0,0,,0.25,4
914,99225cfa-8861-11f1-a00d-b48c9db4e1b4,8,"[0, 0, 1, 0]",2,1,1,,0.25,4
915,99225cfa-8861-11f1-a00d-b48c9db4e1b4,8,"[0, 0, 1, 0]",3,0,0,,0.25,4
916,99225cfa-8861-11f1-a00d-b48c9db4e1b4,9,"[0, 0, 1, 0]",0,0,0,,0.25,4
917,99225cfa-8861-11f1-a00d-b48c9db4e1b4,9,"[0, 0, 1, 0]",1,0,0,,0.25,4
918,99225cfa-8861-11f1-a00d-b48c9db4e1b4,9,"[0, 0, 1, 0]",2,1,1,,0.25,4
919,99225cfa-8861-11f1-a00d-b48c9db4e1b4,9,"[0, 0, 1, 0]",3,0,0,,0.25,4
920,99225cfa-8861-11f1-a00d-b48c9db4e1b4,10,"[0, 0, 1, 0]",0,0,0,,0.25,4
921,99225cfa-8861-11f1-a00d-b48c9db4e1b4,10,"[0, 0, 1, 0]",1,0,0,,0.25,4
922,99225cfa-8861-11f1-a00d-b48c9db4e1b4,10,"[0, 0, 1, 0]",2,1,1,,0.25,4
923,99225cfa-8861-11f1-a00d-b48c9db4e1b4,10,"[0, 0, 1, 0]",3,0,0,,0.25,4
924,99225cfa-8861-11f1-a00d-b48c9db4e1b4,11,"[0, 0, 1, 0]",0,0,0,,0.25,4
925,99225cfa-8861-11f1-a00d-b48c9db4e1b4,11,"[0, 0, 1, 0]",1,0,0,,0.25,4
926,99225cfa-8861-11f1-a00d-b48c9db4e1b4,11,"[0, 0, 1, 0]",2,1,1,,0.25,4
927,99225cfa-8861-11f1-a00d-b48c9db4e1b4,11,"[0, 0, 1, 0]",3,0,0,,0.25,4
928,99225cfa-8861-11f1-a00d-b48c9db4e1b4,12,"[0, 0, 1, 0]",0,0,0,,0.25,4
929,99225cfa-8861-11f1-a00d-b48c9db4e1b4,12,"[0, 0, 1, 0]",1,0,0,,0.25,4
930,99225cfa-8861-11f1-a00d-b48c9db4e1b4,12,"[0, 0, 1, 0]",2,1,1,,0.25,4
931,99225cfa-8861-11f1-a00d-b48c9db4e1b4,12,"[0, 0, 1, 0]",3,0,0,,0.25,4
932,99225cfa-8861-11f1-a00d-b48c9db4e1b4,13,"[0, 0, 1, 0]",0,0,0,,0.25,4
933,99225cfa-8861-11f1-a00d-b48c9db4e1b4,13,"[0, 0, 1, 0]",1,0,0,,0.25,4
934,99225cfa-8861-11f1-a00d-b48c9db4e1b4,13,"[0, 0, 1, 0]",2,1,1,,0.25,4
935,99225cfa-8861-11f1-a00d-b48c9db4e1b4,13,"[0, 0, 1, 0]",3,0,0,,0.25,4
936,99225cfa-8861-11f1-a00d-b48c9db4e1b4,14,"[0, 0, 1, 0]",0,0,0,,0.25,4
937,99225cfa-8861-11f1-a00d-b48c9db4e1b4,14,"[0, 0, 1, 0]",1,0,0,,0.25,4
938,99225cfa-8861-11f1-a00d-b48c9db4e1b4,14,"[0, 0, 1, 0]",2,1,1,,0.25,4
939,99225cfa-8861-11f1-a00d-b48c9db4e1b4,14,"[0, 0, 1, 0]",3,0,0,,0.25,4
940,99225cfa-8861-11f1-a00d-b48c9db4e1b4,15,"[0, 0, 1, 0]",0,0,0,,0.25,4
941,99225cfa-8861-11f1-a00d-b48c9db4e1b4,15,"[0, 0, 1, 0]",1,0,0,,0.25,4
942,99225cfa-8861-11f1-a00d-b48c9db4e1b4,15,"[0, 0, 1, 0]",2,1,1,,0.25,4
943,99225cfa-8861-11f1-a00d-b48c9db4e1b4,15,"[0, 0, 1, 0]",3,0,0,,0.25,4
944,99225cfa-8861-11f1-a00d-b48c9db4e1b4,16,"[0, 0, 1, 0]",0,0,0,,0.25,4
945,99225cfa-8861-11f1-a00d-b48c9db4e1b4,16,"[0, 0, 1, 0]",1,0,0,,0.25,4
946,99225cfa-8861-11f1-a00d-b48c9db4e1b4,16,"[0, 0, 1, 0]",2,1,1,,0.25,4
947,99225cfa-8861-11f1-a00d-b48c9db4e1b4,16,"[0, 0, 1, 0]",3,0,0,,0.25,4
948,99225cfa-8861-11f1-a00d-b48c9db4e1b4,17,"[0, 0, 1, 0]",0,0,0,,0.25,4
949,99225cfa-8861-11f1-a00d-b48c9db4e1b4,17,"[0, 0, 1, 0]",1,0,0,,0.25,4
950,99225cfa-8861-11f1-a00d-b48c9db4e1b4,17,"[0, 0, 1, 0]",2,1,1,,0.25,4
951,99225cfa-8861-11f1-a00d-b48c9db4e1b4,17,"[0, 0, 1, 0]",3,0,0,,0.25,4
952,99225cfa-8861-11f1-a00d-b48c9db4e1b4,18,"[0, 0, 1, 0]",0,0,0,,0.25,4
953,99225cfa-8861-11f1-a00d-b48c9db4e1b4,18,"[0, 0, 1, 0]",1,0,0,,0.25,4
954,99225cfa-8861-11f1-a00d-b48c9db4e1b4,18,"[0, 0, 1, 0]",2,1,1,,0.25,4
955,99225cfa-8861-11f1-a00d-b48c9db4e1b4,18,"[0, 0, 1, 0]",3,0,0,,0.25,4
956,99225cfa-8861-11f1-a00d-b48c9db4e1b4,19,"[0, 0, 1, 0]",0,0,0,,0.25,4
957,99225cfa-8861-11f1-a00d-b48c9db4e1b4,19,"[0, 0, 1, 0]",1,0,0,,0.25,4
958,99225cfa-8861-11f1-a00d-b48c9db4e1b4,19,"[0, 0, 1, 0]",2,1,1,,0.25,4
959,99225cfa-8861-11f1-a00d-b48c9db4e1b4,19,"[0, 0, 1, 0]",3,0,0,,0.25,4
960,9925d8e4-8861-11f1-a455-b48c9db4e1b4,0,"[1, 1, 0, 1]",0,1,-1,,0.25,4
961,9925d8e4-8861-11f1-a455-b48c9db4e1b4,0,"[1, 1, 0, 1]",1,1,-1,,0.25,4
962,9925d8e4-8861-11f1-a455-b48c9db4e1b4,0,"[1, 1, 0, 1]",2,0,0,,0.25,4
963,9925d8e4-8861-11f1-a455-b48c9db4e1b4,0,"[1, 1, 0, 1]",3,1,-1,,0.25,4
964,9925d8e4-8861-11f1-a455-b48c9db4e1b4,1,"[1, 0, 0, 1]",0,1,-1,,0.25,4
965,9925d8e4-8861-11f1-a455-b48c9db4e1b4,1,"[1, 0, 0, 1]",1,0,0,,0.25,4
966,9925d8e4-8861-11f1-a455-b48c9db4e1b4,1,"[1, 0, 0, 1]",2,0,0,,0.25,4
967,9925d8e4-8861-11f1-a455-b48c9db4e1b4,1,"[1, 0, 0, 1]",3,1,-1,,0.25,4
968,9925d8e4-8861-11f1-a455-b48c9db4e1b4,2,"[1, 1, 0, 0]",0,1,-1,,0.25,4
969,9925d8e4-8861-11f1-a455-b48c9db4e1b4,2,"[1, 1, 0, 0]",1,1,-1,,0.25,4
970,9925d8e4-8861-11f1-a455-b48c9db4e1b4,2,"[1, 1, 0, 0]",2,0,0,,0.25,4
971,9925d8e4-8861-11f1-a455-b48c9db4e1b4,2,"[1, 1, 0, 0]",3,0,0,,0.25,4
972,9925d8e4-8861-11f1-a455-b48c9db4e1b4,3,"[1, 1, 1, 0]",0,1,-1,,0.25,4
973,9925d8e4-8861-11f1-a455-b48c9db4e1b4,3,"[1, 1, 1, 0]",1,1,-1,,0.25,4
974,9925d8e4-8861-11f1-a455-b48c9db4e1b4,3,"[1, 1, 1, 0]",2,1,-1,,0.25,4
975,9925d8e4-8861-11f1-a455-b48c9db4e1b4,3,"[1, 1, 1, 0]",3,0,0,,0.25,4
976,9925d8e4-8861-11f1-a455-b48c9db4e1b4,4,"[0, 1, 1, 0]",0,0,0,,0.25,4
977,9925d8e4-8861-11f1-a455-b48c9db4e1b4,4,"[0, 1, 1, 0]",1,1,-1,,0.25,4
978,9925d8e4-8861-11f1-a455-b48c9db4e1b4,4,"[0, 1, 1, 0]",2,1,-1,,0.25,4
979,9925d8e4-8861-11f1-a455-b48c9db4e1b4,4,"[0, 1, 1, 0]",3,0,0,,0.25,4
980,9925d8e4-8861-11f1-a455-b48c9db4e1b4,5,"[0, 0, 1, 0]",0,0,0,,0.25,4
981,9925d8e4-8861-11f1-a455-b48c9db4e1b4,5,"[0, 0, 1, 0]",1,0,0,,0.25,4
982,9925d8e4-8861-11f1-a455-b48c9db4e1b4,5,"[0, 0, 1, 0]",2,1,1,,0.25,4
983,9925d8e4-8861-11f1-a455-b48c9db4e1b4,5,"[0, 0, 1, 0]",3,0,0,,0.25,4
984,9925d8e4-8861-11f1-a455-b48c9db4e1b4,6,"[0, 0, 1, 0]",0,0,0,,0.25,4
985,9925d8e4-8861-11f1-a455-b48c9db4e1b4,6,"[0, 0, 1, 0]",1,0,0,,0.25,4
986,9925d8e4-8861-11f1-a455-b48c9db4e1b4,6,"[0, 0, 1, 0]",2,1,1,,0.25,4
987,9925d8e4-8861-11f1-a455-b48c9db4e1b4,6,"[0, 0, 1, 0]",3,0,0,,0.25,4
988,9925d8e4-8861-11f1-a455-b48c9db4e1b4,7,"[0, 0, 1, 0]",0,0,0,,0.25,4
989,9925d8e4-8861-11f1-a455-b48c9db4e1b4,7,"[0, 0, 1, 0]",1,0,0,,0.25,4
990,9925d8e4-8861-11f1-a455-b48c9db4e1b4,7,"[0, 0, 1, 0]",2,1,1,,0.25,4
991,9925d8e4-8861-11f1-a455-b48c9db4e1b4,7,"[0, 0, 1, 0]",3,0,0,,0.25,4
992,9925d8e4-8861-11f1-a455-b48c9db4e1b4,8,"[0, 0, 1, 0]",0,0,0,,0.25,4
993,9925d8e4-8861-11f1-a455-b48c9db4e1b4,8,"[0, 0, 1, 0]",1,0,0,,0.25,4
994,9925d8e4-8861-11f1-a455-b48c9db4e1b4,8,"[0, 0, 1, 0]",2,1,1,,0.25,4
995,9925d8e4-8861-11f1-a455-b48c9db4e1b4,8,"[0, 0, 1, 0]",3,0,0,,0.25,4
996,9925d8e4-8861-11f1-a455-b48c9db4e1b4,9,"[0, 0, 1, 0]",0,0,0,,0.25,4
997,9925d8e4-8861-11f1-a455-b48c9db4e1b4,9,"[0, 0, 1, 0]",1,0,0,,0.25,4
998,9925d8e4-8861-11f1-a455-b48c9db4e1b4,9,"[0, 0, 1, 0]",2,1,1,,0.25,4
999,9925d8e4-8861-11f1-a455-b48c9db4e1b4,9,"[0, 0, 1, 0]",3,0,0,,0.25,4
1000,9925d8e4-8861-11f1-a455-b48c9db4e1b4,10,"[0, 0, 1, 0]",0,0,0,,0.25,4
1001,9925d8e4-8861-11f1-a455-b48c9db4e1b4,10,"[0, 0, 1, 0]",1,0,0,,0.25,4
1002,9925d8e4-8861-11f1-a455-b48c9db4e1b4,10,"[0, 0, 1, 0]",2,1,1,,0.25,4
1003,9925d8e4-8861-11f1-a455-b48c9db4e1b4,10,"[0, 0, 1, 0]",3,0,0,,0.25,4
1004,9925d8e4-8861-11f1-a455-b48c9db4e1b4,11,"[0, 0, 1, 0]",0,0,0,,0.25,4
1005,9925d8e4-8861-11f1-a455-b48c9db4e1b4,11,"[0, 0, 1, 0]",1,0,0,,0.25,4
1006,9925d8e4-8861-11f1-a455-b48c9db4e1b4,11,"[0, 0, 1, 0]",2,1,1,,0.25,4
1007,9925d8e4-8861-11f1-a455-b48c9db4e1b4,11,"[0, 0, 1, 0]",3,0,0,,0.25,4
1008,9925d8e4-8861-11f1-a455-b48c9db4e1b4,12,"[0, 0, 1, 0]",0,0,0,,0.25,4
1009,9925d8e4-8861-11f1-a455-b48c9db4e1b4,12,"[0, 0, 1, 0]",1,0,0,,0.25,4
1010,9925d8e4-8861-11f1-a455-b48c9db4e1b4,12,"[0, 0, 1, 0]",2,1,1,,0.25,4
1011,9925d8e4-8861-11f1-a455-b48c9db4e1b4,12,"[0, 0, 1, 0]",3,0,0,,0.25,4
1012,9925d8e4-8861-11f1-a455-b48c9db4e1b4,13,"[0, 0, 1, 0]",0,0,0,,0.25,4
1013,9925d8e4-8861-11f1-a455-b48c9db4e1b4,13,"[0, 0, 1, 0]",1,0,0,,0.25,4
1014,9925d8e4-8861-11f1-a455-b48c9db4e1b4,13,"[0, 0, 1, 0]",2,1,1,,0.25,4
1015,9925d8e4-8861-11f1-a455-b48c9db4e1b4,13,"[0, 0, 1, 0]",3,0,0,,0.25,4
1016,9925d8e4-8861-11f1-a455-b48c9db4e1b4,14,"[0, 0, 1, 0]",0,0,0,,0.25,4
1017,9925d8e4-8861-11f1-a455-b48c9db4e1b4,14,"[0, 0, 1, 0]",1,0,0,,0.25,4
1018,9925d8e4-8861-11f1-a455-b48c9db4e1b4,14,"[0, 0, 1, 0]",2,1,1,,0.25,4
1019,9925d8e4-8861-11f1-a455-b48c9db4e1b4,14,"[0, 0, 1, 0]",3,0,0,,0.25,4
1020,9925d8e4-8861-11f1-a455-b48c9db4e1b4,15,"[0, 0, 1, 0]",0,0,0,,0.25,4
1021,9925d8e4-8861-11f1-a455-b48c9db4e1b4,15,"[0, 0, 1, 0]",1,0,0,,0.25,4
1022,9925d8e4-8861-11f1-a455-b48c9db4e1b4,15,"[0, 0, 1, 0]",2,1,1,,0.25,4
1023,9925d8e4-8861-11f1-a455-b48c9db4e1b4,15,"[0, 0, 1, 0]",3,0,0,,0.25,4
1024,9925d8e4-8861-11f1-a455-b48c9db4e1b4,16,"[0, 0, 1, 0]",0,0,0,,0.25,4
1025,9925d8e4-8861-11f1-a455-b48c9db4e1b4,16,"[0, 0, 1, 0]",1,0,0,,0.25,4
1026,9925d8e4-8861-11f1-a455-b48c9db4e1b4,16,"[0, 0, 1, 0]",2,1,1,,0.25,4
1027,9925d8e4-8861-11f1-a455-b48c9db4e1b4,16,"[0, 0, 1, 0]",3,0,0,,0.25,4
1028,9925d8e4-8861-11f1-a455-b48c9db4e1b4,17,"[0, 0, 1, 0]",0,0,0,,0.25,4
1029,9925d8e4-8861-11f1-a455-b48c9db4e1b4,17,"[0, 0, 1, 0]",1,0,0,,0.25,4
1030,9925d8e4-8861-11f1-a455-b48c9db4e1b4,17,"[0, 0, 1, 0]",2,1,1,,0.25,4
1031,9925d8e4-8861-11f1-a455-b48c9db4e1b4,17,"[0, 0, 1, 0]",3,0,0,,0.25,4
1032,9925d8e4-8861-11f1-a455-b48c9db4e1b4,18,"[0, 0, 1, 0]",0,0,0,,0.25,4
1033,9925d8e4-8861-11f1-a455-b48c9db4e1b4,18,"[0, 0, 1, 0]",1,0,0,,0.25,4
1034,9925d8e4-8861-11f1-a455-b48c9db4e1b4,18,"[0, 0, 1, 0]",2,1,1,,0.25,4
1035,9925d8e4-8861-11f1-a455-b48c9db4e1b4,18,"[0, 0, 1, 0]",3,0,0,,0.25,4
1036,9925d8e4-8861-11f1-a455-b48c9db4e1b4,19,"[0, 0, 1, 0]",0,0,0,,0.25,4
1037,9925d8e4-8861-11f1-a455-b48c9db4e1b4,19,"[0, 0, 1, 0]",1,0,0,,0.25,4
1038,9925d8e4-8861-11f1-a455-b48c9db4e1b4,19,"[0, 0, 1, 0]",2,1,1,,0.25,4
1039,9925d8e4-8861-11f1-a455-b48c9db4e1b4,19,"[0, 0, 1, 0]",3,0,0,,0.25,4
1040,992907cb-8861-11f1-b423-b48c9db4e1b4,0,"[0, 1, 1, 1]",0,0,0,,0.25,4
1041,992907cb-8861-11f1-b423-b48c9db4e1b4,0,"[0, 1, 1, 1]",1,1,-1,,0.25,4
1042,992907cb-8861-11f1-b423-b48c9db4e1b4,0,"[0, 1, 1, 1]",2,1,-1,,0.25,4
1043,992907cb-8861-11f1-b423-b48c9db4e1b4,0,"[0, 1, 1, 1]",3,1,-1,,0.25,4
1044,992907cb-8861-11f1-b423-b48c9db4e1b4,1,"[0, 0, 1, 0]",0,0,0,,0.25,4
1045,992907cb-8861-11f1-b423-b48c9db4e1b4,1,"[0, 0, 1, 0]",1,0,0,,0.25,4
1046,992907cb-8861-11f1-b423-b48c9db4e1b4,1,"[0, 0, 1, 0]",2,1,1,,0.25,4
1047,992907cb-8861-11f1-b423-b48c9db4e1b4,1,"[0, 0, 1, 0]",3,0,0,,0.25,4
1048,992907cb-8861-11f1-b423-b48c9db4e1b4,2,"[0, 0, 1, 0]",0,0,0,,0.25,4
1049,992907cb-8861-11f1-b423-b48c9db4e1b4,2,"[0, 0, 1, 0]",1,0,0,,0.25,4
1050,992907cb-8861-11f1-b423-b48c9db4e1b4,2,"[0, 0, 1, 0]",2,1,1,,0.25,4
1051,992907cb-8861-11f1-b423-b48c9db4e1b4,2,"[0, 0, 1, 0]",3,0,0,,0.25,4
1052,992907cb-8861-11f1-b423-b48c9db4e1b4,3,"[0, 0, 1, 0]",0,0,0,,0.25,4
1053,992907cb-8861-11f1-b423-b48c9db4e1b4,3,"[0, 0, 1, 0]",1,0,0,,0.25,4
1054,992907cb-8861-11f1-b423-b48c9db4e1b4,3,"[0, 0, 1, 0]",2,1,1,,0.25,4
1055,992907cb-8861-11f1-b423-b48c9db4e1b4,3,"[0, 0, 1, 0]",3,0,0,,0.25,4
1056,992907cb-8861-11f1-b423-b48c9db4e1b4,4,"[0, 0, 1, 0]",0,0,0,,0.25,4
1057,992907cb-8861-11f1-b423-b48c9db4e1b4,4,"[0, 0, 1, 0]",1,0,0,,0.25,4
1058,992907cb-8861-11f1-b423-b48c9db4e1b4,4,"[0, 0, 1, 0]",2,1,1,,0.25,4
1059,992907cb-8861-11f1-b423-b48c9db4e1b4,4,"[0, 0, 1, 0]",3,0,0,,0.25,4
1060,992907cb-8861-11f1-b423-b48c9db4e1b4,5,"[0, 0, 1, 0]",0,0,0,,0.25,4
1061,992907cb-8861-11f1-b423-b48c9db4e1b4,5,"[0, 0, 1, 0]",1,0,0,,0.25,4
1062,992907cb-8861-11f1-b423-b48c9db4e1b4,5,"[0, 0, 1, 0]",2,1,1,,0.25,4
1063,992907cb-8861-11f1-b423-b48c9db4e1b4,5,"[0, 0, 1, 0]",3,0,0,,0.25,4
1064,992907cb-8861-11f1-b423-b48c9db4e1b4,6,"[0, 0, 1, 0]",0,0,0,,0.25,4
1065,992907cb-8861-11f1-b423-b48c9db4e1b4,6,"[0, 0, 1, 0]",1,0,0,,0.25,4
1066,992907cb-8861-11f1-b423-b48c9db4e1b4,6,"[0, 0, 1, 0]",2,1,1,,0.25,4
1067,992907cb-8861-11f1-b423-b48c9db4e1b4,6,"[0, 0, 1, 0]",3,0,0,,0.25,4
1068,992907cb-8861-11f1-b423-b48c9db4e1b4,7,"[0, 0, 1, 0]",0,0,0,,0.25,4
1069,992907cb-8861-11f1-b423-b48c9db4e1b4,7,"[0, 0, 1, 0]",1,0,0,,0.25,4
1070,992907cb-8861-11f1-b423-b48c9db4e1b4,7,"[0, 0, 1, 0]",2,1,1,,0.25,4
1071,992907cb-8861-11f1-b423-b48c9db4e1b4,7,"[0, 0, 1, 0]",3,0,0,,0.25,4
1072,992907cb-8861-11f1-b423-b48c9db4e1b4,8,"[0, 0, 1, 0]",0,0,0,,0.25,4
1073,992907cb-8861-11f1-b423-b48c9db4e1b4,8,"[0, 0, 1, 0]",1,0,0,,0.25,4
1074,992907cb-8861-11f1-b423-b48c9db4e1b4,8,"[0, 0, 1, 0]",2,1,1,,0.25,4
1075,992907cb-8861-11f1-b423-b48c9db4e1b4,8,"[0, 0, 1, 0]",3,0,0,,0.25,4
1076,992907cb-8861-11f1-b423-b48c9db4e1b4,9,"[0, 0, 1, 0]",0,0,0,,0.25,4
1077,992907cb-8861-11f1-b423-b48c9db4e1b4,9,"[0, 0, 1, 0]",1,0,0,,0.25,4
1078,992907cb-8861-11f1-b423-b48c9db4e1b4,9,"[0, 0, 1, 0]",2,1,1,,0.25,4
1079,992907cb-8861-11f1-b423-b48c9db4e1b4,9,"[0, 0, 1, 0]",3,0,0,,0.25,4
1080,992907cb-8861-11f1-b423-b48c9db4e1b4,10,"[0, 0, 1, 0]",0,0,0,,0.25,4
1081,992907cb-8861-11f1-b423-b48c9db4e1b4,10,"[0, 0, 1, 0]",1,0,0,,0.25,4
1082,992907cb-8861-11f1-b423-b48c9db4e1b4,10,"[0, 0, 1, 0]",2,1,1,,0.25,4
1083,992907cb-8861-11f1-b423-b48c9db4e1b4,10,"[0, 0, 1, 0]",3,0,0,,0.25,4
1084,992907cb-8861-11f1-b423-b48c9db4e1b4,11,"[0, 0, 1, 0]",0,0,0,,0.25,4
1085,992907cb-8861-11f1-b423-b48c9db4e1b4,11,"[0, 0, 1, 0]",1,0,0,,0.25,4
1086,992907cb-8861-11f1-b423-b48c9db4e1b4,11,"[0, 0, 1, 0]",2,1,1,,0.25,4
1087,992907cb-8861-11f1-b423-b48c9db4e1b4,11,"[0, 0, 1, 0]",3,0,0,,0.25,4
1088,992907cb-8861-11f1-b423-b48c9db4e1b4,12,"[0, 0, 1, 0]",0,0,0,,0.25,4
1089,992907cb-8861-11f1-b423-b48c9db4e1b4,12,"[0, 0, 1, 0]",1,0,0,,0.25,4
1090,992907cb-8861-11f1-b423-b48c9db4e1b4,12,"[0, 0, 1, 0]",2,1,1,,0.25,4
1091,992907cb-8861-11f1-b423-b48c9db4e1b4,12,"[0, 0, 1, 0]",3,0,0,,0.25,4
1092,992907cb-8861-11f1-b423-b48c9db4e1b4,13,"[0, 0, 1, 0]",0,0,0,,0.25,4
1093,992907cb-8861-11f1-b423-b48c9db4e1b4,13,"[0, 0, 1, 0]",1,0,0,,0.25,4
1094,992907cb-8861-11f1-b423-b48c9db4e1b4,13,"[0, 0, 1, 0]",2,1,1,,0.25,4
1095,992907cb-8861-11f1-b423-b48c9db4e1b4,13,"[0, 0, 1, 0]",3,0,0,,0.25,4
1096,992907cb-8861-11f1-b423-b48c9db4e1b4,14,"[0, 0, 1, 0]",0,0,0,,0.25,4
1097,992907cb-8861-11f1-b423-b48c9db4e1b4,14,"[0, 0, 1, 0]",1,0,0,,0.25,4
1098,992907cb-8861-11f1-b423-b48c9db4e1b4,14,"[0, 0, 1, 0]",2,1,1,,0.25,4
1099,992907cb-8861-11f1-b423-b48c9db4e1b4,14,"[0, 0, 1, 0]",3,0,0,,0.25,4
1100,992907cb-8861-11f1-b423-b48c9db4e1b4,15,"[0, 0, 1, 0]",0,0,0,,0.25,4
1101,992907cb-8861-11f1-b423-b48c9db4e1b4,15,"[0, 0, 1, 0]",1,0,0,,0.25,4
1102,992907cb-8861-11f1-b423-b48c9db4e1b4,15,"[0, 0, 1, 0]",2,1,1,,0.25,4
1103,992907cb-8861-11f1-b423-b48c9db4e1b4,15,"[0, 0, 1, 0]",3,0,0,,0.25,4
1104,992907cb-8861-11f1-b423-b48c9db4e1b4,16,"[0, 0, 1, 0]",0,0,0,,0.25,4
1105,992907cb-8861-11f1-b423-b48c9db4e1b4,16,"[0, 0, 1, 0]",1,0,0,,0.25,4
1106,992907cb-8861-11f1-b423-b48c9db4e1b4,16,"[0, 0, 1, 0]",2,1,1,,0.25,4
1107,992907cb-8861-11f1-b423-b48c9db4e1b4,16,"[0, 0, 1, 0]",3,0,0,,0.25,4
1108,992907cb-8861-11f1-b423-b48c9db4e1b4,17,"[0, 0, 1, 0]",0,0,0,,0.25,4
1109,992907cb-8861-11f1-b423-b48c9db4e1b4,17,"[0, 0, 1, 0]",1,0,0,,0.25,4
1110,992907cb-8861-11f1-b423-b48c9db4e1b4,17,"[0, 0, 1, 0]",2,1,1,,0.25,4
1111,992907cb-8861-11f1-b423-b48c9db4e1b4,17,"[0, 0, 1, 0]",3,0,0,,0.25,4
1112,992907cb-8861-11f1-b423-b48c9db4e1b4,18,"[0, 0, 1, 0]",0,0,0,,0.25,4
1113,992907cb-8861-11f1-b423-b48c9db4e1b4,18,"[0, 0, 1, 0]",1,0,0,,0.25,4
1114,992907cb-8861-11f1-b423-b48c9db4e1b4,18,"[0, 0, 1, 0]",2,1,1,,0.25,4
1115,992907cb-8861-11f1-b423-b48c9db4e1b4,18,"[0, 0, 1, 0]",3,0,0,,0.25,4
1116,992907cb-8861-11f1-b423-b48c9db4e1b4,19,"[0, 0, 1, 0]",0,0,0,,0.25,4
1117,992907cb-8861-11f1-b423-b48c9db4e1b4,19,"[0, 0, 1, 0]",1,0,0,,0.25,4
1118,992907cb-8861-11f1-b423-b48c9db4e1b4,19,"[0, 0, 1, 0]",2,1,1,,0.25,4
1119,992907cb-8861-11f1-b423-b48c9db4e1b4,19,"[0, 0, 1, 0]",3,0,0,,0.25,4
1120,992c6286-8861-11f1-9369-b48c9db4e1b4,0,"[1, 1, 0, 1]",0,1,-1,,0.25,4
1121,992c6286-8861-11f1-9369-b48c9db4e1b4,0,"[1, 1, 0, 1]",1,1,-1,,0.25,4
1122,992c6286-8861-11f1-9369-b48c9db4e1b4,0,"[1, 1, 0, 1]",2,0,0,,0.25,4
1123,992c6286-8861-11f1-9369-b48c9db4e1b4,0,"[1, 1, 0, 1]",3,1,-1,,0.25,4
1124,992c6286-8861-11f1-9369-b48c9db4e1b4,1,"[0, 0, 0, 0]",0,0,0,,0.25,4
1125,992c6286-8861-11f1-9369-b48c9db4e1b4,1,"[0, 0, 0, 0]",1,0,0,,0.25,4
1126,992c6286-8861-11f1-9369-b48c9db4e1b4,1,"[0, 0, 0, 0]",2,0,0,,0.25,4
1127,992c6286-8861-11f1-9369-b48c9db4e1b4,1,"[0, 0, 0, 0]",3,0,0,,0.25,4
1128,992c6286-8861-11f1-9369-b48c9db4e1b4,2,"[1, 0, 0, 0]",0,1,1,,0.25,4
1129,992c6286-8861-11f1-9369-b48c9db4e1b4,2,"[1, 0, 0, 0]",1,0,0,,0.25,4
1130,992c6286-8861-11f1-9369-b48c9db4e1b4,2,"[1, 0, 0, 0]",2,0,0,,0.25,4
1131,992c6286-8861-11f1-9369-b48c9db4e1b4,2,"[1, 0, 0, 0]",3,0,0,,0.25,4
1132,992c6286-8861-11f1-9369-b48c9db4e1b4,3,"[0, 0, 1, 0]",0,0,0,,0.25,4
1133,992c6286-8861-11f1-9369-b48c9db4e1b4,3,"[0, 0, 1, 0]",1,0,0,,0.25,4
1134,992c6286-8861-11f1-9369-b48c9db4e1b4,3,"[0, 0, 1, 0]",2,1,1,,0.25,4
1135,992c6286-8861-11f1-9369-b48c9db4e1b4,3,"[0, 0, 1, 0]",3,0,0,,0.25,4
1136,992c6286-8861-11f1-9369-b48c9db4e1b4,4,"[0, 0, 1, 0]",0,0,0,,0.25,4
1137,992c6286-8861-11f1-9369-b48c9db4e1b4,4,"[0, 0, 1, 0]",1,0,0,,0.25,4
1138,992c6286-8861-11f1-9369-b48c9db4e1b4,4,"[0, 0, 1, 0]",2,1,1,,0.25,4
1139,992c6286-8861-11f1-9369-b48c9db4e1b4,4,"[0, 0, 1, 0]",3,0,0,,0.25,4
1140,992c6286-8861-11f1-9369-b48c9db4e1b4,5,"[0, 0, 1, 0]",0,0,0,,0.25,4
1141,992c6286-8861-11f1-9369-b48c9db4e1b4,5,"[0, 0, 1, 0]",1,0,0,,0.25,4
1142,992c6286-8861-11f1-9369-b48c9db4e1b4,5,"[0, 0, 1, 0]",2,1,1,,0.25,4
1143,992c6286-8861-11f1-9369-b48c9db4e1b4,5,"[0, 0, 1, 0]",3,0,0,,0.25,4
1144,992c6286-8861-11f1-9369-b48c9db4e1b4,6,"[0, 0, 1, 0]",0,0,0,,0.25,4
1145,992c6286-8861-11f1-9369-b48c9db4e1b4,6,"[0, 0, 1, 0]",1,0,0,,0.25,4
1146,992c6286-8861-11f1-9369-b48c9db4e1b4,6,"[0, 0, 1, 0]",2,1,1,,0.25,4
1147,992c6286-8861-11f1-9369-b48c9db4e1b4,6,"[0, 0, 1, 0]",3,0,0,,0.25,4
1148,992c6286-8861-11f1-9369-b48c9db4e1b4,7,"[0, 0, 1, 0]",0,0,0,,0.25,4
1149,992c6286-8861-11f1-9369-b48c9db4e1b4,7,"[0, 0, 1, 0]",1,0,0,,0.25,4
1150,992c6286-8861-11f1-9369-b48c9db4e1b4,7,"[0, 0, 1, 0]",2,1,1,,0.25,4
1151,992c6286-8861-11f1-9369-b48c9db4e1b4,7,"[0, 0, 1, 0]",3,0,0,,0.25,4
1152,992c6286-8861-11f1-9369-b48c9db4e1b4,8,"[0, 0, 1, 0]",0,0,0,,0.25,4
1153,992c6286-8861-11f1-9369-b48c9db4e1b4,8,"[0, 0, 1, 0]",1,0,0,,0.25,4
1154,992c6286-8861-11f1-9369-b48c9db4e1b4,8,"[0, 0, 1, 0]",2,1,1,,0.25,4
1155,992c6286-8861-11f1-9369-b48c9db4e1b4,8,"[0, 0, 1, 0]",3,0,0,,0.25,4
1156,992c6286-8861-11f1-9369-b48c9db4e1b4,9,"[0, 0, 1, 0]",0,0,0,,0.25,4
1157,992c6286-8861-11f1-9369-b48c9db4e1b4,9,"[0, 0, 1, 0]",1,0,0,,0.25,4
1158,992c6286-8861-11f1-9369-b48c9db4e1b4,9,"[0, 0, 1, 0]",2,1,1,,0.25,4
1159,992c6286-8861-11f1-9369-b48c9db4e1b4,9,"[0, 0, 1, 0]",3,0,0,,0.25,4
1160,992c6286-8861-11f1-9369-b48c9db4e1b4,10,"[0, 0, 1, 0]",0,0,0,,0.25,4
1161,992c6286-8861-11f1-9369-b48c9db4e1b4,10,"[0, 0, 1, 0]",1,0,0,,0.25,4
1162,992c6286-8861-11f1-9369-b48c9db4e1b4,10,"[0, 0, 1, 0]",2,1,1,,0.25,4
1163,992c6286-8861-11f1-9369-b48c9db4e1b4,10,"[0, 0, 1, 0]",3,0,0,,0.25,4
1164,992c6286-8861-11f1-9369-b48c9db4e1b4,11,"[0, 0, 1, 0]",0,0,0,,0.25,4
1165,992c6286-8861-11f1-9369-b48c9db4e1b4,11,"[0, 0, 1, 0]",1,0,0,,0.25,4
1166,992c6286-8861-11f1-9369-b48c9db4e1b4,11,"[0, 0, 1, 0]",2,1,1,,0.25,4
1167,992c6286-8861-11f1-9369-b48c9db4e1b4,11,"[0, 0, 1, 0]",3,0,0,,0.25,4
1168,992c6286-8861-11f1-9369-b48c9db4e1b4,12,"[0, 0, 1, 0]",0,0,0,,0.25,4
1169,992c6286-8861-11f1-9369-b48c9db4e1b4,12,"[0, 0, 1, 0]",1,0,0,,0.25,4
1170,992c6286-8861-11f1-9369-b48c9db4e1b4,12,"[0, 0, 1, 0]",2,1,1,,0.25,4
1171,992c6286-8861-11f1-9369-b48c9db4e1b4,12,"[0, 0, 1, 0]",3,0,0,,0.25,4
1172,992c6286-8861-11f1-9369-b48c9db4e1b4,13,"[0, 0, 1, 0]",0,0,0,,0.25,4
1173,992c6286-8861-11f1-9369-b48c9db4e1b4,13,"[0, 0, 1, 0]",1,0,0,,0.25,4
1174,992c6286-8861-11f1-9369-b48c9db4e1b4,13,"[0, 0, 1, 0]",2,1,1,,0.25,4
1175,992c6286-8861-11f1-9369-b48c9db4e1b4,13,"[0, 0, 1, 0]",3,0,0,,0.25,4
1176,992c6286-8861-11f1-9369-b48c9db4e1b4,14,"[0, 0, 1, 0]",0,0,0,,0.25,4
1177,992c6286-8861-11f1-9369-b48c9db4e1b4,14,"[0, 0, 1, 0]",1,0,0,,0.25,4
1178,992c6286-8861-11f1-9369-b48c9db4e1b4,14,"[0, 0, 1, 0]",2,1,1,,0.25,4
1179,992c6286-8861-11f1-9369-b48c9db4e1b4,14,"[0, 0, 1, 0]",3,0,0,,0.25,4
1180,992c6286-8861-11f1-9369-b48c9db4e1b4,15,"[0, 0, 1, 0]",0,0,0,,0.25,4
1181,992c6286-8861-11f1-9369-b48c9db4e1b4,15,"[0, 0, 1, 0]",1,0,0,,0.25,4
1182,992c6286-8861-11f1-9369-b48c9db4e1b4,15,"[0, 0, 1, 0]",2,1,1,,0.25,4
1183,992c6286-8861-11f1-9369-b48c9db4e1b4,15,"[0, 0, 1, 0]",3,0,0,,0.25,4
1184,992c6286-8861-11f1-9369-b48c9db4e1b4,16,"[0, 0, 1, 0]",0,0,0,,0.25,4
1185,992c6286-8861-11f1-9369-b48c9db4e1b4,16,"[0, 0, 1, 0]",1,0,0,,0.25,4
1186,992c6286-8861-11f1-9369-b48c9db4e1b4,16,"[0, 0, 1, 0]",2,1,1,,0.25,4
1187,992c6286-8861-11f1-9369-b48c9db4e1b4,16,"[0, 0, 1, 0]",3,0,0,,0.25,4
1188,992c6286-8861-11f1-9369-b48c9db4e1b4,17,"[0, 0, 1, 0]",0,0,0,,0.25,4
1189,992c6286-8861-11f1-9369-b48c9db4e1b4,17,"[0, 0, 1, 0]",1,0,0,,0.25,4
1190,992c6286-8861-11f1-9369-b48c9db4e1b4,17,"[0, 0, 1, 0]",2,1,1,,0.25,4
1191,992c6286-8861-11f1-9369-b48c9db4e1b4,17,"[0, 0, 1, 0]",3,0,0,,0.25,4
1192,992c6286-8861-11f1-9369-b48c9db4e1b4,18,"[0, 0, 1, 0]",0,0,0,,0.25,4
1193,992c6286-8861-11f1-9369-b48c9db4e1b4,18,"[0, 0, 1, 0]",1,0,0,,0.25,4
1194,992c6286-8861-11f1-9369-b48c9db4e1b4,18,"[0, 0, 1, 0]",2,1,1,,0.25,4
1195,992c6286-8861-11f1-9369-b48c9db4e1b4,18,"[0, 0, 1, 0]",3,0,0,,0.25,4
1196,992c6286-8861-11f1-9369-b48c9db4e1b4,19,"[0, 0, 1, 0]",0,0,0,,0.25,4
1197,992c6286-8861-11f1-9369-b48c9db4e1b4,19,"[0, 0, 1, 0]",1,0,0,,0.25,4
1198,992c6286-8861-11f1-9369-b48c9db4e1b4,19,"[0, 0, 1, 0]",2,1,1,,0.25,4
1199,992c6286-8861-11f1-9369-b48c9db4e1b4,19,"[0, 0, 1, 0]",3,0,0,,0.25,4
1200,992fafb1-8861-11f1-a0c2-b48c9db4e1b4,0,"[1, 0, 1, 0]",0,1,-1,,0.25,4
1201,992fafb1-8861-11f1-a0c2-b48c9db4e1b4,0,"[1, 0, 1, 0]",1,0,0,,0.25,4
1202,992fafb1-8861-11f1-a0c2-b48c9db4e1b4,0,"[1, 0, 1, 0]",2,1,-1,,0.25,4
1203,992fafb1-8861-11f1-a0c2-b48c9db4e1b4,0,"[1, 0, 1, 0]",3,0,0,,0.25,4
1204,992fafb1-8861-11f1-a0c2-b48c9db4e1b4,1,"[0, 0, 1, 0]",0,0,0,,0.25,4
1205,992fafb1-8861-11f1-a0c2-b48c9db4e1b4,1,"[0, 0, 1, 0]",1,0,0,,0.25,4
1206,992fafb1-8861-11f1-a0c2-b48c9db4e1b4,1,"[0, 0, 1, 0]",2,1,1,,0.25,4
1207,992fafb1-8861-11f1-a0c2-b48c9db4e1b4,1,"[0, 0, 1, 0]",3,0,0,,0.25,4
1208,992fafb1-8861-11f1-a0c2-b48c9db4e1b4,2,"[0, 0, 1, 0]",0,0,0,,0.25,4
1209,992fafb1-8861-11f1-a0c2-b48c9db4e1b4,2,"[0, 0, 1, 0]",1,0,0,,0.25,4
1210,992fafb1-8861-11f1-a0c2-b48c9db4e1b4,2,"[0, 0, 1, 0]",2,1,1,,0.25,4
1211,992fafb1-8861-11f1-a0c2-b48c9db4e1b4,2,"[0, 0, 1, 0]",3,0,0,,0.25,4
1212,992fafb1-8861-11f1-a0c2-b48c9db4e1b4,3,"[0, 0, 1, 0]",0,0,0,,0.25,4
1213,992fafb1-8861-11f1-a0c2-b48c9db4e1b4,3,"[0, 0, 1, 0]",1,0,0,,0.25,4
1214,992fafb1-8861-11f1-a0c2-b48c9db4e1b4,3,"[0, 0, 1, 0]",2,1,1,,0.25,4
1215,992fafb1-8861-11f1-a0c2-b48c9db4e1b4,3,"[0, 0, 1, 0]",3,0,0,,0.25,4
1216,992fafb1-8861-11f1-a0c2-b48c9db4e1b4,4,"[0, 0, 1, 0]",0,0,0,,0.25,4
1217,992fafb1-8861-11f1-a0c2-b48c9db4e1b4,4,"[0, 0, 1, 0]",1,0,0,,0.25,4
1218,992fafb1-8861-11f1-a0c2-b48c9db4e1b4,4,"[0, 0, 1, 0]",2,1,1,,0.25,4
1219,992fafb1-8861-11f1-a0c2-b48c9db4e1b4,4,"[0, 0, 1, 0]",3,0,0,,0.25,4
1220,992fafb1-8861-11f1-a0c2-b48c9db4e1b4,5,"[0, 0, 1, 0]",0,0,0,,0.25,4
1221,992fafb1-8861-11f1-a0c2-b48c9db4e1b4,5,"[0, 0, 1, 0]",1,0,0,,0.25,4
1222,992fafb1-8861-11f1-a0c2-b48c9db4e1b4,5,"[0, 0, 1, 0]",2,1,1,,0.25,4
1223,992fafb1-8861-11f1-a0c2-b48c9db4e1b4,5,"[0, 0, 1, 0]",3,0,0,,0.25,4
1224,992fafb1-8861-11f1-a0c2-b48c9db4e1b4,6,"[0, 0, 1, 0]",0,0,0,,0.25,4
1225,992fafb1-8861-11f1-a0c2-b48c9db4e1b4,6,"[0, 0, 1, 0]",1,0,0,,0.25,4
1226,992fafb1-8861-11f1-a0c2-b48c9db4e1b4,6,"[0, 0, 1, 0]",2,1,1,,0.25,4
1227,992fafb1-8861-11f1-a0c2-b48c9db4e1b4,6,"[0, 0, 1, 0]",3,0,0,,0.25,4
1228,992fafb1-8861-11f1-a0c2-b48c9db4e1b4,7,"[0, 0, 1, 0]",0,0,0,,0.25,4
1229,992fafb1-8861-11f1-a0c2-b48c9db4e1b4,7,"[0, 0, 1, 0]",1,0,0,,0.25,4
1230,992fafb1-8861-11f1-a0c2-b48c9db4e1b4,7,"[0, 0, 1, 0]",2,1,1,,0.25,4
1231,992fafb1-8861-11f1-a0c2-b48c9db4e1b4,7,"[0, 0, 1, 0]",3,0,0,,0.25,4
1232,992fafb1-8861-11f1-a0c2-b48c9db4e1b4,8,"[0, 0, 1, 0]",0,0,0,,0.25,4
1233,992fafb1-8861-11f1-a0c2-b48c9db4e1b4,8,"[0, 0, 1, 0]",1,0,0,,0.25,4
1234,992fafb1-8861-11f1-a0c2-b48c9db4e1b4,8,"[0, 0, 1, 0]",2,1,1,,0.25,4
1235,992fafb1-8861-11f1-a0c2-b48c9db4e1b4,8,"[0, 0, 1, 0]",3,0,0,,0.25,4
1236,992fafb1-8861-11f1-a0c2-b48c9db4e1b4,9,"[0, 0, 1, 0]",0,0,0,,0.25,4
1237,992fafb1-8861-11f1-a0c2-b48c9db4e1b4,9,"[0, 0, 1, 0]",1,0,0,,0.25,4
1238,992fafb1-8861-11f1-a0c2-b48c9db4e1b4,9,"[0, 0, 1, 0]",2,1,1,,0.25,4
1239,992fafb1-8861-11f1-a0c2-b48c9db4e1b4,9,"[0, 0, 1, 0]",3,0,0,,0.25,4
1240,992fafb1-8861-11f1-a0c2-b48c9db4e1b4,10,"[0, 0, 1, 0]",0,0,0,,0.25,4
1241,992fafb1-8861-11f1-a0c2-b48c9db4e1b4,10,"[0, 0, 1, 0]",1,0,0,,0.25,4
1242,992fafb1-8861-11f1-a0c2-b48c9db4e1b4,10,"[0, 0, 1, 0]",2,1,1,,0.25,4
1243,992fafb1-8861-11f1-a0c2-b48c9db4e1b4,10,"[0, 0, 1, 0]",3,0,0,,0.25,4
1244,992fafb1-8861-11f1-a0c2-b48c9db4e1b4,11,"[0, 0, 1, 0]",0,0,0,,0.25,4
1245,992fafb1-8861-11f1-a0c2-b48c9db4e1b4,11,"[0, 0, 1, 0]",1,0,0,,0.25,4
1246,992fafb1-8861-11f1-a0c2-b48c9db4e1b4,11,"[0, 0, 1, 0]",2,1,1,,0.25,4
1247,992fafb1-8861-11f1-a0c2-b48c9db4e1b4,11,"[0, 0, 1, 0]",3,0,0,,0.25,4
1248,992fafb1-8861-11f1-a0c2-b48c9db4e1b4,12,"[0, 0, 1, 0]",0,0,0,,0.25,4
1249,992fafb1-8861-11f1-a0c2-b48c9db4e1b4,12,"[0, 0, 1, 0]",1,0,0,,0.25,4
1250,992fafb1-8861-11f1-a0c2-b48c9db4e1b4,12,"[0, 0, 1, 0]",2,1,1,,0.25,4
1251,992fafb1-8861-11f1-a0c2-b48c9db4e1b4,12,"[0, 0, 1, 0]",3,0,0,,0.25,4
1252,992fafb1-8861-11f1-a0c2-b48c9db4e1b4,13,"[0, 0, 1, 0]",0,0,0,,0.25,4
1253,992fafb1-8861-11f1-a0c2-b48c9db4e1b4,13,"[0, 0, 1, 0]",1,0,0,,0.25,4
1254,992fafb1-8861-11f1-a0c2-b48c9db4e1b4,13,"[0, 0, 1, 0]",2,1,1,,0.25,4
1255,992fafb1-8861-11f1-a0c2-b48c9db4e1b4,13,"[0, 0, 1, 0]",3,0,0,,0.25,4
1256,992fafb1-8861-11f1-a0c2-b48c9db4e1b4,14,"[0, 0, 1, 0]",0,0,0,,0.25,4
1257,992fafb1-8861-11f1-a0c2-b48c9db4e1b4,14,"[0, 0, 1, 0]",1,0,0,,0.25,4
1258,992fafb1-8861-11f1-a0c2-b48c9db4e1b4,14,"[0, 0, 1, 0]",2,1,1,,0.25,4
1259,992fafb1-8861-11f1-a0c2-b48c9db4e1b4,14,"[0, 0, 1, 0]",3,0,0,,0.25,4
1260,992fafb1-8861-11f1-a0c2-b48c9db4e1b4,15,"[0, 0, 1, 0]",0,0,0,,0.25,4
1261,992fafb1-8861-11f1-a0c2-b48c9db4e1b4,15,"[0, 0, 1, 0]",1,0,0,,0.25,4
1262,992fafb1-8861-11f1-a0c2-b48c9db4e1b4,15,"[0, 0, 1, 0]",2,1,1,,0.25,4
1263,992fafb1-8861-11f1-a0c2-b48c9db4e1b4,15,"[0, 0, 1, 0]",3,0,0,,0.25,4
1264,992fafb1-8861-11f1-a0c2-b48c9db4e1b4,16,"[0, 0, 1, 0]",0,0,0,,0.25,4
1265,992fafb1-8861-11f1-a0c2-b48c9db4e1b4,16,"[0, 0, 1, 0]",1,0,0,,0.25,4
1266,992fafb1-8861-11f1-a0c2-b48c9db4e1b4,16,"[0, 0, 1, 0]",2,1,1,,0.25,4
1267,992fafb1-8861-11f1-a0c2-b48c9db4e1b4,16,"[0, 0, 1, 0]",3,0,0,,0.25,4
1268,992fafb1-8861-11f1-a0c2-b48c9db4e1b4,17,"[0, 0, 1, 0]",0,0,0,,0.25,4
1269,992fafb1-8861-11f1-a0c2-b48c9db4e1b4,17,"[0, 0, 1, 0]",1,0,0,,0.25,4
1270,992fafb1-8861-11f1-a0c2-b48c9db4e1b4,17,"[0, 0, 1, 0]",2,1,1,,0.25,4
1271,992fafb1-8861-11f1-a0c2-b48c9db4e1b4,17,"[0, 0, 1, 0]",3,0,0,,0.25,4
1272,992fafb1-8861-11f1-a0c2-b48c9db4e1b4,18,"[0, 0, 1, 0]",0,0,0,,0.25,4
1273,992fafb1-8861-11f1-a0c2-b48c9db4e1b4,18,"[0, 0, 1, 0]",1,0,0,,0.25,4
1274,992fafb1-8861-11f1-a0c2-b48c9db4e1b4,18,"[0, 0, 1, 0]",2,1,1,,0.25,4
1275,992fafb1-8861-11f1-a0c2-b48c9db4e1b4,18,"[0, 0, 1, 0]",3,0,0,,0.25,4
1276,992fafb1-8861-11f1-a0c2-b48c9db4e1b4,19,"[0, 0, 1, 0]",0,0,0,,0.25,4
1277,992fafb1-8861-11f1-a0c2-b48c9db4e1b4,19,"[0, 0, 1, 0]",1,0,0,,0.25,4
1278,992fafb1-8861-11f1-a0c2-b48c9db4e1b4,19,"[0, 0, 1, 0]",2,1,1,,0.25,4
1279,992fafb1-8861-11f1-a0c2-b48c9db4e1b4,19,"[0, 0, 1, 0]",3,0,0,,0.25,4
1280,9932e9ca-8861-11f1-ba16-b48c9db4e1b4,0,"[0, 0, 0, 0]",0,0,0,,0.25,4
1281,9932e9ca-8861-11f1-ba16-b48c9db4e1b4,0,"[0, 0, 0, 0]",1,0,0,,0.25,4
1282,9932e9ca-8861-11f1-ba16-b48c9db4e1b4,0,"[0, 0, 0, 0]",2,0,0,,0.25,4
1283,9932e9ca-8861-11f1-ba16-b48c9db4e1b4,0,"[0, 0, 0, 0]",3,0,0,,0.25,4
1284,9932e9ca-8861-11f1-ba16-b48c9db4e1b4,1,"[0, 0, 1, 0]",0,0,0,,0.25,4
1285,9932e9ca-8861-11f1-ba16-b48c9db4e1b4,1,"[0, 0, 1, 0]",1,0,0,,0.25,4
1286,9932e9ca-8861-11f1-ba16-b48c9db4e1b4,1,"[0, 0, 1, 0]",2,1,1,,0.25,4
1287,9932e9ca-8861-11f1-ba16-b48c9db4e1b4,1,"[0, 0, 1, 0]",3,0,0,,0.25,4
1288,9932e9ca-8861-11f1-ba16-b48c9db4e1b4,2,"[0, 0, 1, 0]",0,0,0,,0.25,4
1289,9932e9ca-8861-11f1-ba16-b48c9db4e1b4,2,"[0, 0, 1, 0]",1,0,0,,0.25,4
1290,9932e9ca-8861-11f1-ba16-b48c9db4e1b4,2,"[0, 0, 1, 0]",2,1,1,,0.25,4
1291,9932e9ca-8861-11f1-ba16-b48c9db4e1b4,2,"[0, 0, 1, 0]",3,0,0,,0.25,4
1292,9932e9ca-8861-11f1-ba16-b48c9db4e1b4,3,"[0, 0, 1, 0]",0,0,0,,0.25,4
1293,9932e9ca-8861-11f1-ba16-b48c9db4e1b4,3,"[0, 0, 1, 0]",1,0,0,,0.25,4
1294,9932e9ca-8861-11f1-ba16-b48c9db4e1b4,3,"[0, 0, 1, 0]",2,1,1,,0.25,4
1295,9932e9ca-8861-11f1-ba16-b48c9db4e1b4,3,"[0, 0, 1, 0]",3,0,0,,0.25,4
1296,9932e9ca-8861-11f1-ba16-b48c9db4e1b4,4,"[0, 0, 1, 0]",0,0,0,,0.25,4
1297,9932e9ca-8861-11f1-ba16-b48c9db4e1b4,4,"[0, 0, 1, 0]",1,0,0,,0.25,4
1298,9932e9ca-8861-11f1-ba16-b48c9db4e1b4,4,"[0, 0, 1, 0]",2,1,1,,0.25,4
1299,9932e9ca-8861-11f1-ba16-b48c9db4e1b4,4,"[0, 0, 1, 0]",3,0,0,,0.25,4
1300,9932e9ca-8861-11f1-ba16-b48c9db4e1b4,5,"[0, 0, 1, 0]",0,0,0,,0.25,4
1301,9932e9ca-8861-11f1-ba16-b48c9db4e1b4,5,"[0, 0, 1, 0]",1,0,0,,0.25,4
1302,9932e9ca-8861-11f1-ba16-b48c9db4e1b4,5,"[0, 0, 1, 0]",2,1,1,,0.25,4
1303,9932e9ca-8861-11f1-ba16-b48c9db4e1b4,5,"[0, 0, 1, 0]",3,0,0,,0.25,4
1304,9932e9ca-8861-11f1-ba16-b48c9db4e1b4,6,"[0, 0, 1, 0]",0,0,0,,0.25,4
1305,9932e9ca-8861-11f1-ba16-b48c9db4e1b4,6,"[0, 0, 1, 0]",1,0,0,,0.25,4
1306,9932e9ca-8861-11f1-ba16-b48c9db4e1b4,6,"[0, 0, 1, 0]",2,1,1,,0.25,4
1307,9932e9ca-8861-11f1-ba16-b48c9db4e1b4,6,"[0, 0, 1, 0]",3,0,0,,0.25,4
1308,9932e9ca-8861-11f1-ba16-b48c9db4e1b4,7,"[0, 0, 1, 0]",0,0,0,,0.25,4
1309,9932e9ca-8861-11f1-ba16-b48c9db4e1b4,7,"[0, 0, 1, 0]",1,0,0,,0.25,4
1310,9932e9ca-8861-11f1-ba16-b48c9db4e1b4,7,"[0, 0, 1, 0]",2,1,1,,0.25,4
1311,9932e9ca-8861-11f1-ba16-b48c9db4e1b4,7,"[0, 0, 1, 0]",3,0,0,,0.25,4
1312,9932e9ca-8861-11f1-ba16-b48c9db4e1b4,8,"[0, 0, 1, 0]",0,0,0,,0.25,4
1313,9932e9ca-8861-11f1-ba16-b48c9db4e1b4,8,"[0, 0, 1, 0]",1,0,0,,0.25,4
1314,9932e9ca-8861-11f1-ba16-b48c9db4e1b4,8,"[0, 0, 1, 0]",2,1,1,,0.25,4
1315,9932e9ca-8861-11f1-ba16-b48c9db4e1b4,8,"[0, 0, 1, 0]",3,0,0,,0.25,4
1316,9932e9ca-8861-11f1-ba16-b48c9db4e1b4,9,"[0, 0, 1, 0]",0,0,0,,0.25,4
1317,9932e9ca-8861-11f1-ba16-b48c9db4e1b4,9,"[0, 0, 1, 0]",1,0,0,,0.25,4
1318,9932e9ca-8861-11f1-ba16-b48c9db4e1b4,9,"[0, 0, 1, 0]",2,1,1,,0.25,4
1319,9932e9ca-8861-11f1-ba16-b48c9db4e1b4,9,"[0, 0, 1, 0]",3,0,0,,0.25,4
1320,9932e9ca-8861-11f1-ba16-b48c9db4e1b4,10,"[0, 0, 1, 0]",0,0,0,,0.25,4
1321,9932e9ca-8861-11f1-ba16-b48c9db4e1b4,10,"[0, 0, 1, 0]",1,0,0,,0.25,4
1322,9932e9ca-8861-11f1-ba16-b48c9db4e1b4,10,"[0, 0, 1, 0]",2,1,1,,0.25,4
1323,9932e9ca-8861-11f1-ba16-b48c9db4e1b4,10,"[0, 0, 1, 0]",3,0,0,,0.25,4
1324,9932e9ca-8861-11f1-ba16-b48c9db4e1b4,11,"[0, 0, 1, 0]",0,0,0,,0.25,4
1325,9932e9ca-8861-11f1-ba16-b48c9db4e1b4,11,"[0, 0, 1, 0]",1,0,0,,0.25,4
1326,9932e9ca-8861-11f1-ba16-b48c9db4e1b4,11,"[0, 0, 1, 0]",2,1,1,,0.25,4
1327,9932e9ca-8861-11f1-ba16-b48c9db4e1b4,11,"[0, 0, 1, 0]",3,0,0,,0.25,4
1328,9932e9ca-8861-11f1-ba16-b48c9db4e1b4,12,"[0, 0, 1, 0]",0,0,0,,0.25,4
1329,9932e9ca-8861-11f1-ba16-b48c9db4e1b4,12,"[0, 0, 1, 0]",1,0,0,,0.25,4
1330,9932e9ca-8861-11f1-ba16-b48c9db4e1b4,12,"[0, 0, 1, 0]",2,1,1,,0.25,4
1331,9932e9ca-8861-11f1-ba16-b48c9db4e1b4,12,"[0, 0, 1, 0]",3,0,0,,0.25,4
1332,9932e9ca-8861-11f1-ba16-b48c9db4e1b4,13,"[0, 0, 1, 0]",0,0,0,,0.25,4
1333,9932e9ca-8861-11f1-ba16-b48c9db4e1b4,13,"[0, 0, 1, 0]",1,0,0,,0.25,4
1334,9932e9ca-8861-11f1-ba16-b48c9db4e1b4,13,"[0, 0, 1, 0]",2,1,1,,0.25,4
1335,9932e9ca-8861-11f1-ba16-b48c9db4e1b4,13,"[0, 0, 1, 0]",3,0,0,,0.25,4
1336,9932e9ca-8861-11f1-ba16-b48c9db4e1b4,14,"[0, 0, 1, 0]",0,0,0,,0.25,4
1337,9932e9ca-8861-11f1-ba16-b48c9db4e1b4,14,"[0, 0, 1, 0]",1,0,0,,0.25,4
1338,9932e9ca-8861-11f1-ba16-b48c9db4e1b4,14,"[0, 0, 1, 0]",2,1,1,,0.25,4
1339,9932e9ca-8861-11f1-ba16-b48c9db4e1b4,14,"[0, 0, 1, 0]",3,0,0,,0.25,4
1340,9932e9ca-8861-11f1-ba16-b48c9db4e1b4,15,"[0, 0, 1, 0]",0,0,0,,0.25,4
1341,9932e9ca-8861-11f1-ba16-b48c9db4e1b4,15,"[0, 0, 1, 0]",1,0,0,,0.25,4
1342,9932e9ca-8861-11f1-ba16-b48c9db4e1b4,15,"[0, 0, 1, 0]",2,1,1,,0.25,4
1343,9932e9ca-8861-11f1-ba16-b48c9db4e1b4,15,"[0, 0, 1, 0]",3,0,0,,0.25,4
1344,9932e9ca-8861-11f1-ba16-b48c9db4e1b4,16,"[0, 0, 1, 0]",0,0,0,,0.25,4
1345,9932e9ca-8861-11f1-ba16-b48c9db4e1b4,16,"[0, 0, 1, 0]",1,0,0,,0.25,4
1346,9932e9ca-8861-11f1-ba16-b48c9db4e1b4,16,"[0, 0, 1, 0]",2,1,1,,0.25,4
1347,9932e9ca-8861-11f1-ba16-b48c9db4e1b4,16,"[0, 0, 1, 0]",3,0,0,,0.25,4
1348,9932e9ca-8861-11f1-ba16-b48c9db4e1b4,17,"[0, 0, 1, 0]",0,0,0,,0.25,4
1349,9932e9ca-8861-11f1-ba16-b48c9db4e1b4,17,"[0, 0, 1, 0]",1,0,0,,0.25,4
1350,9932e9ca-8861-11f1-ba16-b48c9db4e1b4,17,"[0, 0, 1, 0]",2,1,1,,0.25,4
1351,9932e9ca-8861-11f1-ba16-b48c9db4e1b4,17,"[0, 0, 1, 0]",3,0,0,,0.25,4
1352,9932e9ca-8861-11f1-ba16-b48c9db4e1b4,18,"[0, 0, 1, 0]",0,0,0,,0.25,4
1353,9932e9ca-8861-11f1-ba16-b48c9db4e1b4,18,"[0, 0, 1, 0]",1,0,0,,0.25,4
1354,9932e9ca-8861-11f1-ba16-b48c9db4e1b4,18,"[0, 0, 1, 0]",2,1,1,,0.25,4
1355,9932e9ca-8861-11f1-ba16-b48c9db4e1b4,18,"[0, 0, 1, 0]",3,0,0,,0.25,4
1356,9932e9ca-8861-11f1-ba16-b48c9db4e1b4,19,"[0, 0, 1, 0]",0,0,0,,0.25,4
1357,9932e9ca-8861-11f1-ba16-b48c9db4e1b4,19,"[0, 0, 1, 0]",1,0,0,,0.25,4
1358,9932e9ca-8861-11f1-ba16-b48c9db4e1b4,19,"[0, 0, 1, 0]",2,1,1,,0.25,4
1359,9932e9ca-8861-11f1-ba16-b48c9db4e1b4,19,"[0, 0, 1, 0]",3,0,0,,0.25,4
1360,993643aa-8861-11f1-917a-b48c9db4e1b4,0,"[0, 0, 0, 1]",0,0,0,,0.25,4
1361,993643aa-8861-11f1-917a-b48c9db4e1b4,0,"[0, 0, 0, 1]",1,0,0,,0.25,4
1362,993643aa-8861-11f1-917a-b48c9db4e1b4,0,"[0, 0, 0, 1]",2,0,0,,0.25,4
1363,993643aa-8861-11f1-917a-b48c9db4e1b4,0,"[0, 0, 0, 1]",3,1,1,,0.25,4
1364,993643aa-8861-11f1-917a-b48c9db4e1b4,1,"[0, 0, 1, 0]",0,0,0,,0.25,4
1365,993643aa-8861-11f1-917a-b48c9db4e1b4,1,"[0, 0, 1, 0]",1,0,0,,0.25,4
1366,993643aa-8861-11f1-917a-b48c9db4e1b4,1,"[0, 0, 1, 0]",2,1,1,,0.25,4
1367,993643aa-8861-11f1-917a-b48c9db4e1b4,1,"[0, 0, 1, 0]",3,0,0,,0.25,4
1368,993643aa-8861-11f1-917a-b48c9db4e1b4,2,"[0, 0, 1, 0]",0,0,0,,0.25,4
1369,993643aa-8861-11f1-917a-b48c9db4e1b4,2,"[0, 0, 1, 0]",1,0,0,,0.25,4
1370,993643aa-8861-11f1-917a-b48c9db4e1b4,2,"[0, 0, 1, 0]",2,1,1,,0.25,4
1371,993643aa-8861-11f1-917a-b48c9db4e1b4,2,"[0, 0, 1, 0]",3,0,0,,0.25,4
1372,993643aa-8861-11f1-917a-b48c9db4e1b4,3,"[0, 0, 1, 0]",0,0,0,,0.25,4
1373,993643aa-8861-11f1-917a-b48c9db4e1b4,3,"[0, 0, 1, 0]",1,0,0,,0.25,4
1374,993643aa-8861-11f1-917a-b48c9db4e1b4,3,"[0, 0, 1, 0]",2,1,1,,0.25,4
1375,993643aa-8861-11f1-917a-b48c9db4e1b4,3,"[0, 0, 1, 0]",3,0,0,,0.25,4
1376,993643aa-8861-11f1-917a-b48c9db4e1b4,4,"[0, 0, 1, 0]",0,0,0,,0.25,4
1377,993643aa-8861-11f1-917a-b48c9db4e1b4,4,"[0, 0, 1, 0]",1,0,0,,0.25,4
1378,993643aa-8861-11f1-917a-b48c9db4e1b4,4,"[0, 0, 1, 0]",2,1,1,,0.25,4
1379,993643aa-8861-11f1-917a-b48c9db4e1b4,4,"[0, 0, 1, 0]",3,0,0,,0.25,4
1380,993643aa-8861-11f1-917a-b48c9db4e1b4,5,"[0, 0, 1, 0]",0,0,0,,0.25,4
1381,993643aa-8861-11f1-917a-b48c9db4e1b4,5,"[0, 0, 1, 0]",1,0,0,,0.25,4
1382,993643aa-8861-11f1-917a-b48c9db4e1b4,5,"[0, 0, 1, 0]",2,1,1,,0.25,4
1383,993643aa-8861-11f1-917a-b48c9db4e1b4,5,"[0, 0, 1, 0]",3,0,0,,0.25,4
1384,993643aa-8861-11f1-917a-b48c9db4e1b4,6,"[0, 0, 1, 0]",0,0,0,,0.25,4
1385,993643aa-8861-11f1-917a-b48c9db4e1b4,6,"[0, 0, 1, 0]",1,0,0,,0.25,4
1386,993643aa-8861-11f1-917a-b48c9db4e1b4,6,"[0, 0, 1, 0]",2,1,1,,0.25,4
1387,993643aa-8861-11f1-917a-b48c9db4e1b4,6,"[0, 0, 1, 0]",3,0,0,,0.25,4
1388,993643aa-8861-11f1-917a-b48c9db4e1b4,7,"[0, 0, 1, 0]",0,0,0,,0.25,4
1389,993643aa-8861-11f1-917a-b48c9db4e1b4,7,"[0, 0, 1, 0]",1,0,0,,0.25,4
1390,993643aa-8861-11f1-917a-b48c9db4e1b4,7,"[0, 0, 1, 0]",2,1,1,,0.25,4
1391,993643aa-8861-11f1-917a-b48c9db4e1b4,7,"[0, 0, 1, 0]",3,0,0,,0.25,4
1392,993643aa-8861-11f1-917a-b48c9db4e1b4,8,"[0, 0, 1, 0]",0,0,0,,0.25,4
1393,993643aa-8861-11f1-917a-b48c9db4e1b4,8,"[0, 0, 1, 0]",1,0,0,,0.25,4
1394,993643aa-8861-11f1-917a-b48c9db4e1b4,8,"[0, 0, 1, 0]",2,1,1,,0.25,4
1395,993643aa-8861-11f1-917a-b48c9db4e1b4,8,"[0, 0, 1, 0]",3,0,0,,0.25,4
1396,993643aa-8861-11f1-917a-b48c9db4e1b4,9,"[0, 0, 1, 0]",0,0,0,,0.25,4
1397,993643aa-8861-11f1-917a-b48c9db4e1b4,9,"[0, 0, 1, 0]",1,0,0,,0.25,4
1398,993643aa-8861-11f1-917a-b48c9db4e1b4,9,"[0, 0, 1, 0]",2,1,1,,0.25,4
1399,993643aa-8861-11f1-917a-b48c9db4e1b4,9,"[0, 0, 1, 0]",3,0,0,,0.25,4
1400,993643aa-8861-11f1-917a-b48c9db4e1b4,10,"[0, 0, 1, 0]",0,0,0,,0.25,4
1401,993643aa-8861-11f1-917a-b48c9db4e1b4,10,"[0, 0, 1, 0]",1,0,0,,0.25,4
1402,993643aa-8861-11f1-917a-b48c9db4e1b4,10,"[0, 0, 1, 0]",2,1,1,,0.25,4
1403,993643aa-8861-11f1-917a-b48c9db4e1b4,10,"[0, 0, 1, 0]",3,0,0,,0.25,4
1404,993643aa-8861-11f1-917a-b48c9db4e1b4,11,"[0, 0, 1, 0]",0,0,0,,0.25,4
1405,993643aa-8861-11f1-917a-b48c9db4e1b4,11,"[0, 0, 1, 0]",1,0,0,,0.25,4
1406,993643aa-8861-11f1-917a-b48c9db4e1b4,11,"[0, 0, 1, 0]",2,1,1,,0.25,4
1407,993643aa-8861-11f1-917a-b48c9db4e1b4,11,"[0, 0, 1, 0]",3,0,0,,0.25,4
1408,993643aa-8861-11f1-917a-b48c9db4e1b4,12,"[0, 0, 1, 0]",0,0,0,,0.25,4
1409,993643aa-8861-11f1-917a-b48c9db4e1b4,12,"[0, 0, 1, 0]",1,0,0,,0.25,4
1410,993643aa-8861-11f1-917a-b48c9db4e1b4,12,"[0, 0, 1, 0]",2,1,1,,0.25,4
1411,993643aa-8861-11f1-917a-b48c9db4e1b4,12,"[0, 0, 1, 0]",3,0,0,,0.25,4
1412,993643aa-8861-11f1-917a-b48c9db4e1b4,13,"[0, 0, 1, 0]",0,0,0,,0.25,4
1413,993643aa-8861-11f1-917a-b48c9db4e1b4,13,"[0, 0, 1, 0]",1,0,0,,0.25,4
1414,993643aa-8861-11f1-917a-b48c9db4e1b4,13,"[0, 0, 1, 0]",2,1,1,,0.25,4
1415,993643aa-8861-11f1-917a-b48c9db4e1b4,13,"[0, 0, 1, 0]",3,0,0,,0.25,4
1416,993643aa-8861-11f1-917a-b48c9db4e1b4,14,"[0, 0, 1, 0]",0,0,0,,0.25,4
1417,993643aa-8861-11f1-917a-b48c9db4e1b4,14,"[0, 0, 1, 0]",1,0,0,,0.25,4
1418,993643aa-8861-11f1-917a-b48c9db4e1b4,14,"[0, 0, 1, 0]",2,1,1,,0.25,4
1419,993643aa-8861-11f1-917a-b48c9db4e1b4,14,"[0, 0, 1, 0]",3,0,0,,0.25,4
1420,993643aa-8861-11f1-917a-b48c9db4e1b4,15,"[0, 0, 1, 0]",0,0,0,,0.25,4
1421,993643aa-8861-11f1-917a-b48c9db4e1b4,15,"[0, 0, 1, 0]",1,0,0,,0.25,4
1422,993643aa-8861-11f1-917a-b48c9db4e1b4,15,"[0, 0, 1, 0]",2,1,1,,0.25,4
1423,993643aa-8861-11f1-917a-b48c9db4e1b4,15,"[0, 0, 1, 0]",3,0,0,,0.25,4
1424,993643aa-8861-11f1-917a-b48c9db4e1b4,16,"[0, 0, 1, 0]",0,0,0,,0.25,4
1425,993643aa-8861-11f1-917a-b48c9db4e1b4,16,"[0, 0, 1, 0]",1,0,0,,0.25,4
1426,993643aa-8861-11f1-917a-b48c9db4e1b4,16,"[0, 0, 1, 0]",2,1,1,,0.25,4
1427,993643aa-8861-11f1-917a-b48c9db4e1b4,16,"[0, 0, 1, 0]",3,0,0,,0.25,4
1428,993643aa-8861-11f1-917a-b48c9db4e1b4,17,"[0, 0, 1, 0]",0,0,0,,0.25,4
1429,993643aa-8861-11f1-917a-b48c9db4e1b4,17,"[0, 0, 1, 0]",1,0,0,,0.25,4
1430,993643aa-8861-11f1-917a-b48c9db4e1b4,17,"[0, 0, 1, 0]",2,1,1,,0.25,4
1431,993643aa-8861-11f1-917a-b48c9db4e1b4,17,"[0, 0, 1, 0]",3,0,0,,0.25,4
1432,993643aa-8861-11f1-917a-b48c9db4e1b4,18,"[0, 0, 1, 0]",0,0,0,,0.25,4
1433,993643aa-8861-11f1-917a-b48c9db4e1b4,18,"[0, 0, 1, 0]",1,0,0,,0.25,4
1434,993643aa-8861-11f1-917a-b48c9db4e1b4,18,"[0, 0, 1, 0]",2,1,1,,0.25,4
1435,993643aa-8861-11f1-917a-b48c9db4e1b4,18,"[0, 0, 1, 0]",3,0,0,,0.25,4
1436,993643aa-8861-11f1-917a-b48c9db4e1b4,19,"[0, 0, 1, 0]",0,0,0,,0.25,4
1437,993643aa-8861-11f1-917a-b48c9db4e1b4,19,"[0, 0, 1, 0]",1,0,0,,0.25,4
1438,993643aa-8861-11f1-917a-b48c9db4e1b4,19,"[0, 0, 1, 0]",2,1,1,,0.25,4
1439,993643aa-8861-11f1-917a-b48c9db4e1b4,19,"[0, 0, 1, 0]",3,0,0,,0.25,4
1440,9939d95b-8861-11f1-8fab-b48c9db4e1b4,0,"[0, 0, 1, 0]",0,0,0,,0.25,4
1441,9939d95b-8861-11f1-8fab-b48c9db4e1b4,0,"[0, 0, 1, 0]",1,0,0,,0.25,4
1442,9939d95b-8861-11f1-8fab-b48c9db4e1b4,0,"[0, 0, 1, 0]",2,1,1,,0.25,4
1443,9939d95b-8861-11f1-8fab-b48c9db4e1b4,0,"[0, 0, 1, 0]",3,0,0,,0.25,4
1444,9939d95b-8861-11f1-8fab-b48c9db4e1b4,1,"[0, 0, 1, 0]",0,0,0,,0.25,4
1445,9939d95b-8861-11f1-8fab-b48c9db4e1b4,1,"[0, 0, 1, 0]",1,0,0,,0.25,4
1446,9939d95b-8861-11f1-8fab-b48c9db4e1b4,1,"[0, 0, 1, 0]",2,1,1,,0.25,4
1447,9939d95b-8861-11f1-8fab-b48c9db4e1b4,1,"[0, 0, 1, 0]",3,0,0,,0.25,4
1448,9939d95b-8861-11f1-8fab-b48c9db4e1b4,2,"[0, 0, 1, 0]",0,0,0,,0.25,4
1449,9939d95b-8861-11f1-8fab-b48c9db4e1b4,2,"[0, 0, 1, 0]",1,0,0,,0.25,4
1450,9939d95b-8861-11f1-8fab-b48c9db4e1b4,2,"[0, 0, 1, 0]",2,1,1,,0.25,4
1451,9939d95b-8861-11f1-8fab-b48c9db4e1b4,2,"[0, 0, 1, 0]",3,0,0,,0.25,4
1452,9939d95b-8861-11f1-8fab-b48c9db4e1b4,3,"[0, 0, 1, 0]",0,0,0,,0.25,4
1453,9939d95b-8861-11f1-8fab-b48c9db4e1b4,3,"[0, 0, 1, 0]",1,0,0,,0.25,4
1454,9939d95b-8861-11f1-8fab-b48c9db4e1b4,3,"[0, 0, 1, 0]",2,1,1,,0.25,4
1455,9939d95b-8861-11f1-8fab-b48c9db4e1b4,3,"[0, 0, 1, 0]",3,0,0,,0.25,4
1456,9939d95b-8861-11f1-8fab-b48c9db4e1b4,4,"[0, 0, 1, 0]",0,0,0,,0.25,4
1457,9939d95b-8861-11f1-8fab-b48c9db4e1b4,4,"[0, 0, 1, 0]",1,0,0,,0.25,4
1458,9939d95b-8861-11f1-8fab-b48c9db4e1b4,4,"[0, 0, 1, 0]",2,1,1,,0.25,4
1459,9939d95b-8861-11f1-8fab-b48c9db4e1b4,4,"[0, 0, 1, 0]",3,0,0,,0.25,4
1460,9939d95b-8861-11f1-8fab-b48c9db4e1b4,5,"[0, 0, 1, 0]",0,0,0,,0.25,4
1461,9939d95b-8861-11f1-8fab-b48c9db4e1b4,5,"[0, 0, 1, 0]",1,0,0,,0.25,4
1462,9939d95b-8861-11f1-8fab-b48c9db4e1b4,5,"[0, 0, 1, 0]",2,1,1,,0.25,4
1463,9939d95b-8861-11f1-8fab-b48c9db4e1b4,5,"[0, 0, 1, 0]",3,0,0,,0.25,4
1464,9939d95b-8861-11f1-8fab-b48c9db4e1b4,6,"[0, 0, 1, 0]",0,0,0,,0.25,4
1465,9939d95b-8861-11f1-8fab-b48c9db4e1b4,6,"[0, 0, 1, 0]",1,0,0,,0.25,4
1466,9939d95b-8861-11f1-8fab-b48c9db4e1b4,6,"[0, 0, 1, 0]",2,1,1,,0.25,4
1467,9939d95b-8861-11f1-8fab-b48c9db4e1b4,6,"[0, 0, 1, 0]",3,0,0,,0.25,4
1468,9939d95b-8861-11f1-8fab-b48c9db4e1b4,7,"[0, 0, 1, 0]",0,0,0,,0.25,4
1469,9939d95b-8861-11f1-8fab-b48c9db4e1b4,7,"[0, 0, 1, 0]",1,0,0,,0.25,4
1470,9939d95b-8861-11f1-8fab-b48c9db4e1b4,7,"[0, 0, 1, 0]",2,1,1,,0.25,4
1471,9939d95b-8861-11f1-8fab-b48c9db4e1b4,7,"[0, 0, 1, 0]",3,0,0,,0.25,4
1472,9939d95b-8861-11f1-8fab-b48c9db4e1b4,8,"[0, 0, 1, 0]",0,0,0,,0.25,4
1473,9939d95b-8861-11f1-8fab-b48c9db4e1b4,8,"[0, 0, 1, 0]",1,0,0,,0.25,4
1474,9939d95b-8861-11f1-8fab-b48c9db4e1b4,8,"[0, 0, 1, 0]",2,1,1,,0.25,4
1475,9939d95b-8861-11f1-8fab-b48c9db4e1b4,8,"[0, 0, 1, 0]",3,0,0,,0.25,4
1476,9939d95b-8861-11f1-8fab-b48c9db4e1b4,9,"[0, 0, 1, 0]",0,0,0,,0.25,4
1477,9939d95b-8861-11f1-8fab-b48c9db4e1b4,9,"[0, 0, 1, 0]",1,0,0,,0.25,4
1478,9939d95b-8861-11f1-8fab-b48c9db4e1b4,9,"[0, 0, 1, 0]",2,1,1,,0.25,4
1479,9939d95b-8861-11f1-8fab-b48c9db4e1b4,9,"[0, 0, 1, 0]",3,0,0,,0.25,4
1480,9939d95b-8861-11f1-8fab-b48c9db4e1b4,10,"[0, 0, 1, 0]",0,0,0,,0.25,4
1481,9939d95b-8861-11f1-8fab-b48c9db4e1b4,10,"[0, 0, 1, 0]",1,0,0,,0.25,4
1482,9939d95b-8861-11f1-8fab-b48c9db4e1b4,10,"[0, 0, 1, 0]",2,1,1,,0.25,4
1483,9939d95b-8861-11f1-8fab-b48c9db4e1b4,10,"[0, 0, 1, 0]",3,0,0,,0.25,4
1484,9939d95b-8861-11f1-8fab-b48c9db4e1b4,11,"[0, 0, 1, 0]",0,0,0,,0.25,4
1485,9939d95b-8861-11f1-8fab-b48c9db4e1b4,11,"[0, 0, 1, 0]",1,0,0,,0.25,4
1486,9939d95b-8861-11f1-8fab-b48c9db4e1b4,11,"[0, 0, 1, 0]",2,1,1,,0.25,4
1487,9939d95b-8861-11f1-8fab-b48c9db4e1b4,11,"[0, 0, 1, 0]",3,0,0,,0.25,4
1488,9939d95b-8861-11f1-8fab-b48c9db4e1b4,12,"[0, 0, 1, 0]",0,0,0,,0.25,4
1489,9939d95b-8861-11f1-8fab-b48c9db4e1b4,12,"[0, 0, 1, 0]",1,0,0,,0.25,4
1490,9939d95b-8861-11f1-8fab-b48c9db4e1b4,12,"[0, 0, 1, 0]",2,1,1,,0.25,4
1491,9939d95b-8861-11f1-8fab-b48c9db4e1b4,12,"[0, 0, 1, 0]",3,0,0,,0.25,4
1492,9939d95b-8861-11f1-8fab-b48c9db4e1b4,13,"[0, 0, 1, 0]",0,0,0,,0.25,4
1493,9939d95b-8861-11f1-8fab-b48c9db4e1b4,13,"[0, 0, 1, 0]",1,0,0,,0.25,4
1494,9939d95b-8861-11f1-8fab-b48c9db4e1b4,13,"[0, 0, 1, 0]",2,1,1,,0.25,4
1495,9939d95b-8861-11f1-8fab-b48c9db4e1b4,13,"[0, 0, 1, 0]",3,0,0,,0.25,4
1496,9939d95b-8861-11f1-8fab-b48c9db4e1b4,14,"[0, 0, 1, 0]",0,0,0,,0.25,4
1497,9939d95b-8861-11f1-8fab-b48c9db4e1b4,14,"[0, 0, 1, 0]",1,0,0,,0.25,4
1498,9939d95b-8861-11f1-8fab-b48c9db4e1b4,14,"[0, 0, 1, 0]",2,1,1,,0.25,4
1499,9939d95b-8861-11f1-8fab-b48c9db4e1b4,14,"[0, 0, 1, 0]",3,0,0,,0.25,4
1500,9939d95b-8861-11f1-8fab-b48c9db4e1b4,15,"[0, 0, 1, 0]",0,0,0,,0.25,4
1501,9939d95b-8861-11f1-8fab-b48c9db4e1b4,15,"[0, 0, 1, 0]",1,0,0,,0.25,4
1502,9939d95b-8861-11f1-8fab-b48c9db4e1b4,15,"[0, 0, 1, 0]",2,1,1,,0.25,4
1503,9939d95b-8861-11f1-8fab-b48c9db4e1b4,15,"[0, 0, 1, 0]",3,0,0,,0.25,4
1504,9939d95b-8861-11f1-8fab-b48c9db4e1b4,16,"[0, 0, 1, 0]",0,0,0,,0.25,4
1505,9939d95b-8861-11f1-8fab-b48c9db4e1b4,16,"[0, 0, 1, 0]",1,0,0,,0.25,4
1506,9939d95b-8861-11f1-8fab-b48c9db4e1b4,16,"[0, 0, 1, 0]",2,1,1,,0.25,4
1507,9939d95b-8861-11f1-8fab-b48c9db4e1b4,16,"[0, 0, 1, 0]",3,0,0,,0.25,4
1508,9939d95b-8861-11f1-8fab-b48c9db4e1b4,17,"[0, 0, 1, 0]",0,0,0,,0.25,4
1509,9939d95b-8861-11f1-8fab-b48c9db4e1b4,17,"[0, 0, 1, 0]",1,0,0,,0.25,4
1510,9939d95b-8861-11f1-8fab-b48c9db4e1b4,17,"[0, 0, 1, 0]",2,1,1,,0.25,4
1511,9939d95b-8861-11f1-8fab-b48c9db4e1b4,17,"[0, 0, 1, 0]",3,0,0,,0.25,4
1512,9939d95b-8861-11f1-8fab-b48c9db4e1b4,18,"[0, 0, 1, 0]",0,0,0,,0.25,4
1513,9939d95b-8861-11f1-8fab-b48c9db4e1b4,18,"[0, 0, 1, 0]",1,0,0,,0.25,4
1514,9939d95b-8861-11f1-8fab-b48c9db4e1b4,18,"[0, 0, 1, 0]",2,1,1,,0.25,4
1515,9939d95b-8861-11f1-8fab-b48c9db4e1b4,18,"[0, 0, 1, 0]",3,0,0,,0.25,4
1516,9939d95b-8861-11f1-8fab-b48c9db4e1b4,19,"[0, 0, 1, 0]",0,0,0,,0.25,4
1517,9939d95b-8861-11f1-8fab-b48c9db4e1b4,19,"[0, 0, 1, 0]",1,0,0,,0.25,4
1518,9939d95b-8861-11f1-8fab-b48c9db4e1b4,19,"[0, 0, 1, 0]",2,1,1,,0.25,4
1519,9939d95b-8861-11f1-8fab-b48c9db4e1b4,19,"[0, 0, 1, 0]",3,0,0,,0.25,4
1520,993d3e66-8861-11f1-83a2-b48c9db4e1b4,0,"[1, 1, 0, 0]",0,1,-1,,0.25,4
1521,993d3e66-8861-11f1-83a2-b48c9db4e1b4,0,"[1, 1, 0, 0]",1,1,-1,,0.25,4
1522,993d3e66-8861-11f1-83a2-b48c9db4e1b4,0,"[1, 1, 0, 0]",2,0,0,,0.25,4
1523,993d3e66-8861-11f1-83a2-b48c9db4e1b4,0,"[1, 1, 0, 0]",3,0,0,,0.25,4
1524,993d3e66-8861-11f1-83a2-b48c9db4e1b4,1,"[0, 0, 1, 0]",0,0,0,,0.25,4
1525,993d3e66-8861-11f1-83a2-b48c9db4e1b4,1,"[0, 0, 1, 0]",1,0,0,,0.25,4
1526,993d3e66-8861-11f1-83a2-b48c9db4e1b4,1,"[0, 0, 1, 0]",2,1,1,,0.25,4
1527,993d3e66-8861-11f1-83a2-b48c9db4e1b4,1,"[0, 0, 1, 0]",3,0,0,,0.25,4
1528,993d3e66-8861-11f1-83a2-b48c9db4e1b4,2,"[0, 0, 1, 0]",0,0,0,,0.25,4
1529,993d3e66-8861-11f1-83a2-b48c9db4e1b4,2,"[0, 0, 1, 0]",1,0,0,,0.25,4
1530,993d3e66-8861-11f1-83a2-b48c9db4e1b4,2,"[0, 0, 1, 0]",2,1,1,,0.25,4
1531,993d3e66-8861-11f1-83a2-b48c9db4e1b4,2,"[0, 0, 1, 0]",3,0,0,,0.25,4
1532,993d3e66-8861-11f1-83a2-b48c9db4e1b4,3,"[0, 0, 1, 0]",0,0,0,,0.25,4
1533,993d3e66-8861-11f1-83a2-b48c9db4e1b4,3,"[0, 0, 1, 0]",1,0,0,,0.25,4
1534,993d3e66-8861-11f1-83a2-b48c9db4e1b4,3,"[0, 0, 1, 0]",2,1,1,,0.25,4
1535,993d3e66-8861-11f1-83a2-b48c9db4e1b4,3,"[0, 0, 1, 0]",3,0,0,,0.25,4
1536,993d3e66-8861-11f1-83a2-b48c9db4e1b4,4,"[0, 0, 1, 0]",0,0,0,,0.25,4
1537,993d3e66-8861-11f1-83a2-b48c9db4e1b4,4,"[0, 0, 1, 0]",1,0,0,,0.25,4
1538,993d3e66-8861-11f1-83a2-b48c9db4e1b4,4,"[0, 0, 1, 0]",2,1,1,,0.25,4
1539,993d3e66-8861-11f1-83a2-b48c9db4e1b4,4,"[0, 0, 1, 0]",3,0,0,,0.25,4
1540,993d3e66-8861-11f1-83a2-b48c9db4e1b4,5,"[0, 0, 1, 0]",0,0,0,,0.25,4
1541,993d3e66-8861-11f1-83a2-b48c9db4e1b4,5,"[0, 0, 1, 0]",1,0,0,,0.25,4
1542,993d3e66-8861-11f1-83a2-b48c9db4e1b4,5,"[0, 0, 1, 0]",2,1,1,,0.25,4
1543,993d3e66-8861-11f1-83a2-b48c9db4e1b4,5,"[0, 0, 1, 0]",3,0,0,,0.25,4
1544,993d3e66-8861-11f1-83a2-b48c9db4e1b4,6,"[0, 0, 1, 0]",0,0,0,,0.25,4
1545,993d3e66-8861-11f1-83a2-b48c9db4e1b4,6,"[0, 0, 1, 0]",1,0,0,,0.25,4
1546,993d3e66-8861-11f1-83a2-b48c9db4e1b4,6,"[0, 0, 1, 0]",2,1,1,,0.25,4
1547,993d3e66-8861-11f1-83a2-b48c9db4e1b4,6,"[0, 0, 1, 0]",3,0,0,,0.25,4
1548,993d3e66-8861-11f1-83a2-b48c9db4e1b4,7,"[0, 0, 1, 0]",0,0,0,,0.25,4
1549,993d3e66-8861-11f1-83a2-b48c9db4e1b4,7,"[0, 0, 1, 0]",1,0,0,,0.25,4
1550,993d3e66-8861-11f1-83a2-b48c9db4e1b4,7,"[0, 0, 1, 0]",2,1,1,,0.25,4
1551,993d3e66-8861-11f1-83a2-b48c9db4e1b4,7,"[0, 0, 1, 0]",3,0,0,,0.25,4
1552,993d3e66-8861-11f1-83a2-b48c9db4e1b4,8,"[0, 0, 1, 0]",0,0,0,,0.25,4
1553,993d3e66-8861-11f1-83a2-b48c9db4e1b4,8,"[0, 0, 1, 0]",1,0,0,,0.25,4
1554,993d3e66-8861-11f1-83a2-b48c9db4e1b4,8,"[0, 0, 1, 0]",2,1,1,,0.25,4
1555,993d3e66-8861-11f1-83a2-b48c9db4e1b4,8,"[0, 0, 1, 0]",3,0,0,,0.25,4
1556,993d3e66-8861-11f1-83a2-b48c9db4e1b4,9,"[0, 0, 1, 0]",0,0,0,,0.25,4
1557,993d3e66-8861-11f1-83a2-b48c9db4e1b4,9,"[0, 0, 1, 0]",1,0,0,,0.25,4
1558,993d3e66-8861-11f1-83a2-b48c9db4e1b4,9,"[0, 0, 1, 0]",2,1,1,,0.25,4
1559,993d3e66-8861-11f1-83a2-b48c9db4e1b4,9,"[0, 0, 1, 0]",3,0,0,,0.25,4
1560,993d3e66-8861-11f1-83a2-b48c9db4e1b4,10,"[0, 0, 1, 0]",0,0,0,,0.25,4
1561,993d3e66-8861-11f1-83a2-b48c9db4e1b4,10,"[0, 0, 1, 0]",1,0,0,,0.25,4
1562,993d3e66-8861-11f1-83a2-b48c9db4e1b4,10,"[0, 0, 1, 0]",2,1,1,,0.25,4
1563,993d3e66-8861-11f1-83a2-b48c9db4e1b4,10,"[0, 0, 1, 0]",3,0,0,,0.25,4
1564,993d3e66-8861-11f1-83a2-b48c9db4e1b4,11,"[0, 0, 1, 0]",0,0,0,,0.25,4
1565,993d3e66-8861-11f1-83a2-b48c9db4e1b4,11,"[0, 0, 1, 0]",1,0,0,,0.25,4
1566,993d3e66-8861-11f1-83a2-b48c9db4e1b4,11,"[0, 0, 1, 0]",2,1,1,,0.25,4
1567,993d3e66-8861-11f1-83a2-b48c9db4e1b4,11,"[0, 0, 1, 0]",3,0,0,,0.25,4
1568,993d3e66-8861-11f1-83a2-b48c9db4e1b4,12,"[0, 0, 1, 0]",0,0,0,,0.25,4
1569,993d3e66-8861-11f1-83a2-b48c9db4e1b4,12,"[0, 0, 1, 0]",1,0,0,,0.25,4
1570,993d3e66-8861-11f1-83a2-b48c9db4e1b4,12,"[0, 0, 1, 0]",2,1,1,,0.25,4
1571,993d3e66-8861-11f1-83a2-b48c9db4e1b4,12,"[0, 0, 1, 0]",3,0,0,,0.25,4
1572,993d3e66-8861-11f1-83a2-b48c9db4e1b4,13,"[0, 0, 1, 0]",0,0,0,,0.25,4
1573,993d3e66-8861-11f1-83a2-b48c9db4e1b4,13,"[0, 0, 1, 0]",1,0,0,,0.25,4
1574,993d3e66-8861-11f1-83a2-b48c9db4e1b4,13,"[0, 0, 1, 0]",2,1,1,,0.25,4
1575,993d3e66-8861-11f1-83a2-b48c9db4e1b4,13,"[0, 0, 1, 0]",3,0,0,,0.25,4
1576,993d3e66-8861-11f1-83a2-b48c9db4e1b4,14,"[0, 0, 1, 0]",0,0,0,,0.25,4
1577,993d3e66-8861-11f1-83a2-b48c9db4e1b4,14,"[0, 0, 1, 0]",1,0,0,,0.25,4
1578,993d3e66-8861-11f1-83a2-b48c9db4e1b4,14,"[0, 0, 1, 0]",2,1,1,,0.25,4
1579,993d3e66-8861-11f1-83a2-b48c9db4e1b4,14,"[0, 0, 1, 0]",3,0,0,,0.25,4
1580,993d3e66-8861-11f1-83a2-b48c9db4e1b4,15,"[0, 0, 1, 0]",0,0,0,,0.25,4
1581,993d3e66-8861-11f1-83a2-b48c9db4e1b4,15,"[0, 0, 1, 0]",1,0,0,,0.25,4
1582,993d3e66-8861-11f1-83a2-b48c9db4e1b4,15,"[0, 0, 1, 0]",2,1,1,,0.25,4
1583,993d3e66-8861-11f1-83a2-b48c9db4e1b4,15,"[0, 0, 1, 0]",3,0,0,,0.25,4
1584,993d3e66-8861-11f1-83a2-b48c9db4e1b4,16,"[0, 0, 1, 0]",0,0,0,,0.25,4
1585,993d3e66-8861-11f1-83a2-b48c9db4e1b4,16,"[0, 0, 1, 0]",1,0,0,,0.25,4
1586,993d3e66-8861-11f1-83a2-b48c9db4e1b4,16,"[0, 0, 1, 0]",2,1,1,,0.25,4
1587,993d3e66-8861-11f1-83a2-b48c9db4e1b4,16,"[0, 0, 1, 0]",3,0,0,,0.25,4
1588,993d3e66-8861-11f1-83a2-b48c9db4e1b4,17,"[0, 0, 1, 0]",0,0,0,,0.25,4
1589,993d3e66-8861-11f1-83a2-b48c9db4e1b4,17,"[0, 0, 1, 0]",1,0,0,,0.25,4
1590,993d3e66-8861-11f1-83a2-b48c9db4e1b4,17,"[0, 0, 1, 0]",2,1,1,,0.25,4
1591,993d3e66-8861-11f1-83a2-b48c9db4e1b4,17,"[0, 0, 1, 0]",3,0,0,,0.25,4
1592,993d3e66-8861-11f1-83a2-b48c9db4e1b4,18,"[0, 0, 1, 0]",0,0,0,,0.25,4
1593,993d3e66-8861-11f1-83a2-b48c9db4e1b4,18,"[0, 0, 1, 0]",1,0,0,,0.25,4
1594,993d3e66-8861-11f1-83a2-b48c9db4e1b4,18,"[0, 0, 1, 0]",2,1,1,,0.25,4
1595,993d3e66-8861-11f1-83a2-b48c9db4e1b4,18,"[0, 0, 1, 0]",3,0,0,,0.25,4
1596,993d3e66-8861-11f1-83a2-b48c9db4e1b4,19,"[0, 0, 1, 0]",0,0,0,,0.25,4
1597,993d3e66-8861-11f1-83a2-b48c9db4e1b4,19,"[0, 0, 1, 0]",1,0,0,,0.25,4
1598,993d3e66-8861-11f1-83a2-b48c9db4e1b4,19,"[0, 0, 1, 0]",2,1,1,,0.25,4
1599,993d3e66-8861-11f1-83a2-b48c9db4e1b4,19,"[0, 0, 1, 0]",3,0,0,,0.25,4
1600,9940a2b3-8861-11f1-ab0e-b48c9db4e1b4,0,"[0, 0, 0, 0]",0,0,0,,0.25,4
1601,9940a2b3-8861-11f1-ab0e-b48c9db4e1b4,0,"[0, 0, 0, 0]",1,0,0,,0.25,4
1602,9940a2b3-8861-11f1-ab0e-b48c9db4e1b4,0,"[0, 0, 0, 0]",2,0,0,,0.25,4
1603,9940a2b3-8861-11f1-ab0e-b48c9db4e1b4,0,"[0, 0, 0, 0]",3,0,0,,0.25,4
1604,9940a2b3-8861-11f1-ab0e-b48c9db4e1b4,1,"[0, 0, 1, 0]",0,0,0,,0.25,4
1605,9940a2b3-8861-11f1-ab0e-b48c9db4e1b4,1,"[0, 0, 1, 0]",1,0,0,,0.25,4
1606,9940a2b3-8861-11f1-ab0e-b48c9db4e1b4,1,"[0, 0, 1, 0]",2,1,1,,0.25,4
1607,9940a2b3-8861-11f1-ab0e-b48c9db4e1b4,1,"[0, 0, 1, 0]",3,0,0,,0.25,4
1608,9940a2b3-8861-11f1-ab0e-b48c9db4e1b4,2,"[0, 0, 1, 0]",0,0,0,,0.25,4
1609,9940a2b3-8861-11f1-ab0e-b48c9db4e1b4,2,"[0, 0, 1, 0]",1,0,0,,0.25,4
1610,9940a2b3-8861-11f1-ab0e-b48c9db4e1b4,2,"[0, 0, 1, 0]",2,1,1,,0.25,4
1611,9940a2b3-8861-11f1-ab0e-b48c9db4e1b4,2,"[0, 0, 1, 0]",3,0,0,,0.25,4
1612,9940a2b3-8861-11f1-ab0e-b48c9db4e1b4,3,"[0, 0, 1, 0]",0,0,0,,0.25,4
1613,9940a2b3-8861-11f1-ab0e-b48c9db4e1b4,3,"[0, 0, 1, 0]",1,0,0,,0.25,4
1614,9940a2b3-8861-11f1-ab0e-b48c9db4e1b4,3,"[0, 0, 1, 0]",2,1,1,,0.25,4
1615,9940a2b3-8861-11f1-ab0e-b48c9db4e1b4,3,"[0, 0, 1, 0]",3,0,0,,0.25,4
1616,9940a2b3-8861-11f1-ab0e-b48c9db4e1b4,4,"[0, 0, 1, 0]",0,0,0,,0.25,4
1617,9940a2b3-8861-11f1-ab0e-b48c9db4e1b4,4,"[0, 0, 1, 0]",1,0,0,,0.25,4
1618,9940a2b3-8861-11f1-ab0e-b48c9db4e1b4,4,"[0, 0, 1, 0]",2,1,1,,0.25,4
1619,9940a2b3-8861-11f1-ab0e-b48c9db4e1b4,4,"[0, 0, 1, 0]",3,0,0,,0.25,4
1620,9940a2b3-8861-11f1-ab0e-b48c9db4e1b4,5,"[0, 0, 1, 0]",0,0,0,,0.25,4
1621,9940a2b3-8861-11f1-ab0e-b48c9db4e1b4,5,"[0, 0, 1, 0]",1,0,0,,0.25,4
1622,9940a2b3-8861-11f1-ab0e-b48c9db4e1b4,5,"[0, 0, 1, 0]",2,1,1,,0.25,4
1623,9940a2b3-8861-11f1-ab0e-b48c9db4e1b4,5,"[0, 0, 1, 0]",3,0,0,,0.25,4
1624,9940a2b3-8861-11f1-ab0e-b48c9db4e1b4,6,"[0, 0, 1, 0]",0,0,0,,0.25,4
1625,9940a2b3-8861-11f1-ab0e-b48c9db4e1b4,6,"[0, 0, 1, 0]",1,0,0,,0.25,4
1626,9940a2b3-8861-11f1-ab0e-b48c9db4e1b4,6,"[0, 0, 1, 0]",2,1,1,,0.25,4
1627,9940a2b3-8861-11f1-ab0e-b48c9db4e1b4,6,"[0, 0, 1, 0]",3,0,0,,0.25,4
1628,9940a2b3-8861-11f1-ab0e-b48c9db4e1b4,7,"[0, 0, 1, 0]",0,0,0,,0.25,4
1629,9940a2b3-8861-11f1-ab0e-b48c9db4e1b4,7,"[0, 0, 1, 0]",1,0,0,,0.25,4
1630,9940a2b3-8861-11f1-ab0e-b48c9db4e1b4,7,"[0, 0, 1, 0]",2,1,1,,0.25,4
1631,9940a2b3-8861-11f1-ab0e-b48c9db4e1b4,7,"[0, 0, 1, 0]",3,0,0,,0.25,4
1632,9940a2b3-8861-11f1-ab0e-b48c9db4e1b4,8,"[0, 0, 1, 0]",0,0,0,,0.25,4
1633,9940a2b3-8861-11f1-ab0e-b48c9db4e1b4,8,"[0, 0, 1, 0]",1,0,0,,0.25,4
1634,9940a2b3-8861-11f1-ab0e-b48c9db4e1b4,8,"[0, 0, 1, 0]",2,1,1,,0.25,4
1635,9940a2b3-8861-11f1-ab0e-b48c9db4e1b4,8,"[0, 0, 1, 0]",3,0,0,,0.25,4
1636,9940a2b3-8861-11f1-ab0e-b48c9db4e1b4,9,"[0, 0, 1, 0]",0,0,0,,0.25,4
1637,9940a2b3-8861-11f1-ab0e-b48c9db4e1b4,9,"[0, 0, 1, 0]",1,0,0,,0.25,4
1638,9940a2b3-8861-11f1-ab0e-b48c9db4e1b4,9,"[0, 0, 1, 0]",2,1,1,,0.25,4
1639,9940a2b3-8861-11f1-ab0e-b48c9db4e1b4,9,"[0, 0, 1, 0]",3,0,0,,0.25,4
1640,9940a2b3-8861-11f1-ab0e-b48c9db4e1b4,10,"[0, 0, 1, 0]",0,0,0,,0.25,4
1641,9940a2b3-8861-11f1-ab0e-b48c9db4e1b4,10,"[0, 0, 1, 0]",1,0,0,,0.25,4
1642,9940a2b3-8861-11f1-ab0e-b48c9db4e1b4,10,"[0, 0, 1, 0]",2,1,1,,0.25,4
1643,9940a2b3-8861-11f1-ab0e-b48c9db4e1b4,10,"[0, 0, 1, 0]",3,0,0,,0.25,4
1644,9940a2b3-8861-11f1-ab0e-b48c9db4e1b4,11,"[0, 0, 1, 0]",0,0,0,,0.25,4
1645,9940a2b3-8861-11f1-ab0e-b48c9db4e1b4,11,"[0, 0, 1, 0]",1,0,0,,0.25,4
1646,9940a2b3-8861-11f1-ab0e-b48c9db4e1b4,11,"[0, 0, 1, 0]",2,1,1,,0.25,4
1647,9940a2b3-8861-11f1-ab0e-b48c9db4e1b4,11,"[0, 0, 1, 0]",3,0,0,,0.25,4
1648,9940a2b3-8861-11f1-ab0e-b48c9db4e1b4,12,"[0, 0, 1, 0]",0,0,0,,0.25,4
1649,9940a2b3-8861-11f1-ab0e-b48c9db4e1b4,12,"[0, 0, 1, 0]",1,0,0,,0.25,4
1650,9940a2b3-8861-11f1-ab0e-b48c9db4e1b4,12,"[0, 0, 1, 0]",2,1,1,,0.25,4
1651,9940a2b3-8861-11f1-ab0e-b48c9db4e1b4,12,"[0, 0, 1, 0]",3,0,0,,0.25,4
1652,9940a2b3-8861-11f1-ab0e-b48c9db4e1b4,13,"[0, 0, 1, 0]",0,0,0,,0.25,4
1653,9940a2b3-8861-11f1-ab0e-b48c9db4e1b4,13,"[0, 0, 1, 0]",1,0,0,,0.25,4
1654,9940a2b3-8861-11f1-ab0e-b48c9db4e1b4,13,"[0, 0, 1, 0]",2,1,1,,0.25,4
1655,9940a2b3-8861-11f1-ab0e-b48c9db4e1b4,13,"[0, 0, 1, 0]",3,0,0,,0.25,4
1656,9940a2b3-8861-11f1-ab0e-b48c9db4e1b4,14,"[0, 0, 1, 0]",0,0,0,,0.25,4
1657,9940a2b3-8861-11f1-ab0e-b48c9db4e1b4,14,"[0, 0, 1, 0]",1,0,0,,0.25,4
1658,9940a2b3-8861-11f1-ab0e-b48c9db4e1b4,14,"[0, 0, 1, 0]",2,1,1,,0.25,4
1659,9940a2b3-8861-11f1-ab0e-b48c9db4e1b4,14,"[0, 0, 1, 0]",3,0,0,,0.25,4
1660,9940a2b3-8861-11f1-ab0e-b48c9db4e1b4,15,"[0, 0, 1, 0]",0,0,0,,0.25,4
1661,9940a2b3-8861-11f1-ab0e-b48c9db4e1b4,15,"[0, 0, 1, 0]",1,0,0,,0.25,4
1662,9940a2b3-8861-11f1-ab0e-b48c9db4e1b4,15,"[0, 0, 1, 0]",2,1,1,,0.25,4
1663,9940a2b3-8861-11f1-ab0e-b48c9db4e1b4,15,"[0, 0, 1, 0]",3,0,0,,0.25,4
1664,9940a2b3-8861-11f1-ab0e-b48c9db4e1b4,16,"[0, 0, 1, 0]",0,0,0,,0.25,4
1665,9940a2b3-8861-11f1-ab0e-b48c9db4e1b4,16,"[0, 0, 1, 0]",1,0,0,,0.25,4
1666,9940a2b3-8861-11f1-ab0e-b48c9db4e1b4,16,"[0, 0, 1, 0]",2,1,1,,0.25,4
1667,9940a2b3-8861-11f1-ab0e-b48c9db4e1b4,16,"[0, 0, 1, 0]",3,0,0,,0.25,4
1668,9940a2b3-8861-11f1-ab0e-b48c9db4e1b4,17,"[0, 0, 1, 0]",0,0,0,,0.25,4
1669,9940a2b3-8861-11f1-ab0e-b48c9db4e1b4,17,"[0, 0, 1, 0]",1,0,0,,0.25,4
1670,9940a2b3-8861-11f1-ab0e-b48c9db4e1b4,17,"[0, 0, 1, 0]",2,1,1,,0.25,4
1671,9940a2b3-8861-11f1-ab0e-b48c9db4e1b4,17,"[0, 0, 1, 0]",3,0,0,,0.25,4
1672,9940a2b3-8861-11f1-ab0e-b48c9db4e1b4,18,"[0, 0, 1, 0]",0,0,0,,0.25,4
1673,9940a2b3-8861-11f1-ab0e-b48c9db4e1b4,18,"[0, 0, 1, 0]",1,0,0,,0.25,4
1674,9940a2b3-8861-11f1-ab0e-b48c9db4e1b4,18,"[0, 0, 1, 0]",2,1,1,,0.25,4
1675,9940a2b3-8861-11f1-ab0e-b48c9db4e1b4,18,"[0, 0, 1, 0]",3,0,0,,0.25,4
1676,9940a2b3-8861-11f1-ab0e-b48c9db4e1b4,19,"[0, 0, 1, 0]",0,0,0,,0.25,4
1677,9940a2b3-8861-11f1-ab0e-b48c9db4e1b4,19,"[0, 0, 1, 0]",1,0,0,,0.25,4
1678,9940a2b3-8861-11f1-ab0e-b48c9db4e1b4,19,"[0, 0, 1, 0]",2,1,1,,0.25,4
1679,9940a2b3-8861-11f1-ab0e-b48c9db4e1b4,19,"[0, 0, 1, 0]",3,0,0,,0.25,4
1680,9944571d-8861-11f1-819f-b48c9db4e1b4,0,"[0, 0, 1, 1]",0,0,0,,0.25,4
1681,9944571d-8861-11f1-819f-b48c9db4e1b4,0,"[0, 0, 1, 1]",1,0,0,,0.25,4
1682,9944571d-8861-11f1-819f-b48c9db4e1b4,0,"[0, 0, 1, 1]",2,1,-1,,0.25,4
1683,9944571d-8861-11f1-819f-b48c9db4e1b4,0,"[0, 0, 1, 1]",3,1,-1,,0.25,4
1684,9944571d-8861-11f1-819f-b48c9db4e1b4,1,"[0, 0, 1, 0]",0,0,0,,0.25,4
1685,9944571d-8861-11f1-819f-b48c9db4e1b4,1,"[0, 0, 1, 0]",1,0,0,,0.25,4
1686,9944571d-8861-11f1-819f-b48c9db4e1b4,1,"[0, 0, 1, 0]",2,1,1,,0.25,4
1687,9944571d-8861-11f1-819f-b48c9db4e1b4,1,"[0, 0, 1, 0]",3,0,0,,0.25,4
1688,9944571d-8861-11f1-819f-b48c9db4e1b4,2,"[0, 0, 1, 0]",0,0,0,,0.25,4
1689,9944571d-8861-11f1-819f-b48c9db4e1b4,2,"[0, 0, 1, 0]",1,0,0,,0.25,4
1690,9944571d-8861-11f1-819f-b48c9db4e1b4,2,"[0, 0, 1, 0]",2,1,1,,0.25,4
1691,9944571d-8861-11f1-819f-b48c9db4e1b4,2,"[0, 0, 1, 0]",3,0,0,,0.25,4
1692,9944571d-8861-11f1-819f-b48c9db4e1b4,3,"[0, 0, 1, 0]",0,0,0,,0.25,4
1693,9944571d-8861-11f1-819f-b48c9db4e1b4,3,"[0, 0, 1, 0]",1,0,0,,0.25,4
1694,9944571d-8861-11f1-819f-b48c9db4e1b4,3,"[0, 0, 1, 0]",2,1,1,,0.25,4
1695,9944571d-8861-11f1-819f-b48c9db4e1b4,3,"[0, 0, 1, 0]",3,0,0,,0.25,4
1696,9944571d-8861-11f1-819f-b48c9db4e1b4,4,"[0, 0, 1, 0]",0,0,0,,0.25,4
1697,9944571d-8861-11f1-819f-b48c9db4e1b4,4,"[0, 0, 1, 0]",1,0,0,,0.25,4
1698,9944571d-8861-11f1-819f-b48c9db4e1b4,4,"[0, 0, 1, 0]",2,1,1,,0.25,4
1699,9944571d-8861-11f1-819f-b48c9db4e1b4,4,"[0, 0, 1, 0]",3,0,0,,0.25,4
1700,9944571d-8861-11f1-819f-b48c9db4e1b4,5,"[0, 0, 1, 0]",0,0,0,,0.25,4
1701,9944571d-8861-11f1-819f-b48c9db4e1b4,5,"[0, 0, 1, 0]",1,0,0,,0.25,4
1702,9944571d-8861-11f1-819f-b48c9db4e1b4,5,"[0, 0, 1, 0]",2,1,1,,0.25,4
1703,9944571d-8861-11f1-819f-b48c9db4e1b4,5,"[0, 0, 1, 0]",3,0,0,,0.25,4
1704,9944571d-8861-11f1-819f-b48c9db4e1b4,6,"[0, 0, 1, 0]",0,0,0,,0.25,4
1705,9944571d-8861-11f1-819f-b48c9db4e1b4,6,"[0, 0, 1, 0]",1,0,0,,0.25,4
1706,9944571d-8861-11f1-819f-b48c9db4e1b4,6,"[0, 0, 1, 0]",2,1,1,,0.25,4
1707,9944571d-8861-11f1-819f-b48c9db4e1b4,6,"[0, 0, 1, 0]",3,0,0,,0.25,4
1708,9944571d-8861-11f1-819f-b48c9db4e1b4,7,"[0, 0, 1, 0]",0,0,0,,0.25,4
1709,9944571d-8861-11f1-819f-b48c9db4e1b4,7,"[0, 0, 1, 0]",1,0,0,,0.25,4
1710,9944571d-8861-11f1-819f-b48c9db4e1b4,7,"[0, 0, 1, 0]",2,1,1,,0.25,4
1711,9944571d-8861-11f1-819f-b48c9db4e1b4,7,"[0, 0, 1, 0]",3,0,0,,0.25,4
1712,9944571d-8861-11f1-819f-b48c9db4e1b4,8,"[0, 0, 1, 0]",0,0,0,,0.25,4
1713,9944571d-8861-11f1-819f-b48c9db4e1b4,8,"[0, 0, 1, 0]",1,0,0,,0.25,4
1714,9944571d-8861-11f1-819f-b48c9db4e1b4,8,"[0, 0, 1, 0]",2,1,1,,0.25,4
1715,9944571d-8861-11f1-819f-b48c9db4e1b4,8,"[0, 0, 1, 0]",3,0,0,,0.25,4
1716,9944571d-8861-11f1-819f-b48c9db4e1b4,9,"[0, 0, 1, 0]",0,0,0,,0.25,4
1717,9944571d-8861-11f1-819f-b48c9db4e1b4,9,"[0, 0, 1, 0]",1,0,0,,0.25,4
1718,9944571d-8861-11f1-819f-b48c9db4e1b4,9,"[0, 0, 1, 0]",2,1,1,,0.25,4
1719,9944571d-8861-11f1-819f-b48c9db4e1b4,9,"[0, 0, 1, 0]",3,0,0,,0.25,4
1720,9944571d-8861-11f1-819f-b48c9db4e1b4,10,"[0, 0, 1, 0]",0,0,0,,0.25,4
1721,9944571d-8861-11f1-819f-b48c9db4e1b4,10,"[0, 0, 1, 0]",1,0,0,,0.25,4
1722,9944571d-8861-11f1-819f-b48c9db4e1b4,10,"[0, 0, 1, 0]",2,1,1,,0.25,4
1723,9944571d-8861-11f1-819f-b48c9db4e1b4,10,"[0, 0, 1, 0]",3,0,0,,0.25,4
1724,9944571d-8861-11f1-819f-b48c9db4e1b4,11,"[0, 0, 1, 0]",0,0,0,,0.25,4
1725,9944571d-8861-11f1-819f-b48c9db4e1b4,11,"[0, 0, 1, 0]",1,0,0,,0.25,4
1726,9944571d-8861-11f1-819f-b48c9db4e1b4,11,"[0, 0, 1, 0]",2,1,1,,0.25,4
1727,9944571d-8861-11f1-819f-b48c9db4e1b4,11,"[0, 0, 1, 0]",3,0,0,,0.25,4
1728,9944571d-8861-11f1-819f-b48c9db4e1b4,12,"[0, 0, 1, 0]",0,0,0,,0.25,4
1729,9944571d-8861-11f1-819f-b48c9db4e1b4,12,"[0, 0, 1, 0]",1,0,0,,0.25,4
1730,9944571d-8861-11f1-819f-b48c9db4e1b4,12,"[0, 0, 1, 0]",2,1,1,,0.25,4
1731,9944571d-8861-11f1-819f-b48c9db4e1b4,12,"[0, 0, 1, 0]",3,0,0,,0.25,4
1732,9944571d-8861-11f1-819f-b48c9db4e1b4,13,"[0, 0, 1, 0]",0,0,0,,0.25,4
1733,9944571d-8861-11f1-819f-b48c9db4e1b4,13,"[0, 0, 1, 0]",1,0,0,,0.25,4
1734,9944571d-8861-11f1-819f-b48c9db4e1b4,13,"[0, 0, 1, 0]",2,1,1,,0.25,4
1735,9944571d-8861-11f1-819f-b48c9db4e1b4,13,"[0, 0, 1, 0]",3,0,0,,0.25,4
1736,9944571d-8861-11f1-819f-b48c9db4e1b4,14,"[0, 0, 1, 0]",0,0,0,,0.25,4
1737,9944571d-8861-11f1-819f-b48c9db4e1b4,14,"[0, 0, 1, 0]",1,0,0,,0.25,4
1738,9944571d-8861-11f1-819f-b48c9db4e1b4,14,"[0, 0, 1, 0]",2,1,1,,0.25,4
1739,9944571d-8861-11f1-819f-b48c9db4e1b4,14,"[0, 0, 1, 0]",3,0,0,,0.25,4
1740,9944571d-8861-11f1-819f-b48c9db4e1b4,15,"[0, 0, 1, 0]",0,0,0,,0.25,4
1741,9944571d-8861-11f1-819f-b48c9db4e1b4,15,"[0, 0, 1, 0]",1,0,0,,0.25,4
1742,9944571d-8861-11f1-819f-b48c9db4e1b4,15,"[0, 0, 1, 0]",2,1,1,,0.25,4
1743,9944571d-8861-11f1-819f-b48c9db4e1b4,15,"[0, 0, 1, 0]",3,0,0,,0.25,4
1744,9944571d-8861-11f1-819f-b48c9db4e1b4,16,"[0, 0, 1, 0]",0,0,0,,0.25,4
1745,9944571d-8861-11f1-819f-b48c9db4e1b4,16,"[0, 0, 1, 0]",1,0,0,,0.25,4
1746,9944571d-8861-11f1-819f-b48c9db4e1b4,16,"[0, 0, 1, 0]",2,1,1,,0.25,4
1747,9944571d-8861-11f1-819f-b48c9db4e1b4,16,"[0, 0, 1, 0]",3,0,0,,0.25,4
1748,9944571d-8861-11f1-819f-b48c9db4e1b4,17,"[0, 0, 1, 0]",0,0,0,,0.25,4
1749,9944571d-8861-11f1-819f-b48c9db4e1b4,17,"[0, 0, 1, 0]",1,0,0,,0.25,4
1750,9944571d-8861-11f1-819f-b48c9db4e1b4,17,"[0, 0, 1, 0]",2,1,1,,0.25,4
1751,9944571d-8861-11f1-819f-b48c9db4e1b4,17,"[0, 0, 1, 0]",3,0,0,,0.25,4
1752,9944571d-8861-11f1-819f-b48c9db4e1b4,18,"[0, 0, 1, 0]",0,0,0,,0.25,4
1753,9944571d-8861-11f1-819f-b48c9db4e1b4,18,"[0, 0, 1, 0]",1,0,0,,0.25,4
1754,9944571d-8861-11f1-819f-b48c9db4e1b4,18,"[0, 0, 1, 0]",2,1,1,,0.25,4
1755,9944571d-8861-11f1-819f-b48c9db4e1b4,18,"[0, 0, 1, 0]",3,0,0,,0.25,4
1756,9944571d-8861-11f1-819f-b48c9db4e1b4,19,"[0, 0, 1, 0]",0,0,0,,0.25,4
1757,9944571d-8861-11f1-819f-b48c9db4e1b4,19,"[0, 0, 1, 0]",1,0,0,,0.25,4
1758,9944571d-8861-11f1-819f-b48c9db4e1b4,19,"[0, 0, 1, 0]",2,1,1,,0.25,4
1759,9944571d-8861-11f1-819f-b48c9db4e1b4,19,"[0, 0, 1, 0]",3,0,0,,0.25,4
1760,99489f72-8861-11f1-882d-b48c9db4e1b4,0,"[0, 0, 0, 1]",0,0,0,,0.25,4
1761,99489f72-8861-11f1-882d-b48c9db4e1b4,0,"[0, 0, 0, 1]",1,0,0,,0.25,4
1762,99489f72-8861-11f1-882d-b48c9db4e1b4,0,"[0, 0, 0, 1]",2,0,0,,0.25,4
1763,99489f72-8861-11f1-882d-b48c9db4e1b4,0,"[0, 0, 0, 1]",3,1,1,,0.25,4
1764,99489f72-8861-11f1-882d-b48c9db4e1b4,1,"[0, 0, 1, 0]",0,0,0,,0.25,4
1765,99489f72-8861-11f1-882d-b48c9db4e1b4,1,"[0, 0, 1, 0]",1,0,0,,0.25,4
1766,99489f72-8861-11f1-882d-b48c9db4e1b4,1,"[0, 0, 1, 0]",2,1,1,,0.25,4
1767,99489f72-8861-11f1-882d-b48c9db4e1b4,1,"[0, 0, 1, 0]",3,0,0,,0.25,4
1768,99489f72-8861-11f1-882d-b48c9db4e1b4,2,"[0, 0, 1, 0]",0,0,0,,0.25,4
1769,99489f72-8861-11f1-882d-b48c9db4e1b4,2,"[0, 0, 1, 0]",1,0,0,,0.25,4
1770,99489f72-8861-11f1-882d-b48c9db4e1b4,2,"[0, 0, 1, 0]",2,1,1,,0.25,4
1771,99489f72-8861-11f1-882d-b48c9db4e1b4,2,"[0, 0, 1, 0]",3,0,0,,0.25,4
1772,99489f72-8861-11f1-882d-b48c9db4e1b4,3,"[0, 0, 1, 0]",0,0,0,,0.25,4
1773,99489f72-8861-11f1-882d-b48c9db4e1b4,3,"[0, 0, 1, 0]",1,0,0,,0.25,4
1774,99489f72-8861-11f1-882d-b48c9db4e1b4,3,"[0, 0, 1, 0]",2,1,1,,0.25,4
1775,99489f72-8861-11f1-882d-b48c9db4e1b4,3,"[0, 0, 1, 0]",3,0,0,,0.25,4
1776,99489f72-8861-11f1-882d-b48c9db4e1b4,4,"[0, 0, 1, 0]",0,0,0,,0.25,4
1777,99489f72-8861-11f1-882d-b48c9db4e1b4,4,"[0, 0, 1, 0]",1,0,0,,0.25,4
1778,99489f72-8861-11f1-882d-b48c9db4e1b4,4,"[0, 0, 1, 0]",2,1,1,,0.25,4
1779,99489f72-8861-11f1-882d-b48c9db4e1b4,4,"[0, 0, 1, 0]",3,0,0,,0.25,4
1780,99489f72-8861-11f1-882d-b48c9db4e1b4,5,"[0, 0, 1, 0]",0,0,0,,0.25,4
1781,99489f72-8861-11f1-882d-b48c9db4e1b4,5,"[0, 0, 1, 0]",1,0,0,,0.25,4
1782,99489f72-8861-11f1-882d-b48c9db4e1b4,5,"[0, 0, 1, 0]",2,1,1,,0.25,4
1783,99489f72-8861-11f1-882d-b48c9db4e1b4,5,"[0, 0, 1, 0]",3,0,0,,0.25,4
1784,99489f72-8861-11f1-882d-b48c9db4e1b4,6,"[0, 0, 1, 0]",0,0,0,,0.25,4
1785,99489f72-8861-11f1-882d-b48c9db4e1b4,6,"[0, 0, 1, 0]",1,0,0,,0.25,4
1786,99489f72-8861-11f1-882d-b48c9db4e1b4,6,"[0, 0, 1, 0]",2,1,1,,0.25,4
1787,99489f72-8861-11f1-882d-b48c9db4e1b4,6,"[0, 0, 1, 0]",3,0,0,,0.25,4
1788,99489f72-8861-11f1-882d-b48c9db4e1b4,7,"[0, 0, 1, 0]",0,0,0,,0.25,4
1789,99489f72-8861-11f1-882d-b48c9db4e1b4,7,"[0, 0, 1, 0]",1,0,0,,0.25,4
1790,99489f72-8861-11f1-882d-b48c9db4e1b4,7,"[0, 0, 1, 0]",2,1,1,,0.25,4
1791,99489f72-8861-11f1-882d-b48c9db4e1b4,7,"[0, 0, 1, 0]",3,0,0,,0.25,4
1792,99489f72-8861-11f1-882d-b48c9db4e1b4,8,"[0, 0, 1, 0]",0,0,0,,0.25,4
1793,99489f72-8861-11f1-882d-b48c9db4e1b4,8,"[0, 0, 1, 0]",1,0,0,,0.25,4
1794,99489f72-8861-11f1-882d-b48c9db4e1b4,8,"[0, 0, 1, 0]",2,1,1,,0.25,4
1795,99489f72-8861-11f1-882d-b48c9db4e1b4,8,"[0, 0, 1, 0]",3,0,0,,0.25,4
1796,99489f72-8861-11f1-882d-b48c9db4e1b4,9,"[0, 0, 1, 0]",0,0,0,,0.25,4
1797,99489f72-8861-11f1-882d-b48c9db4e1b4,9,"[0, 0, 1, 0]",1,0,0,,0.25,4
1798,99489f72-8861-11f1-882d-b48c9db4e1b4,9,"[0, 0, 1, 0]",2,1,1,,0.25,4
1799,99489f72-8861-11f1-882d-b48c9db4e1b4,9,"[0, 0, 1, 0]",3,0,0,,0.25,4
1800,99489f72-8861-11f1-882d-b48c9db4e1b4,10,"[0, 0, 1, 0]",0,0,0,,0.25,4
1801,99489f72-8861-11f1-882d-b48c9db4e1b4,10,"[0, 0, 1, 0]",1,0,0,,0.25,4
1802,99489f72-8861-11f1-882d-b48c9db4e1b4,10,"[0, 0, 1, 0]",2,1,1,,0.25,4
1803,99489f72-8861-11f1-882d-b48c9db4e1b4,10,"[0, 0, 1, 0]",3,0,0,,0.25,4
1804,99489f72-8861-11f1-882d-b48c9db4e1b4,11,"[0, 0, 1, 0]",0,0,0,,0.25,4
1805,99489f72-8861-11f1-882d-b48c9db4e1b4,11,"[0, 0, 1, 0]",1,0,0,,0.25,4
1806,99489f72-8861-11f1-882d-b48c9db4e1b4,11,"[0, 0, 1, 0]",2,1,1,,0.25,4
1807,99489f72-8861-11f1-882d-b48c9db4e1b4,11,"[0, 0, 1, 0]",3,0,0,,0.25,4
1808,99489f72-8861-11f1-882d-b48c9db4e1b4,12,"[0, 0, 1, 0]",0,0,0,,0.25,4
1809,99489f72-8861-11f1-882d-b48c9db4e1b4,12,"[0, 0, 1, 0]",1,0,0,,0.25,4
1810,99489f72-8861-11f1-882d-b48c9db4e1b4,12,"[0, 0, 1, 0]",2,1,1,,0.25,4
1811,99489f72-8861-11f1-882d-b48c9db4e1b4,12,"[0, 0, 1, 0]",3,0,0,,0.25,4
1812,99489f72-8861-11f1-882d-b48c9db4e1b4,13,"[0, 0, 1, 0]",0,0,0,,0.25,4
1813,99489f72-8861-11f1-882d-b48c9db4e1b4,13,"[0, 0, 1, 0]",1,0,0,,0.25,4
1814,99489f72-8861-11f1-882d-b48c9db4e1b4,13,"[0, 0, 1, 0]",2,1,1,,0.25,4
1815,99489f72-8861-11f1-882d-b48c9db4e1b4,13,"[0, 0, 1, 0]",3,0,0,,0.25,4
1816,99489f72-8861-11f1-882d-b48c9db4e1b4,14,"[0, 0, 1, 0]",0,0,0,,0.25,4
1817,99489f72-8861-11f1-882d-b48c9db4e1b4,14,"[0, 0, 1, 0]",1,0,0,,0.25,4
1818,99489f72-8861-11f1-882d-b48c9db4e1b4,14,"[0, 0, 1, 0]",2,1,1,,0.25,4
1819,99489f72-8861-11f1-882d-b48c9db4e1b4,14,"[0, 0, 1, 0]",3,0,0,,0.25,4
1820,99489f72-8861-11f1-882d-b48c9db4e1b4,15,"[0, 0, 1, 0]",0,0,0,,0.25,4
1821,99489f72-8861-11f1-882d-b48c9db4e1b4,15,"[0, 0, 1, 0]",1,0,0,,0.25,4
1822,99489f72-8861-11f1-882d-b48c9db4e1b4,15,"[0, 0, 1, 0]",2,1,1,,0.25,4
1823,99489f72-8861-11f1-882d-b48c9db4e1b4,15,"[0, 0, 1, 0]",3,0,0,,0.25,4
1824,99489f72-8861-11f1-882d-b48c9db4e1b4,16,"[0, 0, 1, 0]",0,0,0,,0.25,4
1825,99489f72-8861-11f1-882d-b48c9db4e1b4,16,"[0, 0, 1, 0]",1,0,0,,0.25,4
1826,99489f72-8861-11f1-882d-b48c9db4e1b4,16,"[0, 0, 1, 0]",2,1,1,,0.25,4
1827,99489f72-8861-11f1-882d-b48c9db4e1b4,16,"[0, 0, 1, 0]",3,0,0,,0.25,4
1828,99489f72-8861-11f1-882d-b48c9db4e1b4,17,"[0, 0, 1, 0]",0,0,0,,0.25,4
1829,99489f72-8861-11f1-882d-b48c9db4e1b4,17,"[0, 0, 1, 0]",1,0,0,,0.25,4
1830,99489f72-8861-11f1-882d-b48c9db4e1b4,17,"[0, 0, 1, 0]",2,1,1,,0.25,4
1831,99489f72-8861-11f1-882d-b48c9db4e1b4,17,"[0, 0, 1, 0]",3,0,0,,0.25,4
1832,99489f72-8861-11f1-882d-b48c9db4e1b4,18,"[0, 0, 1, 0]",0,0,0,,0.25,4
1833,99489f72-8861-11f1-882d-b48c9db4e1b4,18,"[0, 0, 1, 0]",1,0,0,,0.25,4
1834,99489f72-8861-11f1-882d-b48c9db4e1b4,18,"[0, 0, 1, 0]",2,1,1,,0.25,4
1835,99489f72-8861-11f1-882d-b48c9db4e1b4,18,"[0, 0, 1, 0]",3,0,0,,0.25,4
1836,99489f72-8861-11f1-882d-b48c9db4e1b4,19,"[0, 0, 1, 0]",0,0,0,,0.25,4
1837,99489f72-8861-11f1-882d-b48c9db4e1b4,19,"[0, 0, 1, 0]",1,0,0,,0.25,4
1838,99489f72-8861-11f1-882d-b48c9db4e1b4,19,"[0, 0, 1, 0]",2,1,1,,0.25,4
1839,99489f72-8861-11f1-882d-b48c9db4e1b4,19,"[0, 0, 1, 0]",3,0,0,,0.25,4
1840,994c9a4a-8861-11f1-a5b9-b48c9db4e1b4,0,"[0, 0, 0, 0]",0,0,0,,0.25,4
1841,994c9a4a-8861-11f1-a5b9-b48c9db4e1b4,0,"[0, 0, 0, 0]",1,0,0,,0.25,4
1842,994c9a4a-8861-11f1-a5b9-b48c9db4e1b4,0,"[0, 0, 0, 0]",2,0,0,,0.25,4
1843,994c9a4a-8861-11f1-a5b9-b48c9db4e1b4,0,"[0, 0, 0, 0]",3,0,0,,0.25,4
1844,994c9a4a-8861-11f1-a5b9-b48c9db4e1b4,1,"[0, 0, 1, 0]",0,0,0,,0.25,4
1845,994c9a4a-8861-11f1-a5b9-b48c9db4e1b4,1,"[0, 0, 1, 0]",1,0,0,,0.25,4
1846,994c9a4a-8861-11f1-a5b9-b48c9db4e1b4,1,"[0, 0, 1, 0]",2,1,1,,0.25,4
1847,994c9a4a-8861-11f1-a5b9-b48c9db4e1b4,1,"[0, 0, 1, 0]",3,0,0,,0.25,4
1848,994c9a4a-8861-11f1-a5b9-b48c9db4e1b4,2,"[0, 0, 1, 0]",0,0,0,,0.25,4
1849,994c9a4a-8861-11f1-a5b9-b48c9db4e1b4,2,"[0, 0, 1, 0]",1,0,0,,0.25,4
1850,994c9a4a-8861-11f1-a5b9-b48c9db4e1b4,2,"[0, 0, 1, 0]",2,1,1,,0.25,4
1851,994c9a4a-8861-11f1-a5b9-b48c9db4e1b4,2,"[0, 0, 1, 0]",3,0,0,,0.25,4
1852,994c9a4a-8861-11f1-a5b9-b48c9db4e1b4,3,"[0, 0, 1, 0]",0,0,0,,0.25,4
1853,994c9a4a-8861-11f1-a5b9-b48c9db4e1b4,3,"[0, 0, 1, 0]",1,0,0,,0.25,4
1854,994c9a4a-8861-11f1-a5b9-b48c9db4e1b4,3,"[0, 0, 1, 0]",2,1,1,,0.25,4
1855,994c9a4a-8861-11f1-a5b9-b48c9db4e1b4,3,"[0, 0, 1, 0]",3,0,0,,0.25,4
1856,994c9a4a-8861-11f1-a5b9-b48c9db4e1b4,4,"[0, 0, 1, 0]",0,0,0,,0.25,4
1857,994c9a4a-8861-11f1-a5b9-b48c9db4e1b4,4,"[0, 0, 1, 0]",1,0,0,,0.25,4
1858,994c9a4a-8861-11f1-a5b9-b48c9db4e1b4,4,"[0, 0, 1, 0]",2,1,1,,0.25,4
1859,994c9a4a-8861-11f1-a5b9-b48c9db4e1b4,4,"[0, 0, 1, 0]",3,0,0,,0.25,4
1860,994c9a4a-8861-11f1-a5b9-b48c9db4e1b4,5,"[0, 0, 1, 0]",0,0,0,,0.25,4
1861,994c9a4a-8861-11f1-a5b9-b48c9db4e1b4,5,"[0, 0, 1, 0]",1,0,0,,0.25,4
1862,994c9a4a-8861-11f1-a5b9-b48c9db4e1b4,5,"[0, 0, 1, 0]",2,1,1,,0.25,4
1863,994c9a4a-8861-11f1-a5b9-b48c9db4e1b4,5,"[0, 0, 1, 0]",3,0,0,,0.25,4
1864,994c9a4a-8861-11f1-a5b9-b48c9db4e1b4,6,"[0, 0, 1, 0]",0,0,0,,0.25,4
1865,994c9a4a-8861-11f1-a5b9-b48c9db4e1b4,6,"[0, 0, 1, 0]",1,0,0,,0.25,4
1866,994c9a4a-8861-11f1-a5b9-b48c9db4e1b4,6,"[0, 0, 1, 0]",2,1,1,,0.25,4
1867,994c9a4a-8861-11f1-a5b9-b48c9db4e1b4,6,"[0, 0, 1, 0]",3,0,0,,0.25,4
1868,994c9a4a-8861-11f1-a5b9-b48c9db4e1b4,7,"[0, 0, 1, 0]",0,0,0,,0.25,4
1869,994c9a4a-8861-11f1-a5b9-b48c9db4e1b4,7,"[0, 0, 1, 0]",1,0,0,,0.25,4
1870,994c9a4a-8861-11f1-a5b9-b48c9db4e1b4,7,"[0, 0, 1, 0]",2,1,1,,0.25,4
1871,994c9a4a-8861-11f1-a5b9-b48c9db4e1b4,7,"[0, 0, 1, 0]",3,0,0,,0.25,4
1872,994c9a4a-8861-11f1-a5b9-b48c9db4e1b4,8,"[0, 0, 1, 0]",0,0,0,,0.25,4
1873,994c9a4a-8861-11f1-a5b9-b48c9db4e1b4,8,"[0, 0, 1, 0]",1,0,0,,0.25,4
1874,994c9a4a-8861-11f1-a5b9-b48c9db4e1b4,8,"[0, 0, 1, 0]",2,1,1,,0.25,4
1875,994c9a4a-8861-11f1-a5b9-b48c9db4e1b4,8,"[0, 0, 1, 0]",3,0,0,,0.25,4
1876,994c9a4a-8861-11f1-a5b9-b48c9db4e1b4,9,"[0, 0, 1, 0]",0,0,0,,0.25,4
1877,994c9a4a-8861-11f1-a5b9-b48c9db4e1b4,9,"[0, 0, 1, 0]",1,0,0,,0.25,4
1878,994c9a4a-8861-11f1-a5b9-b48c9db4e1b4,9,"[0, 0, 1, 0]",2,1,1,,0.25,4
1879,994c9a4a-8861-11f1-a5b9-b48c9db4e1b4,9,"[0, 0, 1, 0]",3,0,0,,0.25,4
1880,994c9a4a-8861-11f1-a5b9-b48c9db4e1b4,10,"[0, 0, 1, 0]",0,0,0,,0.25,4
1881,994c9a4a-8861-11f1-a5b9-b48c9db4e1b4,10,"[0, 0, 1, 0]",1,0,0,,0.25,4
1882,994c9a4a-8861-11f1-a5b9-b48c9db4e1b4,10,"[0, 0, 1, 0]",2,1,1,,0.25,4
1883,994c9a4a-8861-11f1-a5b9-b48c9db4e1b4,10,"[0, 0, 1, 0]",3,0,0,,0.25,4
1884,994c9a4a-8861-11f1-a5b9-b48c9db4e1b4,11,"[0, 0, 1, 0]",0,0,0,,0.25,4
1885,994c9a4a-8861-11f1-a5b9-b48c9db4e1b4,11,"[0, 0, 1, 0]",1,0,0,,0.25,4
1886,994c9a4a-8861-11f1-a5b9-b48c9db4e1b4,11,"[0, 0, 1, 0]",2,1,1,,0.25,4
1887,994c9a4a-8861-11f1-a5b9-b48c9db4e1b4,11,"[0, 0, 1, 0]",3,0,0,,0.25,4
1888,994c9a4a-8861-11f1-a5b9-b48c9db4e1b4,12,"[0, 0, 1, 0]",0,0,0,,0.25,4
1889,994c9a4a-8861-11f1-a5b9-b48c9db4e1b4,12,"[0, 0, 1, 0]",1,0,0,,0.25,4
1890,994c9a4a-8861-11f1-a5b9-b48c9db4e1b4,12,"[0, 0, 1, 0]",2,1,1,,0.25,4
1891,994c9a4a-8861-11f1-a5b9-b48c9db4e1b4,12,"[0, 0, 1, 0]",3,0,0,,0.25,4
1892,994c9a4a-8861-11f1-a5b9-b48c9db4e1b4,13,"[0, 0, 1, 0]",0,0,0,,0.25,4
1893,994c9a4a-8861-11f1-a5b9-b48c9db4e1b4,13,"[0, 0, 1, 0]",1,0,0,,0.25,4
1894,994c9a4a-8861-11f1-a5b9-b48c9db4e1b4,13,"[0, 0, 1, 0]",2,1,1,,0.25,4
1895,994c9a4a-8861-11f1-a5b9-b48c9db4e1b4,13,"[0, 0, 1, 0]",3,0,0,,0.25,4
1896,994c9a4a-8861-11f1-a5b9-b48c9db4e1b4,14,"[0, 0, 1, 0]",0,0,0,,0.25,4
1897,994c9a4a-8861-11f1-a5b9-b48c9db4e1b4,14,"[0, 0, 1, 0]",1,0,0,,0.25,4
1898,994c9a4a-8861-11f1-a5b9-b48c9db4e1b4,14,"[0, 0, 1, 0]",2,1,1,,0.25,4
1899,994c9a4a-8861-11f1-a5b9-b48c9db4e1b4,14,"[0, 0, 1, 0]",3,0,0,,0.25,4
1900,994c9a4a-8861-11f1-a5b9-b48c9db4e1b4,15,"[0, 0, 1, 0]",0,0,0,,0.25,4
1901,994c9a4a-8861-11f1-a5b9-b48c9db4e1b4,15,"[0, 0, 1, 0]",1,0,0,,0.25,4
1902,994c9a4a-8861-11f1-a5b9-b48c9db4e1b4,15,"[0, 0, 1, 0]",2,1,1,,0.25,4
1903,994c9a4a-8861-11f1-a5b9-b48c9db4e1b4,15,"[0, 0, 1, 0]",3,0,0,,0.25,4
1904,994c9a4a-8861-11f1-a5b9-b48c9db4e1b4,16,"[0, 0, 1, 0]",0,0,0,,0.25,4
1905,994c9a4a-8861-11f1-a5b9-b48c9db4e1b4,16,"[0, 0, 1, 0]",1,0,0,,0.25,4
1906,994c9a4a-8861-11f1-a5b9-b48c9db4e1b4,16,"[0, 0, 1, 0]",2,1,1,,0.25,4
1907,994c9a4a-8861-11f1-a5b9-b48c9db4e1b4,16,"[0, 0, 1, 0]",3,0,0,,0.25,4
1908,994c9a4a-8861-11f1-a5b9-b48c9db4e1b4,17,"[0, 0, 1, 0]",0,0,0,,0.25,4
1909,994c9a4a-8861-11f1-a5b9-b48c9db4e1b4,17,"[0, 0, 1, 0]",1,0,0,,0.25,4
1910,994c9a4a-8861-11f1-a5b9-b48c9db4e1b4,17,"[0, 0, 1, 0]",2,1,1,,0.25,4
1911,994c9a4a-8861-11f1-a5b9-b48c9db4e1b4,17,"[0, 0, 1, 0]",3,0,0,,0.25,4
1912,994c9a4a-8861-11f1-a5b9-b48c9db4e1b4,18,"[0, 0, 1, 0]",0,0,0,,0.25,4
1913,994c9a4a-8861-11f1-a5b9-b48c9db4e1b4,18,"[0, 0, 1, 0]",1,0,0,,0.25,4
1914,994c9a4a-8861-11f1-a5b9-b48c9db4e1b4,18,"[0, 0, 1, 0]",2,1,1,,0.25,4
1915,994c9a4a-8861-11f1-a5b9-b48c9db4e1b4,18,"[0, 0, 1, 0]",3,0,0,,0.25,4
1916,994c9a4a-8861-11f1-a5b9-b48c9db4e1b4,19,"[0, 0, 1, 0]",0,0,0,,0.25,4
1917,994c9a4a-8861-11f1-a5b9-b48c9db4e1b4,19,"[0, 0, 1, 0]",1,0,0,,0.25,4
1918,994c9a4a-8861-11f1-a5b9-b48c9db4e1b4,19,"[0, 0, 1, 0]",2,1,1,,0.25,4
1919,994c9a4a-8861-11f1-a5b9-b48c9db4e1b4,19,"[0, 0, 1, 0]",3,0,0,,0.25,4
1920,9950d4f6-8861-11f1-8044-b48c9db4e1b4,0,"[1, 0, 1, 1]",0,1,-1,,0.25,4
1921,9950d4f6-8861-11f1-8044-b48c9db4e1b4,0,"[1, 0, 1, 1]",1,0,0,,0.25,4
1922,9950d4f6-8861-11f1-8044-b48c9db4e1b4,0,"[1, 0, 1, 1]",2,1,-1,,0.25,4
1923,9950d4f6-8861-11f1-8044-b48c9db4e1b4,0,"[1, 0, 1, 1]",3,1,-1,,0.25,4
1924,9950d4f6-8861-11f1-8044-b48c9db4e1b4,1,"[0, 0, 1, 0]",0,0,0,,0.25,4
1925,9950d4f6-8861-11f1-8044-b48c9db4e1b4,1,"[0, 0, 1, 0]",1,0,0,,0.25,4
1926,9950d4f6-8861-11f1-8044-b48c9db4e1b4,1,"[0, 0, 1, 0]",2,1,1,,0.25,4
1927,9950d4f6-8861-11f1-8044-b48c9db4e1b4,1,"[0, 0, 1, 0]",3,0,0,,0.25,4
1928,9950d4f6-8861-11f1-8044-b48c9db4e1b4,2,"[0, 0, 1, 0]",0,0,0,,0.25,4
1929,9950d4f6-8861-11f1-8044-b48c9db4e1b4,2,"[0, 0, 1, 0]",1,0,0,,0.25,4
1930,9950d4f6-8861-11f1-8044-b48c9db4e1b4,2,"[0, 0, 1, 0]",2,1,1,,0.25,4
1931,9950d4f6-8861-11f1-8044-b48c9db4e1b4,2,"[0, 0, 1, 0]",3,0,0,,0.25,4
1932,9950d4f6-8861-11f1-8044-b48c9db4e1b4,3,"[0, 0, 1, 0]",0,0,0,,0.25,4
1933,9950d4f6-8861-11f1-8044-b48c9db4e1b4,3,"[0, 0, 1, 0]",1,0,0,,0.25,4
1934,9950d4f6-8861-11f1-8044-b48c9db4e1b4,3,"[0, 0, 1, 0]",2,1,1,,0.25,4
1935,9950d4f6-8861-11f1-8044-b48c9db4e1b4,3,"[0, 0, 1, 0]",3,0,0,,0.25,4
1936,9950d4f6-8861-11f1-8044-b48c9db4e1b4,4,"[0, 0, 1, 0]",0,0,0,,0.25,4
1937,9950d4f6-8861-11f1-8044-b48c9db4e1b4,4,"[0, 0, 1, 0]",1,0,0,,0.25,4
1938,9950d4f6-8861-11f1-8044-b48c9db4e1b4,4,"[0, 0, 1, 0]",2,1,1,,0.25,4
1939,9950d4f6-8861-11f1-8044-b48c9db4e1b4,4,"[0, 0, 1, 0]",3,0,0,,0.25,4
1940,9950d4f6-8861-11f1-8044-b48c9db4e1b4,5,"[0, 0, 1, 0]",0,0,0,,0.25,4
1941,9950d4f6-8861-11f1-8044-b48c9db4e1b4,5,"[0, 0, 1, 0]",1,0,0,,0.25,4
1942,9950d4f6-8861-11f1-8044-b48c9db4e1b4,5,"[0, 0, 1, 0]",2,1,1,,0.25,4
1943,9950d4f6-8861-11f1-8044-b48c9db4e1b4,5,"[0, 0, 1, 0]",3,0,0,,0.25,4
1944,9950d4f6-8861-11f1-8044-b48c9db4e1b4,6,"[0, 0, 1, 0]",0,0,0,,0.25,4
1945,9950d4f6-8861-11f1-8044-b48c9db4e1b4,6,"[0, 0, 1, 0]",1,0,0,,0.25,4
1946,9950d4f6-8861-11f1-8044-b48c9db4e1b4,6,"[0, 0, 1, 0]",2,1,1,,0.25,4
1947,9950d4f6-8861-11f1-8044-b48c9db4e1b4,6,"[0, 0, 1, 0]",3,0,0,,0.25,4
1948,9950d4f6-8861-11f1-8044-b48c9db4e1b4,7,"[0, 0, 1, 0]",0,0,0,,0.25,4
1949,9950d4f6-8861-11f1-8044-b48c9db4e1b4,7,"[0, 0, 1, 0]",1,0,0,,0.25,4
1950,9950d4f6-8861-11f1-8044-b48c9db4e1b4,7,"[0, 0, 1, 0]",2,1,1,,0.25,4
1951,9950d4f6-8861-11f1-8044-b48c9db4e1b4,7,"[0, 0, 1, 0]",3,0,0,,0.25,4
1952,9950d4f6-8861-11f1-8044-b48c9db4e1b4,8,"[0, 0, 1, 0]",0,0,0,,0.25,4
1953,9950d4f6-8861-11f1-8044-b48c9db4e1b4,8,"[0, 0, 1, 0]",1,0,0,,0.25,4
1954,9950d4f6-8861-11f1-8044-b48c9db4e1b4,8,"[0, 0, 1, 0]",2,1,1,,0.25,4
1955,9950d4f6-8861-11f1-8044-b48c9db4e1b4,8,"[0, 0, 1, 0]",3,0,0,,0.25,4
1956,9950d4f6-8861-11f1-8044-b48c9db4e1b4,9,"[0, 0, 1, 0]",0,0,0,,0.25,4
1957,9950d4f6-8861-11f1-8044-b48c9db4e1b4,9,"[0, 0, 1, 0]",1,0,0,,0.25,4
1958,9950d4f6-8861-11f1-8044-b48c9db4e1b4,9,"[0, 0, 1, 0]",2,1,1,,0.25,4
1959,9950d4f6-8861-11f1-8044-b48c9db4e1b4,9,"[0, 0, 1, 0]",3,0,0,,0.25,4
1960,9950d4f6-8861-11f1-8044-b48c9db4e1b4,10,"[0, 0, 1, 0]",0,0,0,,0.25,4
1961,9950d4f6-8861-11f1-8044-b48c9db4e1b4,10,"[0, 0, 1, 0]",1,0,0,,0.25,4
1962,9950d4f6-8861-11f1-8044-b48c9db4e1b4,10,"[0, 0, 1, 0]",2,1,1,,0.25,4
1963,9950d4f6-8861-11f1-8044-b48c9db4e1b4,10,"[0, 0, 1, 0]",3,0,0,,0.25,4
1964,9950d4f6-8861-11f1-8044-b48c9db4e1b4,11,"[0, 0, 1, 0]",0,0,0,,0.25,4
1965,9950d4f6-8861-11f1-8044-b48c9db4e1b4,11,"[0, 0, 1, 0]",1,0,0,,0.25,4
1966,9950d4f6-8861-11f1-8044-b48c9db4e1b4,11,"[0, 0, 1, 0]",2,1,1,,0.25,4
1967,9950d4f6-8861-11f1-8044-b48c9db4e1b4,11,"[0, 0, 1, 0]",3,0,0,,0.25,4
1968,9950d4f6-8861-11f1-8044-b48c9db4e1b4,12,"[0, 0, 1, 0]",0,0,0,,0.25,4
1969,9950d4f6-8861-11f1-8044-b48c9db4e1b4,12,"[0, 0, 1, 0]",1,0,0,,0.25,4
1970,9950d4f6-8861-11f1-8044-b48c9db4e1b4,12,"[0, 0, 1, 0]",2,1,1,,0.25,4
1971,9950d4f6-8861-11f1-8044-b48c9db4e1b4,12,"[0, 0, 1, 0]",3,0,0,,0.25,4
1972,9950d4f6-8861-11f1-8044-b48c9db4e1b4,13,"[0, 0, 1, 0]",0,0,0,,0.25,4
1973,9950d4f6-8861-11f1-8044-b48c9db4e1b4,13,"[0, 0, 1, 0]",1,0,0,,0.25,4
1974,9950d4f6-8861-11f1-8044-b48c9db4e1b4,13,"[0, 0, 1, 0]",2,1,1,,0.25,4
1975,9950d4f6-8861-11f1-8044-b48c9db4e1b4,13,"[0, 0, 1, 0]",3,0,0,,0.25,4
1976,9950d4f6-8861-11f1-8044-b48c9db4e1b4,14,"[0, 0, 1, 0]",0,0,0,,0.25,4
1977,9950d4f6-8861-11f1-8044-b48c9db4e1b4,14,"[0, 0, 1, 0]",1,0,0,,0.25,4
1978,9950d4f6-8861-11f1-8044-b48c9db4e1b4,14,"[0, 0, 1, 0]",2,1,1,,0.25,4
1979,9950d4f6-8861-11f1-8044-b48c9db4e1b4,14,"[0, 0, 1, 0]",3,0,0,,0.25,4
1980,9950d4f6-8861-11f1-8044-b48c9db4e1b4,15,"[0, 0, 1, 0]",0,0,0,,0.25,4
1981,9950d4f6-8861-11f1-8044-b48c9db4e1b4,15,"[0, 0, 1, 0]",1,0,0,,0.25,4
1982,9950d4f6-8861-11f1-8044-b48c9db4e1b4,15,"[0, 0, 1, 0]",2,1,1,,0.25,4
1983,9950d4f6-8861-11f1-8044-b48c9db4e1b4,15,"[0, 0, 1, 0]",3,0,0,,0.25,4
1984,9950d4f6-8861-11f1-8044-b48c9db4e1b4,16,"[0, 0, 1, 0]",0,0,0,,0.25,4
1985,9950d4f6-8861-11f1-8044-b48c9db4e1b4,16,"[0, 0, 1, 0]",1,0,0,,0.25,4
1986,9950d4f6-8861-11f1-8044-b48c9db4e1b4,16,"[0, 0, 1, 0]",2,1,1,,0.25,4
1987,9950d4f6-8861-11f1-8044-b48c9db4e1b4,16,"[0, 0, 1, 0]",3,0,0,,0.25,4
1988,9950d4f6-8861-11f1-8044-b48c9db4e1b4,17,"[0, 0, 1, 0]",0,0,0,,0.25,4
1989,9950d4f6-8861-11f1-8044-b48c9db4e1b4,17,"[0, 0, 1, 0]",1,0,0,,0.25,4
1990,9950d4f6-8861-11f1-8044-b48c9db4e1b4,17,"[0, 0, 1, 0]",2,1,1,,0.25,4
1991,9950d4f6-8861-11f1-8044-b48c9db4e1b4,17,"[0, 0, 1, 0]",3,0,0,,0.25,4
1992,9950d4f6-8861-11f1-8044-b48c9db4e1b4,18,"[0, 0, 1, 0]",0,0,0,,0.25,4
1993,9950d4f6-8861-11f1-8044-b48c9db4e1b4,18,"[0, 0, 1, 0]",1,0,0,,0.25,4
1994,9950d4f6-8861-11f1-8044-b48c9db4e1b4,18,"[0, 0, 1, 0]",2,1,1,,0.25,4
1995,9950d4f6-8861-11f1-8044-b48c9db4e1b4,18,"[0, 0, 1, 0]",3,0,0,,0.25,4
1996,9950d4f6-8861-11f1-8044-b48c9db4e1b4,19,"[0, 0, 1, 0]",0,0,0,,0.25,4
1997,9950d4f6-8861-11f1-8044-b48c9db4e1b4,19,"[0, 0, 1, 0]",1,0,0,,0.25,4
1998,9950d4f6-8861-11f1-8044-b48c9db4e1b4,19,"[0, 0, 1, 0]",2,1,1,,0.25,4
1999,9950d4f6-8861-11f1-8044-b48c9db4e1b4,19,"[0, 0, 1, 0]",3,0,0,,0.25,4
2000,99551641-8861-11f1-9f47-b48c9db4e1b4,0,"[0, 1, 1, 0]",0,0,0,,0.25,4
2001,99551641-8861-11f1-9f47-b48c9db4e1b4,0,"[0, 1, 1, 0]",1,1,-1,,0.25,4
2002,99551641-8861-11f1-9f47-b48c9db4e1b4,0,"[0, 1, 1, 0]",2,1,-1,,0.25,4
2003,99551641-8861-11f1-9f47-b48c9db4e1b4,0,"[0, 1, 1, 0]",3,0,0,,0.25,4
2004,99551641-8861-11f1-9f47-b48c9db4e1b4,1,"[0, 0, 1, 0]",0,0,0,,0.25,4
2005,99551641-8861-11f1-9f47-b48c9db4e1b4,1,"[0, 0, 1, 0]",1,0,0,,0.25,4
2006,99551641-8861-11f1-9f47-b48c9db4e1b4,1,"[0, 0, 1, 0]",2,1,1,,0.25,4
2007,99551641-8861-11f1-9f47-b48c9db4e1b4,1,"[0, 0, 1, 0]",3,0,0,,0.25,4
2008,99551641-8861-11f1-9f47-b48c9db4e1b4,2,"[0, 0, 1, 0]",0,0,0,,0.25,4
2009,99551641-8861-11f1-9f47-b48c9db4e1b4,2,"[0, 0, 1, 0]",1,0,0,,0.25,4
2010,99551641-8861-11f1-9f47-b48c9db4e1b4,2,"[0, 0, 1, 0]",2,1,1,,0.25,4
2011,99551641-8861-11f1-9f47-b48c9db4e1b4,2,"[0, 0, 1, 0]",3,0,0,,0.25,4
2012,99551641-8861-11f1-9f47-b48c9db4e1b4,3,"[0, 0, 1, 0]",0,0,0,,0.25,4
2013,99551641-8861-11f1-9f47-b48c9db4e1b4,3,"[0, 0, 1, 0]",1,0,0,,0.25,4
2014,99551641-8861-11f1-9f47-b48c9db4e1b4,3,"[0, 0, 1, 0]",2,1,1,,0.25,4
2015,99551641-8861-11f1-9f47-b48c9db4e1b4,3,"[0, 0, 1, 0]",3,0,0,,0.25,4
2016,99551641-8861-11f1-9f47-b48c9db4e1b4,4,"[0, 0, 1, 0]",0,0,0,,0.25,4
2017,99551641-8861-11f1-9f47-b48c9db4e1b4,4,"[0, 0, 1, 0]",1,0,0,,0.25,4
2018,99551641-8861-11f1-9f47-b48c9db4e1b4,4,"[0, 0, 1, 0]",2,1,1,,0.25,4
2019,99551641-8861-11f1-9f47-b48c9db4e1b4,4,"[0, 0, 1, 0]",3,0,0,,0.25,4
2020,99551641-8861-11f1-9f47-b48c9db4e1b4,5,"[0, 0, 1, 0]",0,0,0,,0.25,4
2021,99551641-8861-11f1-9f47-b48c9db4e1b4,5,"[0, 0, 1, 0]",1,0,0,,0.25,4
2022,99551641-8861-11f1-9f47-b48c9db4e1b4,5,"[0, 0, 1, 0]",2,1,1,,0.25,4
2023,99551641-8861-11f1-9f47-b48c9db4e1b4,5,"[0, 0, 1, 0]",3,0,0,,0.25,4
2024,99551641-8861-11f1-9f47-b48c9db4e1b4,6,"[0, 0, 1, 0]",0,0,0,,0.25,4
2025,99551641-8861-11f1-9f47-b48c9db4e1b4,6,"[0, 0, 1, 0]",1,0,0,,0.25,4
2026,99551641-8861-11f1-9f47-b48c9db4e1b4,6,"[0, 0, 1, 0]",2,1,1,,0.25,4
2027,99551641-8861-11f1-9f47-b48c9db4e1b4,6,"[0, 0, 1, 0]",3,0,0,,0.25,4
2028,99551641-8861-11f1-9f47-b48c9db4e1b4,7,"[0, 0, 1, 0]",0,0,0,,0.25,4
2029,99551641-8861-11f1-9f47-b48c9db4e1b4,7,"[0, 0, 1, 0]",1,0,0,,0.25,4
2030,99551641-8861-11f1-9f47-b48c9db4e1b4,7,"[0, 0, 1, 0]",2,1,1,,0.25,4
2031,99551641-8861-11f1-9f47-b48c9db4e1b4,7,"[0, 0, 1, 0]",3,0,0,,0.25,4
2032,99551641-8861-11f1-9f47-b48c9db4e1b4,8,"[0, 0, 1, 0]",0,0,0,,0.25,4
2033,99551641-8861-11f1-9f47-b48c9db4e1b4,8,"[0, 0, 1, 0]",1,0,0,,0.25,4
2034,99551641-8861-11f1-9f47-b48c9db4e1b4,8,"[0, 0, 1, 0]",2,1,1,,0.25,4
2035,99551641-8861-11f1-9f47-b48c9db4e1b4,8,"[0, 0, 1, 0]",3,0,0,,0.25,4
2036,99551641-8861-11f1-9f47-b48c9db4e1b4,9,"[0, 0, 1, 0]",0,0,0,,0.25,4
2037,99551641-8861-11f1-9f47-b48c9db4e1b4,9,"[0, 0, 1, 0]",1,0,0,,0.25,4
2038,99551641-8861-11f1-9f47-b48c9db4e1b4,9,"[0, 0, 1, 0]",2,1,1,,0.25,4
2039,99551641-8861-11f1-9f47-b48c9db4e1b4,9,"[0, 0, 1, 0]",3,0,0,,0.25,4
2040,99551641-8861-11f1-9f47-b48c9db4e1b4,10,"[0, 0, 1, 0]",0,0,0,,0.25,4
2041,99551641-8861-11f1-9f47-b48c9db4e1b4,10,"[0, 0, 1, 0]",1,0,0,,0.25,4
2042,99551641-8861-11f1-9f47-b48c9db4e1b4,10,"[0, 0, 1, 0]",2,1,1,,0.25,4
2043,99551641-8861-11f1-9f47-b48c9db4e1b4,10,"[0, 0, 1, 0]",3,0,0,,0.25,4
2044,99551641-8861-11f1-9f47-b48c9db4e1b4,11,"[0, 0, 1, 0]",0,0,0,,0.25,4
2045,99551641-8861-11f1-9f47-b48c9db4e1b4,11,"[0, 0, 1, 0]",1,0,0,,0.25,4
2046,99551641-8861-11f1-9f47-b48c9db4e1b4,11,"[0, 0, 1, 0]",2,1,1,,0.25,4
2047,99551641-8861-11f1-9f47-b48c9db4e1b4,11,"[0, 0, 1, 0]",3,0,0,,0.25,4
2048,99551641-8861-11f1-9f47-b48c9db4e1b4,12,"[0, 0, 1, 0]",0,0,0,,0.25,4
2049,99551641-8861-11f1-9f47-b48c9db4e1b4,12,"[0, 0, 1, 0]",1,0,0,,0.25,4
2050,99551641-8861-11f1-9f47-b48c9db4e1b4,12,"[0, 0, 1, 0]",2,1,1,,0.25,4
2051,99551641-8861-11f1-9f47-b48c9db4e1b4,12,"[0, 0, 1, 0]",3,0,0,,0.25,4
2052,99551641-8861-11f1-9f47-b48c9db4e1b4,13,"[0, 0, 1, 0]",0,0,0,,0.25,4
2053,99551641-8861-11f1-9f47-b48c9db4e1b4,13,"[0, 0, 1, 0]",1,0,0,,0.25,4
2054,99551641-8861-11f1-9f47-b48c9db4e1b4,13,"[0, 0, 1, 0]",2,1,1,,0.25,4
2055,99551641-8861-11f1-9f47-b48c9db4e1b4,13,"[0, 0, 1, 0]",3,0,0,,0.25,4
2056,99551641-8861-11f1-9f47-b48c9db4e1b4,14,"[0, 0, 1, 0]",0,0,0,,0.25,4
2057,99551641-8861-11f1-9f47-b48c9db4e1b4,14,"[0, 0, 1, 0]",1,0,0,,0.25,4
2058,99551641-8861-11f1-9f47-b48c9db4e1b4,14,"[0, 0, 1, 0]",2,1,1,,0.25,4
2059,99551641-8861-11f1-9f47-b48c9db4e1b4,14,"[0, 0, 1, 0]",3,0,0,,0.25,4
2060,99551641-8861-11f1-9f47-b48c9db4e1b4,15,"[0, 0, 1, 0]",0,0,0,,0.25,4
2061,99551641-8861-11f1-9f47-b48c9db4e1b4,15,"[0, 0, 1, 0]",1,0,0,,0.25,4
2062,99551641-8861-11f1-9f47-b48c9db4e1b4,15,"[0, 0, 1, 0]",2,1,1,,0.25,4
2063,99551641-8861-11f1-9f47-b48c9db4e1b4,15,"[0, 0, 1, 0]",3,0,0,,0.25,4
2064,99551641-8861-11f1-9f47-b48c9db4e1b4,16,"[0, 0, 1, 0]",0,0,0,,0.25,4
2065,99551641-8861-11f1-9f47-b48c9db4e1b4,16,"[0, 0, 1, 0]",1,0,0,,0.25,4
2066,99551641-8861-11f1-9f47-b48c9db4e1b4,16,"[0, 0, 1, 0]",2,1,1,,0.25,4
2067,99551641-8861-11f1-9f47-b48c9db4e1b4,16,"[0, 0, 1, 0]",3,0,0,,0.25,4
2068,99551641-8861-11f1-9f47-b48c9db4e1b4,17,"[0, 0, 1, 0]",0,0,0,,0.25,4
2069,99551641-8861-11f1-9f47-b48c9db4e1b4,17,"[0, 0, 1, 0]",1,0,0,,0.25,4
2070,99551641-8861-11f1-9f47-b48c9db4e1b4,17,"[0, 0, 1, 0]",2,1,1,,0.25,4
2071,99551641-8861-11f1-9f47-b48c9db4e1b4,17,"[0, 0, 1, 0]",3,0,0,,0.25,4
2072,99551641-8861-11f1-9f47-b48c9db4e1b4,18,"[0, 0, 1, 0]",0,0,0,,0.25,4
2073,99551641-8861-11f1-9f47-b48c9db4e1b4,18,"[0, 0, 1, 0]",1,0,0,,0.25,4
2074,99551641-8861-11f1-9f47-b48c9db4e1b4,18,"[0, 0, 1, 0]",2,1,1,,0.25,4
2075,99551641-8861-11f1-9f47-b48c9db4e1b4,18,"[0, 0, 1, 0]",3,0,0,,0.25,4
2076,99551641-8861-11f1-9f47-b48c9db4e1b4,19,"[0, 0, 1, 0]",0,0,0,,0.25,4
2077,99551641-8861-11f1-9f47-b48c9db4e1b4,19,"[0, 0, 1, 0]",1,0,0,,0.25,4
2078,99551641-8861-11f1-9f47-b48c9db4e1b4,19,"[0, 0, 1, 0]",2,1,1,,0.25,4
2079,99551641-8861-11f1-9f47-b48c9db4e1b4,19,"[0, 0, 1, 0]",3,0,0,,0.25,4
2080,9958d6a0-8861-11f1-b9ba-b48c9db4e1b4,0,"[1, 1, 0, 1]",0,1,-1,,0.25,4
2081,9958d6a0-8861-11f1-b9ba-b48c9db4e1b4,0,"[1, 1, 0, 1]",1,1,-1,,0.25,4
2082,9958d6a0-8861-11f1-b9ba-b48c9db4e1b4,0,"[1, 1, 0, 1]",2,0,0,,0.25,4
2083,9958d6a0-8861-11f1-b9ba-b48c9db4e1b4,0,"[1, 1, 0, 1]",3,1,-1,,0.25,4
2084,9958d6a0-8861-11f1-b9ba-b48c9db4e1b4,1,"[1, 0, 1, 1]",0,1,-1,,0.25,4
2085,9958d6a0-8861-11f1-b9ba-b48c9db4e1b4,1,"[1, 0, 1, 1]",1,0,0,,0.25,4
2086,9958d6a0-8861-11f1-b9ba-b48c9db4e1b4,1,"[1, 0, 1, 1]",2,1,-1,,0.25,4
2087,9958d6a0-8861-11f1-b9ba-b48c9db4e1b4,1,"[1, 0, 1, 1]",3,1,-1,,0.25,4
2088,9958d6a0-8861-11f1-b9ba-b48c9db4e1b4,2,"[1, 0, 0, 0]",0,1,1,,0.25,4
2089,9958d6a0-8861-11f1-b9ba-b48c9db4e1b4,2,"[1, 0, 0, 0]",1,0,0,,0.25,4
2090,9958d6a0-8861-11f1-b9ba-b48c9db4e1b4,2,"[1, 0, 0, 0]",2,0,0,,0.25,4
2091,9958d6a0-8861-11f1-b9ba-b48c9db4e1b4,2,"[1, 0, 0, 0]",3,0,0,,0.25,4
2092,9958d6a0-8861-11f1-b9ba-b48c9db4e1b4,3,"[1, 0, 1, 1]",0,1,-1,,0.25,4
2093,9958d6a0-8861-11f1-b9ba-b48c9db4e1b4,3,"[1, 0, 1, 1]",1,0,0,,0.25,4
2094,9958d6a0-8861-11f1-b9ba-b48c9db4e1b4,3,"[1, 0, 1, 1]",2,1,-1,,0.25,4
2095,9958d6a0-8861-11f1-b9ba-b48c9db4e1b4,3,"[1, 0, 1, 1]",3,1,-1,,0.25,4
2096,9958d6a0-8861-11f1-b9ba-b48c9db4e1b4,4,"[0, 1, 0, 1]",0,0,0,,0.25,4
2097,9958d6a0-8861-11f1-b9ba-b48c9db4e1b4,4,"[0, 1, 0, 1]",1,1,-1,,0.25,4
2098,9958d6a0-8861-11f1-b9ba-b48c9db4e1b4,4,"[0, 1, 0, 1]",2,0,0,,0.25,4
2099,9958d6a0-8861-11f1-b9ba-b48c9db4e1b4,4,"[0, 1, 0, 1]",3,1,-1,,0.25,4
2100,9958d6a0-8861-11f1-b9ba-b48c9db4e1b4,5,"[1, 0, 0, 1]",0,1,-1,,0.25,4
2101,9958d6a0-8861-11f1-b9ba-b48c9db4e1b4,5,"[1, 0, 0, 1]",1,0,0,,0.25,4
2102,9958d6a0-8861-11f1-b9ba-b48c9db4e1b4,5,"[1, 0, 0, 1]",2,0,0,,0.25,4
2103,9958d6a0-8861-11f1-b9ba-b48c9db4e1b4,5,"[1, 0, 0, 1]",3,1,-1,,0.25,4
2104,9958d6a0-8861-11f1-b9ba-b48c9db4e1b4,6,"[0, 0, 1, 1]",0,0,0,,0.25,4
2105,9958d6a0-8861-11f1-b9ba-b48c9db4e1b4,6,"[0, 0, 1, 1]",1,0,0,,0.25,4
2106,9958d6a0-8861-11f1-b9ba-b48c9db4e1b4,6,"[0, 0, 1, 1]",2,1,-1,,0.25,4
2107,9958d6a0-8861-11f1-b9ba-b48c9db4e1b4,6,"[0, 0, 1, 1]",3,1,-1,,0.25,4
2108,9958d6a0-8861-11f1-b9ba-b48c9db4e1b4,7,"[0, 1, 0, 1]",0,0,0,,0.25,4
2109,9958d6a0-8861-11f1-b9ba-b48c9db4e1b4,7,"[0, 1, 0, 1]",1,1,-1,,0.25,4
2110,9958d6a0-8861-11f1-b9ba-b48c9db4e1b4,7,"[0, 1, 0, 1]",2,0,0,,0.25,4
2111,9958d6a0-8861-11f1-b9ba-b48c9db4e1b4,7,"[0, 1, 0, 1]",3,1,-1,,0.25,4
2112,9958d6a0-8861-11f1-b9ba-b48c9db4e1b4,8,"[0, 0, 0, 1]",0,0,0,,0.25,4
2113,9958d6a0-8861-11f1-b9ba-b48c9db4e1b4,8,"[0, 0, 0, 1]",1,0,0,,0.25,4
2114,9958d6a0-8861-11f1-b9ba-b48c9db4e1b4,8,"[0, 0, 0, 1]",2,0,0,,0.25,4
2115,9958d6a0-8861-11f1-b9ba-b48c9db4e1b4,8,"[0, 0, 0, 1]",3,1,1,,0.25,4
2116,9958d6a0-8861-11f1-b9ba-b48c9db4e1b4,9,"[0, 0, 0, 0]",0,0,0,,0.25,4
2117,9958d6a0-8861-11f1-b9ba-b48c9db4e1b4,9,"[0, 0, 0, 0]",1,0,0,,0.25,4
2118,9958d6a0-8861-11f1-b9ba-b48c9db4e1b4,9,"[0, 0, 0, 0]",2,0,0,,0.25,4
2119,9958d6a0-8861-11f1-b9ba-b48c9db4e1b4,9,"[0, 0, 0, 0]",3,0,0,,0.25,4
2120,9958d6a0-8861-11f1-b9ba-b48c9db4e1b4,10,"[0, 0, 1, 0]",0,0,0,,0.25,4
2121,9958d6a0-8861-11f1-b9ba-b48c9db4e1b4,10,"[0, 0, 1, 0]",1,0,0,,0.25,4
2122,9958d6a0-8861-11f1-b9ba-b48c9db4e1b4,10,"[0, 0, 1, 0]",2,1,1,,0.25,4
2123,9958d6a0-8861-11f1-b9ba-b48c9db4e1b4,10,"[0, 0, 1, 0]",3,0,0,,0.25,4
2124,9958d6a0-8861-11f1-b9ba-b48c9db4e1b4,11,"[0, 0, 1, 0]",0,0,0,,0.25,4
2125,9958d6a0-8861-11f1-b9ba-b48c9db4e1b4,11,"[0, 0, 1, 0]",1,0,0,,0.25,4
2126,9958d6a0-8861-11f1-b9ba-b48c9db4e1b4,11,"[0, 0, 1, 0]",2,1,1,,0.25,4
2127,9958d6a0-8861-11f1-b9ba-b48c9db4e1b4,11,"[0, 0, 1, 0]",3,0,0,,0.25,4
2128,9958d6a0-8861-11f1-b9ba-b48c9db4e1b4,12,"[0, 0, 1, 0]",0,0,0,,0.25,4
2129,9958d6a0-8861-11f1-b9ba-b48c9db4e1b4,12,"[0, 0, 1, 0]",1,0,0,,0.25,4
2130,9958d6a0-8861-11f1-b9ba-b48c9db4e1b4,12,"[0, 0, 1, 0]",2,1,1,,0.25,4
2131,9958d6a0-8861-11f1-b9ba-b48c9db4e1b4,12,"[0, 0, 1, 0]",3,0,0,,0.25,4
2132,9958d6a0-8861-11f1-b9ba-b48c9db4e1b4,13,"[0, 0, 1, 0]",0,0,0,,0.25,4
2133,9958d6a0-8861-11f1-b9ba-b48c9db4e1b4,13,"[0, 0, 1, 0]",1,0,0,,0.25,4
2134,9958d6a0-8861-11f1-b9ba-b48c9db4e1b4,13,"[0, 0, 1, 0]",2,1,1,,0.25,4
2135,9958d6a0-8861-11f1-b9ba-b48c9db4e1b4,13,"[0, 0, 1, 0]",3,0,0,,0.25,4
2136,9958d6a0-8861-11f1-b9ba-b48c9db4e1b4,14,"[0, 0, 1, 0]",0,0,0,,0.25,4
2137,9958d6a0-8861-11f1-b9ba-b48c9db4e1b4,14,"[0, 0, 1, 0]",1,0,0,,0.25,4
2138,9958d6a0-8861-11f1-b9ba-b48c9db4e1b4,14,"[0, 0, 1, 0]",2,1,1,,0.25,4
2139,9958d6a0-8861-11f1-b9ba-b48c9db4e1b4,14,"[0, 0, 1, 0]",3,0,0,,0.25,4
2140,9958d6a0-8861-11f1-b9ba-b48c9db4e1b4,15,"[0, 0, 1, 0]",0,0,0,,0.25,4
2141,9958d6a0-8861-11f1-b9ba-b48c9db4e1b4,15,"[0, 0, 1, 0]",1,0,0,,0.25,4
2142,9958d6a0-8861-11f1-b9ba-b48c9db4e1b4,15,"[0, 0, 1, 0]",2,1,1,,0.25,4
2143,9958d6a0-8861-11f1-b9ba-b48c9db4e1b4,15,"[0, 0, 1, 0]",3,0,0,,0.25,4
2144,9958d6a0-8861-11f1-b9ba-b48c9db4e1b4,16,"[0, 0, 1, 0]",0,0,0,,0.25,4
2145,9958d6a0-8861-11f1-b9ba-b48c9db4e1b4,16,"[0, 0, 1, 0]",1,0,0,,0.25,4
2146,9958d6a0-8861-11f1-b9ba-b48c9db4e1b4,16,"[0, 0, 1, 0]",2,1,1,,0.25,4
2147,9958d6a0-8861-11f1-b9ba-b48c9db4e1b4,16,"[0, 0, 1, 0]",3,0,0,,0.25,4
2148,9958d6a0-8861-11f1-b9ba-b48c9db4e1b4,17,"[0, 0, 1, 0]",0,0,0,,0.25,4
2149,9958d6a0-8861-11f1-b9ba-b48c9db4e1b4,17,"[0, 0, 1, 0]",1,0,0,,0.25,4
2150,9958d6a0-8861-11f1-b9ba-b48c9db4e1b4,17,"[0, 0, 1, 0]",2,1,1,,0.25,4
2151,9958d6a0-8861-11f1-b9ba-b48c9db4e1b4,17,"[0, 0, 1, 0]",3,0,0,,0.25,4
2152,9958d6a0-8861-11f1-b9ba-b48c9db4e1b4,18,"[0, 0, 1, 0]",0,0,0,,0.25,4
2153,9958d6a0-8861-11f1-b9ba-b48c9db4e1b4,18,"[0, 0, 1, 0]",1,0,0,,0.25,4
2154,9958d6a0-8861-11f1-b9ba-b48c9db4e1b4,18,"[0, 0, 1, 0]",2,1,1,,0.25,4
2155,9958d6a0-8861-11f1-b9ba-b48c9db4e1b4,18,"[0, 0, 1, 0]",3,0,0,,0.25,4
2156,9958d6a0-8861-11f1-b9ba-b48c9db4e1b4,19,"[0, 0, 1, 0]",0,0,0,,0.25,4
2157,9958d6a0-8861-11f1-b9ba-b48c9db4e1b4,19,"[0, 0, 1, 0]",1,0,0,,0.25,4
2158,9958d6a0-8861-11f1-b9ba-b48c9db4e1b4,19,"[0, 0, 1, 0]",2,1,1,,0.25,4
2159,9958d6a0-8861-11f1-b9ba-b48c9db4e1b4,19,"[0, 0, 1, 0]",3,0,0,,0.25,4
2160,995bf883-8861-11f1-bd5c-b48c9db4e1b4,0,"[0, 0, 1, 0]",0,0,0,,0.25,4
2161,995bf883-8861-11f1-bd5c-b48c9db4e1b4,0,"[0, 0, 1, 0]",1,0,0,,0.25,4
2162,995bf883-8861-11f1-bd5c-b48c9db4e1b4,0,"[0, 0, 1, 0]",2,1,1,,0.25,4
2163,995bf883-8861-11f1-bd5c-b48c9db4e1b4,0,"[0, 0, 1, 0]",3,0,0,,0.25,4
2164,995bf883-8861-11f1-bd5c-b48c9db4e1b4,1,"[0, 0, 1, 0]",0,0,0,,0.25,4
2165,995bf883-8861-11f1-bd5c-b48c9db4e1b4,1,"[0, 0, 1, 0]",1,0,0,,0.25,4
2166,995bf883-8861-11f1-bd5c-b48c9db4e1b4,1,"[0, 0, 1, 0]",2,1,1,,0.25,4
2167,995bf883-8861-11f1-bd5c-b48c9db4e1b4,1,"[0, 0, 1, 0]",3,0,0,,0.25,4
2168,995bf883-8861-11f1-bd5c-b48c9db4e1b4,2,"[0, 0, 1, 0]",0,0,0,,0.25,4
2169,995bf883-8861-11f1-bd5c-b48c9db4e1b4,2,"[0, 0, 1, 0]",1,0,0,,0.25,4
2170,995bf883-8861-11f1-bd5c-b48c9db4e1b4,2,"[0, 0, 1, 0]",2,1,1,,0.25,4
2171,995bf883-8861-11f1-bd5c-b48c9db4e1b4,2,"[0, 0, 1, 0]",3,0,0,,0.25,4
2172,995bf883-8861-11f1-bd5c-b48c9db4e1b4,3,"[0, 0, 1, 0]",0,0,0,,0.25,4
2173,995bf883-8861-11f1-bd5c-b48c9db4e1b4,3,"[0, 0, 1, 0]",1,0,0,,0.25,4
2174,995bf883-8861-11f1-bd5c-b48c9db4e1b4,3,"[0, 0, 1, 0]",2,1,1,,0.25,4
2175,995bf883-8861-11f1-bd5c-b48c9db4e1b4,3,"[0, 0, 1, 0]",3,0,0,,0.25,4
2176,995bf883-8861-11f1-bd5c-b48c9db4e1b4,4,"[0, 0, 1, 0]",0,0,0,,0.25,4
2177,995bf883-8861-11f1-bd5c-b48c9db4e1b4,4,"[0, 0, 1, 0]",1,0,0,,0.25,4
2178,995bf883-8861-11f1-bd5c-b48c9db4e1b4,4,"[0, 0, 1, 0]",2,1,1,,0.25,4
2179,995bf883-8861-11f1-bd5c-b48c9db4e1b4,4,"[0, 0, 1, 0]",3,0,0,,0.25,4
2180,995bf883-8861-11f1-bd5c-b48c9db4e1b4,5,"[0, 0, 1, 0]",0,0,0,,0.25,4
2181,995bf883-8861-11f1-bd5c-b48c9db4e1b4,5,"[0, 0, 1, 0]",1,0,0,,0.25,4
2182,995bf883-8861-11f1-bd5c-b48c9db4e1b4,5,"[0, 0, 1, 0]",2,1,1,,0.25,4
2183,995bf883-8861-11f1-bd5c-b48c9db4e1b4,5,"[0, 0, 1, 0]",3,0,0,,0.25,4
2184,995bf883-8861-11f1-bd5c-b48c9db4e1b4,6,"[0, 0, 1, 0]",0,0,0,,0.25,4
2185,995bf883-8861-11f1-bd5c-b48c9db4e1b4,6,"[0, 0, 1, 0]",1,0,0,,0.25,4
2186,995bf883-8861-11f1-bd5c-b48c9db4e1b4,6,"[0, 0, 1, 0]",2,1,1,,0.25,4
2187,995bf883-8861-11f1-bd5c-b48c9db4e1b4,6,"[0, 0, 1, 0]",3,0,0,,0.25,4
2188,995bf883-8861-11f1-bd5c-b48c9db4e1b4,7,"[0, 0, 1, 0]",0,0,0,,0.25,4
2189,995bf883-8861-11f1-bd5c-b48c9db4e1b4,7,"[0, 0, 1, 0]",1,0,0,,0.25,4
2190,995bf883-8861-11f1-bd5c-b48c9db4e1b4,7,"[0, 0, 1, 0]",2,1,1,,0.25,4
2191,995bf883-8861-11f1-bd5c-b48c9db4e1b4,7,"[0, 0, 1, 0]",3,0,0,,0.25,4
2192,995bf883-8861-11f1-bd5c-b48c9db4e1b4,8,"[0, 0, 1, 0]",0,0,0,,0.25,4
2193,995bf883-8861-11f1-bd5c-b48c9db4e1b4,8,"[0, 0, 1, 0]",1,0,0,,0.25,4
2194,995bf883-8861-11f1-bd5c-b48c9db4e1b4,8,"[0, 0, 1, 0]",2,1,1,,0.25,4
2195,995bf883-8861-11f1-bd5c-b48c9db4e1b4,8,"[0, 0, 1, 0]",3,0,0,,0.25,4
2196,995bf883-8861-11f1-bd5c-b48c9db4e1b4,9,"[0, 0, 1, 0]",0,0,0,,0.25,4
2197,995bf883-8861-11f1-bd5c-b48c9db4e1b4,9,"[0, 0, 1, 0]",1,0,0,,0.25,4
2198,995bf883-8861-11f1-bd5c-b48c9db4e1b4,9,"[0, 0, 1, 0]",2,1,1,,0.25,4
2199,995bf883-8861-11f1-bd5c-b48c9db4e1b4,9,"[0, 0, 1, 0]",3,0,0,,0.25,4
2200,995bf883-8861-11f1-bd5c-b48c9db4e1b4,10,"[0, 0, 1, 0]",0,0,0,,0.25,4
2201,995bf883-8861-11f1-bd5c-b48c9db4e1b4,10,"[0, 0, 1, 0]",1,0,0,,0.25,4
2202,995bf883-8861-11f1-bd5c-b48c9db4e1b4,10,"[0, 0, 1, 0]",2,1,1,,0.25,4
2203,995bf883-8861-11f1-bd5c-b48c9db4e1b4,10,"[0, 0, 1, 0]",3,0,0,,0.25,4
2204,995bf883-8861-11f1-bd5c-b48c9db4e1b4,11,"[0, 0, 1, 0]",0,0,0,,0.25,4
2205,995bf883-8861-11f1-bd5c-b48c9db4e1b4,11,"[0, 0, 1, 0]",1,0,0,,0.25,4
2206,995bf883-8861-11f1-bd5c-b48c9db4e1b4,11,"[0, 0, 1, 0]",2,1,1,,0.25,4
2207,995bf883-8861-11f1-bd5c-b48c9db4e1b4,11,"[0, 0, 1, 0]",3,0,0,,0.25,4
2208,995bf883-8861-11f1-bd5c-b48c9db4e1b4,12,"[0, 0, 1, 0]",0,0,0,,0.25,4
2209,995bf883-8861-11f1-bd5c-b48c9db4e1b4,12,"[0, 0, 1, 0]",1,0,0,,0.25,4
2210,995bf883-8861-11f1-bd5c-b48c9db4e1b4,12,"[0, 0, 1, 0]",2,1,1,,0.25,4
2211,995bf883-8861-11f1-bd5c-b48c9db4e1b4,12,"[0, 0, 1, 0]",3,0,0,,0.25,4
2212,995bf883-8861-11f1-bd5c-b48c9db4e1b4,13,"[0, 0, 1, 0]",0,0,0,,0.25,4
2213,995bf883-8861-11f1-bd5c-b48c9db4e1b4,13,"[0, 0, 1, 0]",1,0,0,,0.25,4
2214,995bf883-8861-11f1-bd5c-b48c9db4e1b4,13,"[0, 0, 1, 0]",2,1,1,,0.25,4
2215,995bf883-8861-11f1-bd5c-b48c9db4e1b4,13,"[0, 0, 1, 0]",3,0,0,,0.25,4
2216,995bf883-8861-11f1-bd5c-b48c9db4e1b4,14,"[0, 0, 1, 0]",0,0,0,,0.25,4
2217,995bf883-8861-11f1-bd5c-b48c9db4e1b4,14,"[0, 0, 1, 0]",1,0,0,,0.25,4
2218,995bf883-8861-11f1-bd5c-b48c9db4e1b4,14,"[0, 0, 1, 0]",2,1,1,,0.25,4
2219,995bf883-8861-11f1-bd5c-b48c9db4e1b4,14,"[0, 0, 1, 0]",3,0,0,,0.25,4
2220,995bf883-8861-11f1-bd5c-b48c9db4e1b4,15,"[0, 0, 1, 0]",0,0,0,,0.25,4
2221,995bf883-8861-11f1-bd5c-b48c9db4e1b4,15,"[0, 0, 1, 0]",1,0,0,,0.25,4
2222,995bf883-8861-11f1-bd5c-b48c9db4e1b4,15,"[0, 0, 1, 0]",2,1,1,,0.25,4
2223,995bf883-8861-11f1-bd5c-b48c9db4e1b4,15,"[0, 0, 1, 0]",3,0,0,,0.25,4
2224,995bf883-8861-11f1-bd5c-b48c9db4e1b4,16,"[0, 0, 1, 0]",0,0,0,,0.25,4
2225,995bf883-8861-11f1-bd5c-b48c9db4e1b4,16,"[0, 0, 1, 0]",1,0,0,,0.25,4
2226,995bf883-8861-11f1-bd5c-b48c9db4e1b4,16,"[0, 0, 1, 0]",2,1,1,,0.25,4
2227,995bf883-8861-11f1-bd5c-b48c9db4e1b4,16,"[0, 0, 1, 0]",3,0,0,,0.25,4
2228,995bf883-8861-11f1-bd5c-b48c9db4e1b4,17,"[0, 0, 1, 0]",0,0,0,,0.25,4
2229,995bf883-8861-11f1-bd5c-b48c9db4e1b4,17,"[0, 0, 1, 0]",1,0,0,,0.25,4
2230,995bf883-8861-11f1-bd5c-b48c9db4e1b4,17,"[0, 0, 1, 0]",2,1,1,,0.25,4
2231,995bf883-8861-11f1-bd5c-b48c9db4e1b4,17,"[0, 0, 1, 0]",3,0,0,,0.25,4
2232,995bf883-8861-11f1-bd5c-b48c9db4e1b4,18,"[0, 0, 1, 0]",0,0,0,,0.25,4
2233,995bf883-8861-11f1-bd5c-b48c9db4e1b4,18,"[0, 0, 1, 0]",1,0,0,,0.25,4
2234,995bf883-8861-11f1-bd5c-b48c9db4e1b4,18,"[0, 0, 1, 0]",2,1,1,,0.25,4
2235,995bf883-8861-11f1-bd5c-b48c9db4e1b4,18,"[0, 0, 1, 0]",3,0,0,,0.25,4
2236,995bf883-8861-11f1-bd5c-b48c9db4e1b4,19,"[0, 0, 1, 0]",0,0,0,,0.25,4
2237,995bf883-8861-11f1-bd5c-b48c9db4e1b4,19,"[0, 0, 1, 0]",1,0,0,,0.25,4
2238,995bf883-8861-11f1-bd5c-b48c9db4e1b4,19,"[0, 0, 1, 0]",2,1,1,,0.25,4
2239,995bf883-8861-11f1-bd5c-b48c9db4e1b4,19,"[0, 0, 1, 0]",3,0,0,,0.25,4
2240,995f382b-8861-11f1-818c-b48c9db4e1b4,0,"[1, 0, 1, 1]",0,1,-1,,0.25,4
2241,995f382b-8861-11f1-818c-b48c9db4e1b4,0,"[1, 0, 1, 1]",1,0,0,,0.25,4
2242,995f382b-8861-11f1-818c-b48c9db4e1b4,0,"[1, 0, 1, 1]",2,1,-1,,0.25,4
2243,995f382b-8861-11f1-818c-b48c9db4e1b4,0,"[1, 0, 1, 1]",3,1,-1,,0.25,4
2244,995f382b-8861-11f1-818c-b48c9db4e1b4,1,"[0, 0, 1, 0]",0,0,0,,0.25,4
2245,995f382b-8861-11f1-818c-b48c9db4e1b4,1,"[0, 0, 1, 0]",1,0,0,,0.25,4
2246,995f382b-8861-11f1-818c-b48c9db4e1b4,1,"[0, 0, 1, 0]",2,1,1,,0.25,4
2247,995f382b-8861-11f1-818c-b48c9db4e1b4,1,"[0, 0, 1, 0]",3,0,0,,0.25,4
2248,995f382b-8861-11f1-818c-b48c9db4e1b4,2,"[0, 0, 1, 0]",0,0,0,,0.25,4
2249,995f382b-8861-11f1-818c-b48c9db4e1b4,2,"[0, 0, 1, 0]",1,0,0,,0.25,4
2250,995f382b-8861-11f1-818c-b48c9db4e1b4,2,"[0, 0, 1, 0]",2,1,1,,0.25,4
2251,995f382b-8861-11f1-818c-b48c9db4e1b4,2,"[0, 0, 1, 0]",3,0,0,,0.25,4
2252,995f382b-8861-11f1-818c-b48c9db4e1b4,3,"[0, 0, 1, 0]",0,0,0,,0.25,4
2253,995f382b-8861-11f1-818c-b48c9db4e1b4,3,"[0, 0, 1, 0]",1,0,0,,0.25,4
2254,995f382b-8861-11f1-818c-b48c9db4e1b4,3,"[0, 0, 1, 0]",2,1,1,,0.25,4
2255,995f382b-8861-11f1-818c-b48c9db4e1b4,3,"[0, 0, 1, 0]",3,0,0,,0.25,4
2256,995f382b-8861-11f1-818c-b48c9db4e1b4,4,"[0, 0, 1, 0]",0,0,0,,0.25,4
2257,995f382b-8861-11f1-818c-b48c9db4e1b4,4,"[0, 0, 1, 0]",1,0,0,,0.25,4
2258,995f382b-8861-11f1-818c-b48c9db4e1b4,4,"[0, 0, 1, 0]",2,1,1,,0.25,4
2259,995f382b-8861-11f1-818c-b48c9db4e1b4,4,"[0, 0, 1, 0]",3,0,0,,0.25,4
2260,995f382b-8861-11f1-818c-b48c9db4e1b4,5,"[0, 0, 1, 0]",0,0,0,,0.25,4
2261,995f382b-8861-11f1-818c-b48c9db4e1b4,5,"[0, 0, 1, 0]",1,0,0,,0.25,4
2262,995f382b-8861-11f1-818c-b48c9db4e1b4,5,"[0, 0, 1, 0]",2,1,1,,0.25,4
2263,995f382b-8861-11f1-818c-b48c9db4e1b4,5,"[0, 0, 1, 0]",3,0,0,,0.25,4
2264,995f382b-8861-11f1-818c-b48c9db4e1b4,6,"[0, 0, 1, 0]",0,0,0,,0.25,4
2265,995f382b-8861-11f1-818c-b48c9db4e1b4,6,"[0, 0, 1, 0]",1,0,0,,0.25,4
2266,995f382b-8861-11f1-818c-b48c9db4e1b4,6,"[0, 0, 1, 0]",2,1,1,,0.25,4
2267,995f382b-8861-11f1-818c-b48c9db4e1b4,6,"[0, 0, 1, 0]",3,0,0,,0.25,4
2268,995f382b-8861-11f1-818c-b48c9db4e1b4,7,"[0, 0, 1, 0]",0,0,0,,0.25,4
2269,995f382b-8861-11f1-818c-b48c9db4e1b4,7,"[0, 0, 1, 0]",1,0,0,,0.25,4
2270,995f382b-8861-11f1-818c-b48c9db4e1b4,7,"[0, 0, 1, 0]",2,1,1,,0.25,4
2271,995f382b-8861-11f1-818c-b48c9db4e1b4,7,"[0, 0, 1, 0]",3,0,0,,0.25,4
2272,995f382b-8861-11f1-818c-b48c9db4e1b4,8,"[0, 0, 1, 0]",0,0,0,,0.25,4
2273,995f382b-8861-11f1-818c-b48c9db4e1b4,8,"[0, 0, 1, 0]",1,0,0,,0.25,4
2274,995f382b-8861-11f1-818c-b48c9db4e1b4,8,"[0, 0, 1, 0]",2,1,1,,0.25,4
2275,995f382b-8861-11f1-818c-b48c9db4e1b4,8,"[0, 0, 1, 0]",3,0,0,,0.25,4
2276,995f382b-8861-11f1-818c-b48c9db4e1b4,9,"[0, 0, 1, 0]",0,0,0,,0.25,4
2277,995f382b-8861-11f1-818c-b48c9db4e1b4,9,"[0, 0, 1, 0]",1,0,0,,0.25,4
2278,995f382b-8861-11f1-818c-b48c9db4e1b4,9,"[0, 0, 1, 0]",2,1,1,,0.25,4
2279,995f382b-8861-11f1-818c-b48c9db4e1b4,9,"[0, 0, 1, 0]",3,0,0,,0.25,4
2280,995f382b-8861-11f1-818c-b48c9db4e1b4,10,"[0, 0, 1, 0]",0,0,0,,0.25,4
2281,995f382b-8861-11f1-818c-b48c9db4e1b4,10,"[0, 0, 1, 0]",1,0,0,,0.25,4
2282,995f382b-8861-11f1-818c-b48c9db4e1b4,10,"[0, 0, 1, 0]",2,1,1,,0.25,4
2283,995f382b-8861-11f1-818c-b48c9db4e1b4,10,"[0, 0, 1, 0]",3,0,0,,0.25,4
2284,995f382b-8861-11f1-818c-b48c9db4e1b4,11,"[0, 0, 1, 0]",0,0,0,,0.25,4
2285,995f382b-8861-11f1-818c-b48c9db4e1b4,11,"[0, 0, 1, 0]",1,0,0,,0.25,4
2286,995f382b-8861-11f1-818c-b48c9db4e1b4,11,"[0, 0, 1, 0]",2,1,1,,0.25,4
2287,995f382b-8861-11f1-818c-b48c9db4e1b4,11,"[0, 0, 1, 0]",3,0,0,,0.25,4
2288,995f382b-8861-11f1-818c-b48c9db4e1b4,12,"[0, 0, 1, 0]",0,0,0,,0.25,4
2289,995f382b-8861-11f1-818c-b48c9db4e1b4,12,"[0, 0, 1, 0]",1,0,0,,0.25,4
2290,995f382b-8861-11f1-818c-b48c9db4e1b4,12,"[0, 0, 1, 0]",2,1,1,,0.25,4
2291,995f382b-8861-11f1-818c-b48c9db4e1b4,12,"[0, 0, 1, 0]",3,0,0,,0.25,4
2292,995f382b-8861-11f1-818c-b48c9db4e1b4,13,"[0, 0, 1, 0]",0,0,0,,0.25,4
2293,995f382b-8861-11f1-818c-b48c9db4e1b4,13,"[0, 0, 1, 0]",1,0,0,,0.25,4
2294,995f382b-8861-11f1-818c-b48c9db4e1b4,13,"[0, 0, 1, 0]",2,1,1,,0.25,4
2295,995f382b-8861-11f1-818c-b48c9db4e1b4,13,"[0, 0, 1, 0]",3,0,0,,0.25,4
2296,995f382b-8861-11f1-818c-b48c9db4e1b4,14,"[0, 0, 1, 0]",0,0,0,,0.25,4
2297,995f382b-8861-11f1-818c-b48c9db4e1b4,14,"[0, 0, 1, 0]",1,0,0,,0.25,4
2298,995f382b-8861-11f1-818c-b48c9db4e1b4,14,"[0, 0, 1, 0]",2,1,1,,0.25,4
2299,995f382b-8861-11f1-818c-b48c9db4e1b4,14,"[0, 0, 1, 0]",3,0,0,,0.25,4
2300,995f382b-8861-11f1-818c-b48c9db4e1b4,15,"[0, 0, 1, 0]",0,0,0,,0.25,4
2301,995f382b-8861-11f1-818c-b48c9db4e1b4,15,"[0, 0, 1, 0]",1,0,0,,0.25,4
2302,995f382b-8861-11f1-818c-b48c9db4e1b4,15,"[0, 0, 1, 0]",2,1,1,,0.25,4
2303,995f382b-8861-11f1-818c-b48c9db4e1b4,15,"[0, 0, 1, 0]",3,0,0,,0.25,4
2304,995f382b-8861-11f1-818c-b48c9db4e1b4,16,"[0, 0, 1, 0]",0,0,0,,0.25,4
2305,995f382b-8861-11f1-818c-b48c9db4e1b4,16,"[0, 0, 1, 0]",1,0,0,,0.25,4
2306,995f382b-8861-11f1-818c-b48c9db4e1b4,16,"[0, 0, 1, 0]",2,1,1,,0.25,4
2307,995f382b-8861-11f1-818c-b48c9db4e1b4,16,"[0, 0, 1, 0]",3,0,0,,0.25,4
2308,995f382b-8861-11f1-818c-b48c9db4e1b4,17,"[0, 0, 1, 0]",0,0,0,,0.25,4
2309,995f382b-8861-11f1-818c-b48c9db4e1b4,17,"[0, 0, 1, 0]",1,0,0,,0.25,4
2310,995f382b-8861-11f1-818c-b48c9db4e1b4,17,"[0, 0, 1, 0]",2,1,1,,0.25,4
2311,995f382b-8861-11f1-818c-b48c9db4e1b4,17,"[0, 0, 1, 0]",3,0,0,,0.25,4
2312,995f382b-8861-11f1-818c-b48c9db4e1b4,18,"[0, 0, 1, 0]",0,0,0,,0.25,4
2313,995f382b-8861-11f1-818c-b48c9db4e1b4,18,"[0, 0, 1, 0]",1,0,0,,0.25,4
2314,995f382b-8861-11f1-818c-b48c9db4e1b4,18,"[0, 0, 1, 0]",2,1,1,,0.25,4
2315,995f382b-8861-11f1-818c-b48c9db4e1b4,18,"[0, 0, 1, 0]",3,0,0,,0.25,4
2316,995f382b-8861-11f1-818c-b48c9db4e1b4,19,"[0, 0, 1, 0]",0,0,0,,0.25,4
2317,995f382b-8861-11f1-818c-b48c9db4e1b4,19,"[0, 0, 1, 0]",1,0,0,,0.25,4
2318,995f382b-8861-11f1-818c-b48c9db4e1b4,19,"[0, 0, 1, 0]",2,1,1,,0.25,4
2319,995f382b-8861-11f1-818c-b48c9db4e1b4,19,"[0, 0, 1, 0]",3,0,0,,0.25,4
2320,99628f44-8861-11f1-a0f2-b48c9db4e1b4,0,"[1, 0, 1, 1]",0,1,-1,,0.25,4
2321,99628f44-8861-11f1-a0f2-b48c9db4e1b4,0,"[1, 0, 1, 1]",1,0,0,,0.25,4
2322,99628f44-8861-11f1-a0f2-b48c9db4e1b4,0,"[1, 0, 1, 1]",2,1,-1,,0.25,4
2323,99628f44-8861-11f1-a0f2-b48c9db4e1b4,0,"[1, 0, 1, 1]",3,1,-1,,0.25,4
2324,99628f44-8861-11f1-a0f2-b48c9db4e1b4,1,"[0, 0, 1, 0]",0,0,0,,0.25,4
2325,99628f44-8861-11f1-a0f2-b48c9db4e1b4,1,"[0, 0, 1, 0]",1,0,0,,0.25,4
2326,99628f44-8861-11f1-a0f2-b48c9db4e1b4,1,"[0, 0, 1, 0]",2,1,1,,0.25,4
2327,99628f44-8861-11f1-a0f2-b48c9db4e1b4,1,"[0, 0, 1, 0]",3,0,0,,0.25,4
2328,99628f44-8861-11f1-a0f2-b48c9db4e1b4,2,"[0, 0, 1, 0]",0,0,0,,0.25,4
2329,99628f44-8861-11f1-a0f2-b48c9db4e1b4,2,"[0, 0, 1, 0]",1,0,0,,0.25,4
2330,99628f44-8861-11f1-a0f2-b48c9db4e1b4,2,"[0, 0, 1, 0]",2,1,1,,0.25,4
2331,99628f44-8861-11f1-a0f2-b48c9db4e1b4,2,"[0, 0, 1, 0]",3,0,0,,0.25,4
2332,99628f44-8861-11f1-a0f2-b48c9db4e1b4,3,"[0, 0, 1, 0]",0,0,0,,0.25,4
2333,99628f44-8861-11f1-a0f2-b48c9db4e1b4,3,"[0, 0, 1, 0]",1,0,0,,0.25,4
2334,99628f44-8861-11f1-a0f2-b48c9db4e1b4,3,"[0, 0, 1, 0]",2,1,1,,0.25,4
2335,99628f44-8861-11f1-a0f2-b48c9db4e1b4,3,"[0, 0, 1, 0]",3,0,0,,0.25,4
2336,99628f44-8861-11f1-a0f2-b48c9db4e1b4,4,"[0, 0, 1, 0]",0,0,0,,0.25,4
2337,99628f44-8861-11f1-a0f2-b48c9db4e1b4,4,"[0, 0, 1, 0]",1,0,0,,0.25,4
2338,99628f44-8861-11f1-a0f2-b48c9db4e1b4,4,"[0, 0, 1, 0]",2,1,1,,0.25,4
2339,99628f44-8861-11f1-a0f2-b48c9db4e1b4,4,"[0, 0, 1, 0]",3,0,0,,0.25,4
2340,99628f44-8861-11f1-a0f2-b48c9db4e1b4,5,"[0, 0, 1, 0]",0,0,0,,0.25,4
2341,99628f44-8861-11f1-a0f2-b48c9db4e1b4,5,"[0, 0, 1, 0]",1,0,0,,0.25,4
2342,99628f44-8861-11f1-a0f2-b48c9db4e1b4,5,"[0, 0, 1, 0]",2,1,1,,0.25,4
2343,99628f44-8861-11f1-a0f2-b48c9db4e1b4,5,"[0, 0, 1, 0]",3,0,0,,0.25,4
2344,99628f44-8861-11f1-a0f2-b48c9db4e1b4,6,"[0, 0, 1, 0]",0,0,0,,0.25,4
2345,99628f44-8861-11f1-a0f2-b48c9db4e1b4,6,"[0, 0, 1, 0]",1,0,0,,0.25,4
2346,99628f44-8861-11f1-a0f2-b48c9db4e1b4,6,"[0, 0, 1, 0]",2,1,1,,0.25,4
2347,99628f44-8861-11f1-a0f2-b48c9db4e1b4,6,"[0, 0, 1, 0]",3,0,0,,0.25,4
2348,99628f44-8861-11f1-a0f2-b48c9db4e1b4,7,"[0, 0, 1, 0]",0,0,0,,0.25,4
2349,99628f44-8861-11f1-a0f2-b48c9db4e1b4,7,"[0, 0, 1, 0]",1,0,0,,0.25,4
2350,99628f44-8861-11f1-a0f2-b48c9db4e1b4,7,"[0, 0, 1, 0]",2,1,1,,0.25,4
2351,99628f44-8861-11f1-a0f2-b48c9db4e1b4,7,"[0, 0, 1, 0]",3,0,0,,0.25,4
2352,99628f44-8861-11f1-a0f2-b48c9db4e1b4,8,"[0, 0, 1, 0]",0,0,0,,0.25,4
2353,99628f44-8861-11f1-a0f2-b48c9db4e1b4,8,"[0, 0, 1, 0]",1,0,0,,0.25,4
2354,99628f44-8861-11f1-a0f2-b48c9db4e1b4,8,"[0, 0, 1, 0]",2,1,1,,0.25,4
2355,99628f44-8861-11f1-a0f2-b48c9db4e1b4,8,"[0, 0, 1, 0]",3,0,0,,0.25,4
2356,99628f44-8861-11f1-a0f2-b48c9db4e1b4,9,"[0, 0, 1, 0]",0,0,0,,0.25,4
2357,99628f44-8861-11f1-a0f2-b48c9db4e1b4,9,"[0, 0, 1, 0]",1,0,0,,0.25,4
2358,99628f44-8861-11f1-a0f2-b48c9db4e1b4,9,"[0, 0, 1, 0]",2,1,1,,0.25,4
2359,99628f44-8861-11f1-a0f2-b48c9db4e1b4,9,"[0, 0, 1, 0]",3,0,0,,0.25,4
2360,99628f44-8861-11f1-a0f2-b48c9db4e1b4,10,"[0, 0, 1, 0]",0,0,0,,0.25,4
2361,99628f44-8861-11f1-a0f2-b48c9db4e1b4,10,"[0, 0, 1, 0]",1,0,0,,0.25,4
2362,99628f44-8861-11f1-a0f2-b48c9db4e1b4,10,"[0, 0, 1, 0]",2,1,1,,0.25,4
2363,99628f44-8861-11f1-a0f2-b48c9db4e1b4,10,"[0, 0, 1, 0]",3,0,0,,0.25,4
2364,99628f44-8861-11f1-a0f2-b48c9db4e1b4,11,"[0, 0, 1, 0]",0,0,0,,0.25,4
2365,99628f44-8861-11f1-a0f2-b48c9db4e1b4,11,"[0, 0, 1, 0]",1,0,0,,0.25,4
2366,99628f44-8861-11f1-a0f2-b48c9db4e1b4,11,"[0, 0, 1, 0]",2,1,1,,0.25,4
2367,99628f44-8861-11f1-a0f2-b48c9db4e1b4,11,"[0, 0, 1, 0]",3,0,0,,0.25,4
2368,99628f44-8861-11f1-a0f2-b48c9db4e1b4,12,"[0, 0, 1, 0]",0,0,0,,0.25,4
2369,99628f44-8861-11f1-a0f2-b48c9db4e1b4,12,"[0, 0, 1, 0]",1,0,0,,0.25,4
2370,99628f44-8861-11f1-a0f2-b48c9db4e1b4,12,"[0, 0, 1, 0]",2,1,1,,0.25,4
2371,99628f44-8861-11f1-a0f2-b48c9db4e1b4,12,"[0, 0, 1, 0]",3,0,0,,0.25,4
2372,99628f44-8861-11f1-a0f2-b48c9db4e1b4,13,"[0, 0, 1, 0]",0,0,0,,0.25,4
2373,99628f44-8861-11f1-a0f2-b48c9db4e1b4,13,"[0, 0, 1, 0]",1,0,0,,0.25,4
2374,99628f44-8861-11f1-a0f2-b48c9db4e1b4,13,"[0, 0, 1, 0]",2,1,1,,0.25,4
2375,99628f44-8861-11f1-a0f2-b48c9db4e1b4,13,"[0, 0, 1, 0]",3,0,0,,0.25,4
2376,99628f44-8861-11f1-a0f2-b48c9db4e1b4,14,"[0, 0, 1, 0]",0,0,0,,0.25,4
2377,99628f44-8861-11f1-a0f2-b48c9db4e1b4,14,"[0, 0, 1, 0]",1,0,0,,0.25,4
2378,99628f44-8861-11f1-a0f2-b48c9db4e1b4,14,"[0, 0, 1, 0]",2,1,1,,0.25,4
2379,99628f44-8861-11f1-a0f2-b48c9db4e1b4,14,"[0, 0, 1, 0]",3,0,0,,0.25,4
2380,99628f44-8861-11f1-a0f2-b48c9db4e1b4,15,"[0, 0, 1, 0]",0,0,0,,0.25,4
2381,99628f44-8861-11f1-a0f2-b48c9db4e1b4,15,"[0, 0, 1, 0]",1,0,0,,0.25,4
2382,99628f44-8861-11f1-a0f2-b48c9db4e1b4,15,"[0, 0, 1, 0]",2,1,1,,0.25,4
2383,99628f44-8861-11f1-a0f2-b48c9db4e1b4,15,"[0, 0, 1, 0]",3,0,0,,0.25,4
2384,99628f44-8861-11f1-a0f2-b48c9db4e1b4,16,"[0, 0, 1, 0]",0,0,0,,0.25,4
2385,99628f44-8861-11f1-a0f2-b48c9db4e1b4,16,"[0, 0, 1, 0]",1,0,0,,0.25,4
2386,99628f44-8861-11f1-a0f2-b48c9db4e1b4,16,"[0, 0, 1, 0]",2,1,1,,0.25,4
2387,99628f44-8861-11f1-a0f2-b48c9db4e1b4,16,"[0, 0, 1, 0]",3,0,0,,0.25,4
2388,99628f44-8861-11f1-a0f2-b48c9db4e1b4,17,"[0, 0, 1, 0]",0,0,0,,0.25,4
2389,99628f44-8861-11f1-a0f2-b48c9db4e1b4,17,"[0, 0, 1, 0]",1,0,0,,0.25,4
2390,99628f44-8861-11f1-a0f2-b48c9db4e1b4,17,"[0, 0, 1, 0]",2,1,1,,0.25,4
2391,99628f44-8861-11f1-a0f2-b48c9db4e1b4,17,"[0, 0, 1, 0]",3,0,0,,0.25,4
2392,99628f44-8861-11f1-a0f2-b48c9db4e1b4,18,"[0, 0, 1, 0]",0,0,0,,0.25,4
2393,99628f44-8861-11f1-a0f2-b48c9db4e1b4,18,"[0, 0, 1, 0]",1,0,0,,0.25,4
2394,99628f44-8861-11f1-a0f2-b48c9db4e1b4,18,"[0, 0, 1, 0]",2,1,1,,0.25,4
2395,99628f44-8861-11f1-a0f2-b48c9db4e1b4,18,"[0, 0, 1, 0]",3,0,0,,0.25,4
2396,99628f44-8861-11f1-a0f2-b48c9db4e1b4,19,"[0, 0, 1, 0]",0,0,0,,0.25,4
2397,99628f44-8861-11f1-a0f2-b48c9db4e1b4,19,"[0, 0, 1, 0]",1,0,0,,0.25,4
2398,99628f44-8861-11f1-a0f2-b48c9db4e1b4,19,"[0, 0, 1, 0]",2,1,1,,0.25,4
2399,99628f44-8861-11f1-a0f2-b48c9db4e1b4,19,"[0, 0, 1, 0]",3,0,0,,0.25,4
2400,996628ab-8861-11f1-90c1-b48c9db4e1b4,0,"[1, 0, 0, 0]",0,1,1,,0.25,4
2401,996628ab-8861-11f1-90c1-b48c9db4e1b4,0,"[1, 0, 0, 0]",1,0,0,,0.25,4
2402,996628ab-8861-11f1-90c1-b48c9db4e1b4,0,"[1, 0, 0, 0]",2,0,0,,0.25,4
2403,996628ab-8861-11f1-90c1-b48c9db4e1b4,0,"[1, 0, 0, 0]",3,0,0,,0.25,4
2404,996628ab-8861-11f1-90c1-b48c9db4e1b4,1,"[0, 0, 1, 0]",0,0,0,,0.25,4
2405,996628ab-8861-11f1-90c1-b48c9db4e1b4,1,"[0, 0, 1, 0]",1,0,0,,0.25,4
2406,996628ab-8861-11f1-90c1-b48c9db4e1b4,1,"[0, 0, 1, 0]",2,1,1,,0.25,4
2407,996628ab-8861-11f1-90c1-b48c9db4e1b4,1,"[0, 0, 1, 0]",3,0,0,,0.25,4
2408,996628ab-8861-11f1-90c1-b48c9db4e1b4,2,"[0, 0, 1, 0]",0,0,0,,0.25,4
2409,996628ab-8861-11f1-90c1-b48c9db4e1b4,2,"[0, 0, 1, 0]",1,0,0,,0.25,4
2410,996628ab-8861-11f1-90c1-b48c9db4e1b4,2,"[0, 0, 1, 0]",2,1,1,,0.25,4
2411,996628ab-8861-11f1-90c1-b48c9db4e1b4,2,"[0, 0, 1, 0]",3,0,0,,0.25,4
2412,996628ab-8861-11f1-90c1-b48c9db4e1b4,3,"[0, 0, 1, 0]",0,0,0,,0.25,4
2413,996628ab-8861-11f1-90c1-b48c9db4e1b4,3,"[0, 0, 1, 0]",1,0,0,,0.25,4
2414,996628ab-8861-11f1-90c1-b48c9db4e1b4,3,"[0, 0, 1, 0]",2,1,1,,0.25,4
2415,996628ab-8861-11f1-90c1-b48c9db4e1b4,3,"[0, 0, 1, 0]",3,0,0,,0.25,4
2416,996628ab-8861-11f1-90c1-b48c9db4e1b4,4,"[0, 0, 1, 0]",0,0,0,,0.25,4
2417,996628ab-8861-11f1-90c1-b48c9db4e1b4,4,"[0, 0, 1, 0]",1,0,0,,0.25,4
2418,996628ab-8861-11f1-90c1-b48c9db4e1b4,4,"[0, 0, 1, 0]",2,1,1,,0.25,4
2419,996628ab-8861-11f1-90c1-b48c9db4e1b4,4,"[0, 0, 1, 0]",3,0,0,,0.25,4
2420,996628ab-8861-11f1-90c1-b48c9db4e1b4,5,"[0, 0, 1, 0]",0,0,0,,0.25,4
2421,996628ab-8861-11f1-90c1-b48c9db4e1b4,5,"[0, 0, 1, 0]",1,0,0,,0.25,4
2422,996628ab-8861-11f1-90c1-b48c9db4e1b4,5,"[0, 0, 1, 0]",2,1,1,,0.25,4
2423,996628ab-8861-11f1-90c1-b48c9db4e1b4,5,"[0, 0, 1, 0]",3,0,0,,0.25,4
2424,996628ab-8861-11f1-90c1-b48c9db4e1b4,6,"[0, 0, 1, 0]",0,0,0,,0.25,4
2425,996628ab-8861-11f1-90c1-b48c9db4e1b4,6,"[0, 0, 1, 0]",1,0,0,,0.25,4
2426,996628ab-8861-11f1-90c1-b48c9db4e1b4,6,"[0, 0, 1, 0]",2,1,1,,0.25,4
2427,996628ab-8861-11f1-90c1-b48c9db4e1b4,6,"[0, 0, 1, 0]",3,0,0,,0.25,4
2428,996628ab-8861-11f1-90c1-b48c9db4e1b4,7,"[0, 0, 1, 0]",0,0,0,,0.25,4
2429,996628ab-8861-11f1-90c1-b48c9db4e1b4,7,"[0, 0, 1, 0]",1,0,0,,0.25,4
2430,996628ab-8861-11f1-90c1-b48c9db4e1b4,7,"[0, 0, 1, 0]",2,1,1,,0.25,4
2431,996628ab-8861-11f1-90c1-b48c9db4e1b4,7,"[0, 0, 1, 0]",3,0,0,,0.25,4
2432,996628ab-8861-11f1-90c1-b48c9db4e1b4,8,"[0, 0, 1, 0]",0,0,0,,0.25,4
2433,996628ab-8861-11f1-90c1-b48c9db4e1b4,8,"[0, 0, 1, 0]",1,0,0,,0.25,4
2434,996628ab-8861-11f1-90c1-b48c9db4e1b4,8,"[0, 0, 1, 0]",2,1,1,,0.25,4
2435,996628ab-8861-11f1-90c1-b48c9db4e1b4,8,"[0, 0, 1, 0]",3,0,0,,0.25,4
2436,996628ab-8861-11f1-90c1-b48c9db4e1b4,9,"[0, 0, 1, 0]",0,0,0,,0.25,4
2437,996628ab-8861-11f1-90c1-b48c9db4e1b4,9,"[0, 0, 1, 0]",1,0,0,,0.25,4
2438,996628ab-8861-11f1-90c1-b48c9db4e1b4,9,"[0, 0, 1, 0]",2,1,1,,0.25,4
2439,996628ab-8861-11f1-90c1-b48c9db4e1b4,9,"[0, 0, 1, 0]",3,0,0,,0.25,4
2440,996628ab-8861-11f1-90c1-b48c9db4e1b4,10,"[0, 0, 1, 0]",0,0,0,,0.25,4
2441,996628ab-8861-11f1-90c1-b48c9db4e1b4,10,"[0, 0, 1, 0]",1,0,0,,0.25,4
2442,996628ab-8861-11f1-90c1-b48c9db4e1b4,10,"[0, 0, 1, 0]",2,1,1,,0.25,4
2443,996628ab-8861-11f1-90c1-b48c9db4e1b4,10,"[0, 0, 1, 0]",3,0,0,,0.25,4
2444,996628ab-8861-11f1-90c1-b48c9db4e1b4,11,"[0, 0, 1, 0]",0,0,0,,0.25,4
2445,996628ab-8861-11f1-90c1-b48c9db4e1b4,11,"[0, 0, 1, 0]",1,0,0,,0.25,4
2446,996628ab-8861-11f1-90c1-b48c9db4e1b4,11,"[0, 0, 1, 0]",2,1,1,,0.25,4
2447,996628ab-8861-11f1-90c1-b48c9db4e1b4,11,"[0, 0, 1, 0]",3,0,0,,0.25,4
2448,996628ab-8861-11f1-90c1-b48c9db4e1b4,12,"[0, 0, 1, 0]",0,0,0,,0.25,4
2449,996628ab-8861-11f1-90c1-b48c9db4e1b4,12,"[0, 0, 1, 0]",1,0,0,,0.25,4
2450,996628ab-8861-11f1-90c1-b48c9db4e1b4,12,"[0, 0, 1, 0]",2,1,1,,0.25,4
2451,996628ab-8861-11f1-90c1-b48c9db4e1b4,12,"[0, 0, 1, 0]",3,0,0,,0.25,4
2452,996628ab-8861-11f1-90c1-b48c9db4e1b4,13,"[0, 0, 1, 0]",0,0,0,,0.25,4
2453,996628ab-8861-11f1-90c1-b48c9db4e1b4,13,"[0, 0, 1, 0]",1,0,0,,0.25,4
2454,996628ab-8861-11f1-90c1-b48c9db4e1b4,13,"[0, 0, 1, 0]",2,1,1,,0.25,4
2455,996628ab-8861-11f1-90c1-b48c9db4e1b4,13,"[0, 0, 1, 0]",3,0,0,,0.25,4
2456,996628ab-8861-11f1-90c1-b48c9db4e1b4,14,"[0, 0, 1, 0]",0,0,0,,0.25,4
2457,996628ab-8861-11f1-90c1-b48c9db4e1b4,14,"[0, 0, 1, 0]",1,0,0,,0.25,4
2458,996628ab-8861-11f1-90c1-b48c9db4e1b4,14,"[0, 0, 1, 0]",2,1,1,,0.25,4
2459,996628ab-8861-11f1-90c1-b48c9db4e1b4,14,"[0, 0, 1, 0]",3,0,0,,0.25,4
2460,996628ab-8861-11f1-90c1-b48c9db4e1b4,15,"[0, 0, 1, 0]",0,0,0,,0.25,4
2461,996628ab-8861-11f1-90c1-b48c9db4e1b4,15,"[0, 0, 1, 0]",1,0,0,,0.25,4
2462,996628ab-8861-11f1-90c1-b48c9db4e1b4,15,"[0, 0, 1, 0]",2,1,1,,0.25,4
2463,996628ab-8861-11f1-90c1-b48c9db4e1b4,15,"[0, 0, 1, 0]",3,0,0,,0.25,4
2464,996628ab-8861-11f1-90c1-b48c9db4e1b4,16,"[0, 0, 1, 0]",0,0,0,,0.25,4
2465,996628ab-8861-11f1-90c1-b48c9db4e1b4,16,"[0, 0, 1, 0]",1,0,0,,0.25,4
2466,996628ab-8861-11f1-90c1-b48c9db4e1b4,16,"[0, 0, 1, 0]",2,1,1,,0.25,4
2467,996628ab-8861-11f1-90c1-b48c9db4e1b4,16,"[0, 0, 1, 0]",3,0,0,,0.25,4
2468,996628ab-8861-11f1-90c1-b48c9db4e1b4,17,"[0, 0, 1, 0]",0,0,0,,0.25,4
2469,996628ab-8861-11f1-90c1-b48c9db4e1b4,17,"[0, 0, 1, 0]",1,0,0,,0.25,4
2470,996628ab-8861-11f1-90c1-b48c9db4e1b4,17,"[0, 0, 1, 0]",2,1,1,,0.25,4
2471,996628ab-8861-11f1-90c1-b48c9db4e1b4,17,"[0, 0, 1, 0]",3,0,0,,0.25,4
2472,996628ab-8861-11f1-90c1-b48c9db4e1b4,18,"[0, 0, 1, 0]",0,0,0,,0.25,4
2473,996628ab-8861-11f1-90c1-b48c9db4e1b4,18,"[0, 0, 1, 0]",1,0,0,,0.25,4
2474,996628ab-8861-11f1-90c1-b48c9db4e1b4,18,"[0, 0, 1, 0]",2,1,1,,0.25,4
2475,996628ab-8861-11f1-90c1-b48c9db4e1b4,18,"[0, 0, 1, 0]",3,0,0,,0.25,4
2476,996628ab-8861-11f1-90c1-b48c9db4e1b4,19,"[0, 0, 1, 0]",0,0,0,,0.25,4
2477,996628ab-8861-11f1-90c1-b48c9db4e1b4,19,"[0, 0, 1, 0]",1,0,0,,0.25,4
2478,996628ab-8861-11f1-90c1-b48c9db4e1b4,19,"[0, 0, 1, 0]",2,1,1,,0.25,4
2479,996628ab-8861-11f1-90c1-b48c9db4e1b4,19,"[0, 0, 1, 0]",3,0,0,,0.25,4
2480,99695a23-8861-11f1-9030-b48c9db4e1b4,0,"[0, 0, 0, 0]",0,0,0,,0.25,4
2481,99695a23-8861-11f1-9030-b48c9db4e1b4,0,"[0, 0, 0, 0]",1,0,0,,0.25,4
2482,99695a23-8861-11f1-9030-b48c9db4e1b4,0,"[0, 0, 0, 0]",2,0,0,,0.25,4
2483,99695a23-8861-11f1-9030-b48c9db4e1b4,0,"[0, 0, 0, 0]",3,0,0,,0.25,4
2484,99695a23-8861-11f1-9030-b48c9db4e1b4,1,"[0, 0, 1, 0]",0,0,0,,0.25,4
2485,99695a23-8861-11f1-9030-b48c9db4e1b4,1,"[0, 0, 1, 0]",1,0,0,,0.25,4
2486,99695a23-8861-11f1-9030-b48c9db4e1b4,1,"[0, 0, 1, 0]",2,1,1,,0.25,4
2487,99695a23-8861-11f1-9030-b48c9db4e1b4,1,"[0, 0, 1, 0]",3,0,0,,0.25,4
2488,99695a23-8861-11f1-9030-b48c9db4e1b4,2,"[0, 0, 1, 0]",0,0,0,,0.25,4
2489,99695a23-8861-11f1-9030-b48c9db4e1b4,2,"[0, 0, 1, 0]",1,0,0,,0.25,4
2490,99695a23-8861-11f1-9030-b48c9db4e1b4,2,"[0, 0, 1, 0]",2,1,1,,0.25,4
2491,99695a23-8861-11f1-9030-b48c9db4e1b4,2,"[0, 0, 1, 0]",3,0,0,,0.25,4
2492,99695a23-8861-11f1-9030-b48c9db4e1b4,3,"[0, 0, 1, 0]",0,0,0,,0.25,4
2493,99695a23-8861-11f1-9030-b48c9db4e1b4,3,"[0, 0, 1, 0]",1,0,0,,0.25,4
2494,99695a23-8861-11f1-9030-b48c9db4e1b4,3,"[0, 0, 1, 0]",2,1,1,,0.25,4
2495,99695a23-8861-11f1-9030-b48c9db4e1b4,3,"[0, 0, 1, 0]",3,0,0,,0.25,4
2496,99695a23-8861-11f1-9030-b48c9db4e1b4,4,"[0, 0, 1, 0]",0,0,0,,0.25,4
2497,99695a23-8861-11f1-9030-b48c9db4e1b4,4,"[0, 0, 1, 0]",1,0,0,,0.25,4
2498,99695a23-8861-11f1-9030-b48c9db4e1b4,4,"[0, 0, 1, 0]",2,1,1,,0.25,4
2499,99695a23-8861-11f1-9030-b48c9db4e1b4,4,"[0, 0, 1, 0]",3,0,0,,0.25,4
2500,99695a23-8861-11f1-9030-b48c9db4e1b4,5,"[0, 0, 1, 0]",0,0,0,,0.25,4
2501,99695a23-8861-11f1-9030-b48c9db4e1b4,5,"[0, 0, 1, 0]",1,0,0,,0.25,4
2502,99695a23-8861-11f1-9030-b48c9db4e1b4,5,"[0, 0, 1, 0]",2,1,1,,0.25,4
2503,99695a23-8861-11f1-9030-b48c9db4e1b4,5,"[0, 0, 1, 0]",3,0,0,,0.25,4
2504,99695a23-8861-11f1-9030-b48c9db4e1b4,6,"[0, 0, 1, 0]",0,0,0,,0.25,4
2505,99695a23-8861-11f1-9030-b48c9db4e1b4,6,"[0, 0, 1, 0]",1,0,0,,0.25,4
2506,99695a23-8861-11f1-9030-b48c9db4e1b4,6,"[0, 0, 1, 0]",2,1,1,,0.25,4
2507,99695a23-8861-11f1-9030-b48c9db4e1b4,6,"[0, 0, 1, 0]",3,0,0,,0.25,4
2508,99695a23-8861-11f1-9030-b48c9db4e1b4,7,"[0, 0, 1, 0]",0,0,0,,0.25,4
2509,99695a23-8861-11f1-9030-b48c9db4e1b4,7,"[0, 0, 1, 0]",1,0,0,,0.25,4
2510,99695a23-8861-11f1-9030-b48c9db4e1b4,7,"[0, 0, 1, 0]",2,1,1,,0.25,4
2511,99695a23-8861-11f1-9030-b48c9db4e1b4,7,"[0, 0, 1, 0]",3,0,0,,0.25,4
2512,99695a23-8861-11f1-9030-b48c9db4e1b4,8,"[0, 0, 1, 0]",0,0,0,,0.25,4
2513,99695a23-8861-11f1-9030-b48c9db4e1b4,8,"[0, 0, 1, 0]",1,0,0,,0.25,4
2514,99695a23-8861-11f1-9030-b48c9db4e1b4,8,"[0, 0, 1, 0]",2,1,1,,0.25,4
2515,99695a23-8861-11f1-9030-b48c9db4e1b4,8,"[0, 0, 1, 0]",3,0,0,,0.25,4
2516,99695a23-8861-11f1-9030-b48c9db4e1b4,9,"[0, 0, 1, 0]",0,0,0,,0.25,4
2517,99695a23-8861-11f1-9030-b48c9db4e1b4,9,"[0, 0, 1, 0]",1,0,0,,0.25,4
2518,99695a23-8861-11f1-9030-b48c9db4e1b4,9,"[0, 0, 1, 0]",2,1,1,,0.25,4
2519,99695a23-8861-11f1-9030-b48c9db4e1b4,9,"[0, 0, 1, 0]",3,0,0,,0.25,4
2520,99695a23-8861-11f1-9030-b48c9db4e1b4,10,"[0, 0, 1, 0]",0,0,0,,0.25,4
2521,99695a23-8861-11f1-9030-b48c9db4e1b4,10,"[0, 0, 1, 0]",1,0,0,,0.25,4
2522,99695a23-8861-11f1-9030-b48c9db4e1b4,10,"[0, 0, 1, 0]",2,1,1,,0.25,4
2523,99695a23-8861-11f1-9030-b48c9db4e1b4,10,"[0, 0, 1, 0]",3,0,0,,0.25,4
2524,99695a23-8861-11f1-9030-b48c9db4e1b4,11,"[0, 0, 1, 0]",0,0,0,,0.25,4
2525,99695a23-8861-11f1-9030-b48c9db4e1b4,11,"[0, 0, 1, 0]",1,0,0,,0.25,4
2526,99695a23-8861-11f1-9030-b48c9db4e1b4,11,"[0, 0, 1, 0]",2,1,1,,0.25,4
2527,99695a23-8861-11f1-9030-b48c9db4e1b4,11,"[0, 0, 1, 0]",3,0,0,,0.25,4
2528,99695a23-8861-11f1-9030-b48c9db4e1b4,12,"[0, 0, 1, 0]",0,0,0,,0.25,4
2529,99695a23-8861-11f1-9030-b48c9db4e1b4,12,"[0, 0, 1, 0]",1,0,0,,0.25,4
2530,99695a23-8861-11f1-9030-b48c9db4e1b4,12,"[0, 0, 1, 0]",2,1,1,,0.25,4
2531,99695a23-8861-11f1-9030-b48c9db4e1b4,12,"[0, 0, 1, 0]",3,0,0,,0.25,4
2532,99695a23-8861-11f1-9030-b48c9db4e1b4,13,"[0, 0, 1, 0]",0,0,0,,0.25,4
2533,99695a23-8861-11f1-9030-b48c9db4e1b4,13,"[0, 0, 1, 0]",1,0,0,,0.25,4
2534,99695a23-8861-11f1-9030-b48c9db4e1b4,13,"[0, 0, 1, 0]",2,1,1,,0.25,4
2535,99695a23-8861-11f1-9030-b48c9db4e1b4,13,"[0, 0, 1, 0]",3,0,0,,0.25,4
2536,99695a23-8861-11f1-9030-b48c9db4e1b4,14,"[0, 0, 1, 0]",0,0,0,,0.25,4
2537,99695a23-8861-11f1-9030-b48c9db4e1b4,14,"[0, 0, 1, 0]",1,0,0,,0.25,4
2538,99695a23-8861-11f1-9030-b48c9db4e1b4,14,"[0, 0, 1, 0]",2,1,1,,0.25,4
2539,99695a23-8861-11f1-9030-b48c9db4e1b4,14,"[0, 0, 1, 0]",3,0,0,,0.25,4
2540,99695a23-8861-11f1-9030-b48c9db4e1b4,15,"[0, 0, 1, 0]",0,0,0,,0.25,4
2541,99695a23-8861-11f1-9030-b48c9db4e1b4,15,"[0, 0, 1, 0]",1,0,0,,0.25,4
2542,99695a23-8861-11f1-9030-b48c9db4e1b4,15,"[0, 0, 1, 0]",2,1,1,,0.25,4
2543,99695a23-8861-11f1-9030-b48c9db4e1b4,15,"[0, 0, 1, 0]",3,0,0,,0.25,4
2544,99695a23-8861-11f1-9030-b48c9db4e1b4,16,"[0, 0, 1, 0]",0,0,0,,0.25,4
2545,99695a23-8861-11f1-9030-b48c9db4e1b4,16,"[0, 0, 1, 0]",1,0,0,,0.25,4
2546,99695a23-8861-11f1-9030-b48c9db4e1b4,16,"[0, 0, 1, 0]",2,1,1,,0.25,4
2547,99695a23-8861-11f1-9030-b48c9db4e1b4,16,"[0, 0, 1, 0]",3,0,0,,0.25,4
2548,99695a23-8861-11f1-9030-b48c9db4e1b4,17,"[0, 0, 1, 0]",0,0,0,,0.25,4
2549,99695a23-8861-11f1-9030-b48c9db4e1b4,17,"[0, 0, 1, 0]",1,0,0,,0.25,4
2550,99695a23-8861-11f1-9030-b48c9db4e1b4,17,"[0, 0, 1, 0]",2,1,1,,0.25,4
2551,99695a23-8861-11f1-9030-b48c9db4e1b4,17,"[0, 0, 1, 0]",3,0,0,,0.25,4
2552,99695a23-8861-11f1-9030-b48c9db4e1b4,18,"[0, 0, 1, 0]",0,0,0,,0.25,4
2553,99695a23-8861-11f1-9030-b48c9db4e1b4,18,"[0, 0, 1, 0]",1,0,0,,0.25,4
2554,99695a23-8861-11f1-9030-b48c9db4e1b4,18,"[0, 0, 1, 0]",2,1,1,,0.25,4
2555,99695a23-8861-11f1-9030-b48c9db4e1b4,18,"[0, 0, 1, 0]",3,0,0,,0.25,4
2556,99695a23-8861-11f1-9030-b48c9db4e1b4,19,"[0, 0, 1, 0]",0,0,0,,0.25,4
2557,99695a23-8861-11f1-9030-b48c9db4e1b4,19,"[0, 0, 1, 0]",1,0,0,,0.25,4
2558,99695a23-8861-11f1-9030-b48c9db4e1b4,19,"[0, 0, 1, 0]",2,1,1,,0.25,4
2559,99695a23-8861-11f1-9030-b48c9db4e1b4,19,"[0, 0, 1, 0]",3,0,0,,0.25,4
2560,996c9135-8861-11f1-8622-b48c9db4e1b4,0,"[1, 0, 0, 0]",0,1,1,,0.25,4
2561,996c9135-8861-11f1-8622-b48c9db4e1b4,0,"[1, 0, 0, 0]",1,0,0,,0.25,4
2562,996c9135-8861-11f1-8622-b48c9db4e1b4,0,"[1, 0, 0, 0]",2,0,0,,0.25,4
2563,996c9135-8861-11f1-8622-b48c9db4e1b4,0,"[1, 0, 0, 0]",3,0,0,,0.25,4
2564,996c9135-8861-11f1-8622-b48c9db4e1b4,1,"[0, 0, 1, 0]",0,0,0,,0.25,4
2565,996c9135-8861-11f1-8622-b48c9db4e1b4,1,"[0, 0, 1, 0]",1,0,0,,0.25,4
2566,996c9135-8861-11f1-8622-b48c9db4e1b4,1,"[0, 0, 1, 0]",2,1,1,,0.25,4
2567,996c9135-8861-11f1-8622-b48c9db4e1b4,1,"[0, 0, 1, 0]",3,0,0,,0.25,4
2568,996c9135-8861-11f1-8622-b48c9db4e1b4,2,"[0, 0, 1, 0]",0,0,0,,0.25,4
2569,996c9135-8861-11f1-8622-b48c9db4e1b4,2,"[0, 0, 1, 0]",1,0,0,,0.25,4
2570,996c9135-8861-11f1-8622-b48c9db4e1b4,2,"[0, 0, 1, 0]",2,1,1,,0.25,4
2571,996c9135-8861-11f1-8622-b48c9db4e1b4,2,"[0, 0, 1, 0]",3,0,0,,0.25,4
2572,996c9135-8861-11f1-8622-b48c9db4e1b4,3,"[0, 0, 1, 0]",0,0,0,,0.25,4
2573,996c9135-8861-11f1-8622-b48c9db4e1b4,3,"[0, 0, 1, 0]",1,0,0,,0.25,4
2574,996c9135-8861-11f1-8622-b48c9db4e1b4,3,"[0, 0, 1, 0]",2,1,1,,0.25,4
2575,996c9135-8861-11f1-8622-b48c9db4e1b4,3,"[0, 0, 1, 0]",3,0,0,,0.25,4
2576,996c9135-8861-11f1-8622-b48c9db4e1b4,4,"[0, 0, 1, 0]",0,0,0,,0.25,4
2577,996c9135-8861-11f1-8622-b48c9db4e1b4,4,"[0, 0, 1, 0]",1,0,0,,0.25,4
2578,996c9135-8861-11f1-8622-b48c9db4e1b4,4,"[0, 0, 1, 0]",2,1,1,,0.25,4
2579,996c9135-8861-11f1-8622-b48c9db4e1b4,4,"[0, 0, 1, 0]",3,0,0,,0.25,4
2580,996c9135-8861-11f1-8622-b48c9db4e1b4,5,"[0, 0, 1, 0]",0,0,0,,0.25,4
2581,996c9135-8861-11f1-8622-b48c9db4e1b4,5,"[0, 0, 1, 0]",1,0,0,,0.25,4
2582,996c9135-8861-11f1-8622-b48c9db4e1b4,5,"[0, 0, 1, 0]",2,1,1,,0.25,4
2583,996c9135-8861-11f1-8622-b48c9db4e1b4,5,"[0, 0, 1, 0]",3,0,0,,0.25,4
2584,996c9135-8861-11f1-8622-b48c9db4e1b4,6,"[0, 0, 1, 0]",0,0,0,,0.25,4
2585,996c9135-8861-11f1-8622-b48c9db4e1b4,6,"[0, 0, 1, 0]",1,0,0,,0.25,4
2586,996c9135-8861-11f1-8622-b48c9db4e1b4,6,"[0, 0, 1, 0]",2,1,1,,0.25,4
2587,996c9135-8861-11f1-8622-b48c9db4e1b4,6,"[0, 0, 1, 0]",3,0,0,,0.25,4
2588,996c9135-8861-11f1-8622-b48c9db4e1b4,7,"[0, 0, 1, 0]",0,0,0,,0.25,4
2589,996c9135-8861-11f1-8622-b48c9db4e1b4,7,"[0, 0, 1, 0]",1,0,0,,0.25,4
2590,996c9135-8861-11f1-8622-b48c9db4e1b4,7,"[0, 0, 1, 0]",2,1,1,,0.25,4
2591,996c9135-8861-11f1-8622-b48c9db4e1b4,7,"[0, 0, 1, 0]",3,0,0,,0.25,4
2592,996c9135-8861-11f1-8622-b48c9db4e1b4,8,"[0, 0, 1, 0]",0,0,0,,0.25,4
2593,996c9135-8861-11f1-8622-b48c9db4e1b4,8,"[0, 0, 1, 0]",1,0,0,,0.25,4
2594,996c9135-8861-11f1-8622-b48c9db4e1b4,8,"[0, 0, 1, 0]",2,1,1,,0.25,4
2595,996c9135-8861-11f1-8622-b48c9db4e1b4,8,"[0, 0, 1, 0]",3,0,0,,0.25,4
2596,996c9135-8861-11f1-8622-b48c9db4e1b4,9,"[0, 0, 1, 0]",0,0,0,,0.25,4
2597,996c9135-8861-11f1-8622-b48c9db4e1b4,9,"[0, 0, 1, 0]",1,0,0,,0.25,4
2598,996c9135-8861-11f1-8622-b48c9db4e1b4,9,"[0, 0, 1, 0]",2,1,1,,0.25,4
2599,996c9135-8861-11f1-8622-b48c9db4e1b4,9,"[0, 0, 1, 0]",3,0,0,,0.25,4
2600,996c9135-8861-11f1-8622-b48c9db4e1b4,10,"[0, 0, 1, 0]",0,0,0,,0.25,4
2601,996c9135-8861-11f1-8622-b48c9db4e1b4,10,"[0, 0, 1, 0]",1,0,0,,0.25,4
2602,996c9135-8861-11f1-8622-b48c9db4e1b4,10,"[0, 0, 1, 0]",2,1,1,,0.25,4
2603,996c9135-8861-11f1-8622-b48c9db4e1b4,10,"[0, 0, 1, 0]",3,0,0,,0.25,4
2604,996c9135-8861-11f1-8622-b48c9db4e1b4,11,"[0, 0, 1, 0]",0,0,0,,0.25,4
2605,996c9135-8861-11f1-8622-b48c9db4e1b4,11,"[0, 0, 1, 0]",1,0,0,,0.25,4
2606,996c9135-8861-11f1-8622-b48c9db4e1b4,11,"[0, 0, 1, 0]",2,1,1,,0.25,4
2607,996c9135-8861-11f1-8622-b48c9db4e1b4,11,"[0, 0, 1, 0]",3,0,0,,0.25,4
2608,996c9135-8861-11f1-8622-b48c9db4e1b4,12,"[0, 0, 1, 0]",0,0,0,,0.25,4
2609,996c9135-8861-11f1-8622-b48c9db4e1b4,12,"[0, 0, 1, 0]",1,0,0,,0.25,4
2610,996c9135-8861-11f1-8622-b48c9db4e1b4,12,"[0, 0, 1, 0]",2,1,1,,0.25,4
2611,996c9135-8861-11f1-8622-b48c9db4e1b4,12,"[0, 0, 1, 0]",3,0,0,,0.25,4
2612,996c9135-8861-11f1-8622-b48c9db4e1b4,13,"[0, 0, 1, 0]",0,0,0,,0.25,4
2613,996c9135-8861-11f1-8622-b48c9db4e1b4,13,"[0, 0, 1, 0]",1,0,0,,0.25,4
2614,996c9135-8861-11f1-8622-b48c9db4e1b4,13,"[0, 0, 1, 0]",2,1,1,,0.25,4
2615,996c9135-8861-11f1-8622-b48c9db4e1b4,13,"[0, 0, 1, 0]",3,0,0,,0.25,4
2616,996c9135-8861-11f1-8622-b48c9db4e1b4,14,"[0, 0, 1, 0]",0,0,0,,0.25,4
2617,996c9135-8861-11f1-8622-b48c9db4e1b4,14,"[0, 0, 1, 0]",1,0,0,,0.25,4
2618,996c9135-8861-11f1-8622-b48c9db4e1b4,14,"[0, 0, 1, 0]",2,1,1,,0.25,4
2619,996c9135-8861-11f1-8622-b48c9db4e1b4,14,"[0, 0, 1, 0]",3,0,0,,0.25,4
2620,996c9135-8861-11f1-8622-b48c9db4e1b4,15,"[0, 0, 1, 0]",0,0,0,,0.25,4
2621,996c9135-8861-11f1-8622-b48c9db4e1b4,15,"[0, 0, 1, 0]",1,0,0,,0.25,4
2622,996c9135-8861-11f1-8622-b48c9db4e1b4,15,"[0, 0, 1, 0]",2,1,1,,0.25,4
2623,996c9135-8861-11f1-8622-b48c9db4e1b4,15,"[0, 0, 1, 0]",3,0,0,,0.25,4
2624,996c9135-8861-11f1-8622-b48c9db4e1b4,16,"[0, 0, 1, 0]",0,0,0,,0.25,4
2625,996c9135-8861-11f1-8622-b48c9db4e1b4,16,"[0, 0, 1, 0]",1,0,0,,0.25,4
2626,996c9135-8861-11f1-8622-b48c9db4e1b4,16,"[0, 0, 1, 0]",2,1,1,,0.25,4
2627,996c9135-8861-11f1-8622-b48c9db4e1b4,16,"[0, 0, 1, 0]",3,0,0,,0.25,4
2628,996c9135-8861-11f1-8622-b48c9db4e1b4,17,"[0, 0, 1, 0]",0,0,0,,0.25,4
2629,996c9135-8861-11f1-8622-b48c9db4e1b4,17,"[0, 0, 1, 0]",1,0,0,,0.25,4
2630,996c9135-8861-11f1-8622-b48c9db4e1b4,17,"[0, 0, 1, 0]",2,1,1,,0.25,4
2631,996c9135-8861-11f1-8622-b48c9db4e1b4,17,"[0, 0, 1, 0]",3,0,0,,0.25,4
2632,996c9135-8861-11f1-8622-b48c9db4e1b4,18,"[0, 0, 1, 0]",0,0,0,,0.25,4
2633,996c9135-8861-11f1-8622-b48c9db4e1b4,18,"[0, 0, 1, 0]",1,0,0,,0.25,4
2634,996c9135-8861-11f1-8622-b48c9db4e1b4,18,"[0, 0, 1, 0]",2,1,1,,0.25,4
2635,996c9135-8861-11f1-8622-b48c9db4e1b4,18,"[0, 0, 1, 0]",3,0,0,,0.25,4
2636,996c9135-8861-11f1-8622-b48c9db4e1b4,19,"[0, 0, 1, 0]",0,0,0,,0.25,4
2637,996c9135-8861-11f1-8622-b48c9db4e1b4,19,"[0, 0, 1, 0]",1,0,0,,0.25,4
2638,996c9135-8861-11f1-8622-b48c9db4e1b4,19,"[0, 0, 1, 0]",2,1,1,,0.25,4
2639,996c9135-8861-11f1-8622-b48c9db4e1b4,19,"[0, 0, 1, 0]",3,0,0,,0.25,4
2640,996fbbcf-8861-11f1-8ee0-b48c9db4e1b4,0,"[1, 0, 1, 0]",0,1,-1,,0.25,4
2641,996fbbcf-8861-11f1-8ee0-b48c9db4e1b4,0,"[1, 0, 1, 0]",1,0,0,,0.25,4
2642,996fbbcf-8861-11f1-8ee0-b48c9db4e1b4,0,"[1, 0, 1, 0]",2,1,-1,,0.25,4
2643,996fbbcf-8861-11f1-8ee0-b48c9db4e1b4,0,"[1, 0, 1, 0]",3,0,0,,0.25,4
2644,996fbbcf-8861-11f1-8ee0-b48c9db4e1b4,1,"[0, 0, 1, 0]",0,0,0,,0.25,4
2645,996fbbcf-8861-11f1-8ee0-b48c9db4e1b4,1,"[0, 0, 1, 0]",1,0,0,,0.25,4
2646,996fbbcf-8861-11f1-8ee0-b48c9db4e1b4,1,"[0, 0, 1, 0]",2,1,1,,0.25,4
2647,996fbbcf-8861-11f1-8ee0-b48c9db4e1b4,1,"[0, 0, 1, 0]",3,0,0,,0.25,4
2648,996fbbcf-8861-11f1-8ee0-b48c9db4e1b4,2,"[0, 0, 1, 0]",0,0,0,,0.25,4
2649,996fbbcf-8861-11f1-8ee0-b48c9db4e1b4,2,"[0, 0, 1, 0]",1,0,0,,0.25,4
2650,996fbbcf-8861-11f1-8ee0-b48c9db4e1b4,2,"[0, 0, 1, 0]",2,1,1,,0.25,4
2651,996fbbcf-8861-11f1-8ee0-b48c9db4e1b4,2,"[0, 0, 1, 0]",3,0,0,,0.25,4
2652,996fbbcf-8861-11f1-8ee0-b48c9db4e1b4,3,"[0, 0, 1, 0]",0,0,0,,0.25,4
2653,996fbbcf-8861-11f1-8ee0-b48c9db4e1b4,3,"[0, 0, 1, 0]",1,0,0,,0.25,4
2654,996fbbcf-8861-11f1-8ee0-b48c9db4e1b4,3,"[0, 0, 1, 0]",2,1,1,,0.25,4
2655,996fbbcf-8861-11f1-8ee0-b48c9db4e1b4,3,"[0, 0, 1, 0]",3,0,0,,0.25,4
2656,996fbbcf-8861-11f1-8ee0-b48c9db4e1b4,4,"[0, 0, 1, 0]",0,0,0,,0.25,4
2657,996fbbcf-8861-11f1-8ee0-b48c9db4e1b4,4,"[0, 0, 1, 0]",1,0,0,,0.25,4
2658,996fbbcf-8861-11f1-8ee0-b48c9db4e1b4,4,"[0, 0, 1, 0]",2,1,1,,0.25,4
2659,996fbbcf-8861-11f1-8ee0-b48c9db4e1b4,4,"[0, 0, 1, 0]",3,0,0,,0.25,4
2660,996fbbcf-8861-11f1-8ee0-b48c9db4e1b4,5,"[0, 0, 1, 0]",0,0,0,,0.25,4
2661,996fbbcf-8861-11f1-8ee0-b48c9db4e1b4,5,"[0, 0, 1, 0]",1,0,0,,0.25,4
2662,996fbbcf-8861-11f1-8ee0-b48c9db4e1b4,5,"[0, 0, 1, 0]",2,1,1,,0.25,4
2663,996fbbcf-8861-11f1-8ee0-b48c9db4e1b4,5,"[0, 0, 1, 0]",3,0,0,,0.25,4
2664,996fbbcf-8861-11f1-8ee0-b48c9db4e1b4,6,"[0, 0, 1, 0]",0,0,0,,0.25,4
2665,996fbbcf-8861-11f1-8ee0-b48c9db4e1b4,6,"[0, 0, 1, 0]",1,0,0,,0.25,4
2666,996fbbcf-8861-11f1-8ee0-b48c9db4e1b4,6,"[0, 0, 1, 0]",2,1,1,,0.25,4
2667,996fbbcf-8861-11f1-8ee0-b48c9db4e1b4,6,"[0, 0, 1, 0]",3,0,0,,0.25,4
2668,996fbbcf-8861-11f1-8ee0-b48c9db4e1b4,7,"[0, 0, 1, 0]",0,0,0,,0.25,4
2669,996fbbcf-8861-11f1-8ee0-b48c9db4e1b4,7,"[0, 0, 1, 0]",1,0,0,,0.25,4
2670,996fbbcf-8861-11f1-8ee0-b48c9db4e1b4,7,"[0, 0, 1, 0]",2,1,1,,0.25,4
2671,996fbbcf-8861-11f1-8ee0-b48c9db4e1b4,7,"[0, 0, 1, 0]",3,0,0,,0.25,4
2672,996fbbcf-8861-11f1-8ee0-b48c9db4e1b4,8,"[0, 0, 1, 0]",0,0,0,,0.25,4
2673,996fbbcf-8861-11f1-8ee0-b48c9db4e1b4,8,"[0, 0, 1, 0]",1,0,0,,0.25,4
2674,996fbbcf-8861-11f1-8ee0-b48c9db4e1b4,8,"[0, 0, 1, 0]",2,1,1,,0.25,4
2675,996fbbcf-8861-11f1-8ee0-b48c9db4e1b4,8,"[0, 0, 1, 0]",3,0,0,,0.25,4
2676,996fbbcf-8861-11f1-8ee0-b48c9db4e1b4,9,"[0, 0, 1, 0]",0,0,0,,0.25,4
2677,996fbbcf-8861-11f1-8ee0-b48c9db4e1b4,9,"[0, 0, 1, 0]",1,0,0,,0.25,4
2678,996fbbcf-8861-11f1-8ee0-b48c9db4e1b4,9,"[0, 0, 1, 0]",2,1,1,,0.25,4
2679,996fbbcf-8861-11f1-8ee0-b48c9db4e1b4,9,"[0, 0, 1, 0]",3,0,0,,0.25,4
2680,996fbbcf-8861-11f1-8ee0-b48c9db4e1b4,10,"[0, 0, 1, 0]",0,0,0,,0.25,4
2681,996fbbcf-8861-11f1-8ee0-b48c9db4e1b4,10,"[0, 0, 1, 0]",1,0,0,,0.25,4
2682,996fbbcf-8861-11f1-8ee0-b48c9db4e1b4,10,"[0, 0, 1, 0]",2,1,1,,0.25,4
2683,996fbbcf-8861-11f1-8ee0-b48c9db4e1b4,10,"[0, 0, 1, 0]",3,0,0,,0.25,4
2684,996fbbcf-8861-11f1-8ee0-b48c9db4e1b4,11,"[0, 0, 1, 0]",0,0,0,,0.25,4
2685,996fbbcf-8861-11f1-8ee0-b48c9db4e1b4,11,"[0, 0, 1, 0]",1,0,0,,0.25,4
2686,996fbbcf-8861-11f1-8ee0-b48c9db4e1b4,11,"[0, 0, 1, 0]",2,1,1,,0.25,4
2687,996fbbcf-8861-11f1-8ee0-b48c9db4e1b4,11,"[0, 0, 1, 0]",3,0,0,,0.25,4
2688,996fbbcf-8861-11f1-8ee0-b48c9db4e1b4,12,"[0, 0, 1, 0]",0,0,0,,0.25,4
2689,996fbbcf-8861-11f1-8ee0-b48c9db4e1b4,12,"[0, 0, 1, 0]",1,0,0,,0.25,4
2690,996fbbcf-8861-11f1-8ee0-b48c9db4e1b4,12,"[0, 0, 1, 0]",2,1,1,,0.25,4
2691,996fbbcf-8861-11f1-8ee0-b48c9db4e1b4,12,"[0, 0, 1, 0]",3,0,0,,0.25,4
2692,996fbbcf-8861-11f1-8ee0-b48c9db4e1b4,13,"[0, 0, 1, 0]",0,0,0,,0.25,4
2693,996fbbcf-8861-11f1-8ee0-b48c9db4e1b4,13,"[0, 0, 1, 0]",1,0,0,,0.25,4
2694,996fbbcf-8861-11f1-8ee0-b48c9db4e1b4,13,"[0, 0, 1, 0]",2,1,1,,0.25,4
2695,996fbbcf-8861-11f1-8ee0-b48c9db4e1b4,13,"[0, 0, 1, 0]",3,0,0,,0.25,4
2696,996fbbcf-8861-11f1-8ee0-b48c9db4e1b4,14,"[0, 0, 1, 0]",0,0,0,,0.25,4
2697,996fbbcf-8861-11f1-8ee0-b48c9db4e1b4,14,"[0, 0, 1, 0]",1,0,0,,0.25,4
2698,996fbbcf-8861-11f1-8ee0-b48c9db4e1b4,14,"[0, 0, 1, 0]",2,1,1,,0.25,4
2699,996fbbcf-8861-11f1-8ee0-b48c9db4e1b4,14,"[0, 0, 1, 0]",3,0,0,,0.25,4
2700,996fbbcf-8861-11f1-8ee0-b48c9db4e1b4,15,"[0, 0, 1, 0]",0,0,0,,0.25,4
2701,996fbbcf-8861-11f1-8ee0-b48c9db4e1b4,15,"[0, 0, 1, 0]",1,0,0,,0.25,4
2702,996fbbcf-8861-11f1-8ee0-b48c9db4e1b4,15,"[0, 0, 1, 0]",2,1,1,,0.25,4
2703,996fbbcf-8861-11f1-8ee0-b48c9db4e1b4,15,"[0, 0, 1, 0]",3,0,0,,0.25,4
2704,996fbbcf-8861-11f1-8ee0-b48c9db4e1b4,16,"[0, 0, 1, 0]",0,0,0,,0.25,4
2705,996fbbcf-8861-11f1-8ee0-b48c9db4e1b4,16,"[0, 0, 1, 0]",1,0,0,,0.25,4
2706,996fbbcf-8861-11f1-8ee0-b48c9db4e1b4,16,"[0, 0, 1, 0]",2,1,1,,0.25,4
2707,996fbbcf-8861-11f1-8ee0-b48c9db4e1b4,16,"[0, 0, 1, 0]",3,0,0,,0.25,4
2708,996fbbcf-8861-11f1-8ee0-b48c9db4e1b4,17,"[0, 0, 1, 0]",0,0,0,,0.25,4
2709,996fbbcf-8861-11f1-8ee0-b48c9db4e1b4,17,"[0, 0, 1, 0]",1,0,0,,0.25,4
2710,996fbbcf-8861-11f1-8ee0-b48c9db4e1b4,17,"[0, 0, 1, 0]",2,1,1,,0.25,4
2711,996fbbcf-8861-11f1-8ee0-b48c9db4e1b4,17,"[0, 0, 1, 0]",3,0,0,,0.25,4
2712,996fbbcf-8861-11f1-8ee0-b48c9db4e1b4,18,"[0, 0, 1, 0]",0,0,0,,0.25,4
2713,996fbbcf-8861-11f1-8ee0-b48c9db4e1b4,18,"[0, 0, 1, 0]",1,0,0,,0.25,4
2714,996fbbcf-8861-11f1-8ee0-b48c9db4e1b4,18,"[0, 0, 1, 0]",2,1,1,,0.25,4
2715,996fbbcf-8861-11f1-8ee0-b48c9db4e1b4,18,"[0, 0, 1, 0]",3,0,0,,0.25,4
2716,996fbbcf-8861-11f1-8ee0-b48c9db4e1b4,19,"[0, 0, 1, 0]",0,0,0,,0.25,4
2717,996fbbcf-8861-11f1-8ee0-b48c9db4e1b4,19,"[0, 0, 1, 0]",1,0,0,,0.25,4
2718,996fbbcf-8861-11f1-8ee0-b48c9db4e1b4,19,"[0, 0, 1, 0]",2,1,1,,0.25,4
2719,996fbbcf-8861-11f1-8ee0-b48c9db4e1b4,19,"[0, 0, 1, 0]",3,0,0,,0.25,4
2720,9973539b-8861-11f1-a5d6-b48c9db4e1b4,0,"[0, 1, 1, 1]",0,0,0,,0.25,4
2721,9973539b-8861-11f1-a5d6-b48c9db4e1b4,0,"[0, 1, 1, 1]",1,1,-1,,0.25,4
2722,9973539b-8861-11f1-a5d6-b48c9db4e1b4,0,"[0, 1, 1, 1]",2,1,-1,,0.25,4
2723,9973539b-8861-11f1-a5d6-b48c9db4e1b4,0,"[0, 1, 1, 1]",3,1,-1,,0.25,4
2724,9973539b-8861-11f1-a5d6-b48c9db4e1b4,1,"[0, 0, 1, 0]",0,0,0,,0.25,4
2725,9973539b-8861-11f1-a5d6-b48c9db4e1b4,1,"[0, 0, 1, 0]",1,0,0,,0.25,4
2726,9973539b-8861-11f1-a5d6-b48c9db4e1b4,1,"[0, 0, 1, 0]",2,1,1,,0.25,4
2727,9973539b-8861-11f1-a5d6-b48c9db4e1b4,1,"[0, 0, 1, 0]",3,0,0,,0.25,4
2728,9973539b-8861-11f1-a5d6-b48c9db4e1b4,2,"[0, 0, 1, 0]",0,0,0,,0.25,4
2729,9973539b-8861-11f1-a5d6-b48c9db4e1b4,2,"[0, 0, 1, 0]",1,0,0,,0.25,4
2730,9973539b-8861-11f1-a5d6-b48c9db4e1b4,2,"[0, 0, 1, 0]",2,1,1,,0.25,4
2731,9973539b-8861-11f1-a5d6-b48c9db4e1b4,2,"[0, 0, 1, 0]",3,0,0,,0.25,4
2732,9973539b-8861-11f1-a5d6-b48c9db4e1b4,3,"[0, 0, 1, 0]",0,0,0,,0.25,4
2733,9973539b-8861-11f1-a5d6-b48c9db4e1b4,3,"[0, 0, 1, 0]",1,0,0,,0.25,4
2734,9973539b-8861-11f1-a5d6-b48c9db4e1b4,3,"[0, 0, 1, 0]",2,1,1,,0.25,4
2735,9973539b-8861-11f1-a5d6-b48c9db4e1b4,3,"[0, 0, 1, 0]",3,0,0,,0.25,4
2736,9973539b-8861-11f1-a5d6-b48c9db4e1b4,4,"[0, 0, 1, 0]",0,0,0,,0.25,4
2737,9973539b-8861-11f1-a5d6-b48c9db4e1b4,4,"[0, 0, 1, 0]",1,0,0,,0.25,4
2738,9973539b-8861-11f1-a5d6-b48c9db4e1b4,4,"[0, 0, 1, 0]",2,1,1,,0.25,4
2739,9973539b-8861-11f1-a5d6-b48c9db4e1b4,4,"[0, 0, 1, 0]",3,0,0,,0.25,4
2740,9973539b-8861-11f1-a5d6-b48c9db4e1b4,5,"[0, 0, 1, 0]",0,0,0,,0.25,4
2741,9973539b-8861-11f1-a5d6-b48c9db4e1b4,5,"[0, 0, 1, 0]",1,0,0,,0.25,4
2742,9973539b-8861-11f1-a5d6-b48c9db4e1b4,5,"[0, 0, 1, 0]",2,1,1,,0.25,4
2743,9973539b-8861-11f1-a5d6-b48c9db4e1b4,5,"[0, 0, 1, 0]",3,0,0,,0.25,4
2744,9973539b-8861-11f1-a5d6-b48c9db4e1b4,6,"[0, 0, 1, 0]",0,0,0,,0.25,4
2745,9973539b-8861-11f1-a5d6-b48c9db4e1b4,6,"[0, 0, 1, 0]",1,0,0,,0.25,4
2746,9973539b-8861-11f1-a5d6-b48c9db4e1b4,6,"[0, 0, 1, 0]",2,1,1,,0.25,4
2747,9973539b-8861-11f1-a5d6-b48c9db4e1b4,6,"[0, 0, 1, 0]",3,0,0,,0.25,4
2748,9973539b-8861-11f1-a5d6-b48c9db4e1b4,7,"[0, 0, 1, 0]",0,0,0,,0.25,4
2749,9973539b-8861-11f1-a5d6-b48c9db4e1b4,7,"[0, 0, 1, 0]",1,0,0,,0.25,4
2750,9973539b-8861-11f1-a5d6-b48c9db4e1b4,7,"[0, 0, 1, 0]",2,1,1,,0.25,4
2751,9973539b-8861-11f1-a5d6-b48c9db4e1b4,7,"[0, 0, 1, 0]",3,0,0,,0.25,4
2752,9973539b-8861-11f1-a5d6-b48c9db4e1b4,8,"[0, 0, 1, 0]",0,0,0,,0.25,4
2753,9973539b-8861-11f1-a5d6-b48c9db4e1b4,8,"[0, 0, 1, 0]",1,0,0,,0.25,4
2754,9973539b-8861-11f1-a5d6-b48c9db4e1b4,8,"[0, 0, 1, 0]",2,1,1,,0.25,4
2755,9973539b-8861-11f1-a5d6-b48c9db4e1b4,8,"[0, 0, 1, 0]",3,0,0,,0.25,4
2756,9973539b-8861-11f1-a5d6-b48c9db4e1b4,9,"[0, 0, 1, 0]",0,0,0,,0.25,4
2757,9973539b-8861-11f1-a5d6-b48c9db4e1b4,9,"[0, 0, 1, 0]",1,0,0,,0.25,4
2758,9973539b-8861-11f1-a5d6-b48c9db4e1b4,9,"[0, 0, 1, 0]",2,1,1,,0.25,4
2759,9973539b-8861-11f1-a5d6-b48c9db4e1b4,9,"[0, 0, 1, 0]",3,0,0,,0.25,4
2760,9973539b-8861-11f1-a5d6-b48c9db4e1b4,10,"[0, 0, 1, 0]",0,0,0,,0.25,4
2761,9973539b-8861-11f1-a5d6-b48c9db4e1b4,10,"[0, 0, 1, 0]",1,0,0,,0.25,4
2762,9973539b-8861-11f1-a5d6-b48c9db4e1b4,10,"[0, 0, 1, 0]",2,1,1,,0.25,4
2763,9973539b-8861-11f1-a5d6-b48c9db4e1b4,10,"[0, 0, 1, 0]",3,0,0,,0.25,4
2764,9973539b-8861-11f1-a5d6-b48c9db4e1b4,11,"[0, 0, 1, 0]",0,0,0,,0.25,4
2765,9973539b-8861-11f1-a5d6-b48c9db4e1b4,11,"[0, 0, 1, 0]",1,0,0,,0.25,4
2766,9973539b-8861-11f1-a5d6-b48c9db4e1b4,11,"[0, 0, 1, 0]",2,1,1,,0.25,4
2767,9973539b-8861-11f1-a5d6-b48c9db4e1b4,11,"[0, 0, 1, 0]",3,0,0,,0.25,4
2768,9973539b-8861-11f1-a5d6-b48c9db4e1b4,12,"[0, 0, 1, 0]",0,0,0,,0.25,4
2769,9973539b-8861-11f1-a5d6-b48c9db4e1b4,12,"[0, 0, 1, 0]",1,0,0,,0.25,4
2770,9973539b-8861-11f1-a5d6-b48c9db4e1b4,12,"[0, 0, 1, 0]",2,1,1,,0.25,4
2771,9973539b-8861-11f1-a5d6-b48c9db4e1b4,12,"[0, 0, 1, 0]",3,0,0,,0.25,4
2772,9973539b-8861-11f1-a5d6-b48c9db4e1b4,13,"[0, 0, 1, 0]",0,0,0,,0.25,4
2773,9973539b-8861-11f1-a5d6-b48c9db4e1b4,13,"[0, 0, 1, 0]",1,0,0,,0.25,4
2774,9973539b-8861-11f1-a5d6-b48c9db4e1b4,13,"[0, 0, 1, 0]",2,1,1,,0.25,4
2775,9973539b-8861-11f1-a5d6-b48c9db4e1b4,13,"[0, 0, 1, 0]",3,0,0,,0.25,4
2776,9973539b-8861-11f1-a5d6-b48c9db4e1b4,14,"[0, 0, 1, 0]",0,0,0,,0.25,4
2777,9973539b-8861-11f1-a5d6-b48c9db4e1b4,14,"[0, 0, 1, 0]",1,0,0,,0.25,4
2778,9973539b-8861-11f1-a5d6-b48c9db4e1b4,14,"[0, 0, 1, 0]",2,1,1,,0.25,4
2779,9973539b-8861-11f1-a5d6-b48c9db4e1b4,14,"[0, 0, 1, 0]",3,0,0,,0.25,4
2780,9973539b-8861-11f1-a5d6-b48c9db4e1b4,15,"[0, 0, 1, 0]",0,0,0,,0.25,4
2781,9973539b-8861-11f1-a5d6-b48c9db4e1b4,15,"[0, 0, 1, 0]",1,0,0,,0.25,4
2782,9973539b-8861-11f1-a5d6-b48c9db4e1b4,15,"[0, 0, 1, 0]",2,1,1,,0.25,4
2783,9973539b-8861-11f1-a5d6-b48c9db4e1b4,15,"[0, 0, 1, 0]",3,0,0,,0.25,4
2784,9973539b-8861-11f1-a5d6-b48c9db4e1b4,16,"[0, 0, 1, 0]",0,0,0,,0.25,4
2785,9973539b-8861-11f1-a5d6-b48c9db4e1b4,16,"[0, 0, 1, 0]",1,0,0,,0.25,4
2786,9973539b-8861-11f1-a5d6-b48c9db4e1b4,16,"[0, 0, 1, 0]",2,1,1,,0.25,4
2787,9973539b-8861-11f1-a5d6-b48c9db4e1b4,16,"[0, 0, 1, 0]",3,0,0,,0.25,4
2788,9973539b-8861-11f1-a5d6-b48c9db4e1b4,17,"[0, 0, 1, 0]",0,0,0,,0.25,4
2789,9973539b-8861-11f1-a5d6-b48c9db4e1b4,17,"[0, 0, 1, 0]",1,0,0,,0.25,4
2790,9973539b-8861-11f1-a5d6-b48c9db4e1b4,17,"[0, 0, 1, 0]",2,1,1,,0.25,4
2791,9973539b-8861-11f1-a5d6-b48c9db4e1b4,17,"[0, 0, 1, 0]",3,0,0,,0.25,4
2792,9973539b-8861-11f1-a5d6-b48c9db4e1b4,18,"[0, 0, 1, 0]",0,0,0,,0.25,4
2793,9973539b-8861-11f1-a5d6-b48c9db4e1b4,18,"[0, 0, 1, 0]",1,0,0,,0.25,4
2794,9973539b-8861-11f1-a5d6-b48c9db4e1b4,18,"[0, 0, 1, 0]",2,1,1,,0.25,4
2795,9973539b-8861-11f1-a5d6-b48c9db4e1b4,18,"[0, 0, 1, 0]",3,0,0,,0.25,4
2796,9973539b-8861-11f1-a5d6-b48c9db4e1b4,19,"[0, 0, 1, 0]",0,0,0,,0.25,4
2797,9973539b-8861-11f1-a5d6-b48c9db4e1b4,19,"[0, 0, 1, 0]",1,0,0,,0.25,4
2798,9973539b-8861-11f1-a5d6-b48c9db4e1b4,19,"[0, 0, 1, 0]",2,1,1,,0.25,4
2799,9973539b-8861-11f1-a5d6-b48c9db4e1b4,19,"[0, 0, 1, 0]",3,0,0,,0.25,4
2800,9976aa11-8861-11f1-91d6-b48c9db4e1b4,0,"[0, 0, 0, 1]",0,0,0,,0.25,4
2801,9976aa11-8861-11f1-91d6-b48c9db4e1b4,0,"[0, 0, 0, 1]",1,0,0,,0.25,4
2802,9976aa11-8861-11f1-91d6-b48c9db4e1b4,0,"[0, 0, 0, 1]",2,0,0,,0.25,4
2803,9976aa11-8861-11f1-91d6-b48c9db4e1b4,0,"[0, 0, 0, 1]",3,1,1,,0.25,4
2804,9976aa11-8861-11f1-91d6-b48c9db4e1b4,1,"[0, 0, 1, 0]",0,0,0,,0.25,4
2805,9976aa11-8861-11f1-91d6-b48c9db4e1b4,1,"[0, 0, 1, 0]",1,0,0,,0.25,4
2806,9976aa11-8861-11f1-91d6-b48c9db4e1b4,1,"[0, 0, 1, 0]",2,1,1,,0.25,4
2807,9976aa11-8861-11f1-91d6-b48c9db4e1b4,1,"[0, 0, 1, 0]",3,0,0,,0.25,4
2808,9976aa11-8861-11f1-91d6-b48c9db4e1b4,2,"[0, 0, 1, 0]",0,0,0,,0.25,4
2809,9976aa11-8861-11f1-91d6-b48c9db4e1b4,2,"[0, 0, 1, 0]",1,0,0,,0.25,4
2810,9976aa11-8861-11f1-91d6-b48c9db4e1b4,2,"[0, 0, 1, 0]",2,1,1,,0.25,4
2811,9976aa11-8861-11f1-91d6-b48c9db4e1b4,2,"[0, 0, 1, 0]",3,0,0,,0.25,4
2812,9976aa11-8861-11f1-91d6-b48c9db4e1b4,3,"[0, 0, 1, 0]",0,0,0,,0.25,4
2813,9976aa11-8861-11f1-91d6-b48c9db4e1b4,3,"[0, 0, 1, 0]",1,0,0,,0.25,4
2814,9976aa11-8861-11f1-91d6-b48c9db4e1b4,3,"[0, 0, 1, 0]",2,1,1,,0.25,4
2815,9976aa11-8861-11f1-91d6-b48c9db4e1b4,3,"[0, 0, 1, 0]",3,0,0,,0.25,4
2816,9976aa11-8861-11f1-91d6-b48c9db4e1b4,4,"[0, 0, 1, 0]",0,0,0,,0.25,4
2817,9976aa11-8861-11f1-91d6-b48c9db4e1b4,4,"[0, 0, 1, 0]",1,0,0,,0.25,4
2818,9976aa11-8861-11f1-91d6-b48c9db4e1b4,4,"[0, 0, 1, 0]",2,1,1,,0.25,4
2819,9976aa11-8861-11f1-91d6-b48c9db4e1b4,4,"[0, 0, 1, 0]",3,0,0,,0.25,4
2820,9976aa11-8861-11f1-91d6-b48c9db4e1b4,5,"[0, 0, 1, 0]",0,0,0,,0.25,4
2821,9976aa11-8861-11f1-91d6-b48c9db4e1b4,5,"[0, 0, 1, 0]",1,0,0,,0.25,4
2822,9976aa11-8861-11f1-91d6-b48c9db4e1b4,5,"[0, 0, 1, 0]",2,1,1,,0.25,4
2823,9976aa11-8861-11f1-91d6-b48c9db4e1b4,5,"[0, 0, 1, 0]",3,0,0,,0.25,4
2824,9976aa11-8861-11f1-91d6-b48c9db4e1b4,6,"[0, 0, 1, 0]",0,0,0,,0.25,4
2825,9976aa11-8861-11f1-91d6-b48c9db4e1b4,6,"[0, 0, 1, 0]",1,0,0,,0.25,4
2826,9976aa11-8861-11f1-91d6-b48c9db4e1b4,6,"[0, 0, 1, 0]",2,1,1,,0.25,4
2827,9976aa11-8861-11f1-91d6-b48c9db4e1b4,6,"[0, 0, 1, 0]",3,0,0,,0.25,4
2828,9976aa11-8861-11f1-91d6-b48c9db4e1b4,7,"[0, 0, 1, 0]",0,0,0,,0.25,4
2829,9976aa11-8861-11f1-91d6-b48c9db4e1b4,7,"[0, 0, 1, 0]",1,0,0,,0.25,4
2830,9976aa11-8861-11f1-91d6-b48c9db4e1b4,7,"[0, 0, 1, 0]",2,1,1,,0.25,4
2831,9976aa11-8861-11f1-91d6-b48c9db4e1b4,7,"[0, 0, 1, 0]",3,0,0,,0.25,4
2832,9976aa11-8861-11f1-91d6-b48c9db4e1b4,8,"[0, 0, 1, 0]",0,0,0,,0.25,4
2833,9976aa11-8861-11f1-91d6-b48c9db4e1b4,8,"[0, 0, 1, 0]",1,0,0,,0.25,4
2834,9976aa11-8861-11f1-91d6-b48c9db4e1b4,8,"[0, 0, 1, 0]",2,1,1,,0.25,4
2835,9976aa11-8861-11f1-91d6-b48c9db4e1b4,8,"[0, 0, 1, 0]",3,0,0,,0.25,4
2836,9976aa11-8861-11f1-91d6-b48c9db4e1b4,9,"[0, 0, 1, 0]",0,0,0,,0.25,4
2837,9976aa11-8861-11f1-91d6-b48c9db4e1b4,9,"[0, 0, 1, 0]",1,0,0,,0.25,4
2838,9976aa11-8861-11f1-91d6-b48c9db4e1b4,9,"[0, 0, 1, 0]",2,1,1,,0.25,4
2839,9976aa11-8861-11f1-91d6-b48c9db4e1b4,9,"[0, 0, 1, 0]",3,0,0,,0.25,4
2840,9976aa11-8861-11f1-91d6-b48c9db4e1b4,10,"[0, 0, 1, 0]",0,0,0,,0.25,4
2841,9976aa11-8861-11f1-91d6-b48c9db4e1b4,10,"[0, 0, 1, 0]",1,0,0,,0.25,4
2842,9976aa11-8861-11f1-91d6-b48c9db4e1b4,10,"[0, 0, 1, 0]",2,1,1,,0.25,4
2843,9976aa11-8861-11f1-91d6-b48c9db4e1b4,10,"[0, 0, 1, 0]",3,0,0,,0.25,4
2844,9976aa11-8861-11f1-91d6-b48c9db4e1b4,11,"[0, 0, 1, 0]",0,0,0,,0.25,4
2845,9976aa11-8861-11f1-91d6-b48c9db4e1b4,11,"[0, 0, 1, 0]",1,0,0,,0.25,4
2846,9976aa11-8861-11f1-91d6-b48c9db4e1b4,11,"[0, 0, 1, 0]",2,1,1,,0.25,4
2847,9976aa11-8861-11f1-91d6-b48c9db4e1b4,11,"[0, 0, 1, 0]",3,0,0,,0.25,4
2848,9976aa11-8861-11f1-91d6-b48c9db4e1b4,12,"[0, 0, 1, 0]",0,0,0,,0.25,4
2849,9976aa11-8861-11f1-91d6-b48c9db4e1b4,12,"[0, 0, 1, 0]",1,0,0,,0.25,4
2850,9976aa11-8861-11f1-91d6-b48c9db4e1b4,12,"[0, 0, 1, 0]",2,1,1,,0.25,4
2851,9976aa11-8861-11f1-91d6-b48c9db4e1b4,12,"[0, 0, 1, 0]",3,0,0,,0.25,4
2852,9976aa11-8861-11f1-91d6-b48c9db4e1b4,13,"[0, 0, 1, 0]",0,0,0,,0.25,4
2853,9976aa11-8861-11f1-91d6-b48c9db4e1b4,13,"[0, 0, 1, 0]",1,0,0,,0.25,4
2854,9976aa11-8861-11f1-91d6-b48c9db4e1b4,13,"[0, 0, 1, 0]",2,1,1,,0.25,4
2855,9976aa11-8861-11f1-91d6-b48c9db4e1b4,13,"[0, 0, 1, 0]",3,0,0,,0.25,4
2856,9976aa11-8861-11f1-91d6-b48c9db4e1b4,14,"[0, 0, 1, 0]",0,0,0,,0.25,4
2857,9976aa11-8861-11f1-91d6-b48c9db4e1b4,14,"[0, 0, 1, 0]",1,0,0,,0.25,4
2858,9976aa11-8861-11f1-91d6-b48c9db4e1b4,14,"[0, 0, 1, 0]",2,1,1,,0.25,4
2859,9976aa11-8861-11f1-91d6-b48c9db4e1b4,14,"[0, 0, 1, 0]",3,0,0,,0.25,4
2860,9976aa11-8861-11f1-91d6-b48c9db4e1b4,15,"[0, 0, 1, 0]",0,0,0,,0.25,4
2861,9976aa11-8861-11f1-91d6-b48c9db4e1b4,15,"[0, 0, 1, 0]",1,0,0,,0.25,4
2862,9976aa11-8861-11f1-91d6-b48c9db4e1b4,15,"[0, 0, 1, 0]",2,1,1,,0.25,4
2863,9976aa11-8861-11f1-91d6-b48c9db4e1b4,15,"[0, 0, 1, 0]",3,0,0,,0.25,4
2864,9976aa11-8861-11f1-91d6-b48c9db4e1b4,16,"[0, 0, 1, 0]",0,0,0,,0.25,4
2865,9976aa11-8861-11f1-91d6-b48c9db4e1b4,16,"[0, 0, 1, 0]",1,0,0,,0.25,4
2866,9976aa11-8861-11f1-91d6-b48c9db4e1b4,16,"[0, 0, 1, 0]",2,1,1,,0.25,4
2867,9976aa11-8861-11f1-91d6-b48c9db4e1b4,16,"[0, 0, 1, 0]",3,0,0,,0.25,4
2868,9976aa11-8861-11f1-91d6-b48c9db4e1b4,17,"[0, 0, 1, 0]",0,0,0,,0.25,4
2869,9976aa11-8861-11f1-91d6-b48c9db4e1b4,17,"[0, 0, 1, 0]",1,0,0,,0.25,4
2870,9976aa11-8861-11f1-91d6-b48c9db4e1b4,17,"[0, 0, 1, 0]",2,1,1,,0.25,4
2871,9976aa11-8861-11f1-91d6-b48c9db4e1b4,17,"[0, 0, 1, 0]",3,0,0,,0.25,4
2872,9976aa11-8861-11f1-91d6-b48c9db4e1b4,18,"[0, 0, 1, 0]",0,0,0,,0.25,4
2873,9976aa11-8861-11f1-91d6-b48c9db4e1b4,18,"[0, 0, 1, 0]",1,0,0,,0.25,4
2874,9976aa11-8861-11f1-91d6-b48c9db4e1b4,18,"[0, 0, 1, 0]",2,1,1,,0.25,4
2875,9976aa11-8861-11f1-91d6-b48c9db4e1b4,18,"[0, 0, 1, 0]",3,0,0,,0.25,4
2876,9976aa11-8861-11f1-91d6-b48c9db4e1b4,19,"[0, 0, 1, 0]",0,0,0,,0.25,4
2877,9976aa11-8861-11f1-91d6-b48c9db4e1b4,19,"[0, 0, 1, 0]",1,0,0,,0.25,4
2878,9976aa11-8861-11f1-91d6-b48c9db4e1b4,19,"[0, 0, 1, 0]",2,1,1,,0.25,4
2879,9976aa11-8861-11f1-91d6-b48c9db4e1b4,19,"[0, 0, 1, 0]",3,0,0,,0.25,4
2880,997a337c-8861-11f1-9a28-b48c9db4e1b4,0,"[0, 0, 0, 0]",0,0,0,,0.25,4
2881,997a337c-8861-11f1-9a28-b48c9db4e1b4,0,"[0, 0, 0, 0]",1,0,0,,0.25,4
2882,997a337c-8861-11f1-9a28-b48c9db4e1b4,0,"[0, 0, 0, 0]",2,0,0,,0.25,4
2883,997a337c-8861-11f1-9a28-b48c9db4e1b4,0,"[0, 0, 0, 0]",3,0,0,,0.25,4
2884,997a337c-8861-11f1-9a28-b48c9db4e1b4,1,"[0, 0, 1, 0]",0,0,0,,0.25,4
2885,997a337c-8861-11f1-9a28-b48c9db4e1b4,1,"[0, 0, 1, 0]",1,0,0,,0.25,4
2886,997a337c-8861-11f1-9a28-b48c9db4e1b4,1,"[0, 0, 1, 0]",2,1,1,,0.25,4
2887,997a337c-8861-11f1-9a28-b48c9db4e1b4,1,"[0, 0, 1, 0]",3,0,0,,0.25,4
2888,997a337c-8861-11f1-9a28-b48c9db4e1b4,2,"[0, 0, 1, 0]",0,0,0,,0.25,4
2889,997a337c-8861-11f1-9a28-b48c9db4e1b4,2,"[0, 0, 1, 0]",1,0,0,,0.25,4
2890,997a337c-8861-11f1-9a28-b48c9db4e1b4,2,"[0, 0, 1, 0]",2,1,1,,0.25,4
2891,997a337c-8861-11f1-9a28-b48c9db4e1b4,2,"[0, 0, 1, 0]",3,0,0,,0.25,4
2892,997a337c-8861-11f1-9a28-b48c9db4e1b4,3,"[0, 0, 1, 0]",0,0,0,,0.25,4
2893,997a337c-8861-11f1-9a28-b48c9db4e1b4,3,"[0, 0, 1, 0]",1,0,0,,0.25,4
2894,997a337c-8861-11f1-9a28-b48c9db4e1b4,3,"[0, 0, 1, 0]",2,1,1,,0.25,4
2895,997a337c-8861-11f1-9a28-b48c9db4e1b4,3,"[0, 0, 1, 0]",3,0,0,,0.25,4
2896,997a337c-8861-11f1-9a28-b48c9db4e1b4,4,"[0, 0, 1, 0]",0,0,0,,0.25,4
2897,997a337c-8861-11f1-9a28-b48c9db4e1b4,4,"[0, 0, 1, 0]",1,0,0,,0.25,4
2898,997a337c-8861-11f1-9a28-b48c9db4e1b4,4,"[0, 0, 1, 0]",2,1,1,,0.25,4
2899,997a337c-8861-11f1-9a28-b48c9db4e1b4,4,"[0, 0, 1, 0]",3,0,0,,0.25,4
2900,997a337c-8861-11f1-9a28-b48c9db4e1b4,5,"[0, 0, 1, 0]",0,0,0,,0.25,4
2901,997a337c-8861-11f1-9a28-b48c9db4e1b4,5,"[0, 0, 1, 0]",1,0,0,,0.25,4
2902,997a337c-8861-11f1-9a28-b48c9db4e1b4,5,"[0, 0, 1, 0]",2,1,1,,0.25,4
2903,997a337c-8861-11f1-9a28-b48c9db4e1b4,5,"[0, 0, 1, 0]",3,0,0,,0.25,4
2904,997a337c-8861-11f1-9a28-b48c9db4e1b4,6,"[0, 0, 1, 0]",0,0,0,,0.25,4
2905,997a337c-8861-11f1-9a28-b48c9db4e1b4,6,"[0, 0, 1, 0]",1,0,0,,0.25,4
2906,997a337c-8861-11f1-9a28-b48c9db4e1b4,6,"[0, 0, 1, 0]",2,1,1,,0.25,4
2907,997a337c-8861-11f1-9a28-b48c9db4e1b4,6,"[0, 0, 1, 0]",3,0,0,,0.25,4
2908,997a337c-8861-11f1-9a28-b48c9db4e1b4,7,"[0, 0, 1, 0]",0,0,0,,0.25,4
2909,997a337c-8861-11f1-9a28-b48c9db4e1b4,7,"[0, 0, 1, 0]",1,0,0,,0.25,4
2910,997a337c-8861-11f1-9a28-b48c9db4e1b4,7,"[0, 0, 1, 0]",2,1,1,,0.25,4
2911,997a337c-8861-11f1-9a28-b48c9db4e1b4,7,"[0, 0, 1, 0]",3,0,0,,0.25,4
2912,997a337c-8861-11f1-9a28-b48c9db4e1b4,8,"[0, 0, 1, 0]",0,0,0,,0.25,4
2913,997a337c-8861-11f1-9a28-b48c9db4e1b4,8,"[0, 0, 1, 0]",1,0,0,,0.25,4
2914,997a337c-8861-11f1-9a28-b48c9db4e1b4,8,"[0, 0, 1, 0]",2,1,1,,0.25,4
2915,997a337c-8861-11f1-9a28-b48c9db4e1b4,8,"[0, 0, 1, 0]",3,0,0,,0.25,4
2916,997a337c-8861-11f1-9a28-b48c9db4e1b4,9,"[0, 0, 1, 0]",0,0,0,,0.25,4
2917,997a337c-8861-11f1-9a28-b48c9db4e1b4,9,"[0, 0, 1, 0]",1,0,0,,0.25,4
2918,997a337c-8861-11f1-9a28-b48c9db4e1b4,9,"[0, 0, 1, 0]",2,1,1,,0.25,4
2919,997a337c-8861-11f1-9a28-b48c9db4e1b4,9,"[0, 0, 1, 0]",3,0,0,,0.25,4
2920,997a337c-8861-11f1-9a28-b48c9db4e1b4,10,"[0, 0, 1, 0]",0,0,0,,0.25,4
2921,997a337c-8861-11f1-9a28-b48c9db4e1b4,10,"[0, 0, 1, 0]",1,0,0,,0.25,4
2922,997a337c-8861-11f1-9a28-b48c9db4e1b4,10,"[0, 0, 1, 0]",2,1,1,,0.25,4
2923,997a337c-8861-11f1-9a28-b48c9db4e1b4,10,"[0, 0, 1, 0]",3,0,0,,0.25,4
2924,997a337c-8861-11f1-9a28-b48c9db4e1b4,11,"[0, 0, 1, 0]",0,0,0,,0.25,4
2925,997a337c-8861-11f1-9a28-b48c9db4e1b4,11,"[0, 0, 1, 0]",1,0,0,,0.25,4
2926,997a337c-8861-11f1-9a28-b48c9db4e1b4,11,"[0, 0, 1, 0]",2,1,1,,0.25,4
2927,997a337c-8861-11f1-9a28-b48c9db4e1b4,11,"[0, 0, 1, 0]",3,0,0,,0.25,4
2928,997a337c-8861-11f1-9a28-b48c9db4e1b4,12,"[0, 0, 1, 0]",0,0,0,,0.25,4
2929,997a337c-8861-11f1-9a28-b48c9db4e1b4,12,"[0, 0, 1, 0]",1,0,0,,0.25,4
2930,997a337c-8861-11f1-9a28-b48c9db4e1b4,12,"[0, 0, 1, 0]",2,1,1,,0.25,4
2931,997a337c-8861-11f1-9a28-b48c9db4e1b4,12,"[0, 0, 1, 0]",3,0,0,,0.25,4
2932,997a337c-8861-11f1-9a28-b48c9db4e1b4,13,"[0, 0, 1, 0]",0,0,0,,0.25,4
2933,997a337c-8861-11f1-9a28-b48c9db4e1b4,13,"[0, 0, 1, 0]",1,0,0,,0.25,4
2934,997a337c-8861-11f1-9a28-b48c9db4e1b4,13,"[0, 0, 1, 0]",2,1,1,,0.25,4
2935,997a337c-8861-11f1-9a28-b48c9db4e1b4,13,"[0, 0, 1, 0]",3,0,0,,0.25,4
2936,997a337c-8861-11f1-9a28-b48c9db4e1b4,14,"[0, 0, 1, 0]",0,0,0,,0.25,4
2937,997a337c-8861-11f1-9a28-b48c9db4e1b4,14,"[0, 0, 1, 0]",1,0,0,,0.25,4
2938,997a337c-8861-11f1-9a28-b48c9db4e1b4,14,"[0, 0, 1, 0]",2,1,1,,0.25,4
2939,997a337c-8861-11f1-9a28-b48c9db4e1b4,14,"[0, 0, 1, 0]",3,0,0,,0.25,4
2940,997a337c-8861-11f1-9a28-b48c9db4e1b4,15,"[0, 0, 1, 0]",0,0,0,,0.25,4
2941,997a337c-8861-11f1-9a28-b48c9db4e1b4,15,"[0, 0, 1, 0]",1,0,0,,0.25,4
2942,997a337c-8861-11f1-9a28-b48c9db4e1b4,15,"[0, 0, 1, 0]",2,1,1,,0.25,4
2943,997a337c-8861-11f1-9a28-b48c9db4e1b4,15,"[0, 0, 1, 0]",3,0,0,,0.25,4
2944,997a337c-8861-11f1-9a28-b48c9db4e1b4,16,"[0, 0, 1, 0]",0,0,0,,0.25,4
2945,997a337c-8861-11f1-9a28-b48c9db4e1b4,16,"[0, 0, 1, 0]",1,0,0,,0.25,4
2946,997a337c-8861-11f1-9a28-b48c9db4e1b4,16,"[0, 0, 1, 0]",2,1,1,,0.25,4
2947,997a337c-8861-11f1-9a28-b48c9db4e1b4,16,"[0, 0, 1, 0]",3,0,0,,0.25,4
2948,997a337c-8861-11f1-9a28-b48c9db4e1b4,17,"[0, 0, 1, 0]",0,0,0,,0.25,4
2949,997a337c-8861-11f1-9a28-b48c9db4e1b4,17,"[0, 0, 1, 0]",1,0,0,,0.25,4
2950,997a337c-8861-11f1-9a28-b48c9db4e1b4,17,"[0, 0, 1, 0]",2,1,1,,0.25,4
2951,997a337c-8861-11f1-9a28-b48c9db4e1b4,17,"[0, 0, 1, 0]",3,0,0,,0.25,4
2952,997a337c-8861-11f1-9a28-b48c9db4e1b4,18,"[0, 0, 1, 0]",0,0,0,,0.25,4
2953,997a337c-8861-11f1-9a28-b48c9db4e1b4,18,"[0, 0, 1, 0]",1,0,0,,0.25,4
2954,997a337c-8861-11f1-9a28-b48c9db4e1b4,18,"[0, 0, 1, 0]",2,1,1,,0.25,4
2955,997a337c-8861-11f1-9a28-b48c9db4e1b4,18,"[0, 0, 1, 0]",3,0,0,,0.25,4
2956,997a337c-8861-11f1-9a28-b48c9db4e1b4,19,"[0, 0, 1, 0]",0,0,0,,0.25,4
2957,997a337c-8861-11f1-9a28-b48c9db4e1b4,19,"[0, 0, 1, 0]",1,0,0,,0.25,4
2958,997a337c-8861-11f1-9a28-b48c9db4e1b4,19,"[0, 0, 1, 0]",2,1,1,,0.25,4
2959,997a337c-8861-11f1-9a28-b48c9db4e1b4,19,"[0, 0, 1, 0]",3,0,0,,0.25,4
2960,997e3575-8861-11f1-8685-b48c9db4e1b4,0,"[0, 0, 0, 0]",0,0,0,,0.25,4
2961,997e3575-8861-11f1-8685-b48c9db4e1b4,0,"[0, 0, 0, 0]",1,0,0,,0.25,4
2962,997e3575-8861-11f1-8685-b48c9db4e1b4,0,"[0, 0, 0, 0]",2,0,0,,0.25,4
2963,997e3575-8861-11f1-8685-b48c9db4e1b4,0,"[0, 0, 0, 0]",3,0,0,,0.25,4
2964,997e3575-8861-11f1-8685-b48c9db4e1b4,1,"[0, 0, 1, 0]",0,0,0,,0.25,4
2965,997e3575-8861-11f1-8685-b48c9db4e1b4,1,"[0, 0, 1, 0]",1,0,0,,0.25,4
2966,997e3575-8861-11f1-8685-b48c9db4e1b4,1,"[0, 0, 1, 0]",2,1,1,,0.25,4
2967,997e3575-8861-11f1-8685-b48c9db4e1b4,1,"[0, 0, 1, 0]",3,0,0,,0.25,4
2968,997e3575-8861-11f1-8685-b48c9db4e1b4,2,"[0, 0, 1, 0]",0,0,0,,0.25,4
2969,997e3575-8861-11f1-8685-b48c9db4e1b4,2,"[0, 0, 1, 0]",1,0,0,,0.25,4
2970,997e3575-8861-11f1-8685-b48c9db4e1b4,2,"[0, 0, 1, 0]",2,1,1,,0.25,4
2971,997e3575-8861-11f1-8685-b48c9db4e1b4,2,"[0, 0, 1, 0]",3,0,0,,0.25,4
2972,997e3575-8861-11f1-8685-b48c9db4e1b4,3,"[0, 0, 1, 0]",0,0,0,,0.25,4
2973,997e3575-8861-11f1-8685-b48c9db4e1b4,3,"[0, 0, 1, 0]",1,0,0,,0.25,4
2974,997e3575-8861-11f1-8685-b48c9db4e1b4,3,"[0, 0, 1, 0]",2,1,1,,0.25,4
2975,997e3575-8861-11f1-8685-b48c9db4e1b4,3,"[0, 0, 1, 0]",3,0,0,,0.25,4
2976,997e3575-8861-11f1-8685-b48c9db4e1b4,4,"[0, 0, 1, 0]",0,0,0,,0.25,4
2977,997e3575-8861-11f1-8685-b48c9db4e1b4,4,"[0, 0, 1, 0]",1,0,0,,0.25,4
2978,997e3575-8861-11f1-8685-b48c9db4e1b4,4,"[0, 0, 1, 0]",2,1,1,,0.25,4
2979,997e3575-8861-11f1-8685-b48c9db4e1b4,4,"[0, 0, 1, 0]",3,0,0,,0.25,4
2980,997e3575-8861-11f1-8685-b48c9db4e1b4,5,"[0, 0, 1, 0]",0,0,0,,0.25,4
2981,997e3575-8861-11f1-8685-b48c9db4e1b4,5,"[0, 0, 1, 0]",1,0,0,,0.25,4
2982,997e3575-8861-11f1-8685-b48c9db4e1b4,5,"[0, 0, 1, 0]",2,1,1,,0.25,4
2983,997e3575-8861-11f1-8685-b48c9db4e1b4,5,"[0, 0, 1, 0]",3,0,0,,0.25,4
2984,997e3575-8861-11f1-8685-b48c9db4e1b4,6,"[0, 0, 1, 0]",0,0,0,,0.25,4
2985,997e3575-8861-11f1-8685-b48c9db4e1b4,6,"[0, 0, 1, 0]",1,0,0,,0.25,4
2986,997e3575-8861-11f1-8685-b48c9db4e1b4,6,"[0, 0, 1, 0]",2,1,1,,0.25,4
2987,997e3575-8861-11f1-8685-b48c9db4e1b4,6,"[0, 0, 1, 0]",3,0,0,,0.25,4
2988,997e3575-8861-11f1-8685-b48c9db4e1b4,7,"[0, 0, 1, 0]",0,0,0,,0.25,4
2989,997e3575-8861-11f1-8685-b48c9db4e1b4,7,"[0, 0, 1, 0]",1,0,0,,0.25,4
2990,997e3575-8861-11f1-8685-b48c9db4e1b4,7,"[0, 0, 1, 0]",2,1,1,,0.25,4
2991,997e3575-8861-11f1-8685-b48c9db4e1b4,7,"[0, 0, 1, 0]",3,0,0,,0.25,4
2992,997e3575-8861-11f1-8685-b48c9db4e1b4,8,"[0, 0, 1, 0]",0,0,0,,0.25,4
2993,997e3575-8861-11f1-8685-b48c9db4e1b4,8,"[0, 0, 1, 0]",1,0,0,,0.25,4
2994,997e3575-8861-11f1-8685-b48c9db4e1b4,8,"[0, 0, 1, 0]",2,1,1,,0.25,4
2995,997e3575-8861-11f1-8685-b48c9db4e1b4,8,"[0, 0, 1, 0]",3,0,0,,0.25,4
2996,997e3575-8861-11f1-8685-b48c9db4e1b4,9,"[0, 0, 1, 0]",0,0,0,,0.25,4
2997,997e3575-8861-11f1-8685-b48c9db4e1b4,9,"[0, 0, 1, 0]",1,0,0,,0.25,4
2998,997e3575-8861-11f1-8685-b48c9db4e1b4,9,"[0, 0, 1, 0]",2,1,1,,0.25,4
2999,997e3575-8861-11f1-8685-b48c9db4e1b4,9,"[0, 0, 1, 0]",3,0,0,,0.25,4
3000,997e3575-8861-11f1-8685-b48c9db4e1b4,10,"[0, 0, 1, 0]",0,0,0,,0.25,4
3001,997e3575-8861-11f1-8685-b48c9db4e1b4,10,"[0, 0, 1, 0]",1,0,0,,0.25,4
3002,997e3575-8861-11f1-8685-b48c9db4e1b4,10,"[0, 0, 1, 0]",2,1,1,,0.25,4
3003,997e3575-8861-11f1-8685-b48c9db4e1b4,10,"[0, 0, 1, 0]",3,0,0,,0.25,4
3004,997e3575-8861-11f1-8685-b48c9db4e1b4,11,"[0, 0, 1, 0]",0,0,0,,0.25,4
3005,997e3575-8861-11f1-8685-b48c9db4e1b4,11,"[0, 0, 1, 0]",1,0,0,,0.25,4
3006,997e3575-8861-11f1-8685-b48c9db4e1b4,11,"[0, 0, 1, 0]",2,1,1,,0.25,4
3007,997e3575-8861-11f1-8685-b48c9db4e1b4,11,"[0, 0, 1, 0]",3,0,0,,0.25,4
3008,997e3575-8861-11f1-8685-b48c9db4e1b4,12,"[0, 0, 1, 0]",0,0,0,,0.25,4
3009,997e3575-8861-11f1-8685-b48c9db4e1b4,12,"[0, 0, 1, 0]",1,0,0,,0.25,4
3010,997e3575-8861-11f1-8685-b48c9db4e1b4,12,"[0, 0, 1, 0]",2,1,1,,0.25,4
3011,997e3575-8861-11f1-8685-b48c9db4e1b4,12,"[0, 0, 1, 0]",3,0,0,,0.25,4
3012,997e3575-8861-11f1-8685-b48c9db4e1b4,13,"[0, 0, 1, 0]",0,0,0,,0.25,4
3013,997e3575-8861-11f1-8685-b48c9db4e1b4,13,"[0, 0, 1, 0]",1,0,0,,0.25,4
3014,997e3575-8861-11f1-8685-b48c9db4e1b4,13,"[0, 0, 1, 0]",2,1,1,,0.25,4
3015,997e3575-8861-11f1-8685-b48c9db4e1b4,13,"[0, 0, 1, 0]",3,0,0,,0.25,4
3016,997e3575-8861-11f1-8685-b48c9db4e1b4,14,"[0, 0, 1, 0]",0,0,0,,0.25,4
3017,997e3575-8861-11f1-8685-b48c9db4e1b4,14,"[0, 0, 1, 0]",1,0,0,,0.25,4
3018,997e3575-8861-11f1-8685-b48c9db4e1b4,14,"[0, 0, 1, 0]",2,1,1,,0.25,4
3019,997e3575-8861-11f1-8685-b48c9db4e1b4,14,"[0, 0, 1, 0]",3,0,0,,0.25,4
3020,997e3575-8861-11f1-8685-b48c9db4e1b4,15,"[0, 0, 1, 0]",0,0,0,,0.25,4
3021,997e3575-8861-11f1-8685-b48c9db4e1b4,15,"[0, 0, 1, 0]",1,0,0,,0.25,4
3022,997e3575-8861-11f1-8685-b48c9db4e1b4,15,"[0, 0, 1, 0]",2,1,1,,0.25,4
3023,997e3575-8861-11f1-8685-b48c9db4e1b4,15,"[0, 0, 1, 0]",3,0,0,,0.25,4
3024,997e3575-8861-11f1-8685-b48c9db4e1b4,16,"[0, 0, 1, 0]",0,0,0,,0.25,4
3025,997e3575-8861-11f1-8685-b48c9db4e1b4,16,"[0, 0, 1, 0]",1,0,0,,0.25,4
3026,997e3575-8861-11f1-8685-b48c9db4e1b4,16,"[0, 0, 1, 0]",2,1,1,,0.25,4
3027,997e3575-8861-11f1-8685-b48c9db4e1b4,16,"[0, 0, 1, 0]",3,0,0,,0.25,4
3028,997e3575-8861-11f1-8685-b48c9db4e1b4,17,"[0, 0, 1, 0]",0,0,0,,0.25,4
3029,997e3575-8861-11f1-8685-b48c9db4e1b4,17,"[0, 0, 1, 0]",1,0,0,,0.25,4
3030,997e3575-8861-11f1-8685-b48c9db4e1b4,17,"[0, 0, 1, 0]",2,1,1,,0.25,4
3031,997e3575-8861-11f1-8685-b48c9db4e1b4,17,"[0, 0, 1, 0]",3,0,0,,0.25,4
3032,997e3575-8861-11f1-8685-b48c9db4e1b4,18,"[0, 0, 1, 0]",0,0,0,,0.25,4
3033,997e3575-8861-11f1-8685-b48c9db4e1b4,18,"[0, 0, 1, 0]",1,0,0,,0.25,4
3034,997e3575-8861-11f1-8685-b48c9db4e1b4,18,"[0, 0, 1, 0]",2,1,1,,0.25,4
3035,997e3575-8861-11f1-8685-b48c9db4e1b4,18,"[0, 0, 1, 0]",3,0,0,,0.25,4
3036,997e3575-8861-11f1-8685-b48c9db4e1b4,19,"[0, 0, 1, 0]",0,0,0,,0.25,4
3037,997e3575-8861-11f1-8685-b48c9db4e1b4,19,"[0, 0, 1, 0]",1,0,0,,0.25,4
3038,997e3575-8861-11f1-8685-b48c9db4e1b4,19,"[0, 0, 1, 0]",2,1,1,,0.25,4
3039,997e3575-8861-11f1-8685-b48c9db4e1b4,19,"[0, 0, 1, 0]",3,0,0,,0.25,4
3040,998144da-8861-11f1-86bb-b48c9db4e1b4,0,"[0, 0, 1, 1]",0,0,0,,0.25,4
3041,998144da-8861-11f1-86bb-b48c9db4e1b4,0,"[0, 0, 1, 1]",1,0,0,,0.25,4
3042,998144da-8861-11f1-86bb-b48c9db4e1b4,0,"[0, 0, 1, 1]",2,1,-1,,0.25,4
3043,998144da-8861-11f1-86bb-b48c9db4e1b4,0,"[0, 0, 1, 1]",3,1,-1,,0.25,4
3044,998144da-8861-11f1-86bb-b48c9db4e1b4,1,"[0, 0, 1, 0]",0,0,0,,0.25,4
3045,998144da-8861-11f1-86bb-b48c9db4e1b4,1,"[0, 0, 1, 0]",1,0,0,,0.25,4
3046,998144da-8861-11f1-86bb-b48c9db4e1b4,1,"[0, 0, 1, 0]",2,1,1,,0.25,4
3047,998144da-8861-11f1-86bb-b48c9db4e1b4,1,"[0, 0, 1, 0]",3,0,0,,0.25,4
3048,998144da-8861-11f1-86bb-b48c9db4e1b4,2,"[0, 0, 1, 0]",0,0,0,,0.25,4
3049,998144da-8861-11f1-86bb-b48c9db4e1b4,2,"[0, 0, 1, 0]",1,0,0,,0.25,4
3050,998144da-8861-11f1-86bb-b48c9db4e1b4,2,"[0, 0, 1, 0]",2,1,1,,0.25,4
3051,998144da-8861-11f1-86bb-b48c9db4e1b4,2,"[0, 0, 1, 0]",3,0,0,,0.25,4
3052,998144da-8861-11f1-86bb-b48c9db4e1b4,3,"[0, 0, 1, 0]",0,0,0,,0.25,4
3053,998144da-8861-11f1-86bb-b48c9db4e1b4,3,"[0, 0, 1, 0]",1,0,0,,0.25,4
3054,998144da-8861-11f1-86bb-b48c9db4e1b4,3,"[0, 0, 1, 0]",2,1,1,,0.25,4
3055,998144da-8861-11f1-86bb-b48c9db4e1b4,3,"[0, 0, 1, 0]",3,0,0,,0.25,4
3056,998144da-8861-11f1-86bb-b48c9db4e1b4,4,"[0, 0, 1, 0]",0,0,0,,0.25,4
3057,998144da-8861-11f1-86bb-b48c9db4e1b4,4,"[0, 0, 1, 0]",1,0,0,,0.25,4
3058,998144da-8861-11f1-86bb-b48c9db4e1b4,4,"[0, 0, 1, 0]",2,1,1,,0.25,4
3059,998144da-8861-11f1-86bb-b48c9db4e1b4,4,"[0, 0, 1, 0]",3,0,0,,0.25,4
3060,998144da-8861-11f1-86bb-b48c9db4e1b4,5,"[0, 0, 1, 0]",0,0,0,,0.25,4
3061,998144da-8861-11f1-86bb-b48c9db4e1b4,5,"[0, 0, 1, 0]",1,0,0,,0.25,4
3062,998144da-8861-11f1-86bb-b48c9db4e1b4,5,"[0, 0, 1, 0]",2,1,1,,0.25,4
3063,998144da-8861-11f1-86bb-b48c9db4e1b4,5,"[0, 0, 1, 0]",3,0,0,,0.25,4
3064,998144da-8861-11f1-86bb-b48c9db4e1b4,6,"[0, 0, 1, 0]",0,0,0,,0.25,4
3065,998144da-8861-11f1-86bb-b48c9db4e1b4,6,"[0, 0, 1, 0]",1,0,0,,0.25,4
3066,998144da-8861-11f1-86bb-b48c9db4e1b4,6,"[0, 0, 1, 0]",2,1,1,,0.25,4
3067,998144da-8861-11f1-86bb-b48c9db4e1b4,6,"[0, 0, 1, 0]",3,0,0,,0.25,4
3068,998144da-8861-11f1-86bb-b48c9db4e1b4,7,"[0, 0, 1, 0]",0,0,0,,0.25,4
3069,998144da-8861-11f1-86bb-b48c9db4e1b4,7,"[0, 0, 1, 0]",1,0,0,,0.25,4
3070,998144da-8861-11f1-86bb-b48c9db4e1b4,7,"[0, 0, 1, 0]",2,1,1,,0.25,4
3071,998144da-8861-11f1-86bb-b48c9db4e1b4,7,"[0, 0, 1, 0]",3,0,0,,0.25,4
3072,998144da-8861-11f1-86bb-b48c9db4e1b4,8,"[0, 0, 1, 0]",0,0,0,,0.25,4
3073,998144da-8861-11f1-86bb-b48c9db4e1b4,8,"[0, 0, 1, 0]",1,0,0,,0.25,4
3074,998144da-8861-11f1-86bb-b48c9db4e1b4,8,"[0, 0, 1, 0]",2,1,1,,0.25,4
3075,998144da-8861-11f1-86bb-b48c9db4e1b4,8,"[0, 0, 1, 0]",3,0,0,,0.25,4
3076,998144da-8861-11f1-86bb-b48c9db4e1b4,9,"[0, 0, 1, 0]",0,0,0,,0.25,4
3077,998144da-8861-11f1-86bb-b48c9db4e1b4,9,"[0, 0, 1, 0]",1,0,0,,0.25,4
3078,998144da-8861-11f1-86bb-b48c9db4e1b4,9,"[0, 0, 1, 0]",2,1,1,,0.25,4
3079,998144da-8861-11f1-86bb-b48c9db4e1b4,9,"[0, 0, 1, 0]",3,0,0,,0.25,4
3080,998144da-8861-11f1-86bb-b48c9db4e1b4,10,"[0, 0, 1, 0]",0,0,0,,0.25,4
3081,998144da-8861-11f1-86bb-b48c9db4e1b4,10,"[0, 0, 1, 0]",1,0,0,,0.25,4
3082,998144da-8861-11f1-86bb-b48c9db4e1b4,10,"[0, 0, 1, 0]",2,1,1,,0.25,4
3083,998144da-8861-11f1-86bb-b48c9db4e1b4,10,"[0, 0, 1, 0]",3,0,0,,0.25,4
3084,998144da-8861-11f1-86bb-b48c9db4e1b4,11,"[0, 0, 1, 0]",0,0,0,,0.25,4
3085,998144da-8861-11f1-86bb-b48c9db4e1b4,11,"[0, 0, 1, 0]",1,0,0,,0.25,4
3086,998144da-8861-11f1-86bb-b48c9db4e1b4,11,"[0, 0, 1, 0]",2,1,1,,0.25,4
3087,998144da-8861-11f1-86bb-b48c9db4e1b4,11,"[0, 0, 1, 0]",3,0,0,,0.25,4
3088,998144da-8861-11f1-86bb-b48c9db4e1b4,12,"[0, 0, 1, 0]",0,0,0,,0.25,4
3089,998144da-8861-11f1-86bb-b48c9db4e1b4,12,"[0, 0, 1, 0]",1,0,0,,0.25,4
3090,998144da-8861-11f1-86bb-b48c9db4e1b4,12,"[0, 0, 1, 0]",2,1,1,,0.25,4
3091,998144da-8861-11f1-86bb-b48c9db4e1b4,12,"[0, 0, 1, 0]",3,0,0,,0.25,4
3092,998144da-8861-11f1-86bb-b48c9db4e1b4,13,"[0, 0, 1, 0]",0,0,0,,0.25,4
3093,998144da-8861-11f1-86bb-b48c9db4e1b4,13,"[0, 0, 1, 0]",1,0,0,,0.25,4
3094,998144da-8861-11f1-86bb-b48c9db4e1b4,13,"[0, 0, 1, 0]",2,1,1,,0.25,4
3095,998144da-8861-11f1-86bb-b48c9db4e1b4,13,"[0, 0, 1, 0]",3,0,0,,0.25,4
3096,998144da-8861-11f1-86bb-b48c9db4e1b4,14,"[0, 0, 1, 0]",0,0,0,,0.25,4
3097,998144da-8861-11f1-86bb-b48c9db4e1b4,14,"[0, 0, 1, 0]",1,0,0,,0.25,4
3098,998144da-8861-11f1-86bb-b48c9db4e1b4,14,"[0, 0, 1, 0]",2,1,1,,0.25,4
3099,998144da-8861-11f1-86bb-b48c9db4e1b4,14,"[0, 0, 1, 0]",3,0,0,,0.25,4
3100,998144da-8861-11f1-86bb-b48c9db4e1b4,15,"[0, 0, 1, 0]",0,0,0,,0.25,4
3101,998144da-8861-11f1-86bb-b48c9db4e1b4,15,"[0, 0, 1, 0]",1,0,0,,0.25,4
3102,998144da-8861-11f1-86bb-b48c9db4e1b4,15,"[0, 0, 1, 0]",2,1,1,,0.25,4
3103,998144da-8861-11f1-86bb-b48c9db4e1b4,15,"[0, 0, 1, 0]",3,0,0,,0.25,4
3104,998144da-8861-11f1-86bb-b48c9db4e1b4,16,"[0, 0, 1, 0]",0,0,0,,0.25,4
3105,998144da-8861-11f1-86bb-b48c9db4e1b4,16,"[0, 0, 1, 0]",1,0,0,,0.25,4
3106,998144da-8861-11f1-86bb-b48c9db4e1b4,16,"[0, 0, 1, 0]",2,1,1,,0.25,4
3107,998144da-8861-11f1-86bb-b48c9db4e1b4,16,"[0, 0, 1, 0]",3,0,0,,0.25,4
3108,998144da-8861-11f1-86bb-b48c9db4e1b4,17,"[0, 0, 1, 0]",0,0,0,,0.25,4
3109,998144da-8861-11f1-86bb-b48c9db4e1b4,17,"[0, 0, 1, 0]",1,0,0,,0.25,4
3110,998144da-8861-11f1-86bb-b48c9db4e1b4,17,"[0, 0, 1, 0]",2,1,1,,0.25,4
3111,998144da-8861-11f1-86bb-b48c9db4e1b4,17,"[0, 0, 1, 0]",3,0,0,,0.25,4
3112,998144da-8861-11f1-86bb-b48c9db4e1b4,18,"[0, 0, 1, 0]",0,0,0,,0.25,4
3113,998144da-8861-11f1-86bb-b48c9db4e1b4,18,"[0, 0, 1, 0]",1,0,0,,0.25,4
3114,998144da-8861-11f1-86bb-b48c9db4e1b4,18,"[0, 0, 1, 0]",2,1,1,,0.25,4
3115,998144da-8861-11f1-86bb-b48c9db4e1b4,18,"[0, 0, 1, 0]",3,0,0,,0.25,4
3116,998144da-8861-11f1-86bb-b48c9db4e1b4,19,"[0, 0, 1, 0]",0,0,0,,0.25,4
3117,998144da-8861-11f1-86bb-b48c9db4e1b4,19,"[0, 0, 1, 0]",1,0,0,,0.25,4
3118,998144da-8861-11f1-86bb-b48c9db4e1b4,19,"[0, 0, 1, 0]",2,1,1,,0.25,4
3119,998144da-8861-11f1-86bb-b48c9db4e1b4,19,"[0, 0, 1, 0]",3,0,0,,0.25,4
3120,99848aee-8861-11f1-93d2-b48c9db4e1b4,0,"[1, 0, 0, 1]",0,1,-1,,0.25,4
3121,99848aee-8861-11f1-93d2-b48c9db4e1b4,0,"[1, 0, 0, 1]",1,0,0,,0.25,4
3122,99848aee-8861-11f1-93d2-b48c9db4e1b4,0,"[1, 0, 0, 1]",2,0,0,,0.25,4
3123,99848aee-8861-11f1-93d2-b48c9db4e1b4,0,"[1, 0, 0, 1]",3,1,-1,,0.25,4
3124,99848aee-8861-11f1-93d2-b48c9db4e1b4,1,"[0, 0, 1, 0]",0,0,0,,0.25,4
3125,99848aee-8861-11f1-93d2-b48c9db4e1b4,1,"[0, 0, 1, 0]",1,0,0,,0.25,4
3126,99848aee-8861-11f1-93d2-b48c9db4e1b4,1,"[0, 0, 1, 0]",2,1,1,,0.25,4
3127,99848aee-8861-11f1-93d2-b48c9db4e1b4,1,"[0, 0, 1, 0]",3,0,0,,0.25,4
3128,99848aee-8861-11f1-93d2-b48c9db4e1b4,2,"[0, 0, 1, 0]",0,0,0,,0.25,4
3129,99848aee-8861-11f1-93d2-b48c9db4e1b4,2,"[0, 0, 1, 0]",1,0,0,,0.25,4
3130,99848aee-8861-11f1-93d2-b48c9db4e1b4,2,"[0, 0, 1, 0]",2,1,1,,0.25,4
3131,99848aee-8861-11f1-93d2-b48c9db4e1b4,2,"[0, 0, 1, 0]",3,0,0,,0.25,4
3132,99848aee-8861-11f1-93d2-b48c9db4e1b4,3,"[0, 0, 1, 0]",0,0,0,,0.25,4
3133,99848aee-8861-11f1-93d2-b48c9db4e1b4,3,"[0, 0, 1, 0]",1,0,0,,0.25,4
3134,99848aee-8861-11f1-93d2-b48c9db4e1b4,3,"[0, 0, 1, 0]",2,1,1,,0.25,4
3135,99848aee-8861-11f1-93d2-b48c9db4e1b4,3,"[0, 0, 1, 0]",3,0,0,,0.25,4
3136,99848aee-8861-11f1-93d2-b48c9db4e1b4,4,"[0, 0, 1, 0]",0,0,0,,0.25,4
3137,99848aee-8861-11f1-93d2-b48c9db4e1b4,4,"[0, 0, 1, 0]",1,0,0,,0.25,4
3138,99848aee-8861-11f1-93d2-b48c9db4e1b4,4,"[0, 0, 1, 0]",2,1,1,,0.25,4
3139,99848aee-8861-11f1-93d2-b48c9db4e1b4,4,"[0, 0, 1, 0]",3,0,0,,0.25,4
3140,99848aee-8861-11f1-93d2-b48c9db4e1b4,5,"[0, 0, 1, 0]",0,0,0,,0.25,4
3141,99848aee-8861-11f1-93d2-b48c9db4e1b4,5,"[0, 0, 1, 0]",1,0,0,,0.25,4
3142,99848aee-8861-11f1-93d2-b48c9db4e1b4,5,"[0, 0, 1, 0]",2,1,1,,0.25,4
3143,99848aee-8861-11f1-93d2-b48c9db4e1b4,5,"[0, 0, 1, 0]",3,0,0,,0.25,4
3144,99848aee-8861-11f1-93d2-b48c9db4e1b4,6,"[0, 0, 1, 0]",0,0,0,,0.25,4
3145,99848aee-8861-11f1-93d2-b48c9db4e1b4,6,"[0, 0, 1, 0]",1,0,0,,0.25,4
3146,99848aee-8861-11f1-93d2-b48c9db4e1b4,6,"[0, 0, 1, 0]",2,1,1,,0.25,4
3147,99848aee-8861-11f1-93d2-b48c9db4e1b4,6,"[0, 0, 1, 0]",3,0,0,,0.25,4
3148,99848aee-8861-11f1-93d2-b48c9db4e1b4,7,"[0, 0, 1, 0]",0,0,0,,0.25,4
3149,99848aee-8861-11f1-93d2-b48c9db4e1b4,7,"[0, 0, 1, 0]",1,0,0,,0.25,4
3150,99848aee-8861-11f1-93d2-b48c9db4e1b4,7,"[0, 0, 1, 0]",2,1,1,,0.25,4
3151,99848aee-8861-11f1-93d2-b48c9db4e1b4,7,"[0, 0, 1, 0]",3,0,0,,0.25,4
3152,99848aee-8861-11f1-93d2-b48c9db4e1b4,8,"[0, 0, 1, 0]",0,0,0,,0.25,4
3153,99848aee-8861-11f1-93d2-b48c9db4e1b4,8,"[0, 0, 1, 0]",1,0,0,,0.25,4
3154,99848aee-8861-11f1-93d2-b48c9db4e1b4,8,"[0, 0, 1, 0]",2,1,1,,0.25,4
3155,99848aee-8861-11f1-93d2-b48c9db4e1b4,8,"[0, 0, 1, 0]",3,0,0,,0.25,4
3156,99848aee-8861-11f1-93d2-b48c9db4e1b4,9,"[0, 0, 1, 0]",0,0,0,,0.25,4
3157,99848aee-8861-11f1-93d2-b48c9db4e1b4,9,"[0, 0, 1, 0]",1,0,0,,0.25,4
3158,99848aee-8861-11f1-93d2-b48c9db4e1b4,9,"[0, 0, 1, 0]",2,1,1,,0.25,4
3159,99848aee-8861-11f1-93d2-b48c9db4e1b4,9,"[0, 0, 1, 0]",3,0,0,,0.25,4
3160,99848aee-8861-11f1-93d2-b48c9db4e1b4,10,"[0, 0, 1, 0]",0,0,0,,0.25,4
3161,99848aee-8861-11f1-93d2-b48c9db4e1b4,10,"[0, 0, 1, 0]",1,0,0,,0.25,4
3162,99848aee-8861-11f1-93d2-b48c9db4e1b4,10,"[0, 0, 1, 0]",2,1,1,,0.25,4
3163,99848aee-8861-11f1-93d2-b48c9db4e1b4,10,"[0, 0, 1, 0]",3,0,0,,0.25,4
3164,99848aee-8861-11f1-93d2-b48c9db4e1b4,11,"[0, 0, 1, 0]",0,0,0,,0.25,4
3165,99848aee-8861-11f1-93d2-b48c9db4e1b4,11,"[0, 0, 1, 0]",1,0,0,,0.25,4
3166,99848aee-8861-11f1-93d2-b48c9db4e1b4,11,"[0, 0, 1, 0]",2,1,1,,0.25,4
3167,99848aee-8861-11f1-93d2-b48c9db4e1b4,11,"[0, 0, 1, 0]",3,0,0,,0.25,4
3168,99848aee-8861-11f1-93d2-b48c9db4e1b4,12,"[0, 0, 1, 0]",0,0,0,,0.25,4
3169,99848aee-8861-11f1-93d2-b48c9db4e1b4,12,"[0, 0, 1, 0]",1,0,0,,0.25,4
3170,99848aee-8861-11f1-93d2-b48c9db4e1b4,12,"[0, 0, 1, 0]",2,1,1,,0.25,4
3171,99848aee-8861-11f1-93d2-b48c9db4e1b4,12,"[0, 0, 1, 0]",3,0,0,,0.25,4
3172,99848aee-8861-11f1-93d2-b48c9db4e1b4,13,"[0, 0, 1, 0]",0,0,0,,0.25,4
3173,99848aee-8861-11f1-93d2-b48c9db4e1b4,13,"[0, 0, 1, 0]",1,0,0,,0.25,4
3174,99848aee-8861-11f1-93d2-b48c9db4e1b4,13,"[0, 0, 1, 0]",2,1,1,,0.25,4
3175,99848aee-8861-11f1-93d2-b48c9db4e1b4,13,"[0, 0, 1, 0]",3,0,0,,0.25,4
3176,99848aee-8861-11f1-93d2-b48c9db4e1b4,14,"[0, 0, 1, 0]",0,0,0,,0.25,4
3177,99848aee-8861-11f1-93d2-b48c9db4e1b4,14,"[0, 0, 1, 0]",1,0,0,,0.25,4
3178,99848aee-8861-11f1-93d2-b48c9db4e1b4,14,"[0, 0, 1, 0]",2,1,1,,0.25,4
3179,99848aee-8861-11f1-93d2-b48c9db4e1b4,14,"[0, 0, 1, 0]",3,0,0,,0.25,4
3180,99848aee-8861-11f1-93d2-b48c9db4e1b4,15,"[0, 0, 1, 0]",0,0,0,,0.25,4
3181,99848aee-8861-11f1-93d2-b48c9db4e1b4,15,"[0, 0, 1, 0]",1,0,0,,0.25,4
3182,99848aee-8861-11f1-93d2-b48c9db4e1b4,15,"[0, 0, 1, 0]",2,1,1,,0.25,4
3183,99848aee-8861-11f1-93d2-b48c9db4e1b4,15,"[0, 0, 1, 0]",3,0,0,,0.25,4
3184,99848aee-8861-11f1-93d2-b48c9db4e1b4,16,"[0, 0, 1, 0]",0,0,0,,0.25,4
3185,99848aee-8861-11f1-93d2-b48c9db4e1b4,16,"[0, 0, 1, 0]",1,0,0,,0.25,4
3186,99848aee-8861-11f1-93d2-b48c9db4e1b4,16,"[0, 0, 1, 0]",2,1,1,,0.25,4
3187,99848aee-8861-11f1-93d2-b48c9db4e1b4,16,"[0, 0, 1, 0]",3,0,0,,0.25,4
3188,99848aee-8861-11f1-93d2-b48c9db4e1b4,17,"[0, 0, 1, 0]",0,0,0,,0.25,4
3189,99848aee-8861-11f1-93d2-b48c9db4e1b4,17,"[0, 0, 1, 0]",1,0,0,,0.25,4
3190,99848aee-8861-11f1-93d2-b48c9db4e1b4,17,"[0, 0, 1, 0]",2,1,1,,0.25,4
3191,99848aee-8861-11f1-93d2-b48c9db4e1b4,17,"[0, 0, 1, 0]",3,0,0,,0.25,4
3192,99848aee-8861-11f1-93d2-b48c9db4e1b4,18,"[0, 0, 1, 0]",0,0,0,,0.25,4
3193,99848aee-8861-11f1-93d2-b48c9db4e1b4,18,"[0, 0, 1, 0]",1,0,0,,0.25,4
3194,99848aee-8861-11f1-93d2-b48c9db4e1b4,18,"[0, 0, 1, 0]",2,1,1,,0.25,4
3195,99848aee-8861-11f1-93d2-b48c9db4e1b4,18,"[0, 0, 1, 0]",3,0,0,,0.25,4
3196,99848aee-8861-11f1-93d2-b48c9db4e1b4,19,"[0, 0, 1, 0]",0,0,0,,0.25,4
3197,99848aee-8861-11f1-93d2-b48c9db4e1b4,19,"[0, 0, 1, 0]",1,0,0,,0.25,4
3198,99848aee-8861-11f1-93d2-b48c9db4e1b4,19,"[0, 0, 1, 0]",2,1,1,,0.25,4
3199,99848aee-8861-11f1-93d2-b48c9db4e1b4,19,"[0, 0, 1, 0]",3,0,0,,0.25,4
3200,9987e86b-8861-11f1-9b3d-b48c9db4e1b4,0,"[0, 0, 1, 0]",0,0,0,,0.25,4
3201,9987e86b-8861-11f1-9b3d-b48c9db4e1b4,0,"[0, 0, 1, 0]",1,0,0,,0.25,4
3202,9987e86b-8861-11f1-9b3d-b48c9db4e1b4,0,"[0, 0, 1, 0]",2,1,1,,0.25,4
3203,9987e86b-8861-11f1-9b3d-b48c9db4e1b4,0,"[0, 0, 1, 0]",3,0,0,,0.25,4
3204,9987e86b-8861-11f1-9b3d-b48c9db4e1b4,1,"[0, 0, 1, 0]",0,0,0,,0.25,4
3205,9987e86b-8861-11f1-9b3d-b48c9db4e1b4,1,"[0, 0, 1, 0]",1,0,0,,0.25,4
3206,9987e86b-8861-11f1-9b3d-b48c9db4e1b4,1,"[0, 0, 1, 0]",2,1,1,,0.25,4
3207,9987e86b-8861-11f1-9b3d-b48c9db4e1b4,1,"[0, 0, 1, 0]",3,0,0,,0.25,4
3208,9987e86b-8861-11f1-9b3d-b48c9db4e1b4,2,"[0, 0, 1, 0]",0,0,0,,0.25,4
3209,9987e86b-8861-11f1-9b3d-b48c9db4e1b4,2,"[0, 0, 1, 0]",1,0,0,,0.25,4
3210,9987e86b-8861-11f1-9b3d-b48c9db4e1b4,2,"[0, 0, 1, 0]",2,1,1,,0.25,4
3211,9987e86b-8861-11f1-9b3d-b48c9db4e1b4,2,"[0, 0, 1, 0]",3,0,0,,0.25,4
3212,9987e86b-8861-11f1-9b3d-b48c9db4e1b4,3,"[0, 0, 1, 0]",0,0,0,,0.25,4
3213,9987e86b-8861-11f1-9b3d-b48c9db4e1b4,3,"[0, 0, 1, 0]",1,0,0,,0.25,4
3214,9987e86b-8861-11f1-9b3d-b48c9db4e1b4,3,"[0, 0, 1, 0]",2,1,1,,0.25,4
3215,9987e86b-8861-11f1-9b3d-b48c9db4e1b4,3,"[0, 0, 1, 0]",3,0,0,,0.25,4
3216,9987e86b-8861-11f1-9b3d-b48c9db4e1b4,4,"[0, 0, 1, 0]",0,0,0,,0.25,4
3217,9987e86b-8861-11f1-9b3d-b48c9db4e1b4,4,"[0, 0, 1, 0]",1,0,0,,0.25,4
3218,9987e86b-8861-11f1-9b3d-b48c9db4e1b4,4,"[0, 0, 1, 0]",2,1,1,,0.25,4
3219,9987e86b-8861-11f1-9b3d-b48c9db4e1b4,4,"[0, 0, 1, 0]",3,0,0,,0.25,4
3220,9987e86b-8861-11f1-9b3d-b48c9db4e1b4,5,"[0, 0, 1, 0]",0,0,0,,0.25,4
3221,9987e86b-8861-11f1-9b3d-b48c9db4e1b4,5,"[0, 0, 1, 0]",1,0,0,,0.25,4
3222,9987e86b-8861-11f1-9b3d-b48c9db4e1b4,5,"[0, 0, 1, 0]",2,1,1,,0.25,4
3223,9987e86b-8861-11f1-9b3d-b48c9db4e1b4,5,"[0, 0, 1, 0]",3,0,0,,0.25,4
3224,9987e86b-8861-11f1-9b3d-b48c9db4e1b4,6,"[0, 0, 1, 0]",0,0,0,,0.25,4
3225,9987e86b-8861-11f1-9b3d-b48c9db4e1b4,6,"[0, 0, 1, 0]",1,0,0,,0.25,4
3226,9987e86b-8861-11f1-9b3d-b48c9db4e1b4,6,"[0, 0, 1, 0]",2,1,1,,0.25,4
3227,9987e86b-8861-11f1-9b3d-b48c9db4e1b4,6,"[0, 0, 1, 0]",3,0,0,,0.25,4
3228,9987e86b-8861-11f1-9b3d-b48c9db4e1b4,7,"[0, 0, 1, 0]",0,0,0,,0.25,4
3229,9987e86b-8861-11f1-9b3d-b48c9db4e1b4,7,"[0, 0, 1, 0]",1,0,0,,0.25,4
3230,9987e86b-8861-11f1-9b3d-b48c9db4e1b4,7,"[0, 0, 1, 0]",2,1,1,,0.25,4
3231,9987e86b-8861-11f1-9b3d-b48c9db4e1b4,7,"[0, 0, 1, 0]",3,0,0,,0.25,4
3232,9987e86b-8861-11f1-9b3d-b48c9db4e1b4,8,"[0, 0, 1, 0]",0,0,0,,0.25,4
3233,9987e86b-8861-11f1-9b3d-b48c9db4e1b4,8,"[0, 0, 1, 0]",1,0,0,,0.25,4
3234,9987e86b-8861-11f1-9b3d-b48c9db4e1b4,8,"[0, 0, 1, 0]",2,1,1,,0.25,4
3235,9987e86b-8861-11f1-9b3d-b48c9db4e1b4,8,"[0, 0, 1, 0]",3,0,0,,0.25,4
3236,9987e86b-8861-11f1-9b3d-b48c9db4e1b4,9,"[0, 0, 1, 0]",0,0,0,,0.25,4
3237,9987e86b-8861-11f1-9b3d-b48c9db4e1b4,9,"[0, 0, 1, 0]",1,0,0,,0.25,4
3238,9987e86b-8861-11f1-9b3d-b48c9db4e1b4,9,"[0, 0, 1, 0]",2,1,1,,0.25,4
3239,9987e86b-8861-11f1-9b3d-b48c9db4e1b4,9,"[0, 0, 1, 0]",3,0,0,,0.25,4
3240,9987e86b-8861-11f1-9b3d-b48c9db4e1b4,10,"[0, 0, 1, 0]",0,0,0,,0.25,4
3241,9987e86b-8861-11f1-9b3d-b48c9db4e1b4,10,"[0, 0, 1, 0]",1,0,0,,0.25,4
3242,9987e86b-8861-11f1-9b3d-b48c9db4e1b4,10,"[0, 0, 1, 0]",2,1,1,,0.25,4
3243,9987e86b-8861-11f1-9b3d-b48c9db4e1b4,10,"[0, 0, 1, 0]",3,0,0,,0.25,4
3244,9987e86b-8861-11f1-9b3d-b48c9db4e1b4,11,"[0, 0, 1, 0]",0,0,0,,0.25,4
3245,9987e86b-8861-11f1-9b3d-b48c9db4e1b4,11,"[0, 0, 1, 0]",1,0,0,,0.25,4
3246,9987e86b-8861-11f1-9b3d-b48c9db4e1b4,11,"[0, 0, 1, 0]",2,1,1,,0.25,4
3247,9987e86b-8861-11f1-9b3d-b48c9db4e1b4,11,"[0, 0, 1, 0]",3,0,0,,0.25,4
3248,9987e86b-8861-11f1-9b3d-b48c9db4e1b4,12,"[0, 0, 1, 0]",0,0,0,,0.25,4
3249,9987e86b-8861-11f1-9b3d-b48c9db4e1b4,12,"[0, 0, 1, 0]",1,0,0,,0.25,4
3250,9987e86b-8861-11f1-9b3d-b48c9db4e1b4,12,"[0, 0, 1, 0]",2,1,1,,0.25,4
3251,9987e86b-8861-11f1-9b3d-b48c9db4e1b4,12,"[0, 0, 1, 0]",3,0,0,,0.25,4
3252,9987e86b-8861-11f1-9b3d-b48c9db4e1b4,13,"[0, 0, 1, 0]",0,0,0,,0.25,4
3253,9987e86b-8861-11f1-9b3d-b48c9db4e1b4,13,"[0, 0, 1, 0]",1,0,0,,0.25,4
3254,9987e86b-8861-11f1-9b3d-b48c9db4e1b4,13,"[0, 0, 1, 0]",2,1,1,,0.25,4
3255,9987e86b-8861-11f1-9b3d-b48c9db4e1b4,13,"[0, 0, 1, 0]",3,0,0,,0.25,4
3256,9987e86b-8861-11f1-9b3d-b48c9db4e1b4,14,"[0, 0, 1, 0]",0,0,0,,0.25,4
3257,9987e86b-8861-11f1-9b3d-b48c9db4e1b4,14,"[0, 0, 1, 0]",1,0,0,,0.25,4
3258,9987e86b-8861-11f1-9b3d-b48c9db4e1b4,14,"[0, 0, 1, 0]",2,1,1,,0.25,4
3259,9987e86b-8861-11f1-9b3d-b48c9db4e1b4,14,"[0, 0, 1, 0]",3,0,0,,0.25,4
3260,9987e86b-8861-11f1-9b3d-b48c9db4e1b4,15,"[0, 0, 1, 0]",0,0,0,,0.25,4
3261,9987e86b-8861-11f1-9b3d-b48c9db4e1b4,15,"[0, 0, 1, 0]",1,0,0,,0.25,4
3262,9987e86b-8861-11f1-9b3d-b48c9db4e1b4,15,"[0, 0, 1, 0]",2,1,1,,0.25,4
3263,9987e86b-8861-11f1-9b3d-b48c9db4e1b4,15,"[0, 0, 1, 0]",3,0,0,,0.25,4
3264,9987e86b-8861-11f1-9b3d-b48c9db4e1b4,16,"[0, 0, 1, 0]",0,0,0,,0.25,4
3265,9987e86b-8861-11f1-9b3d-b48c9db4e1b4,16,"[0, 0, 1, 0]",1,0,0,,0.25,4
3266,9987e86b-8861-11f1-9b3d-b48c9db4e1b4,16,"[0, 0, 1, 0]",2,1,1,,0.25,4
3267,9987e86b-8861-11f1-9b3d-b48c9db4e1b4,16,"[0, 0, 1, 0]",3,0,0,,0.25,4
3268,9987e86b-8861-11f1-9b3d-b48c9db4e1b4,17,"[0, 0, 1, 0]",0,0,0,,0.25,4
3269,9987e86b-8861-11f1-9b3d-b48c9db4e1b4,17,"[0, 0, 1, 0]",1,0,0,,0.25,4
3270,9987e86b-8861-11f1-9b3d-b48c9db4e1b4,17,"[0, 0, 1, 0]",2,1,1,,0.25,4
3271,9987e86b-8861-11f1-9b3d-b48c9db4e1b4,17,"[0, 0, 1, 0]",3,0,0,,0.25,4
3272,9987e86b-8861-11f1-9b3d-b48c9db4e1b4,18,"[0, 0, 1, 0]",0,0,0,,0.25,4
3273,9987e86b-8861-11f1-9b3d-b48c9db4e1b4,18,"[0, 0, 1, 0]",1,0,0,,0.25,4
3274,9987e86b-8861-11f1-9b3d-b48c9db4e1b4,18,"[0, 0, 1, 0]",2,1,1,,0.25,4
3275,9987e86b-8861-11f1-9b3d-b48c9db4e1b4,18,"[0, 0, 1, 0]",3,0,0,,0.25,4
3276,9987e86b-8861-11f1-9b3d-b48c9db4e1b4,19,"[0, 0, 1, 0]",0,0,0,,0.25,4
3277,9987e86b-8861-11f1-9b3d-b48c9db4e1b4,19,"[0, 0, 1, 0]",1,0,0,,0.25,4
3278,9987e86b-8861-11f1-9b3d-b48c9db4e1b4,19,"[0, 0, 1, 0]",2,1,1,,0.25,4
3279,9987e86b-8861-11f1-9b3d-b48c9db4e1b4,19,"[0, 0, 1, 0]",3,0,0,,0.25,4
3280,998b57e2-8861-11f1-baeb-b48c9db4e1b4,0,"[0, 1, 1, 0]",0,0,0,,0.25,4
3281,998b57e2-8861-11f1-baeb-b48c9db4e1b4,0,"[0, 1, 1, 0]",1,1,-1,,0.25,4
3282,998b57e2-8861-11f1-baeb-b48c9db4e1b4,0,"[0, 1, 1, 0]",2,1,-1,,0.25,4
3283,998b57e2-8861-11f1-baeb-b48c9db4e1b4,0,"[0, 1, 1, 0]",3,0,0,,0.25,4
3284,998b57e2-8861-11f1-baeb-b48c9db4e1b4,1,"[0, 0, 1, 0]",0,0,0,,0.25,4
3285,998b57e2-8861-11f1-baeb-b48c9db4e1b4,1,"[0, 0, 1, 0]",1,0,0,,0.25,4
3286,998b57e2-8861-11f1-baeb-b48c9db4e1b4,1,"[0, 0, 1, 0]",2,1,1,,0.25,4
3287,998b57e2-8861-11f1-baeb-b48c9db4e1b4,1,"[0, 0, 1, 0]",3,0,0,,0.25,4
3288,998b57e2-8861-11f1-baeb-b48c9db4e1b4,2,"[0, 0, 1, 0]",0,0,0,,0.25,4
3289,998b57e2-8861-11f1-baeb-b48c9db4e1b4,2,"[0, 0, 1, 0]",1,0,0,,0.25,4
3290,998b57e2-8861-11f1-baeb-b48c9db4e1b4,2,"[0, 0, 1, 0]",2,1,1,,0.25,4
3291,998b57e2-8861-11f1-baeb-b48c9db4e1b4,2,"[0, 0, 1, 0]",3,0,0,,0.25,4
3292,998b57e2-8861-11f1-baeb-b48c9db4e1b4,3,"[0, 0, 1, 0]",0,0,0,,0.25,4
3293,998b57e2-8861-11f1-baeb-b48c9db4e1b4,3,"[0, 0, 1, 0]",1,0,0,,0.25,4
3294,998b57e2-8861-11f1-baeb-b48c9db4e1b4,3,"[0, 0, 1, 0]",2,1,1,,0.25,4
3295,998b57e2-8861-11f1-baeb-b48c9db4e1b4,3,"[0, 0, 1, 0]",3,0,0,,0.25,4
3296,998b57e2-8861-11f1-baeb-b48c9db4e1b4,4,"[0, 0, 1, 0]",0,0,0,,0.25,4
3297,998b57e2-8861-11f1-baeb-b48c9db4e1b4,4,"[0, 0, 1, 0]",1,0,0,,0.25,4
3298,998b57e2-8861-11f1-baeb-b48c9db4e1b4,4,"[0, 0, 1, 0]",2,1,1,,0.25,4
3299,998b57e2-8861-11f1-baeb-b48c9db4e1b4,4,"[0, 0, 1, 0]",3,0,0,,0.25,4
3300,998b57e2-8861-11f1-baeb-b48c9db4e1b4,5,"[0, 0, 1, 0]",0,0,0,,0.25,4
3301,998b57e2-8861-11f1-baeb-b48c9db4e1b4,5,"[0, 0, 1, 0]",1,0,0,,0.25,4
3302,998b57e2-8861-11f1-baeb-b48c9db4e1b4,5,"[0, 0, 1, 0]",2,1,1,,0.25,4
3303,998b57e2-8861-11f1-baeb-b48c9db4e1b4,5,"[0, 0, 1, 0]",3,0,0,,0.25,4
3304,998b57e2-8861-11f1-baeb-b48c9db4e1b4,6,"[0, 0, 1, 0]",0,0,0,,0.25,4
3305,998b57e2-8861-11f1-baeb-b48c9db4e1b4,6,"[0, 0, 1, 0]",1,0,0,,0.25,4
3306,998b57e2-8861-11f1-baeb-b48c9db4e1b4,6,"[0, 0, 1, 0]",2,1,1,,0.25,4
3307,998b57e2-8861-11f1-baeb-b48c9db4e1b4,6,"[0, 0, 1, 0]",3,0,0,,0.25,4
3308,998b57e2-8861-11f1-baeb-b48c9db4e1b4,7,"[0, 0, 1, 0]",0,0,0,,0.25,4
3309,998b57e2-8861-11f1-baeb-b48c9db4e1b4,7,"[0, 0, 1, 0]",1,0,0,,0.25,4
3310,998b57e2-8861-11f1-baeb-b48c9db4e1b4,7,"[0, 0, 1, 0]",2,1,1,,0.25,4
3311,998b57e2-8861-11f1-baeb-b48c9db4e1b4,7,"[0, 0, 1, 0]",3,0,0,,0.25,4
3312,998b57e2-8861-11f1-baeb-b48c9db4e1b4,8,"[0, 0, 1, 0]",0,0,0,,0.25,4
3313,998b57e2-8861-11f1-baeb-b48c9db4e1b4,8,"[0, 0, 1, 0]",1,0,0,,0.25,4
3314,998b57e2-8861-11f1-baeb-b48c9db4e1b4,8,"[0, 0, 1, 0]",2,1,1,,0.25,4
3315,998b57e2-8861-11f1-baeb-b48c9db4e1b4,8,"[0, 0, 1, 0]",3,0,0,,0.25,4
3316,998b57e2-8861-11f1-baeb-b48c9db4e1b4,9,"[0, 0, 1, 0]",0,0,0,,0.25,4
3317,998b57e2-8861-11f1-baeb-b48c9db4e1b4,9,"[0, 0, 1, 0]",1,0,0,,0.25,4
3318,998b57e2-8861-11f1-baeb-b48c9db4e1b4,9,"[0, 0, 1, 0]",2,1,1,,0.25,4
3319,998b57e2-8861-11f1-baeb-b48c9db4e1b4,9,"[0, 0, 1, 0]",3,0,0,,0.25,4
3320,998b57e2-8861-11f1-baeb-b48c9db4e1b4,10,"[0, 0, 1, 0]",0,0,0,,0.25,4
3321,998b57e2-8861-11f1-baeb-b48c9db4e1b4,10,"[0, 0, 1, 0]",1,0,0,,0.25,4
3322,998b57e2-8861-11f1-baeb-b48c9db4e1b4,10,"[0, 0, 1, 0]",2,1,1,,0.25,4
3323,998b57e2-8861-11f1-baeb-b48c9db4e1b4,10,"[0, 0, 1, 0]",3,0,0,,0.25,4
3324,998b57e2-8861-11f1-baeb-b48c9db4e1b4,11,"[0, 0, 1, 0]",0,0,0,,0.25,4
3325,998b57e2-8861-11f1-baeb-b48c9db4e1b4,11,"[0, 0, 1, 0]",1,0,0,,0.25,4
3326,998b57e2-8861-11f1-baeb-b48c9db4e1b4,11,"[0, 0, 1, 0]",2,1,1,,0.25,4
3327,998b57e2-8861-11f1-baeb-b48c9db4e1b4,11,"[0, 0, 1, 0]",3,0,0,,0.25,4
3328,998b57e2-8861-11f1-baeb-b48c9db4e1b4,12,"[0, 0, 1, 0]",0,0,0,,0.25,4
3329,998b57e2-8861-11f1-baeb-b48c9db4e1b4,12,"[0, 0, 1, 0]",1,0,0,,0.25,4
3330,998b57e2-8861-11f1-baeb-b48c9db4e1b4,12,"[0, 0, 1, 0]",2,1,1,,0.25,4
3331,998b57e2-8861-11f1-baeb-b48c9db4e1b4,12,"[0, 0, 1, 0]",3,0,0,,0.25,4
3332,998b57e2-8861-11f1-baeb-b48c9db4e1b4,13,"[0, 0, 1, 0]",0,0,0,,0.25,4
3333,998b57e2-8861-11f1-baeb-b48c9db4e1b4,13,"[0, 0, 1, 0]",1,0,0,,0.25,4
3334,998b57e2-8861-11f1-baeb-b48c9db4e1b4,13,"[0, 0, 1, 0]",2,1,1,,0.25,4
3335,998b57e2-8861-11f1-baeb-b48c9db4e1b4,13,"[0, 0, 1, 0]",3,0,0,,0.25,4
3336,998b57e2-8861-11f1-baeb-b48c9db4e1b4,14,"[0, 0, 1, 0]",0,0,0,,0.25,4
3337,998b57e2-8861-11f1-baeb-b48c9db4e1b4,14,"[0, 0, 1, 0]",1,0,0,,0.25,4
3338,998b57e2-8861-11f1-baeb-b48c9db4e1b4,14,"[0, 0, 1, 0]",2,1,1,,0.25,4
3339,998b57e2-8861-11f1-baeb-b48c9db4e1b4,14,"[0, 0, 1, 0]",3,0,0,,0.25,4
3340,998b57e2-8861-11f1-baeb-b48c9db4e1b4,15,"[0, 0, 1, 0]",0,0,0,,0.25,4
3341,998b57e2-8861-11f1-baeb-b48c9db4e1b4,15,"[0, 0, 1, 0]",1,0,0,,0.25,4
3342,998b57e2-8861-11f1-baeb-b48c9db4e1b4,15,"[0, 0, 1, 0]",2,1,1,,0.25,4
3343,998b57e2-8861-11f1-baeb-b48c9db4e1b4,15,"[0, 0, 1, 0]",3,0,0,,0.25,4
3344,998b57e2-8861-11f1-baeb-b48c9db4e1b4,16,"[0, 0, 1, 0]",0,0,0,,0.25,4
3345,998b57e2-8861-11f1-baeb-b48c9db4e1b4,16,"[0, 0, 1, 0]",1,0,0,,0.25,4
3346,998b57e2-8861-11f1-baeb-b48c9db4e1b4,16,"[0, 0, 1, 0]",2,1,1,,0.25,4
3347,998b57e2-8861-11f1-baeb-b48c9db4e1b4,16,"[0, 0, 1, 0]",3,0,0,,0.25,4
3348,998b57e2-8861-11f1-baeb-b48c9db4e1b4,17,"[0, 0, 1, 0]",0,0,0,,0.25,4
3349,998b57e2-8861-11f1-baeb-b48c9db4e1b4,17,"[0, 0, 1, 0]",1,0,0,,0.25,4
3350,998b57e2-8861-11f1-baeb-b48c9db4e1b4,17,"[0, 0, 1, 0]",2,1,1,,0.25,4
3351,998b57e2-8861-11f1-baeb-b48c9db4e1b4,17,"[0, 0, 1, 0]",3,0,0,,0.25,4
3352,998b57e2-8861-11f1-baeb-b48c9db4e1b4,18,"[0, 0, 1, 0]",0,0,0,,0.25,4
3353,998b57e2-8861-11f1-baeb-b48c9db4e1b4,18,"[0, 0, 1, 0]",1,0,0,,0.25,4
3354,998b57e2-8861-11f1-baeb-b48c9db4e1b4,18,"[0, 0, 1, 0]",2,1,1,,0.25,4
3355,998b57e2-8861-11f1-baeb-b48c9db4e1b4,18,"[0, 0, 1, 0]",3,0,0,,0.25,4
3356,998b57e2-8861-11f1-baeb-b48c9db4e1b4,19,"[0, 0, 1, 0]",0,0,0,,0.25,4
3357,998b57e2-8861-11f1-baeb-b48c9db4e1b4,19,"[0, 0, 1, 0]",1,0,0,,0.25,4
3358,998b57e2-8861-11f1-baeb-b48c9db4e1b4,19,"[0, 0, 1, 0]",2,1,1,,0.25,4
3359,998b57e2-8861-11f1-baeb-b48c9db4e1b4,19,"[0, 0, 1, 0]",3,0,0,,0.25,4
3360,998e96d8-8861-11f1-a13a-b48c9db4e1b4,0,"[0, 1, 1, 1]",0,0,0,,0.25,4
3361,998e96d8-8861-11f1-a13a-b48c9db4e1b4,0,"[0, 1, 1, 1]",1,1,-1,,0.25,4
3362,998e96d8-8861-11f1-a13a-b48c9db4e1b4,0,"[0, 1, 1, 1]",2,1,-1,,0.25,4
3363,998e96d8-8861-11f1-a13a-b48c9db4e1b4,0,"[0, 1, 1, 1]",3,1,-1,,0.25,4
3364,998e96d8-8861-11f1-a13a-b48c9db4e1b4,1,"[0, 0, 1, 0]",0,0,0,,0.25,4
3365,998e96d8-8861-11f1-a13a-b48c9db4e1b4,1,"[0, 0, 1, 0]",1,0,0,,0.25,4
3366,998e96d8-8861-11f1-a13a-b48c9db4e1b4,1,"[0, 0, 1, 0]",2,1,1,,0.25,4
3367,998e96d8-8861-11f1-a13a-b48c9db4e1b4,1,"[0, 0, 1, 0]",3,0,0,,0.25,4
3368,998e96d8-8861-11f1-a13a-b48c9db4e1b4,2,"[0, 0, 1, 0]",0,0,0,,0.25,4
3369,998e96d8-8861-11f1-a13a-b48c9db4e1b4,2,"[0, 0, 1, 0]",1,0,0,,0.25,4
3370,998e96d8-8861-11f1-a13a-b48c9db4e1b4,2,"[0, 0, 1, 0]",2,1,1,,0.25,4
3371,998e96d8-8861-11f1-a13a-b48c9db4e1b4,2,"[0, 0, 1, 0]",3,0,0,,0.25,4
3372,998e96d8-8861-11f1-a13a-b48c9db4e1b4,3,"[0, 0, 1, 0]",0,0,0,,0.25,4
3373,998e96d8-8861-11f1-a13a-b48c9db4e1b4,3,"[0, 0, 1, 0]",1,0,0,,0.25,4
3374,998e96d8-8861-11f1-a13a-b48c9db4e1b4,3,"[0, 0, 1, 0]",2,1,1,,0.25,4
3375,998e96d8-8861-11f1-a13a-b48c9db4e1b4,3,"[0, 0, 1, 0]",3,0,0,,0.25,4
3376,998e96d8-8861-11f1-a13a-b48c9db4e1b4,4,"[0, 0, 1, 0]",0,0,0,,0.25,4
3377,998e96d8-8861-11f1-a13a-b48c9db4e1b4,4,"[0, 0, 1, 0]",1,0,0,,0.25,4
3378,998e96d8-8861-11f1-a13a-b48c9db4e1b4,4,"[0, 0, 1, 0]",2,1,1,,0.25,4
3379,998e96d8-8861-11f1-a13a-b48c9db4e1b4,4,"[0, 0, 1, 0]",3,0,0,,0.25,4
3380,998e96d8-8861-11f1-a13a-b48c9db4e1b4,5,"[0, 0, 1, 0]",0,0,0,,0.25,4
3381,998e96d8-8861-11f1-a13a-b48c9db4e1b4,5,"[0, 0, 1, 0]",1,0,0,,0.25,4
3382,998e96d8-8861-11f1-a13a-b48c9db4e1b4,5,"[0, 0, 1, 0]",2,1,1,,0.25,4
3383,998e96d8-8861-11f1-a13a-b48c9db4e1b4,5,"[0, 0, 1, 0]",3,0,0,,0.25,4
3384,998e96d8-8861-11f1-a13a-b48c9db4e1b4,6,"[0, 0, 1, 0]",0,0,0,,0.25,4
3385,998e96d8-8861-11f1-a13a-b48c9db4e1b4,6,"[0, 0, 1, 0]",1,0,0,,0.25,4
3386,998e96d8-8861-11f1-a13a-b48c9db4e1b4,6,"[0, 0, 1, 0]",2,1,1,,0.25,4
3387,998e96d8-8861-11f1-a13a-b48c9db4e1b4,6,"[0, 0, 1, 0]",3,0,0,,0.25,4
3388,998e96d8-8861-11f1-a13a-b48c9db4e1b4,7,"[0, 0, 1, 0]",0,0,0,,0.25,4
3389,998e96d8-8861-11f1-a13a-b48c9db4e1b4,7,"[0, 0, 1, 0]",1,0,0,,0.25,4
3390,998e96d8-8861-11f1-a13a-b48c9db4e1b4,7,"[0, 0, 1, 0]",2,1,1,,0.25,4
3391,998e96d8-8861-11f1-a13a-b48c9db4e1b4,7,"[0, 0, 1, 0]",3,0,0,,0.25,4
3392,998e96d8-8861-11f1-a13a-b48c9db4e1b4,8,"[0, 0, 1, 0]",0,0,0,,0.25,4
3393,998e96d8-8861-11f1-a13a-b48c9db4e1b4,8,"[0, 0, 1, 0]",1,0,0,,0.25,4
3394,998e96d8-8861-11f1-a13a-b48c9db4e1b4,8,"[0, 0, 1, 0]",2,1,1,,0.25,4
3395,998e96d8-8861-11f1-a13a-b48c9db4e1b4,8,"[0, 0, 1, 0]",3,0,0,,0.25,4
3396,998e96d8-8861-11f1-a13a-b48c9db4e1b4,9,"[0, 0, 1, 0]",0,0,0,,0.25,4
3397,998e96d8-8861-11f1-a13a-b48c9db4e1b4,9,"[0, 0, 1, 0]",1,0,0,,0.25,4
3398,998e96d8-8861-11f1-a13a-b48c9db4e1b4,9,"[0, 0, 1, 0]",2,1,1,,0.25,4
3399,998e96d8-8861-11f1-a13a-b48c9db4e1b4,9,"[0, 0, 1, 0]",3,0,0,,0.25,4
3400,998e96d8-8861-11f1-a13a-b48c9db4e1b4,10,"[0, 0, 1, 0]",0,0,0,,0.25,4
3401,998e96d8-8861-11f1-a13a-b48c9db4e1b4,10,"[0, 0, 1, 0]",1,0,0,,0.25,4
3402,998e96d8-8861-11f1-a13a-b48c9db4e1b4,10,"[0, 0, 1, 0]",2,1,1,,0.25,4
3403,998e96d8-8861-11f1-a13a-b48c9db4e1b4,10,"[0, 0, 1, 0]",3,0,0,,0.25,4
3404,998e96d8-8861-11f1-a13a-b48c9db4e1b4,11,"[0, 0, 1, 0]",0,0,0,,0.25,4
3405,998e96d8-8861-11f1-a13a-b48c9db4e1b4,11,"[0, 0, 1, 0]",1,0,0,,0.25,4
3406,998e96d8-8861-11f1-a13a-b48c9db4e1b4,11,"[0, 0, 1, 0]",2,1,1,,0.25,4
3407,998e96d8-8861-11f1-a13a-b48c9db4e1b4,11,"[0, 0, 1, 0]",3,0,0,,0.25,4
3408,998e96d8-8861-11f1-a13a-b48c9db4e1b4,12,"[0, 0, 1, 0]",0,0,0,,0.25,4
3409,998e96d8-8861-11f1-a13a-b48c9db4e1b4,12,"[0, 0, 1, 0]",1,0,0,,0.25,4
3410,998e96d8-8861-11f1-a13a-b48c9db4e1b4,12,"[0, 0, 1, 0]",2,1,1,,0.25,4
3411,998e96d8-8861-11f1-a13a-b48c9db4e1b4,12,"[0, 0, 1, 0]",3,0,0,,0.25,4
3412,998e96d8-8861-11f1-a13a-b48c9db4e1b4,13,"[0, 0, 1, 0]",0,0,0,,0.25,4
3413,998e96d8-8861-11f1-a13a-b48c9db4e1b4,13,"[0, 0, 1, 0]",1,0,0,,0.25,4
3414,998e96d8-8861-11f1-a13a-b48c9db4e1b4,13,"[0, 0, 1, 0]",2,1,1,,0.25,4
3415,998e96d8-8861-11f1-a13a-b48c9db4e1b4,13,"[0, 0, 1, 0]",3,0,0,,0.25,4
3416,998e96d8-8861-11f1-a13a-b48c9db4e1b4,14,"[0, 0, 1, 0]",0,0,0,,0.25,4
3417,998e96d8-8861-11f1-a13a-b48c9db4e1b4,14,"[0, 0, 1, 0]",1,0,0,,0.25,4
3418,998e96d8-8861-11f1-a13a-b48c9db4e1b4,14,"[0, 0, 1, 0]",2,1,1,,0.25,4
3419,998e96d8-8861-11f1-a13a-b48c9db4e1b4,14,"[0, 0, 1, 0]",3,0,0,,0.25,4
3420,998e96d8-8861-11f1-a13a-b48c9db4e1b4,15,"[0, 0, 1, 0]",0,0,0,,0.25,4
3421,998e96d8-8861-11f1-a13a-b48c9db4e1b4,15,"[0, 0, 1, 0]",1,0,0,,0.25,4
3422,998e96d8-8861-11f1-a13a-b48c9db4e1b4,15,"[0, 0, 1, 0]",2,1,1,,0.25,4
3423,998e96d8-8861-11f1-a13a-b48c9db4e1b4,15,"[0, 0, 1, 0]",3,0,0,,0.25,4
3424,998e96d8-8861-11f1-a13a-b48c9db4e1b4,16,"[0, 0, 1, 0]",0,0,0,,0.25,4
3425,998e96d8-8861-11f1-a13a-b48c9db4e1b4,16,"[0, 0, 1, 0]",1,0,0,,0.25,4
3426,998e96d8-8861-11f1-a13a-b48c9db4e1b4,16,"[0, 0, 1, 0]",2,1,1,,0.25,4
3427,998e96d8-8861-11f1-a13a-b48c9db4e1b4,16,"[0, 0, 1, 0]",3,0,0,,0.25,4
3428,998e96d8-8861-11f1-a13a-b48c9db4e1b4,17,"[0, 0, 1, 0]",0,0,0,,0.25,4
3429,998e96d8-8861-11f1-a13a-b48c9db4e1b4,17,"[0, 0, 1, 0]",1,0,0,,0.25,4
3430,998e96d8-8861-11f1-a13a-b48c9db4e1b4,17,"[0, 0, 1, 0]",2,1,1,,0.25,4
3431,998e96d8-8861-11f1-a13a-b48c9db4e1b4,17,"[0, 0, 1, 0]",3,0,0,,0.25,4
3432,998e96d8-8861-11f1-a13a-b48c9db4e1b4,18,"[0, 0, 1, 0]",0,0,0,,0.25,4
3433,998e96d8-8861-11f1-a13a-b48c9db4e1b4,18,"[0, 0, 1, 0]",1,0,0,,0.25,4
3434,998e96d8-8861-11f1-a13a-b48c9db4e1b4,18,"[0, 0, 1, 0]",2,1,1,,0.25,4
3435,998e96d8-8861-11f1-a13a-b48c9db4e1b4,18,"[0, 0, 1, 0]",3,0,0,,0.25,4
3436,998e96d8-8861-11f1-a13a-b48c9db4e1b4,19,"[0, 0, 1, 0]",0,0,0,,0.25,4
3437,998e96d8-8861-11f1-a13a-b48c9db4e1b4,19,"[0, 0, 1, 0]",1,0,0,,0.25,4
3438,998e96d8-8861-11f1-a13a-b48c9db4e1b4,19,"[0, 0, 1, 0]",2,1,1,,0.25,4
3439,998e96d8-8861-11f1-a13a-b48c9db4e1b4,19,"[0, 0, 1, 0]",3,0,0,,0.25,4
3440,99923c00-8861-11f1-93ba-b48c9db4e1b4,0,"[0, 1, 0, 0]",0,0,0,,0.25,4
3441,99923c00-8861-11f1-93ba-b48c9db4e1b4,0,"[0, 1, 0, 0]",1,1,1,,0.25,4
3442,99923c00-8861-11f1-93ba-b48c9db4e1b4,0,"[0, 1, 0, 0]",2,0,0,,0.25,4
3443,99923c00-8861-11f1-93ba-b48c9db4e1b4,0,"[0, 1, 0, 0]",3,0,0,,0.25,4
3444,99923c00-8861-11f1-93ba-b48c9db4e1b4,1,"[0, 0, 1, 0]",0,0,0,,0.25,4
3445,99923c00-8861-11f1-93ba-b48c9db4e1b4,1,"[0, 0, 1, 0]",1,0,0,,0.25,4
3446,99923c00-8861-11f1-93ba-b48c9db4e1b4,1,"[0, 0, 1, 0]",2,1,1,,0.25,4
3447,99923c00-8861-11f1-93ba-b48c9db4e1b4,1,"[0, 0, 1, 0]",3,0,0,,0.25,4
3448,99923c00-8861-11f1-93ba-b48c9db4e1b4,2,"[0, 0, 1, 0]",0,0,0,,0.25,4
3449,99923c00-8861-11f1-93ba-b48c9db4e1b4,2,"[0, 0, 1, 0]",1,0,0,,0.25,4
3450,99923c00-8861-11f1-93ba-b48c9db4e1b4,2,"[0, 0, 1, 0]",2,1,1,,0.25,4
3451,99923c00-8861-11f1-93ba-b48c9db4e1b4,2,"[0, 0, 1, 0]",3,0,0,,0.25,4
3452,99923c00-8861-11f1-93ba-b48c9db4e1b4,3,"[0, 0, 1, 0]",0,0,0,,0.25,4
3453,99923c00-8861-11f1-93ba-b48c9db4e1b4,3,"[0, 0, 1, 0]",1,0,0,,0.25,4
3454,99923c00-8861-11f1-93ba-b48c9db4e1b4,3,"[0, 0, 1, 0]",2,1,1,,0.25,4
3455,99923c00-8861-11f1-93ba-b48c9db4e1b4,3,"[0, 0, 1, 0]",3,0,0,,0.25,4
3456,99923c00-8861-11f1-93ba-b48c9db4e1b4,4,"[0, 0, 1, 0]",0,0,0,,0.25,4
3457,99923c00-8861-11f1-93ba-b48c9db4e1b4,4,"[0, 0, 1, 0]",1,0,0,,0.25,4
3458,99923c00-8861-11f1-93ba-b48c9db4e1b4,4,"[0, 0, 1, 0]",2,1,1,,0.25,4
3459,99923c00-8861-11f1-93ba-b48c9db4e1b4,4,"[0, 0, 1, 0]",3,0,0,,0.25,4
3460,99923c00-8861-11f1-93ba-b48c9db4e1b4,5,"[0, 0, 1, 0]",0,0,0,,0.25,4
3461,99923c00-8861-11f1-93ba-b48c9db4e1b4,5,"[0, 0, 1, 0]",1,0,0,,0.25,4
3462,99923c00-8861-11f1-93ba-b48c9db4e1b4,5,"[0, 0, 1, 0]",2,1,1,,0.25,4
3463,99923c00-8861-11f1-93ba-b48c9db4e1b4,5,"[0, 0, 1, 0]",3,0,0,,0.25,4
3464,99923c00-8861-11f1-93ba-b48c9db4e1b4,6,"[0, 0, 1, 0]",0,0,0,,0.25,4
3465,99923c00-8861-11f1-93ba-b48c9db4e1b4,6,"[0, 0, 1, 0]",1,0,0,,0.25,4
3466,99923c00-8861-11f1-93ba-b48c9db4e1b4,6,"[0, 0, 1, 0]",2,1,1,,0.25,4
3467,99923c00-8861-11f1-93ba-b48c9db4e1b4,6,"[0, 0, 1, 0]",3,0,0,,0.25,4
3468,99923c00-8861-11f1-93ba-b48c9db4e1b4,7,"[0, 0, 1, 0]",0,0,0,,0.25,4
3469,99923c00-8861-11f1-93ba-b48c9db4e1b4,7,"[0, 0, 1, 0]",1,0,0,,0.25,4
3470,99923c00-8861-11f1-93ba-b48c9db4e1b4,7,"[0, 0, 1, 0]",2,1,1,,0.25,4
3471,99923c00-8861-11f1-93ba-b48c9db4e1b4,7,"[0, 0, 1, 0]",3,0,0,,0.25,4
3472,99923c00-8861-11f1-93ba-b48c9db4e1b4,8,"[0, 0, 1, 0]",0,0,0,,0.25,4
3473,99923c00-8861-11f1-93ba-b48c9db4e1b4,8,"[0, 0, 1, 0]",1,0,0,,0.25,4
3474,99923c00-8861-11f1-93ba-b48c9db4e1b4,8,"[0, 0, 1, 0]",2,1,1,,0.25,4
3475,99923c00-8861-11f1-93ba-b48c9db4e1b4,8,"[0, 0, 1, 0]",3,0,0,,0.25,4
3476,99923c00-8861-11f1-93ba-b48c9db4e1b4,9,"[0, 0, 1, 0]",0,0,0,,0.25,4
3477,99923c00-8861-11f1-93ba-b48c9db4e1b4,9,"[0, 0, 1, 0]",1,0,0,,0.25,4
3478,99923c00-8861-11f1-93ba-b48c9db4e1b4,9,"[0, 0, 1, 0]",2,1,1,,0.25,4
3479,99923c00-8861-11f1-93ba-b48c9db4e1b4,9,"[0, 0, 1, 0]",3,0,0,,0.25,4
3480,99923c00-8861-11f1-93ba-b48c9db4e1b4,10,"[0, 0, 1, 0]",0,0,0,,0.25,4
3481,99923c00-8861-11f1-93ba-b48c9db4e1b4,10,"[0, 0, 1, 0]",1,0,0,,0.25,4
3482,99923c00-8861-11f1-93ba-b48c9db4e1b4,10,"[0, 0, 1, 0]",2,1,1,,0.25,4
3483,99923c00-8861-11f1-93ba-b48c9db4e1b4,10,"[0, 0, 1, 0]",3,0,0,,0.25,4
3484,99923c00-8861-11f1-93ba-b48c9db4e1b4,11,"[0, 0, 1, 0]",0,0,0,,0.25,4
3485,99923c00-8861-11f1-93ba-b48c9db4e1b4,11,"[0, 0, 1, 0]",1,0,0,,0.25,4
3486,99923c00-8861-11f1-93ba-b48c9db4e1b4,11,"[0, 0, 1, 0]",2,1,1,,0.25,4
3487,99923c00-8861-11f1-93ba-b48c9db4e1b4,11,"[0, 0, 1, 0]",3,0,0,,0.25,4
3488,99923c00-8861-11f1-93ba-b48c9db4e1b4,12,"[0, 0, 1, 0]",0,0,0,,0.25,4
3489,99923c00-8861-11f1-93ba-b48c9db4e1b4,12,"[0, 0, 1, 0]",1,0,0,,0.25,4
3490,99923c00-8861-11f1-93ba-b48c9db4e1b4,12,"[0, 0, 1, 0]",2,1,1,,0.25,4
3491,99923c00-8861-11f1-93ba-b48c9db4e1b4,12,"[0, 0, 1, 0]",3,0,0,,0.25,4
3492,99923c00-8861-11f1-93ba-b48c9db4e1b4,13,"[0, 0, 1, 0]",0,0,0,,0.25,4
3493,99923c00-8861-11f1-93ba-b48c9db4e1b4,13,"[0, 0, 1, 0]",1,0,0,,0.25,4
3494,99923c00-8861-11f1-93ba-b48c9db4e1b4,13,"[0, 0, 1, 0]",2,1,1,,0.25,4
3495,99923c00-8861-11f1-93ba-b48c9db4e1b4,13,"[0, 0, 1, 0]",3,0,0,,0.25,4
3496,99923c00-8861-11f1-93ba-b48c9db4e1b4,14,"[0, 0, 1, 0]",0,0,0,,0.25,4
3497,99923c00-8861-11f1-93ba-b48c9db4e1b4,14,"[0, 0, 1, 0]",1,0,0,,0.25,4
3498,99923c00-8861-11f1-93ba-b48c9db4e1b4,14,"[0, 0, 1, 0]",2,1,1,,0.25,4
3499,99923c00-8861-11f1-93ba-b48c9db4e1b4,14,"[0, 0, 1, 0]",3,0,0,,0.25,4
3500,99923c00-8861-11f1-93ba-b48c9db4e1b4,15,"[0, 0, 1, 0]",0,0,0,,0.25,4
3501,99923c00-8861-11f1-93ba-b48c9db4e1b4,15,"[0, 0, 1, 0]",1,0,0,,0.25,4
3502,99923c00-8861-11f1-93ba-b48c9db4e1b4,15,"[0, 0, 1, 0]",2,1,1,,0.25,4
3503,99923c00-8861-11f1-93ba-b48c9db4e1b4,15,"[0, 0, 1, 0]",3,0,0,,0.25,4
3504,99923c00-8861-11f1-93ba-b48c9db4e1b4,16,"[0, 0, 1, 0]",0,0,0,,0.25,4
3505,99923c00-8861-11f1-93ba-b48c9db4e1b4,16,"[0, 0, 1, 0]",1,0,0,,0.25,4
3506,99923c00-8861-11f1-93ba-b48c9db4e1b4,16,"[0, 0, 1, 0]",2,1,1,,0.25,4
3507,99923c00-8861-11f1-93ba-b48c9db4e1b4,16,"[0, 0, 1, 0]",3,0,0,,0.25,4
3508,99923c00-8861-11f1-93ba-b48c9db4e1b4,17,"[0, 0, 1, 0]",0,0,0,,0.25,4
3509,99923c00-8861-11f1-93ba-b48c9db4e1b4,17,"[0, 0, 1, 0]",1,0,0,,0.25,4
3510,99923c00-8861-11f1-93ba-b48c9db4e1b4,17,"[0, 0, 1, 0]",2,1,1,,0.25,4
3511,99923c00-8861-11f1-93ba-b48c9db4e1b4,17,"[0, 0, 1, 0]",3,0,0,,0.25,4
3512,99923c00-8861-11f1-93ba-b48c9db4e1b4,18,"[0, 0, 1, 0]",0,0,0,,0.25,4
3513,99923c00-8861-11f1-93ba-b48c9db4e1b4,18,"[0, 0, 1, 0]",1,0,0,,0.25,4
3514,99923c00-8861-11f1-93ba-b48c9db4e1b4,18,"[0, 0, 1, 0]",2,1,1,,0.25,4
3515,99923c00-8861-11f1-93ba-b48c9db4e1b4,18,"[0, 0, 1, 0]",3,0,0,,0.25,4
3516,99923c00-8861-11f1-93ba-b48c9db4e1b4,19,"[0, 0, 1, 0]",0,0,0,,0.25,4
3517,99923c00-8861-11f1-93ba-b48c9db4e1b4,19,"[0, 0, 1, 0]",1,0,0,,0.25,4
3518,99923c00-8861-11f1-93ba-b48c9db4e1b4,19,"[0, 0, 1, 0]",2,1,1,,0.25,4
3519,99923c00-8861-11f1-93ba-b48c9db4e1b4,19,"[0, 0, 1, 0]",3,0,0,,0.25,4
3520,9995d6e5-8861-11f1-9394-b48c9db4e1b4,0,"[0, 0, 1, 0]",0,0,0,,0.25,4
3521,9995d6e5-8861-11f1-9394-b48c9db4e1b4,0,"[0, 0, 1, 0]",1,0,0,,0.25,4
3522,9995d6e5-8861-11f1-9394-b48c9db4e1b4,0,"[0, 0, 1, 0]",2,1,1,,0.25,4
3523,9995d6e5-8861-11f1-9394-b48c9db4e1b4,0,"[0, 0, 1, 0]",3,0,0,,0.25,4
3524,9995d6e5-8861-11f1-9394-b48c9db4e1b4,1,"[0, 0, 1, 0]",0,0,0,,0.25,4
3525,9995d6e5-8861-11f1-9394-b48c9db4e1b4,1,"[0, 0, 1, 0]",1,0,0,,0.25,4
3526,9995d6e5-8861-11f1-9394-b48c9db4e1b4,1,"[0, 0, 1, 0]",2,1,1,,0.25,4
3527,9995d6e5-8861-11f1-9394-b48c9db4e1b4,1,"[0, 0, 1, 0]",3,0,0,,0.25,4
3528,9995d6e5-8861-11f1-9394-b48c9db4e1b4,2,"[0, 0, 1, 0]",0,0,0,,0.25,4
3529,9995d6e5-8861-11f1-9394-b48c9db4e1b4,2,"[0, 0, 1, 0]",1,0,0,,0.25,4
3530,9995d6e5-8861-11f1-9394-b48c9db4e1b4,2,"[0, 0, 1, 0]",2,1,1,,0.25,4
3531,9995d6e5-8861-11f1-9394-b48c9db4e1b4,2,"[0, 0, 1, 0]",3,0,0,,0.25,4
3532,9995d6e5-8861-11f1-9394-b48c9db4e1b4,3,"[0, 0, 1, 0]",0,0,0,,0.25,4
3533,9995d6e5-8861-11f1-9394-b48c9db4e1b4,3,"[0, 0, 1, 0]",1,0,0,,0.25,4
3534,9995d6e5-8861-11f1-9394-b48c9db4e1b4,3,"[0, 0, 1, 0]",2,1,1,,0.25,4
3535,9995d6e5-8861-11f1-9394-b48c9db4e1b4,3,"[0, 0, 1, 0]",3,0,0,,0.25,4
3536,9995d6e5-8861-11f1-9394-b48c9db4e1b4,4,"[0, 0, 1, 0]",0,0,0,,0.25,4
3537,9995d6e5-8861-11f1-9394-b48c9db4e1b4,4,"[0, 0, 1, 0]",1,0,0,,0.25,4
3538,9995d6e5-8861-11f1-9394-b48c9db4e1b4,4,"[0, 0, 1, 0]",2,1,1,,0.25,4
3539,9995d6e5-8861-11f1-9394-b48c9db4e1b4,4,"[0, 0, 1, 0]",3,0,0,,0.25,4
3540,9995d6e5-8861-11f1-9394-b48c9db4e1b4,5,"[0, 0, 1, 0]",0,0,0,,0.25,4
3541,9995d6e5-8861-11f1-9394-b48c9db4e1b4,5,"[0, 0, 1, 0]",1,0,0,,0.25,4
3542,9995d6e5-8861-11f1-9394-b48c9db4e1b4,5,"[0, 0, 1, 0]",2,1,1,,0.25,4
3543,9995d6e5-8861-11f1-9394-b48c9db4e1b4,5,"[0, 0, 1, 0]",3,0,0,,0.25,4
3544,9995d6e5-8861-11f1-9394-b48c9db4e1b4,6,"[0, 0, 1, 0]",0,0,0,,0.25,4
3545,9995d6e5-8861-11f1-9394-b48c9db4e1b4,6,"[0, 0, 1, 0]",1,0,0,,0.25,4
3546,9995d6e5-8861-11f1-9394-b48c9db4e1b4,6,"[0, 0, 1, 0]",2,1,1,,0.25,4
3547,9995d6e5-8861-11f1-9394-b48c9db4e1b4,6,"[0, 0, 1, 0]",3,0,0,,0.25,4
3548,9995d6e5-8861-11f1-9394-b48c9db4e1b4,7,"[0, 0, 1, 0]",0,0,0,,0.25,4
3549,9995d6e5-8861-11f1-9394-b48c9db4e1b4,7,"[0, 0, 1, 0]",1,0,0,,0.25,4
3550,9995d6e5-8861-11f1-9394-b48c9db4e1b4,7,"[0, 0, 1, 0]",2,1,1,,0.25,4
3551,9995d6e5-8861-11f1-9394-b48c9db4e1b4,7,"[0, 0, 1, 0]",3,0,0,,0.25,4
3552,9995d6e5-8861-11f1-9394-b48c9db4e1b4,8,"[0, 0, 1, 0]",0,0,0,,0.25,4
3553,9995d6e5-8861-11f1-9394-b48c9db4e1b4,8,"[0, 0, 1, 0]",1,0,0,,0.25,4
3554,9995d6e5-8861-11f1-9394-b48c9db4e1b4,8,"[0, 0, 1, 0]",2,1,1,,0.25,4
3555,9995d6e5-8861-11f1-9394-b48c9db4e1b4,8,"[0, 0, 1, 0]",3,0,0,,0.25,4
3556,9995d6e5-8861-11f1-9394-b48c9db4e1b4,9,"[0, 0, 1, 0]",0,0,0,,0.25,4
3557,9995d6e5-8861-11f1-9394-b48c9db4e1b4,9,"[0, 0, 1, 0]",1,0,0,,0.25,4
3558,9995d6e5-8861-11f1-9394-b48c9db4e1b4,9,"[0, 0, 1, 0]",2,1,1,,0.25,4
3559,9995d6e5-8861-11f1-9394-b48c9db4e1b4,9,"[0, 0, 1, 0]",3,0,0,,0.25,4
3560,9995d6e5-8861-11f1-9394-b48c9db4e1b4,10,"[0, 0, 1, 0]",0,0,0,,0.25,4
3561,9995d6e5-8861-11f1-9394-b48c9db4e1b4,10,"[0, 0, 1, 0]",1,0,0,,0.25,4
3562,9995d6e5-8861-11f1-9394-b48c9db4e1b4,10,"[0, 0, 1, 0]",2,1,1,,0.25,4
3563,9995d6e5-8861-11f1-9394-b48c9db4e1b4,10,"[0, 0, 1, 0]",3,0,0,,0.25,4
3564,9995d6e5-8861-11f1-9394-b48c9db4e1b4,11,"[0, 0, 1, 0]",0,0,0,,0.25,4
3565,9995d6e5-8861-11f1-9394-b48c9db4e1b4,11,"[0, 0, 1, 0]",1,0,0,,0.25,4
3566,9995d6e5-8861-11f1-9394-b48c9db4e1b4,11,"[0, 0, 1, 0]",2,1,1,,0.25,4
3567,9995d6e5-8861-11f1-9394-b48c9db4e1b4,11,"[0, 0, 1, 0]",3,0,0,,0.25,4
3568,9995d6e5-8861-11f1-9394-b48c9db4e1b4,12,"[0, 0, 1, 0]",0,0,0,,0.25,4
3569,9995d6e5-8861-11f1-9394-b48c9db4e1b4,12,"[0, 0, 1, 0]",1,0,0,,0.25,4
3570,9995d6e5-8861-11f1-9394-b48c9db4e1b4,12,"[0, 0, 1, 0]",2,1,1,,0.25,4
3571,9995d6e5-8861-11f1-9394-b48c9db4e1b4,12,"[0, 0, 1, 0]",3,0,0,,0.25,4
3572,9995d6e5-8861-11f1-9394-b48c9db4e1b4,13,"[0, 0, 1, 0]",0,0,0,,0.25,4
3573,9995d6e5-8861-11f1-9394-b48c9db4e1b4,13,"[0, 0, 1, 0]",1,0,0,,0.25,4
3574,9995d6e5-8861-11f1-9394-b48c9db4e1b4,13,"[0, 0, 1, 0]",2,1,1,,0.25,4
3575,9995d6e5-8861-11f1-9394-b48c9db4e1b4,13,"[0, 0, 1, 0]",3,0,0,,0.25,4
3576,9995d6e5-8861-11f1-9394-b48c9db4e1b4,14,"[0, 0, 1, 0]",0,0,0,,0.25,4
3577,9995d6e5-8861-11f1-9394-b48c9db4e1b4,14,"[0, 0, 1, 0]",1,0,0,,0.25,4
3578,9995d6e5-8861-11f1-9394-b48c9db4e1b4,14,"[0, 0, 1, 0]",2,1,1,,0.25,4
3579,9995d6e5-8861-11f1-9394-b48c9db4e1b4,14,"[0, 0, 1, 0]",3,0,0,,0.25,4
3580,9995d6e5-8861-11f1-9394-b48c9db4e1b4,15,"[0, 0, 1, 0]",0,0,0,,0.25,4
3581,9995d6e5-8861-11f1-9394-b48c9db4e1b4,15,"[0, 0, 1, 0]",1,0,0,,0.25,4
3582,9995d6e5-8861-11f1-9394-b48c9db4e1b4,15,"[0, 0, 1, 0]",2,1,1,,0.25,4
3583,9995d6e5-8861-11f1-9394-b48c9db4e1b4,15,"[0, 0, 1, 0]",3,0,0,,0.25,4
3584,9995d6e5-8861-11f1-9394-b48c9db4e1b4,16,"[0, 0, 1, 0]",0,0,0,,0.25,4
3585,9995d6e5-8861-11f1-9394-b48c9db4e1b4,16,"[0, 0, 1, 0]",1,0,0,,0.25,4
3586,9995d6e5-8861-11f1-9394-b48c9db4e1b4,16,"[0, 0, 1, 0]",2,1,1,,0.25,4
3587,9995d6e5-8861-11f1-9394-b48c9db4e1b4,16,"[0, 0, 1, 0]",3,0,0,,0.25,4
3588,9995d6e5-8861-11f1-9394-b48c9db4e1b4,17,"[0, 0, 1, 0]",0,0,0,,0.25,4
3589,9995d6e5-8861-11f1-9394-b48c9db4e1b4,17,"[0, 0, 1, 0]",1,0,0,,0.25,4
3590,9995d6e5-8861-11f1-9394-b48c9db4e1b4,17,"[0, 0, 1, 0]",2,1,1,,0.25,4
3591,9995d6e5-8861-11f1-9394-b48c9db4e1b4,17,"[0, 0, 1, 0]",3,0,0,,0.25,4
3592,9995d6e5-8861-11f1-9394-b48c9db4e1b4,18,"[0, 0, 1, 0]",0,0,0,,0.25,4
3593,9995d6e5-8861-11f1-9394-b48c9db4e1b4,18,"[0, 0, 1, 0]",1,0,0,,0.25,4
3594,9995d6e5-8861-11f1-9394-b48c9db4e1b4,18,"[0, 0, 1, 0]",2,1,1,,0.25,4
3595,9995d6e5-8861-11f1-9394-b48c9db4e1b4,18,"[0, 0, 1, 0]",3,0,0,,0.25,4
3596,9995d6e5-8861-11f1-9394-b48c9db4e1b4,19,"[0, 0, 1, 0]",0,0,0,,0.25,4
3597,9995d6e5-8861-11f1-9394-b48c9db4e1b4,19,"[0, 0, 1, 0]",1,0,0,,0.25,4
3598,9995d6e5-8861-11f1-9394-b48c9db4e1b4,19,"[0, 0, 1, 0]",2,1,1,,0.25,4
3599,9995d6e5-8861-11f1-9394-b48c9db4e1b4,19,"[0, 0, 1, 0]",3,0,0,,0.25,4
3600,999963af-8861-11f1-9a48-b48c9db4e1b4,0,"[1, 1, 0, 0]",0,1,-1,,0.25,4
3601,999963af-8861-11f1-9a48-b48c9db4e1b4,0,"[1, 1, 0, 0]",1,1,-1,,0.25,4
3602,999963af-8861-11f1-9a48-b48c9db4e1b4,0,"[1, 1, 0, 0]",2,0,0,,0.25,4
3603,999963af-8861-11f1-9a48-b48c9db4e1b4,0,"[1, 1, 0, 0]",3,0,0,,0.25,4
3604,999963af-8861-11f1-9a48-b48c9db4e1b4,1,"[0, 0, 1, 0]",0,0,0,,0.25,4
3605,999963af-8861-11f1-9a48-b48c9db4e1b4,1,"[0, 0, 1, 0]",1,0,0,,0.25,4
3606,999963af-8861-11f1-9a48-b48c9db4e1b4,1,"[0, 0, 1, 0]",2,1,1,,0.25,4
3607,999963af-8861-11f1-9a48-b48c9db4e1b4,1,"[0, 0, 1, 0]",3,0,0,,0.25,4
3608,999963af-8861-11f1-9a48-b48c9db4e1b4,2,"[0, 0, 1, 0]",0,0,0,,0.25,4
3609,999963af-8861-11f1-9a48-b48c9db4e1b4,2,"[0, 0, 1, 0]",1,0,0,,0.25,4
3610,999963af-8861-11f1-9a48-b48c9db4e1b4,2,"[0, 0, 1, 0]",2,1,1,,0.25,4
3611,999963af-8861-11f1-9a48-b48c9db4e1b4,2,"[0, 0, 1, 0]",3,0,0,,0.25,4
3612,999963af-8861-11f1-9a48-b48c9db4e1b4,3,"[0, 0, 1, 0]",0,0,0,,0.25,4
3613,999963af-8861-11f1-9a48-b48c9db4e1b4,3,"[0, 0, 1, 0]",1,0,0,,0.25,4
3614,999963af-8861-11f1-9a48-b48c9db4e1b4,3,"[0, 0, 1, 0]",2,1,1,,0.25,4
3615,999963af-8861-11f1-9a48-b48c9db4e1b4,3,"[0, 0, 1, 0]",3,0,0,,0.25,4
3616,999963af-8861-11f1-9a48-b48c9db4e1b4,4,"[0, 0, 1, 0]",0,0,0,,0.25,4
3617,999963af-8861-11f1-9a48-b48c9db4e1b4,4,"[0, 0, 1, 0]",1,0,0,,0.25,4
3618,999963af-8861-11f1-9a48-b48c9db4e1b4,4,"[0, 0, 1, 0]",2,1,1,,0.25,4
3619,999963af-8861-11f1-9a48-b48c9db4e1b4,4,"[0, 0, 1, 0]",3,0,0,,0.25,4
3620,999963af-8861-11f1-9a48-b48c9db4e1b4,5,"[0, 0, 1, 0]",0,0,0,,0.25,4
3621,999963af-8861-11f1-9a48-b48c9db4e1b4,5,"[0, 0, 1, 0]",1,0,0,,0.25,4
3622,999963af-8861-11f1-9a48-b48c9db4e1b4,5,"[0, 0, 1, 0]",2,1,1,,0.25,4
3623,999963af-8861-11f1-9a48-b48c9db4e1b4,5,"[0, 0, 1, 0]",3,0,0,,0.25,4
3624,999963af-8861-11f1-9a48-b48c9db4e1b4,6,"[0, 0, 1, 0]",0,0,0,,0.25,4
3625,999963af-8861-11f1-9a48-b48c9db4e1b4,6,"[0, 0, 1, 0]",1,0,0,,0.25,4
3626,999963af-8861-11f1-9a48-b48c9db4e1b4,6,"[0, 0, 1, 0]",2,1,1,,0.25,4
3627,999963af-8861-11f1-9a48-b48c9db4e1b4,6,"[0, 0, 1, 0]",3,0,0,,0.25,4
3628,999963af-8861-11f1-9a48-b48c9db4e1b4,7,"[0, 0, 1, 0]",0,0,0,,0.25,4
3629,999963af-8861-11f1-9a48-b48c9db4e1b4,7,"[0, 0, 1, 0]",1,0,0,,0.25,4
3630,999963af-8861-11f1-9a48-b48c9db4e1b4,7,"[0, 0, 1, 0]",2,1,1,,0.25,4
3631,999963af-8861-11f1-9a48-b48c9db4e1b4,7,"[0, 0, 1, 0]",3,0,0,,0.25,4
3632,999963af-8861-11f1-9a48-b48c9db4e1b4,8,"[0, 0, 1, 0]",0,0,0,,0.25,4
3633,999963af-8861-11f1-9a48-b48c9db4e1b4,8,"[0, 0, 1, 0]",1,0,0,,0.25,4
3634,999963af-8861-11f1-9a48-b48c9db4e1b4,8,"[0, 0, 1, 0]",2,1,1,,0.25,4
3635,999963af-8861-11f1-9a48-b48c9db4e1b4,8,"[0, 0, 1, 0]",3,0,0,,0.25,4
3636,999963af-8861-11f1-9a48-b48c9db4e1b4,9,"[0, 0, 1, 0]",0,0,0,,0.25,4
3637,999963af-8861-11f1-9a48-b48c9db4e1b4,9,"[0, 0, 1, 0]",1,0,0,,0.25,4
3638,999963af-8861-11f1-9a48-b48c9db4e1b4,9,"[0, 0, 1, 0]",2,1,1,,0.25,4
3639,999963af-8861-11f1-9a48-b48c9db4e1b4,9,"[0, 0, 1, 0]",3,0,0,,0.25,4
3640,999963af-8861-11f1-9a48-b48c9db4e1b4,10,"[0, 0, 1, 0]",0,0,0,,0.25,4
3641,999963af-8861-11f1-9a48-b48c9db4e1b4,10,"[0, 0, 1, 0]",1,0,0,,0.25,4
3642,999963af-8861-11f1-9a48-b48c9db4e1b4,10,"[0, 0, 1, 0]",2,1,1,,0.25,4
3643,999963af-8861-11f1-9a48-b48c9db4e1b4,10,"[0, 0, 1, 0]",3,0,0,,0.25,4
3644,999963af-8861-11f1-9a48-b48c9db4e1b4,11,"[0, 0, 1, 0]",0,0,0,,0.25,4
3645,999963af-8861-11f1-9a48-b48c9db4e1b4,11,"[0, 0, 1, 0]",1,0,0,,0.25,4
3646,999963af-8861-11f1-9a48-b48c9db4e1b4,11,"[0, 0, 1, 0]",2,1,1,,0.25,4
3647,999963af-8861-11f1-9a48-b48c9db4e1b4,11,"[0, 0, 1, 0]",3,0,0,,0.25,4
3648,999963af-8861-11f1-9a48-b48c9db4e1b4,12,"[0, 0, 1, 0]",0,0,0,,0.25,4
3649,999963af-8861-11f1-9a48-b48c9db4e1b4,12,"[0, 0, 1, 0]",1,0,0,,0.25,4
3650,999963af-8861-11f1-9a48-b48c9db4e1b4,12,"[0, 0, 1, 0]",2,1,1,,0.25,4
3651,999963af-8861-11f1-9a48-b48c9db4e1b4,12,"[0, 0, 1, 0]",3,0,0,,0.25,4
3652,999963af-8861-11f1-9a48-b48c9db4e1b4,13,"[0, 0, 1, 0]",0,0,0,,0.25,4
3653,999963af-8861-11f1-9a48-b48c9db4e1b4,13,"[0, 0, 1, 0]",1,0,0,,0.25,4
3654,999963af-8861-11f1-9a48-b48c9db4e1b4,13,"[0, 0, 1, 0]",2,1,1,,0.25,4
3655,999963af-8861-11f1-9a48-b48c9db4e1b4,13,"[0, 0, 1, 0]",3,0,0,,0.25,4
3656,999963af-8861-11f1-9a48-b48c9db4e1b4,14,"[0, 0, 1, 0]",0,0,0,,0.25,4
3657,999963af-8861-11f1-9a48-b48c9db4e1b4,14,"[0, 0, 1, 0]",1,0,0,,0.25,4
3658,999963af-8861-11f1-9a48-b48c9db4e1b4,14,"[0, 0, 1, 0]",2,1,1,,0.25,4
3659,999963af-8861-11f1-9a48-b48c9db4e1b4,14,"[0, 0, 1, 0]",3,0,0,,0.25,4
3660,999963af-8861-11f1-9a48-b48c9db4e1b4,15,"[0, 0, 1, 0]",0,0,0,,0.25,4
3661,999963af-8861-11f1-9a48-b48c9db4e1b4,15,"[0, 0, 1, 0]",1,0,0,,0.25,4
3662,999963af-8861-11f1-9a48-b48c9db4e1b4,15,"[0, 0, 1, 0]",2,1,1,,0.25,4
3663,999963af-8861-11f1-9a48-b48c9db4e1b4,15,"[0, 0, 1, 0]",3,0,0,,0.25,4
3664,999963af-8861-11f1-9a48-b48c9db4e1b4,16,"[0, 0, 1, 0]",0,0,0,,0.25,4
3665,999963af-8861-11f1-9a48-b48c9db4e1b4,16,"[0, 0, 1, 0]",1,0,0,,0.25,4
3666,999963af-8861-11f1-9a48-b48c9db4e1b4,16,"[0, 0, 1, 0]",2,1,1,,0.25,4
3667,999963af-8861-11f1-9a48-b48c9db4e1b4,16,"[0, 0, 1, 0]",3,0,0,,0.25,4
3668,999963af-8861-11f1-9a48-b48c9db4e1b4,17,"[0, 0, 1, 0]",0,0,0,,0.25,4
3669,999963af-8861-11f1-9a48-b48c9db4e1b4,17,"[0, 0, 1, 0]",1,0,0,,0.25,4
3670,999963af-8861-11f1-9a48-b48c9db4e1b4,17,"[0, 0, 1, 0]",2,1,1,,0.25,4
3671,999963af-8861-11f1-9a48-b48c9db4e1b4,17,"[0, 0, 1, 0]",3,0,0,,0.25,4
3672,999963af-8861-11f1-9a48-b48c9db4e1b4,18,"[0, 0, 1, 0]",0,0,0,,0.25,4
3673,999963af-8861-11f1-9a48-b48c9db4e1b4,18,"[0, 0, 1, 0]",1,0,0,,0.25,4
3674,999963af-8861-11f1-9a48-b48c9db4e1b4,18,"[0, 0, 1, 0]",2,1,1,,0.25,4
3675,999963af-8861-11f1-9a48-b48c9db4e1b4,18,"[0, 0, 1, 0]",3,0,0,,0.25,4
3676,999963af-8861-11f1-9a48-b48c9db4e1b4,19,"[0, 0, 1, 0]",0,0,0,,0.25,4
3677,999963af-8861-11f1-9a48-b48c9db4e1b4,19,"[0, 0, 1, 0]",1,0,0,,0.25,4
3678,999963af-8861-11f1-9a48-b48c9db4e1b4,19,"[0, 0, 1, 0]",2,1,1,,0.25,4
3679,999963af-8861-11f1-9a48-b48c9db4e1b4,19,"[0, 0, 1, 0]",3,0,0,,0.25,4
3680,999cbe6d-8861-11f1-8057-b48c9db4e1b4,0,"[1, 0, 1, 1]",0,1,-1,,0.25,4
3681,999cbe6d-8861-11f1-8057-b48c9db4e1b4,0,"[1, 0, 1, 1]",1,0,0,,0.25,4
3682,999cbe6d-8861-11f1-8057-b48c9db4e1b4,0,"[1, 0, 1, 1]",2,1,-1,,0.25,4
3683,999cbe6d-8861-11f1-8057-b48c9db4e1b4,0,"[1, 0, 1, 1]",3,1,-1,,0.25,4
3684,999cbe6d-8861-11f1-8057-b48c9db4e1b4,1,"[0, 0, 1, 0]",0,0,0,,0.25,4
3685,999cbe6d-8861-11f1-8057-b48c9db4e1b4,1,"[0, 0, 1, 0]",1,0,0,,0.25,4
3686,999cbe6d-8861-11f1-8057-b48c9db4e1b4,1,"[0, 0, 1, 0]",2,1,1,,0.25,4
3687,999cbe6d-8861-11f1-8057-b48c9db4e1b4,1,"[0, 0, 1, 0]",3,0,0,,0.25,4
3688,999cbe6d-8861-11f1-8057-b48c9db4e1b4,2,"[0, 0, 1, 0]",0,0,0,,0.25,4
3689,999cbe6d-8861-11f1-8057-b48c9db4e1b4,2,"[0, 0, 1, 0]",1,0,0,,0.25,4
3690,999cbe6d-8861-11f1-8057-b48c9db4e1b4,2,"[0, 0, 1, 0]",2,1,1,,0.25,4
3691,999cbe6d-8861-11f1-8057-b48c9db4e1b4,2,"[0, 0, 1, 0]",3,0,0,,0.25,4
3692,999cbe6d-8861-11f1-8057-b48c9db4e1b4,3,"[0, 0, 1, 0]",0,0,0,,0.25,4
3693,999cbe6d-8861-11f1-8057-b48c9db4e1b4,3,"[0, 0, 1, 0]",1,0,0,,0.25,4
3694,999cbe6d-8861-11f1-8057-b48c9db4e1b4,3,"[0, 0, 1, 0]",2,1,1,,0.25,4
3695,999cbe6d-8861-11f1-8057-b48c9db4e1b4,3,"[0, 0, 1, 0]",3,0,0,,0.25,4
3696,999cbe6d-8861-11f1-8057-b48c9db4e1b4,4,"[0, 0, 1, 0]",0,0,0,,0.25,4
3697,999cbe6d-8861-11f1-8057-b48c9db4e1b4,4,"[0, 0, 1, 0]",1,0,0,,0.25,4
3698,999cbe6d-8861-11f1-8057-b48c9db4e1b4,4,"[0, 0, 1, 0]",2,1,1,,0.25,4
3699,999cbe6d-8861-11f1-8057-b48c9db4e1b4,4,"[0, 0, 1, 0]",3,0,0,,0.25,4
3700,999cbe6d-8861-11f1-8057-b48c9db4e1b4,5,"[0, 0, 1, 0]",0,0,0,,0.25,4
3701,999cbe6d-8861-11f1-8057-b48c9db4e1b4,5,"[0, 0, 1, 0]",1,0,0,,0.25,4
3702,999cbe6d-8861-11f1-8057-b48c9db4e1b4,5,"[0, 0, 1, 0]",2,1,1,,0.25,4
3703,999cbe6d-8861-11f1-8057-b48c9db4e1b4,5,"[0, 0, 1, 0]",3,0,0,,0.25,4
3704,999cbe6d-8861-11f1-8057-b48c9db4e1b4,6,"[0, 0, 1, 0]",0,0,0,,0.25,4
3705,999cbe6d-8861-11f1-8057-b48c9db4e1b4,6,"[0, 0, 1, 0]",1,0,0,,0.25,4
3706,999cbe6d-8861-11f1-8057-b48c9db4e1b4,6,"[0, 0, 1, 0]",2,1,1,,0.25,4
3707,999cbe6d-8861-11f1-8057-b48c9db4e1b4,6,"[0, 0, 1, 0]",3,0,0,,0.25,4
3708,999cbe6d-8861-11f1-8057-b48c9db4e1b4,7,"[0, 0, 1, 0]",0,0,0,,0.25,4
3709,999cbe6d-8861-11f1-8057-b48c9db4e1b4,7,"[0, 0, 1, 0]",1,0,0,,0.25,4
3710,999cbe6d-8861-11f1-8057-b48c9db4e1b4,7,"[0, 0, 1, 0]",2,1,1,,0.25,4
3711,999cbe6d-8861-11f1-8057-b48c9db4e1b4,7,"[0, 0, 1, 0]",3,0,0,,0.25,4
3712,999cbe6d-8861-11f1-8057-b48c9db4e1b4,8,"[0, 0, 1, 0]",0,0,0,,0.25,4
3713,999cbe6d-8861-11f1-8057-b48c9db4e1b4,8,"[0, 0, 1, 0]",1,0,0,,0.25,4
3714,999cbe6d-8861-11f1-8057-b48c9db4e1b4,8,"[0, 0, 1, 0]",2,1,1,,0.25,4
3715,999cbe6d-8861-11f1-8057-b48c9db4e1b4,8,"[0, 0, 1, 0]",3,0,0,,0.25,4
3716,999cbe6d-8861-11f1-8057-b48c9db4e1b4,9,"[0, 0, 1, 0]",0,0,0,,0.25,4
3717,999cbe6d-8861-11f1-8057-b48c9db4e1b4,9,"[0, 0, 1, 0]",1,0,0,,0.25,4
3718,999cbe6d-8861-11f1-8057-b48c9db4e1b4,9,"[0, 0, 1, 0]",2,1,1,,0.25,4
3719,999cbe6d-8861-11f1-8057-b48c9db4e1b4,9,"[0, 0, 1, 0]",3,0,0,,0.25,4
3720,999cbe6d-8861-11f1-8057-b48c9db4e1b4,10,"[0, 0, 1, 0]",0,0,0,,0.25,4
3721,999cbe6d-8861-11f1-8057-b48c9db4e1b4,10,"[0, 0, 1, 0]",1,0,0,,0.25,4
3722,999cbe6d-8861-11f1-8057-b48c9db4e1b4,10,"[0, 0, 1, 0]",2,1,1,,0.25,4
3723,999cbe6d-8861-11f1-8057-b48c9db4e1b4,10,"[0, 0, 1, 0]",3,0,0,,0.25,4
3724,999cbe6d-8861-11f1-8057-b48c9db4e1b4,11,"[0, 0, 1, 0]",0,0,0,,0.25,4
3725,999cbe6d-8861-11f1-8057-b48c9db4e1b4,11,"[0, 0, 1, 0]",1,0,0,,0.25,4
3726,999cbe6d-8861-11f1-8057-b48c9db4e1b4,11,"[0, 0, 1, 0]",2,1,1,,0.25,4
3727,999cbe6d-8861-11f1-8057-b48c9db4e1b4,11,"[0, 0, 1, 0]",3,0,0,,0.25,4
3728,999cbe6d-8861-11f1-8057-b48c9db4e1b4,12,"[0, 0, 1, 0]",0,0,0,,0.25,4
3729,999cbe6d-8861-11f1-8057-b48c9db4e1b4,12,"[0, 0, 1, 0]",1,0,0,,0.25,4
3730,999cbe6d-8861-11f1-8057-b48c9db4e1b4,12,"[0, 0, 1, 0]",2,1,1,,0.25,4
3731,999cbe6d-8861-11f1-8057-b48c9db4e1b4,12,"[0, 0, 1, 0]",3,0,0,,0.25,4
3732,999cbe6d-8861-11f1-8057-b48c9db4e1b4,13,"[0, 0, 1, 0]",0,0,0,,0.25,4
3733,999cbe6d-8861-11f1-8057-b48c9db4e1b4,13,"[0, 0, 1, 0]",1,0,0,,0.25,4
3734,999cbe6d-8861-11f1-8057-b48c9db4e1b4,13,"[0, 0, 1, 0]",2,1,1,,0.25,4
3735,999cbe6d-8861-11f1-8057-b48c9db4e1b4,13,"[0, 0, 1, 0]",3,0,0,,0.25,4
3736,999cbe6d-8861-11f1-8057-b48c9db4e1b4,14,"[0, 0, 1, 0]",0,0,0,,0.25,4
3737,999cbe6d-8861-11f1-8057-b48c9db4e1b4,14,"[0, 0, 1, 0]",1,0,0,,0.25,4
3738,999cbe6d-8861-11f1-8057-b48c9db4e1b4,14,"[0, 0, 1, 0]",2,1,1,,0.25,4
3739,999cbe6d-8861-11f1-8057-b48c9db4e1b4,14,"[0, 0, 1, 0]",3,0,0,,0.25,4
3740,999cbe6d-8861-11f1-8057-b48c9db4e1b4,15,"[0, 0, 1, 0]",0,0,0,,0.25,4
3741,999cbe6d-8861-11f1-8057-b48c9db4e1b4,15,"[0, 0, 1, 0]",1,0,0,,0.25,4
3742,999cbe6d-8861-11f1-8057-b48c9db4e1b4,15,"[0, 0, 1, 0]",2,1,1,,0.25,4
3743,999cbe6d-8861-11f1-8057-b48c9db4e1b4,15,"[0, 0, 1, 0]",3,0,0,,0.25,4
3744,999cbe6d-8861-11f1-8057-b48c9db4e1b4,16,"[0, 0, 1, 0]",0,0,0,,0.25,4
3745,999cbe6d-8861-11f1-8057-b48c9db4e1b4,16,"[0, 0, 1, 0]",1,0,0,,0.25,4
3746,999cbe6d-8861-11f1-8057-b48c9db4e1b4,16,"[0, 0, 1, 0]",2,1,1,,0.25,4
3747,999cbe6d-8861-11f1-8057-b48c9db4e1b4,16,"[0, 0, 1, 0]",3,0,0,,0.25,4
3748,999cbe6d-8861-11f1-8057-b48c9db4e1b4,17,"[0, 0, 1, 0]",0,0,0,,0.25,4
3749,999cbe6d-8861-11f1-8057-b48c9db4e1b4,17,"[0, 0, 1, 0]",1,0,0,,0.25,4
3750,999cbe6d-8861-11f1-8057-b48c9db4e1b4,17,"[0, 0, 1, 0]",2,1,1,,0.25,4
3751,999cbe6d-8861-11f1-8057-b48c9db4e1b4,17,"[0, 0, 1, 0]",3,0,0,,0.25,4
3752,999cbe6d-8861-11f1-8057-b48c9db4e1b4,18,"[0, 0, 1, 0]",0,0,0,,0.25,4
3753,999cbe6d-8861-11f1-8057-b48c9db4e1b4,18,"[0, 0, 1, 0]",1,0,0,,0.25,4
3754,999cbe6d-8861-11f1-8057-b48c9db4e1b4,18,"[0, 0, 1, 0]",2,1,1,,0.25,4
3755,999cbe6d-8861-11f1-8057-b48c9db4e1b4,18,"[0, 0, 1, 0]",3,0,0,,0.25,4
3756,999cbe6d-8861-11f1-8057-b48c9db4e1b4,19,"[0, 0, 1, 0]",0,0,0,,0.25,4
3757,999cbe6d-8861-11f1-8057-b48c9db4e1b4,19,"[0, 0, 1, 0]",1,0,0,,0.25,4
3758,999cbe6d-8861-11f1-8057-b48c9db4e1b4,19,"[0, 0, 1, 0]",2,1,1,,0.25,4
3759,999cbe6d-8861-11f1-8057-b48c9db4e1b4,19,"[0, 0, 1, 0]",3,0,0,,0.25,4
3760,99a00b98-8861-11f1-bbdb-b48c9db4e1b4,0,"[0, 0, 1, 0]",0,0,0,,0.25,4
3761,99a00b98-8861-11f1-bbdb-b48c9db4e1b4,0,"[0, 0, 1, 0]",1,0,0,,0.25,4
3762,99a00b98-8861-11f1-bbdb-b48c9db4e1b4,0,"[0, 0, 1, 0]",2,1,1,,0.25,4
3763,99a00b98-8861-11f1-bbdb-b48c9db4e1b4,0,"[0, 0, 1, 0]",3,0,0,,0.25,4
3764,99a00b98-8861-11f1-bbdb-b48c9db4e1b4,1,"[0, 0, 1, 0]",0,0,0,,0.25,4
3765,99a00b98-8861-11f1-bbdb-b48c9db4e1b4,1,"[0, 0, 1, 0]",1,0,0,,0.25,4
3766,99a00b98-8861-11f1-bbdb-b48c9db4e1b4,1,"[0, 0, 1, 0]",2,1,1,,0.25,4
3767,99a00b98-8861-11f1-bbdb-b48c9db4e1b4,1,"[0, 0, 1, 0]",3,0,0,,0.25,4
3768,99a00b98-8861-11f1-bbdb-b48c9db4e1b4,2,"[0, 0, 1, 0]",0,0,0,,0.25,4
3769,99a00b98-8861-11f1-bbdb-b48c9db4e1b4,2,"[0, 0, 1, 0]",1,0,0,,0.25,4
3770,99a00b98-8861-11f1-bbdb-b48c9db4e1b4,2,"[0, 0, 1, 0]",2,1,1,,0.25,4
3771,99a00b98-8861-11f1-bbdb-b48c9db4e1b4,2,"[0, 0, 1, 0]",3,0,0,,0.25,4
3772,99a00b98-8861-11f1-bbdb-b48c9db4e1b4,3,"[0, 0, 1, 0]",0,0,0,,0.25,4
3773,99a00b98-8861-11f1-bbdb-b48c9db4e1b4,3,"[0, 0, 1, 0]",1,0,0,,0.25,4
3774,99a00b98-8861-11f1-bbdb-b48c9db4e1b4,3,"[0, 0, 1, 0]",2,1,1,,0.25,4
3775,99a00b98-8861-11f1-bbdb-b48c9db4e1b4,3,"[0, 0, 1, 0]",3,0,0,,0.25,4
3776,99a00b98-8861-11f1-bbdb-b48c9db4e1b4,4,"[0, 0, 1, 0]",0,0,0,,0.25,4
3777,99a00b98-8861-11f1-bbdb-b48c9db4e1b4,4,"[0, 0, 1, 0]",1,0,0,,0.25,4
3778,99a00b98-8861-11f1-bbdb-b48c9db4e1b4,4,"[0, 0, 1, 0]",2,1,1,,0.25,4
3779,99a00b98-8861-11f1-bbdb-b48c9db4e1b4,4,"[0, 0, 1, 0]",3,0,0,,0.25,4
3780,99a00b98-8861-11f1-bbdb-b48c9db4e1b4,5,"[0, 0, 1, 0]",0,0,0,,0.25,4
3781,99a00b98-8861-11f1-bbdb-b48c9db4e1b4,5,"[0, 0, 1, 0]",1,0,0,,0.25,4
3782,99a00b98-8861-11f1-bbdb-b48c9db4e1b4,5,"[0, 0, 1, 0]",2,1,1,,0.25,4
3783,99a00b98-8861-11f1-bbdb-b48c9db4e1b4,5,"[0, 0, 1, 0]",3,0,0,,0.25,4
3784,99a00b98-8861-11f1-bbdb-b48c9db4e1b4,6,"[0, 0, 1, 0]",0,0,0,,0.25,4
3785,99a00b98-8861-11f1-bbdb-b48c9db4e1b4,6,"[0, 0, 1, 0]",1,0,0,,0.25,4
3786,99a00b98-8861-11f1-bbdb-b48c9db4e1b4,6,"[0, 0, 1, 0]",2,1,1,,0.25,4
3787,99a00b98-8861-11f1-bbdb-b48c9db4e1b4,6,"[0, 0, 1, 0]",3,0,0,,0.25,4
3788,99a00b98-8861-11f1-bbdb-b48c9db4e1b4,7,"[0, 0, 1, 0]",0,0,0,,0.25,4
3789,99a00b98-8861-11f1-bbdb-b48c9db4e1b4,7,"[0, 0, 1, 0]",1,0,0,,0.25,4
3790,99a00b98-8861-11f1-bbdb-b48c9db4e1b4,7,"[0, 0, 1, 0]",2,1,1,,0.25,4
3791,99a00b98-8861-11f1-bbdb-b48c9db4e1b4,7,"[0, 0, 1, 0]",3,0,0,,0.25,4
3792,99a00b98-8861-11f1-bbdb-b48c9db4e1b4,8,"[0, 0, 1, 0]",0,0,0,,0.25,4
3793,99a00b98-8861-11f1-bbdb-b48c9db4e1b4,8,"[0, 0, 1, 0]",1,0,0,,0.25,4
3794,99a00b98-8861-11f1-bbdb-b48c9db4e1b4,8,"[0, 0, 1, 0]",2,1,1,,0.25,4
3795,99a00b98-8861-11f1-bbdb-b48c9db4e1b4,8,"[0, 0, 1, 0]",3,0,0,,0.25,4
3796,99a00b98-8861-11f1-bbdb-b48c9db4e1b4,9,"[0, 0, 1, 0]",0,0,0,,0.25,4
3797,99a00b98-8861-11f1-bbdb-b48c9db4e1b4,9,"[0, 0, 1, 0]",1,0,0,,0.25,4
3798,99a00b98-8861-11f1-bbdb-b48c9db4e1b4,9,"[0, 0, 1, 0]",2,1,1,,0.25,4
3799,99a00b98-8861-11f1-bbdb-b48c9db4e1b4,9,"[0, 0, 1, 0]",3,0,0,,0.25,4
3800,99a00b98-8861-11f1-bbdb-b48c9db4e1b4,10,"[0, 0, 1, 0]",0,0,0,,0.25,4
3801,99a00b98-8861-11f1-bbdb-b48c9db4e1b4,10,"[0, 0, 1, 0]",1,0,0,,0.25,4
3802,99a00b98-8861-11f1-bbdb-b48c9db4e1b4,10,"[0, 0, 1, 0]",2,1,1,,0.25,4
3803,99a00b98-8861-11f1-bbdb-b48c9db4e1b4,10,"[0, 0, 1, 0]",3,0,0,,0.25,4
3804,99a00b98-8861-11f1-bbdb-b48c9db4e1b4,11,"[0, 0, 1, 0]",0,0,0,,0.25,4
3805,99a00b98-8861-11f1-bbdb-b48c9db4e1b4,11,"[0, 0, 1, 0]",1,0,0,,0.25,4
3806,99a00b98-8861-11f1-bbdb-b48c9db4e1b4,11,"[0, 0, 1, 0]",2,1,1,,0.25,4
3807,99a00b98-8861-11f1-bbdb-b48c9db4e1b4,11,"[0, 0, 1, 0]",3,0,0,,0.25,4
3808,99a00b98-8861-11f1-bbdb-b48c9db4e1b4,12,"[0, 0, 1, 0]",0,0,0,,0.25,4
3809,99a00b98-8861-11f1-bbdb-b48c9db4e1b4,12,"[0, 0, 1, 0]",1,0,0,,0.25,4
3810,99a00b98-8861-11f1-bbdb-b48c9db4e1b4,12,"[0, 0, 1, 0]",2,1,1,,0.25,4
3811,99a00b98-8861-11f1-bbdb-b48c9db4e1b4,12,"[0, 0, 1, 0]",3,0,0,,0.25,4
3812,99a00b98-8861-11f1-bbdb-b48c9db4e1b4,13,"[0, 0, 1, 0]",0,0,0,,0.25,4
3813,99a00b98-8861-11f1-bbdb-b48c9db4e1b4,13,"[0, 0, 1, 0]",1,0,0,,0.25,4
3814,99a00b98-8861-11f1-bbdb-b48c9db4e1b4,13,"[0, 0, 1, 0]",2,1,1,,0.25,4
3815,99a00b98-8861-11f1-bbdb-b48c9db4e1b4,13,"[0, 0, 1, 0]",3,0,0,,0.25,4
3816,99a00b98-8861-11f1-bbdb-b48c9db4e1b4,14,"[0, 0, 1, 0]",0,0,0,,0.25,4
3817,99a00b98-8861-11f1-bbdb-b48c9db4e1b4,14,"[0, 0, 1, 0]",1,0,0,,0.25,4
3818,99a00b98-8861-11f1-bbdb-b48c9db4e1b4,14,"[0, 0, 1, 0]",2,1,1,,0.25,4
3819,99a00b98-8861-11f1-bbdb-b48c9db4e1b4,14,"[0, 0, 1, 0]",3,0,0,,0.25,4
3820,99a00b98-8861-11f1-bbdb-b48c9db4e1b4,15,"[0, 0, 1, 0]",0,0,0,,0.25,4
3821,99a00b98-8861-11f1-bbdb-b48c9db4e1b4,15,"[0, 0, 1, 0]",1,0,0,,0.25,4
3822,99a00b98-8861-11f1-bbdb-b48c9db4e1b4,15,"[0, 0, 1, 0]",2,1,1,,0.25,4
3823,99a00b98-8861-11f1-bbdb-b48c9db4e1b4,15,"[0, 0, 1, 0]",3,0,0,,0.25,4
3824,99a00b98-8861-11f1-bbdb-b48c9db4e1b4,16,"[0, 0, 1, 0]",0,0,0,,0.25,4
3825,99a00b98-8861-11f1-bbdb-b48c9db4e1b4,16,"[0, 0, 1, 0]",1,0,0,,0.25,4
3826,99a00b98-8861-11f1-bbdb-b48c9db4e1b4,16,"[0, 0, 1, 0]",2,1,1,,0.25,4
3827,99a00b98-8861-11f1-bbdb-b48c9db4e1b4,16,"[0, 0, 1, 0]",3,0,0,,0.25,4
3828,99a00b98-8861-11f1-bbdb-b48c9db4e1b4,17,"[0, 0, 1, 0]",0,0,0,,0.25,4
3829,99a00b98-8861-11f1-bbdb-b48c9db4e1b4,17,"[0, 0, 1, 0]",1,0,0,,0.25,4
3830,99a00b98-8861-11f1-bbdb-b48c9db4e1b4,17,"[0, 0, 1, 0]",2,1,1,,0.25,4
3831,99a00b98-8861-11f1-bbdb-b48c9db4e1b4,17,"[0, 0, 1, 0]",3,0,0,,0.25,4
3832,99a00b98-8861-11f1-bbdb-b48c9db4e1b4,18,"[0, 0, 1, 0]",0,0,0,,0.25,4
3833,99a00b98-8861-11f1-bbdb-b48c9db4e1b4,18,"[0, 0, 1, 0]",1,0,0,,0.25,4
3834,99a00b98-8861-11f1-bbdb-b48c9db4e1b4,18,"[0, 0, 1, 0]",2,1,1,,0.25,4
3835,99a00b98-8861-11f1-bbdb-b48c9db4e1b4,18,"[0, 0, 1, 0]",3,0,0,,0.25,4
3836,99a00b98-8861-11f1-bbdb-b48c9db4e1b4,19,"[0, 0, 1, 0]",0,0,0,,0.25,4
3837,99a00b98-8861-11f1-bbdb-b48c9db4e1b4,19,"[0, 0, 1, 0]",1,0,0,,0.25,4
3838,99a00b98-8861-11f1-bbdb-b48c9db4e1b4,19,"[0, 0, 1, 0]",2,1,1,,0.25,4
3839,99a00b98-8861-11f1-bbdb-b48c9db4e1b4,19,"[0, 0, 1, 0]",3,0,0,,0.25,4
3840,99a38183-8861-11f1-8768-b48c9db4e1b4,0,"[1, 1, 1, 0]",0,1,-1,,0.25,4
3841,99a38183-8861-11f1-8768-b48c9db4e1b4,0,"[1, 1, 1, 0]",1,1,-1,,0.25,4
3842,99a38183-8861-11f1-8768-b48c9db4e1b4,0,"[1, 1, 1, 0]",2,1,-1,,0.25,4
3843,99a38183-8861-11f1-8768-b48c9db4e1b4,0,"[1, 1, 1, 0]",3,0,0,,0.25,4
3844,99a38183-8861-11f1-8768-b48c9db4e1b4,1,"[0, 0, 1, 0]",0,0,0,,0.25,4
3845,99a38183-8861-11f1-8768-b48c9db4e1b4,1,"[0, 0, 1, 0]",1,0,0,,0.25,4
3846,99a38183-8861-11f1-8768-b48c9db4e1b4,1,"[0, 0, 1, 0]",2,1,1,,0.25,4
3847,99a38183-8861-11f1-8768-b48c9db4e1b4,1,"[0, 0, 1, 0]",3,0,0,,0.25,4
3848,99a38183-8861-11f1-8768-b48c9db4e1b4,2,"[0, 0, 1, 0]",0,0,0,,0.25,4
3849,99a38183-8861-11f1-8768-b48c9db4e1b4,2,"[0, 0, 1, 0]",1,0,0,,0.25,4
3850,99a38183-8861-11f1-8768-b48c9db4e1b4,2,"[0, 0, 1, 0]",2,1,1,,0.25,4
3851,99a38183-8861-11f1-8768-b48c9db4e1b4,2,"[0, 0, 1, 0]",3,0,0,,0.25,4
3852,99a38183-8861-11f1-8768-b48c9db4e1b4,3,"[0, 0, 1, 0]",0,0,0,,0.25,4
3853,99a38183-8861-11f1-8768-b48c9db4e1b4,3,"[0, 0, 1, 0]",1,0,0,,0.25,4
3854,99a38183-8861-11f1-8768-b48c9db4e1b4,3,"[0, 0, 1, 0]",2,1,1,,0.25,4
3855,99a38183-8861-11f1-8768-b48c9db4e1b4,3,"[0, 0, 1, 0]",3,0,0,,0.25,4
3856,99a38183-8861-11f1-8768-b48c9db4e1b4,4,"[0, 0, 1, 0]",0,0,0,,0.25,4
3857,99a38183-8861-11f1-8768-b48c9db4e1b4,4,"[0, 0, 1, 0]",1,0,0,,0.25,4
3858,99a38183-8861-11f1-8768-b48c9db4e1b4,4,"[0, 0, 1, 0]",2,1,1,,0.25,4
3859,99a38183-8861-11f1-8768-b48c9db4e1b4,4,"[0, 0, 1, 0]",3,0,0,,0.25,4
3860,99a38183-8861-11f1-8768-b48c9db4e1b4,5,"[0, 0, 1, 0]",0,0,0,,0.25,4
3861,99a38183-8861-11f1-8768-b48c9db4e1b4,5,"[0, 0, 1, 0]",1,0,0,,0.25,4
3862,99a38183-8861-11f1-8768-b48c9db4e1b4,5,"[0, 0, 1, 0]",2,1,1,,0.25,4
3863,99a38183-8861-11f1-8768-b48c9db4e1b4,5,"[0, 0, 1, 0]",3,0,0,,0.25,4
3864,99a38183-8861-11f1-8768-b48c9db4e1b4,6,"[0, 0, 1, 0]",0,0,0,,0.25,4
3865,99a38183-8861-11f1-8768-b48c9db4e1b4,6,"[0, 0, 1, 0]",1,0,0,,0.25,4
3866,99a38183-8861-11f1-8768-b48c9db4e1b4,6,"[0, 0, 1, 0]",2,1,1,,0.25,4
3867,99a38183-8861-11f1-8768-b48c9db4e1b4,6,"[0, 0, 1, 0]",3,0,0,,0.25,4
3868,99a38183-8861-11f1-8768-b48c9db4e1b4,7,"[0, 0, 1, 0]",0,0,0,,0.25,4
3869,99a38183-8861-11f1-8768-b48c9db4e1b4,7,"[0, 0, 1, 0]",1,0,0,,0.25,4
3870,99a38183-8861-11f1-8768-b48c9db4e1b4,7,"[0, 0, 1, 0]",2,1,1,,0.25,4
3871,99a38183-8861-11f1-8768-b48c9db4e1b4,7,"[0, 0, 1, 0]",3,0,0,,0.25,4
3872,99a38183-8861-11f1-8768-b48c9db4e1b4,8,"[0, 0, 1, 0]",0,0,0,,0.25,4
3873,99a38183-8861-11f1-8768-b48c9db4e1b4,8,"[0, 0, 1, 0]",1,0,0,,0.25,4
3874,99a38183-8861-11f1-8768-b48c9db4e1b4,8,"[0, 0, 1, 0]",2,1,1,,0.25,4
3875,99a38183-8861-11f1-8768-b48c9db4e1b4,8,"[0, 0, 1, 0]",3,0,0,,0.25,4
3876,99a38183-8861-11f1-8768-b48c9db4e1b4,9,"[0, 0, 1, 0]",0,0,0,,0.25,4
3877,99a38183-8861-11f1-8768-b48c9db4e1b4,9,"[0, 0, 1, 0]",1,0,0,,0.25,4
3878,99a38183-8861-11f1-8768-b48c9db4e1b4,9,"[0, 0, 1, 0]",2,1,1,,0.25,4
3879,99a38183-8861-11f1-8768-b48c9db4e1b4,9,"[0, 0, 1, 0]",3,0,0,,0.25,4
3880,99a38183-8861-11f1-8768-b48c9db4e1b4,10,"[0, 0, 1, 0]",0,0,0,,0.25,4
3881,99a38183-8861-11f1-8768-b48c9db4e1b4,10,"[0, 0, 1, 0]",1,0,0,,0.25,4
3882,99a38183-8861-11f1-8768-b48c9db4e1b4,10,"[0, 0, 1, 0]",2,1,1,,0.25,4
3883,99a38183-8861-11f1-8768-b48c9db4e1b4,10,"[0, 0, 1, 0]",3,0,0,,0.25,4
3884,99a38183-8861-11f1-8768-b48c9db4e1b4,11,"[0, 0, 1, 0]",0,0,0,,0.25,4
3885,99a38183-8861-11f1-8768-b48c9db4e1b4,11,"[0, 0, 1, 0]",1,0,0,,0.25,4
3886,99a38183-8861-11f1-8768-b48c9db4e1b4,11,"[0, 0, 1, 0]",2,1,1,,0.25,4
3887,99a38183-8861-11f1-8768-b48c9db4e1b4,11,"[0, 0, 1, 0]",3,0,0,,0.25,4
3888,99a38183-8861-11f1-8768-b48c9db4e1b4,12,"[0, 0, 1, 0]",0,0,0,,0.25,4
3889,99a38183-8861-11f1-8768-b48c9db4e1b4,12,"[0, 0, 1, 0]",1,0,0,,0.25,4
3890,99a38183-8861-11f1-8768-b48c9db4e1b4,12,"[0, 0, 1, 0]",2,1,1,,0.25,4
3891,99a38183-8861-11f1-8768-b48c9db4e1b4,12,"[0, 0, 1, 0]",3,0,0,,0.25,4
3892,99a38183-8861-11f1-8768-b48c9db4e1b4,13,"[0, 0, 1, 0]",0,0,0,,0.25,4
3893,99a38183-8861-11f1-8768-b48c9db4e1b4,13,"[0, 0, 1, 0]",1,0,0,,0.25,4
3894,99a38183-8861-11f1-8768-b48c9db4e1b4,13,"[0, 0, 1, 0]",2,1,1,,0.25,4
3895,99a38183-8861-11f1-8768-b48c9db4e1b4,13,"[0, 0, 1, 0]",3,0,0,,0.25,4
3896,99a38183-8861-11f1-8768-b48c9db4e1b4,14,"[0, 0, 1, 0]",0,0,0,,0.25,4
3897,99a38183-8861-11f1-8768-b48c9db4e1b4,14,"[0, 0, 1, 0]",1,0,0,,0.25,4
3898,99a38183-8861-11f1-8768-b48c9db4e1b4,14,"[0, 0, 1, 0]",2,1,1,,0.25,4
3899,99a38183-8861-11f1-8768-b48c9db4e1b4,14,"[0, 0, 1, 0]",3,0,0,,0.25,4
3900,99a38183-8861-11f1-8768-b48c9db4e1b4,15,"[0, 0, 1, 0]",0,0,0,,0.25,4
3901,99a38183-8861-11f1-8768-b48c9db4e1b4,15,"[0, 0, 1, 0]",1,0,0,,0.25,4
3902,99a38183-8861-11f1-8768-b48c9db4e1b4,15,"[0, 0, 1, 0]",2,1,1,,0.25,4
3903,99a38183-8861-11f1-8768-b48c9db4e1b4,15,"[0, 0, 1, 0]",3,0,0,,0.25,4
3904,99a38183-8861-11f1-8768-b48c9db4e1b4,16,"[0, 0, 1, 0]",0,0,0,,0.25,4
3905,99a38183-8861-11f1-8768-b48c9db4e1b4,16,"[0, 0, 1, 0]",1,0,0,,0.25,4
3906,99a38183-8861-11f1-8768-b48c9db4e1b4,16,"[0, 0, 1, 0]",2,1,1,,0.25,4
3907,99a38183-8861-11f1-8768-b48c9db4e1b4,16,"[0, 0, 1, 0]",3,0,0,,0.25,4
3908,99a38183-8861-11f1-8768-b48c9db4e1b4,17,"[0, 0, 1, 0]",0,0,0,,0.25,4
3909,99a38183-8861-11f1-8768-b48c9db4e1b4,17,"[0, 0, 1, 0]",1,0,0,,0.25,4
3910,99a38183-8861-11f1-8768-b48c9db4e1b4,17,"[0, 0, 1, 0]",2,1,1,,0.25,4
3911,99a38183-8861-11f1-8768-b48c9db4e1b4,17,"[0, 0, 1, 0]",3,0,0,,0.25,4
3912,99a38183-8861-11f1-8768-b48c9db4e1b4,18,"[0, 0, 1, 0]",0,0,0,,0.25,4
3913,99a38183-8861-11f1-8768-b48c9db4e1b4,18,"[0, 0, 1, 0]",1,0,0,,0.25,4
3914,99a38183-8861-11f1-8768-b48c9db4e1b4,18,"[0, 0, 1, 0]",2,1,1,,0.25,4
3915,99a38183-8861-11f1-8768-b48c9db4e1b4,18,"[0, 0, 1, 0]",3,0,0,,0.25,4
3916,99a38183-8861-11f1-8768-b48c9db4e1b4,19,"[0, 0, 1, 0]",0,0,0,,0.25,4
3917,99a38183-8861-11f1-8768-b48c9db4e1b4,19,"[0, 0, 1, 0]",1,0,0,,0.25,4
3918,99a38183-8861-11f1-8768-b48c9db4e1b4,19,"[0, 0, 1, 0]",2,1,1,,0.25,4
3919,99a38183-8861-11f1-8768-b48c9db4e1b4,19,"[0, 0, 1, 0]",3,0,0,,0.25,4
3920,99a6c7aa-8861-11f1-b03a-b48c9db4e1b4,0,"[1, 1, 0, 1]",0,1,-1,,0.25,4
3921,99a6c7aa-8861-11f1-b03a-b48c9db4e1b4,0,"[1, 1, 0, 1]",1,1,-1,,0.25,4
3922,99a6c7aa-8861-11f1-b03a-b48c9db4e1b4,0,"[1, 1, 0, 1]",2,0,0,,0.25,4
3923,99a6c7aa-8861-11f1-b03a-b48c9db4e1b4,0,"[1, 1, 0, 1]",3,1,-1,,0.25,4
3924,99a6c7aa-8861-11f1-b03a-b48c9db4e1b4,1,"[0, 0, 1, 1]",0,0,0,,0.25,4
3925,99a6c7aa-8861-11f1-b03a-b48c9db4e1b4,1,"[0, 0, 1, 1]",1,0,0,,0.25,4
3926,99a6c7aa-8861-11f1-b03a-b48c9db4e1b4,1,"[0, 0, 1, 1]",2,1,-1,,0.25,4
3927,99a6c7aa-8861-11f1-b03a-b48c9db4e1b4,1,"[0, 0, 1, 1]",3,1,-1,,0.25,4
3928,99a6c7aa-8861-11f1-b03a-b48c9db4e1b4,2,"[1, 0, 1, 1]",0,1,-1,,0.25,4
3929,99a6c7aa-8861-11f1-b03a-b48c9db4e1b4,2,"[1, 0, 1, 1]",1,0,0,,0.25,4
3930,99a6c7aa-8861-11f1-b03a-b48c9db4e1b4,2,"[1, 0, 1, 1]",2,1,-1,,0.25,4
3931,99a6c7aa-8861-11f1-b03a-b48c9db4e1b4,2,"[1, 0, 1, 1]",3,1,-1,,0.25,4
3932,99a6c7aa-8861-11f1-b03a-b48c9db4e1b4,3,"[0, 0, 1, 0]",0,0,0,,0.25,4
3933,99a6c7aa-8861-11f1-b03a-b48c9db4e1b4,3,"[0, 0, 1, 0]",1,0,0,,0.25,4
3934,99a6c7aa-8861-11f1-b03a-b48c9db4e1b4,3,"[0, 0, 1, 0]",2,1,1,,0.25,4
3935,99a6c7aa-8861-11f1-b03a-b48c9db4e1b4,3,"[0, 0, 1, 0]",3,0,0,,0.25,4
3936,99a6c7aa-8861-11f1-b03a-b48c9db4e1b4,4,"[0, 0, 1, 0]",0,0,0,,0.25,4
3937,99a6c7aa-8861-11f1-b03a-b48c9db4e1b4,4,"[0, 0, 1, 0]",1,0,0,,0.25,4
3938,99a6c7aa-8861-11f1-b03a-b48c9db4e1b4,4,"[0, 0, 1, 0]",2,1,1,,0.25,4
3939,99a6c7aa-8861-11f1-b03a-b48c9db4e1b4,4,"[0, 0, 1, 0]",3,0,0,,0.25,4
3940,99a6c7aa-8861-11f1-b03a-b48c9db4e1b4,5,"[0, 0, 1, 0]",0,0,0,,0.25,4
3941,99a6c7aa-8861-11f1-b03a-b48c9db4e1b4,5,"[0, 0, 1, 0]",1,0,0,,0.25,4
3942,99a6c7aa-8861-11f1-b03a-b48c9db4e1b4,5,"[0, 0, 1, 0]",2,1,1,,0.25,4
3943,99a6c7aa-8861-11f1-b03a-b48c9db4e1b4,5,"[0, 0, 1, 0]",3,0,0,,0.25,4
3944,99a6c7aa-8861-11f1-b03a-b48c9db4e1b4,6,"[0, 0, 1, 0]",0,0,0,,0.25,4
3945,99a6c7aa-8861-11f1-b03a-b48c9db4e1b4,6,"[0, 0, 1, 0]",1,0,0,,0.25,4
3946,99a6c7aa-8861-11f1-b03a-b48c9db4e1b4,6,"[0, 0, 1, 0]",2,1,1,,0.25,4
3947,99a6c7aa-8861-11f1-b03a-b48c9db4e1b4,6,"[0, 0, 1, 0]",3,0,0,,0.25,4
3948,99a6c7aa-8861-11f1-b03a-b48c9db4e1b4,7,"[0, 0, 1, 0]",0,0,0,,0.25,4
3949,99a6c7aa-8861-11f1-b03a-b48c9db4e1b4,7,"[0, 0, 1, 0]",1,0,0,,0.25,4
3950,99a6c7aa-8861-11f1-b03a-b48c9db4e1b4,7,"[0, 0, 1, 0]",2,1,1,,0.25,4
3951,99a6c7aa-8861-11f1-b03a-b48c9db4e1b4,7,"[0, 0, 1, 0]",3,0,0,,0.25,4
3952,99a6c7aa-8861-11f1-b03a-b48c9db4e1b4,8,"[0, 0, 1, 0]",0,0,0,,0.25,4
3953,99a6c7aa-8861-11f1-b03a-b48c9db4e1b4,8,"[0, 0, 1, 0]",1,0,0,,0.25,4
3954,99a6c7aa-8861-11f1-b03a-b48c9db4e1b4,8,"[0, 0, 1, 0]",2,1,1,,0.25,4
3955,99a6c7aa-8861-11f1-b03a-b48c9db4e1b4,8,"[0, 0, 1, 0]",3,0,0,,0.25,4
3956,99a6c7aa-8861-11f1-b03a-b48c9db4e1b4,9,"[0, 0, 1, 0]",0,0,0,,0.25,4
3957,99a6c7aa-8861-11f1-b03a-b48c9db4e1b4,9,"[0, 0, 1, 0]",1,0,0,,0.25,4
3958,99a6c7aa-8861-11f1-b03a-b48c9db4e1b4,9,"[0, 0, 1, 0]",2,1,1,,0.25,4
3959,99a6c7aa-8861-11f1-b03a-b48c9db4e1b4,9,"[0, 0, 1, 0]",3,0,0,,0.25,4
3960,99a6c7aa-8861-11f1-b03a-b48c9db4e1b4,10,"[0, 0, 1, 0]",0,0,0,,0.25,4
3961,99a6c7aa-8861-11f1-b03a-b48c9db4e1b4,10,"[0, 0, 1, 0]",1,0,0,,0.25,4
3962,99a6c7aa-8861-11f1-b03a-b48c9db4e1b4,10,"[0, 0, 1, 0]",2,1,1,,0.25,4
3963,99a6c7aa-8861-11f1-b03a-b48c9db4e1b4,10,"[0, 0, 1, 0]",3,0,0,,0.25,4
3964,99a6c7aa-8861-11f1-b03a-b48c9db4e1b4,11,"[0, 0, 1, 0]",0,0,0,,0.25,4
3965,99a6c7aa-8861-11f1-b03a-b48c9db4e1b4,11,"[0, 0, 1, 0]",1,0,0,,0.25,4
3966,99a6c7aa-8861-11f1-b03a-b48c9db4e1b4,11,"[0, 0, 1, 0]",2,1,1,,0.25,4
3967,99a6c7aa-8861-11f1-b03a-b48c9db4e1b4,11,"[0, 0, 1, 0]",3,0,0,,0.25,4
3968,99a6c7aa-8861-11f1-b03a-b48c9db4e1b4,12,"[0, 0, 1, 0]",0,0,0,,0.25,4
3969,99a6c7aa-8861-11f1-b03a-b48c9db4e1b4,12,"[0, 0, 1, 0]",1,0,0,,0.25,4
3970,99a6c7aa-8861-11f1-b03a-b48c9db4e1b4,12,"[0, 0, 1, 0]",2,1,1,,0.25,4
3971,99a6c7aa-8861-11f1-b03a-b48c9db4e1b4,12,"[0, 0, 1, 0]",3,0,0,,0.25,4
3972,99a6c7aa-8861-11f1-b03a-b48c9db4e1b4,13,"[0, 0, 1, 0]",0,0,0,,0.25,4
3973,99a6c7aa-8861-11f1-b03a-b48c9db4e1b4,13,"[0, 0, 1, 0]",1,0,0,,0.25,4
3974,99a6c7aa-8861-11f1-b03a-b48c9db4e1b4,13,"[0, 0, 1, 0]",2,1,1,,0.25,4
3975,99a6c7aa-8861-11f1-b03a-b48c9db4e1b4,13,"[0, 0, 1, 0]",3,0,0,,0.25,4
3976,99a6c7aa-8861-11f1-b03a-b48c9db4e1b4,14,"[0, 0, 1, 0]",0,0,0,,0.25,4
3977,99a6c7aa-8861-11f1-b03a-b48c9db4e1b4,14,"[0, 0, 1, 0]",1,0,0,,0.25,4
3978,99a6c7aa-8861-11f1-b03a-b48c9db4e1b4,14,"[0, 0, 1, 0]",2,1,1,,0.25,4
3979,99a6c7aa-8861-11f1-b03a-b48c9db4e1b4,14,"[0, 0, 1, 0]",3,0,0,,0.25,4
3980,99a6c7aa-8861-11f1-b03a-b48c9db4e1b4,15,"[0, 0, 1, 0]",0,0,0,,0.25,4
3981,99a6c7aa-8861-11f1-b03a-b48c9db4e1b4,15,"[0, 0, 1, 0]",1,0,0,,0.25,4
3982,99a6c7aa-8861-11f1-b03a-b48c9db4e1b4,15,"[0, 0, 1, 0]",2,1,1,,0.25,4
3983,99a6c7aa-8861-11f1-b03a-b48c9db4e1b4,15,"[0, 0, 1, 0]",3,0,0,,0.25,4
3984,99a6c7aa-8861-11f1-b03a-b48c9db4e1b4,16,"[0, 0, 1, 0]",0,0,0,,0.25,4
3985,99a6c7aa-8861-11f1-b03a-b48c9db4e1b4,16,"[0, 0, 1, 0]",1,0,0,,0.25,4
3986,99a6c7aa-8861-11f1-b03a-b48c9db4e1b4,16,"[0, 0, 1, 0]",2,1,1,,0.25,4
3987,99a6c7aa-8861-11f1-b03a-b48c9db4e1b4,16,"[0, 0, 1, 0]",3,0,0,,0.25,4
3988,99a6c7aa-8861-11f1-b03a-b48c9db4e1b4,17,"[0, 0, 1, 0]",0,0,0,,0.25,4
3989,99a6c7aa-8861-11f1-b03a-b48c9db4e1b4,17,"[0, 0, 1, 0]",1,0,0,,0.25,4
3990,99a6c7aa-8861-11f1-b03a-b48c9db4e1b4,17,"[0, 0, 1, 0]",2,1,1,,0.25,4
3991,99a6c7aa-8861-11f1-b03a-b48c9db4e1b4,17,"[0, 0, 1, 0]",3,0,0,,0.25,4
3992,99a6c7aa-8861-11f1-b03a-b48c9db4e1b4,18,"[0, 0, 1, 0]",0,0,0,,0.25,4
3993,99a6c7aa-8861-11f1-b03a-b48c9db4e1b4,18,"[0, 0, 1, 0]",1,0,0,,0.25,4
3994,99a6c7aa-8861-11f1-b03a-b48c9db4e1b4,18,"[0, 0, 1, 0]",2,1,1,,0.25,4
3995,99a6c7aa-8861-11f1-b03a-b48c9db4e1b4,18,"[0, 0, 1, 0]",3,0,0,,0.25,4
3996,99a6c7aa-8861-11f1-b03a-b48c9db4e1b4,19,"[0, 0, 1, 0]",0,0,0,,0.25,4
3997,99a6c7aa-8861-11f1-b03a-b48c9db4e1b4,19,"[0, 0, 1, 0]",1,0,0,,0.25,4
3998,99a6c7aa-8861-11f1-b03a-b48c9db4e1b4,19,"[0, 0, 1, 0]",2,1,1,,0.25,4
3999,99a6c7aa-8861-11f1-b03a-b48c9db4e1b4,19,"[0, 0, 1, 0]",3,0,0,,0.25,4
