,id_sim,round,attendance,id_player,decision,score,model,threshold,num_agents
0,9a7f5ef0-8861-11f1-9369-b48c9db4e1b4,0,"[0, 1, 1, 0, 0, 0, 0, 1]",0,0,0,,0.625,8
1,9a7f5ef0-8861-11f1-9369-b48c9db4e1b4,0,"[0, 1, 1, 0, 0, 0, 0, 1]",1,1,1,,0.625,8
2,9a7f5ef0-8861-11f1-9369-b48c9db4e1b4,0,"[0, 1, 1, 0, 0, 0, 0, 1]",2,1,1,,0.625,8
3,9a7f5ef0-8861-11f1-9369-b48c9db4e1b4,0,"[0, 1, 1, 0, 0, 0, 0, 1]",3,0,0,,0.625,8
4,9a7f5ef0-8861-11f1-9369-b48c9db4e1b4,0,"[0, 1, 1, 0, 0, 0, 0, 1]",4,0,0,,0.625,8
5,9a7f5ef0-8861-11f1-9369-b48c9db4e1b4,0,"[0, 1, 1, 0, 0, 0, 0, 1]",5,0,0,,0.625,8
6,9a7f5ef0-8861-11f1-9369-b48c9db4e1b4,0,"[0, 1, 1, 0, 0, 0, 0, 1]",6,0,0,,0.625,8
7,9a7f5ef0-8861-11f1-9369-b48c9db4e1b4,0,"[0, 1, 1, 0, 0, 0, 0, 1]",7,1,1,,0.625,8
8,9a7f5ef0-8861-11f1-9369-b48c9db4e1b4,1,"[1, 0, 0, 0, 1, 1, 1, 0]",0,1,1,,0.625,8
9,9a7f5ef0-8861-11f1-9369-b48c9db4e1b4,1,"[1, 0, 0, 0, 1, 1, 1, 0]",1,0,0,,0.625,8
10,9a7f5ef0-8861-11f1-9369-b48c9db4e1b4,1,"[1, 0, 0, 0, 1, 1, 1, 0]",2,0,0,,0.625,8
11,9a7f5ef0-8861-11f1-9369-b48c9db4e1b4,1,"[1, 0, 0, 0, 1, 1, 1, 0]",3,0,0,,0.625,8
12,9a7f5ef0-8861-11f1-9369-b48c9db4e1b4,1,"[1, 0, 0, 0, 1, 1, 1, 0]",4,1,1,,0.625,8
13,9a7f5ef0-8861-11f1-9369-b48c9db4e1b4,1,"[1, 0, 0, 0, 1, 1, 1, 0]",5,1,1,,0.625,8
14,9a7f5ef0-8861-11f1-9369-b48c9db4e1b4,1,"[1, 0, 0, 0, 1, 1, 1, 0]",6,1,1,,0.625,8
15,9a7f5ef0-8861-11f1-9369-b48c9db4e1b4,1,"[1, 0, 0, 0, 1, 1, 1, 0]",7,0,0,,0.625,8
16,9a7f5ef0-8861-11f1-9369-b48c9db4e1b4,2,"[1, 1, 0, 0, 1, 0, 0, 1]",0,1,1,,0.625,8
17,9a7f5ef0-8861-11f1-9369-b48c9db4e1b4,2,"[1, 1, 0, 0, 1, 0, 0, 1]",1,1,1,,0.625,8
18,9a7f5ef0-8861-11f1-9369-b48c9db4e1b4,2,"[1, 1, 0, 0, 1, 0, 0, 1]",2,0,0,,0.625,8
19,9a7f5ef0-8861-11f1-9369-b48c9db4e1b4,2,"[1, 1, 0, 0, 1, 0, 0, 1]",3,0,0,,0.625,8
20,9a7f5ef0-8861-11f1-9369-b48c9db4e1b4,2,"[1, 1, 0, 0, 1, 0, 0, 1]",4,1,1,,0.625,8
21,9a7f5ef0-8861-11f1-9369-b48c9db4e1b4,2,"[1, 1, 0, 0, 1, 0, 0, 1]",5,0,0,,0.625,8
22,9a7f5ef0-8861-11f1-9369-b48c9db4e1b4,2,"[1, 1, 0, 0, 1, 0, 0, 1]",6,0,0,,0.625,8
23,9a7f5ef0-8861-11f1-9369-b48c9db4e1b4,2,"[1, 1, 0, 0, 1, 0, 0, 1]",7,1,1,,0.625,8
24,9a7f5ef0-8861-11f1-9369-b48c9db4e1b4,3,"[1, 1, 0, 0, 1, 1, 1, 1]",0,1,-1,,0.625,8
25,9a7f5ef0-8861-11f1-9369-b48c9db4e1b4,3,"[1, 1, 0, 0, 1, 1, 1, 1]",1,1,-1,,0.625,8
26,9a7f5ef0-8861-11f1-9369-b48c9db4e1b4,3,"[1, 1, 0, 0, 1, 1, 1, 1]",2,0,0,,0.625,8
27,9a7f5ef0-8861-11f1-9369-b48c9db4e1b4,3,"[1, 1, 0, 0, 1, 1, 1, 1]",3,0,0,,0.625,8
28,9a7f5ef0-8861-11f1-9369-b48c9db4e1b4,3,"[1, 1, 0, 0, 1, 1, 1, 1]",4,1,-1,,0.625,8
29,9a7f5ef0-8861-11f1-9369-b48c9db4e1b4,3,"[1, 1, 0, 0, 1, 1, 1, 1]",5,1,-1,,0.625,8
30,9a7f5ef0-8861-11f1-9369-b48c9db4e1b4,3,"[1, 1, 0, 0, 1, 1, 1, 1]",6,1,-1,,0.625,8
31,9a7f5ef0-8861-11f1-9369-b48c9db4e1b4,3,"[1, 1, 0, 0, 1, 1, 1, 1]",7,1,-1,,0.625,8
32,9a7f5ef0-8861-11f1-9369-b48c9db4e1b4,4,"[0, 0, 1, 1, 1, 0, 0, 1]",0,0,0,,0.625,8
33,9a7f5ef0-8861-11f1-9369-b48c9db4e1b4,4,"[0, 0, 1, 1, 1, 0, 0, 1]",1,0,0,,0.625,8
34,9a7f5ef0-8861-11f1-9369-b48c9db4e1b4,4,"[0, 0, 1, 1, 1, 0, 0, 1]",2,1,1,,0.625,8
35,9a7f5ef0-8861-11f1-9369-b48c9db4e1b4,4,"[0, 0, 1, 1, 1, 0, 0, 1]",3,1,1,,0.625,8
36,9a7f5ef0-8861-11f1-9369-b48c9db4e1b4,4,"[0, 0, 1, 1, 1, 0, 0, 1]",4,1,1,,0.625,8
37,9a7f5ef0-8861-11f1-9369-b48c9db4e1b4,4,"[0, 0, 1, 1, 1, 0, 0, 1]",5,0,0,,0.625,8
38,9a7f5ef0-8861-11f1-9369-b48c9db4e1b4,4,"[0, 0, 1, 1, 1, 0, 0, 1]",6,0,0,,0.625,8
39,9a7f5ef0-8861-11f1-9369-b48c9db4e1b4,4,"[0, 0, 1, 1, 1, 0, 0, 1]",7,1,1,,0.625,8
40,9a7f5ef0-8861-11f1-9369-b48c9db4e1b4,5,"[1, 0, 1, 0, 1, 1, 0, 0]",0,1,1,,0.625,8
41,9a7f5ef0-8861-11f1-9369-b48c9db4e1b4,5,"[1, 0, 1, 0, 1, 1, 0, 0]",1,0,0,,0.625,8
42,9a7f5ef0-8861-11f1-9369-b48c9db4e1b4,5,"[1, 0, 1, 0, 1, 1, 0, 0]",2,1,1,,0.625,8
43,9a7f5ef0-8861-11f1-9369-b48c9db4e1b4,5,"[1, 0, 1, 0, 1, 1, 0, 0]",3,0,0,,0.625,8
44,9a7f5ef0-8861-11f1-9369-b48c9db4e1b4,5,"[1, 0, 1, 0, 1, 1, 0, 0]",4,1,1,,0.625,8
45,9a7f5ef0-8861-11f1-9369-b48c9db4e1b4,5,"[1, 0, 1, 0, 1, 1, 0, 0]",5,1,1,,0.625,8
46,9a7f5ef0-8861-11f1-9369-b48c9db4e1b4,5,"[1, 0, 1, 0, 1, 1, 0, 0]",6,0,0,,0.625,8
47,9a7f5ef0-8861-11f1-9369-b48c9db4e1b4,5,"[1, 0, 1, 0, 1, 1, 0, 0]",7,0,0,,0.625,8
48,9a7f5ef0-8861-11f1-9369-b48c9db4e1b4,6,"[1, 0, 0, 0, 0, 0, 0, 0]",0,1,1,,0.625,8
49,9a7f5ef0-8861-11f1-9369-b48c9db4e1b4,6,"[1, 0, 0, 0, 0, 0, 0, 0]",1,0,0,,0.625,8
50,9a7f5ef0-8861-11f1-9369-b48c9db4e1b4,6,"[1, 0, 0, 0, 0, 0, 0, 0]",2,0,0,,0.625,8
51,9a7f5ef0-8861-11f1-9369-b48c9db4e1b4,6,"[1, 0, 0, 0, 0, 0, 0, 0]",3,0,0,,0.625,8
52,9a7f5ef0-8861-11f1-9369-b48c9db4e1b4,6,"[1, 0, 0, 0, 0, 0, 0, 0]",4,0,0,,0.625,8
53,9a7f5ef0-8861-11f1-9369-b48c9db4e1b4,6,"[1, 0, 0, 0, 0, 0, 0, 0]",5,0,0,,0.625,8
54,9a7f5ef0-8861-11f1-9369-b48c9db4e1b4,6,"[1, 0, 0, 0, 0, 0, 0, 0]",6,0,0,,0.625,8
55,9a7f5ef0-8861-11f1-9369-b48c9db4e1b4,6,"[1, 0, 0, 0, 0, 0, 0, 0]",7,0,0,,0.625,8
56,9a7f5ef0-8861-11f1-9369-b48c9db4e1b4,7,"[0, 1, 0, 0, 1, 0, 1, 0]",0,0,0,,0.625,8
57,9a7f5ef0-8861-11f1-9369-b48c9db4e1b4,7,"[0, 1, 0, 0, 1, 0, 1, 0]",1,1,1,,0.625,8
58,9a7f5ef0-8861-11f1-9369-b48c9db4e1b4,7,"[0, 1, 0, 0, 1, 0, 1, 0]",2,0,0,,0.625,8
59,9a7f5ef0-8861-11f1-9369-b48c9db4e1b4,7,"[0, 1, 0, 0, 1, 0, 1, 0]",3,0,0,,0.625,8
60,9a7f5ef0-8861-11f1-9369-b48c9db4e1b4,7,"[0, 1, 0, 0, 1, 0, 1, 0]",4,1,1,,0.625,8
61,9a7f5ef0-8861-11f1-9369-b48c9db4e1b4,7,"[0, 1, 0, 0, 1, 0, 1, 0]",5,0,0,,0.625,8
62,9a7f5ef0-8861-11f1-9369-b48c9db4e1b4,7,"[0, 1, 0, 0, 1, 0, 1, 0]",6,1,1,,0.625,8
63,9a7f5ef0-8861-11f1-9369-b48c9db4e1b4,7,"[0, 1, 0, 0, 1, 0, 1, 0]",7,0,0,,0.625,8
64,9a7f5ef0-8861-11f1-9369-b48c9db4e1b4,8,"[1, 1, 1, 1, 1, 1, 0, 1]",0,1,-1,,0.625,8
65,9a7f5ef0-8861-11f1-9369-b48c9db4e1b4,8,"[1, 1, 1, 1, 1, 1, 0, 1]",1,1,-1,,0.625,8
66,9a7f5ef0-8861-11f1-9369-b48c9db4e1b4,8,"[1, 1, 1, 1, 1, 1, 0, 1]",2,1,-1,,0.625,8
67,9a7f5ef0-8861-11f1-9369-b48c9db4e1b4,8,"[1, 1, 1, 1, 1, 1, 0, 1]",3,1,-1,,0.625,8
68,9a7f5ef0-8861-11f1-9369-b48c9db4e1b4,8,"[1, 1, 1, 1, 1, 1, 0, 1]",4,1,-1,,0.625,8
69,9a7f5ef0-8861-11f1-9369-b48c9db4e1b4,8,"[1, 1, 1, 1, 1, 1, 0, 1]",5,1,-1,,0.625,8
70,9a7f5ef0-8861-11f1-9369-b48c9db4e1b4,8,"[1, 1, 1, 1, 1, 1, 0, 1]",6,0,0,,0.625,8
71,9a7f5ef0-8861-11f1-9369-b48c9db4e1b4,8,"[1, 1, 1, 1, 1, 1, 0, 1]",7,1,-1,,0.625,8
72,9a7f5ef0-8861-11f1-9369-b48c9db4e1b4,9,"[1, 0, 1, 1, 0, 0, 1, 0]",0,1,1,,0.625,8
73,9a7f5ef0-8861-11f1-9369-b48c9db4e1b4,9,"[1, 0, 1, 1, 0, 0, 1, 0]",1,0,0,,0.625,8
74,9a7f5ef0-8861-11f1-9369-b48c9db4e1b4,9,"[1, 0, 1, 1, 0, 0, 1, 0]",2,1,1,,0.625,8
75,9a7f5ef0-8861-11f1-9369-b48c9db4e1b4,9,"[1, 0, 1, 1, 0, 0, 1, 0]",3,1,1,,0.625,8
76,9a7f5ef0-8861-11f1-9369-b48c9db4e1b4,9,"[1, 0, 1, 1, 0, 0, 1, 0]",4,0,0,,0.625,8
77,9a7f5ef0-8861-11f1-9369-b48c9db4e1b4,9,"[1, 0, 1, 1, 0, 0, 1, 0]",5,0,0,,0.625,8
78,9a7f5ef0-8861-11f1-9369-b48c9db4e1b4,9,"[1, 0, 1, 1, 0, 0, 1, 0]",6,1,1,,0.625,8
79,9a7f5ef0-8861-11f1-9369-b48c9db4e1b4,9,"[1, 0, 1, 1, 0, 0, 1, 0]",7,0,0,,0.625,8
80,9a7f5ef0-8861-11f1-9369-b48c9db4e1b4,10,"[1, 1, 0, 0, 1, 0, 0, 0]",0,1,1,,0.625,8
81,9a7f5ef0-8861-11f1-9369-b48c9db4e1b4,10,"[1, 1, 0, 0, 1, 0, 0, 0]",1,1,1,,0.625,8
82,9a7f5ef0-8861-11f1-9369-b48c9db4e1b4,10,"[1, 1, 0, 0, 1, 0, 0, 0]",2,0,0,,0.625,8
83,9a7f5ef0-8861-11f1-9369-b48c9db4e1b4,10,"[1, 1, 0, 0, 1, 0, 0, 0]",3,0,0,,0.625,8
84,9a7f5ef0-8861-11f1-9369-b48c9db4e1b4,10,"[1, 1, 0, 0, 1, 0, 0, 0]",4,1,1,,0.625,8
85,9a7f5ef0-8861-11f1-9369-b48c9db4e1b4,10,"[1, 1, 0, 0, 1, 0, 0, 0]",5,0,0,,0.625,8
86,9a7f5ef0-8861-11f1-9369-b48c9db4e1b4,10,"[1, 1, 0, 0, 1, 0, 0, 0]",6,0,0,,0.625,8
87,9a7f5ef0-8861-11f1-9369-b48c9db4e1b4,10,"[1, 1, 0, 0, 1, 0, 0, 0]",7,0,0,,0.625,8
88,9a7f5ef0-8861-11f1-9369-b48c9db4e1b4,11,"[1, 0, 1, 1, 0, 0, 0, 0]",0,1,1,,0.625,8
89,9a7f5ef0-8861-11f1-9369-b48c9db4e1b4,11,"[1, 0, 1, 1, 0, 0, 0, 0]",1,0,0,,0.625,8
90,9a7f5ef0-8861-11f1-9369-b48c9db4e1b4,11,"[1, 0, 1, 1, 0, 0, 0, 0]",2,1,1,,0.625,8
91,9a7f5ef0-8861-11f1-9369-b48c9db4e1b4,11,"[1, 0, 1, 1, 0, 0, 0, 0]",3,1,1,,0.625,8
92,9a7f5ef0-8861-11f1-9369-b48c9db4e1b4,11,"[1, 0, 1, 1, 0, 0, 0, 0]",4,0,0,,0.625,8
93,9a7f5ef0-8861-11f1-9369-b48c9db4e1b4,11,"[1, 0, 1, 1, 0, 0, 0, 0]",5,0,0,,0.625,8
94,9a7f5ef0-8861-11f1-9369-b48c9db4e1b4,11,"[1, 0, 1, 1, 0, 0, 0, 0]",6,0,0,,0.625,8
95,9a7f5ef0-8861-11f1-9369-b48c9db4e1b4,11,"[1, 0, 1, 1, 0, 0, 0, 0]",7,0,0,,0.625,8
96,9a7f5ef0-8861-11f1-9369-b48c9db4e1b4,12,"[1, 0, 0, 0, 0, 0, 1, 0]",0,1,1,,0.625,8
97,9a7f5ef0-8861-11f1-9369-b48c9db4e1b4,12,"[1, 0, 0, 0, 0, 0, 1, 0]",1,0,0,,0.625,8
98,9a7f5ef0-8861-11f1-9369-b48c9db4e1b4,12,"[1, 0, 0, 0, 0, 0, 1, 0]",2,0,0,,0.625,8
99,9a7f5ef0-8861-11f1-9369-b48c9db4e1b4,12,"[1, 0, 0, 0, 0, 0, 1, 0]",3,0,0,,0.625,8
100,9a7f5ef0-8861-11f1-9369-b48c9db4e1b4,12,"[1, 0, 0, 0, 0, 0, 1, 0]",4,0,0,,0.625,8
101,9a7f5ef0-8861-11f1-9369-b48c9db4e1b4,12,"[1, 0, 0, 0, 0, 0, 1, 0]",5,0,0,,0.625,8
102,9a7f5ef0-8861-11f1-9369-b48c9db4e1b4,12,"[1, 0, 0, 0, 0, 0, 1, 0]",6,1,1,,0.625,8
103,9a7f5ef0-8861-11f1-9369-b48c9db4e1b4,12,"[1, 0, 0, 0, 0, 0, 1, 0]",7,0,0,,0.625,8
104,9a7f5ef0-8861-11f1-9369-b48c9db4e1b4,13,"[0, 0, 0, 0, 0, 0, 1, 0]",0,0,0,,0.625,8
105,9a7f5ef0-8861-11f1-9369-b48c9db4e1b4,13,"[0, 0, 0, 0, 0, 0, 1, 0]",1,0,0,,0.625,8
106,9a7f5ef0-8861-11f1-9369-b48c9db4e1b4,13,"[0, 0, 0, 0, 0, 0, 1, 0]",2,0,0,,0.625,8
107,9a7f5ef0-8861-11f1-9369-b48c9db4e1b4,13,"[0, 0, 0, 0, 0, 0, 1, 0]",3,0,0,,0.625,8
108,9a7f5ef0-8861-11f1-9369-b48c9db4e1b4,13,"[0, 0, 0, 0, 0, 0, 1, 0]",4,0,0,,0.625,8
109,9a7f5ef0-8861-11f1-9369-b48c9db4e1b4,13,"[0, 0, 0, 0, 0, 0, 1, 0]",5,0,0,,0.625,8
110,9a7f5ef0-8861-11f1-9369-b48c9db4e1b4,13,"[0, 0, 0, 0, 0, 0, 1, 0]",6,1,1,,0.625,8
111,9a7f5ef0-8861-11f1-9369-b48c9db4e1b4,13,"[0, 0, 0, 0, 0, 0, 1, 0]",7,0,0,,0.625,8
112,9a7f5ef0-8861-11f1-9369-b48c9db4e1b4,14,"[0, 1, 1, 0, 1, 1, 1, 1]",0,0,0,,0.625,8
113,9a7f5ef0-8861-11f1-9369-b48c9db4e1b4,14,"[0, 1, 1, 0, 1, 1, 1, 1]",1,1,-1,,0.625,8
114,9a7f5ef0-8861-11f1-9369-b48c9db4e1b4,14,"[0, 1, 1, 0, 1, 1, 1, 1]",2,1,-1,,0.625,8
115,9a7f5ef0-8861-11f1-9369-b48c9db4e1b4,14,"[0, 1, 1, 0, 1, 1, 1, 1]",3,0,0,,0.625,8
116,9a7f5ef0-8861-11f1-9369-b48c9db4e1b4,14,"[0, 1, 1, 0, 1, 1, 1, 1]",4,1,-1,,0.625,8
117,9a7f5ef0-8861-11f1-9369-b48c9db4e1b4,14,"[0, 1, 1, 0, 1, 1, 1, 1]",5,1,-1,,0.625,8
118,9a7f5ef0-8861-11f1-9369-b48c9db4e1b4,14,"[0, 1, 1, 0, 1, 1, 1, 1]",6,1,-1,,0.625,8
119,9a7f5ef0-8861-11f1-9369-b48c9db4e1b4,14,"[0, 1, 1, 0, 1, 1, 1, 1]",7,1,-1,,0.625,8
120,9a7f5ef0-8861-11f1-9369-b48c9db4e1b4,15,"[1, 1, 0, 0, 0, 0, 1, 1]",0,1,1,,0.625,8
121,9a7f5ef0-8861-11f1-9369-b48c9db4e1b4,15,"[1, 1, 0, 0, 0, 0, 1, 1]",1,1,1,,0.625,8
122,9a7f5ef0-8861-11f1-9369-b48c9db4e1b4,15,"[1, 1, 0, 0, 0, 0, 1, 1]",2,0,0,,0.625,8
123,9a7f5ef0-8861-11f1-9369-b48c9db4e1b4,15,"[1, 1, 0, 0, 0, 0, 1, 1]",3,0,0,,0.625,8
124,9a7f5ef0-8861-11f1-9369-b48c9db4e1b4,15,"[1, 1, 0, 0, 0, 0, 1, 1]",4,0,0,,0.625,8
125,9a7f5ef0-8861-11f1-9369-b48c9db4e1b4,15,"[1, 1, 0, 0, 0, 0, 1, 1]",5,0,0,,0.625,8
126,9a7f5ef0-8861-11f1-9369-b48c9db4e1b4,15,"[1, 1, 0, 0, 0, 0, 1, 1]",6,1,1,,0.625,8
127,9a7f5ef0-8861-11f1-9369-b48c9db4e1b4,15,"[1, 1, 0, 0, 0, 0, 1, 1]",7,1,1,,0.625,8
128,9a7f5ef0-8861-11f1-9369-b48c9db4e1b4,16,"[1, 0, 0, 1, 0, 0, 1, 0]",0,1,1,,0.625,8
129,9a7f5ef0-8861-11f1-9369-b48c9db4e1b4,16,"[1, 0, 0, 1, 0, 0, 1, 0]",1,0,0,,0.625,8
130,9a7f5ef0-8861-11f1-9369-b48c9db4e1b4,16,"[1, 0, 0, 1, 0, 0, 1, 0]",2,0,0,,0.625,8
131,9a7f5ef0-8861-11f1-9369-b48c9db4e1b4,16,"[1, 0, 0, 1, 0, 0, 1, 0]",3,1,1,,0.625,8
132,9a7f5ef0-8861-11f1-9369-b48c9db4e1b4,16,"[1, 0, 0, 1, 0, 0, 1, 0]",4,0,0,,0.625,8
133,9a7f5ef0-8861-11f1-9369-b48c9db4e1b4,16,"[1, 0, 0, 1, 0, 0, 1, 0]",5,0,0,,0.625,8
134,9a7f5ef0-8861-11f1-9369-b48c9db4e1b4,16,"[1, 0, 0, 1, 0, 0, 1, 0]",6,1,1,,0.625,8
135,9a7f5ef0-8861-11f1-9369-b48c9db4e1b4,16,"[1, 0, 0, 1, 0, 0, 1, 0]",7,0,0,,0.625,8
136,9a7f5ef0-8861-11f1-9369-b48c9db4e1b4,17,"[0, 1, 1, 1, 0, 1, 0, 0]",0,0,0,,0.625,8
137,9a7f5ef0-8861-11f1-9369-b48c9db4e1b4,17,"[0, 1, 1, 1, 0, 1, 0, 0]",1,1,1,,0.625,8
138,9a7f5ef0-8861-11f1-9369-b48c9db4e1b4,17,"[0, 1, 1, 1, 0, 1, 0, 0]",2,1,1,,0.625,8
139,9a7f5ef0-8861-11f1-9369-b48c9db4e1b4,17,"[0, 1, 1, 1, 0, 1, 0, 0]",3,1,1,,0.625,8
140,9a7f5ef0-8861-11f1-9369-b48c9db4e1b4,17,"[0, 1, 1, 1, 0, 1, 0, 0]",4,0,0,,0.625,8
141,9a7f5ef0-8861-11f1-9369-b48c9db4e1b4,17,"[0, 1, 1, 1, 0, 1, 0, 0]",5,1,1,,0.625,8
142,9a7f5ef0-8861-11f1-9369-b48c9db4e1b4,17,"[0, 1, 1, 1, 0, 1, 0, 0]",6,0,0,,0.625,8
143,9a7f5ef0-8861-11f1-9369-b48c9db4e1b4,17,"[0, 1, 1, 1, 0, 1, 0, 0]",7,0,0,,0.625,8
144,9a7f5ef0-8861-11f1-9369-b48c9db4e1b4,18,"[1, 1, 0, 1, 1, 0, 0, 0]",0,1,1,,0.625,8
145,9a7f5ef0-8861-11f1-9369-b48c9db4e1b4,18,"[1, 1, 0, 1, 1, 0, 0, 0]",1,1,1,,0.625,8
146,9a7f5ef0-8861-11f1-9369-b48c9db4e1b4,18,"[1, 1, 0, 1, 1, 0, 0, 0]",2,0,0,,0.625,8
147,9a7f5ef0-8861-11f1-9369-b48c9db4e1b4,18,"[1, 1, 0, 1, 1, 0, 0, 0]",3,1,1,,0.625,8
148,9a7f5ef0-8861-11f1-9369-b48c9db4e1b4,18,"[1, 1, 0, 1, 1, 0, 0, 0]",4,1,1,,0.625,8
149,9a7f5ef0-8861-11f1-9369-b48c9db4e1b4,18,"[1, 1, 0, 1, 1, 0, 0, 0]",5,0,0,,0.625,8
150,9a7f5ef0-8861-11f1-9369-b48c9db4e1b4,18,"[1, 1, 0, 1, 1, 0, 0, 0]",6,0,0,,0.625,8
151,9a7f5ef0-8861-11f1-9369-b48c9db4e1b4,18,"[1, 1, 0, 1, 1, 0, 0, 0]",7,0,0,,0.625,8
152,9a7f5ef0-8861-11f1-9369-b48c9db4e1b4,19,"[0, 1, 0, 0, 1, 1, 1, 0]",0,0,0,,0.625,8
153,9a7f5ef0-8861-11f1-9369-b48c9db4e1b4,19,"[0, 1, 0, 0, 1, 1, 1, 0]",1,1,1,,0.625,8
154,9a7f5ef0-8861-11f1-9369-b48c9db4e1b4,19,"[0, 1, 0, 0, 1, 1, 1, 0]",2,0,0,,0.625,8
155,9a7f5ef0-8861-11f1-9369-b48c9db4e1b4,19,"[0, 1, 0, 0, 1, 1, 1, 0]",3,0,0,,0.625,8
156,9a7f5ef0-8861-11f1-9369-b48c9db4e1b4,19,"[0, 1, 0, 0, 1, 1, 1, 0]",4,1,1,,0.625,8
157,9a7f5ef0-8861-11f1-9369-b48c9db4e1b4,19,"[0, 1, 0, 0, 1, 1, 1, 0]",5,1,1,,0.625,8
158,9a7f5ef0-8861-11f1-9369-b48c9db4e1b4,19,"[0, 1, 0, 0, 1, 1, 1, 0]",6,1,1,,0.625,8
159,9a7f5ef0-8861-11f1-9369-b48c9db4e1b4,19,"[0, 1, 0, 0, 1, 1, 1, 0]",7,0,0,,0.625,8
160,9a8647bd-8861-11f1-a329-b48c9db4e1b4,0,"[1, 0, 0, 1, 1, 0, 0, 1]",0,1,1,,0.625,8
161,9a8647bd-8861-11f1-a329-b48c9db4e1b4,0,"[1, 0, 0, 1, 1, 0, 0, 1]",1,0,0,,0.625,8
162,9a8647bd-8861-11f1-a329-b48c9db4e1b4,0,"[1, 0, 0, 1, 1, 0, 0, 1]",2,0,0,,0.625,8
163,9a8647bd-8861-11f1-a329-b48c9db4e1b4,0,"[1, 0, 0, 1, 1, 0, 0, 1]",3,1,1,,0.625,8
164,9a8647bd-8861-11f1-a329-b48c9db4e1b4,0,"[1, 0, 0, 1, 1, 0, 0, 1]",4,1,1,,0.625,8
165,9a8647bd-8861-11f1-a329-b48c9db4e1b4,0,"[1, 0, 0, 1, 1, 0, 0, 1]",5,0,0,,0.625,8
166,9a8647bd-8861-11f1-a329-b48c9db4e1b4,0,"[1, 0, 0, 1, 1, 0, 0, 1]",6,0,0,,0.625,8
167,9a8647bd-8861-11f1-a329-b48c9db4e1b4,0,"[1, 0, 0, 1, 1, 0, 0, 1]",7,1,1,,0.625,8
168,9a8647bd-8861-11f1-a329-b48c9db4e1b4,1,"[0, 0, 1, 1, 1, 1, 1, 1]",0,0,0,,0.625,8
169,9a8647bd-8861-11f1-a329-b48c9db4e1b4,1,"[0, 0, 1, 1, 1, 1, 1, 1]",1,0,0,,0.625,8
170,9a8647bd-8861-11f1-a329-b48c9db4e1b4,1,"[0, 0, 1, 1, 1, 1, 1, 1]",2,1,-1,,0.625,8
171,9a8647bd-8861-11f1-a329-b48c9db4e1b4,1,"[0, 0, 1, 1, 1, 1, 1, 1]",3,1,-1,,0.625,8
172,9a8647bd-8861-11f1-a329-b48c9db4e1b4,1,"[0, 0, 1, 1, 1, 1, 1, 1]",4,1,-1,,0.625,8
173,9a8647bd-8861-11f1-a329-b48c9db4e1b4,1,"[0, 0, 1, 1, 1, 1, 1, 1]",5,1,-1,,0.625,8
174,9a8647bd-8861-11f1-a329-b48c9db4e1b4,1,"[0, 0, 1, 1, 1, 1, 1, 1]",6,1,-1,,0.625,8
175,9a8647bd-8861-11f1-a329-b48c9db4e1b4,1,"[0, 0, 1, 1, 1, 1, 1, 1]",7,1,-1,,0.625,8
176,9a8647bd-8861-11f1-a329-b48c9db4e1b4,2,"[1, 0, 1, 1, 0, 1, 0, 0]",0,1,1,,0.625,8
177,9a8647bd-8861-11f1-a329-b48c9db4e1b4,2,"[1, 0, 1, 1, 0, 1, 0, 0]",1,0,0,,0.625,8
178,9a8647bd-8861-11f1-a329-b48c9db4e1b4,2,"[1, 0, 1, 1, 0, 1, 0, 0]",2,1,1,,0.625,8
179,9a8647bd-8861-11f1-a329-b48c9db4e1b4,2,"[1, 0, 1, 1, 0, 1, 0, 0]",3,1,1,,0.625,8
180,9a8647bd-8861-11f1-a329-b48c9db4e1b4,2,"[1, 0, 1, 1, 0, 1, 0, 0]",4,0,0,,0.625,8
181,9a8647bd-8861-11f1-a329-b48c9db4e1b4,2,"[1, 0, 1, 1, 0, 1, 0, 0]",5,1,1,,0.625,8
182,9a8647bd-8861-11f1-a329-b48c9db4e1b4,2,"[1, 0, 1, 1, 0, 1, 0, 0]",6,0,0,,0.625,8
183,9a8647bd-8861-11f1-a329-b48c9db4e1b4,2,"[1, 0, 1, 1, 0, 1, 0, 0]",7,0,0,,0.625,8
184,9a8647bd-8861-11f1-a329-b48c9db4e1b4,3,"[0, 1, 0, 0, 0, 0, 0, 1]",0,0,0,,0.625,8
185,9a8647bd-8861-11f1-a329-b48c9db4e1b4,3,"[0, 1, 0, 0, 0, 0, 0, 1]",1,1,1,,0.625,8
186,9a8647bd-8861-11f1-a329-b48c9db4e1b4,3,"[0, 1, 0, 0, 0, 0, 0, 1]",2,0,0,,0.625,8
187,9a8647bd-8861-11f1-a329-b48c9db4e1b4,3,"[0, 1, 0, 0, 0, 0, 0, 1]",3,0,0,,0.625,8
188,9a8647bd-8861-11f1-a329-b48c9db4e1b4,3,"[0, 1, 0, 0, 0, 0, 0, 1]",4,0,0,,0.625,8
189,9a8647bd-8861-11f1-a329-b48c9db4e1b4,3,"[0, 1, 0, 0, 0, 0, 0, 1]",5,0,0,,0.625,8
190,9a8647bd-8861-11f1-a329-b48c9db4e1b4,3,"[0, 1, 0, 0, 0, 0, 0, 1]",6,0,0,,0.625,8
191,9a8647bd-8861-11f1-a329-b48c9db4e1b4,3,"[0, 1, 0, 0, 0, 0, 0, 1]",7,1,1,,0.625,8
192,9a8647bd-8861-11f1-a329-b48c9db4e1b4,4,"[1, 1, 0, 0, 1, 1, 0, 1]",0,1,1,,0.625,8
193,9a8647bd-8861-11f1-a329-b48c9db4e1b4,4,"[1, 1, 0, 0, 1, 1, 0, 1]",1,1,1,,0.625,8
194,9a8647bd-8861-11f1-a329-b48c9db4e1b4,4,"[1, 1, 0, 0, 1, 1, 0, 1]",2,0,0,,0.625,8
195,9a8647bd-8861-11f1-a329-b48c9db4e1b4,4,"[1, 1, 0, 0, 1, 1, 0, 1]",3,0,0,,0.625,8
196,9a8647bd-8861-11f1-a329-b48c9db4e1b4,4,"[1, 1, 0, 0, 1, 1, 0, 1]",4,1,1,,0.625,8
197,9a8647bd-8861-11f1-a329-b48c9db4e1b4,4,"[1, 1, 0, 0, 1, 1, 0, 1]",5,1,1,,0.625,8
198,9a8647bd-8861-11f1-a329-b48c9db4e1b4,4,"[1, 1, 0, 0, 1, 1, 0, 1]",6,0,0,,0.625,8
199,9a8647bd-8861-11f1-a329-b48c9db4e1b4,4,"[1, 1, 0, 0, 1, 1, 0, 1]",7,1,1,,0.625,8
200,9a8647bd-8861-11f1-a329-b48c9db4e1b4,5,"[1, 0, 1, 1, 1, 1, 0, 1]",0,1,-1,,0.625,8
201,9a8647bd-8861-11f1-a329-b48c9db4e1b4,5,"[1, 0, 1, 1, 1, 1, 0, 1]",1,0,0,,0.625,8
202,9a8647bd-8861-11f1-a329-b48c9db4e1b4,5,"[1, 0, 1, 1, 1, 1, 0, 1]",2,1,-1,,0.625,8
203,9a8647bd-8861-11f1-a329-b48c9db4e1b4,5,"[1, 0, 1, 1, 1, 1, 0, 1]",3,1,-1,,0.625,8
204,9a8647bd-8861-11f1-a329-b48c9db4e1b4,5,"[1, 0, 1, 1, 1, 1, 0, 1]",4,1,-1,,0.625,8
205,9a8647bd-8861-11f1-a329-b48c9db4e1b4,5,"[1, 0, 1, 1, 1, 1, 0, 1]",5,1,-1,,0.625,8
206,9a8647bd-8861-11f1-a329-b48c9db4e1b4,5,"[1, 0, 1, 1, 1, 1, 0, 1]",6,0,0,,0.625,8
207,9a8647bd-8861-11f1-a329-b48c9db4e1b4,5,"[1, 0, 1, 1, 1, 1, 0, 1]",7,1,-1,,0.625,8
208,9a8647bd-8861-11f1-a329-b48c9db4e1b4,6,"[1, 1, 0, 0, 1, 0, 0, 1]",0,1,1,,0.625,8
209,9a8647bd-8861-11f1-a329-b48c9db4e1b4,6,"[1, 1, 0, 0, 1, 0, 0, 1]",1,1,1,,0.625,8
210,9a8647bd-8861-11f1-a329-b48c9db4e1b4,6,"[1, 1, 0, 0, 1, 0, 0, 1]",2,0,0,,0.625,8
211,9a8647bd-8861-11f1-a329-b48c9db4e1b4,6,"[1, 1, 0, 0, 1, 0, 0, 1]",3,0,0,,0.625,8
212,9a8647bd-8861-11f1-a329-b48c9db4e1b4,6,"[1, 1, 0, 0, 1, 0, 0, 1]",4,1,1,,0.625,8
213,9a8647bd-8861-11f1-a329-b48c9db4e1b4,6,"[1, 1, 0, 0, 1, 0, 0, 1]",5,0,0,,0.625,8
214,9a8647bd-8861-11f1-a329-b48c9db4e1b4,6,"[1, 1, 0, 0, 1, 0, 0, 1]",6,0,0,,0.625,8
215,9a8647bd-8861-11f1-a329-b48c9db4e1b4,6,"[1, 1, 0, 0, 1, 0, 0, 1]",7,1,1,,0.625,8
216,9a8647bd-8861-11f1-a329-b48c9db4e1b4,7,"[1, 0, 0, 1, 1, 0, 0, 1]",0,1,1,,0.625,8
217,9a8647bd-8861-11f1-a329-b48c9db4e1b4,7,"[1, 0, 0, 1, 1, 0, 0, 1]",1,0,0,,0.625,8
218,9a8647bd-8861-11f1-a329-b48c9db4e1b4,7,"[1, 0, 0, 1, 1, 0, 0, 1]",2,0,0,,0.625,8
219,9a8647bd-8861-11f1-a329-b48c9db4e1b4,7,"[1, 0, 0, 1, 1, 0, 0, 1]",3,1,1,,0.625,8
220,9a8647bd-8861-11f1-a329-b48c9db4e1b4,7,"[1, 0, 0, 1, 1, 0, 0, 1]",4,1,1,,0.625,8
221,9a8647bd-8861-11f1-a329-b48c9db4e1b4,7,"[1, 0, 0, 1, 1, 0, 0, 1]",5,0,0,,0.625,8
222,9a8647bd-8861-11f1-a329-b48c9db4e1b4,7,"[1, 0, 0, 1, 1, 0, 0, 1]",6,0,0,,0.625,8
223,9a8647bd-8861-11f1-a329-b48c9db4e1b4,7,"[1, 0, 0, 1, 1, 0, 0, 1]",7,1,1,,0.625,8
224,9a8647bd-8861-11f1-a329-b48c9db4e1b4,8,"[0, 1, 1, 1, 1, 1, 0, 0]",0,0,0,,0.625,8
225,9a8647bd-8861-11f1-a329-b48c9db4e1b4,8,"[0, 1, 1, 1, 1, 1, 0, 0]",1,1,1,,0.625,8
226,9a8647bd-8861-11f1-a329-b48c9db4e1b4,8,"[0, 1, 1, 1, 1, 1, 0, 0]",2,1,1,,0.625,8
227,9a8647bd-8861-11f1-a329-b48c9db4e1b4,8,"[0, 1, 1, 1, 1, 1, 0, 0]",3,1,1,,0.625,8
228,9a8647bd-8861-11f1-a329-b48c9db4e1b4,8,"[0, 1, 1, 1, 1, 1, 0, 0]",4,1,1,,0.625,8
229,9a8647bd-8861-11f1-a329-b48c9db4e1b4,8,"[0, 1, 1, 1, 1, 1, 0, 0]",5,1,1,,0.625,8
230,9a8647bd-8861-11f1-a329-b48c9db4e1b4,8,"[0, 1, 1, 1, 1, 1, 0, 0]",6,0,0,,0.625,8
231,9a8647bd-8861-11f1-a329-b48c9db4e1b4,8,"[0, 1, 1, 1, 1, 1, 0, 0]",7,0,0,,0.625,8
232,9a8647bd-8861-11f1-a329-b48c9db4e1b4,9,"[0, 1, 0, 1, 1, 0, 0, 0]",0,0,0,,0.625,8
233,9a8647bd-8861-11f1-a329-b48c9db4e1b4,9,"[0, 1, 0, 1, 1, 0, 0, 0]",1,1,1,,0.625,8
234,9a8647bd-8861-11f1-a329-b48c9db4e1b4,9,"[0, 1, 0, 1, 1, 0, 0, 0]",2,0,0,,0.625,8
235,9a8647bd-8861-11f1-a329-b48c9db4e1b4,9,"[0, 1, 0, 1, 1, 0, 0, 0]",3,1,1,,0.625,8
236,9a8647bd-8861-11f1-a329-b48c9db4e1b4,9,"[0, 1, 0, 1, 1, 0, 0, 0]",4,1,1,,0.625,8
237,9a8647bd-8861-11f1-a329-b48c9db4e1b4,9,"[0, 1, 0, 1, 1, 0, 0, 0]",5,0,0,,0.625,8
238,9a8647bd-8861-11f1-a329-b48c9db4e1b4,9,"[0, 1, 0, 1, 1, 0, 0, 0]",6,0,0,,0.625,8
239,9a8647bd-8861-11f1-a329-b48c9db4e1b4,9,"[0, 1, 0, 1, 1, 0, 0, 0]",7,0,0,,0.625,8
240,9a8647bd-8861-11f1-a329-b48c9db4e1b4,10,"[0, 1, 1, 1, 1, 1, 1, 1]",0,0,0,,0.625,8
241,9a8647bd-8861-11f1-a329-b48c9db4e1b4,10,"[0, 1, 1, 1, 1, 1, 1, 1]",1,1,-1,,0.625,8
242,9a8647bd-8861-11f1-a329-b48c9db4e1b4,10,"[0, 1, 1, 1, 1, 1, 1, 1]",2,1,-1,,0.625,8
243,9a8647bd-8861-11f1-a329-b48c9db4e1b4,10,"[0, 1, 1, 1, 1, 1, 1, 1]",3,1,-1,,0.625,8
244,9a8647bd-8861-11f1-a329-b48c9db4e1b4,10,"[0, 1, 1, 1, 1, 1, 1, 1]",4,1,-1,,0.625,8
245,9a8647bd-8861-11f1-a329-b48c9db4e1b4,10,"[0, 1, 1, 1, 1, 1, 1, 1]",5,1,-1,,0.625,8
246,9a8647bd-8861-11f1-a329-b48c9db4e1b4,10,"[0, 1, 1, 1, 1, 1, 1, 1]",6,1,-1,,0.625,8
247,9a8647bd-8861-11f1-a329-b48c9db4e1b4,10,"[0, 1, 1, 1, 1, 1, 1, 1]",7,1,-1,,0.625,8
248,9a8647bd-8861-11f1-a329-b48c9db4e1b4,11,"[1, 1, 0, 1, 0, 0, 1, 1]",0,1,1,,0.625,8
249,9a8647bd-8861-11f1-a329-b48c9db4e1b4,11,"[1, 1, 0, 1, 0, 0, 1, 1]",1,1,1,,0.625,8
250,9a8647bd-8861-11f1-a329-b48c9db4e1b4,11,"[1, 1, 0, 1, 0, 0, 1, 1]",2,0,0,,0.625,8
251,9a8647bd-8861-11f1-a329-b48c9db4e1b4,11,"[1, 1, 0, 1, 0, 0, 1, 1]",3,1,1,,0.625,8
252,9a8647bd-8861-11f1-a329-b48c9db4e1b4,11,"[1, 1, 0, 1, 0, 0, 1, 1]",4,0,0,,0.625,8
253,9a8647bd-8861-11f1-a329-b48c9db4e1b4,11,"[1, 1, 0, 1, 0, 0, 1, 1]",5,0,0,,0.625,8
254,9a8647bd-8861-11f1-a329-b48c9db4e1b4,11,"[1, 1, 0, 1, 0, 0, 1, 1]",6,1,1,,0.625,8
255,9a8647bd-8861-11f1-a329-b48c9db4e1b4,11,"[1, 1, 0, 1, 0, 0, 1, 1]",7,1,1,,0.625,8
256,9a8647bd-8861-11f1-a329-b48c9db4e1b4,12,"[1, 0, 1, 1, 0, 0, 1, 1]",0,1,1,,0.625,8
257,9a8647bd-8861-11f1-a329-b48c9db4e1b4,12,"[1, 0, 1, 1, 0, 0, 1, 1]",1,0,0,,0.625,8
258,9a8647bd-8861-11f1-a329-b48c9db4e1b4,12,"[1, 0, 1, 1, 0, 0, 1, 1]",2,1,1,,0.625,8
259,9a8647bd-8861-11f1-a329-b48c9db4e1b4,12,"[1, 0, 1, 1, 0, 0, 1, 1]",3,1,1,,0.625,8
260,9a8647bd-8861-11f1-a329-b48c9db4e1b4,12,"[1, 0, 1, 1, 0, 0, 1, 1]",4,0,0,,0.625,8
261,9a8647bd-8861-11f1-a329-b48c9db4e1b4,12,"[1, 0, 1, 1, 0, 0, 1, 1]",5,0,0,,0.625,8
262,9a8647bd-8861-11f1-a329-b48c9db4e1b4,12,"[1, 0, 1, 1, 0, 0, 1, 1]",6,1,1,,0.625,8
263,9a8647bd-8861-11f1-a329-b48c9db4e1b4,12,"[1, 0, 1, 1, 0, 0, 1, 1]",7,1,1,,0.625,8
264,9a8647bd-8861-11f1-a329-b48c9db4e1b4,13,"[1, 0, 0, 1, 0, 1, 1, 0]",0,1,1,,0.625,8
265,9a8647bd-8861-11f1-a329-b48c9db4e1b4,13,"[1, 0, 0, 1, 0, 1, 1, 0]",1,0,0,,0.625,8
266,9a8647bd-8861-11f1-a329-b48c9db4e1b4,13,"[1, 0, 0, 1, 0, 1, 1, 0]",2,0,0,,0.625,8
267,9a8647bd-8861-11f1-a329-b48c9db4e1b4,13,"[1, 0, 0, 1, 0, 1, 1, 0]",3,1,1,,0.625,8
268,9a8647bd-8861-11f1-a329-b48c9db4e1b4,13,"[1, 0, 0, 1, 0, 1, 1, 0]",4,0,0,,0.625,8
269,9a8647bd-8861-11f1-a329-b48c9db4e1b4,13,"[1, 0, 0, 1, 0, 1, 1, 0]",5,1,1,,0.625,8
270,9a8647bd-8861-11f1-a329-b48c9db4e1b4,13,"[1, 0, 0, 1, 0, 1, 1, 0]",6,1,1,,0.625,8
271,9a8647bd-8861-11f1-a329-b48c9db4e1b4,13,"[1, 0, 0, 1, 0, 1, 1, 0]",7,0,0,,0.625,8
272,9a8647bd-8861-11f1-a329-b48c9db4e1b4,14,"[0, 0, 1, 0, 0, 0, 0, 1]",0,0,0,,0.625,8
273,9a8647bd-8861-11f1-a329-b48c9db4e1b4,14,"[0, 0, 1, 0, 0, 0, 0, 1]",1,0,0,,0.625,8
274,9a8647bd-8861-11f1-a329-b48c9db4e1b4,14,"[0, 0, 1, 0, 0, 0, 0, 1]",2,1,1,,0.625,8
275,9a8647bd-8861-11f1-a329-b48c9db4e1b4,14,"[0, 0, 1, 0, 0, 0, 0, 1]",3,0,0,,0.625,8
276,9a8647bd-8861-11f1-a329-b48c9db4e1b4,14,"[0, 0, 1, 0, 0, 0, 0, 1]",4,0,0,,0.625,8
277,9a8647bd-8861-11f1-a329-b48c9db4e1b4,14,"[0, 0, 1, 0, 0, 0, 0, 1]",5,0,0,,0.625,8
278,9a8647bd-8861-11f1-a329-b48c9db4e1b4,14,"[0, 0, 1, 0, 0, 0, 0, 1]",6,0,0,,0.625,8
279,9a8647bd-8861-11f1-a329-b48c9db4e1b4,14,"[0, 0, 1, 0, 0, 0, 0, 1]",7,1,1,,0.625,8
280,9a8647bd-8861-11f1-a329-b48c9db4e1b4,15,"[1, 0, 1, 0, 0, 0, 0, 0]",0,1,1,,0.625,8
281,9a8647bd-8861-11f1-a329-b48c9db4e1b4,15,"[1, 0, 1, 0, 0, 0, 0, 0]",1,0,0,,0.625,8
282,9a8647bd-8861-11f1-a329-b48c9db4e1b4,15,"[1, 0, 1, 0, 0, 0, 0, 0]",2,1,1,,0.625,8
283,9a8647bd-8861-11f1-a329-b48c9db4e1b4,15,"[1, 0, 1, 0, 0, 0, 0, 0]",3,0,0,,0.625,8
284,9a8647bd-8861-11f1-a329-b48c9db4e1b4,15,"[1, 0, 1, 0, 0, 0, 0, 0]",4,0,0,,0.625,8
285,9a8647bd-8861-11f1-a329-b48c9db4e1b4,15,"[1, 0, 1, 0, 0, 0, 0, 0]",5,0,0,,0.625,8
286,9a8647bd-8861-11f1-a329-b48c9db4e1b4,15,"[1, 0, 1, 0, 0, 0, 0, 0]",6,0,0,,0.625,8
287,9a8647bd-8861-11f1-a329-b48c9db4e1b4,15,"[1, 0, 1, 0, 0, 0, 0, 0]",7,0,0,,0.625,8
288,9a8647bd-8861-11f1-a329-b48c9db4e1b4,16,"[1, 1, 1, 0, 0, 0, 0, 0]",0,1,1,,0.625,8
289,9a8647bd-8861-11f1-a329-b48c9db4e1b4,16,"[1, 1, 1, 0, 0, 0, 0, 0]",1,1,1,,0.625,8
290,9a8647bd-8861-11f1-a329-b48c9db4e1b4,16,"[1, 1, 1, 0, 0, 0, 0, 0]",2,1,1,,0.625,8
291,9a8647bd-8861-11f1-a329-b48c9db4e1b4,16,"[1, 1, 1, 0, 0, 0, 0, 0]",3,0,0,,0.625,8
292,9a8647bd-8861-11f1-a329-b48c9db4e1b4,16,"[1, 1, 1, 0, 0, 0, 0, 0]",4,0,0,,0.625,8
293,9a8647bd-8861-11f1-a329-b48c9db4e1b4,16,"[1, 1, 1, 0, 0, 0, 0, 0]",5,0,0,,0.625,8
294,9a8647bd-8861-11f1-a329-b48c9db4e1b4,16,"[1, 1, 1, 0, 0, 0, 0, 0]",6,0,0,,0.625,8
295,9a8647bd-8861-11f1-a329-b48c9db4e1b4,16,"[1, 1, 1, 0, 0, 0, 0, 0]",7,0,0,,0.625,8
296,9a8647bd-8861-11f1-a329-b48c9db4e1b4,17,"[1, 1, 0, 1, 1, 0, 1, 1]",0,1,-1,,0.625,8
297,9a8647bd-8861-11f1-a329-b48c9db4e1b4,17,"[1, 1, 0, 1, 1, 0, 1, 1]",1,1,-1,,0.625,8
298,9a8647bd-8861-11f1-a329-b48c9db4e1b4,17,"[1, 1, 0, 1, 1, 0, 1, 1]",2,0,0,,0.625,8
299,9a8647bd-8861-11f1-a329-b48c9db4e1b4,17,"[1, 1, 0, 1, 1, 0, 1, 1]",3,1,-1,,0.625,8
300,9a8647bd-8861-11f1-a329-b48c9db4e1b4,17,"[1, 1, 0, 1, 1, 0, 1, 1]",4,1,-1,,0.625,8
301,9a8647bd-8861-11f1-a329-b48c9db4e1b4,17,"[1, 1, 0, 1, 1, 0, 1, 1]",5,0,0,,0.625,8
302,9a8647bd-8861-11f1-a329-b48c9db4e1b4,17,"[1, 1, 0, 1, 1, 0, 1, 1]",6,1,-1,,0.625,8
303,9a8647bd-8861-11f1-a329-b48c9db4e1b4,17,"[1, 1, 0, 1, 1, 0, 1, 1]",7,1,-1,,0.625,8
304,9a8647bd-8861-11f1-a329-b48c9db4e1b4,18,"[1, 0, 0, 0, 0, 1, 1, 0]",0,1,1,,0.625,8
305,9a8647bd-8861-11f1-a329-b48c9db4e1b4,18,"[1, 0, 0, 0, 0, 1, 1, 0]",1,0,0,,0.625,8
306,9a8647bd-8861-11f1-a329-b48c9db4e1b4,18,"[1, 0, 0, 0, 0, 1, 1, 0]",2,0,0,,0.625,8
307,9a8647bd-8861-11f1-a329-b48c9db4e1b4,18,"[1, 0, 0, 0, 0, 1, 1, 0]",3,0,0,,0.625,8
308,9a8647bd-8861-11f1-a329-b48c9db4e1b4,18,"[1, 0, 0, 0, 0, 1, 1, 0]",4,0,0,,0.625,8
309,9a8647bd-8861-11f1-a329-b48c9db4e1b4,18,"[1, 0, 0, 0, 0, 1, 1, 0]",5,1,1,,0.625,8
310,9a8647bd-8861-11f1-a329-b48c9db4e1b4,18,"[1, 0, 0, 0, 0, 1, 1, 0]",6,1,1,,0.625,8
311,9a8647bd-8861-11f1-a329-b48c9db4e1b4,18,"[1, 0, 0, 0, 0, 1, 1, 0]",7,0,0,,0.625,8
312,9a8647bd-8861-11f1-a329-b48c9db4e1b4,19,"[1, 1, 0, 1, 1, 0, 1, 0]",0,1,1,,0.625,8
313,9a8647bd-8861-11f1-a329-b48c9db4e1b4,19,"[1, 1, 0, 1, 1, 0, 1, 0]",1,1,1,,0.625,8
314,9a8647bd-8861-11f1-a329-b48c9db4e1b4,19,"[1, 1, 0, 1, 1, 0, 1, 0]",2,0,0,,0.625,8
315,9a8647bd-8861-11f1-a329-b48c9db4e1b4,19,"[1, 1, 0, 1, 1, 0, 1, 0]",3,1,1,,0.625,8
316,9a8647bd-8861-11f1-a329-b48c9db4e1b4,19,"[1, 1, 0, 1, 1, 0, 1, 0]",4,1,1,,0.625,8
317,9a8647bd-8861-11f1-a329-b48c9db4e1b4,19,"[1, 1, 0, 1, 1, 0, 1, 0]",5,0,0,,0.625,8
318,9a8647bd-8861-11f1-a329-b48c9db4e1b4,19,"[1, 1, 0, 1, 1, 0, 1, 0]",6,1,1,,0.625,8
319,9a8647bd-8861-11f1-a329-b48c9db4e1b4,19,"[1, 1, 0, 1, 1, 0, 1, 0]",7,0,0,,0.625,8
320,9a8b0a77-8861-11f1-8db8-b48c9db4e1b4,0,"[0, 1, 1, 0, 0, 1, 1, 1]",0,0,0,,0.625,8
321,9a8b0a77-8861-11f1-8db8-b48c9db4e1b4,0,"[0, 1, 1, 0, 0, 1, 1, 1]",1,1,1,,0.625,8
322,9a8b0a77-8861-11f1-8db8-b48c9db4e1b4,0,"[0, 1, 1, 0, 0, 1, 1, 1]",2,1,1,,0.625,8
323,9a8b0a77-8861-11f1-8db8-b48c9db4e1b4,0,"[0, 1, 1, 0, 0, 1, 1, 1]",3,0,0,,0.625,8
324,9a8b0a77-8861-11f1-8db8-b48c9db4e1b4,0,"[0, 1, 1, 0, 0, 1, 1, 1]",4,0,0,,0.625,8
325,9a8b0a77-8861-11f1-8db8-b48c9db4e1b4,0,"[0, 1, 1, 0, 0, 1, 1, 1]",5,1,1,,0.625,8
326,9a8b0a77-8861-11f1-8db8-b48c9db4e1b4,0,"[0, 1, 1, 0, 0, 1, 1, 1]",6,1,1,,0.625,8
327,9a8b0a77-8861-11f1-8db8-b48c9db4e1b4,0,"[0, 1, 1, 0, 0, 1, 1, 1]",7,1,1,,0.625,8
328,9a8b0a77-8861-11f1-8db8-b48c9db4e1b4,1,"[1, 0, 0, 1, 0, 1, 1, 0]",0,1,1,,0.625,8
329,9a8b0a77-8861-11f1-8db8-b48c9db4e1b4,1,"[1, 0, 0, 1, 0, 1, 1, 0]",1,0,0,,0.625,8
330,9a8b0a77-8861-11f1-8db8-b48c9db4e1b4,1,"[1, 0, 0, 1, 0, 1, 1, 0]",2,0,0,,0.625,8
331,9a8b0a77-8861-11f1-8db8-b48c9db4e1b4,1,"[1, 0, 0, 1, 0, 1, 1, 0]",3,1,1,,0.625,8
332,9a8b0a77-8861-11f1-8db8-b48c9db4e1b4,1,"[1, 0, 0, 1, 0, 1, 1, 0]",4,0,0,,0.625,8
333,9a8b0a77-8861-11f1-8db8-b48c9db4e1b4,1,"[1, 0, 0, 1, 0, 1, 1, 0]",5,1,1,,0.625,8
334,9a8b0a77-8861-11f1-8db8-b48c9db4e1b4,1,"[1, 0, 0, 1, 0, 1, 1, 0]",6,1,1,,0.625,8
335,9a8b0a77-8861-11f1-8db8-b48c9db4e1b4,1,"[1, 0, 0, 1, 0, 1, 1, 0]",7,0,0,,0.625,8
336,9a8b0a77-8861-11f1-8db8-b48c9db4e1b4,2,"[0, 1, 0, 1, 1, 0, 0, 0]",0,0,0,,0.625,8
337,9a8b0a77-8861-11f1-8db8-b48c9db4e1b4,2,"[0, 1, 0, 1, 1, 0, 0, 0]",1,1,1,,0.625,8
338,9a8b0a77-8861-11f1-8db8-b48c9db4e1b4,2,"[0, 1, 0, 1, 1, 0, 0, 0]",2,0,0,,0.625,8
339,9a8b0a77-8861-11f1-8db8-b48c9db4e1b4,2,"[0, 1, 0, 1, 1, 0, 0, 0]",3,1,1,,0.625,8
340,9a8b0a77-8861-11f1-8db8-b48c9db4e1b4,2,"[0, 1, 0, 1, 1, 0, 0, 0]",4,1,1,,0.625,8
341,9a8b0a77-8861-11f1-8db8-b48c9db4e1b4,2,"[0, 1, 0, 1, 1, 0, 0, 0]",5,0,0,,0.625,8
342,9a8b0a77-8861-11f1-8db8-b48c9db4e1b4,2,"[0, 1, 0, 1, 1, 0, 0, 0]",6,0,0,,0.625,8
343,9a8b0a77-8861-11f1-8db8-b48c9db4e1b4,2,"[0, 1, 0, 1, 1, 0, 0, 0]",7,0,0,,0.625,8
344,9a8b0a77-8861-11f1-8db8-b48c9db4e1b4,3,"[1, 1, 0, 0, 0, 0, 1, 0]",0,1,1,,0.625,8
345,9a8b0a77-8861-11f1-8db8-b48c9db4e1b4,3,"[1, 1, 0, 0, 0, 0, 1, 0]",1,1,1,,0.625,8
346,9a8b0a77-8861-11f1-8db8-b48c9db4e1b4,3,"[1, 1, 0, 0, 0, 0, 1, 0]",2,0,0,,0.625,8
347,9a8b0a77-8861-11f1-8db8-b48c9db4e1b4,3,"[1, 1, 0, 0, 0, 0, 1, 0]",3,0,0,,0.625,8
348,9a8b0a77-8861-11f1-8db8-b48c9db4e1b4,3,"[1, 1, 0, 0, 0, 0, 1, 0]",4,0,0,,0.625,8
349,9a8b0a77-8861-11f1-8db8-b48c9db4e1b4,3,"[1, 1, 0, 0, 0, 0, 1, 0]",5,0,0,,0.625,8
350,9a8b0a77-8861-11f1-8db8-b48c9db4e1b4,3,"[1, 1, 0, 0, 0, 0, 1, 0]",6,1,1,,0.625,8
351,9a8b0a77-8861-11f1-8db8-b48c9db4e1b4,3,"[1, 1, 0, 0, 0, 0, 1, 0]",7,0,0,,0.625,8
352,9a8b0a77-8861-11f1-8db8-b48c9db4e1b4,4,"[0, 1, 1, 0, 0, 1, 0, 0]",0,0,0,,0.625,8
353,9a8b0a77-8861-11f1-8db8-b48c9db4e1b4,4,"[0, 1, 1, 0, 0, 1, 0, 0]",1,1,1,,0.625,8
354,9a8b0a77-8861-11f1-8db8-b48c9db4e1b4,4,"[0, 1, 1, 0, 0, 1, 0, 0]",2,1,1,,0.625,8
355,9a8b0a77-8861-11f1-8db8-b48c9db4e1b4,4,"[0, 1, 1, 0, 0, 1, 0, 0]",3,0,0,,0.625,8
356,9a8b0a77-8861-11f1-8db8-b48c9db4e1b4,4,"[0, 1, 1, 0, 0, 1, 0, 0]",4,0,0,,0.625,8
357,9a8b0a77-8861-11f1-8db8-b48c9db4e1b4,4,"[0, 1, 1, 0, 0, 1, 0, 0]",5,1,1,,0.625,8
358,9a8b0a77-8861-11f1-8db8-b48c9db4e1b4,4,"[0, 1, 1, 0, 0, 1, 0, 0]",6,0,0,,0.625,8
359,9a8b0a77-8861-11f1-8db8-b48c9db4e1b4,4,"[0, 1, 1, 0, 0, 1, 0, 0]",7,0,0,,0.625,8
360,9a8b0a77-8861-11f1-8db8-b48c9db4e1b4,5,"[1, 1, 1, 1, 0, 0, 0, 0]",0,1,1,,0.625,8
361,9a8b0a77-8861-11f1-8db8-b48c9db4e1b4,5,"[1, 1, 1, 1, 0, 0, 0, 0]",1,1,1,,0.625,8
362,9a8b0a77-8861-11f1-8db8-b48c9db4e1b4,5,"[1, 1, 1, 1, 0, 0, 0, 0]",2,1,1,,0.625,8
363,9a8b0a77-8861-11f1-8db8-b48c9db4e1b4,5,"[1, 1, 1, 1, 0, 0, 0, 0]",3,1,1,,0.625,8
364,9a8b0a77-8861-11f1-8db8-b48c9db4e1b4,5,"[1, 1, 1, 1, 0, 0, 0, 0]",4,0,0,,0.625,8
365,9a8b0a77-8861-11f1-8db8-b48c9db4e1b4,5,"[1, 1, 1, 1, 0, 0, 0, 0]",5,0,0,,0.625,8
366,9a8b0a77-8861-11f1-8db8-b48c9db4e1b4,5,"[1, 1, 1, 1, 0, 0, 0, 0]",6,0,0,,0.625,8
367,9a8b0a77-8861-11f1-8db8-b48c9db4e1b4,5,"[1, 1, 1, 1, 0, 0, 0, 0]",7,0,0,,0.625,8
368,9a8b0a77-8861-11f1-8db8-b48c9db4e1b4,6,"[0, 0, 1, 1, 1, 1, 0, 0]",0,0,0,,0.625,8
369,9a8b0a77-8861-11f1-8db8-b48c9db4e1b4,6,"[0, 0, 1, 1, 1, 1, 0, 0]",1,0,0,,0.625,8
370,9a8b0a77-8861-11f1-8db8-b48c9db4e1b4,6,"[0, 0, 1, 1, 1, 1, 0, 0]",2,1,1,,0.625,8
371,9a8b0a77-8861-11f1-8db8-b48c9db4e1b4,6,"[0, 0, 1, 1, 1, 1, 0, 0]",3,1,1,,0.625,8
372,9a8b0a77-8861-11f1-8db8-b48c9db4e1b4,6,"[0, 0, 1, 1, 1, 1, 0, 0]",4,1,1,,0.625,8
373,9a8b0a77-8861-11f1-8db8-b48c9db4e1b4,6,"[0, 0, 1, 1, 1, 1, 0, 0]",5,1,1,,0.625,8
374,9a8b0a77-8861-11f1-8db8-b48c9db4e1b4,6,"[0, 0, 1, 1, 1, 1, 0, 0]",6,0,0,,0.625,8
375,9a8b0a77-8861-11f1-8db8-b48c9db4e1b4,6,"[0, 0, 1, 1, 1, 1, 0, 0]",7,0,0,,0.625,8
376,9a8b0a77-8861-11f1-8db8-b48c9db4e1b4,7,"[0, 1, 0, 0, 1, 0, 0, 0]",0,0,0,,0.625,8
377,9a8b0a77-8861-11f1-8db8-b48c9db4e1b4,7,"[0, 1, 0, 0, 1, 0, 0, 0]",1,1,1,,0.625,8
378,9a8b0a77-8861-11f1-8db8-b48c9db4e1b4,7,"[0, 1, 0, 0, 1, 0, 0, 0]",2,0,0,,0.625,8
379,9a8b0a77-8861-11f1-8db8-b48c9db4e1b4,7,"[0, 1, 0, 0, 1, 0, 0, 0]",3,0,0,,0.625,8
380,9a8b0a77-8861-11f1-8db8-b48c9db4e1b4,7,"[0, 1, 0, 0, 1, 0, 0, 0]",4,1,1,,0.625,8
381,9a8b0a77-8861-11f1-8db8-b48c9db4e1b4,7,"[0, 1, 0, 0, 1, 0, 0, 0]",5,0,0,,0.625,8
382,9a8b0a77-8861-11f1-8db8-b48c9db4e1b4,7,"[0, 1, 0, 0, 1, 0, 0, 0]",6,0,0,,0.625,8
383,9a8b0a77-8861-11f1-8db8-b48c9db4e1b4,7,"[0, 1, 0, 0, 1, 0, 0, 0]",7,0,0,,0.625,8
384,9a8b0a77-8861-11f1-8db8-b48c9db4e1b4,8,"[1, 0, 1, 1, 1, 0, 1, 0]",0,1,1,,0.625,8
385,9a8b0a77-8861-11f1-8db8-b48c9db4e1b4,8,"[1, 0, 1, 1, 1, 0, 1, 0]",1,0,0,,0.625,8
386,9a8b0a77-8861-11f1-8db8-b48c9db4e1b4,8,"[1, 0, 1, 1, 1, 0, 1, 0]",2,1,1,,0.625,8
387,9a8b0a77-8861-11f1-8db8-b48c9db4e1b4,8,"[1, 0, 1, 1, 1, 0, 1, 0]",3,1,1,,0.625,8
388,9a8b0a77-8861-11f1-8db8-b48c9db4e1b4,8,"[1, 0, 1, 1, 1, 0, 1, 0]",4,1,1,,0.625,8
389,9a8b0a77-8861-11f1-8db8-b48c9db4e1b4,8,"[1, 0, 1, 1, 1, 0, 1, 0]",5,0,0,,0.625,8
390,9a8b0a77-8861-11f1-8db8-b48c9db4e1b4,8,"[1, 0, 1, 1, 1, 0, 1, 0]",6,1,1,,0.625,8
391,9a8b0a77-8861-11f1-8db8-b48c9db4e1b4,8,"[1, 0, 1, 1, 1, 0, 1, 0]",7,0,0,,0.625,8
392,9a8b0a77-8861-11f1-8db8-b48c9db4e1b4,9,"[1, 0, 1, 0, 1, 1, 1, 0]",0,1,1,,0.625,8
393,9a8b0a77-8861-11f1-8db8-b48c9db4e1b4,9,"[1, 0, 1, 0, 1, 1, 1, 0]",1,0,0,,0.625,8
394,9a8b0a77-8861-11f1-8db8-b48c9db4e1b4,9,"[1, 0, 1, 0, 1, 1, 1, 0]",2,1,1,,0.625,8
395,9a8b0a77-8861-11f1-8db8-b48c9db4e1b4,9,"[1, 0, 1, 0, 1, 1, 1, 0]",3,0,0,,0.625,8
396,9a8b0a77-8861-11f1-8db8-b48c9db4e1b4,9,"[1, 0, 1, 0, 1, 1, 1, 0]",4,1,1,,0.625,8
397,9a8b0a77-8861-11f1-8db8-b48c9db4e1b4,9,"[1, 0, 1, 0, 1, 1, 1, 0]",5,1,1,,0.625,8
398,9a8b0a77-8861-11f1-8db8-b48c9db4e1b4,9,"[1, 0, 1, 0, 1, 1, 1, 0]",6,1,1,,0.625,8
399,9a8b0a77-8861-11f1-8db8-b48c9db4e1b4,9,"[1, 0, 1, 0, 1, 1, 1, 0]",7,0,0,,0.625,8
400,9a8b0a77-8861-11f1-8db8-b48c9db4e1b4,10,"[1, 0, 1, 0, 0, 0, 1, 1]",0,1,1,,0.625,8
401,9a8b0a77-8861-11f1-8db8-b48c9db4e1b4,10,"[1, 0, 1, 0, 0, 0, 1, 1]",1,0,0,,0.625,8
402,9a8b0a77-8861-11f1-8db8-b48c9db4e1b4,10,"[1, 0, 1, 0, 0, 0, 1, 1]",2,1,1,,0.625,8
403,9a8b0a77-8861-11f1-8db8-b48c9db4e1b4,10,"[1, 0, 1, 0, 0, 0, 1, 1]",3,0,0,,0.625,8
404,9a8b0a77-8861-11f1-8db8-b48c9db4e1b4,10,"[1, 0, 1, 0, 0, 0, 1, 1]",4,0,0,,0.625,8
405,9a8b0a77-8861-11f1-8db8-b48c9db4e1b4,10,"[1, 0, 1, 0, 0, 0, 1, 1]",5,0,0,,0.625,8
406,9a8b0a77-8861-11f1-8db8-b48c9db4e1b4,10,"[1, 0, 1, 0, 0, 0, 1, 1]",6,1,1,,0.625,8
407,9a8b0a77-8861-11f1-8db8-b48c9db4e1b4,10,"[1, 0, 1, 0, 0, 0, 1, 1]",7,1,1,,0.625,8
408,9a8b0a77-8861-11f1-8db8-b48c9db4e1b4,11,"[0, 1, 1, 0, 0, 0, 1, 0]",0,0,0,,0.625,8
409,9a8b0a77-8861-11f1-8db8-b48c9db4e1b4,11,"[0, 1, 1, 0, 0, 0, 1, 0]",1,1,1,,0.625,8
410,9a8b0a77-8861-11f1-8db8-b48c9db4e1b4,11,"[0, 1, 1, 0, 0, 0, 1, 0]",2,1,1,,0.625,8
411,9a8b0a77-8861-11f1-8db8-b48c9db4e1b4,11,"[0, 1, 1, 0, 0, 0, 1, 0]",3,0,0,,0.625,8
412,9a8b0a77-8861-11f1-8db8-b48c9db4e1b4,11,"[0, 1, 1, 0, 0, 0, 1, 0]",4,0,0,,0.625,8
413,9a8b0a77-8861-11f1-8db8-b48c9db4e1b4,11,"[0, 1, 1, 0, 0, 0, 1, 0]",5,0,0,,0.625,8
414,9a8b0a77-8861-11f1-8db8-b48c9db4e1b4,11,"[0, 1, 1, 0, 0, 0, 1, 0]",6,1,1,,0.625,8
415,9a8b0a77-8861-11f1-8db8-b48c9db4e1b4,11,"[0, 1, 1, 0, 0, 0, 1, 0]",7,0,0,,0.625,8
416,9a8b0a77-8861-11f1-8db8-b48c9db4e1b4,12,"[1, 0, 0, 0, 0, 1, 1, 0]",0,1,1,,0.625,8
417,9a8b0a77-8861-11f1-8db8-b48c9db4e1b4,12,"[1, 0, 0, 0, 0, 1, 1, 0]",1,0,0,,0.625,8
418,9a8b0a77-8861-11f1-8db8-b48c9db4e1b4,12,"[1, 0, 0, 0, 0, 1, 1, 0]",2,0,0,,0.625,8
419,9a8b0a77-8861-11f1-8db8-b48c9db4e1b4,12,"[1, 0, 0, 0, 0, 1, 1, 0]",3,0,0,,0.625,8
420,9a8b0a77-8861-11f1-8db8-b48c9db4e1b4,12,"[1, 0, 0, 0, 0, 1, 1, 0]",4,0,0,,0.625,8
421,9a8b0a77-8861-11f1-8db8-b48c9db4e1b4,12,"[1, 0, 0, 0, 0, 1, 1, 0]",5,1,1,,0.625,8
422,9a8b0a77-8861-11f1-8db8-b48c9db4e1b4,12,"[1, 0, 0, 0, 0, 1, 1, 0]",6,1,1,,0.625,8
423,9a8b0a77-8861-11f1-8db8-b48c9db4e1b4,12,"[1, 0, 0, 0, 0, 1, 1, 0]",7,0,0,,0.625,8
424,9a8b0a77-8861-11f1-8db8-b48c9db4e1b4,13,"[0, 0, 1, 0, 0, 1, 1, 0]",0,0,0,,0.625,8
425,9a8b0a77-8861-11f1-8db8-b48c9db4e1b4,13,"[0, 0, 1, 0, 0, 1, 1, 0]",1,0,0,,0.625,8
426,9a8b0a77-8861-11f1-8db8-b48c9db4e1b4,13,"[0, 0, 1, 0, 0, 1, 1, 0]",2,1,1,,0.625,8
427,9a8b0a77-8861-11f1-8db8-b48c9db4e1b4,13,"[0, 0, 1, 0, 0, 1, 1, 0]",3,0,0,,0.625,8
428,9a8b0a77-8861-11f1-8db8-b48c9db4e1b4,13,"[0, 0, 1, 0, 0, 1, 1, 0]",4,0,0,,0.625,8
429,9a8b0a77-8861-11f1-8db8-b48c9db4e1b4,13,"[0, 0, 1, 0, 0, 1, 1, 0]",5,1,1,,0.625,8
430,9a8b0a77-8861-11f1-8db8-b48c9db4e1b4,13,"[0, 0, 1, 0, 0, 1, 1, 0]",6,1,1,,0.625,8
431,9a8b0a77-8861-11f1-8db8-b48c9db4e1b4,13,"[0, 0, 1, 0, 0, 1, 1, 0]",7,0,0,,0.625,8
432,9a8b0a77-8861-11f1-8db8-b48c9db4e1b4,14,"[1, 1, 0, 1, 0, 0, 1, 0]",0,1,1,,0.625,8
433,9a8b0a77-8861-11f1-8db8-b48c9db4e1b4,14,"[1, 1, 0, 1, 0, 0, 1, 0]",1,1,1,,0.625,8
434,9a8b0a77-8861-11f1-8db8-b48c9db4e1b4,14,"[1, 1, 0, 1, 0, 0, 1, 0]",2,0,0,,0.625,8
435,9a8b0a77-8861-11f1-8db8-b48c9db4e1b4,14,"[1, 1, 0, 1, 0, 0, 1, 0]",3,1,1,,0.625,8
436,9a8b0a77-8861-11f1-8db8-b48c9db4e1b4,14,"[1, 1, 0, 1, 0, 0, 1, 0]",4,0,0,,0.625,8
437,9a8b0a77-8861-11f1-8db8-b48c9db4e1b4,14,"[1, 1, 0, 1, 0, 0, 1, 0]",5,0,0,,0.625,8
438,9a8b0a77-8861-11f1-8db8-b48c9db4e1b4,14,"[1, 1, 0, 1, 0, 0, 1, 0]",6,1,1,,0.625,8
439,9a8b0a77-8861-11f1-8db8-b48c9db4e1b4,14,"[1, 1, 0, 1, 0, 0, 1, 0]",7,0,0,,0.625,8
440,9a8b0a77-8861-11f1-8db8-b48c9db4e1b4,15,"[0, 1, 0, 0, 1, 0, 0, 1]",0,0,0,,0.625,8
441,9a8b0a77-8861-11f1-8db8-b48c9db4e1b4,15,"[0, 1, 0, 0, 1, 0, 0, 1]",1,1,1,,0.625,8
442,9a8b0a77-8861-11f1-8db8-b48c9db4e1b4,15,"[0, 1, 0, 0, 1, 0, 0, 1]",2,0,0,,0.625,8
443,9a8b0a77-8861-11f1-8db8-b48c9db4e1b4,15,"[0, 1, 0, 0, 1, 0, 0, 1]",3,0,0,,0.625,8
444,9a8b0a77-8861-11f1-8db8-b48c9db4e1b4,15,"[0, 1, 0, 0, 1, 0, 0, 1]",4,1,1,,0.625,8
445,9a8b0a77-8861-11f1-8db8-b48c9db4e1b4,15,"[0, 1, 0, 0, 1, 0, 0, 1]",5,0,0,,0.625,8
446,9a8b0a77-8861-11f1-8db8-b48c9db4e1b4,15,"[0, 1, 0, 0, 1, 0, 0, 1]",6,0,0,,0.625,8
447,9a8b0a77-8861-11f1-8db8-b48c9db4e1b4,15,"[0, 1, 0, 0, 1, 0, 0, 1]",7,1,1,,0.625,8
448,9a8b0a77-8861-11f1-8db8-b48c9db4e1b4,16,"[0, 0, 0, 1, 0, 1, 0, 1]",0,0,0,,0.625,8
449,9a8b0a77-8861-11f1-8db8-b48c9db4e1b4,16,"[0, 0, 0, 1, 0, 1, 0, 1]",1,0,0,,0.625,8
450,9a8b0a77-8861-11f1-8db8-b48c9db4e1b4,16,"[0, 0, 0, 1, 0, 1, 0, 1]",2,0,0,,0.625,8
451,9a8b0a77-8861-11f1-8db8-b48c9db4e1b4,16,"[0, 0, 0, 1, 0, 1, 0, 1]",3,1,1,,0.625,8
452,9a8b0a77-8861-11f1-8db8-b48c9db4e1b4,16,"[0, 0, 0, 1, 0, 1, 0, 1]",4,0,0,,0.625,8
453,9a8b0a77-8861-11f1-8db8-b48c9db4e1b4,16,"[0, 0, 0, 1, 0, 1, 0, 1]",5,1,1,,0.625,8
454,9a8b0a77-8861-11f1-8db8-b48c9db4e1b4,16,"[0, 0, 0, 1, 0, 1, 0, 1]",6,0,0,,0.625,8
455,9a8b0a77-8861-11f1-8db8-b48c9db4e1b4,16,"[0, 0, 0, 1, 0, 1, 0, 1]",7,1,1,,0.625,8
456,9a8b0a77-8861-11f1-8db8-b48c9db4e1b4,17,"[1, 1, 0, 1, 0, 1, 1, 1]",0,1,-1,,0.625,8
457,9a8b0a77-8861-11f1-8db8-b48c9db4e1b4,17,"[1, 1, 0, 1, 0, 1, 1, 1]",1,1,-1,,0.625,8
458,9a8b0a77-8861-11f1-8db8-b48c9db4e1b4,17,"[1, 1, 0, 1, 0, 1, 1, 1]",2,0,0,,0.625,8
459,9a8b0a77-8861-11f1-8db8-b48c9db4e1b4,17,"[1, 1, 0, 1, 0, 1, 1, 1]",3,1,-1,,0.625,8
460,9a8b0a77-8861-11f1-8db8-b48c9db4e1b4,17,"[1, 1, 0, 1, 0, 1, 1, 1]",4,0,0,,0.625,8
461,9a8b0a77-8861-11f1-8db8-b48c9db4e1b4,17,"[1, 1, 0, 1, 0, 1, 1, 1]",5,1,-1,,0.625,8
462,9a8b0a77-8861-11f1-8db8-b48c9db4e1b4,17,"[1, 1, 0, 1, 0, 1, 1, 1]",6,1,-1,,0.625,8
463,9a8b0a77-8861-11f1-8db8-b48c9db4e1b4,17,"[1, 1, 0, 1, 0, 1, 1, 1]",7,1,-1,,0.625,8
464,9a8b0a77-8861-11f1-8db8-b48c9db4e1b4,18,"[0, 1, 0, 0, 1, 1, 0, 0]",0,0,0,,0.625,8
465,9a8b0a77-8861-11f1-8db8-b48c9db4e1b4,18,"[0, 1, 0, 0, 1, 1, 0, 0]",1,1,1,,0.625,8
466,9a8b0a77-8861-11f1-8db8-b48c9db4e1b4,18,"[0, 1, 0, 0, 1, 1, 0, 0]",2,0,0,,0.625,8
467,9a8b0a77-8861-11f1-8db8-b48c9db4e1b4,18,"[0, 1, 0, 0, 1, 1, 0, 0]",3,0,0,,0.625,8
468,9a8b0a77-8861-11f1-8db8-b48c9db4e1b4,18,"[0, 1, 0, 0, 1, 1, 0, 0]",4,1,1,,0.625,8
469,9a8b0a77-8861-11f1-8db8-b48c9db4e1b4,18,"[0, 1, 0, 0, 1, 1, 0, 0]",5,1,1,,0.625,8
470,9a8b0a77-8861-11f1-8db8-b48c9db4e1b4,18,"[0, 1, 0, 0, 1, 1, 0, 0]",6,0,0,,0.625,8
471,9a8b0a77-8861-11f1-8db8-b48c9db4e1b4,18,"[0, 1, 0, 0, 1, 1, 0, 0]",7,0,0,,0.625,8
472,9a8b0a77-8861-11f1-8db8-b48c9db4e1b4,19,"[1, 1, 0, 1, 1, 1, 1, 1]",0,1,-1,,0.625,8
473,9a8b0a77-8861-11f1-8db8-b48c9db4e1b4,19,"[1, 1, 0, 1, 1, 1, 1, 1]",1,1,-1,,0.625,8
474,9a8b0a77-8861-11f1-8db8-b48c9db4e1b4,19,"[1, 1, 0, 1, 1, 1, 1, 1]",2,0,0,,0.625,8
475,9a8b0a77-8861-11f1-8db8-b48c9db4e1b4,19,"[1, 1, 0, 1, 1, 1, 1, 1]",3,1,-1,,0.625,8
476,9a8b0a77-8861-11f1-8db8-b48c9db4e1b4,19,"[1, 1, 0, 1, 1, 1, 1, 1]",4,1,-1,,0.625,8
477,9a8b0a77-8861-11f1-8db8-b48c9db4e1b4,19,"[1, 1, 0, 1, 1, 1, 1, 1]",5,1,-1,,0.625,8
478,9a8b0a77-8861-11f1-8db8-b48c9db4e1b4,19,"[1, 1, 0, 1, 1, 1, 1, 1]",6,1,-1,,0.625,8
479,9a8b0a77-8861-11f1-8db8-b48c9db4e1b4,19,"[1, 1, 0, 1, 1, 1, 1, 1]",7,1,-1,,0.625,8
480,9a8e70f1-8861-11f1-858c-b48c9db4e1b4,0,"[1, 1, 0, 0, 0, 1, 1, 0]",0,1,1,,0.625,8
481,9a8e70f1-8861-11f1-858c-b48c9db4e1b4,0,"[1, 1, 0, 0, 0, 1, 1, 0]",1,1,1,,0.625,8
482,9a8e70f1-8861-11f1-858c-b48c9db4e1b4,0,"[1, 1, 0, 0, 0, 1, 1, 0]",2,0,0,,0.625,8
483,9a8e70f1-8861-11f1-858c-b48c9db4e1b4,0,"[1, 1, 0, 0, 0, 1, 1, 0]",3,0,0,,0.625,8
484,9a8e70f1-8861-11f1-858c-b48c9db4e1b4,0,"[1, 1, 0, 0, 0, 1, 1, 0]",4,0,0,,0.625,8
485,9a8e70f1-8861-11f1-858c-b48c9db4e1b4,0,"[1, 1, 0, 0, 0, 1, 1, 0]",5,1,1,,0.625,8
486,9a8e70f1-8861-11f1-858c-b48c9db4e1b4,0,"[1, 1, 0, 0, 0, 1, 1, 0]",6,1,1,,0.625,8
487,9a8e70f1-8861-11f1-858c-b48c9db4e1b4,0,"[1, 1, 0, 0, 0, 1, 1, 0]",7,0,0,,0.625,8
488,9a8e70f1-8861-11f1-858c-b48c9db4e1b4,1,"[0, 0, 1, 0, 1, 0, 1, 0]",0,0,0,,0.625,8
489,9a8e70f1-8861-11f1-858c-b48c9db4e1b4,1,"[0, 0, 1, 0, 1, 0, 1, 0]",1,0,0,,0.625,8
490,9a8e70f1-8861-11f1-858c-b48c9db4e1b4,1,"[0, 0, 1, 0, 1, 0, 1, 0]",2,1,1,,0.625,8
491,9a8e70f1-8861-11f1-858c-b48c9db4e1b4,1,"[0, 0, 1, 0, 1, 0, 1, 0]",3,0,0,,0.625,8
492,9a8e70f1-8861-11f1-858c-b48c9db4e1b4,1,"[0, 0, 1, 0, 1, 0, 1, 0]",4,1,1,,0.625,8
493,9a8e70f1-8861-11f1-858c-b48c9db4e1b4,1,"[0, 0, 1, 0, 1, 0, 1, 0]",5,0,0,,0.625,8
494,9a8e70f1-8861-11f1-858c-b48c9db4e1b4,1,"[0, 0, 1, 0, 1, 0, 1, 0]",6,1,1,,0.625,8
495,9a8e70f1-8861-11f1-858c-b48c9db4e1b4,1,"[0, 0, 1, 0, 1, 0, 1, 0]",7,0,0,,0.625,8
496,9a8e70f1-8861-11f1-858c-b48c9db4e1b4,2,"[0, 1, 0, 1, 1, 0, 0, 1]",0,0,0,,0.625,8
497,9a8e70f1-8861-11f1-858c-b48c9db4e1b4,2,"[0, 1, 0, 1, 1, 0, 0, 1]",1,1,1,,0.625,8
498,9a8e70f1-8861-11f1-858c-b48c9db4e1b4,2,"[0, 1, 0, 1, 1, 0, 0, 1]",2,0,0,,0.625,8
499,9a8e70f1-8861-11f1-858c-b48c9db4e1b4,2,"[0, 1, 0, 1, 1, 0, 0, 1]",3,1,1,,0.625,8
500,9a8e70f1-8861-11f1-858c-b48c9db4e1b4,2,"[0, 1, 0, 1, 1, 0, 0, 1]",4,1,1,,0.625,8
501,9a8e70f1-8861-11f1-858c-b48c9db4e1b4,2,"[0, 1, 0, 1, 1, 0, 0, 1]",5,0,0,,0.625,8
502,9a8e70f1-8861-11f1-858c-b48c9db4e1b4,2,"[0, 1, 0, 1, 1, 0, 0, 1]",6,0,0,,0.625,8
503,9a8e70f1-8861-11f1-858c-b48c9db4e1b4,2,"[0, 1, 0, 1, 1, 0, 0, 1]",7,1,1,,0.625,8
504,9a8e70f1-8861-11f1-858c-b48c9db4e1b4,3,"[0, 0, 0, 0, 0, 0, 1, 0]",0,0,0,,0.625,8
505,9a8e70f1-8861-11f1-858c-b48c9db4e1b4,3,"[0, 0, 0, 0, 0, 0, 1, 0]",1,0,0,,0.625,8
506,9a8e70f1-8861-11f1-858c-b48c9db4e1b4,3,"[0, 0, 0, 0, 0, 0, 1, 0]",2,0,0,,0.625,8
507,9a8e70f1-8861-11f1-858c-b48c9db4e1b4,3,"[0, 0, 0, 0, 0, 0, 1, 0]",3,0,0,,0.625,8
508,9a8e70f1-8861-11f1-858c-b48c9db4e1b4,3,"[0, 0, 0, 0, 0, 0, 1, 0]",4,0,0,,0.625,8
509,9a8e70f1-8861-11f1-858c-b48c9db4e1b4,3,"[0, 0, 0, 0, 0, 0, 1, 0]",5,0,0,,0.625,8
510,9a8e70f1-8861-11f1-858c-b48c9db4e1b4,3,"[0, 0, 0, 0, 0, 0, 1, 0]",6,1,1,,0.625,8
511,9a8e70f1-8861-11f1-858c-b48c9db4e1b4,3,"[0, 0, 0, 0, 0, 0, 1, 0]",7,0,0,,0.625,8
512,9a8e70f1-8861-11f1-858c-b48c9db4e1b4,4,"[1, 0, 1, 1, 1, 1, 1, 0]",0,1,-1,,0.625,8
513,9a8e70f1-8861-11f1-858c-b48c9db4e1b4,4,"[1, 0, 1, 1, 1, 1, 1, 0]",1,0,0,,0.625,8
514,9a8e70f1-8861-11f1-858c-b48c9db4e1b4,4,"[1, 0, 1, 1, 1, 1, 1, 0]",2,1,-1,,0.625,8
515,9a8e70f1-8861-11f1-858c-b48c9db4e1b4,4,"[1, 0, 1, 1, 1, 1, 1, 0]",3,1,-1,,0.625,8
516,9a8e70f1-8861-11f1-858c-b48c9db4e1b4,4,"[1, 0, 1, 1, 1, 1, 1, 0]",4,1,-1,,0.625,8
517,9a8e70f1-8861-11f1-858c-b48c9db4e1b4,4,"[1, 0, 1, 1, 1, 1, 1, 0]",5,1,-1,,0.625,8
518,9a8e70f1-8861-11f1-858c-b48c9db4e1b4,4,"[1, 0, 1, 1, 1, 1, 1, 0]",6,1,-1,,0.625,8
519,9a8e70f1-8861-11f1-858c-b48c9db4e1b4,4,"[1, 0, 1, 1, 1, 1, 1, 0]",7,0,0,,0.625,8
520,9a8e70f1-8861-11f1-858c-b48c9db4e1b4,5,"[0, 1, 1, 1, 1, 0, 1, 1]",0,0,0,,0.625,8
521,9a8e70f1-8861-11f1-858c-b48c9db4e1b4,5,"[0, 1, 1, 1, 1, 0, 1, 1]",1,1,-1,,0.625,8
522,9a8e70f1-8861-11f1-858c-b48c9db4e1b4,5,"[0, 1, 1, 1, 1, 0, 1, 1]",2,1,-1,,0.625,8
523,9a8e70f1-8861-11f1-858c-b48c9db4e1b4,5,"[0, 1, 1, 1, 1, 0, 1, 1]",3,1,-1,,0.625,8
524,9a8e70f1-8861-11f1-858c-b48c9db4e1b4,5,"[0, 1, 1, 1, 1, 0, 1, 1]",4,1,-1,,0.625,8
525,9a8e70f1-8861-11f1-858c-b48c9db4e1b4,5,"[0, 1, 1, 1, 1, 0, 1, 1]",5,0,0,,0.625,8
526,9a8e70f1-8861-11f1-858c-b48c9db4e1b4,5,"[0, 1, 1, 1, 1, 0, 1, 1]",6,1,-1,,0.625,8
527,9a8e70f1-8861-11f1-858c-b48c9db4e1b4,5,"[0, 1, 1, 1, 1, 0, 1, 1]",7,1,-1,,0.625,8
528,9a8e70f1-8861-11f1-858c-b48c9db4e1b4,6,"[0, 1, 0, 1, 1, 1, 1, 1]",0,0,0,,0.625,8
529,9a8e70f1-8861-11f1-858c-b48c9db4e1b4,6,"[0, 1, 0, 1, 1, 1, 1, 1]",1,1,-1,,0.625,8
530,9a8e70f1-8861-11f1-858c-b48c9db4e1b4,6,"[0, 1, 0, 1, 1, 1, 1, 1]",2,0,0,,0.625,8
531,9a8e70f1-8861-11f1-858c-b48c9db4e1b4,6,"[0, 1, 0, 1, 1, 1, 1, 1]",3,1,-1,,0.625,8
532,9a8e70f1-8861-11f1-858c-b48c9db4e1b4,6,"[0, 1, 0, 1, 1, 1, 1, 1]",4,1,-1,,0.625,8
533,9a8e70f1-8861-11f1-858c-b48c9db4e1b4,6,"[0, 1, 0, 1, 1, 1, 1, 1]",5,1,-1,,0.625,8
534,9a8e70f1-8861-11f1-858c-b48c9db4e1b4,6,"[0, 1, 0, 1, 1, 1, 1, 1]",6,1,-1,,0.625,8
535,9a8e70f1-8861-11f1-858c-b48c9db4e1b4,6,"[0, 1, 0, 1, 1, 1, 1, 1]",7,1,-1,,0.625,8
536,9a8e70f1-8861-11f1-858c-b48c9db4e1b4,7,"[0, 1, 0, 1, 0, 1, 0, 1]",0,0,0,,0.625,8
537,9a8e70f1-8861-11f1-858c-b48c9db4e1b4,7,"[0, 1, 0, 1, 0, 1, 0, 1]",1,1,1,,0.625,8
538,9a8e70f1-8861-11f1-858c-b48c9db4e1b4,7,"[0, 1, 0, 1, 0, 1, 0, 1]",2,0,0,,0.625,8
539,9a8e70f1-8861-11f1-858c-b48c9db4e1b4,7,"[0, 1, 0, 1, 0, 1, 0, 1]",3,1,1,,0.625,8
540,9a8e70f1-8861-11f1-858c-b48c9db4e1b4,7,"[0, 1, 0, 1, 0, 1, 0, 1]",4,0,0,,0.625,8
541,9a8e70f1-8861-11f1-858c-b48c9db4e1b4,7,"[0, 1, 0, 1, 0, 1, 0, 1]",5,1,1,,0.625,8
542,9a8e70f1-8861-11f1-858c-b48c9db4e1b4,7,"[0, 1, 0, 1, 0, 1, 0, 1]",6,0,0,,0.625,8
543,9a8e70f1-8861-11f1-858c-b48c9db4e1b4,7,"[0, 1, 0, 1, 0, 1, 0, 1]",7,1,1,,0.625,8
544,9a8e70f1-8861-11f1-858c-b48c9db4e1b4,8,"[0, 1, 1, 0, 0, 1, 1, 0]",0,0,0,,0.625,8
545,9a8e70f1-8861-11f1-858c-b48c9db4e1b4,8,"[0, 1, 1, 0, 0, 1, 1, 0]",1,1,1,,0.625,8
546,9a8e70f1-8861-11f1-858c-b48c9db4e1b4,8,"[0, 1, 1, 0, 0, 1, 1, 0]",2,1,1,,0.625,8
547,9a8e70f1-8861-11f1-858c-b48c9db4e1b4,8,"[0, 1, 1, 0, 0, 1, 1, 0]",3,0,0,,0.625,8
548,9a8e70f1-8861-11f1-858c-b48c9db4e1b4,8,"[0, 1, 1, 0, 0, 1, 1, 0]",4,0,0,,0.625,8
549,9a8e70f1-8861-11f1-858c-b48c9db4e1b4,8,"[0, 1, 1, 0, 0, 1, 1, 0]",5,1,1,,0.625,8
550,9a8e70f1-8861-11f1-858c-b48c9db4e1b4,8,"[0, 1, 1, 0, 0, 1, 1, 0]",6,1,1,,0.625,8
551,9a8e70f1-8861-11f1-858c-b48c9db4e1b4,8,"[0, 1, 1, 0, 0, 1, 1, 0]",7,0,0,,0.625,8
552,9a8e70f1-8861-11f1-858c-b48c9db4e1b4,9,"[1, 0, 0, 1, 0, 1, 0, 0]",0,1,1,,0.625,8
553,9a8e70f1-8861-11f1-858c-b48c9db4e1b4,9,"[1, 0, 0, 1, 0, 1, 0, 0]",1,0,0,,0.625,8
554,9a8e70f1-8861-11f1-858c-b48c9db4e1b4,9,"[1, 0, 0, 1, 0, 1, 0, 0]",2,0,0,,0.625,8
555,9a8e70f1-8861-11f1-858c-b48c9db4e1b4,9,"[1, 0, 0, 1, 0, 1, 0, 0]",3,1,1,,0.625,8
556,9a8e70f1-8861-11f1-858c-b48c9db4e1b4,9,"[1, 0, 0, 1, 0, 1, 0, 0]",4,0,0,,0.625,8
557,9a8e70f1-8861-11f1-858c-b48c9db4e1b4,9,"[1, 0, 0, 1, 0, 1, 0, 0]",5,1,1,,0.625,8
558,9a8e70f1-8861-11f1-858c-b48c9db4e1b4,9,"[1, 0, 0, 1, 0, 1, 0, 0]",6,0,0,,0.625,8
559,9a8e70f1-8861-11f1-858c-b48c9db4e1b4,9,"[1, 0, 0, 1, 0, 1, 0, 0]",7,0,0,,0.625,8
560,9a8e70f1-8861-11f1-858c-b48c9db4e1b4,10,"[0, 0, 0, 1, 0, 1, 0, 1]",0,0,0,,0.625,8
561,9a8e70f1-8861-11f1-858c-b48c9db4e1b4,10,"[0, 0, 0, 1, 0, 1, 0, 1]",1,0,0,,0.625,8
562,9a8e70f1-8861-11f1-858c-b48c9db4e1b4,10,"[0, 0, 0, 1, 0, 1, 0, 1]",2,0,0,,0.625,8
563,9a8e70f1-8861-11f1-858c-b48c9db4e1b4,10,"[0, 0, 0, 1, 0, 1, 0, 1]",3,1,1,,0.625,8
564,9a8e70f1-8861-11f1-858c-b48c9db4e1b4,10,"[0, 0, 0, 1, 0, 1, 0, 1]",4,0,0,,0.625,8
565,9a8e70f1-8861-11f1-858c-b48c9db4e1b4,10,"[0, 0, 0, 1, 0, 1, 0, 1]",5,1,1,,0.625,8
566,9a8e70f1-8861-11f1-858c-b48c9db4e1b4,10,"[0, 0, 0, 1, 0, 1, 0, 1]",6,0,0,,0.625,8
567,9a8e70f1-8861-11f1-858c-b48c9db4e1b4,10,"[0, 0, 0, 1, 0, 1, 0, 1]",7,1,1,,0.625,8
568,9a8e70f1-8861-11f1-858c-b48c9db4e1b4,11,"[1, 1, 0, 0, 0, 0, 0, 1]",0,1,1,,0.625,8
569,9a8e70f1-8861-11f1-858c-b48c9db4e1b4,11,"[1, 1, 0, 0, 0, 0, 0, 1]",1,1,1,,0.625,8
570,9a8e70f1-8861-11f1-858c-b48c9db4e1b4,11,"[1, 1, 0, 0, 0, 0, 0, 1]",2,0,0,,0.625,8
571,9a8e70f1-8861-11f1-858c-b48c9db4e1b4,11,"[1, 1, 0, 0, 0, 0, 0, 1]",3,0,0,,0.625,8
572,9a8e70f1-8861-11f1-858c-b48c9db4e1b4,11,"[1, 1, 0, 0, 0, 0, 0, 1]",4,0,0,,0.625,8
573,9a8e70f1-8861-11f1-858c-b48c9db4e1b4,11,"[1, 1, 0, 0, 0, 0, 0, 1]",5,0,0,,0.625,8
574,9a8e70f1-8861-11f1-858c-b48c9db4e1b4,11,"[1, 1, 0, 0, 0, 0, 0, 1]",6,0,0,,0.625,8
575,9a8e70f1-8861-11f1-858c-b48c9db4e1b4,11,"[1, 1, 0, 0, 0, 0, 0, 1]",7,1,1,,0.625,8
576,9a8e70f1-8861-11f1-858c-b48c9db4e1b4,12,"[0, 1, 0, 0, 0, 0, 0, 1]",0,0,0,,0.625,8
577,9a8e70f1-8861-11f1-858c-b48c9db4e1b4,12,"[0, 1, 0, 0, 0, 0, 0, 1]",1,1,1,,0.625,8
578,9a8e70f1-8861-11f1-858c-b48c9db4e1b4,12,"[0, 1, 0, 0, 0, 0, 0, 1]",2,0,0,,0.625,8
579,9a8e70f1-8861-11f1-858c-b48c9db4e1b4,12,"[0, 1, 0, 0, 0, 0, 0, 1]",3,0,0,,0.625,8
580,9a8e70f1-8861-11f1-858c-b48c9db4e1b4,12,"[0, 1, 0, 0, 0, 0, 0, 1]",4,0,0,,0.625,8
581,9a8e70f1-8861-11f1-858c-b48c9db4e1b4,12,"[0, 1, 0, 0, 0, 0, 0, 1]",5,0,0,,0.625,8
582,9a8e70f1-8861-11f1-858c-b48c9db4e1b4,12,"[0, 1, 0, 0, 0, 0, 0, 1]",6,0,0,,0.625,8
583,9a8e70f1-8861-11f1-858c-b48c9db4e1b4,12,"[0, 1, 0, 0, 0, 0, 0, 1]",7,1,1,,0.625,8
584,9a8e70f1-8861-11f1-858c-b48c9db4e1b4,13,"[0, 1, 0, 0, 0, 1, 1, 0]",0,0,0,,0.625,8
585,9a8e70f1-8861-11f1-858c-b48c9db4e1b4,13,"[0, 1, 0, 0, 0, 1, 1, 0]",1,1,1,,0.625,8
586,9a8e70f1-8861-11f1-858c-b48c9db4e1b4,13,"[0, 1, 0, 0, 0, 1, 1, 0]",2,0,0,,0.625,8
587,9a8e70f1-8861-11f1-858c-b48c9db4e1b4,13,"[0, 1, 0, 0, 0, 1, 1, 0]",3,0,0,,0.625,8
588,9a8e70f1-8861-11f1-858c-b48c9db4e1b4,13,"[0, 1, 0, 0, 0, 1, 1, 0]",4,0,0,,0.625,8
589,9a8e70f1-8861-11f1-858c-b48c9db4e1b4,13,"[0, 1, 0, 0, 0, 1, 1, 0]",5,1,1,,0.625,8
590,9a8e70f1-8861-11f1-858c-b48c9db4e1b4,13,"[0, 1, 0, 0, 0, 1, 1, 0]",6,1,1,,0.625,8
591,9a8e70f1-8861-11f1-858c-b48c9db4e1b4,13,"[0, 1, 0, 0, 0, 1, 1, 0]",7,0,0,,0.625,8
592,9a8e70f1-8861-11f1-858c-b48c9db4e1b4,14,"[0, 0, 1, 1, 0, 1, 0, 0]",0,0,0,,0.625,8
593,9a8e70f1-8861-11f1-858c-b48c9db4e1b4,14,"[0, 0, 1, 1, 0, 1, 0, 0]",1,0,0,,0.625,8
594,9a8e70f1-8861-11f1-858c-b48c9db4e1b4,14,"[0, 0, 1, 1, 0, 1, 0, 0]",2,1,1,,0.625,8
595,9a8e70f1-8861-11f1-858c-b48c9db4e1b4,14,"[0, 0, 1, 1, 0, 1, 0, 0]",3,1,1,,0.625,8
596,9a8e70f1-8861-11f1-858c-b48c9db4e1b4,14,"[0, 0, 1, 1, 0, 1, 0, 0]",4,0,0,,0.625,8
597,9a8e70f1-8861-11f1-858c-b48c9db4e1b4,14,"[0, 0, 1, 1, 0, 1, 0, 0]",5,1,1,,0.625,8
598,9a8e70f1-8861-11f1-858c-b48c9db4e1b4,14,"[0, 0, 1, 1, 0, 1, 0, 0]",6,0,0,,0.625,8
599,9a8e70f1-8861-11f1-858c-b48c9db4e1b4,14,"[0, 0, 1, 1, 0, 1, 0, 0]",7,0,0,,0.625,8
600,9a8e70f1-8861-11f1-858c-b48c9db4e1b4,15,"[0, 0, 1, 1, 0, 0, 0, 0]",0,0,0,,0.625,8
601,9a8e70f1-8861-11f1-858c-b48c9db4e1b4,15,"[0, 0, 1, 1, 0, 0, 0, 0]",1,0,0,,0.625,8
602,9a8e70f1-8861-11f1-858c-b48c9db4e1b4,15,"[0, 0, 1, 1, 0, 0, 0, 0]",2,1,1,,0.625,8
603,9a8e70f1-8861-11f1-858c-b48c9db4e1b4,15,"[0, 0, 1, 1, 0, 0, 0, 0]",3,1,1,,0.625,8
604,9a8e70f1-8861-11f1-858c-b48c9db4e1b4,15,"[0, 0, 1, 1, 0, 0, 0, 0]",4,0,0,,0.625,8
605,9a8e70f1-8861-11f1-858c-b48c9db4e1b4,15,"[0, 0, 1, 1, 0, 0, 0, 0]",5,0,0,,0.625,8
606,9a8e70f1-8861-11f1-858c-b48c9db4e1b4,15,"[0, 0, 1, 1, 0, 0, 0, 0]",6,0,0,,0.625,8
607,9a8e70f1-8861-11f1-858c-b48c9db4e1b4,15,"[0, 0, 1, 1, 0, 0, 0, 0]",7,0,0,,0.625,8
608,9a8e70f1-8861-11f1-858c-b48c9db4e1b4,16,"[1, 0, 0, 0, 1, 0, 1, 1]",0,1,1,,0.625,8
609,9a8e70f1-8861-11f1-858c-b48c9db4e1b4,16,"[1, 0, 0, 0, 1, 0, 1, 1]",1,0,0,,0.625,8
610,9a8e70f1-8861-11f1-858c-b48c9db4e1b4,16,"[1, 0, 0, 0, 1, 0, 1, 1]",2,0,0,,0.625,8
611,9a8e70f1-8861-11f1-858c-b48c9db4e1b4,16,"[1, 0, 0, 0, 1, 0, 1, 1]",3,0,0,,0.625,8
612,9a8e70f1-8861-11f1-858c-b48c9db4e1b4,16,"[1, 0, 0, 0, 1, 0, 1, 1]",4,1,1,,0.625,8
613,9a8e70f1-8861-11f1-858c-b48c9db4e1b4,16,"[1, 0, 0, 0, 1, 0, 1, 1]",5,0,0,,0.625,8
614,9a8e70f1-8861-11f1-858c-b48c9db4e1b4,16,"[1, 0, 0, 0, 1, 0, 1, 1]",6,1,1,,0.625,8
615,9a8e70f1-8861-11f1-858c-b48c9db4e1b4,16,"[1, 0, 0, 0, 1, 0, 1, 1]",7,1,1,,0.625,8
616,9a8e70f1-8861-11f1-858c-b48c9db4e1b4,17,"[1, 1, 0, 0, 1, 0, 0, 0]",0,1,1,,0.625,8
617,9a8e70f1-8861-11f1-858c-b48c9db4e1b4,17,"[1, 1, 0, 0, 1, 0, 0, 0]",1,1,1,,0.625,8
618,9a8e70f1-8861-11f1-858c-b48c9db4e1b4,17,"[1, 1, 0, 0, 1, 0, 0, 0]",2,0,0,,0.625,8
619,9a8e70f1-8861-11f1-858c-b48c9db4e1b4,17,"[1, 1, 0, 0, 1, 0, 0, 0]",3,0,0,,0.625,8
620,9a8e70f1-8861-11f1-858c-b48c9db4e1b4,17,"[1, 1, 0, 0, 1, 0, 0, 0]",4,1,1,,0.625,8
621,9a8e70f1-8861-11f1-858c-b48c9db4e1b4,17,"[1, 1, 0, 0, 1, 0, 0, 0]",5,0,0,,0.625,8
622,9a8e70f1-8861-11f1-858c-b48c9db4e1b4,17,"[1, 1, 0, 0, 1, 0, 0, 0]",6,0,0,,0.625,8
623,9a8e70f1-8861-11f1-858c-b48c9db4e1b4,17,"[1, 1, 0, 0, 1, 0, 0, 0]",7,0,0,,0.625,8
624,9a8e70f1-8861-11f1-858c-b48c9db4e1b4,18,"[1, 1, 0, 1, 1, 1, 1, 0]",0,1,-1,,0.625,8
625,9a8e70f1-8861-11f1-858c-b48c9db4e1b4,18,"[1, 1, 0, 1, 1, 1, 1, 0]",1,1,-1,,0.625,8
626,9a8e70f1-8861-11f1-858c-b48c9db4e1b4,18,"[1, 1, 0, 1, 1, 1, 1, 0]",2,0,0,,0.625,8
627,9a8e70f1-8861-11f1-858c-b48c9db4e1b4,18,"[1, 1, 0, 1, 1, 1, 1, 0]",3,1,-1,,0.625,8
628,9a8e70f1-8861-11f1-858c-b48c9db4e1b4,18,"[1, 1, 0, 1, 1, 1, 1, 0]",4,1,-1,,0.625,8
629,9a8e70f1-8861-11f1-858c-b48c9db4e1b4,18,"[1, 1, 0, 1, 1, 1, 1, 0]",5,1,-1,,0.625,8
630,9a8e70f1-8861-11f1-858c-b48c9db4e1b4,18,"[1, 1, 0, 1, 1, 1, 1, 0]",6,1,-1,,0.625,8
631,9a8e70f1-8861-11f1-858c-b48c9db4e1b4,18,"[1, 1, 0, 1, 1, 1, 1, 0]",7,0,0,,0.625,8
632,9a8e70f1-8861-11f1-858c-b48c9db4e1b4,19,"[1, 0, 1, 1, 1, 0, 1, 1]",0,1,-1,,0.625,8
633,9a8e70f1-8861-11f1-858c-b48c9db4e1b4,19,"[1, 0, 1, 1, 1, 0, 1, 1]",1,0,0,,0.625,8
634,9a8e70f1-8861-11f1-858c-b48c9db4e1b4,19,"[1, 0, 1, 1, 1, 0, 1, 1]",2,1,-1,,0.625,8
635,9a8e70f1-8861-11f1-858c-b48c9db4e1b4,19,"[1, 0, 1, 1, 1, 0, 1, 1]",3,1,-1,,0.625,8
636,9a8e70f1-8861-11f1-858c-b48c9db4e1b4,19,"[1, 0, 1, 1, 1, 0, 1, 1]",4,1,-1,,0.625,8
637,9a8e70f1-8861-11f1-858c-b48c9db4e1b4,19,"[1, 0, 1, 1, 1, 0, 1, 1]",5,0,0,,0.625,8
638,9a8e70f1-8861-11f1-858c-b48c9db4e1b4,19,"[1, 0, 1, 1, 1, 0, 1, 1]",6,1,-1,,0.625,8
639,9a8e70f1-8861-11f1-858c-b48c9db4e1b4,19,"[1, 0, 1, 1, 1, 0, 1, 1]",7,1,-1,,0.625,8
640,9a91a81d-8861-11f1-bc73-b48c9db4e1b4,0,"[1, 0, 1, 1, 0, 1, 1, 1]",0,1,-1,,0.625,8
641,9a91a81d-8861-11f1-bc73-b48c9db4e1b4,0,"[1, 0, 1, 1, 0, 1, 1, 1]",1,0,0,,0.625,8
642,9a91a81d-8861-11f1-bc73-b48c9db4e1b4,0,"[1, 0, 1, 1, 0, 1, 1, 1]",2,1,-1,,0.625,8
643,9a91a81d-8861-11f1-bc73-b48c9db4e1b4,0,"[1, 0, 1, 1, 0, 1, 1, 1]",3,1,-1,,0.625,8
644,9a91a81d-8861-11f1-bc73-b48c9db4e1b4,0,"[1, 0, 1, 1, 0, 1, 1, 1]",4,0,0,,0.625,8
645,9a91a81d-8861-11f1-bc73-b48c9db4e1b4,0,"[1, 0, 1, 1, 0, 1, 1, 1]",5,1,-1,,0.625,8
646,9a91a81d-8861-11f1-bc73-b48c9db4e1b4,0,"[1, 0, 1, 1, 0, 1, 1, 1]",6,1,-1,,0.625,8
647,9a91a81d-8861-11f1-bc73-b48c9db4e1b4,0,"[1, 0, 1, 1, 0, 1, 1, 1]",7,1,-1,,0.625,8
648,9a91a81d-8861-11f1-bc73-b48c9db4e1b4,1,"[1, 0, 1, 1, 0, 0, 0, 0]",0,1,1,,0.625,8
649,9a91a81d-8861-11f1-bc73-b48c9db4e1b4,1,"[1, 0, 1, 1, 0, 0, 0, 0]",1,0,0,,0.625,8
650,9a91a81d-8861-11f1-bc73-b48c9db4e1b4,1,"[1, 0, 1, 1, 0, 0, 0, 0]",2,1,1,,0.625,8
651,9a91a81d-8861-11f1-bc73-b48c9db4e1b4,1,"[1, 0, 1, 1, 0, 0, 0, 0]",3,1,1,,0.625,8
652,9a91a81d-8861-11f1-bc73-b48c9db4e1b4,1,"[1, 0, 1, 1, 0, 0, 0, 0]",4,0,0,,0.625,8
653,9a91a81d-8861-11f1-bc73-b48c9db4e1b4,1,"[1, 0, 1, 1, 0, 0, 0, 0]",5,0,0,,0.625,8
654,9a91a81d-8861-11f1-bc73-b48c9db4e1b4,1,"[1, 0, 1, 1, 0, 0, 0, 0]",6,0,0,,0.625,8
655,9a91a81d-8861-11f1-bc73-b48c9db4e1b4,1,"[1, 0, 1, 1, 0, 0, 0, 0]",7,0,0,,0.625,8
656,9a91a81d-8861-11f1-bc73-b48c9db4e1b4,2,"[0, 0, 1, 0, 1, 1, 1, 0]",0,0,0,,0.625,8
657,9a91a81d-8861-11f1-bc73-b48c9db4e1b4,2,"[0, 0, 1, 0, 1, 1, 1, 0]",1,0,0,,0.625,8
658,9a91a81d-8861-11f1-bc73-b48c9db4e1b4,2,"[0, 0, 1, 0, 1, 1, 1, 0]",2,1,1,,0.625,8
659,9a91a81d-8861-11f1-bc73-b48c9db4e1b4,2,"[0, 0, 1, 0, 1, 1, 1, 0]",3,0,0,,0.625,8
660,9a91a81d-8861-11f1-bc73-b48c9db4e1b4,2,"[0, 0, 1, 0, 1, 1, 1, 0]",4,1,1,,0.625,8
661,9a91a81d-8861-11f1-bc73-b48c9db4e1b4,2,"[0, 0, 1, 0, 1, 1, 1, 0]",5,1,1,,0.625,8
662,9a91a81d-8861-11f1-bc73-b48c9db4e1b4,2,"[0, 0, 1, 0, 1, 1, 1, 0]",6,1,1,,0.625,8
663,9a91a81d-8861-11f1-bc73-b48c9db4e1b4,2,"[0, 0, 1, 0, 1, 1, 1, 0]",7,0,0,,0.625,8
664,9a91a81d-8861-11f1-bc73-b48c9db4e1b4,3,"[1, 1, 0, 1, 1, 0, 1, 1]",0,1,-1,,0.625,8
665,9a91a81d-8861-11f1-bc73-b48c9db4e1b4,3,"[1, 1, 0, 1, 1, 0, 1, 1]",1,1,-1,,0.625,8
666,9a91a81d-8861-11f1-bc73-b48c9db4e1b4,3,"[1, 1, 0, 1, 1, 0, 1, 1]",2,0,0,,0.625,8
667,9a91a81d-8861-11f1-bc73-b48c9db4e1b4,3,"[1, 1, 0, 1, 1, 0, 1, 1]",3,1,-1,,0.625,8
668,9a91a81d-8861-11f1-bc73-b48c9db4e1b4,3,"[1, 1, 0, 1, 1, 0, 1, 1]",4,1,-1,,0.625,8
669,9a91a81d-8861-11f1-bc73-b48c9db4e1b4,3,"[1, 1, 0, 1, 1, 0, 1, 1]",5,0,0,,0.625,8
670,9a91a81d-8861-11f1-bc73-b48c9db4e1b4,3,"[1, 1, 0, 1, 1, 0, 1, 1]",6,1,-1,,0.625,8
671,9a91a81d-8861-11f1-bc73-b48c9db4e1b4,3,"[1, 1, 0, 1, 1, 0, 1, 1]",7,1,-1,,0.625,8
672,9a91a81d-8861-11f1-bc73-b48c9db4e1b4,4,"[1, 0, 1, 1, 1, 0, 1, 0]",0,1,1,,0.625,8
673,9a91a81d-8861-11f1-bc73-b48c9db4e1b4,4,"[1, 0, 1, 1, 1, 0, 1, 0]",1,0,0,,0.625,8
674,9a91a81d-8861-11f1-bc73-b48c9db4e1b4,4,"[1, 0, 1, 1, 1, 0, 1, 0]",2,1,1,,0.625,8
675,9a91a81d-8861-11f1-bc73-b48c9db4e1b4,4,"[1, 0, 1, 1, 1, 0, 1, 0]",3,1,1,,0.625,8
676,9a91a81d-8861-11f1-bc73-b48c9db4e1b4,4,"[1, 0, 1, 1, 1, 0, 1, 0]",4,1,1,,0.625,8
677,9a91a81d-8861-11f1-bc73-b48c9db4e1b4,4,"[1, 0, 1, 1, 1, 0, 1, 0]",5,0,0,,0.625,8
678,9a91a81d-8861-11f1-bc73-b48c9db4e1b4,4,"[1, 0, 1, 1, 1, 0, 1, 0]",6,1,1,,0.625,8
679,9a91a81d-8861-11f1-bc73-b48c9db4e1b4,4,"[1, 0, 1, 1, 1, 0, 1, 0]",7,0,0,,0.625,8
680,9a91a81d-8861-11f1-bc73-b48c9db4e1b4,5,"[1, 1, 1, 0, 0, 1, 0, 0]",0,1,1,,0.625,8
681,9a91a81d-8861-11f1-bc73-b48c9db4e1b4,5,"[1, 1, 1, 0, 0, 1, 0, 0]",1,1,1,,0.625,8
682,9a91a81d-8861-11f1-bc73-b48c9db4e1b4,5,"[1, 1, 1, 0, 0, 1, 0, 0]",2,1,1,,0.625,8
683,9a91a81d-8861-11f1-bc73-b48c9db4e1b4,5,"[1, 1, 1, 0, 0, 1, 0, 0]",3,0,0,,0.625,8
684,9a91a81d-8861-11f1-bc73-b48c9db4e1b4,5,"[1, 1, 1, 0, 0, 1, 0, 0]",4,0,0,,0.625,8
685,9a91a81d-8861-11f1-bc73-b48c9db4e1b4,5,"[1, 1, 1, 0, 0, 1, 0, 0]",5,1,1,,0.625,8
686,9a91a81d-8861-11f1-bc73-b48c9db4e1b4,5,"[1, 1, 1, 0, 0, 1, 0, 0]",6,0,0,,0.625,8
687,9a91a81d-8861-11f1-bc73-b48c9db4e1b4,5,"[1, 1, 1, 0, 0, 1, 0, 0]",7,0,0,,0.625,8
688,9a91a81d-8861-11f1-bc73-b48c9db4e1b4,6,"[1, 1, 0, 1, 0, 0, 1, 1]",0,1,1,,0.625,8
689,9a91a81d-8861-11f1-bc73-b48c9db4e1b4,6,"[1, 1, 0, 1, 0, 0, 1, 1]",1,1,1,,0.625,8
690,9a91a81d-8861-11f1-bc73-b48c9db4e1b4,6,"[1, 1, 0, 1, 0, 0, 1, 1]",2,0,0,,0.625,8
691,9a91a81d-8861-11f1-bc73-b48c9db4e1b4,6,"[1, 1, 0, 1, 0, 0, 1, 1]",3,1,1,,0.625,8
692,9a91a81d-8861-11f1-bc73-b48c9db4e1b4,6,"[1, 1, 0, 1, 0, 0, 1, 1]",4,0,0,,0.625,8
693,9a91a81d-8861-11f1-bc73-b48c9db4e1b4,6,"[1, 1, 0, 1, 0, 0, 1, 1]",5,0,0,,0.625,8
694,9a91a81d-8861-11f1-bc73-b48c9db4e1b4,6,"[1, 1, 0, 1, 0, 0, 1, 1]",6,1,1,,0.625,8
695,9a91a81d-8861-11f1-bc73-b48c9db4e1b4,6,"[1, 1, 0, 1, 0, 0, 1, 1]",7,1,1,,0.625,8
696,9a91a81d-8861-11f1-bc73-b48c9db4e1b4,7,"[0, 1, 0, 0, 0, 0, 1, 1]",0,0,0,,0.625,8
697,9a91a81d-8861-11f1-bc73-b48c9db4e1b4,7,"[0, 1, 0, 0, 0, 0, 1, 1]",1,1,1,,0.625,8
698,9a91a81d-8861-11f1-bc73-b48c9db4e1b4,7,"[0, 1, 0, 0, 0, 0, 1, 1]",2,0,0,,0.625,8
699,9a91a81d-8861-11f1-bc73-b48c9db4e1b4,7,"[0, 1, 0, 0, 0, 0, 1, 1]",3,0,0,,0.625,8
700,9a91a81d-8861-11f1-bc73-b48c9db4e1b4,7,"[0, 1, 0, 0, 0, 0, 1, 1]",4,0,0,,0.625,8
701,9a91a81d-8861-11f1-bc73-b48c9db4e1b4,7,"[0, 1, 0, 0, 0, 0, 1, 1]",5,0,0,,0.625,8
702,9a91a81d-8861-11f1-bc73-b48c9db4e1b4,7,"[0, 1, 0, 0, 0, 0, 1, 1]",6,1,1,,0.625,8
703,9a91a81d-8861-11f1-bc73-b48c9db4e1b4,7,"[0, 1, 0, 0, 0, 0, 1, 1]",7,1,1,,0.625,8
704,9a91a81d-8861-11f1-bc73-b48c9db4e1b4,8,"[0, 1, 1, 1, 1, 1, 0, 1]",0,0,0,,0.625,8
705,9a91a81d-8861-11f1-bc73-b48c9db4e1b4,8,"[0, 1, 1, 1, 1, 1, 0, 1]",1,1,-1,,0.625,8
706,9a91a81d-8861-11f1-bc73-b48c9db4e1b4,8,"[0, 1, 1, 1, 1, 1, 0, 1]",2,1,-1,,0.625,8
707,9a91a81d-8861-11f1-bc73-b48c9db4e1b4,8,"[0, 1, 1, 1, 1, 1, 0, 1]",3,1,-1,,0.625,8
708,9a91a81d-8861-11f1-bc73-b48c9db4e1b4,8,"[0, 1, 1, 1, 1, 1, 0, 1]",4,1,-1,,0.625,8
709,9a91a81d-8861-11f1-bc73-b48c9db4e1b4,8,"[0, 1, 1, 1, 1, 1, 0, 1]",5,1,-1,,0.625,8
710,9a91a81d-8861-11f1-bc73-b48c9db4e1b4,8,"[0, 1, 1, 1, 1, 1, 0, 1]",6,0,0,,0.625,8
711,9a91a81d-8861-11f1-bc73-b48c9db4e1b4,8,"[0, 1, 1, 1, 1, 1, 0, 1]",7,1,-1,,0.625,8
712,9a91a81d-8861-11f1-bc73-b48c9db4e1b4,9,"[1, 0, 0, 0, 1, 1, 1, 1]",0,1,1,,0.625,8
713,9a91a81d-8861-11f1-bc73-b48c9db4e1b4,9,"[1, 0, 0, 0, 1, 1, 1, 1]",1,0,0,,0.625,8
714,9a91a81d-8861-11f1-bc73-b48c9db4e1b4,9,"[1, 0, 0, 0, 1, 1, 1, 1]",2,0,0,,0.625,8
715,9a91a81d-8861-11f1-bc73-b48c9db4e1b4,9,"[1, 0, 0, 0, 1, 1, 1, 1]",3,0,0,,0.625,8
716,9a91a81d-8861-11f1-bc73-b48c9db4e1b4,9,"[1, 0, 0, 0, 1, 1, 1, 1]",4,1,1,,0.625,8
717,9a91a81d-8861-11f1-bc73-b48c9db4e1b4,9,"[1, 0, 0, 0, 1, 1, 1, 1]",5,1,1,,0.625,8
718,9a91a81d-8861-11f1-bc73-b48c9db4e1b4,9,"[1, 0, 0, 0, 1, 1, 1, 1]",6,1,1,,0.625,8
719,9a91a81d-8861-11f1-bc73-b48c9db4e1b4,9,"[1, 0, 0, 0, 1, 1, 1, 1]",7,1,1,,0.625,8
720,9a91a81d-8861-11f1-bc73-b48c9db4e1b4,10,"[0, 0, 1, 0, 0, 1, 0, 0]",0,0,0,,0.625,8
721,9a91a81d-8861-11f1-bc73-b48c9db4e1b4,10,"[0, 0, 1, 0, 0, 1, 0, 0]",1,0,0,,0.625,8
722,9a91a81d-8861-11f1-bc73-b48c9db4e1b4,10,"[0, 0, 1, 0, 0, 1, 0, 0]",2,1,1,,0.625,8
723,9a91a81d-8861-11f1-bc73-b48c9db4e1b4,10,"[0, 0, 1, 0, 0, 1, 0, 0]",3,0,0,,0.625,8
724,9a91a81d-8861-11f1-bc73-b48c9db4e1b4,10,"[0, 0, 1, 0, 0, 1, 0, 0]",4,0,0,,0.625,8
725,9a91a81d-8861-11f1-bc73-b48c9db4e1b4,10,"[0, 0, 1, 0, 0, 1, 0, 0]",5,1,1,,0.625,8
726,9a91a81d-8861-11f1-bc73-b48c9db4e1b4,10,"[0, 0, 1, 0, 0, 1, 0, 0]",6,0,0,,0.625,8
727,9a91a81d-8861-11f1-bc73-b48c9db4e1b4,10,"[0, 0, 1, 0, 0, 1, 0, 0]",7,0,0,,0.625,8
728,9a91a81d-8861-11f1-bc73-b48c9db4e1b4,11,"[0, 0, 1, 1, 0, 1, 1, 1]",0,0,0,,0.625,8
729,9a91a81d-8861-11f1-bc73-b48c9db4e1b4,11,"[0, 0, 1, 1, 0, 1, 1, 1]",1,0,0,,0.625,8
730,9a91a81d-8861-11f1-bc73-b48c9db4e1b4,11,"[0, 0, 1, 1, 0, 1, 1, 1]",2,1,1,,0.625,8
731,9a91a81d-8861-11f1-bc73-b48c9db4e1b4,11,"[0, 0, 1, 1, 0, 1, 1, 1]",3,1,1,,0.625,8
732,9a91a81d-8861-11f1-bc73-b48c9db4e1b4,11,"[0, 0, 1, 1, 0, 1, 1, 1]",4,0,0,,0.625,8
733,9a91a81d-8861-11f1-bc73-b48c9db4e1b4,11,"[0, 0, 1, 1, 0, 1, 1, 1]",5,1,1,,0.625,8
734,9a91a81d-8861-11f1-bc73-b48c9db4e1b4,11,"[0, 0, 1, 1, 0, 1, 1, 1]",6,1,1,,0.625,8
735,9a91a81d-8861-11f1-bc73-b48c9db4e1b4,11,"[0, 0, 1, 1, 0, 1, 1, 1]",7,1,1,,0.625,8
736,9a91a81d-8861-11f1-bc73-b48c9db4e1b4,12,"[0, 1, 0, 1, 1, 0, 0, 1]",0,0,0,,0.625,8
737,9a91a81d-8861-11f1-bc73-b48c9db4e1b4,12,"[0, 1, 0, 1, 1, 0, 0, 1]",1,1,1,,0.625,8
738,9a91a81d-8861-11f1-bc73-b48c9db4e1b4,12,"[0, 1, 0, 1, 1, 0, 0, 1]",2,0,0,,0.625,8
739,9a91a81d-8861-11f1-bc73-b48c9db4e1b4,12,"[0, 1, 0, 1, 1, 0, 0, 1]",3,1,1,,0.625,8
740,9a91a81d-8861-11f1-bc73-b48c9db4e1b4,12,"[0, 1, 0, 1, 1, 0, 0, 1]",4,1,1,,0.625,8
741,9a91a81d-8861-11f1-bc73-b48c9db4e1b4,12,"[0, 1, 0, 1, 1, 0, 0, 1]",5,0,0,,0.625,8
742,9a91a81d-8861-11f1-bc73-b48c9db4e1b4,12,"[0, 1, 0, 1, 1, 0, 0, 1]",6,0,0,,0.625,8
743,9a91a81d-8861-11f1-bc73-b48c9db4e1b4,12,"[0, 1, 0, 1, 1, 0, 0, 1]",7,1,1,,0.625,8
744,9a91a81d-8861-11f1-bc73-b48c9db4e1b4,13,"[0, 0, 1, 1, 1, 0, 0, 0]",0,0,0,,0.625,8
745,9a91a81d-8861-11f1-bc73-b48c9db4e1b4,13,"[0, 0, 1, 1, 1, 0, 0, 0]",1,0,0,,0.625,8
746,9a91a81d-8861-11f1-bc73-b48c9db4e1b4,13,"[0, 0, 1, 1, 1, 0, 0, 0]",2,1,1,,0.625,8
747,9a91a81d-8861-11f1-bc73-b48c9db4e1b4,13,"[0, 0, 1, 1, 1, 0, 0, 0]",3,1,1,,0.625,8
748,9a91a81d-8861-11f1-bc73-b48c9db4e1b4,13,"[0, 0, 1, 1, 1, 0, 0, 0]",4,1,1,,0.625,8
749,9a91a81d-8861-11f1-bc73-b48c9db4e1b4,13,"[0, 0, 1, 1, 1, 0, 0, 0]",5,0,0,,0.625,8
750,9a91a81d-8861-11f1-bc73-b48c9db4e1b4,13,"[0, 0, 1, 1, 1, 0, 0, 0]",6,0,0,,0.625,8
751,9a91a81d-8861-11f1-bc73-b48c9db4e1b4,13,"[0, 0, 1, 1, 1, 0, 0, 0]",7,0,0,,0.625,8
752,9a91a81d-8861-11f1-bc73-b48c9db4e1b4,14,"[0, 0, 0, 1, 0, 0, 1, 1]",0,0,0,,0.625,8
753,9a91a81d-8861-11f1-bc73-b48c9db4e1b4,14,"[0, 0, 0, 1, 0, 0, 1, 1]",1,0,0,,0.625,8
754,9a91a81d-8861-11f1-bc73-b48c9db4e1b4,14,"[0, 0, 0, 1, 0, 0, 1, 1]",2,0,0,,0.625,8
755,9a91a81d-8861-11f1-bc73-b48c9db4e1b4,14,"[0, 0, 0, 1, 0, 0, 1, 1]",3,1,1,,0.625,8
756,9a91a81d-8861-11f1-bc73-b48c9db4e1b4,14,"[0, 0, 0, 1, 0, 0, 1, 1]",4,0,0,,0.625,8
757,9a91a81d-8861-11f1-bc73-b48c9db4e1b4,14,"[0, 0, 0, 1, 0, 0, 1, 1]",5,0,0,,0.625,8
758,9a91a81d-8861-11f1-bc73-b48c9db4e1b4,14,"[0, 0, 0, 1, 0, 0, 1, 1]",6,1,1,,0.625,8
759,9a91a81d-8861-11f1-bc73-b48c9db4e1b4,14,"[0, 0, 0, 1, 0, 0, 1, 1]",7,1,1,,0.625,8
760,9a91a81d-8861-11f1-bc73-b48c9db4e1b4,15,"[1, 0, 1, 0, 0, 1, 1, 1]",0,1,1,,0.625,8
761,9a91a81d-8861-11f1-bc73-b48c9db4e1b4,15,"[1, 0, 1, 0, 0, 1, 1, 1]",1,0,0,,0.625,8
762,9a91a81d-8861-11f1-bc73-b48c9db4e1b4,15,"[1, 0, 1, 0, 0, 1, 1, 1]",2,1,1,,0.625,8
763,9a91a81d-8861-11f1-bc73-b48c9db4e1b4,15,"[1, 0, 1, 0, 0, 1, 1, 1]",3,0,0,,0.625,8
764,9a91a81d-8861-11f1-bc73-b48c9db4e1b4,15,"[1, 0, 1, 0, 0, 1, 1, 1]",4,0,0,,0.625,8
765,9a91a81d-8861-11f1-bc73-b48c9db4e1b4,15,"[1, 0, 1, 0, 0, 1, 1, 1]",5,1,1,,0.625,8
766,9a91a81d-8861-11f1-bc73-b48c9db4e1b4,15,"[1, 0, 1, 0, 0, 1, 1, 1]",6,1,1,,0.625,8
767,9a91a81d-8861-11f1-bc73-b48c9db4e1b4,15,"[1, 0, 1, 0, 0, 1, 1, 1]",7,1,1,,0.625,8
768,9a91a81d-8861-11f1-bc73-b48c9db4e1b4,16,"[0, 1, 1, 0, 0, 0, 0, 0]",0,0,0,,0.625,8
769,9a91a81d-8861-11f1-bc73-b48c9db4e1b4,16,"[0, 1, 1, 0, 0, 0, 0, 0]",1,1,1,,0.625,8
770,9a91a81d-8861-11f1-bc73-b48c9db4e1b4,16,"[0, 1, 1, 0, 0, 0, 0, 0]",2,1,1,,0.625,8
771,9a91a81d-8861-11f1-bc73-b48c9db4e1b4,16,"[0, 1, 1, 0, 0, 0, 0, 0]",3,0,0,,0.625,8
772,9a91a81d-8861-11f1-bc73-b48c9db4e1b4,16,"[0, 1, 1, 0, 0, 0, 0, 0]",4,0,0,,0.625,8
773,9a91a81d-8861-11f1-bc73-b48c9db4e1b4,16,"[0, 1, 1, 0, 0, 0, 0, 0]",5,0,0,,0.625,8
774,9a91a81d-8861-11f1-bc73-b48c9db4e1b4,16,"[0, 1, 1, 0, 0, 0, 0, 0]",6,0,0,,0.625,8
775,9a91a81d-8861-11f1-bc73-b48c9db4e1b4,16,"[0, 1, 1, 0, 0, 0, 0, 0]",7,0,0,,0.625,8
776,9a91a81d-8861-11f1-bc73-b48c9db4e1b4,17,"[0, 0, 1, 0, 1, 0, 1, 1]",0,0,0,,0.625,8
777,9a91a81d-8861-11f1-bc73-b48c9db4e1b4,17,"[0, 0, 1, 0, 1, 0, 1, 1]",1,0,0,,0.625,8
778,9a91a81d-8861-11f1-bc73-b48c9db4e1b4,17,"[0, 0, 1, 0, 1, 0, 1, 1]",2,1,1,,0.625,8
779,9a91a81d-8861-11f1-bc73-b48c9db4e1b4,17,"[0, 0, 1, 0, 1, 0, 1, 1]",3,0,0,,0.625,8
780,9a91a81d-8861-11f1-bc73-b48c9db4e1b4,17,"[0, 0, 1, 0, 1, 0, 1, 1]",4,1,1,,0.625,8
781,9a91a81d-8861-11f1-bc73-b48c9db4e1b4,17,"[0, 0, 1, 0, 1, 0, 1, 1]",5,0,0,,0.625,8
782,9a91a81d-8861-11f1-bc73-b48c9db4e1b4,17,"[0, 0, 1, 0, 1, 0, 1, 1]",6,1,1,,0.625,8
783,9a91a81d-8861-11f1-bc73-b48c9db4e1b4,17,"[0, 0, 1, 0, 1, 0, 1, 1]",7,1,1,,0.625,8
784,9a91a81d-8861-11f1-bc73-b48c9db4e1b4,18,"[0, 0, 1, 0, 0, 0, 1, 0]",0,0,0,,0.625,8
785,9a91a81d-8861-11f1-bc73-b48c9db4e1b4,18,"[0, 0, 1, 0, 0, 0, 1, 0]",1,0,0,,0.625,8
786,9a91a81d-8861-11f1-bc73-b48c9db4e1b4,18,"[0, 0, 1, 0, 0, 0, 1, 0]",2,1,1,,0.625,8
787,9a91a81d-8861-11f1-bc73-b48c9db4e1b4,18,"[0, 0, 1, 0, 0, 0, 1, 0]",3,0,0,,0.625,8
788,9a91a81d-8861-11f1-bc73-b48c9db4e1b4,18,"[0, 0, 1, 0, 0, 0, 1, 0]",4,0,0,,0.625,8
789,9a91a81d-8861-11f1-bc73-b48c9db4e1b4,18,"[0, 0, 1, 0, 0, 0, 1, 0]",5,0,0,,0.625,8
790,9a91a81d-8861-11f1-bc73-b48c9db4e1b4,18,"[0, 0, 1, 0, 0, 0, 1, 0]",6,1,1,,0.625,8
791,9a91a81d-8861-11f1-bc73-b48c9db4e1b4,18,"[0, 0, 1, 0, 0, 0, 1, 0]",7,0,0,,0.625,8
792,9a91a81d-8861-11f1-bc73-b48c9db4e1b4,19,"[0, 0, 0, 1, 1, 0, 1, 0]",0,0,0,,0.625,8
793,9a91a81d-8861-11f1-bc73-b48c9db4e1b4,19,"[0, 0, 0, 1, 1, 0, 1, 0]",1,0,0,,0.625,8
794,9a91a81d-8861-11f1-bc73-b48c9db4e1b4,19,"[0, 0, 0, 1, 1, 0, 1, 0]",2,0,0,,0.625,8
795,9a91a81d-8861-11f1-bc73-b48c9db4e1b4,19,"[0, 0, 0, 1, 1, 0, 1, 0]",3,1,1,,0.625,8
796,9a91a81d-8861-11f1-bc73-b48c9db4e1b4,19,"[0, 0, 0, 1, 1, 0, 1, 0]",4,1,1,,0.625,8
797,9a91a81d-8861-11f1-bc73-b48c9db4e1b4,19,"[0, 0, 0, 1, 1, 0, 1, 0]",5,0,0,,0.625,8
798,9a91a81d-8861-11f1-bc73-b48c9db4e1b4,19,"[0, 0, 0, 1, 1, 0, 1, 0]",6,1,1,,0.625,8
799,9a91a81d-8861-11f1-bc73-b48c9db4e1b4,19,"[0, 0, 0, 1, 1, 0, 1, 0]",7,0,0,,0.625,8
800,9a949e50-8861-11f1-9b96-b48c9db4e1b4,0,"[1, 0, 0, 1, 1, 0, 0, 0]",0,1,1,,0.625,8
801,9a949e50-8861-11f1-9b96-b48c9db4e1b4,0,"[1, 0, 0, 1, 1, 0, 0, 0]",1,0,0,,0.625,8
802,9a949e50-8861-11f1-9b96-b48c9db4e1b4,0,"[1, 0, 0, 1, 1, 0, 0, 0]",2,0,0,,0.625,8
803,9a949e50-8861-11f1-9b96-b48c9db4e1b4,0,"[1, 0, 0, 1, 1, 0, 0, 0]",3,1,1,,0.625,8
804,9a949e50-8861-11f1-9b96-b48c9db4e1b4,0,"[1, 0, 0, 1, 1, 0, 0, 0]",4,1,1,,0.625,8
805,9a949e50-8861-11f1-9b96-b48c9db4e1b4,0,"[1, 0, 0, 1, 1, 0, 0, 0]",5,0,0,,0.625,8
806,9a949e50-8861-11f1-9b96-b48c9db4e1b4,0,"[1, 0, 0, 1, 1, 0, 0, 0]",6,0,0,,0.625,8
807,9a949e50-8861-11f1-9b96-b48c9db4e1b4,0,"[1, 0, 0, 1, 1, 0, 0, 0]",7,0,0,,0.625,8
808,9a949e50-8861-11f1-9b96-b48c9db4e1b4,1,"[1, 0, 0, 0, 1, 0, 1, 1]",0,1,1,,0.625,8
809,9a949e50-8861-11f1-9b96-b48c9db4e1b4,1,"[1, 0, 0, 0, 1, 0, 1, 1]",1,0,0,,0.625,8
810,9a949e50-8861-11f1-9b96-b48c9db4e1b4,1,"[1, 0, 0, 0, 1, 0, 1, 1]",2,0,0,,0.625,8
811,9a949e50-8861-11f1-9b96-b48c9db4e1b4,1,"[1, 0, 0, 0, 1, 0, 1, 1]",3,0,0,,0.625,8
812,9a949e50-8861-11f1-9b96-b48c9db4e1b4,1,"[1, 0, 0, 0, 1, 0, 1, 1]",4,1,1,,0.625,8
813,9a949e50-8861-11f1-9b96-b48c9db4e1b4,1,"[1, 0, 0, 0, 1, 0, 1, 1]",5,0,0,,0.625,8
814,9a949e50-8861-11f1-9b96-b48c9db4e1b4,1,"[1, 0, 0, 0, 1, 0, 1, 1]",6,1,1,,0.625,8
815,9a949e50-8861-11f1-9b96-b48c9db4e1b4,1,"[1, 0, 0, 0, 1, 0, 1, 1]",7,1,1,,0.625,8
816,9a949e50-8861-11f1-9b96-b48c9db4e1b4,2,"[0, 1, 0, 1, 1, 0, 1, 0]",0,0,0,,0.625,8
817,9a949e50-8861-11f1-9b96-b48c9db4e1b4,2,"[0, 1, 0, 1, 1, 0, 1, 0]",1,1,1,,0.625,8
818,9a949e50-8861-11f1-9b96-b48c9db4e1b4,2,"[0, 1, 0, 1, 1, 0, 1, 0]",2,0,0,,0.625,8
819,9a949e50-8861-11f1-9b96-b48c9db4e1b4,2,"[0, 1, 0, 1, 1, 0, 1, 0]",3,1,1,,0.625,8
820,9a949e50-8861-11f1-9b96-b48c9db4e1b4,2,"[0, 1, 0, 1, 1, 0, 1, 0]",4,1,1,,0.625,8
821,9a949e50-8861-11f1-9b96-b48c9db4e1b4,2,"[0, 1, 0, 1, 1, 0, 1, 0]",5,0,0,,0.625,8
822,9a949e50-8861-11f1-9b96-b48c9db4e1b4,2,"[0, 1, 0, 1, 1, 0, 1, 0]",6,1,1,,0.625,8
823,9a949e50-8861-11f1-9b96-b48c9db4e1b4,2,"[0, 1, 0, 1, 1, 0, 1, 0]",7,0,0,,0.625,8
824,9a949e50-8861-11f1-9b96-b48c9db4e1b4,3,"[1, 0, 1, 1, 1, 0, 1, 0]",0,1,1,,0.625,8
825,9a949e50-8861-11f1-9b96-b48c9db4e1b4,3,"[1, 0, 1, 1, 1, 0, 1, 0]",1,0,0,,0.625,8
826,9a949e50-8861-11f1-9b96-b48c9db4e1b4,3,"[1, 0, 1, 1, 1, 0, 1, 0]",2,1,1,,0.625,8
827,9a949e50-8861-11f1-9b96-b48c9db4e1b4,3,"[1, 0, 1, 1, 1, 0, 1, 0]",3,1,1,,0.625,8
828,9a949e50-8861-11f1-9b96-b48c9db4e1b4,3,"[1, 0, 1, 1, 1, 0, 1, 0]",4,1,1,,0.625,8
829,9a949e50-8861-11f1-9b96-b48c9db4e1b4,3,"[1, 0, 1, 1, 1, 0, 1, 0]",5,0,0,,0.625,8
830,9a949e50-8861-11f1-9b96-b48c9db4e1b4,3,"[1, 0, 1, 1, 1, 0, 1, 0]",6,1,1,,0.625,8
831,9a949e50-8861-11f1-9b96-b48c9db4e1b4,3,"[1, 0, 1, 1, 1, 0, 1, 0]",7,0,0,,0.625,8
832,9a949e50-8861-11f1-9b96-b48c9db4e1b4,4,"[1, 0, 0, 1, 0, 0, 0, 0]",0,1,1,,0.625,8
833,9a949e50-8861-11f1-9b96-b48c9db4e1b4,4,"[1, 0, 0, 1, 0, 0, 0, 0]",1,0,0,,0.625,8
834,9a949e50-8861-11f1-9b96-b48c9db4e1b4,4,"[1, 0, 0, 1, 0, 0, 0, 0]",2,0,0,,0.625,8
835,9a949e50-8861-11f1-9b96-b48c9db4e1b4,4,"[1, 0, 0, 1, 0, 0, 0, 0]",3,1,1,,0.625,8
836,9a949e50-8861-11f1-9b96-b48c9db4e1b4,4,"[1, 0, 0, 1, 0, 0, 0, 0]",4,0,0,,0.625,8
837,9a949e50-8861-11f1-9b96-b48c9db4e1b4,4,"[1, 0, 0, 1, 0, 0, 0, 0]",5,0,0,,0.625,8
838,9a949e50-8861-11f1-9b96-b48c9db4e1b4,4,"[1, 0, 0, 1, 0, 0, 0, 0]",6,0,0,,0.625,8
839,9a949e50-8861-11f1-9b96-b48c9db4e1b4,4,"[1, 0, 0, 1, 0, 0, 0, 0]",7,0,0,,0.625,8
840,9a949e50-8861-11f1-9b96-b48c9db4e1b4,5,"[0, 1, 1, 1, 0, 0, 1, 0]",0,0,0,,0.625,8
841,9a949e50-8861-11f1-9b96-b48c9db4e1b4,5,"[0, 1, 1, 1, 0, 0, 1, 0]",1,1,1,,0.625,8
842,9a949e50-8861-11f1-9b96-b48c9db4e1b4,5,"[0, 1, 1, 1, 0, 0, 1, 0]",2,1,1,,0.625,8
843,9a949e50-8861-11f1-9b96-b48c9db4e1b4,5,"[0, 1, 1, 1, 0, 0, 1, 0]",3,1,1,,0.625,8
844,9a949e50-8861-11f1-9b96-b48c9db4e1b4,5,"[0, 1, 1, 1, 0, 0, 1, 0]",4,0,0,,0.625,8
845,9a949e50-8861-11f1-9b96-b48c9db4e1b4,5,"[0, 1, 1, 1, 0, 0, 1, 0]",5,0,0,,0.625,8
846,9a949e50-8861-11f1-9b96-b48c9db4e1b4,5,"[0, 1, 1, 1, 0, 0, 1, 0]",6,1,1,,0.625,8
847,9a949e50-8861-11f1-9b96-b48c9db4e1b4,5,"[0, 1, 1, 1, 0, 0, 1, 0]",7,0,0,,0.625,8
848,9a949e50-8861-11f1-9b96-b48c9db4e1b4,6,"[0, 0, 0, 1, 1, 0, 0, 1]",0,0,0,,0.625,8
849,9a949e50-8861-11f1-9b96-b48c9db4e1b4,6,"[0, 0, 0, 1, 1, 0, 0, 1]",1,0,0,,0.625,8
850,9a949e50-8861-11f1-9b96-b48c9db4e1b4,6,"[0, 0, 0, 1, 1, 0, 0, 1]",2,0,0,,0.625,8
851,9a949e50-8861-11f1-9b96-b48c9db4e1b4,6,"[0, 0, 0, 1, 1, 0, 0, 1]",3,1,1,,0.625,8
852,9a949e50-8861-11f1-9b96-b48c9db4e1b4,6,"[0, 0, 0, 1, 1, 0, 0, 1]",4,1,1,,0.625,8
853,9a949e50-8861-11f1-9b96-b48c9db4e1b4,6,"[0, 0, 0, 1, 1, 0, 0, 1]",5,0,0,,0.625,8
854,9a949e50-8861-11f1-9b96-b48c9db4e1b4,6,"[0, 0, 0, 1, 1, 0, 0, 1]",6,0,0,,0.625,8
855,9a949e50-8861-11f1-9b96-b48c9db4e1b4,6,"[0, 0, 0, 1, 1, 0, 0, 1]",7,1,1,,0.625,8
856,9a949e50-8861-11f1-9b96-b48c9db4e1b4,7,"[1, 0, 1, 0, 1, 0, 0, 0]",0,1,1,,0.625,8
857,9a949e50-8861-11f1-9b96-b48c9db4e1b4,7,"[1, 0, 1, 0, 1, 0, 0, 0]",1,0,0,,0.625,8
858,9a949e50-8861-11f1-9b96-b48c9db4e1b4,7,"[1, 0, 1, 0, 1, 0, 0, 0]",2,1,1,,0.625,8
859,9a949e50-8861-11f1-9b96-b48c9db4e1b4,7,"[1, 0, 1, 0, 1, 0, 0, 0]",3,0,0,,0.625,8
860,9a949e50-8861-11f1-9b96-b48c9db4e1b4,7,"[1, 0, 1, 0, 1, 0, 0, 0]",4,1,1,,0.625,8
861,9a949e50-8861-11f1-9b96-b48c9db4e1b4,7,"[1, 0, 1, 0, 1, 0, 0, 0]",5,0,0,,0.625,8
862,9a949e50-8861-11f1-9b96-b48c9db4e1b4,7,"[1, 0, 1, 0, 1, 0, 0, 0]",6,0,0,,0.625,8
863,9a949e50-8861-11f1-9b96-b48c9db4e1b4,7,"[1, 0, 1, 0, 1, 0, 0, 0]",7,0,0,,0.625,8
864,9a949e50-8861-11f1-9b96-b48c9db4e1b4,8,"[0, 1, 0, 0, 1, 1, 1, 1]",0,0,0,,0.625,8
865,9a949e50-8861-11f1-9b96-b48c9db4e1b4,8,"[0, 1, 0, 0, 1, 1, 1, 1]",1,1,1,,0.625,8
866,9a949e50-8861-11f1-9b96-b48c9db4e1b4,8,"[0, 1, 0, 0, 1, 1, 1, 1]",2,0,0,,0.625,8
867,9a949e50-8861-11f1-9b96-b48c9db4e1b4,8,"[0, 1, 0, 0, 1, 1, 1, 1]",3,0,0,,0.625,8
868,9a949e50-8861-11f1-9b96-b48c9db4e1b4,8,"[0, 1, 0, 0, 1, 1, 1, 1]",4,1,1,,0.625,8
869,9a949e50-8861-11f1-9b96-b48c9db4e1b4,8,"[0, 1, 0, 0, 1, 1, 1, 1]",5,1,1,,0.625,8
870,9a949e50-8861-11f1-9b96-b48c9db4e1b4,8,"[0, 1, 0, 0, 1, 1, 1, 1]",6,1,1,,0.625,8
871,9a949e50-8861-11f1-9b96-b48c9db4e1b4,8,"[0, 1, 0, 0, 1, 1, 1, 1]",7,1,1,,0.625,8
872,9a949e50-8861-11f1-9b96-b48c9db4e1b4,9,"[0, 0, 1, 0, 1, 0, 0, 1]",0,0,0,,0.625,8
873,9a949e50-8861-11f1-9b96-b48c9db4e1b4,9,"[0, 0, 1, 0, 1, 0, 0, 1]",1,0,0,,0.625,8
874,9a949e50-8861-11f1-9b96-b48c9db4e1b4,9,"[0, 0, 1, 0, 1, 0, 0, 1]",2,1,1,,0.625,8
875,9a949e50-8861-11f1-9b96-b48c9db4e1b4,9,"[0, 0, 1, 0, 1, 0, 0, 1]",3,0,0,,0.625,8
876,9a949e50-8861-11f1-9b96-b48c9db4e1b4,9,"[0, 0, 1, 0, 1, 0, 0, 1]",4,1,1,,0.625,8
877,9a949e50-8861-11f1-9b96-b48c9db4e1b4,9,"[0, 0, 1, 0, 1, 0, 0, 1]",5,0,0,,0.625,8
878,9a949e50-8861-11f1-9b96-b48c9db4e1b4,9,"[0, 0, 1, 0, 1, 0, 0, 1]",6,0,0,,0.625,8
879,9a949e50-8861-11f1-9b96-b48c9db4e1b4,9,"[0, 0, 1, 0, 1, 0, 0, 1]",7,1,1,,0.625,8
880,9a949e50-8861-11f1-9b96-b48c9db4e1b4,10,"[0, 1, 1, 0, 1, 1, 0, 0]",0,0,0,,0.625,8
881,9a949e50-8861-11f1-9b96-b48c9db4e1b4,10,"[0, 1, 1, 0, 1, 1, 0, 0]",1,1,1,,0.625,8
882,9a949e50-8861-11f1-9b96-b48c9db4e1b4,10,"[0, 1, 1, 0, 1, 1, 0, 0]",2,1,1,,0.625,8
883,9a949e50-8861-11f1-9b96-b48c9db4e1b4,10,"[0, 1, 1, 0, 1, 1, 0, 0]",3,0,0,,0.625,8
884,9a949e50-8861-11f1-9b96-b48c9db4e1b4,10,"[0, 1, 1, 0, 1, 1, 0, 0]",4,1,1,,0.625,8
885,9a949e50-8861-11f1-9b96-b48c9db4e1b4,10,"[0, 1, 1, 0, 1, 1, 0, 0]",5,1,1,,0.625,8
886,9a949e50-8861-11f1-9b96-b48c9db4e1b4,10,"[0, 1, 1, 0, 1, 1, 0, 0]",6,0,0,,0.625,8
887,9a949e50-8861-11f1-9b96-b48c9db4e1b4,10,"[0, 1, 1, 0, 1, 1, 0, 0]",7,0,0,,0.625,8
888,9a949e50-8861-11f1-9b96-b48c9db4e1b4,11,"[0, 1, 0, 1, 1, 1, 1, 1]",0,0,0,,0.625,8
889,9a949e50-8861-11f1-9b96-b48c9db4e1b4,11,"[0, 1, 0, 1, 1, 1, 1, 1]",1,1,-1,,0.625,8
890,9a949e50-8861-11f1-9b96-b48c9db4e1b4,11,"[0, 1, 0, 1, 1, 1, 1, 1]",2,0,0,,0.625,8
891,9a949e50-8861-11f1-9b96-b48c9db4e1b4,11,"[0, 1, 0, 1, 1, 1, 1, 1]",3,1,-1,,0.625,8
892,9a949e50-8861-11f1-9b96-b48c9db4e1b4,11,"[0, 1, 0, 1, 1, 1, 1, 1]",4,1,-1,,0.625,8
893,9a949e50-8861-11f1-9b96-b48c9db4e1b4,11,"[0, 1, 0, 1, 1, 1, 1, 1]",5,1,-1,,0.625,8
894,9a949e50-8861-11f1-9b96-b48c9db4e1b4,11,"[0, 1, 0, 1, 1, 1, 1, 1]",6,1,-1,,0.625,8
895,9a949e50-8861-11f1-9b96-b48c9db4e1b4,11,"[0, 1, 0, 1, 1, 1, 1, 1]",7,1,-1,,0.625,8
896,9a949e50-8861-11f1-9b96-b48c9db4e1b4,12,"[0, 0, 1, 1, 1, 1, 0, 0]",0,0,0,,0.625,8
897,9a949e50-8861-11f1-9b96-b48c9db4e1b4,12,"[0, 0, 1, 1, 1, 1, 0, 0]",1,0,0,,0.625,8
898,9a949e50-8861-11f1-9b96-b48c9db4e1b4,12,"[0, 0, 1, 1, 1, 1, 0, 0]",2,1,1,,0.625,8
899,9a949e50-8861-11f1-9b96-b48c9db4e1b4,12,"[0, 0, 1, 1, 1, 1, 0, 0]",3,1,1,,0.625,8
900,9a949e50-8861-11f1-9b96-b48c9db4e1b4,12,"[0, 0, 1, 1, 1, 1, 0, 0]",4,1,1,,0.625,8
901,9a949e50-8861-11f1-9b96-b48c9db4e1b4,12,"[0, 0, 1, 1, 1, 1, 0, 0]",5,1,1,,0.625,8
902,9a949e50-8861-11f1-9b96-b48c9db4e1b4,12,"[0, 0, 1, 1, 1, 1, 0, 0]",6,0,0,,0.625,8
903,9a949e50-8861-11f1-9b96-b48c9db4e1b4,12,"[0, 0, 1, 1, 1, 1, 0, 0]",7,0,0,,0.625,8
904,9a949e50-8861-11f1-9b96-b48c9db4e1b4,13,"[1, 1, 1, 1, 1, 0, 0, 0]",0,1,1,,0.625,8
905,9a949e50-8861-11f1-9b96-b48c9db4e1b4,13,"[1, 1, 1, 1, 1, 0, 0, 0]",1,1,1,,0.625,8
906,9a949e50-8861-11f1-9b96-b48c9db4e1b4,13,"[1, 1, 1, 1, 1, 0, 0, 0]",2,1,1,,0.625,8
907,9a949e50-8861-11f1-9b96-b48c9db4e1b4,13,"[1, 1, 1, 1, 1, 0, 0, 0]",3,1,1,,0.625,8
908,9a949e50-8861-11f1-9b96-b48c9db4e1b4,13,"[1, 1, 1, 1, 1, 0, 0, 0]",4,1,1,,0.625,8
909,9a949e50-8861-11f1-9b96-b48c9db4e1b4,13,"[1, 1, 1, 1, 1, 0, 0, 0]",5,0,0,,0.625,8
910,9a949e50-8861-11f1-9b96-b48c9db4e1b4,13,"[1, 1, 1, 1, 1, 0, 0, 0]",6,0,0,,0.625,8
911,9a949e50-8861-11f1-9b96-b48c9db4e1b4,13,"[1, 1, 1, 1, 1, 0, 0, 0]",7,0,0,,0.625,8
912,9a949e50-8861-11f1-9b96-b48c9db4e1b4,14,"[1, 1, 1, 1, 1, 1, 1, 0]",0,1,-1,,0.625,8
913,9a949e50-8861-11f1-9b96-b48c9db4e1b4,14,"[1, 1, 1, 1, 1, 1, 1, 0]",1,1,-1,,0.625,8
914,9a949e50-8861-11f1-9b96-b48c9db4e1b4,14,"[1, 1, 1, 1, 1, 1, 1, 0]",2,1,-1,,0.625,8
915,9a949e50-8861-11f1-9b96-b48c9db4e1b4,14,"[1, 1, 1, 1, 1, 1, 1, 0]",3,1,-1,,0.625,8
916,9a949e50-8861-11f1-9b96-b48c9db4e1b4,14,"[1, 1, 1, 1, 1, 1, 1, 0]",4,1,-1,,0.625,8
917,9a949e50-8861-11f1-9b96-b48c9db4e1b4,14,"[1, 1, 1, 1, 1, 1, 1, 0]",5,1,-1,,0.625,8
918,9a949e50-8861-11f1-9b96-b48c9db4e1b4,14,"[1, 1, 1, 1, 1, 1, 1, 0]",6,1,-1,,0.625,8
919,9a949e50-8861-11f1-9b96-b48c9db4e1b4,14,"[1, 1, 1, 1, 1, 1, 1, 0]",7,0,0,,0.625,8
920,9a949e50-8861-11f1-9b96-b48c9db4e1b4,15,"[1, 0, 0, 0, 0, 1, 0, 0]",0,1,1,,0.625,8
921,9a949e50-8861-11f1-9b96-b48c9db4e1b4,15,"[1, 0, 0, 0, 0, 1, 0, 0]",1,0,0,,0.625,8
922,9a949e50-8861-11f1-9b96-b48c9db4e1b4,15,"[1, 0, 0, 0, 0, 1, 0, 0]",2,0,0,,0.625,8
923,9a949e50-8861-11f1-9b96-b48c9db4e1b4,15,"[1, 0, 0, 0, 0, 1, 0, 0]",3,0,0,,0.625,8
924,9a949e50-8861-11f1-9b96-b48c9db4e1b4,15,"[1, 0, 0, 0, 0, 1, 0, 0]",4,0,0,,0.625,8
925,9a949e50-8861-11f1-9b96-b48c9db4e1b4,15,"[1, 0, 0, 0, 0, 1, 0, 0]",5,1,1,,0.625,8
926,9a949e50-8861-11f1-9b96-b48c9db4e1b4,15,"[1, 0, 0, 0, 0, 1, 0, 0]",6,0,0,,0.625,8
927,9a949e50-8861-11f1-9b96-b48c9db4e1b4,15,"[1, 0, 0, 0, 0, 1, 0, 0]",7,0,0,,0.625,8
928,9a949e50-8861-11f1-9b96-b48c9db4e1b4,16,"[1, 1, 1, 1, 0, 0, 0, 1]",0,1,1,,0.625,8
929,9a949e50-8861-11f1-9b96-b48c9db4e1b4,16,"[1, 1, 1, 1, 0, 0, 0, 1]",1,1,1,,0.625,8
930,9a949e50-8861-11f1-9b96-b48c9db4e1b4,16,"[1, 1, 1, 1, 0, 0, 0, 1]",2,1,1,,0.625,8
931,9a949e50-8861-11f1-9b96-b48c9db4e1b4,16,"[1, 1, 1, 1, 0, 0, 0, 1]",3,1,1,,0.625,8
932,9a949e50-8861-11f1-9b96-b48c9db4e1b4,16,"[1, 1, 1, 1, 0, 0, 0, 1]",4,0,0,,0.625,8
933,9a949e50-8861-11f1-9b96-b48c9db4e1b4,16,"[1, 1, 1, 1, 0, 0, 0, 1]",5,0,0,,0.625,8
934,9a949e50-8861-11f1-9b96-b48c9db4e1b4,16,"[1, 1, 1, 1, 0, 0, 0, 1]",6,0,0,,0.625,8
935,9a949e50-8861-11f1-9b96-b48c9db4e1b4,16,"[1, 1, 1, 1, 0, 0, 0, 1]",7,1,1,,0.625,8
936,9a949e50-8861-11f1-9b96-b48c9db4e1b4,17,"[0, 1, 1, 0, 1, 1, 0, 0]",0,0,0,,0.625,8
937,9a949e50-8861-11f1-9b96-b48c9db4e1b4,17,"[0, 1, 1, 0, 1, 1, 0, 0]",1,1,1,,0.625,8
938,9a949e50-8861-11f1-9b96-b48c9db4e1b4,17,"[0, 1, 1, 0, 1, 1, 0, 0]",2,1,1,,0.625,8
939,9a949e50-8861-11f1-9b96-b48c9db4e1b4,17,"[0, 1, 1, 0, 1, 1, 0, 0]",3,0,0,,0.625,8
940,9a949e50-8861-11f1-9b96-b48c9db4e1b4,17,"[0, 1, 1, 0, 1, 1, 0, 0]",4,1,1,,0.625,8
941,9a949e50-8861-11f1-9b96-b48c9db4e1b4,17,"[0, 1, 1, 0, 1, 1, 0, 0]",5,1,1,,0.625,8
942,9a949e50-8861-11f1-9b96-b48c9db4e1b4,17,"[0, 1, 1, 0, 1, 1, 0, 0]",6,0,0,,0.625,8
943,9a949e50-8861-11f1-9b96-b48c9db4e1b4,17,"[0, 1, 1, 0, 1, 1, 0, 0]",7,0,0,,0.625,8
944,9a949e50-8861-11f1-9b96-b48c9db4e1b4,18,"[0, 1, 0, 1, 1, 0, 1, 1]",0,0,0,,0.625,8
945,9a949e50-8861-11f1-9b96-b48c9db4e1b4,18,"[0, 1, 0, 1, 1, 0, 1, 1]",1,1,1,,0.625,8
946,9a949e50-8861-11f1-9b96-b48c9db4e1b4,18,"[0, 1, 0, 1, 1, 0, 1, 1]",2,0,0,,0.625,8
947,9a949e50-8861-11f1-9b96-b48c9db4e1b4,18,"[0, 1, 0, 1, 1, 0, 1, 1]",3,1,1,,0.625,8
948,9a949e50-8861-11f1-9b96-b48c9db4e1b4,18,"[0, 1, 0, 1, 1, 0, 1, 1]",4,1,1,,0.625,8
949,9a949e50-8861-11f1-9b96-b48c9db4e1b4,18,"[0, 1, 0, 1, 1, 0, 1, 1]",5,0,0,,0.625,8
950,9a949e50-8861-11f1-9b96-b48c9db4e1b4,18,"[0, 1, 0, 1, 1, 0, 1, 1]",6,1,1,,0.625,8
951,9a949e50-8861-11f1-9b96-b48c9db4e1b4,18,"[0, 1, 0, 1, 1, 0, 1, 1]",7,1,1,,0.625,8
952,9a949e50-8861-11f1-9b96-b48c9db4e1b4,19,"[0, 1, 1, 1, 0, 1, 1, 0]",0,0,0,,0.625,8
953,9a949e50-8861-11f1-9b96-b48c9db4e1b4,19,"[0, 1, 1, 1, 0, 1, 1, 0]",1,1,1,,0.625,8
954,9a949e50-8861-11f1-9b96-b48c9db4e1b4,19,"[0, 1, 1, 1, 0, 1, 1, 0]",2,1,1,,0.625,8
955,9a949e50-8861-11f1-9b96-b48c9db4e1b4,19,"[0, 1, 1, 1, 0, 1, 1, 0]",3,1,1,,0.625,8
956,9a949e50-8861-11f1-9b96-b48c9db4e1b4,19,"[0, 1, 1, 1, 0, 1, 1, 0]",4,0,0,,0.625,8
957,9a949e50-8861-11f1-9b96-b48c9db4e1b4,19,"[0, 1, 1, 1, 0, 1, 1, 0]",5,1,1,,0.625,8
958,9a949e50-8861-11f1-9b96-b48c9db4e1b4,19,"[0, 1, 1, 1, 0, 1, 1, 0]",6,1,1,,0.625,8
959,9a949e50-8861-11f1-9b96-b48c9db4e1b4,19,"[0, 1, 1, 1, 0, 1, 1, 0]",7,0,0,,0.625,8
960,9a979f25-8861-11f1-9d9c-b48c9db4e1b4,0,"[1, 1, 1, 0, 0, 0, 1, 0]",0,1,1,,0.625,8
961,9a979f25-8861-11f1-9d9c-b48c9db4e1b4,0,"[1, 1, 1, 0, 0, 0, 1, 0]",1,1,1,,0.625,8
962,9a979f25-8861-11f1-9d9c-b48c9db4e1b4,0,"[1, 1, 1, 0, 0, 0, 1, 0]",2,1,1,,0.625,8
963,9a979f25-8861-11f1-9d9c-b48c9db4e1b4,0,"[1, 1, 1, 0, 0, 0, 1, 0]",3,0,0,,0.625,8
964,9a979f25-8861-11f1-9d9c-b48c9db4e1b4,0,"[1, 1, 1, 0, 0, 0, 1, 0]",4,0,0,,0.625,8
965,9a979f25-8861-11f1-9d9c-b48c9db4e1b4,0,"[1, 1, 1, 0, 0, 0, 1, 0]",5,0,0,,0.625,8
966,9a979f25-8861-11f1-9d9c-b48c9db4e1b4,0,"[1, 1, 1, 0, 0, 0, 1, 0]",6,1,1,,0.625,8
967,9a979f25-8861-11f1-9d9c-b48c9db4e1b4,0,"[1, 1, 1, 0, 0, 0, 1, 0]",7,0,0,,0.625,8
968,9a979f25-8861-11f1-9d9c-b48c9db4e1b4,1,"[1, 1, 0, 1, 0, 0, 1, 1]",0,1,1,,0.625,8
969,9a979f25-8861-11f1-9d9c-b48c9db4e1b4,1,"[1, 1, 0, 1, 0, 0, 1, 1]",1,1,1,,0.625,8
970,9a979f25-8861-11f1-9d9c-b48c9db4e1b4,1,"[1, 1, 0, 1, 0, 0, 1, 1]",2,0,0,,0.625,8
971,9a979f25-8861-11f1-9d9c-b48c9db4e1b4,1,"[1, 1, 0, 1, 0, 0, 1, 1]",3,1,1,,0.625,8
972,9a979f25-8861-11f1-9d9c-b48c9db4e1b4,1,"[1, 1, 0, 1, 0, 0, 1, 1]",4,0,0,,0.625,8
973,9a979f25-8861-11f1-9d9c-b48c9db4e1b4,1,"[1, 1, 0, 1, 0, 0, 1, 1]",5,0,0,,0.625,8
974,9a979f25-8861-11f1-9d9c-b48c9db4e1b4,1,"[1, 1, 0, 1, 0, 0, 1, 1]",6,1,1,,0.625,8
975,9a979f25-8861-11f1-9d9c-b48c9db4e1b4,1,"[1, 1, 0, 1, 0, 0, 1, 1]",7,1,1,,0.625,8
976,9a979f25-8861-11f1-9d9c-b48c9db4e1b4,2,"[1, 1, 0, 1, 0, 0, 1, 1]",0,1,1,,0.625,8
977,9a979f25-8861-11f1-9d9c-b48c9db4e1b4,2,"[1, 1, 0, 1, 0, 0, 1, 1]",1,1,1,,0.625,8
978,9a979f25-8861-11f1-9d9c-b48c9db4e1b4,2,"[1, 1, 0, 1, 0, 0, 1, 1]",2,0,0,,0.625,8
979,9a979f25-8861-11f1-9d9c-b48c9db4e1b4,2,"[1, 1, 0, 1, 0, 0, 1, 1]",3,1,1,,0.625,8
980,9a979f25-8861-11f1-9d9c-b48c9db4e1b4,2,"[1, 1, 0, 1, 0, 0, 1, 1]",4,0,0,,0.625,8
981,9a979f25-8861-11f1-9d9c-b48c9db4e1b4,2,"[1, 1, 0, 1, 0, 0, 1, 1]",5,0,0,,0.625,8
982,9a979f25-8861-11f1-9d9c-b48c9db4e1b4,2,"[1, 1, 0, 1, 0, 0, 1, 1]",6,1,1,,0.625,8
983,9a979f25-8861-11f1-9d9c-b48c9db4e1b4,2,"[1, 1, 0, 1, 0, 0, 1, 1]",7,1,1,,0.625,8
984,9a979f25-8861-11f1-9d9c-b48c9db4e1b4,3,"[0, 0, 1, 0, 1, 0, 0, 1]",0,0,0,,0.625,8
985,9a979f25-8861-11f1-9d9c-b48c9db4e1b4,3,"[0, 0, 1, 0, 1, 0, 0, 1]",1,0,0,,0.625,8
986,9a979f25-8861-11f1-9d9c-b48c9db4e1b4,3,"[0, 0, 1, 0, 1, 0, 0, 1]",2,1,1,,0.625,8
987,9a979f25-8861-11f1-9d9c-b48c9db4e1b4,3,"[0, 0, 1, 0, 1, 0, 0, 1]",3,0,0,,0.625,8
988,9a979f25-8861-11f1-9d9c-b48c9db4e1b4,3,"[0, 0, 1, 0, 1, 0, 0, 1]",4,1,1,,0.625,8
989,9a979f25-8861-11f1-9d9c-b48c9db4e1b4,3,"[0, 0, 1, 0, 1, 0, 0, 1]",5,0,0,,0.625,8
990,9a979f25-8861-11f1-9d9c-b48c9db4e1b4,3,"[0, 0, 1, 0, 1, 0, 0, 1]",6,0,0,,0.625,8
991,9a979f25-8861-11f1-9d9c-b48c9db4e1b4,3,"[0, 0, 1, 0, 1, 0, 0, 1]",7,1,1,,0.625,8
992,9a979f25-8861-11f1-9d9c-b48c9db4e1b4,4,"[1, 1, 0, 1, 1, 1, 1, 1]",0,1,-1,,0.625,8
993,9a979f25-8861-11f1-9d9c-b48c9db4e1b4,4,"[1, 1, 0, 1, 1, 1, 1, 1]",1,1,-1,,0.625,8
994,9a979f25-8861-11f1-9d9c-b48c9db4e1b4,4,"[1, 1, 0, 1, 1, 1, 1, 1]",2,0,0,,0.625,8
995,9a979f25-8861-11f1-9d9c-b48c9db4e1b4,4,"[1, 1, 0, 1, 1, 1, 1, 1]",3,1,-1,,0.625,8
996,9a979f25-8861-11f1-9d9c-b48c9db4e1b4,4,"[1, 1, 0, 1, 1, 1, 1, 1]",4,1,-1,,0.625,8
997,9a979f25-8861-11f1-9d9c-b48c9db4e1b4,4,"[1, 1, 0, 1, 1, 1, 1, 1]",5,1,-1,,0.625,8
998,9a979f25-8861-11f1-9d9c-b48c9db4e1b4,4,"[1, 1, 0, 1, 1, 1, 1, 1]",6,1,-1,,0.625,8
999,9a979f25-8861-11f1-9d9c-b48c9db4e1b4,4,"[1, 1, 0, 1, 1, 1, 1, 1]",7,1,-1,,0.625,8
1000,9a979f25-8861-11f1-9d9c-b48c9db4e1b4,5,"[0, 0, 1, 1, 1, 0, 0, 1]",0,0,0,,0.625,8
1001,9a979f25-8861-11f1-9d9c-b48c9db4e1b4,5,"[0, 0, 1, 1, 1, 0, 0, 1]",1,0,0,,0.625,8
1002,9a979f25-8861-11f1-9d9c-b48c9db4e1b4,5,"[0, 0, 1, 1, 1, 0, 0, 1]",2,1,1,,0.625,8
1003,9a979f25-8861-11f1-9d9c-b48c9db4e1b4,5,"[0, 0, 1, 1, 1, 0, 0, 1]",3,1,1,,0.625,8
1004,9a979f25-8861-11f1-9d9c-b48c9db4e1b4,5,"[0, 0, 1, 1, 1, 0, 0, 1]",4,1,1,,0.625,8
1005,9a979f25-8861-11f1-9d9c-b48c9db4e1b4,5,"[0, 0, 1, 1, 1, 0, 0, 1]",5,0,0,,0.625,8
1006,9a979f25-8861-11f1-9d9c-b48c9db4e1b4,5,"[0, 0, 1, 1, 1, 0, 0, 1]",6,0,0,,0.625,8
1007,9a979f25-8861-11f1-9d9c-b48c9db4e1b4,5,"[0, 0, 1, 1, 1, 0, 0, 1]",7,1,1,,0.625,8
1008,9a979f25-8861-11f1-9d9c-b48c9db4e1b4,6,"[0, 0, 0, 0, 1, 0, 0, 0]",0,0,0,,0.625,8
1009,9a979f25-8861-11f1-9d9c-b48c9db4e1b4,6,"[0, 0, 0, 0, 1, 0, 0, 0]",1,0,0,,0.625,8
1010,9a979f25-8861-11f1-9d9c-b48c9db4e1b4,6,"[0, 0, 0, 0, 1, 0, 0, 0]",2,0,0,,0.625,8
1011,9a979f25-8861-11f1-9d9c-b48c9db4e1b4,6,"[0, 0, 0, 0, 1, 0, 0, 0]",3,0,0,,0.625,8
1012,9a979f25-8861-11f1-9d9c-b48c9db4e1b4,6,"[0, 0, 0, 0, 1, 0, 0, 0]",4,1,1,,0.625,8
1013,9a979f25-8861-11f1-9d9c-b48c9db4e1b4,6,"[0, 0, 0, 0, 1, 0, 0, 0]",5,0,0,,0.625,8
1014,9a979f25-8861-11f1-9d9c-b48c9db4e1b4,6,"[0, 0, 0, 0, 1, 0, 0, 0]",6,0,0,,0.625,8
1015,9a979f25-8861-11f1-9d9c-b48c9db4e1b4,6,"[0, 0, 0, 0, 1, 0, 0, 0]",7,0,0,,0.625,8
1016,9a979f25-8861-11f1-9d9c-b48c9db4e1b4,7,"[1, 0, 1, 0, 1, 0, 1, 0]",0,1,1,,0.625,8
1017,9a979f25-8861-11f1-9d9c-b48c9db4e1b4,7,"[1, 0, 1, 0, 1, 0, 1, 0]",1,0,0,,0.625,8
1018,9a979f25-8861-11f1-9d9c-b48c9db4e1b4,7,"[1, 0, 1, 0, 1, 0, 1, 0]",2,1,1,,0.625,8
1019,9a979f25-8861-11f1-9d9c-b48c9db4e1b4,7,"[1, 0, 1, 0, 1, 0, 1, 0]",3,0,0,,0.625,8
1020,9a979f25-8861-11f1-9d9c-b48c9db4e1b4,7,"[1, 0, 1, 0, 1, 0, 1, 0]",4,1,1,,0.625,8
1021,9a979f25-8861-11f1-9d9c-b48c9db4e1b4,7,"[1, 0, 1, 0, 1, 0, 1, 0]",5,0,0,,0.625,8
1022,9a979f25-8861-11f1-9d9c-b48c9db4e1b4,7,"[1, 0, 1, 0, 1, 0, 1, 0]",6,1,1,,0.625,8
1023,9a979f25-8861-11f1-9d9c-b48c9db4e1b4,7,"[1, 0, 1, 0, 1, 0, 1, 0]",7,0,0,,0.625,8
1024,9a979f25-8861-11f1-9d9c-b48c9db4e1b4,8,"[0, 1, 0, 0, 0, 1, 0, 0]",0,0,0,,0.625,8
1025,9a979f25-8861-11f1-9d9c-b48c9db4e1b4,8,"[0, 1, 0, 0, 0, 1, 0, 0]",1,1,1,,0.625,8
1026,9a979f25-8861-11f1-9d9c-b48c9db4e1b4,8,"[0, 1, 0, 0, 0, 1, 0, 0]",2,0,0,,0.625,8
1027,9a979f25-8861-11f1-9d9c-b48c9db4e1b4,8,"[0, 1, 0, 0, 0, 1, 0, 0]",3,0,0,,0.625,8
1028,9a979f25-8861-11f1-9d9c-b48c9db4e1b4,8,"[0, 1, 0, 0, 0, 1, 0, 0]",4,0,0,,0.625,8
1029,9a979f25-8861-11f1-9d9c-b48c9db4e1b4,8,"[0, 1, 0, 0, 0, 1, 0, 0]",5,1,1,,0.625,8
1030,9a979f25-8861-11f1-9d9c-b48c9db4e1b4,8,"[0, 1, 0, 0, 0, 1, 0, 0]",6,0,0,,0.625,8
1031,9a979f25-8861-11f1-9d9c-b48c9db4e1b4,8,"[0, 1, 0, 0, 0, 1, 0, 0]",7,0,0,,0.625,8
1032,9a979f25-8861-11f1-9d9c-b48c9db4e1b4,9,"[0, 1, 1, 0, 1, 0, 0, 1]",0,0,0,,0.625,8
1033,9a979f25-8861-11f1-9d9c-b48c9db4e1b4,9,"[0, 1, 1, 0, 1, 0, 0, 1]",1,1,1,,0.625,8
1034,9a979f25-8861-11f1-9d9c-b48c9db4e1b4,9,"[0, 1, 1, 0, 1, 0, 0, 1]",2,1,1,,0.625,8
1035,9a979f25-8861-11f1-9d9c-b48c9db4e1b4,9,"[0, 1, 1, 0, 1, 0, 0, 1]",3,0,0,,0.625,8
1036,9a979f25-8861-11f1-9d9c-b48c9db4e1b4,9,"[0, 1, 1, 0, 1, 0, 0, 1]",4,1,1,,0.625,8
1037,9a979f25-8861-11f1-9d9c-b48c9db4e1b4,9,"[0, 1, 1, 0, 1, 0, 0, 1]",5,0,0,,0.625,8
1038,9a979f25-8861-11f1-9d9c-b48c9db4e1b4,9,"[0, 1, 1, 0, 1, 0, 0, 1]",6,0,0,,0.625,8
1039,9a979f25-8861-11f1-9d9c-b48c9db4e1b4,9,"[0, 1, 1, 0, 1, 0, 0, 1]",7,1,1,,0.625,8
1040,9a979f25-8861-11f1-9d9c-b48c9db4e1b4,10,"[1, 0, 0, 0, 0, 0, 1, 1]",0,1,1,,0.625,8
1041,9a979f25-8861-11f1-9d9c-b48c9db4e1b4,10,"[1, 0, 0, 0, 0, 0, 1, 1]",1,0,0,,0.625,8
1042,9a979f25-8861-11f1-9d9c-b48c9db4e1b4,10,"[1, 0, 0, 0, 0, 0, 1, 1]",2,0,0,,0.625,8
1043,9a979f25-8861-11f1-9d9c-b48c9db4e1b4,10,"[1, 0, 0, 0, 0, 0, 1, 1]",3,0,0,,0.625,8
1044,9a979f25-8861-11f1-9d9c-b48c9db4e1b4,10,"[1, 0, 0, 0, 0, 0, 1, 1]",4,0,0,,0.625,8
1045,9a979f25-8861-11f1-9d9c-b48c9db4e1b4,10,"[1, 0, 0, 0, 0, 0, 1, 1]",5,0,0,,0.625,8
1046,9a979f25-8861-11f1-9d9c-b48c9db4e1b4,10,"[1, 0, 0, 0, 0, 0, 1, 1]",6,1,1,,0.625,8
1047,9a979f25-8861-11f1-9d9c-b48c9db4e1b4,10,"[1, 0, 0, 0, 0, 0, 1, 1]",7,1,1,,0.625,8
1048,9a979f25-8861-11f1-9d9c-b48c9db4e1b4,11,"[1, 0, 0, 1, 0, 0, 0, 0]",0,1,1,,0.625,8
1049,9a979f25-8861-11f1-9d9c-b48c9db4e1b4,11,"[1, 0, 0, 1, 0, 0, 0, 0]",1,0,0,,0.625,8
1050,9a979f25-8861-11f1-9d9c-b48c9db4e1b4,11,"[1, 0, 0, 1, 0, 0, 0, 0]",2,0,0,,0.625,8
1051,9a979f25-8861-11f1-9d9c-b48c9db4e1b4,11,"[1, 0, 0, 1, 0, 0, 0, 0]",3,1,1,,0.625,8
1052,9a979f25-8861-11f1-9d9c-b48c9db4e1b4,11,"[1, 0, 0, 1, 0, 0, 0, 0]",4,0,0,,0.625,8
1053,9a979f25-8861-11f1-9d9c-b48c9db4e1b4,11,"[1, 0, 0, 1, 0, 0, 0, 0]",5,0,0,,0.625,8
1054,9a979f25-8861-11f1-9d9c-b48c9db4e1b4,11,"[1, 0, 0, 1, 0, 0, 0, 0]",6,0,0,,0.625,8
1055,9a979f25-8861-11f1-9d9c-b48c9db4e1b4,11,"[1, 0, 0, 1, 0, 0, 0, 0]",7,0,0,,0.625,8
1056,9a979f25-8861-11f1-9d9c-b48c9db4e1b4,12,"[0, 0, 0, 1, 0, 0, 0, 1]",0,0,0,,0.625,8
1057,9a979f25-8861-11f1-9d9c-b48c9db4e1b4,12,"[0, 0, 0, 1, 0, 0, 0, 1]",1,0,0,,0.625,8
1058,9a979f25-8861-11f1-9d9c-b48c9db4e1b4,12,"[0, 0, 0, 1, 0, 0, 0, 1]",2,0,0,,0.625,8
1059,9a979f25-8861-11f1-9d9c-b48c9db4e1b4,12,"[0, 0, 0, 1, 0, 0, 0, 1]",3,1,1,,0.625,8
1060,9a979f25-8861-11f1-9d9c-b48c9db4e1b4,12,"[0, 0, 0, 1, 0, 0, 0, 1]",4,0,0,,0.625,8
1061,9a979f25-8861-11f1-9d9c-b48c9db4e1b4,12,"[0, 0, 0, 1, 0, 0, 0, 1]",5,0,0,,0.625,8
1062,9a979f25-8861-11f1-9d9c-b48c9db4e1b4,12,"[0, 0, 0, 1, 0, 0, 0, 1]",6,0,0,,0.625,8
1063,9a979f25-8861-11f1-9d9c-b48c9db4e1b4,12,"[0, 0, 0, 1, 0, 0, 0, 1]",7,1,1,,0.625,8
1064,9a979f25-8861-11f1-9d9c-b48c9db4e1b4,13,"[0, 1, 1, 0, 1, 0, 0, 0]",0,0,0,,0.625,8
1065,9a979f25-8861-11f1-9d9c-b48c9db4e1b4,13,"[0, 1, 1, 0, 1, 0, 0, 0]",1,1,1,,0.625,8
1066,9a979f25-8861-11f1-9d9c-b48c9db4e1b4,13,"[0, 1, 1, 0, 1, 0, 0, 0]",2,1,1,,0.625,8
1067,9a979f25-8861-11f1-9d9c-b48c9db4e1b4,13,"[0, 1, 1, 0, 1, 0, 0, 0]",3,0,0,,0.625,8
1068,9a979f25-8861-11f1-9d9c-b48c9db4e1b4,13,"[0, 1, 1, 0, 1, 0, 0, 0]",4,1,1,,0.625,8
1069,9a979f25-8861-11f1-9d9c-b48c9db4e1b4,13,"[0, 1, 1, 0, 1, 0, 0, 0]",5,0,0,,0.625,8
1070,9a979f25-8861-11f1-9d9c-b48c9db4e1b4,13,"[0, 1, 1, 0, 1, 0, 0, 0]",6,0,0,,0.625,8
1071,9a979f25-8861-11f1-9d9c-b48c9db4e1b4,13,"[0, 1, 1, 0, 1, 0, 0, 0]",7,0,0,,0.625,8
1072,9a979f25-8861-11f1-9d9c-b48c9db4e1b4,14,"[1, 1, 1, 0, 0, 0, 0, 0]",0,1,1,,0.625,8
1073,9a979f25-8861-11f1-9d9c-b48c9db4e1b4,14,"[1, 1, 1, 0, 0, 0, 0, 0]",1,1,1,,0.625,8
1074,9a979f25-8861-11f1-9d9c-b48c9db4e1b4,14,"[1, 1, 1, 0, 0, 0, 0, 0]",2,1,1,,0.625,8
1075,9a979f25-8861-11f1-9d9c-b48c9db4e1b4,14,"[1, 1, 1, 0, 0, 0, 0, 0]",3,0,0,,0.625,8
1076,9a979f25-8861-11f1-9d9c-b48c9db4e1b4,14,"[1, 1, 1, 0, 0, 0, 0, 0]",4,0,0,,0.625,8
1077,9a979f25-8861-11f1-9d9c-b48c9db4e1b4,14,"[1, 1, 1, 0, 0, 0, 0, 0]",5,0,0,,0.625,8
1078,9a979f25-8861-11f1-9d9c-b48c9db4e1b4,14,"[1, 1, 1, 0, 0, 0, 0, 0]",6,0,0,,0.625,8
1079,9a979f25-8861-11f1-9d9c-b48c9db4e1b4,14,"[1, 1, 1, 0, 0, 0, 0, 0]",7,0,0,,0.625,8
1080,9a979f25-8861-11f1-9d9c-b48c9db4e1b4,15,"[1, 1, 0, 1, 1, 0, 0, 0]",0,1,1,,0.625,8
1081,9a979f25-8861-11f1-9d9c-b48c9db4e1b4,15,"[1, 1, 0, 1, 1, 0, 0, 0]",1,1,1,,0.625,8
1082,9a979f25-8861-11f1-9d9c-b48c9db4e1b4,15,"[1, 1, 0, 1, 1, 0, 0, 0]",2,0,0,,0.625,8
1083,9a979f25-8861-11f1-9d9c-b48c9db4e1b4,15,"[1, 1, 0, 1, 1, 0, 0, 0]",3,1,1,,0.625,8
1084,9a979f25-8861-11f1-9d9c-b48c9db4e1b4,15,"[1, 1, 0, 1, 1, 0, 0, 0]",4,1,1,,0.625,8
1085,9a979f25-8861-11f1-9d9c-b48c9db4e1b4,15,"[1, 1, 0, 1, 1, 0, 0, 0]",5,0,0,,0.625,8
1086,9a979f25-8861-11f1-9d9c-b48c9db4e1b4,15,"[1, 1, 0, 1, 1, 0, 0, 0]",6,0,0,,0.625,8
1087,9a979f25-8861-11f1-9d9c-b48c9db4e1b4,15,"[1, 1, 0, 1, 1, 0, 0, 0]",7,0,0,,0.625,8
1088,9a979f25-8861-11f1-9d9c-b48c9db4e1b4,16,"[0, 1, 1, 0, 0, 1, 1, 0]",0,0,0,,0.625,8
1089,9a979f25-8861-11f1-9d9c-b48c9db4e1b4,16,"[0, 1, 1, 0, 0, 1, 1, 0]",1,1,1,,0.625,8
1090,9a979f25-8861-11f1-9d9c-b48c9db4e1b4,16,"[0, 1, 1, 0, 0, 1, 1, 0]",2,1,1,,0.625,8
1091,9a979f25-8861-11f1-9d9c-b48c9db4e1b4,16,"[0, 1, 1, 0, 0, 1, 1, 0]",3,0,0,,0.625,8
1092,9a979f25-8861-11f1-9d9c-b48c9db4e1b4,16,"[0, 1, 1, 0, 0, 1, 1, 0]",4,0,0,,0.625,8
1093,9a979f25-8861-11f1-9d9c-b48c9db4e1b4,16,"[0, 1, 1, 0, 0, 1, 1, 0]",5,1,1,,0.625,8
1094,9a979f25-8861-11f1-9d9c-b48c9db4e1b4,16,"[0, 1, 1, 0, 0, 1, 1, 0]",6,1,1,,0.625,8
1095,9a979f25-8861-11f1-9d9c-b48c9db4e1b4,16,"[0, 1, 1, 0, 0, 1, 1, 0]",7,0,0,,0.625,8
1096,9a979f25-8861-11f1-9d9c-b48c9db4e1b4,17,"[0, 0, 0, 0, 1, 1, 1, 1]",0,0,0,,0.625,8
1097,9a979f25-8861-11f1-9d9c-b48c9db4e1b4,17,"[0, 0, 0, 0, 1, 1, 1, 1]",1,0,0,,0.625,8
1098,9a979f25-8861-11f1-9d9c-b48c9db4e1b4,17,"[0, 0, 0, 0, 1, 1, 1, 1]",2,0,0,,0.625,8
1099,9a979f25-8861-11f1-9d9c-b48c9db4e1b4,17,"[0, 0, 0, 0, 1, 1, 1, 1]",3,0,0,,0.625,8
1100,9a979f25-8861-11f1-9d9c-b48c9db4e1b4,17,"[0, 0, 0, 0, 1, 1, 1, 1]",4,1,1,,0.625,8
1101,9a979f25-8861-11f1-9d9c-b48c9db4e1b4,17,"[0, 0, 0, 0, 1, 1, 1, 1]",5,1,1,,0.625,8
1102,9a979f25-8861-11f1-9d9c-b48c9db4e1b4,17,"[0, 0, 0, 0, 1, 1, 1, 1]",6,1,1,,0.625,8
1103,9a979f25-8861-11f1-9d9c-b48c9db4e1b4,17,"[0, 0, 0, 0, 1, 1, 1, 1]",7,1,1,,0.625,8
1104,9a979f25-8861-11f1-9d9c-b48c9db4e1b4,18,"[0, 1, 1, 0, 1, 1, 1, 0]",0,0,0,,0.625,8
1105,9a979f25-8861-11f1-9d9c-b48c9db4e1b4,18,"[0, 1, 1, 0, 1, 1, 1, 0]",1,1,1,,0.625,8
1106,9a979f25-8861-11f1-9d9c-b48c9db4e1b4,18,"[0, 1, 1, 0, 1, 1, 1, 0]",2,1,1,,0.625,8
1107,9a979f25-8861-11f1-9d9c-b48c9db4e1b4,18,"[0, 1, 1, 0, 1, 1, 1, 0]",3,0,0,,0.625,8
1108,9a979f25-8861-11f1-9d9c-b48c9db4e1b4,18,"[0, 1, 1, 0, 1, 1, 1, 0]",4,1,1,,0.625,8
1109,9a979f25-8861-11f1-9d9c-b48c9db4e1b4,18,"[0, 1, 1, 0, 1, 1, 1, 0]",5,1,1,,0.625,8
1110,9a979f25-8861-11f1-9d9c-b48c9db4e1b4,18,"[0, 1, 1, 0, 1, 1, 1, 0]",6,1,1,,0.625,8
1111,9a979f25-8861-11f1-9d9c-b48c9db4e1b4,18,"[0, 1, 1, 0, 1, 1, 1, 0]",7,0,0,,0.625,8
1112,9a979f25-8861-11f1-9d9c-b48c9db4e1b4,19,"[1, 1, 1, 0, 0, 0, 0, 1]",0,1,1,,0.625,8
1113,9a979f25-8861-11f1-9d9c-b48c9db4e1b4,19,"[1, 1, 1, 0, 0, 0, 0, 1]",1,1,1,,0.625,8
1114,9a979f25-8861-11f1-9d9c-b48c9db4e1b4,19,"[1, 1, 1, 0, 0, 0, 0, 1]",2,1,1,,0.625,8
1115,9a979f25-8861-11f1-9d9c-b48c9db4e1b4,19,"[1, 1, 1, 0, 0, 0, 0, 1]",3,0,0,,0.625,8
1116,9a979f25-8861-11f1-9d9c-b48c9db4e1b4,19,"[1, 1, 1, 0, 0, 0, 0, 1]",4,0,0,,0.625,8
1117,9a979f25-8861-11f1-9d9c-b48c9db4e1b4,19,"[1, 1, 1, 0, 0, 0, 0, 1]",5,0,0,,0.625,8
1118,9a979f25-8861-11f1-9d9c-b48c9db4e1b4,19,"[1, 1, 1, 0, 0, 0, 0, 1]",6,0,0,,0.625,8
1119,9a979f25-8861-11f1-9d9c-b48c9db4e1b4,19,"[1, 1, 1, 0, 0, 0, 0, 1]",7,1,1,,0.625,8
1120,9a9a92a2-8861-11f1-a8a4-b48c9db4e1b4,0,"[1, 1, 0, 1, 1, 1, 0, 1]",0,1,-1,,0.625,8
1121,9a9a92a2-8861-11f1-a8a4-b48c9db4e1b4,0,"[1, 1, 0, 1, 1, 1, 0, 1]",1,1,-1,,0.625,8
1122,9a9a92a2-8861-11f1-a8a4-b48c9db4e1b4,0,"[1, 1, 0, 1, 1, 1, 0, 1]",2,0,0,,0.625,8
1123,9a9a92a2-8861-11f1-a8a4-b48c9db4e1b4,0,"[1, 1, 0, 1, 1, 1, 0, 1]",3,1,-1,,0.625,8
1124,9a9a92a2-8861-11f1-a8a4-b48c9db4e1b4,0,"[1, 1, 0, 1, 1, 1, 0, 1]",4,1,-1,,0.625,8
1125,9a9a92a2-8861-11f1-a8a4-b48c9db4e1b4,0,"[1, 1, 0, 1, 1, 1, 0, 1]",5,1,-1,,0.625,8
1126,9a9a92a2-8861-11f1-a8a4-b48c9db4e1b4,0,"[1, 1, 0, 1, 1, 1, 0, 1]",6,0,0,,0.625,8
1127,9a9a92a2-8861-11f1-a8a4-b48c9db4e1b4,0,"[1, 1, 0, 1, 1, 1, 0, 1]",7,1,-1,,0.625,8
1128,9a9a92a2-8861-11f1-a8a4-b48c9db4e1b4,1,"[0, 1, 1, 1, 0, 1, 1, 1]",0,0,0,,0.625,8
1129,9a9a92a2-8861-11f1-a8a4-b48c9db4e1b4,1,"[0, 1, 1, 1, 0, 1, 1, 1]",1,1,-1,,0.625,8
1130,9a9a92a2-8861-11f1-a8a4-b48c9db4e1b4,1,"[0, 1, 1, 1, 0, 1, 1, 1]",2,1,-1,,0.625,8
1131,9a9a92a2-8861-11f1-a8a4-b48c9db4e1b4,1,"[0, 1, 1, 1, 0, 1, 1, 1]",3,1,-1,,0.625,8
1132,9a9a92a2-8861-11f1-a8a4-b48c9db4e1b4,1,"[0, 1, 1, 1, 0, 1, 1, 1]",4,0,0,,0.625,8
1133,9a9a92a2-8861-11f1-a8a4-b48c9db4e1b4,1,"[0, 1, 1, 1, 0, 1, 1, 1]",5,1,-1,,0.625,8
1134,9a9a92a2-8861-11f1-a8a4-b48c9db4e1b4,1,"[0, 1, 1, 1, 0, 1, 1, 1]",6,1,-1,,0.625,8
1135,9a9a92a2-8861-11f1-a8a4-b48c9db4e1b4,1,"[0, 1, 1, 1, 0, 1, 1, 1]",7,1,-1,,0.625,8
1136,9a9a92a2-8861-11f1-a8a4-b48c9db4e1b4,2,"[0, 1, 0, 1, 0, 1, 0, 1]",0,0,0,,0.625,8
1137,9a9a92a2-8861-11f1-a8a4-b48c9db4e1b4,2,"[0, 1, 0, 1, 0, 1, 0, 1]",1,1,1,,0.625,8
1138,9a9a92a2-8861-11f1-a8a4-b48c9db4e1b4,2,"[0, 1, 0, 1, 0, 1, 0, 1]",2,0,0,,0.625,8
1139,9a9a92a2-8861-11f1-a8a4-b48c9db4e1b4,2,"[0, 1, 0, 1, 0, 1, 0, 1]",3,1,1,,0.625,8
1140,9a9a92a2-8861-11f1-a8a4-b48c9db4e1b4,2,"[0, 1, 0, 1, 0, 1, 0, 1]",4,0,0,,0.625,8
1141,9a9a92a2-8861-11f1-a8a4-b48c9db4e1b4,2,"[0, 1, 0, 1, 0, 1, 0, 1]",5,1,1,,0.625,8
1142,9a9a92a2-8861-11f1-a8a4-b48c9db4e1b4,2,"[0, 1, 0, 1, 0, 1, 0, 1]",6,0,0,,0.625,8
1143,9a9a92a2-8861-11f1-a8a4-b48c9db4e1b4,2,"[0, 1, 0, 1, 0, 1, 0, 1]",7,1,1,,0.625,8
1144,9a9a92a2-8861-11f1-a8a4-b48c9db4e1b4,3,"[0, 1, 0, 0, 0, 1, 0, 0]",0,0,0,,0.625,8
1145,9a9a92a2-8861-11f1-a8a4-b48c9db4e1b4,3,"[0, 1, 0, 0, 0, 1, 0, 0]",1,1,1,,0.625,8
1146,9a9a92a2-8861-11f1-a8a4-b48c9db4e1b4,3,"[0, 1, 0, 0, 0, 1, 0, 0]",2,0,0,,0.625,8
1147,9a9a92a2-8861-11f1-a8a4-b48c9db4e1b4,3,"[0, 1, 0, 0, 0, 1, 0, 0]",3,0,0,,0.625,8
1148,9a9a92a2-8861-11f1-a8a4-b48c9db4e1b4,3,"[0, 1, 0, 0, 0, 1, 0, 0]",4,0,0,,0.625,8
1149,9a9a92a2-8861-11f1-a8a4-b48c9db4e1b4,3,"[0, 1, 0, 0, 0, 1, 0, 0]",5,1,1,,0.625,8
1150,9a9a92a2-8861-11f1-a8a4-b48c9db4e1b4,3,"[0, 1, 0, 0, 0, 1, 0, 0]",6,0,0,,0.625,8
1151,9a9a92a2-8861-11f1-a8a4-b48c9db4e1b4,3,"[0, 1, 0, 0, 0, 1, 0, 0]",7,0,0,,0.625,8
1152,9a9a92a2-8861-11f1-a8a4-b48c9db4e1b4,4,"[1, 1, 1, 1, 1, 1, 0, 0]",0,1,-1,,0.625,8
1153,9a9a92a2-8861-11f1-a8a4-b48c9db4e1b4,4,"[1, 1, 1, 1, 1, 1, 0, 0]",1,1,-1,,0.625,8
1154,9a9a92a2-8861-11f1-a8a4-b48c9db4e1b4,4,"[1, 1, 1, 1, 1, 1, 0, 0]",2,1,-1,,0.625,8
1155,9a9a92a2-8861-11f1-a8a4-b48c9db4e1b4,4,"[1, 1, 1, 1, 1, 1, 0, 0]",3,1,-1,,0.625,8
1156,9a9a92a2-8861-11f1-a8a4-b48c9db4e1b4,4,"[1, 1, 1, 1, 1, 1, 0, 0]",4,1,-1,,0.625,8
1157,9a9a92a2-8861-11f1-a8a4-b48c9db4e1b4,4,"[1, 1, 1, 1, 1, 1, 0, 0]",5,1,-1,,0.625,8
1158,9a9a92a2-8861-11f1-a8a4-b48c9db4e1b4,4,"[1, 1, 1, 1, 1, 1, 0, 0]",6,0,0,,0.625,8
1159,9a9a92a2-8861-11f1-a8a4-b48c9db4e1b4,4,"[1, 1, 1, 1, 1, 1, 0, 0]",7,0,0,,0.625,8
1160,9a9a92a2-8861-11f1-a8a4-b48c9db4e1b4,5,"[1, 1, 0, 0, 0, 0, 1, 1]",0,1,1,,0.625,8
1161,9a9a92a2-8861-11f1-a8a4-b48c9db4e1b4,5,"[1, 1, 0, 0, 0, 0, 1, 1]",1,1,1,,0.625,8
1162,9a9a92a2-8861-11f1-a8a4-b48c9db4e1b4,5,"[1, 1, 0, 0, 0, 0, 1, 1]",2,0,0,,0.625,8
1163,9a9a92a2-8861-11f1-a8a4-b48c9db4e1b4,5,"[1, 1, 0, 0, 0, 0, 1, 1]",3,0,0,,0.625,8
1164,9a9a92a2-8861-11f1-a8a4-b48c9db4e1b4,5,"[1, 1, 0, 0, 0, 0, 1, 1]",4,0,0,,0.625,8
1165,9a9a92a2-8861-11f1-a8a4-b48c9db4e1b4,5,"[1, 1, 0, 0, 0, 0, 1, 1]",5,0,0,,0.625,8
1166,9a9a92a2-8861-11f1-a8a4-b48c9db4e1b4,5,"[1, 1, 0, 0, 0, 0, 1, 1]",6,1,1,,0.625,8
1167,9a9a92a2-8861-11f1-a8a4-b48c9db4e1b4,5,"[1, 1, 0, 0, 0, 0, 1, 1]",7,1,1,,0.625,8
1168,9a9a92a2-8861-11f1-a8a4-b48c9db4e1b4,6,"[0, 1, 1, 1, 1, 0, 1, 1]",0,0,0,,0.625,8
1169,9a9a92a2-8861-11f1-a8a4-b48c9db4e1b4,6,"[0, 1, 1, 1, 1, 0, 1, 1]",1,1,-1,,0.625,8
1170,9a9a92a2-8861-11f1-a8a4-b48c9db4e1b4,6,"[0, 1, 1, 1, 1, 0, 1, 1]",2,1,-1,,0.625,8
1171,9a9a92a2-8861-11f1-a8a4-b48c9db4e1b4,6,"[0, 1, 1, 1, 1, 0, 1, 1]",3,1,-1,,0.625,8
1172,9a9a92a2-8861-11f1-a8a4-b48c9db4e1b4,6,"[0, 1, 1, 1, 1, 0, 1, 1]",4,1,-1,,0.625,8
1173,9a9a92a2-8861-11f1-a8a4-b48c9db4e1b4,6,"[0, 1, 1, 1, 1, 0, 1, 1]",5,0,0,,0.625,8
1174,9a9a92a2-8861-11f1-a8a4-b48c9db4e1b4,6,"[0, 1, 1, 1, 1, 0, 1, 1]",6,1,-1,,0.625,8
1175,9a9a92a2-8861-11f1-a8a4-b48c9db4e1b4,6,"[0, 1, 1, 1, 1, 0, 1, 1]",7,1,-1,,0.625,8
1176,9a9a92a2-8861-11f1-a8a4-b48c9db4e1b4,7,"[0, 0, 0, 0, 1, 1, 0, 0]",0,0,0,,0.625,8
1177,9a9a92a2-8861-11f1-a8a4-b48c9db4e1b4,7,"[0, 0, 0, 0, 1, 1, 0, 0]",1,0,0,,0.625,8
1178,9a9a92a2-8861-11f1-a8a4-b48c9db4e1b4,7,"[0, 0, 0, 0, 1, 1, 0, 0]",2,0,0,,0.625,8
1179,9a9a92a2-8861-11f1-a8a4-b48c9db4e1b4,7,"[0, 0, 0, 0, 1, 1, 0, 0]",3,0,0,,0.625,8
1180,9a9a92a2-8861-11f1-a8a4-b48c9db4e1b4,7,"[0, 0, 0, 0, 1, 1, 0, 0]",4,1,1,,0.625,8
1181,9a9a92a2-8861-11f1-a8a4-b48c9db4e1b4,7,"[0, 0, 0, 0, 1, 1, 0, 0]",5,1,1,,0.625,8
1182,9a9a92a2-8861-11f1-a8a4-b48c9db4e1b4,7,"[0, 0, 0, 0, 1, 1, 0, 0]",6,0,0,,0.625,8
1183,9a9a92a2-8861-11f1-a8a4-b48c9db4e1b4,7,"[0, 0, 0, 0, 1, 1, 0, 0]",7,0,0,,0.625,8
1184,9a9a92a2-8861-11f1-a8a4-b48c9db4e1b4,8,"[0, 0, 1, 1, 0, 1, 1, 1]",0,0,0,,0.625,8
1185,9a9a92a2-8861-11f1-a8a4-b48c9db4e1b4,8,"[0, 0, 1, 1, 0, 1, 1, 1]",1,0,0,,0.625,8
1186,9a9a92a2-8861-11f1-a8a4-b48c9db4e1b4,8,"[0, 0, 1, 1, 0, 1, 1, 1]",2,1,1,,0.625,8
1187,9a9a92a2-8861-11f1-a8a4-b48c9db4e1b4,8,"[0, 0, 1, 1, 0, 1, 1, 1]",3,1,1,,0.625,8
1188,9a9a92a2-8861-11f1-a8a4-b48c9db4e1b4,8,"[0, 0, 1, 1, 0, 1, 1, 1]",4,0,0,,0.625,8
1189,9a9a92a2-8861-11f1-a8a4-b48c9db4e1b4,8,"[0, 0, 1, 1, 0, 1, 1, 1]",5,1,1,,0.625,8
1190,9a9a92a2-8861-11f1-a8a4-b48c9db4e1b4,8,"[0, 0, 1, 1, 0, 1, 1, 1]",6,1,1,,0.625,8
1191,9a9a92a2-8861-11f1-a8a4-b48c9db4e1b4,8,"[0, 0, 1, 1, 0, 1, 1, 1]",7,1,1,,0.625,8
1192,9a9a92a2-8861-11f1-a8a4-b48c9db4e1b4,9,"[1, 0, 1, 0, 1, 1, 1, 0]",0,1,1,,0.625,8
1193,9a9a92a2-8861-11f1-a8a4-b48c9db4e1b4,9,"[1, 0, 1, 0, 1, 1, 1, 0]",1,0,0,,0.625,8
1194,9a9a92a2-8861-11f1-a8a4-b48c9db4e1b4,9,"[1, 0, 1, 0, 1, 1, 1, 0]",2,1,1,,0.625,8
1195,9a9a92a2-8861-11f1-a8a4-b48c9db4e1b4,9,"[1, 0, 1, 0, 1, 1, 1, 0]",3,0,0,,0.625,8
1196,9a9a92a2-8861-11f1-a8a4-b48c9db4e1b4,9,"[1, 0, 1, 0, 1, 1, 1, 0]",4,1,1,,0.625,8
1197,9a9a92a2-8861-11f1-a8a4-b48c9db4e1b4,9,"[1, 0, 1, 0, 1, 1, 1, 0]",5,1,1,,0.625,8
1198,9a9a92a2-8861-11f1-a8a4-b48c9db4e1b4,9,"[1, 0, 1, 0, 1, 1, 1, 0]",6,1,1,,0.625,8
1199,9a9a92a2-8861-11f1-a8a4-b48c9db4e1b4,9,"[1, 0, 1, 0, 1, 1, 1, 0]",7,0,0,,0.625,8
1200,9a9a92a2-8861-11f1-a8a4-b48c9db4e1b4,10,"[0, 0, 0, 0, 0, 1, 1, 1]",0,0,0,,0.625,8
1201,9a9a92a2-8861-11f1-a8a4-b48c9db4e1b4,10,"[0, 0, 0, 0, 0, 1, 1, 1]",1,0,0,,0.625,8
1202,9a9a92a2-8861-11f1-a8a4-b48c9db4e1b4,10,"[0, 0, 0, 0, 0, 1, 1, 1]",2,0,0,,0.625,8
1203,9a9a92a2-8861-11f1-a8a4-b48c9db4e1b4,10,"[0, 0, 0, 0, 0, 1, 1, 1]",3,0,0,,0.625,8
1204,9a9a92a2-8861-11f1-a8a4-b48c9db4e1b4,10,"[0, 0, 0, 0, 0, 1, 1, 1]",4,0,0,,0.625,8
1205,9a9a92a2-8861-11f1-a8a4-b48c9db4e1b4,10,"[0, 0, 0, 0, 0, 1, 1, 1]",5,1,1,,0.625,8
1206,9a9a92a2-8861-11f1-a8a4-b48c9db4e1b4,10,"[0, 0, 0, 0, 0, 1, 1, 1]",6,1,1,,0.625,8
1207,9a9a92a2-8861-11f1-a8a4-b48c9db4e1b4,10,"[0, 0, 0, 0, 0, 1, 1, 1]",7,1,1,,0.625,8
1208,9a9a92a2-8861-11f1-a8a4-b48c9db4e1b4,11,"[1, 0, 1, 0, 0, 1, 1, 0]",0,1,1,,0.625,8
1209,9a9a92a2-8861-11f1-a8a4-b48c9db4e1b4,11,"[1, 0, 1, 0, 0, 1, 1, 0]",1,0,0,,0.625,8
1210,9a9a92a2-8861-11f1-a8a4-b48c9db4e1b4,11,"[1, 0, 1, 0, 0, 1, 1, 0]",2,1,1,,0.625,8
1211,9a9a92a2-8861-11f1-a8a4-b48c9db4e1b4,11,"[1, 0, 1, 0, 0, 1, 1, 0]",3,0,0,,0.625,8
1212,9a9a92a2-8861-11f1-a8a4-b48c9db4e1b4,11,"[1, 0, 1, 0, 0, 1, 1, 0]",4,0,0,,0.625,8
1213,9a9a92a2-8861-11f1-a8a4-b48c9db4e1b4,11,"[1, 0, 1, 0, 0, 1, 1, 0]",5,1,1,,0.625,8
1214,9a9a92a2-8861-11f1-a8a4-b48c9db4e1b4,11,"[1, 0, 1, 0, 0, 1, 1, 0]",6,1,1,,0.625,8
1215,9a9a92a2-8861-11f1-a8a4-b48c9db4e1b4,11,"[1, 0, 1, 0, 0, 1, 1, 0]",7,0,0,,0.625,8
1216,9a9a92a2-8861-11f1-a8a4-b48c9db4e1b4,12,"[0, 1, 1, 0, 1, 1, 1, 1]",0,0,0,,0.625,8
1217,9a9a92a2-8861-11f1-a8a4-b48c9db4e1b4,12,"[0, 1, 1, 0, 1, 1, 1, 1]",1,1,-1,,0.625,8
1218,9a9a92a2-8861-11f1-a8a4-b48c9db4e1b4,12,"[0, 1, 1, 0, 1, 1, 1, 1]",2,1,-1,,0.625,8
1219,9a9a92a2-8861-11f1-a8a4-b48c9db4e1b4,12,"[0, 1, 1, 0, 1, 1, 1, 1]",3,0,0,,0.625,8
1220,9a9a92a2-8861-11f1-a8a4-b48c9db4e1b4,12,"[0, 1, 1, 0, 1, 1, 1, 1]",4,1,-1,,0.625,8
1221,9a9a92a2-8861-11f1-a8a4-b48c9db4e1b4,12,"[0, 1, 1, 0, 1, 1, 1, 1]",5,1,-1,,0.625,8
1222,9a9a92a2-8861-11f1-a8a4-b48c9db4e1b4,12,"[0, 1, 1, 0, 1, 1, 1, 1]",6,1,-1,,0.625,8
1223,9a9a92a2-8861-11f1-a8a4-b48c9db4e1b4,12,"[0, 1, 1, 0, 1, 1, 1, 1]",7,1,-1,,0.625,8
1224,9a9a92a2-8861-11f1-a8a4-b48c9db4e1b4,13,"[1, 0, 1, 0, 1, 0, 0, 1]",0,1,1,,0.625,8
1225,9a9a92a2-8861-11f1-a8a4-b48c9db4e1b4,13,"[1, 0, 1, 0, 1, 0, 0, 1]",1,0,0,,0.625,8
1226,9a9a92a2-8861-11f1-a8a4-b48c9db4e1b4,13,"[1, 0, 1, 0, 1, 0, 0, 1]",2,1,1,,0.625,8
1227,9a9a92a2-8861-11f1-a8a4-b48c9db4e1b4,13,"[1, 0, 1, 0, 1, 0, 0, 1]",3,0,0,,0.625,8
1228,9a9a92a2-8861-11f1-a8a4-b48c9db4e1b4,13,"[1, 0, 1, 0, 1, 0, 0, 1]",4,1,1,,0.625,8
1229,9a9a92a2-8861-11f1-a8a4-b48c9db4e1b4,13,"[1, 0, 1, 0, 1, 0, 0, 1]",5,0,0,,0.625,8
1230,9a9a92a2-8861-11f1-a8a4-b48c9db4e1b4,13,"[1, 0, 1, 0, 1, 0, 0, 1]",6,0,0,,0.625,8
1231,9a9a92a2-8861-11f1-a8a4-b48c9db4e1b4,13,"[1, 0, 1, 0, 1, 0, 0, 1]",7,1,1,,0.625,8
1232,9a9a92a2-8861-11f1-a8a4-b48c9db4e1b4,14,"[0, 0, 0, 0, 0, 0, 0, 1]",0,0,0,,0.625,8
1233,9a9a92a2-8861-11f1-a8a4-b48c9db4e1b4,14,"[0, 0, 0, 0, 0, 0, 0, 1]",1,0,0,,0.625,8
1234,9a9a92a2-8861-11f1-a8a4-b48c9db4e1b4,14,"[0, 0, 0, 0, 0, 0, 0, 1]",2,0,0,,0.625,8
1235,9a9a92a2-8861-11f1-a8a4-b48c9db4e1b4,14,"[0, 0, 0, 0, 0, 0, 0, 1]",3,0,0,,0.625,8
1236,9a9a92a2-8861-11f1-a8a4-b48c9db4e1b4,14,"[0, 0, 0, 0, 0, 0, 0, 1]",4,0,0,,0.625,8
1237,9a9a92a2-8861-11f1-a8a4-b48c9db4e1b4,14,"[0, 0, 0, 0, 0, 0, 0, 1]",5,0,0,,0.625,8
1238,9a9a92a2-8861-11f1-a8a4-b48c9db4e1b4,14,"[0, 0, 0, 0, 0, 0, 0, 1]",6,0,0,,0.625,8
1239,9a9a92a2-8861-11f1-a8a4-b48c9db4e1b4,14,"[0, 0, 0, 0, 0, 0, 0, 1]",7,1,1,,0.625,8
1240,9a9a92a2-8861-11f1-a8a4-b48c9db4e1b4,15,"[0, 0, 0, 0, 0, 1, 1, 0]",0,0,0,,0.625,8
1241,9a9a92a2-8861-11f1-a8a4-b48c9db4e1b4,15,"[0, 0, 0, 0, 0, 1, 1, 0]",1,0,0,,0.625,8
1242,9a9a92a2-8861-11f1-a8a4-b48c9db4e1b4,15,"[0, 0, 0, 0, 0, 1, 1, 0]",2,0,0,,0.625,8
1243,9a9a92a2-8861-11f1-a8a4-b48c9db4e1b4,15,"[0, 0, 0, 0, 0, 1, 1, 0]",3,0,0,,0.625,8
1244,9a9a92a2-8861-11f1-a8a4-b48c9db4e1b4,15,"[0, 0, 0, 0, 0, 1, 1, 0]",4,0,0,,0.625,8
1245,9a9a92a2-8861-11f1-a8a4-b48c9db4e1b4,15,"[0, 0, 0, 0, 0, 1, 1, 0]",5,1,1,,0.625,8
1246,9a9a92a2-8861-11f1-a8a4-b48c9db4e1b4,15,"[0, 0, 0, 0, 0, 1, 1, 0]",6,1,1,,0.625,8
1247,9a9a92a2-8861-11f1-a8a4-b48c9db4e1b4,15,"[0, 0, 0, 0, 0, 1, 1, 0]",7,0,0,,0.625,8
1248,9a9a92a2-8861-11f1-a8a4-b48c9db4e1b4,16,"[0, 1, 1, 1, 1, 1, 0, 0]",0,0,0,,0.625,8
1249,9a9a92a2-8861-11f1-a8a4-b48c9db4e1b4,16,"[0, 1, 1, 1, 1, 1, 0, 0]",1,1,1,,0.625,8
1250,9a9a92a2-8861-11f1-a8a4-b48c9db4e1b4,16,"[0, 1, 1, 1, 1, 1, 0, 0]",2,1,1,,0.625,8
1251,9a9a92a2-8861-11f1-a8a4-b48c9db4e1b4,16,"[0, 1, 1, 1, 1, 1, 0, 0]",3,1,1,,0.625,8
1252,9a9a92a2-8861-11f1-a8a4-b48c9db4e1b4,16,"[0, 1, 1, 1, 1, 1, 0, 0]",4,1,1,,0.625,8
1253,9a9a92a2-8861-11f1-a8a4-b48c9db4e1b4,16,"[0, 1, 1, 1, 1, 1, 0, 0]",5,1,1,,0.625,8
1254,9a9a92a2-8861-11f1-a8a4-b48c9db4e1b4,16,"[0, 1, 1, 1, 1, 1, 0, 0]",6,0,0,,0.625,8
1255,9a9a92a2-8861-11f1-a8a4-b48c9db4e1b4,16,"[0, 1, 1, 1, 1, 1, 0, 0]",7,0,0,,0.625,8
1256,9a9a92a2-8861-11f1-a8a4-b48c9db4e1b4,17,"[0, 1, 0, 0, 1, 0, 0, 1]",0,0,0,,0.625,8
1257,9a9a92a2-8861-11f1-a8a4-b48c9db4e1b4,17,"[0, 1, 0, 0, 1, 0, 0, 1]",1,1,1,,0.625,8
1258,9a9a92a2-8861-11f1-a8a4-b48c9db4e1b4,17,"[0, 1, 0, 0, 1, 0, 0, 1]",2,0,0,,0.625,8
1259,9a9a92a2-8861-11f1-a8a4-b48c9db4e1b4,17,"[0, 1, 0, 0, 1, 0, 0, 1]",3,0,0,,0.625,8
1260,9a9a92a2-8861-11f1-a8a4-b48c9db4e1b4,17,"[0, 1, 0, 0, 1, 0, 0, 1]",4,1,1,,0.625,8
1261,9a9a92a2-8861-11f1-a8a4-b48c9db4e1b4,17,"[0, 1, 0, 0, 1, 0, 0, 1]",5,0,0,,0.625,8
1262,9a9a92a2-8861-11f1-a8a4-b48c9db4e1b4,17,"[0, 1, 0, 0, 1, 0, 0, 1]",6,0,0,,0.625,8
1263,9a9a92a2-8861-11f1-a8a4-b48c9db4e1b4,17,"[0, 1, 0, 0, 1, 0, 0, 1]",7,1,1,,0.625,8
1264,9a9a92a2-8861-11f1-a8a4-b48c9db4e1b4,18,"[1, 1, 0, 0, 0, 0, 1, 0]",0,1,1,,0.625,8
1265,9a9a92a2-8861-11f1-a8a4-b48c9db4e1b4,18,"[1, 1, 0, 0, 0, 0, 1, 0]",1,1,1,,0.625,8
1266,9a9a92a2-8861-11f1-a8a4-b48c9db4e1b4,18,"[1, 1, 0, 0, 0, 0, 1, 0]",2,0,0,,0.625,8
1267,9a9a92a2-8861-11f1-a8a4-b48c9db4e1b4,18,"[1, 1, 0, 0, 0, 0, 1, 0]",3,0,0,,0.625,8
1268,9a9a92a2-8861-11f1-a8a4-b48c9db4e1b4,18,"[1, 1, 0, 0, 0, 0, 1, 0]",4,0,0,,0.625,8
1269,9a9a92a2-8861-11f1-a8a4-b48c9db4e1b4,18,"[1, 1, 0, 0, 0, 0, 1, 0]",5,0,0,,0.625,8
1270,9a9a92a2-8861-11f1-a8a4-b48c9db4e1b4,18,"[1, 1, 0, 0, 0, 0, 1, 0]",6,1,1,,0.625,8
1271,9a9a92a2-8861-11f1-a8a4-b48c9db4e1b4,18,"[1, 1, 0, 0, 0, 0, 1, 0]",7,0,0,,0.625,8
1272,9a9a92a2-8861-11f1-a8a4-b48c9db4e1b4,19,"[1, 1, 1, 0, 1, 1, 1, 0]",0,1,-1,,0.625,8
1273,9a9a92a2-8861-11f1-a8a4-b48c9db4e1b4,19,"[1, 1, 1, 0, 1, 1, 1, 0]",1,1,-1,,0.625,8
1274,9a9a92a2-8861-11f1-a8a4-b48c9db4e1b4,19,"[1, 1, 1, 0, 1, 1, 1, 0]",2,1,-1,,0.625,8
1275,9a9a92a2-8861-11f1-a8a4-b48c9db4e1b4,19,"[1, 1, 1, 0, 1, 1, 1, 0]",3,0,0,,0.625,8
1276,9a9a92a2-8861-11f1-a8a4-b48c9db4e1b4,19,"[1, 1, 1, 0, 1, 1, 1, 0]",4,1,-1,,0.625,8
1277,9a9a92a2-8861-11f1-a8a4-b48c9db4e1b4,19,"[1, 1, 1, 0, 1, 1, 1, 0]",5,1,-1,,0.625,8
1278,9a9a92a2-8861-11f1-a8a4-b48c9db4e1b4,19,"[1, 1, 1, 0, 1, 1, 1, 0]",6,1,-1,,0.625,8
1279,9a9a92a2-8861-11f1-a8a4-b48c9db4e1b4,19,"[1, 1, 1, 0, 1, 1, 1, 0]",7,0,0,,0.625,8
1280,9a9d6cf9-8861-11f1-8676-b48c9db4e1b4,0,"[0, 0, 1, 0, 0, 1, 0, 1]",0,0,0,,0.625,8
1281,9a9d6cf9-8861-11f1-8676-b48c9db4e1b4,0,"[0, 0, 1, 0, 0, 1, 0, 1]",1,0,0,,0.625,8
1282,9a9d6cf9-8861-11f1-8676-b48c9db4e1b4,0,"[0, 0, 1, 0, 0, 1, 0, 1]",2,1,1,,0.625,8
1283,9a9d6cf9-8861-11f1-8676-b48c9db4e1b4,0,"[0, 0, 1, 0, 0, 1, 0, 1]",3,0,0,,0.625,8
1284,9a9d6cf9-8861-11f1-8676-b48c9db4e1b4,0,"[0, 0, 1, 0, 0, 1, 0, 1]",4,0,0,,0.625,8
1285,9a9d6cf9-8861-11f1-8676-b48c9db4e1b4,0,"[0, 0, 1, 0, 0, 1, 0, 1]",5,1,1,,0.625,8
1286,9a9d6cf9-8861-11f1-8676-b48c9db4e1b4,0,"[0, 0, 1, 0, 0, 1, 0, 1]",6,0,0,,0.625,8
1287,9a9d6cf9-8861-11f1-8676-b48c9db4e1b4,0,"[0, 0, 1, 0, 0, 1, 0, 1]",7,1,1,,0.625,8
1288,9a9d6cf9-8861-11f1-8676-b48c9db4e1b4,1,"[1, 1, 1, 0, 1, 1, 0, 1]",0,1,-1,,0.625,8
1289,9a9d6cf9-8861-11f1-8676-b48c9db4e1b4,1,"[1, 1, 1, 0, 1, 1, 0, 1]",1,1,-1,,0.625,8
1290,9a9d6cf9-8861-11f1-8676-b48c9db4e1b4,1,"[1, 1, 1, 0, 1, 1, 0, 1]",2,1,-1,,0.625,8
1291,9a9d6cf9-8861-11f1-8676-b48c9db4e1b4,1,"[1, 1, 1, 0, 1, 1, 0, 1]",3,0,0,,0.625,8
1292,9a9d6cf9-8861-11f1-8676-b48c9db4e1b4,1,"[1, 1, 1, 0, 1, 1, 0, 1]",4,1,-1,,0.625,8
1293,9a9d6cf9-8861-11f1-8676-b48c9db4e1b4,1,"[1, 1, 1, 0, 1, 1, 0, 1]",5,1,-1,,0.625,8
1294,9a9d6cf9-8861-11f1-8676-b48c9db4e1b4,1,"[1, 1, 1, 0, 1, 1, 0, 1]",6,0,0,,0.625,8
1295,9a9d6cf9-8861-11f1-8676-b48c9db4e1b4,1,"[1, 1, 1, 0, 1, 1, 0, 1]",7,1,-1,,0.625,8
1296,9a9d6cf9-8861-11f1-8676-b48c9db4e1b4,2,"[1, 1, 0, 0, 1, 0, 0, 1]",0,1,1,,0.625,8
1297,9a9d6cf9-8861-11f1-8676-b48c9db4e1b4,2,"[1, 1, 0, 0, 1, 0, 0, 1]",1,1,1,,0.625,8
1298,9a9d6cf9-8861-11f1-8676-b48c9db4e1b4,2,"[1, 1, 0, 0, 1, 0, 0, 1]",2,0,0,,0.625,8
1299,9a9d6cf9-8861-11f1-8676-b48c9db4e1b4,2,"[1, 1, 0, 0, 1, 0, 0, 1]",3,0,0,,0.625,8
1300,9a9d6cf9-8861-11f1-8676-b48c9db4e1b4,2,"[1, 1, 0, 0, 1, 0, 0, 1]",4,1,1,,0.625,8
1301,9a9d6cf9-8861-11f1-8676-b48c9db4e1b4,2,"[1, 1, 0, 0, 1, 0, 0, 1]",5,0,0,,0.625,8
1302,9a9d6cf9-8861-11f1-8676-b48c9db4e1b4,2,"[1, 1, 0, 0, 1, 0, 0, 1]",6,0,0,,0.625,8
1303,9a9d6cf9-8861-11f1-8676-b48c9db4e1b4,2,"[1, 1, 0, 0, 1, 0, 0, 1]",7,1,1,,0.625,8
1304,9a9d6cf9-8861-11f1-8676-b48c9db4e1b4,3,"[1, 0, 1, 1, 0, 0, 1, 1]",0,1,1,,0.625,8
1305,9a9d6cf9-8861-11f1-8676-b48c9db4e1b4,3,"[1, 0, 1, 1, 0, 0, 1, 1]",1,0,0,,0.625,8
1306,9a9d6cf9-8861-11f1-8676-b48c9db4e1b4,3,"[1, 0, 1, 1, 0, 0, 1, 1]",2,1,1,,0.625,8
1307,9a9d6cf9-8861-11f1-8676-b48c9db4e1b4,3,"[1, 0, 1, 1, 0, 0, 1, 1]",3,1,1,,0.625,8
1308,9a9d6cf9-8861-11f1-8676-b48c9db4e1b4,3,"[1, 0, 1, 1, 0, 0, 1, 1]",4,0,0,,0.625,8
1309,9a9d6cf9-8861-11f1-8676-b48c9db4e1b4,3,"[1, 0, 1, 1, 0, 0, 1, 1]",5,0,0,,0.625,8
1310,9a9d6cf9-8861-11f1-8676-b48c9db4e1b4,3,"[1, 0, 1, 1, 0, 0, 1, 1]",6,1,1,,0.625,8
1311,9a9d6cf9-8861-11f1-8676-b48c9db4e1b4,3,"[1, 0, 1, 1, 0, 0, 1, 1]",7,1,1,,0.625,8
1312,9a9d6cf9-8861-11f1-8676-b48c9db4e1b4,4,"[0, 1, 0, 0, 0, 1, 1, 1]",0,0,0,,0.625,8
1313,9a9d6cf9-8861-11f1-8676-b48c9db4e1b4,4,"[0, 1, 0, 0, 0, 1, 1, 1]",1,1,1,,0.625,8
1314,9a9d6cf9-8861-11f1-8676-b48c9db4e1b4,4,"[0, 1, 0, 0, 0, 1, 1, 1]",2,0,0,,0.625,8
1315,9a9d6cf9-8861-11f1-8676-b48c9db4e1b4,4,"[0, 1, 0, 0, 0, 1, 1, 1]",3,0,0,,0.625,8
1316,9a9d6cf9-8861-11f1-8676-b48c9db4e1b4,4,"[0, 1, 0, 0, 0, 1, 1, 1]",4,0,0,,0.625,8
1317,9a9d6cf9-8861-11f1-8676-b48c9db4e1b4,4,"[0, 1, 0, 0, 0, 1, 1, 1]",5,1,1,,0.625,8
1318,9a9d6cf9-8861-11f1-8676-b48c9db4e1b4,4,"[0, 1, 0, 0, 0, 1, 1, 1]",6,1,1,,0.625,8
1319,9a9d6cf9-8861-11f1-8676-b48c9db4e1b4,4,"[0, 1, 0, 0, 0, 1, 1, 1]",7,1,1,,0.625,8
1320,9a9d6cf9-8861-11f1-8676-b48c9db4e1b4,5,"[1, 1, 0, 0, 0, 1, 0, 1]",0,1,1,,0.625,8
1321,9a9d6cf9-8861-11f1-8676-b48c9db4e1b4,5,"[1, 1, 0, 0, 0, 1, 0, 1]",1,1,1,,0.625,8
1322,9a9d6cf9-8861-11f1-8676-b48c9db4e1b4,5,"[1, 1, 0, 0, 0, 1, 0, 1]",2,0,0,,0.625,8
1323,9a9d6cf9-8861-11f1-8676-b48c9db4e1b4,5,"[1, 1, 0, 0, 0, 1, 0, 1]",3,0,0,,0.625,8
1324,9a9d6cf9-8861-11f1-8676-b48c9db4e1b4,5,"[1, 1, 0, 0, 0, 1, 0, 1]",4,0,0,,0.625,8
1325,9a9d6cf9-8861-11f1-8676-b48c9db4e1b4,5,"[1, 1, 0, 0, 0, 1, 0, 1]",5,1,1,,0.625,8
1326,9a9d6cf9-8861-11f1-8676-b48c9db4e1b4,5,"[1, 1, 0, 0, 0, 1, 0, 1]",6,0,0,,0.625,8
1327,9a9d6cf9-8861-11f1-8676-b48c9db4e1b4,5,"[1, 1, 0, 0, 0, 1, 0, 1]",7,1,1,,0.625,8
1328,9a9d6cf9-8861-11f1-8676-b48c9db4e1b4,6,"[0, 1, 0, 0, 0, 0, 0, 0]",0,0,0,,0.625,8
1329,9a9d6cf9-8861-11f1-8676-b48c9db4e1b4,6,"[0, 1, 0, 0, 0, 0, 0, 0]",1,1,1,,0.625,8
1330,9a9d6cf9-8861-11f1-8676-b48c9db4e1b4,6,"[0, 1, 0, 0, 0, 0, 0, 0]",2,0,0,,0.625,8
1331,9a9d6cf9-8861-11f1-8676-b48c9db4e1b4,6,"[0, 1, 0, 0, 0, 0, 0, 0]",3,0,0,,0.625,8
1332,9a9d6cf9-8861-11f1-8676-b48c9db4e1b4,6,"[0, 1, 0, 0, 0, 0, 0, 0]",4,0,0,,0.625,8
1333,9a9d6cf9-8861-11f1-8676-b48c9db4e1b4,6,"[0, 1, 0, 0, 0, 0, 0, 0]",5,0,0,,0.625,8
1334,9a9d6cf9-8861-11f1-8676-b48c9db4e1b4,6,"[0, 1, 0, 0, 0, 0, 0, 0]",6,0,0,,0.625,8
1335,9a9d6cf9-8861-11f1-8676-b48c9db4e1b4,6,"[0, 1, 0, 0, 0, 0, 0, 0]",7,0,0,,0.625,8
1336,9a9d6cf9-8861-11f1-8676-b48c9db4e1b4,7,"[0, 0, 1, 0, 0, 1, 0, 1]",0,0,0,,0.625,8
1337,9a9d6cf9-8861-11f1-8676-b48c9db4e1b4,7,"[0, 0, 1, 0, 0, 1, 0, 1]",1,0,0,,0.625,8
1338,9a9d6cf9-8861-11f1-8676-b48c9db4e1b4,7,"[0, 0, 1, 0, 0, 1, 0, 1]",2,1,1,,0.625,8
1339,9a9d6cf9-8861-11f1-8676-b48c9db4e1b4,7,"[0, 0, 1, 0, 0, 1, 0, 1]",3,0,0,,0.625,8
1340,9a9d6cf9-8861-11f1-8676-b48c9db4e1b4,7,"[0, 0, 1, 0, 0, 1, 0, 1]",4,0,0,,0.625,8
1341,9a9d6cf9-8861-11f1-8676-b48c9db4e1b4,7,"[0, 0, 1, 0, 0, 1, 0, 1]",5,1,1,,0.625,8
1342,9a9d6cf9-8861-11f1-8676-b48c9db4e1b4,7,"[0, 0, 1, 0, 0, 1, 0, 1]",6,0,0,,0.625,8
1343,9a9d6cf9-8861-11f1-8676-b48c9db4e1b4,7,"[0, 0, 1, 0, 0, 1, 0, 1]",7,1,1,,0.625,8
1344,9a9d6cf9-8861-11f1-8676-b48c9db4e1b4,8,"[1, 1, 0, 1, 0, 0, 1, 0]",0,1,1,,0.625,8
1345,9a9d6cf9-8861-11f1-8676-b48c9db4e1b4,8,"[1, 1, 0, 1, 0, 0, 1, 0]",1,1,1,,0.625,8
1346,9a9d6cf9-8861-11f1-8676-b48c9db4e1b4,8,"[1, 1, 0, 1, 0, 0, 1, 0]",2,0,0,,0.625,8
1347,9a9d6cf9-8861-11f1-8676-b48c9db4e1b4,8,"[1, 1, 0, 1, 0, 0, 1, 0]",3,1,1,,0.625,8
1348,9a9d6cf9-8861-11f1-8676-b48c9db4e1b4,8,"[1, 1, 0, 1, 0, 0, 1, 0]",4,0,0,,0.625,8
1349,9a9d6cf9-8861-11f1-8676-b48c9db4e1b4,8,"[1, 1, 0, 1, 0, 0, 1, 0]",5,0,0,,0.625,8
1350,9a9d6cf9-8861-11f1-8676-b48c9db4e1b4,8,"[1, 1, 0, 1, 0, 0, 1, 0]",6,1,1,,0.625,8
1351,9a9d6cf9-8861-11f1-8676-b48c9db4e1b4,8,"[1, 1, 0, 1, 0, 0, 1, 0]",7,0,0,,0.625,8
1352,9a9d6cf9-8861-11f1-8676-b48c9db4e1b4,9,"[0, 0, 0, 0, 1, 1, 0, 0]",0,0,0,,0.625,8
1353,9a9d6cf9-8861-11f1-8676-b48c9db4e1b4,9,"[0, 0, 0, 0, 1, 1, 0, 0]",1,0,0,,0.625,8
1354,9a9d6cf9-8861-11f1-8676-b48c9db4e1b4,9,"[0, 0, 0, 0, 1, 1, 0, 0]",2,0,0,,0.625,8
1355,9a9d6cf9-8861-11f1-8676-b48c9db4e1b4,9,"[0, 0, 0, 0, 1, 1, 0, 0]",3,0,0,,0.625,8
1356,9a9d6cf9-8861-11f1-8676-b48c9db4e1b4,9,"[0, 0, 0, 0, 1, 1, 0, 0]",4,1,1,,0.625,8
1357,9a9d6cf9-8861-11f1-8676-b48c9db4e1b4,9,"[0, 0, 0, 0, 1, 1, 0, 0]",5,1,1,,0.625,8
1358,9a9d6cf9-8861-11f1-8676-b48c9db4e1b4,9,"[0, 0, 0, 0, 1, 1, 0, 0]",6,0,0,,0.625,8
1359,9a9d6cf9-8861-11f1-8676-b48c9db4e1b4,9,"[0, 0, 0, 0, 1, 1, 0, 0]",7,0,0,,0.625,8
1360,9a9d6cf9-8861-11f1-8676-b48c9db4e1b4,10,"[0, 1, 0, 0, 0, 0, 0, 0]",0,0,0,,0.625,8
1361,9a9d6cf9-8861-11f1-8676-b48c9db4e1b4,10,"[0, 1, 0, 0, 0, 0, 0, 0]",1,1,1,,0.625,8
1362,9a9d6cf9-8861-11f1-8676-b48c9db4e1b4,10,"[0, 1, 0, 0, 0, 0, 0, 0]",2,0,0,,0.625,8
1363,9a9d6cf9-8861-11f1-8676-b48c9db4e1b4,10,"[0, 1, 0, 0, 0, 0, 0, 0]",3,0,0,,0.625,8
1364,9a9d6cf9-8861-11f1-8676-b48c9db4e1b4,10,"[0, 1, 0, 0, 0, 0, 0, 0]",4,0,0,,0.625,8
1365,9a9d6cf9-8861-11f1-8676-b48c9db4e1b4,10,"[0, 1, 0, 0, 0, 0, 0, 0]",5,0,0,,0.625,8
1366,9a9d6cf9-8861-11f1-8676-b48c9db4e1b4,10,"[0, 1, 0, 0, 0, 0, 0, 0]",6,0,0,,0.625,8
1367,9a9d6cf9-8861-11f1-8676-b48c9db4e1b4,10,"[0, 1, 0, 0, 0, 0, 0, 0]",7,0,0,,0.625,8
1368,9a9d6cf9-8861-11f1-8676-b48c9db4e1b4,11,"[0, 1, 1, 0, 1, 0, 1, 0]",0,0,0,,0.625,8
1369,9a9d6cf9-8861-11f1-8676-b48c9db4e1b4,11,"[0, 1, 1, 0, 1, 0, 1, 0]",1,1,1,,0.625,8
1370,9a9d6cf9-8861-11f1-8676-b48c9db4e1b4,11,"[0, 1, 1, 0, 1, 0, 1, 0]",2,1,1,,0.625,8
1371,9a9d6cf9-8861-11f1-8676-b48c9db4e1b4,11,"[0, 1, 1, 0, 1, 0, 1, 0]",3,0,0,,0.625,8
1372,9a9d6cf9-8861-11f1-8676-b48c9db4e1b4,11,"[0, 1, 1, 0, 1, 0, 1, 0]",4,1,1,,0.625,8
1373,9a9d6cf9-8861-11f1-8676-b48c9db4e1b4,11,"[0, 1, 1, 0, 1, 0, 1, 0]",5,0,0,,0.625,8
1374,9a9d6cf9-8861-11f1-8676-b48c9db4e1b4,11,"[0, 1, 1, 0, 1, 0, 1, 0]",6,1,1,,0.625,8
1375,9a9d6cf9-8861-11f1-8676-b48c9db4e1b4,11,"[0, 1, 1, 0, 1, 0, 1, 0]",7,0,0,,0.625,8
1376,9a9d6cf9-8861-11f1-8676-b48c9db4e1b4,12,"[1, 0, 0, 0, 1, 0, 0, 0]",0,1,1,,0.625,8
1377,9a9d6cf9-8861-11f1-8676-b48c9db4e1b4,12,"[1, 0, 0, 0, 1, 0, 0, 0]",1,0,0,,0.625,8
1378,9a9d6cf9-8861-11f1-8676-b48c9db4e1b4,12,"[1, 0, 0, 0, 1, 0, 0, 0]",2,0,0,,0.625,8
1379,9a9d6cf9-8861-11f1-8676-b48c9db4e1b4,12,"[1, 0, 0, 0, 1, 0, 0, 0]",3,0,0,,0.625,8
1380,9a9d6cf9-8861-11f1-8676-b48c9db4e1b4,12,"[1, 0, 0, 0, 1, 0, 0, 0]",4,1,1,,0.625,8
1381,9a9d6cf9-8861-11f1-8676-b48c9db4e1b4,12,"[1, 0, 0, 0, 1, 0, 0, 0]",5,0,0,,0.625,8
1382,9a9d6cf9-8861-11f1-8676-b48c9db4e1b4,12,"[1, 0, 0, 0, 1, 0, 0, 0]",6,0,0,,0.625,8
1383,9a9d6cf9-8861-11f1-8676-b48c9db4e1b4,12,"[1, 0, 0, 0, 1, 0, 0, 0]",7,0,0,,0.625,8
1384,9a9d6cf9-8861-11f1-8676-b48c9db4e1b4,13,"[0, 0, 1, 0, 0, 0, 0, 1]",0,0,0,,0.625,8
1385,9a9d6cf9-8861-11f1-8676-b48c9db4e1b4,13,"[0, 0, 1, 0, 0, 0, 0, 1]",1,0,0,,0.625,8
1386,9a9d6cf9-8861-11f1-8676-b48c9db4e1b4,13,"[0, 0, 1, 0, 0, 0, 0, 1]",2,1,1,,0.625,8
1387,9a9d6cf9-8861-11f1-8676-b48c9db4e1b4,13,"[0, 0, 1, 0, 0, 0, 0, 1]",3,0,0,,0.625,8
1388,9a9d6cf9-8861-11f1-8676-b48c9db4e1b4,13,"[0, 0, 1, 0, 0, 0, 0, 1]",4,0,0,,0.625,8
1389,9a9d6cf9-8861-11f1-8676-b48c9db4e1b4,13,"[0, 0, 1, 0, 0, 0, 0, 1]",5,0,0,,0.625,8
1390,9a9d6cf9-8861-11f1-8676-b48c9db4e1b4,13,"[0, 0, 1, 0, 0, 0, 0, 1]",6,0,0,,0.625,8
1391,9a9d6cf9-8861-11f1-8676-b48c9db4e1b4,13,"[0, 0, 1, 0, 0, 0, 0, 1]",7,1,1,,0.625,8
1392,9a9d6cf9-8861-11f1-8676-b48c9db4e1b4,14,"[0, 1, 0, 1, 1, 1, 0, 1]",0,0,0,,0.625,8
1393,9a9d6cf9-8861-11f1-8676-b48c9db4e1b4,14,"[0, 1, 0, 1, 1, 1, 0, 1]",1,1,1,,0.625,8
1394,9a9d6cf9-8861-11f1-8676-b48c9db4e1b4,14,"[0, 1, 0, 1, 1, 1, 0, 1]",2,0,0,,0.625,8
1395,9a9d6cf9-8861-11f1-8676-b48c9db4e1b4,14,"[0, 1, 0, 1, 1, 1, 0, 1]",3,1,1,,0.625,8
1396,9a9d6cf9-8861-11f1-8676-b48c9db4e1b4,14,"[0, 1, 0, 1, 1, 1, 0, 1]",4,1,1,,0.625,8
1397,9a9d6cf9-8861-11f1-8676-b48c9db4e1b4,14,"[0, 1, 0, 1, 1, 1, 0, 1]",5,1,1,,0.625,8
1398,9a9d6cf9-8861-11f1-8676-b48c9db4e1b4,14,"[0, 1, 0, 1, 1, 1, 0, 1]",6,0,0,,0.625,8
1399,9a9d6cf9-8861-11f1-8676-b48c9db4e1b4,14,"[0, 1, 0, 1, 1, 1, 0, 1]",7,1,1,,0.625,8
1400,9a9d6cf9-8861-11f1-8676-b48c9db4e1b4,15,"[0, 0, 0, 1, 1, 1, 0, 0]",0,0,0,,0.625,8
1401,9a9d6cf9-8861-11f1-8676-b48c9db4e1b4,15,"[0, 0, 0, 1, 1, 1, 0, 0]",1,0,0,,0.625,8
1402,9a9d6cf9-8861-11f1-8676-b48c9db4e1b4,15,"[0, 0, 0, 1, 1, 1, 0, 0]",2,0,0,,0.625,8
1403,9a9d6cf9-8861-11f1-8676-b48c9db4e1b4,15,"[0, 0, 0, 1, 1, 1, 0, 0]",3,1,1,,0.625,8
1404,9a9d6cf9-8861-11f1-8676-b48c9db4e1b4,15,"[0, 0, 0, 1, 1, 1, 0, 0]",4,1,1,,0.625,8
1405,9a9d6cf9-8861-11f1-8676-b48c9db4e1b4,15,"[0, 0, 0, 1, 1, 1, 0, 0]",5,1,1,,0.625,8
1406,9a9d6cf9-8861-11f1-8676-b48c9db4e1b4,15,"[0, 0, 0, 1, 1, 1, 0, 0]",6,0,0,,0.625,8
1407,9a9d6cf9-8861-11f1-8676-b48c9db4e1b4,15,"[0, 0, 0, 1, 1, 1, 0, 0]",7,0,0,,0.625,8
1408,9a9d6cf9-8861-11f1-8676-b48c9db4e1b4,16,"[1, 1, 0, 0, 0, 1, 0, 1]",0,1,1,,0.625,8
1409,9a9d6cf9-8861-11f1-8676-b48c9db4e1b4,16,"[1, 1, 0, 0, 0, 1, 0, 1]",1,1,1,,0.625,8
1410,9a9d6cf9-8861-11f1-8676-b48c9db4e1b4,16,"[1, 1, 0, 0, 0, 1, 0, 1]",2,0,0,,0.625,8
1411,9a9d6cf9-8861-11f1-8676-b48c9db4e1b4,16,"[1, 1, 0, 0, 0, 1, 0, 1]",3,0,0,,0.625,8
1412,9a9d6cf9-8861-11f1-8676-b48c9db4e1b4,16,"[1, 1, 0, 0, 0, 1, 0, 1]",4,0,0,,0.625,8
1413,9a9d6cf9-8861-11f1-8676-b48c9db4e1b4,16,"[1, 1, 0, 0, 0, 1, 0, 1]",5,1,1,,0.625,8
1414,9a9d6cf9-8861-11f1-8676-b48c9db4e1b4,16,"[1, 1, 0, 0, 0, 1, 0, 1]",6,0,0,,0.625,8
1415,9a9d6cf9-8861-11f1-8676-b48c9db4e1b4,16,"[1, 1, 0, 0, 0, 1, 0, 1]",7,1,1,,0.625,8
1416,9a9d6cf9-8861-11f1-8676-b48c9db4e1b4,17,"[1, 1, 1, 0, 0, 1, 0, 0]",0,1,1,,0.625,8
1417,9a9d6cf9-8861-11f1-8676-b48c9db4e1b4,17,"[1, 1, 1, 0, 0, 1, 0, 0]",1,1,1,,0.625,8
1418,9a9d6cf9-8861-11f1-8676-b48c9db4e1b4,17,"[1, 1, 1, 0, 0, 1, 0, 0]",2,1,1,,0.625,8
1419,9a9d6cf9-8861-11f1-8676-b48c9db4e1b4,17,"[1, 1, 1, 0, 0, 1, 0, 0]",3,0,0,,0.625,8
1420,9a9d6cf9-8861-11f1-8676-b48c9db4e1b4,17,"[1, 1, 1, 0, 0, 1, 0, 0]",4,0,0,,0.625,8
1421,9a9d6cf9-8861-11f1-8676-b48c9db4e1b4,17,"[1, 1, 1, 0, 0, 1, 0, 0]",5,1,1,,0.625,8
1422,9a9d6cf9-8861-11f1-8676-b48c9db4e1b4,17,"[1, 1, 1, 0, 0, 1, 0, 0]",6,0,0,,0.625,8
1423,9a9d6cf9-8861-11f1-8676-b48c9db4e1b4,17,"[1, 1, 1, 0, 0, 1, 0, 0]",7,0,0,,0.625,8
1424,9a9d6cf9-8861-11f1-8676-b48c9db4e1b4,18,"[0, 1, 1, 1, 1, 1, 1, 1]",0,0,0,,0.625,8
1425,9a9d6cf9-8861-11f1-8676-b48c9db4e1b4,18,"[0, 1, 1, 1, 1, 1, 1, 1]",1,1,-1,,0.625,8
1426,9a9d6cf9-8861-11f1-8676-b48c9db4e1b4,18,"[0, 1, 1, 1, 1, 1, 1, 1]",2,1,-1,,0.625,8
1427,9a9d6cf9-8861-11f1-8676-b48c9db4e1b4,18,"[0, 1, 1, 1, 1, 1, 1, 1]",3,1,-1,,0.625,8
1428,9a9d6cf9-8861-11f1-8676-b48c9db4e1b4,18,"[0, 1, 1, 1, 1, 1, 1, 1]",4,1,-1,,0.625,8
1429,9a9d6cf9-8861-11f1-8676-b48c9db4e1b4,18,"[0, 1, 1, 1, 1, 1, 1, 1]",5,1,-1,,0.625,8
1430,9a9d6cf9-8861-11f1-8676-b48c9db4e1b4,18,"[0, 1, 1, 1, 1, 1, 1, 1]",6,1,-1,,0.625,8
1431,9a9d6cf9-8861-11f1-8676-b48c9db4e1b4,18,"[0, 1, 1, 1, 1, 1, 1, 1]",7,1,-1,,0.625,8
1432,9a9d6cf9-8861-11f1-8676-b48c9db4e1b4,19,"[0, 1, 1, 0, 1, 1, 0, 1]",0,0,0,,0.625,8
1433,9a9d6cf9-8861-11f1-8676-b48c9db4e1b4,19,"[0, 1, 1, 0, 1, 1, 0, 1]",1,1,1,,0.625,8
1434,9a9d6cf9-8861-11f1-8676-b48c9db4e1b4,19,"[0, 1, 1, 0, 1, 1, 0, 1]",2,1,1,,0.625,8
1435,9a9d6cf9-8861-11f1-8676-b48c9db4e1b4,19,"[0, 1, 1, 0, 1, 1, 0, 1]",3,0,0,,0.625,8
1436,9a9d6cf9-8861-11f1-8676-b48c9db4e1b4,19,"[0, 1, 1, 0, 1, 1, 0, 1]",4,1,1,,0.625,8
1437,9a9d6cf9-8861-11f1-8676-b48c9db4e1b4,19,"[0, 1, 1, 0, 1, 1, 0, 1]",5,1,1,,0.625,8
1438,9a9d6cf9-8861-11f1-8676-b48c9db4e1b4,19,"[0, 1, 1, 0, 1, 1, 0, 1]",6,0,0,,0.625,8
1439,9a9d6cf9-8861-11f1-8676-b48c9db4e1b4,19,"[0, 1, 1, 0, 1, 1, 0, 1]",7,1,1,,0.625,8
1440,9aa05854-8861-11f1-9d60-b48c9db4e1b4,0,"[0, 0, 1, 0, 1, 1, 0, 1]",0,0,0,,0.625,8
1441,9aa05854-8861-11f1-9d60-b48c9db4e1b4,0,"[0, 0, 1, 0, 1, 1, 0, 1]",1,0,0,,0.625,8
1442,9aa05854-8861-11f1-9d60-b48c9db4e1b4,0,"[0, 0, 1, 0, 1, 1, 0, 1]",2,1,1,,0.625,8
1443,9aa05854-8861-11f1-9d60-b48c9db4e1b4,0,"[0, 0, 1, 0, 1, 1, 0, 1]",3,0,0,,0.625,8
1444,9aa05854-8861-11f1-9d60-b48c9db4e1b4,0,"[0, 0, 1, 0, 1, 1, 0, 1]",4,1,1,,0.625,8
1445,9aa05854-8861-11f1-9d60-b48c9db4e1b4,0,"[0, 0, 1, 0, 1, 1, 0, 1]",5,1,1,,0.625,8
1446,9aa05854-8861-11f1-9d60-b48c9db4e1b4,0,"[0, 0, 1, 0, 1, 1, 0, 1]",6,0,0,,0.625,8
1447,9aa05854-8861-11f1-9d60-b48c9db4e1b4,0,"[0, 0, 1, 0, 1, 1, 0, 1]",7,1,1,,0.625,8
1448,9aa05854-8861-11f1-9d60-b48c9db4e1b4,1,"[0, 1, 0, 0, 1, 1, 0, 1]",0,0,0,,0.625,8
1449,9aa05854-8861-11f1-9d60-b48c9db4e1b4,1,"[0, 1, 0, 0, 1, 1, 0, 1]",1,1,1,,0.625,8
1450,9aa05854-8861-11f1-9d60-b48c9db4e1b4,1,"[0, 1, 0, 0, 1, 1, 0, 1]",2,0,0,,0.625,8
1451,9aa05854-8861-11f1-9d60-b48c9db4e1b4,1,"[0, 1, 0, 0, 1, 1, 0, 1]",3,0,0,,0.625,8
1452,9aa05854-8861-11f1-9d60-b48c9db4e1b4,1,"[0, 1, 0, 0, 1, 1, 0, 1]",4,1,1,,0.625,8
1453,9aa05854-8861-11f1-9d60-b48c9db4e1b4,1,"[0, 1, 0, 0, 1, 1, 0, 1]",5,1,1,,0.625,8
1454,9aa05854-8861-11f1-9d60-b48c9db4e1b4,1,"[0, 1, 0, 0, 1, 1, 0, 1]",6,0,0,,0.625,8
1455,9aa05854-8861-11f1-9d60-b48c9db4e1b4,1,"[0, 1, 0, 0, 1, 1, 0, 1]",7,1,1,,0.625,8
1456,9aa05854-8861-11f1-9d60-b48c9db4e1b4,2,"[0, 1, 1, 0, 0, 1, 1, 0]",0,0,0,,0.625,8
1457,9aa05854-8861-11f1-9d60-b48c9db4e1b4,2,"[0, 1, 1, 0, 0, 1, 1, 0]",1,1,1,,0.625,8
1458,9aa05854-8861-11f1-9d60-b48c9db4e1b4,2,"[0, 1, 1, 0, 0, 1, 1, 0]",2,1,1,,0.625,8
1459,9aa05854-8861-11f1-9d60-b48c9db4e1b4,2,"[0, 1, 1, 0, 0, 1, 1, 0]",3,0,0,,0.625,8
1460,9aa05854-8861-11f1-9d60-b48c9db4e1b4,2,"[0, 1, 1, 0, 0, 1, 1, 0]",4,0,0,,0.625,8
1461,9aa05854-8861-11f1-9d60-b48c9db4e1b4,2,"[0, 1, 1, 0, 0, 1, 1, 0]",5,1,1,,0.625,8
1462,9aa05854-8861-11f1-9d60-b48c9db4e1b4,2,"[0, 1, 1, 0, 0, 1, 1, 0]",6,1,1,,0.625,8
1463,9aa05854-8861-11f1-9d60-b48c9db4e1b4,2,"[0, 1, 1, 0, 0, 1, 1, 0]",7,0,0,,0.625,8
1464,9aa05854-8861-11f1-9d60-b48c9db4e1b4,3,"[0, 0, 1, 1, 0, 1, 0, 0]",0,0,0,,0.625,8
1465,9aa05854-8861-11f1-9d60-b48c9db4e1b4,3,"[0, 0, 1, 1, 0, 1, 0, 0]",1,0,0,,0.625,8
1466,9aa05854-8861-11f1-9d60-b48c9db4e1b4,3,"[0, 0, 1, 1, 0, 1, 0, 0]",2,1,1,,0.625,8
1467,9aa05854-8861-11f1-9d60-b48c9db4e1b4,3,"[0, 0, 1, 1, 0, 1, 0, 0]",3,1,1,,0.625,8
1468,9aa05854-8861-11f1-9d60-b48c9db4e1b4,3,"[0, 0, 1, 1, 0, 1, 0, 0]",4,0,0,,0.625,8
1469,9aa05854-8861-11f1-9d60-b48c9db4e1b4,3,"[0, 0, 1, 1, 0, 1, 0, 0]",5,1,1,,0.625,8
1470,9aa05854-8861-11f1-9d60-b48c9db4e1b4,3,"[0, 0, 1, 1, 0, 1, 0, 0]",6,0,0,,0.625,8
1471,9aa05854-8861-11f1-9d60-b48c9db4e1b4,3,"[0, 0, 1, 1, 0, 1, 0, 0]",7,0,0,,0.625,8
1472,9aa05854-8861-11f1-9d60-b48c9db4e1b4,4,"[0, 1, 1, 0, 0, 1, 0, 1]",0,0,0,,0.625,8
1473,9aa05854-8861-11f1-9d60-b48c9db4e1b4,4,"[0, 1, 1, 0, 0, 1, 0, 1]",1,1,1,,0.625,8
1474,9aa05854-8861-11f1-9d60-b48c9db4e1b4,4,"[0, 1, 1, 0, 0, 1, 0, 1]",2,1,1,,0.625,8
1475,9aa05854-8861-11f1-9d60-b48c9db4e1b4,4,"[0, 1, 1, 0, 0, 1, 0, 1]",3,0,0,,0.625,8
1476,9aa05854-8861-11f1-9d60-b48c9db4e1b4,4,"[0, 1, 1, 0, 0, 1, 0, 1]",4,0,0,,0.625,8
1477,9aa05854-8861-11f1-9d60-b48c9db4e1b4,4,"[0, 1, 1, 0, 0, 1, 0, 1]",5,1,1,,0.625,8
1478,9aa05854-8861-11f1-9d60-b48c9db4e1b4,4,"[0, 1, 1, 0, 0, 1, 0, 1]",6,0,0,,0.625,8
1479,9aa05854-8861-11f1-9d60-b48c9db4e1b4,4,"[0, 1, 1, 0, 0, 1, 0, 1]",7,1,1,,0.625,8
1480,9aa05854-8861-11f1-9d60-b48c9db4e1b4,5,"[1, 0, 1, 1, 0, 1, 0, 1]",0,1,1,,0.625,8
1481,9aa05854-8861-11f1-9d60-b48c9db4e1b4,5,"[1, 0, 1, 1, 0, 1, 0, 1]",1,0,0,,0.625,8
1482,9aa05854-8861-11f1-9d60-b48c9db4e1b4,5,"[1, 0, 1, 1, 0, 1, 0, 1]",2,1,1,,0.625,8
1483,9aa05854-8861-11f1-9d60-b48c9db4e1b4,5,"[1, 0, 1, 1, 0, 1, 0, 1]",3,1,1,,0.625,8
1484,9aa05854-8861-11f1-9d60-b48c9db4e1b4,5,"[1, 0, 1, 1, 0, 1, 0, 1]",4,0,0,,0.625,8
1485,9aa05854-8861-11f1-9d60-b48c9db4e1b4,5,"[1, 0, 1, 1, 0, 1, 0, 1]",5,1,1,,0.625,8
1486,9aa05854-8861-11f1-9d60-b48c9db4e1b4,5,"[1, 0, 1, 1, 0, 1, 0, 1]",6,0,0,,0.625,8
1487,9aa05854-8861-11f1-9d60-b48c9db4e1b4,5,"[1, 0, 1, 1, 0, 1, 0, 1]",7,1,1,,0.625,8
1488,9aa05854-8861-11f1-9d60-b48c9db4e1b4,6,"[0, 1, 0, 0, 1, 0, 0, 0]",0,0,0,,0.625,8
1489,9aa05854-8861-11f1-9d60-b48c9db4e1b4,6,"[0, 1, 0, 0, 1, 0, 0, 0]",1,1,1,,0.625,8
1490,9aa05854-8861-11f1-9d60-b48c9db4e1b4,6,"[0, 1, 0, 0, 1, 0, 0, 0]",2,0,0,,0.625,8
1491,9aa05854-8861-11f1-9d60-b48c9db4e1b4,6,"[0, 1, 0, 0, 1, 0, 0, 0]",3,0,0,,0.625,8
1492,9aa05854-8861-11f1-9d60-b48c9db4e1b4,6,"[0, 1, 0, 0, 1, 0, 0, 0]",4,1,1,,0.625,8
1493,9aa05854-8861-11f1-9d60-b48c9db4e1b4,6,"[0, 1, 0, 0, 1, 0, 0, 0]",5,0,0,,0.625,8
1494,9aa05854-8861-11f1-9d60-b48c9db4e1b4,6,"[0, 1, 0, 0, 1, 0, 0, 0]",6,0,0,,0.625,8
1495,9aa05854-8861-11f1-9d60-b48c9db4e1b4,6,"[0, 1, 0, 0, 1, 0, 0, 0]",7,0,0,,0.625,8
1496,9aa05854-8861-11f1-9d60-b48c9db4e1b4,7,"[0, 0, 1, 0, 0, 1, 0, 1]",0,0,0,,0.625,8
1497,9aa05854-8861-11f1-9d60-b48c9db4e1b4,7,"[0, 0, 1, 0, 0, 1, 0, 1]",1,0,0,,0.625,8
1498,9aa05854-8861-11f1-9d60-b48c9db4e1b4,7,"[0, 0, 1, 0, 0, 1, 0, 1]",2,1,1,,0.625,8
1499,9aa05854-8861-11f1-9d60-b48c9db4e1b4,7,"[0, 0, 1, 0, 0, 1, 0, 1]",3,0,0,,0.625,8
1500,9aa05854-8861-11f1-9d60-b48c9db4e1b4,7,"[0, 0, 1, 0, 0, 1, 0, 1]",4,0,0,,0.625,8
1501,9aa05854-8861-11f1-9d60-b48c9db4e1b4,7,"[0, 0, 1, 0, 0, 1, 0, 1]",5,1,1,,0.625,8
1502,9aa05854-8861-11f1-9d60-b48c9db4e1b4,7,"[0, 0, 1, 0, 0, 1, 0, 1]",6,0,0,,0.625,8
1503,9aa05854-8861-11f1-9d60-b48c9db4e1b4,7,"[0, 0, 1, 0, 0, 1, 0, 1]",7,1,1,,0.625,8
1504,9aa05854-8861-11f1-9d60-b48c9db4e1b4,8,"[1, 1, 0, 1, 0, 0, 0, 1]",0,1,1,,0.625,8
1505,9aa05854-8861-11f1-9d60-b48c9db4e1b4,8,"[1, 1, 0, 1, 0, 0, 0, 1]",1,1,1,,0.625,8
1506,9aa05854-8861-11f1-9d60-b48c9db4e1b4,8,"[1, 1, 0, 1, 0, 0, 0, 1]",2,0,0,,0.625,8
1507,9aa05854-8861-11f1-9d60-b48c9db4e1b4,8,"[1, 1, 0, 1, 0, 0, 0, 1]",3,1,1,,0.625,8
1508,9aa05854-8861-11f1-9d60-b48c9db4e1b4,8,"[1, 1, 0, 1, 0, 0, 0, 1]",4,0,0,,0.625,8
1509,9aa05854-8861-11f1-9d60-b48c9db4e1b4,8,"[1, 1, 0, 1, 0, 0, 0, 1]",5,0,0,,0.625,8
1510,9aa05854-8861-11f1-9d60-b48c9db4e1b4,8,"[1, 1, 0, 1, 0, 0, 0, 1]",6,0,0,,0.625,8
1511,9aa05854-8861-11f1-9d60-b48c9db4e1b4,8,"[1, 1, 0, 1, 0, 0, 0, 1]",7,1,1,,0.625,8
1512,9aa05854-8861-11f1-9d60-b48c9db4e1b4,9,"[1, 0, 0, 0, 0, 0, 1, 0]",0,1,1,,0.625,8
1513,9aa05854-8861-11f1-9d60-b48c9db4e1b4,9,"[1, 0, 0, 0, 0, 0, 1, 0]",1,0,0,,0.625,8
1514,9aa05854-8861-11f1-9d60-b48c9db4e1b4,9,"[1, 0, 0, 0, 0, 0, 1, 0]",2,0,0,,0.625,8
1515,9aa05854-8861-11f1-9d60-b48c9db4e1b4,9,"[1, 0, 0, 0, 0, 0, 1, 0]",3,0,0,,0.625,8
1516,9aa05854-8861-11f1-9d60-b48c9db4e1b4,9,"[1, 0, 0, 0, 0, 0, 1, 0]",4,0,0,,0.625,8
1517,9aa05854-8861-11f1-9d60-b48c9db4e1b4,9,"[1, 0, 0, 0, 0, 0, 1, 0]",5,0,0,,0.625,8
1518,9aa05854-8861-11f1-9d60-b48c9db4e1b4,9,"[1, 0, 0, 0, 0, 0, 1, 0]",6,1,1,,0.625,8
1519,9aa05854-8861-11f1-9d60-b48c9db4e1b4,9,"[1, 0, 0, 0, 0, 0, 1, 0]",7,0,0,,0.625,8
1520,9aa05854-8861-11f1-9d60-b48c9db4e1b4,10,"[1, 1, 1, 1, 0, 1, 1, 0]",0,1,-1,,0.625,8
1521,9aa05854-8861-11f1-9d60-b48c9db4e1b4,10,"[1, 1, 1, 1, 0, 1, 1, 0]",1,1,-1,,0.625,8
1522,9aa05854-8861-11f1-9d60-b48c9db4e1b4,10,"[1, 1, 1, 1, 0, 1, 1, 0]",2,1,-1,,0.625,8
1523,9aa05854-8861-11f1-9d60-b48c9db4e1b4,10,"[1, 1, 1, 1, 0, 1, 1, 0]",3,1,-1,,0.625,8
1524,9aa05854-8861-11f1-9d60-b48c9db4e1b4,10,"[1, 1, 1, 1, 0, 1, 1, 0]",4,0,0,,0.625,8
1525,9aa05854-8861-11f1-9d60-b48c9db4e1b4,10,"[1, 1, 1, 1, 0, 1, 1, 0]",5,1,-1,,0.625,8
1526,9aa05854-8861-11f1-9d60-b48c9db4e1b4,10,"[1, 1, 1, 1, 0, 1, 1, 0]",6,1,-1,,0.625,8
1527,9aa05854-8861-11f1-9d60-b48c9db4e1b4,10,"[1, 1, 1, 1, 0, 1, 1, 0]",7,0,0,,0.625,8
1528,9aa05854-8861-11f1-9d60-b48c9db4e1b4,11,"[0, 1, 1, 1, 0, 1, 0, 1]",0,0,0,,0.625,8
1529,9aa05854-8861-11f1-9d60-b48c9db4e1b4,11,"[0, 1, 1, 1, 0, 1, 0, 1]",1,1,1,,0.625,8
1530,9aa05854-8861-11f1-9d60-b48c9db4e1b4,11,"[0, 1, 1, 1, 0, 1, 0, 1]",2,1,1,,0.625,8
1531,9aa05854-8861-11f1-9d60-b48c9db4e1b4,11,"[0, 1, 1, 1, 0, 1, 0, 1]",3,1,1,,0.625,8
1532,9aa05854-8861-11f1-9d60-b48c9db4e1b4,11,"[0, 1, 1, 1, 0, 1, 0, 1]",4,0,0,,0.625,8
1533,9aa05854-8861-11f1-9d60-b48c9db4e1b4,11,"[0, 1, 1, 1, 0, 1, 0, 1]",5,1,1,,0.625,8
1534,9aa05854-8861-11f1-9d60-b48c9db4e1b4,11,"[0, 1, 1, 1, 0, 1, 0, 1]",6,0,0,,0.625,8
1535,9aa05854-8861-11f1-9d60-b48c9db4e1b4,11,"[0, 1, 1, 1, 0, 1, 0, 1]",7,1,1,,0.625,8
1536,9aa05854-8861-11f1-9d60-b48c9db4e1b4,12,"[1, 1, 0, 0, 0, 1, 1, 1]",0,1,1,,0.625,8
1537,9aa05854-8861-11f1-9d60-b48c9db4e1b4,12,"[1, 1, 0, 0, 0, 1, 1, 1]",1,1,1,,0.625,8
1538,9aa05854-8861-11f1-9d60-b48c9db4e1b4,12,"[1, 1, 0, 0, 0, 1, 1, 1]",2,0,0,,0.625,8
1539,9aa05854-8861-11f1-9d60-b48c9db4e1b4,12,"[1, 1, 0, 0, 0, 1, 1, 1]",3,0,0,,0.625,8
1540,9aa05854-8861-11f1-9d60-b48c9db4e1b4,12,"[1, 1, 0, 0, 0, 1, 1, 1]",4,0,0,,0.625,8
1541,9aa05854-8861-11f1-9d60-b48c9db4e1b4,12,"[1, 1, 0, 0, 0, 1, 1, 1]",5,1,1,,0.625,8
1542,9aa05854-8861-11f1-9d60-b48c9db4e1b4,12,"[1, 1, 0, 0, 0, 1, 1, 1]",6,1,1,,0.625,8
1543,9aa05854-8861-11f1-9d60-b48c9db4e1b4,12,"[1, 1, 0, 0, 0, 1, 1, 1]",7,1,1,,0.625,8
1544,9aa05854-8861-11f1-9d60-b48c9db4e1b4,13,"[1, 1, 0, 0, 0, 0, 1, 0]",0,1,1,,0.625,8
1545,9aa05854-8861-11f1-9d60-b48c9db4e1b4,13,"[1, 1, 0, 0, 0, 0, 1, 0]",1,1,1,,0.625,8
1546,9aa05854-8861-11f1-9d60-b48c9db4e1b4,13,"[1, 1, 0, 0, 0, 0, 1, 0]",2,0,0,,0.625,8
1547,9aa05854-8861-11f1-9d60-b48c9db4e1b4,13,"[1, 1, 0, 0, 0, 0, 1, 0]",3,0,0,,0.625,8
1548,9aa05854-8861-11f1-9d60-b48c9db4e1b4,13,"[1, 1, 0, 0, 0, 0, 1, 0]",4,0,0,,0.625,8
1549,9aa05854-8861-11f1-9d60-b48c9db4e1b4,13,"[1, 1, 0, 0, 0, 0, 1, 0]",5,0,0,,0.625,8
1550,9aa05854-8861-11f1-9d60-b48c9db4e1b4,13,"[1, 1, 0, 0, 0, 0, 1, 0]",6,1,1,,0.625,8
1551,9aa05854-8861-11f1-9d60-b48c9db4e1b4,13,"[1, 1, 0, 0, 0, 0, 1, 0]",7,0,0,,0.625,8
1552,9aa05854-8861-11f1-9d60-b48c9db4e1b4,14,"[0, 0, 0, 0, 0, 0, 0, 1]",0,0,0,,0.625,8
1553,9aa05854-8861-11f1-9d60-b48c9db4e1b4,14,"[0, 0, 0, 0, 0, 0, 0, 1]",1,0,0,,0.625,8
1554,9aa05854-8861-11f1-9d60-b48c9db4e1b4,14,"[0, 0, 0, 0, 0, 0, 0, 1]",2,0,0,,0.625,8
1555,9aa05854-8861-11f1-9d60-b48c9db4e1b4,14,"[0, 0, 0, 0, 0, 0, 0, 1]",3,0,0,,0.625,8
1556,9aa05854-8861-11f1-9d60-b48c9db4e1b4,14,"[0, 0, 0, 0, 0, 0, 0, 1]",4,0,0,,0.625,8
1557,9aa05854-8861-11f1-9d60-b48c9db4e1b4,14,"[0, 0, 0, 0, 0, 0, 0, 1]",5,0,0,,0.625,8
1558,9aa05854-8861-11f1-9d60-b48c9db4e1b4,14,"[0, 0, 0, 0, 0, 0, 0, 1]",6,0,0,,0.625,8
1559,9aa05854-8861-11f1-9d60-b48c9db4e1b4,14,"[0, 0, 0, 0, 0, 0, 0, 1]",7,1,1,,0.625,8
1560,9aa05854-8861-11f1-9d60-b48c9db4e1b4,15,"[0, 0, 0, 0, 0, 1, 1, 1]",0,0,0,,0.625,8
1561,9aa05854-8861-11f1-9d60-b48c9db4e1b4,15,"[0, 0, 0, 0, 0, 1, 1, 1]",1,0,0,,0.625,8
1562,9aa05854-8861-11f1-9d60-b48c9db4e1b4,15,"[0, 0, 0, 0, 0, 1, 1, 1]",2,0,0,,0.625,8
1563,9aa05854-8861-11f1-9d60-b48c9db4e1b4,15,"[0, 0, 0, 0, 0, 1, 1, 1]",3,0,0,,0.625,8
1564,9aa05854-8861-11f1-9d60-b48c9db4e1b4,15,"[0, 0, 0, 0, 0, 1, 1, 1]",4,0,0,,0.625,8
1565,9aa05854-8861-11f1-9d60-b48c9db4e1b4,15,"[0, 0, 0, 0, 0, 1, 1, 1]",5,1,1,,0.625,8
1566,9aa05854-8861-11f1-9d60-b48c9db4e1b4,15,"[0, 0, 0, 0, 0, 1, 1, 1]",6,1,1,,0.625,8
1567,9aa05854-8861-11f1-9d60-b48c9db4e1b4,15,"[0, 0, 0, 0, 0, 1, 1, 1]",7,1,1,,0.625,8
1568,9aa05854-8861-11f1-9d60-b48c9db4e1b4,16,"[1, 0, 0, 0, 0, 1, 0, 1]",0,1,1,,0.625,8
1569,9aa05854-8861-11f1-9d60-b48c9db4e1b4,16,"[1, 0, 0, 0, 0, 1, 0, 1]",1,0,0,,0.625,8
1570,9aa05854-8861-11f1-9d60-b48c9db4e1b4,16,"[1, 0, 0, 0, 0, 1, 0, 1]",2,0,0,,0.625,8
1571,9aa05854-8861-11f1-9d60-b48c9db4e1b4,16,"[1, 0, 0, 0, 0, 1, 0, 1]",3,0,0,,0.625,8
1572,9aa05854-8861-11f1-9d60-b48c9db4e1b4,16,"[1, 0, 0, 0, 0, 1, 0, 1]",4,0,0,,0.625,8
1573,9aa05854-8861-11f1-9d60-b48c9db4e1b4,16,"[1, 0, 0, 0, 0, 1, 0, 1]",5,1,1,,0.625,8
1574,9aa05854-8861-11f1-9d60-b48c9db4e1b4,16,"[1, 0, 0, 0, 0, 1, 0, 1]",6,0,0,,0.625,8
1575,9aa05854-8861-11f1-9d60-b48c9db4e1b4,16,"[1, 0, 0, 0, 0, 1, 0, 1]",7,1,1,,0.625,8
1576,9aa05854-8861-11f1-9d60-b48c9db4e1b4,17,"[0, 0, 0, 1, 0, 0, 0, 0]",0,0,0,,0.625,8
1577,9aa05854-8861-11f1-9d60-b48c9db4e1b4,17,"[0, 0, 0, 1, 0, 0, 0, 0]",1,0,0,,0.625,8
1578,9aa05854-8861-11f1-9d60-b48c9db4e1b4,17,"[0, 0, 0, 1, 0, 0, 0, 0]",2,0,0,,0.625,8
1579,9aa05854-8861-11f1-9d60-b48c9db4e1b4,17,"[0, 0, 0, 1, 0, 0, 0, 0]",3,1,1,,0.625,8
1580,9aa05854-8861-11f1-9d60-b48c9db4e1b4,17,"[0, 0, 0, 1, 0, 0, 0, 0]",4,0,0,,0.625,8
1581,9aa05854-8861-11f1-9d60-b48c9db4e1b4,17,"[0, 0, 0, 1, 0, 0, 0, 0]",5,0,0,,0.625,8
1582,9aa05854-8861-11f1-9d60-b48c9db4e1b4,17,"[0, 0, 0, 1, 0, 0, 0, 0]",6,0,0,,0.625,8
1583,9aa05854-8861-11f1-9d60-b48c9db4e1b4,17,"[0, 0, 0, 1, 0, 0, 0, 0]",7,0,0,,0.625,8
1584,9aa05854-8861-11f1-9d60-b48c9db4e1b4,18,"[1, 0, 0, 1, 0, 1, 1, 0]",0,1,1,,0.625,8
1585,9aa05854-8861-11f1-9d60-b48c9db4e1b4,18,"[1, 0, 0, 1, 0, 1, 1, 0]",1,0,0,,0.625,8
1586,9aa05854-8861-11f1-9d60-b48c9db4e1b4,18,"[1, 0, 0, 1, 0, 1, 1, 0]",2,0,0,,0.625,8
1587,9aa05854-8861-11f1-9d60-b48c9db4e1b4,18,"[1, 0, 0, 1, 0, 1, 1, 0]",3,1,1,,0.625,8
1588,9aa05854-8861-11f1-9d60-b48c9db4e1b4,18,"[1, 0, 0, 1, 0, 1, 1, 0]",4,0,0,,0.625,8
1589,9aa05854-8861-11f1-9d60-b48c9db4e1b4,18,"[1, 0, 0, 1, 0, 1, 1, 0]",5,1,1,,0.625,8
1590,9aa05854-8861-11f1-9d60-b48c9db4e1b4,18,"[1, 0, 0, 1, 0, 1, 1, 0]",6,1,1,,0.625,8
1591,9aa05854-8861-11f1-9d60-b48c9db4e1b4,18,"[1, 0, 0, 1, 0, 1, 1, 0]",7,0,0,,0.625,8
1592,9aa05854-8861-11f1-9d60-b48c9db4e1b4,19,"[1, 1, 1, 1, 1, 1, 0, 0]",0,1,-1,,0.625,8
1593,9aa05854-8861-11f1-9d60-b48c9db4e1b4,19,"[1, 1, 1, 1, 1, 1, 0, 0]",1,1,-1,,0.625,8
1594,9aa05854-8861-11f1-9d60-b48c9db4e1b4,19,"[1, 1, 1, 1, 1, 1, 0, 0]",2,1,-1,,0.625,8
1595,9aa05854-8861-11f1-9d60-b48c9db4e1b4,19,"[1, 1, 1, 1, 1, 1, 0, 0]",3,1,-1,,0.625,8
1596,9aa05854-8861-11f1-9d60-b48c9db4e1b4,19,"[1, 1, 1, 1, 1, 1, 0, 0]",4,1,-1,,0.625,8
1597,9aa05854-8861-11f1-9d60-b48c9db4e1b4,19,"[1, 1, 1, 1, 1, 1, 0, 0]",5,1,-1,,0.625,8
1598,9aa05854-8861-11f1-9d60-b48c9db4e1b4,19,"[1, 1, 1, 1, 1, 1, 0, 0]",6,0,0,,0.625,8
1599,9aa05854-8861-11f1-9d60-b48c9db4e1b4,19,"[1, 1, 1, 1, 1, 1, 0, 0]",7,0,0,,0.625,8
1600,9aa3805f-8861-11f1-927e-b48c9db4e1b4,0,"[1, 0, 1, 0, 1, 0, 1, 1]",0,1,1,,0.625,8
1601,9aa3805f-8861-11f1-927e-b48c9db4e1b4,0,"[1, 0, 1, 0, 1, 0, 1, 1]",1,0,0,,0.625,8
1602,9aa3805f-8861-11f1-927e-b48c9db4e1b4,0,"[1, 0, 1, 0, 1, 0, 1, 1]",2,1,1,,0.625,8
1603,9aa3805f-8861-11f1-927e-b48c9db4e1b4,0,"[1, 0, 1, 0, 1, 0, 1, 1]",3,0,0,,0.625,8
1604,9aa3805f-8861-11f1-927e-b48c9db4e1b4,0,"[1, 0, 1, 0, 1, 0, 1, 1]",4,1,1,,0.625,8
1605,9aa3805f-8861-11f1-927e-b48c9db4e1b4,0,"[1, 0, 1, 0, 1, 0, 1, 1]",5,0,0,,0.625,8
1606,9aa3805f-8861-11f1-927e-b48c9db4e1b4,0,"[1, 0, 1, 0, 1, 0, 1, 1]",6,1,1,,0.625,8
1607,9aa3805f-8861-11f1-927e-b48c9db4e1b4,0,"[1, 0, 1, 0, 1, 0, 1, 1]",7,1,1,,0.625,8
1608,9aa3805f-8861-11f1-927e-b48c9db4e1b4,1,"[0, 1, 1, 0, 1, 0, 0, 1]",0,0,0,,0.625,8
1609,9aa3805f-8861-11f1-927e-b48c9db4e1b4,1,"[0, 1, 1, 0, 1, 0, 0, 1]",1,1,1,,0.625,8
1610,9aa3805f-8861-11f1-927e-b48c9db4e1b4,1,"[0, 1, 1, 0, 1, 0, 0, 1]",2,1,1,,0.625,8
1611,9aa3805f-8861-11f1-927e-b48c9db4e1b4,1,"[0, 1, 1, 0, 1, 0, 0, 1]",3,0,0,,0.625,8
1612,9aa3805f-8861-11f1-927e-b48c9db4e1b4,1,"[0, 1, 1, 0, 1, 0, 0, 1]",4,1,1,,0.625,8
1613,9aa3805f-8861-11f1-927e-b48c9db4e1b4,1,"[0, 1, 1, 0, 1, 0, 0, 1]",5,0,0,,0.625,8
1614,9aa3805f-8861-11f1-927e-b48c9db4e1b4,1,"[0, 1, 1, 0, 1, 0, 0, 1]",6,0,0,,0.625,8
1615,9aa3805f-8861-11f1-927e-b48c9db4e1b4,1,"[0, 1, 1, 0, 1, 0, 0, 1]",7,1,1,,0.625,8
1616,9aa3805f-8861-11f1-927e-b48c9db4e1b4,2,"[1, 1, 1, 1, 1, 0, 1, 0]",0,1,-1,,0.625,8
1617,9aa3805f-8861-11f1-927e-b48c9db4e1b4,2,"[1, 1, 1, 1, 1, 0, 1, 0]",1,1,-1,,0.625,8
1618,9aa3805f-8861-11f1-927e-b48c9db4e1b4,2,"[1, 1, 1, 1, 1, 0, 1, 0]",2,1,-1,,0.625,8
1619,9aa3805f-8861-11f1-927e-b48c9db4e1b4,2,"[1, 1, 1, 1, 1, 0, 1, 0]",3,1,-1,,0.625,8
1620,9aa3805f-8861-11f1-927e-b48c9db4e1b4,2,"[1, 1, 1, 1, 1, 0, 1, 0]",4,1,-1,,0.625,8
1621,9aa3805f-8861-11f1-927e-b48c9db4e1b4,2,"[1, 1, 1, 1, 1, 0, 1, 0]",5,0,0,,0.625,8
1622,9aa3805f-8861-11f1-927e-b48c9db4e1b4,2,"[1, 1, 1, 1, 1, 0, 1, 0]",6,1,-1,,0.625,8
1623,9aa3805f-8861-11f1-927e-b48c9db4e1b4,2,"[1, 1, 1, 1, 1, 0, 1, 0]",7,0,0,,0.625,8
1624,9aa3805f-8861-11f1-927e-b48c9db4e1b4,3,"[1, 0, 1, 0, 0, 1, 0, 1]",0,1,1,,0.625,8
1625,9aa3805f-8861-11f1-927e-b48c9db4e1b4,3,"[1, 0, 1, 0, 0, 1, 0, 1]",1,0,0,,0.625,8
1626,9aa3805f-8861-11f1-927e-b48c9db4e1b4,3,"[1, 0, 1, 0, 0, 1, 0, 1]",2,1,1,,0.625,8
1627,9aa3805f-8861-11f1-927e-b48c9db4e1b4,3,"[1, 0, 1, 0, 0, 1, 0, 1]",3,0,0,,0.625,8
1628,9aa3805f-8861-11f1-927e-b48c9db4e1b4,3,"[1, 0, 1, 0, 0, 1, 0, 1]",4,0,0,,0.625,8
1629,9aa3805f-8861-11f1-927e-b48c9db4e1b4,3,"[1, 0, 1, 0, 0, 1, 0, 1]",5,1,1,,0.625,8
1630,9aa3805f-8861-11f1-927e-b48c9db4e1b4,3,"[1, 0, 1, 0, 0, 1, 0, 1]",6,0,0,,0.625,8
1631,9aa3805f-8861-11f1-927e-b48c9db4e1b4,3,"[1, 0, 1, 0, 0, 1, 0, 1]",7,1,1,,0.625,8
1632,9aa3805f-8861-11f1-927e-b48c9db4e1b4,4,"[1, 0, 1, 1, 0, 1, 1, 1]",0,1,-1,,0.625,8
1633,9aa3805f-8861-11f1-927e-b48c9db4e1b4,4,"[1, 0, 1, 1, 0, 1, 1, 1]",1,0,0,,0.625,8
1634,9aa3805f-8861-11f1-927e-b48c9db4e1b4,4,"[1, 0, 1, 1, 0, 1, 1, 1]",2,1,-1,,0.625,8
1635,9aa3805f-8861-11f1-927e-b48c9db4e1b4,4,"[1, 0, 1, 1, 0, 1, 1, 1]",3,1,-1,,0.625,8
1636,9aa3805f-8861-11f1-927e-b48c9db4e1b4,4,"[1, 0, 1, 1, 0, 1, 1, 1]",4,0,0,,0.625,8
1637,9aa3805f-8861-11f1-927e-b48c9db4e1b4,4,"[1, 0, 1, 1, 0, 1, 1, 1]",5,1,-1,,0.625,8
1638,9aa3805f-8861-11f1-927e-b48c9db4e1b4,4,"[1, 0, 1, 1, 0, 1, 1, 1]",6,1,-1,,0.625,8
1639,9aa3805f-8861-11f1-927e-b48c9db4e1b4,4,"[1, 0, 1, 1, 0, 1, 1, 1]",7,1,-1,,0.625,8
1640,9aa3805f-8861-11f1-927e-b48c9db4e1b4,5,"[0, 0, 0, 0, 0, 1, 1, 0]",0,0,0,,0.625,8
1641,9aa3805f-8861-11f1-927e-b48c9db4e1b4,5,"[0, 0, 0, 0, 0, 1, 1, 0]",1,0,0,,0.625,8
1642,9aa3805f-8861-11f1-927e-b48c9db4e1b4,5,"[0, 0, 0, 0, 0, 1, 1, 0]",2,0,0,,0.625,8
1643,9aa3805f-8861-11f1-927e-b48c9db4e1b4,5,"[0, 0, 0, 0, 0, 1, 1, 0]",3,0,0,,0.625,8
1644,9aa3805f-8861-11f1-927e-b48c9db4e1b4,5,"[0, 0, 0, 0, 0, 1, 1, 0]",4,0,0,,0.625,8
1645,9aa3805f-8861-11f1-927e-b48c9db4e1b4,5,"[0, 0, 0, 0, 0, 1, 1, 0]",5,1,1,,0.625,8
1646,9aa3805f-8861-11f1-927e-b48c9db4e1b4,5,"[0, 0, 0, 0, 0, 1, 1, 0]",6,1,1,,0.625,8
1647,9aa3805f-8861-11f1-927e-b48c9db4e1b4,5,"[0, 0, 0, 0, 0, 1, 1, 0]",7,0,0,,0.625,8
1648,9aa3805f-8861-11f1-927e-b48c9db4e1b4,6,"[1, 0, 0, 1, 1, 0, 0, 0]",0,1,1,,0.625,8
1649,9aa3805f-8861-11f1-927e-b48c9db4e1b4,6,"[1, 0, 0, 1, 1, 0, 0, 0]",1,0,0,,0.625,8
1650,9aa3805f-8861-11f1-927e-b48c9db4e1b4,6,"[1, 0, 0, 1, 1, 0, 0, 0]",2,0,0,,0.625,8
1651,9aa3805f-8861-11f1-927e-b48c9db4e1b4,6,"[1, 0, 0, 1, 1, 0, 0, 0]",3,1,1,,0.625,8
1652,9aa3805f-8861-11f1-927e-b48c9db4e1b4,6,"[1, 0, 0, 1, 1, 0, 0, 0]",4,1,1,,0.625,8
1653,9aa3805f-8861-11f1-927e-b48c9db4e1b4,6,"[1, 0, 0, 1, 1, 0, 0, 0]",5,0,0,,0.625,8
1654,9aa3805f-8861-11f1-927e-b48c9db4e1b4,6,"[1, 0, 0, 1, 1, 0, 0, 0]",6,0,0,,0.625,8
1655,9aa3805f-8861-11f1-927e-b48c9db4e1b4,6,"[1, 0, 0, 1, 1, 0, 0, 0]",7,0,0,,0.625,8
1656,9aa3805f-8861-11f1-927e-b48c9db4e1b4,7,"[1, 0, 0, 0, 1, 1, 1, 0]",0,1,1,,0.625,8
1657,9aa3805f-8861-11f1-927e-b48c9db4e1b4,7,"[1, 0, 0, 0, 1, 1, 1, 0]",1,0,0,,0.625,8
1658,9aa3805f-8861-11f1-927e-b48c9db4e1b4,7,"[1, 0, 0, 0, 1, 1, 1, 0]",2,0,0,,0.625,8
1659,9aa3805f-8861-11f1-927e-b48c9db4e1b4,7,"[1, 0, 0, 0, 1, 1, 1, 0]",3,0,0,,0.625,8
1660,9aa3805f-8861-11f1-927e-b48c9db4e1b4,7,"[1, 0, 0, 0, 1, 1, 1, 0]",4,1,1,,0.625,8
1661,9aa3805f-8861-11f1-927e-b48c9db4e1b4,7,"[1, 0, 0, 0, 1, 1, 1, 0]",5,1,1,,0.625,8
1662,9aa3805f-8861-11f1-927e-b48c9db4e1b4,7,"[1, 0, 0, 0, 1, 1, 1, 0]",6,1,1,,0.625,8
1663,9aa3805f-8861-11f1-927e-b48c9db4e1b4,7,"[1, 0, 0, 0, 1, 1, 1, 0]",7,0,0,,0.625,8
1664,9aa3805f-8861-11f1-927e-b48c9db4e1b4,8,"[0, 1, 1, 0, 0, 0, 0, 1]",0,0,0,,0.625,8
1665,9aa3805f-8861-11f1-927e-b48c9db4e1b4,8,"[0, 1, 1, 0, 0, 0, 0, 1]",1,1,1,,0.625,8
1666,9aa3805f-8861-11f1-927e-b48c9db4e1b4,8,"[0, 1, 1, 0, 0, 0, 0, 1]",2,1,1,,0.625,8
1667,9aa3805f-8861-11f1-927e-b48c9db4e1b4,8,"[0, 1, 1, 0, 0, 0, 0, 1]",3,0,0,,0.625,8
1668,9aa3805f-8861-11f1-927e-b48c9db4e1b4,8,"[0, 1, 1, 0, 0, 0, 0, 1]",4,0,0,,0.625,8
1669,9aa3805f-8861-11f1-927e-b48c9db4e1b4,8,"[0, 1, 1, 0, 0, 0, 0, 1]",5,0,0,,0.625,8
1670,9aa3805f-8861-11f1-927e-b48c9db4e1b4,8,"[0, 1, 1, 0, 0, 0, 0, 1]",6,0,0,,0.625,8
1671,9aa3805f-8861-11f1-927e-b48c9db4e1b4,8,"[0, 1, 1, 0, 0, 0, 0, 1]",7,1,1,,0.625,8
1672,9aa3805f-8861-11f1-927e-b48c9db4e1b4,9,"[1, 0, 1, 0, 1, 1, 0, 1]",0,1,1,,0.625,8
1673,9aa3805f-8861-11f1-927e-b48c9db4e1b4,9,"[1, 0, 1, 0, 1, 1, 0, 1]",1,0,0,,0.625,8
1674,9aa3805f-8861-11f1-927e-b48c9db4e1b4,9,"[1, 0, 1, 0, 1, 1, 0, 1]",2,1,1,,0.625,8
1675,9aa3805f-8861-11f1-927e-b48c9db4e1b4,9,"[1, 0, 1, 0, 1, 1, 0, 1]",3,0,0,,0.625,8
1676,9aa3805f-8861-11f1-927e-b48c9db4e1b4,9,"[1, 0, 1, 0, 1, 1, 0, 1]",4,1,1,,0.625,8
1677,9aa3805f-8861-11f1-927e-b48c9db4e1b4,9,"[1, 0, 1, 0, 1, 1, 0, 1]",5,1,1,,0.625,8
1678,9aa3805f-8861-11f1-927e-b48c9db4e1b4,9,"[1, 0, 1, 0, 1, 1, 0, 1]",6,0,0,,0.625,8
1679,9aa3805f-8861-11f1-927e-b48c9db4e1b4,9,"[1, 0, 1, 0, 1, 1, 0, 1]",7,1,1,,0.625,8
1680,9aa3805f-8861-11f1-927e-b48c9db4e1b4,10,"[0, 1, 0, 1, 1, 1, 1, 0]",0,0,0,,0.625,8
1681,9aa3805f-8861-11f1-927e-b48c9db4e1b4,10,"[0, 1, 0, 1, 1, 1, 1, 0]",1,1,1,,0.625,8
1682,9aa3805f-8861-11f1-927e-b48c9db4e1b4,10,"[0, 1, 0, 1, 1, 1, 1, 0]",2,0,0,,0.625,8
1683,9aa3805f-8861-11f1-927e-b48c9db4e1b4,10,"[0, 1, 0, 1, 1, 1, 1, 0]",3,1,1,,0.625,8
1684,9aa3805f-8861-11f1-927e-b48c9db4e1b4,10,"[0, 1, 0, 1, 1, 1, 1, 0]",4,1,1,,0.625,8
1685,9aa3805f-8861-11f1-927e-b48c9db4e1b4,10,"[0, 1, 0, 1, 1, 1, 1, 0]",5,1,1,,0.625,8
1686,9aa3805f-8861-11f1-927e-b48c9db4e1b4,10,"[0, 1, 0, 1, 1, 1, 1, 0]",6,1,1,,0.625,8
1687,9aa3805f-8861-11f1-927e-b48c9db4e1b4,10,"[0, 1, 0, 1, 1, 1, 1, 0]",7,0,0,,0.625,8
1688,9aa3805f-8861-11f1-927e-b48c9db4e1b4,11,"[1, 1, 0, 1, 1, 1, 0, 1]",0,1,-1,,0.625,8
1689,9aa3805f-8861-11f1-927e-b48c9db4e1b4,11,"[1, 1, 0, 1, 1, 1, 0, 1]",1,1,-1,,0.625,8
1690,9aa3805f-8861-11f1-927e-b48c9db4e1b4,11,"[1, 1, 0, 1, 1, 1, 0, 1]",2,0,0,,0.625,8
1691,9aa3805f-8861-11f1-927e-b48c9db4e1b4,11,"[1, 1, 0, 1, 1, 1, 0, 1]",3,1,-1,,0.625,8
1692,9aa3805f-8861-11f1-927e-b48c9db4e1b4,11,"[1, 1, 0, 1, 1, 1, 0, 1]",4,1,-1,,0.625,8
1693,9aa3805f-8861-11f1-927e-b48c9db4e1b4,11,"[1, 1, 0, 1, 1, 1, 0, 1]",5,1,-1,,0.625,8
1694,9aa3805f-8861-11f1-927e-b48c9db4e1b4,11,"[1, 1, 0, 1, 1, 1, 0, 1]",6,0,0,,0.625,8
1695,9aa3805f-8861-11f1-927e-b48c9db4e1b4,11,"[1, 1, 0, 1, 1, 1, 0, 1]",7,1,-1,,0.625,8
1696,9aa3805f-8861-11f1-927e-b48c9db4e1b4,12,"[1, 0, 0, 1, 0, 1, 0, 1]",0,1,1,,0.625,8
1697,9aa3805f-8861-11f1-927e-b48c9db4e1b4,12,"[1, 0, 0, 1, 0, 1, 0, 1]",1,0,0,,0.625,8
1698,9aa3805f-8861-11f1-927e-b48c9db4e1b4,12,"[1, 0, 0, 1, 0, 1, 0, 1]",2,0,0,,0.625,8
1699,9aa3805f-8861-11f1-927e-b48c9db4e1b4,12,"[1, 0, 0, 1, 0, 1, 0, 1]",3,1,1,,0.625,8
1700,9aa3805f-8861-11f1-927e-b48c9db4e1b4,12,"[1, 0, 0, 1, 0, 1, 0, 1]",4,0,0,,0.625,8
1701,9aa3805f-8861-11f1-927e-b48c9db4e1b4,12,"[1, 0, 0, 1, 0, 1, 0, 1]",5,1,1,,0.625,8
1702,9aa3805f-8861-11f1-927e-b48c9db4e1b4,12,"[1, 0, 0, 1, 0, 1, 0, 1]",6,0,0,,0.625,8
1703,9aa3805f-8861-11f1-927e-b48c9db4e1b4,12,"[1, 0, 0, 1, 0, 1, 0, 1]",7,1,1,,0.625,8
1704,9aa3805f-8861-11f1-927e-b48c9db4e1b4,13,"[1, 0, 1, 1, 1, 0, 0, 0]",0,1,1,,0.625,8
1705,9aa3805f-8861-11f1-927e-b48c9db4e1b4,13,"[1, 0, 1, 1, 1, 0, 0, 0]",1,0,0,,0.625,8
1706,9aa3805f-8861-11f1-927e-b48c9db4e1b4,13,"[1, 0, 1, 1, 1, 0, 0, 0]",2,1,1,,0.625,8
1707,9aa3805f-8861-11f1-927e-b48c9db4e1b4,13,"[1, 0, 1, 1, 1, 0, 0, 0]",3,1,1,,0.625,8
1708,9aa3805f-8861-11f1-927e-b48c9db4e1b4,13,"[1, 0, 1, 1, 1, 0, 0, 0]",4,1,1,,0.625,8
1709,9aa3805f-8861-11f1-927e-b48c9db4e1b4,13,"[1, 0, 1, 1, 1, 0, 0, 0]",5,0,0,,0.625,8
1710,9aa3805f-8861-11f1-927e-b48c9db4e1b4,13,"[1, 0, 1, 1, 1, 0, 0, 0]",6,0,0,,0.625,8
1711,9aa3805f-8861-11f1-927e-b48c9db4e1b4,13,"[1, 0, 1, 1, 1, 0, 0, 0]",7,0,0,,0.625,8
1712,9aa3805f-8861-11f1-927e-b48c9db4e1b4,14,"[1, 1, 0, 0, 1, 1, 1, 1]",0,1,-1,,0.625,8
1713,9aa3805f-8861-11f1-927e-b48c9db4e1b4,14,"[1, 1, 0, 0, 1, 1, 1, 1]",1,1,-1,,0.625,8
1714,9aa3805f-8861-11f1-927e-b48c9db4e1b4,14,"[1, 1, 0, 0, 1, 1, 1, 1]",2,0,0,,0.625,8
1715,9aa3805f-8861-11f1-927e-b48c9db4e1b4,14,"[1, 1, 0, 0, 1, 1, 1, 1]",3,0,0,,0.625,8
1716,9aa3805f-8861-11f1-927e-b48c9db4e1b4,14,"[1, 1, 0, 0, 1, 1, 1, 1]",4,1,-1,,0.625,8
1717,9aa3805f-8861-11f1-927e-b48c9db4e1b4,14,"[1, 1, 0, 0, 1, 1, 1, 1]",5,1,-1,,0.625,8
1718,9aa3805f-8861-11f1-927e-b48c9db4e1b4,14,"[1, 1, 0, 0, 1, 1, 1, 1]",6,1,-1,,0.625,8
1719,9aa3805f-8861-11f1-927e-b48c9db4e1b4,14,"[1, 1, 0, 0, 1, 1, 1, 1]",7,1,-1,,0.625,8
1720,9aa3805f-8861-11f1-927e-b48c9db4e1b4,15,"[0, 0, 1, 1, 1, 1, 1, 0]",0,0,0,,0.625,8
1721,9aa3805f-8861-11f1-927e-b48c9db4e1b4,15,"[0, 0, 1, 1, 1, 1, 1, 0]",1,0,0,,0.625,8
1722,9aa3805f-8861-11f1-927e-b48c9db4e1b4,15,"[0, 0, 1, 1, 1, 1, 1, 0]",2,1,1,,0.625,8
1723,9aa3805f-8861-11f1-927e-b48c9db4e1b4,15,"[0, 0, 1, 1, 1, 1, 1, 0]",3,1,1,,0.625,8
1724,9aa3805f-8861-11f1-927e-b48c9db4e1b4,15,"[0, 0, 1, 1, 1, 1, 1, 0]",4,1,1,,0.625,8
1725,9aa3805f-8861-11f1-927e-b48c9db4e1b4,15,"[0, 0, 1, 1, 1, 1, 1, 0]",5,1,1,,0.625,8
1726,9aa3805f-8861-11f1-927e-b48c9db4e1b4,15,"[0, 0, 1, 1, 1, 1, 1, 0]",6,1,1,,0.625,8
1727,9aa3805f-8861-11f1-927e-b48c9db4e1b4,15,"[0, 0, 1, 1, 1, 1, 1, 0]",7,0,0,,0.625,8
1728,9aa3805f-8861-11f1-927e-b48c9db4e1b4,16,"[1, 0, 1, 1, 1, 0, 1, 0]",0,1,1,,0.625,8
1729,9aa3805f-8861-11f1-927e-b48c9db4e1b4,16,"[1, 0, 1, 1, 1, 0, 1, 0]",1,0,0,,0.625,8
1730,9aa3805f-8861-11f1-927e-b48c9db4e1b4,16,"[1, 0, 1, 1, 1, 0, 1, 0]",2,1,1,,0.625,8
1731,9aa3805f-8861-11f1-927e-b48c9db4e1b4,16,"[1, 0, 1, 1, 1, 0, 1, 0]",3,1,1,,0.625,8
1732,9aa3805f-8861-11f1-927e-b48c9db4e1b4,16,"[1, 0, 1, 1, 1, 0, 1, 0]",4,1,1,,0.625,8
1733,9aa3805f-8861-11f1-927e-b48c9db4e1b4,16,"[1, 0, 1, 1, 1, 0, 1, 0]",5,0,0,,0.625,8
1734,9aa3805f-8861-11f1-927e-b48c9db4e1b4,16,"[1, 0, 1, 1, 1, 0, 1, 0]",6,1,1,,0.625,8
1735,9aa3805f-8861-11f1-927e-b48c9db4e1b4,16,"[1, 0, 1, 1, 1, 0, 1, 0]",7,0,0,,0.625,8
1736,9aa3805f-8861-11f1-927e-b48c9db4e1b4,17,"[1, 1, 0, 0, 1, 1, 0, 0]",0,1,1,,0.625,8
1737,9aa3805f-8861-11f1-927e-b48c9db4e1b4,17,"[1, 1, 0, 0, 1, 1, 0, 0]",1,1,1,,0.625,8
1738,9aa3805f-8861-11f1-927e-b48c9db4e1b4,17,"[1, 1, 0, 0, 1, 1, 0, 0]",2,0,0,,0.625,8
1739,9aa3805f-8861-11f1-927e-b48c9db4e1b4,17,"[1, 1, 0, 0, 1, 1, 0, 0]",3,0,0,,0.625,8
1740,9aa3805f-8861-11f1-927e-b48c9db4e1b4,17,"[1, 1, 0, 0, 1, 1, 0, 0]",4,1,1,,0.625,8
1741,9aa3805f-8861-11f1-927e-b48c9db4e1b4,17,"[1, 1, 0, 0, 1, 1, 0, 0]",5,1,1,,0.625,8
1742,9aa3805f-8861-11f1-927e-b48c9db4e1b4,17,"[1, 1, 0, 0, 1, 1, 0, 0]",6,0,0,,0.625,8
1743,9aa3805f-8861-11f1-927e-b48c9db4e1b4,17,"[1, 1, 0, 0, 1, 1, 0, 0]",7,0,0,,0.625,8
1744,9aa3805f-8861-11f1-927e-b48c9db4e1b4,18,"[1, 0, 1, 1, 1, 0, 0, 1]",0,1,1,,0.625,8
1745,9aa3805f-8861-11f1-927e-b48c9db4e1b4,18,"[1, 0, 1, 1, 1, 0, 0, 1]",1,0,0,,0.625,8
1746,9aa3805f-8861-11f1-927e-b48c9db4e1b4,18,"[1, 0, 1, 1, 1, 0, 0, 1]",2,1,1,,0.625,8
1747,9aa3805f-8861-11f1-927e-b48c9db4e1b4,18,"[1, 0, 1, 1, 1, 0, 0, 1]",3,1,1,,0.625,8
1748,9aa3805f-8861-11f1-927e-b48c9db4e1b4,18,"[1, 0, 1, 1, 1, 0, 0, 1]",4,1,1,,0.625,8
1749,9aa3805f-8861-11f1-927e-b48c9db4e1b4,18,"[1, 0, 1, 1, 1, 0, 0, 1]",5,0,0,,0.625,8
1750,9aa3805f-8861-11f1-927e-b48c9db4e1b4,18,"[1, 0, 1, 1, 1, 0, 0, 1]",6,0,0,,0.625,8
1751,9aa3805f-8861-11f1-927e-b48c9db4e1b4,18,"[1, 0, 1, 1, 1, 0, 0, 1]",7,1,1,,0.625,8
1752,9aa3805f-8861-11f1-927e-b48c9db4e1b4,19,"[1, 1, 1, 0, 0, 1, 1, 0]",0,1,1,,0.625,8
1753,9aa3805f-8861-11f1-927e-b48c9db4e1b4,19,"[1, 1, 1, 0, 0, 1, 1, 0]",1,1,1,,0.625,8
1754,9aa3805f-8861-11f1-927e-b48c9db4e1b4,19,"[1, 1, 1, 0, 0, 1, 1, 0]",2,1,1,,0.625,8
1755,9aa3805f-8861-11f1-927e-b48c9db4e1b4,19,"[1, 1, 1, 0, 0, 1, 1, 0]",3,0,0,,0.625,8
1756,9aa3805f-8861-11f1-927e-b48c9db4e1b4,19,"[1, 1, 1, 0, 0, 1, 1, 0]",4,0,0,,0.625,8
1757,9aa3805f-8861-11f1-927e-b48c9db4e1b4,19,"[1, 1, 1, 0, 0, 1, 1, 0]",5,1,1,,0.625,8
1758,9aa3805f-8861-11f1-927e-b48c9db4e1b4,19,"[1, 1, 1, 0, 0, 1, 1, 0]",6,1,1,,0.625,8
1759,9aa3805f-8861-11f1-927e-b48c9db4e1b4,19,"[1, 1, 1, 0, 0, 1, 1, 0]",7,0,0,,0.625,8
1760,9aa64f9f-8861-11f1-88bb-b48c9db4e1b4,0,"[1, 1, 0, 1, 0, 1, 0, 1]",0,1,1,,0.625,8
1761,9aa64f9f-8861-11f1-88bb-b48c9db4e1b4,0,"[1, 1, 0, 1, 0, 1, 0, 1]",1,1,1,,0.625,8
1762,9aa64f9f-8861-11f1-88bb-b48c9db4e1b4,0,"[1, 1, 0, 1, 0, 1, 0, 1]",2,0,0,,0.625,8
1763,9aa64f9f-8861-11f1-88bb-b48c9db4e1b4,0,"[1, 1, 0, 1, 0, 1, 0, 1]",3,1,1,,0.625,8
1764,9aa64f9f-8861-11f1-88bb-b48c9db4e1b4,0,"[1, 1, 0, 1, 0, 1, 0, 1]",4,0,0,,0.625,8
1765,9aa64f9f-8861-11f1-88bb-b48c9db4e1b4,0,"[1, 1, 0, 1, 0, 1, 0, 1]",5,1,1,,0.625,8
1766,9aa64f9f-8861-11f1-88bb-b48c9db4e1b4,0,"[1, 1, 0, 1, 0, 1, 0, 1]",6,0,0,,0.625,8
1767,9aa64f9f-8861-11f1-88bb-b48c9db4e1b4,0,"[1, 1, 0, 1, 0, 1, 0, 1]",7,1,1,,0.625,8
1768,9aa64f9f-8861-11f1-88bb-b48c9db4e1b4,1,"[1, 0, 0, 0, 1, 1, 1, 0]",0,1,1,,0.625,8
1769,9aa64f9f-8861-11f1-88bb-b48c9db4e1b4,1,"[1, 0, 0, 0, 1, 1, 1, 0]",1,0,0,,0.625,8
1770,9aa64f9f-8861-11f1-88bb-b48c9db4e1b4,1,"[1, 0, 0, 0, 1, 1, 1, 0]",2,0,0,,0.625,8
1771,9aa64f9f-8861-11f1-88bb-b48c9db4e1b4,1,"[1, 0, 0, 0, 1, 1, 1, 0]",3,0,0,,0.625,8
1772,9aa64f9f-8861-11f1-88bb-b48c9db4e1b4,1,"[1, 0, 0, 0, 1, 1, 1, 0]",4,1,1,,0.625,8
1773,9aa64f9f-8861-11f1-88bb-b48c9db4e1b4,1,"[1, 0, 0, 0, 1, 1, 1, 0]",5,1,1,,0.625,8
1774,9aa64f9f-8861-11f1-88bb-b48c9db4e1b4,1,"[1, 0, 0, 0, 1, 1, 1, 0]",6,1,1,,0.625,8
1775,9aa64f9f-8861-11f1-88bb-b48c9db4e1b4,1,"[1, 0, 0, 0, 1, 1, 1, 0]",7,0,0,,0.625,8
1776,9aa64f9f-8861-11f1-88bb-b48c9db4e1b4,2,"[0, 1, 0, 0, 1, 0, 0, 0]",0,0,0,,0.625,8
1777,9aa64f9f-8861-11f1-88bb-b48c9db4e1b4,2,"[0, 1, 0, 0, 1, 0, 0, 0]",1,1,1,,0.625,8
1778,9aa64f9f-8861-11f1-88bb-b48c9db4e1b4,2,"[0, 1, 0, 0, 1, 0, 0, 0]",2,0,0,,0.625,8
1779,9aa64f9f-8861-11f1-88bb-b48c9db4e1b4,2,"[0, 1, 0, 0, 1, 0, 0, 0]",3,0,0,,0.625,8
1780,9aa64f9f-8861-11f1-88bb-b48c9db4e1b4,2,"[0, 1, 0, 0, 1, 0, 0, 0]",4,1,1,,0.625,8
1781,9aa64f9f-8861-11f1-88bb-b48c9db4e1b4,2,"[0, 1, 0, 0, 1, 0, 0, 0]",5,0,0,,0.625,8
1782,9aa64f9f-8861-11f1-88bb-b48c9db4e1b4,2,"[0, 1, 0, 0, 1, 0, 0, 0]",6,0,0,,0.625,8
1783,9aa64f9f-8861-11f1-88bb-b48c9db4e1b4,2,"[0, 1, 0, 0, 1, 0, 0, 0]",7,0,0,,0.625,8
1784,9aa64f9f-8861-11f1-88bb-b48c9db4e1b4,3,"[1, 0, 0, 1, 0, 1, 1, 0]",0,1,1,,0.625,8
1785,9aa64f9f-8861-11f1-88bb-b48c9db4e1b4,3,"[1, 0, 0, 1, 0, 1, 1, 0]",1,0,0,,0.625,8
1786,9aa64f9f-8861-11f1-88bb-b48c9db4e1b4,3,"[1, 0, 0, 1, 0, 1, 1, 0]",2,0,0,,0.625,8
1787,9aa64f9f-8861-11f1-88bb-b48c9db4e1b4,3,"[1, 0, 0, 1, 0, 1, 1, 0]",3,1,1,,0.625,8
1788,9aa64f9f-8861-11f1-88bb-b48c9db4e1b4,3,"[1, 0, 0, 1, 0, 1, 1, 0]",4,0,0,,0.625,8
1789,9aa64f9f-8861-11f1-88bb-b48c9db4e1b4,3,"[1, 0, 0, 1, 0, 1, 1, 0]",5,1,1,,0.625,8
1790,9aa64f9f-8861-11f1-88bb-b48c9db4e1b4,3,"[1, 0, 0, 1, 0, 1, 1, 0]",6,1,1,,0.625,8
1791,9aa64f9f-8861-11f1-88bb-b48c9db4e1b4,3,"[1, 0, 0, 1, 0, 1, 1, 0]",7,0,0,,0.625,8
1792,9aa64f9f-8861-11f1-88bb-b48c9db4e1b4,4,"[1, 1, 0, 1, 1, 1, 1, 0]",0,1,-1,,0.625,8
1793,9aa64f9f-8861-11f1-88bb-b48c9db4e1b4,4,"[1, 1, 0, 1, 1, 1, 1, 0]",1,1,-1,,0.625,8
1794,9aa64f9f-8861-11f1-88bb-b48c9db4e1b4,4,"[1, 1, 0, 1, 1, 1, 1, 0]",2,0,0,,0.625,8
1795,9aa64f9f-8861-11f1-88bb-b48c9db4e1b4,4,"[1, 1, 0, 1, 1, 1, 1, 0]",3,1,-1,,0.625,8
1796,9aa64f9f-8861-11f1-88bb-b48c9db4e1b4,4,"[1, 1, 0, 1, 1, 1, 1, 0]",4,1,-1,,0.625,8
1797,9aa64f9f-8861-11f1-88bb-b48c9db4e1b4,4,"[1, 1, 0, 1, 1, 1, 1, 0]",5,1,-1,,0.625,8
1798,9aa64f9f-8861-11f1-88bb-b48c9db4e1b4,4,"[1, 1, 0, 1, 1, 1, 1, 0]",6,1,-1,,0.625,8
1799,9aa64f9f-8861-11f1-88bb-b48c9db4e1b4,4,"[1, 1, 0, 1, 1, 1, 1, 0]",7,0,0,,0.625,8
1800,9aa64f9f-8861-11f1-88bb-b48c9db4e1b4,5,"[0, 0, 1, 0, 0, 0, 0, 1]",0,0,0,,0.625,8
1801,9aa64f9f-8861-11f1-88bb-b48c9db4e1b4,5,"[0, 0, 1, 0, 0, 0, 0, 1]",1,0,0,,0.625,8
1802,9aa64f9f-8861-11f1-88bb-b48c9db4e1b4,5,"[0, 0, 1, 0, 0, 0, 0, 1]",2,1,1,,0.625,8
1803,9aa64f9f-8861-11f1-88bb-b48c9db4e1b4,5,"[0, 0, 1, 0, 0, 0, 0, 1]",3,0,0,,0.625,8
1804,9aa64f9f-8861-11f1-88bb-b48c9db4e1b4,5,"[0, 0, 1, 0, 0, 0, 0, 1]",4,0,0,,0.625,8
1805,9aa64f9f-8861-11f1-88bb-b48c9db4e1b4,5,"[0, 0, 1, 0, 0, 0, 0, 1]",5,0,0,,0.625,8
1806,9aa64f9f-8861-11f1-88bb-b48c9db4e1b4,5,"[0, 0, 1, 0, 0, 0, 0, 1]",6,0,0,,0.625,8
1807,9aa64f9f-8861-11f1-88bb-b48c9db4e1b4,5,"[0, 0, 1, 0, 0, 0, 0, 1]",7,1,1,,0.625,8
1808,9aa64f9f-8861-11f1-88bb-b48c9db4e1b4,6,"[1, 1, 1, 0, 1, 1, 0, 1]",0,1,-1,,0.625,8
1809,9aa64f9f-8861-11f1-88bb-b48c9db4e1b4,6,"[1, 1, 1, 0, 1, 1, 0, 1]",1,1,-1,,0.625,8
1810,9aa64f9f-8861-11f1-88bb-b48c9db4e1b4,6,"[1, 1, 1, 0, 1, 1, 0, 1]",2,1,-1,,0.625,8
1811,9aa64f9f-8861-11f1-88bb-b48c9db4e1b4,6,"[1, 1, 1, 0, 1, 1, 0, 1]",3,0,0,,0.625,8
1812,9aa64f9f-8861-11f1-88bb-b48c9db4e1b4,6,"[1, 1, 1, 0, 1, 1, 0, 1]",4,1,-1,,0.625,8
1813,9aa64f9f-8861-11f1-88bb-b48c9db4e1b4,6,"[1, 1, 1, 0, 1, 1, 0, 1]",5,1,-1,,0.625,8
1814,9aa64f9f-8861-11f1-88bb-b48c9db4e1b4,6,"[1, 1, 1, 0, 1, 1, 0, 1]",6,0,0,,0.625,8
1815,9aa64f9f-8861-11f1-88bb-b48c9db4e1b4,6,"[1, 1, 1, 0, 1, 1, 0, 1]",7,1,-1,,0.625,8
1816,9aa64f9f-8861-11f1-88bb-b48c9db4e1b4,7,"[0, 1, 0, 0, 1, 0, 0, 1]",0,0,0,,0.625,8
1817,9aa64f9f-8861-11f1-88bb-b48c9db4e1b4,7,"[0, 1, 0, 0, 1, 0, 0, 1]",1,1,1,,0.625,8
1818,9aa64f9f-8861-11f1-88bb-b48c9db4e1b4,7,"[0, 1, 0, 0, 1, 0, 0, 1]",2,0,0,,0.625,8
1819,9aa64f9f-8861-11f1-88bb-b48c9db4e1b4,7,"[0, 1, 0, 0, 1, 0, 0, 1]",3,0,0,,0.625,8
1820,9aa64f9f-8861-11f1-88bb-b48c9db4e1b4,7,"[0, 1, 0, 0, 1, 0, 0, 1]",4,1,1,,0.625,8
1821,9aa64f9f-8861-11f1-88bb-b48c9db4e1b4,7,"[0, 1, 0, 0, 1, 0, 0, 1]",5,0,0,,0.625,8
1822,9aa64f9f-8861-11f1-88bb-b48c9db4e1b4,7,"[0, 1, 0, 0, 1, 0, 0, 1]",6,0,0,,0.625,8
1823,9aa64f9f-8861-11f1-88bb-b48c9db4e1b4,7,"[0, 1, 0, 0, 1, 0, 0, 1]",7,1,1,,0.625,8
1824,9aa64f9f-8861-11f1-88bb-b48c9db4e1b4,8,"[0, 1, 0, 1, 0, 0, 1, 1]",0,0,0,,0.625,8
1825,9aa64f9f-8861-11f1-88bb-b48c9db4e1b4,8,"[0, 1, 0, 1, 0, 0, 1, 1]",1,1,1,,0.625,8
1826,9aa64f9f-8861-11f1-88bb-b48c9db4e1b4,8,"[0, 1, 0, 1, 0, 0, 1, 1]",2,0,0,,0.625,8
1827,9aa64f9f-8861-11f1-88bb-b48c9db4e1b4,8,"[0, 1, 0, 1, 0, 0, 1, 1]",3,1,1,,0.625,8
1828,9aa64f9f-8861-11f1-88bb-b48c9db4e1b4,8,"[0, 1, 0, 1, 0, 0, 1, 1]",4,0,0,,0.625,8
1829,9aa64f9f-8861-11f1-88bb-b48c9db4e1b4,8,"[0, 1, 0, 1, 0, 0, 1, 1]",5,0,0,,0.625,8
1830,9aa64f9f-8861-11f1-88bb-b48c9db4e1b4,8,"[0, 1, 0, 1, 0, 0, 1, 1]",6,1,1,,0.625,8
1831,9aa64f9f-8861-11f1-88bb-b48c9db4e1b4,8,"[0, 1, 0, 1, 0, 0, 1, 1]",7,1,1,,0.625,8
1832,9aa64f9f-8861-11f1-88bb-b48c9db4e1b4,9,"[0, 0, 1, 1, 1, 1, 1, 0]",0,0,0,,0.625,8
1833,9aa64f9f-8861-11f1-88bb-b48c9db4e1b4,9,"[0, 0, 1, 1, 1, 1, 1, 0]",1,0,0,,0.625,8
1834,9aa64f9f-8861-11f1-88bb-b48c9db4e1b4,9,"[0, 0, 1, 1, 1, 1, 1, 0]",2,1,1,,0.625,8
1835,9aa64f9f-8861-11f1-88bb-b48c9db4e1b4,9,"[0, 0, 1, 1, 1, 1, 1, 0]",3,1,1,,0.625,8
1836,9aa64f9f-8861-11f1-88bb-b48c9db4e1b4,9,"[0, 0, 1, 1, 1, 1, 1, 0]",4,1,1,,0.625,8
1837,9aa64f9f-8861-11f1-88bb-b48c9db4e1b4,9,"[0, 0, 1, 1, 1, 1, 1, 0]",5,1,1,,0.625,8
1838,9aa64f9f-8861-11f1-88bb-b48c9db4e1b4,9,"[0, 0, 1, 1, 1, 1, 1, 0]",6,1,1,,0.625,8
1839,9aa64f9f-8861-11f1-88bb-b48c9db4e1b4,9,"[0, 0, 1, 1, 1, 1, 1, 0]",7,0,0,,0.625,8
1840,9aa64f9f-8861-11f1-88bb-b48c9db4e1b4,10,"[1, 1, 0, 0, 1, 0, 0, 0]",0,1,1,,0.625,8
1841,9aa64f9f-8861-11f1-88bb-b48c9db4e1b4,10,"[1, 1, 0, 0, 1, 0, 0, 0]",1,1,1,,0.625,8
1842,9aa64f9f-8861-11f1-88bb-b48c9db4e1b4,10,"[1, 1, 0, 0, 1, 0, 0, 0]",2,0,0,,0.625,8
1843,9aa64f9f-8861-11f1-88bb-b48c9db4e1b4,10,"[1, 1, 0, 0, 1, 0, 0, 0]",3,0,0,,0.625,8
1844,9aa64f9f-8861-11f1-88bb-b48c9db4e1b4,10,"[1, 1, 0, 0, 1, 0, 0, 0]",4,1,1,,0.625,8
1845,9aa64f9f-8861-11f1-88bb-b48c9db4e1b4,10,"[1, 1, 0, 0, 1, 0, 0, 0]",5,0,0,,0.625,8
1846,9aa64f9f-8861-11f1-88bb-b48c9db4e1b4,10,"[1, 1, 0, 0, 1, 0, 0, 0]",6,0,0,,0.625,8
1847,9aa64f9f-8861-11f1-88bb-b48c9db4e1b4,10,"[1, 1, 0, 0, 1, 0, 0, 0]",7,0,0,,0.625,8
1848,9aa64f9f-8861-11f1-88bb-b48c9db4e1b4,11,"[1, 1, 1, 1, 1, 0, 1, 1]",0,1,-1,,0.625,8
1849,9aa64f9f-8861-11f1-88bb-b48c9db4e1b4,11,"[1, 1, 1, 1, 1, 0, 1, 1]",1,1,-1,,0.625,8
1850,9aa64f9f-8861-11f1-88bb-b48c9db4e1b4,11,"[1, 1, 1, 1, 1, 0, 1, 1]",2,1,-1,,0.625,8
1851,9aa64f9f-8861-11f1-88bb-b48c9db4e1b4,11,"[1, 1, 1, 1, 1, 0, 1, 1]",3,1,-1,,0.625,8
1852,9aa64f9f-8861-11f1-88bb-b48c9db4e1b4,11,"[1, 1, 1, 1, 1, 0, 1, 1]",4,1,-1,,0.625,8
1853,9aa64f9f-8861-11f1-88bb-b48c9db4e1b4,11,"[1, 1, 1, 1, 1, 0, 1, 1]",5,0,0,,0.625,8
1854,9aa64f9f-8861-11f1-88bb-b48c9db4e1b4,11,"[1, 1, 1, 1, 1, 0, 1, 1]",6,1,-1,,0.625,8
1855,9aa64f9f-8861-11f1-88bb-b48c9db4e1b4,11,"[1, 1, 1, 1, 1, 0, 1, 1]",7,1,-1,,0.625,8
1856,9aa64f9f-8861-11f1-88bb-b48c9db4e1b4,12,"[1, 1, 1, 1, 1, 1, 1, 0]",0,1,-1,,0.625,8
1857,9aa64f9f-8861-11f1-88bb-b48c9db4e1b4,12,"[1, 1, 1, 1, 1, 1, 1, 0]",1,1,-1,,0.625,8
1858,9aa64f9f-8861-11f1-88bb-b48c9db4e1b4,12,"[1, 1, 1, 1, 1, 1, 1, 0]",2,1,-1,,0.625,8
1859,9aa64f9f-8861-11f1-88bb-b48c9db4e1b4,12,"[1, 1, 1, 1, 1, 1, 1, 0]",3,1,-1,,0.625,8
1860,9aa64f9f-8861-11f1-88bb-b48c9db4e1b4,12,"[1, 1, 1, 1, 1, 1, 1, 0]",4,1,-1,,0.625,8
1861,9aa64f9f-8861-11f1-88bb-b48c9db4e1b4,12,"[1, 1, 1, 1, 1, 1, 1, 0]",5,1,-1,,0.625,8
1862,9aa64f9f-8861-11f1-88bb-b48c9db4e1b4,12,"[1, 1, 1, 1, 1, 1, 1, 0]",6,1,-1,,0.625,8
1863,9aa64f9f-8861-11f1-88bb-b48c9db4e1b4,12,"[1, 1, 1, 1, 1, 1, 1, 0]",7,0,0,,0.625,8
1864,9aa64f9f-8861-11f1-88bb-b48c9db4e1b4,13,"[0, 1, 0, 1, 0, 1, 0, 0]",0,0,0,,0.625,8
1865,9aa64f9f-8861-11f1-88bb-b48c9db4e1b4,13,"[0, 1, 0, 1, 0, 1, 0, 0]",1,1,1,,0.625,8
1866,9aa64f9f-8861-11f1-88bb-b48c9db4e1b4,13,"[0, 1, 0, 1, 0, 1, 0, 0]",2,0,0,,0.625,8
1867,9aa64f9f-8861-11f1-88bb-b48c9db4e1b4,13,"[0, 1, 0, 1, 0, 1, 0, 0]",3,1,1,,0.625,8
1868,9aa64f9f-8861-11f1-88bb-b48c9db4e1b4,13,"[0, 1, 0, 1, 0, 1, 0, 0]",4,0,0,,0.625,8
1869,9aa64f9f-8861-11f1-88bb-b48c9db4e1b4,13,"[0, 1, 0, 1, 0, 1, 0, 0]",5,1,1,,0.625,8
1870,9aa64f9f-8861-11f1-88bb-b48c9db4e1b4,13,"[0, 1, 0, 1, 0, 1, 0, 0]",6,0,0,,0.625,8
1871,9aa64f9f-8861-11f1-88bb-b48c9db4e1b4,13,"[0, 1, 0, 1, 0, 1, 0, 0]",7,0,0,,0.625,8
1872,9aa64f9f-8861-11f1-88bb-b48c9db4e1b4,14,"[0, 1, 1, 0, 0, 1, 1, 0]",0,0,0,,0.625,8
1873,9aa64f9f-8861-11f1-88bb-b48c9db4e1b4,14,"[0, 1, 1, 0, 0, 1, 1, 0]",1,1,1,,0.625,8
1874,9aa64f9f-8861-11f1-88bb-b48c9db4e1b4,14,"[0, 1, 1, 0, 0, 1, 1, 0]",2,1,1,,0.625,8
1875,9aa64f9f-8861-11f1-88bb-b48c9db4e1b4,14,"[0, 1, 1, 0, 0, 1, 1, 0]",3,0,0,,0.625,8
1876,9aa64f9f-8861-11f1-88bb-b48c9db4e1b4,14,"[0, 1, 1, 0, 0, 1, 1, 0]",4,0,0,,0.625,8
1877,9aa64f9f-8861-11f1-88bb-b48c9db4e1b4,14,"[0, 1, 1, 0, 0, 1, 1, 0]",5,1,1,,0.625,8
1878,9aa64f9f-8861-11f1-88bb-b48c9db4e1b4,14,"[0, 1, 1, 0, 0, 1, 1, 0]",6,1,1,,0.625,8
1879,9aa64f9f-8861-11f1-88bb-b48c9db4e1b4,14,"[0, 1, 1, 0, 0, 1, 1, 0]",7,0,0,,0.625,8
1880,9aa64f9f-8861-11f1-88bb-b48c9db4e1b4,15,"[1, 1, 0, 1, 0, 1, 0, 0]",0,1,1,,0.625,8
1881,9aa64f9f-8861-11f1-88bb-b48c9db4e1b4,15,"[1, 1, 0, 1, 0, 1, 0, 0]",1,1,1,,0.625,8
1882,9aa64f9f-8861-11f1-88bb-b48c9db4e1b4,15,"[1, 1, 0, 1, 0, 1, 0, 0]",2,0,0,,0.625,8
1883,9aa64f9f-8861-11f1-88bb-b48c9db4e1b4,15,"[1, 1, 0, 1, 0, 1, 0, 0]",3,1,1,,0.625,8
1884,9aa64f9f-8861-11f1-88bb-b48c9db4e1b4,15,"[1, 1, 0, 1, 0, 1, 0, 0]",4,0,0,,0.625,8
1885,9aa64f9f-8861-11f1-88bb-b48c9db4e1b4,15,"[1, 1, 0, 1, 0, 1, 0, 0]",5,1,1,,0.625,8
1886,9aa64f9f-8861-11f1-88bb-b48c9db4e1b4,15,"[1, 1, 0, 1, 0, 1, 0, 0]",6,0,0,,0.625,8
1887,9aa64f9f-8861-11f1-88bb-b48c9db4e1b4,15,"[1, 1, 0, 1, 0, 1, 0, 0]",7,0,0,,0.625,8
1888,9aa64f9f-8861-11f1-88bb-b48c9db4e1b4,16,"[0, 1, 1, 1, 0, 0, 1, 0]",0,0,0,,0.625,8
1889,9aa64f9f-8861-11f1-88bb-b48c9db4e1b4,16,"[0, 1, 1, 1, 0, 0, 1, 0]",1,1,1,,0.625,8
1890,9aa64f9f-8861-11f1-88bb-b48c9db4e1b4,16,"[0, 1, 1, 1, 0, 0, 1, 0]",2,1,1,,0.625,8
1891,9aa64f9f-8861-11f1-88bb-b48c9db4e1b4,16,"[0, 1, 1, 1, 0, 0, 1, 0]",3,1,1,,0.625,8
1892,9aa64f9f-8861-11f1-88bb-b48c9db4e1b4,16,"[0, 1, 1, 1, 0, 0, 1, 0]",4,0,0,,0.625,8
1893,9aa64f9f-8861-11f1-88bb-b48c9db4e1b4,16,"[0, 1, 1, 1, 0, 0, 1, 0]",5,0,0,,0.625,8
1894,9aa64f9f-8861-11f1-88bb-b48c9db4e1b4,16,"[0, 1, 1, 1, 0, 0, 1, 0]",6,1,1,,0.625,8
1895,9aa64f9f-8861-11f1-88bb-b48c9db4e1b4,16,"[0, 1, 1, 1, 0, 0, 1, 0]",7,0,0,,0.625,8
1896,9aa64f9f-8861-11f1-88bb-b48c9db4e1b4,17,"[1, 1, 1, 0, 0, 1, 1, 0]",0,1,1,,0.625,8
1897,9aa64f9f-8861-11f1-88bb-b48c9db4e1b4,17,"[1, 1, 1, 0, 0, 1, 1, 0]",1,1,1,,0.625,8
1898,9aa64f9f-8861-11f1-88bb-b48c9db4e1b4,17,"[1, 1, 1, 0, 0, 1, 1, 0]",2,1,1,,0.625,8
1899,9aa64f9f-8861-11f1-88bb-b48c9db4e1b4,17,"[1, 1, 1, 0, 0, 1, 1, 0]",3,0,0,,0.625,8
1900,9aa64f9f-8861-11f1-88bb-b48c9db4e1b4,17,"[1, 1, 1, 0, 0, 1, 1, 0]",4,0,0,,0.625,8
1901,9aa64f9f-8861-11f1-88bb-b48c9db4e1b4,17,"[1, 1, 1, 0, 0, 1, 1, 0]",5,1,1,,0.625,8
1902,9aa64f9f-8861-11f1-88bb-b48c9db4e1b4,17,"[1, 1, 1, 0, 0, 1, 1, 0]",6,1,1,,0.625,8
1903,9aa64f9f-8861-11f1-88bb-b48c9db4e1b4,17,"[1, 1, 1, 0, 0, 1, 1, 0]",7,0,0,,0.625,8
1904,9aa64f9f-8861-11f1-88bb-b48c9db4e1b4,18,"[0, 0, 1, 1, 1, 1, 1, 0]",0,0,0,,0.625,8
1905,9aa64f9f-8861-11f1-88bb-b48c9db4e1b4,18,"[0, 0, 1, 1, 1, 1, 1, 0]",1,0,0,,0.625,8
1906,9aa64f9f-8861-11f1-88bb-b48c9db4e1b4,18,"[0, 0, 1, 1, 1, 1, 1, 0]",2,1,1,,0.625,8
1907,9aa64f9f-8861-11f1-88bb-b48c9db4e1b4,18,"[0, 0, 1, 1, 1, 1, 1, 0]",3,1,1,,0.625,8
1908,9aa64f9f-8861-11f1-88bb-b48c9db4e1b4,18,"[0, 0, 1, 1, 1, 1, 1, 0]",4,1,1,,0.625,8
1909,9aa64f9f-8861-11f1-88bb-b48c9db4e1b4,18,"[0, 0, 1, 1, 1, 1, 1, 0]",5,1,1,,0.625,8
1910,9aa64f9f-8861-11f1-88bb-b48c9db4e1b4,18,"[0, 0, 1, 1, 1, 1, 1, 0]",6,1,1,,0.625,8
1911,9aa64f9f-8861-11f1-88bb-b48c9db4e1b4,18,"[0, 0, 1, 1, 1, 1, 1, 0]",7,0,0,,0.625,8
1912,9aa64f9f-8861-11f1-88bb-b48c9db4e1b4,19,"[0, 0, 1, 1, 1, 1, 0, 0]",0,0,0,,0.625,8
1913,9aa64f9f-8861-11f1-88bb-b48c9db4e1b4,19,"[0, 0, 1, 1, 1, 1, 0, 0]",1,0,0,,0.625,8
1914,9aa64f9f-8861-11f1-88bb-b48c9db4e1b4,19,"[0, 0, 1, 1, 1, 1, 0, 0]",2,1,1,,0.625,8
1915,9aa64f9f-8861-11f1-88bb-b48c9db4e1b4,19,"[0, 0, 1, 1, 1, 1, 0, 0]",3,1,1,,0.625,8
1916,9aa64f9f-8861-11f1-88bb-b48c9db4e1b4,19,"[0, 0, 1, 1, 1, 1, 0, 0]",4,1,1,,0.625,8
1917,9aa64f9f-8861-11f1-88bb-b48c9db4e1b4,19,"[0, 0, 1, 1, 1, 1, 0, 0]",5,1,1,,0.625,8
1918,9aa64f9f-8861-11f1-88bb-b48c9db4e1b4,19,"[0, 0, 1, 1, 1, 1, 0, 0]",6,0,0,,0.625,8
1919,9aa64f9f-8861-11f1-88bb-b48c9db4e1b4,19,"[0, 0, 1, 1, 1, 1, 0, 0]",7,0,0,,0.625,8
1920,9aa92acf-8861-11f1-8ada-b48c9db4e1b4,0,"[1, 1, 1, 0, 1, 0, 1, 0]",0,1,1,,0.625,8
1921,9aa92acf-8861-11f1-8ada-b48c9db4e1b4,0,"[1, 1, 1, 0, 1, 0, 1, 0]",1,1,1,,0.625,8
1922,9aa92acf-8861-11f1-8ada-b48c9db4e1b4,0,"[1, 1, 1, 0, 1, 0, 1, 0]",2,1,1,,0.625,8
1923,9aa92acf-8861-11f1-8ada-b48c9db4e1b4,0,"[1, 1, 1, 0, 1, 0, 1, 0]",3,0,0,,0.625,8
1924,9aa92acf-8861-11f1-8ada-b48c9db4e1b4,0,"[1, 1, 1, 0, 1, 0, 1, 0]",4,1,1,,0.625,8
1925,9aa92acf-8861-11f1-8ada-b48c9db4e1b4,0,"[1, 1, 1, 0, 1, 0, 1, 0]",5,0,0,,0.625,8
1926,9aa92acf-8861-11f1-8ada-b48c9db4e1b4,0,"[1, 1, 1, 0, 1, 0, 1, 0]",6,1,1,,0.625,8
1927,9aa92acf-8861-11f1-8ada-b48c9db4e1b4,0,"[1, 1, 1, 0, 1, 0, 1, 0]",7,0,0,,0.625,8
1928,9aa92acf-8861-11f1-8ada-b48c9db4e1b4,1,"[0, 1, 0, 0, 0, 0, 1, 0]",0,0,0,,0.625,8
1929,9aa92acf-8861-11f1-8ada-b48c9db4e1b4,1,"[0, 1, 0, 0, 0, 0, 1, 0]",1,1,1,,0.625,8
1930,9aa92acf-8861-11f1-8ada-b48c9db4e1b4,1,"[0, 1, 0, 0, 0, 0, 1, 0]",2,0,0,,0.625,8
1931,9aa92acf-8861-11f1-8ada-b48c9db4e1b4,1,"[0, 1, 0, 0, 0, 0, 1, 0]",3,0,0,,0.625,8
1932,9aa92acf-8861-11f1-8ada-b48c9db4e1b4,1,"[0, 1, 0, 0, 0, 0, 1, 0]",4,0,0,,0.625,8
1933,9aa92acf-8861-11f1-8ada-b48c9db4e1b4,1,"[0, 1, 0, 0, 0, 0, 1, 0]",5,0,0,,0.625,8
1934,9aa92acf-8861-11f1-8ada-b48c9db4e1b4,1,"[0, 1, 0, 0, 0, 0, 1, 0]",6,1,1,,0.625,8
1935,9aa92acf-8861-11f1-8ada-b48c9db4e1b4,1,"[0, 1, 0, 0, 0, 0, 1, 0]",7,0,0,,0.625,8
1936,9aa92acf-8861-11f1-8ada-b48c9db4e1b4,2,"[1, 0, 1, 0, 1, 1, 0, 1]",0,1,1,,0.625,8
1937,9aa92acf-8861-11f1-8ada-b48c9db4e1b4,2,"[1, 0, 1, 0, 1, 1, 0, 1]",1,0,0,,0.625,8
1938,9aa92acf-8861-11f1-8ada-b48c9db4e1b4,2,"[1, 0, 1, 0, 1, 1, 0, 1]",2,1,1,,0.625,8
1939,9aa92acf-8861-11f1-8ada-b48c9db4e1b4,2,"[1, 0, 1, 0, 1, 1, 0, 1]",3,0,0,,0.625,8
1940,9aa92acf-8861-11f1-8ada-b48c9db4e1b4,2,"[1, 0, 1, 0, 1, 1, 0, 1]",4,1,1,,0.625,8
1941,9aa92acf-8861-11f1-8ada-b48c9db4e1b4,2,"[1, 0, 1, 0, 1, 1, 0, 1]",5,1,1,,0.625,8
1942,9aa92acf-8861-11f1-8ada-b48c9db4e1b4,2,"[1, 0, 1, 0, 1, 1, 0, 1]",6,0,0,,0.625,8
1943,9aa92acf-8861-11f1-8ada-b48c9db4e1b4,2,"[1, 0, 1, 0, 1, 1, 0, 1]",7,1,1,,0.625,8
1944,9aa92acf-8861-11f1-8ada-b48c9db4e1b4,3,"[0, 0, 0, 0, 1, 0, 1, 1]",0,0,0,,0.625,8
1945,9aa92acf-8861-11f1-8ada-b48c9db4e1b4,3,"[0, 0, 0, 0, 1, 0, 1, 1]",1,0,0,,0.625,8
1946,9aa92acf-8861-11f1-8ada-b48c9db4e1b4,3,"[0, 0, 0, 0, 1, 0, 1, 1]",2,0,0,,0.625,8
1947,9aa92acf-8861-11f1-8ada-b48c9db4e1b4,3,"[0, 0, 0, 0, 1, 0, 1, 1]",3,0,0,,0.625,8
1948,9aa92acf-8861-11f1-8ada-b48c9db4e1b4,3,"[0, 0, 0, 0, 1, 0, 1, 1]",4,1,1,,0.625,8
1949,9aa92acf-8861-11f1-8ada-b48c9db4e1b4,3,"[0, 0, 0, 0, 1, 0, 1, 1]",5,0,0,,0.625,8
1950,9aa92acf-8861-11f1-8ada-b48c9db4e1b4,3,"[0, 0, 0, 0, 1, 0, 1, 1]",6,1,1,,0.625,8
1951,9aa92acf-8861-11f1-8ada-b48c9db4e1b4,3,"[0, 0, 0, 0, 1, 0, 1, 1]",7,1,1,,0.625,8
1952,9aa92acf-8861-11f1-8ada-b48c9db4e1b4,4,"[0, 1, 1, 1, 1, 1, 0, 1]",0,0,0,,0.625,8
1953,9aa92acf-8861-11f1-8ada-b48c9db4e1b4,4,"[0, 1, 1, 1, 1, 1, 0, 1]",1,1,-1,,0.625,8
1954,9aa92acf-8861-11f1-8ada-b48c9db4e1b4,4,"[0, 1, 1, 1, 1, 1, 0, 1]",2,1,-1,,0.625,8
1955,9aa92acf-8861-11f1-8ada-b48c9db4e1b4,4,"[0, 1, 1, 1, 1, 1, 0, 1]",3,1,-1,,0.625,8
1956,9aa92acf-8861-11f1-8ada-b48c9db4e1b4,4,"[0, 1, 1, 1, 1, 1, 0, 1]",4,1,-1,,0.625,8
1957,9aa92acf-8861-11f1-8ada-b48c9db4e1b4,4,"[0, 1, 1, 1, 1, 1, 0, 1]",5,1,-1,,0.625,8
1958,9aa92acf-8861-11f1-8ada-b48c9db4e1b4,4,"[0, 1, 1, 1, 1, 1, 0, 1]",6,0,0,,0.625,8
1959,9aa92acf-8861-11f1-8ada-b48c9db4e1b4,4,"[0, 1, 1, 1, 1, 1, 0, 1]",7,1,-1,,0.625,8
1960,9aa92acf-8861-11f1-8ada-b48c9db4e1b4,5,"[1, 0, 0, 0, 0, 1, 1, 0]",0,1,1,,0.625,8
1961,9aa92acf-8861-11f1-8ada-b48c9db4e1b4,5,"[1, 0, 0, 0, 0, 1, 1, 0]",1,0,0,,0.625,8
1962,9aa92acf-8861-11f1-8ada-b48c9db4e1b4,5,"[1, 0, 0, 0, 0, 1, 1, 0]",2,0,0,,0.625,8
1963,9aa92acf-8861-11f1-8ada-b48c9db4e1b4,5,"[1, 0, 0, 0, 0, 1, 1, 0]",3,0,0,,0.625,8
1964,9aa92acf-8861-11f1-8ada-b48c9db4e1b4,5,"[1, 0, 0, 0, 0, 1, 1, 0]",4,0,0,,0.625,8
1965,9aa92acf-8861-11f1-8ada-b48c9db4e1b4,5,"[1, 0, 0, 0, 0, 1, 1, 0]",5,1,1,,0.625,8
1966,9aa92acf-8861-11f1-8ada-b48c9db4e1b4,5,"[1, 0, 0, 0, 0, 1, 1, 0]",6,1,1,,0.625,8
1967,9aa92acf-8861-11f1-8ada-b48c9db4e1b4,5,"[1, 0, 0, 0, 0, 1, 1, 0]",7,0,0,,0.625,8
1968,9aa92acf-8861-11f1-8ada-b48c9db4e1b4,6,"[0, 0, 1, 1, 1, 0, 0, 1]",0,0,0,,0.625,8
1969,9aa92acf-8861-11f1-8ada-b48c9db4e1b4,6,"[0, 0, 1, 1, 1, 0, 0, 1]",1,0,0,,0.625,8
1970,9aa92acf-8861-11f1-8ada-b48c9db4e1b4,6,"[0, 0, 1, 1, 1, 0, 0, 1]",2,1,1,,0.625,8
1971,9aa92acf-8861-11f1-8ada-b48c9db4e1b4,6,"[0, 0, 1, 1, 1, 0, 0, 1]",3,1,1,,0.625,8
1972,9aa92acf-8861-11f1-8ada-b48c9db4e1b4,6,"[0, 0, 1, 1, 1, 0, 0, 1]",4,1,1,,0.625,8
1973,9aa92acf-8861-11f1-8ada-b48c9db4e1b4,6,"[0, 0, 1, 1, 1, 0, 0, 1]",5,0,0,,0.625,8
1974,9aa92acf-8861-11f1-8ada-b48c9db4e1b4,6,"[0, 0, 1, 1, 1, 0, 0, 1]",6,0,0,,0.625,8
1975,9aa92acf-8861-11f1-8ada-b48c9db4e1b4,6,"[0, 0, 1, 1, 1, 0, 0, 1]",7,1,1,,0.625,8
1976,9aa92acf-8861-11f1-8ada-b48c9db4e1b4,7,"[1, 0, 0, 0, 1, 1, 0, 1]",0,1,1,,0.625,8
1977,9aa92acf-8861-11f1-8ada-b48c9db4e1b4,7,"[1, 0, 0, 0, 1, 1, 0, 1]",1,0,0,,0.625,8
1978,9aa92acf-8861-11f1-8ada-b48c9db4e1b4,7,"[1, 0, 0, 0, 1, 1, 0, 1]",2,0,0,,0.625,8
1979,9aa92acf-8861-11f1-8ada-b48c9db4e1b4,7,"[1, 0, 0, 0, 1, 1, 0, 1]",3,0,0,,0.625,8
1980,9aa92acf-8861-11f1-8ada-b48c9db4e1b4,7,"[1, 0, 0, 0, 1, 1, 0, 1]",4,1,1,,0.625,8
1981,9aa92acf-8861-11f1-8ada-b48c9db4e1b4,7,"[1, 0, 0, 0, 1, 1, 0, 1]",5,1,1,,0.625,8
1982,9aa92acf-8861-11f1-8ada-b48c9db4e1b4,7,"[1, 0, 0, 0, 1, 1, 0, 1]",6,0,0,,0.625,8
1983,9aa92acf-8861-11f1-8ada-b48c9db4e1b4,7,"[1, 0, 0, 0, 1, 1, 0, 1]",7,1,1,,0.625,8
1984,9aa92acf-8861-11f1-8ada-b48c9db4e1b4,8,"[0, 1, 0, 1, 1, 0, 0, 0]",0,0,0,,0.625,8
1985,9aa92acf-8861-11f1-8ada-b48c9db4e1b4,8,"[0, 1, 0, 1, 1, 0, 0, 0]",1,1,1,,0.625,8
1986,9aa92acf-8861-11f1-8ada-b48c9db4e1b4,8,"[0, 1, 0, 1, 1, 0, 0, 0]",2,0,0,,0.625,8
1987,9aa92acf-8861-11f1-8ada-b48c9db4e1b4,8,"[0, 1, 0, 1, 1, 0, 0, 0]",3,1,1,,0.625,8
1988,9aa92acf-8861-11f1-8ada-b48c9db4e1b4,8,"[0, 1, 0, 1, 1, 0, 0, 0]",4,1,1,,0.625,8
1989,9aa92acf-8861-11f1-8ada-b48c9db4e1b4,8,"[0, 1, 0, 1, 1, 0, 0, 0]",5,0,0,,0.625,8
1990,9aa92acf-8861-11f1-8ada-b48c9db4e1b4,8,"[0, 1, 0, 1, 1, 0, 0, 0]",6,0,0,,0.625,8
1991,9aa92acf-8861-11f1-8ada-b48c9db4e1b4,8,"[0, 1, 0, 1, 1, 0, 0, 0]",7,0,0,,0.625,8
1992,9aa92acf-8861-11f1-8ada-b48c9db4e1b4,9,"[0, 0, 1, 0, 1, 1, 1, 1]",0,0,0,,0.625,8
1993,9aa92acf-8861-11f1-8ada-b48c9db4e1b4,9,"[0, 0, 1, 0, 1, 1, 1, 1]",1,0,0,,0.625,8
1994,9aa92acf-8861-11f1-8ada-b48c9db4e1b4,9,"[0, 0, 1, 0, 1, 1, 1, 1]",2,1,1,,0.625,8
1995,9aa92acf-8861-11f1-8ada-b48c9db4e1b4,9,"[0, 0, 1, 0, 1, 1, 1, 1]",3,0,0,,0.625,8
1996,9aa92acf-8861-11f1-8ada-b48c9db4e1b4,9,"[0, 0, 1, 0, 1, 1, 1, 1]",4,1,1,,0.625,8
1997,9aa92acf-8861-11f1-8ada-b48c9db4e1b4,9,"[0, 0, 1, 0, 1, 1, 1, 1]",5,1,1,,0.625,8
1998,9aa92acf-8861-11f1-8ada-b48c9db4e1b4,9,"[0, 0, 1, 0, 1, 1, 1, 1]",6,1,1,,0.625,8
1999,9aa92acf-8861-11f1-8ada-b48c9db4e1b4,9,"[0, 0, 1, 0, 1, 1, 1, 1]",7,1,1,,0.625,8
2000,9aa92acf-8861-11f1-8ada-b48c9db4e1b4,10,"[0, 0, 0, 0, 1, 0, 1, 0]",0,0,0,,0.625,8
2001,9aa92acf-8861-11f1-8ada-b48c9db4e1b4,10,"[0, 0, 0, 0, 1, 0, 1, 0]",1,0,0,,0.625,8
2002,9aa92acf-8861-11f1-8ada-b48c9db4e1b4,10,"[0, 0, 0, 0, 1, 0, 1, 0]",2,0,0,,0.625,8
2003,9aa92acf-8861-11f1-8ada-b48c9db4e1b4,10,"[0, 0, 0, 0, 1, 0, 1, 0]",3,0,0,,0.625,8
2004,9aa92acf-8861-11f1-8ada-b48c9db4e1b4,10,"[0, 0, 0, 0, 1, 0, 1, 0]",4,1,1,,0.625,8
2005,9aa92acf-8861-11f1-8ada-b48c9db4e1b4,10,"[0, 0, 0, 0, 1, 0, 1, 0]",5,0,0,,0.625,8
2006,9aa92acf-8861-11f1-8ada-b48c9db4e1b4,10,"[0, 0, 0, 0, 1, 0, 1, 0]",6,1,1,,0.625,8
2007,9aa92acf-8861-11f1-8ada-b48c9db4e1b4,10,"[0, 0, 0, 0, 1, 0, 1, 0]",7,0,0,,0.625,8
2008,9aa92acf-8861-11f1-8ada-b48c9db4e1b4,11,"[0, 1, 0, 0, 1, 0, 1, 1]",0,0,0,,0.625,8
2009,9aa92acf-8861-11f1-8ada-b48c9db4e1b4,11,"[0, 1, 0, 0, 1, 0, 1, 1]",1,1,1,,0.625,8
2010,9aa92acf-8861-11f1-8ada-b48c9db4e1b4,11,"[0, 1, 0, 0, 1, 0, 1, 1]",2,0,0,,0.625,8
2011,9aa92acf-8861-11f1-8ada-b48c9db4e1b4,11,"[0, 1, 0, 0, 1, 0, 1, 1]",3,0,0,,0.625,8
2012,9aa92acf-8861-11f1-8ada-b48c9db4e1b4,11,"[0, 1, 0, 0, 1, 0, 1, 1]",4,1,1,,0.625,8
2013,9aa92acf-8861-11f1-8ada-b48c9db4e1b4,11,"[0, 1, 0, 0, 1, 0, 1, 1]",5,0,0,,0.625,8
2014,9aa92acf-8861-11f1-8ada-b48c9db4e1b4,11,"[0, 1, 0, 0, 1, 0, 1, 1]",6,1,1,,0.625,8
2015,9aa92acf-8861-11f1-8ada-b48c9db4e1b4,11,"[0, 1, 0, 0, 1, 0, 1, 1]",7,1,1,,0.625,8
2016,9aa92acf-8861-11f1-8ada-b48c9db4e1b4,12,"[1, 0, 0, 0, 0, 0, 0, 1]",0,1,1,,0.625,8
2017,9aa92acf-8861-11f1-8ada-b48c9db4e1b4,12,"[1, 0, 0, 0, 0, 0, 0, 1]",1,0,0,,0.625,8
2018,9aa92acf-8861-11f1-8ada-b48c9db4e1b4,12,"[1, 0, 0, 0, 0, 0, 0, 1]",2,0,0,,0.625,8
2019,9aa92acf-8861-11f1-8ada-b48c9db4e1b4,12,"[1, 0, 0, 0, 0, 0, 0, 1]",3,0,0,,0.625,8
2020,9aa92acf-8861-11f1-8ada-b48c9db4e1b4,12,"[1, 0, 0, 0, 0, 0, 0, 1]",4,0,0,,0.625,8
2021,9aa92acf-8861-11f1-8ada-b48c9db4e1b4,12,"[1, 0, 0, 0, 0, 0, 0, 1]",5,0,0,,0.625,8
2022,9aa92acf-8861-11f1-8ada-b48c9db4e1b4,12,"[1, 0, 0, 0, 0, 0, 0, 1]",6,0,0,,0.625,8
2023,9aa92acf-8861-11f1-8ada-b48c9db4e1b4,12,"[1, 0, 0, 0, 0, 0, 0, 1]",7,1,1,,0.625,8
2024,9aa92acf-8861-11f1-8ada-b48c9db4e1b4,13,"[0, 1, 1, 1, 0, 0, 1, 1]",0,0,0,,0.625,8
2025,9aa92acf-8861-11f1-8ada-b48c9db4e1b4,13,"[0, 1, 1, 1, 0, 0, 1, 1]",1,1,1,,0.625,8
2026,9aa92acf-8861-11f1-8ada-b48c9db4e1b4,13,"[0, 1, 1, 1, 0, 0, 1, 1]",2,1,1,,0.625,8
2027,9aa92acf-8861-11f1-8ada-b48c9db4e1b4,13,"[0, 1, 1, 1, 0, 0, 1, 1]",3,1,1,,0.625,8
2028,9aa92acf-8861-11f1-8ada-b48c9db4e1b4,13,"[0, 1, 1, 1, 0, 0, 1, 1]",4,0,0,,0.625,8
2029,9aa92acf-8861-11f1-8ada-b48c9db4e1b4,13,"[0, 1, 1, 1, 0, 0, 1, 1]",5,0,0,,0.625,8
2030,9aa92acf-8861-11f1-8ada-b48c9db4e1b4,13,"[0, 1, 1, 1, 0, 0, 1, 1]",6,1,1,,0.625,8
2031,9aa92acf-8861-11f1-8ada-b48c9db4e1b4,13,"[0, 1, 1, 1, 0, 0, 1, 1]",7,1,1,,0.625,8
2032,9aa92acf-8861-11f1-8ada-b48c9db4e1b4,14,"[0, 1, 1, 0, 0, 0, 1, 1]",0,0,0,,0.625,8
2033,9aa92acf-8861-11f1-8ada-b48c9db4e1b4,14,"[0, 1, 1, 0, 0, 0, 1, 1]",1,1,1,,0.625,8
2034,9aa92acf-8861-11f1-8ada-b48c9db4e1b4,14,"[0, 1, 1, 0, 0, 0, 1, 1]",2,1,1,,0.625,8
2035,9aa92acf-8861-11f1-8ada-b48c9db4e1b4,14,"[0, 1, 1, 0, 0, 0, 1, 1]",3,0,0,,0.625,8
2036,9aa92acf-8861-11f1-8ada-b48c9db4e1b4,14,"[0, 1, 1, 0, 0, 0, 1, 1]",4,0,0,,0.625,8
2037,9aa92acf-8861-11f1-8ada-b48c9db4e1b4,14,"[0, 1, 1, 0, 0, 0, 1, 1]",5,0,0,,0.625,8
2038,9aa92acf-8861-11f1-8ada-b48c9db4e1b4,14,"[0, 1, 1, 0, 0, 0, 1, 1]",6,1,1,,0.625,8
2039,9aa92acf-8861-11f1-8ada-b48c9db4e1b4,14,"[0, 1, 1, 0, 0, 0, 1, 1]",7,1,1,,0.625,8
2040,9aa92acf-8861-11f1-8ada-b48c9db4e1b4,15,"[1, 0, 0, 0, 0, 1, 1, 1]",0,1,1,,0.625,8
2041,9aa92acf-8861-11f1-8ada-b48c9db4e1b4,15,"[1, 0, 0, 0, 0, 1, 1, 1]",1,0,0,,0.625,8
2042,9aa92acf-8861-11f1-8ada-b48c9db4e1b4,15,"[1, 0, 0, 0, 0, 1, 1, 1]",2,0,0,,0.625,8
2043,9aa92acf-8861-11f1-8ada-b48c9db4e1b4,15,"[1, 0, 0, 0, 0, 1, 1, 1]",3,0,0,,0.625,8
2044,9aa92acf-8861-11f1-8ada-b48c9db4e1b4,15,"[1, 0, 0, 0, 0, 1, 1, 1]",4,0,0,,0.625,8
2045,9aa92acf-8861-11f1-8ada-b48c9db4e1b4,15,"[1, 0, 0, 0, 0, 1, 1, 1]",5,1,1,,0.625,8
2046,9aa92acf-8861-11f1-8ada-b48c9db4e1b4,15,"[1, 0, 0, 0, 0, 1, 1, 1]",6,1,1,,0.625,8
2047,9aa92acf-8861-11f1-8ada-b48c9db4e1b4,15,"[1, 0, 0, 0, 0, 1, 1, 1]",7,1,1,,0.625,8
2048,9aa92acf-8861-11f1-8ada-b48c9db4e1b4,16,"[0, 0, 0, 1, 1, 0, 1, 1]",0,0,0,,0.625,8
2049,9aa92acf-8861-11f1-8ada-b48c9db4e1b4,16,"[0, 0, 0, 1, 1, 0, 1, 1]",1,0,0,,0.625,8
2050,9aa92acf-8861-11f1-8ada-b48c9db4e1b4,16,"[0, 0, 0, 1, 1, 0, 1, 1]",2,0,0,,0.625,8
2051,9aa92acf-8861-11f1-8ada-b48c9db4e1b4,16,"[0, 0, 0, 1, 1, 0, 1, 1]",3,1,1,,0.625,8
2052,9aa92acf-8861-11f1-8ada-b48c9db4e1b4,16,"[0, 0, 0, 1, 1, 0, 1, 1]",4,1,1,,0.625,8
2053,9aa92acf-8861-11f1-8ada-b48c9db4e1b4,16,"[0, 0, 0, 1, 1, 0, 1, 1]",5,0,0,,0.625,8
2054,9aa92acf-8861-11f1-8ada-b48c9db4e1b4,16,"[0, 0, 0, 1, 1, 0, 1, 1]",6,1,1,,0.625,8
2055,9aa92acf-8861-11f1-8ada-b48c9db4e1b4,16,"[0, 0, 0, 1, 1, 0, 1, 1]",7,1,1,,0.625,8
2056,9aa92acf-8861-11f1-8ada-b48c9db4e1b4,17,"[1, 0, 0, 0, 0, 0, 0, 0]",0,1,1,,0.625,8
2057,9aa92acf-8861-11f1-8ada-b48c9db4e1b4,17,"[1, 0, 0, 0, 0, 0, 0, 0]",1,0,0,,0.625,8
2058,9aa92acf-8861-11f1-8ada-b48c9db4e1b4,17,"[1, 0, 0, 0, 0, 0, 0, 0]",2,0,0,,0.625,8
2059,9aa92acf-8861-11f1-8ada-b48c9db4e1b4,17,"[1, 0, 0, 0, 0, 0, 0, 0]",3,0,0,,0.625,8
2060,9aa92acf-8861-11f1-8ada-b48c9db4e1b4,17,"[1, 0, 0, 0, 0, 0, 0, 0]",4,0,0,,0.625,8
2061,9aa92acf-8861-11f1-8ada-b48c9db4e1b4,17,"[1, 0, 0, 0, 0, 0, 0, 0]",5,0,0,,0.625,8
2062,9aa92acf-8861-11f1-8ada-b48c9db4e1b4,17,"[1, 0, 0, 0, 0, 0, 0, 0]",6,0,0,,0.625,8
2063,9aa92acf-8861-11f1-8ada-b48c9db4e1b4,17,"[1, 0, 0, 0, 0, 0, 0, 0]",7,0,0,,0.625,8
2064,9aa92acf-8861-11f1-8ada-b48c9db4e1b4,18,"[1, 1, 1, 1, 1, 1, 0, 0]",0,1,-1,,0.625,8
2065,9aa92acf-8861-11f1-8ada-b48c9db4e1b4,18,"[1, 1, 1, 1, 1, 1, 0, 0]",1,1,-1,,0.625,8
2066,9aa92acf-8861-11f1-8ada-b48c9db4e1b4,18,"[1, 1, 1, 1, 1, 1, 0, 0]",2,1,-1,,0.625,8
2067,9aa92acf-8861-11f1-8ada-b48c9db4e1b4,18,"[1, 1, 1, 1, 1, 1, 0, 0]",3,1,-1,,0.625,8
2068,9aa92acf-8861-11f1-8ada-b48c9db4e1b4,18,"[1, 1, 1, 1, 1, 1, 0, 0]",4,1,-1,,0.625,8
2069,9aa92acf-8861-11f1-8ada-b48c9db4e1b4,18,"[1, 1, 1, 1, 1, 1, 0, 0]",5,1,-1,,0.625,8
2070,9aa92acf-8861-11f1-8ada-b48c9db4e1b4,18,"[1, 1, 1, 1, 1, 1, 0, 0]",6,0,0,,0.625,8
2071,9aa92acf-8861-11f1-8ada-b48c9db4e1b4,18,"[1, 1, 1, 1, 1, 1, 0, 0]",7,0,0,,0.625,8
2072,9aa92acf-8861-11f1-8ada-b48c9db4e1b4,19,"[0, 1, 1, 1, 1, 1, 0, 1]",0,0,0,,0.625,8
2073,9aa92acf-8861-11f1-8ada-b48c9db4e1b4,19,"[0, 1, 1, 1, 1, 1, 0, 1]",1,1,-1,,0.625,8
2074,9aa92acf-8861-11f1-8ada-b48c9db4e1b4,19,"[0, 1, 1, 1, 1, 1, 0, 1]",2,1,-1,,0.625,8
2075,9aa92acf-8861-11f1-8ada-b48c9db4e1b4,19,"[0, 1, 1, 1, 1, 1, 0, 1]",3,1,-1,,0.625,8
2076,9aa92acf-8861-11f1-8ada-b48c9db4e1b4,19,"[0, 1, 1, 1, 1, 1, 0, 1]",4,1,-1,,0.625,8
2077,9aa92acf-8861-11f1-8ada-b48c9db4e1b4,19,"[0, 1, 1, 1, 1, 1, 0, 1]",5,1,-1,,0.625,8
2078,9aa92acf-8861-11f1-8ada-b48c9db4e1b4,19,"[0, 1, 1, 1, 1, 1, 0, 1]",6,0,0,,0.625,8
2079,9aa92acf-8861-11f1-8ada-b48c9db4e1b4,19,"[0, 1, 1, 1, 1, 1, 0, 1]",7,1,-1,,0.625,8
2080,9aac1347-8861-11f1-8745-b48c9db4e1b4,0,"[0, 0, 0, 0, 0, 0, 1, 0]",0,0,0,,0.625,8
2081,9aac1347-8861-11f1-8745-b48c9db4e1b4,0,"[0, 0, 0, 0, 0, 0, 1, 0]",1,0,0,,0.625,8
2082,9aac1347-8861-11f1-8745-b48c9db4e1b4,0,"[0, 0, 0, 0, 0, 0, 1, 0]",2,0,0,,0.625,8
2083,9aac1347-8861-11f1-8745-b48c9db4e1b4,0,"[0, 0, 0, 0, 0, 0, 1, 0]",3,0,0,,0.625,8
2084,9aac1347-8861-11f1-8745-b48c9db4e1b4,0,"[0, 0, 0, 0, 0, 0, 1, 0]",4,0,0,,0.625,8
2085,9aac1347-8861-11f1-8745-b48c9db4e1b4,0,"[0, 0, 0, 0, 0, 0, 1, 0]",5,0,0,,0.625,8
2086,9aac1347-8861-11f1-8745-b48c9db4e1b4,0,"[0, 0, 0, 0, 0, 0, 1, 0]",6,1,1,,0.625,8
2087,9aac1347-8861-11f1-8745-b48c9db4e1b4,0,"[0, 0, 0, 0, 0, 0, 1, 0]",7,0,0,,0.625,8
2088,9aac1347-8861-11f1-8745-b48c9db4e1b4,1,"[0, 1, 0, 0, 0, 0, 0, 0]",0,0,0,,0.625,8
2089,9aac1347-8861-11f1-8745-b48c9db4e1b4,1,"[0, 1, 0, 0, 0, 0, 0, 0]",1,1,1,,0.625,8
2090,9aac1347-8861-11f1-8745-b48c9db4e1b4,1,"[0, 1, 0, 0, 0, 0, 0, 0]",2,0,0,,0.625,8
2091,9aac1347-8861-11f1-8745-b48c9db4e1b4,1,"[0, 1, 0, 0, 0, 0, 0, 0]",3,0,0,,0.625,8
2092,9aac1347-8861-11f1-8745-b48c9db4e1b4,1,"[0, 1, 0, 0, 0, 0, 0, 0]",4,0,0,,0.625,8
2093,9aac1347-8861-11f1-8745-b48c9db4e1b4,1,"[0, 1, 0, 0, 0, 0, 0, 0]",5,0,0,,0.625,8
2094,9aac1347-8861-11f1-8745-b48c9db4e1b4,1,"[0, 1, 0, 0, 0, 0, 0, 0]",6,0,0,,0.625,8
2095,9aac1347-8861-11f1-8745-b48c9db4e1b4,1,"[0, 1, 0, 0, 0, 0, 0, 0]",7,0,0,,0.625,8
2096,9aac1347-8861-11f1-8745-b48c9db4e1b4,2,"[1, 1, 1, 0, 1, 0, 1, 1]",0,1,-1,,0.625,8
2097,9aac1347-8861-11f1-8745-b48c9db4e1b4,2,"[1, 1, 1, 0, 1, 0, 1, 1]",1,1,-1,,0.625,8
2098,9aac1347-8861-11f1-8745-b48c9db4e1b4,2,"[1, 1, 1, 0, 1, 0, 1, 1]",2,1,-1,,0.625,8
2099,9aac1347-8861-11f1-8745-b48c9db4e1b4,2,"[1, 1, 1, 0, 1, 0, 1, 1]",3,0,0,,0.625,8
2100,9aac1347-8861-11f1-8745-b48c9db4e1b4,2,"[1, 1, 1, 0, 1, 0, 1, 1]",4,1,-1,,0.625,8
2101,9aac1347-8861-11f1-8745-b48c9db4e1b4,2,"[1, 1, 1, 0, 1, 0, 1, 1]",5,0,0,,0.625,8
2102,9aac1347-8861-11f1-8745-b48c9db4e1b4,2,"[1, 1, 1, 0, 1, 0, 1, 1]",6,1,-1,,0.625,8
2103,9aac1347-8861-11f1-8745-b48c9db4e1b4,2,"[1, 1, 1, 0, 1, 0, 1, 1]",7,1,-1,,0.625,8
2104,9aac1347-8861-11f1-8745-b48c9db4e1b4,3,"[1, 1, 0, 0, 0, 1, 1, 0]",0,1,1,,0.625,8
2105,9aac1347-8861-11f1-8745-b48c9db4e1b4,3,"[1, 1, 0, 0, 0, 1, 1, 0]",1,1,1,,0.625,8
2106,9aac1347-8861-11f1-8745-b48c9db4e1b4,3,"[1, 1, 0, 0, 0, 1, 1, 0]",2,0,0,,0.625,8
2107,9aac1347-8861-11f1-8745-b48c9db4e1b4,3,"[1, 1, 0, 0, 0, 1, 1, 0]",3,0,0,,0.625,8
2108,9aac1347-8861-11f1-8745-b48c9db4e1b4,3,"[1, 1, 0, 0, 0, 1, 1, 0]",4,0,0,,0.625,8
2109,9aac1347-8861-11f1-8745-b48c9db4e1b4,3,"[1, 1, 0, 0, 0, 1, 1, 0]",5,1,1,,0.625,8
2110,9aac1347-8861-11f1-8745-b48c9db4e1b4,3,"[1, 1, 0, 0, 0, 1, 1, 0]",6,1,1,,0.625,8
2111,9aac1347-8861-11f1-8745-b48c9db4e1b4,3,"[1, 1, 0, 0, 0, 1, 1, 0]",7,0,0,,0.625,8
2112,9aac1347-8861-11f1-8745-b48c9db4e1b4,4,"[0, 1, 1, 1, 1, 1, 0, 1]",0,0,0,,0.625,8
2113,9aac1347-8861-11f1-8745-b48c9db4e1b4,4,"[0, 1, 1, 1, 1, 1, 0, 1]",1,1,-1,,0.625,8
2114,9aac1347-8861-11f1-8745-b48c9db4e1b4,4,"[0, 1, 1, 1, 1, 1, 0, 1]",2,1,-1,,0.625,8
2115,9aac1347-8861-11f1-8745-b48c9db4e1b4,4,"[0, 1, 1, 1, 1, 1, 0, 1]",3,1,-1,,0.625,8
2116,9aac1347-8861-11f1-8745-b48c9db4e1b4,4,"[0, 1, 1, 1, 1, 1, 0, 1]",4,1,-1,,0.625,8
2117,9aac1347-8861-11f1-8745-b48c9db4e1b4,4,"[0, 1, 1, 1, 1, 1, 0, 1]",5,1,-1,,0.625,8
2118,9aac1347-8861-11f1-8745-b48c9db4e1b4,4,"[0, 1, 1, 1, 1, 1, 0, 1]",6,0,0,,0.625,8
2119,9aac1347-8861-11f1-8745-b48c9db4e1b4,4,"[0, 1, 1, 1, 1, 1, 0, 1]",7,1,-1,,0.625,8
2120,9aac1347-8861-11f1-8745-b48c9db4e1b4,5,"[0, 0, 0, 1, 0, 0, 1, 1]",0,0,0,,0.625,8
2121,9aac1347-8861-11f1-8745-b48c9db4e1b4,5,"[0, 0, 0, 1, 0, 0, 1, 1]",1,0,0,,0.625,8
2122,9aac1347-8861-11f1-8745-b48c9db4e1b4,5,"[0, 0, 0, 1, 0, 0, 1, 1]",2,0,0,,0.625,8
2123,9aac1347-8861-11f1-8745-b48c9db4e1b4,5,"[0, 0, 0, 1, 0, 0, 1, 1]",3,1,1,,0.625,8
2124,9aac1347-8861-11f1-8745-b48c9db4e1b4,5,"[0, 0, 0, 1, 0, 0, 1, 1]",4,0,0,,0.625,8
2125,9aac1347-8861-11f1-8745-b48c9db4e1b4,5,"[0, 0, 0, 1, 0, 0, 1, 1]",5,0,0,,0.625,8
2126,9aac1347-8861-11f1-8745-b48c9db4e1b4,5,"[0, 0, 0, 1, 0, 0, 1, 1]",6,1,1,,0.625,8
2127,9aac1347-8861-11f1-8745-b48c9db4e1b4,5,"[0, 0, 0, 1, 0, 0, 1, 1]",7,1,1,,0.625,8
2128,9aac1347-8861-11f1-8745-b48c9db4e1b4,6,"[0, 0, 0, 1, 0, 1, 0, 1]",0,0,0,,0.625,8
2129,9aac1347-8861-11f1-8745-b48c9db4e1b4,6,"[0, 0, 0, 1, 0, 1, 0, 1]",1,0,0,,0.625,8
2130,9aac1347-8861-11f1-8745-b48c9db4e1b4,6,"[0, 0, 0, 1, 0, 1, 0, 1]",2,0,0,,0.625,8
2131,9aac1347-8861-11f1-8745-b48c9db4e1b4,6,"[0, 0, 0, 1, 0, 1, 0, 1]",3,1,1,,0.625,8
2132,9aac1347-8861-11f1-8745-b48c9db4e1b4,6,"[0, 0, 0, 1, 0, 1, 0, 1]",4,0,0,,0.625,8
2133,9aac1347-8861-11f1-8745-b48c9db4e1b4,6,"[0, 0, 0, 1, 0, 1, 0, 1]",5,1,1,,0.625,8
2134,9aac1347-8861-11f1-8745-b48c9db4e1b4,6,"[0, 0, 0, 1, 0, 1, 0, 1]",6,0,0,,0.625,8
2135,9aac1347-8861-11f1-8745-b48c9db4e1b4,6,"[0, 0, 0, 1, 0, 1, 0, 1]",7,1,1,,0.625,8
2136,9aac1347-8861-11f1-8745-b48c9db4e1b4,7,"[1, 0, 1, 0, 0, 0, 0, 1]",0,1,1,,0.625,8
2137,9aac1347-8861-11f1-8745-b48c9db4e1b4,7,"[1, 0, 1, 0, 0, 0, 0, 1]",1,0,0,,0.625,8
2138,9aac1347-8861-11f1-8745-b48c9db4e1b4,7,"[1, 0, 1, 0, 0, 0, 0, 1]",2,1,1,,0.625,8
2139,9aac1347-8861-11f1-8745-b48c9db4e1b4,7,"[1, 0, 1, 0, 0, 0, 0, 1]",3,0,0,,0.625,8
2140,9aac1347-8861-11f1-8745-b48c9db4e1b4,7,"[1, 0, 1, 0, 0, 0, 0, 1]",4,0,0,,0.625,8
2141,9aac1347-8861-11f1-8745-b48c9db4e1b4,7,"[1, 0, 1, 0, 0, 0, 0, 1]",5,0,0,,0.625,8
2142,9aac1347-8861-11f1-8745-b48c9db4e1b4,7,"[1, 0, 1, 0, 0, 0, 0, 1]",6,0,0,,0.625,8
2143,9aac1347-8861-11f1-8745-b48c9db4e1b4,7,"[1, 0, 1, 0, 0, 0, 0, 1]",7,1,1,,0.625,8
2144,9aac1347-8861-11f1-8745-b48c9db4e1b4,8,"[1, 1, 1, 0, 1, 0, 0, 0]",0,1,1,,0.625,8
2145,9aac1347-8861-11f1-8745-b48c9db4e1b4,8,"[1, 1, 1, 0, 1, 0, 0, 0]",1,1,1,,0.625,8
2146,9aac1347-8861-11f1-8745-b48c9db4e1b4,8,"[1, 1, 1, 0, 1, 0, 0, 0]",2,1,1,,0.625,8
2147,9aac1347-8861-11f1-8745-b48c9db4e1b4,8,"[1, 1, 1, 0, 1, 0, 0, 0]",3,0,0,,0.625,8
2148,9aac1347-8861-11f1-8745-b48c9db4e1b4,8,"[1, 1, 1, 0, 1, 0, 0, 0]",4,1,1,,0.625,8
2149,9aac1347-8861-11f1-8745-b48c9db4e1b4,8,"[1, 1, 1, 0, 1, 0, 0, 0]",5,0,0,,0.625,8
2150,9aac1347-8861-11f1-8745-b48c9db4e1b4,8,"[1, 1, 1, 0, 1, 0, 0, 0]",6,0,0,,0.625,8
2151,9aac1347-8861-11f1-8745-b48c9db4e1b4,8,"[1, 1, 1, 0, 1, 0, 0, 0]",7,0,0,,0.625,8
2152,9aac1347-8861-11f1-8745-b48c9db4e1b4,9,"[0, 0, 1, 0, 1, 0, 0, 1]",0,0,0,,0.625,8
2153,9aac1347-8861-11f1-8745-b48c9db4e1b4,9,"[0, 0, 1, 0, 1, 0, 0, 1]",1,0,0,,0.625,8
2154,9aac1347-8861-11f1-8745-b48c9db4e1b4,9,"[0, 0, 1, 0, 1, 0, 0, 1]",2,1,1,,0.625,8
2155,9aac1347-8861-11f1-8745-b48c9db4e1b4,9,"[0, 0, 1, 0, 1, 0, 0, 1]",3,0,0,,0.625,8
2156,9aac1347-8861-11f1-8745-b48c9db4e1b4,9,"[0, 0, 1, 0, 1, 0, 0, 1]",4,1,1,,0.625,8
2157,9aac1347-8861-11f1-8745-b48c9db4e1b4,9,"[0, 0, 1, 0, 1, 0, 0, 1]",5,0,0,,0.625,8
2158,9aac1347-8861-11f1-8745-b48c9db4e1b4,9,"[0, 0, 1, 0, 1, 0, 0, 1]",6,0,0,,0.625,8
2159,9aac1347-8861-11f1-8745-b48c9db4e1b4,9,"[0, 0, 1, 0, 1, 0, 0, 1]",7,1,1,,0.625,8
2160,9aac1347-8861-11f1-8745-b48c9db4e1b4,10,"[0, 0, 0, 1, 1, 1, 1, 0]",0,0,0,,0.625,8
2161,9aac1347-8861-11f1-8745-b48c9db4e1b4,10,"[0, 0, 0, 1, 1, 1, 1, 0]",1,0,0,,0.625,8
2162,9aac1347-8861-11f1-8745-b48c9db4e1b4,10,"[0, 0, 0, 1, 1, 1, 1, 0]",2,0,0,,0.625,8
2163,9aac1347-8861-11f1-8745-b48c9db4e1b4,10,"[0, 0, 0, 1, 1, 1, 1, 0]",3,1,1,,0.625,8
2164,9aac1347-8861-11f1-8745-b48c9db4e1b4,10,"[0, 0, 0, 1, 1, 1, 1, 0]",4,1,1,,0.625,8
2165,9aac1347-8861-11f1-8745-b48c9db4e1b4,10,"[0, 0, 0, 1, 1, 1, 1, 0]",5,1,1,,0.625,8
2166,9aac1347-8861-11f1-8745-b48c9db4e1b4,10,"[0, 0, 0, 1, 1, 1, 1, 0]",6,1,1,,0.625,8
2167,9aac1347-8861-11f1-8745-b48c9db4e1b4,10,"[0, 0, 0, 1, 1, 1, 1, 0]",7,0,0,,0.625,8
2168,9aac1347-8861-11f1-8745-b48c9db4e1b4,11,"[1, 0, 0, 0, 1, 1, 1, 1]",0,1,1,,0.625,8
2169,9aac1347-8861-11f1-8745-b48c9db4e1b4,11,"[1, 0, 0, 0, 1, 1, 1, 1]",1,0,0,,0.625,8
2170,9aac1347-8861-11f1-8745-b48c9db4e1b4,11,"[1, 0, 0, 0, 1, 1, 1, 1]",2,0,0,,0.625,8
2171,9aac1347-8861-11f1-8745-b48c9db4e1b4,11,"[1, 0, 0, 0, 1, 1, 1, 1]",3,0,0,,0.625,8
2172,9aac1347-8861-11f1-8745-b48c9db4e1b4,11,"[1, 0, 0, 0, 1, 1, 1, 1]",4,1,1,,0.625,8
2173,9aac1347-8861-11f1-8745-b48c9db4e1b4,11,"[1, 0, 0, 0, 1, 1, 1, 1]",5,1,1,,0.625,8
2174,9aac1347-8861-11f1-8745-b48c9db4e1b4,11,"[1, 0, 0, 0, 1, 1, 1, 1]",6,1,1,,0.625,8
2175,9aac1347-8861-11f1-8745-b48c9db4e1b4,11,"[1, 0, 0, 0, 1, 1, 1, 1]",7,1,1,,0.625,8
2176,9aac1347-8861-11f1-8745-b48c9db4e1b4,12,"[1, 1, 0, 1, 0, 0, 1, 1]",0,1,1,,0.625,8
2177,9aac1347-8861-11f1-8745-b48c9db4e1b4,12,"[1, 1, 0, 1, 0, 0, 1, 1]",1,1,1,,0.625,8
2178,9aac1347-8861-11f1-8745-b48c9db4e1b4,12,"[1, 1, 0, 1, 0, 0, 1, 1]",2,0,0,,0.625,8
2179,9aac1347-8861-11f1-8745-b48c9db4e1b4,12,"[1, 1, 0, 1, 0, 0, 1, 1]",3,1,1,,0.625,8
2180,9aac1347-8861-11f1-8745-b48c9db4e1b4,12,"[1, 1, 0, 1, 0, 0, 1, 1]",4,0,0,,0.625,8
2181,9aac1347-8861-11f1-8745-b48c9db4e1b4,12,"[1, 1, 0, 1, 0, 0, 1, 1]",5,0,0,,0.625,8
2182,9aac1347-8861-11f1-8745-b48c9db4e1b4,12,"[1, 1, 0, 1, 0, 0, 1, 1]",6,1,1,,0.625,8
2183,9aac1347-8861-11f1-8745-b48c9db4e1b4,12,"[1, 1, 0, 1, 0, 0, 1, 1]",7,1,1,,0.625,8
2184,9aac1347-8861-11f1-8745-b48c9db4e1b4,13,"[0, 1, 0, 0, 0, 1, 0, 0]",0,0,0,,0.625,8
2185,9aac1347-8861-11f1-8745-b48c9db4e1b4,13,"[0, 1, 0, 0, 0, 1, 0, 0]",1,1,1,,0.625,8
2186,9aac1347-8861-11f1-8745-b48c9db4e1b4,13,"[0, 1, 0, 0, 0, 1, 0, 0]",2,0,0,,0.625,8
2187,9aac1347-8861-11f1-8745-b48c9db4e1b4,13,"[0, 1, 0, 0, 0, 1, 0, 0]",3,0,0,,0.625,8
2188,9aac1347-8861-11f1-8745-b48c9db4e1b4,13,"[0, 1, 0, 0, 0, 1, 0, 0]",4,0,0,,0.625,8
2189,9aac1347-8861-11f1-8745-b48c9db4e1b4,13,"[0, 1, 0, 0, 0, 1, 0, 0]",5,1,1,,0.625,8
2190,9aac1347-8861-11f1-8745-b48c9db4e1b4,13,"[0, 1, 0, 0, 0, 1, 0, 0]",6,0,0,,0.625,8
2191,9aac1347-8861-11f1-8745-b48c9db4e1b4,13,"[0, 1, 0, 0, 0, 1, 0, 0]",7,0,0,,0.625,8
2192,9aac1347-8861-11f1-8745-b48c9db4e1b4,14,"[0, 1, 1, 1, 1, 0, 0, 1]",0,0,0,,0.625,8
2193,9aac1347-8861-11f1-8745-b48c9db4e1b4,14,"[0, 1, 1, 1, 1, 0, 0, 1]",1,1,1,,0.625,8
2194,9aac1347-8861-11f1-8745-b48c9db4e1b4,14,"[0, 1, 1, 1, 1, 0, 0, 1]",2,1,1,,0.625,8
2195,9aac1347-8861-11f1-8745-b48c9db4e1b4,14,"[0, 1, 1, 1, 1, 0, 0, 1]",3,1,1,,0.625,8
2196,9aac1347-8861-11f1-8745-b48c9db4e1b4,14,"[0, 1, 1, 1, 1, 0, 0, 1]",4,1,1,,0.625,8
2197,9aac1347-8861-11f1-8745-b48c9db4e1b4,14,"[0, 1, 1, 1, 1, 0, 0, 1]",5,0,0,,0.625,8
2198,9aac1347-8861-11f1-8745-b48c9db4e1b4,14,"[0, 1, 1, 1, 1, 0, 0, 1]",6,0,0,,0.625,8
2199,9aac1347-8861-11f1-8745-b48c9db4e1b4,14,"[0, 1, 1, 1, 1, 0, 0, 1]",7,1,1,,0.625,8
2200,9aac1347-8861-11f1-8745-b48c9db4e1b4,15,"[0, 0, 1, 0, 0, 1, 0, 1]",0,0,0,,0.625,8
2201,9aac1347-8861-11f1-8745-b48c9db4e1b4,15,"[0, 0, 1, 0, 0, 1, 0, 1]",1,0,0,,0.625,8
2202,9aac1347-8861-11f1-8745-b48c9db4e1b4,15,"[0, 0, 1, 0, 0, 1, 0, 1]",2,1,1,,0.625,8
2203,9aac1347-8861-11f1-8745-b48c9db4e1b4,15,"[0, 0, 1, 0, 0, 1, 0, 1]",3,0,0,,0.625,8
2204,9aac1347-8861-11f1-8745-b48c9db4e1b4,15,"[0, 0, 1, 0, 0, 1, 0, 1]",4,0,0,,0.625,8
2205,9aac1347-8861-11f1-8745-b48c9db4e1b4,15,"[0, 0, 1, 0, 0, 1, 0, 1]",5,1,1,,0.625,8
2206,9aac1347-8861-11f1-8745-b48c9db4e1b4,15,"[0, 0, 1, 0, 0, 1, 0, 1]",6,0,0,,0.625,8
2207,9aac1347-8861-11f1-8745-b48c9db4e1b4,15,"[0, 0, 1, 0, 0, 1, 0, 1]",7,1,1,,0.625,8
2208,9aac1347-8861-11f1-8745-b48c9db4e1b4,16,"[1, 1, 1, 0, 1, 1, 1, 1]",0,1,-1,,0.625,8
2209,9aac1347-8861-11f1-8745-b48c9db4e1b4,16,"[1, 1, 1, 0, 1, 1, 1, 1]",1,1,-1,,0.625,8
2210,9aac1347-8861-11f1-8745-b48c9db4e1b4,16,"[1, 1, 1, 0, 1, 1, 1, 1]",2,1,-1,,0.625,8
2211,9aac1347-8861-11f1-8745-b48c9db4e1b4,16,"[1, 1, 1, 0, 1, 1, 1, 1]",3,0,0,,0.625,8
2212,9aac1347-8861-11f1-8745-b48c9db4e1b4,16,"[1, 1, 1, 0, 1, 1, 1, 1]",4,1,-1,,0.625,8
2213,9aac1347-8861-11f1-8745-b48c9db4e1b4,16,"[1, 1, 1, 0, 1, 1, 1, 1]",5,1,-1,,0.625,8
2214,9aac1347-8861-11f1-8745-b48c9db4e1b4,16,"[1, 1, 1, 0, 1, 1, 1, 1]",6,1,-1,,0.625,8
2215,9aac1347-8861-11f1-8745-b48c9db4e1b4,16,"[1, 1, 1, 0, 1, 1, 1, 1]",7,1,-1,,0.625,8
2216,9aac1347-8861-11f1-8745-b48c9db4e1b4,17,"[0, 1, 1, 1, 0, 0, 1, 1]",0,0,0,,0.625,8
2217,9aac1347-8861-11f1-8745-b48c9db4e1b4,17,"[0, 1, 1, 1, 0, 0, 1, 1]",1,1,1,,0.625,8
2218,9aac1347-8861-11f1-8745-b48c9db4e1b4,17,"[0, 1, 1, 1, 0, 0, 1, 1]",2,1,1,,0.625,8
2219,9aac1347-8861-11f1-8745-b48c9db4e1b4,17,"[0, 1, 1, 1, 0, 0, 1, 1]",3,1,1,,0.625,8
2220,9aac1347-8861-11f1-8745-b48c9db4e1b4,17,"[0, 1, 1, 1, 0, 0, 1, 1]",4,0,0,,0.625,8
2221,9aac1347-8861-11f1-8745-b48c9db4e1b4,17,"[0, 1, 1, 1, 0, 0, 1, 1]",5,0,0,,0.625,8
2222,9aac1347-8861-11f1-8745-b48c9db4e1b4,17,"[0, 1, 1, 1, 0, 0, 1, 1]",6,1,1,,0.625,8
2223,9aac1347-8861-11f1-8745-b48c9db4e1b4,17,"[0, 1, 1, 1, 0, 0, 1, 1]",7,1,1,,0.625,8
2224,9aac1347-8861-11f1-8745-b48c9db4e1b4,18,"[1, 1, 1, 1, 0, 1, 0, 0]",0,1,1,,0.625,8
2225,9aac1347-8861-11f1-8745-b48c9db4e1b4,18,"[1, 1, 1, 1, 0, 1, 0, 0]",1,1,1,,0.625,8
2226,9aac1347-8861-11f1-8745-b48c9db4e1b4,18,"[1, 1, 1, 1, 0, 1, 0, 0]",2,1,1,,0.625,8
2227,9aac1347-8861-11f1-8745-b48c9db4e1b4,18,"[1, 1, 1, 1, 0, 1, 0, 0]",3,1,1,,0.625,8
2228,9aac1347-8861-11f1-8745-b48c9db4e1b4,18,"[1, 1, 1, 1, 0, 1, 0, 0]",4,0,0,,0.625,8
2229,9aac1347-8861-11f1-8745-b48c9db4e1b4,18,"[1, 1, 1, 1, 0, 1, 0, 0]",5,1,1,,0.625,8
2230,9aac1347-8861-11f1-8745-b48c9db4e1b4,18,"[1, 1, 1, 1, 0, 1, 0, 0]",6,0,0,,0.625,8
2231,9aac1347-8861-11f1-8745-b48c9db4e1b4,18,"[1, 1, 1, 1, 0, 1, 0, 0]",7,0,0,,0.625,8
2232,9aac1347-8861-11f1-8745-b48c9db4e1b4,19,"[1, 1, 0, 1, 1, 1, 1, 1]",0,1,-1,,0.625,8
2233,9aac1347-8861-11f1-8745-b48c9db4e1b4,19,"[1, 1, 0, 1, 1, 1, 1, 1]",1,1,-1,,0.625,8
2234,9aac1347-8861-11f1-8745-b48c9db4e1b4,19,"[1, 1, 0, 1, 1, 1, 1, 1]",2,0,0,,0.625,8
2235,9aac1347-8861-11f1-8745-b48c9db4e1b4,19,"[1, 1, 0, 1, 1, 1, 1, 1]",3,1,-1,,0.625,8
2236,9aac1347-8861-11f1-8745-b48c9db4e1b4,19,"[1, 1, 0, 1, 1, 1, 1, 1]",4,1,-1,,0.625,8
2237,9aac1347-8861-11f1-8745-b48c9db4e1b4,19,"[1, 1, 0, 1, 1, 1, 1, 1]",5,1,-1,,0.625,8
2238,9aac1347-8861-11f1-8745-b48c9db4e1b4,19,"[1, 1, 0, 1, 1, 1, 1, 1]",6,1,-1,,0.625,8
2239,9aac1347-8861-11f1-8745-b48c9db4e1b4,19,"[1, 1, 0, 1, 1, 1, 1, 1]",7,1,-1,,0.625,8
2240,9aaee9bf-8861-11f1-9492-b48c9db4e1b4,0,"[0, 0, 1, 1, 0, 1, 0, 0]",0,0,0,,0.625,8
2241,9aaee9bf-8861-11f1-9492-b48c9db4e1b4,0,"[0, 0, 1, 1, 0, 1, 0, 0]",1,0,0,,0.625,8
2242,9aaee9bf-8861-11f1-9492-b48c9db4e1b4,0,"[0, 0, 1, 1, 0, 1, 0, 0]",2,1,1,,0.625,8
2243,9aaee9bf-8861-11f1-9492-b48c9db4e1b4,0,"[0, 0, 1, 1, 0, 1, 0, 0]",3,1,1,,0.625,8
2244,9aaee9bf-8861-11f1-9492-b48c9db4e1b4,0,"[0, 0, 1, 1, 0, 1, 0, 0]",4,0,0,,0.625,8
2245,9aaee9bf-8861-11f1-9492-b48c9db4e1b4,0,"[0, 0, 1, 1, 0, 1, 0, 0]",5,1,1,,0.625,8
2246,9aaee9bf-8861-11f1-9492-b48c9db4e1b4,0,"[0, 0, 1, 1, 0, 1, 0, 0]",6,0,0,,0.625,8
2247,9aaee9bf-8861-11f1-9492-b48c9db4e1b4,0,"[0, 0, 1, 1, 0, 1, 0, 0]",7,0,0,,0.625,8
2248,9aaee9bf-8861-11f1-9492-b48c9db4e1b4,1,"[1, 0, 1, 0, 0, 0, 1, 0]",0,1,1,,0.625,8
2249,9aaee9bf-8861-11f1-9492-b48c9db4e1b4,1,"[1, 0, 1, 0, 0, 0, 1, 0]",1,0,0,,0.625,8
2250,9aaee9bf-8861-11f1-9492-b48c9db4e1b4,1,"[1, 0, 1, 0, 0, 0, 1, 0]",2,1,1,,0.625,8
2251,9aaee9bf-8861-11f1-9492-b48c9db4e1b4,1,"[1, 0, 1, 0, 0, 0, 1, 0]",3,0,0,,0.625,8
2252,9aaee9bf-8861-11f1-9492-b48c9db4e1b4,1,"[1, 0, 1, 0, 0, 0, 1, 0]",4,0,0,,0.625,8
2253,9aaee9bf-8861-11f1-9492-b48c9db4e1b4,1,"[1, 0, 1, 0, 0, 0, 1, 0]",5,0,0,,0.625,8
2254,9aaee9bf-8861-11f1-9492-b48c9db4e1b4,1,"[1, 0, 1, 0, 0, 0, 1, 0]",6,1,1,,0.625,8
2255,9aaee9bf-8861-11f1-9492-b48c9db4e1b4,1,"[1, 0, 1, 0, 0, 0, 1, 0]",7,0,0,,0.625,8
2256,9aaee9bf-8861-11f1-9492-b48c9db4e1b4,2,"[1, 0, 1, 1, 0, 0, 0, 0]",0,1,1,,0.625,8
2257,9aaee9bf-8861-11f1-9492-b48c9db4e1b4,2,"[1, 0, 1, 1, 0, 0, 0, 0]",1,0,0,,0.625,8
2258,9aaee9bf-8861-11f1-9492-b48c9db4e1b4,2,"[1, 0, 1, 1, 0, 0, 0, 0]",2,1,1,,0.625,8
2259,9aaee9bf-8861-11f1-9492-b48c9db4e1b4,2,"[1, 0, 1, 1, 0, 0, 0, 0]",3,1,1,,0.625,8
2260,9aaee9bf-8861-11f1-9492-b48c9db4e1b4,2,"[1, 0, 1, 1, 0, 0, 0, 0]",4,0,0,,0.625,8
2261,9aaee9bf-8861-11f1-9492-b48c9db4e1b4,2,"[1, 0, 1, 1, 0, 0, 0, 0]",5,0,0,,0.625,8
2262,9aaee9bf-8861-11f1-9492-b48c9db4e1b4,2,"[1, 0, 1, 1, 0, 0, 0, 0]",6,0,0,,0.625,8
2263,9aaee9bf-8861-11f1-9492-b48c9db4e1b4,2,"[1, 0, 1, 1, 0, 0, 0, 0]",7,0,0,,0.625,8
2264,9aaee9bf-8861-11f1-9492-b48c9db4e1b4,3,"[0, 0, 1, 1, 0, 0, 1, 1]",0,0,0,,0.625,8
2265,9aaee9bf-8861-11f1-9492-b48c9db4e1b4,3,"[0, 0, 1, 1, 0, 0, 1, 1]",1,0,0,,0.625,8
2266,9aaee9bf-8861-11f1-9492-b48c9db4e1b4,3,"[0, 0, 1, 1, 0, 0, 1, 1]",2,1,1,,0.625,8
2267,9aaee9bf-8861-11f1-9492-b48c9db4e1b4,3,"[0, 0, 1, 1, 0, 0, 1, 1]",3,1,1,,0.625,8
2268,9aaee9bf-8861-11f1-9492-b48c9db4e1b4,3,"[0, 0, 1, 1, 0, 0, 1, 1]",4,0,0,,0.625,8
2269,9aaee9bf-8861-11f1-9492-b48c9db4e1b4,3,"[0, 0, 1, 1, 0, 0, 1, 1]",5,0,0,,0.625,8
2270,9aaee9bf-8861-11f1-9492-b48c9db4e1b4,3,"[0, 0, 1, 1, 0, 0, 1, 1]",6,1,1,,0.625,8
2271,9aaee9bf-8861-11f1-9492-b48c9db4e1b4,3,"[0, 0, 1, 1, 0, 0, 1, 1]",7,1,1,,0.625,8
2272,9aaee9bf-8861-11f1-9492-b48c9db4e1b4,4,"[0, 0, 0, 1, 1, 1, 0, 1]",0,0,0,,0.625,8
2273,9aaee9bf-8861-11f1-9492-b48c9db4e1b4,4,"[0, 0, 0, 1, 1, 1, 0, 1]",1,0,0,,0.625,8
2274,9aaee9bf-8861-11f1-9492-b48c9db4e1b4,4,"[0, 0, 0, 1, 1, 1, 0, 1]",2,0,0,,0.625,8
2275,9aaee9bf-8861-11f1-9492-b48c9db4e1b4,4,"[0, 0, 0, 1, 1, 1, 0, 1]",3,1,1,,0.625,8
2276,9aaee9bf-8861-11f1-9492-b48c9db4e1b4,4,"[0, 0, 0, 1, 1, 1, 0, 1]",4,1,1,,0.625,8
2277,9aaee9bf-8861-11f1-9492-b48c9db4e1b4,4,"[0, 0, 0, 1, 1, 1, 0, 1]",5,1,1,,0.625,8
2278,9aaee9bf-8861-11f1-9492-b48c9db4e1b4,4,"[0, 0, 0, 1, 1, 1, 0, 1]",6,0,0,,0.625,8
2279,9aaee9bf-8861-11f1-9492-b48c9db4e1b4,4,"[0, 0, 0, 1, 1, 1, 0, 1]",7,1,1,,0.625,8
2280,9aaee9bf-8861-11f1-9492-b48c9db4e1b4,5,"[1, 1, 0, 0, 0, 0, 1, 0]",0,1,1,,0.625,8
2281,9aaee9bf-8861-11f1-9492-b48c9db4e1b4,5,"[1, 1, 0, 0, 0, 0, 1, 0]",1,1,1,,0.625,8
2282,9aaee9bf-8861-11f1-9492-b48c9db4e1b4,5,"[1, 1, 0, 0, 0, 0, 1, 0]",2,0,0,,0.625,8
2283,9aaee9bf-8861-11f1-9492-b48c9db4e1b4,5,"[1, 1, 0, 0, 0, 0, 1, 0]",3,0,0,,0.625,8
2284,9aaee9bf-8861-11f1-9492-b48c9db4e1b4,5,"[1, 1, 0, 0, 0, 0, 1, 0]",4,0,0,,0.625,8
2285,9aaee9bf-8861-11f1-9492-b48c9db4e1b4,5,"[1, 1, 0, 0, 0, 0, 1, 0]",5,0,0,,0.625,8
2286,9aaee9bf-8861-11f1-9492-b48c9db4e1b4,5,"[1, 1, 0, 0, 0, 0, 1, 0]",6,1,1,,0.625,8
2287,9aaee9bf-8861-11f1-9492-b48c9db4e1b4,5,"[1, 1, 0, 0, 0, 0, 1, 0]",7,0,0,,0.625,8
2288,9aaee9bf-8861-11f1-9492-b48c9db4e1b4,6,"[0, 0, 0, 0, 1, 1, 1, 1]",0,0,0,,0.625,8
2289,9aaee9bf-8861-11f1-9492-b48c9db4e1b4,6,"[0, 0, 0, 0, 1, 1, 1, 1]",1,0,0,,0.625,8
2290,9aaee9bf-8861-11f1-9492-b48c9db4e1b4,6,"[0, 0, 0, 0, 1, 1, 1, 1]",2,0,0,,0.625,8
2291,9aaee9bf-8861-11f1-9492-b48c9db4e1b4,6,"[0, 0, 0, 0, 1, 1, 1, 1]",3,0,0,,0.625,8
2292,9aaee9bf-8861-11f1-9492-b48c9db4e1b4,6,"[0, 0, 0, 0, 1, 1, 1, 1]",4,1,1,,0.625,8
2293,9aaee9bf-8861-11f1-9492-b48c9db4e1b4,6,"[0, 0, 0, 0, 1, 1, 1, 1]",5,1,1,,0.625,8
2294,9aaee9bf-8861-11f1-9492-b48c9db4e1b4,6,"[0, 0, 0, 0, 1, 1, 1, 1]",6,1,1,,0.625,8
2295,9aaee9bf-8861-11f1-9492-b48c9db4e1b4,6,"[0, 0, 0, 0, 1, 1, 1, 1]",7,1,1,,0.625,8
2296,9aaee9bf-8861-11f1-9492-b48c9db4e1b4,7,"[0, 0, 0, 0, 1, 0, 0, 0]",0,0,0,,0.625,8
2297,9aaee9bf-8861-11f1-9492-b48c9db4e1b4,7,"[0, 0, 0, 0, 1, 0, 0, 0]",1,0,0,,0.625,8
2298,9aaee9bf-8861-11f1-9492-b48c9db4e1b4,7,"[0, 0, 0, 0, 1, 0, 0, 0]",2,0,0,,0.625,8
2299,9aaee9bf-8861-11f1-9492-b48c9db4e1b4,7,"[0, 0, 0, 0, 1, 0, 0, 0]",3,0,0,,0.625,8
2300,9aaee9bf-8861-11f1-9492-b48c9db4e1b4,7,"[0, 0, 0, 0, 1, 0, 0, 0]",4,1,1,,0.625,8
2301,9aaee9bf-8861-11f1-9492-b48c9db4e1b4,7,"[0, 0, 0, 0, 1, 0, 0, 0]",5,0,0,,0.625,8
2302,9aaee9bf-8861-11f1-9492-b48c9db4e1b4,7,"[0, 0, 0, 0, 1, 0, 0, 0]",6,0,0,,0.625,8
2303,9aaee9bf-8861-11f1-9492-b48c9db4e1b4,7,"[0, 0, 0, 0, 1, 0, 0, 0]",7,0,0,,0.625,8
2304,9aaee9bf-8861-11f1-9492-b48c9db4e1b4,8,"[0, 0, 1, 0, 1, 1, 0, 0]",0,0,0,,0.625,8
2305,9aaee9bf-8861-11f1-9492-b48c9db4e1b4,8,"[0, 0, 1, 0, 1, 1, 0, 0]",1,0,0,,0.625,8
2306,9aaee9bf-8861-11f1-9492-b48c9db4e1b4,8,"[0, 0, 1, 0, 1, 1, 0, 0]",2,1,1,,0.625,8
2307,9aaee9bf-8861-11f1-9492-b48c9db4e1b4,8,"[0, 0, 1, 0, 1, 1, 0, 0]",3,0,0,,0.625,8
2308,9aaee9bf-8861-11f1-9492-b48c9db4e1b4,8,"[0, 0, 1, 0, 1, 1, 0, 0]",4,1,1,,0.625,8
2309,9aaee9bf-8861-11f1-9492-b48c9db4e1b4,8,"[0, 0, 1, 0, 1, 1, 0, 0]",5,1,1,,0.625,8
2310,9aaee9bf-8861-11f1-9492-b48c9db4e1b4,8,"[0, 0, 1, 0, 1, 1, 0, 0]",6,0,0,,0.625,8
2311,9aaee9bf-8861-11f1-9492-b48c9db4e1b4,8,"[0, 0, 1, 0, 1, 1, 0, 0]",7,0,0,,0.625,8
2312,9aaee9bf-8861-11f1-9492-b48c9db4e1b4,9,"[0, 1, 1, 0, 1, 0, 0, 0]",0,0,0,,0.625,8
2313,9aaee9bf-8861-11f1-9492-b48c9db4e1b4,9,"[0, 1, 1, 0, 1, 0, 0, 0]",1,1,1,,0.625,8
2314,9aaee9bf-8861-11f1-9492-b48c9db4e1b4,9,"[0, 1, 1, 0, 1, 0, 0, 0]",2,1,1,,0.625,8
2315,9aaee9bf-8861-11f1-9492-b48c9db4e1b4,9,"[0, 1, 1, 0, 1, 0, 0, 0]",3,0,0,,0.625,8
2316,9aaee9bf-8861-11f1-9492-b48c9db4e1b4,9,"[0, 1, 1, 0, 1, 0, 0, 0]",4,1,1,,0.625,8
2317,9aaee9bf-8861-11f1-9492-b48c9db4e1b4,9,"[0, 1, 1, 0, 1, 0, 0, 0]",5,0,0,,0.625,8
2318,9aaee9bf-8861-11f1-9492-b48c9db4e1b4,9,"[0, 1, 1, 0, 1, 0, 0, 0]",6,0,0,,0.625,8
2319,9aaee9bf-8861-11f1-9492-b48c9db4e1b4,9,"[0, 1, 1, 0, 1, 0, 0, 0]",7,0,0,,0.625,8
2320,9aaee9bf-8861-11f1-9492-b48c9db4e1b4,10,"[0, 1, 1, 0, 0, 1, 0, 0]",0,0,0,,0.625,8
2321,9aaee9bf-8861-11f1-9492-b48c9db4e1b4,10,"[0, 1, 1, 0, 0, 1, 0, 0]",1,1,1,,0.625,8
2322,9aaee9bf-8861-11f1-9492-b48c9db4e1b4,10,"[0, 1, 1, 0, 0, 1, 0, 0]",2,1,1,,0.625,8
2323,9aaee9bf-8861-11f1-9492-b48c9db4e1b4,10,"[0, 1, 1, 0, 0, 1, 0, 0]",3,0,0,,0.625,8
2324,9aaee9bf-8861-11f1-9492-b48c9db4e1b4,10,"[0, 1, 1, 0, 0, 1, 0, 0]",4,0,0,,0.625,8
2325,9aaee9bf-8861-11f1-9492-b48c9db4e1b4,10,"[0, 1, 1, 0, 0, 1, 0, 0]",5,1,1,,0.625,8
2326,9aaee9bf-8861-11f1-9492-b48c9db4e1b4,10,"[0, 1, 1, 0, 0, 1, 0, 0]",6,0,0,,0.625,8
2327,9aaee9bf-8861-11f1-9492-b48c9db4e1b4,10,"[0, 1, 1, 0, 0, 1, 0, 0]",7,0,0,,0.625,8
2328,9aaee9bf-8861-11f1-9492-b48c9db4e1b4,11,"[1, 1, 0, 0, 1, 0, 1, 0]",0,1,1,,0.625,8
2329,9aaee9bf-8861-11f1-9492-b48c9db4e1b4,11,"[1, 1, 0, 0, 1, 0, 1, 0]",1,1,1,,0.625,8
2330,9aaee9bf-8861-11f1-9492-b48c9db4e1b4,11,"[1, 1, 0, 0, 1, 0, 1, 0]",2,0,0,,0.625,8
2331,9aaee9bf-8861-11f1-9492-b48c9db4e1b4,11,"[1, 1, 0, 0, 1, 0, 1, 0]",3,0,0,,0.625,8
2332,9aaee9bf-8861-11f1-9492-b48c9db4e1b4,11,"[1, 1, 0, 0, 1, 0, 1, 0]",4,1,1,,0.625,8
2333,9aaee9bf-8861-11f1-9492-b48c9db4e1b4,11,"[1, 1, 0, 0, 1, 0, 1, 0]",5,0,0,,0.625,8
2334,9aaee9bf-8861-11f1-9492-b48c9db4e1b4,11,"[1, 1, 0, 0, 1, 0, 1, 0]",6,1,1,,0.625,8
2335,9aaee9bf-8861-11f1-9492-b48c9db4e1b4,11,"[1, 1, 0, 0, 1, 0, 1, 0]",7,0,0,,0.625,8
2336,9aaee9bf-8861-11f1-9492-b48c9db4e1b4,12,"[0, 1, 1, 0, 1, 1, 1, 1]",0,0,0,,0.625,8
2337,9aaee9bf-8861-11f1-9492-b48c9db4e1b4,12,"[0, 1, 1, 0, 1, 1, 1, 1]",1,1,-1,,0.625,8
2338,9aaee9bf-8861-11f1-9492-b48c9db4e1b4,12,"[0, 1, 1, 0, 1, 1, 1, 1]",2,1,-1,,0.625,8
2339,9aaee9bf-8861-11f1-9492-b48c9db4e1b4,12,"[0, 1, 1, 0, 1, 1, 1, 1]",3,0,0,,0.625,8
2340,9aaee9bf-8861-11f1-9492-b48c9db4e1b4,12,"[0, 1, 1, 0, 1, 1, 1, 1]",4,1,-1,,0.625,8
2341,9aaee9bf-8861-11f1-9492-b48c9db4e1b4,12,"[0, 1, 1, 0, 1, 1, 1, 1]",5,1,-1,,0.625,8
2342,9aaee9bf-8861-11f1-9492-b48c9db4e1b4,12,"[0, 1, 1, 0, 1, 1, 1, 1]",6,1,-1,,0.625,8
2343,9aaee9bf-8861-11f1-9492-b48c9db4e1b4,12,"[0, 1, 1, 0, 1, 1, 1, 1]",7,1,-1,,0.625,8
2344,9aaee9bf-8861-11f1-9492-b48c9db4e1b4,13,"[1, 0, 1, 1, 1, 1, 0, 0]",0,1,1,,0.625,8
2345,9aaee9bf-8861-11f1-9492-b48c9db4e1b4,13,"[1, 0, 1, 1, 1, 1, 0, 0]",1,0,0,,0.625,8
2346,9aaee9bf-8861-11f1-9492-b48c9db4e1b4,13,"[1, 0, 1, 1, 1, 1, 0, 0]",2,1,1,,0.625,8
2347,9aaee9bf-8861-11f1-9492-b48c9db4e1b4,13,"[1, 0, 1, 1, 1, 1, 0, 0]",3,1,1,,0.625,8
2348,9aaee9bf-8861-11f1-9492-b48c9db4e1b4,13,"[1, 0, 1, 1, 1, 1, 0, 0]",4,1,1,,0.625,8
2349,9aaee9bf-8861-11f1-9492-b48c9db4e1b4,13,"[1, 0, 1, 1, 1, 1, 0, 0]",5,1,1,,0.625,8
2350,9aaee9bf-8861-11f1-9492-b48c9db4e1b4,13,"[1, 0, 1, 1, 1, 1, 0, 0]",6,0,0,,0.625,8
2351,9aaee9bf-8861-11f1-9492-b48c9db4e1b4,13,"[1, 0, 1, 1, 1, 1, 0, 0]",7,0,0,,0.625,8
2352,9aaee9bf-8861-11f1-9492-b48c9db4e1b4,14,"[0, 1, 1, 0, 1, 0, 0, 0]",0,0,0,,0.625,8
2353,9aaee9bf-8861-11f1-9492-b48c9db4e1b4,14,"[0, 1, 1, 0, 1, 0, 0, 0]",1,1,1,,0.625,8
2354,9aaee9bf-8861-11f1-9492-b48c9db4e1b4,14,"[0, 1, 1, 0, 1, 0, 0, 0]",2,1,1,,0.625,8
2355,9aaee9bf-8861-11f1-9492-b48c9db4e1b4,14,"[0, 1, 1, 0, 1, 0, 0, 0]",3,0,0,,0.625,8
2356,9aaee9bf-8861-11f1-9492-b48c9db4e1b4,14,"[0, 1, 1, 0, 1, 0, 0, 0]",4,1,1,,0.625,8
2357,9aaee9bf-8861-11f1-9492-b48c9db4e1b4,14,"[0, 1, 1, 0, 1, 0, 0, 0]",5,0,0,,0.625,8
2358,9aaee9bf-8861-11f1-9492-b48c9db4e1b4,14,"[0, 1, 1, 0, 1, 0, 0, 0]",6,0,0,,0.625,8
2359,9aaee9bf-8861-11f1-9492-b48c9db4e1b4,14,"[0, 1, 1, 0, 1, 0, 0, 0]",7,0,0,,0.625,8
2360,9aaee9bf-8861-11f1-9492-b48c9db4e1b4,15,"[1, 0, 0, 1, 1, 1, 0, 0]",0,1,1,,0.625,8
2361,9aaee9bf-8861-11f1-9492-b48c9db4e1b4,15,"[1, 0, 0, 1, 1, 1, 0, 0]",1,0,0,,0.625,8
2362,9aaee9bf-8861-11f1-9492-b48c9db4e1b4,15,"[1, 0, 0, 1, 1, 1, 0, 0]",2,0,0,,0.625,8
2363,9aaee9bf-8861-11f1-9492-b48c9db4e1b4,15,"[1, 0, 0, 1, 1, 1, 0, 0]",3,1,1,,0.625,8
2364,9aaee9bf-8861-11f1-9492-b48c9db4e1b4,15,"[1, 0, 0, 1, 1, 1, 0, 0]",4,1,1,,0.625,8
2365,9aaee9bf-8861-11f1-9492-b48c9db4e1b4,15,"[1, 0, 0, 1, 1, 1, 0, 0]",5,1,1,,0.625,8
2366,9aaee9bf-8861-11f1-9492-b48c9db4e1b4,15,"[1, 0, 0, 1, 1, 1, 0, 0]",6,0,0,,0.625,8
2367,9aaee9bf-8861-11f1-9492-b48c9db4e1b4,15,"[1, 0, 0, 1, 1, 1, 0, 0]",7,0,0,,0.625,8
2368,9aaee9bf-8861-11f1-9492-b48c9db4e1b4,16,"[0, 1, 1, 1, 1, 0, 1, 0]",0,0,0,,0.625,8
2369,9aaee9bf-8861-11f1-9492-b48c9db4e1b4,16,"[0, 1, 1, 1, 1, 0, 1, 0]",1,1,1,,0.625,8
2370,9aaee9bf-8861-11f1-9492-b48c9db4e1b4,16,"[0, 1, 1, 1, 1, 0, 1, 0]",2,1,1,,0.625,8
2371,9aaee9bf-8861-11f1-9492-b48c9db4e1b4,16,"[0, 1, 1, 1, 1, 0, 1, 0]",3,1,1,,0.625,8
2372,9aaee9bf-8861-11f1-9492-b48c9db4e1b4,16,"[0, 1, 1, 1, 1, 0, 1, 0]",4,1,1,,0.625,8
2373,9aaee9bf-8861-11f1-9492-b48c9db4e1b4,16,"[0, 1, 1, 1, 1, 0, 1, 0]",5,0,0,,0.625,8
2374,9aaee9bf-8861-11f1-9492-b48c9db4e1b4,16,"[0, 1, 1, 1, 1, 0, 1, 0]",6,1,1,,0.625,8
2375,9aaee9bf-8861-11f1-9492-b48c9db4e1b4,16,"[0, 1, 1, 1, 1, 0, 1, 0]",7,0,0,,0.625,8
2376,9aaee9bf-8861-11f1-9492-b48c9db4e1b4,17,"[1, 1, 0, 0, 1, 0, 0, 1]",0,1,1,,0.625,8
2377,9aaee9bf-8861-11f1-9492-b48c9db4e1b4,17,"[1, 1, 0, 0, 1, 0, 0, 1]",1,1,1,,0.625,8
2378,9aaee9bf-8861-11f1-9492-b48c9db4e1b4,17,"[1, 1, 0, 0, 1, 0, 0, 1]",2,0,0,,0.625,8
2379,9aaee9bf-8861-11f1-9492-b48c9db4e1b4,17,"[1, 1, 0, 0, 1, 0, 0, 1]",3,0,0,,0.625,8
2380,9aaee9bf-8861-11f1-9492-b48c9db4e1b4,17,"[1, 1, 0, 0, 1, 0, 0, 1]",4,1,1,,0.625,8
2381,9aaee9bf-8861-11f1-9492-b48c9db4e1b4,17,"[1, 1, 0, 0, 1, 0, 0, 1]",5,0,0,,0.625,8
2382,9aaee9bf-8861-11f1-9492-b48c9db4e1b4,17,"[1, 1, 0, 0, 1, 0, 0, 1]",6,0,0,,0.625,8
2383,9aaee9bf-8861-11f1-9492-b48c9db4e1b4,17,"[1, 1, 0, 0, 1, 0, 0, 1]",7,1,1,,0.625,8
2384,9aaee9bf-8861-11f1-9492-b48c9db4e1b4,18,"[0, 0, 0, 1, 0, 1, 0, 0]",0,0,0,,0.625,8
2385,9aaee9bf-8861-11f1-9492-b48c9db4e1b4,18,"[0, 0, 0, 1, 0, 1, 0, 0]",1,0,0,,0.625,8
2386,9aaee9bf-8861-11f1-9492-b48c9db4e1b4,18,"[0, 0, 0, 1, 0, 1, 0, 0]",2,0,0,,0.625,8
2387,9aaee9bf-8861-11f1-9492-b48c9db4e1b4,18,"[0, 0, 0, 1, 0, 1, 0, 0]",3,1,1,,0.625,8
2388,9aaee9bf-8861-11f1-9492-b48c9db4e1b4,18,"[0, 0, 0, 1, 0, 1, 0, 0]",4,0,0,,0.625,8
2389,9aaee9bf-8861-11f1-9492-b48c9db4e1b4,18,"[0, 0, 0, 1, 0, 1, 0, 0]",5,1,1,,0.625,8
2390,9aaee9bf-8861-11f1-9492-b48c9db4e1b4,18,"[0, 0, 0, 1, 0, 1, 0, 0]",6,0,0,,0.625,8
2391,9aaee9bf-8861-11f1-9492-b48c9db4e1b4,18,"[0, 0, 0, 1, 0, 1, 0, 0]",7,0,0,,0.625,8
2392,9aaee9bf-8861-11f1-9492-b48c9db4e1b4,19,"[1, 0, 0, 0, 0, 0, 1, 0]",0,1,1,,0.625,8
2393,9aaee9bf-8861-11f1-9492-b48c9db4e1b4,19,"[1, 0, 0, 0, 0, 0, 1, 0]",1,0,0,,0.625,8
2394,9aaee9bf-8861-11f1-9492-b48c9db4e1b4,19,"[1, 0, 0, 0, 0, 0, 1, 0]",2,0,0,,0.625,8
2395,9aaee9bf-8861-11f1-9492-b48c9db4e1b4,19,"[1, 0, 0, 0, 0, 0, 1, 0]",3,0,0,,0.625,8
2396,9aaee9bf-8861-11f1-9492-b48c9db4e1b4,19,"[1, 0, 0, 0, 0, 0, 1, 0]",4,0,0,,0.625,8
2397,9aaee9bf-8861-11f1-9492-b48c9db4e1b4,19,"[1, 0, 0, 0, 0, 0, 1, 0]",5,0,0,,0.625,8
2398,9aaee9bf-8861-11f1-9492-b48c9db4e1b4,19,"[1, 0, 0, 0, 0, 0, 1, 0]",6,1,1,,0.625,8
2399,9aaee9bf-8861-11f1-9492-b48c9db4e1b4,19,"[1, 0, 0, 0, 0, 0, 1, 0]",7,0,0,,0.625,8
2400,9ab1e163-8861-11f1-9c15-b48c9db4e1b4,0,"[1, 1, 0, 0, 1, 1, 0, 1]",0,1,1,,0.625,8
2401,9ab1e163-8861-11f1-9c15-b48c9db4e1b4,0,"[1, 1, 0, 0, 1, 1, 0, 1]",1,1,1,,0.625,8
2402,9ab1e163-8861-11f1-9c15-b48c9db4e1b4,0,"[1, 1, 0, 0, 1, 1, 0, 1]",2,0,0,,0.625,8
2403,9ab1e163-8861-11f1-9c15-b48c9db4e1b4,0,"[1, 1, 0, 0, 1, 1, 0, 1]",3,0,0,,0.625,8
2404,9ab1e163-8861-11f1-9c15-b48c9db4e1b4,0,"[1, 1, 0, 0, 1, 1, 0, 1]",4,1,1,,0.625,8
2405,9ab1e163-8861-11f1-9c15-b48c9db4e1b4,0,"[1, 1, 0, 0, 1, 1, 0, 1]",5,1,1,,0.625,8
2406,9ab1e163-8861-11f1-9c15-b48c9db4e1b4,0,"[1, 1, 0, 0, 1, 1, 0, 1]",6,0,0,,0.625,8
2407,9ab1e163-8861-11f1-9c15-b48c9db4e1b4,0,"[1, 1, 0, 0, 1, 1, 0, 1]",7,1,1,,0.625,8
2408,9ab1e163-8861-11f1-9c15-b48c9db4e1b4,1,"[1, 0, 1, 1, 1, 1, 0, 0]",0,1,1,,0.625,8
2409,9ab1e163-8861-11f1-9c15-b48c9db4e1b4,1,"[1, 0, 1, 1, 1, 1, 0, 0]",1,0,0,,0.625,8
2410,9ab1e163-8861-11f1-9c15-b48c9db4e1b4,1,"[1, 0, 1, 1, 1, 1, 0, 0]",2,1,1,,0.625,8
2411,9ab1e163-8861-11f1-9c15-b48c9db4e1b4,1,"[1, 0, 1, 1, 1, 1, 0, 0]",3,1,1,,0.625,8
2412,9ab1e163-8861-11f1-9c15-b48c9db4e1b4,1,"[1, 0, 1, 1, 1, 1, 0, 0]",4,1,1,,0.625,8
2413,9ab1e163-8861-11f1-9c15-b48c9db4e1b4,1,"[1, 0, 1, 1, 1, 1, 0, 0]",5,1,1,,0.625,8
2414,9ab1e163-8861-11f1-9c15-b48c9db4e1b4,1,"[1, 0, 1, 1, 1, 1, 0, 0]",6,0,0,,0.625,8
2415,9ab1e163-8861-11f1-9c15-b48c9db4e1b4,1,"[1, 0, 1, 1, 1, 1, 0, 0]",7,0,0,,0.625,8
2416,9ab1e163-8861-11f1-9c15-b48c9db4e1b4,2,"[0, 0, 1, 1, 1, 1, 0, 0]",0,0,0,,0.625,8
2417,9ab1e163-8861-11f1-9c15-b48c9db4e1b4,2,"[0, 0, 1, 1, 1, 1, 0, 0]",1,0,0,,0.625,8
2418,9ab1e163-8861-11f1-9c15-b48c9db4e1b4,2,"[0, 0, 1, 1, 1, 1, 0, 0]",2,1,1,,0.625,8
2419,9ab1e163-8861-11f1-9c15-b48c9db4e1b4,2,"[0, 0, 1, 1, 1, 1, 0, 0]",3,1,1,,0.625,8
2420,9ab1e163-8861-11f1-9c15-b48c9db4e1b4,2,"[0, 0, 1, 1, 1, 1, 0, 0]",4,1,1,,0.625,8
2421,9ab1e163-8861-11f1-9c15-b48c9db4e1b4,2,"[0, 0, 1, 1, 1, 1, 0, 0]",5,1,1,,0.625,8
2422,9ab1e163-8861-11f1-9c15-b48c9db4e1b4,2,"[0, 0, 1, 1, 1, 1, 0, 0]",6,0,0,,0.625,8
2423,9ab1e163-8861-11f1-9c15-b48c9db4e1b4,2,"[0, 0, 1, 1, 1, 1, 0, 0]",7,0,0,,0.625,8
2424,9ab1e163-8861-11f1-9c15-b48c9db4e1b4,3,"[0, 1, 0, 1, 0, 0, 0, 0]",0,0,0,,0.625,8
2425,9ab1e163-8861-11f1-9c15-b48c9db4e1b4,3,"[0, 1, 0, 1, 0, 0, 0, 0]",1,1,1,,0.625,8
2426,9ab1e163-8861-11f1-9c15-b48c9db4e1b4,3,"[0, 1, 0, 1, 0, 0, 0, 0]",2,0,0,,0.625,8
2427,9ab1e163-8861-11f1-9c15-b48c9db4e1b4,3,"[0, 1, 0, 1, 0, 0, 0, 0]",3,1,1,,0.625,8
2428,9ab1e163-8861-11f1-9c15-b48c9db4e1b4,3,"[0, 1, 0, 1, 0, 0, 0, 0]",4,0,0,,0.625,8
2429,9ab1e163-8861-11f1-9c15-b48c9db4e1b4,3,"[0, 1, 0, 1, 0, 0, 0, 0]",5,0,0,,0.625,8
2430,9ab1e163-8861-11f1-9c15-b48c9db4e1b4,3,"[0, 1, 0, 1, 0, 0, 0, 0]",6,0,0,,0.625,8
2431,9ab1e163-8861-11f1-9c15-b48c9db4e1b4,3,"[0, 1, 0, 1, 0, 0, 0, 0]",7,0,0,,0.625,8
2432,9ab1e163-8861-11f1-9c15-b48c9db4e1b4,4,"[0, 0, 0, 1, 0, 0, 1, 0]",0,0,0,,0.625,8
2433,9ab1e163-8861-11f1-9c15-b48c9db4e1b4,4,"[0, 0, 0, 1, 0, 0, 1, 0]",1,0,0,,0.625,8
2434,9ab1e163-8861-11f1-9c15-b48c9db4e1b4,4,"[0, 0, 0, 1, 0, 0, 1, 0]",2,0,0,,0.625,8
2435,9ab1e163-8861-11f1-9c15-b48c9db4e1b4,4,"[0, 0, 0, 1, 0, 0, 1, 0]",3,1,1,,0.625,8
2436,9ab1e163-8861-11f1-9c15-b48c9db4e1b4,4,"[0, 0, 0, 1, 0, 0, 1, 0]",4,0,0,,0.625,8
2437,9ab1e163-8861-11f1-9c15-b48c9db4e1b4,4,"[0, 0, 0, 1, 0, 0, 1, 0]",5,0,0,,0.625,8
2438,9ab1e163-8861-11f1-9c15-b48c9db4e1b4,4,"[0, 0, 0, 1, 0, 0, 1, 0]",6,1,1,,0.625,8
2439,9ab1e163-8861-11f1-9c15-b48c9db4e1b4,4,"[0, 0, 0, 1, 0, 0, 1, 0]",7,0,0,,0.625,8
2440,9ab1e163-8861-11f1-9c15-b48c9db4e1b4,5,"[0, 0, 1, 0, 0, 1, 1, 1]",0,0,0,,0.625,8
2441,9ab1e163-8861-11f1-9c15-b48c9db4e1b4,5,"[0, 0, 1, 0, 0, 1, 1, 1]",1,0,0,,0.625,8
2442,9ab1e163-8861-11f1-9c15-b48c9db4e1b4,5,"[0, 0, 1, 0, 0, 1, 1, 1]",2,1,1,,0.625,8
2443,9ab1e163-8861-11f1-9c15-b48c9db4e1b4,5,"[0, 0, 1, 0, 0, 1, 1, 1]",3,0,0,,0.625,8
2444,9ab1e163-8861-11f1-9c15-b48c9db4e1b4,5,"[0, 0, 1, 0, 0, 1, 1, 1]",4,0,0,,0.625,8
2445,9ab1e163-8861-11f1-9c15-b48c9db4e1b4,5,"[0, 0, 1, 0, 0, 1, 1, 1]",5,1,1,,0.625,8
2446,9ab1e163-8861-11f1-9c15-b48c9db4e1b4,5,"[0, 0, 1, 0, 0, 1, 1, 1]",6,1,1,,0.625,8
2447,9ab1e163-8861-11f1-9c15-b48c9db4e1b4,5,"[0, 0, 1, 0, 0, 1, 1, 1]",7,1,1,,0.625,8
2448,9ab1e163-8861-11f1-9c15-b48c9db4e1b4,6,"[1, 0, 0, 0, 1, 0, 1, 1]",0,1,1,,0.625,8
2449,9ab1e163-8861-11f1-9c15-b48c9db4e1b4,6,"[1, 0, 0, 0, 1, 0, 1, 1]",1,0,0,,0.625,8
2450,9ab1e163-8861-11f1-9c15-b48c9db4e1b4,6,"[1, 0, 0, 0, 1, 0, 1, 1]",2,0,0,,0.625,8
2451,9ab1e163-8861-11f1-9c15-b48c9db4e1b4,6,"[1, 0, 0, 0, 1, 0, 1, 1]",3,0,0,,0.625,8
2452,9ab1e163-8861-11f1-9c15-b48c9db4e1b4,6,"[1, 0, 0, 0, 1, 0, 1, 1]",4,1,1,,0.625,8
2453,9ab1e163-8861-11f1-9c15-b48c9db4e1b4,6,"[1, 0, 0, 0, 1, 0, 1, 1]",5,0,0,,0.625,8
2454,9ab1e163-8861-11f1-9c15-b48c9db4e1b4,6,"[1, 0, 0, 0, 1, 0, 1, 1]",6,1,1,,0.625,8
2455,9ab1e163-8861-11f1-9c15-b48c9db4e1b4,6,"[1, 0, 0, 0, 1, 0, 1, 1]",7,1,1,,0.625,8
2456,9ab1e163-8861-11f1-9c15-b48c9db4e1b4,7,"[1, 0, 0, 0, 1, 0, 0, 1]",0,1,1,,0.625,8
2457,9ab1e163-8861-11f1-9c15-b48c9db4e1b4,7,"[1, 0, 0, 0, 1, 0, 0, 1]",1,0,0,,0.625,8
2458,9ab1e163-8861-11f1-9c15-b48c9db4e1b4,7,"[1, 0, 0, 0, 1, 0, 0, 1]",2,0,0,,0.625,8
2459,9ab1e163-8861-11f1-9c15-b48c9db4e1b4,7,"[1, 0, 0, 0, 1, 0, 0, 1]",3,0,0,,0.625,8
2460,9ab1e163-8861-11f1-9c15-b48c9db4e1b4,7,"[1, 0, 0, 0, 1, 0, 0, 1]",4,1,1,,0.625,8
2461,9ab1e163-8861-11f1-9c15-b48c9db4e1b4,7,"[1, 0, 0, 0, 1, 0, 0, 1]",5,0,0,,0.625,8
2462,9ab1e163-8861-11f1-9c15-b48c9db4e1b4,7,"[1, 0, 0, 0, 1, 0, 0, 1]",6,0,0,,0.625,8
2463,9ab1e163-8861-11f1-9c15-b48c9db4e1b4,7,"[1, 0, 0, 0, 1, 0, 0, 1]",7,1,1,,0.625,8
2464,9ab1e163-8861-11f1-9c15-b48c9db4e1b4,8,"[1, 1, 0, 1, 1, 1, 0, 1]",0,1,-1,,0.625,8
2465,9ab1e163-8861-11f1-9c15-b48c9db4e1b4,8,"[1, 1, 0, 1, 1, 1, 0, 1]",1,1,-1,,0.625,8
2466,9ab1e163-8861-11f1-9c15-b48c9db4e1b4,8,"[1, 1, 0, 1, 1, 1, 0, 1]",2,0,0,,0.625,8
2467,9ab1e163-8861-11f1-9c15-b48c9db4e1b4,8,"[1, 1, 0, 1, 1, 1, 0, 1]",3,1,-1,,0.625,8
2468,9ab1e163-8861-11f1-9c15-b48c9db4e1b4,8,"[1, 1, 0, 1, 1, 1, 0, 1]",4,1,-1,,0.625,8
2469,9ab1e163-8861-11f1-9c15-b48c9db4e1b4,8,"[1, 1, 0, 1, 1, 1, 0, 1]",5,1,-1,,0.625,8
2470,9ab1e163-8861-11f1-9c15-b48c9db4e1b4,8,"[1, 1, 0, 1, 1, 1, 0, 1]",6,0,0,,0.625,8
2471,9ab1e163-8861-11f1-9c15-b48c9db4e1b4,8,"[1, 1, 0, 1, 1, 1, 0, 1]",7,1,-1,,0.625,8
2472,9ab1e163-8861-11f1-9c15-b48c9db4e1b4,9,"[1, 0, 0, 1, 0, 0, 1, 0]",0,1,1,,0.625,8
2473,9ab1e163-8861-11f1-9c15-b48c9db4e1b4,9,"[1, 0, 0, 1, 0, 0, 1, 0]",1,0,0,,0.625,8
2474,9ab1e163-8861-11f1-9c15-b48c9db4e1b4,9,"[1, 0, 0, 1, 0, 0, 1, 0]",2,0,0,,0.625,8
2475,9ab1e163-8861-11f1-9c15-b48c9db4e1b4,9,"[1, 0, 0, 1, 0, 0, 1, 0]",3,1,1,,0.625,8
2476,9ab1e163-8861-11f1-9c15-b48c9db4e1b4,9,"[1, 0, 0, 1, 0, 0, 1, 0]",4,0,0,,0.625,8
2477,9ab1e163-8861-11f1-9c15-b48c9db4e1b4,9,"[1, 0, 0, 1, 0, 0, 1, 0]",5,0,0,,0.625,8
2478,9ab1e163-8861-11f1-9c15-b48c9db4e1b4,9,"[1, 0, 0, 1, 0, 0, 1, 0]",6,1,1,,0.625,8
2479,9ab1e163-8861-11f1-9c15-b48c9db4e1b4,9,"[1, 0, 0, 1, 0, 0, 1, 0]",7,0,0,,0.625,8
2480,9ab1e163-8861-11f1-9c15-b48c9db4e1b4,10,"[0, 1, 1, 0, 0, 1, 0, 0]",0,0,0,,0.625,8
2481,9ab1e163-8861-11f1-9c15-b48c9db4e1b4,10,"[0, 1, 1, 0, 0, 1, 0, 0]",1,1,1,,0.625,8
2482,9ab1e163-8861-11f1-9c15-b48c9db4e1b4,10,"[0, 1, 1, 0, 0, 1, 0, 0]",2,1,1,,0.625,8
2483,9ab1e163-8861-11f1-9c15-b48c9db4e1b4,10,"[0, 1, 1, 0, 0, 1, 0, 0]",3,0,0,,0.625,8
2484,9ab1e163-8861-11f1-9c15-b48c9db4e1b4,10,"[0, 1, 1, 0, 0, 1, 0, 0]",4,0,0,,0.625,8
2485,9ab1e163-8861-11f1-9c15-b48c9db4e1b4,10,"[0, 1, 1, 0, 0, 1, 0, 0]",5,1,1,,0.625,8
2486,9ab1e163-8861-11f1-9c15-b48c9db4e1b4,10,"[0, 1, 1, 0, 0, 1, 0, 0]",6,0,0,,0.625,8
2487,9ab1e163-8861-11f1-9c15-b48c9db4e1b4,10,"[0, 1, 1, 0, 0, 1, 0, 0]",7,0,0,,0.625,8
2488,9ab1e163-8861-11f1-9c15-b48c9db4e1b4,11,"[0, 1, 1, 0, 1, 0, 0, 1]",0,0,0,,0.625,8
2489,9ab1e163-8861-11f1-9c15-b48c9db4e1b4,11,"[0, 1, 1, 0, 1, 0, 0, 1]",1,1,1,,0.625,8
2490,9ab1e163-8861-11f1-9c15-b48c9db4e1b4,11,"[0, 1, 1, 0, 1, 0, 0, 1]",2,1,1,,0.625,8
2491,9ab1e163-8861-11f1-9c15-b48c9db4e1b4,11,"[0, 1, 1, 0, 1, 0, 0, 1]",3,0,0,,0.625,8
2492,9ab1e163-8861-11f1-9c15-b48c9db4e1b4,11,"[0, 1, 1, 0, 1, 0, 0, 1]",4,1,1,,0.625,8
2493,9ab1e163-8861-11f1-9c15-b48c9db4e1b4,11,"[0, 1, 1, 0, 1, 0, 0, 1]",5,0,0,,0.625,8
2494,9ab1e163-8861-11f1-9c15-b48c9db4e1b4,11,"[0, 1, 1, 0, 1, 0, 0, 1]",6,0,0,,0.625,8
2495,9ab1e163-8861-11f1-9c15-b48c9db4e1b4,11,"[0, 1, 1, 0, 1, 0, 0, 1]",7,1,1,,0.625,8
2496,9ab1e163-8861-11f1-9c15-b48c9db4e1b4,12,"[1, 1, 0, 0, 0, 0, 1, 0]",0,1,1,,0.625,8
2497,9ab1e163-8861-11f1-9c15-b48c9db4e1b4,12,"[1, 1, 0, 0, 0, 0, 1, 0]",1,1,1,,0.625,8
2498,9ab1e163-8861-11f1-9c15-b48c9db4e1b4,12,"[1, 1, 0, 0, 0, 0, 1, 0]",2,0,0,,0.625,8
2499,9ab1e163-8861-11f1-9c15-b48c9db4e1b4,12,"[1, 1, 0, 0, 0, 0, 1, 0]",3,0,0,,0.625,8
2500,9ab1e163-8861-11f1-9c15-b48c9db4e1b4,12,"[1, 1, 0, 0, 0, 0, 1, 0]",4,0,0,,0.625,8
2501,9ab1e163-8861-11f1-9c15-b48c9db4e1b4,12,"[1, 1, 0, 0, 0, 0, 1, 0]",5,0,0,,0.625,8
2502,9ab1e163-8861-11f1-9c15-b48c9db4e1b4,12,"[1, 1, 0, 0, 0, 0, 1, 0]",6,1,1,,0.625,8
2503,9ab1e163-8861-11f1-9c15-b48c9db4e1b4,12,"[1, 1, 0, 0, 0, 0, 1, 0]",7,0,0,,0.625,8
2504,9ab1e163-8861-11f1-9c15-b48c9db4e1b4,13,"[0, 0, 1, 0, 0, 1, 1, 1]",0,0,0,,0.625,8
2505,9ab1e163-8861-11f1-9c15-b48c9db4e1b4,13,"[0, 0, 1, 0, 0, 1, 1, 1]",1,0,0,,0.625,8
2506,9ab1e163-8861-11f1-9c15-b48c9db4e1b4,13,"[0, 0, 1, 0, 0, 1, 1, 1]",2,1,1,,0.625,8
2507,9ab1e163-8861-11f1-9c15-b48c9db4e1b4,13,"[0, 0, 1, 0, 0, 1, 1, 1]",3,0,0,,0.625,8
2508,9ab1e163-8861-11f1-9c15-b48c9db4e1b4,13,"[0, 0, 1, 0, 0, 1, 1, 1]",4,0,0,,0.625,8
2509,9ab1e163-8861-11f1-9c15-b48c9db4e1b4,13,"[0, 0, 1, 0, 0, 1, 1, 1]",5,1,1,,0.625,8
2510,9ab1e163-8861-11f1-9c15-b48c9db4e1b4,13,"[0, 0, 1, 0, 0, 1, 1, 1]",6,1,1,,0.625,8
2511,9ab1e163-8861-11f1-9c15-b48c9db4e1b4,13,"[0, 0, 1, 0, 0, 1, 1, 1]",7,1,1,,0.625,8
2512,9ab1e163-8861-11f1-9c15-b48c9db4e1b4,14,"[1, 0, 1, 0, 0, 1, 1, 1]",0,1,1,,0.625,8
2513,9ab1e163-8861-11f1-9c15-b48c9db4e1b4,14,"[1, 0, 1, 0, 0, 1, 1, 1]",1,0,0,,0.625,8
2514,9ab1e163-8861-11f1-9c15-b48c9db4e1b4,14,"[1, 0, 1, 0, 0, 1, 1, 1]",2,1,1,,0.625,8
2515,9ab1e163-8861-11f1-9c15-b48c9db4e1b4,14,"[1, 0, 1, 0, 0, 1, 1, 1]",3,0,0,,0.625,8
2516,9ab1e163-8861-11f1-9c15-b48c9db4e1b4,14,"[1, 0, 1, 0, 0, 1, 1, 1]",4,0,0,,0.625,8
2517,9ab1e163-8861-11f1-9c15-b48c9db4e1b4,14,"[1, 0, 1, 0, 0, 1, 1, 1]",5,1,1,,0.625,8
2518,9ab1e163-8861-11f1-9c15-b48c9db4e1b4,14,"[1, 0, 1, 0, 0, 1, 1, 1]",6,1,1,,0.625,8
2519,9ab1e163-8861-11f1-9c15-b48c9db4e1b4,14,"[1, 0, 1, 0, 0, 1, 1, 1]",7,1,1,,0.625,8
2520,9ab1e163-8861-11f1-9c15-b48c9db4e1b4,15,"[1, 1, 1, 1, 1, 1, 0, 1]",0,1,-1,,0.625,8
2521,9ab1e163-8861-11f1-9c15-b48c9db4e1b4,15,"[1, 1, 1, 1, 1, 1, 0, 1]",1,1,-1,,0.625,8
2522,9ab1e163-8861-11f1-9c15-b48c9db4e1b4,15,"[1, 1, 1, 1, 1, 1, 0, 1]",2,1,-1,,0.625,8
2523,9ab1e163-8861-11f1-9c15-b48c9db4e1b4,15,"[1, 1, 1, 1, 1, 1, 0, 1]",3,1,-1,,0.625,8
2524,9ab1e163-8861-11f1-9c15-b48c9db4e1b4,15,"[1, 1, 1, 1, 1, 1, 0, 1]",4,1,-1,,0.625,8
2525,9ab1e163-8861-11f1-9c15-b48c9db4e1b4,15,"[1, 1, 1, 1, 1, 1, 0, 1]",5,1,-1,,0.625,8
2526,9ab1e163-8861-11f1-9c15-b48c9db4e1b4,15,"[1, 1, 1, 1, 1, 1, 0, 1]",6,0,0,,0.625,8
2527,9ab1e163-8861-11f1-9c15-b48c9db4e1b4,15,"[1, 1, 1, 1, 1, 1, 0, 1]",7,1,-1,,0.625,8
2528,9ab1e163-8861-11f1-9c15-b48c9db4e1b4,16,"[0, 0, 1, 0, 0, 1, 1, 1]",0,0,0,,0.625,8
2529,9ab1e163-8861-11f1-9c15-b48c9db4e1b4,16,"[0, 0, 1, 0, 0, 1, 1, 1]",1,0,0,,0.625,8
2530,9ab1e163-8861-11f1-9c15-b48c9db4e1b4,16,"[0, 0, 1, 0, 0, 1, 1, 1]",2,1,1,,0.625,8
2531,9ab1e163-8861-11f1-9c15-b48c9db4e1b4,16,"[0, 0, 1, 0, 0, 1, 1, 1]",3,0,0,,0.625,8
2532,9ab1e163-8861-11f1-9c15-b48c9db4e1b4,16,"[0, 0, 1, 0, 0, 1, 1, 1]",4,0,0,,0.625,8
2533,9ab1e163-8861-11f1-9c15-b48c9db4e1b4,16,"[0, 0, 1, 0, 0, 1, 1, 1]",5,1,1,,0.625,8
2534,9ab1e163-8861-11f1-9c15-b48c9db4e1b4,16,"[0, 0, 1, 0, 0, 1, 1, 1]",6,1,1,,0.625,8
2535,9ab1e163-8861-11f1-9c15-b48c9db4e1b4,16,"[0, 0, 1, 0, 0, 1, 1, 1]",7,1,1,,0.625,8
2536,9ab1e163-8861-11f1-9c15-b48c9db4e1b4,17,"[0, 0, 1, 1, 0, 0, 0, 0]",0,0,0,,0.625,8
2537,9ab1e163-8861-11f1-9c15-b48c9db4e1b4,17,"[0, 0, 1, 1, 0, 0, 0, 0]",1,0,0,,0.625,8
2538,9ab1e163-8861-11f1-9c15-b48c9db4e1b4,17,"[0, 0, 1, 1, 0, 0, 0, 0]",2,1,1,,0.625,8
2539,9ab1e163-8861-11f1-9c15-b48c9db4e1b4,17,"[0, 0, 1, 1, 0, 0, 0, 0]",3,1,1,,0.625,8
2540,9ab1e163-8861-11f1-9c15-b48c9db4e1b4,17,"[0, 0, 1, 1, 0, 0, 0, 0]",4,0,0,,0.625,8
2541,9ab1e163-8861-11f1-9c15-b48c9db4e1b4,17,"[0, 0, 1, 1, 0, 0, 0, 0]",5,0,0,,0.625,8
2542,9ab1e163-8861-11f1-9c15-b48c9db4e1b4,17,"[0, 0, 1, 1, 0, 0, 0, 0]",6,0,0,,0.625,8
2543,9ab1e163-8861-11f1-9c15-b48c9db4e1b4,17,"[0, 0, 1, 1, 0, 0, 0, 0]",7,0,0,,0.625,8
2544,9ab1e163-8861-11f1-9c15-b48c9db4e1b4,18,"[1, 1, 1, 1, 0, 1, 1, 1]",0,1,-1,,0.625,8
2545,9ab1e163-8861-11f1-9c15-b48c9db4e1b4,18,"[1, 1, 1, 1, 0, 1, 1, 1]",1,1,-1,,0.625,8
2546,9ab1e163-8861-11f1-9c15-b48c9db4e1b4,18,"[1, 1, 1, 1, 0, 1, 1, 1]",2,1,-1,,0.625,8
2547,9ab1e163-8861-11f1-9c15-b48c9db4e1b4,18,"[1, 1, 1, 1, 0, 1, 1, 1]",3,1,-1,,0.625,8
2548,9ab1e163-8861-11f1-9c15-b48c9db4e1b4,18,"[1, 1, 1, 1, 0, 1, 1, 1]",4,0,0,,0.625,8
2549,9ab1e163-8861-11f1-9c15-b48c9db4e1b4,18,"[1, 1, 1, 1, 0, 1, 1, 1]",5,1,-1,,0.625,8
2550,9ab1e163-8861-11f1-9c15-b48c9db4e1b4,18,"[1, 1, 1, 1, 0, 1, 1, 1]",6,1,-1,,0.625,8
2551,9ab1e163-8861-11f1-9c15-b48c9db4e1b4,18,"[1, 1, 1, 1, 0, 1, 1, 1]",7,1,-1,,0.625,8
2552,9ab1e163-8861-11f1-9c15-b48c9db4e1b4,19,"[0, 1, 0, 1, 0, 0, 1, 1]",0,0,0,,0.625,8
2553,9ab1e163-8861-11f1-9c15-b48c9db4e1b4,19,"[0, 1, 0, 1, 0, 0, 1, 1]",1,1,1,,0.625,8
2554,9ab1e163-8861-11f1-9c15-b48c9db4e1b4,19,"[0, 1, 0, 1, 0, 0, 1, 1]",2,0,0,,0.625,8
2555,9ab1e163-8861-11f1-9c15-b48c9db4e1b4,19,"[0, 1, 0, 1, 0, 0, 1, 1]",3,1,1,,0.625,8
2556,9ab1e163-8861-11f1-9c15-b48c9db4e1b4,19,"[0, 1, 0, 1, 0, 0, 1, 1]",4,0,0,,0.625,8
2557,9ab1e163-8861-11f1-9c15-b48c9db4e1b4,19,"[0, 1, 0, 1, 0, 0, 1, 1]",5,0,0,,0.625,8
2558,9ab1e163-8861-11f1-9c15-b48c9db4e1b4,19,"[0, 1, 0, 1, 0, 0, 1, 1]",6,1,1,,0.625,8
2559,9ab1e163-8861-11f1-9c15-b48c9db4e1b4,19,"[0, 1, 0, 1, 0, 0, 1, 1]",7,1,1,,0.625,8
2560,9ab51fef-8861-11f1-b52f-b48c9db4e1b4,0,"[0, 1, 0, 0, 0, 1, 1, 0]",0,0,0,,0.625,8
2561,9ab51fef-8861-11f1-b52f-b48c9db4e1b4,0,"[0, 1, 0, 0, 0, 1, 1, 0]",1,1,1,,0.625,8
2562,9ab51fef-8861-11f1-b52f-b48c9db4e1b4,0,"[0, 1, 0, 0, 0, 1, 1, 0]",2,0,0,,0.625,8
2563,9ab51fef-8861-11f1-b52f-b48c9db4e1b4,0,"[0, 1, 0, 0, 0, 1, 1, 0]",3,0,0,,0.625,8
2564,9ab51fef-8861-11f1-b52f-b48c9db4e1b4,0,"[0, 1, 0, 0, 0, 1, 1, 0]",4,0,0,,0.625,8
2565,9ab51fef-8861-11f1-b52f-b48c9db4e1b4,0,"[0, 1, 0, 0, 0, 1, 1, 0]",5,1,1,,0.625,8
2566,9ab51fef-8861-11f1-b52f-b48c9db4e1b4,0,"[0, 1, 0, 0, 0, 1, 1, 0]",6,1,1,,0.625,8
2567,9ab51fef-8861-11f1-b52f-b48c9db4e1b4,0,"[0, 1, 0, 0, 0, 1, 1, 0]",7,0,0,,0.625,8
2568,9ab51fef-8861-11f1-b52f-b48c9db4e1b4,1,"[0, 0, 0, 1, 1, 1, 1, 0]",0,0,0,,0.625,8
2569,9ab51fef-8861-11f1-b52f-b48c9db4e1b4,1,"[0, 0, 0, 1, 1, 1, 1, 0]",1,0,0,,0.625,8
2570,9ab51fef-8861-11f1-b52f-b48c9db4e1b4,1,"[0, 0, 0, 1, 1, 1, 1, 0]",2,0,0,,0.625,8
2571,9ab51fef-8861-11f1-b52f-b48c9db4e1b4,1,"[0, 0, 0, 1, 1, 1, 1, 0]",3,1,1,,0.625,8
2572,9ab51fef-8861-11f1-b52f-b48c9db4e1b4,1,"[0, 0, 0, 1, 1, 1, 1, 0]",4,1,1,,0.625,8
2573,9ab51fef-8861-11f1-b52f-b48c9db4e1b4,1,"[0, 0, 0, 1, 1, 1, 1, 0]",5,1,1,,0.625,8
2574,9ab51fef-8861-11f1-b52f-b48c9db4e1b4,1,"[0, 0, 0, 1, 1, 1, 1, 0]",6,1,1,,0.625,8
2575,9ab51fef-8861-11f1-b52f-b48c9db4e1b4,1,"[0, 0, 0, 1, 1, 1, 1, 0]",7,0,0,,0.625,8
2576,9ab51fef-8861-11f1-b52f-b48c9db4e1b4,2,"[1, 1, 0, 0, 0, 0, 1, 1]",0,1,1,,0.625,8
2577,9ab51fef-8861-11f1-b52f-b48c9db4e1b4,2,"[1, 1, 0, 0, 0, 0, 1, 1]",1,1,1,,0.625,8
2578,9ab51fef-8861-11f1-b52f-b48c9db4e1b4,2,"[1, 1, 0, 0, 0, 0, 1, 1]",2,0,0,,0.625,8
2579,9ab51fef-8861-11f1-b52f-b48c9db4e1b4,2,"[1, 1, 0, 0, 0, 0, 1, 1]",3,0,0,,0.625,8
2580,9ab51fef-8861-11f1-b52f-b48c9db4e1b4,2,"[1, 1, 0, 0, 0, 0, 1, 1]",4,0,0,,0.625,8
2581,9ab51fef-8861-11f1-b52f-b48c9db4e1b4,2,"[1, 1, 0, 0, 0, 0, 1, 1]",5,0,0,,0.625,8
2582,9ab51fef-8861-11f1-b52f-b48c9db4e1b4,2,"[1, 1, 0, 0, 0, 0, 1, 1]",6,1,1,,0.625,8
2583,9ab51fef-8861-11f1-b52f-b48c9db4e1b4,2,"[1, 1, 0, 0, 0, 0, 1, 1]",7,1,1,,0.625,8
2584,9ab51fef-8861-11f1-b52f-b48c9db4e1b4,3,"[0, 0, 1, 0, 0, 0, 0, 0]",0,0,0,,0.625,8
2585,9ab51fef-8861-11f1-b52f-b48c9db4e1b4,3,"[0, 0, 1, 0, 0, 0, 0, 0]",1,0,0,,0.625,8
2586,9ab51fef-8861-11f1-b52f-b48c9db4e1b4,3,"[0, 0, 1, 0, 0, 0, 0, 0]",2,1,1,,0.625,8
2587,9ab51fef-8861-11f1-b52f-b48c9db4e1b4,3,"[0, 0, 1, 0, 0, 0, 0, 0]",3,0,0,,0.625,8
2588,9ab51fef-8861-11f1-b52f-b48c9db4e1b4,3,"[0, 0, 1, 0, 0, 0, 0, 0]",4,0,0,,0.625,8
2589,9ab51fef-8861-11f1-b52f-b48c9db4e1b4,3,"[0, 0, 1, 0, 0, 0, 0, 0]",5,0,0,,0.625,8
2590,9ab51fef-8861-11f1-b52f-b48c9db4e1b4,3,"[0, 0, 1, 0, 0, 0, 0, 0]",6,0,0,,0.625,8
2591,9ab51fef-8861-11f1-b52f-b48c9db4e1b4,3,"[0, 0, 1, 0, 0, 0, 0, 0]",7,0,0,,0.625,8
2592,9ab51fef-8861-11f1-b52f-b48c9db4e1b4,4,"[1, 1, 1, 0, 1, 1, 1, 1]",0,1,-1,,0.625,8
2593,9ab51fef-8861-11f1-b52f-b48c9db4e1b4,4,"[1, 1, 1, 0, 1, 1, 1, 1]",1,1,-1,,0.625,8
2594,9ab51fef-8861-11f1-b52f-b48c9db4e1b4,4,"[1, 1, 1, 0, 1, 1, 1, 1]",2,1,-1,,0.625,8
2595,9ab51fef-8861-11f1-b52f-b48c9db4e1b4,4,"[1, 1, 1, 0, 1, 1, 1, 1]",3,0,0,,0.625,8
2596,9ab51fef-8861-11f1-b52f-b48c9db4e1b4,4,"[1, 1, 1, 0, 1, 1, 1, 1]",4,1,-1,,0.625,8
2597,9ab51fef-8861-11f1-b52f-b48c9db4e1b4,4,"[1, 1, 1, 0, 1, 1, 1, 1]",5,1,-1,,0.625,8
2598,9ab51fef-8861-11f1-b52f-b48c9db4e1b4,4,"[1, 1, 1, 0, 1, 1, 1, 1]",6,1,-1,,0.625,8
2599,9ab51fef-8861-11f1-b52f-b48c9db4e1b4,4,"[1, 1, 1, 0, 1, 1, 1, 1]",7,1,-1,,0.625,8
2600,9ab51fef-8861-11f1-b52f-b48c9db4e1b4,5,"[0, 0, 1, 1, 0, 1, 1, 0]",0,0,0,,0.625,8
2601,9ab51fef-8861-11f1-b52f-b48c9db4e1b4,5,"[0, 0, 1, 1, 0, 1, 1, 0]",1,0,0,,0.625,8
2602,9ab51fef-8861-11f1-b52f-b48c9db4e1b4,5,"[0, 0, 1, 1, 0, 1, 1, 0]",2,1,1,,0.625,8
2603,9ab51fef-8861-11f1-b52f-b48c9db4e1b4,5,"[0, 0, 1, 1, 0, 1, 1, 0]",3,1,1,,0.625,8
2604,9ab51fef-8861-11f1-b52f-b48c9db4e1b4,5,"[0, 0, 1, 1, 0, 1, 1, 0]",4,0,0,,0.625,8
2605,9ab51fef-8861-11f1-b52f-b48c9db4e1b4,5,"[0, 0, 1, 1, 0, 1, 1, 0]",5,1,1,,0.625,8
2606,9ab51fef-8861-11f1-b52f-b48c9db4e1b4,5,"[0, 0, 1, 1, 0, 1, 1, 0]",6,1,1,,0.625,8
2607,9ab51fef-8861-11f1-b52f-b48c9db4e1b4,5,"[0, 0, 1, 1, 0, 1, 1, 0]",7,0,0,,0.625,8
2608,9ab51fef-8861-11f1-b52f-b48c9db4e1b4,6,"[0, 1, 0, 0, 0, 0, 1, 0]",0,0,0,,0.625,8
2609,9ab51fef-8861-11f1-b52f-b48c9db4e1b4,6,"[0, 1, 0, 0, 0, 0, 1, 0]",1,1,1,,0.625,8
2610,9ab51fef-8861-11f1-b52f-b48c9db4e1b4,6,"[0, 1, 0, 0, 0, 0, 1, 0]",2,0,0,,0.625,8
2611,9ab51fef-8861-11f1-b52f-b48c9db4e1b4,6,"[0, 1, 0, 0, 0, 0, 1, 0]",3,0,0,,0.625,8
2612,9ab51fef-8861-11f1-b52f-b48c9db4e1b4,6,"[0, 1, 0, 0, 0, 0, 1, 0]",4,0,0,,0.625,8
2613,9ab51fef-8861-11f1-b52f-b48c9db4e1b4,6,"[0, 1, 0, 0, 0, 0, 1, 0]",5,0,0,,0.625,8
2614,9ab51fef-8861-11f1-b52f-b48c9db4e1b4,6,"[0, 1, 0, 0, 0, 0, 1, 0]",6,1,1,,0.625,8
2615,9ab51fef-8861-11f1-b52f-b48c9db4e1b4,6,"[0, 1, 0, 0, 0, 0, 1, 0]",7,0,0,,0.625,8
2616,9ab51fef-8861-11f1-b52f-b48c9db4e1b4,7,"[0, 0, 0, 1, 1, 1, 0, 1]",0,0,0,,0.625,8
2617,9ab51fef-8861-11f1-b52f-b48c9db4e1b4,7,"[0, 0, 0, 1, 1, 1, 0, 1]",1,0,0,,0.625,8
2618,9ab51fef-8861-11f1-b52f-b48c9db4e1b4,7,"[0, 0, 0, 1, 1, 1, 0, 1]",2,0,0,,0.625,8
2619,9ab51fef-8861-11f1-b52f-b48c9db4e1b4,7,"[0, 0, 0, 1, 1, 1, 0, 1]",3,1,1,,0.625,8
2620,9ab51fef-8861-11f1-b52f-b48c9db4e1b4,7,"[0, 0, 0, 1, 1, 1, 0, 1]",4,1,1,,0.625,8
2621,9ab51fef-8861-11f1-b52f-b48c9db4e1b4,7,"[0, 0, 0, 1, 1, 1, 0, 1]",5,1,1,,0.625,8
2622,9ab51fef-8861-11f1-b52f-b48c9db4e1b4,7,"[0, 0, 0, 1, 1, 1, 0, 1]",6,0,0,,0.625,8
2623,9ab51fef-8861-11f1-b52f-b48c9db4e1b4,7,"[0, 0, 0, 1, 1, 1, 0, 1]",7,1,1,,0.625,8
2624,9ab51fef-8861-11f1-b52f-b48c9db4e1b4,8,"[0, 1, 0, 1, 0, 1, 0, 0]",0,0,0,,0.625,8
2625,9ab51fef-8861-11f1-b52f-b48c9db4e1b4,8,"[0, 1, 0, 1, 0, 1, 0, 0]",1,1,1,,0.625,8
2626,9ab51fef-8861-11f1-b52f-b48c9db4e1b4,8,"[0, 1, 0, 1, 0, 1, 0, 0]",2,0,0,,0.625,8
2627,9ab51fef-8861-11f1-b52f-b48c9db4e1b4,8,"[0, 1, 0, 1, 0, 1, 0, 0]",3,1,1,,0.625,8
2628,9ab51fef-8861-11f1-b52f-b48c9db4e1b4,8,"[0, 1, 0, 1, 0, 1, 0, 0]",4,0,0,,0.625,8
2629,9ab51fef-8861-11f1-b52f-b48c9db4e1b4,8,"[0, 1, 0, 1, 0, 1, 0, 0]",5,1,1,,0.625,8
2630,9ab51fef-8861-11f1-b52f-b48c9db4e1b4,8,"[0, 1, 0, 1, 0, 1, 0, 0]",6,0,0,,0.625,8
2631,9ab51fef-8861-11f1-b52f-b48c9db4e1b4,8,"[0, 1, 0, 1, 0, 1, 0, 0]",7,0,0,,0.625,8
2632,9ab51fef-8861-11f1-b52f-b48c9db4e1b4,9,"[1, 0, 0, 1, 0, 0, 1, 0]",0,1,1,,0.625,8
2633,9ab51fef-8861-11f1-b52f-b48c9db4e1b4,9,"[1, 0, 0, 1, 0, 0, 1, 0]",1,0,0,,0.625,8
2634,9ab51fef-8861-11f1-b52f-b48c9db4e1b4,9,"[1, 0, 0, 1, 0, 0, 1, 0]",2,0,0,,0.625,8
2635,9ab51fef-8861-11f1-b52f-b48c9db4e1b4,9,"[1, 0, 0, 1, 0, 0, 1, 0]",3,1,1,,0.625,8
2636,9ab51fef-8861-11f1-b52f-b48c9db4e1b4,9,"[1, 0, 0, 1, 0, 0, 1, 0]",4,0,0,,0.625,8
2637,9ab51fef-8861-11f1-b52f-b48c9db4e1b4,9,"[1, 0, 0, 1, 0, 0, 1, 0]",5,0,0,,0.625,8
2638,9ab51fef-8861-11f1-b52f-b48c9db4e1b4,9,"[1, 0, 0, 1, 0, 0, 1, 0]",6,1,1,,0.625,8
2639,9ab51fef-8861-11f1-b52f-b48c9db4e1b4,9,"[1, 0, 0, 1, 0, 0, 1, 0]",7,0,0,,0.625,8
2640,9ab51fef-8861-11f1-b52f-b48c9db4e1b4,10,"[0, 1, 1, 0, 1, 0, 1, 1]",0,0,0,,0.625,8
2641,9ab51fef-8861-11f1-b52f-b48c9db4e1b4,10,"[0, 1, 1, 0, 1, 0, 1, 1]",1,1,1,,0.625,8
2642,9ab51fef-8861-11f1-b52f-b48c9db4e1b4,10,"[0, 1, 1, 0, 1, 0, 1, 1]",2,1,1,,0.625,8
2643,9ab51fef-8861-11f1-b52f-b48c9db4e1b4,10,"[0, 1, 1, 0, 1, 0, 1, 1]",3,0,0,,0.625,8
2644,9ab51fef-8861-11f1-b52f-b48c9db4e1b4,10,"[0, 1, 1, 0, 1, 0, 1, 1]",4,1,1,,0.625,8
2645,9ab51fef-8861-11f1-b52f-b48c9db4e1b4,10,"[0, 1, 1, 0, 1, 0, 1, 1]",5,0,0,,0.625,8
2646,9ab51fef-8861-11f1-b52f-b48c9db4e1b4,10,"[0, 1, 1, 0, 1, 0, 1, 1]",6,1,1,,0.625,8
2647,9ab51fef-8861-11f1-b52f-b48c9db4e1b4,10,"[0, 1, 1, 0, 1, 0, 1, 1]",7,1,1,,0.625,8
2648,9ab51fef-8861-11f1-b52f-b48c9db4e1b4,11,"[1, 1, 0, 0, 0, 0, 0, 0]",0,1,1,,0.625,8
2649,9ab51fef-8861-11f1-b52f-b48c9db4e1b4,11,"[1, 1, 0, 0, 0, 0, 0, 0]",1,1,1,,0.625,8
2650,9ab51fef-8861-11f1-b52f-b48c9db4e1b4,11,"[1, 1, 0, 0, 0, 0, 0, 0]",2,0,0,,0.625,8
2651,9ab51fef-8861-11f1-b52f-b48c9db4e1b4,11,"[1, 1, 0, 0, 0, 0, 0, 0]",3,0,0,,0.625,8
2652,9ab51fef-8861-11f1-b52f-b48c9db4e1b4,11,"[1, 1, 0, 0, 0, 0, 0, 0]",4,0,0,,0.625,8
2653,9ab51fef-8861-11f1-b52f-b48c9db4e1b4,11,"[1, 1, 0, 0, 0, 0, 0, 0]",5,0,0,,0.625,8
2654,9ab51fef-8861-11f1-b52f-b48c9db4e1b4,11,"[1, 1, 0, 0, 0, 0, 0, 0]",6,0,0,,0.625,8
2655,9ab51fef-8861-11f1-b52f-b48c9db4e1b4,11,"[1, 1, 0, 0, 0, 0, 0, 0]",7,0,0,,0.625,8
2656,9ab51fef-8861-11f1-b52f-b48c9db4e1b4,12,"[1, 1, 0, 1, 1, 1, 0, 0]",0,1,1,,0.625,8
2657,9ab51fef-8861-11f1-b52f-b48c9db4e1b4,12,"[1, 1, 0, 1, 1, 1, 0, 0]",1,1,1,,0.625,8
2658,9ab51fef-8861-11f1-b52f-b48c9db4e1b4,12,"[1, 1, 0, 1, 1, 1, 0, 0]",2,0,0,,0.625,8
2659,9ab51fef-8861-11f1-b52f-b48c9db4e1b4,12,"[1, 1, 0, 1, 1, 1, 0, 0]",3,1,1,,0.625,8
2660,9ab51fef-8861-11f1-b52f-b48c9db4e1b4,12,"[1, 1, 0, 1, 1, 1, 0, 0]",4,1,1,,0.625,8
2661,9ab51fef-8861-11f1-b52f-b48c9db4e1b4,12,"[1, 1, 0, 1, 1, 1, 0, 0]",5,1,1,,0.625,8
2662,9ab51fef-8861-11f1-b52f-b48c9db4e1b4,12,"[1, 1, 0, 1, 1, 1, 0, 0]",6,0,0,,0.625,8
2663,9ab51fef-8861-11f1-b52f-b48c9db4e1b4,12,"[1, 1, 0, 1, 1, 1, 0, 0]",7,0,0,,0.625,8
2664,9ab51fef-8861-11f1-b52f-b48c9db4e1b4,13,"[0, 0, 1, 1, 1, 0, 0, 1]",0,0,0,,0.625,8
2665,9ab51fef-8861-11f1-b52f-b48c9db4e1b4,13,"[0, 0, 1, 1, 1, 0, 0, 1]",1,0,0,,0.625,8
2666,9ab51fef-8861-11f1-b52f-b48c9db4e1b4,13,"[0, 0, 1, 1, 1, 0, 0, 1]",2,1,1,,0.625,8
2667,9ab51fef-8861-11f1-b52f-b48c9db4e1b4,13,"[0, 0, 1, 1, 1, 0, 0, 1]",3,1,1,,0.625,8
2668,9ab51fef-8861-11f1-b52f-b48c9db4e1b4,13,"[0, 0, 1, 1, 1, 0, 0, 1]",4,1,1,,0.625,8
2669,9ab51fef-8861-11f1-b52f-b48c9db4e1b4,13,"[0, 0, 1, 1, 1, 0, 0, 1]",5,0,0,,0.625,8
2670,9ab51fef-8861-11f1-b52f-b48c9db4e1b4,13,"[0, 0, 1, 1, 1, 0, 0, 1]",6,0,0,,0.625,8
2671,9ab51fef-8861-11f1-b52f-b48c9db4e1b4,13,"[0, 0, 1, 1, 1, 0, 0, 1]",7,1,1,,0.625,8
2672,9ab51fef-8861-11f1-b52f-b48c9db4e1b4,14,"[1, 1, 1, 1, 0, 0, 0, 0]",0,1,1,,0.625,8
2673,9ab51fef-8861-11f1-b52f-b48c9db4e1b4,14,"[1, 1, 1, 1, 0, 0, 0, 0]",1,1,1,,0.625,8
2674,9ab51fef-8861-11f1-b52f-b48c9db4e1b4,14,"[1, 1, 1, 1, 0, 0, 0, 0]",2,1,1,,0.625,8
2675,9ab51fef-8861-11f1-b52f-b48c9db4e1b4,14,"[1, 1, 1, 1, 0, 0, 0, 0]",3,1,1,,0.625,8
2676,9ab51fef-8861-11f1-b52f-b48c9db4e1b4,14,"[1, 1, 1, 1, 0, 0, 0, 0]",4,0,0,,0.625,8
2677,9ab51fef-8861-11f1-b52f-b48c9db4e1b4,14,"[1, 1, 1, 1, 0, 0, 0, 0]",5,0,0,,0.625,8
2678,9ab51fef-8861-11f1-b52f-b48c9db4e1b4,14,"[1, 1, 1, 1, 0, 0, 0, 0]",6,0,0,,0.625,8
2679,9ab51fef-8861-11f1-b52f-b48c9db4e1b4,14,"[1, 1, 1, 1, 0, 0, 0, 0]",7,0,0,,0.625,8
2680,9ab51fef-8861-11f1-b52f-b48c9db4e1b4,15,"[1, 0, 0, 0, 0, 1, 0, 0]",0,1,1,,0.625,8
2681,9ab51fef-8861-11f1-b52f-b48c9db4e1b4,15,"[1, 0, 0, 0, 0, 1, 0, 0]",1,0,0,,0.625,8
2682,9ab51fef-8861-11f1-b52f-b48c9db4e1b4,15,"[1, 0, 0, 0, 0, 1, 0, 0]",2,0,0,,0.625,8
2683,9ab51fef-8861-11f1-b52f-b48c9db4e1b4,15,"[1, 0, 0, 0, 0, 1, 0, 0]",3,0,0,,0.625,8
2684,9ab51fef-8861-11f1-b52f-b48c9db4e1b4,15,"[1, 0, 0, 0, 0, 1, 0, 0]",4,0,0,,0.625,8
2685,9ab51fef-8861-11f1-b52f-b48c9db4e1b4,15,"[1, 0, 0, 0, 0, 1, 0, 0]",5,1,1,,0.625,8
2686,9ab51fef-8861-11f1-b52f-b48c9db4e1b4,15,"[1, 0, 0, 0, 0, 1, 0, 0]",6,0,0,,0.625,8
2687,9ab51fef-8861-11f1-b52f-b48c9db4e1b4,15,"[1, 0, 0, 0, 0, 1, 0, 0]",7,0,0,,0.625,8
2688,9ab51fef-8861-11f1-b52f-b48c9db4e1b4,16,"[1, 1, 1, 1, 1, 0, 0, 0]",0,1,1,,0.625,8
2689,9ab51fef-8861-11f1-b52f-b48c9db4e1b4,16,"[1, 1, 1, 1, 1, 0, 0, 0]",1,1,1,,0.625,8
2690,9ab51fef-8861-11f1-b52f-b48c9db4e1b4,16,"[1, 1, 1, 1, 1, 0, 0, 0]",2,1,1,,0.625,8
2691,9ab51fef-8861-11f1-b52f-b48c9db4e1b4,16,"[1, 1, 1, 1, 1, 0, 0, 0]",3,1,1,,0.625,8
2692,9ab51fef-8861-11f1-b52f-b48c9db4e1b4,16,"[1, 1, 1, 1, 1, 0, 0, 0]",4,1,1,,0.625,8
2693,9ab51fef-8861-11f1-b52f-b48c9db4e1b4,16,"[1, 1, 1, 1, 1, 0, 0, 0]",5,0,0,,0.625,8
2694,9ab51fef-8861-11f1-b52f-b48c9db4e1b4,16,"[1, 1, 1, 1, 1, 0, 0, 0]",6,0,0,,0.625,8
2695,9ab51fef-8861-11f1-b52f-b48c9db4e1b4,16,"[1, 1, 1, 1, 1, 0, 0, 0]",7,0,0,,0.625,8
2696,9ab51fef-8861-11f1-b52f-b48c9db4e1b4,17,"[0, 1, 0, 0, 1, 1, 0, 0]",0,0,0,,0.625,8
2697,9ab51fef-8861-11f1-b52f-b48c9db4e1b4,17,"[0, 1, 0, 0, 1, 1, 0, 0]",1,1,1,,0.625,8
2698,9ab51fef-8861-11f1-b52f-b48c9db4e1b4,17,"[0, 1, 0, 0, 1, 1, 0, 0]",2,0,0,,0.625,8
2699,9ab51fef-8861-11f1-b52f-b48c9db4e1b4,17,"[0, 1, 0, 0, 1, 1, 0, 0]",3,0,0,,0.625,8
2700,9ab51fef-8861-11f1-b52f-b48c9db4e1b4,17,"[0, 1, 0, 0, 1, 1, 0, 0]",4,1,1,,0.625,8
2701,9ab51fef-8861-11f1-b52f-b48c9db4e1b4,17,"[0, 1, 0, 0, 1, 1, 0, 0]",5,1,1,,0.625,8
2702,9ab51fef-8861-11f1-b52f-b48c9db4e1b4,17,"[0, 1, 0, 0, 1, 1, 0, 0]",6,0,0,,0.625,8
2703,9ab51fef-8861-11f1-b52f-b48c9db4e1b4,17,"[0, 1, 0, 0, 1, 1, 0, 0]",7,0,0,,0.625,8
2704,9ab51fef-8861-11f1-b52f-b48c9db4e1b4,18,"[0, 0, 1, 0, 0, 0, 0, 0]",0,0,0,,0.625,8
2705,9ab51fef-8861-11f1-b52f-b48c9db4e1b4,18,"[0, 0, 1, 0, 0, 0, 0, 0]",1,0,0,,0.625,8
2706,9ab51fef-8861-11f1-b52f-b48c9db4e1b4,18,"[0, 0, 1, 0, 0, 0, 0, 0]",2,1,1,,0.625,8
2707,9ab51fef-8861-11f1-b52f-b48c9db4e1b4,18,"[0, 0, 1, 0, 0, 0, 0, 0]",3,0,0,,0.625,8
2708,9ab51fef-8861-11f1-b52f-b48c9db4e1b4,18,"[0, 0, 1, 0, 0, 0, 0, 0]",4,0,0,,0.625,8
2709,9ab51fef-8861-11f1-b52f-b48c9db4e1b4,18,"[0, 0, 1, 0, 0, 0, 0, 0]",5,0,0,,0.625,8
2710,9ab51fef-8861-11f1-b52f-b48c9db4e1b4,18,"[0, 0, 1, 0, 0, 0, 0, 0]",6,0,0,,0.625,8
2711,9ab51fef-8861-11f1-b52f-b48c9db4e1b4,18,"[0, 0, 1, 0, 0, 0, 0, 0]",7,0,0,,0.625,8
2712,9ab51fef-8861-11f1-b52f-b48c9db4e1b4,19,"[1, 1, 1, 0, 1, 0, 1, 0]",0,1,1,,0.625,8
2713,9ab51fef-8861-11f1-b52f-b48c9db4e1b4,19,"[1, 1, 1, 0, 1, 0, 1, 0]",1,1,1,,0.625,8
2714,9ab51fef-8861-11f1-b52f-b48c9db4e1b4,19,"[1, 1, 1, 0, 1, 0, 1, 0]",2,1,1,,0.625,8
2715,9ab51fef-8861-11f1-b52f-b48c9db4e1b4,19,"[1, 1, 1, 0, 1, 0, 1, 0]",3,0,0,,0.625,8
2716,9ab51fef-8861-11f1-b52f-b48c9db4e1b4,19,"[1, 1, 1, 0, 1, 0, 1, 0]",4,1,1,,0.625,8
2717,9ab51fef-8861-11f1-b52f-b48c9db4e1b4,19,"[1, 1, 1, 0, 1, 0, 1, 0]",5,0,0,,0.625,8
2718,9ab51fef-8861-11f1-b52f-b48c9db4e1b4,19,"[1, 1, 1, 0, 1, 0, 1, 0]",6,1,1,,0.625,8
2719,9ab51fef-8861-11f1-b52f-b48c9db4e1b4,19,"[1, 1, 1, 0, 1, 0, 1, 0]",7,0,0,,0.625,8
2720,9ab7feec-8861-11f1-a1a4-b48c9db4e1b4,0,"[0, 0, 1, 1, 0, 1, 0, 1]",0,0,0,,0.625,8
2721,9ab7feec-8861-11f1-a1a4-b48c9db4e1b4,0,"[0, 0, 1, 1, 0, 1, 0, 1]",1,0,0,,0.625,8
2722,9ab7feec-8861-11f1-a1a4-b48c9db4e1b4,0,"[0, 0, 1, 1, 0, 1, 0, 1]",2,1,1,,0.625,8
2723,9ab7feec-8861-11f1-a1a4-b48c9db4e1b4,0,"[0, 0, 1, 1, 0, 1, 0, 1]",3,1,1,,0.625,8
2724,9ab7feec-8861-11f1-a1a4-b48c9db4e1b4,0,"[0, 0, 1, 1, 0, 1, 0, 1]",4,0,0,,0.625,8
2725,9ab7feec-8861-11f1-a1a4-b48c9db4e1b4,0,"[0, 0, 1, 1, 0, 1, 0, 1]",5,1,1,,0.625,8
2726,9ab7feec-8861-11f1-a1a4-b48c9db4e1b4,0,"[0, 0, 1, 1, 0, 1, 0, 1]",6,0,0,,0.625,8
2727,9ab7feec-8861-11f1-a1a4-b48c9db4e1b4,0,"[0, 0, 1, 1, 0, 1, 0, 1]",7,1,1,,0.625,8
2728,9ab7feec-8861-11f1-a1a4-b48c9db4e1b4,1,"[0, 0, 0, 1, 0, 0, 1, 1]",0,0,0,,0.625,8
2729,9ab7feec-8861-11f1-a1a4-b48c9db4e1b4,1,"[0, 0, 0, 1, 0, 0, 1, 1]",1,0,0,,0.625,8
2730,9ab7feec-8861-11f1-a1a4-b48c9db4e1b4,1,"[0, 0, 0, 1, 0, 0, 1, 1]",2,0,0,,0.625,8
2731,9ab7feec-8861-11f1-a1a4-b48c9db4e1b4,1,"[0, 0, 0, 1, 0, 0, 1, 1]",3,1,1,,0.625,8
2732,9ab7feec-8861-11f1-a1a4-b48c9db4e1b4,1,"[0, 0, 0, 1, 0, 0, 1, 1]",4,0,0,,0.625,8
2733,9ab7feec-8861-11f1-a1a4-b48c9db4e1b4,1,"[0, 0, 0, 1, 0, 0, 1, 1]",5,0,0,,0.625,8
2734,9ab7feec-8861-11f1-a1a4-b48c9db4e1b4,1,"[0, 0, 0, 1, 0, 0, 1, 1]",6,1,1,,0.625,8
2735,9ab7feec-8861-11f1-a1a4-b48c9db4e1b4,1,"[0, 0, 0, 1, 0, 0, 1, 1]",7,1,1,,0.625,8
2736,9ab7feec-8861-11f1-a1a4-b48c9db4e1b4,2,"[0, 0, 1, 0, 0, 0, 0, 0]",0,0,0,,0.625,8
2737,9ab7feec-8861-11f1-a1a4-b48c9db4e1b4,2,"[0, 0, 1, 0, 0, 0, 0, 0]",1,0,0,,0.625,8
2738,9ab7feec-8861-11f1-a1a4-b48c9db4e1b4,2,"[0, 0, 1, 0, 0, 0, 0, 0]",2,1,1,,0.625,8
2739,9ab7feec-8861-11f1-a1a4-b48c9db4e1b4,2,"[0, 0, 1, 0, 0, 0, 0, 0]",3,0,0,,0.625,8
2740,9ab7feec-8861-11f1-a1a4-b48c9db4e1b4,2,"[0, 0, 1, 0, 0, 0, 0, 0]",4,0,0,,0.625,8
2741,9ab7feec-8861-11f1-a1a4-b48c9db4e1b4,2,"[0, 0, 1, 0, 0, 0, 0, 0]",5,0,0,,0.625,8
2742,9ab7feec-8861-11f1-a1a4-b48c9db4e1b4,2,"[0, 0, 1, 0, 0, 0, 0, 0]",6,0,0,,0.625,8
2743,9ab7feec-8861-11f1-a1a4-b48c9db4e1b4,2,"[0, 0, 1, 0, 0, 0, 0, 0]",7,0,0,,0.625,8
2744,9ab7feec-8861-11f1-a1a4-b48c9db4e1b4,3,"[1, 1, 0, 0, 1, 0, 0, 1]",0,1,1,,0.625,8
2745,9ab7feec-8861-11f1-a1a4-b48c9db4e1b4,3,"[1, 1, 0, 0, 1, 0, 0, 1]",1,1,1,,0.625,8
2746,9ab7feec-8861-11f1-a1a4-b48c9db4e1b4,3,"[1, 1, 0, 0, 1, 0, 0, 1]",2,0,0,,0.625,8
2747,9ab7feec-8861-11f1-a1a4-b48c9db4e1b4,3,"[1, 1, 0, 0, 1, 0, 0, 1]",3,0,0,,0.625,8
2748,9ab7feec-8861-11f1-a1a4-b48c9db4e1b4,3,"[1, 1, 0, 0, 1, 0, 0, 1]",4,1,1,,0.625,8
2749,9ab7feec-8861-11f1-a1a4-b48c9db4e1b4,3,"[1, 1, 0, 0, 1, 0, 0, 1]",5,0,0,,0.625,8
2750,9ab7feec-8861-11f1-a1a4-b48c9db4e1b4,3,"[1, 1, 0, 0, 1, 0, 0, 1]",6,0,0,,0.625,8
2751,9ab7feec-8861-11f1-a1a4-b48c9db4e1b4,3,"[1, 1, 0, 0, 1, 0, 0, 1]",7,1,1,,0.625,8
2752,9ab7feec-8861-11f1-a1a4-b48c9db4e1b4,4,"[1, 1, 0, 0, 1, 0, 1, 1]",0,1,1,,0.625,8
2753,9ab7feec-8861-11f1-a1a4-b48c9db4e1b4,4,"[1, 1, 0, 0, 1, 0, 1, 1]",1,1,1,,0.625,8
2754,9ab7feec-8861-11f1-a1a4-b48c9db4e1b4,4,"[1, 1, 0, 0, 1, 0, 1, 1]",2,0,0,,0.625,8
2755,9ab7feec-8861-11f1-a1a4-b48c9db4e1b4,4,"[1, 1, 0, 0, 1, 0, 1, 1]",3,0,0,,0.625,8
2756,9ab7feec-8861-11f1-a1a4-b48c9db4e1b4,4,"[1, 1, 0, 0, 1, 0, 1, 1]",4,1,1,,0.625,8
2757,9ab7feec-8861-11f1-a1a4-b48c9db4e1b4,4,"[1, 1, 0, 0, 1, 0, 1, 1]",5,0,0,,0.625,8
2758,9ab7feec-8861-11f1-a1a4-b48c9db4e1b4,4,"[1, 1, 0, 0, 1, 0, 1, 1]",6,1,1,,0.625,8
2759,9ab7feec-8861-11f1-a1a4-b48c9db4e1b4,4,"[1, 1, 0, 0, 1, 0, 1, 1]",7,1,1,,0.625,8
2760,9ab7feec-8861-11f1-a1a4-b48c9db4e1b4,5,"[1, 0, 0, 1, 1, 0, 1, 0]",0,1,1,,0.625,8
2761,9ab7feec-8861-11f1-a1a4-b48c9db4e1b4,5,"[1, 0, 0, 1, 1, 0, 1, 0]",1,0,0,,0.625,8
2762,9ab7feec-8861-11f1-a1a4-b48c9db4e1b4,5,"[1, 0, 0, 1, 1, 0, 1, 0]",2,0,0,,0.625,8
2763,9ab7feec-8861-11f1-a1a4-b48c9db4e1b4,5,"[1, 0, 0, 1, 1, 0, 1, 0]",3,1,1,,0.625,8
2764,9ab7feec-8861-11f1-a1a4-b48c9db4e1b4,5,"[1, 0, 0, 1, 1, 0, 1, 0]",4,1,1,,0.625,8
2765,9ab7feec-8861-11f1-a1a4-b48c9db4e1b4,5,"[1, 0, 0, 1, 1, 0, 1, 0]",5,0,0,,0.625,8
2766,9ab7feec-8861-11f1-a1a4-b48c9db4e1b4,5,"[1, 0, 0, 1, 1, 0, 1, 0]",6,1,1,,0.625,8
2767,9ab7feec-8861-11f1-a1a4-b48c9db4e1b4,5,"[1, 0, 0, 1, 1, 0, 1, 0]",7,0,0,,0.625,8
2768,9ab7feec-8861-11f1-a1a4-b48c9db4e1b4,6,"[1, 0, 0, 1, 1, 1, 0, 1]",0,1,1,,0.625,8
2769,9ab7feec-8861-11f1-a1a4-b48c9db4e1b4,6,"[1, 0, 0, 1, 1, 1, 0, 1]",1,0,0,,0.625,8
2770,9ab7feec-8861-11f1-a1a4-b48c9db4e1b4,6,"[1, 0, 0, 1, 1, 1, 0, 1]",2,0,0,,0.625,8
2771,9ab7feec-8861-11f1-a1a4-b48c9db4e1b4,6,"[1, 0, 0, 1, 1, 1, 0, 1]",3,1,1,,0.625,8
2772,9ab7feec-8861-11f1-a1a4-b48c9db4e1b4,6,"[1, 0, 0, 1, 1, 1, 0, 1]",4,1,1,,0.625,8
2773,9ab7feec-8861-11f1-a1a4-b48c9db4e1b4,6,"[1, 0, 0, 1, 1, 1, 0, 1]",5,1,1,,0.625,8
2774,9ab7feec-8861-11f1-a1a4-b48c9db4e1b4,6,"[1, 0, 0, 1, 1, 1, 0, 1]",6,0,0,,0.625,8
2775,9ab7feec-8861-11f1-a1a4-b48c9db4e1b4,6,"[1, 0, 0, 1, 1, 1, 0, 1]",7,1,1,,0.625,8
2776,9ab7feec-8861-11f1-a1a4-b48c9db4e1b4,7,"[0, 0, 0, 0, 0, 1, 0, 1]",0,0,0,,0.625,8
2777,9ab7feec-8861-11f1-a1a4-b48c9db4e1b4,7,"[0, 0, 0, 0, 0, 1, 0, 1]",1,0,0,,0.625,8
2778,9ab7feec-8861-11f1-a1a4-b48c9db4e1b4,7,"[0, 0, 0, 0, 0, 1, 0, 1]",2,0,0,,0.625,8
2779,9ab7feec-8861-11f1-a1a4-b48c9db4e1b4,7,"[0, 0, 0, 0, 0, 1, 0, 1]",3,0,0,,0.625,8
2780,9ab7feec-8861-11f1-a1a4-b48c9db4e1b4,7,"[0, 0, 0, 0, 0, 1, 0, 1]",4,0,0,,0.625,8
2781,9ab7feec-8861-11f1-a1a4-b48c9db4e1b4,7,"[0, 0, 0, 0, 0, 1, 0, 1]",5,1,1,,0.625,8
2782,9ab7feec-8861-11f1-a1a4-b48c9db4e1b4,7,"[0, 0, 0, 0, 0, 1, 0, 1]",6,0,0,,0.625,8
2783,9ab7feec-8861-11f1-a1a4-b48c9db4e1b4,7,"[0, 0, 0, 0, 0, 1, 0, 1]",7,1,1,,0.625,8
2784,9ab7feec-8861-11f1-a1a4-b48c9db4e1b4,8,"[0, 0, 0, 1, 0, 1, 1, 1]",0,0,0,,0.625,8
2785,9ab7feec-8861-11f1-a1a4-b48c9db4e1b4,8,"[0, 0, 0, 1, 0, 1, 1, 1]",1,0,0,,0.625,8
2786,9ab7feec-8861-11f1-a1a4-b48c9db4e1b4,8,"[0, 0, 0, 1, 0, 1, 1, 1]",2,0,0,,0.625,8
2787,9ab7feec-8861-11f1-a1a4-b48c9db4e1b4,8,"[0, 0, 0, 1, 0, 1, 1, 1]",3,1,1,,0.625,8
2788,9ab7feec-8861-11f1-a1a4-b48c9db4e1b4,8,"[0, 0, 0, 1, 0, 1, 1, 1]",4,0,0,,0.625,8
2789,9ab7feec-8861-11f1-a1a4-b48c9db4e1b4,8,"[0, 0, 0, 1, 0, 1, 1, 1]",5,1,1,,0.625,8
2790,9ab7feec-8861-11f1-a1a4-b48c9db4e1b4,8,"[0, 0, 0, 1, 0, 1, 1, 1]",6,1,1,,0.625,8
2791,9ab7feec-8861-11f1-a1a4-b48c9db4e1b4,8,"[0, 0, 0, 1, 0, 1, 1, 1]",7,1,1,,0.625,8
2792,9ab7feec-8861-11f1-a1a4-b48c9db4e1b4,9,"[1, 0, 0, 0, 0, 1, 0, 0]",0,1,1,,0.625,8
2793,9ab7feec-8861-11f1-a1a4-b48c9db4e1b4,9,"[1, 0, 0, 0, 0, 1, 0, 0]",1,0,0,,0.625,8
2794,9ab7feec-8861-11f1-a1a4-b48c9db4e1b4,9,"[1, 0, 0, 0, 0, 1, 0, 0]",2,0,0,,0.625,8
2795,9ab7feec-8861-11f1-a1a4-b48c9db4e1b4,9,"[1, 0, 0, 0, 0, 1, 0, 0]",3,0,0,,0.625,8
2796,9ab7feec-8861-11f1-a1a4-b48c9db4e1b4,9,"[1, 0, 0, 0, 0, 1, 0, 0]",4,0,0,,0.625,8
2797,9ab7feec-8861-11f1-a1a4-b48c9db4e1b4,9,"[1, 0, 0, 0, 0, 1, 0, 0]",5,1,1,,0.625,8
2798,9ab7feec-8861-11f1-a1a4-b48c9db4e1b4,9,"[1, 0, 0, 0, 0, 1, 0, 0]",6,0,0,,0.625,8
2799,9ab7feec-8861-11f1-a1a4-b48c9db4e1b4,9,"[1, 0, 0, 0, 0, 1, 0, 0]",7,0,0,,0.625,8
2800,9ab7feec-8861-11f1-a1a4-b48c9db4e1b4,10,"[1, 1, 0, 0, 0, 1, 0, 0]",0,1,1,,0.625,8
2801,9ab7feec-8861-11f1-a1a4-b48c9db4e1b4,10,"[1, 1, 0, 0, 0, 1, 0, 0]",1,1,1,,0.625,8
2802,9ab7feec-8861-11f1-a1a4-b48c9db4e1b4,10,"[1, 1, 0, 0, 0, 1, 0, 0]",2,0,0,,0.625,8
2803,9ab7feec-8861-11f1-a1a4-b48c9db4e1b4,10,"[1, 1, 0, 0, 0, 1, 0, 0]",3,0,0,,0.625,8
2804,9ab7feec-8861-11f1-a1a4-b48c9db4e1b4,10,"[1, 1, 0, 0, 0, 1, 0, 0]",4,0,0,,0.625,8
2805,9ab7feec-8861-11f1-a1a4-b48c9db4e1b4,10,"[1, 1, 0, 0, 0, 1, 0, 0]",5,1,1,,0.625,8
2806,9ab7feec-8861-11f1-a1a4-b48c9db4e1b4,10,"[1, 1, 0, 0, 0, 1, 0, 0]",6,0,0,,0.625,8
2807,9ab7feec-8861-11f1-a1a4-b48c9db4e1b4,10,"[1, 1, 0, 0, 0, 1, 0, 0]",7,0,0,,0.625,8
2808,9ab7feec-8861-11f1-a1a4-b48c9db4e1b4,11,"[0, 0, 0, 1, 1, 0, 1, 1]",0,0,0,,0.625,8
2809,9ab7feec-8861-11f1-a1a4-b48c9db4e1b4,11,"[0, 0, 0, 1, 1, 0, 1, 1]",1,0,0,,0.625,8
2810,9ab7feec-8861-11f1-a1a4-b48c9db4e1b4,11,"[0, 0, 0, 1, 1, 0, 1, 1]",2,0,0,,0.625,8
2811,9ab7feec-8861-11f1-a1a4-b48c9db4e1b4,11,"[0, 0, 0, 1, 1, 0, 1, 1]",3,1,1,,0.625,8
2812,9ab7feec-8861-11f1-a1a4-b48c9db4e1b4,11,"[0, 0, 0, 1, 1, 0, 1, 1]",4,1,1,,0.625,8
2813,9ab7feec-8861-11f1-a1a4-b48c9db4e1b4,11,"[0, 0, 0, 1, 1, 0, 1, 1]",5,0,0,,0.625,8
2814,9ab7feec-8861-11f1-a1a4-b48c9db4e1b4,11,"[0, 0, 0, 1, 1, 0, 1, 1]",6,1,1,,0.625,8
2815,9ab7feec-8861-11f1-a1a4-b48c9db4e1b4,11,"[0, 0, 0, 1, 1, 0, 1, 1]",7,1,1,,0.625,8
2816,9ab7feec-8861-11f1-a1a4-b48c9db4e1b4,12,"[1, 1, 1, 0, 0, 0, 0, 1]",0,1,1,,0.625,8
2817,9ab7feec-8861-11f1-a1a4-b48c9db4e1b4,12,"[1, 1, 1, 0, 0, 0, 0, 1]",1,1,1,,0.625,8
2818,9ab7feec-8861-11f1-a1a4-b48c9db4e1b4,12,"[1, 1, 1, 0, 0, 0, 0, 1]",2,1,1,,0.625,8
2819,9ab7feec-8861-11f1-a1a4-b48c9db4e1b4,12,"[1, 1, 1, 0, 0, 0, 0, 1]",3,0,0,,0.625,8
2820,9ab7feec-8861-11f1-a1a4-b48c9db4e1b4,12,"[1, 1, 1, 0, 0, 0, 0, 1]",4,0,0,,0.625,8
2821,9ab7feec-8861-11f1-a1a4-b48c9db4e1b4,12,"[1, 1, 1, 0, 0, 0, 0, 1]",5,0,0,,0.625,8
2822,9ab7feec-8861-11f1-a1a4-b48c9db4e1b4,12,"[1, 1, 1, 0, 0, 0, 0, 1]",6,0,0,,0.625,8
2823,9ab7feec-8861-11f1-a1a4-b48c9db4e1b4,12,"[1, 1, 1, 0, 0, 0, 0, 1]",7,1,1,,0.625,8
2824,9ab7feec-8861-11f1-a1a4-b48c9db4e1b4,13,"[1, 1, 1, 1, 0, 1, 1, 1]",0,1,-1,,0.625,8
2825,9ab7feec-8861-11f1-a1a4-b48c9db4e1b4,13,"[1, 1, 1, 1, 0, 1, 1, 1]",1,1,-1,,0.625,8
2826,9ab7feec-8861-11f1-a1a4-b48c9db4e1b4,13,"[1, 1, 1, 1, 0, 1, 1, 1]",2,1,-1,,0.625,8
2827,9ab7feec-8861-11f1-a1a4-b48c9db4e1b4,13,"[1, 1, 1, 1, 0, 1, 1, 1]",3,1,-1,,0.625,8
2828,9ab7feec-8861-11f1-a1a4-b48c9db4e1b4,13,"[1, 1, 1, 1, 0, 1, 1, 1]",4,0,0,,0.625,8
2829,9ab7feec-8861-11f1-a1a4-b48c9db4e1b4,13,"[1, 1, 1, 1, 0, 1, 1, 1]",5,1,-1,,0.625,8
2830,9ab7feec-8861-11f1-a1a4-b48c9db4e1b4,13,"[1, 1, 1, 1, 0, 1, 1, 1]",6,1,-1,,0.625,8
2831,9ab7feec-8861-11f1-a1a4-b48c9db4e1b4,13,"[1, 1, 1, 1, 0, 1, 1, 1]",7,1,-1,,0.625,8
2832,9ab7feec-8861-11f1-a1a4-b48c9db4e1b4,14,"[1, 1, 1, 1, 1, 1, 0, 0]",0,1,-1,,0.625,8
2833,9ab7feec-8861-11f1-a1a4-b48c9db4e1b4,14,"[1, 1, 1, 1, 1, 1, 0, 0]",1,1,-1,,0.625,8
2834,9ab7feec-8861-11f1-a1a4-b48c9db4e1b4,14,"[1, 1, 1, 1, 1, 1, 0, 0]",2,1,-1,,0.625,8
2835,9ab7feec-8861-11f1-a1a4-b48c9db4e1b4,14,"[1, 1, 1, 1, 1, 1, 0, 0]",3,1,-1,,0.625,8
2836,9ab7feec-8861-11f1-a1a4-b48c9db4e1b4,14,"[1, 1, 1, 1, 1, 1, 0, 0]",4,1,-1,,0.625,8
2837,9ab7feec-8861-11f1-a1a4-b48c9db4e1b4,14,"[1, 1, 1, 1, 1, 1, 0, 0]",5,1,-1,,0.625,8
2838,9ab7feec-8861-11f1-a1a4-b48c9db4e1b4,14,"[1, 1, 1, 1, 1, 1, 0, 0]",6,0,0,,0.625,8
2839,9ab7feec-8861-11f1-a1a4-b48c9db4e1b4,14,"[1, 1, 1, 1, 1, 1, 0, 0]",7,0,0,,0.625,8
2840,9ab7feec-8861-11f1-a1a4-b48c9db4e1b4,15,"[1, 1, 1, 0, 0, 0, 0, 0]",0,1,1,,0.625,8
2841,9ab7feec-8861-11f1-a1a4-b48c9db4e1b4,15,"[1, 1, 1, 0, 0, 0, 0, 0]",1,1,1,,0.625,8
2842,9ab7feec-8861-11f1-a1a4-b48c9db4e1b4,15,"[1, 1, 1, 0, 0, 0, 0, 0]",2,1,1,,0.625,8
2843,9ab7feec-8861-11f1-a1a4-b48c9db4e1b4,15,"[1, 1, 1, 0, 0, 0, 0, 0]",3,0,0,,0.625,8
2844,9ab7feec-8861-11f1-a1a4-b48c9db4e1b4,15,"[1, 1, 1, 0, 0, 0, 0, 0]",4,0,0,,0.625,8
2845,9ab7feec-8861-11f1-a1a4-b48c9db4e1b4,15,"[1, 1, 1, 0, 0, 0, 0, 0]",5,0,0,,0.625,8
2846,9ab7feec-8861-11f1-a1a4-b48c9db4e1b4,15,"[1, 1, 1, 0, 0, 0, 0, 0]",6,0,0,,0.625,8
2847,9ab7feec-8861-11f1-a1a4-b48c9db4e1b4,15,"[1, 1, 1, 0, 0, 0, 0, 0]",7,0,0,,0.625,8
2848,9ab7feec-8861-11f1-a1a4-b48c9db4e1b4,16,"[1, 1, 0, 0, 0, 1, 1, 1]",0,1,1,,0.625,8
2849,9ab7feec-8861-11f1-a1a4-b48c9db4e1b4,16,"[1, 1, 0, 0, 0, 1, 1, 1]",1,1,1,,0.625,8
2850,9ab7feec-8861-11f1-a1a4-b48c9db4e1b4,16,"[1, 1, 0, 0, 0, 1, 1, 1]",2,0,0,,0.625,8
2851,9ab7feec-8861-11f1-a1a4-b48c9db4e1b4,16,"[1, 1, 0, 0, 0, 1, 1, 1]",3,0,0,,0.625,8
2852,9ab7feec-8861-11f1-a1a4-b48c9db4e1b4,16,"[1, 1, 0, 0, 0, 1, 1, 1]",4,0,0,,0.625,8
2853,9ab7feec-8861-11f1-a1a4-b48c9db4e1b4,16,"[1, 1, 0, 0, 0, 1, 1, 1]",5,1,1,,0.625,8
2854,9ab7feec-8861-11f1-a1a4-b48c9db4e1b4,16,"[1, 1, 0, 0, 0, 1, 1, 1]",6,1,1,,0.625,8
2855,9ab7feec-8861-11f1-a1a4-b48c9db4e1b4,16,"[1, 1, 0, 0, 0, 1, 1, 1]",7,1,1,,0.625,8
2856,9ab7feec-8861-11f1-a1a4-b48c9db4e1b4,17,"[1, 1, 0, 1, 1, 1, 0, 1]",0,1,-1,,0.625,8
2857,9ab7feec-8861-11f1-a1a4-b48c9db4e1b4,17,"[1, 1, 0, 1, 1, 1, 0, 1]",1,1,-1,,0.625,8
2858,9ab7feec-8861-11f1-a1a4-b48c9db4e1b4,17,"[1, 1, 0, 1, 1, 1, 0, 1]",2,0,0,,0.625,8
2859,9ab7feec-8861-11f1-a1a4-b48c9db4e1b4,17,"[1, 1, 0, 1, 1, 1, 0, 1]",3,1,-1,,0.625,8
2860,9ab7feec-8861-11f1-a1a4-b48c9db4e1b4,17,"[1, 1, 0, 1, 1, 1, 0, 1]",4,1,-1,,0.625,8
2861,9ab7feec-8861-11f1-a1a4-b48c9db4e1b4,17,"[1, 1, 0, 1, 1, 1, 0, 1]",5,1,-1,,0.625,8
2862,9ab7feec-8861-11f1-a1a4-b48c9db4e1b4,17,"[1, 1, 0, 1, 1, 1, 0, 1]",6,0,0,,0.625,8
2863,9ab7feec-8861-11f1-a1a4-b48c9db4e1b4,17,"[1, 1, 0, 1, 1, 1, 0, 1]",7,1,-1,,0.625,8
2864,9ab7feec-8861-11f1-a1a4-b48c9db4e1b4,18,"[0, 1, 0, 1, 1, 0, 1, 1]",0,0,0,,0.625,8
2865,9ab7feec-8861-11f1-a1a4-b48c9db4e1b4,18,"[0, 1, 0, 1, 1, 0, 1, 1]",1,1,1,,0.625,8
2866,9ab7feec-8861-11f1-a1a4-b48c9db4e1b4,18,"[0, 1, 0, 1, 1, 0, 1, 1]",2,0,0,,0.625,8
2867,9ab7feec-8861-11f1-a1a4-b48c9db4e1b4,18,"[0, 1, 0, 1, 1, 0, 1, 1]",3,1,1,,0.625,8
2868,9ab7feec-8861-11f1-a1a4-b48c9db4e1b4,18,"[0, 1, 0, 1, 1, 0, 1, 1]",4,1,1,,0.625,8
2869,9ab7feec-8861-11f1-a1a4-b48c9db4e1b4,18,"[0, 1, 0, 1, 1, 0, 1, 1]",5,0,0,,0.625,8
2870,9ab7feec-8861-11f1-a1a4-b48c9db4e1b4,18,"[0, 1, 0, 1, 1, 0, 1, 1]",6,1,1,,0.625,8
2871,9ab7feec-8861-11f1-a1a4-b48c9db4e1b4,18,"[0, 1, 0, 1, 1, 0, 1, 1]",7,1,1,,0.625,8
2872,9ab7feec-8861-11f1-a1a4-b48c9db4e1b4,19,"[1, 1, 1, 0, 0, 0, 0, 0]",0,1,1,,0.625,8
2873,9ab7feec-8861-11f1-a1a4-b48c9db4e1b4,19,"[1, 1, 1, 0, 0, 0, 0, 0]",1,1,1,,0.625,8
2874,9ab7feec-8861-11f1-a1a4-b48c9db4e1b4,19,"[1, 1, 1, 0, 0, 0, 0, 0]",2,1,1,,0.625,8
2875,9ab7feec-8861-11f1-a1a4-b48c9db4e1b4,19,"[1, 1, 1, 0, 0, 0, 0, 0]",3,0,0,,0.625,8
2876,9ab7feec-8861-11f1-a1a4-b48c9db4e1b4,19,"[1, 1, 1, 0, 0, 0, 0, 0]",4,0,0,,0.625,8
2877,9ab7feec-8861-11f1-a1a4-b48c9db4e1b4,19,"[1, 1, 1, 0, 0, 0, 0, 0]",5,0,0,,0.625,8
2878,9ab7feec-8861-11f1-a1a4-b48c9db4e1b4,19,"[1, 1, 1, 0, 0, 0, 0, 0]",6,0,0,,0.625,8
2879,9ab7feec-8861-11f1-a1a4-b48c9db4e1b4,19,"[1, 1, 1, 0, 0, 0, 0, 0]",7,0,0,,0.625,8
2880,9abace39-8861-11f1-a42e-b48c9db4e1b4,0,"[0, 1, 0, 1, 1, 0, 1, 0]",0,0,0,,0.625,8
2881,9abace39-8861-11f1-a42e-b48c9db4e1b4,0,"[0, 1, 0, 1, 1, 0, 1, 0]",1,1,1,,0.625,8
2882,9abace39-8861-11f1-a42e-b48c9db4e1b4,0,"[0, 1, 0, 1, 1, 0, 1, 0]",2,0,0,,0.625,8
2883,9abace39-8861-11f1-a42e-b48c9db4e1b4,0,"[0, 1, 0, 1, 1, 0, 1, 0]",3,1,1,,0.625,8
2884,9abace39-8861-11f1-a42e-b48c9db4e1b4,0,"[0, 1, 0, 1, 1, 0, 1, 0]",4,1,1,,0.625,8
2885,9abace39-8861-11f1-a42e-b48c9db4e1b4,0,"[0, 1, 0, 1, 1, 0, 1, 0]",5,0,0,,0.625,8
2886,9abace39-8861-11f1-a42e-b48c9db4e1b4,0,"[0, 1, 0, 1, 1, 0, 1, 0]",6,1,1,,0.625,8
2887,9abace39-8861-11f1-a42e-b48c9db4e1b4,0,"[0, 1, 0, 1, 1, 0, 1, 0]",7,0,0,,0.625,8
2888,9abace39-8861-11f1-a42e-b48c9db4e1b4,1,"[1, 1, 1, 1, 0, 0, 1, 1]",0,1,-1,,0.625,8
2889,9abace39-8861-11f1-a42e-b48c9db4e1b4,1,"[1, 1, 1, 1, 0, 0, 1, 1]",1,1,-1,,0.625,8
2890,9abace39-8861-11f1-a42e-b48c9db4e1b4,1,"[1, 1, 1, 1, 0, 0, 1, 1]",2,1,-1,,0.625,8
2891,9abace39-8861-11f1-a42e-b48c9db4e1b4,1,"[1, 1, 1, 1, 0, 0, 1, 1]",3,1,-1,,0.625,8
2892,9abace39-8861-11f1-a42e-b48c9db4e1b4,1,"[1, 1, 1, 1, 0, 0, 1, 1]",4,0,0,,0.625,8
2893,9abace39-8861-11f1-a42e-b48c9db4e1b4,1,"[1, 1, 1, 1, 0, 0, 1, 1]",5,0,0,,0.625,8
2894,9abace39-8861-11f1-a42e-b48c9db4e1b4,1,"[1, 1, 1, 1, 0, 0, 1, 1]",6,1,-1,,0.625,8
2895,9abace39-8861-11f1-a42e-b48c9db4e1b4,1,"[1, 1, 1, 1, 0, 0, 1, 1]",7,1,-1,,0.625,8
2896,9abace39-8861-11f1-a42e-b48c9db4e1b4,2,"[0, 1, 0, 0, 0, 1, 0, 0]",0,0,0,,0.625,8
2897,9abace39-8861-11f1-a42e-b48c9db4e1b4,2,"[0, 1, 0, 0, 0, 1, 0, 0]",1,1,1,,0.625,8
2898,9abace39-8861-11f1-a42e-b48c9db4e1b4,2,"[0, 1, 0, 0, 0, 1, 0, 0]",2,0,0,,0.625,8
2899,9abace39-8861-11f1-a42e-b48c9db4e1b4,2,"[0, 1, 0, 0, 0, 1, 0, 0]",3,0,0,,0.625,8
2900,9abace39-8861-11f1-a42e-b48c9db4e1b4,2,"[0, 1, 0, 0, 0, 1, 0, 0]",4,0,0,,0.625,8
2901,9abace39-8861-11f1-a42e-b48c9db4e1b4,2,"[0, 1, 0, 0, 0, 1, 0, 0]",5,1,1,,0.625,8
2902,9abace39-8861-11f1-a42e-b48c9db4e1b4,2,"[0, 1, 0, 0, 0, 1, 0, 0]",6,0,0,,0.625,8
2903,9abace39-8861-11f1-a42e-b48c9db4e1b4,2,"[0, 1, 0, 0, 0, 1, 0, 0]",7,0,0,,0.625,8
2904,9abace39-8861-11f1-a42e-b48c9db4e1b4,3,"[0, 1, 0, 1, 0, 0, 0, 0]",0,0,0,,0.625,8
2905,9abace39-8861-11f1-a42e-b48c9db4e1b4,3,"[0, 1, 0, 1, 0, 0, 0, 0]",1,1,1,,0.625,8
2906,9abace39-8861-11f1-a42e-b48c9db4e1b4,3,"[0, 1, 0, 1, 0, 0, 0, 0]",2,0,0,,0.625,8
2907,9abace39-8861-11f1-a42e-b48c9db4e1b4,3,"[0, 1, 0, 1, 0, 0, 0, 0]",3,1,1,,0.625,8
2908,9abace39-8861-11f1-a42e-b48c9db4e1b4,3,"[0, 1, 0, 1, 0, 0, 0, 0]",4,0,0,,0.625,8
2909,9abace39-8861-11f1-a42e-b48c9db4e1b4,3,"[0, 1, 0, 1, 0, 0, 0, 0]",5,0,0,,0.625,8
2910,9abace39-8861-11f1-a42e-b48c9db4e1b4,3,"[0, 1, 0, 1, 0, 0, 0, 0]",6,0,0,,0.625,8
2911,9abace39-8861-11f1-a42e-b48c9db4e1b4,3,"[0, 1, 0, 1, 0, 0, 0, 0]",7,0,0,,0.625,8
2912,9abace39-8861-11f1-a42e-b48c9db4e1b4,4,"[1, 1, 0, 1, 0, 1, 1, 0]",0,1,1,,0.625,8
2913,9abace39-8861-11f1-a42e-b48c9db4e1b4,4,"[1, 1, 0, 1, 0, 1, 1, 0]",1,1,1,,0.625,8
2914,9abace39-8861-11f1-a42e-b48c9db4e1b4,4,"[1, 1, 0, 1, 0, 1, 1, 0]",2,0,0,,0.625,8
2915,9abace39-8861-11f1-a42e-b48c9db4e1b4,4,"[1, 1, 0, 1, 0, 1, 1, 0]",3,1,1,,0.625,8
2916,9abace39-8861-11f1-a42e-b48c9db4e1b4,4,"[1, 1, 0, 1, 0, 1, 1, 0]",4,0,0,,0.625,8
2917,9abace39-8861-11f1-a42e-b48c9db4e1b4,4,"[1, 1, 0, 1, 0, 1, 1, 0]",5,1,1,,0.625,8
2918,9abace39-8861-11f1-a42e-b48c9db4e1b4,4,"[1, 1, 0, 1, 0, 1, 1, 0]",6,1,1,,0.625,8
2919,9abace39-8861-11f1-a42e-b48c9db4e1b4,4,"[1, 1, 0, 1, 0, 1, 1, 0]",7,0,0,,0.625,8
2920,9abace39-8861-11f1-a42e-b48c9db4e1b4,5,"[0, 1, 1, 0, 0, 1, 1, 1]",0,0,0,,0.625,8
2921,9abace39-8861-11f1-a42e-b48c9db4e1b4,5,"[0, 1, 1, 0, 0, 1, 1, 1]",1,1,1,,0.625,8
2922,9abace39-8861-11f1-a42e-b48c9db4e1b4,5,"[0, 1, 1, 0, 0, 1, 1, 1]",2,1,1,,0.625,8
2923,9abace39-8861-11f1-a42e-b48c9db4e1b4,5,"[0, 1, 1, 0, 0, 1, 1, 1]",3,0,0,,0.625,8
2924,9abace39-8861-11f1-a42e-b48c9db4e1b4,5,"[0, 1, 1, 0, 0, 1, 1, 1]",4,0,0,,0.625,8
2925,9abace39-8861-11f1-a42e-b48c9db4e1b4,5,"[0, 1, 1, 0, 0, 1, 1, 1]",5,1,1,,0.625,8
2926,9abace39-8861-11f1-a42e-b48c9db4e1b4,5,"[0, 1, 1, 0, 0, 1, 1, 1]",6,1,1,,0.625,8
2927,9abace39-8861-11f1-a42e-b48c9db4e1b4,5,"[0, 1, 1, 0, 0, 1, 1, 1]",7,1,1,,0.625,8
2928,9abace39-8861-11f1-a42e-b48c9db4e1b4,6,"[1, 0, 0, 0, 1, 1, 0, 1]",0,1,1,,0.625,8
2929,9abace39-8861-11f1-a42e-b48c9db4e1b4,6,"[1, 0, 0, 0, 1, 1, 0, 1]",1,0,0,,0.625,8
2930,9abace39-8861-11f1-a42e-b48c9db4e1b4,6,"[1, 0, 0, 0, 1, 1, 0, 1]",2,0,0,,0.625,8
2931,9abace39-8861-11f1-a42e-b48c9db4e1b4,6,"[1, 0, 0, 0, 1, 1, 0, 1]",3,0,0,,0.625,8
2932,9abace39-8861-11f1-a42e-b48c9db4e1b4,6,"[1, 0, 0, 0, 1, 1, 0, 1]",4,1,1,,0.625,8
2933,9abace39-8861-11f1-a42e-b48c9db4e1b4,6,"[1, 0, 0, 0, 1, 1, 0, 1]",5,1,1,,0.625,8
2934,9abace39-8861-11f1-a42e-b48c9db4e1b4,6,"[1, 0, 0, 0, 1, 1, 0, 1]",6,0,0,,0.625,8
2935,9abace39-8861-11f1-a42e-b48c9db4e1b4,6,"[1, 0, 0, 0, 1, 1, 0, 1]",7,1,1,,0.625,8
2936,9abace39-8861-11f1-a42e-b48c9db4e1b4,7,"[0, 1, 0, 1, 0, 0, 1, 0]",0,0,0,,0.625,8
2937,9abace39-8861-11f1-a42e-b48c9db4e1b4,7,"[0, 1, 0, 1, 0, 0, 1, 0]",1,1,1,,0.625,8
2938,9abace39-8861-11f1-a42e-b48c9db4e1b4,7,"[0, 1, 0, 1, 0, 0, 1, 0]",2,0,0,,0.625,8
2939,9abace39-8861-11f1-a42e-b48c9db4e1b4,7,"[0, 1, 0, 1, 0, 0, 1, 0]",3,1,1,,0.625,8
2940,9abace39-8861-11f1-a42e-b48c9db4e1b4,7,"[0, 1, 0, 1, 0, 0, 1, 0]",4,0,0,,0.625,8
2941,9abace39-8861-11f1-a42e-b48c9db4e1b4,7,"[0, 1, 0, 1, 0, 0, 1, 0]",5,0,0,,0.625,8
2942,9abace39-8861-11f1-a42e-b48c9db4e1b4,7,"[0, 1, 0, 1, 0, 0, 1, 0]",6,1,1,,0.625,8
2943,9abace39-8861-11f1-a42e-b48c9db4e1b4,7,"[0, 1, 0, 1, 0, 0, 1, 0]",7,0,0,,0.625,8
2944,9abace39-8861-11f1-a42e-b48c9db4e1b4,8,"[0, 0, 1, 0, 1, 0, 1, 1]",0,0,0,,0.625,8
2945,9abace39-8861-11f1-a42e-b48c9db4e1b4,8,"[0, 0, 1, 0, 1, 0, 1, 1]",1,0,0,,0.625,8
2946,9abace39-8861-11f1-a42e-b48c9db4e1b4,8,"[0, 0, 1, 0, 1, 0, 1, 1]",2,1,1,,0.625,8
2947,9abace39-8861-11f1-a42e-b48c9db4e1b4,8,"[0, 0, 1, 0, 1, 0, 1, 1]",3,0,0,,0.625,8
2948,9abace39-8861-11f1-a42e-b48c9db4e1b4,8,"[0, 0, 1, 0, 1, 0, 1, 1]",4,1,1,,0.625,8
2949,9abace39-8861-11f1-a42e-b48c9db4e1b4,8,"[0, 0, 1, 0, 1, 0, 1, 1]",5,0,0,,0.625,8
2950,9abace39-8861-11f1-a42e-b48c9db4e1b4,8,"[0, 0, 1, 0, 1, 0, 1, 1]",6,1,1,,0.625,8
2951,9abace39-8861-11f1-a42e-b48c9db4e1b4,8,"[0, 0, 1, 0, 1, 0, 1, 1]",7,1,1,,0.625,8
2952,9abace39-8861-11f1-a42e-b48c9db4e1b4,9,"[0, 1, 0, 1, 0, 1, 0, 1]",0,0,0,,0.625,8
2953,9abace39-8861-11f1-a42e-b48c9db4e1b4,9,"[0, 1, 0, 1, 0, 1, 0, 1]",1,1,1,,0.625,8
2954,9abace39-8861-11f1-a42e-b48c9db4e1b4,9,"[0, 1, 0, 1, 0, 1, 0, 1]",2,0,0,,0.625,8
2955,9abace39-8861-11f1-a42e-b48c9db4e1b4,9,"[0, 1, 0, 1, 0, 1, 0, 1]",3,1,1,,0.625,8
2956,9abace39-8861-11f1-a42e-b48c9db4e1b4,9,"[0, 1, 0, 1, 0, 1, 0, 1]",4,0,0,,0.625,8
2957,9abace39-8861-11f1-a42e-b48c9db4e1b4,9,"[0, 1, 0, 1, 0, 1, 0, 1]",5,1,1,,0.625,8
2958,9abace39-8861-11f1-a42e-b48c9db4e1b4,9,"[0, 1, 0, 1, 0, 1, 0, 1]",6,0,0,,0.625,8
2959,9abace39-8861-11f1-a42e-b48c9db4e1b4,9,"[0, 1, 0, 1, 0, 1, 0, 1]",7,1,1,,0.625,8
2960,9abace39-8861-11f1-a42e-b48c9db4e1b4,10,"[0, 0, 0, 0, 1, 1, 1, 1]",0,0,0,,0.625,8
2961,9abace39-8861-11f1-a42e-b48c9db4e1b4,10,"[0, 0, 0, 0, 1, 1, 1, 1]",1,0,0,,0.625,8
2962,9abace39-8861-11f1-a42e-b48c9db4e1b4,10,"[0, 0, 0, 0, 1, 1, 1, 1]",2,0,0,,0.625,8
2963,9abace39-8861-11f1-a42e-b48c9db4e1b4,10,"[0, 0, 0, 0, 1, 1, 1, 1]",3,0,0,,0.625,8
2964,9abace39-8861-11f1-a42e-b48c9db4e1b4,10,"[0, 0, 0, 0, 1, 1, 1, 1]",4,1,1,,0.625,8
2965,9abace39-8861-11f1-a42e-b48c9db4e1b4,10,"[0, 0, 0, 0, 1, 1, 1, 1]",5,1,1,,0.625,8
2966,9abace39-8861-11f1-a42e-b48c9db4e1b4,10,"[0, 0, 0, 0, 1, 1, 1, 1]",6,1,1,,0.625,8
2967,9abace39-8861-11f1-a42e-b48c9db4e1b4,10,"[0, 0, 0, 0, 1, 1, 1, 1]",7,1,1,,0.625,8
2968,9abace39-8861-11f1-a42e-b48c9db4e1b4,11,"[0, 1, 1, 0, 0, 0, 0, 0]",0,0,0,,0.625,8
2969,9abace39-8861-11f1-a42e-b48c9db4e1b4,11,"[0, 1, 1, 0, 0, 0, 0, 0]",1,1,1,,0.625,8
2970,9abace39-8861-11f1-a42e-b48c9db4e1b4,11,"[0, 1, 1, 0, 0, 0, 0, 0]",2,1,1,,0.625,8
2971,9abace39-8861-11f1-a42e-b48c9db4e1b4,11,"[0, 1, 1, 0, 0, 0, 0, 0]",3,0,0,,0.625,8
2972,9abace39-8861-11f1-a42e-b48c9db4e1b4,11,"[0, 1, 1, 0, 0, 0, 0, 0]",4,0,0,,0.625,8
2973,9abace39-8861-11f1-a42e-b48c9db4e1b4,11,"[0, 1, 1, 0, 0, 0, 0, 0]",5,0,0,,0.625,8
2974,9abace39-8861-11f1-a42e-b48c9db4e1b4,11,"[0, 1, 1, 0, 0, 0, 0, 0]",6,0,0,,0.625,8
2975,9abace39-8861-11f1-a42e-b48c9db4e1b4,11,"[0, 1, 1, 0, 0, 0, 0, 0]",7,0,0,,0.625,8
2976,9abace39-8861-11f1-a42e-b48c9db4e1b4,12,"[1, 1, 0, 1, 1, 1, 1, 0]",0,1,-1,,0.625,8
2977,9abace39-8861-11f1-a42e-b48c9db4e1b4,12,"[1, 1, 0, 1, 1, 1, 1, 0]",1,1,-1,,0.625,8
2978,9abace39-8861-11f1-a42e-b48c9db4e1b4,12,"[1, 1, 0, 1, 1, 1, 1, 0]",2,0,0,,0.625,8
2979,9abace39-8861-11f1-a42e-b48c9db4e1b4,12,"[1, 1, 0, 1, 1, 1, 1, 0]",3,1,-1,,0.625,8
2980,9abace39-8861-11f1-a42e-b48c9db4e1b4,12,"[1, 1, 0, 1, 1, 1, 1, 0]",4,1,-1,,0.625,8
2981,9abace39-8861-11f1-a42e-b48c9db4e1b4,12,"[1, 1, 0, 1, 1, 1, 1, 0]",5,1,-1,,0.625,8
2982,9abace39-8861-11f1-a42e-b48c9db4e1b4,12,"[1, 1, 0, 1, 1, 1, 1, 0]",6,1,-1,,0.625,8
2983,9abace39-8861-11f1-a42e-b48c9db4e1b4,12,"[1, 1, 0, 1, 1, 1, 1, 0]",7,0,0,,0.625,8
2984,9abace39-8861-11f1-a42e-b48c9db4e1b4,13,"[0, 0, 1, 0, 0, 1, 0, 1]",0,0,0,,0.625,8
2985,9abace39-8861-11f1-a42e-b48c9db4e1b4,13,"[0, 0, 1, 0, 0, 1, 0, 1]",1,0,0,,0.625,8
2986,9abace39-8861-11f1-a42e-b48c9db4e1b4,13,"[0, 0, 1, 0, 0, 1, 0, 1]",2,1,1,,0.625,8
2987,9abace39-8861-11f1-a42e-b48c9db4e1b4,13,"[0, 0, 1, 0, 0, 1, 0, 1]",3,0,0,,0.625,8
2988,9abace39-8861-11f1-a42e-b48c9db4e1b4,13,"[0, 0, 1, 0, 0, 1, 0, 1]",4,0,0,,0.625,8
2989,9abace39-8861-11f1-a42e-b48c9db4e1b4,13,"[0, 0, 1, 0, 0, 1, 0, 1]",5,1,1,,0.625,8
2990,9abace39-8861-11f1-a42e-b48c9db4e1b4,13,"[0, 0, 1, 0, 0, 1, 0, 1]",6,0,0,,0.625,8
2991,9abace39-8861-11f1-a42e-b48c9db4e1b4,13,"[0, 0, 1, 0, 0, 1, 0, 1]",7,1,1,,0.625,8
2992,9abace39-8861-11f1-a42e-b48c9db4e1b4,14,"[1, 1, 0, 1, 1, 1, 0, 0]",0,1,1,,0.625,8
2993,9abace39-8861-11f1-a42e-b48c9db4e1b4,14,"[1, 1, 0, 1, 1, 1, 0, 0]",1,1,1,,0.625,8
2994,9abace39-8861-11f1-a42e-b48c9db4e1b4,14,"[1, 1, 0, 1, 1, 1, 0, 0]",2,0,0,,0.625,8
2995,9abace39-8861-11f1-a42e-b48c9db4e1b4,14,"[1, 1, 0, 1, 1, 1, 0, 0]",3,1,1,,0.625,8
2996,9abace39-8861-11f1-a42e-b48c9db4e1b4,14,"[1, 1, 0, 1, 1, 1, 0, 0]",4,1,1,,0.625,8
2997,9abace39-8861-11f1-a42e-b48c9db4e1b4,14,"[1, 1, 0, 1, 1, 1, 0, 0]",5,1,1,,0.625,8
2998,9abace39-8861-11f1-a42e-b48c9db4e1b4,14,"[1, 1, 0, 1, 1, 1, 0, 0]",6,0,0,,0.625,8
2999,9abace39-8861-11f1-a42e-b48c9db4e1b4,14,"[1, 1, 0, 1, 1, 1, 0, 0]",7,0,0,,0.625,8
3000,9abace39-8861-11f1-a42e-b48c9db4e1b4,15,"[1, 1, 1, 0, 1, 0, 1, 0]",0,1,1,,0.625,8
3001,9abace39-8861-11f1-a42e-b48c9db4e1b4,15,"[1, 1, 1, 0, 1, 0, 1, 0]",1,1,1,,0.625,8
3002,9abace39-8861-11f1-a42e-b48c9db4e1b4,15,"[1, 1, 1, 0, 1, 0, 1, 0]",2,1,1,,0.625,8
3003,9abace39-8861-11f1-a42e-b48c9db4e1b4,15,"[1, 1, 1, 0, 1, 0, 1, 0]",3,0,0,,0.625,8
3004,9abace39-8861-11f1-a42e-b48c9db4e1b4,15,"[1, 1, 1, 0, 1, 0, 1, 0]",4,1,1,,0.625,8
3005,9abace39-8861-11f1-a42e-b48c9db4e1b4,15,"[1, 1, 1, 0, 1, 0, 1, 0]",5,0,0,,0.625,8
3006,9abace39-8861-11f1-a42e-b48c9db4e1b4,15,"[1, 1, 1, 0, 1, 0, 1, 0]",6,1,1,,0.625,8
3007,9abace39-8861-11f1-a42e-b48c9db4e1b4,15,"[1, 1, 1, 0, 1, 0, 1, 0]",7,0,0,,0.625,8
3008,9abace39-8861-11f1-a42e-b48c9db4e1b4,16,"[0, 0, 0, 1, 1, 0, 0, 0]",0,0,0,,0.625,8
3009,9abace39-8861-11f1-a42e-b48c9db4e1b4,16,"[0, 0, 0, 1, 1, 0, 0, 0]",1,0,0,,0.625,8
3010,9abace39-8861-11f1-a42e-b48c9db4e1b4,16,"[0, 0, 0, 1, 1, 0, 0, 0]",2,0,0,,0.625,8
3011,9abace39-8861-11f1-a42e-b48c9db4e1b4,16,"[0, 0, 0, 1, 1, 0, 0, 0]",3,1,1,,0.625,8
3012,9abace39-8861-11f1-a42e-b48c9db4e1b4,16,"[0, 0, 0, 1, 1, 0, 0, 0]",4,1,1,,0.625,8
3013,9abace39-8861-11f1-a42e-b48c9db4e1b4,16,"[0, 0, 0, 1, 1, 0, 0, 0]",5,0,0,,0.625,8
3014,9abace39-8861-11f1-a42e-b48c9db4e1b4,16,"[0, 0, 0, 1, 1, 0, 0, 0]",6,0,0,,0.625,8
3015,9abace39-8861-11f1-a42e-b48c9db4e1b4,16,"[0, 0, 0, 1, 1, 0, 0, 0]",7,0,0,,0.625,8
3016,9abace39-8861-11f1-a42e-b48c9db4e1b4,17,"[0, 0, 1, 1, 0, 0, 0, 1]",0,0,0,,0.625,8
3017,9abace39-8861-11f1-a42e-b48c9db4e1b4,17,"[0, 0, 1, 1, 0, 0, 0, 1]",1,0,0,,0.625,8
3018,9abace39-8861-11f1-a42e-b48c9db4e1b4,17,"[0, 0, 1, 1, 0, 0, 0, 1]",2,1,1,,0.625,8
3019,9abace39-8861-11f1-a42e-b48c9db4e1b4,17,"[0, 0, 1, 1, 0, 0, 0, 1]",3,1,1,,0.625,8
3020,9abace39-8861-11f1-a42e-b48c9db4e1b4,17,"[0, 0, 1, 1, 0, 0, 0, 1]",4,0,0,,0.625,8
3021,9abace39-8861-11f1-a42e-b48c9db4e1b4,17,"[0, 0, 1, 1, 0, 0, 0, 1]",5,0,0,,0.625,8
3022,9abace39-8861-11f1-a42e-b48c9db4e1b4,17,"[0, 0, 1, 1, 0, 0, 0, 1]",6,0,0,,0.625,8
3023,9abace39-8861-11f1-a42e-b48c9db4e1b4,17,"[0, 0, 1, 1, 0, 0, 0, 1]",7,1,1,,0.625,8
3024,9abace39-8861-11f1-a42e-b48c9db4e1b4,18,"[1, 1, 0, 1, 1, 1, 0, 0]",0,1,1,,0.625,8
3025,9abace39-8861-11f1-a42e-b48c9db4e1b4,18,"[1, 1, 0, 1, 1, 1, 0, 0]",1,1,1,,0.625,8
3026,9abace39-8861-11f1-a42e-b48c9db4e1b4,18,"[1, 1, 0, 1, 1, 1, 0, 0]",2,0,0,,0.625,8
3027,9abace39-8861-11f1-a42e-b48c9db4e1b4,18,"[1, 1, 0, 1, 1, 1, 0, 0]",3,1,1,,0.625,8
3028,9abace39-8861-11f1-a42e-b48c9db4e1b4,18,"[1, 1, 0, 1, 1, 1, 0, 0]",4,1,1,,0.625,8
3029,9abace39-8861-11f1-a42e-b48c9db4e1b4,18,"[1, 1, 0, 1, 1, 1, 0, 0]",5,1,1,,0.625,8
3030,9abace39-8861-11f1-a42e-b48c9db4e1b4,18,"[1, 1, 0, 1, 1, 1, 0, 0]",6,0,0,,0.625,8
3031,9abace39-8861-11f1-a42e-b48c9db4e1b4,18,"[1, 1, 0, 1, 1, 1, 0, 0]",7,0,0,,0.625,8
3032,9abace39-8861-11f1-a42e-b48c9db4e1b4,19,"[1, 0, 1, 1, 0, 1, 1, 0]",0,1,1,,0.625,8
3033,9abace39-8861-11f1-a42e-b48c9db4e1b4,19,"[1, 0, 1, 1, 0, 1, 1, 0]",1,0,0,,0.625,8
3034,9abace39-8861-11f1-a42e-b48c9db4e1b4,19,"[1, 0, 1, 1, 0, 1, 1, 0]",2,1,1,,0.625,8
3035,9abace39-8861-11f1-a42e-b48c9db4e1b4,19,"[1, 0, 1, 1, 0, 1, 1, 0]",3,1,1,,0.625,8
3036,9abace39-8861-11f1-a42e-b48c9db4e1b4,19,"[1, 0, 1, 1, 0, 1, 1, 0]",4,0,0,,0.625,8
3037,9abace39-8861-11f1-a42e-b48c9db4e1b4,19,"[1, 0, 1, 1, 0, 1, 1, 0]",5,1,1,,0.625,8
3038,9abace39-8861-11f1-a42e-b48c9db4e1b4,19,"[1, 0, 1, 1, 0, 1, 1, 0]",6,1,1,,0.625,8
3039,9abace39-8861-11f1-a42e-b48c9db4e1b4,19,"[1, 0, 1, 1, 0, 1, 1, 0]",7,0,0,,0.625,8
3040,9abda79c-8861-11f1-bb83-b48c9db4e1b4,0,"[0, 1, 1, 1, 1, 1, 0, 1]",0,0,0,,0.625,8
3041,9abda79c-8861-11f1-bb83-b48c9db4e1b4,0,"[0, 1, 1, 1, 1, 1, 0, 1]",1,1,-1,,0.625,8
3042,9abda79c-8861-11f1-bb83-b48c9db4e1b4,0,"[0, 1, 1, 1, 1, 1, 0, 1]",2,1,-1,,0.625,8
3043,9abda79c-8861-11f1-bb83-b48c9db4e1b4,0,"[0, 1, 1, 1, 1, 1, 0, 1]",3,1,-1,,0.625,8
3044,9abda79c-8861-11f1-bb83-b48c9db4e1b4,0,"[0, 1, 1, 1, 1, 1, 0, 1]",4,1,-1,,0.625,8
3045,9abda79c-8861-11f1-bb83-b48c9db4e1b4,0,"[0, 1, 1, 1, 1, 1, 0, 1]",5,1,-1,,0.625,8
3046,9abda79c-8861-11f1-bb83-b48c9db4e1b4,0,"[0, 1, 1, 1, 1, 1, 0, 1]",6,0,0,,0.625,8
3047,9abda79c-8861-11f1-bb83-b48c9db4e1b4,0,"[0, 1, 1, 1, 1, 1, 0, 1]",7,1,-1,,0.625,8
3048,9abda79c-8861-11f1-bb83-b48c9db4e1b4,1,"[0, 1, 0, 0, 0, 1, 1, 1]",0,0,0,,0.625,8
3049,9abda79c-8861-11f1-bb83-b48c9db4e1b4,1,"[0, 1, 0, 0, 0, 1, 1, 1]",1,1,1,,0.625,8
3050,9abda79c-8861-11f1-bb83-b48c9db4e1b4,1,"[0, 1, 0, 0, 0, 1, 1, 1]",2,0,0,,0.625,8
3051,9abda79c-8861-11f1-bb83-b48c9db4e1b4,1,"[0, 1, 0, 0, 0, 1, 1, 1]",3,0,0,,0.625,8
3052,9abda79c-8861-11f1-bb83-b48c9db4e1b4,1,"[0, 1, 0, 0, 0, 1, 1, 1]",4,0,0,,0.625,8
3053,9abda79c-8861-11f1-bb83-b48c9db4e1b4,1,"[0, 1, 0, 0, 0, 1, 1, 1]",5,1,1,,0.625,8
3054,9abda79c-8861-11f1-bb83-b48c9db4e1b4,1,"[0, 1, 0, 0, 0, 1, 1, 1]",6,1,1,,0.625,8
3055,9abda79c-8861-11f1-bb83-b48c9db4e1b4,1,"[0, 1, 0, 0, 0, 1, 1, 1]",7,1,1,,0.625,8
3056,9abda79c-8861-11f1-bb83-b48c9db4e1b4,2,"[1, 0, 0, 0, 0, 0, 0, 1]",0,1,1,,0.625,8
3057,9abda79c-8861-11f1-bb83-b48c9db4e1b4,2,"[1, 0, 0, 0, 0, 0, 0, 1]",1,0,0,,0.625,8
3058,9abda79c-8861-11f1-bb83-b48c9db4e1b4,2,"[1, 0, 0, 0, 0, 0, 0, 1]",2,0,0,,0.625,8
3059,9abda79c-8861-11f1-bb83-b48c9db4e1b4,2,"[1, 0, 0, 0, 0, 0, 0, 1]",3,0,0,,0.625,8
3060,9abda79c-8861-11f1-bb83-b48c9db4e1b4,2,"[1, 0, 0, 0, 0, 0, 0, 1]",4,0,0,,0.625,8
3061,9abda79c-8861-11f1-bb83-b48c9db4e1b4,2,"[1, 0, 0, 0, 0, 0, 0, 1]",5,0,0,,0.625,8
3062,9abda79c-8861-11f1-bb83-b48c9db4e1b4,2,"[1, 0, 0, 0, 0, 0, 0, 1]",6,0,0,,0.625,8
3063,9abda79c-8861-11f1-bb83-b48c9db4e1b4,2,"[1, 0, 0, 0, 0, 0, 0, 1]",7,1,1,,0.625,8
3064,9abda79c-8861-11f1-bb83-b48c9db4e1b4,3,"[0, 1, 0, 0, 0, 0, 1, 0]",0,0,0,,0.625,8
3065,9abda79c-8861-11f1-bb83-b48c9db4e1b4,3,"[0, 1, 0, 0, 0, 0, 1, 0]",1,1,1,,0.625,8
3066,9abda79c-8861-11f1-bb83-b48c9db4e1b4,3,"[0, 1, 0, 0, 0, 0, 1, 0]",2,0,0,,0.625,8
3067,9abda79c-8861-11f1-bb83-b48c9db4e1b4,3,"[0, 1, 0, 0, 0, 0, 1, 0]",3,0,0,,0.625,8
3068,9abda79c-8861-11f1-bb83-b48c9db4e1b4,3,"[0, 1, 0, 0, 0, 0, 1, 0]",4,0,0,,0.625,8
3069,9abda79c-8861-11f1-bb83-b48c9db4e1b4,3,"[0, 1, 0, 0, 0, 0, 1, 0]",5,0,0,,0.625,8
3070,9abda79c-8861-11f1-bb83-b48c9db4e1b4,3,"[0, 1, 0, 0, 0, 0, 1, 0]",6,1,1,,0.625,8
3071,9abda79c-8861-11f1-bb83-b48c9db4e1b4,3,"[0, 1, 0, 0, 0, 0, 1, 0]",7,0,0,,0.625,8
3072,9abda79c-8861-11f1-bb83-b48c9db4e1b4,4,"[0, 1, 1, 0, 1, 0, 1, 1]",0,0,0,,0.625,8
3073,9abda79c-8861-11f1-bb83-b48c9db4e1b4,4,"[0, 1, 1, 0, 1, 0, 1, 1]",1,1,1,,0.625,8
3074,9abda79c-8861-11f1-bb83-b48c9db4e1b4,4,"[0, 1, 1, 0, 1, 0, 1, 1]",2,1,1,,0.625,8
3075,9abda79c-8861-11f1-bb83-b48c9db4e1b4,4,"[0, 1, 1, 0, 1, 0, 1, 1]",3,0,0,,0.625,8
3076,9abda79c-8861-11f1-bb83-b48c9db4e1b4,4,"[0, 1, 1, 0, 1, 0, 1, 1]",4,1,1,,0.625,8
3077,9abda79c-8861-11f1-bb83-b48c9db4e1b4,4,"[0, 1, 1, 0, 1, 0, 1, 1]",5,0,0,,0.625,8
3078,9abda79c-8861-11f1-bb83-b48c9db4e1b4,4,"[0, 1, 1, 0, 1, 0, 1, 1]",6,1,1,,0.625,8
3079,9abda79c-8861-11f1-bb83-b48c9db4e1b4,4,"[0, 1, 1, 0, 1, 0, 1, 1]",7,1,1,,0.625,8
3080,9abda79c-8861-11f1-bb83-b48c9db4e1b4,5,"[1, 1, 0, 1, 0, 0, 0, 1]",0,1,1,,0.625,8
3081,9abda79c-8861-11f1-bb83-b48c9db4e1b4,5,"[1, 1, 0, 1, 0, 0, 0, 1]",1,1,1,,0.625,8
3082,9abda79c-8861-11f1-bb83-b48c9db4e1b4,5,"[1, 1, 0, 1, 0, 0, 0, 1]",2,0,0,,0.625,8
3083,9abda79c-8861-11f1-bb83-b48c9db4e1b4,5,"[1, 1, 0, 1, 0, 0, 0, 1]",3,1,1,,0.625,8
3084,9abda79c-8861-11f1-bb83-b48c9db4e1b4,5,"[1, 1, 0, 1, 0, 0, 0, 1]",4,0,0,,0.625,8
3085,9abda79c-8861-11f1-bb83-b48c9db4e1b4,5,"[1, 1, 0, 1, 0, 0, 0, 1]",5,0,0,,0.625,8
3086,9abda79c-8861-11f1-bb83-b48c9db4e1b4,5,"[1, 1, 0, 1, 0, 0, 0, 1]",6,0,0,,0.625,8
3087,9abda79c-8861-11f1-bb83-b48c9db4e1b4,5,"[1, 1, 0, 1, 0, 0, 0, 1]",7,1,1,,0.625,8
3088,9abda79c-8861-11f1-bb83-b48c9db4e1b4,6,"[0, 0, 1, 0, 0, 0, 1, 1]",0,0,0,,0.625,8
3089,9abda79c-8861-11f1-bb83-b48c9db4e1b4,6,"[0, 0, 1, 0, 0, 0, 1, 1]",1,0,0,,0.625,8
3090,9abda79c-8861-11f1-bb83-b48c9db4e1b4,6,"[0, 0, 1, 0, 0, 0, 1, 1]",2,1,1,,0.625,8
3091,9abda79c-8861-11f1-bb83-b48c9db4e1b4,6,"[0, 0, 1, 0, 0, 0, 1, 1]",3,0,0,,0.625,8
3092,9abda79c-8861-11f1-bb83-b48c9db4e1b4,6,"[0, 0, 1, 0, 0, 0, 1, 1]",4,0,0,,0.625,8
3093,9abda79c-8861-11f1-bb83-b48c9db4e1b4,6,"[0, 0, 1, 0, 0, 0, 1, 1]",5,0,0,,0.625,8
3094,9abda79c-8861-11f1-bb83-b48c9db4e1b4,6,"[0, 0, 1, 0, 0, 0, 1, 1]",6,1,1,,0.625,8
3095,9abda79c-8861-11f1-bb83-b48c9db4e1b4,6,"[0, 0, 1, 0, 0, 0, 1, 1]",7,1,1,,0.625,8
3096,9abda79c-8861-11f1-bb83-b48c9db4e1b4,7,"[1, 0, 1, 1, 0, 1, 0, 1]",0,1,1,,0.625,8
3097,9abda79c-8861-11f1-bb83-b48c9db4e1b4,7,"[1, 0, 1, 1, 0, 1, 0, 1]",1,0,0,,0.625,8
3098,9abda79c-8861-11f1-bb83-b48c9db4e1b4,7,"[1, 0, 1, 1, 0, 1, 0, 1]",2,1,1,,0.625,8
3099,9abda79c-8861-11f1-bb83-b48c9db4e1b4,7,"[1, 0, 1, 1, 0, 1, 0, 1]",3,1,1,,0.625,8
3100,9abda79c-8861-11f1-bb83-b48c9db4e1b4,7,"[1, 0, 1, 1, 0, 1, 0, 1]",4,0,0,,0.625,8
3101,9abda79c-8861-11f1-bb83-b48c9db4e1b4,7,"[1, 0, 1, 1, 0, 1, 0, 1]",5,1,1,,0.625,8
3102,9abda79c-8861-11f1-bb83-b48c9db4e1b4,7,"[1, 0, 1, 1, 0, 1, 0, 1]",6,0,0,,0.625,8
3103,9abda79c-8861-11f1-bb83-b48c9db4e1b4,7,"[1, 0, 1, 1, 0, 1, 0, 1]",7,1,1,,0.625,8
3104,9abda79c-8861-11f1-bb83-b48c9db4e1b4,8,"[0, 1, 1, 1, 0, 0, 0, 0]",0,0,0,,0.625,8
3105,9abda79c-8861-11f1-bb83-b48c9db4e1b4,8,"[0, 1, 1, 1, 0, 0, 0, 0]",1,1,1,,0.625,8
3106,9abda79c-8861-11f1-bb83-b48c9db4e1b4,8,"[0, 1, 1, 1, 0, 0, 0, 0]",2,1,1,,0.625,8
3107,9abda79c-8861-11f1-bb83-b48c9db4e1b4,8,"[0, 1, 1, 1, 0, 0, 0, 0]",3,1,1,,0.625,8
3108,9abda79c-8861-11f1-bb83-b48c9db4e1b4,8,"[0, 1, 1, 1, 0, 0, 0, 0]",4,0,0,,0.625,8
3109,9abda79c-8861-11f1-bb83-b48c9db4e1b4,8,"[0, 1, 1, 1, 0, 0, 0, 0]",5,0,0,,0.625,8
3110,9abda79c-8861-11f1-bb83-b48c9db4e1b4,8,"[0, 1, 1, 1, 0, 0, 0, 0]",6,0,0,,0.625,8
3111,9abda79c-8861-11f1-bb83-b48c9db4e1b4,8,"[0, 1, 1, 1, 0, 0, 0, 0]",7,0,0,,0.625,8
3112,9abda79c-8861-11f1-bb83-b48c9db4e1b4,9,"[1, 0, 0, 0, 1, 1, 1, 1]",0,1,1,,0.625,8
3113,9abda79c-8861-11f1-bb83-b48c9db4e1b4,9,"[1, 0, 0, 0, 1, 1, 1, 1]",1,0,0,,0.625,8
3114,9abda79c-8861-11f1-bb83-b48c9db4e1b4,9,"[1, 0, 0, 0, 1, 1, 1, 1]",2,0,0,,0.625,8
3115,9abda79c-8861-11f1-bb83-b48c9db4e1b4,9,"[1, 0, 0, 0, 1, 1, 1, 1]",3,0,0,,0.625,8
3116,9abda79c-8861-11f1-bb83-b48c9db4e1b4,9,"[1, 0, 0, 0, 1, 1, 1, 1]",4,1,1,,0.625,8
3117,9abda79c-8861-11f1-bb83-b48c9db4e1b4,9,"[1, 0, 0, 0, 1, 1, 1, 1]",5,1,1,,0.625,8
3118,9abda79c-8861-11f1-bb83-b48c9db4e1b4,9,"[1, 0, 0, 0, 1, 1, 1, 1]",6,1,1,,0.625,8
3119,9abda79c-8861-11f1-bb83-b48c9db4e1b4,9,"[1, 0, 0, 0, 1, 1, 1, 1]",7,1,1,,0.625,8
3120,9abda79c-8861-11f1-bb83-b48c9db4e1b4,10,"[1, 1, 1, 1, 1, 0, 1, 1]",0,1,-1,,0.625,8
3121,9abda79c-8861-11f1-bb83-b48c9db4e1b4,10,"[1, 1, 1, 1, 1, 0, 1, 1]",1,1,-1,,0.625,8
3122,9abda79c-8861-11f1-bb83-b48c9db4e1b4,10,"[1, 1, 1, 1, 1, 0, 1, 1]",2,1,-1,,0.625,8
3123,9abda79c-8861-11f1-bb83-b48c9db4e1b4,10,"[1, 1, 1, 1, 1, 0, 1, 1]",3,1,-1,,0.625,8
3124,9abda79c-8861-11f1-bb83-b48c9db4e1b4,10,"[1, 1, 1, 1, 1, 0, 1, 1]",4,1,-1,,0.625,8
3125,9abda79c-8861-11f1-bb83-b48c9db4e1b4,10,"[1, 1, 1, 1, 1, 0, 1, 1]",5,0,0,,0.625,8
3126,9abda79c-8861-11f1-bb83-b48c9db4e1b4,10,"[1, 1, 1, 1, 1, 0, 1, 1]",6,1,-1,,0.625,8
3127,9abda79c-8861-11f1-bb83-b48c9db4e1b4,10,"[1, 1, 1, 1, 1, 0, 1, 1]",7,1,-1,,0.625,8
3128,9abda79c-8861-11f1-bb83-b48c9db4e1b4,11,"[1, 1, 1, 0, 0, 1, 1, 1]",0,1,-1,,0.625,8
3129,9abda79c-8861-11f1-bb83-b48c9db4e1b4,11,"[1, 1, 1, 0, 0, 1, 1, 1]",1,1,-1,,0.625,8
3130,9abda79c-8861-11f1-bb83-b48c9db4e1b4,11,"[1, 1, 1, 0, 0, 1, 1, 1]",2,1,-1,,0.625,8
3131,9abda79c-8861-11f1-bb83-b48c9db4e1b4,11,"[1, 1, 1, 0, 0, 1, 1, 1]",3,0,0,,0.625,8
3132,9abda79c-8861-11f1-bb83-b48c9db4e1b4,11,"[1, 1, 1, 0, 0, 1, 1, 1]",4,0,0,,0.625,8
3133,9abda79c-8861-11f1-bb83-b48c9db4e1b4,11,"[1, 1, 1, 0, 0, 1, 1, 1]",5,1,-1,,0.625,8
3134,9abda79c-8861-11f1-bb83-b48c9db4e1b4,11,"[1, 1, 1, 0, 0, 1, 1, 1]",6,1,-1,,0.625,8
3135,9abda79c-8861-11f1-bb83-b48c9db4e1b4,11,"[1, 1, 1, 0, 0, 1, 1, 1]",7,1,-1,,0.625,8
3136,9abda79c-8861-11f1-bb83-b48c9db4e1b4,12,"[1, 0, 0, 0, 1, 1, 1, 0]",0,1,1,,0.625,8
3137,9abda79c-8861-11f1-bb83-b48c9db4e1b4,12,"[1, 0, 0, 0, 1, 1, 1, 0]",1,0,0,,0.625,8
3138,9abda79c-8861-11f1-bb83-b48c9db4e1b4,12,"[1, 0, 0, 0, 1, 1, 1, 0]",2,0,0,,0.625,8
3139,9abda79c-8861-11f1-bb83-b48c9db4e1b4,12,"[1, 0, 0, 0, 1, 1, 1, 0]",3,0,0,,0.625,8
3140,9abda79c-8861-11f1-bb83-b48c9db4e1b4,12,"[1, 0, 0, 0, 1, 1, 1, 0]",4,1,1,,0.625,8
3141,9abda79c-8861-11f1-bb83-b48c9db4e1b4,12,"[1, 0, 0, 0, 1, 1, 1, 0]",5,1,1,,0.625,8
3142,9abda79c-8861-11f1-bb83-b48c9db4e1b4,12,"[1, 0, 0, 0, 1, 1, 1, 0]",6,1,1,,0.625,8
3143,9abda79c-8861-11f1-bb83-b48c9db4e1b4,12,"[1, 0, 0, 0, 1, 1, 1, 0]",7,0,0,,0.625,8
3144,9abda79c-8861-11f1-bb83-b48c9db4e1b4,13,"[0, 1, 0, 0, 0, 1, 1, 0]",0,0,0,,0.625,8
3145,9abda79c-8861-11f1-bb83-b48c9db4e1b4,13,"[0, 1, 0, 0, 0, 1, 1, 0]",1,1,1,,0.625,8
3146,9abda79c-8861-11f1-bb83-b48c9db4e1b4,13,"[0, 1, 0, 0, 0, 1, 1, 0]",2,0,0,,0.625,8
3147,9abda79c-8861-11f1-bb83-b48c9db4e1b4,13,"[0, 1, 0, 0, 0, 1, 1, 0]",3,0,0,,0.625,8
3148,9abda79c-8861-11f1-bb83-b48c9db4e1b4,13,"[0, 1, 0, 0, 0, 1, 1, 0]",4,0,0,,0.625,8
3149,9abda79c-8861-11f1-bb83-b48c9db4e1b4,13,"[0, 1, 0, 0, 0, 1, 1, 0]",5,1,1,,0.625,8
3150,9abda79c-8861-11f1-bb83-b48c9db4e1b4,13,"[0, 1, 0, 0, 0, 1, 1, 0]",6,1,1,,0.625,8
3151,9abda79c-8861-11f1-bb83-b48c9db4e1b4,13,"[0, 1, 0, 0, 0, 1, 1, 0]",7,0,0,,0.625,8
3152,9abda79c-8861-11f1-bb83-b48c9db4e1b4,14,"[1, 0, 1, 1, 0, 1, 0, 0]",0,1,1,,0.625,8
3153,9abda79c-8861-11f1-bb83-b48c9db4e1b4,14,"[1, 0, 1, 1, 0, 1, 0, 0]",1,0,0,,0.625,8
3154,9abda79c-8861-11f1-bb83-b48c9db4e1b4,14,"[1, 0, 1, 1, 0, 1, 0, 0]",2,1,1,,0.625,8
3155,9abda79c-8861-11f1-bb83-b48c9db4e1b4,14,"[1, 0, 1, 1, 0, 1, 0, 0]",3,1,1,,0.625,8
3156,9abda79c-8861-11f1-bb83-b48c9db4e1b4,14,"[1, 0, 1, 1, 0, 1, 0, 0]",4,0,0,,0.625,8
3157,9abda79c-8861-11f1-bb83-b48c9db4e1b4,14,"[1, 0, 1, 1, 0, 1, 0, 0]",5,1,1,,0.625,8
3158,9abda79c-8861-11f1-bb83-b48c9db4e1b4,14,"[1, 0, 1, 1, 0, 1, 0, 0]",6,0,0,,0.625,8
3159,9abda79c-8861-11f1-bb83-b48c9db4e1b4,14,"[1, 0, 1, 1, 0, 1, 0, 0]",7,0,0,,0.625,8
3160,9abda79c-8861-11f1-bb83-b48c9db4e1b4,15,"[1, 0, 0, 0, 1, 1, 1, 1]",0,1,1,,0.625,8
3161,9abda79c-8861-11f1-bb83-b48c9db4e1b4,15,"[1, 0, 0, 0, 1, 1, 1, 1]",1,0,0,,0.625,8
3162,9abda79c-8861-11f1-bb83-b48c9db4e1b4,15,"[1, 0, 0, 0, 1, 1, 1, 1]",2,0,0,,0.625,8
3163,9abda79c-8861-11f1-bb83-b48c9db4e1b4,15,"[1, 0, 0, 0, 1, 1, 1, 1]",3,0,0,,0.625,8
3164,9abda79c-8861-11f1-bb83-b48c9db4e1b4,15,"[1, 0, 0, 0, 1, 1, 1, 1]",4,1,1,,0.625,8
3165,9abda79c-8861-11f1-bb83-b48c9db4e1b4,15,"[1, 0, 0, 0, 1, 1, 1, 1]",5,1,1,,0.625,8
3166,9abda79c-8861-11f1-bb83-b48c9db4e1b4,15,"[1, 0, 0, 0, 1, 1, 1, 1]",6,1,1,,0.625,8
3167,9abda79c-8861-11f1-bb83-b48c9db4e1b4,15,"[1, 0, 0, 0, 1, 1, 1, 1]",7,1,1,,0.625,8
3168,9abda79c-8861-11f1-bb83-b48c9db4e1b4,16,"[0, 1, 0, 0, 1, 1, 0, 1]",0,0,0,,0.625,8
3169,9abda79c-8861-11f1-bb83-b48c9db4e1b4,16,"[0, 1, 0, 0, 1, 1, 0, 1]",1,1,1,,0.625,8
3170,9abda79c-8861-11f1-bb83-b48c9db4e1b4,16,"[0, 1, 0, 0, 1, 1, 0, 1]",2,0,0,,0.625,8
3171,9abda79c-8861-11f1-bb83-b48c9db4e1b4,16,"[0, 1, 0, 0, 1, 1, 0, 1]",3,0,0,,0.625,8
3172,9abda79c-8861-11f1-bb83-b48c9db4e1b4,16,"[0, 1, 0, 0, 1, 1, 0, 1]",4,1,1,,0.625,8
3173,9abda79c-8861-11f1-bb83-b48c9db4e1b4,16,"[0, 1, 0, 0, 1, 1, 0, 1]",5,1,1,,0.625,8
3174,9abda79c-8861-11f1-bb83-b48c9db4e1b4,16,"[0, 1, 0, 0, 1, 1, 0, 1]",6,0,0,,0.625,8
3175,9abda79c-8861-11f1-bb83-b48c9db4e1b4,16,"[0, 1, 0, 0, 1, 1, 0, 1]",7,1,1,,0.625,8
3176,9abda79c-8861-11f1-bb83-b48c9db4e1b4,17,"[1, 0, 0, 1, 0, 1, 0, 0]",0,1,1,,0.625,8
3177,9abda79c-8861-11f1-bb83-b48c9db4e1b4,17,"[1, 0, 0, 1, 0, 1, 0, 0]",1,0,0,,0.625,8
3178,9abda79c-8861-11f1-bb83-b48c9db4e1b4,17,"[1, 0, 0, 1, 0, 1, 0, 0]",2,0,0,,0.625,8
3179,9abda79c-8861-11f1-bb83-b48c9db4e1b4,17,"[1, 0, 0, 1, 0, 1, 0, 0]",3,1,1,,0.625,8
3180,9abda79c-8861-11f1-bb83-b48c9db4e1b4,17,"[1, 0, 0, 1, 0, 1, 0, 0]",4,0,0,,0.625,8
3181,9abda79c-8861-11f1-bb83-b48c9db4e1b4,17,"[1, 0, 0, 1, 0, 1, 0, 0]",5,1,1,,0.625,8
3182,9abda79c-8861-11f1-bb83-b48c9db4e1b4,17,"[1, 0, 0, 1, 0, 1, 0, 0]",6,0,0,,0.625,8
3183,9abda79c-8861-11f1-bb83-b48c9db4e1b4,17,"[1, 0, 0, 1, 0, 1, 0, 0]",7,0,0,,0.625,8
3184,9abda79c-8861-11f1-bb83-b48c9db4e1b4,18,"[0, 0, 0, 1, 1, 1, 1, 1]",0,0,0,,0.625,8
3185,9abda79c-8861-11f1-bb83-b48c9db4e1b4,18,"[0, 0, 0, 1, 1, 1, 1, 1]",1,0,0,,0.625,8
3186,9abda79c-8861-11f1-bb83-b48c9db4e1b4,18,"[0, 0, 0, 1, 1, 1, 1, 1]",2,0,0,,0.625,8
3187,9abda79c-8861-11f1-bb83-b48c9db4e1b4,18,"[0, 0, 0, 1, 1, 1, 1, 1]",3,1,1,,0.625,8
3188,9abda79c-8861-11f1-bb83-b48c9db4e1b4,18,"[0, 0, 0, 1, 1, 1, 1, 1]",4,1,1,,0.625,8
3189,9abda79c-8861-11f1-bb83-b48c9db4e1b4,18,"[0, 0, 0, 1, 1, 1, 1, 1]",5,1,1,,0.625,8
3190,9abda79c-8861-11f1-bb83-b48c9db4e1b4,18,"[0, 0, 0, 1, 1, 1, 1, 1]",6,1,1,,0.625,8
3191,9abda79c-8861-11f1-bb83-b48c9db4e1b4,18,"[0, 0, 0, 1, 1, 1, 1, 1]",7,1,1,,0.625,8
3192,9abda79c-8861-11f1-bb83-b48c9db4e1b4,19,"[0, 0, 0, 0, 1, 0, 0, 1]",0,0,0,,0.625,8
3193,9abda79c-8861-11f1-bb83-b48c9db4e1b4,19,"[0, 0, 0, 0, 1, 0, 0, 1]",1,0,0,,0.625,8
3194,9abda79c-8861-11f1-bb83-b48c9db4e1b4,19,"[0, 0, 0, 0, 1, 0, 0, 1]",2,0,0,,0.625,8
3195,9abda79c-8861-11f1-bb83-b48c9db4e1b4,19,"[0, 0, 0, 0, 1, 0, 0, 1]",3,0,0,,0.625,8
3196,9abda79c-8861-11f1-bb83-b48c9db4e1b4,19,"[0, 0, 0, 0, 1, 0, 0, 1]",4,1,1,,0.625,8
3197,9abda79c-8861-11f1-bb83-b48c9db4e1b4,19,"[0, 0, 0, 0, 1, 0, 0, 1]",5,0,0,,0.625,8
3198,9abda79c-8861-11f1-bb83-b48c9db4e1b4,19,"[0, 0, 0, 0, 1, 0, 0, 1]",6,0,0,,0.625,8
3199,9abda79c-8861-11f1-bb83-b48c9db4e1b4,19,"[0, 0, 0, 0, 1, 0, 0, 1]",7,1,1,,0.625,8
3200,9ac0a353-8861-11f1-95aa-b48c9db4e1b4,0,"[1, 1, 0, 1, 0, 0, 1, 0]",0,1,1,,0.625,8
3201,9ac0a353-8861-11f1-95aa-b48c9db4e1b4,0,"[1, 1, 0, 1, 0, 0, 1, 0]",1,1,1,,0.625,8
3202,9ac0a353-8861-11f1-95aa-b48c9db4e1b4,0,"[1, 1, 0, 1, 0, 0, 1, 0]",2,0,0,,0.625,8
3203,9ac0a353-8861-11f1-95aa-b48c9db4e1b4,0,"[1, 1, 0, 1, 0, 0, 1, 0]",3,1,1,,0.625,8
3204,9ac0a353-8861-11f1-95aa-b48c9db4e1b4,0,"[1, 1, 0, 1, 0, 0, 1, 0]",4,0,0,,0.625,8
3205,9ac0a353-8861-11f1-95aa-b48c9db4e1b4,0,"[1, 1, 0, 1, 0, 0, 1, 0]",5,0,0,,0.625,8
3206,9ac0a353-8861-11f1-95aa-b48c9db4e1b4,0,"[1, 1, 0, 1, 0, 0, 1, 0]",6,1,1,,0.625,8
3207,9ac0a353-8861-11f1-95aa-b48c9db4e1b4,0,"[1, 1, 0, 1, 0, 0, 1, 0]",7,0,0,,0.625,8
3208,9ac0a353-8861-11f1-95aa-b48c9db4e1b4,1,"[1, 1, 0, 0, 1, 1, 0, 1]",0,1,1,,0.625,8
3209,9ac0a353-8861-11f1-95aa-b48c9db4e1b4,1,"[1, 1, 0, 0, 1, 1, 0, 1]",1,1,1,,0.625,8
3210,9ac0a353-8861-11f1-95aa-b48c9db4e1b4,1,"[1, 1, 0, 0, 1, 1, 0, 1]",2,0,0,,0.625,8
3211,9ac0a353-8861-11f1-95aa-b48c9db4e1b4,1,"[1, 1, 0, 0, 1, 1, 0, 1]",3,0,0,,0.625,8
3212,9ac0a353-8861-11f1-95aa-b48c9db4e1b4,1,"[1, 1, 0, 0, 1, 1, 0, 1]",4,1,1,,0.625,8
3213,9ac0a353-8861-11f1-95aa-b48c9db4e1b4,1,"[1, 1, 0, 0, 1, 1, 0, 1]",5,1,1,,0.625,8
3214,9ac0a353-8861-11f1-95aa-b48c9db4e1b4,1,"[1, 1, 0, 0, 1, 1, 0, 1]",6,0,0,,0.625,8
3215,9ac0a353-8861-11f1-95aa-b48c9db4e1b4,1,"[1, 1, 0, 0, 1, 1, 0, 1]",7,1,1,,0.625,8
3216,9ac0a353-8861-11f1-95aa-b48c9db4e1b4,2,"[0, 0, 1, 1, 0, 1, 1, 0]",0,0,0,,0.625,8
3217,9ac0a353-8861-11f1-95aa-b48c9db4e1b4,2,"[0, 0, 1, 1, 0, 1, 1, 0]",1,0,0,,0.625,8
3218,9ac0a353-8861-11f1-95aa-b48c9db4e1b4,2,"[0, 0, 1, 1, 0, 1, 1, 0]",2,1,1,,0.625,8
3219,9ac0a353-8861-11f1-95aa-b48c9db4e1b4,2,"[0, 0, 1, 1, 0, 1, 1, 0]",3,1,1,,0.625,8
3220,9ac0a353-8861-11f1-95aa-b48c9db4e1b4,2,"[0, 0, 1, 1, 0, 1, 1, 0]",4,0,0,,0.625,8
3221,9ac0a353-8861-11f1-95aa-b48c9db4e1b4,2,"[0, 0, 1, 1, 0, 1, 1, 0]",5,1,1,,0.625,8
3222,9ac0a353-8861-11f1-95aa-b48c9db4e1b4,2,"[0, 0, 1, 1, 0, 1, 1, 0]",6,1,1,,0.625,8
3223,9ac0a353-8861-11f1-95aa-b48c9db4e1b4,2,"[0, 0, 1, 1, 0, 1, 1, 0]",7,0,0,,0.625,8
3224,9ac0a353-8861-11f1-95aa-b48c9db4e1b4,3,"[0, 0, 0, 0, 0, 1, 0, 1]",0,0,0,,0.625,8
3225,9ac0a353-8861-11f1-95aa-b48c9db4e1b4,3,"[0, 0, 0, 0, 0, 1, 0, 1]",1,0,0,,0.625,8
3226,9ac0a353-8861-11f1-95aa-b48c9db4e1b4,3,"[0, 0, 0, 0, 0, 1, 0, 1]",2,0,0,,0.625,8
3227,9ac0a353-8861-11f1-95aa-b48c9db4e1b4,3,"[0, 0, 0, 0, 0, 1, 0, 1]",3,0,0,,0.625,8
3228,9ac0a353-8861-11f1-95aa-b48c9db4e1b4,3,"[0, 0, 0, 0, 0, 1, 0, 1]",4,0,0,,0.625,8
3229,9ac0a353-8861-11f1-95aa-b48c9db4e1b4,3,"[0, 0, 0, 0, 0, 1, 0, 1]",5,1,1,,0.625,8
3230,9ac0a353-8861-11f1-95aa-b48c9db4e1b4,3,"[0, 0, 0, 0, 0, 1, 0, 1]",6,0,0,,0.625,8
3231,9ac0a353-8861-11f1-95aa-b48c9db4e1b4,3,"[0, 0, 0, 0, 0, 1, 0, 1]",7,1,1,,0.625,8
3232,9ac0a353-8861-11f1-95aa-b48c9db4e1b4,4,"[1, 1, 0, 1, 1, 0, 1, 1]",0,1,-1,,0.625,8
3233,9ac0a353-8861-11f1-95aa-b48c9db4e1b4,4,"[1, 1, 0, 1, 1, 0, 1, 1]",1,1,-1,,0.625,8
3234,9ac0a353-8861-11f1-95aa-b48c9db4e1b4,4,"[1, 1, 0, 1, 1, 0, 1, 1]",2,0,0,,0.625,8
3235,9ac0a353-8861-11f1-95aa-b48c9db4e1b4,4,"[1, 1, 0, 1, 1, 0, 1, 1]",3,1,-1,,0.625,8
3236,9ac0a353-8861-11f1-95aa-b48c9db4e1b4,4,"[1, 1, 0, 1, 1, 0, 1, 1]",4,1,-1,,0.625,8
3237,9ac0a353-8861-11f1-95aa-b48c9db4e1b4,4,"[1, 1, 0, 1, 1, 0, 1, 1]",5,0,0,,0.625,8
3238,9ac0a353-8861-11f1-95aa-b48c9db4e1b4,4,"[1, 1, 0, 1, 1, 0, 1, 1]",6,1,-1,,0.625,8
3239,9ac0a353-8861-11f1-95aa-b48c9db4e1b4,4,"[1, 1, 0, 1, 1, 0, 1, 1]",7,1,-1,,0.625,8
3240,9ac0a353-8861-11f1-95aa-b48c9db4e1b4,5,"[1, 1, 0, 1, 0, 1, 0, 1]",0,1,1,,0.625,8
3241,9ac0a353-8861-11f1-95aa-b48c9db4e1b4,5,"[1, 1, 0, 1, 0, 1, 0, 1]",1,1,1,,0.625,8
3242,9ac0a353-8861-11f1-95aa-b48c9db4e1b4,5,"[1, 1, 0, 1, 0, 1, 0, 1]",2,0,0,,0.625,8
3243,9ac0a353-8861-11f1-95aa-b48c9db4e1b4,5,"[1, 1, 0, 1, 0, 1, 0, 1]",3,1,1,,0.625,8
3244,9ac0a353-8861-11f1-95aa-b48c9db4e1b4,5,"[1, 1, 0, 1, 0, 1, 0, 1]",4,0,0,,0.625,8
3245,9ac0a353-8861-11f1-95aa-b48c9db4e1b4,5,"[1, 1, 0, 1, 0, 1, 0, 1]",5,1,1,,0.625,8
3246,9ac0a353-8861-11f1-95aa-b48c9db4e1b4,5,"[1, 1, 0, 1, 0, 1, 0, 1]",6,0,0,,0.625,8
3247,9ac0a353-8861-11f1-95aa-b48c9db4e1b4,5,"[1, 1, 0, 1, 0, 1, 0, 1]",7,1,1,,0.625,8
3248,9ac0a353-8861-11f1-95aa-b48c9db4e1b4,6,"[0, 1, 1, 1, 1, 0, 0, 1]",0,0,0,,0.625,8
3249,9ac0a353-8861-11f1-95aa-b48c9db4e1b4,6,"[0, 1, 1, 1, 1, 0, 0, 1]",1,1,1,,0.625,8
3250,9ac0a353-8861-11f1-95aa-b48c9db4e1b4,6,"[0, 1, 1, 1, 1, 0, 0, 1]",2,1,1,,0.625,8
3251,9ac0a353-8861-11f1-95aa-b48c9db4e1b4,6,"[0, 1, 1, 1, 1, 0, 0, 1]",3,1,1,,0.625,8
3252,9ac0a353-8861-11f1-95aa-b48c9db4e1b4,6,"[0, 1, 1, 1, 1, 0, 0, 1]",4,1,1,,0.625,8
3253,9ac0a353-8861-11f1-95aa-b48c9db4e1b4,6,"[0, 1, 1, 1, 1, 0, 0, 1]",5,0,0,,0.625,8
3254,9ac0a353-8861-11f1-95aa-b48c9db4e1b4,6,"[0, 1, 1, 1, 1, 0, 0, 1]",6,0,0,,0.625,8
3255,9ac0a353-8861-11f1-95aa-b48c9db4e1b4,6,"[0, 1, 1, 1, 1, 0, 0, 1]",7,1,1,,0.625,8
3256,9ac0a353-8861-11f1-95aa-b48c9db4e1b4,7,"[1, 1, 0, 1, 1, 1, 1, 0]",0,1,-1,,0.625,8
3257,9ac0a353-8861-11f1-95aa-b48c9db4e1b4,7,"[1, 1, 0, 1, 1, 1, 1, 0]",1,1,-1,,0.625,8
3258,9ac0a353-8861-11f1-95aa-b48c9db4e1b4,7,"[1, 1, 0, 1, 1, 1, 1, 0]",2,0,0,,0.625,8
3259,9ac0a353-8861-11f1-95aa-b48c9db4e1b4,7,"[1, 1, 0, 1, 1, 1, 1, 0]",3,1,-1,,0.625,8
3260,9ac0a353-8861-11f1-95aa-b48c9db4e1b4,7,"[1, 1, 0, 1, 1, 1, 1, 0]",4,1,-1,,0.625,8
3261,9ac0a353-8861-11f1-95aa-b48c9db4e1b4,7,"[1, 1, 0, 1, 1, 1, 1, 0]",5,1,-1,,0.625,8
3262,9ac0a353-8861-11f1-95aa-b48c9db4e1b4,7,"[1, 1, 0, 1, 1, 1, 1, 0]",6,1,-1,,0.625,8
3263,9ac0a353-8861-11f1-95aa-b48c9db4e1b4,7,"[1, 1, 0, 1, 1, 1, 1, 0]",7,0,0,,0.625,8
3264,9ac0a353-8861-11f1-95aa-b48c9db4e1b4,8,"[1, 1, 0, 1, 1, 0, 1, 1]",0,1,-1,,0.625,8
3265,9ac0a353-8861-11f1-95aa-b48c9db4e1b4,8,"[1, 1, 0, 1, 1, 0, 1, 1]",1,1,-1,,0.625,8
3266,9ac0a353-8861-11f1-95aa-b48c9db4e1b4,8,"[1, 1, 0, 1, 1, 0, 1, 1]",2,0,0,,0.625,8
3267,9ac0a353-8861-11f1-95aa-b48c9db4e1b4,8,"[1, 1, 0, 1, 1, 0, 1, 1]",3,1,-1,,0.625,8
3268,9ac0a353-8861-11f1-95aa-b48c9db4e1b4,8,"[1, 1, 0, 1, 1, 0, 1, 1]",4,1,-1,,0.625,8
3269,9ac0a353-8861-11f1-95aa-b48c9db4e1b4,8,"[1, 1, 0, 1, 1, 0, 1, 1]",5,0,0,,0.625,8
3270,9ac0a353-8861-11f1-95aa-b48c9db4e1b4,8,"[1, 1, 0, 1, 1, 0, 1, 1]",6,1,-1,,0.625,8
3271,9ac0a353-8861-11f1-95aa-b48c9db4e1b4,8,"[1, 1, 0, 1, 1, 0, 1, 1]",7,1,-1,,0.625,8
3272,9ac0a353-8861-11f1-95aa-b48c9db4e1b4,9,"[1, 0, 0, 1, 1, 0, 1, 1]",0,1,1,,0.625,8
3273,9ac0a353-8861-11f1-95aa-b48c9db4e1b4,9,"[1, 0, 0, 1, 1, 0, 1, 1]",1,0,0,,0.625,8
3274,9ac0a353-8861-11f1-95aa-b48c9db4e1b4,9,"[1, 0, 0, 1, 1, 0, 1, 1]",2,0,0,,0.625,8
3275,9ac0a353-8861-11f1-95aa-b48c9db4e1b4,9,"[1, 0, 0, 1, 1, 0, 1, 1]",3,1,1,,0.625,8
3276,9ac0a353-8861-11f1-95aa-b48c9db4e1b4,9,"[1, 0, 0, 1, 1, 0, 1, 1]",4,1,1,,0.625,8
3277,9ac0a353-8861-11f1-95aa-b48c9db4e1b4,9,"[1, 0, 0, 1, 1, 0, 1, 1]",5,0,0,,0.625,8
3278,9ac0a353-8861-11f1-95aa-b48c9db4e1b4,9,"[1, 0, 0, 1, 1, 0, 1, 1]",6,1,1,,0.625,8
3279,9ac0a353-8861-11f1-95aa-b48c9db4e1b4,9,"[1, 0, 0, 1, 1, 0, 1, 1]",7,1,1,,0.625,8
3280,9ac0a353-8861-11f1-95aa-b48c9db4e1b4,10,"[0, 0, 1, 1, 1, 0, 0, 0]",0,0,0,,0.625,8
3281,9ac0a353-8861-11f1-95aa-b48c9db4e1b4,10,"[0, 0, 1, 1, 1, 0, 0, 0]",1,0,0,,0.625,8
3282,9ac0a353-8861-11f1-95aa-b48c9db4e1b4,10,"[0, 0, 1, 1, 1, 0, 0, 0]",2,1,1,,0.625,8
3283,9ac0a353-8861-11f1-95aa-b48c9db4e1b4,10,"[0, 0, 1, 1, 1, 0, 0, 0]",3,1,1,,0.625,8
3284,9ac0a353-8861-11f1-95aa-b48c9db4e1b4,10,"[0, 0, 1, 1, 1, 0, 0, 0]",4,1,1,,0.625,8
3285,9ac0a353-8861-11f1-95aa-b48c9db4e1b4,10,"[0, 0, 1, 1, 1, 0, 0, 0]",5,0,0,,0.625,8
3286,9ac0a353-8861-11f1-95aa-b48c9db4e1b4,10,"[0, 0, 1, 1, 1, 0, 0, 0]",6,0,0,,0.625,8
3287,9ac0a353-8861-11f1-95aa-b48c9db4e1b4,10,"[0, 0, 1, 1, 1, 0, 0, 0]",7,0,0,,0.625,8
3288,9ac0a353-8861-11f1-95aa-b48c9db4e1b4,11,"[1, 0, 0, 1, 0, 1, 1, 1]",0,1,1,,0.625,8
3289,9ac0a353-8861-11f1-95aa-b48c9db4e1b4,11,"[1, 0, 0, 1, 0, 1, 1, 1]",1,0,0,,0.625,8
3290,9ac0a353-8861-11f1-95aa-b48c9db4e1b4,11,"[1, 0, 0, 1, 0, 1, 1, 1]",2,0,0,,0.625,8
3291,9ac0a353-8861-11f1-95aa-b48c9db4e1b4,11,"[1, 0, 0, 1, 0, 1, 1, 1]",3,1,1,,0.625,8
3292,9ac0a353-8861-11f1-95aa-b48c9db4e1b4,11,"[1, 0, 0, 1, 0, 1, 1, 1]",4,0,0,,0.625,8
3293,9ac0a353-8861-11f1-95aa-b48c9db4e1b4,11,"[1, 0, 0, 1, 0, 1, 1, 1]",5,1,1,,0.625,8
3294,9ac0a353-8861-11f1-95aa-b48c9db4e1b4,11,"[1, 0, 0, 1, 0, 1, 1, 1]",6,1,1,,0.625,8
3295,9ac0a353-8861-11f1-95aa-b48c9db4e1b4,11,"[1, 0, 0, 1, 0, 1, 1, 1]",7,1,1,,0.625,8
3296,9ac0a353-8861-11f1-95aa-b48c9db4e1b4,12,"[0, 0, 1, 1, 0, 1, 1, 1]",0,0,0,,0.625,8
3297,9ac0a353-8861-11f1-95aa-b48c9db4e1b4,12,"[0, 0, 1, 1, 0, 1, 1, 1]",1,0,0,,0.625,8
3298,9ac0a353-8861-11f1-95aa-b48c9db4e1b4,12,"[0, 0, 1, 1, 0, 1, 1, 1]",2,1,1,,0.625,8
3299,9ac0a353-8861-11f1-95aa-b48c9db4e1b4,12,"[0, 0, 1, 1, 0, 1, 1, 1]",3,1,1,,0.625,8
3300,9ac0a353-8861-11f1-95aa-b48c9db4e1b4,12,"[0, 0, 1, 1, 0, 1, 1, 1]",4,0,0,,0.625,8
3301,9ac0a353-8861-11f1-95aa-b48c9db4e1b4,12,"[0, 0, 1, 1, 0, 1, 1, 1]",5,1,1,,0.625,8
3302,9ac0a353-8861-11f1-95aa-b48c9db4e1b4,12,"[0, 0, 1, 1, 0, 1, 1, 1]",6,1,1,,0.625,8
3303,9ac0a353-8861-11f1-95aa-b48c9db4e1b4,12,"[0, 0, 1, 1, 0, 1, 1, 1]",7,1,1,,0.625,8
3304,9ac0a353-8861-11f1-95aa-b48c9db4e1b4,13,"[1, 1, 1, 1, 1, 0, 1, 1]",0,1,-1,,0.625,8
3305,9ac0a353-8861-11f1-95aa-b48c9db4e1b4,13,"[1, 1, 1, 1, 1, 0, 1, 1]",1,1,-1,,0.625,8
3306,9ac0a353-8861-11f1-95aa-b48c9db4e1b4,13,"[1, 1, 1, 1, 1, 0, 1, 1]",2,1,-1,,0.625,8
3307,9ac0a353-8861-11f1-95aa-b48c9db4e1b4,13,"[1, 1, 1, 1, 1, 0, 1, 1]",3,1,-1,,0.625,8
3308,9ac0a353-8861-11f1-95aa-b48c9db4e1b4,13,"[1, 1, 1, 1, 1, 0, 1, 1]",4,1,-1,,0.625,8
3309,9ac0a353-8861-11f1-95aa-b48c9db4e1b4,13,"[1, 1, 1, 1, 1, 0, 1, 1]",5,0,0,,0.625,8
3310,9ac0a353-8861-11f1-95aa-b48c9db4e1b4,13,"[1, 1, 1, 1, 1, 0, 1, 1]",6,1,-1,,0.625,8
3311,9ac0a353-8861-11f1-95aa-b48c9db4e1b4,13,"[1, 1, 1, 1, 1, 0, 1, 1]",7,1,-1,,0.625,8
3312,9ac0a353-8861-11f1-95aa-b48c9db4e1b4,14,"[0, 0, 0, 1, 1, 1, 0, 1]",0,0,0,,0.625,8
3313,9ac0a353-8861-11f1-95aa-b48c9db4e1b4,14,"[0, 0, 0, 1, 1, 1, 0, 1]",1,0,0,,0.625,8
3314,9ac0a353-8861-11f1-95aa-b48c9db4e1b4,14,"[0, 0, 0, 1, 1, 1, 0, 1]",2,0,0,,0.625,8
3315,9ac0a353-8861-11f1-95aa-b48c9db4e1b4,14,"[0, 0, 0, 1, 1, 1, 0, 1]",3,1,1,,0.625,8
3316,9ac0a353-8861-11f1-95aa-b48c9db4e1b4,14,"[0, 0, 0, 1, 1, 1, 0, 1]",4,1,1,,0.625,8
3317,9ac0a353-8861-11f1-95aa-b48c9db4e1b4,14,"[0, 0, 0, 1, 1, 1, 0, 1]",5,1,1,,0.625,8
3318,9ac0a353-8861-11f1-95aa-b48c9db4e1b4,14,"[0, 0, 0, 1, 1, 1, 0, 1]",6,0,0,,0.625,8
3319,9ac0a353-8861-11f1-95aa-b48c9db4e1b4,14,"[0, 0, 0, 1, 1, 1, 0, 1]",7,1,1,,0.625,8
3320,9ac0a353-8861-11f1-95aa-b48c9db4e1b4,15,"[1, 1, 1, 1, 1, 1, 0, 1]",0,1,-1,,0.625,8
3321,9ac0a353-8861-11f1-95aa-b48c9db4e1b4,15,"[1, 1, 1, 1, 1, 1, 0, 1]",1,1,-1,,0.625,8
3322,9ac0a353-8861-11f1-95aa-b48c9db4e1b4,15,"[1, 1, 1, 1, 1, 1, 0, 1]",2,1,-1,,0.625,8
3323,9ac0a353-8861-11f1-95aa-b48c9db4e1b4,15,"[1, 1, 1, 1, 1, 1, 0, 1]",3,1,-1,,0.625,8
3324,9ac0a353-8861-11f1-95aa-b48c9db4e1b4,15,"[1, 1, 1, 1, 1, 1, 0, 1]",4,1,-1,,0.625,8
3325,9ac0a353-8861-11f1-95aa-b48c9db4e1b4,15,"[1, 1, 1, 1, 1, 1, 0, 1]",5,1,-1,,0.625,8
3326,9ac0a353-8861-11f1-95aa-b48c9db4e1b4,15,"[1, 1, 1, 1, 1, 1, 0, 1]",6,0,0,,0.625,8
3327,9ac0a353-8861-11f1-95aa-b48c9db4e1b4,15,"[1, 1, 1, 1, 1, 1, 0, 1]",7,1,-1,,0.625,8
3328,9ac0a353-8861-11f1-95aa-b48c9db4e1b4,16,"[0, 0, 0, 1, 1, 1, 0, 0]",0,0,0,,0.625,8
3329,9ac0a353-8861-11f1-95aa-b48c9db4e1b4,16,"[0, 0, 0, 1, 1, 1, 0, 0]",1,0,0,,0.625,8
3330,9ac0a353-8861-11f1-95aa-b48c9db4e1b4,16,"[0, 0, 0, 1, 1, 1, 0, 0]",2,0,0,,0.625,8
3331,9ac0a353-8861-11f1-95aa-b48c9db4e1b4,16,"[0, 0, 0, 1, 1, 1, 0, 0]",3,1,1,,0.625,8
3332,9ac0a353-8861-11f1-95aa-b48c9db4e1b4,16,"[0, 0, 0, 1, 1, 1, 0, 0]",4,1,1,,0.625,8
3333,9ac0a353-8861-11f1-95aa-b48c9db4e1b4,16,"[0, 0, 0, 1, 1, 1, 0, 0]",5,1,1,,0.625,8
3334,9ac0a353-8861-11f1-95aa-b48c9db4e1b4,16,"[0, 0, 0, 1, 1, 1, 0, 0]",6,0,0,,0.625,8
3335,9ac0a353-8861-11f1-95aa-b48c9db4e1b4,16,"[0, 0, 0, 1, 1, 1, 0, 0]",7,0,0,,0.625,8
3336,9ac0a353-8861-11f1-95aa-b48c9db4e1b4,17,"[1, 0, 0, 0, 0, 0, 1, 0]",0,1,1,,0.625,8
3337,9ac0a353-8861-11f1-95aa-b48c9db4e1b4,17,"[1, 0, 0, 0, 0, 0, 1, 0]",1,0,0,,0.625,8
3338,9ac0a353-8861-11f1-95aa-b48c9db4e1b4,17,"[1, 0, 0, 0, 0, 0, 1, 0]",2,0,0,,0.625,8
3339,9ac0a353-8861-11f1-95aa-b48c9db4e1b4,17,"[1, 0, 0, 0, 0, 0, 1, 0]",3,0,0,,0.625,8
3340,9ac0a353-8861-11f1-95aa-b48c9db4e1b4,17,"[1, 0, 0, 0, 0, 0, 1, 0]",4,0,0,,0.625,8
3341,9ac0a353-8861-11f1-95aa-b48c9db4e1b4,17,"[1, 0, 0, 0, 0, 0, 1, 0]",5,0,0,,0.625,8
3342,9ac0a353-8861-11f1-95aa-b48c9db4e1b4,17,"[1, 0, 0, 0, 0, 0, 1, 0]",6,1,1,,0.625,8
3343,9ac0a353-8861-11f1-95aa-b48c9db4e1b4,17,"[1, 0, 0, 0, 0, 0, 1, 0]",7,0,0,,0.625,8
3344,9ac0a353-8861-11f1-95aa-b48c9db4e1b4,18,"[0, 1, 0, 1, 0, 0, 0, 0]",0,0,0,,0.625,8
3345,9ac0a353-8861-11f1-95aa-b48c9db4e1b4,18,"[0, 1, 0, 1, 0, 0, 0, 0]",1,1,1,,0.625,8
3346,9ac0a353-8861-11f1-95aa-b48c9db4e1b4,18,"[0, 1, 0, 1, 0, 0, 0, 0]",2,0,0,,0.625,8
3347,9ac0a353-8861-11f1-95aa-b48c9db4e1b4,18,"[0, 1, 0, 1, 0, 0, 0, 0]",3,1,1,,0.625,8
3348,9ac0a353-8861-11f1-95aa-b48c9db4e1b4,18,"[0, 1, 0, 1, 0, 0, 0, 0]",4,0,0,,0.625,8
3349,9ac0a353-8861-11f1-95aa-b48c9db4e1b4,18,"[0, 1, 0, 1, 0, 0, 0, 0]",5,0,0,,0.625,8
3350,9ac0a353-8861-11f1-95aa-b48c9db4e1b4,18,"[0, 1, 0, 1, 0, 0, 0, 0]",6,0,0,,0.625,8
3351,9ac0a353-8861-11f1-95aa-b48c9db4e1b4,18,"[0, 1, 0, 1, 0, 0, 0, 0]",7,0,0,,0.625,8
3352,9ac0a353-8861-11f1-95aa-b48c9db4e1b4,19,"[1, 0, 1, 0, 0, 0, 0, 0]",0,1,1,,0.625,8
3353,9ac0a353-8861-11f1-95aa-b48c9db4e1b4,19,"[1, 0, 1, 0, 0, 0, 0, 0]",1,0,0,,0.625,8
3354,9ac0a353-8861-11f1-95aa-b48c9db4e1b4,19,"[1, 0, 1, 0, 0, 0, 0, 0]",2,1,1,,0.625,8
3355,9ac0a353-8861-11f1-95aa-b48c9db4e1b4,19,"[1, 0, 1, 0, 0, 0, 0, 0]",3,0,0,,0.625,8
3356,9ac0a353-8861-11f1-95aa-b48c9db4e1b4,19,"[1, 0, 1, 0, 0, 0, 0, 0]",4,0,0,,0.625,8
3357,9ac0a353-8861-11f1-95aa-b48c9db4e1b4,19,"[1, 0, 1, 0, 0, 0, 0, 0]",5,0,0,,0.625,8
3358,9ac0a353-8861-11f1-95aa-b48c9db4e1b4,19,"[1, 0, 1, 0, 0, 0, 0, 0]",6,0,0,,0.625,8
3359,9ac0a353-8861-11f1-95aa-b48c9db4e1b4,19,"[1, 0, 1, 0, 0, 0, 0, 0]",7,0,0,,0.625,8
3360,9ac39c5a-8861-11f1-b113-b48c9db4e1b4,0,"[1, 0, 0, 1, 1, 1, 1, 0]",0,1,1,,0.625,8
3361,9ac39c5a-8861-11f1-b113-b48c9db4e1b4,0,"[1, 0, 0, 1, 1, 1, 1, 0]",1,0,0,,0.625,8
3362,9ac39c5a-8861-11f1-b113-b48c9db4e1b4,0,"[1, 0, 0, 1, 1, 1, 1, 0]",2,0,0,,0.625,8
3363,9ac39c5a-8861-11f1-b113-b48c9db4e1b4,0,"[1, 0, 0, 1, 1, 1, 1, 0]",3,1,1,,0.625,8
3364,9ac39c5a-8861-11f1-b113-b48c9db4e1b4,0,"[1, 0, 0, 1, 1, 1, 1, 0]",4,1,1,,0.625,8
3365,9ac39c5a-8861-11f1-b113-b48c9db4e1b4,0,"[1, 0, 0, 1, 1, 1, 1, 0]",5,1,1,,0.625,8
3366,9ac39c5a-8861-11f1-b113-b48c9db4e1b4,0,"[1, 0, 0, 1, 1, 1, 1, 0]",6,1,1,,0.625,8
3367,9ac39c5a-8861-11f1-b113-b48c9db4e1b4,0,"[1, 0, 0, 1, 1, 1, 1, 0]",7,0,0,,0.625,8
3368,9ac39c5a-8861-11f1-b113-b48c9db4e1b4,1,"[1, 0, 0, 1, 1, 0, 1, 1]",0,1,1,,0.625,8
3369,9ac39c5a-8861-11f1-b113-b48c9db4e1b4,1,"[1, 0, 0, 1, 1, 0, 1, 1]",1,0,0,,0.625,8
3370,9ac39c5a-8861-11f1-b113-b48c9db4e1b4,1,"[1, 0, 0, 1, 1, 0, 1, 1]",2,0,0,,0.625,8
3371,9ac39c5a-8861-11f1-b113-b48c9db4e1b4,1,"[1, 0, 0, 1, 1, 0, 1, 1]",3,1,1,,0.625,8
3372,9ac39c5a-8861-11f1-b113-b48c9db4e1b4,1,"[1, 0, 0, 1, 1, 0, 1, 1]",4,1,1,,0.625,8
3373,9ac39c5a-8861-11f1-b113-b48c9db4e1b4,1,"[1, 0, 0, 1, 1, 0, 1, 1]",5,0,0,,0.625,8
3374,9ac39c5a-8861-11f1-b113-b48c9db4e1b4,1,"[1, 0, 0, 1, 1, 0, 1, 1]",6,1,1,,0.625,8
3375,9ac39c5a-8861-11f1-b113-b48c9db4e1b4,1,"[1, 0, 0, 1, 1, 0, 1, 1]",7,1,1,,0.625,8
3376,9ac39c5a-8861-11f1-b113-b48c9db4e1b4,2,"[0, 0, 1, 0, 0, 0, 1, 0]",0,0,0,,0.625,8
3377,9ac39c5a-8861-11f1-b113-b48c9db4e1b4,2,"[0, 0, 1, 0, 0, 0, 1, 0]",1,0,0,,0.625,8
3378,9ac39c5a-8861-11f1-b113-b48c9db4e1b4,2,"[0, 0, 1, 0, 0, 0, 1, 0]",2,1,1,,0.625,8
3379,9ac39c5a-8861-11f1-b113-b48c9db4e1b4,2,"[0, 0, 1, 0, 0, 0, 1, 0]",3,0,0,,0.625,8
3380,9ac39c5a-8861-11f1-b113-b48c9db4e1b4,2,"[0, 0, 1, 0, 0, 0, 1, 0]",4,0,0,,0.625,8
3381,9ac39c5a-8861-11f1-b113-b48c9db4e1b4,2,"[0, 0, 1, 0, 0, 0, 1, 0]",5,0,0,,0.625,8
3382,9ac39c5a-8861-11f1-b113-b48c9db4e1b4,2,"[0, 0, 1, 0, 0, 0, 1, 0]",6,1,1,,0.625,8
3383,9ac39c5a-8861-11f1-b113-b48c9db4e1b4,2,"[0, 0, 1, 0, 0, 0, 1, 0]",7,0,0,,0.625,8
3384,9ac39c5a-8861-11f1-b113-b48c9db4e1b4,3,"[1, 0, 0, 0, 0, 0, 0, 1]",0,1,1,,0.625,8
3385,9ac39c5a-8861-11f1-b113-b48c9db4e1b4,3,"[1, 0, 0, 0, 0, 0, 0, 1]",1,0,0,,0.625,8
3386,9ac39c5a-8861-11f1-b113-b48c9db4e1b4,3,"[1, 0, 0, 0, 0, 0, 0, 1]",2,0,0,,0.625,8
3387,9ac39c5a-8861-11f1-b113-b48c9db4e1b4,3,"[1, 0, 0, 0, 0, 0, 0, 1]",3,0,0,,0.625,8
3388,9ac39c5a-8861-11f1-b113-b48c9db4e1b4,3,"[1, 0, 0, 0, 0, 0, 0, 1]",4,0,0,,0.625,8
3389,9ac39c5a-8861-11f1-b113-b48c9db4e1b4,3,"[1, 0, 0, 0, 0, 0, 0, 1]",5,0,0,,0.625,8
3390,9ac39c5a-8861-11f1-b113-b48c9db4e1b4,3,"[1, 0, 0, 0, 0, 0, 0, 1]",6,0,0,,0.625,8
3391,9ac39c5a-8861-11f1-b113-b48c9db4e1b4,3,"[1, 0, 0, 0, 0, 0, 0, 1]",7,1,1,,0.625,8
3392,9ac39c5a-8861-11f1-b113-b48c9db4e1b4,4,"[1, 1, 1, 1, 1, 1, 0, 0]",0,1,-1,,0.625,8
3393,9ac39c5a-8861-11f1-b113-b48c9db4e1b4,4,"[1, 1, 1, 1, 1, 1, 0, 0]",1,1,-1,,0.625,8
3394,9ac39c5a-8861-11f1-b113-b48c9db4e1b4,4,"[1, 1, 1, 1, 1, 1, 0, 0]",2,1,-1,,0.625,8
3395,9ac39c5a-8861-11f1-b113-b48c9db4e1b4,4,"[1, 1, 1, 1, 1, 1, 0, 0]",3,1,-1,,0.625,8
3396,9ac39c5a-8861-11f1-b113-b48c9db4e1b4,4,"[1, 1, 1, 1, 1, 1, 0, 0]",4,1,-1,,0.625,8
3397,9ac39c5a-8861-11f1-b113-b48c9db4e1b4,4,"[1, 1, 1, 1, 1, 1, 0, 0]",5,1,-1,,0.625,8
3398,9ac39c5a-8861-11f1-b113-b48c9db4e1b4,4,"[1, 1, 1, 1, 1, 1, 0, 0]",6,0,0,,0.625,8
3399,9ac39c5a-8861-11f1-b113-b48c9db4e1b4,4,"[1, 1, 1, 1, 1, 1, 0, 0]",7,0,0,,0.625,8
3400,9ac39c5a-8861-11f1-b113-b48c9db4e1b4,5,"[0, 0, 1, 1, 1, 1, 1, 1]",0,0,0,,0.625,8
3401,9ac39c5a-8861-11f1-b113-b48c9db4e1b4,5,"[0, 0, 1, 1, 1, 1, 1, 1]",1,0,0,,0.625,8
3402,9ac39c5a-8861-11f1-b113-b48c9db4e1b4,5,"[0, 0, 1, 1, 1, 1, 1, 1]",2,1,-1,,0.625,8
3403,9ac39c5a-8861-11f1-b113-b48c9db4e1b4,5,"[0, 0, 1, 1, 1, 1, 1, 1]",3,1,-1,,0.625,8
3404,9ac39c5a-8861-11f1-b113-b48c9db4e1b4,5,"[0, 0, 1, 1, 1, 1, 1, 1]",4,1,-1,,0.625,8
3405,9ac39c5a-8861-11f1-b113-b48c9db4e1b4,5,"[0, 0, 1, 1, 1, 1, 1, 1]",5,1,-1,,0.625,8
3406,9ac39c5a-8861-11f1-b113-b48c9db4e1b4,5,"[0, 0, 1, 1, 1, 1, 1, 1]",6,1,-1,,0.625,8
3407,9ac39c5a-8861-11f1-b113-b48c9db4e1b4,5,"[0, 0, 1, 1, 1, 1, 1, 1]",7,1,-1,,0.625,8
3408,9ac39c5a-8861-11f1-b113-b48c9db4e1b4,6,"[0, 0, 0, 0, 1, 1, 0, 0]",0,0,0,,0.625,8
3409,9ac39c5a-8861-11f1-b113-b48c9db4e1b4,6,"[0, 0, 0, 0, 1, 1, 0, 0]",1,0,0,,0.625,8
3410,9ac39c5a-8861-11f1-b113-b48c9db4e1b4,6,"[0, 0, 0, 0, 1, 1, 0, 0]",2,0,0,,0.625,8
3411,9ac39c5a-8861-11f1-b113-b48c9db4e1b4,6,"[0, 0, 0, 0, 1, 1, 0, 0]",3,0,0,,0.625,8
3412,9ac39c5a-8861-11f1-b113-b48c9db4e1b4,6,"[0, 0, 0, 0, 1, 1, 0, 0]",4,1,1,,0.625,8
3413,9ac39c5a-8861-11f1-b113-b48c9db4e1b4,6,"[0, 0, 0, 0, 1, 1, 0, 0]",5,1,1,,0.625,8
3414,9ac39c5a-8861-11f1-b113-b48c9db4e1b4,6,"[0, 0, 0, 0, 1, 1, 0, 0]",6,0,0,,0.625,8
3415,9ac39c5a-8861-11f1-b113-b48c9db4e1b4,6,"[0, 0, 0, 0, 1, 1, 0, 0]",7,0,0,,0.625,8
3416,9ac39c5a-8861-11f1-b113-b48c9db4e1b4,7,"[1, 0, 0, 0, 1, 1, 0, 0]",0,1,1,,0.625,8
3417,9ac39c5a-8861-11f1-b113-b48c9db4e1b4,7,"[1, 0, 0, 0, 1, 1, 0, 0]",1,0,0,,0.625,8
3418,9ac39c5a-8861-11f1-b113-b48c9db4e1b4,7,"[1, 0, 0, 0, 1, 1, 0, 0]",2,0,0,,0.625,8
3419,9ac39c5a-8861-11f1-b113-b48c9db4e1b4,7,"[1, 0, 0, 0, 1, 1, 0, 0]",3,0,0,,0.625,8
3420,9ac39c5a-8861-11f1-b113-b48c9db4e1b4,7,"[1, 0, 0, 0, 1, 1, 0, 0]",4,1,1,,0.625,8
3421,9ac39c5a-8861-11f1-b113-b48c9db4e1b4,7,"[1, 0, 0, 0, 1, 1, 0, 0]",5,1,1,,0.625,8
3422,9ac39c5a-8861-11f1-b113-b48c9db4e1b4,7,"[1, 0, 0, 0, 1, 1, 0, 0]",6,0,0,,0.625,8
3423,9ac39c5a-8861-11f1-b113-b48c9db4e1b4,7,"[1, 0, 0, 0, 1, 1, 0, 0]",7,0,0,,0.625,8
3424,9ac39c5a-8861-11f1-b113-b48c9db4e1b4,8,"[0, 1, 1, 1, 0, 0, 1, 1]",0,0,0,,0.625,8
3425,9ac39c5a-8861-11f1-b113-b48c9db4e1b4,8,"[0, 1, 1, 1, 0, 0, 1, 1]",1,1,1,,0.625,8
3426,9ac39c5a-8861-11f1-b113-b48c9db4e1b4,8,"[0, 1, 1, 1, 0, 0, 1, 1]",2,1,1,,0.625,8
3427,9ac39c5a-8861-11f1-b113-b48c9db4e1b4,8,"[0, 1, 1, 1, 0, 0, 1, 1]",3,1,1,,0.625,8
3428,9ac39c5a-8861-11f1-b113-b48c9db4e1b4,8,"[0, 1, 1, 1, 0, 0, 1, 1]",4,0,0,,0.625,8
3429,9ac39c5a-8861-11f1-b113-b48c9db4e1b4,8,"[0, 1, 1, 1, 0, 0, 1, 1]",5,0,0,,0.625,8
3430,9ac39c5a-8861-11f1-b113-b48c9db4e1b4,8,"[0, 1, 1, 1, 0, 0, 1, 1]",6,1,1,,0.625,8
3431,9ac39c5a-8861-11f1-b113-b48c9db4e1b4,8,"[0, 1, 1, 1, 0, 0, 1, 1]",7,1,1,,0.625,8
3432,9ac39c5a-8861-11f1-b113-b48c9db4e1b4,9,"[1, 0, 0, 0, 1, 1, 0, 0]",0,1,1,,0.625,8
3433,9ac39c5a-8861-11f1-b113-b48c9db4e1b4,9,"[1, 0, 0, 0, 1, 1, 0, 0]",1,0,0,,0.625,8
3434,9ac39c5a-8861-11f1-b113-b48c9db4e1b4,9,"[1, 0, 0, 0, 1, 1, 0, 0]",2,0,0,,0.625,8
3435,9ac39c5a-8861-11f1-b113-b48c9db4e1b4,9,"[1, 0, 0, 0, 1, 1, 0, 0]",3,0,0,,0.625,8
3436,9ac39c5a-8861-11f1-b113-b48c9db4e1b4,9,"[1, 0, 0, 0, 1, 1, 0, 0]",4,1,1,,0.625,8
3437,9ac39c5a-8861-11f1-b113-b48c9db4e1b4,9,"[1, 0, 0, 0, 1, 1, 0, 0]",5,1,1,,0.625,8
3438,9ac39c5a-8861-11f1-b113-b48c9db4e1b4,9,"[1, 0, 0, 0, 1, 1, 0, 0]",6,0,0,,0.625,8
3439,9ac39c5a-8861-11f1-b113-b48c9db4e1b4,9,"[1, 0, 0, 0, 1, 1, 0, 0]",7,0,0,,0.625,8
3440,9ac39c5a-8861-11f1-b113-b48c9db4e1b4,10,"[0, 0, 1, 0, 1, 1, 1, 0]",0,0,0,,0.625,8
3441,9ac39c5a-8861-11f1-b113-b48c9db4e1b4,10,"[0, 0, 1, 0, 1, 1, 1, 0]",1,0,0,,0.625,8
3442,9ac39c5a-8861-11f1-b113-b48c9db4e1b4,10,"[0, 0, 1, 0, 1, 1, 1, 0]",2,1,1,,0.625,8
3443,9ac39c5a-8861-11f1-b113-b48c9db4e1b4,10,"[0, 0, 1, 0, 1, 1, 1, 0]",3,0,0,,0.625,8
3444,9ac39c5a-8861-11f1-b113-b48c9db4e1b4,10,"[0, 0, 1, 0, 1, 1, 1, 0]",4,1,1,,0.625,8
3445,9ac39c5a-8861-11f1-b113-b48c9db4e1b4,10,"[0, 0, 1, 0, 1, 1, 1, 0]",5,1,1,,0.625,8
3446,9ac39c5a-8861-11f1-b113-b48c9db4e1b4,10,"[0, 0, 1, 0, 1, 1, 1, 0]",6,1,1,,0.625,8
3447,9ac39c5a-8861-11f1-b113-b48c9db4e1b4,10,"[0, 0, 1, 0, 1, 1, 1, 0]",7,0,0,,0.625,8
3448,9ac39c5a-8861-11f1-b113-b48c9db4e1b4,11,"[0, 1, 0, 1, 1, 1, 0, 0]",0,0,0,,0.625,8
3449,9ac39c5a-8861-11f1-b113-b48c9db4e1b4,11,"[0, 1, 0, 1, 1, 1, 0, 0]",1,1,1,,0.625,8
3450,9ac39c5a-8861-11f1-b113-b48c9db4e1b4,11,"[0, 1, 0, 1, 1, 1, 0, 0]",2,0,0,,0.625,8
3451,9ac39c5a-8861-11f1-b113-b48c9db4e1b4,11,"[0, 1, 0, 1, 1, 1, 0, 0]",3,1,1,,0.625,8
3452,9ac39c5a-8861-11f1-b113-b48c9db4e1b4,11,"[0, 1, 0, 1, 1, 1, 0, 0]",4,1,1,,0.625,8
3453,9ac39c5a-8861-11f1-b113-b48c9db4e1b4,11,"[0, 1, 0, 1, 1, 1, 0, 0]",5,1,1,,0.625,8
3454,9ac39c5a-8861-11f1-b113-b48c9db4e1b4,11,"[0, 1, 0, 1, 1, 1, 0, 0]",6,0,0,,0.625,8
3455,9ac39c5a-8861-11f1-b113-b48c9db4e1b4,11,"[0, 1, 0, 1, 1, 1, 0, 0]",7,0,0,,0.625,8
3456,9ac39c5a-8861-11f1-b113-b48c9db4e1b4,12,"[0, 0, 0, 1, 0, 0, 1, 1]",0,0,0,,0.625,8
3457,9ac39c5a-8861-11f1-b113-b48c9db4e1b4,12,"[0, 0, 0, 1, 0, 0, 1, 1]",1,0,0,,0.625,8
3458,9ac39c5a-8861-11f1-b113-b48c9db4e1b4,12,"[0, 0, 0, 1, 0, 0, 1, 1]",2,0,0,,0.625,8
3459,9ac39c5a-8861-11f1-b113-b48c9db4e1b4,12,"[0, 0, 0, 1, 0, 0, 1, 1]",3,1,1,,0.625,8
3460,9ac39c5a-8861-11f1-b113-b48c9db4e1b4,12,"[0, 0, 0, 1, 0, 0, 1, 1]",4,0,0,,0.625,8
3461,9ac39c5a-8861-11f1-b113-b48c9db4e1b4,12,"[0, 0, 0, 1, 0, 0, 1, 1]",5,0,0,,0.625,8
3462,9ac39c5a-8861-11f1-b113-b48c9db4e1b4,12,"[0, 0, 0, 1, 0, 0, 1, 1]",6,1,1,,0.625,8
3463,9ac39c5a-8861-11f1-b113-b48c9db4e1b4,12,"[0, 0, 0, 1, 0, 0, 1, 1]",7,1,1,,0.625,8
3464,9ac39c5a-8861-11f1-b113-b48c9db4e1b4,13,"[1, 1, 0, 1, 1, 1, 0, 0]",0,1,1,,0.625,8
3465,9ac39c5a-8861-11f1-b113-b48c9db4e1b4,13,"[1, 1, 0, 1, 1, 1, 0, 0]",1,1,1,,0.625,8
3466,9ac39c5a-8861-11f1-b113-b48c9db4e1b4,13,"[1, 1, 0, 1, 1, 1, 0, 0]",2,0,0,,0.625,8
3467,9ac39c5a-8861-11f1-b113-b48c9db4e1b4,13,"[1, 1, 0, 1, 1, 1, 0, 0]",3,1,1,,0.625,8
3468,9ac39c5a-8861-11f1-b113-b48c9db4e1b4,13,"[1, 1, 0, 1, 1, 1, 0, 0]",4,1,1,,0.625,8
3469,9ac39c5a-8861-11f1-b113-b48c9db4e1b4,13,"[1, 1, 0, 1, 1, 1, 0, 0]",5,1,1,,0.625,8
3470,9ac39c5a-8861-11f1-b113-b48c9db4e1b4,13,"[1, 1, 0, 1, 1, 1, 0, 0]",6,0,0,,0.625,8
3471,9ac39c5a-8861-11f1-b113-b48c9db4e1b4,13,"[1, 1, 0, 1, 1, 1, 0, 0]",7,0,0,,0.625,8
3472,9ac39c5a-8861-11f1-b113-b48c9db4e1b4,14,"[0, 1, 0, 0, 1, 1, 0, 1]",0,0,0,,0.625,8
3473,9ac39c5a-8861-11f1-b113-b48c9db4e1b4,14,"[0, 1, 0, 0, 1, 1, 0, 1]",1,1,1,,0.625,8
3474,9ac39c5a-8861-11f1-b113-b48c9db4e1b4,14,"[0, 1, 0, 0, 1, 1, 0, 1]",2,0,0,,0.625,8
3475,9ac39c5a-8861-11f1-b113-b48c9db4e1b4,14,"[0, 1, 0, 0, 1, 1, 0, 1]",3,0,0,,0.625,8
3476,9ac39c5a-8861-11f1-b113-b48c9db4e1b4,14,"[0, 1, 0, 0, 1, 1, 0, 1]",4,1,1,,0.625,8
3477,9ac39c5a-8861-11f1-b113-b48c9db4e1b4,14,"[0, 1, 0, 0, 1, 1, 0, 1]",5,1,1,,0.625,8
3478,9ac39c5a-8861-11f1-b113-b48c9db4e1b4,14,"[0, 1, 0, 0, 1, 1, 0, 1]",6,0,0,,0.625,8
3479,9ac39c5a-8861-11f1-b113-b48c9db4e1b4,14,"[0, 1, 0, 0, 1, 1, 0, 1]",7,1,1,,0.625,8
3480,9ac39c5a-8861-11f1-b113-b48c9db4e1b4,15,"[1, 0, 0, 0, 0, 0, 0, 0]",0,1,1,,0.625,8
3481,9ac39c5a-8861-11f1-b113-b48c9db4e1b4,15,"[1, 0, 0, 0, 0, 0, 0, 0]",1,0,0,,0.625,8
3482,9ac39c5a-8861-11f1-b113-b48c9db4e1b4,15,"[1, 0, 0, 0, 0, 0, 0, 0]",2,0,0,,0.625,8
3483,9ac39c5a-8861-11f1-b113-b48c9db4e1b4,15,"[1, 0, 0, 0, 0, 0, 0, 0]",3,0,0,,0.625,8
3484,9ac39c5a-8861-11f1-b113-b48c9db4e1b4,15,"[1, 0, 0, 0, 0, 0, 0, 0]",4,0,0,,0.625,8
3485,9ac39c5a-8861-11f1-b113-b48c9db4e1b4,15,"[1, 0, 0, 0, 0, 0, 0, 0]",5,0,0,,0.625,8
3486,9ac39c5a-8861-11f1-b113-b48c9db4e1b4,15,"[1, 0, 0, 0, 0, 0, 0, 0]",6,0,0,,0.625,8
3487,9ac39c5a-8861-11f1-b113-b48c9db4e1b4,15,"[1, 0, 0, 0, 0, 0, 0, 0]",7,0,0,,0.625,8
3488,9ac39c5a-8861-11f1-b113-b48c9db4e1b4,16,"[1, 1, 0, 1, 0, 0, 1, 0]",0,1,1,,0.625,8
3489,9ac39c5a-8861-11f1-b113-b48c9db4e1b4,16,"[1, 1, 0, 1, 0, 0, 1, 0]",1,1,1,,0.625,8
3490,9ac39c5a-8861-11f1-b113-b48c9db4e1b4,16,"[1, 1, 0, 1, 0, 0, 1, 0]",2,0,0,,0.625,8
3491,9ac39c5a-8861-11f1-b113-b48c9db4e1b4,16,"[1, 1, 0, 1, 0, 0, 1, 0]",3,1,1,,0.625,8
3492,9ac39c5a-8861-11f1-b113-b48c9db4e1b4,16,"[1, 1, 0, 1, 0, 0, 1, 0]",4,0,0,,0.625,8
3493,9ac39c5a-8861-11f1-b113-b48c9db4e1b4,16,"[1, 1, 0, 1, 0, 0, 1, 0]",5,0,0,,0.625,8
3494,9ac39c5a-8861-11f1-b113-b48c9db4e1b4,16,"[1, 1, 0, 1, 0, 0, 1, 0]",6,1,1,,0.625,8
3495,9ac39c5a-8861-11f1-b113-b48c9db4e1b4,16,"[1, 1, 0, 1, 0, 0, 1, 0]",7,0,0,,0.625,8
3496,9ac39c5a-8861-11f1-b113-b48c9db4e1b4,17,"[1, 0, 0, 1, 1, 0, 0, 0]",0,1,1,,0.625,8
3497,9ac39c5a-8861-11f1-b113-b48c9db4e1b4,17,"[1, 0, 0, 1, 1, 0, 0, 0]",1,0,0,,0.625,8
3498,9ac39c5a-8861-11f1-b113-b48c9db4e1b4,17,"[1, 0, 0, 1, 1, 0, 0, 0]",2,0,0,,0.625,8
3499,9ac39c5a-8861-11f1-b113-b48c9db4e1b4,17,"[1, 0, 0, 1, 1, 0, 0, 0]",3,1,1,,0.625,8
3500,9ac39c5a-8861-11f1-b113-b48c9db4e1b4,17,"[1, 0, 0, 1, 1, 0, 0, 0]",4,1,1,,0.625,8
3501,9ac39c5a-8861-11f1-b113-b48c9db4e1b4,17,"[1, 0, 0, 1, 1, 0, 0, 0]",5,0,0,,0.625,8
3502,9ac39c5a-8861-11f1-b113-b48c9db4e1b4,17,"[1, 0, 0, 1, 1, 0, 0, 0]",6,0,0,,0.625,8
3503,9ac39c5a-8861-11f1-b113-b48c9db4e1b4,17,"[1, 0, 0, 1, 1, 0, 0, 0]",7,0,0,,0.625,8
3504,9ac39c5a-8861-11f1-b113-b48c9db4e1b4,18,"[1, 0, 0, 1, 0, 1, 1, 0]",0,1,1,,0.625,8
3505,9ac39c5a-8861-11f1-b113-b48c9db4e1b4,18,"[1, 0, 0, 1, 0, 1, 1, 0]",1,0,0,,0.625,8
3506,9ac39c5a-8861-11f1-b113-b48c9db4e1b4,18,"[1, 0, 0, 1, 0, 1, 1, 0]",2,0,0,,0.625,8
3507,9ac39c5a-8861-11f1-b113-b48c9db4e1b4,18,"[1, 0, 0, 1, 0, 1, 1, 0]",3,1,1,,0.625,8
3508,9ac39c5a-8861-11f1-b113-b48c9db4e1b4,18,"[1, 0, 0, 1, 0, 1, 1, 0]",4,0,0,,0.625,8
3509,9ac39c5a-8861-11f1-b113-b48c9db4e1b4,18,"[1, 0, 0, 1, 0, 1, 1, 0]",5,1,1,,0.625,8
3510,9ac39c5a-8861-11f1-b113-b48c9db4e1b4,18,"[1, 0, 0, 1, 0, 1, 1, 0]",6,1,1,,0.625,8
3511,9ac39c5a-8861-11f1-b113-b48c9db4e1b4,18,"[1, 0, 0, 1, 0, 1, 1, 0]",7,0,0,,0.625,8
3512,9ac39c5a-8861-11f1-b113-b48c9db4e1b4,19,"[1, 1, 0, 0, 0, 0, 1, 0]",0,1,1,,0.625,8
3513,9ac39c5a-8861-11f1-b113-b48c9db4e1b4,19,"[1, 1, 0, 0, 0, 0, 1, 0]",1,1,1,,0.625,8
3514,9ac39c5a-8861-11f1-b113-b48c9db4e1b4,19,"[1, 1, 0, 0, 0, 0, 1, 0]",2,0,0,,0.625,8
3515,9ac39c5a-8861-11f1-b113-b48c9db4e1b4,19,"[1, 1, 0, 0, 0, 0, 1, 0]",3,0,0,,0.625,8
3516,9ac39c5a-8861-11f1-b113-b48c9db4e1b4,19,"[1, 1, 0, 0, 0, 0, 1, 0]",4,0,0,,0.625,8
3517,9ac39c5a-8861-11f1-b113-b48c9db4e1b4,19,"[1, 1, 0, 0, 0, 0, 1, 0]",5,0,0,,0.625,8
3518,9ac39c5a-8861-11f1-b113-b48c9db4e1b4,19,"[1, 1, 0, 0, 0, 0, 1, 0]",6,1,1,,0.625,8
3519,9ac39c5a-8861-11f1-b113-b48c9db4e1b4,19,"[1, 1, 0, 0, 0, 0, 1, 0]",7,0,0,,0.625,8
3520,9ac6fbfe-8861-11f1-b312-b48c9db4e1b4,0,"[0, 0, 0, 0, 1, 0, 1, 1]",0,0,0,,0.625,8
3521,9ac6fbfe-8861-11f1-b312-b48c9db4e1b4,0,"[0, 0, 0, 0, 1, 0, 1, 1]",1,0,0,,0.625,8
3522,9ac6fbfe-8861-11f1-b312-b48c9db4e1b4,0,"[0, 0, 0, 0, 1, 0, 1, 1]",2,0,0,,0.625,8
3523,9ac6fbfe-8861-11f1-b312-b48c9db4e1b4,0,"[0, 0, 0, 0, 1, 0, 1, 1]",3,0,0,,0.625,8
3524,9ac6fbfe-8861-11f1-b312-b48c9db4e1b4,0,"[0, 0, 0, 0, 1, 0, 1, 1]",4,1,1,,0.625,8
3525,9ac6fbfe-8861-11f1-b312-b48c9db4e1b4,0,"[0, 0, 0, 0, 1, 0, 1, 1]",5,0,0,,0.625,8
3526,9ac6fbfe-8861-11f1-b312-b48c9db4e1b4,0,"[0, 0, 0, 0, 1, 0, 1, 1]",6,1,1,,0.625,8
3527,9ac6fbfe-8861-11f1-b312-b48c9db4e1b4,0,"[0, 0, 0, 0, 1, 0, 1, 1]",7,1,1,,0.625,8
3528,9ac6fbfe-8861-11f1-b312-b48c9db4e1b4,1,"[0, 1, 0, 1, 1, 0, 1, 0]",0,0,0,,0.625,8
3529,9ac6fbfe-8861-11f1-b312-b48c9db4e1b4,1,"[0, 1, 0, 1, 1, 0, 1, 0]",1,1,1,,0.625,8
3530,9ac6fbfe-8861-11f1-b312-b48c9db4e1b4,1,"[0, 1, 0, 1, 1, 0, 1, 0]",2,0,0,,0.625,8
3531,9ac6fbfe-8861-11f1-b312-b48c9db4e1b4,1,"[0, 1, 0, 1, 1, 0, 1, 0]",3,1,1,,0.625,8
3532,9ac6fbfe-8861-11f1-b312-b48c9db4e1b4,1,"[0, 1, 0, 1, 1, 0, 1, 0]",4,1,1,,0.625,8
3533,9ac6fbfe-8861-11f1-b312-b48c9db4e1b4,1,"[0, 1, 0, 1, 1, 0, 1, 0]",5,0,0,,0.625,8
3534,9ac6fbfe-8861-11f1-b312-b48c9db4e1b4,1,"[0, 1, 0, 1, 1, 0, 1, 0]",6,1,1,,0.625,8
3535,9ac6fbfe-8861-11f1-b312-b48c9db4e1b4,1,"[0, 1, 0, 1, 1, 0, 1, 0]",7,0,0,,0.625,8
3536,9ac6fbfe-8861-11f1-b312-b48c9db4e1b4,2,"[0, 1, 1, 0, 0, 0, 0, 0]",0,0,0,,0.625,8
3537,9ac6fbfe-8861-11f1-b312-b48c9db4e1b4,2,"[0, 1, 1, 0, 0, 0, 0, 0]",1,1,1,,0.625,8
3538,9ac6fbfe-8861-11f1-b312-b48c9db4e1b4,2,"[0, 1, 1, 0, 0, 0, 0, 0]",2,1,1,,0.625,8
3539,9ac6fbfe-8861-11f1-b312-b48c9db4e1b4,2,"[0, 1, 1, 0, 0, 0, 0, 0]",3,0,0,,0.625,8
3540,9ac6fbfe-8861-11f1-b312-b48c9db4e1b4,2,"[0, 1, 1, 0, 0, 0, 0, 0]",4,0,0,,0.625,8
3541,9ac6fbfe-8861-11f1-b312-b48c9db4e1b4,2,"[0, 1, 1, 0, 0, 0, 0, 0]",5,0,0,,0.625,8
3542,9ac6fbfe-8861-11f1-b312-b48c9db4e1b4,2,"[0, 1, 1, 0, 0, 0, 0, 0]",6,0,0,,0.625,8
3543,9ac6fbfe-8861-11f1-b312-b48c9db4e1b4,2,"[0, 1, 1, 0, 0, 0, 0, 0]",7,0,0,,0.625,8
3544,9ac6fbfe-8861-11f1-b312-b48c9db4e1b4,3,"[1, 1, 0, 1, 0, 1, 1, 1]",0,1,-1,,0.625,8
3545,9ac6fbfe-8861-11f1-b312-b48c9db4e1b4,3,"[1, 1, 0, 1, 0, 1, 1, 1]",1,1,-1,,0.625,8
3546,9ac6fbfe-8861-11f1-b312-b48c9db4e1b4,3,"[1, 1, 0, 1, 0, 1, 1, 1]",2,0,0,,0.625,8
3547,9ac6fbfe-8861-11f1-b312-b48c9db4e1b4,3,"[1, 1, 0, 1, 0, 1, 1, 1]",3,1,-1,,0.625,8
3548,9ac6fbfe-8861-11f1-b312-b48c9db4e1b4,3,"[1, 1, 0, 1, 0, 1, 1, 1]",4,0,0,,0.625,8
3549,9ac6fbfe-8861-11f1-b312-b48c9db4e1b4,3,"[1, 1, 0, 1, 0, 1, 1, 1]",5,1,-1,,0.625,8
3550,9ac6fbfe-8861-11f1-b312-b48c9db4e1b4,3,"[1, 1, 0, 1, 0, 1, 1, 1]",6,1,-1,,0.625,8
3551,9ac6fbfe-8861-11f1-b312-b48c9db4e1b4,3,"[1, 1, 0, 1, 0, 1, 1, 1]",7,1,-1,,0.625,8
3552,9ac6fbfe-8861-11f1-b312-b48c9db4e1b4,4,"[1, 1, 1, 0, 0, 0, 1, 0]",0,1,1,,0.625,8
3553,9ac6fbfe-8861-11f1-b312-b48c9db4e1b4,4,"[1, 1, 1, 0, 0, 0, 1, 0]",1,1,1,,0.625,8
3554,9ac6fbfe-8861-11f1-b312-b48c9db4e1b4,4,"[1, 1, 1, 0, 0, 0, 1, 0]",2,1,1,,0.625,8
3555,9ac6fbfe-8861-11f1-b312-b48c9db4e1b4,4,"[1, 1, 1, 0, 0, 0, 1, 0]",3,0,0,,0.625,8
3556,9ac6fbfe-8861-11f1-b312-b48c9db4e1b4,4,"[1, 1, 1, 0, 0, 0, 1, 0]",4,0,0,,0.625,8
3557,9ac6fbfe-8861-11f1-b312-b48c9db4e1b4,4,"[1, 1, 1, 0, 0, 0, 1, 0]",5,0,0,,0.625,8
3558,9ac6fbfe-8861-11f1-b312-b48c9db4e1b4,4,"[1, 1, 1, 0, 0, 0, 1, 0]",6,1,1,,0.625,8
3559,9ac6fbfe-8861-11f1-b312-b48c9db4e1b4,4,"[1, 1, 1, 0, 0, 0, 1, 0]",7,0,0,,0.625,8
3560,9ac6fbfe-8861-11f1-b312-b48c9db4e1b4,5,"[0, 0, 0, 0, 0, 1, 1, 1]",0,0,0,,0.625,8
3561,9ac6fbfe-8861-11f1-b312-b48c9db4e1b4,5,"[0, 0, 0, 0, 0, 1, 1, 1]",1,0,0,,0.625,8
3562,9ac6fbfe-8861-11f1-b312-b48c9db4e1b4,5,"[0, 0, 0, 0, 0, 1, 1, 1]",2,0,0,,0.625,8
3563,9ac6fbfe-8861-11f1-b312-b48c9db4e1b4,5,"[0, 0, 0, 0, 0, 1, 1, 1]",3,0,0,,0.625,8
3564,9ac6fbfe-8861-11f1-b312-b48c9db4e1b4,5,"[0, 0, 0, 0, 0, 1, 1, 1]",4,0,0,,0.625,8
3565,9ac6fbfe-8861-11f1-b312-b48c9db4e1b4,5,"[0, 0, 0, 0, 0, 1, 1, 1]",5,1,1,,0.625,8
3566,9ac6fbfe-8861-11f1-b312-b48c9db4e1b4,5,"[0, 0, 0, 0, 0, 1, 1, 1]",6,1,1,,0.625,8
3567,9ac6fbfe-8861-11f1-b312-b48c9db4e1b4,5,"[0, 0, 0, 0, 0, 1, 1, 1]",7,1,1,,0.625,8
3568,9ac6fbfe-8861-11f1-b312-b48c9db4e1b4,6,"[0, 0, 0, 0, 1, 1, 1, 1]",0,0,0,,0.625,8
3569,9ac6fbfe-8861-11f1-b312-b48c9db4e1b4,6,"[0, 0, 0, 0, 1, 1, 1, 1]",1,0,0,,0.625,8
3570,9ac6fbfe-8861-11f1-b312-b48c9db4e1b4,6,"[0, 0, 0, 0, 1, 1, 1, 1]",2,0,0,,0.625,8
3571,9ac6fbfe-8861-11f1-b312-b48c9db4e1b4,6,"[0, 0, 0, 0, 1, 1, 1, 1]",3,0,0,,0.625,8
3572,9ac6fbfe-8861-11f1-b312-b48c9db4e1b4,6,"[0, 0, 0, 0, 1, 1, 1, 1]",4,1,1,,0.625,8
3573,9ac6fbfe-8861-11f1-b312-b48c9db4e1b4,6,"[0, 0, 0, 0, 1, 1, 1, 1]",5,1,1,,0.625,8
3574,9ac6fbfe-8861-11f1-b312-b48c9db4e1b4,6,"[0, 0, 0, 0, 1, 1, 1, 1]",6,1,1,,0.625,8
3575,9ac6fbfe-8861-11f1-b312-b48c9db4e1b4,6,"[0, 0, 0, 0, 1, 1, 1, 1]",7,1,1,,0.625,8
3576,9ac6fbfe-8861-11f1-b312-b48c9db4e1b4,7,"[0, 1, 0, 1, 1, 0, 0, 1]",0,0,0,,0.625,8
3577,9ac6fbfe-8861-11f1-b312-b48c9db4e1b4,7,"[0, 1, 0, 1, 1, 0, 0, 1]",1,1,1,,0.625,8
3578,9ac6fbfe-8861-11f1-b312-b48c9db4e1b4,7,"[0, 1, 0, 1, 1, 0, 0, 1]",2,0,0,,0.625,8
3579,9ac6fbfe-8861-11f1-b312-b48c9db4e1b4,7,"[0, 1, 0, 1, 1, 0, 0, 1]",3,1,1,,0.625,8
3580,9ac6fbfe-8861-11f1-b312-b48c9db4e1b4,7,"[0, 1, 0, 1, 1, 0, 0, 1]",4,1,1,,0.625,8
3581,9ac6fbfe-8861-11f1-b312-b48c9db4e1b4,7,"[0, 1, 0, 1, 1, 0, 0, 1]",5,0,0,,0.625,8
3582,9ac6fbfe-8861-11f1-b312-b48c9db4e1b4,7,"[0, 1, 0, 1, 1, 0, 0, 1]",6,0,0,,0.625,8
3583,9ac6fbfe-8861-11f1-b312-b48c9db4e1b4,7,"[0, 1, 0, 1, 1, 0, 0, 1]",7,1,1,,0.625,8
3584,9ac6fbfe-8861-11f1-b312-b48c9db4e1b4,8,"[0, 1, 1, 0, 0, 0, 0, 1]",0,0,0,,0.625,8
3585,9ac6fbfe-8861-11f1-b312-b48c9db4e1b4,8,"[0, 1, 1, 0, 0, 0, 0, 1]",1,1,1,,0.625,8
3586,9ac6fbfe-8861-11f1-b312-b48c9db4e1b4,8,"[0, 1, 1, 0, 0, 0, 0, 1]",2,1,1,,0.625,8
3587,9ac6fbfe-8861-11f1-b312-b48c9db4e1b4,8,"[0, 1, 1, 0, 0, 0, 0, 1]",3,0,0,,0.625,8
3588,9ac6fbfe-8861-11f1-b312-b48c9db4e1b4,8,"[0, 1, 1, 0, 0, 0, 0, 1]",4,0,0,,0.625,8
3589,9ac6fbfe-8861-11f1-b312-b48c9db4e1b4,8,"[0, 1, 1, 0, 0, 0, 0, 1]",5,0,0,,0.625,8
3590,9ac6fbfe-8861-11f1-b312-b48c9db4e1b4,8,"[0, 1, 1, 0, 0, 0, 0, 1]",6,0,0,,0.625,8
3591,9ac6fbfe-8861-11f1-b312-b48c9db4e1b4,8,"[0, 1, 1, 0, 0, 0, 0, 1]",7,1,1,,0.625,8
3592,9ac6fbfe-8861-11f1-b312-b48c9db4e1b4,9,"[1, 1, 1, 1, 0, 0, 1, 0]",0,1,1,,0.625,8
3593,9ac6fbfe-8861-11f1-b312-b48c9db4e1b4,9,"[1, 1, 1, 1, 0, 0, 1, 0]",1,1,1,,0.625,8
3594,9ac6fbfe-8861-11f1-b312-b48c9db4e1b4,9,"[1, 1, 1, 1, 0, 0, 1, 0]",2,1,1,,0.625,8
3595,9ac6fbfe-8861-11f1-b312-b48c9db4e1b4,9,"[1, 1, 1, 1, 0, 0, 1, 0]",3,1,1,,0.625,8
3596,9ac6fbfe-8861-11f1-b312-b48c9db4e1b4,9,"[1, 1, 1, 1, 0, 0, 1, 0]",4,0,0,,0.625,8
3597,9ac6fbfe-8861-11f1-b312-b48c9db4e1b4,9,"[1, 1, 1, 1, 0, 0, 1, 0]",5,0,0,,0.625,8
3598,9ac6fbfe-8861-11f1-b312-b48c9db4e1b4,9,"[1, 1, 1, 1, 0, 0, 1, 0]",6,1,1,,0.625,8
3599,9ac6fbfe-8861-11f1-b312-b48c9db4e1b4,9,"[1, 1, 1, 1, 0, 0, 1, 0]",7,0,0,,0.625,8
3600,9ac6fbfe-8861-11f1-b312-b48c9db4e1b4,10,"[0, 1, 0, 0, 1, 1, 1, 1]",0,0,0,,0.625,8
3601,9ac6fbfe-8861-11f1-b312-b48c9db4e1b4,10,"[0, 1, 0, 0, 1, 1, 1, 1]",1,1,1,,0.625,8
3602,9ac6fbfe-8861-11f1-b312-b48c9db4e1b4,10,"[0, 1, 0, 0, 1, 1, 1, 1]",2,0,0,,0.625,8
3603,9ac6fbfe-8861-11f1-b312-b48c9db4e1b4,10,"[0, 1, 0, 0, 1, 1, 1, 1]",3,0,0,,0.625,8
3604,9ac6fbfe-8861-11f1-b312-b48c9db4e1b4,10,"[0, 1, 0, 0, 1, 1, 1, 1]",4,1,1,,0.625,8
3605,9ac6fbfe-8861-11f1-b312-b48c9db4e1b4,10,"[0, 1, 0, 0, 1, 1, 1, 1]",5,1,1,,0.625,8
3606,9ac6fbfe-8861-11f1-b312-b48c9db4e1b4,10,"[0, 1, 0, 0, 1, 1, 1, 1]",6,1,1,,0.625,8
3607,9ac6fbfe-8861-11f1-b312-b48c9db4e1b4,10,"[0, 1, 0, 0, 1, 1, 1, 1]",7,1,1,,0.625,8
3608,9ac6fbfe-8861-11f1-b312-b48c9db4e1b4,11,"[1, 1, 1, 1, 1, 0, 1, 1]",0,1,-1,,0.625,8
3609,9ac6fbfe-8861-11f1-b312-b48c9db4e1b4,11,"[1, 1, 1, 1, 1, 0, 1, 1]",1,1,-1,,0.625,8
3610,9ac6fbfe-8861-11f1-b312-b48c9db4e1b4,11,"[1, 1, 1, 1, 1, 0, 1, 1]",2,1,-1,,0.625,8
3611,9ac6fbfe-8861-11f1-b312-b48c9db4e1b4,11,"[1, 1, 1, 1, 1, 0, 1, 1]",3,1,-1,,0.625,8
3612,9ac6fbfe-8861-11f1-b312-b48c9db4e1b4,11,"[1, 1, 1, 1, 1, 0, 1, 1]",4,1,-1,,0.625,8
3613,9ac6fbfe-8861-11f1-b312-b48c9db4e1b4,11,"[1, 1, 1, 1, 1, 0, 1, 1]",5,0,0,,0.625,8
3614,9ac6fbfe-8861-11f1-b312-b48c9db4e1b4,11,"[1, 1, 1, 1, 1, 0, 1, 1]",6,1,-1,,0.625,8
3615,9ac6fbfe-8861-11f1-b312-b48c9db4e1b4,11,"[1, 1, 1, 1, 1, 0, 1, 1]",7,1,-1,,0.625,8
3616,9ac6fbfe-8861-11f1-b312-b48c9db4e1b4,12,"[0, 1, 0, 0, 0, 0, 1, 1]",0,0,0,,0.625,8
3617,9ac6fbfe-8861-11f1-b312-b48c9db4e1b4,12,"[0, 1, 0, 0, 0, 0, 1, 1]",1,1,1,,0.625,8
3618,9ac6fbfe-8861-11f1-b312-b48c9db4e1b4,12,"[0, 1, 0, 0, 0, 0, 1, 1]",2,0,0,,0.625,8
3619,9ac6fbfe-8861-11f1-b312-b48c9db4e1b4,12,"[0, 1, 0, 0, 0, 0, 1, 1]",3,0,0,,0.625,8
3620,9ac6fbfe-8861-11f1-b312-b48c9db4e1b4,12,"[0, 1, 0, 0, 0, 0, 1, 1]",4,0,0,,0.625,8
3621,9ac6fbfe-8861-11f1-b312-b48c9db4e1b4,12,"[0, 1, 0, 0, 0, 0, 1, 1]",5,0,0,,0.625,8
3622,9ac6fbfe-8861-11f1-b312-b48c9db4e1b4,12,"[0, 1, 0, 0, 0, 0, 1, 1]",6,1,1,,0.625,8
3623,9ac6fbfe-8861-11f1-b312-b48c9db4e1b4,12,"[0, 1, 0, 0, 0, 0, 1, 1]",7,1,1,,0.625,8
3624,9ac6fbfe-8861-11f1-b312-b48c9db4e1b4,13,"[1, 0, 1, 0, 0, 0, 0, 1]",0,1,1,,0.625,8
3625,9ac6fbfe-8861-11f1-b312-b48c9db4e1b4,13,"[1, 0, 1, 0, 0, 0, 0, 1]",1,0,0,,0.625,8
3626,9ac6fbfe-8861-11f1-b312-b48c9db4e1b4,13,"[1, 0, 1, 0, 0, 0, 0, 1]",2,1,1,,0.625,8
3627,9ac6fbfe-8861-11f1-b312-b48c9db4e1b4,13,"[1, 0, 1, 0, 0, 0, 0, 1]",3,0,0,,0.625,8
3628,9ac6fbfe-8861-11f1-b312-b48c9db4e1b4,13,"[1, 0, 1, 0, 0, 0, 0, 1]",4,0,0,,0.625,8
3629,9ac6fbfe-8861-11f1-b312-b48c9db4e1b4,13,"[1, 0, 1, 0, 0, 0, 0, 1]",5,0,0,,0.625,8
3630,9ac6fbfe-8861-11f1-b312-b48c9db4e1b4,13,"[1, 0, 1, 0, 0, 0, 0, 1]",6,0,0,,0.625,8
3631,9ac6fbfe-8861-11f1-b312-b48c9db4e1b4,13,"[1, 0, 1, 0, 0, 0, 0, 1]",7,1,1,,0.625,8
3632,9ac6fbfe-8861-11f1-b312-b48c9db4e1b4,14,"[0, 0, 0, 0, 0, 0, 0, 0]",0,0,0,,0.625,8
3633,9ac6fbfe-8861-11f1-b312-b48c9db4e1b4,14,"[0, 0, 0, 0, 0, 0, 0, 0]",1,0,0,,0.625,8
3634,9ac6fbfe-8861-11f1-b312-b48c9db4e1b4,14,"[0, 0, 0, 0, 0, 0, 0, 0]",2,0,0,,0.625,8
3635,9ac6fbfe-8861-11f1-b312-b48c9db4e1b4,14,"[0, 0, 0, 0, 0, 0, 0, 0]",3,0,0,,0.625,8
3636,9ac6fbfe-8861-11f1-b312-b48c9db4e1b4,14,"[0, 0, 0, 0, 0, 0, 0, 0]",4,0,0,,0.625,8
3637,9ac6fbfe-8861-11f1-b312-b48c9db4e1b4,14,"[0, 0, 0, 0, 0, 0, 0, 0]",5,0,0,,0.625,8
3638,9ac6fbfe-8861-11f1-b312-b48c9db4e1b4,14,"[0, 0, 0, 0, 0, 0, 0, 0]",6,0,0,,0.625,8
3639,9ac6fbfe-8861-11f1-b312-b48c9db4e1b4,14,"[0, 0, 0, 0, 0, 0, 0, 0]",7,0,0,,0.625,8
3640,9ac6fbfe-8861-11f1-b312-b48c9db4e1b4,15,"[1, 1, 0, 0, 1, 1, 1, 1]",0,1,-1,,0.625,8
3641,9ac6fbfe-8861-11f1-b312-b48c9db4e1b4,15,"[1, 1, 0, 0, 1, 1, 1, 1]",1,1,-1,,0.625,8
3642,9ac6fbfe-8861-11f1-b312-b48c9db4e1b4,15,"[1, 1, 0, 0, 1, 1, 1, 1]",2,0,0,,0.625,8
3643,9ac6fbfe-8861-11f1-b312-b48c9db4e1b4,15,"[1, 1, 0, 0, 1, 1, 1, 1]",3,0,0,,0.625,8
3644,9ac6fbfe-8861-11f1-b312-b48c9db4e1b4,15,"[1, 1, 0, 0, 1, 1, 1, 1]",4,1,-1,,0.625,8
3645,9ac6fbfe-8861-11f1-b312-b48c9db4e1b4,15,"[1, 1, 0, 0, 1, 1, 1, 1]",5,1,-1,,0.625,8
3646,9ac6fbfe-8861-11f1-b312-b48c9db4e1b4,15,"[1, 1, 0, 0, 1, 1, 1, 1]",6,1,-1,,0.625,8
3647,9ac6fbfe-8861-11f1-b312-b48c9db4e1b4,15,"[1, 1, 0, 0, 1, 1, 1, 1]",7,1,-1,,0.625,8
3648,9ac6fbfe-8861-11f1-b312-b48c9db4e1b4,16,"[0, 0, 0, 1, 1, 1, 0, 0]",0,0,0,,0.625,8
3649,9ac6fbfe-8861-11f1-b312-b48c9db4e1b4,16,"[0, 0, 0, 1, 1, 1, 0, 0]",1,0,0,,0.625,8
3650,9ac6fbfe-8861-11f1-b312-b48c9db4e1b4,16,"[0, 0, 0, 1, 1, 1, 0, 0]",2,0,0,,0.625,8
3651,9ac6fbfe-8861-11f1-b312-b48c9db4e1b4,16,"[0, 0, 0, 1, 1, 1, 0, 0]",3,1,1,,0.625,8
3652,9ac6fbfe-8861-11f1-b312-b48c9db4e1b4,16,"[0, 0, 0, 1, 1, 1, 0, 0]",4,1,1,,0.625,8
3653,9ac6fbfe-8861-11f1-b312-b48c9db4e1b4,16,"[0, 0, 0, 1, 1, 1, 0, 0]",5,1,1,,0.625,8
3654,9ac6fbfe-8861-11f1-b312-b48c9db4e1b4,16,"[0, 0, 0, 1, 1, 1, 0, 0]",6,0,0,,0.625,8
3655,9ac6fbfe-8861-11f1-b312-b48c9db4e1b4,16,"[0, 0, 0, 1, 1, 1, 0, 0]",7,0,0,,0.625,8
3656,9ac6fbfe-8861-11f1-b312-b48c9db4e1b4,17,"[1, 1, 0, 0, 0, 1, 0, 0]",0,1,1,,0.625,8
3657,9ac6fbfe-8861-11f1-b312-b48c9db4e1b4,17,"[1, 1, 0, 0, 0, 1, 0, 0]",1,1,1,,0.625,8
3658,9ac6fbfe-8861-11f1-b312-b48c9db4e1b4,17,"[1, 1, 0, 0, 0, 1, 0, 0]",2,0,0,,0.625,8
3659,9ac6fbfe-8861-11f1-b312-b48c9db4e1b4,17,"[1, 1, 0, 0, 0, 1, 0, 0]",3,0,0,,0.625,8
3660,9ac6fbfe-8861-11f1-b312-b48c9db4e1b4,17,"[1, 1, 0, 0, 0, 1, 0, 0]",4,0,0,,0.625,8
3661,9ac6fbfe-8861-11f1-b312-b48c9db4e1b4,17,"[1, 1, 0, 0, 0, 1, 0, 0]",5,1,1,,0.625,8
3662,9ac6fbfe-8861-11f1-b312-b48c9db4e1b4,17,"[1, 1, 0, 0, 0, 1, 0, 0]",6,0,0,,0.625,8
3663,9ac6fbfe-8861-11f1-b312-b48c9db4e1b4,17,"[1, 1, 0, 0, 0, 1, 0, 0]",7,0,0,,0.625,8
3664,9ac6fbfe-8861-11f1-b312-b48c9db4e1b4,18,"[1, 1, 0, 1, 0, 0, 1, 1]",0,1,1,,0.625,8
3665,9ac6fbfe-8861-11f1-b312-b48c9db4e1b4,18,"[1, 1, 0, 1, 0, 0, 1, 1]",1,1,1,,0.625,8
3666,9ac6fbfe-8861-11f1-b312-b48c9db4e1b4,18,"[1, 1, 0, 1, 0, 0, 1, 1]",2,0,0,,0.625,8
3667,9ac6fbfe-8861-11f1-b312-b48c9db4e1b4,18,"[1, 1, 0, 1, 0, 0, 1, 1]",3,1,1,,0.625,8
3668,9ac6fbfe-8861-11f1-b312-b48c9db4e1b4,18,"[1, 1, 0, 1, 0, 0, 1, 1]",4,0,0,,0.625,8
3669,9ac6fbfe-8861-11f1-b312-b48c9db4e1b4,18,"[1, 1, 0, 1, 0, 0, 1, 1]",5,0,0,,0.625,8
3670,9ac6fbfe-8861-11f1-b312-b48c9db4e1b4,18,"[1, 1, 0, 1, 0, 0, 1, 1]",6,1,1,,0.625,8
3671,9ac6fbfe-8861-11f1-b312-b48c9db4e1b4,18,"[1, 1, 0, 1, 0, 0, 1, 1]",7,1,1,,0.625,8
3672,9ac6fbfe-8861-11f1-b312-b48c9db4e1b4,19,"[1, 1, 1, 0, 0, 0, 0, 0]",0,1,1,,0.625,8
3673,9ac6fbfe-8861-11f1-b312-b48c9db4e1b4,19,"[1, 1, 1, 0, 0, 0, 0, 0]",1,1,1,,0.625,8
3674,9ac6fbfe-8861-11f1-b312-b48c9db4e1b4,19,"[1, 1, 1, 0, 0, 0, 0, 0]",2,1,1,,0.625,8
3675,9ac6fbfe-8861-11f1-b312-b48c9db4e1b4,19,"[1, 1, 1, 0, 0, 0, 0, 0]",3,0,0,,0.625,8
3676,9ac6fbfe-8861-11f1-b312-b48c9db4e1b4,19,"[1, 1, 1, 0, 0, 0, 0, 0]",4,0,0,,0.625,8
3677,9ac6fbfe-8861-11f1-b312-b48c9db4e1b4,19,"[1, 1, 1, 0, 0, 0, 0, 0]",5,0,0,,0.625,8
3678,9ac6fbfe-8861-11f1-b312-b48c9db4e1b4,19,"[1, 1, 1, 0, 0, 0, 0, 0]",6,0,0,,0.625,8
3679,9ac6fbfe-8861-11f1-b312-b48c9db4e1b4,19,"[1, 1, 1, 0, 0, 0, 0, 0]",7,0,0,,0.625,8
3680,9ac9e727-8861-11f1-b82f-b48c9db4e1b4,0,"[0, 0, 0, 0, 1, 1, 1, 0]",0,0,0,,0.625,8
3681,9ac9e727-8861-11f1-b82f-b48c9db4e1b4,0,"[0, 0, 0, 0, 1, 1, 1, 0]",1,0,0,,0.625,8
3682,9ac9e727-8861-11f1-b82f-b48c9db4e1b4,0,"[0, 0, 0, 0, 1, 1, 1, 0]",2,0,0,,0.625,8
3683,9ac9e727-8861-11f1-b82f-b48c9db4e1b4,0,"[0, 0, 0, 0, 1, 1, 1, 0]",3,0,0,,0.625,8
3684,9ac9e727-8861-11f1-b82f-b48c9db4e1b4,0,"[0, 0, 0, 0, 1, 1, 1, 0]",4,1,1,,0.625,8
3685,9ac9e727-8861-11f1-b82f-b48c9db4e1b4,0,"[0, 0, 0, 0, 1, 1, 1, 0]",5,1,1,,0.625,8
3686,9ac9e727-8861-11f1-b82f-b48c9db4e1b4,0,"[0, 0, 0, 0, 1, 1, 1, 0]",6,1,1,,0.625,8
3687,9ac9e727-8861-11f1-b82f-b48c9db4e1b4,0,"[0, 0, 0, 0, 1, 1, 1, 0]",7,0,0,,0.625,8
3688,9ac9e727-8861-11f1-b82f-b48c9db4e1b4,1,"[0, 0, 0, 1, 1, 0, 1, 0]",0,0,0,,0.625,8
3689,9ac9e727-8861-11f1-b82f-b48c9db4e1b4,1,"[0, 0, 0, 1, 1, 0, 1, 0]",1,0,0,,0.625,8
3690,9ac9e727-8861-11f1-b82f-b48c9db4e1b4,1,"[0, 0, 0, 1, 1, 0, 1, 0]",2,0,0,,0.625,8
3691,9ac9e727-8861-11f1-b82f-b48c9db4e1b4,1,"[0, 0, 0, 1, 1, 0, 1, 0]",3,1,1,,0.625,8
3692,9ac9e727-8861-11f1-b82f-b48c9db4e1b4,1,"[0, 0, 0, 1, 1, 0, 1, 0]",4,1,1,,0.625,8
3693,9ac9e727-8861-11f1-b82f-b48c9db4e1b4,1,"[0, 0, 0, 1, 1, 0, 1, 0]",5,0,0,,0.625,8
3694,9ac9e727-8861-11f1-b82f-b48c9db4e1b4,1,"[0, 0, 0, 1, 1, 0, 1, 0]",6,1,1,,0.625,8
3695,9ac9e727-8861-11f1-b82f-b48c9db4e1b4,1,"[0, 0, 0, 1, 1, 0, 1, 0]",7,0,0,,0.625,8
3696,9ac9e727-8861-11f1-b82f-b48c9db4e1b4,2,"[0, 1, 0, 1, 1, 0, 1, 0]",0,0,0,,0.625,8
3697,9ac9e727-8861-11f1-b82f-b48c9db4e1b4,2,"[0, 1, 0, 1, 1, 0, 1, 0]",1,1,1,,0.625,8
3698,9ac9e727-8861-11f1-b82f-b48c9db4e1b4,2,"[0, 1, 0, 1, 1, 0, 1, 0]",2,0,0,,0.625,8
3699,9ac9e727-8861-11f1-b82f-b48c9db4e1b4,2,"[0, 1, 0, 1, 1, 0, 1, 0]",3,1,1,,0.625,8
3700,9ac9e727-8861-11f1-b82f-b48c9db4e1b4,2,"[0, 1, 0, 1, 1, 0, 1, 0]",4,1,1,,0.625,8
3701,9ac9e727-8861-11f1-b82f-b48c9db4e1b4,2,"[0, 1, 0, 1, 1, 0, 1, 0]",5,0,0,,0.625,8
3702,9ac9e727-8861-11f1-b82f-b48c9db4e1b4,2,"[0, 1, 0, 1, 1, 0, 1, 0]",6,1,1,,0.625,8
3703,9ac9e727-8861-11f1-b82f-b48c9db4e1b4,2,"[0, 1, 0, 1, 1, 0, 1, 0]",7,0,0,,0.625,8
3704,9ac9e727-8861-11f1-b82f-b48c9db4e1b4,3,"[0, 0, 1, 0, 1, 1, 0, 0]",0,0,0,,0.625,8
3705,9ac9e727-8861-11f1-b82f-b48c9db4e1b4,3,"[0, 0, 1, 0, 1, 1, 0, 0]",1,0,0,,0.625,8
3706,9ac9e727-8861-11f1-b82f-b48c9db4e1b4,3,"[0, 0, 1, 0, 1, 1, 0, 0]",2,1,1,,0.625,8
3707,9ac9e727-8861-11f1-b82f-b48c9db4e1b4,3,"[0, 0, 1, 0, 1, 1, 0, 0]",3,0,0,,0.625,8
3708,9ac9e727-8861-11f1-b82f-b48c9db4e1b4,3,"[0, 0, 1, 0, 1, 1, 0, 0]",4,1,1,,0.625,8
3709,9ac9e727-8861-11f1-b82f-b48c9db4e1b4,3,"[0, 0, 1, 0, 1, 1, 0, 0]",5,1,1,,0.625,8
3710,9ac9e727-8861-11f1-b82f-b48c9db4e1b4,3,"[0, 0, 1, 0, 1, 1, 0, 0]",6,0,0,,0.625,8
3711,9ac9e727-8861-11f1-b82f-b48c9db4e1b4,3,"[0, 0, 1, 0, 1, 1, 0, 0]",7,0,0,,0.625,8
3712,9ac9e727-8861-11f1-b82f-b48c9db4e1b4,4,"[0, 1, 1, 1, 0, 1, 0, 1]",0,0,0,,0.625,8
3713,9ac9e727-8861-11f1-b82f-b48c9db4e1b4,4,"[0, 1, 1, 1, 0, 1, 0, 1]",1,1,1,,0.625,8
3714,9ac9e727-8861-11f1-b82f-b48c9db4e1b4,4,"[0, 1, 1, 1, 0, 1, 0, 1]",2,1,1,,0.625,8
3715,9ac9e727-8861-11f1-b82f-b48c9db4e1b4,4,"[0, 1, 1, 1, 0, 1, 0, 1]",3,1,1,,0.625,8
3716,9ac9e727-8861-11f1-b82f-b48c9db4e1b4,4,"[0, 1, 1, 1, 0, 1, 0, 1]",4,0,0,,0.625,8
3717,9ac9e727-8861-11f1-b82f-b48c9db4e1b4,4,"[0, 1, 1, 1, 0, 1, 0, 1]",5,1,1,,0.625,8
3718,9ac9e727-8861-11f1-b82f-b48c9db4e1b4,4,"[0, 1, 1, 1, 0, 1, 0, 1]",6,0,0,,0.625,8
3719,9ac9e727-8861-11f1-b82f-b48c9db4e1b4,4,"[0, 1, 1, 1, 0, 1, 0, 1]",7,1,1,,0.625,8
3720,9ac9e727-8861-11f1-b82f-b48c9db4e1b4,5,"[1, 0, 1, 1, 0, 0, 1, 1]",0,1,1,,0.625,8
3721,9ac9e727-8861-11f1-b82f-b48c9db4e1b4,5,"[1, 0, 1, 1, 0, 0, 1, 1]",1,0,0,,0.625,8
3722,9ac9e727-8861-11f1-b82f-b48c9db4e1b4,5,"[1, 0, 1, 1, 0, 0, 1, 1]",2,1,1,,0.625,8
3723,9ac9e727-8861-11f1-b82f-b48c9db4e1b4,5,"[1, 0, 1, 1, 0, 0, 1, 1]",3,1,1,,0.625,8
3724,9ac9e727-8861-11f1-b82f-b48c9db4e1b4,5,"[1, 0, 1, 1, 0, 0, 1, 1]",4,0,0,,0.625,8
3725,9ac9e727-8861-11f1-b82f-b48c9db4e1b4,5,"[1, 0, 1, 1, 0, 0, 1, 1]",5,0,0,,0.625,8
3726,9ac9e727-8861-11f1-b82f-b48c9db4e1b4,5,"[1, 0, 1, 1, 0, 0, 1, 1]",6,1,1,,0.625,8
3727,9ac9e727-8861-11f1-b82f-b48c9db4e1b4,5,"[1, 0, 1, 1, 0, 0, 1, 1]",7,1,1,,0.625,8
3728,9ac9e727-8861-11f1-b82f-b48c9db4e1b4,6,"[1, 1, 0, 1, 1, 1, 1, 0]",0,1,-1,,0.625,8
3729,9ac9e727-8861-11f1-b82f-b48c9db4e1b4,6,"[1, 1, 0, 1, 1, 1, 1, 0]",1,1,-1,,0.625,8
3730,9ac9e727-8861-11f1-b82f-b48c9db4e1b4,6,"[1, 1, 0, 1, 1, 1, 1, 0]",2,0,0,,0.625,8
3731,9ac9e727-8861-11f1-b82f-b48c9db4e1b4,6,"[1, 1, 0, 1, 1, 1, 1, 0]",3,1,-1,,0.625,8
3732,9ac9e727-8861-11f1-b82f-b48c9db4e1b4,6,"[1, 1, 0, 1, 1, 1, 1, 0]",4,1,-1,,0.625,8
3733,9ac9e727-8861-11f1-b82f-b48c9db4e1b4,6,"[1, 1, 0, 1, 1, 1, 1, 0]",5,1,-1,,0.625,8
3734,9ac9e727-8861-11f1-b82f-b48c9db4e1b4,6,"[1, 1, 0, 1, 1, 1, 1, 0]",6,1,-1,,0.625,8
3735,9ac9e727-8861-11f1-b82f-b48c9db4e1b4,6,"[1, 1, 0, 1, 1, 1, 1, 0]",7,0,0,,0.625,8
3736,9ac9e727-8861-11f1-b82f-b48c9db4e1b4,7,"[0, 1, 0, 0, 1, 1, 1, 1]",0,0,0,,0.625,8
3737,9ac9e727-8861-11f1-b82f-b48c9db4e1b4,7,"[0, 1, 0, 0, 1, 1, 1, 1]",1,1,1,,0.625,8
3738,9ac9e727-8861-11f1-b82f-b48c9db4e1b4,7,"[0, 1, 0, 0, 1, 1, 1, 1]",2,0,0,,0.625,8
3739,9ac9e727-8861-11f1-b82f-b48c9db4e1b4,7,"[0, 1, 0, 0, 1, 1, 1, 1]",3,0,0,,0.625,8
3740,9ac9e727-8861-11f1-b82f-b48c9db4e1b4,7,"[0, 1, 0, 0, 1, 1, 1, 1]",4,1,1,,0.625,8
3741,9ac9e727-8861-11f1-b82f-b48c9db4e1b4,7,"[0, 1, 0, 0, 1, 1, 1, 1]",5,1,1,,0.625,8
3742,9ac9e727-8861-11f1-b82f-b48c9db4e1b4,7,"[0, 1, 0, 0, 1, 1, 1, 1]",6,1,1,,0.625,8
3743,9ac9e727-8861-11f1-b82f-b48c9db4e1b4,7,"[0, 1, 0, 0, 1, 1, 1, 1]",7,1,1,,0.625,8
3744,9ac9e727-8861-11f1-b82f-b48c9db4e1b4,8,"[0, 1, 1, 0, 1, 0, 1, 1]",0,0,0,,0.625,8
3745,9ac9e727-8861-11f1-b82f-b48c9db4e1b4,8,"[0, 1, 1, 0, 1, 0, 1, 1]",1,1,1,,0.625,8
3746,9ac9e727-8861-11f1-b82f-b48c9db4e1b4,8,"[0, 1, 1, 0, 1, 0, 1, 1]",2,1,1,,0.625,8
3747,9ac9e727-8861-11f1-b82f-b48c9db4e1b4,8,"[0, 1, 1, 0, 1, 0, 1, 1]",3,0,0,,0.625,8
3748,9ac9e727-8861-11f1-b82f-b48c9db4e1b4,8,"[0, 1, 1, 0, 1, 0, 1, 1]",4,1,1,,0.625,8
3749,9ac9e727-8861-11f1-b82f-b48c9db4e1b4,8,"[0, 1, 1, 0, 1, 0, 1, 1]",5,0,0,,0.625,8
3750,9ac9e727-8861-11f1-b82f-b48c9db4e1b4,8,"[0, 1, 1, 0, 1, 0, 1, 1]",6,1,1,,0.625,8
3751,9ac9e727-8861-11f1-b82f-b48c9db4e1b4,8,"[0, 1, 1, 0, 1, 0, 1, 1]",7,1,1,,0.625,8
3752,9ac9e727-8861-11f1-b82f-b48c9db4e1b4,9,"[0, 1, 1, 0, 1, 0, 0, 0]",0,0,0,,0.625,8
3753,9ac9e727-8861-11f1-b82f-b48c9db4e1b4,9,"[0, 1, 1, 0, 1, 0, 0, 0]",1,1,1,,0.625,8
3754,9ac9e727-8861-11f1-b82f-b48c9db4e1b4,9,"[0, 1, 1, 0, 1, 0, 0, 0]",2,1,1,,0.625,8
3755,9ac9e727-8861-11f1-b82f-b48c9db4e1b4,9,"[0, 1, 1, 0, 1, 0, 0, 0]",3,0,0,,0.625,8
3756,9ac9e727-8861-11f1-b82f-b48c9db4e1b4,9,"[0, 1, 1, 0, 1, 0, 0, 0]",4,1,1,,0.625,8
3757,9ac9e727-8861-11f1-b82f-b48c9db4e1b4,9,"[0, 1, 1, 0, 1, 0, 0, 0]",5,0,0,,0.625,8
3758,9ac9e727-8861-11f1-b82f-b48c9db4e1b4,9,"[0, 1, 1, 0, 1, 0, 0, 0]",6,0,0,,0.625,8
3759,9ac9e727-8861-11f1-b82f-b48c9db4e1b4,9,"[0, 1, 1, 0, 1, 0, 0, 0]",7,0,0,,0.625,8
3760,9ac9e727-8861-11f1-b82f-b48c9db4e1b4,10,"[1, 1, 0, 1, 0, 0, 1, 1]",0,1,1,,0.625,8
3761,9ac9e727-8861-11f1-b82f-b48c9db4e1b4,10,"[1, 1, 0, 1, 0, 0, 1, 1]",1,1,1,,0.625,8
3762,9ac9e727-8861-11f1-b82f-b48c9db4e1b4,10,"[1, 1, 0, 1, 0, 0, 1, 1]",2,0,0,,0.625,8
3763,9ac9e727-8861-11f1-b82f-b48c9db4e1b4,10,"[1, 1, 0, 1, 0, 0, 1, 1]",3,1,1,,0.625,8
3764,9ac9e727-8861-11f1-b82f-b48c9db4e1b4,10,"[1, 1, 0, 1, 0, 0, 1, 1]",4,0,0,,0.625,8
3765,9ac9e727-8861-11f1-b82f-b48c9db4e1b4,10,"[1, 1, 0, 1, 0, 0, 1, 1]",5,0,0,,0.625,8
3766,9ac9e727-8861-11f1-b82f-b48c9db4e1b4,10,"[1, 1, 0, 1, 0, 0, 1, 1]",6,1,1,,0.625,8
3767,9ac9e727-8861-11f1-b82f-b48c9db4e1b4,10,"[1, 1, 0, 1, 0, 0, 1, 1]",7,1,1,,0.625,8
3768,9ac9e727-8861-11f1-b82f-b48c9db4e1b4,11,"[1, 1, 1, 0, 0, 1, 1, 1]",0,1,-1,,0.625,8
3769,9ac9e727-8861-11f1-b82f-b48c9db4e1b4,11,"[1, 1, 1, 0, 0, 1, 1, 1]",1,1,-1,,0.625,8
3770,9ac9e727-8861-11f1-b82f-b48c9db4e1b4,11,"[1, 1, 1, 0, 0, 1, 1, 1]",2,1,-1,,0.625,8
3771,9ac9e727-8861-11f1-b82f-b48c9db4e1b4,11,"[1, 1, 1, 0, 0, 1, 1, 1]",3,0,0,,0.625,8
3772,9ac9e727-8861-11f1-b82f-b48c9db4e1b4,11,"[1, 1, 1, 0, 0, 1, 1, 1]",4,0,0,,0.625,8
3773,9ac9e727-8861-11f1-b82f-b48c9db4e1b4,11,"[1, 1, 1, 0, 0, 1, 1, 1]",5,1,-1,,0.625,8
3774,9ac9e727-8861-11f1-b82f-b48c9db4e1b4,11,"[1, 1, 1, 0, 0, 1, 1, 1]",6,1,-1,,0.625,8
3775,9ac9e727-8861-11f1-b82f-b48c9db4e1b4,11,"[1, 1, 1, 0, 0, 1, 1, 1]",7,1,-1,,0.625,8
3776,9ac9e727-8861-11f1-b82f-b48c9db4e1b4,12,"[0, 0, 1, 0, 1, 0, 1, 1]",0,0,0,,0.625,8
3777,9ac9e727-8861-11f1-b82f-b48c9db4e1b4,12,"[0, 0, 1, 0, 1, 0, 1, 1]",1,0,0,,0.625,8
3778,9ac9e727-8861-11f1-b82f-b48c9db4e1b4,12,"[0, 0, 1, 0, 1, 0, 1, 1]",2,1,1,,0.625,8
3779,9ac9e727-8861-11f1-b82f-b48c9db4e1b4,12,"[0, 0, 1, 0, 1, 0, 1, 1]",3,0,0,,0.625,8
3780,9ac9e727-8861-11f1-b82f-b48c9db4e1b4,12,"[0, 0, 1, 0, 1, 0, 1, 1]",4,1,1,,0.625,8
3781,9ac9e727-8861-11f1-b82f-b48c9db4e1b4,12,"[0, 0, 1, 0, 1, 0, 1, 1]",5,0,0,,0.625,8
3782,9ac9e727-8861-11f1-b82f-b48c9db4e1b4,12,"[0, 0, 1, 0, 1, 0, 1, 1]",6,1,1,,0.625,8
3783,9ac9e727-8861-11f1-b82f-b48c9db4e1b4,12,"[0, 0, 1, 0, 1, 0, 1, 1]",7,1,1,,0.625,8
3784,9ac9e727-8861-11f1-b82f-b48c9db4e1b4,13,"[0, 0, 0, 1, 0, 1, 0, 0]",0,0,0,,0.625,8
3785,9ac9e727-8861-11f1-b82f-b48c9db4e1b4,13,"[0, 0, 0, 1, 0, 1, 0, 0]",1,0,0,,0.625,8
3786,9ac9e727-8861-11f1-b82f-b48c9db4e1b4,13,"[0, 0, 0, 1, 0, 1, 0, 0]",2,0,0,,0.625,8
3787,9ac9e727-8861-11f1-b82f-b48c9db4e1b4,13,"[0, 0, 0, 1, 0, 1, 0, 0]",3,1,1,,0.625,8
3788,9ac9e727-8861-11f1-b82f-b48c9db4e1b4,13,"[0, 0, 0, 1, 0, 1, 0, 0]",4,0,0,,0.625,8
3789,9ac9e727-8861-11f1-b82f-b48c9db4e1b4,13,"[0, 0, 0, 1, 0, 1, 0, 0]",5,1,1,,0.625,8
3790,9ac9e727-8861-11f1-b82f-b48c9db4e1b4,13,"[0, 0, 0, 1, 0, 1, 0, 0]",6,0,0,,0.625,8
3791,9ac9e727-8861-11f1-b82f-b48c9db4e1b4,13,"[0, 0, 0, 1, 0, 1, 0, 0]",7,0,0,,0.625,8
3792,9ac9e727-8861-11f1-b82f-b48c9db4e1b4,14,"[0, 0, 0, 0, 0, 1, 0, 0]",0,0,0,,0.625,8
3793,9ac9e727-8861-11f1-b82f-b48c9db4e1b4,14,"[0, 0, 0, 0, 0, 1, 0, 0]",1,0,0,,0.625,8
3794,9ac9e727-8861-11f1-b82f-b48c9db4e1b4,14,"[0, 0, 0, 0, 0, 1, 0, 0]",2,0,0,,0.625,8
3795,9ac9e727-8861-11f1-b82f-b48c9db4e1b4,14,"[0, 0, 0, 0, 0, 1, 0, 0]",3,0,0,,0.625,8
3796,9ac9e727-8861-11f1-b82f-b48c9db4e1b4,14,"[0, 0, 0, 0, 0, 1, 0, 0]",4,0,0,,0.625,8
3797,9ac9e727-8861-11f1-b82f-b48c9db4e1b4,14,"[0, 0, 0, 0, 0, 1, 0, 0]",5,1,1,,0.625,8
3798,9ac9e727-8861-11f1-b82f-b48c9db4e1b4,14,"[0, 0, 0, 0, 0, 1, 0, 0]",6,0,0,,0.625,8
3799,9ac9e727-8861-11f1-b82f-b48c9db4e1b4,14,"[0, 0, 0, 0, 0, 1, 0, 0]",7,0,0,,0.625,8
3800,9ac9e727-8861-11f1-b82f-b48c9db4e1b4,15,"[0, 0, 0, 1, 1, 0, 0, 1]",0,0,0,,0.625,8
3801,9ac9e727-8861-11f1-b82f-b48c9db4e1b4,15,"[0, 0, 0, 1, 1, 0, 0, 1]",1,0,0,,0.625,8
3802,9ac9e727-8861-11f1-b82f-b48c9db4e1b4,15,"[0, 0, 0, 1, 1, 0, 0, 1]",2,0,0,,0.625,8
3803,9ac9e727-8861-11f1-b82f-b48c9db4e1b4,15,"[0, 0, 0, 1, 1, 0, 0, 1]",3,1,1,,0.625,8
3804,9ac9e727-8861-11f1-b82f-b48c9db4e1b4,15,"[0, 0, 0, 1, 1, 0, 0, 1]",4,1,1,,0.625,8
3805,9ac9e727-8861-11f1-b82f-b48c9db4e1b4,15,"[0, 0, 0, 1, 1, 0, 0, 1]",5,0,0,,0.625,8
3806,9ac9e727-8861-11f1-b82f-b48c9db4e1b4,15,"[0, 0, 0, 1, 1, 0, 0, 1]",6,0,0,,0.625,8
3807,9ac9e727-8861-11f1-b82f-b48c9db4e1b4,15,"[0, 0, 0, 1, 1, 0, 0, 1]",7,1,1,,0.625,8
3808,9ac9e727-8861-11f1-b82f-b48c9db4e1b4,16,"[1, 0, 1, 1, 0, 0, 1, 1]",0,1,1,,0.625,8
3809,9ac9e727-8861-11f1-b82f-b48c9db4e1b4,16,"[1, 0, 1, 1, 0, 0, 1, 1]",1,0,0,,0.625,8
3810,9ac9e727-8861-11f1-b82f-b48c9db4e1b4,16,"[1, 0, 1, 1, 0, 0, 1, 1]",2,1,1,,0.625,8
3811,9ac9e727-8861-11f1-b82f-b48c9db4e1b4,16,"[1, 0, 1, 1, 0, 0, 1, 1]",3,1,1,,0.625,8
3812,9ac9e727-8861-11f1-b82f-b48c9db4e1b4,16,"[1, 0, 1, 1, 0, 0, 1, 1]",4,0,0,,0.625,8
3813,9ac9e727-8861-11f1-b82f-b48c9db4e1b4,16,"[1, 0, 1, 1, 0, 0, 1, 1]",5,0,0,,0.625,8
3814,9ac9e727-8861-11f1-b82f-b48c9db4e1b4,16,"[1, 0, 1, 1, 0, 0, 1, 1]",6,1,1,,0.625,8
3815,9ac9e727-8861-11f1-b82f-b48c9db4e1b4,16,"[1, 0, 1, 1, 0, 0, 1, 1]",7,1,1,,0.625,8
3816,9ac9e727-8861-11f1-b82f-b48c9db4e1b4,17,"[1, 0, 1, 1, 1, 1, 0, 0]",0,1,1,,0.625,8
3817,9ac9e727-8861-11f1-b82f-b48c9db4e1b4,17,"[1, 0, 1, 1, 1, 1, 0, 0]",1,0,0,,0.625,8
3818,9ac9e727-8861-11f1-b82f-b48c9db4e1b4,17,"[1, 0, 1, 1, 1, 1, 0, 0]",2,1,1,,0.625,8
3819,9ac9e727-8861-11f1-b82f-b48c9db4e1b4,17,"[1, 0, 1, 1, 1, 1, 0, 0]",3,1,1,,0.625,8
3820,9ac9e727-8861-11f1-b82f-b48c9db4e1b4,17,"[1, 0, 1, 1, 1, 1, 0, 0]",4,1,1,,0.625,8
3821,9ac9e727-8861-11f1-b82f-b48c9db4e1b4,17,"[1, 0, 1, 1, 1, 1, 0, 0]",5,1,1,,0.625,8
3822,9ac9e727-8861-11f1-b82f-b48c9db4e1b4,17,"[1, 0, 1, 1, 1, 1, 0, 0]",6,0,0,,0.625,8
3823,9ac9e727-8861-11f1-b82f-b48c9db4e1b4,17,"[1, 0, 1, 1, 1, 1, 0, 0]",7,0,0,,0.625,8
3824,9ac9e727-8861-11f1-b82f-b48c9db4e1b4,18,"[1, 1, 1, 0, 1, 0, 0, 1]",0,1,1,,0.625,8
3825,9ac9e727-8861-11f1-b82f-b48c9db4e1b4,18,"[1, 1, 1, 0, 1, 0, 0, 1]",1,1,1,,0.625,8
3826,9ac9e727-8861-11f1-b82f-b48c9db4e1b4,18,"[1, 1, 1, 0, 1, 0, 0, 1]",2,1,1,,0.625,8
3827,9ac9e727-8861-11f1-b82f-b48c9db4e1b4,18,"[1, 1, 1, 0, 1, 0, 0, 1]",3,0,0,,0.625,8
3828,9ac9e727-8861-11f1-b82f-b48c9db4e1b4,18,"[1, 1, 1, 0, 1, 0, 0, 1]",4,1,1,,0.625,8
3829,9ac9e727-8861-11f1-b82f-b48c9db4e1b4,18,"[1, 1, 1, 0, 1, 0, 0, 1]",5,0,0,,0.625,8
3830,9ac9e727-8861-11f1-b82f-b48c9db4e1b4,18,"[1, 1, 1, 0, 1, 0, 0, 1]",6,0,0,,0.625,8
3831,9ac9e727-8861-11f1-b82f-b48c9db4e1b4,18,"[1, 1, 1, 0, 1, 0, 0, 1]",7,1,1,,0.625,8
3832,9ac9e727-8861-11f1-b82f-b48c9db4e1b4,19,"[0, 0, 0, 1, 0, 0, 1, 1]",0,0,0,,0.625,8
3833,9ac9e727-8861-11f1-b82f-b48c9db4e1b4,19,"[0, 0, 0, 1, 0, 0, 1, 1]",1,0,0,,0.625,8
3834,9ac9e727-8861-11f1-b82f-b48c9db4e1b4,19,"[0, 0, 0, 1, 0, 0, 1, 1]",2,0,0,,0.625,8
3835,9ac9e727-8861-11f1-b82f-b48c9db4e1b4,19,"[0, 0, 0, 1, 0, 0, 1, 1]",3,1,1,,0.625,8
3836,9ac9e727-8861-11f1-b82f-b48c9db4e1b4,19,"[0, 0, 0, 1, 0, 0, 1, 1]",4,0,0,,0.625,8
3837,9ac9e727-8861-11f1-b82f-b48c9db4e1b4,19,"[0, 0, 0, 1, 0, 0, 1, 1]",5,0,0,,0.625,8
3838,9ac9e727-8861-11f1-b82f-b48c9db4e1b4,19,"[0, 0, 0, 1, 0, 0, 1, 1]",6,1,1,,0.625,8
3839,9ac9e727-8861-11f1-b82f-b48c9db4e1b4,19,"[0, 0, 0, 1, 0, 0, 1, 1]",7,1,1,,0.625,8
3840,9acca986-8861-11f1-850e-b48c9db4e1b4,0,"[0, 0, 1, 1, 0, 0, 1, 0]",0,0,0,,0.625,8
3841,9acca986-8861-11f1-850e-b48c9db4e1b4,0,"[0, 0, 1, 1, 0, 0, 1, 0]",1,0,0,,0.625,8
3842,9acca986-8861-11f1-850e-b48c9db4e1b4,0,"[0, 0, 1, 1, 0, 0, 1, 0]",2,1,1,,0.625,8
3843,9acca986-8861-11f1-850e-b48c9db4e1b4,0,"[0, 0, 1, 1, 0, 0, 1, 0]",3,1,1,,0.625,8
3844,9acca986-8861-11f1-850e-b48c9db4e1b4,0,"[0, 0, 1, 1, 0, 0, 1, 0]",4,0,0,,0.625,8
3845,9acca986-8861-11f1-850e-b48c9db4e1b4,0,"[0, 0, 1, 1, 0, 0, 1, 0]",5,0,0,,0.625,8
3846,9acca986-8861-11f1-850e-b48c9db4e1b4,0,"[0, 0, 1, 1, 0, 0, 1, 0]",6,1,1,,0.625,8
3847,9acca986-8861-11f1-850e-b48c9db4e1b4,0,"[0, 0, 1, 1, 0, 0, 1, 0]",7,0,0,,0.625,8
3848,9acca986-8861-11f1-850e-b48c9db4e1b4,1,"[1, 1, 0, 1, 0, 0, 1, 0]",0,1,1,,0.625,8
3849,9acca986-8861-11f1-850e-b48c9db4e1b4,1,"[1, 1, 0, 1, 0, 0, 1, 0]",1,1,1,,0.625,8
3850,9acca986-8861-11f1-850e-b48c9db4e1b4,1,"[1, 1, 0, 1, 0, 0, 1, 0]",2,0,0,,0.625,8
3851,9acca986-8861-11f1-850e-b48c9db4e1b4,1,"[1, 1, 0, 1, 0, 0, 1, 0]",3,1,1,,0.625,8
3852,9acca986-8861-11f1-850e-b48c9db4e1b4,1,"[1, 1, 0, 1, 0, 0, 1, 0]",4,0,0,,0.625,8
3853,9acca986-8861-11f1-850e-b48c9db4e1b4,1,"[1, 1, 0, 1, 0, 0, 1, 0]",5,0,0,,0.625,8
3854,9acca986-8861-11f1-850e-b48c9db4e1b4,1,"[1, 1, 0, 1, 0, 0, 1, 0]",6,1,1,,0.625,8
3855,9acca986-8861-11f1-850e-b48c9db4e1b4,1,"[1, 1, 0, 1, 0, 0, 1, 0]",7,0,0,,0.625,8
3856,9acca986-8861-11f1-850e-b48c9db4e1b4,2,"[0, 1, 0, 0, 0, 0, 0, 1]",0,0,0,,0.625,8
3857,9acca986-8861-11f1-850e-b48c9db4e1b4,2,"[0, 1, 0, 0, 0, 0, 0, 1]",1,1,1,,0.625,8
3858,9acca986-8861-11f1-850e-b48c9db4e1b4,2,"[0, 1, 0, 0, 0, 0, 0, 1]",2,0,0,,0.625,8
3859,9acca986-8861-11f1-850e-b48c9db4e1b4,2,"[0, 1, 0, 0, 0, 0, 0, 1]",3,0,0,,0.625,8
3860,9acca986-8861-11f1-850e-b48c9db4e1b4,2,"[0, 1, 0, 0, 0, 0, 0, 1]",4,0,0,,0.625,8
3861,9acca986-8861-11f1-850e-b48c9db4e1b4,2,"[0, 1, 0, 0, 0, 0, 0, 1]",5,0,0,,0.625,8
3862,9acca986-8861-11f1-850e-b48c9db4e1b4,2,"[0, 1, 0, 0, 0, 0, 0, 1]",6,0,0,,0.625,8
3863,9acca986-8861-11f1-850e-b48c9db4e1b4,2,"[0, 1, 0, 0, 0, 0, 0, 1]",7,1,1,,0.625,8
3864,9acca986-8861-11f1-850e-b48c9db4e1b4,3,"[1, 1, 0, 1, 1, 0, 0, 0]",0,1,1,,0.625,8
3865,9acca986-8861-11f1-850e-b48c9db4e1b4,3,"[1, 1, 0, 1, 1, 0, 0, 0]",1,1,1,,0.625,8
3866,9acca986-8861-11f1-850e-b48c9db4e1b4,3,"[1, 1, 0, 1, 1, 0, 0, 0]",2,0,0,,0.625,8
3867,9acca986-8861-11f1-850e-b48c9db4e1b4,3,"[1, 1, 0, 1, 1, 0, 0, 0]",3,1,1,,0.625,8
3868,9acca986-8861-11f1-850e-b48c9db4e1b4,3,"[1, 1, 0, 1, 1, 0, 0, 0]",4,1,1,,0.625,8
3869,9acca986-8861-11f1-850e-b48c9db4e1b4,3,"[1, 1, 0, 1, 1, 0, 0, 0]",5,0,0,,0.625,8
3870,9acca986-8861-11f1-850e-b48c9db4e1b4,3,"[1, 1, 0, 1, 1, 0, 0, 0]",6,0,0,,0.625,8
3871,9acca986-8861-11f1-850e-b48c9db4e1b4,3,"[1, 1, 0, 1, 1, 0, 0, 0]",7,0,0,,0.625,8
3872,9acca986-8861-11f1-850e-b48c9db4e1b4,4,"[1, 0, 0, 0, 0, 0, 0, 0]",0,1,1,,0.625,8
3873,9acca986-8861-11f1-850e-b48c9db4e1b4,4,"[1, 0, 0, 0, 0, 0, 0, 0]",1,0,0,,0.625,8
3874,9acca986-8861-11f1-850e-b48c9db4e1b4,4,"[1, 0, 0, 0, 0, 0, 0, 0]",2,0,0,,0.625,8
3875,9acca986-8861-11f1-850e-b48c9db4e1b4,4,"[1, 0, 0, 0, 0, 0, 0, 0]",3,0,0,,0.625,8
3876,9acca986-8861-11f1-850e-b48c9db4e1b4,4,"[1, 0, 0, 0, 0, 0, 0, 0]",4,0,0,,0.625,8
3877,9acca986-8861-11f1-850e-b48c9db4e1b4,4,"[1, 0, 0, 0, 0, 0, 0, 0]",5,0,0,,0.625,8
3878,9acca986-8861-11f1-850e-b48c9db4e1b4,4,"[1, 0, 0, 0, 0, 0, 0, 0]",6,0,0,,0.625,8
3879,9acca986-8861-11f1-850e-b48c9db4e1b4,4,"[1, 0, 0, 0, 0, 0, 0, 0]",7,0,0,,0.625,8
3880,9acca986-8861-11f1-850e-b48c9db4e1b4,5,"[0, 1, 1, 1, 1, 1, 0, 1]",0,0,0,,0.625,8
3881,9acca986-8861-11f1-850e-b48c9db4e1b4,5,"[0, 1, 1, 1, 1, 1, 0, 1]",1,1,-1,,0.625,8
3882,9acca986-8861-11f1-850e-b48c9db4e1b4,5,"[0, 1, 1, 1, 1, 1, 0, 1]",2,1,-1,,0.625,8
3883,9acca986-8861-11f1-850e-b48c9db4e1b4,5,"[0, 1, 1, 1, 1, 1, 0, 1]",3,1,-1,,0.625,8
3884,9acca986-8861-11f1-850e-b48c9db4e1b4,5,"[0, 1, 1, 1, 1, 1, 0, 1]",4,1,-1,,0.625,8
3885,9acca986-8861-11f1-850e-b48c9db4e1b4,5,"[0, 1, 1, 1, 1, 1, 0, 1]",5,1,-1,,0.625,8
3886,9acca986-8861-11f1-850e-b48c9db4e1b4,5,"[0, 1, 1, 1, 1, 1, 0, 1]",6,0,0,,0.625,8
3887,9acca986-8861-11f1-850e-b48c9db4e1b4,5,"[0, 1, 1, 1, 1, 1, 0, 1]",7,1,-1,,0.625,8
3888,9acca986-8861-11f1-850e-b48c9db4e1b4,6,"[0, 1, 1, 1, 0, 1, 1, 0]",0,0,0,,0.625,8
3889,9acca986-8861-11f1-850e-b48c9db4e1b4,6,"[0, 1, 1, 1, 0, 1, 1, 0]",1,1,1,,0.625,8
3890,9acca986-8861-11f1-850e-b48c9db4e1b4,6,"[0, 1, 1, 1, 0, 1, 1, 0]",2,1,1,,0.625,8
3891,9acca986-8861-11f1-850e-b48c9db4e1b4,6,"[0, 1, 1, 1, 0, 1, 1, 0]",3,1,1,,0.625,8
3892,9acca986-8861-11f1-850e-b48c9db4e1b4,6,"[0, 1, 1, 1, 0, 1, 1, 0]",4,0,0,,0.625,8
3893,9acca986-8861-11f1-850e-b48c9db4e1b4,6,"[0, 1, 1, 1, 0, 1, 1, 0]",5,1,1,,0.625,8
3894,9acca986-8861-11f1-850e-b48c9db4e1b4,6,"[0, 1, 1, 1, 0, 1, 1, 0]",6,1,1,,0.625,8
3895,9acca986-8861-11f1-850e-b48c9db4e1b4,6,"[0, 1, 1, 1, 0, 1, 1, 0]",7,0,0,,0.625,8
3896,9acca986-8861-11f1-850e-b48c9db4e1b4,7,"[1, 1, 1, 0, 1, 0, 0, 1]",0,1,1,,0.625,8
3897,9acca986-8861-11f1-850e-b48c9db4e1b4,7,"[1, 1, 1, 0, 1, 0, 0, 1]",1,1,1,,0.625,8
3898,9acca986-8861-11f1-850e-b48c9db4e1b4,7,"[1, 1, 1, 0, 1, 0, 0, 1]",2,1,1,,0.625,8
3899,9acca986-8861-11f1-850e-b48c9db4e1b4,7,"[1, 1, 1, 0, 1, 0, 0, 1]",3,0,0,,0.625,8
3900,9acca986-8861-11f1-850e-b48c9db4e1b4,7,"[1, 1, 1, 0, 1, 0, 0, 1]",4,1,1,,0.625,8
3901,9acca986-8861-11f1-850e-b48c9db4e1b4,7,"[1, 1, 1, 0, 1, 0, 0, 1]",5,0,0,,0.625,8
3902,9acca986-8861-11f1-850e-b48c9db4e1b4,7,"[1, 1, 1, 0, 1, 0, 0, 1]",6,0,0,,0.625,8
3903,9acca986-8861-11f1-850e-b48c9db4e1b4,7,"[1, 1, 1, 0, 1, 0, 0, 1]",7,1,1,,0.625,8
3904,9acca986-8861-11f1-850e-b48c9db4e1b4,8,"[1, 1, 0, 1, 1, 0, 0, 1]",0,1,1,,0.625,8
3905,9acca986-8861-11f1-850e-b48c9db4e1b4,8,"[1, 1, 0, 1, 1, 0, 0, 1]",1,1,1,,0.625,8
3906,9acca986-8861-11f1-850e-b48c9db4e1b4,8,"[1, 1, 0, 1, 1, 0, 0, 1]",2,0,0,,0.625,8
3907,9acca986-8861-11f1-850e-b48c9db4e1b4,8,"[1, 1, 0, 1, 1, 0, 0, 1]",3,1,1,,0.625,8
3908,9acca986-8861-11f1-850e-b48c9db4e1b4,8,"[1, 1, 0, 1, 1, 0, 0, 1]",4,1,1,,0.625,8
3909,9acca986-8861-11f1-850e-b48c9db4e1b4,8,"[1, 1, 0, 1, 1, 0, 0, 1]",5,0,0,,0.625,8
3910,9acca986-8861-11f1-850e-b48c9db4e1b4,8,"[1, 1, 0, 1, 1, 0, 0, 1]",6,0,0,,0.625,8
3911,9acca986-8861-11f1-850e-b48c9db4e1b4,8,"[1, 1, 0, 1, 1, 0, 0, 1]",7,1,1,,0.625,8
3912,9acca986-8861-11f1-850e-b48c9db4e1b4,9,"[1, 1, 0, 1, 0, 1, 1, 0]",0,1,1,,0.625,8
3913,9acca986-8861-11f1-850e-b48c9db4e1b4,9,"[1, 1, 0, 1, 0, 1, 1, 0]",1,1,1,,0.625,8
3914,9acca986-8861-11f1-850e-b48c9db4e1b4,9,"[1, 1, 0, 1, 0, 1, 1, 0]",2,0,0,,0.625,8
3915,9acca986-8861-11f1-850e-b48c9db4e1b4,9,"[1, 1, 0, 1, 0, 1, 1, 0]",3,1,1,,0.625,8
3916,9acca986-8861-11f1-850e-b48c9db4e1b4,9,"[1, 1, 0, 1, 0, 1, 1, 0]",4,0,0,,0.625,8
3917,9acca986-8861-11f1-850e-b48c9db4e1b4,9,"[1, 1, 0, 1, 0, 1, 1, 0]",5,1,1,,0.625,8
3918,9acca986-8861-11f1-850e-b48c9db4e1b4,9,"[1, 1, 0, 1, 0, 1, 1, 0]",6,1,1,,0.625,8
3919,9acca986-8861-11f1-850e-b48c9db4e1b4,9,"[1, 1, 0, 1, 0, 1, 1, 0]",7,0,0,,0.625,8
3920,9acca986-8861-11f1-850e-b48c9db4e1b4,10,"[0, 1, 0, 0, 1, 1, 0, 0]",0,0,0,,0.625,8
3921,9acca986-8861-11f1-850e-b48c9db4e1b4,10,"[0, 1, 0, 0, 1, 1, 0, 0]",1,1,1,,0.625,8
3922,9acca986-8861-11f1-850e-b48c9db4e1b4,10,"[0, 1, 0, 0, 1, 1, 0, 0]",2,0,0,,0.625,8
3923,9acca986-8861-11f1-850e-b48c9db4e1b4,10,"[0, 1, 0, 0, 1, 1, 0, 0]",3,0,0,,0.625,8
3924,9acca986-8861-11f1-850e-b48c9db4e1b4,10,"[0, 1, 0, 0, 1, 1, 0, 0]",4,1,1,,0.625,8
3925,9acca986-8861-11f1-850e-b48c9db4e1b4,10,"[0, 1, 0, 0, 1, 1, 0, 0]",5,1,1,,0.625,8
3926,9acca986-8861-11f1-850e-b48c9db4e1b4,10,"[0, 1, 0, 0, 1, 1, 0, 0]",6,0,0,,0.625,8
3927,9acca986-8861-11f1-850e-b48c9db4e1b4,10,"[0, 1, 0, 0, 1, 1, 0, 0]",7,0,0,,0.625,8
3928,9acca986-8861-11f1-850e-b48c9db4e1b4,11,"[1, 1, 1, 1, 0, 1, 1, 0]",0,1,-1,,0.625,8
3929,9acca986-8861-11f1-850e-b48c9db4e1b4,11,"[1, 1, 1, 1, 0, 1, 1, 0]",1,1,-1,,0.625,8
3930,9acca986-8861-11f1-850e-b48c9db4e1b4,11,"[1, 1, 1, 1, 0, 1, 1, 0]",2,1,-1,,0.625,8
3931,9acca986-8861-11f1-850e-b48c9db4e1b4,11,"[1, 1, 1, 1, 0, 1, 1, 0]",3,1,-1,,0.625,8
3932,9acca986-8861-11f1-850e-b48c9db4e1b4,11,"[1, 1, 1, 1, 0, 1, 1, 0]",4,0,0,,0.625,8
3933,9acca986-8861-11f1-850e-b48c9db4e1b4,11,"[1, 1, 1, 1, 0, 1, 1, 0]",5,1,-1,,0.625,8
3934,9acca986-8861-11f1-850e-b48c9db4e1b4,11,"[1, 1, 1, 1, 0, 1, 1, 0]",6,1,-1,,0.625,8
3935,9acca986-8861-11f1-850e-b48c9db4e1b4,11,"[1, 1, 1, 1, 0, 1, 1, 0]",7,0,0,,0.625,8
3936,9acca986-8861-11f1-850e-b48c9db4e1b4,12,"[1, 1, 1, 1, 0, 0, 0, 1]",0,1,1,,0.625,8
3937,9acca986-8861-11f1-850e-b48c9db4e1b4,12,"[1, 1, 1, 1, 0, 0, 0, 1]",1,1,1,,0.625,8
3938,9acca986-8861-11f1-850e-b48c9db4e1b4,12,"[1, 1, 1, 1, 0, 0, 0, 1]",2,1,1,,0.625,8
3939,9acca986-8861-11f1-850e-b48c9db4e1b4,12,"[1, 1, 1, 1, 0, 0, 0, 1]",3,1,1,,0.625,8
3940,9acca986-8861-11f1-850e-b48c9db4e1b4,12,"[1, 1, 1, 1, 0, 0, 0, 1]",4,0,0,,0.625,8
3941,9acca986-8861-11f1-850e-b48c9db4e1b4,12,"[1, 1, 1, 1, 0, 0, 0, 1]",5,0,0,,0.625,8
3942,9acca986-8861-11f1-850e-b48c9db4e1b4,12,"[1, 1, 1, 1, 0, 0, 0, 1]",6,0,0,,0.625,8
3943,9acca986-8861-11f1-850e-b48c9db4e1b4,12,"[1, 1, 1, 1, 0, 0, 0, 1]",7,1,1,,0.625,8
3944,9acca986-8861-11f1-850e-b48c9db4e1b4,13,"[0, 1, 0, 0, 1, 0, 1, 1]",0,0,0,,0.625,8
3945,9acca986-8861-11f1-850e-b48c9db4e1b4,13,"[0, 1, 0, 0, 1, 0, 1, 1]",1,1,1,,0.625,8
3946,9acca986-8861-11f1-850e-b48c9db4e1b4,13,"[0, 1, 0, 0, 1, 0, 1, 1]",2,0,0,,0.625,8
3947,9acca986-8861-11f1-850e-b48c9db4e1b4,13,"[0, 1, 0, 0, 1, 0, 1, 1]",3,0,0,,0.625,8
3948,9acca986-8861-11f1-850e-b48c9db4e1b4,13,"[0, 1, 0, 0, 1, 0, 1, 1]",4,1,1,,0.625,8
3949,9acca986-8861-11f1-850e-b48c9db4e1b4,13,"[0, 1, 0, 0, 1, 0, 1, 1]",5,0,0,,0.625,8
3950,9acca986-8861-11f1-850e-b48c9db4e1b4,13,"[0, 1, 0, 0, 1, 0, 1, 1]",6,1,1,,0.625,8
3951,9acca986-8861-11f1-850e-b48c9db4e1b4,13,"[0, 1, 0, 0, 1, 0, 1, 1]",7,1,1,,0.625,8
3952,9acca986-8861-11f1-850e-b48c9db4e1b4,14,"[1, 0, 1, 0, 0, 1, 1, 0]",0,1,1,,0.625,8
3953,9acca986-8861-11f1-850e-b48c9db4e1b4,14,"[1, 0, 1, 0, 0, 1, 1, 0]",1,0,0,,0.625,8
3954,9acca986-8861-11f1-850e-b48c9db4e1b4,14,"[1, 0, 1, 0, 0, 1, 1, 0]",2,1,1,,0.625,8
3955,9acca986-8861-11f1-850e-b48c9db4e1b4,14,"[1, 0, 1, 0, 0, 1, 1, 0]",3,0,0,,0.625,8
3956,9acca986-8861-11f1-850e-b48c9db4e1b4,14,"[1, 0, 1, 0, 0, 1, 1, 0]",4,0,0,,0.625,8
3957,9acca986-8861-11f1-850e-b48c9db4e1b4,14,"[1, 0, 1, 0, 0, 1, 1, 0]",5,1,1,,0.625,8
3958,9acca986-8861-11f1-850e-b48c9db4e1b4,14,"[1, 0, 1, 0, 0, 1, 1, 0]",6,1,1,,0.625,8
3959,9acca986-8861-11f1-850e-b48c9db4e1b4,14,"[1, 0, 1, 0, 0, 1, 1, 0]",7,0,0,,0.625,8
3960,9acca986-8861-11f1-850e-b48c9db4e1b4,15,"[1, 1, 0, 0, 0, 1, 1, 1]",0,1,1,,0.625,8
3961,9acca986-8861-11f1-850e-b48c9db4e1b4,15,"[1, 1, 0, 0, 0, 1, 1, 1]",1,1,1,,0.625,8
3962,9acca986-8861-11f1-850e-b48c9db4e1b4,15,"[1, 1, 0, 0, 0, 1, 1, 1]",2,0,0,,0.625,8
3963,9acca986-8861-11f1-850e-b48c9db4e1b4,15,"[1, 1, 0, 0, 0, 1, 1, 1]",3,0,0,,0.625,8
3964,9acca986-8861-11f1-850e-b48c9db4e1b4,15,"[1, 1, 0, 0, 0, 1, 1, 1]",4,0,0,,0.625,8
3965,9acca986-8861-11f1-850e-b48c9db4e1b4,15,"[1, 1, 0, 0, 0, 1, 1, 1]",5,1,1,,0.625,8
3966,9acca986-8861-11f1-850e-b48c9db4e1b4,15,"[1, 1, 0, 0, 0, 1, 1, 1]",6,1,1,,0.625,8
3967,9acca986-8861-11f1-850e-b48c9db4e1b4,15,"[1, 1, 0, 0, 0, 1, 1, 1]",7,1,1,,0.625,8
3968,9acca986-8861-11f1-850e-b48c9db4e1b4,16,"[0, 1, 1, 0, 0, 1, 1, 1]",0,0,0,,0.625,8
3969,9acca986-8861-11f1-850e-b48c9db4e1b4,16,"[0, 1, 1, 0, 0, 1, 1, 1]",1,1,1,,0.625,8
3970,9acca986-8861-11f1-850e-b48c9db4e1b4,16,"[0, 1, 1, 0, 0, 1, 1, 1]",2,1,1,,0.625,8
3971,9acca986-8861-11f1-850e-b48c9db4e1b4,16,"[0, 1, 1, 0, 0, 1, 1, 1]",3,0,0,,0.625,8
3972,9acca986-8861-11f1-850e-b48c9db4e1b4,16,"[0, 1, 1, 0, 0, 1, 1, 1]",4,0,0,,0.625,8
3973,9acca986-8861-11f1-850e-b48c9db4e1b4,16,"[0, 1, 1, 0, 0, 1, 1, 1]",5,1,1,,0.625,8
3974,9acca986-8861-11f1-850e-b48c9db4e1b4,16,"[0, 1, 1, 0, 0, 1, 1, 1]",6,1,1,,0.625,8
3975,9acca986-8861-11f1-850e-b48c9db4e1b4,16,"[0, 1, 1, 0, 0, 1, 1, 1]",7,1,1,,0.625,8
3976,9acca986-8861-11f1-850e-b48c9db4e1b4,17,"[0, 0, 0, 1, 0, 0, 0, 0]",0,0,0,,0.625,8
3977,9acca986-8861-11f1-850e-b48c9db4e1b4,17,"[0, 0, 0, 1, 0, 0, 0, 0]",1,0,0,,0.625,8
3978,9acca986-8861-11f1-850e-b48c9db4e1b4,17,"[0, 0, 0, 1, 0, 0, 0, 0]",2,0,0,,0.625,8
3979,9acca986-8861-11f1-850e-b48c9db4e1b4,17,"[0, 0, 0, 1, 0, 0, 0, 0]",3,1,1,,0.625,8
3980,9acca986-8861-11f1-850e-b48c9db4e1b4,17,"[0, 0, 0, 1, 0, 0, 0, 0]",4,0,0,,0.625,8
3981,9acca986-8861-11f1-850e-b48c9db4e1b4,17,"[0, 0, 0, 1, 0, 0, 0, 0]",5,0,0,,0.625,8
3982,9acca986-8861-11f1-850e-b48c9db4e1b4,17,"[0, 0, 0, 1, 0, 0, 0, 0]",6,0,0,,0.625,8
3983,9acca986-8861-11f1-850e-b48c9db4e1b4,17,"[0, 0, 0, 1, 0, 0, 0, 0]",7,0,0,,0.625,8
3984,9acca986-8861-11f1-850e-b48c9db4e1b4,18,"[1, 1, 0, 1, 0, 0, 0, 0]",0,1,1,,0.625,8
3985,9acca986-8861-11f1-850e-b48c9db4e1b4,18,"[1, 1, 0, 1, 0, 0, 0, 0]",1,1,1,,0.625,8
3986,9acca986-8861-11f1-850e-b48c9db4e1b4,18,"[1, 1, 0, 1, 0, 0, 0, 0]",2,0,0,,0.625,8
3987,9acca986-8861-11f1-850e-b48c9db4e1b4,18,"[1, 1, 0, 1, 0, 0, 0, 0]",3,1,1,,0.625,8
3988,9acca986-8861-11f1-850e-b48c9db4e1b4,18,"[1, 1, 0, 1, 0, 0, 0, 0]",4,0,0,,0.625,8
3989,9acca986-8861-11f1-850e-b48c9db4e1b4,18,"[1, 1, 0, 1, 0, 0, 0, 0]",5,0,0,,0.625,8
3990,9acca986-8861-11f1-850e-b48c9db4e1b4,18,"[1, 1, 0, 1, 0, 0, 0, 0]",6,0,0,,0.625,8
3991,9acca986-8861-11f1-850e-b48c9db4e1b4,18,"[1, 1, 0, 1, 0, 0, 0, 0]",7,0,0,,0.625,8
3992,9acca986-8861-11f1-850e-b48c9db4e1b4,19,"[0, 0, 0, 1, 0, 1, 0, 0]",0,0,0,,0.625,8
3993,9acca986-8861-11f1-850e-b48c9db4e1b4,19,"[0, 0, 0, 1, 0, 1, 0, 0]",1,0,0,,0.625,8
3994,9acca986-8861-11f1-850e-b48c9db4e1b4,19,"[0, 0, 0, 1, 0, 1, 0, 0]",2,0,0,,0.625,8
3995,9acca986-8861-11f1-850e-b48c9db4e1b4,19,"[0, 0, 0, 1, 0, 1, 0, 0]",3,1,1,,0.625,8
3996,9acca986-8861-11f1-850e-b48c9db4e1b4,19,"[0, 0, 0, 1, 0, 1, 0, 0]",4,0,0,,0.625,8
3997,9acca986-8861-11f1-850e-b48c9db4e1b4,19,"[0, 0, 0, 1, 0, 1, 0, 0]",5,1,1,,0.625,8
3998,9acca986-8861-11f1-850e-b48c9db4e1b4,19,"[0, 0, 0, 1, 0, 1, 0, 0]",6,0,0,,0.625,8
3999,9acca986-8861-11f1-850e-b48c9db4e1b4,19,"[0, 0, 0, 1, 0, 1, 0, 0]",7,0,0,,0.625,8
4000,9acf7ecb-8861-11f1-b120-b48c9db4e1b4,0,"[0, 1, 1, 0, 0, 1, 1, 0]",0,0,0,,0.625,8
4001,9acf7ecb-8861-11f1-b120-b48c9db4e1b4,0,"[0, 1, 1, 0, 0, 1, 1, 0]",1,1,1,,0.625,8
4002,9acf7ecb-8861-11f1-b120-b48c9db4e1b4,0,"[0, 1, 1, 0, 0, 1, 1, 0]",2,1,1,,0.625,8
4003,9acf7ecb-8861-11f1-b120-b48c9db4e1b4,0,"[0, 1, 1, 0, 0, 1, 1, 0]",3,0,0,,0.625,8
4004,9acf7ecb-8861-11f1-b120-b48c9db4e1b4,0,"[0, 1, 1, 0, 0, 1, 1, 0]",4,0,0,,0.625,8
4005,9acf7ecb-8861-11f1-b120-b48c9db4e1b4,0,"[0, 1, 1, 0, 0, 1, 1, 0]",5,1,1,,0.625,8
4006,9acf7ecb-8861-11f1-b120-b48c9db4e1b4,0,"[0, 1, 1, 0, 0, 1, 1, 0]",6,1,1,,0.625,8
4007,9acf7ecb-8861-11f1-b120-b48c9db4e1b4,0,"[0, 1, 1, 0, 0, 1, 1, 0]",7,0,0,,0.625,8
4008,9acf7ecb-8861-11f1-b120-b48c9db4e1b4,1,"[1, 1, 0, 1, 0, 0, 0, 1]",0,1,1,,0.625,8
4009,9acf7ecb-8861-11f1-b120-b48c9db4e1b4,1,"[1, 1, 0, 1, 0, 0, 0, 1]",1,1,1,,0.625,8
4010,9acf7ecb-8861-11f1-b120-b48c9db4e1b4,1,"[1, 1, 0, 1, 0, 0, 0, 1]",2,0,0,,0.625,8
4011,9acf7ecb-8861-11f1-b120-b48c9db4e1b4,1,"[1, 1, 0, 1, 0, 0, 0, 1]",3,1,1,,0.625,8
4012,9acf7ecb-8861-11f1-b120-b48c9db4e1b4,1,"[1, 1, 0, 1, 0, 0, 0, 1]",4,0,0,,0.625,8
4013,9acf7ecb-8861-11f1-b120-b48c9db4e1b4,1,"[1, 1, 0, 1, 0, 0, 0, 1]",5,0,0,,0.625,8
4014,9acf7ecb-8861-11f1-b120-b48c9db4e1b4,1,"[1, 1, 0, 1, 0, 0, 0, 1]",6,0,0,,0.625,8
4015,9acf7ecb-8861-11f1-b120-b48c9db4e1b4,1,"[1, 1, 0, 1, 0, 0, 0, 1]",7,1,1,,0.625,8
4016,9acf7ecb-8861-11f1-b120-b48c9db4e1b4,2,"[1, 0, 0, 0, 1, 1, 1, 0]",0,1,1,,0.625,8
4017,9acf7ecb-8861-11f1-b120-b48c9db4e1b4,2,"[1, 0, 0, 0, 1, 1, 1, 0]",1,0,0,,0.625,8
4018,9acf7ecb-8861-11f1-b120-b48c9db4e1b4,2,"[1, 0, 0, 0, 1, 1, 1, 0]",2,0,0,,0.625,8
4019,9acf7ecb-8861-11f1-b120-b48c9db4e1b4,2,"[1, 0, 0, 0, 1, 1, 1, 0]",3,0,0,,0.625,8
4020,9acf7ecb-8861-11f1-b120-b48c9db4e1b4,2,"[1, 0, 0, 0, 1, 1, 1, 0]",4,1,1,,0.625,8
4021,9acf7ecb-8861-11f1-b120-b48c9db4e1b4,2,"[1, 0, 0, 0, 1, 1, 1, 0]",5,1,1,,0.625,8
4022,9acf7ecb-8861-11f1-b120-b48c9db4e1b4,2,"[1, 0, 0, 0, 1, 1, 1, 0]",6,1,1,,0.625,8
4023,9acf7ecb-8861-11f1-b120-b48c9db4e1b4,2,"[1, 0, 0, 0, 1, 1, 1, 0]",7,0,0,,0.625,8
4024,9acf7ecb-8861-11f1-b120-b48c9db4e1b4,3,"[0, 1, 1, 0, 1, 0, 0, 1]",0,0,0,,0.625,8
4025,9acf7ecb-8861-11f1-b120-b48c9db4e1b4,3,"[0, 1, 1, 0, 1, 0, 0, 1]",1,1,1,,0.625,8
4026,9acf7ecb-8861-11f1-b120-b48c9db4e1b4,3,"[0, 1, 1, 0, 1, 0, 0, 1]",2,1,1,,0.625,8
4027,9acf7ecb-8861-11f1-b120-b48c9db4e1b4,3,"[0, 1, 1, 0, 1, 0, 0, 1]",3,0,0,,0.625,8
4028,9acf7ecb-8861-11f1-b120-b48c9db4e1b4,3,"[0, 1, 1, 0, 1, 0, 0, 1]",4,1,1,,0.625,8
4029,9acf7ecb-8861-11f1-b120-b48c9db4e1b4,3,"[0, 1, 1, 0, 1, 0, 0, 1]",5,0,0,,0.625,8
4030,9acf7ecb-8861-11f1-b120-b48c9db4e1b4,3,"[0, 1, 1, 0, 1, 0, 0, 1]",6,0,0,,0.625,8
4031,9acf7ecb-8861-11f1-b120-b48c9db4e1b4,3,"[0, 1, 1, 0, 1, 0, 0, 1]",7,1,1,,0.625,8
4032,9acf7ecb-8861-11f1-b120-b48c9db4e1b4,4,"[1, 1, 1, 1, 1, 0, 0, 1]",0,1,-1,,0.625,8
4033,9acf7ecb-8861-11f1-b120-b48c9db4e1b4,4,"[1, 1, 1, 1, 1, 0, 0, 1]",1,1,-1,,0.625,8
4034,9acf7ecb-8861-11f1-b120-b48c9db4e1b4,4,"[1, 1, 1, 1, 1, 0, 0, 1]",2,1,-1,,0.625,8
4035,9acf7ecb-8861-11f1-b120-b48c9db4e1b4,4,"[1, 1, 1, 1, 1, 0, 0, 1]",3,1,-1,,0.625,8
4036,9acf7ecb-8861-11f1-b120-b48c9db4e1b4,4,"[1, 1, 1, 1, 1, 0, 0, 1]",4,1,-1,,0.625,8
4037,9acf7ecb-8861-11f1-b120-b48c9db4e1b4,4,"[1, 1, 1, 1, 1, 0, 0, 1]",5,0,0,,0.625,8
4038,9acf7ecb-8861-11f1-b120-b48c9db4e1b4,4,"[1, 1, 1, 1, 1, 0, 0, 1]",6,0,0,,0.625,8
4039,9acf7ecb-8861-11f1-b120-b48c9db4e1b4,4,"[1, 1, 1, 1, 1, 0, 0, 1]",7,1,-1,,0.625,8
4040,9acf7ecb-8861-11f1-b120-b48c9db4e1b4,5,"[1, 0, 1, 0, 0, 0, 1, 0]",0,1,1,,0.625,8
4041,9acf7ecb-8861-11f1-b120-b48c9db4e1b4,5,"[1, 0, 1, 0, 0, 0, 1, 0]",1,0,0,,0.625,8
4042,9acf7ecb-8861-11f1-b120-b48c9db4e1b4,5,"[1, 0, 1, 0, 0, 0, 1, 0]",2,1,1,,0.625,8
4043,9acf7ecb-8861-11f1-b120-b48c9db4e1b4,5,"[1, 0, 1, 0, 0, 0, 1, 0]",3,0,0,,0.625,8
4044,9acf7ecb-8861-11f1-b120-b48c9db4e1b4,5,"[1, 0, 1, 0, 0, 0, 1, 0]",4,0,0,,0.625,8
4045,9acf7ecb-8861-11f1-b120-b48c9db4e1b4,5,"[1, 0, 1, 0, 0, 0, 1, 0]",5,0,0,,0.625,8
4046,9acf7ecb-8861-11f1-b120-b48c9db4e1b4,5,"[1, 0, 1, 0, 0, 0, 1, 0]",6,1,1,,0.625,8
4047,9acf7ecb-8861-11f1-b120-b48c9db4e1b4,5,"[1, 0, 1, 0, 0, 0, 1, 0]",7,0,0,,0.625,8
4048,9acf7ecb-8861-11f1-b120-b48c9db4e1b4,6,"[0, 0, 0, 0, 0, 0, 1, 1]",0,0,0,,0.625,8
4049,9acf7ecb-8861-11f1-b120-b48c9db4e1b4,6,"[0, 0, 0, 0, 0, 0, 1, 1]",1,0,0,,0.625,8
4050,9acf7ecb-8861-11f1-b120-b48c9db4e1b4,6,"[0, 0, 0, 0, 0, 0, 1, 1]",2,0,0,,0.625,8
4051,9acf7ecb-8861-11f1-b120-b48c9db4e1b4,6,"[0, 0, 0, 0, 0, 0, 1, 1]",3,0,0,,0.625,8
4052,9acf7ecb-8861-11f1-b120-b48c9db4e1b4,6,"[0, 0, 0, 0, 0, 0, 1, 1]",4,0,0,,0.625,8
4053,9acf7ecb-8861-11f1-b120-b48c9db4e1b4,6,"[0, 0, 0, 0, 0, 0, 1, 1]",5,0,0,,0.625,8
4054,9acf7ecb-8861-11f1-b120-b48c9db4e1b4,6,"[0, 0, 0, 0, 0, 0, 1, 1]",6,1,1,,0.625,8
4055,9acf7ecb-8861-11f1-b120-b48c9db4e1b4,6,"[0, 0, 0, 0, 0, 0, 1, 1]",7,1,1,,0.625,8
4056,9acf7ecb-8861-11f1-b120-b48c9db4e1b4,7,"[1, 0, 1, 0, 0, 0, 1, 0]",0,1,1,,0.625,8
4057,9acf7ecb-8861-11f1-b120-b48c9db4e1b4,7,"[1, 0, 1, 0, 0, 0, 1, 0]",1,0,0,,0.625,8
4058,9acf7ecb-8861-11f1-b120-b48c9db4e1b4,7,"[1, 0, 1, 0, 0, 0, 1, 0]",2,1,1,,0.625,8
4059,9acf7ecb-8861-11f1-b120-b48c9db4e1b4,7,"[1, 0, 1, 0, 0, 0, 1, 0]",3,0,0,,0.625,8
4060,9acf7ecb-8861-11f1-b120-b48c9db4e1b4,7,"[1, 0, 1, 0, 0, 0, 1, 0]",4,0,0,,0.625,8
4061,9acf7ecb-8861-11f1-b120-b48c9db4e1b4,7,"[1, 0, 1, 0, 0, 0, 1, 0]",5,0,0,,0.625,8
4062,9acf7ecb-8861-11f1-b120-b48c9db4e1b4,7,"[1, 0, 1, 0, 0, 0, 1, 0]",6,1,1,,0.625,8
4063,9acf7ecb-8861-11f1-b120-b48c9db4e1b4,7,"[1, 0, 1, 0, 0, 0, 1, 0]",7,0,0,,0.625,8
4064,9acf7ecb-8861-11f1-b120-b48c9db4e1b4,8,"[1, 1, 0, 1, 0, 0, 0, 0]",0,1,1,,0.625,8
4065,9acf7ecb-8861-11f1-b120-b48c9db4e1b4,8,"[1, 1, 0, 1, 0, 0, 0, 0]",1,1,1,,0.625,8
4066,9acf7ecb-8861-11f1-b120-b48c9db4e1b4,8,"[1, 1, 0, 1, 0, 0, 0, 0]",2,0,0,,0.625,8
4067,9acf7ecb-8861-11f1-b120-b48c9db4e1b4,8,"[1, 1, 0, 1, 0, 0, 0, 0]",3,1,1,,0.625,8
4068,9acf7ecb-8861-11f1-b120-b48c9db4e1b4,8,"[1, 1, 0, 1, 0, 0, 0, 0]",4,0,0,,0.625,8
4069,9acf7ecb-8861-11f1-b120-b48c9db4e1b4,8,"[1, 1, 0, 1, 0, 0, 0, 0]",5,0,0,,0.625,8
4070,9acf7ecb-8861-11f1-b120-b48c9db4e1b4,8,"[1, 1, 0, 1, 0, 0, 0, 0]",6,0,0,,0.625,8
4071,9acf7ecb-8861-11f1-b120-b48c9db4e1b4,8,"[1, 1, 0, 1, 0, 0, 0, 0]",7,0,0,,0.625,8
4072,9acf7ecb-8861-11f1-b120-b48c9db4e1b4,9,"[1, 0, 1, 1, 1, 0, 0, 1]",0,1,1,,0.625,8
4073,9acf7ecb-8861-11f1-b120-b48c9db4e1b4,9,"[1, 0, 1, 1, 1, 0, 0, 1]",1,0,0,,0.625,8
4074,9acf7ecb-8861-11f1-b120-b48c9db4e1b4,9,"[1, 0, 1, 1, 1, 0, 0, 1]",2,1,1,,0.625,8
4075,9acf7ecb-8861-11f1-b120-b48c9db4e1b4,9,"[1, 0, 1, 1, 1, 0, 0, 1]",3,1,1,,0.625,8
4076,9acf7ecb-8861-11f1-b120-b48c9db4e1b4,9,"[1, 0, 1, 1, 1, 0, 0, 1]",4,1,1,,0.625,8
4077,9acf7ecb-8861-11f1-b120-b48c9db4e1b4,9,"[1, 0, 1, 1, 1, 0, 0, 1]",5,0,0,,0.625,8
4078,9acf7ecb-8861-11f1-b120-b48c9db4e1b4,9,"[1, 0, 1, 1, 1, 0, 0, 1]",6,0,0,,0.625,8
4079,9acf7ecb-8861-11f1-b120-b48c9db4e1b4,9,"[1, 0, 1, 1, 1, 0, 0, 1]",7,1,1,,0.625,8
4080,9acf7ecb-8861-11f1-b120-b48c9db4e1b4,10,"[0, 1, 0, 1, 1, 1, 0, 0]",0,0,0,,0.625,8
4081,9acf7ecb-8861-11f1-b120-b48c9db4e1b4,10,"[0, 1, 0, 1, 1, 1, 0, 0]",1,1,1,,0.625,8
4082,9acf7ecb-8861-11f1-b120-b48c9db4e1b4,10,"[0, 1, 0, 1, 1, 1, 0, 0]",2,0,0,,0.625,8
4083,9acf7ecb-8861-11f1-b120-b48c9db4e1b4,10,"[0, 1, 0, 1, 1, 1, 0, 0]",3,1,1,,0.625,8
4084,9acf7ecb-8861-11f1-b120-b48c9db4e1b4,10,"[0, 1, 0, 1, 1, 1, 0, 0]",4,1,1,,0.625,8
4085,9acf7ecb-8861-11f1-b120-b48c9db4e1b4,10,"[0, 1, 0, 1, 1, 1, 0, 0]",5,1,1,,0.625,8
4086,9acf7ecb-8861-11f1-b120-b48c9db4e1b4,10,"[0, 1, 0, 1, 1, 1, 0, 0]",6,0,0,,0.625,8
4087,9acf7ecb-8861-11f1-b120-b48c9db4e1b4,10,"[0, 1, 0, 1, 1, 1, 0, 0]",7,0,0,,0.625,8
4088,9acf7ecb-8861-11f1-b120-b48c9db4e1b4,11,"[1, 0, 1, 0, 0, 0, 1, 1]",0,1,1,,0.625,8
4089,9acf7ecb-8861-11f1-b120-b48c9db4e1b4,11,"[1, 0, 1, 0, 0, 0, 1, 1]",1,0,0,,0.625,8
4090,9acf7ecb-8861-11f1-b120-b48c9db4e1b4,11,"[1, 0, 1, 0, 0, 0, 1, 1]",2,1,1,,0.625,8
4091,9acf7ecb-8861-11f1-b120-b48c9db4e1b4,11,"[1, 0, 1, 0, 0, 0, 1, 1]",3,0,0,,0.625,8
4092,9acf7ecb-8861-11f1-b120-b48c9db4e1b4,11,"[1, 0, 1, 0, 0, 0, 1, 1]",4,0,0,,0.625,8
4093,9acf7ecb-8861-11f1-b120-b48c9db4e1b4,11,"[1, 0, 1, 0, 0, 0, 1, 1]",5,0,0,,0.625,8
4094,9acf7ecb-8861-11f1-b120-b48c9db4e1b4,11,"[1, 0, 1, 0, 0, 0, 1, 1]",6,1,1,,0.625,8
4095,9acf7ecb-8861-11f1-b120-b48c9db4e1b4,11,"[1, 0, 1, 0, 0, 0, 1, 1]",7,1,1,,0.625,8
4096,9acf7ecb-8861-11f1-b120-b48c9db4e1b4,12,"[1, 1, 1, 0, 0, 1, 0, 0]",0,1,1,,0.625,8
4097,9acf7ecb-8861-11f1-b120-b48c9db4e1b4,12,"[1, 1, 1, 0, 0, 1, 0, 0]",1,1,1,,0.625,8
4098,9acf7ecb-8861-11f1-b120-b48c9db4e1b4,12,"[1, 1, 1, 0, 0, 1, 0, 0]",2,1,1,,0.625,8
4099,9acf7ecb-8861-11f1-b120-b48c9db4e1b4,12,"[1, 1, 1, 0, 0, 1, 0, 0]",3,0,0,,0.625,8
4100,9acf7ecb-8861-11f1-b120-b48c9db4e1b4,12,"[1, 1, 1, 0, 0, 1, 0, 0]",4,0,0,,0.625,8
4101,9acf7ecb-8861-11f1-b120-b48c9db4e1b4,12,"[1, 1, 1, 0, 0, 1, 0, 0]",5,1,1,,0.625,8
4102,9acf7ecb-8861-11f1-b120-b48c9db4e1b4,12,"[1, 1, 1, 0, 0, 1, 0, 0]",6,0,0,,0.625,8
4103,9acf7ecb-8861-11f1-b120-b48c9db4e1b4,12,"[1, 1, 1, 0, 0, 1, 0, 0]",7,0,0,,0.625,8
4104,9acf7ecb-8861-11f1-b120-b48c9db4e1b4,13,"[0, 0, 1, 1, 1, 1, 1, 1]",0,0,0,,0.625,8
4105,9acf7ecb-8861-11f1-b120-b48c9db4e1b4,13,"[0, 0, 1, 1, 1, 1, 1, 1]",1,0,0,,0.625,8
4106,9acf7ecb-8861-11f1-b120-b48c9db4e1b4,13,"[0, 0, 1, 1, 1, 1, 1, 1]",2,1,-1,,0.625,8
4107,9acf7ecb-8861-11f1-b120-b48c9db4e1b4,13,"[0, 0, 1, 1, 1, 1, 1, 1]",3,1,-1,,0.625,8
4108,9acf7ecb-8861-11f1-b120-b48c9db4e1b4,13,"[0, 0, 1, 1, 1, 1, 1, 1]",4,1,-1,,0.625,8
4109,9acf7ecb-8861-11f1-b120-b48c9db4e1b4,13,"[0, 0, 1, 1, 1, 1, 1, 1]",5,1,-1,,0.625,8
4110,9acf7ecb-8861-11f1-b120-b48c9db4e1b4,13,"[0, 0, 1, 1, 1, 1, 1, 1]",6,1,-1,,0.625,8
4111,9acf7ecb-8861-11f1-b120-b48c9db4e1b4,13,"[0, 0, 1, 1, 1, 1, 1, 1]",7,1,-1,,0.625,8
4112,9acf7ecb-8861-11f1-b120-b48c9db4e1b4,14,"[1, 0, 1, 0, 1, 0, 0, 0]",0,1,1,,0.625,8
4113,9acf7ecb-8861-11f1-b120-b48c9db4e1b4,14,"[1, 0, 1, 0, 1, 0, 0, 0]",1,0,0,,0.625,8
4114,9acf7ecb-8861-11f1-b120-b48c9db4e1b4,14,"[1, 0, 1, 0, 1, 0, 0, 0]",2,1,1,,0.625,8
4115,9acf7ecb-8861-11f1-b120-b48c9db4e1b4,14,"[1, 0, 1, 0, 1, 0, 0, 0]",3,0,0,,0.625,8
4116,9acf7ecb-8861-11f1-b120-b48c9db4e1b4,14,"[1, 0, 1, 0, 1, 0, 0, 0]",4,1,1,,0.625,8
4117,9acf7ecb-8861-11f1-b120-b48c9db4e1b4,14,"[1, 0, 1, 0, 1, 0, 0, 0]",5,0,0,,0.625,8
4118,9acf7ecb-8861-11f1-b120-b48c9db4e1b4,14,"[1, 0, 1, 0, 1, 0, 0, 0]",6,0,0,,0.625,8
4119,9acf7ecb-8861-11f1-b120-b48c9db4e1b4,14,"[1, 0, 1, 0, 1, 0, 0, 0]",7,0,0,,0.625,8
4120,9acf7ecb-8861-11f1-b120-b48c9db4e1b4,15,"[1, 1, 0, 0, 0, 1, 0, 0]",0,1,1,,0.625,8
4121,9acf7ecb-8861-11f1-b120-b48c9db4e1b4,15,"[1, 1, 0, 0, 0, 1, 0, 0]",1,1,1,,0.625,8
4122,9acf7ecb-8861-11f1-b120-b48c9db4e1b4,15,"[1, 1, 0, 0, 0, 1, 0, 0]",2,0,0,,0.625,8
4123,9acf7ecb-8861-11f1-b120-b48c9db4e1b4,15,"[1, 1, 0, 0, 0, 1, 0, 0]",3,0,0,,0.625,8
4124,9acf7ecb-8861-11f1-b120-b48c9db4e1b4,15,"[1, 1, 0, 0, 0, 1, 0, 0]",4,0,0,,0.625,8
4125,9acf7ecb-8861-11f1-b120-b48c9db4e1b4,15,"[1, 1, 0, 0, 0, 1, 0, 0]",5,1,1,,0.625,8
4126,9acf7ecb-8861-11f1-b120-b48c9db4e1b4,15,"[1, 1, 0, 0, 0, 1, 0, 0]",6,0,0,,0.625,8
4127,9acf7ecb-8861-11f1-b120-b48c9db4e1b4,15,"[1, 1, 0, 0, 0, 1, 0, 0]",7,0,0,,0.625,8
4128,9acf7ecb-8861-11f1-b120-b48c9db4e1b4,16,"[0, 1, 1, 1, 1, 0, 1, 0]",0,0,0,,0.625,8
4129,9acf7ecb-8861-11f1-b120-b48c9db4e1b4,16,"[0, 1, 1, 1, 1, 0, 1, 0]",1,1,1,,0.625,8
4130,9acf7ecb-8861-11f1-b120-b48c9db4e1b4,16,"[0, 1, 1, 1, 1, 0, 1, 0]",2,1,1,,0.625,8
4131,9acf7ecb-8861-11f1-b120-b48c9db4e1b4,16,"[0, 1, 1, 1, 1, 0, 1, 0]",3,1,1,,0.625,8
4132,9acf7ecb-8861-11f1-b120-b48c9db4e1b4,16,"[0, 1, 1, 1, 1, 0, 1, 0]",4,1,1,,0.625,8
4133,9acf7ecb-8861-11f1-b120-b48c9db4e1b4,16,"[0, 1, 1, 1, 1, 0, 1, 0]",5,0,0,,0.625,8
4134,9acf7ecb-8861-11f1-b120-b48c9db4e1b4,16,"[0, 1, 1, 1, 1, 0, 1, 0]",6,1,1,,0.625,8
4135,9acf7ecb-8861-11f1-b120-b48c9db4e1b4,16,"[0, 1, 1, 1, 1, 0, 1, 0]",7,0,0,,0.625,8
4136,9acf7ecb-8861-11f1-b120-b48c9db4e1b4,17,"[0, 1, 1, 1, 0, 1, 0, 0]",0,0,0,,0.625,8
4137,9acf7ecb-8861-11f1-b120-b48c9db4e1b4,17,"[0, 1, 1, 1, 0, 1, 0, 0]",1,1,1,,0.625,8
4138,9acf7ecb-8861-11f1-b120-b48c9db4e1b4,17,"[0, 1, 1, 1, 0, 1, 0, 0]",2,1,1,,0.625,8
4139,9acf7ecb-8861-11f1-b120-b48c9db4e1b4,17,"[0, 1, 1, 1, 0, 1, 0, 0]",3,1,1,,0.625,8
4140,9acf7ecb-8861-11f1-b120-b48c9db4e1b4,17,"[0, 1, 1, 1, 0, 1, 0, 0]",4,0,0,,0.625,8
4141,9acf7ecb-8861-11f1-b120-b48c9db4e1b4,17,"[0, 1, 1, 1, 0, 1, 0, 0]",5,1,1,,0.625,8
4142,9acf7ecb-8861-11f1-b120-b48c9db4e1b4,17,"[0, 1, 1, 1, 0, 1, 0, 0]",6,0,0,,0.625,8
4143,9acf7ecb-8861-11f1-b120-b48c9db4e1b4,17,"[0, 1, 1, 1, 0, 1, 0, 0]",7,0,0,,0.625,8
4144,9acf7ecb-8861-11f1-b120-b48c9db4e1b4,18,"[1, 0, 0, 0, 1, 0, 0, 1]",0,1,1,,0.625,8
4145,9acf7ecb-8861-11f1-b120-b48c9db4e1b4,18,"[1, 0, 0, 0, 1, 0, 0, 1]",1,0,0,,0.625,8
4146,9acf7ecb-8861-11f1-b120-b48c9db4e1b4,18,"[1, 0, 0, 0, 1, 0, 0, 1]",2,0,0,,0.625,8
4147,9acf7ecb-8861-11f1-b120-b48c9db4e1b4,18,"[1, 0, 0, 0, 1, 0, 0, 1]",3,0,0,,0.625,8
4148,9acf7ecb-8861-11f1-b120-b48c9db4e1b4,18,"[1, 0, 0, 0, 1, 0, 0, 1]",4,1,1,,0.625,8
4149,9acf7ecb-8861-11f1-b120-b48c9db4e1b4,18,"[1, 0, 0, 0, 1, 0, 0, 1]",5,0,0,,0.625,8
4150,9acf7ecb-8861-11f1-b120-b48c9db4e1b4,18,"[1, 0, 0, 0, 1, 0, 0, 1]",6,0,0,,0.625,8
4151,9acf7ecb-8861-11f1-b120-b48c9db4e1b4,18,"[1, 0, 0, 0, 1, 0, 0, 1]",7,1,1,,0.625,8
4152,9acf7ecb-8861-11f1-b120-b48c9db4e1b4,19,"[0, 0, 0, 0, 1, 0, 1, 0]",0,0,0,,0.625,8
4153,9acf7ecb-8861-11f1-b120-b48c9db4e1b4,19,"[0, 0, 0, 0, 1, 0, 1, 0]",1,0,0,,0.625,8
4154,9acf7ecb-8861-11f1-b120-b48c9db4e1b4,19,"[0, 0, 0, 0, 1, 0, 1, 0]",2,0,0,,0.625,8
4155,9acf7ecb-8861-11f1-b120-b48c9db4e1b4,19,"[0, 0, 0, 0, 1, 0, 1, 0]",3,0,0,,0.625,8
4156,9acf7ecb-8861-11f1-b120-b48c9db4e1b4,19,"[0, 0, 0, 0, 1, 0, 1, 0]",4,1,1,,0.625,8
4157,9acf7ecb-8861-11f1-b120-b48c9db4e1b4,19,"[0, 0, 0, 0, 1, 0, 1, 0]",5,0,0,,0.625,8
4158,9acf7ecb-8861-11f1-b120-b48c9db4e1b4,19,"[0, 0, 0, 0, 1, 0, 1, 0]",6,1,1,,0.625,8
4159,9acf7ecb-8861-11f1-b120-b48c9db4e1b4,19,"[0, 0, 0, 0, 1, 0, 1, 0]",7,0,0,,0.625,8
4160,9ad241a9-8861-11f1-b264-b48c9db4e1b4,0,"[1, 1, 0, 1, 1, 0, 0, 0]",0,1,1,,0.625,8
4161,9ad241a9-8861-11f1-b264-b48c9db4e1b4,0,"[1, 1, 0, 1, 1, 0, 0, 0]",1,1,1,,0.625,8
4162,9ad241a9-8861-11f1-b264-b48c9db4e1b4,0,"[1, 1, 0, 1, 1, 0, 0, 0]",2,0,0,,0.625,8
4163,9ad241a9-8861-11f1-b264-b48c9db4e1b4,0,"[1, 1, 0, 1, 1, 0, 0, 0]",3,1,1,,0.625,8
4164,9ad241a9-8861-11f1-b264-b48c9db4e1b4,0,"[1, 1, 0, 1, 1, 0, 0, 0]",4,1,1,,0.625,8
4165,9ad241a9-8861-11f1-b264-b48c9db4e1b4,0,"[1, 1, 0, 1, 1, 0, 0, 0]",5,0,0,,0.625,8
4166,9ad241a9-8861-11f1-b264-b48c9db4e1b4,0,"[1, 1, 0, 1, 1, 0, 0, 0]",6,0,0,,0.625,8
4167,9ad241a9-8861-11f1-b264-b48c9db4e1b4,0,"[1, 1, 0, 1, 1, 0, 0, 0]",7,0,0,,0.625,8
4168,9ad241a9-8861-11f1-b264-b48c9db4e1b4,1,"[0, 0, 1, 0, 1, 0, 1, 1]",0,0,0,,0.625,8
4169,9ad241a9-8861-11f1-b264-b48c9db4e1b4,1,"[0, 0, 1, 0, 1, 0, 1, 1]",1,0,0,,0.625,8
4170,9ad241a9-8861-11f1-b264-b48c9db4e1b4,1,"[0, 0, 1, 0, 1, 0, 1, 1]",2,1,1,,0.625,8
4171,9ad241a9-8861-11f1-b264-b48c9db4e1b4,1,"[0, 0, 1, 0, 1, 0, 1, 1]",3,0,0,,0.625,8
4172,9ad241a9-8861-11f1-b264-b48c9db4e1b4,1,"[0, 0, 1, 0, 1, 0, 1, 1]",4,1,1,,0.625,8
4173,9ad241a9-8861-11f1-b264-b48c9db4e1b4,1,"[0, 0, 1, 0, 1, 0, 1, 1]",5,0,0,,0.625,8
4174,9ad241a9-8861-11f1-b264-b48c9db4e1b4,1,"[0, 0, 1, 0, 1, 0, 1, 1]",6,1,1,,0.625,8
4175,9ad241a9-8861-11f1-b264-b48c9db4e1b4,1,"[0, 0, 1, 0, 1, 0, 1, 1]",7,1,1,,0.625,8
4176,9ad241a9-8861-11f1-b264-b48c9db4e1b4,2,"[0, 0, 0, 0, 0, 1, 1, 1]",0,0,0,,0.625,8
4177,9ad241a9-8861-11f1-b264-b48c9db4e1b4,2,"[0, 0, 0, 0, 0, 1, 1, 1]",1,0,0,,0.625,8
4178,9ad241a9-8861-11f1-b264-b48c9db4e1b4,2,"[0, 0, 0, 0, 0, 1, 1, 1]",2,0,0,,0.625,8
4179,9ad241a9-8861-11f1-b264-b48c9db4e1b4,2,"[0, 0, 0, 0, 0, 1, 1, 1]",3,0,0,,0.625,8
4180,9ad241a9-8861-11f1-b264-b48c9db4e1b4,2,"[0, 0, 0, 0, 0, 1, 1, 1]",4,0,0,,0.625,8
4181,9ad241a9-8861-11f1-b264-b48c9db4e1b4,2,"[0, 0, 0, 0, 0, 1, 1, 1]",5,1,1,,0.625,8
4182,9ad241a9-8861-11f1-b264-b48c9db4e1b4,2,"[0, 0, 0, 0, 0, 1, 1, 1]",6,1,1,,0.625,8
4183,9ad241a9-8861-11f1-b264-b48c9db4e1b4,2,"[0, 0, 0, 0, 0, 1, 1, 1]",7,1,1,,0.625,8
4184,9ad241a9-8861-11f1-b264-b48c9db4e1b4,3,"[0, 0, 1, 0, 0, 1, 1, 1]",0,0,0,,0.625,8
4185,9ad241a9-8861-11f1-b264-b48c9db4e1b4,3,"[0, 0, 1, 0, 0, 1, 1, 1]",1,0,0,,0.625,8
4186,9ad241a9-8861-11f1-b264-b48c9db4e1b4,3,"[0, 0, 1, 0, 0, 1, 1, 1]",2,1,1,,0.625,8
4187,9ad241a9-8861-11f1-b264-b48c9db4e1b4,3,"[0, 0, 1, 0, 0, 1, 1, 1]",3,0,0,,0.625,8
4188,9ad241a9-8861-11f1-b264-b48c9db4e1b4,3,"[0, 0, 1, 0, 0, 1, 1, 1]",4,0,0,,0.625,8
4189,9ad241a9-8861-11f1-b264-b48c9db4e1b4,3,"[0, 0, 1, 0, 0, 1, 1, 1]",5,1,1,,0.625,8
4190,9ad241a9-8861-11f1-b264-b48c9db4e1b4,3,"[0, 0, 1, 0, 0, 1, 1, 1]",6,1,1,,0.625,8
4191,9ad241a9-8861-11f1-b264-b48c9db4e1b4,3,"[0, 0, 1, 0, 0, 1, 1, 1]",7,1,1,,0.625,8
4192,9ad241a9-8861-11f1-b264-b48c9db4e1b4,4,"[0, 0, 1, 1, 1, 0, 1, 1]",0,0,0,,0.625,8
4193,9ad241a9-8861-11f1-b264-b48c9db4e1b4,4,"[0, 0, 1, 1, 1, 0, 1, 1]",1,0,0,,0.625,8
4194,9ad241a9-8861-11f1-b264-b48c9db4e1b4,4,"[0, 0, 1, 1, 1, 0, 1, 1]",2,1,1,,0.625,8
4195,9ad241a9-8861-11f1-b264-b48c9db4e1b4,4,"[0, 0, 1, 1, 1, 0, 1, 1]",3,1,1,,0.625,8
4196,9ad241a9-8861-11f1-b264-b48c9db4e1b4,4,"[0, 0, 1, 1, 1, 0, 1, 1]",4,1,1,,0.625,8
4197,9ad241a9-8861-11f1-b264-b48c9db4e1b4,4,"[0, 0, 1, 1, 1, 0, 1, 1]",5,0,0,,0.625,8
4198,9ad241a9-8861-11f1-b264-b48c9db4e1b4,4,"[0, 0, 1, 1, 1, 0, 1, 1]",6,1,1,,0.625,8
4199,9ad241a9-8861-11f1-b264-b48c9db4e1b4,4,"[0, 0, 1, 1, 1, 0, 1, 1]",7,1,1,,0.625,8
4200,9ad241a9-8861-11f1-b264-b48c9db4e1b4,5,"[1, 1, 0, 1, 0, 1, 0, 0]",0,1,1,,0.625,8
4201,9ad241a9-8861-11f1-b264-b48c9db4e1b4,5,"[1, 1, 0, 1, 0, 1, 0, 0]",1,1,1,,0.625,8
4202,9ad241a9-8861-11f1-b264-b48c9db4e1b4,5,"[1, 1, 0, 1, 0, 1, 0, 0]",2,0,0,,0.625,8
4203,9ad241a9-8861-11f1-b264-b48c9db4e1b4,5,"[1, 1, 0, 1, 0, 1, 0, 0]",3,1,1,,0.625,8
4204,9ad241a9-8861-11f1-b264-b48c9db4e1b4,5,"[1, 1, 0, 1, 0, 1, 0, 0]",4,0,0,,0.625,8
4205,9ad241a9-8861-11f1-b264-b48c9db4e1b4,5,"[1, 1, 0, 1, 0, 1, 0, 0]",5,1,1,,0.625,8
4206,9ad241a9-8861-11f1-b264-b48c9db4e1b4,5,"[1, 1, 0, 1, 0, 1, 0, 0]",6,0,0,,0.625,8
4207,9ad241a9-8861-11f1-b264-b48c9db4e1b4,5,"[1, 1, 0, 1, 0, 1, 0, 0]",7,0,0,,0.625,8
4208,9ad241a9-8861-11f1-b264-b48c9db4e1b4,6,"[1, 1, 1, 0, 0, 1, 0, 0]",0,1,1,,0.625,8
4209,9ad241a9-8861-11f1-b264-b48c9db4e1b4,6,"[1, 1, 1, 0, 0, 1, 0, 0]",1,1,1,,0.625,8
4210,9ad241a9-8861-11f1-b264-b48c9db4e1b4,6,"[1, 1, 1, 0, 0, 1, 0, 0]",2,1,1,,0.625,8
4211,9ad241a9-8861-11f1-b264-b48c9db4e1b4,6,"[1, 1, 1, 0, 0, 1, 0, 0]",3,0,0,,0.625,8
4212,9ad241a9-8861-11f1-b264-b48c9db4e1b4,6,"[1, 1, 1, 0, 0, 1, 0, 0]",4,0,0,,0.625,8
4213,9ad241a9-8861-11f1-b264-b48c9db4e1b4,6,"[1, 1, 1, 0, 0, 1, 0, 0]",5,1,1,,0.625,8
4214,9ad241a9-8861-11f1-b264-b48c9db4e1b4,6,"[1, 1, 1, 0, 0, 1, 0, 0]",6,0,0,,0.625,8
4215,9ad241a9-8861-11f1-b264-b48c9db4e1b4,6,"[1, 1, 1, 0, 0, 1, 0, 0]",7,0,0,,0.625,8
4216,9ad241a9-8861-11f1-b264-b48c9db4e1b4,7,"[0, 0, 0, 1, 0, 1, 0, 1]",0,0,0,,0.625,8
4217,9ad241a9-8861-11f1-b264-b48c9db4e1b4,7,"[0, 0, 0, 1, 0, 1, 0, 1]",1,0,0,,0.625,8
4218,9ad241a9-8861-11f1-b264-b48c9db4e1b4,7,"[0, 0, 0, 1, 0, 1, 0, 1]",2,0,0,,0.625,8
4219,9ad241a9-8861-11f1-b264-b48c9db4e1b4,7,"[0, 0, 0, 1, 0, 1, 0, 1]",3,1,1,,0.625,8
4220,9ad241a9-8861-11f1-b264-b48c9db4e1b4,7,"[0, 0, 0, 1, 0, 1, 0, 1]",4,0,0,,0.625,8
4221,9ad241a9-8861-11f1-b264-b48c9db4e1b4,7,"[0, 0, 0, 1, 0, 1, 0, 1]",5,1,1,,0.625,8
4222,9ad241a9-8861-11f1-b264-b48c9db4e1b4,7,"[0, 0, 0, 1, 0, 1, 0, 1]",6,0,0,,0.625,8
4223,9ad241a9-8861-11f1-b264-b48c9db4e1b4,7,"[0, 0, 0, 1, 0, 1, 0, 1]",7,1,1,,0.625,8
4224,9ad241a9-8861-11f1-b264-b48c9db4e1b4,8,"[0, 1, 0, 1, 1, 1, 0, 1]",0,0,0,,0.625,8
4225,9ad241a9-8861-11f1-b264-b48c9db4e1b4,8,"[0, 1, 0, 1, 1, 1, 0, 1]",1,1,1,,0.625,8
4226,9ad241a9-8861-11f1-b264-b48c9db4e1b4,8,"[0, 1, 0, 1, 1, 1, 0, 1]",2,0,0,,0.625,8
4227,9ad241a9-8861-11f1-b264-b48c9db4e1b4,8,"[0, 1, 0, 1, 1, 1, 0, 1]",3,1,1,,0.625,8
4228,9ad241a9-8861-11f1-b264-b48c9db4e1b4,8,"[0, 1, 0, 1, 1, 1, 0, 1]",4,1,1,,0.625,8
4229,9ad241a9-8861-11f1-b264-b48c9db4e1b4,8,"[0, 1, 0, 1, 1, 1, 0, 1]",5,1,1,,0.625,8
4230,9ad241a9-8861-11f1-b264-b48c9db4e1b4,8,"[0, 1, 0, 1, 1, 1, 0, 1]",6,0,0,,0.625,8
4231,9ad241a9-8861-11f1-b264-b48c9db4e1b4,8,"[0, 1, 0, 1, 1, 1, 0, 1]",7,1,1,,0.625,8
4232,9ad241a9-8861-11f1-b264-b48c9db4e1b4,9,"[0, 1, 1, 1, 1, 1, 1, 0]",0,0,0,,0.625,8
4233,9ad241a9-8861-11f1-b264-b48c9db4e1b4,9,"[0, 1, 1, 1, 1, 1, 1, 0]",1,1,-1,,0.625,8
4234,9ad241a9-8861-11f1-b264-b48c9db4e1b4,9,"[0, 1, 1, 1, 1, 1, 1, 0]",2,1,-1,,0.625,8
4235,9ad241a9-8861-11f1-b264-b48c9db4e1b4,9,"[0, 1, 1, 1, 1, 1, 1, 0]",3,1,-1,,0.625,8
4236,9ad241a9-8861-11f1-b264-b48c9db4e1b4,9,"[0, 1, 1, 1, 1, 1, 1, 0]",4,1,-1,,0.625,8
4237,9ad241a9-8861-11f1-b264-b48c9db4e1b4,9,"[0, 1, 1, 1, 1, 1, 1, 0]",5,1,-1,,0.625,8
4238,9ad241a9-8861-11f1-b264-b48c9db4e1b4,9,"[0, 1, 1, 1, 1, 1, 1, 0]",6,1,-1,,0.625,8
4239,9ad241a9-8861-11f1-b264-b48c9db4e1b4,9,"[0, 1, 1, 1, 1, 1, 1, 0]",7,0,0,,0.625,8
4240,9ad241a9-8861-11f1-b264-b48c9db4e1b4,10,"[0, 1, 0, 0, 0, 1, 1, 1]",0,0,0,,0.625,8
4241,9ad241a9-8861-11f1-b264-b48c9db4e1b4,10,"[0, 1, 0, 0, 0, 1, 1, 1]",1,1,1,,0.625,8
4242,9ad241a9-8861-11f1-b264-b48c9db4e1b4,10,"[0, 1, 0, 0, 0, 1, 1, 1]",2,0,0,,0.625,8
4243,9ad241a9-8861-11f1-b264-b48c9db4e1b4,10,"[0, 1, 0, 0, 0, 1, 1, 1]",3,0,0,,0.625,8
4244,9ad241a9-8861-11f1-b264-b48c9db4e1b4,10,"[0, 1, 0, 0, 0, 1, 1, 1]",4,0,0,,0.625,8
4245,9ad241a9-8861-11f1-b264-b48c9db4e1b4,10,"[0, 1, 0, 0, 0, 1, 1, 1]",5,1,1,,0.625,8
4246,9ad241a9-8861-11f1-b264-b48c9db4e1b4,10,"[0, 1, 0, 0, 0, 1, 1, 1]",6,1,1,,0.625,8
4247,9ad241a9-8861-11f1-b264-b48c9db4e1b4,10,"[0, 1, 0, 0, 0, 1, 1, 1]",7,1,1,,0.625,8
4248,9ad241a9-8861-11f1-b264-b48c9db4e1b4,11,"[0, 0, 0, 1, 0, 1, 0, 0]",0,0,0,,0.625,8
4249,9ad241a9-8861-11f1-b264-b48c9db4e1b4,11,"[0, 0, 0, 1, 0, 1, 0, 0]",1,0,0,,0.625,8
4250,9ad241a9-8861-11f1-b264-b48c9db4e1b4,11,"[0, 0, 0, 1, 0, 1, 0, 0]",2,0,0,,0.625,8
4251,9ad241a9-8861-11f1-b264-b48c9db4e1b4,11,"[0, 0, 0, 1, 0, 1, 0, 0]",3,1,1,,0.625,8
4252,9ad241a9-8861-11f1-b264-b48c9db4e1b4,11,"[0, 0, 0, 1, 0, 1, 0, 0]",4,0,0,,0.625,8
4253,9ad241a9-8861-11f1-b264-b48c9db4e1b4,11,"[0, 0, 0, 1, 0, 1, 0, 0]",5,1,1,,0.625,8
4254,9ad241a9-8861-11f1-b264-b48c9db4e1b4,11,"[0, 0, 0, 1, 0, 1, 0, 0]",6,0,0,,0.625,8
4255,9ad241a9-8861-11f1-b264-b48c9db4e1b4,11,"[0, 0, 0, 1, 0, 1, 0, 0]",7,0,0,,0.625,8
4256,9ad241a9-8861-11f1-b264-b48c9db4e1b4,12,"[0, 0, 1, 1, 1, 1, 1, 1]",0,0,0,,0.625,8
4257,9ad241a9-8861-11f1-b264-b48c9db4e1b4,12,"[0, 0, 1, 1, 1, 1, 1, 1]",1,0,0,,0.625,8
4258,9ad241a9-8861-11f1-b264-b48c9db4e1b4,12,"[0, 0, 1, 1, 1, 1, 1, 1]",2,1,-1,,0.625,8
4259,9ad241a9-8861-11f1-b264-b48c9db4e1b4,12,"[0, 0, 1, 1, 1, 1, 1, 1]",3,1,-1,,0.625,8
4260,9ad241a9-8861-11f1-b264-b48c9db4e1b4,12,"[0, 0, 1, 1, 1, 1, 1, 1]",4,1,-1,,0.625,8
4261,9ad241a9-8861-11f1-b264-b48c9db4e1b4,12,"[0, 0, 1, 1, 1, 1, 1, 1]",5,1,-1,,0.625,8
4262,9ad241a9-8861-11f1-b264-b48c9db4e1b4,12,"[0, 0, 1, 1, 1, 1, 1, 1]",6,1,-1,,0.625,8
4263,9ad241a9-8861-11f1-b264-b48c9db4e1b4,12,"[0, 0, 1, 1, 1, 1, 1, 1]",7,1,-1,,0.625,8
4264,9ad241a9-8861-11f1-b264-b48c9db4e1b4,13,"[0, 1, 1, 0, 1, 0, 0, 1]",0,0,0,,0.625,8
4265,9ad241a9-8861-11f1-b264-b48c9db4e1b4,13,"[0, 1, 1, 0, 1, 0, 0, 1]",1,1,1,,0.625,8
4266,9ad241a9-8861-11f1-b264-b48c9db4e1b4,13,"[0, 1, 1, 0, 1, 0, 0, 1]",2,1,1,,0.625,8
4267,9ad241a9-8861-11f1-b264-b48c9db4e1b4,13,"[0, 1, 1, 0, 1, 0, 0, 1]",3,0,0,,0.625,8
4268,9ad241a9-8861-11f1-b264-b48c9db4e1b4,13,"[0, 1, 1, 0, 1, 0, 0, 1]",4,1,1,,0.625,8
4269,9ad241a9-8861-11f1-b264-b48c9db4e1b4,13,"[0, 1, 1, 0, 1, 0, 0, 1]",5,0,0,,0.625,8
4270,9ad241a9-8861-11f1-b264-b48c9db4e1b4,13,"[0, 1, 1, 0, 1, 0, 0, 1]",6,0,0,,0.625,8
4271,9ad241a9-8861-11f1-b264-b48c9db4e1b4,13,"[0, 1, 1, 0, 1, 0, 0, 1]",7,1,1,,0.625,8
4272,9ad241a9-8861-11f1-b264-b48c9db4e1b4,14,"[0, 1, 0, 1, 1, 0, 0, 0]",0,0,0,,0.625,8
4273,9ad241a9-8861-11f1-b264-b48c9db4e1b4,14,"[0, 1, 0, 1, 1, 0, 0, 0]",1,1,1,,0.625,8
4274,9ad241a9-8861-11f1-b264-b48c9db4e1b4,14,"[0, 1, 0, 1, 1, 0, 0, 0]",2,0,0,,0.625,8
4275,9ad241a9-8861-11f1-b264-b48c9db4e1b4,14,"[0, 1, 0, 1, 1, 0, 0, 0]",3,1,1,,0.625,8
4276,9ad241a9-8861-11f1-b264-b48c9db4e1b4,14,"[0, 1, 0, 1, 1, 0, 0, 0]",4,1,1,,0.625,8
4277,9ad241a9-8861-11f1-b264-b48c9db4e1b4,14,"[0, 1, 0, 1, 1, 0, 0, 0]",5,0,0,,0.625,8
4278,9ad241a9-8861-11f1-b264-b48c9db4e1b4,14,"[0, 1, 0, 1, 1, 0, 0, 0]",6,0,0,,0.625,8
4279,9ad241a9-8861-11f1-b264-b48c9db4e1b4,14,"[0, 1, 0, 1, 1, 0, 0, 0]",7,0,0,,0.625,8
4280,9ad241a9-8861-11f1-b264-b48c9db4e1b4,15,"[1, 1, 0, 0, 0, 0, 1, 1]",0,1,1,,0.625,8
4281,9ad241a9-8861-11f1-b264-b48c9db4e1b4,15,"[1, 1, 0, 0, 0, 0, 1, 1]",1,1,1,,0.625,8
4282,9ad241a9-8861-11f1-b264-b48c9db4e1b4,15,"[1, 1, 0, 0, 0, 0, 1, 1]",2,0,0,,0.625,8
4283,9ad241a9-8861-11f1-b264-b48c9db4e1b4,15,"[1, 1, 0, 0, 0, 0, 1, 1]",3,0,0,,0.625,8
4284,9ad241a9-8861-11f1-b264-b48c9db4e1b4,15,"[1, 1, 0, 0, 0, 0, 1, 1]",4,0,0,,0.625,8
4285,9ad241a9-8861-11f1-b264-b48c9db4e1b4,15,"[1, 1, 0, 0, 0, 0, 1, 1]",5,0,0,,0.625,8
4286,9ad241a9-8861-11f1-b264-b48c9db4e1b4,15,"[1, 1, 0, 0, 0, 0, 1, 1]",6,1,1,,0.625,8
4287,9ad241a9-8861-11f1-b264-b48c9db4e1b4,15,"[1, 1, 0, 0, 0, 0, 1, 1]",7,1,1,,0.625,8
4288,9ad241a9-8861-11f1-b264-b48c9db4e1b4,16,"[1, 0, 0, 0, 0, 1, 1, 1]",0,1,1,,0.625,8
4289,9ad241a9-8861-11f1-b264-b48c9db4e1b4,16,"[1, 0, 0, 0, 0, 1, 1, 1]",1,0,0,,0.625,8
4290,9ad241a9-8861-11f1-b264-b48c9db4e1b4,16,"[1, 0, 0, 0, 0, 1, 1, 1]",2,0,0,,0.625,8
4291,9ad241a9-8861-11f1-b264-b48c9db4e1b4,16,"[1, 0, 0, 0, 0, 1, 1, 1]",3,0,0,,0.625,8
4292,9ad241a9-8861-11f1-b264-b48c9db4e1b4,16,"[1, 0, 0, 0, 0, 1, 1, 1]",4,0,0,,0.625,8
4293,9ad241a9-8861-11f1-b264-b48c9db4e1b4,16,"[1, 0, 0, 0, 0, 1, 1, 1]",5,1,1,,0.625,8
4294,9ad241a9-8861-11f1-b264-b48c9db4e1b4,16,"[1, 0, 0, 0, 0, 1, 1, 1]",6,1,1,,0.625,8
4295,9ad241a9-8861-11f1-b264-b48c9db4e1b4,16,"[1, 0, 0, 0, 0, 1, 1, 1]",7,1,1,,0.625,8
4296,9ad241a9-8861-11f1-b264-b48c9db4e1b4,17,"[1, 0, 1, 1, 1, 0, 1, 1]",0,1,-1,,0.625,8
4297,9ad241a9-8861-11f1-b264-b48c9db4e1b4,17,"[1, 0, 1, 1, 1, 0, 1, 1]",1,0,0,,0.625,8
4298,9ad241a9-8861-11f1-b264-b48c9db4e1b4,17,"[1, 0, 1, 1, 1, 0, 1, 1]",2,1,-1,,0.625,8
4299,9ad241a9-8861-11f1-b264-b48c9db4e1b4,17,"[1, 0, 1, 1, 1, 0, 1, 1]",3,1,-1,,0.625,8
4300,9ad241a9-8861-11f1-b264-b48c9db4e1b4,17,"[1, 0, 1, 1, 1, 0, 1, 1]",4,1,-1,,0.625,8
4301,9ad241a9-8861-11f1-b264-b48c9db4e1b4,17,"[1, 0, 1, 1, 1, 0, 1, 1]",5,0,0,,0.625,8
4302,9ad241a9-8861-11f1-b264-b48c9db4e1b4,17,"[1, 0, 1, 1, 1, 0, 1, 1]",6,1,-1,,0.625,8
4303,9ad241a9-8861-11f1-b264-b48c9db4e1b4,17,"[1, 0, 1, 1, 1, 0, 1, 1]",7,1,-1,,0.625,8
4304,9ad241a9-8861-11f1-b264-b48c9db4e1b4,18,"[1, 0, 1, 0, 1, 1, 0, 1]",0,1,1,,0.625,8
4305,9ad241a9-8861-11f1-b264-b48c9db4e1b4,18,"[1, 0, 1, 0, 1, 1, 0, 1]",1,0,0,,0.625,8
4306,9ad241a9-8861-11f1-b264-b48c9db4e1b4,18,"[1, 0, 1, 0, 1, 1, 0, 1]",2,1,1,,0.625,8
4307,9ad241a9-8861-11f1-b264-b48c9db4e1b4,18,"[1, 0, 1, 0, 1, 1, 0, 1]",3,0,0,,0.625,8
4308,9ad241a9-8861-11f1-b264-b48c9db4e1b4,18,"[1, 0, 1, 0, 1, 1, 0, 1]",4,1,1,,0.625,8
4309,9ad241a9-8861-11f1-b264-b48c9db4e1b4,18,"[1, 0, 1, 0, 1, 1, 0, 1]",5,1,1,,0.625,8
4310,9ad241a9-8861-11f1-b264-b48c9db4e1b4,18,"[1, 0, 1, 0, 1, 1, 0, 1]",6,0,0,,0.625,8
4311,9ad241a9-8861-11f1-b264-b48c9db4e1b4,18,"[1, 0, 1, 0, 1, 1, 0, 1]",7,1,1,,0.625,8
4312,9ad241a9-8861-11f1-b264-b48c9db4e1b4,19,"[1, 0, 0, 1, 0, 0, 1, 1]",0,1,1,,0.625,8
4313,9ad241a9-8861-11f1-b264-b48c9db4e1b4,19,"[1, 0, 0, 1, 0, 0, 1, 1]",1,0,0,,0.625,8
4314,9ad241a9-8861-11f1-b264-b48c9db4e1b4,19,"[1, 0, 0, 1, 0, 0, 1, 1]",2,0,0,,0.625,8
4315,9ad241a9-8861-11f1-b264-b48c9db4e1b4,19,"[1, 0, 0, 1, 0, 0, 1, 1]",3,1,1,,0.625,8
4316,9ad241a9-8861-11f1-b264-b48c9db4e1b4,19,"[1, 0, 0, 1, 0, 0, 1, 1]",4,0,0,,0.625,8
4317,9ad241a9-8861-11f1-b264-b48c9db4e1b4,19,"[1, 0, 0, 1, 0, 0, 1, 1]",5,0,0,,0.625,8
4318,9ad241a9-8861-11f1-b264-b48c9db4e1b4,19,"[1, 0, 0, 1, 0, 0, 1, 1]",6,1,1,,0.625,8
4319,9ad241a9-8861-11f1-b264-b48c9db4e1b4,19,"[1, 0, 0, 1, 0, 0, 1, 1]",7,1,1,,0.625,8
4320,9ad51f88-8861-11f1-ba9b-b48c9db4e1b4,0,"[1, 1, 1, 1, 0, 0, 1, 1]",0,1,-1,,0.625,8
4321,9ad51f88-8861-11f1-ba9b-b48c9db4e1b4,0,"[1, 1, 1, 1, 0, 0, 1, 1]",1,1,-1,,0.625,8
4322,9ad51f88-8861-11f1-ba9b-b48c9db4e1b4,0,"[1, 1, 1, 1, 0, 0, 1, 1]",2,1,-1,,0.625,8
4323,9ad51f88-8861-11f1-ba9b-b48c9db4e1b4,0,"[1, 1, 1, 1, 0, 0, 1, 1]",3,1,-1,,0.625,8
4324,9ad51f88-8861-11f1-ba9b-b48c9db4e1b4,0,"[1, 1, 1, 1, 0, 0, 1, 1]",4,0,0,,0.625,8
4325,9ad51f88-8861-11f1-ba9b-b48c9db4e1b4,0,"[1, 1, 1, 1, 0, 0, 1, 1]",5,0,0,,0.625,8
4326,9ad51f88-8861-11f1-ba9b-b48c9db4e1b4,0,"[1, 1, 1, 1, 0, 0, 1, 1]",6,1,-1,,0.625,8
4327,9ad51f88-8861-11f1-ba9b-b48c9db4e1b4,0,"[1, 1, 1, 1, 0, 0, 1, 1]",7,1,-1,,0.625,8
4328,9ad51f88-8861-11f1-ba9b-b48c9db4e1b4,1,"[0, 1, 1, 0, 1, 0, 1, 1]",0,0,0,,0.625,8
4329,9ad51f88-8861-11f1-ba9b-b48c9db4e1b4,1,"[0, 1, 1, 0, 1, 0, 1, 1]",1,1,1,,0.625,8
4330,9ad51f88-8861-11f1-ba9b-b48c9db4e1b4,1,"[0, 1, 1, 0, 1, 0, 1, 1]",2,1,1,,0.625,8
4331,9ad51f88-8861-11f1-ba9b-b48c9db4e1b4,1,"[0, 1, 1, 0, 1, 0, 1, 1]",3,0,0,,0.625,8
4332,9ad51f88-8861-11f1-ba9b-b48c9db4e1b4,1,"[0, 1, 1, 0, 1, 0, 1, 1]",4,1,1,,0.625,8
4333,9ad51f88-8861-11f1-ba9b-b48c9db4e1b4,1,"[0, 1, 1, 0, 1, 0, 1, 1]",5,0,0,,0.625,8
4334,9ad51f88-8861-11f1-ba9b-b48c9db4e1b4,1,"[0, 1, 1, 0, 1, 0, 1, 1]",6,1,1,,0.625,8
4335,9ad51f88-8861-11f1-ba9b-b48c9db4e1b4,1,"[0, 1, 1, 0, 1, 0, 1, 1]",7,1,1,,0.625,8
4336,9ad51f88-8861-11f1-ba9b-b48c9db4e1b4,2,"[0, 0, 1, 0, 0, 0, 1, 0]",0,0,0,,0.625,8
4337,9ad51f88-8861-11f1-ba9b-b48c9db4e1b4,2,"[0, 0, 1, 0, 0, 0, 1, 0]",1,0,0,,0.625,8
4338,9ad51f88-8861-11f1-ba9b-b48c9db4e1b4,2,"[0, 0, 1, 0, 0, 0, 1, 0]",2,1,1,,0.625,8
4339,9ad51f88-8861-11f1-ba9b-b48c9db4e1b4,2,"[0, 0, 1, 0, 0, 0, 1, 0]",3,0,0,,0.625,8
4340,9ad51f88-8861-11f1-ba9b-b48c9db4e1b4,2,"[0, 0, 1, 0, 0, 0, 1, 0]",4,0,0,,0.625,8
4341,9ad51f88-8861-11f1-ba9b-b48c9db4e1b4,2,"[0, 0, 1, 0, 0, 0, 1, 0]",5,0,0,,0.625,8
4342,9ad51f88-8861-11f1-ba9b-b48c9db4e1b4,2,"[0, 0, 1, 0, 0, 0, 1, 0]",6,1,1,,0.625,8
4343,9ad51f88-8861-11f1-ba9b-b48c9db4e1b4,2,"[0, 0, 1, 0, 0, 0, 1, 0]",7,0,0,,0.625,8
4344,9ad51f88-8861-11f1-ba9b-b48c9db4e1b4,3,"[1, 0, 1, 0, 1, 1, 1, 1]",0,1,-1,,0.625,8
4345,9ad51f88-8861-11f1-ba9b-b48c9db4e1b4,3,"[1, 0, 1, 0, 1, 1, 1, 1]",1,0,0,,0.625,8
4346,9ad51f88-8861-11f1-ba9b-b48c9db4e1b4,3,"[1, 0, 1, 0, 1, 1, 1, 1]",2,1,-1,,0.625,8
4347,9ad51f88-8861-11f1-ba9b-b48c9db4e1b4,3,"[1, 0, 1, 0, 1, 1, 1, 1]",3,0,0,,0.625,8
4348,9ad51f88-8861-11f1-ba9b-b48c9db4e1b4,3,"[1, 0, 1, 0, 1, 1, 1, 1]",4,1,-1,,0.625,8
4349,9ad51f88-8861-11f1-ba9b-b48c9db4e1b4,3,"[1, 0, 1, 0, 1, 1, 1, 1]",5,1,-1,,0.625,8
4350,9ad51f88-8861-11f1-ba9b-b48c9db4e1b4,3,"[1, 0, 1, 0, 1, 1, 1, 1]",6,1,-1,,0.625,8
4351,9ad51f88-8861-11f1-ba9b-b48c9db4e1b4,3,"[1, 0, 1, 0, 1, 1, 1, 1]",7,1,-1,,0.625,8
4352,9ad51f88-8861-11f1-ba9b-b48c9db4e1b4,4,"[1, 0, 0, 1, 0, 0, 1, 1]",0,1,1,,0.625,8
4353,9ad51f88-8861-11f1-ba9b-b48c9db4e1b4,4,"[1, 0, 0, 1, 0, 0, 1, 1]",1,0,0,,0.625,8
4354,9ad51f88-8861-11f1-ba9b-b48c9db4e1b4,4,"[1, 0, 0, 1, 0, 0, 1, 1]",2,0,0,,0.625,8
4355,9ad51f88-8861-11f1-ba9b-b48c9db4e1b4,4,"[1, 0, 0, 1, 0, 0, 1, 1]",3,1,1,,0.625,8
4356,9ad51f88-8861-11f1-ba9b-b48c9db4e1b4,4,"[1, 0, 0, 1, 0, 0, 1, 1]",4,0,0,,0.625,8
4357,9ad51f88-8861-11f1-ba9b-b48c9db4e1b4,4,"[1, 0, 0, 1, 0, 0, 1, 1]",5,0,0,,0.625,8
4358,9ad51f88-8861-11f1-ba9b-b48c9db4e1b4,4,"[1, 0, 0, 1, 0, 0, 1, 1]",6,1,1,,0.625,8
4359,9ad51f88-8861-11f1-ba9b-b48c9db4e1b4,4,"[1, 0, 0, 1, 0, 0, 1, 1]",7,1,1,,0.625,8
4360,9ad51f88-8861-11f1-ba9b-b48c9db4e1b4,5,"[1, 0, 0, 1, 1, 1, 0, 0]",0,1,1,,0.625,8
4361,9ad51f88-8861-11f1-ba9b-b48c9db4e1b4,5,"[1, 0, 0, 1, 1, 1, 0, 0]",1,0,0,,0.625,8
4362,9ad51f88-8861-11f1-ba9b-b48c9db4e1b4,5,"[1, 0, 0, 1, 1, 1, 0, 0]",2,0,0,,0.625,8
4363,9ad51f88-8861-11f1-ba9b-b48c9db4e1b4,5,"[1, 0, 0, 1, 1, 1, 0, 0]",3,1,1,,0.625,8
4364,9ad51f88-8861-11f1-ba9b-b48c9db4e1b4,5,"[1, 0, 0, 1, 1, 1, 0, 0]",4,1,1,,0.625,8
4365,9ad51f88-8861-11f1-ba9b-b48c9db4e1b4,5,"[1, 0, 0, 1, 1, 1, 0, 0]",5,1,1,,0.625,8
4366,9ad51f88-8861-11f1-ba9b-b48c9db4e1b4,5,"[1, 0, 0, 1, 1, 1, 0, 0]",6,0,0,,0.625,8
4367,9ad51f88-8861-11f1-ba9b-b48c9db4e1b4,5,"[1, 0, 0, 1, 1, 1, 0, 0]",7,0,0,,0.625,8
4368,9ad51f88-8861-11f1-ba9b-b48c9db4e1b4,6,"[0, 1, 1, 1, 1, 0, 1, 1]",0,0,0,,0.625,8
4369,9ad51f88-8861-11f1-ba9b-b48c9db4e1b4,6,"[0, 1, 1, 1, 1, 0, 1, 1]",1,1,-1,,0.625,8
4370,9ad51f88-8861-11f1-ba9b-b48c9db4e1b4,6,"[0, 1, 1, 1, 1, 0, 1, 1]",2,1,-1,,0.625,8
4371,9ad51f88-8861-11f1-ba9b-b48c9db4e1b4,6,"[0, 1, 1, 1, 1, 0, 1, 1]",3,1,-1,,0.625,8
4372,9ad51f88-8861-11f1-ba9b-b48c9db4e1b4,6,"[0, 1, 1, 1, 1, 0, 1, 1]",4,1,-1,,0.625,8
4373,9ad51f88-8861-11f1-ba9b-b48c9db4e1b4,6,"[0, 1, 1, 1, 1, 0, 1, 1]",5,0,0,,0.625,8
4374,9ad51f88-8861-11f1-ba9b-b48c9db4e1b4,6,"[0, 1, 1, 1, 1, 0, 1, 1]",6,1,-1,,0.625,8
4375,9ad51f88-8861-11f1-ba9b-b48c9db4e1b4,6,"[0, 1, 1, 1, 1, 0, 1, 1]",7,1,-1,,0.625,8
4376,9ad51f88-8861-11f1-ba9b-b48c9db4e1b4,7,"[0, 1, 0, 1, 1, 0, 1, 1]",0,0,0,,0.625,8
4377,9ad51f88-8861-11f1-ba9b-b48c9db4e1b4,7,"[0, 1, 0, 1, 1, 0, 1, 1]",1,1,1,,0.625,8
4378,9ad51f88-8861-11f1-ba9b-b48c9db4e1b4,7,"[0, 1, 0, 1, 1, 0, 1, 1]",2,0,0,,0.625,8
4379,9ad51f88-8861-11f1-ba9b-b48c9db4e1b4,7,"[0, 1, 0, 1, 1, 0, 1, 1]",3,1,1,,0.625,8
4380,9ad51f88-8861-11f1-ba9b-b48c9db4e1b4,7,"[0, 1, 0, 1, 1, 0, 1, 1]",4,1,1,,0.625,8
4381,9ad51f88-8861-11f1-ba9b-b48c9db4e1b4,7,"[0, 1, 0, 1, 1, 0, 1, 1]",5,0,0,,0.625,8
4382,9ad51f88-8861-11f1-ba9b-b48c9db4e1b4,7,"[0, 1, 0, 1, 1, 0, 1, 1]",6,1,1,,0.625,8
4383,9ad51f88-8861-11f1-ba9b-b48c9db4e1b4,7,"[0, 1, 0, 1, 1, 0, 1, 1]",7,1,1,,0.625,8
4384,9ad51f88-8861-11f1-ba9b-b48c9db4e1b4,8,"[1, 1, 0, 0, 1, 0, 1, 1]",0,1,1,,0.625,8
4385,9ad51f88-8861-11f1-ba9b-b48c9db4e1b4,8,"[1, 1, 0, 0, 1, 0, 1, 1]",1,1,1,,0.625,8
4386,9ad51f88-8861-11f1-ba9b-b48c9db4e1b4,8,"[1, 1, 0, 0, 1, 0, 1, 1]",2,0,0,,0.625,8
4387,9ad51f88-8861-11f1-ba9b-b48c9db4e1b4,8,"[1, 1, 0, 0, 1, 0, 1, 1]",3,0,0,,0.625,8
4388,9ad51f88-8861-11f1-ba9b-b48c9db4e1b4,8,"[1, 1, 0, 0, 1, 0, 1, 1]",4,1,1,,0.625,8
4389,9ad51f88-8861-11f1-ba9b-b48c9db4e1b4,8,"[1, 1, 0, 0, 1, 0, 1, 1]",5,0,0,,0.625,8
4390,9ad51f88-8861-11f1-ba9b-b48c9db4e1b4,8,"[1, 1, 0, 0, 1, 0, 1, 1]",6,1,1,,0.625,8
4391,9ad51f88-8861-11f1-ba9b-b48c9db4e1b4,8,"[1, 1, 0, 0, 1, 0, 1, 1]",7,1,1,,0.625,8
4392,9ad51f88-8861-11f1-ba9b-b48c9db4e1b4,9,"[1, 0, 1, 0, 0, 1, 0, 1]",0,1,1,,0.625,8
4393,9ad51f88-8861-11f1-ba9b-b48c9db4e1b4,9,"[1, 0, 1, 0, 0, 1, 0, 1]",1,0,0,,0.625,8
4394,9ad51f88-8861-11f1-ba9b-b48c9db4e1b4,9,"[1, 0, 1, 0, 0, 1, 0, 1]",2,1,1,,0.625,8
4395,9ad51f88-8861-11f1-ba9b-b48c9db4e1b4,9,"[1, 0, 1, 0, 0, 1, 0, 1]",3,0,0,,0.625,8
4396,9ad51f88-8861-11f1-ba9b-b48c9db4e1b4,9,"[1, 0, 1, 0, 0, 1, 0, 1]",4,0,0,,0.625,8
4397,9ad51f88-8861-11f1-ba9b-b48c9db4e1b4,9,"[1, 0, 1, 0, 0, 1, 0, 1]",5,1,1,,0.625,8
4398,9ad51f88-8861-11f1-ba9b-b48c9db4e1b4,9,"[1, 0, 1, 0, 0, 1, 0, 1]",6,0,0,,0.625,8
4399,9ad51f88-8861-11f1-ba9b-b48c9db4e1b4,9,"[1, 0, 1, 0, 0, 1, 0, 1]",7,1,1,,0.625,8
4400,9ad51f88-8861-11f1-ba9b-b48c9db4e1b4,10,"[0, 0, 0, 1, 0, 1, 1, 1]",0,0,0,,0.625,8
4401,9ad51f88-8861-11f1-ba9b-b48c9db4e1b4,10,"[0, 0, 0, 1, 0, 1, 1, 1]",1,0,0,,0.625,8
4402,9ad51f88-8861-11f1-ba9b-b48c9db4e1b4,10,"[0, 0, 0, 1, 0, 1, 1, 1]",2,0,0,,0.625,8
4403,9ad51f88-8861-11f1-ba9b-b48c9db4e1b4,10,"[0, 0, 0, 1, 0, 1, 1, 1]",3,1,1,,0.625,8
4404,9ad51f88-8861-11f1-ba9b-b48c9db4e1b4,10,"[0, 0, 0, 1, 0, 1, 1, 1]",4,0,0,,0.625,8
4405,9ad51f88-8861-11f1-ba9b-b48c9db4e1b4,10,"[0, 0, 0, 1, 0, 1, 1, 1]",5,1,1,,0.625,8
4406,9ad51f88-8861-11f1-ba9b-b48c9db4e1b4,10,"[0, 0, 0, 1, 0, 1, 1, 1]",6,1,1,,0.625,8
4407,9ad51f88-8861-11f1-ba9b-b48c9db4e1b4,10,"[0, 0, 0, 1, 0, 1, 1, 1]",7,1,1,,0.625,8
4408,9ad51f88-8861-11f1-ba9b-b48c9db4e1b4,11,"[0, 1, 1, 0, 1, 0, 1, 0]",0,0,0,,0.625,8
4409,9ad51f88-8861-11f1-ba9b-b48c9db4e1b4,11,"[0, 1, 1, 0, 1, 0, 1, 0]",1,1,1,,0.625,8
4410,9ad51f88-8861-11f1-ba9b-b48c9db4e1b4,11,"[0, 1, 1, 0, 1, 0, 1, 0]",2,1,1,,0.625,8
4411,9ad51f88-8861-11f1-ba9b-b48c9db4e1b4,11,"[0, 1, 1, 0, 1, 0, 1, 0]",3,0,0,,0.625,8
4412,9ad51f88-8861-11f1-ba9b-b48c9db4e1b4,11,"[0, 1, 1, 0, 1, 0, 1, 0]",4,1,1,,0.625,8
4413,9ad51f88-8861-11f1-ba9b-b48c9db4e1b4,11,"[0, 1, 1, 0, 1, 0, 1, 0]",5,0,0,,0.625,8
4414,9ad51f88-8861-11f1-ba9b-b48c9db4e1b4,11,"[0, 1, 1, 0, 1, 0, 1, 0]",6,1,1,,0.625,8
4415,9ad51f88-8861-11f1-ba9b-b48c9db4e1b4,11,"[0, 1, 1, 0, 1, 0, 1, 0]",7,0,0,,0.625,8
4416,9ad51f88-8861-11f1-ba9b-b48c9db4e1b4,12,"[1, 1, 1, 1, 1, 1, 1, 0]",0,1,-1,,0.625,8
4417,9ad51f88-8861-11f1-ba9b-b48c9db4e1b4,12,"[1, 1, 1, 1, 1, 1, 1, 0]",1,1,-1,,0.625,8
4418,9ad51f88-8861-11f1-ba9b-b48c9db4e1b4,12,"[1, 1, 1, 1, 1, 1, 1, 0]",2,1,-1,,0.625,8
4419,9ad51f88-8861-11f1-ba9b-b48c9db4e1b4,12,"[1, 1, 1, 1, 1, 1, 1, 0]",3,1,-1,,0.625,8
4420,9ad51f88-8861-11f1-ba9b-b48c9db4e1b4,12,"[1, 1, 1, 1, 1, 1, 1, 0]",4,1,-1,,0.625,8
4421,9ad51f88-8861-11f1-ba9b-b48c9db4e1b4,12,"[1, 1, 1, 1, 1, 1, 1, 0]",5,1,-1,,0.625,8
4422,9ad51f88-8861-11f1-ba9b-b48c9db4e1b4,12,"[1, 1, 1, 1, 1, 1, 1, 0]",6,1,-1,,0.625,8
4423,9ad51f88-8861-11f1-ba9b-b48c9db4e1b4,12,"[1, 1, 1, 1, 1, 1, 1, 0]",7,0,0,,0.625,8
4424,9ad51f88-8861-11f1-ba9b-b48c9db4e1b4,13,"[0, 1, 1, 1, 1, 0, 1, 1]",0,0,0,,0.625,8
4425,9ad51f88-8861-11f1-ba9b-b48c9db4e1b4,13,"[0, 1, 1, 1, 1, 0, 1, 1]",1,1,-1,,0.625,8
4426,9ad51f88-8861-11f1-ba9b-b48c9db4e1b4,13,"[0, 1, 1, 1, 1, 0, 1, 1]",2,1,-1,,0.625,8
4427,9ad51f88-8861-11f1-ba9b-b48c9db4e1b4,13,"[0, 1, 1, 1, 1, 0, 1, 1]",3,1,-1,,0.625,8
4428,9ad51f88-8861-11f1-ba9b-b48c9db4e1b4,13,"[0, 1, 1, 1, 1, 0, 1, 1]",4,1,-1,,0.625,8
4429,9ad51f88-8861-11f1-ba9b-b48c9db4e1b4,13,"[0, 1, 1, 1, 1, 0, 1, 1]",5,0,0,,0.625,8
4430,9ad51f88-8861-11f1-ba9b-b48c9db4e1b4,13,"[0, 1, 1, 1, 1, 0, 1, 1]",6,1,-1,,0.625,8
4431,9ad51f88-8861-11f1-ba9b-b48c9db4e1b4,13,"[0, 1, 1, 1, 1, 0, 1, 1]",7,1,-1,,0.625,8
4432,9ad51f88-8861-11f1-ba9b-b48c9db4e1b4,14,"[1, 0, 0, 0, 0, 1, 0, 1]",0,1,1,,0.625,8
4433,9ad51f88-8861-11f1-ba9b-b48c9db4e1b4,14,"[1, 0, 0, 0, 0, 1, 0, 1]",1,0,0,,0.625,8
4434,9ad51f88-8861-11f1-ba9b-b48c9db4e1b4,14,"[1, 0, 0, 0, 0, 1, 0, 1]",2,0,0,,0.625,8
4435,9ad51f88-8861-11f1-ba9b-b48c9db4e1b4,14,"[1, 0, 0, 0, 0, 1, 0, 1]",3,0,0,,0.625,8
4436,9ad51f88-8861-11f1-ba9b-b48c9db4e1b4,14,"[1, 0, 0, 0, 0, 1, 0, 1]",4,0,0,,0.625,8
4437,9ad51f88-8861-11f1-ba9b-b48c9db4e1b4,14,"[1, 0, 0, 0, 0, 1, 0, 1]",5,1,1,,0.625,8
4438,9ad51f88-8861-11f1-ba9b-b48c9db4e1b4,14,"[1, 0, 0, 0, 0, 1, 0, 1]",6,0,0,,0.625,8
4439,9ad51f88-8861-11f1-ba9b-b48c9db4e1b4,14,"[1, 0, 0, 0, 0, 1, 0, 1]",7,1,1,,0.625,8
4440,9ad51f88-8861-11f1-ba9b-b48c9db4e1b4,15,"[1, 1, 0, 0, 1, 0, 1, 1]",0,1,1,,0.625,8
4441,9ad51f88-8861-11f1-ba9b-b48c9db4e1b4,15,"[1, 1, 0, 0, 1, 0, 1, 1]",1,1,1,,0.625,8
4442,9ad51f88-8861-11f1-ba9b-b48c9db4e1b4,15,"[1, 1, 0, 0, 1, 0, 1, 1]",2,0,0,,0.625,8
4443,9ad51f88-8861-11f1-ba9b-b48c9db4e1b4,15,"[1, 1, 0, 0, 1, 0, 1, 1]",3,0,0,,0.625,8
4444,9ad51f88-8861-11f1-ba9b-b48c9db4e1b4,15,"[1, 1, 0, 0, 1, 0, 1, 1]",4,1,1,,0.625,8
4445,9ad51f88-8861-11f1-ba9b-b48c9db4e1b4,15,"[1, 1, 0, 0, 1, 0, 1, 1]",5,0,0,,0.625,8
4446,9ad51f88-8861-11f1-ba9b-b48c9db4e1b4,15,"[1, 1, 0, 0, 1, 0, 1, 1]",6,1,1,,0.625,8
4447,9ad51f88-8861-11f1-ba9b-b48c9db4e1b4,15,"[1, 1, 0, 0, 1, 0, 1, 1]",7,1,1,,0.625,8
4448,9ad51f88-8861-11f1-ba9b-b48c9db4e1b4,16,"[0, 0, 1, 0, 1, 0, 1, 0]",0,0,0,,0.625,8
4449,9ad51f88-8861-11f1-ba9b-b48c9db4e1b4,16,"[0, 0, 1, 0, 1, 0, 1, 0]",1,0,0,,0.625,8
4450,9ad51f88-8861-11f1-ba9b-b48c9db4e1b4,16,"[0, 0, 1, 0, 1, 0, 1, 0]",2,1,1,,0.625,8
4451,9ad51f88-8861-11f1-ba9b-b48c9db4e1b4,16,"[0, 0, 1, 0, 1, 0, 1, 0]",3,0,0,,0.625,8
4452,9ad51f88-8861-11f1-ba9b-b48c9db4e1b4,16,"[0, 0, 1, 0, 1, 0, 1, 0]",4,1,1,,0.625,8
4453,9ad51f88-8861-11f1-ba9b-b48c9db4e1b4,16,"[0, 0, 1, 0, 1, 0, 1, 0]",5,0,0,,0.625,8
4454,9ad51f88-8861-11f1-ba9b-b48c9db4e1b4,16,"[0, 0, 1, 0, 1, 0, 1, 0]",6,1,1,,0.625,8
4455,9ad51f88-8861-11f1-ba9b-b48c9db4e1b4,16,"[0, 0, 1, 0, 1, 0, 1, 0]",7,0,0,,0.625,8
4456,9ad51f88-8861-11f1-ba9b-b48c9db4e1b4,17,"[0, 1, 1, 0, 1, 1, 1, 1]",0,0,0,,0.625,8
4457,9ad51f88-8861-11f1-ba9b-b48c9db4e1b4,17,"[0, 1, 1, 0, 1, 1, 1, 1]",1,1,-1,,0.625,8
4458,9ad51f88-8861-11f1-ba9b-b48c9db4e1b4,17,"[0, 1, 1, 0, 1, 1, 1, 1]",2,1,-1,,0.625,8
4459,9ad51f88-8861-11f1-ba9b-b48c9db4e1b4,17,"[0, 1, 1, 0, 1, 1, 1, 1]",3,0,0,,0.625,8
4460,9ad51f88-8861-11f1-ba9b-b48c9db4e1b4,17,"[0, 1, 1, 0, 1, 1, 1, 1]",4,1,-1,,0.625,8
4461,9ad51f88-8861-11f1-ba9b-b48c9db4e1b4,17,"[0, 1, 1, 0, 1, 1, 1, 1]",5,1,-1,,0.625,8
4462,9ad51f88-8861-11f1-ba9b-b48c9db4e1b4,17,"[0, 1, 1, 0, 1, 1, 1, 1]",6,1,-1,,0.625,8
4463,9ad51f88-8861-11f1-ba9b-b48c9db4e1b4,17,"[0, 1, 1, 0, 1, 1, 1, 1]",7,1,-1,,0.625,8
4464,9ad51f88-8861-11f1-ba9b-b48c9db4e1b4,18,"[0, 1, 0, 1, 0, 1, 0, 0]",0,0,0,,0.625,8
4465,9ad51f88-8861-11f1-ba9b-b48c9db4e1b4,18,"[0, 1, 0, 1, 0, 1, 0, 0]",1,1,1,,0.625,8
4466,9ad51f88-8861-11f1-ba9b-b48c9db4e1b4,18,"[0, 1, 0, 1, 0, 1, 0, 0]",2,0,0,,0.625,8
4467,9ad51f88-8861-11f1-ba9b-b48c9db4e1b4,18,"[0, 1, 0, 1, 0, 1, 0, 0]",3,1,1,,0.625,8
4468,9ad51f88-8861-11f1-ba9b-b48c9db4e1b4,18,"[0, 1, 0, 1, 0, 1, 0, 0]",4,0,0,,0.625,8
4469,9ad51f88-8861-11f1-ba9b-b48c9db4e1b4,18,"[0, 1, 0, 1, 0, 1, 0, 0]",5,1,1,,0.625,8
4470,9ad51f88-8861-11f1-ba9b-b48c9db4e1b4,18,"[0, 1, 0, 1, 0, 1, 0, 0]",6,0,0,,0.625,8
4471,9ad51f88-8861-11f1-ba9b-b48c9db4e1b4,18,"[0, 1, 0, 1, 0, 1, 0, 0]",7,0,0,,0.625,8
4472,9ad51f88-8861-11f1-ba9b-b48c9db4e1b4,19,"[1, 0, 1, 1, 1, 0, 0, 0]",0,1,1,,0.625,8
4473,9ad51f88-8861-11f1-ba9b-b48c9db4e1b4,19,"[1, 0, 1, 1, 1, 0, 0, 0]",1,0,0,,0.625,8
4474,9ad51f88-8861-11f1-ba9b-b48c9db4e1b4,19,"[1, 0, 1, 1, 1, 0, 0, 0]",2,1,1,,0.625,8
4475,9ad51f88-8861-11f1-ba9b-b48c9db4e1b4,19,"[1, 0, 1, 1, 1, 0, 0, 0]",3,1,1,,0.625,8
4476,9ad51f88-8861-11f1-ba9b-b48c9db4e1b4,19,"[1, 0, 1, 1, 1, 0, 0, 0]",4,1,1,,0.625,8
4477,9ad51f88-8861-11f1-ba9b-b48c9db4e1b4,19,"[1, 0, 1, 1, 1, 0, 0, 0]",5,0,0,,0.625,8
4478,9ad51f88-8861-11f1-ba9b-b48c9db4e1b4,19,"[1, 0, 1, 1, 1, 0, 0, 0]",6,0,0,,0.625,8
4479,9ad51f88-8861-11f1-ba9b-b48c9db4e1b4,19,"[1, 0, 1, 1, 1, 0, 0, 0]",7,0,0,,0.625,8
4480,9ad84704-8861-11f1-9b09-b48c9db4e1b4,0,"[0, 0, 1, 0, 0, 0, 1, 1]",0,0,0,,0.625,8
4481,9ad84704-8861-11f1-9b09-b48c9db4e1b4,0,"[0, 0, 1, 0, 0, 0, 1, 1]",1,0,0,,0.625,8
4482,9ad84704-8861-11f1-9b09-b48c9db4e1b4,0,"[0, 0, 1, 0, 0, 0, 1, 1]",2,1,1,,0.625,8
4483,9ad84704-8861-11f1-9b09-b48c9db4e1b4,0,"[0, 0, 1, 0, 0, 0, 1, 1]",3,0,0,,0.625,8
4484,9ad84704-8861-11f1-9b09-b48c9db4e1b4,0,"[0, 0, 1, 0, 0, 0, 1, 1]",4,0,0,,0.625,8
4485,9ad84704-8861-11f1-9b09-b48c9db4e1b4,0,"[0, 0, 1, 0, 0, 0, 1, 1]",5,0,0,,0.625,8
4486,9ad84704-8861-11f1-9b09-b48c9db4e1b4,0,"[0, 0, 1, 0, 0, 0, 1, 1]",6,1,1,,0.625,8
4487,9ad84704-8861-11f1-9b09-b48c9db4e1b4,0,"[0, 0, 1, 0, 0, 0, 1, 1]",7,1,1,,0.625,8
4488,9ad84704-8861-11f1-9b09-b48c9db4e1b4,1,"[1, 1, 0, 1, 1, 0, 0, 1]",0,1,1,,0.625,8
4489,9ad84704-8861-11f1-9b09-b48c9db4e1b4,1,"[1, 1, 0, 1, 1, 0, 0, 1]",1,1,1,,0.625,8
4490,9ad84704-8861-11f1-9b09-b48c9db4e1b4,1,"[1, 1, 0, 1, 1, 0, 0, 1]",2,0,0,,0.625,8
4491,9ad84704-8861-11f1-9b09-b48c9db4e1b4,1,"[1, 1, 0, 1, 1, 0, 0, 1]",3,1,1,,0.625,8
4492,9ad84704-8861-11f1-9b09-b48c9db4e1b4,1,"[1, 1, 0, 1, 1, 0, 0, 1]",4,1,1,,0.625,8
4493,9ad84704-8861-11f1-9b09-b48c9db4e1b4,1,"[1, 1, 0, 1, 1, 0, 0, 1]",5,0,0,,0.625,8
4494,9ad84704-8861-11f1-9b09-b48c9db4e1b4,1,"[1, 1, 0, 1, 1, 0, 0, 1]",6,0,0,,0.625,8
4495,9ad84704-8861-11f1-9b09-b48c9db4e1b4,1,"[1, 1, 0, 1, 1, 0, 0, 1]",7,1,1,,0.625,8
4496,9ad84704-8861-11f1-9b09-b48c9db4e1b4,2,"[1, 1, 1, 0, 0, 0, 1, 1]",0,1,1,,0.625,8
4497,9ad84704-8861-11f1-9b09-b48c9db4e1b4,2,"[1, 1, 1, 0, 0, 0, 1, 1]",1,1,1,,0.625,8
4498,9ad84704-8861-11f1-9b09-b48c9db4e1b4,2,"[1, 1, 1, 0, 0, 0, 1, 1]",2,1,1,,0.625,8
4499,9ad84704-8861-11f1-9b09-b48c9db4e1b4,2,"[1, 1, 1, 0, 0, 0, 1, 1]",3,0,0,,0.625,8
4500,9ad84704-8861-11f1-9b09-b48c9db4e1b4,2,"[1, 1, 1, 0, 0, 0, 1, 1]",4,0,0,,0.625,8
4501,9ad84704-8861-11f1-9b09-b48c9db4e1b4,2,"[1, 1, 1, 0, 0, 0, 1, 1]",5,0,0,,0.625,8
4502,9ad84704-8861-11f1-9b09-b48c9db4e1b4,2,"[1, 1, 1, 0, 0, 0, 1, 1]",6,1,1,,0.625,8
4503,9ad84704-8861-11f1-9b09-b48c9db4e1b4,2,"[1, 1, 1, 0, 0, 0, 1, 1]",7,1,1,,0.625,8
4504,9ad84704-8861-11f1-9b09-b48c9db4e1b4,3,"[0, 1, 1, 1, 1, 0, 0, 1]",0,0,0,,0.625,8
4505,9ad84704-8861-11f1-9b09-b48c9db4e1b4,3,"[0, 1, 1, 1, 1, 0, 0, 1]",1,1,1,,0.625,8
4506,9ad84704-8861-11f1-9b09-b48c9db4e1b4,3,"[0, 1, 1, 1, 1, 0, 0, 1]",2,1,1,,0.625,8
4507,9ad84704-8861-11f1-9b09-b48c9db4e1b4,3,"[0, 1, 1, 1, 1, 0, 0, 1]",3,1,1,,0.625,8
4508,9ad84704-8861-11f1-9b09-b48c9db4e1b4,3,"[0, 1, 1, 1, 1, 0, 0, 1]",4,1,1,,0.625,8
4509,9ad84704-8861-11f1-9b09-b48c9db4e1b4,3,"[0, 1, 1, 1, 1, 0, 0, 1]",5,0,0,,0.625,8
4510,9ad84704-8861-11f1-9b09-b48c9db4e1b4,3,"[0, 1, 1, 1, 1, 0, 0, 1]",6,0,0,,0.625,8
4511,9ad84704-8861-11f1-9b09-b48c9db4e1b4,3,"[0, 1, 1, 1, 1, 0, 0, 1]",7,1,1,,0.625,8
4512,9ad84704-8861-11f1-9b09-b48c9db4e1b4,4,"[0, 0, 1, 0, 1, 1, 0, 1]",0,0,0,,0.625,8
4513,9ad84704-8861-11f1-9b09-b48c9db4e1b4,4,"[0, 0, 1, 0, 1, 1, 0, 1]",1,0,0,,0.625,8
4514,9ad84704-8861-11f1-9b09-b48c9db4e1b4,4,"[0, 0, 1, 0, 1, 1, 0, 1]",2,1,1,,0.625,8
4515,9ad84704-8861-11f1-9b09-b48c9db4e1b4,4,"[0, 0, 1, 0, 1, 1, 0, 1]",3,0,0,,0.625,8
4516,9ad84704-8861-11f1-9b09-b48c9db4e1b4,4,"[0, 0, 1, 0, 1, 1, 0, 1]",4,1,1,,0.625,8
4517,9ad84704-8861-11f1-9b09-b48c9db4e1b4,4,"[0, 0, 1, 0, 1, 1, 0, 1]",5,1,1,,0.625,8
4518,9ad84704-8861-11f1-9b09-b48c9db4e1b4,4,"[0, 0, 1, 0, 1, 1, 0, 1]",6,0,0,,0.625,8
4519,9ad84704-8861-11f1-9b09-b48c9db4e1b4,4,"[0, 0, 1, 0, 1, 1, 0, 1]",7,1,1,,0.625,8
4520,9ad84704-8861-11f1-9b09-b48c9db4e1b4,5,"[0, 1, 0, 0, 0, 1, 1, 1]",0,0,0,,0.625,8
4521,9ad84704-8861-11f1-9b09-b48c9db4e1b4,5,"[0, 1, 0, 0, 0, 1, 1, 1]",1,1,1,,0.625,8
4522,9ad84704-8861-11f1-9b09-b48c9db4e1b4,5,"[0, 1, 0, 0, 0, 1, 1, 1]",2,0,0,,0.625,8
4523,9ad84704-8861-11f1-9b09-b48c9db4e1b4,5,"[0, 1, 0, 0, 0, 1, 1, 1]",3,0,0,,0.625,8
4524,9ad84704-8861-11f1-9b09-b48c9db4e1b4,5,"[0, 1, 0, 0, 0, 1, 1, 1]",4,0,0,,0.625,8
4525,9ad84704-8861-11f1-9b09-b48c9db4e1b4,5,"[0, 1, 0, 0, 0, 1, 1, 1]",5,1,1,,0.625,8
4526,9ad84704-8861-11f1-9b09-b48c9db4e1b4,5,"[0, 1, 0, 0, 0, 1, 1, 1]",6,1,1,,0.625,8
4527,9ad84704-8861-11f1-9b09-b48c9db4e1b4,5,"[0, 1, 0, 0, 0, 1, 1, 1]",7,1,1,,0.625,8
4528,9ad84704-8861-11f1-9b09-b48c9db4e1b4,6,"[1, 0, 0, 0, 0, 1, 1, 1]",0,1,1,,0.625,8
4529,9ad84704-8861-11f1-9b09-b48c9db4e1b4,6,"[1, 0, 0, 0, 0, 1, 1, 1]",1,0,0,,0.625,8
4530,9ad84704-8861-11f1-9b09-b48c9db4e1b4,6,"[1, 0, 0, 0, 0, 1, 1, 1]",2,0,0,,0.625,8
4531,9ad84704-8861-11f1-9b09-b48c9db4e1b4,6,"[1, 0, 0, 0, 0, 1, 1, 1]",3,0,0,,0.625,8
4532,9ad84704-8861-11f1-9b09-b48c9db4e1b4,6,"[1, 0, 0, 0, 0, 1, 1, 1]",4,0,0,,0.625,8
4533,9ad84704-8861-11f1-9b09-b48c9db4e1b4,6,"[1, 0, 0, 0, 0, 1, 1, 1]",5,1,1,,0.625,8
4534,9ad84704-8861-11f1-9b09-b48c9db4e1b4,6,"[1, 0, 0, 0, 0, 1, 1, 1]",6,1,1,,0.625,8
4535,9ad84704-8861-11f1-9b09-b48c9db4e1b4,6,"[1, 0, 0, 0, 0, 1, 1, 1]",7,1,1,,0.625,8
4536,9ad84704-8861-11f1-9b09-b48c9db4e1b4,7,"[1, 0, 0, 1, 1, 1, 1, 0]",0,1,1,,0.625,8
4537,9ad84704-8861-11f1-9b09-b48c9db4e1b4,7,"[1, 0, 0, 1, 1, 1, 1, 0]",1,0,0,,0.625,8
4538,9ad84704-8861-11f1-9b09-b48c9db4e1b4,7,"[1, 0, 0, 1, 1, 1, 1, 0]",2,0,0,,0.625,8
4539,9ad84704-8861-11f1-9b09-b48c9db4e1b4,7,"[1, 0, 0, 1, 1, 1, 1, 0]",3,1,1,,0.625,8
4540,9ad84704-8861-11f1-9b09-b48c9db4e1b4,7,"[1, 0, 0, 1, 1, 1, 1, 0]",4,1,1,,0.625,8
4541,9ad84704-8861-11f1-9b09-b48c9db4e1b4,7,"[1, 0, 0, 1, 1, 1, 1, 0]",5,1,1,,0.625,8
4542,9ad84704-8861-11f1-9b09-b48c9db4e1b4,7,"[1, 0, 0, 1, 1, 1, 1, 0]",6,1,1,,0.625,8
4543,9ad84704-8861-11f1-9b09-b48c9db4e1b4,7,"[1, 0, 0, 1, 1, 1, 1, 0]",7,0,0,,0.625,8
4544,9ad84704-8861-11f1-9b09-b48c9db4e1b4,8,"[0, 1, 1, 1, 0, 0, 1, 1]",0,0,0,,0.625,8
4545,9ad84704-8861-11f1-9b09-b48c9db4e1b4,8,"[0, 1, 1, 1, 0, 0, 1, 1]",1,1,1,,0.625,8
4546,9ad84704-8861-11f1-9b09-b48c9db4e1b4,8,"[0, 1, 1, 1, 0, 0, 1, 1]",2,1,1,,0.625,8
4547,9ad84704-8861-11f1-9b09-b48c9db4e1b4,8,"[0, 1, 1, 1, 0, 0, 1, 1]",3,1,1,,0.625,8
4548,9ad84704-8861-11f1-9b09-b48c9db4e1b4,8,"[0, 1, 1, 1, 0, 0, 1, 1]",4,0,0,,0.625,8
4549,9ad84704-8861-11f1-9b09-b48c9db4e1b4,8,"[0, 1, 1, 1, 0, 0, 1, 1]",5,0,0,,0.625,8
4550,9ad84704-8861-11f1-9b09-b48c9db4e1b4,8,"[0, 1, 1, 1, 0, 0, 1, 1]",6,1,1,,0.625,8
4551,9ad84704-8861-11f1-9b09-b48c9db4e1b4,8,"[0, 1, 1, 1, 0, 0, 1, 1]",7,1,1,,0.625,8
4552,9ad84704-8861-11f1-9b09-b48c9db4e1b4,9,"[1, 1, 1, 0, 1, 1, 1, 1]",0,1,-1,,0.625,8
4553,9ad84704-8861-11f1-9b09-b48c9db4e1b4,9,"[1, 1, 1, 0, 1, 1, 1, 1]",1,1,-1,,0.625,8
4554,9ad84704-8861-11f1-9b09-b48c9db4e1b4,9,"[1, 1, 1, 0, 1, 1, 1, 1]",2,1,-1,,0.625,8
4555,9ad84704-8861-11f1-9b09-b48c9db4e1b4,9,"[1, 1, 1, 0, 1, 1, 1, 1]",3,0,0,,0.625,8
4556,9ad84704-8861-11f1-9b09-b48c9db4e1b4,9,"[1, 1, 1, 0, 1, 1, 1, 1]",4,1,-1,,0.625,8
4557,9ad84704-8861-11f1-9b09-b48c9db4e1b4,9,"[1, 1, 1, 0, 1, 1, 1, 1]",5,1,-1,,0.625,8
4558,9ad84704-8861-11f1-9b09-b48c9db4e1b4,9,"[1, 1, 1, 0, 1, 1, 1, 1]",6,1,-1,,0.625,8
4559,9ad84704-8861-11f1-9b09-b48c9db4e1b4,9,"[1, 1, 1, 0, 1, 1, 1, 1]",7,1,-1,,0.625,8
4560,9ad84704-8861-11f1-9b09-b48c9db4e1b4,10,"[0, 0, 0, 1, 1, 1, 1, 1]",0,0,0,,0.625,8
4561,9ad84704-8861-11f1-9b09-b48c9db4e1b4,10,"[0, 0, 0, 1, 1, 1, 1, 1]",1,0,0,,0.625,8
4562,9ad84704-8861-11f1-9b09-b48c9db4e1b4,10,"[0, 0, 0, 1, 1, 1, 1, 1]",2,0,0,,0.625,8
4563,9ad84704-8861-11f1-9b09-b48c9db4e1b4,10,"[0, 0, 0, 1, 1, 1, 1, 1]",3,1,1,,0.625,8
4564,9ad84704-8861-11f1-9b09-b48c9db4e1b4,10,"[0, 0, 0, 1, 1, 1, 1, 1]",4,1,1,,0.625,8
4565,9ad84704-8861-11f1-9b09-b48c9db4e1b4,10,"[0, 0, 0, 1, 1, 1, 1, 1]",5,1,1,,0.625,8
4566,9ad84704-8861-11f1-9b09-b48c9db4e1b4,10,"[0, 0, 0, 1, 1, 1, 1, 1]",6,1,1,,0.625,8
4567,9ad84704-8861-11f1-9b09-b48c9db4e1b4,10,"[0, 0, 0, 1, 1, 1, 1, 1]",7,1,1,,0.625,8
4568,9ad84704-8861-11f1-9b09-b48c9db4e1b4,11,"[0, 0, 1, 1, 0, 1, 1, 0]",0,0,0,,0.625,8
4569,9ad84704-8861-11f1-9b09-b48c9db4e1b4,11,"[0, 0, 1, 1, 0, 1, 1, 0]",1,0,0,,0.625,8
4570,9ad84704-8861-11f1-9b09-b48c9db4e1b4,11,"[0, 0, 1, 1, 0, 1, 1, 0]",2,1,1,,0.625,8
4571,9ad84704-8861-11f1-9b09-b48c9db4e1b4,11,"[0, 0, 1, 1, 0, 1, 1, 0]",3,1,1,,0.625,8
4572,9ad84704-8861-11f1-9b09-b48c9db4e1b4,11,"[0, 0, 1, 1, 0, 1, 1, 0]",4,0,0,,0.625,8
4573,9ad84704-8861-11f1-9b09-b48c9db4e1b4,11,"[0, 0, 1, 1, 0, 1, 1, 0]",5,1,1,,0.625,8
4574,9ad84704-8861-11f1-9b09-b48c9db4e1b4,11,"[0, 0, 1, 1, 0, 1, 1, 0]",6,1,1,,0.625,8
4575,9ad84704-8861-11f1-9b09-b48c9db4e1b4,11,"[0, 0, 1, 1, 0, 1, 1, 0]",7,0,0,,0.625,8
4576,9ad84704-8861-11f1-9b09-b48c9db4e1b4,12,"[1, 1, 0, 0, 0, 1, 1, 0]",0,1,1,,0.625,8
4577,9ad84704-8861-11f1-9b09-b48c9db4e1b4,12,"[1, 1, 0, 0, 0, 1, 1, 0]",1,1,1,,0.625,8
4578,9ad84704-8861-11f1-9b09-b48c9db4e1b4,12,"[1, 1, 0, 0, 0, 1, 1, 0]",2,0,0,,0.625,8
4579,9ad84704-8861-11f1-9b09-b48c9db4e1b4,12,"[1, 1, 0, 0, 0, 1, 1, 0]",3,0,0,,0.625,8
4580,9ad84704-8861-11f1-9b09-b48c9db4e1b4,12,"[1, 1, 0, 0, 0, 1, 1, 0]",4,0,0,,0.625,8
4581,9ad84704-8861-11f1-9b09-b48c9db4e1b4,12,"[1, 1, 0, 0, 0, 1, 1, 0]",5,1,1,,0.625,8
4582,9ad84704-8861-11f1-9b09-b48c9db4e1b4,12,"[1, 1, 0, 0, 0, 1, 1, 0]",6,1,1,,0.625,8
4583,9ad84704-8861-11f1-9b09-b48c9db4e1b4,12,"[1, 1, 0, 0, 0, 1, 1, 0]",7,0,0,,0.625,8
4584,9ad84704-8861-11f1-9b09-b48c9db4e1b4,13,"[0, 1, 0, 0, 1, 1, 1, 0]",0,0,0,,0.625,8
4585,9ad84704-8861-11f1-9b09-b48c9db4e1b4,13,"[0, 1, 0, 0, 1, 1, 1, 0]",1,1,1,,0.625,8
4586,9ad84704-8861-11f1-9b09-b48c9db4e1b4,13,"[0, 1, 0, 0, 1, 1, 1, 0]",2,0,0,,0.625,8
4587,9ad84704-8861-11f1-9b09-b48c9db4e1b4,13,"[0, 1, 0, 0, 1, 1, 1, 0]",3,0,0,,0.625,8
4588,9ad84704-8861-11f1-9b09-b48c9db4e1b4,13,"[0, 1, 0, 0, 1, 1, 1, 0]",4,1,1,,0.625,8
4589,9ad84704-8861-11f1-9b09-b48c9db4e1b4,13,"[0, 1, 0, 0, 1, 1, 1, 0]",5,1,1,,0.625,8
4590,9ad84704-8861-11f1-9b09-b48c9db4e1b4,13,"[0, 1, 0, 0, 1, 1, 1, 0]",6,1,1,,0.625,8
4591,9ad84704-8861-11f1-9b09-b48c9db4e1b4,13,"[0, 1, 0, 0, 1, 1, 1, 0]",7,0,0,,0.625,8
4592,9ad84704-8861-11f1-9b09-b48c9db4e1b4,14,"[0, 0, 1, 1, 1, 0, 0, 0]",0,0,0,,0.625,8
4593,9ad84704-8861-11f1-9b09-b48c9db4e1b4,14,"[0, 0, 1, 1, 1, 0, 0, 0]",1,0,0,,0.625,8
4594,9ad84704-8861-11f1-9b09-b48c9db4e1b4,14,"[0, 0, 1, 1, 1, 0, 0, 0]",2,1,1,,0.625,8
4595,9ad84704-8861-11f1-9b09-b48c9db4e1b4,14,"[0, 0, 1, 1, 1, 0, 0, 0]",3,1,1,,0.625,8
4596,9ad84704-8861-11f1-9b09-b48c9db4e1b4,14,"[0, 0, 1, 1, 1, 0, 0, 0]",4,1,1,,0.625,8
4597,9ad84704-8861-11f1-9b09-b48c9db4e1b4,14,"[0, 0, 1, 1, 1, 0, 0, 0]",5,0,0,,0.625,8
4598,9ad84704-8861-11f1-9b09-b48c9db4e1b4,14,"[0, 0, 1, 1, 1, 0, 0, 0]",6,0,0,,0.625,8
4599,9ad84704-8861-11f1-9b09-b48c9db4e1b4,14,"[0, 0, 1, 1, 1, 0, 0, 0]",7,0,0,,0.625,8
4600,9ad84704-8861-11f1-9b09-b48c9db4e1b4,15,"[0, 1, 0, 1, 0, 1, 1, 0]",0,0,0,,0.625,8
4601,9ad84704-8861-11f1-9b09-b48c9db4e1b4,15,"[0, 1, 0, 1, 0, 1, 1, 0]",1,1,1,,0.625,8
4602,9ad84704-8861-11f1-9b09-b48c9db4e1b4,15,"[0, 1, 0, 1, 0, 1, 1, 0]",2,0,0,,0.625,8
4603,9ad84704-8861-11f1-9b09-b48c9db4e1b4,15,"[0, 1, 0, 1, 0, 1, 1, 0]",3,1,1,,0.625,8
4604,9ad84704-8861-11f1-9b09-b48c9db4e1b4,15,"[0, 1, 0, 1, 0, 1, 1, 0]",4,0,0,,0.625,8
4605,9ad84704-8861-11f1-9b09-b48c9db4e1b4,15,"[0, 1, 0, 1, 0, 1, 1, 0]",5,1,1,,0.625,8
4606,9ad84704-8861-11f1-9b09-b48c9db4e1b4,15,"[0, 1, 0, 1, 0, 1, 1, 0]",6,1,1,,0.625,8
4607,9ad84704-8861-11f1-9b09-b48c9db4e1b4,15,"[0, 1, 0, 1, 0, 1, 1, 0]",7,0,0,,0.625,8
4608,9ad84704-8861-11f1-9b09-b48c9db4e1b4,16,"[1, 0, 0, 0, 0, 0, 0, 0]",0,1,1,,0.625,8
4609,9ad84704-8861-11f1-9b09-b48c9db4e1b4,16,"[1, 0, 0, 0, 0, 0, 0, 0]",1,0,0,,0.625,8
4610,9ad84704-8861-11f1-9b09-b48c9db4e1b4,16,"[1, 0, 0, 0, 0, 0, 0, 0]",2,0,0,,0.625,8
4611,9ad84704-8861-11f1-9b09-b48c9db4e1b4,16,"[1, 0, 0, 0, 0, 0, 0, 0]",3,0,0,,0.625,8
4612,9ad84704-8861-11f1-9b09-b48c9db4e1b4,16,"[1, 0, 0, 0, 0, 0, 0, 0]",4,0,0,,0.625,8
4613,9ad84704-8861-11f1-9b09-b48c9db4e1b4,16,"[1, 0, 0, 0, 0, 0, 0, 0]",5,0,0,,0.625,8
4614,9ad84704-8861-11f1-9b09-b48c9db4e1b4,16,"[1, 0, 0, 0, 0, 0, 0, 0]",6,0,0,,0.625,8
4615,9ad84704-8861-11f1-9b09-b48c9db4e1b4,16,"[1, 0, 0, 0, 0, 0, 0, 0]",7,0,0,,0.625,8
4616,9ad84704-8861-11f1-9b09-b48c9db4e1b4,17,"[0, 0, 1, 1, 0, 0, 1, 1]",0,0,0,,0.625,8
4617,9ad84704-8861-11f1-9b09-b48c9db4e1b4,17,"[0, 0, 1, 1, 0, 0, 1, 1]",1,0,0,,0.625,8
4618,9ad84704-8861-11f1-9b09-b48c9db4e1b4,17,"[0, 0, 1, 1, 0, 0, 1, 1]",2,1,1,,0.625,8
4619,9ad84704-8861-11f1-9b09-b48c9db4e1b4,17,"[0, 0, 1, 1, 0, 0, 1, 1]",3,1,1,,0.625,8
4620,9ad84704-8861-11f1-9b09-b48c9db4e1b4,17,"[0, 0, 1, 1, 0, 0, 1, 1]",4,0,0,,0.625,8
4621,9ad84704-8861-11f1-9b09-b48c9db4e1b4,17,"[0, 0, 1, 1, 0, 0, 1, 1]",5,0,0,,0.625,8
4622,9ad84704-8861-11f1-9b09-b48c9db4e1b4,17,"[0, 0, 1, 1, 0, 0, 1, 1]",6,1,1,,0.625,8
4623,9ad84704-8861-11f1-9b09-b48c9db4e1b4,17,"[0, 0, 1, 1, 0, 0, 1, 1]",7,1,1,,0.625,8
4624,9ad84704-8861-11f1-9b09-b48c9db4e1b4,18,"[1, 0, 0, 1, 0, 1, 1, 1]",0,1,1,,0.625,8
4625,9ad84704-8861-11f1-9b09-b48c9db4e1b4,18,"[1, 0, 0, 1, 0, 1, 1, 1]",1,0,0,,0.625,8
4626,9ad84704-8861-11f1-9b09-b48c9db4e1b4,18,"[1, 0, 0, 1, 0, 1, 1, 1]",2,0,0,,0.625,8
4627,9ad84704-8861-11f1-9b09-b48c9db4e1b4,18,"[1, 0, 0, 1, 0, 1, 1, 1]",3,1,1,,0.625,8
4628,9ad84704-8861-11f1-9b09-b48c9db4e1b4,18,"[1, 0, 0, 1, 0, 1, 1, 1]",4,0,0,,0.625,8
4629,9ad84704-8861-11f1-9b09-b48c9db4e1b4,18,"[1, 0, 0, 1, 0, 1, 1, 1]",5,1,1,,0.625,8
4630,9ad84704-8861-11f1-9b09-b48c9db4e1b4,18,"[1, 0, 0, 1, 0, 1, 1, 1]",6,1,1,,0.625,8
4631,9ad84704-8861-11f1-9b09-b48c9db4e1b4,18,"[1, 0, 0, 1, 0, 1, 1, 1]",7,1,1,,0.625,8
4632,9ad84704-8861-11f1-9b09-b48c9db4e1b4,19,"[0, 0, 1, 1, 0, 0, 0, 1]",0,0,0,,0.625,8
4633,9ad84704-8861-11f1-9b09-b48c9db4e1b4,19,"[0, 0, 1, 1, 0, 0, 0, 1]",1,0,0,,0.625,8
4634,9ad84704-8861-11f1-9b09-b48c9db4e1b4,19,"[0, 0, 1, 1, 0, 0, 0, 1]",2,1,1,,0.625,8
4635,9ad84704-8861-11f1-9b09-b48c9db4e1b4,19,"[0, 0, 1, 1, 0, 0, 0, 1]",3,1,1,,0.625,8
4636,9ad84704-8861-11f1-9b09-b48c9db4e1b4,19,"[0, 0, 1, 1, 0, 0, 0, 1]",4,0,0,,0.625,8
4637,9ad84704-8861-11f1-9b09-b48c9db4e1b4,19,"[0, 0, 1, 1, 0, 0, 0, 1]",5,0,0,,0.625,8
4638,9ad84704-8861-11f1-9b09-b48c9db4e1b4,19,"[0, 0, 1, 1, 0, 0, 0, 1]",6,0,0,,0.625,8
4639,9ad84704-8861-11f1-9b09-b48c9db4e1b4,19,"[0, 0, 1, 1, 0, 0, 0, 1]",7,1,1,,0.625,8
4640,9adb09d3-8861-11f1-b707-b48c9db4e1b4,0,"[1, 1, 0, 0, 0, 1, 0, 0]",0,1,1,,0.625,8
4641,9adb09d3-8861-11f1-b707-b48c9db4e1b4,0,"[1, 1, 0, 0, 0, 1, 0, 0]",1,1,1,,0.625,8
4642,9adb09d3-8861-11f1-b707-b48c9db4e1b4,0,"[1, 1, 0, 0, 0, 1, 0, 0]",2,0,0,,0.625,8
4643,9adb09d3-8861-11f1-b707-b48c9db4e1b4,0,"[1, 1, 0, 0, 0, 1, 0, 0]",3,0,0,,0.625,8
4644,9adb09d3-8861-11f1-b707-b48c9db4e1b4,0,"[1, 1, 0, 0, 0, 1, 0, 0]",4,0,0,,0.625,8
4645,9adb09d3-8861-11f1-b707-b48c9db4e1b4,0,"[1, 1, 0, 0, 0, 1, 0, 0]",5,1,1,,0.625,8
4646,9adb09d3-8861-11f1-b707-b48c9db4e1b4,0,"[1, 1, 0, 0, 0, 1, 0, 0]",6,0,0,,0.625,8
4647,9adb09d3-8861-11f1-b707-b48c9db4e1b4,0,"[1, 1, 0, 0, 0, 1, 0, 0]",7,0,0,,0.625,8
4648,9adb09d3-8861-11f1-b707-b48c9db4e1b4,1,"[1, 0, 0, 1, 1, 0, 1, 0]",0,1,1,,0.625,8
4649,9adb09d3-8861-11f1-b707-b48c9db4e1b4,1,"[1, 0, 0, 1, 1, 0, 1, 0]",1,0,0,,0.625,8
4650,9adb09d3-8861-11f1-b707-b48c9db4e1b4,1,"[1, 0, 0, 1, 1, 0, 1, 0]",2,0,0,,0.625,8
4651,9adb09d3-8861-11f1-b707-b48c9db4e1b4,1,"[1, 0, 0, 1, 1, 0, 1, 0]",3,1,1,,0.625,8
4652,9adb09d3-8861-11f1-b707-b48c9db4e1b4,1,"[1, 0, 0, 1, 1, 0, 1, 0]",4,1,1,,0.625,8
4653,9adb09d3-8861-11f1-b707-b48c9db4e1b4,1,"[1, 0, 0, 1, 1, 0, 1, 0]",5,0,0,,0.625,8
4654,9adb09d3-8861-11f1-b707-b48c9db4e1b4,1,"[1, 0, 0, 1, 1, 0, 1, 0]",6,1,1,,0.625,8
4655,9adb09d3-8861-11f1-b707-b48c9db4e1b4,1,"[1, 0, 0, 1, 1, 0, 1, 0]",7,0,0,,0.625,8
4656,9adb09d3-8861-11f1-b707-b48c9db4e1b4,2,"[0, 0, 1, 0, 0, 1, 1, 1]",0,0,0,,0.625,8
4657,9adb09d3-8861-11f1-b707-b48c9db4e1b4,2,"[0, 0, 1, 0, 0, 1, 1, 1]",1,0,0,,0.625,8
4658,9adb09d3-8861-11f1-b707-b48c9db4e1b4,2,"[0, 0, 1, 0, 0, 1, 1, 1]",2,1,1,,0.625,8
4659,9adb09d3-8861-11f1-b707-b48c9db4e1b4,2,"[0, 0, 1, 0, 0, 1, 1, 1]",3,0,0,,0.625,8
4660,9adb09d3-8861-11f1-b707-b48c9db4e1b4,2,"[0, 0, 1, 0, 0, 1, 1, 1]",4,0,0,,0.625,8
4661,9adb09d3-8861-11f1-b707-b48c9db4e1b4,2,"[0, 0, 1, 0, 0, 1, 1, 1]",5,1,1,,0.625,8
4662,9adb09d3-8861-11f1-b707-b48c9db4e1b4,2,"[0, 0, 1, 0, 0, 1, 1, 1]",6,1,1,,0.625,8
4663,9adb09d3-8861-11f1-b707-b48c9db4e1b4,2,"[0, 0, 1, 0, 0, 1, 1, 1]",7,1,1,,0.625,8
4664,9adb09d3-8861-11f1-b707-b48c9db4e1b4,3,"[1, 0, 0, 0, 1, 1, 0, 1]",0,1,1,,0.625,8
4665,9adb09d3-8861-11f1-b707-b48c9db4e1b4,3,"[1, 0, 0, 0, 1, 1, 0, 1]",1,0,0,,0.625,8
4666,9adb09d3-8861-11f1-b707-b48c9db4e1b4,3,"[1, 0, 0, 0, 1, 1, 0, 1]",2,0,0,,0.625,8
4667,9adb09d3-8861-11f1-b707-b48c9db4e1b4,3,"[1, 0, 0, 0, 1, 1, 0, 1]",3,0,0,,0.625,8
4668,9adb09d3-8861-11f1-b707-b48c9db4e1b4,3,"[1, 0, 0, 0, 1, 1, 0, 1]",4,1,1,,0.625,8
4669,9adb09d3-8861-11f1-b707-b48c9db4e1b4,3,"[1, 0, 0, 0, 1, 1, 0, 1]",5,1,1,,0.625,8
4670,9adb09d3-8861-11f1-b707-b48c9db4e1b4,3,"[1, 0, 0, 0, 1, 1, 0, 1]",6,0,0,,0.625,8
4671,9adb09d3-8861-11f1-b707-b48c9db4e1b4,3,"[1, 0, 0, 0, 1, 1, 0, 1]",7,1,1,,0.625,8
4672,9adb09d3-8861-11f1-b707-b48c9db4e1b4,4,"[1, 0, 0, 0, 0, 0, 1, 1]",0,1,1,,0.625,8
4673,9adb09d3-8861-11f1-b707-b48c9db4e1b4,4,"[1, 0, 0, 0, 0, 0, 1, 1]",1,0,0,,0.625,8
4674,9adb09d3-8861-11f1-b707-b48c9db4e1b4,4,"[1, 0, 0, 0, 0, 0, 1, 1]",2,0,0,,0.625,8
4675,9adb09d3-8861-11f1-b707-b48c9db4e1b4,4,"[1, 0, 0, 0, 0, 0, 1, 1]",3,0,0,,0.625,8
4676,9adb09d3-8861-11f1-b707-b48c9db4e1b4,4,"[1, 0, 0, 0, 0, 0, 1, 1]",4,0,0,,0.625,8
4677,9adb09d3-8861-11f1-b707-b48c9db4e1b4,4,"[1, 0, 0, 0, 0, 0, 1, 1]",5,0,0,,0.625,8
4678,9adb09d3-8861-11f1-b707-b48c9db4e1b4,4,"[1, 0, 0, 0, 0, 0, 1, 1]",6,1,1,,0.625,8
4679,9adb09d3-8861-11f1-b707-b48c9db4e1b4,4,"[1, 0, 0, 0, 0, 0, 1, 1]",7,1,1,,0.625,8
4680,9adb09d3-8861-11f1-b707-b48c9db4e1b4,5,"[1, 1, 1, 0, 1, 1, 1, 1]",0,1,-1,,0.625,8
4681,9adb09d3-8861-11f1-b707-b48c9db4e1b4,5,"[1, 1, 1, 0, 1, 1, 1, 1]",1,1,-1,,0.625,8
4682,9adb09d3-8861-11f1-b707-b48c9db4e1b4,5,"[1, 1, 1, 0, 1, 1, 1, 1]",2,1,-1,,0.625,8
4683,9adb09d3-8861-11f1-b707-b48c9db4e1b4,5,"[1, 1, 1, 0, 1, 1, 1, 1]",3,0,0,,0.625,8
4684,9adb09d3-8861-11f1-b707-b48c9db4e1b4,5,"[1, 1, 1, 0, 1, 1, 1, 1]",4,1,-1,,0.625,8
4685,9adb09d3-8861-11f1-b707-b48c9db4e1b4,5,"[1, 1, 1, 0, 1, 1, 1, 1]",5,1,-1,,0.625,8
4686,9adb09d3-8861-11f1-b707-b48c9db4e1b4,5,"[1, 1, 1, 0, 1, 1, 1, 1]",6,1,-1,,0.625,8
4687,9adb09d3-8861-11f1-b707-b48c9db4e1b4,5,"[1, 1, 1, 0, 1, 1, 1, 1]",7,1,-1,,0.625,8
4688,9adb09d3-8861-11f1-b707-b48c9db4e1b4,6,"[1, 0, 1, 1, 0, 1, 0, 0]",0,1,1,,0.625,8
4689,9adb09d3-8861-11f1-b707-b48c9db4e1b4,6,"[1, 0, 1, 1, 0, 1, 0, 0]",1,0,0,,0.625,8
4690,9adb09d3-8861-11f1-b707-b48c9db4e1b4,6,"[1, 0, 1, 1, 0, 1, 0, 0]",2,1,1,,0.625,8
4691,9adb09d3-8861-11f1-b707-b48c9db4e1b4,6,"[1, 0, 1, 1, 0, 1, 0, 0]",3,1,1,,0.625,8
4692,9adb09d3-8861-11f1-b707-b48c9db4e1b4,6,"[1, 0, 1, 1, 0, 1, 0, 0]",4,0,0,,0.625,8
4693,9adb09d3-8861-11f1-b707-b48c9db4e1b4,6,"[1, 0, 1, 1, 0, 1, 0, 0]",5,1,1,,0.625,8
4694,9adb09d3-8861-11f1-b707-b48c9db4e1b4,6,"[1, 0, 1, 1, 0, 1, 0, 0]",6,0,0,,0.625,8
4695,9adb09d3-8861-11f1-b707-b48c9db4e1b4,6,"[1, 0, 1, 1, 0, 1, 0, 0]",7,0,0,,0.625,8
4696,9adb09d3-8861-11f1-b707-b48c9db4e1b4,7,"[1, 1, 1, 0, 0, 0, 1, 1]",0,1,1,,0.625,8
4697,9adb09d3-8861-11f1-b707-b48c9db4e1b4,7,"[1, 1, 1, 0, 0, 0, 1, 1]",1,1,1,,0.625,8
4698,9adb09d3-8861-11f1-b707-b48c9db4e1b4,7,"[1, 1, 1, 0, 0, 0, 1, 1]",2,1,1,,0.625,8
4699,9adb09d3-8861-11f1-b707-b48c9db4e1b4,7,"[1, 1, 1, 0, 0, 0, 1, 1]",3,0,0,,0.625,8
4700,9adb09d3-8861-11f1-b707-b48c9db4e1b4,7,"[1, 1, 1, 0, 0, 0, 1, 1]",4,0,0,,0.625,8
4701,9adb09d3-8861-11f1-b707-b48c9db4e1b4,7,"[1, 1, 1, 0, 0, 0, 1, 1]",5,0,0,,0.625,8
4702,9adb09d3-8861-11f1-b707-b48c9db4e1b4,7,"[1, 1, 1, 0, 0, 0, 1, 1]",6,1,1,,0.625,8
4703,9adb09d3-8861-11f1-b707-b48c9db4e1b4,7,"[1, 1, 1, 0, 0, 0, 1, 1]",7,1,1,,0.625,8
4704,9adb09d3-8861-11f1-b707-b48c9db4e1b4,8,"[0, 0, 0, 0, 0, 0, 0, 0]",0,0,0,,0.625,8
4705,9adb09d3-8861-11f1-b707-b48c9db4e1b4,8,"[0, 0, 0, 0, 0, 0, 0, 0]",1,0,0,,0.625,8
4706,9adb09d3-8861-11f1-b707-b48c9db4e1b4,8,"[0, 0, 0, 0, 0, 0, 0, 0]",2,0,0,,0.625,8
4707,9adb09d3-8861-11f1-b707-b48c9db4e1b4,8,"[0, 0, 0, 0, 0, 0, 0, 0]",3,0,0,,0.625,8
4708,9adb09d3-8861-11f1-b707-b48c9db4e1b4,8,"[0, 0, 0, 0, 0, 0, 0, 0]",4,0,0,,0.625,8
4709,9adb09d3-8861-11f1-b707-b48c9db4e1b4,8,"[0, 0, 0, 0, 0, 0, 0, 0]",5,0,0,,0.625,8
4710,9adb09d3-8861-11f1-b707-b48c9db4e1b4,8,"[0, 0, 0, 0, 0, 0, 0, 0]",6,0,0,,0.625,8
4711,9adb09d3-8861-11f1-b707-b48c9db4e1b4,8,"[0, 0, 0, 0, 0, 0, 0, 0]",7,0,0,,0.625,8
4712,9adb09d3-8861-11f1-b707-b48c9db4e1b4,9,"[0, 1, 0, 0, 1, 0, 0, 1]",0,0,0,,0.625,8
4713,9adb09d3-8861-11f1-b707-b48c9db4e1b4,9,"[0, 1, 0, 0, 1, 0, 0, 1]",1,1,1,,0.625,8
4714,9adb09d3-8861-11f1-b707-b48c9db4e1b4,9,"[0, 1, 0, 0, 1, 0, 0, 1]",2,0,0,,0.625,8
4715,9adb09d3-8861-11f1-b707-b48c9db4e1b4,9,"[0, 1, 0, 0, 1, 0, 0, 1]",3,0,0,,0.625,8
4716,9adb09d3-8861-11f1-b707-b48c9db4e1b4,9,"[0, 1, 0, 0, 1, 0, 0, 1]",4,1,1,,0.625,8
4717,9adb09d3-8861-11f1-b707-b48c9db4e1b4,9,"[0, 1, 0, 0, 1, 0, 0, 1]",5,0,0,,0.625,8
4718,9adb09d3-8861-11f1-b707-b48c9db4e1b4,9,"[0, 1, 0, 0, 1, 0, 0, 1]",6,0,0,,0.625,8
4719,9adb09d3-8861-11f1-b707-b48c9db4e1b4,9,"[0, 1, 0, 0, 1, 0, 0, 1]",7,1,1,,0.625,8
4720,9adb09d3-8861-11f1-b707-b48c9db4e1b4,10,"[1, 1, 1, 0, 0, 0, 1, 0]",0,1,1,,0.625,8
4721,9adb09d3-8861-11f1-b707-b48c9db4e1b4,10,"[1, 1, 1, 0, 0, 0, 1, 0]",1,1,1,,0.625,8
4722,9adb09d3-8861-11f1-b707-b48c9db4e1b4,10,"[1, 1, 1, 0, 0, 0, 1, 0]",2,1,1,,0.625,8
4723,9adb09d3-8861-11f1-b707-b48c9db4e1b4,10,"[1, 1, 1, 0, 0, 0, 1, 0]",3,0,0,,0.625,8
4724,9adb09d3-8861-11f1-b707-b48c9db4e1b4,10,"[1, 1, 1, 0, 0, 0, 1, 0]",4,0,0,,0.625,8
4725,9adb09d3-8861-11f1-b707-b48c9db4e1b4,10,"[1, 1, 1, 0, 0, 0, 1, 0]",5,0,0,,0.625,8
4726,9adb09d3-8861-11f1-b707-b48c9db4e1b4,10,"[1, 1, 1, 0, 0, 0, 1, 0]",6,1,1,,0.625,8
4727,9adb09d3-8861-11f1-b707-b48c9db4e1b4,10,"[1, 1, 1, 0, 0, 0, 1, 0]",7,0,0,,0.625,8
4728,9adb09d3-8861-11f1-b707-b48c9db4e1b4,11,"[0, 1, 1, 0, 1, 0, 0, 1]",0,0,0,,0.625,8
4729,9adb09d3-8861-11f1-b707-b48c9db4e1b4,11,"[0, 1, 1, 0, 1, 0, 0, 1]",1,1,1,,0.625,8
4730,9adb09d3-8861-11f1-b707-b48c9db4e1b4,11,"[0, 1, 1, 0, 1, 0, 0, 1]",2,1,1,,0.625,8
4731,9adb09d3-8861-11f1-b707-b48c9db4e1b4,11,"[0, 1, 1, 0, 1, 0, 0, 1]",3,0,0,,0.625,8
4732,9adb09d3-8861-11f1-b707-b48c9db4e1b4,11,"[0, 1, 1, 0, 1, 0, 0, 1]",4,1,1,,0.625,8
4733,9adb09d3-8861-11f1-b707-b48c9db4e1b4,11,"[0, 1, 1, 0, 1, 0, 0, 1]",5,0,0,,0.625,8
4734,9adb09d3-8861-11f1-b707-b48c9db4e1b4,11,"[0, 1, 1, 0, 1, 0, 0, 1]",6,0,0,,0.625,8
4735,9adb09d3-8861-11f1-b707-b48c9db4e1b4,11,"[0, 1, 1, 0, 1, 0, 0, 1]",7,1,1,,0.625,8
4736,9adb09d3-8861-11f1-b707-b48c9db4e1b4,12,"[1, 1, 0, 0, 1, 1, 0, 1]",0,1,1,,0.625,8
4737,9adb09d3-8861-11f1-b707-b48c9db4e1b4,12,"[1, 1, 0, 0, 1, 1, 0, 1]",1,1,1,,0.625,8
4738,9adb09d3-8861-11f1-b707-b48c9db4e1b4,12,"[1, 1, 0, 0, 1, 1, 0, 1]",2,0,0,,0.625,8
4739,9adb09d3-8861-11f1-b707-b48c9db4e1b4,12,"[1, 1, 0, 0, 1, 1, 0, 1]",3,0,0,,0.625,8
4740,9adb09d3-8861-11f1-b707-b48c9db4e1b4,12,"[1, 1, 0, 0, 1, 1, 0, 1]",4,1,1,,0.625,8
4741,9adb09d3-8861-11f1-b707-b48c9db4e1b4,12,"[1, 1, 0, 0, 1, 1, 0, 1]",5,1,1,,0.625,8
4742,9adb09d3-8861-11f1-b707-b48c9db4e1b4,12,"[1, 1, 0, 0, 1, 1, 0, 1]",6,0,0,,0.625,8
4743,9adb09d3-8861-11f1-b707-b48c9db4e1b4,12,"[1, 1, 0, 0, 1, 1, 0, 1]",7,1,1,,0.625,8
4744,9adb09d3-8861-11f1-b707-b48c9db4e1b4,13,"[0, 1, 1, 1, 0, 1, 1, 0]",0,0,0,,0.625,8
4745,9adb09d3-8861-11f1-b707-b48c9db4e1b4,13,"[0, 1, 1, 1, 0, 1, 1, 0]",1,1,1,,0.625,8
4746,9adb09d3-8861-11f1-b707-b48c9db4e1b4,13,"[0, 1, 1, 1, 0, 1, 1, 0]",2,1,1,,0.625,8
4747,9adb09d3-8861-11f1-b707-b48c9db4e1b4,13,"[0, 1, 1, 1, 0, 1, 1, 0]",3,1,1,,0.625,8
4748,9adb09d3-8861-11f1-b707-b48c9db4e1b4,13,"[0, 1, 1, 1, 0, 1, 1, 0]",4,0,0,,0.625,8
4749,9adb09d3-8861-11f1-b707-b48c9db4e1b4,13,"[0, 1, 1, 1, 0, 1, 1, 0]",5,1,1,,0.625,8
4750,9adb09d3-8861-11f1-b707-b48c9db4e1b4,13,"[0, 1, 1, 1, 0, 1, 1, 0]",6,1,1,,0.625,8
4751,9adb09d3-8861-11f1-b707-b48c9db4e1b4,13,"[0, 1, 1, 1, 0, 1, 1, 0]",7,0,0,,0.625,8
4752,9adb09d3-8861-11f1-b707-b48c9db4e1b4,14,"[1, 1, 1, 1, 0, 1, 0, 0]",0,1,1,,0.625,8
4753,9adb09d3-8861-11f1-b707-b48c9db4e1b4,14,"[1, 1, 1, 1, 0, 1, 0, 0]",1,1,1,,0.625,8
4754,9adb09d3-8861-11f1-b707-b48c9db4e1b4,14,"[1, 1, 1, 1, 0, 1, 0, 0]",2,1,1,,0.625,8
4755,9adb09d3-8861-11f1-b707-b48c9db4e1b4,14,"[1, 1, 1, 1, 0, 1, 0, 0]",3,1,1,,0.625,8
4756,9adb09d3-8861-11f1-b707-b48c9db4e1b4,14,"[1, 1, 1, 1, 0, 1, 0, 0]",4,0,0,,0.625,8
4757,9adb09d3-8861-11f1-b707-b48c9db4e1b4,14,"[1, 1, 1, 1, 0, 1, 0, 0]",5,1,1,,0.625,8
4758,9adb09d3-8861-11f1-b707-b48c9db4e1b4,14,"[1, 1, 1, 1, 0, 1, 0, 0]",6,0,0,,0.625,8
4759,9adb09d3-8861-11f1-b707-b48c9db4e1b4,14,"[1, 1, 1, 1, 0, 1, 0, 0]",7,0,0,,0.625,8
4760,9adb09d3-8861-11f1-b707-b48c9db4e1b4,15,"[0, 0, 1, 1, 1, 0, 0, 0]",0,0,0,,0.625,8
4761,9adb09d3-8861-11f1-b707-b48c9db4e1b4,15,"[0, 0, 1, 1, 1, 0, 0, 0]",1,0,0,,0.625,8
4762,9adb09d3-8861-11f1-b707-b48c9db4e1b4,15,"[0, 0, 1, 1, 1, 0, 0, 0]",2,1,1,,0.625,8
4763,9adb09d3-8861-11f1-b707-b48c9db4e1b4,15,"[0, 0, 1, 1, 1, 0, 0, 0]",3,1,1,,0.625,8
4764,9adb09d3-8861-11f1-b707-b48c9db4e1b4,15,"[0, 0, 1, 1, 1, 0, 0, 0]",4,1,1,,0.625,8
4765,9adb09d3-8861-11f1-b707-b48c9db4e1b4,15,"[0, 0, 1, 1, 1, 0, 0, 0]",5,0,0,,0.625,8
4766,9adb09d3-8861-11f1-b707-b48c9db4e1b4,15,"[0, 0, 1, 1, 1, 0, 0, 0]",6,0,0,,0.625,8
4767,9adb09d3-8861-11f1-b707-b48c9db4e1b4,15,"[0, 0, 1, 1, 1, 0, 0, 0]",7,0,0,,0.625,8
4768,9adb09d3-8861-11f1-b707-b48c9db4e1b4,16,"[0, 1, 1, 0, 1, 0, 1, 0]",0,0,0,,0.625,8
4769,9adb09d3-8861-11f1-b707-b48c9db4e1b4,16,"[0, 1, 1, 0, 1, 0, 1, 0]",1,1,1,,0.625,8
4770,9adb09d3-8861-11f1-b707-b48c9db4e1b4,16,"[0, 1, 1, 0, 1, 0, 1, 0]",2,1,1,,0.625,8
4771,9adb09d3-8861-11f1-b707-b48c9db4e1b4,16,"[0, 1, 1, 0, 1, 0, 1, 0]",3,0,0,,0.625,8
4772,9adb09d3-8861-11f1-b707-b48c9db4e1b4,16,"[0, 1, 1, 0, 1, 0, 1, 0]",4,1,1,,0.625,8
4773,9adb09d3-8861-11f1-b707-b48c9db4e1b4,16,"[0, 1, 1, 0, 1, 0, 1, 0]",5,0,0,,0.625,8
4774,9adb09d3-8861-11f1-b707-b48c9db4e1b4,16,"[0, 1, 1, 0, 1, 0, 1, 0]",6,1,1,,0.625,8
4775,9adb09d3-8861-11f1-b707-b48c9db4e1b4,16,"[0, 1, 1, 0, 1, 0, 1, 0]",7,0,0,,0.625,8
4776,9adb09d3-8861-11f1-b707-b48c9db4e1b4,17,"[0, 0, 0, 0, 0, 0, 0, 0]",0,0,0,,0.625,8
4777,9adb09d3-8861-11f1-b707-b48c9db4e1b4,17,"[0, 0, 0, 0, 0, 0, 0, 0]",1,0,0,,0.625,8
4778,9adb09d3-8861-11f1-b707-b48c9db4e1b4,17,"[0, 0, 0, 0, 0, 0, 0, 0]",2,0,0,,0.625,8
4779,9adb09d3-8861-11f1-b707-b48c9db4e1b4,17,"[0, 0, 0, 0, 0, 0, 0, 0]",3,0,0,,0.625,8
4780,9adb09d3-8861-11f1-b707-b48c9db4e1b4,17,"[0, 0, 0, 0, 0, 0, 0, 0]",4,0,0,,0.625,8
4781,9adb09d3-8861-11f1-b707-b48c9db4e1b4,17,"[0, 0, 0, 0, 0, 0, 0, 0]",5,0,0,,0.625,8
4782,9adb09d3-8861-11f1-b707-b48c9db4e1b4,17,"[0, 0, 0, 0, 0, 0, 0, 0]",6,0,0,,0.625,8
4783,9adb09d3-8861-11f1-b707-b48c9db4e1b4,17,"[0, 0, 0, 0, 0, 0, 0, 0]",7,0,0,,0.625,8
4784,9adb09d3-8861-11f1-b707-b48c9db4e1b4,18,"[0, 0, 1, 1, 0, 1, 1, 0]",0,0,0,,0.625,8
4785,9adb09d3-8861-11f1-b707-b48c9db4e1b4,18,"[0, 0, 1, 1, 0, 1, 1, 0]",1,0,0,,0.625,8
4786,9adb09d3-8861-11f1-b707-b48c9db4e1b4,18,"[0, 0, 1, 1, 0, 1, 1, 0]",2,1,1,,0.625,8
4787,9adb09d3-8861-11f1-b707-b48c9db4e1b4,18,"[0, 0, 1, 1, 0, 1, 1, 0]",3,1,1,,0.625,8
4788,9adb09d3-8861-11f1-b707-b48c9db4e1b4,18,"[0, 0, 1, 1, 0, 1, 1, 0]",4,0,0,,0.625,8
4789,9adb09d3-8861-11f1-b707-b48c9db4e1b4,18,"[0, 0, 1, 1, 0, 1, 1, 0]",5,1,1,,0.625,8
4790,9adb09d3-8861-11f1-b707-b48c9db4e1b4,18,"[0, 0, 1, 1, 0, 1, 1, 0]",6,1,1,,0.625,8
4791,9adb09d3-8861-11f1-b707-b48c9db4e1b4,18,"[0, 0, 1, 1, 0, 1, 1, 0]",7,0,0,,0.625,8
4792,9adb09d3-8861-11f1-b707-b48c9db4e1b4,19,"[0, 1, 0, 1, 1, 0, 1, 0]",0,0,0,,0.625,8
4793,9adb09d3-8861-11f1-b707-b48c9db4e1b4,19,"[0, 1, 0, 1, 1, 0, 1, 0]",1,1,1,,0.625,8
4794,9adb09d3-8861-11f1-b707-b48c9db4e1b4,19,"[0, 1, 0, 1, 1, 0, 1, 0]",2,0,0,,0.625,8
4795,9adb09d3-8861-11f1-b707-b48c9db4e1b4,19,"[0, 1, 0, 1, 1, 0, 1, 0]",3,1,1,,0.625,8
4796,9adb09d3-8861-11f1-b707-b48c9db4e1b4,19,"[0, 1, 0, 1, 1, 0, 1, 0]",4,1,1,,0.625,8
4797,9adb09d3-8861-11f1-b707-b48c9db4e1b4,19,"[0, 1, 0, 1, 1, 0, 1, 0]",5,0,0,,0.625,8
4798,9adb09d3-8861-11f1-b707-b48c9db4e1b4,19,"[0, 1, 0, 1, 1, 0, 1, 0]",6,1,1,,0.625,8
4799,9adb09d3-8861-11f1-b707-b48c9db4e1b4,19,"[0, 1, 0, 1, 1, 0, 1, 0]",7,0,0,,0.625,8
4800,9addc9fc-8861-11f1-9f22-b48c9db4e1b4,0,"[1, 0, 0, 1, 1, 1, 0, 0]",0,1,1,,0.625,8
4801,9addc9fc-8861-11f1-9f22-b48c9db4e1b4,0,"[1, 0, 0, 1, 1, 1, 0, 0]",1,0,0,,0.625,8
4802,9addc9fc-8861-11f1-9f22-b48c9db4e1b4,0,"[1, 0, 0, 1, 1, 1, 0, 0]",2,0,0,,0.625,8
4803,9addc9fc-8861-11f1-9f22-b48c9db4e1b4,0,"[1, 0, 0, 1, 1, 1, 0, 0]",3,1,1,,0.625,8
4804,9addc9fc-8861-11f1-9f22-b48c9db4e1b4,0,"[1, 0, 0, 1, 1, 1, 0, 0]",4,1,1,,0.625,8
4805,9addc9fc-8861-11f1-9f22-b48c9db4e1b4,0,"[1, 0, 0, 1, 1, 1, 0, 0]",5,1,1,,0.625,8
4806,9addc9fc-8861-11f1-9f22-b48c9db4e1b4,0,"[1, 0, 0, 1, 1, 1, 0, 0]",6,0,0,,0.625,8
4807,9addc9fc-8861-11f1-9f22-b48c9db4e1b4,0,"[1, 0, 0, 1, 1, 1, 0, 0]",7,0,0,,0.625,8
4808,9addc9fc-8861-11f1-9f22-b48c9db4e1b4,1,"[1, 0, 0, 0, 0, 1, 1, 0]",0,1,1,,0.625,8
4809,9addc9fc-8861-11f1-9f22-b48c9db4e1b4,1,"[1, 0, 0, 0, 0, 1, 1, 0]",1,0,0,,0.625,8
4810,9addc9fc-8861-11f1-9f22-b48c9db4e1b4,1,"[1, 0, 0, 0, 0, 1, 1, 0]",2,0,0,,0.625,8
4811,9addc9fc-8861-11f1-9f22-b48c9db4e1b4,1,"[1, 0, 0, 0, 0, 1, 1, 0]",3,0,0,,0.625,8
4812,9addc9fc-8861-11f1-9f22-b48c9db4e1b4,1,"[1, 0, 0, 0, 0, 1, 1, 0]",4,0,0,,0.625,8
4813,9addc9fc-8861-11f1-9f22-b48c9db4e1b4,1,"[1, 0, 0, 0, 0, 1, 1, 0]",5,1,1,,0.625,8
4814,9addc9fc-8861-11f1-9f22-b48c9db4e1b4,1,"[1, 0, 0, 0, 0, 1, 1, 0]",6,1,1,,0.625,8
4815,9addc9fc-8861-11f1-9f22-b48c9db4e1b4,1,"[1, 0, 0, 0, 0, 1, 1, 0]",7,0,0,,0.625,8
4816,9addc9fc-8861-11f1-9f22-b48c9db4e1b4,2,"[1, 0, 1, 0, 1, 0, 0, 1]",0,1,1,,0.625,8
4817,9addc9fc-8861-11f1-9f22-b48c9db4e1b4,2,"[1, 0, 1, 0, 1, 0, 0, 1]",1,0,0,,0.625,8
4818,9addc9fc-8861-11f1-9f22-b48c9db4e1b4,2,"[1, 0, 1, 0, 1, 0, 0, 1]",2,1,1,,0.625,8
4819,9addc9fc-8861-11f1-9f22-b48c9db4e1b4,2,"[1, 0, 1, 0, 1, 0, 0, 1]",3,0,0,,0.625,8
4820,9addc9fc-8861-11f1-9f22-b48c9db4e1b4,2,"[1, 0, 1, 0, 1, 0, 0, 1]",4,1,1,,0.625,8
4821,9addc9fc-8861-11f1-9f22-b48c9db4e1b4,2,"[1, 0, 1, 0, 1, 0, 0, 1]",5,0,0,,0.625,8
4822,9addc9fc-8861-11f1-9f22-b48c9db4e1b4,2,"[1, 0, 1, 0, 1, 0, 0, 1]",6,0,0,,0.625,8
4823,9addc9fc-8861-11f1-9f22-b48c9db4e1b4,2,"[1, 0, 1, 0, 1, 0, 0, 1]",7,1,1,,0.625,8
4824,9addc9fc-8861-11f1-9f22-b48c9db4e1b4,3,"[0, 1, 0, 0, 0, 1, 0, 0]",0,0,0,,0.625,8
4825,9addc9fc-8861-11f1-9f22-b48c9db4e1b4,3,"[0, 1, 0, 0, 0, 1, 0, 0]",1,1,1,,0.625,8
4826,9addc9fc-8861-11f1-9f22-b48c9db4e1b4,3,"[0, 1, 0, 0, 0, 1, 0, 0]",2,0,0,,0.625,8
4827,9addc9fc-8861-11f1-9f22-b48c9db4e1b4,3,"[0, 1, 0, 0, 0, 1, 0, 0]",3,0,0,,0.625,8
4828,9addc9fc-8861-11f1-9f22-b48c9db4e1b4,3,"[0, 1, 0, 0, 0, 1, 0, 0]",4,0,0,,0.625,8
4829,9addc9fc-8861-11f1-9f22-b48c9db4e1b4,3,"[0, 1, 0, 0, 0, 1, 0, 0]",5,1,1,,0.625,8
4830,9addc9fc-8861-11f1-9f22-b48c9db4e1b4,3,"[0, 1, 0, 0, 0, 1, 0, 0]",6,0,0,,0.625,8
4831,9addc9fc-8861-11f1-9f22-b48c9db4e1b4,3,"[0, 1, 0, 0, 0, 1, 0, 0]",7,0,0,,0.625,8
4832,9addc9fc-8861-11f1-9f22-b48c9db4e1b4,4,"[1, 0, 0, 0, 0, 1, 1, 0]",0,1,1,,0.625,8
4833,9addc9fc-8861-11f1-9f22-b48c9db4e1b4,4,"[1, 0, 0, 0, 0, 1, 1, 0]",1,0,0,,0.625,8
4834,9addc9fc-8861-11f1-9f22-b48c9db4e1b4,4,"[1, 0, 0, 0, 0, 1, 1, 0]",2,0,0,,0.625,8
4835,9addc9fc-8861-11f1-9f22-b48c9db4e1b4,4,"[1, 0, 0, 0, 0, 1, 1, 0]",3,0,0,,0.625,8
4836,9addc9fc-8861-11f1-9f22-b48c9db4e1b4,4,"[1, 0, 0, 0, 0, 1, 1, 0]",4,0,0,,0.625,8
4837,9addc9fc-8861-11f1-9f22-b48c9db4e1b4,4,"[1, 0, 0, 0, 0, 1, 1, 0]",5,1,1,,0.625,8
4838,9addc9fc-8861-11f1-9f22-b48c9db4e1b4,4,"[1, 0, 0, 0, 0, 1, 1, 0]",6,1,1,,0.625,8
4839,9addc9fc-8861-11f1-9f22-b48c9db4e1b4,4,"[1, 0, 0, 0, 0, 1, 1, 0]",7,0,0,,0.625,8
4840,9addc9fc-8861-11f1-9f22-b48c9db4e1b4,5,"[0, 1, 1, 1, 1, 0, 0, 1]",0,0,0,,0.625,8
4841,9addc9fc-8861-11f1-9f22-b48c9db4e1b4,5,"[0, 1, 1, 1, 1, 0, 0, 1]",1,1,1,,0.625,8
4842,9addc9fc-8861-11f1-9f22-b48c9db4e1b4,5,"[0, 1, 1, 1, 1, 0, 0, 1]",2,1,1,,0.625,8
4843,9addc9fc-8861-11f1-9f22-b48c9db4e1b4,5,"[0, 1, 1, 1, 1, 0, 0, 1]",3,1,1,,0.625,8
4844,9addc9fc-8861-11f1-9f22-b48c9db4e1b4,5,"[0, 1, 1, 1, 1, 0, 0, 1]",4,1,1,,0.625,8
4845,9addc9fc-8861-11f1-9f22-b48c9db4e1b4,5,"[0, 1, 1, 1, 1, 0, 0, 1]",5,0,0,,0.625,8
4846,9addc9fc-8861-11f1-9f22-b48c9db4e1b4,5,"[0, 1, 1, 1, 1, 0, 0, 1]",6,0,0,,0.625,8
4847,9addc9fc-8861-11f1-9f22-b48c9db4e1b4,5,"[0, 1, 1, 1, 1, 0, 0, 1]",7,1,1,,0.625,8
4848,9addc9fc-8861-11f1-9f22-b48c9db4e1b4,6,"[0, 0, 0, 0, 1, 0, 0, 0]",0,0,0,,0.625,8
4849,9addc9fc-8861-11f1-9f22-b48c9db4e1b4,6,"[0, 0, 0, 0, 1, 0, 0, 0]",1,0,0,,0.625,8
4850,9addc9fc-8861-11f1-9f22-b48c9db4e1b4,6,"[0, 0, 0, 0, 1, 0, 0, 0]",2,0,0,,0.625,8
4851,9addc9fc-8861-11f1-9f22-b48c9db4e1b4,6,"[0, 0, 0, 0, 1, 0, 0, 0]",3,0,0,,0.625,8
4852,9addc9fc-8861-11f1-9f22-b48c9db4e1b4,6,"[0, 0, 0, 0, 1, 0, 0, 0]",4,1,1,,0.625,8
4853,9addc9fc-8861-11f1-9f22-b48c9db4e1b4,6,"[0, 0, 0, 0, 1, 0, 0, 0]",5,0,0,,0.625,8
4854,9addc9fc-8861-11f1-9f22-b48c9db4e1b4,6,"[0, 0, 0, 0, 1, 0, 0, 0]",6,0,0,,0.625,8
4855,9addc9fc-8861-11f1-9f22-b48c9db4e1b4,6,"[0, 0, 0, 0, 1, 0, 0, 0]",7,0,0,,0.625,8
4856,9addc9fc-8861-11f1-9f22-b48c9db4e1b4,7,"[1, 0, 1, 1, 0, 1, 1, 0]",0,1,1,,0.625,8
4857,9addc9fc-8861-11f1-9f22-b48c9db4e1b4,7,"[1, 0, 1, 1, 0, 1, 1, 0]",1,0,0,,0.625,8
4858,9addc9fc-8861-11f1-9f22-b48c9db4e1b4,7,"[1, 0, 1, 1, 0, 1, 1, 0]",2,1,1,,0.625,8
4859,9addc9fc-8861-11f1-9f22-b48c9db4e1b4,7,"[1, 0, 1, 1, 0, 1, 1, 0]",3,1,1,,0.625,8
4860,9addc9fc-8861-11f1-9f22-b48c9db4e1b4,7,"[1, 0, 1, 1, 0, 1, 1, 0]",4,0,0,,0.625,8
4861,9addc9fc-8861-11f1-9f22-b48c9db4e1b4,7,"[1, 0, 1, 1, 0, 1, 1, 0]",5,1,1,,0.625,8
4862,9addc9fc-8861-11f1-9f22-b48c9db4e1b4,7,"[1, 0, 1, 1, 0, 1, 1, 0]",6,1,1,,0.625,8
4863,9addc9fc-8861-11f1-9f22-b48c9db4e1b4,7,"[1, 0, 1, 1, 0, 1, 1, 0]",7,0,0,,0.625,8
4864,9addc9fc-8861-11f1-9f22-b48c9db4e1b4,8,"[1, 0, 0, 1, 1, 0, 1, 0]",0,1,1,,0.625,8
4865,9addc9fc-8861-11f1-9f22-b48c9db4e1b4,8,"[1, 0, 0, 1, 1, 0, 1, 0]",1,0,0,,0.625,8
4866,9addc9fc-8861-11f1-9f22-b48c9db4e1b4,8,"[1, 0, 0, 1, 1, 0, 1, 0]",2,0,0,,0.625,8
4867,9addc9fc-8861-11f1-9f22-b48c9db4e1b4,8,"[1, 0, 0, 1, 1, 0, 1, 0]",3,1,1,,0.625,8
4868,9addc9fc-8861-11f1-9f22-b48c9db4e1b4,8,"[1, 0, 0, 1, 1, 0, 1, 0]",4,1,1,,0.625,8
4869,9addc9fc-8861-11f1-9f22-b48c9db4e1b4,8,"[1, 0, 0, 1, 1, 0, 1, 0]",5,0,0,,0.625,8
4870,9addc9fc-8861-11f1-9f22-b48c9db4e1b4,8,"[1, 0, 0, 1, 1, 0, 1, 0]",6,1,1,,0.625,8
4871,9addc9fc-8861-11f1-9f22-b48c9db4e1b4,8,"[1, 0, 0, 1, 1, 0, 1, 0]",7,0,0,,0.625,8
4872,9addc9fc-8861-11f1-9f22-b48c9db4e1b4,9,"[1, 0, 1, 1, 0, 0, 1, 0]",0,1,1,,0.625,8
4873,9addc9fc-8861-11f1-9f22-b48c9db4e1b4,9,"[1, 0, 1, 1, 0, 0, 1, 0]",1,0,0,,0.625,8
4874,9addc9fc-8861-11f1-9f22-b48c9db4e1b4,9,"[1, 0, 1, 1, 0, 0, 1, 0]",2,1,1,,0.625,8
4875,9addc9fc-8861-11f1-9f22-b48c9db4e1b4,9,"[1, 0, 1, 1, 0, 0, 1, 0]",3,1,1,,0.625,8
4876,9addc9fc-8861-11f1-9f22-b48c9db4e1b4,9,"[1, 0, 1, 1, 0, 0, 1, 0]",4,0,0,,0.625,8
4877,9addc9fc-8861-11f1-9f22-b48c9db4e1b4,9,"[1, 0, 1, 1, 0, 0, 1, 0]",5,0,0,,0.625,8
4878,9addc9fc-8861-11f1-9f22-b48c9db4e1b4,9,"[1, 0, 1, 1, 0, 0, 1, 0]",6,1,1,,0.625,8
4879,9addc9fc-8861-11f1-9f22-b48c9db4e1b4,9,"[1, 0, 1, 1, 0, 0, 1, 0]",7,0,0,,0.625,8
4880,9addc9fc-8861-11f1-9f22-b48c9db4e1b4,10,"[1, 0, 0, 1, 1, 0, 0, 1]",0,1,1,,0.625,8
4881,9addc9fc-8861-11f1-9f22-b48c9db4e1b4,10,"[1, 0, 0, 1, 1, 0, 0, 1]",1,0,0,,0.625,8
4882,9addc9fc-8861-11f1-9f22-b48c9db4e1b4,10,"[1, 0, 0, 1, 1, 0, 0, 1]",2,0,0,,0.625,8
4883,9addc9fc-8861-11f1-9f22-b48c9db4e1b4,10,"[1, 0, 0, 1, 1, 0, 0, 1]",3,1,1,,0.625,8
4884,9addc9fc-8861-11f1-9f22-b48c9db4e1b4,10,"[1, 0, 0, 1, 1, 0, 0, 1]",4,1,1,,0.625,8
4885,9addc9fc-8861-11f1-9f22-b48c9db4e1b4,10,"[1, 0, 0, 1, 1, 0, 0, 1]",5,0,0,,0.625,8
4886,9addc9fc-8861-11f1-9f22-b48c9db4e1b4,10,"[1, 0, 0, 1, 1, 0, 0, 1]",6,0,0,,0.625,8
4887,9addc9fc-8861-11f1-9f22-b48c9db4e1b4,10,"[1, 0, 0, 1, 1, 0, 0, 1]",7,1,1,,0.625,8
4888,9addc9fc-8861-11f1-9f22-b48c9db4e1b4,11,"[1, 0, 1, 1, 1, 0, 0, 1]",0,1,1,,0.625,8
4889,9addc9fc-8861-11f1-9f22-b48c9db4e1b4,11,"[1, 0, 1, 1, 1, 0, 0, 1]",1,0,0,,0.625,8
4890,9addc9fc-8861-11f1-9f22-b48c9db4e1b4,11,"[1, 0, 1, 1, 1, 0, 0, 1]",2,1,1,,0.625,8
4891,9addc9fc-8861-11f1-9f22-b48c9db4e1b4,11,"[1, 0, 1, 1, 1, 0, 0, 1]",3,1,1,,0.625,8
4892,9addc9fc-8861-11f1-9f22-b48c9db4e1b4,11,"[1, 0, 1, 1, 1, 0, 0, 1]",4,1,1,,0.625,8
4893,9addc9fc-8861-11f1-9f22-b48c9db4e1b4,11,"[1, 0, 1, 1, 1, 0, 0, 1]",5,0,0,,0.625,8
4894,9addc9fc-8861-11f1-9f22-b48c9db4e1b4,11,"[1, 0, 1, 1, 1, 0, 0, 1]",6,0,0,,0.625,8
4895,9addc9fc-8861-11f1-9f22-b48c9db4e1b4,11,"[1, 0, 1, 1, 1, 0, 0, 1]",7,1,1,,0.625,8
4896,9addc9fc-8861-11f1-9f22-b48c9db4e1b4,12,"[0, 0, 1, 0, 0, 1, 0, 1]",0,0,0,,0.625,8
4897,9addc9fc-8861-11f1-9f22-b48c9db4e1b4,12,"[0, 0, 1, 0, 0, 1, 0, 1]",1,0,0,,0.625,8
4898,9addc9fc-8861-11f1-9f22-b48c9db4e1b4,12,"[0, 0, 1, 0, 0, 1, 0, 1]",2,1,1,,0.625,8
4899,9addc9fc-8861-11f1-9f22-b48c9db4e1b4,12,"[0, 0, 1, 0, 0, 1, 0, 1]",3,0,0,,0.625,8
4900,9addc9fc-8861-11f1-9f22-b48c9db4e1b4,12,"[0, 0, 1, 0, 0, 1, 0, 1]",4,0,0,,0.625,8
4901,9addc9fc-8861-11f1-9f22-b48c9db4e1b4,12,"[0, 0, 1, 0, 0, 1, 0, 1]",5,1,1,,0.625,8
4902,9addc9fc-8861-11f1-9f22-b48c9db4e1b4,12,"[0, 0, 1, 0, 0, 1, 0, 1]",6,0,0,,0.625,8
4903,9addc9fc-8861-11f1-9f22-b48c9db4e1b4,12,"[0, 0, 1, 0, 0, 1, 0, 1]",7,1,1,,0.625,8
4904,9addc9fc-8861-11f1-9f22-b48c9db4e1b4,13,"[0, 1, 1, 1, 1, 1, 1, 0]",0,0,0,,0.625,8
4905,9addc9fc-8861-11f1-9f22-b48c9db4e1b4,13,"[0, 1, 1, 1, 1, 1, 1, 0]",1,1,-1,,0.625,8
4906,9addc9fc-8861-11f1-9f22-b48c9db4e1b4,13,"[0, 1, 1, 1, 1, 1, 1, 0]",2,1,-1,,0.625,8
4907,9addc9fc-8861-11f1-9f22-b48c9db4e1b4,13,"[0, 1, 1, 1, 1, 1, 1, 0]",3,1,-1,,0.625,8
4908,9addc9fc-8861-11f1-9f22-b48c9db4e1b4,13,"[0, 1, 1, 1, 1, 1, 1, 0]",4,1,-1,,0.625,8
4909,9addc9fc-8861-11f1-9f22-b48c9db4e1b4,13,"[0, 1, 1, 1, 1, 1, 1, 0]",5,1,-1,,0.625,8
4910,9addc9fc-8861-11f1-9f22-b48c9db4e1b4,13,"[0, 1, 1, 1, 1, 1, 1, 0]",6,1,-1,,0.625,8
4911,9addc9fc-8861-11f1-9f22-b48c9db4e1b4,13,"[0, 1, 1, 1, 1, 1, 1, 0]",7,0,0,,0.625,8
4912,9addc9fc-8861-11f1-9f22-b48c9db4e1b4,14,"[0, 0, 0, 1, 1, 0, 1, 1]",0,0,0,,0.625,8
4913,9addc9fc-8861-11f1-9f22-b48c9db4e1b4,14,"[0, 0, 0, 1, 1, 0, 1, 1]",1,0,0,,0.625,8
4914,9addc9fc-8861-11f1-9f22-b48c9db4e1b4,14,"[0, 0, 0, 1, 1, 0, 1, 1]",2,0,0,,0.625,8
4915,9addc9fc-8861-11f1-9f22-b48c9db4e1b4,14,"[0, 0, 0, 1, 1, 0, 1, 1]",3,1,1,,0.625,8
4916,9addc9fc-8861-11f1-9f22-b48c9db4e1b4,14,"[0, 0, 0, 1, 1, 0, 1, 1]",4,1,1,,0.625,8
4917,9addc9fc-8861-11f1-9f22-b48c9db4e1b4,14,"[0, 0, 0, 1, 1, 0, 1, 1]",5,0,0,,0.625,8
4918,9addc9fc-8861-11f1-9f22-b48c9db4e1b4,14,"[0, 0, 0, 1, 1, 0, 1, 1]",6,1,1,,0.625,8
4919,9addc9fc-8861-11f1-9f22-b48c9db4e1b4,14,"[0, 0, 0, 1, 1, 0, 1, 1]",7,1,1,,0.625,8
4920,9addc9fc-8861-11f1-9f22-b48c9db4e1b4,15,"[1, 0, 0, 1, 1, 0, 1, 0]",0,1,1,,0.625,8
4921,9addc9fc-8861-11f1-9f22-b48c9db4e1b4,15,"[1, 0, 0, 1, 1, 0, 1, 0]",1,0,0,,0.625,8
4922,9addc9fc-8861-11f1-9f22-b48c9db4e1b4,15,"[1, 0, 0, 1, 1, 0, 1, 0]",2,0,0,,0.625,8
4923,9addc9fc-8861-11f1-9f22-b48c9db4e1b4,15,"[1, 0, 0, 1, 1, 0, 1, 0]",3,1,1,,0.625,8
4924,9addc9fc-8861-11f1-9f22-b48c9db4e1b4,15,"[1, 0, 0, 1, 1, 0, 1, 0]",4,1,1,,0.625,8
4925,9addc9fc-8861-11f1-9f22-b48c9db4e1b4,15,"[1, 0, 0, 1, 1, 0, 1, 0]",5,0,0,,0.625,8
4926,9addc9fc-8861-11f1-9f22-b48c9db4e1b4,15,"[1, 0, 0, 1, 1, 0, 1, 0]",6,1,1,,0.625,8
4927,9addc9fc-8861-11f1-9f22-b48c9db4e1b4,15,"[1, 0, 0, 1, 1, 0, 1, 0]",7,0,0,,0.625,8
4928,9addc9fc-8861-11f1-9f22-b48c9db4e1b4,16,"[1, 0, 1, 0, 0, 1, 0, 0]",0,1,1,,0.625,8
4929,9addc9fc-8861-11f1-9f22-b48c9db4e1b4,16,"[1, 0, 1, 0, 0, 1, 0, 0]",1,0,0,,0.625,8
4930,9addc9fc-8861-11f1-9f22-b48c9db4e1b4,16,"[1, 0, 1, 0, 0, 1, 0, 0]",2,1,1,,0.625,8
4931,9addc9fc-8861-11f1-9f22-b48c9db4e1b4,16,"[1, 0, 1, 0, 0, 1, 0, 0]",3,0,0,,0.625,8
4932,9addc9fc-8861-11f1-9f22-b48c9db4e1b4,16,"[1, 0, 1, 0, 0, 1, 0, 0]",4,0,0,,0.625,8
4933,9addc9fc-8861-11f1-9f22-b48c9db4e1b4,16,"[1, 0, 1, 0, 0, 1, 0, 0]",5,1,1,,0.625,8
4934,9addc9fc-8861-11f1-9f22-b48c9db4e1b4,16,"[1, 0, 1, 0, 0, 1, 0, 0]",6,0,0,,0.625,8
4935,9addc9fc-8861-11f1-9f22-b48c9db4e1b4,16,"[1, 0, 1, 0, 0, 1, 0, 0]",7,0,0,,0.625,8
4936,9addc9fc-8861-11f1-9f22-b48c9db4e1b4,17,"[0, 0, 0, 1, 1, 0, 1, 1]",0,0,0,,0.625,8
4937,9addc9fc-8861-11f1-9f22-b48c9db4e1b4,17,"[0, 0, 0, 1, 1, 0, 1, 1]",1,0,0,,0.625,8
4938,9addc9fc-8861-11f1-9f22-b48c9db4e1b4,17,"[0, 0, 0, 1, 1, 0, 1, 1]",2,0,0,,0.625,8
4939,9addc9fc-8861-11f1-9f22-b48c9db4e1b4,17,"[0, 0, 0, 1, 1, 0, 1, 1]",3,1,1,,0.625,8
4940,9addc9fc-8861-11f1-9f22-b48c9db4e1b4,17,"[0, 0, 0, 1, 1, 0, 1, 1]",4,1,1,,0.625,8
4941,9addc9fc-8861-11f1-9f22-b48c9db4e1b4,17,"[0, 0, 0, 1, 1, 0, 1, 1]",5,0,0,,0.625,8
4942,9addc9fc-8861-11f1-9f22-b48c9db4e1b4,17,"[0, 0, 0, 1, 1, 0, 1, 1]",6,1,1,,0.625,8
4943,9addc9fc-8861-11f1-9f22-b48c9db4e1b4,17,"[0, 0, 0, 1, 1, 0, 1, 1]",7,1,1,,0.625,8
4944,9addc9fc-8861-11f1-9f22-b48c9db4e1b4,18,"[1, 0, 1, 0, 0, 0, 0, 1]",0,1,1,,0.625,8
4945,9addc9fc-8861-11f1-9f22-b48c9db4e1b4,18,"[1, 0, 1, 0, 0, 0, 0, 1]",1,0,0,,0.625,8
4946,9addc9fc-8861-11f1-9f22-b48c9db4e1b4,18,"[1, 0, 1, 0, 0, 0, 0, 1]",2,1,1,,0.625,8
4947,9addc9fc-8861-11f1-9f22-b48c9db4e1b4,18,"[1, 0, 1, 0, 0, 0, 0, 1]",3,0,0,,0.625,8
4948,9addc9fc-8861-11f1-9f22-b48c9db4e1b4,18,"[1, 0, 1, 0, 0, 0, 0, 1]",4,0,0,,0.625,8
4949,9addc9fc-8861-11f1-9f22-b48c9db4e1b4,18,"[1, 0, 1, 0, 0, 0, 0, 1]",5,0,0,,0.625,8
4950,9addc9fc-8861-11f1-9f22-b48c9db4e1b4,18,"[1, 0, 1, 0, 0, 0, 0, 1]",6,0,0,,0.625,8
4951,9addc9fc-8861-11f1-9f22-b48c9db4e1b4,18,"[1, 0, 1, 0, 0, 0, 0, 1]",7,1,1,,0.625,8
4952,9addc9fc-8861-11f1-9f22-b48c9db4e1b4,19,"[0, 0, 0, 1, 1, 0, 1, 0]",0,0,0,,0.625,8
4953,9addc9fc-8861-11f1-9f22-b48c9db4e1b4,19,"[0, 0, 0, 1, 1, 0, 1, 0]",1,0,0,,0.625,8
4954,9addc9fc-8861-11f1-9f22-b48c9db4e1b4,19,"[0, 0, 0, 1, 1, 0, 1, 0]",2,0,0,,0.625,8
4955,9addc9fc-8861-11f1-9f22-b48c9db4e1b4,19,"[0, 0, 0, 1, 1, 0, 1, 0]",3,1,1,,0.625,8
4956,9addc9fc-8861-11f1-9f22-b48c9db4e1b4,19,"[0, 0, 0, 1, 1, 0, 1, 0]",4,1,1,,0.625,8
4957,9addc9fc-8861-11f1-9f22-b48c9db4e1b4,19,"[0, 0, 0, 1, 1, 0, 1, 0]",5,0,0,,0.625,8
4958,9addc9fc-8861-11f1-9f22-b48c9db4e1b4,19,"[0, 0, 0, 1, 1, 0, 1, 0]",6,1,1,,0.625,8
4959,9addc9fc-8861-11f1-9f22-b48c9db4e1b4,19,"[0, 0, 0, 1, 1, 0, 1, 0]",7,0,0,,0.625,8
4960,9ae18791-8861-11f1-bf17-b48c9db4e1b4,0,"[0, 0, 1, 1, 1, 1, 1, 1]",0,0,0,,0.625,8
4961,9ae18791-8861-11f1-bf17-b48c9db4e1b4,0,"[0, 0, 1, 1, 1, 1, 1, 1]",1,0,0,,0.625,8
4962,9ae18791-8861-11f1-bf17-b48c9db4e1b4,0,"[0, 0, 1, 1, 1, 1, 1, 1]",2,1,-1,,0.625,8
4963,9ae18791-8861-11f1-bf17-b48c9db4e1b4,0,"[0, 0, 1, 1, 1, 1, 1, 1]",3,1,-1,,0.625,8
4964,9ae18791-8861-11f1-bf17-b48c9db4e1b4,0,"[0, 0, 1, 1, 1, 1, 1, 1]",4,1,-1,,0.625,8
4965,9ae18791-8861-11f1-bf17-b48c9db4e1b4,0,"[0, 0, 1, 1, 1, 1, 1, 1]",5,1,-1,,0.625,8
4966,9ae18791-8861-11f1-bf17-b48c9db4e1b4,0,"[0, 0, 1, 1, 1, 1, 1, 1]",6,1,-1,,0.625,8
4967,9ae18791-8861-11f1-bf17-b48c9db4e1b4,0,"[0, 0, 1, 1, 1, 1, 1, 1]",7,1,-1,,0.625,8
4968,9ae18791-8861-11f1-bf17-b48c9db4e1b4,1,"[0, 0, 1, 0, 0, 1, 1, 1]",0,0,0,,0.625,8
4969,9ae18791-8861-11f1-bf17-b48c9db4e1b4,1,"[0, 0, 1, 0, 0, 1, 1, 1]",1,0,0,,0.625,8
4970,9ae18791-8861-11f1-bf17-b48c9db4e1b4,1,"[0, 0, 1, 0, 0, 1, 1, 1]",2,1,1,,0.625,8
4971,9ae18791-8861-11f1-bf17-b48c9db4e1b4,1,"[0, 0, 1, 0, 0, 1, 1, 1]",3,0,0,,0.625,8
4972,9ae18791-8861-11f1-bf17-b48c9db4e1b4,1,"[0, 0, 1, 0, 0, 1, 1, 1]",4,0,0,,0.625,8
4973,9ae18791-8861-11f1-bf17-b48c9db4e1b4,1,"[0, 0, 1, 0, 0, 1, 1, 1]",5,1,1,,0.625,8
4974,9ae18791-8861-11f1-bf17-b48c9db4e1b4,1,"[0, 0, 1, 0, 0, 1, 1, 1]",6,1,1,,0.625,8
4975,9ae18791-8861-11f1-bf17-b48c9db4e1b4,1,"[0, 0, 1, 0, 0, 1, 1, 1]",7,1,1,,0.625,8
4976,9ae18791-8861-11f1-bf17-b48c9db4e1b4,2,"[1, 1, 0, 0, 0, 0, 1, 0]",0,1,1,,0.625,8
4977,9ae18791-8861-11f1-bf17-b48c9db4e1b4,2,"[1, 1, 0, 0, 0, 0, 1, 0]",1,1,1,,0.625,8
4978,9ae18791-8861-11f1-bf17-b48c9db4e1b4,2,"[1, 1, 0, 0, 0, 0, 1, 0]",2,0,0,,0.625,8
4979,9ae18791-8861-11f1-bf17-b48c9db4e1b4,2,"[1, 1, 0, 0, 0, 0, 1, 0]",3,0,0,,0.625,8
4980,9ae18791-8861-11f1-bf17-b48c9db4e1b4,2,"[1, 1, 0, 0, 0, 0, 1, 0]",4,0,0,,0.625,8
4981,9ae18791-8861-11f1-bf17-b48c9db4e1b4,2,"[1, 1, 0, 0, 0, 0, 1, 0]",5,0,0,,0.625,8
4982,9ae18791-8861-11f1-bf17-b48c9db4e1b4,2,"[1, 1, 0, 0, 0, 0, 1, 0]",6,1,1,,0.625,8
4983,9ae18791-8861-11f1-bf17-b48c9db4e1b4,2,"[1, 1, 0, 0, 0, 0, 1, 0]",7,0,0,,0.625,8
4984,9ae18791-8861-11f1-bf17-b48c9db4e1b4,3,"[0, 0, 1, 0, 0, 0, 0, 0]",0,0,0,,0.625,8
4985,9ae18791-8861-11f1-bf17-b48c9db4e1b4,3,"[0, 0, 1, 0, 0, 0, 0, 0]",1,0,0,,0.625,8
4986,9ae18791-8861-11f1-bf17-b48c9db4e1b4,3,"[0, 0, 1, 0, 0, 0, 0, 0]",2,1,1,,0.625,8
4987,9ae18791-8861-11f1-bf17-b48c9db4e1b4,3,"[0, 0, 1, 0, 0, 0, 0, 0]",3,0,0,,0.625,8
4988,9ae18791-8861-11f1-bf17-b48c9db4e1b4,3,"[0, 0, 1, 0, 0, 0, 0, 0]",4,0,0,,0.625,8
4989,9ae18791-8861-11f1-bf17-b48c9db4e1b4,3,"[0, 0, 1, 0, 0, 0, 0, 0]",5,0,0,,0.625,8
4990,9ae18791-8861-11f1-bf17-b48c9db4e1b4,3,"[0, 0, 1, 0, 0, 0, 0, 0]",6,0,0,,0.625,8
4991,9ae18791-8861-11f1-bf17-b48c9db4e1b4,3,"[0, 0, 1, 0, 0, 0, 0, 0]",7,0,0,,0.625,8
4992,9ae18791-8861-11f1-bf17-b48c9db4e1b4,4,"[0, 1, 1, 0, 0, 1, 0, 1]",0,0,0,,0.625,8
4993,9ae18791-8861-11f1-bf17-b48c9db4e1b4,4,"[0, 1, 1, 0, 0, 1, 0, 1]",1,1,1,,0.625,8
4994,9ae18791-8861-11f1-bf17-b48c9db4e1b4,4,"[0, 1, 1, 0, 0, 1, 0, 1]",2,1,1,,0.625,8
4995,9ae18791-8861-11f1-bf17-b48c9db4e1b4,4,"[0, 1, 1, 0, 0, 1, 0, 1]",3,0,0,,0.625,8
4996,9ae18791-8861-11f1-bf17-b48c9db4e1b4,4,"[0, 1, 1, 0, 0, 1, 0, 1]",4,0,0,,0.625,8
4997,9ae18791-8861-11f1-bf17-b48c9db4e1b4,4,"[0, 1, 1, 0, 0, 1, 0, 1]",5,1,1,,0.625,8
4998,9ae18791-8861-11f1-bf17-b48c9db4e1b4,4,"[0, 1, 1, 0, 0, 1, 0, 1]",6,0,0,,0.625,8
4999,9ae18791-8861-11f1-bf17-b48c9db4e1b4,4,"[0, 1, 1, 0, 0, 1, 0, 1]",7,1,1,,0.625,8
5000,9ae18791-8861-11f1-bf17-b48c9db4e1b4,5,"[1, 1, 0, 1, 0, 1, 1, 1]",0,1,-1,,0.625,8
5001,9ae18791-8861-11f1-bf17-b48c9db4e1b4,5,"[1, 1, 0, 1, 0, 1, 1, 1]",1,1,-1,,0.625,8
5002,9ae18791-8861-11f1-bf17-b48c9db4e1b4,5,"[1, 1, 0, 1, 0, 1, 1, 1]",2,0,0,,0.625,8
5003,9ae18791-8861-11f1-bf17-b48c9db4e1b4,5,"[1, 1, 0, 1, 0, 1, 1, 1]",3,1,-1,,0.625,8
5004,9ae18791-8861-11f1-bf17-b48c9db4e1b4,5,"[1, 1, 0, 1, 0, 1, 1, 1]",4,0,0,,0.625,8
5005,9ae18791-8861-11f1-bf17-b48c9db4e1b4,5,"[1, 1, 0, 1, 0, 1, 1, 1]",5,1,-1,,0.625,8
5006,9ae18791-8861-11f1-bf17-b48c9db4e1b4,5,"[1, 1, 0, 1, 0, 1, 1, 1]",6,1,-1,,0.625,8
5007,9ae18791-8861-11f1-bf17-b48c9db4e1b4,5,"[1, 1, 0, 1, 0, 1, 1, 1]",7,1,-1,,0.625,8
5008,9ae18791-8861-11f1-bf17-b48c9db4e1b4,6,"[0, 0, 0, 0, 0, 1, 0, 1]",0,0,0,,0.625,8
5009,9ae18791-8861-11f1-bf17-b48c9db4e1b4,6,"[0, 0, 0, 0, 0, 1, 0, 1]",1,0,0,,0.625,8
5010,9ae18791-8861-11f1-bf17-b48c9db4e1b4,6,"[0, 0, 0, 0, 0, 1, 0, 1]",2,0,0,,0.625,8
5011,9ae18791-8861-11f1-bf17-b48c9db4e1b4,6,"[0, 0, 0, 0, 0, 1, 0, 1]",3,0,0,,0.625,8
5012,9ae18791-8861-11f1-bf17-b48c9db4e1b4,6,"[0, 0, 0, 0, 0, 1, 0, 1]",4,0,0,,0.625,8
5013,9ae18791-8861-11f1-bf17-b48c9db4e1b4,6,"[0, 0, 0, 0, 0, 1, 0, 1]",5,1,1,,0.625,8
5014,9ae18791-8861-11f1-bf17-b48c9db4e1b4,6,"[0, 0, 0, 0, 0, 1, 0, 1]",6,0,0,,0.625,8
5015,9ae18791-8861-11f1-bf17-b48c9db4e1b4,6,"[0, 0, 0, 0, 0, 1, 0, 1]",7,1,1,,0.625,8
5016,9ae18791-8861-11f1-bf17-b48c9db4e1b4,7,"[0, 1, 1, 1, 0, 0, 1, 0]",0,0,0,,0.625,8
5017,9ae18791-8861-11f1-bf17-b48c9db4e1b4,7,"[0, 1, 1, 1, 0, 0, 1, 0]",1,1,1,,0.625,8
5018,9ae18791-8861-11f1-bf17-b48c9db4e1b4,7,"[0, 1, 1, 1, 0, 0, 1, 0]",2,1,1,,0.625,8
5019,9ae18791-8861-11f1-bf17-b48c9db4e1b4,7,"[0, 1, 1, 1, 0, 0, 1, 0]",3,1,1,,0.625,8
5020,9ae18791-8861-11f1-bf17-b48c9db4e1b4,7,"[0, 1, 1, 1, 0, 0, 1, 0]",4,0,0,,0.625,8
5021,9ae18791-8861-11f1-bf17-b48c9db4e1b4,7,"[0, 1, 1, 1, 0, 0, 1, 0]",5,0,0,,0.625,8
5022,9ae18791-8861-11f1-bf17-b48c9db4e1b4,7,"[0, 1, 1, 1, 0, 0, 1, 0]",6,1,1,,0.625,8
5023,9ae18791-8861-11f1-bf17-b48c9db4e1b4,7,"[0, 1, 1, 1, 0, 0, 1, 0]",7,0,0,,0.625,8
5024,9ae18791-8861-11f1-bf17-b48c9db4e1b4,8,"[0, 1, 0, 0, 1, 0, 0, 0]",0,0,0,,0.625,8
5025,9ae18791-8861-11f1-bf17-b48c9db4e1b4,8,"[0, 1, 0, 0, 1, 0, 0, 0]",1,1,1,,0.625,8
5026,9ae18791-8861-11f1-bf17-b48c9db4e1b4,8,"[0, 1, 0, 0, 1, 0, 0, 0]",2,0,0,,0.625,8
5027,9ae18791-8861-11f1-bf17-b48c9db4e1b4,8,"[0, 1, 0, 0, 1, 0, 0, 0]",3,0,0,,0.625,8
5028,9ae18791-8861-11f1-bf17-b48c9db4e1b4,8,"[0, 1, 0, 0, 1, 0, 0, 0]",4,1,1,,0.625,8
5029,9ae18791-8861-11f1-bf17-b48c9db4e1b4,8,"[0, 1, 0, 0, 1, 0, 0, 0]",5,0,0,,0.625,8
5030,9ae18791-8861-11f1-bf17-b48c9db4e1b4,8,"[0, 1, 0, 0, 1, 0, 0, 0]",6,0,0,,0.625,8
5031,9ae18791-8861-11f1-bf17-b48c9db4e1b4,8,"[0, 1, 0, 0, 1, 0, 0, 0]",7,0,0,,0.625,8
5032,9ae18791-8861-11f1-bf17-b48c9db4e1b4,9,"[1, 0, 1, 0, 1, 0, 1, 1]",0,1,1,,0.625,8
5033,9ae18791-8861-11f1-bf17-b48c9db4e1b4,9,"[1, 0, 1, 0, 1, 0, 1, 1]",1,0,0,,0.625,8
5034,9ae18791-8861-11f1-bf17-b48c9db4e1b4,9,"[1, 0, 1, 0, 1, 0, 1, 1]",2,1,1,,0.625,8
5035,9ae18791-8861-11f1-bf17-b48c9db4e1b4,9,"[1, 0, 1, 0, 1, 0, 1, 1]",3,0,0,,0.625,8
5036,9ae18791-8861-11f1-bf17-b48c9db4e1b4,9,"[1, 0, 1, 0, 1, 0, 1, 1]",4,1,1,,0.625,8
5037,9ae18791-8861-11f1-bf17-b48c9db4e1b4,9,"[1, 0, 1, 0, 1, 0, 1, 1]",5,0,0,,0.625,8
5038,9ae18791-8861-11f1-bf17-b48c9db4e1b4,9,"[1, 0, 1, 0, 1, 0, 1, 1]",6,1,1,,0.625,8
5039,9ae18791-8861-11f1-bf17-b48c9db4e1b4,9,"[1, 0, 1, 0, 1, 0, 1, 1]",7,1,1,,0.625,8
5040,9ae18791-8861-11f1-bf17-b48c9db4e1b4,10,"[1, 0, 0, 1, 1, 1, 1, 0]",0,1,1,,0.625,8
5041,9ae18791-8861-11f1-bf17-b48c9db4e1b4,10,"[1, 0, 0, 1, 1, 1, 1, 0]",1,0,0,,0.625,8
5042,9ae18791-8861-11f1-bf17-b48c9db4e1b4,10,"[1, 0, 0, 1, 1, 1, 1, 0]",2,0,0,,0.625,8
5043,9ae18791-8861-11f1-bf17-b48c9db4e1b4,10,"[1, 0, 0, 1, 1, 1, 1, 0]",3,1,1,,0.625,8
5044,9ae18791-8861-11f1-bf17-b48c9db4e1b4,10,"[1, 0, 0, 1, 1, 1, 1, 0]",4,1,1,,0.625,8
5045,9ae18791-8861-11f1-bf17-b48c9db4e1b4,10,"[1, 0, 0, 1, 1, 1, 1, 0]",5,1,1,,0.625,8
5046,9ae18791-8861-11f1-bf17-b48c9db4e1b4,10,"[1, 0, 0, 1, 1, 1, 1, 0]",6,1,1,,0.625,8
5047,9ae18791-8861-11f1-bf17-b48c9db4e1b4,10,"[1, 0, 0, 1, 1, 1, 1, 0]",7,0,0,,0.625,8
5048,9ae18791-8861-11f1-bf17-b48c9db4e1b4,11,"[0, 0, 1, 0, 1, 0, 1, 1]",0,0,0,,0.625,8
5049,9ae18791-8861-11f1-bf17-b48c9db4e1b4,11,"[0, 0, 1, 0, 1, 0, 1, 1]",1,0,0,,0.625,8
5050,9ae18791-8861-11f1-bf17-b48c9db4e1b4,11,"[0, 0, 1, 0, 1, 0, 1, 1]",2,1,1,,0.625,8
5051,9ae18791-8861-11f1-bf17-b48c9db4e1b4,11,"[0, 0, 1, 0, 1, 0, 1, 1]",3,0,0,,0.625,8
5052,9ae18791-8861-11f1-bf17-b48c9db4e1b4,11,"[0, 0, 1, 0, 1, 0, 1, 1]",4,1,1,,0.625,8
5053,9ae18791-8861-11f1-bf17-b48c9db4e1b4,11,"[0, 0, 1, 0, 1, 0, 1, 1]",5,0,0,,0.625,8
5054,9ae18791-8861-11f1-bf17-b48c9db4e1b4,11,"[0, 0, 1, 0, 1, 0, 1, 1]",6,1,1,,0.625,8
5055,9ae18791-8861-11f1-bf17-b48c9db4e1b4,11,"[0, 0, 1, 0, 1, 0, 1, 1]",7,1,1,,0.625,8
5056,9ae18791-8861-11f1-bf17-b48c9db4e1b4,12,"[0, 0, 1, 1, 0, 0, 0, 1]",0,0,0,,0.625,8
5057,9ae18791-8861-11f1-bf17-b48c9db4e1b4,12,"[0, 0, 1, 1, 0, 0, 0, 1]",1,0,0,,0.625,8
5058,9ae18791-8861-11f1-bf17-b48c9db4e1b4,12,"[0, 0, 1, 1, 0, 0, 0, 1]",2,1,1,,0.625,8
5059,9ae18791-8861-11f1-bf17-b48c9db4e1b4,12,"[0, 0, 1, 1, 0, 0, 0, 1]",3,1,1,,0.625,8
5060,9ae18791-8861-11f1-bf17-b48c9db4e1b4,12,"[0, 0, 1, 1, 0, 0, 0, 1]",4,0,0,,0.625,8
5061,9ae18791-8861-11f1-bf17-b48c9db4e1b4,12,"[0, 0, 1, 1, 0, 0, 0, 1]",5,0,0,,0.625,8
5062,9ae18791-8861-11f1-bf17-b48c9db4e1b4,12,"[0, 0, 1, 1, 0, 0, 0, 1]",6,0,0,,0.625,8
5063,9ae18791-8861-11f1-bf17-b48c9db4e1b4,12,"[0, 0, 1, 1, 0, 0, 0, 1]",7,1,1,,0.625,8
5064,9ae18791-8861-11f1-bf17-b48c9db4e1b4,13,"[0, 1, 0, 0, 0, 1, 1, 0]",0,0,0,,0.625,8
5065,9ae18791-8861-11f1-bf17-b48c9db4e1b4,13,"[0, 1, 0, 0, 0, 1, 1, 0]",1,1,1,,0.625,8
5066,9ae18791-8861-11f1-bf17-b48c9db4e1b4,13,"[0, 1, 0, 0, 0, 1, 1, 0]",2,0,0,,0.625,8
5067,9ae18791-8861-11f1-bf17-b48c9db4e1b4,13,"[0, 1, 0, 0, 0, 1, 1, 0]",3,0,0,,0.625,8
5068,9ae18791-8861-11f1-bf17-b48c9db4e1b4,13,"[0, 1, 0, 0, 0, 1, 1, 0]",4,0,0,,0.625,8
5069,9ae18791-8861-11f1-bf17-b48c9db4e1b4,13,"[0, 1, 0, 0, 0, 1, 1, 0]",5,1,1,,0.625,8
5070,9ae18791-8861-11f1-bf17-b48c9db4e1b4,13,"[0, 1, 0, 0, 0, 1, 1, 0]",6,1,1,,0.625,8
5071,9ae18791-8861-11f1-bf17-b48c9db4e1b4,13,"[0, 1, 0, 0, 0, 1, 1, 0]",7,0,0,,0.625,8
5072,9ae18791-8861-11f1-bf17-b48c9db4e1b4,14,"[0, 0, 0, 1, 1, 0, 1, 1]",0,0,0,,0.625,8
5073,9ae18791-8861-11f1-bf17-b48c9db4e1b4,14,"[0, 0, 0, 1, 1, 0, 1, 1]",1,0,0,,0.625,8
5074,9ae18791-8861-11f1-bf17-b48c9db4e1b4,14,"[0, 0, 0, 1, 1, 0, 1, 1]",2,0,0,,0.625,8
5075,9ae18791-8861-11f1-bf17-b48c9db4e1b4,14,"[0, 0, 0, 1, 1, 0, 1, 1]",3,1,1,,0.625,8
5076,9ae18791-8861-11f1-bf17-b48c9db4e1b4,14,"[0, 0, 0, 1, 1, 0, 1, 1]",4,1,1,,0.625,8
5077,9ae18791-8861-11f1-bf17-b48c9db4e1b4,14,"[0, 0, 0, 1, 1, 0, 1, 1]",5,0,0,,0.625,8
5078,9ae18791-8861-11f1-bf17-b48c9db4e1b4,14,"[0, 0, 0, 1, 1, 0, 1, 1]",6,1,1,,0.625,8
5079,9ae18791-8861-11f1-bf17-b48c9db4e1b4,14,"[0, 0, 0, 1, 1, 0, 1, 1]",7,1,1,,0.625,8
5080,9ae18791-8861-11f1-bf17-b48c9db4e1b4,15,"[0, 1, 0, 0, 0, 1, 0, 0]",0,0,0,,0.625,8
5081,9ae18791-8861-11f1-bf17-b48c9db4e1b4,15,"[0, 1, 0, 0, 0, 1, 0, 0]",1,1,1,,0.625,8
5082,9ae18791-8861-11f1-bf17-b48c9db4e1b4,15,"[0, 1, 0, 0, 0, 1, 0, 0]",2,0,0,,0.625,8
5083,9ae18791-8861-11f1-bf17-b48c9db4e1b4,15,"[0, 1, 0, 0, 0, 1, 0, 0]",3,0,0,,0.625,8
5084,9ae18791-8861-11f1-bf17-b48c9db4e1b4,15,"[0, 1, 0, 0, 0, 1, 0, 0]",4,0,0,,0.625,8
5085,9ae18791-8861-11f1-bf17-b48c9db4e1b4,15,"[0, 1, 0, 0, 0, 1, 0, 0]",5,1,1,,0.625,8
5086,9ae18791-8861-11f1-bf17-b48c9db4e1b4,15,"[0, 1, 0, 0, 0, 1, 0, 0]",6,0,0,,0.625,8
5087,9ae18791-8861-11f1-bf17-b48c9db4e1b4,15,"[0, 1, 0, 0, 0, 1, 0, 0]",7,0,0,,0.625,8
5088,9ae18791-8861-11f1-bf17-b48c9db4e1b4,16,"[1, 0, 1, 1, 0, 0, 0, 0]",0,1,1,,0.625,8
5089,9ae18791-8861-11f1-bf17-b48c9db4e1b4,16,"[1, 0, 1, 1, 0, 0, 0, 0]",1,0,0,,0.625,8
5090,9ae18791-8861-11f1-bf17-b48c9db4e1b4,16,"[1, 0, 1, 1, 0, 0, 0, 0]",2,1,1,,0.625,8
5091,9ae18791-8861-11f1-bf17-b48c9db4e1b4,16,"[1, 0, 1, 1, 0, 0, 0, 0]",3,1,1,,0.625,8
5092,9ae18791-8861-11f1-bf17-b48c9db4e1b4,16,"[1, 0, 1, 1, 0, 0, 0, 0]",4,0,0,,0.625,8
5093,9ae18791-8861-11f1-bf17-b48c9db4e1b4,16,"[1, 0, 1, 1, 0, 0, 0, 0]",5,0,0,,0.625,8
5094,9ae18791-8861-11f1-bf17-b48c9db4e1b4,16,"[1, 0, 1, 1, 0, 0, 0, 0]",6,0,0,,0.625,8
5095,9ae18791-8861-11f1-bf17-b48c9db4e1b4,16,"[1, 0, 1, 1, 0, 0, 0, 0]",7,0,0,,0.625,8
5096,9ae18791-8861-11f1-bf17-b48c9db4e1b4,17,"[0, 0, 1, 1, 0, 1, 1, 0]",0,0,0,,0.625,8
5097,9ae18791-8861-11f1-bf17-b48c9db4e1b4,17,"[0, 0, 1, 1, 0, 1, 1, 0]",1,0,0,,0.625,8
5098,9ae18791-8861-11f1-bf17-b48c9db4e1b4,17,"[0, 0, 1, 1, 0, 1, 1, 0]",2,1,1,,0.625,8
5099,9ae18791-8861-11f1-bf17-b48c9db4e1b4,17,"[0, 0, 1, 1, 0, 1, 1, 0]",3,1,1,,0.625,8
5100,9ae18791-8861-11f1-bf17-b48c9db4e1b4,17,"[0, 0, 1, 1, 0, 1, 1, 0]",4,0,0,,0.625,8
5101,9ae18791-8861-11f1-bf17-b48c9db4e1b4,17,"[0, 0, 1, 1, 0, 1, 1, 0]",5,1,1,,0.625,8
5102,9ae18791-8861-11f1-bf17-b48c9db4e1b4,17,"[0, 0, 1, 1, 0, 1, 1, 0]",6,1,1,,0.625,8
5103,9ae18791-8861-11f1-bf17-b48c9db4e1b4,17,"[0, 0, 1, 1, 0, 1, 1, 0]",7,0,0,,0.625,8
5104,9ae18791-8861-11f1-bf17-b48c9db4e1b4,18,"[0, 1, 1, 1, 1, 0, 0, 1]",0,0,0,,0.625,8
5105,9ae18791-8861-11f1-bf17-b48c9db4e1b4,18,"[0, 1, 1, 1, 1, 0, 0, 1]",1,1,1,,0.625,8
5106,9ae18791-8861-11f1-bf17-b48c9db4e1b4,18,"[0, 1, 1, 1, 1, 0, 0, 1]",2,1,1,,0.625,8
5107,9ae18791-8861-11f1-bf17-b48c9db4e1b4,18,"[0, 1, 1, 1, 1, 0, 0, 1]",3,1,1,,0.625,8
5108,9ae18791-8861-11f1-bf17-b48c9db4e1b4,18,"[0, 1, 1, 1, 1, 0, 0, 1]",4,1,1,,0.625,8
5109,9ae18791-8861-11f1-bf17-b48c9db4e1b4,18,"[0, 1, 1, 1, 1, 0, 0, 1]",5,0,0,,0.625,8
5110,9ae18791-8861-11f1-bf17-b48c9db4e1b4,18,"[0, 1, 1, 1, 1, 0, 0, 1]",6,0,0,,0.625,8
5111,9ae18791-8861-11f1-bf17-b48c9db4e1b4,18,"[0, 1, 1, 1, 1, 0, 0, 1]",7,1,1,,0.625,8
5112,9ae18791-8861-11f1-bf17-b48c9db4e1b4,19,"[1, 1, 0, 0, 0, 1, 0, 1]",0,1,1,,0.625,8
5113,9ae18791-8861-11f1-bf17-b48c9db4e1b4,19,"[1, 1, 0, 0, 0, 1, 0, 1]",1,1,1,,0.625,8
5114,9ae18791-8861-11f1-bf17-b48c9db4e1b4,19,"[1, 1, 0, 0, 0, 1, 0, 1]",2,0,0,,0.625,8
5115,9ae18791-8861-11f1-bf17-b48c9db4e1b4,19,"[1, 1, 0, 0, 0, 1, 0, 1]",3,0,0,,0.625,8
5116,9ae18791-8861-11f1-bf17-b48c9db4e1b4,19,"[1, 1, 0, 0, 0, 1, 0, 1]",4,0,0,,0.625,8
5117,9ae18791-8861-11f1-bf17-b48c9db4e1b4,19,"[1, 1, 0, 0, 0, 1, 0, 1]",5,1,1,,0.625,8
5118,9ae18791-8861-11f1-bf17-b48c9db4e1b4,19,"[1, 1, 0, 0, 0, 1, 0, 1]",6,0,0,,0.625,8
5119,9ae18791-8861-11f1-bf17-b48c9db4e1b4,19,"[1, 1, 0, 0, 0, 1, 0, 1]",7,1,1,,0.625,8
5120,9ae44094-8861-11f1-8900-b48c9db4e1b4,0,"[1, 1, 1, 0, 1, 0, 0, 0]",0,1,1,,0.625,8
5121,9ae44094-8861-11f1-8900-b48c9db4e1b4,0,"[1, 1, 1, 0, 1, 0, 0, 0]",1,1,1,,0.625,8
5122,9ae44094-8861-11f1-8900-b48c9db4e1b4,0,"[1, 1, 1, 0, 1, 0, 0, 0]",2,1,1,,0.625,8
5123,9ae44094-8861-11f1-8900-b48c9db4e1b4,0,"[1, 1, 1, 0, 1, 0, 0, 0]",3,0,0,,0.625,8
5124,9ae44094-8861-11f1-8900-b48c9db4e1b4,0,"[1, 1, 1, 0, 1, 0, 0, 0]",4,1,1,,0.625,8
5125,9ae44094-8861-11f1-8900-b48c9db4e1b4,0,"[1, 1, 1, 0, 1, 0, 0, 0]",5,0,0,,0.625,8
5126,9ae44094-8861-11f1-8900-b48c9db4e1b4,0,"[1, 1, 1, 0, 1, 0, 0, 0]",6,0,0,,0.625,8
5127,9ae44094-8861-11f1-8900-b48c9db4e1b4,0,"[1, 1, 1, 0, 1, 0, 0, 0]",7,0,0,,0.625,8
5128,9ae44094-8861-11f1-8900-b48c9db4e1b4,1,"[0, 0, 1, 1, 0, 1, 0, 1]",0,0,0,,0.625,8
5129,9ae44094-8861-11f1-8900-b48c9db4e1b4,1,"[0, 0, 1, 1, 0, 1, 0, 1]",1,0,0,,0.625,8
5130,9ae44094-8861-11f1-8900-b48c9db4e1b4,1,"[0, 0, 1, 1, 0, 1, 0, 1]",2,1,1,,0.625,8
5131,9ae44094-8861-11f1-8900-b48c9db4e1b4,1,"[0, 0, 1, 1, 0, 1, 0, 1]",3,1,1,,0.625,8
5132,9ae44094-8861-11f1-8900-b48c9db4e1b4,1,"[0, 0, 1, 1, 0, 1, 0, 1]",4,0,0,,0.625,8
5133,9ae44094-8861-11f1-8900-b48c9db4e1b4,1,"[0, 0, 1, 1, 0, 1, 0, 1]",5,1,1,,0.625,8
5134,9ae44094-8861-11f1-8900-b48c9db4e1b4,1,"[0, 0, 1, 1, 0, 1, 0, 1]",6,0,0,,0.625,8
5135,9ae44094-8861-11f1-8900-b48c9db4e1b4,1,"[0, 0, 1, 1, 0, 1, 0, 1]",7,1,1,,0.625,8
5136,9ae44094-8861-11f1-8900-b48c9db4e1b4,2,"[0, 0, 0, 0, 1, 0, 1, 0]",0,0,0,,0.625,8
5137,9ae44094-8861-11f1-8900-b48c9db4e1b4,2,"[0, 0, 0, 0, 1, 0, 1, 0]",1,0,0,,0.625,8
5138,9ae44094-8861-11f1-8900-b48c9db4e1b4,2,"[0, 0, 0, 0, 1, 0, 1, 0]",2,0,0,,0.625,8
5139,9ae44094-8861-11f1-8900-b48c9db4e1b4,2,"[0, 0, 0, 0, 1, 0, 1, 0]",3,0,0,,0.625,8
5140,9ae44094-8861-11f1-8900-b48c9db4e1b4,2,"[0, 0, 0, 0, 1, 0, 1, 0]",4,1,1,,0.625,8
5141,9ae44094-8861-11f1-8900-b48c9db4e1b4,2,"[0, 0, 0, 0, 1, 0, 1, 0]",5,0,0,,0.625,8
5142,9ae44094-8861-11f1-8900-b48c9db4e1b4,2,"[0, 0, 0, 0, 1, 0, 1, 0]",6,1,1,,0.625,8
5143,9ae44094-8861-11f1-8900-b48c9db4e1b4,2,"[0, 0, 0, 0, 1, 0, 1, 0]",7,0,0,,0.625,8
5144,9ae44094-8861-11f1-8900-b48c9db4e1b4,3,"[0, 1, 1, 1, 1, 1, 1, 0]",0,0,0,,0.625,8
5145,9ae44094-8861-11f1-8900-b48c9db4e1b4,3,"[0, 1, 1, 1, 1, 1, 1, 0]",1,1,-1,,0.625,8
5146,9ae44094-8861-11f1-8900-b48c9db4e1b4,3,"[0, 1, 1, 1, 1, 1, 1, 0]",2,1,-1,,0.625,8
5147,9ae44094-8861-11f1-8900-b48c9db4e1b4,3,"[0, 1, 1, 1, 1, 1, 1, 0]",3,1,-1,,0.625,8
5148,9ae44094-8861-11f1-8900-b48c9db4e1b4,3,"[0, 1, 1, 1, 1, 1, 1, 0]",4,1,-1,,0.625,8
5149,9ae44094-8861-11f1-8900-b48c9db4e1b4,3,"[0, 1, 1, 1, 1, 1, 1, 0]",5,1,-1,,0.625,8
5150,9ae44094-8861-11f1-8900-b48c9db4e1b4,3,"[0, 1, 1, 1, 1, 1, 1, 0]",6,1,-1,,0.625,8
5151,9ae44094-8861-11f1-8900-b48c9db4e1b4,3,"[0, 1, 1, 1, 1, 1, 1, 0]",7,0,0,,0.625,8
5152,9ae44094-8861-11f1-8900-b48c9db4e1b4,4,"[1, 0, 0, 0, 1, 1, 1, 1]",0,1,1,,0.625,8
5153,9ae44094-8861-11f1-8900-b48c9db4e1b4,4,"[1, 0, 0, 0, 1, 1, 1, 1]",1,0,0,,0.625,8
5154,9ae44094-8861-11f1-8900-b48c9db4e1b4,4,"[1, 0, 0, 0, 1, 1, 1, 1]",2,0,0,,0.625,8
5155,9ae44094-8861-11f1-8900-b48c9db4e1b4,4,"[1, 0, 0, 0, 1, 1, 1, 1]",3,0,0,,0.625,8
5156,9ae44094-8861-11f1-8900-b48c9db4e1b4,4,"[1, 0, 0, 0, 1, 1, 1, 1]",4,1,1,,0.625,8
5157,9ae44094-8861-11f1-8900-b48c9db4e1b4,4,"[1, 0, 0, 0, 1, 1, 1, 1]",5,1,1,,0.625,8
5158,9ae44094-8861-11f1-8900-b48c9db4e1b4,4,"[1, 0, 0, 0, 1, 1, 1, 1]",6,1,1,,0.625,8
5159,9ae44094-8861-11f1-8900-b48c9db4e1b4,4,"[1, 0, 0, 0, 1, 1, 1, 1]",7,1,1,,0.625,8
5160,9ae44094-8861-11f1-8900-b48c9db4e1b4,5,"[1, 0, 1, 1, 1, 1, 1, 0]",0,1,-1,,0.625,8
5161,9ae44094-8861-11f1-8900-b48c9db4e1b4,5,"[1, 0, 1, 1, 1, 1, 1, 0]",1,0,0,,0.625,8
5162,9ae44094-8861-11f1-8900-b48c9db4e1b4,5,"[1, 0, 1, 1, 1, 1, 1, 0]",2,1,-1,,0.625,8
5163,9ae44094-8861-11f1-8900-b48c9db4e1b4,5,"[1, 0, 1, 1, 1, 1, 1, 0]",3,1,-1,,0.625,8
5164,9ae44094-8861-11f1-8900-b48c9db4e1b4,5,"[1, 0, 1, 1, 1, 1, 1, 0]",4,1,-1,,0.625,8
5165,9ae44094-8861-11f1-8900-b48c9db4e1b4,5,"[1, 0, 1, 1, 1, 1, 1, 0]",5,1,-1,,0.625,8
5166,9ae44094-8861-11f1-8900-b48c9db4e1b4,5,"[1, 0, 1, 1, 1, 1, 1, 0]",6,1,-1,,0.625,8
5167,9ae44094-8861-11f1-8900-b48c9db4e1b4,5,"[1, 0, 1, 1, 1, 1, 1, 0]",7,0,0,,0.625,8
5168,9ae44094-8861-11f1-8900-b48c9db4e1b4,6,"[1, 0, 0, 0, 0, 1, 0, 1]",0,1,1,,0.625,8
5169,9ae44094-8861-11f1-8900-b48c9db4e1b4,6,"[1, 0, 0, 0, 0, 1, 0, 1]",1,0,0,,0.625,8
5170,9ae44094-8861-11f1-8900-b48c9db4e1b4,6,"[1, 0, 0, 0, 0, 1, 0, 1]",2,0,0,,0.625,8
5171,9ae44094-8861-11f1-8900-b48c9db4e1b4,6,"[1, 0, 0, 0, 0, 1, 0, 1]",3,0,0,,0.625,8
5172,9ae44094-8861-11f1-8900-b48c9db4e1b4,6,"[1, 0, 0, 0, 0, 1, 0, 1]",4,0,0,,0.625,8
5173,9ae44094-8861-11f1-8900-b48c9db4e1b4,6,"[1, 0, 0, 0, 0, 1, 0, 1]",5,1,1,,0.625,8
5174,9ae44094-8861-11f1-8900-b48c9db4e1b4,6,"[1, 0, 0, 0, 0, 1, 0, 1]",6,0,0,,0.625,8
5175,9ae44094-8861-11f1-8900-b48c9db4e1b4,6,"[1, 0, 0, 0, 0, 1, 0, 1]",7,1,1,,0.625,8
5176,9ae44094-8861-11f1-8900-b48c9db4e1b4,7,"[0, 0, 1, 0, 0, 0, 1, 1]",0,0,0,,0.625,8
5177,9ae44094-8861-11f1-8900-b48c9db4e1b4,7,"[0, 0, 1, 0, 0, 0, 1, 1]",1,0,0,,0.625,8
5178,9ae44094-8861-11f1-8900-b48c9db4e1b4,7,"[0, 0, 1, 0, 0, 0, 1, 1]",2,1,1,,0.625,8
5179,9ae44094-8861-11f1-8900-b48c9db4e1b4,7,"[0, 0, 1, 0, 0, 0, 1, 1]",3,0,0,,0.625,8
5180,9ae44094-8861-11f1-8900-b48c9db4e1b4,7,"[0, 0, 1, 0, 0, 0, 1, 1]",4,0,0,,0.625,8
5181,9ae44094-8861-11f1-8900-b48c9db4e1b4,7,"[0, 0, 1, 0, 0, 0, 1, 1]",5,0,0,,0.625,8
5182,9ae44094-8861-11f1-8900-b48c9db4e1b4,7,"[0, 0, 1, 0, 0, 0, 1, 1]",6,1,1,,0.625,8
5183,9ae44094-8861-11f1-8900-b48c9db4e1b4,7,"[0, 0, 1, 0, 0, 0, 1, 1]",7,1,1,,0.625,8
5184,9ae44094-8861-11f1-8900-b48c9db4e1b4,8,"[1, 1, 0, 0, 1, 0, 0, 0]",0,1,1,,0.625,8
5185,9ae44094-8861-11f1-8900-b48c9db4e1b4,8,"[1, 1, 0, 0, 1, 0, 0, 0]",1,1,1,,0.625,8
5186,9ae44094-8861-11f1-8900-b48c9db4e1b4,8,"[1, 1, 0, 0, 1, 0, 0, 0]",2,0,0,,0.625,8
5187,9ae44094-8861-11f1-8900-b48c9db4e1b4,8,"[1, 1, 0, 0, 1, 0, 0, 0]",3,0,0,,0.625,8
5188,9ae44094-8861-11f1-8900-b48c9db4e1b4,8,"[1, 1, 0, 0, 1, 0, 0, 0]",4,1,1,,0.625,8
5189,9ae44094-8861-11f1-8900-b48c9db4e1b4,8,"[1, 1, 0, 0, 1, 0, 0, 0]",5,0,0,,0.625,8
5190,9ae44094-8861-11f1-8900-b48c9db4e1b4,8,"[1, 1, 0, 0, 1, 0, 0, 0]",6,0,0,,0.625,8
5191,9ae44094-8861-11f1-8900-b48c9db4e1b4,8,"[1, 1, 0, 0, 1, 0, 0, 0]",7,0,0,,0.625,8
5192,9ae44094-8861-11f1-8900-b48c9db4e1b4,9,"[1, 0, 0, 0, 1, 1, 0, 1]",0,1,1,,0.625,8
5193,9ae44094-8861-11f1-8900-b48c9db4e1b4,9,"[1, 0, 0, 0, 1, 1, 0, 1]",1,0,0,,0.625,8
5194,9ae44094-8861-11f1-8900-b48c9db4e1b4,9,"[1, 0, 0, 0, 1, 1, 0, 1]",2,0,0,,0.625,8
5195,9ae44094-8861-11f1-8900-b48c9db4e1b4,9,"[1, 0, 0, 0, 1, 1, 0, 1]",3,0,0,,0.625,8
5196,9ae44094-8861-11f1-8900-b48c9db4e1b4,9,"[1, 0, 0, 0, 1, 1, 0, 1]",4,1,1,,0.625,8
5197,9ae44094-8861-11f1-8900-b48c9db4e1b4,9,"[1, 0, 0, 0, 1, 1, 0, 1]",5,1,1,,0.625,8
5198,9ae44094-8861-11f1-8900-b48c9db4e1b4,9,"[1, 0, 0, 0, 1, 1, 0, 1]",6,0,0,,0.625,8
5199,9ae44094-8861-11f1-8900-b48c9db4e1b4,9,"[1, 0, 0, 0, 1, 1, 0, 1]",7,1,1,,0.625,8
5200,9ae44094-8861-11f1-8900-b48c9db4e1b4,10,"[1, 0, 1, 1, 1, 1, 1, 1]",0,1,-1,,0.625,8
5201,9ae44094-8861-11f1-8900-b48c9db4e1b4,10,"[1, 0, 1, 1, 1, 1, 1, 1]",1,0,0,,0.625,8
5202,9ae44094-8861-11f1-8900-b48c9db4e1b4,10,"[1, 0, 1, 1, 1, 1, 1, 1]",2,1,-1,,0.625,8
5203,9ae44094-8861-11f1-8900-b48c9db4e1b4,10,"[1, 0, 1, 1, 1, 1, 1, 1]",3,1,-1,,0.625,8
5204,9ae44094-8861-11f1-8900-b48c9db4e1b4,10,"[1, 0, 1, 1, 1, 1, 1, 1]",4,1,-1,,0.625,8
5205,9ae44094-8861-11f1-8900-b48c9db4e1b4,10,"[1, 0, 1, 1, 1, 1, 1, 1]",5,1,-1,,0.625,8
5206,9ae44094-8861-11f1-8900-b48c9db4e1b4,10,"[1, 0, 1, 1, 1, 1, 1, 1]",6,1,-1,,0.625,8
5207,9ae44094-8861-11f1-8900-b48c9db4e1b4,10,"[1, 0, 1, 1, 1, 1, 1, 1]",7,1,-1,,0.625,8
5208,9ae44094-8861-11f1-8900-b48c9db4e1b4,11,"[1, 0, 1, 1, 1, 1, 0, 0]",0,1,1,,0.625,8
5209,9ae44094-8861-11f1-8900-b48c9db4e1b4,11,"[1, 0, 1, 1, 1, 1, 0, 0]",1,0,0,,0.625,8
5210,9ae44094-8861-11f1-8900-b48c9db4e1b4,11,"[1, 0, 1, 1, 1, 1, 0, 0]",2,1,1,,0.625,8
5211,9ae44094-8861-11f1-8900-b48c9db4e1b4,11,"[1, 0, 1, 1, 1, 1, 0, 0]",3,1,1,,0.625,8
5212,9ae44094-8861-11f1-8900-b48c9db4e1b4,11,"[1, 0, 1, 1, 1, 1, 0, 0]",4,1,1,,0.625,8
5213,9ae44094-8861-11f1-8900-b48c9db4e1b4,11,"[1, 0, 1, 1, 1, 1, 0, 0]",5,1,1,,0.625,8
5214,9ae44094-8861-11f1-8900-b48c9db4e1b4,11,"[1, 0, 1, 1, 1, 1, 0, 0]",6,0,0,,0.625,8
5215,9ae44094-8861-11f1-8900-b48c9db4e1b4,11,"[1, 0, 1, 1, 1, 1, 0, 0]",7,0,0,,0.625,8
5216,9ae44094-8861-11f1-8900-b48c9db4e1b4,12,"[0, 0, 0, 1, 0, 1, 0, 1]",0,0,0,,0.625,8
5217,9ae44094-8861-11f1-8900-b48c9db4e1b4,12,"[0, 0, 0, 1, 0, 1, 0, 1]",1,0,0,,0.625,8
5218,9ae44094-8861-11f1-8900-b48c9db4e1b4,12,"[0, 0, 0, 1, 0, 1, 0, 1]",2,0,0,,0.625,8
5219,9ae44094-8861-11f1-8900-b48c9db4e1b4,12,"[0, 0, 0, 1, 0, 1, 0, 1]",3,1,1,,0.625,8
5220,9ae44094-8861-11f1-8900-b48c9db4e1b4,12,"[0, 0, 0, 1, 0, 1, 0, 1]",4,0,0,,0.625,8
5221,9ae44094-8861-11f1-8900-b48c9db4e1b4,12,"[0, 0, 0, 1, 0, 1, 0, 1]",5,1,1,,0.625,8
5222,9ae44094-8861-11f1-8900-b48c9db4e1b4,12,"[0, 0, 0, 1, 0, 1, 0, 1]",6,0,0,,0.625,8
5223,9ae44094-8861-11f1-8900-b48c9db4e1b4,12,"[0, 0, 0, 1, 0, 1, 0, 1]",7,1,1,,0.625,8
5224,9ae44094-8861-11f1-8900-b48c9db4e1b4,13,"[0, 0, 0, 1, 1, 0, 0, 1]",0,0,0,,0.625,8
5225,9ae44094-8861-11f1-8900-b48c9db4e1b4,13,"[0, 0, 0, 1, 1, 0, 0, 1]",1,0,0,,0.625,8
5226,9ae44094-8861-11f1-8900-b48c9db4e1b4,13,"[0, 0, 0, 1, 1, 0, 0, 1]",2,0,0,,0.625,8
5227,9ae44094-8861-11f1-8900-b48c9db4e1b4,13,"[0, 0, 0, 1, 1, 0, 0, 1]",3,1,1,,0.625,8
5228,9ae44094-8861-11f1-8900-b48c9db4e1b4,13,"[0, 0, 0, 1, 1, 0, 0, 1]",4,1,1,,0.625,8
5229,9ae44094-8861-11f1-8900-b48c9db4e1b4,13,"[0, 0, 0, 1, 1, 0, 0, 1]",5,0,0,,0.625,8
5230,9ae44094-8861-11f1-8900-b48c9db4e1b4,13,"[0, 0, 0, 1, 1, 0, 0, 1]",6,0,0,,0.625,8
5231,9ae44094-8861-11f1-8900-b48c9db4e1b4,13,"[0, 0, 0, 1, 1, 0, 0, 1]",7,1,1,,0.625,8
5232,9ae44094-8861-11f1-8900-b48c9db4e1b4,14,"[1, 0, 0, 1, 0, 0, 1, 1]",0,1,1,,0.625,8
5233,9ae44094-8861-11f1-8900-b48c9db4e1b4,14,"[1, 0, 0, 1, 0, 0, 1, 1]",1,0,0,,0.625,8
5234,9ae44094-8861-11f1-8900-b48c9db4e1b4,14,"[1, 0, 0, 1, 0, 0, 1, 1]",2,0,0,,0.625,8
5235,9ae44094-8861-11f1-8900-b48c9db4e1b4,14,"[1, 0, 0, 1, 0, 0, 1, 1]",3,1,1,,0.625,8
5236,9ae44094-8861-11f1-8900-b48c9db4e1b4,14,"[1, 0, 0, 1, 0, 0, 1, 1]",4,0,0,,0.625,8
5237,9ae44094-8861-11f1-8900-b48c9db4e1b4,14,"[1, 0, 0, 1, 0, 0, 1, 1]",5,0,0,,0.625,8
5238,9ae44094-8861-11f1-8900-b48c9db4e1b4,14,"[1, 0, 0, 1, 0, 0, 1, 1]",6,1,1,,0.625,8
5239,9ae44094-8861-11f1-8900-b48c9db4e1b4,14,"[1, 0, 0, 1, 0, 0, 1, 1]",7,1,1,,0.625,8
5240,9ae44094-8861-11f1-8900-b48c9db4e1b4,15,"[1, 1, 0, 1, 0, 0, 0, 0]",0,1,1,,0.625,8
5241,9ae44094-8861-11f1-8900-b48c9db4e1b4,15,"[1, 1, 0, 1, 0, 0, 0, 0]",1,1,1,,0.625,8
5242,9ae44094-8861-11f1-8900-b48c9db4e1b4,15,"[1, 1, 0, 1, 0, 0, 0, 0]",2,0,0,,0.625,8
5243,9ae44094-8861-11f1-8900-b48c9db4e1b4,15,"[1, 1, 0, 1, 0, 0, 0, 0]",3,1,1,,0.625,8
5244,9ae44094-8861-11f1-8900-b48c9db4e1b4,15,"[1, 1, 0, 1, 0, 0, 0, 0]",4,0,0,,0.625,8
5245,9ae44094-8861-11f1-8900-b48c9db4e1b4,15,"[1, 1, 0, 1, 0, 0, 0, 0]",5,0,0,,0.625,8
5246,9ae44094-8861-11f1-8900-b48c9db4e1b4,15,"[1, 1, 0, 1, 0, 0, 0, 0]",6,0,0,,0.625,8
5247,9ae44094-8861-11f1-8900-b48c9db4e1b4,15,"[1, 1, 0, 1, 0, 0, 0, 0]",7,0,0,,0.625,8
5248,9ae44094-8861-11f1-8900-b48c9db4e1b4,16,"[0, 1, 0, 0, 1, 1, 0, 0]",0,0,0,,0.625,8
5249,9ae44094-8861-11f1-8900-b48c9db4e1b4,16,"[0, 1, 0, 0, 1, 1, 0, 0]",1,1,1,,0.625,8
5250,9ae44094-8861-11f1-8900-b48c9db4e1b4,16,"[0, 1, 0, 0, 1, 1, 0, 0]",2,0,0,,0.625,8
5251,9ae44094-8861-11f1-8900-b48c9db4e1b4,16,"[0, 1, 0, 0, 1, 1, 0, 0]",3,0,0,,0.625,8
5252,9ae44094-8861-11f1-8900-b48c9db4e1b4,16,"[0, 1, 0, 0, 1, 1, 0, 0]",4,1,1,,0.625,8
5253,9ae44094-8861-11f1-8900-b48c9db4e1b4,16,"[0, 1, 0, 0, 1, 1, 0, 0]",5,1,1,,0.625,8
5254,9ae44094-8861-11f1-8900-b48c9db4e1b4,16,"[0, 1, 0, 0, 1, 1, 0, 0]",6,0,0,,0.625,8
5255,9ae44094-8861-11f1-8900-b48c9db4e1b4,16,"[0, 1, 0, 0, 1, 1, 0, 0]",7,0,0,,0.625,8
5256,9ae44094-8861-11f1-8900-b48c9db4e1b4,17,"[0, 1, 1, 1, 0, 0, 1, 0]",0,0,0,,0.625,8
5257,9ae44094-8861-11f1-8900-b48c9db4e1b4,17,"[0, 1, 1, 1, 0, 0, 1, 0]",1,1,1,,0.625,8
5258,9ae44094-8861-11f1-8900-b48c9db4e1b4,17,"[0, 1, 1, 1, 0, 0, 1, 0]",2,1,1,,0.625,8
5259,9ae44094-8861-11f1-8900-b48c9db4e1b4,17,"[0, 1, 1, 1, 0, 0, 1, 0]",3,1,1,,0.625,8
5260,9ae44094-8861-11f1-8900-b48c9db4e1b4,17,"[0, 1, 1, 1, 0, 0, 1, 0]",4,0,0,,0.625,8
5261,9ae44094-8861-11f1-8900-b48c9db4e1b4,17,"[0, 1, 1, 1, 0, 0, 1, 0]",5,0,0,,0.625,8
5262,9ae44094-8861-11f1-8900-b48c9db4e1b4,17,"[0, 1, 1, 1, 0, 0, 1, 0]",6,1,1,,0.625,8
5263,9ae44094-8861-11f1-8900-b48c9db4e1b4,17,"[0, 1, 1, 1, 0, 0, 1, 0]",7,0,0,,0.625,8
5264,9ae44094-8861-11f1-8900-b48c9db4e1b4,18,"[1, 1, 1, 1, 0, 0, 1, 0]",0,1,1,,0.625,8
5265,9ae44094-8861-11f1-8900-b48c9db4e1b4,18,"[1, 1, 1, 1, 0, 0, 1, 0]",1,1,1,,0.625,8
5266,9ae44094-8861-11f1-8900-b48c9db4e1b4,18,"[1, 1, 1, 1, 0, 0, 1, 0]",2,1,1,,0.625,8
5267,9ae44094-8861-11f1-8900-b48c9db4e1b4,18,"[1, 1, 1, 1, 0, 0, 1, 0]",3,1,1,,0.625,8
5268,9ae44094-8861-11f1-8900-b48c9db4e1b4,18,"[1, 1, 1, 1, 0, 0, 1, 0]",4,0,0,,0.625,8
5269,9ae44094-8861-11f1-8900-b48c9db4e1b4,18,"[1, 1, 1, 1, 0, 0, 1, 0]",5,0,0,,0.625,8
5270,9ae44094-8861-11f1-8900-b48c9db4e1b4,18,"[1, 1, 1, 1, 0, 0, 1, 0]",6,1,1,,0.625,8
5271,9ae44094-8861-11f1-8900-b48c9db4e1b4,18,"[1, 1, 1, 1, 0, 0, 1, 0]",7,0,0,,0.625,8
5272,9ae44094-8861-11f1-8900-b48c9db4e1b4,19,"[1, 1, 1, 0, 1, 1, 0, 0]",0,1,1,,0.625,8
5273,9ae44094-8861-11f1-8900-b48c9db4e1b4,19,"[1, 1, 1, 0, 1, 1, 0, 0]",1,1,1,,0.625,8
5274,9ae44094-8861-11f1-8900-b48c9db4e1b4,19,"[1, 1, 1, 0, 1, 1, 0, 0]",2,1,1,,0.625,8
5275,9ae44094-8861-11f1-8900-b48c9db4e1b4,19,"[1, 1, 1, 0, 1, 1, 0, 0]",3,0,0,,0.625,8
5276,9ae44094-8861-11f1-8900-b48c9db4e1b4,19,"[1, 1, 1, 0, 1, 1, 0, 0]",4,1,1,,0.625,8
5277,9ae44094-8861-11f1-8900-b48c9db4e1b4,19,"[1, 1, 1, 0, 1, 1, 0, 0]",5,1,1,,0.625,8
5278,9ae44094-8861-11f1-8900-b48c9db4e1b4,19,"[1, 1, 1, 0, 1, 1, 0, 0]",6,0,0,,0.625,8
5279,9ae44094-8861-11f1-8900-b48c9db4e1b4,19,"[1, 1, 1, 0, 1, 1, 0, 0]",7,0,0,,0.625,8
5280,9ae71b84-8861-11f1-9243-b48c9db4e1b4,0,"[1, 0, 1, 0, 0, 1, 0, 1]",0,1,1,,0.625,8
5281,9ae71b84-8861-11f1-9243-b48c9db4e1b4,0,"[1, 0, 1, 0, 0, 1, 0, 1]",1,0,0,,0.625,8
5282,9ae71b84-8861-11f1-9243-b48c9db4e1b4,0,"[1, 0, 1, 0, 0, 1, 0, 1]",2,1,1,,0.625,8
5283,9ae71b84-8861-11f1-9243-b48c9db4e1b4,0,"[1, 0, 1, 0, 0, 1, 0, 1]",3,0,0,,0.625,8
5284,9ae71b84-8861-11f1-9243-b48c9db4e1b4,0,"[1, 0, 1, 0, 0, 1, 0, 1]",4,0,0,,0.625,8
5285,9ae71b84-8861-11f1-9243-b48c9db4e1b4,0,"[1, 0, 1, 0, 0, 1, 0, 1]",5,1,1,,0.625,8
5286,9ae71b84-8861-11f1-9243-b48c9db4e1b4,0,"[1, 0, 1, 0, 0, 1, 0, 1]",6,0,0,,0.625,8
5287,9ae71b84-8861-11f1-9243-b48c9db4e1b4,0,"[1, 0, 1, 0, 0, 1, 0, 1]",7,1,1,,0.625,8
5288,9ae71b84-8861-11f1-9243-b48c9db4e1b4,1,"[1, 0, 0, 1, 1, 0, 0, 0]",0,1,1,,0.625,8
5289,9ae71b84-8861-11f1-9243-b48c9db4e1b4,1,"[1, 0, 0, 1, 1, 0, 0, 0]",1,0,0,,0.625,8
5290,9ae71b84-8861-11f1-9243-b48c9db4e1b4,1,"[1, 0, 0, 1, 1, 0, 0, 0]",2,0,0,,0.625,8
5291,9ae71b84-8861-11f1-9243-b48c9db4e1b4,1,"[1, 0, 0, 1, 1, 0, 0, 0]",3,1,1,,0.625,8
5292,9ae71b84-8861-11f1-9243-b48c9db4e1b4,1,"[1, 0, 0, 1, 1, 0, 0, 0]",4,1,1,,0.625,8
5293,9ae71b84-8861-11f1-9243-b48c9db4e1b4,1,"[1, 0, 0, 1, 1, 0, 0, 0]",5,0,0,,0.625,8
5294,9ae71b84-8861-11f1-9243-b48c9db4e1b4,1,"[1, 0, 0, 1, 1, 0, 0, 0]",6,0,0,,0.625,8
5295,9ae71b84-8861-11f1-9243-b48c9db4e1b4,1,"[1, 0, 0, 1, 1, 0, 0, 0]",7,0,0,,0.625,8
5296,9ae71b84-8861-11f1-9243-b48c9db4e1b4,2,"[0, 1, 0, 0, 0, 1, 0, 0]",0,0,0,,0.625,8
5297,9ae71b84-8861-11f1-9243-b48c9db4e1b4,2,"[0, 1, 0, 0, 0, 1, 0, 0]",1,1,1,,0.625,8
5298,9ae71b84-8861-11f1-9243-b48c9db4e1b4,2,"[0, 1, 0, 0, 0, 1, 0, 0]",2,0,0,,0.625,8
5299,9ae71b84-8861-11f1-9243-b48c9db4e1b4,2,"[0, 1, 0, 0, 0, 1, 0, 0]",3,0,0,,0.625,8
5300,9ae71b84-8861-11f1-9243-b48c9db4e1b4,2,"[0, 1, 0, 0, 0, 1, 0, 0]",4,0,0,,0.625,8
5301,9ae71b84-8861-11f1-9243-b48c9db4e1b4,2,"[0, 1, 0, 0, 0, 1, 0, 0]",5,1,1,,0.625,8
5302,9ae71b84-8861-11f1-9243-b48c9db4e1b4,2,"[0, 1, 0, 0, 0, 1, 0, 0]",6,0,0,,0.625,8
5303,9ae71b84-8861-11f1-9243-b48c9db4e1b4,2,"[0, 1, 0, 0, 0, 1, 0, 0]",7,0,0,,0.625,8
5304,9ae71b84-8861-11f1-9243-b48c9db4e1b4,3,"[0, 1, 1, 0, 1, 1, 0, 0]",0,0,0,,0.625,8
5305,9ae71b84-8861-11f1-9243-b48c9db4e1b4,3,"[0, 1, 1, 0, 1, 1, 0, 0]",1,1,1,,0.625,8
5306,9ae71b84-8861-11f1-9243-b48c9db4e1b4,3,"[0, 1, 1, 0, 1, 1, 0, 0]",2,1,1,,0.625,8
5307,9ae71b84-8861-11f1-9243-b48c9db4e1b4,3,"[0, 1, 1, 0, 1, 1, 0, 0]",3,0,0,,0.625,8
5308,9ae71b84-8861-11f1-9243-b48c9db4e1b4,3,"[0, 1, 1, 0, 1, 1, 0, 0]",4,1,1,,0.625,8
5309,9ae71b84-8861-11f1-9243-b48c9db4e1b4,3,"[0, 1, 1, 0, 1, 1, 0, 0]",5,1,1,,0.625,8
5310,9ae71b84-8861-11f1-9243-b48c9db4e1b4,3,"[0, 1, 1, 0, 1, 1, 0, 0]",6,0,0,,0.625,8
5311,9ae71b84-8861-11f1-9243-b48c9db4e1b4,3,"[0, 1, 1, 0, 1, 1, 0, 0]",7,0,0,,0.625,8
5312,9ae71b84-8861-11f1-9243-b48c9db4e1b4,4,"[0, 1, 1, 1, 0, 0, 0, 1]",0,0,0,,0.625,8
5313,9ae71b84-8861-11f1-9243-b48c9db4e1b4,4,"[0, 1, 1, 1, 0, 0, 0, 1]",1,1,1,,0.625,8
5314,9ae71b84-8861-11f1-9243-b48c9db4e1b4,4,"[0, 1, 1, 1, 0, 0, 0, 1]",2,1,1,,0.625,8
5315,9ae71b84-8861-11f1-9243-b48c9db4e1b4,4,"[0, 1, 1, 1, 0, 0, 0, 1]",3,1,1,,0.625,8
5316,9ae71b84-8861-11f1-9243-b48c9db4e1b4,4,"[0, 1, 1, 1, 0, 0, 0, 1]",4,0,0,,0.625,8
5317,9ae71b84-8861-11f1-9243-b48c9db4e1b4,4,"[0, 1, 1, 1, 0, 0, 0, 1]",5,0,0,,0.625,8
5318,9ae71b84-8861-11f1-9243-b48c9db4e1b4,4,"[0, 1, 1, 1, 0, 0, 0, 1]",6,0,0,,0.625,8
5319,9ae71b84-8861-11f1-9243-b48c9db4e1b4,4,"[0, 1, 1, 1, 0, 0, 0, 1]",7,1,1,,0.625,8
5320,9ae71b84-8861-11f1-9243-b48c9db4e1b4,5,"[1, 0, 1, 0, 0, 1, 0, 0]",0,1,1,,0.625,8
5321,9ae71b84-8861-11f1-9243-b48c9db4e1b4,5,"[1, 0, 1, 0, 0, 1, 0, 0]",1,0,0,,0.625,8
5322,9ae71b84-8861-11f1-9243-b48c9db4e1b4,5,"[1, 0, 1, 0, 0, 1, 0, 0]",2,1,1,,0.625,8
5323,9ae71b84-8861-11f1-9243-b48c9db4e1b4,5,"[1, 0, 1, 0, 0, 1, 0, 0]",3,0,0,,0.625,8
5324,9ae71b84-8861-11f1-9243-b48c9db4e1b4,5,"[1, 0, 1, 0, 0, 1, 0, 0]",4,0,0,,0.625,8
5325,9ae71b84-8861-11f1-9243-b48c9db4e1b4,5,"[1, 0, 1, 0, 0, 1, 0, 0]",5,1,1,,0.625,8
5326,9ae71b84-8861-11f1-9243-b48c9db4e1b4,5,"[1, 0, 1, 0, 0, 1, 0, 0]",6,0,0,,0.625,8
5327,9ae71b84-8861-11f1-9243-b48c9db4e1b4,5,"[1, 0, 1, 0, 0, 1, 0, 0]",7,0,0,,0.625,8
5328,9ae71b84-8861-11f1-9243-b48c9db4e1b4,6,"[1, 1, 1, 1, 1, 0, 0, 0]",0,1,1,,0.625,8
5329,9ae71b84-8861-11f1-9243-b48c9db4e1b4,6,"[1, 1, 1, 1, 1, 0, 0, 0]",1,1,1,,0.625,8
5330,9ae71b84-8861-11f1-9243-b48c9db4e1b4,6,"[1, 1, 1, 1, 1, 0, 0, 0]",2,1,1,,0.625,8
5331,9ae71b84-8861-11f1-9243-b48c9db4e1b4,6,"[1, 1, 1, 1, 1, 0, 0, 0]",3,1,1,,0.625,8
5332,9ae71b84-8861-11f1-9243-b48c9db4e1b4,6,"[1, 1, 1, 1, 1, 0, 0, 0]",4,1,1,,0.625,8
5333,9ae71b84-8861-11f1-9243-b48c9db4e1b4,6,"[1, 1, 1, 1, 1, 0, 0, 0]",5,0,0,,0.625,8
5334,9ae71b84-8861-11f1-9243-b48c9db4e1b4,6,"[1, 1, 1, 1, 1, 0, 0, 0]",6,0,0,,0.625,8
5335,9ae71b84-8861-11f1-9243-b48c9db4e1b4,6,"[1, 1, 1, 1, 1, 0, 0, 0]",7,0,0,,0.625,8
5336,9ae71b84-8861-11f1-9243-b48c9db4e1b4,7,"[0, 0, 0, 0, 1, 1, 0, 1]",0,0,0,,0.625,8
5337,9ae71b84-8861-11f1-9243-b48c9db4e1b4,7,"[0, 0, 0, 0, 1, 1, 0, 1]",1,0,0,,0.625,8
5338,9ae71b84-8861-11f1-9243-b48c9db4e1b4,7,"[0, 0, 0, 0, 1, 1, 0, 1]",2,0,0,,0.625,8
5339,9ae71b84-8861-11f1-9243-b48c9db4e1b4,7,"[0, 0, 0, 0, 1, 1, 0, 1]",3,0,0,,0.625,8
5340,9ae71b84-8861-11f1-9243-b48c9db4e1b4,7,"[0, 0, 0, 0, 1, 1, 0, 1]",4,1,1,,0.625,8
5341,9ae71b84-8861-11f1-9243-b48c9db4e1b4,7,"[0, 0, 0, 0, 1, 1, 0, 1]",5,1,1,,0.625,8
5342,9ae71b84-8861-11f1-9243-b48c9db4e1b4,7,"[0, 0, 0, 0, 1, 1, 0, 1]",6,0,0,,0.625,8
5343,9ae71b84-8861-11f1-9243-b48c9db4e1b4,7,"[0, 0, 0, 0, 1, 1, 0, 1]",7,1,1,,0.625,8
5344,9ae71b84-8861-11f1-9243-b48c9db4e1b4,8,"[1, 1, 0, 1, 0, 1, 1, 1]",0,1,-1,,0.625,8
5345,9ae71b84-8861-11f1-9243-b48c9db4e1b4,8,"[1, 1, 0, 1, 0, 1, 1, 1]",1,1,-1,,0.625,8
5346,9ae71b84-8861-11f1-9243-b48c9db4e1b4,8,"[1, 1, 0, 1, 0, 1, 1, 1]",2,0,0,,0.625,8
5347,9ae71b84-8861-11f1-9243-b48c9db4e1b4,8,"[1, 1, 0, 1, 0, 1, 1, 1]",3,1,-1,,0.625,8
5348,9ae71b84-8861-11f1-9243-b48c9db4e1b4,8,"[1, 1, 0, 1, 0, 1, 1, 1]",4,0,0,,0.625,8
5349,9ae71b84-8861-11f1-9243-b48c9db4e1b4,8,"[1, 1, 0, 1, 0, 1, 1, 1]",5,1,-1,,0.625,8
5350,9ae71b84-8861-11f1-9243-b48c9db4e1b4,8,"[1, 1, 0, 1, 0, 1, 1, 1]",6,1,-1,,0.625,8
5351,9ae71b84-8861-11f1-9243-b48c9db4e1b4,8,"[1, 1, 0, 1, 0, 1, 1, 1]",7,1,-1,,0.625,8
5352,9ae71b84-8861-11f1-9243-b48c9db4e1b4,9,"[1, 0, 0, 1, 0, 1, 1, 1]",0,1,1,,0.625,8
5353,9ae71b84-8861-11f1-9243-b48c9db4e1b4,9,"[1, 0, 0, 1, 0, 1, 1, 1]",1,0,0,,0.625,8
5354,9ae71b84-8861-11f1-9243-b48c9db4e1b4,9,"[1, 0, 0, 1, 0, 1, 1, 1]",2,0,0,,0.625,8
5355,9ae71b84-8861-11f1-9243-b48c9db4e1b4,9,"[1, 0, 0, 1, 0, 1, 1, 1]",3,1,1,,0.625,8
5356,9ae71b84-8861-11f1-9243-b48c9db4e1b4,9,"[1, 0, 0, 1, 0, 1, 1, 1]",4,0,0,,0.625,8
5357,9ae71b84-8861-11f1-9243-b48c9db4e1b4,9,"[1, 0, 0, 1, 0, 1, 1, 1]",5,1,1,,0.625,8
5358,9ae71b84-8861-11f1-9243-b48c9db4e1b4,9,"[1, 0, 0, 1, 0, 1, 1, 1]",6,1,1,,0.625,8
5359,9ae71b84-8861-11f1-9243-b48c9db4e1b4,9,"[1, 0, 0, 1, 0, 1, 1, 1]",7,1,1,,0.625,8
5360,9ae71b84-8861-11f1-9243-b48c9db4e1b4,10,"[1, 1, 1, 0, 0, 1, 1, 1]",0,1,-1,,0.625,8
5361,9ae71b84-8861-11f1-9243-b48c9db4e1b4,10,"[1, 1, 1, 0, 0, 1, 1, 1]",1,1,-1,,0.625,8
5362,9ae71b84-8861-11f1-9243-b48c9db4e1b4,10,"[1, 1, 1, 0, 0, 1, 1, 1]",2,1,-1,,0.625,8
5363,9ae71b84-8861-11f1-9243-b48c9db4e1b4,10,"[1, 1, 1, 0, 0, 1, 1, 1]",3,0,0,,0.625,8
5364,9ae71b84-8861-11f1-9243-b48c9db4e1b4,10,"[1, 1, 1, 0, 0, 1, 1, 1]",4,0,0,,0.625,8
5365,9ae71b84-8861-11f1-9243-b48c9db4e1b4,10,"[1, 1, 1, 0, 0, 1, 1, 1]",5,1,-1,,0.625,8
5366,9ae71b84-8861-11f1-9243-b48c9db4e1b4,10,"[1, 1, 1, 0, 0, 1, 1, 1]",6,1,-1,,0.625,8
5367,9ae71b84-8861-11f1-9243-b48c9db4e1b4,10,"[1, 1, 1, 0, 0, 1, 1, 1]",7,1,-1,,0.625,8
5368,9ae71b84-8861-11f1-9243-b48c9db4e1b4,11,"[0, 0, 1, 1, 0, 0, 1, 1]",0,0,0,,0.625,8
5369,9ae71b84-8861-11f1-9243-b48c9db4e1b4,11,"[0, 0, 1, 1, 0, 0, 1, 1]",1,0,0,,0.625,8
5370,9ae71b84-8861-11f1-9243-b48c9db4e1b4,11,"[0, 0, 1, 1, 0, 0, 1, 1]",2,1,1,,0.625,8
5371,9ae71b84-8861-11f1-9243-b48c9db4e1b4,11,"[0, 0, 1, 1, 0, 0, 1, 1]",3,1,1,,0.625,8
5372,9ae71b84-8861-11f1-9243-b48c9db4e1b4,11,"[0, 0, 1, 1, 0, 0, 1, 1]",4,0,0,,0.625,8
5373,9ae71b84-8861-11f1-9243-b48c9db4e1b4,11,"[0, 0, 1, 1, 0, 0, 1, 1]",5,0,0,,0.625,8
5374,9ae71b84-8861-11f1-9243-b48c9db4e1b4,11,"[0, 0, 1, 1, 0, 0, 1, 1]",6,1,1,,0.625,8
5375,9ae71b84-8861-11f1-9243-b48c9db4e1b4,11,"[0, 0, 1, 1, 0, 0, 1, 1]",7,1,1,,0.625,8
5376,9ae71b84-8861-11f1-9243-b48c9db4e1b4,12,"[1, 0, 0, 0, 1, 1, 0, 0]",0,1,1,,0.625,8
5377,9ae71b84-8861-11f1-9243-b48c9db4e1b4,12,"[1, 0, 0, 0, 1, 1, 0, 0]",1,0,0,,0.625,8
5378,9ae71b84-8861-11f1-9243-b48c9db4e1b4,12,"[1, 0, 0, 0, 1, 1, 0, 0]",2,0,0,,0.625,8
5379,9ae71b84-8861-11f1-9243-b48c9db4e1b4,12,"[1, 0, 0, 0, 1, 1, 0, 0]",3,0,0,,0.625,8
5380,9ae71b84-8861-11f1-9243-b48c9db4e1b4,12,"[1, 0, 0, 0, 1, 1, 0, 0]",4,1,1,,0.625,8
5381,9ae71b84-8861-11f1-9243-b48c9db4e1b4,12,"[1, 0, 0, 0, 1, 1, 0, 0]",5,1,1,,0.625,8
5382,9ae71b84-8861-11f1-9243-b48c9db4e1b4,12,"[1, 0, 0, 0, 1, 1, 0, 0]",6,0,0,,0.625,8
5383,9ae71b84-8861-11f1-9243-b48c9db4e1b4,12,"[1, 0, 0, 0, 1, 1, 0, 0]",7,0,0,,0.625,8
5384,9ae71b84-8861-11f1-9243-b48c9db4e1b4,13,"[0, 0, 1, 1, 0, 0, 1, 1]",0,0,0,,0.625,8
5385,9ae71b84-8861-11f1-9243-b48c9db4e1b4,13,"[0, 0, 1, 1, 0, 0, 1, 1]",1,0,0,,0.625,8
5386,9ae71b84-8861-11f1-9243-b48c9db4e1b4,13,"[0, 0, 1, 1, 0, 0, 1, 1]",2,1,1,,0.625,8
5387,9ae71b84-8861-11f1-9243-b48c9db4e1b4,13,"[0, 0, 1, 1, 0, 0, 1, 1]",3,1,1,,0.625,8
5388,9ae71b84-8861-11f1-9243-b48c9db4e1b4,13,"[0, 0, 1, 1, 0, 0, 1, 1]",4,0,0,,0.625,8
5389,9ae71b84-8861-11f1-9243-b48c9db4e1b4,13,"[0, 0, 1, 1, 0, 0, 1, 1]",5,0,0,,0.625,8
5390,9ae71b84-8861-11f1-9243-b48c9db4e1b4,13,"[0, 0, 1, 1, 0, 0, 1, 1]",6,1,1,,0.625,8
5391,9ae71b84-8861-11f1-9243-b48c9db4e1b4,13,"[0, 0, 1, 1, 0, 0, 1, 1]",7,1,1,,0.625,8
5392,9ae71b84-8861-11f1-9243-b48c9db4e1b4,14,"[1, 1, 1, 0, 0, 0, 1, 1]",0,1,1,,0.625,8
5393,9ae71b84-8861-11f1-9243-b48c9db4e1b4,14,"[1, 1, 1, 0, 0, 0, 1, 1]",1,1,1,,0.625,8
5394,9ae71b84-8861-11f1-9243-b48c9db4e1b4,14,"[1, 1, 1, 0, 0, 0, 1, 1]",2,1,1,,0.625,8
5395,9ae71b84-8861-11f1-9243-b48c9db4e1b4,14,"[1, 1, 1, 0, 0, 0, 1, 1]",3,0,0,,0.625,8
5396,9ae71b84-8861-11f1-9243-b48c9db4e1b4,14,"[1, 1, 1, 0, 0, 0, 1, 1]",4,0,0,,0.625,8
5397,9ae71b84-8861-11f1-9243-b48c9db4e1b4,14,"[1, 1, 1, 0, 0, 0, 1, 1]",5,0,0,,0.625,8
5398,9ae71b84-8861-11f1-9243-b48c9db4e1b4,14,"[1, 1, 1, 0, 0, 0, 1, 1]",6,1,1,,0.625,8
5399,9ae71b84-8861-11f1-9243-b48c9db4e1b4,14,"[1, 1, 1, 0, 0, 0, 1, 1]",7,1,1,,0.625,8
5400,9ae71b84-8861-11f1-9243-b48c9db4e1b4,15,"[1, 0, 0, 0, 1, 0, 0, 0]",0,1,1,,0.625,8
5401,9ae71b84-8861-11f1-9243-b48c9db4e1b4,15,"[1, 0, 0, 0, 1, 0, 0, 0]",1,0,0,,0.625,8
5402,9ae71b84-8861-11f1-9243-b48c9db4e1b4,15,"[1, 0, 0, 0, 1, 0, 0, 0]",2,0,0,,0.625,8
5403,9ae71b84-8861-11f1-9243-b48c9db4e1b4,15,"[1, 0, 0, 0, 1, 0, 0, 0]",3,0,0,,0.625,8
5404,9ae71b84-8861-11f1-9243-b48c9db4e1b4,15,"[1, 0, 0, 0, 1, 0, 0, 0]",4,1,1,,0.625,8
5405,9ae71b84-8861-11f1-9243-b48c9db4e1b4,15,"[1, 0, 0, 0, 1, 0, 0, 0]",5,0,0,,0.625,8
5406,9ae71b84-8861-11f1-9243-b48c9db4e1b4,15,"[1, 0, 0, 0, 1, 0, 0, 0]",6,0,0,,0.625,8
5407,9ae71b84-8861-11f1-9243-b48c9db4e1b4,15,"[1, 0, 0, 0, 1, 0, 0, 0]",7,0,0,,0.625,8
5408,9ae71b84-8861-11f1-9243-b48c9db4e1b4,16,"[1, 1, 1, 1, 1, 1, 0, 1]",0,1,-1,,0.625,8
5409,9ae71b84-8861-11f1-9243-b48c9db4e1b4,16,"[1, 1, 1, 1, 1, 1, 0, 1]",1,1,-1,,0.625,8
5410,9ae71b84-8861-11f1-9243-b48c9db4e1b4,16,"[1, 1, 1, 1, 1, 1, 0, 1]",2,1,-1,,0.625,8
5411,9ae71b84-8861-11f1-9243-b48c9db4e1b4,16,"[1, 1, 1, 1, 1, 1, 0, 1]",3,1,-1,,0.625,8
5412,9ae71b84-8861-11f1-9243-b48c9db4e1b4,16,"[1, 1, 1, 1, 1, 1, 0, 1]",4,1,-1,,0.625,8
5413,9ae71b84-8861-11f1-9243-b48c9db4e1b4,16,"[1, 1, 1, 1, 1, 1, 0, 1]",5,1,-1,,0.625,8
5414,9ae71b84-8861-11f1-9243-b48c9db4e1b4,16,"[1, 1, 1, 1, 1, 1, 0, 1]",6,0,0,,0.625,8
5415,9ae71b84-8861-11f1-9243-b48c9db4e1b4,16,"[1, 1, 1, 1, 1, 1, 0, 1]",7,1,-1,,0.625,8
5416,9ae71b84-8861-11f1-9243-b48c9db4e1b4,17,"[0, 1, 1, 1, 1, 0, 1, 1]",0,0,0,,0.625,8
5417,9ae71b84-8861-11f1-9243-b48c9db4e1b4,17,"[0, 1, 1, 1, 1, 0, 1, 1]",1,1,-1,,0.625,8
5418,9ae71b84-8861-11f1-9243-b48c9db4e1b4,17,"[0, 1, 1, 1, 1, 0, 1, 1]",2,1,-1,,0.625,8
5419,9ae71b84-8861-11f1-9243-b48c9db4e1b4,17,"[0, 1, 1, 1, 1, 0, 1, 1]",3,1,-1,,0.625,8
5420,9ae71b84-8861-11f1-9243-b48c9db4e1b4,17,"[0, 1, 1, 1, 1, 0, 1, 1]",4,1,-1,,0.625,8
5421,9ae71b84-8861-11f1-9243-b48c9db4e1b4,17,"[0, 1, 1, 1, 1, 0, 1, 1]",5,0,0,,0.625,8
5422,9ae71b84-8861-11f1-9243-b48c9db4e1b4,17,"[0, 1, 1, 1, 1, 0, 1, 1]",6,1,-1,,0.625,8
5423,9ae71b84-8861-11f1-9243-b48c9db4e1b4,17,"[0, 1, 1, 1, 1, 0, 1, 1]",7,1,-1,,0.625,8
5424,9ae71b84-8861-11f1-9243-b48c9db4e1b4,18,"[1, 0, 1, 0, 0, 0, 0, 1]",0,1,1,,0.625,8
5425,9ae71b84-8861-11f1-9243-b48c9db4e1b4,18,"[1, 0, 1, 0, 0, 0, 0, 1]",1,0,0,,0.625,8
5426,9ae71b84-8861-11f1-9243-b48c9db4e1b4,18,"[1, 0, 1, 0, 0, 0, 0, 1]",2,1,1,,0.625,8
5427,9ae71b84-8861-11f1-9243-b48c9db4e1b4,18,"[1, 0, 1, 0, 0, 0, 0, 1]",3,0,0,,0.625,8
5428,9ae71b84-8861-11f1-9243-b48c9db4e1b4,18,"[1, 0, 1, 0, 0, 0, 0, 1]",4,0,0,,0.625,8
5429,9ae71b84-8861-11f1-9243-b48c9db4e1b4,18,"[1, 0, 1, 0, 0, 0, 0, 1]",5,0,0,,0.625,8
5430,9ae71b84-8861-11f1-9243-b48c9db4e1b4,18,"[1, 0, 1, 0, 0, 0, 0, 1]",6,0,0,,0.625,8
5431,9ae71b84-8861-11f1-9243-b48c9db4e1b4,18,"[1, 0, 1, 0, 0, 0, 0, 1]",7,1,1,,0.625,8
5432,9ae71b84-8861-11f1-9243-b48c9db4e1b4,19,"[0, 1, 1, 1, 1, 1, 1, 1]",0,0,0,,0.625,8
5433,9ae71b84-8861-11f1-9243-b48c9db4e1b4,19,"[0, 1, 1, 1, 1, 1, 1, 1]",1,1,-1,,0.625,8
5434,9ae71b84-8861-11f1-9243-b48c9db4e1b4,19,"[0, 1, 1, 1, 1, 1, 1, 1]",2,1,-1,,0.625,8
5435,9ae71b84-8861-11f1-9243-b48c9db4e1b4,19,"[0, 1, 1, 1, 1, 1, 1, 1]",3,1,-1,,0.625,8
5436,9ae71b84-8861-11f1-9243-b48c9db4e1b4,19,"[0, 1, 1, 1, 1, 1, 1, 1]",4,1,-1,,0.625,8
5437,9ae71b84-8861-11f1-9243-b48c9db4e1b4,19,"[0, 1, 1, 1, 1, 1, 1, 1]",5,1,-1,,0.625,8
5438,9ae71b84-8861-11f1-9243-b48c9db4e1b4,19,"[0, 1, 1, 1, 1, 1, 1, 1]",6,1,-1,,0.625,8
5439,9ae71b84-8861-11f1-9243-b48c9db4e1b4,19,"[0, 1, 1, 1, 1, 1, 1, 1]",7,1,-1,,0.625,8
5440,9aea419c-8861-11f1-a9df-b48c9db4e1b4,0,"[1, 1, 0, 1, 0, 0, 0, 1]",0,1,1,,0.625,8
5441,9aea419c-8861-11f1-a9df-b48c9db4e1b4,0,"[1, 1, 0, 1, 0, 0, 0, 1]",1,1,1,,0.625,8
5442,9aea419c-8861-11f1-a9df-b48c9db4e1b4,0,"[1, 1, 0, 1, 0, 0, 0, 1]",2,0,0,,0.625,8
5443,9aea419c-8861-11f1-a9df-b48c9db4e1b4,0,"[1, 1, 0, 1, 0, 0, 0, 1]",3,1,1,,0.625,8
5444,9aea419c-8861-11f1-a9df-b48c9db4e1b4,0,"[1, 1, 0, 1, 0, 0, 0, 1]",4,0,0,,0.625,8
5445,9aea419c-8861-11f1-a9df-b48c9db4e1b4,0,"[1, 1, 0, 1, 0, 0, 0, 1]",5,0,0,,0.625,8
5446,9aea419c-8861-11f1-a9df-b48c9db4e1b4,0,"[1, 1, 0, 1, 0, 0, 0, 1]",6,0,0,,0.625,8
5447,9aea419c-8861-11f1-a9df-b48c9db4e1b4,0,"[1, 1, 0, 1, 0, 0, 0, 1]",7,1,1,,0.625,8
5448,9aea419c-8861-11f1-a9df-b48c9db4e1b4,1,"[1, 0, 1, 0, 1, 0, 0, 1]",0,1,1,,0.625,8
5449,9aea419c-8861-11f1-a9df-b48c9db4e1b4,1,"[1, 0, 1, 0, 1, 0, 0, 1]",1,0,0,,0.625,8
5450,9aea419c-8861-11f1-a9df-b48c9db4e1b4,1,"[1, 0, 1, 0, 1, 0, 0, 1]",2,1,1,,0.625,8
5451,9aea419c-8861-11f1-a9df-b48c9db4e1b4,1,"[1, 0, 1, 0, 1, 0, 0, 1]",3,0,0,,0.625,8
5452,9aea419c-8861-11f1-a9df-b48c9db4e1b4,1,"[1, 0, 1, 0, 1, 0, 0, 1]",4,1,1,,0.625,8
5453,9aea419c-8861-11f1-a9df-b48c9db4e1b4,1,"[1, 0, 1, 0, 1, 0, 0, 1]",5,0,0,,0.625,8
5454,9aea419c-8861-11f1-a9df-b48c9db4e1b4,1,"[1, 0, 1, 0, 1, 0, 0, 1]",6,0,0,,0.625,8
5455,9aea419c-8861-11f1-a9df-b48c9db4e1b4,1,"[1, 0, 1, 0, 1, 0, 0, 1]",7,1,1,,0.625,8
5456,9aea419c-8861-11f1-a9df-b48c9db4e1b4,2,"[1, 0, 1, 0, 0, 0, 1, 0]",0,1,1,,0.625,8
5457,9aea419c-8861-11f1-a9df-b48c9db4e1b4,2,"[1, 0, 1, 0, 0, 0, 1, 0]",1,0,0,,0.625,8
5458,9aea419c-8861-11f1-a9df-b48c9db4e1b4,2,"[1, 0, 1, 0, 0, 0, 1, 0]",2,1,1,,0.625,8
5459,9aea419c-8861-11f1-a9df-b48c9db4e1b4,2,"[1, 0, 1, 0, 0, 0, 1, 0]",3,0,0,,0.625,8
5460,9aea419c-8861-11f1-a9df-b48c9db4e1b4,2,"[1, 0, 1, 0, 0, 0, 1, 0]",4,0,0,,0.625,8
5461,9aea419c-8861-11f1-a9df-b48c9db4e1b4,2,"[1, 0, 1, 0, 0, 0, 1, 0]",5,0,0,,0.625,8
5462,9aea419c-8861-11f1-a9df-b48c9db4e1b4,2,"[1, 0, 1, 0, 0, 0, 1, 0]",6,1,1,,0.625,8
5463,9aea419c-8861-11f1-a9df-b48c9db4e1b4,2,"[1, 0, 1, 0, 0, 0, 1, 0]",7,0,0,,0.625,8
5464,9aea419c-8861-11f1-a9df-b48c9db4e1b4,3,"[0, 1, 0, 1, 1, 0, 0, 1]",0,0,0,,0.625,8
5465,9aea419c-8861-11f1-a9df-b48c9db4e1b4,3,"[0, 1, 0, 1, 1, 0, 0, 1]",1,1,1,,0.625,8
5466,9aea419c-8861-11f1-a9df-b48c9db4e1b4,3,"[0, 1, 0, 1, 1, 0, 0, 1]",2,0,0,,0.625,8
5467,9aea419c-8861-11f1-a9df-b48c9db4e1b4,3,"[0, 1, 0, 1, 1, 0, 0, 1]",3,1,1,,0.625,8
5468,9aea419c-8861-11f1-a9df-b48c9db4e1b4,3,"[0, 1, 0, 1, 1, 0, 0, 1]",4,1,1,,0.625,8
5469,9aea419c-8861-11f1-a9df-b48c9db4e1b4,3,"[0, 1, 0, 1, 1, 0, 0, 1]",5,0,0,,0.625,8
5470,9aea419c-8861-11f1-a9df-b48c9db4e1b4,3,"[0, 1, 0, 1, 1, 0, 0, 1]",6,0,0,,0.625,8
5471,9aea419c-8861-11f1-a9df-b48c9db4e1b4,3,"[0, 1, 0, 1, 1, 0, 0, 1]",7,1,1,,0.625,8
5472,9aea419c-8861-11f1-a9df-b48c9db4e1b4,4,"[1, 0, 1, 1, 1, 1, 1, 0]",0,1,-1,,0.625,8
5473,9aea419c-8861-11f1-a9df-b48c9db4e1b4,4,"[1, 0, 1, 1, 1, 1, 1, 0]",1,0,0,,0.625,8
5474,9aea419c-8861-11f1-a9df-b48c9db4e1b4,4,"[1, 0, 1, 1, 1, 1, 1, 0]",2,1,-1,,0.625,8
5475,9aea419c-8861-11f1-a9df-b48c9db4e1b4,4,"[1, 0, 1, 1, 1, 1, 1, 0]",3,1,-1,,0.625,8
5476,9aea419c-8861-11f1-a9df-b48c9db4e1b4,4,"[1, 0, 1, 1, 1, 1, 1, 0]",4,1,-1,,0.625,8
5477,9aea419c-8861-11f1-a9df-b48c9db4e1b4,4,"[1, 0, 1, 1, 1, 1, 1, 0]",5,1,-1,,0.625,8
5478,9aea419c-8861-11f1-a9df-b48c9db4e1b4,4,"[1, 0, 1, 1, 1, 1, 1, 0]",6,1,-1,,0.625,8
5479,9aea419c-8861-11f1-a9df-b48c9db4e1b4,4,"[1, 0, 1, 1, 1, 1, 1, 0]",7,0,0,,0.625,8
5480,9aea419c-8861-11f1-a9df-b48c9db4e1b4,5,"[1, 1, 0, 1, 0, 0, 1, 1]",0,1,1,,0.625,8
5481,9aea419c-8861-11f1-a9df-b48c9db4e1b4,5,"[1, 1, 0, 1, 0, 0, 1, 1]",1,1,1,,0.625,8
5482,9aea419c-8861-11f1-a9df-b48c9db4e1b4,5,"[1, 1, 0, 1, 0, 0, 1, 1]",2,0,0,,0.625,8
5483,9aea419c-8861-11f1-a9df-b48c9db4e1b4,5,"[1, 1, 0, 1, 0, 0, 1, 1]",3,1,1,,0.625,8
5484,9aea419c-8861-11f1-a9df-b48c9db4e1b4,5,"[1, 1, 0, 1, 0, 0, 1, 1]",4,0,0,,0.625,8
5485,9aea419c-8861-11f1-a9df-b48c9db4e1b4,5,"[1, 1, 0, 1, 0, 0, 1, 1]",5,0,0,,0.625,8
5486,9aea419c-8861-11f1-a9df-b48c9db4e1b4,5,"[1, 1, 0, 1, 0, 0, 1, 1]",6,1,1,,0.625,8
5487,9aea419c-8861-11f1-a9df-b48c9db4e1b4,5,"[1, 1, 0, 1, 0, 0, 1, 1]",7,1,1,,0.625,8
5488,9aea419c-8861-11f1-a9df-b48c9db4e1b4,6,"[1, 0, 0, 0, 0, 1, 1, 0]",0,1,1,,0.625,8
5489,9aea419c-8861-11f1-a9df-b48c9db4e1b4,6,"[1, 0, 0, 0, 0, 1, 1, 0]",1,0,0,,0.625,8
5490,9aea419c-8861-11f1-a9df-b48c9db4e1b4,6,"[1, 0, 0, 0, 0, 1, 1, 0]",2,0,0,,0.625,8
5491,9aea419c-8861-11f1-a9df-b48c9db4e1b4,6,"[1, 0, 0, 0, 0, 1, 1, 0]",3,0,0,,0.625,8
5492,9aea419c-8861-11f1-a9df-b48c9db4e1b4,6,"[1, 0, 0, 0, 0, 1, 1, 0]",4,0,0,,0.625,8
5493,9aea419c-8861-11f1-a9df-b48c9db4e1b4,6,"[1, 0, 0, 0, 0, 1, 1, 0]",5,1,1,,0.625,8
5494,9aea419c-8861-11f1-a9df-b48c9db4e1b4,6,"[1, 0, 0, 0, 0, 1, 1, 0]",6,1,1,,0.625,8
5495,9aea419c-8861-11f1-a9df-b48c9db4e1b4,6,"[1, 0, 0, 0, 0, 1, 1, 0]",7,0,0,,0.625,8
5496,9aea419c-8861-11f1-a9df-b48c9db4e1b4,7,"[1, 0, 0, 0, 0, 1, 1, 1]",0,1,1,,0.625,8
5497,9aea419c-8861-11f1-a9df-b48c9db4e1b4,7,"[1, 0, 0, 0, 0, 1, 1, 1]",1,0,0,,0.625,8
5498,9aea419c-8861-11f1-a9df-b48c9db4e1b4,7,"[1, 0, 0, 0, 0, 1, 1, 1]",2,0,0,,0.625,8
5499,9aea419c-8861-11f1-a9df-b48c9db4e1b4,7,"[1, 0, 0, 0, 0, 1, 1, 1]",3,0,0,,0.625,8
5500,9aea419c-8861-11f1-a9df-b48c9db4e1b4,7,"[1, 0, 0, 0, 0, 1, 1, 1]",4,0,0,,0.625,8
5501,9aea419c-8861-11f1-a9df-b48c9db4e1b4,7,"[1, 0, 0, 0, 0, 1, 1, 1]",5,1,1,,0.625,8
5502,9aea419c-8861-11f1-a9df-b48c9db4e1b4,7,"[1, 0, 0, 0, 0, 1, 1, 1]",6,1,1,,0.625,8
5503,9aea419c-8861-11f1-a9df-b48c9db4e1b4,7,"[1, 0, 0, 0, 0, 1, 1, 1]",7,1,1,,0.625,8
5504,9aea419c-8861-11f1-a9df-b48c9db4e1b4,8,"[0, 1, 1, 0, 0, 0, 1, 1]",0,0,0,,0.625,8
5505,9aea419c-8861-11f1-a9df-b48c9db4e1b4,8,"[0, 1, 1, 0, 0, 0, 1, 1]",1,1,1,,0.625,8
5506,9aea419c-8861-11f1-a9df-b48c9db4e1b4,8,"[0, 1, 1, 0, 0, 0, 1, 1]",2,1,1,,0.625,8
5507,9aea419c-8861-11f1-a9df-b48c9db4e1b4,8,"[0, 1, 1, 0, 0, 0, 1, 1]",3,0,0,,0.625,8
5508,9aea419c-8861-11f1-a9df-b48c9db4e1b4,8,"[0, 1, 1, 0, 0, 0, 1, 1]",4,0,0,,0.625,8
5509,9aea419c-8861-11f1-a9df-b48c9db4e1b4,8,"[0, 1, 1, 0, 0, 0, 1, 1]",5,0,0,,0.625,8
5510,9aea419c-8861-11f1-a9df-b48c9db4e1b4,8,"[0, 1, 1, 0, 0, 0, 1, 1]",6,1,1,,0.625,8
5511,9aea419c-8861-11f1-a9df-b48c9db4e1b4,8,"[0, 1, 1, 0, 0, 0, 1, 1]",7,1,1,,0.625,8
5512,9aea419c-8861-11f1-a9df-b48c9db4e1b4,9,"[1, 1, 0, 0, 1, 1, 0, 0]",0,1,1,,0.625,8
5513,9aea419c-8861-11f1-a9df-b48c9db4e1b4,9,"[1, 1, 0, 0, 1, 1, 0, 0]",1,1,1,,0.625,8
5514,9aea419c-8861-11f1-a9df-b48c9db4e1b4,9,"[1, 1, 0, 0, 1, 1, 0, 0]",2,0,0,,0.625,8
5515,9aea419c-8861-11f1-a9df-b48c9db4e1b4,9,"[1, 1, 0, 0, 1, 1, 0, 0]",3,0,0,,0.625,8
5516,9aea419c-8861-11f1-a9df-b48c9db4e1b4,9,"[1, 1, 0, 0, 1, 1, 0, 0]",4,1,1,,0.625,8
5517,9aea419c-8861-11f1-a9df-b48c9db4e1b4,9,"[1, 1, 0, 0, 1, 1, 0, 0]",5,1,1,,0.625,8
5518,9aea419c-8861-11f1-a9df-b48c9db4e1b4,9,"[1, 1, 0, 0, 1, 1, 0, 0]",6,0,0,,0.625,8
5519,9aea419c-8861-11f1-a9df-b48c9db4e1b4,9,"[1, 1, 0, 0, 1, 1, 0, 0]",7,0,0,,0.625,8
5520,9aea419c-8861-11f1-a9df-b48c9db4e1b4,10,"[1, 0, 0, 1, 0, 0, 1, 1]",0,1,1,,0.625,8
5521,9aea419c-8861-11f1-a9df-b48c9db4e1b4,10,"[1, 0, 0, 1, 0, 0, 1, 1]",1,0,0,,0.625,8
5522,9aea419c-8861-11f1-a9df-b48c9db4e1b4,10,"[1, 0, 0, 1, 0, 0, 1, 1]",2,0,0,,0.625,8
5523,9aea419c-8861-11f1-a9df-b48c9db4e1b4,10,"[1, 0, 0, 1, 0, 0, 1, 1]",3,1,1,,0.625,8
5524,9aea419c-8861-11f1-a9df-b48c9db4e1b4,10,"[1, 0, 0, 1, 0, 0, 1, 1]",4,0,0,,0.625,8
5525,9aea419c-8861-11f1-a9df-b48c9db4e1b4,10,"[1, 0, 0, 1, 0, 0, 1, 1]",5,0,0,,0.625,8
5526,9aea419c-8861-11f1-a9df-b48c9db4e1b4,10,"[1, 0, 0, 1, 0, 0, 1, 1]",6,1,1,,0.625,8
5527,9aea419c-8861-11f1-a9df-b48c9db4e1b4,10,"[1, 0, 0, 1, 0, 0, 1, 1]",7,1,1,,0.625,8
5528,9aea419c-8861-11f1-a9df-b48c9db4e1b4,11,"[1, 1, 1, 1, 0, 1, 1, 0]",0,1,-1,,0.625,8
5529,9aea419c-8861-11f1-a9df-b48c9db4e1b4,11,"[1, 1, 1, 1, 0, 1, 1, 0]",1,1,-1,,0.625,8
5530,9aea419c-8861-11f1-a9df-b48c9db4e1b4,11,"[1, 1, 1, 1, 0, 1, 1, 0]",2,1,-1,,0.625,8
5531,9aea419c-8861-11f1-a9df-b48c9db4e1b4,11,"[1, 1, 1, 1, 0, 1, 1, 0]",3,1,-1,,0.625,8
5532,9aea419c-8861-11f1-a9df-b48c9db4e1b4,11,"[1, 1, 1, 1, 0, 1, 1, 0]",4,0,0,,0.625,8
5533,9aea419c-8861-11f1-a9df-b48c9db4e1b4,11,"[1, 1, 1, 1, 0, 1, 1, 0]",5,1,-1,,0.625,8
5534,9aea419c-8861-11f1-a9df-b48c9db4e1b4,11,"[1, 1, 1, 1, 0, 1, 1, 0]",6,1,-1,,0.625,8
5535,9aea419c-8861-11f1-a9df-b48c9db4e1b4,11,"[1, 1, 1, 1, 0, 1, 1, 0]",7,0,0,,0.625,8
5536,9aea419c-8861-11f1-a9df-b48c9db4e1b4,12,"[0, 0, 0, 1, 1, 0, 0, 0]",0,0,0,,0.625,8
5537,9aea419c-8861-11f1-a9df-b48c9db4e1b4,12,"[0, 0, 0, 1, 1, 0, 0, 0]",1,0,0,,0.625,8
5538,9aea419c-8861-11f1-a9df-b48c9db4e1b4,12,"[0, 0, 0, 1, 1, 0, 0, 0]",2,0,0,,0.625,8
5539,9aea419c-8861-11f1-a9df-b48c9db4e1b4,12,"[0, 0, 0, 1, 1, 0, 0, 0]",3,1,1,,0.625,8
5540,9aea419c-8861-11f1-a9df-b48c9db4e1b4,12,"[0, 0, 0, 1, 1, 0, 0, 0]",4,1,1,,0.625,8
5541,9aea419c-8861-11f1-a9df-b48c9db4e1b4,12,"[0, 0, 0, 1, 1, 0, 0, 0]",5,0,0,,0.625,8
5542,9aea419c-8861-11f1-a9df-b48c9db4e1b4,12,"[0, 0, 0, 1, 1, 0, 0, 0]",6,0,0,,0.625,8
5543,9aea419c-8861-11f1-a9df-b48c9db4e1b4,12,"[0, 0, 0, 1, 1, 0, 0, 0]",7,0,0,,0.625,8
5544,9aea419c-8861-11f1-a9df-b48c9db4e1b4,13,"[0, 1, 1, 0, 1, 0, 0, 0]",0,0,0,,0.625,8
5545,9aea419c-8861-11f1-a9df-b48c9db4e1b4,13,"[0, 1, 1, 0, 1, 0, 0, 0]",1,1,1,,0.625,8
5546,9aea419c-8861-11f1-a9df-b48c9db4e1b4,13,"[0, 1, 1, 0, 1, 0, 0, 0]",2,1,1,,0.625,8
5547,9aea419c-8861-11f1-a9df-b48c9db4e1b4,13,"[0, 1, 1, 0, 1, 0, 0, 0]",3,0,0,,0.625,8
5548,9aea419c-8861-11f1-a9df-b48c9db4e1b4,13,"[0, 1, 1, 0, 1, 0, 0, 0]",4,1,1,,0.625,8
5549,9aea419c-8861-11f1-a9df-b48c9db4e1b4,13,"[0, 1, 1, 0, 1, 0, 0, 0]",5,0,0,,0.625,8
5550,9aea419c-8861-11f1-a9df-b48c9db4e1b4,13,"[0, 1, 1, 0, 1, 0, 0, 0]",6,0,0,,0.625,8
5551,9aea419c-8861-11f1-a9df-b48c9db4e1b4,13,"[0, 1, 1, 0, 1, 0, 0, 0]",7,0,0,,0.625,8
5552,9aea419c-8861-11f1-a9df-b48c9db4e1b4,14,"[1, 1, 1, 1, 0, 1, 1, 0]",0,1,-1,,0.625,8
5553,9aea419c-8861-11f1-a9df-b48c9db4e1b4,14,"[1, 1, 1, 1, 0, 1, 1, 0]",1,1,-1,,0.625,8
5554,9aea419c-8861-11f1-a9df-b48c9db4e1b4,14,"[1, 1, 1, 1, 0, 1, 1, 0]",2,1,-1,,0.625,8
5555,9aea419c-8861-11f1-a9df-b48c9db4e1b4,14,"[1, 1, 1, 1, 0, 1, 1, 0]",3,1,-1,,0.625,8
5556,9aea419c-8861-11f1-a9df-b48c9db4e1b4,14,"[1, 1, 1, 1, 0, 1, 1, 0]",4,0,0,,0.625,8
5557,9aea419c-8861-11f1-a9df-b48c9db4e1b4,14,"[1, 1, 1, 1, 0, 1, 1, 0]",5,1,-1,,0.625,8
5558,9aea419c-8861-11f1-a9df-b48c9db4e1b4,14,"[1, 1, 1, 1, 0, 1, 1, 0]",6,1,-1,,0.625,8
5559,9aea419c-8861-11f1-a9df-b48c9db4e1b4,14,"[1, 1, 1, 1, 0, 1, 1, 0]",7,0,0,,0.625,8
5560,9aea419c-8861-11f1-a9df-b48c9db4e1b4,15,"[0, 1, 0, 1, 0, 0, 0, 1]",0,0,0,,0.625,8
5561,9aea419c-8861-11f1-a9df-b48c9db4e1b4,15,"[0, 1, 0, 1, 0, 0, 0, 1]",1,1,1,,0.625,8
5562,9aea419c-8861-11f1-a9df-b48c9db4e1b4,15,"[0, 1, 0, 1, 0, 0, 0, 1]",2,0,0,,0.625,8
5563,9aea419c-8861-11f1-a9df-b48c9db4e1b4,15,"[0, 1, 0, 1, 0, 0, 0, 1]",3,1,1,,0.625,8
5564,9aea419c-8861-11f1-a9df-b48c9db4e1b4,15,"[0, 1, 0, 1, 0, 0, 0, 1]",4,0,0,,0.625,8
5565,9aea419c-8861-11f1-a9df-b48c9db4e1b4,15,"[0, 1, 0, 1, 0, 0, 0, 1]",5,0,0,,0.625,8
5566,9aea419c-8861-11f1-a9df-b48c9db4e1b4,15,"[0, 1, 0, 1, 0, 0, 0, 1]",6,0,0,,0.625,8
5567,9aea419c-8861-11f1-a9df-b48c9db4e1b4,15,"[0, 1, 0, 1, 0, 0, 0, 1]",7,1,1,,0.625,8
5568,9aea419c-8861-11f1-a9df-b48c9db4e1b4,16,"[0, 1, 0, 1, 1, 1, 1, 1]",0,0,0,,0.625,8
5569,9aea419c-8861-11f1-a9df-b48c9db4e1b4,16,"[0, 1, 0, 1, 1, 1, 1, 1]",1,1,-1,,0.625,8
5570,9aea419c-8861-11f1-a9df-b48c9db4e1b4,16,"[0, 1, 0, 1, 1, 1, 1, 1]",2,0,0,,0.625,8
5571,9aea419c-8861-11f1-a9df-b48c9db4e1b4,16,"[0, 1, 0, 1, 1, 1, 1, 1]",3,1,-1,,0.625,8
5572,9aea419c-8861-11f1-a9df-b48c9db4e1b4,16,"[0, 1, 0, 1, 1, 1, 1, 1]",4,1,-1,,0.625,8
5573,9aea419c-8861-11f1-a9df-b48c9db4e1b4,16,"[0, 1, 0, 1, 1, 1, 1, 1]",5,1,-1,,0.625,8
5574,9aea419c-8861-11f1-a9df-b48c9db4e1b4,16,"[0, 1, 0, 1, 1, 1, 1, 1]",6,1,-1,,0.625,8
5575,9aea419c-8861-11f1-a9df-b48c9db4e1b4,16,"[0, 1, 0, 1, 1, 1, 1, 1]",7,1,-1,,0.625,8
5576,9aea419c-8861-11f1-a9df-b48c9db4e1b4,17,"[0, 1, 1, 1, 0, 0, 1, 1]",0,0,0,,0.625,8
5577,9aea419c-8861-11f1-a9df-b48c9db4e1b4,17,"[0, 1, 1, 1, 0, 0, 1, 1]",1,1,1,,0.625,8
5578,9aea419c-8861-11f1-a9df-b48c9db4e1b4,17,"[0, 1, 1, 1, 0, 0, 1, 1]",2,1,1,,0.625,8
5579,9aea419c-8861-11f1-a9df-b48c9db4e1b4,17,"[0, 1, 1, 1, 0, 0, 1, 1]",3,1,1,,0.625,8
5580,9aea419c-8861-11f1-a9df-b48c9db4e1b4,17,"[0, 1, 1, 1, 0, 0, 1, 1]",4,0,0,,0.625,8
5581,9aea419c-8861-11f1-a9df-b48c9db4e1b4,17,"[0, 1, 1, 1, 0, 0, 1, 1]",5,0,0,,0.625,8
5582,9aea419c-8861-11f1-a9df-b48c9db4e1b4,17,"[0, 1, 1, 1, 0, 0, 1, 1]",6,1,1,,0.625,8
5583,9aea419c-8861-11f1-a9df-b48c9db4e1b4,17,"[0, 1, 1, 1, 0, 0, 1, 1]",7,1,1,,0.625,8
5584,9aea419c-8861-11f1-a9df-b48c9db4e1b4,18,"[1, 1, 0, 1, 1, 0, 1, 1]",0,1,-1,,0.625,8
5585,9aea419c-8861-11f1-a9df-b48c9db4e1b4,18,"[1, 1, 0, 1, 1, 0, 1, 1]",1,1,-1,,0.625,8
5586,9aea419c-8861-11f1-a9df-b48c9db4e1b4,18,"[1, 1, 0, 1, 1, 0, 1, 1]",2,0,0,,0.625,8
5587,9aea419c-8861-11f1-a9df-b48c9db4e1b4,18,"[1, 1, 0, 1, 1, 0, 1, 1]",3,1,-1,,0.625,8
5588,9aea419c-8861-11f1-a9df-b48c9db4e1b4,18,"[1, 1, 0, 1, 1, 0, 1, 1]",4,1,-1,,0.625,8
5589,9aea419c-8861-11f1-a9df-b48c9db4e1b4,18,"[1, 1, 0, 1, 1, 0, 1, 1]",5,0,0,,0.625,8
5590,9aea419c-8861-11f1-a9df-b48c9db4e1b4,18,"[1, 1, 0, 1, 1, 0, 1, 1]",6,1,-1,,0.625,8
5591,9aea419c-8861-11f1-a9df-b48c9db4e1b4,18,"[1, 1, 0, 1, 1, 0, 1, 1]",7,1,-1,,0.625,8
5592,9aea419c-8861-11f1-a9df-b48c9db4e1b4,19,"[1, 1, 0, 1, 1, 0, 1, 1]",0,1,-1,,0.625,8
5593,9aea419c-8861-11f1-a9df-b48c9db4e1b4,19,"[1, 1, 0, 1, 1, 0, 1, 1]",1,1,-1,,0.625,8
5594,9aea419c-8861-11f1-a9df-b48c9db4e1b4,19,"[1, 1, 0, 1, 1, 0, 1, 1]",2,0,0,,0.625,8
5595,9aea419c-8861-11f1-a9df-b48c9db4e1b4,19,"[1, 1, 0, 1, 1, 0, 1, 1]",3,1,-1,,0.625,8
5596,9aea419c-8861-11f1-a9df-b48c9db4e1b4,19,"[1, 1, 0, 1, 1, 0, 1, 1]",4,1,-1,,0.625,8
5597,9aea419c-8861-11f1-a9df-b48c9db4e1b4,19,"[1, 1, 0, 1, 1, 0, 1, 1]",5,0,0,,0.625,8
5598,9aea419c-8861-11f1-a9df-b48c9db4e1b4,19,"[1, 1, 0, 1, 1, 0, 1, 1]",6,1,-1,,0.625,8
5599,9aea419c-8861-11f1-a9df-b48c9db4e1b4,19,"[1, 1, 0, 1, 1, 0, 1, 1]",7,1,-1,,0.625,8
5600,9aecfcc9-8861-11f1-b3a9-b48c9db4e1b4,0,"[0, 0, 0, 1, 0, 0, 0, 1]",0,0,0,,0.625,8
5601,9aecfcc9-8861-11f1-b3a9-b48c9db4e1b4,0,"[0, 0, 0, 1, 0, 0, 0, 1]",1,0,0,,0.625,8
5602,9aecfcc9-8861-11f1-b3a9-b48c9db4e1b4,0,"[0, 0, 0, 1, 0, 0, 0, 1]",2,0,0,,0.625,8
5603,9aecfcc9-8861-11f1-b3a9-b48c9db4e1b4,0,"[0, 0, 0, 1, 0, 0, 0, 1]",3,1,1,,0.625,8
5604,9aecfcc9-8861-11f1-b3a9-b48c9db4e1b4,0,"[0, 0, 0, 1, 0, 0, 0, 1]",4,0,0,,0.625,8
5605,9aecfcc9-8861-11f1-b3a9-b48c9db4e1b4,0,"[0, 0, 0, 1, 0, 0, 0, 1]",5,0,0,,0.625,8
5606,9aecfcc9-8861-11f1-b3a9-b48c9db4e1b4,0,"[0, 0, 0, 1, 0, 0, 0, 1]",6,0,0,,0.625,8
5607,9aecfcc9-8861-11f1-b3a9-b48c9db4e1b4,0,"[0, 0, 0, 1, 0, 0, 0, 1]",7,1,1,,0.625,8
5608,9aecfcc9-8861-11f1-b3a9-b48c9db4e1b4,1,"[0, 0, 0, 1, 0, 0, 0, 0]",0,0,0,,0.625,8
5609,9aecfcc9-8861-11f1-b3a9-b48c9db4e1b4,1,"[0, 0, 0, 1, 0, 0, 0, 0]",1,0,0,,0.625,8
5610,9aecfcc9-8861-11f1-b3a9-b48c9db4e1b4,1,"[0, 0, 0, 1, 0, 0, 0, 0]",2,0,0,,0.625,8
5611,9aecfcc9-8861-11f1-b3a9-b48c9db4e1b4,1,"[0, 0, 0, 1, 0, 0, 0, 0]",3,1,1,,0.625,8
5612,9aecfcc9-8861-11f1-b3a9-b48c9db4e1b4,1,"[0, 0, 0, 1, 0, 0, 0, 0]",4,0,0,,0.625,8
5613,9aecfcc9-8861-11f1-b3a9-b48c9db4e1b4,1,"[0, 0, 0, 1, 0, 0, 0, 0]",5,0,0,,0.625,8
5614,9aecfcc9-8861-11f1-b3a9-b48c9db4e1b4,1,"[0, 0, 0, 1, 0, 0, 0, 0]",6,0,0,,0.625,8
5615,9aecfcc9-8861-11f1-b3a9-b48c9db4e1b4,1,"[0, 0, 0, 1, 0, 0, 0, 0]",7,0,0,,0.625,8
5616,9aecfcc9-8861-11f1-b3a9-b48c9db4e1b4,2,"[1, 0, 1, 1, 0, 1, 0, 0]",0,1,1,,0.625,8
5617,9aecfcc9-8861-11f1-b3a9-b48c9db4e1b4,2,"[1, 0, 1, 1, 0, 1, 0, 0]",1,0,0,,0.625,8
5618,9aecfcc9-8861-11f1-b3a9-b48c9db4e1b4,2,"[1, 0, 1, 1, 0, 1, 0, 0]",2,1,1,,0.625,8
5619,9aecfcc9-8861-11f1-b3a9-b48c9db4e1b4,2,"[1, 0, 1, 1, 0, 1, 0, 0]",3,1,1,,0.625,8
5620,9aecfcc9-8861-11f1-b3a9-b48c9db4e1b4,2,"[1, 0, 1, 1, 0, 1, 0, 0]",4,0,0,,0.625,8
5621,9aecfcc9-8861-11f1-b3a9-b48c9db4e1b4,2,"[1, 0, 1, 1, 0, 1, 0, 0]",5,1,1,,0.625,8
5622,9aecfcc9-8861-11f1-b3a9-b48c9db4e1b4,2,"[1, 0, 1, 1, 0, 1, 0, 0]",6,0,0,,0.625,8
5623,9aecfcc9-8861-11f1-b3a9-b48c9db4e1b4,2,"[1, 0, 1, 1, 0, 1, 0, 0]",7,0,0,,0.625,8
5624,9aecfcc9-8861-11f1-b3a9-b48c9db4e1b4,3,"[0, 1, 1, 1, 0, 0, 1, 1]",0,0,0,,0.625,8
5625,9aecfcc9-8861-11f1-b3a9-b48c9db4e1b4,3,"[0, 1, 1, 1, 0, 0, 1, 1]",1,1,1,,0.625,8
5626,9aecfcc9-8861-11f1-b3a9-b48c9db4e1b4,3,"[0, 1, 1, 1, 0, 0, 1, 1]",2,1,1,,0.625,8
5627,9aecfcc9-8861-11f1-b3a9-b48c9db4e1b4,3,"[0, 1, 1, 1, 0, 0, 1, 1]",3,1,1,,0.625,8
5628,9aecfcc9-8861-11f1-b3a9-b48c9db4e1b4,3,"[0, 1, 1, 1, 0, 0, 1, 1]",4,0,0,,0.625,8
5629,9aecfcc9-8861-11f1-b3a9-b48c9db4e1b4,3,"[0, 1, 1, 1, 0, 0, 1, 1]",5,0,0,,0.625,8
5630,9aecfcc9-8861-11f1-b3a9-b48c9db4e1b4,3,"[0, 1, 1, 1, 0, 0, 1, 1]",6,1,1,,0.625,8
5631,9aecfcc9-8861-11f1-b3a9-b48c9db4e1b4,3,"[0, 1, 1, 1, 0, 0, 1, 1]",7,1,1,,0.625,8
5632,9aecfcc9-8861-11f1-b3a9-b48c9db4e1b4,4,"[0, 0, 0, 0, 0, 1, 0, 1]",0,0,0,,0.625,8
5633,9aecfcc9-8861-11f1-b3a9-b48c9db4e1b4,4,"[0, 0, 0, 0, 0, 1, 0, 1]",1,0,0,,0.625,8
5634,9aecfcc9-8861-11f1-b3a9-b48c9db4e1b4,4,"[0, 0, 0, 0, 0, 1, 0, 1]",2,0,0,,0.625,8
5635,9aecfcc9-8861-11f1-b3a9-b48c9db4e1b4,4,"[0, 0, 0, 0, 0, 1, 0, 1]",3,0,0,,0.625,8
5636,9aecfcc9-8861-11f1-b3a9-b48c9db4e1b4,4,"[0, 0, 0, 0, 0, 1, 0, 1]",4,0,0,,0.625,8
5637,9aecfcc9-8861-11f1-b3a9-b48c9db4e1b4,4,"[0, 0, 0, 0, 0, 1, 0, 1]",5,1,1,,0.625,8
5638,9aecfcc9-8861-11f1-b3a9-b48c9db4e1b4,4,"[0, 0, 0, 0, 0, 1, 0, 1]",6,0,0,,0.625,8
5639,9aecfcc9-8861-11f1-b3a9-b48c9db4e1b4,4,"[0, 0, 0, 0, 0, 1, 0, 1]",7,1,1,,0.625,8
5640,9aecfcc9-8861-11f1-b3a9-b48c9db4e1b4,5,"[1, 1, 1, 0, 0, 0, 1, 0]",0,1,1,,0.625,8
5641,9aecfcc9-8861-11f1-b3a9-b48c9db4e1b4,5,"[1, 1, 1, 0, 0, 0, 1, 0]",1,1,1,,0.625,8
5642,9aecfcc9-8861-11f1-b3a9-b48c9db4e1b4,5,"[1, 1, 1, 0, 0, 0, 1, 0]",2,1,1,,0.625,8
5643,9aecfcc9-8861-11f1-b3a9-b48c9db4e1b4,5,"[1, 1, 1, 0, 0, 0, 1, 0]",3,0,0,,0.625,8
5644,9aecfcc9-8861-11f1-b3a9-b48c9db4e1b4,5,"[1, 1, 1, 0, 0, 0, 1, 0]",4,0,0,,0.625,8
5645,9aecfcc9-8861-11f1-b3a9-b48c9db4e1b4,5,"[1, 1, 1, 0, 0, 0, 1, 0]",5,0,0,,0.625,8
5646,9aecfcc9-8861-11f1-b3a9-b48c9db4e1b4,5,"[1, 1, 1, 0, 0, 0, 1, 0]",6,1,1,,0.625,8
5647,9aecfcc9-8861-11f1-b3a9-b48c9db4e1b4,5,"[1, 1, 1, 0, 0, 0, 1, 0]",7,0,0,,0.625,8
5648,9aecfcc9-8861-11f1-b3a9-b48c9db4e1b4,6,"[1, 0, 1, 1, 1, 1, 0, 0]",0,1,1,,0.625,8
5649,9aecfcc9-8861-11f1-b3a9-b48c9db4e1b4,6,"[1, 0, 1, 1, 1, 1, 0, 0]",1,0,0,,0.625,8
5650,9aecfcc9-8861-11f1-b3a9-b48c9db4e1b4,6,"[1, 0, 1, 1, 1, 1, 0, 0]",2,1,1,,0.625,8
5651,9aecfcc9-8861-11f1-b3a9-b48c9db4e1b4,6,"[1, 0, 1, 1, 1, 1, 0, 0]",3,1,1,,0.625,8
5652,9aecfcc9-8861-11f1-b3a9-b48c9db4e1b4,6,"[1, 0, 1, 1, 1, 1, 0, 0]",4,1,1,,0.625,8
5653,9aecfcc9-8861-11f1-b3a9-b48c9db4e1b4,6,"[1, 0, 1, 1, 1, 1, 0, 0]",5,1,1,,0.625,8
5654,9aecfcc9-8861-11f1-b3a9-b48c9db4e1b4,6,"[1, 0, 1, 1, 1, 1, 0, 0]",6,0,0,,0.625,8
5655,9aecfcc9-8861-11f1-b3a9-b48c9db4e1b4,6,"[1, 0, 1, 1, 1, 1, 0, 0]",7,0,0,,0.625,8
5656,9aecfcc9-8861-11f1-b3a9-b48c9db4e1b4,7,"[0, 1, 0, 1, 1, 0, 1, 0]",0,0,0,,0.625,8
5657,9aecfcc9-8861-11f1-b3a9-b48c9db4e1b4,7,"[0, 1, 0, 1, 1, 0, 1, 0]",1,1,1,,0.625,8
5658,9aecfcc9-8861-11f1-b3a9-b48c9db4e1b4,7,"[0, 1, 0, 1, 1, 0, 1, 0]",2,0,0,,0.625,8
5659,9aecfcc9-8861-11f1-b3a9-b48c9db4e1b4,7,"[0, 1, 0, 1, 1, 0, 1, 0]",3,1,1,,0.625,8
5660,9aecfcc9-8861-11f1-b3a9-b48c9db4e1b4,7,"[0, 1, 0, 1, 1, 0, 1, 0]",4,1,1,,0.625,8
5661,9aecfcc9-8861-11f1-b3a9-b48c9db4e1b4,7,"[0, 1, 0, 1, 1, 0, 1, 0]",5,0,0,,0.625,8
5662,9aecfcc9-8861-11f1-b3a9-b48c9db4e1b4,7,"[0, 1, 0, 1, 1, 0, 1, 0]",6,1,1,,0.625,8
5663,9aecfcc9-8861-11f1-b3a9-b48c9db4e1b4,7,"[0, 1, 0, 1, 1, 0, 1, 0]",7,0,0,,0.625,8
5664,9aecfcc9-8861-11f1-b3a9-b48c9db4e1b4,8,"[1, 1, 0, 1, 1, 1, 0, 1]",0,1,-1,,0.625,8
5665,9aecfcc9-8861-11f1-b3a9-b48c9db4e1b4,8,"[1, 1, 0, 1, 1, 1, 0, 1]",1,1,-1,,0.625,8
5666,9aecfcc9-8861-11f1-b3a9-b48c9db4e1b4,8,"[1, 1, 0, 1, 1, 1, 0, 1]",2,0,0,,0.625,8
5667,9aecfcc9-8861-11f1-b3a9-b48c9db4e1b4,8,"[1, 1, 0, 1, 1, 1, 0, 1]",3,1,-1,,0.625,8
5668,9aecfcc9-8861-11f1-b3a9-b48c9db4e1b4,8,"[1, 1, 0, 1, 1, 1, 0, 1]",4,1,-1,,0.625,8
5669,9aecfcc9-8861-11f1-b3a9-b48c9db4e1b4,8,"[1, 1, 0, 1, 1, 1, 0, 1]",5,1,-1,,0.625,8
5670,9aecfcc9-8861-11f1-b3a9-b48c9db4e1b4,8,"[1, 1, 0, 1, 1, 1, 0, 1]",6,0,0,,0.625,8
5671,9aecfcc9-8861-11f1-b3a9-b48c9db4e1b4,8,"[1, 1, 0, 1, 1, 1, 0, 1]",7,1,-1,,0.625,8
5672,9aecfcc9-8861-11f1-b3a9-b48c9db4e1b4,9,"[0, 1, 1, 1, 0, 0, 0, 0]",0,0,0,,0.625,8
5673,9aecfcc9-8861-11f1-b3a9-b48c9db4e1b4,9,"[0, 1, 1, 1, 0, 0, 0, 0]",1,1,1,,0.625,8
5674,9aecfcc9-8861-11f1-b3a9-b48c9db4e1b4,9,"[0, 1, 1, 1, 0, 0, 0, 0]",2,1,1,,0.625,8
5675,9aecfcc9-8861-11f1-b3a9-b48c9db4e1b4,9,"[0, 1, 1, 1, 0, 0, 0, 0]",3,1,1,,0.625,8
5676,9aecfcc9-8861-11f1-b3a9-b48c9db4e1b4,9,"[0, 1, 1, 1, 0, 0, 0, 0]",4,0,0,,0.625,8
5677,9aecfcc9-8861-11f1-b3a9-b48c9db4e1b4,9,"[0, 1, 1, 1, 0, 0, 0, 0]",5,0,0,,0.625,8
5678,9aecfcc9-8861-11f1-b3a9-b48c9db4e1b4,9,"[0, 1, 1, 1, 0, 0, 0, 0]",6,0,0,,0.625,8
5679,9aecfcc9-8861-11f1-b3a9-b48c9db4e1b4,9,"[0, 1, 1, 1, 0, 0, 0, 0]",7,0,0,,0.625,8
5680,9aecfcc9-8861-11f1-b3a9-b48c9db4e1b4,10,"[1, 0, 0, 1, 1, 0, 1, 0]",0,1,1,,0.625,8
5681,9aecfcc9-8861-11f1-b3a9-b48c9db4e1b4,10,"[1, 0, 0, 1, 1, 0, 1, 0]",1,0,0,,0.625,8
5682,9aecfcc9-8861-11f1-b3a9-b48c9db4e1b4,10,"[1, 0, 0, 1, 1, 0, 1, 0]",2,0,0,,0.625,8
5683,9aecfcc9-8861-11f1-b3a9-b48c9db4e1b4,10,"[1, 0, 0, 1, 1, 0, 1, 0]",3,1,1,,0.625,8
5684,9aecfcc9-8861-11f1-b3a9-b48c9db4e1b4,10,"[1, 0, 0, 1, 1, 0, 1, 0]",4,1,1,,0.625,8
5685,9aecfcc9-8861-11f1-b3a9-b48c9db4e1b4,10,"[1, 0, 0, 1, 1, 0, 1, 0]",5,0,0,,0.625,8
5686,9aecfcc9-8861-11f1-b3a9-b48c9db4e1b4,10,"[1, 0, 0, 1, 1, 0, 1, 0]",6,1,1,,0.625,8
5687,9aecfcc9-8861-11f1-b3a9-b48c9db4e1b4,10,"[1, 0, 0, 1, 1, 0, 1, 0]",7,0,0,,0.625,8
5688,9aecfcc9-8861-11f1-b3a9-b48c9db4e1b4,11,"[0, 0, 0, 1, 0, 0, 0, 1]",0,0,0,,0.625,8
5689,9aecfcc9-8861-11f1-b3a9-b48c9db4e1b4,11,"[0, 0, 0, 1, 0, 0, 0, 1]",1,0,0,,0.625,8
5690,9aecfcc9-8861-11f1-b3a9-b48c9db4e1b4,11,"[0, 0, 0, 1, 0, 0, 0, 1]",2,0,0,,0.625,8
5691,9aecfcc9-8861-11f1-b3a9-b48c9db4e1b4,11,"[0, 0, 0, 1, 0, 0, 0, 1]",3,1,1,,0.625,8
5692,9aecfcc9-8861-11f1-b3a9-b48c9db4e1b4,11,"[0, 0, 0, 1, 0, 0, 0, 1]",4,0,0,,0.625,8
5693,9aecfcc9-8861-11f1-b3a9-b48c9db4e1b4,11,"[0, 0, 0, 1, 0, 0, 0, 1]",5,0,0,,0.625,8
5694,9aecfcc9-8861-11f1-b3a9-b48c9db4e1b4,11,"[0, 0, 0, 1, 0, 0, 0, 1]",6,0,0,,0.625,8
5695,9aecfcc9-8861-11f1-b3a9-b48c9db4e1b4,11,"[0, 0, 0, 1, 0, 0, 0, 1]",7,1,1,,0.625,8
5696,9aecfcc9-8861-11f1-b3a9-b48c9db4e1b4,12,"[1, 0, 1, 0, 0, 0, 1, 0]",0,1,1,,0.625,8
5697,9aecfcc9-8861-11f1-b3a9-b48c9db4e1b4,12,"[1, 0, 1, 0, 0, 0, 1, 0]",1,0,0,,0.625,8
5698,9aecfcc9-8861-11f1-b3a9-b48c9db4e1b4,12,"[1, 0, 1, 0, 0, 0, 1, 0]",2,1,1,,0.625,8
5699,9aecfcc9-8861-11f1-b3a9-b48c9db4e1b4,12,"[1, 0, 1, 0, 0, 0, 1, 0]",3,0,0,,0.625,8
5700,9aecfcc9-8861-11f1-b3a9-b48c9db4e1b4,12,"[1, 0, 1, 0, 0, 0, 1, 0]",4,0,0,,0.625,8
5701,9aecfcc9-8861-11f1-b3a9-b48c9db4e1b4,12,"[1, 0, 1, 0, 0, 0, 1, 0]",5,0,0,,0.625,8
5702,9aecfcc9-8861-11f1-b3a9-b48c9db4e1b4,12,"[1, 0, 1, 0, 0, 0, 1, 0]",6,1,1,,0.625,8
5703,9aecfcc9-8861-11f1-b3a9-b48c9db4e1b4,12,"[1, 0, 1, 0, 0, 0, 1, 0]",7,0,0,,0.625,8
5704,9aecfcc9-8861-11f1-b3a9-b48c9db4e1b4,13,"[1, 1, 1, 1, 1, 1, 0, 1]",0,1,-1,,0.625,8
5705,9aecfcc9-8861-11f1-b3a9-b48c9db4e1b4,13,"[1, 1, 1, 1, 1, 1, 0, 1]",1,1,-1,,0.625,8
5706,9aecfcc9-8861-11f1-b3a9-b48c9db4e1b4,13,"[1, 1, 1, 1, 1, 1, 0, 1]",2,1,-1,,0.625,8
5707,9aecfcc9-8861-11f1-b3a9-b48c9db4e1b4,13,"[1, 1, 1, 1, 1, 1, 0, 1]",3,1,-1,,0.625,8
5708,9aecfcc9-8861-11f1-b3a9-b48c9db4e1b4,13,"[1, 1, 1, 1, 1, 1, 0, 1]",4,1,-1,,0.625,8
5709,9aecfcc9-8861-11f1-b3a9-b48c9db4e1b4,13,"[1, 1, 1, 1, 1, 1, 0, 1]",5,1,-1,,0.625,8
5710,9aecfcc9-8861-11f1-b3a9-b48c9db4e1b4,13,"[1, 1, 1, 1, 1, 1, 0, 1]",6,0,0,,0.625,8
5711,9aecfcc9-8861-11f1-b3a9-b48c9db4e1b4,13,"[1, 1, 1, 1, 1, 1, 0, 1]",7,1,-1,,0.625,8
5712,9aecfcc9-8861-11f1-b3a9-b48c9db4e1b4,14,"[0, 1, 1, 1, 0, 1, 0, 0]",0,0,0,,0.625,8
5713,9aecfcc9-8861-11f1-b3a9-b48c9db4e1b4,14,"[0, 1, 1, 1, 0, 1, 0, 0]",1,1,1,,0.625,8
5714,9aecfcc9-8861-11f1-b3a9-b48c9db4e1b4,14,"[0, 1, 1, 1, 0, 1, 0, 0]",2,1,1,,0.625,8
5715,9aecfcc9-8861-11f1-b3a9-b48c9db4e1b4,14,"[0, 1, 1, 1, 0, 1, 0, 0]",3,1,1,,0.625,8
5716,9aecfcc9-8861-11f1-b3a9-b48c9db4e1b4,14,"[0, 1, 1, 1, 0, 1, 0, 0]",4,0,0,,0.625,8
5717,9aecfcc9-8861-11f1-b3a9-b48c9db4e1b4,14,"[0, 1, 1, 1, 0, 1, 0, 0]",5,1,1,,0.625,8
5718,9aecfcc9-8861-11f1-b3a9-b48c9db4e1b4,14,"[0, 1, 1, 1, 0, 1, 0, 0]",6,0,0,,0.625,8
5719,9aecfcc9-8861-11f1-b3a9-b48c9db4e1b4,14,"[0, 1, 1, 1, 0, 1, 0, 0]",7,0,0,,0.625,8
5720,9aecfcc9-8861-11f1-b3a9-b48c9db4e1b4,15,"[0, 0, 1, 1, 0, 0, 1, 0]",0,0,0,,0.625,8
5721,9aecfcc9-8861-11f1-b3a9-b48c9db4e1b4,15,"[0, 0, 1, 1, 0, 0, 1, 0]",1,0,0,,0.625,8
5722,9aecfcc9-8861-11f1-b3a9-b48c9db4e1b4,15,"[0, 0, 1, 1, 0, 0, 1, 0]",2,1,1,,0.625,8
5723,9aecfcc9-8861-11f1-b3a9-b48c9db4e1b4,15,"[0, 0, 1, 1, 0, 0, 1, 0]",3,1,1,,0.625,8
5724,9aecfcc9-8861-11f1-b3a9-b48c9db4e1b4,15,"[0, 0, 1, 1, 0, 0, 1, 0]",4,0,0,,0.625,8
5725,9aecfcc9-8861-11f1-b3a9-b48c9db4e1b4,15,"[0, 0, 1, 1, 0, 0, 1, 0]",5,0,0,,0.625,8
5726,9aecfcc9-8861-11f1-b3a9-b48c9db4e1b4,15,"[0, 0, 1, 1, 0, 0, 1, 0]",6,1,1,,0.625,8
5727,9aecfcc9-8861-11f1-b3a9-b48c9db4e1b4,15,"[0, 0, 1, 1, 0, 0, 1, 0]",7,0,0,,0.625,8
5728,9aecfcc9-8861-11f1-b3a9-b48c9db4e1b4,16,"[0, 1, 0, 0, 0, 1, 1, 0]",0,0,0,,0.625,8
5729,9aecfcc9-8861-11f1-b3a9-b48c9db4e1b4,16,"[0, 1, 0, 0, 0, 1, 1, 0]",1,1,1,,0.625,8
5730,9aecfcc9-8861-11f1-b3a9-b48c9db4e1b4,16,"[0, 1, 0, 0, 0, 1, 1, 0]",2,0,0,,0.625,8
5731,9aecfcc9-8861-11f1-b3a9-b48c9db4e1b4,16,"[0, 1, 0, 0, 0, 1, 1, 0]",3,0,0,,0.625,8
5732,9aecfcc9-8861-11f1-b3a9-b48c9db4e1b4,16,"[0, 1, 0, 0, 0, 1, 1, 0]",4,0,0,,0.625,8
5733,9aecfcc9-8861-11f1-b3a9-b48c9db4e1b4,16,"[0, 1, 0, 0, 0, 1, 1, 0]",5,1,1,,0.625,8
5734,9aecfcc9-8861-11f1-b3a9-b48c9db4e1b4,16,"[0, 1, 0, 0, 0, 1, 1, 0]",6,1,1,,0.625,8
5735,9aecfcc9-8861-11f1-b3a9-b48c9db4e1b4,16,"[0, 1, 0, 0, 0, 1, 1, 0]",7,0,0,,0.625,8
5736,9aecfcc9-8861-11f1-b3a9-b48c9db4e1b4,17,"[1, 1, 1, 0, 1, 0, 0, 1]",0,1,1,,0.625,8
5737,9aecfcc9-8861-11f1-b3a9-b48c9db4e1b4,17,"[1, 1, 1, 0, 1, 0, 0, 1]",1,1,1,,0.625,8
5738,9aecfcc9-8861-11f1-b3a9-b48c9db4e1b4,17,"[1, 1, 1, 0, 1, 0, 0, 1]",2,1,1,,0.625,8
5739,9aecfcc9-8861-11f1-b3a9-b48c9db4e1b4,17,"[1, 1, 1, 0, 1, 0, 0, 1]",3,0,0,,0.625,8
5740,9aecfcc9-8861-11f1-b3a9-b48c9db4e1b4,17,"[1, 1, 1, 0, 1, 0, 0, 1]",4,1,1,,0.625,8
5741,9aecfcc9-8861-11f1-b3a9-b48c9db4e1b4,17,"[1, 1, 1, 0, 1, 0, 0, 1]",5,0,0,,0.625,8
5742,9aecfcc9-8861-11f1-b3a9-b48c9db4e1b4,17,"[1, 1, 1, 0, 1, 0, 0, 1]",6,0,0,,0.625,8
5743,9aecfcc9-8861-11f1-b3a9-b48c9db4e1b4,17,"[1, 1, 1, 0, 1, 0, 0, 1]",7,1,1,,0.625,8
5744,9aecfcc9-8861-11f1-b3a9-b48c9db4e1b4,18,"[1, 1, 0, 1, 0, 0, 0, 0]",0,1,1,,0.625,8
5745,9aecfcc9-8861-11f1-b3a9-b48c9db4e1b4,18,"[1, 1, 0, 1, 0, 0, 0, 0]",1,1,1,,0.625,8
5746,9aecfcc9-8861-11f1-b3a9-b48c9db4e1b4,18,"[1, 1, 0, 1, 0, 0, 0, 0]",2,0,0,,0.625,8
5747,9aecfcc9-8861-11f1-b3a9-b48c9db4e1b4,18,"[1, 1, 0, 1, 0, 0, 0, 0]",3,1,1,,0.625,8
5748,9aecfcc9-8861-11f1-b3a9-b48c9db4e1b4,18,"[1, 1, 0, 1, 0, 0, 0, 0]",4,0,0,,0.625,8
5749,9aecfcc9-8861-11f1-b3a9-b48c9db4e1b4,18,"[1, 1, 0, 1, 0, 0, 0, 0]",5,0,0,,0.625,8
5750,9aecfcc9-8861-11f1-b3a9-b48c9db4e1b4,18,"[1, 1, 0, 1, 0, 0, 0, 0]",6,0,0,,0.625,8
5751,9aecfcc9-8861-11f1-b3a9-b48c9db4e1b4,18,"[1, 1, 0, 1, 0, 0, 0, 0]",7,0,0,,0.625,8
5752,9aecfcc9-8861-11f1-b3a9-b48c9db4e1b4,19,"[1, 0, 1, 0, 1, 0, 1, 1]",0,1,1,,0.625,8
5753,9aecfcc9-8861-11f1-b3a9-b48c9db4e1b4,19,"[1, 0, 1, 0, 1, 0, 1, 1]",1,0,0,,0.625,8
5754,9aecfcc9-8861-11f1-b3a9-b48c9db4e1b4,19,"[1, 0, 1, 0, 1, 0, 1, 1]",2,1,1,,0.625,8
5755,9aecfcc9-8861-11f1-b3a9-b48c9db4e1b4,19,"[1, 0, 1, 0, 1, 0, 1, 1]",3,0,0,,0.625,8
5756,9aecfcc9-8861-11f1-b3a9-b48c9db4e1b4,19,"[1, 0, 1, 0, 1, 0, 1, 1]",4,1,1,,0.625,8
5757,9aecfcc9-8861-11f1-b3a9-b48c9db4e1b4,19,"[1, 0, 1, 0, 1, 0, 1, 1]",5,0,0,,0.625,8
5758,9aecfcc9-8861-11f1-b3a9-b48c9db4e1b4,19,"[1, 0, 1, 0, 1, 0, 1, 1]",6,1,1,,0.625,8
5759,9aecfcc9-8861-11f1-b3a9-b48c9db4e1b4,19,"[1, 0, 1, 0, 1, 0, 1, 1]",7,1,1,,0.625,8
5760,9aefb438-8861-11f1-ab39-b48c9db4e1b4,0,"[0, 1, 1, 0, 1, 0, 1, 1]",0,0,0,,0.625,8
5761,9aefb438-8861-11f1-ab39-b48c9db4e1b4,0,"[0, 1, 1, 0, 1, 0, 1, 1]",1,1,1,,0.625,8
5762,9aefb438-8861-11f1-ab39-b48c9db4e1b4,0,"[0, 1, 1, 0, 1, 0, 1, 1]",2,1,1,,0.625,8
5763,9aefb438-8861-11f1-ab39-b48c9db4e1b4,0,"[0, 1, 1, 0, 1, 0, 1, 1]",3,0,0,,0.625,8
5764,9aefb438-8861-11f1-ab39-b48c9db4e1b4,0,"[0, 1, 1, 0, 1, 0, 1, 1]",4,1,1,,0.625,8
5765,9aefb438-8861-11f1-ab39-b48c9db4e1b4,0,"[0, 1, 1, 0, 1, 0, 1, 1]",5,0,0,,0.625,8
5766,9aefb438-8861-11f1-ab39-b48c9db4e1b4,0,"[0, 1, 1, 0, 1, 0, 1, 1]",6,1,1,,0.625,8
5767,9aefb438-8861-11f1-ab39-b48c9db4e1b4,0,"[0, 1, 1, 0, 1, 0, 1, 1]",7,1,1,,0.625,8
5768,9aefb438-8861-11f1-ab39-b48c9db4e1b4,1,"[0, 1, 0, 1, 0, 1, 0, 0]",0,0,0,,0.625,8
5769,9aefb438-8861-11f1-ab39-b48c9db4e1b4,1,"[0, 1, 0, 1, 0, 1, 0, 0]",1,1,1,,0.625,8
5770,9aefb438-8861-11f1-ab39-b48c9db4e1b4,1,"[0, 1, 0, 1, 0, 1, 0, 0]",2,0,0,,0.625,8
5771,9aefb438-8861-11f1-ab39-b48c9db4e1b4,1,"[0, 1, 0, 1, 0, 1, 0, 0]",3,1,1,,0.625,8
5772,9aefb438-8861-11f1-ab39-b48c9db4e1b4,1,"[0, 1, 0, 1, 0, 1, 0, 0]",4,0,0,,0.625,8
5773,9aefb438-8861-11f1-ab39-b48c9db4e1b4,1,"[0, 1, 0, 1, 0, 1, 0, 0]",5,1,1,,0.625,8
5774,9aefb438-8861-11f1-ab39-b48c9db4e1b4,1,"[0, 1, 0, 1, 0, 1, 0, 0]",6,0,0,,0.625,8
5775,9aefb438-8861-11f1-ab39-b48c9db4e1b4,1,"[0, 1, 0, 1, 0, 1, 0, 0]",7,0,0,,0.625,8
5776,9aefb438-8861-11f1-ab39-b48c9db4e1b4,2,"[1, 1, 1, 1, 0, 0, 1, 0]",0,1,1,,0.625,8
5777,9aefb438-8861-11f1-ab39-b48c9db4e1b4,2,"[1, 1, 1, 1, 0, 0, 1, 0]",1,1,1,,0.625,8
5778,9aefb438-8861-11f1-ab39-b48c9db4e1b4,2,"[1, 1, 1, 1, 0, 0, 1, 0]",2,1,1,,0.625,8
5779,9aefb438-8861-11f1-ab39-b48c9db4e1b4,2,"[1, 1, 1, 1, 0, 0, 1, 0]",3,1,1,,0.625,8
5780,9aefb438-8861-11f1-ab39-b48c9db4e1b4,2,"[1, 1, 1, 1, 0, 0, 1, 0]",4,0,0,,0.625,8
5781,9aefb438-8861-11f1-ab39-b48c9db4e1b4,2,"[1, 1, 1, 1, 0, 0, 1, 0]",5,0,0,,0.625,8
5782,9aefb438-8861-11f1-ab39-b48c9db4e1b4,2,"[1, 1, 1, 1, 0, 0, 1, 0]",6,1,1,,0.625,8
5783,9aefb438-8861-11f1-ab39-b48c9db4e1b4,2,"[1, 1, 1, 1, 0, 0, 1, 0]",7,0,0,,0.625,8
5784,9aefb438-8861-11f1-ab39-b48c9db4e1b4,3,"[0, 1, 1, 1, 0, 0, 1, 0]",0,0,0,,0.625,8
5785,9aefb438-8861-11f1-ab39-b48c9db4e1b4,3,"[0, 1, 1, 1, 0, 0, 1, 0]",1,1,1,,0.625,8
5786,9aefb438-8861-11f1-ab39-b48c9db4e1b4,3,"[0, 1, 1, 1, 0, 0, 1, 0]",2,1,1,,0.625,8
5787,9aefb438-8861-11f1-ab39-b48c9db4e1b4,3,"[0, 1, 1, 1, 0, 0, 1, 0]",3,1,1,,0.625,8
5788,9aefb438-8861-11f1-ab39-b48c9db4e1b4,3,"[0, 1, 1, 1, 0, 0, 1, 0]",4,0,0,,0.625,8
5789,9aefb438-8861-11f1-ab39-b48c9db4e1b4,3,"[0, 1, 1, 1, 0, 0, 1, 0]",5,0,0,,0.625,8
5790,9aefb438-8861-11f1-ab39-b48c9db4e1b4,3,"[0, 1, 1, 1, 0, 0, 1, 0]",6,1,1,,0.625,8
5791,9aefb438-8861-11f1-ab39-b48c9db4e1b4,3,"[0, 1, 1, 1, 0, 0, 1, 0]",7,0,0,,0.625,8
5792,9aefb438-8861-11f1-ab39-b48c9db4e1b4,4,"[0, 0, 1, 0, 1, 1, 1, 0]",0,0,0,,0.625,8
5793,9aefb438-8861-11f1-ab39-b48c9db4e1b4,4,"[0, 0, 1, 0, 1, 1, 1, 0]",1,0,0,,0.625,8
5794,9aefb438-8861-11f1-ab39-b48c9db4e1b4,4,"[0, 0, 1, 0, 1, 1, 1, 0]",2,1,1,,0.625,8
5795,9aefb438-8861-11f1-ab39-b48c9db4e1b4,4,"[0, 0, 1, 0, 1, 1, 1, 0]",3,0,0,,0.625,8
5796,9aefb438-8861-11f1-ab39-b48c9db4e1b4,4,"[0, 0, 1, 0, 1, 1, 1, 0]",4,1,1,,0.625,8
5797,9aefb438-8861-11f1-ab39-b48c9db4e1b4,4,"[0, 0, 1, 0, 1, 1, 1, 0]",5,1,1,,0.625,8
5798,9aefb438-8861-11f1-ab39-b48c9db4e1b4,4,"[0, 0, 1, 0, 1, 1, 1, 0]",6,1,1,,0.625,8
5799,9aefb438-8861-11f1-ab39-b48c9db4e1b4,4,"[0, 0, 1, 0, 1, 1, 1, 0]",7,0,0,,0.625,8
5800,9aefb438-8861-11f1-ab39-b48c9db4e1b4,5,"[0, 0, 1, 0, 0, 0, 1, 1]",0,0,0,,0.625,8
5801,9aefb438-8861-11f1-ab39-b48c9db4e1b4,5,"[0, 0, 1, 0, 0, 0, 1, 1]",1,0,0,,0.625,8
5802,9aefb438-8861-11f1-ab39-b48c9db4e1b4,5,"[0, 0, 1, 0, 0, 0, 1, 1]",2,1,1,,0.625,8
5803,9aefb438-8861-11f1-ab39-b48c9db4e1b4,5,"[0, 0, 1, 0, 0, 0, 1, 1]",3,0,0,,0.625,8
5804,9aefb438-8861-11f1-ab39-b48c9db4e1b4,5,"[0, 0, 1, 0, 0, 0, 1, 1]",4,0,0,,0.625,8
5805,9aefb438-8861-11f1-ab39-b48c9db4e1b4,5,"[0, 0, 1, 0, 0, 0, 1, 1]",5,0,0,,0.625,8
5806,9aefb438-8861-11f1-ab39-b48c9db4e1b4,5,"[0, 0, 1, 0, 0, 0, 1, 1]",6,1,1,,0.625,8
5807,9aefb438-8861-11f1-ab39-b48c9db4e1b4,5,"[0, 0, 1, 0, 0, 0, 1, 1]",7,1,1,,0.625,8
5808,9aefb438-8861-11f1-ab39-b48c9db4e1b4,6,"[1, 0, 0, 0, 1, 1, 0, 0]",0,1,1,,0.625,8
5809,9aefb438-8861-11f1-ab39-b48c9db4e1b4,6,"[1, 0, 0, 0, 1, 1, 0, 0]",1,0,0,,0.625,8
5810,9aefb438-8861-11f1-ab39-b48c9db4e1b4,6,"[1, 0, 0, 0, 1, 1, 0, 0]",2,0,0,,0.625,8
5811,9aefb438-8861-11f1-ab39-b48c9db4e1b4,6,"[1, 0, 0, 0, 1, 1, 0, 0]",3,0,0,,0.625,8
5812,9aefb438-8861-11f1-ab39-b48c9db4e1b4,6,"[1, 0, 0, 0, 1, 1, 0, 0]",4,1,1,,0.625,8
5813,9aefb438-8861-11f1-ab39-b48c9db4e1b4,6,"[1, 0, 0, 0, 1, 1, 0, 0]",5,1,1,,0.625,8
5814,9aefb438-8861-11f1-ab39-b48c9db4e1b4,6,"[1, 0, 0, 0, 1, 1, 0, 0]",6,0,0,,0.625,8
5815,9aefb438-8861-11f1-ab39-b48c9db4e1b4,6,"[1, 0, 0, 0, 1, 1, 0, 0]",7,0,0,,0.625,8
5816,9aefb438-8861-11f1-ab39-b48c9db4e1b4,7,"[1, 1, 1, 1, 1, 0, 0, 0]",0,1,1,,0.625,8
5817,9aefb438-8861-11f1-ab39-b48c9db4e1b4,7,"[1, 1, 1, 1, 1, 0, 0, 0]",1,1,1,,0.625,8
5818,9aefb438-8861-11f1-ab39-b48c9db4e1b4,7,"[1, 1, 1, 1, 1, 0, 0, 0]",2,1,1,,0.625,8
5819,9aefb438-8861-11f1-ab39-b48c9db4e1b4,7,"[1, 1, 1, 1, 1, 0, 0, 0]",3,1,1,,0.625,8
5820,9aefb438-8861-11f1-ab39-b48c9db4e1b4,7,"[1, 1, 1, 1, 1, 0, 0, 0]",4,1,1,,0.625,8
5821,9aefb438-8861-11f1-ab39-b48c9db4e1b4,7,"[1, 1, 1, 1, 1, 0, 0, 0]",5,0,0,,0.625,8
5822,9aefb438-8861-11f1-ab39-b48c9db4e1b4,7,"[1, 1, 1, 1, 1, 0, 0, 0]",6,0,0,,0.625,8
5823,9aefb438-8861-11f1-ab39-b48c9db4e1b4,7,"[1, 1, 1, 1, 1, 0, 0, 0]",7,0,0,,0.625,8
5824,9aefb438-8861-11f1-ab39-b48c9db4e1b4,8,"[1, 1, 1, 0, 0, 1, 0, 0]",0,1,1,,0.625,8
5825,9aefb438-8861-11f1-ab39-b48c9db4e1b4,8,"[1, 1, 1, 0, 0, 1, 0, 0]",1,1,1,,0.625,8
5826,9aefb438-8861-11f1-ab39-b48c9db4e1b4,8,"[1, 1, 1, 0, 0, 1, 0, 0]",2,1,1,,0.625,8
5827,9aefb438-8861-11f1-ab39-b48c9db4e1b4,8,"[1, 1, 1, 0, 0, 1, 0, 0]",3,0,0,,0.625,8
5828,9aefb438-8861-11f1-ab39-b48c9db4e1b4,8,"[1, 1, 1, 0, 0, 1, 0, 0]",4,0,0,,0.625,8
5829,9aefb438-8861-11f1-ab39-b48c9db4e1b4,8,"[1, 1, 1, 0, 0, 1, 0, 0]",5,1,1,,0.625,8
5830,9aefb438-8861-11f1-ab39-b48c9db4e1b4,8,"[1, 1, 1, 0, 0, 1, 0, 0]",6,0,0,,0.625,8
5831,9aefb438-8861-11f1-ab39-b48c9db4e1b4,8,"[1, 1, 1, 0, 0, 1, 0, 0]",7,0,0,,0.625,8
5832,9aefb438-8861-11f1-ab39-b48c9db4e1b4,9,"[1, 1, 1, 1, 0, 1, 0, 1]",0,1,-1,,0.625,8
5833,9aefb438-8861-11f1-ab39-b48c9db4e1b4,9,"[1, 1, 1, 1, 0, 1, 0, 1]",1,1,-1,,0.625,8
5834,9aefb438-8861-11f1-ab39-b48c9db4e1b4,9,"[1, 1, 1, 1, 0, 1, 0, 1]",2,1,-1,,0.625,8
5835,9aefb438-8861-11f1-ab39-b48c9db4e1b4,9,"[1, 1, 1, 1, 0, 1, 0, 1]",3,1,-1,,0.625,8
5836,9aefb438-8861-11f1-ab39-b48c9db4e1b4,9,"[1, 1, 1, 1, 0, 1, 0, 1]",4,0,0,,0.625,8
5837,9aefb438-8861-11f1-ab39-b48c9db4e1b4,9,"[1, 1, 1, 1, 0, 1, 0, 1]",5,1,-1,,0.625,8
5838,9aefb438-8861-11f1-ab39-b48c9db4e1b4,9,"[1, 1, 1, 1, 0, 1, 0, 1]",6,0,0,,0.625,8
5839,9aefb438-8861-11f1-ab39-b48c9db4e1b4,9,"[1, 1, 1, 1, 0, 1, 0, 1]",7,1,-1,,0.625,8
5840,9aefb438-8861-11f1-ab39-b48c9db4e1b4,10,"[0, 0, 0, 0, 1, 0, 0, 0]",0,0,0,,0.625,8
5841,9aefb438-8861-11f1-ab39-b48c9db4e1b4,10,"[0, 0, 0, 0, 1, 0, 0, 0]",1,0,0,,0.625,8
5842,9aefb438-8861-11f1-ab39-b48c9db4e1b4,10,"[0, 0, 0, 0, 1, 0, 0, 0]",2,0,0,,0.625,8
5843,9aefb438-8861-11f1-ab39-b48c9db4e1b4,10,"[0, 0, 0, 0, 1, 0, 0, 0]",3,0,0,,0.625,8
5844,9aefb438-8861-11f1-ab39-b48c9db4e1b4,10,"[0, 0, 0, 0, 1, 0, 0, 0]",4,1,1,,0.625,8
5845,9aefb438-8861-11f1-ab39-b48c9db4e1b4,10,"[0, 0, 0, 0, 1, 0, 0, 0]",5,0,0,,0.625,8
5846,9aefb438-8861-11f1-ab39-b48c9db4e1b4,10,"[0, 0, 0, 0, 1, 0, 0, 0]",6,0,0,,0.625,8
5847,9aefb438-8861-11f1-ab39-b48c9db4e1b4,10,"[0, 0, 0, 0, 1, 0, 0, 0]",7,0,0,,0.625,8
5848,9aefb438-8861-11f1-ab39-b48c9db4e1b4,11,"[1, 1, 0, 1, 0, 1, 0, 0]",0,1,1,,0.625,8
5849,9aefb438-8861-11f1-ab39-b48c9db4e1b4,11,"[1, 1, 0, 1, 0, 1, 0, 0]",1,1,1,,0.625,8
5850,9aefb438-8861-11f1-ab39-b48c9db4e1b4,11,"[1, 1, 0, 1, 0, 1, 0, 0]",2,0,0,,0.625,8
5851,9aefb438-8861-11f1-ab39-b48c9db4e1b4,11,"[1, 1, 0, 1, 0, 1, 0, 0]",3,1,1,,0.625,8
5852,9aefb438-8861-11f1-ab39-b48c9db4e1b4,11,"[1, 1, 0, 1, 0, 1, 0, 0]",4,0,0,,0.625,8
5853,9aefb438-8861-11f1-ab39-b48c9db4e1b4,11,"[1, 1, 0, 1, 0, 1, 0, 0]",5,1,1,,0.625,8
5854,9aefb438-8861-11f1-ab39-b48c9db4e1b4,11,"[1, 1, 0, 1, 0, 1, 0, 0]",6,0,0,,0.625,8
5855,9aefb438-8861-11f1-ab39-b48c9db4e1b4,11,"[1, 1, 0, 1, 0, 1, 0, 0]",7,0,0,,0.625,8
5856,9aefb438-8861-11f1-ab39-b48c9db4e1b4,12,"[1, 0, 1, 0, 1, 1, 1, 0]",0,1,1,,0.625,8
5857,9aefb438-8861-11f1-ab39-b48c9db4e1b4,12,"[1, 0, 1, 0, 1, 1, 1, 0]",1,0,0,,0.625,8
5858,9aefb438-8861-11f1-ab39-b48c9db4e1b4,12,"[1, 0, 1, 0, 1, 1, 1, 0]",2,1,1,,0.625,8
5859,9aefb438-8861-11f1-ab39-b48c9db4e1b4,12,"[1, 0, 1, 0, 1, 1, 1, 0]",3,0,0,,0.625,8
5860,9aefb438-8861-11f1-ab39-b48c9db4e1b4,12,"[1, 0, 1, 0, 1, 1, 1, 0]",4,1,1,,0.625,8
5861,9aefb438-8861-11f1-ab39-b48c9db4e1b4,12,"[1, 0, 1, 0, 1, 1, 1, 0]",5,1,1,,0.625,8
5862,9aefb438-8861-11f1-ab39-b48c9db4e1b4,12,"[1, 0, 1, 0, 1, 1, 1, 0]",6,1,1,,0.625,8
5863,9aefb438-8861-11f1-ab39-b48c9db4e1b4,12,"[1, 0, 1, 0, 1, 1, 1, 0]",7,0,0,,0.625,8
5864,9aefb438-8861-11f1-ab39-b48c9db4e1b4,13,"[0, 0, 1, 0, 0, 1, 1, 1]",0,0,0,,0.625,8
5865,9aefb438-8861-11f1-ab39-b48c9db4e1b4,13,"[0, 0, 1, 0, 0, 1, 1, 1]",1,0,0,,0.625,8
5866,9aefb438-8861-11f1-ab39-b48c9db4e1b4,13,"[0, 0, 1, 0, 0, 1, 1, 1]",2,1,1,,0.625,8
5867,9aefb438-8861-11f1-ab39-b48c9db4e1b4,13,"[0, 0, 1, 0, 0, 1, 1, 1]",3,0,0,,0.625,8
5868,9aefb438-8861-11f1-ab39-b48c9db4e1b4,13,"[0, 0, 1, 0, 0, 1, 1, 1]",4,0,0,,0.625,8
5869,9aefb438-8861-11f1-ab39-b48c9db4e1b4,13,"[0, 0, 1, 0, 0, 1, 1, 1]",5,1,1,,0.625,8
5870,9aefb438-8861-11f1-ab39-b48c9db4e1b4,13,"[0, 0, 1, 0, 0, 1, 1, 1]",6,1,1,,0.625,8
5871,9aefb438-8861-11f1-ab39-b48c9db4e1b4,13,"[0, 0, 1, 0, 0, 1, 1, 1]",7,1,1,,0.625,8
5872,9aefb438-8861-11f1-ab39-b48c9db4e1b4,14,"[1, 0, 0, 1, 1, 1, 1, 0]",0,1,1,,0.625,8
5873,9aefb438-8861-11f1-ab39-b48c9db4e1b4,14,"[1, 0, 0, 1, 1, 1, 1, 0]",1,0,0,,0.625,8
5874,9aefb438-8861-11f1-ab39-b48c9db4e1b4,14,"[1, 0, 0, 1, 1, 1, 1, 0]",2,0,0,,0.625,8
5875,9aefb438-8861-11f1-ab39-b48c9db4e1b4,14,"[1, 0, 0, 1, 1, 1, 1, 0]",3,1,1,,0.625,8
5876,9aefb438-8861-11f1-ab39-b48c9db4e1b4,14,"[1, 0, 0, 1, 1, 1, 1, 0]",4,1,1,,0.625,8
5877,9aefb438-8861-11f1-ab39-b48c9db4e1b4,14,"[1, 0, 0, 1, 1, 1, 1, 0]",5,1,1,,0.625,8
5878,9aefb438-8861-11f1-ab39-b48c9db4e1b4,14,"[1, 0, 0, 1, 1, 1, 1, 0]",6,1,1,,0.625,8
5879,9aefb438-8861-11f1-ab39-b48c9db4e1b4,14,"[1, 0, 0, 1, 1, 1, 1, 0]",7,0,0,,0.625,8
5880,9aefb438-8861-11f1-ab39-b48c9db4e1b4,15,"[0, 0, 1, 1, 0, 1, 1, 0]",0,0,0,,0.625,8
5881,9aefb438-8861-11f1-ab39-b48c9db4e1b4,15,"[0, 0, 1, 1, 0, 1, 1, 0]",1,0,0,,0.625,8
5882,9aefb438-8861-11f1-ab39-b48c9db4e1b4,15,"[0, 0, 1, 1, 0, 1, 1, 0]",2,1,1,,0.625,8
5883,9aefb438-8861-11f1-ab39-b48c9db4e1b4,15,"[0, 0, 1, 1, 0, 1, 1, 0]",3,1,1,,0.625,8
5884,9aefb438-8861-11f1-ab39-b48c9db4e1b4,15,"[0, 0, 1, 1, 0, 1, 1, 0]",4,0,0,,0.625,8
5885,9aefb438-8861-11f1-ab39-b48c9db4e1b4,15,"[0, 0, 1, 1, 0, 1, 1, 0]",5,1,1,,0.625,8
5886,9aefb438-8861-11f1-ab39-b48c9db4e1b4,15,"[0, 0, 1, 1, 0, 1, 1, 0]",6,1,1,,0.625,8
5887,9aefb438-8861-11f1-ab39-b48c9db4e1b4,15,"[0, 0, 1, 1, 0, 1, 1, 0]",7,0,0,,0.625,8
5888,9aefb438-8861-11f1-ab39-b48c9db4e1b4,16,"[1, 0, 1, 1, 1, 1, 0, 0]",0,1,1,,0.625,8
5889,9aefb438-8861-11f1-ab39-b48c9db4e1b4,16,"[1, 0, 1, 1, 1, 1, 0, 0]",1,0,0,,0.625,8
5890,9aefb438-8861-11f1-ab39-b48c9db4e1b4,16,"[1, 0, 1, 1, 1, 1, 0, 0]",2,1,1,,0.625,8
5891,9aefb438-8861-11f1-ab39-b48c9db4e1b4,16,"[1, 0, 1, 1, 1, 1, 0, 0]",3,1,1,,0.625,8
5892,9aefb438-8861-11f1-ab39-b48c9db4e1b4,16,"[1, 0, 1, 1, 1, 1, 0, 0]",4,1,1,,0.625,8
5893,9aefb438-8861-11f1-ab39-b48c9db4e1b4,16,"[1, 0, 1, 1, 1, 1, 0, 0]",5,1,1,,0.625,8
5894,9aefb438-8861-11f1-ab39-b48c9db4e1b4,16,"[1, 0, 1, 1, 1, 1, 0, 0]",6,0,0,,0.625,8
5895,9aefb438-8861-11f1-ab39-b48c9db4e1b4,16,"[1, 0, 1, 1, 1, 1, 0, 0]",7,0,0,,0.625,8
5896,9aefb438-8861-11f1-ab39-b48c9db4e1b4,17,"[0, 1, 1, 0, 1, 1, 1, 0]",0,0,0,,0.625,8
5897,9aefb438-8861-11f1-ab39-b48c9db4e1b4,17,"[0, 1, 1, 0, 1, 1, 1, 0]",1,1,1,,0.625,8
5898,9aefb438-8861-11f1-ab39-b48c9db4e1b4,17,"[0, 1, 1, 0, 1, 1, 1, 0]",2,1,1,,0.625,8
5899,9aefb438-8861-11f1-ab39-b48c9db4e1b4,17,"[0, 1, 1, 0, 1, 1, 1, 0]",3,0,0,,0.625,8
5900,9aefb438-8861-11f1-ab39-b48c9db4e1b4,17,"[0, 1, 1, 0, 1, 1, 1, 0]",4,1,1,,0.625,8
5901,9aefb438-8861-11f1-ab39-b48c9db4e1b4,17,"[0, 1, 1, 0, 1, 1, 1, 0]",5,1,1,,0.625,8
5902,9aefb438-8861-11f1-ab39-b48c9db4e1b4,17,"[0, 1, 1, 0, 1, 1, 1, 0]",6,1,1,,0.625,8
5903,9aefb438-8861-11f1-ab39-b48c9db4e1b4,17,"[0, 1, 1, 0, 1, 1, 1, 0]",7,0,0,,0.625,8
5904,9aefb438-8861-11f1-ab39-b48c9db4e1b4,18,"[0, 0, 1, 0, 1, 1, 0, 0]",0,0,0,,0.625,8
5905,9aefb438-8861-11f1-ab39-b48c9db4e1b4,18,"[0, 0, 1, 0, 1, 1, 0, 0]",1,0,0,,0.625,8
5906,9aefb438-8861-11f1-ab39-b48c9db4e1b4,18,"[0, 0, 1, 0, 1, 1, 0, 0]",2,1,1,,0.625,8
5907,9aefb438-8861-11f1-ab39-b48c9db4e1b4,18,"[0, 0, 1, 0, 1, 1, 0, 0]",3,0,0,,0.625,8
5908,9aefb438-8861-11f1-ab39-b48c9db4e1b4,18,"[0, 0, 1, 0, 1, 1, 0, 0]",4,1,1,,0.625,8
5909,9aefb438-8861-11f1-ab39-b48c9db4e1b4,18,"[0, 0, 1, 0, 1, 1, 0, 0]",5,1,1,,0.625,8
5910,9aefb438-8861-11f1-ab39-b48c9db4e1b4,18,"[0, 0, 1, 0, 1, 1, 0, 0]",6,0,0,,0.625,8
5911,9aefb438-8861-11f1-ab39-b48c9db4e1b4,18,"[0, 0, 1, 0, 1, 1, 0, 0]",7,0,0,,0.625,8
5912,9aefb438-8861-11f1-ab39-b48c9db4e1b4,19,"[0, 1, 1, 0, 0, 0, 1, 1]",0,0,0,,0.625,8
5913,9aefb438-8861-11f1-ab39-b48c9db4e1b4,19,"[0, 1, 1, 0, 0, 0, 1, 1]",1,1,1,,0.625,8
5914,9aefb438-8861-11f1-ab39-b48c9db4e1b4,19,"[0, 1, 1, 0, 0, 0, 1, 1]",2,1,1,,0.625,8
5915,9aefb438-8861-11f1-ab39-b48c9db4e1b4,19,"[0, 1, 1, 0, 0, 0, 1, 1]",3,0,0,,0.625,8
5916,9aefb438-8861-11f1-ab39-b48c9db4e1b4,19,"[0, 1, 1, 0, 0, 0, 1, 1]",4,0,0,,0.625,8
5917,9aefb438-8861-11f1-ab39-b48c9db4e1b4,19,"[0, 1, 1, 0, 0, 0, 1, 1]",5,0,0,,0.625,8
5918,9aefb438-8861-11f1-ab39-b48c9db4e1b4,19,"[0, 1, 1, 0, 0, 0, 1, 1]",6,1,1,,0.625,8
5919,9aefb438-8861-11f1-ab39-b48c9db4e1b4,19,"[0, 1, 1, 0, 0, 0, 1, 1]",7,1,1,,0.625,8
5920,9af2ada9-8861-11f1-8ebe-b48c9db4e1b4,0,"[1, 1, 1, 1, 1, 1, 1, 1]",0,1,-1,,0.625,8
5921,9af2ada9-8861-11f1-8ebe-b48c9db4e1b4,0,"[1, 1, 1, 1, 1, 1, 1, 1]",1,1,-1,,0.625,8
5922,9af2ada9-8861-11f1-8ebe-b48c9db4e1b4,0,"[1, 1, 1, 1, 1, 1, 1, 1]",2,1,-1,,0.625,8
5923,9af2ada9-8861-11f1-8ebe-b48c9db4e1b4,0,"[1, 1, 1, 1, 1, 1, 1, 1]",3,1,-1,,0.625,8
5924,9af2ada9-8861-11f1-8ebe-b48c9db4e1b4,0,"[1, 1, 1, 1, 1, 1, 1, 1]",4,1,-1,,0.625,8
5925,9af2ada9-8861-11f1-8ebe-b48c9db4e1b4,0,"[1, 1, 1, 1, 1, 1, 1, 1]",5,1,-1,,0.625,8
5926,9af2ada9-8861-11f1-8ebe-b48c9db4e1b4,0,"[1, 1, 1, 1, 1, 1, 1, 1]",6,1,-1,,0.625,8
5927,9af2ada9-8861-11f1-8ebe-b48c9db4e1b4,0,"[1, 1, 1, 1, 1, 1, 1, 1]",7,1,-1,,0.625,8
5928,9af2ada9-8861-11f1-8ebe-b48c9db4e1b4,1,"[0, 0, 0, 0, 1, 1, 1, 0]",0,0,0,,0.625,8
5929,9af2ada9-8861-11f1-8ebe-b48c9db4e1b4,1,"[0, 0, 0, 0, 1, 1, 1, 0]",1,0,0,,0.625,8
5930,9af2ada9-8861-11f1-8ebe-b48c9db4e1b4,1,"[0, 0, 0, 0, 1, 1, 1, 0]",2,0,0,,0.625,8
5931,9af2ada9-8861-11f1-8ebe-b48c9db4e1b4,1,"[0, 0, 0, 0, 1, 1, 1, 0]",3,0,0,,0.625,8
5932,9af2ada9-8861-11f1-8ebe-b48c9db4e1b4,1,"[0, 0, 0, 0, 1, 1, 1, 0]",4,1,1,,0.625,8
5933,9af2ada9-8861-11f1-8ebe-b48c9db4e1b4,1,"[0, 0, 0, 0, 1, 1, 1, 0]",5,1,1,,0.625,8
5934,9af2ada9-8861-11f1-8ebe-b48c9db4e1b4,1,"[0, 0, 0, 0, 1, 1, 1, 0]",6,1,1,,0.625,8
5935,9af2ada9-8861-11f1-8ebe-b48c9db4e1b4,1,"[0, 0, 0, 0, 1, 1, 1, 0]",7,0,0,,0.625,8
5936,9af2ada9-8861-11f1-8ebe-b48c9db4e1b4,2,"[0, 0, 1, 0, 0, 1, 0, 0]",0,0,0,,0.625,8
5937,9af2ada9-8861-11f1-8ebe-b48c9db4e1b4,2,"[0, 0, 1, 0, 0, 1, 0, 0]",1,0,0,,0.625,8
5938,9af2ada9-8861-11f1-8ebe-b48c9db4e1b4,2,"[0, 0, 1, 0, 0, 1, 0, 0]",2,1,1,,0.625,8
5939,9af2ada9-8861-11f1-8ebe-b48c9db4e1b4,2,"[0, 0, 1, 0, 0, 1, 0, 0]",3,0,0,,0.625,8
5940,9af2ada9-8861-11f1-8ebe-b48c9db4e1b4,2,"[0, 0, 1, 0, 0, 1, 0, 0]",4,0,0,,0.625,8
5941,9af2ada9-8861-11f1-8ebe-b48c9db4e1b4,2,"[0, 0, 1, 0, 0, 1, 0, 0]",5,1,1,,0.625,8
5942,9af2ada9-8861-11f1-8ebe-b48c9db4e1b4,2,"[0, 0, 1, 0, 0, 1, 0, 0]",6,0,0,,0.625,8
5943,9af2ada9-8861-11f1-8ebe-b48c9db4e1b4,2,"[0, 0, 1, 0, 0, 1, 0, 0]",7,0,0,,0.625,8
5944,9af2ada9-8861-11f1-8ebe-b48c9db4e1b4,3,"[0, 1, 0, 1, 0, 1, 1, 1]",0,0,0,,0.625,8
5945,9af2ada9-8861-11f1-8ebe-b48c9db4e1b4,3,"[0, 1, 0, 1, 0, 1, 1, 1]",1,1,1,,0.625,8
5946,9af2ada9-8861-11f1-8ebe-b48c9db4e1b4,3,"[0, 1, 0, 1, 0, 1, 1, 1]",2,0,0,,0.625,8
5947,9af2ada9-8861-11f1-8ebe-b48c9db4e1b4,3,"[0, 1, 0, 1, 0, 1, 1, 1]",3,1,1,,0.625,8
5948,9af2ada9-8861-11f1-8ebe-b48c9db4e1b4,3,"[0, 1, 0, 1, 0, 1, 1, 1]",4,0,0,,0.625,8
5949,9af2ada9-8861-11f1-8ebe-b48c9db4e1b4,3,"[0, 1, 0, 1, 0, 1, 1, 1]",5,1,1,,0.625,8
5950,9af2ada9-8861-11f1-8ebe-b48c9db4e1b4,3,"[0, 1, 0, 1, 0, 1, 1, 1]",6,1,1,,0.625,8
5951,9af2ada9-8861-11f1-8ebe-b48c9db4e1b4,3,"[0, 1, 0, 1, 0, 1, 1, 1]",7,1,1,,0.625,8
5952,9af2ada9-8861-11f1-8ebe-b48c9db4e1b4,4,"[1, 0, 1, 1, 1, 1, 0, 1]",0,1,-1,,0.625,8
5953,9af2ada9-8861-11f1-8ebe-b48c9db4e1b4,4,"[1, 0, 1, 1, 1, 1, 0, 1]",1,0,0,,0.625,8
5954,9af2ada9-8861-11f1-8ebe-b48c9db4e1b4,4,"[1, 0, 1, 1, 1, 1, 0, 1]",2,1,-1,,0.625,8
5955,9af2ada9-8861-11f1-8ebe-b48c9db4e1b4,4,"[1, 0, 1, 1, 1, 1, 0, 1]",3,1,-1,,0.625,8
5956,9af2ada9-8861-11f1-8ebe-b48c9db4e1b4,4,"[1, 0, 1, 1, 1, 1, 0, 1]",4,1,-1,,0.625,8
5957,9af2ada9-8861-11f1-8ebe-b48c9db4e1b4,4,"[1, 0, 1, 1, 1, 1, 0, 1]",5,1,-1,,0.625,8
5958,9af2ada9-8861-11f1-8ebe-b48c9db4e1b4,4,"[1, 0, 1, 1, 1, 1, 0, 1]",6,0,0,,0.625,8
5959,9af2ada9-8861-11f1-8ebe-b48c9db4e1b4,4,"[1, 0, 1, 1, 1, 1, 0, 1]",7,1,-1,,0.625,8
5960,9af2ada9-8861-11f1-8ebe-b48c9db4e1b4,5,"[0, 1, 0, 1, 1, 0, 1, 0]",0,0,0,,0.625,8
5961,9af2ada9-8861-11f1-8ebe-b48c9db4e1b4,5,"[0, 1, 0, 1, 1, 0, 1, 0]",1,1,1,,0.625,8
5962,9af2ada9-8861-11f1-8ebe-b48c9db4e1b4,5,"[0, 1, 0, 1, 1, 0, 1, 0]",2,0,0,,0.625,8
5963,9af2ada9-8861-11f1-8ebe-b48c9db4e1b4,5,"[0, 1, 0, 1, 1, 0, 1, 0]",3,1,1,,0.625,8
5964,9af2ada9-8861-11f1-8ebe-b48c9db4e1b4,5,"[0, 1, 0, 1, 1, 0, 1, 0]",4,1,1,,0.625,8
5965,9af2ada9-8861-11f1-8ebe-b48c9db4e1b4,5,"[0, 1, 0, 1, 1, 0, 1, 0]",5,0,0,,0.625,8
5966,9af2ada9-8861-11f1-8ebe-b48c9db4e1b4,5,"[0, 1, 0, 1, 1, 0, 1, 0]",6,1,1,,0.625,8
5967,9af2ada9-8861-11f1-8ebe-b48c9db4e1b4,5,"[0, 1, 0, 1, 1, 0, 1, 0]",7,0,0,,0.625,8
5968,9af2ada9-8861-11f1-8ebe-b48c9db4e1b4,6,"[0, 0, 1, 0, 1, 0, 1, 0]",0,0,0,,0.625,8
5969,9af2ada9-8861-11f1-8ebe-b48c9db4e1b4,6,"[0, 0, 1, 0, 1, 0, 1, 0]",1,0,0,,0.625,8
5970,9af2ada9-8861-11f1-8ebe-b48c9db4e1b4,6,"[0, 0, 1, 0, 1, 0, 1, 0]",2,1,1,,0.625,8
5971,9af2ada9-8861-11f1-8ebe-b48c9db4e1b4,6,"[0, 0, 1, 0, 1, 0, 1, 0]",3,0,0,,0.625,8
5972,9af2ada9-8861-11f1-8ebe-b48c9db4e1b4,6,"[0, 0, 1, 0, 1, 0, 1, 0]",4,1,1,,0.625,8
5973,9af2ada9-8861-11f1-8ebe-b48c9db4e1b4,6,"[0, 0, 1, 0, 1, 0, 1, 0]",5,0,0,,0.625,8
5974,9af2ada9-8861-11f1-8ebe-b48c9db4e1b4,6,"[0, 0, 1, 0, 1, 0, 1, 0]",6,1,1,,0.625,8
5975,9af2ada9-8861-11f1-8ebe-b48c9db4e1b4,6,"[0, 0, 1, 0, 1, 0, 1, 0]",7,0,0,,0.625,8
5976,9af2ada9-8861-11f1-8ebe-b48c9db4e1b4,7,"[0, 0, 1, 1, 1, 0, 1, 1]",0,0,0,,0.625,8
5977,9af2ada9-8861-11f1-8ebe-b48c9db4e1b4,7,"[0, 0, 1, 1, 1, 0, 1, 1]",1,0,0,,0.625,8
5978,9af2ada9-8861-11f1-8ebe-b48c9db4e1b4,7,"[0, 0, 1, 1, 1, 0, 1, 1]",2,1,1,,0.625,8
5979,9af2ada9-8861-11f1-8ebe-b48c9db4e1b4,7,"[0, 0, 1, 1, 1, 0, 1, 1]",3,1,1,,0.625,8
5980,9af2ada9-8861-11f1-8ebe-b48c9db4e1b4,7,"[0, 0, 1, 1, 1, 0, 1, 1]",4,1,1,,0.625,8
5981,9af2ada9-8861-11f1-8ebe-b48c9db4e1b4,7,"[0, 0, 1, 1, 1, 0, 1, 1]",5,0,0,,0.625,8
5982,9af2ada9-8861-11f1-8ebe-b48c9db4e1b4,7,"[0, 0, 1, 1, 1, 0, 1, 1]",6,1,1,,0.625,8
5983,9af2ada9-8861-11f1-8ebe-b48c9db4e1b4,7,"[0, 0, 1, 1, 1, 0, 1, 1]",7,1,1,,0.625,8
5984,9af2ada9-8861-11f1-8ebe-b48c9db4e1b4,8,"[1, 0, 0, 0, 1, 1, 0, 0]",0,1,1,,0.625,8
5985,9af2ada9-8861-11f1-8ebe-b48c9db4e1b4,8,"[1, 0, 0, 0, 1, 1, 0, 0]",1,0,0,,0.625,8
5986,9af2ada9-8861-11f1-8ebe-b48c9db4e1b4,8,"[1, 0, 0, 0, 1, 1, 0, 0]",2,0,0,,0.625,8
5987,9af2ada9-8861-11f1-8ebe-b48c9db4e1b4,8,"[1, 0, 0, 0, 1, 1, 0, 0]",3,0,0,,0.625,8
5988,9af2ada9-8861-11f1-8ebe-b48c9db4e1b4,8,"[1, 0, 0, 0, 1, 1, 0, 0]",4,1,1,,0.625,8
5989,9af2ada9-8861-11f1-8ebe-b48c9db4e1b4,8,"[1, 0, 0, 0, 1, 1, 0, 0]",5,1,1,,0.625,8
5990,9af2ada9-8861-11f1-8ebe-b48c9db4e1b4,8,"[1, 0, 0, 0, 1, 1, 0, 0]",6,0,0,,0.625,8
5991,9af2ada9-8861-11f1-8ebe-b48c9db4e1b4,8,"[1, 0, 0, 0, 1, 1, 0, 0]",7,0,0,,0.625,8
5992,9af2ada9-8861-11f1-8ebe-b48c9db4e1b4,9,"[0, 1, 0, 0, 1, 1, 1, 1]",0,0,0,,0.625,8
5993,9af2ada9-8861-11f1-8ebe-b48c9db4e1b4,9,"[0, 1, 0, 0, 1, 1, 1, 1]",1,1,1,,0.625,8
5994,9af2ada9-8861-11f1-8ebe-b48c9db4e1b4,9,"[0, 1, 0, 0, 1, 1, 1, 1]",2,0,0,,0.625,8
5995,9af2ada9-8861-11f1-8ebe-b48c9db4e1b4,9,"[0, 1, 0, 0, 1, 1, 1, 1]",3,0,0,,0.625,8
5996,9af2ada9-8861-11f1-8ebe-b48c9db4e1b4,9,"[0, 1, 0, 0, 1, 1, 1, 1]",4,1,1,,0.625,8
5997,9af2ada9-8861-11f1-8ebe-b48c9db4e1b4,9,"[0, 1, 0, 0, 1, 1, 1, 1]",5,1,1,,0.625,8
5998,9af2ada9-8861-11f1-8ebe-b48c9db4e1b4,9,"[0, 1, 0, 0, 1, 1, 1, 1]",6,1,1,,0.625,8
5999,9af2ada9-8861-11f1-8ebe-b48c9db4e1b4,9,"[0, 1, 0, 0, 1, 1, 1, 1]",7,1,1,,0.625,8
6000,9af2ada9-8861-11f1-8ebe-b48c9db4e1b4,10,"[0, 0, 1, 0, 1, 1, 0, 1]",0,0,0,,0.625,8
6001,9af2ada9-8861-11f1-8ebe-b48c9db4e1b4,10,"[0, 0, 1, 0, 1, 1, 0, 1]",1,0,0,,0.625,8
6002,9af2ada9-8861-11f1-8ebe-b48c9db4e1b4,10,"[0, 0, 1, 0, 1, 1, 0, 1]",2,1,1,,0.625,8
6003,9af2ada9-8861-11f1-8ebe-b48c9db4e1b4,10,"[0, 0, 1, 0, 1, 1, 0, 1]",3,0,0,,0.625,8
6004,9af2ada9-8861-11f1-8ebe-b48c9db4e1b4,10,"[0, 0, 1, 0, 1, 1, 0, 1]",4,1,1,,0.625,8
6005,9af2ada9-8861-11f1-8ebe-b48c9db4e1b4,10,"[0, 0, 1, 0, 1, 1, 0, 1]",5,1,1,,0.625,8
6006,9af2ada9-8861-11f1-8ebe-b48c9db4e1b4,10,"[0, 0, 1, 0, 1, 1, 0, 1]",6,0,0,,0.625,8
6007,9af2ada9-8861-11f1-8ebe-b48c9db4e1b4,10,"[0, 0, 1, 0, 1, 1, 0, 1]",7,1,1,,0.625,8
6008,9af2ada9-8861-11f1-8ebe-b48c9db4e1b4,11,"[1, 0, 0, 1, 0, 1, 0, 0]",0,1,1,,0.625,8
6009,9af2ada9-8861-11f1-8ebe-b48c9db4e1b4,11,"[1, 0, 0, 1, 0, 1, 0, 0]",1,0,0,,0.625,8
6010,9af2ada9-8861-11f1-8ebe-b48c9db4e1b4,11,"[1, 0, 0, 1, 0, 1, 0, 0]",2,0,0,,0.625,8
6011,9af2ada9-8861-11f1-8ebe-b48c9db4e1b4,11,"[1, 0, 0, 1, 0, 1, 0, 0]",3,1,1,,0.625,8
6012,9af2ada9-8861-11f1-8ebe-b48c9db4e1b4,11,"[1, 0, 0, 1, 0, 1, 0, 0]",4,0,0,,0.625,8
6013,9af2ada9-8861-11f1-8ebe-b48c9db4e1b4,11,"[1, 0, 0, 1, 0, 1, 0, 0]",5,1,1,,0.625,8
6014,9af2ada9-8861-11f1-8ebe-b48c9db4e1b4,11,"[1, 0, 0, 1, 0, 1, 0, 0]",6,0,0,,0.625,8
6015,9af2ada9-8861-11f1-8ebe-b48c9db4e1b4,11,"[1, 0, 0, 1, 0, 1, 0, 0]",7,0,0,,0.625,8
6016,9af2ada9-8861-11f1-8ebe-b48c9db4e1b4,12,"[1, 1, 0, 0, 0, 0, 0, 0]",0,1,1,,0.625,8
6017,9af2ada9-8861-11f1-8ebe-b48c9db4e1b4,12,"[1, 1, 0, 0, 0, 0, 0, 0]",1,1,1,,0.625,8
6018,9af2ada9-8861-11f1-8ebe-b48c9db4e1b4,12,"[1, 1, 0, 0, 0, 0, 0, 0]",2,0,0,,0.625,8
6019,9af2ada9-8861-11f1-8ebe-b48c9db4e1b4,12,"[1, 1, 0, 0, 0, 0, 0, 0]",3,0,0,,0.625,8
6020,9af2ada9-8861-11f1-8ebe-b48c9db4e1b4,12,"[1, 1, 0, 0, 0, 0, 0, 0]",4,0,0,,0.625,8
6021,9af2ada9-8861-11f1-8ebe-b48c9db4e1b4,12,"[1, 1, 0, 0, 0, 0, 0, 0]",5,0,0,,0.625,8
6022,9af2ada9-8861-11f1-8ebe-b48c9db4e1b4,12,"[1, 1, 0, 0, 0, 0, 0, 0]",6,0,0,,0.625,8
6023,9af2ada9-8861-11f1-8ebe-b48c9db4e1b4,12,"[1, 1, 0, 0, 0, 0, 0, 0]",7,0,0,,0.625,8
6024,9af2ada9-8861-11f1-8ebe-b48c9db4e1b4,13,"[0, 1, 0, 0, 0, 0, 0, 1]",0,0,0,,0.625,8
6025,9af2ada9-8861-11f1-8ebe-b48c9db4e1b4,13,"[0, 1, 0, 0, 0, 0, 0, 1]",1,1,1,,0.625,8
6026,9af2ada9-8861-11f1-8ebe-b48c9db4e1b4,13,"[0, 1, 0, 0, 0, 0, 0, 1]",2,0,0,,0.625,8
6027,9af2ada9-8861-11f1-8ebe-b48c9db4e1b4,13,"[0, 1, 0, 0, 0, 0, 0, 1]",3,0,0,,0.625,8
6028,9af2ada9-8861-11f1-8ebe-b48c9db4e1b4,13,"[0, 1, 0, 0, 0, 0, 0, 1]",4,0,0,,0.625,8
6029,9af2ada9-8861-11f1-8ebe-b48c9db4e1b4,13,"[0, 1, 0, 0, 0, 0, 0, 1]",5,0,0,,0.625,8
6030,9af2ada9-8861-11f1-8ebe-b48c9db4e1b4,13,"[0, 1, 0, 0, 0, 0, 0, 1]",6,0,0,,0.625,8
6031,9af2ada9-8861-11f1-8ebe-b48c9db4e1b4,13,"[0, 1, 0, 0, 0, 0, 0, 1]",7,1,1,,0.625,8
6032,9af2ada9-8861-11f1-8ebe-b48c9db4e1b4,14,"[0, 1, 1, 0, 1, 0, 1, 1]",0,0,0,,0.625,8
6033,9af2ada9-8861-11f1-8ebe-b48c9db4e1b4,14,"[0, 1, 1, 0, 1, 0, 1, 1]",1,1,1,,0.625,8
6034,9af2ada9-8861-11f1-8ebe-b48c9db4e1b4,14,"[0, 1, 1, 0, 1, 0, 1, 1]",2,1,1,,0.625,8
6035,9af2ada9-8861-11f1-8ebe-b48c9db4e1b4,14,"[0, 1, 1, 0, 1, 0, 1, 1]",3,0,0,,0.625,8
6036,9af2ada9-8861-11f1-8ebe-b48c9db4e1b4,14,"[0, 1, 1, 0, 1, 0, 1, 1]",4,1,1,,0.625,8
6037,9af2ada9-8861-11f1-8ebe-b48c9db4e1b4,14,"[0, 1, 1, 0, 1, 0, 1, 1]",5,0,0,,0.625,8
6038,9af2ada9-8861-11f1-8ebe-b48c9db4e1b4,14,"[0, 1, 1, 0, 1, 0, 1, 1]",6,1,1,,0.625,8
6039,9af2ada9-8861-11f1-8ebe-b48c9db4e1b4,14,"[0, 1, 1, 0, 1, 0, 1, 1]",7,1,1,,0.625,8
6040,9af2ada9-8861-11f1-8ebe-b48c9db4e1b4,15,"[0, 0, 1, 0, 1, 1, 0, 0]",0,0,0,,0.625,8
6041,9af2ada9-8861-11f1-8ebe-b48c9db4e1b4,15,"[0, 0, 1, 0, 1, 1, 0, 0]",1,0,0,,0.625,8
6042,9af2ada9-8861-11f1-8ebe-b48c9db4e1b4,15,"[0, 0, 1, 0, 1, 1, 0, 0]",2,1,1,,0.625,8
6043,9af2ada9-8861-11f1-8ebe-b48c9db4e1b4,15,"[0, 0, 1, 0, 1, 1, 0, 0]",3,0,0,,0.625,8
6044,9af2ada9-8861-11f1-8ebe-b48c9db4e1b4,15,"[0, 0, 1, 0, 1, 1, 0, 0]",4,1,1,,0.625,8
6045,9af2ada9-8861-11f1-8ebe-b48c9db4e1b4,15,"[0, 0, 1, 0, 1, 1, 0, 0]",5,1,1,,0.625,8
6046,9af2ada9-8861-11f1-8ebe-b48c9db4e1b4,15,"[0, 0, 1, 0, 1, 1, 0, 0]",6,0,0,,0.625,8
6047,9af2ada9-8861-11f1-8ebe-b48c9db4e1b4,15,"[0, 0, 1, 0, 1, 1, 0, 0]",7,0,0,,0.625,8
6048,9af2ada9-8861-11f1-8ebe-b48c9db4e1b4,16,"[0, 1, 0, 1, 0, 1, 0, 1]",0,0,0,,0.625,8
6049,9af2ada9-8861-11f1-8ebe-b48c9db4e1b4,16,"[0, 1, 0, 1, 0, 1, 0, 1]",1,1,1,,0.625,8
6050,9af2ada9-8861-11f1-8ebe-b48c9db4e1b4,16,"[0, 1, 0, 1, 0, 1, 0, 1]",2,0,0,,0.625,8
6051,9af2ada9-8861-11f1-8ebe-b48c9db4e1b4,16,"[0, 1, 0, 1, 0, 1, 0, 1]",3,1,1,,0.625,8
6052,9af2ada9-8861-11f1-8ebe-b48c9db4e1b4,16,"[0, 1, 0, 1, 0, 1, 0, 1]",4,0,0,,0.625,8
6053,9af2ada9-8861-11f1-8ebe-b48c9db4e1b4,16,"[0, 1, 0, 1, 0, 1, 0, 1]",5,1,1,,0.625,8
6054,9af2ada9-8861-11f1-8ebe-b48c9db4e1b4,16,"[0, 1, 0, 1, 0, 1, 0, 1]",6,0,0,,0.625,8
6055,9af2ada9-8861-11f1-8ebe-b48c9db4e1b4,16,"[0, 1, 0, 1, 0, 1, 0, 1]",7,1,1,,0.625,8
6056,9af2ada9-8861-11f1-8ebe-b48c9db4e1b4,17,"[1, 1, 1, 1, 1, 1, 1, 1]",0,1,-1,,0.625,8
6057,9af2ada9-8861-11f1-8ebe-b48c9db4e1b4,17,"[1, 1, 1, 1, 1, 1, 1, 1]",1,1,-1,,0.625,8
6058,9af2ada9-8861-11f1-8ebe-b48c9db4e1b4,17,"[1, 1, 1, 1, 1, 1, 1, 1]",2,1,-1,,0.625,8
6059,9af2ada9-8861-11f1-8ebe-b48c9db4e1b4,17,"[1, 1, 1, 1, 1, 1, 1, 1]",3,1,-1,,0.625,8
6060,9af2ada9-8861-11f1-8ebe-b48c9db4e1b4,17,"[1, 1, 1, 1, 1, 1, 1, 1]",4,1,-1,,0.625,8
6061,9af2ada9-8861-11f1-8ebe-b48c9db4e1b4,17,"[1, 1, 1, 1, 1, 1, 1, 1]",5,1,-1,,0.625,8
6062,9af2ada9-8861-11f1-8ebe-b48c9db4e1b4,17,"[1, 1, 1, 1, 1, 1, 1, 1]",6,1,-1,,0.625,8
6063,9af2ada9-8861-11f1-8ebe-b48c9db4e1b4,17,"[1, 1, 1, 1, 1, 1, 1, 1]",7,1,-1,,0.625,8
6064,9af2ada9-8861-11f1-8ebe-b48c9db4e1b4,18,"[0, 1, 0, 0, 0, 1, 1, 0]",0,0,0,,0.625,8
6065,9af2ada9-8861-11f1-8ebe-b48c9db4e1b4,18,"[0, 1, 0, 0, 0, 1, 1, 0]",1,1,1,,0.625,8
6066,9af2ada9-8861-11f1-8ebe-b48c9db4e1b4,18,"[0, 1, 0, 0, 0, 1, 1, 0]",2,0,0,,0.625,8
6067,9af2ada9-8861-11f1-8ebe-b48c9db4e1b4,18,"[0, 1, 0, 0, 0, 1, 1, 0]",3,0,0,,0.625,8
6068,9af2ada9-8861-11f1-8ebe-b48c9db4e1b4,18,"[0, 1, 0, 0, 0, 1, 1, 0]",4,0,0,,0.625,8
6069,9af2ada9-8861-11f1-8ebe-b48c9db4e1b4,18,"[0, 1, 0, 0, 0, 1, 1, 0]",5,1,1,,0.625,8
6070,9af2ada9-8861-11f1-8ebe-b48c9db4e1b4,18,"[0, 1, 0, 0, 0, 1, 1, 0]",6,1,1,,0.625,8
6071,9af2ada9-8861-11f1-8ebe-b48c9db4e1b4,18,"[0, 1, 0, 0, 0, 1, 1, 0]",7,0,0,,0.625,8
6072,9af2ada9-8861-11f1-8ebe-b48c9db4e1b4,19,"[1, 1, 0, 1, 1, 0, 1, 0]",0,1,1,,0.625,8
6073,9af2ada9-8861-11f1-8ebe-b48c9db4e1b4,19,"[1, 1, 0, 1, 1, 0, 1, 0]",1,1,1,,0.625,8
6074,9af2ada9-8861-11f1-8ebe-b48c9db4e1b4,19,"[1, 1, 0, 1, 1, 0, 1, 0]",2,0,0,,0.625,8
6075,9af2ada9-8861-11f1-8ebe-b48c9db4e1b4,19,"[1, 1, 0, 1, 1, 0, 1, 0]",3,1,1,,0.625,8
6076,9af2ada9-8861-11f1-8ebe-b48c9db4e1b4,19,"[1, 1, 0, 1, 1, 0, 1, 0]",4,1,1,,0.625,8
6077,9af2ada9-8861-11f1-8ebe-b48c9db4e1b4,19,"[1, 1, 0, 1, 1, 0, 1, 0]",5,0,0,,0.625,8
6078,9af2ada9-8861-11f1-8ebe-b48c9db4e1b4,19,"[1, 1, 0, 1, 1, 0, 1, 0]",6,1,1,,0.625,8
6079,9af2ada9-8861-11f1-8ebe-b48c9db4e1b4,19,"[1, 1, 0, 1, 1, 0, 1, 0]",7,0,0,,0.625,8
6080,9af58022-8861-11f1-a5a3-b48c9db4e1b4,0,"[0, 1, 0, 1, 1, 1, 1, 0]",0,0,0,,0.625,8
6081,9af58022-8861-11f1-a5a3-b48c9db4e1b4,0,"[0, 1, 0, 1, 1, 1, 1, 0]",1,1,1,,0.625,8
6082,9af58022-8861-11f1-a5a3-b48c9db4e1b4,0,"[0, 1, 0, 1, 1, 1, 1, 0]",2,0,0,,0.625,8
6083,9af58022-8861-11f1-a5a3-b48c9db4e1b4,0,"[0, 1, 0, 1, 1, 1, 1, 0]",3,1,1,,0.625,8
6084,9af58022-8861-11f1-a5a3-b48c9db4e1b4,0,"[0, 1, 0, 1, 1, 1, 1, 0]",4,1,1,,0.625,8
6085,9af58022-8861-11f1-a5a3-b48c9db4e1b4,0,"[0, 1, 0, 1, 1, 1, 1, 0]",5,1,1,,0.625,8
6086,9af58022-8861-11f1-a5a3-b48c9db4e1b4,0,"[0, 1, 0, 1, 1, 1, 1, 0]",6,1,1,,0.625,8
6087,9af58022-8861-11f1-a5a3-b48c9db4e1b4,0,"[0, 1, 0, 1, 1, 1, 1, 0]",7,0,0,,0.625,8
6088,9af58022-8861-11f1-a5a3-b48c9db4e1b4,1,"[1, 0, 1, 0, 0, 0, 1, 1]",0,1,1,,0.625,8
6089,9af58022-8861-11f1-a5a3-b48c9db4e1b4,1,"[1, 0, 1, 0, 0, 0, 1, 1]",1,0,0,,0.625,8
6090,9af58022-8861-11f1-a5a3-b48c9db4e1b4,1,"[1, 0, 1, 0, 0, 0, 1, 1]",2,1,1,,0.625,8
6091,9af58022-8861-11f1-a5a3-b48c9db4e1b4,1,"[1, 0, 1, 0, 0, 0, 1, 1]",3,0,0,,0.625,8
6092,9af58022-8861-11f1-a5a3-b48c9db4e1b4,1,"[1, 0, 1, 0, 0, 0, 1, 1]",4,0,0,,0.625,8
6093,9af58022-8861-11f1-a5a3-b48c9db4e1b4,1,"[1, 0, 1, 0, 0, 0, 1, 1]",5,0,0,,0.625,8
6094,9af58022-8861-11f1-a5a3-b48c9db4e1b4,1,"[1, 0, 1, 0, 0, 0, 1, 1]",6,1,1,,0.625,8
6095,9af58022-8861-11f1-a5a3-b48c9db4e1b4,1,"[1, 0, 1, 0, 0, 0, 1, 1]",7,1,1,,0.625,8
6096,9af58022-8861-11f1-a5a3-b48c9db4e1b4,2,"[1, 1, 0, 1, 0, 0, 0, 0]",0,1,1,,0.625,8
6097,9af58022-8861-11f1-a5a3-b48c9db4e1b4,2,"[1, 1, 0, 1, 0, 0, 0, 0]",1,1,1,,0.625,8
6098,9af58022-8861-11f1-a5a3-b48c9db4e1b4,2,"[1, 1, 0, 1, 0, 0, 0, 0]",2,0,0,,0.625,8
6099,9af58022-8861-11f1-a5a3-b48c9db4e1b4,2,"[1, 1, 0, 1, 0, 0, 0, 0]",3,1,1,,0.625,8
6100,9af58022-8861-11f1-a5a3-b48c9db4e1b4,2,"[1, 1, 0, 1, 0, 0, 0, 0]",4,0,0,,0.625,8
6101,9af58022-8861-11f1-a5a3-b48c9db4e1b4,2,"[1, 1, 0, 1, 0, 0, 0, 0]",5,0,0,,0.625,8
6102,9af58022-8861-11f1-a5a3-b48c9db4e1b4,2,"[1, 1, 0, 1, 0, 0, 0, 0]",6,0,0,,0.625,8
6103,9af58022-8861-11f1-a5a3-b48c9db4e1b4,2,"[1, 1, 0, 1, 0, 0, 0, 0]",7,0,0,,0.625,8
6104,9af58022-8861-11f1-a5a3-b48c9db4e1b4,3,"[0, 0, 0, 1, 0, 1, 1, 1]",0,0,0,,0.625,8
6105,9af58022-8861-11f1-a5a3-b48c9db4e1b4,3,"[0, 0, 0, 1, 0, 1, 1, 1]",1,0,0,,0.625,8
6106,9af58022-8861-11f1-a5a3-b48c9db4e1b4,3,"[0, 0, 0, 1, 0, 1, 1, 1]",2,0,0,,0.625,8
6107,9af58022-8861-11f1-a5a3-b48c9db4e1b4,3,"[0, 0, 0, 1, 0, 1, 1, 1]",3,1,1,,0.625,8
6108,9af58022-8861-11f1-a5a3-b48c9db4e1b4,3,"[0, 0, 0, 1, 0, 1, 1, 1]",4,0,0,,0.625,8
6109,9af58022-8861-11f1-a5a3-b48c9db4e1b4,3,"[0, 0, 0, 1, 0, 1, 1, 1]",5,1,1,,0.625,8
6110,9af58022-8861-11f1-a5a3-b48c9db4e1b4,3,"[0, 0, 0, 1, 0, 1, 1, 1]",6,1,1,,0.625,8
6111,9af58022-8861-11f1-a5a3-b48c9db4e1b4,3,"[0, 0, 0, 1, 0, 1, 1, 1]",7,1,1,,0.625,8
6112,9af58022-8861-11f1-a5a3-b48c9db4e1b4,4,"[1, 0, 0, 0, 1, 1, 1, 1]",0,1,1,,0.625,8
6113,9af58022-8861-11f1-a5a3-b48c9db4e1b4,4,"[1, 0, 0, 0, 1, 1, 1, 1]",1,0,0,,0.625,8
6114,9af58022-8861-11f1-a5a3-b48c9db4e1b4,4,"[1, 0, 0, 0, 1, 1, 1, 1]",2,0,0,,0.625,8
6115,9af58022-8861-11f1-a5a3-b48c9db4e1b4,4,"[1, 0, 0, 0, 1, 1, 1, 1]",3,0,0,,0.625,8
6116,9af58022-8861-11f1-a5a3-b48c9db4e1b4,4,"[1, 0, 0, 0, 1, 1, 1, 1]",4,1,1,,0.625,8
6117,9af58022-8861-11f1-a5a3-b48c9db4e1b4,4,"[1, 0, 0, 0, 1, 1, 1, 1]",5,1,1,,0.625,8
6118,9af58022-8861-11f1-a5a3-b48c9db4e1b4,4,"[1, 0, 0, 0, 1, 1, 1, 1]",6,1,1,,0.625,8
6119,9af58022-8861-11f1-a5a3-b48c9db4e1b4,4,"[1, 0, 0, 0, 1, 1, 1, 1]",7,1,1,,0.625,8
6120,9af58022-8861-11f1-a5a3-b48c9db4e1b4,5,"[1, 1, 1, 0, 0, 0, 1, 0]",0,1,1,,0.625,8
6121,9af58022-8861-11f1-a5a3-b48c9db4e1b4,5,"[1, 1, 1, 0, 0, 0, 1, 0]",1,1,1,,0.625,8
6122,9af58022-8861-11f1-a5a3-b48c9db4e1b4,5,"[1, 1, 1, 0, 0, 0, 1, 0]",2,1,1,,0.625,8
6123,9af58022-8861-11f1-a5a3-b48c9db4e1b4,5,"[1, 1, 1, 0, 0, 0, 1, 0]",3,0,0,,0.625,8
6124,9af58022-8861-11f1-a5a3-b48c9db4e1b4,5,"[1, 1, 1, 0, 0, 0, 1, 0]",4,0,0,,0.625,8
6125,9af58022-8861-11f1-a5a3-b48c9db4e1b4,5,"[1, 1, 1, 0, 0, 0, 1, 0]",5,0,0,,0.625,8
6126,9af58022-8861-11f1-a5a3-b48c9db4e1b4,5,"[1, 1, 1, 0, 0, 0, 1, 0]",6,1,1,,0.625,8
6127,9af58022-8861-11f1-a5a3-b48c9db4e1b4,5,"[1, 1, 1, 0, 0, 0, 1, 0]",7,0,0,,0.625,8
6128,9af58022-8861-11f1-a5a3-b48c9db4e1b4,6,"[0, 0, 1, 1, 1, 1, 1, 1]",0,0,0,,0.625,8
6129,9af58022-8861-11f1-a5a3-b48c9db4e1b4,6,"[0, 0, 1, 1, 1, 1, 1, 1]",1,0,0,,0.625,8
6130,9af58022-8861-11f1-a5a3-b48c9db4e1b4,6,"[0, 0, 1, 1, 1, 1, 1, 1]",2,1,-1,,0.625,8
6131,9af58022-8861-11f1-a5a3-b48c9db4e1b4,6,"[0, 0, 1, 1, 1, 1, 1, 1]",3,1,-1,,0.625,8
6132,9af58022-8861-11f1-a5a3-b48c9db4e1b4,6,"[0, 0, 1, 1, 1, 1, 1, 1]",4,1,-1,,0.625,8
6133,9af58022-8861-11f1-a5a3-b48c9db4e1b4,6,"[0, 0, 1, 1, 1, 1, 1, 1]",5,1,-1,,0.625,8
6134,9af58022-8861-11f1-a5a3-b48c9db4e1b4,6,"[0, 0, 1, 1, 1, 1, 1, 1]",6,1,-1,,0.625,8
6135,9af58022-8861-11f1-a5a3-b48c9db4e1b4,6,"[0, 0, 1, 1, 1, 1, 1, 1]",7,1,-1,,0.625,8
6136,9af58022-8861-11f1-a5a3-b48c9db4e1b4,7,"[1, 1, 0, 0, 1, 0, 1, 0]",0,1,1,,0.625,8
6137,9af58022-8861-11f1-a5a3-b48c9db4e1b4,7,"[1, 1, 0, 0, 1, 0, 1, 0]",1,1,1,,0.625,8
6138,9af58022-8861-11f1-a5a3-b48c9db4e1b4,7,"[1, 1, 0, 0, 1, 0, 1, 0]",2,0,0,,0.625,8
6139,9af58022-8861-11f1-a5a3-b48c9db4e1b4,7,"[1, 1, 0, 0, 1, 0, 1, 0]",3,0,0,,0.625,8
6140,9af58022-8861-11f1-a5a3-b48c9db4e1b4,7,"[1, 1, 0, 0, 1, 0, 1, 0]",4,1,1,,0.625,8
6141,9af58022-8861-11f1-a5a3-b48c9db4e1b4,7,"[1, 1, 0, 0, 1, 0, 1, 0]",5,0,0,,0.625,8
6142,9af58022-8861-11f1-a5a3-b48c9db4e1b4,7,"[1, 1, 0, 0, 1, 0, 1, 0]",6,1,1,,0.625,8
6143,9af58022-8861-11f1-a5a3-b48c9db4e1b4,7,"[1, 1, 0, 0, 1, 0, 1, 0]",7,0,0,,0.625,8
6144,9af58022-8861-11f1-a5a3-b48c9db4e1b4,8,"[1, 0, 1, 0, 0, 1, 0, 1]",0,1,1,,0.625,8
6145,9af58022-8861-11f1-a5a3-b48c9db4e1b4,8,"[1, 0, 1, 0, 0, 1, 0, 1]",1,0,0,,0.625,8
6146,9af58022-8861-11f1-a5a3-b48c9db4e1b4,8,"[1, 0, 1, 0, 0, 1, 0, 1]",2,1,1,,0.625,8
6147,9af58022-8861-11f1-a5a3-b48c9db4e1b4,8,"[1, 0, 1, 0, 0, 1, 0, 1]",3,0,0,,0.625,8
6148,9af58022-8861-11f1-a5a3-b48c9db4e1b4,8,"[1, 0, 1, 0, 0, 1, 0, 1]",4,0,0,,0.625,8
6149,9af58022-8861-11f1-a5a3-b48c9db4e1b4,8,"[1, 0, 1, 0, 0, 1, 0, 1]",5,1,1,,0.625,8
6150,9af58022-8861-11f1-a5a3-b48c9db4e1b4,8,"[1, 0, 1, 0, 0, 1, 0, 1]",6,0,0,,0.625,8
6151,9af58022-8861-11f1-a5a3-b48c9db4e1b4,8,"[1, 0, 1, 0, 0, 1, 0, 1]",7,1,1,,0.625,8
6152,9af58022-8861-11f1-a5a3-b48c9db4e1b4,9,"[0, 0, 1, 0, 0, 1, 0, 0]",0,0,0,,0.625,8
6153,9af58022-8861-11f1-a5a3-b48c9db4e1b4,9,"[0, 0, 1, 0, 0, 1, 0, 0]",1,0,0,,0.625,8
6154,9af58022-8861-11f1-a5a3-b48c9db4e1b4,9,"[0, 0, 1, 0, 0, 1, 0, 0]",2,1,1,,0.625,8
6155,9af58022-8861-11f1-a5a3-b48c9db4e1b4,9,"[0, 0, 1, 0, 0, 1, 0, 0]",3,0,0,,0.625,8
6156,9af58022-8861-11f1-a5a3-b48c9db4e1b4,9,"[0, 0, 1, 0, 0, 1, 0, 0]",4,0,0,,0.625,8
6157,9af58022-8861-11f1-a5a3-b48c9db4e1b4,9,"[0, 0, 1, 0, 0, 1, 0, 0]",5,1,1,,0.625,8
6158,9af58022-8861-11f1-a5a3-b48c9db4e1b4,9,"[0, 0, 1, 0, 0, 1, 0, 0]",6,0,0,,0.625,8
6159,9af58022-8861-11f1-a5a3-b48c9db4e1b4,9,"[0, 0, 1, 0, 0, 1, 0, 0]",7,0,0,,0.625,8
6160,9af58022-8861-11f1-a5a3-b48c9db4e1b4,10,"[0, 0, 0, 1, 0, 0, 0, 1]",0,0,0,,0.625,8
6161,9af58022-8861-11f1-a5a3-b48c9db4e1b4,10,"[0, 0, 0, 1, 0, 0, 0, 1]",1,0,0,,0.625,8
6162,9af58022-8861-11f1-a5a3-b48c9db4e1b4,10,"[0, 0, 0, 1, 0, 0, 0, 1]",2,0,0,,0.625,8
6163,9af58022-8861-11f1-a5a3-b48c9db4e1b4,10,"[0, 0, 0, 1, 0, 0, 0, 1]",3,1,1,,0.625,8
6164,9af58022-8861-11f1-a5a3-b48c9db4e1b4,10,"[0, 0, 0, 1, 0, 0, 0, 1]",4,0,0,,0.625,8
6165,9af58022-8861-11f1-a5a3-b48c9db4e1b4,10,"[0, 0, 0, 1, 0, 0, 0, 1]",5,0,0,,0.625,8
6166,9af58022-8861-11f1-a5a3-b48c9db4e1b4,10,"[0, 0, 0, 1, 0, 0, 0, 1]",6,0,0,,0.625,8
6167,9af58022-8861-11f1-a5a3-b48c9db4e1b4,10,"[0, 0, 0, 1, 0, 0, 0, 1]",7,1,1,,0.625,8
6168,9af58022-8861-11f1-a5a3-b48c9db4e1b4,11,"[0, 0, 0, 1, 0, 1, 1, 1]",0,0,0,,0.625,8
6169,9af58022-8861-11f1-a5a3-b48c9db4e1b4,11,"[0, 0, 0, 1, 0, 1, 1, 1]",1,0,0,,0.625,8
6170,9af58022-8861-11f1-a5a3-b48c9db4e1b4,11,"[0, 0, 0, 1, 0, 1, 1, 1]",2,0,0,,0.625,8
6171,9af58022-8861-11f1-a5a3-b48c9db4e1b4,11,"[0, 0, 0, 1, 0, 1, 1, 1]",3,1,1,,0.625,8
6172,9af58022-8861-11f1-a5a3-b48c9db4e1b4,11,"[0, 0, 0, 1, 0, 1, 1, 1]",4,0,0,,0.625,8
6173,9af58022-8861-11f1-a5a3-b48c9db4e1b4,11,"[0, 0, 0, 1, 0, 1, 1, 1]",5,1,1,,0.625,8
6174,9af58022-8861-11f1-a5a3-b48c9db4e1b4,11,"[0, 0, 0, 1, 0, 1, 1, 1]",6,1,1,,0.625,8
6175,9af58022-8861-11f1-a5a3-b48c9db4e1b4,11,"[0, 0, 0, 1, 0, 1, 1, 1]",7,1,1,,0.625,8
6176,9af58022-8861-11f1-a5a3-b48c9db4e1b4,12,"[1, 1, 0, 0, 1, 1, 0, 1]",0,1,1,,0.625,8
6177,9af58022-8861-11f1-a5a3-b48c9db4e1b4,12,"[1, 1, 0, 0, 1, 1, 0, 1]",1,1,1,,0.625,8
6178,9af58022-8861-11f1-a5a3-b48c9db4e1b4,12,"[1, 1, 0, 0, 1, 1, 0, 1]",2,0,0,,0.625,8
6179,9af58022-8861-11f1-a5a3-b48c9db4e1b4,12,"[1, 1, 0, 0, 1, 1, 0, 1]",3,0,0,,0.625,8
6180,9af58022-8861-11f1-a5a3-b48c9db4e1b4,12,"[1, 1, 0, 0, 1, 1, 0, 1]",4,1,1,,0.625,8
6181,9af58022-8861-11f1-a5a3-b48c9db4e1b4,12,"[1, 1, 0, 0, 1, 1, 0, 1]",5,1,1,,0.625,8
6182,9af58022-8861-11f1-a5a3-b48c9db4e1b4,12,"[1, 1, 0, 0, 1, 1, 0, 1]",6,0,0,,0.625,8
6183,9af58022-8861-11f1-a5a3-b48c9db4e1b4,12,"[1, 1, 0, 0, 1, 1, 0, 1]",7,1,1,,0.625,8
6184,9af58022-8861-11f1-a5a3-b48c9db4e1b4,13,"[0, 1, 0, 1, 1, 1, 0, 0]",0,0,0,,0.625,8
6185,9af58022-8861-11f1-a5a3-b48c9db4e1b4,13,"[0, 1, 0, 1, 1, 1, 0, 0]",1,1,1,,0.625,8
6186,9af58022-8861-11f1-a5a3-b48c9db4e1b4,13,"[0, 1, 0, 1, 1, 1, 0, 0]",2,0,0,,0.625,8
6187,9af58022-8861-11f1-a5a3-b48c9db4e1b4,13,"[0, 1, 0, 1, 1, 1, 0, 0]",3,1,1,,0.625,8
6188,9af58022-8861-11f1-a5a3-b48c9db4e1b4,13,"[0, 1, 0, 1, 1, 1, 0, 0]",4,1,1,,0.625,8
6189,9af58022-8861-11f1-a5a3-b48c9db4e1b4,13,"[0, 1, 0, 1, 1, 1, 0, 0]",5,1,1,,0.625,8
6190,9af58022-8861-11f1-a5a3-b48c9db4e1b4,13,"[0, 1, 0, 1, 1, 1, 0, 0]",6,0,0,,0.625,8
6191,9af58022-8861-11f1-a5a3-b48c9db4e1b4,13,"[0, 1, 0, 1, 1, 1, 0, 0]",7,0,0,,0.625,8
6192,9af58022-8861-11f1-a5a3-b48c9db4e1b4,14,"[0, 1, 0, 0, 1, 1, 0, 1]",0,0,0,,0.625,8
6193,9af58022-8861-11f1-a5a3-b48c9db4e1b4,14,"[0, 1, 0, 0, 1, 1, 0, 1]",1,1,1,,0.625,8
6194,9af58022-8861-11f1-a5a3-b48c9db4e1b4,14,"[0, 1, 0, 0, 1, 1, 0, 1]",2,0,0,,0.625,8
6195,9af58022-8861-11f1-a5a3-b48c9db4e1b4,14,"[0, 1, 0, 0, 1, 1, 0, 1]",3,0,0,,0.625,8
6196,9af58022-8861-11f1-a5a3-b48c9db4e1b4,14,"[0, 1, 0, 0, 1, 1, 0, 1]",4,1,1,,0.625,8
6197,9af58022-8861-11f1-a5a3-b48c9db4e1b4,14,"[0, 1, 0, 0, 1, 1, 0, 1]",5,1,1,,0.625,8
6198,9af58022-8861-11f1-a5a3-b48c9db4e1b4,14,"[0, 1, 0, 0, 1, 1, 0, 1]",6,0,0,,0.625,8
6199,9af58022-8861-11f1-a5a3-b48c9db4e1b4,14,"[0, 1, 0, 0, 1, 1, 0, 1]",7,1,1,,0.625,8
6200,9af58022-8861-11f1-a5a3-b48c9db4e1b4,15,"[1, 1, 0, 1, 1, 0, 0, 1]",0,1,1,,0.625,8
6201,9af58022-8861-11f1-a5a3-b48c9db4e1b4,15,"[1, 1, 0, 1, 1, 0, 0, 1]",1,1,1,,0.625,8
6202,9af58022-8861-11f1-a5a3-b48c9db4e1b4,15,"[1, 1, 0, 1, 1, 0, 0, 1]",2,0,0,,0.625,8
6203,9af58022-8861-11f1-a5a3-b48c9db4e1b4,15,"[1, 1, 0, 1, 1, 0, 0, 1]",3,1,1,,0.625,8
6204,9af58022-8861-11f1-a5a3-b48c9db4e1b4,15,"[1, 1, 0, 1, 1, 0, 0, 1]",4,1,1,,0.625,8
6205,9af58022-8861-11f1-a5a3-b48c9db4e1b4,15,"[1, 1, 0, 1, 1, 0, 0, 1]",5,0,0,,0.625,8
6206,9af58022-8861-11f1-a5a3-b48c9db4e1b4,15,"[1, 1, 0, 1, 1, 0, 0, 1]",6,0,0,,0.625,8
6207,9af58022-8861-11f1-a5a3-b48c9db4e1b4,15,"[1, 1, 0, 1, 1, 0, 0, 1]",7,1,1,,0.625,8
6208,9af58022-8861-11f1-a5a3-b48c9db4e1b4,16,"[0, 1, 1, 1, 0, 1, 1, 0]",0,0,0,,0.625,8
6209,9af58022-8861-11f1-a5a3-b48c9db4e1b4,16,"[0, 1, 1, 1, 0, 1, 1, 0]",1,1,1,,0.625,8
6210,9af58022-8861-11f1-a5a3-b48c9db4e1b4,16,"[0, 1, 1, 1, 0, 1, 1, 0]",2,1,1,,0.625,8
6211,9af58022-8861-11f1-a5a3-b48c9db4e1b4,16,"[0, 1, 1, 1, 0, 1, 1, 0]",3,1,1,,0.625,8
6212,9af58022-8861-11f1-a5a3-b48c9db4e1b4,16,"[0, 1, 1, 1, 0, 1, 1, 0]",4,0,0,,0.625,8
6213,9af58022-8861-11f1-a5a3-b48c9db4e1b4,16,"[0, 1, 1, 1, 0, 1, 1, 0]",5,1,1,,0.625,8
6214,9af58022-8861-11f1-a5a3-b48c9db4e1b4,16,"[0, 1, 1, 1, 0, 1, 1, 0]",6,1,1,,0.625,8
6215,9af58022-8861-11f1-a5a3-b48c9db4e1b4,16,"[0, 1, 1, 1, 0, 1, 1, 0]",7,0,0,,0.625,8
6216,9af58022-8861-11f1-a5a3-b48c9db4e1b4,17,"[1, 1, 1, 0, 0, 1, 0, 1]",0,1,1,,0.625,8
6217,9af58022-8861-11f1-a5a3-b48c9db4e1b4,17,"[1, 1, 1, 0, 0, 1, 0, 1]",1,1,1,,0.625,8
6218,9af58022-8861-11f1-a5a3-b48c9db4e1b4,17,"[1, 1, 1, 0, 0, 1, 0, 1]",2,1,1,,0.625,8
6219,9af58022-8861-11f1-a5a3-b48c9db4e1b4,17,"[1, 1, 1, 0, 0, 1, 0, 1]",3,0,0,,0.625,8
6220,9af58022-8861-11f1-a5a3-b48c9db4e1b4,17,"[1, 1, 1, 0, 0, 1, 0, 1]",4,0,0,,0.625,8
6221,9af58022-8861-11f1-a5a3-b48c9db4e1b4,17,"[1, 1, 1, 0, 0, 1, 0, 1]",5,1,1,,0.625,8
6222,9af58022-8861-11f1-a5a3-b48c9db4e1b4,17,"[1, 1, 1, 0, 0, 1, 0, 1]",6,0,0,,0.625,8
6223,9af58022-8861-11f1-a5a3-b48c9db4e1b4,17,"[1, 1, 1, 0, 0, 1, 0, 1]",7,1,1,,0.625,8
6224,9af58022-8861-11f1-a5a3-b48c9db4e1b4,18,"[1, 0, 0, 1, 0, 0, 0, 1]",0,1,1,,0.625,8
6225,9af58022-8861-11f1-a5a3-b48c9db4e1b4,18,"[1, 0, 0, 1, 0, 0, 0, 1]",1,0,0,,0.625,8
6226,9af58022-8861-11f1-a5a3-b48c9db4e1b4,18,"[1, 0, 0, 1, 0, 0, 0, 1]",2,0,0,,0.625,8
6227,9af58022-8861-11f1-a5a3-b48c9db4e1b4,18,"[1, 0, 0, 1, 0, 0, 0, 1]",3,1,1,,0.625,8
6228,9af58022-8861-11f1-a5a3-b48c9db4e1b4,18,"[1, 0, 0, 1, 0, 0, 0, 1]",4,0,0,,0.625,8
6229,9af58022-8861-11f1-a5a3-b48c9db4e1b4,18,"[1, 0, 0, 1, 0, 0, 0, 1]",5,0,0,,0.625,8
6230,9af58022-8861-11f1-a5a3-b48c9db4e1b4,18,"[1, 0, 0, 1, 0, 0, 0, 1]",6,0,0,,0.625,8
6231,9af58022-8861-11f1-a5a3-b48c9db4e1b4,18,"[1, 0, 0, 1, 0, 0, 0, 1]",7,1,1,,0.625,8
6232,9af58022-8861-11f1-a5a3-b48c9db4e1b4,19,"[0, 1, 0, 0, 1, 0, 1, 1]",0,0,0,,0.625,8
6233,9af58022-8861-11f1-a5a3-b48c9db4e1b4,19,"[0, 1, 0, 0, 1, 0, 1, 1]",1,1,1,,0.625,8
6234,9af58022-8861-11f1-a5a3-b48c9db4e1b4,19,"[0, 1, 0, 0, 1, 0, 1, 1]",2,0,0,,0.625,8
6235,9af58022-8861-11f1-a5a3-b48c9db4e1b4,19,"[0, 1, 0, 0, 1, 0, 1, 1]",3,0,0,,0.625,8
6236,9af58022-8861-11f1-a5a3-b48c9db4e1b4,19,"[0, 1, 0, 0, 1, 0, 1, 1]",4,1,1,,0.625,8
6237,9af58022-8861-11f1-a5a3-b48c9db4e1b4,19,"[0, 1, 0, 0, 1, 0, 1, 1]",5,0,0,,0.625,8
6238,9af58022-8861-11f1-a5a3-b48c9db4e1b4,19,"[0, 1, 0, 0, 1, 0, 1, 1]",6,1,1,,0.625,8
6239,9af58022-8861-11f1-a5a3-b48c9db4e1b4,19,"[0, 1, 0, 0, 1, 0, 1, 1]",7,1,1,,0.625,8
6240,9af87036-8861-11f1-89fc-b48c9db4e1b4,0,"[0, 1, 1, 1, 0, 1, 1, 0]",0,0,0,,0.625,8
6241,9af87036-8861-11f1-89fc-b48c9db4e1b4,0,"[0, 1, 1, 1, 0, 1, 1, 0]",1,1,1,,0.625,8
6242,9af87036-8861-11f1-89fc-b48c9db4e1b4,0,"[0, 1, 1, 1, 0, 1, 1, 0]",2,1,1,,0.625,8
6243,9af87036-8861-11f1-89fc-b48c9db4e1b4,0,"[0, 1, 1, 1, 0, 1, 1, 0]",3,1,1,,0.625,8
6244,9af87036-8861-11f1-89fc-b48c9db4e1b4,0,"[0, 1, 1, 1, 0, 1, 1, 0]",4,0,0,,0.625,8
6245,9af87036-8861-11f1-89fc-b48c9db4e1b4,0,"[0, 1, 1, 1, 0, 1, 1, 0]",5,1,1,,0.625,8
6246,9af87036-8861-11f1-89fc-b48c9db4e1b4,0,"[0, 1, 1, 1, 0, 1, 1, 0]",6,1,1,,0.625,8
6247,9af87036-8861-11f1-89fc-b48c9db4e1b4,0,"[0, 1, 1, 1, 0, 1, 1, 0]",7,0,0,,0.625,8
6248,9af87036-8861-11f1-89fc-b48c9db4e1b4,1,"[0, 1, 0, 1, 1, 1, 1, 0]",0,0,0,,0.625,8
6249,9af87036-8861-11f1-89fc-b48c9db4e1b4,1,"[0, 1, 0, 1, 1, 1, 1, 0]",1,1,1,,0.625,8
6250,9af87036-8861-11f1-89fc-b48c9db4e1b4,1,"[0, 1, 0, 1, 1, 1, 1, 0]",2,0,0,,0.625,8
6251,9af87036-8861-11f1-89fc-b48c9db4e1b4,1,"[0, 1, 0, 1, 1, 1, 1, 0]",3,1,1,,0.625,8
6252,9af87036-8861-11f1-89fc-b48c9db4e1b4,1,"[0, 1, 0, 1, 1, 1, 1, 0]",4,1,1,,0.625,8
6253,9af87036-8861-11f1-89fc-b48c9db4e1b4,1,"[0, 1, 0, 1, 1, 1, 1, 0]",5,1,1,,0.625,8
6254,9af87036-8861-11f1-89fc-b48c9db4e1b4,1,"[0, 1, 0, 1, 1, 1, 1, 0]",6,1,1,,0.625,8
6255,9af87036-8861-11f1-89fc-b48c9db4e1b4,1,"[0, 1, 0, 1, 1, 1, 1, 0]",7,0,0,,0.625,8
6256,9af87036-8861-11f1-89fc-b48c9db4e1b4,2,"[1, 1, 1, 0, 0, 0, 0, 1]",0,1,1,,0.625,8
6257,9af87036-8861-11f1-89fc-b48c9db4e1b4,2,"[1, 1, 1, 0, 0, 0, 0, 1]",1,1,1,,0.625,8
6258,9af87036-8861-11f1-89fc-b48c9db4e1b4,2,"[1, 1, 1, 0, 0, 0, 0, 1]",2,1,1,,0.625,8
6259,9af87036-8861-11f1-89fc-b48c9db4e1b4,2,"[1, 1, 1, 0, 0, 0, 0, 1]",3,0,0,,0.625,8
6260,9af87036-8861-11f1-89fc-b48c9db4e1b4,2,"[1, 1, 1, 0, 0, 0, 0, 1]",4,0,0,,0.625,8
6261,9af87036-8861-11f1-89fc-b48c9db4e1b4,2,"[1, 1, 1, 0, 0, 0, 0, 1]",5,0,0,,0.625,8
6262,9af87036-8861-11f1-89fc-b48c9db4e1b4,2,"[1, 1, 1, 0, 0, 0, 0, 1]",6,0,0,,0.625,8
6263,9af87036-8861-11f1-89fc-b48c9db4e1b4,2,"[1, 1, 1, 0, 0, 0, 0, 1]",7,1,1,,0.625,8
6264,9af87036-8861-11f1-89fc-b48c9db4e1b4,3,"[0, 1, 1, 0, 1, 1, 1, 1]",0,0,0,,0.625,8
6265,9af87036-8861-11f1-89fc-b48c9db4e1b4,3,"[0, 1, 1, 0, 1, 1, 1, 1]",1,1,-1,,0.625,8
6266,9af87036-8861-11f1-89fc-b48c9db4e1b4,3,"[0, 1, 1, 0, 1, 1, 1, 1]",2,1,-1,,0.625,8
6267,9af87036-8861-11f1-89fc-b48c9db4e1b4,3,"[0, 1, 1, 0, 1, 1, 1, 1]",3,0,0,,0.625,8
6268,9af87036-8861-11f1-89fc-b48c9db4e1b4,3,"[0, 1, 1, 0, 1, 1, 1, 1]",4,1,-1,,0.625,8
6269,9af87036-8861-11f1-89fc-b48c9db4e1b4,3,"[0, 1, 1, 0, 1, 1, 1, 1]",5,1,-1,,0.625,8
6270,9af87036-8861-11f1-89fc-b48c9db4e1b4,3,"[0, 1, 1, 0, 1, 1, 1, 1]",6,1,-1,,0.625,8
6271,9af87036-8861-11f1-89fc-b48c9db4e1b4,3,"[0, 1, 1, 0, 1, 1, 1, 1]",7,1,-1,,0.625,8
6272,9af87036-8861-11f1-89fc-b48c9db4e1b4,4,"[0, 0, 0, 1, 0, 1, 1, 0]",0,0,0,,0.625,8
6273,9af87036-8861-11f1-89fc-b48c9db4e1b4,4,"[0, 0, 0, 1, 0, 1, 1, 0]",1,0,0,,0.625,8
6274,9af87036-8861-11f1-89fc-b48c9db4e1b4,4,"[0, 0, 0, 1, 0, 1, 1, 0]",2,0,0,,0.625,8
6275,9af87036-8861-11f1-89fc-b48c9db4e1b4,4,"[0, 0, 0, 1, 0, 1, 1, 0]",3,1,1,,0.625,8
6276,9af87036-8861-11f1-89fc-b48c9db4e1b4,4,"[0, 0, 0, 1, 0, 1, 1, 0]",4,0,0,,0.625,8
6277,9af87036-8861-11f1-89fc-b48c9db4e1b4,4,"[0, 0, 0, 1, 0, 1, 1, 0]",5,1,1,,0.625,8
6278,9af87036-8861-11f1-89fc-b48c9db4e1b4,4,"[0, 0, 0, 1, 0, 1, 1, 0]",6,1,1,,0.625,8
6279,9af87036-8861-11f1-89fc-b48c9db4e1b4,4,"[0, 0, 0, 1, 0, 1, 1, 0]",7,0,0,,0.625,8
6280,9af87036-8861-11f1-89fc-b48c9db4e1b4,5,"[0, 0, 1, 1, 0, 1, 1, 1]",0,0,0,,0.625,8
6281,9af87036-8861-11f1-89fc-b48c9db4e1b4,5,"[0, 0, 1, 1, 0, 1, 1, 1]",1,0,0,,0.625,8
6282,9af87036-8861-11f1-89fc-b48c9db4e1b4,5,"[0, 0, 1, 1, 0, 1, 1, 1]",2,1,1,,0.625,8
6283,9af87036-8861-11f1-89fc-b48c9db4e1b4,5,"[0, 0, 1, 1, 0, 1, 1, 1]",3,1,1,,0.625,8
6284,9af87036-8861-11f1-89fc-b48c9db4e1b4,5,"[0, 0, 1, 1, 0, 1, 1, 1]",4,0,0,,0.625,8
6285,9af87036-8861-11f1-89fc-b48c9db4e1b4,5,"[0, 0, 1, 1, 0, 1, 1, 1]",5,1,1,,0.625,8
6286,9af87036-8861-11f1-89fc-b48c9db4e1b4,5,"[0, 0, 1, 1, 0, 1, 1, 1]",6,1,1,,0.625,8
6287,9af87036-8861-11f1-89fc-b48c9db4e1b4,5,"[0, 0, 1, 1, 0, 1, 1, 1]",7,1,1,,0.625,8
6288,9af87036-8861-11f1-89fc-b48c9db4e1b4,6,"[0, 1, 0, 0, 1, 0, 0, 0]",0,0,0,,0.625,8
6289,9af87036-8861-11f1-89fc-b48c9db4e1b4,6,"[0, 1, 0, 0, 1, 0, 0, 0]",1,1,1,,0.625,8
6290,9af87036-8861-11f1-89fc-b48c9db4e1b4,6,"[0, 1, 0, 0, 1, 0, 0, 0]",2,0,0,,0.625,8
6291,9af87036-8861-11f1-89fc-b48c9db4e1b4,6,"[0, 1, 0, 0, 1, 0, 0, 0]",3,0,0,,0.625,8
6292,9af87036-8861-11f1-89fc-b48c9db4e1b4,6,"[0, 1, 0, 0, 1, 0, 0, 0]",4,1,1,,0.625,8
6293,9af87036-8861-11f1-89fc-b48c9db4e1b4,6,"[0, 1, 0, 0, 1, 0, 0, 0]",5,0,0,,0.625,8
6294,9af87036-8861-11f1-89fc-b48c9db4e1b4,6,"[0, 1, 0, 0, 1, 0, 0, 0]",6,0,0,,0.625,8
6295,9af87036-8861-11f1-89fc-b48c9db4e1b4,6,"[0, 1, 0, 0, 1, 0, 0, 0]",7,0,0,,0.625,8
6296,9af87036-8861-11f1-89fc-b48c9db4e1b4,7,"[0, 0, 1, 0, 1, 0, 1, 1]",0,0,0,,0.625,8
6297,9af87036-8861-11f1-89fc-b48c9db4e1b4,7,"[0, 0, 1, 0, 1, 0, 1, 1]",1,0,0,,0.625,8
6298,9af87036-8861-11f1-89fc-b48c9db4e1b4,7,"[0, 0, 1, 0, 1, 0, 1, 1]",2,1,1,,0.625,8
6299,9af87036-8861-11f1-89fc-b48c9db4e1b4,7,"[0, 0, 1, 0, 1, 0, 1, 1]",3,0,0,,0.625,8
6300,9af87036-8861-11f1-89fc-b48c9db4e1b4,7,"[0, 0, 1, 0, 1, 0, 1, 1]",4,1,1,,0.625,8
6301,9af87036-8861-11f1-89fc-b48c9db4e1b4,7,"[0, 0, 1, 0, 1, 0, 1, 1]",5,0,0,,0.625,8
6302,9af87036-8861-11f1-89fc-b48c9db4e1b4,7,"[0, 0, 1, 0, 1, 0, 1, 1]",6,1,1,,0.625,8
6303,9af87036-8861-11f1-89fc-b48c9db4e1b4,7,"[0, 0, 1, 0, 1, 0, 1, 1]",7,1,1,,0.625,8
6304,9af87036-8861-11f1-89fc-b48c9db4e1b4,8,"[1, 0, 0, 0, 1, 0, 0, 0]",0,1,1,,0.625,8
6305,9af87036-8861-11f1-89fc-b48c9db4e1b4,8,"[1, 0, 0, 0, 1, 0, 0, 0]",1,0,0,,0.625,8
6306,9af87036-8861-11f1-89fc-b48c9db4e1b4,8,"[1, 0, 0, 0, 1, 0, 0, 0]",2,0,0,,0.625,8
6307,9af87036-8861-11f1-89fc-b48c9db4e1b4,8,"[1, 0, 0, 0, 1, 0, 0, 0]",3,0,0,,0.625,8
6308,9af87036-8861-11f1-89fc-b48c9db4e1b4,8,"[1, 0, 0, 0, 1, 0, 0, 0]",4,1,1,,0.625,8
6309,9af87036-8861-11f1-89fc-b48c9db4e1b4,8,"[1, 0, 0, 0, 1, 0, 0, 0]",5,0,0,,0.625,8
6310,9af87036-8861-11f1-89fc-b48c9db4e1b4,8,"[1, 0, 0, 0, 1, 0, 0, 0]",6,0,0,,0.625,8
6311,9af87036-8861-11f1-89fc-b48c9db4e1b4,8,"[1, 0, 0, 0, 1, 0, 0, 0]",7,0,0,,0.625,8
6312,9af87036-8861-11f1-89fc-b48c9db4e1b4,9,"[0, 0, 1, 0, 0, 0, 0, 0]",0,0,0,,0.625,8
6313,9af87036-8861-11f1-89fc-b48c9db4e1b4,9,"[0, 0, 1, 0, 0, 0, 0, 0]",1,0,0,,0.625,8
6314,9af87036-8861-11f1-89fc-b48c9db4e1b4,9,"[0, 0, 1, 0, 0, 0, 0, 0]",2,1,1,,0.625,8
6315,9af87036-8861-11f1-89fc-b48c9db4e1b4,9,"[0, 0, 1, 0, 0, 0, 0, 0]",3,0,0,,0.625,8
6316,9af87036-8861-11f1-89fc-b48c9db4e1b4,9,"[0, 0, 1, 0, 0, 0, 0, 0]",4,0,0,,0.625,8
6317,9af87036-8861-11f1-89fc-b48c9db4e1b4,9,"[0, 0, 1, 0, 0, 0, 0, 0]",5,0,0,,0.625,8
6318,9af87036-8861-11f1-89fc-b48c9db4e1b4,9,"[0, 0, 1, 0, 0, 0, 0, 0]",6,0,0,,0.625,8
6319,9af87036-8861-11f1-89fc-b48c9db4e1b4,9,"[0, 0, 1, 0, 0, 0, 0, 0]",7,0,0,,0.625,8
6320,9af87036-8861-11f1-89fc-b48c9db4e1b4,10,"[0, 1, 1, 0, 0, 1, 1, 1]",0,0,0,,0.625,8
6321,9af87036-8861-11f1-89fc-b48c9db4e1b4,10,"[0, 1, 1, 0, 0, 1, 1, 1]",1,1,1,,0.625,8
6322,9af87036-8861-11f1-89fc-b48c9db4e1b4,10,"[0, 1, 1, 0, 0, 1, 1, 1]",2,1,1,,0.625,8
6323,9af87036-8861-11f1-89fc-b48c9db4e1b4,10,"[0, 1, 1, 0, 0, 1, 1, 1]",3,0,0,,0.625,8
6324,9af87036-8861-11f1-89fc-b48c9db4e1b4,10,"[0, 1, 1, 0, 0, 1, 1, 1]",4,0,0,,0.625,8
6325,9af87036-8861-11f1-89fc-b48c9db4e1b4,10,"[0, 1, 1, 0, 0, 1, 1, 1]",5,1,1,,0.625,8
6326,9af87036-8861-11f1-89fc-b48c9db4e1b4,10,"[0, 1, 1, 0, 0, 1, 1, 1]",6,1,1,,0.625,8
6327,9af87036-8861-11f1-89fc-b48c9db4e1b4,10,"[0, 1, 1, 0, 0, 1, 1, 1]",7,1,1,,0.625,8
6328,9af87036-8861-11f1-89fc-b48c9db4e1b4,11,"[1, 0, 1, 0, 1, 0, 1, 1]",0,1,1,,0.625,8
6329,9af87036-8861-11f1-89fc-b48c9db4e1b4,11,"[1, 0, 1, 0, 1, 0, 1, 1]",1,0,0,,0.625,8
6330,9af87036-8861-11f1-89fc-b48c9db4e1b4,11,"[1, 0, 1, 0, 1, 0, 1, 1]",2,1,1,,0.625,8
6331,9af87036-8861-11f1-89fc-b48c9db4e1b4,11,"[1, 0, 1, 0, 1, 0, 1, 1]",3,0,0,,0.625,8
6332,9af87036-8861-11f1-89fc-b48c9db4e1b4,11,"[1, 0, 1, 0, 1, 0, 1, 1]",4,1,1,,0.625,8
6333,9af87036-8861-11f1-89fc-b48c9db4e1b4,11,"[1, 0, 1, 0, 1, 0, 1, 1]",5,0,0,,0.625,8
6334,9af87036-8861-11f1-89fc-b48c9db4e1b4,11,"[1, 0, 1, 0, 1, 0, 1, 1]",6,1,1,,0.625,8
6335,9af87036-8861-11f1-89fc-b48c9db4e1b4,11,"[1, 0, 1, 0, 1, 0, 1, 1]",7,1,1,,0.625,8
6336,9af87036-8861-11f1-89fc-b48c9db4e1b4,12,"[0, 0, 1, 1, 0, 1, 1, 0]",0,0,0,,0.625,8
6337,9af87036-8861-11f1-89fc-b48c9db4e1b4,12,"[0, 0, 1, 1, 0, 1, 1, 0]",1,0,0,,0.625,8
6338,9af87036-8861-11f1-89fc-b48c9db4e1b4,12,"[0, 0, 1, 1, 0, 1, 1, 0]",2,1,1,,0.625,8
6339,9af87036-8861-11f1-89fc-b48c9db4e1b4,12,"[0, 0, 1, 1, 0, 1, 1, 0]",3,1,1,,0.625,8
6340,9af87036-8861-11f1-89fc-b48c9db4e1b4,12,"[0, 0, 1, 1, 0, 1, 1, 0]",4,0,0,,0.625,8
6341,9af87036-8861-11f1-89fc-b48c9db4e1b4,12,"[0, 0, 1, 1, 0, 1, 1, 0]",5,1,1,,0.625,8
6342,9af87036-8861-11f1-89fc-b48c9db4e1b4,12,"[0, 0, 1, 1, 0, 1, 1, 0]",6,1,1,,0.625,8
6343,9af87036-8861-11f1-89fc-b48c9db4e1b4,12,"[0, 0, 1, 1, 0, 1, 1, 0]",7,0,0,,0.625,8
6344,9af87036-8861-11f1-89fc-b48c9db4e1b4,13,"[1, 1, 1, 0, 0, 1, 1, 0]",0,1,1,,0.625,8
6345,9af87036-8861-11f1-89fc-b48c9db4e1b4,13,"[1, 1, 1, 0, 0, 1, 1, 0]",1,1,1,,0.625,8
6346,9af87036-8861-11f1-89fc-b48c9db4e1b4,13,"[1, 1, 1, 0, 0, 1, 1, 0]",2,1,1,,0.625,8
6347,9af87036-8861-11f1-89fc-b48c9db4e1b4,13,"[1, 1, 1, 0, 0, 1, 1, 0]",3,0,0,,0.625,8
6348,9af87036-8861-11f1-89fc-b48c9db4e1b4,13,"[1, 1, 1, 0, 0, 1, 1, 0]",4,0,0,,0.625,8
6349,9af87036-8861-11f1-89fc-b48c9db4e1b4,13,"[1, 1, 1, 0, 0, 1, 1, 0]",5,1,1,,0.625,8
6350,9af87036-8861-11f1-89fc-b48c9db4e1b4,13,"[1, 1, 1, 0, 0, 1, 1, 0]",6,1,1,,0.625,8
6351,9af87036-8861-11f1-89fc-b48c9db4e1b4,13,"[1, 1, 1, 0, 0, 1, 1, 0]",7,0,0,,0.625,8
6352,9af87036-8861-11f1-89fc-b48c9db4e1b4,14,"[1, 1, 0, 1, 1, 1, 1, 0]",0,1,-1,,0.625,8
6353,9af87036-8861-11f1-89fc-b48c9db4e1b4,14,"[1, 1, 0, 1, 1, 1, 1, 0]",1,1,-1,,0.625,8
6354,9af87036-8861-11f1-89fc-b48c9db4e1b4,14,"[1, 1, 0, 1, 1, 1, 1, 0]",2,0,0,,0.625,8
6355,9af87036-8861-11f1-89fc-b48c9db4e1b4,14,"[1, 1, 0, 1, 1, 1, 1, 0]",3,1,-1,,0.625,8
6356,9af87036-8861-11f1-89fc-b48c9db4e1b4,14,"[1, 1, 0, 1, 1, 1, 1, 0]",4,1,-1,,0.625,8
6357,9af87036-8861-11f1-89fc-b48c9db4e1b4,14,"[1, 1, 0, 1, 1, 1, 1, 0]",5,1,-1,,0.625,8
6358,9af87036-8861-11f1-89fc-b48c9db4e1b4,14,"[1, 1, 0, 1, 1, 1, 1, 0]",6,1,-1,,0.625,8
6359,9af87036-8861-11f1-89fc-b48c9db4e1b4,14,"[1, 1, 0, 1, 1, 1, 1, 0]",7,0,0,,0.625,8
6360,9af87036-8861-11f1-89fc-b48c9db4e1b4,15,"[1, 0, 1, 1, 1, 1, 0, 1]",0,1,-1,,0.625,8
6361,9af87036-8861-11f1-89fc-b48c9db4e1b4,15,"[1, 0, 1, 1, 1, 1, 0, 1]",1,0,0,,0.625,8
6362,9af87036-8861-11f1-89fc-b48c9db4e1b4,15,"[1, 0, 1, 1, 1, 1, 0, 1]",2,1,-1,,0.625,8
6363,9af87036-8861-11f1-89fc-b48c9db4e1b4,15,"[1, 0, 1, 1, 1, 1, 0, 1]",3,1,-1,,0.625,8
6364,9af87036-8861-11f1-89fc-b48c9db4e1b4,15,"[1, 0, 1, 1, 1, 1, 0, 1]",4,1,-1,,0.625,8
6365,9af87036-8861-11f1-89fc-b48c9db4e1b4,15,"[1, 0, 1, 1, 1, 1, 0, 1]",5,1,-1,,0.625,8
6366,9af87036-8861-11f1-89fc-b48c9db4e1b4,15,"[1, 0, 1, 1, 1, 1, 0, 1]",6,0,0,,0.625,8
6367,9af87036-8861-11f1-89fc-b48c9db4e1b4,15,"[1, 0, 1, 1, 1, 1, 0, 1]",7,1,-1,,0.625,8
6368,9af87036-8861-11f1-89fc-b48c9db4e1b4,16,"[0, 0, 0, 1, 1, 1, 1, 1]",0,0,0,,0.625,8
6369,9af87036-8861-11f1-89fc-b48c9db4e1b4,16,"[0, 0, 0, 1, 1, 1, 1, 1]",1,0,0,,0.625,8
6370,9af87036-8861-11f1-89fc-b48c9db4e1b4,16,"[0, 0, 0, 1, 1, 1, 1, 1]",2,0,0,,0.625,8
6371,9af87036-8861-11f1-89fc-b48c9db4e1b4,16,"[0, 0, 0, 1, 1, 1, 1, 1]",3,1,1,,0.625,8
6372,9af87036-8861-11f1-89fc-b48c9db4e1b4,16,"[0, 0, 0, 1, 1, 1, 1, 1]",4,1,1,,0.625,8
6373,9af87036-8861-11f1-89fc-b48c9db4e1b4,16,"[0, 0, 0, 1, 1, 1, 1, 1]",5,1,1,,0.625,8
6374,9af87036-8861-11f1-89fc-b48c9db4e1b4,16,"[0, 0, 0, 1, 1, 1, 1, 1]",6,1,1,,0.625,8
6375,9af87036-8861-11f1-89fc-b48c9db4e1b4,16,"[0, 0, 0, 1, 1, 1, 1, 1]",7,1,1,,0.625,8
6376,9af87036-8861-11f1-89fc-b48c9db4e1b4,17,"[0, 1, 1, 0, 0, 1, 0, 1]",0,0,0,,0.625,8
6377,9af87036-8861-11f1-89fc-b48c9db4e1b4,17,"[0, 1, 1, 0, 0, 1, 0, 1]",1,1,1,,0.625,8
6378,9af87036-8861-11f1-89fc-b48c9db4e1b4,17,"[0, 1, 1, 0, 0, 1, 0, 1]",2,1,1,,0.625,8
6379,9af87036-8861-11f1-89fc-b48c9db4e1b4,17,"[0, 1, 1, 0, 0, 1, 0, 1]",3,0,0,,0.625,8
6380,9af87036-8861-11f1-89fc-b48c9db4e1b4,17,"[0, 1, 1, 0, 0, 1, 0, 1]",4,0,0,,0.625,8
6381,9af87036-8861-11f1-89fc-b48c9db4e1b4,17,"[0, 1, 1, 0, 0, 1, 0, 1]",5,1,1,,0.625,8
6382,9af87036-8861-11f1-89fc-b48c9db4e1b4,17,"[0, 1, 1, 0, 0, 1, 0, 1]",6,0,0,,0.625,8
6383,9af87036-8861-11f1-89fc-b48c9db4e1b4,17,"[0, 1, 1, 0, 0, 1, 0, 1]",7,1,1,,0.625,8
6384,9af87036-8861-11f1-89fc-b48c9db4e1b4,18,"[1, 1, 1, 0, 0, 1, 1, 1]",0,1,-1,,0.625,8
6385,9af87036-8861-11f1-89fc-b48c9db4e1b4,18,"[1, 1, 1, 0, 0, 1, 1, 1]",1,1,-1,,0.625,8
6386,9af87036-8861-11f1-89fc-b48c9db4e1b4,18,"[1, 1, 1, 0, 0, 1, 1, 1]",2,1,-1,,0.625,8
6387,9af87036-8861-11f1-89fc-b48c9db4e1b4,18,"[1, 1, 1, 0, 0, 1, 1, 1]",3,0,0,,0.625,8
6388,9af87036-8861-11f1-89fc-b48c9db4e1b4,18,"[1, 1, 1, 0, 0, 1, 1, 1]",4,0,0,,0.625,8
6389,9af87036-8861-11f1-89fc-b48c9db4e1b4,18,"[1, 1, 1, 0, 0, 1, 1, 1]",5,1,-1,,0.625,8
6390,9af87036-8861-11f1-89fc-b48c9db4e1b4,18,"[1, 1, 1, 0, 0, 1, 1, 1]",6,1,-1,,0.625,8
6391,9af87036-8861-11f1-89fc-b48c9db4e1b4,18,"[1, 1, 1, 0, 0, 1, 1, 1]",7,1,-1,,0.625,8
6392,9af87036-8861-11f1-89fc-b48c9db4e1b4,19,"[0, 0, 1, 1, 0, 1, 1, 1]",0,0,0,,0.625,8
6393,9af87036-8861-11f1-89fc-b48c9db4e1b4,19,"[0, 0, 1, 1, 0, 1, 1, 1]",1,0,0,,0.625,8
6394,9af87036-8861-11f1-89fc-b48c9db4e1b4,19,"[0, 0, 1, 1, 0, 1, 1, 1]",2,1,1,,0.625,8
6395,9af87036-8861-11f1-89fc-b48c9db4e1b4,19,"[0, 0, 1, 1, 0, 1, 1, 1]",3,1,1,,0.625,8
6396,9af87036-8861-11f1-89fc-b48c9db4e1b4,19,"[0, 0, 1, 1, 0, 1, 1, 1]",4,0,0,,0.625,8
6397,9af87036-8861-11f1-89fc-b48c9db4e1b4,19,"[0, 0, 1, 1, 0, 1, 1, 1]",5,1,1,,0.625,8
6398,9af87036-8861-11f1-89fc-b48c9db4e1b4,19,"[0, 0, 1, 1, 0, 1, 1, 1]",6,1,1,,0.625,8
6399,9af87036-8861-11f1-89fc-b48c9db4e1b4,19,"[0, 0, 1, 1, 0, 1, 1, 1]",7,1,1,,0.625,8
6400,9afc0a18-8861-11f1-a8f4-b48c9db4e1b4,0,"[1, 0, 0, 0, 0, 1, 0, 0]",0,1,1,,0.625,8
6401,9afc0a18-8861-11f1-a8f4-b48c9db4e1b4,0,"[1, 0, 0, 0, 0, 1, 0, 0]",1,0,0,,0.625,8
6402,9afc0a18-8861-11f1-a8f4-b48c9db4e1b4,0,"[1, 0, 0, 0, 0, 1, 0, 0]",2,0,0,,0.625,8
6403,9afc0a18-8861-11f1-a8f4-b48c9db4e1b4,0,"[1, 0, 0, 0, 0, 1, 0, 0]",3,0,0,,0.625,8
6404,9afc0a18-8861-11f1-a8f4-b48c9db4e1b4,0,"[1, 0, 0, 0, 0, 1, 0, 0]",4,0,0,,0.625,8
6405,9afc0a18-8861-11f1-a8f4-b48c9db4e1b4,0,"[1, 0, 0, 0, 0, 1, 0, 0]",5,1,1,,0.625,8
6406,9afc0a18-8861-11f1-a8f4-b48c9db4e1b4,0,"[1, 0, 0, 0, 0, 1, 0, 0]",6,0,0,,0.625,8
6407,9afc0a18-8861-11f1-a8f4-b48c9db4e1b4,0,"[1, 0, 0, 0, 0, 1, 0, 0]",7,0,0,,0.625,8
6408,9afc0a18-8861-11f1-a8f4-b48c9db4e1b4,1,"[0, 1, 0, 0, 0, 0, 0, 0]",0,0,0,,0.625,8
6409,9afc0a18-8861-11f1-a8f4-b48c9db4e1b4,1,"[0, 1, 0, 0, 0, 0, 0, 0]",1,1,1,,0.625,8
6410,9afc0a18-8861-11f1-a8f4-b48c9db4e1b4,1,"[0, 1, 0, 0, 0, 0, 0, 0]",2,0,0,,0.625,8
6411,9afc0a18-8861-11f1-a8f4-b48c9db4e1b4,1,"[0, 1, 0, 0, 0, 0, 0, 0]",3,0,0,,0.625,8
6412,9afc0a18-8861-11f1-a8f4-b48c9db4e1b4,1,"[0, 1, 0, 0, 0, 0, 0, 0]",4,0,0,,0.625,8
6413,9afc0a18-8861-11f1-a8f4-b48c9db4e1b4,1,"[0, 1, 0, 0, 0, 0, 0, 0]",5,0,0,,0.625,8
6414,9afc0a18-8861-11f1-a8f4-b48c9db4e1b4,1,"[0, 1, 0, 0, 0, 0, 0, 0]",6,0,0,,0.625,8
6415,9afc0a18-8861-11f1-a8f4-b48c9db4e1b4,1,"[0, 1, 0, 0, 0, 0, 0, 0]",7,0,0,,0.625,8
6416,9afc0a18-8861-11f1-a8f4-b48c9db4e1b4,2,"[0, 1, 1, 1, 0, 1, 1, 1]",0,0,0,,0.625,8
6417,9afc0a18-8861-11f1-a8f4-b48c9db4e1b4,2,"[0, 1, 1, 1, 0, 1, 1, 1]",1,1,-1,,0.625,8
6418,9afc0a18-8861-11f1-a8f4-b48c9db4e1b4,2,"[0, 1, 1, 1, 0, 1, 1, 1]",2,1,-1,,0.625,8
6419,9afc0a18-8861-11f1-a8f4-b48c9db4e1b4,2,"[0, 1, 1, 1, 0, 1, 1, 1]",3,1,-1,,0.625,8
6420,9afc0a18-8861-11f1-a8f4-b48c9db4e1b4,2,"[0, 1, 1, 1, 0, 1, 1, 1]",4,0,0,,0.625,8
6421,9afc0a18-8861-11f1-a8f4-b48c9db4e1b4,2,"[0, 1, 1, 1, 0, 1, 1, 1]",5,1,-1,,0.625,8
6422,9afc0a18-8861-11f1-a8f4-b48c9db4e1b4,2,"[0, 1, 1, 1, 0, 1, 1, 1]",6,1,-1,,0.625,8
6423,9afc0a18-8861-11f1-a8f4-b48c9db4e1b4,2,"[0, 1, 1, 1, 0, 1, 1, 1]",7,1,-1,,0.625,8
6424,9afc0a18-8861-11f1-a8f4-b48c9db4e1b4,3,"[0, 1, 0, 1, 0, 0, 1, 0]",0,0,0,,0.625,8
6425,9afc0a18-8861-11f1-a8f4-b48c9db4e1b4,3,"[0, 1, 0, 1, 0, 0, 1, 0]",1,1,1,,0.625,8
6426,9afc0a18-8861-11f1-a8f4-b48c9db4e1b4,3,"[0, 1, 0, 1, 0, 0, 1, 0]",2,0,0,,0.625,8
6427,9afc0a18-8861-11f1-a8f4-b48c9db4e1b4,3,"[0, 1, 0, 1, 0, 0, 1, 0]",3,1,1,,0.625,8
6428,9afc0a18-8861-11f1-a8f4-b48c9db4e1b4,3,"[0, 1, 0, 1, 0, 0, 1, 0]",4,0,0,,0.625,8
6429,9afc0a18-8861-11f1-a8f4-b48c9db4e1b4,3,"[0, 1, 0, 1, 0, 0, 1, 0]",5,0,0,,0.625,8
6430,9afc0a18-8861-11f1-a8f4-b48c9db4e1b4,3,"[0, 1, 0, 1, 0, 0, 1, 0]",6,1,1,,0.625,8
6431,9afc0a18-8861-11f1-a8f4-b48c9db4e1b4,3,"[0, 1, 0, 1, 0, 0, 1, 0]",7,0,0,,0.625,8
6432,9afc0a18-8861-11f1-a8f4-b48c9db4e1b4,4,"[0, 0, 1, 1, 0, 0, 0, 1]",0,0,0,,0.625,8
6433,9afc0a18-8861-11f1-a8f4-b48c9db4e1b4,4,"[0, 0, 1, 1, 0, 0, 0, 1]",1,0,0,,0.625,8
6434,9afc0a18-8861-11f1-a8f4-b48c9db4e1b4,4,"[0, 0, 1, 1, 0, 0, 0, 1]",2,1,1,,0.625,8
6435,9afc0a18-8861-11f1-a8f4-b48c9db4e1b4,4,"[0, 0, 1, 1, 0, 0, 0, 1]",3,1,1,,0.625,8
6436,9afc0a18-8861-11f1-a8f4-b48c9db4e1b4,4,"[0, 0, 1, 1, 0, 0, 0, 1]",4,0,0,,0.625,8
6437,9afc0a18-8861-11f1-a8f4-b48c9db4e1b4,4,"[0, 0, 1, 1, 0, 0, 0, 1]",5,0,0,,0.625,8
6438,9afc0a18-8861-11f1-a8f4-b48c9db4e1b4,4,"[0, 0, 1, 1, 0, 0, 0, 1]",6,0,0,,0.625,8
6439,9afc0a18-8861-11f1-a8f4-b48c9db4e1b4,4,"[0, 0, 1, 1, 0, 0, 0, 1]",7,1,1,,0.625,8
6440,9afc0a18-8861-11f1-a8f4-b48c9db4e1b4,5,"[0, 0, 1, 0, 0, 1, 1, 1]",0,0,0,,0.625,8
6441,9afc0a18-8861-11f1-a8f4-b48c9db4e1b4,5,"[0, 0, 1, 0, 0, 1, 1, 1]",1,0,0,,0.625,8
6442,9afc0a18-8861-11f1-a8f4-b48c9db4e1b4,5,"[0, 0, 1, 0, 0, 1, 1, 1]",2,1,1,,0.625,8
6443,9afc0a18-8861-11f1-a8f4-b48c9db4e1b4,5,"[0, 0, 1, 0, 0, 1, 1, 1]",3,0,0,,0.625,8
6444,9afc0a18-8861-11f1-a8f4-b48c9db4e1b4,5,"[0, 0, 1, 0, 0, 1, 1, 1]",4,0,0,,0.625,8
6445,9afc0a18-8861-11f1-a8f4-b48c9db4e1b4,5,"[0, 0, 1, 0, 0, 1, 1, 1]",5,1,1,,0.625,8
6446,9afc0a18-8861-11f1-a8f4-b48c9db4e1b4,5,"[0, 0, 1, 0, 0, 1, 1, 1]",6,1,1,,0.625,8
6447,9afc0a18-8861-11f1-a8f4-b48c9db4e1b4,5,"[0, 0, 1, 0, 0, 1, 1, 1]",7,1,1,,0.625,8
6448,9afc0a18-8861-11f1-a8f4-b48c9db4e1b4,6,"[1, 1, 0, 1, 0, 1, 1, 0]",0,1,1,,0.625,8
6449,9afc0a18-8861-11f1-a8f4-b48c9db4e1b4,6,"[1, 1, 0, 1, 0, 1, 1, 0]",1,1,1,,0.625,8
6450,9afc0a18-8861-11f1-a8f4-b48c9db4e1b4,6,"[1, 1, 0, 1, 0, 1, 1, 0]",2,0,0,,0.625,8
6451,9afc0a18-8861-11f1-a8f4-b48c9db4e1b4,6,"[1, 1, 0, 1, 0, 1, 1, 0]",3,1,1,,0.625,8
6452,9afc0a18-8861-11f1-a8f4-b48c9db4e1b4,6,"[1, 1, 0, 1, 0, 1, 1, 0]",4,0,0,,0.625,8
6453,9afc0a18-8861-11f1-a8f4-b48c9db4e1b4,6,"[1, 1, 0, 1, 0, 1, 1, 0]",5,1,1,,0.625,8
6454,9afc0a18-8861-11f1-a8f4-b48c9db4e1b4,6,"[1, 1, 0, 1, 0, 1, 1, 0]",6,1,1,,0.625,8
6455,9afc0a18-8861-11f1-a8f4-b48c9db4e1b4,6,"[1, 1, 0, 1, 0, 1, 1, 0]",7,0,0,,0.625,8
6456,9afc0a18-8861-11f1-a8f4-b48c9db4e1b4,7,"[1, 0, 0, 1, 1, 0, 0, 0]",0,1,1,,0.625,8
6457,9afc0a18-8861-11f1-a8f4-b48c9db4e1b4,7,"[1, 0, 0, 1, 1, 0, 0, 0]",1,0,0,,0.625,8
6458,9afc0a18-8861-11f1-a8f4-b48c9db4e1b4,7,"[1, 0, 0, 1, 1, 0, 0, 0]",2,0,0,,0.625,8
6459,9afc0a18-8861-11f1-a8f4-b48c9db4e1b4,7,"[1, 0, 0, 1, 1, 0, 0, 0]",3,1,1,,0.625,8
6460,9afc0a18-8861-11f1-a8f4-b48c9db4e1b4,7,"[1, 0, 0, 1, 1, 0, 0, 0]",4,1,1,,0.625,8
6461,9afc0a18-8861-11f1-a8f4-b48c9db4e1b4,7,"[1, 0, 0, 1, 1, 0, 0, 0]",5,0,0,,0.625,8
6462,9afc0a18-8861-11f1-a8f4-b48c9db4e1b4,7,"[1, 0, 0, 1, 1, 0, 0, 0]",6,0,0,,0.625,8
6463,9afc0a18-8861-11f1-a8f4-b48c9db4e1b4,7,"[1, 0, 0, 1, 1, 0, 0, 0]",7,0,0,,0.625,8
6464,9afc0a18-8861-11f1-a8f4-b48c9db4e1b4,8,"[1, 1, 0, 1, 0, 0, 0, 0]",0,1,1,,0.625,8
6465,9afc0a18-8861-11f1-a8f4-b48c9db4e1b4,8,"[1, 1, 0, 1, 0, 0, 0, 0]",1,1,1,,0.625,8
6466,9afc0a18-8861-11f1-a8f4-b48c9db4e1b4,8,"[1, 1, 0, 1, 0, 0, 0, 0]",2,0,0,,0.625,8
6467,9afc0a18-8861-11f1-a8f4-b48c9db4e1b4,8,"[1, 1, 0, 1, 0, 0, 0, 0]",3,1,1,,0.625,8
6468,9afc0a18-8861-11f1-a8f4-b48c9db4e1b4,8,"[1, 1, 0, 1, 0, 0, 0, 0]",4,0,0,,0.625,8
6469,9afc0a18-8861-11f1-a8f4-b48c9db4e1b4,8,"[1, 1, 0, 1, 0, 0, 0, 0]",5,0,0,,0.625,8
6470,9afc0a18-8861-11f1-a8f4-b48c9db4e1b4,8,"[1, 1, 0, 1, 0, 0, 0, 0]",6,0,0,,0.625,8
6471,9afc0a18-8861-11f1-a8f4-b48c9db4e1b4,8,"[1, 1, 0, 1, 0, 0, 0, 0]",7,0,0,,0.625,8
6472,9afc0a18-8861-11f1-a8f4-b48c9db4e1b4,9,"[0, 1, 0, 0, 0, 1, 0, 0]",0,0,0,,0.625,8
6473,9afc0a18-8861-11f1-a8f4-b48c9db4e1b4,9,"[0, 1, 0, 0, 0, 1, 0, 0]",1,1,1,,0.625,8
6474,9afc0a18-8861-11f1-a8f4-b48c9db4e1b4,9,"[0, 1, 0, 0, 0, 1, 0, 0]",2,0,0,,0.625,8
6475,9afc0a18-8861-11f1-a8f4-b48c9db4e1b4,9,"[0, 1, 0, 0, 0, 1, 0, 0]",3,0,0,,0.625,8
6476,9afc0a18-8861-11f1-a8f4-b48c9db4e1b4,9,"[0, 1, 0, 0, 0, 1, 0, 0]",4,0,0,,0.625,8
6477,9afc0a18-8861-11f1-a8f4-b48c9db4e1b4,9,"[0, 1, 0, 0, 0, 1, 0, 0]",5,1,1,,0.625,8
6478,9afc0a18-8861-11f1-a8f4-b48c9db4e1b4,9,"[0, 1, 0, 0, 0, 1, 0, 0]",6,0,0,,0.625,8
6479,9afc0a18-8861-11f1-a8f4-b48c9db4e1b4,9,"[0, 1, 0, 0, 0, 1, 0, 0]",7,0,0,,0.625,8
6480,9afc0a18-8861-11f1-a8f4-b48c9db4e1b4,10,"[0, 1, 0, 1, 0, 0, 0, 0]",0,0,0,,0.625,8
6481,9afc0a18-8861-11f1-a8f4-b48c9db4e1b4,10,"[0, 1, 0, 1, 0, 0, 0, 0]",1,1,1,,0.625,8
6482,9afc0a18-8861-11f1-a8f4-b48c9db4e1b4,10,"[0, 1, 0, 1, 0, 0, 0, 0]",2,0,0,,0.625,8
6483,9afc0a18-8861-11f1-a8f4-b48c9db4e1b4,10,"[0, 1, 0, 1, 0, 0, 0, 0]",3,1,1,,0.625,8
6484,9afc0a18-8861-11f1-a8f4-b48c9db4e1b4,10,"[0, 1, 0, 1, 0, 0, 0, 0]",4,0,0,,0.625,8
6485,9afc0a18-8861-11f1-a8f4-b48c9db4e1b4,10,"[0, 1, 0, 1, 0, 0, 0, 0]",5,0,0,,0.625,8
6486,9afc0a18-8861-11f1-a8f4-b48c9db4e1b4,10,"[0, 1, 0, 1, 0, 0, 0, 0]",6,0,0,,0.625,8
6487,9afc0a18-8861-11f1-a8f4-b48c9db4e1b4,10,"[0, 1, 0, 1, 0, 0, 0, 0]",7,0,0,,0.625,8
6488,9afc0a18-8861-11f1-a8f4-b48c9db4e1b4,11,"[1, 0, 0, 0, 1, 1, 1, 0]",0,1,1,,0.625,8
6489,9afc0a18-8861-11f1-a8f4-b48c9db4e1b4,11,"[1, 0, 0, 0, 1, 1, 1, 0]",1,0,0,,0.625,8
6490,9afc0a18-8861-11f1-a8f4-b48c9db4e1b4,11,"[1, 0, 0, 0, 1, 1, 1, 0]",2,0,0,,0.625,8
6491,9afc0a18-8861-11f1-a8f4-b48c9db4e1b4,11,"[1, 0, 0, 0, 1, 1, 1, 0]",3,0,0,,0.625,8
6492,9afc0a18-8861-11f1-a8f4-b48c9db4e1b4,11,"[1, 0, 0, 0, 1, 1, 1, 0]",4,1,1,,0.625,8
6493,9afc0a18-8861-11f1-a8f4-b48c9db4e1b4,11,"[1, 0, 0, 0, 1, 1, 1, 0]",5,1,1,,0.625,8
6494,9afc0a18-8861-11f1-a8f4-b48c9db4e1b4,11,"[1, 0, 0, 0, 1, 1, 1, 0]",6,1,1,,0.625,8
6495,9afc0a18-8861-11f1-a8f4-b48c9db4e1b4,11,"[1, 0, 0, 0, 1, 1, 1, 0]",7,0,0,,0.625,8
6496,9afc0a18-8861-11f1-a8f4-b48c9db4e1b4,12,"[1, 1, 1, 1, 1, 0, 1, 1]",0,1,-1,,0.625,8
6497,9afc0a18-8861-11f1-a8f4-b48c9db4e1b4,12,"[1, 1, 1, 1, 1, 0, 1, 1]",1,1,-1,,0.625,8
6498,9afc0a18-8861-11f1-a8f4-b48c9db4e1b4,12,"[1, 1, 1, 1, 1, 0, 1, 1]",2,1,-1,,0.625,8
6499,9afc0a18-8861-11f1-a8f4-b48c9db4e1b4,12,"[1, 1, 1, 1, 1, 0, 1, 1]",3,1,-1,,0.625,8
6500,9afc0a18-8861-11f1-a8f4-b48c9db4e1b4,12,"[1, 1, 1, 1, 1, 0, 1, 1]",4,1,-1,,0.625,8
6501,9afc0a18-8861-11f1-a8f4-b48c9db4e1b4,12,"[1, 1, 1, 1, 1, 0, 1, 1]",5,0,0,,0.625,8
6502,9afc0a18-8861-11f1-a8f4-b48c9db4e1b4,12,"[1, 1, 1, 1, 1, 0, 1, 1]",6,1,-1,,0.625,8
6503,9afc0a18-8861-11f1-a8f4-b48c9db4e1b4,12,"[1, 1, 1, 1, 1, 0, 1, 1]",7,1,-1,,0.625,8
6504,9afc0a18-8861-11f1-a8f4-b48c9db4e1b4,13,"[1, 1, 0, 0, 1, 0, 0, 0]",0,1,1,,0.625,8
6505,9afc0a18-8861-11f1-a8f4-b48c9db4e1b4,13,"[1, 1, 0, 0, 1, 0, 0, 0]",1,1,1,,0.625,8
6506,9afc0a18-8861-11f1-a8f4-b48c9db4e1b4,13,"[1, 1, 0, 0, 1, 0, 0, 0]",2,0,0,,0.625,8
6507,9afc0a18-8861-11f1-a8f4-b48c9db4e1b4,13,"[1, 1, 0, 0, 1, 0, 0, 0]",3,0,0,,0.625,8
6508,9afc0a18-8861-11f1-a8f4-b48c9db4e1b4,13,"[1, 1, 0, 0, 1, 0, 0, 0]",4,1,1,,0.625,8
6509,9afc0a18-8861-11f1-a8f4-b48c9db4e1b4,13,"[1, 1, 0, 0, 1, 0, 0, 0]",5,0,0,,0.625,8
6510,9afc0a18-8861-11f1-a8f4-b48c9db4e1b4,13,"[1, 1, 0, 0, 1, 0, 0, 0]",6,0,0,,0.625,8
6511,9afc0a18-8861-11f1-a8f4-b48c9db4e1b4,13,"[1, 1, 0, 0, 1, 0, 0, 0]",7,0,0,,0.625,8
6512,9afc0a18-8861-11f1-a8f4-b48c9db4e1b4,14,"[0, 0, 0, 0, 0, 0, 1, 0]",0,0,0,,0.625,8
6513,9afc0a18-8861-11f1-a8f4-b48c9db4e1b4,14,"[0, 0, 0, 0, 0, 0, 1, 0]",1,0,0,,0.625,8
6514,9afc0a18-8861-11f1-a8f4-b48c9db4e1b4,14,"[0, 0, 0, 0, 0, 0, 1, 0]",2,0,0,,0.625,8
6515,9afc0a18-8861-11f1-a8f4-b48c9db4e1b4,14,"[0, 0, 0, 0, 0, 0, 1, 0]",3,0,0,,0.625,8
6516,9afc0a18-8861-11f1-a8f4-b48c9db4e1b4,14,"[0, 0, 0, 0, 0, 0, 1, 0]",4,0,0,,0.625,8
6517,9afc0a18-8861-11f1-a8f4-b48c9db4e1b4,14,"[0, 0, 0, 0, 0, 0, 1, 0]",5,0,0,,0.625,8
6518,9afc0a18-8861-11f1-a8f4-b48c9db4e1b4,14,"[0, 0, 0, 0, 0, 0, 1, 0]",6,1,1,,0.625,8
6519,9afc0a18-8861-11f1-a8f4-b48c9db4e1b4,14,"[0, 0, 0, 0, 0, 0, 1, 0]",7,0,0,,0.625,8
6520,9afc0a18-8861-11f1-a8f4-b48c9db4e1b4,15,"[1, 1, 1, 1, 1, 0, 0, 0]",0,1,1,,0.625,8
6521,9afc0a18-8861-11f1-a8f4-b48c9db4e1b4,15,"[1, 1, 1, 1, 1, 0, 0, 0]",1,1,1,,0.625,8
6522,9afc0a18-8861-11f1-a8f4-b48c9db4e1b4,15,"[1, 1, 1, 1, 1, 0, 0, 0]",2,1,1,,0.625,8
6523,9afc0a18-8861-11f1-a8f4-b48c9db4e1b4,15,"[1, 1, 1, 1, 1, 0, 0, 0]",3,1,1,,0.625,8
6524,9afc0a18-8861-11f1-a8f4-b48c9db4e1b4,15,"[1, 1, 1, 1, 1, 0, 0, 0]",4,1,1,,0.625,8
6525,9afc0a18-8861-11f1-a8f4-b48c9db4e1b4,15,"[1, 1, 1, 1, 1, 0, 0, 0]",5,0,0,,0.625,8
6526,9afc0a18-8861-11f1-a8f4-b48c9db4e1b4,15,"[1, 1, 1, 1, 1, 0, 0, 0]",6,0,0,,0.625,8
6527,9afc0a18-8861-11f1-a8f4-b48c9db4e1b4,15,"[1, 1, 1, 1, 1, 0, 0, 0]",7,0,0,,0.625,8
6528,9afc0a18-8861-11f1-a8f4-b48c9db4e1b4,16,"[0, 0, 1, 0, 0, 0, 1, 1]",0,0,0,,0.625,8
6529,9afc0a18-8861-11f1-a8f4-b48c9db4e1b4,16,"[0, 0, 1, 0, 0, 0, 1, 1]",1,0,0,,0.625,8
6530,9afc0a18-8861-11f1-a8f4-b48c9db4e1b4,16,"[0, 0, 1, 0, 0, 0, 1, 1]",2,1,1,,0.625,8
6531,9afc0a18-8861-11f1-a8f4-b48c9db4e1b4,16,"[0, 0, 1, 0, 0, 0, 1, 1]",3,0,0,,0.625,8
6532,9afc0a18-8861-11f1-a8f4-b48c9db4e1b4,16,"[0, 0, 1, 0, 0, 0, 1, 1]",4,0,0,,0.625,8
6533,9afc0a18-8861-11f1-a8f4-b48c9db4e1b4,16,"[0, 0, 1, 0, 0, 0, 1, 1]",5,0,0,,0.625,8
6534,9afc0a18-8861-11f1-a8f4-b48c9db4e1b4,16,"[0, 0, 1, 0, 0, 0, 1, 1]",6,1,1,,0.625,8
6535,9afc0a18-8861-11f1-a8f4-b48c9db4e1b4,16,"[0, 0, 1, 0, 0, 0, 1, 1]",7,1,1,,0.625,8
6536,9afc0a18-8861-11f1-a8f4-b48c9db4e1b4,17,"[0, 0, 0, 0, 1, 1, 1, 0]",0,0,0,,0.625,8
6537,9afc0a18-8861-11f1-a8f4-b48c9db4e1b4,17,"[0, 0, 0, 0, 1, 1, 1, 0]",1,0,0,,0.625,8
6538,9afc0a18-8861-11f1-a8f4-b48c9db4e1b4,17,"[0, 0, 0, 0, 1, 1, 1, 0]",2,0,0,,0.625,8
6539,9afc0a18-8861-11f1-a8f4-b48c9db4e1b4,17,"[0, 0, 0, 0, 1, 1, 1, 0]",3,0,0,,0.625,8
6540,9afc0a18-8861-11f1-a8f4-b48c9db4e1b4,17,"[0, 0, 0, 0, 1, 1, 1, 0]",4,1,1,,0.625,8
6541,9afc0a18-8861-11f1-a8f4-b48c9db4e1b4,17,"[0, 0, 0, 0, 1, 1, 1, 0]",5,1,1,,0.625,8
6542,9afc0a18-8861-11f1-a8f4-b48c9db4e1b4,17,"[0, 0, 0, 0, 1, 1, 1, 0]",6,1,1,,0.625,8
6543,9afc0a18-8861-11f1-a8f4-b48c9db4e1b4,17,"[0, 0, 0, 0, 1, 1, 1, 0]",7,0,0,,0.625,8
6544,9afc0a18-8861-11f1-a8f4-b48c9db4e1b4,18,"[0, 1, 1, 0, 1, 0, 1, 1]",0,0,0,,0.625,8
6545,9afc0a18-8861-11f1-a8f4-b48c9db4e1b4,18,"[0, 1, 1, 0, 1, 0, 1, 1]",1,1,1,,0.625,8
6546,9afc0a18-8861-11f1-a8f4-b48c9db4e1b4,18,"[0, 1, 1, 0, 1, 0, 1, 1]",2,1,1,,0.625,8
6547,9afc0a18-8861-11f1-a8f4-b48c9db4e1b4,18,"[0, 1, 1, 0, 1, 0, 1, 1]",3,0,0,,0.625,8
6548,9afc0a18-8861-11f1-a8f4-b48c9db4e1b4,18,"[0, 1, 1, 0, 1, 0, 1, 1]",4,1,1,,0.625,8
6549,9afc0a18-8861-11f1-a8f4-b48c9db4e1b4,18,"[0, 1, 1, 0, 1, 0, 1, 1]",5,0,0,,0.625,8
6550,9afc0a18-8861-11f1-a8f4-b48c9db4e1b4,18,"[0, 1, 1, 0, 1, 0, 1, 1]",6,1,1,,0.625,8
6551,9afc0a18-8861-11f1-a8f4-b48c9db4e1b4,18,"[0, 1, 1, 0, 1, 0, 1, 1]",7,1,1,,0.625,8
6552,9afc0a18-8861-11f1-a8f4-b48c9db4e1b4,19,"[1, 0, 0, 0, 0, 1, 0, 1]",0,1,1,,0.625,8
6553,9afc0a18-8861-11f1-a8f4-b48c9db4e1b4,19,"[1, 0, 0, 0, 0, 1, 0, 1]",1,0,0,,0.625,8
6554,9afc0a18-8861-11f1-a8f4-b48c9db4e1b4,19,"[1, 0, 0, 0, 0, 1, 0, 1]",2,0,0,,0.625,8
6555,9afc0a18-8861-11f1-a8f4-b48c9db4e1b4,19,"[1, 0, 0, 0, 0, 1, 0, 1]",3,0,0,,0.625,8
6556,9afc0a18-8861-11f1-a8f4-b48c9db4e1b4,19,"[1, 0, 0, 0, 0, 1, 0, 1]",4,0,0,,0.625,8
6557,9afc0a18-8861-11f1-a8f4-b48c9db4e1b4,19,"[1, 0, 0, 0, 0, 1, 0, 1]",5,1,1,,0.625,8
6558,9afc0a18-8861-11f1-a8f4-b48c9db4e1b4,19,"[1, 0, 0, 0, 0, 1, 0, 1]",6,0,0,,0.625,8
6559,9afc0a18-8861-11f1-a8f4-b48c9db4e1b4,19,"[1, 0, 0, 0, 0, 1, 0, 1]",7,1,1,,0.625,8
6560,9aff7d3d-8861-11f1-8a73-b48c9db4e1b4,0,"[1, 1, 0, 0, 0, 0, 0, 0]",0,1,1,,0.625,8
6561,9aff7d3d-8861-11f1-8a73-b48c9db4e1b4,0,"[1, 1, 0, 0, 0, 0, 0, 0]",1,1,1,,0.625,8
6562,9aff7d3d-8861-11f1-8a73-b48c9db4e1b4,0,"[1, 1, 0, 0, 0, 0, 0, 0]",2,0,0,,0.625,8
6563,9aff7d3d-8861-11f1-8a73-b48c9db4e1b4,0,"[1, 1, 0, 0, 0, 0, 0, 0]",3,0,0,,0.625,8
6564,9aff7d3d-8861-11f1-8a73-b48c9db4e1b4,0,"[1, 1, 0, 0, 0, 0, 0, 0]",4,0,0,,0.625,8
6565,9aff7d3d-8861-11f1-8a73-b48c9db4e1b4,0,"[1, 1, 0, 0, 0, 0, 0, 0]",5,0,0,,0.625,8
6566,9aff7d3d-8861-11f1-8a73-b48c9db4e1b4,0,"[1, 1, 0, 0, 0, 0, 0, 0]",6,0,0,,0.625,8
6567,9aff7d3d-8861-11f1-8a73-b48c9db4e1b4,0,"[1, 1, 0, 0, 0, 0, 0, 0]",7,0,0,,0.625,8
6568,9aff7d3d-8861-11f1-8a73-b48c9db4e1b4,1,"[0, 0, 1, 0, 0, 0, 1, 0]",0,0,0,,0.625,8
6569,9aff7d3d-8861-11f1-8a73-b48c9db4e1b4,1,"[0, 0, 1, 0, 0, 0, 1, 0]",1,0,0,,0.625,8
6570,9aff7d3d-8861-11f1-8a73-b48c9db4e1b4,1,"[0, 0, 1, 0, 0, 0, 1, 0]",2,1,1,,0.625,8
6571,9aff7d3d-8861-11f1-8a73-b48c9db4e1b4,1,"[0, 0, 1, 0, 0, 0, 1, 0]",3,0,0,,0.625,8
6572,9aff7d3d-8861-11f1-8a73-b48c9db4e1b4,1,"[0, 0, 1, 0, 0, 0, 1, 0]",4,0,0,,0.625,8
6573,9aff7d3d-8861-11f1-8a73-b48c9db4e1b4,1,"[0, 0, 1, 0, 0, 0, 1, 0]",5,0,0,,0.625,8
6574,9aff7d3d-8861-11f1-8a73-b48c9db4e1b4,1,"[0, 0, 1, 0, 0, 0, 1, 0]",6,1,1,,0.625,8
6575,9aff7d3d-8861-11f1-8a73-b48c9db4e1b4,1,"[0, 0, 1, 0, 0, 0, 1, 0]",7,0,0,,0.625,8
6576,9aff7d3d-8861-11f1-8a73-b48c9db4e1b4,2,"[0, 0, 0, 0, 0, 1, 0, 0]",0,0,0,,0.625,8
6577,9aff7d3d-8861-11f1-8a73-b48c9db4e1b4,2,"[0, 0, 0, 0, 0, 1, 0, 0]",1,0,0,,0.625,8
6578,9aff7d3d-8861-11f1-8a73-b48c9db4e1b4,2,"[0, 0, 0, 0, 0, 1, 0, 0]",2,0,0,,0.625,8
6579,9aff7d3d-8861-11f1-8a73-b48c9db4e1b4,2,"[0, 0, 0, 0, 0, 1, 0, 0]",3,0,0,,0.625,8
6580,9aff7d3d-8861-11f1-8a73-b48c9db4e1b4,2,"[0, 0, 0, 0, 0, 1, 0, 0]",4,0,0,,0.625,8
6581,9aff7d3d-8861-11f1-8a73-b48c9db4e1b4,2,"[0, 0, 0, 0, 0, 1, 0, 0]",5,1,1,,0.625,8
6582,9aff7d3d-8861-11f1-8a73-b48c9db4e1b4,2,"[0, 0, 0, 0, 0, 1, 0, 0]",6,0,0,,0.625,8
6583,9aff7d3d-8861-11f1-8a73-b48c9db4e1b4,2,"[0, 0, 0, 0, 0, 1, 0, 0]",7,0,0,,0.625,8
6584,9aff7d3d-8861-11f1-8a73-b48c9db4e1b4,3,"[1, 1, 0, 1, 0, 1, 1, 1]",0,1,-1,,0.625,8
6585,9aff7d3d-8861-11f1-8a73-b48c9db4e1b4,3,"[1, 1, 0, 1, 0, 1, 1, 1]",1,1,-1,,0.625,8
6586,9aff7d3d-8861-11f1-8a73-b48c9db4e1b4,3,"[1, 1, 0, 1, 0, 1, 1, 1]",2,0,0,,0.625,8
6587,9aff7d3d-8861-11f1-8a73-b48c9db4e1b4,3,"[1, 1, 0, 1, 0, 1, 1, 1]",3,1,-1,,0.625,8
6588,9aff7d3d-8861-11f1-8a73-b48c9db4e1b4,3,"[1, 1, 0, 1, 0, 1, 1, 1]",4,0,0,,0.625,8
6589,9aff7d3d-8861-11f1-8a73-b48c9db4e1b4,3,"[1, 1, 0, 1, 0, 1, 1, 1]",5,1,-1,,0.625,8
6590,9aff7d3d-8861-11f1-8a73-b48c9db4e1b4,3,"[1, 1, 0, 1, 0, 1, 1, 1]",6,1,-1,,0.625,8
6591,9aff7d3d-8861-11f1-8a73-b48c9db4e1b4,3,"[1, 1, 0, 1, 0, 1, 1, 1]",7,1,-1,,0.625,8
6592,9aff7d3d-8861-11f1-8a73-b48c9db4e1b4,4,"[1, 0, 0, 1, 0, 1, 0, 1]",0,1,1,,0.625,8
6593,9aff7d3d-8861-11f1-8a73-b48c9db4e1b4,4,"[1, 0, 0, 1, 0, 1, 0, 1]",1,0,0,,0.625,8
6594,9aff7d3d-8861-11f1-8a73-b48c9db4e1b4,4,"[1, 0, 0, 1, 0, 1, 0, 1]",2,0,0,,0.625,8
6595,9aff7d3d-8861-11f1-8a73-b48c9db4e1b4,4,"[1, 0, 0, 1, 0, 1, 0, 1]",3,1,1,,0.625,8
6596,9aff7d3d-8861-11f1-8a73-b48c9db4e1b4,4,"[1, 0, 0, 1, 0, 1, 0, 1]",4,0,0,,0.625,8
6597,9aff7d3d-8861-11f1-8a73-b48c9db4e1b4,4,"[1, 0, 0, 1, 0, 1, 0, 1]",5,1,1,,0.625,8
6598,9aff7d3d-8861-11f1-8a73-b48c9db4e1b4,4,"[1, 0, 0, 1, 0, 1, 0, 1]",6,0,0,,0.625,8
6599,9aff7d3d-8861-11f1-8a73-b48c9db4e1b4,4,"[1, 0, 0, 1, 0, 1, 0, 1]",7,1,1,,0.625,8
6600,9aff7d3d-8861-11f1-8a73-b48c9db4e1b4,5,"[0, 1, 1, 0, 1, 1, 0, 0]",0,0,0,,0.625,8
6601,9aff7d3d-8861-11f1-8a73-b48c9db4e1b4,5,"[0, 1, 1, 0, 1, 1, 0, 0]",1,1,1,,0.625,8
6602,9aff7d3d-8861-11f1-8a73-b48c9db4e1b4,5,"[0, 1, 1, 0, 1, 1, 0, 0]",2,1,1,,0.625,8
6603,9aff7d3d-8861-11f1-8a73-b48c9db4e1b4,5,"[0, 1, 1, 0, 1, 1, 0, 0]",3,0,0,,0.625,8
6604,9aff7d3d-8861-11f1-8a73-b48c9db4e1b4,5,"[0, 1, 1, 0, 1, 1, 0, 0]",4,1,1,,0.625,8
6605,9aff7d3d-8861-11f1-8a73-b48c9db4e1b4,5,"[0, 1, 1, 0, 1, 1, 0, 0]",5,1,1,,0.625,8
6606,9aff7d3d-8861-11f1-8a73-b48c9db4e1b4,5,"[0, 1, 1, 0, 1, 1, 0, 0]",6,0,0,,0.625,8
6607,9aff7d3d-8861-11f1-8a73-b48c9db4e1b4,5,"[0, 1, 1, 0, 1, 1, 0, 0]",7,0,0,,0.625,8
6608,9aff7d3d-8861-11f1-8a73-b48c9db4e1b4,6,"[0, 0, 0, 0, 1, 0, 1, 1]",0,0,0,,0.625,8
6609,9aff7d3d-8861-11f1-8a73-b48c9db4e1b4,6,"[0, 0, 0, 0, 1, 0, 1, 1]",1,0,0,,0.625,8
6610,9aff7d3d-8861-11f1-8a73-b48c9db4e1b4,6,"[0, 0, 0, 0, 1, 0, 1, 1]",2,0,0,,0.625,8
6611,9aff7d3d-8861-11f1-8a73-b48c9db4e1b4,6,"[0, 0, 0, 0, 1, 0, 1, 1]",3,0,0,,0.625,8
6612,9aff7d3d-8861-11f1-8a73-b48c9db4e1b4,6,"[0, 0, 0, 0, 1, 0, 1, 1]",4,1,1,,0.625,8
6613,9aff7d3d-8861-11f1-8a73-b48c9db4e1b4,6,"[0, 0, 0, 0, 1, 0, 1, 1]",5,0,0,,0.625,8
6614,9aff7d3d-8861-11f1-8a73-b48c9db4e1b4,6,"[0, 0, 0, 0, 1, 0, 1, 1]",6,1,1,,0.625,8
6615,9aff7d3d-8861-11f1-8a73-b48c9db4e1b4,6,"[0, 0, 0, 0, 1, 0, 1, 1]",7,1,1,,0.625,8
6616,9aff7d3d-8861-11f1-8a73-b48c9db4e1b4,7,"[1, 0, 0, 0, 1, 1, 1, 0]",0,1,1,,0.625,8
6617,9aff7d3d-8861-11f1-8a73-b48c9db4e1b4,7,"[1, 0, 0, 0, 1, 1, 1, 0]",1,0,0,,0.625,8
6618,9aff7d3d-8861-11f1-8a73-b48c9db4e1b4,7,"[1, 0, 0, 0, 1, 1, 1, 0]",2,0,0,,0.625,8
6619,9aff7d3d-8861-11f1-8a73-b48c9db4e1b4,7,"[1, 0, 0, 0, 1, 1, 1, 0]",3,0,0,,0.625,8
6620,9aff7d3d-8861-11f1-8a73-b48c9db4e1b4,7,"[1, 0, 0, 0, 1, 1, 1, 0]",4,1,1,,0.625,8
6621,9aff7d3d-8861-11f1-8a73-b48c9db4e1b4,7,"[1, 0, 0, 0, 1, 1, 1, 0]",5,1,1,,0.625,8
6622,9aff7d3d-8861-11f1-8a73-b48c9db4e1b4,7,"[1, 0, 0, 0, 1, 1, 1, 0]",6,1,1,,0.625,8
6623,9aff7d3d-8861-11f1-8a73-b48c9db4e1b4,7,"[1, 0, 0, 0, 1, 1, 1, 0]",7,0,0,,0.625,8
6624,9aff7d3d-8861-11f1-8a73-b48c9db4e1b4,8,"[0, 1, 0, 0, 0, 0, 0, 1]",0,0,0,,0.625,8
6625,9aff7d3d-8861-11f1-8a73-b48c9db4e1b4,8,"[0, 1, 0, 0, 0, 0, 0, 1]",1,1,1,,0.625,8
6626,9aff7d3d-8861-11f1-8a73-b48c9db4e1b4,8,"[0, 1, 0, 0, 0, 0, 0, 1]",2,0,0,,0.625,8
6627,9aff7d3d-8861-11f1-8a73-b48c9db4e1b4,8,"[0, 1, 0, 0, 0, 0, 0, 1]",3,0,0,,0.625,8
6628,9aff7d3d-8861-11f1-8a73-b48c9db4e1b4,8,"[0, 1, 0, 0, 0, 0, 0, 1]",4,0,0,,0.625,8
6629,9aff7d3d-8861-11f1-8a73-b48c9db4e1b4,8,"[0, 1, 0, 0, 0, 0, 0, 1]",5,0,0,,0.625,8
6630,9aff7d3d-8861-11f1-8a73-b48c9db4e1b4,8,"[0, 1, 0, 0, 0, 0, 0, 1]",6,0,0,,0.625,8
6631,9aff7d3d-8861-11f1-8a73-b48c9db4e1b4,8,"[0, 1, 0, 0, 0, 0, 0, 1]",7,1,1,,0.625,8
6632,9aff7d3d-8861-11f1-8a73-b48c9db4e1b4,9,"[0, 1, 1, 1, 0, 0, 0, 1]",0,0,0,,0.625,8
6633,9aff7d3d-8861-11f1-8a73-b48c9db4e1b4,9,"[0, 1, 1, 1, 0, 0, 0, 1]",1,1,1,,0.625,8
6634,9aff7d3d-8861-11f1-8a73-b48c9db4e1b4,9,"[0, 1, 1, 1, 0, 0, 0, 1]",2,1,1,,0.625,8
6635,9aff7d3d-8861-11f1-8a73-b48c9db4e1b4,9,"[0, 1, 1, 1, 0, 0, 0, 1]",3,1,1,,0.625,8
6636,9aff7d3d-8861-11f1-8a73-b48c9db4e1b4,9,"[0, 1, 1, 1, 0, 0, 0, 1]",4,0,0,,0.625,8
6637,9aff7d3d-8861-11f1-8a73-b48c9db4e1b4,9,"[0, 1, 1, 1, 0, 0, 0, 1]",5,0,0,,0.625,8
6638,9aff7d3d-8861-11f1-8a73-b48c9db4e1b4,9,"[0, 1, 1, 1, 0, 0, 0, 1]",6,0,0,,0.625,8
6639,9aff7d3d-8861-11f1-8a73-b48c9db4e1b4,9,"[0, 1, 1, 1, 0, 0, 0, 1]",7,1,1,,0.625,8
6640,9aff7d3d-8861-11f1-8a73-b48c9db4e1b4,10,"[0, 0, 0, 1, 0, 0, 1, 1]",0,0,0,,0.625,8
6641,9aff7d3d-8861-11f1-8a73-b48c9db4e1b4,10,"[0, 0, 0, 1, 0, 0, 1, 1]",1,0,0,,0.625,8
6642,9aff7d3d-8861-11f1-8a73-b48c9db4e1b4,10,"[0, 0, 0, 1, 0, 0, 1, 1]",2,0,0,,0.625,8
6643,9aff7d3d-8861-11f1-8a73-b48c9db4e1b4,10,"[0, 0, 0, 1, 0, 0, 1, 1]",3,1,1,,0.625,8
6644,9aff7d3d-8861-11f1-8a73-b48c9db4e1b4,10,"[0, 0, 0, 1, 0, 0, 1, 1]",4,0,0,,0.625,8
6645,9aff7d3d-8861-11f1-8a73-b48c9db4e1b4,10,"[0, 0, 0, 1, 0, 0, 1, 1]",5,0,0,,0.625,8
6646,9aff7d3d-8861-11f1-8a73-b48c9db4e1b4,10,"[0, 0, 0, 1, 0, 0, 1, 1]",6,1,1,,0.625,8
6647,9aff7d3d-8861-11f1-8a73-b48c9db4e1b4,10,"[0, 0, 0, 1, 0, 0, 1, 1]",7,1,1,,0.625,8
6648,9aff7d3d-8861-11f1-8a73-b48c9db4e1b4,11,"[0, 0, 1, 1, 0, 1, 1, 1]",0,0,0,,0.625,8
6649,9aff7d3d-8861-11f1-8a73-b48c9db4e1b4,11,"[0, 0, 1, 1, 0, 1, 1, 1]",1,0,0,,0.625,8
6650,9aff7d3d-8861-11f1-8a73-b48c9db4e1b4,11,"[0, 0, 1, 1, 0, 1, 1, 1]",2,1,1,,0.625,8
6651,9aff7d3d-8861-11f1-8a73-b48c9db4e1b4,11,"[0, 0, 1, 1, 0, 1, 1, 1]",3,1,1,,0.625,8
6652,9aff7d3d-8861-11f1-8a73-b48c9db4e1b4,11,"[0, 0, 1, 1, 0, 1, 1, 1]",4,0,0,,0.625,8
6653,9aff7d3d-8861-11f1-8a73-b48c9db4e1b4,11,"[0, 0, 1, 1, 0, 1, 1, 1]",5,1,1,,0.625,8
6654,9aff7d3d-8861-11f1-8a73-b48c9db4e1b4,11,"[0, 0, 1, 1, 0, 1, 1, 1]",6,1,1,,0.625,8
6655,9aff7d3d-8861-11f1-8a73-b48c9db4e1b4,11,"[0, 0, 1, 1, 0, 1, 1, 1]",7,1,1,,0.625,8
6656,9aff7d3d-8861-11f1-8a73-b48c9db4e1b4,12,"[1, 0, 0, 0, 1, 1, 1, 0]",0,1,1,,0.625,8
6657,9aff7d3d-8861-11f1-8a73-b48c9db4e1b4,12,"[1, 0, 0, 0, 1, 1, 1, 0]",1,0,0,,0.625,8
6658,9aff7d3d-8861-11f1-8a73-b48c9db4e1b4,12,"[1, 0, 0, 0, 1, 1, 1, 0]",2,0,0,,0.625,8
6659,9aff7d3d-8861-11f1-8a73-b48c9db4e1b4,12,"[1, 0, 0, 0, 1, 1, 1, 0]",3,0,0,,0.625,8
6660,9aff7d3d-8861-11f1-8a73-b48c9db4e1b4,12,"[1, 0, 0, 0, 1, 1, 1, 0]",4,1,1,,0.625,8
6661,9aff7d3d-8861-11f1-8a73-b48c9db4e1b4,12,"[1, 0, 0, 0, 1, 1, 1, 0]",5,1,1,,0.625,8
6662,9aff7d3d-8861-11f1-8a73-b48c9db4e1b4,12,"[1, 0, 0, 0, 1, 1, 1, 0]",6,1,1,,0.625,8
6663,9aff7d3d-8861-11f1-8a73-b48c9db4e1b4,12,"[1, 0, 0, 0, 1, 1, 1, 0]",7,0,0,,0.625,8
6664,9aff7d3d-8861-11f1-8a73-b48c9db4e1b4,13,"[0, 1, 1, 0, 0, 1, 0, 1]",0,0,0,,0.625,8
6665,9aff7d3d-8861-11f1-8a73-b48c9db4e1b4,13,"[0, 1, 1, 0, 0, 1, 0, 1]",1,1,1,,0.625,8
6666,9aff7d3d-8861-11f1-8a73-b48c9db4e1b4,13,"[0, 1, 1, 0, 0, 1, 0, 1]",2,1,1,,0.625,8
6667,9aff7d3d-8861-11f1-8a73-b48c9db4e1b4,13,"[0, 1, 1, 0, 0, 1, 0, 1]",3,0,0,,0.625,8
6668,9aff7d3d-8861-11f1-8a73-b48c9db4e1b4,13,"[0, 1, 1, 0, 0, 1, 0, 1]",4,0,0,,0.625,8
6669,9aff7d3d-8861-11f1-8a73-b48c9db4e1b4,13,"[0, 1, 1, 0, 0, 1, 0, 1]",5,1,1,,0.625,8
6670,9aff7d3d-8861-11f1-8a73-b48c9db4e1b4,13,"[0, 1, 1, 0, 0, 1, 0, 1]",6,0,0,,0.625,8
6671,9aff7d3d-8861-11f1-8a73-b48c9db4e1b4,13,"[0, 1, 1, 0, 0, 1, 0, 1]",7,1,1,,0.625,8
6672,9aff7d3d-8861-11f1-8a73-b48c9db4e1b4,14,"[1, 1, 0, 1, 1, 0, 1, 1]",0,1,-1,,0.625,8
6673,9aff7d3d-8861-11f1-8a73-b48c9db4e1b4,14,"[1, 1, 0, 1, 1, 0, 1, 1]",1,1,-1,,0.625,8
6674,9aff7d3d-8861-11f1-8a73-b48c9db4e1b4,14,"[1, 1, 0, 1, 1, 0, 1, 1]",2,0,0,,0.625,8
6675,9aff7d3d-8861-11f1-8a73-b48c9db4e1b4,14,"[1, 1, 0, 1, 1, 0, 1, 1]",3,1,-1,,0.625,8
6676,9aff7d3d-8861-11f1-8a73-b48c9db4e1b4,14,"[1, 1, 0, 1, 1, 0, 1, 1]",4,1,-1,,0.625,8
6677,9aff7d3d-8861-11f1-8a73-b48c9db4e1b4,14,"[1, 1, 0, 1, 1, 0, 1, 1]",5,0,0,,0.625,8
6678,9aff7d3d-8861-11f1-8a73-b48c9db4e1b4,14,"[1, 1, 0, 1, 1, 0, 1, 1]",6,1,-1,,0.625,8
6679,9aff7d3d-8861-11f1-8a73-b48c9db4e1b4,14,"[1, 1, 0, 1, 1, 0, 1, 1]",7,1,-1,,0.625,8
6680,9aff7d3d-8861-11f1-8a73-b48c9db4e1b4,15,"[0, 1, 1, 1, 1, 0, 0, 0]",0,0,0,,0.625,8
6681,9aff7d3d-8861-11f1-8a73-b48c9db4e1b4,15,"[0, 1, 1, 1, 1, 0, 0, 0]",1,1,1,,0.625,8
6682,9aff7d3d-8861-11f1-8a73-b48c9db4e1b4,15,"[0, 1, 1, 1, 1, 0, 0, 0]",2,1,1,,0.625,8
6683,9aff7d3d-8861-11f1-8a73-b48c9db4e1b4,15,"[0, 1, 1, 1, 1, 0, 0, 0]",3,1,1,,0.625,8
6684,9aff7d3d-8861-11f1-8a73-b48c9db4e1b4,15,"[0, 1, 1, 1, 1, 0, 0, 0]",4,1,1,,0.625,8
6685,9aff7d3d-8861-11f1-8a73-b48c9db4e1b4,15,"[0, 1, 1, 1, 1, 0, 0, 0]",5,0,0,,0.625,8
6686,9aff7d3d-8861-11f1-8a73-b48c9db4e1b4,15,"[0, 1, 1, 1, 1, 0, 0, 0]",6,0,0,,0.625,8
6687,9aff7d3d-8861-11f1-8a73-b48c9db4e1b4,15,"[0, 1, 1, 1, 1, 0, 0, 0]",7,0,0,,0.625,8
6688,9aff7d3d-8861-11f1-8a73-b48c9db4e1b4,16,"[1, 1, 0, 1, 0, 1, 0, 1]",0,1,1,,0.625,8
6689,9aff7d3d-8861-11f1-8a73-b48c9db4e1b4,16,"[1, 1, 0, 1, 0, 1, 0, 1]",1,1,1,,0.625,8
6690,9aff7d3d-8861-11f1-8a73-b48c9db4e1b4,16,"[1, 1, 0, 1, 0, 1, 0, 1]",2,0,0,,0.625,8
6691,9aff7d3d-8861-11f1-8a73-b48c9db4e1b4,16,"[1, 1, 0, 1, 0, 1, 0, 1]",3,1,1,,0.625,8
6692,9aff7d3d-8861-11f1-8a73-b48c9db4e1b4,16,"[1, 1, 0, 1, 0, 1, 0, 1]",4,0,0,,0.625,8
6693,9aff7d3d-8861-11f1-8a73-b48c9db4e1b4,16,"[1, 1, 0, 1, 0, 1, 0, 1]",5,1,1,,0.625,8
6694,9aff7d3d-8861-11f1-8a73-b48c9db4e1b4,16,"[1, 1, 0, 1, 0, 1, 0, 1]",6,0,0,,0.625,8
6695,9aff7d3d-8861-11f1-8a73-b48c9db4e1b4,16,"[1, 1, 0, 1, 0, 1, 0, 1]",7,1,1,,0.625,8
6696,9aff7d3d-8861-11f1-8a73-b48c9db4e1b4,17,"[0, 1, 1, 0, 0, 0, 0, 0]",0,0,0,,0.625,8
6697,9aff7d3d-8861-11f1-8a73-b48c9db4e1b4,17,"[0, 1, 1, 0, 0, 0, 0, 0]",1,1,1,,0.625,8
6698,9aff7d3d-8861-11f1-8a73-b48c9db4e1b4,17,"[0, 1, 1, 0, 0, 0, 0, 0]",2,1,1,,0.625,8
6699,9aff7d3d-8861-11f1-8a73-b48c9db4e1b4,17,"[0, 1, 1, 0, 0, 0, 0, 0]",3,0,0,,0.625,8
6700,9aff7d3d-8861-11f1-8a73-b48c9db4e1b4,17,"[0, 1, 1, 0, 0, 0, 0, 0]",4,0,0,,0.625,8
6701,9aff7d3d-8861-11f1-8a73-b48c9db4e1b4,17,"[0, 1, 1, 0, 0, 0, 0, 0]",5,0,0,,0.625,8
6702,9aff7d3d-8861-11f1-8a73-b48c9db4e1b4,17,"[0, 1, 1, 0, 0, 0, 0, 0]",6,0,0,,0.625,8
6703,9aff7d3d-8861-11f1-8a73-b48c9db4e1b4,17,"[0, 1, 1, 0, 0, 0, 0, 0]",7,0,0,,0.625,8
6704,9aff7d3d-8861-11f1-8a73-b48c9db4e1b4,18,"[1, 0, 1, 0, 1, 1, 1, 1]",0,1,-1,,0.625,8
6705,9aff7d3d-8861-11f1-8a73-b48c9db4e1b4,18,"[1, 0, 1, 0, 1, 1, 1, 1]",1,0,0,,0.625,8
6706,9aff7d3d-8861-11f1-8a73-b48c9db4e1b4,18,"[1, 0, 1, 0, 1, 1, 1, 1]",2,1,-1,,0.625,8
6707,9aff7d3d-8861-11f1-8a73-b48c9db4e1b4,18,"[1, 0, 1, 0, 1, 1, 1, 1]",3,0,0,,0.625,8
6708,9aff7d3d-8861-11f1-8a73-b48c9db4e1b4,18,"[1, 0, 1, 0, 1, 1, 1, 1]",4,1,-1,,0.625,8
6709,9aff7d3d-8861-11f1-8a73-b48c9db4e1b4,18,"[1, 0, 1, 0, 1, 1, 1, 1]",5,1,-1,,0.625,8
6710,9aff7d3d-8861-11f1-8a73-b48c9db4e1b4,18,"[1, 0, 1, 0, 1, 1, 1, 1]",6,1,-1,,0.625,8
6711,9aff7d3d-8861-11f1-8a73-b48c9db4e1b4,18,"[1, 0, 1, 0, 1, 1, 1, 1]",7,1,-1,,0.625,8
6712,9aff7d3d-8861-11f1-8a73-b48c9db4e1b4,19,"[1, 1, 0, 0, 1, 0, 1, 0]",0,1,1,,0.625,8
6713,9aff7d3d-8861-11f1-8a73-b48c9db4e1b4,19,"[1, 1, 0, 0, 1, 0, 1, 0]",1,1,1,,0.625,8
6714,9aff7d3d-8861-11f1-8a73-b48c9db4e1b4,19,"[1, 1, 0, 0, 1, 0, 1, 0]",2,0,0,,0.625,8
6715,9aff7d3d-8861-11f1-8a73-b48c9db4e1b4,19,"[1, 1, 0, 0, 1, 0, 1, 0]",3,0,0,,0.625,8
6716,9aff7d3d-8861-11f1-8a73-b48c9db4e1b4,19,"[1, 1, 0, 0, 1, 0, 1, 0]",4,1,1,,0.625,8
6717,9aff7d3d-8861-11f1-8a73-b48c9db4e1b4,19,"[1, 1, 0, 0, 1, 0, 1, 0]",5,0,0,,0.625,8
6718,9aff7d3d-8861-11f1-8a73-b48c9db4e1b4,19,"[1, 1, 0, 0, 1, 0, 1, 0]",6,1,1,,0.625,8
6719,9aff7d3d-8861-11f1-8a73-b48c9db4e1b4,19,"[1, 1, 0, 0, 1, 0, 1, 0]",7,0,0,,0.625,8
6720,9b02e9b4-8861-11f1-bcc0-b48c9db4e1b4,0,"[1, 0, 0, 1, 0, 1, 0, 0]",0,1,1,,0.625,8
6721,9b02e9b4-8861-11f1-bcc0-b48c9db4e1b4,0,"[1, 0, 0, 1, 0, 1, 0, 0]",1,0,0,,0.625,8
6722,9b02e9b4-8861-11f1-bcc0-b48c9db4e1b4,0,"[1, 0, 0, 1, 0, 1, 0, 0]",2,0,0,,0.625,8
6723,9b02e9b4-8861-11f1-bcc0-b48c9db4e1b4,0,"[1, 0, 0, 1, 0, 1, 0, 0]",3,1,1,,0.625,8
6724,9b02e9b4-8861-11f1-bcc0-b48c9db4e1b4,0,"[1, 0, 0, 1, 0, 1, 0, 0]",4,0,0,,0.625,8
6725,9b02e9b4-8861-11f1-bcc0-b48c9db4e1b4,0,"[1, 0, 0, 1, 0, 1, 0, 0]",5,1,1,,0.625,8
6726,9b02e9b4-8861-11f1-bcc0-b48c9db4e1b4,0,"[1, 0, 0, 1, 0, 1, 0, 0]",6,0,0,,0.625,8
6727,9b02e9b4-8861-11f1-bcc0-b48c9db4e1b4,0,"[1, 0, 0, 1, 0, 1, 0, 0]",7,0,0,,0.625,8
6728,9b02e9b4-8861-11f1-bcc0-b48c9db4e1b4,1,"[0, 1, 1, 0, 0, 0, 0, 1]",0,0,0,,0.625,8
6729,9b02e9b4-8861-11f1-bcc0-b48c9db4e1b4,1,"[0, 1, 1, 0, 0, 0, 0, 1]",1,1,1,,0.625,8
6730,9b02e9b4-8861-11f1-bcc0-b48c9db4e1b4,1,"[0, 1, 1, 0, 0, 0, 0, 1]",2,1,1,,0.625,8
6731,9b02e9b4-8861-11f1-bcc0-b48c9db4e1b4,1,"[0, 1, 1, 0, 0, 0, 0, 1]",3,0,0,,0.625,8
6732,9b02e9b4-8861-11f1-bcc0-b48c9db4e1b4,1,"[0, 1, 1, 0, 0, 0, 0, 1]",4,0,0,,0.625,8
6733,9b02e9b4-8861-11f1-bcc0-b48c9db4e1b4,1,"[0, 1, 1, 0, 0, 0, 0, 1]",5,0,0,,0.625,8
6734,9b02e9b4-8861-11f1-bcc0-b48c9db4e1b4,1,"[0, 1, 1, 0, 0, 0, 0, 1]",6,0,0,,0.625,8
6735,9b02e9b4-8861-11f1-bcc0-b48c9db4e1b4,1,"[0, 1, 1, 0, 0, 0, 0, 1]",7,1,1,,0.625,8
6736,9b02e9b4-8861-11f1-bcc0-b48c9db4e1b4,2,"[1, 0, 1, 0, 0, 0, 0, 1]",0,1,1,,0.625,8
6737,9b02e9b4-8861-11f1-bcc0-b48c9db4e1b4,2,"[1, 0, 1, 0, 0, 0, 0, 1]",1,0,0,,0.625,8
6738,9b02e9b4-8861-11f1-bcc0-b48c9db4e1b4,2,"[1, 0, 1, 0, 0, 0, 0, 1]",2,1,1,,0.625,8
6739,9b02e9b4-8861-11f1-bcc0-b48c9db4e1b4,2,"[1, 0, 1, 0, 0, 0, 0, 1]",3,0,0,,0.625,8
6740,9b02e9b4-8861-11f1-bcc0-b48c9db4e1b4,2,"[1, 0, 1, 0, 0, 0, 0, 1]",4,0,0,,0.625,8
6741,9b02e9b4-8861-11f1-bcc0-b48c9db4e1b4,2,"[1, 0, 1, 0, 0, 0, 0, 1]",5,0,0,,0.625,8
6742,9b02e9b4-8861-11f1-bcc0-b48c9db4e1b4,2,"[1, 0, 1, 0, 0, 0, 0, 1]",6,0,0,,0.625,8
6743,9b02e9b4-8861-11f1-bcc0-b48c9db4e1b4,2,"[1, 0, 1, 0, 0, 0, 0, 1]",7,1,1,,0.625,8
6744,9b02e9b4-8861-11f1-bcc0-b48c9db4e1b4,3,"[0, 0, 0, 0, 0, 0, 0, 0]",0,0,0,,0.625,8
6745,9b02e9b4-8861-11f1-bcc0-b48c9db4e1b4,3,"[0, 0, 0, 0, 0, 0, 0, 0]",1,0,0,,0.625,8
6746,9b02e9b4-8861-11f1-bcc0-b48c9db4e1b4,3,"[0, 0, 0, 0, 0, 0, 0, 0]",2,0,0,,0.625,8
6747,9b02e9b4-8861-11f1-bcc0-b48c9db4e1b4,3,"[0, 0, 0, 0, 0, 0, 0, 0]",3,0,0,,0.625,8
6748,9b02e9b4-8861-11f1-bcc0-b48c9db4e1b4,3,"[0, 0, 0, 0, 0, 0, 0, 0]",4,0,0,,0.625,8
6749,9b02e9b4-8861-11f1-bcc0-b48c9db4e1b4,3,"[0, 0, 0, 0, 0, 0, 0, 0]",5,0,0,,0.625,8
6750,9b02e9b4-8861-11f1-bcc0-b48c9db4e1b4,3,"[0, 0, 0, 0, 0, 0, 0, 0]",6,0,0,,0.625,8
6751,9b02e9b4-8861-11f1-bcc0-b48c9db4e1b4,3,"[0, 0, 0, 0, 0, 0, 0, 0]",7,0,0,,0.625,8
6752,9b02e9b4-8861-11f1-bcc0-b48c9db4e1b4,4,"[1, 0, 1, 1, 0, 0, 1, 0]",0,1,1,,0.625,8
6753,9b02e9b4-8861-11f1-bcc0-b48c9db4e1b4,4,"[1, 0, 1, 1, 0, 0, 1, 0]",1,0,0,,0.625,8
6754,9b02e9b4-8861-11f1-bcc0-b48c9db4e1b4,4,"[1, 0, 1, 1, 0, 0, 1, 0]",2,1,1,,0.625,8
6755,9b02e9b4-8861-11f1-bcc0-b48c9db4e1b4,4,"[1, 0, 1, 1, 0, 0, 1, 0]",3,1,1,,0.625,8
6756,9b02e9b4-8861-11f1-bcc0-b48c9db4e1b4,4,"[1, 0, 1, 1, 0, 0, 1, 0]",4,0,0,,0.625,8
6757,9b02e9b4-8861-11f1-bcc0-b48c9db4e1b4,4,"[1, 0, 1, 1, 0, 0, 1, 0]",5,0,0,,0.625,8
6758,9b02e9b4-8861-11f1-bcc0-b48c9db4e1b4,4,"[1, 0, 1, 1, 0, 0, 1, 0]",6,1,1,,0.625,8
6759,9b02e9b4-8861-11f1-bcc0-b48c9db4e1b4,4,"[1, 0, 1, 1, 0, 0, 1, 0]",7,0,0,,0.625,8
6760,9b02e9b4-8861-11f1-bcc0-b48c9db4e1b4,5,"[1, 0, 1, 0, 1, 1, 1, 1]",0,1,-1,,0.625,8
6761,9b02e9b4-8861-11f1-bcc0-b48c9db4e1b4,5,"[1, 0, 1, 0, 1, 1, 1, 1]",1,0,0,,0.625,8
6762,9b02e9b4-8861-11f1-bcc0-b48c9db4e1b4,5,"[1, 0, 1, 0, 1, 1, 1, 1]",2,1,-1,,0.625,8
6763,9b02e9b4-8861-11f1-bcc0-b48c9db4e1b4,5,"[1, 0, 1, 0, 1, 1, 1, 1]",3,0,0,,0.625,8
6764,9b02e9b4-8861-11f1-bcc0-b48c9db4e1b4,5,"[1, 0, 1, 0, 1, 1, 1, 1]",4,1,-1,,0.625,8
6765,9b02e9b4-8861-11f1-bcc0-b48c9db4e1b4,5,"[1, 0, 1, 0, 1, 1, 1, 1]",5,1,-1,,0.625,8
6766,9b02e9b4-8861-11f1-bcc0-b48c9db4e1b4,5,"[1, 0, 1, 0, 1, 1, 1, 1]",6,1,-1,,0.625,8
6767,9b02e9b4-8861-11f1-bcc0-b48c9db4e1b4,5,"[1, 0, 1, 0, 1, 1, 1, 1]",7,1,-1,,0.625,8
6768,9b02e9b4-8861-11f1-bcc0-b48c9db4e1b4,6,"[0, 1, 0, 1, 1, 0, 0, 1]",0,0,0,,0.625,8
6769,9b02e9b4-8861-11f1-bcc0-b48c9db4e1b4,6,"[0, 1, 0, 1, 1, 0, 0, 1]",1,1,1,,0.625,8
6770,9b02e9b4-8861-11f1-bcc0-b48c9db4e1b4,6,"[0, 1, 0, 1, 1, 0, 0, 1]",2,0,0,,0.625,8
6771,9b02e9b4-8861-11f1-bcc0-b48c9db4e1b4,6,"[0, 1, 0, 1, 1, 0, 0, 1]",3,1,1,,0.625,8
6772,9b02e9b4-8861-11f1-bcc0-b48c9db4e1b4,6,"[0, 1, 0, 1, 1, 0, 0, 1]",4,1,1,,0.625,8
6773,9b02e9b4-8861-11f1-bcc0-b48c9db4e1b4,6,"[0, 1, 0, 1, 1, 0, 0, 1]",5,0,0,,0.625,8
6774,9b02e9b4-8861-11f1-bcc0-b48c9db4e1b4,6,"[0, 1, 0, 1, 1, 0, 0, 1]",6,0,0,,0.625,8
6775,9b02e9b4-8861-11f1-bcc0-b48c9db4e1b4,6,"[0, 1, 0, 1, 1, 0, 0, 1]",7,1,1,,0.625,8
6776,9b02e9b4-8861-11f1-bcc0-b48c9db4e1b4,7,"[0, 1, 0, 1, 0, 0, 1, 1]",0,0,0,,0.625,8
6777,9b02e9b4-8861-11f1-bcc0-b48c9db4e1b4,7,"[0, 1, 0, 1, 0, 0, 1, 1]",1,1,1,,0.625,8
6778,9b02e9b4-8861-11f1-bcc0-b48c9db4e1b4,7,"[0, 1, 0, 1, 0, 0, 1, 1]",2,0,0,,0.625,8
6779,9b02e9b4-8861-11f1-bcc0-b48c9db4e1b4,7,"[0, 1, 0, 1, 0, 0, 1, 1]",3,1,1,,0.625,8
6780,9b02e9b4-8861-11f1-bcc0-b48c9db4e1b4,7,"[0, 1, 0, 1, 0, 0, 1, 1]",4,0,0,,0.625,8
6781,9b02e9b4-8861-11f1-bcc0-b48c9db4e1b4,7,"[0, 1, 0, 1, 0, 0, 1, 1]",5,0,0,,0.625,8
6782,9b02e9b4-8861-11f1-bcc0-b48c9db4e1b4,7,"[0, 1, 0, 1, 0, 0, 1, 1]",6,1,1,,0.625,8
6783,9b02e9b4-8861-11f1-bcc0-b48c9db4e1b4,7,"[0, 1, 0, 1, 0, 0, 1, 1]",7,1,1,,0.625,8
6784,9b02e9b4-8861-11f1-bcc0-b48c9db4e1b4,8,"[1, 0, 1, 1, 1, 1, 0, 0]",0,1,1,,0.625,8
6785,9b02e9b4-8861-11f1-bcc0-b48c9db4e1b4,8,"[1, 0, 1, 1, 1, 1, 0, 0]",1,0,0,,0.625,8
6786,9b02e9b4-8861-11f1-bcc0-b48c9db4e1b4,8,"[1, 0, 1, 1, 1, 1, 0, 0]",2,1,1,,0.625,8
6787,9b02e9b4-8861-11f1-bcc0-b48c9db4e1b4,8,"[1, 0, 1, 1, 1, 1, 0, 0]",3,1,1,,0.625,8
6788,9b02e9b4-8861-11f1-bcc0-b48c9db4e1b4,8,"[1, 0, 1, 1, 1, 1, 0, 0]",4,1,1,,0.625,8
6789,9b02e9b4-8861-11f1-bcc0-b48c9db4e1b4,8,"[1, 0, 1, 1, 1, 1, 0, 0]",5,1,1,,0.625,8
6790,9b02e9b4-8861-11f1-bcc0-b48c9db4e1b4,8,"[1, 0, 1, 1, 1, 1, 0, 0]",6,0,0,,0.625,8
6791,9b02e9b4-8861-11f1-bcc0-b48c9db4e1b4,8,"[1, 0, 1, 1, 1, 1, 0, 0]",7,0,0,,0.625,8
6792,9b02e9b4-8861-11f1-bcc0-b48c9db4e1b4,9,"[0, 1, 0, 0, 1, 0, 1, 0]",0,0,0,,0.625,8
6793,9b02e9b4-8861-11f1-bcc0-b48c9db4e1b4,9,"[0, 1, 0, 0, 1, 0, 1, 0]",1,1,1,,0.625,8
6794,9b02e9b4-8861-11f1-bcc0-b48c9db4e1b4,9,"[0, 1, 0, 0, 1, 0, 1, 0]",2,0,0,,0.625,8
6795,9b02e9b4-8861-11f1-bcc0-b48c9db4e1b4,9,"[0, 1, 0, 0, 1, 0, 1, 0]",3,0,0,,0.625,8
6796,9b02e9b4-8861-11f1-bcc0-b48c9db4e1b4,9,"[0, 1, 0, 0, 1, 0, 1, 0]",4,1,1,,0.625,8
6797,9b02e9b4-8861-11f1-bcc0-b48c9db4e1b4,9,"[0, 1, 0, 0, 1, 0, 1, 0]",5,0,0,,0.625,8
6798,9b02e9b4-8861-11f1-bcc0-b48c9db4e1b4,9,"[0, 1, 0, 0, 1, 0, 1, 0]",6,1,1,,0.625,8
6799,9b02e9b4-8861-11f1-bcc0-b48c9db4e1b4,9,"[0, 1, 0, 0, 1, 0, 1, 0]",7,0,0,,0.625,8
6800,9b02e9b4-8861-11f1-bcc0-b48c9db4e1b4,10,"[1, 1, 1, 0, 0, 0, 0, 0]",0,1,1,,0.625,8
6801,9b02e9b4-8861-11f1-bcc0-b48c9db4e1b4,10,"[1, 1, 1, 0, 0, 0, 0, 0]",1,1,1,,0.625,8
6802,9b02e9b4-8861-11f1-bcc0-b48c9db4e1b4,10,"[1, 1, 1, 0, 0, 0, 0, 0]",2,1,1,,0.625,8
6803,9b02e9b4-8861-11f1-bcc0-b48c9db4e1b4,10,"[1, 1, 1, 0, 0, 0, 0, 0]",3,0,0,,0.625,8
6804,9b02e9b4-8861-11f1-bcc0-b48c9db4e1b4,10,"[1, 1, 1, 0, 0, 0, 0, 0]",4,0,0,,0.625,8
6805,9b02e9b4-8861-11f1-bcc0-b48c9db4e1b4,10,"[1, 1, 1, 0, 0, 0, 0, 0]",5,0,0,,0.625,8
6806,9b02e9b4-8861-11f1-bcc0-b48c9db4e1b4,10,"[1, 1, 1, 0, 0, 0, 0, 0]",6,0,0,,0.625,8
6807,9b02e9b4-8861-11f1-bcc0-b48c9db4e1b4,10,"[1, 1, 1, 0, 0, 0, 0, 0]",7,0,0,,0.625,8
6808,9b02e9b4-8861-11f1-bcc0-b48c9db4e1b4,11,"[0, 1, 1, 0, 1, 0, 1, 0]",0,0,0,,0.625,8
6809,9b02e9b4-8861-11f1-bcc0-b48c9db4e1b4,11,"[0, 1, 1, 0, 1, 0, 1, 0]",1,1,1,,0.625,8
6810,9b02e9b4-8861-11f1-bcc0-b48c9db4e1b4,11,"[0, 1, 1, 0, 1, 0, 1, 0]",2,1,1,,0.625,8
6811,9b02e9b4-8861-11f1-bcc0-b48c9db4e1b4,11,"[0, 1, 1, 0, 1, 0, 1, 0]",3,0,0,,0.625,8
6812,9b02e9b4-8861-11f1-bcc0-b48c9db4e1b4,11,"[0, 1, 1, 0, 1, 0, 1, 0]",4,1,1,,0.625,8
6813,9b02e9b4-8861-11f1-bcc0-b48c9db4e1b4,11,"[0, 1, 1, 0, 1, 0, 1, 0]",5,0,0,,0.625,8
6814,9b02e9b4-8861-11f1-bcc0-b48c9db4e1b4,11,"[0, 1, 1, 0, 1, 0, 1, 0]",6,1,1,,0.625,8
6815,9b02e9b4-8861-11f1-bcc0-b48c9db4e1b4,11,"[0, 1, 1, 0, 1, 0, 1, 0]",7,0,0,,0.625,8
6816,9b02e9b4-8861-11f1-bcc0-b48c9db4e1b4,12,"[1, 0, 0, 1, 0, 0, 0, 1]",0,1,1,,0.625,8
6817,9b02e9b4-8861-11f1-bcc0-b48c9db4e1b4,12,"[1, 0, 0, 1, 0, 0, 0, 1]",1,0,0,,0.625,8
6818,9b02e9b4-8861-11f1-bcc0-b48c9db4e1b4,12,"[1, 0, 0, 1, 0, 0, 0, 1]",2,0,0,,0.625,8
6819,9b02e9b4-8861-11f1-bcc0-b48c9db4e1b4,12,"[1, 0, 0, 1, 0, 0, 0, 1]",3,1,1,,0.625,8
6820,9b02e9b4-8861-11f1-bcc0-b48c9db4e1b4,12,"[1, 0, 0, 1, 0, 0, 0, 1]",4,0,0,,0.625,8
6821,9b02e9b4-8861-11f1-bcc0-b48c9db4e1b4,12,"[1, 0, 0, 1, 0, 0, 0, 1]",5,0,0,,0.625,8
6822,9b02e9b4-8861-11f1-bcc0-b48c9db4e1b4,12,"[1, 0, 0, 1, 0, 0, 0, 1]",6,0,0,,0.625,8
6823,9b02e9b4-8861-11f1-bcc0-b48c9db4e1b4,12,"[1, 0, 0, 1, 0, 0, 0, 1]",7,1,1,,0.625,8
6824,9b02e9b4-8861-11f1-bcc0-b48c9db4e1b4,13,"[0, 0, 1, 1, 0, 1, 1, 0]",0,0,0,,0.625,8
6825,9b02e9b4-8861-11f1-bcc0-b48c9db4e1b4,13,"[0, 0, 1, 1, 0, 1, 1, 0]",1,0,0,,0.625,8
6826,9b02e9b4-8861-11f1-bcc0-b48c9db4e1b4,13,"[0, 0, 1, 1, 0, 1, 1, 0]",2,1,1,,0.625,8
6827,9b02e9b4-8861-11f1-bcc0-b48c9db4e1b4,13,"[0, 0, 1, 1, 0, 1, 1, 0]",3,1,1,,0.625,8
6828,9b02e9b4-8861-11f1-bcc0-b48c9db4e1b4,13,"[0, 0, 1, 1, 0, 1, 1, 0]",4,0,0,,0.625,8
6829,9b02e9b4-8861-11f1-bcc0-b48c9db4e1b4,13,"[0, 0, 1, 1, 0, 1, 1, 0]",5,1,1,,0.625,8
6830,9b02e9b4-8861-11f1-bcc0-b48c9db4e1b4,13,"[0, 0, 1, 1, 0, 1, 1, 0]",6,1,1,,0.625,8
6831,9b02e9b4-8861-11f1-bcc0-b48c9db4e1b4,13,"[0, 0, 1, 1, 0, 1, 1, 0]",7,0,0,,0.625,8
6832,9b02e9b4-8861-11f1-bcc0-b48c9db4e1b4,14,"[1, 0, 0, 0, 0, 1, 0, 0]",0,1,1,,0.625,8
6833,9b02e9b4-8861-11f1-bcc0-b48c9db4e1b4,14,"[1, 0, 0, 0, 0, 1, 0, 0]",1,0,0,,0.625,8
6834,9b02e9b4-8861-11f1-bcc0-b48c9db4e1b4,14,"[1, 0, 0, 0, 0, 1, 0, 0]",2,0,0,,0.625,8
6835,9b02e9b4-8861-11f1-bcc0-b48c9db4e1b4,14,"[1, 0, 0, 0, 0, 1, 0, 0]",3,0,0,,0.625,8
6836,9b02e9b4-8861-11f1-bcc0-b48c9db4e1b4,14,"[1, 0, 0, 0, 0, 1, 0, 0]",4,0,0,,0.625,8
6837,9b02e9b4-8861-11f1-bcc0-b48c9db4e1b4,14,"[1, 0, 0, 0, 0, 1, 0, 0]",5,1,1,,0.625,8
6838,9b02e9b4-8861-11f1-bcc0-b48c9db4e1b4,14,"[1, 0, 0, 0, 0, 1, 0, 0]",6,0,0,,0.625,8
6839,9b02e9b4-8861-11f1-bcc0-b48c9db4e1b4,14,"[1, 0, 0, 0, 0, 1, 0, 0]",7,0,0,,0.625,8
6840,9b02e9b4-8861-11f1-bcc0-b48c9db4e1b4,15,"[0, 0, 1, 1, 0, 1, 0, 1]",0,0,0,,0.625,8
6841,9b02e9b4-8861-11f1-bcc0-b48c9db4e1b4,15,"[0, 0, 1, 1, 0, 1, 0, 1]",1,0,0,,0.625,8
6842,9b02e9b4-8861-11f1-bcc0-b48c9db4e1b4,15,"[0, 0, 1, 1, 0, 1, 0, 1]",2,1,1,,0.625,8
6843,9b02e9b4-8861-11f1-bcc0-b48c9db4e1b4,15,"[0, 0, 1, 1, 0, 1, 0, 1]",3,1,1,,0.625,8
6844,9b02e9b4-8861-11f1-bcc0-b48c9db4e1b4,15,"[0, 0, 1, 1, 0, 1, 0, 1]",4,0,0,,0.625,8
6845,9b02e9b4-8861-11f1-bcc0-b48c9db4e1b4,15,"[0, 0, 1, 1, 0, 1, 0, 1]",5,1,1,,0.625,8
6846,9b02e9b4-8861-11f1-bcc0-b48c9db4e1b4,15,"[0, 0, 1, 1, 0, 1, 0, 1]",6,0,0,,0.625,8
6847,9b02e9b4-8861-11f1-bcc0-b48c9db4e1b4,15,"[0, 0, 1, 1, 0, 1, 0, 1]",7,1,1,,0.625,8
6848,9b02e9b4-8861-11f1-bcc0-b48c9db4e1b4,16,"[0, 0, 0, 1, 1, 0, 1, 0]",0,0,0,,0.625,8
6849,9b02e9b4-8861-11f1-bcc0-b48c9db4e1b4,16,"[0, 0, 0, 1, 1, 0, 1, 0]",1,0,0,,0.625,8
6850,9b02e9b4-8861-11f1-bcc0-b48c9db4e1b4,16,"[0, 0, 0, 1, 1, 0, 1, 0]",2,0,0,,0.625,8
6851,9b02e9b4-8861-11f1-bcc0-b48c9db4e1b4,16,"[0, 0, 0, 1, 1, 0, 1, 0]",3,1,1,,0.625,8
6852,9b02e9b4-8861-11f1-bcc0-b48c9db4e1b4,16,"[0, 0, 0, 1, 1, 0, 1, 0]",4,1,1,,0.625,8
6853,9b02e9b4-8861-11f1-bcc0-b48c9db4e1b4,16,"[0, 0, 0, 1, 1, 0, 1, 0]",5,0,0,,0.625,8
6854,9b02e9b4-8861-11f1-bcc0-b48c9db4e1b4,16,"[0, 0, 0, 1, 1, 0, 1, 0]",6,1,1,,0.625,8
6855,9b02e9b4-8861-11f1-bcc0-b48c9db4e1b4,16,"[0, 0, 0, 1, 1, 0, 1, 0]",7,0,0,,0.625,8
6856,9b02e9b4-8861-11f1-bcc0-b48c9db4e1b4,17,"[0, 1, 1, 1, 0, 1, 0, 0]",0,0,0,,0.625,8
6857,9b02e9b4-8861-11f1-bcc0-b48c9db4e1b4,17,"[0, 1, 1, 1, 0, 1, 0, 0]",1,1,1,,0.625,8
6858,9b02e9b4-8861-11f1-bcc0-b48c9db4e1b4,17,"[0, 1, 1, 1, 0, 1, 0, 0]",2,1,1,,0.625,8
6859,9b02e9b4-8861-11f1-bcc0-b48c9db4e1b4,17,"[0, 1, 1, 1, 0, 1, 0, 0]",3,1,1,,0.625,8
6860,9b02e9b4-8861-11f1-bcc0-b48c9db4e1b4,17,"[0, 1, 1, 1, 0, 1, 0, 0]",4,0,0,,0.625,8
6861,9b02e9b4-8861-11f1-bcc0-b48c9db4e1b4,17,"[0, 1, 1, 1, 0, 1, 0, 0]",5,1,1,,0.625,8
6862,9b02e9b4-8861-11f1-bcc0-b48c9db4e1b4,17,"[0, 1, 1, 1, 0, 1, 0, 0]",6,0,0,,0.625,8
6863,9b02e9b4-8861-11f1-bcc0-b48c9db4e1b4,17,"[0, 1, 1, 1, 0, 1, 0, 0]",7,0,0,,0.625,8
6864,9b02e9b4-8861-11f1-bcc0-b48c9db4e1b4,18,"[1, 1, 1, 1, 1, 0, 0, 0]",0,1,1,,0.625,8
6865,9b02e9b4-8861-11f1-bcc0-b48c9db4e1b4,18,"[1, 1, 1, 1, 1, 0, 0, 0]",1,1,1,,0.625,8
6866,9b02e9b4-8861-11f1-bcc0-b48c9db4e1b4,18,"[1, 1, 1, 1, 1, 0, 0, 0]",2,1,1,,0.625,8
6867,9b02e9b4-8861-11f1-bcc0-b48c9db4e1b4,18,"[1, 1, 1, 1, 1, 0, 0, 0]",3,1,1,,0.625,8
6868,9b02e9b4-8861-11f1-bcc0-b48c9db4e1b4,18,"[1, 1, 1, 1, 1, 0, 0, 0]",4,1,1,,0.625,8
6869,9b02e9b4-8861-11f1-bcc0-b48c9db4e1b4,18,"[1, 1, 1, 1, 1, 0, 0, 0]",5,0,0,,0.625,8
6870,9b02e9b4-8861-11f1-bcc0-b48c9db4e1b4,18,"[1, 1, 1, 1, 1, 0, 0, 0]",6,0,0,,0.625,8
6871,9b02e9b4-8861-11f1-bcc0-b48c9db4e1b4,18,"[1, 1, 1, 1, 1, 0, 0, 0]",7,0,0,,0.625,8
6872,9b02e9b4-8861-11f1-bcc0-b48c9db4e1b4,19,"[1, 1, 0, 1, 0, 1, 0, 1]",0,1,1,,0.625,8
6873,9b02e9b4-8861-11f1-bcc0-b48c9db4e1b4,19,"[1, 1, 0, 1, 0, 1, 0, 1]",1,1,1,,0.625,8
6874,9b02e9b4-8861-11f1-bcc0-b48c9db4e1b4,19,"[1, 1, 0, 1, 0, 1, 0, 1]",2,0,0,,0.625,8
6875,9b02e9b4-8861-11f1-bcc0-b48c9db4e1b4,19,"[1, 1, 0, 1, 0, 1, 0, 1]",3,1,1,,0.625,8
6876,9b02e9b4-8861-11f1-bcc0-b48c9db4e1b4,19,"[1, 1, 0, 1, 0, 1, 0, 1]",4,0,0,,0.625,8
6877,9b02e9b4-8861-11f1-bcc0-b48c9db4e1b4,19,"[1, 1, 0, 1, 0, 1, 0, 1]",5,1,1,,0.625,8
6878,9b02e9b4-8861-11f1-bcc0-b48c9db4e1b4,19,"[1, 1, 0, 1, 0, 1, 0, 1]",6,0,0,,0.625,8
6879,9b02e9b4-8861-11f1-bcc0-b48c9db4e1b4,19,"[1, 1, 0, 1, 0, 1, 0, 1]",7,1,1,,0.625,8
6880,9b065232-8861-11f1-a9ee-b48c9db4e1b4,0,"[1, 0, 0, 1, 0, 0, 1, 0]",0,1,1,,0.625,8
6881,9b065232-8861-11f1-a9ee-b48c9db4e1b4,0,"[1, 0, 0, 1, 0, 0, 1, 0]",1,0,0,,0.625,8
6882,9b065232-8861-11f1-a9ee-b48c9db4e1b4,0,"[1, 0, 0, 1, 0, 0, 1, 0]",2,0,0,,0.625,8
6883,9b065232-8861-11f1-a9ee-b48c9db4e1b4,0,"[1, 0, 0, 1, 0, 0, 1, 0]",3,1,1,,0.625,8
6884,9b065232-8861-11f1-a9ee-b48c9db4e1b4,0,"[1, 0, 0, 1, 0, 0, 1, 0]",4,0,0,,0.625,8
6885,9b065232-8861-11f1-a9ee-b48c9db4e1b4,0,"[1, 0, 0, 1, 0, 0, 1, 0]",5,0,0,,0.625,8
6886,9b065232-8861-11f1-a9ee-b48c9db4e1b4,0,"[1, 0, 0, 1, 0, 0, 1, 0]",6,1,1,,0.625,8
6887,9b065232-8861-11f1-a9ee-b48c9db4e1b4,0,"[1, 0, 0, 1, 0, 0, 1, 0]",7,0,0,,0.625,8
6888,9b065232-8861-11f1-a9ee-b48c9db4e1b4,1,"[0, 0, 1, 1, 0, 1, 0, 0]",0,0,0,,0.625,8
6889,9b065232-8861-11f1-a9ee-b48c9db4e1b4,1,"[0, 0, 1, 1, 0, 1, 0, 0]",1,0,0,,0.625,8
6890,9b065232-8861-11f1-a9ee-b48c9db4e1b4,1,"[0, 0, 1, 1, 0, 1, 0, 0]",2,1,1,,0.625,8
6891,9b065232-8861-11f1-a9ee-b48c9db4e1b4,1,"[0, 0, 1, 1, 0, 1, 0, 0]",3,1,1,,0.625,8
6892,9b065232-8861-11f1-a9ee-b48c9db4e1b4,1,"[0, 0, 1, 1, 0, 1, 0, 0]",4,0,0,,0.625,8
6893,9b065232-8861-11f1-a9ee-b48c9db4e1b4,1,"[0, 0, 1, 1, 0, 1, 0, 0]",5,1,1,,0.625,8
6894,9b065232-8861-11f1-a9ee-b48c9db4e1b4,1,"[0, 0, 1, 1, 0, 1, 0, 0]",6,0,0,,0.625,8
6895,9b065232-8861-11f1-a9ee-b48c9db4e1b4,1,"[0, 0, 1, 1, 0, 1, 0, 0]",7,0,0,,0.625,8
6896,9b065232-8861-11f1-a9ee-b48c9db4e1b4,2,"[0, 1, 0, 0, 1, 0, 0, 0]",0,0,0,,0.625,8
6897,9b065232-8861-11f1-a9ee-b48c9db4e1b4,2,"[0, 1, 0, 0, 1, 0, 0, 0]",1,1,1,,0.625,8
6898,9b065232-8861-11f1-a9ee-b48c9db4e1b4,2,"[0, 1, 0, 0, 1, 0, 0, 0]",2,0,0,,0.625,8
6899,9b065232-8861-11f1-a9ee-b48c9db4e1b4,2,"[0, 1, 0, 0, 1, 0, 0, 0]",3,0,0,,0.625,8
6900,9b065232-8861-11f1-a9ee-b48c9db4e1b4,2,"[0, 1, 0, 0, 1, 0, 0, 0]",4,1,1,,0.625,8
6901,9b065232-8861-11f1-a9ee-b48c9db4e1b4,2,"[0, 1, 0, 0, 1, 0, 0, 0]",5,0,0,,0.625,8
6902,9b065232-8861-11f1-a9ee-b48c9db4e1b4,2,"[0, 1, 0, 0, 1, 0, 0, 0]",6,0,0,,0.625,8
6903,9b065232-8861-11f1-a9ee-b48c9db4e1b4,2,"[0, 1, 0, 0, 1, 0, 0, 0]",7,0,0,,0.625,8
6904,9b065232-8861-11f1-a9ee-b48c9db4e1b4,3,"[0, 0, 0, 1, 1, 1, 1, 1]",0,0,0,,0.625,8
6905,9b065232-8861-11f1-a9ee-b48c9db4e1b4,3,"[0, 0, 0, 1, 1, 1, 1, 1]",1,0,0,,0.625,8
6906,9b065232-8861-11f1-a9ee-b48c9db4e1b4,3,"[0, 0, 0, 1, 1, 1, 1, 1]",2,0,0,,0.625,8
6907,9b065232-8861-11f1-a9ee-b48c9db4e1b4,3,"[0, 0, 0, 1, 1, 1, 1, 1]",3,1,1,,0.625,8
6908,9b065232-8861-11f1-a9ee-b48c9db4e1b4,3,"[0, 0, 0, 1, 1, 1, 1, 1]",4,1,1,,0.625,8
6909,9b065232-8861-11f1-a9ee-b48c9db4e1b4,3,"[0, 0, 0, 1, 1, 1, 1, 1]",5,1,1,,0.625,8
6910,9b065232-8861-11f1-a9ee-b48c9db4e1b4,3,"[0, 0, 0, 1, 1, 1, 1, 1]",6,1,1,,0.625,8
6911,9b065232-8861-11f1-a9ee-b48c9db4e1b4,3,"[0, 0, 0, 1, 1, 1, 1, 1]",7,1,1,,0.625,8
6912,9b065232-8861-11f1-a9ee-b48c9db4e1b4,4,"[1, 1, 0, 1, 1, 0, 0, 1]",0,1,1,,0.625,8
6913,9b065232-8861-11f1-a9ee-b48c9db4e1b4,4,"[1, 1, 0, 1, 1, 0, 0, 1]",1,1,1,,0.625,8
6914,9b065232-8861-11f1-a9ee-b48c9db4e1b4,4,"[1, 1, 0, 1, 1, 0, 0, 1]",2,0,0,,0.625,8
6915,9b065232-8861-11f1-a9ee-b48c9db4e1b4,4,"[1, 1, 0, 1, 1, 0, 0, 1]",3,1,1,,0.625,8
6916,9b065232-8861-11f1-a9ee-b48c9db4e1b4,4,"[1, 1, 0, 1, 1, 0, 0, 1]",4,1,1,,0.625,8
6917,9b065232-8861-11f1-a9ee-b48c9db4e1b4,4,"[1, 1, 0, 1, 1, 0, 0, 1]",5,0,0,,0.625,8
6918,9b065232-8861-11f1-a9ee-b48c9db4e1b4,4,"[1, 1, 0, 1, 1, 0, 0, 1]",6,0,0,,0.625,8
6919,9b065232-8861-11f1-a9ee-b48c9db4e1b4,4,"[1, 1, 0, 1, 1, 0, 0, 1]",7,1,1,,0.625,8
6920,9b065232-8861-11f1-a9ee-b48c9db4e1b4,5,"[0, 0, 0, 0, 0, 1, 1, 1]",0,0,0,,0.625,8
6921,9b065232-8861-11f1-a9ee-b48c9db4e1b4,5,"[0, 0, 0, 0, 0, 1, 1, 1]",1,0,0,,0.625,8
6922,9b065232-8861-11f1-a9ee-b48c9db4e1b4,5,"[0, 0, 0, 0, 0, 1, 1, 1]",2,0,0,,0.625,8
6923,9b065232-8861-11f1-a9ee-b48c9db4e1b4,5,"[0, 0, 0, 0, 0, 1, 1, 1]",3,0,0,,0.625,8
6924,9b065232-8861-11f1-a9ee-b48c9db4e1b4,5,"[0, 0, 0, 0, 0, 1, 1, 1]",4,0,0,,0.625,8
6925,9b065232-8861-11f1-a9ee-b48c9db4e1b4,5,"[0, 0, 0, 0, 0, 1, 1, 1]",5,1,1,,0.625,8
6926,9b065232-8861-11f1-a9ee-b48c9db4e1b4,5,"[0, 0, 0, 0, 0, 1, 1, 1]",6,1,1,,0.625,8
6927,9b065232-8861-11f1-a9ee-b48c9db4e1b4,5,"[0, 0, 0, 0, 0, 1, 1, 1]",7,1,1,,0.625,8
6928,9b065232-8861-11f1-a9ee-b48c9db4e1b4,6,"[0, 0, 0, 1, 1, 0, 1, 1]",0,0,0,,0.625,8
6929,9b065232-8861-11f1-a9ee-b48c9db4e1b4,6,"[0, 0, 0, 1, 1, 0, 1, 1]",1,0,0,,0.625,8
6930,9b065232-8861-11f1-a9ee-b48c9db4e1b4,6,"[0, 0, 0, 1, 1, 0, 1, 1]",2,0,0,,0.625,8
6931,9b065232-8861-11f1-a9ee-b48c9db4e1b4,6,"[0, 0, 0, 1, 1, 0, 1, 1]",3,1,1,,0.625,8
6932,9b065232-8861-11f1-a9ee-b48c9db4e1b4,6,"[0, 0, 0, 1, 1, 0, 1, 1]",4,1,1,,0.625,8
6933,9b065232-8861-11f1-a9ee-b48c9db4e1b4,6,"[0, 0, 0, 1, 1, 0, 1, 1]",5,0,0,,0.625,8
6934,9b065232-8861-11f1-a9ee-b48c9db4e1b4,6,"[0, 0, 0, 1, 1, 0, 1, 1]",6,1,1,,0.625,8
6935,9b065232-8861-11f1-a9ee-b48c9db4e1b4,6,"[0, 0, 0, 1, 1, 0, 1, 1]",7,1,1,,0.625,8
6936,9b065232-8861-11f1-a9ee-b48c9db4e1b4,7,"[0, 1, 1, 0, 1, 1, 0, 1]",0,0,0,,0.625,8
6937,9b065232-8861-11f1-a9ee-b48c9db4e1b4,7,"[0, 1, 1, 0, 1, 1, 0, 1]",1,1,1,,0.625,8
6938,9b065232-8861-11f1-a9ee-b48c9db4e1b4,7,"[0, 1, 1, 0, 1, 1, 0, 1]",2,1,1,,0.625,8
6939,9b065232-8861-11f1-a9ee-b48c9db4e1b4,7,"[0, 1, 1, 0, 1, 1, 0, 1]",3,0,0,,0.625,8
6940,9b065232-8861-11f1-a9ee-b48c9db4e1b4,7,"[0, 1, 1, 0, 1, 1, 0, 1]",4,1,1,,0.625,8
6941,9b065232-8861-11f1-a9ee-b48c9db4e1b4,7,"[0, 1, 1, 0, 1, 1, 0, 1]",5,1,1,,0.625,8
6942,9b065232-8861-11f1-a9ee-b48c9db4e1b4,7,"[0, 1, 1, 0, 1, 1, 0, 1]",6,0,0,,0.625,8
6943,9b065232-8861-11f1-a9ee-b48c9db4e1b4,7,"[0, 1, 1, 0, 1, 1, 0, 1]",7,1,1,,0.625,8
6944,9b065232-8861-11f1-a9ee-b48c9db4e1b4,8,"[0, 1, 1, 0, 1, 1, 1, 1]",0,0,0,,0.625,8
6945,9b065232-8861-11f1-a9ee-b48c9db4e1b4,8,"[0, 1, 1, 0, 1, 1, 1, 1]",1,1,-1,,0.625,8
6946,9b065232-8861-11f1-a9ee-b48c9db4e1b4,8,"[0, 1, 1, 0, 1, 1, 1, 1]",2,1,-1,,0.625,8
6947,9b065232-8861-11f1-a9ee-b48c9db4e1b4,8,"[0, 1, 1, 0, 1, 1, 1, 1]",3,0,0,,0.625,8
6948,9b065232-8861-11f1-a9ee-b48c9db4e1b4,8,"[0, 1, 1, 0, 1, 1, 1, 1]",4,1,-1,,0.625,8
6949,9b065232-8861-11f1-a9ee-b48c9db4e1b4,8,"[0, 1, 1, 0, 1, 1, 1, 1]",5,1,-1,,0.625,8
6950,9b065232-8861-11f1-a9ee-b48c9db4e1b4,8,"[0, 1, 1, 0, 1, 1, 1, 1]",6,1,-1,,0.625,8
6951,9b065232-8861-11f1-a9ee-b48c9db4e1b4,8,"[0, 1, 1, 0, 1, 1, 1, 1]",7,1,-1,,0.625,8
6952,9b065232-8861-11f1-a9ee-b48c9db4e1b4,9,"[0, 1, 0, 1, 0, 1, 1, 0]",0,0,0,,0.625,8
6953,9b065232-8861-11f1-a9ee-b48c9db4e1b4,9,"[0, 1, 0, 1, 0, 1, 1, 0]",1,1,1,,0.625,8
6954,9b065232-8861-11f1-a9ee-b48c9db4e1b4,9,"[0, 1, 0, 1, 0, 1, 1, 0]",2,0,0,,0.625,8
6955,9b065232-8861-11f1-a9ee-b48c9db4e1b4,9,"[0, 1, 0, 1, 0, 1, 1, 0]",3,1,1,,0.625,8
6956,9b065232-8861-11f1-a9ee-b48c9db4e1b4,9,"[0, 1, 0, 1, 0, 1, 1, 0]",4,0,0,,0.625,8
6957,9b065232-8861-11f1-a9ee-b48c9db4e1b4,9,"[0, 1, 0, 1, 0, 1, 1, 0]",5,1,1,,0.625,8
6958,9b065232-8861-11f1-a9ee-b48c9db4e1b4,9,"[0, 1, 0, 1, 0, 1, 1, 0]",6,1,1,,0.625,8
6959,9b065232-8861-11f1-a9ee-b48c9db4e1b4,9,"[0, 1, 0, 1, 0, 1, 1, 0]",7,0,0,,0.625,8
6960,9b065232-8861-11f1-a9ee-b48c9db4e1b4,10,"[0, 0, 1, 0, 0, 0, 1, 1]",0,0,0,,0.625,8
6961,9b065232-8861-11f1-a9ee-b48c9db4e1b4,10,"[0, 0, 1, 0, 0, 0, 1, 1]",1,0,0,,0.625,8
6962,9b065232-8861-11f1-a9ee-b48c9db4e1b4,10,"[0, 0, 1, 0, 0, 0, 1, 1]",2,1,1,,0.625,8
6963,9b065232-8861-11f1-a9ee-b48c9db4e1b4,10,"[0, 0, 1, 0, 0, 0, 1, 1]",3,0,0,,0.625,8
6964,9b065232-8861-11f1-a9ee-b48c9db4e1b4,10,"[0, 0, 1, 0, 0, 0, 1, 1]",4,0,0,,0.625,8
6965,9b065232-8861-11f1-a9ee-b48c9db4e1b4,10,"[0, 0, 1, 0, 0, 0, 1, 1]",5,0,0,,0.625,8
6966,9b065232-8861-11f1-a9ee-b48c9db4e1b4,10,"[0, 0, 1, 0, 0, 0, 1, 1]",6,1,1,,0.625,8
6967,9b065232-8861-11f1-a9ee-b48c9db4e1b4,10,"[0, 0, 1, 0, 0, 0, 1, 1]",7,1,1,,0.625,8
6968,9b065232-8861-11f1-a9ee-b48c9db4e1b4,11,"[1, 0, 0, 1, 1, 1, 0, 0]",0,1,1,,0.625,8
6969,9b065232-8861-11f1-a9ee-b48c9db4e1b4,11,"[1, 0, 0, 1, 1, 1, 0, 0]",1,0,0,,0.625,8
6970,9b065232-8861-11f1-a9ee-b48c9db4e1b4,11,"[1, 0, 0, 1, 1, 1, 0, 0]",2,0,0,,0.625,8
6971,9b065232-8861-11f1-a9ee-b48c9db4e1b4,11,"[1, 0, 0, 1, 1, 1, 0, 0]",3,1,1,,0.625,8
6972,9b065232-8861-11f1-a9ee-b48c9db4e1b4,11,"[1, 0, 0, 1, 1, 1, 0, 0]",4,1,1,,0.625,8
6973,9b065232-8861-11f1-a9ee-b48c9db4e1b4,11,"[1, 0, 0, 1, 1, 1, 0, 0]",5,1,1,,0.625,8
6974,9b065232-8861-11f1-a9ee-b48c9db4e1b4,11,"[1, 0, 0, 1, 1, 1, 0, 0]",6,0,0,,0.625,8
6975,9b065232-8861-11f1-a9ee-b48c9db4e1b4,11,"[1, 0, 0, 1, 1, 1, 0, 0]",7,0,0,,0.625,8
6976,9b065232-8861-11f1-a9ee-b48c9db4e1b4,12,"[1, 0, 1, 0, 1, 1, 0, 0]",0,1,1,,0.625,8
6977,9b065232-8861-11f1-a9ee-b48c9db4e1b4,12,"[1, 0, 1, 0, 1, 1, 0, 0]",1,0,0,,0.625,8
6978,9b065232-8861-11f1-a9ee-b48c9db4e1b4,12,"[1, 0, 1, 0, 1, 1, 0, 0]",2,1,1,,0.625,8
6979,9b065232-8861-11f1-a9ee-b48c9db4e1b4,12,"[1, 0, 1, 0, 1, 1, 0, 0]",3,0,0,,0.625,8
6980,9b065232-8861-11f1-a9ee-b48c9db4e1b4,12,"[1, 0, 1, 0, 1, 1, 0, 0]",4,1,1,,0.625,8
6981,9b065232-8861-11f1-a9ee-b48c9db4e1b4,12,"[1, 0, 1, 0, 1, 1, 0, 0]",5,1,1,,0.625,8
6982,9b065232-8861-11f1-a9ee-b48c9db4e1b4,12,"[1, 0, 1, 0, 1, 1, 0, 0]",6,0,0,,0.625,8
6983,9b065232-8861-11f1-a9ee-b48c9db4e1b4,12,"[1, 0, 1, 0, 1, 1, 0, 0]",7,0,0,,0.625,8
6984,9b065232-8861-11f1-a9ee-b48c9db4e1b4,13,"[1, 1, 0, 0, 0, 0, 1, 0]",0,1,1,,0.625,8
6985,9b065232-8861-11f1-a9ee-b48c9db4e1b4,13,"[1, 1, 0, 0, 0, 0, 1, 0]",1,1,1,,0.625,8
6986,9b065232-8861-11f1-a9ee-b48c9db4e1b4,13,"[1, 1, 0, 0, 0, 0, 1, 0]",2,0,0,,0.625,8
6987,9b065232-8861-11f1-a9ee-b48c9db4e1b4,13,"[1, 1, 0, 0, 0, 0, 1, 0]",3,0,0,,0.625,8
6988,9b065232-8861-11f1-a9ee-b48c9db4e1b4,13,"[1, 1, 0, 0, 0, 0, 1, 0]",4,0,0,,0.625,8
6989,9b065232-8861-11f1-a9ee-b48c9db4e1b4,13,"[1, 1, 0, 0, 0, 0, 1, 0]",5,0,0,,0.625,8
6990,9b065232-8861-11f1-a9ee-b48c9db4e1b4,13,"[1, 1, 0, 0, 0, 0, 1, 0]",6,1,1,,0.625,8
6991,9b065232-8861-11f1-a9ee-b48c9db4e1b4,13,"[1, 1, 0, 0, 0, 0, 1, 0]",7,0,0,,0.625,8
6992,9b065232-8861-11f1-a9ee-b48c9db4e1b4,14,"[1, 0, 0, 1, 0, 1, 0, 0]",0,1,1,,0.625,8
6993,9b065232-8861-11f1-a9ee-b48c9db4e1b4,14,"[1, 0, 0, 1, 0, 1, 0, 0]",1,0,0,,0.625,8
6994,9b065232-8861-11f1-a9ee-b48c9db4e1b4,14,"[1, 0, 0, 1, 0, 1, 0, 0]",2,0,0,,0.625,8
6995,9b065232-8861-11f1-a9ee-b48c9db4e1b4,14,"[1, 0, 0, 1, 0, 1, 0, 0]",3,1,1,,0.625,8
6996,9b065232-8861-11f1-a9ee-b48c9db4e1b4,14,"[1, 0, 0, 1, 0, 1, 0, 0]",4,0,0,,0.625,8
6997,9b065232-8861-11f1-a9ee-b48c9db4e1b4,14,"[1, 0, 0, 1, 0, 1, 0, 0]",5,1,1,,0.625,8
6998,9b065232-8861-11f1-a9ee-b48c9db4e1b4,14,"[1, 0, 0, 1, 0, 1, 0, 0]",6,0,0,,0.625,8
6999,9b065232-8861-11f1-a9ee-b48c9db4e1b4,14,"[1, 0, 0, 1, 0, 1, 0, 0]",7,0,0,,0.625,8
7000,9b065232-8861-11f1-a9ee-b48c9db4e1b4,15,"[1, 1, 0, 1, 1, 1, 1, 0]",0,1,-1,,0.625,8
7001,9b065232-8861-11f1-a9ee-b48c9db4e1b4,15,"[1, 1, 0, 1, 1, 1, 1, 0]",1,1,-1,,0.625,8
7002,9b065232-8861-11f1-a9ee-b48c9db4e1b4,15,"[1, 1, 0, 1, 1, 1, 1, 0]",2,0,0,,0.625,8
7003,9b065232-8861-11f1-a9ee-b48c9db4e1b4,15,"[1, 1, 0, 1, 1, 1, 1, 0]",3,1,-1,,0.625,8
7004,9b065232-8861-11f1-a9ee-b48c9db4e1b4,15,"[1, 1, 0, 1, 1, 1, 1, 0]",4,1,-1,,0.625,8
7005,9b065232-8861-11f1-a9ee-b48c9db4e1b4,15,"[1, 1, 0, 1, 1, 1, 1, 0]",5,1,-1,,0.625,8
7006,9b065232-8861-11f1-a9ee-b48c9db4e1b4,15,"[1, 1, 0, 1, 1, 1, 1, 0]",6,1,-1,,0.625,8
7007,9b065232-8861-11f1-a9ee-b48c9db4e1b4,15,"[1, 1, 0, 1, 1, 1, 1, 0]",7,0,0,,0.625,8
7008,9b065232-8861-11f1-a9ee-b48c9db4e1b4,16,"[0, 0, 0, 0, 0, 1, 0, 1]",0,0,0,,0.625,8
7009,9b065232-8861-11f1-a9ee-b48c9db4e1b4,16,"[0, 0, 0, 0, 0, 1, 0, 1]",1,0,0,,0.625,8
7010,9b065232-8861-11f1-a9ee-b48c9db4e1b4,16,"[0, 0, 0, 0, 0, 1, 0, 1]",2,0,0,,0.625,8
7011,9b065232-8861-11f1-a9ee-b48c9db4e1b4,16,"[0, 0, 0, 0, 0, 1, 0, 1]",3,0,0,,0.625,8
7012,9b065232-8861-11f1-a9ee-b48c9db4e1b4,16,"[0, 0, 0, 0, 0, 1, 0, 1]",4,0,0,,0.625,8
7013,9b065232-8861-11f1-a9ee-b48c9db4e1b4,16,"[0, 0, 0, 0, 0, 1, 0, 1]",5,1,1,,0.625,8
7014,9b065232-8861-11f1-a9ee-b48c9db4e1b4,16,"[0, 0, 0, 0, 0, 1, 0, 1]",6,0,0,,0.625,8
7015,9b065232-8861-11f1-a9ee-b48c9db4e1b4,16,"[0, 0, 0, 0, 0, 1, 0, 1]",7,1,1,,0.625,8
7016,9b065232-8861-11f1-a9ee-b48c9db4e1b4,17,"[0, 1, 1, 1, 1, 1, 1, 0]",0,0,0,,0.625,8
7017,9b065232-8861-11f1-a9ee-b48c9db4e1b4,17,"[0, 1, 1, 1, 1, 1, 1, 0]",1,1,-1,,0.625,8
7018,9b065232-8861-11f1-a9ee-b48c9db4e1b4,17,"[0, 1, 1, 1, 1, 1, 1, 0]",2,1,-1,,0.625,8
7019,9b065232-8861-11f1-a9ee-b48c9db4e1b4,17,"[0, 1, 1, 1, 1, 1, 1, 0]",3,1,-1,,0.625,8
7020,9b065232-8861-11f1-a9ee-b48c9db4e1b4,17,"[0, 1, 1, 1, 1, 1, 1, 0]",4,1,-1,,0.625,8
7021,9b065232-8861-11f1-a9ee-b48c9db4e1b4,17,"[0, 1, 1, 1, 1, 1, 1, 0]",5,1,-1,,0.625,8
7022,9b065232-8861-11f1-a9ee-b48c9db4e1b4,17,"[0, 1, 1, 1, 1, 1, 1, 0]",6,1,-1,,0.625,8
7023,9b065232-8861-11f1-a9ee-b48c9db4e1b4,17,"[0, 1, 1, 1, 1, 1, 1, 0]",7,0,0,,0.625,8
7024,9b065232-8861-11f1-a9ee-b48c9db4e1b4,18,"[1, 1, 1, 1, 0, 0, 0, 1]",0,1,1,,0.625,8
7025,9b065232-8861-11f1-a9ee-b48c9db4e1b4,18,"[1, 1, 1, 1, 0, 0, 0, 1]",1,1,1,,0.625,8
7026,9b065232-8861-11f1-a9ee-b48c9db4e1b4,18,"[1, 1, 1, 1, 0, 0, 0, 1]",2,1,1,,0.625,8
7027,9b065232-8861-11f1-a9ee-b48c9db4e1b4,18,"[1, 1, 1, 1, 0, 0, 0, 1]",3,1,1,,0.625,8
7028,9b065232-8861-11f1-a9ee-b48c9db4e1b4,18,"[1, 1, 1, 1, 0, 0, 0, 1]",4,0,0,,0.625,8
7029,9b065232-8861-11f1-a9ee-b48c9db4e1b4,18,"[1, 1, 1, 1, 0, 0, 0, 1]",5,0,0,,0.625,8
7030,9b065232-8861-11f1-a9ee-b48c9db4e1b4,18,"[1, 1, 1, 1, 0, 0, 0, 1]",6,0,0,,0.625,8
7031,9b065232-8861-11f1-a9ee-b48c9db4e1b4,18,"[1, 1, 1, 1, 0, 0, 0, 1]",7,1,1,,0.625,8
7032,9b065232-8861-11f1-a9ee-b48c9db4e1b4,19,"[0, 1, 0, 0, 1, 0, 1, 0]",0,0,0,,0.625,8
7033,9b065232-8861-11f1-a9ee-b48c9db4e1b4,19,"[0, 1, 0, 0, 1, 0, 1, 0]",1,1,1,,0.625,8
7034,9b065232-8861-11f1-a9ee-b48c9db4e1b4,19,"[0, 1, 0, 0, 1, 0, 1, 0]",2,0,0,,0.625,8
7035,9b065232-8861-11f1-a9ee-b48c9db4e1b4,19,"[0, 1, 0, 0, 1, 0, 1, 0]",3,0,0,,0.625,8
7036,9b065232-8861-11f1-a9ee-b48c9db4e1b4,19,"[0, 1, 0, 0, 1, 0, 1, 0]",4,1,1,,0.625,8
7037,9b065232-8861-11f1-a9ee-b48c9db4e1b4,19,"[0, 1, 0, 0, 1, 0, 1, 0]",5,0,0,,0.625,8
7038,9b065232-8861-11f1-a9ee-b48c9db4e1b4,19,"[0, 1, 0, 0, 1, 0, 1, 0]",6,1,1,,0.625,8
7039,9b065232-8861-11f1-a9ee-b48c9db4e1b4,19,"[0, 1, 0, 0, 1, 0, 1, 0]",7,0,0,,0.625,8
7040,9b09fccd-8861-11f1-8dc3-b48c9db4e1b4,0,"[1, 1, 0, 1, 0, 0, 1, 1]",0,1,1,,0.625,8
7041,9b09fccd-8861-11f1-8dc3-b48c9db4e1b4,0,"[1, 1, 0, 1, 0, 0, 1, 1]",1,1,1,,0.625,8
7042,9b09fccd-8861-11f1-8dc3-b48c9db4e1b4,0,"[1, 1, 0, 1, 0, 0, 1, 1]",2,0,0,,0.625,8
7043,9b09fccd-8861-11f1-8dc3-b48c9db4e1b4,0,"[1, 1, 0, 1, 0, 0, 1, 1]",3,1,1,,0.625,8
7044,9b09fccd-8861-11f1-8dc3-b48c9db4e1b4,0,"[1, 1, 0, 1, 0, 0, 1, 1]",4,0,0,,0.625,8
7045,9b09fccd-8861-11f1-8dc3-b48c9db4e1b4,0,"[1, 1, 0, 1, 0, 0, 1, 1]",5,0,0,,0.625,8
7046,9b09fccd-8861-11f1-8dc3-b48c9db4e1b4,0,"[1, 1, 0, 1, 0, 0, 1, 1]",6,1,1,,0.625,8
7047,9b09fccd-8861-11f1-8dc3-b48c9db4e1b4,0,"[1, 1, 0, 1, 0, 0, 1, 1]",7,1,1,,0.625,8
7048,9b09fccd-8861-11f1-8dc3-b48c9db4e1b4,1,"[1, 1, 1, 0, 0, 0, 1, 1]",0,1,1,,0.625,8
7049,9b09fccd-8861-11f1-8dc3-b48c9db4e1b4,1,"[1, 1, 1, 0, 0, 0, 1, 1]",1,1,1,,0.625,8
7050,9b09fccd-8861-11f1-8dc3-b48c9db4e1b4,1,"[1, 1, 1, 0, 0, 0, 1, 1]",2,1,1,,0.625,8
7051,9b09fccd-8861-11f1-8dc3-b48c9db4e1b4,1,"[1, 1, 1, 0, 0, 0, 1, 1]",3,0,0,,0.625,8
7052,9b09fccd-8861-11f1-8dc3-b48c9db4e1b4,1,"[1, 1, 1, 0, 0, 0, 1, 1]",4,0,0,,0.625,8
7053,9b09fccd-8861-11f1-8dc3-b48c9db4e1b4,1,"[1, 1, 1, 0, 0, 0, 1, 1]",5,0,0,,0.625,8
7054,9b09fccd-8861-11f1-8dc3-b48c9db4e1b4,1,"[1, 1, 1, 0, 0, 0, 1, 1]",6,1,1,,0.625,8
7055,9b09fccd-8861-11f1-8dc3-b48c9db4e1b4,1,"[1, 1, 1, 0, 0, 0, 1, 1]",7,1,1,,0.625,8
7056,9b09fccd-8861-11f1-8dc3-b48c9db4e1b4,2,"[0, 1, 0, 1, 0, 1, 1, 1]",0,0,0,,0.625,8
7057,9b09fccd-8861-11f1-8dc3-b48c9db4e1b4,2,"[0, 1, 0, 1, 0, 1, 1, 1]",1,1,1,,0.625,8
7058,9b09fccd-8861-11f1-8dc3-b48c9db4e1b4,2,"[0, 1, 0, 1, 0, 1, 1, 1]",2,0,0,,0.625,8
7059,9b09fccd-8861-11f1-8dc3-b48c9db4e1b4,2,"[0, 1, 0, 1, 0, 1, 1, 1]",3,1,1,,0.625,8
7060,9b09fccd-8861-11f1-8dc3-b48c9db4e1b4,2,"[0, 1, 0, 1, 0, 1, 1, 1]",4,0,0,,0.625,8
7061,9b09fccd-8861-11f1-8dc3-b48c9db4e1b4,2,"[0, 1, 0, 1, 0, 1, 1, 1]",5,1,1,,0.625,8
7062,9b09fccd-8861-11f1-8dc3-b48c9db4e1b4,2,"[0, 1, 0, 1, 0, 1, 1, 1]",6,1,1,,0.625,8
7063,9b09fccd-8861-11f1-8dc3-b48c9db4e1b4,2,"[0, 1, 0, 1, 0, 1, 1, 1]",7,1,1,,0.625,8
7064,9b09fccd-8861-11f1-8dc3-b48c9db4e1b4,3,"[1, 1, 1, 0, 0, 0, 1, 0]",0,1,1,,0.625,8
7065,9b09fccd-8861-11f1-8dc3-b48c9db4e1b4,3,"[1, 1, 1, 0, 0, 0, 1, 0]",1,1,1,,0.625,8
7066,9b09fccd-8861-11f1-8dc3-b48c9db4e1b4,3,"[1, 1, 1, 0, 0, 0, 1, 0]",2,1,1,,0.625,8
7067,9b09fccd-8861-11f1-8dc3-b48c9db4e1b4,3,"[1, 1, 1, 0, 0, 0, 1, 0]",3,0,0,,0.625,8
7068,9b09fccd-8861-11f1-8dc3-b48c9db4e1b4,3,"[1, 1, 1, 0, 0, 0, 1, 0]",4,0,0,,0.625,8
7069,9b09fccd-8861-11f1-8dc3-b48c9db4e1b4,3,"[1, 1, 1, 0, 0, 0, 1, 0]",5,0,0,,0.625,8
7070,9b09fccd-8861-11f1-8dc3-b48c9db4e1b4,3,"[1, 1, 1, 0, 0, 0, 1, 0]",6,1,1,,0.625,8
7071,9b09fccd-8861-11f1-8dc3-b48c9db4e1b4,3,"[1, 1, 1, 0, 0, 0, 1, 0]",7,0,0,,0.625,8
7072,9b09fccd-8861-11f1-8dc3-b48c9db4e1b4,4,"[1, 0, 0, 0, 0, 0, 0, 1]",0,1,1,,0.625,8
7073,9b09fccd-8861-11f1-8dc3-b48c9db4e1b4,4,"[1, 0, 0, 0, 0, 0, 0, 1]",1,0,0,,0.625,8
7074,9b09fccd-8861-11f1-8dc3-b48c9db4e1b4,4,"[1, 0, 0, 0, 0, 0, 0, 1]",2,0,0,,0.625,8
7075,9b09fccd-8861-11f1-8dc3-b48c9db4e1b4,4,"[1, 0, 0, 0, 0, 0, 0, 1]",3,0,0,,0.625,8
7076,9b09fccd-8861-11f1-8dc3-b48c9db4e1b4,4,"[1, 0, 0, 0, 0, 0, 0, 1]",4,0,0,,0.625,8
7077,9b09fccd-8861-11f1-8dc3-b48c9db4e1b4,4,"[1, 0, 0, 0, 0, 0, 0, 1]",5,0,0,,0.625,8
7078,9b09fccd-8861-11f1-8dc3-b48c9db4e1b4,4,"[1, 0, 0, 0, 0, 0, 0, 1]",6,0,0,,0.625,8
7079,9b09fccd-8861-11f1-8dc3-b48c9db4e1b4,4,"[1, 0, 0, 0, 0, 0, 0, 1]",7,1,1,,0.625,8
7080,9b09fccd-8861-11f1-8dc3-b48c9db4e1b4,5,"[1, 1, 0, 1, 1, 0, 0, 0]",0,1,1,,0.625,8
7081,9b09fccd-8861-11f1-8dc3-b48c9db4e1b4,5,"[1, 1, 0, 1, 1, 0, 0, 0]",1,1,1,,0.625,8
7082,9b09fccd-8861-11f1-8dc3-b48c9db4e1b4,5,"[1, 1, 0, 1, 1, 0, 0, 0]",2,0,0,,0.625,8
7083,9b09fccd-8861-11f1-8dc3-b48c9db4e1b4,5,"[1, 1, 0, 1, 1, 0, 0, 0]",3,1,1,,0.625,8
7084,9b09fccd-8861-11f1-8dc3-b48c9db4e1b4,5,"[1, 1, 0, 1, 1, 0, 0, 0]",4,1,1,,0.625,8
7085,9b09fccd-8861-11f1-8dc3-b48c9db4e1b4,5,"[1, 1, 0, 1, 1, 0, 0, 0]",5,0,0,,0.625,8
7086,9b09fccd-8861-11f1-8dc3-b48c9db4e1b4,5,"[1, 1, 0, 1, 1, 0, 0, 0]",6,0,0,,0.625,8
7087,9b09fccd-8861-11f1-8dc3-b48c9db4e1b4,5,"[1, 1, 0, 1, 1, 0, 0, 0]",7,0,0,,0.625,8
7088,9b09fccd-8861-11f1-8dc3-b48c9db4e1b4,6,"[0, 1, 1, 1, 0, 0, 0, 1]",0,0,0,,0.625,8
7089,9b09fccd-8861-11f1-8dc3-b48c9db4e1b4,6,"[0, 1, 1, 1, 0, 0, 0, 1]",1,1,1,,0.625,8
7090,9b09fccd-8861-11f1-8dc3-b48c9db4e1b4,6,"[0, 1, 1, 1, 0, 0, 0, 1]",2,1,1,,0.625,8
7091,9b09fccd-8861-11f1-8dc3-b48c9db4e1b4,6,"[0, 1, 1, 1, 0, 0, 0, 1]",3,1,1,,0.625,8
7092,9b09fccd-8861-11f1-8dc3-b48c9db4e1b4,6,"[0, 1, 1, 1, 0, 0, 0, 1]",4,0,0,,0.625,8
7093,9b09fccd-8861-11f1-8dc3-b48c9db4e1b4,6,"[0, 1, 1, 1, 0, 0, 0, 1]",5,0,0,,0.625,8
7094,9b09fccd-8861-11f1-8dc3-b48c9db4e1b4,6,"[0, 1, 1, 1, 0, 0, 0, 1]",6,0,0,,0.625,8
7095,9b09fccd-8861-11f1-8dc3-b48c9db4e1b4,6,"[0, 1, 1, 1, 0, 0, 0, 1]",7,1,1,,0.625,8
7096,9b09fccd-8861-11f1-8dc3-b48c9db4e1b4,7,"[0, 1, 1, 0, 0, 1, 0, 0]",0,0,0,,0.625,8
7097,9b09fccd-8861-11f1-8dc3-b48c9db4e1b4,7,"[0, 1, 1, 0, 0, 1, 0, 0]",1,1,1,,0.625,8
7098,9b09fccd-8861-11f1-8dc3-b48c9db4e1b4,7,"[0, 1, 1, 0, 0, 1, 0, 0]",2,1,1,,0.625,8
7099,9b09fccd-8861-11f1-8dc3-b48c9db4e1b4,7,"[0, 1, 1, 0, 0, 1, 0, 0]",3,0,0,,0.625,8
7100,9b09fccd-8861-11f1-8dc3-b48c9db4e1b4,7,"[0, 1, 1, 0, 0, 1, 0, 0]",4,0,0,,0.625,8
7101,9b09fccd-8861-11f1-8dc3-b48c9db4e1b4,7,"[0, 1, 1, 0, 0, 1, 0, 0]",5,1,1,,0.625,8
7102,9b09fccd-8861-11f1-8dc3-b48c9db4e1b4,7,"[0, 1, 1, 0, 0, 1, 0, 0]",6,0,0,,0.625,8
7103,9b09fccd-8861-11f1-8dc3-b48c9db4e1b4,7,"[0, 1, 1, 0, 0, 1, 0, 0]",7,0,0,,0.625,8
7104,9b09fccd-8861-11f1-8dc3-b48c9db4e1b4,8,"[0, 1, 1, 1, 0, 0, 0, 0]",0,0,0,,0.625,8
7105,9b09fccd-8861-11f1-8dc3-b48c9db4e1b4,8,"[0, 1, 1, 1, 0, 0, 0, 0]",1,1,1,,0.625,8
7106,9b09fccd-8861-11f1-8dc3-b48c9db4e1b4,8,"[0, 1, 1, 1, 0, 0, 0, 0]",2,1,1,,0.625,8
7107,9b09fccd-8861-11f1-8dc3-b48c9db4e1b4,8,"[0, 1, 1, 1, 0, 0, 0, 0]",3,1,1,,0.625,8
7108,9b09fccd-8861-11f1-8dc3-b48c9db4e1b4,8,"[0, 1, 1, 1, 0, 0, 0, 0]",4,0,0,,0.625,8
7109,9b09fccd-8861-11f1-8dc3-b48c9db4e1b4,8,"[0, 1, 1, 1, 0, 0, 0, 0]",5,0,0,,0.625,8
7110,9b09fccd-8861-11f1-8dc3-b48c9db4e1b4,8,"[0, 1, 1, 1, 0, 0, 0, 0]",6,0,0,,0.625,8
7111,9b09fccd-8861-11f1-8dc3-b48c9db4e1b4,8,"[0, 1, 1, 1, 0, 0, 0, 0]",7,0,0,,0.625,8
7112,9b09fccd-8861-11f1-8dc3-b48c9db4e1b4,9,"[0, 0, 0, 0, 1, 0, 1, 0]",0,0,0,,0.625,8
7113,9b09fccd-8861-11f1-8dc3-b48c9db4e1b4,9,"[0, 0, 0, 0, 1, 0, 1, 0]",1,0,0,,0.625,8
7114,9b09fccd-8861-11f1-8dc3-b48c9db4e1b4,9,"[0, 0, 0, 0, 1, 0, 1, 0]",2,0,0,,0.625,8
7115,9b09fccd-8861-11f1-8dc3-b48c9db4e1b4,9,"[0, 0, 0, 0, 1, 0, 1, 0]",3,0,0,,0.625,8
7116,9b09fccd-8861-11f1-8dc3-b48c9db4e1b4,9,"[0, 0, 0, 0, 1, 0, 1, 0]",4,1,1,,0.625,8
7117,9b09fccd-8861-11f1-8dc3-b48c9db4e1b4,9,"[0, 0, 0, 0, 1, 0, 1, 0]",5,0,0,,0.625,8
7118,9b09fccd-8861-11f1-8dc3-b48c9db4e1b4,9,"[0, 0, 0, 0, 1, 0, 1, 0]",6,1,1,,0.625,8
7119,9b09fccd-8861-11f1-8dc3-b48c9db4e1b4,9,"[0, 0, 0, 0, 1, 0, 1, 0]",7,0,0,,0.625,8
7120,9b09fccd-8861-11f1-8dc3-b48c9db4e1b4,10,"[1, 0, 0, 0, 1, 1, 0, 1]",0,1,1,,0.625,8
7121,9b09fccd-8861-11f1-8dc3-b48c9db4e1b4,10,"[1, 0, 0, 0, 1, 1, 0, 1]",1,0,0,,0.625,8
7122,9b09fccd-8861-11f1-8dc3-b48c9db4e1b4,10,"[1, 0, 0, 0, 1, 1, 0, 1]",2,0,0,,0.625,8
7123,9b09fccd-8861-11f1-8dc3-b48c9db4e1b4,10,"[1, 0, 0, 0, 1, 1, 0, 1]",3,0,0,,0.625,8
7124,9b09fccd-8861-11f1-8dc3-b48c9db4e1b4,10,"[1, 0, 0, 0, 1, 1, 0, 1]",4,1,1,,0.625,8
7125,9b09fccd-8861-11f1-8dc3-b48c9db4e1b4,10,"[1, 0, 0, 0, 1, 1, 0, 1]",5,1,1,,0.625,8
7126,9b09fccd-8861-11f1-8dc3-b48c9db4e1b4,10,"[1, 0, 0, 0, 1, 1, 0, 1]",6,0,0,,0.625,8
7127,9b09fccd-8861-11f1-8dc3-b48c9db4e1b4,10,"[1, 0, 0, 0, 1, 1, 0, 1]",7,1,1,,0.625,8
7128,9b09fccd-8861-11f1-8dc3-b48c9db4e1b4,11,"[1, 0, 0, 0, 1, 0, 0, 0]",0,1,1,,0.625,8
7129,9b09fccd-8861-11f1-8dc3-b48c9db4e1b4,11,"[1, 0, 0, 0, 1, 0, 0, 0]",1,0,0,,0.625,8
7130,9b09fccd-8861-11f1-8dc3-b48c9db4e1b4,11,"[1, 0, 0, 0, 1, 0, 0, 0]",2,0,0,,0.625,8
7131,9b09fccd-8861-11f1-8dc3-b48c9db4e1b4,11,"[1, 0, 0, 0, 1, 0, 0, 0]",3,0,0,,0.625,8
7132,9b09fccd-8861-11f1-8dc3-b48c9db4e1b4,11,"[1, 0, 0, 0, 1, 0, 0, 0]",4,1,1,,0.625,8
7133,9b09fccd-8861-11f1-8dc3-b48c9db4e1b4,11,"[1, 0, 0, 0, 1, 0, 0, 0]",5,0,0,,0.625,8
7134,9b09fccd-8861-11f1-8dc3-b48c9db4e1b4,11,"[1, 0, 0, 0, 1, 0, 0, 0]",6,0,0,,0.625,8
7135,9b09fccd-8861-11f1-8dc3-b48c9db4e1b4,11,"[1, 0, 0, 0, 1, 0, 0, 0]",7,0,0,,0.625,8
7136,9b09fccd-8861-11f1-8dc3-b48c9db4e1b4,12,"[0, 1, 1, 1, 1, 0, 0, 1]",0,0,0,,0.625,8
7137,9b09fccd-8861-11f1-8dc3-b48c9db4e1b4,12,"[0, 1, 1, 1, 1, 0, 0, 1]",1,1,1,,0.625,8
7138,9b09fccd-8861-11f1-8dc3-b48c9db4e1b4,12,"[0, 1, 1, 1, 1, 0, 0, 1]",2,1,1,,0.625,8
7139,9b09fccd-8861-11f1-8dc3-b48c9db4e1b4,12,"[0, 1, 1, 1, 1, 0, 0, 1]",3,1,1,,0.625,8
7140,9b09fccd-8861-11f1-8dc3-b48c9db4e1b4,12,"[0, 1, 1, 1, 1, 0, 0, 1]",4,1,1,,0.625,8
7141,9b09fccd-8861-11f1-8dc3-b48c9db4e1b4,12,"[0, 1, 1, 1, 1, 0, 0, 1]",5,0,0,,0.625,8
7142,9b09fccd-8861-11f1-8dc3-b48c9db4e1b4,12,"[0, 1, 1, 1, 1, 0, 0, 1]",6,0,0,,0.625,8
7143,9b09fccd-8861-11f1-8dc3-b48c9db4e1b4,12,"[0, 1, 1, 1, 1, 0, 0, 1]",7,1,1,,0.625,8
7144,9b09fccd-8861-11f1-8dc3-b48c9db4e1b4,13,"[1, 0, 1, 0, 0, 0, 1, 0]",0,1,1,,0.625,8
7145,9b09fccd-8861-11f1-8dc3-b48c9db4e1b4,13,"[1, 0, 1, 0, 0, 0, 1, 0]",1,0,0,,0.625,8
7146,9b09fccd-8861-11f1-8dc3-b48c9db4e1b4,13,"[1, 0, 1, 0, 0, 0, 1, 0]",2,1,1,,0.625,8
7147,9b09fccd-8861-11f1-8dc3-b48c9db4e1b4,13,"[1, 0, 1, 0, 0, 0, 1, 0]",3,0,0,,0.625,8
7148,9b09fccd-8861-11f1-8dc3-b48c9db4e1b4,13,"[1, 0, 1, 0, 0, 0, 1, 0]",4,0,0,,0.625,8
7149,9b09fccd-8861-11f1-8dc3-b48c9db4e1b4,13,"[1, 0, 1, 0, 0, 0, 1, 0]",5,0,0,,0.625,8
7150,9b09fccd-8861-11f1-8dc3-b48c9db4e1b4,13,"[1, 0, 1, 0, 0, 0, 1, 0]",6,1,1,,0.625,8
7151,9b09fccd-8861-11f1-8dc3-b48c9db4e1b4,13,"[1, 0, 1, 0, 0, 0, 1, 0]",7,0,0,,0.625,8
7152,9b09fccd-8861-11f1-8dc3-b48c9db4e1b4,14,"[0, 0, 1, 0, 0, 1, 0, 0]",0,0,0,,0.625,8
7153,9b09fccd-8861-11f1-8dc3-b48c9db4e1b4,14,"[0, 0, 1, 0, 0, 1, 0, 0]",1,0,0,,0.625,8
7154,9b09fccd-8861-11f1-8dc3-b48c9db4e1b4,14,"[0, 0, 1, 0, 0, 1, 0, 0]",2,1,1,,0.625,8
7155,9b09fccd-8861-11f1-8dc3-b48c9db4e1b4,14,"[0, 0, 1, 0, 0, 1, 0, 0]",3,0,0,,0.625,8
7156,9b09fccd-8861-11f1-8dc3-b48c9db4e1b4,14,"[0, 0, 1, 0, 0, 1, 0, 0]",4,0,0,,0.625,8
7157,9b09fccd-8861-11f1-8dc3-b48c9db4e1b4,14,"[0, 0, 1, 0, 0, 1, 0, 0]",5,1,1,,0.625,8
7158,9b09fccd-8861-11f1-8dc3-b48c9db4e1b4,14,"[0, 0, 1, 0, 0, 1, 0, 0]",6,0,0,,0.625,8
7159,9b09fccd-8861-11f1-8dc3-b48c9db4e1b4,14,"[0, 0, 1, 0, 0, 1, 0, 0]",7,0,0,,0.625,8
7160,9b09fccd-8861-11f1-8dc3-b48c9db4e1b4,15,"[1, 0, 1, 1, 0, 0, 1, 1]",0,1,1,,0.625,8
7161,9b09fccd-8861-11f1-8dc3-b48c9db4e1b4,15,"[1, 0, 1, 1, 0, 0, 1, 1]",1,0,0,,0.625,8
7162,9b09fccd-8861-11f1-8dc3-b48c9db4e1b4,15,"[1, 0, 1, 1, 0, 0, 1, 1]",2,1,1,,0.625,8
7163,9b09fccd-8861-11f1-8dc3-b48c9db4e1b4,15,"[1, 0, 1, 1, 0, 0, 1, 1]",3,1,1,,0.625,8
7164,9b09fccd-8861-11f1-8dc3-b48c9db4e1b4,15,"[1, 0, 1, 1, 0, 0, 1, 1]",4,0,0,,0.625,8
7165,9b09fccd-8861-11f1-8dc3-b48c9db4e1b4,15,"[1, 0, 1, 1, 0, 0, 1, 1]",5,0,0,,0.625,8
7166,9b09fccd-8861-11f1-8dc3-b48c9db4e1b4,15,"[1, 0, 1, 1, 0, 0, 1, 1]",6,1,1,,0.625,8
7167,9b09fccd-8861-11f1-8dc3-b48c9db4e1b4,15,"[1, 0, 1, 1, 0, 0, 1, 1]",7,1,1,,0.625,8
7168,9b09fccd-8861-11f1-8dc3-b48c9db4e1b4,16,"[0, 1, 1, 1, 1, 0, 1, 1]",0,0,0,,0.625,8
7169,9b09fccd-8861-11f1-8dc3-b48c9db4e1b4,16,"[0, 1, 1, 1, 1, 0, 1, 1]",1,1,-1,,0.625,8
7170,9b09fccd-8861-11f1-8dc3-b48c9db4e1b4,16,"[0, 1, 1, 1, 1, 0, 1, 1]",2,1,-1,,0.625,8
7171,9b09fccd-8861-11f1-8dc3-b48c9db4e1b4,16,"[0, 1, 1, 1, 1, 0, 1, 1]",3,1,-1,,0.625,8
7172,9b09fccd-8861-11f1-8dc3-b48c9db4e1b4,16,"[0, 1, 1, 1, 1, 0, 1, 1]",4,1,-1,,0.625,8
7173,9b09fccd-8861-11f1-8dc3-b48c9db4e1b4,16,"[0, 1, 1, 1, 1, 0, 1, 1]",5,0,0,,0.625,8
7174,9b09fccd-8861-11f1-8dc3-b48c9db4e1b4,16,"[0, 1, 1, 1, 1, 0, 1, 1]",6,1,-1,,0.625,8
7175,9b09fccd-8861-11f1-8dc3-b48c9db4e1b4,16,"[0, 1, 1, 1, 1, 0, 1, 1]",7,1,-1,,0.625,8
7176,9b09fccd-8861-11f1-8dc3-b48c9db4e1b4,17,"[1, 0, 0, 1, 1, 0, 1, 1]",0,1,1,,0.625,8
7177,9b09fccd-8861-11f1-8dc3-b48c9db4e1b4,17,"[1, 0, 0, 1, 1, 0, 1, 1]",1,0,0,,0.625,8
7178,9b09fccd-8861-11f1-8dc3-b48c9db4e1b4,17,"[1, 0, 0, 1, 1, 0, 1, 1]",2,0,0,,0.625,8
7179,9b09fccd-8861-11f1-8dc3-b48c9db4e1b4,17,"[1, 0, 0, 1, 1, 0, 1, 1]",3,1,1,,0.625,8
7180,9b09fccd-8861-11f1-8dc3-b48c9db4e1b4,17,"[1, 0, 0, 1, 1, 0, 1, 1]",4,1,1,,0.625,8
7181,9b09fccd-8861-11f1-8dc3-b48c9db4e1b4,17,"[1, 0, 0, 1, 1, 0, 1, 1]",5,0,0,,0.625,8
7182,9b09fccd-8861-11f1-8dc3-b48c9db4e1b4,17,"[1, 0, 0, 1, 1, 0, 1, 1]",6,1,1,,0.625,8
7183,9b09fccd-8861-11f1-8dc3-b48c9db4e1b4,17,"[1, 0, 0, 1, 1, 0, 1, 1]",7,1,1,,0.625,8
7184,9b09fccd-8861-11f1-8dc3-b48c9db4e1b4,18,"[0, 1, 1, 1, 0, 0, 1, 1]",0,0,0,,0.625,8
7185,9b09fccd-8861-11f1-8dc3-b48c9db4e1b4,18,"[0, 1, 1, 1, 0, 0, 1, 1]",1,1,1,,0.625,8
7186,9b09fccd-8861-11f1-8dc3-b48c9db4e1b4,18,"[0, 1, 1, 1, 0, 0, 1, 1]",2,1,1,,0.625,8
7187,9b09fccd-8861-11f1-8dc3-b48c9db4e1b4,18,"[0, 1, 1, 1, 0, 0, 1, 1]",3,1,1,,0.625,8
7188,9b09fccd-8861-11f1-8dc3-b48c9db4e1b4,18,"[0, 1, 1, 1, 0, 0, 1, 1]",4,0,0,,0.625,8
7189,9b09fccd-8861-11f1-8dc3-b48c9db4e1b4,18,"[0, 1, 1, 1, 0, 0, 1, 1]",5,0,0,,0.625,8
7190,9b09fccd-8861-11f1-8dc3-b48c9db4e1b4,18,"[0, 1, 1, 1, 0, 0, 1, 1]",6,1,1,,0.625,8
7191,9b09fccd-8861-11f1-8dc3-b48c9db4e1b4,18,"[0, 1, 1, 1, 0, 0, 1, 1]",7,1,1,,0.625,8
7192,9b09fccd-8861-11f1-8dc3-b48c9db4e1b4,19,"[1, 0, 1, 1, 0, 0, 1, 1]",0,1,1,,0.625,8
7193,9b09fccd-8861-11f1-8dc3-b48c9db4e1b4,19,"[1, 0, 1, 1, 0, 0, 1, 1]",1,0,0,,0.625,8
7194,9b09fccd-8861-11f1-8dc3-b48c9db4e1b4,19,"[1, 0, 1, 1, 0, 0, 1, 1]",2,1,1,,0.625,8
7195,9b09fccd-8861-11f1-8dc3-b48c9db4e1b4,19,"[1, 0, 1, 1, 0, 0, 1, 1]",3,1,1,,0.625,8
7196,9b09fccd-8861-11f1-8dc3-b48c9db4e1b4,19,"[1, 0, 1, 1, 0, 0, 1, 1]",4,0,0,,0.625,8
7197,9b09fccd-8861-11f1-8dc3-b48c9db4e1b4,19,"[1, 0, 1, 1, 0, 0, 1, 1]",5,0,0,,0.625,8
7198,9b09fccd-8861-11f1-8dc3-b48c9db4e1b4,19,"[1, 0, 1, 1, 0, 0, 1, 1]",6,1,1,,0.625,8
7199,9b09fccd-8861-11f1-8dc3-b48c9db4e1b4,19,"[1, 0, 1, 1, 0, 0, 1, 1]",7,1,1,,0.625,8
7200,9b0e3ad9-8861-11f1-a263-b48c9db4e1b4,0,"[1, 1, 1, 0, 1, 0, 1, 0]",0,1,1,,0.625,8
7201,9b0e3ad9-8861-11f1-a263-b48c9db4e1b4,0,"[1, 1, 1, 0, 1, 0, 1, 0]",1,1,1,,0.625,8
7202,9b0e3ad9-8861-11f1-a263-b48c9db4e1b4,0,"[1, 1, 1, 0, 1, 0, 1, 0]",2,1,1,,0.625,8
7203,9b0e3ad9-8861-11f1-a263-b48c9db4e1b4,0,"[1, 1, 1, 0, 1, 0, 1, 0]",3,0,0,,0.625,8
7204,9b0e3ad9-8861-11f1-a263-b48c9db4e1b4,0,"[1, 1, 1, 0, 1, 0, 1, 0]",4,1,1,,0.625,8
7205,9b0e3ad9-8861-11f1-a263-b48c9db4e1b4,0,"[1, 1, 1, 0, 1, 0, 1, 0]",5,0,0,,0.625,8
7206,9b0e3ad9-8861-11f1-a263-b48c9db4e1b4,0,"[1, 1, 1, 0, 1, 0, 1, 0]",6,1,1,,0.625,8
7207,9b0e3ad9-8861-11f1-a263-b48c9db4e1b4,0,"[1, 1, 1, 0, 1, 0, 1, 0]",7,0,0,,0.625,8
7208,9b0e3ad9-8861-11f1-a263-b48c9db4e1b4,1,"[1, 0, 1, 0, 1, 1, 1, 0]",0,1,1,,0.625,8
7209,9b0e3ad9-8861-11f1-a263-b48c9db4e1b4,1,"[1, 0, 1, 0, 1, 1, 1, 0]",1,0,0,,0.625,8
7210,9b0e3ad9-8861-11f1-a263-b48c9db4e1b4,1,"[1, 0, 1, 0, 1, 1, 1, 0]",2,1,1,,0.625,8
7211,9b0e3ad9-8861-11f1-a263-b48c9db4e1b4,1,"[1, 0, 1, 0, 1, 1, 1, 0]",3,0,0,,0.625,8
7212,9b0e3ad9-8861-11f1-a263-b48c9db4e1b4,1,"[1, 0, 1, 0, 1, 1, 1, 0]",4,1,1,,0.625,8
7213,9b0e3ad9-8861-11f1-a263-b48c9db4e1b4,1,"[1, 0, 1, 0, 1, 1, 1, 0]",5,1,1,,0.625,8
7214,9b0e3ad9-8861-11f1-a263-b48c9db4e1b4,1,"[1, 0, 1, 0, 1, 1, 1, 0]",6,1,1,,0.625,8
7215,9b0e3ad9-8861-11f1-a263-b48c9db4e1b4,1,"[1, 0, 1, 0, 1, 1, 1, 0]",7,0,0,,0.625,8
7216,9b0e3ad9-8861-11f1-a263-b48c9db4e1b4,2,"[1, 0, 1, 1, 0, 0, 0, 0]",0,1,1,,0.625,8
7217,9b0e3ad9-8861-11f1-a263-b48c9db4e1b4,2,"[1, 0, 1, 1, 0, 0, 0, 0]",1,0,0,,0.625,8
7218,9b0e3ad9-8861-11f1-a263-b48c9db4e1b4,2,"[1, 0, 1, 1, 0, 0, 0, 0]",2,1,1,,0.625,8
7219,9b0e3ad9-8861-11f1-a263-b48c9db4e1b4,2,"[1, 0, 1, 1, 0, 0, 0, 0]",3,1,1,,0.625,8
7220,9b0e3ad9-8861-11f1-a263-b48c9db4e1b4,2,"[1, 0, 1, 1, 0, 0, 0, 0]",4,0,0,,0.625,8
7221,9b0e3ad9-8861-11f1-a263-b48c9db4e1b4,2,"[1, 0, 1, 1, 0, 0, 0, 0]",5,0,0,,0.625,8
7222,9b0e3ad9-8861-11f1-a263-b48c9db4e1b4,2,"[1, 0, 1, 1, 0, 0, 0, 0]",6,0,0,,0.625,8
7223,9b0e3ad9-8861-11f1-a263-b48c9db4e1b4,2,"[1, 0, 1, 1, 0, 0, 0, 0]",7,0,0,,0.625,8
7224,9b0e3ad9-8861-11f1-a263-b48c9db4e1b4,3,"[1, 1, 1, 1, 0, 0, 1, 0]",0,1,1,,0.625,8
7225,9b0e3ad9-8861-11f1-a263-b48c9db4e1b4,3,"[1, 1, 1, 1, 0, 0, 1, 0]",1,1,1,,0.625,8
7226,9b0e3ad9-8861-11f1-a263-b48c9db4e1b4,3,"[1, 1, 1, 1, 0, 0, 1, 0]",2,1,1,,0.625,8
7227,9b0e3ad9-8861-11f1-a263-b48c9db4e1b4,3,"[1, 1, 1, 1, 0, 0, 1, 0]",3,1,1,,0.625,8
7228,9b0e3ad9-8861-11f1-a263-b48c9db4e1b4,3,"[1, 1, 1, 1, 0, 0, 1, 0]",4,0,0,,0.625,8
7229,9b0e3ad9-8861-11f1-a263-b48c9db4e1b4,3,"[1, 1, 1, 1, 0, 0, 1, 0]",5,0,0,,0.625,8
7230,9b0e3ad9-8861-11f1-a263-b48c9db4e1b4,3,"[1, 1, 1, 1, 0, 0, 1, 0]",6,1,1,,0.625,8
7231,9b0e3ad9-8861-11f1-a263-b48c9db4e1b4,3,"[1, 1, 1, 1, 0, 0, 1, 0]",7,0,0,,0.625,8
7232,9b0e3ad9-8861-11f1-a263-b48c9db4e1b4,4,"[0, 1, 1, 1, 0, 0, 0, 1]",0,0,0,,0.625,8
7233,9b0e3ad9-8861-11f1-a263-b48c9db4e1b4,4,"[0, 1, 1, 1, 0, 0, 0, 1]",1,1,1,,0.625,8
7234,9b0e3ad9-8861-11f1-a263-b48c9db4e1b4,4,"[0, 1, 1, 1, 0, 0, 0, 1]",2,1,1,,0.625,8
7235,9b0e3ad9-8861-11f1-a263-b48c9db4e1b4,4,"[0, 1, 1, 1, 0, 0, 0, 1]",3,1,1,,0.625,8
7236,9b0e3ad9-8861-11f1-a263-b48c9db4e1b4,4,"[0, 1, 1, 1, 0, 0, 0, 1]",4,0,0,,0.625,8
7237,9b0e3ad9-8861-11f1-a263-b48c9db4e1b4,4,"[0, 1, 1, 1, 0, 0, 0, 1]",5,0,0,,0.625,8
7238,9b0e3ad9-8861-11f1-a263-b48c9db4e1b4,4,"[0, 1, 1, 1, 0, 0, 0, 1]",6,0,0,,0.625,8
7239,9b0e3ad9-8861-11f1-a263-b48c9db4e1b4,4,"[0, 1, 1, 1, 0, 0, 0, 1]",7,1,1,,0.625,8
7240,9b0e3ad9-8861-11f1-a263-b48c9db4e1b4,5,"[0, 1, 1, 1, 1, 1, 1, 0]",0,0,0,,0.625,8
7241,9b0e3ad9-8861-11f1-a263-b48c9db4e1b4,5,"[0, 1, 1, 1, 1, 1, 1, 0]",1,1,-1,,0.625,8
7242,9b0e3ad9-8861-11f1-a263-b48c9db4e1b4,5,"[0, 1, 1, 1, 1, 1, 1, 0]",2,1,-1,,0.625,8
7243,9b0e3ad9-8861-11f1-a263-b48c9db4e1b4,5,"[0, 1, 1, 1, 1, 1, 1, 0]",3,1,-1,,0.625,8
7244,9b0e3ad9-8861-11f1-a263-b48c9db4e1b4,5,"[0, 1, 1, 1, 1, 1, 1, 0]",4,1,-1,,0.625,8
7245,9b0e3ad9-8861-11f1-a263-b48c9db4e1b4,5,"[0, 1, 1, 1, 1, 1, 1, 0]",5,1,-1,,0.625,8
7246,9b0e3ad9-8861-11f1-a263-b48c9db4e1b4,5,"[0, 1, 1, 1, 1, 1, 1, 0]",6,1,-1,,0.625,8
7247,9b0e3ad9-8861-11f1-a263-b48c9db4e1b4,5,"[0, 1, 1, 1, 1, 1, 1, 0]",7,0,0,,0.625,8
7248,9b0e3ad9-8861-11f1-a263-b48c9db4e1b4,6,"[1, 1, 0, 0, 0, 1, 0, 0]",0,1,1,,0.625,8
7249,9b0e3ad9-8861-11f1-a263-b48c9db4e1b4,6,"[1, 1, 0, 0, 0, 1, 0, 0]",1,1,1,,0.625,8
7250,9b0e3ad9-8861-11f1-a263-b48c9db4e1b4,6,"[1, 1, 0, 0, 0, 1, 0, 0]",2,0,0,,0.625,8
7251,9b0e3ad9-8861-11f1-a263-b48c9db4e1b4,6,"[1, 1, 0, 0, 0, 1, 0, 0]",3,0,0,,0.625,8
7252,9b0e3ad9-8861-11f1-a263-b48c9db4e1b4,6,"[1, 1, 0, 0, 0, 1, 0, 0]",4,0,0,,0.625,8
7253,9b0e3ad9-8861-11f1-a263-b48c9db4e1b4,6,"[1, 1, 0, 0, 0, 1, 0, 0]",5,1,1,,0.625,8
7254,9b0e3ad9-8861-11f1-a263-b48c9db4e1b4,6,"[1, 1, 0, 0, 0, 1, 0, 0]",6,0,0,,0.625,8
7255,9b0e3ad9-8861-11f1-a263-b48c9db4e1b4,6,"[1, 1, 0, 0, 0, 1, 0, 0]",7,0,0,,0.625,8
7256,9b0e3ad9-8861-11f1-a263-b48c9db4e1b4,7,"[0, 0, 0, 1, 0, 0, 1, 0]",0,0,0,,0.625,8
7257,9b0e3ad9-8861-11f1-a263-b48c9db4e1b4,7,"[0, 0, 0, 1, 0, 0, 1, 0]",1,0,0,,0.625,8
7258,9b0e3ad9-8861-11f1-a263-b48c9db4e1b4,7,"[0, 0, 0, 1, 0, 0, 1, 0]",2,0,0,,0.625,8
7259,9b0e3ad9-8861-11f1-a263-b48c9db4e1b4,7,"[0, 0, 0, 1, 0, 0, 1, 0]",3,1,1,,0.625,8
7260,9b0e3ad9-8861-11f1-a263-b48c9db4e1b4,7,"[0, 0, 0, 1, 0, 0, 1, 0]",4,0,0,,0.625,8
7261,9b0e3ad9-8861-11f1-a263-b48c9db4e1b4,7,"[0, 0, 0, 1, 0, 0, 1, 0]",5,0,0,,0.625,8
7262,9b0e3ad9-8861-11f1-a263-b48c9db4e1b4,7,"[0, 0, 0, 1, 0, 0, 1, 0]",6,1,1,,0.625,8
7263,9b0e3ad9-8861-11f1-a263-b48c9db4e1b4,7,"[0, 0, 0, 1, 0, 0, 1, 0]",7,0,0,,0.625,8
7264,9b0e3ad9-8861-11f1-a263-b48c9db4e1b4,8,"[0, 0, 0, 1, 1, 0, 1, 0]",0,0,0,,0.625,8
7265,9b0e3ad9-8861-11f1-a263-b48c9db4e1b4,8,"[0, 0, 0, 1, 1, 0, 1, 0]",1,0,0,,0.625,8
7266,9b0e3ad9-8861-11f1-a263-b48c9db4e1b4,8,"[0, 0, 0, 1, 1, 0, 1, 0]",2,0,0,,0.625,8
7267,9b0e3ad9-8861-11f1-a263-b48c9db4e1b4,8,"[0, 0, 0, 1, 1, 0, 1, 0]",3,1,1,,0.625,8
7268,9b0e3ad9-8861-11f1-a263-b48c9db4e1b4,8,"[0, 0, 0, 1, 1, 0, 1, 0]",4,1,1,,0.625,8
7269,9b0e3ad9-8861-11f1-a263-b48c9db4e1b4,8,"[0, 0, 0, 1, 1, 0, 1, 0]",5,0,0,,0.625,8
7270,9b0e3ad9-8861-11f1-a263-b48c9db4e1b4,8,"[0, 0, 0, 1, 1, 0, 1, 0]",6,1,1,,0.625,8
7271,9b0e3ad9-8861-11f1-a263-b48c9db4e1b4,8,"[0, 0, 0, 1, 1, 0, 1, 0]",7,0,0,,0.625,8
7272,9b0e3ad9-8861-11f1-a263-b48c9db4e1b4,9,"[1, 0, 0, 0, 1, 1, 1, 1]",0,1,1,,0.625,8
7273,9b0e3ad9-8861-11f1-a263-b48c9db4e1b4,9,"[1, 0, 0, 0, 1, 1, 1, 1]",1,0,0,,0.625,8
7274,9b0e3ad9-8861-11f1-a263-b48c9db4e1b4,9,"[1, 0, 0, 0, 1, 1, 1, 1]",2,0,0,,0.625,8
7275,9b0e3ad9-8861-11f1-a263-b48c9db4e1b4,9,"[1, 0, 0, 0, 1, 1, 1, 1]",3,0,0,,0.625,8
7276,9b0e3ad9-8861-11f1-a263-b48c9db4e1b4,9,"[1, 0, 0, 0, 1, 1, 1, 1]",4,1,1,,0.625,8
7277,9b0e3ad9-8861-11f1-a263-b48c9db4e1b4,9,"[1, 0, 0, 0, 1, 1, 1, 1]",5,1,1,,0.625,8
7278,9b0e3ad9-8861-11f1-a263-b48c9db4e1b4,9,"[1, 0, 0, 0, 1, 1, 1, 1]",6,1,1,,0.625,8
7279,9b0e3ad9-8861-11f1-a263-b48c9db4e1b4,9,"[1, 0, 0, 0, 1, 1, 1, 1]",7,1,1,,0.625,8
7280,9b0e3ad9-8861-11f1-a263-b48c9db4e1b4,10,"[0, 1, 0, 1, 0, 1, 0, 1]",0,0,0,,0.625,8
7281,9b0e3ad9-8861-11f1-a263-b48c9db4e1b4,10,"[0, 1, 0, 1, 0, 1, 0, 1]",1,1,1,,0.625,8
7282,9b0e3ad9-8861-11f1-a263-b48c9db4e1b4,10,"[0, 1, 0, 1, 0, 1, 0, 1]",2,0,0,,0.625,8
7283,9b0e3ad9-8861-11f1-a263-b48c9db4e1b4,10,"[0, 1, 0, 1, 0, 1, 0, 1]",3,1,1,,0.625,8
7284,9b0e3ad9-8861-11f1-a263-b48c9db4e1b4,10,"[0, 1, 0, 1, 0, 1, 0, 1]",4,0,0,,0.625,8
7285,9b0e3ad9-8861-11f1-a263-b48c9db4e1b4,10,"[0, 1, 0, 1, 0, 1, 0, 1]",5,1,1,,0.625,8
7286,9b0e3ad9-8861-11f1-a263-b48c9db4e1b4,10,"[0, 1, 0, 1, 0, 1, 0, 1]",6,0,0,,0.625,8
7287,9b0e3ad9-8861-11f1-a263-b48c9db4e1b4,10,"[0, 1, 0, 1, 0, 1, 0, 1]",7,1,1,,0.625,8
7288,9b0e3ad9-8861-11f1-a263-b48c9db4e1b4,11,"[0, 1, 1, 1, 1, 0, 1, 0]",0,0,0,,0.625,8
7289,9b0e3ad9-8861-11f1-a263-b48c9db4e1b4,11,"[0, 1, 1, 1, 1, 0, 1, 0]",1,1,1,,0.625,8
7290,9b0e3ad9-8861-11f1-a263-b48c9db4e1b4,11,"[0, 1, 1, 1, 1, 0, 1, 0]",2,1,1,,0.625,8
7291,9b0e3ad9-8861-11f1-a263-b48c9db4e1b4,11,"[0, 1, 1, 1, 1, 0, 1, 0]",3,1,1,,0.625,8
7292,9b0e3ad9-8861-11f1-a263-b48c9db4e1b4,11,"[0, 1, 1, 1, 1, 0, 1, 0]",4,1,1,,0.625,8
7293,9b0e3ad9-8861-11f1-a263-b48c9db4e1b4,11,"[0, 1, 1, 1, 1, 0, 1, 0]",5,0,0,,0.625,8
7294,9b0e3ad9-8861-11f1-a263-b48c9db4e1b4,11,"[0, 1, 1, 1, 1, 0, 1, 0]",6,1,1,,0.625,8
7295,9b0e3ad9-8861-11f1-a263-b48c9db4e1b4,11,"[0, 1, 1, 1, 1, 0, 1, 0]",7,0,0,,0.625,8
7296,9b0e3ad9-8861-11f1-a263-b48c9db4e1b4,12,"[0, 1, 0, 0, 1, 0, 1, 1]",0,0,0,,0.625,8
7297,9b0e3ad9-8861-11f1-a263-b48c9db4e1b4,12,"[0, 1, 0, 0, 1, 0, 1, 1]",1,1,1,,0.625,8
7298,9b0e3ad9-8861-11f1-a263-b48c9db4e1b4,12,"[0, 1, 0, 0, 1, 0, 1, 1]",2,0,0,,0.625,8
7299,9b0e3ad9-8861-11f1-a263-b48c9db4e1b4,12,"[0, 1, 0, 0, 1, 0, 1, 1]",3,0,0,,0.625,8
7300,9b0e3ad9-8861-11f1-a263-b48c9db4e1b4,12,"[0, 1, 0, 0, 1, 0, 1, 1]",4,1,1,,0.625,8
7301,9b0e3ad9-8861-11f1-a263-b48c9db4e1b4,12,"[0, 1, 0, 0, 1, 0, 1, 1]",5,0,0,,0.625,8
7302,9b0e3ad9-8861-11f1-a263-b48c9db4e1b4,12,"[0, 1, 0, 0, 1, 0, 1, 1]",6,1,1,,0.625,8
7303,9b0e3ad9-8861-11f1-a263-b48c9db4e1b4,12,"[0, 1, 0, 0, 1, 0, 1, 1]",7,1,1,,0.625,8
7304,9b0e3ad9-8861-11f1-a263-b48c9db4e1b4,13,"[0, 1, 0, 1, 0, 0, 1, 1]",0,0,0,,0.625,8
7305,9b0e3ad9-8861-11f1-a263-b48c9db4e1b4,13,"[0, 1, 0, 1, 0, 0, 1, 1]",1,1,1,,0.625,8
7306,9b0e3ad9-8861-11f1-a263-b48c9db4e1b4,13,"[0, 1, 0, 1, 0, 0, 1, 1]",2,0,0,,0.625,8
7307,9b0e3ad9-8861-11f1-a263-b48c9db4e1b4,13,"[0, 1, 0, 1, 0, 0, 1, 1]",3,1,1,,0.625,8
7308,9b0e3ad9-8861-11f1-a263-b48c9db4e1b4,13,"[0, 1, 0, 1, 0, 0, 1, 1]",4,0,0,,0.625,8
7309,9b0e3ad9-8861-11f1-a263-b48c9db4e1b4,13,"[0, 1, 0, 1, 0, 0, 1, 1]",5,0,0,,0.625,8
7310,9b0e3ad9-8861-11f1-a263-b48c9db4e1b4,13,"[0, 1, 0, 1, 0, 0, 1, 1]",6,1,1,,0.625,8
7311,9b0e3ad9-8861-11f1-a263-b48c9db4e1b4,13,"[0, 1, 0, 1, 0, 0, 1, 1]",7,1,1,,0.625,8
7312,9b0e3ad9-8861-11f1-a263-b48c9db4e1b4,14,"[1, 1, 1, 0, 1, 1, 1, 1]",0,1,-1,,0.625,8
7313,9b0e3ad9-8861-11f1-a263-b48c9db4e1b4,14,"[1, 1, 1, 0, 1, 1, 1, 1]",1,1,-1,,0.625,8
7314,9b0e3ad9-8861-11f1-a263-b48c9db4e1b4,14,"[1, 1, 1, 0, 1, 1, 1, 1]",2,1,-1,,0.625,8
7315,9b0e3ad9-8861-11f1-a263-b48c9db4e1b4,14,"[1, 1, 1, 0, 1, 1, 1, 1]",3,0,0,,0.625,8
7316,9b0e3ad9-8861-11f1-a263-b48c9db4e1b4,14,"[1, 1, 1, 0, 1, 1, 1, 1]",4,1,-1,,0.625,8
7317,9b0e3ad9-8861-11f1-a263-b48c9db4e1b4,14,"[1, 1, 1, 0, 1, 1, 1, 1]",5,1,-1,,0.625,8
7318,9b0e3ad9-8861-11f1-a263-b48c9db4e1b4,14,"[1, 1, 1, 0, 1, 1, 1, 1]",6,1,-1,,0.625,8
7319,9b0e3ad9-8861-11f1-a263-b48c9db4e1b4,14,"[1, 1, 1, 0, 1, 1, 1, 1]",7,1,-1,,0.625,8
7320,9b0e3ad9-8861-11f1-a263-b48c9db4e1b4,15,"[1, 1, 1, 0, 0, 0, 1, 0]",0,1,1,,0.625,8
7321,9b0e3ad9-8861-11f1-a263-b48c9db4e1b4,15,"[1, 1, 1, 0, 0, 0, 1, 0]",1,1,1,,0.625,8
7322,9b0e3ad9-8861-11f1-a263-b48c9db4e1b4,15,"[1, 1, 1, 0, 0, 0, 1, 0]",2,1,1,,0.625,8
7323,9b0e3ad9-8861-11f1-a263-b48c9db4e1b4,15,"[1, 1, 1, 0, 0, 0, 1, 0]",3,0,0,,0.625,8
7324,9b0e3ad9-8861-11f1-a263-b48c9db4e1b4,15,"[1, 1, 1, 0, 0, 0, 1, 0]",4,0,0,,0.625,8
7325,9b0e3ad9-8861-11f1-a263-b48c9db4e1b4,15,"[1, 1, 1, 0, 0, 0, 1, 0]",5,0,0,,0.625,8
7326,9b0e3ad9-8861-11f1-a263-b48c9db4e1b4,15,"[1, 1, 1, 0, 0, 0, 1, 0]",6,1,1,,0.625,8
7327,9b0e3ad9-8861-11f1-a263-b48c9db4e1b4,15,"[1, 1, 1, 0, 0, 0, 1, 0]",7,0,0,,0.625,8
7328,9b0e3ad9-8861-11f1-a263-b48c9db4e1b4,16,"[0, 0, 1, 0, 1, 1, 0, 1]",0,0,0,,0.625,8
7329,9b0e3ad9-8861-11f1-a263-b48c9db4e1b4,16,"[0, 0, 1, 0, 1, 1, 0, 1]",1,0,0,,0.625,8
7330,9b0e3ad9-8861-11f1-a263-b48c9db4e1b4,16,"[0, 0, 1, 0, 1, 1, 0, 1]",2,1,1,,0.625,8
7331,9b0e3ad9-8861-11f1-a263-b48c9db4e1b4,16,"[0, 0, 1, 0, 1, 1, 0, 1]",3,0,0,,0.625,8
7332,9b0e3ad9-8861-11f1-a263-b48c9db4e1b4,16,"[0, 0, 1, 0, 1, 1, 0, 1]",4,1,1,,0.625,8
7333,9b0e3ad9-8861-11f1-a263-b48c9db4e1b4,16,"[0, 0, 1, 0, 1, 1, 0, 1]",5,1,1,,0.625,8
7334,9b0e3ad9-8861-11f1-a263-b48c9db4e1b4,16,"[0, 0, 1, 0, 1, 1, 0, 1]",6,0,0,,0.625,8
7335,9b0e3ad9-8861-11f1-a263-b48c9db4e1b4,16,"[0, 0, 1, 0, 1, 1, 0, 1]",7,1,1,,0.625,8
7336,9b0e3ad9-8861-11f1-a263-b48c9db4e1b4,17,"[0, 0, 1, 0, 1, 1, 1, 0]",0,0,0,,0.625,8
7337,9b0e3ad9-8861-11f1-a263-b48c9db4e1b4,17,"[0, 0, 1, 0, 1, 1, 1, 0]",1,0,0,,0.625,8
7338,9b0e3ad9-8861-11f1-a263-b48c9db4e1b4,17,"[0, 0, 1, 0, 1, 1, 1, 0]",2,1,1,,0.625,8
7339,9b0e3ad9-8861-11f1-a263-b48c9db4e1b4,17,"[0, 0, 1, 0, 1, 1, 1, 0]",3,0,0,,0.625,8
7340,9b0e3ad9-8861-11f1-a263-b48c9db4e1b4,17,"[0, 0, 1, 0, 1, 1, 1, 0]",4,1,1,,0.625,8
7341,9b0e3ad9-8861-11f1-a263-b48c9db4e1b4,17,"[0, 0, 1, 0, 1, 1, 1, 0]",5,1,1,,0.625,8
7342,9b0e3ad9-8861-11f1-a263-b48c9db4e1b4,17,"[0, 0, 1, 0, 1, 1, 1, 0]",6,1,1,,0.625,8
7343,9b0e3ad9-8861-11f1-a263-b48c9db4e1b4,17,"[0, 0, 1, 0, 1, 1, 1, 0]",7,0,0,,0.625,8
7344,9b0e3ad9-8861-11f1-a263-b48c9db4e1b4,18,"[0, 1, 1, 0, 0, 0, 1, 0]",0,0,0,,0.625,8
7345,9b0e3ad9-8861-11f1-a263-b48c9db4e1b4,18,"[0, 1, 1, 0, 0, 0, 1, 0]",1,1,1,,0.625,8
7346,9b0e3ad9-8861-11f1-a263-b48c9db4e1b4,18,"[0, 1, 1, 0, 0, 0, 1, 0]",2,1,1,,0.625,8
7347,9b0e3ad9-8861-11f1-a263-b48c9db4e1b4,18,"[0, 1, 1, 0, 0, 0, 1, 0]",3,0,0,,0.625,8
7348,9b0e3ad9-8861-11f1-a263-b48c9db4e1b4,18,"[0, 1, 1, 0, 0, 0, 1, 0]",4,0,0,,0.625,8
7349,9b0e3ad9-8861-11f1-a263-b48c9db4e1b4,18,"[0, 1, 1, 0, 0, 0, 1, 0]",5,0,0,,0.625,8
7350,9b0e3ad9-8861-11f1-a263-b48c9db4e1b4,18,"[0, 1, 1, 0, 0, 0, 1, 0]",6,1,1,,0.625,8
7351,9b0e3ad9-8861-11f1-a263-b48c9db4e1b4,18,"[0, 1, 1, 0, 0, 0, 1, 0]",7,0,0,,0.625,8
7352,9b0e3ad9-8861-11f1-a263-b48c9db4e1b4,19,"[0, 0, 0, 0, 0, 0, 1, 1]",0,0,0,,0.625,8
7353,9b0e3ad9-8861-11f1-a263-b48c9db4e1b4,19,"[0, 0, 0, 0, 0, 0, 1, 1]",1,0,0,,0.625,8
7354,9b0e3ad9-8861-11f1-a263-b48c9db4e1b4,19,"[0, 0, 0, 0, 0, 0, 1, 1]",2,0,0,,0.625,8
7355,9b0e3ad9-8861-11f1-a263-b48c9db4e1b4,19,"[0, 0, 0, 0, 0, 0, 1, 1]",3,0,0,,0.625,8
7356,9b0e3ad9-8861-11f1-a263-b48c9db4e1b4,19,"[0, 0, 0, 0, 0, 0, 1, 1]",4,0,0,,0.625,8
7357,9b0e3ad9-8861-11f1-a263-b48c9db4e1b4,19,"[0, 0, 0, 0, 0, 0, 1, 1]",5,0,0,,0.625,8
7358,9b0e3ad9-8861-11f1-a263-b48c9db4e1b4,19,"[0, 0, 0, 0, 0, 0, 1, 1]",6,1,1,,0.625,8
7359,9b0e3ad9-8861-11f1-a263-b48c9db4e1b4,19,"[0, 0, 0, 0, 0, 0, 1, 1]",7,1,1,,0.625,8
7360,9b132b0f-8861-11f1-91d4-b48c9db4e1b4,0,"[0, 1, 0, 0, 0, 0, 0, 0]",0,0,0,,0.625,8
7361,9b132b0f-8861-11f1-91d4-b48c9db4e1b4,0,"[0, 1, 0, 0, 0, 0, 0, 0]",1,1,1,,0.625,8
7362,9b132b0f-8861-11f1-91d4-b48c9db4e1b4,0,"[0, 1, 0, 0, 0, 0, 0, 0]",2,0,0,,0.625,8
7363,9b132b0f-8861-11f1-91d4-b48c9db4e1b4,0,"[0, 1, 0, 0, 0, 0, 0, 0]",3,0,0,,0.625,8
7364,9b132b0f-8861-11f1-91d4-b48c9db4e1b4,0,"[0, 1, 0, 0, 0, 0, 0, 0]",4,0,0,,0.625,8
7365,9b132b0f-8861-11f1-91d4-b48c9db4e1b4,0,"[0, 1, 0, 0, 0, 0, 0, 0]",5,0,0,,0.625,8
7366,9b132b0f-8861-11f1-91d4-b48c9db4e1b4,0,"[0, 1, 0, 0, 0, 0, 0, 0]",6,0,0,,0.625,8
7367,9b132b0f-8861-11f1-91d4-b48c9db4e1b4,0,"[0, 1, 0, 0, 0, 0, 0, 0]",7,0,0,,0.625,8
7368,9b132b0f-8861-11f1-91d4-b48c9db4e1b4,1,"[1, 0, 0, 1, 1, 0, 0, 1]",0,1,1,,0.625,8
7369,9b132b0f-8861-11f1-91d4-b48c9db4e1b4,1,"[1, 0, 0, 1, 1, 0, 0, 1]",1,0,0,,0.625,8
7370,9b132b0f-8861-11f1-91d4-b48c9db4e1b4,1,"[1, 0, 0, 1, 1, 0, 0, 1]",2,0,0,,0.625,8
7371,9b132b0f-8861-11f1-91d4-b48c9db4e1b4,1,"[1, 0, 0, 1, 1, 0, 0, 1]",3,1,1,,0.625,8
7372,9b132b0f-8861-11f1-91d4-b48c9db4e1b4,1,"[1, 0, 0, 1, 1, 0, 0, 1]",4,1,1,,0.625,8
7373,9b132b0f-8861-11f1-91d4-b48c9db4e1b4,1,"[1, 0, 0, 1, 1, 0, 0, 1]",5,0,0,,0.625,8
7374,9b132b0f-8861-11f1-91d4-b48c9db4e1b4,1,"[1, 0, 0, 1, 1, 0, 0, 1]",6,0,0,,0.625,8
7375,9b132b0f-8861-11f1-91d4-b48c9db4e1b4,1,"[1, 0, 0, 1, 1, 0, 0, 1]",7,1,1,,0.625,8
7376,9b132b0f-8861-11f1-91d4-b48c9db4e1b4,2,"[0, 0, 1, 1, 0, 0, 1, 0]",0,0,0,,0.625,8
7377,9b132b0f-8861-11f1-91d4-b48c9db4e1b4,2,"[0, 0, 1, 1, 0, 0, 1, 0]",1,0,0,,0.625,8
7378,9b132b0f-8861-11f1-91d4-b48c9db4e1b4,2,"[0, 0, 1, 1, 0, 0, 1, 0]",2,1,1,,0.625,8
7379,9b132b0f-8861-11f1-91d4-b48c9db4e1b4,2,"[0, 0, 1, 1, 0, 0, 1, 0]",3,1,1,,0.625,8
7380,9b132b0f-8861-11f1-91d4-b48c9db4e1b4,2,"[0, 0, 1, 1, 0, 0, 1, 0]",4,0,0,,0.625,8
7381,9b132b0f-8861-11f1-91d4-b48c9db4e1b4,2,"[0, 0, 1, 1, 0, 0, 1, 0]",5,0,0,,0.625,8
7382,9b132b0f-8861-11f1-91d4-b48c9db4e1b4,2,"[0, 0, 1, 1, 0, 0, 1, 0]",6,1,1,,0.625,8
7383,9b132b0f-8861-11f1-91d4-b48c9db4e1b4,2,"[0, 0, 1, 1, 0, 0, 1, 0]",7,0,0,,0.625,8
7384,9b132b0f-8861-11f1-91d4-b48c9db4e1b4,3,"[1, 1, 0, 1, 0, 1, 0, 1]",0,1,1,,0.625,8
7385,9b132b0f-8861-11f1-91d4-b48c9db4e1b4,3,"[1, 1, 0, 1, 0, 1, 0, 1]",1,1,1,,0.625,8
7386,9b132b0f-8861-11f1-91d4-b48c9db4e1b4,3,"[1, 1, 0, 1, 0, 1, 0, 1]",2,0,0,,0.625,8
7387,9b132b0f-8861-11f1-91d4-b48c9db4e1b4,3,"[1, 1, 0, 1, 0, 1, 0, 1]",3,1,1,,0.625,8
7388,9b132b0f-8861-11f1-91d4-b48c9db4e1b4,3,"[1, 1, 0, 1, 0, 1, 0, 1]",4,0,0,,0.625,8
7389,9b132b0f-8861-11f1-91d4-b48c9db4e1b4,3,"[1, 1, 0, 1, 0, 1, 0, 1]",5,1,1,,0.625,8
7390,9b132b0f-8861-11f1-91d4-b48c9db4e1b4,3,"[1, 1, 0, 1, 0, 1, 0, 1]",6,0,0,,0.625,8
7391,9b132b0f-8861-11f1-91d4-b48c9db4e1b4,3,"[1, 1, 0, 1, 0, 1, 0, 1]",7,1,1,,0.625,8
7392,9b132b0f-8861-11f1-91d4-b48c9db4e1b4,4,"[0, 1, 0, 0, 1, 1, 0, 0]",0,0,0,,0.625,8
7393,9b132b0f-8861-11f1-91d4-b48c9db4e1b4,4,"[0, 1, 0, 0, 1, 1, 0, 0]",1,1,1,,0.625,8
7394,9b132b0f-8861-11f1-91d4-b48c9db4e1b4,4,"[0, 1, 0, 0, 1, 1, 0, 0]",2,0,0,,0.625,8
7395,9b132b0f-8861-11f1-91d4-b48c9db4e1b4,4,"[0, 1, 0, 0, 1, 1, 0, 0]",3,0,0,,0.625,8
7396,9b132b0f-8861-11f1-91d4-b48c9db4e1b4,4,"[0, 1, 0, 0, 1, 1, 0, 0]",4,1,1,,0.625,8
7397,9b132b0f-8861-11f1-91d4-b48c9db4e1b4,4,"[0, 1, 0, 0, 1, 1, 0, 0]",5,1,1,,0.625,8
7398,9b132b0f-8861-11f1-91d4-b48c9db4e1b4,4,"[0, 1, 0, 0, 1, 1, 0, 0]",6,0,0,,0.625,8
7399,9b132b0f-8861-11f1-91d4-b48c9db4e1b4,4,"[0, 1, 0, 0, 1, 1, 0, 0]",7,0,0,,0.625,8
7400,9b132b0f-8861-11f1-91d4-b48c9db4e1b4,5,"[0, 0, 0, 1, 1, 0, 1, 0]",0,0,0,,0.625,8
7401,9b132b0f-8861-11f1-91d4-b48c9db4e1b4,5,"[0, 0, 0, 1, 1, 0, 1, 0]",1,0,0,,0.625,8
7402,9b132b0f-8861-11f1-91d4-b48c9db4e1b4,5,"[0, 0, 0, 1, 1, 0, 1, 0]",2,0,0,,0.625,8
7403,9b132b0f-8861-11f1-91d4-b48c9db4e1b4,5,"[0, 0, 0, 1, 1, 0, 1, 0]",3,1,1,,0.625,8
7404,9b132b0f-8861-11f1-91d4-b48c9db4e1b4,5,"[0, 0, 0, 1, 1, 0, 1, 0]",4,1,1,,0.625,8
7405,9b132b0f-8861-11f1-91d4-b48c9db4e1b4,5,"[0, 0, 0, 1, 1, 0, 1, 0]",5,0,0,,0.625,8
7406,9b132b0f-8861-11f1-91d4-b48c9db4e1b4,5,"[0, 0, 0, 1, 1, 0, 1, 0]",6,1,1,,0.625,8
7407,9b132b0f-8861-11f1-91d4-b48c9db4e1b4,5,"[0, 0, 0, 1, 1, 0, 1, 0]",7,0,0,,0.625,8
7408,9b132b0f-8861-11f1-91d4-b48c9db4e1b4,6,"[1, 0, 0, 1, 1, 0, 0, 1]",0,1,1,,0.625,8
7409,9b132b0f-8861-11f1-91d4-b48c9db4e1b4,6,"[1, 0, 0, 1, 1, 0, 0, 1]",1,0,0,,0.625,8
7410,9b132b0f-8861-11f1-91d4-b48c9db4e1b4,6,"[1, 0, 0, 1, 1, 0, 0, 1]",2,0,0,,0.625,8
7411,9b132b0f-8861-11f1-91d4-b48c9db4e1b4,6,"[1, 0, 0, 1, 1, 0, 0, 1]",3,1,1,,0.625,8
7412,9b132b0f-8861-11f1-91d4-b48c9db4e1b4,6,"[1, 0, 0, 1, 1, 0, 0, 1]",4,1,1,,0.625,8
7413,9b132b0f-8861-11f1-91d4-b48c9db4e1b4,6,"[1, 0, 0, 1, 1, 0, 0, 1]",5,0,0,,0.625,8
7414,9b132b0f-8861-11f1-91d4-b48c9db4e1b4,6,"[1, 0, 0, 1, 1, 0, 0, 1]",6,0,0,,0.625,8
7415,9b132b0f-8861-11f1-91d4-b48c9db4e1b4,6,"[1, 0, 0, 1, 1, 0, 0, 1]",7,1,1,,0.625,8
7416,9b132b0f-8861-11f1-91d4-b48c9db4e1b4,7,"[1, 1, 0, 0, 1, 0, 0, 1]",0,1,1,,0.625,8
7417,9b132b0f-8861-11f1-91d4-b48c9db4e1b4,7,"[1, 1, 0, 0, 1, 0, 0, 1]",1,1,1,,0.625,8
7418,9b132b0f-8861-11f1-91d4-b48c9db4e1b4,7,"[1, 1, 0, 0, 1, 0, 0, 1]",2,0,0,,0.625,8
7419,9b132b0f-8861-11f1-91d4-b48c9db4e1b4,7,"[1, 1, 0, 0, 1, 0, 0, 1]",3,0,0,,0.625,8
7420,9b132b0f-8861-11f1-91d4-b48c9db4e1b4,7,"[1, 1, 0, 0, 1, 0, 0, 1]",4,1,1,,0.625,8
7421,9b132b0f-8861-11f1-91d4-b48c9db4e1b4,7,"[1, 1, 0, 0, 1, 0, 0, 1]",5,0,0,,0.625,8
7422,9b132b0f-8861-11f1-91d4-b48c9db4e1b4,7,"[1, 1, 0, 0, 1, 0, 0, 1]",6,0,0,,0.625,8
7423,9b132b0f-8861-11f1-91d4-b48c9db4e1b4,7,"[1, 1, 0, 0, 1, 0, 0, 1]",7,1,1,,0.625,8
7424,9b132b0f-8861-11f1-91d4-b48c9db4e1b4,8,"[0, 1, 0, 1, 1, 1, 1, 1]",0,0,0,,0.625,8
7425,9b132b0f-8861-11f1-91d4-b48c9db4e1b4,8,"[0, 1, 0, 1, 1, 1, 1, 1]",1,1,-1,,0.625,8
7426,9b132b0f-8861-11f1-91d4-b48c9db4e1b4,8,"[0, 1, 0, 1, 1, 1, 1, 1]",2,0,0,,0.625,8
7427,9b132b0f-8861-11f1-91d4-b48c9db4e1b4,8,"[0, 1, 0, 1, 1, 1, 1, 1]",3,1,-1,,0.625,8
7428,9b132b0f-8861-11f1-91d4-b48c9db4e1b4,8,"[0, 1, 0, 1, 1, 1, 1, 1]",4,1,-1,,0.625,8
7429,9b132b0f-8861-11f1-91d4-b48c9db4e1b4,8,"[0, 1, 0, 1, 1, 1, 1, 1]",5,1,-1,,0.625,8
7430,9b132b0f-8861-11f1-91d4-b48c9db4e1b4,8,"[0, 1, 0, 1, 1, 1, 1, 1]",6,1,-1,,0.625,8
7431,9b132b0f-8861-11f1-91d4-b48c9db4e1b4,8,"[0, 1, 0, 1, 1, 1, 1, 1]",7,1,-1,,0.625,8
7432,9b132b0f-8861-11f1-91d4-b48c9db4e1b4,9,"[0, 0, 1, 1, 1, 0, 1, 0]",0,0,0,,0.625,8
7433,9b132b0f-8861-11f1-91d4-b48c9db4e1b4,9,"[0, 0, 1, 1, 1, 0, 1, 0]",1,0,0,,0.625,8
7434,9b132b0f-8861-11f1-91d4-b48c9db4e1b4,9,"[0, 0, 1, 1, 1, 0, 1, 0]",2,1,1,,0.625,8
7435,9b132b0f-8861-11f1-91d4-b48c9db4e1b4,9,"[0, 0, 1, 1, 1, 0, 1, 0]",3,1,1,,0.625,8
7436,9b132b0f-8861-11f1-91d4-b48c9db4e1b4,9,"[0, 0, 1, 1, 1, 0, 1, 0]",4,1,1,,0.625,8
7437,9b132b0f-8861-11f1-91d4-b48c9db4e1b4,9,"[0, 0, 1, 1, 1, 0, 1, 0]",5,0,0,,0.625,8
7438,9b132b0f-8861-11f1-91d4-b48c9db4e1b4,9,"[0, 0, 1, 1, 1, 0, 1, 0]",6,1,1,,0.625,8
7439,9b132b0f-8861-11f1-91d4-b48c9db4e1b4,9,"[0, 0, 1, 1, 1, 0, 1, 0]",7,0,0,,0.625,8
7440,9b132b0f-8861-11f1-91d4-b48c9db4e1b4,10,"[1, 0, 1, 1, 1, 0, 1, 1]",0,1,-1,,0.625,8
7441,9b132b0f-8861-11f1-91d4-b48c9db4e1b4,10,"[1, 0, 1, 1, 1, 0, 1, 1]",1,0,0,,0.625,8
7442,9b132b0f-8861-11f1-91d4-b48c9db4e1b4,10,"[1, 0, 1, 1, 1, 0, 1, 1]",2,1,-1,,0.625,8
7443,9b132b0f-8861-11f1-91d4-b48c9db4e1b4,10,"[1, 0, 1, 1, 1, 0, 1, 1]",3,1,-1,,0.625,8
7444,9b132b0f-8861-11f1-91d4-b48c9db4e1b4,10,"[1, 0, 1, 1, 1, 0, 1, 1]",4,1,-1,,0.625,8
7445,9b132b0f-8861-11f1-91d4-b48c9db4e1b4,10,"[1, 0, 1, 1, 1, 0, 1, 1]",5,0,0,,0.625,8
7446,9b132b0f-8861-11f1-91d4-b48c9db4e1b4,10,"[1, 0, 1, 1, 1, 0, 1, 1]",6,1,-1,,0.625,8
7447,9b132b0f-8861-11f1-91d4-b48c9db4e1b4,10,"[1, 0, 1, 1, 1, 0, 1, 1]",7,1,-1,,0.625,8
7448,9b132b0f-8861-11f1-91d4-b48c9db4e1b4,11,"[0, 1, 0, 1, 0, 0, 1, 1]",0,0,0,,0.625,8
7449,9b132b0f-8861-11f1-91d4-b48c9db4e1b4,11,"[0, 1, 0, 1, 0, 0, 1, 1]",1,1,1,,0.625,8
7450,9b132b0f-8861-11f1-91d4-b48c9db4e1b4,11,"[0, 1, 0, 1, 0, 0, 1, 1]",2,0,0,,0.625,8
7451,9b132b0f-8861-11f1-91d4-b48c9db4e1b4,11,"[0, 1, 0, 1, 0, 0, 1, 1]",3,1,1,,0.625,8
7452,9b132b0f-8861-11f1-91d4-b48c9db4e1b4,11,"[0, 1, 0, 1, 0, 0, 1, 1]",4,0,0,,0.625,8
7453,9b132b0f-8861-11f1-91d4-b48c9db4e1b4,11,"[0, 1, 0, 1, 0, 0, 1, 1]",5,0,0,,0.625,8
7454,9b132b0f-8861-11f1-91d4-b48c9db4e1b4,11,"[0, 1, 0, 1, 0, 0, 1, 1]",6,1,1,,0.625,8
7455,9b132b0f-8861-11f1-91d4-b48c9db4e1b4,11,"[0, 1, 0, 1, 0, 0, 1, 1]",7,1,1,,0.625,8
7456,9b132b0f-8861-11f1-91d4-b48c9db4e1b4,12,"[1, 1, 0, 0, 0, 1, 1, 1]",0,1,1,,0.625,8
7457,9b132b0f-8861-11f1-91d4-b48c9db4e1b4,12,"[1, 1, 0, 0, 0, 1, 1, 1]",1,1,1,,0.625,8
7458,9b132b0f-8861-11f1-91d4-b48c9db4e1b4,12,"[1, 1, 0, 0, 0, 1, 1, 1]",2,0,0,,0.625,8
7459,9b132b0f-8861-11f1-91d4-b48c9db4e1b4,12,"[1, 1, 0, 0, 0, 1, 1, 1]",3,0,0,,0.625,8
7460,9b132b0f-8861-11f1-91d4-b48c9db4e1b4,12,"[1, 1, 0, 0, 0, 1, 1, 1]",4,0,0,,0.625,8
7461,9b132b0f-8861-11f1-91d4-b48c9db4e1b4,12,"[1, 1, 0, 0, 0, 1, 1, 1]",5,1,1,,0.625,8
7462,9b132b0f-8861-11f1-91d4-b48c9db4e1b4,12,"[1, 1, 0, 0, 0, 1, 1, 1]",6,1,1,,0.625,8
7463,9b132b0f-8861-11f1-91d4-b48c9db4e1b4,12,"[1, 1, 0, 0, 0, 1, 1, 1]",7,1,1,,0.625,8
7464,9b132b0f-8861-11f1-91d4-b48c9db4e1b4,13,"[0, 1, 0, 0, 1, 1, 0, 0]",0,0,0,,0.625,8
7465,9b132b0f-8861-11f1-91d4-b48c9db4e1b4,13,"[0, 1, 0, 0, 1, 1, 0, 0]",1,1,1,,0.625,8
7466,9b132b0f-8861-11f1-91d4-b48c9db4e1b4,13,"[0, 1, 0, 0, 1, 1, 0, 0]",2,0,0,,0.625,8
7467,9b132b0f-8861-11f1-91d4-b48c9db4e1b4,13,"[0, 1, 0, 0, 1, 1, 0, 0]",3,0,0,,0.625,8
7468,9b132b0f-8861-11f1-91d4-b48c9db4e1b4,13,"[0, 1, 0, 0, 1, 1, 0, 0]",4,1,1,,0.625,8
7469,9b132b0f-8861-11f1-91d4-b48c9db4e1b4,13,"[0, 1, 0, 0, 1, 1, 0, 0]",5,1,1,,0.625,8
7470,9b132b0f-8861-11f1-91d4-b48c9db4e1b4,13,"[0, 1, 0, 0, 1, 1, 0, 0]",6,0,0,,0.625,8
7471,9b132b0f-8861-11f1-91d4-b48c9db4e1b4,13,"[0, 1, 0, 0, 1, 1, 0, 0]",7,0,0,,0.625,8
7472,9b132b0f-8861-11f1-91d4-b48c9db4e1b4,14,"[0, 0, 1, 0, 1, 0, 1, 1]",0,0,0,,0.625,8
7473,9b132b0f-8861-11f1-91d4-b48c9db4e1b4,14,"[0, 0, 1, 0, 1, 0, 1, 1]",1,0,0,,0.625,8
7474,9b132b0f-8861-11f1-91d4-b48c9db4e1b4,14,"[0, 0, 1, 0, 1, 0, 1, 1]",2,1,1,,0.625,8
7475,9b132b0f-8861-11f1-91d4-b48c9db4e1b4,14,"[0, 0, 1, 0, 1, 0, 1, 1]",3,0,0,,0.625,8
7476,9b132b0f-8861-11f1-91d4-b48c9db4e1b4,14,"[0, 0, 1, 0, 1, 0, 1, 1]",4,1,1,,0.625,8
7477,9b132b0f-8861-11f1-91d4-b48c9db4e1b4,14,"[0, 0, 1, 0, 1, 0, 1, 1]",5,0,0,,0.625,8
7478,9b132b0f-8861-11f1-91d4-b48c9db4e1b4,14,"[0, 0, 1, 0, 1, 0, 1, 1]",6,1,1,,0.625,8
7479,9b132b0f-8861-11f1-91d4-b48c9db4e1b4,14,"[0, 0, 1, 0, 1, 0, 1, 1]",7,1,1,,0.625,8
7480,9b132b0f-8861-11f1-91d4-b48c9db4e1b4,15,"[1, 0, 1, 1, 1, 0, 0, 0]",0,1,1,,0.625,8
7481,9b132b0f-8861-11f1-91d4-b48c9db4e1b4,15,"[1, 0, 1, 1, 1, 0, 0, 0]",1,0,0,,0.625,8
7482,9b132b0f-8861-11f1-91d4-b48c9db4e1b4,15,"[1, 0, 1, 1, 1, 0, 0, 0]",2,1,1,,0.625,8
7483,9b132b0f-8861-11f1-91d4-b48c9db4e1b4,15,"[1, 0, 1, 1, 1, 0, 0, 0]",3,1,1,,0.625,8
7484,9b132b0f-8861-11f1-91d4-b48c9db4e1b4,15,"[1, 0, 1, 1, 1, 0, 0, 0]",4,1,1,,0.625,8
7485,9b132b0f-8861-11f1-91d4-b48c9db4e1b4,15,"[1, 0, 1, 1, 1, 0, 0, 0]",5,0,0,,0.625,8
7486,9b132b0f-8861-11f1-91d4-b48c9db4e1b4,15,"[1, 0, 1, 1, 1, 0, 0, 0]",6,0,0,,0.625,8
7487,9b132b0f-8861-11f1-91d4-b48c9db4e1b4,15,"[1, 0, 1, 1, 1, 0, 0, 0]",7,0,0,,0.625,8
7488,9b132b0f-8861-11f1-91d4-b48c9db4e1b4,16,"[1, 1, 1, 1, 0, 0, 1, 0]",0,1,1,,0.625,8
7489,9b132b0f-8861-11f1-91d4-b48c9db4e1b4,16,"[1, 1, 1, 1, 0, 0, 1, 0]",1,1,1,,0.625,8
7490,9b132b0f-8861-11f1-91d4-b48c9db4e1b4,16,"[1, 1, 1, 1, 0, 0, 1, 0]",2,1,1,,0.625,8
7491,9b132b0f-8861-11f1-91d4-b48c9db4e1b4,16,"[1, 1, 1, 1, 0, 0, 1, 0]",3,1,1,,0.625,8
7492,9b132b0f-8861-11f1-91d4-b48c9db4e1b4,16,"[1, 1, 1, 1, 0, 0, 1, 0]",4,0,0,,0.625,8
7493,9b132b0f-8861-11f1-91d4-b48c9db4e1b4,16,"[1, 1, 1, 1, 0, 0, 1, 0]",5,0,0,,0.625,8
7494,9b132b0f-8861-11f1-91d4-b48c9db4e1b4,16,"[1, 1, 1, 1, 0, 0, 1, 0]",6,1,1,,0.625,8
7495,9b132b0f-8861-11f1-91d4-b48c9db4e1b4,16,"[1, 1, 1, 1, 0, 0, 1, 0]",7,0,0,,0.625,8
7496,9b132b0f-8861-11f1-91d4-b48c9db4e1b4,17,"[0, 0, 1, 1, 1, 1, 1, 0]",0,0,0,,0.625,8
7497,9b132b0f-8861-11f1-91d4-b48c9db4e1b4,17,"[0, 0, 1, 1, 1, 1, 1, 0]",1,0,0,,0.625,8
7498,9b132b0f-8861-11f1-91d4-b48c9db4e1b4,17,"[0, 0, 1, 1, 1, 1, 1, 0]",2,1,1,,0.625,8
7499,9b132b0f-8861-11f1-91d4-b48c9db4e1b4,17,"[0, 0, 1, 1, 1, 1, 1, 0]",3,1,1,,0.625,8
7500,9b132b0f-8861-11f1-91d4-b48c9db4e1b4,17,"[0, 0, 1, 1, 1, 1, 1, 0]",4,1,1,,0.625,8
7501,9b132b0f-8861-11f1-91d4-b48c9db4e1b4,17,"[0, 0, 1, 1, 1, 1, 1, 0]",5,1,1,,0.625,8
7502,9b132b0f-8861-11f1-91d4-b48c9db4e1b4,17,"[0, 0, 1, 1, 1, 1, 1, 0]",6,1,1,,0.625,8
7503,9b132b0f-8861-11f1-91d4-b48c9db4e1b4,17,"[0, 0, 1, 1, 1, 1, 1, 0]",7,0,0,,0.625,8
7504,9b132b0f-8861-11f1-91d4-b48c9db4e1b4,18,"[0, 1, 0, 0, 1, 1, 1, 0]",0,0,0,,0.625,8
7505,9b132b0f-8861-11f1-91d4-b48c9db4e1b4,18,"[0, 1, 0, 0, 1, 1, 1, 0]",1,1,1,,0.625,8
7506,9b132b0f-8861-11f1-91d4-b48c9db4e1b4,18,"[0, 1, 0, 0, 1, 1, 1, 0]",2,0,0,,0.625,8
7507,9b132b0f-8861-11f1-91d4-b48c9db4e1b4,18,"[0, 1, 0, 0, 1, 1, 1, 0]",3,0,0,,0.625,8
7508,9b132b0f-8861-11f1-91d4-b48c9db4e1b4,18,"[0, 1, 0, 0, 1, 1, 1, 0]",4,1,1,,0.625,8
7509,9b132b0f-8861-11f1-91d4-b48c9db4e1b4,18,"[0, 1, 0, 0, 1, 1, 1, 0]",5,1,1,,0.625,8
7510,9b132b0f-8861-11f1-91d4-b48c9db4e1b4,18,"[0, 1, 0, 0, 1, 1, 1, 0]",6,1,1,,0.625,8
7511,9b132b0f-8861-11f1-91d4-b48c9db4e1b4,18,"[0, 1, 0, 0, 1, 1, 1, 0]",7,0,0,,0.625,8
7512,9b132b0f-8861-11f1-91d4-b48c9db4e1b4,19,"[1, 1, 0, 1, 1, 0, 0, 1]",0,1,1,,0.625,8
7513,9b132b0f-8861-11f1-91d4-b48c9db4e1b4,19,"[1, 1, 0, 1, 1, 0, 0, 1]",1,1,1,,0.625,8
7514,9b132b0f-8861-11f1-91d4-b48c9db4e1b4,19,"[1, 1, 0, 1, 1, 0, 0, 1]",2,0,0,,0.625,8
7515,9b132b0f-8861-11f1-91d4-b48c9db4e1b4,19,"[1, 1, 0, 1, 1, 0, 0, 1]",3,1,1,,0.625,8
7516,9b132b0f-8861-11f1-91d4-b48c9db4e1b4,19,"[1, 1, 0, 1, 1, 0, 0, 1]",4,1,1,,0.625,8
7517,9b132b0f-8861-11f1-91d4-b48c9db4e1b4,19,"[1, 1, 0, 1, 1, 0, 0, 1]",5,0,0,,0.625,8
7518,9b132b0f-8861-11f1-91d4-b48c9db4e1b4,19,"[1, 1, 0, 1, 1, 0, 0, 1]",6,0,0,,0.625,8
7519,9b132b0f-8861-11f1-91d4-b48c9db4e1b4,19,"[1, 1, 0, 1, 1, 0, 0, 1]",7,1,1,,0.625,8
7520,9b170a5f-8861-11f1-8ecd-b48c9db4e1b4,0,"[0, 1, 0, 1, 1, 1, 0, 0]",0,0,0,,0.625,8
7521,9b170a5f-8861-11f1-8ecd-b48c9db4e1b4,0,"[0, 1, 0, 1, 1, 1, 0, 0]",1,1,1,,0.625,8
7522,9b170a5f-8861-11f1-8ecd-b48c9db4e1b4,0,"[0, 1, 0, 1, 1, 1, 0, 0]",2,0,0,,0.625,8
7523,9b170a5f-8861-11f1-8ecd-b48c9db4e1b4,0,"[0, 1, 0, 1, 1, 1, 0, 0]",3,1,1,,0.625,8
7524,9b170a5f-8861-11f1-8ecd-b48c9db4e1b4,0,"[0, 1, 0, 1, 1, 1, 0, 0]",4,1,1,,0.625,8
7525,9b170a5f-8861-11f1-8ecd-b48c9db4e1b4,0,"[0, 1, 0, 1, 1, 1, 0, 0]",5,1,1,,0.625,8
7526,9b170a5f-8861-11f1-8ecd-b48c9db4e1b4,0,"[0, 1, 0, 1, 1, 1, 0, 0]",6,0,0,,0.625,8
7527,9b170a5f-8861-11f1-8ecd-b48c9db4e1b4,0,"[0, 1, 0, 1, 1, 1, 0, 0]",7,0,0,,0.625,8
7528,9b170a5f-8861-11f1-8ecd-b48c9db4e1b4,1,"[0, 1, 1, 1, 0, 1, 0, 1]",0,0,0,,0.625,8
7529,9b170a5f-8861-11f1-8ecd-b48c9db4e1b4,1,"[0, 1, 1, 1, 0, 1, 0, 1]",1,1,1,,0.625,8
7530,9b170a5f-8861-11f1-8ecd-b48c9db4e1b4,1,"[0, 1, 1, 1, 0, 1, 0, 1]",2,1,1,,0.625,8
7531,9b170a5f-8861-11f1-8ecd-b48c9db4e1b4,1,"[0, 1, 1, 1, 0, 1, 0, 1]",3,1,1,,0.625,8
7532,9b170a5f-8861-11f1-8ecd-b48c9db4e1b4,1,"[0, 1, 1, 1, 0, 1, 0, 1]",4,0,0,,0.625,8
7533,9b170a5f-8861-11f1-8ecd-b48c9db4e1b4,1,"[0, 1, 1, 1, 0, 1, 0, 1]",5,1,1,,0.625,8
7534,9b170a5f-8861-11f1-8ecd-b48c9db4e1b4,1,"[0, 1, 1, 1, 0, 1, 0, 1]",6,0,0,,0.625,8
7535,9b170a5f-8861-11f1-8ecd-b48c9db4e1b4,1,"[0, 1, 1, 1, 0, 1, 0, 1]",7,1,1,,0.625,8
7536,9b170a5f-8861-11f1-8ecd-b48c9db4e1b4,2,"[1, 1, 1, 1, 0, 1, 1, 1]",0,1,-1,,0.625,8
7537,9b170a5f-8861-11f1-8ecd-b48c9db4e1b4,2,"[1, 1, 1, 1, 0, 1, 1, 1]",1,1,-1,,0.625,8
7538,9b170a5f-8861-11f1-8ecd-b48c9db4e1b4,2,"[1, 1, 1, 1, 0, 1, 1, 1]",2,1,-1,,0.625,8
7539,9b170a5f-8861-11f1-8ecd-b48c9db4e1b4,2,"[1, 1, 1, 1, 0, 1, 1, 1]",3,1,-1,,0.625,8
7540,9b170a5f-8861-11f1-8ecd-b48c9db4e1b4,2,"[1, 1, 1, 1, 0, 1, 1, 1]",4,0,0,,0.625,8
7541,9b170a5f-8861-11f1-8ecd-b48c9db4e1b4,2,"[1, 1, 1, 1, 0, 1, 1, 1]",5,1,-1,,0.625,8
7542,9b170a5f-8861-11f1-8ecd-b48c9db4e1b4,2,"[1, 1, 1, 1, 0, 1, 1, 1]",6,1,-1,,0.625,8
7543,9b170a5f-8861-11f1-8ecd-b48c9db4e1b4,2,"[1, 1, 1, 1, 0, 1, 1, 1]",7,1,-1,,0.625,8
7544,9b170a5f-8861-11f1-8ecd-b48c9db4e1b4,3,"[0, 0, 1, 1, 1, 0, 1, 0]",0,0,0,,0.625,8
7545,9b170a5f-8861-11f1-8ecd-b48c9db4e1b4,3,"[0, 0, 1, 1, 1, 0, 1, 0]",1,0,0,,0.625,8
7546,9b170a5f-8861-11f1-8ecd-b48c9db4e1b4,3,"[0, 0, 1, 1, 1, 0, 1, 0]",2,1,1,,0.625,8
7547,9b170a5f-8861-11f1-8ecd-b48c9db4e1b4,3,"[0, 0, 1, 1, 1, 0, 1, 0]",3,1,1,,0.625,8
7548,9b170a5f-8861-11f1-8ecd-b48c9db4e1b4,3,"[0, 0, 1, 1, 1, 0, 1, 0]",4,1,1,,0.625,8
7549,9b170a5f-8861-11f1-8ecd-b48c9db4e1b4,3,"[0, 0, 1, 1, 1, 0, 1, 0]",5,0,0,,0.625,8
7550,9b170a5f-8861-11f1-8ecd-b48c9db4e1b4,3,"[0, 0, 1, 1, 1, 0, 1, 0]",6,1,1,,0.625,8
7551,9b170a5f-8861-11f1-8ecd-b48c9db4e1b4,3,"[0, 0, 1, 1, 1, 0, 1, 0]",7,0,0,,0.625,8
7552,9b170a5f-8861-11f1-8ecd-b48c9db4e1b4,4,"[0, 1, 0, 0, 0, 0, 1, 0]",0,0,0,,0.625,8
7553,9b170a5f-8861-11f1-8ecd-b48c9db4e1b4,4,"[0, 1, 0, 0, 0, 0, 1, 0]",1,1,1,,0.625,8
7554,9b170a5f-8861-11f1-8ecd-b48c9db4e1b4,4,"[0, 1, 0, 0, 0, 0, 1, 0]",2,0,0,,0.625,8
7555,9b170a5f-8861-11f1-8ecd-b48c9db4e1b4,4,"[0, 1, 0, 0, 0, 0, 1, 0]",3,0,0,,0.625,8
7556,9b170a5f-8861-11f1-8ecd-b48c9db4e1b4,4,"[0, 1, 0, 0, 0, 0, 1, 0]",4,0,0,,0.625,8
7557,9b170a5f-8861-11f1-8ecd-b48c9db4e1b4,4,"[0, 1, 0, 0, 0, 0, 1, 0]",5,0,0,,0.625,8
7558,9b170a5f-8861-11f1-8ecd-b48c9db4e1b4,4,"[0, 1, 0, 0, 0, 0, 1, 0]",6,1,1,,0.625,8
7559,9b170a5f-8861-11f1-8ecd-b48c9db4e1b4,4,"[0, 1, 0, 0, 0, 0, 1, 0]",7,0,0,,0.625,8
7560,9b170a5f-8861-11f1-8ecd-b48c9db4e1b4,5,"[0, 1, 0, 0, 1, 1, 0, 0]",0,0,0,,0.625,8
7561,9b170a5f-8861-11f1-8ecd-b48c9db4e1b4,5,"[0, 1, 0, 0, 1, 1, 0, 0]",1,1,1,,0.625,8
7562,9b170a5f-8861-11f1-8ecd-b48c9db4e1b4,5,"[0, 1, 0, 0, 1, 1, 0, 0]",2,0,0,,0.625,8
7563,9b170a5f-8861-11f1-8ecd-b48c9db4e1b4,5,"[0, 1, 0, 0, 1, 1, 0, 0]",3,0,0,,0.625,8
7564,9b170a5f-8861-11f1-8ecd-b48c9db4e1b4,5,"[0, 1, 0, 0, 1, 1, 0, 0]",4,1,1,,0.625,8
7565,9b170a5f-8861-11f1-8ecd-b48c9db4e1b4,5,"[0, 1, 0, 0, 1, 1, 0, 0]",5,1,1,,0.625,8
7566,9b170a5f-8861-11f1-8ecd-b48c9db4e1b4,5,"[0, 1, 0, 0, 1, 1, 0, 0]",6,0,0,,0.625,8
7567,9b170a5f-8861-11f1-8ecd-b48c9db4e1b4,5,"[0, 1, 0, 0, 1, 1, 0, 0]",7,0,0,,0.625,8
7568,9b170a5f-8861-11f1-8ecd-b48c9db4e1b4,6,"[0, 1, 0, 0, 1, 1, 1, 1]",0,0,0,,0.625,8
7569,9b170a5f-8861-11f1-8ecd-b48c9db4e1b4,6,"[0, 1, 0, 0, 1, 1, 1, 1]",1,1,1,,0.625,8
7570,9b170a5f-8861-11f1-8ecd-b48c9db4e1b4,6,"[0, 1, 0, 0, 1, 1, 1, 1]",2,0,0,,0.625,8
7571,9b170a5f-8861-11f1-8ecd-b48c9db4e1b4,6,"[0, 1, 0, 0, 1, 1, 1, 1]",3,0,0,,0.625,8
7572,9b170a5f-8861-11f1-8ecd-b48c9db4e1b4,6,"[0, 1, 0, 0, 1, 1, 1, 1]",4,1,1,,0.625,8
7573,9b170a5f-8861-11f1-8ecd-b48c9db4e1b4,6,"[0, 1, 0, 0, 1, 1, 1, 1]",5,1,1,,0.625,8
7574,9b170a5f-8861-11f1-8ecd-b48c9db4e1b4,6,"[0, 1, 0, 0, 1, 1, 1, 1]",6,1,1,,0.625,8
7575,9b170a5f-8861-11f1-8ecd-b48c9db4e1b4,6,"[0, 1, 0, 0, 1, 1, 1, 1]",7,1,1,,0.625,8
7576,9b170a5f-8861-11f1-8ecd-b48c9db4e1b4,7,"[1, 1, 1, 0, 1, 1, 0, 0]",0,1,1,,0.625,8
7577,9b170a5f-8861-11f1-8ecd-b48c9db4e1b4,7,"[1, 1, 1, 0, 1, 1, 0, 0]",1,1,1,,0.625,8
7578,9b170a5f-8861-11f1-8ecd-b48c9db4e1b4,7,"[1, 1, 1, 0, 1, 1, 0, 0]",2,1,1,,0.625,8
7579,9b170a5f-8861-11f1-8ecd-b48c9db4e1b4,7,"[1, 1, 1, 0, 1, 1, 0, 0]",3,0,0,,0.625,8
7580,9b170a5f-8861-11f1-8ecd-b48c9db4e1b4,7,"[1, 1, 1, 0, 1, 1, 0, 0]",4,1,1,,0.625,8
7581,9b170a5f-8861-11f1-8ecd-b48c9db4e1b4,7,"[1, 1, 1, 0, 1, 1, 0, 0]",5,1,1,,0.625,8
7582,9b170a5f-8861-11f1-8ecd-b48c9db4e1b4,7,"[1, 1, 1, 0, 1, 1, 0, 0]",6,0,0,,0.625,8
7583,9b170a5f-8861-11f1-8ecd-b48c9db4e1b4,7,"[1, 1, 1, 0, 1, 1, 0, 0]",7,0,0,,0.625,8
7584,9b170a5f-8861-11f1-8ecd-b48c9db4e1b4,8,"[0, 1, 0, 1, 0, 1, 1, 1]",0,0,0,,0.625,8
7585,9b170a5f-8861-11f1-8ecd-b48c9db4e1b4,8,"[0, 1, 0, 1, 0, 1, 1, 1]",1,1,1,,0.625,8
7586,9b170a5f-8861-11f1-8ecd-b48c9db4e1b4,8,"[0, 1, 0, 1, 0, 1, 1, 1]",2,0,0,,0.625,8
7587,9b170a5f-8861-11f1-8ecd-b48c9db4e1b4,8,"[0, 1, 0, 1, 0, 1, 1, 1]",3,1,1,,0.625,8
7588,9b170a5f-8861-11f1-8ecd-b48c9db4e1b4,8,"[0, 1, 0, 1, 0, 1, 1, 1]",4,0,0,,0.625,8
7589,9b170a5f-8861-11f1-8ecd-b48c9db4e1b4,8,"[0, 1, 0, 1, 0, 1, 1, 1]",5,1,1,,0.625,8
7590,9b170a5f-8861-11f1-8ecd-b48c9db4e1b4,8,"[0, 1, 0, 1, 0, 1, 1, 1]",6,1,1,,0.625,8
7591,9b170a5f-8861-11f1-8ecd-b48c9db4e1b4,8,"[0, 1, 0, 1, 0, 1, 1, 1]",7,1,1,,0.625,8
7592,9b170a5f-8861-11f1-8ecd-b48c9db4e1b4,9,"[0, 0, 1, 0, 0, 0, 0, 0]",0,0,0,,0.625,8
7593,9b170a5f-8861-11f1-8ecd-b48c9db4e1b4,9,"[0, 0, 1, 0, 0, 0, 0, 0]",1,0,0,,0.625,8
7594,9b170a5f-8861-11f1-8ecd-b48c9db4e1b4,9,"[0, 0, 1, 0, 0, 0, 0, 0]",2,1,1,,0.625,8
7595,9b170a5f-8861-11f1-8ecd-b48c9db4e1b4,9,"[0, 0, 1, 0, 0, 0, 0, 0]",3,0,0,,0.625,8
7596,9b170a5f-8861-11f1-8ecd-b48c9db4e1b4,9,"[0, 0, 1, 0, 0, 0, 0, 0]",4,0,0,,0.625,8
7597,9b170a5f-8861-11f1-8ecd-b48c9db4e1b4,9,"[0, 0, 1, 0, 0, 0, 0, 0]",5,0,0,,0.625,8
7598,9b170a5f-8861-11f1-8ecd-b48c9db4e1b4,9,"[0, 0, 1, 0, 0, 0, 0, 0]",6,0,0,,0.625,8
7599,9b170a5f-8861-11f1-8ecd-b48c9db4e1b4,9,"[0, 0, 1, 0, 0, 0, 0, 0]",7,0,0,,0.625,8
7600,9b170a5f-8861-11f1-8ecd-b48c9db4e1b4,10,"[0, 0, 1, 0, 1, 0, 0, 0]",0,0,0,,0.625,8
7601,9b170a5f-8861-11f1-8ecd-b48c9db4e1b4,10,"[0, 0, 1, 0, 1, 0, 0, 0]",1,0,0,,0.625,8
7602,9b170a5f-8861-11f1-8ecd-b48c9db4e1b4,10,"[0, 0, 1, 0, 1, 0, 0, 0]",2,1,1,,0.625,8
7603,9b170a5f-8861-11f1-8ecd-b48c9db4e1b4,10,"[0, 0, 1, 0, 1, 0, 0, 0]",3,0,0,,0.625,8
7604,9b170a5f-8861-11f1-8ecd-b48c9db4e1b4,10,"[0, 0, 1, 0, 1, 0, 0, 0]",4,1,1,,0.625,8
7605,9b170a5f-8861-11f1-8ecd-b48c9db4e1b4,10,"[0, 0, 1, 0, 1, 0, 0, 0]",5,0,0,,0.625,8
7606,9b170a5f-8861-11f1-8ecd-b48c9db4e1b4,10,"[0, 0, 1, 0, 1, 0, 0, 0]",6,0,0,,0.625,8
7607,9b170a5f-8861-11f1-8ecd-b48c9db4e1b4,10,"[0, 0, 1, 0, 1, 0, 0, 0]",7,0,0,,0.625,8
7608,9b170a5f-8861-11f1-8ecd-b48c9db4e1b4,11,"[0, 0, 0, 1, 1, 1, 1, 0]",0,0,0,,0.625,8
7609,9b170a5f-8861-11f1-8ecd-b48c9db4e1b4,11,"[0, 0, 0, 1, 1, 1, 1, 0]",1,0,0,,0.625,8
7610,9b170a5f-8861-11f1-8ecd-b48c9db4e1b4,11,"[0, 0, 0, 1, 1, 1, 1, 0]",2,0,0,,0.625,8
7611,9b170a5f-8861-11f1-8ecd-b48c9db4e1b4,11,"[0, 0, 0, 1, 1, 1, 1, 0]",3,1,1,,0.625,8
7612,9b170a5f-8861-11f1-8ecd-b48c9db4e1b4,11,"[0, 0, 0, 1, 1, 1, 1, 0]",4,1,1,,0.625,8
7613,9b170a5f-8861-11f1-8ecd-b48c9db4e1b4,11,"[0, 0, 0, 1, 1, 1, 1, 0]",5,1,1,,0.625,8
7614,9b170a5f-8861-11f1-8ecd-b48c9db4e1b4,11,"[0, 0, 0, 1, 1, 1, 1, 0]",6,1,1,,0.625,8
7615,9b170a5f-8861-11f1-8ecd-b48c9db4e1b4,11,"[0, 0, 0, 1, 1, 1, 1, 0]",7,0,0,,0.625,8
7616,9b170a5f-8861-11f1-8ecd-b48c9db4e1b4,12,"[1, 1, 0, 1, 0, 1, 1, 1]",0,1,-1,,0.625,8
7617,9b170a5f-8861-11f1-8ecd-b48c9db4e1b4,12,"[1, 1, 0, 1, 0, 1, 1, 1]",1,1,-1,,0.625,8
7618,9b170a5f-8861-11f1-8ecd-b48c9db4e1b4,12,"[1, 1, 0, 1, 0, 1, 1, 1]",2,0,0,,0.625,8
7619,9b170a5f-8861-11f1-8ecd-b48c9db4e1b4,12,"[1, 1, 0, 1, 0, 1, 1, 1]",3,1,-1,,0.625,8
7620,9b170a5f-8861-11f1-8ecd-b48c9db4e1b4,12,"[1, 1, 0, 1, 0, 1, 1, 1]",4,0,0,,0.625,8
7621,9b170a5f-8861-11f1-8ecd-b48c9db4e1b4,12,"[1, 1, 0, 1, 0, 1, 1, 1]",5,1,-1,,0.625,8
7622,9b170a5f-8861-11f1-8ecd-b48c9db4e1b4,12,"[1, 1, 0, 1, 0, 1, 1, 1]",6,1,-1,,0.625,8
7623,9b170a5f-8861-11f1-8ecd-b48c9db4e1b4,12,"[1, 1, 0, 1, 0, 1, 1, 1]",7,1,-1,,0.625,8
7624,9b170a5f-8861-11f1-8ecd-b48c9db4e1b4,13,"[0, 1, 1, 0, 0, 0, 0, 1]",0,0,0,,0.625,8
7625,9b170a5f-8861-11f1-8ecd-b48c9db4e1b4,13,"[0, 1, 1, 0, 0, 0, 0, 1]",1,1,1,,0.625,8
7626,9b170a5f-8861-11f1-8ecd-b48c9db4e1b4,13,"[0, 1, 1, 0, 0, 0, 0, 1]",2,1,1,,0.625,8
7627,9b170a5f-8861-11f1-8ecd-b48c9db4e1b4,13,"[0, 1, 1, 0, 0, 0, 0, 1]",3,0,0,,0.625,8
7628,9b170a5f-8861-11f1-8ecd-b48c9db4e1b4,13,"[0, 1, 1, 0, 0, 0, 0, 1]",4,0,0,,0.625,8
7629,9b170a5f-8861-11f1-8ecd-b48c9db4e1b4,13,"[0, 1, 1, 0, 0, 0, 0, 1]",5,0,0,,0.625,8
7630,9b170a5f-8861-11f1-8ecd-b48c9db4e1b4,13,"[0, 1, 1, 0, 0, 0, 0, 1]",6,0,0,,0.625,8
7631,9b170a5f-8861-11f1-8ecd-b48c9db4e1b4,13,"[0, 1, 1, 0, 0, 0, 0, 1]",7,1,1,,0.625,8
7632,9b170a5f-8861-11f1-8ecd-b48c9db4e1b4,14,"[1, 0, 1, 0, 1, 0, 0, 0]",0,1,1,,0.625,8
7633,9b170a5f-8861-11f1-8ecd-b48c9db4e1b4,14,"[1, 0, 1, 0, 1, 0, 0, 0]",1,0,0,,0.625,8
7634,9b170a5f-8861-11f1-8ecd-b48c9db4e1b4,14,"[1, 0, 1, 0, 1, 0, 0, 0]",2,1,1,,0.625,8
7635,9b170a5f-8861-11f1-8ecd-b48c9db4e1b4,14,"[1, 0, 1, 0, 1, 0, 0, 0]",3,0,0,,0.625,8
7636,9b170a5f-8861-11f1-8ecd-b48c9db4e1b4,14,"[1, 0, 1, 0, 1, 0, 0, 0]",4,1,1,,0.625,8
7637,9b170a5f-8861-11f1-8ecd-b48c9db4e1b4,14,"[1, 0, 1, 0, 1, 0, 0, 0]",5,0,0,,0.625,8
7638,9b170a5f-8861-11f1-8ecd-b48c9db4e1b4,14,"[1, 0, 1, 0, 1, 0, 0, 0]",6,0,0,,0.625,8
7639,9b170a5f-8861-11f1-8ecd-b48c9db4e1b4,14,"[1, 0, 1, 0, 1, 0, 0, 0]",7,0,0,,0.625,8
7640,9b170a5f-8861-11f1-8ecd-b48c9db4e1b4,15,"[1, 0, 1, 1, 0, 1, 0, 1]",0,1,1,,0.625,8
7641,9b170a5f-8861-11f1-8ecd-b48c9db4e1b4,15,"[1, 0, 1, 1, 0, 1, 0, 1]",1,0,0,,0.625,8
7642,9b170a5f-8861-11f1-8ecd-b48c9db4e1b4,15,"[1, 0, 1, 1, 0, 1, 0, 1]",2,1,1,,0.625,8
7643,9b170a5f-8861-11f1-8ecd-b48c9db4e1b4,15,"[1, 0, 1, 1, 0, 1, 0, 1]",3,1,1,,0.625,8
7644,9b170a5f-8861-11f1-8ecd-b48c9db4e1b4,15,"[1, 0, 1, 1, 0, 1, 0, 1]",4,0,0,,0.625,8
7645,9b170a5f-8861-11f1-8ecd-b48c9db4e1b4,15,"[1, 0, 1, 1, 0, 1, 0, 1]",5,1,1,,0.625,8
7646,9b170a5f-8861-11f1-8ecd-b48c9db4e1b4,15,"[1, 0, 1, 1, 0, 1, 0, 1]",6,0,0,,0.625,8
7647,9b170a5f-8861-11f1-8ecd-b48c9db4e1b4,15,"[1, 0, 1, 1, 0, 1, 0, 1]",7,1,1,,0.625,8
7648,9b170a5f-8861-11f1-8ecd-b48c9db4e1b4,16,"[0, 0, 1, 1, 0, 0, 1, 1]",0,0,0,,0.625,8
7649,9b170a5f-8861-11f1-8ecd-b48c9db4e1b4,16,"[0, 0, 1, 1, 0, 0, 1, 1]",1,0,0,,0.625,8
7650,9b170a5f-8861-11f1-8ecd-b48c9db4e1b4,16,"[0, 0, 1, 1, 0, 0, 1, 1]",2,1,1,,0.625,8
7651,9b170a5f-8861-11f1-8ecd-b48c9db4e1b4,16,"[0, 0, 1, 1, 0, 0, 1, 1]",3,1,1,,0.625,8
7652,9b170a5f-8861-11f1-8ecd-b48c9db4e1b4,16,"[0, 0, 1, 1, 0, 0, 1, 1]",4,0,0,,0.625,8
7653,9b170a5f-8861-11f1-8ecd-b48c9db4e1b4,16,"[0, 0, 1, 1, 0, 0, 1, 1]",5,0,0,,0.625,8
7654,9b170a5f-8861-11f1-8ecd-b48c9db4e1b4,16,"[0, 0, 1, 1, 0, 0, 1, 1]",6,1,1,,0.625,8
7655,9b170a5f-8861-11f1-8ecd-b48c9db4e1b4,16,"[0, 0, 1, 1, 0, 0, 1, 1]",7,1,1,,0.625,8
7656,9b170a5f-8861-11f1-8ecd-b48c9db4e1b4,17,"[0, 1, 0, 0, 0, 0, 0, 1]",0,0,0,,0.625,8
7657,9b170a5f-8861-11f1-8ecd-b48c9db4e1b4,17,"[0, 1, 0, 0, 0, 0, 0, 1]",1,1,1,,0.625,8
7658,9b170a5f-8861-11f1-8ecd-b48c9db4e1b4,17,"[0, 1, 0, 0, 0, 0, 0, 1]",2,0,0,,0.625,8
7659,9b170a5f-8861-11f1-8ecd-b48c9db4e1b4,17,"[0, 1, 0, 0, 0, 0, 0, 1]",3,0,0,,0.625,8
7660,9b170a5f-8861-11f1-8ecd-b48c9db4e1b4,17,"[0, 1, 0, 0, 0, 0, 0, 1]",4,0,0,,0.625,8
7661,9b170a5f-8861-11f1-8ecd-b48c9db4e1b4,17,"[0, 1, 0, 0, 0, 0, 0, 1]",5,0,0,,0.625,8
7662,9b170a5f-8861-11f1-8ecd-b48c9db4e1b4,17,"[0, 1, 0, 0, 0, 0, 0, 1]",6,0,0,,0.625,8
7663,9b170a5f-8861-11f1-8ecd-b48c9db4e1b4,17,"[0, 1, 0, 0, 0, 0, 0, 1]",7,1,1,,0.625,8
7664,9b170a5f-8861-11f1-8ecd-b48c9db4e1b4,18,"[1, 0, 0, 1, 1, 1, 1, 0]",0,1,1,,0.625,8
7665,9b170a5f-8861-11f1-8ecd-b48c9db4e1b4,18,"[1, 0, 0, 1, 1, 1, 1, 0]",1,0,0,,0.625,8
7666,9b170a5f-8861-11f1-8ecd-b48c9db4e1b4,18,"[1, 0, 0, 1, 1, 1, 1, 0]",2,0,0,,0.625,8
7667,9b170a5f-8861-11f1-8ecd-b48c9db4e1b4,18,"[1, 0, 0, 1, 1, 1, 1, 0]",3,1,1,,0.625,8
7668,9b170a5f-8861-11f1-8ecd-b48c9db4e1b4,18,"[1, 0, 0, 1, 1, 1, 1, 0]",4,1,1,,0.625,8
7669,9b170a5f-8861-11f1-8ecd-b48c9db4e1b4,18,"[1, 0, 0, 1, 1, 1, 1, 0]",5,1,1,,0.625,8
7670,9b170a5f-8861-11f1-8ecd-b48c9db4e1b4,18,"[1, 0, 0, 1, 1, 1, 1, 0]",6,1,1,,0.625,8
7671,9b170a5f-8861-11f1-8ecd-b48c9db4e1b4,18,"[1, 0, 0, 1, 1, 1, 1, 0]",7,0,0,,0.625,8
7672,9b170a5f-8861-11f1-8ecd-b48c9db4e1b4,19,"[0, 1, 0, 1, 1, 0, 0, 0]",0,0,0,,0.625,8
7673,9b170a5f-8861-11f1-8ecd-b48c9db4e1b4,19,"[0, 1, 0, 1, 1, 0, 0, 0]",1,1,1,,0.625,8
7674,9b170a5f-8861-11f1-8ecd-b48c9db4e1b4,19,"[0, 1, 0, 1, 1, 0, 0, 0]",2,0,0,,0.625,8
7675,9b170a5f-8861-11f1-8ecd-b48c9db4e1b4,19,"[0, 1, 0, 1, 1, 0, 0, 0]",3,1,1,,0.625,8
7676,9b170a5f-8861-11f1-8ecd-b48c9db4e1b4,19,"[0, 1, 0, 1, 1, 0, 0, 0]",4,1,1,,0.625,8
7677,9b170a5f-8861-11f1-8ecd-b48c9db4e1b4,19,"[0, 1, 0, 1, 1, 0, 0, 0]",5,0,0,,0.625,8
7678,9b170a5f-8861-11f1-8ecd-b48c9db4e1b4,19,"[0, 1, 0, 1, 1, 0, 0, 0]",6,0,0,,0.625,8
7679,9b170a5f-8861-11f1-8ecd-b48c9db4e1b4,19,"[0, 1, 0, 1, 1, 0, 0, 0]",7,0,0,,0.625,8
7680,9b1aeb90-8861-11f1-86db-b48c9db4e1b4,0,"[1, 1, 1, 1, 0, 0, 1, 1]",0,1,-1,,0.625,8
7681,9b1aeb90-8861-11f1-86db-b48c9db4e1b4,0,"[1, 1, 1, 1, 0, 0, 1, 1]",1,1,-1,,0.625,8
7682,9b1aeb90-8861-11f1-86db-b48c9db4e1b4,0,"[1, 1, 1, 1, 0, 0, 1, 1]",2,1,-1,,0.625,8
7683,9b1aeb90-8861-11f1-86db-b48c9db4e1b4,0,"[1, 1, 1, 1, 0, 0, 1, 1]",3,1,-1,,0.625,8
7684,9b1aeb90-8861-11f1-86db-b48c9db4e1b4,0,"[1, 1, 1, 1, 0, 0, 1, 1]",4,0,0,,0.625,8
7685,9b1aeb90-8861-11f1-86db-b48c9db4e1b4,0,"[1, 1, 1, 1, 0, 0, 1, 1]",5,0,0,,0.625,8
7686,9b1aeb90-8861-11f1-86db-b48c9db4e1b4,0,"[1, 1, 1, 1, 0, 0, 1, 1]",6,1,-1,,0.625,8
7687,9b1aeb90-8861-11f1-86db-b48c9db4e1b4,0,"[1, 1, 1, 1, 0, 0, 1, 1]",7,1,-1,,0.625,8
7688,9b1aeb90-8861-11f1-86db-b48c9db4e1b4,1,"[1, 0, 1, 1, 0, 1, 1, 1]",0,1,-1,,0.625,8
7689,9b1aeb90-8861-11f1-86db-b48c9db4e1b4,1,"[1, 0, 1, 1, 0, 1, 1, 1]",1,0,0,,0.625,8
7690,9b1aeb90-8861-11f1-86db-b48c9db4e1b4,1,"[1, 0, 1, 1, 0, 1, 1, 1]",2,1,-1,,0.625,8
7691,9b1aeb90-8861-11f1-86db-b48c9db4e1b4,1,"[1, 0, 1, 1, 0, 1, 1, 1]",3,1,-1,,0.625,8
7692,9b1aeb90-8861-11f1-86db-b48c9db4e1b4,1,"[1, 0, 1, 1, 0, 1, 1, 1]",4,0,0,,0.625,8
7693,9b1aeb90-8861-11f1-86db-b48c9db4e1b4,1,"[1, 0, 1, 1, 0, 1, 1, 1]",5,1,-1,,0.625,8
7694,9b1aeb90-8861-11f1-86db-b48c9db4e1b4,1,"[1, 0, 1, 1, 0, 1, 1, 1]",6,1,-1,,0.625,8
7695,9b1aeb90-8861-11f1-86db-b48c9db4e1b4,1,"[1, 0, 1, 1, 0, 1, 1, 1]",7,1,-1,,0.625,8
7696,9b1aeb90-8861-11f1-86db-b48c9db4e1b4,2,"[0, 0, 1, 1, 1, 0, 1, 0]",0,0,0,,0.625,8
7697,9b1aeb90-8861-11f1-86db-b48c9db4e1b4,2,"[0, 0, 1, 1, 1, 0, 1, 0]",1,0,0,,0.625,8
7698,9b1aeb90-8861-11f1-86db-b48c9db4e1b4,2,"[0, 0, 1, 1, 1, 0, 1, 0]",2,1,1,,0.625,8
7699,9b1aeb90-8861-11f1-86db-b48c9db4e1b4,2,"[0, 0, 1, 1, 1, 0, 1, 0]",3,1,1,,0.625,8
7700,9b1aeb90-8861-11f1-86db-b48c9db4e1b4,2,"[0, 0, 1, 1, 1, 0, 1, 0]",4,1,1,,0.625,8
7701,9b1aeb90-8861-11f1-86db-b48c9db4e1b4,2,"[0, 0, 1, 1, 1, 0, 1, 0]",5,0,0,,0.625,8
7702,9b1aeb90-8861-11f1-86db-b48c9db4e1b4,2,"[0, 0, 1, 1, 1, 0, 1, 0]",6,1,1,,0.625,8
7703,9b1aeb90-8861-11f1-86db-b48c9db4e1b4,2,"[0, 0, 1, 1, 1, 0, 1, 0]",7,0,0,,0.625,8
7704,9b1aeb90-8861-11f1-86db-b48c9db4e1b4,3,"[1, 0, 1, 0, 1, 1, 1, 0]",0,1,1,,0.625,8
7705,9b1aeb90-8861-11f1-86db-b48c9db4e1b4,3,"[1, 0, 1, 0, 1, 1, 1, 0]",1,0,0,,0.625,8
7706,9b1aeb90-8861-11f1-86db-b48c9db4e1b4,3,"[1, 0, 1, 0, 1, 1, 1, 0]",2,1,1,,0.625,8
7707,9b1aeb90-8861-11f1-86db-b48c9db4e1b4,3,"[1, 0, 1, 0, 1, 1, 1, 0]",3,0,0,,0.625,8
7708,9b1aeb90-8861-11f1-86db-b48c9db4e1b4,3,"[1, 0, 1, 0, 1, 1, 1, 0]",4,1,1,,0.625,8
7709,9b1aeb90-8861-11f1-86db-b48c9db4e1b4,3,"[1, 0, 1, 0, 1, 1, 1, 0]",5,1,1,,0.625,8
7710,9b1aeb90-8861-11f1-86db-b48c9db4e1b4,3,"[1, 0, 1, 0, 1, 1, 1, 0]",6,1,1,,0.625,8
7711,9b1aeb90-8861-11f1-86db-b48c9db4e1b4,3,"[1, 0, 1, 0, 1, 1, 1, 0]",7,0,0,,0.625,8
7712,9b1aeb90-8861-11f1-86db-b48c9db4e1b4,4,"[0, 0, 1, 1, 1, 1, 0, 0]",0,0,0,,0.625,8
7713,9b1aeb90-8861-11f1-86db-b48c9db4e1b4,4,"[0, 0, 1, 1, 1, 1, 0, 0]",1,0,0,,0.625,8
7714,9b1aeb90-8861-11f1-86db-b48c9db4e1b4,4,"[0, 0, 1, 1, 1, 1, 0, 0]",2,1,1,,0.625,8
7715,9b1aeb90-8861-11f1-86db-b48c9db4e1b4,4,"[0, 0, 1, 1, 1, 1, 0, 0]",3,1,1,,0.625,8
7716,9b1aeb90-8861-11f1-86db-b48c9db4e1b4,4,"[0, 0, 1, 1, 1, 1, 0, 0]",4,1,1,,0.625,8
7717,9b1aeb90-8861-11f1-86db-b48c9db4e1b4,4,"[0, 0, 1, 1, 1, 1, 0, 0]",5,1,1,,0.625,8
7718,9b1aeb90-8861-11f1-86db-b48c9db4e1b4,4,"[0, 0, 1, 1, 1, 1, 0, 0]",6,0,0,,0.625,8
7719,9b1aeb90-8861-11f1-86db-b48c9db4e1b4,4,"[0, 0, 1, 1, 1, 1, 0, 0]",7,0,0,,0.625,8
7720,9b1aeb90-8861-11f1-86db-b48c9db4e1b4,5,"[0, 1, 1, 1, 0, 0, 1, 0]",0,0,0,,0.625,8
7721,9b1aeb90-8861-11f1-86db-b48c9db4e1b4,5,"[0, 1, 1, 1, 0, 0, 1, 0]",1,1,1,,0.625,8
7722,9b1aeb90-8861-11f1-86db-b48c9db4e1b4,5,"[0, 1, 1, 1, 0, 0, 1, 0]",2,1,1,,0.625,8
7723,9b1aeb90-8861-11f1-86db-b48c9db4e1b4,5,"[0, 1, 1, 1, 0, 0, 1, 0]",3,1,1,,0.625,8
7724,9b1aeb90-8861-11f1-86db-b48c9db4e1b4,5,"[0, 1, 1, 1, 0, 0, 1, 0]",4,0,0,,0.625,8
7725,9b1aeb90-8861-11f1-86db-b48c9db4e1b4,5,"[0, 1, 1, 1, 0, 0, 1, 0]",5,0,0,,0.625,8
7726,9b1aeb90-8861-11f1-86db-b48c9db4e1b4,5,"[0, 1, 1, 1, 0, 0, 1, 0]",6,1,1,,0.625,8
7727,9b1aeb90-8861-11f1-86db-b48c9db4e1b4,5,"[0, 1, 1, 1, 0, 0, 1, 0]",7,0,0,,0.625,8
7728,9b1aeb90-8861-11f1-86db-b48c9db4e1b4,6,"[1, 0, 1, 0, 1, 1, 0, 0]",0,1,1,,0.625,8
7729,9b1aeb90-8861-11f1-86db-b48c9db4e1b4,6,"[1, 0, 1, 0, 1, 1, 0, 0]",1,0,0,,0.625,8
7730,9b1aeb90-8861-11f1-86db-b48c9db4e1b4,6,"[1, 0, 1, 0, 1, 1, 0, 0]",2,1,1,,0.625,8
7731,9b1aeb90-8861-11f1-86db-b48c9db4e1b4,6,"[1, 0, 1, 0, 1, 1, 0, 0]",3,0,0,,0.625,8
7732,9b1aeb90-8861-11f1-86db-b48c9db4e1b4,6,"[1, 0, 1, 0, 1, 1, 0, 0]",4,1,1,,0.625,8
7733,9b1aeb90-8861-11f1-86db-b48c9db4e1b4,6,"[1, 0, 1, 0, 1, 1, 0, 0]",5,1,1,,0.625,8
7734,9b1aeb90-8861-11f1-86db-b48c9db4e1b4,6,"[1, 0, 1, 0, 1, 1, 0, 0]",6,0,0,,0.625,8
7735,9b1aeb90-8861-11f1-86db-b48c9db4e1b4,6,"[1, 0, 1, 0, 1, 1, 0, 0]",7,0,0,,0.625,8
7736,9b1aeb90-8861-11f1-86db-b48c9db4e1b4,7,"[0, 0, 1, 0, 1, 1, 0, 1]",0,0,0,,0.625,8
7737,9b1aeb90-8861-11f1-86db-b48c9db4e1b4,7,"[0, 0, 1, 0, 1, 1, 0, 1]",1,0,0,,0.625,8
7738,9b1aeb90-8861-11f1-86db-b48c9db4e1b4,7,"[0, 0, 1, 0, 1, 1, 0, 1]",2,1,1,,0.625,8
7739,9b1aeb90-8861-11f1-86db-b48c9db4e1b4,7,"[0, 0, 1, 0, 1, 1, 0, 1]",3,0,0,,0.625,8
7740,9b1aeb90-8861-11f1-86db-b48c9db4e1b4,7,"[0, 0, 1, 0, 1, 1, 0, 1]",4,1,1,,0.625,8
7741,9b1aeb90-8861-11f1-86db-b48c9db4e1b4,7,"[0, 0, 1, 0, 1, 1, 0, 1]",5,1,1,,0.625,8
7742,9b1aeb90-8861-11f1-86db-b48c9db4e1b4,7,"[0, 0, 1, 0, 1, 1, 0, 1]",6,0,0,,0.625,8
7743,9b1aeb90-8861-11f1-86db-b48c9db4e1b4,7,"[0, 0, 1, 0, 1, 1, 0, 1]",7,1,1,,0.625,8
7744,9b1aeb90-8861-11f1-86db-b48c9db4e1b4,8,"[1, 1, 0, 1, 1, 1, 1, 0]",0,1,-1,,0.625,8
7745,9b1aeb90-8861-11f1-86db-b48c9db4e1b4,8,"[1, 1, 0, 1, 1, 1, 1, 0]",1,1,-1,,0.625,8
7746,9b1aeb90-8861-11f1-86db-b48c9db4e1b4,8,"[1, 1, 0, 1, 1, 1, 1, 0]",2,0,0,,0.625,8
7747,9b1aeb90-8861-11f1-86db-b48c9db4e1b4,8,"[1, 1, 0, 1, 1, 1, 1, 0]",3,1,-1,,0.625,8
7748,9b1aeb90-8861-11f1-86db-b48c9db4e1b4,8,"[1, 1, 0, 1, 1, 1, 1, 0]",4,1,-1,,0.625,8
7749,9b1aeb90-8861-11f1-86db-b48c9db4e1b4,8,"[1, 1, 0, 1, 1, 1, 1, 0]",5,1,-1,,0.625,8
7750,9b1aeb90-8861-11f1-86db-b48c9db4e1b4,8,"[1, 1, 0, 1, 1, 1, 1, 0]",6,1,-1,,0.625,8
7751,9b1aeb90-8861-11f1-86db-b48c9db4e1b4,8,"[1, 1, 0, 1, 1, 1, 1, 0]",7,0,0,,0.625,8
7752,9b1aeb90-8861-11f1-86db-b48c9db4e1b4,9,"[0, 1, 0, 0, 1, 0, 0, 1]",0,0,0,,0.625,8
7753,9b1aeb90-8861-11f1-86db-b48c9db4e1b4,9,"[0, 1, 0, 0, 1, 0, 0, 1]",1,1,1,,0.625,8
7754,9b1aeb90-8861-11f1-86db-b48c9db4e1b4,9,"[0, 1, 0, 0, 1, 0, 0, 1]",2,0,0,,0.625,8
7755,9b1aeb90-8861-11f1-86db-b48c9db4e1b4,9,"[0, 1, 0, 0, 1, 0, 0, 1]",3,0,0,,0.625,8
7756,9b1aeb90-8861-11f1-86db-b48c9db4e1b4,9,"[0, 1, 0, 0, 1, 0, 0, 1]",4,1,1,,0.625,8
7757,9b1aeb90-8861-11f1-86db-b48c9db4e1b4,9,"[0, 1, 0, 0, 1, 0, 0, 1]",5,0,0,,0.625,8
7758,9b1aeb90-8861-11f1-86db-b48c9db4e1b4,9,"[0, 1, 0, 0, 1, 0, 0, 1]",6,0,0,,0.625,8
7759,9b1aeb90-8861-11f1-86db-b48c9db4e1b4,9,"[0, 1, 0, 0, 1, 0, 0, 1]",7,1,1,,0.625,8
7760,9b1aeb90-8861-11f1-86db-b48c9db4e1b4,10,"[1, 1, 0, 1, 0, 0, 0, 1]",0,1,1,,0.625,8
7761,9b1aeb90-8861-11f1-86db-b48c9db4e1b4,10,"[1, 1, 0, 1, 0, 0, 0, 1]",1,1,1,,0.625,8
7762,9b1aeb90-8861-11f1-86db-b48c9db4e1b4,10,"[1, 1, 0, 1, 0, 0, 0, 1]",2,0,0,,0.625,8
7763,9b1aeb90-8861-11f1-86db-b48c9db4e1b4,10,"[1, 1, 0, 1, 0, 0, 0, 1]",3,1,1,,0.625,8
7764,9b1aeb90-8861-11f1-86db-b48c9db4e1b4,10,"[1, 1, 0, 1, 0, 0, 0, 1]",4,0,0,,0.625,8
7765,9b1aeb90-8861-11f1-86db-b48c9db4e1b4,10,"[1, 1, 0, 1, 0, 0, 0, 1]",5,0,0,,0.625,8
7766,9b1aeb90-8861-11f1-86db-b48c9db4e1b4,10,"[1, 1, 0, 1, 0, 0, 0, 1]",6,0,0,,0.625,8
7767,9b1aeb90-8861-11f1-86db-b48c9db4e1b4,10,"[1, 1, 0, 1, 0, 0, 0, 1]",7,1,1,,0.625,8
7768,9b1aeb90-8861-11f1-86db-b48c9db4e1b4,11,"[1, 1, 1, 1, 1, 1, 1, 1]",0,1,-1,,0.625,8
7769,9b1aeb90-8861-11f1-86db-b48c9db4e1b4,11,"[1, 1, 1, 1, 1, 1, 1, 1]",1,1,-1,,0.625,8
7770,9b1aeb90-8861-11f1-86db-b48c9db4e1b4,11,"[1, 1, 1, 1, 1, 1, 1, 1]",2,1,-1,,0.625,8
7771,9b1aeb90-8861-11f1-86db-b48c9db4e1b4,11,"[1, 1, 1, 1, 1, 1, 1, 1]",3,1,-1,,0.625,8
7772,9b1aeb90-8861-11f1-86db-b48c9db4e1b4,11,"[1, 1, 1, 1, 1, 1, 1, 1]",4,1,-1,,0.625,8
7773,9b1aeb90-8861-11f1-86db-b48c9db4e1b4,11,"[1, 1, 1, 1, 1, 1, 1, 1]",5,1,-1,,0.625,8
7774,9b1aeb90-8861-11f1-86db-b48c9db4e1b4,11,"[1, 1, 1, 1, 1, 1, 1, 1]",6,1,-1,,0.625,8
7775,9b1aeb90-8861-11f1-86db-b48c9db4e1b4,11,"[1, 1, 1, 1, 1, 1, 1, 1]",7,1,-1,,0.625,8
7776,9b1aeb90-8861-11f1-86db-b48c9db4e1b4,12,"[0, 0, 1, 0, 0, 1, 1, 0]",0,0,0,,0.625,8
7777,9b1aeb90-8861-11f1-86db-b48c9db4e1b4,12,"[0, 0, 1, 0, 0, 1, 1, 0]",1,0,0,,0.625,8
7778,9b1aeb90-8861-11f1-86db-b48c9db4e1b4,12,"[0, 0, 1, 0, 0, 1, 1, 0]",2,1,1,,0.625,8
7779,9b1aeb90-8861-11f1-86db-b48c9db4e1b4,12,"[0, 0, 1, 0, 0, 1, 1, 0]",3,0,0,,0.625,8
7780,9b1aeb90-8861-11f1-86db-b48c9db4e1b4,12,"[0, 0, 1, 0, 0, 1, 1, 0]",4,0,0,,0.625,8
7781,9b1aeb90-8861-11f1-86db-b48c9db4e1b4,12,"[0, 0, 1, 0, 0, 1, 1, 0]",5,1,1,,0.625,8
7782,9b1aeb90-8861-11f1-86db-b48c9db4e1b4,12,"[0, 0, 1, 0, 0, 1, 1, 0]",6,1,1,,0.625,8
7783,9b1aeb90-8861-11f1-86db-b48c9db4e1b4,12,"[0, 0, 1, 0, 0, 1, 1, 0]",7,0,0,,0.625,8
7784,9b1aeb90-8861-11f1-86db-b48c9db4e1b4,13,"[0, 1, 1, 0, 0, 0, 0, 1]",0,0,0,,0.625,8
7785,9b1aeb90-8861-11f1-86db-b48c9db4e1b4,13,"[0, 1, 1, 0, 0, 0, 0, 1]",1,1,1,,0.625,8
7786,9b1aeb90-8861-11f1-86db-b48c9db4e1b4,13,"[0, 1, 1, 0, 0, 0, 0, 1]",2,1,1,,0.625,8
7787,9b1aeb90-8861-11f1-86db-b48c9db4e1b4,13,"[0, 1, 1, 0, 0, 0, 0, 1]",3,0,0,,0.625,8
7788,9b1aeb90-8861-11f1-86db-b48c9db4e1b4,13,"[0, 1, 1, 0, 0, 0, 0, 1]",4,0,0,,0.625,8
7789,9b1aeb90-8861-11f1-86db-b48c9db4e1b4,13,"[0, 1, 1, 0, 0, 0, 0, 1]",5,0,0,,0.625,8
7790,9b1aeb90-8861-11f1-86db-b48c9db4e1b4,13,"[0, 1, 1, 0, 0, 0, 0, 1]",6,0,0,,0.625,8
7791,9b1aeb90-8861-11f1-86db-b48c9db4e1b4,13,"[0, 1, 1, 0, 0, 0, 0, 1]",7,1,1,,0.625,8
7792,9b1aeb90-8861-11f1-86db-b48c9db4e1b4,14,"[1, 1, 0, 1, 1, 0, 0, 0]",0,1,1,,0.625,8
7793,9b1aeb90-8861-11f1-86db-b48c9db4e1b4,14,"[1, 1, 0, 1, 1, 0, 0, 0]",1,1,1,,0.625,8
7794,9b1aeb90-8861-11f1-86db-b48c9db4e1b4,14,"[1, 1, 0, 1, 1, 0, 0, 0]",2,0,0,,0.625,8
7795,9b1aeb90-8861-11f1-86db-b48c9db4e1b4,14,"[1, 1, 0, 1, 1, 0, 0, 0]",3,1,1,,0.625,8
7796,9b1aeb90-8861-11f1-86db-b48c9db4e1b4,14,"[1, 1, 0, 1, 1, 0, 0, 0]",4,1,1,,0.625,8
7797,9b1aeb90-8861-11f1-86db-b48c9db4e1b4,14,"[1, 1, 0, 1, 1, 0, 0, 0]",5,0,0,,0.625,8
7798,9b1aeb90-8861-11f1-86db-b48c9db4e1b4,14,"[1, 1, 0, 1, 1, 0, 0, 0]",6,0,0,,0.625,8
7799,9b1aeb90-8861-11f1-86db-b48c9db4e1b4,14,"[1, 1, 0, 1, 1, 0, 0, 0]",7,0,0,,0.625,8
7800,9b1aeb90-8861-11f1-86db-b48c9db4e1b4,15,"[0, 0, 0, 0, 1, 0, 0, 0]",0,0,0,,0.625,8
7801,9b1aeb90-8861-11f1-86db-b48c9db4e1b4,15,"[0, 0, 0, 0, 1, 0, 0, 0]",1,0,0,,0.625,8
7802,9b1aeb90-8861-11f1-86db-b48c9db4e1b4,15,"[0, 0, 0, 0, 1, 0, 0, 0]",2,0,0,,0.625,8
7803,9b1aeb90-8861-11f1-86db-b48c9db4e1b4,15,"[0, 0, 0, 0, 1, 0, 0, 0]",3,0,0,,0.625,8
7804,9b1aeb90-8861-11f1-86db-b48c9db4e1b4,15,"[0, 0, 0, 0, 1, 0, 0, 0]",4,1,1,,0.625,8
7805,9b1aeb90-8861-11f1-86db-b48c9db4e1b4,15,"[0, 0, 0, 0, 1, 0, 0, 0]",5,0,0,,0.625,8
7806,9b1aeb90-8861-11f1-86db-b48c9db4e1b4,15,"[0, 0, 0, 0, 1, 0, 0, 0]",6,0,0,,0.625,8
7807,9b1aeb90-8861-11f1-86db-b48c9db4e1b4,15,"[0, 0, 0, 0, 1, 0, 0, 0]",7,0,0,,0.625,8
7808,9b1aeb90-8861-11f1-86db-b48c9db4e1b4,16,"[1, 1, 1, 0, 1, 1, 0, 0]",0,1,1,,0.625,8
7809,9b1aeb90-8861-11f1-86db-b48c9db4e1b4,16,"[1, 1, 1, 0, 1, 1, 0, 0]",1,1,1,,0.625,8
7810,9b1aeb90-8861-11f1-86db-b48c9db4e1b4,16,"[1, 1, 1, 0, 1, 1, 0, 0]",2,1,1,,0.625,8
7811,9b1aeb90-8861-11f1-86db-b48c9db4e1b4,16,"[1, 1, 1, 0, 1, 1, 0, 0]",3,0,0,,0.625,8
7812,9b1aeb90-8861-11f1-86db-b48c9db4e1b4,16,"[1, 1, 1, 0, 1, 1, 0, 0]",4,1,1,,0.625,8
7813,9b1aeb90-8861-11f1-86db-b48c9db4e1b4,16,"[1, 1, 1, 0, 1, 1, 0, 0]",5,1,1,,0.625,8
7814,9b1aeb90-8861-11f1-86db-b48c9db4e1b4,16,"[1, 1, 1, 0, 1, 1, 0, 0]",6,0,0,,0.625,8
7815,9b1aeb90-8861-11f1-86db-b48c9db4e1b4,16,"[1, 1, 1, 0, 1, 1, 0, 0]",7,0,0,,0.625,8
7816,9b1aeb90-8861-11f1-86db-b48c9db4e1b4,17,"[1, 1, 1, 1, 0, 1, 1, 0]",0,1,-1,,0.625,8
7817,9b1aeb90-8861-11f1-86db-b48c9db4e1b4,17,"[1, 1, 1, 1, 0, 1, 1, 0]",1,1,-1,,0.625,8
7818,9b1aeb90-8861-11f1-86db-b48c9db4e1b4,17,"[1, 1, 1, 1, 0, 1, 1, 0]",2,1,-1,,0.625,8
7819,9b1aeb90-8861-11f1-86db-b48c9db4e1b4,17,"[1, 1, 1, 1, 0, 1, 1, 0]",3,1,-1,,0.625,8
7820,9b1aeb90-8861-11f1-86db-b48c9db4e1b4,17,"[1, 1, 1, 1, 0, 1, 1, 0]",4,0,0,,0.625,8
7821,9b1aeb90-8861-11f1-86db-b48c9db4e1b4,17,"[1, 1, 1, 1, 0, 1, 1, 0]",5,1,-1,,0.625,8
7822,9b1aeb90-8861-11f1-86db-b48c9db4e1b4,17,"[1, 1, 1, 1, 0, 1, 1, 0]",6,1,-1,,0.625,8
7823,9b1aeb90-8861-11f1-86db-b48c9db4e1b4,17,"[1, 1, 1, 1, 0, 1, 1, 0]",7,0,0,,0.625,8
7824,9b1aeb90-8861-11f1-86db-b48c9db4e1b4,18,"[1, 0, 1, 0, 1, 1, 0, 1]",0,1,1,,0.625,8
7825,9b1aeb90-8861-11f1-86db-b48c9db4e1b4,18,"[1, 0, 1, 0, 1, 1, 0, 1]",1,0,0,,0.625,8
7826,9b1aeb90-8861-11f1-86db-b48c9db4e1b4,18,"[1, 0, 1, 0, 1, 1, 0, 1]",2,1,1,,0.625,8
7827,9b1aeb90-8861-11f1-86db-b48c9db4e1b4,18,"[1, 0, 1, 0, 1, 1, 0, 1]",3,0,0,,0.625,8
7828,9b1aeb90-8861-11f1-86db-b48c9db4e1b4,18,"[1, 0, 1, 0, 1, 1, 0, 1]",4,1,1,,0.625,8
7829,9b1aeb90-8861-11f1-86db-b48c9db4e1b4,18,"[1, 0, 1, 0, 1, 1, 0, 1]",5,1,1,,0.625,8
7830,9b1aeb90-8861-11f1-86db-b48c9db4e1b4,18,"[1, 0, 1, 0, 1, 1, 0, 1]",6,0,0,,0.625,8
7831,9b1aeb90-8861-11f1-86db-b48c9db4e1b4,18,"[1, 0, 1, 0, 1, 1, 0, 1]",7,1,1,,0.625,8
7832,9b1aeb90-8861-11f1-86db-b48c9db4e1b4,19,"[1, 1, 1, 0, 0, 0, 0, 1]",0,1,1,,0.625,8
7833,9b1aeb90-8861-11f1-86db-b48c9db4e1b4,19,"[1, 1, 1, 0, 0, 0, 0, 1]",1,1,1,,0.625,8
7834,9b1aeb90-8861-11f1-86db-b48c9db4e1b4,19,"[1, 1, 1, 0, 0, 0, 0, 1]",2,1,1,,0.625,8
7835,9b1aeb90-8861-11f1-86db-b48c9db4e1b4,19,"[1, 1, 1, 0, 0, 0, 0, 1]",3,0,0,,0.625,8
7836,9b1aeb90-8861-11f1-86db-b48c9db4e1b4,19,"[1, 1, 1, 0, 0, 0, 0, 1]",4,0,0,,0.625,8
7837,9b1aeb90-8861-11f1-86db-b48c9db4e1b4,19,"[1, 1, 1, 0, 0, 0, 0, 1]",5,0,0,,0.625,8
7838,9b1aeb90-8861-11f1-86db-b48c9db4e1b4,19,"[1, 1, 1, 0, 0, 0, 0, 1]",6,0,0,,0.625,8
7839,9b1aeb90-8861-11f1-86db-b48c9db4e1b4,19,"[1, 1, 1, 0, 0, 0, 0, 1]",7,1,1,,0.625,8
7840,9b1ebe43-8861-11f1-b232-b48c9db4e1b4,0,"[1, 1, 0, 0, 1, 0, 0, 1]",0,1,1,,0.625,8
7841,9b1ebe43-8861-11f1-b232-b48c9db4e1b4,0,"[1, 1, 0, 0, 1, 0, 0, 1]",1,1,1,,0.625,8
7842,9b1ebe43-8861-11f1-b232-b48c9db4e1b4,0,"[1, 1, 0, 0, 1, 0, 0, 1]",2,0,0,,0.625,8
7843,9b1ebe43-8861-11f1-b232-b48c9db4e1b4,0,"[1, 1, 0, 0, 1, 0, 0, 1]",3,0,0,,0.625,8
7844,9b1ebe43-8861-11f1-b232-b48c9db4e1b4,0,"[1, 1, 0, 0, 1, 0, 0, 1]",4,1,1,,0.625,8
7845,9b1ebe43-8861-11f1-b232-b48c9db4e1b4,0,"[1, 1, 0, 0, 1, 0, 0, 1]",5,0,0,,0.625,8
7846,9b1ebe43-8861-11f1-b232-b48c9db4e1b4,0,"[1, 1, 0, 0, 1, 0, 0, 1]",6,0,0,,0.625,8
7847,9b1ebe43-8861-11f1-b232-b48c9db4e1b4,0,"[1, 1, 0, 0, 1, 0, 0, 1]",7,1,1,,0.625,8
7848,9b1ebe43-8861-11f1-b232-b48c9db4e1b4,1,"[0, 1, 1, 0, 1, 1, 0, 0]",0,0,0,,0.625,8
7849,9b1ebe43-8861-11f1-b232-b48c9db4e1b4,1,"[0, 1, 1, 0, 1, 1, 0, 0]",1,1,1,,0.625,8
7850,9b1ebe43-8861-11f1-b232-b48c9db4e1b4,1,"[0, 1, 1, 0, 1, 1, 0, 0]",2,1,1,,0.625,8
7851,9b1ebe43-8861-11f1-b232-b48c9db4e1b4,1,"[0, 1, 1, 0, 1, 1, 0, 0]",3,0,0,,0.625,8
7852,9b1ebe43-8861-11f1-b232-b48c9db4e1b4,1,"[0, 1, 1, 0, 1, 1, 0, 0]",4,1,1,,0.625,8
7853,9b1ebe43-8861-11f1-b232-b48c9db4e1b4,1,"[0, 1, 1, 0, 1, 1, 0, 0]",5,1,1,,0.625,8
7854,9b1ebe43-8861-11f1-b232-b48c9db4e1b4,1,"[0, 1, 1, 0, 1, 1, 0, 0]",6,0,0,,0.625,8
7855,9b1ebe43-8861-11f1-b232-b48c9db4e1b4,1,"[0, 1, 1, 0, 1, 1, 0, 0]",7,0,0,,0.625,8
7856,9b1ebe43-8861-11f1-b232-b48c9db4e1b4,2,"[1, 1, 1, 1, 1, 1, 1, 0]",0,1,-1,,0.625,8
7857,9b1ebe43-8861-11f1-b232-b48c9db4e1b4,2,"[1, 1, 1, 1, 1, 1, 1, 0]",1,1,-1,,0.625,8
7858,9b1ebe43-8861-11f1-b232-b48c9db4e1b4,2,"[1, 1, 1, 1, 1, 1, 1, 0]",2,1,-1,,0.625,8
7859,9b1ebe43-8861-11f1-b232-b48c9db4e1b4,2,"[1, 1, 1, 1, 1, 1, 1, 0]",3,1,-1,,0.625,8
7860,9b1ebe43-8861-11f1-b232-b48c9db4e1b4,2,"[1, 1, 1, 1, 1, 1, 1, 0]",4,1,-1,,0.625,8
7861,9b1ebe43-8861-11f1-b232-b48c9db4e1b4,2,"[1, 1, 1, 1, 1, 1, 1, 0]",5,1,-1,,0.625,8
7862,9b1ebe43-8861-11f1-b232-b48c9db4e1b4,2,"[1, 1, 1, 1, 1, 1, 1, 0]",6,1,-1,,0.625,8
7863,9b1ebe43-8861-11f1-b232-b48c9db4e1b4,2,"[1, 1, 1, 1, 1, 1, 1, 0]",7,0,0,,0.625,8
7864,9b1ebe43-8861-11f1-b232-b48c9db4e1b4,3,"[0, 0, 0, 1, 0, 0, 0, 1]",0,0,0,,0.625,8
7865,9b1ebe43-8861-11f1-b232-b48c9db4e1b4,3,"[0, 0, 0, 1, 0, 0, 0, 1]",1,0,0,,0.625,8
7866,9b1ebe43-8861-11f1-b232-b48c9db4e1b4,3,"[0, 0, 0, 1, 0, 0, 0, 1]",2,0,0,,0.625,8
7867,9b1ebe43-8861-11f1-b232-b48c9db4e1b4,3,"[0, 0, 0, 1, 0, 0, 0, 1]",3,1,1,,0.625,8
7868,9b1ebe43-8861-11f1-b232-b48c9db4e1b4,3,"[0, 0, 0, 1, 0, 0, 0, 1]",4,0,0,,0.625,8
7869,9b1ebe43-8861-11f1-b232-b48c9db4e1b4,3,"[0, 0, 0, 1, 0, 0, 0, 1]",5,0,0,,0.625,8
7870,9b1ebe43-8861-11f1-b232-b48c9db4e1b4,3,"[0, 0, 0, 1, 0, 0, 0, 1]",6,0,0,,0.625,8
7871,9b1ebe43-8861-11f1-b232-b48c9db4e1b4,3,"[0, 0, 0, 1, 0, 0, 0, 1]",7,1,1,,0.625,8
7872,9b1ebe43-8861-11f1-b232-b48c9db4e1b4,4,"[0, 0, 0, 0, 1, 1, 0, 0]",0,0,0,,0.625,8
7873,9b1ebe43-8861-11f1-b232-b48c9db4e1b4,4,"[0, 0, 0, 0, 1, 1, 0, 0]",1,0,0,,0.625,8
7874,9b1ebe43-8861-11f1-b232-b48c9db4e1b4,4,"[0, 0, 0, 0, 1, 1, 0, 0]",2,0,0,,0.625,8
7875,9b1ebe43-8861-11f1-b232-b48c9db4e1b4,4,"[0, 0, 0, 0, 1, 1, 0, 0]",3,0,0,,0.625,8
7876,9b1ebe43-8861-11f1-b232-b48c9db4e1b4,4,"[0, 0, 0, 0, 1, 1, 0, 0]",4,1,1,,0.625,8
7877,9b1ebe43-8861-11f1-b232-b48c9db4e1b4,4,"[0, 0, 0, 0, 1, 1, 0, 0]",5,1,1,,0.625,8
7878,9b1ebe43-8861-11f1-b232-b48c9db4e1b4,4,"[0, 0, 0, 0, 1, 1, 0, 0]",6,0,0,,0.625,8
7879,9b1ebe43-8861-11f1-b232-b48c9db4e1b4,4,"[0, 0, 0, 0, 1, 1, 0, 0]",7,0,0,,0.625,8
7880,9b1ebe43-8861-11f1-b232-b48c9db4e1b4,5,"[1, 0, 1, 0, 0, 0, 1, 0]",0,1,1,,0.625,8
7881,9b1ebe43-8861-11f1-b232-b48c9db4e1b4,5,"[1, 0, 1, 0, 0, 0, 1, 0]",1,0,0,,0.625,8
7882,9b1ebe43-8861-11f1-b232-b48c9db4e1b4,5,"[1, 0, 1, 0, 0, 0, 1, 0]",2,1,1,,0.625,8
7883,9b1ebe43-8861-11f1-b232-b48c9db4e1b4,5,"[1, 0, 1, 0, 0, 0, 1, 0]",3,0,0,,0.625,8
7884,9b1ebe43-8861-11f1-b232-b48c9db4e1b4,5,"[1, 0, 1, 0, 0, 0, 1, 0]",4,0,0,,0.625,8
7885,9b1ebe43-8861-11f1-b232-b48c9db4e1b4,5,"[1, 0, 1, 0, 0, 0, 1, 0]",5,0,0,,0.625,8
7886,9b1ebe43-8861-11f1-b232-b48c9db4e1b4,5,"[1, 0, 1, 0, 0, 0, 1, 0]",6,1,1,,0.625,8
7887,9b1ebe43-8861-11f1-b232-b48c9db4e1b4,5,"[1, 0, 1, 0, 0, 0, 1, 0]",7,0,0,,0.625,8
7888,9b1ebe43-8861-11f1-b232-b48c9db4e1b4,6,"[1, 1, 0, 1, 1, 0, 0, 0]",0,1,1,,0.625,8
7889,9b1ebe43-8861-11f1-b232-b48c9db4e1b4,6,"[1, 1, 0, 1, 1, 0, 0, 0]",1,1,1,,0.625,8
7890,9b1ebe43-8861-11f1-b232-b48c9db4e1b4,6,"[1, 1, 0, 1, 1, 0, 0, 0]",2,0,0,,0.625,8
7891,9b1ebe43-8861-11f1-b232-b48c9db4e1b4,6,"[1, 1, 0, 1, 1, 0, 0, 0]",3,1,1,,0.625,8
7892,9b1ebe43-8861-11f1-b232-b48c9db4e1b4,6,"[1, 1, 0, 1, 1, 0, 0, 0]",4,1,1,,0.625,8
7893,9b1ebe43-8861-11f1-b232-b48c9db4e1b4,6,"[1, 1, 0, 1, 1, 0, 0, 0]",5,0,0,,0.625,8
7894,9b1ebe43-8861-11f1-b232-b48c9db4e1b4,6,"[1, 1, 0, 1, 1, 0, 0, 0]",6,0,0,,0.625,8
7895,9b1ebe43-8861-11f1-b232-b48c9db4e1b4,6,"[1, 1, 0, 1, 1, 0, 0, 0]",7,0,0,,0.625,8
7896,9b1ebe43-8861-11f1-b232-b48c9db4e1b4,7,"[0, 1, 1, 1, 1, 1, 1, 1]",0,0,0,,0.625,8
7897,9b1ebe43-8861-11f1-b232-b48c9db4e1b4,7,"[0, 1, 1, 1, 1, 1, 1, 1]",1,1,-1,,0.625,8
7898,9b1ebe43-8861-11f1-b232-b48c9db4e1b4,7,"[0, 1, 1, 1, 1, 1, 1, 1]",2,1,-1,,0.625,8
7899,9b1ebe43-8861-11f1-b232-b48c9db4e1b4,7,"[0, 1, 1, 1, 1, 1, 1, 1]",3,1,-1,,0.625,8
7900,9b1ebe43-8861-11f1-b232-b48c9db4e1b4,7,"[0, 1, 1, 1, 1, 1, 1, 1]",4,1,-1,,0.625,8
7901,9b1ebe43-8861-11f1-b232-b48c9db4e1b4,7,"[0, 1, 1, 1, 1, 1, 1, 1]",5,1,-1,,0.625,8
7902,9b1ebe43-8861-11f1-b232-b48c9db4e1b4,7,"[0, 1, 1, 1, 1, 1, 1, 1]",6,1,-1,,0.625,8
7903,9b1ebe43-8861-11f1-b232-b48c9db4e1b4,7,"[0, 1, 1, 1, 1, 1, 1, 1]",7,1,-1,,0.625,8
7904,9b1ebe43-8861-11f1-b232-b48c9db4e1b4,8,"[0, 1, 1, 1, 1, 1, 0, 1]",0,0,0,,0.625,8
7905,9b1ebe43-8861-11f1-b232-b48c9db4e1b4,8,"[0, 1, 1, 1, 1, 1, 0, 1]",1,1,-1,,0.625,8
7906,9b1ebe43-8861-11f1-b232-b48c9db4e1b4,8,"[0, 1, 1, 1, 1, 1, 0, 1]",2,1,-1,,0.625,8
7907,9b1ebe43-8861-11f1-b232-b48c9db4e1b4,8,"[0, 1, 1, 1, 1, 1, 0, 1]",3,1,-1,,0.625,8
7908,9b1ebe43-8861-11f1-b232-b48c9db4e1b4,8,"[0, 1, 1, 1, 1, 1, 0, 1]",4,1,-1,,0.625,8
7909,9b1ebe43-8861-11f1-b232-b48c9db4e1b4,8,"[0, 1, 1, 1, 1, 1, 0, 1]",5,1,-1,,0.625,8
7910,9b1ebe43-8861-11f1-b232-b48c9db4e1b4,8,"[0, 1, 1, 1, 1, 1, 0, 1]",6,0,0,,0.625,8
7911,9b1ebe43-8861-11f1-b232-b48c9db4e1b4,8,"[0, 1, 1, 1, 1, 1, 0, 1]",7,1,-1,,0.625,8
7912,9b1ebe43-8861-11f1-b232-b48c9db4e1b4,9,"[1, 1, 1, 0, 0, 1, 0, 1]",0,1,1,,0.625,8
7913,9b1ebe43-8861-11f1-b232-b48c9db4e1b4,9,"[1, 1, 1, 0, 0, 1, 0, 1]",1,1,1,,0.625,8
7914,9b1ebe43-8861-11f1-b232-b48c9db4e1b4,9,"[1, 1, 1, 0, 0, 1, 0, 1]",2,1,1,,0.625,8
7915,9b1ebe43-8861-11f1-b232-b48c9db4e1b4,9,"[1, 1, 1, 0, 0, 1, 0, 1]",3,0,0,,0.625,8
7916,9b1ebe43-8861-11f1-b232-b48c9db4e1b4,9,"[1, 1, 1, 0, 0, 1, 0, 1]",4,0,0,,0.625,8
7917,9b1ebe43-8861-11f1-b232-b48c9db4e1b4,9,"[1, 1, 1, 0, 0, 1, 0, 1]",5,1,1,,0.625,8
7918,9b1ebe43-8861-11f1-b232-b48c9db4e1b4,9,"[1, 1, 1, 0, 0, 1, 0, 1]",6,0,0,,0.625,8
7919,9b1ebe43-8861-11f1-b232-b48c9db4e1b4,9,"[1, 1, 1, 0, 0, 1, 0, 1]",7,1,1,,0.625,8
7920,9b1ebe43-8861-11f1-b232-b48c9db4e1b4,10,"[0, 0, 0, 1, 1, 0, 0, 0]",0,0,0,,0.625,8
7921,9b1ebe43-8861-11f1-b232-b48c9db4e1b4,10,"[0, 0, 0, 1, 1, 0, 0, 0]",1,0,0,,0.625,8
7922,9b1ebe43-8861-11f1-b232-b48c9db4e1b4,10,"[0, 0, 0, 1, 1, 0, 0, 0]",2,0,0,,0.625,8
7923,9b1ebe43-8861-11f1-b232-b48c9db4e1b4,10,"[0, 0, 0, 1, 1, 0, 0, 0]",3,1,1,,0.625,8
7924,9b1ebe43-8861-11f1-b232-b48c9db4e1b4,10,"[0, 0, 0, 1, 1, 0, 0, 0]",4,1,1,,0.625,8
7925,9b1ebe43-8861-11f1-b232-b48c9db4e1b4,10,"[0, 0, 0, 1, 1, 0, 0, 0]",5,0,0,,0.625,8
7926,9b1ebe43-8861-11f1-b232-b48c9db4e1b4,10,"[0, 0, 0, 1, 1, 0, 0, 0]",6,0,0,,0.625,8
7927,9b1ebe43-8861-11f1-b232-b48c9db4e1b4,10,"[0, 0, 0, 1, 1, 0, 0, 0]",7,0,0,,0.625,8
7928,9b1ebe43-8861-11f1-b232-b48c9db4e1b4,11,"[0, 0, 1, 0, 0, 0, 1, 0]",0,0,0,,0.625,8
7929,9b1ebe43-8861-11f1-b232-b48c9db4e1b4,11,"[0, 0, 1, 0, 0, 0, 1, 0]",1,0,0,,0.625,8
7930,9b1ebe43-8861-11f1-b232-b48c9db4e1b4,11,"[0, 0, 1, 0, 0, 0, 1, 0]",2,1,1,,0.625,8
7931,9b1ebe43-8861-11f1-b232-b48c9db4e1b4,11,"[0, 0, 1, 0, 0, 0, 1, 0]",3,0,0,,0.625,8
7932,9b1ebe43-8861-11f1-b232-b48c9db4e1b4,11,"[0, 0, 1, 0, 0, 0, 1, 0]",4,0,0,,0.625,8
7933,9b1ebe43-8861-11f1-b232-b48c9db4e1b4,11,"[0, 0, 1, 0, 0, 0, 1, 0]",5,0,0,,0.625,8
7934,9b1ebe43-8861-11f1-b232-b48c9db4e1b4,11,"[0, 0, 1, 0, 0, 0, 1, 0]",6,1,1,,0.625,8
7935,9b1ebe43-8861-11f1-b232-b48c9db4e1b4,11,"[0, 0, 1, 0, 0, 0, 1, 0]",7,0,0,,0.625,8
7936,9b1ebe43-8861-11f1-b232-b48c9db4e1b4,12,"[0, 1, 1, 1, 1, 0, 1, 0]",0,0,0,,0.625,8
7937,9b1ebe43-8861-11f1-b232-b48c9db4e1b4,12,"[0, 1, 1, 1, 1, 0, 1, 0]",1,1,1,,0.625,8
7938,9b1ebe43-8861-11f1-b232-b48c9db4e1b4,12,"[0, 1, 1, 1, 1, 0, 1, 0]",2,1,1,,0.625,8
7939,9b1ebe43-8861-11f1-b232-b48c9db4e1b4,12,"[0, 1, 1, 1, 1, 0, 1, 0]",3,1,1,,0.625,8
7940,9b1ebe43-8861-11f1-b232-b48c9db4e1b4,12,"[0, 1, 1, 1, 1, 0, 1, 0]",4,1,1,,0.625,8
7941,9b1ebe43-8861-11f1-b232-b48c9db4e1b4,12,"[0, 1, 1, 1, 1, 0, 1, 0]",5,0,0,,0.625,8
7942,9b1ebe43-8861-11f1-b232-b48c9db4e1b4,12,"[0, 1, 1, 1, 1, 0, 1, 0]",6,1,1,,0.625,8
7943,9b1ebe43-8861-11f1-b232-b48c9db4e1b4,12,"[0, 1, 1, 1, 1, 0, 1, 0]",7,0,0,,0.625,8
7944,9b1ebe43-8861-11f1-b232-b48c9db4e1b4,13,"[1, 0, 1, 1, 1, 1, 0, 1]",0,1,-1,,0.625,8
7945,9b1ebe43-8861-11f1-b232-b48c9db4e1b4,13,"[1, 0, 1, 1, 1, 1, 0, 1]",1,0,0,,0.625,8
7946,9b1ebe43-8861-11f1-b232-b48c9db4e1b4,13,"[1, 0, 1, 1, 1, 1, 0, 1]",2,1,-1,,0.625,8
7947,9b1ebe43-8861-11f1-b232-b48c9db4e1b4,13,"[1, 0, 1, 1, 1, 1, 0, 1]",3,1,-1,,0.625,8
7948,9b1ebe43-8861-11f1-b232-b48c9db4e1b4,13,"[1, 0, 1, 1, 1, 1, 0, 1]",4,1,-1,,0.625,8
7949,9b1ebe43-8861-11f1-b232-b48c9db4e1b4,13,"[1, 0, 1, 1, 1, 1, 0, 1]",5,1,-1,,0.625,8
7950,9b1ebe43-8861-11f1-b232-b48c9db4e1b4,13,"[1, 0, 1, 1, 1, 1, 0, 1]",6,0,0,,0.625,8
7951,9b1ebe43-8861-11f1-b232-b48c9db4e1b4,13,"[1, 0, 1, 1, 1, 1, 0, 1]",7,1,-1,,0.625,8
7952,9b1ebe43-8861-11f1-b232-b48c9db4e1b4,14,"[1, 1, 1, 1, 0, 0, 1, 1]",0,1,-1,,0.625,8
7953,9b1ebe43-8861-11f1-b232-b48c9db4e1b4,14,"[1, 1, 1, 1, 0, 0, 1, 1]",1,1,-1,,0.625,8
7954,9b1ebe43-8861-11f1-b232-b48c9db4e1b4,14,"[1, 1, 1, 1, 0, 0, 1, 1]",2,1,-1,,0.625,8
7955,9b1ebe43-8861-11f1-b232-b48c9db4e1b4,14,"[1, 1, 1, 1, 0, 0, 1, 1]",3,1,-1,,0.625,8
7956,9b1ebe43-8861-11f1-b232-b48c9db4e1b4,14,"[1, 1, 1, 1, 0, 0, 1, 1]",4,0,0,,0.625,8
7957,9b1ebe43-8861-11f1-b232-b48c9db4e1b4,14,"[1, 1, 1, 1, 0, 0, 1, 1]",5,0,0,,0.625,8
7958,9b1ebe43-8861-11f1-b232-b48c9db4e1b4,14,"[1, 1, 1, 1, 0, 0, 1, 1]",6,1,-1,,0.625,8
7959,9b1ebe43-8861-11f1-b232-b48c9db4e1b4,14,"[1, 1, 1, 1, 0, 0, 1, 1]",7,1,-1,,0.625,8
7960,9b1ebe43-8861-11f1-b232-b48c9db4e1b4,15,"[0, 1, 1, 0, 0, 1, 0, 1]",0,0,0,,0.625,8
7961,9b1ebe43-8861-11f1-b232-b48c9db4e1b4,15,"[0, 1, 1, 0, 0, 1, 0, 1]",1,1,1,,0.625,8
7962,9b1ebe43-8861-11f1-b232-b48c9db4e1b4,15,"[0, 1, 1, 0, 0, 1, 0, 1]",2,1,1,,0.625,8
7963,9b1ebe43-8861-11f1-b232-b48c9db4e1b4,15,"[0, 1, 1, 0, 0, 1, 0, 1]",3,0,0,,0.625,8
7964,9b1ebe43-8861-11f1-b232-b48c9db4e1b4,15,"[0, 1, 1, 0, 0, 1, 0, 1]",4,0,0,,0.625,8
7965,9b1ebe43-8861-11f1-b232-b48c9db4e1b4,15,"[0, 1, 1, 0, 0, 1, 0, 1]",5,1,1,,0.625,8
7966,9b1ebe43-8861-11f1-b232-b48c9db4e1b4,15,"[0, 1, 1, 0, 0, 1, 0, 1]",6,0,0,,0.625,8
7967,9b1ebe43-8861-11f1-b232-b48c9db4e1b4,15,"[0, 1, 1, 0, 0, 1, 0, 1]",7,1,1,,0.625,8
7968,9b1ebe43-8861-11f1-b232-b48c9db4e1b4,16,"[0, 0, 1, 1, 0, 0, 0, 1]",0,0,0,,0.625,8
7969,9b1ebe43-8861-11f1-b232-b48c9db4e1b4,16,"[0, 0, 1, 1, 0, 0, 0, 1]",1,0,0,,0.625,8
7970,9b1ebe43-8861-11f1-b232-b48c9db4e1b4,16,"[0, 0, 1, 1, 0, 0, 0, 1]",2,1,1,,0.625,8
7971,9b1ebe43-8861-11f1-b232-b48c9db4e1b4,16,"[0, 0, 1, 1, 0, 0, 0, 1]",3,1,1,,0.625,8
7972,9b1ebe43-8861-11f1-b232-b48c9db4e1b4,16,"[0, 0, 1, 1, 0, 0, 0, 1]",4,0,0,,0.625,8
7973,9b1ebe43-8861-11f1-b232-b48c9db4e1b4,16,"[0, 0, 1, 1, 0, 0, 0, 1]",5,0,0,,0.625,8
7974,9b1ebe43-8861-11f1-b232-b48c9db4e1b4,16,"[0, 0, 1, 1, 0, 0, 0, 1]",6,0,0,,0.625,8
7975,9b1ebe43-8861-11f1-b232-b48c9db4e1b4,16,"[0, 0, 1, 1, 0, 0, 0, 1]",7,1,1,,0.625,8
7976,9b1ebe43-8861-11f1-b232-b48c9db4e1b4,17,"[1, 0, 0, 1, 0, 1, 1, 0]",0,1,1,,0.625,8
7977,9b1ebe43-8861-11f1-b232-b48c9db4e1b4,17,"[1, 0, 0, 1, 0, 1, 1, 0]",1,0,0,,0.625,8
7978,9b1ebe43-8861-11f1-b232-b48c9db4e1b4,17,"[1, 0, 0, 1, 0, 1, 1, 0]",2,0,0,,0.625,8
7979,9b1ebe43-8861-11f1-b232-b48c9db4e1b4,17,"[1, 0, 0, 1, 0, 1, 1, 0]",3,1,1,,0.625,8
7980,9b1ebe43-8861-11f1-b232-b48c9db4e1b4,17,"[1, 0, 0, 1, 0, 1, 1, 0]",4,0,0,,0.625,8
7981,9b1ebe43-8861-11f1-b232-b48c9db4e1b4,17,"[1, 0, 0, 1, 0, 1, 1, 0]",5,1,1,,0.625,8
7982,9b1ebe43-8861-11f1-b232-b48c9db4e1b4,17,"[1, 0, 0, 1, 0, 1, 1, 0]",6,1,1,,0.625,8
7983,9b1ebe43-8861-11f1-b232-b48c9db4e1b4,17,"[1, 0, 0, 1, 0, 1, 1, 0]",7,0,0,,0.625,8
7984,9b1ebe43-8861-11f1-b232-b48c9db4e1b4,18,"[0, 1, 0, 0, 0, 0, 0, 0]",0,0,0,,0.625,8
7985,9b1ebe43-8861-11f1-b232-b48c9db4e1b4,18,"[0, 1, 0, 0, 0, 0, 0, 0]",1,1,1,,0.625,8
7986,9b1ebe43-8861-11f1-b232-b48c9db4e1b4,18,"[0, 1, 0, 0, 0, 0, 0, 0]",2,0,0,,0.625,8
7987,9b1ebe43-8861-11f1-b232-b48c9db4e1b4,18,"[0, 1, 0, 0, 0, 0, 0, 0]",3,0,0,,0.625,8
7988,9b1ebe43-8861-11f1-b232-b48c9db4e1b4,18,"[0, 1, 0, 0, 0, 0, 0, 0]",4,0,0,,0.625,8
7989,9b1ebe43-8861-11f1-b232-b48c9db4e1b4,18,"[0, 1, 0, 0, 0, 0, 0, 0]",5,0,0,,0.625,8
7990,9b1ebe43-8861-11f1-b232-b48c9db4e1b4,18,"[0, 1, 0, 0, 0, 0, 0, 0]",6,0,0,,0.625,8
7991,9b1ebe43-8861-11f1-b232-b48c9db4e1b4,18,"[0, 1, 0, 0, 0, 0, 0, 0]",7,0,0,,0.625,8
7992,9b1ebe43-8861-11f1-b232-b48c9db4e1b4,19,"[1, 0, 0, 0, 1, 1, 1, 1]",0,1,1,,0.625,8
7993,9b1ebe43-8861-11f1-b232-b48c9db4e1b4,19,"[1, 0, 0, 0, 1, 1, 1, 1]",1,0,0,,0.625,8
7994,9b1ebe43-8861-11f1-b232-b48c9db4e1b4,19,"[1, 0, 0, 0, 1, 1, 1, 1]",2,0,0,,0.625,8
7995,9b1ebe43-8861-11f1-b232-b48c9db4e1b4,19,"[1, 0, 0, 0, 1, 1, 1, 1]",3,0,0,,0.625,8
7996,9b1ebe43-8861-11f1-b232-b48c9db4e1b4,19,"[1, 0, 0, 0, 1, 1, 1, 1]",4,1,1,,0.625,8
7997,9b1ebe43-8861-11f1-b232-b48c9db4e1b4,19,"[1, 0, 0, 0, 1, 1, 1, 1]",5,1,1,,0.625,8
7998,9b1ebe43-8861-11f1-b232-b48c9db4e1b4,19,"[1, 0, 0, 0, 1, 1, 1, 1]",6,1,1,,0.625,8
7999,9b1ebe43-8861-11f1-b232-b48c9db4e1b4,19,"[1, 0, 0, 0, 1, 1, 1, 1]",7,1,1,,0.625,8
