,id_sim,round,attendance,id_player,decision,score,model,threshold,num_agents
0,99df71af-8861-11f1-a5ed-b48c9db4e1b4,0,"[0, 1, 1, 0, 0, 1, 1, 0]",0,0,0,,0.375,8
1,99df71af-8861-11f1-a5ed-b48c9db4e1b4,0,"[0, 1, 1, 0, 0, 1, 1, 0]",1,1,-1,,0.375,8
2,99df71af-8861-11f1-a5ed-b48c9db4e1b4,0,"[0, 1, 1, 0, 0, 1, 1, 0]",2,1,-1,,0.375,8
3,99df71af-8861-11f1-a5ed-b48c9db4e1b4,0,"[0, 1, 1, 0, 0, 1, 1, 0]",3,0,0,,0.375,8
4,99df71af-8861-11f1-a5ed-b48c9db4e1b4,0,"[0, 1, 1, 0, 0, 1, 1, 0]",4,0,0,,0.375,8
5,99df71af-8861-11f1-a5ed-b48c9db4e1b4,0,"[0, 1, 1, 0, 0, 1, 1, 0]",5,1,-1,,0.375,8
6,99df71af-8861-11f1-a5ed-b48c9db4e1b4,0,"[0, 1, 1, 0, 0, 1, 1, 0]",6,1,-1,,0.375,8
7,99df71af-8861-11f1-a5ed-b48c9db4e1b4,0,"[0, 1, 1, 0, 0, 1, 1, 0]",7,0,0,,0.375,8
8,99df71af-8861-11f1-a5ed-b48c9db4e1b4,1,"[1, 1, 0, 0, 0, 1, 0, 0]",0,1,1,,0.375,8
9,99df71af-8861-11f1-a5ed-b48c9db4e1b4,1,"[1, 1, 0, 0, 0, 1, 0, 0]",1,1,1,,0.375,8
10,99df71af-8861-11f1-a5ed-b48c9db4e1b4,1,"[1, 1, 0, 0, 0, 1, 0, 0]",2,0,0,,0.375,8
11,99df71af-8861-11f1-a5ed-b48c9db4e1b4,1,"[1, 1, 0, 0, 0, 1, 0, 0]",3,0,0,,0.375,8
12,99df71af-8861-11f1-a5ed-b48c9db4e1b4,1,"[1, 1, 0, 0, 0, 1, 0, 0]",4,0,0,,0.375,8
13,99df71af-8861-11f1-a5ed-b48c9db4e1b4,1,"[1, 1, 0, 0, 0, 1, 0, 0]",5,1,1,,0.375,8
14,99df71af-8861-11f1-a5ed-b48c9db4e1b4,1,"[1, 1, 0, 0, 0, 1, 0, 0]",6,0,0,,0.375,8
15,99df71af-8861-11f1-a5ed-b48c9db4e1b4,1,"[1, 1, 0, 0, 0, 1, 0, 0]",7,0,0,,0.375,8
16,99df71af-8861-11f1-a5ed-b48c9db4e1b4,2,"[0, 1, 1, 1, 1, 0, 0, 1]",0,0,0,,0.375,8
17,99df71af-8861-11f1-a5ed-b48c9db4e1b4,2,"[0, 1, 1, 1, 1, 0, 0, 1]",1,1,-1,,0.375,8
18,99df71af-8861-11f1-a5ed-b48c9db4e1b4,2,"[0, 1, 1, 1, 1, 0, 0, 1]",2,1,-1,,0.375,8
19,99df71af-8861-11f1-a5ed-b48c9db4e1b4,2,"[0, 1, 1, 1, 1, 0, 0, 1]",3,1,-1,,0.375,8
20,99df71af-8861-11f1-a5ed-b48c9db4e1b4,2,"[0, 1, 1, 1, 1, 0, 0, 1]",4,1,-1,,0.375,8
21,99df71af-8861-11f1-a5ed-b48c9db4e1b4,2,"[0, 1, 1, 1, 1, 0, 0, 1]",5,0,0,,0.375,8
22,99df71af-8861-11f1-a5ed-b48c9db4e1b4,2,"[0, 1, 1, 1, 1, 0, 0, 1]",6,0,0,,0.375,8
23,99df71af-8861-11f1-a5ed-b48c9db4e1b4,2,"[0, 1, 1, 1, 1, 0, 0, 1]",7,1,-1,,0.375,8
24,99df71af-8861-11f1-a5ed-b48c9db4e1b4,3,"[0, 0, 0, 0, 0, 1, 1, 0]",0,0,0,,0.375,8
25,99df71af-8861-11f1-a5ed-b48c9db4e1b4,3,"[0, 0, 0, 0, 0, 1, 1, 0]",1,0,0,,0.375,8
26,99df71af-8861-11f1-a5ed-b48c9db4e1b4,3,"[0, 0, 0, 0, 0, 1, 1, 0]",2,0,0,,0.375,8
27,99df71af-8861-11f1-a5ed-b48c9db4e1b4,3,"[0, 0, 0, 0, 0, 1, 1, 0]",3,0,0,,0.375,8
28,99df71af-8861-11f1-a5ed-b48c9db4e1b4,3,"[0, 0, 0, 0, 0, 1, 1, 0]",4,0,0,,0.375,8
29,99df71af-8861-11f1-a5ed-b48c9db4e1b4,3,"[0, 0, 0, 0, 0, 1, 1, 0]",5,1,1,,0.375,8
30,99df71af-8861-11f1-a5ed-b48c9db4e1b4,3,"[0, 0, 0, 0, 0, 1, 1, 0]",6,1,1,,0.375,8
31,99df71af-8861-11f1-a5ed-b48c9db4e1b4,3,"[0, 0, 0, 0, 0, 1, 1, 0]",7,0,0,,0.375,8
32,99df71af-8861-11f1-a5ed-b48c9db4e1b4,4,"[1, 0, 0, 1, 0, 1, 0, 0]",0,1,1,,0.375,8
33,99df71af-8861-11f1-a5ed-b48c9db4e1b4,4,"[1, 0, 0, 1, 0, 1, 0, 0]",1,0,0,,0.375,8
34,99df71af-8861-11f1-a5ed-b48c9db4e1b4,4,"[1, 0, 0, 1, 0, 1, 0, 0]",2,0,0,,0.375,8
35,99df71af-8861-11f1-a5ed-b48c9db4e1b4,4,"[1, 0, 0, 1, 0, 1, 0, 0]",3,1,1,,0.375,8
36,99df71af-8861-11f1-a5ed-b48c9db4e1b4,4,"[1, 0, 0, 1, 0, 1, 0, 0]",4,0,0,,0.375,8
37,99df71af-8861-11f1-a5ed-b48c9db4e1b4,4,"[1, 0, 0, 1, 0, 1, 0, 0]",5,1,1,,0.375,8
38,99df71af-8861-11f1-a5ed-b48c9db4e1b4,4,"[1, 0, 0, 1, 0, 1, 0, 0]",6,0,0,,0.375,8
39,99df71af-8861-11f1-a5ed-b48c9db4e1b4,4,"[1, 0, 0, 1, 0, 1, 0, 0]",7,0,0,,0.375,8
40,99df71af-8861-11f1-a5ed-b48c9db4e1b4,5,"[0, 1, 1, 1, 1, 0, 0, 0]",0,0,0,,0.375,8
41,99df71af-8861-11f1-a5ed-b48c9db4e1b4,5,"[0, 1, 1, 1, 1, 0, 0, 0]",1,1,-1,,0.375,8
42,99df71af-8861-11f1-a5ed-b48c9db4e1b4,5,"[0, 1, 1, 1, 1, 0, 0, 0]",2,1,-1,,0.375,8
43,99df71af-8861-11f1-a5ed-b48c9db4e1b4,5,"[0, 1, 1, 1, 1, 0, 0, 0]",3,1,-1,,0.375,8
44,99df71af-8861-11f1-a5ed-b48c9db4e1b4,5,"[0, 1, 1, 1, 1, 0, 0, 0]",4,1,-1,,0.375,8
45,99df71af-8861-11f1-a5ed-b48c9db4e1b4,5,"[0, 1, 1, 1, 1, 0, 0, 0]",5,0,0,,0.375,8
46,99df71af-8861-11f1-a5ed-b48c9db4e1b4,5,"[0, 1, 1, 1, 1, 0, 0, 0]",6,0,0,,0.375,8
47,99df71af-8861-11f1-a5ed-b48c9db4e1b4,5,"[0, 1, 1, 1, 1, 0, 0, 0]",7,0,0,,0.375,8
48,99df71af-8861-11f1-a5ed-b48c9db4e1b4,6,"[1, 0, 0, 0, 1, 0, 1, 1]",0,1,-1,,0.375,8
49,99df71af-8861-11f1-a5ed-b48c9db4e1b4,6,"[1, 0, 0, 0, 1, 0, 1, 1]",1,0,0,,0.375,8
50,99df71af-8861-11f1-a5ed-b48c9db4e1b4,6,"[1, 0, 0, 0, 1, 0, 1, 1]",2,0,0,,0.375,8
51,99df71af-8861-11f1-a5ed-b48c9db4e1b4,6,"[1, 0, 0, 0, 1, 0, 1, 1]",3,0,0,,0.375,8
52,99df71af-8861-11f1-a5ed-b48c9db4e1b4,6,"[1, 0, 0, 0, 1, 0, 1, 1]",4,1,-1,,0.375,8
53,99df71af-8861-11f1-a5ed-b48c9db4e1b4,6,"[1, 0, 0, 0, 1, 0, 1, 1]",5,0,0,,0.375,8
54,99df71af-8861-11f1-a5ed-b48c9db4e1b4,6,"[1, 0, 0, 0, 1, 0, 1, 1]",6,1,-1,,0.375,8
55,99df71af-8861-11f1-a5ed-b48c9db4e1b4,6,"[1, 0, 0, 0, 1, 0, 1, 1]",7,1,-1,,0.375,8
56,99df71af-8861-11f1-a5ed-b48c9db4e1b4,7,"[0, 0, 1, 1, 1, 0, 1, 1]",0,0,0,,0.375,8
57,99df71af-8861-11f1-a5ed-b48c9db4e1b4,7,"[0, 0, 1, 1, 1, 0, 1, 1]",1,0,0,,0.375,8
58,99df71af-8861-11f1-a5ed-b48c9db4e1b4,7,"[0, 0, 1, 1, 1, 0, 1, 1]",2,1,-1,,0.375,8
59,99df71af-8861-11f1-a5ed-b48c9db4e1b4,7,"[0, 0, 1, 1, 1, 0, 1, 1]",3,1,-1,,0.375,8
60,99df71af-8861-11f1-a5ed-b48c9db4e1b4,7,"[0, 0, 1, 1, 1, 0, 1, 1]",4,1,-1,,0.375,8
61,99df71af-8861-11f1-a5ed-b48c9db4e1b4,7,"[0, 0, 1, 1, 1, 0, 1, 1]",5,0,0,,0.375,8
62,99df71af-8861-11f1-a5ed-b48c9db4e1b4,7,"[0, 0, 1, 1, 1, 0, 1, 1]",6,1,-1,,0.375,8
63,99df71af-8861-11f1-a5ed-b48c9db4e1b4,7,"[0, 0, 1, 1, 1, 0, 1, 1]",7,1,-1,,0.375,8
64,99df71af-8861-11f1-a5ed-b48c9db4e1b4,8,"[1, 1, 0, 1, 0, 0, 0, 1]",0,1,-1,,0.375,8
65,99df71af-8861-11f1-a5ed-b48c9db4e1b4,8,"[1, 1, 0, 1, 0, 0, 0, 1]",1,1,-1,,0.375,8
66,99df71af-8861-11f1-a5ed-b48c9db4e1b4,8,"[1, 1, 0, 1, 0, 0, 0, 1]",2,0,0,,0.375,8
67,99df71af-8861-11f1-a5ed-b48c9db4e1b4,8,"[1, 1, 0, 1, 0, 0, 0, 1]",3,1,-1,,0.375,8
68,99df71af-8861-11f1-a5ed-b48c9db4e1b4,8,"[1, 1, 0, 1, 0, 0, 0, 1]",4,0,0,,0.375,8
69,99df71af-8861-11f1-a5ed-b48c9db4e1b4,8,"[1, 1, 0, 1, 0, 0, 0, 1]",5,0,0,,0.375,8
70,99df71af-8861-11f1-a5ed-b48c9db4e1b4,8,"[1, 1, 0, 1, 0, 0, 0, 1]",6,0,0,,0.375,8
71,99df71af-8861-11f1-a5ed-b48c9db4e1b4,8,"[1, 1, 0, 1, 0, 0, 0, 1]",7,1,-1,,0.375,8
72,99df71af-8861-11f1-a5ed-b48c9db4e1b4,9,"[0, 1, 1, 0, 1, 1, 1, 0]",0,0,0,,0.375,8
73,99df71af-8861-11f1-a5ed-b48c9db4e1b4,9,"[0, 1, 1, 0, 1, 1, 1, 0]",1,1,-1,,0.375,8
74,99df71af-8861-11f1-a5ed-b48c9db4e1b4,9,"[0, 1, 1, 0, 1, 1, 1, 0]",2,1,-1,,0.375,8
75,99df71af-8861-11f1-a5ed-b48c9db4e1b4,9,"[0, 1, 1, 0, 1, 1, 1, 0]",3,0,0,,0.375,8
76,99df71af-8861-11f1-a5ed-b48c9db4e1b4,9,"[0, 1, 1, 0, 1, 1, 1, 0]",4,1,-1,,0.375,8
77,99df71af-8861-11f1-a5ed-b48c9db4e1b4,9,"[0, 1, 1, 0, 1, 1, 1, 0]",5,1,-1,,0.375,8
78,99df71af-8861-11f1-a5ed-b48c9db4e1b4,9,"[0, 1, 1, 0, 1, 1, 1, 0]",6,1,-1,,0.375,8
79,99df71af-8861-11f1-a5ed-b48c9db4e1b4,9,"[0, 1, 1, 0, 1, 1, 1, 0]",7,0,0,,0.375,8
80,99df71af-8861-11f1-a5ed-b48c9db4e1b4,10,"[1, 1, 0, 1, 1, 0, 0, 1]",0,1,-1,,0.375,8
81,99df71af-8861-11f1-a5ed-b48c9db4e1b4,10,"[1, 1, 0, 1, 1, 0, 0, 1]",1,1,-1,,0.375,8
82,99df71af-8861-11f1-a5ed-b48c9db4e1b4,10,"[1, 1, 0, 1, 1, 0, 0, 1]",2,0,0,,0.375,8
83,99df71af-8861-11f1-a5ed-b48c9db4e1b4,10,"[1, 1, 0, 1, 1, 0, 0, 1]",3,1,-1,,0.375,8
84,99df71af-8861-11f1-a5ed-b48c9db4e1b4,10,"[1, 1, 0, 1, 1, 0, 0, 1]",4,1,-1,,0.375,8
85,99df71af-8861-11f1-a5ed-b48c9db4e1b4,10,"[1, 1, 0, 1, 1, 0, 0, 1]",5,0,0,,0.375,8
86,99df71af-8861-11f1-a5ed-b48c9db4e1b4,10,"[1, 1, 0, 1, 1, 0, 0, 1]",6,0,0,,0.375,8
87,99df71af-8861-11f1-a5ed-b48c9db4e1b4,10,"[1, 1, 0, 1, 1, 0, 0, 1]",7,1,-1,,0.375,8
88,99df71af-8861-11f1-a5ed-b48c9db4e1b4,11,"[0, 0, 1, 0, 0, 0, 0, 0]",0,0,0,,0.375,8
89,99df71af-8861-11f1-a5ed-b48c9db4e1b4,11,"[0, 0, 1, 0, 0, 0, 0, 0]",1,0,0,,0.375,8
90,99df71af-8861-11f1-a5ed-b48c9db4e1b4,11,"[0, 0, 1, 0, 0, 0, 0, 0]",2,1,1,,0.375,8
91,99df71af-8861-11f1-a5ed-b48c9db4e1b4,11,"[0, 0, 1, 0, 0, 0, 0, 0]",3,0,0,,0.375,8
92,99df71af-8861-11f1-a5ed-b48c9db4e1b4,11,"[0, 0, 1, 0, 0, 0, 0, 0]",4,0,0,,0.375,8
93,99df71af-8861-11f1-a5ed-b48c9db4e1b4,11,"[0, 0, 1, 0, 0, 0, 0, 0]",5,0,0,,0.375,8
94,99df71af-8861-11f1-a5ed-b48c9db4e1b4,11,"[0, 0, 1, 0, 0, 0, 0, 0]",6,0,0,,0.375,8
95,99df71af-8861-11f1-a5ed-b48c9db4e1b4,11,"[0, 0, 1, 0, 0, 0, 0, 0]",7,0,0,,0.375,8
96,99df71af-8861-11f1-a5ed-b48c9db4e1b4,12,"[1, 1, 1, 0, 0, 1, 1, 0]",0,1,-1,,0.375,8
97,99df71af-8861-11f1-a5ed-b48c9db4e1b4,12,"[1, 1, 1, 0, 0, 1, 1, 0]",1,1,-1,,0.375,8
98,99df71af-8861-11f1-a5ed-b48c9db4e1b4,12,"[1, 1, 1, 0, 0, 1, 1, 0]",2,1,-1,,0.375,8
99,99df71af-8861-11f1-a5ed-b48c9db4e1b4,12,"[1, 1, 1, 0, 0, 1, 1, 0]",3,0,0,,0.375,8
100,99df71af-8861-11f1-a5ed-b48c9db4e1b4,12,"[1, 1, 1, 0, 0, 1, 1, 0]",4,0,0,,0.375,8
101,99df71af-8861-11f1-a5ed-b48c9db4e1b4,12,"[1, 1, 1, 0, 0, 1, 1, 0]",5,1,-1,,0.375,8
102,99df71af-8861-11f1-a5ed-b48c9db4e1b4,12,"[1, 1, 1, 0, 0, 1, 1, 0]",6,1,-1,,0.375,8
103,99df71af-8861-11f1-a5ed-b48c9db4e1b4,12,"[1, 1, 1, 0, 0, 1, 1, 0]",7,0,0,,0.375,8
104,99df71af-8861-11f1-a5ed-b48c9db4e1b4,13,"[0, 0, 0, 1, 1, 1, 0, 0]",0,0,0,,0.375,8
105,99df71af-8861-11f1-a5ed-b48c9db4e1b4,13,"[0, 0, 0, 1, 1, 1, 0, 0]",1,0,0,,0.375,8
106,99df71af-8861-11f1-a5ed-b48c9db4e1b4,13,"[0, 0, 0, 1, 1, 1, 0, 0]",2,0,0,,0.375,8
107,99df71af-8861-11f1-a5ed-b48c9db4e1b4,13,"[0, 0, 0, 1, 1, 1, 0, 0]",3,1,1,,0.375,8
108,99df71af-8861-11f1-a5ed-b48c9db4e1b4,13,"[0, 0, 0, 1, 1, 1, 0, 0]",4,1,1,,0.375,8
109,99df71af-8861-11f1-a5ed-b48c9db4e1b4,13,"[0, 0, 0, 1, 1, 1, 0, 0]",5,1,1,,0.375,8
110,99df71af-8861-11f1-a5ed-b48c9db4e1b4,13,"[0, 0, 0, 1, 1, 1, 0, 0]",6,0,0,,0.375,8
111,99df71af-8861-11f1-a5ed-b48c9db4e1b4,13,"[0, 0, 0, 1, 1, 1, 0, 0]",7,0,0,,0.375,8
112,99df71af-8861-11f1-a5ed-b48c9db4e1b4,14,"[1, 0, 1, 1, 0, 1, 1, 1]",0,1,-1,,0.375,8
113,99df71af-8861-11f1-a5ed-b48c9db4e1b4,14,"[1, 0, 1, 1, 0, 1, 1, 1]",1,0,0,,0.375,8
114,99df71af-8861-11f1-a5ed-b48c9db4e1b4,14,"[1, 0, 1, 1, 0, 1, 1, 1]",2,1,-1,,0.375,8
115,99df71af-8861-11f1-a5ed-b48c9db4e1b4,14,"[1, 0, 1, 1, 0, 1, 1, 1]",3,1,-1,,0.375,8
116,99df71af-8861-11f1-a5ed-b48c9db4e1b4,14,"[1, 0, 1, 1, 0, 1, 1, 1]",4,0,0,,0.375,8
117,99df71af-8861-11f1-a5ed-b48c9db4e1b4,14,"[1, 0, 1, 1, 0, 1, 1, 1]",5,1,-1,,0.375,8
118,99df71af-8861-11f1-a5ed-b48c9db4e1b4,14,"[1, 0, 1, 1, 0, 1, 1, 1]",6,1,-1,,0.375,8
119,99df71af-8861-11f1-a5ed-b48c9db4e1b4,14,"[1, 0, 1, 1, 0, 1, 1, 1]",7,1,-1,,0.375,8
120,99df71af-8861-11f1-a5ed-b48c9db4e1b4,15,"[0, 0, 0, 0, 1, 1, 1, 1]",0,0,0,,0.375,8
121,99df71af-8861-11f1-a5ed-b48c9db4e1b4,15,"[0, 0, 0, 0, 1, 1, 1, 1]",1,0,0,,0.375,8
122,99df71af-8861-11f1-a5ed-b48c9db4e1b4,15,"[0, 0, 0, 0, 1, 1, 1, 1]",2,0,0,,0.375,8
123,99df71af-8861-11f1-a5ed-b48c9db4e1b4,15,"[0, 0, 0, 0, 1, 1, 1, 1]",3,0,0,,0.375,8
124,99df71af-8861-11f1-a5ed-b48c9db4e1b4,15,"[0, 0, 0, 0, 1, 1, 1, 1]",4,1,-1,,0.375,8
125,99df71af-8861-11f1-a5ed-b48c9db4e1b4,15,"[0, 0, 0, 0, 1, 1, 1, 1]",5,1,-1,,0.375,8
126,99df71af-8861-11f1-a5ed-b48c9db4e1b4,15,"[0, 0, 0, 0, 1, 1, 1, 1]",6,1,-1,,0.375,8
127,99df71af-8861-11f1-a5ed-b48c9db4e1b4,15,"[0, 0, 0, 0, 1, 1, 1, 1]",7,1,-1,,0.375,8
128,99df71af-8861-11f1-a5ed-b48c9db4e1b4,16,"[0, 1, 0, 1, 1, 0, 0, 1]",0,0,0,,0.375,8
129,99df71af-8861-11f1-a5ed-b48c9db4e1b4,16,"[0, 1, 0, 1, 1, 0, 0, 1]",1,1,-1,,0.375,8
130,99df71af-8861-11f1-a5ed-b48c9db4e1b4,16,"[0, 1, 0, 1, 1, 0, 0, 1]",2,0,0,,0.375,8
131,99df71af-8861-11f1-a5ed-b48c9db4e1b4,16,"[0, 1, 0, 1, 1, 0, 0, 1]",3,1,-1,,0.375,8
132,99df71af-8861-11f1-a5ed-b48c9db4e1b4,16,"[0, 1, 0, 1, 1, 0, 0, 1]",4,1,-1,,0.375,8
133,99df71af-8861-11f1-a5ed-b48c9db4e1b4,16,"[0, 1, 0, 1, 1, 0, 0, 1]",5,0,0,,0.375,8
134,99df71af-8861-11f1-a5ed-b48c9db4e1b4,16,"[0, 1, 0, 1, 1, 0, 0, 1]",6,0,0,,0.375,8
135,99df71af-8861-11f1-a5ed-b48c9db4e1b4,16,"[0, 1, 0, 1, 1, 0, 0, 1]",7,1,-1,,0.375,8
136,99df71af-8861-11f1-a5ed-b48c9db4e1b4,17,"[1, 1, 1, 1, 0, 1, 0, 0]",0,1,-1,,0.375,8
137,99df71af-8861-11f1-a5ed-b48c9db4e1b4,17,"[1, 1, 1, 1, 0, 1, 0, 0]",1,1,-1,,0.375,8
138,99df71af-8861-11f1-a5ed-b48c9db4e1b4,17,"[1, 1, 1, 1, 0, 1, 0, 0]",2,1,-1,,0.375,8
139,99df71af-8861-11f1-a5ed-b48c9db4e1b4,17,"[1, 1, 1, 1, 0, 1, 0, 0]",3,1,-1,,0.375,8
140,99df71af-8861-11f1-a5ed-b48c9db4e1b4,17,"[1, 1, 1, 1, 0, 1, 0, 0]",4,0,0,,0.375,8
141,99df71af-8861-11f1-a5ed-b48c9db4e1b4,17,"[1, 1, 1, 1, 0, 1, 0, 0]",5,1,-1,,0.375,8
142,99df71af-8861-11f1-a5ed-b48c9db4e1b4,17,"[1, 1, 1, 1, 0, 1, 0, 0]",6,0,0,,0.375,8
143,99df71af-8861-11f1-a5ed-b48c9db4e1b4,17,"[1, 1, 1, 1, 0, 1, 0, 0]",7,0,0,,0.375,8
144,99df71af-8861-11f1-a5ed-b48c9db4e1b4,18,"[0, 0, 0, 1, 0, 1, 1, 0]",0,0,0,,0.375,8
145,99df71af-8861-11f1-a5ed-b48c9db4e1b4,18,"[0, 0, 0, 1, 0, 1, 1, 0]",1,0,0,,0.375,8
146,99df71af-8861-11f1-a5ed-b48c9db4e1b4,18,"[0, 0, 0, 1, 0, 1, 1, 0]",2,0,0,,0.375,8
147,99df71af-8861-11f1-a5ed-b48c9db4e1b4,18,"[0, 0, 0, 1, 0, 1, 1, 0]",3,1,1,,0.375,8
148,99df71af-8861-11f1-a5ed-b48c9db4e1b4,18,"[0, 0, 0, 1, 0, 1, 1, 0]",4,0,0,,0.375,8
149,99df71af-8861-11f1-a5ed-b48c9db4e1b4,18,"[0, 0, 0, 1, 0, 1, 1, 0]",5,1,1,,0.375,8
150,99df71af-8861-11f1-a5ed-b48c9db4e1b4,18,"[0, 0, 0, 1, 0, 1, 1, 0]",6,1,1,,0.375,8
151,99df71af-8861-11f1-a5ed-b48c9db4e1b4,18,"[0, 0, 0, 1, 0, 1, 1, 0]",7,0,0,,0.375,8
152,99df71af-8861-11f1-a5ed-b48c9db4e1b4,19,"[0, 1, 1, 1, 1, 1, 1, 1]",0,0,0,,0.375,8
153,99df71af-8861-11f1-a5ed-b48c9db4e1b4,19,"[0, 1, 1, 1, 1, 1, 1, 1]",1,1,-1,,0.375,8
154,99df71af-8861-11f1-a5ed-b48c9db4e1b4,19,"[0, 1, 1, 1, 1, 1, 1, 1]",2,1,-1,,0.375,8
155,99df71af-8861-11f1-a5ed-b48c9db4e1b4,19,"[0, 1, 1, 1, 1, 1, 1, 1]",3,1,-1,,0.375,8
156,99df71af-8861-11f1-a5ed-b48c9db4e1b4,19,"[0, 1, 1, 1, 1, 1, 1, 1]",4,1,-1,,0.375,8
157,99df71af-8861-11f1-a5ed-b48c9db4e1b4,19,"[0, 1, 1, 1, 1, 1, 1, 1]",5,1,-1,,0.375,8
158,99df71af-8861-11f1-a5ed-b48c9db4e1b4,19,"[0, 1, 1, 1, 1, 1, 1, 1]",6,1,-1,,0.375,8
159,99df71af-8861-11f1-a5ed-b48c9db4e1b4,19,"[0, 1, 1, 1, 1, 1, 1, 1]",7,1,-1,,0.375,8
160,99e35356-8861-11f1-8c45-b48c9db4e1b4,0,"[1, 1, 1, 0, 0, 0, 1, 0]",0,1,-1,,0.375,8
161,99e35356-8861-11f1-8c45-b48c9db4e1b4,0,"[1, 1, 1, 0, 0, 0, 1, 0]",1,1,-1,,0.375,8
162,99e35356-8861-11f1-8c45-b48c9db4e1b4,0,"[1, 1, 1, 0, 0, 0, 1, 0]",2,1,-1,,0.375,8
163,99e35356-8861-11f1-8c45-b48c9db4e1b4,0,"[1, 1, 1, 0, 0, 0, 1, 0]",3,0,0,,0.375,8
164,99e35356-8861-11f1-8c45-b48c9db4e1b4,0,"[1, 1, 1, 0, 0, 0, 1, 0]",4,0,0,,0.375,8
165,99e35356-8861-11f1-8c45-b48c9db4e1b4,0,"[1, 1, 1, 0, 0, 0, 1, 0]",5,0,0,,0.375,8
166,99e35356-8861-11f1-8c45-b48c9db4e1b4,0,"[1, 1, 1, 0, 0, 0, 1, 0]",6,1,-1,,0.375,8
167,99e35356-8861-11f1-8c45-b48c9db4e1b4,0,"[1, 1, 1, 0, 0, 0, 1, 0]",7,0,0,,0.375,8
168,99e35356-8861-11f1-8c45-b48c9db4e1b4,1,"[1, 1, 1, 0, 0, 0, 0, 0]",0,1,1,,0.375,8
169,99e35356-8861-11f1-8c45-b48c9db4e1b4,1,"[1, 1, 1, 0, 0, 0, 0, 0]",1,1,1,,0.375,8
170,99e35356-8861-11f1-8c45-b48c9db4e1b4,1,"[1, 1, 1, 0, 0, 0, 0, 0]",2,1,1,,0.375,8
171,99e35356-8861-11f1-8c45-b48c9db4e1b4,1,"[1, 1, 1, 0, 0, 0, 0, 0]",3,0,0,,0.375,8
172,99e35356-8861-11f1-8c45-b48c9db4e1b4,1,"[1, 1, 1, 0, 0, 0, 0, 0]",4,0,0,,0.375,8
173,99e35356-8861-11f1-8c45-b48c9db4e1b4,1,"[1, 1, 1, 0, 0, 0, 0, 0]",5,0,0,,0.375,8
174,99e35356-8861-11f1-8c45-b48c9db4e1b4,1,"[1, 1, 1, 0, 0, 0, 0, 0]",6,0,0,,0.375,8
175,99e35356-8861-11f1-8c45-b48c9db4e1b4,1,"[1, 1, 1, 0, 0, 0, 0, 0]",7,0,0,,0.375,8
176,99e35356-8861-11f1-8c45-b48c9db4e1b4,2,"[1, 0, 0, 0, 1, 0, 1, 1]",0,1,-1,,0.375,8
177,99e35356-8861-11f1-8c45-b48c9db4e1b4,2,"[1, 0, 0, 0, 1, 0, 1, 1]",1,0,0,,0.375,8
178,99e35356-8861-11f1-8c45-b48c9db4e1b4,2,"[1, 0, 0, 0, 1, 0, 1, 1]",2,0,0,,0.375,8
179,99e35356-8861-11f1-8c45-b48c9db4e1b4,2,"[1, 0, 0, 0, 1, 0, 1, 1]",3,0,0,,0.375,8
180,99e35356-8861-11f1-8c45-b48c9db4e1b4,2,"[1, 0, 0, 0, 1, 0, 1, 1]",4,1,-1,,0.375,8
181,99e35356-8861-11f1-8c45-b48c9db4e1b4,2,"[1, 0, 0, 0, 1, 0, 1, 1]",5,0,0,,0.375,8
182,99e35356-8861-11f1-8c45-b48c9db4e1b4,2,"[1, 0, 0, 0, 1, 0, 1, 1]",6,1,-1,,0.375,8
183,99e35356-8861-11f1-8c45-b48c9db4e1b4,2,"[1, 0, 0, 0, 1, 0, 1, 1]",7,1,-1,,0.375,8
184,99e35356-8861-11f1-8c45-b48c9db4e1b4,3,"[1, 0, 1, 1, 1, 1, 1, 1]",0,1,-1,,0.375,8
185,99e35356-8861-11f1-8c45-b48c9db4e1b4,3,"[1, 0, 1, 1, 1, 1, 1, 1]",1,0,0,,0.375,8
186,99e35356-8861-11f1-8c45-b48c9db4e1b4,3,"[1, 0, 1, 1, 1, 1, 1, 1]",2,1,-1,,0.375,8
187,99e35356-8861-11f1-8c45-b48c9db4e1b4,3,"[1, 0, 1, 1, 1, 1, 1, 1]",3,1,-1,,0.375,8
188,99e35356-8861-11f1-8c45-b48c9db4e1b4,3,"[1, 0, 1, 1, 1, 1, 1, 1]",4,1,-1,,0.375,8
189,99e35356-8861-11f1-8c45-b48c9db4e1b4,3,"[1, 0, 1, 1, 1, 1, 1, 1]",5,1,-1,,0.375,8
190,99e35356-8861-11f1-8c45-b48c9db4e1b4,3,"[1, 0, 1, 1, 1, 1, 1, 1]",6,1,-1,,0.375,8
191,99e35356-8861-11f1-8c45-b48c9db4e1b4,3,"[1, 0, 1, 1, 1, 1, 1, 1]",7,1,-1,,0.375,8
192,99e35356-8861-11f1-8c45-b48c9db4e1b4,4,"[0, 0, 1, 1, 1, 0, 1, 1]",0,0,0,,0.375,8
193,99e35356-8861-11f1-8c45-b48c9db4e1b4,4,"[0, 0, 1, 1, 1, 0, 1, 1]",1,0,0,,0.375,8
194,99e35356-8861-11f1-8c45-b48c9db4e1b4,4,"[0, 0, 1, 1, 1, 0, 1, 1]",2,1,-1,,0.375,8
195,99e35356-8861-11f1-8c45-b48c9db4e1b4,4,"[0, 0, 1, 1, 1, 0, 1, 1]",3,1,-1,,0.375,8
196,99e35356-8861-11f1-8c45-b48c9db4e1b4,4,"[0, 0, 1, 1, 1, 0, 1, 1]",4,1,-1,,0.375,8
197,99e35356-8861-11f1-8c45-b48c9db4e1b4,4,"[0, 0, 1, 1, 1, 0, 1, 1]",5,0,0,,0.375,8
198,99e35356-8861-11f1-8c45-b48c9db4e1b4,4,"[0, 0, 1, 1, 1, 0, 1, 1]",6,1,-1,,0.375,8
199,99e35356-8861-11f1-8c45-b48c9db4e1b4,4,"[0, 0, 1, 1, 1, 0, 1, 1]",7,1,-1,,0.375,8
200,99e35356-8861-11f1-8c45-b48c9db4e1b4,5,"[0, 0, 1, 1, 1, 1, 0, 1]",0,0,0,,0.375,8
201,99e35356-8861-11f1-8c45-b48c9db4e1b4,5,"[0, 0, 1, 1, 1, 1, 0, 1]",1,0,0,,0.375,8
202,99e35356-8861-11f1-8c45-b48c9db4e1b4,5,"[0, 0, 1, 1, 1, 1, 0, 1]",2,1,-1,,0.375,8
203,99e35356-8861-11f1-8c45-b48c9db4e1b4,5,"[0, 0, 1, 1, 1, 1, 0, 1]",3,1,-1,,0.375,8
204,99e35356-8861-11f1-8c45-b48c9db4e1b4,5,"[0, 0, 1, 1, 1, 1, 0, 1]",4,1,-1,,0.375,8
205,99e35356-8861-11f1-8c45-b48c9db4e1b4,5,"[0, 0, 1, 1, 1, 1, 0, 1]",5,1,-1,,0.375,8
206,99e35356-8861-11f1-8c45-b48c9db4e1b4,5,"[0, 0, 1, 1, 1, 1, 0, 1]",6,0,0,,0.375,8
207,99e35356-8861-11f1-8c45-b48c9db4e1b4,5,"[0, 0, 1, 1, 1, 1, 0, 1]",7,1,-1,,0.375,8
208,99e35356-8861-11f1-8c45-b48c9db4e1b4,6,"[1, 1, 1, 1, 1, 0, 1, 0]",0,1,-1,,0.375,8
209,99e35356-8861-11f1-8c45-b48c9db4e1b4,6,"[1, 1, 1, 1, 1, 0, 1, 0]",1,1,-1,,0.375,8
210,99e35356-8861-11f1-8c45-b48c9db4e1b4,6,"[1, 1, 1, 1, 1, 0, 1, 0]",2,1,-1,,0.375,8
211,99e35356-8861-11f1-8c45-b48c9db4e1b4,6,"[1, 1, 1, 1, 1, 0, 1, 0]",3,1,-1,,0.375,8
212,99e35356-8861-11f1-8c45-b48c9db4e1b4,6,"[1, 1, 1, 1, 1, 0, 1, 0]",4,1,-1,,0.375,8
213,99e35356-8861-11f1-8c45-b48c9db4e1b4,6,"[1, 1, 1, 1, 1, 0, 1, 0]",5,0,0,,0.375,8
214,99e35356-8861-11f1-8c45-b48c9db4e1b4,6,"[1, 1, 1, 1, 1, 0, 1, 0]",6,1,-1,,0.375,8
215,99e35356-8861-11f1-8c45-b48c9db4e1b4,6,"[1, 1, 1, 1, 1, 0, 1, 0]",7,0,0,,0.375,8
216,99e35356-8861-11f1-8c45-b48c9db4e1b4,7,"[1, 1, 1, 0, 0, 0, 1, 0]",0,1,-1,,0.375,8
217,99e35356-8861-11f1-8c45-b48c9db4e1b4,7,"[1, 1, 1, 0, 0, 0, 1, 0]",1,1,-1,,0.375,8
218,99e35356-8861-11f1-8c45-b48c9db4e1b4,7,"[1, 1, 1, 0, 0, 0, 1, 0]",2,1,-1,,0.375,8
219,99e35356-8861-11f1-8c45-b48c9db4e1b4,7,"[1, 1, 1, 0, 0, 0, 1, 0]",3,0,0,,0.375,8
220,99e35356-8861-11f1-8c45-b48c9db4e1b4,7,"[1, 1, 1, 0, 0, 0, 1, 0]",4,0,0,,0.375,8
221,99e35356-8861-11f1-8c45-b48c9db4e1b4,7,"[1, 1, 1, 0, 0, 0, 1, 0]",5,0,0,,0.375,8
222,99e35356-8861-11f1-8c45-b48c9db4e1b4,7,"[1, 1, 1, 0, 0, 0, 1, 0]",6,1,-1,,0.375,8
223,99e35356-8861-11f1-8c45-b48c9db4e1b4,7,"[1, 1, 1, 0, 0, 0, 1, 0]",7,0,0,,0.375,8
224,99e35356-8861-11f1-8c45-b48c9db4e1b4,8,"[0, 1, 1, 1, 0, 0, 0, 0]",0,0,0,,0.375,8
225,99e35356-8861-11f1-8c45-b48c9db4e1b4,8,"[0, 1, 1, 1, 0, 0, 0, 0]",1,1,1,,0.375,8
226,99e35356-8861-11f1-8c45-b48c9db4e1b4,8,"[0, 1, 1, 1, 0, 0, 0, 0]",2,1,1,,0.375,8
227,99e35356-8861-11f1-8c45-b48c9db4e1b4,8,"[0, 1, 1, 1, 0, 0, 0, 0]",3,1,1,,0.375,8
228,99e35356-8861-11f1-8c45-b48c9db4e1b4,8,"[0, 1, 1, 1, 0, 0, 0, 0]",4,0,0,,0.375,8
229,99e35356-8861-11f1-8c45-b48c9db4e1b4,8,"[0, 1, 1, 1, 0, 0, 0, 0]",5,0,0,,0.375,8
230,99e35356-8861-11f1-8c45-b48c9db4e1b4,8,"[0, 1, 1, 1, 0, 0, 0, 0]",6,0,0,,0.375,8
231,99e35356-8861-11f1-8c45-b48c9db4e1b4,8,"[0, 1, 1, 1, 0, 0, 0, 0]",7,0,0,,0.375,8
232,99e35356-8861-11f1-8c45-b48c9db4e1b4,9,"[0, 1, 1, 0, 1, 0, 0, 1]",0,0,0,,0.375,8
233,99e35356-8861-11f1-8c45-b48c9db4e1b4,9,"[0, 1, 1, 0, 1, 0, 0, 1]",1,1,-1,,0.375,8
234,99e35356-8861-11f1-8c45-b48c9db4e1b4,9,"[0, 1, 1, 0, 1, 0, 0, 1]",2,1,-1,,0.375,8
235,99e35356-8861-11f1-8c45-b48c9db4e1b4,9,"[0, 1, 1, 0, 1, 0, 0, 1]",3,0,0,,0.375,8
236,99e35356-8861-11f1-8c45-b48c9db4e1b4,9,"[0, 1, 1, 0, 1, 0, 0, 1]",4,1,-1,,0.375,8
237,99e35356-8861-11f1-8c45-b48c9db4e1b4,9,"[0, 1, 1, 0, 1, 0, 0, 1]",5,0,0,,0.375,8
238,99e35356-8861-11f1-8c45-b48c9db4e1b4,9,"[0, 1, 1, 0, 1, 0, 0, 1]",6,0,0,,0.375,8
239,99e35356-8861-11f1-8c45-b48c9db4e1b4,9,"[0, 1, 1, 0, 1, 0, 0, 1]",7,1,-1,,0.375,8
240,99e35356-8861-11f1-8c45-b48c9db4e1b4,10,"[0, 0, 0, 0, 1, 1, 1, 1]",0,0,0,,0.375,8
241,99e35356-8861-11f1-8c45-b48c9db4e1b4,10,"[0, 0, 0, 0, 1, 1, 1, 1]",1,0,0,,0.375,8
242,99e35356-8861-11f1-8c45-b48c9db4e1b4,10,"[0, 0, 0, 0, 1, 1, 1, 1]",2,0,0,,0.375,8
243,99e35356-8861-11f1-8c45-b48c9db4e1b4,10,"[0, 0, 0, 0, 1, 1, 1, 1]",3,0,0,,0.375,8
244,99e35356-8861-11f1-8c45-b48c9db4e1b4,10,"[0, 0, 0, 0, 1, 1, 1, 1]",4,1,-1,,0.375,8
245,99e35356-8861-11f1-8c45-b48c9db4e1b4,10,"[0, 0, 0, 0, 1, 1, 1, 1]",5,1,-1,,0.375,8
246,99e35356-8861-11f1-8c45-b48c9db4e1b4,10,"[0, 0, 0, 0, 1, 1, 1, 1]",6,1,-1,,0.375,8
247,99e35356-8861-11f1-8c45-b48c9db4e1b4,10,"[0, 0, 0, 0, 1, 1, 1, 1]",7,1,-1,,0.375,8
248,99e35356-8861-11f1-8c45-b48c9db4e1b4,11,"[0, 0, 0, 1, 0, 1, 1, 1]",0,0,0,,0.375,8
249,99e35356-8861-11f1-8c45-b48c9db4e1b4,11,"[0, 0, 0, 1, 0, 1, 1, 1]",1,0,0,,0.375,8
250,99e35356-8861-11f1-8c45-b48c9db4e1b4,11,"[0, 0, 0, 1, 0, 1, 1, 1]",2,0,0,,0.375,8
251,99e35356-8861-11f1-8c45-b48c9db4e1b4,11,"[0, 0, 0, 1, 0, 1, 1, 1]",3,1,-1,,0.375,8
252,99e35356-8861-11f1-8c45-b48c9db4e1b4,11,"[0, 0, 0, 1, 0, 1, 1, 1]",4,0,0,,0.375,8
253,99e35356-8861-11f1-8c45-b48c9db4e1b4,11,"[0, 0, 0, 1, 0, 1, 1, 1]",5,1,-1,,0.375,8
254,99e35356-8861-11f1-8c45-b48c9db4e1b4,11,"[0, 0, 0, 1, 0, 1, 1, 1]",6,1,-1,,0.375,8
255,99e35356-8861-11f1-8c45-b48c9db4e1b4,11,"[0, 0, 0, 1, 0, 1, 1, 1]",7,1,-1,,0.375,8
256,99e35356-8861-11f1-8c45-b48c9db4e1b4,12,"[0, 0, 1, 1, 1, 1, 1, 0]",0,0,0,,0.375,8
257,99e35356-8861-11f1-8c45-b48c9db4e1b4,12,"[0, 0, 1, 1, 1, 1, 1, 0]",1,0,0,,0.375,8
258,99e35356-8861-11f1-8c45-b48c9db4e1b4,12,"[0, 0, 1, 1, 1, 1, 1, 0]",2,1,-1,,0.375,8
259,99e35356-8861-11f1-8c45-b48c9db4e1b4,12,"[0, 0, 1, 1, 1, 1, 1, 0]",3,1,-1,,0.375,8
260,99e35356-8861-11f1-8c45-b48c9db4e1b4,12,"[0, 0, 1, 1, 1, 1, 1, 0]",4,1,-1,,0.375,8
261,99e35356-8861-11f1-8c45-b48c9db4e1b4,12,"[0, 0, 1, 1, 1, 1, 1, 0]",5,1,-1,,0.375,8
262,99e35356-8861-11f1-8c45-b48c9db4e1b4,12,"[0, 0, 1, 1, 1, 1, 1, 0]",6,1,-1,,0.375,8
263,99e35356-8861-11f1-8c45-b48c9db4e1b4,12,"[0, 0, 1, 1, 1, 1, 1, 0]",7,0,0,,0.375,8
264,99e35356-8861-11f1-8c45-b48c9db4e1b4,13,"[1, 0, 0, 1, 1, 1, 1, 1]",0,1,-1,,0.375,8
265,99e35356-8861-11f1-8c45-b48c9db4e1b4,13,"[1, 0, 0, 1, 1, 1, 1, 1]",1,0,0,,0.375,8
266,99e35356-8861-11f1-8c45-b48c9db4e1b4,13,"[1, 0, 0, 1, 1, 1, 1, 1]",2,0,0,,0.375,8
267,99e35356-8861-11f1-8c45-b48c9db4e1b4,13,"[1, 0, 0, 1, 1, 1, 1, 1]",3,1,-1,,0.375,8
268,99e35356-8861-11f1-8c45-b48c9db4e1b4,13,"[1, 0, 0, 1, 1, 1, 1, 1]",4,1,-1,,0.375,8
269,99e35356-8861-11f1-8c45-b48c9db4e1b4,13,"[1, 0, 0, 1, 1, 1, 1, 1]",5,1,-1,,0.375,8
270,99e35356-8861-11f1-8c45-b48c9db4e1b4,13,"[1, 0, 0, 1, 1, 1, 1, 1]",6,1,-1,,0.375,8
271,99e35356-8861-11f1-8c45-b48c9db4e1b4,13,"[1, 0, 0, 1, 1, 1, 1, 1]",7,1,-1,,0.375,8
272,99e35356-8861-11f1-8c45-b48c9db4e1b4,14,"[0, 1, 0, 0, 1, 1, 0, 1]",0,0,0,,0.375,8
273,99e35356-8861-11f1-8c45-b48c9db4e1b4,14,"[0, 1, 0, 0, 1, 1, 0, 1]",1,1,-1,,0.375,8
274,99e35356-8861-11f1-8c45-b48c9db4e1b4,14,"[0, 1, 0, 0, 1, 1, 0, 1]",2,0,0,,0.375,8
275,99e35356-8861-11f1-8c45-b48c9db4e1b4,14,"[0, 1, 0, 0, 1, 1, 0, 1]",3,0,0,,0.375,8
276,99e35356-8861-11f1-8c45-b48c9db4e1b4,14,"[0, 1, 0, 0, 1, 1, 0, 1]",4,1,-1,,0.375,8
277,99e35356-8861-11f1-8c45-b48c9db4e1b4,14,"[0, 1, 0, 0, 1, 1, 0, 1]",5,1,-1,,0.375,8
278,99e35356-8861-11f1-8c45-b48c9db4e1b4,14,"[0, 1, 0, 0, 1, 1, 0, 1]",6,0,0,,0.375,8
279,99e35356-8861-11f1-8c45-b48c9db4e1b4,14,"[0, 1, 0, 0, 1, 1, 0, 1]",7,1,-1,,0.375,8
280,99e35356-8861-11f1-8c45-b48c9db4e1b4,15,"[0, 1, 1, 0, 1, 0, 1, 0]",0,0,0,,0.375,8
281,99e35356-8861-11f1-8c45-b48c9db4e1b4,15,"[0, 1, 1, 0, 1, 0, 1, 0]",1,1,-1,,0.375,8
282,99e35356-8861-11f1-8c45-b48c9db4e1b4,15,"[0, 1, 1, 0, 1, 0, 1, 0]",2,1,-1,,0.375,8
283,99e35356-8861-11f1-8c45-b48c9db4e1b4,15,"[0, 1, 1, 0, 1, 0, 1, 0]",3,0,0,,0.375,8
284,99e35356-8861-11f1-8c45-b48c9db4e1b4,15,"[0, 1, 1, 0, 1, 0, 1, 0]",4,1,-1,,0.375,8
285,99e35356-8861-11f1-8c45-b48c9db4e1b4,15,"[0, 1, 1, 0, 1, 0, 1, 0]",5,0,0,,0.375,8
286,99e35356-8861-11f1-8c45-b48c9db4e1b4,15,"[0, 1, 1, 0, 1, 0, 1, 0]",6,1,-1,,0.375,8
287,99e35356-8861-11f1-8c45-b48c9db4e1b4,15,"[0, 1, 1, 0, 1, 0, 1, 0]",7,0,0,,0.375,8
288,99e35356-8861-11f1-8c45-b48c9db4e1b4,16,"[0, 0, 1, 1, 0, 1, 1, 0]",0,0,0,,0.375,8
289,99e35356-8861-11f1-8c45-b48c9db4e1b4,16,"[0, 0, 1, 1, 0, 1, 1, 0]",1,0,0,,0.375,8
290,99e35356-8861-11f1-8c45-b48c9db4e1b4,16,"[0, 0, 1, 1, 0, 1, 1, 0]",2,1,-1,,0.375,8
291,99e35356-8861-11f1-8c45-b48c9db4e1b4,16,"[0, 0, 1, 1, 0, 1, 1, 0]",3,1,-1,,0.375,8
292,99e35356-8861-11f1-8c45-b48c9db4e1b4,16,"[0, 0, 1, 1, 0, 1, 1, 0]",4,0,0,,0.375,8
293,99e35356-8861-11f1-8c45-b48c9db4e1b4,16,"[0, 0, 1, 1, 0, 1, 1, 0]",5,1,-1,,0.375,8
294,99e35356-8861-11f1-8c45-b48c9db4e1b4,16,"[0, 0, 1, 1, 0, 1, 1, 0]",6,1,-1,,0.375,8
295,99e35356-8861-11f1-8c45-b48c9db4e1b4,16,"[0, 0, 1, 1, 0, 1, 1, 0]",7,0,0,,0.375,8
296,99e35356-8861-11f1-8c45-b48c9db4e1b4,17,"[0, 0, 1, 0, 1, 1, 0, 0]",0,0,0,,0.375,8
297,99e35356-8861-11f1-8c45-b48c9db4e1b4,17,"[0, 0, 1, 0, 1, 1, 0, 0]",1,0,0,,0.375,8
298,99e35356-8861-11f1-8c45-b48c9db4e1b4,17,"[0, 0, 1, 0, 1, 1, 0, 0]",2,1,1,,0.375,8
299,99e35356-8861-11f1-8c45-b48c9db4e1b4,17,"[0, 0, 1, 0, 1, 1, 0, 0]",3,0,0,,0.375,8
300,99e35356-8861-11f1-8c45-b48c9db4e1b4,17,"[0, 0, 1, 0, 1, 1, 0, 0]",4,1,1,,0.375,8
301,99e35356-8861-11f1-8c45-b48c9db4e1b4,17,"[0, 0, 1, 0, 1, 1, 0, 0]",5,1,1,,0.375,8
302,99e35356-8861-11f1-8c45-b48c9db4e1b4,17,"[0, 0, 1, 0, 1, 1, 0, 0]",6,0,0,,0.375,8
303,99e35356-8861-11f1-8c45-b48c9db4e1b4,17,"[0, 0, 1, 0, 1, 1, 0, 0]",7,0,0,,0.375,8
304,99e35356-8861-11f1-8c45-b48c9db4e1b4,18,"[0, 0, 0, 1, 1, 0, 1, 0]",0,0,0,,0.375,8
305,99e35356-8861-11f1-8c45-b48c9db4e1b4,18,"[0, 0, 0, 1, 1, 0, 1, 0]",1,0,0,,0.375,8
306,99e35356-8861-11f1-8c45-b48c9db4e1b4,18,"[0, 0, 0, 1, 1, 0, 1, 0]",2,0,0,,0.375,8
307,99e35356-8861-11f1-8c45-b48c9db4e1b4,18,"[0, 0, 0, 1, 1, 0, 1, 0]",3,1,1,,0.375,8
308,99e35356-8861-11f1-8c45-b48c9db4e1b4,18,"[0, 0, 0, 1, 1, 0, 1, 0]",4,1,1,,0.375,8
309,99e35356-8861-11f1-8c45-b48c9db4e1b4,18,"[0, 0, 0, 1, 1, 0, 1, 0]",5,0,0,,0.375,8
310,99e35356-8861-11f1-8c45-b48c9db4e1b4,18,"[0, 0, 0, 1, 1, 0, 1, 0]",6,1,1,,0.375,8
311,99e35356-8861-11f1-8c45-b48c9db4e1b4,18,"[0, 0, 0, 1, 1, 0, 1, 0]",7,0,0,,0.375,8
312,99e35356-8861-11f1-8c45-b48c9db4e1b4,19,"[0, 0, 1, 0, 1, 1, 0, 0]",0,0,0,,0.375,8
313,99e35356-8861-11f1-8c45-b48c9db4e1b4,19,"[0, 0, 1, 0, 1, 1, 0, 0]",1,0,0,,0.375,8
314,99e35356-8861-11f1-8c45-b48c9db4e1b4,19,"[0, 0, 1, 0, 1, 1, 0, 0]",2,1,1,,0.375,8
315,99e35356-8861-11f1-8c45-b48c9db4e1b4,19,"[0, 0, 1, 0, 1, 1, 0, 0]",3,0,0,,0.375,8
316,99e35356-8861-11f1-8c45-b48c9db4e1b4,19,"[0, 0, 1, 0, 1, 1, 0, 0]",4,1,1,,0.375,8
317,99e35356-8861-11f1-8c45-b48c9db4e1b4,19,"[0, 0, 1, 0, 1, 1, 0, 0]",5,1,1,,0.375,8
318,99e35356-8861-11f1-8c45-b48c9db4e1b4,19,"[0, 0, 1, 0, 1, 1, 0, 0]",6,0,0,,0.375,8
319,99e35356-8861-11f1-8c45-b48c9db4e1b4,19,"[0, 0, 1, 0, 1, 1, 0, 0]",7,0,0,,0.375,8
320,99e631ea-8861-11f1-aaf8-b48c9db4e1b4,0,"[0, 0, 0, 1, 0, 1, 1, 1]",0,0,0,,0.375,8
321,99e631ea-8861-11f1-aaf8-b48c9db4e1b4,0,"[0, 0, 0, 1, 0, 1, 1, 1]",1,0,0,,0.375,8
322,99e631ea-8861-11f1-aaf8-b48c9db4e1b4,0,"[0, 0, 0, 1, 0, 1, 1, 1]",2,0,0,,0.375,8
323,99e631ea-8861-11f1-aaf8-b48c9db4e1b4,0,"[0, 0, 0, 1, 0, 1, 1, 1]",3,1,-1,,0.375,8
324,99e631ea-8861-11f1-aaf8-b48c9db4e1b4,0,"[0, 0, 0, 1, 0, 1, 1, 1]",4,0,0,,0.375,8
325,99e631ea-8861-11f1-aaf8-b48c9db4e1b4,0,"[0, 0, 0, 1, 0, 1, 1, 1]",5,1,-1,,0.375,8
326,99e631ea-8861-11f1-aaf8-b48c9db4e1b4,0,"[0, 0, 0, 1, 0, 1, 1, 1]",6,1,-1,,0.375,8
327,99e631ea-8861-11f1-aaf8-b48c9db4e1b4,0,"[0, 0, 0, 1, 0, 1, 1, 1]",7,1,-1,,0.375,8
328,99e631ea-8861-11f1-aaf8-b48c9db4e1b4,1,"[1, 0, 0, 0, 1, 1, 0, 0]",0,1,1,,0.375,8
329,99e631ea-8861-11f1-aaf8-b48c9db4e1b4,1,"[1, 0, 0, 0, 1, 1, 0, 0]",1,0,0,,0.375,8
330,99e631ea-8861-11f1-aaf8-b48c9db4e1b4,1,"[1, 0, 0, 0, 1, 1, 0, 0]",2,0,0,,0.375,8
331,99e631ea-8861-11f1-aaf8-b48c9db4e1b4,1,"[1, 0, 0, 0, 1, 1, 0, 0]",3,0,0,,0.375,8
332,99e631ea-8861-11f1-aaf8-b48c9db4e1b4,1,"[1, 0, 0, 0, 1, 1, 0, 0]",4,1,1,,0.375,8
333,99e631ea-8861-11f1-aaf8-b48c9db4e1b4,1,"[1, 0, 0, 0, 1, 1, 0, 0]",5,1,1,,0.375,8
334,99e631ea-8861-11f1-aaf8-b48c9db4e1b4,1,"[1, 0, 0, 0, 1, 1, 0, 0]",6,0,0,,0.375,8
335,99e631ea-8861-11f1-aaf8-b48c9db4e1b4,1,"[1, 0, 0, 0, 1, 1, 0, 0]",7,0,0,,0.375,8
336,99e631ea-8861-11f1-aaf8-b48c9db4e1b4,2,"[1, 0, 1, 0, 1, 1, 0, 0]",0,1,-1,,0.375,8
337,99e631ea-8861-11f1-aaf8-b48c9db4e1b4,2,"[1, 0, 1, 0, 1, 1, 0, 0]",1,0,0,,0.375,8
338,99e631ea-8861-11f1-aaf8-b48c9db4e1b4,2,"[1, 0, 1, 0, 1, 1, 0, 0]",2,1,-1,,0.375,8
339,99e631ea-8861-11f1-aaf8-b48c9db4e1b4,2,"[1, 0, 1, 0, 1, 1, 0, 0]",3,0,0,,0.375,8
340,99e631ea-8861-11f1-aaf8-b48c9db4e1b4,2,"[1, 0, 1, 0, 1, 1, 0, 0]",4,1,-1,,0.375,8
341,99e631ea-8861-11f1-aaf8-b48c9db4e1b4,2,"[1, 0, 1, 0, 1, 1, 0, 0]",5,1,-1,,0.375,8
342,99e631ea-8861-11f1-aaf8-b48c9db4e1b4,2,"[1, 0, 1, 0, 1, 1, 0, 0]",6,0,0,,0.375,8
343,99e631ea-8861-11f1-aaf8-b48c9db4e1b4,2,"[1, 0, 1, 0, 1, 1, 0, 0]",7,0,0,,0.375,8
344,99e631ea-8861-11f1-aaf8-b48c9db4e1b4,3,"[1, 1, 0, 1, 1, 1, 1, 1]",0,1,-1,,0.375,8
345,99e631ea-8861-11f1-aaf8-b48c9db4e1b4,3,"[1, 1, 0, 1, 1, 1, 1, 1]",1,1,-1,,0.375,8
346,99e631ea-8861-11f1-aaf8-b48c9db4e1b4,3,"[1, 1, 0, 1, 1, 1, 1, 1]",2,0,0,,0.375,8
347,99e631ea-8861-11f1-aaf8-b48c9db4e1b4,3,"[1, 1, 0, 1, 1, 1, 1, 1]",3,1,-1,,0.375,8
348,99e631ea-8861-11f1-aaf8-b48c9db4e1b4,3,"[1, 1, 0, 1, 1, 1, 1, 1]",4,1,-1,,0.375,8
349,99e631ea-8861-11f1-aaf8-b48c9db4e1b4,3,"[1, 1, 0, 1, 1, 1, 1, 1]",5,1,-1,,0.375,8
350,99e631ea-8861-11f1-aaf8-b48c9db4e1b4,3,"[1, 1, 0, 1, 1, 1, 1, 1]",6,1,-1,,0.375,8
351,99e631ea-8861-11f1-aaf8-b48c9db4e1b4,3,"[1, 1, 0, 1, 1, 1, 1, 1]",7,1,-1,,0.375,8
352,99e631ea-8861-11f1-aaf8-b48c9db4e1b4,4,"[0, 0, 1, 1, 0, 0, 1, 0]",0,0,0,,0.375,8
353,99e631ea-8861-11f1-aaf8-b48c9db4e1b4,4,"[0, 0, 1, 1, 0, 0, 1, 0]",1,0,0,,0.375,8
354,99e631ea-8861-11f1-aaf8-b48c9db4e1b4,4,"[0, 0, 1, 1, 0, 0, 1, 0]",2,1,1,,0.375,8
355,99e631ea-8861-11f1-aaf8-b48c9db4e1b4,4,"[0, 0, 1, 1, 0, 0, 1, 0]",3,1,1,,0.375,8
356,99e631ea-8861-11f1-aaf8-b48c9db4e1b4,4,"[0, 0, 1, 1, 0, 0, 1, 0]",4,0,0,,0.375,8
357,99e631ea-8861-11f1-aaf8-b48c9db4e1b4,4,"[0, 0, 1, 1, 0, 0, 1, 0]",5,0,0,,0.375,8
358,99e631ea-8861-11f1-aaf8-b48c9db4e1b4,4,"[0, 0, 1, 1, 0, 0, 1, 0]",6,1,1,,0.375,8
359,99e631ea-8861-11f1-aaf8-b48c9db4e1b4,4,"[0, 0, 1, 1, 0, 0, 1, 0]",7,0,0,,0.375,8
360,99e631ea-8861-11f1-aaf8-b48c9db4e1b4,5,"[0, 1, 1, 0, 0, 1, 0, 1]",0,0,0,,0.375,8
361,99e631ea-8861-11f1-aaf8-b48c9db4e1b4,5,"[0, 1, 1, 0, 0, 1, 0, 1]",1,1,-1,,0.375,8
362,99e631ea-8861-11f1-aaf8-b48c9db4e1b4,5,"[0, 1, 1, 0, 0, 1, 0, 1]",2,1,-1,,0.375,8
363,99e631ea-8861-11f1-aaf8-b48c9db4e1b4,5,"[0, 1, 1, 0, 0, 1, 0, 1]",3,0,0,,0.375,8
364,99e631ea-8861-11f1-aaf8-b48c9db4e1b4,5,"[0, 1, 1, 0, 0, 1, 0, 1]",4,0,0,,0.375,8
365,99e631ea-8861-11f1-aaf8-b48c9db4e1b4,5,"[0, 1, 1, 0, 0, 1, 0, 1]",5,1,-1,,0.375,8
366,99e631ea-8861-11f1-aaf8-b48c9db4e1b4,5,"[0, 1, 1, 0, 0, 1, 0, 1]",6,0,0,,0.375,8
367,99e631ea-8861-11f1-aaf8-b48c9db4e1b4,5,"[0, 1, 1, 0, 0, 1, 0, 1]",7,1,-1,,0.375,8
368,99e631ea-8861-11f1-aaf8-b48c9db4e1b4,6,"[0, 0, 1, 0, 1, 0, 0, 0]",0,0,0,,0.375,8
369,99e631ea-8861-11f1-aaf8-b48c9db4e1b4,6,"[0, 0, 1, 0, 1, 0, 0, 0]",1,0,0,,0.375,8
370,99e631ea-8861-11f1-aaf8-b48c9db4e1b4,6,"[0, 0, 1, 0, 1, 0, 0, 0]",2,1,1,,0.375,8
371,99e631ea-8861-11f1-aaf8-b48c9db4e1b4,6,"[0, 0, 1, 0, 1, 0, 0, 0]",3,0,0,,0.375,8
372,99e631ea-8861-11f1-aaf8-b48c9db4e1b4,6,"[0, 0, 1, 0, 1, 0, 0, 0]",4,1,1,,0.375,8
373,99e631ea-8861-11f1-aaf8-b48c9db4e1b4,6,"[0, 0, 1, 0, 1, 0, 0, 0]",5,0,0,,0.375,8
374,99e631ea-8861-11f1-aaf8-b48c9db4e1b4,6,"[0, 0, 1, 0, 1, 0, 0, 0]",6,0,0,,0.375,8
375,99e631ea-8861-11f1-aaf8-b48c9db4e1b4,6,"[0, 0, 1, 0, 1, 0, 0, 0]",7,0,0,,0.375,8
376,99e631ea-8861-11f1-aaf8-b48c9db4e1b4,7,"[0, 1, 0, 1, 1, 0, 1, 1]",0,0,0,,0.375,8
377,99e631ea-8861-11f1-aaf8-b48c9db4e1b4,7,"[0, 1, 0, 1, 1, 0, 1, 1]",1,1,-1,,0.375,8
378,99e631ea-8861-11f1-aaf8-b48c9db4e1b4,7,"[0, 1, 0, 1, 1, 0, 1, 1]",2,0,0,,0.375,8
379,99e631ea-8861-11f1-aaf8-b48c9db4e1b4,7,"[0, 1, 0, 1, 1, 0, 1, 1]",3,1,-1,,0.375,8
380,99e631ea-8861-11f1-aaf8-b48c9db4e1b4,7,"[0, 1, 0, 1, 1, 0, 1, 1]",4,1,-1,,0.375,8
381,99e631ea-8861-11f1-aaf8-b48c9db4e1b4,7,"[0, 1, 0, 1, 1, 0, 1, 1]",5,0,0,,0.375,8
382,99e631ea-8861-11f1-aaf8-b48c9db4e1b4,7,"[0, 1, 0, 1, 1, 0, 1, 1]",6,1,-1,,0.375,8
383,99e631ea-8861-11f1-aaf8-b48c9db4e1b4,7,"[0, 1, 0, 1, 1, 0, 1, 1]",7,1,-1,,0.375,8
384,99e631ea-8861-11f1-aaf8-b48c9db4e1b4,8,"[1, 1, 1, 0, 1, 1, 1, 0]",0,1,-1,,0.375,8
385,99e631ea-8861-11f1-aaf8-b48c9db4e1b4,8,"[1, 1, 1, 0, 1, 1, 1, 0]",1,1,-1,,0.375,8
386,99e631ea-8861-11f1-aaf8-b48c9db4e1b4,8,"[1, 1, 1, 0, 1, 1, 1, 0]",2,1,-1,,0.375,8
387,99e631ea-8861-11f1-aaf8-b48c9db4e1b4,8,"[1, 1, 1, 0, 1, 1, 1, 0]",3,0,0,,0.375,8
388,99e631ea-8861-11f1-aaf8-b48c9db4e1b4,8,"[1, 1, 1, 0, 1, 1, 1, 0]",4,1,-1,,0.375,8
389,99e631ea-8861-11f1-aaf8-b48c9db4e1b4,8,"[1, 1, 1, 0, 1, 1, 1, 0]",5,1,-1,,0.375,8
390,99e631ea-8861-11f1-aaf8-b48c9db4e1b4,8,"[1, 1, 1, 0, 1, 1, 1, 0]",6,1,-1,,0.375,8
391,99e631ea-8861-11f1-aaf8-b48c9db4e1b4,8,"[1, 1, 1, 0, 1, 1, 1, 0]",7,0,0,,0.375,8
392,99e631ea-8861-11f1-aaf8-b48c9db4e1b4,9,"[1, 1, 0, 0, 1, 0, 1, 0]",0,1,-1,,0.375,8
393,99e631ea-8861-11f1-aaf8-b48c9db4e1b4,9,"[1, 1, 0, 0, 1, 0, 1, 0]",1,1,-1,,0.375,8
394,99e631ea-8861-11f1-aaf8-b48c9db4e1b4,9,"[1, 1, 0, 0, 1, 0, 1, 0]",2,0,0,,0.375,8
395,99e631ea-8861-11f1-aaf8-b48c9db4e1b4,9,"[1, 1, 0, 0, 1, 0, 1, 0]",3,0,0,,0.375,8
396,99e631ea-8861-11f1-aaf8-b48c9db4e1b4,9,"[1, 1, 0, 0, 1, 0, 1, 0]",4,1,-1,,0.375,8
397,99e631ea-8861-11f1-aaf8-b48c9db4e1b4,9,"[1, 1, 0, 0, 1, 0, 1, 0]",5,0,0,,0.375,8
398,99e631ea-8861-11f1-aaf8-b48c9db4e1b4,9,"[1, 1, 0, 0, 1, 0, 1, 0]",6,1,-1,,0.375,8
399,99e631ea-8861-11f1-aaf8-b48c9db4e1b4,9,"[1, 1, 0, 0, 1, 0, 1, 0]",7,0,0,,0.375,8
400,99e631ea-8861-11f1-aaf8-b48c9db4e1b4,10,"[1, 0, 1, 1, 0, 0, 1, 1]",0,1,-1,,0.375,8
401,99e631ea-8861-11f1-aaf8-b48c9db4e1b4,10,"[1, 0, 1, 1, 0, 0, 1, 1]",1,0,0,,0.375,8
402,99e631ea-8861-11f1-aaf8-b48c9db4e1b4,10,"[1, 0, 1, 1, 0, 0, 1, 1]",2,1,-1,,0.375,8
403,99e631ea-8861-11f1-aaf8-b48c9db4e1b4,10,"[1, 0, 1, 1, 0, 0, 1, 1]",3,1,-1,,0.375,8
404,99e631ea-8861-11f1-aaf8-b48c9db4e1b4,10,"[1, 0, 1, 1, 0, 0, 1, 1]",4,0,0,,0.375,8
405,99e631ea-8861-11f1-aaf8-b48c9db4e1b4,10,"[1, 0, 1, 1, 0, 0, 1, 1]",5,0,0,,0.375,8
406,99e631ea-8861-11f1-aaf8-b48c9db4e1b4,10,"[1, 0, 1, 1, 0, 0, 1, 1]",6,1,-1,,0.375,8
407,99e631ea-8861-11f1-aaf8-b48c9db4e1b4,10,"[1, 0, 1, 1, 0, 0, 1, 1]",7,1,-1,,0.375,8
408,99e631ea-8861-11f1-aaf8-b48c9db4e1b4,11,"[1, 0, 1, 1, 0, 1, 1, 0]",0,1,-1,,0.375,8
409,99e631ea-8861-11f1-aaf8-b48c9db4e1b4,11,"[1, 0, 1, 1, 0, 1, 1, 0]",1,0,0,,0.375,8
410,99e631ea-8861-11f1-aaf8-b48c9db4e1b4,11,"[1, 0, 1, 1, 0, 1, 1, 0]",2,1,-1,,0.375,8
411,99e631ea-8861-11f1-aaf8-b48c9db4e1b4,11,"[1, 0, 1, 1, 0, 1, 1, 0]",3,1,-1,,0.375,8
412,99e631ea-8861-11f1-aaf8-b48c9db4e1b4,11,"[1, 0, 1, 1, 0, 1, 1, 0]",4,0,0,,0.375,8
413,99e631ea-8861-11f1-aaf8-b48c9db4e1b4,11,"[1, 0, 1, 1, 0, 1, 1, 0]",5,1,-1,,0.375,8
414,99e631ea-8861-11f1-aaf8-b48c9db4e1b4,11,"[1, 0, 1, 1, 0, 1, 1, 0]",6,1,-1,,0.375,8
415,99e631ea-8861-11f1-aaf8-b48c9db4e1b4,11,"[1, 0, 1, 1, 0, 1, 1, 0]",7,0,0,,0.375,8
416,99e631ea-8861-11f1-aaf8-b48c9db4e1b4,12,"[1, 0, 0, 1, 1, 0, 1, 1]",0,1,-1,,0.375,8
417,99e631ea-8861-11f1-aaf8-b48c9db4e1b4,12,"[1, 0, 0, 1, 1, 0, 1, 1]",1,0,0,,0.375,8
418,99e631ea-8861-11f1-aaf8-b48c9db4e1b4,12,"[1, 0, 0, 1, 1, 0, 1, 1]",2,0,0,,0.375,8
419,99e631ea-8861-11f1-aaf8-b48c9db4e1b4,12,"[1, 0, 0, 1, 1, 0, 1, 1]",3,1,-1,,0.375,8
420,99e631ea-8861-11f1-aaf8-b48c9db4e1b4,12,"[1, 0, 0, 1, 1, 0, 1, 1]",4,1,-1,,0.375,8
421,99e631ea-8861-11f1-aaf8-b48c9db4e1b4,12,"[1, 0, 0, 1, 1, 0, 1, 1]",5,0,0,,0.375,8
422,99e631ea-8861-11f1-aaf8-b48c9db4e1b4,12,"[1, 0, 0, 1, 1, 0, 1, 1]",6,1,-1,,0.375,8
423,99e631ea-8861-11f1-aaf8-b48c9db4e1b4,12,"[1, 0, 0, 1, 1, 0, 1, 1]",7,1,-1,,0.375,8
424,99e631ea-8861-11f1-aaf8-b48c9db4e1b4,13,"[1, 0, 1, 0, 0, 0, 1, 0]",0,1,1,,0.375,8
425,99e631ea-8861-11f1-aaf8-b48c9db4e1b4,13,"[1, 0, 1, 0, 0, 0, 1, 0]",1,0,0,,0.375,8
426,99e631ea-8861-11f1-aaf8-b48c9db4e1b4,13,"[1, 0, 1, 0, 0, 0, 1, 0]",2,1,1,,0.375,8
427,99e631ea-8861-11f1-aaf8-b48c9db4e1b4,13,"[1, 0, 1, 0, 0, 0, 1, 0]",3,0,0,,0.375,8
428,99e631ea-8861-11f1-aaf8-b48c9db4e1b4,13,"[1, 0, 1, 0, 0, 0, 1, 0]",4,0,0,,0.375,8
429,99e631ea-8861-11f1-aaf8-b48c9db4e1b4,13,"[1, 0, 1, 0, 0, 0, 1, 0]",5,0,0,,0.375,8
430,99e631ea-8861-11f1-aaf8-b48c9db4e1b4,13,"[1, 0, 1, 0, 0, 0, 1, 0]",6,1,1,,0.375,8
431,99e631ea-8861-11f1-aaf8-b48c9db4e1b4,13,"[1, 0, 1, 0, 0, 0, 1, 0]",7,0,0,,0.375,8
432,99e631ea-8861-11f1-aaf8-b48c9db4e1b4,14,"[0, 0, 1, 1, 1, 0, 0, 1]",0,0,0,,0.375,8
433,99e631ea-8861-11f1-aaf8-b48c9db4e1b4,14,"[0, 0, 1, 1, 1, 0, 0, 1]",1,0,0,,0.375,8
434,99e631ea-8861-11f1-aaf8-b48c9db4e1b4,14,"[0, 0, 1, 1, 1, 0, 0, 1]",2,1,-1,,0.375,8
435,99e631ea-8861-11f1-aaf8-b48c9db4e1b4,14,"[0, 0, 1, 1, 1, 0, 0, 1]",3,1,-1,,0.375,8
436,99e631ea-8861-11f1-aaf8-b48c9db4e1b4,14,"[0, 0, 1, 1, 1, 0, 0, 1]",4,1,-1,,0.375,8
437,99e631ea-8861-11f1-aaf8-b48c9db4e1b4,14,"[0, 0, 1, 1, 1, 0, 0, 1]",5,0,0,,0.375,8
438,99e631ea-8861-11f1-aaf8-b48c9db4e1b4,14,"[0, 0, 1, 1, 1, 0, 0, 1]",6,0,0,,0.375,8
439,99e631ea-8861-11f1-aaf8-b48c9db4e1b4,14,"[0, 0, 1, 1, 1, 0, 0, 1]",7,1,-1,,0.375,8
440,99e631ea-8861-11f1-aaf8-b48c9db4e1b4,15,"[0, 1, 0, 1, 0, 1, 0, 1]",0,0,0,,0.375,8
441,99e631ea-8861-11f1-aaf8-b48c9db4e1b4,15,"[0, 1, 0, 1, 0, 1, 0, 1]",1,1,-1,,0.375,8
442,99e631ea-8861-11f1-aaf8-b48c9db4e1b4,15,"[0, 1, 0, 1, 0, 1, 0, 1]",2,0,0,,0.375,8
443,99e631ea-8861-11f1-aaf8-b48c9db4e1b4,15,"[0, 1, 0, 1, 0, 1, 0, 1]",3,1,-1,,0.375,8
444,99e631ea-8861-11f1-aaf8-b48c9db4e1b4,15,"[0, 1, 0, 1, 0, 1, 0, 1]",4,0,0,,0.375,8
445,99e631ea-8861-11f1-aaf8-b48c9db4e1b4,15,"[0, 1, 0, 1, 0, 1, 0, 1]",5,1,-1,,0.375,8
446,99e631ea-8861-11f1-aaf8-b48c9db4e1b4,15,"[0, 1, 0, 1, 0, 1, 0, 1]",6,0,0,,0.375,8
447,99e631ea-8861-11f1-aaf8-b48c9db4e1b4,15,"[0, 1, 0, 1, 0, 1, 0, 1]",7,1,-1,,0.375,8
448,99e631ea-8861-11f1-aaf8-b48c9db4e1b4,16,"[1, 1, 0, 0, 1, 1, 0, 1]",0,1,-1,,0.375,8
449,99e631ea-8861-11f1-aaf8-b48c9db4e1b4,16,"[1, 1, 0, 0, 1, 1, 0, 1]",1,1,-1,,0.375,8
450,99e631ea-8861-11f1-aaf8-b48c9db4e1b4,16,"[1, 1, 0, 0, 1, 1, 0, 1]",2,0,0,,0.375,8
451,99e631ea-8861-11f1-aaf8-b48c9db4e1b4,16,"[1, 1, 0, 0, 1, 1, 0, 1]",3,0,0,,0.375,8
452,99e631ea-8861-11f1-aaf8-b48c9db4e1b4,16,"[1, 1, 0, 0, 1, 1, 0, 1]",4,1,-1,,0.375,8
453,99e631ea-8861-11f1-aaf8-b48c9db4e1b4,16,"[1, 1, 0, 0, 1, 1, 0, 1]",5,1,-1,,0.375,8
454,99e631ea-8861-11f1-aaf8-b48c9db4e1b4,16,"[1, 1, 0, 0, 1, 1, 0, 1]",6,0,0,,0.375,8
455,99e631ea-8861-11f1-aaf8-b48c9db4e1b4,16,"[1, 1, 0, 0, 1, 1, 0, 1]",7,1,-1,,0.375,8
456,99e631ea-8861-11f1-aaf8-b48c9db4e1b4,17,"[0, 1, 1, 1, 1, 0, 0, 1]",0,0,0,,0.375,8
457,99e631ea-8861-11f1-aaf8-b48c9db4e1b4,17,"[0, 1, 1, 1, 1, 0, 0, 1]",1,1,-1,,0.375,8
458,99e631ea-8861-11f1-aaf8-b48c9db4e1b4,17,"[0, 1, 1, 1, 1, 0, 0, 1]",2,1,-1,,0.375,8
459,99e631ea-8861-11f1-aaf8-b48c9db4e1b4,17,"[0, 1, 1, 1, 1, 0, 0, 1]",3,1,-1,,0.375,8
460,99e631ea-8861-11f1-aaf8-b48c9db4e1b4,17,"[0, 1, 1, 1, 1, 0, 0, 1]",4,1,-1,,0.375,8
461,99e631ea-8861-11f1-aaf8-b48c9db4e1b4,17,"[0, 1, 1, 1, 1, 0, 0, 1]",5,0,0,,0.375,8
462,99e631ea-8861-11f1-aaf8-b48c9db4e1b4,17,"[0, 1, 1, 1, 1, 0, 0, 1]",6,0,0,,0.375,8
463,99e631ea-8861-11f1-aaf8-b48c9db4e1b4,17,"[0, 1, 1, 1, 1, 0, 0, 1]",7,1,-1,,0.375,8
464,99e631ea-8861-11f1-aaf8-b48c9db4e1b4,18,"[0, 0, 0, 0, 0, 1, 1, 1]",0,0,0,,0.375,8
465,99e631ea-8861-11f1-aaf8-b48c9db4e1b4,18,"[0, 0, 0, 0, 0, 1, 1, 1]",1,0,0,,0.375,8
466,99e631ea-8861-11f1-aaf8-b48c9db4e1b4,18,"[0, 0, 0, 0, 0, 1, 1, 1]",2,0,0,,0.375,8
467,99e631ea-8861-11f1-aaf8-b48c9db4e1b4,18,"[0, 0, 0, 0, 0, 1, 1, 1]",3,0,0,,0.375,8
468,99e631ea-8861-11f1-aaf8-b48c9db4e1b4,18,"[0, 0, 0, 0, 0, 1, 1, 1]",4,0,0,,0.375,8
469,99e631ea-8861-11f1-aaf8-b48c9db4e1b4,18,"[0, 0, 0, 0, 0, 1, 1, 1]",5,1,1,,0.375,8
470,99e631ea-8861-11f1-aaf8-b48c9db4e1b4,18,"[0, 0, 0, 0, 0, 1, 1, 1]",6,1,1,,0.375,8
471,99e631ea-8861-11f1-aaf8-b48c9db4e1b4,18,"[0, 0, 0, 0, 0, 1, 1, 1]",7,1,1,,0.375,8
472,99e631ea-8861-11f1-aaf8-b48c9db4e1b4,19,"[0, 1, 1, 1, 1, 0, 0, 1]",0,0,0,,0.375,8
473,99e631ea-8861-11f1-aaf8-b48c9db4e1b4,19,"[0, 1, 1, 1, 1, 0, 0, 1]",1,1,-1,,0.375,8
474,99e631ea-8861-11f1-aaf8-b48c9db4e1b4,19,"[0, 1, 1, 1, 1, 0, 0, 1]",2,1,-1,,0.375,8
475,99e631ea-8861-11f1-aaf8-b48c9db4e1b4,19,"[0, 1, 1, 1, 1, 0, 0, 1]",3,1,-1,,0.375,8
476,99e631ea-8861-11f1-aaf8-b48c9db4e1b4,19,"[0, 1, 1, 1, 1, 0, 0, 1]",4,1,-1,,0.375,8
477,99e631ea-8861-11f1-aaf8-b48c9db4e1b4,19,"[0, 1, 1, 1, 1, 0, 0, 1]",5,0,0,,0.375,8
478,99e631ea-8861-11f1-aaf8-b48c9db4e1b4,19,"[0, 1, 1, 1, 1, 0, 0, 1]",6,0,0,,0.375,8
479,99e631ea-8861-11f1-aaf8-b48c9db4e1b4,19,"[0, 1, 1, 1, 1, 0, 0, 1]",7,1,-1,,0.375,8
480,99e90efa-8861-11f1-adb4-b48c9db4e1b4,0,"[1, 1, 1, 0, 1, 0, 0, 0]",0,1,-1,,0.375,8
481,99e90efa-8861-11f1-adb4-b48c9db4e1b4,0,"[1, 1, 1, 0, 1, 0, 0, 0]",1,1,-1,,0.375,8
482,99e90efa-8861-11f1-adb4-b48c9db4e1b4,0,"[1, 1, 1, 0, 1, 0, 0, 0]",2,1,-1,,0.375,8
483,99e90efa-8861-11f1-adb4-b48c9db4e1b4,0,"[1, 1, 1, 0, 1, 0, 0, 0]",3,0,0,,0.375,8
484,99e90efa-8861-11f1-adb4-b48c9db4e1b4,0,"[1, 1, 1, 0, 1, 0, 0, 0]",4,1,-1,,0.375,8
485,99e90efa-8861-11f1-adb4-b48c9db4e1b4,0,"[1, 1, 1, 0, 1, 0, 0, 0]",5,0,0,,0.375,8
486,99e90efa-8861-11f1-adb4-b48c9db4e1b4,0,"[1, 1, 1, 0, 1, 0, 0, 0]",6,0,0,,0.375,8
487,99e90efa-8861-11f1-adb4-b48c9db4e1b4,0,"[1, 1, 1, 0, 1, 0, 0, 0]",7,0,0,,0.375,8
488,99e90efa-8861-11f1-adb4-b48c9db4e1b4,1,"[0, 1, 0, 1, 1, 0, 0, 1]",0,0,0,,0.375,8
489,99e90efa-8861-11f1-adb4-b48c9db4e1b4,1,"[0, 1, 0, 1, 1, 0, 0, 1]",1,1,-1,,0.375,8
490,99e90efa-8861-11f1-adb4-b48c9db4e1b4,1,"[0, 1, 0, 1, 1, 0, 0, 1]",2,0,0,,0.375,8
491,99e90efa-8861-11f1-adb4-b48c9db4e1b4,1,"[0, 1, 0, 1, 1, 0, 0, 1]",3,1,-1,,0.375,8
492,99e90efa-8861-11f1-adb4-b48c9db4e1b4,1,"[0, 1, 0, 1, 1, 0, 0, 1]",4,1,-1,,0.375,8
493,99e90efa-8861-11f1-adb4-b48c9db4e1b4,1,"[0, 1, 0, 1, 1, 0, 0, 1]",5,0,0,,0.375,8
494,99e90efa-8861-11f1-adb4-b48c9db4e1b4,1,"[0, 1, 0, 1, 1, 0, 0, 1]",6,0,0,,0.375,8
495,99e90efa-8861-11f1-adb4-b48c9db4e1b4,1,"[0, 1, 0, 1, 1, 0, 0, 1]",7,1,-1,,0.375,8
496,99e90efa-8861-11f1-adb4-b48c9db4e1b4,2,"[1, 1, 0, 1, 1, 0, 0, 0]",0,1,-1,,0.375,8
497,99e90efa-8861-11f1-adb4-b48c9db4e1b4,2,"[1, 1, 0, 1, 1, 0, 0, 0]",1,1,-1,,0.375,8
498,99e90efa-8861-11f1-adb4-b48c9db4e1b4,2,"[1, 1, 0, 1, 1, 0, 0, 0]",2,0,0,,0.375,8
499,99e90efa-8861-11f1-adb4-b48c9db4e1b4,2,"[1, 1, 0, 1, 1, 0, 0, 0]",3,1,-1,,0.375,8
500,99e90efa-8861-11f1-adb4-b48c9db4e1b4,2,"[1, 1, 0, 1, 1, 0, 0, 0]",4,1,-1,,0.375,8
501,99e90efa-8861-11f1-adb4-b48c9db4e1b4,2,"[1, 1, 0, 1, 1, 0, 0, 0]",5,0,0,,0.375,8
502,99e90efa-8861-11f1-adb4-b48c9db4e1b4,2,"[1, 1, 0, 1, 1, 0, 0, 0]",6,0,0,,0.375,8
503,99e90efa-8861-11f1-adb4-b48c9db4e1b4,2,"[1, 1, 0, 1, 1, 0, 0, 0]",7,0,0,,0.375,8
504,99e90efa-8861-11f1-adb4-b48c9db4e1b4,3,"[0, 0, 0, 0, 0, 1, 1, 1]",0,0,0,,0.375,8
505,99e90efa-8861-11f1-adb4-b48c9db4e1b4,3,"[0, 0, 0, 0, 0, 1, 1, 1]",1,0,0,,0.375,8
506,99e90efa-8861-11f1-adb4-b48c9db4e1b4,3,"[0, 0, 0, 0, 0, 1, 1, 1]",2,0,0,,0.375,8
507,99e90efa-8861-11f1-adb4-b48c9db4e1b4,3,"[0, 0, 0, 0, 0, 1, 1, 1]",3,0,0,,0.375,8
508,99e90efa-8861-11f1-adb4-b48c9db4e1b4,3,"[0, 0, 0, 0, 0, 1, 1, 1]",4,0,0,,0.375,8
509,99e90efa-8861-11f1-adb4-b48c9db4e1b4,3,"[0, 0, 0, 0, 0, 1, 1, 1]",5,1,1,,0.375,8
510,99e90efa-8861-11f1-adb4-b48c9db4e1b4,3,"[0, 0, 0, 0, 0, 1, 1, 1]",6,1,1,,0.375,8
511,99e90efa-8861-11f1-adb4-b48c9db4e1b4,3,"[0, 0, 0, 0, 0, 1, 1, 1]",7,1,1,,0.375,8
512,99e90efa-8861-11f1-adb4-b48c9db4e1b4,4,"[0, 0, 1, 1, 0, 1, 1, 0]",0,0,0,,0.375,8
513,99e90efa-8861-11f1-adb4-b48c9db4e1b4,4,"[0, 0, 1, 1, 0, 1, 1, 0]",1,0,0,,0.375,8
514,99e90efa-8861-11f1-adb4-b48c9db4e1b4,4,"[0, 0, 1, 1, 0, 1, 1, 0]",2,1,-1,,0.375,8
515,99e90efa-8861-11f1-adb4-b48c9db4e1b4,4,"[0, 0, 1, 1, 0, 1, 1, 0]",3,1,-1,,0.375,8
516,99e90efa-8861-11f1-adb4-b48c9db4e1b4,4,"[0, 0, 1, 1, 0, 1, 1, 0]",4,0,0,,0.375,8
517,99e90efa-8861-11f1-adb4-b48c9db4e1b4,4,"[0, 0, 1, 1, 0, 1, 1, 0]",5,1,-1,,0.375,8
518,99e90efa-8861-11f1-adb4-b48c9db4e1b4,4,"[0, 0, 1, 1, 0, 1, 1, 0]",6,1,-1,,0.375,8
519,99e90efa-8861-11f1-adb4-b48c9db4e1b4,4,"[0, 0, 1, 1, 0, 1, 1, 0]",7,0,0,,0.375,8
520,99e90efa-8861-11f1-adb4-b48c9db4e1b4,5,"[1, 1, 1, 0, 1, 1, 1, 1]",0,1,-1,,0.375,8
521,99e90efa-8861-11f1-adb4-b48c9db4e1b4,5,"[1, 1, 1, 0, 1, 1, 1, 1]",1,1,-1,,0.375,8
522,99e90efa-8861-11f1-adb4-b48c9db4e1b4,5,"[1, 1, 1, 0, 1, 1, 1, 1]",2,1,-1,,0.375,8
523,99e90efa-8861-11f1-adb4-b48c9db4e1b4,5,"[1, 1, 1, 0, 1, 1, 1, 1]",3,0,0,,0.375,8
524,99e90efa-8861-11f1-adb4-b48c9db4e1b4,5,"[1, 1, 1, 0, 1, 1, 1, 1]",4,1,-1,,0.375,8
525,99e90efa-8861-11f1-adb4-b48c9db4e1b4,5,"[1, 1, 1, 0, 1, 1, 1, 1]",5,1,-1,,0.375,8
526,99e90efa-8861-11f1-adb4-b48c9db4e1b4,5,"[1, 1, 1, 0, 1, 1, 1, 1]",6,1,-1,,0.375,8
527,99e90efa-8861-11f1-adb4-b48c9db4e1b4,5,"[1, 1, 1, 0, 1, 1, 1, 1]",7,1,-1,,0.375,8
528,99e90efa-8861-11f1-adb4-b48c9db4e1b4,6,"[1, 1, 0, 1, 1, 0, 0, 1]",0,1,-1,,0.375,8
529,99e90efa-8861-11f1-adb4-b48c9db4e1b4,6,"[1, 1, 0, 1, 1, 0, 0, 1]",1,1,-1,,0.375,8
530,99e90efa-8861-11f1-adb4-b48c9db4e1b4,6,"[1, 1, 0, 1, 1, 0, 0, 1]",2,0,0,,0.375,8
531,99e90efa-8861-11f1-adb4-b48c9db4e1b4,6,"[1, 1, 0, 1, 1, 0, 0, 1]",3,1,-1,,0.375,8
532,99e90efa-8861-11f1-adb4-b48c9db4e1b4,6,"[1, 1, 0, 1, 1, 0, 0, 1]",4,1,-1,,0.375,8
533,99e90efa-8861-11f1-adb4-b48c9db4e1b4,6,"[1, 1, 0, 1, 1, 0, 0, 1]",5,0,0,,0.375,8
534,99e90efa-8861-11f1-adb4-b48c9db4e1b4,6,"[1, 1, 0, 1, 1, 0, 0, 1]",6,0,0,,0.375,8
535,99e90efa-8861-11f1-adb4-b48c9db4e1b4,6,"[1, 1, 0, 1, 1, 0, 0, 1]",7,1,-1,,0.375,8
536,99e90efa-8861-11f1-adb4-b48c9db4e1b4,7,"[0, 1, 1, 1, 1, 0, 0, 1]",0,0,0,,0.375,8
537,99e90efa-8861-11f1-adb4-b48c9db4e1b4,7,"[0, 1, 1, 1, 1, 0, 0, 1]",1,1,-1,,0.375,8
538,99e90efa-8861-11f1-adb4-b48c9db4e1b4,7,"[0, 1, 1, 1, 1, 0, 0, 1]",2,1,-1,,0.375,8
539,99e90efa-8861-11f1-adb4-b48c9db4e1b4,7,"[0, 1, 1, 1, 1, 0, 0, 1]",3,1,-1,,0.375,8
540,99e90efa-8861-11f1-adb4-b48c9db4e1b4,7,"[0, 1, 1, 1, 1, 0, 0, 1]",4,1,-1,,0.375,8
541,99e90efa-8861-11f1-adb4-b48c9db4e1b4,7,"[0, 1, 1, 1, 1, 0, 0, 1]",5,0,0,,0.375,8
542,99e90efa-8861-11f1-adb4-b48c9db4e1b4,7,"[0, 1, 1, 1, 1, 0, 0, 1]",6,0,0,,0.375,8
543,99e90efa-8861-11f1-adb4-b48c9db4e1b4,7,"[0, 1, 1, 1, 1, 0, 0, 1]",7,1,-1,,0.375,8
544,99e90efa-8861-11f1-adb4-b48c9db4e1b4,8,"[0, 0, 1, 0, 1, 1, 1, 0]",0,0,0,,0.375,8
545,99e90efa-8861-11f1-adb4-b48c9db4e1b4,8,"[0, 0, 1, 0, 1, 1, 1, 0]",1,0,0,,0.375,8
546,99e90efa-8861-11f1-adb4-b48c9db4e1b4,8,"[0, 0, 1, 0, 1, 1, 1, 0]",2,1,-1,,0.375,8
547,99e90efa-8861-11f1-adb4-b48c9db4e1b4,8,"[0, 0, 1, 0, 1, 1, 1, 0]",3,0,0,,0.375,8
548,99e90efa-8861-11f1-adb4-b48c9db4e1b4,8,"[0, 0, 1, 0, 1, 1, 1, 0]",4,1,-1,,0.375,8
549,99e90efa-8861-11f1-adb4-b48c9db4e1b4,8,"[0, 0, 1, 0, 1, 1, 1, 0]",5,1,-1,,0.375,8
550,99e90efa-8861-11f1-adb4-b48c9db4e1b4,8,"[0, 0, 1, 0, 1, 1, 1, 0]",6,1,-1,,0.375,8
551,99e90efa-8861-11f1-adb4-b48c9db4e1b4,8,"[0, 0, 1, 0, 1, 1, 1, 0]",7,0,0,,0.375,8
552,99e90efa-8861-11f1-adb4-b48c9db4e1b4,9,"[1, 0, 1, 0, 1, 1, 1, 0]",0,1,-1,,0.375,8
553,99e90efa-8861-11f1-adb4-b48c9db4e1b4,9,"[1, 0, 1, 0, 1, 1, 1, 0]",1,0,0,,0.375,8
554,99e90efa-8861-11f1-adb4-b48c9db4e1b4,9,"[1, 0, 1, 0, 1, 1, 1, 0]",2,1,-1,,0.375,8
555,99e90efa-8861-11f1-adb4-b48c9db4e1b4,9,"[1, 0, 1, 0, 1, 1, 1, 0]",3,0,0,,0.375,8
556,99e90efa-8861-11f1-adb4-b48c9db4e1b4,9,"[1, 0, 1, 0, 1, 1, 1, 0]",4,1,-1,,0.375,8
557,99e90efa-8861-11f1-adb4-b48c9db4e1b4,9,"[1, 0, 1, 0, 1, 1, 1, 0]",5,1,-1,,0.375,8
558,99e90efa-8861-11f1-adb4-b48c9db4e1b4,9,"[1, 0, 1, 0, 1, 1, 1, 0]",6,1,-1,,0.375,8
559,99e90efa-8861-11f1-adb4-b48c9db4e1b4,9,"[1, 0, 1, 0, 1, 1, 1, 0]",7,0,0,,0.375,8
560,99e90efa-8861-11f1-adb4-b48c9db4e1b4,10,"[0, 0, 0, 0, 1, 0, 0, 0]",0,0,0,,0.375,8
561,99e90efa-8861-11f1-adb4-b48c9db4e1b4,10,"[0, 0, 0, 0, 1, 0, 0, 0]",1,0,0,,0.375,8
562,99e90efa-8861-11f1-adb4-b48c9db4e1b4,10,"[0, 0, 0, 0, 1, 0, 0, 0]",2,0,0,,0.375,8
563,99e90efa-8861-11f1-adb4-b48c9db4e1b4,10,"[0, 0, 0, 0, 1, 0, 0, 0]",3,0,0,,0.375,8
564,99e90efa-8861-11f1-adb4-b48c9db4e1b4,10,"[0, 0, 0, 0, 1, 0, 0, 0]",4,1,1,,0.375,8
565,99e90efa-8861-11f1-adb4-b48c9db4e1b4,10,"[0, 0, 0, 0, 1, 0, 0, 0]",5,0,0,,0.375,8
566,99e90efa-8861-11f1-adb4-b48c9db4e1b4,10,"[0, 0, 0, 0, 1, 0, 0, 0]",6,0,0,,0.375,8
567,99e90efa-8861-11f1-adb4-b48c9db4e1b4,10,"[0, 0, 0, 0, 1, 0, 0, 0]",7,0,0,,0.375,8
568,99e90efa-8861-11f1-adb4-b48c9db4e1b4,11,"[0, 1, 1, 0, 1, 1, 0, 0]",0,0,0,,0.375,8
569,99e90efa-8861-11f1-adb4-b48c9db4e1b4,11,"[0, 1, 1, 0, 1, 1, 0, 0]",1,1,-1,,0.375,8
570,99e90efa-8861-11f1-adb4-b48c9db4e1b4,11,"[0, 1, 1, 0, 1, 1, 0, 0]",2,1,-1,,0.375,8
571,99e90efa-8861-11f1-adb4-b48c9db4e1b4,11,"[0, 1, 1, 0, 1, 1, 0, 0]",3,0,0,,0.375,8
572,99e90efa-8861-11f1-adb4-b48c9db4e1b4,11,"[0, 1, 1, 0, 1, 1, 0, 0]",4,1,-1,,0.375,8
573,99e90efa-8861-11f1-adb4-b48c9db4e1b4,11,"[0, 1, 1, 0, 1, 1, 0, 0]",5,1,-1,,0.375,8
574,99e90efa-8861-11f1-adb4-b48c9db4e1b4,11,"[0, 1, 1, 0, 1, 1, 0, 0]",6,0,0,,0.375,8
575,99e90efa-8861-11f1-adb4-b48c9db4e1b4,11,"[0, 1, 1, 0, 1, 1, 0, 0]",7,0,0,,0.375,8
576,99e90efa-8861-11f1-adb4-b48c9db4e1b4,12,"[1, 0, 1, 0, 1, 0, 0, 1]",0,1,-1,,0.375,8
577,99e90efa-8861-11f1-adb4-b48c9db4e1b4,12,"[1, 0, 1, 0, 1, 0, 0, 1]",1,0,0,,0.375,8
578,99e90efa-8861-11f1-adb4-b48c9db4e1b4,12,"[1, 0, 1, 0, 1, 0, 0, 1]",2,1,-1,,0.375,8
579,99e90efa-8861-11f1-adb4-b48c9db4e1b4,12,"[1, 0, 1, 0, 1, 0, 0, 1]",3,0,0,,0.375,8
580,99e90efa-8861-11f1-adb4-b48c9db4e1b4,12,"[1, 0, 1, 0, 1, 0, 0, 1]",4,1,-1,,0.375,8
581,99e90efa-8861-11f1-adb4-b48c9db4e1b4,12,"[1, 0, 1, 0, 1, 0, 0, 1]",5,0,0,,0.375,8
582,99e90efa-8861-11f1-adb4-b48c9db4e1b4,12,"[1, 0, 1, 0, 1, 0, 0, 1]",6,0,0,,0.375,8
583,99e90efa-8861-11f1-adb4-b48c9db4e1b4,12,"[1, 0, 1, 0, 1, 0, 0, 1]",7,1,-1,,0.375,8
584,99e90efa-8861-11f1-adb4-b48c9db4e1b4,13,"[0, 0, 1, 0, 0, 1, 0, 0]",0,0,0,,0.375,8
585,99e90efa-8861-11f1-adb4-b48c9db4e1b4,13,"[0, 0, 1, 0, 0, 1, 0, 0]",1,0,0,,0.375,8
586,99e90efa-8861-11f1-adb4-b48c9db4e1b4,13,"[0, 0, 1, 0, 0, 1, 0, 0]",2,1,1,,0.375,8
587,99e90efa-8861-11f1-adb4-b48c9db4e1b4,13,"[0, 0, 1, 0, 0, 1, 0, 0]",3,0,0,,0.375,8
588,99e90efa-8861-11f1-adb4-b48c9db4e1b4,13,"[0, 0, 1, 0, 0, 1, 0, 0]",4,0,0,,0.375,8
589,99e90efa-8861-11f1-adb4-b48c9db4e1b4,13,"[0, 0, 1, 0, 0, 1, 0, 0]",5,1,1,,0.375,8
590,99e90efa-8861-11f1-adb4-b48c9db4e1b4,13,"[0, 0, 1, 0, 0, 1, 0, 0]",6,0,0,,0.375,8
591,99e90efa-8861-11f1-adb4-b48c9db4e1b4,13,"[0, 0, 1, 0, 0, 1, 0, 0]",7,0,0,,0.375,8
592,99e90efa-8861-11f1-adb4-b48c9db4e1b4,14,"[0, 1, 0, 0, 1, 0, 0, 1]",0,0,0,,0.375,8
593,99e90efa-8861-11f1-adb4-b48c9db4e1b4,14,"[0, 1, 0, 0, 1, 0, 0, 1]",1,1,1,,0.375,8
594,99e90efa-8861-11f1-adb4-b48c9db4e1b4,14,"[0, 1, 0, 0, 1, 0, 0, 1]",2,0,0,,0.375,8
595,99e90efa-8861-11f1-adb4-b48c9db4e1b4,14,"[0, 1, 0, 0, 1, 0, 0, 1]",3,0,0,,0.375,8
596,99e90efa-8861-11f1-adb4-b48c9db4e1b4,14,"[0, 1, 0, 0, 1, 0, 0, 1]",4,1,1,,0.375,8
597,99e90efa-8861-11f1-adb4-b48c9db4e1b4,14,"[0, 1, 0, 0, 1, 0, 0, 1]",5,0,0,,0.375,8
598,99e90efa-8861-11f1-adb4-b48c9db4e1b4,14,"[0, 1, 0, 0, 1, 0, 0, 1]",6,0,0,,0.375,8
599,99e90efa-8861-11f1-adb4-b48c9db4e1b4,14,"[0, 1, 0, 0, 1, 0, 0, 1]",7,1,1,,0.375,8
600,99e90efa-8861-11f1-adb4-b48c9db4e1b4,15,"[1, 1, 1, 0, 0, 0, 0, 0]",0,1,1,,0.375,8
601,99e90efa-8861-11f1-adb4-b48c9db4e1b4,15,"[1, 1, 1, 0, 0, 0, 0, 0]",1,1,1,,0.375,8
602,99e90efa-8861-11f1-adb4-b48c9db4e1b4,15,"[1, 1, 1, 0, 0, 0, 0, 0]",2,1,1,,0.375,8
603,99e90efa-8861-11f1-adb4-b48c9db4e1b4,15,"[1, 1, 1, 0, 0, 0, 0, 0]",3,0,0,,0.375,8
604,99e90efa-8861-11f1-adb4-b48c9db4e1b4,15,"[1, 1, 1, 0, 0, 0, 0, 0]",4,0,0,,0.375,8
605,99e90efa-8861-11f1-adb4-b48c9db4e1b4,15,"[1, 1, 1, 0, 0, 0, 0, 0]",5,0,0,,0.375,8
606,99e90efa-8861-11f1-adb4-b48c9db4e1b4,15,"[1, 1, 1, 0, 0, 0, 0, 0]",6,0,0,,0.375,8
607,99e90efa-8861-11f1-adb4-b48c9db4e1b4,15,"[1, 1, 1, 0, 0, 0, 0, 0]",7,0,0,,0.375,8
608,99e90efa-8861-11f1-adb4-b48c9db4e1b4,16,"[0, 1, 1, 0, 0, 1, 0, 0]",0,0,0,,0.375,8
609,99e90efa-8861-11f1-adb4-b48c9db4e1b4,16,"[0, 1, 1, 0, 0, 1, 0, 0]",1,1,1,,0.375,8
610,99e90efa-8861-11f1-adb4-b48c9db4e1b4,16,"[0, 1, 1, 0, 0, 1, 0, 0]",2,1,1,,0.375,8
611,99e90efa-8861-11f1-adb4-b48c9db4e1b4,16,"[0, 1, 1, 0, 0, 1, 0, 0]",3,0,0,,0.375,8
612,99e90efa-8861-11f1-adb4-b48c9db4e1b4,16,"[0, 1, 1, 0, 0, 1, 0, 0]",4,0,0,,0.375,8
613,99e90efa-8861-11f1-adb4-b48c9db4e1b4,16,"[0, 1, 1, 0, 0, 1, 0, 0]",5,1,1,,0.375,8
614,99e90efa-8861-11f1-adb4-b48c9db4e1b4,16,"[0, 1, 1, 0, 0, 1, 0, 0]",6,0,0,,0.375,8
615,99e90efa-8861-11f1-adb4-b48c9db4e1b4,16,"[0, 1, 1, 0, 0, 1, 0, 0]",7,0,0,,0.375,8
616,99e90efa-8861-11f1-adb4-b48c9db4e1b4,17,"[1, 0, 1, 0, 1, 0, 0, 1]",0,1,-1,,0.375,8
617,99e90efa-8861-11f1-adb4-b48c9db4e1b4,17,"[1, 0, 1, 0, 1, 0, 0, 1]",1,0,0,,0.375,8
618,99e90efa-8861-11f1-adb4-b48c9db4e1b4,17,"[1, 0, 1, 0, 1, 0, 0, 1]",2,1,-1,,0.375,8
619,99e90efa-8861-11f1-adb4-b48c9db4e1b4,17,"[1, 0, 1, 0, 1, 0, 0, 1]",3,0,0,,0.375,8
620,99e90efa-8861-11f1-adb4-b48c9db4e1b4,17,"[1, 0, 1, 0, 1, 0, 0, 1]",4,1,-1,,0.375,8
621,99e90efa-8861-11f1-adb4-b48c9db4e1b4,17,"[1, 0, 1, 0, 1, 0, 0, 1]",5,0,0,,0.375,8
622,99e90efa-8861-11f1-adb4-b48c9db4e1b4,17,"[1, 0, 1, 0, 1, 0, 0, 1]",6,0,0,,0.375,8
623,99e90efa-8861-11f1-adb4-b48c9db4e1b4,17,"[1, 0, 1, 0, 1, 0, 0, 1]",7,1,-1,,0.375,8
624,99e90efa-8861-11f1-adb4-b48c9db4e1b4,18,"[1, 0, 1, 1, 0, 1, 1, 1]",0,1,-1,,0.375,8
625,99e90efa-8861-11f1-adb4-b48c9db4e1b4,18,"[1, 0, 1, 1, 0, 1, 1, 1]",1,0,0,,0.375,8
626,99e90efa-8861-11f1-adb4-b48c9db4e1b4,18,"[1, 0, 1, 1, 0, 1, 1, 1]",2,1,-1,,0.375,8
627,99e90efa-8861-11f1-adb4-b48c9db4e1b4,18,"[1, 0, 1, 1, 0, 1, 1, 1]",3,1,-1,,0.375,8
628,99e90efa-8861-11f1-adb4-b48c9db4e1b4,18,"[1, 0, 1, 1, 0, 1, 1, 1]",4,0,0,,0.375,8
629,99e90efa-8861-11f1-adb4-b48c9db4e1b4,18,"[1, 0, 1, 1, 0, 1, 1, 1]",5,1,-1,,0.375,8
630,99e90efa-8861-11f1-adb4-b48c9db4e1b4,18,"[1, 0, 1, 1, 0, 1, 1, 1]",6,1,-1,,0.375,8
631,99e90efa-8861-11f1-adb4-b48c9db4e1b4,18,"[1, 0, 1, 1, 0, 1, 1, 1]",7,1,-1,,0.375,8
632,99e90efa-8861-11f1-adb4-b48c9db4e1b4,19,"[1, 1, 0, 0, 1, 0, 1, 1]",0,1,-1,,0.375,8
633,99e90efa-8861-11f1-adb4-b48c9db4e1b4,19,"[1, 1, 0, 0, 1, 0, 1, 1]",1,1,-1,,0.375,8
634,99e90efa-8861-11f1-adb4-b48c9db4e1b4,19,"[1, 1, 0, 0, 1, 0, 1, 1]",2,0,0,,0.375,8
635,99e90efa-8861-11f1-adb4-b48c9db4e1b4,19,"[1, 1, 0, 0, 1, 0, 1, 1]",3,0,0,,0.375,8
636,99e90efa-8861-11f1-adb4-b48c9db4e1b4,19,"[1, 1, 0, 0, 1, 0, 1, 1]",4,1,-1,,0.375,8
637,99e90efa-8861-11f1-adb4-b48c9db4e1b4,19,"[1, 1, 0, 0, 1, 0, 1, 1]",5,0,0,,0.375,8
638,99e90efa-8861-11f1-adb4-b48c9db4e1b4,19,"[1, 1, 0, 0, 1, 0, 1, 1]",6,1,-1,,0.375,8
639,99e90efa-8861-11f1-adb4-b48c9db4e1b4,19,"[1, 1, 0, 0, 1, 0, 1, 1]",7,1,-1,,0.375,8
640,99ebf74e-8861-11f1-9fac-b48c9db4e1b4,0,"[0, 1, 1, 1, 1, 1, 1, 1]",0,0,0,,0.375,8
641,99ebf74e-8861-11f1-9fac-b48c9db4e1b4,0,"[0, 1, 1, 1, 1, 1, 1, 1]",1,1,-1,,0.375,8
642,99ebf74e-8861-11f1-9fac-b48c9db4e1b4,0,"[0, 1, 1, 1, 1, 1, 1, 1]",2,1,-1,,0.375,8
643,99ebf74e-8861-11f1-9fac-b48c9db4e1b4,0,"[0, 1, 1, 1, 1, 1, 1, 1]",3,1,-1,,0.375,8
644,99ebf74e-8861-11f1-9fac-b48c9db4e1b4,0,"[0, 1, 1, 1, 1, 1, 1, 1]",4,1,-1,,0.375,8
645,99ebf74e-8861-11f1-9fac-b48c9db4e1b4,0,"[0, 1, 1, 1, 1, 1, 1, 1]",5,1,-1,,0.375,8
646,99ebf74e-8861-11f1-9fac-b48c9db4e1b4,0,"[0, 1, 1, 1, 1, 1, 1, 1]",6,1,-1,,0.375,8
647,99ebf74e-8861-11f1-9fac-b48c9db4e1b4,0,"[0, 1, 1, 1, 1, 1, 1, 1]",7,1,-1,,0.375,8
648,99ebf74e-8861-11f1-9fac-b48c9db4e1b4,1,"[0, 0, 0, 0, 0, 1, 0, 1]",0,0,0,,0.375,8
649,99ebf74e-8861-11f1-9fac-b48c9db4e1b4,1,"[0, 0, 0, 0, 0, 1, 0, 1]",1,0,0,,0.375,8
650,99ebf74e-8861-11f1-9fac-b48c9db4e1b4,1,"[0, 0, 0, 0, 0, 1, 0, 1]",2,0,0,,0.375,8
651,99ebf74e-8861-11f1-9fac-b48c9db4e1b4,1,"[0, 0, 0, 0, 0, 1, 0, 1]",3,0,0,,0.375,8
652,99ebf74e-8861-11f1-9fac-b48c9db4e1b4,1,"[0, 0, 0, 0, 0, 1, 0, 1]",4,0,0,,0.375,8
653,99ebf74e-8861-11f1-9fac-b48c9db4e1b4,1,"[0, 0, 0, 0, 0, 1, 0, 1]",5,1,1,,0.375,8
654,99ebf74e-8861-11f1-9fac-b48c9db4e1b4,1,"[0, 0, 0, 0, 0, 1, 0, 1]",6,0,0,,0.375,8
655,99ebf74e-8861-11f1-9fac-b48c9db4e1b4,1,"[0, 0, 0, 0, 0, 1, 0, 1]",7,1,1,,0.375,8
656,99ebf74e-8861-11f1-9fac-b48c9db4e1b4,2,"[1, 0, 0, 0, 0, 1, 1, 1]",0,1,-1,,0.375,8
657,99ebf74e-8861-11f1-9fac-b48c9db4e1b4,2,"[1, 0, 0, 0, 0, 1, 1, 1]",1,0,0,,0.375,8
658,99ebf74e-8861-11f1-9fac-b48c9db4e1b4,2,"[1, 0, 0, 0, 0, 1, 1, 1]",2,0,0,,0.375,8
659,99ebf74e-8861-11f1-9fac-b48c9db4e1b4,2,"[1, 0, 0, 0, 0, 1, 1, 1]",3,0,0,,0.375,8
660,99ebf74e-8861-11f1-9fac-b48c9db4e1b4,2,"[1, 0, 0, 0, 0, 1, 1, 1]",4,0,0,,0.375,8
661,99ebf74e-8861-11f1-9fac-b48c9db4e1b4,2,"[1, 0, 0, 0, 0, 1, 1, 1]",5,1,-1,,0.375,8
662,99ebf74e-8861-11f1-9fac-b48c9db4e1b4,2,"[1, 0, 0, 0, 0, 1, 1, 1]",6,1,-1,,0.375,8
663,99ebf74e-8861-11f1-9fac-b48c9db4e1b4,2,"[1, 0, 0, 0, 0, 1, 1, 1]",7,1,-1,,0.375,8
664,99ebf74e-8861-11f1-9fac-b48c9db4e1b4,3,"[1, 0, 1, 1, 0, 1, 1, 1]",0,1,-1,,0.375,8
665,99ebf74e-8861-11f1-9fac-b48c9db4e1b4,3,"[1, 0, 1, 1, 0, 1, 1, 1]",1,0,0,,0.375,8
666,99ebf74e-8861-11f1-9fac-b48c9db4e1b4,3,"[1, 0, 1, 1, 0, 1, 1, 1]",2,1,-1,,0.375,8
667,99ebf74e-8861-11f1-9fac-b48c9db4e1b4,3,"[1, 0, 1, 1, 0, 1, 1, 1]",3,1,-1,,0.375,8
668,99ebf74e-8861-11f1-9fac-b48c9db4e1b4,3,"[1, 0, 1, 1, 0, 1, 1, 1]",4,0,0,,0.375,8
669,99ebf74e-8861-11f1-9fac-b48c9db4e1b4,3,"[1, 0, 1, 1, 0, 1, 1, 1]",5,1,-1,,0.375,8
670,99ebf74e-8861-11f1-9fac-b48c9db4e1b4,3,"[1, 0, 1, 1, 0, 1, 1, 1]",6,1,-1,,0.375,8
671,99ebf74e-8861-11f1-9fac-b48c9db4e1b4,3,"[1, 0, 1, 1, 0, 1, 1, 1]",7,1,-1,,0.375,8
672,99ebf74e-8861-11f1-9fac-b48c9db4e1b4,4,"[0, 0, 0, 0, 1, 1, 0, 1]",0,0,0,,0.375,8
673,99ebf74e-8861-11f1-9fac-b48c9db4e1b4,4,"[0, 0, 0, 0, 1, 1, 0, 1]",1,0,0,,0.375,8
674,99ebf74e-8861-11f1-9fac-b48c9db4e1b4,4,"[0, 0, 0, 0, 1, 1, 0, 1]",2,0,0,,0.375,8
675,99ebf74e-8861-11f1-9fac-b48c9db4e1b4,4,"[0, 0, 0, 0, 1, 1, 0, 1]",3,0,0,,0.375,8
676,99ebf74e-8861-11f1-9fac-b48c9db4e1b4,4,"[0, 0, 0, 0, 1, 1, 0, 1]",4,1,1,,0.375,8
677,99ebf74e-8861-11f1-9fac-b48c9db4e1b4,4,"[0, 0, 0, 0, 1, 1, 0, 1]",5,1,1,,0.375,8
678,99ebf74e-8861-11f1-9fac-b48c9db4e1b4,4,"[0, 0, 0, 0, 1, 1, 0, 1]",6,0,0,,0.375,8
679,99ebf74e-8861-11f1-9fac-b48c9db4e1b4,4,"[0, 0, 0, 0, 1, 1, 0, 1]",7,1,1,,0.375,8
680,99ebf74e-8861-11f1-9fac-b48c9db4e1b4,5,"[0, 0, 0, 1, 0, 0, 0, 1]",0,0,0,,0.375,8
681,99ebf74e-8861-11f1-9fac-b48c9db4e1b4,5,"[0, 0, 0, 1, 0, 0, 0, 1]",1,0,0,,0.375,8
682,99ebf74e-8861-11f1-9fac-b48c9db4e1b4,5,"[0, 0, 0, 1, 0, 0, 0, 1]",2,0,0,,0.375,8
683,99ebf74e-8861-11f1-9fac-b48c9db4e1b4,5,"[0, 0, 0, 1, 0, 0, 0, 1]",3,1,1,,0.375,8
684,99ebf74e-8861-11f1-9fac-b48c9db4e1b4,5,"[0, 0, 0, 1, 0, 0, 0, 1]",4,0,0,,0.375,8
685,99ebf74e-8861-11f1-9fac-b48c9db4e1b4,5,"[0, 0, 0, 1, 0, 0, 0, 1]",5,0,0,,0.375,8
686,99ebf74e-8861-11f1-9fac-b48c9db4e1b4,5,"[0, 0, 0, 1, 0, 0, 0, 1]",6,0,0,,0.375,8
687,99ebf74e-8861-11f1-9fac-b48c9db4e1b4,5,"[0, 0, 0, 1, 0, 0, 0, 1]",7,1,1,,0.375,8
688,99ebf74e-8861-11f1-9fac-b48c9db4e1b4,6,"[0, 1, 1, 0, 0, 1, 1, 0]",0,0,0,,0.375,8
689,99ebf74e-8861-11f1-9fac-b48c9db4e1b4,6,"[0, 1, 1, 0, 0, 1, 1, 0]",1,1,-1,,0.375,8
690,99ebf74e-8861-11f1-9fac-b48c9db4e1b4,6,"[0, 1, 1, 0, 0, 1, 1, 0]",2,1,-1,,0.375,8
691,99ebf74e-8861-11f1-9fac-b48c9db4e1b4,6,"[0, 1, 1, 0, 0, 1, 1, 0]",3,0,0,,0.375,8
692,99ebf74e-8861-11f1-9fac-b48c9db4e1b4,6,"[0, 1, 1, 0, 0, 1, 1, 0]",4,0,0,,0.375,8
693,99ebf74e-8861-11f1-9fac-b48c9db4e1b4,6,"[0, 1, 1, 0, 0, 1, 1, 0]",5,1,-1,,0.375,8
694,99ebf74e-8861-11f1-9fac-b48c9db4e1b4,6,"[0, 1, 1, 0, 0, 1, 1, 0]",6,1,-1,,0.375,8
695,99ebf74e-8861-11f1-9fac-b48c9db4e1b4,6,"[0, 1, 1, 0, 0, 1, 1, 0]",7,0,0,,0.375,8
696,99ebf74e-8861-11f1-9fac-b48c9db4e1b4,7,"[1, 1, 1, 0, 1, 0, 0, 1]",0,1,-1,,0.375,8
697,99ebf74e-8861-11f1-9fac-b48c9db4e1b4,7,"[1, 1, 1, 0, 1, 0, 0, 1]",1,1,-1,,0.375,8
698,99ebf74e-8861-11f1-9fac-b48c9db4e1b4,7,"[1, 1, 1, 0, 1, 0, 0, 1]",2,1,-1,,0.375,8
699,99ebf74e-8861-11f1-9fac-b48c9db4e1b4,7,"[1, 1, 1, 0, 1, 0, 0, 1]",3,0,0,,0.375,8
700,99ebf74e-8861-11f1-9fac-b48c9db4e1b4,7,"[1, 1, 1, 0, 1, 0, 0, 1]",4,1,-1,,0.375,8
701,99ebf74e-8861-11f1-9fac-b48c9db4e1b4,7,"[1, 1, 1, 0, 1, 0, 0, 1]",5,0,0,,0.375,8
702,99ebf74e-8861-11f1-9fac-b48c9db4e1b4,7,"[1, 1, 1, 0, 1, 0, 0, 1]",6,0,0,,0.375,8
703,99ebf74e-8861-11f1-9fac-b48c9db4e1b4,7,"[1, 1, 1, 0, 1, 0, 0, 1]",7,1,-1,,0.375,8
704,99ebf74e-8861-11f1-9fac-b48c9db4e1b4,8,"[1, 1, 0, 0, 0, 1, 1, 0]",0,1,-1,,0.375,8
705,99ebf74e-8861-11f1-9fac-b48c9db4e1b4,8,"[1, 1, 0, 0, 0, 1, 1, 0]",1,1,-1,,0.375,8
706,99ebf74e-8861-11f1-9fac-b48c9db4e1b4,8,"[1, 1, 0, 0, 0, 1, 1, 0]",2,0,0,,0.375,8
707,99ebf74e-8861-11f1-9fac-b48c9db4e1b4,8,"[1, 1, 0, 0, 0, 1, 1, 0]",3,0,0,,0.375,8
708,99ebf74e-8861-11f1-9fac-b48c9db4e1b4,8,"[1, 1, 0, 0, 0, 1, 1, 0]",4,0,0,,0.375,8
709,99ebf74e-8861-11f1-9fac-b48c9db4e1b4,8,"[1, 1, 0, 0, 0, 1, 1, 0]",5,1,-1,,0.375,8
710,99ebf74e-8861-11f1-9fac-b48c9db4e1b4,8,"[1, 1, 0, 0, 0, 1, 1, 0]",6,1,-1,,0.375,8
711,99ebf74e-8861-11f1-9fac-b48c9db4e1b4,8,"[1, 1, 0, 0, 0, 1, 1, 0]",7,0,0,,0.375,8
712,99ebf74e-8861-11f1-9fac-b48c9db4e1b4,9,"[1, 0, 1, 0, 0, 0, 1, 0]",0,1,1,,0.375,8
713,99ebf74e-8861-11f1-9fac-b48c9db4e1b4,9,"[1, 0, 1, 0, 0, 0, 1, 0]",1,0,0,,0.375,8
714,99ebf74e-8861-11f1-9fac-b48c9db4e1b4,9,"[1, 0, 1, 0, 0, 0, 1, 0]",2,1,1,,0.375,8
715,99ebf74e-8861-11f1-9fac-b48c9db4e1b4,9,"[1, 0, 1, 0, 0, 0, 1, 0]",3,0,0,,0.375,8
716,99ebf74e-8861-11f1-9fac-b48c9db4e1b4,9,"[1, 0, 1, 0, 0, 0, 1, 0]",4,0,0,,0.375,8
717,99ebf74e-8861-11f1-9fac-b48c9db4e1b4,9,"[1, 0, 1, 0, 0, 0, 1, 0]",5,0,0,,0.375,8
718,99ebf74e-8861-11f1-9fac-b48c9db4e1b4,9,"[1, 0, 1, 0, 0, 0, 1, 0]",6,1,1,,0.375,8
719,99ebf74e-8861-11f1-9fac-b48c9db4e1b4,9,"[1, 0, 1, 0, 0, 0, 1, 0]",7,0,0,,0.375,8
720,99ebf74e-8861-11f1-9fac-b48c9db4e1b4,10,"[1, 0, 1, 0, 0, 0, 0, 0]",0,1,1,,0.375,8
721,99ebf74e-8861-11f1-9fac-b48c9db4e1b4,10,"[1, 0, 1, 0, 0, 0, 0, 0]",1,0,0,,0.375,8
722,99ebf74e-8861-11f1-9fac-b48c9db4e1b4,10,"[1, 0, 1, 0, 0, 0, 0, 0]",2,1,1,,0.375,8
723,99ebf74e-8861-11f1-9fac-b48c9db4e1b4,10,"[1, 0, 1, 0, 0, 0, 0, 0]",3,0,0,,0.375,8
724,99ebf74e-8861-11f1-9fac-b48c9db4e1b4,10,"[1, 0, 1, 0, 0, 0, 0, 0]",4,0,0,,0.375,8
725,99ebf74e-8861-11f1-9fac-b48c9db4e1b4,10,"[1, 0, 1, 0, 0, 0, 0, 0]",5,0,0,,0.375,8
726,99ebf74e-8861-11f1-9fac-b48c9db4e1b4,10,"[1, 0, 1, 0, 0, 0, 0, 0]",6,0,0,,0.375,8
727,99ebf74e-8861-11f1-9fac-b48c9db4e1b4,10,"[1, 0, 1, 0, 0, 0, 0, 0]",7,0,0,,0.375,8
728,99ebf74e-8861-11f1-9fac-b48c9db4e1b4,11,"[1, 1, 1, 1, 1, 1, 0, 1]",0,1,-1,,0.375,8
729,99ebf74e-8861-11f1-9fac-b48c9db4e1b4,11,"[1, 1, 1, 1, 1, 1, 0, 1]",1,1,-1,,0.375,8
730,99ebf74e-8861-11f1-9fac-b48c9db4e1b4,11,"[1, 1, 1, 1, 1, 1, 0, 1]",2,1,-1,,0.375,8
731,99ebf74e-8861-11f1-9fac-b48c9db4e1b4,11,"[1, 1, 1, 1, 1, 1, 0, 1]",3,1,-1,,0.375,8
732,99ebf74e-8861-11f1-9fac-b48c9db4e1b4,11,"[1, 1, 1, 1, 1, 1, 0, 1]",4,1,-1,,0.375,8
733,99ebf74e-8861-11f1-9fac-b48c9db4e1b4,11,"[1, 1, 1, 1, 1, 1, 0, 1]",5,1,-1,,0.375,8
734,99ebf74e-8861-11f1-9fac-b48c9db4e1b4,11,"[1, 1, 1, 1, 1, 1, 0, 1]",6,0,0,,0.375,8
735,99ebf74e-8861-11f1-9fac-b48c9db4e1b4,11,"[1, 1, 1, 1, 1, 1, 0, 1]",7,1,-1,,0.375,8
736,99ebf74e-8861-11f1-9fac-b48c9db4e1b4,12,"[0, 1, 1, 1, 0, 1, 1, 0]",0,0,0,,0.375,8
737,99ebf74e-8861-11f1-9fac-b48c9db4e1b4,12,"[0, 1, 1, 1, 0, 1, 1, 0]",1,1,-1,,0.375,8
738,99ebf74e-8861-11f1-9fac-b48c9db4e1b4,12,"[0, 1, 1, 1, 0, 1, 1, 0]",2,1,-1,,0.375,8
739,99ebf74e-8861-11f1-9fac-b48c9db4e1b4,12,"[0, 1, 1, 1, 0, 1, 1, 0]",3,1,-1,,0.375,8
740,99ebf74e-8861-11f1-9fac-b48c9db4e1b4,12,"[0, 1, 1, 1, 0, 1, 1, 0]",4,0,0,,0.375,8
741,99ebf74e-8861-11f1-9fac-b48c9db4e1b4,12,"[0, 1, 1, 1, 0, 1, 1, 0]",5,1,-1,,0.375,8
742,99ebf74e-8861-11f1-9fac-b48c9db4e1b4,12,"[0, 1, 1, 1, 0, 1, 1, 0]",6,1,-1,,0.375,8
743,99ebf74e-8861-11f1-9fac-b48c9db4e1b4,12,"[0, 1, 1, 1, 0, 1, 1, 0]",7,0,0,,0.375,8
744,99ebf74e-8861-11f1-9fac-b48c9db4e1b4,13,"[1, 0, 0, 1, 1, 1, 0, 0]",0,1,-1,,0.375,8
745,99ebf74e-8861-11f1-9fac-b48c9db4e1b4,13,"[1, 0, 0, 1, 1, 1, 0, 0]",1,0,0,,0.375,8
746,99ebf74e-8861-11f1-9fac-b48c9db4e1b4,13,"[1, 0, 0, 1, 1, 1, 0, 0]",2,0,0,,0.375,8
747,99ebf74e-8861-11f1-9fac-b48c9db4e1b4,13,"[1, 0, 0, 1, 1, 1, 0, 0]",3,1,-1,,0.375,8
748,99ebf74e-8861-11f1-9fac-b48c9db4e1b4,13,"[1, 0, 0, 1, 1, 1, 0, 0]",4,1,-1,,0.375,8
749,99ebf74e-8861-11f1-9fac-b48c9db4e1b4,13,"[1, 0, 0, 1, 1, 1, 0, 0]",5,1,-1,,0.375,8
750,99ebf74e-8861-11f1-9fac-b48c9db4e1b4,13,"[1, 0, 0, 1, 1, 1, 0, 0]",6,0,0,,0.375,8
751,99ebf74e-8861-11f1-9fac-b48c9db4e1b4,13,"[1, 0, 0, 1, 1, 1, 0, 0]",7,0,0,,0.375,8
752,99ebf74e-8861-11f1-9fac-b48c9db4e1b4,14,"[1, 0, 0, 1, 0, 0, 0, 1]",0,1,1,,0.375,8
753,99ebf74e-8861-11f1-9fac-b48c9db4e1b4,14,"[1, 0, 0, 1, 0, 0, 0, 1]",1,0,0,,0.375,8
754,99ebf74e-8861-11f1-9fac-b48c9db4e1b4,14,"[1, 0, 0, 1, 0, 0, 0, 1]",2,0,0,,0.375,8
755,99ebf74e-8861-11f1-9fac-b48c9db4e1b4,14,"[1, 0, 0, 1, 0, 0, 0, 1]",3,1,1,,0.375,8
756,99ebf74e-8861-11f1-9fac-b48c9db4e1b4,14,"[1, 0, 0, 1, 0, 0, 0, 1]",4,0,0,,0.375,8
757,99ebf74e-8861-11f1-9fac-b48c9db4e1b4,14,"[1, 0, 0, 1, 0, 0, 0, 1]",5,0,0,,0.375,8
758,99ebf74e-8861-11f1-9fac-b48c9db4e1b4,14,"[1, 0, 0, 1, 0, 0, 0, 1]",6,0,0,,0.375,8
759,99ebf74e-8861-11f1-9fac-b48c9db4e1b4,14,"[1, 0, 0, 1, 0, 0, 0, 1]",7,1,1,,0.375,8
760,99ebf74e-8861-11f1-9fac-b48c9db4e1b4,15,"[1, 0, 1, 0, 1, 1, 0, 0]",0,1,-1,,0.375,8
761,99ebf74e-8861-11f1-9fac-b48c9db4e1b4,15,"[1, 0, 1, 0, 1, 1, 0, 0]",1,0,0,,0.375,8
762,99ebf74e-8861-11f1-9fac-b48c9db4e1b4,15,"[1, 0, 1, 0, 1, 1, 0, 0]",2,1,-1,,0.375,8
763,99ebf74e-8861-11f1-9fac-b48c9db4e1b4,15,"[1, 0, 1, 0, 1, 1, 0, 0]",3,0,0,,0.375,8
764,99ebf74e-8861-11f1-9fac-b48c9db4e1b4,15,"[1, 0, 1, 0, 1, 1, 0, 0]",4,1,-1,,0.375,8
765,99ebf74e-8861-11f1-9fac-b48c9db4e1b4,15,"[1, 0, 1, 0, 1, 1, 0, 0]",5,1,-1,,0.375,8
766,99ebf74e-8861-11f1-9fac-b48c9db4e1b4,15,"[1, 0, 1, 0, 1, 1, 0, 0]",6,0,0,,0.375,8
767,99ebf74e-8861-11f1-9fac-b48c9db4e1b4,15,"[1, 0, 1, 0, 1, 1, 0, 0]",7,0,0,,0.375,8
768,99ebf74e-8861-11f1-9fac-b48c9db4e1b4,16,"[0, 1, 1, 0, 0, 1, 1, 0]",0,0,0,,0.375,8
769,99ebf74e-8861-11f1-9fac-b48c9db4e1b4,16,"[0, 1, 1, 0, 0, 1, 1, 0]",1,1,-1,,0.375,8
770,99ebf74e-8861-11f1-9fac-b48c9db4e1b4,16,"[0, 1, 1, 0, 0, 1, 1, 0]",2,1,-1,,0.375,8
771,99ebf74e-8861-11f1-9fac-b48c9db4e1b4,16,"[0, 1, 1, 0, 0, 1, 1, 0]",3,0,0,,0.375,8
772,99ebf74e-8861-11f1-9fac-b48c9db4e1b4,16,"[0, 1, 1, 0, 0, 1, 1, 0]",4,0,0,,0.375,8
773,99ebf74e-8861-11f1-9fac-b48c9db4e1b4,16,"[0, 1, 1, 0, 0, 1, 1, 0]",5,1,-1,,0.375,8
774,99ebf74e-8861-11f1-9fac-b48c9db4e1b4,16,"[0, 1, 1, 0, 0, 1, 1, 0]",6,1,-1,,0.375,8
775,99ebf74e-8861-11f1-9fac-b48c9db4e1b4,16,"[0, 1, 1, 0, 0, 1, 1, 0]",7,0,0,,0.375,8
776,99ebf74e-8861-11f1-9fac-b48c9db4e1b4,17,"[0, 1, 1, 1, 1, 0, 0, 1]",0,0,0,,0.375,8
777,99ebf74e-8861-11f1-9fac-b48c9db4e1b4,17,"[0, 1, 1, 1, 1, 0, 0, 1]",1,1,-1,,0.375,8
778,99ebf74e-8861-11f1-9fac-b48c9db4e1b4,17,"[0, 1, 1, 1, 1, 0, 0, 1]",2,1,-1,,0.375,8
779,99ebf74e-8861-11f1-9fac-b48c9db4e1b4,17,"[0, 1, 1, 1, 1, 0, 0, 1]",3,1,-1,,0.375,8
780,99ebf74e-8861-11f1-9fac-b48c9db4e1b4,17,"[0, 1, 1, 1, 1, 0, 0, 1]",4,1,-1,,0.375,8
781,99ebf74e-8861-11f1-9fac-b48c9db4e1b4,17,"[0, 1, 1, 1, 1, 0, 0, 1]",5,0,0,,0.375,8
782,99ebf74e-8861-11f1-9fac-b48c9db4e1b4,17,"[0, 1, 1, 1, 1, 0, 0, 1]",6,0,0,,0.375,8
783,99ebf74e-8861-11f1-9fac-b48c9db4e1b4,17,"[0, 1, 1, 1, 1, 0, 0, 1]",7,1,-1,,0.375,8
784,99ebf74e-8861-11f1-9fac-b48c9db4e1b4,18,"[1, 0, 1, 0, 0, 1, 1, 1]",0,1,-1,,0.375,8
785,99ebf74e-8861-11f1-9fac-b48c9db4e1b4,18,"[1, 0, 1, 0, 0, 1, 1, 1]",1,0,0,,0.375,8
786,99ebf74e-8861-11f1-9fac-b48c9db4e1b4,18,"[1, 0, 1, 0, 0, 1, 1, 1]",2,1,-1,,0.375,8
787,99ebf74e-8861-11f1-9fac-b48c9db4e1b4,18,"[1, 0, 1, 0, 0, 1, 1, 1]",3,0,0,,0.375,8
788,99ebf74e-8861-11f1-9fac-b48c9db4e1b4,18,"[1, 0, 1, 0, 0, 1, 1, 1]",4,0,0,,0.375,8
789,99ebf74e-8861-11f1-9fac-b48c9db4e1b4,18,"[1, 0, 1, 0, 0, 1, 1, 1]",5,1,-1,,0.375,8
790,99ebf74e-8861-11f1-9fac-b48c9db4e1b4,18,"[1, 0, 1, 0, 0, 1, 1, 1]",6,1,-1,,0.375,8
791,99ebf74e-8861-11f1-9fac-b48c9db4e1b4,18,"[1, 0, 1, 0, 0, 1, 1, 1]",7,1,-1,,0.375,8
792,99ebf74e-8861-11f1-9fac-b48c9db4e1b4,19,"[0, 1, 0, 0, 0, 0, 0, 0]",0,0,0,,0.375,8
793,99ebf74e-8861-11f1-9fac-b48c9db4e1b4,19,"[0, 1, 0, 0, 0, 0, 0, 0]",1,1,1,,0.375,8
794,99ebf74e-8861-11f1-9fac-b48c9db4e1b4,19,"[0, 1, 0, 0, 0, 0, 0, 0]",2,0,0,,0.375,8
795,99ebf74e-8861-11f1-9fac-b48c9db4e1b4,19,"[0, 1, 0, 0, 0, 0, 0, 0]",3,0,0,,0.375,8
796,99ebf74e-8861-11f1-9fac-b48c9db4e1b4,19,"[0, 1, 0, 0, 0, 0, 0, 0]",4,0,0,,0.375,8
797,99ebf74e-8861-11f1-9fac-b48c9db4e1b4,19,"[0, 1, 0, 0, 0, 0, 0, 0]",5,0,0,,0.375,8
798,99ebf74e-8861-11f1-9fac-b48c9db4e1b4,19,"[0, 1, 0, 0, 0, 0, 0, 0]",6,0,0,,0.375,8
799,99ebf74e-8861-11f1-9fac-b48c9db4e1b4,19,"[0, 1, 0, 0, 0, 0, 0, 0]",7,0,0,,0.375,8
800,99eef1ee-8861-11f1-a564-b48c9db4e1b4,0,"[0, 1, 0, 1, 0, 1, 0, 0]",0,0,0,,0.375,8
801,99eef1ee-8861-11f1-a564-b48c9db4e1b4,0,"[0, 1, 0, 1, 0, 1, 0, 0]",1,1,1,,0.375,8
802,99eef1ee-8861-11f1-a564-b48c9db4e1b4,0,"[0, 1, 0, 1, 0, 1, 0, 0]",2,0,0,,0.375,8
803,99eef1ee-8861-11f1-a564-b48c9db4e1b4,0,"[0, 1, 0, 1, 0, 1, 0, 0]",3,1,1,,0.375,8
804,99eef1ee-8861-11f1-a564-b48c9db4e1b4,0,"[0, 1, 0, 1, 0, 1, 0, 0]",4,0,0,,0.375,8
805,99eef1ee-8861-11f1-a564-b48c9db4e1b4,0,"[0, 1, 0, 1, 0, 1, 0, 0]",5,1,1,,0.375,8
806,99eef1ee-8861-11f1-a564-b48c9db4e1b4,0,"[0, 1, 0, 1, 0, 1, 0, 0]",6,0,0,,0.375,8
807,99eef1ee-8861-11f1-a564-b48c9db4e1b4,0,"[0, 1, 0, 1, 0, 1, 0, 0]",7,0,0,,0.375,8
808,99eef1ee-8861-11f1-a564-b48c9db4e1b4,1,"[0, 1, 0, 1, 1, 0, 1, 0]",0,0,0,,0.375,8
809,99eef1ee-8861-11f1-a564-b48c9db4e1b4,1,"[0, 1, 0, 1, 1, 0, 1, 0]",1,1,-1,,0.375,8
810,99eef1ee-8861-11f1-a564-b48c9db4e1b4,1,"[0, 1, 0, 1, 1, 0, 1, 0]",2,0,0,,0.375,8
811,99eef1ee-8861-11f1-a564-b48c9db4e1b4,1,"[0, 1, 0, 1, 1, 0, 1, 0]",3,1,-1,,0.375,8
812,99eef1ee-8861-11f1-a564-b48c9db4e1b4,1,"[0, 1, 0, 1, 1, 0, 1, 0]",4,1,-1,,0.375,8
813,99eef1ee-8861-11f1-a564-b48c9db4e1b4,1,"[0, 1, 0, 1, 1, 0, 1, 0]",5,0,0,,0.375,8
814,99eef1ee-8861-11f1-a564-b48c9db4e1b4,1,"[0, 1, 0, 1, 1, 0, 1, 0]",6,1,-1,,0.375,8
815,99eef1ee-8861-11f1-a564-b48c9db4e1b4,1,"[0, 1, 0, 1, 1, 0, 1, 0]",7,0,0,,0.375,8
816,99eef1ee-8861-11f1-a564-b48c9db4e1b4,2,"[0, 1, 1, 0, 1, 0, 0, 0]",0,0,0,,0.375,8
817,99eef1ee-8861-11f1-a564-b48c9db4e1b4,2,"[0, 1, 1, 0, 1, 0, 0, 0]",1,1,1,,0.375,8
818,99eef1ee-8861-11f1-a564-b48c9db4e1b4,2,"[0, 1, 1, 0, 1, 0, 0, 0]",2,1,1,,0.375,8
819,99eef1ee-8861-11f1-a564-b48c9db4e1b4,2,"[0, 1, 1, 0, 1, 0, 0, 0]",3,0,0,,0.375,8
820,99eef1ee-8861-11f1-a564-b48c9db4e1b4,2,"[0, 1, 1, 0, 1, 0, 0, 0]",4,1,1,,0.375,8
821,99eef1ee-8861-11f1-a564-b48c9db4e1b4,2,"[0, 1, 1, 0, 1, 0, 0, 0]",5,0,0,,0.375,8
822,99eef1ee-8861-11f1-a564-b48c9db4e1b4,2,"[0, 1, 1, 0, 1, 0, 0, 0]",6,0,0,,0.375,8
823,99eef1ee-8861-11f1-a564-b48c9db4e1b4,2,"[0, 1, 1, 0, 1, 0, 0, 0]",7,0,0,,0.375,8
824,99eef1ee-8861-11f1-a564-b48c9db4e1b4,3,"[1, 0, 1, 1, 0, 1, 1, 0]",0,1,-1,,0.375,8
825,99eef1ee-8861-11f1-a564-b48c9db4e1b4,3,"[1, 0, 1, 1, 0, 1, 1, 0]",1,0,0,,0.375,8
826,99eef1ee-8861-11f1-a564-b48c9db4e1b4,3,"[1, 0, 1, 1, 0, 1, 1, 0]",2,1,-1,,0.375,8
827,99eef1ee-8861-11f1-a564-b48c9db4e1b4,3,"[1, 0, 1, 1, 0, 1, 1, 0]",3,1,-1,,0.375,8
828,99eef1ee-8861-11f1-a564-b48c9db4e1b4,3,"[1, 0, 1, 1, 0, 1, 1, 0]",4,0,0,,0.375,8
829,99eef1ee-8861-11f1-a564-b48c9db4e1b4,3,"[1, 0, 1, 1, 0, 1, 1, 0]",5,1,-1,,0.375,8
830,99eef1ee-8861-11f1-a564-b48c9db4e1b4,3,"[1, 0, 1, 1, 0, 1, 1, 0]",6,1,-1,,0.375,8
831,99eef1ee-8861-11f1-a564-b48c9db4e1b4,3,"[1, 0, 1, 1, 0, 1, 1, 0]",7,0,0,,0.375,8
832,99eef1ee-8861-11f1-a564-b48c9db4e1b4,4,"[1, 0, 0, 0, 0, 1, 0, 0]",0,1,1,,0.375,8
833,99eef1ee-8861-11f1-a564-b48c9db4e1b4,4,"[1, 0, 0, 0, 0, 1, 0, 0]",1,0,0,,0.375,8
834,99eef1ee-8861-11f1-a564-b48c9db4e1b4,4,"[1, 0, 0, 0, 0, 1, 0, 0]",2,0,0,,0.375,8
835,99eef1ee-8861-11f1-a564-b48c9db4e1b4,4,"[1, 0, 0, 0, 0, 1, 0, 0]",3,0,0,,0.375,8
836,99eef1ee-8861-11f1-a564-b48c9db4e1b4,4,"[1, 0, 0, 0, 0, 1, 0, 0]",4,0,0,,0.375,8
837,99eef1ee-8861-11f1-a564-b48c9db4e1b4,4,"[1, 0, 0, 0, 0, 1, 0, 0]",5,1,1,,0.375,8
838,99eef1ee-8861-11f1-a564-b48c9db4e1b4,4,"[1, 0, 0, 0, 0, 1, 0, 0]",6,0,0,,0.375,8
839,99eef1ee-8861-11f1-a564-b48c9db4e1b4,4,"[1, 0, 0, 0, 0, 1, 0, 0]",7,0,0,,0.375,8
840,99eef1ee-8861-11f1-a564-b48c9db4e1b4,5,"[0, 1, 0, 1, 1, 0, 1, 0]",0,0,0,,0.375,8
841,99eef1ee-8861-11f1-a564-b48c9db4e1b4,5,"[0, 1, 0, 1, 1, 0, 1, 0]",1,1,-1,,0.375,8
842,99eef1ee-8861-11f1-a564-b48c9db4e1b4,5,"[0, 1, 0, 1, 1, 0, 1, 0]",2,0,0,,0.375,8
843,99eef1ee-8861-11f1-a564-b48c9db4e1b4,5,"[0, 1, 0, 1, 1, 0, 1, 0]",3,1,-1,,0.375,8
844,99eef1ee-8861-11f1-a564-b48c9db4e1b4,5,"[0, 1, 0, 1, 1, 0, 1, 0]",4,1,-1,,0.375,8
845,99eef1ee-8861-11f1-a564-b48c9db4e1b4,5,"[0, 1, 0, 1, 1, 0, 1, 0]",5,0,0,,0.375,8
846,99eef1ee-8861-11f1-a564-b48c9db4e1b4,5,"[0, 1, 0, 1, 1, 0, 1, 0]",6,1,-1,,0.375,8
847,99eef1ee-8861-11f1-a564-b48c9db4e1b4,5,"[0, 1, 0, 1, 1, 0, 1, 0]",7,0,0,,0.375,8
848,99eef1ee-8861-11f1-a564-b48c9db4e1b4,6,"[0, 1, 1, 1, 1, 1, 0, 1]",0,0,0,,0.375,8
849,99eef1ee-8861-11f1-a564-b48c9db4e1b4,6,"[0, 1, 1, 1, 1, 1, 0, 1]",1,1,-1,,0.375,8
850,99eef1ee-8861-11f1-a564-b48c9db4e1b4,6,"[0, 1, 1, 1, 1, 1, 0, 1]",2,1,-1,,0.375,8
851,99eef1ee-8861-11f1-a564-b48c9db4e1b4,6,"[0, 1, 1, 1, 1, 1, 0, 1]",3,1,-1,,0.375,8
852,99eef1ee-8861-11f1-a564-b48c9db4e1b4,6,"[0, 1, 1, 1, 1, 1, 0, 1]",4,1,-1,,0.375,8
853,99eef1ee-8861-11f1-a564-b48c9db4e1b4,6,"[0, 1, 1, 1, 1, 1, 0, 1]",5,1,-1,,0.375,8
854,99eef1ee-8861-11f1-a564-b48c9db4e1b4,6,"[0, 1, 1, 1, 1, 1, 0, 1]",6,0,0,,0.375,8
855,99eef1ee-8861-11f1-a564-b48c9db4e1b4,6,"[0, 1, 1, 1, 1, 1, 0, 1]",7,1,-1,,0.375,8
856,99eef1ee-8861-11f1-a564-b48c9db4e1b4,7,"[1, 1, 1, 0, 1, 1, 0, 1]",0,1,-1,,0.375,8
857,99eef1ee-8861-11f1-a564-b48c9db4e1b4,7,"[1, 1, 1, 0, 1, 1, 0, 1]",1,1,-1,,0.375,8
858,99eef1ee-8861-11f1-a564-b48c9db4e1b4,7,"[1, 1, 1, 0, 1, 1, 0, 1]",2,1,-1,,0.375,8
859,99eef1ee-8861-11f1-a564-b48c9db4e1b4,7,"[1, 1, 1, 0, 1, 1, 0, 1]",3,0,0,,0.375,8
860,99eef1ee-8861-11f1-a564-b48c9db4e1b4,7,"[1, 1, 1, 0, 1, 1, 0, 1]",4,1,-1,,0.375,8
861,99eef1ee-8861-11f1-a564-b48c9db4e1b4,7,"[1, 1, 1, 0, 1, 1, 0, 1]",5,1,-1,,0.375,8
862,99eef1ee-8861-11f1-a564-b48c9db4e1b4,7,"[1, 1, 1, 0, 1, 1, 0, 1]",6,0,0,,0.375,8
863,99eef1ee-8861-11f1-a564-b48c9db4e1b4,7,"[1, 1, 1, 0, 1, 1, 0, 1]",7,1,-1,,0.375,8
864,99eef1ee-8861-11f1-a564-b48c9db4e1b4,8,"[0, 0, 1, 1, 1, 1, 0, 1]",0,0,0,,0.375,8
865,99eef1ee-8861-11f1-a564-b48c9db4e1b4,8,"[0, 0, 1, 1, 1, 1, 0, 1]",1,0,0,,0.375,8
866,99eef1ee-8861-11f1-a564-b48c9db4e1b4,8,"[0, 0, 1, 1, 1, 1, 0, 1]",2,1,-1,,0.375,8
867,99eef1ee-8861-11f1-a564-b48c9db4e1b4,8,"[0, 0, 1, 1, 1, 1, 0, 1]",3,1,-1,,0.375,8
868,99eef1ee-8861-11f1-a564-b48c9db4e1b4,8,"[0, 0, 1, 1, 1, 1, 0, 1]",4,1,-1,,0.375,8
869,99eef1ee-8861-11f1-a564-b48c9db4e1b4,8,"[0, 0, 1, 1, 1, 1, 0, 1]",5,1,-1,,0.375,8
870,99eef1ee-8861-11f1-a564-b48c9db4e1b4,8,"[0, 0, 1, 1, 1, 1, 0, 1]",6,0,0,,0.375,8
871,99eef1ee-8861-11f1-a564-b48c9db4e1b4,8,"[0, 0, 1, 1, 1, 1, 0, 1]",7,1,-1,,0.375,8
872,99eef1ee-8861-11f1-a564-b48c9db4e1b4,9,"[0, 1, 1, 0, 1, 0, 0, 1]",0,0,0,,0.375,8
873,99eef1ee-8861-11f1-a564-b48c9db4e1b4,9,"[0, 1, 1, 0, 1, 0, 0, 1]",1,1,-1,,0.375,8
874,99eef1ee-8861-11f1-a564-b48c9db4e1b4,9,"[0, 1, 1, 0, 1, 0, 0, 1]",2,1,-1,,0.375,8
875,99eef1ee-8861-11f1-a564-b48c9db4e1b4,9,"[0, 1, 1, 0, 1, 0, 0, 1]",3,0,0,,0.375,8
876,99eef1ee-8861-11f1-a564-b48c9db4e1b4,9,"[0, 1, 1, 0, 1, 0, 0, 1]",4,1,-1,,0.375,8
877,99eef1ee-8861-11f1-a564-b48c9db4e1b4,9,"[0, 1, 1, 0, 1, 0, 0, 1]",5,0,0,,0.375,8
878,99eef1ee-8861-11f1-a564-b48c9db4e1b4,9,"[0, 1, 1, 0, 1, 0, 0, 1]",6,0,0,,0.375,8
879,99eef1ee-8861-11f1-a564-b48c9db4e1b4,9,"[0, 1, 1, 0, 1, 0, 0, 1]",7,1,-1,,0.375,8
880,99eef1ee-8861-11f1-a564-b48c9db4e1b4,10,"[1, 0, 1, 0, 1, 0, 0, 0]",0,1,1,,0.375,8
881,99eef1ee-8861-11f1-a564-b48c9db4e1b4,10,"[1, 0, 1, 0, 1, 0, 0, 0]",1,0,0,,0.375,8
882,99eef1ee-8861-11f1-a564-b48c9db4e1b4,10,"[1, 0, 1, 0, 1, 0, 0, 0]",2,1,1,,0.375,8
883,99eef1ee-8861-11f1-a564-b48c9db4e1b4,10,"[1, 0, 1, 0, 1, 0, 0, 0]",3,0,0,,0.375,8
884,99eef1ee-8861-11f1-a564-b48c9db4e1b4,10,"[1, 0, 1, 0, 1, 0, 0, 0]",4,1,1,,0.375,8
885,99eef1ee-8861-11f1-a564-b48c9db4e1b4,10,"[1, 0, 1, 0, 1, 0, 0, 0]",5,0,0,,0.375,8
886,99eef1ee-8861-11f1-a564-b48c9db4e1b4,10,"[1, 0, 1, 0, 1, 0, 0, 0]",6,0,0,,0.375,8
887,99eef1ee-8861-11f1-a564-b48c9db4e1b4,10,"[1, 0, 1, 0, 1, 0, 0, 0]",7,0,0,,0.375,8
888,99eef1ee-8861-11f1-a564-b48c9db4e1b4,11,"[0, 0, 0, 1, 1, 0, 0, 1]",0,0,0,,0.375,8
889,99eef1ee-8861-11f1-a564-b48c9db4e1b4,11,"[0, 0, 0, 1, 1, 0, 0, 1]",1,0,0,,0.375,8
890,99eef1ee-8861-11f1-a564-b48c9db4e1b4,11,"[0, 0, 0, 1, 1, 0, 0, 1]",2,0,0,,0.375,8
891,99eef1ee-8861-11f1-a564-b48c9db4e1b4,11,"[0, 0, 0, 1, 1, 0, 0, 1]",3,1,1,,0.375,8
892,99eef1ee-8861-11f1-a564-b48c9db4e1b4,11,"[0, 0, 0, 1, 1, 0, 0, 1]",4,1,1,,0.375,8
893,99eef1ee-8861-11f1-a564-b48c9db4e1b4,11,"[0, 0, 0, 1, 1, 0, 0, 1]",5,0,0,,0.375,8
894,99eef1ee-8861-11f1-a564-b48c9db4e1b4,11,"[0, 0, 0, 1, 1, 0, 0, 1]",6,0,0,,0.375,8
895,99eef1ee-8861-11f1-a564-b48c9db4e1b4,11,"[0, 0, 0, 1, 1, 0, 0, 1]",7,1,1,,0.375,8
896,99eef1ee-8861-11f1-a564-b48c9db4e1b4,12,"[1, 1, 1, 0, 1, 1, 0, 1]",0,1,-1,,0.375,8
897,99eef1ee-8861-11f1-a564-b48c9db4e1b4,12,"[1, 1, 1, 0, 1, 1, 0, 1]",1,1,-1,,0.375,8
898,99eef1ee-8861-11f1-a564-b48c9db4e1b4,12,"[1, 1, 1, 0, 1, 1, 0, 1]",2,1,-1,,0.375,8
899,99eef1ee-8861-11f1-a564-b48c9db4e1b4,12,"[1, 1, 1, 0, 1, 1, 0, 1]",3,0,0,,0.375,8
900,99eef1ee-8861-11f1-a564-b48c9db4e1b4,12,"[1, 1, 1, 0, 1, 1, 0, 1]",4,1,-1,,0.375,8
901,99eef1ee-8861-11f1-a564-b48c9db4e1b4,12,"[1, 1, 1, 0, 1, 1, 0, 1]",5,1,-1,,0.375,8
902,99eef1ee-8861-11f1-a564-b48c9db4e1b4,12,"[1, 1, 1, 0, 1, 1, 0, 1]",6,0,0,,0.375,8
903,99eef1ee-8861-11f1-a564-b48c9db4e1b4,12,"[1, 1, 1, 0, 1, 1, 0, 1]",7,1,-1,,0.375,8
904,99eef1ee-8861-11f1-a564-b48c9db4e1b4,13,"[0, 0, 1, 0, 1, 1, 1, 0]",0,0,0,,0.375,8
905,99eef1ee-8861-11f1-a564-b48c9db4e1b4,13,"[0, 0, 1, 0, 1, 1, 1, 0]",1,0,0,,0.375,8
906,99eef1ee-8861-11f1-a564-b48c9db4e1b4,13,"[0, 0, 1, 0, 1, 1, 1, 0]",2,1,-1,,0.375,8
907,99eef1ee-8861-11f1-a564-b48c9db4e1b4,13,"[0, 0, 1, 0, 1, 1, 1, 0]",3,0,0,,0.375,8
908,99eef1ee-8861-11f1-a564-b48c9db4e1b4,13,"[0, 0, 1, 0, 1, 1, 1, 0]",4,1,-1,,0.375,8
909,99eef1ee-8861-11f1-a564-b48c9db4e1b4,13,"[0, 0, 1, 0, 1, 1, 1, 0]",5,1,-1,,0.375,8
910,99eef1ee-8861-11f1-a564-b48c9db4e1b4,13,"[0, 0, 1, 0, 1, 1, 1, 0]",6,1,-1,,0.375,8
911,99eef1ee-8861-11f1-a564-b48c9db4e1b4,13,"[0, 0, 1, 0, 1, 1, 1, 0]",7,0,0,,0.375,8
912,99eef1ee-8861-11f1-a564-b48c9db4e1b4,14,"[0, 0, 0, 1, 1, 0, 1, 0]",0,0,0,,0.375,8
913,99eef1ee-8861-11f1-a564-b48c9db4e1b4,14,"[0, 0, 0, 1, 1, 0, 1, 0]",1,0,0,,0.375,8
914,99eef1ee-8861-11f1-a564-b48c9db4e1b4,14,"[0, 0, 0, 1, 1, 0, 1, 0]",2,0,0,,0.375,8
915,99eef1ee-8861-11f1-a564-b48c9db4e1b4,14,"[0, 0, 0, 1, 1, 0, 1, 0]",3,1,1,,0.375,8
916,99eef1ee-8861-11f1-a564-b48c9db4e1b4,14,"[0, 0, 0, 1, 1, 0, 1, 0]",4,1,1,,0.375,8
917,99eef1ee-8861-11f1-a564-b48c9db4e1b4,14,"[0, 0, 0, 1, 1, 0, 1, 0]",5,0,0,,0.375,8
918,99eef1ee-8861-11f1-a564-b48c9db4e1b4,14,"[0, 0, 0, 1, 1, 0, 1, 0]",6,1,1,,0.375,8
919,99eef1ee-8861-11f1-a564-b48c9db4e1b4,14,"[0, 0, 0, 1, 1, 0, 1, 0]",7,0,0,,0.375,8
920,99eef1ee-8861-11f1-a564-b48c9db4e1b4,15,"[0, 0, 0, 1, 0, 0, 0, 0]",0,0,0,,0.375,8
921,99eef1ee-8861-11f1-a564-b48c9db4e1b4,15,"[0, 0, 0, 1, 0, 0, 0, 0]",1,0,0,,0.375,8
922,99eef1ee-8861-11f1-a564-b48c9db4e1b4,15,"[0, 0, 0, 1, 0, 0, 0, 0]",2,0,0,,0.375,8
923,99eef1ee-8861-11f1-a564-b48c9db4e1b4,15,"[0, 0, 0, 1, 0, 0, 0, 0]",3,1,1,,0.375,8
924,99eef1ee-8861-11f1-a564-b48c9db4e1b4,15,"[0, 0, 0, 1, 0, 0, 0, 0]",4,0,0,,0.375,8
925,99eef1ee-8861-11f1-a564-b48c9db4e1b4,15,"[0, 0, 0, 1, 0, 0, 0, 0]",5,0,0,,0.375,8
926,99eef1ee-8861-11f1-a564-b48c9db4e1b4,15,"[0, 0, 0, 1, 0, 0, 0, 0]",6,0,0,,0.375,8
927,99eef1ee-8861-11f1-a564-b48c9db4e1b4,15,"[0, 0, 0, 1, 0, 0, 0, 0]",7,0,0,,0.375,8
928,99eef1ee-8861-11f1-a564-b48c9db4e1b4,16,"[1, 0, 0, 1, 1, 0, 1, 0]",0,1,-1,,0.375,8
929,99eef1ee-8861-11f1-a564-b48c9db4e1b4,16,"[1, 0, 0, 1, 1, 0, 1, 0]",1,0,0,,0.375,8
930,99eef1ee-8861-11f1-a564-b48c9db4e1b4,16,"[1, 0, 0, 1, 1, 0, 1, 0]",2,0,0,,0.375,8
931,99eef1ee-8861-11f1-a564-b48c9db4e1b4,16,"[1, 0, 0, 1, 1, 0, 1, 0]",3,1,-1,,0.375,8
932,99eef1ee-8861-11f1-a564-b48c9db4e1b4,16,"[1, 0, 0, 1, 1, 0, 1, 0]",4,1,-1,,0.375,8
933,99eef1ee-8861-11f1-a564-b48c9db4e1b4,16,"[1, 0, 0, 1, 1, 0, 1, 0]",5,0,0,,0.375,8
934,99eef1ee-8861-11f1-a564-b48c9db4e1b4,16,"[1, 0, 0, 1, 1, 0, 1, 0]",6,1,-1,,0.375,8
935,99eef1ee-8861-11f1-a564-b48c9db4e1b4,16,"[1, 0, 0, 1, 1, 0, 1, 0]",7,0,0,,0.375,8
936,99eef1ee-8861-11f1-a564-b48c9db4e1b4,17,"[0, 1, 0, 0, 1, 0, 1, 1]",0,0,0,,0.375,8
937,99eef1ee-8861-11f1-a564-b48c9db4e1b4,17,"[0, 1, 0, 0, 1, 0, 1, 1]",1,1,-1,,0.375,8
938,99eef1ee-8861-11f1-a564-b48c9db4e1b4,17,"[0, 1, 0, 0, 1, 0, 1, 1]",2,0,0,,0.375,8
939,99eef1ee-8861-11f1-a564-b48c9db4e1b4,17,"[0, 1, 0, 0, 1, 0, 1, 1]",3,0,0,,0.375,8
940,99eef1ee-8861-11f1-a564-b48c9db4e1b4,17,"[0, 1, 0, 0, 1, 0, 1, 1]",4,1,-1,,0.375,8
941,99eef1ee-8861-11f1-a564-b48c9db4e1b4,17,"[0, 1, 0, 0, 1, 0, 1, 1]",5,0,0,,0.375,8
942,99eef1ee-8861-11f1-a564-b48c9db4e1b4,17,"[0, 1, 0, 0, 1, 0, 1, 1]",6,1,-1,,0.375,8
943,99eef1ee-8861-11f1-a564-b48c9db4e1b4,17,"[0, 1, 0, 0, 1, 0, 1, 1]",7,1,-1,,0.375,8
944,99eef1ee-8861-11f1-a564-b48c9db4e1b4,18,"[0, 0, 0, 0, 0, 0, 1, 0]",0,0,0,,0.375,8
945,99eef1ee-8861-11f1-a564-b48c9db4e1b4,18,"[0, 0, 0, 0, 0, 0, 1, 0]",1,0,0,,0.375,8
946,99eef1ee-8861-11f1-a564-b48c9db4e1b4,18,"[0, 0, 0, 0, 0, 0, 1, 0]",2,0,0,,0.375,8
947,99eef1ee-8861-11f1-a564-b48c9db4e1b4,18,"[0, 0, 0, 0, 0, 0, 1, 0]",3,0,0,,0.375,8
948,99eef1ee-8861-11f1-a564-b48c9db4e1b4,18,"[0, 0, 0, 0, 0, 0, 1, 0]",4,0,0,,0.375,8
949,99eef1ee-8861-11f1-a564-b48c9db4e1b4,18,"[0, 0, 0, 0, 0, 0, 1, 0]",5,0,0,,0.375,8
950,99eef1ee-8861-11f1-a564-b48c9db4e1b4,18,"[0, 0, 0, 0, 0, 0, 1, 0]",6,1,1,,0.375,8
951,99eef1ee-8861-11f1-a564-b48c9db4e1b4,18,"[0, 0, 0, 0, 0, 0, 1, 0]",7,0,0,,0.375,8
952,99eef1ee-8861-11f1-a564-b48c9db4e1b4,19,"[1, 1, 0, 1, 1, 1, 1, 1]",0,1,-1,,0.375,8
953,99eef1ee-8861-11f1-a564-b48c9db4e1b4,19,"[1, 1, 0, 1, 1, 1, 1, 1]",1,1,-1,,0.375,8
954,99eef1ee-8861-11f1-a564-b48c9db4e1b4,19,"[1, 1, 0, 1, 1, 1, 1, 1]",2,0,0,,0.375,8
955,99eef1ee-8861-11f1-a564-b48c9db4e1b4,19,"[1, 1, 0, 1, 1, 1, 1, 1]",3,1,-1,,0.375,8
956,99eef1ee-8861-11f1-a564-b48c9db4e1b4,19,"[1, 1, 0, 1, 1, 1, 1, 1]",4,1,-1,,0.375,8
957,99eef1ee-8861-11f1-a564-b48c9db4e1b4,19,"[1, 1, 0, 1, 1, 1, 1, 1]",5,1,-1,,0.375,8
958,99eef1ee-8861-11f1-a564-b48c9db4e1b4,19,"[1, 1, 0, 1, 1, 1, 1, 1]",6,1,-1,,0.375,8
959,99eef1ee-8861-11f1-a564-b48c9db4e1b4,19,"[1, 1, 0, 1, 1, 1, 1, 1]",7,1,-1,,0.375,8
960,99f22bc8-8861-11f1-a882-b48c9db4e1b4,0,"[1, 1, 0, 0, 1, 1, 0, 1]",0,1,-1,,0.375,8
961,99f22bc8-8861-11f1-a882-b48c9db4e1b4,0,"[1, 1, 0, 0, 1, 1, 0, 1]",1,1,-1,,0.375,8
962,99f22bc8-8861-11f1-a882-b48c9db4e1b4,0,"[1, 1, 0, 0, 1, 1, 0, 1]",2,0,0,,0.375,8
963,99f22bc8-8861-11f1-a882-b48c9db4e1b4,0,"[1, 1, 0, 0, 1, 1, 0, 1]",3,0,0,,0.375,8
964,99f22bc8-8861-11f1-a882-b48c9db4e1b4,0,"[1, 1, 0, 0, 1, 1, 0, 1]",4,1,-1,,0.375,8
965,99f22bc8-8861-11f1-a882-b48c9db4e1b4,0,"[1, 1, 0, 0, 1, 1, 0, 1]",5,1,-1,,0.375,8
966,99f22bc8-8861-11f1-a882-b48c9db4e1b4,0,"[1, 1, 0, 0, 1, 1, 0, 1]",6,0,0,,0.375,8
967,99f22bc8-8861-11f1-a882-b48c9db4e1b4,0,"[1, 1, 0, 0, 1, 1, 0, 1]",7,1,-1,,0.375,8
968,99f22bc8-8861-11f1-a882-b48c9db4e1b4,1,"[0, 0, 0, 1, 0, 1, 0, 1]",0,0,0,,0.375,8
969,99f22bc8-8861-11f1-a882-b48c9db4e1b4,1,"[0, 0, 0, 1, 0, 1, 0, 1]",1,0,0,,0.375,8
970,99f22bc8-8861-11f1-a882-b48c9db4e1b4,1,"[0, 0, 0, 1, 0, 1, 0, 1]",2,0,0,,0.375,8
971,99f22bc8-8861-11f1-a882-b48c9db4e1b4,1,"[0, 0, 0, 1, 0, 1, 0, 1]",3,1,1,,0.375,8
972,99f22bc8-8861-11f1-a882-b48c9db4e1b4,1,"[0, 0, 0, 1, 0, 1, 0, 1]",4,0,0,,0.375,8
973,99f22bc8-8861-11f1-a882-b48c9db4e1b4,1,"[0, 0, 0, 1, 0, 1, 0, 1]",5,1,1,,0.375,8
974,99f22bc8-8861-11f1-a882-b48c9db4e1b4,1,"[0, 0, 0, 1, 0, 1, 0, 1]",6,0,0,,0.375,8
975,99f22bc8-8861-11f1-a882-b48c9db4e1b4,1,"[0, 0, 0, 1, 0, 1, 0, 1]",7,1,1,,0.375,8
976,99f22bc8-8861-11f1-a882-b48c9db4e1b4,2,"[0, 0, 1, 0, 0, 0, 0, 0]",0,0,0,,0.375,8
977,99f22bc8-8861-11f1-a882-b48c9db4e1b4,2,"[0, 0, 1, 0, 0, 0, 0, 0]",1,0,0,,0.375,8
978,99f22bc8-8861-11f1-a882-b48c9db4e1b4,2,"[0, 0, 1, 0, 0, 0, 0, 0]",2,1,1,,0.375,8
979,99f22bc8-8861-11f1-a882-b48c9db4e1b4,2,"[0, 0, 1, 0, 0, 0, 0, 0]",3,0,0,,0.375,8
980,99f22bc8-8861-11f1-a882-b48c9db4e1b4,2,"[0, 0, 1, 0, 0, 0, 0, 0]",4,0,0,,0.375,8
981,99f22bc8-8861-11f1-a882-b48c9db4e1b4,2,"[0, 0, 1, 0, 0, 0, 0, 0]",5,0,0,,0.375,8
982,99f22bc8-8861-11f1-a882-b48c9db4e1b4,2,"[0, 0, 1, 0, 0, 0, 0, 0]",6,0,0,,0.375,8
983,99f22bc8-8861-11f1-a882-b48c9db4e1b4,2,"[0, 0, 1, 0, 0, 0, 0, 0]",7,0,0,,0.375,8
984,99f22bc8-8861-11f1-a882-b48c9db4e1b4,3,"[0, 1, 0, 0, 1, 0, 0, 1]",0,0,0,,0.375,8
985,99f22bc8-8861-11f1-a882-b48c9db4e1b4,3,"[0, 1, 0, 0, 1, 0, 0, 1]",1,1,1,,0.375,8
986,99f22bc8-8861-11f1-a882-b48c9db4e1b4,3,"[0, 1, 0, 0, 1, 0, 0, 1]",2,0,0,,0.375,8
987,99f22bc8-8861-11f1-a882-b48c9db4e1b4,3,"[0, 1, 0, 0, 1, 0, 0, 1]",3,0,0,,0.375,8
988,99f22bc8-8861-11f1-a882-b48c9db4e1b4,3,"[0, 1, 0, 0, 1, 0, 0, 1]",4,1,1,,0.375,8
989,99f22bc8-8861-11f1-a882-b48c9db4e1b4,3,"[0, 1, 0, 0, 1, 0, 0, 1]",5,0,0,,0.375,8
990,99f22bc8-8861-11f1-a882-b48c9db4e1b4,3,"[0, 1, 0, 0, 1, 0, 0, 1]",6,0,0,,0.375,8
991,99f22bc8-8861-11f1-a882-b48c9db4e1b4,3,"[0, 1, 0, 0, 1, 0, 0, 1]",7,1,1,,0.375,8
992,99f22bc8-8861-11f1-a882-b48c9db4e1b4,4,"[1, 0, 0, 1, 0, 1, 0, 0]",0,1,1,,0.375,8
993,99f22bc8-8861-11f1-a882-b48c9db4e1b4,4,"[1, 0, 0, 1, 0, 1, 0, 0]",1,0,0,,0.375,8
994,99f22bc8-8861-11f1-a882-b48c9db4e1b4,4,"[1, 0, 0, 1, 0, 1, 0, 0]",2,0,0,,0.375,8
995,99f22bc8-8861-11f1-a882-b48c9db4e1b4,4,"[1, 0, 0, 1, 0, 1, 0, 0]",3,1,1,,0.375,8
996,99f22bc8-8861-11f1-a882-b48c9db4e1b4,4,"[1, 0, 0, 1, 0, 1, 0, 0]",4,0,0,,0.375,8
997,99f22bc8-8861-11f1-a882-b48c9db4e1b4,4,"[1, 0, 0, 1, 0, 1, 0, 0]",5,1,1,,0.375,8
998,99f22bc8-8861-11f1-a882-b48c9db4e1b4,4,"[1, 0, 0, 1, 0, 1, 0, 0]",6,0,0,,0.375,8
999,99f22bc8-8861-11f1-a882-b48c9db4e1b4,4,"[1, 0, 0, 1, 0, 1, 0, 0]",7,0,0,,0.375,8
1000,99f22bc8-8861-11f1-a882-b48c9db4e1b4,5,"[0, 1, 1, 0, 0, 1, 0, 1]",0,0,0,,0.375,8
1001,99f22bc8-8861-11f1-a882-b48c9db4e1b4,5,"[0, 1, 1, 0, 0, 1, 0, 1]",1,1,-1,,0.375,8
1002,99f22bc8-8861-11f1-a882-b48c9db4e1b4,5,"[0, 1, 1, 0, 0, 1, 0, 1]",2,1,-1,,0.375,8
1003,99f22bc8-8861-11f1-a882-b48c9db4e1b4,5,"[0, 1, 1, 0, 0, 1, 0, 1]",3,0,0,,0.375,8
1004,99f22bc8-8861-11f1-a882-b48c9db4e1b4,5,"[0, 1, 1, 0, 0, 1, 0, 1]",4,0,0,,0.375,8
1005,99f22bc8-8861-11f1-a882-b48c9db4e1b4,5,"[0, 1, 1, 0, 0, 1, 0, 1]",5,1,-1,,0.375,8
1006,99f22bc8-8861-11f1-a882-b48c9db4e1b4,5,"[0, 1, 1, 0, 0, 1, 0, 1]",6,0,0,,0.375,8
1007,99f22bc8-8861-11f1-a882-b48c9db4e1b4,5,"[0, 1, 1, 0, 0, 1, 0, 1]",7,1,-1,,0.375,8
1008,99f22bc8-8861-11f1-a882-b48c9db4e1b4,6,"[1, 0, 1, 0, 0, 1, 1, 0]",0,1,-1,,0.375,8
1009,99f22bc8-8861-11f1-a882-b48c9db4e1b4,6,"[1, 0, 1, 0, 0, 1, 1, 0]",1,0,0,,0.375,8
1010,99f22bc8-8861-11f1-a882-b48c9db4e1b4,6,"[1, 0, 1, 0, 0, 1, 1, 0]",2,1,-1,,0.375,8
1011,99f22bc8-8861-11f1-a882-b48c9db4e1b4,6,"[1, 0, 1, 0, 0, 1, 1, 0]",3,0,0,,0.375,8
1012,99f22bc8-8861-11f1-a882-b48c9db4e1b4,6,"[1, 0, 1, 0, 0, 1, 1, 0]",4,0,0,,0.375,8
1013,99f22bc8-8861-11f1-a882-b48c9db4e1b4,6,"[1, 0, 1, 0, 0, 1, 1, 0]",5,1,-1,,0.375,8
1014,99f22bc8-8861-11f1-a882-b48c9db4e1b4,6,"[1, 0, 1, 0, 0, 1, 1, 0]",6,1,-1,,0.375,8
1015,99f22bc8-8861-11f1-a882-b48c9db4e1b4,6,"[1, 0, 1, 0, 0, 1, 1, 0]",7,0,0,,0.375,8
1016,99f22bc8-8861-11f1-a882-b48c9db4e1b4,7,"[0, 0, 0, 1, 0, 1, 0, 1]",0,0,0,,0.375,8
1017,99f22bc8-8861-11f1-a882-b48c9db4e1b4,7,"[0, 0, 0, 1, 0, 1, 0, 1]",1,0,0,,0.375,8
1018,99f22bc8-8861-11f1-a882-b48c9db4e1b4,7,"[0, 0, 0, 1, 0, 1, 0, 1]",2,0,0,,0.375,8
1019,99f22bc8-8861-11f1-a882-b48c9db4e1b4,7,"[0, 0, 0, 1, 0, 1, 0, 1]",3,1,1,,0.375,8
1020,99f22bc8-8861-11f1-a882-b48c9db4e1b4,7,"[0, 0, 0, 1, 0, 1, 0, 1]",4,0,0,,0.375,8
1021,99f22bc8-8861-11f1-a882-b48c9db4e1b4,7,"[0, 0, 0, 1, 0, 1, 0, 1]",5,1,1,,0.375,8
1022,99f22bc8-8861-11f1-a882-b48c9db4e1b4,7,"[0, 0, 0, 1, 0, 1, 0, 1]",6,0,0,,0.375,8
1023,99f22bc8-8861-11f1-a882-b48c9db4e1b4,7,"[0, 0, 0, 1, 0, 1, 0, 1]",7,1,1,,0.375,8
1024,99f22bc8-8861-11f1-a882-b48c9db4e1b4,8,"[1, 1, 0, 0, 0, 0, 1, 1]",0,1,-1,,0.375,8
1025,99f22bc8-8861-11f1-a882-b48c9db4e1b4,8,"[1, 1, 0, 0, 0, 0, 1, 1]",1,1,-1,,0.375,8
1026,99f22bc8-8861-11f1-a882-b48c9db4e1b4,8,"[1, 1, 0, 0, 0, 0, 1, 1]",2,0,0,,0.375,8
1027,99f22bc8-8861-11f1-a882-b48c9db4e1b4,8,"[1, 1, 0, 0, 0, 0, 1, 1]",3,0,0,,0.375,8
1028,99f22bc8-8861-11f1-a882-b48c9db4e1b4,8,"[1, 1, 0, 0, 0, 0, 1, 1]",4,0,0,,0.375,8
1029,99f22bc8-8861-11f1-a882-b48c9db4e1b4,8,"[1, 1, 0, 0, 0, 0, 1, 1]",5,0,0,,0.375,8
1030,99f22bc8-8861-11f1-a882-b48c9db4e1b4,8,"[1, 1, 0, 0, 0, 0, 1, 1]",6,1,-1,,0.375,8
1031,99f22bc8-8861-11f1-a882-b48c9db4e1b4,8,"[1, 1, 0, 0, 0, 0, 1, 1]",7,1,-1,,0.375,8
1032,99f22bc8-8861-11f1-a882-b48c9db4e1b4,9,"[1, 1, 1, 1, 1, 1, 0, 1]",0,1,-1,,0.375,8
1033,99f22bc8-8861-11f1-a882-b48c9db4e1b4,9,"[1, 1, 1, 1, 1, 1, 0, 1]",1,1,-1,,0.375,8
1034,99f22bc8-8861-11f1-a882-b48c9db4e1b4,9,"[1, 1, 1, 1, 1, 1, 0, 1]",2,1,-1,,0.375,8
1035,99f22bc8-8861-11f1-a882-b48c9db4e1b4,9,"[1, 1, 1, 1, 1, 1, 0, 1]",3,1,-1,,0.375,8
1036,99f22bc8-8861-11f1-a882-b48c9db4e1b4,9,"[1, 1, 1, 1, 1, 1, 0, 1]",4,1,-1,,0.375,8
1037,99f22bc8-8861-11f1-a882-b48c9db4e1b4,9,"[1, 1, 1, 1, 1, 1, 0, 1]",5,1,-1,,0.375,8
1038,99f22bc8-8861-11f1-a882-b48c9db4e1b4,9,"[1, 1, 1, 1, 1, 1, 0, 1]",6,0,0,,0.375,8
1039,99f22bc8-8861-11f1-a882-b48c9db4e1b4,9,"[1, 1, 1, 1, 1, 1, 0, 1]",7,1,-1,,0.375,8
1040,99f22bc8-8861-11f1-a882-b48c9db4e1b4,10,"[0, 1, 0, 1, 0, 0, 0, 1]",0,0,0,,0.375,8
1041,99f22bc8-8861-11f1-a882-b48c9db4e1b4,10,"[0, 1, 0, 1, 0, 0, 0, 1]",1,1,1,,0.375,8
1042,99f22bc8-8861-11f1-a882-b48c9db4e1b4,10,"[0, 1, 0, 1, 0, 0, 0, 1]",2,0,0,,0.375,8
1043,99f22bc8-8861-11f1-a882-b48c9db4e1b4,10,"[0, 1, 0, 1, 0, 0, 0, 1]",3,1,1,,0.375,8
1044,99f22bc8-8861-11f1-a882-b48c9db4e1b4,10,"[0, 1, 0, 1, 0, 0, 0, 1]",4,0,0,,0.375,8
1045,99f22bc8-8861-11f1-a882-b48c9db4e1b4,10,"[0, 1, 0, 1, 0, 0, 0, 1]",5,0,0,,0.375,8
1046,99f22bc8-8861-11f1-a882-b48c9db4e1b4,10,"[0, 1, 0, 1, 0, 0, 0, 1]",6,0,0,,0.375,8
1047,99f22bc8-8861-11f1-a882-b48c9db4e1b4,10,"[0, 1, 0, 1, 0, 0, 0, 1]",7,1,1,,0.375,8
1048,99f22bc8-8861-11f1-a882-b48c9db4e1b4,11,"[0, 0, 0, 1, 1, 0, 1, 1]",0,0,0,,0.375,8
1049,99f22bc8-8861-11f1-a882-b48c9db4e1b4,11,"[0, 0, 0, 1, 1, 0, 1, 1]",1,0,0,,0.375,8
1050,99f22bc8-8861-11f1-a882-b48c9db4e1b4,11,"[0, 0, 0, 1, 1, 0, 1, 1]",2,0,0,,0.375,8
1051,99f22bc8-8861-11f1-a882-b48c9db4e1b4,11,"[0, 0, 0, 1, 1, 0, 1, 1]",3,1,-1,,0.375,8
1052,99f22bc8-8861-11f1-a882-b48c9db4e1b4,11,"[0, 0, 0, 1, 1, 0, 1, 1]",4,1,-1,,0.375,8
1053,99f22bc8-8861-11f1-a882-b48c9db4e1b4,11,"[0, 0, 0, 1, 1, 0, 1, 1]",5,0,0,,0.375,8
1054,99f22bc8-8861-11f1-a882-b48c9db4e1b4,11,"[0, 0, 0, 1, 1, 0, 1, 1]",6,1,-1,,0.375,8
1055,99f22bc8-8861-11f1-a882-b48c9db4e1b4,11,"[0, 0, 0, 1, 1, 0, 1, 1]",7,1,-1,,0.375,8
1056,99f22bc8-8861-11f1-a882-b48c9db4e1b4,12,"[1, 0, 0, 0, 1, 1, 1, 0]",0,1,-1,,0.375,8
1057,99f22bc8-8861-11f1-a882-b48c9db4e1b4,12,"[1, 0, 0, 0, 1, 1, 1, 0]",1,0,0,,0.375,8
1058,99f22bc8-8861-11f1-a882-b48c9db4e1b4,12,"[1, 0, 0, 0, 1, 1, 1, 0]",2,0,0,,0.375,8
1059,99f22bc8-8861-11f1-a882-b48c9db4e1b4,12,"[1, 0, 0, 0, 1, 1, 1, 0]",3,0,0,,0.375,8
1060,99f22bc8-8861-11f1-a882-b48c9db4e1b4,12,"[1, 0, 0, 0, 1, 1, 1, 0]",4,1,-1,,0.375,8
1061,99f22bc8-8861-11f1-a882-b48c9db4e1b4,12,"[1, 0, 0, 0, 1, 1, 1, 0]",5,1,-1,,0.375,8
1062,99f22bc8-8861-11f1-a882-b48c9db4e1b4,12,"[1, 0, 0, 0, 1, 1, 1, 0]",6,1,-1,,0.375,8
1063,99f22bc8-8861-11f1-a882-b48c9db4e1b4,12,"[1, 0, 0, 0, 1, 1, 1, 0]",7,0,0,,0.375,8
1064,99f22bc8-8861-11f1-a882-b48c9db4e1b4,13,"[0, 1, 0, 1, 0, 0, 0, 1]",0,0,0,,0.375,8
1065,99f22bc8-8861-11f1-a882-b48c9db4e1b4,13,"[0, 1, 0, 1, 0, 0, 0, 1]",1,1,1,,0.375,8
1066,99f22bc8-8861-11f1-a882-b48c9db4e1b4,13,"[0, 1, 0, 1, 0, 0, 0, 1]",2,0,0,,0.375,8
1067,99f22bc8-8861-11f1-a882-b48c9db4e1b4,13,"[0, 1, 0, 1, 0, 0, 0, 1]",3,1,1,,0.375,8
1068,99f22bc8-8861-11f1-a882-b48c9db4e1b4,13,"[0, 1, 0, 1, 0, 0, 0, 1]",4,0,0,,0.375,8
1069,99f22bc8-8861-11f1-a882-b48c9db4e1b4,13,"[0, 1, 0, 1, 0, 0, 0, 1]",5,0,0,,0.375,8
1070,99f22bc8-8861-11f1-a882-b48c9db4e1b4,13,"[0, 1, 0, 1, 0, 0, 0, 1]",6,0,0,,0.375,8
1071,99f22bc8-8861-11f1-a882-b48c9db4e1b4,13,"[0, 1, 0, 1, 0, 0, 0, 1]",7,1,1,,0.375,8
1072,99f22bc8-8861-11f1-a882-b48c9db4e1b4,14,"[0, 1, 0, 0, 0, 0, 1, 1]",0,0,0,,0.375,8
1073,99f22bc8-8861-11f1-a882-b48c9db4e1b4,14,"[0, 1, 0, 0, 0, 0, 1, 1]",1,1,1,,0.375,8
1074,99f22bc8-8861-11f1-a882-b48c9db4e1b4,14,"[0, 1, 0, 0, 0, 0, 1, 1]",2,0,0,,0.375,8
1075,99f22bc8-8861-11f1-a882-b48c9db4e1b4,14,"[0, 1, 0, 0, 0, 0, 1, 1]",3,0,0,,0.375,8
1076,99f22bc8-8861-11f1-a882-b48c9db4e1b4,14,"[0, 1, 0, 0, 0, 0, 1, 1]",4,0,0,,0.375,8
1077,99f22bc8-8861-11f1-a882-b48c9db4e1b4,14,"[0, 1, 0, 0, 0, 0, 1, 1]",5,0,0,,0.375,8
1078,99f22bc8-8861-11f1-a882-b48c9db4e1b4,14,"[0, 1, 0, 0, 0, 0, 1, 1]",6,1,1,,0.375,8
1079,99f22bc8-8861-11f1-a882-b48c9db4e1b4,14,"[0, 1, 0, 0, 0, 0, 1, 1]",7,1,1,,0.375,8
1080,99f22bc8-8861-11f1-a882-b48c9db4e1b4,15,"[1, 1, 0, 1, 1, 0, 1, 0]",0,1,-1,,0.375,8
1081,99f22bc8-8861-11f1-a882-b48c9db4e1b4,15,"[1, 1, 0, 1, 1, 0, 1, 0]",1,1,-1,,0.375,8
1082,99f22bc8-8861-11f1-a882-b48c9db4e1b4,15,"[1, 1, 0, 1, 1, 0, 1, 0]",2,0,0,,0.375,8
1083,99f22bc8-8861-11f1-a882-b48c9db4e1b4,15,"[1, 1, 0, 1, 1, 0, 1, 0]",3,1,-1,,0.375,8
1084,99f22bc8-8861-11f1-a882-b48c9db4e1b4,15,"[1, 1, 0, 1, 1, 0, 1, 0]",4,1,-1,,0.375,8
1085,99f22bc8-8861-11f1-a882-b48c9db4e1b4,15,"[1, 1, 0, 1, 1, 0, 1, 0]",5,0,0,,0.375,8
1086,99f22bc8-8861-11f1-a882-b48c9db4e1b4,15,"[1, 1, 0, 1, 1, 0, 1, 0]",6,1,-1,,0.375,8
1087,99f22bc8-8861-11f1-a882-b48c9db4e1b4,15,"[1, 1, 0, 1, 1, 0, 1, 0]",7,0,0,,0.375,8
1088,99f22bc8-8861-11f1-a882-b48c9db4e1b4,16,"[0, 1, 1, 1, 1, 1, 1, 1]",0,0,0,,0.375,8
1089,99f22bc8-8861-11f1-a882-b48c9db4e1b4,16,"[0, 1, 1, 1, 1, 1, 1, 1]",1,1,-1,,0.375,8
1090,99f22bc8-8861-11f1-a882-b48c9db4e1b4,16,"[0, 1, 1, 1, 1, 1, 1, 1]",2,1,-1,,0.375,8
1091,99f22bc8-8861-11f1-a882-b48c9db4e1b4,16,"[0, 1, 1, 1, 1, 1, 1, 1]",3,1,-1,,0.375,8
1092,99f22bc8-8861-11f1-a882-b48c9db4e1b4,16,"[0, 1, 1, 1, 1, 1, 1, 1]",4,1,-1,,0.375,8
1093,99f22bc8-8861-11f1-a882-b48c9db4e1b4,16,"[0, 1, 1, 1, 1, 1, 1, 1]",5,1,-1,,0.375,8
1094,99f22bc8-8861-11f1-a882-b48c9db4e1b4,16,"[0, 1, 1, 1, 1, 1, 1, 1]",6,1,-1,,0.375,8
1095,99f22bc8-8861-11f1-a882-b48c9db4e1b4,16,"[0, 1, 1, 1, 1, 1, 1, 1]",7,1,-1,,0.375,8
1096,99f22bc8-8861-11f1-a882-b48c9db4e1b4,17,"[1, 1, 1, 0, 1, 1, 1, 0]",0,1,-1,,0.375,8
1097,99f22bc8-8861-11f1-a882-b48c9db4e1b4,17,"[1, 1, 1, 0, 1, 1, 1, 0]",1,1,-1,,0.375,8
1098,99f22bc8-8861-11f1-a882-b48c9db4e1b4,17,"[1, 1, 1, 0, 1, 1, 1, 0]",2,1,-1,,0.375,8
1099,99f22bc8-8861-11f1-a882-b48c9db4e1b4,17,"[1, 1, 1, 0, 1, 1, 1, 0]",3,0,0,,0.375,8
1100,99f22bc8-8861-11f1-a882-b48c9db4e1b4,17,"[1, 1, 1, 0, 1, 1, 1, 0]",4,1,-1,,0.375,8
1101,99f22bc8-8861-11f1-a882-b48c9db4e1b4,17,"[1, 1, 1, 0, 1, 1, 1, 0]",5,1,-1,,0.375,8
1102,99f22bc8-8861-11f1-a882-b48c9db4e1b4,17,"[1, 1, 1, 0, 1, 1, 1, 0]",6,1,-1,,0.375,8
1103,99f22bc8-8861-11f1-a882-b48c9db4e1b4,17,"[1, 1, 1, 0, 1, 1, 1, 0]",7,0,0,,0.375,8
1104,99f22bc8-8861-11f1-a882-b48c9db4e1b4,18,"[1, 0, 0, 0, 1, 0, 1, 0]",0,1,1,,0.375,8
1105,99f22bc8-8861-11f1-a882-b48c9db4e1b4,18,"[1, 0, 0, 0, 1, 0, 1, 0]",1,0,0,,0.375,8
1106,99f22bc8-8861-11f1-a882-b48c9db4e1b4,18,"[1, 0, 0, 0, 1, 0, 1, 0]",2,0,0,,0.375,8
1107,99f22bc8-8861-11f1-a882-b48c9db4e1b4,18,"[1, 0, 0, 0, 1, 0, 1, 0]",3,0,0,,0.375,8
1108,99f22bc8-8861-11f1-a882-b48c9db4e1b4,18,"[1, 0, 0, 0, 1, 0, 1, 0]",4,1,1,,0.375,8
1109,99f22bc8-8861-11f1-a882-b48c9db4e1b4,18,"[1, 0, 0, 0, 1, 0, 1, 0]",5,0,0,,0.375,8
1110,99f22bc8-8861-11f1-a882-b48c9db4e1b4,18,"[1, 0, 0, 0, 1, 0, 1, 0]",6,1,1,,0.375,8
1111,99f22bc8-8861-11f1-a882-b48c9db4e1b4,18,"[1, 0, 0, 0, 1, 0, 1, 0]",7,0,0,,0.375,8
1112,99f22bc8-8861-11f1-a882-b48c9db4e1b4,19,"[1, 0, 0, 0, 0, 0, 1, 0]",0,1,1,,0.375,8
1113,99f22bc8-8861-11f1-a882-b48c9db4e1b4,19,"[1, 0, 0, 0, 0, 0, 1, 0]",1,0,0,,0.375,8
1114,99f22bc8-8861-11f1-a882-b48c9db4e1b4,19,"[1, 0, 0, 0, 0, 0, 1, 0]",2,0,0,,0.375,8
1115,99f22bc8-8861-11f1-a882-b48c9db4e1b4,19,"[1, 0, 0, 0, 0, 0, 1, 0]",3,0,0,,0.375,8
1116,99f22bc8-8861-11f1-a882-b48c9db4e1b4,19,"[1, 0, 0, 0, 0, 0, 1, 0]",4,0,0,,0.375,8
1117,99f22bc8-8861-11f1-a882-b48c9db4e1b4,19,"[1, 0, 0, 0, 0, 0, 1, 0]",5,0,0,,0.375,8
1118,99f22bc8-8861-11f1-a882-b48c9db4e1b4,19,"[1, 0, 0, 0, 0, 0, 1, 0]",6,1,1,,0.375,8
1119,99f22bc8-8861-11f1-a882-b48c9db4e1b4,19,"[1, 0, 0, 0, 0, 0, 1, 0]",7,0,0,,0.375,8
1120,99f4feeb-8861-11f1-b33c-b48c9db4e1b4,0,"[0, 1, 0, 0, 1, 1, 1, 0]",0,0,0,,0.375,8
1121,99f4feeb-8861-11f1-b33c-b48c9db4e1b4,0,"[0, 1, 0, 0, 1, 1, 1, 0]",1,1,-1,,0.375,8
1122,99f4feeb-8861-11f1-b33c-b48c9db4e1b4,0,"[0, 1, 0, 0, 1, 1, 1, 0]",2,0,0,,0.375,8
1123,99f4feeb-8861-11f1-b33c-b48c9db4e1b4,0,"[0, 1, 0, 0, 1, 1, 1, 0]",3,0,0,,0.375,8
1124,99f4feeb-8861-11f1-b33c-b48c9db4e1b4,0,"[0, 1, 0, 0, 1, 1, 1, 0]",4,1,-1,,0.375,8
1125,99f4feeb-8861-11f1-b33c-b48c9db4e1b4,0,"[0, 1, 0, 0, 1, 1, 1, 0]",5,1,-1,,0.375,8
1126,99f4feeb-8861-11f1-b33c-b48c9db4e1b4,0,"[0, 1, 0, 0, 1, 1, 1, 0]",6,1,-1,,0.375,8
1127,99f4feeb-8861-11f1-b33c-b48c9db4e1b4,0,"[0, 1, 0, 0, 1, 1, 1, 0]",7,0,0,,0.375,8
1128,99f4feeb-8861-11f1-b33c-b48c9db4e1b4,1,"[0, 1, 1, 1, 0, 0, 0, 1]",0,0,0,,0.375,8
1129,99f4feeb-8861-11f1-b33c-b48c9db4e1b4,1,"[0, 1, 1, 1, 0, 0, 0, 1]",1,1,-1,,0.375,8
1130,99f4feeb-8861-11f1-b33c-b48c9db4e1b4,1,"[0, 1, 1, 1, 0, 0, 0, 1]",2,1,-1,,0.375,8
1131,99f4feeb-8861-11f1-b33c-b48c9db4e1b4,1,"[0, 1, 1, 1, 0, 0, 0, 1]",3,1,-1,,0.375,8
1132,99f4feeb-8861-11f1-b33c-b48c9db4e1b4,1,"[0, 1, 1, 1, 0, 0, 0, 1]",4,0,0,,0.375,8
1133,99f4feeb-8861-11f1-b33c-b48c9db4e1b4,1,"[0, 1, 1, 1, 0, 0, 0, 1]",5,0,0,,0.375,8
1134,99f4feeb-8861-11f1-b33c-b48c9db4e1b4,1,"[0, 1, 1, 1, 0, 0, 0, 1]",6,0,0,,0.375,8
1135,99f4feeb-8861-11f1-b33c-b48c9db4e1b4,1,"[0, 1, 1, 1, 0, 0, 0, 1]",7,1,-1,,0.375,8
1136,99f4feeb-8861-11f1-b33c-b48c9db4e1b4,2,"[1, 1, 1, 1, 1, 0, 1, 0]",0,1,-1,,0.375,8
1137,99f4feeb-8861-11f1-b33c-b48c9db4e1b4,2,"[1, 1, 1, 1, 1, 0, 1, 0]",1,1,-1,,0.375,8
1138,99f4feeb-8861-11f1-b33c-b48c9db4e1b4,2,"[1, 1, 1, 1, 1, 0, 1, 0]",2,1,-1,,0.375,8
1139,99f4feeb-8861-11f1-b33c-b48c9db4e1b4,2,"[1, 1, 1, 1, 1, 0, 1, 0]",3,1,-1,,0.375,8
1140,99f4feeb-8861-11f1-b33c-b48c9db4e1b4,2,"[1, 1, 1, 1, 1, 0, 1, 0]",4,1,-1,,0.375,8
1141,99f4feeb-8861-11f1-b33c-b48c9db4e1b4,2,"[1, 1, 1, 1, 1, 0, 1, 0]",5,0,0,,0.375,8
1142,99f4feeb-8861-11f1-b33c-b48c9db4e1b4,2,"[1, 1, 1, 1, 1, 0, 1, 0]",6,1,-1,,0.375,8
1143,99f4feeb-8861-11f1-b33c-b48c9db4e1b4,2,"[1, 1, 1, 1, 1, 0, 1, 0]",7,0,0,,0.375,8
1144,99f4feeb-8861-11f1-b33c-b48c9db4e1b4,3,"[1, 1, 1, 1, 1, 1, 1, 1]",0,1,-1,,0.375,8
1145,99f4feeb-8861-11f1-b33c-b48c9db4e1b4,3,"[1, 1, 1, 1, 1, 1, 1, 1]",1,1,-1,,0.375,8
1146,99f4feeb-8861-11f1-b33c-b48c9db4e1b4,3,"[1, 1, 1, 1, 1, 1, 1, 1]",2,1,-1,,0.375,8
1147,99f4feeb-8861-11f1-b33c-b48c9db4e1b4,3,"[1, 1, 1, 1, 1, 1, 1, 1]",3,1,-1,,0.375,8
1148,99f4feeb-8861-11f1-b33c-b48c9db4e1b4,3,"[1, 1, 1, 1, 1, 1, 1, 1]",4,1,-1,,0.375,8
1149,99f4feeb-8861-11f1-b33c-b48c9db4e1b4,3,"[1, 1, 1, 1, 1, 1, 1, 1]",5,1,-1,,0.375,8
1150,99f4feeb-8861-11f1-b33c-b48c9db4e1b4,3,"[1, 1, 1, 1, 1, 1, 1, 1]",6,1,-1,,0.375,8
1151,99f4feeb-8861-11f1-b33c-b48c9db4e1b4,3,"[1, 1, 1, 1, 1, 1, 1, 1]",7,1,-1,,0.375,8
1152,99f4feeb-8861-11f1-b33c-b48c9db4e1b4,4,"[0, 1, 0, 0, 1, 0, 1, 1]",0,0,0,,0.375,8
1153,99f4feeb-8861-11f1-b33c-b48c9db4e1b4,4,"[0, 1, 0, 0, 1, 0, 1, 1]",1,1,-1,,0.375,8
1154,99f4feeb-8861-11f1-b33c-b48c9db4e1b4,4,"[0, 1, 0, 0, 1, 0, 1, 1]",2,0,0,,0.375,8
1155,99f4feeb-8861-11f1-b33c-b48c9db4e1b4,4,"[0, 1, 0, 0, 1, 0, 1, 1]",3,0,0,,0.375,8
1156,99f4feeb-8861-11f1-b33c-b48c9db4e1b4,4,"[0, 1, 0, 0, 1, 0, 1, 1]",4,1,-1,,0.375,8
1157,99f4feeb-8861-11f1-b33c-b48c9db4e1b4,4,"[0, 1, 0, 0, 1, 0, 1, 1]",5,0,0,,0.375,8
1158,99f4feeb-8861-11f1-b33c-b48c9db4e1b4,4,"[0, 1, 0, 0, 1, 0, 1, 1]",6,1,-1,,0.375,8
1159,99f4feeb-8861-11f1-b33c-b48c9db4e1b4,4,"[0, 1, 0, 0, 1, 0, 1, 1]",7,1,-1,,0.375,8
1160,99f4feeb-8861-11f1-b33c-b48c9db4e1b4,5,"[1, 1, 1, 1, 0, 1, 0, 1]",0,1,-1,,0.375,8
1161,99f4feeb-8861-11f1-b33c-b48c9db4e1b4,5,"[1, 1, 1, 1, 0, 1, 0, 1]",1,1,-1,,0.375,8
1162,99f4feeb-8861-11f1-b33c-b48c9db4e1b4,5,"[1, 1, 1, 1, 0, 1, 0, 1]",2,1,-1,,0.375,8
1163,99f4feeb-8861-11f1-b33c-b48c9db4e1b4,5,"[1, 1, 1, 1, 0, 1, 0, 1]",3,1,-1,,0.375,8
1164,99f4feeb-8861-11f1-b33c-b48c9db4e1b4,5,"[1, 1, 1, 1, 0, 1, 0, 1]",4,0,0,,0.375,8
1165,99f4feeb-8861-11f1-b33c-b48c9db4e1b4,5,"[1, 1, 1, 1, 0, 1, 0, 1]",5,1,-1,,0.375,8
1166,99f4feeb-8861-11f1-b33c-b48c9db4e1b4,5,"[1, 1, 1, 1, 0, 1, 0, 1]",6,0,0,,0.375,8
1167,99f4feeb-8861-11f1-b33c-b48c9db4e1b4,5,"[1, 1, 1, 1, 0, 1, 0, 1]",7,1,-1,,0.375,8
1168,99f4feeb-8861-11f1-b33c-b48c9db4e1b4,6,"[1, 1, 1, 1, 0, 0, 1, 0]",0,1,-1,,0.375,8
1169,99f4feeb-8861-11f1-b33c-b48c9db4e1b4,6,"[1, 1, 1, 1, 0, 0, 1, 0]",1,1,-1,,0.375,8
1170,99f4feeb-8861-11f1-b33c-b48c9db4e1b4,6,"[1, 1, 1, 1, 0, 0, 1, 0]",2,1,-1,,0.375,8
1171,99f4feeb-8861-11f1-b33c-b48c9db4e1b4,6,"[1, 1, 1, 1, 0, 0, 1, 0]",3,1,-1,,0.375,8
1172,99f4feeb-8861-11f1-b33c-b48c9db4e1b4,6,"[1, 1, 1, 1, 0, 0, 1, 0]",4,0,0,,0.375,8
1173,99f4feeb-8861-11f1-b33c-b48c9db4e1b4,6,"[1, 1, 1, 1, 0, 0, 1, 0]",5,0,0,,0.375,8
1174,99f4feeb-8861-11f1-b33c-b48c9db4e1b4,6,"[1, 1, 1, 1, 0, 0, 1, 0]",6,1,-1,,0.375,8
1175,99f4feeb-8861-11f1-b33c-b48c9db4e1b4,6,"[1, 1, 1, 1, 0, 0, 1, 0]",7,0,0,,0.375,8
1176,99f4feeb-8861-11f1-b33c-b48c9db4e1b4,7,"[1, 0, 1, 0, 1, 0, 0, 1]",0,1,-1,,0.375,8
1177,99f4feeb-8861-11f1-b33c-b48c9db4e1b4,7,"[1, 0, 1, 0, 1, 0, 0, 1]",1,0,0,,0.375,8
1178,99f4feeb-8861-11f1-b33c-b48c9db4e1b4,7,"[1, 0, 1, 0, 1, 0, 0, 1]",2,1,-1,,0.375,8
1179,99f4feeb-8861-11f1-b33c-b48c9db4e1b4,7,"[1, 0, 1, 0, 1, 0, 0, 1]",3,0,0,,0.375,8
1180,99f4feeb-8861-11f1-b33c-b48c9db4e1b4,7,"[1, 0, 1, 0, 1, 0, 0, 1]",4,1,-1,,0.375,8
1181,99f4feeb-8861-11f1-b33c-b48c9db4e1b4,7,"[1, 0, 1, 0, 1, 0, 0, 1]",5,0,0,,0.375,8
1182,99f4feeb-8861-11f1-b33c-b48c9db4e1b4,7,"[1, 0, 1, 0, 1, 0, 0, 1]",6,0,0,,0.375,8
1183,99f4feeb-8861-11f1-b33c-b48c9db4e1b4,7,"[1, 0, 1, 0, 1, 0, 0, 1]",7,1,-1,,0.375,8
1184,99f4feeb-8861-11f1-b33c-b48c9db4e1b4,8,"[1, 0, 0, 1, 1, 1, 1, 1]",0,1,-1,,0.375,8
1185,99f4feeb-8861-11f1-b33c-b48c9db4e1b4,8,"[1, 0, 0, 1, 1, 1, 1, 1]",1,0,0,,0.375,8
1186,99f4feeb-8861-11f1-b33c-b48c9db4e1b4,8,"[1, 0, 0, 1, 1, 1, 1, 1]",2,0,0,,0.375,8
1187,99f4feeb-8861-11f1-b33c-b48c9db4e1b4,8,"[1, 0, 0, 1, 1, 1, 1, 1]",3,1,-1,,0.375,8
1188,99f4feeb-8861-11f1-b33c-b48c9db4e1b4,8,"[1, 0, 0, 1, 1, 1, 1, 1]",4,1,-1,,0.375,8
1189,99f4feeb-8861-11f1-b33c-b48c9db4e1b4,8,"[1, 0, 0, 1, 1, 1, 1, 1]",5,1,-1,,0.375,8
1190,99f4feeb-8861-11f1-b33c-b48c9db4e1b4,8,"[1, 0, 0, 1, 1, 1, 1, 1]",6,1,-1,,0.375,8
1191,99f4feeb-8861-11f1-b33c-b48c9db4e1b4,8,"[1, 0, 0, 1, 1, 1, 1, 1]",7,1,-1,,0.375,8
1192,99f4feeb-8861-11f1-b33c-b48c9db4e1b4,9,"[1, 0, 1, 0, 1, 0, 1, 1]",0,1,-1,,0.375,8
1193,99f4feeb-8861-11f1-b33c-b48c9db4e1b4,9,"[1, 0, 1, 0, 1, 0, 1, 1]",1,0,0,,0.375,8
1194,99f4feeb-8861-11f1-b33c-b48c9db4e1b4,9,"[1, 0, 1, 0, 1, 0, 1, 1]",2,1,-1,,0.375,8
1195,99f4feeb-8861-11f1-b33c-b48c9db4e1b4,9,"[1, 0, 1, 0, 1, 0, 1, 1]",3,0,0,,0.375,8
1196,99f4feeb-8861-11f1-b33c-b48c9db4e1b4,9,"[1, 0, 1, 0, 1, 0, 1, 1]",4,1,-1,,0.375,8
1197,99f4feeb-8861-11f1-b33c-b48c9db4e1b4,9,"[1, 0, 1, 0, 1, 0, 1, 1]",5,0,0,,0.375,8
1198,99f4feeb-8861-11f1-b33c-b48c9db4e1b4,9,"[1, 0, 1, 0, 1, 0, 1, 1]",6,1,-1,,0.375,8
1199,99f4feeb-8861-11f1-b33c-b48c9db4e1b4,9,"[1, 0, 1, 0, 1, 0, 1, 1]",7,1,-1,,0.375,8
1200,99f4feeb-8861-11f1-b33c-b48c9db4e1b4,10,"[1, 0, 1, 0, 0, 1, 1, 1]",0,1,-1,,0.375,8
1201,99f4feeb-8861-11f1-b33c-b48c9db4e1b4,10,"[1, 0, 1, 0, 0, 1, 1, 1]",1,0,0,,0.375,8
1202,99f4feeb-8861-11f1-b33c-b48c9db4e1b4,10,"[1, 0, 1, 0, 0, 1, 1, 1]",2,1,-1,,0.375,8
1203,99f4feeb-8861-11f1-b33c-b48c9db4e1b4,10,"[1, 0, 1, 0, 0, 1, 1, 1]",3,0,0,,0.375,8
1204,99f4feeb-8861-11f1-b33c-b48c9db4e1b4,10,"[1, 0, 1, 0, 0, 1, 1, 1]",4,0,0,,0.375,8
1205,99f4feeb-8861-11f1-b33c-b48c9db4e1b4,10,"[1, 0, 1, 0, 0, 1, 1, 1]",5,1,-1,,0.375,8
1206,99f4feeb-8861-11f1-b33c-b48c9db4e1b4,10,"[1, 0, 1, 0, 0, 1, 1, 1]",6,1,-1,,0.375,8
1207,99f4feeb-8861-11f1-b33c-b48c9db4e1b4,10,"[1, 0, 1, 0, 0, 1, 1, 1]",7,1,-1,,0.375,8
1208,99f4feeb-8861-11f1-b33c-b48c9db4e1b4,11,"[1, 0, 0, 1, 0, 1, 1, 1]",0,1,-1,,0.375,8
1209,99f4feeb-8861-11f1-b33c-b48c9db4e1b4,11,"[1, 0, 0, 1, 0, 1, 1, 1]",1,0,0,,0.375,8
1210,99f4feeb-8861-11f1-b33c-b48c9db4e1b4,11,"[1, 0, 0, 1, 0, 1, 1, 1]",2,0,0,,0.375,8
1211,99f4feeb-8861-11f1-b33c-b48c9db4e1b4,11,"[1, 0, 0, 1, 0, 1, 1, 1]",3,1,-1,,0.375,8
1212,99f4feeb-8861-11f1-b33c-b48c9db4e1b4,11,"[1, 0, 0, 1, 0, 1, 1, 1]",4,0,0,,0.375,8
1213,99f4feeb-8861-11f1-b33c-b48c9db4e1b4,11,"[1, 0, 0, 1, 0, 1, 1, 1]",5,1,-1,,0.375,8
1214,99f4feeb-8861-11f1-b33c-b48c9db4e1b4,11,"[1, 0, 0, 1, 0, 1, 1, 1]",6,1,-1,,0.375,8
1215,99f4feeb-8861-11f1-b33c-b48c9db4e1b4,11,"[1, 0, 0, 1, 0, 1, 1, 1]",7,1,-1,,0.375,8
1216,99f4feeb-8861-11f1-b33c-b48c9db4e1b4,12,"[0, 0, 1, 0, 1, 0, 1, 1]",0,0,0,,0.375,8
1217,99f4feeb-8861-11f1-b33c-b48c9db4e1b4,12,"[0, 0, 1, 0, 1, 0, 1, 1]",1,0,0,,0.375,8
1218,99f4feeb-8861-11f1-b33c-b48c9db4e1b4,12,"[0, 0, 1, 0, 1, 0, 1, 1]",2,1,-1,,0.375,8
1219,99f4feeb-8861-11f1-b33c-b48c9db4e1b4,12,"[0, 0, 1, 0, 1, 0, 1, 1]",3,0,0,,0.375,8
1220,99f4feeb-8861-11f1-b33c-b48c9db4e1b4,12,"[0, 0, 1, 0, 1, 0, 1, 1]",4,1,-1,,0.375,8
1221,99f4feeb-8861-11f1-b33c-b48c9db4e1b4,12,"[0, 0, 1, 0, 1, 0, 1, 1]",5,0,0,,0.375,8
1222,99f4feeb-8861-11f1-b33c-b48c9db4e1b4,12,"[0, 0, 1, 0, 1, 0, 1, 1]",6,1,-1,,0.375,8
1223,99f4feeb-8861-11f1-b33c-b48c9db4e1b4,12,"[0, 0, 1, 0, 1, 0, 1, 1]",7,1,-1,,0.375,8
1224,99f4feeb-8861-11f1-b33c-b48c9db4e1b4,13,"[1, 1, 1, 1, 0, 1, 0, 0]",0,1,-1,,0.375,8
1225,99f4feeb-8861-11f1-b33c-b48c9db4e1b4,13,"[1, 1, 1, 1, 0, 1, 0, 0]",1,1,-1,,0.375,8
1226,99f4feeb-8861-11f1-b33c-b48c9db4e1b4,13,"[1, 1, 1, 1, 0, 1, 0, 0]",2,1,-1,,0.375,8
1227,99f4feeb-8861-11f1-b33c-b48c9db4e1b4,13,"[1, 1, 1, 1, 0, 1, 0, 0]",3,1,-1,,0.375,8
1228,99f4feeb-8861-11f1-b33c-b48c9db4e1b4,13,"[1, 1, 1, 1, 0, 1, 0, 0]",4,0,0,,0.375,8
1229,99f4feeb-8861-11f1-b33c-b48c9db4e1b4,13,"[1, 1, 1, 1, 0, 1, 0, 0]",5,1,-1,,0.375,8
1230,99f4feeb-8861-11f1-b33c-b48c9db4e1b4,13,"[1, 1, 1, 1, 0, 1, 0, 0]",6,0,0,,0.375,8
1231,99f4feeb-8861-11f1-b33c-b48c9db4e1b4,13,"[1, 1, 1, 1, 0, 1, 0, 0]",7,0,0,,0.375,8
1232,99f4feeb-8861-11f1-b33c-b48c9db4e1b4,14,"[0, 1, 1, 1, 0, 1, 1, 0]",0,0,0,,0.375,8
1233,99f4feeb-8861-11f1-b33c-b48c9db4e1b4,14,"[0, 1, 1, 1, 0, 1, 1, 0]",1,1,-1,,0.375,8
1234,99f4feeb-8861-11f1-b33c-b48c9db4e1b4,14,"[0, 1, 1, 1, 0, 1, 1, 0]",2,1,-1,,0.375,8
1235,99f4feeb-8861-11f1-b33c-b48c9db4e1b4,14,"[0, 1, 1, 1, 0, 1, 1, 0]",3,1,-1,,0.375,8
1236,99f4feeb-8861-11f1-b33c-b48c9db4e1b4,14,"[0, 1, 1, 1, 0, 1, 1, 0]",4,0,0,,0.375,8
1237,99f4feeb-8861-11f1-b33c-b48c9db4e1b4,14,"[0, 1, 1, 1, 0, 1, 1, 0]",5,1,-1,,0.375,8
1238,99f4feeb-8861-11f1-b33c-b48c9db4e1b4,14,"[0, 1, 1, 1, 0, 1, 1, 0]",6,1,-1,,0.375,8
1239,99f4feeb-8861-11f1-b33c-b48c9db4e1b4,14,"[0, 1, 1, 1, 0, 1, 1, 0]",7,0,0,,0.375,8
1240,99f4feeb-8861-11f1-b33c-b48c9db4e1b4,15,"[0, 1, 0, 1, 0, 0, 0, 0]",0,0,0,,0.375,8
1241,99f4feeb-8861-11f1-b33c-b48c9db4e1b4,15,"[0, 1, 0, 1, 0, 0, 0, 0]",1,1,1,,0.375,8
1242,99f4feeb-8861-11f1-b33c-b48c9db4e1b4,15,"[0, 1, 0, 1, 0, 0, 0, 0]",2,0,0,,0.375,8
1243,99f4feeb-8861-11f1-b33c-b48c9db4e1b4,15,"[0, 1, 0, 1, 0, 0, 0, 0]",3,1,1,,0.375,8
1244,99f4feeb-8861-11f1-b33c-b48c9db4e1b4,15,"[0, 1, 0, 1, 0, 0, 0, 0]",4,0,0,,0.375,8
1245,99f4feeb-8861-11f1-b33c-b48c9db4e1b4,15,"[0, 1, 0, 1, 0, 0, 0, 0]",5,0,0,,0.375,8
1246,99f4feeb-8861-11f1-b33c-b48c9db4e1b4,15,"[0, 1, 0, 1, 0, 0, 0, 0]",6,0,0,,0.375,8
1247,99f4feeb-8861-11f1-b33c-b48c9db4e1b4,15,"[0, 1, 0, 1, 0, 0, 0, 0]",7,0,0,,0.375,8
1248,99f4feeb-8861-11f1-b33c-b48c9db4e1b4,16,"[0, 0, 0, 1, 1, 1, 1, 1]",0,0,0,,0.375,8
1249,99f4feeb-8861-11f1-b33c-b48c9db4e1b4,16,"[0, 0, 0, 1, 1, 1, 1, 1]",1,0,0,,0.375,8
1250,99f4feeb-8861-11f1-b33c-b48c9db4e1b4,16,"[0, 0, 0, 1, 1, 1, 1, 1]",2,0,0,,0.375,8
1251,99f4feeb-8861-11f1-b33c-b48c9db4e1b4,16,"[0, 0, 0, 1, 1, 1, 1, 1]",3,1,-1,,0.375,8
1252,99f4feeb-8861-11f1-b33c-b48c9db4e1b4,16,"[0, 0, 0, 1, 1, 1, 1, 1]",4,1,-1,,0.375,8
1253,99f4feeb-8861-11f1-b33c-b48c9db4e1b4,16,"[0, 0, 0, 1, 1, 1, 1, 1]",5,1,-1,,0.375,8
1254,99f4feeb-8861-11f1-b33c-b48c9db4e1b4,16,"[0, 0, 0, 1, 1, 1, 1, 1]",6,1,-1,,0.375,8
1255,99f4feeb-8861-11f1-b33c-b48c9db4e1b4,16,"[0, 0, 0, 1, 1, 1, 1, 1]",7,1,-1,,0.375,8
1256,99f4feeb-8861-11f1-b33c-b48c9db4e1b4,17,"[0, 1, 1, 1, 0, 1, 0, 0]",0,0,0,,0.375,8
1257,99f4feeb-8861-11f1-b33c-b48c9db4e1b4,17,"[0, 1, 1, 1, 0, 1, 0, 0]",1,1,-1,,0.375,8
1258,99f4feeb-8861-11f1-b33c-b48c9db4e1b4,17,"[0, 1, 1, 1, 0, 1, 0, 0]",2,1,-1,,0.375,8
1259,99f4feeb-8861-11f1-b33c-b48c9db4e1b4,17,"[0, 1, 1, 1, 0, 1, 0, 0]",3,1,-1,,0.375,8
1260,99f4feeb-8861-11f1-b33c-b48c9db4e1b4,17,"[0, 1, 1, 1, 0, 1, 0, 0]",4,0,0,,0.375,8
1261,99f4feeb-8861-11f1-b33c-b48c9db4e1b4,17,"[0, 1, 1, 1, 0, 1, 0, 0]",5,1,-1,,0.375,8
1262,99f4feeb-8861-11f1-b33c-b48c9db4e1b4,17,"[0, 1, 1, 1, 0, 1, 0, 0]",6,0,0,,0.375,8
1263,99f4feeb-8861-11f1-b33c-b48c9db4e1b4,17,"[0, 1, 1, 1, 0, 1, 0, 0]",7,0,0,,0.375,8
1264,99f4feeb-8861-11f1-b33c-b48c9db4e1b4,18,"[0, 1, 1, 1, 0, 1, 1, 1]",0,0,0,,0.375,8
1265,99f4feeb-8861-11f1-b33c-b48c9db4e1b4,18,"[0, 1, 1, 1, 0, 1, 1, 1]",1,1,-1,,0.375,8
1266,99f4feeb-8861-11f1-b33c-b48c9db4e1b4,18,"[0, 1, 1, 1, 0, 1, 1, 1]",2,1,-1,,0.375,8
1267,99f4feeb-8861-11f1-b33c-b48c9db4e1b4,18,"[0, 1, 1, 1, 0, 1, 1, 1]",3,1,-1,,0.375,8
1268,99f4feeb-8861-11f1-b33c-b48c9db4e1b4,18,"[0, 1, 1, 1, 0, 1, 1, 1]",4,0,0,,0.375,8
1269,99f4feeb-8861-11f1-b33c-b48c9db4e1b4,18,"[0, 1, 1, 1, 0, 1, 1, 1]",5,1,-1,,0.375,8
1270,99f4feeb-8861-11f1-b33c-b48c9db4e1b4,18,"[0, 1, 1, 1, 0, 1, 1, 1]",6,1,-1,,0.375,8
1271,99f4feeb-8861-11f1-b33c-b48c9db4e1b4,18,"[0, 1, 1, 1, 0, 1, 1, 1]",7,1,-1,,0.375,8
1272,99f4feeb-8861-11f1-b33c-b48c9db4e1b4,19,"[1, 1, 0, 1, 0, 1, 0, 0]",0,1,-1,,0.375,8
1273,99f4feeb-8861-11f1-b33c-b48c9db4e1b4,19,"[1, 1, 0, 1, 0, 1, 0, 0]",1,1,-1,,0.375,8
1274,99f4feeb-8861-11f1-b33c-b48c9db4e1b4,19,"[1, 1, 0, 1, 0, 1, 0, 0]",2,0,0,,0.375,8
1275,99f4feeb-8861-11f1-b33c-b48c9db4e1b4,19,"[1, 1, 0, 1, 0, 1, 0, 0]",3,1,-1,,0.375,8
1276,99f4feeb-8861-11f1-b33c-b48c9db4e1b4,19,"[1, 1, 0, 1, 0, 1, 0, 0]",4,0,0,,0.375,8
1277,99f4feeb-8861-11f1-b33c-b48c9db4e1b4,19,"[1, 1, 0, 1, 0, 1, 0, 0]",5,1,-1,,0.375,8
1278,99f4feeb-8861-11f1-b33c-b48c9db4e1b4,19,"[1, 1, 0, 1, 0, 1, 0, 0]",6,0,0,,0.375,8
1279,99f4feeb-8861-11f1-b33c-b48c9db4e1b4,19,"[1, 1, 0, 1, 0, 1, 0, 0]",7,0,0,,0.375,8
1280,99f7dc8c-8861-11f1-82d4-b48c9db4e1b4,0,"[0, 1, 1, 1, 0, 0, 1, 0]",0,0,0,,0.375,8
1281,99f7dc8c-8861-11f1-82d4-b48c9db4e1b4,0,"[0, 1, 1, 1, 0, 0, 1, 0]",1,1,-1,,0.375,8
1282,99f7dc8c-8861-11f1-82d4-b48c9db4e1b4,0,"[0, 1, 1, 1, 0, 0, 1, 0]",2,1,-1,,0.375,8
1283,99f7dc8c-8861-11f1-82d4-b48c9db4e1b4,0,"[0, 1, 1, 1, 0, 0, 1, 0]",3,1,-1,,0.375,8
1284,99f7dc8c-8861-11f1-82d4-b48c9db4e1b4,0,"[0, 1, 1, 1, 0, 0, 1, 0]",4,0,0,,0.375,8
1285,99f7dc8c-8861-11f1-82d4-b48c9db4e1b4,0,"[0, 1, 1, 1, 0, 0, 1, 0]",5,0,0,,0.375,8
1286,99f7dc8c-8861-11f1-82d4-b48c9db4e1b4,0,"[0, 1, 1, 1, 0, 0, 1, 0]",6,1,-1,,0.375,8
1287,99f7dc8c-8861-11f1-82d4-b48c9db4e1b4,0,"[0, 1, 1, 1, 0, 0, 1, 0]",7,0,0,,0.375,8
1288,99f7dc8c-8861-11f1-82d4-b48c9db4e1b4,1,"[1, 1, 1, 1, 0, 0, 1, 0]",0,1,-1,,0.375,8
1289,99f7dc8c-8861-11f1-82d4-b48c9db4e1b4,1,"[1, 1, 1, 1, 0, 0, 1, 0]",1,1,-1,,0.375,8
1290,99f7dc8c-8861-11f1-82d4-b48c9db4e1b4,1,"[1, 1, 1, 1, 0, 0, 1, 0]",2,1,-1,,0.375,8
1291,99f7dc8c-8861-11f1-82d4-b48c9db4e1b4,1,"[1, 1, 1, 1, 0, 0, 1, 0]",3,1,-1,,0.375,8
1292,99f7dc8c-8861-11f1-82d4-b48c9db4e1b4,1,"[1, 1, 1, 1, 0, 0, 1, 0]",4,0,0,,0.375,8
1293,99f7dc8c-8861-11f1-82d4-b48c9db4e1b4,1,"[1, 1, 1, 1, 0, 0, 1, 0]",5,0,0,,0.375,8
1294,99f7dc8c-8861-11f1-82d4-b48c9db4e1b4,1,"[1, 1, 1, 1, 0, 0, 1, 0]",6,1,-1,,0.375,8
1295,99f7dc8c-8861-11f1-82d4-b48c9db4e1b4,1,"[1, 1, 1, 1, 0, 0, 1, 0]",7,0,0,,0.375,8
1296,99f7dc8c-8861-11f1-82d4-b48c9db4e1b4,2,"[0, 1, 0, 1, 1, 1, 1, 0]",0,0,0,,0.375,8
1297,99f7dc8c-8861-11f1-82d4-b48c9db4e1b4,2,"[0, 1, 0, 1, 1, 1, 1, 0]",1,1,-1,,0.375,8
1298,99f7dc8c-8861-11f1-82d4-b48c9db4e1b4,2,"[0, 1, 0, 1, 1, 1, 1, 0]",2,0,0,,0.375,8
1299,99f7dc8c-8861-11f1-82d4-b48c9db4e1b4,2,"[0, 1, 0, 1, 1, 1, 1, 0]",3,1,-1,,0.375,8
1300,99f7dc8c-8861-11f1-82d4-b48c9db4e1b4,2,"[0, 1, 0, 1, 1, 1, 1, 0]",4,1,-1,,0.375,8
1301,99f7dc8c-8861-11f1-82d4-b48c9db4e1b4,2,"[0, 1, 0, 1, 1, 1, 1, 0]",5,1,-1,,0.375,8
1302,99f7dc8c-8861-11f1-82d4-b48c9db4e1b4,2,"[0, 1, 0, 1, 1, 1, 1, 0]",6,1,-1,,0.375,8
1303,99f7dc8c-8861-11f1-82d4-b48c9db4e1b4,2,"[0, 1, 0, 1, 1, 1, 1, 0]",7,0,0,,0.375,8
1304,99f7dc8c-8861-11f1-82d4-b48c9db4e1b4,3,"[0, 0, 0, 0, 1, 0, 0, 1]",0,0,0,,0.375,8
1305,99f7dc8c-8861-11f1-82d4-b48c9db4e1b4,3,"[0, 0, 0, 0, 1, 0, 0, 1]",1,0,0,,0.375,8
1306,99f7dc8c-8861-11f1-82d4-b48c9db4e1b4,3,"[0, 0, 0, 0, 1, 0, 0, 1]",2,0,0,,0.375,8
1307,99f7dc8c-8861-11f1-82d4-b48c9db4e1b4,3,"[0, 0, 0, 0, 1, 0, 0, 1]",3,0,0,,0.375,8
1308,99f7dc8c-8861-11f1-82d4-b48c9db4e1b4,3,"[0, 0, 0, 0, 1, 0, 0, 1]",4,1,1,,0.375,8
1309,99f7dc8c-8861-11f1-82d4-b48c9db4e1b4,3,"[0, 0, 0, 0, 1, 0, 0, 1]",5,0,0,,0.375,8
1310,99f7dc8c-8861-11f1-82d4-b48c9db4e1b4,3,"[0, 0, 0, 0, 1, 0, 0, 1]",6,0,0,,0.375,8
1311,99f7dc8c-8861-11f1-82d4-b48c9db4e1b4,3,"[0, 0, 0, 0, 1, 0, 0, 1]",7,1,1,,0.375,8
1312,99f7dc8c-8861-11f1-82d4-b48c9db4e1b4,4,"[0, 1, 0, 0, 1, 1, 0, 1]",0,0,0,,0.375,8
1313,99f7dc8c-8861-11f1-82d4-b48c9db4e1b4,4,"[0, 1, 0, 0, 1, 1, 0, 1]",1,1,-1,,0.375,8
1314,99f7dc8c-8861-11f1-82d4-b48c9db4e1b4,4,"[0, 1, 0, 0, 1, 1, 0, 1]",2,0,0,,0.375,8
1315,99f7dc8c-8861-11f1-82d4-b48c9db4e1b4,4,"[0, 1, 0, 0, 1, 1, 0, 1]",3,0,0,,0.375,8
1316,99f7dc8c-8861-11f1-82d4-b48c9db4e1b4,4,"[0, 1, 0, 0, 1, 1, 0, 1]",4,1,-1,,0.375,8
1317,99f7dc8c-8861-11f1-82d4-b48c9db4e1b4,4,"[0, 1, 0, 0, 1, 1, 0, 1]",5,1,-1,,0.375,8
1318,99f7dc8c-8861-11f1-82d4-b48c9db4e1b4,4,"[0, 1, 0, 0, 1, 1, 0, 1]",6,0,0,,0.375,8
1319,99f7dc8c-8861-11f1-82d4-b48c9db4e1b4,4,"[0, 1, 0, 0, 1, 1, 0, 1]",7,1,-1,,0.375,8
1320,99f7dc8c-8861-11f1-82d4-b48c9db4e1b4,5,"[1, 0, 0, 0, 0, 0, 1, 1]",0,1,1,,0.375,8
1321,99f7dc8c-8861-11f1-82d4-b48c9db4e1b4,5,"[1, 0, 0, 0, 0, 0, 1, 1]",1,0,0,,0.375,8
1322,99f7dc8c-8861-11f1-82d4-b48c9db4e1b4,5,"[1, 0, 0, 0, 0, 0, 1, 1]",2,0,0,,0.375,8
1323,99f7dc8c-8861-11f1-82d4-b48c9db4e1b4,5,"[1, 0, 0, 0, 0, 0, 1, 1]",3,0,0,,0.375,8
1324,99f7dc8c-8861-11f1-82d4-b48c9db4e1b4,5,"[1, 0, 0, 0, 0, 0, 1, 1]",4,0,0,,0.375,8
1325,99f7dc8c-8861-11f1-82d4-b48c9db4e1b4,5,"[1, 0, 0, 0, 0, 0, 1, 1]",5,0,0,,0.375,8
1326,99f7dc8c-8861-11f1-82d4-b48c9db4e1b4,5,"[1, 0, 0, 0, 0, 0, 1, 1]",6,1,1,,0.375,8
1327,99f7dc8c-8861-11f1-82d4-b48c9db4e1b4,5,"[1, 0, 0, 0, 0, 0, 1, 1]",7,1,1,,0.375,8
1328,99f7dc8c-8861-11f1-82d4-b48c9db4e1b4,6,"[1, 1, 1, 1, 0, 0, 0, 1]",0,1,-1,,0.375,8
1329,99f7dc8c-8861-11f1-82d4-b48c9db4e1b4,6,"[1, 1, 1, 1, 0, 0, 0, 1]",1,1,-1,,0.375,8
1330,99f7dc8c-8861-11f1-82d4-b48c9db4e1b4,6,"[1, 1, 1, 1, 0, 0, 0, 1]",2,1,-1,,0.375,8
1331,99f7dc8c-8861-11f1-82d4-b48c9db4e1b4,6,"[1, 1, 1, 1, 0, 0, 0, 1]",3,1,-1,,0.375,8
1332,99f7dc8c-8861-11f1-82d4-b48c9db4e1b4,6,"[1, 1, 1, 1, 0, 0, 0, 1]",4,0,0,,0.375,8
1333,99f7dc8c-8861-11f1-82d4-b48c9db4e1b4,6,"[1, 1, 1, 1, 0, 0, 0, 1]",5,0,0,,0.375,8
1334,99f7dc8c-8861-11f1-82d4-b48c9db4e1b4,6,"[1, 1, 1, 1, 0, 0, 0, 1]",6,0,0,,0.375,8
1335,99f7dc8c-8861-11f1-82d4-b48c9db4e1b4,6,"[1, 1, 1, 1, 0, 0, 0, 1]",7,1,-1,,0.375,8
1336,99f7dc8c-8861-11f1-82d4-b48c9db4e1b4,7,"[0, 0, 1, 0, 1, 1, 0, 1]",0,0,0,,0.375,8
1337,99f7dc8c-8861-11f1-82d4-b48c9db4e1b4,7,"[0, 0, 1, 0, 1, 1, 0, 1]",1,0,0,,0.375,8
1338,99f7dc8c-8861-11f1-82d4-b48c9db4e1b4,7,"[0, 0, 1, 0, 1, 1, 0, 1]",2,1,-1,,0.375,8
1339,99f7dc8c-8861-11f1-82d4-b48c9db4e1b4,7,"[0, 0, 1, 0, 1, 1, 0, 1]",3,0,0,,0.375,8
1340,99f7dc8c-8861-11f1-82d4-b48c9db4e1b4,7,"[0, 0, 1, 0, 1, 1, 0, 1]",4,1,-1,,0.375,8
1341,99f7dc8c-8861-11f1-82d4-b48c9db4e1b4,7,"[0, 0, 1, 0, 1, 1, 0, 1]",5,1,-1,,0.375,8
1342,99f7dc8c-8861-11f1-82d4-b48c9db4e1b4,7,"[0, 0, 1, 0, 1, 1, 0, 1]",6,0,0,,0.375,8
1343,99f7dc8c-8861-11f1-82d4-b48c9db4e1b4,7,"[0, 0, 1, 0, 1, 1, 0, 1]",7,1,-1,,0.375,8
1344,99f7dc8c-8861-11f1-82d4-b48c9db4e1b4,8,"[0, 0, 1, 0, 1, 1, 0, 1]",0,0,0,,0.375,8
1345,99f7dc8c-8861-11f1-82d4-b48c9db4e1b4,8,"[0, 0, 1, 0, 1, 1, 0, 1]",1,0,0,,0.375,8
1346,99f7dc8c-8861-11f1-82d4-b48c9db4e1b4,8,"[0, 0, 1, 0, 1, 1, 0, 1]",2,1,-1,,0.375,8
1347,99f7dc8c-8861-11f1-82d4-b48c9db4e1b4,8,"[0, 0, 1, 0, 1, 1, 0, 1]",3,0,0,,0.375,8
1348,99f7dc8c-8861-11f1-82d4-b48c9db4e1b4,8,"[0, 0, 1, 0, 1, 1, 0, 1]",4,1,-1,,0.375,8
1349,99f7dc8c-8861-11f1-82d4-b48c9db4e1b4,8,"[0, 0, 1, 0, 1, 1, 0, 1]",5,1,-1,,0.375,8
1350,99f7dc8c-8861-11f1-82d4-b48c9db4e1b4,8,"[0, 0, 1, 0, 1, 1, 0, 1]",6,0,0,,0.375,8
1351,99f7dc8c-8861-11f1-82d4-b48c9db4e1b4,8,"[0, 0, 1, 0, 1, 1, 0, 1]",7,1,-1,,0.375,8
1352,99f7dc8c-8861-11f1-82d4-b48c9db4e1b4,9,"[1, 1, 1, 1, 0, 0, 0, 0]",0,1,-1,,0.375,8
1353,99f7dc8c-8861-11f1-82d4-b48c9db4e1b4,9,"[1, 1, 1, 1, 0, 0, 0, 0]",1,1,-1,,0.375,8
1354,99f7dc8c-8861-11f1-82d4-b48c9db4e1b4,9,"[1, 1, 1, 1, 0, 0, 0, 0]",2,1,-1,,0.375,8
1355,99f7dc8c-8861-11f1-82d4-b48c9db4e1b4,9,"[1, 1, 1, 1, 0, 0, 0, 0]",3,1,-1,,0.375,8
1356,99f7dc8c-8861-11f1-82d4-b48c9db4e1b4,9,"[1, 1, 1, 1, 0, 0, 0, 0]",4,0,0,,0.375,8
1357,99f7dc8c-8861-11f1-82d4-b48c9db4e1b4,9,"[1, 1, 1, 1, 0, 0, 0, 0]",5,0,0,,0.375,8
1358,99f7dc8c-8861-11f1-82d4-b48c9db4e1b4,9,"[1, 1, 1, 1, 0, 0, 0, 0]",6,0,0,,0.375,8
1359,99f7dc8c-8861-11f1-82d4-b48c9db4e1b4,9,"[1, 1, 1, 1, 0, 0, 0, 0]",7,0,0,,0.375,8
1360,99f7dc8c-8861-11f1-82d4-b48c9db4e1b4,10,"[0, 1, 1, 1, 0, 1, 1, 1]",0,0,0,,0.375,8
1361,99f7dc8c-8861-11f1-82d4-b48c9db4e1b4,10,"[0, 1, 1, 1, 0, 1, 1, 1]",1,1,-1,,0.375,8
1362,99f7dc8c-8861-11f1-82d4-b48c9db4e1b4,10,"[0, 1, 1, 1, 0, 1, 1, 1]",2,1,-1,,0.375,8
1363,99f7dc8c-8861-11f1-82d4-b48c9db4e1b4,10,"[0, 1, 1, 1, 0, 1, 1, 1]",3,1,-1,,0.375,8
1364,99f7dc8c-8861-11f1-82d4-b48c9db4e1b4,10,"[0, 1, 1, 1, 0, 1, 1, 1]",4,0,0,,0.375,8
1365,99f7dc8c-8861-11f1-82d4-b48c9db4e1b4,10,"[0, 1, 1, 1, 0, 1, 1, 1]",5,1,-1,,0.375,8
1366,99f7dc8c-8861-11f1-82d4-b48c9db4e1b4,10,"[0, 1, 1, 1, 0, 1, 1, 1]",6,1,-1,,0.375,8
1367,99f7dc8c-8861-11f1-82d4-b48c9db4e1b4,10,"[0, 1, 1, 1, 0, 1, 1, 1]",7,1,-1,,0.375,8
1368,99f7dc8c-8861-11f1-82d4-b48c9db4e1b4,11,"[0, 0, 0, 1, 1, 0, 0, 1]",0,0,0,,0.375,8
1369,99f7dc8c-8861-11f1-82d4-b48c9db4e1b4,11,"[0, 0, 0, 1, 1, 0, 0, 1]",1,0,0,,0.375,8
1370,99f7dc8c-8861-11f1-82d4-b48c9db4e1b4,11,"[0, 0, 0, 1, 1, 0, 0, 1]",2,0,0,,0.375,8
1371,99f7dc8c-8861-11f1-82d4-b48c9db4e1b4,11,"[0, 0, 0, 1, 1, 0, 0, 1]",3,1,1,,0.375,8
1372,99f7dc8c-8861-11f1-82d4-b48c9db4e1b4,11,"[0, 0, 0, 1, 1, 0, 0, 1]",4,1,1,,0.375,8
1373,99f7dc8c-8861-11f1-82d4-b48c9db4e1b4,11,"[0, 0, 0, 1, 1, 0, 0, 1]",5,0,0,,0.375,8
1374,99f7dc8c-8861-11f1-82d4-b48c9db4e1b4,11,"[0, 0, 0, 1, 1, 0, 0, 1]",6,0,0,,0.375,8
1375,99f7dc8c-8861-11f1-82d4-b48c9db4e1b4,11,"[0, 0, 0, 1, 1, 0, 0, 1]",7,1,1,,0.375,8
1376,99f7dc8c-8861-11f1-82d4-b48c9db4e1b4,12,"[0, 0, 1, 1, 1, 0, 1, 1]",0,0,0,,0.375,8
1377,99f7dc8c-8861-11f1-82d4-b48c9db4e1b4,12,"[0, 0, 1, 1, 1, 0, 1, 1]",1,0,0,,0.375,8
1378,99f7dc8c-8861-11f1-82d4-b48c9db4e1b4,12,"[0, 0, 1, 1, 1, 0, 1, 1]",2,1,-1,,0.375,8
1379,99f7dc8c-8861-11f1-82d4-b48c9db4e1b4,12,"[0, 0, 1, 1, 1, 0, 1, 1]",3,1,-1,,0.375,8
1380,99f7dc8c-8861-11f1-82d4-b48c9db4e1b4,12,"[0, 0, 1, 1, 1, 0, 1, 1]",4,1,-1,,0.375,8
1381,99f7dc8c-8861-11f1-82d4-b48c9db4e1b4,12,"[0, 0, 1, 1, 1, 0, 1, 1]",5,0,0,,0.375,8
1382,99f7dc8c-8861-11f1-82d4-b48c9db4e1b4,12,"[0, 0, 1, 1, 1, 0, 1, 1]",6,1,-1,,0.375,8
1383,99f7dc8c-8861-11f1-82d4-b48c9db4e1b4,12,"[0, 0, 1, 1, 1, 0, 1, 1]",7,1,-1,,0.375,8
1384,99f7dc8c-8861-11f1-82d4-b48c9db4e1b4,13,"[0, 0, 0, 1, 1, 0, 0, 1]",0,0,0,,0.375,8
1385,99f7dc8c-8861-11f1-82d4-b48c9db4e1b4,13,"[0, 0, 0, 1, 1, 0, 0, 1]",1,0,0,,0.375,8
1386,99f7dc8c-8861-11f1-82d4-b48c9db4e1b4,13,"[0, 0, 0, 1, 1, 0, 0, 1]",2,0,0,,0.375,8
1387,99f7dc8c-8861-11f1-82d4-b48c9db4e1b4,13,"[0, 0, 0, 1, 1, 0, 0, 1]",3,1,1,,0.375,8
1388,99f7dc8c-8861-11f1-82d4-b48c9db4e1b4,13,"[0, 0, 0, 1, 1, 0, 0, 1]",4,1,1,,0.375,8
1389,99f7dc8c-8861-11f1-82d4-b48c9db4e1b4,13,"[0, 0, 0, 1, 1, 0, 0, 1]",5,0,0,,0.375,8
1390,99f7dc8c-8861-11f1-82d4-b48c9db4e1b4,13,"[0, 0, 0, 1, 1, 0, 0, 1]",6,0,0,,0.375,8
1391,99f7dc8c-8861-11f1-82d4-b48c9db4e1b4,13,"[0, 0, 0, 1, 1, 0, 0, 1]",7,1,1,,0.375,8
1392,99f7dc8c-8861-11f1-82d4-b48c9db4e1b4,14,"[1, 0, 1, 0, 1, 0, 1, 0]",0,1,-1,,0.375,8
1393,99f7dc8c-8861-11f1-82d4-b48c9db4e1b4,14,"[1, 0, 1, 0, 1, 0, 1, 0]",1,0,0,,0.375,8
1394,99f7dc8c-8861-11f1-82d4-b48c9db4e1b4,14,"[1, 0, 1, 0, 1, 0, 1, 0]",2,1,-1,,0.375,8
1395,99f7dc8c-8861-11f1-82d4-b48c9db4e1b4,14,"[1, 0, 1, 0, 1, 0, 1, 0]",3,0,0,,0.375,8
1396,99f7dc8c-8861-11f1-82d4-b48c9db4e1b4,14,"[1, 0, 1, 0, 1, 0, 1, 0]",4,1,-1,,0.375,8
1397,99f7dc8c-8861-11f1-82d4-b48c9db4e1b4,14,"[1, 0, 1, 0, 1, 0, 1, 0]",5,0,0,,0.375,8
1398,99f7dc8c-8861-11f1-82d4-b48c9db4e1b4,14,"[1, 0, 1, 0, 1, 0, 1, 0]",6,1,-1,,0.375,8
1399,99f7dc8c-8861-11f1-82d4-b48c9db4e1b4,14,"[1, 0, 1, 0, 1, 0, 1, 0]",7,0,0,,0.375,8
1400,99f7dc8c-8861-11f1-82d4-b48c9db4e1b4,15,"[1, 0, 0, 0, 1, 1, 1, 1]",0,1,-1,,0.375,8
1401,99f7dc8c-8861-11f1-82d4-b48c9db4e1b4,15,"[1, 0, 0, 0, 1, 1, 1, 1]",1,0,0,,0.375,8
1402,99f7dc8c-8861-11f1-82d4-b48c9db4e1b4,15,"[1, 0, 0, 0, 1, 1, 1, 1]",2,0,0,,0.375,8
1403,99f7dc8c-8861-11f1-82d4-b48c9db4e1b4,15,"[1, 0, 0, 0, 1, 1, 1, 1]",3,0,0,,0.375,8
1404,99f7dc8c-8861-11f1-82d4-b48c9db4e1b4,15,"[1, 0, 0, 0, 1, 1, 1, 1]",4,1,-1,,0.375,8
1405,99f7dc8c-8861-11f1-82d4-b48c9db4e1b4,15,"[1, 0, 0, 0, 1, 1, 1, 1]",5,1,-1,,0.375,8
1406,99f7dc8c-8861-11f1-82d4-b48c9db4e1b4,15,"[1, 0, 0, 0, 1, 1, 1, 1]",6,1,-1,,0.375,8
1407,99f7dc8c-8861-11f1-82d4-b48c9db4e1b4,15,"[1, 0, 0, 0, 1, 1, 1, 1]",7,1,-1,,0.375,8
1408,99f7dc8c-8861-11f1-82d4-b48c9db4e1b4,16,"[0, 0, 1, 0, 1, 1, 1, 0]",0,0,0,,0.375,8
1409,99f7dc8c-8861-11f1-82d4-b48c9db4e1b4,16,"[0, 0, 1, 0, 1, 1, 1, 0]",1,0,0,,0.375,8
1410,99f7dc8c-8861-11f1-82d4-b48c9db4e1b4,16,"[0, 0, 1, 0, 1, 1, 1, 0]",2,1,-1,,0.375,8
1411,99f7dc8c-8861-11f1-82d4-b48c9db4e1b4,16,"[0, 0, 1, 0, 1, 1, 1, 0]",3,0,0,,0.375,8
1412,99f7dc8c-8861-11f1-82d4-b48c9db4e1b4,16,"[0, 0, 1, 0, 1, 1, 1, 0]",4,1,-1,,0.375,8
1413,99f7dc8c-8861-11f1-82d4-b48c9db4e1b4,16,"[0, 0, 1, 0, 1, 1, 1, 0]",5,1,-1,,0.375,8
1414,99f7dc8c-8861-11f1-82d4-b48c9db4e1b4,16,"[0, 0, 1, 0, 1, 1, 1, 0]",6,1,-1,,0.375,8
1415,99f7dc8c-8861-11f1-82d4-b48c9db4e1b4,16,"[0, 0, 1, 0, 1, 1, 1, 0]",7,0,0,,0.375,8
1416,99f7dc8c-8861-11f1-82d4-b48c9db4e1b4,17,"[1, 0, 1, 0, 0, 0, 1, 0]",0,1,1,,0.375,8
1417,99f7dc8c-8861-11f1-82d4-b48c9db4e1b4,17,"[1, 0, 1, 0, 0, 0, 1, 0]",1,0,0,,0.375,8
1418,99f7dc8c-8861-11f1-82d4-b48c9db4e1b4,17,"[1, 0, 1, 0, 0, 0, 1, 0]",2,1,1,,0.375,8
1419,99f7dc8c-8861-11f1-82d4-b48c9db4e1b4,17,"[1, 0, 1, 0, 0, 0, 1, 0]",3,0,0,,0.375,8
1420,99f7dc8c-8861-11f1-82d4-b48c9db4e1b4,17,"[1, 0, 1, 0, 0, 0, 1, 0]",4,0,0,,0.375,8
1421,99f7dc8c-8861-11f1-82d4-b48c9db4e1b4,17,"[1, 0, 1, 0, 0, 0, 1, 0]",5,0,0,,0.375,8
1422,99f7dc8c-8861-11f1-82d4-b48c9db4e1b4,17,"[1, 0, 1, 0, 0, 0, 1, 0]",6,1,1,,0.375,8
1423,99f7dc8c-8861-11f1-82d4-b48c9db4e1b4,17,"[1, 0, 1, 0, 0, 0, 1, 0]",7,0,0,,0.375,8
1424,99f7dc8c-8861-11f1-82d4-b48c9db4e1b4,18,"[0, 1, 1, 0, 1, 1, 1, 0]",0,0,0,,0.375,8
1425,99f7dc8c-8861-11f1-82d4-b48c9db4e1b4,18,"[0, 1, 1, 0, 1, 1, 1, 0]",1,1,-1,,0.375,8
1426,99f7dc8c-8861-11f1-82d4-b48c9db4e1b4,18,"[0, 1, 1, 0, 1, 1, 1, 0]",2,1,-1,,0.375,8
1427,99f7dc8c-8861-11f1-82d4-b48c9db4e1b4,18,"[0, 1, 1, 0, 1, 1, 1, 0]",3,0,0,,0.375,8
1428,99f7dc8c-8861-11f1-82d4-b48c9db4e1b4,18,"[0, 1, 1, 0, 1, 1, 1, 0]",4,1,-1,,0.375,8
1429,99f7dc8c-8861-11f1-82d4-b48c9db4e1b4,18,"[0, 1, 1, 0, 1, 1, 1, 0]",5,1,-1,,0.375,8
1430,99f7dc8c-8861-11f1-82d4-b48c9db4e1b4,18,"[0, 1, 1, 0, 1, 1, 1, 0]",6,1,-1,,0.375,8
1431,99f7dc8c-8861-11f1-82d4-b48c9db4e1b4,18,"[0, 1, 1, 0, 1, 1, 1, 0]",7,0,0,,0.375,8
1432,99f7dc8c-8861-11f1-82d4-b48c9db4e1b4,19,"[1, 0, 0, 0, 0, 0, 1, 0]",0,1,1,,0.375,8
1433,99f7dc8c-8861-11f1-82d4-b48c9db4e1b4,19,"[1, 0, 0, 0, 0, 0, 1, 0]",1,0,0,,0.375,8
1434,99f7dc8c-8861-11f1-82d4-b48c9db4e1b4,19,"[1, 0, 0, 0, 0, 0, 1, 0]",2,0,0,,0.375,8
1435,99f7dc8c-8861-11f1-82d4-b48c9db4e1b4,19,"[1, 0, 0, 0, 0, 0, 1, 0]",3,0,0,,0.375,8
1436,99f7dc8c-8861-11f1-82d4-b48c9db4e1b4,19,"[1, 0, 0, 0, 0, 0, 1, 0]",4,0,0,,0.375,8
1437,99f7dc8c-8861-11f1-82d4-b48c9db4e1b4,19,"[1, 0, 0, 0, 0, 0, 1, 0]",5,0,0,,0.375,8
1438,99f7dc8c-8861-11f1-82d4-b48c9db4e1b4,19,"[1, 0, 0, 0, 0, 0, 1, 0]",6,1,1,,0.375,8
1439,99f7dc8c-8861-11f1-82d4-b48c9db4e1b4,19,"[1, 0, 0, 0, 0, 0, 1, 0]",7,0,0,,0.375,8
1440,99fab166-8861-11f1-84ed-b48c9db4e1b4,0,"[0, 0, 0, 1, 1, 1, 0, 0]",0,0,0,,0.375,8
1441,99fab166-8861-11f1-84ed-b48c9db4e1b4,0,"[0, 0, 0, 1, 1, 1, 0, 0]",1,0,0,,0.375,8
1442,99fab166-8861-11f1-84ed-b48c9db4e1b4,0,"[0, 0, 0, 1, 1, 1, 0, 0]",2,0,0,,0.375,8
1443,99fab166-8861-11f1-84ed-b48c9db4e1b4,0,"[0, 0, 0, 1, 1, 1, 0, 0]",3,1,1,,0.375,8
1444,99fab166-8861-11f1-84ed-b48c9db4e1b4,0,"[0, 0, 0, 1, 1, 1, 0, 0]",4,1,1,,0.375,8
1445,99fab166-8861-11f1-84ed-b48c9db4e1b4,0,"[0, 0, 0, 1, 1, 1, 0, 0]",5,1,1,,0.375,8
1446,99fab166-8861-11f1-84ed-b48c9db4e1b4,0,"[0, 0, 0, 1, 1, 1, 0, 0]",6,0,0,,0.375,8
1447,99fab166-8861-11f1-84ed-b48c9db4e1b4,0,"[0, 0, 0, 1, 1, 1, 0, 0]",7,0,0,,0.375,8
1448,99fab166-8861-11f1-84ed-b48c9db4e1b4,1,"[1, 0, 1, 1, 1, 1, 0, 1]",0,1,-1,,0.375,8
1449,99fab166-8861-11f1-84ed-b48c9db4e1b4,1,"[1, 0, 1, 1, 1, 1, 0, 1]",1,0,0,,0.375,8
1450,99fab166-8861-11f1-84ed-b48c9db4e1b4,1,"[1, 0, 1, 1, 1, 1, 0, 1]",2,1,-1,,0.375,8
1451,99fab166-8861-11f1-84ed-b48c9db4e1b4,1,"[1, 0, 1, 1, 1, 1, 0, 1]",3,1,-1,,0.375,8
1452,99fab166-8861-11f1-84ed-b48c9db4e1b4,1,"[1, 0, 1, 1, 1, 1, 0, 1]",4,1,-1,,0.375,8
1453,99fab166-8861-11f1-84ed-b48c9db4e1b4,1,"[1, 0, 1, 1, 1, 1, 0, 1]",5,1,-1,,0.375,8
1454,99fab166-8861-11f1-84ed-b48c9db4e1b4,1,"[1, 0, 1, 1, 1, 1, 0, 1]",6,0,0,,0.375,8
1455,99fab166-8861-11f1-84ed-b48c9db4e1b4,1,"[1, 0, 1, 1, 1, 1, 0, 1]",7,1,-1,,0.375,8
1456,99fab166-8861-11f1-84ed-b48c9db4e1b4,2,"[0, 1, 1, 1, 1, 0, 1, 1]",0,0,0,,0.375,8
1457,99fab166-8861-11f1-84ed-b48c9db4e1b4,2,"[0, 1, 1, 1, 1, 0, 1, 1]",1,1,-1,,0.375,8
1458,99fab166-8861-11f1-84ed-b48c9db4e1b4,2,"[0, 1, 1, 1, 1, 0, 1, 1]",2,1,-1,,0.375,8
1459,99fab166-8861-11f1-84ed-b48c9db4e1b4,2,"[0, 1, 1, 1, 1, 0, 1, 1]",3,1,-1,,0.375,8
1460,99fab166-8861-11f1-84ed-b48c9db4e1b4,2,"[0, 1, 1, 1, 1, 0, 1, 1]",4,1,-1,,0.375,8
1461,99fab166-8861-11f1-84ed-b48c9db4e1b4,2,"[0, 1, 1, 1, 1, 0, 1, 1]",5,0,0,,0.375,8
1462,99fab166-8861-11f1-84ed-b48c9db4e1b4,2,"[0, 1, 1, 1, 1, 0, 1, 1]",6,1,-1,,0.375,8
1463,99fab166-8861-11f1-84ed-b48c9db4e1b4,2,"[0, 1, 1, 1, 1, 0, 1, 1]",7,1,-1,,0.375,8
1464,99fab166-8861-11f1-84ed-b48c9db4e1b4,3,"[0, 1, 1, 1, 1, 1, 0, 0]",0,0,0,,0.375,8
1465,99fab166-8861-11f1-84ed-b48c9db4e1b4,3,"[0, 1, 1, 1, 1, 1, 0, 0]",1,1,-1,,0.375,8
1466,99fab166-8861-11f1-84ed-b48c9db4e1b4,3,"[0, 1, 1, 1, 1, 1, 0, 0]",2,1,-1,,0.375,8
1467,99fab166-8861-11f1-84ed-b48c9db4e1b4,3,"[0, 1, 1, 1, 1, 1, 0, 0]",3,1,-1,,0.375,8
1468,99fab166-8861-11f1-84ed-b48c9db4e1b4,3,"[0, 1, 1, 1, 1, 1, 0, 0]",4,1,-1,,0.375,8
1469,99fab166-8861-11f1-84ed-b48c9db4e1b4,3,"[0, 1, 1, 1, 1, 1, 0, 0]",5,1,-1,,0.375,8
1470,99fab166-8861-11f1-84ed-b48c9db4e1b4,3,"[0, 1, 1, 1, 1, 1, 0, 0]",6,0,0,,0.375,8
1471,99fab166-8861-11f1-84ed-b48c9db4e1b4,3,"[0, 1, 1, 1, 1, 1, 0, 0]",7,0,0,,0.375,8
1472,99fab166-8861-11f1-84ed-b48c9db4e1b4,4,"[0, 0, 1, 1, 0, 0, 0, 0]",0,0,0,,0.375,8
1473,99fab166-8861-11f1-84ed-b48c9db4e1b4,4,"[0, 0, 1, 1, 0, 0, 0, 0]",1,0,0,,0.375,8
1474,99fab166-8861-11f1-84ed-b48c9db4e1b4,4,"[0, 0, 1, 1, 0, 0, 0, 0]",2,1,1,,0.375,8
1475,99fab166-8861-11f1-84ed-b48c9db4e1b4,4,"[0, 0, 1, 1, 0, 0, 0, 0]",3,1,1,,0.375,8
1476,99fab166-8861-11f1-84ed-b48c9db4e1b4,4,"[0, 0, 1, 1, 0, 0, 0, 0]",4,0,0,,0.375,8
1477,99fab166-8861-11f1-84ed-b48c9db4e1b4,4,"[0, 0, 1, 1, 0, 0, 0, 0]",5,0,0,,0.375,8
1478,99fab166-8861-11f1-84ed-b48c9db4e1b4,4,"[0, 0, 1, 1, 0, 0, 0, 0]",6,0,0,,0.375,8
1479,99fab166-8861-11f1-84ed-b48c9db4e1b4,4,"[0, 0, 1, 1, 0, 0, 0, 0]",7,0,0,,0.375,8
1480,99fab166-8861-11f1-84ed-b48c9db4e1b4,5,"[0, 1, 1, 1, 0, 1, 0, 0]",0,0,0,,0.375,8
1481,99fab166-8861-11f1-84ed-b48c9db4e1b4,5,"[0, 1, 1, 1, 0, 1, 0, 0]",1,1,-1,,0.375,8
1482,99fab166-8861-11f1-84ed-b48c9db4e1b4,5,"[0, 1, 1, 1, 0, 1, 0, 0]",2,1,-1,,0.375,8
1483,99fab166-8861-11f1-84ed-b48c9db4e1b4,5,"[0, 1, 1, 1, 0, 1, 0, 0]",3,1,-1,,0.375,8
1484,99fab166-8861-11f1-84ed-b48c9db4e1b4,5,"[0, 1, 1, 1, 0, 1, 0, 0]",4,0,0,,0.375,8
1485,99fab166-8861-11f1-84ed-b48c9db4e1b4,5,"[0, 1, 1, 1, 0, 1, 0, 0]",5,1,-1,,0.375,8
1486,99fab166-8861-11f1-84ed-b48c9db4e1b4,5,"[0, 1, 1, 1, 0, 1, 0, 0]",6,0,0,,0.375,8
1487,99fab166-8861-11f1-84ed-b48c9db4e1b4,5,"[0, 1, 1, 1, 0, 1, 0, 0]",7,0,0,,0.375,8
1488,99fab166-8861-11f1-84ed-b48c9db4e1b4,6,"[0, 1, 1, 0, 0, 0, 1, 0]",0,0,0,,0.375,8
1489,99fab166-8861-11f1-84ed-b48c9db4e1b4,6,"[0, 1, 1, 0, 0, 0, 1, 0]",1,1,1,,0.375,8
1490,99fab166-8861-11f1-84ed-b48c9db4e1b4,6,"[0, 1, 1, 0, 0, 0, 1, 0]",2,1,1,,0.375,8
1491,99fab166-8861-11f1-84ed-b48c9db4e1b4,6,"[0, 1, 1, 0, 0, 0, 1, 0]",3,0,0,,0.375,8
1492,99fab166-8861-11f1-84ed-b48c9db4e1b4,6,"[0, 1, 1, 0, 0, 0, 1, 0]",4,0,0,,0.375,8
1493,99fab166-8861-11f1-84ed-b48c9db4e1b4,6,"[0, 1, 1, 0, 0, 0, 1, 0]",5,0,0,,0.375,8
1494,99fab166-8861-11f1-84ed-b48c9db4e1b4,6,"[0, 1, 1, 0, 0, 0, 1, 0]",6,1,1,,0.375,8
1495,99fab166-8861-11f1-84ed-b48c9db4e1b4,6,"[0, 1, 1, 0, 0, 0, 1, 0]",7,0,0,,0.375,8
1496,99fab166-8861-11f1-84ed-b48c9db4e1b4,7,"[1, 0, 1, 0, 0, 1, 1, 0]",0,1,-1,,0.375,8
1497,99fab166-8861-11f1-84ed-b48c9db4e1b4,7,"[1, 0, 1, 0, 0, 1, 1, 0]",1,0,0,,0.375,8
1498,99fab166-8861-11f1-84ed-b48c9db4e1b4,7,"[1, 0, 1, 0, 0, 1, 1, 0]",2,1,-1,,0.375,8
1499,99fab166-8861-11f1-84ed-b48c9db4e1b4,7,"[1, 0, 1, 0, 0, 1, 1, 0]",3,0,0,,0.375,8
1500,99fab166-8861-11f1-84ed-b48c9db4e1b4,7,"[1, 0, 1, 0, 0, 1, 1, 0]",4,0,0,,0.375,8
1501,99fab166-8861-11f1-84ed-b48c9db4e1b4,7,"[1, 0, 1, 0, 0, 1, 1, 0]",5,1,-1,,0.375,8
1502,99fab166-8861-11f1-84ed-b48c9db4e1b4,7,"[1, 0, 1, 0, 0, 1, 1, 0]",6,1,-1,,0.375,8
1503,99fab166-8861-11f1-84ed-b48c9db4e1b4,7,"[1, 0, 1, 0, 0, 1, 1, 0]",7,0,0,,0.375,8
1504,99fab166-8861-11f1-84ed-b48c9db4e1b4,8,"[0, 1, 1, 0, 0, 0, 0, 0]",0,0,0,,0.375,8
1505,99fab166-8861-11f1-84ed-b48c9db4e1b4,8,"[0, 1, 1, 0, 0, 0, 0, 0]",1,1,1,,0.375,8
1506,99fab166-8861-11f1-84ed-b48c9db4e1b4,8,"[0, 1, 1, 0, 0, 0, 0, 0]",2,1,1,,0.375,8
1507,99fab166-8861-11f1-84ed-b48c9db4e1b4,8,"[0, 1, 1, 0, 0, 0, 0, 0]",3,0,0,,0.375,8
1508,99fab166-8861-11f1-84ed-b48c9db4e1b4,8,"[0, 1, 1, 0, 0, 0, 0, 0]",4,0,0,,0.375,8
1509,99fab166-8861-11f1-84ed-b48c9db4e1b4,8,"[0, 1, 1, 0, 0, 0, 0, 0]",5,0,0,,0.375,8
1510,99fab166-8861-11f1-84ed-b48c9db4e1b4,8,"[0, 1, 1, 0, 0, 0, 0, 0]",6,0,0,,0.375,8
1511,99fab166-8861-11f1-84ed-b48c9db4e1b4,8,"[0, 1, 1, 0, 0, 0, 0, 0]",7,0,0,,0.375,8
1512,99fab166-8861-11f1-84ed-b48c9db4e1b4,9,"[1, 1, 1, 0, 1, 0, 1, 1]",0,1,-1,,0.375,8
1513,99fab166-8861-11f1-84ed-b48c9db4e1b4,9,"[1, 1, 1, 0, 1, 0, 1, 1]",1,1,-1,,0.375,8
1514,99fab166-8861-11f1-84ed-b48c9db4e1b4,9,"[1, 1, 1, 0, 1, 0, 1, 1]",2,1,-1,,0.375,8
1515,99fab166-8861-11f1-84ed-b48c9db4e1b4,9,"[1, 1, 1, 0, 1, 0, 1, 1]",3,0,0,,0.375,8
1516,99fab166-8861-11f1-84ed-b48c9db4e1b4,9,"[1, 1, 1, 0, 1, 0, 1, 1]",4,1,-1,,0.375,8
1517,99fab166-8861-11f1-84ed-b48c9db4e1b4,9,"[1, 1, 1, 0, 1, 0, 1, 1]",5,0,0,,0.375,8
1518,99fab166-8861-11f1-84ed-b48c9db4e1b4,9,"[1, 1, 1, 0, 1, 0, 1, 1]",6,1,-1,,0.375,8
1519,99fab166-8861-11f1-84ed-b48c9db4e1b4,9,"[1, 1, 1, 0, 1, 0, 1, 1]",7,1,-1,,0.375,8
1520,99fab166-8861-11f1-84ed-b48c9db4e1b4,10,"[0, 0, 1, 0, 1, 0, 1, 1]",0,0,0,,0.375,8
1521,99fab166-8861-11f1-84ed-b48c9db4e1b4,10,"[0, 0, 1, 0, 1, 0, 1, 1]",1,0,0,,0.375,8
1522,99fab166-8861-11f1-84ed-b48c9db4e1b4,10,"[0, 0, 1, 0, 1, 0, 1, 1]",2,1,-1,,0.375,8
1523,99fab166-8861-11f1-84ed-b48c9db4e1b4,10,"[0, 0, 1, 0, 1, 0, 1, 1]",3,0,0,,0.375,8
1524,99fab166-8861-11f1-84ed-b48c9db4e1b4,10,"[0, 0, 1, 0, 1, 0, 1, 1]",4,1,-1,,0.375,8
1525,99fab166-8861-11f1-84ed-b48c9db4e1b4,10,"[0, 0, 1, 0, 1, 0, 1, 1]",5,0,0,,0.375,8
1526,99fab166-8861-11f1-84ed-b48c9db4e1b4,10,"[0, 0, 1, 0, 1, 0, 1, 1]",6,1,-1,,0.375,8
1527,99fab166-8861-11f1-84ed-b48c9db4e1b4,10,"[0, 0, 1, 0, 1, 0, 1, 1]",7,1,-1,,0.375,8
1528,99fab166-8861-11f1-84ed-b48c9db4e1b4,11,"[1, 0, 0, 1, 1, 1, 0, 0]",0,1,-1,,0.375,8
1529,99fab166-8861-11f1-84ed-b48c9db4e1b4,11,"[1, 0, 0, 1, 1, 1, 0, 0]",1,0,0,,0.375,8
1530,99fab166-8861-11f1-84ed-b48c9db4e1b4,11,"[1, 0, 0, 1, 1, 1, 0, 0]",2,0,0,,0.375,8
1531,99fab166-8861-11f1-84ed-b48c9db4e1b4,11,"[1, 0, 0, 1, 1, 1, 0, 0]",3,1,-1,,0.375,8
1532,99fab166-8861-11f1-84ed-b48c9db4e1b4,11,"[1, 0, 0, 1, 1, 1, 0, 0]",4,1,-1,,0.375,8
1533,99fab166-8861-11f1-84ed-b48c9db4e1b4,11,"[1, 0, 0, 1, 1, 1, 0, 0]",5,1,-1,,0.375,8
1534,99fab166-8861-11f1-84ed-b48c9db4e1b4,11,"[1, 0, 0, 1, 1, 1, 0, 0]",6,0,0,,0.375,8
1535,99fab166-8861-11f1-84ed-b48c9db4e1b4,11,"[1, 0, 0, 1, 1, 1, 0, 0]",7,0,0,,0.375,8
1536,99fab166-8861-11f1-84ed-b48c9db4e1b4,12,"[0, 1, 1, 1, 0, 1, 0, 0]",0,0,0,,0.375,8
1537,99fab166-8861-11f1-84ed-b48c9db4e1b4,12,"[0, 1, 1, 1, 0, 1, 0, 0]",1,1,-1,,0.375,8
1538,99fab166-8861-11f1-84ed-b48c9db4e1b4,12,"[0, 1, 1, 1, 0, 1, 0, 0]",2,1,-1,,0.375,8
1539,99fab166-8861-11f1-84ed-b48c9db4e1b4,12,"[0, 1, 1, 1, 0, 1, 0, 0]",3,1,-1,,0.375,8
1540,99fab166-8861-11f1-84ed-b48c9db4e1b4,12,"[0, 1, 1, 1, 0, 1, 0, 0]",4,0,0,,0.375,8
1541,99fab166-8861-11f1-84ed-b48c9db4e1b4,12,"[0, 1, 1, 1, 0, 1, 0, 0]",5,1,-1,,0.375,8
1542,99fab166-8861-11f1-84ed-b48c9db4e1b4,12,"[0, 1, 1, 1, 0, 1, 0, 0]",6,0,0,,0.375,8
1543,99fab166-8861-11f1-84ed-b48c9db4e1b4,12,"[0, 1, 1, 1, 0, 1, 0, 0]",7,0,0,,0.375,8
1544,99fab166-8861-11f1-84ed-b48c9db4e1b4,13,"[1, 0, 1, 0, 0, 1, 1, 0]",0,1,-1,,0.375,8
1545,99fab166-8861-11f1-84ed-b48c9db4e1b4,13,"[1, 0, 1, 0, 0, 1, 1, 0]",1,0,0,,0.375,8
1546,99fab166-8861-11f1-84ed-b48c9db4e1b4,13,"[1, 0, 1, 0, 0, 1, 1, 0]",2,1,-1,,0.375,8
1547,99fab166-8861-11f1-84ed-b48c9db4e1b4,13,"[1, 0, 1, 0, 0, 1, 1, 0]",3,0,0,,0.375,8
1548,99fab166-8861-11f1-84ed-b48c9db4e1b4,13,"[1, 0, 1, 0, 0, 1, 1, 0]",4,0,0,,0.375,8
1549,99fab166-8861-11f1-84ed-b48c9db4e1b4,13,"[1, 0, 1, 0, 0, 1, 1, 0]",5,1,-1,,0.375,8
1550,99fab166-8861-11f1-84ed-b48c9db4e1b4,13,"[1, 0, 1, 0, 0, 1, 1, 0]",6,1,-1,,0.375,8
1551,99fab166-8861-11f1-84ed-b48c9db4e1b4,13,"[1, 0, 1, 0, 0, 1, 1, 0]",7,0,0,,0.375,8
1552,99fab166-8861-11f1-84ed-b48c9db4e1b4,14,"[0, 0, 0, 0, 1, 0, 1, 1]",0,0,0,,0.375,8
1553,99fab166-8861-11f1-84ed-b48c9db4e1b4,14,"[0, 0, 0, 0, 1, 0, 1, 1]",1,0,0,,0.375,8
1554,99fab166-8861-11f1-84ed-b48c9db4e1b4,14,"[0, 0, 0, 0, 1, 0, 1, 1]",2,0,0,,0.375,8
1555,99fab166-8861-11f1-84ed-b48c9db4e1b4,14,"[0, 0, 0, 0, 1, 0, 1, 1]",3,0,0,,0.375,8
1556,99fab166-8861-11f1-84ed-b48c9db4e1b4,14,"[0, 0, 0, 0, 1, 0, 1, 1]",4,1,1,,0.375,8
1557,99fab166-8861-11f1-84ed-b48c9db4e1b4,14,"[0, 0, 0, 0, 1, 0, 1, 1]",5,0,0,,0.375,8
1558,99fab166-8861-11f1-84ed-b48c9db4e1b4,14,"[0, 0, 0, 0, 1, 0, 1, 1]",6,1,1,,0.375,8
1559,99fab166-8861-11f1-84ed-b48c9db4e1b4,14,"[0, 0, 0, 0, 1, 0, 1, 1]",7,1,1,,0.375,8
1560,99fab166-8861-11f1-84ed-b48c9db4e1b4,15,"[0, 1, 0, 0, 1, 0, 0, 1]",0,0,0,,0.375,8
1561,99fab166-8861-11f1-84ed-b48c9db4e1b4,15,"[0, 1, 0, 0, 1, 0, 0, 1]",1,1,1,,0.375,8
1562,99fab166-8861-11f1-84ed-b48c9db4e1b4,15,"[0, 1, 0, 0, 1, 0, 0, 1]",2,0,0,,0.375,8
1563,99fab166-8861-11f1-84ed-b48c9db4e1b4,15,"[0, 1, 0, 0, 1, 0, 0, 1]",3,0,0,,0.375,8
1564,99fab166-8861-11f1-84ed-b48c9db4e1b4,15,"[0, 1, 0, 0, 1, 0, 0, 1]",4,1,1,,0.375,8
1565,99fab166-8861-11f1-84ed-b48c9db4e1b4,15,"[0, 1, 0, 0, 1, 0, 0, 1]",5,0,0,,0.375,8
1566,99fab166-8861-11f1-84ed-b48c9db4e1b4,15,"[0, 1, 0, 0, 1, 0, 0, 1]",6,0,0,,0.375,8
1567,99fab166-8861-11f1-84ed-b48c9db4e1b4,15,"[0, 1, 0, 0, 1, 0, 0, 1]",7,1,1,,0.375,8
1568,99fab166-8861-11f1-84ed-b48c9db4e1b4,16,"[0, 0, 0, 1, 1, 1, 0, 0]",0,0,0,,0.375,8
1569,99fab166-8861-11f1-84ed-b48c9db4e1b4,16,"[0, 0, 0, 1, 1, 1, 0, 0]",1,0,0,,0.375,8
1570,99fab166-8861-11f1-84ed-b48c9db4e1b4,16,"[0, 0, 0, 1, 1, 1, 0, 0]",2,0,0,,0.375,8
1571,99fab166-8861-11f1-84ed-b48c9db4e1b4,16,"[0, 0, 0, 1, 1, 1, 0, 0]",3,1,1,,0.375,8
1572,99fab166-8861-11f1-84ed-b48c9db4e1b4,16,"[0, 0, 0, 1, 1, 1, 0, 0]",4,1,1,,0.375,8
1573,99fab166-8861-11f1-84ed-b48c9db4e1b4,16,"[0, 0, 0, 1, 1, 1, 0, 0]",5,1,1,,0.375,8
1574,99fab166-8861-11f1-84ed-b48c9db4e1b4,16,"[0, 0, 0, 1, 1, 1, 0, 0]",6,0,0,,0.375,8
1575,99fab166-8861-11f1-84ed-b48c9db4e1b4,16,"[0, 0, 0, 1, 1, 1, 0, 0]",7,0,0,,0.375,8
1576,99fab166-8861-11f1-84ed-b48c9db4e1b4,17,"[0, 0, 1, 1, 0, 1, 1, 1]",0,0,0,,0.375,8
1577,99fab166-8861-11f1-84ed-b48c9db4e1b4,17,"[0, 0, 1, 1, 0, 1, 1, 1]",1,0,0,,0.375,8
1578,99fab166-8861-11f1-84ed-b48c9db4e1b4,17,"[0, 0, 1, 1, 0, 1, 1, 1]",2,1,-1,,0.375,8
1579,99fab166-8861-11f1-84ed-b48c9db4e1b4,17,"[0, 0, 1, 1, 0, 1, 1, 1]",3,1,-1,,0.375,8
1580,99fab166-8861-11f1-84ed-b48c9db4e1b4,17,"[0, 0, 1, 1, 0, 1, 1, 1]",4,0,0,,0.375,8
1581,99fab166-8861-11f1-84ed-b48c9db4e1b4,17,"[0, 0, 1, 1, 0, 1, 1, 1]",5,1,-1,,0.375,8
1582,99fab166-8861-11f1-84ed-b48c9db4e1b4,17,"[0, 0, 1, 1, 0, 1, 1, 1]",6,1,-1,,0.375,8
1583,99fab166-8861-11f1-84ed-b48c9db4e1b4,17,"[0, 0, 1, 1, 0, 1, 1, 1]",7,1,-1,,0.375,8
1584,99fab166-8861-11f1-84ed-b48c9db4e1b4,18,"[1, 1, 1, 1, 0, 1, 1, 0]",0,1,-1,,0.375,8
1585,99fab166-8861-11f1-84ed-b48c9db4e1b4,18,"[1, 1, 1, 1, 0, 1, 1, 0]",1,1,-1,,0.375,8
1586,99fab166-8861-11f1-84ed-b48c9db4e1b4,18,"[1, 1, 1, 1, 0, 1, 1, 0]",2,1,-1,,0.375,8
1587,99fab166-8861-11f1-84ed-b48c9db4e1b4,18,"[1, 1, 1, 1, 0, 1, 1, 0]",3,1,-1,,0.375,8
1588,99fab166-8861-11f1-84ed-b48c9db4e1b4,18,"[1, 1, 1, 1, 0, 1, 1, 0]",4,0,0,,0.375,8
1589,99fab166-8861-11f1-84ed-b48c9db4e1b4,18,"[1, 1, 1, 1, 0, 1, 1, 0]",5,1,-1,,0.375,8
1590,99fab166-8861-11f1-84ed-b48c9db4e1b4,18,"[1, 1, 1, 1, 0, 1, 1, 0]",6,1,-1,,0.375,8
1591,99fab166-8861-11f1-84ed-b48c9db4e1b4,18,"[1, 1, 1, 1, 0, 1, 1, 0]",7,0,0,,0.375,8
1592,99fab166-8861-11f1-84ed-b48c9db4e1b4,19,"[1, 1, 1, 1, 0, 0, 0, 1]",0,1,-1,,0.375,8
1593,99fab166-8861-11f1-84ed-b48c9db4e1b4,19,"[1, 1, 1, 1, 0, 0, 0, 1]",1,1,-1,,0.375,8
1594,99fab166-8861-11f1-84ed-b48c9db4e1b4,19,"[1, 1, 1, 1, 0, 0, 0, 1]",2,1,-1,,0.375,8
1595,99fab166-8861-11f1-84ed-b48c9db4e1b4,19,"[1, 1, 1, 1, 0, 0, 0, 1]",3,1,-1,,0.375,8
1596,99fab166-8861-11f1-84ed-b48c9db4e1b4,19,"[1, 1, 1, 1, 0, 0, 0, 1]",4,0,0,,0.375,8
1597,99fab166-8861-11f1-84ed-b48c9db4e1b4,19,"[1, 1, 1, 1, 0, 0, 0, 1]",5,0,0,,0.375,8
1598,99fab166-8861-11f1-84ed-b48c9db4e1b4,19,"[1, 1, 1, 1, 0, 0, 0, 1]",6,0,0,,0.375,8
1599,99fab166-8861-11f1-84ed-b48c9db4e1b4,19,"[1, 1, 1, 1, 0, 0, 0, 1]",7,1,-1,,0.375,8
1600,99fd9391-8861-11f1-beb6-b48c9db4e1b4,0,"[1, 1, 1, 0, 1, 1, 1, 1]",0,1,-1,,0.375,8
1601,99fd9391-8861-11f1-beb6-b48c9db4e1b4,0,"[1, 1, 1, 0, 1, 1, 1, 1]",1,1,-1,,0.375,8
1602,99fd9391-8861-11f1-beb6-b48c9db4e1b4,0,"[1, 1, 1, 0, 1, 1, 1, 1]",2,1,-1,,0.375,8
1603,99fd9391-8861-11f1-beb6-b48c9db4e1b4,0,"[1, 1, 1, 0, 1, 1, 1, 1]",3,0,0,,0.375,8
1604,99fd9391-8861-11f1-beb6-b48c9db4e1b4,0,"[1, 1, 1, 0, 1, 1, 1, 1]",4,1,-1,,0.375,8
1605,99fd9391-8861-11f1-beb6-b48c9db4e1b4,0,"[1, 1, 1, 0, 1, 1, 1, 1]",5,1,-1,,0.375,8
1606,99fd9391-8861-11f1-beb6-b48c9db4e1b4,0,"[1, 1, 1, 0, 1, 1, 1, 1]",6,1,-1,,0.375,8
1607,99fd9391-8861-11f1-beb6-b48c9db4e1b4,0,"[1, 1, 1, 0, 1, 1, 1, 1]",7,1,-1,,0.375,8
1608,99fd9391-8861-11f1-beb6-b48c9db4e1b4,1,"[0, 1, 1, 1, 1, 0, 0, 1]",0,0,0,,0.375,8
1609,99fd9391-8861-11f1-beb6-b48c9db4e1b4,1,"[0, 1, 1, 1, 1, 0, 0, 1]",1,1,-1,,0.375,8
1610,99fd9391-8861-11f1-beb6-b48c9db4e1b4,1,"[0, 1, 1, 1, 1, 0, 0, 1]",2,1,-1,,0.375,8
1611,99fd9391-8861-11f1-beb6-b48c9db4e1b4,1,"[0, 1, 1, 1, 1, 0, 0, 1]",3,1,-1,,0.375,8
1612,99fd9391-8861-11f1-beb6-b48c9db4e1b4,1,"[0, 1, 1, 1, 1, 0, 0, 1]",4,1,-1,,0.375,8
1613,99fd9391-8861-11f1-beb6-b48c9db4e1b4,1,"[0, 1, 1, 1, 1, 0, 0, 1]",5,0,0,,0.375,8
1614,99fd9391-8861-11f1-beb6-b48c9db4e1b4,1,"[0, 1, 1, 1, 1, 0, 0, 1]",6,0,0,,0.375,8
1615,99fd9391-8861-11f1-beb6-b48c9db4e1b4,1,"[0, 1, 1, 1, 1, 0, 0, 1]",7,1,-1,,0.375,8
1616,99fd9391-8861-11f1-beb6-b48c9db4e1b4,2,"[1, 0, 0, 1, 1, 0, 1, 1]",0,1,-1,,0.375,8
1617,99fd9391-8861-11f1-beb6-b48c9db4e1b4,2,"[1, 0, 0, 1, 1, 0, 1, 1]",1,0,0,,0.375,8
1618,99fd9391-8861-11f1-beb6-b48c9db4e1b4,2,"[1, 0, 0, 1, 1, 0, 1, 1]",2,0,0,,0.375,8
1619,99fd9391-8861-11f1-beb6-b48c9db4e1b4,2,"[1, 0, 0, 1, 1, 0, 1, 1]",3,1,-1,,0.375,8
1620,99fd9391-8861-11f1-beb6-b48c9db4e1b4,2,"[1, 0, 0, 1, 1, 0, 1, 1]",4,1,-1,,0.375,8
1621,99fd9391-8861-11f1-beb6-b48c9db4e1b4,2,"[1, 0, 0, 1, 1, 0, 1, 1]",5,0,0,,0.375,8
1622,99fd9391-8861-11f1-beb6-b48c9db4e1b4,2,"[1, 0, 0, 1, 1, 0, 1, 1]",6,1,-1,,0.375,8
1623,99fd9391-8861-11f1-beb6-b48c9db4e1b4,2,"[1, 0, 0, 1, 1, 0, 1, 1]",7,1,-1,,0.375,8
1624,99fd9391-8861-11f1-beb6-b48c9db4e1b4,3,"[0, 1, 1, 1, 0, 1, 0, 0]",0,0,0,,0.375,8
1625,99fd9391-8861-11f1-beb6-b48c9db4e1b4,3,"[0, 1, 1, 1, 0, 1, 0, 0]",1,1,-1,,0.375,8
1626,99fd9391-8861-11f1-beb6-b48c9db4e1b4,3,"[0, 1, 1, 1, 0, 1, 0, 0]",2,1,-1,,0.375,8
1627,99fd9391-8861-11f1-beb6-b48c9db4e1b4,3,"[0, 1, 1, 1, 0, 1, 0, 0]",3,1,-1,,0.375,8
1628,99fd9391-8861-11f1-beb6-b48c9db4e1b4,3,"[0, 1, 1, 1, 0, 1, 0, 0]",4,0,0,,0.375,8
1629,99fd9391-8861-11f1-beb6-b48c9db4e1b4,3,"[0, 1, 1, 1, 0, 1, 0, 0]",5,1,-1,,0.375,8
1630,99fd9391-8861-11f1-beb6-b48c9db4e1b4,3,"[0, 1, 1, 1, 0, 1, 0, 0]",6,0,0,,0.375,8
1631,99fd9391-8861-11f1-beb6-b48c9db4e1b4,3,"[0, 1, 1, 1, 0, 1, 0, 0]",7,0,0,,0.375,8
1632,99fd9391-8861-11f1-beb6-b48c9db4e1b4,4,"[0, 0, 1, 0, 1, 1, 1, 1]",0,0,0,,0.375,8
1633,99fd9391-8861-11f1-beb6-b48c9db4e1b4,4,"[0, 0, 1, 0, 1, 1, 1, 1]",1,0,0,,0.375,8
1634,99fd9391-8861-11f1-beb6-b48c9db4e1b4,4,"[0, 0, 1, 0, 1, 1, 1, 1]",2,1,-1,,0.375,8
1635,99fd9391-8861-11f1-beb6-b48c9db4e1b4,4,"[0, 0, 1, 0, 1, 1, 1, 1]",3,0,0,,0.375,8
1636,99fd9391-8861-11f1-beb6-b48c9db4e1b4,4,"[0, 0, 1, 0, 1, 1, 1, 1]",4,1,-1,,0.375,8
1637,99fd9391-8861-11f1-beb6-b48c9db4e1b4,4,"[0, 0, 1, 0, 1, 1, 1, 1]",5,1,-1,,0.375,8
1638,99fd9391-8861-11f1-beb6-b48c9db4e1b4,4,"[0, 0, 1, 0, 1, 1, 1, 1]",6,1,-1,,0.375,8
1639,99fd9391-8861-11f1-beb6-b48c9db4e1b4,4,"[0, 0, 1, 0, 1, 1, 1, 1]",7,1,-1,,0.375,8
1640,99fd9391-8861-11f1-beb6-b48c9db4e1b4,5,"[0, 0, 0, 1, 1, 1, 0, 0]",0,0,0,,0.375,8
1641,99fd9391-8861-11f1-beb6-b48c9db4e1b4,5,"[0, 0, 0, 1, 1, 1, 0, 0]",1,0,0,,0.375,8
1642,99fd9391-8861-11f1-beb6-b48c9db4e1b4,5,"[0, 0, 0, 1, 1, 1, 0, 0]",2,0,0,,0.375,8
1643,99fd9391-8861-11f1-beb6-b48c9db4e1b4,5,"[0, 0, 0, 1, 1, 1, 0, 0]",3,1,1,,0.375,8
1644,99fd9391-8861-11f1-beb6-b48c9db4e1b4,5,"[0, 0, 0, 1, 1, 1, 0, 0]",4,1,1,,0.375,8
1645,99fd9391-8861-11f1-beb6-b48c9db4e1b4,5,"[0, 0, 0, 1, 1, 1, 0, 0]",5,1,1,,0.375,8
1646,99fd9391-8861-11f1-beb6-b48c9db4e1b4,5,"[0, 0, 0, 1, 1, 1, 0, 0]",6,0,0,,0.375,8
1647,99fd9391-8861-11f1-beb6-b48c9db4e1b4,5,"[0, 0, 0, 1, 1, 1, 0, 0]",7,0,0,,0.375,8
1648,99fd9391-8861-11f1-beb6-b48c9db4e1b4,6,"[1, 1, 0, 0, 0, 1, 0, 1]",0,1,-1,,0.375,8
1649,99fd9391-8861-11f1-beb6-b48c9db4e1b4,6,"[1, 1, 0, 0, 0, 1, 0, 1]",1,1,-1,,0.375,8
1650,99fd9391-8861-11f1-beb6-b48c9db4e1b4,6,"[1, 1, 0, 0, 0, 1, 0, 1]",2,0,0,,0.375,8
1651,99fd9391-8861-11f1-beb6-b48c9db4e1b4,6,"[1, 1, 0, 0, 0, 1, 0, 1]",3,0,0,,0.375,8
1652,99fd9391-8861-11f1-beb6-b48c9db4e1b4,6,"[1, 1, 0, 0, 0, 1, 0, 1]",4,0,0,,0.375,8
1653,99fd9391-8861-11f1-beb6-b48c9db4e1b4,6,"[1, 1, 0, 0, 0, 1, 0, 1]",5,1,-1,,0.375,8
1654,99fd9391-8861-11f1-beb6-b48c9db4e1b4,6,"[1, 1, 0, 0, 0, 1, 0, 1]",6,0,0,,0.375,8
1655,99fd9391-8861-11f1-beb6-b48c9db4e1b4,6,"[1, 1, 0, 0, 0, 1, 0, 1]",7,1,-1,,0.375,8
1656,99fd9391-8861-11f1-beb6-b48c9db4e1b4,7,"[1, 1, 1, 1, 1, 0, 0, 0]",0,1,-1,,0.375,8
1657,99fd9391-8861-11f1-beb6-b48c9db4e1b4,7,"[1, 1, 1, 1, 1, 0, 0, 0]",1,1,-1,,0.375,8
1658,99fd9391-8861-11f1-beb6-b48c9db4e1b4,7,"[1, 1, 1, 1, 1, 0, 0, 0]",2,1,-1,,0.375,8
1659,99fd9391-8861-11f1-beb6-b48c9db4e1b4,7,"[1, 1, 1, 1, 1, 0, 0, 0]",3,1,-1,,0.375,8
1660,99fd9391-8861-11f1-beb6-b48c9db4e1b4,7,"[1, 1, 1, 1, 1, 0, 0, 0]",4,1,-1,,0.375,8
1661,99fd9391-8861-11f1-beb6-b48c9db4e1b4,7,"[1, 1, 1, 1, 1, 0, 0, 0]",5,0,0,,0.375,8
1662,99fd9391-8861-11f1-beb6-b48c9db4e1b4,7,"[1, 1, 1, 1, 1, 0, 0, 0]",6,0,0,,0.375,8
1663,99fd9391-8861-11f1-beb6-b48c9db4e1b4,7,"[1, 1, 1, 1, 1, 0, 0, 0]",7,0,0,,0.375,8
1664,99fd9391-8861-11f1-beb6-b48c9db4e1b4,8,"[0, 0, 1, 0, 0, 0, 0, 0]",0,0,0,,0.375,8
1665,99fd9391-8861-11f1-beb6-b48c9db4e1b4,8,"[0, 0, 1, 0, 0, 0, 0, 0]",1,0,0,,0.375,8
1666,99fd9391-8861-11f1-beb6-b48c9db4e1b4,8,"[0, 0, 1, 0, 0, 0, 0, 0]",2,1,1,,0.375,8
1667,99fd9391-8861-11f1-beb6-b48c9db4e1b4,8,"[0, 0, 1, 0, 0, 0, 0, 0]",3,0,0,,0.375,8
1668,99fd9391-8861-11f1-beb6-b48c9db4e1b4,8,"[0, 0, 1, 0, 0, 0, 0, 0]",4,0,0,,0.375,8
1669,99fd9391-8861-11f1-beb6-b48c9db4e1b4,8,"[0, 0, 1, 0, 0, 0, 0, 0]",5,0,0,,0.375,8
1670,99fd9391-8861-11f1-beb6-b48c9db4e1b4,8,"[0, 0, 1, 0, 0, 0, 0, 0]",6,0,0,,0.375,8
1671,99fd9391-8861-11f1-beb6-b48c9db4e1b4,8,"[0, 0, 1, 0, 0, 0, 0, 0]",7,0,0,,0.375,8
1672,99fd9391-8861-11f1-beb6-b48c9db4e1b4,9,"[0, 1, 0, 0, 1, 0, 1, 1]",0,0,0,,0.375,8
1673,99fd9391-8861-11f1-beb6-b48c9db4e1b4,9,"[0, 1, 0, 0, 1, 0, 1, 1]",1,1,-1,,0.375,8
1674,99fd9391-8861-11f1-beb6-b48c9db4e1b4,9,"[0, 1, 0, 0, 1, 0, 1, 1]",2,0,0,,0.375,8
1675,99fd9391-8861-11f1-beb6-b48c9db4e1b4,9,"[0, 1, 0, 0, 1, 0, 1, 1]",3,0,0,,0.375,8
1676,99fd9391-8861-11f1-beb6-b48c9db4e1b4,9,"[0, 1, 0, 0, 1, 0, 1, 1]",4,1,-1,,0.375,8
1677,99fd9391-8861-11f1-beb6-b48c9db4e1b4,9,"[0, 1, 0, 0, 1, 0, 1, 1]",5,0,0,,0.375,8
1678,99fd9391-8861-11f1-beb6-b48c9db4e1b4,9,"[0, 1, 0, 0, 1, 0, 1, 1]",6,1,-1,,0.375,8
1679,99fd9391-8861-11f1-beb6-b48c9db4e1b4,9,"[0, 1, 0, 0, 1, 0, 1, 1]",7,1,-1,,0.375,8
1680,99fd9391-8861-11f1-beb6-b48c9db4e1b4,10,"[1, 0, 0, 0, 1, 0, 1, 1]",0,1,-1,,0.375,8
1681,99fd9391-8861-11f1-beb6-b48c9db4e1b4,10,"[1, 0, 0, 0, 1, 0, 1, 1]",1,0,0,,0.375,8
1682,99fd9391-8861-11f1-beb6-b48c9db4e1b4,10,"[1, 0, 0, 0, 1, 0, 1, 1]",2,0,0,,0.375,8
1683,99fd9391-8861-11f1-beb6-b48c9db4e1b4,10,"[1, 0, 0, 0, 1, 0, 1, 1]",3,0,0,,0.375,8
1684,99fd9391-8861-11f1-beb6-b48c9db4e1b4,10,"[1, 0, 0, 0, 1, 0, 1, 1]",4,1,-1,,0.375,8
1685,99fd9391-8861-11f1-beb6-b48c9db4e1b4,10,"[1, 0, 0, 0, 1, 0, 1, 1]",5,0,0,,0.375,8
1686,99fd9391-8861-11f1-beb6-b48c9db4e1b4,10,"[1, 0, 0, 0, 1, 0, 1, 1]",6,1,-1,,0.375,8
1687,99fd9391-8861-11f1-beb6-b48c9db4e1b4,10,"[1, 0, 0, 0, 1, 0, 1, 1]",7,1,-1,,0.375,8
1688,99fd9391-8861-11f1-beb6-b48c9db4e1b4,11,"[1, 1, 1, 1, 0, 0, 1, 0]",0,1,-1,,0.375,8
1689,99fd9391-8861-11f1-beb6-b48c9db4e1b4,11,"[1, 1, 1, 1, 0, 0, 1, 0]",1,1,-1,,0.375,8
1690,99fd9391-8861-11f1-beb6-b48c9db4e1b4,11,"[1, 1, 1, 1, 0, 0, 1, 0]",2,1,-1,,0.375,8
1691,99fd9391-8861-11f1-beb6-b48c9db4e1b4,11,"[1, 1, 1, 1, 0, 0, 1, 0]",3,1,-1,,0.375,8
1692,99fd9391-8861-11f1-beb6-b48c9db4e1b4,11,"[1, 1, 1, 1, 0, 0, 1, 0]",4,0,0,,0.375,8
1693,99fd9391-8861-11f1-beb6-b48c9db4e1b4,11,"[1, 1, 1, 1, 0, 0, 1, 0]",5,0,0,,0.375,8
1694,99fd9391-8861-11f1-beb6-b48c9db4e1b4,11,"[1, 1, 1, 1, 0, 0, 1, 0]",6,1,-1,,0.375,8
1695,99fd9391-8861-11f1-beb6-b48c9db4e1b4,11,"[1, 1, 1, 1, 0, 0, 1, 0]",7,0,0,,0.375,8
1696,99fd9391-8861-11f1-beb6-b48c9db4e1b4,12,"[0, 1, 1, 1, 0, 0, 0, 0]",0,0,0,,0.375,8
1697,99fd9391-8861-11f1-beb6-b48c9db4e1b4,12,"[0, 1, 1, 1, 0, 0, 0, 0]",1,1,1,,0.375,8
1698,99fd9391-8861-11f1-beb6-b48c9db4e1b4,12,"[0, 1, 1, 1, 0, 0, 0, 0]",2,1,1,,0.375,8
1699,99fd9391-8861-11f1-beb6-b48c9db4e1b4,12,"[0, 1, 1, 1, 0, 0, 0, 0]",3,1,1,,0.375,8
1700,99fd9391-8861-11f1-beb6-b48c9db4e1b4,12,"[0, 1, 1, 1, 0, 0, 0, 0]",4,0,0,,0.375,8
1701,99fd9391-8861-11f1-beb6-b48c9db4e1b4,12,"[0, 1, 1, 1, 0, 0, 0, 0]",5,0,0,,0.375,8
1702,99fd9391-8861-11f1-beb6-b48c9db4e1b4,12,"[0, 1, 1, 1, 0, 0, 0, 0]",6,0,0,,0.375,8
1703,99fd9391-8861-11f1-beb6-b48c9db4e1b4,12,"[0, 1, 1, 1, 0, 0, 0, 0]",7,0,0,,0.375,8
1704,99fd9391-8861-11f1-beb6-b48c9db4e1b4,13,"[1, 1, 1, 1, 0, 1, 1, 1]",0,1,-1,,0.375,8
1705,99fd9391-8861-11f1-beb6-b48c9db4e1b4,13,"[1, 1, 1, 1, 0, 1, 1, 1]",1,1,-1,,0.375,8
1706,99fd9391-8861-11f1-beb6-b48c9db4e1b4,13,"[1, 1, 1, 1, 0, 1, 1, 1]",2,1,-1,,0.375,8
1707,99fd9391-8861-11f1-beb6-b48c9db4e1b4,13,"[1, 1, 1, 1, 0, 1, 1, 1]",3,1,-1,,0.375,8
1708,99fd9391-8861-11f1-beb6-b48c9db4e1b4,13,"[1, 1, 1, 1, 0, 1, 1, 1]",4,0,0,,0.375,8
1709,99fd9391-8861-11f1-beb6-b48c9db4e1b4,13,"[1, 1, 1, 1, 0, 1, 1, 1]",5,1,-1,,0.375,8
1710,99fd9391-8861-11f1-beb6-b48c9db4e1b4,13,"[1, 1, 1, 1, 0, 1, 1, 1]",6,1,-1,,0.375,8
1711,99fd9391-8861-11f1-beb6-b48c9db4e1b4,13,"[1, 1, 1, 1, 0, 1, 1, 1]",7,1,-1,,0.375,8
1712,99fd9391-8861-11f1-beb6-b48c9db4e1b4,14,"[0, 0, 0, 0, 1, 0, 1, 1]",0,0,0,,0.375,8
1713,99fd9391-8861-11f1-beb6-b48c9db4e1b4,14,"[0, 0, 0, 0, 1, 0, 1, 1]",1,0,0,,0.375,8
1714,99fd9391-8861-11f1-beb6-b48c9db4e1b4,14,"[0, 0, 0, 0, 1, 0, 1, 1]",2,0,0,,0.375,8
1715,99fd9391-8861-11f1-beb6-b48c9db4e1b4,14,"[0, 0, 0, 0, 1, 0, 1, 1]",3,0,0,,0.375,8
1716,99fd9391-8861-11f1-beb6-b48c9db4e1b4,14,"[0, 0, 0, 0, 1, 0, 1, 1]",4,1,1,,0.375,8
1717,99fd9391-8861-11f1-beb6-b48c9db4e1b4,14,"[0, 0, 0, 0, 1, 0, 1, 1]",5,0,0,,0.375,8
1718,99fd9391-8861-11f1-beb6-b48c9db4e1b4,14,"[0, 0, 0, 0, 1, 0, 1, 1]",6,1,1,,0.375,8
1719,99fd9391-8861-11f1-beb6-b48c9db4e1b4,14,"[0, 0, 0, 0, 1, 0, 1, 1]",7,1,1,,0.375,8
1720,99fd9391-8861-11f1-beb6-b48c9db4e1b4,15,"[1, 1, 1, 0, 1, 1, 0, 0]",0,1,-1,,0.375,8
1721,99fd9391-8861-11f1-beb6-b48c9db4e1b4,15,"[1, 1, 1, 0, 1, 1, 0, 0]",1,1,-1,,0.375,8
1722,99fd9391-8861-11f1-beb6-b48c9db4e1b4,15,"[1, 1, 1, 0, 1, 1, 0, 0]",2,1,-1,,0.375,8
1723,99fd9391-8861-11f1-beb6-b48c9db4e1b4,15,"[1, 1, 1, 0, 1, 1, 0, 0]",3,0,0,,0.375,8
1724,99fd9391-8861-11f1-beb6-b48c9db4e1b4,15,"[1, 1, 1, 0, 1, 1, 0, 0]",4,1,-1,,0.375,8
1725,99fd9391-8861-11f1-beb6-b48c9db4e1b4,15,"[1, 1, 1, 0, 1, 1, 0, 0]",5,1,-1,,0.375,8
1726,99fd9391-8861-11f1-beb6-b48c9db4e1b4,15,"[1, 1, 1, 0, 1, 1, 0, 0]",6,0,0,,0.375,8
1727,99fd9391-8861-11f1-beb6-b48c9db4e1b4,15,"[1, 1, 1, 0, 1, 1, 0, 0]",7,0,0,,0.375,8
1728,99fd9391-8861-11f1-beb6-b48c9db4e1b4,16,"[1, 0, 0, 1, 1, 1, 0, 1]",0,1,-1,,0.375,8
1729,99fd9391-8861-11f1-beb6-b48c9db4e1b4,16,"[1, 0, 0, 1, 1, 1, 0, 1]",1,0,0,,0.375,8
1730,99fd9391-8861-11f1-beb6-b48c9db4e1b4,16,"[1, 0, 0, 1, 1, 1, 0, 1]",2,0,0,,0.375,8
1731,99fd9391-8861-11f1-beb6-b48c9db4e1b4,16,"[1, 0, 0, 1, 1, 1, 0, 1]",3,1,-1,,0.375,8
1732,99fd9391-8861-11f1-beb6-b48c9db4e1b4,16,"[1, 0, 0, 1, 1, 1, 0, 1]",4,1,-1,,0.375,8
1733,99fd9391-8861-11f1-beb6-b48c9db4e1b4,16,"[1, 0, 0, 1, 1, 1, 0, 1]",5,1,-1,,0.375,8
1734,99fd9391-8861-11f1-beb6-b48c9db4e1b4,16,"[1, 0, 0, 1, 1, 1, 0, 1]",6,0,0,,0.375,8
1735,99fd9391-8861-11f1-beb6-b48c9db4e1b4,16,"[1, 0, 0, 1, 1, 1, 0, 1]",7,1,-1,,0.375,8
1736,99fd9391-8861-11f1-beb6-b48c9db4e1b4,17,"[0, 0, 0, 1, 1, 0, 0, 1]",0,0,0,,0.375,8
1737,99fd9391-8861-11f1-beb6-b48c9db4e1b4,17,"[0, 0, 0, 1, 1, 0, 0, 1]",1,0,0,,0.375,8
1738,99fd9391-8861-11f1-beb6-b48c9db4e1b4,17,"[0, 0, 0, 1, 1, 0, 0, 1]",2,0,0,,0.375,8
1739,99fd9391-8861-11f1-beb6-b48c9db4e1b4,17,"[0, 0, 0, 1, 1, 0, 0, 1]",3,1,1,,0.375,8
1740,99fd9391-8861-11f1-beb6-b48c9db4e1b4,17,"[0, 0, 0, 1, 1, 0, 0, 1]",4,1,1,,0.375,8
1741,99fd9391-8861-11f1-beb6-b48c9db4e1b4,17,"[0, 0, 0, 1, 1, 0, 0, 1]",5,0,0,,0.375,8
1742,99fd9391-8861-11f1-beb6-b48c9db4e1b4,17,"[0, 0, 0, 1, 1, 0, 0, 1]",6,0,0,,0.375,8
1743,99fd9391-8861-11f1-beb6-b48c9db4e1b4,17,"[0, 0, 0, 1, 1, 0, 0, 1]",7,1,1,,0.375,8
1744,99fd9391-8861-11f1-beb6-b48c9db4e1b4,18,"[0, 1, 1, 0, 1, 0, 1, 1]",0,0,0,,0.375,8
1745,99fd9391-8861-11f1-beb6-b48c9db4e1b4,18,"[0, 1, 1, 0, 1, 0, 1, 1]",1,1,-1,,0.375,8
1746,99fd9391-8861-11f1-beb6-b48c9db4e1b4,18,"[0, 1, 1, 0, 1, 0, 1, 1]",2,1,-1,,0.375,8
1747,99fd9391-8861-11f1-beb6-b48c9db4e1b4,18,"[0, 1, 1, 0, 1, 0, 1, 1]",3,0,0,,0.375,8
1748,99fd9391-8861-11f1-beb6-b48c9db4e1b4,18,"[0, 1, 1, 0, 1, 0, 1, 1]",4,1,-1,,0.375,8
1749,99fd9391-8861-11f1-beb6-b48c9db4e1b4,18,"[0, 1, 1, 0, 1, 0, 1, 1]",5,0,0,,0.375,8
1750,99fd9391-8861-11f1-beb6-b48c9db4e1b4,18,"[0, 1, 1, 0, 1, 0, 1, 1]",6,1,-1,,0.375,8
1751,99fd9391-8861-11f1-beb6-b48c9db4e1b4,18,"[0, 1, 1, 0, 1, 0, 1, 1]",7,1,-1,,0.375,8
1752,99fd9391-8861-11f1-beb6-b48c9db4e1b4,19,"[0, 1, 0, 1, 0, 1, 0, 1]",0,0,0,,0.375,8
1753,99fd9391-8861-11f1-beb6-b48c9db4e1b4,19,"[0, 1, 0, 1, 0, 1, 0, 1]",1,1,-1,,0.375,8
1754,99fd9391-8861-11f1-beb6-b48c9db4e1b4,19,"[0, 1, 0, 1, 0, 1, 0, 1]",2,0,0,,0.375,8
1755,99fd9391-8861-11f1-beb6-b48c9db4e1b4,19,"[0, 1, 0, 1, 0, 1, 0, 1]",3,1,-1,,0.375,8
1756,99fd9391-8861-11f1-beb6-b48c9db4e1b4,19,"[0, 1, 0, 1, 0, 1, 0, 1]",4,0,0,,0.375,8
1757,99fd9391-8861-11f1-beb6-b48c9db4e1b4,19,"[0, 1, 0, 1, 0, 1, 0, 1]",5,1,-1,,0.375,8
1758,99fd9391-8861-11f1-beb6-b48c9db4e1b4,19,"[0, 1, 0, 1, 0, 1, 0, 1]",6,0,0,,0.375,8
1759,99fd9391-8861-11f1-beb6-b48c9db4e1b4,19,"[0, 1, 0, 1, 0, 1, 0, 1]",7,1,-1,,0.375,8
1760,9a007bf0-8861-11f1-a935-b48c9db4e1b4,0,"[0, 1, 1, 0, 1, 1, 1, 1]",0,0,0,,0.375,8
1761,9a007bf0-8861-11f1-a935-b48c9db4e1b4,0,"[0, 1, 1, 0, 1, 1, 1, 1]",1,1,-1,,0.375,8
1762,9a007bf0-8861-11f1-a935-b48c9db4e1b4,0,"[0, 1, 1, 0, 1, 1, 1, 1]",2,1,-1,,0.375,8
1763,9a007bf0-8861-11f1-a935-b48c9db4e1b4,0,"[0, 1, 1, 0, 1, 1, 1, 1]",3,0,0,,0.375,8
1764,9a007bf0-8861-11f1-a935-b48c9db4e1b4,0,"[0, 1, 1, 0, 1, 1, 1, 1]",4,1,-1,,0.375,8
1765,9a007bf0-8861-11f1-a935-b48c9db4e1b4,0,"[0, 1, 1, 0, 1, 1, 1, 1]",5,1,-1,,0.375,8
1766,9a007bf0-8861-11f1-a935-b48c9db4e1b4,0,"[0, 1, 1, 0, 1, 1, 1, 1]",6,1,-1,,0.375,8
1767,9a007bf0-8861-11f1-a935-b48c9db4e1b4,0,"[0, 1, 1, 0, 1, 1, 1, 1]",7,1,-1,,0.375,8
1768,9a007bf0-8861-11f1-a935-b48c9db4e1b4,1,"[0, 1, 0, 1, 0, 0, 0, 0]",0,0,0,,0.375,8
1769,9a007bf0-8861-11f1-a935-b48c9db4e1b4,1,"[0, 1, 0, 1, 0, 0, 0, 0]",1,1,1,,0.375,8
1770,9a007bf0-8861-11f1-a935-b48c9db4e1b4,1,"[0, 1, 0, 1, 0, 0, 0, 0]",2,0,0,,0.375,8
1771,9a007bf0-8861-11f1-a935-b48c9db4e1b4,1,"[0, 1, 0, 1, 0, 0, 0, 0]",3,1,1,,0.375,8
1772,9a007bf0-8861-11f1-a935-b48c9db4e1b4,1,"[0, 1, 0, 1, 0, 0, 0, 0]",4,0,0,,0.375,8
1773,9a007bf0-8861-11f1-a935-b48c9db4e1b4,1,"[0, 1, 0, 1, 0, 0, 0, 0]",5,0,0,,0.375,8
1774,9a007bf0-8861-11f1-a935-b48c9db4e1b4,1,"[0, 1, 0, 1, 0, 0, 0, 0]",6,0,0,,0.375,8
1775,9a007bf0-8861-11f1-a935-b48c9db4e1b4,1,"[0, 1, 0, 1, 0, 0, 0, 0]",7,0,0,,0.375,8
1776,9a007bf0-8861-11f1-a935-b48c9db4e1b4,2,"[1, 0, 1, 0, 1, 1, 1, 1]",0,1,-1,,0.375,8
1777,9a007bf0-8861-11f1-a935-b48c9db4e1b4,2,"[1, 0, 1, 0, 1, 1, 1, 1]",1,0,0,,0.375,8
1778,9a007bf0-8861-11f1-a935-b48c9db4e1b4,2,"[1, 0, 1, 0, 1, 1, 1, 1]",2,1,-1,,0.375,8
1779,9a007bf0-8861-11f1-a935-b48c9db4e1b4,2,"[1, 0, 1, 0, 1, 1, 1, 1]",3,0,0,,0.375,8
1780,9a007bf0-8861-11f1-a935-b48c9db4e1b4,2,"[1, 0, 1, 0, 1, 1, 1, 1]",4,1,-1,,0.375,8
1781,9a007bf0-8861-11f1-a935-b48c9db4e1b4,2,"[1, 0, 1, 0, 1, 1, 1, 1]",5,1,-1,,0.375,8
1782,9a007bf0-8861-11f1-a935-b48c9db4e1b4,2,"[1, 0, 1, 0, 1, 1, 1, 1]",6,1,-1,,0.375,8
1783,9a007bf0-8861-11f1-a935-b48c9db4e1b4,2,"[1, 0, 1, 0, 1, 1, 1, 1]",7,1,-1,,0.375,8
1784,9a007bf0-8861-11f1-a935-b48c9db4e1b4,3,"[1, 0, 0, 1, 0, 1, 0, 0]",0,1,1,,0.375,8
1785,9a007bf0-8861-11f1-a935-b48c9db4e1b4,3,"[1, 0, 0, 1, 0, 1, 0, 0]",1,0,0,,0.375,8
1786,9a007bf0-8861-11f1-a935-b48c9db4e1b4,3,"[1, 0, 0, 1, 0, 1, 0, 0]",2,0,0,,0.375,8
1787,9a007bf0-8861-11f1-a935-b48c9db4e1b4,3,"[1, 0, 0, 1, 0, 1, 0, 0]",3,1,1,,0.375,8
1788,9a007bf0-8861-11f1-a935-b48c9db4e1b4,3,"[1, 0, 0, 1, 0, 1, 0, 0]",4,0,0,,0.375,8
1789,9a007bf0-8861-11f1-a935-b48c9db4e1b4,3,"[1, 0, 0, 1, 0, 1, 0, 0]",5,1,1,,0.375,8
1790,9a007bf0-8861-11f1-a935-b48c9db4e1b4,3,"[1, 0, 0, 1, 0, 1, 0, 0]",6,0,0,,0.375,8
1791,9a007bf0-8861-11f1-a935-b48c9db4e1b4,3,"[1, 0, 0, 1, 0, 1, 0, 0]",7,0,0,,0.375,8
1792,9a007bf0-8861-11f1-a935-b48c9db4e1b4,4,"[1, 0, 1, 0, 1, 1, 0, 1]",0,1,-1,,0.375,8
1793,9a007bf0-8861-11f1-a935-b48c9db4e1b4,4,"[1, 0, 1, 0, 1, 1, 0, 1]",1,0,0,,0.375,8
1794,9a007bf0-8861-11f1-a935-b48c9db4e1b4,4,"[1, 0, 1, 0, 1, 1, 0, 1]",2,1,-1,,0.375,8
1795,9a007bf0-8861-11f1-a935-b48c9db4e1b4,4,"[1, 0, 1, 0, 1, 1, 0, 1]",3,0,0,,0.375,8
1796,9a007bf0-8861-11f1-a935-b48c9db4e1b4,4,"[1, 0, 1, 0, 1, 1, 0, 1]",4,1,-1,,0.375,8
1797,9a007bf0-8861-11f1-a935-b48c9db4e1b4,4,"[1, 0, 1, 0, 1, 1, 0, 1]",5,1,-1,,0.375,8
1798,9a007bf0-8861-11f1-a935-b48c9db4e1b4,4,"[1, 0, 1, 0, 1, 1, 0, 1]",6,0,0,,0.375,8
1799,9a007bf0-8861-11f1-a935-b48c9db4e1b4,4,"[1, 0, 1, 0, 1, 1, 0, 1]",7,1,-1,,0.375,8
1800,9a007bf0-8861-11f1-a935-b48c9db4e1b4,5,"[1, 1, 1, 0, 0, 1, 0, 1]",0,1,-1,,0.375,8
1801,9a007bf0-8861-11f1-a935-b48c9db4e1b4,5,"[1, 1, 1, 0, 0, 1, 0, 1]",1,1,-1,,0.375,8
1802,9a007bf0-8861-11f1-a935-b48c9db4e1b4,5,"[1, 1, 1, 0, 0, 1, 0, 1]",2,1,-1,,0.375,8
1803,9a007bf0-8861-11f1-a935-b48c9db4e1b4,5,"[1, 1, 1, 0, 0, 1, 0, 1]",3,0,0,,0.375,8
1804,9a007bf0-8861-11f1-a935-b48c9db4e1b4,5,"[1, 1, 1, 0, 0, 1, 0, 1]",4,0,0,,0.375,8
1805,9a007bf0-8861-11f1-a935-b48c9db4e1b4,5,"[1, 1, 1, 0, 0, 1, 0, 1]",5,1,-1,,0.375,8
1806,9a007bf0-8861-11f1-a935-b48c9db4e1b4,5,"[1, 1, 1, 0, 0, 1, 0, 1]",6,0,0,,0.375,8
1807,9a007bf0-8861-11f1-a935-b48c9db4e1b4,5,"[1, 1, 1, 0, 0, 1, 0, 1]",7,1,-1,,0.375,8
1808,9a007bf0-8861-11f1-a935-b48c9db4e1b4,6,"[0, 1, 1, 1, 0, 0, 1, 0]",0,0,0,,0.375,8
1809,9a007bf0-8861-11f1-a935-b48c9db4e1b4,6,"[0, 1, 1, 1, 0, 0, 1, 0]",1,1,-1,,0.375,8
1810,9a007bf0-8861-11f1-a935-b48c9db4e1b4,6,"[0, 1, 1, 1, 0, 0, 1, 0]",2,1,-1,,0.375,8
1811,9a007bf0-8861-11f1-a935-b48c9db4e1b4,6,"[0, 1, 1, 1, 0, 0, 1, 0]",3,1,-1,,0.375,8
1812,9a007bf0-8861-11f1-a935-b48c9db4e1b4,6,"[0, 1, 1, 1, 0, 0, 1, 0]",4,0,0,,0.375,8
1813,9a007bf0-8861-11f1-a935-b48c9db4e1b4,6,"[0, 1, 1, 1, 0, 0, 1, 0]",5,0,0,,0.375,8
1814,9a007bf0-8861-11f1-a935-b48c9db4e1b4,6,"[0, 1, 1, 1, 0, 0, 1, 0]",6,1,-1,,0.375,8
1815,9a007bf0-8861-11f1-a935-b48c9db4e1b4,6,"[0, 1, 1, 1, 0, 0, 1, 0]",7,0,0,,0.375,8
1816,9a007bf0-8861-11f1-a935-b48c9db4e1b4,7,"[0, 1, 0, 0, 0, 0, 0, 1]",0,0,0,,0.375,8
1817,9a007bf0-8861-11f1-a935-b48c9db4e1b4,7,"[0, 1, 0, 0, 0, 0, 0, 1]",1,1,1,,0.375,8
1818,9a007bf0-8861-11f1-a935-b48c9db4e1b4,7,"[0, 1, 0, 0, 0, 0, 0, 1]",2,0,0,,0.375,8
1819,9a007bf0-8861-11f1-a935-b48c9db4e1b4,7,"[0, 1, 0, 0, 0, 0, 0, 1]",3,0,0,,0.375,8
1820,9a007bf0-8861-11f1-a935-b48c9db4e1b4,7,"[0, 1, 0, 0, 0, 0, 0, 1]",4,0,0,,0.375,8
1821,9a007bf0-8861-11f1-a935-b48c9db4e1b4,7,"[0, 1, 0, 0, 0, 0, 0, 1]",5,0,0,,0.375,8
1822,9a007bf0-8861-11f1-a935-b48c9db4e1b4,7,"[0, 1, 0, 0, 0, 0, 0, 1]",6,0,0,,0.375,8
1823,9a007bf0-8861-11f1-a935-b48c9db4e1b4,7,"[0, 1, 0, 0, 0, 0, 0, 1]",7,1,1,,0.375,8
1824,9a007bf0-8861-11f1-a935-b48c9db4e1b4,8,"[0, 0, 0, 0, 1, 0, 0, 1]",0,0,0,,0.375,8
1825,9a007bf0-8861-11f1-a935-b48c9db4e1b4,8,"[0, 0, 0, 0, 1, 0, 0, 1]",1,0,0,,0.375,8
1826,9a007bf0-8861-11f1-a935-b48c9db4e1b4,8,"[0, 0, 0, 0, 1, 0, 0, 1]",2,0,0,,0.375,8
1827,9a007bf0-8861-11f1-a935-b48c9db4e1b4,8,"[0, 0, 0, 0, 1, 0, 0, 1]",3,0,0,,0.375,8
1828,9a007bf0-8861-11f1-a935-b48c9db4e1b4,8,"[0, 0, 0, 0, 1, 0, 0, 1]",4,1,1,,0.375,8
1829,9a007bf0-8861-11f1-a935-b48c9db4e1b4,8,"[0, 0, 0, 0, 1, 0, 0, 1]",5,0,0,,0.375,8
1830,9a007bf0-8861-11f1-a935-b48c9db4e1b4,8,"[0, 0, 0, 0, 1, 0, 0, 1]",6,0,0,,0.375,8
1831,9a007bf0-8861-11f1-a935-b48c9db4e1b4,8,"[0, 0, 0, 0, 1, 0, 0, 1]",7,1,1,,0.375,8
1832,9a007bf0-8861-11f1-a935-b48c9db4e1b4,9,"[0, 1, 0, 0, 1, 0, 0, 0]",0,0,0,,0.375,8
1833,9a007bf0-8861-11f1-a935-b48c9db4e1b4,9,"[0, 1, 0, 0, 1, 0, 0, 0]",1,1,1,,0.375,8
1834,9a007bf0-8861-11f1-a935-b48c9db4e1b4,9,"[0, 1, 0, 0, 1, 0, 0, 0]",2,0,0,,0.375,8
1835,9a007bf0-8861-11f1-a935-b48c9db4e1b4,9,"[0, 1, 0, 0, 1, 0, 0, 0]",3,0,0,,0.375,8
1836,9a007bf0-8861-11f1-a935-b48c9db4e1b4,9,"[0, 1, 0, 0, 1, 0, 0, 0]",4,1,1,,0.375,8
1837,9a007bf0-8861-11f1-a935-b48c9db4e1b4,9,"[0, 1, 0, 0, 1, 0, 0, 0]",5,0,0,,0.375,8
1838,9a007bf0-8861-11f1-a935-b48c9db4e1b4,9,"[0, 1, 0, 0, 1, 0, 0, 0]",6,0,0,,0.375,8
1839,9a007bf0-8861-11f1-a935-b48c9db4e1b4,9,"[0, 1, 0, 0, 1, 0, 0, 0]",7,0,0,,0.375,8
1840,9a007bf0-8861-11f1-a935-b48c9db4e1b4,10,"[0, 0, 0, 0, 1, 0, 0, 0]",0,0,0,,0.375,8
1841,9a007bf0-8861-11f1-a935-b48c9db4e1b4,10,"[0, 0, 0, 0, 1, 0, 0, 0]",1,0,0,,0.375,8
1842,9a007bf0-8861-11f1-a935-b48c9db4e1b4,10,"[0, 0, 0, 0, 1, 0, 0, 0]",2,0,0,,0.375,8
1843,9a007bf0-8861-11f1-a935-b48c9db4e1b4,10,"[0, 0, 0, 0, 1, 0, 0, 0]",3,0,0,,0.375,8
1844,9a007bf0-8861-11f1-a935-b48c9db4e1b4,10,"[0, 0, 0, 0, 1, 0, 0, 0]",4,1,1,,0.375,8
1845,9a007bf0-8861-11f1-a935-b48c9db4e1b4,10,"[0, 0, 0, 0, 1, 0, 0, 0]",5,0,0,,0.375,8
1846,9a007bf0-8861-11f1-a935-b48c9db4e1b4,10,"[0, 0, 0, 0, 1, 0, 0, 0]",6,0,0,,0.375,8
1847,9a007bf0-8861-11f1-a935-b48c9db4e1b4,10,"[0, 0, 0, 0, 1, 0, 0, 0]",7,0,0,,0.375,8
1848,9a007bf0-8861-11f1-a935-b48c9db4e1b4,11,"[0, 0, 1, 1, 0, 1, 0, 0]",0,0,0,,0.375,8
1849,9a007bf0-8861-11f1-a935-b48c9db4e1b4,11,"[0, 0, 1, 1, 0, 1, 0, 0]",1,0,0,,0.375,8
1850,9a007bf0-8861-11f1-a935-b48c9db4e1b4,11,"[0, 0, 1, 1, 0, 1, 0, 0]",2,1,1,,0.375,8
1851,9a007bf0-8861-11f1-a935-b48c9db4e1b4,11,"[0, 0, 1, 1, 0, 1, 0, 0]",3,1,1,,0.375,8
1852,9a007bf0-8861-11f1-a935-b48c9db4e1b4,11,"[0, 0, 1, 1, 0, 1, 0, 0]",4,0,0,,0.375,8
1853,9a007bf0-8861-11f1-a935-b48c9db4e1b4,11,"[0, 0, 1, 1, 0, 1, 0, 0]",5,1,1,,0.375,8
1854,9a007bf0-8861-11f1-a935-b48c9db4e1b4,11,"[0, 0, 1, 1, 0, 1, 0, 0]",6,0,0,,0.375,8
1855,9a007bf0-8861-11f1-a935-b48c9db4e1b4,11,"[0, 0, 1, 1, 0, 1, 0, 0]",7,0,0,,0.375,8
1856,9a007bf0-8861-11f1-a935-b48c9db4e1b4,12,"[0, 1, 0, 1, 1, 1, 1, 0]",0,0,0,,0.375,8
1857,9a007bf0-8861-11f1-a935-b48c9db4e1b4,12,"[0, 1, 0, 1, 1, 1, 1, 0]",1,1,-1,,0.375,8
1858,9a007bf0-8861-11f1-a935-b48c9db4e1b4,12,"[0, 1, 0, 1, 1, 1, 1, 0]",2,0,0,,0.375,8
1859,9a007bf0-8861-11f1-a935-b48c9db4e1b4,12,"[0, 1, 0, 1, 1, 1, 1, 0]",3,1,-1,,0.375,8
1860,9a007bf0-8861-11f1-a935-b48c9db4e1b4,12,"[0, 1, 0, 1, 1, 1, 1, 0]",4,1,-1,,0.375,8
1861,9a007bf0-8861-11f1-a935-b48c9db4e1b4,12,"[0, 1, 0, 1, 1, 1, 1, 0]",5,1,-1,,0.375,8
1862,9a007bf0-8861-11f1-a935-b48c9db4e1b4,12,"[0, 1, 0, 1, 1, 1, 1, 0]",6,1,-1,,0.375,8
1863,9a007bf0-8861-11f1-a935-b48c9db4e1b4,12,"[0, 1, 0, 1, 1, 1, 1, 0]",7,0,0,,0.375,8
1864,9a007bf0-8861-11f1-a935-b48c9db4e1b4,13,"[1, 0, 0, 1, 0, 1, 1, 0]",0,1,-1,,0.375,8
1865,9a007bf0-8861-11f1-a935-b48c9db4e1b4,13,"[1, 0, 0, 1, 0, 1, 1, 0]",1,0,0,,0.375,8
1866,9a007bf0-8861-11f1-a935-b48c9db4e1b4,13,"[1, 0, 0, 1, 0, 1, 1, 0]",2,0,0,,0.375,8
1867,9a007bf0-8861-11f1-a935-b48c9db4e1b4,13,"[1, 0, 0, 1, 0, 1, 1, 0]",3,1,-1,,0.375,8
1868,9a007bf0-8861-11f1-a935-b48c9db4e1b4,13,"[1, 0, 0, 1, 0, 1, 1, 0]",4,0,0,,0.375,8
1869,9a007bf0-8861-11f1-a935-b48c9db4e1b4,13,"[1, 0, 0, 1, 0, 1, 1, 0]",5,1,-1,,0.375,8
1870,9a007bf0-8861-11f1-a935-b48c9db4e1b4,13,"[1, 0, 0, 1, 0, 1, 1, 0]",6,1,-1,,0.375,8
1871,9a007bf0-8861-11f1-a935-b48c9db4e1b4,13,"[1, 0, 0, 1, 0, 1, 1, 0]",7,0,0,,0.375,8
1872,9a007bf0-8861-11f1-a935-b48c9db4e1b4,14,"[1, 1, 1, 1, 0, 1, 1, 0]",0,1,-1,,0.375,8
1873,9a007bf0-8861-11f1-a935-b48c9db4e1b4,14,"[1, 1, 1, 1, 0, 1, 1, 0]",1,1,-1,,0.375,8
1874,9a007bf0-8861-11f1-a935-b48c9db4e1b4,14,"[1, 1, 1, 1, 0, 1, 1, 0]",2,1,-1,,0.375,8
1875,9a007bf0-8861-11f1-a935-b48c9db4e1b4,14,"[1, 1, 1, 1, 0, 1, 1, 0]",3,1,-1,,0.375,8
1876,9a007bf0-8861-11f1-a935-b48c9db4e1b4,14,"[1, 1, 1, 1, 0, 1, 1, 0]",4,0,0,,0.375,8
1877,9a007bf0-8861-11f1-a935-b48c9db4e1b4,14,"[1, 1, 1, 1, 0, 1, 1, 0]",5,1,-1,,0.375,8
1878,9a007bf0-8861-11f1-a935-b48c9db4e1b4,14,"[1, 1, 1, 1, 0, 1, 1, 0]",6,1,-1,,0.375,8
1879,9a007bf0-8861-11f1-a935-b48c9db4e1b4,14,"[1, 1, 1, 1, 0, 1, 1, 0]",7,0,0,,0.375,8
1880,9a007bf0-8861-11f1-a935-b48c9db4e1b4,15,"[1, 1, 0, 0, 1, 1, 1, 1]",0,1,-1,,0.375,8
1881,9a007bf0-8861-11f1-a935-b48c9db4e1b4,15,"[1, 1, 0, 0, 1, 1, 1, 1]",1,1,-1,,0.375,8
1882,9a007bf0-8861-11f1-a935-b48c9db4e1b4,15,"[1, 1, 0, 0, 1, 1, 1, 1]",2,0,0,,0.375,8
1883,9a007bf0-8861-11f1-a935-b48c9db4e1b4,15,"[1, 1, 0, 0, 1, 1, 1, 1]",3,0,0,,0.375,8
1884,9a007bf0-8861-11f1-a935-b48c9db4e1b4,15,"[1, 1, 0, 0, 1, 1, 1, 1]",4,1,-1,,0.375,8
1885,9a007bf0-8861-11f1-a935-b48c9db4e1b4,15,"[1, 1, 0, 0, 1, 1, 1, 1]",5,1,-1,,0.375,8
1886,9a007bf0-8861-11f1-a935-b48c9db4e1b4,15,"[1, 1, 0, 0, 1, 1, 1, 1]",6,1,-1,,0.375,8
1887,9a007bf0-8861-11f1-a935-b48c9db4e1b4,15,"[1, 1, 0, 0, 1, 1, 1, 1]",7,1,-1,,0.375,8
1888,9a007bf0-8861-11f1-a935-b48c9db4e1b4,16,"[0, 1, 1, 0, 1, 1, 0, 1]",0,0,0,,0.375,8
1889,9a007bf0-8861-11f1-a935-b48c9db4e1b4,16,"[0, 1, 1, 0, 1, 1, 0, 1]",1,1,-1,,0.375,8
1890,9a007bf0-8861-11f1-a935-b48c9db4e1b4,16,"[0, 1, 1, 0, 1, 1, 0, 1]",2,1,-1,,0.375,8
1891,9a007bf0-8861-11f1-a935-b48c9db4e1b4,16,"[0, 1, 1, 0, 1, 1, 0, 1]",3,0,0,,0.375,8
1892,9a007bf0-8861-11f1-a935-b48c9db4e1b4,16,"[0, 1, 1, 0, 1, 1, 0, 1]",4,1,-1,,0.375,8
1893,9a007bf0-8861-11f1-a935-b48c9db4e1b4,16,"[0, 1, 1, 0, 1, 1, 0, 1]",5,1,-1,,0.375,8
1894,9a007bf0-8861-11f1-a935-b48c9db4e1b4,16,"[0, 1, 1, 0, 1, 1, 0, 1]",6,0,0,,0.375,8
1895,9a007bf0-8861-11f1-a935-b48c9db4e1b4,16,"[0, 1, 1, 0, 1, 1, 0, 1]",7,1,-1,,0.375,8
1896,9a007bf0-8861-11f1-a935-b48c9db4e1b4,17,"[1, 1, 0, 1, 1, 1, 0, 1]",0,1,-1,,0.375,8
1897,9a007bf0-8861-11f1-a935-b48c9db4e1b4,17,"[1, 1, 0, 1, 1, 1, 0, 1]",1,1,-1,,0.375,8
1898,9a007bf0-8861-11f1-a935-b48c9db4e1b4,17,"[1, 1, 0, 1, 1, 1, 0, 1]",2,0,0,,0.375,8
1899,9a007bf0-8861-11f1-a935-b48c9db4e1b4,17,"[1, 1, 0, 1, 1, 1, 0, 1]",3,1,-1,,0.375,8
1900,9a007bf0-8861-11f1-a935-b48c9db4e1b4,17,"[1, 1, 0, 1, 1, 1, 0, 1]",4,1,-1,,0.375,8
1901,9a007bf0-8861-11f1-a935-b48c9db4e1b4,17,"[1, 1, 0, 1, 1, 1, 0, 1]",5,1,-1,,0.375,8
1902,9a007bf0-8861-11f1-a935-b48c9db4e1b4,17,"[1, 1, 0, 1, 1, 1, 0, 1]",6,0,0,,0.375,8
1903,9a007bf0-8861-11f1-a935-b48c9db4e1b4,17,"[1, 1, 0, 1, 1, 1, 0, 1]",7,1,-1,,0.375,8
1904,9a007bf0-8861-11f1-a935-b48c9db4e1b4,18,"[1, 1, 1, 0, 1, 0, 1, 0]",0,1,-1,,0.375,8
1905,9a007bf0-8861-11f1-a935-b48c9db4e1b4,18,"[1, 1, 1, 0, 1, 0, 1, 0]",1,1,-1,,0.375,8
1906,9a007bf0-8861-11f1-a935-b48c9db4e1b4,18,"[1, 1, 1, 0, 1, 0, 1, 0]",2,1,-1,,0.375,8
1907,9a007bf0-8861-11f1-a935-b48c9db4e1b4,18,"[1, 1, 1, 0, 1, 0, 1, 0]",3,0,0,,0.375,8
1908,9a007bf0-8861-11f1-a935-b48c9db4e1b4,18,"[1, 1, 1, 0, 1, 0, 1, 0]",4,1,-1,,0.375,8
1909,9a007bf0-8861-11f1-a935-b48c9db4e1b4,18,"[1, 1, 1, 0, 1, 0, 1, 0]",5,0,0,,0.375,8
1910,9a007bf0-8861-11f1-a935-b48c9db4e1b4,18,"[1, 1, 1, 0, 1, 0, 1, 0]",6,1,-1,,0.375,8
1911,9a007bf0-8861-11f1-a935-b48c9db4e1b4,18,"[1, 1, 1, 0, 1, 0, 1, 0]",7,0,0,,0.375,8
1912,9a007bf0-8861-11f1-a935-b48c9db4e1b4,19,"[0, 0, 0, 0, 0, 0, 0, 0]",0,0,0,,0.375,8
1913,9a007bf0-8861-11f1-a935-b48c9db4e1b4,19,"[0, 0, 0, 0, 0, 0, 0, 0]",1,0,0,,0.375,8
1914,9a007bf0-8861-11f1-a935-b48c9db4e1b4,19,"[0, 0, 0, 0, 0, 0, 0, 0]",2,0,0,,0.375,8
1915,9a007bf0-8861-11f1-a935-b48c9db4e1b4,19,"[0, 0, 0, 0, 0, 0, 0, 0]",3,0,0,,0.375,8
1916,9a007bf0-8861-11f1-a935-b48c9db4e1b4,19,"[0, 0, 0, 0, 0, 0, 0, 0]",4,0,0,,0.375,8
1917,9a007bf0-8861-11f1-a935-b48c9db4e1b4,19,"[0, 0, 0, 0, 0, 0, 0, 0]",5,0,0,,0.375,8
1918,9a007bf0-8861-11f1-a935-b48c9db4e1b4,19,"[0, 0, 0, 0, 0, 0, 0, 0]",6,0,0,,0.375,8
1919,9a007bf0-8861-11f1-a935-b48c9db4e1b4,19,"[0, 0, 0, 0, 0, 0, 0, 0]",7,0,0,,0.375,8
1920,9a03b070-8861-11f1-a319-b48c9db4e1b4,0,"[1, 0, 1, 1, 0, 1, 0, 0]",0,1,-1,,0.375,8
1921,9a03b070-8861-11f1-a319-b48c9db4e1b4,0,"[1, 0, 1, 1, 0, 1, 0, 0]",1,0,0,,0.375,8
1922,9a03b070-8861-11f1-a319-b48c9db4e1b4,0,"[1, 0, 1, 1, 0, 1, 0, 0]",2,1,-1,,0.375,8
1923,9a03b070-8861-11f1-a319-b48c9db4e1b4,0,"[1, 0, 1, 1, 0, 1, 0, 0]",3,1,-1,,0.375,8
1924,9a03b070-8861-11f1-a319-b48c9db4e1b4,0,"[1, 0, 1, 1, 0, 1, 0, 0]",4,0,0,,0.375,8
1925,9a03b070-8861-11f1-a319-b48c9db4e1b4,0,"[1, 0, 1, 1, 0, 1, 0, 0]",5,1,-1,,0.375,8
1926,9a03b070-8861-11f1-a319-b48c9db4e1b4,0,"[1, 0, 1, 1, 0, 1, 0, 0]",6,0,0,,0.375,8
1927,9a03b070-8861-11f1-a319-b48c9db4e1b4,0,"[1, 0, 1, 1, 0, 1, 0, 0]",7,0,0,,0.375,8
1928,9a03b070-8861-11f1-a319-b48c9db4e1b4,1,"[0, 1, 0, 0, 1, 1, 1, 0]",0,0,0,,0.375,8
1929,9a03b070-8861-11f1-a319-b48c9db4e1b4,1,"[0, 1, 0, 0, 1, 1, 1, 0]",1,1,-1,,0.375,8
1930,9a03b070-8861-11f1-a319-b48c9db4e1b4,1,"[0, 1, 0, 0, 1, 1, 1, 0]",2,0,0,,0.375,8
1931,9a03b070-8861-11f1-a319-b48c9db4e1b4,1,"[0, 1, 0, 0, 1, 1, 1, 0]",3,0,0,,0.375,8
1932,9a03b070-8861-11f1-a319-b48c9db4e1b4,1,"[0, 1, 0, 0, 1, 1, 1, 0]",4,1,-1,,0.375,8
1933,9a03b070-8861-11f1-a319-b48c9db4e1b4,1,"[0, 1, 0, 0, 1, 1, 1, 0]",5,1,-1,,0.375,8
1934,9a03b070-8861-11f1-a319-b48c9db4e1b4,1,"[0, 1, 0, 0, 1, 1, 1, 0]",6,1,-1,,0.375,8
1935,9a03b070-8861-11f1-a319-b48c9db4e1b4,1,"[0, 1, 0, 0, 1, 1, 1, 0]",7,0,0,,0.375,8
1936,9a03b070-8861-11f1-a319-b48c9db4e1b4,2,"[1, 1, 0, 0, 0, 0, 1, 1]",0,1,-1,,0.375,8
1937,9a03b070-8861-11f1-a319-b48c9db4e1b4,2,"[1, 1, 0, 0, 0, 0, 1, 1]",1,1,-1,,0.375,8
1938,9a03b070-8861-11f1-a319-b48c9db4e1b4,2,"[1, 1, 0, 0, 0, 0, 1, 1]",2,0,0,,0.375,8
1939,9a03b070-8861-11f1-a319-b48c9db4e1b4,2,"[1, 1, 0, 0, 0, 0, 1, 1]",3,0,0,,0.375,8
1940,9a03b070-8861-11f1-a319-b48c9db4e1b4,2,"[1, 1, 0, 0, 0, 0, 1, 1]",4,0,0,,0.375,8
1941,9a03b070-8861-11f1-a319-b48c9db4e1b4,2,"[1, 1, 0, 0, 0, 0, 1, 1]",5,0,0,,0.375,8
1942,9a03b070-8861-11f1-a319-b48c9db4e1b4,2,"[1, 1, 0, 0, 0, 0, 1, 1]",6,1,-1,,0.375,8
1943,9a03b070-8861-11f1-a319-b48c9db4e1b4,2,"[1, 1, 0, 0, 0, 0, 1, 1]",7,1,-1,,0.375,8
1944,9a03b070-8861-11f1-a319-b48c9db4e1b4,3,"[0, 0, 0, 0, 1, 1, 0, 0]",0,0,0,,0.375,8
1945,9a03b070-8861-11f1-a319-b48c9db4e1b4,3,"[0, 0, 0, 0, 1, 1, 0, 0]",1,0,0,,0.375,8
1946,9a03b070-8861-11f1-a319-b48c9db4e1b4,3,"[0, 0, 0, 0, 1, 1, 0, 0]",2,0,0,,0.375,8
1947,9a03b070-8861-11f1-a319-b48c9db4e1b4,3,"[0, 0, 0, 0, 1, 1, 0, 0]",3,0,0,,0.375,8
1948,9a03b070-8861-11f1-a319-b48c9db4e1b4,3,"[0, 0, 0, 0, 1, 1, 0, 0]",4,1,1,,0.375,8
1949,9a03b070-8861-11f1-a319-b48c9db4e1b4,3,"[0, 0, 0, 0, 1, 1, 0, 0]",5,1,1,,0.375,8
1950,9a03b070-8861-11f1-a319-b48c9db4e1b4,3,"[0, 0, 0, 0, 1, 1, 0, 0]",6,0,0,,0.375,8
1951,9a03b070-8861-11f1-a319-b48c9db4e1b4,3,"[0, 0, 0, 0, 1, 1, 0, 0]",7,0,0,,0.375,8
1952,9a03b070-8861-11f1-a319-b48c9db4e1b4,4,"[1, 1, 0, 0, 0, 1, 1, 1]",0,1,-1,,0.375,8
1953,9a03b070-8861-11f1-a319-b48c9db4e1b4,4,"[1, 1, 0, 0, 0, 1, 1, 1]",1,1,-1,,0.375,8
1954,9a03b070-8861-11f1-a319-b48c9db4e1b4,4,"[1, 1, 0, 0, 0, 1, 1, 1]",2,0,0,,0.375,8
1955,9a03b070-8861-11f1-a319-b48c9db4e1b4,4,"[1, 1, 0, 0, 0, 1, 1, 1]",3,0,0,,0.375,8
1956,9a03b070-8861-11f1-a319-b48c9db4e1b4,4,"[1, 1, 0, 0, 0, 1, 1, 1]",4,0,0,,0.375,8
1957,9a03b070-8861-11f1-a319-b48c9db4e1b4,4,"[1, 1, 0, 0, 0, 1, 1, 1]",5,1,-1,,0.375,8
1958,9a03b070-8861-11f1-a319-b48c9db4e1b4,4,"[1, 1, 0, 0, 0, 1, 1, 1]",6,1,-1,,0.375,8
1959,9a03b070-8861-11f1-a319-b48c9db4e1b4,4,"[1, 1, 0, 0, 0, 1, 1, 1]",7,1,-1,,0.375,8
1960,9a03b070-8861-11f1-a319-b48c9db4e1b4,5,"[1, 1, 1, 0, 0, 0, 0, 1]",0,1,-1,,0.375,8
1961,9a03b070-8861-11f1-a319-b48c9db4e1b4,5,"[1, 1, 1, 0, 0, 0, 0, 1]",1,1,-1,,0.375,8
1962,9a03b070-8861-11f1-a319-b48c9db4e1b4,5,"[1, 1, 1, 0, 0, 0, 0, 1]",2,1,-1,,0.375,8
1963,9a03b070-8861-11f1-a319-b48c9db4e1b4,5,"[1, 1, 1, 0, 0, 0, 0, 1]",3,0,0,,0.375,8
1964,9a03b070-8861-11f1-a319-b48c9db4e1b4,5,"[1, 1, 1, 0, 0, 0, 0, 1]",4,0,0,,0.375,8
1965,9a03b070-8861-11f1-a319-b48c9db4e1b4,5,"[1, 1, 1, 0, 0, 0, 0, 1]",5,0,0,,0.375,8
1966,9a03b070-8861-11f1-a319-b48c9db4e1b4,5,"[1, 1, 1, 0, 0, 0, 0, 1]",6,0,0,,0.375,8
1967,9a03b070-8861-11f1-a319-b48c9db4e1b4,5,"[1, 1, 1, 0, 0, 0, 0, 1]",7,1,-1,,0.375,8
1968,9a03b070-8861-11f1-a319-b48c9db4e1b4,6,"[0, 0, 1, 1, 1, 1, 1, 1]",0,0,0,,0.375,8
1969,9a03b070-8861-11f1-a319-b48c9db4e1b4,6,"[0, 0, 1, 1, 1, 1, 1, 1]",1,0,0,,0.375,8
1970,9a03b070-8861-11f1-a319-b48c9db4e1b4,6,"[0, 0, 1, 1, 1, 1, 1, 1]",2,1,-1,,0.375,8
1971,9a03b070-8861-11f1-a319-b48c9db4e1b4,6,"[0, 0, 1, 1, 1, 1, 1, 1]",3,1,-1,,0.375,8
1972,9a03b070-8861-11f1-a319-b48c9db4e1b4,6,"[0, 0, 1, 1, 1, 1, 1, 1]",4,1,-1,,0.375,8
1973,9a03b070-8861-11f1-a319-b48c9db4e1b4,6,"[0, 0, 1, 1, 1, 1, 1, 1]",5,1,-1,,0.375,8
1974,9a03b070-8861-11f1-a319-b48c9db4e1b4,6,"[0, 0, 1, 1, 1, 1, 1, 1]",6,1,-1,,0.375,8
1975,9a03b070-8861-11f1-a319-b48c9db4e1b4,6,"[0, 0, 1, 1, 1, 1, 1, 1]",7,1,-1,,0.375,8
1976,9a03b070-8861-11f1-a319-b48c9db4e1b4,7,"[0, 0, 0, 0, 0, 0, 0, 0]",0,0,0,,0.375,8
1977,9a03b070-8861-11f1-a319-b48c9db4e1b4,7,"[0, 0, 0, 0, 0, 0, 0, 0]",1,0,0,,0.375,8
1978,9a03b070-8861-11f1-a319-b48c9db4e1b4,7,"[0, 0, 0, 0, 0, 0, 0, 0]",2,0,0,,0.375,8
1979,9a03b070-8861-11f1-a319-b48c9db4e1b4,7,"[0, 0, 0, 0, 0, 0, 0, 0]",3,0,0,,0.375,8
1980,9a03b070-8861-11f1-a319-b48c9db4e1b4,7,"[0, 0, 0, 0, 0, 0, 0, 0]",4,0,0,,0.375,8
1981,9a03b070-8861-11f1-a319-b48c9db4e1b4,7,"[0, 0, 0, 0, 0, 0, 0, 0]",5,0,0,,0.375,8
1982,9a03b070-8861-11f1-a319-b48c9db4e1b4,7,"[0, 0, 0, 0, 0, 0, 0, 0]",6,0,0,,0.375,8
1983,9a03b070-8861-11f1-a319-b48c9db4e1b4,7,"[0, 0, 0, 0, 0, 0, 0, 0]",7,0,0,,0.375,8
1984,9a03b070-8861-11f1-a319-b48c9db4e1b4,8,"[0, 1, 0, 0, 1, 1, 1, 1]",0,0,0,,0.375,8
1985,9a03b070-8861-11f1-a319-b48c9db4e1b4,8,"[0, 1, 0, 0, 1, 1, 1, 1]",1,1,-1,,0.375,8
1986,9a03b070-8861-11f1-a319-b48c9db4e1b4,8,"[0, 1, 0, 0, 1, 1, 1, 1]",2,0,0,,0.375,8
1987,9a03b070-8861-11f1-a319-b48c9db4e1b4,8,"[0, 1, 0, 0, 1, 1, 1, 1]",3,0,0,,0.375,8
1988,9a03b070-8861-11f1-a319-b48c9db4e1b4,8,"[0, 1, 0, 0, 1, 1, 1, 1]",4,1,-1,,0.375,8
1989,9a03b070-8861-11f1-a319-b48c9db4e1b4,8,"[0, 1, 0, 0, 1, 1, 1, 1]",5,1,-1,,0.375,8
1990,9a03b070-8861-11f1-a319-b48c9db4e1b4,8,"[0, 1, 0, 0, 1, 1, 1, 1]",6,1,-1,,0.375,8
1991,9a03b070-8861-11f1-a319-b48c9db4e1b4,8,"[0, 1, 0, 0, 1, 1, 1, 1]",7,1,-1,,0.375,8
1992,9a03b070-8861-11f1-a319-b48c9db4e1b4,9,"[0, 1, 1, 0, 1, 1, 1, 1]",0,0,0,,0.375,8
1993,9a03b070-8861-11f1-a319-b48c9db4e1b4,9,"[0, 1, 1, 0, 1, 1, 1, 1]",1,1,-1,,0.375,8
1994,9a03b070-8861-11f1-a319-b48c9db4e1b4,9,"[0, 1, 1, 0, 1, 1, 1, 1]",2,1,-1,,0.375,8
1995,9a03b070-8861-11f1-a319-b48c9db4e1b4,9,"[0, 1, 1, 0, 1, 1, 1, 1]",3,0,0,,0.375,8
1996,9a03b070-8861-11f1-a319-b48c9db4e1b4,9,"[0, 1, 1, 0, 1, 1, 1, 1]",4,1,-1,,0.375,8
1997,9a03b070-8861-11f1-a319-b48c9db4e1b4,9,"[0, 1, 1, 0, 1, 1, 1, 1]",5,1,-1,,0.375,8
1998,9a03b070-8861-11f1-a319-b48c9db4e1b4,9,"[0, 1, 1, 0, 1, 1, 1, 1]",6,1,-1,,0.375,8
1999,9a03b070-8861-11f1-a319-b48c9db4e1b4,9,"[0, 1, 1, 0, 1, 1, 1, 1]",7,1,-1,,0.375,8
2000,9a03b070-8861-11f1-a319-b48c9db4e1b4,10,"[1, 0, 0, 0, 0, 1, 0, 1]",0,1,1,,0.375,8
2001,9a03b070-8861-11f1-a319-b48c9db4e1b4,10,"[1, 0, 0, 0, 0, 1, 0, 1]",1,0,0,,0.375,8
2002,9a03b070-8861-11f1-a319-b48c9db4e1b4,10,"[1, 0, 0, 0, 0, 1, 0, 1]",2,0,0,,0.375,8
2003,9a03b070-8861-11f1-a319-b48c9db4e1b4,10,"[1, 0, 0, 0, 0, 1, 0, 1]",3,0,0,,0.375,8
2004,9a03b070-8861-11f1-a319-b48c9db4e1b4,10,"[1, 0, 0, 0, 0, 1, 0, 1]",4,0,0,,0.375,8
2005,9a03b070-8861-11f1-a319-b48c9db4e1b4,10,"[1, 0, 0, 0, 0, 1, 0, 1]",5,1,1,,0.375,8
2006,9a03b070-8861-11f1-a319-b48c9db4e1b4,10,"[1, 0, 0, 0, 0, 1, 0, 1]",6,0,0,,0.375,8
2007,9a03b070-8861-11f1-a319-b48c9db4e1b4,10,"[1, 0, 0, 0, 0, 1, 0, 1]",7,1,1,,0.375,8
2008,9a03b070-8861-11f1-a319-b48c9db4e1b4,11,"[1, 0, 1, 1, 1, 0, 1, 1]",0,1,-1,,0.375,8
2009,9a03b070-8861-11f1-a319-b48c9db4e1b4,11,"[1, 0, 1, 1, 1, 0, 1, 1]",1,0,0,,0.375,8
2010,9a03b070-8861-11f1-a319-b48c9db4e1b4,11,"[1, 0, 1, 1, 1, 0, 1, 1]",2,1,-1,,0.375,8
2011,9a03b070-8861-11f1-a319-b48c9db4e1b4,11,"[1, 0, 1, 1, 1, 0, 1, 1]",3,1,-1,,0.375,8
2012,9a03b070-8861-11f1-a319-b48c9db4e1b4,11,"[1, 0, 1, 1, 1, 0, 1, 1]",4,1,-1,,0.375,8
2013,9a03b070-8861-11f1-a319-b48c9db4e1b4,11,"[1, 0, 1, 1, 1, 0, 1, 1]",5,0,0,,0.375,8
2014,9a03b070-8861-11f1-a319-b48c9db4e1b4,11,"[1, 0, 1, 1, 1, 0, 1, 1]",6,1,-1,,0.375,8
2015,9a03b070-8861-11f1-a319-b48c9db4e1b4,11,"[1, 0, 1, 1, 1, 0, 1, 1]",7,1,-1,,0.375,8
2016,9a03b070-8861-11f1-a319-b48c9db4e1b4,12,"[1, 0, 1, 1, 1, 1, 1, 0]",0,1,-1,,0.375,8
2017,9a03b070-8861-11f1-a319-b48c9db4e1b4,12,"[1, 0, 1, 1, 1, 1, 1, 0]",1,0,0,,0.375,8
2018,9a03b070-8861-11f1-a319-b48c9db4e1b4,12,"[1, 0, 1, 1, 1, 1, 1, 0]",2,1,-1,,0.375,8
2019,9a03b070-8861-11f1-a319-b48c9db4e1b4,12,"[1, 0, 1, 1, 1, 1, 1, 0]",3,1,-1,,0.375,8
2020,9a03b070-8861-11f1-a319-b48c9db4e1b4,12,"[1, 0, 1, 1, 1, 1, 1, 0]",4,1,-1,,0.375,8
2021,9a03b070-8861-11f1-a319-b48c9db4e1b4,12,"[1, 0, 1, 1, 1, 1, 1, 0]",5,1,-1,,0.375,8
2022,9a03b070-8861-11f1-a319-b48c9db4e1b4,12,"[1, 0, 1, 1, 1, 1, 1, 0]",6,1,-1,,0.375,8
2023,9a03b070-8861-11f1-a319-b48c9db4e1b4,12,"[1, 0, 1, 1, 1, 1, 1, 0]",7,0,0,,0.375,8
2024,9a03b070-8861-11f1-a319-b48c9db4e1b4,13,"[0, 0, 0, 1, 0, 1, 1, 0]",0,0,0,,0.375,8
2025,9a03b070-8861-11f1-a319-b48c9db4e1b4,13,"[0, 0, 0, 1, 0, 1, 1, 0]",1,0,0,,0.375,8
2026,9a03b070-8861-11f1-a319-b48c9db4e1b4,13,"[0, 0, 0, 1, 0, 1, 1, 0]",2,0,0,,0.375,8
2027,9a03b070-8861-11f1-a319-b48c9db4e1b4,13,"[0, 0, 0, 1, 0, 1, 1, 0]",3,1,1,,0.375,8
2028,9a03b070-8861-11f1-a319-b48c9db4e1b4,13,"[0, 0, 0, 1, 0, 1, 1, 0]",4,0,0,,0.375,8
2029,9a03b070-8861-11f1-a319-b48c9db4e1b4,13,"[0, 0, 0, 1, 0, 1, 1, 0]",5,1,1,,0.375,8
2030,9a03b070-8861-11f1-a319-b48c9db4e1b4,13,"[0, 0, 0, 1, 0, 1, 1, 0]",6,1,1,,0.375,8
2031,9a03b070-8861-11f1-a319-b48c9db4e1b4,13,"[0, 0, 0, 1, 0, 1, 1, 0]",7,0,0,,0.375,8
2032,9a03b070-8861-11f1-a319-b48c9db4e1b4,14,"[0, 0, 0, 1, 0, 0, 0, 0]",0,0,0,,0.375,8
2033,9a03b070-8861-11f1-a319-b48c9db4e1b4,14,"[0, 0, 0, 1, 0, 0, 0, 0]",1,0,0,,0.375,8
2034,9a03b070-8861-11f1-a319-b48c9db4e1b4,14,"[0, 0, 0, 1, 0, 0, 0, 0]",2,0,0,,0.375,8
2035,9a03b070-8861-11f1-a319-b48c9db4e1b4,14,"[0, 0, 0, 1, 0, 0, 0, 0]",3,1,1,,0.375,8
2036,9a03b070-8861-11f1-a319-b48c9db4e1b4,14,"[0, 0, 0, 1, 0, 0, 0, 0]",4,0,0,,0.375,8
2037,9a03b070-8861-11f1-a319-b48c9db4e1b4,14,"[0, 0, 0, 1, 0, 0, 0, 0]",5,0,0,,0.375,8
2038,9a03b070-8861-11f1-a319-b48c9db4e1b4,14,"[0, 0, 0, 1, 0, 0, 0, 0]",6,0,0,,0.375,8
2039,9a03b070-8861-11f1-a319-b48c9db4e1b4,14,"[0, 0, 0, 1, 0, 0, 0, 0]",7,0,0,,0.375,8
2040,9a03b070-8861-11f1-a319-b48c9db4e1b4,15,"[0, 0, 0, 0, 0, 0, 0, 0]",0,0,0,,0.375,8
2041,9a03b070-8861-11f1-a319-b48c9db4e1b4,15,"[0, 0, 0, 0, 0, 0, 0, 0]",1,0,0,,0.375,8
2042,9a03b070-8861-11f1-a319-b48c9db4e1b4,15,"[0, 0, 0, 0, 0, 0, 0, 0]",2,0,0,,0.375,8
2043,9a03b070-8861-11f1-a319-b48c9db4e1b4,15,"[0, 0, 0, 0, 0, 0, 0, 0]",3,0,0,,0.375,8
2044,9a03b070-8861-11f1-a319-b48c9db4e1b4,15,"[0, 0, 0, 0, 0, 0, 0, 0]",4,0,0,,0.375,8
2045,9a03b070-8861-11f1-a319-b48c9db4e1b4,15,"[0, 0, 0, 0, 0, 0, 0, 0]",5,0,0,,0.375,8
2046,9a03b070-8861-11f1-a319-b48c9db4e1b4,15,"[0, 0, 0, 0, 0, 0, 0, 0]",6,0,0,,0.375,8
2047,9a03b070-8861-11f1-a319-b48c9db4e1b4,15,"[0, 0, 0, 0, 0, 0, 0, 0]",7,0,0,,0.375,8
2048,9a03b070-8861-11f1-a319-b48c9db4e1b4,16,"[0, 1, 1, 0, 0, 0, 0, 1]",0,0,0,,0.375,8
2049,9a03b070-8861-11f1-a319-b48c9db4e1b4,16,"[0, 1, 1, 0, 0, 0, 0, 1]",1,1,1,,0.375,8
2050,9a03b070-8861-11f1-a319-b48c9db4e1b4,16,"[0, 1, 1, 0, 0, 0, 0, 1]",2,1,1,,0.375,8
2051,9a03b070-8861-11f1-a319-b48c9db4e1b4,16,"[0, 1, 1, 0, 0, 0, 0, 1]",3,0,0,,0.375,8
2052,9a03b070-8861-11f1-a319-b48c9db4e1b4,16,"[0, 1, 1, 0, 0, 0, 0, 1]",4,0,0,,0.375,8
2053,9a03b070-8861-11f1-a319-b48c9db4e1b4,16,"[0, 1, 1, 0, 0, 0, 0, 1]",5,0,0,,0.375,8
2054,9a03b070-8861-11f1-a319-b48c9db4e1b4,16,"[0, 1, 1, 0, 0, 0, 0, 1]",6,0,0,,0.375,8
2055,9a03b070-8861-11f1-a319-b48c9db4e1b4,16,"[0, 1, 1, 0, 0, 0, 0, 1]",7,1,1,,0.375,8
2056,9a03b070-8861-11f1-a319-b48c9db4e1b4,17,"[0, 0, 0, 0, 1, 0, 1, 0]",0,0,0,,0.375,8
2057,9a03b070-8861-11f1-a319-b48c9db4e1b4,17,"[0, 0, 0, 0, 1, 0, 1, 0]",1,0,0,,0.375,8
2058,9a03b070-8861-11f1-a319-b48c9db4e1b4,17,"[0, 0, 0, 0, 1, 0, 1, 0]",2,0,0,,0.375,8
2059,9a03b070-8861-11f1-a319-b48c9db4e1b4,17,"[0, 0, 0, 0, 1, 0, 1, 0]",3,0,0,,0.375,8
2060,9a03b070-8861-11f1-a319-b48c9db4e1b4,17,"[0, 0, 0, 0, 1, 0, 1, 0]",4,1,1,,0.375,8
2061,9a03b070-8861-11f1-a319-b48c9db4e1b4,17,"[0, 0, 0, 0, 1, 0, 1, 0]",5,0,0,,0.375,8
2062,9a03b070-8861-11f1-a319-b48c9db4e1b4,17,"[0, 0, 0, 0, 1, 0, 1, 0]",6,1,1,,0.375,8
2063,9a03b070-8861-11f1-a319-b48c9db4e1b4,17,"[0, 0, 0, 0, 1, 0, 1, 0]",7,0,0,,0.375,8
2064,9a03b070-8861-11f1-a319-b48c9db4e1b4,18,"[1, 0, 1, 0, 1, 1, 0, 0]",0,1,-1,,0.375,8
2065,9a03b070-8861-11f1-a319-b48c9db4e1b4,18,"[1, 0, 1, 0, 1, 1, 0, 0]",1,0,0,,0.375,8
2066,9a03b070-8861-11f1-a319-b48c9db4e1b4,18,"[1, 0, 1, 0, 1, 1, 0, 0]",2,1,-1,,0.375,8
2067,9a03b070-8861-11f1-a319-b48c9db4e1b4,18,"[1, 0, 1, 0, 1, 1, 0, 0]",3,0,0,,0.375,8
2068,9a03b070-8861-11f1-a319-b48c9db4e1b4,18,"[1, 0, 1, 0, 1, 1, 0, 0]",4,1,-1,,0.375,8
2069,9a03b070-8861-11f1-a319-b48c9db4e1b4,18,"[1, 0, 1, 0, 1, 1, 0, 0]",5,1,-1,,0.375,8
2070,9a03b070-8861-11f1-a319-b48c9db4e1b4,18,"[1, 0, 1, 0, 1, 1, 0, 0]",6,0,0,,0.375,8
2071,9a03b070-8861-11f1-a319-b48c9db4e1b4,18,"[1, 0, 1, 0, 1, 1, 0, 0]",7,0,0,,0.375,8
2072,9a03b070-8861-11f1-a319-b48c9db4e1b4,19,"[0, 0, 0, 0, 1, 0, 0, 0]",0,0,0,,0.375,8
2073,9a03b070-8861-11f1-a319-b48c9db4e1b4,19,"[0, 0, 0, 0, 1, 0, 0, 0]",1,0,0,,0.375,8
2074,9a03b070-8861-11f1-a319-b48c9db4e1b4,19,"[0, 0, 0, 0, 1, 0, 0, 0]",2,0,0,,0.375,8
2075,9a03b070-8861-11f1-a319-b48c9db4e1b4,19,"[0, 0, 0, 0, 1, 0, 0, 0]",3,0,0,,0.375,8
2076,9a03b070-8861-11f1-a319-b48c9db4e1b4,19,"[0, 0, 0, 0, 1, 0, 0, 0]",4,1,1,,0.375,8
2077,9a03b070-8861-11f1-a319-b48c9db4e1b4,19,"[0, 0, 0, 0, 1, 0, 0, 0]",5,0,0,,0.375,8
2078,9a03b070-8861-11f1-a319-b48c9db4e1b4,19,"[0, 0, 0, 0, 1, 0, 0, 0]",6,0,0,,0.375,8
2079,9a03b070-8861-11f1-a319-b48c9db4e1b4,19,"[0, 0, 0, 0, 1, 0, 0, 0]",7,0,0,,0.375,8
2080,9a06872f-8861-11f1-a88b-b48c9db4e1b4,0,"[1, 1, 1, 1, 1, 1, 0, 0]",0,1,-1,,0.375,8
2081,9a06872f-8861-11f1-a88b-b48c9db4e1b4,0,"[1, 1, 1, 1, 1, 1, 0, 0]",1,1,-1,,0.375,8
2082,9a06872f-8861-11f1-a88b-b48c9db4e1b4,0,"[1, 1, 1, 1, 1, 1, 0, 0]",2,1,-1,,0.375,8
2083,9a06872f-8861-11f1-a88b-b48c9db4e1b4,0,"[1, 1, 1, 1, 1, 1, 0, 0]",3,1,-1,,0.375,8
2084,9a06872f-8861-11f1-a88b-b48c9db4e1b4,0,"[1, 1, 1, 1, 1, 1, 0, 0]",4,1,-1,,0.375,8
2085,9a06872f-8861-11f1-a88b-b48c9db4e1b4,0,"[1, 1, 1, 1, 1, 1, 0, 0]",5,1,-1,,0.375,8
2086,9a06872f-8861-11f1-a88b-b48c9db4e1b4,0,"[1, 1, 1, 1, 1, 1, 0, 0]",6,0,0,,0.375,8
2087,9a06872f-8861-11f1-a88b-b48c9db4e1b4,0,"[1, 1, 1, 1, 1, 1, 0, 0]",7,0,0,,0.375,8
2088,9a06872f-8861-11f1-a88b-b48c9db4e1b4,1,"[1, 1, 0, 1, 1, 0, 1, 1]",0,1,-1,,0.375,8
2089,9a06872f-8861-11f1-a88b-b48c9db4e1b4,1,"[1, 1, 0, 1, 1, 0, 1, 1]",1,1,-1,,0.375,8
2090,9a06872f-8861-11f1-a88b-b48c9db4e1b4,1,"[1, 1, 0, 1, 1, 0, 1, 1]",2,0,0,,0.375,8
2091,9a06872f-8861-11f1-a88b-b48c9db4e1b4,1,"[1, 1, 0, 1, 1, 0, 1, 1]",3,1,-1,,0.375,8
2092,9a06872f-8861-11f1-a88b-b48c9db4e1b4,1,"[1, 1, 0, 1, 1, 0, 1, 1]",4,1,-1,,0.375,8
2093,9a06872f-8861-11f1-a88b-b48c9db4e1b4,1,"[1, 1, 0, 1, 1, 0, 1, 1]",5,0,0,,0.375,8
2094,9a06872f-8861-11f1-a88b-b48c9db4e1b4,1,"[1, 1, 0, 1, 1, 0, 1, 1]",6,1,-1,,0.375,8
2095,9a06872f-8861-11f1-a88b-b48c9db4e1b4,1,"[1, 1, 0, 1, 1, 0, 1, 1]",7,1,-1,,0.375,8
2096,9a06872f-8861-11f1-a88b-b48c9db4e1b4,2,"[1, 1, 1, 0, 1, 0, 0, 1]",0,1,-1,,0.375,8
2097,9a06872f-8861-11f1-a88b-b48c9db4e1b4,2,"[1, 1, 1, 0, 1, 0, 0, 1]",1,1,-1,,0.375,8
2098,9a06872f-8861-11f1-a88b-b48c9db4e1b4,2,"[1, 1, 1, 0, 1, 0, 0, 1]",2,1,-1,,0.375,8
2099,9a06872f-8861-11f1-a88b-b48c9db4e1b4,2,"[1, 1, 1, 0, 1, 0, 0, 1]",3,0,0,,0.375,8
2100,9a06872f-8861-11f1-a88b-b48c9db4e1b4,2,"[1, 1, 1, 0, 1, 0, 0, 1]",4,1,-1,,0.375,8
2101,9a06872f-8861-11f1-a88b-b48c9db4e1b4,2,"[1, 1, 1, 0, 1, 0, 0, 1]",5,0,0,,0.375,8
2102,9a06872f-8861-11f1-a88b-b48c9db4e1b4,2,"[1, 1, 1, 0, 1, 0, 0, 1]",6,0,0,,0.375,8
2103,9a06872f-8861-11f1-a88b-b48c9db4e1b4,2,"[1, 1, 1, 0, 1, 0, 0, 1]",7,1,-1,,0.375,8
2104,9a06872f-8861-11f1-a88b-b48c9db4e1b4,3,"[1, 1, 0, 1, 0, 0, 0, 1]",0,1,-1,,0.375,8
2105,9a06872f-8861-11f1-a88b-b48c9db4e1b4,3,"[1, 1, 0, 1, 0, 0, 0, 1]",1,1,-1,,0.375,8
2106,9a06872f-8861-11f1-a88b-b48c9db4e1b4,3,"[1, 1, 0, 1, 0, 0, 0, 1]",2,0,0,,0.375,8
2107,9a06872f-8861-11f1-a88b-b48c9db4e1b4,3,"[1, 1, 0, 1, 0, 0, 0, 1]",3,1,-1,,0.375,8
2108,9a06872f-8861-11f1-a88b-b48c9db4e1b4,3,"[1, 1, 0, 1, 0, 0, 0, 1]",4,0,0,,0.375,8
2109,9a06872f-8861-11f1-a88b-b48c9db4e1b4,3,"[1, 1, 0, 1, 0, 0, 0, 1]",5,0,0,,0.375,8
2110,9a06872f-8861-11f1-a88b-b48c9db4e1b4,3,"[1, 1, 0, 1, 0, 0, 0, 1]",6,0,0,,0.375,8
2111,9a06872f-8861-11f1-a88b-b48c9db4e1b4,3,"[1, 1, 0, 1, 0, 0, 0, 1]",7,1,-1,,0.375,8
2112,9a06872f-8861-11f1-a88b-b48c9db4e1b4,4,"[0, 1, 1, 1, 1, 0, 0, 0]",0,0,0,,0.375,8
2113,9a06872f-8861-11f1-a88b-b48c9db4e1b4,4,"[0, 1, 1, 1, 1, 0, 0, 0]",1,1,-1,,0.375,8
2114,9a06872f-8861-11f1-a88b-b48c9db4e1b4,4,"[0, 1, 1, 1, 1, 0, 0, 0]",2,1,-1,,0.375,8
2115,9a06872f-8861-11f1-a88b-b48c9db4e1b4,4,"[0, 1, 1, 1, 1, 0, 0, 0]",3,1,-1,,0.375,8
2116,9a06872f-8861-11f1-a88b-b48c9db4e1b4,4,"[0, 1, 1, 1, 1, 0, 0, 0]",4,1,-1,,0.375,8
2117,9a06872f-8861-11f1-a88b-b48c9db4e1b4,4,"[0, 1, 1, 1, 1, 0, 0, 0]",5,0,0,,0.375,8
2118,9a06872f-8861-11f1-a88b-b48c9db4e1b4,4,"[0, 1, 1, 1, 1, 0, 0, 0]",6,0,0,,0.375,8
2119,9a06872f-8861-11f1-a88b-b48c9db4e1b4,4,"[0, 1, 1, 1, 1, 0, 0, 0]",7,0,0,,0.375,8
2120,9a06872f-8861-11f1-a88b-b48c9db4e1b4,5,"[1, 1, 0, 1, 0, 1, 0, 1]",0,1,-1,,0.375,8
2121,9a06872f-8861-11f1-a88b-b48c9db4e1b4,5,"[1, 1, 0, 1, 0, 1, 0, 1]",1,1,-1,,0.375,8
2122,9a06872f-8861-11f1-a88b-b48c9db4e1b4,5,"[1, 1, 0, 1, 0, 1, 0, 1]",2,0,0,,0.375,8
2123,9a06872f-8861-11f1-a88b-b48c9db4e1b4,5,"[1, 1, 0, 1, 0, 1, 0, 1]",3,1,-1,,0.375,8
2124,9a06872f-8861-11f1-a88b-b48c9db4e1b4,5,"[1, 1, 0, 1, 0, 1, 0, 1]",4,0,0,,0.375,8
2125,9a06872f-8861-11f1-a88b-b48c9db4e1b4,5,"[1, 1, 0, 1, 0, 1, 0, 1]",5,1,-1,,0.375,8
2126,9a06872f-8861-11f1-a88b-b48c9db4e1b4,5,"[1, 1, 0, 1, 0, 1, 0, 1]",6,0,0,,0.375,8
2127,9a06872f-8861-11f1-a88b-b48c9db4e1b4,5,"[1, 1, 0, 1, 0, 1, 0, 1]",7,1,-1,,0.375,8
2128,9a06872f-8861-11f1-a88b-b48c9db4e1b4,6,"[1, 0, 0, 0, 1, 1, 0, 0]",0,1,1,,0.375,8
2129,9a06872f-8861-11f1-a88b-b48c9db4e1b4,6,"[1, 0, 0, 0, 1, 1, 0, 0]",1,0,0,,0.375,8
2130,9a06872f-8861-11f1-a88b-b48c9db4e1b4,6,"[1, 0, 0, 0, 1, 1, 0, 0]",2,0,0,,0.375,8
2131,9a06872f-8861-11f1-a88b-b48c9db4e1b4,6,"[1, 0, 0, 0, 1, 1, 0, 0]",3,0,0,,0.375,8
2132,9a06872f-8861-11f1-a88b-b48c9db4e1b4,6,"[1, 0, 0, 0, 1, 1, 0, 0]",4,1,1,,0.375,8
2133,9a06872f-8861-11f1-a88b-b48c9db4e1b4,6,"[1, 0, 0, 0, 1, 1, 0, 0]",5,1,1,,0.375,8
2134,9a06872f-8861-11f1-a88b-b48c9db4e1b4,6,"[1, 0, 0, 0, 1, 1, 0, 0]",6,0,0,,0.375,8
2135,9a06872f-8861-11f1-a88b-b48c9db4e1b4,6,"[1, 0, 0, 0, 1, 1, 0, 0]",7,0,0,,0.375,8
2136,9a06872f-8861-11f1-a88b-b48c9db4e1b4,7,"[0, 1, 0, 1, 0, 1, 0, 1]",0,0,0,,0.375,8
2137,9a06872f-8861-11f1-a88b-b48c9db4e1b4,7,"[0, 1, 0, 1, 0, 1, 0, 1]",1,1,-1,,0.375,8
2138,9a06872f-8861-11f1-a88b-b48c9db4e1b4,7,"[0, 1, 0, 1, 0, 1, 0, 1]",2,0,0,,0.375,8
2139,9a06872f-8861-11f1-a88b-b48c9db4e1b4,7,"[0, 1, 0, 1, 0, 1, 0, 1]",3,1,-1,,0.375,8
2140,9a06872f-8861-11f1-a88b-b48c9db4e1b4,7,"[0, 1, 0, 1, 0, 1, 0, 1]",4,0,0,,0.375,8
2141,9a06872f-8861-11f1-a88b-b48c9db4e1b4,7,"[0, 1, 0, 1, 0, 1, 0, 1]",5,1,-1,,0.375,8
2142,9a06872f-8861-11f1-a88b-b48c9db4e1b4,7,"[0, 1, 0, 1, 0, 1, 0, 1]",6,0,0,,0.375,8
2143,9a06872f-8861-11f1-a88b-b48c9db4e1b4,7,"[0, 1, 0, 1, 0, 1, 0, 1]",7,1,-1,,0.375,8
2144,9a06872f-8861-11f1-a88b-b48c9db4e1b4,8,"[1, 1, 0, 0, 1, 0, 0, 1]",0,1,-1,,0.375,8
2145,9a06872f-8861-11f1-a88b-b48c9db4e1b4,8,"[1, 1, 0, 0, 1, 0, 0, 1]",1,1,-1,,0.375,8
2146,9a06872f-8861-11f1-a88b-b48c9db4e1b4,8,"[1, 1, 0, 0, 1, 0, 0, 1]",2,0,0,,0.375,8
2147,9a06872f-8861-11f1-a88b-b48c9db4e1b4,8,"[1, 1, 0, 0, 1, 0, 0, 1]",3,0,0,,0.375,8
2148,9a06872f-8861-11f1-a88b-b48c9db4e1b4,8,"[1, 1, 0, 0, 1, 0, 0, 1]",4,1,-1,,0.375,8
2149,9a06872f-8861-11f1-a88b-b48c9db4e1b4,8,"[1, 1, 0, 0, 1, 0, 0, 1]",5,0,0,,0.375,8
2150,9a06872f-8861-11f1-a88b-b48c9db4e1b4,8,"[1, 1, 0, 0, 1, 0, 0, 1]",6,0,0,,0.375,8
2151,9a06872f-8861-11f1-a88b-b48c9db4e1b4,8,"[1, 1, 0, 0, 1, 0, 0, 1]",7,1,-1,,0.375,8
2152,9a06872f-8861-11f1-a88b-b48c9db4e1b4,9,"[0, 1, 1, 0, 0, 1, 1, 1]",0,0,0,,0.375,8
2153,9a06872f-8861-11f1-a88b-b48c9db4e1b4,9,"[0, 1, 1, 0, 0, 1, 1, 1]",1,1,-1,,0.375,8
2154,9a06872f-8861-11f1-a88b-b48c9db4e1b4,9,"[0, 1, 1, 0, 0, 1, 1, 1]",2,1,-1,,0.375,8
2155,9a06872f-8861-11f1-a88b-b48c9db4e1b4,9,"[0, 1, 1, 0, 0, 1, 1, 1]",3,0,0,,0.375,8
2156,9a06872f-8861-11f1-a88b-b48c9db4e1b4,9,"[0, 1, 1, 0, 0, 1, 1, 1]",4,0,0,,0.375,8
2157,9a06872f-8861-11f1-a88b-b48c9db4e1b4,9,"[0, 1, 1, 0, 0, 1, 1, 1]",5,1,-1,,0.375,8
2158,9a06872f-8861-11f1-a88b-b48c9db4e1b4,9,"[0, 1, 1, 0, 0, 1, 1, 1]",6,1,-1,,0.375,8
2159,9a06872f-8861-11f1-a88b-b48c9db4e1b4,9,"[0, 1, 1, 0, 0, 1, 1, 1]",7,1,-1,,0.375,8
2160,9a06872f-8861-11f1-a88b-b48c9db4e1b4,10,"[1, 1, 0, 0, 1, 0, 0, 1]",0,1,-1,,0.375,8
2161,9a06872f-8861-11f1-a88b-b48c9db4e1b4,10,"[1, 1, 0, 0, 1, 0, 0, 1]",1,1,-1,,0.375,8
2162,9a06872f-8861-11f1-a88b-b48c9db4e1b4,10,"[1, 1, 0, 0, 1, 0, 0, 1]",2,0,0,,0.375,8
2163,9a06872f-8861-11f1-a88b-b48c9db4e1b4,10,"[1, 1, 0, 0, 1, 0, 0, 1]",3,0,0,,0.375,8
2164,9a06872f-8861-11f1-a88b-b48c9db4e1b4,10,"[1, 1, 0, 0, 1, 0, 0, 1]",4,1,-1,,0.375,8
2165,9a06872f-8861-11f1-a88b-b48c9db4e1b4,10,"[1, 1, 0, 0, 1, 0, 0, 1]",5,0,0,,0.375,8
2166,9a06872f-8861-11f1-a88b-b48c9db4e1b4,10,"[1, 1, 0, 0, 1, 0, 0, 1]",6,0,0,,0.375,8
2167,9a06872f-8861-11f1-a88b-b48c9db4e1b4,10,"[1, 1, 0, 0, 1, 0, 0, 1]",7,1,-1,,0.375,8
2168,9a06872f-8861-11f1-a88b-b48c9db4e1b4,11,"[1, 0, 1, 0, 1, 0, 1, 1]",0,1,-1,,0.375,8
2169,9a06872f-8861-11f1-a88b-b48c9db4e1b4,11,"[1, 0, 1, 0, 1, 0, 1, 1]",1,0,0,,0.375,8
2170,9a06872f-8861-11f1-a88b-b48c9db4e1b4,11,"[1, 0, 1, 0, 1, 0, 1, 1]",2,1,-1,,0.375,8
2171,9a06872f-8861-11f1-a88b-b48c9db4e1b4,11,"[1, 0, 1, 0, 1, 0, 1, 1]",3,0,0,,0.375,8
2172,9a06872f-8861-11f1-a88b-b48c9db4e1b4,11,"[1, 0, 1, 0, 1, 0, 1, 1]",4,1,-1,,0.375,8
2173,9a06872f-8861-11f1-a88b-b48c9db4e1b4,11,"[1, 0, 1, 0, 1, 0, 1, 1]",5,0,0,,0.375,8
2174,9a06872f-8861-11f1-a88b-b48c9db4e1b4,11,"[1, 0, 1, 0, 1, 0, 1, 1]",6,1,-1,,0.375,8
2175,9a06872f-8861-11f1-a88b-b48c9db4e1b4,11,"[1, 0, 1, 0, 1, 0, 1, 1]",7,1,-1,,0.375,8
2176,9a06872f-8861-11f1-a88b-b48c9db4e1b4,12,"[1, 1, 0, 0, 0, 1, 0, 1]",0,1,-1,,0.375,8
2177,9a06872f-8861-11f1-a88b-b48c9db4e1b4,12,"[1, 1, 0, 0, 0, 1, 0, 1]",1,1,-1,,0.375,8
2178,9a06872f-8861-11f1-a88b-b48c9db4e1b4,12,"[1, 1, 0, 0, 0, 1, 0, 1]",2,0,0,,0.375,8
2179,9a06872f-8861-11f1-a88b-b48c9db4e1b4,12,"[1, 1, 0, 0, 0, 1, 0, 1]",3,0,0,,0.375,8
2180,9a06872f-8861-11f1-a88b-b48c9db4e1b4,12,"[1, 1, 0, 0, 0, 1, 0, 1]",4,0,0,,0.375,8
2181,9a06872f-8861-11f1-a88b-b48c9db4e1b4,12,"[1, 1, 0, 0, 0, 1, 0, 1]",5,1,-1,,0.375,8
2182,9a06872f-8861-11f1-a88b-b48c9db4e1b4,12,"[1, 1, 0, 0, 0, 1, 0, 1]",6,0,0,,0.375,8
2183,9a06872f-8861-11f1-a88b-b48c9db4e1b4,12,"[1, 1, 0, 0, 0, 1, 0, 1]",7,1,-1,,0.375,8
2184,9a06872f-8861-11f1-a88b-b48c9db4e1b4,13,"[1, 1, 1, 1, 0, 1, 1, 1]",0,1,-1,,0.375,8
2185,9a06872f-8861-11f1-a88b-b48c9db4e1b4,13,"[1, 1, 1, 1, 0, 1, 1, 1]",1,1,-1,,0.375,8
2186,9a06872f-8861-11f1-a88b-b48c9db4e1b4,13,"[1, 1, 1, 1, 0, 1, 1, 1]",2,1,-1,,0.375,8
2187,9a06872f-8861-11f1-a88b-b48c9db4e1b4,13,"[1, 1, 1, 1, 0, 1, 1, 1]",3,1,-1,,0.375,8
2188,9a06872f-8861-11f1-a88b-b48c9db4e1b4,13,"[1, 1, 1, 1, 0, 1, 1, 1]",4,0,0,,0.375,8
2189,9a06872f-8861-11f1-a88b-b48c9db4e1b4,13,"[1, 1, 1, 1, 0, 1, 1, 1]",5,1,-1,,0.375,8
2190,9a06872f-8861-11f1-a88b-b48c9db4e1b4,13,"[1, 1, 1, 1, 0, 1, 1, 1]",6,1,-1,,0.375,8
2191,9a06872f-8861-11f1-a88b-b48c9db4e1b4,13,"[1, 1, 1, 1, 0, 1, 1, 1]",7,1,-1,,0.375,8
2192,9a06872f-8861-11f1-a88b-b48c9db4e1b4,14,"[0, 0, 0, 1, 0, 1, 0, 1]",0,0,0,,0.375,8
2193,9a06872f-8861-11f1-a88b-b48c9db4e1b4,14,"[0, 0, 0, 1, 0, 1, 0, 1]",1,0,0,,0.375,8
2194,9a06872f-8861-11f1-a88b-b48c9db4e1b4,14,"[0, 0, 0, 1, 0, 1, 0, 1]",2,0,0,,0.375,8
2195,9a06872f-8861-11f1-a88b-b48c9db4e1b4,14,"[0, 0, 0, 1, 0, 1, 0, 1]",3,1,1,,0.375,8
2196,9a06872f-8861-11f1-a88b-b48c9db4e1b4,14,"[0, 0, 0, 1, 0, 1, 0, 1]",4,0,0,,0.375,8
2197,9a06872f-8861-11f1-a88b-b48c9db4e1b4,14,"[0, 0, 0, 1, 0, 1, 0, 1]",5,1,1,,0.375,8
2198,9a06872f-8861-11f1-a88b-b48c9db4e1b4,14,"[0, 0, 0, 1, 0, 1, 0, 1]",6,0,0,,0.375,8
2199,9a06872f-8861-11f1-a88b-b48c9db4e1b4,14,"[0, 0, 0, 1, 0, 1, 0, 1]",7,1,1,,0.375,8
2200,9a06872f-8861-11f1-a88b-b48c9db4e1b4,15,"[1, 0, 0, 1, 0, 1, 0, 0]",0,1,1,,0.375,8
2201,9a06872f-8861-11f1-a88b-b48c9db4e1b4,15,"[1, 0, 0, 1, 0, 1, 0, 0]",1,0,0,,0.375,8
2202,9a06872f-8861-11f1-a88b-b48c9db4e1b4,15,"[1, 0, 0, 1, 0, 1, 0, 0]",2,0,0,,0.375,8
2203,9a06872f-8861-11f1-a88b-b48c9db4e1b4,15,"[1, 0, 0, 1, 0, 1, 0, 0]",3,1,1,,0.375,8
2204,9a06872f-8861-11f1-a88b-b48c9db4e1b4,15,"[1, 0, 0, 1, 0, 1, 0, 0]",4,0,0,,0.375,8
2205,9a06872f-8861-11f1-a88b-b48c9db4e1b4,15,"[1, 0, 0, 1, 0, 1, 0, 0]",5,1,1,,0.375,8
2206,9a06872f-8861-11f1-a88b-b48c9db4e1b4,15,"[1, 0, 0, 1, 0, 1, 0, 0]",6,0,0,,0.375,8
2207,9a06872f-8861-11f1-a88b-b48c9db4e1b4,15,"[1, 0, 0, 1, 0, 1, 0, 0]",7,0,0,,0.375,8
2208,9a06872f-8861-11f1-a88b-b48c9db4e1b4,16,"[1, 1, 1, 1, 1, 0, 0, 1]",0,1,-1,,0.375,8
2209,9a06872f-8861-11f1-a88b-b48c9db4e1b4,16,"[1, 1, 1, 1, 1, 0, 0, 1]",1,1,-1,,0.375,8
2210,9a06872f-8861-11f1-a88b-b48c9db4e1b4,16,"[1, 1, 1, 1, 1, 0, 0, 1]",2,1,-1,,0.375,8
2211,9a06872f-8861-11f1-a88b-b48c9db4e1b4,16,"[1, 1, 1, 1, 1, 0, 0, 1]",3,1,-1,,0.375,8
2212,9a06872f-8861-11f1-a88b-b48c9db4e1b4,16,"[1, 1, 1, 1, 1, 0, 0, 1]",4,1,-1,,0.375,8
2213,9a06872f-8861-11f1-a88b-b48c9db4e1b4,16,"[1, 1, 1, 1, 1, 0, 0, 1]",5,0,0,,0.375,8
2214,9a06872f-8861-11f1-a88b-b48c9db4e1b4,16,"[1, 1, 1, 1, 1, 0, 0, 1]",6,0,0,,0.375,8
2215,9a06872f-8861-11f1-a88b-b48c9db4e1b4,16,"[1, 1, 1, 1, 1, 0, 0, 1]",7,1,-1,,0.375,8
2216,9a06872f-8861-11f1-a88b-b48c9db4e1b4,17,"[0, 1, 0, 0, 0, 1, 1, 0]",0,0,0,,0.375,8
2217,9a06872f-8861-11f1-a88b-b48c9db4e1b4,17,"[0, 1, 0, 0, 0, 1, 1, 0]",1,1,1,,0.375,8
2218,9a06872f-8861-11f1-a88b-b48c9db4e1b4,17,"[0, 1, 0, 0, 0, 1, 1, 0]",2,0,0,,0.375,8
2219,9a06872f-8861-11f1-a88b-b48c9db4e1b4,17,"[0, 1, 0, 0, 0, 1, 1, 0]",3,0,0,,0.375,8
2220,9a06872f-8861-11f1-a88b-b48c9db4e1b4,17,"[0, 1, 0, 0, 0, 1, 1, 0]",4,0,0,,0.375,8
2221,9a06872f-8861-11f1-a88b-b48c9db4e1b4,17,"[0, 1, 0, 0, 0, 1, 1, 0]",5,1,1,,0.375,8
2222,9a06872f-8861-11f1-a88b-b48c9db4e1b4,17,"[0, 1, 0, 0, 0, 1, 1, 0]",6,1,1,,0.375,8
2223,9a06872f-8861-11f1-a88b-b48c9db4e1b4,17,"[0, 1, 0, 0, 0, 1, 1, 0]",7,0,0,,0.375,8
2224,9a06872f-8861-11f1-a88b-b48c9db4e1b4,18,"[1, 1, 1, 1, 0, 0, 1, 0]",0,1,-1,,0.375,8
2225,9a06872f-8861-11f1-a88b-b48c9db4e1b4,18,"[1, 1, 1, 1, 0, 0, 1, 0]",1,1,-1,,0.375,8
2226,9a06872f-8861-11f1-a88b-b48c9db4e1b4,18,"[1, 1, 1, 1, 0, 0, 1, 0]",2,1,-1,,0.375,8
2227,9a06872f-8861-11f1-a88b-b48c9db4e1b4,18,"[1, 1, 1, 1, 0, 0, 1, 0]",3,1,-1,,0.375,8
2228,9a06872f-8861-11f1-a88b-b48c9db4e1b4,18,"[1, 1, 1, 1, 0, 0, 1, 0]",4,0,0,,0.375,8
2229,9a06872f-8861-11f1-a88b-b48c9db4e1b4,18,"[1, 1, 1, 1, 0, 0, 1, 0]",5,0,0,,0.375,8
2230,9a06872f-8861-11f1-a88b-b48c9db4e1b4,18,"[1, 1, 1, 1, 0, 0, 1, 0]",6,1,-1,,0.375,8
2231,9a06872f-8861-11f1-a88b-b48c9db4e1b4,18,"[1, 1, 1, 1, 0, 0, 1, 0]",7,0,0,,0.375,8
2232,9a06872f-8861-11f1-a88b-b48c9db4e1b4,19,"[1, 0, 0, 1, 0, 1, 0, 1]",0,1,-1,,0.375,8
2233,9a06872f-8861-11f1-a88b-b48c9db4e1b4,19,"[1, 0, 0, 1, 0, 1, 0, 1]",1,0,0,,0.375,8
2234,9a06872f-8861-11f1-a88b-b48c9db4e1b4,19,"[1, 0, 0, 1, 0, 1, 0, 1]",2,0,0,,0.375,8
2235,9a06872f-8861-11f1-a88b-b48c9db4e1b4,19,"[1, 0, 0, 1, 0, 1, 0, 1]",3,1,-1,,0.375,8
2236,9a06872f-8861-11f1-a88b-b48c9db4e1b4,19,"[1, 0, 0, 1, 0, 1, 0, 1]",4,0,0,,0.375,8
2237,9a06872f-8861-11f1-a88b-b48c9db4e1b4,19,"[1, 0, 0, 1, 0, 1, 0, 1]",5,1,-1,,0.375,8
2238,9a06872f-8861-11f1-a88b-b48c9db4e1b4,19,"[1, 0, 0, 1, 0, 1, 0, 1]",6,0,0,,0.375,8
2239,9a06872f-8861-11f1-a88b-b48c9db4e1b4,19,"[1, 0, 0, 1, 0, 1, 0, 1]",7,1,-1,,0.375,8
2240,9a095a68-8861-11f1-bd1c-b48c9db4e1b4,0,"[0, 1, 1, 1, 1, 1, 0, 1]",0,0,0,,0.375,8
2241,9a095a68-8861-11f1-bd1c-b48c9db4e1b4,0,"[0, 1, 1, 1, 1, 1, 0, 1]",1,1,-1,,0.375,8
2242,9a095a68-8861-11f1-bd1c-b48c9db4e1b4,0,"[0, 1, 1, 1, 1, 1, 0, 1]",2,1,-1,,0.375,8
2243,9a095a68-8861-11f1-bd1c-b48c9db4e1b4,0,"[0, 1, 1, 1, 1, 1, 0, 1]",3,1,-1,,0.375,8
2244,9a095a68-8861-11f1-bd1c-b48c9db4e1b4,0,"[0, 1, 1, 1, 1, 1, 0, 1]",4,1,-1,,0.375,8
2245,9a095a68-8861-11f1-bd1c-b48c9db4e1b4,0,"[0, 1, 1, 1, 1, 1, 0, 1]",5,1,-1,,0.375,8
2246,9a095a68-8861-11f1-bd1c-b48c9db4e1b4,0,"[0, 1, 1, 1, 1, 1, 0, 1]",6,0,0,,0.375,8
2247,9a095a68-8861-11f1-bd1c-b48c9db4e1b4,0,"[0, 1, 1, 1, 1, 1, 0, 1]",7,1,-1,,0.375,8
2248,9a095a68-8861-11f1-bd1c-b48c9db4e1b4,1,"[0, 0, 1, 1, 0, 0, 0, 0]",0,0,0,,0.375,8
2249,9a095a68-8861-11f1-bd1c-b48c9db4e1b4,1,"[0, 0, 1, 1, 0, 0, 0, 0]",1,0,0,,0.375,8
2250,9a095a68-8861-11f1-bd1c-b48c9db4e1b4,1,"[0, 0, 1, 1, 0, 0, 0, 0]",2,1,1,,0.375,8
2251,9a095a68-8861-11f1-bd1c-b48c9db4e1b4,1,"[0, 0, 1, 1, 0, 0, 0, 0]",3,1,1,,0.375,8
2252,9a095a68-8861-11f1-bd1c-b48c9db4e1b4,1,"[0, 0, 1, 1, 0, 0, 0, 0]",4,0,0,,0.375,8
2253,9a095a68-8861-11f1-bd1c-b48c9db4e1b4,1,"[0, 0, 1, 1, 0, 0, 0, 0]",5,0,0,,0.375,8
2254,9a095a68-8861-11f1-bd1c-b48c9db4e1b4,1,"[0, 0, 1, 1, 0, 0, 0, 0]",6,0,0,,0.375,8
2255,9a095a68-8861-11f1-bd1c-b48c9db4e1b4,1,"[0, 0, 1, 1, 0, 0, 0, 0]",7,0,0,,0.375,8
2256,9a095a68-8861-11f1-bd1c-b48c9db4e1b4,2,"[1, 0, 1, 0, 0, 1, 1, 0]",0,1,-1,,0.375,8
2257,9a095a68-8861-11f1-bd1c-b48c9db4e1b4,2,"[1, 0, 1, 0, 0, 1, 1, 0]",1,0,0,,0.375,8
2258,9a095a68-8861-11f1-bd1c-b48c9db4e1b4,2,"[1, 0, 1, 0, 0, 1, 1, 0]",2,1,-1,,0.375,8
2259,9a095a68-8861-11f1-bd1c-b48c9db4e1b4,2,"[1, 0, 1, 0, 0, 1, 1, 0]",3,0,0,,0.375,8
2260,9a095a68-8861-11f1-bd1c-b48c9db4e1b4,2,"[1, 0, 1, 0, 0, 1, 1, 0]",4,0,0,,0.375,8
2261,9a095a68-8861-11f1-bd1c-b48c9db4e1b4,2,"[1, 0, 1, 0, 0, 1, 1, 0]",5,1,-1,,0.375,8
2262,9a095a68-8861-11f1-bd1c-b48c9db4e1b4,2,"[1, 0, 1, 0, 0, 1, 1, 0]",6,1,-1,,0.375,8
2263,9a095a68-8861-11f1-bd1c-b48c9db4e1b4,2,"[1, 0, 1, 0, 0, 1, 1, 0]",7,0,0,,0.375,8
2264,9a095a68-8861-11f1-bd1c-b48c9db4e1b4,3,"[0, 1, 1, 0, 1, 0, 1, 0]",0,0,0,,0.375,8
2265,9a095a68-8861-11f1-bd1c-b48c9db4e1b4,3,"[0, 1, 1, 0, 1, 0, 1, 0]",1,1,-1,,0.375,8
2266,9a095a68-8861-11f1-bd1c-b48c9db4e1b4,3,"[0, 1, 1, 0, 1, 0, 1, 0]",2,1,-1,,0.375,8
2267,9a095a68-8861-11f1-bd1c-b48c9db4e1b4,3,"[0, 1, 1, 0, 1, 0, 1, 0]",3,0,0,,0.375,8
2268,9a095a68-8861-11f1-bd1c-b48c9db4e1b4,3,"[0, 1, 1, 0, 1, 0, 1, 0]",4,1,-1,,0.375,8
2269,9a095a68-8861-11f1-bd1c-b48c9db4e1b4,3,"[0, 1, 1, 0, 1, 0, 1, 0]",5,0,0,,0.375,8
2270,9a095a68-8861-11f1-bd1c-b48c9db4e1b4,3,"[0, 1, 1, 0, 1, 0, 1, 0]",6,1,-1,,0.375,8
2271,9a095a68-8861-11f1-bd1c-b48c9db4e1b4,3,"[0, 1, 1, 0, 1, 0, 1, 0]",7,0,0,,0.375,8
2272,9a095a68-8861-11f1-bd1c-b48c9db4e1b4,4,"[0, 0, 0, 1, 1, 1, 1, 0]",0,0,0,,0.375,8
2273,9a095a68-8861-11f1-bd1c-b48c9db4e1b4,4,"[0, 0, 0, 1, 1, 1, 1, 0]",1,0,0,,0.375,8
2274,9a095a68-8861-11f1-bd1c-b48c9db4e1b4,4,"[0, 0, 0, 1, 1, 1, 1, 0]",2,0,0,,0.375,8
2275,9a095a68-8861-11f1-bd1c-b48c9db4e1b4,4,"[0, 0, 0, 1, 1, 1, 1, 0]",3,1,-1,,0.375,8
2276,9a095a68-8861-11f1-bd1c-b48c9db4e1b4,4,"[0, 0, 0, 1, 1, 1, 1, 0]",4,1,-1,,0.375,8
2277,9a095a68-8861-11f1-bd1c-b48c9db4e1b4,4,"[0, 0, 0, 1, 1, 1, 1, 0]",5,1,-1,,0.375,8
2278,9a095a68-8861-11f1-bd1c-b48c9db4e1b4,4,"[0, 0, 0, 1, 1, 1, 1, 0]",6,1,-1,,0.375,8
2279,9a095a68-8861-11f1-bd1c-b48c9db4e1b4,4,"[0, 0, 0, 1, 1, 1, 1, 0]",7,0,0,,0.375,8
2280,9a095a68-8861-11f1-bd1c-b48c9db4e1b4,5,"[1, 0, 0, 0, 0, 0, 0, 0]",0,1,1,,0.375,8
2281,9a095a68-8861-11f1-bd1c-b48c9db4e1b4,5,"[1, 0, 0, 0, 0, 0, 0, 0]",1,0,0,,0.375,8
2282,9a095a68-8861-11f1-bd1c-b48c9db4e1b4,5,"[1, 0, 0, 0, 0, 0, 0, 0]",2,0,0,,0.375,8
2283,9a095a68-8861-11f1-bd1c-b48c9db4e1b4,5,"[1, 0, 0, 0, 0, 0, 0, 0]",3,0,0,,0.375,8
2284,9a095a68-8861-11f1-bd1c-b48c9db4e1b4,5,"[1, 0, 0, 0, 0, 0, 0, 0]",4,0,0,,0.375,8
2285,9a095a68-8861-11f1-bd1c-b48c9db4e1b4,5,"[1, 0, 0, 0, 0, 0, 0, 0]",5,0,0,,0.375,8
2286,9a095a68-8861-11f1-bd1c-b48c9db4e1b4,5,"[1, 0, 0, 0, 0, 0, 0, 0]",6,0,0,,0.375,8
2287,9a095a68-8861-11f1-bd1c-b48c9db4e1b4,5,"[1, 0, 0, 0, 0, 0, 0, 0]",7,0,0,,0.375,8
2288,9a095a68-8861-11f1-bd1c-b48c9db4e1b4,6,"[0, 0, 1, 1, 0, 1, 1, 0]",0,0,0,,0.375,8
2289,9a095a68-8861-11f1-bd1c-b48c9db4e1b4,6,"[0, 0, 1, 1, 0, 1, 1, 0]",1,0,0,,0.375,8
2290,9a095a68-8861-11f1-bd1c-b48c9db4e1b4,6,"[0, 0, 1, 1, 0, 1, 1, 0]",2,1,-1,,0.375,8
2291,9a095a68-8861-11f1-bd1c-b48c9db4e1b4,6,"[0, 0, 1, 1, 0, 1, 1, 0]",3,1,-1,,0.375,8
2292,9a095a68-8861-11f1-bd1c-b48c9db4e1b4,6,"[0, 0, 1, 1, 0, 1, 1, 0]",4,0,0,,0.375,8
2293,9a095a68-8861-11f1-bd1c-b48c9db4e1b4,6,"[0, 0, 1, 1, 0, 1, 1, 0]",5,1,-1,,0.375,8
2294,9a095a68-8861-11f1-bd1c-b48c9db4e1b4,6,"[0, 0, 1, 1, 0, 1, 1, 0]",6,1,-1,,0.375,8
2295,9a095a68-8861-11f1-bd1c-b48c9db4e1b4,6,"[0, 0, 1, 1, 0, 1, 1, 0]",7,0,0,,0.375,8
2296,9a095a68-8861-11f1-bd1c-b48c9db4e1b4,7,"[0, 0, 1, 0, 1, 0, 1, 1]",0,0,0,,0.375,8
2297,9a095a68-8861-11f1-bd1c-b48c9db4e1b4,7,"[0, 0, 1, 0, 1, 0, 1, 1]",1,0,0,,0.375,8
2298,9a095a68-8861-11f1-bd1c-b48c9db4e1b4,7,"[0, 0, 1, 0, 1, 0, 1, 1]",2,1,-1,,0.375,8
2299,9a095a68-8861-11f1-bd1c-b48c9db4e1b4,7,"[0, 0, 1, 0, 1, 0, 1, 1]",3,0,0,,0.375,8
2300,9a095a68-8861-11f1-bd1c-b48c9db4e1b4,7,"[0, 0, 1, 0, 1, 0, 1, 1]",4,1,-1,,0.375,8
2301,9a095a68-8861-11f1-bd1c-b48c9db4e1b4,7,"[0, 0, 1, 0, 1, 0, 1, 1]",5,0,0,,0.375,8
2302,9a095a68-8861-11f1-bd1c-b48c9db4e1b4,7,"[0, 0, 1, 0, 1, 0, 1, 1]",6,1,-1,,0.375,8
2303,9a095a68-8861-11f1-bd1c-b48c9db4e1b4,7,"[0, 0, 1, 0, 1, 0, 1, 1]",7,1,-1,,0.375,8
2304,9a095a68-8861-11f1-bd1c-b48c9db4e1b4,8,"[0, 0, 1, 0, 0, 0, 1, 1]",0,0,0,,0.375,8
2305,9a095a68-8861-11f1-bd1c-b48c9db4e1b4,8,"[0, 0, 1, 0, 0, 0, 1, 1]",1,0,0,,0.375,8
2306,9a095a68-8861-11f1-bd1c-b48c9db4e1b4,8,"[0, 0, 1, 0, 0, 0, 1, 1]",2,1,1,,0.375,8
2307,9a095a68-8861-11f1-bd1c-b48c9db4e1b4,8,"[0, 0, 1, 0, 0, 0, 1, 1]",3,0,0,,0.375,8
2308,9a095a68-8861-11f1-bd1c-b48c9db4e1b4,8,"[0, 0, 1, 0, 0, 0, 1, 1]",4,0,0,,0.375,8
2309,9a095a68-8861-11f1-bd1c-b48c9db4e1b4,8,"[0, 0, 1, 0, 0, 0, 1, 1]",5,0,0,,0.375,8
2310,9a095a68-8861-11f1-bd1c-b48c9db4e1b4,8,"[0, 0, 1, 0, 0, 0, 1, 1]",6,1,1,,0.375,8
2311,9a095a68-8861-11f1-bd1c-b48c9db4e1b4,8,"[0, 0, 1, 0, 0, 0, 1, 1]",7,1,1,,0.375,8
2312,9a095a68-8861-11f1-bd1c-b48c9db4e1b4,9,"[0, 1, 0, 0, 1, 0, 0, 1]",0,0,0,,0.375,8
2313,9a095a68-8861-11f1-bd1c-b48c9db4e1b4,9,"[0, 1, 0, 0, 1, 0, 0, 1]",1,1,1,,0.375,8
2314,9a095a68-8861-11f1-bd1c-b48c9db4e1b4,9,"[0, 1, 0, 0, 1, 0, 0, 1]",2,0,0,,0.375,8
2315,9a095a68-8861-11f1-bd1c-b48c9db4e1b4,9,"[0, 1, 0, 0, 1, 0, 0, 1]",3,0,0,,0.375,8
2316,9a095a68-8861-11f1-bd1c-b48c9db4e1b4,9,"[0, 1, 0, 0, 1, 0, 0, 1]",4,1,1,,0.375,8
2317,9a095a68-8861-11f1-bd1c-b48c9db4e1b4,9,"[0, 1, 0, 0, 1, 0, 0, 1]",5,0,0,,0.375,8
2318,9a095a68-8861-11f1-bd1c-b48c9db4e1b4,9,"[0, 1, 0, 0, 1, 0, 0, 1]",6,0,0,,0.375,8
2319,9a095a68-8861-11f1-bd1c-b48c9db4e1b4,9,"[0, 1, 0, 0, 1, 0, 0, 1]",7,1,1,,0.375,8
2320,9a095a68-8861-11f1-bd1c-b48c9db4e1b4,10,"[1, 0, 1, 0, 1, 0, 1, 0]",0,1,-1,,0.375,8
2321,9a095a68-8861-11f1-bd1c-b48c9db4e1b4,10,"[1, 0, 1, 0, 1, 0, 1, 0]",1,0,0,,0.375,8
2322,9a095a68-8861-11f1-bd1c-b48c9db4e1b4,10,"[1, 0, 1, 0, 1, 0, 1, 0]",2,1,-1,,0.375,8
2323,9a095a68-8861-11f1-bd1c-b48c9db4e1b4,10,"[1, 0, 1, 0, 1, 0, 1, 0]",3,0,0,,0.375,8
2324,9a095a68-8861-11f1-bd1c-b48c9db4e1b4,10,"[1, 0, 1, 0, 1, 0, 1, 0]",4,1,-1,,0.375,8
2325,9a095a68-8861-11f1-bd1c-b48c9db4e1b4,10,"[1, 0, 1, 0, 1, 0, 1, 0]",5,0,0,,0.375,8
2326,9a095a68-8861-11f1-bd1c-b48c9db4e1b4,10,"[1, 0, 1, 0, 1, 0, 1, 0]",6,1,-1,,0.375,8
2327,9a095a68-8861-11f1-bd1c-b48c9db4e1b4,10,"[1, 0, 1, 0, 1, 0, 1, 0]",7,0,0,,0.375,8
2328,9a095a68-8861-11f1-bd1c-b48c9db4e1b4,11,"[0, 1, 0, 0, 1, 0, 0, 1]",0,0,0,,0.375,8
2329,9a095a68-8861-11f1-bd1c-b48c9db4e1b4,11,"[0, 1, 0, 0, 1, 0, 0, 1]",1,1,1,,0.375,8
2330,9a095a68-8861-11f1-bd1c-b48c9db4e1b4,11,"[0, 1, 0, 0, 1, 0, 0, 1]",2,0,0,,0.375,8
2331,9a095a68-8861-11f1-bd1c-b48c9db4e1b4,11,"[0, 1, 0, 0, 1, 0, 0, 1]",3,0,0,,0.375,8
2332,9a095a68-8861-11f1-bd1c-b48c9db4e1b4,11,"[0, 1, 0, 0, 1, 0, 0, 1]",4,1,1,,0.375,8
2333,9a095a68-8861-11f1-bd1c-b48c9db4e1b4,11,"[0, 1, 0, 0, 1, 0, 0, 1]",5,0,0,,0.375,8
2334,9a095a68-8861-11f1-bd1c-b48c9db4e1b4,11,"[0, 1, 0, 0, 1, 0, 0, 1]",6,0,0,,0.375,8
2335,9a095a68-8861-11f1-bd1c-b48c9db4e1b4,11,"[0, 1, 0, 0, 1, 0, 0, 1]",7,1,1,,0.375,8
2336,9a095a68-8861-11f1-bd1c-b48c9db4e1b4,12,"[0, 1, 1, 1, 0, 0, 1, 0]",0,0,0,,0.375,8
2337,9a095a68-8861-11f1-bd1c-b48c9db4e1b4,12,"[0, 1, 1, 1, 0, 0, 1, 0]",1,1,-1,,0.375,8
2338,9a095a68-8861-11f1-bd1c-b48c9db4e1b4,12,"[0, 1, 1, 1, 0, 0, 1, 0]",2,1,-1,,0.375,8
2339,9a095a68-8861-11f1-bd1c-b48c9db4e1b4,12,"[0, 1, 1, 1, 0, 0, 1, 0]",3,1,-1,,0.375,8
2340,9a095a68-8861-11f1-bd1c-b48c9db4e1b4,12,"[0, 1, 1, 1, 0, 0, 1, 0]",4,0,0,,0.375,8
2341,9a095a68-8861-11f1-bd1c-b48c9db4e1b4,12,"[0, 1, 1, 1, 0, 0, 1, 0]",5,0,0,,0.375,8
2342,9a095a68-8861-11f1-bd1c-b48c9db4e1b4,12,"[0, 1, 1, 1, 0, 0, 1, 0]",6,1,-1,,0.375,8
2343,9a095a68-8861-11f1-bd1c-b48c9db4e1b4,12,"[0, 1, 1, 1, 0, 0, 1, 0]",7,0,0,,0.375,8
2344,9a095a68-8861-11f1-bd1c-b48c9db4e1b4,13,"[1, 1, 1, 1, 1, 1, 0, 0]",0,1,-1,,0.375,8
2345,9a095a68-8861-11f1-bd1c-b48c9db4e1b4,13,"[1, 1, 1, 1, 1, 1, 0, 0]",1,1,-1,,0.375,8
2346,9a095a68-8861-11f1-bd1c-b48c9db4e1b4,13,"[1, 1, 1, 1, 1, 1, 0, 0]",2,1,-1,,0.375,8
2347,9a095a68-8861-11f1-bd1c-b48c9db4e1b4,13,"[1, 1, 1, 1, 1, 1, 0, 0]",3,1,-1,,0.375,8
2348,9a095a68-8861-11f1-bd1c-b48c9db4e1b4,13,"[1, 1, 1, 1, 1, 1, 0, 0]",4,1,-1,,0.375,8
2349,9a095a68-8861-11f1-bd1c-b48c9db4e1b4,13,"[1, 1, 1, 1, 1, 1, 0, 0]",5,1,-1,,0.375,8
2350,9a095a68-8861-11f1-bd1c-b48c9db4e1b4,13,"[1, 1, 1, 1, 1, 1, 0, 0]",6,0,0,,0.375,8
2351,9a095a68-8861-11f1-bd1c-b48c9db4e1b4,13,"[1, 1, 1, 1, 1, 1, 0, 0]",7,0,0,,0.375,8
2352,9a095a68-8861-11f1-bd1c-b48c9db4e1b4,14,"[1, 0, 1, 0, 1, 1, 1, 0]",0,1,-1,,0.375,8
2353,9a095a68-8861-11f1-bd1c-b48c9db4e1b4,14,"[1, 0, 1, 0, 1, 1, 1, 0]",1,0,0,,0.375,8
2354,9a095a68-8861-11f1-bd1c-b48c9db4e1b4,14,"[1, 0, 1, 0, 1, 1, 1, 0]",2,1,-1,,0.375,8
2355,9a095a68-8861-11f1-bd1c-b48c9db4e1b4,14,"[1, 0, 1, 0, 1, 1, 1, 0]",3,0,0,,0.375,8
2356,9a095a68-8861-11f1-bd1c-b48c9db4e1b4,14,"[1, 0, 1, 0, 1, 1, 1, 0]",4,1,-1,,0.375,8
2357,9a095a68-8861-11f1-bd1c-b48c9db4e1b4,14,"[1, 0, 1, 0, 1, 1, 1, 0]",5,1,-1,,0.375,8
2358,9a095a68-8861-11f1-bd1c-b48c9db4e1b4,14,"[1, 0, 1, 0, 1, 1, 1, 0]",6,1,-1,,0.375,8
2359,9a095a68-8861-11f1-bd1c-b48c9db4e1b4,14,"[1, 0, 1, 0, 1, 1, 1, 0]",7,0,0,,0.375,8
2360,9a095a68-8861-11f1-bd1c-b48c9db4e1b4,15,"[1, 0, 1, 1, 1, 1, 1, 0]",0,1,-1,,0.375,8
2361,9a095a68-8861-11f1-bd1c-b48c9db4e1b4,15,"[1, 0, 1, 1, 1, 1, 1, 0]",1,0,0,,0.375,8
2362,9a095a68-8861-11f1-bd1c-b48c9db4e1b4,15,"[1, 0, 1, 1, 1, 1, 1, 0]",2,1,-1,,0.375,8
2363,9a095a68-8861-11f1-bd1c-b48c9db4e1b4,15,"[1, 0, 1, 1, 1, 1, 1, 0]",3,1,-1,,0.375,8
2364,9a095a68-8861-11f1-bd1c-b48c9db4e1b4,15,"[1, 0, 1, 1, 1, 1, 1, 0]",4,1,-1,,0.375,8
2365,9a095a68-8861-11f1-bd1c-b48c9db4e1b4,15,"[1, 0, 1, 1, 1, 1, 1, 0]",5,1,-1,,0.375,8
2366,9a095a68-8861-11f1-bd1c-b48c9db4e1b4,15,"[1, 0, 1, 1, 1, 1, 1, 0]",6,1,-1,,0.375,8
2367,9a095a68-8861-11f1-bd1c-b48c9db4e1b4,15,"[1, 0, 1, 1, 1, 1, 1, 0]",7,0,0,,0.375,8
2368,9a095a68-8861-11f1-bd1c-b48c9db4e1b4,16,"[1, 1, 0, 0, 1, 1, 0, 1]",0,1,-1,,0.375,8
2369,9a095a68-8861-11f1-bd1c-b48c9db4e1b4,16,"[1, 1, 0, 0, 1, 1, 0, 1]",1,1,-1,,0.375,8
2370,9a095a68-8861-11f1-bd1c-b48c9db4e1b4,16,"[1, 1, 0, 0, 1, 1, 0, 1]",2,0,0,,0.375,8
2371,9a095a68-8861-11f1-bd1c-b48c9db4e1b4,16,"[1, 1, 0, 0, 1, 1, 0, 1]",3,0,0,,0.375,8
2372,9a095a68-8861-11f1-bd1c-b48c9db4e1b4,16,"[1, 1, 0, 0, 1, 1, 0, 1]",4,1,-1,,0.375,8
2373,9a095a68-8861-11f1-bd1c-b48c9db4e1b4,16,"[1, 1, 0, 0, 1, 1, 0, 1]",5,1,-1,,0.375,8
2374,9a095a68-8861-11f1-bd1c-b48c9db4e1b4,16,"[1, 1, 0, 0, 1, 1, 0, 1]",6,0,0,,0.375,8
2375,9a095a68-8861-11f1-bd1c-b48c9db4e1b4,16,"[1, 1, 0, 0, 1, 1, 0, 1]",7,1,-1,,0.375,8
2376,9a095a68-8861-11f1-bd1c-b48c9db4e1b4,17,"[1, 1, 1, 0, 1, 0, 0, 1]",0,1,-1,,0.375,8
2377,9a095a68-8861-11f1-bd1c-b48c9db4e1b4,17,"[1, 1, 1, 0, 1, 0, 0, 1]",1,1,-1,,0.375,8
2378,9a095a68-8861-11f1-bd1c-b48c9db4e1b4,17,"[1, 1, 1, 0, 1, 0, 0, 1]",2,1,-1,,0.375,8
2379,9a095a68-8861-11f1-bd1c-b48c9db4e1b4,17,"[1, 1, 1, 0, 1, 0, 0, 1]",3,0,0,,0.375,8
2380,9a095a68-8861-11f1-bd1c-b48c9db4e1b4,17,"[1, 1, 1, 0, 1, 0, 0, 1]",4,1,-1,,0.375,8
2381,9a095a68-8861-11f1-bd1c-b48c9db4e1b4,17,"[1, 1, 1, 0, 1, 0, 0, 1]",5,0,0,,0.375,8
2382,9a095a68-8861-11f1-bd1c-b48c9db4e1b4,17,"[1, 1, 1, 0, 1, 0, 0, 1]",6,0,0,,0.375,8
2383,9a095a68-8861-11f1-bd1c-b48c9db4e1b4,17,"[1, 1, 1, 0, 1, 0, 0, 1]",7,1,-1,,0.375,8
2384,9a095a68-8861-11f1-bd1c-b48c9db4e1b4,18,"[0, 0, 1, 0, 0, 0, 0, 1]",0,0,0,,0.375,8
2385,9a095a68-8861-11f1-bd1c-b48c9db4e1b4,18,"[0, 0, 1, 0, 0, 0, 0, 1]",1,0,0,,0.375,8
2386,9a095a68-8861-11f1-bd1c-b48c9db4e1b4,18,"[0, 0, 1, 0, 0, 0, 0, 1]",2,1,1,,0.375,8
2387,9a095a68-8861-11f1-bd1c-b48c9db4e1b4,18,"[0, 0, 1, 0, 0, 0, 0, 1]",3,0,0,,0.375,8
2388,9a095a68-8861-11f1-bd1c-b48c9db4e1b4,18,"[0, 0, 1, 0, 0, 0, 0, 1]",4,0,0,,0.375,8
2389,9a095a68-8861-11f1-bd1c-b48c9db4e1b4,18,"[0, 0, 1, 0, 0, 0, 0, 1]",5,0,0,,0.375,8
2390,9a095a68-8861-11f1-bd1c-b48c9db4e1b4,18,"[0, 0, 1, 0, 0, 0, 0, 1]",6,0,0,,0.375,8
2391,9a095a68-8861-11f1-bd1c-b48c9db4e1b4,18,"[0, 0, 1, 0, 0, 0, 0, 1]",7,1,1,,0.375,8
2392,9a095a68-8861-11f1-bd1c-b48c9db4e1b4,19,"[1, 1, 1, 1, 0, 0, 1, 0]",0,1,-1,,0.375,8
2393,9a095a68-8861-11f1-bd1c-b48c9db4e1b4,19,"[1, 1, 1, 1, 0, 0, 1, 0]",1,1,-1,,0.375,8
2394,9a095a68-8861-11f1-bd1c-b48c9db4e1b4,19,"[1, 1, 1, 1, 0, 0, 1, 0]",2,1,-1,,0.375,8
2395,9a095a68-8861-11f1-bd1c-b48c9db4e1b4,19,"[1, 1, 1, 1, 0, 0, 1, 0]",3,1,-1,,0.375,8
2396,9a095a68-8861-11f1-bd1c-b48c9db4e1b4,19,"[1, 1, 1, 1, 0, 0, 1, 0]",4,0,0,,0.375,8
2397,9a095a68-8861-11f1-bd1c-b48c9db4e1b4,19,"[1, 1, 1, 1, 0, 0, 1, 0]",5,0,0,,0.375,8
2398,9a095a68-8861-11f1-bd1c-b48c9db4e1b4,19,"[1, 1, 1, 1, 0, 0, 1, 0]",6,1,-1,,0.375,8
2399,9a095a68-8861-11f1-bd1c-b48c9db4e1b4,19,"[1, 1, 1, 1, 0, 0, 1, 0]",7,0,0,,0.375,8
2400,9a0c2b58-8861-11f1-8bdb-b48c9db4e1b4,0,"[1, 1, 1, 1, 1, 0, 0, 0]",0,1,-1,,0.375,8
2401,9a0c2b58-8861-11f1-8bdb-b48c9db4e1b4,0,"[1, 1, 1, 1, 1, 0, 0, 0]",1,1,-1,,0.375,8
2402,9a0c2b58-8861-11f1-8bdb-b48c9db4e1b4,0,"[1, 1, 1, 1, 1, 0, 0, 0]",2,1,-1,,0.375,8
2403,9a0c2b58-8861-11f1-8bdb-b48c9db4e1b4,0,"[1, 1, 1, 1, 1, 0, 0, 0]",3,1,-1,,0.375,8
2404,9a0c2b58-8861-11f1-8bdb-b48c9db4e1b4,0,"[1, 1, 1, 1, 1, 0, 0, 0]",4,1,-1,,0.375,8
2405,9a0c2b58-8861-11f1-8bdb-b48c9db4e1b4,0,"[1, 1, 1, 1, 1, 0, 0, 0]",5,0,0,,0.375,8
2406,9a0c2b58-8861-11f1-8bdb-b48c9db4e1b4,0,"[1, 1, 1, 1, 1, 0, 0, 0]",6,0,0,,0.375,8
2407,9a0c2b58-8861-11f1-8bdb-b48c9db4e1b4,0,"[1, 1, 1, 1, 1, 0, 0, 0]",7,0,0,,0.375,8
2408,9a0c2b58-8861-11f1-8bdb-b48c9db4e1b4,1,"[0, 1, 0, 0, 0, 0, 0, 0]",0,0,0,,0.375,8
2409,9a0c2b58-8861-11f1-8bdb-b48c9db4e1b4,1,"[0, 1, 0, 0, 0, 0, 0, 0]",1,1,1,,0.375,8
2410,9a0c2b58-8861-11f1-8bdb-b48c9db4e1b4,1,"[0, 1, 0, 0, 0, 0, 0, 0]",2,0,0,,0.375,8
2411,9a0c2b58-8861-11f1-8bdb-b48c9db4e1b4,1,"[0, 1, 0, 0, 0, 0, 0, 0]",3,0,0,,0.375,8
2412,9a0c2b58-8861-11f1-8bdb-b48c9db4e1b4,1,"[0, 1, 0, 0, 0, 0, 0, 0]",4,0,0,,0.375,8
2413,9a0c2b58-8861-11f1-8bdb-b48c9db4e1b4,1,"[0, 1, 0, 0, 0, 0, 0, 0]",5,0,0,,0.375,8
2414,9a0c2b58-8861-11f1-8bdb-b48c9db4e1b4,1,"[0, 1, 0, 0, 0, 0, 0, 0]",6,0,0,,0.375,8
2415,9a0c2b58-8861-11f1-8bdb-b48c9db4e1b4,1,"[0, 1, 0, 0, 0, 0, 0, 0]",7,0,0,,0.375,8
2416,9a0c2b58-8861-11f1-8bdb-b48c9db4e1b4,2,"[0, 1, 0, 0, 1, 0, 1, 0]",0,0,0,,0.375,8
2417,9a0c2b58-8861-11f1-8bdb-b48c9db4e1b4,2,"[0, 1, 0, 0, 1, 0, 1, 0]",1,1,1,,0.375,8
2418,9a0c2b58-8861-11f1-8bdb-b48c9db4e1b4,2,"[0, 1, 0, 0, 1, 0, 1, 0]",2,0,0,,0.375,8
2419,9a0c2b58-8861-11f1-8bdb-b48c9db4e1b4,2,"[0, 1, 0, 0, 1, 0, 1, 0]",3,0,0,,0.375,8
2420,9a0c2b58-8861-11f1-8bdb-b48c9db4e1b4,2,"[0, 1, 0, 0, 1, 0, 1, 0]",4,1,1,,0.375,8
2421,9a0c2b58-8861-11f1-8bdb-b48c9db4e1b4,2,"[0, 1, 0, 0, 1, 0, 1, 0]",5,0,0,,0.375,8
2422,9a0c2b58-8861-11f1-8bdb-b48c9db4e1b4,2,"[0, 1, 0, 0, 1, 0, 1, 0]",6,1,1,,0.375,8
2423,9a0c2b58-8861-11f1-8bdb-b48c9db4e1b4,2,"[0, 1, 0, 0, 1, 0, 1, 0]",7,0,0,,0.375,8
2424,9a0c2b58-8861-11f1-8bdb-b48c9db4e1b4,3,"[1, 1, 0, 0, 0, 0, 0, 0]",0,1,1,,0.375,8
2425,9a0c2b58-8861-11f1-8bdb-b48c9db4e1b4,3,"[1, 1, 0, 0, 0, 0, 0, 0]",1,1,1,,0.375,8
2426,9a0c2b58-8861-11f1-8bdb-b48c9db4e1b4,3,"[1, 1, 0, 0, 0, 0, 0, 0]",2,0,0,,0.375,8
2427,9a0c2b58-8861-11f1-8bdb-b48c9db4e1b4,3,"[1, 1, 0, 0, 0, 0, 0, 0]",3,0,0,,0.375,8
2428,9a0c2b58-8861-11f1-8bdb-b48c9db4e1b4,3,"[1, 1, 0, 0, 0, 0, 0, 0]",4,0,0,,0.375,8
2429,9a0c2b58-8861-11f1-8bdb-b48c9db4e1b4,3,"[1, 1, 0, 0, 0, 0, 0, 0]",5,0,0,,0.375,8
2430,9a0c2b58-8861-11f1-8bdb-b48c9db4e1b4,3,"[1, 1, 0, 0, 0, 0, 0, 0]",6,0,0,,0.375,8
2431,9a0c2b58-8861-11f1-8bdb-b48c9db4e1b4,3,"[1, 1, 0, 0, 0, 0, 0, 0]",7,0,0,,0.375,8
2432,9a0c2b58-8861-11f1-8bdb-b48c9db4e1b4,4,"[1, 0, 0, 1, 1, 1, 0, 0]",0,1,-1,,0.375,8
2433,9a0c2b58-8861-11f1-8bdb-b48c9db4e1b4,4,"[1, 0, 0, 1, 1, 1, 0, 0]",1,0,0,,0.375,8
2434,9a0c2b58-8861-11f1-8bdb-b48c9db4e1b4,4,"[1, 0, 0, 1, 1, 1, 0, 0]",2,0,0,,0.375,8
2435,9a0c2b58-8861-11f1-8bdb-b48c9db4e1b4,4,"[1, 0, 0, 1, 1, 1, 0, 0]",3,1,-1,,0.375,8
2436,9a0c2b58-8861-11f1-8bdb-b48c9db4e1b4,4,"[1, 0, 0, 1, 1, 1, 0, 0]",4,1,-1,,0.375,8
2437,9a0c2b58-8861-11f1-8bdb-b48c9db4e1b4,4,"[1, 0, 0, 1, 1, 1, 0, 0]",5,1,-1,,0.375,8
2438,9a0c2b58-8861-11f1-8bdb-b48c9db4e1b4,4,"[1, 0, 0, 1, 1, 1, 0, 0]",6,0,0,,0.375,8
2439,9a0c2b58-8861-11f1-8bdb-b48c9db4e1b4,4,"[1, 0, 0, 1, 1, 1, 0, 0]",7,0,0,,0.375,8
2440,9a0c2b58-8861-11f1-8bdb-b48c9db4e1b4,5,"[1, 0, 1, 0, 0, 1, 0, 1]",0,1,-1,,0.375,8
2441,9a0c2b58-8861-11f1-8bdb-b48c9db4e1b4,5,"[1, 0, 1, 0, 0, 1, 0, 1]",1,0,0,,0.375,8
2442,9a0c2b58-8861-11f1-8bdb-b48c9db4e1b4,5,"[1, 0, 1, 0, 0, 1, 0, 1]",2,1,-1,,0.375,8
2443,9a0c2b58-8861-11f1-8bdb-b48c9db4e1b4,5,"[1, 0, 1, 0, 0, 1, 0, 1]",3,0,0,,0.375,8
2444,9a0c2b58-8861-11f1-8bdb-b48c9db4e1b4,5,"[1, 0, 1, 0, 0, 1, 0, 1]",4,0,0,,0.375,8
2445,9a0c2b58-8861-11f1-8bdb-b48c9db4e1b4,5,"[1, 0, 1, 0, 0, 1, 0, 1]",5,1,-1,,0.375,8
2446,9a0c2b58-8861-11f1-8bdb-b48c9db4e1b4,5,"[1, 0, 1, 0, 0, 1, 0, 1]",6,0,0,,0.375,8
2447,9a0c2b58-8861-11f1-8bdb-b48c9db4e1b4,5,"[1, 0, 1, 0, 0, 1, 0, 1]",7,1,-1,,0.375,8
2448,9a0c2b58-8861-11f1-8bdb-b48c9db4e1b4,6,"[0, 1, 0, 0, 0, 0, 1, 0]",0,0,0,,0.375,8
2449,9a0c2b58-8861-11f1-8bdb-b48c9db4e1b4,6,"[0, 1, 0, 0, 0, 0, 1, 0]",1,1,1,,0.375,8
2450,9a0c2b58-8861-11f1-8bdb-b48c9db4e1b4,6,"[0, 1, 0, 0, 0, 0, 1, 0]",2,0,0,,0.375,8
2451,9a0c2b58-8861-11f1-8bdb-b48c9db4e1b4,6,"[0, 1, 0, 0, 0, 0, 1, 0]",3,0,0,,0.375,8
2452,9a0c2b58-8861-11f1-8bdb-b48c9db4e1b4,6,"[0, 1, 0, 0, 0, 0, 1, 0]",4,0,0,,0.375,8
2453,9a0c2b58-8861-11f1-8bdb-b48c9db4e1b4,6,"[0, 1, 0, 0, 0, 0, 1, 0]",5,0,0,,0.375,8
2454,9a0c2b58-8861-11f1-8bdb-b48c9db4e1b4,6,"[0, 1, 0, 0, 0, 0, 1, 0]",6,1,1,,0.375,8
2455,9a0c2b58-8861-11f1-8bdb-b48c9db4e1b4,6,"[0, 1, 0, 0, 0, 0, 1, 0]",7,0,0,,0.375,8
2456,9a0c2b58-8861-11f1-8bdb-b48c9db4e1b4,7,"[1, 1, 0, 1, 1, 1, 1, 1]",0,1,-1,,0.375,8
2457,9a0c2b58-8861-11f1-8bdb-b48c9db4e1b4,7,"[1, 1, 0, 1, 1, 1, 1, 1]",1,1,-1,,0.375,8
2458,9a0c2b58-8861-11f1-8bdb-b48c9db4e1b4,7,"[1, 1, 0, 1, 1, 1, 1, 1]",2,0,0,,0.375,8
2459,9a0c2b58-8861-11f1-8bdb-b48c9db4e1b4,7,"[1, 1, 0, 1, 1, 1, 1, 1]",3,1,-1,,0.375,8
2460,9a0c2b58-8861-11f1-8bdb-b48c9db4e1b4,7,"[1, 1, 0, 1, 1, 1, 1, 1]",4,1,-1,,0.375,8
2461,9a0c2b58-8861-11f1-8bdb-b48c9db4e1b4,7,"[1, 1, 0, 1, 1, 1, 1, 1]",5,1,-1,,0.375,8
2462,9a0c2b58-8861-11f1-8bdb-b48c9db4e1b4,7,"[1, 1, 0, 1, 1, 1, 1, 1]",6,1,-1,,0.375,8
2463,9a0c2b58-8861-11f1-8bdb-b48c9db4e1b4,7,"[1, 1, 0, 1, 1, 1, 1, 1]",7,1,-1,,0.375,8
2464,9a0c2b58-8861-11f1-8bdb-b48c9db4e1b4,8,"[1, 1, 1, 0, 1, 0, 1, 1]",0,1,-1,,0.375,8
2465,9a0c2b58-8861-11f1-8bdb-b48c9db4e1b4,8,"[1, 1, 1, 0, 1, 0, 1, 1]",1,1,-1,,0.375,8
2466,9a0c2b58-8861-11f1-8bdb-b48c9db4e1b4,8,"[1, 1, 1, 0, 1, 0, 1, 1]",2,1,-1,,0.375,8
2467,9a0c2b58-8861-11f1-8bdb-b48c9db4e1b4,8,"[1, 1, 1, 0, 1, 0, 1, 1]",3,0,0,,0.375,8
2468,9a0c2b58-8861-11f1-8bdb-b48c9db4e1b4,8,"[1, 1, 1, 0, 1, 0, 1, 1]",4,1,-1,,0.375,8
2469,9a0c2b58-8861-11f1-8bdb-b48c9db4e1b4,8,"[1, 1, 1, 0, 1, 0, 1, 1]",5,0,0,,0.375,8
2470,9a0c2b58-8861-11f1-8bdb-b48c9db4e1b4,8,"[1, 1, 1, 0, 1, 0, 1, 1]",6,1,-1,,0.375,8
2471,9a0c2b58-8861-11f1-8bdb-b48c9db4e1b4,8,"[1, 1, 1, 0, 1, 0, 1, 1]",7,1,-1,,0.375,8
2472,9a0c2b58-8861-11f1-8bdb-b48c9db4e1b4,9,"[0, 1, 0, 1, 1, 0, 0, 1]",0,0,0,,0.375,8
2473,9a0c2b58-8861-11f1-8bdb-b48c9db4e1b4,9,"[0, 1, 0, 1, 1, 0, 0, 1]",1,1,-1,,0.375,8
2474,9a0c2b58-8861-11f1-8bdb-b48c9db4e1b4,9,"[0, 1, 0, 1, 1, 0, 0, 1]",2,0,0,,0.375,8
2475,9a0c2b58-8861-11f1-8bdb-b48c9db4e1b4,9,"[0, 1, 0, 1, 1, 0, 0, 1]",3,1,-1,,0.375,8
2476,9a0c2b58-8861-11f1-8bdb-b48c9db4e1b4,9,"[0, 1, 0, 1, 1, 0, 0, 1]",4,1,-1,,0.375,8
2477,9a0c2b58-8861-11f1-8bdb-b48c9db4e1b4,9,"[0, 1, 0, 1, 1, 0, 0, 1]",5,0,0,,0.375,8
2478,9a0c2b58-8861-11f1-8bdb-b48c9db4e1b4,9,"[0, 1, 0, 1, 1, 0, 0, 1]",6,0,0,,0.375,8
2479,9a0c2b58-8861-11f1-8bdb-b48c9db4e1b4,9,"[0, 1, 0, 1, 1, 0, 0, 1]",7,1,-1,,0.375,8
2480,9a0c2b58-8861-11f1-8bdb-b48c9db4e1b4,10,"[0, 1, 0, 0, 0, 1, 1, 1]",0,0,0,,0.375,8
2481,9a0c2b58-8861-11f1-8bdb-b48c9db4e1b4,10,"[0, 1, 0, 0, 0, 1, 1, 1]",1,1,-1,,0.375,8
2482,9a0c2b58-8861-11f1-8bdb-b48c9db4e1b4,10,"[0, 1, 0, 0, 0, 1, 1, 1]",2,0,0,,0.375,8
2483,9a0c2b58-8861-11f1-8bdb-b48c9db4e1b4,10,"[0, 1, 0, 0, 0, 1, 1, 1]",3,0,0,,0.375,8
2484,9a0c2b58-8861-11f1-8bdb-b48c9db4e1b4,10,"[0, 1, 0, 0, 0, 1, 1, 1]",4,0,0,,0.375,8
2485,9a0c2b58-8861-11f1-8bdb-b48c9db4e1b4,10,"[0, 1, 0, 0, 0, 1, 1, 1]",5,1,-1,,0.375,8
2486,9a0c2b58-8861-11f1-8bdb-b48c9db4e1b4,10,"[0, 1, 0, 0, 0, 1, 1, 1]",6,1,-1,,0.375,8
2487,9a0c2b58-8861-11f1-8bdb-b48c9db4e1b4,10,"[0, 1, 0, 0, 0, 1, 1, 1]",7,1,-1,,0.375,8
2488,9a0c2b58-8861-11f1-8bdb-b48c9db4e1b4,11,"[0, 1, 0, 0, 0, 0, 0, 0]",0,0,0,,0.375,8
2489,9a0c2b58-8861-11f1-8bdb-b48c9db4e1b4,11,"[0, 1, 0, 0, 0, 0, 0, 0]",1,1,1,,0.375,8
2490,9a0c2b58-8861-11f1-8bdb-b48c9db4e1b4,11,"[0, 1, 0, 0, 0, 0, 0, 0]",2,0,0,,0.375,8
2491,9a0c2b58-8861-11f1-8bdb-b48c9db4e1b4,11,"[0, 1, 0, 0, 0, 0, 0, 0]",3,0,0,,0.375,8
2492,9a0c2b58-8861-11f1-8bdb-b48c9db4e1b4,11,"[0, 1, 0, 0, 0, 0, 0, 0]",4,0,0,,0.375,8
2493,9a0c2b58-8861-11f1-8bdb-b48c9db4e1b4,11,"[0, 1, 0, 0, 0, 0, 0, 0]",5,0,0,,0.375,8
2494,9a0c2b58-8861-11f1-8bdb-b48c9db4e1b4,11,"[0, 1, 0, 0, 0, 0, 0, 0]",6,0,0,,0.375,8
2495,9a0c2b58-8861-11f1-8bdb-b48c9db4e1b4,11,"[0, 1, 0, 0, 0, 0, 0, 0]",7,0,0,,0.375,8
2496,9a0c2b58-8861-11f1-8bdb-b48c9db4e1b4,12,"[1, 1, 1, 1, 1, 1, 1, 0]",0,1,-1,,0.375,8
2497,9a0c2b58-8861-11f1-8bdb-b48c9db4e1b4,12,"[1, 1, 1, 1, 1, 1, 1, 0]",1,1,-1,,0.375,8
2498,9a0c2b58-8861-11f1-8bdb-b48c9db4e1b4,12,"[1, 1, 1, 1, 1, 1, 1, 0]",2,1,-1,,0.375,8
2499,9a0c2b58-8861-11f1-8bdb-b48c9db4e1b4,12,"[1, 1, 1, 1, 1, 1, 1, 0]",3,1,-1,,0.375,8
2500,9a0c2b58-8861-11f1-8bdb-b48c9db4e1b4,12,"[1, 1, 1, 1, 1, 1, 1, 0]",4,1,-1,,0.375,8
2501,9a0c2b58-8861-11f1-8bdb-b48c9db4e1b4,12,"[1, 1, 1, 1, 1, 1, 1, 0]",5,1,-1,,0.375,8
2502,9a0c2b58-8861-11f1-8bdb-b48c9db4e1b4,12,"[1, 1, 1, 1, 1, 1, 1, 0]",6,1,-1,,0.375,8
2503,9a0c2b58-8861-11f1-8bdb-b48c9db4e1b4,12,"[1, 1, 1, 1, 1, 1, 1, 0]",7,0,0,,0.375,8
2504,9a0c2b58-8861-11f1-8bdb-b48c9db4e1b4,13,"[1, 1, 0, 1, 0, 0, 1, 1]",0,1,-1,,0.375,8
2505,9a0c2b58-8861-11f1-8bdb-b48c9db4e1b4,13,"[1, 1, 0, 1, 0, 0, 1, 1]",1,1,-1,,0.375,8
2506,9a0c2b58-8861-11f1-8bdb-b48c9db4e1b4,13,"[1, 1, 0, 1, 0, 0, 1, 1]",2,0,0,,0.375,8
2507,9a0c2b58-8861-11f1-8bdb-b48c9db4e1b4,13,"[1, 1, 0, 1, 0, 0, 1, 1]",3,1,-1,,0.375,8
2508,9a0c2b58-8861-11f1-8bdb-b48c9db4e1b4,13,"[1, 1, 0, 1, 0, 0, 1, 1]",4,0,0,,0.375,8
2509,9a0c2b58-8861-11f1-8bdb-b48c9db4e1b4,13,"[1, 1, 0, 1, 0, 0, 1, 1]",5,0,0,,0.375,8
2510,9a0c2b58-8861-11f1-8bdb-b48c9db4e1b4,13,"[1, 1, 0, 1, 0, 0, 1, 1]",6,1,-1,,0.375,8
2511,9a0c2b58-8861-11f1-8bdb-b48c9db4e1b4,13,"[1, 1, 0, 1, 0, 0, 1, 1]",7,1,-1,,0.375,8
2512,9a0c2b58-8861-11f1-8bdb-b48c9db4e1b4,14,"[0, 1, 0, 0, 1, 0, 0, 0]",0,0,0,,0.375,8
2513,9a0c2b58-8861-11f1-8bdb-b48c9db4e1b4,14,"[0, 1, 0, 0, 1, 0, 0, 0]",1,1,1,,0.375,8
2514,9a0c2b58-8861-11f1-8bdb-b48c9db4e1b4,14,"[0, 1, 0, 0, 1, 0, 0, 0]",2,0,0,,0.375,8
2515,9a0c2b58-8861-11f1-8bdb-b48c9db4e1b4,14,"[0, 1, 0, 0, 1, 0, 0, 0]",3,0,0,,0.375,8
2516,9a0c2b58-8861-11f1-8bdb-b48c9db4e1b4,14,"[0, 1, 0, 0, 1, 0, 0, 0]",4,1,1,,0.375,8
2517,9a0c2b58-8861-11f1-8bdb-b48c9db4e1b4,14,"[0, 1, 0, 0, 1, 0, 0, 0]",5,0,0,,0.375,8
2518,9a0c2b58-8861-11f1-8bdb-b48c9db4e1b4,14,"[0, 1, 0, 0, 1, 0, 0, 0]",6,0,0,,0.375,8
2519,9a0c2b58-8861-11f1-8bdb-b48c9db4e1b4,14,"[0, 1, 0, 0, 1, 0, 0, 0]",7,0,0,,0.375,8
2520,9a0c2b58-8861-11f1-8bdb-b48c9db4e1b4,15,"[0, 0, 0, 0, 0, 1, 1, 0]",0,0,0,,0.375,8
2521,9a0c2b58-8861-11f1-8bdb-b48c9db4e1b4,15,"[0, 0, 0, 0, 0, 1, 1, 0]",1,0,0,,0.375,8
2522,9a0c2b58-8861-11f1-8bdb-b48c9db4e1b4,15,"[0, 0, 0, 0, 0, 1, 1, 0]",2,0,0,,0.375,8
2523,9a0c2b58-8861-11f1-8bdb-b48c9db4e1b4,15,"[0, 0, 0, 0, 0, 1, 1, 0]",3,0,0,,0.375,8
2524,9a0c2b58-8861-11f1-8bdb-b48c9db4e1b4,15,"[0, 0, 0, 0, 0, 1, 1, 0]",4,0,0,,0.375,8
2525,9a0c2b58-8861-11f1-8bdb-b48c9db4e1b4,15,"[0, 0, 0, 0, 0, 1, 1, 0]",5,1,1,,0.375,8
2526,9a0c2b58-8861-11f1-8bdb-b48c9db4e1b4,15,"[0, 0, 0, 0, 0, 1, 1, 0]",6,1,1,,0.375,8
2527,9a0c2b58-8861-11f1-8bdb-b48c9db4e1b4,15,"[0, 0, 0, 0, 0, 1, 1, 0]",7,0,0,,0.375,8
2528,9a0c2b58-8861-11f1-8bdb-b48c9db4e1b4,16,"[1, 1, 1, 0, 1, 1, 1, 1]",0,1,-1,,0.375,8
2529,9a0c2b58-8861-11f1-8bdb-b48c9db4e1b4,16,"[1, 1, 1, 0, 1, 1, 1, 1]",1,1,-1,,0.375,8
2530,9a0c2b58-8861-11f1-8bdb-b48c9db4e1b4,16,"[1, 1, 1, 0, 1, 1, 1, 1]",2,1,-1,,0.375,8
2531,9a0c2b58-8861-11f1-8bdb-b48c9db4e1b4,16,"[1, 1, 1, 0, 1, 1, 1, 1]",3,0,0,,0.375,8
2532,9a0c2b58-8861-11f1-8bdb-b48c9db4e1b4,16,"[1, 1, 1, 0, 1, 1, 1, 1]",4,1,-1,,0.375,8
2533,9a0c2b58-8861-11f1-8bdb-b48c9db4e1b4,16,"[1, 1, 1, 0, 1, 1, 1, 1]",5,1,-1,,0.375,8
2534,9a0c2b58-8861-11f1-8bdb-b48c9db4e1b4,16,"[1, 1, 1, 0, 1, 1, 1, 1]",6,1,-1,,0.375,8
2535,9a0c2b58-8861-11f1-8bdb-b48c9db4e1b4,16,"[1, 1, 1, 0, 1, 1, 1, 1]",7,1,-1,,0.375,8
2536,9a0c2b58-8861-11f1-8bdb-b48c9db4e1b4,17,"[0, 1, 0, 0, 0, 0, 0, 0]",0,0,0,,0.375,8
2537,9a0c2b58-8861-11f1-8bdb-b48c9db4e1b4,17,"[0, 1, 0, 0, 0, 0, 0, 0]",1,1,1,,0.375,8
2538,9a0c2b58-8861-11f1-8bdb-b48c9db4e1b4,17,"[0, 1, 0, 0, 0, 0, 0, 0]",2,0,0,,0.375,8
2539,9a0c2b58-8861-11f1-8bdb-b48c9db4e1b4,17,"[0, 1, 0, 0, 0, 0, 0, 0]",3,0,0,,0.375,8
2540,9a0c2b58-8861-11f1-8bdb-b48c9db4e1b4,17,"[0, 1, 0, 0, 0, 0, 0, 0]",4,0,0,,0.375,8
2541,9a0c2b58-8861-11f1-8bdb-b48c9db4e1b4,17,"[0, 1, 0, 0, 0, 0, 0, 0]",5,0,0,,0.375,8
2542,9a0c2b58-8861-11f1-8bdb-b48c9db4e1b4,17,"[0, 1, 0, 0, 0, 0, 0, 0]",6,0,0,,0.375,8
2543,9a0c2b58-8861-11f1-8bdb-b48c9db4e1b4,17,"[0, 1, 0, 0, 0, 0, 0, 0]",7,0,0,,0.375,8
2544,9a0c2b58-8861-11f1-8bdb-b48c9db4e1b4,18,"[0, 0, 0, 1, 1, 0, 0, 0]",0,0,0,,0.375,8
2545,9a0c2b58-8861-11f1-8bdb-b48c9db4e1b4,18,"[0, 0, 0, 1, 1, 0, 0, 0]",1,0,0,,0.375,8
2546,9a0c2b58-8861-11f1-8bdb-b48c9db4e1b4,18,"[0, 0, 0, 1, 1, 0, 0, 0]",2,0,0,,0.375,8
2547,9a0c2b58-8861-11f1-8bdb-b48c9db4e1b4,18,"[0, 0, 0, 1, 1, 0, 0, 0]",3,1,1,,0.375,8
2548,9a0c2b58-8861-11f1-8bdb-b48c9db4e1b4,18,"[0, 0, 0, 1, 1, 0, 0, 0]",4,1,1,,0.375,8
2549,9a0c2b58-8861-11f1-8bdb-b48c9db4e1b4,18,"[0, 0, 0, 1, 1, 0, 0, 0]",5,0,0,,0.375,8
2550,9a0c2b58-8861-11f1-8bdb-b48c9db4e1b4,18,"[0, 0, 0, 1, 1, 0, 0, 0]",6,0,0,,0.375,8
2551,9a0c2b58-8861-11f1-8bdb-b48c9db4e1b4,18,"[0, 0, 0, 1, 1, 0, 0, 0]",7,0,0,,0.375,8
2552,9a0c2b58-8861-11f1-8bdb-b48c9db4e1b4,19,"[1, 1, 0, 0, 0, 1, 0, 1]",0,1,-1,,0.375,8
2553,9a0c2b58-8861-11f1-8bdb-b48c9db4e1b4,19,"[1, 1, 0, 0, 0, 1, 0, 1]",1,1,-1,,0.375,8
2554,9a0c2b58-8861-11f1-8bdb-b48c9db4e1b4,19,"[1, 1, 0, 0, 0, 1, 0, 1]",2,0,0,,0.375,8
2555,9a0c2b58-8861-11f1-8bdb-b48c9db4e1b4,19,"[1, 1, 0, 0, 0, 1, 0, 1]",3,0,0,,0.375,8
2556,9a0c2b58-8861-11f1-8bdb-b48c9db4e1b4,19,"[1, 1, 0, 0, 0, 1, 0, 1]",4,0,0,,0.375,8
2557,9a0c2b58-8861-11f1-8bdb-b48c9db4e1b4,19,"[1, 1, 0, 0, 0, 1, 0, 1]",5,1,-1,,0.375,8
2558,9a0c2b58-8861-11f1-8bdb-b48c9db4e1b4,19,"[1, 1, 0, 0, 0, 1, 0, 1]",6,0,0,,0.375,8
2559,9a0c2b58-8861-11f1-8bdb-b48c9db4e1b4,19,"[1, 1, 0, 0, 0, 1, 0, 1]",7,1,-1,,0.375,8
2560,9a0f078c-8861-11f1-93d7-b48c9db4e1b4,0,"[0, 1, 0, 1, 0, 1, 0, 0]",0,0,0,,0.375,8
2561,9a0f078c-8861-11f1-93d7-b48c9db4e1b4,0,"[0, 1, 0, 1, 0, 1, 0, 0]",1,1,1,,0.375,8
2562,9a0f078c-8861-11f1-93d7-b48c9db4e1b4,0,"[0, 1, 0, 1, 0, 1, 0, 0]",2,0,0,,0.375,8
2563,9a0f078c-8861-11f1-93d7-b48c9db4e1b4,0,"[0, 1, 0, 1, 0, 1, 0, 0]",3,1,1,,0.375,8
2564,9a0f078c-8861-11f1-93d7-b48c9db4e1b4,0,"[0, 1, 0, 1, 0, 1, 0, 0]",4,0,0,,0.375,8
2565,9a0f078c-8861-11f1-93d7-b48c9db4e1b4,0,"[0, 1, 0, 1, 0, 1, 0, 0]",5,1,1,,0.375,8
2566,9a0f078c-8861-11f1-93d7-b48c9db4e1b4,0,"[0, 1, 0, 1, 0, 1, 0, 0]",6,0,0,,0.375,8
2567,9a0f078c-8861-11f1-93d7-b48c9db4e1b4,0,"[0, 1, 0, 1, 0, 1, 0, 0]",7,0,0,,0.375,8
2568,9a0f078c-8861-11f1-93d7-b48c9db4e1b4,1,"[0, 1, 1, 0, 1, 1, 1, 0]",0,0,0,,0.375,8
2569,9a0f078c-8861-11f1-93d7-b48c9db4e1b4,1,"[0, 1, 1, 0, 1, 1, 1, 0]",1,1,-1,,0.375,8
2570,9a0f078c-8861-11f1-93d7-b48c9db4e1b4,1,"[0, 1, 1, 0, 1, 1, 1, 0]",2,1,-1,,0.375,8
2571,9a0f078c-8861-11f1-93d7-b48c9db4e1b4,1,"[0, 1, 1, 0, 1, 1, 1, 0]",3,0,0,,0.375,8
2572,9a0f078c-8861-11f1-93d7-b48c9db4e1b4,1,"[0, 1, 1, 0, 1, 1, 1, 0]",4,1,-1,,0.375,8
2573,9a0f078c-8861-11f1-93d7-b48c9db4e1b4,1,"[0, 1, 1, 0, 1, 1, 1, 0]",5,1,-1,,0.375,8
2574,9a0f078c-8861-11f1-93d7-b48c9db4e1b4,1,"[0, 1, 1, 0, 1, 1, 1, 0]",6,1,-1,,0.375,8
2575,9a0f078c-8861-11f1-93d7-b48c9db4e1b4,1,"[0, 1, 1, 0, 1, 1, 1, 0]",7,0,0,,0.375,8
2576,9a0f078c-8861-11f1-93d7-b48c9db4e1b4,2,"[1, 1, 1, 0, 1, 1, 1, 1]",0,1,-1,,0.375,8
2577,9a0f078c-8861-11f1-93d7-b48c9db4e1b4,2,"[1, 1, 1, 0, 1, 1, 1, 1]",1,1,-1,,0.375,8
2578,9a0f078c-8861-11f1-93d7-b48c9db4e1b4,2,"[1, 1, 1, 0, 1, 1, 1, 1]",2,1,-1,,0.375,8
2579,9a0f078c-8861-11f1-93d7-b48c9db4e1b4,2,"[1, 1, 1, 0, 1, 1, 1, 1]",3,0,0,,0.375,8
2580,9a0f078c-8861-11f1-93d7-b48c9db4e1b4,2,"[1, 1, 1, 0, 1, 1, 1, 1]",4,1,-1,,0.375,8
2581,9a0f078c-8861-11f1-93d7-b48c9db4e1b4,2,"[1, 1, 1, 0, 1, 1, 1, 1]",5,1,-1,,0.375,8
2582,9a0f078c-8861-11f1-93d7-b48c9db4e1b4,2,"[1, 1, 1, 0, 1, 1, 1, 1]",6,1,-1,,0.375,8
2583,9a0f078c-8861-11f1-93d7-b48c9db4e1b4,2,"[1, 1, 1, 0, 1, 1, 1, 1]",7,1,-1,,0.375,8
2584,9a0f078c-8861-11f1-93d7-b48c9db4e1b4,3,"[0, 1, 0, 0, 0, 0, 1, 0]",0,0,0,,0.375,8
2585,9a0f078c-8861-11f1-93d7-b48c9db4e1b4,3,"[0, 1, 0, 0, 0, 0, 1, 0]",1,1,1,,0.375,8
2586,9a0f078c-8861-11f1-93d7-b48c9db4e1b4,3,"[0, 1, 0, 0, 0, 0, 1, 0]",2,0,0,,0.375,8
2587,9a0f078c-8861-11f1-93d7-b48c9db4e1b4,3,"[0, 1, 0, 0, 0, 0, 1, 0]",3,0,0,,0.375,8
2588,9a0f078c-8861-11f1-93d7-b48c9db4e1b4,3,"[0, 1, 0, 0, 0, 0, 1, 0]",4,0,0,,0.375,8
2589,9a0f078c-8861-11f1-93d7-b48c9db4e1b4,3,"[0, 1, 0, 0, 0, 0, 1, 0]",5,0,0,,0.375,8
2590,9a0f078c-8861-11f1-93d7-b48c9db4e1b4,3,"[0, 1, 0, 0, 0, 0, 1, 0]",6,1,1,,0.375,8
2591,9a0f078c-8861-11f1-93d7-b48c9db4e1b4,3,"[0, 1, 0, 0, 0, 0, 1, 0]",7,0,0,,0.375,8
2592,9a0f078c-8861-11f1-93d7-b48c9db4e1b4,4,"[0, 1, 0, 1, 1, 0, 1, 0]",0,0,0,,0.375,8
2593,9a0f078c-8861-11f1-93d7-b48c9db4e1b4,4,"[0, 1, 0, 1, 1, 0, 1, 0]",1,1,-1,,0.375,8
2594,9a0f078c-8861-11f1-93d7-b48c9db4e1b4,4,"[0, 1, 0, 1, 1, 0, 1, 0]",2,0,0,,0.375,8
2595,9a0f078c-8861-11f1-93d7-b48c9db4e1b4,4,"[0, 1, 0, 1, 1, 0, 1, 0]",3,1,-1,,0.375,8
2596,9a0f078c-8861-11f1-93d7-b48c9db4e1b4,4,"[0, 1, 0, 1, 1, 0, 1, 0]",4,1,-1,,0.375,8
2597,9a0f078c-8861-11f1-93d7-b48c9db4e1b4,4,"[0, 1, 0, 1, 1, 0, 1, 0]",5,0,0,,0.375,8
2598,9a0f078c-8861-11f1-93d7-b48c9db4e1b4,4,"[0, 1, 0, 1, 1, 0, 1, 0]",6,1,-1,,0.375,8
2599,9a0f078c-8861-11f1-93d7-b48c9db4e1b4,4,"[0, 1, 0, 1, 1, 0, 1, 0]",7,0,0,,0.375,8
2600,9a0f078c-8861-11f1-93d7-b48c9db4e1b4,5,"[1, 0, 0, 1, 0, 0, 0, 1]",0,1,1,,0.375,8
2601,9a0f078c-8861-11f1-93d7-b48c9db4e1b4,5,"[1, 0, 0, 1, 0, 0, 0, 1]",1,0,0,,0.375,8
2602,9a0f078c-8861-11f1-93d7-b48c9db4e1b4,5,"[1, 0, 0, 1, 0, 0, 0, 1]",2,0,0,,0.375,8
2603,9a0f078c-8861-11f1-93d7-b48c9db4e1b4,5,"[1, 0, 0, 1, 0, 0, 0, 1]",3,1,1,,0.375,8
2604,9a0f078c-8861-11f1-93d7-b48c9db4e1b4,5,"[1, 0, 0, 1, 0, 0, 0, 1]",4,0,0,,0.375,8
2605,9a0f078c-8861-11f1-93d7-b48c9db4e1b4,5,"[1, 0, 0, 1, 0, 0, 0, 1]",5,0,0,,0.375,8
2606,9a0f078c-8861-11f1-93d7-b48c9db4e1b4,5,"[1, 0, 0, 1, 0, 0, 0, 1]",6,0,0,,0.375,8
2607,9a0f078c-8861-11f1-93d7-b48c9db4e1b4,5,"[1, 0, 0, 1, 0, 0, 0, 1]",7,1,1,,0.375,8
2608,9a0f078c-8861-11f1-93d7-b48c9db4e1b4,6,"[0, 1, 0, 0, 1, 0, 0, 0]",0,0,0,,0.375,8
2609,9a0f078c-8861-11f1-93d7-b48c9db4e1b4,6,"[0, 1, 0, 0, 1, 0, 0, 0]",1,1,1,,0.375,8
2610,9a0f078c-8861-11f1-93d7-b48c9db4e1b4,6,"[0, 1, 0, 0, 1, 0, 0, 0]",2,0,0,,0.375,8
2611,9a0f078c-8861-11f1-93d7-b48c9db4e1b4,6,"[0, 1, 0, 0, 1, 0, 0, 0]",3,0,0,,0.375,8
2612,9a0f078c-8861-11f1-93d7-b48c9db4e1b4,6,"[0, 1, 0, 0, 1, 0, 0, 0]",4,1,1,,0.375,8
2613,9a0f078c-8861-11f1-93d7-b48c9db4e1b4,6,"[0, 1, 0, 0, 1, 0, 0, 0]",5,0,0,,0.375,8
2614,9a0f078c-8861-11f1-93d7-b48c9db4e1b4,6,"[0, 1, 0, 0, 1, 0, 0, 0]",6,0,0,,0.375,8
2615,9a0f078c-8861-11f1-93d7-b48c9db4e1b4,6,"[0, 1, 0, 0, 1, 0, 0, 0]",7,0,0,,0.375,8
2616,9a0f078c-8861-11f1-93d7-b48c9db4e1b4,7,"[1, 0, 0, 1, 1, 0, 1, 0]",0,1,-1,,0.375,8
2617,9a0f078c-8861-11f1-93d7-b48c9db4e1b4,7,"[1, 0, 0, 1, 1, 0, 1, 0]",1,0,0,,0.375,8
2618,9a0f078c-8861-11f1-93d7-b48c9db4e1b4,7,"[1, 0, 0, 1, 1, 0, 1, 0]",2,0,0,,0.375,8
2619,9a0f078c-8861-11f1-93d7-b48c9db4e1b4,7,"[1, 0, 0, 1, 1, 0, 1, 0]",3,1,-1,,0.375,8
2620,9a0f078c-8861-11f1-93d7-b48c9db4e1b4,7,"[1, 0, 0, 1, 1, 0, 1, 0]",4,1,-1,,0.375,8
2621,9a0f078c-8861-11f1-93d7-b48c9db4e1b4,7,"[1, 0, 0, 1, 1, 0, 1, 0]",5,0,0,,0.375,8
2622,9a0f078c-8861-11f1-93d7-b48c9db4e1b4,7,"[1, 0, 0, 1, 1, 0, 1, 0]",6,1,-1,,0.375,8
2623,9a0f078c-8861-11f1-93d7-b48c9db4e1b4,7,"[1, 0, 0, 1, 1, 0, 1, 0]",7,0,0,,0.375,8
2624,9a0f078c-8861-11f1-93d7-b48c9db4e1b4,8,"[1, 0, 0, 0, 1, 0, 1, 1]",0,1,-1,,0.375,8
2625,9a0f078c-8861-11f1-93d7-b48c9db4e1b4,8,"[1, 0, 0, 0, 1, 0, 1, 1]",1,0,0,,0.375,8
2626,9a0f078c-8861-11f1-93d7-b48c9db4e1b4,8,"[1, 0, 0, 0, 1, 0, 1, 1]",2,0,0,,0.375,8
2627,9a0f078c-8861-11f1-93d7-b48c9db4e1b4,8,"[1, 0, 0, 0, 1, 0, 1, 1]",3,0,0,,0.375,8
2628,9a0f078c-8861-11f1-93d7-b48c9db4e1b4,8,"[1, 0, 0, 0, 1, 0, 1, 1]",4,1,-1,,0.375,8
2629,9a0f078c-8861-11f1-93d7-b48c9db4e1b4,8,"[1, 0, 0, 0, 1, 0, 1, 1]",5,0,0,,0.375,8
2630,9a0f078c-8861-11f1-93d7-b48c9db4e1b4,8,"[1, 0, 0, 0, 1, 0, 1, 1]",6,1,-1,,0.375,8
2631,9a0f078c-8861-11f1-93d7-b48c9db4e1b4,8,"[1, 0, 0, 0, 1, 0, 1, 1]",7,1,-1,,0.375,8
2632,9a0f078c-8861-11f1-93d7-b48c9db4e1b4,9,"[1, 1, 0, 0, 0, 1, 0, 0]",0,1,1,,0.375,8
2633,9a0f078c-8861-11f1-93d7-b48c9db4e1b4,9,"[1, 1, 0, 0, 0, 1, 0, 0]",1,1,1,,0.375,8
2634,9a0f078c-8861-11f1-93d7-b48c9db4e1b4,9,"[1, 1, 0, 0, 0, 1, 0, 0]",2,0,0,,0.375,8
2635,9a0f078c-8861-11f1-93d7-b48c9db4e1b4,9,"[1, 1, 0, 0, 0, 1, 0, 0]",3,0,0,,0.375,8
2636,9a0f078c-8861-11f1-93d7-b48c9db4e1b4,9,"[1, 1, 0, 0, 0, 1, 0, 0]",4,0,0,,0.375,8
2637,9a0f078c-8861-11f1-93d7-b48c9db4e1b4,9,"[1, 1, 0, 0, 0, 1, 0, 0]",5,1,1,,0.375,8
2638,9a0f078c-8861-11f1-93d7-b48c9db4e1b4,9,"[1, 1, 0, 0, 0, 1, 0, 0]",6,0,0,,0.375,8
2639,9a0f078c-8861-11f1-93d7-b48c9db4e1b4,9,"[1, 1, 0, 0, 0, 1, 0, 0]",7,0,0,,0.375,8
2640,9a0f078c-8861-11f1-93d7-b48c9db4e1b4,10,"[0, 1, 0, 0, 0, 0, 1, 0]",0,0,0,,0.375,8
2641,9a0f078c-8861-11f1-93d7-b48c9db4e1b4,10,"[0, 1, 0, 0, 0, 0, 1, 0]",1,1,1,,0.375,8
2642,9a0f078c-8861-11f1-93d7-b48c9db4e1b4,10,"[0, 1, 0, 0, 0, 0, 1, 0]",2,0,0,,0.375,8
2643,9a0f078c-8861-11f1-93d7-b48c9db4e1b4,10,"[0, 1, 0, 0, 0, 0, 1, 0]",3,0,0,,0.375,8
2644,9a0f078c-8861-11f1-93d7-b48c9db4e1b4,10,"[0, 1, 0, 0, 0, 0, 1, 0]",4,0,0,,0.375,8
2645,9a0f078c-8861-11f1-93d7-b48c9db4e1b4,10,"[0, 1, 0, 0, 0, 0, 1, 0]",5,0,0,,0.375,8
2646,9a0f078c-8861-11f1-93d7-b48c9db4e1b4,10,"[0, 1, 0, 0, 0, 0, 1, 0]",6,1,1,,0.375,8
2647,9a0f078c-8861-11f1-93d7-b48c9db4e1b4,10,"[0, 1, 0, 0, 0, 0, 1, 0]",7,0,0,,0.375,8
2648,9a0f078c-8861-11f1-93d7-b48c9db4e1b4,11,"[1, 1, 0, 0, 0, 0, 0, 0]",0,1,1,,0.375,8
2649,9a0f078c-8861-11f1-93d7-b48c9db4e1b4,11,"[1, 1, 0, 0, 0, 0, 0, 0]",1,1,1,,0.375,8
2650,9a0f078c-8861-11f1-93d7-b48c9db4e1b4,11,"[1, 1, 0, 0, 0, 0, 0, 0]",2,0,0,,0.375,8
2651,9a0f078c-8861-11f1-93d7-b48c9db4e1b4,11,"[1, 1, 0, 0, 0, 0, 0, 0]",3,0,0,,0.375,8
2652,9a0f078c-8861-11f1-93d7-b48c9db4e1b4,11,"[1, 1, 0, 0, 0, 0, 0, 0]",4,0,0,,0.375,8
2653,9a0f078c-8861-11f1-93d7-b48c9db4e1b4,11,"[1, 1, 0, 0, 0, 0, 0, 0]",5,0,0,,0.375,8
2654,9a0f078c-8861-11f1-93d7-b48c9db4e1b4,11,"[1, 1, 0, 0, 0, 0, 0, 0]",6,0,0,,0.375,8
2655,9a0f078c-8861-11f1-93d7-b48c9db4e1b4,11,"[1, 1, 0, 0, 0, 0, 0, 0]",7,0,0,,0.375,8
2656,9a0f078c-8861-11f1-93d7-b48c9db4e1b4,12,"[1, 1, 0, 1, 1, 0, 1, 1]",0,1,-1,,0.375,8
2657,9a0f078c-8861-11f1-93d7-b48c9db4e1b4,12,"[1, 1, 0, 1, 1, 0, 1, 1]",1,1,-1,,0.375,8
2658,9a0f078c-8861-11f1-93d7-b48c9db4e1b4,12,"[1, 1, 0, 1, 1, 0, 1, 1]",2,0,0,,0.375,8
2659,9a0f078c-8861-11f1-93d7-b48c9db4e1b4,12,"[1, 1, 0, 1, 1, 0, 1, 1]",3,1,-1,,0.375,8
2660,9a0f078c-8861-11f1-93d7-b48c9db4e1b4,12,"[1, 1, 0, 1, 1, 0, 1, 1]",4,1,-1,,0.375,8
2661,9a0f078c-8861-11f1-93d7-b48c9db4e1b4,12,"[1, 1, 0, 1, 1, 0, 1, 1]",5,0,0,,0.375,8
2662,9a0f078c-8861-11f1-93d7-b48c9db4e1b4,12,"[1, 1, 0, 1, 1, 0, 1, 1]",6,1,-1,,0.375,8
2663,9a0f078c-8861-11f1-93d7-b48c9db4e1b4,12,"[1, 1, 0, 1, 1, 0, 1, 1]",7,1,-1,,0.375,8
2664,9a0f078c-8861-11f1-93d7-b48c9db4e1b4,13,"[0, 1, 1, 1, 1, 0, 1, 1]",0,0,0,,0.375,8
2665,9a0f078c-8861-11f1-93d7-b48c9db4e1b4,13,"[0, 1, 1, 1, 1, 0, 1, 1]",1,1,-1,,0.375,8
2666,9a0f078c-8861-11f1-93d7-b48c9db4e1b4,13,"[0, 1, 1, 1, 1, 0, 1, 1]",2,1,-1,,0.375,8
2667,9a0f078c-8861-11f1-93d7-b48c9db4e1b4,13,"[0, 1, 1, 1, 1, 0, 1, 1]",3,1,-1,,0.375,8
2668,9a0f078c-8861-11f1-93d7-b48c9db4e1b4,13,"[0, 1, 1, 1, 1, 0, 1, 1]",4,1,-1,,0.375,8
2669,9a0f078c-8861-11f1-93d7-b48c9db4e1b4,13,"[0, 1, 1, 1, 1, 0, 1, 1]",5,0,0,,0.375,8
2670,9a0f078c-8861-11f1-93d7-b48c9db4e1b4,13,"[0, 1, 1, 1, 1, 0, 1, 1]",6,1,-1,,0.375,8
2671,9a0f078c-8861-11f1-93d7-b48c9db4e1b4,13,"[0, 1, 1, 1, 1, 0, 1, 1]",7,1,-1,,0.375,8
2672,9a0f078c-8861-11f1-93d7-b48c9db4e1b4,14,"[0, 1, 1, 0, 1, 1, 0, 1]",0,0,0,,0.375,8
2673,9a0f078c-8861-11f1-93d7-b48c9db4e1b4,14,"[0, 1, 1, 0, 1, 1, 0, 1]",1,1,-1,,0.375,8
2674,9a0f078c-8861-11f1-93d7-b48c9db4e1b4,14,"[0, 1, 1, 0, 1, 1, 0, 1]",2,1,-1,,0.375,8
2675,9a0f078c-8861-11f1-93d7-b48c9db4e1b4,14,"[0, 1, 1, 0, 1, 1, 0, 1]",3,0,0,,0.375,8
2676,9a0f078c-8861-11f1-93d7-b48c9db4e1b4,14,"[0, 1, 1, 0, 1, 1, 0, 1]",4,1,-1,,0.375,8
2677,9a0f078c-8861-11f1-93d7-b48c9db4e1b4,14,"[0, 1, 1, 0, 1, 1, 0, 1]",5,1,-1,,0.375,8
2678,9a0f078c-8861-11f1-93d7-b48c9db4e1b4,14,"[0, 1, 1, 0, 1, 1, 0, 1]",6,0,0,,0.375,8
2679,9a0f078c-8861-11f1-93d7-b48c9db4e1b4,14,"[0, 1, 1, 0, 1, 1, 0, 1]",7,1,-1,,0.375,8
2680,9a0f078c-8861-11f1-93d7-b48c9db4e1b4,15,"[0, 1, 1, 1, 1, 1, 1, 1]",0,0,0,,0.375,8
2681,9a0f078c-8861-11f1-93d7-b48c9db4e1b4,15,"[0, 1, 1, 1, 1, 1, 1, 1]",1,1,-1,,0.375,8
2682,9a0f078c-8861-11f1-93d7-b48c9db4e1b4,15,"[0, 1, 1, 1, 1, 1, 1, 1]",2,1,-1,,0.375,8
2683,9a0f078c-8861-11f1-93d7-b48c9db4e1b4,15,"[0, 1, 1, 1, 1, 1, 1, 1]",3,1,-1,,0.375,8
2684,9a0f078c-8861-11f1-93d7-b48c9db4e1b4,15,"[0, 1, 1, 1, 1, 1, 1, 1]",4,1,-1,,0.375,8
2685,9a0f078c-8861-11f1-93d7-b48c9db4e1b4,15,"[0, 1, 1, 1, 1, 1, 1, 1]",5,1,-1,,0.375,8
2686,9a0f078c-8861-11f1-93d7-b48c9db4e1b4,15,"[0, 1, 1, 1, 1, 1, 1, 1]",6,1,-1,,0.375,8
2687,9a0f078c-8861-11f1-93d7-b48c9db4e1b4,15,"[0, 1, 1, 1, 1, 1, 1, 1]",7,1,-1,,0.375,8
2688,9a0f078c-8861-11f1-93d7-b48c9db4e1b4,16,"[0, 1, 1, 0, 0, 1, 1, 0]",0,0,0,,0.375,8
2689,9a0f078c-8861-11f1-93d7-b48c9db4e1b4,16,"[0, 1, 1, 0, 0, 1, 1, 0]",1,1,-1,,0.375,8
2690,9a0f078c-8861-11f1-93d7-b48c9db4e1b4,16,"[0, 1, 1, 0, 0, 1, 1, 0]",2,1,-1,,0.375,8
2691,9a0f078c-8861-11f1-93d7-b48c9db4e1b4,16,"[0, 1, 1, 0, 0, 1, 1, 0]",3,0,0,,0.375,8
2692,9a0f078c-8861-11f1-93d7-b48c9db4e1b4,16,"[0, 1, 1, 0, 0, 1, 1, 0]",4,0,0,,0.375,8
2693,9a0f078c-8861-11f1-93d7-b48c9db4e1b4,16,"[0, 1, 1, 0, 0, 1, 1, 0]",5,1,-1,,0.375,8
2694,9a0f078c-8861-11f1-93d7-b48c9db4e1b4,16,"[0, 1, 1, 0, 0, 1, 1, 0]",6,1,-1,,0.375,8
2695,9a0f078c-8861-11f1-93d7-b48c9db4e1b4,16,"[0, 1, 1, 0, 0, 1, 1, 0]",7,0,0,,0.375,8
2696,9a0f078c-8861-11f1-93d7-b48c9db4e1b4,17,"[1, 1, 0, 1, 0, 0, 1, 1]",0,1,-1,,0.375,8
2697,9a0f078c-8861-11f1-93d7-b48c9db4e1b4,17,"[1, 1, 0, 1, 0, 0, 1, 1]",1,1,-1,,0.375,8
2698,9a0f078c-8861-11f1-93d7-b48c9db4e1b4,17,"[1, 1, 0, 1, 0, 0, 1, 1]",2,0,0,,0.375,8
2699,9a0f078c-8861-11f1-93d7-b48c9db4e1b4,17,"[1, 1, 0, 1, 0, 0, 1, 1]",3,1,-1,,0.375,8
2700,9a0f078c-8861-11f1-93d7-b48c9db4e1b4,17,"[1, 1, 0, 1, 0, 0, 1, 1]",4,0,0,,0.375,8
2701,9a0f078c-8861-11f1-93d7-b48c9db4e1b4,17,"[1, 1, 0, 1, 0, 0, 1, 1]",5,0,0,,0.375,8
2702,9a0f078c-8861-11f1-93d7-b48c9db4e1b4,17,"[1, 1, 0, 1, 0, 0, 1, 1]",6,1,-1,,0.375,8
2703,9a0f078c-8861-11f1-93d7-b48c9db4e1b4,17,"[1, 1, 0, 1, 0, 0, 1, 1]",7,1,-1,,0.375,8
2704,9a0f078c-8861-11f1-93d7-b48c9db4e1b4,18,"[0, 0, 1, 0, 0, 1, 1, 1]",0,0,0,,0.375,8
2705,9a0f078c-8861-11f1-93d7-b48c9db4e1b4,18,"[0, 0, 1, 0, 0, 1, 1, 1]",1,0,0,,0.375,8
2706,9a0f078c-8861-11f1-93d7-b48c9db4e1b4,18,"[0, 0, 1, 0, 0, 1, 1, 1]",2,1,-1,,0.375,8
2707,9a0f078c-8861-11f1-93d7-b48c9db4e1b4,18,"[0, 0, 1, 0, 0, 1, 1, 1]",3,0,0,,0.375,8
2708,9a0f078c-8861-11f1-93d7-b48c9db4e1b4,18,"[0, 0, 1, 0, 0, 1, 1, 1]",4,0,0,,0.375,8
2709,9a0f078c-8861-11f1-93d7-b48c9db4e1b4,18,"[0, 0, 1, 0, 0, 1, 1, 1]",5,1,-1,,0.375,8
2710,9a0f078c-8861-11f1-93d7-b48c9db4e1b4,18,"[0, 0, 1, 0, 0, 1, 1, 1]",6,1,-1,,0.375,8
2711,9a0f078c-8861-11f1-93d7-b48c9db4e1b4,18,"[0, 0, 1, 0, 0, 1, 1, 1]",7,1,-1,,0.375,8
2712,9a0f078c-8861-11f1-93d7-b48c9db4e1b4,19,"[0, 0, 0, 1, 0, 0, 0, 0]",0,0,0,,0.375,8
2713,9a0f078c-8861-11f1-93d7-b48c9db4e1b4,19,"[0, 0, 0, 1, 0, 0, 0, 0]",1,0,0,,0.375,8
2714,9a0f078c-8861-11f1-93d7-b48c9db4e1b4,19,"[0, 0, 0, 1, 0, 0, 0, 0]",2,0,0,,0.375,8
2715,9a0f078c-8861-11f1-93d7-b48c9db4e1b4,19,"[0, 0, 0, 1, 0, 0, 0, 0]",3,1,1,,0.375,8
2716,9a0f078c-8861-11f1-93d7-b48c9db4e1b4,19,"[0, 0, 0, 1, 0, 0, 0, 0]",4,0,0,,0.375,8
2717,9a0f078c-8861-11f1-93d7-b48c9db4e1b4,19,"[0, 0, 0, 1, 0, 0, 0, 0]",5,0,0,,0.375,8
2718,9a0f078c-8861-11f1-93d7-b48c9db4e1b4,19,"[0, 0, 0, 1, 0, 0, 0, 0]",6,0,0,,0.375,8
2719,9a0f078c-8861-11f1-93d7-b48c9db4e1b4,19,"[0, 0, 0, 1, 0, 0, 0, 0]",7,0,0,,0.375,8
2720,9a1208a9-8861-11f1-a672-b48c9db4e1b4,0,"[1, 1, 0, 1, 0, 0, 1, 0]",0,1,-1,,0.375,8
2721,9a1208a9-8861-11f1-a672-b48c9db4e1b4,0,"[1, 1, 0, 1, 0, 0, 1, 0]",1,1,-1,,0.375,8
2722,9a1208a9-8861-11f1-a672-b48c9db4e1b4,0,"[1, 1, 0, 1, 0, 0, 1, 0]",2,0,0,,0.375,8
2723,9a1208a9-8861-11f1-a672-b48c9db4e1b4,0,"[1, 1, 0, 1, 0, 0, 1, 0]",3,1,-1,,0.375,8
2724,9a1208a9-8861-11f1-a672-b48c9db4e1b4,0,"[1, 1, 0, 1, 0, 0, 1, 0]",4,0,0,,0.375,8
2725,9a1208a9-8861-11f1-a672-b48c9db4e1b4,0,"[1, 1, 0, 1, 0, 0, 1, 0]",5,0,0,,0.375,8
2726,9a1208a9-8861-11f1-a672-b48c9db4e1b4,0,"[1, 1, 0, 1, 0, 0, 1, 0]",6,1,-1,,0.375,8
2727,9a1208a9-8861-11f1-a672-b48c9db4e1b4,0,"[1, 1, 0, 1, 0, 0, 1, 0]",7,0,0,,0.375,8
2728,9a1208a9-8861-11f1-a672-b48c9db4e1b4,1,"[0, 0, 0, 0, 1, 0, 0, 0]",0,0,0,,0.375,8
2729,9a1208a9-8861-11f1-a672-b48c9db4e1b4,1,"[0, 0, 0, 0, 1, 0, 0, 0]",1,0,0,,0.375,8
2730,9a1208a9-8861-11f1-a672-b48c9db4e1b4,1,"[0, 0, 0, 0, 1, 0, 0, 0]",2,0,0,,0.375,8
2731,9a1208a9-8861-11f1-a672-b48c9db4e1b4,1,"[0, 0, 0, 0, 1, 0, 0, 0]",3,0,0,,0.375,8
2732,9a1208a9-8861-11f1-a672-b48c9db4e1b4,1,"[0, 0, 0, 0, 1, 0, 0, 0]",4,1,1,,0.375,8
2733,9a1208a9-8861-11f1-a672-b48c9db4e1b4,1,"[0, 0, 0, 0, 1, 0, 0, 0]",5,0,0,,0.375,8
2734,9a1208a9-8861-11f1-a672-b48c9db4e1b4,1,"[0, 0, 0, 0, 1, 0, 0, 0]",6,0,0,,0.375,8
2735,9a1208a9-8861-11f1-a672-b48c9db4e1b4,1,"[0, 0, 0, 0, 1, 0, 0, 0]",7,0,0,,0.375,8
2736,9a1208a9-8861-11f1-a672-b48c9db4e1b4,2,"[1, 0, 1, 0, 0, 0, 0, 0]",0,1,1,,0.375,8
2737,9a1208a9-8861-11f1-a672-b48c9db4e1b4,2,"[1, 0, 1, 0, 0, 0, 0, 0]",1,0,0,,0.375,8
2738,9a1208a9-8861-11f1-a672-b48c9db4e1b4,2,"[1, 0, 1, 0, 0, 0, 0, 0]",2,1,1,,0.375,8
2739,9a1208a9-8861-11f1-a672-b48c9db4e1b4,2,"[1, 0, 1, 0, 0, 0, 0, 0]",3,0,0,,0.375,8
2740,9a1208a9-8861-11f1-a672-b48c9db4e1b4,2,"[1, 0, 1, 0, 0, 0, 0, 0]",4,0,0,,0.375,8
2741,9a1208a9-8861-11f1-a672-b48c9db4e1b4,2,"[1, 0, 1, 0, 0, 0, 0, 0]",5,0,0,,0.375,8
2742,9a1208a9-8861-11f1-a672-b48c9db4e1b4,2,"[1, 0, 1, 0, 0, 0, 0, 0]",6,0,0,,0.375,8
2743,9a1208a9-8861-11f1-a672-b48c9db4e1b4,2,"[1, 0, 1, 0, 0, 0, 0, 0]",7,0,0,,0.375,8
2744,9a1208a9-8861-11f1-a672-b48c9db4e1b4,3,"[0, 1, 1, 1, 0, 1, 1, 0]",0,0,0,,0.375,8
2745,9a1208a9-8861-11f1-a672-b48c9db4e1b4,3,"[0, 1, 1, 1, 0, 1, 1, 0]",1,1,-1,,0.375,8
2746,9a1208a9-8861-11f1-a672-b48c9db4e1b4,3,"[0, 1, 1, 1, 0, 1, 1, 0]",2,1,-1,,0.375,8
2747,9a1208a9-8861-11f1-a672-b48c9db4e1b4,3,"[0, 1, 1, 1, 0, 1, 1, 0]",3,1,-1,,0.375,8
2748,9a1208a9-8861-11f1-a672-b48c9db4e1b4,3,"[0, 1, 1, 1, 0, 1, 1, 0]",4,0,0,,0.375,8
2749,9a1208a9-8861-11f1-a672-b48c9db4e1b4,3,"[0, 1, 1, 1, 0, 1, 1, 0]",5,1,-1,,0.375,8
2750,9a1208a9-8861-11f1-a672-b48c9db4e1b4,3,"[0, 1, 1, 1, 0, 1, 1, 0]",6,1,-1,,0.375,8
2751,9a1208a9-8861-11f1-a672-b48c9db4e1b4,3,"[0, 1, 1, 1, 0, 1, 1, 0]",7,0,0,,0.375,8
2752,9a1208a9-8861-11f1-a672-b48c9db4e1b4,4,"[1, 1, 1, 1, 0, 0, 0, 0]",0,1,-1,,0.375,8
2753,9a1208a9-8861-11f1-a672-b48c9db4e1b4,4,"[1, 1, 1, 1, 0, 0, 0, 0]",1,1,-1,,0.375,8
2754,9a1208a9-8861-11f1-a672-b48c9db4e1b4,4,"[1, 1, 1, 1, 0, 0, 0, 0]",2,1,-1,,0.375,8
2755,9a1208a9-8861-11f1-a672-b48c9db4e1b4,4,"[1, 1, 1, 1, 0, 0, 0, 0]",3,1,-1,,0.375,8
2756,9a1208a9-8861-11f1-a672-b48c9db4e1b4,4,"[1, 1, 1, 1, 0, 0, 0, 0]",4,0,0,,0.375,8
2757,9a1208a9-8861-11f1-a672-b48c9db4e1b4,4,"[1, 1, 1, 1, 0, 0, 0, 0]",5,0,0,,0.375,8
2758,9a1208a9-8861-11f1-a672-b48c9db4e1b4,4,"[1, 1, 1, 1, 0, 0, 0, 0]",6,0,0,,0.375,8
2759,9a1208a9-8861-11f1-a672-b48c9db4e1b4,4,"[1, 1, 1, 1, 0, 0, 0, 0]",7,0,0,,0.375,8
2760,9a1208a9-8861-11f1-a672-b48c9db4e1b4,5,"[0, 1, 0, 0, 1, 0, 1, 1]",0,0,0,,0.375,8
2761,9a1208a9-8861-11f1-a672-b48c9db4e1b4,5,"[0, 1, 0, 0, 1, 0, 1, 1]",1,1,-1,,0.375,8
2762,9a1208a9-8861-11f1-a672-b48c9db4e1b4,5,"[0, 1, 0, 0, 1, 0, 1, 1]",2,0,0,,0.375,8
2763,9a1208a9-8861-11f1-a672-b48c9db4e1b4,5,"[0, 1, 0, 0, 1, 0, 1, 1]",3,0,0,,0.375,8
2764,9a1208a9-8861-11f1-a672-b48c9db4e1b4,5,"[0, 1, 0, 0, 1, 0, 1, 1]",4,1,-1,,0.375,8
2765,9a1208a9-8861-11f1-a672-b48c9db4e1b4,5,"[0, 1, 0, 0, 1, 0, 1, 1]",5,0,0,,0.375,8
2766,9a1208a9-8861-11f1-a672-b48c9db4e1b4,5,"[0, 1, 0, 0, 1, 0, 1, 1]",6,1,-1,,0.375,8
2767,9a1208a9-8861-11f1-a672-b48c9db4e1b4,5,"[0, 1, 0, 0, 1, 0, 1, 1]",7,1,-1,,0.375,8
2768,9a1208a9-8861-11f1-a672-b48c9db4e1b4,6,"[1, 0, 1, 1, 1, 0, 1, 0]",0,1,-1,,0.375,8
2769,9a1208a9-8861-11f1-a672-b48c9db4e1b4,6,"[1, 0, 1, 1, 1, 0, 1, 0]",1,0,0,,0.375,8
2770,9a1208a9-8861-11f1-a672-b48c9db4e1b4,6,"[1, 0, 1, 1, 1, 0, 1, 0]",2,1,-1,,0.375,8
2771,9a1208a9-8861-11f1-a672-b48c9db4e1b4,6,"[1, 0, 1, 1, 1, 0, 1, 0]",3,1,-1,,0.375,8
2772,9a1208a9-8861-11f1-a672-b48c9db4e1b4,6,"[1, 0, 1, 1, 1, 0, 1, 0]",4,1,-1,,0.375,8
2773,9a1208a9-8861-11f1-a672-b48c9db4e1b4,6,"[1, 0, 1, 1, 1, 0, 1, 0]",5,0,0,,0.375,8
2774,9a1208a9-8861-11f1-a672-b48c9db4e1b4,6,"[1, 0, 1, 1, 1, 0, 1, 0]",6,1,-1,,0.375,8
2775,9a1208a9-8861-11f1-a672-b48c9db4e1b4,6,"[1, 0, 1, 1, 1, 0, 1, 0]",7,0,0,,0.375,8
2776,9a1208a9-8861-11f1-a672-b48c9db4e1b4,7,"[0, 0, 0, 0, 1, 1, 1, 0]",0,0,0,,0.375,8
2777,9a1208a9-8861-11f1-a672-b48c9db4e1b4,7,"[0, 0, 0, 0, 1, 1, 1, 0]",1,0,0,,0.375,8
2778,9a1208a9-8861-11f1-a672-b48c9db4e1b4,7,"[0, 0, 0, 0, 1, 1, 1, 0]",2,0,0,,0.375,8
2779,9a1208a9-8861-11f1-a672-b48c9db4e1b4,7,"[0, 0, 0, 0, 1, 1, 1, 0]",3,0,0,,0.375,8
2780,9a1208a9-8861-11f1-a672-b48c9db4e1b4,7,"[0, 0, 0, 0, 1, 1, 1, 0]",4,1,1,,0.375,8
2781,9a1208a9-8861-11f1-a672-b48c9db4e1b4,7,"[0, 0, 0, 0, 1, 1, 1, 0]",5,1,1,,0.375,8
2782,9a1208a9-8861-11f1-a672-b48c9db4e1b4,7,"[0, 0, 0, 0, 1, 1, 1, 0]",6,1,1,,0.375,8
2783,9a1208a9-8861-11f1-a672-b48c9db4e1b4,7,"[0, 0, 0, 0, 1, 1, 1, 0]",7,0,0,,0.375,8
2784,9a1208a9-8861-11f1-a672-b48c9db4e1b4,8,"[1, 0, 0, 1, 0, 1, 0, 0]",0,1,1,,0.375,8
2785,9a1208a9-8861-11f1-a672-b48c9db4e1b4,8,"[1, 0, 0, 1, 0, 1, 0, 0]",1,0,0,,0.375,8
2786,9a1208a9-8861-11f1-a672-b48c9db4e1b4,8,"[1, 0, 0, 1, 0, 1, 0, 0]",2,0,0,,0.375,8
2787,9a1208a9-8861-11f1-a672-b48c9db4e1b4,8,"[1, 0, 0, 1, 0, 1, 0, 0]",3,1,1,,0.375,8
2788,9a1208a9-8861-11f1-a672-b48c9db4e1b4,8,"[1, 0, 0, 1, 0, 1, 0, 0]",4,0,0,,0.375,8
2789,9a1208a9-8861-11f1-a672-b48c9db4e1b4,8,"[1, 0, 0, 1, 0, 1, 0, 0]",5,1,1,,0.375,8
2790,9a1208a9-8861-11f1-a672-b48c9db4e1b4,8,"[1, 0, 0, 1, 0, 1, 0, 0]",6,0,0,,0.375,8
2791,9a1208a9-8861-11f1-a672-b48c9db4e1b4,8,"[1, 0, 0, 1, 0, 1, 0, 0]",7,0,0,,0.375,8
2792,9a1208a9-8861-11f1-a672-b48c9db4e1b4,9,"[0, 1, 0, 1, 0, 0, 0, 0]",0,0,0,,0.375,8
2793,9a1208a9-8861-11f1-a672-b48c9db4e1b4,9,"[0, 1, 0, 1, 0, 0, 0, 0]",1,1,1,,0.375,8
2794,9a1208a9-8861-11f1-a672-b48c9db4e1b4,9,"[0, 1, 0, 1, 0, 0, 0, 0]",2,0,0,,0.375,8
2795,9a1208a9-8861-11f1-a672-b48c9db4e1b4,9,"[0, 1, 0, 1, 0, 0, 0, 0]",3,1,1,,0.375,8
2796,9a1208a9-8861-11f1-a672-b48c9db4e1b4,9,"[0, 1, 0, 1, 0, 0, 0, 0]",4,0,0,,0.375,8
2797,9a1208a9-8861-11f1-a672-b48c9db4e1b4,9,"[0, 1, 0, 1, 0, 0, 0, 0]",5,0,0,,0.375,8
2798,9a1208a9-8861-11f1-a672-b48c9db4e1b4,9,"[0, 1, 0, 1, 0, 0, 0, 0]",6,0,0,,0.375,8
2799,9a1208a9-8861-11f1-a672-b48c9db4e1b4,9,"[0, 1, 0, 1, 0, 0, 0, 0]",7,0,0,,0.375,8
2800,9a1208a9-8861-11f1-a672-b48c9db4e1b4,10,"[0, 0, 1, 1, 1, 0, 1, 1]",0,0,0,,0.375,8
2801,9a1208a9-8861-11f1-a672-b48c9db4e1b4,10,"[0, 0, 1, 1, 1, 0, 1, 1]",1,0,0,,0.375,8
2802,9a1208a9-8861-11f1-a672-b48c9db4e1b4,10,"[0, 0, 1, 1, 1, 0, 1, 1]",2,1,-1,,0.375,8
2803,9a1208a9-8861-11f1-a672-b48c9db4e1b4,10,"[0, 0, 1, 1, 1, 0, 1, 1]",3,1,-1,,0.375,8
2804,9a1208a9-8861-11f1-a672-b48c9db4e1b4,10,"[0, 0, 1, 1, 1, 0, 1, 1]",4,1,-1,,0.375,8
2805,9a1208a9-8861-11f1-a672-b48c9db4e1b4,10,"[0, 0, 1, 1, 1, 0, 1, 1]",5,0,0,,0.375,8
2806,9a1208a9-8861-11f1-a672-b48c9db4e1b4,10,"[0, 0, 1, 1, 1, 0, 1, 1]",6,1,-1,,0.375,8
2807,9a1208a9-8861-11f1-a672-b48c9db4e1b4,10,"[0, 0, 1, 1, 1, 0, 1, 1]",7,1,-1,,0.375,8
2808,9a1208a9-8861-11f1-a672-b48c9db4e1b4,11,"[1, 1, 0, 0, 0, 0, 0, 0]",0,1,1,,0.375,8
2809,9a1208a9-8861-11f1-a672-b48c9db4e1b4,11,"[1, 1, 0, 0, 0, 0, 0, 0]",1,1,1,,0.375,8
2810,9a1208a9-8861-11f1-a672-b48c9db4e1b4,11,"[1, 1, 0, 0, 0, 0, 0, 0]",2,0,0,,0.375,8
2811,9a1208a9-8861-11f1-a672-b48c9db4e1b4,11,"[1, 1, 0, 0, 0, 0, 0, 0]",3,0,0,,0.375,8
2812,9a1208a9-8861-11f1-a672-b48c9db4e1b4,11,"[1, 1, 0, 0, 0, 0, 0, 0]",4,0,0,,0.375,8
2813,9a1208a9-8861-11f1-a672-b48c9db4e1b4,11,"[1, 1, 0, 0, 0, 0, 0, 0]",5,0,0,,0.375,8
2814,9a1208a9-8861-11f1-a672-b48c9db4e1b4,11,"[1, 1, 0, 0, 0, 0, 0, 0]",6,0,0,,0.375,8
2815,9a1208a9-8861-11f1-a672-b48c9db4e1b4,11,"[1, 1, 0, 0, 0, 0, 0, 0]",7,0,0,,0.375,8
2816,9a1208a9-8861-11f1-a672-b48c9db4e1b4,12,"[1, 0, 0, 0, 0, 1, 0, 1]",0,1,1,,0.375,8
2817,9a1208a9-8861-11f1-a672-b48c9db4e1b4,12,"[1, 0, 0, 0, 0, 1, 0, 1]",1,0,0,,0.375,8
2818,9a1208a9-8861-11f1-a672-b48c9db4e1b4,12,"[1, 0, 0, 0, 0, 1, 0, 1]",2,0,0,,0.375,8
2819,9a1208a9-8861-11f1-a672-b48c9db4e1b4,12,"[1, 0, 0, 0, 0, 1, 0, 1]",3,0,0,,0.375,8
2820,9a1208a9-8861-11f1-a672-b48c9db4e1b4,12,"[1, 0, 0, 0, 0, 1, 0, 1]",4,0,0,,0.375,8
2821,9a1208a9-8861-11f1-a672-b48c9db4e1b4,12,"[1, 0, 0, 0, 0, 1, 0, 1]",5,1,1,,0.375,8
2822,9a1208a9-8861-11f1-a672-b48c9db4e1b4,12,"[1, 0, 0, 0, 0, 1, 0, 1]",6,0,0,,0.375,8
2823,9a1208a9-8861-11f1-a672-b48c9db4e1b4,12,"[1, 0, 0, 0, 0, 1, 0, 1]",7,1,1,,0.375,8
2824,9a1208a9-8861-11f1-a672-b48c9db4e1b4,13,"[0, 0, 0, 1, 0, 1, 1, 1]",0,0,0,,0.375,8
2825,9a1208a9-8861-11f1-a672-b48c9db4e1b4,13,"[0, 0, 0, 1, 0, 1, 1, 1]",1,0,0,,0.375,8
2826,9a1208a9-8861-11f1-a672-b48c9db4e1b4,13,"[0, 0, 0, 1, 0, 1, 1, 1]",2,0,0,,0.375,8
2827,9a1208a9-8861-11f1-a672-b48c9db4e1b4,13,"[0, 0, 0, 1, 0, 1, 1, 1]",3,1,-1,,0.375,8
2828,9a1208a9-8861-11f1-a672-b48c9db4e1b4,13,"[0, 0, 0, 1, 0, 1, 1, 1]",4,0,0,,0.375,8
2829,9a1208a9-8861-11f1-a672-b48c9db4e1b4,13,"[0, 0, 0, 1, 0, 1, 1, 1]",5,1,-1,,0.375,8
2830,9a1208a9-8861-11f1-a672-b48c9db4e1b4,13,"[0, 0, 0, 1, 0, 1, 1, 1]",6,1,-1,,0.375,8
2831,9a1208a9-8861-11f1-a672-b48c9db4e1b4,13,"[0, 0, 0, 1, 0, 1, 1, 1]",7,1,-1,,0.375,8
2832,9a1208a9-8861-11f1-a672-b48c9db4e1b4,14,"[1, 1, 1, 1, 0, 1, 0, 0]",0,1,-1,,0.375,8
2833,9a1208a9-8861-11f1-a672-b48c9db4e1b4,14,"[1, 1, 1, 1, 0, 1, 0, 0]",1,1,-1,,0.375,8
2834,9a1208a9-8861-11f1-a672-b48c9db4e1b4,14,"[1, 1, 1, 1, 0, 1, 0, 0]",2,1,-1,,0.375,8
2835,9a1208a9-8861-11f1-a672-b48c9db4e1b4,14,"[1, 1, 1, 1, 0, 1, 0, 0]",3,1,-1,,0.375,8
2836,9a1208a9-8861-11f1-a672-b48c9db4e1b4,14,"[1, 1, 1, 1, 0, 1, 0, 0]",4,0,0,,0.375,8
2837,9a1208a9-8861-11f1-a672-b48c9db4e1b4,14,"[1, 1, 1, 1, 0, 1, 0, 0]",5,1,-1,,0.375,8
2838,9a1208a9-8861-11f1-a672-b48c9db4e1b4,14,"[1, 1, 1, 1, 0, 1, 0, 0]",6,0,0,,0.375,8
2839,9a1208a9-8861-11f1-a672-b48c9db4e1b4,14,"[1, 1, 1, 1, 0, 1, 0, 0]",7,0,0,,0.375,8
2840,9a1208a9-8861-11f1-a672-b48c9db4e1b4,15,"[0, 1, 0, 1, 0, 0, 0, 1]",0,0,0,,0.375,8
2841,9a1208a9-8861-11f1-a672-b48c9db4e1b4,15,"[0, 1, 0, 1, 0, 0, 0, 1]",1,1,1,,0.375,8
2842,9a1208a9-8861-11f1-a672-b48c9db4e1b4,15,"[0, 1, 0, 1, 0, 0, 0, 1]",2,0,0,,0.375,8
2843,9a1208a9-8861-11f1-a672-b48c9db4e1b4,15,"[0, 1, 0, 1, 0, 0, 0, 1]",3,1,1,,0.375,8
2844,9a1208a9-8861-11f1-a672-b48c9db4e1b4,15,"[0, 1, 0, 1, 0, 0, 0, 1]",4,0,0,,0.375,8
2845,9a1208a9-8861-11f1-a672-b48c9db4e1b4,15,"[0, 1, 0, 1, 0, 0, 0, 1]",5,0,0,,0.375,8
2846,9a1208a9-8861-11f1-a672-b48c9db4e1b4,15,"[0, 1, 0, 1, 0, 0, 0, 1]",6,0,0,,0.375,8
2847,9a1208a9-8861-11f1-a672-b48c9db4e1b4,15,"[0, 1, 0, 1, 0, 0, 0, 1]",7,1,1,,0.375,8
2848,9a1208a9-8861-11f1-a672-b48c9db4e1b4,16,"[1, 1, 1, 1, 0, 0, 1, 1]",0,1,-1,,0.375,8
2849,9a1208a9-8861-11f1-a672-b48c9db4e1b4,16,"[1, 1, 1, 1, 0, 0, 1, 1]",1,1,-1,,0.375,8
2850,9a1208a9-8861-11f1-a672-b48c9db4e1b4,16,"[1, 1, 1, 1, 0, 0, 1, 1]",2,1,-1,,0.375,8
2851,9a1208a9-8861-11f1-a672-b48c9db4e1b4,16,"[1, 1, 1, 1, 0, 0, 1, 1]",3,1,-1,,0.375,8
2852,9a1208a9-8861-11f1-a672-b48c9db4e1b4,16,"[1, 1, 1, 1, 0, 0, 1, 1]",4,0,0,,0.375,8
2853,9a1208a9-8861-11f1-a672-b48c9db4e1b4,16,"[1, 1, 1, 1, 0, 0, 1, 1]",5,0,0,,0.375,8
2854,9a1208a9-8861-11f1-a672-b48c9db4e1b4,16,"[1, 1, 1, 1, 0, 0, 1, 1]",6,1,-1,,0.375,8
2855,9a1208a9-8861-11f1-a672-b48c9db4e1b4,16,"[1, 1, 1, 1, 0, 0, 1, 1]",7,1,-1,,0.375,8
2856,9a1208a9-8861-11f1-a672-b48c9db4e1b4,17,"[1, 0, 0, 0, 1, 1, 0, 1]",0,1,-1,,0.375,8
2857,9a1208a9-8861-11f1-a672-b48c9db4e1b4,17,"[1, 0, 0, 0, 1, 1, 0, 1]",1,0,0,,0.375,8
2858,9a1208a9-8861-11f1-a672-b48c9db4e1b4,17,"[1, 0, 0, 0, 1, 1, 0, 1]",2,0,0,,0.375,8
2859,9a1208a9-8861-11f1-a672-b48c9db4e1b4,17,"[1, 0, 0, 0, 1, 1, 0, 1]",3,0,0,,0.375,8
2860,9a1208a9-8861-11f1-a672-b48c9db4e1b4,17,"[1, 0, 0, 0, 1, 1, 0, 1]",4,1,-1,,0.375,8
2861,9a1208a9-8861-11f1-a672-b48c9db4e1b4,17,"[1, 0, 0, 0, 1, 1, 0, 1]",5,1,-1,,0.375,8
2862,9a1208a9-8861-11f1-a672-b48c9db4e1b4,17,"[1, 0, 0, 0, 1, 1, 0, 1]",6,0,0,,0.375,8
2863,9a1208a9-8861-11f1-a672-b48c9db4e1b4,17,"[1, 0, 0, 0, 1, 1, 0, 1]",7,1,-1,,0.375,8
2864,9a1208a9-8861-11f1-a672-b48c9db4e1b4,18,"[1, 0, 1, 0, 1, 1, 0, 1]",0,1,-1,,0.375,8
2865,9a1208a9-8861-11f1-a672-b48c9db4e1b4,18,"[1, 0, 1, 0, 1, 1, 0, 1]",1,0,0,,0.375,8
2866,9a1208a9-8861-11f1-a672-b48c9db4e1b4,18,"[1, 0, 1, 0, 1, 1, 0, 1]",2,1,-1,,0.375,8
2867,9a1208a9-8861-11f1-a672-b48c9db4e1b4,18,"[1, 0, 1, 0, 1, 1, 0, 1]",3,0,0,,0.375,8
2868,9a1208a9-8861-11f1-a672-b48c9db4e1b4,18,"[1, 0, 1, 0, 1, 1, 0, 1]",4,1,-1,,0.375,8
2869,9a1208a9-8861-11f1-a672-b48c9db4e1b4,18,"[1, 0, 1, 0, 1, 1, 0, 1]",5,1,-1,,0.375,8
2870,9a1208a9-8861-11f1-a672-b48c9db4e1b4,18,"[1, 0, 1, 0, 1, 1, 0, 1]",6,0,0,,0.375,8
2871,9a1208a9-8861-11f1-a672-b48c9db4e1b4,18,"[1, 0, 1, 0, 1, 1, 0, 1]",7,1,-1,,0.375,8
2872,9a1208a9-8861-11f1-a672-b48c9db4e1b4,19,"[0, 0, 0, 0, 1, 0, 1, 0]",0,0,0,,0.375,8
2873,9a1208a9-8861-11f1-a672-b48c9db4e1b4,19,"[0, 0, 0, 0, 1, 0, 1, 0]",1,0,0,,0.375,8
2874,9a1208a9-8861-11f1-a672-b48c9db4e1b4,19,"[0, 0, 0, 0, 1, 0, 1, 0]",2,0,0,,0.375,8
2875,9a1208a9-8861-11f1-a672-b48c9db4e1b4,19,"[0, 0, 0, 0, 1, 0, 1, 0]",3,0,0,,0.375,8
2876,9a1208a9-8861-11f1-a672-b48c9db4e1b4,19,"[0, 0, 0, 0, 1, 0, 1, 0]",4,1,1,,0.375,8
2877,9a1208a9-8861-11f1-a672-b48c9db4e1b4,19,"[0, 0, 0, 0, 1, 0, 1, 0]",5,0,0,,0.375,8
2878,9a1208a9-8861-11f1-a672-b48c9db4e1b4,19,"[0, 0, 0, 0, 1, 0, 1, 0]",6,1,1,,0.375,8
2879,9a1208a9-8861-11f1-a672-b48c9db4e1b4,19,"[0, 0, 0, 0, 1, 0, 1, 0]",7,0,0,,0.375,8
2880,9a155254-8861-11f1-b8a2-b48c9db4e1b4,0,"[1, 1, 0, 0, 0, 0, 1, 0]",0,1,1,,0.375,8
2881,9a155254-8861-11f1-b8a2-b48c9db4e1b4,0,"[1, 1, 0, 0, 0, 0, 1, 0]",1,1,1,,0.375,8
2882,9a155254-8861-11f1-b8a2-b48c9db4e1b4,0,"[1, 1, 0, 0, 0, 0, 1, 0]",2,0,0,,0.375,8
2883,9a155254-8861-11f1-b8a2-b48c9db4e1b4,0,"[1, 1, 0, 0, 0, 0, 1, 0]",3,0,0,,0.375,8
2884,9a155254-8861-11f1-b8a2-b48c9db4e1b4,0,"[1, 1, 0, 0, 0, 0, 1, 0]",4,0,0,,0.375,8
2885,9a155254-8861-11f1-b8a2-b48c9db4e1b4,0,"[1, 1, 0, 0, 0, 0, 1, 0]",5,0,0,,0.375,8
2886,9a155254-8861-11f1-b8a2-b48c9db4e1b4,0,"[1, 1, 0, 0, 0, 0, 1, 0]",6,1,1,,0.375,8
2887,9a155254-8861-11f1-b8a2-b48c9db4e1b4,0,"[1, 1, 0, 0, 0, 0, 1, 0]",7,0,0,,0.375,8
2888,9a155254-8861-11f1-b8a2-b48c9db4e1b4,1,"[0, 0, 0, 0, 1, 1, 0, 1]",0,0,0,,0.375,8
2889,9a155254-8861-11f1-b8a2-b48c9db4e1b4,1,"[0, 0, 0, 0, 1, 1, 0, 1]",1,0,0,,0.375,8
2890,9a155254-8861-11f1-b8a2-b48c9db4e1b4,1,"[0, 0, 0, 0, 1, 1, 0, 1]",2,0,0,,0.375,8
2891,9a155254-8861-11f1-b8a2-b48c9db4e1b4,1,"[0, 0, 0, 0, 1, 1, 0, 1]",3,0,0,,0.375,8
2892,9a155254-8861-11f1-b8a2-b48c9db4e1b4,1,"[0, 0, 0, 0, 1, 1, 0, 1]",4,1,1,,0.375,8
2893,9a155254-8861-11f1-b8a2-b48c9db4e1b4,1,"[0, 0, 0, 0, 1, 1, 0, 1]",5,1,1,,0.375,8
2894,9a155254-8861-11f1-b8a2-b48c9db4e1b4,1,"[0, 0, 0, 0, 1, 1, 0, 1]",6,0,0,,0.375,8
2895,9a155254-8861-11f1-b8a2-b48c9db4e1b4,1,"[0, 0, 0, 0, 1, 1, 0, 1]",7,1,1,,0.375,8
2896,9a155254-8861-11f1-b8a2-b48c9db4e1b4,2,"[0, 1, 1, 0, 0, 0, 1, 1]",0,0,0,,0.375,8
2897,9a155254-8861-11f1-b8a2-b48c9db4e1b4,2,"[0, 1, 1, 0, 0, 0, 1, 1]",1,1,-1,,0.375,8
2898,9a155254-8861-11f1-b8a2-b48c9db4e1b4,2,"[0, 1, 1, 0, 0, 0, 1, 1]",2,1,-1,,0.375,8
2899,9a155254-8861-11f1-b8a2-b48c9db4e1b4,2,"[0, 1, 1, 0, 0, 0, 1, 1]",3,0,0,,0.375,8
2900,9a155254-8861-11f1-b8a2-b48c9db4e1b4,2,"[0, 1, 1, 0, 0, 0, 1, 1]",4,0,0,,0.375,8
2901,9a155254-8861-11f1-b8a2-b48c9db4e1b4,2,"[0, 1, 1, 0, 0, 0, 1, 1]",5,0,0,,0.375,8
2902,9a155254-8861-11f1-b8a2-b48c9db4e1b4,2,"[0, 1, 1, 0, 0, 0, 1, 1]",6,1,-1,,0.375,8
2903,9a155254-8861-11f1-b8a2-b48c9db4e1b4,2,"[0, 1, 1, 0, 0, 0, 1, 1]",7,1,-1,,0.375,8
2904,9a155254-8861-11f1-b8a2-b48c9db4e1b4,3,"[0, 0, 1, 0, 1, 1, 1, 0]",0,0,0,,0.375,8
2905,9a155254-8861-11f1-b8a2-b48c9db4e1b4,3,"[0, 0, 1, 0, 1, 1, 1, 0]",1,0,0,,0.375,8
2906,9a155254-8861-11f1-b8a2-b48c9db4e1b4,3,"[0, 0, 1, 0, 1, 1, 1, 0]",2,1,-1,,0.375,8
2907,9a155254-8861-11f1-b8a2-b48c9db4e1b4,3,"[0, 0, 1, 0, 1, 1, 1, 0]",3,0,0,,0.375,8
2908,9a155254-8861-11f1-b8a2-b48c9db4e1b4,3,"[0, 0, 1, 0, 1, 1, 1, 0]",4,1,-1,,0.375,8
2909,9a155254-8861-11f1-b8a2-b48c9db4e1b4,3,"[0, 0, 1, 0, 1, 1, 1, 0]",5,1,-1,,0.375,8
2910,9a155254-8861-11f1-b8a2-b48c9db4e1b4,3,"[0, 0, 1, 0, 1, 1, 1, 0]",6,1,-1,,0.375,8
2911,9a155254-8861-11f1-b8a2-b48c9db4e1b4,3,"[0, 0, 1, 0, 1, 1, 1, 0]",7,0,0,,0.375,8
2912,9a155254-8861-11f1-b8a2-b48c9db4e1b4,4,"[0, 0, 1, 1, 1, 1, 1, 0]",0,0,0,,0.375,8
2913,9a155254-8861-11f1-b8a2-b48c9db4e1b4,4,"[0, 0, 1, 1, 1, 1, 1, 0]",1,0,0,,0.375,8
2914,9a155254-8861-11f1-b8a2-b48c9db4e1b4,4,"[0, 0, 1, 1, 1, 1, 1, 0]",2,1,-1,,0.375,8
2915,9a155254-8861-11f1-b8a2-b48c9db4e1b4,4,"[0, 0, 1, 1, 1, 1, 1, 0]",3,1,-1,,0.375,8
2916,9a155254-8861-11f1-b8a2-b48c9db4e1b4,4,"[0, 0, 1, 1, 1, 1, 1, 0]",4,1,-1,,0.375,8
2917,9a155254-8861-11f1-b8a2-b48c9db4e1b4,4,"[0, 0, 1, 1, 1, 1, 1, 0]",5,1,-1,,0.375,8
2918,9a155254-8861-11f1-b8a2-b48c9db4e1b4,4,"[0, 0, 1, 1, 1, 1, 1, 0]",6,1,-1,,0.375,8
2919,9a155254-8861-11f1-b8a2-b48c9db4e1b4,4,"[0, 0, 1, 1, 1, 1, 1, 0]",7,0,0,,0.375,8
2920,9a155254-8861-11f1-b8a2-b48c9db4e1b4,5,"[1, 0, 0, 1, 1, 0, 0, 0]",0,1,1,,0.375,8
2921,9a155254-8861-11f1-b8a2-b48c9db4e1b4,5,"[1, 0, 0, 1, 1, 0, 0, 0]",1,0,0,,0.375,8
2922,9a155254-8861-11f1-b8a2-b48c9db4e1b4,5,"[1, 0, 0, 1, 1, 0, 0, 0]",2,0,0,,0.375,8
2923,9a155254-8861-11f1-b8a2-b48c9db4e1b4,5,"[1, 0, 0, 1, 1, 0, 0, 0]",3,1,1,,0.375,8
2924,9a155254-8861-11f1-b8a2-b48c9db4e1b4,5,"[1, 0, 0, 1, 1, 0, 0, 0]",4,1,1,,0.375,8
2925,9a155254-8861-11f1-b8a2-b48c9db4e1b4,5,"[1, 0, 0, 1, 1, 0, 0, 0]",5,0,0,,0.375,8
2926,9a155254-8861-11f1-b8a2-b48c9db4e1b4,5,"[1, 0, 0, 1, 1, 0, 0, 0]",6,0,0,,0.375,8
2927,9a155254-8861-11f1-b8a2-b48c9db4e1b4,5,"[1, 0, 0, 1, 1, 0, 0, 0]",7,0,0,,0.375,8
2928,9a155254-8861-11f1-b8a2-b48c9db4e1b4,6,"[1, 1, 1, 0, 0, 0, 0, 0]",0,1,1,,0.375,8
2929,9a155254-8861-11f1-b8a2-b48c9db4e1b4,6,"[1, 1, 1, 0, 0, 0, 0, 0]",1,1,1,,0.375,8
2930,9a155254-8861-11f1-b8a2-b48c9db4e1b4,6,"[1, 1, 1, 0, 0, 0, 0, 0]",2,1,1,,0.375,8
2931,9a155254-8861-11f1-b8a2-b48c9db4e1b4,6,"[1, 1, 1, 0, 0, 0, 0, 0]",3,0,0,,0.375,8
2932,9a155254-8861-11f1-b8a2-b48c9db4e1b4,6,"[1, 1, 1, 0, 0, 0, 0, 0]",4,0,0,,0.375,8
2933,9a155254-8861-11f1-b8a2-b48c9db4e1b4,6,"[1, 1, 1, 0, 0, 0, 0, 0]",5,0,0,,0.375,8
2934,9a155254-8861-11f1-b8a2-b48c9db4e1b4,6,"[1, 1, 1, 0, 0, 0, 0, 0]",6,0,0,,0.375,8
2935,9a155254-8861-11f1-b8a2-b48c9db4e1b4,6,"[1, 1, 1, 0, 0, 0, 0, 0]",7,0,0,,0.375,8
2936,9a155254-8861-11f1-b8a2-b48c9db4e1b4,7,"[0, 0, 0, 0, 1, 0, 1, 0]",0,0,0,,0.375,8
2937,9a155254-8861-11f1-b8a2-b48c9db4e1b4,7,"[0, 0, 0, 0, 1, 0, 1, 0]",1,0,0,,0.375,8
2938,9a155254-8861-11f1-b8a2-b48c9db4e1b4,7,"[0, 0, 0, 0, 1, 0, 1, 0]",2,0,0,,0.375,8
2939,9a155254-8861-11f1-b8a2-b48c9db4e1b4,7,"[0, 0, 0, 0, 1, 0, 1, 0]",3,0,0,,0.375,8
2940,9a155254-8861-11f1-b8a2-b48c9db4e1b4,7,"[0, 0, 0, 0, 1, 0, 1, 0]",4,1,1,,0.375,8
2941,9a155254-8861-11f1-b8a2-b48c9db4e1b4,7,"[0, 0, 0, 0, 1, 0, 1, 0]",5,0,0,,0.375,8
2942,9a155254-8861-11f1-b8a2-b48c9db4e1b4,7,"[0, 0, 0, 0, 1, 0, 1, 0]",6,1,1,,0.375,8
2943,9a155254-8861-11f1-b8a2-b48c9db4e1b4,7,"[0, 0, 0, 0, 1, 0, 1, 0]",7,0,0,,0.375,8
2944,9a155254-8861-11f1-b8a2-b48c9db4e1b4,8,"[1, 0, 1, 1, 1, 0, 0, 1]",0,1,-1,,0.375,8
2945,9a155254-8861-11f1-b8a2-b48c9db4e1b4,8,"[1, 0, 1, 1, 1, 0, 0, 1]",1,0,0,,0.375,8
2946,9a155254-8861-11f1-b8a2-b48c9db4e1b4,8,"[1, 0, 1, 1, 1, 0, 0, 1]",2,1,-1,,0.375,8
2947,9a155254-8861-11f1-b8a2-b48c9db4e1b4,8,"[1, 0, 1, 1, 1, 0, 0, 1]",3,1,-1,,0.375,8
2948,9a155254-8861-11f1-b8a2-b48c9db4e1b4,8,"[1, 0, 1, 1, 1, 0, 0, 1]",4,1,-1,,0.375,8
2949,9a155254-8861-11f1-b8a2-b48c9db4e1b4,8,"[1, 0, 1, 1, 1, 0, 0, 1]",5,0,0,,0.375,8
2950,9a155254-8861-11f1-b8a2-b48c9db4e1b4,8,"[1, 0, 1, 1, 1, 0, 0, 1]",6,0,0,,0.375,8
2951,9a155254-8861-11f1-b8a2-b48c9db4e1b4,8,"[1, 0, 1, 1, 1, 0, 0, 1]",7,1,-1,,0.375,8
2952,9a155254-8861-11f1-b8a2-b48c9db4e1b4,9,"[0, 1, 0, 0, 0, 1, 1, 1]",0,0,0,,0.375,8
2953,9a155254-8861-11f1-b8a2-b48c9db4e1b4,9,"[0, 1, 0, 0, 0, 1, 1, 1]",1,1,-1,,0.375,8
2954,9a155254-8861-11f1-b8a2-b48c9db4e1b4,9,"[0, 1, 0, 0, 0, 1, 1, 1]",2,0,0,,0.375,8
2955,9a155254-8861-11f1-b8a2-b48c9db4e1b4,9,"[0, 1, 0, 0, 0, 1, 1, 1]",3,0,0,,0.375,8
2956,9a155254-8861-11f1-b8a2-b48c9db4e1b4,9,"[0, 1, 0, 0, 0, 1, 1, 1]",4,0,0,,0.375,8
2957,9a155254-8861-11f1-b8a2-b48c9db4e1b4,9,"[0, 1, 0, 0, 0, 1, 1, 1]",5,1,-1,,0.375,8
2958,9a155254-8861-11f1-b8a2-b48c9db4e1b4,9,"[0, 1, 0, 0, 0, 1, 1, 1]",6,1,-1,,0.375,8
2959,9a155254-8861-11f1-b8a2-b48c9db4e1b4,9,"[0, 1, 0, 0, 0, 1, 1, 1]",7,1,-1,,0.375,8
2960,9a155254-8861-11f1-b8a2-b48c9db4e1b4,10,"[1, 0, 1, 0, 1, 0, 1, 0]",0,1,-1,,0.375,8
2961,9a155254-8861-11f1-b8a2-b48c9db4e1b4,10,"[1, 0, 1, 0, 1, 0, 1, 0]",1,0,0,,0.375,8
2962,9a155254-8861-11f1-b8a2-b48c9db4e1b4,10,"[1, 0, 1, 0, 1, 0, 1, 0]",2,1,-1,,0.375,8
2963,9a155254-8861-11f1-b8a2-b48c9db4e1b4,10,"[1, 0, 1, 0, 1, 0, 1, 0]",3,0,0,,0.375,8
2964,9a155254-8861-11f1-b8a2-b48c9db4e1b4,10,"[1, 0, 1, 0, 1, 0, 1, 0]",4,1,-1,,0.375,8
2965,9a155254-8861-11f1-b8a2-b48c9db4e1b4,10,"[1, 0, 1, 0, 1, 0, 1, 0]",5,0,0,,0.375,8
2966,9a155254-8861-11f1-b8a2-b48c9db4e1b4,10,"[1, 0, 1, 0, 1, 0, 1, 0]",6,1,-1,,0.375,8
2967,9a155254-8861-11f1-b8a2-b48c9db4e1b4,10,"[1, 0, 1, 0, 1, 0, 1, 0]",7,0,0,,0.375,8
2968,9a155254-8861-11f1-b8a2-b48c9db4e1b4,11,"[1, 1, 0, 1, 0, 1, 1, 0]",0,1,-1,,0.375,8
2969,9a155254-8861-11f1-b8a2-b48c9db4e1b4,11,"[1, 1, 0, 1, 0, 1, 1, 0]",1,1,-1,,0.375,8
2970,9a155254-8861-11f1-b8a2-b48c9db4e1b4,11,"[1, 1, 0, 1, 0, 1, 1, 0]",2,0,0,,0.375,8
2971,9a155254-8861-11f1-b8a2-b48c9db4e1b4,11,"[1, 1, 0, 1, 0, 1, 1, 0]",3,1,-1,,0.375,8
2972,9a155254-8861-11f1-b8a2-b48c9db4e1b4,11,"[1, 1, 0, 1, 0, 1, 1, 0]",4,0,0,,0.375,8
2973,9a155254-8861-11f1-b8a2-b48c9db4e1b4,11,"[1, 1, 0, 1, 0, 1, 1, 0]",5,1,-1,,0.375,8
2974,9a155254-8861-11f1-b8a2-b48c9db4e1b4,11,"[1, 1, 0, 1, 0, 1, 1, 0]",6,1,-1,,0.375,8
2975,9a155254-8861-11f1-b8a2-b48c9db4e1b4,11,"[1, 1, 0, 1, 0, 1, 1, 0]",7,0,0,,0.375,8
2976,9a155254-8861-11f1-b8a2-b48c9db4e1b4,12,"[1, 1, 0, 0, 1, 0, 0, 1]",0,1,-1,,0.375,8
2977,9a155254-8861-11f1-b8a2-b48c9db4e1b4,12,"[1, 1, 0, 0, 1, 0, 0, 1]",1,1,-1,,0.375,8
2978,9a155254-8861-11f1-b8a2-b48c9db4e1b4,12,"[1, 1, 0, 0, 1, 0, 0, 1]",2,0,0,,0.375,8
2979,9a155254-8861-11f1-b8a2-b48c9db4e1b4,12,"[1, 1, 0, 0, 1, 0, 0, 1]",3,0,0,,0.375,8
2980,9a155254-8861-11f1-b8a2-b48c9db4e1b4,12,"[1, 1, 0, 0, 1, 0, 0, 1]",4,1,-1,,0.375,8
2981,9a155254-8861-11f1-b8a2-b48c9db4e1b4,12,"[1, 1, 0, 0, 1, 0, 0, 1]",5,0,0,,0.375,8
2982,9a155254-8861-11f1-b8a2-b48c9db4e1b4,12,"[1, 1, 0, 0, 1, 0, 0, 1]",6,0,0,,0.375,8
2983,9a155254-8861-11f1-b8a2-b48c9db4e1b4,12,"[1, 1, 0, 0, 1, 0, 0, 1]",7,1,-1,,0.375,8
2984,9a155254-8861-11f1-b8a2-b48c9db4e1b4,13,"[0, 0, 1, 1, 0, 0, 1, 1]",0,0,0,,0.375,8
2985,9a155254-8861-11f1-b8a2-b48c9db4e1b4,13,"[0, 0, 1, 1, 0, 0, 1, 1]",1,0,0,,0.375,8
2986,9a155254-8861-11f1-b8a2-b48c9db4e1b4,13,"[0, 0, 1, 1, 0, 0, 1, 1]",2,1,-1,,0.375,8
2987,9a155254-8861-11f1-b8a2-b48c9db4e1b4,13,"[0, 0, 1, 1, 0, 0, 1, 1]",3,1,-1,,0.375,8
2988,9a155254-8861-11f1-b8a2-b48c9db4e1b4,13,"[0, 0, 1, 1, 0, 0, 1, 1]",4,0,0,,0.375,8
2989,9a155254-8861-11f1-b8a2-b48c9db4e1b4,13,"[0, 0, 1, 1, 0, 0, 1, 1]",5,0,0,,0.375,8
2990,9a155254-8861-11f1-b8a2-b48c9db4e1b4,13,"[0, 0, 1, 1, 0, 0, 1, 1]",6,1,-1,,0.375,8
2991,9a155254-8861-11f1-b8a2-b48c9db4e1b4,13,"[0, 0, 1, 1, 0, 0, 1, 1]",7,1,-1,,0.375,8
2992,9a155254-8861-11f1-b8a2-b48c9db4e1b4,14,"[1, 1, 0, 0, 1, 0, 0, 1]",0,1,-1,,0.375,8
2993,9a155254-8861-11f1-b8a2-b48c9db4e1b4,14,"[1, 1, 0, 0, 1, 0, 0, 1]",1,1,-1,,0.375,8
2994,9a155254-8861-11f1-b8a2-b48c9db4e1b4,14,"[1, 1, 0, 0, 1, 0, 0, 1]",2,0,0,,0.375,8
2995,9a155254-8861-11f1-b8a2-b48c9db4e1b4,14,"[1, 1, 0, 0, 1, 0, 0, 1]",3,0,0,,0.375,8
2996,9a155254-8861-11f1-b8a2-b48c9db4e1b4,14,"[1, 1, 0, 0, 1, 0, 0, 1]",4,1,-1,,0.375,8
2997,9a155254-8861-11f1-b8a2-b48c9db4e1b4,14,"[1, 1, 0, 0, 1, 0, 0, 1]",5,0,0,,0.375,8
2998,9a155254-8861-11f1-b8a2-b48c9db4e1b4,14,"[1, 1, 0, 0, 1, 0, 0, 1]",6,0,0,,0.375,8
2999,9a155254-8861-11f1-b8a2-b48c9db4e1b4,14,"[1, 1, 0, 0, 1, 0, 0, 1]",7,1,-1,,0.375,8
3000,9a155254-8861-11f1-b8a2-b48c9db4e1b4,15,"[0, 1, 1, 1, 0, 0, 0, 1]",0,0,0,,0.375,8
3001,9a155254-8861-11f1-b8a2-b48c9db4e1b4,15,"[0, 1, 1, 1, 0, 0, 0, 1]",1,1,-1,,0.375,8
3002,9a155254-8861-11f1-b8a2-b48c9db4e1b4,15,"[0, 1, 1, 1, 0, 0, 0, 1]",2,1,-1,,0.375,8
3003,9a155254-8861-11f1-b8a2-b48c9db4e1b4,15,"[0, 1, 1, 1, 0, 0, 0, 1]",3,1,-1,,0.375,8
3004,9a155254-8861-11f1-b8a2-b48c9db4e1b4,15,"[0, 1, 1, 1, 0, 0, 0, 1]",4,0,0,,0.375,8
3005,9a155254-8861-11f1-b8a2-b48c9db4e1b4,15,"[0, 1, 1, 1, 0, 0, 0, 1]",5,0,0,,0.375,8
3006,9a155254-8861-11f1-b8a2-b48c9db4e1b4,15,"[0, 1, 1, 1, 0, 0, 0, 1]",6,0,0,,0.375,8
3007,9a155254-8861-11f1-b8a2-b48c9db4e1b4,15,"[0, 1, 1, 1, 0, 0, 0, 1]",7,1,-1,,0.375,8
3008,9a155254-8861-11f1-b8a2-b48c9db4e1b4,16,"[1, 1, 1, 1, 1, 1, 0, 1]",0,1,-1,,0.375,8
3009,9a155254-8861-11f1-b8a2-b48c9db4e1b4,16,"[1, 1, 1, 1, 1, 1, 0, 1]",1,1,-1,,0.375,8
3010,9a155254-8861-11f1-b8a2-b48c9db4e1b4,16,"[1, 1, 1, 1, 1, 1, 0, 1]",2,1,-1,,0.375,8
3011,9a155254-8861-11f1-b8a2-b48c9db4e1b4,16,"[1, 1, 1, 1, 1, 1, 0, 1]",3,1,-1,,0.375,8
3012,9a155254-8861-11f1-b8a2-b48c9db4e1b4,16,"[1, 1, 1, 1, 1, 1, 0, 1]",4,1,-1,,0.375,8
3013,9a155254-8861-11f1-b8a2-b48c9db4e1b4,16,"[1, 1, 1, 1, 1, 1, 0, 1]",5,1,-1,,0.375,8
3014,9a155254-8861-11f1-b8a2-b48c9db4e1b4,16,"[1, 1, 1, 1, 1, 1, 0, 1]",6,0,0,,0.375,8
3015,9a155254-8861-11f1-b8a2-b48c9db4e1b4,16,"[1, 1, 1, 1, 1, 1, 0, 1]",7,1,-1,,0.375,8
3016,9a155254-8861-11f1-b8a2-b48c9db4e1b4,17,"[1, 1, 1, 1, 0, 0, 0, 1]",0,1,-1,,0.375,8
3017,9a155254-8861-11f1-b8a2-b48c9db4e1b4,17,"[1, 1, 1, 1, 0, 0, 0, 1]",1,1,-1,,0.375,8
3018,9a155254-8861-11f1-b8a2-b48c9db4e1b4,17,"[1, 1, 1, 1, 0, 0, 0, 1]",2,1,-1,,0.375,8
3019,9a155254-8861-11f1-b8a2-b48c9db4e1b4,17,"[1, 1, 1, 1, 0, 0, 0, 1]",3,1,-1,,0.375,8
3020,9a155254-8861-11f1-b8a2-b48c9db4e1b4,17,"[1, 1, 1, 1, 0, 0, 0, 1]",4,0,0,,0.375,8
3021,9a155254-8861-11f1-b8a2-b48c9db4e1b4,17,"[1, 1, 1, 1, 0, 0, 0, 1]",5,0,0,,0.375,8
3022,9a155254-8861-11f1-b8a2-b48c9db4e1b4,17,"[1, 1, 1, 1, 0, 0, 0, 1]",6,0,0,,0.375,8
3023,9a155254-8861-11f1-b8a2-b48c9db4e1b4,17,"[1, 1, 1, 1, 0, 0, 0, 1]",7,1,-1,,0.375,8
3024,9a155254-8861-11f1-b8a2-b48c9db4e1b4,18,"[0, 0, 0, 0, 1, 0, 0, 1]",0,0,0,,0.375,8
3025,9a155254-8861-11f1-b8a2-b48c9db4e1b4,18,"[0, 0, 0, 0, 1, 0, 0, 1]",1,0,0,,0.375,8
3026,9a155254-8861-11f1-b8a2-b48c9db4e1b4,18,"[0, 0, 0, 0, 1, 0, 0, 1]",2,0,0,,0.375,8
3027,9a155254-8861-11f1-b8a2-b48c9db4e1b4,18,"[0, 0, 0, 0, 1, 0, 0, 1]",3,0,0,,0.375,8
3028,9a155254-8861-11f1-b8a2-b48c9db4e1b4,18,"[0, 0, 0, 0, 1, 0, 0, 1]",4,1,1,,0.375,8
3029,9a155254-8861-11f1-b8a2-b48c9db4e1b4,18,"[0, 0, 0, 0, 1, 0, 0, 1]",5,0,0,,0.375,8
3030,9a155254-8861-11f1-b8a2-b48c9db4e1b4,18,"[0, 0, 0, 0, 1, 0, 0, 1]",6,0,0,,0.375,8
3031,9a155254-8861-11f1-b8a2-b48c9db4e1b4,18,"[0, 0, 0, 0, 1, 0, 0, 1]",7,1,1,,0.375,8
3032,9a155254-8861-11f1-b8a2-b48c9db4e1b4,19,"[1, 0, 0, 0, 1, 1, 0, 0]",0,1,1,,0.375,8
3033,9a155254-8861-11f1-b8a2-b48c9db4e1b4,19,"[1, 0, 0, 0, 1, 1, 0, 0]",1,0,0,,0.375,8
3034,9a155254-8861-11f1-b8a2-b48c9db4e1b4,19,"[1, 0, 0, 0, 1, 1, 0, 0]",2,0,0,,0.375,8
3035,9a155254-8861-11f1-b8a2-b48c9db4e1b4,19,"[1, 0, 0, 0, 1, 1, 0, 0]",3,0,0,,0.375,8
3036,9a155254-8861-11f1-b8a2-b48c9db4e1b4,19,"[1, 0, 0, 0, 1, 1, 0, 0]",4,1,1,,0.375,8
3037,9a155254-8861-11f1-b8a2-b48c9db4e1b4,19,"[1, 0, 0, 0, 1, 1, 0, 0]",5,1,1,,0.375,8
3038,9a155254-8861-11f1-b8a2-b48c9db4e1b4,19,"[1, 0, 0, 0, 1, 1, 0, 0]",6,0,0,,0.375,8
3039,9a155254-8861-11f1-b8a2-b48c9db4e1b4,19,"[1, 0, 0, 0, 1, 1, 0, 0]",7,0,0,,0.375,8
3040,9a1822c5-8861-11f1-b747-b48c9db4e1b4,0,"[1, 1, 0, 1, 0, 1, 1, 1]",0,1,-1,,0.375,8
3041,9a1822c5-8861-11f1-b747-b48c9db4e1b4,0,"[1, 1, 0, 1, 0, 1, 1, 1]",1,1,-1,,0.375,8
3042,9a1822c5-8861-11f1-b747-b48c9db4e1b4,0,"[1, 1, 0, 1, 0, 1, 1, 1]",2,0,0,,0.375,8
3043,9a1822c5-8861-11f1-b747-b48c9db4e1b4,0,"[1, 1, 0, 1, 0, 1, 1, 1]",3,1,-1,,0.375,8
3044,9a1822c5-8861-11f1-b747-b48c9db4e1b4,0,"[1, 1, 0, 1, 0, 1, 1, 1]",4,0,0,,0.375,8
3045,9a1822c5-8861-11f1-b747-b48c9db4e1b4,0,"[1, 1, 0, 1, 0, 1, 1, 1]",5,1,-1,,0.375,8
3046,9a1822c5-8861-11f1-b747-b48c9db4e1b4,0,"[1, 1, 0, 1, 0, 1, 1, 1]",6,1,-1,,0.375,8
3047,9a1822c5-8861-11f1-b747-b48c9db4e1b4,0,"[1, 1, 0, 1, 0, 1, 1, 1]",7,1,-1,,0.375,8
3048,9a1822c5-8861-11f1-b747-b48c9db4e1b4,1,"[1, 1, 1, 1, 1, 0, 1, 1]",0,1,-1,,0.375,8
3049,9a1822c5-8861-11f1-b747-b48c9db4e1b4,1,"[1, 1, 1, 1, 1, 0, 1, 1]",1,1,-1,,0.375,8
3050,9a1822c5-8861-11f1-b747-b48c9db4e1b4,1,"[1, 1, 1, 1, 1, 0, 1, 1]",2,1,-1,,0.375,8
3051,9a1822c5-8861-11f1-b747-b48c9db4e1b4,1,"[1, 1, 1, 1, 1, 0, 1, 1]",3,1,-1,,0.375,8
3052,9a1822c5-8861-11f1-b747-b48c9db4e1b4,1,"[1, 1, 1, 1, 1, 0, 1, 1]",4,1,-1,,0.375,8
3053,9a1822c5-8861-11f1-b747-b48c9db4e1b4,1,"[1, 1, 1, 1, 1, 0, 1, 1]",5,0,0,,0.375,8
3054,9a1822c5-8861-11f1-b747-b48c9db4e1b4,1,"[1, 1, 1, 1, 1, 0, 1, 1]",6,1,-1,,0.375,8
3055,9a1822c5-8861-11f1-b747-b48c9db4e1b4,1,"[1, 1, 1, 1, 1, 0, 1, 1]",7,1,-1,,0.375,8
3056,9a1822c5-8861-11f1-b747-b48c9db4e1b4,2,"[1, 0, 1, 0, 1, 1, 0, 0]",0,1,-1,,0.375,8
3057,9a1822c5-8861-11f1-b747-b48c9db4e1b4,2,"[1, 0, 1, 0, 1, 1, 0, 0]",1,0,0,,0.375,8
3058,9a1822c5-8861-11f1-b747-b48c9db4e1b4,2,"[1, 0, 1, 0, 1, 1, 0, 0]",2,1,-1,,0.375,8
3059,9a1822c5-8861-11f1-b747-b48c9db4e1b4,2,"[1, 0, 1, 0, 1, 1, 0, 0]",3,0,0,,0.375,8
3060,9a1822c5-8861-11f1-b747-b48c9db4e1b4,2,"[1, 0, 1, 0, 1, 1, 0, 0]",4,1,-1,,0.375,8
3061,9a1822c5-8861-11f1-b747-b48c9db4e1b4,2,"[1, 0, 1, 0, 1, 1, 0, 0]",5,1,-1,,0.375,8
3062,9a1822c5-8861-11f1-b747-b48c9db4e1b4,2,"[1, 0, 1, 0, 1, 1, 0, 0]",6,0,0,,0.375,8
3063,9a1822c5-8861-11f1-b747-b48c9db4e1b4,2,"[1, 0, 1, 0, 1, 1, 0, 0]",7,0,0,,0.375,8
3064,9a1822c5-8861-11f1-b747-b48c9db4e1b4,3,"[0, 1, 0, 0, 1, 0, 1, 0]",0,0,0,,0.375,8
3065,9a1822c5-8861-11f1-b747-b48c9db4e1b4,3,"[0, 1, 0, 0, 1, 0, 1, 0]",1,1,1,,0.375,8
3066,9a1822c5-8861-11f1-b747-b48c9db4e1b4,3,"[0, 1, 0, 0, 1, 0, 1, 0]",2,0,0,,0.375,8
3067,9a1822c5-8861-11f1-b747-b48c9db4e1b4,3,"[0, 1, 0, 0, 1, 0, 1, 0]",3,0,0,,0.375,8
3068,9a1822c5-8861-11f1-b747-b48c9db4e1b4,3,"[0, 1, 0, 0, 1, 0, 1, 0]",4,1,1,,0.375,8
3069,9a1822c5-8861-11f1-b747-b48c9db4e1b4,3,"[0, 1, 0, 0, 1, 0, 1, 0]",5,0,0,,0.375,8
3070,9a1822c5-8861-11f1-b747-b48c9db4e1b4,3,"[0, 1, 0, 0, 1, 0, 1, 0]",6,1,1,,0.375,8
3071,9a1822c5-8861-11f1-b747-b48c9db4e1b4,3,"[0, 1, 0, 0, 1, 0, 1, 0]",7,0,0,,0.375,8
3072,9a1822c5-8861-11f1-b747-b48c9db4e1b4,4,"[1, 1, 0, 1, 1, 0, 1, 0]",0,1,-1,,0.375,8
3073,9a1822c5-8861-11f1-b747-b48c9db4e1b4,4,"[1, 1, 0, 1, 1, 0, 1, 0]",1,1,-1,,0.375,8
3074,9a1822c5-8861-11f1-b747-b48c9db4e1b4,4,"[1, 1, 0, 1, 1, 0, 1, 0]",2,0,0,,0.375,8
3075,9a1822c5-8861-11f1-b747-b48c9db4e1b4,4,"[1, 1, 0, 1, 1, 0, 1, 0]",3,1,-1,,0.375,8
3076,9a1822c5-8861-11f1-b747-b48c9db4e1b4,4,"[1, 1, 0, 1, 1, 0, 1, 0]",4,1,-1,,0.375,8
3077,9a1822c5-8861-11f1-b747-b48c9db4e1b4,4,"[1, 1, 0, 1, 1, 0, 1, 0]",5,0,0,,0.375,8
3078,9a1822c5-8861-11f1-b747-b48c9db4e1b4,4,"[1, 1, 0, 1, 1, 0, 1, 0]",6,1,-1,,0.375,8
3079,9a1822c5-8861-11f1-b747-b48c9db4e1b4,4,"[1, 1, 0, 1, 1, 0, 1, 0]",7,0,0,,0.375,8
3080,9a1822c5-8861-11f1-b747-b48c9db4e1b4,5,"[0, 0, 0, 0, 1, 1, 1, 0]",0,0,0,,0.375,8
3081,9a1822c5-8861-11f1-b747-b48c9db4e1b4,5,"[0, 0, 0, 0, 1, 1, 1, 0]",1,0,0,,0.375,8
3082,9a1822c5-8861-11f1-b747-b48c9db4e1b4,5,"[0, 0, 0, 0, 1, 1, 1, 0]",2,0,0,,0.375,8
3083,9a1822c5-8861-11f1-b747-b48c9db4e1b4,5,"[0, 0, 0, 0, 1, 1, 1, 0]",3,0,0,,0.375,8
3084,9a1822c5-8861-11f1-b747-b48c9db4e1b4,5,"[0, 0, 0, 0, 1, 1, 1, 0]",4,1,1,,0.375,8
3085,9a1822c5-8861-11f1-b747-b48c9db4e1b4,5,"[0, 0, 0, 0, 1, 1, 1, 0]",5,1,1,,0.375,8
3086,9a1822c5-8861-11f1-b747-b48c9db4e1b4,5,"[0, 0, 0, 0, 1, 1, 1, 0]",6,1,1,,0.375,8
3087,9a1822c5-8861-11f1-b747-b48c9db4e1b4,5,"[0, 0, 0, 0, 1, 1, 1, 0]",7,0,0,,0.375,8
3088,9a1822c5-8861-11f1-b747-b48c9db4e1b4,6,"[0, 0, 0, 0, 0, 0, 1, 0]",0,0,0,,0.375,8
3089,9a1822c5-8861-11f1-b747-b48c9db4e1b4,6,"[0, 0, 0, 0, 0, 0, 1, 0]",1,0,0,,0.375,8
3090,9a1822c5-8861-11f1-b747-b48c9db4e1b4,6,"[0, 0, 0, 0, 0, 0, 1, 0]",2,0,0,,0.375,8
3091,9a1822c5-8861-11f1-b747-b48c9db4e1b4,6,"[0, 0, 0, 0, 0, 0, 1, 0]",3,0,0,,0.375,8
3092,9a1822c5-8861-11f1-b747-b48c9db4e1b4,6,"[0, 0, 0, 0, 0, 0, 1, 0]",4,0,0,,0.375,8
3093,9a1822c5-8861-11f1-b747-b48c9db4e1b4,6,"[0, 0, 0, 0, 0, 0, 1, 0]",5,0,0,,0.375,8
3094,9a1822c5-8861-11f1-b747-b48c9db4e1b4,6,"[0, 0, 0, 0, 0, 0, 1, 0]",6,1,1,,0.375,8
3095,9a1822c5-8861-11f1-b747-b48c9db4e1b4,6,"[0, 0, 0, 0, 0, 0, 1, 0]",7,0,0,,0.375,8
3096,9a1822c5-8861-11f1-b747-b48c9db4e1b4,7,"[0, 1, 0, 0, 1, 1, 1, 0]",0,0,0,,0.375,8
3097,9a1822c5-8861-11f1-b747-b48c9db4e1b4,7,"[0, 1, 0, 0, 1, 1, 1, 0]",1,1,-1,,0.375,8
3098,9a1822c5-8861-11f1-b747-b48c9db4e1b4,7,"[0, 1, 0, 0, 1, 1, 1, 0]",2,0,0,,0.375,8
3099,9a1822c5-8861-11f1-b747-b48c9db4e1b4,7,"[0, 1, 0, 0, 1, 1, 1, 0]",3,0,0,,0.375,8
3100,9a1822c5-8861-11f1-b747-b48c9db4e1b4,7,"[0, 1, 0, 0, 1, 1, 1, 0]",4,1,-1,,0.375,8
3101,9a1822c5-8861-11f1-b747-b48c9db4e1b4,7,"[0, 1, 0, 0, 1, 1, 1, 0]",5,1,-1,,0.375,8
3102,9a1822c5-8861-11f1-b747-b48c9db4e1b4,7,"[0, 1, 0, 0, 1, 1, 1, 0]",6,1,-1,,0.375,8
3103,9a1822c5-8861-11f1-b747-b48c9db4e1b4,7,"[0, 1, 0, 0, 1, 1, 1, 0]",7,0,0,,0.375,8
3104,9a1822c5-8861-11f1-b747-b48c9db4e1b4,8,"[0, 1, 1, 1, 0, 1, 1, 1]",0,0,0,,0.375,8
3105,9a1822c5-8861-11f1-b747-b48c9db4e1b4,8,"[0, 1, 1, 1, 0, 1, 1, 1]",1,1,-1,,0.375,8
3106,9a1822c5-8861-11f1-b747-b48c9db4e1b4,8,"[0, 1, 1, 1, 0, 1, 1, 1]",2,1,-1,,0.375,8
3107,9a1822c5-8861-11f1-b747-b48c9db4e1b4,8,"[0, 1, 1, 1, 0, 1, 1, 1]",3,1,-1,,0.375,8
3108,9a1822c5-8861-11f1-b747-b48c9db4e1b4,8,"[0, 1, 1, 1, 0, 1, 1, 1]",4,0,0,,0.375,8
3109,9a1822c5-8861-11f1-b747-b48c9db4e1b4,8,"[0, 1, 1, 1, 0, 1, 1, 1]",5,1,-1,,0.375,8
3110,9a1822c5-8861-11f1-b747-b48c9db4e1b4,8,"[0, 1, 1, 1, 0, 1, 1, 1]",6,1,-1,,0.375,8
3111,9a1822c5-8861-11f1-b747-b48c9db4e1b4,8,"[0, 1, 1, 1, 0, 1, 1, 1]",7,1,-1,,0.375,8
3112,9a1822c5-8861-11f1-b747-b48c9db4e1b4,9,"[0, 0, 0, 1, 1, 1, 1, 1]",0,0,0,,0.375,8
3113,9a1822c5-8861-11f1-b747-b48c9db4e1b4,9,"[0, 0, 0, 1, 1, 1, 1, 1]",1,0,0,,0.375,8
3114,9a1822c5-8861-11f1-b747-b48c9db4e1b4,9,"[0, 0, 0, 1, 1, 1, 1, 1]",2,0,0,,0.375,8
3115,9a1822c5-8861-11f1-b747-b48c9db4e1b4,9,"[0, 0, 0, 1, 1, 1, 1, 1]",3,1,-1,,0.375,8
3116,9a1822c5-8861-11f1-b747-b48c9db4e1b4,9,"[0, 0, 0, 1, 1, 1, 1, 1]",4,1,-1,,0.375,8
3117,9a1822c5-8861-11f1-b747-b48c9db4e1b4,9,"[0, 0, 0, 1, 1, 1, 1, 1]",5,1,-1,,0.375,8
3118,9a1822c5-8861-11f1-b747-b48c9db4e1b4,9,"[0, 0, 0, 1, 1, 1, 1, 1]",6,1,-1,,0.375,8
3119,9a1822c5-8861-11f1-b747-b48c9db4e1b4,9,"[0, 0, 0, 1, 1, 1, 1, 1]",7,1,-1,,0.375,8
3120,9a1822c5-8861-11f1-b747-b48c9db4e1b4,10,"[0, 1, 1, 0, 1, 1, 1, 1]",0,0,0,,0.375,8
3121,9a1822c5-8861-11f1-b747-b48c9db4e1b4,10,"[0, 1, 1, 0, 1, 1, 1, 1]",1,1,-1,,0.375,8
3122,9a1822c5-8861-11f1-b747-b48c9db4e1b4,10,"[0, 1, 1, 0, 1, 1, 1, 1]",2,1,-1,,0.375,8
3123,9a1822c5-8861-11f1-b747-b48c9db4e1b4,10,"[0, 1, 1, 0, 1, 1, 1, 1]",3,0,0,,0.375,8
3124,9a1822c5-8861-11f1-b747-b48c9db4e1b4,10,"[0, 1, 1, 0, 1, 1, 1, 1]",4,1,-1,,0.375,8
3125,9a1822c5-8861-11f1-b747-b48c9db4e1b4,10,"[0, 1, 1, 0, 1, 1, 1, 1]",5,1,-1,,0.375,8
3126,9a1822c5-8861-11f1-b747-b48c9db4e1b4,10,"[0, 1, 1, 0, 1, 1, 1, 1]",6,1,-1,,0.375,8
3127,9a1822c5-8861-11f1-b747-b48c9db4e1b4,10,"[0, 1, 1, 0, 1, 1, 1, 1]",7,1,-1,,0.375,8
3128,9a1822c5-8861-11f1-b747-b48c9db4e1b4,11,"[0, 0, 0, 1, 0, 0, 0, 0]",0,0,0,,0.375,8
3129,9a1822c5-8861-11f1-b747-b48c9db4e1b4,11,"[0, 0, 0, 1, 0, 0, 0, 0]",1,0,0,,0.375,8
3130,9a1822c5-8861-11f1-b747-b48c9db4e1b4,11,"[0, 0, 0, 1, 0, 0, 0, 0]",2,0,0,,0.375,8
3131,9a1822c5-8861-11f1-b747-b48c9db4e1b4,11,"[0, 0, 0, 1, 0, 0, 0, 0]",3,1,1,,0.375,8
3132,9a1822c5-8861-11f1-b747-b48c9db4e1b4,11,"[0, 0, 0, 1, 0, 0, 0, 0]",4,0,0,,0.375,8
3133,9a1822c5-8861-11f1-b747-b48c9db4e1b4,11,"[0, 0, 0, 1, 0, 0, 0, 0]",5,0,0,,0.375,8
3134,9a1822c5-8861-11f1-b747-b48c9db4e1b4,11,"[0, 0, 0, 1, 0, 0, 0, 0]",6,0,0,,0.375,8
3135,9a1822c5-8861-11f1-b747-b48c9db4e1b4,11,"[0, 0, 0, 1, 0, 0, 0, 0]",7,0,0,,0.375,8
3136,9a1822c5-8861-11f1-b747-b48c9db4e1b4,12,"[0, 0, 0, 1, 1, 1, 1, 1]",0,0,0,,0.375,8
3137,9a1822c5-8861-11f1-b747-b48c9db4e1b4,12,"[0, 0, 0, 1, 1, 1, 1, 1]",1,0,0,,0.375,8
3138,9a1822c5-8861-11f1-b747-b48c9db4e1b4,12,"[0, 0, 0, 1, 1, 1, 1, 1]",2,0,0,,0.375,8
3139,9a1822c5-8861-11f1-b747-b48c9db4e1b4,12,"[0, 0, 0, 1, 1, 1, 1, 1]",3,1,-1,,0.375,8
3140,9a1822c5-8861-11f1-b747-b48c9db4e1b4,12,"[0, 0, 0, 1, 1, 1, 1, 1]",4,1,-1,,0.375,8
3141,9a1822c5-8861-11f1-b747-b48c9db4e1b4,12,"[0, 0, 0, 1, 1, 1, 1, 1]",5,1,-1,,0.375,8
3142,9a1822c5-8861-11f1-b747-b48c9db4e1b4,12,"[0, 0, 0, 1, 1, 1, 1, 1]",6,1,-1,,0.375,8
3143,9a1822c5-8861-11f1-b747-b48c9db4e1b4,12,"[0, 0, 0, 1, 1, 1, 1, 1]",7,1,-1,,0.375,8
3144,9a1822c5-8861-11f1-b747-b48c9db4e1b4,13,"[1, 0, 0, 0, 1, 0, 0, 1]",0,1,1,,0.375,8
3145,9a1822c5-8861-11f1-b747-b48c9db4e1b4,13,"[1, 0, 0, 0, 1, 0, 0, 1]",1,0,0,,0.375,8
3146,9a1822c5-8861-11f1-b747-b48c9db4e1b4,13,"[1, 0, 0, 0, 1, 0, 0, 1]",2,0,0,,0.375,8
3147,9a1822c5-8861-11f1-b747-b48c9db4e1b4,13,"[1, 0, 0, 0, 1, 0, 0, 1]",3,0,0,,0.375,8
3148,9a1822c5-8861-11f1-b747-b48c9db4e1b4,13,"[1, 0, 0, 0, 1, 0, 0, 1]",4,1,1,,0.375,8
3149,9a1822c5-8861-11f1-b747-b48c9db4e1b4,13,"[1, 0, 0, 0, 1, 0, 0, 1]",5,0,0,,0.375,8
3150,9a1822c5-8861-11f1-b747-b48c9db4e1b4,13,"[1, 0, 0, 0, 1, 0, 0, 1]",6,0,0,,0.375,8
3151,9a1822c5-8861-11f1-b747-b48c9db4e1b4,13,"[1, 0, 0, 0, 1, 0, 0, 1]",7,1,1,,0.375,8
3152,9a1822c5-8861-11f1-b747-b48c9db4e1b4,14,"[1, 0, 1, 0, 1, 1, 0, 1]",0,1,-1,,0.375,8
3153,9a1822c5-8861-11f1-b747-b48c9db4e1b4,14,"[1, 0, 1, 0, 1, 1, 0, 1]",1,0,0,,0.375,8
3154,9a1822c5-8861-11f1-b747-b48c9db4e1b4,14,"[1, 0, 1, 0, 1, 1, 0, 1]",2,1,-1,,0.375,8
3155,9a1822c5-8861-11f1-b747-b48c9db4e1b4,14,"[1, 0, 1, 0, 1, 1, 0, 1]",3,0,0,,0.375,8
3156,9a1822c5-8861-11f1-b747-b48c9db4e1b4,14,"[1, 0, 1, 0, 1, 1, 0, 1]",4,1,-1,,0.375,8
3157,9a1822c5-8861-11f1-b747-b48c9db4e1b4,14,"[1, 0, 1, 0, 1, 1, 0, 1]",5,1,-1,,0.375,8
3158,9a1822c5-8861-11f1-b747-b48c9db4e1b4,14,"[1, 0, 1, 0, 1, 1, 0, 1]",6,0,0,,0.375,8
3159,9a1822c5-8861-11f1-b747-b48c9db4e1b4,14,"[1, 0, 1, 0, 1, 1, 0, 1]",7,1,-1,,0.375,8
3160,9a1822c5-8861-11f1-b747-b48c9db4e1b4,15,"[1, 0, 1, 0, 0, 1, 1, 1]",0,1,-1,,0.375,8
3161,9a1822c5-8861-11f1-b747-b48c9db4e1b4,15,"[1, 0, 1, 0, 0, 1, 1, 1]",1,0,0,,0.375,8
3162,9a1822c5-8861-11f1-b747-b48c9db4e1b4,15,"[1, 0, 1, 0, 0, 1, 1, 1]",2,1,-1,,0.375,8
3163,9a1822c5-8861-11f1-b747-b48c9db4e1b4,15,"[1, 0, 1, 0, 0, 1, 1, 1]",3,0,0,,0.375,8
3164,9a1822c5-8861-11f1-b747-b48c9db4e1b4,15,"[1, 0, 1, 0, 0, 1, 1, 1]",4,0,0,,0.375,8
3165,9a1822c5-8861-11f1-b747-b48c9db4e1b4,15,"[1, 0, 1, 0, 0, 1, 1, 1]",5,1,-1,,0.375,8
3166,9a1822c5-8861-11f1-b747-b48c9db4e1b4,15,"[1, 0, 1, 0, 0, 1, 1, 1]",6,1,-1,,0.375,8
3167,9a1822c5-8861-11f1-b747-b48c9db4e1b4,15,"[1, 0, 1, 0, 0, 1, 1, 1]",7,1,-1,,0.375,8
3168,9a1822c5-8861-11f1-b747-b48c9db4e1b4,16,"[0, 1, 1, 0, 0, 1, 0, 1]",0,0,0,,0.375,8
3169,9a1822c5-8861-11f1-b747-b48c9db4e1b4,16,"[0, 1, 1, 0, 0, 1, 0, 1]",1,1,-1,,0.375,8
3170,9a1822c5-8861-11f1-b747-b48c9db4e1b4,16,"[0, 1, 1, 0, 0, 1, 0, 1]",2,1,-1,,0.375,8
3171,9a1822c5-8861-11f1-b747-b48c9db4e1b4,16,"[0, 1, 1, 0, 0, 1, 0, 1]",3,0,0,,0.375,8
3172,9a1822c5-8861-11f1-b747-b48c9db4e1b4,16,"[0, 1, 1, 0, 0, 1, 0, 1]",4,0,0,,0.375,8
3173,9a1822c5-8861-11f1-b747-b48c9db4e1b4,16,"[0, 1, 1, 0, 0, 1, 0, 1]",5,1,-1,,0.375,8
3174,9a1822c5-8861-11f1-b747-b48c9db4e1b4,16,"[0, 1, 1, 0, 0, 1, 0, 1]",6,0,0,,0.375,8
3175,9a1822c5-8861-11f1-b747-b48c9db4e1b4,16,"[0, 1, 1, 0, 0, 1, 0, 1]",7,1,-1,,0.375,8
3176,9a1822c5-8861-11f1-b747-b48c9db4e1b4,17,"[1, 1, 1, 0, 1, 0, 0, 0]",0,1,-1,,0.375,8
3177,9a1822c5-8861-11f1-b747-b48c9db4e1b4,17,"[1, 1, 1, 0, 1, 0, 0, 0]",1,1,-1,,0.375,8
3178,9a1822c5-8861-11f1-b747-b48c9db4e1b4,17,"[1, 1, 1, 0, 1, 0, 0, 0]",2,1,-1,,0.375,8
3179,9a1822c5-8861-11f1-b747-b48c9db4e1b4,17,"[1, 1, 1, 0, 1, 0, 0, 0]",3,0,0,,0.375,8
3180,9a1822c5-8861-11f1-b747-b48c9db4e1b4,17,"[1, 1, 1, 0, 1, 0, 0, 0]",4,1,-1,,0.375,8
3181,9a1822c5-8861-11f1-b747-b48c9db4e1b4,17,"[1, 1, 1, 0, 1, 0, 0, 0]",5,0,0,,0.375,8
3182,9a1822c5-8861-11f1-b747-b48c9db4e1b4,17,"[1, 1, 1, 0, 1, 0, 0, 0]",6,0,0,,0.375,8
3183,9a1822c5-8861-11f1-b747-b48c9db4e1b4,17,"[1, 1, 1, 0, 1, 0, 0, 0]",7,0,0,,0.375,8
3184,9a1822c5-8861-11f1-b747-b48c9db4e1b4,18,"[0, 1, 1, 0, 1, 1, 0, 1]",0,0,0,,0.375,8
3185,9a1822c5-8861-11f1-b747-b48c9db4e1b4,18,"[0, 1, 1, 0, 1, 1, 0, 1]",1,1,-1,,0.375,8
3186,9a1822c5-8861-11f1-b747-b48c9db4e1b4,18,"[0, 1, 1, 0, 1, 1, 0, 1]",2,1,-1,,0.375,8
3187,9a1822c5-8861-11f1-b747-b48c9db4e1b4,18,"[0, 1, 1, 0, 1, 1, 0, 1]",3,0,0,,0.375,8
3188,9a1822c5-8861-11f1-b747-b48c9db4e1b4,18,"[0, 1, 1, 0, 1, 1, 0, 1]",4,1,-1,,0.375,8
3189,9a1822c5-8861-11f1-b747-b48c9db4e1b4,18,"[0, 1, 1, 0, 1, 1, 0, 1]",5,1,-1,,0.375,8
3190,9a1822c5-8861-11f1-b747-b48c9db4e1b4,18,"[0, 1, 1, 0, 1, 1, 0, 1]",6,0,0,,0.375,8
3191,9a1822c5-8861-11f1-b747-b48c9db4e1b4,18,"[0, 1, 1, 0, 1, 1, 0, 1]",7,1,-1,,0.375,8
3192,9a1822c5-8861-11f1-b747-b48c9db4e1b4,19,"[0, 1, 0, 1, 0, 1, 1, 1]",0,0,0,,0.375,8
3193,9a1822c5-8861-11f1-b747-b48c9db4e1b4,19,"[0, 1, 0, 1, 0, 1, 1, 1]",1,1,-1,,0.375,8
3194,9a1822c5-8861-11f1-b747-b48c9db4e1b4,19,"[0, 1, 0, 1, 0, 1, 1, 1]",2,0,0,,0.375,8
3195,9a1822c5-8861-11f1-b747-b48c9db4e1b4,19,"[0, 1, 0, 1, 0, 1, 1, 1]",3,1,-1,,0.375,8
3196,9a1822c5-8861-11f1-b747-b48c9db4e1b4,19,"[0, 1, 0, 1, 0, 1, 1, 1]",4,0,0,,0.375,8
3197,9a1822c5-8861-11f1-b747-b48c9db4e1b4,19,"[0, 1, 0, 1, 0, 1, 1, 1]",5,1,-1,,0.375,8
3198,9a1822c5-8861-11f1-b747-b48c9db4e1b4,19,"[0, 1, 0, 1, 0, 1, 1, 1]",6,1,-1,,0.375,8
3199,9a1822c5-8861-11f1-b747-b48c9db4e1b4,19,"[0, 1, 0, 1, 0, 1, 1, 1]",7,1,-1,,0.375,8
3200,9a1b08a8-8861-11f1-9dbd-b48c9db4e1b4,0,"[1, 1, 1, 1, 1, 0, 1, 0]",0,1,-1,,0.375,8
3201,9a1b08a8-8861-11f1-9dbd-b48c9db4e1b4,0,"[1, 1, 1, 1, 1, 0, 1, 0]",1,1,-1,,0.375,8
3202,9a1b08a8-8861-11f1-9dbd-b48c9db4e1b4,0,"[1, 1, 1, 1, 1, 0, 1, 0]",2,1,-1,,0.375,8
3203,9a1b08a8-8861-11f1-9dbd-b48c9db4e1b4,0,"[1, 1, 1, 1, 1, 0, 1, 0]",3,1,-1,,0.375,8
3204,9a1b08a8-8861-11f1-9dbd-b48c9db4e1b4,0,"[1, 1, 1, 1, 1, 0, 1, 0]",4,1,-1,,0.375,8
3205,9a1b08a8-8861-11f1-9dbd-b48c9db4e1b4,0,"[1, 1, 1, 1, 1, 0, 1, 0]",5,0,0,,0.375,8
3206,9a1b08a8-8861-11f1-9dbd-b48c9db4e1b4,0,"[1, 1, 1, 1, 1, 0, 1, 0]",6,1,-1,,0.375,8
3207,9a1b08a8-8861-11f1-9dbd-b48c9db4e1b4,0,"[1, 1, 1, 1, 1, 0, 1, 0]",7,0,0,,0.375,8
3208,9a1b08a8-8861-11f1-9dbd-b48c9db4e1b4,1,"[1, 0, 1, 1, 0, 0, 1, 1]",0,1,-1,,0.375,8
3209,9a1b08a8-8861-11f1-9dbd-b48c9db4e1b4,1,"[1, 0, 1, 1, 0, 0, 1, 1]",1,0,0,,0.375,8
3210,9a1b08a8-8861-11f1-9dbd-b48c9db4e1b4,1,"[1, 0, 1, 1, 0, 0, 1, 1]",2,1,-1,,0.375,8
3211,9a1b08a8-8861-11f1-9dbd-b48c9db4e1b4,1,"[1, 0, 1, 1, 0, 0, 1, 1]",3,1,-1,,0.375,8
3212,9a1b08a8-8861-11f1-9dbd-b48c9db4e1b4,1,"[1, 0, 1, 1, 0, 0, 1, 1]",4,0,0,,0.375,8
3213,9a1b08a8-8861-11f1-9dbd-b48c9db4e1b4,1,"[1, 0, 1, 1, 0, 0, 1, 1]",5,0,0,,0.375,8
3214,9a1b08a8-8861-11f1-9dbd-b48c9db4e1b4,1,"[1, 0, 1, 1, 0, 0, 1, 1]",6,1,-1,,0.375,8
3215,9a1b08a8-8861-11f1-9dbd-b48c9db4e1b4,1,"[1, 0, 1, 1, 0, 0, 1, 1]",7,1,-1,,0.375,8
3216,9a1b08a8-8861-11f1-9dbd-b48c9db4e1b4,2,"[1, 1, 1, 1, 1, 1, 0, 0]",0,1,-1,,0.375,8
3217,9a1b08a8-8861-11f1-9dbd-b48c9db4e1b4,2,"[1, 1, 1, 1, 1, 1, 0, 0]",1,1,-1,,0.375,8
3218,9a1b08a8-8861-11f1-9dbd-b48c9db4e1b4,2,"[1, 1, 1, 1, 1, 1, 0, 0]",2,1,-1,,0.375,8
3219,9a1b08a8-8861-11f1-9dbd-b48c9db4e1b4,2,"[1, 1, 1, 1, 1, 1, 0, 0]",3,1,-1,,0.375,8
3220,9a1b08a8-8861-11f1-9dbd-b48c9db4e1b4,2,"[1, 1, 1, 1, 1, 1, 0, 0]",4,1,-1,,0.375,8
3221,9a1b08a8-8861-11f1-9dbd-b48c9db4e1b4,2,"[1, 1, 1, 1, 1, 1, 0, 0]",5,1,-1,,0.375,8
3222,9a1b08a8-8861-11f1-9dbd-b48c9db4e1b4,2,"[1, 1, 1, 1, 1, 1, 0, 0]",6,0,0,,0.375,8
3223,9a1b08a8-8861-11f1-9dbd-b48c9db4e1b4,2,"[1, 1, 1, 1, 1, 1, 0, 0]",7,0,0,,0.375,8
3224,9a1b08a8-8861-11f1-9dbd-b48c9db4e1b4,3,"[1, 0, 0, 1, 1, 1, 0, 0]",0,1,-1,,0.375,8
3225,9a1b08a8-8861-11f1-9dbd-b48c9db4e1b4,3,"[1, 0, 0, 1, 1, 1, 0, 0]",1,0,0,,0.375,8
3226,9a1b08a8-8861-11f1-9dbd-b48c9db4e1b4,3,"[1, 0, 0, 1, 1, 1, 0, 0]",2,0,0,,0.375,8
3227,9a1b08a8-8861-11f1-9dbd-b48c9db4e1b4,3,"[1, 0, 0, 1, 1, 1, 0, 0]",3,1,-1,,0.375,8
3228,9a1b08a8-8861-11f1-9dbd-b48c9db4e1b4,3,"[1, 0, 0, 1, 1, 1, 0, 0]",4,1,-1,,0.375,8
3229,9a1b08a8-8861-11f1-9dbd-b48c9db4e1b4,3,"[1, 0, 0, 1, 1, 1, 0, 0]",5,1,-1,,0.375,8
3230,9a1b08a8-8861-11f1-9dbd-b48c9db4e1b4,3,"[1, 0, 0, 1, 1, 1, 0, 0]",6,0,0,,0.375,8
3231,9a1b08a8-8861-11f1-9dbd-b48c9db4e1b4,3,"[1, 0, 0, 1, 1, 1, 0, 0]",7,0,0,,0.375,8
3232,9a1b08a8-8861-11f1-9dbd-b48c9db4e1b4,4,"[1, 1, 0, 0, 0, 0, 0, 1]",0,1,1,,0.375,8
3233,9a1b08a8-8861-11f1-9dbd-b48c9db4e1b4,4,"[1, 1, 0, 0, 0, 0, 0, 1]",1,1,1,,0.375,8
3234,9a1b08a8-8861-11f1-9dbd-b48c9db4e1b4,4,"[1, 1, 0, 0, 0, 0, 0, 1]",2,0,0,,0.375,8
3235,9a1b08a8-8861-11f1-9dbd-b48c9db4e1b4,4,"[1, 1, 0, 0, 0, 0, 0, 1]",3,0,0,,0.375,8
3236,9a1b08a8-8861-11f1-9dbd-b48c9db4e1b4,4,"[1, 1, 0, 0, 0, 0, 0, 1]",4,0,0,,0.375,8
3237,9a1b08a8-8861-11f1-9dbd-b48c9db4e1b4,4,"[1, 1, 0, 0, 0, 0, 0, 1]",5,0,0,,0.375,8
3238,9a1b08a8-8861-11f1-9dbd-b48c9db4e1b4,4,"[1, 1, 0, 0, 0, 0, 0, 1]",6,0,0,,0.375,8
3239,9a1b08a8-8861-11f1-9dbd-b48c9db4e1b4,4,"[1, 1, 0, 0, 0, 0, 0, 1]",7,1,1,,0.375,8
3240,9a1b08a8-8861-11f1-9dbd-b48c9db4e1b4,5,"[1, 1, 1, 1, 0, 1, 0, 0]",0,1,-1,,0.375,8
3241,9a1b08a8-8861-11f1-9dbd-b48c9db4e1b4,5,"[1, 1, 1, 1, 0, 1, 0, 0]",1,1,-1,,0.375,8
3242,9a1b08a8-8861-11f1-9dbd-b48c9db4e1b4,5,"[1, 1, 1, 1, 0, 1, 0, 0]",2,1,-1,,0.375,8
3243,9a1b08a8-8861-11f1-9dbd-b48c9db4e1b4,5,"[1, 1, 1, 1, 0, 1, 0, 0]",3,1,-1,,0.375,8
3244,9a1b08a8-8861-11f1-9dbd-b48c9db4e1b4,5,"[1, 1, 1, 1, 0, 1, 0, 0]",4,0,0,,0.375,8
3245,9a1b08a8-8861-11f1-9dbd-b48c9db4e1b4,5,"[1, 1, 1, 1, 0, 1, 0, 0]",5,1,-1,,0.375,8
3246,9a1b08a8-8861-11f1-9dbd-b48c9db4e1b4,5,"[1, 1, 1, 1, 0, 1, 0, 0]",6,0,0,,0.375,8
3247,9a1b08a8-8861-11f1-9dbd-b48c9db4e1b4,5,"[1, 1, 1, 1, 0, 1, 0, 0]",7,0,0,,0.375,8
3248,9a1b08a8-8861-11f1-9dbd-b48c9db4e1b4,6,"[0, 0, 0, 1, 1, 1, 0, 0]",0,0,0,,0.375,8
3249,9a1b08a8-8861-11f1-9dbd-b48c9db4e1b4,6,"[0, 0, 0, 1, 1, 1, 0, 0]",1,0,0,,0.375,8
3250,9a1b08a8-8861-11f1-9dbd-b48c9db4e1b4,6,"[0, 0, 0, 1, 1, 1, 0, 0]",2,0,0,,0.375,8
3251,9a1b08a8-8861-11f1-9dbd-b48c9db4e1b4,6,"[0, 0, 0, 1, 1, 1, 0, 0]",3,1,1,,0.375,8
3252,9a1b08a8-8861-11f1-9dbd-b48c9db4e1b4,6,"[0, 0, 0, 1, 1, 1, 0, 0]",4,1,1,,0.375,8
3253,9a1b08a8-8861-11f1-9dbd-b48c9db4e1b4,6,"[0, 0, 0, 1, 1, 1, 0, 0]",5,1,1,,0.375,8
3254,9a1b08a8-8861-11f1-9dbd-b48c9db4e1b4,6,"[0, 0, 0, 1, 1, 1, 0, 0]",6,0,0,,0.375,8
3255,9a1b08a8-8861-11f1-9dbd-b48c9db4e1b4,6,"[0, 0, 0, 1, 1, 1, 0, 0]",7,0,0,,0.375,8
3256,9a1b08a8-8861-11f1-9dbd-b48c9db4e1b4,7,"[1, 0, 1, 1, 1, 1, 0, 0]",0,1,-1,,0.375,8
3257,9a1b08a8-8861-11f1-9dbd-b48c9db4e1b4,7,"[1, 0, 1, 1, 1, 1, 0, 0]",1,0,0,,0.375,8
3258,9a1b08a8-8861-11f1-9dbd-b48c9db4e1b4,7,"[1, 0, 1, 1, 1, 1, 0, 0]",2,1,-1,,0.375,8
3259,9a1b08a8-8861-11f1-9dbd-b48c9db4e1b4,7,"[1, 0, 1, 1, 1, 1, 0, 0]",3,1,-1,,0.375,8
3260,9a1b08a8-8861-11f1-9dbd-b48c9db4e1b4,7,"[1, 0, 1, 1, 1, 1, 0, 0]",4,1,-1,,0.375,8
3261,9a1b08a8-8861-11f1-9dbd-b48c9db4e1b4,7,"[1, 0, 1, 1, 1, 1, 0, 0]",5,1,-1,,0.375,8
3262,9a1b08a8-8861-11f1-9dbd-b48c9db4e1b4,7,"[1, 0, 1, 1, 1, 1, 0, 0]",6,0,0,,0.375,8
3263,9a1b08a8-8861-11f1-9dbd-b48c9db4e1b4,7,"[1, 0, 1, 1, 1, 1, 0, 0]",7,0,0,,0.375,8
3264,9a1b08a8-8861-11f1-9dbd-b48c9db4e1b4,8,"[0, 0, 0, 0, 1, 1, 0, 1]",0,0,0,,0.375,8
3265,9a1b08a8-8861-11f1-9dbd-b48c9db4e1b4,8,"[0, 0, 0, 0, 1, 1, 0, 1]",1,0,0,,0.375,8
3266,9a1b08a8-8861-11f1-9dbd-b48c9db4e1b4,8,"[0, 0, 0, 0, 1, 1, 0, 1]",2,0,0,,0.375,8
3267,9a1b08a8-8861-11f1-9dbd-b48c9db4e1b4,8,"[0, 0, 0, 0, 1, 1, 0, 1]",3,0,0,,0.375,8
3268,9a1b08a8-8861-11f1-9dbd-b48c9db4e1b4,8,"[0, 0, 0, 0, 1, 1, 0, 1]",4,1,1,,0.375,8
3269,9a1b08a8-8861-11f1-9dbd-b48c9db4e1b4,8,"[0, 0, 0, 0, 1, 1, 0, 1]",5,1,1,,0.375,8
3270,9a1b08a8-8861-11f1-9dbd-b48c9db4e1b4,8,"[0, 0, 0, 0, 1, 1, 0, 1]",6,0,0,,0.375,8
3271,9a1b08a8-8861-11f1-9dbd-b48c9db4e1b4,8,"[0, 0, 0, 0, 1, 1, 0, 1]",7,1,1,,0.375,8
3272,9a1b08a8-8861-11f1-9dbd-b48c9db4e1b4,9,"[0, 1, 1, 1, 0, 1, 1, 0]",0,0,0,,0.375,8
3273,9a1b08a8-8861-11f1-9dbd-b48c9db4e1b4,9,"[0, 1, 1, 1, 0, 1, 1, 0]",1,1,-1,,0.375,8
3274,9a1b08a8-8861-11f1-9dbd-b48c9db4e1b4,9,"[0, 1, 1, 1, 0, 1, 1, 0]",2,1,-1,,0.375,8
3275,9a1b08a8-8861-11f1-9dbd-b48c9db4e1b4,9,"[0, 1, 1, 1, 0, 1, 1, 0]",3,1,-1,,0.375,8
3276,9a1b08a8-8861-11f1-9dbd-b48c9db4e1b4,9,"[0, 1, 1, 1, 0, 1, 1, 0]",4,0,0,,0.375,8
3277,9a1b08a8-8861-11f1-9dbd-b48c9db4e1b4,9,"[0, 1, 1, 1, 0, 1, 1, 0]",5,1,-1,,0.375,8
3278,9a1b08a8-8861-11f1-9dbd-b48c9db4e1b4,9,"[0, 1, 1, 1, 0, 1, 1, 0]",6,1,-1,,0.375,8
3279,9a1b08a8-8861-11f1-9dbd-b48c9db4e1b4,9,"[0, 1, 1, 1, 0, 1, 1, 0]",7,0,0,,0.375,8
3280,9a1b08a8-8861-11f1-9dbd-b48c9db4e1b4,10,"[0, 1, 0, 1, 0, 0, 0, 1]",0,0,0,,0.375,8
3281,9a1b08a8-8861-11f1-9dbd-b48c9db4e1b4,10,"[0, 1, 0, 1, 0, 0, 0, 1]",1,1,1,,0.375,8
3282,9a1b08a8-8861-11f1-9dbd-b48c9db4e1b4,10,"[0, 1, 0, 1, 0, 0, 0, 1]",2,0,0,,0.375,8
3283,9a1b08a8-8861-11f1-9dbd-b48c9db4e1b4,10,"[0, 1, 0, 1, 0, 0, 0, 1]",3,1,1,,0.375,8
3284,9a1b08a8-8861-11f1-9dbd-b48c9db4e1b4,10,"[0, 1, 0, 1, 0, 0, 0, 1]",4,0,0,,0.375,8
3285,9a1b08a8-8861-11f1-9dbd-b48c9db4e1b4,10,"[0, 1, 0, 1, 0, 0, 0, 1]",5,0,0,,0.375,8
3286,9a1b08a8-8861-11f1-9dbd-b48c9db4e1b4,10,"[0, 1, 0, 1, 0, 0, 0, 1]",6,0,0,,0.375,8
3287,9a1b08a8-8861-11f1-9dbd-b48c9db4e1b4,10,"[0, 1, 0, 1, 0, 0, 0, 1]",7,1,1,,0.375,8
3288,9a1b08a8-8861-11f1-9dbd-b48c9db4e1b4,11,"[1, 0, 1, 1, 1, 1, 1, 0]",0,1,-1,,0.375,8
3289,9a1b08a8-8861-11f1-9dbd-b48c9db4e1b4,11,"[1, 0, 1, 1, 1, 1, 1, 0]",1,0,0,,0.375,8
3290,9a1b08a8-8861-11f1-9dbd-b48c9db4e1b4,11,"[1, 0, 1, 1, 1, 1, 1, 0]",2,1,-1,,0.375,8
3291,9a1b08a8-8861-11f1-9dbd-b48c9db4e1b4,11,"[1, 0, 1, 1, 1, 1, 1, 0]",3,1,-1,,0.375,8
3292,9a1b08a8-8861-11f1-9dbd-b48c9db4e1b4,11,"[1, 0, 1, 1, 1, 1, 1, 0]",4,1,-1,,0.375,8
3293,9a1b08a8-8861-11f1-9dbd-b48c9db4e1b4,11,"[1, 0, 1, 1, 1, 1, 1, 0]",5,1,-1,,0.375,8
3294,9a1b08a8-8861-11f1-9dbd-b48c9db4e1b4,11,"[1, 0, 1, 1, 1, 1, 1, 0]",6,1,-1,,0.375,8
3295,9a1b08a8-8861-11f1-9dbd-b48c9db4e1b4,11,"[1, 0, 1, 1, 1, 1, 1, 0]",7,0,0,,0.375,8
3296,9a1b08a8-8861-11f1-9dbd-b48c9db4e1b4,12,"[1, 1, 0, 0, 1, 0, 0, 0]",0,1,1,,0.375,8
3297,9a1b08a8-8861-11f1-9dbd-b48c9db4e1b4,12,"[1, 1, 0, 0, 1, 0, 0, 0]",1,1,1,,0.375,8
3298,9a1b08a8-8861-11f1-9dbd-b48c9db4e1b4,12,"[1, 1, 0, 0, 1, 0, 0, 0]",2,0,0,,0.375,8
3299,9a1b08a8-8861-11f1-9dbd-b48c9db4e1b4,12,"[1, 1, 0, 0, 1, 0, 0, 0]",3,0,0,,0.375,8
3300,9a1b08a8-8861-11f1-9dbd-b48c9db4e1b4,12,"[1, 1, 0, 0, 1, 0, 0, 0]",4,1,1,,0.375,8
3301,9a1b08a8-8861-11f1-9dbd-b48c9db4e1b4,12,"[1, 1, 0, 0, 1, 0, 0, 0]",5,0,0,,0.375,8
3302,9a1b08a8-8861-11f1-9dbd-b48c9db4e1b4,12,"[1, 1, 0, 0, 1, 0, 0, 0]",6,0,0,,0.375,8
3303,9a1b08a8-8861-11f1-9dbd-b48c9db4e1b4,12,"[1, 1, 0, 0, 1, 0, 0, 0]",7,0,0,,0.375,8
3304,9a1b08a8-8861-11f1-9dbd-b48c9db4e1b4,13,"[1, 0, 1, 1, 1, 0, 1, 0]",0,1,-1,,0.375,8
3305,9a1b08a8-8861-11f1-9dbd-b48c9db4e1b4,13,"[1, 0, 1, 1, 1, 0, 1, 0]",1,0,0,,0.375,8
3306,9a1b08a8-8861-11f1-9dbd-b48c9db4e1b4,13,"[1, 0, 1, 1, 1, 0, 1, 0]",2,1,-1,,0.375,8
3307,9a1b08a8-8861-11f1-9dbd-b48c9db4e1b4,13,"[1, 0, 1, 1, 1, 0, 1, 0]",3,1,-1,,0.375,8
3308,9a1b08a8-8861-11f1-9dbd-b48c9db4e1b4,13,"[1, 0, 1, 1, 1, 0, 1, 0]",4,1,-1,,0.375,8
3309,9a1b08a8-8861-11f1-9dbd-b48c9db4e1b4,13,"[1, 0, 1, 1, 1, 0, 1, 0]",5,0,0,,0.375,8
3310,9a1b08a8-8861-11f1-9dbd-b48c9db4e1b4,13,"[1, 0, 1, 1, 1, 0, 1, 0]",6,1,-1,,0.375,8
3311,9a1b08a8-8861-11f1-9dbd-b48c9db4e1b4,13,"[1, 0, 1, 1, 1, 0, 1, 0]",7,0,0,,0.375,8
3312,9a1b08a8-8861-11f1-9dbd-b48c9db4e1b4,14,"[1, 1, 1, 0, 1, 1, 0, 0]",0,1,-1,,0.375,8
3313,9a1b08a8-8861-11f1-9dbd-b48c9db4e1b4,14,"[1, 1, 1, 0, 1, 1, 0, 0]",1,1,-1,,0.375,8
3314,9a1b08a8-8861-11f1-9dbd-b48c9db4e1b4,14,"[1, 1, 1, 0, 1, 1, 0, 0]",2,1,-1,,0.375,8
3315,9a1b08a8-8861-11f1-9dbd-b48c9db4e1b4,14,"[1, 1, 1, 0, 1, 1, 0, 0]",3,0,0,,0.375,8
3316,9a1b08a8-8861-11f1-9dbd-b48c9db4e1b4,14,"[1, 1, 1, 0, 1, 1, 0, 0]",4,1,-1,,0.375,8
3317,9a1b08a8-8861-11f1-9dbd-b48c9db4e1b4,14,"[1, 1, 1, 0, 1, 1, 0, 0]",5,1,-1,,0.375,8
3318,9a1b08a8-8861-11f1-9dbd-b48c9db4e1b4,14,"[1, 1, 1, 0, 1, 1, 0, 0]",6,0,0,,0.375,8
3319,9a1b08a8-8861-11f1-9dbd-b48c9db4e1b4,14,"[1, 1, 1, 0, 1, 1, 0, 0]",7,0,0,,0.375,8
3320,9a1b08a8-8861-11f1-9dbd-b48c9db4e1b4,15,"[0, 0, 1, 1, 1, 0, 1, 0]",0,0,0,,0.375,8
3321,9a1b08a8-8861-11f1-9dbd-b48c9db4e1b4,15,"[0, 0, 1, 1, 1, 0, 1, 0]",1,0,0,,0.375,8
3322,9a1b08a8-8861-11f1-9dbd-b48c9db4e1b4,15,"[0, 0, 1, 1, 1, 0, 1, 0]",2,1,-1,,0.375,8
3323,9a1b08a8-8861-11f1-9dbd-b48c9db4e1b4,15,"[0, 0, 1, 1, 1, 0, 1, 0]",3,1,-1,,0.375,8
3324,9a1b08a8-8861-11f1-9dbd-b48c9db4e1b4,15,"[0, 0, 1, 1, 1, 0, 1, 0]",4,1,-1,,0.375,8
3325,9a1b08a8-8861-11f1-9dbd-b48c9db4e1b4,15,"[0, 0, 1, 1, 1, 0, 1, 0]",5,0,0,,0.375,8
3326,9a1b08a8-8861-11f1-9dbd-b48c9db4e1b4,15,"[0, 0, 1, 1, 1, 0, 1, 0]",6,1,-1,,0.375,8
3327,9a1b08a8-8861-11f1-9dbd-b48c9db4e1b4,15,"[0, 0, 1, 1, 1, 0, 1, 0]",7,0,0,,0.375,8
3328,9a1b08a8-8861-11f1-9dbd-b48c9db4e1b4,16,"[1, 0, 0, 0, 1, 1, 1, 0]",0,1,-1,,0.375,8
3329,9a1b08a8-8861-11f1-9dbd-b48c9db4e1b4,16,"[1, 0, 0, 0, 1, 1, 1, 0]",1,0,0,,0.375,8
3330,9a1b08a8-8861-11f1-9dbd-b48c9db4e1b4,16,"[1, 0, 0, 0, 1, 1, 1, 0]",2,0,0,,0.375,8
3331,9a1b08a8-8861-11f1-9dbd-b48c9db4e1b4,16,"[1, 0, 0, 0, 1, 1, 1, 0]",3,0,0,,0.375,8
3332,9a1b08a8-8861-11f1-9dbd-b48c9db4e1b4,16,"[1, 0, 0, 0, 1, 1, 1, 0]",4,1,-1,,0.375,8
3333,9a1b08a8-8861-11f1-9dbd-b48c9db4e1b4,16,"[1, 0, 0, 0, 1, 1, 1, 0]",5,1,-1,,0.375,8
3334,9a1b08a8-8861-11f1-9dbd-b48c9db4e1b4,16,"[1, 0, 0, 0, 1, 1, 1, 0]",6,1,-1,,0.375,8
3335,9a1b08a8-8861-11f1-9dbd-b48c9db4e1b4,16,"[1, 0, 0, 0, 1, 1, 1, 0]",7,0,0,,0.375,8
3336,9a1b08a8-8861-11f1-9dbd-b48c9db4e1b4,17,"[0, 1, 0, 0, 1, 0, 1, 1]",0,0,0,,0.375,8
3337,9a1b08a8-8861-11f1-9dbd-b48c9db4e1b4,17,"[0, 1, 0, 0, 1, 0, 1, 1]",1,1,-1,,0.375,8
3338,9a1b08a8-8861-11f1-9dbd-b48c9db4e1b4,17,"[0, 1, 0, 0, 1, 0, 1, 1]",2,0,0,,0.375,8
3339,9a1b08a8-8861-11f1-9dbd-b48c9db4e1b4,17,"[0, 1, 0, 0, 1, 0, 1, 1]",3,0,0,,0.375,8
3340,9a1b08a8-8861-11f1-9dbd-b48c9db4e1b4,17,"[0, 1, 0, 0, 1, 0, 1, 1]",4,1,-1,,0.375,8
3341,9a1b08a8-8861-11f1-9dbd-b48c9db4e1b4,17,"[0, 1, 0, 0, 1, 0, 1, 1]",5,0,0,,0.375,8
3342,9a1b08a8-8861-11f1-9dbd-b48c9db4e1b4,17,"[0, 1, 0, 0, 1, 0, 1, 1]",6,1,-1,,0.375,8
3343,9a1b08a8-8861-11f1-9dbd-b48c9db4e1b4,17,"[0, 1, 0, 0, 1, 0, 1, 1]",7,1,-1,,0.375,8
3344,9a1b08a8-8861-11f1-9dbd-b48c9db4e1b4,18,"[0, 1, 1, 0, 0, 0, 1, 0]",0,0,0,,0.375,8
3345,9a1b08a8-8861-11f1-9dbd-b48c9db4e1b4,18,"[0, 1, 1, 0, 0, 0, 1, 0]",1,1,1,,0.375,8
3346,9a1b08a8-8861-11f1-9dbd-b48c9db4e1b4,18,"[0, 1, 1, 0, 0, 0, 1, 0]",2,1,1,,0.375,8
3347,9a1b08a8-8861-11f1-9dbd-b48c9db4e1b4,18,"[0, 1, 1, 0, 0, 0, 1, 0]",3,0,0,,0.375,8
3348,9a1b08a8-8861-11f1-9dbd-b48c9db4e1b4,18,"[0, 1, 1, 0, 0, 0, 1, 0]",4,0,0,,0.375,8
3349,9a1b08a8-8861-11f1-9dbd-b48c9db4e1b4,18,"[0, 1, 1, 0, 0, 0, 1, 0]",5,0,0,,0.375,8
3350,9a1b08a8-8861-11f1-9dbd-b48c9db4e1b4,18,"[0, 1, 1, 0, 0, 0, 1, 0]",6,1,1,,0.375,8
3351,9a1b08a8-8861-11f1-9dbd-b48c9db4e1b4,18,"[0, 1, 1, 0, 0, 0, 1, 0]",7,0,0,,0.375,8
3352,9a1b08a8-8861-11f1-9dbd-b48c9db4e1b4,19,"[0, 1, 1, 0, 0, 1, 1, 0]",0,0,0,,0.375,8
3353,9a1b08a8-8861-11f1-9dbd-b48c9db4e1b4,19,"[0, 1, 1, 0, 0, 1, 1, 0]",1,1,-1,,0.375,8
3354,9a1b08a8-8861-11f1-9dbd-b48c9db4e1b4,19,"[0, 1, 1, 0, 0, 1, 1, 0]",2,1,-1,,0.375,8
3355,9a1b08a8-8861-11f1-9dbd-b48c9db4e1b4,19,"[0, 1, 1, 0, 0, 1, 1, 0]",3,0,0,,0.375,8
3356,9a1b08a8-8861-11f1-9dbd-b48c9db4e1b4,19,"[0, 1, 1, 0, 0, 1, 1, 0]",4,0,0,,0.375,8
3357,9a1b08a8-8861-11f1-9dbd-b48c9db4e1b4,19,"[0, 1, 1, 0, 0, 1, 1, 0]",5,1,-1,,0.375,8
3358,9a1b08a8-8861-11f1-9dbd-b48c9db4e1b4,19,"[0, 1, 1, 0, 0, 1, 1, 0]",6,1,-1,,0.375,8
3359,9a1b08a8-8861-11f1-9dbd-b48c9db4e1b4,19,"[0, 1, 1, 0, 0, 1, 1, 0]",7,0,0,,0.375,8
3360,9a1ddb6a-8861-11f1-8cc5-b48c9db4e1b4,0,"[0, 1, 1, 0, 0, 1, 1, 1]",0,0,0,,0.375,8
3361,9a1ddb6a-8861-11f1-8cc5-b48c9db4e1b4,0,"[0, 1, 1, 0, 0, 1, 1, 1]",1,1,-1,,0.375,8
3362,9a1ddb6a-8861-11f1-8cc5-b48c9db4e1b4,0,"[0, 1, 1, 0, 0, 1, 1, 1]",2,1,-1,,0.375,8
3363,9a1ddb6a-8861-11f1-8cc5-b48c9db4e1b4,0,"[0, 1, 1, 0, 0, 1, 1, 1]",3,0,0,,0.375,8
3364,9a1ddb6a-8861-11f1-8cc5-b48c9db4e1b4,0,"[0, 1, 1, 0, 0, 1, 1, 1]",4,0,0,,0.375,8
3365,9a1ddb6a-8861-11f1-8cc5-b48c9db4e1b4,0,"[0, 1, 1, 0, 0, 1, 1, 1]",5,1,-1,,0.375,8
3366,9a1ddb6a-8861-11f1-8cc5-b48c9db4e1b4,0,"[0, 1, 1, 0, 0, 1, 1, 1]",6,1,-1,,0.375,8
3367,9a1ddb6a-8861-11f1-8cc5-b48c9db4e1b4,0,"[0, 1, 1, 0, 0, 1, 1, 1]",7,1,-1,,0.375,8
3368,9a1ddb6a-8861-11f1-8cc5-b48c9db4e1b4,1,"[0, 0, 1, 0, 0, 1, 0, 0]",0,0,0,,0.375,8
3369,9a1ddb6a-8861-11f1-8cc5-b48c9db4e1b4,1,"[0, 0, 1, 0, 0, 1, 0, 0]",1,0,0,,0.375,8
3370,9a1ddb6a-8861-11f1-8cc5-b48c9db4e1b4,1,"[0, 0, 1, 0, 0, 1, 0, 0]",2,1,1,,0.375,8
3371,9a1ddb6a-8861-11f1-8cc5-b48c9db4e1b4,1,"[0, 0, 1, 0, 0, 1, 0, 0]",3,0,0,,0.375,8
3372,9a1ddb6a-8861-11f1-8cc5-b48c9db4e1b4,1,"[0, 0, 1, 0, 0, 1, 0, 0]",4,0,0,,0.375,8
3373,9a1ddb6a-8861-11f1-8cc5-b48c9db4e1b4,1,"[0, 0, 1, 0, 0, 1, 0, 0]",5,1,1,,0.375,8
3374,9a1ddb6a-8861-11f1-8cc5-b48c9db4e1b4,1,"[0, 0, 1, 0, 0, 1, 0, 0]",6,0,0,,0.375,8
3375,9a1ddb6a-8861-11f1-8cc5-b48c9db4e1b4,1,"[0, 0, 1, 0, 0, 1, 0, 0]",7,0,0,,0.375,8
3376,9a1ddb6a-8861-11f1-8cc5-b48c9db4e1b4,2,"[1, 0, 1, 0, 1, 0, 0, 0]",0,1,1,,0.375,8
3377,9a1ddb6a-8861-11f1-8cc5-b48c9db4e1b4,2,"[1, 0, 1, 0, 1, 0, 0, 0]",1,0,0,,0.375,8
3378,9a1ddb6a-8861-11f1-8cc5-b48c9db4e1b4,2,"[1, 0, 1, 0, 1, 0, 0, 0]",2,1,1,,0.375,8
3379,9a1ddb6a-8861-11f1-8cc5-b48c9db4e1b4,2,"[1, 0, 1, 0, 1, 0, 0, 0]",3,0,0,,0.375,8
3380,9a1ddb6a-8861-11f1-8cc5-b48c9db4e1b4,2,"[1, 0, 1, 0, 1, 0, 0, 0]",4,1,1,,0.375,8
3381,9a1ddb6a-8861-11f1-8cc5-b48c9db4e1b4,2,"[1, 0, 1, 0, 1, 0, 0, 0]",5,0,0,,0.375,8
3382,9a1ddb6a-8861-11f1-8cc5-b48c9db4e1b4,2,"[1, 0, 1, 0, 1, 0, 0, 0]",6,0,0,,0.375,8
3383,9a1ddb6a-8861-11f1-8cc5-b48c9db4e1b4,2,"[1, 0, 1, 0, 1, 0, 0, 0]",7,0,0,,0.375,8
3384,9a1ddb6a-8861-11f1-8cc5-b48c9db4e1b4,3,"[1, 0, 0, 0, 1, 1, 1, 1]",0,1,-1,,0.375,8
3385,9a1ddb6a-8861-11f1-8cc5-b48c9db4e1b4,3,"[1, 0, 0, 0, 1, 1, 1, 1]",1,0,0,,0.375,8
3386,9a1ddb6a-8861-11f1-8cc5-b48c9db4e1b4,3,"[1, 0, 0, 0, 1, 1, 1, 1]",2,0,0,,0.375,8
3387,9a1ddb6a-8861-11f1-8cc5-b48c9db4e1b4,3,"[1, 0, 0, 0, 1, 1, 1, 1]",3,0,0,,0.375,8
3388,9a1ddb6a-8861-11f1-8cc5-b48c9db4e1b4,3,"[1, 0, 0, 0, 1, 1, 1, 1]",4,1,-1,,0.375,8
3389,9a1ddb6a-8861-11f1-8cc5-b48c9db4e1b4,3,"[1, 0, 0, 0, 1, 1, 1, 1]",5,1,-1,,0.375,8
3390,9a1ddb6a-8861-11f1-8cc5-b48c9db4e1b4,3,"[1, 0, 0, 0, 1, 1, 1, 1]",6,1,-1,,0.375,8
3391,9a1ddb6a-8861-11f1-8cc5-b48c9db4e1b4,3,"[1, 0, 0, 0, 1, 1, 1, 1]",7,1,-1,,0.375,8
3392,9a1ddb6a-8861-11f1-8cc5-b48c9db4e1b4,4,"[1, 0, 1, 0, 1, 1, 1, 0]",0,1,-1,,0.375,8
3393,9a1ddb6a-8861-11f1-8cc5-b48c9db4e1b4,4,"[1, 0, 1, 0, 1, 1, 1, 0]",1,0,0,,0.375,8
3394,9a1ddb6a-8861-11f1-8cc5-b48c9db4e1b4,4,"[1, 0, 1, 0, 1, 1, 1, 0]",2,1,-1,,0.375,8
3395,9a1ddb6a-8861-11f1-8cc5-b48c9db4e1b4,4,"[1, 0, 1, 0, 1, 1, 1, 0]",3,0,0,,0.375,8
3396,9a1ddb6a-8861-11f1-8cc5-b48c9db4e1b4,4,"[1, 0, 1, 0, 1, 1, 1, 0]",4,1,-1,,0.375,8
3397,9a1ddb6a-8861-11f1-8cc5-b48c9db4e1b4,4,"[1, 0, 1, 0, 1, 1, 1, 0]",5,1,-1,,0.375,8
3398,9a1ddb6a-8861-11f1-8cc5-b48c9db4e1b4,4,"[1, 0, 1, 0, 1, 1, 1, 0]",6,1,-1,,0.375,8
3399,9a1ddb6a-8861-11f1-8cc5-b48c9db4e1b4,4,"[1, 0, 1, 0, 1, 1, 1, 0]",7,0,0,,0.375,8
3400,9a1ddb6a-8861-11f1-8cc5-b48c9db4e1b4,5,"[0, 0, 1, 1, 0, 0, 0, 1]",0,0,0,,0.375,8
3401,9a1ddb6a-8861-11f1-8cc5-b48c9db4e1b4,5,"[0, 0, 1, 1, 0, 0, 0, 1]",1,0,0,,0.375,8
3402,9a1ddb6a-8861-11f1-8cc5-b48c9db4e1b4,5,"[0, 0, 1, 1, 0, 0, 0, 1]",2,1,1,,0.375,8
3403,9a1ddb6a-8861-11f1-8cc5-b48c9db4e1b4,5,"[0, 0, 1, 1, 0, 0, 0, 1]",3,1,1,,0.375,8
3404,9a1ddb6a-8861-11f1-8cc5-b48c9db4e1b4,5,"[0, 0, 1, 1, 0, 0, 0, 1]",4,0,0,,0.375,8
3405,9a1ddb6a-8861-11f1-8cc5-b48c9db4e1b4,5,"[0, 0, 1, 1, 0, 0, 0, 1]",5,0,0,,0.375,8
3406,9a1ddb6a-8861-11f1-8cc5-b48c9db4e1b4,5,"[0, 0, 1, 1, 0, 0, 0, 1]",6,0,0,,0.375,8
3407,9a1ddb6a-8861-11f1-8cc5-b48c9db4e1b4,5,"[0, 0, 1, 1, 0, 0, 0, 1]",7,1,1,,0.375,8
3408,9a1ddb6a-8861-11f1-8cc5-b48c9db4e1b4,6,"[0, 0, 1, 1, 1, 1, 0, 0]",0,0,0,,0.375,8
3409,9a1ddb6a-8861-11f1-8cc5-b48c9db4e1b4,6,"[0, 0, 1, 1, 1, 1, 0, 0]",1,0,0,,0.375,8
3410,9a1ddb6a-8861-11f1-8cc5-b48c9db4e1b4,6,"[0, 0, 1, 1, 1, 1, 0, 0]",2,1,-1,,0.375,8
3411,9a1ddb6a-8861-11f1-8cc5-b48c9db4e1b4,6,"[0, 0, 1, 1, 1, 1, 0, 0]",3,1,-1,,0.375,8
3412,9a1ddb6a-8861-11f1-8cc5-b48c9db4e1b4,6,"[0, 0, 1, 1, 1, 1, 0, 0]",4,1,-1,,0.375,8
3413,9a1ddb6a-8861-11f1-8cc5-b48c9db4e1b4,6,"[0, 0, 1, 1, 1, 1, 0, 0]",5,1,-1,,0.375,8
3414,9a1ddb6a-8861-11f1-8cc5-b48c9db4e1b4,6,"[0, 0, 1, 1, 1, 1, 0, 0]",6,0,0,,0.375,8
3415,9a1ddb6a-8861-11f1-8cc5-b48c9db4e1b4,6,"[0, 0, 1, 1, 1, 1, 0, 0]",7,0,0,,0.375,8
3416,9a1ddb6a-8861-11f1-8cc5-b48c9db4e1b4,7,"[0, 1, 1, 1, 1, 0, 1, 0]",0,0,0,,0.375,8
3417,9a1ddb6a-8861-11f1-8cc5-b48c9db4e1b4,7,"[0, 1, 1, 1, 1, 0, 1, 0]",1,1,-1,,0.375,8
3418,9a1ddb6a-8861-11f1-8cc5-b48c9db4e1b4,7,"[0, 1, 1, 1, 1, 0, 1, 0]",2,1,-1,,0.375,8
3419,9a1ddb6a-8861-11f1-8cc5-b48c9db4e1b4,7,"[0, 1, 1, 1, 1, 0, 1, 0]",3,1,-1,,0.375,8
3420,9a1ddb6a-8861-11f1-8cc5-b48c9db4e1b4,7,"[0, 1, 1, 1, 1, 0, 1, 0]",4,1,-1,,0.375,8
3421,9a1ddb6a-8861-11f1-8cc5-b48c9db4e1b4,7,"[0, 1, 1, 1, 1, 0, 1, 0]",5,0,0,,0.375,8
3422,9a1ddb6a-8861-11f1-8cc5-b48c9db4e1b4,7,"[0, 1, 1, 1, 1, 0, 1, 0]",6,1,-1,,0.375,8
3423,9a1ddb6a-8861-11f1-8cc5-b48c9db4e1b4,7,"[0, 1, 1, 1, 1, 0, 1, 0]",7,0,0,,0.375,8
3424,9a1ddb6a-8861-11f1-8cc5-b48c9db4e1b4,8,"[1, 1, 1, 1, 1, 0, 1, 0]",0,1,-1,,0.375,8
3425,9a1ddb6a-8861-11f1-8cc5-b48c9db4e1b4,8,"[1, 1, 1, 1, 1, 0, 1, 0]",1,1,-1,,0.375,8
3426,9a1ddb6a-8861-11f1-8cc5-b48c9db4e1b4,8,"[1, 1, 1, 1, 1, 0, 1, 0]",2,1,-1,,0.375,8
3427,9a1ddb6a-8861-11f1-8cc5-b48c9db4e1b4,8,"[1, 1, 1, 1, 1, 0, 1, 0]",3,1,-1,,0.375,8
3428,9a1ddb6a-8861-11f1-8cc5-b48c9db4e1b4,8,"[1, 1, 1, 1, 1, 0, 1, 0]",4,1,-1,,0.375,8
3429,9a1ddb6a-8861-11f1-8cc5-b48c9db4e1b4,8,"[1, 1, 1, 1, 1, 0, 1, 0]",5,0,0,,0.375,8
3430,9a1ddb6a-8861-11f1-8cc5-b48c9db4e1b4,8,"[1, 1, 1, 1, 1, 0, 1, 0]",6,1,-1,,0.375,8
3431,9a1ddb6a-8861-11f1-8cc5-b48c9db4e1b4,8,"[1, 1, 1, 1, 1, 0, 1, 0]",7,0,0,,0.375,8
3432,9a1ddb6a-8861-11f1-8cc5-b48c9db4e1b4,9,"[1, 0, 1, 0, 0, 0, 0, 0]",0,1,1,,0.375,8
3433,9a1ddb6a-8861-11f1-8cc5-b48c9db4e1b4,9,"[1, 0, 1, 0, 0, 0, 0, 0]",1,0,0,,0.375,8
3434,9a1ddb6a-8861-11f1-8cc5-b48c9db4e1b4,9,"[1, 0, 1, 0, 0, 0, 0, 0]",2,1,1,,0.375,8
3435,9a1ddb6a-8861-11f1-8cc5-b48c9db4e1b4,9,"[1, 0, 1, 0, 0, 0, 0, 0]",3,0,0,,0.375,8
3436,9a1ddb6a-8861-11f1-8cc5-b48c9db4e1b4,9,"[1, 0, 1, 0, 0, 0, 0, 0]",4,0,0,,0.375,8
3437,9a1ddb6a-8861-11f1-8cc5-b48c9db4e1b4,9,"[1, 0, 1, 0, 0, 0, 0, 0]",5,0,0,,0.375,8
3438,9a1ddb6a-8861-11f1-8cc5-b48c9db4e1b4,9,"[1, 0, 1, 0, 0, 0, 0, 0]",6,0,0,,0.375,8
3439,9a1ddb6a-8861-11f1-8cc5-b48c9db4e1b4,9,"[1, 0, 1, 0, 0, 0, 0, 0]",7,0,0,,0.375,8
3440,9a1ddb6a-8861-11f1-8cc5-b48c9db4e1b4,10,"[1, 1, 1, 0, 1, 0, 1, 1]",0,1,-1,,0.375,8
3441,9a1ddb6a-8861-11f1-8cc5-b48c9db4e1b4,10,"[1, 1, 1, 0, 1, 0, 1, 1]",1,1,-1,,0.375,8
3442,9a1ddb6a-8861-11f1-8cc5-b48c9db4e1b4,10,"[1, 1, 1, 0, 1, 0, 1, 1]",2,1,-1,,0.375,8
3443,9a1ddb6a-8861-11f1-8cc5-b48c9db4e1b4,10,"[1, 1, 1, 0, 1, 0, 1, 1]",3,0,0,,0.375,8
3444,9a1ddb6a-8861-11f1-8cc5-b48c9db4e1b4,10,"[1, 1, 1, 0, 1, 0, 1, 1]",4,1,-1,,0.375,8
3445,9a1ddb6a-8861-11f1-8cc5-b48c9db4e1b4,10,"[1, 1, 1, 0, 1, 0, 1, 1]",5,0,0,,0.375,8
3446,9a1ddb6a-8861-11f1-8cc5-b48c9db4e1b4,10,"[1, 1, 1, 0, 1, 0, 1, 1]",6,1,-1,,0.375,8
3447,9a1ddb6a-8861-11f1-8cc5-b48c9db4e1b4,10,"[1, 1, 1, 0, 1, 0, 1, 1]",7,1,-1,,0.375,8
3448,9a1ddb6a-8861-11f1-8cc5-b48c9db4e1b4,11,"[1, 0, 1, 1, 1, 1, 0, 1]",0,1,-1,,0.375,8
3449,9a1ddb6a-8861-11f1-8cc5-b48c9db4e1b4,11,"[1, 0, 1, 1, 1, 1, 0, 1]",1,0,0,,0.375,8
3450,9a1ddb6a-8861-11f1-8cc5-b48c9db4e1b4,11,"[1, 0, 1, 1, 1, 1, 0, 1]",2,1,-1,,0.375,8
3451,9a1ddb6a-8861-11f1-8cc5-b48c9db4e1b4,11,"[1, 0, 1, 1, 1, 1, 0, 1]",3,1,-1,,0.375,8
3452,9a1ddb6a-8861-11f1-8cc5-b48c9db4e1b4,11,"[1, 0, 1, 1, 1, 1, 0, 1]",4,1,-1,,0.375,8
3453,9a1ddb6a-8861-11f1-8cc5-b48c9db4e1b4,11,"[1, 0, 1, 1, 1, 1, 0, 1]",5,1,-1,,0.375,8
3454,9a1ddb6a-8861-11f1-8cc5-b48c9db4e1b4,11,"[1, 0, 1, 1, 1, 1, 0, 1]",6,0,0,,0.375,8
3455,9a1ddb6a-8861-11f1-8cc5-b48c9db4e1b4,11,"[1, 0, 1, 1, 1, 1, 0, 1]",7,1,-1,,0.375,8
3456,9a1ddb6a-8861-11f1-8cc5-b48c9db4e1b4,12,"[0, 1, 1, 0, 1, 1, 0, 0]",0,0,0,,0.375,8
3457,9a1ddb6a-8861-11f1-8cc5-b48c9db4e1b4,12,"[0, 1, 1, 0, 1, 1, 0, 0]",1,1,-1,,0.375,8
3458,9a1ddb6a-8861-11f1-8cc5-b48c9db4e1b4,12,"[0, 1, 1, 0, 1, 1, 0, 0]",2,1,-1,,0.375,8
3459,9a1ddb6a-8861-11f1-8cc5-b48c9db4e1b4,12,"[0, 1, 1, 0, 1, 1, 0, 0]",3,0,0,,0.375,8
3460,9a1ddb6a-8861-11f1-8cc5-b48c9db4e1b4,12,"[0, 1, 1, 0, 1, 1, 0, 0]",4,1,-1,,0.375,8
3461,9a1ddb6a-8861-11f1-8cc5-b48c9db4e1b4,12,"[0, 1, 1, 0, 1, 1, 0, 0]",5,1,-1,,0.375,8
3462,9a1ddb6a-8861-11f1-8cc5-b48c9db4e1b4,12,"[0, 1, 1, 0, 1, 1, 0, 0]",6,0,0,,0.375,8
3463,9a1ddb6a-8861-11f1-8cc5-b48c9db4e1b4,12,"[0, 1, 1, 0, 1, 1, 0, 0]",7,0,0,,0.375,8
3464,9a1ddb6a-8861-11f1-8cc5-b48c9db4e1b4,13,"[0, 1, 1, 1, 1, 1, 1, 0]",0,0,0,,0.375,8
3465,9a1ddb6a-8861-11f1-8cc5-b48c9db4e1b4,13,"[0, 1, 1, 1, 1, 1, 1, 0]",1,1,-1,,0.375,8
3466,9a1ddb6a-8861-11f1-8cc5-b48c9db4e1b4,13,"[0, 1, 1, 1, 1, 1, 1, 0]",2,1,-1,,0.375,8
3467,9a1ddb6a-8861-11f1-8cc5-b48c9db4e1b4,13,"[0, 1, 1, 1, 1, 1, 1, 0]",3,1,-1,,0.375,8
3468,9a1ddb6a-8861-11f1-8cc5-b48c9db4e1b4,13,"[0, 1, 1, 1, 1, 1, 1, 0]",4,1,-1,,0.375,8
3469,9a1ddb6a-8861-11f1-8cc5-b48c9db4e1b4,13,"[0, 1, 1, 1, 1, 1, 1, 0]",5,1,-1,,0.375,8
3470,9a1ddb6a-8861-11f1-8cc5-b48c9db4e1b4,13,"[0, 1, 1, 1, 1, 1, 1, 0]",6,1,-1,,0.375,8
3471,9a1ddb6a-8861-11f1-8cc5-b48c9db4e1b4,13,"[0, 1, 1, 1, 1, 1, 1, 0]",7,0,0,,0.375,8
3472,9a1ddb6a-8861-11f1-8cc5-b48c9db4e1b4,14,"[1, 0, 1, 0, 1, 1, 0, 0]",0,1,-1,,0.375,8
3473,9a1ddb6a-8861-11f1-8cc5-b48c9db4e1b4,14,"[1, 0, 1, 0, 1, 1, 0, 0]",1,0,0,,0.375,8
3474,9a1ddb6a-8861-11f1-8cc5-b48c9db4e1b4,14,"[1, 0, 1, 0, 1, 1, 0, 0]",2,1,-1,,0.375,8
3475,9a1ddb6a-8861-11f1-8cc5-b48c9db4e1b4,14,"[1, 0, 1, 0, 1, 1, 0, 0]",3,0,0,,0.375,8
3476,9a1ddb6a-8861-11f1-8cc5-b48c9db4e1b4,14,"[1, 0, 1, 0, 1, 1, 0, 0]",4,1,-1,,0.375,8
3477,9a1ddb6a-8861-11f1-8cc5-b48c9db4e1b4,14,"[1, 0, 1, 0, 1, 1, 0, 0]",5,1,-1,,0.375,8
3478,9a1ddb6a-8861-11f1-8cc5-b48c9db4e1b4,14,"[1, 0, 1, 0, 1, 1, 0, 0]",6,0,0,,0.375,8
3479,9a1ddb6a-8861-11f1-8cc5-b48c9db4e1b4,14,"[1, 0, 1, 0, 1, 1, 0, 0]",7,0,0,,0.375,8
3480,9a1ddb6a-8861-11f1-8cc5-b48c9db4e1b4,15,"[0, 1, 1, 1, 0, 0, 0, 1]",0,0,0,,0.375,8
3481,9a1ddb6a-8861-11f1-8cc5-b48c9db4e1b4,15,"[0, 1, 1, 1, 0, 0, 0, 1]",1,1,-1,,0.375,8
3482,9a1ddb6a-8861-11f1-8cc5-b48c9db4e1b4,15,"[0, 1, 1, 1, 0, 0, 0, 1]",2,1,-1,,0.375,8
3483,9a1ddb6a-8861-11f1-8cc5-b48c9db4e1b4,15,"[0, 1, 1, 1, 0, 0, 0, 1]",3,1,-1,,0.375,8
3484,9a1ddb6a-8861-11f1-8cc5-b48c9db4e1b4,15,"[0, 1, 1, 1, 0, 0, 0, 1]",4,0,0,,0.375,8
3485,9a1ddb6a-8861-11f1-8cc5-b48c9db4e1b4,15,"[0, 1, 1, 1, 0, 0, 0, 1]",5,0,0,,0.375,8
3486,9a1ddb6a-8861-11f1-8cc5-b48c9db4e1b4,15,"[0, 1, 1, 1, 0, 0, 0, 1]",6,0,0,,0.375,8
3487,9a1ddb6a-8861-11f1-8cc5-b48c9db4e1b4,15,"[0, 1, 1, 1, 0, 0, 0, 1]",7,1,-1,,0.375,8
3488,9a1ddb6a-8861-11f1-8cc5-b48c9db4e1b4,16,"[1, 0, 1, 1, 0, 1, 1, 0]",0,1,-1,,0.375,8
3489,9a1ddb6a-8861-11f1-8cc5-b48c9db4e1b4,16,"[1, 0, 1, 1, 0, 1, 1, 0]",1,0,0,,0.375,8
3490,9a1ddb6a-8861-11f1-8cc5-b48c9db4e1b4,16,"[1, 0, 1, 1, 0, 1, 1, 0]",2,1,-1,,0.375,8
3491,9a1ddb6a-8861-11f1-8cc5-b48c9db4e1b4,16,"[1, 0, 1, 1, 0, 1, 1, 0]",3,1,-1,,0.375,8
3492,9a1ddb6a-8861-11f1-8cc5-b48c9db4e1b4,16,"[1, 0, 1, 1, 0, 1, 1, 0]",4,0,0,,0.375,8
3493,9a1ddb6a-8861-11f1-8cc5-b48c9db4e1b4,16,"[1, 0, 1, 1, 0, 1, 1, 0]",5,1,-1,,0.375,8
3494,9a1ddb6a-8861-11f1-8cc5-b48c9db4e1b4,16,"[1, 0, 1, 1, 0, 1, 1, 0]",6,1,-1,,0.375,8
3495,9a1ddb6a-8861-11f1-8cc5-b48c9db4e1b4,16,"[1, 0, 1, 1, 0, 1, 1, 0]",7,0,0,,0.375,8
3496,9a1ddb6a-8861-11f1-8cc5-b48c9db4e1b4,17,"[1, 0, 1, 1, 0, 0, 0, 0]",0,1,1,,0.375,8
3497,9a1ddb6a-8861-11f1-8cc5-b48c9db4e1b4,17,"[1, 0, 1, 1, 0, 0, 0, 0]",1,0,0,,0.375,8
3498,9a1ddb6a-8861-11f1-8cc5-b48c9db4e1b4,17,"[1, 0, 1, 1, 0, 0, 0, 0]",2,1,1,,0.375,8
3499,9a1ddb6a-8861-11f1-8cc5-b48c9db4e1b4,17,"[1, 0, 1, 1, 0, 0, 0, 0]",3,1,1,,0.375,8
3500,9a1ddb6a-8861-11f1-8cc5-b48c9db4e1b4,17,"[1, 0, 1, 1, 0, 0, 0, 0]",4,0,0,,0.375,8
3501,9a1ddb6a-8861-11f1-8cc5-b48c9db4e1b4,17,"[1, 0, 1, 1, 0, 0, 0, 0]",5,0,0,,0.375,8
3502,9a1ddb6a-8861-11f1-8cc5-b48c9db4e1b4,17,"[1, 0, 1, 1, 0, 0, 0, 0]",6,0,0,,0.375,8
3503,9a1ddb6a-8861-11f1-8cc5-b48c9db4e1b4,17,"[1, 0, 1, 1, 0, 0, 0, 0]",7,0,0,,0.375,8
3504,9a1ddb6a-8861-11f1-8cc5-b48c9db4e1b4,18,"[1, 1, 1, 0, 0, 0, 1, 0]",0,1,-1,,0.375,8
3505,9a1ddb6a-8861-11f1-8cc5-b48c9db4e1b4,18,"[1, 1, 1, 0, 0, 0, 1, 0]",1,1,-1,,0.375,8
3506,9a1ddb6a-8861-11f1-8cc5-b48c9db4e1b4,18,"[1, 1, 1, 0, 0, 0, 1, 0]",2,1,-1,,0.375,8
3507,9a1ddb6a-8861-11f1-8cc5-b48c9db4e1b4,18,"[1, 1, 1, 0, 0, 0, 1, 0]",3,0,0,,0.375,8
3508,9a1ddb6a-8861-11f1-8cc5-b48c9db4e1b4,18,"[1, 1, 1, 0, 0, 0, 1, 0]",4,0,0,,0.375,8
3509,9a1ddb6a-8861-11f1-8cc5-b48c9db4e1b4,18,"[1, 1, 1, 0, 0, 0, 1, 0]",5,0,0,,0.375,8
3510,9a1ddb6a-8861-11f1-8cc5-b48c9db4e1b4,18,"[1, 1, 1, 0, 0, 0, 1, 0]",6,1,-1,,0.375,8
3511,9a1ddb6a-8861-11f1-8cc5-b48c9db4e1b4,18,"[1, 1, 1, 0, 0, 0, 1, 0]",7,0,0,,0.375,8
3512,9a1ddb6a-8861-11f1-8cc5-b48c9db4e1b4,19,"[0, 1, 1, 0, 0, 0, 1, 1]",0,0,0,,0.375,8
3513,9a1ddb6a-8861-11f1-8cc5-b48c9db4e1b4,19,"[0, 1, 1, 0, 0, 0, 1, 1]",1,1,-1,,0.375,8
3514,9a1ddb6a-8861-11f1-8cc5-b48c9db4e1b4,19,"[0, 1, 1, 0, 0, 0, 1, 1]",2,1,-1,,0.375,8
3515,9a1ddb6a-8861-11f1-8cc5-b48c9db4e1b4,19,"[0, 1, 1, 0, 0, 0, 1, 1]",3,0,0,,0.375,8
3516,9a1ddb6a-8861-11f1-8cc5-b48c9db4e1b4,19,"[0, 1, 1, 0, 0, 0, 1, 1]",4,0,0,,0.375,8
3517,9a1ddb6a-8861-11f1-8cc5-b48c9db4e1b4,19,"[0, 1, 1, 0, 0, 0, 1, 1]",5,0,0,,0.375,8
3518,9a1ddb6a-8861-11f1-8cc5-b48c9db4e1b4,19,"[0, 1, 1, 0, 0, 0, 1, 1]",6,1,-1,,0.375,8
3519,9a1ddb6a-8861-11f1-8cc5-b48c9db4e1b4,19,"[0, 1, 1, 0, 0, 0, 1, 1]",7,1,-1,,0.375,8
3520,9a20bb53-8861-11f1-b8f0-b48c9db4e1b4,0,"[0, 0, 1, 0, 0, 0, 0, 0]",0,0,0,,0.375,8
3521,9a20bb53-8861-11f1-b8f0-b48c9db4e1b4,0,"[0, 0, 1, 0, 0, 0, 0, 0]",1,0,0,,0.375,8
3522,9a20bb53-8861-11f1-b8f0-b48c9db4e1b4,0,"[0, 0, 1, 0, 0, 0, 0, 0]",2,1,1,,0.375,8
3523,9a20bb53-8861-11f1-b8f0-b48c9db4e1b4,0,"[0, 0, 1, 0, 0, 0, 0, 0]",3,0,0,,0.375,8
3524,9a20bb53-8861-11f1-b8f0-b48c9db4e1b4,0,"[0, 0, 1, 0, 0, 0, 0, 0]",4,0,0,,0.375,8
3525,9a20bb53-8861-11f1-b8f0-b48c9db4e1b4,0,"[0, 0, 1, 0, 0, 0, 0, 0]",5,0,0,,0.375,8
3526,9a20bb53-8861-11f1-b8f0-b48c9db4e1b4,0,"[0, 0, 1, 0, 0, 0, 0, 0]",6,0,0,,0.375,8
3527,9a20bb53-8861-11f1-b8f0-b48c9db4e1b4,0,"[0, 0, 1, 0, 0, 0, 0, 0]",7,0,0,,0.375,8
3528,9a20bb53-8861-11f1-b8f0-b48c9db4e1b4,1,"[1, 1, 1, 1, 0, 0, 0, 1]",0,1,-1,,0.375,8
3529,9a20bb53-8861-11f1-b8f0-b48c9db4e1b4,1,"[1, 1, 1, 1, 0, 0, 0, 1]",1,1,-1,,0.375,8
3530,9a20bb53-8861-11f1-b8f0-b48c9db4e1b4,1,"[1, 1, 1, 1, 0, 0, 0, 1]",2,1,-1,,0.375,8
3531,9a20bb53-8861-11f1-b8f0-b48c9db4e1b4,1,"[1, 1, 1, 1, 0, 0, 0, 1]",3,1,-1,,0.375,8
3532,9a20bb53-8861-11f1-b8f0-b48c9db4e1b4,1,"[1, 1, 1, 1, 0, 0, 0, 1]",4,0,0,,0.375,8
3533,9a20bb53-8861-11f1-b8f0-b48c9db4e1b4,1,"[1, 1, 1, 1, 0, 0, 0, 1]",5,0,0,,0.375,8
3534,9a20bb53-8861-11f1-b8f0-b48c9db4e1b4,1,"[1, 1, 1, 1, 0, 0, 0, 1]",6,0,0,,0.375,8
3535,9a20bb53-8861-11f1-b8f0-b48c9db4e1b4,1,"[1, 1, 1, 1, 0, 0, 0, 1]",7,1,-1,,0.375,8
3536,9a20bb53-8861-11f1-b8f0-b48c9db4e1b4,2,"[0, 1, 1, 0, 0, 1, 1, 1]",0,0,0,,0.375,8
3537,9a20bb53-8861-11f1-b8f0-b48c9db4e1b4,2,"[0, 1, 1, 0, 0, 1, 1, 1]",1,1,-1,,0.375,8
3538,9a20bb53-8861-11f1-b8f0-b48c9db4e1b4,2,"[0, 1, 1, 0, 0, 1, 1, 1]",2,1,-1,,0.375,8
3539,9a20bb53-8861-11f1-b8f0-b48c9db4e1b4,2,"[0, 1, 1, 0, 0, 1, 1, 1]",3,0,0,,0.375,8
3540,9a20bb53-8861-11f1-b8f0-b48c9db4e1b4,2,"[0, 1, 1, 0, 0, 1, 1, 1]",4,0,0,,0.375,8
3541,9a20bb53-8861-11f1-b8f0-b48c9db4e1b4,2,"[0, 1, 1, 0, 0, 1, 1, 1]",5,1,-1,,0.375,8
3542,9a20bb53-8861-11f1-b8f0-b48c9db4e1b4,2,"[0, 1, 1, 0, 0, 1, 1, 1]",6,1,-1,,0.375,8
3543,9a20bb53-8861-11f1-b8f0-b48c9db4e1b4,2,"[0, 1, 1, 0, 0, 1, 1, 1]",7,1,-1,,0.375,8
3544,9a20bb53-8861-11f1-b8f0-b48c9db4e1b4,3,"[0, 1, 0, 1, 1, 0, 1, 0]",0,0,0,,0.375,8
3545,9a20bb53-8861-11f1-b8f0-b48c9db4e1b4,3,"[0, 1, 0, 1, 1, 0, 1, 0]",1,1,-1,,0.375,8
3546,9a20bb53-8861-11f1-b8f0-b48c9db4e1b4,3,"[0, 1, 0, 1, 1, 0, 1, 0]",2,0,0,,0.375,8
3547,9a20bb53-8861-11f1-b8f0-b48c9db4e1b4,3,"[0, 1, 0, 1, 1, 0, 1, 0]",3,1,-1,,0.375,8
3548,9a20bb53-8861-11f1-b8f0-b48c9db4e1b4,3,"[0, 1, 0, 1, 1, 0, 1, 0]",4,1,-1,,0.375,8
3549,9a20bb53-8861-11f1-b8f0-b48c9db4e1b4,3,"[0, 1, 0, 1, 1, 0, 1, 0]",5,0,0,,0.375,8
3550,9a20bb53-8861-11f1-b8f0-b48c9db4e1b4,3,"[0, 1, 0, 1, 1, 0, 1, 0]",6,1,-1,,0.375,8
3551,9a20bb53-8861-11f1-b8f0-b48c9db4e1b4,3,"[0, 1, 0, 1, 1, 0, 1, 0]",7,0,0,,0.375,8
3552,9a20bb53-8861-11f1-b8f0-b48c9db4e1b4,4,"[1, 1, 1, 1, 0, 0, 1, 1]",0,1,-1,,0.375,8
3553,9a20bb53-8861-11f1-b8f0-b48c9db4e1b4,4,"[1, 1, 1, 1, 0, 0, 1, 1]",1,1,-1,,0.375,8
3554,9a20bb53-8861-11f1-b8f0-b48c9db4e1b4,4,"[1, 1, 1, 1, 0, 0, 1, 1]",2,1,-1,,0.375,8
3555,9a20bb53-8861-11f1-b8f0-b48c9db4e1b4,4,"[1, 1, 1, 1, 0, 0, 1, 1]",3,1,-1,,0.375,8
3556,9a20bb53-8861-11f1-b8f0-b48c9db4e1b4,4,"[1, 1, 1, 1, 0, 0, 1, 1]",4,0,0,,0.375,8
3557,9a20bb53-8861-11f1-b8f0-b48c9db4e1b4,4,"[1, 1, 1, 1, 0, 0, 1, 1]",5,0,0,,0.375,8
3558,9a20bb53-8861-11f1-b8f0-b48c9db4e1b4,4,"[1, 1, 1, 1, 0, 0, 1, 1]",6,1,-1,,0.375,8
3559,9a20bb53-8861-11f1-b8f0-b48c9db4e1b4,4,"[1, 1, 1, 1, 0, 0, 1, 1]",7,1,-1,,0.375,8
3560,9a20bb53-8861-11f1-b8f0-b48c9db4e1b4,5,"[0, 0, 0, 0, 0, 1, 0, 0]",0,0,0,,0.375,8
3561,9a20bb53-8861-11f1-b8f0-b48c9db4e1b4,5,"[0, 0, 0, 0, 0, 1, 0, 0]",1,0,0,,0.375,8
3562,9a20bb53-8861-11f1-b8f0-b48c9db4e1b4,5,"[0, 0, 0, 0, 0, 1, 0, 0]",2,0,0,,0.375,8
3563,9a20bb53-8861-11f1-b8f0-b48c9db4e1b4,5,"[0, 0, 0, 0, 0, 1, 0, 0]",3,0,0,,0.375,8
3564,9a20bb53-8861-11f1-b8f0-b48c9db4e1b4,5,"[0, 0, 0, 0, 0, 1, 0, 0]",4,0,0,,0.375,8
3565,9a20bb53-8861-11f1-b8f0-b48c9db4e1b4,5,"[0, 0, 0, 0, 0, 1, 0, 0]",5,1,1,,0.375,8
3566,9a20bb53-8861-11f1-b8f0-b48c9db4e1b4,5,"[0, 0, 0, 0, 0, 1, 0, 0]",6,0,0,,0.375,8
3567,9a20bb53-8861-11f1-b8f0-b48c9db4e1b4,5,"[0, 0, 0, 0, 0, 1, 0, 0]",7,0,0,,0.375,8
3568,9a20bb53-8861-11f1-b8f0-b48c9db4e1b4,6,"[0, 1, 1, 1, 0, 0, 1, 1]",0,0,0,,0.375,8
3569,9a20bb53-8861-11f1-b8f0-b48c9db4e1b4,6,"[0, 1, 1, 1, 0, 0, 1, 1]",1,1,-1,,0.375,8
3570,9a20bb53-8861-11f1-b8f0-b48c9db4e1b4,6,"[0, 1, 1, 1, 0, 0, 1, 1]",2,1,-1,,0.375,8
3571,9a20bb53-8861-11f1-b8f0-b48c9db4e1b4,6,"[0, 1, 1, 1, 0, 0, 1, 1]",3,1,-1,,0.375,8
3572,9a20bb53-8861-11f1-b8f0-b48c9db4e1b4,6,"[0, 1, 1, 1, 0, 0, 1, 1]",4,0,0,,0.375,8
3573,9a20bb53-8861-11f1-b8f0-b48c9db4e1b4,6,"[0, 1, 1, 1, 0, 0, 1, 1]",5,0,0,,0.375,8
3574,9a20bb53-8861-11f1-b8f0-b48c9db4e1b4,6,"[0, 1, 1, 1, 0, 0, 1, 1]",6,1,-1,,0.375,8
3575,9a20bb53-8861-11f1-b8f0-b48c9db4e1b4,6,"[0, 1, 1, 1, 0, 0, 1, 1]",7,1,-1,,0.375,8
3576,9a20bb53-8861-11f1-b8f0-b48c9db4e1b4,7,"[0, 1, 1, 0, 1, 1, 0, 0]",0,0,0,,0.375,8
3577,9a20bb53-8861-11f1-b8f0-b48c9db4e1b4,7,"[0, 1, 1, 0, 1, 1, 0, 0]",1,1,-1,,0.375,8
3578,9a20bb53-8861-11f1-b8f0-b48c9db4e1b4,7,"[0, 1, 1, 0, 1, 1, 0, 0]",2,1,-1,,0.375,8
3579,9a20bb53-8861-11f1-b8f0-b48c9db4e1b4,7,"[0, 1, 1, 0, 1, 1, 0, 0]",3,0,0,,0.375,8
3580,9a20bb53-8861-11f1-b8f0-b48c9db4e1b4,7,"[0, 1, 1, 0, 1, 1, 0, 0]",4,1,-1,,0.375,8
3581,9a20bb53-8861-11f1-b8f0-b48c9db4e1b4,7,"[0, 1, 1, 0, 1, 1, 0, 0]",5,1,-1,,0.375,8
3582,9a20bb53-8861-11f1-b8f0-b48c9db4e1b4,7,"[0, 1, 1, 0, 1, 1, 0, 0]",6,0,0,,0.375,8
3583,9a20bb53-8861-11f1-b8f0-b48c9db4e1b4,7,"[0, 1, 1, 0, 1, 1, 0, 0]",7,0,0,,0.375,8
3584,9a20bb53-8861-11f1-b8f0-b48c9db4e1b4,8,"[1, 0, 1, 0, 0, 1, 0, 1]",0,1,-1,,0.375,8
3585,9a20bb53-8861-11f1-b8f0-b48c9db4e1b4,8,"[1, 0, 1, 0, 0, 1, 0, 1]",1,0,0,,0.375,8
3586,9a20bb53-8861-11f1-b8f0-b48c9db4e1b4,8,"[1, 0, 1, 0, 0, 1, 0, 1]",2,1,-1,,0.375,8
3587,9a20bb53-8861-11f1-b8f0-b48c9db4e1b4,8,"[1, 0, 1, 0, 0, 1, 0, 1]",3,0,0,,0.375,8
3588,9a20bb53-8861-11f1-b8f0-b48c9db4e1b4,8,"[1, 0, 1, 0, 0, 1, 0, 1]",4,0,0,,0.375,8
3589,9a20bb53-8861-11f1-b8f0-b48c9db4e1b4,8,"[1, 0, 1, 0, 0, 1, 0, 1]",5,1,-1,,0.375,8
3590,9a20bb53-8861-11f1-b8f0-b48c9db4e1b4,8,"[1, 0, 1, 0, 0, 1, 0, 1]",6,0,0,,0.375,8
3591,9a20bb53-8861-11f1-b8f0-b48c9db4e1b4,8,"[1, 0, 1, 0, 0, 1, 0, 1]",7,1,-1,,0.375,8
3592,9a20bb53-8861-11f1-b8f0-b48c9db4e1b4,9,"[0, 1, 0, 0, 1, 1, 0, 0]",0,0,0,,0.375,8
3593,9a20bb53-8861-11f1-b8f0-b48c9db4e1b4,9,"[0, 1, 0, 0, 1, 1, 0, 0]",1,1,1,,0.375,8
3594,9a20bb53-8861-11f1-b8f0-b48c9db4e1b4,9,"[0, 1, 0, 0, 1, 1, 0, 0]",2,0,0,,0.375,8
3595,9a20bb53-8861-11f1-b8f0-b48c9db4e1b4,9,"[0, 1, 0, 0, 1, 1, 0, 0]",3,0,0,,0.375,8
3596,9a20bb53-8861-11f1-b8f0-b48c9db4e1b4,9,"[0, 1, 0, 0, 1, 1, 0, 0]",4,1,1,,0.375,8
3597,9a20bb53-8861-11f1-b8f0-b48c9db4e1b4,9,"[0, 1, 0, 0, 1, 1, 0, 0]",5,1,1,,0.375,8
3598,9a20bb53-8861-11f1-b8f0-b48c9db4e1b4,9,"[0, 1, 0, 0, 1, 1, 0, 0]",6,0,0,,0.375,8
3599,9a20bb53-8861-11f1-b8f0-b48c9db4e1b4,9,"[0, 1, 0, 0, 1, 1, 0, 0]",7,0,0,,0.375,8
3600,9a20bb53-8861-11f1-b8f0-b48c9db4e1b4,10,"[0, 0, 0, 0, 1, 1, 0, 1]",0,0,0,,0.375,8
3601,9a20bb53-8861-11f1-b8f0-b48c9db4e1b4,10,"[0, 0, 0, 0, 1, 1, 0, 1]",1,0,0,,0.375,8
3602,9a20bb53-8861-11f1-b8f0-b48c9db4e1b4,10,"[0, 0, 0, 0, 1, 1, 0, 1]",2,0,0,,0.375,8
3603,9a20bb53-8861-11f1-b8f0-b48c9db4e1b4,10,"[0, 0, 0, 0, 1, 1, 0, 1]",3,0,0,,0.375,8
3604,9a20bb53-8861-11f1-b8f0-b48c9db4e1b4,10,"[0, 0, 0, 0, 1, 1, 0, 1]",4,1,1,,0.375,8
3605,9a20bb53-8861-11f1-b8f0-b48c9db4e1b4,10,"[0, 0, 0, 0, 1, 1, 0, 1]",5,1,1,,0.375,8
3606,9a20bb53-8861-11f1-b8f0-b48c9db4e1b4,10,"[0, 0, 0, 0, 1, 1, 0, 1]",6,0,0,,0.375,8
3607,9a20bb53-8861-11f1-b8f0-b48c9db4e1b4,10,"[0, 0, 0, 0, 1, 1, 0, 1]",7,1,1,,0.375,8
3608,9a20bb53-8861-11f1-b8f0-b48c9db4e1b4,11,"[1, 1, 1, 0, 1, 0, 1, 0]",0,1,-1,,0.375,8
3609,9a20bb53-8861-11f1-b8f0-b48c9db4e1b4,11,"[1, 1, 1, 0, 1, 0, 1, 0]",1,1,-1,,0.375,8
3610,9a20bb53-8861-11f1-b8f0-b48c9db4e1b4,11,"[1, 1, 1, 0, 1, 0, 1, 0]",2,1,-1,,0.375,8
3611,9a20bb53-8861-11f1-b8f0-b48c9db4e1b4,11,"[1, 1, 1, 0, 1, 0, 1, 0]",3,0,0,,0.375,8
3612,9a20bb53-8861-11f1-b8f0-b48c9db4e1b4,11,"[1, 1, 1, 0, 1, 0, 1, 0]",4,1,-1,,0.375,8
3613,9a20bb53-8861-11f1-b8f0-b48c9db4e1b4,11,"[1, 1, 1, 0, 1, 0, 1, 0]",5,0,0,,0.375,8
3614,9a20bb53-8861-11f1-b8f0-b48c9db4e1b4,11,"[1, 1, 1, 0, 1, 0, 1, 0]",6,1,-1,,0.375,8
3615,9a20bb53-8861-11f1-b8f0-b48c9db4e1b4,11,"[1, 1, 1, 0, 1, 0, 1, 0]",7,0,0,,0.375,8
3616,9a20bb53-8861-11f1-b8f0-b48c9db4e1b4,12,"[0, 0, 0, 0, 1, 1, 0, 1]",0,0,0,,0.375,8
3617,9a20bb53-8861-11f1-b8f0-b48c9db4e1b4,12,"[0, 0, 0, 0, 1, 1, 0, 1]",1,0,0,,0.375,8
3618,9a20bb53-8861-11f1-b8f0-b48c9db4e1b4,12,"[0, 0, 0, 0, 1, 1, 0, 1]",2,0,0,,0.375,8
3619,9a20bb53-8861-11f1-b8f0-b48c9db4e1b4,12,"[0, 0, 0, 0, 1, 1, 0, 1]",3,0,0,,0.375,8
3620,9a20bb53-8861-11f1-b8f0-b48c9db4e1b4,12,"[0, 0, 0, 0, 1, 1, 0, 1]",4,1,1,,0.375,8
3621,9a20bb53-8861-11f1-b8f0-b48c9db4e1b4,12,"[0, 0, 0, 0, 1, 1, 0, 1]",5,1,1,,0.375,8
3622,9a20bb53-8861-11f1-b8f0-b48c9db4e1b4,12,"[0, 0, 0, 0, 1, 1, 0, 1]",6,0,0,,0.375,8
3623,9a20bb53-8861-11f1-b8f0-b48c9db4e1b4,12,"[0, 0, 0, 0, 1, 1, 0, 1]",7,1,1,,0.375,8
3624,9a20bb53-8861-11f1-b8f0-b48c9db4e1b4,13,"[1, 0, 0, 0, 1, 0, 0, 0]",0,1,1,,0.375,8
3625,9a20bb53-8861-11f1-b8f0-b48c9db4e1b4,13,"[1, 0, 0, 0, 1, 0, 0, 0]",1,0,0,,0.375,8
3626,9a20bb53-8861-11f1-b8f0-b48c9db4e1b4,13,"[1, 0, 0, 0, 1, 0, 0, 0]",2,0,0,,0.375,8
3627,9a20bb53-8861-11f1-b8f0-b48c9db4e1b4,13,"[1, 0, 0, 0, 1, 0, 0, 0]",3,0,0,,0.375,8
3628,9a20bb53-8861-11f1-b8f0-b48c9db4e1b4,13,"[1, 0, 0, 0, 1, 0, 0, 0]",4,1,1,,0.375,8
3629,9a20bb53-8861-11f1-b8f0-b48c9db4e1b4,13,"[1, 0, 0, 0, 1, 0, 0, 0]",5,0,0,,0.375,8
3630,9a20bb53-8861-11f1-b8f0-b48c9db4e1b4,13,"[1, 0, 0, 0, 1, 0, 0, 0]",6,0,0,,0.375,8
3631,9a20bb53-8861-11f1-b8f0-b48c9db4e1b4,13,"[1, 0, 0, 0, 1, 0, 0, 0]",7,0,0,,0.375,8
3632,9a20bb53-8861-11f1-b8f0-b48c9db4e1b4,14,"[1, 0, 1, 1, 1, 0, 1, 0]",0,1,-1,,0.375,8
3633,9a20bb53-8861-11f1-b8f0-b48c9db4e1b4,14,"[1, 0, 1, 1, 1, 0, 1, 0]",1,0,0,,0.375,8
3634,9a20bb53-8861-11f1-b8f0-b48c9db4e1b4,14,"[1, 0, 1, 1, 1, 0, 1, 0]",2,1,-1,,0.375,8
3635,9a20bb53-8861-11f1-b8f0-b48c9db4e1b4,14,"[1, 0, 1, 1, 1, 0, 1, 0]",3,1,-1,,0.375,8
3636,9a20bb53-8861-11f1-b8f0-b48c9db4e1b4,14,"[1, 0, 1, 1, 1, 0, 1, 0]",4,1,-1,,0.375,8
3637,9a20bb53-8861-11f1-b8f0-b48c9db4e1b4,14,"[1, 0, 1, 1, 1, 0, 1, 0]",5,0,0,,0.375,8
3638,9a20bb53-8861-11f1-b8f0-b48c9db4e1b4,14,"[1, 0, 1, 1, 1, 0, 1, 0]",6,1,-1,,0.375,8
3639,9a20bb53-8861-11f1-b8f0-b48c9db4e1b4,14,"[1, 0, 1, 1, 1, 0, 1, 0]",7,0,0,,0.375,8
3640,9a20bb53-8861-11f1-b8f0-b48c9db4e1b4,15,"[1, 1, 0, 1, 0, 1, 0, 0]",0,1,-1,,0.375,8
3641,9a20bb53-8861-11f1-b8f0-b48c9db4e1b4,15,"[1, 1, 0, 1, 0, 1, 0, 0]",1,1,-1,,0.375,8
3642,9a20bb53-8861-11f1-b8f0-b48c9db4e1b4,15,"[1, 1, 0, 1, 0, 1, 0, 0]",2,0,0,,0.375,8
3643,9a20bb53-8861-11f1-b8f0-b48c9db4e1b4,15,"[1, 1, 0, 1, 0, 1, 0, 0]",3,1,-1,,0.375,8
3644,9a20bb53-8861-11f1-b8f0-b48c9db4e1b4,15,"[1, 1, 0, 1, 0, 1, 0, 0]",4,0,0,,0.375,8
3645,9a20bb53-8861-11f1-b8f0-b48c9db4e1b4,15,"[1, 1, 0, 1, 0, 1, 0, 0]",5,1,-1,,0.375,8
3646,9a20bb53-8861-11f1-b8f0-b48c9db4e1b4,15,"[1, 1, 0, 1, 0, 1, 0, 0]",6,0,0,,0.375,8
3647,9a20bb53-8861-11f1-b8f0-b48c9db4e1b4,15,"[1, 1, 0, 1, 0, 1, 0, 0]",7,0,0,,0.375,8
3648,9a20bb53-8861-11f1-b8f0-b48c9db4e1b4,16,"[0, 0, 1, 1, 1, 1, 0, 1]",0,0,0,,0.375,8
3649,9a20bb53-8861-11f1-b8f0-b48c9db4e1b4,16,"[0, 0, 1, 1, 1, 1, 0, 1]",1,0,0,,0.375,8
3650,9a20bb53-8861-11f1-b8f0-b48c9db4e1b4,16,"[0, 0, 1, 1, 1, 1, 0, 1]",2,1,-1,,0.375,8
3651,9a20bb53-8861-11f1-b8f0-b48c9db4e1b4,16,"[0, 0, 1, 1, 1, 1, 0, 1]",3,1,-1,,0.375,8
3652,9a20bb53-8861-11f1-b8f0-b48c9db4e1b4,16,"[0, 0, 1, 1, 1, 1, 0, 1]",4,1,-1,,0.375,8
3653,9a20bb53-8861-11f1-b8f0-b48c9db4e1b4,16,"[0, 0, 1, 1, 1, 1, 0, 1]",5,1,-1,,0.375,8
3654,9a20bb53-8861-11f1-b8f0-b48c9db4e1b4,16,"[0, 0, 1, 1, 1, 1, 0, 1]",6,0,0,,0.375,8
3655,9a20bb53-8861-11f1-b8f0-b48c9db4e1b4,16,"[0, 0, 1, 1, 1, 1, 0, 1]",7,1,-1,,0.375,8
3656,9a20bb53-8861-11f1-b8f0-b48c9db4e1b4,17,"[0, 0, 0, 0, 0, 1, 0, 1]",0,0,0,,0.375,8
3657,9a20bb53-8861-11f1-b8f0-b48c9db4e1b4,17,"[0, 0, 0, 0, 0, 1, 0, 1]",1,0,0,,0.375,8
3658,9a20bb53-8861-11f1-b8f0-b48c9db4e1b4,17,"[0, 0, 0, 0, 0, 1, 0, 1]",2,0,0,,0.375,8
3659,9a20bb53-8861-11f1-b8f0-b48c9db4e1b4,17,"[0, 0, 0, 0, 0, 1, 0, 1]",3,0,0,,0.375,8
3660,9a20bb53-8861-11f1-b8f0-b48c9db4e1b4,17,"[0, 0, 0, 0, 0, 1, 0, 1]",4,0,0,,0.375,8
3661,9a20bb53-8861-11f1-b8f0-b48c9db4e1b4,17,"[0, 0, 0, 0, 0, 1, 0, 1]",5,1,1,,0.375,8
3662,9a20bb53-8861-11f1-b8f0-b48c9db4e1b4,17,"[0, 0, 0, 0, 0, 1, 0, 1]",6,0,0,,0.375,8
3663,9a20bb53-8861-11f1-b8f0-b48c9db4e1b4,17,"[0, 0, 0, 0, 0, 1, 0, 1]",7,1,1,,0.375,8
3664,9a20bb53-8861-11f1-b8f0-b48c9db4e1b4,18,"[0, 0, 0, 0, 1, 0, 1, 1]",0,0,0,,0.375,8
3665,9a20bb53-8861-11f1-b8f0-b48c9db4e1b4,18,"[0, 0, 0, 0, 1, 0, 1, 1]",1,0,0,,0.375,8
3666,9a20bb53-8861-11f1-b8f0-b48c9db4e1b4,18,"[0, 0, 0, 0, 1, 0, 1, 1]",2,0,0,,0.375,8
3667,9a20bb53-8861-11f1-b8f0-b48c9db4e1b4,18,"[0, 0, 0, 0, 1, 0, 1, 1]",3,0,0,,0.375,8
3668,9a20bb53-8861-11f1-b8f0-b48c9db4e1b4,18,"[0, 0, 0, 0, 1, 0, 1, 1]",4,1,1,,0.375,8
3669,9a20bb53-8861-11f1-b8f0-b48c9db4e1b4,18,"[0, 0, 0, 0, 1, 0, 1, 1]",5,0,0,,0.375,8
3670,9a20bb53-8861-11f1-b8f0-b48c9db4e1b4,18,"[0, 0, 0, 0, 1, 0, 1, 1]",6,1,1,,0.375,8
3671,9a20bb53-8861-11f1-b8f0-b48c9db4e1b4,18,"[0, 0, 0, 0, 1, 0, 1, 1]",7,1,1,,0.375,8
3672,9a20bb53-8861-11f1-b8f0-b48c9db4e1b4,19,"[0, 0, 0, 1, 0, 1, 0, 0]",0,0,0,,0.375,8
3673,9a20bb53-8861-11f1-b8f0-b48c9db4e1b4,19,"[0, 0, 0, 1, 0, 1, 0, 0]",1,0,0,,0.375,8
3674,9a20bb53-8861-11f1-b8f0-b48c9db4e1b4,19,"[0, 0, 0, 1, 0, 1, 0, 0]",2,0,0,,0.375,8
3675,9a20bb53-8861-11f1-b8f0-b48c9db4e1b4,19,"[0, 0, 0, 1, 0, 1, 0, 0]",3,1,1,,0.375,8
3676,9a20bb53-8861-11f1-b8f0-b48c9db4e1b4,19,"[0, 0, 0, 1, 0, 1, 0, 0]",4,0,0,,0.375,8
3677,9a20bb53-8861-11f1-b8f0-b48c9db4e1b4,19,"[0, 0, 0, 1, 0, 1, 0, 0]",5,1,1,,0.375,8
3678,9a20bb53-8861-11f1-b8f0-b48c9db4e1b4,19,"[0, 0, 0, 1, 0, 1, 0, 0]",6,0,0,,0.375,8
3679,9a20bb53-8861-11f1-b8f0-b48c9db4e1b4,19,"[0, 0, 0, 1, 0, 1, 0, 0]",7,0,0,,0.375,8
3680,9a23a93c-8861-11f1-b961-b48c9db4e1b4,0,"[1, 0, 0, 1, 0, 0, 1, 0]",0,1,1,,0.375,8
3681,9a23a93c-8861-11f1-b961-b48c9db4e1b4,0,"[1, 0, 0, 1, 0, 0, 1, 0]",1,0,0,,0.375,8
3682,9a23a93c-8861-11f1-b961-b48c9db4e1b4,0,"[1, 0, 0, 1, 0, 0, 1, 0]",2,0,0,,0.375,8
3683,9a23a93c-8861-11f1-b961-b48c9db4e1b4,0,"[1, 0, 0, 1, 0, 0, 1, 0]",3,1,1,,0.375,8
3684,9a23a93c-8861-11f1-b961-b48c9db4e1b4,0,"[1, 0, 0, 1, 0, 0, 1, 0]",4,0,0,,0.375,8
3685,9a23a93c-8861-11f1-b961-b48c9db4e1b4,0,"[1, 0, 0, 1, 0, 0, 1, 0]",5,0,0,,0.375,8
3686,9a23a93c-8861-11f1-b961-b48c9db4e1b4,0,"[1, 0, 0, 1, 0, 0, 1, 0]",6,1,1,,0.375,8
3687,9a23a93c-8861-11f1-b961-b48c9db4e1b4,0,"[1, 0, 0, 1, 0, 0, 1, 0]",7,0,0,,0.375,8
3688,9a23a93c-8861-11f1-b961-b48c9db4e1b4,1,"[0, 1, 0, 0, 1, 0, 0, 0]",0,0,0,,0.375,8
3689,9a23a93c-8861-11f1-b961-b48c9db4e1b4,1,"[0, 1, 0, 0, 1, 0, 0, 0]",1,1,1,,0.375,8
3690,9a23a93c-8861-11f1-b961-b48c9db4e1b4,1,"[0, 1, 0, 0, 1, 0, 0, 0]",2,0,0,,0.375,8
3691,9a23a93c-8861-11f1-b961-b48c9db4e1b4,1,"[0, 1, 0, 0, 1, 0, 0, 0]",3,0,0,,0.375,8
3692,9a23a93c-8861-11f1-b961-b48c9db4e1b4,1,"[0, 1, 0, 0, 1, 0, 0, 0]",4,1,1,,0.375,8
3693,9a23a93c-8861-11f1-b961-b48c9db4e1b4,1,"[0, 1, 0, 0, 1, 0, 0, 0]",5,0,0,,0.375,8
3694,9a23a93c-8861-11f1-b961-b48c9db4e1b4,1,"[0, 1, 0, 0, 1, 0, 0, 0]",6,0,0,,0.375,8
3695,9a23a93c-8861-11f1-b961-b48c9db4e1b4,1,"[0, 1, 0, 0, 1, 0, 0, 0]",7,0,0,,0.375,8
3696,9a23a93c-8861-11f1-b961-b48c9db4e1b4,2,"[0, 0, 0, 1, 0, 0, 0, 0]",0,0,0,,0.375,8
3697,9a23a93c-8861-11f1-b961-b48c9db4e1b4,2,"[0, 0, 0, 1, 0, 0, 0, 0]",1,0,0,,0.375,8
3698,9a23a93c-8861-11f1-b961-b48c9db4e1b4,2,"[0, 0, 0, 1, 0, 0, 0, 0]",2,0,0,,0.375,8
3699,9a23a93c-8861-11f1-b961-b48c9db4e1b4,2,"[0, 0, 0, 1, 0, 0, 0, 0]",3,1,1,,0.375,8
3700,9a23a93c-8861-11f1-b961-b48c9db4e1b4,2,"[0, 0, 0, 1, 0, 0, 0, 0]",4,0,0,,0.375,8
3701,9a23a93c-8861-11f1-b961-b48c9db4e1b4,2,"[0, 0, 0, 1, 0, 0, 0, 0]",5,0,0,,0.375,8
3702,9a23a93c-8861-11f1-b961-b48c9db4e1b4,2,"[0, 0, 0, 1, 0, 0, 0, 0]",6,0,0,,0.375,8
3703,9a23a93c-8861-11f1-b961-b48c9db4e1b4,2,"[0, 0, 0, 1, 0, 0, 0, 0]",7,0,0,,0.375,8
3704,9a23a93c-8861-11f1-b961-b48c9db4e1b4,3,"[1, 1, 0, 1, 1, 0, 0, 0]",0,1,-1,,0.375,8
3705,9a23a93c-8861-11f1-b961-b48c9db4e1b4,3,"[1, 1, 0, 1, 1, 0, 0, 0]",1,1,-1,,0.375,8
3706,9a23a93c-8861-11f1-b961-b48c9db4e1b4,3,"[1, 1, 0, 1, 1, 0, 0, 0]",2,0,0,,0.375,8
3707,9a23a93c-8861-11f1-b961-b48c9db4e1b4,3,"[1, 1, 0, 1, 1, 0, 0, 0]",3,1,-1,,0.375,8
3708,9a23a93c-8861-11f1-b961-b48c9db4e1b4,3,"[1, 1, 0, 1, 1, 0, 0, 0]",4,1,-1,,0.375,8
3709,9a23a93c-8861-11f1-b961-b48c9db4e1b4,3,"[1, 1, 0, 1, 1, 0, 0, 0]",5,0,0,,0.375,8
3710,9a23a93c-8861-11f1-b961-b48c9db4e1b4,3,"[1, 1, 0, 1, 1, 0, 0, 0]",6,0,0,,0.375,8
3711,9a23a93c-8861-11f1-b961-b48c9db4e1b4,3,"[1, 1, 0, 1, 1, 0, 0, 0]",7,0,0,,0.375,8
3712,9a23a93c-8861-11f1-b961-b48c9db4e1b4,4,"[0, 1, 0, 0, 0, 0, 0, 0]",0,0,0,,0.375,8
3713,9a23a93c-8861-11f1-b961-b48c9db4e1b4,4,"[0, 1, 0, 0, 0, 0, 0, 0]",1,1,1,,0.375,8
3714,9a23a93c-8861-11f1-b961-b48c9db4e1b4,4,"[0, 1, 0, 0, 0, 0, 0, 0]",2,0,0,,0.375,8
3715,9a23a93c-8861-11f1-b961-b48c9db4e1b4,4,"[0, 1, 0, 0, 0, 0, 0, 0]",3,0,0,,0.375,8
3716,9a23a93c-8861-11f1-b961-b48c9db4e1b4,4,"[0, 1, 0, 0, 0, 0, 0, 0]",4,0,0,,0.375,8
3717,9a23a93c-8861-11f1-b961-b48c9db4e1b4,4,"[0, 1, 0, 0, 0, 0, 0, 0]",5,0,0,,0.375,8
3718,9a23a93c-8861-11f1-b961-b48c9db4e1b4,4,"[0, 1, 0, 0, 0, 0, 0, 0]",6,0,0,,0.375,8
3719,9a23a93c-8861-11f1-b961-b48c9db4e1b4,4,"[0, 1, 0, 0, 0, 0, 0, 0]",7,0,0,,0.375,8
3720,9a23a93c-8861-11f1-b961-b48c9db4e1b4,5,"[0, 1, 0, 0, 0, 1, 0, 0]",0,0,0,,0.375,8
3721,9a23a93c-8861-11f1-b961-b48c9db4e1b4,5,"[0, 1, 0, 0, 0, 1, 0, 0]",1,1,1,,0.375,8
3722,9a23a93c-8861-11f1-b961-b48c9db4e1b4,5,"[0, 1, 0, 0, 0, 1, 0, 0]",2,0,0,,0.375,8
3723,9a23a93c-8861-11f1-b961-b48c9db4e1b4,5,"[0, 1, 0, 0, 0, 1, 0, 0]",3,0,0,,0.375,8
3724,9a23a93c-8861-11f1-b961-b48c9db4e1b4,5,"[0, 1, 0, 0, 0, 1, 0, 0]",4,0,0,,0.375,8
3725,9a23a93c-8861-11f1-b961-b48c9db4e1b4,5,"[0, 1, 0, 0, 0, 1, 0, 0]",5,1,1,,0.375,8
3726,9a23a93c-8861-11f1-b961-b48c9db4e1b4,5,"[0, 1, 0, 0, 0, 1, 0, 0]",6,0,0,,0.375,8
3727,9a23a93c-8861-11f1-b961-b48c9db4e1b4,5,"[0, 1, 0, 0, 0, 1, 0, 0]",7,0,0,,0.375,8
3728,9a23a93c-8861-11f1-b961-b48c9db4e1b4,6,"[0, 0, 0, 0, 1, 0, 1, 0]",0,0,0,,0.375,8
3729,9a23a93c-8861-11f1-b961-b48c9db4e1b4,6,"[0, 0, 0, 0, 1, 0, 1, 0]",1,0,0,,0.375,8
3730,9a23a93c-8861-11f1-b961-b48c9db4e1b4,6,"[0, 0, 0, 0, 1, 0, 1, 0]",2,0,0,,0.375,8
3731,9a23a93c-8861-11f1-b961-b48c9db4e1b4,6,"[0, 0, 0, 0, 1, 0, 1, 0]",3,0,0,,0.375,8
3732,9a23a93c-8861-11f1-b961-b48c9db4e1b4,6,"[0, 0, 0, 0, 1, 0, 1, 0]",4,1,1,,0.375,8
3733,9a23a93c-8861-11f1-b961-b48c9db4e1b4,6,"[0, 0, 0, 0, 1, 0, 1, 0]",5,0,0,,0.375,8
3734,9a23a93c-8861-11f1-b961-b48c9db4e1b4,6,"[0, 0, 0, 0, 1, 0, 1, 0]",6,1,1,,0.375,8
3735,9a23a93c-8861-11f1-b961-b48c9db4e1b4,6,"[0, 0, 0, 0, 1, 0, 1, 0]",7,0,0,,0.375,8
3736,9a23a93c-8861-11f1-b961-b48c9db4e1b4,7,"[0, 1, 0, 0, 0, 0, 1, 0]",0,0,0,,0.375,8
3737,9a23a93c-8861-11f1-b961-b48c9db4e1b4,7,"[0, 1, 0, 0, 0, 0, 1, 0]",1,1,1,,0.375,8
3738,9a23a93c-8861-11f1-b961-b48c9db4e1b4,7,"[0, 1, 0, 0, 0, 0, 1, 0]",2,0,0,,0.375,8
3739,9a23a93c-8861-11f1-b961-b48c9db4e1b4,7,"[0, 1, 0, 0, 0, 0, 1, 0]",3,0,0,,0.375,8
3740,9a23a93c-8861-11f1-b961-b48c9db4e1b4,7,"[0, 1, 0, 0, 0, 0, 1, 0]",4,0,0,,0.375,8
3741,9a23a93c-8861-11f1-b961-b48c9db4e1b4,7,"[0, 1, 0, 0, 0, 0, 1, 0]",5,0,0,,0.375,8
3742,9a23a93c-8861-11f1-b961-b48c9db4e1b4,7,"[0, 1, 0, 0, 0, 0, 1, 0]",6,1,1,,0.375,8
3743,9a23a93c-8861-11f1-b961-b48c9db4e1b4,7,"[0, 1, 0, 0, 0, 0, 1, 0]",7,0,0,,0.375,8
3744,9a23a93c-8861-11f1-b961-b48c9db4e1b4,8,"[1, 1, 1, 1, 0, 0, 1, 0]",0,1,-1,,0.375,8
3745,9a23a93c-8861-11f1-b961-b48c9db4e1b4,8,"[1, 1, 1, 1, 0, 0, 1, 0]",1,1,-1,,0.375,8
3746,9a23a93c-8861-11f1-b961-b48c9db4e1b4,8,"[1, 1, 1, 1, 0, 0, 1, 0]",2,1,-1,,0.375,8
3747,9a23a93c-8861-11f1-b961-b48c9db4e1b4,8,"[1, 1, 1, 1, 0, 0, 1, 0]",3,1,-1,,0.375,8
3748,9a23a93c-8861-11f1-b961-b48c9db4e1b4,8,"[1, 1, 1, 1, 0, 0, 1, 0]",4,0,0,,0.375,8
3749,9a23a93c-8861-11f1-b961-b48c9db4e1b4,8,"[1, 1, 1, 1, 0, 0, 1, 0]",5,0,0,,0.375,8
3750,9a23a93c-8861-11f1-b961-b48c9db4e1b4,8,"[1, 1, 1, 1, 0, 0, 1, 0]",6,1,-1,,0.375,8
3751,9a23a93c-8861-11f1-b961-b48c9db4e1b4,8,"[1, 1, 1, 1, 0, 0, 1, 0]",7,0,0,,0.375,8
3752,9a23a93c-8861-11f1-b961-b48c9db4e1b4,9,"[0, 1, 1, 0, 0, 0, 1, 1]",0,0,0,,0.375,8
3753,9a23a93c-8861-11f1-b961-b48c9db4e1b4,9,"[0, 1, 1, 0, 0, 0, 1, 1]",1,1,-1,,0.375,8
3754,9a23a93c-8861-11f1-b961-b48c9db4e1b4,9,"[0, 1, 1, 0, 0, 0, 1, 1]",2,1,-1,,0.375,8
3755,9a23a93c-8861-11f1-b961-b48c9db4e1b4,9,"[0, 1, 1, 0, 0, 0, 1, 1]",3,0,0,,0.375,8
3756,9a23a93c-8861-11f1-b961-b48c9db4e1b4,9,"[0, 1, 1, 0, 0, 0, 1, 1]",4,0,0,,0.375,8
3757,9a23a93c-8861-11f1-b961-b48c9db4e1b4,9,"[0, 1, 1, 0, 0, 0, 1, 1]",5,0,0,,0.375,8
3758,9a23a93c-8861-11f1-b961-b48c9db4e1b4,9,"[0, 1, 1, 0, 0, 0, 1, 1]",6,1,-1,,0.375,8
3759,9a23a93c-8861-11f1-b961-b48c9db4e1b4,9,"[0, 1, 1, 0, 0, 0, 1, 1]",7,1,-1,,0.375,8
3760,9a23a93c-8861-11f1-b961-b48c9db4e1b4,10,"[1, 0, 1, 1, 0, 1, 1, 1]",0,1,-1,,0.375,8
3761,9a23a93c-8861-11f1-b961-b48c9db4e1b4,10,"[1, 0, 1, 1, 0, 1, 1, 1]",1,0,0,,0.375,8
3762,9a23a93c-8861-11f1-b961-b48c9db4e1b4,10,"[1, 0, 1, 1, 0, 1, 1, 1]",2,1,-1,,0.375,8
3763,9a23a93c-8861-11f1-b961-b48c9db4e1b4,10,"[1, 0, 1, 1, 0, 1, 1, 1]",3,1,-1,,0.375,8
3764,9a23a93c-8861-11f1-b961-b48c9db4e1b4,10,"[1, 0, 1, 1, 0, 1, 1, 1]",4,0,0,,0.375,8
3765,9a23a93c-8861-11f1-b961-b48c9db4e1b4,10,"[1, 0, 1, 1, 0, 1, 1, 1]",5,1,-1,,0.375,8
3766,9a23a93c-8861-11f1-b961-b48c9db4e1b4,10,"[1, 0, 1, 1, 0, 1, 1, 1]",6,1,-1,,0.375,8
3767,9a23a93c-8861-11f1-b961-b48c9db4e1b4,10,"[1, 0, 1, 1, 0, 1, 1, 1]",7,1,-1,,0.375,8
3768,9a23a93c-8861-11f1-b961-b48c9db4e1b4,11,"[1, 0, 0, 0, 0, 0, 1, 1]",0,1,1,,0.375,8
3769,9a23a93c-8861-11f1-b961-b48c9db4e1b4,11,"[1, 0, 0, 0, 0, 0, 1, 1]",1,0,0,,0.375,8
3770,9a23a93c-8861-11f1-b961-b48c9db4e1b4,11,"[1, 0, 0, 0, 0, 0, 1, 1]",2,0,0,,0.375,8
3771,9a23a93c-8861-11f1-b961-b48c9db4e1b4,11,"[1, 0, 0, 0, 0, 0, 1, 1]",3,0,0,,0.375,8
3772,9a23a93c-8861-11f1-b961-b48c9db4e1b4,11,"[1, 0, 0, 0, 0, 0, 1, 1]",4,0,0,,0.375,8
3773,9a23a93c-8861-11f1-b961-b48c9db4e1b4,11,"[1, 0, 0, 0, 0, 0, 1, 1]",5,0,0,,0.375,8
3774,9a23a93c-8861-11f1-b961-b48c9db4e1b4,11,"[1, 0, 0, 0, 0, 0, 1, 1]",6,1,1,,0.375,8
3775,9a23a93c-8861-11f1-b961-b48c9db4e1b4,11,"[1, 0, 0, 0, 0, 0, 1, 1]",7,1,1,,0.375,8
3776,9a23a93c-8861-11f1-b961-b48c9db4e1b4,12,"[0, 0, 0, 1, 0, 0, 1, 0]",0,0,0,,0.375,8
3777,9a23a93c-8861-11f1-b961-b48c9db4e1b4,12,"[0, 0, 0, 1, 0, 0, 1, 0]",1,0,0,,0.375,8
3778,9a23a93c-8861-11f1-b961-b48c9db4e1b4,12,"[0, 0, 0, 1, 0, 0, 1, 0]",2,0,0,,0.375,8
3779,9a23a93c-8861-11f1-b961-b48c9db4e1b4,12,"[0, 0, 0, 1, 0, 0, 1, 0]",3,1,1,,0.375,8
3780,9a23a93c-8861-11f1-b961-b48c9db4e1b4,12,"[0, 0, 0, 1, 0, 0, 1, 0]",4,0,0,,0.375,8
3781,9a23a93c-8861-11f1-b961-b48c9db4e1b4,12,"[0, 0, 0, 1, 0, 0, 1, 0]",5,0,0,,0.375,8
3782,9a23a93c-8861-11f1-b961-b48c9db4e1b4,12,"[0, 0, 0, 1, 0, 0, 1, 0]",6,1,1,,0.375,8
3783,9a23a93c-8861-11f1-b961-b48c9db4e1b4,12,"[0, 0, 0, 1, 0, 0, 1, 0]",7,0,0,,0.375,8
3784,9a23a93c-8861-11f1-b961-b48c9db4e1b4,13,"[0, 1, 0, 0, 1, 1, 1, 0]",0,0,0,,0.375,8
3785,9a23a93c-8861-11f1-b961-b48c9db4e1b4,13,"[0, 1, 0, 0, 1, 1, 1, 0]",1,1,-1,,0.375,8
3786,9a23a93c-8861-11f1-b961-b48c9db4e1b4,13,"[0, 1, 0, 0, 1, 1, 1, 0]",2,0,0,,0.375,8
3787,9a23a93c-8861-11f1-b961-b48c9db4e1b4,13,"[0, 1, 0, 0, 1, 1, 1, 0]",3,0,0,,0.375,8
3788,9a23a93c-8861-11f1-b961-b48c9db4e1b4,13,"[0, 1, 0, 0, 1, 1, 1, 0]",4,1,-1,,0.375,8
3789,9a23a93c-8861-11f1-b961-b48c9db4e1b4,13,"[0, 1, 0, 0, 1, 1, 1, 0]",5,1,-1,,0.375,8
3790,9a23a93c-8861-11f1-b961-b48c9db4e1b4,13,"[0, 1, 0, 0, 1, 1, 1, 0]",6,1,-1,,0.375,8
3791,9a23a93c-8861-11f1-b961-b48c9db4e1b4,13,"[0, 1, 0, 0, 1, 1, 1, 0]",7,0,0,,0.375,8
3792,9a23a93c-8861-11f1-b961-b48c9db4e1b4,14,"[0, 1, 1, 1, 1, 0, 0, 1]",0,0,0,,0.375,8
3793,9a23a93c-8861-11f1-b961-b48c9db4e1b4,14,"[0, 1, 1, 1, 1, 0, 0, 1]",1,1,-1,,0.375,8
3794,9a23a93c-8861-11f1-b961-b48c9db4e1b4,14,"[0, 1, 1, 1, 1, 0, 0, 1]",2,1,-1,,0.375,8
3795,9a23a93c-8861-11f1-b961-b48c9db4e1b4,14,"[0, 1, 1, 1, 1, 0, 0, 1]",3,1,-1,,0.375,8
3796,9a23a93c-8861-11f1-b961-b48c9db4e1b4,14,"[0, 1, 1, 1, 1, 0, 0, 1]",4,1,-1,,0.375,8
3797,9a23a93c-8861-11f1-b961-b48c9db4e1b4,14,"[0, 1, 1, 1, 1, 0, 0, 1]",5,0,0,,0.375,8
3798,9a23a93c-8861-11f1-b961-b48c9db4e1b4,14,"[0, 1, 1, 1, 1, 0, 0, 1]",6,0,0,,0.375,8
3799,9a23a93c-8861-11f1-b961-b48c9db4e1b4,14,"[0, 1, 1, 1, 1, 0, 0, 1]",7,1,-1,,0.375,8
3800,9a23a93c-8861-11f1-b961-b48c9db4e1b4,15,"[1, 0, 0, 0, 0, 0, 1, 1]",0,1,1,,0.375,8
3801,9a23a93c-8861-11f1-b961-b48c9db4e1b4,15,"[1, 0, 0, 0, 0, 0, 1, 1]",1,0,0,,0.375,8
3802,9a23a93c-8861-11f1-b961-b48c9db4e1b4,15,"[1, 0, 0, 0, 0, 0, 1, 1]",2,0,0,,0.375,8
3803,9a23a93c-8861-11f1-b961-b48c9db4e1b4,15,"[1, 0, 0, 0, 0, 0, 1, 1]",3,0,0,,0.375,8
3804,9a23a93c-8861-11f1-b961-b48c9db4e1b4,15,"[1, 0, 0, 0, 0, 0, 1, 1]",4,0,0,,0.375,8
3805,9a23a93c-8861-11f1-b961-b48c9db4e1b4,15,"[1, 0, 0, 0, 0, 0, 1, 1]",5,0,0,,0.375,8
3806,9a23a93c-8861-11f1-b961-b48c9db4e1b4,15,"[1, 0, 0, 0, 0, 0, 1, 1]",6,1,1,,0.375,8
3807,9a23a93c-8861-11f1-b961-b48c9db4e1b4,15,"[1, 0, 0, 0, 0, 0, 1, 1]",7,1,1,,0.375,8
3808,9a23a93c-8861-11f1-b961-b48c9db4e1b4,16,"[1, 1, 1, 0, 1, 0, 0, 1]",0,1,-1,,0.375,8
3809,9a23a93c-8861-11f1-b961-b48c9db4e1b4,16,"[1, 1, 1, 0, 1, 0, 0, 1]",1,1,-1,,0.375,8
3810,9a23a93c-8861-11f1-b961-b48c9db4e1b4,16,"[1, 1, 1, 0, 1, 0, 0, 1]",2,1,-1,,0.375,8
3811,9a23a93c-8861-11f1-b961-b48c9db4e1b4,16,"[1, 1, 1, 0, 1, 0, 0, 1]",3,0,0,,0.375,8
3812,9a23a93c-8861-11f1-b961-b48c9db4e1b4,16,"[1, 1, 1, 0, 1, 0, 0, 1]",4,1,-1,,0.375,8
3813,9a23a93c-8861-11f1-b961-b48c9db4e1b4,16,"[1, 1, 1, 0, 1, 0, 0, 1]",5,0,0,,0.375,8
3814,9a23a93c-8861-11f1-b961-b48c9db4e1b4,16,"[1, 1, 1, 0, 1, 0, 0, 1]",6,0,0,,0.375,8
3815,9a23a93c-8861-11f1-b961-b48c9db4e1b4,16,"[1, 1, 1, 0, 1, 0, 0, 1]",7,1,-1,,0.375,8
3816,9a23a93c-8861-11f1-b961-b48c9db4e1b4,17,"[0, 0, 1, 1, 1, 0, 0, 0]",0,0,0,,0.375,8
3817,9a23a93c-8861-11f1-b961-b48c9db4e1b4,17,"[0, 0, 1, 1, 1, 0, 0, 0]",1,0,0,,0.375,8
3818,9a23a93c-8861-11f1-b961-b48c9db4e1b4,17,"[0, 0, 1, 1, 1, 0, 0, 0]",2,1,1,,0.375,8
3819,9a23a93c-8861-11f1-b961-b48c9db4e1b4,17,"[0, 0, 1, 1, 1, 0, 0, 0]",3,1,1,,0.375,8
3820,9a23a93c-8861-11f1-b961-b48c9db4e1b4,17,"[0, 0, 1, 1, 1, 0, 0, 0]",4,1,1,,0.375,8
3821,9a23a93c-8861-11f1-b961-b48c9db4e1b4,17,"[0, 0, 1, 1, 1, 0, 0, 0]",5,0,0,,0.375,8
3822,9a23a93c-8861-11f1-b961-b48c9db4e1b4,17,"[0, 0, 1, 1, 1, 0, 0, 0]",6,0,0,,0.375,8
3823,9a23a93c-8861-11f1-b961-b48c9db4e1b4,17,"[0, 0, 1, 1, 1, 0, 0, 0]",7,0,0,,0.375,8
3824,9a23a93c-8861-11f1-b961-b48c9db4e1b4,18,"[1, 1, 1, 0, 0, 0, 1, 1]",0,1,-1,,0.375,8
3825,9a23a93c-8861-11f1-b961-b48c9db4e1b4,18,"[1, 1, 1, 0, 0, 0, 1, 1]",1,1,-1,,0.375,8
3826,9a23a93c-8861-11f1-b961-b48c9db4e1b4,18,"[1, 1, 1, 0, 0, 0, 1, 1]",2,1,-1,,0.375,8
3827,9a23a93c-8861-11f1-b961-b48c9db4e1b4,18,"[1, 1, 1, 0, 0, 0, 1, 1]",3,0,0,,0.375,8
3828,9a23a93c-8861-11f1-b961-b48c9db4e1b4,18,"[1, 1, 1, 0, 0, 0, 1, 1]",4,0,0,,0.375,8
3829,9a23a93c-8861-11f1-b961-b48c9db4e1b4,18,"[1, 1, 1, 0, 0, 0, 1, 1]",5,0,0,,0.375,8
3830,9a23a93c-8861-11f1-b961-b48c9db4e1b4,18,"[1, 1, 1, 0, 0, 0, 1, 1]",6,1,-1,,0.375,8
3831,9a23a93c-8861-11f1-b961-b48c9db4e1b4,18,"[1, 1, 1, 0, 0, 0, 1, 1]",7,1,-1,,0.375,8
3832,9a23a93c-8861-11f1-b961-b48c9db4e1b4,19,"[1, 0, 1, 0, 1, 0, 1, 0]",0,1,-1,,0.375,8
3833,9a23a93c-8861-11f1-b961-b48c9db4e1b4,19,"[1, 0, 1, 0, 1, 0, 1, 0]",1,0,0,,0.375,8
3834,9a23a93c-8861-11f1-b961-b48c9db4e1b4,19,"[1, 0, 1, 0, 1, 0, 1, 0]",2,1,-1,,0.375,8
3835,9a23a93c-8861-11f1-b961-b48c9db4e1b4,19,"[1, 0, 1, 0, 1, 0, 1, 0]",3,0,0,,0.375,8
3836,9a23a93c-8861-11f1-b961-b48c9db4e1b4,19,"[1, 0, 1, 0, 1, 0, 1, 0]",4,1,-1,,0.375,8
3837,9a23a93c-8861-11f1-b961-b48c9db4e1b4,19,"[1, 0, 1, 0, 1, 0, 1, 0]",5,0,0,,0.375,8
3838,9a23a93c-8861-11f1-b961-b48c9db4e1b4,19,"[1, 0, 1, 0, 1, 0, 1, 0]",6,1,-1,,0.375,8
3839,9a23a93c-8861-11f1-b961-b48c9db4e1b4,19,"[1, 0, 1, 0, 1, 0, 1, 0]",7,0,0,,0.375,8
3840,9a26f099-8861-11f1-aa6c-b48c9db4e1b4,0,"[0, 1, 0, 0, 1, 0, 1, 1]",0,0,0,,0.375,8
3841,9a26f099-8861-11f1-aa6c-b48c9db4e1b4,0,"[0, 1, 0, 0, 1, 0, 1, 1]",1,1,-1,,0.375,8
3842,9a26f099-8861-11f1-aa6c-b48c9db4e1b4,0,"[0, 1, 0, 0, 1, 0, 1, 1]",2,0,0,,0.375,8
3843,9a26f099-8861-11f1-aa6c-b48c9db4e1b4,0,"[0, 1, 0, 0, 1, 0, 1, 1]",3,0,0,,0.375,8
3844,9a26f099-8861-11f1-aa6c-b48c9db4e1b4,0,"[0, 1, 0, 0, 1, 0, 1, 1]",4,1,-1,,0.375,8
3845,9a26f099-8861-11f1-aa6c-b48c9db4e1b4,0,"[0, 1, 0, 0, 1, 0, 1, 1]",5,0,0,,0.375,8
3846,9a26f099-8861-11f1-aa6c-b48c9db4e1b4,0,"[0, 1, 0, 0, 1, 0, 1, 1]",6,1,-1,,0.375,8
3847,9a26f099-8861-11f1-aa6c-b48c9db4e1b4,0,"[0, 1, 0, 0, 1, 0, 1, 1]",7,1,-1,,0.375,8
3848,9a26f099-8861-11f1-aa6c-b48c9db4e1b4,1,"[0, 0, 0, 0, 0, 1, 0, 0]",0,0,0,,0.375,8
3849,9a26f099-8861-11f1-aa6c-b48c9db4e1b4,1,"[0, 0, 0, 0, 0, 1, 0, 0]",1,0,0,,0.375,8
3850,9a26f099-8861-11f1-aa6c-b48c9db4e1b4,1,"[0, 0, 0, 0, 0, 1, 0, 0]",2,0,0,,0.375,8
3851,9a26f099-8861-11f1-aa6c-b48c9db4e1b4,1,"[0, 0, 0, 0, 0, 1, 0, 0]",3,0,0,,0.375,8
3852,9a26f099-8861-11f1-aa6c-b48c9db4e1b4,1,"[0, 0, 0, 0, 0, 1, 0, 0]",4,0,0,,0.375,8
3853,9a26f099-8861-11f1-aa6c-b48c9db4e1b4,1,"[0, 0, 0, 0, 0, 1, 0, 0]",5,1,1,,0.375,8
3854,9a26f099-8861-11f1-aa6c-b48c9db4e1b4,1,"[0, 0, 0, 0, 0, 1, 0, 0]",6,0,0,,0.375,8
3855,9a26f099-8861-11f1-aa6c-b48c9db4e1b4,1,"[0, 0, 0, 0, 0, 1, 0, 0]",7,0,0,,0.375,8
3856,9a26f099-8861-11f1-aa6c-b48c9db4e1b4,2,"[0, 1, 1, 1, 1, 1, 0, 1]",0,0,0,,0.375,8
3857,9a26f099-8861-11f1-aa6c-b48c9db4e1b4,2,"[0, 1, 1, 1, 1, 1, 0, 1]",1,1,-1,,0.375,8
3858,9a26f099-8861-11f1-aa6c-b48c9db4e1b4,2,"[0, 1, 1, 1, 1, 1, 0, 1]",2,1,-1,,0.375,8
3859,9a26f099-8861-11f1-aa6c-b48c9db4e1b4,2,"[0, 1, 1, 1, 1, 1, 0, 1]",3,1,-1,,0.375,8
3860,9a26f099-8861-11f1-aa6c-b48c9db4e1b4,2,"[0, 1, 1, 1, 1, 1, 0, 1]",4,1,-1,,0.375,8
3861,9a26f099-8861-11f1-aa6c-b48c9db4e1b4,2,"[0, 1, 1, 1, 1, 1, 0, 1]",5,1,-1,,0.375,8
3862,9a26f099-8861-11f1-aa6c-b48c9db4e1b4,2,"[0, 1, 1, 1, 1, 1, 0, 1]",6,0,0,,0.375,8
3863,9a26f099-8861-11f1-aa6c-b48c9db4e1b4,2,"[0, 1, 1, 1, 1, 1, 0, 1]",7,1,-1,,0.375,8
3864,9a26f099-8861-11f1-aa6c-b48c9db4e1b4,3,"[0, 1, 1, 0, 1, 1, 0, 0]",0,0,0,,0.375,8
3865,9a26f099-8861-11f1-aa6c-b48c9db4e1b4,3,"[0, 1, 1, 0, 1, 1, 0, 0]",1,1,-1,,0.375,8
3866,9a26f099-8861-11f1-aa6c-b48c9db4e1b4,3,"[0, 1, 1, 0, 1, 1, 0, 0]",2,1,-1,,0.375,8
3867,9a26f099-8861-11f1-aa6c-b48c9db4e1b4,3,"[0, 1, 1, 0, 1, 1, 0, 0]",3,0,0,,0.375,8
3868,9a26f099-8861-11f1-aa6c-b48c9db4e1b4,3,"[0, 1, 1, 0, 1, 1, 0, 0]",4,1,-1,,0.375,8
3869,9a26f099-8861-11f1-aa6c-b48c9db4e1b4,3,"[0, 1, 1, 0, 1, 1, 0, 0]",5,1,-1,,0.375,8
3870,9a26f099-8861-11f1-aa6c-b48c9db4e1b4,3,"[0, 1, 1, 0, 1, 1, 0, 0]",6,0,0,,0.375,8
3871,9a26f099-8861-11f1-aa6c-b48c9db4e1b4,3,"[0, 1, 1, 0, 1, 1, 0, 0]",7,0,0,,0.375,8
3872,9a26f099-8861-11f1-aa6c-b48c9db4e1b4,4,"[0, 0, 0, 1, 1, 0, 0, 0]",0,0,0,,0.375,8
3873,9a26f099-8861-11f1-aa6c-b48c9db4e1b4,4,"[0, 0, 0, 1, 1, 0, 0, 0]",1,0,0,,0.375,8
3874,9a26f099-8861-11f1-aa6c-b48c9db4e1b4,4,"[0, 0, 0, 1, 1, 0, 0, 0]",2,0,0,,0.375,8
3875,9a26f099-8861-11f1-aa6c-b48c9db4e1b4,4,"[0, 0, 0, 1, 1, 0, 0, 0]",3,1,1,,0.375,8
3876,9a26f099-8861-11f1-aa6c-b48c9db4e1b4,4,"[0, 0, 0, 1, 1, 0, 0, 0]",4,1,1,,0.375,8
3877,9a26f099-8861-11f1-aa6c-b48c9db4e1b4,4,"[0, 0, 0, 1, 1, 0, 0, 0]",5,0,0,,0.375,8
3878,9a26f099-8861-11f1-aa6c-b48c9db4e1b4,4,"[0, 0, 0, 1, 1, 0, 0, 0]",6,0,0,,0.375,8
3879,9a26f099-8861-11f1-aa6c-b48c9db4e1b4,4,"[0, 0, 0, 1, 1, 0, 0, 0]",7,0,0,,0.375,8
3880,9a26f099-8861-11f1-aa6c-b48c9db4e1b4,5,"[1, 0, 0, 0, 1, 1, 1, 0]",0,1,-1,,0.375,8
3881,9a26f099-8861-11f1-aa6c-b48c9db4e1b4,5,"[1, 0, 0, 0, 1, 1, 1, 0]",1,0,0,,0.375,8
3882,9a26f099-8861-11f1-aa6c-b48c9db4e1b4,5,"[1, 0, 0, 0, 1, 1, 1, 0]",2,0,0,,0.375,8
3883,9a26f099-8861-11f1-aa6c-b48c9db4e1b4,5,"[1, 0, 0, 0, 1, 1, 1, 0]",3,0,0,,0.375,8
3884,9a26f099-8861-11f1-aa6c-b48c9db4e1b4,5,"[1, 0, 0, 0, 1, 1, 1, 0]",4,1,-1,,0.375,8
3885,9a26f099-8861-11f1-aa6c-b48c9db4e1b4,5,"[1, 0, 0, 0, 1, 1, 1, 0]",5,1,-1,,0.375,8
3886,9a26f099-8861-11f1-aa6c-b48c9db4e1b4,5,"[1, 0, 0, 0, 1, 1, 1, 0]",6,1,-1,,0.375,8
3887,9a26f099-8861-11f1-aa6c-b48c9db4e1b4,5,"[1, 0, 0, 0, 1, 1, 1, 0]",7,0,0,,0.375,8
3888,9a26f099-8861-11f1-aa6c-b48c9db4e1b4,6,"[0, 1, 0, 0, 0, 1, 1, 0]",0,0,0,,0.375,8
3889,9a26f099-8861-11f1-aa6c-b48c9db4e1b4,6,"[0, 1, 0, 0, 0, 1, 1, 0]",1,1,1,,0.375,8
3890,9a26f099-8861-11f1-aa6c-b48c9db4e1b4,6,"[0, 1, 0, 0, 0, 1, 1, 0]",2,0,0,,0.375,8
3891,9a26f099-8861-11f1-aa6c-b48c9db4e1b4,6,"[0, 1, 0, 0, 0, 1, 1, 0]",3,0,0,,0.375,8
3892,9a26f099-8861-11f1-aa6c-b48c9db4e1b4,6,"[0, 1, 0, 0, 0, 1, 1, 0]",4,0,0,,0.375,8
3893,9a26f099-8861-11f1-aa6c-b48c9db4e1b4,6,"[0, 1, 0, 0, 0, 1, 1, 0]",5,1,1,,0.375,8
3894,9a26f099-8861-11f1-aa6c-b48c9db4e1b4,6,"[0, 1, 0, 0, 0, 1, 1, 0]",6,1,1,,0.375,8
3895,9a26f099-8861-11f1-aa6c-b48c9db4e1b4,6,"[0, 1, 0, 0, 0, 1, 1, 0]",7,0,0,,0.375,8
3896,9a26f099-8861-11f1-aa6c-b48c9db4e1b4,7,"[1, 1, 1, 1, 0, 1, 1, 1]",0,1,-1,,0.375,8
3897,9a26f099-8861-11f1-aa6c-b48c9db4e1b4,7,"[1, 1, 1, 1, 0, 1, 1, 1]",1,1,-1,,0.375,8
3898,9a26f099-8861-11f1-aa6c-b48c9db4e1b4,7,"[1, 1, 1, 1, 0, 1, 1, 1]",2,1,-1,,0.375,8
3899,9a26f099-8861-11f1-aa6c-b48c9db4e1b4,7,"[1, 1, 1, 1, 0, 1, 1, 1]",3,1,-1,,0.375,8
3900,9a26f099-8861-11f1-aa6c-b48c9db4e1b4,7,"[1, 1, 1, 1, 0, 1, 1, 1]",4,0,0,,0.375,8
3901,9a26f099-8861-11f1-aa6c-b48c9db4e1b4,7,"[1, 1, 1, 1, 0, 1, 1, 1]",5,1,-1,,0.375,8
3902,9a26f099-8861-11f1-aa6c-b48c9db4e1b4,7,"[1, 1, 1, 1, 0, 1, 1, 1]",6,1,-1,,0.375,8
3903,9a26f099-8861-11f1-aa6c-b48c9db4e1b4,7,"[1, 1, 1, 1, 0, 1, 1, 1]",7,1,-1,,0.375,8
3904,9a26f099-8861-11f1-aa6c-b48c9db4e1b4,8,"[1, 0, 0, 1, 0, 0, 0, 0]",0,1,1,,0.375,8
3905,9a26f099-8861-11f1-aa6c-b48c9db4e1b4,8,"[1, 0, 0, 1, 0, 0, 0, 0]",1,0,0,,0.375,8
3906,9a26f099-8861-11f1-aa6c-b48c9db4e1b4,8,"[1, 0, 0, 1, 0, 0, 0, 0]",2,0,0,,0.375,8
3907,9a26f099-8861-11f1-aa6c-b48c9db4e1b4,8,"[1, 0, 0, 1, 0, 0, 0, 0]",3,1,1,,0.375,8
3908,9a26f099-8861-11f1-aa6c-b48c9db4e1b4,8,"[1, 0, 0, 1, 0, 0, 0, 0]",4,0,0,,0.375,8
3909,9a26f099-8861-11f1-aa6c-b48c9db4e1b4,8,"[1, 0, 0, 1, 0, 0, 0, 0]",5,0,0,,0.375,8
3910,9a26f099-8861-11f1-aa6c-b48c9db4e1b4,8,"[1, 0, 0, 1, 0, 0, 0, 0]",6,0,0,,0.375,8
3911,9a26f099-8861-11f1-aa6c-b48c9db4e1b4,8,"[1, 0, 0, 1, 0, 0, 0, 0]",7,0,0,,0.375,8
3912,9a26f099-8861-11f1-aa6c-b48c9db4e1b4,9,"[1, 1, 1, 0, 0, 1, 0, 0]",0,1,-1,,0.375,8
3913,9a26f099-8861-11f1-aa6c-b48c9db4e1b4,9,"[1, 1, 1, 0, 0, 1, 0, 0]",1,1,-1,,0.375,8
3914,9a26f099-8861-11f1-aa6c-b48c9db4e1b4,9,"[1, 1, 1, 0, 0, 1, 0, 0]",2,1,-1,,0.375,8
3915,9a26f099-8861-11f1-aa6c-b48c9db4e1b4,9,"[1, 1, 1, 0, 0, 1, 0, 0]",3,0,0,,0.375,8
3916,9a26f099-8861-11f1-aa6c-b48c9db4e1b4,9,"[1, 1, 1, 0, 0, 1, 0, 0]",4,0,0,,0.375,8
3917,9a26f099-8861-11f1-aa6c-b48c9db4e1b4,9,"[1, 1, 1, 0, 0, 1, 0, 0]",5,1,-1,,0.375,8
3918,9a26f099-8861-11f1-aa6c-b48c9db4e1b4,9,"[1, 1, 1, 0, 0, 1, 0, 0]",6,0,0,,0.375,8
3919,9a26f099-8861-11f1-aa6c-b48c9db4e1b4,9,"[1, 1, 1, 0, 0, 1, 0, 0]",7,0,0,,0.375,8
3920,9a26f099-8861-11f1-aa6c-b48c9db4e1b4,10,"[1, 0, 1, 1, 1, 0, 0, 1]",0,1,-1,,0.375,8
3921,9a26f099-8861-11f1-aa6c-b48c9db4e1b4,10,"[1, 0, 1, 1, 1, 0, 0, 1]",1,0,0,,0.375,8
3922,9a26f099-8861-11f1-aa6c-b48c9db4e1b4,10,"[1, 0, 1, 1, 1, 0, 0, 1]",2,1,-1,,0.375,8
3923,9a26f099-8861-11f1-aa6c-b48c9db4e1b4,10,"[1, 0, 1, 1, 1, 0, 0, 1]",3,1,-1,,0.375,8
3924,9a26f099-8861-11f1-aa6c-b48c9db4e1b4,10,"[1, 0, 1, 1, 1, 0, 0, 1]",4,1,-1,,0.375,8
3925,9a26f099-8861-11f1-aa6c-b48c9db4e1b4,10,"[1, 0, 1, 1, 1, 0, 0, 1]",5,0,0,,0.375,8
3926,9a26f099-8861-11f1-aa6c-b48c9db4e1b4,10,"[1, 0, 1, 1, 1, 0, 0, 1]",6,0,0,,0.375,8
3927,9a26f099-8861-11f1-aa6c-b48c9db4e1b4,10,"[1, 0, 1, 1, 1, 0, 0, 1]",7,1,-1,,0.375,8
3928,9a26f099-8861-11f1-aa6c-b48c9db4e1b4,11,"[1, 0, 0, 1, 0, 0, 1, 0]",0,1,1,,0.375,8
3929,9a26f099-8861-11f1-aa6c-b48c9db4e1b4,11,"[1, 0, 0, 1, 0, 0, 1, 0]",1,0,0,,0.375,8
3930,9a26f099-8861-11f1-aa6c-b48c9db4e1b4,11,"[1, 0, 0, 1, 0, 0, 1, 0]",2,0,0,,0.375,8
3931,9a26f099-8861-11f1-aa6c-b48c9db4e1b4,11,"[1, 0, 0, 1, 0, 0, 1, 0]",3,1,1,,0.375,8
3932,9a26f099-8861-11f1-aa6c-b48c9db4e1b4,11,"[1, 0, 0, 1, 0, 0, 1, 0]",4,0,0,,0.375,8
3933,9a26f099-8861-11f1-aa6c-b48c9db4e1b4,11,"[1, 0, 0, 1, 0, 0, 1, 0]",5,0,0,,0.375,8
3934,9a26f099-8861-11f1-aa6c-b48c9db4e1b4,11,"[1, 0, 0, 1, 0, 0, 1, 0]",6,1,1,,0.375,8
3935,9a26f099-8861-11f1-aa6c-b48c9db4e1b4,11,"[1, 0, 0, 1, 0, 0, 1, 0]",7,0,0,,0.375,8
3936,9a26f099-8861-11f1-aa6c-b48c9db4e1b4,12,"[1, 1, 1, 1, 0, 1, 1, 1]",0,1,-1,,0.375,8
3937,9a26f099-8861-11f1-aa6c-b48c9db4e1b4,12,"[1, 1, 1, 1, 0, 1, 1, 1]",1,1,-1,,0.375,8
3938,9a26f099-8861-11f1-aa6c-b48c9db4e1b4,12,"[1, 1, 1, 1, 0, 1, 1, 1]",2,1,-1,,0.375,8
3939,9a26f099-8861-11f1-aa6c-b48c9db4e1b4,12,"[1, 1, 1, 1, 0, 1, 1, 1]",3,1,-1,,0.375,8
3940,9a26f099-8861-11f1-aa6c-b48c9db4e1b4,12,"[1, 1, 1, 1, 0, 1, 1, 1]",4,0,0,,0.375,8
3941,9a26f099-8861-11f1-aa6c-b48c9db4e1b4,12,"[1, 1, 1, 1, 0, 1, 1, 1]",5,1,-1,,0.375,8
3942,9a26f099-8861-11f1-aa6c-b48c9db4e1b4,12,"[1, 1, 1, 1, 0, 1, 1, 1]",6,1,-1,,0.375,8
3943,9a26f099-8861-11f1-aa6c-b48c9db4e1b4,12,"[1, 1, 1, 1, 0, 1, 1, 1]",7,1,-1,,0.375,8
3944,9a26f099-8861-11f1-aa6c-b48c9db4e1b4,13,"[0, 1, 1, 1, 0, 1, 0, 1]",0,0,0,,0.375,8
3945,9a26f099-8861-11f1-aa6c-b48c9db4e1b4,13,"[0, 1, 1, 1, 0, 1, 0, 1]",1,1,-1,,0.375,8
3946,9a26f099-8861-11f1-aa6c-b48c9db4e1b4,13,"[0, 1, 1, 1, 0, 1, 0, 1]",2,1,-1,,0.375,8
3947,9a26f099-8861-11f1-aa6c-b48c9db4e1b4,13,"[0, 1, 1, 1, 0, 1, 0, 1]",3,1,-1,,0.375,8
3948,9a26f099-8861-11f1-aa6c-b48c9db4e1b4,13,"[0, 1, 1, 1, 0, 1, 0, 1]",4,0,0,,0.375,8
3949,9a26f099-8861-11f1-aa6c-b48c9db4e1b4,13,"[0, 1, 1, 1, 0, 1, 0, 1]",5,1,-1,,0.375,8
3950,9a26f099-8861-11f1-aa6c-b48c9db4e1b4,13,"[0, 1, 1, 1, 0, 1, 0, 1]",6,0,0,,0.375,8
3951,9a26f099-8861-11f1-aa6c-b48c9db4e1b4,13,"[0, 1, 1, 1, 0, 1, 0, 1]",7,1,-1,,0.375,8
3952,9a26f099-8861-11f1-aa6c-b48c9db4e1b4,14,"[1, 1, 1, 0, 1, 1, 1, 0]",0,1,-1,,0.375,8
3953,9a26f099-8861-11f1-aa6c-b48c9db4e1b4,14,"[1, 1, 1, 0, 1, 1, 1, 0]",1,1,-1,,0.375,8
3954,9a26f099-8861-11f1-aa6c-b48c9db4e1b4,14,"[1, 1, 1, 0, 1, 1, 1, 0]",2,1,-1,,0.375,8
3955,9a26f099-8861-11f1-aa6c-b48c9db4e1b4,14,"[1, 1, 1, 0, 1, 1, 1, 0]",3,0,0,,0.375,8
3956,9a26f099-8861-11f1-aa6c-b48c9db4e1b4,14,"[1, 1, 1, 0, 1, 1, 1, 0]",4,1,-1,,0.375,8
3957,9a26f099-8861-11f1-aa6c-b48c9db4e1b4,14,"[1, 1, 1, 0, 1, 1, 1, 0]",5,1,-1,,0.375,8
3958,9a26f099-8861-11f1-aa6c-b48c9db4e1b4,14,"[1, 1, 1, 0, 1, 1, 1, 0]",6,1,-1,,0.375,8
3959,9a26f099-8861-11f1-aa6c-b48c9db4e1b4,14,"[1, 1, 1, 0, 1, 1, 1, 0]",7,0,0,,0.375,8
3960,9a26f099-8861-11f1-aa6c-b48c9db4e1b4,15,"[0, 0, 1, 1, 1, 0, 0, 1]",0,0,0,,0.375,8
3961,9a26f099-8861-11f1-aa6c-b48c9db4e1b4,15,"[0, 0, 1, 1, 1, 0, 0, 1]",1,0,0,,0.375,8
3962,9a26f099-8861-11f1-aa6c-b48c9db4e1b4,15,"[0, 0, 1, 1, 1, 0, 0, 1]",2,1,-1,,0.375,8
3963,9a26f099-8861-11f1-aa6c-b48c9db4e1b4,15,"[0, 0, 1, 1, 1, 0, 0, 1]",3,1,-1,,0.375,8
3964,9a26f099-8861-11f1-aa6c-b48c9db4e1b4,15,"[0, 0, 1, 1, 1, 0, 0, 1]",4,1,-1,,0.375,8
3965,9a26f099-8861-11f1-aa6c-b48c9db4e1b4,15,"[0, 0, 1, 1, 1, 0, 0, 1]",5,0,0,,0.375,8
3966,9a26f099-8861-11f1-aa6c-b48c9db4e1b4,15,"[0, 0, 1, 1, 1, 0, 0, 1]",6,0,0,,0.375,8
3967,9a26f099-8861-11f1-aa6c-b48c9db4e1b4,15,"[0, 0, 1, 1, 1, 0, 0, 1]",7,1,-1,,0.375,8
3968,9a26f099-8861-11f1-aa6c-b48c9db4e1b4,16,"[1, 1, 1, 1, 0, 1, 1, 0]",0,1,-1,,0.375,8
3969,9a26f099-8861-11f1-aa6c-b48c9db4e1b4,16,"[1, 1, 1, 1, 0, 1, 1, 0]",1,1,-1,,0.375,8
3970,9a26f099-8861-11f1-aa6c-b48c9db4e1b4,16,"[1, 1, 1, 1, 0, 1, 1, 0]",2,1,-1,,0.375,8
3971,9a26f099-8861-11f1-aa6c-b48c9db4e1b4,16,"[1, 1, 1, 1, 0, 1, 1, 0]",3,1,-1,,0.375,8
3972,9a26f099-8861-11f1-aa6c-b48c9db4e1b4,16,"[1, 1, 1, 1, 0, 1, 1, 0]",4,0,0,,0.375,8
3973,9a26f099-8861-11f1-aa6c-b48c9db4e1b4,16,"[1, 1, 1, 1, 0, 1, 1, 0]",5,1,-1,,0.375,8
3974,9a26f099-8861-11f1-aa6c-b48c9db4e1b4,16,"[1, 1, 1, 1, 0, 1, 1, 0]",6,1,-1,,0.375,8
3975,9a26f099-8861-11f1-aa6c-b48c9db4e1b4,16,"[1, 1, 1, 1, 0, 1, 1, 0]",7,0,0,,0.375,8
3976,9a26f099-8861-11f1-aa6c-b48c9db4e1b4,17,"[0, 0, 1, 1, 1, 0, 0, 1]",0,0,0,,0.375,8
3977,9a26f099-8861-11f1-aa6c-b48c9db4e1b4,17,"[0, 0, 1, 1, 1, 0, 0, 1]",1,0,0,,0.375,8
3978,9a26f099-8861-11f1-aa6c-b48c9db4e1b4,17,"[0, 0, 1, 1, 1, 0, 0, 1]",2,1,-1,,0.375,8
3979,9a26f099-8861-11f1-aa6c-b48c9db4e1b4,17,"[0, 0, 1, 1, 1, 0, 0, 1]",3,1,-1,,0.375,8
3980,9a26f099-8861-11f1-aa6c-b48c9db4e1b4,17,"[0, 0, 1, 1, 1, 0, 0, 1]",4,1,-1,,0.375,8
3981,9a26f099-8861-11f1-aa6c-b48c9db4e1b4,17,"[0, 0, 1, 1, 1, 0, 0, 1]",5,0,0,,0.375,8
3982,9a26f099-8861-11f1-aa6c-b48c9db4e1b4,17,"[0, 0, 1, 1, 1, 0, 0, 1]",6,0,0,,0.375,8
3983,9a26f099-8861-11f1-aa6c-b48c9db4e1b4,17,"[0, 0, 1, 1, 1, 0, 0, 1]",7,1,-1,,0.375,8
3984,9a26f099-8861-11f1-aa6c-b48c9db4e1b4,18,"[0, 0, 1, 0, 1, 0, 0, 1]",0,0,0,,0.375,8
3985,9a26f099-8861-11f1-aa6c-b48c9db4e1b4,18,"[0, 0, 1, 0, 1, 0, 0, 1]",1,0,0,,0.375,8
3986,9a26f099-8861-11f1-aa6c-b48c9db4e1b4,18,"[0, 0, 1, 0, 1, 0, 0, 1]",2,1,1,,0.375,8
3987,9a26f099-8861-11f1-aa6c-b48c9db4e1b4,18,"[0, 0, 1, 0, 1, 0, 0, 1]",3,0,0,,0.375,8
3988,9a26f099-8861-11f1-aa6c-b48c9db4e1b4,18,"[0, 0, 1, 0, 1, 0, 0, 1]",4,1,1,,0.375,8
3989,9a26f099-8861-11f1-aa6c-b48c9db4e1b4,18,"[0, 0, 1, 0, 1, 0, 0, 1]",5,0,0,,0.375,8
3990,9a26f099-8861-11f1-aa6c-b48c9db4e1b4,18,"[0, 0, 1, 0, 1, 0, 0, 1]",6,0,0,,0.375,8
3991,9a26f099-8861-11f1-aa6c-b48c9db4e1b4,18,"[0, 0, 1, 0, 1, 0, 0, 1]",7,1,1,,0.375,8
3992,9a26f099-8861-11f1-aa6c-b48c9db4e1b4,19,"[1, 0, 0, 0, 1, 1, 1, 0]",0,1,-1,,0.375,8
3993,9a26f099-8861-11f1-aa6c-b48c9db4e1b4,19,"[1, 0, 0, 0, 1, 1, 1, 0]",1,0,0,,0.375,8
3994,9a26f099-8861-11f1-aa6c-b48c9db4e1b4,19,"[1, 0, 0, 0, 1, 1, 1, 0]",2,0,0,,0.375,8
3995,9a26f099-8861-11f1-aa6c-b48c9db4e1b4,19,"[1, 0, 0, 0, 1, 1, 1, 0]",3,0,0,,0.375,8
3996,9a26f099-8861-11f1-aa6c-b48c9db4e1b4,19,"[1, 0, 0, 0, 1, 1, 1, 0]",4,1,-1,,0.375,8
3997,9a26f099-8861-11f1-aa6c-b48c9db4e1b4,19,"[1, 0, 0, 0, 1, 1, 1, 0]",5,1,-1,,0.375,8
3998,9a26f099-8861-11f1-aa6c-b48c9db4e1b4,19,"[1, 0, 0, 0, 1, 1, 1, 0]",6,1,-1,,0.375,8
3999,9a26f099-8861-11f1-aa6c-b48c9db4e1b4,19,"[1, 0, 0, 0, 1, 1, 1, 0]",7,0,0,,0.375,8
4000,9a29c1ea-8861-11f1-b3f0-b48c9db4e1b4,0,"[0, 1, 0, 0, 0, 0, 0, 0]",0,0,0,,0.375,8
4001,9a29c1ea-8861-11f1-b3f0-b48c9db4e1b4,0,"[0, 1, 0, 0, 0, 0, 0, 0]",1,1,1,,0.375,8
4002,9a29c1ea-8861-11f1-b3f0-b48c9db4e1b4,0,"[0, 1, 0, 0, 0, 0, 0, 0]",2,0,0,,0.375,8
4003,9a29c1ea-8861-11f1-b3f0-b48c9db4e1b4,0,"[0, 1, 0, 0, 0, 0, 0, 0]",3,0,0,,0.375,8
4004,9a29c1ea-8861-11f1-b3f0-b48c9db4e1b4,0,"[0, 1, 0, 0, 0, 0, 0, 0]",4,0,0,,0.375,8
4005,9a29c1ea-8861-11f1-b3f0-b48c9db4e1b4,0,"[0, 1, 0, 0, 0, 0, 0, 0]",5,0,0,,0.375,8
4006,9a29c1ea-8861-11f1-b3f0-b48c9db4e1b4,0,"[0, 1, 0, 0, 0, 0, 0, 0]",6,0,0,,0.375,8
4007,9a29c1ea-8861-11f1-b3f0-b48c9db4e1b4,0,"[0, 1, 0, 0, 0, 0, 0, 0]",7,0,0,,0.375,8
4008,9a29c1ea-8861-11f1-b3f0-b48c9db4e1b4,1,"[1, 1, 0, 0, 1, 0, 1, 1]",0,1,-1,,0.375,8
4009,9a29c1ea-8861-11f1-b3f0-b48c9db4e1b4,1,"[1, 1, 0, 0, 1, 0, 1, 1]",1,1,-1,,0.375,8
4010,9a29c1ea-8861-11f1-b3f0-b48c9db4e1b4,1,"[1, 1, 0, 0, 1, 0, 1, 1]",2,0,0,,0.375,8
4011,9a29c1ea-8861-11f1-b3f0-b48c9db4e1b4,1,"[1, 1, 0, 0, 1, 0, 1, 1]",3,0,0,,0.375,8
4012,9a29c1ea-8861-11f1-b3f0-b48c9db4e1b4,1,"[1, 1, 0, 0, 1, 0, 1, 1]",4,1,-1,,0.375,8
4013,9a29c1ea-8861-11f1-b3f0-b48c9db4e1b4,1,"[1, 1, 0, 0, 1, 0, 1, 1]",5,0,0,,0.375,8
4014,9a29c1ea-8861-11f1-b3f0-b48c9db4e1b4,1,"[1, 1, 0, 0, 1, 0, 1, 1]",6,1,-1,,0.375,8
4015,9a29c1ea-8861-11f1-b3f0-b48c9db4e1b4,1,"[1, 1, 0, 0, 1, 0, 1, 1]",7,1,-1,,0.375,8
4016,9a29c1ea-8861-11f1-b3f0-b48c9db4e1b4,2,"[1, 0, 1, 1, 0, 1, 1, 0]",0,1,-1,,0.375,8
4017,9a29c1ea-8861-11f1-b3f0-b48c9db4e1b4,2,"[1, 0, 1, 1, 0, 1, 1, 0]",1,0,0,,0.375,8
4018,9a29c1ea-8861-11f1-b3f0-b48c9db4e1b4,2,"[1, 0, 1, 1, 0, 1, 1, 0]",2,1,-1,,0.375,8
4019,9a29c1ea-8861-11f1-b3f0-b48c9db4e1b4,2,"[1, 0, 1, 1, 0, 1, 1, 0]",3,1,-1,,0.375,8
4020,9a29c1ea-8861-11f1-b3f0-b48c9db4e1b4,2,"[1, 0, 1, 1, 0, 1, 1, 0]",4,0,0,,0.375,8
4021,9a29c1ea-8861-11f1-b3f0-b48c9db4e1b4,2,"[1, 0, 1, 1, 0, 1, 1, 0]",5,1,-1,,0.375,8
4022,9a29c1ea-8861-11f1-b3f0-b48c9db4e1b4,2,"[1, 0, 1, 1, 0, 1, 1, 0]",6,1,-1,,0.375,8
4023,9a29c1ea-8861-11f1-b3f0-b48c9db4e1b4,2,"[1, 0, 1, 1, 0, 1, 1, 0]",7,0,0,,0.375,8
4024,9a29c1ea-8861-11f1-b3f0-b48c9db4e1b4,3,"[1, 1, 0, 1, 0, 0, 0, 1]",0,1,-1,,0.375,8
4025,9a29c1ea-8861-11f1-b3f0-b48c9db4e1b4,3,"[1, 1, 0, 1, 0, 0, 0, 1]",1,1,-1,,0.375,8
4026,9a29c1ea-8861-11f1-b3f0-b48c9db4e1b4,3,"[1, 1, 0, 1, 0, 0, 0, 1]",2,0,0,,0.375,8
4027,9a29c1ea-8861-11f1-b3f0-b48c9db4e1b4,3,"[1, 1, 0, 1, 0, 0, 0, 1]",3,1,-1,,0.375,8
4028,9a29c1ea-8861-11f1-b3f0-b48c9db4e1b4,3,"[1, 1, 0, 1, 0, 0, 0, 1]",4,0,0,,0.375,8
4029,9a29c1ea-8861-11f1-b3f0-b48c9db4e1b4,3,"[1, 1, 0, 1, 0, 0, 0, 1]",5,0,0,,0.375,8
4030,9a29c1ea-8861-11f1-b3f0-b48c9db4e1b4,3,"[1, 1, 0, 1, 0, 0, 0, 1]",6,0,0,,0.375,8
4031,9a29c1ea-8861-11f1-b3f0-b48c9db4e1b4,3,"[1, 1, 0, 1, 0, 0, 0, 1]",7,1,-1,,0.375,8
4032,9a29c1ea-8861-11f1-b3f0-b48c9db4e1b4,4,"[1, 1, 1, 1, 0, 1, 0, 0]",0,1,-1,,0.375,8
4033,9a29c1ea-8861-11f1-b3f0-b48c9db4e1b4,4,"[1, 1, 1, 1, 0, 1, 0, 0]",1,1,-1,,0.375,8
4034,9a29c1ea-8861-11f1-b3f0-b48c9db4e1b4,4,"[1, 1, 1, 1, 0, 1, 0, 0]",2,1,-1,,0.375,8
4035,9a29c1ea-8861-11f1-b3f0-b48c9db4e1b4,4,"[1, 1, 1, 1, 0, 1, 0, 0]",3,1,-1,,0.375,8
4036,9a29c1ea-8861-11f1-b3f0-b48c9db4e1b4,4,"[1, 1, 1, 1, 0, 1, 0, 0]",4,0,0,,0.375,8
4037,9a29c1ea-8861-11f1-b3f0-b48c9db4e1b4,4,"[1, 1, 1, 1, 0, 1, 0, 0]",5,1,-1,,0.375,8
4038,9a29c1ea-8861-11f1-b3f0-b48c9db4e1b4,4,"[1, 1, 1, 1, 0, 1, 0, 0]",6,0,0,,0.375,8
4039,9a29c1ea-8861-11f1-b3f0-b48c9db4e1b4,4,"[1, 1, 1, 1, 0, 1, 0, 0]",7,0,0,,0.375,8
4040,9a29c1ea-8861-11f1-b3f0-b48c9db4e1b4,5,"[1, 1, 0, 0, 1, 1, 1, 0]",0,1,-1,,0.375,8
4041,9a29c1ea-8861-11f1-b3f0-b48c9db4e1b4,5,"[1, 1, 0, 0, 1, 1, 1, 0]",1,1,-1,,0.375,8
4042,9a29c1ea-8861-11f1-b3f0-b48c9db4e1b4,5,"[1, 1, 0, 0, 1, 1, 1, 0]",2,0,0,,0.375,8
4043,9a29c1ea-8861-11f1-b3f0-b48c9db4e1b4,5,"[1, 1, 0, 0, 1, 1, 1, 0]",3,0,0,,0.375,8
4044,9a29c1ea-8861-11f1-b3f0-b48c9db4e1b4,5,"[1, 1, 0, 0, 1, 1, 1, 0]",4,1,-1,,0.375,8
4045,9a29c1ea-8861-11f1-b3f0-b48c9db4e1b4,5,"[1, 1, 0, 0, 1, 1, 1, 0]",5,1,-1,,0.375,8
4046,9a29c1ea-8861-11f1-b3f0-b48c9db4e1b4,5,"[1, 1, 0, 0, 1, 1, 1, 0]",6,1,-1,,0.375,8
4047,9a29c1ea-8861-11f1-b3f0-b48c9db4e1b4,5,"[1, 1, 0, 0, 1, 1, 1, 0]",7,0,0,,0.375,8
4048,9a29c1ea-8861-11f1-b3f0-b48c9db4e1b4,6,"[0, 1, 0, 0, 0, 1, 0, 1]",0,0,0,,0.375,8
4049,9a29c1ea-8861-11f1-b3f0-b48c9db4e1b4,6,"[0, 1, 0, 0, 0, 1, 0, 1]",1,1,1,,0.375,8
4050,9a29c1ea-8861-11f1-b3f0-b48c9db4e1b4,6,"[0, 1, 0, 0, 0, 1, 0, 1]",2,0,0,,0.375,8
4051,9a29c1ea-8861-11f1-b3f0-b48c9db4e1b4,6,"[0, 1, 0, 0, 0, 1, 0, 1]",3,0,0,,0.375,8
4052,9a29c1ea-8861-11f1-b3f0-b48c9db4e1b4,6,"[0, 1, 0, 0, 0, 1, 0, 1]",4,0,0,,0.375,8
4053,9a29c1ea-8861-11f1-b3f0-b48c9db4e1b4,6,"[0, 1, 0, 0, 0, 1, 0, 1]",5,1,1,,0.375,8
4054,9a29c1ea-8861-11f1-b3f0-b48c9db4e1b4,6,"[0, 1, 0, 0, 0, 1, 0, 1]",6,0,0,,0.375,8
4055,9a29c1ea-8861-11f1-b3f0-b48c9db4e1b4,6,"[0, 1, 0, 0, 0, 1, 0, 1]",7,1,1,,0.375,8
4056,9a29c1ea-8861-11f1-b3f0-b48c9db4e1b4,7,"[0, 0, 0, 0, 0, 1, 0, 1]",0,0,0,,0.375,8
4057,9a29c1ea-8861-11f1-b3f0-b48c9db4e1b4,7,"[0, 0, 0, 0, 0, 1, 0, 1]",1,0,0,,0.375,8
4058,9a29c1ea-8861-11f1-b3f0-b48c9db4e1b4,7,"[0, 0, 0, 0, 0, 1, 0, 1]",2,0,0,,0.375,8
4059,9a29c1ea-8861-11f1-b3f0-b48c9db4e1b4,7,"[0, 0, 0, 0, 0, 1, 0, 1]",3,0,0,,0.375,8
4060,9a29c1ea-8861-11f1-b3f0-b48c9db4e1b4,7,"[0, 0, 0, 0, 0, 1, 0, 1]",4,0,0,,0.375,8
4061,9a29c1ea-8861-11f1-b3f0-b48c9db4e1b4,7,"[0, 0, 0, 0, 0, 1, 0, 1]",5,1,1,,0.375,8
4062,9a29c1ea-8861-11f1-b3f0-b48c9db4e1b4,7,"[0, 0, 0, 0, 0, 1, 0, 1]",6,0,0,,0.375,8
4063,9a29c1ea-8861-11f1-b3f0-b48c9db4e1b4,7,"[0, 0, 0, 0, 0, 1, 0, 1]",7,1,1,,0.375,8
4064,9a29c1ea-8861-11f1-b3f0-b48c9db4e1b4,8,"[0, 0, 1, 1, 1, 0, 0, 1]",0,0,0,,0.375,8
4065,9a29c1ea-8861-11f1-b3f0-b48c9db4e1b4,8,"[0, 0, 1, 1, 1, 0, 0, 1]",1,0,0,,0.375,8
4066,9a29c1ea-8861-11f1-b3f0-b48c9db4e1b4,8,"[0, 0, 1, 1, 1, 0, 0, 1]",2,1,-1,,0.375,8
4067,9a29c1ea-8861-11f1-b3f0-b48c9db4e1b4,8,"[0, 0, 1, 1, 1, 0, 0, 1]",3,1,-1,,0.375,8
4068,9a29c1ea-8861-11f1-b3f0-b48c9db4e1b4,8,"[0, 0, 1, 1, 1, 0, 0, 1]",4,1,-1,,0.375,8
4069,9a29c1ea-8861-11f1-b3f0-b48c9db4e1b4,8,"[0, 0, 1, 1, 1, 0, 0, 1]",5,0,0,,0.375,8
4070,9a29c1ea-8861-11f1-b3f0-b48c9db4e1b4,8,"[0, 0, 1, 1, 1, 0, 0, 1]",6,0,0,,0.375,8
4071,9a29c1ea-8861-11f1-b3f0-b48c9db4e1b4,8,"[0, 0, 1, 1, 1, 0, 0, 1]",7,1,-1,,0.375,8
4072,9a29c1ea-8861-11f1-b3f0-b48c9db4e1b4,9,"[0, 1, 0, 0, 1, 0, 0, 1]",0,0,0,,0.375,8
4073,9a29c1ea-8861-11f1-b3f0-b48c9db4e1b4,9,"[0, 1, 0, 0, 1, 0, 0, 1]",1,1,1,,0.375,8
4074,9a29c1ea-8861-11f1-b3f0-b48c9db4e1b4,9,"[0, 1, 0, 0, 1, 0, 0, 1]",2,0,0,,0.375,8
4075,9a29c1ea-8861-11f1-b3f0-b48c9db4e1b4,9,"[0, 1, 0, 0, 1, 0, 0, 1]",3,0,0,,0.375,8
4076,9a29c1ea-8861-11f1-b3f0-b48c9db4e1b4,9,"[0, 1, 0, 0, 1, 0, 0, 1]",4,1,1,,0.375,8
4077,9a29c1ea-8861-11f1-b3f0-b48c9db4e1b4,9,"[0, 1, 0, 0, 1, 0, 0, 1]",5,0,0,,0.375,8
4078,9a29c1ea-8861-11f1-b3f0-b48c9db4e1b4,9,"[0, 1, 0, 0, 1, 0, 0, 1]",6,0,0,,0.375,8
4079,9a29c1ea-8861-11f1-b3f0-b48c9db4e1b4,9,"[0, 1, 0, 0, 1, 0, 0, 1]",7,1,1,,0.375,8
4080,9a29c1ea-8861-11f1-b3f0-b48c9db4e1b4,10,"[0, 1, 0, 0, 0, 1, 1, 1]",0,0,0,,0.375,8
4081,9a29c1ea-8861-11f1-b3f0-b48c9db4e1b4,10,"[0, 1, 0, 0, 0, 1, 1, 1]",1,1,-1,,0.375,8
4082,9a29c1ea-8861-11f1-b3f0-b48c9db4e1b4,10,"[0, 1, 0, 0, 0, 1, 1, 1]",2,0,0,,0.375,8
4083,9a29c1ea-8861-11f1-b3f0-b48c9db4e1b4,10,"[0, 1, 0, 0, 0, 1, 1, 1]",3,0,0,,0.375,8
4084,9a29c1ea-8861-11f1-b3f0-b48c9db4e1b4,10,"[0, 1, 0, 0, 0, 1, 1, 1]",4,0,0,,0.375,8
4085,9a29c1ea-8861-11f1-b3f0-b48c9db4e1b4,10,"[0, 1, 0, 0, 0, 1, 1, 1]",5,1,-1,,0.375,8
4086,9a29c1ea-8861-11f1-b3f0-b48c9db4e1b4,10,"[0, 1, 0, 0, 0, 1, 1, 1]",6,1,-1,,0.375,8
4087,9a29c1ea-8861-11f1-b3f0-b48c9db4e1b4,10,"[0, 1, 0, 0, 0, 1, 1, 1]",7,1,-1,,0.375,8
4088,9a29c1ea-8861-11f1-b3f0-b48c9db4e1b4,11,"[1, 0, 1, 1, 0, 0, 1, 1]",0,1,-1,,0.375,8
4089,9a29c1ea-8861-11f1-b3f0-b48c9db4e1b4,11,"[1, 0, 1, 1, 0, 0, 1, 1]",1,0,0,,0.375,8
4090,9a29c1ea-8861-11f1-b3f0-b48c9db4e1b4,11,"[1, 0, 1, 1, 0, 0, 1, 1]",2,1,-1,,0.375,8
4091,9a29c1ea-8861-11f1-b3f0-b48c9db4e1b4,11,"[1, 0, 1, 1, 0, 0, 1, 1]",3,1,-1,,0.375,8
4092,9a29c1ea-8861-11f1-b3f0-b48c9db4e1b4,11,"[1, 0, 1, 1, 0, 0, 1, 1]",4,0,0,,0.375,8
4093,9a29c1ea-8861-11f1-b3f0-b48c9db4e1b4,11,"[1, 0, 1, 1, 0, 0, 1, 1]",5,0,0,,0.375,8
4094,9a29c1ea-8861-11f1-b3f0-b48c9db4e1b4,11,"[1, 0, 1, 1, 0, 0, 1, 1]",6,1,-1,,0.375,8
4095,9a29c1ea-8861-11f1-b3f0-b48c9db4e1b4,11,"[1, 0, 1, 1, 0, 0, 1, 1]",7,1,-1,,0.375,8
4096,9a29c1ea-8861-11f1-b3f0-b48c9db4e1b4,12,"[1, 0, 1, 0, 0, 1, 1, 0]",0,1,-1,,0.375,8
4097,9a29c1ea-8861-11f1-b3f0-b48c9db4e1b4,12,"[1, 0, 1, 0, 0, 1, 1, 0]",1,0,0,,0.375,8
4098,9a29c1ea-8861-11f1-b3f0-b48c9db4e1b4,12,"[1, 0, 1, 0, 0, 1, 1, 0]",2,1,-1,,0.375,8
4099,9a29c1ea-8861-11f1-b3f0-b48c9db4e1b4,12,"[1, 0, 1, 0, 0, 1, 1, 0]",3,0,0,,0.375,8
4100,9a29c1ea-8861-11f1-b3f0-b48c9db4e1b4,12,"[1, 0, 1, 0, 0, 1, 1, 0]",4,0,0,,0.375,8
4101,9a29c1ea-8861-11f1-b3f0-b48c9db4e1b4,12,"[1, 0, 1, 0, 0, 1, 1, 0]",5,1,-1,,0.375,8
4102,9a29c1ea-8861-11f1-b3f0-b48c9db4e1b4,12,"[1, 0, 1, 0, 0, 1, 1, 0]",6,1,-1,,0.375,8
4103,9a29c1ea-8861-11f1-b3f0-b48c9db4e1b4,12,"[1, 0, 1, 0, 0, 1, 1, 0]",7,0,0,,0.375,8
4104,9a29c1ea-8861-11f1-b3f0-b48c9db4e1b4,13,"[1, 1, 1, 0, 0, 1, 1, 0]",0,1,-1,,0.375,8
4105,9a29c1ea-8861-11f1-b3f0-b48c9db4e1b4,13,"[1, 1, 1, 0, 0, 1, 1, 0]",1,1,-1,,0.375,8
4106,9a29c1ea-8861-11f1-b3f0-b48c9db4e1b4,13,"[1, 1, 1, 0, 0, 1, 1, 0]",2,1,-1,,0.375,8
4107,9a29c1ea-8861-11f1-b3f0-b48c9db4e1b4,13,"[1, 1, 1, 0, 0, 1, 1, 0]",3,0,0,,0.375,8
4108,9a29c1ea-8861-11f1-b3f0-b48c9db4e1b4,13,"[1, 1, 1, 0, 0, 1, 1, 0]",4,0,0,,0.375,8
4109,9a29c1ea-8861-11f1-b3f0-b48c9db4e1b4,13,"[1, 1, 1, 0, 0, 1, 1, 0]",5,1,-1,,0.375,8
4110,9a29c1ea-8861-11f1-b3f0-b48c9db4e1b4,13,"[1, 1, 1, 0, 0, 1, 1, 0]",6,1,-1,,0.375,8
4111,9a29c1ea-8861-11f1-b3f0-b48c9db4e1b4,13,"[1, 1, 1, 0, 0, 1, 1, 0]",7,0,0,,0.375,8
4112,9a29c1ea-8861-11f1-b3f0-b48c9db4e1b4,14,"[0, 1, 0, 1, 1, 0, 0, 0]",0,0,0,,0.375,8
4113,9a29c1ea-8861-11f1-b3f0-b48c9db4e1b4,14,"[0, 1, 0, 1, 1, 0, 0, 0]",1,1,1,,0.375,8
4114,9a29c1ea-8861-11f1-b3f0-b48c9db4e1b4,14,"[0, 1, 0, 1, 1, 0, 0, 0]",2,0,0,,0.375,8
4115,9a29c1ea-8861-11f1-b3f0-b48c9db4e1b4,14,"[0, 1, 0, 1, 1, 0, 0, 0]",3,1,1,,0.375,8
4116,9a29c1ea-8861-11f1-b3f0-b48c9db4e1b4,14,"[0, 1, 0, 1, 1, 0, 0, 0]",4,1,1,,0.375,8
4117,9a29c1ea-8861-11f1-b3f0-b48c9db4e1b4,14,"[0, 1, 0, 1, 1, 0, 0, 0]",5,0,0,,0.375,8
4118,9a29c1ea-8861-11f1-b3f0-b48c9db4e1b4,14,"[0, 1, 0, 1, 1, 0, 0, 0]",6,0,0,,0.375,8
4119,9a29c1ea-8861-11f1-b3f0-b48c9db4e1b4,14,"[0, 1, 0, 1, 1, 0, 0, 0]",7,0,0,,0.375,8
4120,9a29c1ea-8861-11f1-b3f0-b48c9db4e1b4,15,"[0, 0, 1, 0, 0, 1, 0, 0]",0,0,0,,0.375,8
4121,9a29c1ea-8861-11f1-b3f0-b48c9db4e1b4,15,"[0, 0, 1, 0, 0, 1, 0, 0]",1,0,0,,0.375,8
4122,9a29c1ea-8861-11f1-b3f0-b48c9db4e1b4,15,"[0, 0, 1, 0, 0, 1, 0, 0]",2,1,1,,0.375,8
4123,9a29c1ea-8861-11f1-b3f0-b48c9db4e1b4,15,"[0, 0, 1, 0, 0, 1, 0, 0]",3,0,0,,0.375,8
4124,9a29c1ea-8861-11f1-b3f0-b48c9db4e1b4,15,"[0, 0, 1, 0, 0, 1, 0, 0]",4,0,0,,0.375,8
4125,9a29c1ea-8861-11f1-b3f0-b48c9db4e1b4,15,"[0, 0, 1, 0, 0, 1, 0, 0]",5,1,1,,0.375,8
4126,9a29c1ea-8861-11f1-b3f0-b48c9db4e1b4,15,"[0, 0, 1, 0, 0, 1, 0, 0]",6,0,0,,0.375,8
4127,9a29c1ea-8861-11f1-b3f0-b48c9db4e1b4,15,"[0, 0, 1, 0, 0, 1, 0, 0]",7,0,0,,0.375,8
4128,9a29c1ea-8861-11f1-b3f0-b48c9db4e1b4,16,"[0, 1, 0, 1, 0, 0, 1, 1]",0,0,0,,0.375,8
4129,9a29c1ea-8861-11f1-b3f0-b48c9db4e1b4,16,"[0, 1, 0, 1, 0, 0, 1, 1]",1,1,-1,,0.375,8
4130,9a29c1ea-8861-11f1-b3f0-b48c9db4e1b4,16,"[0, 1, 0, 1, 0, 0, 1, 1]",2,0,0,,0.375,8
4131,9a29c1ea-8861-11f1-b3f0-b48c9db4e1b4,16,"[0, 1, 0, 1, 0, 0, 1, 1]",3,1,-1,,0.375,8
4132,9a29c1ea-8861-11f1-b3f0-b48c9db4e1b4,16,"[0, 1, 0, 1, 0, 0, 1, 1]",4,0,0,,0.375,8
4133,9a29c1ea-8861-11f1-b3f0-b48c9db4e1b4,16,"[0, 1, 0, 1, 0, 0, 1, 1]",5,0,0,,0.375,8
4134,9a29c1ea-8861-11f1-b3f0-b48c9db4e1b4,16,"[0, 1, 0, 1, 0, 0, 1, 1]",6,1,-1,,0.375,8
4135,9a29c1ea-8861-11f1-b3f0-b48c9db4e1b4,16,"[0, 1, 0, 1, 0, 0, 1, 1]",7,1,-1,,0.375,8
4136,9a29c1ea-8861-11f1-b3f0-b48c9db4e1b4,17,"[1, 0, 0, 0, 0, 0, 1, 0]",0,1,1,,0.375,8
4137,9a29c1ea-8861-11f1-b3f0-b48c9db4e1b4,17,"[1, 0, 0, 0, 0, 0, 1, 0]",1,0,0,,0.375,8
4138,9a29c1ea-8861-11f1-b3f0-b48c9db4e1b4,17,"[1, 0, 0, 0, 0, 0, 1, 0]",2,0,0,,0.375,8
4139,9a29c1ea-8861-11f1-b3f0-b48c9db4e1b4,17,"[1, 0, 0, 0, 0, 0, 1, 0]",3,0,0,,0.375,8
4140,9a29c1ea-8861-11f1-b3f0-b48c9db4e1b4,17,"[1, 0, 0, 0, 0, 0, 1, 0]",4,0,0,,0.375,8
4141,9a29c1ea-8861-11f1-b3f0-b48c9db4e1b4,17,"[1, 0, 0, 0, 0, 0, 1, 0]",5,0,0,,0.375,8
4142,9a29c1ea-8861-11f1-b3f0-b48c9db4e1b4,17,"[1, 0, 0, 0, 0, 0, 1, 0]",6,1,1,,0.375,8
4143,9a29c1ea-8861-11f1-b3f0-b48c9db4e1b4,17,"[1, 0, 0, 0, 0, 0, 1, 0]",7,0,0,,0.375,8
4144,9a29c1ea-8861-11f1-b3f0-b48c9db4e1b4,18,"[1, 1, 0, 1, 0, 1, 0, 1]",0,1,-1,,0.375,8
4145,9a29c1ea-8861-11f1-b3f0-b48c9db4e1b4,18,"[1, 1, 0, 1, 0, 1, 0, 1]",1,1,-1,,0.375,8
4146,9a29c1ea-8861-11f1-b3f0-b48c9db4e1b4,18,"[1, 1, 0, 1, 0, 1, 0, 1]",2,0,0,,0.375,8
4147,9a29c1ea-8861-11f1-b3f0-b48c9db4e1b4,18,"[1, 1, 0, 1, 0, 1, 0, 1]",3,1,-1,,0.375,8
4148,9a29c1ea-8861-11f1-b3f0-b48c9db4e1b4,18,"[1, 1, 0, 1, 0, 1, 0, 1]",4,0,0,,0.375,8
4149,9a29c1ea-8861-11f1-b3f0-b48c9db4e1b4,18,"[1, 1, 0, 1, 0, 1, 0, 1]",5,1,-1,,0.375,8
4150,9a29c1ea-8861-11f1-b3f0-b48c9db4e1b4,18,"[1, 1, 0, 1, 0, 1, 0, 1]",6,0,0,,0.375,8
4151,9a29c1ea-8861-11f1-b3f0-b48c9db4e1b4,18,"[1, 1, 0, 1, 0, 1, 0, 1]",7,1,-1,,0.375,8
4152,9a29c1ea-8861-11f1-b3f0-b48c9db4e1b4,19,"[1, 1, 0, 1, 1, 0, 0, 1]",0,1,-1,,0.375,8
4153,9a29c1ea-8861-11f1-b3f0-b48c9db4e1b4,19,"[1, 1, 0, 1, 1, 0, 0, 1]",1,1,-1,,0.375,8
4154,9a29c1ea-8861-11f1-b3f0-b48c9db4e1b4,19,"[1, 1, 0, 1, 1, 0, 0, 1]",2,0,0,,0.375,8
4155,9a29c1ea-8861-11f1-b3f0-b48c9db4e1b4,19,"[1, 1, 0, 1, 1, 0, 0, 1]",3,1,-1,,0.375,8
4156,9a29c1ea-8861-11f1-b3f0-b48c9db4e1b4,19,"[1, 1, 0, 1, 1, 0, 0, 1]",4,1,-1,,0.375,8
4157,9a29c1ea-8861-11f1-b3f0-b48c9db4e1b4,19,"[1, 1, 0, 1, 1, 0, 0, 1]",5,0,0,,0.375,8
4158,9a29c1ea-8861-11f1-b3f0-b48c9db4e1b4,19,"[1, 1, 0, 1, 1, 0, 0, 1]",6,0,0,,0.375,8
4159,9a29c1ea-8861-11f1-b3f0-b48c9db4e1b4,19,"[1, 1, 0, 1, 1, 0, 0, 1]",7,1,-1,,0.375,8
4160,9a2c928a-8861-11f1-b2aa-b48c9db4e1b4,0,"[1, 0, 0, 1, 1, 0, 1, 0]",0,1,-1,,0.375,8
4161,9a2c928a-8861-11f1-b2aa-b48c9db4e1b4,0,"[1, 0, 0, 1, 1, 0, 1, 0]",1,0,0,,0.375,8
4162,9a2c928a-8861-11f1-b2aa-b48c9db4e1b4,0,"[1, 0, 0, 1, 1, 0, 1, 0]",2,0,0,,0.375,8
4163,9a2c928a-8861-11f1-b2aa-b48c9db4e1b4,0,"[1, 0, 0, 1, 1, 0, 1, 0]",3,1,-1,,0.375,8
4164,9a2c928a-8861-11f1-b2aa-b48c9db4e1b4,0,"[1, 0, 0, 1, 1, 0, 1, 0]",4,1,-1,,0.375,8
4165,9a2c928a-8861-11f1-b2aa-b48c9db4e1b4,0,"[1, 0, 0, 1, 1, 0, 1, 0]",5,0,0,,0.375,8
4166,9a2c928a-8861-11f1-b2aa-b48c9db4e1b4,0,"[1, 0, 0, 1, 1, 0, 1, 0]",6,1,-1,,0.375,8
4167,9a2c928a-8861-11f1-b2aa-b48c9db4e1b4,0,"[1, 0, 0, 1, 1, 0, 1, 0]",7,0,0,,0.375,8
4168,9a2c928a-8861-11f1-b2aa-b48c9db4e1b4,1,"[1, 0, 0, 1, 0, 1, 0, 0]",0,1,1,,0.375,8
4169,9a2c928a-8861-11f1-b2aa-b48c9db4e1b4,1,"[1, 0, 0, 1, 0, 1, 0, 0]",1,0,0,,0.375,8
4170,9a2c928a-8861-11f1-b2aa-b48c9db4e1b4,1,"[1, 0, 0, 1, 0, 1, 0, 0]",2,0,0,,0.375,8
4171,9a2c928a-8861-11f1-b2aa-b48c9db4e1b4,1,"[1, 0, 0, 1, 0, 1, 0, 0]",3,1,1,,0.375,8
4172,9a2c928a-8861-11f1-b2aa-b48c9db4e1b4,1,"[1, 0, 0, 1, 0, 1, 0, 0]",4,0,0,,0.375,8
4173,9a2c928a-8861-11f1-b2aa-b48c9db4e1b4,1,"[1, 0, 0, 1, 0, 1, 0, 0]",5,1,1,,0.375,8
4174,9a2c928a-8861-11f1-b2aa-b48c9db4e1b4,1,"[1, 0, 0, 1, 0, 1, 0, 0]",6,0,0,,0.375,8
4175,9a2c928a-8861-11f1-b2aa-b48c9db4e1b4,1,"[1, 0, 0, 1, 0, 1, 0, 0]",7,0,0,,0.375,8
4176,9a2c928a-8861-11f1-b2aa-b48c9db4e1b4,2,"[0, 1, 1, 0, 1, 1, 1, 0]",0,0,0,,0.375,8
4177,9a2c928a-8861-11f1-b2aa-b48c9db4e1b4,2,"[0, 1, 1, 0, 1, 1, 1, 0]",1,1,-1,,0.375,8
4178,9a2c928a-8861-11f1-b2aa-b48c9db4e1b4,2,"[0, 1, 1, 0, 1, 1, 1, 0]",2,1,-1,,0.375,8
4179,9a2c928a-8861-11f1-b2aa-b48c9db4e1b4,2,"[0, 1, 1, 0, 1, 1, 1, 0]",3,0,0,,0.375,8
4180,9a2c928a-8861-11f1-b2aa-b48c9db4e1b4,2,"[0, 1, 1, 0, 1, 1, 1, 0]",4,1,-1,,0.375,8
4181,9a2c928a-8861-11f1-b2aa-b48c9db4e1b4,2,"[0, 1, 1, 0, 1, 1, 1, 0]",5,1,-1,,0.375,8
4182,9a2c928a-8861-11f1-b2aa-b48c9db4e1b4,2,"[0, 1, 1, 0, 1, 1, 1, 0]",6,1,-1,,0.375,8
4183,9a2c928a-8861-11f1-b2aa-b48c9db4e1b4,2,"[0, 1, 1, 0, 1, 1, 1, 0]",7,0,0,,0.375,8
4184,9a2c928a-8861-11f1-b2aa-b48c9db4e1b4,3,"[0, 0, 0, 0, 0, 0, 0, 0]",0,0,0,,0.375,8
4185,9a2c928a-8861-11f1-b2aa-b48c9db4e1b4,3,"[0, 0, 0, 0, 0, 0, 0, 0]",1,0,0,,0.375,8
4186,9a2c928a-8861-11f1-b2aa-b48c9db4e1b4,3,"[0, 0, 0, 0, 0, 0, 0, 0]",2,0,0,,0.375,8
4187,9a2c928a-8861-11f1-b2aa-b48c9db4e1b4,3,"[0, 0, 0, 0, 0, 0, 0, 0]",3,0,0,,0.375,8
4188,9a2c928a-8861-11f1-b2aa-b48c9db4e1b4,3,"[0, 0, 0, 0, 0, 0, 0, 0]",4,0,0,,0.375,8
4189,9a2c928a-8861-11f1-b2aa-b48c9db4e1b4,3,"[0, 0, 0, 0, 0, 0, 0, 0]",5,0,0,,0.375,8
4190,9a2c928a-8861-11f1-b2aa-b48c9db4e1b4,3,"[0, 0, 0, 0, 0, 0, 0, 0]",6,0,0,,0.375,8
4191,9a2c928a-8861-11f1-b2aa-b48c9db4e1b4,3,"[0, 0, 0, 0, 0, 0, 0, 0]",7,0,0,,0.375,8
4192,9a2c928a-8861-11f1-b2aa-b48c9db4e1b4,4,"[0, 0, 1, 1, 1, 1, 0, 0]",0,0,0,,0.375,8
4193,9a2c928a-8861-11f1-b2aa-b48c9db4e1b4,4,"[0, 0, 1, 1, 1, 1, 0, 0]",1,0,0,,0.375,8
4194,9a2c928a-8861-11f1-b2aa-b48c9db4e1b4,4,"[0, 0, 1, 1, 1, 1, 0, 0]",2,1,-1,,0.375,8
4195,9a2c928a-8861-11f1-b2aa-b48c9db4e1b4,4,"[0, 0, 1, 1, 1, 1, 0, 0]",3,1,-1,,0.375,8
4196,9a2c928a-8861-11f1-b2aa-b48c9db4e1b4,4,"[0, 0, 1, 1, 1, 1, 0, 0]",4,1,-1,,0.375,8
4197,9a2c928a-8861-11f1-b2aa-b48c9db4e1b4,4,"[0, 0, 1, 1, 1, 1, 0, 0]",5,1,-1,,0.375,8
4198,9a2c928a-8861-11f1-b2aa-b48c9db4e1b4,4,"[0, 0, 1, 1, 1, 1, 0, 0]",6,0,0,,0.375,8
4199,9a2c928a-8861-11f1-b2aa-b48c9db4e1b4,4,"[0, 0, 1, 1, 1, 1, 0, 0]",7,0,0,,0.375,8
4200,9a2c928a-8861-11f1-b2aa-b48c9db4e1b4,5,"[0, 1, 1, 0, 0, 1, 0, 1]",0,0,0,,0.375,8
4201,9a2c928a-8861-11f1-b2aa-b48c9db4e1b4,5,"[0, 1, 1, 0, 0, 1, 0, 1]",1,1,-1,,0.375,8
4202,9a2c928a-8861-11f1-b2aa-b48c9db4e1b4,5,"[0, 1, 1, 0, 0, 1, 0, 1]",2,1,-1,,0.375,8
4203,9a2c928a-8861-11f1-b2aa-b48c9db4e1b4,5,"[0, 1, 1, 0, 0, 1, 0, 1]",3,0,0,,0.375,8
4204,9a2c928a-8861-11f1-b2aa-b48c9db4e1b4,5,"[0, 1, 1, 0, 0, 1, 0, 1]",4,0,0,,0.375,8
4205,9a2c928a-8861-11f1-b2aa-b48c9db4e1b4,5,"[0, 1, 1, 0, 0, 1, 0, 1]",5,1,-1,,0.375,8
4206,9a2c928a-8861-11f1-b2aa-b48c9db4e1b4,5,"[0, 1, 1, 0, 0, 1, 0, 1]",6,0,0,,0.375,8
4207,9a2c928a-8861-11f1-b2aa-b48c9db4e1b4,5,"[0, 1, 1, 0, 0, 1, 0, 1]",7,1,-1,,0.375,8
4208,9a2c928a-8861-11f1-b2aa-b48c9db4e1b4,6,"[0, 1, 1, 1, 1, 1, 1, 0]",0,0,0,,0.375,8
4209,9a2c928a-8861-11f1-b2aa-b48c9db4e1b4,6,"[0, 1, 1, 1, 1, 1, 1, 0]",1,1,-1,,0.375,8
4210,9a2c928a-8861-11f1-b2aa-b48c9db4e1b4,6,"[0, 1, 1, 1, 1, 1, 1, 0]",2,1,-1,,0.375,8
4211,9a2c928a-8861-11f1-b2aa-b48c9db4e1b4,6,"[0, 1, 1, 1, 1, 1, 1, 0]",3,1,-1,,0.375,8
4212,9a2c928a-8861-11f1-b2aa-b48c9db4e1b4,6,"[0, 1, 1, 1, 1, 1, 1, 0]",4,1,-1,,0.375,8
4213,9a2c928a-8861-11f1-b2aa-b48c9db4e1b4,6,"[0, 1, 1, 1, 1, 1, 1, 0]",5,1,-1,,0.375,8
4214,9a2c928a-8861-11f1-b2aa-b48c9db4e1b4,6,"[0, 1, 1, 1, 1, 1, 1, 0]",6,1,-1,,0.375,8
4215,9a2c928a-8861-11f1-b2aa-b48c9db4e1b4,6,"[0, 1, 1, 1, 1, 1, 1, 0]",7,0,0,,0.375,8
4216,9a2c928a-8861-11f1-b2aa-b48c9db4e1b4,7,"[0, 0, 0, 0, 1, 1, 0, 1]",0,0,0,,0.375,8
4217,9a2c928a-8861-11f1-b2aa-b48c9db4e1b4,7,"[0, 0, 0, 0, 1, 1, 0, 1]",1,0,0,,0.375,8
4218,9a2c928a-8861-11f1-b2aa-b48c9db4e1b4,7,"[0, 0, 0, 0, 1, 1, 0, 1]",2,0,0,,0.375,8
4219,9a2c928a-8861-11f1-b2aa-b48c9db4e1b4,7,"[0, 0, 0, 0, 1, 1, 0, 1]",3,0,0,,0.375,8
4220,9a2c928a-8861-11f1-b2aa-b48c9db4e1b4,7,"[0, 0, 0, 0, 1, 1, 0, 1]",4,1,1,,0.375,8
4221,9a2c928a-8861-11f1-b2aa-b48c9db4e1b4,7,"[0, 0, 0, 0, 1, 1, 0, 1]",5,1,1,,0.375,8
4222,9a2c928a-8861-11f1-b2aa-b48c9db4e1b4,7,"[0, 0, 0, 0, 1, 1, 0, 1]",6,0,0,,0.375,8
4223,9a2c928a-8861-11f1-b2aa-b48c9db4e1b4,7,"[0, 0, 0, 0, 1, 1, 0, 1]",7,1,1,,0.375,8
4224,9a2c928a-8861-11f1-b2aa-b48c9db4e1b4,8,"[1, 0, 0, 0, 0, 1, 1, 1]",0,1,-1,,0.375,8
4225,9a2c928a-8861-11f1-b2aa-b48c9db4e1b4,8,"[1, 0, 0, 0, 0, 1, 1, 1]",1,0,0,,0.375,8
4226,9a2c928a-8861-11f1-b2aa-b48c9db4e1b4,8,"[1, 0, 0, 0, 0, 1, 1, 1]",2,0,0,,0.375,8
4227,9a2c928a-8861-11f1-b2aa-b48c9db4e1b4,8,"[1, 0, 0, 0, 0, 1, 1, 1]",3,0,0,,0.375,8
4228,9a2c928a-8861-11f1-b2aa-b48c9db4e1b4,8,"[1, 0, 0, 0, 0, 1, 1, 1]",4,0,0,,0.375,8
4229,9a2c928a-8861-11f1-b2aa-b48c9db4e1b4,8,"[1, 0, 0, 0, 0, 1, 1, 1]",5,1,-1,,0.375,8
4230,9a2c928a-8861-11f1-b2aa-b48c9db4e1b4,8,"[1, 0, 0, 0, 0, 1, 1, 1]",6,1,-1,,0.375,8
4231,9a2c928a-8861-11f1-b2aa-b48c9db4e1b4,8,"[1, 0, 0, 0, 0, 1, 1, 1]",7,1,-1,,0.375,8
4232,9a2c928a-8861-11f1-b2aa-b48c9db4e1b4,9,"[0, 0, 0, 1, 0, 1, 1, 1]",0,0,0,,0.375,8
4233,9a2c928a-8861-11f1-b2aa-b48c9db4e1b4,9,"[0, 0, 0, 1, 0, 1, 1, 1]",1,0,0,,0.375,8
4234,9a2c928a-8861-11f1-b2aa-b48c9db4e1b4,9,"[0, 0, 0, 1, 0, 1, 1, 1]",2,0,0,,0.375,8
4235,9a2c928a-8861-11f1-b2aa-b48c9db4e1b4,9,"[0, 0, 0, 1, 0, 1, 1, 1]",3,1,-1,,0.375,8
4236,9a2c928a-8861-11f1-b2aa-b48c9db4e1b4,9,"[0, 0, 0, 1, 0, 1, 1, 1]",4,0,0,,0.375,8
4237,9a2c928a-8861-11f1-b2aa-b48c9db4e1b4,9,"[0, 0, 0, 1, 0, 1, 1, 1]",5,1,-1,,0.375,8
4238,9a2c928a-8861-11f1-b2aa-b48c9db4e1b4,9,"[0, 0, 0, 1, 0, 1, 1, 1]",6,1,-1,,0.375,8
4239,9a2c928a-8861-11f1-b2aa-b48c9db4e1b4,9,"[0, 0, 0, 1, 0, 1, 1, 1]",7,1,-1,,0.375,8
4240,9a2c928a-8861-11f1-b2aa-b48c9db4e1b4,10,"[1, 1, 0, 1, 0, 1, 0, 0]",0,1,-1,,0.375,8
4241,9a2c928a-8861-11f1-b2aa-b48c9db4e1b4,10,"[1, 1, 0, 1, 0, 1, 0, 0]",1,1,-1,,0.375,8
4242,9a2c928a-8861-11f1-b2aa-b48c9db4e1b4,10,"[1, 1, 0, 1, 0, 1, 0, 0]",2,0,0,,0.375,8
4243,9a2c928a-8861-11f1-b2aa-b48c9db4e1b4,10,"[1, 1, 0, 1, 0, 1, 0, 0]",3,1,-1,,0.375,8
4244,9a2c928a-8861-11f1-b2aa-b48c9db4e1b4,10,"[1, 1, 0, 1, 0, 1, 0, 0]",4,0,0,,0.375,8
4245,9a2c928a-8861-11f1-b2aa-b48c9db4e1b4,10,"[1, 1, 0, 1, 0, 1, 0, 0]",5,1,-1,,0.375,8
4246,9a2c928a-8861-11f1-b2aa-b48c9db4e1b4,10,"[1, 1, 0, 1, 0, 1, 0, 0]",6,0,0,,0.375,8
4247,9a2c928a-8861-11f1-b2aa-b48c9db4e1b4,10,"[1, 1, 0, 1, 0, 1, 0, 0]",7,0,0,,0.375,8
4248,9a2c928a-8861-11f1-b2aa-b48c9db4e1b4,11,"[1, 1, 1, 1, 1, 0, 0, 0]",0,1,-1,,0.375,8
4249,9a2c928a-8861-11f1-b2aa-b48c9db4e1b4,11,"[1, 1, 1, 1, 1, 0, 0, 0]",1,1,-1,,0.375,8
4250,9a2c928a-8861-11f1-b2aa-b48c9db4e1b4,11,"[1, 1, 1, 1, 1, 0, 0, 0]",2,1,-1,,0.375,8
4251,9a2c928a-8861-11f1-b2aa-b48c9db4e1b4,11,"[1, 1, 1, 1, 1, 0, 0, 0]",3,1,-1,,0.375,8
4252,9a2c928a-8861-11f1-b2aa-b48c9db4e1b4,11,"[1, 1, 1, 1, 1, 0, 0, 0]",4,1,-1,,0.375,8
4253,9a2c928a-8861-11f1-b2aa-b48c9db4e1b4,11,"[1, 1, 1, 1, 1, 0, 0, 0]",5,0,0,,0.375,8
4254,9a2c928a-8861-11f1-b2aa-b48c9db4e1b4,11,"[1, 1, 1, 1, 1, 0, 0, 0]",6,0,0,,0.375,8
4255,9a2c928a-8861-11f1-b2aa-b48c9db4e1b4,11,"[1, 1, 1, 1, 1, 0, 0, 0]",7,0,0,,0.375,8
4256,9a2c928a-8861-11f1-b2aa-b48c9db4e1b4,12,"[0, 0, 0, 0, 1, 1, 0, 1]",0,0,0,,0.375,8
4257,9a2c928a-8861-11f1-b2aa-b48c9db4e1b4,12,"[0, 0, 0, 0, 1, 1, 0, 1]",1,0,0,,0.375,8
4258,9a2c928a-8861-11f1-b2aa-b48c9db4e1b4,12,"[0, 0, 0, 0, 1, 1, 0, 1]",2,0,0,,0.375,8
4259,9a2c928a-8861-11f1-b2aa-b48c9db4e1b4,12,"[0, 0, 0, 0, 1, 1, 0, 1]",3,0,0,,0.375,8
4260,9a2c928a-8861-11f1-b2aa-b48c9db4e1b4,12,"[0, 0, 0, 0, 1, 1, 0, 1]",4,1,1,,0.375,8
4261,9a2c928a-8861-11f1-b2aa-b48c9db4e1b4,12,"[0, 0, 0, 0, 1, 1, 0, 1]",5,1,1,,0.375,8
4262,9a2c928a-8861-11f1-b2aa-b48c9db4e1b4,12,"[0, 0, 0, 0, 1, 1, 0, 1]",6,0,0,,0.375,8
4263,9a2c928a-8861-11f1-b2aa-b48c9db4e1b4,12,"[0, 0, 0, 0, 1, 1, 0, 1]",7,1,1,,0.375,8
4264,9a2c928a-8861-11f1-b2aa-b48c9db4e1b4,13,"[1, 0, 0, 0, 1, 0, 1, 1]",0,1,-1,,0.375,8
4265,9a2c928a-8861-11f1-b2aa-b48c9db4e1b4,13,"[1, 0, 0, 0, 1, 0, 1, 1]",1,0,0,,0.375,8
4266,9a2c928a-8861-11f1-b2aa-b48c9db4e1b4,13,"[1, 0, 0, 0, 1, 0, 1, 1]",2,0,0,,0.375,8
4267,9a2c928a-8861-11f1-b2aa-b48c9db4e1b4,13,"[1, 0, 0, 0, 1, 0, 1, 1]",3,0,0,,0.375,8
4268,9a2c928a-8861-11f1-b2aa-b48c9db4e1b4,13,"[1, 0, 0, 0, 1, 0, 1, 1]",4,1,-1,,0.375,8
4269,9a2c928a-8861-11f1-b2aa-b48c9db4e1b4,13,"[1, 0, 0, 0, 1, 0, 1, 1]",5,0,0,,0.375,8
4270,9a2c928a-8861-11f1-b2aa-b48c9db4e1b4,13,"[1, 0, 0, 0, 1, 0, 1, 1]",6,1,-1,,0.375,8
4271,9a2c928a-8861-11f1-b2aa-b48c9db4e1b4,13,"[1, 0, 0, 0, 1, 0, 1, 1]",7,1,-1,,0.375,8
4272,9a2c928a-8861-11f1-b2aa-b48c9db4e1b4,14,"[0, 0, 0, 1, 1, 0, 1, 0]",0,0,0,,0.375,8
4273,9a2c928a-8861-11f1-b2aa-b48c9db4e1b4,14,"[0, 0, 0, 1, 1, 0, 1, 0]",1,0,0,,0.375,8
4274,9a2c928a-8861-11f1-b2aa-b48c9db4e1b4,14,"[0, 0, 0, 1, 1, 0, 1, 0]",2,0,0,,0.375,8
4275,9a2c928a-8861-11f1-b2aa-b48c9db4e1b4,14,"[0, 0, 0, 1, 1, 0, 1, 0]",3,1,1,,0.375,8
4276,9a2c928a-8861-11f1-b2aa-b48c9db4e1b4,14,"[0, 0, 0, 1, 1, 0, 1, 0]",4,1,1,,0.375,8
4277,9a2c928a-8861-11f1-b2aa-b48c9db4e1b4,14,"[0, 0, 0, 1, 1, 0, 1, 0]",5,0,0,,0.375,8
4278,9a2c928a-8861-11f1-b2aa-b48c9db4e1b4,14,"[0, 0, 0, 1, 1, 0, 1, 0]",6,1,1,,0.375,8
4279,9a2c928a-8861-11f1-b2aa-b48c9db4e1b4,14,"[0, 0, 0, 1, 1, 0, 1, 0]",7,0,0,,0.375,8
4280,9a2c928a-8861-11f1-b2aa-b48c9db4e1b4,15,"[1, 0, 1, 0, 1, 0, 0, 0]",0,1,1,,0.375,8
4281,9a2c928a-8861-11f1-b2aa-b48c9db4e1b4,15,"[1, 0, 1, 0, 1, 0, 0, 0]",1,0,0,,0.375,8
4282,9a2c928a-8861-11f1-b2aa-b48c9db4e1b4,15,"[1, 0, 1, 0, 1, 0, 0, 0]",2,1,1,,0.375,8
4283,9a2c928a-8861-11f1-b2aa-b48c9db4e1b4,15,"[1, 0, 1, 0, 1, 0, 0, 0]",3,0,0,,0.375,8
4284,9a2c928a-8861-11f1-b2aa-b48c9db4e1b4,15,"[1, 0, 1, 0, 1, 0, 0, 0]",4,1,1,,0.375,8
4285,9a2c928a-8861-11f1-b2aa-b48c9db4e1b4,15,"[1, 0, 1, 0, 1, 0, 0, 0]",5,0,0,,0.375,8
4286,9a2c928a-8861-11f1-b2aa-b48c9db4e1b4,15,"[1, 0, 1, 0, 1, 0, 0, 0]",6,0,0,,0.375,8
4287,9a2c928a-8861-11f1-b2aa-b48c9db4e1b4,15,"[1, 0, 1, 0, 1, 0, 0, 0]",7,0,0,,0.375,8
4288,9a2c928a-8861-11f1-b2aa-b48c9db4e1b4,16,"[1, 1, 0, 0, 1, 1, 0, 0]",0,1,-1,,0.375,8
4289,9a2c928a-8861-11f1-b2aa-b48c9db4e1b4,16,"[1, 1, 0, 0, 1, 1, 0, 0]",1,1,-1,,0.375,8
4290,9a2c928a-8861-11f1-b2aa-b48c9db4e1b4,16,"[1, 1, 0, 0, 1, 1, 0, 0]",2,0,0,,0.375,8
4291,9a2c928a-8861-11f1-b2aa-b48c9db4e1b4,16,"[1, 1, 0, 0, 1, 1, 0, 0]",3,0,0,,0.375,8
4292,9a2c928a-8861-11f1-b2aa-b48c9db4e1b4,16,"[1, 1, 0, 0, 1, 1, 0, 0]",4,1,-1,,0.375,8
4293,9a2c928a-8861-11f1-b2aa-b48c9db4e1b4,16,"[1, 1, 0, 0, 1, 1, 0, 0]",5,1,-1,,0.375,8
4294,9a2c928a-8861-11f1-b2aa-b48c9db4e1b4,16,"[1, 1, 0, 0, 1, 1, 0, 0]",6,0,0,,0.375,8
4295,9a2c928a-8861-11f1-b2aa-b48c9db4e1b4,16,"[1, 1, 0, 0, 1, 1, 0, 0]",7,0,0,,0.375,8
4296,9a2c928a-8861-11f1-b2aa-b48c9db4e1b4,17,"[1, 0, 1, 1, 1, 0, 0, 0]",0,1,-1,,0.375,8
4297,9a2c928a-8861-11f1-b2aa-b48c9db4e1b4,17,"[1, 0, 1, 1, 1, 0, 0, 0]",1,0,0,,0.375,8
4298,9a2c928a-8861-11f1-b2aa-b48c9db4e1b4,17,"[1, 0, 1, 1, 1, 0, 0, 0]",2,1,-1,,0.375,8
4299,9a2c928a-8861-11f1-b2aa-b48c9db4e1b4,17,"[1, 0, 1, 1, 1, 0, 0, 0]",3,1,-1,,0.375,8
4300,9a2c928a-8861-11f1-b2aa-b48c9db4e1b4,17,"[1, 0, 1, 1, 1, 0, 0, 0]",4,1,-1,,0.375,8
4301,9a2c928a-8861-11f1-b2aa-b48c9db4e1b4,17,"[1, 0, 1, 1, 1, 0, 0, 0]",5,0,0,,0.375,8
4302,9a2c928a-8861-11f1-b2aa-b48c9db4e1b4,17,"[1, 0, 1, 1, 1, 0, 0, 0]",6,0,0,,0.375,8
4303,9a2c928a-8861-11f1-b2aa-b48c9db4e1b4,17,"[1, 0, 1, 1, 1, 0, 0, 0]",7,0,0,,0.375,8
4304,9a2c928a-8861-11f1-b2aa-b48c9db4e1b4,18,"[0, 0, 1, 1, 0, 1, 1, 0]",0,0,0,,0.375,8
4305,9a2c928a-8861-11f1-b2aa-b48c9db4e1b4,18,"[0, 0, 1, 1, 0, 1, 1, 0]",1,0,0,,0.375,8
4306,9a2c928a-8861-11f1-b2aa-b48c9db4e1b4,18,"[0, 0, 1, 1, 0, 1, 1, 0]",2,1,-1,,0.375,8
4307,9a2c928a-8861-11f1-b2aa-b48c9db4e1b4,18,"[0, 0, 1, 1, 0, 1, 1, 0]",3,1,-1,,0.375,8
4308,9a2c928a-8861-11f1-b2aa-b48c9db4e1b4,18,"[0, 0, 1, 1, 0, 1, 1, 0]",4,0,0,,0.375,8
4309,9a2c928a-8861-11f1-b2aa-b48c9db4e1b4,18,"[0, 0, 1, 1, 0, 1, 1, 0]",5,1,-1,,0.375,8
4310,9a2c928a-8861-11f1-b2aa-b48c9db4e1b4,18,"[0, 0, 1, 1, 0, 1, 1, 0]",6,1,-1,,0.375,8
4311,9a2c928a-8861-11f1-b2aa-b48c9db4e1b4,18,"[0, 0, 1, 1, 0, 1, 1, 0]",7,0,0,,0.375,8
4312,9a2c928a-8861-11f1-b2aa-b48c9db4e1b4,19,"[1, 0, 0, 1, 1, 0, 0, 0]",0,1,1,,0.375,8
4313,9a2c928a-8861-11f1-b2aa-b48c9db4e1b4,19,"[1, 0, 0, 1, 1, 0, 0, 0]",1,0,0,,0.375,8
4314,9a2c928a-8861-11f1-b2aa-b48c9db4e1b4,19,"[1, 0, 0, 1, 1, 0, 0, 0]",2,0,0,,0.375,8
4315,9a2c928a-8861-11f1-b2aa-b48c9db4e1b4,19,"[1, 0, 0, 1, 1, 0, 0, 0]",3,1,1,,0.375,8
4316,9a2c928a-8861-11f1-b2aa-b48c9db4e1b4,19,"[1, 0, 0, 1, 1, 0, 0, 0]",4,1,1,,0.375,8
4317,9a2c928a-8861-11f1-b2aa-b48c9db4e1b4,19,"[1, 0, 0, 1, 1, 0, 0, 0]",5,0,0,,0.375,8
4318,9a2c928a-8861-11f1-b2aa-b48c9db4e1b4,19,"[1, 0, 0, 1, 1, 0, 0, 0]",6,0,0,,0.375,8
4319,9a2c928a-8861-11f1-b2aa-b48c9db4e1b4,19,"[1, 0, 0, 1, 1, 0, 0, 0]",7,0,0,,0.375,8
4320,9a2f638d-8861-11f1-9130-b48c9db4e1b4,0,"[1, 0, 1, 1, 0, 0, 0, 0]",0,1,1,,0.375,8
4321,9a2f638d-8861-11f1-9130-b48c9db4e1b4,0,"[1, 0, 1, 1, 0, 0, 0, 0]",1,0,0,,0.375,8
4322,9a2f638d-8861-11f1-9130-b48c9db4e1b4,0,"[1, 0, 1, 1, 0, 0, 0, 0]",2,1,1,,0.375,8
4323,9a2f638d-8861-11f1-9130-b48c9db4e1b4,0,"[1, 0, 1, 1, 0, 0, 0, 0]",3,1,1,,0.375,8
4324,9a2f638d-8861-11f1-9130-b48c9db4e1b4,0,"[1, 0, 1, 1, 0, 0, 0, 0]",4,0,0,,0.375,8
4325,9a2f638d-8861-11f1-9130-b48c9db4e1b4,0,"[1, 0, 1, 1, 0, 0, 0, 0]",5,0,0,,0.375,8
4326,9a2f638d-8861-11f1-9130-b48c9db4e1b4,0,"[1, 0, 1, 1, 0, 0, 0, 0]",6,0,0,,0.375,8
4327,9a2f638d-8861-11f1-9130-b48c9db4e1b4,0,"[1, 0, 1, 1, 0, 0, 0, 0]",7,0,0,,0.375,8
4328,9a2f638d-8861-11f1-9130-b48c9db4e1b4,1,"[0, 1, 0, 0, 1, 0, 1, 0]",0,0,0,,0.375,8
4329,9a2f638d-8861-11f1-9130-b48c9db4e1b4,1,"[0, 1, 0, 0, 1, 0, 1, 0]",1,1,1,,0.375,8
4330,9a2f638d-8861-11f1-9130-b48c9db4e1b4,1,"[0, 1, 0, 0, 1, 0, 1, 0]",2,0,0,,0.375,8
4331,9a2f638d-8861-11f1-9130-b48c9db4e1b4,1,"[0, 1, 0, 0, 1, 0, 1, 0]",3,0,0,,0.375,8
4332,9a2f638d-8861-11f1-9130-b48c9db4e1b4,1,"[0, 1, 0, 0, 1, 0, 1, 0]",4,1,1,,0.375,8
4333,9a2f638d-8861-11f1-9130-b48c9db4e1b4,1,"[0, 1, 0, 0, 1, 0, 1, 0]",5,0,0,,0.375,8
4334,9a2f638d-8861-11f1-9130-b48c9db4e1b4,1,"[0, 1, 0, 0, 1, 0, 1, 0]",6,1,1,,0.375,8
4335,9a2f638d-8861-11f1-9130-b48c9db4e1b4,1,"[0, 1, 0, 0, 1, 0, 1, 0]",7,0,0,,0.375,8
4336,9a2f638d-8861-11f1-9130-b48c9db4e1b4,2,"[1, 1, 1, 0, 0, 1, 0, 1]",0,1,-1,,0.375,8
4337,9a2f638d-8861-11f1-9130-b48c9db4e1b4,2,"[1, 1, 1, 0, 0, 1, 0, 1]",1,1,-1,,0.375,8
4338,9a2f638d-8861-11f1-9130-b48c9db4e1b4,2,"[1, 1, 1, 0, 0, 1, 0, 1]",2,1,-1,,0.375,8
4339,9a2f638d-8861-11f1-9130-b48c9db4e1b4,2,"[1, 1, 1, 0, 0, 1, 0, 1]",3,0,0,,0.375,8
4340,9a2f638d-8861-11f1-9130-b48c9db4e1b4,2,"[1, 1, 1, 0, 0, 1, 0, 1]",4,0,0,,0.375,8
4341,9a2f638d-8861-11f1-9130-b48c9db4e1b4,2,"[1, 1, 1, 0, 0, 1, 0, 1]",5,1,-1,,0.375,8
4342,9a2f638d-8861-11f1-9130-b48c9db4e1b4,2,"[1, 1, 1, 0, 0, 1, 0, 1]",6,0,0,,0.375,8
4343,9a2f638d-8861-11f1-9130-b48c9db4e1b4,2,"[1, 1, 1, 0, 0, 1, 0, 1]",7,1,-1,,0.375,8
4344,9a2f638d-8861-11f1-9130-b48c9db4e1b4,3,"[1, 0, 1, 1, 0, 0, 0, 0]",0,1,1,,0.375,8
4345,9a2f638d-8861-11f1-9130-b48c9db4e1b4,3,"[1, 0, 1, 1, 0, 0, 0, 0]",1,0,0,,0.375,8
4346,9a2f638d-8861-11f1-9130-b48c9db4e1b4,3,"[1, 0, 1, 1, 0, 0, 0, 0]",2,1,1,,0.375,8
4347,9a2f638d-8861-11f1-9130-b48c9db4e1b4,3,"[1, 0, 1, 1, 0, 0, 0, 0]",3,1,1,,0.375,8
4348,9a2f638d-8861-11f1-9130-b48c9db4e1b4,3,"[1, 0, 1, 1, 0, 0, 0, 0]",4,0,0,,0.375,8
4349,9a2f638d-8861-11f1-9130-b48c9db4e1b4,3,"[1, 0, 1, 1, 0, 0, 0, 0]",5,0,0,,0.375,8
4350,9a2f638d-8861-11f1-9130-b48c9db4e1b4,3,"[1, 0, 1, 1, 0, 0, 0, 0]",6,0,0,,0.375,8
4351,9a2f638d-8861-11f1-9130-b48c9db4e1b4,3,"[1, 0, 1, 1, 0, 0, 0, 0]",7,0,0,,0.375,8
4352,9a2f638d-8861-11f1-9130-b48c9db4e1b4,4,"[1, 1, 0, 0, 0, 0, 1, 0]",0,1,1,,0.375,8
4353,9a2f638d-8861-11f1-9130-b48c9db4e1b4,4,"[1, 1, 0, 0, 0, 0, 1, 0]",1,1,1,,0.375,8
4354,9a2f638d-8861-11f1-9130-b48c9db4e1b4,4,"[1, 1, 0, 0, 0, 0, 1, 0]",2,0,0,,0.375,8
4355,9a2f638d-8861-11f1-9130-b48c9db4e1b4,4,"[1, 1, 0, 0, 0, 0, 1, 0]",3,0,0,,0.375,8
4356,9a2f638d-8861-11f1-9130-b48c9db4e1b4,4,"[1, 1, 0, 0, 0, 0, 1, 0]",4,0,0,,0.375,8
4357,9a2f638d-8861-11f1-9130-b48c9db4e1b4,4,"[1, 1, 0, 0, 0, 0, 1, 0]",5,0,0,,0.375,8
4358,9a2f638d-8861-11f1-9130-b48c9db4e1b4,4,"[1, 1, 0, 0, 0, 0, 1, 0]",6,1,1,,0.375,8
4359,9a2f638d-8861-11f1-9130-b48c9db4e1b4,4,"[1, 1, 0, 0, 0, 0, 1, 0]",7,0,0,,0.375,8
4360,9a2f638d-8861-11f1-9130-b48c9db4e1b4,5,"[0, 1, 1, 0, 0, 0, 0, 0]",0,0,0,,0.375,8
4361,9a2f638d-8861-11f1-9130-b48c9db4e1b4,5,"[0, 1, 1, 0, 0, 0, 0, 0]",1,1,1,,0.375,8
4362,9a2f638d-8861-11f1-9130-b48c9db4e1b4,5,"[0, 1, 1, 0, 0, 0, 0, 0]",2,1,1,,0.375,8
4363,9a2f638d-8861-11f1-9130-b48c9db4e1b4,5,"[0, 1, 1, 0, 0, 0, 0, 0]",3,0,0,,0.375,8
4364,9a2f638d-8861-11f1-9130-b48c9db4e1b4,5,"[0, 1, 1, 0, 0, 0, 0, 0]",4,0,0,,0.375,8
4365,9a2f638d-8861-11f1-9130-b48c9db4e1b4,5,"[0, 1, 1, 0, 0, 0, 0, 0]",5,0,0,,0.375,8
4366,9a2f638d-8861-11f1-9130-b48c9db4e1b4,5,"[0, 1, 1, 0, 0, 0, 0, 0]",6,0,0,,0.375,8
4367,9a2f638d-8861-11f1-9130-b48c9db4e1b4,5,"[0, 1, 1, 0, 0, 0, 0, 0]",7,0,0,,0.375,8
4368,9a2f638d-8861-11f1-9130-b48c9db4e1b4,6,"[1, 1, 0, 1, 0, 0, 0, 1]",0,1,-1,,0.375,8
4369,9a2f638d-8861-11f1-9130-b48c9db4e1b4,6,"[1, 1, 0, 1, 0, 0, 0, 1]",1,1,-1,,0.375,8
4370,9a2f638d-8861-11f1-9130-b48c9db4e1b4,6,"[1, 1, 0, 1, 0, 0, 0, 1]",2,0,0,,0.375,8
4371,9a2f638d-8861-11f1-9130-b48c9db4e1b4,6,"[1, 1, 0, 1, 0, 0, 0, 1]",3,1,-1,,0.375,8
4372,9a2f638d-8861-11f1-9130-b48c9db4e1b4,6,"[1, 1, 0, 1, 0, 0, 0, 1]",4,0,0,,0.375,8
4373,9a2f638d-8861-11f1-9130-b48c9db4e1b4,6,"[1, 1, 0, 1, 0, 0, 0, 1]",5,0,0,,0.375,8
4374,9a2f638d-8861-11f1-9130-b48c9db4e1b4,6,"[1, 1, 0, 1, 0, 0, 0, 1]",6,0,0,,0.375,8
4375,9a2f638d-8861-11f1-9130-b48c9db4e1b4,6,"[1, 1, 0, 1, 0, 0, 0, 1]",7,1,-1,,0.375,8
4376,9a2f638d-8861-11f1-9130-b48c9db4e1b4,7,"[1, 0, 0, 0, 1, 0, 0, 1]",0,1,1,,0.375,8
4377,9a2f638d-8861-11f1-9130-b48c9db4e1b4,7,"[1, 0, 0, 0, 1, 0, 0, 1]",1,0,0,,0.375,8
4378,9a2f638d-8861-11f1-9130-b48c9db4e1b4,7,"[1, 0, 0, 0, 1, 0, 0, 1]",2,0,0,,0.375,8
4379,9a2f638d-8861-11f1-9130-b48c9db4e1b4,7,"[1, 0, 0, 0, 1, 0, 0, 1]",3,0,0,,0.375,8
4380,9a2f638d-8861-11f1-9130-b48c9db4e1b4,7,"[1, 0, 0, 0, 1, 0, 0, 1]",4,1,1,,0.375,8
4381,9a2f638d-8861-11f1-9130-b48c9db4e1b4,7,"[1, 0, 0, 0, 1, 0, 0, 1]",5,0,0,,0.375,8
4382,9a2f638d-8861-11f1-9130-b48c9db4e1b4,7,"[1, 0, 0, 0, 1, 0, 0, 1]",6,0,0,,0.375,8
4383,9a2f638d-8861-11f1-9130-b48c9db4e1b4,7,"[1, 0, 0, 0, 1, 0, 0, 1]",7,1,1,,0.375,8
4384,9a2f638d-8861-11f1-9130-b48c9db4e1b4,8,"[0, 1, 0, 1, 1, 0, 1, 0]",0,0,0,,0.375,8
4385,9a2f638d-8861-11f1-9130-b48c9db4e1b4,8,"[0, 1, 0, 1, 1, 0, 1, 0]",1,1,-1,,0.375,8
4386,9a2f638d-8861-11f1-9130-b48c9db4e1b4,8,"[0, 1, 0, 1, 1, 0, 1, 0]",2,0,0,,0.375,8
4387,9a2f638d-8861-11f1-9130-b48c9db4e1b4,8,"[0, 1, 0, 1, 1, 0, 1, 0]",3,1,-1,,0.375,8
4388,9a2f638d-8861-11f1-9130-b48c9db4e1b4,8,"[0, 1, 0, 1, 1, 0, 1, 0]",4,1,-1,,0.375,8
4389,9a2f638d-8861-11f1-9130-b48c9db4e1b4,8,"[0, 1, 0, 1, 1, 0, 1, 0]",5,0,0,,0.375,8
4390,9a2f638d-8861-11f1-9130-b48c9db4e1b4,8,"[0, 1, 0, 1, 1, 0, 1, 0]",6,1,-1,,0.375,8
4391,9a2f638d-8861-11f1-9130-b48c9db4e1b4,8,"[0, 1, 0, 1, 1, 0, 1, 0]",7,0,0,,0.375,8
4392,9a2f638d-8861-11f1-9130-b48c9db4e1b4,9,"[1, 1, 0, 1, 1, 0, 1, 1]",0,1,-1,,0.375,8
4393,9a2f638d-8861-11f1-9130-b48c9db4e1b4,9,"[1, 1, 0, 1, 1, 0, 1, 1]",1,1,-1,,0.375,8
4394,9a2f638d-8861-11f1-9130-b48c9db4e1b4,9,"[1, 1, 0, 1, 1, 0, 1, 1]",2,0,0,,0.375,8
4395,9a2f638d-8861-11f1-9130-b48c9db4e1b4,9,"[1, 1, 0, 1, 1, 0, 1, 1]",3,1,-1,,0.375,8
4396,9a2f638d-8861-11f1-9130-b48c9db4e1b4,9,"[1, 1, 0, 1, 1, 0, 1, 1]",4,1,-1,,0.375,8
4397,9a2f638d-8861-11f1-9130-b48c9db4e1b4,9,"[1, 1, 0, 1, 1, 0, 1, 1]",5,0,0,,0.375,8
4398,9a2f638d-8861-11f1-9130-b48c9db4e1b4,9,"[1, 1, 0, 1, 1, 0, 1, 1]",6,1,-1,,0.375,8
4399,9a2f638d-8861-11f1-9130-b48c9db4e1b4,9,"[1, 1, 0, 1, 1, 0, 1, 1]",7,1,-1,,0.375,8
4400,9a2f638d-8861-11f1-9130-b48c9db4e1b4,10,"[0, 0, 0, 1, 0, 1, 0, 1]",0,0,0,,0.375,8
4401,9a2f638d-8861-11f1-9130-b48c9db4e1b4,10,"[0, 0, 0, 1, 0, 1, 0, 1]",1,0,0,,0.375,8
4402,9a2f638d-8861-11f1-9130-b48c9db4e1b4,10,"[0, 0, 0, 1, 0, 1, 0, 1]",2,0,0,,0.375,8
4403,9a2f638d-8861-11f1-9130-b48c9db4e1b4,10,"[0, 0, 0, 1, 0, 1, 0, 1]",3,1,1,,0.375,8
4404,9a2f638d-8861-11f1-9130-b48c9db4e1b4,10,"[0, 0, 0, 1, 0, 1, 0, 1]",4,0,0,,0.375,8
4405,9a2f638d-8861-11f1-9130-b48c9db4e1b4,10,"[0, 0, 0, 1, 0, 1, 0, 1]",5,1,1,,0.375,8
4406,9a2f638d-8861-11f1-9130-b48c9db4e1b4,10,"[0, 0, 0, 1, 0, 1, 0, 1]",6,0,0,,0.375,8
4407,9a2f638d-8861-11f1-9130-b48c9db4e1b4,10,"[0, 0, 0, 1, 0, 1, 0, 1]",7,1,1,,0.375,8
4408,9a2f638d-8861-11f1-9130-b48c9db4e1b4,11,"[1, 1, 1, 0, 1, 1, 1, 0]",0,1,-1,,0.375,8
4409,9a2f638d-8861-11f1-9130-b48c9db4e1b4,11,"[1, 1, 1, 0, 1, 1, 1, 0]",1,1,-1,,0.375,8
4410,9a2f638d-8861-11f1-9130-b48c9db4e1b4,11,"[1, 1, 1, 0, 1, 1, 1, 0]",2,1,-1,,0.375,8
4411,9a2f638d-8861-11f1-9130-b48c9db4e1b4,11,"[1, 1, 1, 0, 1, 1, 1, 0]",3,0,0,,0.375,8
4412,9a2f638d-8861-11f1-9130-b48c9db4e1b4,11,"[1, 1, 1, 0, 1, 1, 1, 0]",4,1,-1,,0.375,8
4413,9a2f638d-8861-11f1-9130-b48c9db4e1b4,11,"[1, 1, 1, 0, 1, 1, 1, 0]",5,1,-1,,0.375,8
4414,9a2f638d-8861-11f1-9130-b48c9db4e1b4,11,"[1, 1, 1, 0, 1, 1, 1, 0]",6,1,-1,,0.375,8
4415,9a2f638d-8861-11f1-9130-b48c9db4e1b4,11,"[1, 1, 1, 0, 1, 1, 1, 0]",7,0,0,,0.375,8
4416,9a2f638d-8861-11f1-9130-b48c9db4e1b4,12,"[1, 1, 0, 1, 0, 0, 0, 0]",0,1,1,,0.375,8
4417,9a2f638d-8861-11f1-9130-b48c9db4e1b4,12,"[1, 1, 0, 1, 0, 0, 0, 0]",1,1,1,,0.375,8
4418,9a2f638d-8861-11f1-9130-b48c9db4e1b4,12,"[1, 1, 0, 1, 0, 0, 0, 0]",2,0,0,,0.375,8
4419,9a2f638d-8861-11f1-9130-b48c9db4e1b4,12,"[1, 1, 0, 1, 0, 0, 0, 0]",3,1,1,,0.375,8
4420,9a2f638d-8861-11f1-9130-b48c9db4e1b4,12,"[1, 1, 0, 1, 0, 0, 0, 0]",4,0,0,,0.375,8
4421,9a2f638d-8861-11f1-9130-b48c9db4e1b4,12,"[1, 1, 0, 1, 0, 0, 0, 0]",5,0,0,,0.375,8
4422,9a2f638d-8861-11f1-9130-b48c9db4e1b4,12,"[1, 1, 0, 1, 0, 0, 0, 0]",6,0,0,,0.375,8
4423,9a2f638d-8861-11f1-9130-b48c9db4e1b4,12,"[1, 1, 0, 1, 0, 0, 0, 0]",7,0,0,,0.375,8
4424,9a2f638d-8861-11f1-9130-b48c9db4e1b4,13,"[0, 0, 1, 1, 0, 0, 1, 1]",0,0,0,,0.375,8
4425,9a2f638d-8861-11f1-9130-b48c9db4e1b4,13,"[0, 0, 1, 1, 0, 0, 1, 1]",1,0,0,,0.375,8
4426,9a2f638d-8861-11f1-9130-b48c9db4e1b4,13,"[0, 0, 1, 1, 0, 0, 1, 1]",2,1,-1,,0.375,8
4427,9a2f638d-8861-11f1-9130-b48c9db4e1b4,13,"[0, 0, 1, 1, 0, 0, 1, 1]",3,1,-1,,0.375,8
4428,9a2f638d-8861-11f1-9130-b48c9db4e1b4,13,"[0, 0, 1, 1, 0, 0, 1, 1]",4,0,0,,0.375,8
4429,9a2f638d-8861-11f1-9130-b48c9db4e1b4,13,"[0, 0, 1, 1, 0, 0, 1, 1]",5,0,0,,0.375,8
4430,9a2f638d-8861-11f1-9130-b48c9db4e1b4,13,"[0, 0, 1, 1, 0, 0, 1, 1]",6,1,-1,,0.375,8
4431,9a2f638d-8861-11f1-9130-b48c9db4e1b4,13,"[0, 0, 1, 1, 0, 0, 1, 1]",7,1,-1,,0.375,8
4432,9a2f638d-8861-11f1-9130-b48c9db4e1b4,14,"[0, 1, 0, 1, 1, 1, 0, 0]",0,0,0,,0.375,8
4433,9a2f638d-8861-11f1-9130-b48c9db4e1b4,14,"[0, 1, 0, 1, 1, 1, 0, 0]",1,1,-1,,0.375,8
4434,9a2f638d-8861-11f1-9130-b48c9db4e1b4,14,"[0, 1, 0, 1, 1, 1, 0, 0]",2,0,0,,0.375,8
4435,9a2f638d-8861-11f1-9130-b48c9db4e1b4,14,"[0, 1, 0, 1, 1, 1, 0, 0]",3,1,-1,,0.375,8
4436,9a2f638d-8861-11f1-9130-b48c9db4e1b4,14,"[0, 1, 0, 1, 1, 1, 0, 0]",4,1,-1,,0.375,8
4437,9a2f638d-8861-11f1-9130-b48c9db4e1b4,14,"[0, 1, 0, 1, 1, 1, 0, 0]",5,1,-1,,0.375,8
4438,9a2f638d-8861-11f1-9130-b48c9db4e1b4,14,"[0, 1, 0, 1, 1, 1, 0, 0]",6,0,0,,0.375,8
4439,9a2f638d-8861-11f1-9130-b48c9db4e1b4,14,"[0, 1, 0, 1, 1, 1, 0, 0]",7,0,0,,0.375,8
4440,9a2f638d-8861-11f1-9130-b48c9db4e1b4,15,"[1, 1, 0, 1, 1, 1, 1, 1]",0,1,-1,,0.375,8
4441,9a2f638d-8861-11f1-9130-b48c9db4e1b4,15,"[1, 1, 0, 1, 1, 1, 1, 1]",1,1,-1,,0.375,8
4442,9a2f638d-8861-11f1-9130-b48c9db4e1b4,15,"[1, 1, 0, 1, 1, 1, 1, 1]",2,0,0,,0.375,8
4443,9a2f638d-8861-11f1-9130-b48c9db4e1b4,15,"[1, 1, 0, 1, 1, 1, 1, 1]",3,1,-1,,0.375,8
4444,9a2f638d-8861-11f1-9130-b48c9db4e1b4,15,"[1, 1, 0, 1, 1, 1, 1, 1]",4,1,-1,,0.375,8
4445,9a2f638d-8861-11f1-9130-b48c9db4e1b4,15,"[1, 1, 0, 1, 1, 1, 1, 1]",5,1,-1,,0.375,8
4446,9a2f638d-8861-11f1-9130-b48c9db4e1b4,15,"[1, 1, 0, 1, 1, 1, 1, 1]",6,1,-1,,0.375,8
4447,9a2f638d-8861-11f1-9130-b48c9db4e1b4,15,"[1, 1, 0, 1, 1, 1, 1, 1]",7,1,-1,,0.375,8
4448,9a2f638d-8861-11f1-9130-b48c9db4e1b4,16,"[1, 0, 0, 0, 0, 1, 1, 1]",0,1,-1,,0.375,8
4449,9a2f638d-8861-11f1-9130-b48c9db4e1b4,16,"[1, 0, 0, 0, 0, 1, 1, 1]",1,0,0,,0.375,8
4450,9a2f638d-8861-11f1-9130-b48c9db4e1b4,16,"[1, 0, 0, 0, 0, 1, 1, 1]",2,0,0,,0.375,8
4451,9a2f638d-8861-11f1-9130-b48c9db4e1b4,16,"[1, 0, 0, 0, 0, 1, 1, 1]",3,0,0,,0.375,8
4452,9a2f638d-8861-11f1-9130-b48c9db4e1b4,16,"[1, 0, 0, 0, 0, 1, 1, 1]",4,0,0,,0.375,8
4453,9a2f638d-8861-11f1-9130-b48c9db4e1b4,16,"[1, 0, 0, 0, 0, 1, 1, 1]",5,1,-1,,0.375,8
4454,9a2f638d-8861-11f1-9130-b48c9db4e1b4,16,"[1, 0, 0, 0, 0, 1, 1, 1]",6,1,-1,,0.375,8
4455,9a2f638d-8861-11f1-9130-b48c9db4e1b4,16,"[1, 0, 0, 0, 0, 1, 1, 1]",7,1,-1,,0.375,8
4456,9a2f638d-8861-11f1-9130-b48c9db4e1b4,17,"[0, 1, 1, 1, 0, 1, 0, 1]",0,0,0,,0.375,8
4457,9a2f638d-8861-11f1-9130-b48c9db4e1b4,17,"[0, 1, 1, 1, 0, 1, 0, 1]",1,1,-1,,0.375,8
4458,9a2f638d-8861-11f1-9130-b48c9db4e1b4,17,"[0, 1, 1, 1, 0, 1, 0, 1]",2,1,-1,,0.375,8
4459,9a2f638d-8861-11f1-9130-b48c9db4e1b4,17,"[0, 1, 1, 1, 0, 1, 0, 1]",3,1,-1,,0.375,8
4460,9a2f638d-8861-11f1-9130-b48c9db4e1b4,17,"[0, 1, 1, 1, 0, 1, 0, 1]",4,0,0,,0.375,8
4461,9a2f638d-8861-11f1-9130-b48c9db4e1b4,17,"[0, 1, 1, 1, 0, 1, 0, 1]",5,1,-1,,0.375,8
4462,9a2f638d-8861-11f1-9130-b48c9db4e1b4,17,"[0, 1, 1, 1, 0, 1, 0, 1]",6,0,0,,0.375,8
4463,9a2f638d-8861-11f1-9130-b48c9db4e1b4,17,"[0, 1, 1, 1, 0, 1, 0, 1]",7,1,-1,,0.375,8
4464,9a2f638d-8861-11f1-9130-b48c9db4e1b4,18,"[1, 0, 0, 0, 0, 1, 0, 1]",0,1,1,,0.375,8
4465,9a2f638d-8861-11f1-9130-b48c9db4e1b4,18,"[1, 0, 0, 0, 0, 1, 0, 1]",1,0,0,,0.375,8
4466,9a2f638d-8861-11f1-9130-b48c9db4e1b4,18,"[1, 0, 0, 0, 0, 1, 0, 1]",2,0,0,,0.375,8
4467,9a2f638d-8861-11f1-9130-b48c9db4e1b4,18,"[1, 0, 0, 0, 0, 1, 0, 1]",3,0,0,,0.375,8
4468,9a2f638d-8861-11f1-9130-b48c9db4e1b4,18,"[1, 0, 0, 0, 0, 1, 0, 1]",4,0,0,,0.375,8
4469,9a2f638d-8861-11f1-9130-b48c9db4e1b4,18,"[1, 0, 0, 0, 0, 1, 0, 1]",5,1,1,,0.375,8
4470,9a2f638d-8861-11f1-9130-b48c9db4e1b4,18,"[1, 0, 0, 0, 0, 1, 0, 1]",6,0,0,,0.375,8
4471,9a2f638d-8861-11f1-9130-b48c9db4e1b4,18,"[1, 0, 0, 0, 0, 1, 0, 1]",7,1,1,,0.375,8
4472,9a2f638d-8861-11f1-9130-b48c9db4e1b4,19,"[0, 1, 1, 1, 1, 1, 0, 0]",0,0,0,,0.375,8
4473,9a2f638d-8861-11f1-9130-b48c9db4e1b4,19,"[0, 1, 1, 1, 1, 1, 0, 0]",1,1,-1,,0.375,8
4474,9a2f638d-8861-11f1-9130-b48c9db4e1b4,19,"[0, 1, 1, 1, 1, 1, 0, 0]",2,1,-1,,0.375,8
4475,9a2f638d-8861-11f1-9130-b48c9db4e1b4,19,"[0, 1, 1, 1, 1, 1, 0, 0]",3,1,-1,,0.375,8
4476,9a2f638d-8861-11f1-9130-b48c9db4e1b4,19,"[0, 1, 1, 1, 1, 1, 0, 0]",4,1,-1,,0.375,8
4477,9a2f638d-8861-11f1-9130-b48c9db4e1b4,19,"[0, 1, 1, 1, 1, 1, 0, 0]",5,1,-1,,0.375,8
4478,9a2f638d-8861-11f1-9130-b48c9db4e1b4,19,"[0, 1, 1, 1, 1, 1, 0, 0]",6,0,0,,0.375,8
4479,9a2f638d-8861-11f1-9130-b48c9db4e1b4,19,"[0, 1, 1, 1, 1, 1, 0, 0]",7,0,0,,0.375,8
4480,9a323cf1-8861-11f1-87f9-b48c9db4e1b4,0,"[0, 0, 1, 0, 0, 1, 1, 0]",0,0,0,,0.375,8
4481,9a323cf1-8861-11f1-87f9-b48c9db4e1b4,0,"[0, 0, 1, 0, 0, 1, 1, 0]",1,0,0,,0.375,8
4482,9a323cf1-8861-11f1-87f9-b48c9db4e1b4,0,"[0, 0, 1, 0, 0, 1, 1, 0]",2,1,1,,0.375,8
4483,9a323cf1-8861-11f1-87f9-b48c9db4e1b4,0,"[0, 0, 1, 0, 0, 1, 1, 0]",3,0,0,,0.375,8
4484,9a323cf1-8861-11f1-87f9-b48c9db4e1b4,0,"[0, 0, 1, 0, 0, 1, 1, 0]",4,0,0,,0.375,8
4485,9a323cf1-8861-11f1-87f9-b48c9db4e1b4,0,"[0, 0, 1, 0, 0, 1, 1, 0]",5,1,1,,0.375,8
4486,9a323cf1-8861-11f1-87f9-b48c9db4e1b4,0,"[0, 0, 1, 0, 0, 1, 1, 0]",6,1,1,,0.375,8
4487,9a323cf1-8861-11f1-87f9-b48c9db4e1b4,0,"[0, 0, 1, 0, 0, 1, 1, 0]",7,0,0,,0.375,8
4488,9a323cf1-8861-11f1-87f9-b48c9db4e1b4,1,"[1, 1, 1, 1, 1, 0, 1, 1]",0,1,-1,,0.375,8
4489,9a323cf1-8861-11f1-87f9-b48c9db4e1b4,1,"[1, 1, 1, 1, 1, 0, 1, 1]",1,1,-1,,0.375,8
4490,9a323cf1-8861-11f1-87f9-b48c9db4e1b4,1,"[1, 1, 1, 1, 1, 0, 1, 1]",2,1,-1,,0.375,8
4491,9a323cf1-8861-11f1-87f9-b48c9db4e1b4,1,"[1, 1, 1, 1, 1, 0, 1, 1]",3,1,-1,,0.375,8
4492,9a323cf1-8861-11f1-87f9-b48c9db4e1b4,1,"[1, 1, 1, 1, 1, 0, 1, 1]",4,1,-1,,0.375,8
4493,9a323cf1-8861-11f1-87f9-b48c9db4e1b4,1,"[1, 1, 1, 1, 1, 0, 1, 1]",5,0,0,,0.375,8
4494,9a323cf1-8861-11f1-87f9-b48c9db4e1b4,1,"[1, 1, 1, 1, 1, 0, 1, 1]",6,1,-1,,0.375,8
4495,9a323cf1-8861-11f1-87f9-b48c9db4e1b4,1,"[1, 1, 1, 1, 1, 0, 1, 1]",7,1,-1,,0.375,8
4496,9a323cf1-8861-11f1-87f9-b48c9db4e1b4,2,"[0, 0, 0, 1, 1, 1, 0, 1]",0,0,0,,0.375,8
4497,9a323cf1-8861-11f1-87f9-b48c9db4e1b4,2,"[0, 0, 0, 1, 1, 1, 0, 1]",1,0,0,,0.375,8
4498,9a323cf1-8861-11f1-87f9-b48c9db4e1b4,2,"[0, 0, 0, 1, 1, 1, 0, 1]",2,0,0,,0.375,8
4499,9a323cf1-8861-11f1-87f9-b48c9db4e1b4,2,"[0, 0, 0, 1, 1, 1, 0, 1]",3,1,-1,,0.375,8
4500,9a323cf1-8861-11f1-87f9-b48c9db4e1b4,2,"[0, 0, 0, 1, 1, 1, 0, 1]",4,1,-1,,0.375,8
4501,9a323cf1-8861-11f1-87f9-b48c9db4e1b4,2,"[0, 0, 0, 1, 1, 1, 0, 1]",5,1,-1,,0.375,8
4502,9a323cf1-8861-11f1-87f9-b48c9db4e1b4,2,"[0, 0, 0, 1, 1, 1, 0, 1]",6,0,0,,0.375,8
4503,9a323cf1-8861-11f1-87f9-b48c9db4e1b4,2,"[0, 0, 0, 1, 1, 1, 0, 1]",7,1,-1,,0.375,8
4504,9a323cf1-8861-11f1-87f9-b48c9db4e1b4,3,"[0, 0, 1, 0, 1, 1, 1, 0]",0,0,0,,0.375,8
4505,9a323cf1-8861-11f1-87f9-b48c9db4e1b4,3,"[0, 0, 1, 0, 1, 1, 1, 0]",1,0,0,,0.375,8
4506,9a323cf1-8861-11f1-87f9-b48c9db4e1b4,3,"[0, 0, 1, 0, 1, 1, 1, 0]",2,1,-1,,0.375,8
4507,9a323cf1-8861-11f1-87f9-b48c9db4e1b4,3,"[0, 0, 1, 0, 1, 1, 1, 0]",3,0,0,,0.375,8
4508,9a323cf1-8861-11f1-87f9-b48c9db4e1b4,3,"[0, 0, 1, 0, 1, 1, 1, 0]",4,1,-1,,0.375,8
4509,9a323cf1-8861-11f1-87f9-b48c9db4e1b4,3,"[0, 0, 1, 0, 1, 1, 1, 0]",5,1,-1,,0.375,8
4510,9a323cf1-8861-11f1-87f9-b48c9db4e1b4,3,"[0, 0, 1, 0, 1, 1, 1, 0]",6,1,-1,,0.375,8
4511,9a323cf1-8861-11f1-87f9-b48c9db4e1b4,3,"[0, 0, 1, 0, 1, 1, 1, 0]",7,0,0,,0.375,8
4512,9a323cf1-8861-11f1-87f9-b48c9db4e1b4,4,"[0, 1, 0, 0, 1, 1, 0, 0]",0,0,0,,0.375,8
4513,9a323cf1-8861-11f1-87f9-b48c9db4e1b4,4,"[0, 1, 0, 0, 1, 1, 0, 0]",1,1,1,,0.375,8
4514,9a323cf1-8861-11f1-87f9-b48c9db4e1b4,4,"[0, 1, 0, 0, 1, 1, 0, 0]",2,0,0,,0.375,8
4515,9a323cf1-8861-11f1-87f9-b48c9db4e1b4,4,"[0, 1, 0, 0, 1, 1, 0, 0]",3,0,0,,0.375,8
4516,9a323cf1-8861-11f1-87f9-b48c9db4e1b4,4,"[0, 1, 0, 0, 1, 1, 0, 0]",4,1,1,,0.375,8
4517,9a323cf1-8861-11f1-87f9-b48c9db4e1b4,4,"[0, 1, 0, 0, 1, 1, 0, 0]",5,1,1,,0.375,8
4518,9a323cf1-8861-11f1-87f9-b48c9db4e1b4,4,"[0, 1, 0, 0, 1, 1, 0, 0]",6,0,0,,0.375,8
4519,9a323cf1-8861-11f1-87f9-b48c9db4e1b4,4,"[0, 1, 0, 0, 1, 1, 0, 0]",7,0,0,,0.375,8
4520,9a323cf1-8861-11f1-87f9-b48c9db4e1b4,5,"[0, 1, 0, 0, 1, 0, 0, 0]",0,0,0,,0.375,8
4521,9a323cf1-8861-11f1-87f9-b48c9db4e1b4,5,"[0, 1, 0, 0, 1, 0, 0, 0]",1,1,1,,0.375,8
4522,9a323cf1-8861-11f1-87f9-b48c9db4e1b4,5,"[0, 1, 0, 0, 1, 0, 0, 0]",2,0,0,,0.375,8
4523,9a323cf1-8861-11f1-87f9-b48c9db4e1b4,5,"[0, 1, 0, 0, 1, 0, 0, 0]",3,0,0,,0.375,8
4524,9a323cf1-8861-11f1-87f9-b48c9db4e1b4,5,"[0, 1, 0, 0, 1, 0, 0, 0]",4,1,1,,0.375,8
4525,9a323cf1-8861-11f1-87f9-b48c9db4e1b4,5,"[0, 1, 0, 0, 1, 0, 0, 0]",5,0,0,,0.375,8
4526,9a323cf1-8861-11f1-87f9-b48c9db4e1b4,5,"[0, 1, 0, 0, 1, 0, 0, 0]",6,0,0,,0.375,8
4527,9a323cf1-8861-11f1-87f9-b48c9db4e1b4,5,"[0, 1, 0, 0, 1, 0, 0, 0]",7,0,0,,0.375,8
4528,9a323cf1-8861-11f1-87f9-b48c9db4e1b4,6,"[0, 0, 0, 0, 1, 0, 0, 0]",0,0,0,,0.375,8
4529,9a323cf1-8861-11f1-87f9-b48c9db4e1b4,6,"[0, 0, 0, 0, 1, 0, 0, 0]",1,0,0,,0.375,8
4530,9a323cf1-8861-11f1-87f9-b48c9db4e1b4,6,"[0, 0, 0, 0, 1, 0, 0, 0]",2,0,0,,0.375,8
4531,9a323cf1-8861-11f1-87f9-b48c9db4e1b4,6,"[0, 0, 0, 0, 1, 0, 0, 0]",3,0,0,,0.375,8
4532,9a323cf1-8861-11f1-87f9-b48c9db4e1b4,6,"[0, 0, 0, 0, 1, 0, 0, 0]",4,1,1,,0.375,8
4533,9a323cf1-8861-11f1-87f9-b48c9db4e1b4,6,"[0, 0, 0, 0, 1, 0, 0, 0]",5,0,0,,0.375,8
4534,9a323cf1-8861-11f1-87f9-b48c9db4e1b4,6,"[0, 0, 0, 0, 1, 0, 0, 0]",6,0,0,,0.375,8
4535,9a323cf1-8861-11f1-87f9-b48c9db4e1b4,6,"[0, 0, 0, 0, 1, 0, 0, 0]",7,0,0,,0.375,8
4536,9a323cf1-8861-11f1-87f9-b48c9db4e1b4,7,"[1, 1, 0, 0, 1, 0, 0, 1]",0,1,-1,,0.375,8
4537,9a323cf1-8861-11f1-87f9-b48c9db4e1b4,7,"[1, 1, 0, 0, 1, 0, 0, 1]",1,1,-1,,0.375,8
4538,9a323cf1-8861-11f1-87f9-b48c9db4e1b4,7,"[1, 1, 0, 0, 1, 0, 0, 1]",2,0,0,,0.375,8
4539,9a323cf1-8861-11f1-87f9-b48c9db4e1b4,7,"[1, 1, 0, 0, 1, 0, 0, 1]",3,0,0,,0.375,8
4540,9a323cf1-8861-11f1-87f9-b48c9db4e1b4,7,"[1, 1, 0, 0, 1, 0, 0, 1]",4,1,-1,,0.375,8
4541,9a323cf1-8861-11f1-87f9-b48c9db4e1b4,7,"[1, 1, 0, 0, 1, 0, 0, 1]",5,0,0,,0.375,8
4542,9a323cf1-8861-11f1-87f9-b48c9db4e1b4,7,"[1, 1, 0, 0, 1, 0, 0, 1]",6,0,0,,0.375,8
4543,9a323cf1-8861-11f1-87f9-b48c9db4e1b4,7,"[1, 1, 0, 0, 1, 0, 0, 1]",7,1,-1,,0.375,8
4544,9a323cf1-8861-11f1-87f9-b48c9db4e1b4,8,"[1, 0, 0, 0, 1, 0, 1, 1]",0,1,-1,,0.375,8
4545,9a323cf1-8861-11f1-87f9-b48c9db4e1b4,8,"[1, 0, 0, 0, 1, 0, 1, 1]",1,0,0,,0.375,8
4546,9a323cf1-8861-11f1-87f9-b48c9db4e1b4,8,"[1, 0, 0, 0, 1, 0, 1, 1]",2,0,0,,0.375,8
4547,9a323cf1-8861-11f1-87f9-b48c9db4e1b4,8,"[1, 0, 0, 0, 1, 0, 1, 1]",3,0,0,,0.375,8
4548,9a323cf1-8861-11f1-87f9-b48c9db4e1b4,8,"[1, 0, 0, 0, 1, 0, 1, 1]",4,1,-1,,0.375,8
4549,9a323cf1-8861-11f1-87f9-b48c9db4e1b4,8,"[1, 0, 0, 0, 1, 0, 1, 1]",5,0,0,,0.375,8
4550,9a323cf1-8861-11f1-87f9-b48c9db4e1b4,8,"[1, 0, 0, 0, 1, 0, 1, 1]",6,1,-1,,0.375,8
4551,9a323cf1-8861-11f1-87f9-b48c9db4e1b4,8,"[1, 0, 0, 0, 1, 0, 1, 1]",7,1,-1,,0.375,8
4552,9a323cf1-8861-11f1-87f9-b48c9db4e1b4,9,"[1, 1, 0, 1, 0, 1, 1, 1]",0,1,-1,,0.375,8
4553,9a323cf1-8861-11f1-87f9-b48c9db4e1b4,9,"[1, 1, 0, 1, 0, 1, 1, 1]",1,1,-1,,0.375,8
4554,9a323cf1-8861-11f1-87f9-b48c9db4e1b4,9,"[1, 1, 0, 1, 0, 1, 1, 1]",2,0,0,,0.375,8
4555,9a323cf1-8861-11f1-87f9-b48c9db4e1b4,9,"[1, 1, 0, 1, 0, 1, 1, 1]",3,1,-1,,0.375,8
4556,9a323cf1-8861-11f1-87f9-b48c9db4e1b4,9,"[1, 1, 0, 1, 0, 1, 1, 1]",4,0,0,,0.375,8
4557,9a323cf1-8861-11f1-87f9-b48c9db4e1b4,9,"[1, 1, 0, 1, 0, 1, 1, 1]",5,1,-1,,0.375,8
4558,9a323cf1-8861-11f1-87f9-b48c9db4e1b4,9,"[1, 1, 0, 1, 0, 1, 1, 1]",6,1,-1,,0.375,8
4559,9a323cf1-8861-11f1-87f9-b48c9db4e1b4,9,"[1, 1, 0, 1, 0, 1, 1, 1]",7,1,-1,,0.375,8
4560,9a323cf1-8861-11f1-87f9-b48c9db4e1b4,10,"[1, 0, 1, 1, 1, 0, 0, 1]",0,1,-1,,0.375,8
4561,9a323cf1-8861-11f1-87f9-b48c9db4e1b4,10,"[1, 0, 1, 1, 1, 0, 0, 1]",1,0,0,,0.375,8
4562,9a323cf1-8861-11f1-87f9-b48c9db4e1b4,10,"[1, 0, 1, 1, 1, 0, 0, 1]",2,1,-1,,0.375,8
4563,9a323cf1-8861-11f1-87f9-b48c9db4e1b4,10,"[1, 0, 1, 1, 1, 0, 0, 1]",3,1,-1,,0.375,8
4564,9a323cf1-8861-11f1-87f9-b48c9db4e1b4,10,"[1, 0, 1, 1, 1, 0, 0, 1]",4,1,-1,,0.375,8
4565,9a323cf1-8861-11f1-87f9-b48c9db4e1b4,10,"[1, 0, 1, 1, 1, 0, 0, 1]",5,0,0,,0.375,8
4566,9a323cf1-8861-11f1-87f9-b48c9db4e1b4,10,"[1, 0, 1, 1, 1, 0, 0, 1]",6,0,0,,0.375,8
4567,9a323cf1-8861-11f1-87f9-b48c9db4e1b4,10,"[1, 0, 1, 1, 1, 0, 0, 1]",7,1,-1,,0.375,8
4568,9a323cf1-8861-11f1-87f9-b48c9db4e1b4,11,"[0, 1, 1, 1, 0, 0, 1, 0]",0,0,0,,0.375,8
4569,9a323cf1-8861-11f1-87f9-b48c9db4e1b4,11,"[0, 1, 1, 1, 0, 0, 1, 0]",1,1,-1,,0.375,8
4570,9a323cf1-8861-11f1-87f9-b48c9db4e1b4,11,"[0, 1, 1, 1, 0, 0, 1, 0]",2,1,-1,,0.375,8
4571,9a323cf1-8861-11f1-87f9-b48c9db4e1b4,11,"[0, 1, 1, 1, 0, 0, 1, 0]",3,1,-1,,0.375,8
4572,9a323cf1-8861-11f1-87f9-b48c9db4e1b4,11,"[0, 1, 1, 1, 0, 0, 1, 0]",4,0,0,,0.375,8
4573,9a323cf1-8861-11f1-87f9-b48c9db4e1b4,11,"[0, 1, 1, 1, 0, 0, 1, 0]",5,0,0,,0.375,8
4574,9a323cf1-8861-11f1-87f9-b48c9db4e1b4,11,"[0, 1, 1, 1, 0, 0, 1, 0]",6,1,-1,,0.375,8
4575,9a323cf1-8861-11f1-87f9-b48c9db4e1b4,11,"[0, 1, 1, 1, 0, 0, 1, 0]",7,0,0,,0.375,8
4576,9a323cf1-8861-11f1-87f9-b48c9db4e1b4,12,"[1, 0, 1, 1, 1, 0, 0, 0]",0,1,-1,,0.375,8
4577,9a323cf1-8861-11f1-87f9-b48c9db4e1b4,12,"[1, 0, 1, 1, 1, 0, 0, 0]",1,0,0,,0.375,8
4578,9a323cf1-8861-11f1-87f9-b48c9db4e1b4,12,"[1, 0, 1, 1, 1, 0, 0, 0]",2,1,-1,,0.375,8
4579,9a323cf1-8861-11f1-87f9-b48c9db4e1b4,12,"[1, 0, 1, 1, 1, 0, 0, 0]",3,1,-1,,0.375,8
4580,9a323cf1-8861-11f1-87f9-b48c9db4e1b4,12,"[1, 0, 1, 1, 1, 0, 0, 0]",4,1,-1,,0.375,8
4581,9a323cf1-8861-11f1-87f9-b48c9db4e1b4,12,"[1, 0, 1, 1, 1, 0, 0, 0]",5,0,0,,0.375,8
4582,9a323cf1-8861-11f1-87f9-b48c9db4e1b4,12,"[1, 0, 1, 1, 1, 0, 0, 0]",6,0,0,,0.375,8
4583,9a323cf1-8861-11f1-87f9-b48c9db4e1b4,12,"[1, 0, 1, 1, 1, 0, 0, 0]",7,0,0,,0.375,8
4584,9a323cf1-8861-11f1-87f9-b48c9db4e1b4,13,"[0, 0, 1, 1, 0, 1, 1, 0]",0,0,0,,0.375,8
4585,9a323cf1-8861-11f1-87f9-b48c9db4e1b4,13,"[0, 0, 1, 1, 0, 1, 1, 0]",1,0,0,,0.375,8
4586,9a323cf1-8861-11f1-87f9-b48c9db4e1b4,13,"[0, 0, 1, 1, 0, 1, 1, 0]",2,1,-1,,0.375,8
4587,9a323cf1-8861-11f1-87f9-b48c9db4e1b4,13,"[0, 0, 1, 1, 0, 1, 1, 0]",3,1,-1,,0.375,8
4588,9a323cf1-8861-11f1-87f9-b48c9db4e1b4,13,"[0, 0, 1, 1, 0, 1, 1, 0]",4,0,0,,0.375,8
4589,9a323cf1-8861-11f1-87f9-b48c9db4e1b4,13,"[0, 0, 1, 1, 0, 1, 1, 0]",5,1,-1,,0.375,8
4590,9a323cf1-8861-11f1-87f9-b48c9db4e1b4,13,"[0, 0, 1, 1, 0, 1, 1, 0]",6,1,-1,,0.375,8
4591,9a323cf1-8861-11f1-87f9-b48c9db4e1b4,13,"[0, 0, 1, 1, 0, 1, 1, 0]",7,0,0,,0.375,8
4592,9a323cf1-8861-11f1-87f9-b48c9db4e1b4,14,"[0, 0, 0, 0, 1, 1, 1, 1]",0,0,0,,0.375,8
4593,9a323cf1-8861-11f1-87f9-b48c9db4e1b4,14,"[0, 0, 0, 0, 1, 1, 1, 1]",1,0,0,,0.375,8
4594,9a323cf1-8861-11f1-87f9-b48c9db4e1b4,14,"[0, 0, 0, 0, 1, 1, 1, 1]",2,0,0,,0.375,8
4595,9a323cf1-8861-11f1-87f9-b48c9db4e1b4,14,"[0, 0, 0, 0, 1, 1, 1, 1]",3,0,0,,0.375,8
4596,9a323cf1-8861-11f1-87f9-b48c9db4e1b4,14,"[0, 0, 0, 0, 1, 1, 1, 1]",4,1,-1,,0.375,8
4597,9a323cf1-8861-11f1-87f9-b48c9db4e1b4,14,"[0, 0, 0, 0, 1, 1, 1, 1]",5,1,-1,,0.375,8
4598,9a323cf1-8861-11f1-87f9-b48c9db4e1b4,14,"[0, 0, 0, 0, 1, 1, 1, 1]",6,1,-1,,0.375,8
4599,9a323cf1-8861-11f1-87f9-b48c9db4e1b4,14,"[0, 0, 0, 0, 1, 1, 1, 1]",7,1,-1,,0.375,8
4600,9a323cf1-8861-11f1-87f9-b48c9db4e1b4,15,"[1, 0, 1, 0, 0, 0, 1, 0]",0,1,1,,0.375,8
4601,9a323cf1-8861-11f1-87f9-b48c9db4e1b4,15,"[1, 0, 1, 0, 0, 0, 1, 0]",1,0,0,,0.375,8
4602,9a323cf1-8861-11f1-87f9-b48c9db4e1b4,15,"[1, 0, 1, 0, 0, 0, 1, 0]",2,1,1,,0.375,8
4603,9a323cf1-8861-11f1-87f9-b48c9db4e1b4,15,"[1, 0, 1, 0, 0, 0, 1, 0]",3,0,0,,0.375,8
4604,9a323cf1-8861-11f1-87f9-b48c9db4e1b4,15,"[1, 0, 1, 0, 0, 0, 1, 0]",4,0,0,,0.375,8
4605,9a323cf1-8861-11f1-87f9-b48c9db4e1b4,15,"[1, 0, 1, 0, 0, 0, 1, 0]",5,0,0,,0.375,8
4606,9a323cf1-8861-11f1-87f9-b48c9db4e1b4,15,"[1, 0, 1, 0, 0, 0, 1, 0]",6,1,1,,0.375,8
4607,9a323cf1-8861-11f1-87f9-b48c9db4e1b4,15,"[1, 0, 1, 0, 0, 0, 1, 0]",7,0,0,,0.375,8
4608,9a323cf1-8861-11f1-87f9-b48c9db4e1b4,16,"[1, 1, 0, 1, 1, 0, 1, 0]",0,1,-1,,0.375,8
4609,9a323cf1-8861-11f1-87f9-b48c9db4e1b4,16,"[1, 1, 0, 1, 1, 0, 1, 0]",1,1,-1,,0.375,8
4610,9a323cf1-8861-11f1-87f9-b48c9db4e1b4,16,"[1, 1, 0, 1, 1, 0, 1, 0]",2,0,0,,0.375,8
4611,9a323cf1-8861-11f1-87f9-b48c9db4e1b4,16,"[1, 1, 0, 1, 1, 0, 1, 0]",3,1,-1,,0.375,8
4612,9a323cf1-8861-11f1-87f9-b48c9db4e1b4,16,"[1, 1, 0, 1, 1, 0, 1, 0]",4,1,-1,,0.375,8
4613,9a323cf1-8861-11f1-87f9-b48c9db4e1b4,16,"[1, 1, 0, 1, 1, 0, 1, 0]",5,0,0,,0.375,8
4614,9a323cf1-8861-11f1-87f9-b48c9db4e1b4,16,"[1, 1, 0, 1, 1, 0, 1, 0]",6,1,-1,,0.375,8
4615,9a323cf1-8861-11f1-87f9-b48c9db4e1b4,16,"[1, 1, 0, 1, 1, 0, 1, 0]",7,0,0,,0.375,8
4616,9a323cf1-8861-11f1-87f9-b48c9db4e1b4,17,"[1, 0, 0, 0, 0, 1, 1, 0]",0,1,1,,0.375,8
4617,9a323cf1-8861-11f1-87f9-b48c9db4e1b4,17,"[1, 0, 0, 0, 0, 1, 1, 0]",1,0,0,,0.375,8
4618,9a323cf1-8861-11f1-87f9-b48c9db4e1b4,17,"[1, 0, 0, 0, 0, 1, 1, 0]",2,0,0,,0.375,8
4619,9a323cf1-8861-11f1-87f9-b48c9db4e1b4,17,"[1, 0, 0, 0, 0, 1, 1, 0]",3,0,0,,0.375,8
4620,9a323cf1-8861-11f1-87f9-b48c9db4e1b4,17,"[1, 0, 0, 0, 0, 1, 1, 0]",4,0,0,,0.375,8
4621,9a323cf1-8861-11f1-87f9-b48c9db4e1b4,17,"[1, 0, 0, 0, 0, 1, 1, 0]",5,1,1,,0.375,8
4622,9a323cf1-8861-11f1-87f9-b48c9db4e1b4,17,"[1, 0, 0, 0, 0, 1, 1, 0]",6,1,1,,0.375,8
4623,9a323cf1-8861-11f1-87f9-b48c9db4e1b4,17,"[1, 0, 0, 0, 0, 1, 1, 0]",7,0,0,,0.375,8
4624,9a323cf1-8861-11f1-87f9-b48c9db4e1b4,18,"[1, 0, 1, 0, 1, 0, 1, 0]",0,1,-1,,0.375,8
4625,9a323cf1-8861-11f1-87f9-b48c9db4e1b4,18,"[1, 0, 1, 0, 1, 0, 1, 0]",1,0,0,,0.375,8
4626,9a323cf1-8861-11f1-87f9-b48c9db4e1b4,18,"[1, 0, 1, 0, 1, 0, 1, 0]",2,1,-1,,0.375,8
4627,9a323cf1-8861-11f1-87f9-b48c9db4e1b4,18,"[1, 0, 1, 0, 1, 0, 1, 0]",3,0,0,,0.375,8
4628,9a323cf1-8861-11f1-87f9-b48c9db4e1b4,18,"[1, 0, 1, 0, 1, 0, 1, 0]",4,1,-1,,0.375,8
4629,9a323cf1-8861-11f1-87f9-b48c9db4e1b4,18,"[1, 0, 1, 0, 1, 0, 1, 0]",5,0,0,,0.375,8
4630,9a323cf1-8861-11f1-87f9-b48c9db4e1b4,18,"[1, 0, 1, 0, 1, 0, 1, 0]",6,1,-1,,0.375,8
4631,9a323cf1-8861-11f1-87f9-b48c9db4e1b4,18,"[1, 0, 1, 0, 1, 0, 1, 0]",7,0,0,,0.375,8
4632,9a323cf1-8861-11f1-87f9-b48c9db4e1b4,19,"[1, 0, 0, 0, 1, 0, 0, 1]",0,1,1,,0.375,8
4633,9a323cf1-8861-11f1-87f9-b48c9db4e1b4,19,"[1, 0, 0, 0, 1, 0, 0, 1]",1,0,0,,0.375,8
4634,9a323cf1-8861-11f1-87f9-b48c9db4e1b4,19,"[1, 0, 0, 0, 1, 0, 0, 1]",2,0,0,,0.375,8
4635,9a323cf1-8861-11f1-87f9-b48c9db4e1b4,19,"[1, 0, 0, 0, 1, 0, 0, 1]",3,0,0,,0.375,8
4636,9a323cf1-8861-11f1-87f9-b48c9db4e1b4,19,"[1, 0, 0, 0, 1, 0, 0, 1]",4,1,1,,0.375,8
4637,9a323cf1-8861-11f1-87f9-b48c9db4e1b4,19,"[1, 0, 0, 0, 1, 0, 0, 1]",5,0,0,,0.375,8
4638,9a323cf1-8861-11f1-87f9-b48c9db4e1b4,19,"[1, 0, 0, 0, 1, 0, 0, 1]",6,0,0,,0.375,8
4639,9a323cf1-8861-11f1-87f9-b48c9db4e1b4,19,"[1, 0, 0, 0, 1, 0, 0, 1]",7,1,1,,0.375,8
4640,9a3529b0-8861-11f1-9422-b48c9db4e1b4,0,"[0, 1, 1, 1, 1, 1, 1, 0]",0,0,0,,0.375,8
4641,9a3529b0-8861-11f1-9422-b48c9db4e1b4,0,"[0, 1, 1, 1, 1, 1, 1, 0]",1,1,-1,,0.375,8
4642,9a3529b0-8861-11f1-9422-b48c9db4e1b4,0,"[0, 1, 1, 1, 1, 1, 1, 0]",2,1,-1,,0.375,8
4643,9a3529b0-8861-11f1-9422-b48c9db4e1b4,0,"[0, 1, 1, 1, 1, 1, 1, 0]",3,1,-1,,0.375,8
4644,9a3529b0-8861-11f1-9422-b48c9db4e1b4,0,"[0, 1, 1, 1, 1, 1, 1, 0]",4,1,-1,,0.375,8
4645,9a3529b0-8861-11f1-9422-b48c9db4e1b4,0,"[0, 1, 1, 1, 1, 1, 1, 0]",5,1,-1,,0.375,8
4646,9a3529b0-8861-11f1-9422-b48c9db4e1b4,0,"[0, 1, 1, 1, 1, 1, 1, 0]",6,1,-1,,0.375,8
4647,9a3529b0-8861-11f1-9422-b48c9db4e1b4,0,"[0, 1, 1, 1, 1, 1, 1, 0]",7,0,0,,0.375,8
4648,9a3529b0-8861-11f1-9422-b48c9db4e1b4,1,"[1, 0, 0, 1, 1, 0, 1, 1]",0,1,-1,,0.375,8
4649,9a3529b0-8861-11f1-9422-b48c9db4e1b4,1,"[1, 0, 0, 1, 1, 0, 1, 1]",1,0,0,,0.375,8
4650,9a3529b0-8861-11f1-9422-b48c9db4e1b4,1,"[1, 0, 0, 1, 1, 0, 1, 1]",2,0,0,,0.375,8
4651,9a3529b0-8861-11f1-9422-b48c9db4e1b4,1,"[1, 0, 0, 1, 1, 0, 1, 1]",3,1,-1,,0.375,8
4652,9a3529b0-8861-11f1-9422-b48c9db4e1b4,1,"[1, 0, 0, 1, 1, 0, 1, 1]",4,1,-1,,0.375,8
4653,9a3529b0-8861-11f1-9422-b48c9db4e1b4,1,"[1, 0, 0, 1, 1, 0, 1, 1]",5,0,0,,0.375,8
4654,9a3529b0-8861-11f1-9422-b48c9db4e1b4,1,"[1, 0, 0, 1, 1, 0, 1, 1]",6,1,-1,,0.375,8
4655,9a3529b0-8861-11f1-9422-b48c9db4e1b4,1,"[1, 0, 0, 1, 1, 0, 1, 1]",7,1,-1,,0.375,8
4656,9a3529b0-8861-11f1-9422-b48c9db4e1b4,2,"[1, 0, 0, 0, 0, 1, 0, 1]",0,1,1,,0.375,8
4657,9a3529b0-8861-11f1-9422-b48c9db4e1b4,2,"[1, 0, 0, 0, 0, 1, 0, 1]",1,0,0,,0.375,8
4658,9a3529b0-8861-11f1-9422-b48c9db4e1b4,2,"[1, 0, 0, 0, 0, 1, 0, 1]",2,0,0,,0.375,8
4659,9a3529b0-8861-11f1-9422-b48c9db4e1b4,2,"[1, 0, 0, 0, 0, 1, 0, 1]",3,0,0,,0.375,8
4660,9a3529b0-8861-11f1-9422-b48c9db4e1b4,2,"[1, 0, 0, 0, 0, 1, 0, 1]",4,0,0,,0.375,8
4661,9a3529b0-8861-11f1-9422-b48c9db4e1b4,2,"[1, 0, 0, 0, 0, 1, 0, 1]",5,1,1,,0.375,8
4662,9a3529b0-8861-11f1-9422-b48c9db4e1b4,2,"[1, 0, 0, 0, 0, 1, 0, 1]",6,0,0,,0.375,8
4663,9a3529b0-8861-11f1-9422-b48c9db4e1b4,2,"[1, 0, 0, 0, 0, 1, 0, 1]",7,1,1,,0.375,8
4664,9a3529b0-8861-11f1-9422-b48c9db4e1b4,3,"[1, 0, 1, 1, 0, 0, 0, 0]",0,1,1,,0.375,8
4665,9a3529b0-8861-11f1-9422-b48c9db4e1b4,3,"[1, 0, 1, 1, 0, 0, 0, 0]",1,0,0,,0.375,8
4666,9a3529b0-8861-11f1-9422-b48c9db4e1b4,3,"[1, 0, 1, 1, 0, 0, 0, 0]",2,1,1,,0.375,8
4667,9a3529b0-8861-11f1-9422-b48c9db4e1b4,3,"[1, 0, 1, 1, 0, 0, 0, 0]",3,1,1,,0.375,8
4668,9a3529b0-8861-11f1-9422-b48c9db4e1b4,3,"[1, 0, 1, 1, 0, 0, 0, 0]",4,0,0,,0.375,8
4669,9a3529b0-8861-11f1-9422-b48c9db4e1b4,3,"[1, 0, 1, 1, 0, 0, 0, 0]",5,0,0,,0.375,8
4670,9a3529b0-8861-11f1-9422-b48c9db4e1b4,3,"[1, 0, 1, 1, 0, 0, 0, 0]",6,0,0,,0.375,8
4671,9a3529b0-8861-11f1-9422-b48c9db4e1b4,3,"[1, 0, 1, 1, 0, 0, 0, 0]",7,0,0,,0.375,8
4672,9a3529b0-8861-11f1-9422-b48c9db4e1b4,4,"[0, 1, 1, 0, 1, 1, 0, 0]",0,0,0,,0.375,8
4673,9a3529b0-8861-11f1-9422-b48c9db4e1b4,4,"[0, 1, 1, 0, 1, 1, 0, 0]",1,1,-1,,0.375,8
4674,9a3529b0-8861-11f1-9422-b48c9db4e1b4,4,"[0, 1, 1, 0, 1, 1, 0, 0]",2,1,-1,,0.375,8
4675,9a3529b0-8861-11f1-9422-b48c9db4e1b4,4,"[0, 1, 1, 0, 1, 1, 0, 0]",3,0,0,,0.375,8
4676,9a3529b0-8861-11f1-9422-b48c9db4e1b4,4,"[0, 1, 1, 0, 1, 1, 0, 0]",4,1,-1,,0.375,8
4677,9a3529b0-8861-11f1-9422-b48c9db4e1b4,4,"[0, 1, 1, 0, 1, 1, 0, 0]",5,1,-1,,0.375,8
4678,9a3529b0-8861-11f1-9422-b48c9db4e1b4,4,"[0, 1, 1, 0, 1, 1, 0, 0]",6,0,0,,0.375,8
4679,9a3529b0-8861-11f1-9422-b48c9db4e1b4,4,"[0, 1, 1, 0, 1, 1, 0, 0]",7,0,0,,0.375,8
4680,9a3529b0-8861-11f1-9422-b48c9db4e1b4,5,"[1, 0, 0, 0, 1, 1, 0, 0]",0,1,1,,0.375,8
4681,9a3529b0-8861-11f1-9422-b48c9db4e1b4,5,"[1, 0, 0, 0, 1, 1, 0, 0]",1,0,0,,0.375,8
4682,9a3529b0-8861-11f1-9422-b48c9db4e1b4,5,"[1, 0, 0, 0, 1, 1, 0, 0]",2,0,0,,0.375,8
4683,9a3529b0-8861-11f1-9422-b48c9db4e1b4,5,"[1, 0, 0, 0, 1, 1, 0, 0]",3,0,0,,0.375,8
4684,9a3529b0-8861-11f1-9422-b48c9db4e1b4,5,"[1, 0, 0, 0, 1, 1, 0, 0]",4,1,1,,0.375,8
4685,9a3529b0-8861-11f1-9422-b48c9db4e1b4,5,"[1, 0, 0, 0, 1, 1, 0, 0]",5,1,1,,0.375,8
4686,9a3529b0-8861-11f1-9422-b48c9db4e1b4,5,"[1, 0, 0, 0, 1, 1, 0, 0]",6,0,0,,0.375,8
4687,9a3529b0-8861-11f1-9422-b48c9db4e1b4,5,"[1, 0, 0, 0, 1, 1, 0, 0]",7,0,0,,0.375,8
4688,9a3529b0-8861-11f1-9422-b48c9db4e1b4,6,"[0, 1, 1, 0, 0, 1, 1, 0]",0,0,0,,0.375,8
4689,9a3529b0-8861-11f1-9422-b48c9db4e1b4,6,"[0, 1, 1, 0, 0, 1, 1, 0]",1,1,-1,,0.375,8
4690,9a3529b0-8861-11f1-9422-b48c9db4e1b4,6,"[0, 1, 1, 0, 0, 1, 1, 0]",2,1,-1,,0.375,8
4691,9a3529b0-8861-11f1-9422-b48c9db4e1b4,6,"[0, 1, 1, 0, 0, 1, 1, 0]",3,0,0,,0.375,8
4692,9a3529b0-8861-11f1-9422-b48c9db4e1b4,6,"[0, 1, 1, 0, 0, 1, 1, 0]",4,0,0,,0.375,8
4693,9a3529b0-8861-11f1-9422-b48c9db4e1b4,6,"[0, 1, 1, 0, 0, 1, 1, 0]",5,1,-1,,0.375,8
4694,9a3529b0-8861-11f1-9422-b48c9db4e1b4,6,"[0, 1, 1, 0, 0, 1, 1, 0]",6,1,-1,,0.375,8
4695,9a3529b0-8861-11f1-9422-b48c9db4e1b4,6,"[0, 1, 1, 0, 0, 1, 1, 0]",7,0,0,,0.375,8
4696,9a3529b0-8861-11f1-9422-b48c9db4e1b4,7,"[1, 1, 1, 1, 0, 1, 1, 0]",0,1,-1,,0.375,8
4697,9a3529b0-8861-11f1-9422-b48c9db4e1b4,7,"[1, 1, 1, 1, 0, 1, 1, 0]",1,1,-1,,0.375,8
4698,9a3529b0-8861-11f1-9422-b48c9db4e1b4,7,"[1, 1, 1, 1, 0, 1, 1, 0]",2,1,-1,,0.375,8
4699,9a3529b0-8861-11f1-9422-b48c9db4e1b4,7,"[1, 1, 1, 1, 0, 1, 1, 0]",3,1,-1,,0.375,8
4700,9a3529b0-8861-11f1-9422-b48c9db4e1b4,7,"[1, 1, 1, 1, 0, 1, 1, 0]",4,0,0,,0.375,8
4701,9a3529b0-8861-11f1-9422-b48c9db4e1b4,7,"[1, 1, 1, 1, 0, 1, 1, 0]",5,1,-1,,0.375,8
4702,9a3529b0-8861-11f1-9422-b48c9db4e1b4,7,"[1, 1, 1, 1, 0, 1, 1, 0]",6,1,-1,,0.375,8
4703,9a3529b0-8861-11f1-9422-b48c9db4e1b4,7,"[1, 1, 1, 1, 0, 1, 1, 0]",7,0,0,,0.375,8
4704,9a3529b0-8861-11f1-9422-b48c9db4e1b4,8,"[0, 0, 0, 1, 0, 0, 0, 0]",0,0,0,,0.375,8
4705,9a3529b0-8861-11f1-9422-b48c9db4e1b4,8,"[0, 0, 0, 1, 0, 0, 0, 0]",1,0,0,,0.375,8
4706,9a3529b0-8861-11f1-9422-b48c9db4e1b4,8,"[0, 0, 0, 1, 0, 0, 0, 0]",2,0,0,,0.375,8
4707,9a3529b0-8861-11f1-9422-b48c9db4e1b4,8,"[0, 0, 0, 1, 0, 0, 0, 0]",3,1,1,,0.375,8
4708,9a3529b0-8861-11f1-9422-b48c9db4e1b4,8,"[0, 0, 0, 1, 0, 0, 0, 0]",4,0,0,,0.375,8
4709,9a3529b0-8861-11f1-9422-b48c9db4e1b4,8,"[0, 0, 0, 1, 0, 0, 0, 0]",5,0,0,,0.375,8
4710,9a3529b0-8861-11f1-9422-b48c9db4e1b4,8,"[0, 0, 0, 1, 0, 0, 0, 0]",6,0,0,,0.375,8
4711,9a3529b0-8861-11f1-9422-b48c9db4e1b4,8,"[0, 0, 0, 1, 0, 0, 0, 0]",7,0,0,,0.375,8
4712,9a3529b0-8861-11f1-9422-b48c9db4e1b4,9,"[0, 0, 1, 1, 0, 1, 1, 0]",0,0,0,,0.375,8
4713,9a3529b0-8861-11f1-9422-b48c9db4e1b4,9,"[0, 0, 1, 1, 0, 1, 1, 0]",1,0,0,,0.375,8
4714,9a3529b0-8861-11f1-9422-b48c9db4e1b4,9,"[0, 0, 1, 1, 0, 1, 1, 0]",2,1,-1,,0.375,8
4715,9a3529b0-8861-11f1-9422-b48c9db4e1b4,9,"[0, 0, 1, 1, 0, 1, 1, 0]",3,1,-1,,0.375,8
4716,9a3529b0-8861-11f1-9422-b48c9db4e1b4,9,"[0, 0, 1, 1, 0, 1, 1, 0]",4,0,0,,0.375,8
4717,9a3529b0-8861-11f1-9422-b48c9db4e1b4,9,"[0, 0, 1, 1, 0, 1, 1, 0]",5,1,-1,,0.375,8
4718,9a3529b0-8861-11f1-9422-b48c9db4e1b4,9,"[0, 0, 1, 1, 0, 1, 1, 0]",6,1,-1,,0.375,8
4719,9a3529b0-8861-11f1-9422-b48c9db4e1b4,9,"[0, 0, 1, 1, 0, 1, 1, 0]",7,0,0,,0.375,8
4720,9a3529b0-8861-11f1-9422-b48c9db4e1b4,10,"[0, 0, 1, 1, 1, 0, 0, 0]",0,0,0,,0.375,8
4721,9a3529b0-8861-11f1-9422-b48c9db4e1b4,10,"[0, 0, 1, 1, 1, 0, 0, 0]",1,0,0,,0.375,8
4722,9a3529b0-8861-11f1-9422-b48c9db4e1b4,10,"[0, 0, 1, 1, 1, 0, 0, 0]",2,1,1,,0.375,8
4723,9a3529b0-8861-11f1-9422-b48c9db4e1b4,10,"[0, 0, 1, 1, 1, 0, 0, 0]",3,1,1,,0.375,8
4724,9a3529b0-8861-11f1-9422-b48c9db4e1b4,10,"[0, 0, 1, 1, 1, 0, 0, 0]",4,1,1,,0.375,8
4725,9a3529b0-8861-11f1-9422-b48c9db4e1b4,10,"[0, 0, 1, 1, 1, 0, 0, 0]",5,0,0,,0.375,8
4726,9a3529b0-8861-11f1-9422-b48c9db4e1b4,10,"[0, 0, 1, 1, 1, 0, 0, 0]",6,0,0,,0.375,8
4727,9a3529b0-8861-11f1-9422-b48c9db4e1b4,10,"[0, 0, 1, 1, 1, 0, 0, 0]",7,0,0,,0.375,8
4728,9a3529b0-8861-11f1-9422-b48c9db4e1b4,11,"[1, 1, 0, 0, 0, 0, 1, 1]",0,1,-1,,0.375,8
4729,9a3529b0-8861-11f1-9422-b48c9db4e1b4,11,"[1, 1, 0, 0, 0, 0, 1, 1]",1,1,-1,,0.375,8
4730,9a3529b0-8861-11f1-9422-b48c9db4e1b4,11,"[1, 1, 0, 0, 0, 0, 1, 1]",2,0,0,,0.375,8
4731,9a3529b0-8861-11f1-9422-b48c9db4e1b4,11,"[1, 1, 0, 0, 0, 0, 1, 1]",3,0,0,,0.375,8
4732,9a3529b0-8861-11f1-9422-b48c9db4e1b4,11,"[1, 1, 0, 0, 0, 0, 1, 1]",4,0,0,,0.375,8
4733,9a3529b0-8861-11f1-9422-b48c9db4e1b4,11,"[1, 1, 0, 0, 0, 0, 1, 1]",5,0,0,,0.375,8
4734,9a3529b0-8861-11f1-9422-b48c9db4e1b4,11,"[1, 1, 0, 0, 0, 0, 1, 1]",6,1,-1,,0.375,8
4735,9a3529b0-8861-11f1-9422-b48c9db4e1b4,11,"[1, 1, 0, 0, 0, 0, 1, 1]",7,1,-1,,0.375,8
4736,9a3529b0-8861-11f1-9422-b48c9db4e1b4,12,"[0, 1, 0, 1, 0, 0, 1, 1]",0,0,0,,0.375,8
4737,9a3529b0-8861-11f1-9422-b48c9db4e1b4,12,"[0, 1, 0, 1, 0, 0, 1, 1]",1,1,-1,,0.375,8
4738,9a3529b0-8861-11f1-9422-b48c9db4e1b4,12,"[0, 1, 0, 1, 0, 0, 1, 1]",2,0,0,,0.375,8
4739,9a3529b0-8861-11f1-9422-b48c9db4e1b4,12,"[0, 1, 0, 1, 0, 0, 1, 1]",3,1,-1,,0.375,8
4740,9a3529b0-8861-11f1-9422-b48c9db4e1b4,12,"[0, 1, 0, 1, 0, 0, 1, 1]",4,0,0,,0.375,8
4741,9a3529b0-8861-11f1-9422-b48c9db4e1b4,12,"[0, 1, 0, 1, 0, 0, 1, 1]",5,0,0,,0.375,8
4742,9a3529b0-8861-11f1-9422-b48c9db4e1b4,12,"[0, 1, 0, 1, 0, 0, 1, 1]",6,1,-1,,0.375,8
4743,9a3529b0-8861-11f1-9422-b48c9db4e1b4,12,"[0, 1, 0, 1, 0, 0, 1, 1]",7,1,-1,,0.375,8
4744,9a3529b0-8861-11f1-9422-b48c9db4e1b4,13,"[1, 0, 1, 1, 1, 0, 0, 1]",0,1,-1,,0.375,8
4745,9a3529b0-8861-11f1-9422-b48c9db4e1b4,13,"[1, 0, 1, 1, 1, 0, 0, 1]",1,0,0,,0.375,8
4746,9a3529b0-8861-11f1-9422-b48c9db4e1b4,13,"[1, 0, 1, 1, 1, 0, 0, 1]",2,1,-1,,0.375,8
4747,9a3529b0-8861-11f1-9422-b48c9db4e1b4,13,"[1, 0, 1, 1, 1, 0, 0, 1]",3,1,-1,,0.375,8
4748,9a3529b0-8861-11f1-9422-b48c9db4e1b4,13,"[1, 0, 1, 1, 1, 0, 0, 1]",4,1,-1,,0.375,8
4749,9a3529b0-8861-11f1-9422-b48c9db4e1b4,13,"[1, 0, 1, 1, 1, 0, 0, 1]",5,0,0,,0.375,8
4750,9a3529b0-8861-11f1-9422-b48c9db4e1b4,13,"[1, 0, 1, 1, 1, 0, 0, 1]",6,0,0,,0.375,8
4751,9a3529b0-8861-11f1-9422-b48c9db4e1b4,13,"[1, 0, 1, 1, 1, 0, 0, 1]",7,1,-1,,0.375,8
4752,9a3529b0-8861-11f1-9422-b48c9db4e1b4,14,"[0, 1, 1, 0, 0, 0, 0, 0]",0,0,0,,0.375,8
4753,9a3529b0-8861-11f1-9422-b48c9db4e1b4,14,"[0, 1, 1, 0, 0, 0, 0, 0]",1,1,1,,0.375,8
4754,9a3529b0-8861-11f1-9422-b48c9db4e1b4,14,"[0, 1, 1, 0, 0, 0, 0, 0]",2,1,1,,0.375,8
4755,9a3529b0-8861-11f1-9422-b48c9db4e1b4,14,"[0, 1, 1, 0, 0, 0, 0, 0]",3,0,0,,0.375,8
4756,9a3529b0-8861-11f1-9422-b48c9db4e1b4,14,"[0, 1, 1, 0, 0, 0, 0, 0]",4,0,0,,0.375,8
4757,9a3529b0-8861-11f1-9422-b48c9db4e1b4,14,"[0, 1, 1, 0, 0, 0, 0, 0]",5,0,0,,0.375,8
4758,9a3529b0-8861-11f1-9422-b48c9db4e1b4,14,"[0, 1, 1, 0, 0, 0, 0, 0]",6,0,0,,0.375,8
4759,9a3529b0-8861-11f1-9422-b48c9db4e1b4,14,"[0, 1, 1, 0, 0, 0, 0, 0]",7,0,0,,0.375,8
4760,9a3529b0-8861-11f1-9422-b48c9db4e1b4,15,"[1, 0, 1, 1, 0, 0, 0, 1]",0,1,-1,,0.375,8
4761,9a3529b0-8861-11f1-9422-b48c9db4e1b4,15,"[1, 0, 1, 1, 0, 0, 0, 1]",1,0,0,,0.375,8
4762,9a3529b0-8861-11f1-9422-b48c9db4e1b4,15,"[1, 0, 1, 1, 0, 0, 0, 1]",2,1,-1,,0.375,8
4763,9a3529b0-8861-11f1-9422-b48c9db4e1b4,15,"[1, 0, 1, 1, 0, 0, 0, 1]",3,1,-1,,0.375,8
4764,9a3529b0-8861-11f1-9422-b48c9db4e1b4,15,"[1, 0, 1, 1, 0, 0, 0, 1]",4,0,0,,0.375,8
4765,9a3529b0-8861-11f1-9422-b48c9db4e1b4,15,"[1, 0, 1, 1, 0, 0, 0, 1]",5,0,0,,0.375,8
4766,9a3529b0-8861-11f1-9422-b48c9db4e1b4,15,"[1, 0, 1, 1, 0, 0, 0, 1]",6,0,0,,0.375,8
4767,9a3529b0-8861-11f1-9422-b48c9db4e1b4,15,"[1, 0, 1, 1, 0, 0, 0, 1]",7,1,-1,,0.375,8
4768,9a3529b0-8861-11f1-9422-b48c9db4e1b4,16,"[0, 1, 0, 0, 1, 0, 0, 1]",0,0,0,,0.375,8
4769,9a3529b0-8861-11f1-9422-b48c9db4e1b4,16,"[0, 1, 0, 0, 1, 0, 0, 1]",1,1,1,,0.375,8
4770,9a3529b0-8861-11f1-9422-b48c9db4e1b4,16,"[0, 1, 0, 0, 1, 0, 0, 1]",2,0,0,,0.375,8
4771,9a3529b0-8861-11f1-9422-b48c9db4e1b4,16,"[0, 1, 0, 0, 1, 0, 0, 1]",3,0,0,,0.375,8
4772,9a3529b0-8861-11f1-9422-b48c9db4e1b4,16,"[0, 1, 0, 0, 1, 0, 0, 1]",4,1,1,,0.375,8
4773,9a3529b0-8861-11f1-9422-b48c9db4e1b4,16,"[0, 1, 0, 0, 1, 0, 0, 1]",5,0,0,,0.375,8
4774,9a3529b0-8861-11f1-9422-b48c9db4e1b4,16,"[0, 1, 0, 0, 1, 0, 0, 1]",6,0,0,,0.375,8
4775,9a3529b0-8861-11f1-9422-b48c9db4e1b4,16,"[0, 1, 0, 0, 1, 0, 0, 1]",7,1,1,,0.375,8
4776,9a3529b0-8861-11f1-9422-b48c9db4e1b4,17,"[0, 0, 0, 1, 0, 0, 0, 0]",0,0,0,,0.375,8
4777,9a3529b0-8861-11f1-9422-b48c9db4e1b4,17,"[0, 0, 0, 1, 0, 0, 0, 0]",1,0,0,,0.375,8
4778,9a3529b0-8861-11f1-9422-b48c9db4e1b4,17,"[0, 0, 0, 1, 0, 0, 0, 0]",2,0,0,,0.375,8
4779,9a3529b0-8861-11f1-9422-b48c9db4e1b4,17,"[0, 0, 0, 1, 0, 0, 0, 0]",3,1,1,,0.375,8
4780,9a3529b0-8861-11f1-9422-b48c9db4e1b4,17,"[0, 0, 0, 1, 0, 0, 0, 0]",4,0,0,,0.375,8
4781,9a3529b0-8861-11f1-9422-b48c9db4e1b4,17,"[0, 0, 0, 1, 0, 0, 0, 0]",5,0,0,,0.375,8
4782,9a3529b0-8861-11f1-9422-b48c9db4e1b4,17,"[0, 0, 0, 1, 0, 0, 0, 0]",6,0,0,,0.375,8
4783,9a3529b0-8861-11f1-9422-b48c9db4e1b4,17,"[0, 0, 0, 1, 0, 0, 0, 0]",7,0,0,,0.375,8
4784,9a3529b0-8861-11f1-9422-b48c9db4e1b4,18,"[0, 1, 1, 1, 0, 1, 0, 1]",0,0,0,,0.375,8
4785,9a3529b0-8861-11f1-9422-b48c9db4e1b4,18,"[0, 1, 1, 1, 0, 1, 0, 1]",1,1,-1,,0.375,8
4786,9a3529b0-8861-11f1-9422-b48c9db4e1b4,18,"[0, 1, 1, 1, 0, 1, 0, 1]",2,1,-1,,0.375,8
4787,9a3529b0-8861-11f1-9422-b48c9db4e1b4,18,"[0, 1, 1, 1, 0, 1, 0, 1]",3,1,-1,,0.375,8
4788,9a3529b0-8861-11f1-9422-b48c9db4e1b4,18,"[0, 1, 1, 1, 0, 1, 0, 1]",4,0,0,,0.375,8
4789,9a3529b0-8861-11f1-9422-b48c9db4e1b4,18,"[0, 1, 1, 1, 0, 1, 0, 1]",5,1,-1,,0.375,8
4790,9a3529b0-8861-11f1-9422-b48c9db4e1b4,18,"[0, 1, 1, 1, 0, 1, 0, 1]",6,0,0,,0.375,8
4791,9a3529b0-8861-11f1-9422-b48c9db4e1b4,18,"[0, 1, 1, 1, 0, 1, 0, 1]",7,1,-1,,0.375,8
4792,9a3529b0-8861-11f1-9422-b48c9db4e1b4,19,"[1, 0, 1, 1, 0, 1, 1, 1]",0,1,-1,,0.375,8
4793,9a3529b0-8861-11f1-9422-b48c9db4e1b4,19,"[1, 0, 1, 1, 0, 1, 1, 1]",1,0,0,,0.375,8
4794,9a3529b0-8861-11f1-9422-b48c9db4e1b4,19,"[1, 0, 1, 1, 0, 1, 1, 1]",2,1,-1,,0.375,8
4795,9a3529b0-8861-11f1-9422-b48c9db4e1b4,19,"[1, 0, 1, 1, 0, 1, 1, 1]",3,1,-1,,0.375,8
4796,9a3529b0-8861-11f1-9422-b48c9db4e1b4,19,"[1, 0, 1, 1, 0, 1, 1, 1]",4,0,0,,0.375,8
4797,9a3529b0-8861-11f1-9422-b48c9db4e1b4,19,"[1, 0, 1, 1, 0, 1, 1, 1]",5,1,-1,,0.375,8
4798,9a3529b0-8861-11f1-9422-b48c9db4e1b4,19,"[1, 0, 1, 1, 0, 1, 1, 1]",6,1,-1,,0.375,8
4799,9a3529b0-8861-11f1-9422-b48c9db4e1b4,19,"[1, 0, 1, 1, 0, 1, 1, 1]",7,1,-1,,0.375,8
4800,9a3842ab-8861-11f1-bf3b-b48c9db4e1b4,0,"[1, 1, 0, 0, 0, 1, 0, 0]",0,1,1,,0.375,8
4801,9a3842ab-8861-11f1-bf3b-b48c9db4e1b4,0,"[1, 1, 0, 0, 0, 1, 0, 0]",1,1,1,,0.375,8
4802,9a3842ab-8861-11f1-bf3b-b48c9db4e1b4,0,"[1, 1, 0, 0, 0, 1, 0, 0]",2,0,0,,0.375,8
4803,9a3842ab-8861-11f1-bf3b-b48c9db4e1b4,0,"[1, 1, 0, 0, 0, 1, 0, 0]",3,0,0,,0.375,8
4804,9a3842ab-8861-11f1-bf3b-b48c9db4e1b4,0,"[1, 1, 0, 0, 0, 1, 0, 0]",4,0,0,,0.375,8
4805,9a3842ab-8861-11f1-bf3b-b48c9db4e1b4,0,"[1, 1, 0, 0, 0, 1, 0, 0]",5,1,1,,0.375,8
4806,9a3842ab-8861-11f1-bf3b-b48c9db4e1b4,0,"[1, 1, 0, 0, 0, 1, 0, 0]",6,0,0,,0.375,8
4807,9a3842ab-8861-11f1-bf3b-b48c9db4e1b4,0,"[1, 1, 0, 0, 0, 1, 0, 0]",7,0,0,,0.375,8
4808,9a3842ab-8861-11f1-bf3b-b48c9db4e1b4,1,"[0, 0, 1, 0, 0, 0, 1, 0]",0,0,0,,0.375,8
4809,9a3842ab-8861-11f1-bf3b-b48c9db4e1b4,1,"[0, 0, 1, 0, 0, 0, 1, 0]",1,0,0,,0.375,8
4810,9a3842ab-8861-11f1-bf3b-b48c9db4e1b4,1,"[0, 0, 1, 0, 0, 0, 1, 0]",2,1,1,,0.375,8
4811,9a3842ab-8861-11f1-bf3b-b48c9db4e1b4,1,"[0, 0, 1, 0, 0, 0, 1, 0]",3,0,0,,0.375,8
4812,9a3842ab-8861-11f1-bf3b-b48c9db4e1b4,1,"[0, 0, 1, 0, 0, 0, 1, 0]",4,0,0,,0.375,8
4813,9a3842ab-8861-11f1-bf3b-b48c9db4e1b4,1,"[0, 0, 1, 0, 0, 0, 1, 0]",5,0,0,,0.375,8
4814,9a3842ab-8861-11f1-bf3b-b48c9db4e1b4,1,"[0, 0, 1, 0, 0, 0, 1, 0]",6,1,1,,0.375,8
4815,9a3842ab-8861-11f1-bf3b-b48c9db4e1b4,1,"[0, 0, 1, 0, 0, 0, 1, 0]",7,0,0,,0.375,8
4816,9a3842ab-8861-11f1-bf3b-b48c9db4e1b4,2,"[0, 0, 1, 0, 1, 0, 0, 1]",0,0,0,,0.375,8
4817,9a3842ab-8861-11f1-bf3b-b48c9db4e1b4,2,"[0, 0, 1, 0, 1, 0, 0, 1]",1,0,0,,0.375,8
4818,9a3842ab-8861-11f1-bf3b-b48c9db4e1b4,2,"[0, 0, 1, 0, 1, 0, 0, 1]",2,1,1,,0.375,8
4819,9a3842ab-8861-11f1-bf3b-b48c9db4e1b4,2,"[0, 0, 1, 0, 1, 0, 0, 1]",3,0,0,,0.375,8
4820,9a3842ab-8861-11f1-bf3b-b48c9db4e1b4,2,"[0, 0, 1, 0, 1, 0, 0, 1]",4,1,1,,0.375,8
4821,9a3842ab-8861-11f1-bf3b-b48c9db4e1b4,2,"[0, 0, 1, 0, 1, 0, 0, 1]",5,0,0,,0.375,8
4822,9a3842ab-8861-11f1-bf3b-b48c9db4e1b4,2,"[0, 0, 1, 0, 1, 0, 0, 1]",6,0,0,,0.375,8
4823,9a3842ab-8861-11f1-bf3b-b48c9db4e1b4,2,"[0, 0, 1, 0, 1, 0, 0, 1]",7,1,1,,0.375,8
4824,9a3842ab-8861-11f1-bf3b-b48c9db4e1b4,3,"[0, 0, 0, 0, 1, 1, 1, 1]",0,0,0,,0.375,8
4825,9a3842ab-8861-11f1-bf3b-b48c9db4e1b4,3,"[0, 0, 0, 0, 1, 1, 1, 1]",1,0,0,,0.375,8
4826,9a3842ab-8861-11f1-bf3b-b48c9db4e1b4,3,"[0, 0, 0, 0, 1, 1, 1, 1]",2,0,0,,0.375,8
4827,9a3842ab-8861-11f1-bf3b-b48c9db4e1b4,3,"[0, 0, 0, 0, 1, 1, 1, 1]",3,0,0,,0.375,8
4828,9a3842ab-8861-11f1-bf3b-b48c9db4e1b4,3,"[0, 0, 0, 0, 1, 1, 1, 1]",4,1,-1,,0.375,8
4829,9a3842ab-8861-11f1-bf3b-b48c9db4e1b4,3,"[0, 0, 0, 0, 1, 1, 1, 1]",5,1,-1,,0.375,8
4830,9a3842ab-8861-11f1-bf3b-b48c9db4e1b4,3,"[0, 0, 0, 0, 1, 1, 1, 1]",6,1,-1,,0.375,8
4831,9a3842ab-8861-11f1-bf3b-b48c9db4e1b4,3,"[0, 0, 0, 0, 1, 1, 1, 1]",7,1,-1,,0.375,8
4832,9a3842ab-8861-11f1-bf3b-b48c9db4e1b4,4,"[0, 0, 1, 0, 1, 0, 1, 1]",0,0,0,,0.375,8
4833,9a3842ab-8861-11f1-bf3b-b48c9db4e1b4,4,"[0, 0, 1, 0, 1, 0, 1, 1]",1,0,0,,0.375,8
4834,9a3842ab-8861-11f1-bf3b-b48c9db4e1b4,4,"[0, 0, 1, 0, 1, 0, 1, 1]",2,1,-1,,0.375,8
4835,9a3842ab-8861-11f1-bf3b-b48c9db4e1b4,4,"[0, 0, 1, 0, 1, 0, 1, 1]",3,0,0,,0.375,8
4836,9a3842ab-8861-11f1-bf3b-b48c9db4e1b4,4,"[0, 0, 1, 0, 1, 0, 1, 1]",4,1,-1,,0.375,8
4837,9a3842ab-8861-11f1-bf3b-b48c9db4e1b4,4,"[0, 0, 1, 0, 1, 0, 1, 1]",5,0,0,,0.375,8
4838,9a3842ab-8861-11f1-bf3b-b48c9db4e1b4,4,"[0, 0, 1, 0, 1, 0, 1, 1]",6,1,-1,,0.375,8
4839,9a3842ab-8861-11f1-bf3b-b48c9db4e1b4,4,"[0, 0, 1, 0, 1, 0, 1, 1]",7,1,-1,,0.375,8
4840,9a3842ab-8861-11f1-bf3b-b48c9db4e1b4,5,"[1, 1, 0, 1, 0, 1, 0, 1]",0,1,-1,,0.375,8
4841,9a3842ab-8861-11f1-bf3b-b48c9db4e1b4,5,"[1, 1, 0, 1, 0, 1, 0, 1]",1,1,-1,,0.375,8
4842,9a3842ab-8861-11f1-bf3b-b48c9db4e1b4,5,"[1, 1, 0, 1, 0, 1, 0, 1]",2,0,0,,0.375,8
4843,9a3842ab-8861-11f1-bf3b-b48c9db4e1b4,5,"[1, 1, 0, 1, 0, 1, 0, 1]",3,1,-1,,0.375,8
4844,9a3842ab-8861-11f1-bf3b-b48c9db4e1b4,5,"[1, 1, 0, 1, 0, 1, 0, 1]",4,0,0,,0.375,8
4845,9a3842ab-8861-11f1-bf3b-b48c9db4e1b4,5,"[1, 1, 0, 1, 0, 1, 0, 1]",5,1,-1,,0.375,8
4846,9a3842ab-8861-11f1-bf3b-b48c9db4e1b4,5,"[1, 1, 0, 1, 0, 1, 0, 1]",6,0,0,,0.375,8
4847,9a3842ab-8861-11f1-bf3b-b48c9db4e1b4,5,"[1, 1, 0, 1, 0, 1, 0, 1]",7,1,-1,,0.375,8
4848,9a3842ab-8861-11f1-bf3b-b48c9db4e1b4,6,"[1, 0, 1, 1, 1, 1, 0, 1]",0,1,-1,,0.375,8
4849,9a3842ab-8861-11f1-bf3b-b48c9db4e1b4,6,"[1, 0, 1, 1, 1, 1, 0, 1]",1,0,0,,0.375,8
4850,9a3842ab-8861-11f1-bf3b-b48c9db4e1b4,6,"[1, 0, 1, 1, 1, 1, 0, 1]",2,1,-1,,0.375,8
4851,9a3842ab-8861-11f1-bf3b-b48c9db4e1b4,6,"[1, 0, 1, 1, 1, 1, 0, 1]",3,1,-1,,0.375,8
4852,9a3842ab-8861-11f1-bf3b-b48c9db4e1b4,6,"[1, 0, 1, 1, 1, 1, 0, 1]",4,1,-1,,0.375,8
4853,9a3842ab-8861-11f1-bf3b-b48c9db4e1b4,6,"[1, 0, 1, 1, 1, 1, 0, 1]",5,1,-1,,0.375,8
4854,9a3842ab-8861-11f1-bf3b-b48c9db4e1b4,6,"[1, 0, 1, 1, 1, 1, 0, 1]",6,0,0,,0.375,8
4855,9a3842ab-8861-11f1-bf3b-b48c9db4e1b4,6,"[1, 0, 1, 1, 1, 1, 0, 1]",7,1,-1,,0.375,8
4856,9a3842ab-8861-11f1-bf3b-b48c9db4e1b4,7,"[0, 1, 0, 1, 0, 1, 1, 0]",0,0,0,,0.375,8
4857,9a3842ab-8861-11f1-bf3b-b48c9db4e1b4,7,"[0, 1, 0, 1, 0, 1, 1, 0]",1,1,-1,,0.375,8
4858,9a3842ab-8861-11f1-bf3b-b48c9db4e1b4,7,"[0, 1, 0, 1, 0, 1, 1, 0]",2,0,0,,0.375,8
4859,9a3842ab-8861-11f1-bf3b-b48c9db4e1b4,7,"[0, 1, 0, 1, 0, 1, 1, 0]",3,1,-1,,0.375,8
4860,9a3842ab-8861-11f1-bf3b-b48c9db4e1b4,7,"[0, 1, 0, 1, 0, 1, 1, 0]",4,0,0,,0.375,8
4861,9a3842ab-8861-11f1-bf3b-b48c9db4e1b4,7,"[0, 1, 0, 1, 0, 1, 1, 0]",5,1,-1,,0.375,8
4862,9a3842ab-8861-11f1-bf3b-b48c9db4e1b4,7,"[0, 1, 0, 1, 0, 1, 1, 0]",6,1,-1,,0.375,8
4863,9a3842ab-8861-11f1-bf3b-b48c9db4e1b4,7,"[0, 1, 0, 1, 0, 1, 1, 0]",7,0,0,,0.375,8
4864,9a3842ab-8861-11f1-bf3b-b48c9db4e1b4,8,"[1, 1, 0, 0, 0, 1, 1, 0]",0,1,-1,,0.375,8
4865,9a3842ab-8861-11f1-bf3b-b48c9db4e1b4,8,"[1, 1, 0, 0, 0, 1, 1, 0]",1,1,-1,,0.375,8
4866,9a3842ab-8861-11f1-bf3b-b48c9db4e1b4,8,"[1, 1, 0, 0, 0, 1, 1, 0]",2,0,0,,0.375,8
4867,9a3842ab-8861-11f1-bf3b-b48c9db4e1b4,8,"[1, 1, 0, 0, 0, 1, 1, 0]",3,0,0,,0.375,8
4868,9a3842ab-8861-11f1-bf3b-b48c9db4e1b4,8,"[1, 1, 0, 0, 0, 1, 1, 0]",4,0,0,,0.375,8
4869,9a3842ab-8861-11f1-bf3b-b48c9db4e1b4,8,"[1, 1, 0, 0, 0, 1, 1, 0]",5,1,-1,,0.375,8
4870,9a3842ab-8861-11f1-bf3b-b48c9db4e1b4,8,"[1, 1, 0, 0, 0, 1, 1, 0]",6,1,-1,,0.375,8
4871,9a3842ab-8861-11f1-bf3b-b48c9db4e1b4,8,"[1, 1, 0, 0, 0, 1, 1, 0]",7,0,0,,0.375,8
4872,9a3842ab-8861-11f1-bf3b-b48c9db4e1b4,9,"[0, 1, 1, 0, 0, 0, 0, 0]",0,0,0,,0.375,8
4873,9a3842ab-8861-11f1-bf3b-b48c9db4e1b4,9,"[0, 1, 1, 0, 0, 0, 0, 0]",1,1,1,,0.375,8
4874,9a3842ab-8861-11f1-bf3b-b48c9db4e1b4,9,"[0, 1, 1, 0, 0, 0, 0, 0]",2,1,1,,0.375,8
4875,9a3842ab-8861-11f1-bf3b-b48c9db4e1b4,9,"[0, 1, 1, 0, 0, 0, 0, 0]",3,0,0,,0.375,8
4876,9a3842ab-8861-11f1-bf3b-b48c9db4e1b4,9,"[0, 1, 1, 0, 0, 0, 0, 0]",4,0,0,,0.375,8
4877,9a3842ab-8861-11f1-bf3b-b48c9db4e1b4,9,"[0, 1, 1, 0, 0, 0, 0, 0]",5,0,0,,0.375,8
4878,9a3842ab-8861-11f1-bf3b-b48c9db4e1b4,9,"[0, 1, 1, 0, 0, 0, 0, 0]",6,0,0,,0.375,8
4879,9a3842ab-8861-11f1-bf3b-b48c9db4e1b4,9,"[0, 1, 1, 0, 0, 0, 0, 0]",7,0,0,,0.375,8
4880,9a3842ab-8861-11f1-bf3b-b48c9db4e1b4,10,"[0, 0, 1, 1, 1, 1, 1, 1]",0,0,0,,0.375,8
4881,9a3842ab-8861-11f1-bf3b-b48c9db4e1b4,10,"[0, 0, 1, 1, 1, 1, 1, 1]",1,0,0,,0.375,8
4882,9a3842ab-8861-11f1-bf3b-b48c9db4e1b4,10,"[0, 0, 1, 1, 1, 1, 1, 1]",2,1,-1,,0.375,8
4883,9a3842ab-8861-11f1-bf3b-b48c9db4e1b4,10,"[0, 0, 1, 1, 1, 1, 1, 1]",3,1,-1,,0.375,8
4884,9a3842ab-8861-11f1-bf3b-b48c9db4e1b4,10,"[0, 0, 1, 1, 1, 1, 1, 1]",4,1,-1,,0.375,8
4885,9a3842ab-8861-11f1-bf3b-b48c9db4e1b4,10,"[0, 0, 1, 1, 1, 1, 1, 1]",5,1,-1,,0.375,8
4886,9a3842ab-8861-11f1-bf3b-b48c9db4e1b4,10,"[0, 0, 1, 1, 1, 1, 1, 1]",6,1,-1,,0.375,8
4887,9a3842ab-8861-11f1-bf3b-b48c9db4e1b4,10,"[0, 0, 1, 1, 1, 1, 1, 1]",7,1,-1,,0.375,8
4888,9a3842ab-8861-11f1-bf3b-b48c9db4e1b4,11,"[0, 1, 1, 1, 1, 1, 0, 1]",0,0,0,,0.375,8
4889,9a3842ab-8861-11f1-bf3b-b48c9db4e1b4,11,"[0, 1, 1, 1, 1, 1, 0, 1]",1,1,-1,,0.375,8
4890,9a3842ab-8861-11f1-bf3b-b48c9db4e1b4,11,"[0, 1, 1, 1, 1, 1, 0, 1]",2,1,-1,,0.375,8
4891,9a3842ab-8861-11f1-bf3b-b48c9db4e1b4,11,"[0, 1, 1, 1, 1, 1, 0, 1]",3,1,-1,,0.375,8
4892,9a3842ab-8861-11f1-bf3b-b48c9db4e1b4,11,"[0, 1, 1, 1, 1, 1, 0, 1]",4,1,-1,,0.375,8
4893,9a3842ab-8861-11f1-bf3b-b48c9db4e1b4,11,"[0, 1, 1, 1, 1, 1, 0, 1]",5,1,-1,,0.375,8
4894,9a3842ab-8861-11f1-bf3b-b48c9db4e1b4,11,"[0, 1, 1, 1, 1, 1, 0, 1]",6,0,0,,0.375,8
4895,9a3842ab-8861-11f1-bf3b-b48c9db4e1b4,11,"[0, 1, 1, 1, 1, 1, 0, 1]",7,1,-1,,0.375,8
4896,9a3842ab-8861-11f1-bf3b-b48c9db4e1b4,12,"[0, 0, 0, 0, 0, 0, 1, 0]",0,0,0,,0.375,8
4897,9a3842ab-8861-11f1-bf3b-b48c9db4e1b4,12,"[0, 0, 0, 0, 0, 0, 1, 0]",1,0,0,,0.375,8
4898,9a3842ab-8861-11f1-bf3b-b48c9db4e1b4,12,"[0, 0, 0, 0, 0, 0, 1, 0]",2,0,0,,0.375,8
4899,9a3842ab-8861-11f1-bf3b-b48c9db4e1b4,12,"[0, 0, 0, 0, 0, 0, 1, 0]",3,0,0,,0.375,8
4900,9a3842ab-8861-11f1-bf3b-b48c9db4e1b4,12,"[0, 0, 0, 0, 0, 0, 1, 0]",4,0,0,,0.375,8
4901,9a3842ab-8861-11f1-bf3b-b48c9db4e1b4,12,"[0, 0, 0, 0, 0, 0, 1, 0]",5,0,0,,0.375,8
4902,9a3842ab-8861-11f1-bf3b-b48c9db4e1b4,12,"[0, 0, 0, 0, 0, 0, 1, 0]",6,1,1,,0.375,8
4903,9a3842ab-8861-11f1-bf3b-b48c9db4e1b4,12,"[0, 0, 0, 0, 0, 0, 1, 0]",7,0,0,,0.375,8
4904,9a3842ab-8861-11f1-bf3b-b48c9db4e1b4,13,"[1, 0, 1, 0, 0, 1, 1, 0]",0,1,-1,,0.375,8
4905,9a3842ab-8861-11f1-bf3b-b48c9db4e1b4,13,"[1, 0, 1, 0, 0, 1, 1, 0]",1,0,0,,0.375,8
4906,9a3842ab-8861-11f1-bf3b-b48c9db4e1b4,13,"[1, 0, 1, 0, 0, 1, 1, 0]",2,1,-1,,0.375,8
4907,9a3842ab-8861-11f1-bf3b-b48c9db4e1b4,13,"[1, 0, 1, 0, 0, 1, 1, 0]",3,0,0,,0.375,8
4908,9a3842ab-8861-11f1-bf3b-b48c9db4e1b4,13,"[1, 0, 1, 0, 0, 1, 1, 0]",4,0,0,,0.375,8
4909,9a3842ab-8861-11f1-bf3b-b48c9db4e1b4,13,"[1, 0, 1, 0, 0, 1, 1, 0]",5,1,-1,,0.375,8
4910,9a3842ab-8861-11f1-bf3b-b48c9db4e1b4,13,"[1, 0, 1, 0, 0, 1, 1, 0]",6,1,-1,,0.375,8
4911,9a3842ab-8861-11f1-bf3b-b48c9db4e1b4,13,"[1, 0, 1, 0, 0, 1, 1, 0]",7,0,0,,0.375,8
4912,9a3842ab-8861-11f1-bf3b-b48c9db4e1b4,14,"[1, 1, 1, 1, 1, 1, 0, 1]",0,1,-1,,0.375,8
4913,9a3842ab-8861-11f1-bf3b-b48c9db4e1b4,14,"[1, 1, 1, 1, 1, 1, 0, 1]",1,1,-1,,0.375,8
4914,9a3842ab-8861-11f1-bf3b-b48c9db4e1b4,14,"[1, 1, 1, 1, 1, 1, 0, 1]",2,1,-1,,0.375,8
4915,9a3842ab-8861-11f1-bf3b-b48c9db4e1b4,14,"[1, 1, 1, 1, 1, 1, 0, 1]",3,1,-1,,0.375,8
4916,9a3842ab-8861-11f1-bf3b-b48c9db4e1b4,14,"[1, 1, 1, 1, 1, 1, 0, 1]",4,1,-1,,0.375,8
4917,9a3842ab-8861-11f1-bf3b-b48c9db4e1b4,14,"[1, 1, 1, 1, 1, 1, 0, 1]",5,1,-1,,0.375,8
4918,9a3842ab-8861-11f1-bf3b-b48c9db4e1b4,14,"[1, 1, 1, 1, 1, 1, 0, 1]",6,0,0,,0.375,8
4919,9a3842ab-8861-11f1-bf3b-b48c9db4e1b4,14,"[1, 1, 1, 1, 1, 1, 0, 1]",7,1,-1,,0.375,8
4920,9a3842ab-8861-11f1-bf3b-b48c9db4e1b4,15,"[0, 1, 1, 0, 1, 0, 1, 1]",0,0,0,,0.375,8
4921,9a3842ab-8861-11f1-bf3b-b48c9db4e1b4,15,"[0, 1, 1, 0, 1, 0, 1, 1]",1,1,-1,,0.375,8
4922,9a3842ab-8861-11f1-bf3b-b48c9db4e1b4,15,"[0, 1, 1, 0, 1, 0, 1, 1]",2,1,-1,,0.375,8
4923,9a3842ab-8861-11f1-bf3b-b48c9db4e1b4,15,"[0, 1, 1, 0, 1, 0, 1, 1]",3,0,0,,0.375,8
4924,9a3842ab-8861-11f1-bf3b-b48c9db4e1b4,15,"[0, 1, 1, 0, 1, 0, 1, 1]",4,1,-1,,0.375,8
4925,9a3842ab-8861-11f1-bf3b-b48c9db4e1b4,15,"[0, 1, 1, 0, 1, 0, 1, 1]",5,0,0,,0.375,8
4926,9a3842ab-8861-11f1-bf3b-b48c9db4e1b4,15,"[0, 1, 1, 0, 1, 0, 1, 1]",6,1,-1,,0.375,8
4927,9a3842ab-8861-11f1-bf3b-b48c9db4e1b4,15,"[0, 1, 1, 0, 1, 0, 1, 1]",7,1,-1,,0.375,8
4928,9a3842ab-8861-11f1-bf3b-b48c9db4e1b4,16,"[1, 1, 0, 1, 1, 0, 0, 1]",0,1,-1,,0.375,8
4929,9a3842ab-8861-11f1-bf3b-b48c9db4e1b4,16,"[1, 1, 0, 1, 1, 0, 0, 1]",1,1,-1,,0.375,8
4930,9a3842ab-8861-11f1-bf3b-b48c9db4e1b4,16,"[1, 1, 0, 1, 1, 0, 0, 1]",2,0,0,,0.375,8
4931,9a3842ab-8861-11f1-bf3b-b48c9db4e1b4,16,"[1, 1, 0, 1, 1, 0, 0, 1]",3,1,-1,,0.375,8
4932,9a3842ab-8861-11f1-bf3b-b48c9db4e1b4,16,"[1, 1, 0, 1, 1, 0, 0, 1]",4,1,-1,,0.375,8
4933,9a3842ab-8861-11f1-bf3b-b48c9db4e1b4,16,"[1, 1, 0, 1, 1, 0, 0, 1]",5,0,0,,0.375,8
4934,9a3842ab-8861-11f1-bf3b-b48c9db4e1b4,16,"[1, 1, 0, 1, 1, 0, 0, 1]",6,0,0,,0.375,8
4935,9a3842ab-8861-11f1-bf3b-b48c9db4e1b4,16,"[1, 1, 0, 1, 1, 0, 0, 1]",7,1,-1,,0.375,8
4936,9a3842ab-8861-11f1-bf3b-b48c9db4e1b4,17,"[1, 0, 1, 1, 0, 0, 0, 1]",0,1,-1,,0.375,8
4937,9a3842ab-8861-11f1-bf3b-b48c9db4e1b4,17,"[1, 0, 1, 1, 0, 0, 0, 1]",1,0,0,,0.375,8
4938,9a3842ab-8861-11f1-bf3b-b48c9db4e1b4,17,"[1, 0, 1, 1, 0, 0, 0, 1]",2,1,-1,,0.375,8
4939,9a3842ab-8861-11f1-bf3b-b48c9db4e1b4,17,"[1, 0, 1, 1, 0, 0, 0, 1]",3,1,-1,,0.375,8
4940,9a3842ab-8861-11f1-bf3b-b48c9db4e1b4,17,"[1, 0, 1, 1, 0, 0, 0, 1]",4,0,0,,0.375,8
4941,9a3842ab-8861-11f1-bf3b-b48c9db4e1b4,17,"[1, 0, 1, 1, 0, 0, 0, 1]",5,0,0,,0.375,8
4942,9a3842ab-8861-11f1-bf3b-b48c9db4e1b4,17,"[1, 0, 1, 1, 0, 0, 0, 1]",6,0,0,,0.375,8
4943,9a3842ab-8861-11f1-bf3b-b48c9db4e1b4,17,"[1, 0, 1, 1, 0, 0, 0, 1]",7,1,-1,,0.375,8
4944,9a3842ab-8861-11f1-bf3b-b48c9db4e1b4,18,"[0, 0, 1, 1, 1, 1, 1, 0]",0,0,0,,0.375,8
4945,9a3842ab-8861-11f1-bf3b-b48c9db4e1b4,18,"[0, 0, 1, 1, 1, 1, 1, 0]",1,0,0,,0.375,8
4946,9a3842ab-8861-11f1-bf3b-b48c9db4e1b4,18,"[0, 0, 1, 1, 1, 1, 1, 0]",2,1,-1,,0.375,8
4947,9a3842ab-8861-11f1-bf3b-b48c9db4e1b4,18,"[0, 0, 1, 1, 1, 1, 1, 0]",3,1,-1,,0.375,8
4948,9a3842ab-8861-11f1-bf3b-b48c9db4e1b4,18,"[0, 0, 1, 1, 1, 1, 1, 0]",4,1,-1,,0.375,8
4949,9a3842ab-8861-11f1-bf3b-b48c9db4e1b4,18,"[0, 0, 1, 1, 1, 1, 1, 0]",5,1,-1,,0.375,8
4950,9a3842ab-8861-11f1-bf3b-b48c9db4e1b4,18,"[0, 0, 1, 1, 1, 1, 1, 0]",6,1,-1,,0.375,8
4951,9a3842ab-8861-11f1-bf3b-b48c9db4e1b4,18,"[0, 0, 1, 1, 1, 1, 1, 0]",7,0,0,,0.375,8
4952,9a3842ab-8861-11f1-bf3b-b48c9db4e1b4,19,"[0, 0, 1, 0, 1, 0, 1, 1]",0,0,0,,0.375,8
4953,9a3842ab-8861-11f1-bf3b-b48c9db4e1b4,19,"[0, 0, 1, 0, 1, 0, 1, 1]",1,0,0,,0.375,8
4954,9a3842ab-8861-11f1-bf3b-b48c9db4e1b4,19,"[0, 0, 1, 0, 1, 0, 1, 1]",2,1,-1,,0.375,8
4955,9a3842ab-8861-11f1-bf3b-b48c9db4e1b4,19,"[0, 0, 1, 0, 1, 0, 1, 1]",3,0,0,,0.375,8
4956,9a3842ab-8861-11f1-bf3b-b48c9db4e1b4,19,"[0, 0, 1, 0, 1, 0, 1, 1]",4,1,-1,,0.375,8
4957,9a3842ab-8861-11f1-bf3b-b48c9db4e1b4,19,"[0, 0, 1, 0, 1, 0, 1, 1]",5,0,0,,0.375,8
4958,9a3842ab-8861-11f1-bf3b-b48c9db4e1b4,19,"[0, 0, 1, 0, 1, 0, 1, 1]",6,1,-1,,0.375,8
4959,9a3842ab-8861-11f1-bf3b-b48c9db4e1b4,19,"[0, 0, 1, 0, 1, 0, 1, 1]",7,1,-1,,0.375,8
4960,9a3b1d73-8861-11f1-82bf-b48c9db4e1b4,0,"[1, 1, 1, 0, 1, 0, 1, 1]",0,1,-1,,0.375,8
4961,9a3b1d73-8861-11f1-82bf-b48c9db4e1b4,0,"[1, 1, 1, 0, 1, 0, 1, 1]",1,1,-1,,0.375,8
4962,9a3b1d73-8861-11f1-82bf-b48c9db4e1b4,0,"[1, 1, 1, 0, 1, 0, 1, 1]",2,1,-1,,0.375,8
4963,9a3b1d73-8861-11f1-82bf-b48c9db4e1b4,0,"[1, 1, 1, 0, 1, 0, 1, 1]",3,0,0,,0.375,8
4964,9a3b1d73-8861-11f1-82bf-b48c9db4e1b4,0,"[1, 1, 1, 0, 1, 0, 1, 1]",4,1,-1,,0.375,8
4965,9a3b1d73-8861-11f1-82bf-b48c9db4e1b4,0,"[1, 1, 1, 0, 1, 0, 1, 1]",5,0,0,,0.375,8
4966,9a3b1d73-8861-11f1-82bf-b48c9db4e1b4,0,"[1, 1, 1, 0, 1, 0, 1, 1]",6,1,-1,,0.375,8
4967,9a3b1d73-8861-11f1-82bf-b48c9db4e1b4,0,"[1, 1, 1, 0, 1, 0, 1, 1]",7,1,-1,,0.375,8
4968,9a3b1d73-8861-11f1-82bf-b48c9db4e1b4,1,"[0, 0, 1, 1, 0, 0, 0, 1]",0,0,0,,0.375,8
4969,9a3b1d73-8861-11f1-82bf-b48c9db4e1b4,1,"[0, 0, 1, 1, 0, 0, 0, 1]",1,0,0,,0.375,8
4970,9a3b1d73-8861-11f1-82bf-b48c9db4e1b4,1,"[0, 0, 1, 1, 0, 0, 0, 1]",2,1,1,,0.375,8
4971,9a3b1d73-8861-11f1-82bf-b48c9db4e1b4,1,"[0, 0, 1, 1, 0, 0, 0, 1]",3,1,1,,0.375,8
4972,9a3b1d73-8861-11f1-82bf-b48c9db4e1b4,1,"[0, 0, 1, 1, 0, 0, 0, 1]",4,0,0,,0.375,8
4973,9a3b1d73-8861-11f1-82bf-b48c9db4e1b4,1,"[0, 0, 1, 1, 0, 0, 0, 1]",5,0,0,,0.375,8
4974,9a3b1d73-8861-11f1-82bf-b48c9db4e1b4,1,"[0, 0, 1, 1, 0, 0, 0, 1]",6,0,0,,0.375,8
4975,9a3b1d73-8861-11f1-82bf-b48c9db4e1b4,1,"[0, 0, 1, 1, 0, 0, 0, 1]",7,1,1,,0.375,8
4976,9a3b1d73-8861-11f1-82bf-b48c9db4e1b4,2,"[1, 1, 1, 0, 1, 1, 1, 1]",0,1,-1,,0.375,8
4977,9a3b1d73-8861-11f1-82bf-b48c9db4e1b4,2,"[1, 1, 1, 0, 1, 1, 1, 1]",1,1,-1,,0.375,8
4978,9a3b1d73-8861-11f1-82bf-b48c9db4e1b4,2,"[1, 1, 1, 0, 1, 1, 1, 1]",2,1,-1,,0.375,8
4979,9a3b1d73-8861-11f1-82bf-b48c9db4e1b4,2,"[1, 1, 1, 0, 1, 1, 1, 1]",3,0,0,,0.375,8
4980,9a3b1d73-8861-11f1-82bf-b48c9db4e1b4,2,"[1, 1, 1, 0, 1, 1, 1, 1]",4,1,-1,,0.375,8
4981,9a3b1d73-8861-11f1-82bf-b48c9db4e1b4,2,"[1, 1, 1, 0, 1, 1, 1, 1]",5,1,-1,,0.375,8
4982,9a3b1d73-8861-11f1-82bf-b48c9db4e1b4,2,"[1, 1, 1, 0, 1, 1, 1, 1]",6,1,-1,,0.375,8
4983,9a3b1d73-8861-11f1-82bf-b48c9db4e1b4,2,"[1, 1, 1, 0, 1, 1, 1, 1]",7,1,-1,,0.375,8
4984,9a3b1d73-8861-11f1-82bf-b48c9db4e1b4,3,"[0, 0, 0, 1, 0, 0, 0, 0]",0,0,0,,0.375,8
4985,9a3b1d73-8861-11f1-82bf-b48c9db4e1b4,3,"[0, 0, 0, 1, 0, 0, 0, 0]",1,0,0,,0.375,8
4986,9a3b1d73-8861-11f1-82bf-b48c9db4e1b4,3,"[0, 0, 0, 1, 0, 0, 0, 0]",2,0,0,,0.375,8
4987,9a3b1d73-8861-11f1-82bf-b48c9db4e1b4,3,"[0, 0, 0, 1, 0, 0, 0, 0]",3,1,1,,0.375,8
4988,9a3b1d73-8861-11f1-82bf-b48c9db4e1b4,3,"[0, 0, 0, 1, 0, 0, 0, 0]",4,0,0,,0.375,8
4989,9a3b1d73-8861-11f1-82bf-b48c9db4e1b4,3,"[0, 0, 0, 1, 0, 0, 0, 0]",5,0,0,,0.375,8
4990,9a3b1d73-8861-11f1-82bf-b48c9db4e1b4,3,"[0, 0, 0, 1, 0, 0, 0, 0]",6,0,0,,0.375,8
4991,9a3b1d73-8861-11f1-82bf-b48c9db4e1b4,3,"[0, 0, 0, 1, 0, 0, 0, 0]",7,0,0,,0.375,8
4992,9a3b1d73-8861-11f1-82bf-b48c9db4e1b4,4,"[0, 1, 1, 0, 1, 0, 1, 0]",0,0,0,,0.375,8
4993,9a3b1d73-8861-11f1-82bf-b48c9db4e1b4,4,"[0, 1, 1, 0, 1, 0, 1, 0]",1,1,-1,,0.375,8
4994,9a3b1d73-8861-11f1-82bf-b48c9db4e1b4,4,"[0, 1, 1, 0, 1, 0, 1, 0]",2,1,-1,,0.375,8
4995,9a3b1d73-8861-11f1-82bf-b48c9db4e1b4,4,"[0, 1, 1, 0, 1, 0, 1, 0]",3,0,0,,0.375,8
4996,9a3b1d73-8861-11f1-82bf-b48c9db4e1b4,4,"[0, 1, 1, 0, 1, 0, 1, 0]",4,1,-1,,0.375,8
4997,9a3b1d73-8861-11f1-82bf-b48c9db4e1b4,4,"[0, 1, 1, 0, 1, 0, 1, 0]",5,0,0,,0.375,8
4998,9a3b1d73-8861-11f1-82bf-b48c9db4e1b4,4,"[0, 1, 1, 0, 1, 0, 1, 0]",6,1,-1,,0.375,8
4999,9a3b1d73-8861-11f1-82bf-b48c9db4e1b4,4,"[0, 1, 1, 0, 1, 0, 1, 0]",7,0,0,,0.375,8
5000,9a3b1d73-8861-11f1-82bf-b48c9db4e1b4,5,"[0, 1, 1, 1, 1, 0, 0, 1]",0,0,0,,0.375,8
5001,9a3b1d73-8861-11f1-82bf-b48c9db4e1b4,5,"[0, 1, 1, 1, 1, 0, 0, 1]",1,1,-1,,0.375,8
5002,9a3b1d73-8861-11f1-82bf-b48c9db4e1b4,5,"[0, 1, 1, 1, 1, 0, 0, 1]",2,1,-1,,0.375,8
5003,9a3b1d73-8861-11f1-82bf-b48c9db4e1b4,5,"[0, 1, 1, 1, 1, 0, 0, 1]",3,1,-1,,0.375,8
5004,9a3b1d73-8861-11f1-82bf-b48c9db4e1b4,5,"[0, 1, 1, 1, 1, 0, 0, 1]",4,1,-1,,0.375,8
5005,9a3b1d73-8861-11f1-82bf-b48c9db4e1b4,5,"[0, 1, 1, 1, 1, 0, 0, 1]",5,0,0,,0.375,8
5006,9a3b1d73-8861-11f1-82bf-b48c9db4e1b4,5,"[0, 1, 1, 1, 1, 0, 0, 1]",6,0,0,,0.375,8
5007,9a3b1d73-8861-11f1-82bf-b48c9db4e1b4,5,"[0, 1, 1, 1, 1, 0, 0, 1]",7,1,-1,,0.375,8
5008,9a3b1d73-8861-11f1-82bf-b48c9db4e1b4,6,"[1, 0, 1, 1, 0, 0, 1, 0]",0,1,-1,,0.375,8
5009,9a3b1d73-8861-11f1-82bf-b48c9db4e1b4,6,"[1, 0, 1, 1, 0, 0, 1, 0]",1,0,0,,0.375,8
5010,9a3b1d73-8861-11f1-82bf-b48c9db4e1b4,6,"[1, 0, 1, 1, 0, 0, 1, 0]",2,1,-1,,0.375,8
5011,9a3b1d73-8861-11f1-82bf-b48c9db4e1b4,6,"[1, 0, 1, 1, 0, 0, 1, 0]",3,1,-1,,0.375,8
5012,9a3b1d73-8861-11f1-82bf-b48c9db4e1b4,6,"[1, 0, 1, 1, 0, 0, 1, 0]",4,0,0,,0.375,8
5013,9a3b1d73-8861-11f1-82bf-b48c9db4e1b4,6,"[1, 0, 1, 1, 0, 0, 1, 0]",5,0,0,,0.375,8
5014,9a3b1d73-8861-11f1-82bf-b48c9db4e1b4,6,"[1, 0, 1, 1, 0, 0, 1, 0]",6,1,-1,,0.375,8
5015,9a3b1d73-8861-11f1-82bf-b48c9db4e1b4,6,"[1, 0, 1, 1, 0, 0, 1, 0]",7,0,0,,0.375,8
5016,9a3b1d73-8861-11f1-82bf-b48c9db4e1b4,7,"[1, 1, 0, 1, 0, 0, 0, 1]",0,1,-1,,0.375,8
5017,9a3b1d73-8861-11f1-82bf-b48c9db4e1b4,7,"[1, 1, 0, 1, 0, 0, 0, 1]",1,1,-1,,0.375,8
5018,9a3b1d73-8861-11f1-82bf-b48c9db4e1b4,7,"[1, 1, 0, 1, 0, 0, 0, 1]",2,0,0,,0.375,8
5019,9a3b1d73-8861-11f1-82bf-b48c9db4e1b4,7,"[1, 1, 0, 1, 0, 0, 0, 1]",3,1,-1,,0.375,8
5020,9a3b1d73-8861-11f1-82bf-b48c9db4e1b4,7,"[1, 1, 0, 1, 0, 0, 0, 1]",4,0,0,,0.375,8
5021,9a3b1d73-8861-11f1-82bf-b48c9db4e1b4,7,"[1, 1, 0, 1, 0, 0, 0, 1]",5,0,0,,0.375,8
5022,9a3b1d73-8861-11f1-82bf-b48c9db4e1b4,7,"[1, 1, 0, 1, 0, 0, 0, 1]",6,0,0,,0.375,8
5023,9a3b1d73-8861-11f1-82bf-b48c9db4e1b4,7,"[1, 1, 0, 1, 0, 0, 0, 1]",7,1,-1,,0.375,8
5024,9a3b1d73-8861-11f1-82bf-b48c9db4e1b4,8,"[0, 1, 1, 0, 1, 0, 0, 1]",0,0,0,,0.375,8
5025,9a3b1d73-8861-11f1-82bf-b48c9db4e1b4,8,"[0, 1, 1, 0, 1, 0, 0, 1]",1,1,-1,,0.375,8
5026,9a3b1d73-8861-11f1-82bf-b48c9db4e1b4,8,"[0, 1, 1, 0, 1, 0, 0, 1]",2,1,-1,,0.375,8
5027,9a3b1d73-8861-11f1-82bf-b48c9db4e1b4,8,"[0, 1, 1, 0, 1, 0, 0, 1]",3,0,0,,0.375,8
5028,9a3b1d73-8861-11f1-82bf-b48c9db4e1b4,8,"[0, 1, 1, 0, 1, 0, 0, 1]",4,1,-1,,0.375,8
5029,9a3b1d73-8861-11f1-82bf-b48c9db4e1b4,8,"[0, 1, 1, 0, 1, 0, 0, 1]",5,0,0,,0.375,8
5030,9a3b1d73-8861-11f1-82bf-b48c9db4e1b4,8,"[0, 1, 1, 0, 1, 0, 0, 1]",6,0,0,,0.375,8
5031,9a3b1d73-8861-11f1-82bf-b48c9db4e1b4,8,"[0, 1, 1, 0, 1, 0, 0, 1]",7,1,-1,,0.375,8
5032,9a3b1d73-8861-11f1-82bf-b48c9db4e1b4,9,"[1, 1, 1, 0, 0, 0, 0, 0]",0,1,1,,0.375,8
5033,9a3b1d73-8861-11f1-82bf-b48c9db4e1b4,9,"[1, 1, 1, 0, 0, 0, 0, 0]",1,1,1,,0.375,8
5034,9a3b1d73-8861-11f1-82bf-b48c9db4e1b4,9,"[1, 1, 1, 0, 0, 0, 0, 0]",2,1,1,,0.375,8
5035,9a3b1d73-8861-11f1-82bf-b48c9db4e1b4,9,"[1, 1, 1, 0, 0, 0, 0, 0]",3,0,0,,0.375,8
5036,9a3b1d73-8861-11f1-82bf-b48c9db4e1b4,9,"[1, 1, 1, 0, 0, 0, 0, 0]",4,0,0,,0.375,8
5037,9a3b1d73-8861-11f1-82bf-b48c9db4e1b4,9,"[1, 1, 1, 0, 0, 0, 0, 0]",5,0,0,,0.375,8
5038,9a3b1d73-8861-11f1-82bf-b48c9db4e1b4,9,"[1, 1, 1, 0, 0, 0, 0, 0]",6,0,0,,0.375,8
5039,9a3b1d73-8861-11f1-82bf-b48c9db4e1b4,9,"[1, 1, 1, 0, 0, 0, 0, 0]",7,0,0,,0.375,8
5040,9a3b1d73-8861-11f1-82bf-b48c9db4e1b4,10,"[0, 0, 1, 0, 1, 1, 0, 1]",0,0,0,,0.375,8
5041,9a3b1d73-8861-11f1-82bf-b48c9db4e1b4,10,"[0, 0, 1, 0, 1, 1, 0, 1]",1,0,0,,0.375,8
5042,9a3b1d73-8861-11f1-82bf-b48c9db4e1b4,10,"[0, 0, 1, 0, 1, 1, 0, 1]",2,1,-1,,0.375,8
5043,9a3b1d73-8861-11f1-82bf-b48c9db4e1b4,10,"[0, 0, 1, 0, 1, 1, 0, 1]",3,0,0,,0.375,8
5044,9a3b1d73-8861-11f1-82bf-b48c9db4e1b4,10,"[0, 0, 1, 0, 1, 1, 0, 1]",4,1,-1,,0.375,8
5045,9a3b1d73-8861-11f1-82bf-b48c9db4e1b4,10,"[0, 0, 1, 0, 1, 1, 0, 1]",5,1,-1,,0.375,8
5046,9a3b1d73-8861-11f1-82bf-b48c9db4e1b4,10,"[0, 0, 1, 0, 1, 1, 0, 1]",6,0,0,,0.375,8
5047,9a3b1d73-8861-11f1-82bf-b48c9db4e1b4,10,"[0, 0, 1, 0, 1, 1, 0, 1]",7,1,-1,,0.375,8
5048,9a3b1d73-8861-11f1-82bf-b48c9db4e1b4,11,"[1, 0, 0, 0, 1, 1, 1, 0]",0,1,-1,,0.375,8
5049,9a3b1d73-8861-11f1-82bf-b48c9db4e1b4,11,"[1, 0, 0, 0, 1, 1, 1, 0]",1,0,0,,0.375,8
5050,9a3b1d73-8861-11f1-82bf-b48c9db4e1b4,11,"[1, 0, 0, 0, 1, 1, 1, 0]",2,0,0,,0.375,8
5051,9a3b1d73-8861-11f1-82bf-b48c9db4e1b4,11,"[1, 0, 0, 0, 1, 1, 1, 0]",3,0,0,,0.375,8
5052,9a3b1d73-8861-11f1-82bf-b48c9db4e1b4,11,"[1, 0, 0, 0, 1, 1, 1, 0]",4,1,-1,,0.375,8
5053,9a3b1d73-8861-11f1-82bf-b48c9db4e1b4,11,"[1, 0, 0, 0, 1, 1, 1, 0]",5,1,-1,,0.375,8
5054,9a3b1d73-8861-11f1-82bf-b48c9db4e1b4,11,"[1, 0, 0, 0, 1, 1, 1, 0]",6,1,-1,,0.375,8
5055,9a3b1d73-8861-11f1-82bf-b48c9db4e1b4,11,"[1, 0, 0, 0, 1, 1, 1, 0]",7,0,0,,0.375,8
5056,9a3b1d73-8861-11f1-82bf-b48c9db4e1b4,12,"[1, 0, 1, 1, 1, 0, 0, 0]",0,1,-1,,0.375,8
5057,9a3b1d73-8861-11f1-82bf-b48c9db4e1b4,12,"[1, 0, 1, 1, 1, 0, 0, 0]",1,0,0,,0.375,8
5058,9a3b1d73-8861-11f1-82bf-b48c9db4e1b4,12,"[1, 0, 1, 1, 1, 0, 0, 0]",2,1,-1,,0.375,8
5059,9a3b1d73-8861-11f1-82bf-b48c9db4e1b4,12,"[1, 0, 1, 1, 1, 0, 0, 0]",3,1,-1,,0.375,8
5060,9a3b1d73-8861-11f1-82bf-b48c9db4e1b4,12,"[1, 0, 1, 1, 1, 0, 0, 0]",4,1,-1,,0.375,8
5061,9a3b1d73-8861-11f1-82bf-b48c9db4e1b4,12,"[1, 0, 1, 1, 1, 0, 0, 0]",5,0,0,,0.375,8
5062,9a3b1d73-8861-11f1-82bf-b48c9db4e1b4,12,"[1, 0, 1, 1, 1, 0, 0, 0]",6,0,0,,0.375,8
5063,9a3b1d73-8861-11f1-82bf-b48c9db4e1b4,12,"[1, 0, 1, 1, 1, 0, 0, 0]",7,0,0,,0.375,8
5064,9a3b1d73-8861-11f1-82bf-b48c9db4e1b4,13,"[1, 0, 0, 0, 0, 1, 0, 0]",0,1,1,,0.375,8
5065,9a3b1d73-8861-11f1-82bf-b48c9db4e1b4,13,"[1, 0, 0, 0, 0, 1, 0, 0]",1,0,0,,0.375,8
5066,9a3b1d73-8861-11f1-82bf-b48c9db4e1b4,13,"[1, 0, 0, 0, 0, 1, 0, 0]",2,0,0,,0.375,8
5067,9a3b1d73-8861-11f1-82bf-b48c9db4e1b4,13,"[1, 0, 0, 0, 0, 1, 0, 0]",3,0,0,,0.375,8
5068,9a3b1d73-8861-11f1-82bf-b48c9db4e1b4,13,"[1, 0, 0, 0, 0, 1, 0, 0]",4,0,0,,0.375,8
5069,9a3b1d73-8861-11f1-82bf-b48c9db4e1b4,13,"[1, 0, 0, 0, 0, 1, 0, 0]",5,1,1,,0.375,8
5070,9a3b1d73-8861-11f1-82bf-b48c9db4e1b4,13,"[1, 0, 0, 0, 0, 1, 0, 0]",6,0,0,,0.375,8
5071,9a3b1d73-8861-11f1-82bf-b48c9db4e1b4,13,"[1, 0, 0, 0, 0, 1, 0, 0]",7,0,0,,0.375,8
5072,9a3b1d73-8861-11f1-82bf-b48c9db4e1b4,14,"[0, 0, 1, 1, 0, 0, 1, 1]",0,0,0,,0.375,8
5073,9a3b1d73-8861-11f1-82bf-b48c9db4e1b4,14,"[0, 0, 1, 1, 0, 0, 1, 1]",1,0,0,,0.375,8
5074,9a3b1d73-8861-11f1-82bf-b48c9db4e1b4,14,"[0, 0, 1, 1, 0, 0, 1, 1]",2,1,-1,,0.375,8
5075,9a3b1d73-8861-11f1-82bf-b48c9db4e1b4,14,"[0, 0, 1, 1, 0, 0, 1, 1]",3,1,-1,,0.375,8
5076,9a3b1d73-8861-11f1-82bf-b48c9db4e1b4,14,"[0, 0, 1, 1, 0, 0, 1, 1]",4,0,0,,0.375,8
5077,9a3b1d73-8861-11f1-82bf-b48c9db4e1b4,14,"[0, 0, 1, 1, 0, 0, 1, 1]",5,0,0,,0.375,8
5078,9a3b1d73-8861-11f1-82bf-b48c9db4e1b4,14,"[0, 0, 1, 1, 0, 0, 1, 1]",6,1,-1,,0.375,8
5079,9a3b1d73-8861-11f1-82bf-b48c9db4e1b4,14,"[0, 0, 1, 1, 0, 0, 1, 1]",7,1,-1,,0.375,8
5080,9a3b1d73-8861-11f1-82bf-b48c9db4e1b4,15,"[1, 0, 1, 0, 1, 0, 0, 0]",0,1,1,,0.375,8
5081,9a3b1d73-8861-11f1-82bf-b48c9db4e1b4,15,"[1, 0, 1, 0, 1, 0, 0, 0]",1,0,0,,0.375,8
5082,9a3b1d73-8861-11f1-82bf-b48c9db4e1b4,15,"[1, 0, 1, 0, 1, 0, 0, 0]",2,1,1,,0.375,8
5083,9a3b1d73-8861-11f1-82bf-b48c9db4e1b4,15,"[1, 0, 1, 0, 1, 0, 0, 0]",3,0,0,,0.375,8
5084,9a3b1d73-8861-11f1-82bf-b48c9db4e1b4,15,"[1, 0, 1, 0, 1, 0, 0, 0]",4,1,1,,0.375,8
5085,9a3b1d73-8861-11f1-82bf-b48c9db4e1b4,15,"[1, 0, 1, 0, 1, 0, 0, 0]",5,0,0,,0.375,8
5086,9a3b1d73-8861-11f1-82bf-b48c9db4e1b4,15,"[1, 0, 1, 0, 1, 0, 0, 0]",6,0,0,,0.375,8
5087,9a3b1d73-8861-11f1-82bf-b48c9db4e1b4,15,"[1, 0, 1, 0, 1, 0, 0, 0]",7,0,0,,0.375,8
5088,9a3b1d73-8861-11f1-82bf-b48c9db4e1b4,16,"[1, 1, 1, 1, 1, 0, 1, 1]",0,1,-1,,0.375,8
5089,9a3b1d73-8861-11f1-82bf-b48c9db4e1b4,16,"[1, 1, 1, 1, 1, 0, 1, 1]",1,1,-1,,0.375,8
5090,9a3b1d73-8861-11f1-82bf-b48c9db4e1b4,16,"[1, 1, 1, 1, 1, 0, 1, 1]",2,1,-1,,0.375,8
5091,9a3b1d73-8861-11f1-82bf-b48c9db4e1b4,16,"[1, 1, 1, 1, 1, 0, 1, 1]",3,1,-1,,0.375,8
5092,9a3b1d73-8861-11f1-82bf-b48c9db4e1b4,16,"[1, 1, 1, 1, 1, 0, 1, 1]",4,1,-1,,0.375,8
5093,9a3b1d73-8861-11f1-82bf-b48c9db4e1b4,16,"[1, 1, 1, 1, 1, 0, 1, 1]",5,0,0,,0.375,8
5094,9a3b1d73-8861-11f1-82bf-b48c9db4e1b4,16,"[1, 1, 1, 1, 1, 0, 1, 1]",6,1,-1,,0.375,8
5095,9a3b1d73-8861-11f1-82bf-b48c9db4e1b4,16,"[1, 1, 1, 1, 1, 0, 1, 1]",7,1,-1,,0.375,8
5096,9a3b1d73-8861-11f1-82bf-b48c9db4e1b4,17,"[0, 1, 1, 0, 1, 1, 0, 0]",0,0,0,,0.375,8
5097,9a3b1d73-8861-11f1-82bf-b48c9db4e1b4,17,"[0, 1, 1, 0, 1, 1, 0, 0]",1,1,-1,,0.375,8
5098,9a3b1d73-8861-11f1-82bf-b48c9db4e1b4,17,"[0, 1, 1, 0, 1, 1, 0, 0]",2,1,-1,,0.375,8
5099,9a3b1d73-8861-11f1-82bf-b48c9db4e1b4,17,"[0, 1, 1, 0, 1, 1, 0, 0]",3,0,0,,0.375,8
5100,9a3b1d73-8861-11f1-82bf-b48c9db4e1b4,17,"[0, 1, 1, 0, 1, 1, 0, 0]",4,1,-1,,0.375,8
5101,9a3b1d73-8861-11f1-82bf-b48c9db4e1b4,17,"[0, 1, 1, 0, 1, 1, 0, 0]",5,1,-1,,0.375,8
5102,9a3b1d73-8861-11f1-82bf-b48c9db4e1b4,17,"[0, 1, 1, 0, 1, 1, 0, 0]",6,0,0,,0.375,8
5103,9a3b1d73-8861-11f1-82bf-b48c9db4e1b4,17,"[0, 1, 1, 0, 1, 1, 0, 0]",7,0,0,,0.375,8
5104,9a3b1d73-8861-11f1-82bf-b48c9db4e1b4,18,"[0, 0, 0, 1, 0, 1, 1, 1]",0,0,0,,0.375,8
5105,9a3b1d73-8861-11f1-82bf-b48c9db4e1b4,18,"[0, 0, 0, 1, 0, 1, 1, 1]",1,0,0,,0.375,8
5106,9a3b1d73-8861-11f1-82bf-b48c9db4e1b4,18,"[0, 0, 0, 1, 0, 1, 1, 1]",2,0,0,,0.375,8
5107,9a3b1d73-8861-11f1-82bf-b48c9db4e1b4,18,"[0, 0, 0, 1, 0, 1, 1, 1]",3,1,-1,,0.375,8
5108,9a3b1d73-8861-11f1-82bf-b48c9db4e1b4,18,"[0, 0, 0, 1, 0, 1, 1, 1]",4,0,0,,0.375,8
5109,9a3b1d73-8861-11f1-82bf-b48c9db4e1b4,18,"[0, 0, 0, 1, 0, 1, 1, 1]",5,1,-1,,0.375,8
5110,9a3b1d73-8861-11f1-82bf-b48c9db4e1b4,18,"[0, 0, 0, 1, 0, 1, 1, 1]",6,1,-1,,0.375,8
5111,9a3b1d73-8861-11f1-82bf-b48c9db4e1b4,18,"[0, 0, 0, 1, 0, 1, 1, 1]",7,1,-1,,0.375,8
5112,9a3b1d73-8861-11f1-82bf-b48c9db4e1b4,19,"[1, 1, 0, 1, 1, 1, 1, 1]",0,1,-1,,0.375,8
5113,9a3b1d73-8861-11f1-82bf-b48c9db4e1b4,19,"[1, 1, 0, 1, 1, 1, 1, 1]",1,1,-1,,0.375,8
5114,9a3b1d73-8861-11f1-82bf-b48c9db4e1b4,19,"[1, 1, 0, 1, 1, 1, 1, 1]",2,0,0,,0.375,8
5115,9a3b1d73-8861-11f1-82bf-b48c9db4e1b4,19,"[1, 1, 0, 1, 1, 1, 1, 1]",3,1,-1,,0.375,8
5116,9a3b1d73-8861-11f1-82bf-b48c9db4e1b4,19,"[1, 1, 0, 1, 1, 1, 1, 1]",4,1,-1,,0.375,8
5117,9a3b1d73-8861-11f1-82bf-b48c9db4e1b4,19,"[1, 1, 0, 1, 1, 1, 1, 1]",5,1,-1,,0.375,8
5118,9a3b1d73-8861-11f1-82bf-b48c9db4e1b4,19,"[1, 1, 0, 1, 1, 1, 1, 1]",6,1,-1,,0.375,8
5119,9a3b1d73-8861-11f1-82bf-b48c9db4e1b4,19,"[1, 1, 0, 1, 1, 1, 1, 1]",7,1,-1,,0.375,8
5120,9a3e0631-8861-11f1-b0a4-b48c9db4e1b4,0,"[1, 1, 1, 1, 0, 0, 0, 1]",0,1,-1,,0.375,8
5121,9a3e0631-8861-11f1-b0a4-b48c9db4e1b4,0,"[1, 1, 1, 1, 0, 0, 0, 1]",1,1,-1,,0.375,8
5122,9a3e0631-8861-11f1-b0a4-b48c9db4e1b4,0,"[1, 1, 1, 1, 0, 0, 0, 1]",2,1,-1,,0.375,8
5123,9a3e0631-8861-11f1-b0a4-b48c9db4e1b4,0,"[1, 1, 1, 1, 0, 0, 0, 1]",3,1,-1,,0.375,8
5124,9a3e0631-8861-11f1-b0a4-b48c9db4e1b4,0,"[1, 1, 1, 1, 0, 0, 0, 1]",4,0,0,,0.375,8
5125,9a3e0631-8861-11f1-b0a4-b48c9db4e1b4,0,"[1, 1, 1, 1, 0, 0, 0, 1]",5,0,0,,0.375,8
5126,9a3e0631-8861-11f1-b0a4-b48c9db4e1b4,0,"[1, 1, 1, 1, 0, 0, 0, 1]",6,0,0,,0.375,8
5127,9a3e0631-8861-11f1-b0a4-b48c9db4e1b4,0,"[1, 1, 1, 1, 0, 0, 0, 1]",7,1,-1,,0.375,8
5128,9a3e0631-8861-11f1-b0a4-b48c9db4e1b4,1,"[1, 1, 0, 0, 0, 0, 0, 1]",0,1,1,,0.375,8
5129,9a3e0631-8861-11f1-b0a4-b48c9db4e1b4,1,"[1, 1, 0, 0, 0, 0, 0, 1]",1,1,1,,0.375,8
5130,9a3e0631-8861-11f1-b0a4-b48c9db4e1b4,1,"[1, 1, 0, 0, 0, 0, 0, 1]",2,0,0,,0.375,8
5131,9a3e0631-8861-11f1-b0a4-b48c9db4e1b4,1,"[1, 1, 0, 0, 0, 0, 0, 1]",3,0,0,,0.375,8
5132,9a3e0631-8861-11f1-b0a4-b48c9db4e1b4,1,"[1, 1, 0, 0, 0, 0, 0, 1]",4,0,0,,0.375,8
5133,9a3e0631-8861-11f1-b0a4-b48c9db4e1b4,1,"[1, 1, 0, 0, 0, 0, 0, 1]",5,0,0,,0.375,8
5134,9a3e0631-8861-11f1-b0a4-b48c9db4e1b4,1,"[1, 1, 0, 0, 0, 0, 0, 1]",6,0,0,,0.375,8
5135,9a3e0631-8861-11f1-b0a4-b48c9db4e1b4,1,"[1, 1, 0, 0, 0, 0, 0, 1]",7,1,1,,0.375,8
5136,9a3e0631-8861-11f1-b0a4-b48c9db4e1b4,2,"[0, 1, 0, 1, 1, 0, 1, 0]",0,0,0,,0.375,8
5137,9a3e0631-8861-11f1-b0a4-b48c9db4e1b4,2,"[0, 1, 0, 1, 1, 0, 1, 0]",1,1,-1,,0.375,8
5138,9a3e0631-8861-11f1-b0a4-b48c9db4e1b4,2,"[0, 1, 0, 1, 1, 0, 1, 0]",2,0,0,,0.375,8
5139,9a3e0631-8861-11f1-b0a4-b48c9db4e1b4,2,"[0, 1, 0, 1, 1, 0, 1, 0]",3,1,-1,,0.375,8
5140,9a3e0631-8861-11f1-b0a4-b48c9db4e1b4,2,"[0, 1, 0, 1, 1, 0, 1, 0]",4,1,-1,,0.375,8
5141,9a3e0631-8861-11f1-b0a4-b48c9db4e1b4,2,"[0, 1, 0, 1, 1, 0, 1, 0]",5,0,0,,0.375,8
5142,9a3e0631-8861-11f1-b0a4-b48c9db4e1b4,2,"[0, 1, 0, 1, 1, 0, 1, 0]",6,1,-1,,0.375,8
5143,9a3e0631-8861-11f1-b0a4-b48c9db4e1b4,2,"[0, 1, 0, 1, 1, 0, 1, 0]",7,0,0,,0.375,8
5144,9a3e0631-8861-11f1-b0a4-b48c9db4e1b4,3,"[1, 1, 0, 1, 0, 0, 1, 1]",0,1,-1,,0.375,8
5145,9a3e0631-8861-11f1-b0a4-b48c9db4e1b4,3,"[1, 1, 0, 1, 0, 0, 1, 1]",1,1,-1,,0.375,8
5146,9a3e0631-8861-11f1-b0a4-b48c9db4e1b4,3,"[1, 1, 0, 1, 0, 0, 1, 1]",2,0,0,,0.375,8
5147,9a3e0631-8861-11f1-b0a4-b48c9db4e1b4,3,"[1, 1, 0, 1, 0, 0, 1, 1]",3,1,-1,,0.375,8
5148,9a3e0631-8861-11f1-b0a4-b48c9db4e1b4,3,"[1, 1, 0, 1, 0, 0, 1, 1]",4,0,0,,0.375,8
5149,9a3e0631-8861-11f1-b0a4-b48c9db4e1b4,3,"[1, 1, 0, 1, 0, 0, 1, 1]",5,0,0,,0.375,8
5150,9a3e0631-8861-11f1-b0a4-b48c9db4e1b4,3,"[1, 1, 0, 1, 0, 0, 1, 1]",6,1,-1,,0.375,8
5151,9a3e0631-8861-11f1-b0a4-b48c9db4e1b4,3,"[1, 1, 0, 1, 0, 0, 1, 1]",7,1,-1,,0.375,8
5152,9a3e0631-8861-11f1-b0a4-b48c9db4e1b4,4,"[0, 0, 1, 0, 0, 1, 0, 1]",0,0,0,,0.375,8
5153,9a3e0631-8861-11f1-b0a4-b48c9db4e1b4,4,"[0, 0, 1, 0, 0, 1, 0, 1]",1,0,0,,0.375,8
5154,9a3e0631-8861-11f1-b0a4-b48c9db4e1b4,4,"[0, 0, 1, 0, 0, 1, 0, 1]",2,1,1,,0.375,8
5155,9a3e0631-8861-11f1-b0a4-b48c9db4e1b4,4,"[0, 0, 1, 0, 0, 1, 0, 1]",3,0,0,,0.375,8
5156,9a3e0631-8861-11f1-b0a4-b48c9db4e1b4,4,"[0, 0, 1, 0, 0, 1, 0, 1]",4,0,0,,0.375,8
5157,9a3e0631-8861-11f1-b0a4-b48c9db4e1b4,4,"[0, 0, 1, 0, 0, 1, 0, 1]",5,1,1,,0.375,8
5158,9a3e0631-8861-11f1-b0a4-b48c9db4e1b4,4,"[0, 0, 1, 0, 0, 1, 0, 1]",6,0,0,,0.375,8
5159,9a3e0631-8861-11f1-b0a4-b48c9db4e1b4,4,"[0, 0, 1, 0, 0, 1, 0, 1]",7,1,1,,0.375,8
5160,9a3e0631-8861-11f1-b0a4-b48c9db4e1b4,5,"[1, 1, 0, 0, 1, 1, 1, 0]",0,1,-1,,0.375,8
5161,9a3e0631-8861-11f1-b0a4-b48c9db4e1b4,5,"[1, 1, 0, 0, 1, 1, 1, 0]",1,1,-1,,0.375,8
5162,9a3e0631-8861-11f1-b0a4-b48c9db4e1b4,5,"[1, 1, 0, 0, 1, 1, 1, 0]",2,0,0,,0.375,8
5163,9a3e0631-8861-11f1-b0a4-b48c9db4e1b4,5,"[1, 1, 0, 0, 1, 1, 1, 0]",3,0,0,,0.375,8
5164,9a3e0631-8861-11f1-b0a4-b48c9db4e1b4,5,"[1, 1, 0, 0, 1, 1, 1, 0]",4,1,-1,,0.375,8
5165,9a3e0631-8861-11f1-b0a4-b48c9db4e1b4,5,"[1, 1, 0, 0, 1, 1, 1, 0]",5,1,-1,,0.375,8
5166,9a3e0631-8861-11f1-b0a4-b48c9db4e1b4,5,"[1, 1, 0, 0, 1, 1, 1, 0]",6,1,-1,,0.375,8
5167,9a3e0631-8861-11f1-b0a4-b48c9db4e1b4,5,"[1, 1, 0, 0, 1, 1, 1, 0]",7,0,0,,0.375,8
5168,9a3e0631-8861-11f1-b0a4-b48c9db4e1b4,6,"[0, 0, 0, 0, 0, 0, 0, 1]",0,0,0,,0.375,8
5169,9a3e0631-8861-11f1-b0a4-b48c9db4e1b4,6,"[0, 0, 0, 0, 0, 0, 0, 1]",1,0,0,,0.375,8
5170,9a3e0631-8861-11f1-b0a4-b48c9db4e1b4,6,"[0, 0, 0, 0, 0, 0, 0, 1]",2,0,0,,0.375,8
5171,9a3e0631-8861-11f1-b0a4-b48c9db4e1b4,6,"[0, 0, 0, 0, 0, 0, 0, 1]",3,0,0,,0.375,8
5172,9a3e0631-8861-11f1-b0a4-b48c9db4e1b4,6,"[0, 0, 0, 0, 0, 0, 0, 1]",4,0,0,,0.375,8
5173,9a3e0631-8861-11f1-b0a4-b48c9db4e1b4,6,"[0, 0, 0, 0, 0, 0, 0, 1]",5,0,0,,0.375,8
5174,9a3e0631-8861-11f1-b0a4-b48c9db4e1b4,6,"[0, 0, 0, 0, 0, 0, 0, 1]",6,0,0,,0.375,8
5175,9a3e0631-8861-11f1-b0a4-b48c9db4e1b4,6,"[0, 0, 0, 0, 0, 0, 0, 1]",7,1,1,,0.375,8
5176,9a3e0631-8861-11f1-b0a4-b48c9db4e1b4,7,"[1, 1, 0, 0, 0, 0, 0, 0]",0,1,1,,0.375,8
5177,9a3e0631-8861-11f1-b0a4-b48c9db4e1b4,7,"[1, 1, 0, 0, 0, 0, 0, 0]",1,1,1,,0.375,8
5178,9a3e0631-8861-11f1-b0a4-b48c9db4e1b4,7,"[1, 1, 0, 0, 0, 0, 0, 0]",2,0,0,,0.375,8
5179,9a3e0631-8861-11f1-b0a4-b48c9db4e1b4,7,"[1, 1, 0, 0, 0, 0, 0, 0]",3,0,0,,0.375,8
5180,9a3e0631-8861-11f1-b0a4-b48c9db4e1b4,7,"[1, 1, 0, 0, 0, 0, 0, 0]",4,0,0,,0.375,8
5181,9a3e0631-8861-11f1-b0a4-b48c9db4e1b4,7,"[1, 1, 0, 0, 0, 0, 0, 0]",5,0,0,,0.375,8
5182,9a3e0631-8861-11f1-b0a4-b48c9db4e1b4,7,"[1, 1, 0, 0, 0, 0, 0, 0]",6,0,0,,0.375,8
5183,9a3e0631-8861-11f1-b0a4-b48c9db4e1b4,7,"[1, 1, 0, 0, 0, 0, 0, 0]",7,0,0,,0.375,8
5184,9a3e0631-8861-11f1-b0a4-b48c9db4e1b4,8,"[1, 0, 1, 0, 1, 0, 0, 1]",0,1,-1,,0.375,8
5185,9a3e0631-8861-11f1-b0a4-b48c9db4e1b4,8,"[1, 0, 1, 0, 1, 0, 0, 1]",1,0,0,,0.375,8
5186,9a3e0631-8861-11f1-b0a4-b48c9db4e1b4,8,"[1, 0, 1, 0, 1, 0, 0, 1]",2,1,-1,,0.375,8
5187,9a3e0631-8861-11f1-b0a4-b48c9db4e1b4,8,"[1, 0, 1, 0, 1, 0, 0, 1]",3,0,0,,0.375,8
5188,9a3e0631-8861-11f1-b0a4-b48c9db4e1b4,8,"[1, 0, 1, 0, 1, 0, 0, 1]",4,1,-1,,0.375,8
5189,9a3e0631-8861-11f1-b0a4-b48c9db4e1b4,8,"[1, 0, 1, 0, 1, 0, 0, 1]",5,0,0,,0.375,8
5190,9a3e0631-8861-11f1-b0a4-b48c9db4e1b4,8,"[1, 0, 1, 0, 1, 0, 0, 1]",6,0,0,,0.375,8
5191,9a3e0631-8861-11f1-b0a4-b48c9db4e1b4,8,"[1, 0, 1, 0, 1, 0, 0, 1]",7,1,-1,,0.375,8
5192,9a3e0631-8861-11f1-b0a4-b48c9db4e1b4,9,"[0, 1, 1, 0, 1, 0, 1, 1]",0,0,0,,0.375,8
5193,9a3e0631-8861-11f1-b0a4-b48c9db4e1b4,9,"[0, 1, 1, 0, 1, 0, 1, 1]",1,1,-1,,0.375,8
5194,9a3e0631-8861-11f1-b0a4-b48c9db4e1b4,9,"[0, 1, 1, 0, 1, 0, 1, 1]",2,1,-1,,0.375,8
5195,9a3e0631-8861-11f1-b0a4-b48c9db4e1b4,9,"[0, 1, 1, 0, 1, 0, 1, 1]",3,0,0,,0.375,8
5196,9a3e0631-8861-11f1-b0a4-b48c9db4e1b4,9,"[0, 1, 1, 0, 1, 0, 1, 1]",4,1,-1,,0.375,8
5197,9a3e0631-8861-11f1-b0a4-b48c9db4e1b4,9,"[0, 1, 1, 0, 1, 0, 1, 1]",5,0,0,,0.375,8
5198,9a3e0631-8861-11f1-b0a4-b48c9db4e1b4,9,"[0, 1, 1, 0, 1, 0, 1, 1]",6,1,-1,,0.375,8
5199,9a3e0631-8861-11f1-b0a4-b48c9db4e1b4,9,"[0, 1, 1, 0, 1, 0, 1, 1]",7,1,-1,,0.375,8
5200,9a3e0631-8861-11f1-b0a4-b48c9db4e1b4,10,"[1, 1, 1, 1, 1, 0, 0, 0]",0,1,-1,,0.375,8
5201,9a3e0631-8861-11f1-b0a4-b48c9db4e1b4,10,"[1, 1, 1, 1, 1, 0, 0, 0]",1,1,-1,,0.375,8
5202,9a3e0631-8861-11f1-b0a4-b48c9db4e1b4,10,"[1, 1, 1, 1, 1, 0, 0, 0]",2,1,-1,,0.375,8
5203,9a3e0631-8861-11f1-b0a4-b48c9db4e1b4,10,"[1, 1, 1, 1, 1, 0, 0, 0]",3,1,-1,,0.375,8
5204,9a3e0631-8861-11f1-b0a4-b48c9db4e1b4,10,"[1, 1, 1, 1, 1, 0, 0, 0]",4,1,-1,,0.375,8
5205,9a3e0631-8861-11f1-b0a4-b48c9db4e1b4,10,"[1, 1, 1, 1, 1, 0, 0, 0]",5,0,0,,0.375,8
5206,9a3e0631-8861-11f1-b0a4-b48c9db4e1b4,10,"[1, 1, 1, 1, 1, 0, 0, 0]",6,0,0,,0.375,8
5207,9a3e0631-8861-11f1-b0a4-b48c9db4e1b4,10,"[1, 1, 1, 1, 1, 0, 0, 0]",7,0,0,,0.375,8
5208,9a3e0631-8861-11f1-b0a4-b48c9db4e1b4,11,"[1, 0, 1, 1, 0, 0, 1, 1]",0,1,-1,,0.375,8
5209,9a3e0631-8861-11f1-b0a4-b48c9db4e1b4,11,"[1, 0, 1, 1, 0, 0, 1, 1]",1,0,0,,0.375,8
5210,9a3e0631-8861-11f1-b0a4-b48c9db4e1b4,11,"[1, 0, 1, 1, 0, 0, 1, 1]",2,1,-1,,0.375,8
5211,9a3e0631-8861-11f1-b0a4-b48c9db4e1b4,11,"[1, 0, 1, 1, 0, 0, 1, 1]",3,1,-1,,0.375,8
5212,9a3e0631-8861-11f1-b0a4-b48c9db4e1b4,11,"[1, 0, 1, 1, 0, 0, 1, 1]",4,0,0,,0.375,8
5213,9a3e0631-8861-11f1-b0a4-b48c9db4e1b4,11,"[1, 0, 1, 1, 0, 0, 1, 1]",5,0,0,,0.375,8
5214,9a3e0631-8861-11f1-b0a4-b48c9db4e1b4,11,"[1, 0, 1, 1, 0, 0, 1, 1]",6,1,-1,,0.375,8
5215,9a3e0631-8861-11f1-b0a4-b48c9db4e1b4,11,"[1, 0, 1, 1, 0, 0, 1, 1]",7,1,-1,,0.375,8
5216,9a3e0631-8861-11f1-b0a4-b48c9db4e1b4,12,"[0, 0, 1, 0, 1, 1, 0, 0]",0,0,0,,0.375,8
5217,9a3e0631-8861-11f1-b0a4-b48c9db4e1b4,12,"[0, 0, 1, 0, 1, 1, 0, 0]",1,0,0,,0.375,8
5218,9a3e0631-8861-11f1-b0a4-b48c9db4e1b4,12,"[0, 0, 1, 0, 1, 1, 0, 0]",2,1,1,,0.375,8
5219,9a3e0631-8861-11f1-b0a4-b48c9db4e1b4,12,"[0, 0, 1, 0, 1, 1, 0, 0]",3,0,0,,0.375,8
5220,9a3e0631-8861-11f1-b0a4-b48c9db4e1b4,12,"[0, 0, 1, 0, 1, 1, 0, 0]",4,1,1,,0.375,8
5221,9a3e0631-8861-11f1-b0a4-b48c9db4e1b4,12,"[0, 0, 1, 0, 1, 1, 0, 0]",5,1,1,,0.375,8
5222,9a3e0631-8861-11f1-b0a4-b48c9db4e1b4,12,"[0, 0, 1, 0, 1, 1, 0, 0]",6,0,0,,0.375,8
5223,9a3e0631-8861-11f1-b0a4-b48c9db4e1b4,12,"[0, 0, 1, 0, 1, 1, 0, 0]",7,0,0,,0.375,8
5224,9a3e0631-8861-11f1-b0a4-b48c9db4e1b4,13,"[0, 1, 1, 1, 0, 0, 1, 1]",0,0,0,,0.375,8
5225,9a3e0631-8861-11f1-b0a4-b48c9db4e1b4,13,"[0, 1, 1, 1, 0, 0, 1, 1]",1,1,-1,,0.375,8
5226,9a3e0631-8861-11f1-b0a4-b48c9db4e1b4,13,"[0, 1, 1, 1, 0, 0, 1, 1]",2,1,-1,,0.375,8
5227,9a3e0631-8861-11f1-b0a4-b48c9db4e1b4,13,"[0, 1, 1, 1, 0, 0, 1, 1]",3,1,-1,,0.375,8
5228,9a3e0631-8861-11f1-b0a4-b48c9db4e1b4,13,"[0, 1, 1, 1, 0, 0, 1, 1]",4,0,0,,0.375,8
5229,9a3e0631-8861-11f1-b0a4-b48c9db4e1b4,13,"[0, 1, 1, 1, 0, 0, 1, 1]",5,0,0,,0.375,8
5230,9a3e0631-8861-11f1-b0a4-b48c9db4e1b4,13,"[0, 1, 1, 1, 0, 0, 1, 1]",6,1,-1,,0.375,8
5231,9a3e0631-8861-11f1-b0a4-b48c9db4e1b4,13,"[0, 1, 1, 1, 0, 0, 1, 1]",7,1,-1,,0.375,8
5232,9a3e0631-8861-11f1-b0a4-b48c9db4e1b4,14,"[0, 1, 1, 0, 0, 1, 0, 0]",0,0,0,,0.375,8
5233,9a3e0631-8861-11f1-b0a4-b48c9db4e1b4,14,"[0, 1, 1, 0, 0, 1, 0, 0]",1,1,1,,0.375,8
5234,9a3e0631-8861-11f1-b0a4-b48c9db4e1b4,14,"[0, 1, 1, 0, 0, 1, 0, 0]",2,1,1,,0.375,8
5235,9a3e0631-8861-11f1-b0a4-b48c9db4e1b4,14,"[0, 1, 1, 0, 0, 1, 0, 0]",3,0,0,,0.375,8
5236,9a3e0631-8861-11f1-b0a4-b48c9db4e1b4,14,"[0, 1, 1, 0, 0, 1, 0, 0]",4,0,0,,0.375,8
5237,9a3e0631-8861-11f1-b0a4-b48c9db4e1b4,14,"[0, 1, 1, 0, 0, 1, 0, 0]",5,1,1,,0.375,8
5238,9a3e0631-8861-11f1-b0a4-b48c9db4e1b4,14,"[0, 1, 1, 0, 0, 1, 0, 0]",6,0,0,,0.375,8
5239,9a3e0631-8861-11f1-b0a4-b48c9db4e1b4,14,"[0, 1, 1, 0, 0, 1, 0, 0]",7,0,0,,0.375,8
5240,9a3e0631-8861-11f1-b0a4-b48c9db4e1b4,15,"[0, 0, 1, 0, 0, 1, 1, 0]",0,0,0,,0.375,8
5241,9a3e0631-8861-11f1-b0a4-b48c9db4e1b4,15,"[0, 0, 1, 0, 0, 1, 1, 0]",1,0,0,,0.375,8
5242,9a3e0631-8861-11f1-b0a4-b48c9db4e1b4,15,"[0, 0, 1, 0, 0, 1, 1, 0]",2,1,1,,0.375,8
5243,9a3e0631-8861-11f1-b0a4-b48c9db4e1b4,15,"[0, 0, 1, 0, 0, 1, 1, 0]",3,0,0,,0.375,8
5244,9a3e0631-8861-11f1-b0a4-b48c9db4e1b4,15,"[0, 0, 1, 0, 0, 1, 1, 0]",4,0,0,,0.375,8
5245,9a3e0631-8861-11f1-b0a4-b48c9db4e1b4,15,"[0, 0, 1, 0, 0, 1, 1, 0]",5,1,1,,0.375,8
5246,9a3e0631-8861-11f1-b0a4-b48c9db4e1b4,15,"[0, 0, 1, 0, 0, 1, 1, 0]",6,1,1,,0.375,8
5247,9a3e0631-8861-11f1-b0a4-b48c9db4e1b4,15,"[0, 0, 1, 0, 0, 1, 1, 0]",7,0,0,,0.375,8
5248,9a3e0631-8861-11f1-b0a4-b48c9db4e1b4,16,"[0, 0, 1, 1, 0, 0, 0, 0]",0,0,0,,0.375,8
5249,9a3e0631-8861-11f1-b0a4-b48c9db4e1b4,16,"[0, 0, 1, 1, 0, 0, 0, 0]",1,0,0,,0.375,8
5250,9a3e0631-8861-11f1-b0a4-b48c9db4e1b4,16,"[0, 0, 1, 1, 0, 0, 0, 0]",2,1,1,,0.375,8
5251,9a3e0631-8861-11f1-b0a4-b48c9db4e1b4,16,"[0, 0, 1, 1, 0, 0, 0, 0]",3,1,1,,0.375,8
5252,9a3e0631-8861-11f1-b0a4-b48c9db4e1b4,16,"[0, 0, 1, 1, 0, 0, 0, 0]",4,0,0,,0.375,8
5253,9a3e0631-8861-11f1-b0a4-b48c9db4e1b4,16,"[0, 0, 1, 1, 0, 0, 0, 0]",5,0,0,,0.375,8
5254,9a3e0631-8861-11f1-b0a4-b48c9db4e1b4,16,"[0, 0, 1, 1, 0, 0, 0, 0]",6,0,0,,0.375,8
5255,9a3e0631-8861-11f1-b0a4-b48c9db4e1b4,16,"[0, 0, 1, 1, 0, 0, 0, 0]",7,0,0,,0.375,8
5256,9a3e0631-8861-11f1-b0a4-b48c9db4e1b4,17,"[1, 1, 1, 1, 0, 0, 1, 0]",0,1,-1,,0.375,8
5257,9a3e0631-8861-11f1-b0a4-b48c9db4e1b4,17,"[1, 1, 1, 1, 0, 0, 1, 0]",1,1,-1,,0.375,8
5258,9a3e0631-8861-11f1-b0a4-b48c9db4e1b4,17,"[1, 1, 1, 1, 0, 0, 1, 0]",2,1,-1,,0.375,8
5259,9a3e0631-8861-11f1-b0a4-b48c9db4e1b4,17,"[1, 1, 1, 1, 0, 0, 1, 0]",3,1,-1,,0.375,8
5260,9a3e0631-8861-11f1-b0a4-b48c9db4e1b4,17,"[1, 1, 1, 1, 0, 0, 1, 0]",4,0,0,,0.375,8
5261,9a3e0631-8861-11f1-b0a4-b48c9db4e1b4,17,"[1, 1, 1, 1, 0, 0, 1, 0]",5,0,0,,0.375,8
5262,9a3e0631-8861-11f1-b0a4-b48c9db4e1b4,17,"[1, 1, 1, 1, 0, 0, 1, 0]",6,1,-1,,0.375,8
5263,9a3e0631-8861-11f1-b0a4-b48c9db4e1b4,17,"[1, 1, 1, 1, 0, 0, 1, 0]",7,0,0,,0.375,8
5264,9a3e0631-8861-11f1-b0a4-b48c9db4e1b4,18,"[0, 0, 1, 1, 1, 1, 1, 0]",0,0,0,,0.375,8
5265,9a3e0631-8861-11f1-b0a4-b48c9db4e1b4,18,"[0, 0, 1, 1, 1, 1, 1, 0]",1,0,0,,0.375,8
5266,9a3e0631-8861-11f1-b0a4-b48c9db4e1b4,18,"[0, 0, 1, 1, 1, 1, 1, 0]",2,1,-1,,0.375,8
5267,9a3e0631-8861-11f1-b0a4-b48c9db4e1b4,18,"[0, 0, 1, 1, 1, 1, 1, 0]",3,1,-1,,0.375,8
5268,9a3e0631-8861-11f1-b0a4-b48c9db4e1b4,18,"[0, 0, 1, 1, 1, 1, 1, 0]",4,1,-1,,0.375,8
5269,9a3e0631-8861-11f1-b0a4-b48c9db4e1b4,18,"[0, 0, 1, 1, 1, 1, 1, 0]",5,1,-1,,0.375,8
5270,9a3e0631-8861-11f1-b0a4-b48c9db4e1b4,18,"[0, 0, 1, 1, 1, 1, 1, 0]",6,1,-1,,0.375,8
5271,9a3e0631-8861-11f1-b0a4-b48c9db4e1b4,18,"[0, 0, 1, 1, 1, 1, 1, 0]",7,0,0,,0.375,8
5272,9a3e0631-8861-11f1-b0a4-b48c9db4e1b4,19,"[1, 0, 1, 1, 0, 0, 0, 0]",0,1,1,,0.375,8
5273,9a3e0631-8861-11f1-b0a4-b48c9db4e1b4,19,"[1, 0, 1, 1, 0, 0, 0, 0]",1,0,0,,0.375,8
5274,9a3e0631-8861-11f1-b0a4-b48c9db4e1b4,19,"[1, 0, 1, 1, 0, 0, 0, 0]",2,1,1,,0.375,8
5275,9a3e0631-8861-11f1-b0a4-b48c9db4e1b4,19,"[1, 0, 1, 1, 0, 0, 0, 0]",3,1,1,,0.375,8
5276,9a3e0631-8861-11f1-b0a4-b48c9db4e1b4,19,"[1, 0, 1, 1, 0, 0, 0, 0]",4,0,0,,0.375,8
5277,9a3e0631-8861-11f1-b0a4-b48c9db4e1b4,19,"[1, 0, 1, 1, 0, 0, 0, 0]",5,0,0,,0.375,8
5278,9a3e0631-8861-11f1-b0a4-b48c9db4e1b4,19,"[1, 0, 1, 1, 0, 0, 0, 0]",6,0,0,,0.375,8
5279,9a3e0631-8861-11f1-b0a4-b48c9db4e1b4,19,"[1, 0, 1, 1, 0, 0, 0, 0]",7,0,0,,0.375,8
5280,9a40ef01-8861-11f1-ac7d-b48c9db4e1b4,0,"[0, 1, 0, 1, 0, 0, 1, 1]",0,0,0,,0.375,8
5281,9a40ef01-8861-11f1-ac7d-b48c9db4e1b4,0,"[0, 1, 0, 1, 0, 0, 1, 1]",1,1,-1,,0.375,8
5282,9a40ef01-8861-11f1-ac7d-b48c9db4e1b4,0,"[0, 1, 0, 1, 0, 0, 1, 1]",2,0,0,,0.375,8
5283,9a40ef01-8861-11f1-ac7d-b48c9db4e1b4,0,"[0, 1, 0, 1, 0, 0, 1, 1]",3,1,-1,,0.375,8
5284,9a40ef01-8861-11f1-ac7d-b48c9db4e1b4,0,"[0, 1, 0, 1, 0, 0, 1, 1]",4,0,0,,0.375,8
5285,9a40ef01-8861-11f1-ac7d-b48c9db4e1b4,0,"[0, 1, 0, 1, 0, 0, 1, 1]",5,0,0,,0.375,8
5286,9a40ef01-8861-11f1-ac7d-b48c9db4e1b4,0,"[0, 1, 0, 1, 0, 0, 1, 1]",6,1,-1,,0.375,8
5287,9a40ef01-8861-11f1-ac7d-b48c9db4e1b4,0,"[0, 1, 0, 1, 0, 0, 1, 1]",7,1,-1,,0.375,8
5288,9a40ef01-8861-11f1-ac7d-b48c9db4e1b4,1,"[0, 0, 1, 0, 0, 1, 0, 0]",0,0,0,,0.375,8
5289,9a40ef01-8861-11f1-ac7d-b48c9db4e1b4,1,"[0, 0, 1, 0, 0, 1, 0, 0]",1,0,0,,0.375,8
5290,9a40ef01-8861-11f1-ac7d-b48c9db4e1b4,1,"[0, 0, 1, 0, 0, 1, 0, 0]",2,1,1,,0.375,8
5291,9a40ef01-8861-11f1-ac7d-b48c9db4e1b4,1,"[0, 0, 1, 0, 0, 1, 0, 0]",3,0,0,,0.375,8
5292,9a40ef01-8861-11f1-ac7d-b48c9db4e1b4,1,"[0, 0, 1, 0, 0, 1, 0, 0]",4,0,0,,0.375,8
5293,9a40ef01-8861-11f1-ac7d-b48c9db4e1b4,1,"[0, 0, 1, 0, 0, 1, 0, 0]",5,1,1,,0.375,8
5294,9a40ef01-8861-11f1-ac7d-b48c9db4e1b4,1,"[0, 0, 1, 0, 0, 1, 0, 0]",6,0,0,,0.375,8
5295,9a40ef01-8861-11f1-ac7d-b48c9db4e1b4,1,"[0, 0, 1, 0, 0, 1, 0, 0]",7,0,0,,0.375,8
5296,9a40ef01-8861-11f1-ac7d-b48c9db4e1b4,2,"[1, 0, 1, 1, 0, 0, 1, 0]",0,1,-1,,0.375,8
5297,9a40ef01-8861-11f1-ac7d-b48c9db4e1b4,2,"[1, 0, 1, 1, 0, 0, 1, 0]",1,0,0,,0.375,8
5298,9a40ef01-8861-11f1-ac7d-b48c9db4e1b4,2,"[1, 0, 1, 1, 0, 0, 1, 0]",2,1,-1,,0.375,8
5299,9a40ef01-8861-11f1-ac7d-b48c9db4e1b4,2,"[1, 0, 1, 1, 0, 0, 1, 0]",3,1,-1,,0.375,8
5300,9a40ef01-8861-11f1-ac7d-b48c9db4e1b4,2,"[1, 0, 1, 1, 0, 0, 1, 0]",4,0,0,,0.375,8
5301,9a40ef01-8861-11f1-ac7d-b48c9db4e1b4,2,"[1, 0, 1, 1, 0, 0, 1, 0]",5,0,0,,0.375,8
5302,9a40ef01-8861-11f1-ac7d-b48c9db4e1b4,2,"[1, 0, 1, 1, 0, 0, 1, 0]",6,1,-1,,0.375,8
5303,9a40ef01-8861-11f1-ac7d-b48c9db4e1b4,2,"[1, 0, 1, 1, 0, 0, 1, 0]",7,0,0,,0.375,8
5304,9a40ef01-8861-11f1-ac7d-b48c9db4e1b4,3,"[0, 1, 0, 0, 0, 1, 1, 1]",0,0,0,,0.375,8
5305,9a40ef01-8861-11f1-ac7d-b48c9db4e1b4,3,"[0, 1, 0, 0, 0, 1, 1, 1]",1,1,-1,,0.375,8
5306,9a40ef01-8861-11f1-ac7d-b48c9db4e1b4,3,"[0, 1, 0, 0, 0, 1, 1, 1]",2,0,0,,0.375,8
5307,9a40ef01-8861-11f1-ac7d-b48c9db4e1b4,3,"[0, 1, 0, 0, 0, 1, 1, 1]",3,0,0,,0.375,8
5308,9a40ef01-8861-11f1-ac7d-b48c9db4e1b4,3,"[0, 1, 0, 0, 0, 1, 1, 1]",4,0,0,,0.375,8
5309,9a40ef01-8861-11f1-ac7d-b48c9db4e1b4,3,"[0, 1, 0, 0, 0, 1, 1, 1]",5,1,-1,,0.375,8
5310,9a40ef01-8861-11f1-ac7d-b48c9db4e1b4,3,"[0, 1, 0, 0, 0, 1, 1, 1]",6,1,-1,,0.375,8
5311,9a40ef01-8861-11f1-ac7d-b48c9db4e1b4,3,"[0, 1, 0, 0, 0, 1, 1, 1]",7,1,-1,,0.375,8
5312,9a40ef01-8861-11f1-ac7d-b48c9db4e1b4,4,"[1, 1, 0, 1, 0, 1, 1, 1]",0,1,-1,,0.375,8
5313,9a40ef01-8861-11f1-ac7d-b48c9db4e1b4,4,"[1, 1, 0, 1, 0, 1, 1, 1]",1,1,-1,,0.375,8
5314,9a40ef01-8861-11f1-ac7d-b48c9db4e1b4,4,"[1, 1, 0, 1, 0, 1, 1, 1]",2,0,0,,0.375,8
5315,9a40ef01-8861-11f1-ac7d-b48c9db4e1b4,4,"[1, 1, 0, 1, 0, 1, 1, 1]",3,1,-1,,0.375,8
5316,9a40ef01-8861-11f1-ac7d-b48c9db4e1b4,4,"[1, 1, 0, 1, 0, 1, 1, 1]",4,0,0,,0.375,8
5317,9a40ef01-8861-11f1-ac7d-b48c9db4e1b4,4,"[1, 1, 0, 1, 0, 1, 1, 1]",5,1,-1,,0.375,8
5318,9a40ef01-8861-11f1-ac7d-b48c9db4e1b4,4,"[1, 1, 0, 1, 0, 1, 1, 1]",6,1,-1,,0.375,8
5319,9a40ef01-8861-11f1-ac7d-b48c9db4e1b4,4,"[1, 1, 0, 1, 0, 1, 1, 1]",7,1,-1,,0.375,8
5320,9a40ef01-8861-11f1-ac7d-b48c9db4e1b4,5,"[1, 1, 1, 0, 1, 0, 1, 0]",0,1,-1,,0.375,8
5321,9a40ef01-8861-11f1-ac7d-b48c9db4e1b4,5,"[1, 1, 1, 0, 1, 0, 1, 0]",1,1,-1,,0.375,8
5322,9a40ef01-8861-11f1-ac7d-b48c9db4e1b4,5,"[1, 1, 1, 0, 1, 0, 1, 0]",2,1,-1,,0.375,8
5323,9a40ef01-8861-11f1-ac7d-b48c9db4e1b4,5,"[1, 1, 1, 0, 1, 0, 1, 0]",3,0,0,,0.375,8
5324,9a40ef01-8861-11f1-ac7d-b48c9db4e1b4,5,"[1, 1, 1, 0, 1, 0, 1, 0]",4,1,-1,,0.375,8
5325,9a40ef01-8861-11f1-ac7d-b48c9db4e1b4,5,"[1, 1, 1, 0, 1, 0, 1, 0]",5,0,0,,0.375,8
5326,9a40ef01-8861-11f1-ac7d-b48c9db4e1b4,5,"[1, 1, 1, 0, 1, 0, 1, 0]",6,1,-1,,0.375,8
5327,9a40ef01-8861-11f1-ac7d-b48c9db4e1b4,5,"[1, 1, 1, 0, 1, 0, 1, 0]",7,0,0,,0.375,8
5328,9a40ef01-8861-11f1-ac7d-b48c9db4e1b4,6,"[1, 0, 1, 1, 1, 1, 0, 0]",0,1,-1,,0.375,8
5329,9a40ef01-8861-11f1-ac7d-b48c9db4e1b4,6,"[1, 0, 1, 1, 1, 1, 0, 0]",1,0,0,,0.375,8
5330,9a40ef01-8861-11f1-ac7d-b48c9db4e1b4,6,"[1, 0, 1, 1, 1, 1, 0, 0]",2,1,-1,,0.375,8
5331,9a40ef01-8861-11f1-ac7d-b48c9db4e1b4,6,"[1, 0, 1, 1, 1, 1, 0, 0]",3,1,-1,,0.375,8
5332,9a40ef01-8861-11f1-ac7d-b48c9db4e1b4,6,"[1, 0, 1, 1, 1, 1, 0, 0]",4,1,-1,,0.375,8
5333,9a40ef01-8861-11f1-ac7d-b48c9db4e1b4,6,"[1, 0, 1, 1, 1, 1, 0, 0]",5,1,-1,,0.375,8
5334,9a40ef01-8861-11f1-ac7d-b48c9db4e1b4,6,"[1, 0, 1, 1, 1, 1, 0, 0]",6,0,0,,0.375,8
5335,9a40ef01-8861-11f1-ac7d-b48c9db4e1b4,6,"[1, 0, 1, 1, 1, 1, 0, 0]",7,0,0,,0.375,8
5336,9a40ef01-8861-11f1-ac7d-b48c9db4e1b4,7,"[0, 1, 0, 1, 0, 1, 0, 0]",0,0,0,,0.375,8
5337,9a40ef01-8861-11f1-ac7d-b48c9db4e1b4,7,"[0, 1, 0, 1, 0, 1, 0, 0]",1,1,1,,0.375,8
5338,9a40ef01-8861-11f1-ac7d-b48c9db4e1b4,7,"[0, 1, 0, 1, 0, 1, 0, 0]",2,0,0,,0.375,8
5339,9a40ef01-8861-11f1-ac7d-b48c9db4e1b4,7,"[0, 1, 0, 1, 0, 1, 0, 0]",3,1,1,,0.375,8
5340,9a40ef01-8861-11f1-ac7d-b48c9db4e1b4,7,"[0, 1, 0, 1, 0, 1, 0, 0]",4,0,0,,0.375,8
5341,9a40ef01-8861-11f1-ac7d-b48c9db4e1b4,7,"[0, 1, 0, 1, 0, 1, 0, 0]",5,1,1,,0.375,8
5342,9a40ef01-8861-11f1-ac7d-b48c9db4e1b4,7,"[0, 1, 0, 1, 0, 1, 0, 0]",6,0,0,,0.375,8
5343,9a40ef01-8861-11f1-ac7d-b48c9db4e1b4,7,"[0, 1, 0, 1, 0, 1, 0, 0]",7,0,0,,0.375,8
5344,9a40ef01-8861-11f1-ac7d-b48c9db4e1b4,8,"[0, 0, 1, 1, 1, 0, 0, 1]",0,0,0,,0.375,8
5345,9a40ef01-8861-11f1-ac7d-b48c9db4e1b4,8,"[0, 0, 1, 1, 1, 0, 0, 1]",1,0,0,,0.375,8
5346,9a40ef01-8861-11f1-ac7d-b48c9db4e1b4,8,"[0, 0, 1, 1, 1, 0, 0, 1]",2,1,-1,,0.375,8
5347,9a40ef01-8861-11f1-ac7d-b48c9db4e1b4,8,"[0, 0, 1, 1, 1, 0, 0, 1]",3,1,-1,,0.375,8
5348,9a40ef01-8861-11f1-ac7d-b48c9db4e1b4,8,"[0, 0, 1, 1, 1, 0, 0, 1]",4,1,-1,,0.375,8
5349,9a40ef01-8861-11f1-ac7d-b48c9db4e1b4,8,"[0, 0, 1, 1, 1, 0, 0, 1]",5,0,0,,0.375,8
5350,9a40ef01-8861-11f1-ac7d-b48c9db4e1b4,8,"[0, 0, 1, 1, 1, 0, 0, 1]",6,0,0,,0.375,8
5351,9a40ef01-8861-11f1-ac7d-b48c9db4e1b4,8,"[0, 0, 1, 1, 1, 0, 0, 1]",7,1,-1,,0.375,8
5352,9a40ef01-8861-11f1-ac7d-b48c9db4e1b4,9,"[0, 0, 0, 1, 1, 0, 1, 0]",0,0,0,,0.375,8
5353,9a40ef01-8861-11f1-ac7d-b48c9db4e1b4,9,"[0, 0, 0, 1, 1, 0, 1, 0]",1,0,0,,0.375,8
5354,9a40ef01-8861-11f1-ac7d-b48c9db4e1b4,9,"[0, 0, 0, 1, 1, 0, 1, 0]",2,0,0,,0.375,8
5355,9a40ef01-8861-11f1-ac7d-b48c9db4e1b4,9,"[0, 0, 0, 1, 1, 0, 1, 0]",3,1,1,,0.375,8
5356,9a40ef01-8861-11f1-ac7d-b48c9db4e1b4,9,"[0, 0, 0, 1, 1, 0, 1, 0]",4,1,1,,0.375,8
5357,9a40ef01-8861-11f1-ac7d-b48c9db4e1b4,9,"[0, 0, 0, 1, 1, 0, 1, 0]",5,0,0,,0.375,8
5358,9a40ef01-8861-11f1-ac7d-b48c9db4e1b4,9,"[0, 0, 0, 1, 1, 0, 1, 0]",6,1,1,,0.375,8
5359,9a40ef01-8861-11f1-ac7d-b48c9db4e1b4,9,"[0, 0, 0, 1, 1, 0, 1, 0]",7,0,0,,0.375,8
5360,9a40ef01-8861-11f1-ac7d-b48c9db4e1b4,10,"[1, 1, 1, 0, 1, 1, 1, 1]",0,1,-1,,0.375,8
5361,9a40ef01-8861-11f1-ac7d-b48c9db4e1b4,10,"[1, 1, 1, 0, 1, 1, 1, 1]",1,1,-1,,0.375,8
5362,9a40ef01-8861-11f1-ac7d-b48c9db4e1b4,10,"[1, 1, 1, 0, 1, 1, 1, 1]",2,1,-1,,0.375,8
5363,9a40ef01-8861-11f1-ac7d-b48c9db4e1b4,10,"[1, 1, 1, 0, 1, 1, 1, 1]",3,0,0,,0.375,8
5364,9a40ef01-8861-11f1-ac7d-b48c9db4e1b4,10,"[1, 1, 1, 0, 1, 1, 1, 1]",4,1,-1,,0.375,8
5365,9a40ef01-8861-11f1-ac7d-b48c9db4e1b4,10,"[1, 1, 1, 0, 1, 1, 1, 1]",5,1,-1,,0.375,8
5366,9a40ef01-8861-11f1-ac7d-b48c9db4e1b4,10,"[1, 1, 1, 0, 1, 1, 1, 1]",6,1,-1,,0.375,8
5367,9a40ef01-8861-11f1-ac7d-b48c9db4e1b4,10,"[1, 1, 1, 0, 1, 1, 1, 1]",7,1,-1,,0.375,8
5368,9a40ef01-8861-11f1-ac7d-b48c9db4e1b4,11,"[0, 1, 1, 0, 0, 0, 0, 0]",0,0,0,,0.375,8
5369,9a40ef01-8861-11f1-ac7d-b48c9db4e1b4,11,"[0, 1, 1, 0, 0, 0, 0, 0]",1,1,1,,0.375,8
5370,9a40ef01-8861-11f1-ac7d-b48c9db4e1b4,11,"[0, 1, 1, 0, 0, 0, 0, 0]",2,1,1,,0.375,8
5371,9a40ef01-8861-11f1-ac7d-b48c9db4e1b4,11,"[0, 1, 1, 0, 0, 0, 0, 0]",3,0,0,,0.375,8
5372,9a40ef01-8861-11f1-ac7d-b48c9db4e1b4,11,"[0, 1, 1, 0, 0, 0, 0, 0]",4,0,0,,0.375,8
5373,9a40ef01-8861-11f1-ac7d-b48c9db4e1b4,11,"[0, 1, 1, 0, 0, 0, 0, 0]",5,0,0,,0.375,8
5374,9a40ef01-8861-11f1-ac7d-b48c9db4e1b4,11,"[0, 1, 1, 0, 0, 0, 0, 0]",6,0,0,,0.375,8
5375,9a40ef01-8861-11f1-ac7d-b48c9db4e1b4,11,"[0, 1, 1, 0, 0, 0, 0, 0]",7,0,0,,0.375,8
5376,9a40ef01-8861-11f1-ac7d-b48c9db4e1b4,12,"[0, 1, 1, 0, 1, 1, 1, 1]",0,0,0,,0.375,8
5377,9a40ef01-8861-11f1-ac7d-b48c9db4e1b4,12,"[0, 1, 1, 0, 1, 1, 1, 1]",1,1,-1,,0.375,8
5378,9a40ef01-8861-11f1-ac7d-b48c9db4e1b4,12,"[0, 1, 1, 0, 1, 1, 1, 1]",2,1,-1,,0.375,8
5379,9a40ef01-8861-11f1-ac7d-b48c9db4e1b4,12,"[0, 1, 1, 0, 1, 1, 1, 1]",3,0,0,,0.375,8
5380,9a40ef01-8861-11f1-ac7d-b48c9db4e1b4,12,"[0, 1, 1, 0, 1, 1, 1, 1]",4,1,-1,,0.375,8
5381,9a40ef01-8861-11f1-ac7d-b48c9db4e1b4,12,"[0, 1, 1, 0, 1, 1, 1, 1]",5,1,-1,,0.375,8
5382,9a40ef01-8861-11f1-ac7d-b48c9db4e1b4,12,"[0, 1, 1, 0, 1, 1, 1, 1]",6,1,-1,,0.375,8
5383,9a40ef01-8861-11f1-ac7d-b48c9db4e1b4,12,"[0, 1, 1, 0, 1, 1, 1, 1]",7,1,-1,,0.375,8
5384,9a40ef01-8861-11f1-ac7d-b48c9db4e1b4,13,"[0, 1, 1, 0, 1, 1, 0, 0]",0,0,0,,0.375,8
5385,9a40ef01-8861-11f1-ac7d-b48c9db4e1b4,13,"[0, 1, 1, 0, 1, 1, 0, 0]",1,1,-1,,0.375,8
5386,9a40ef01-8861-11f1-ac7d-b48c9db4e1b4,13,"[0, 1, 1, 0, 1, 1, 0, 0]",2,1,-1,,0.375,8
5387,9a40ef01-8861-11f1-ac7d-b48c9db4e1b4,13,"[0, 1, 1, 0, 1, 1, 0, 0]",3,0,0,,0.375,8
5388,9a40ef01-8861-11f1-ac7d-b48c9db4e1b4,13,"[0, 1, 1, 0, 1, 1, 0, 0]",4,1,-1,,0.375,8
5389,9a40ef01-8861-11f1-ac7d-b48c9db4e1b4,13,"[0, 1, 1, 0, 1, 1, 0, 0]",5,1,-1,,0.375,8
5390,9a40ef01-8861-11f1-ac7d-b48c9db4e1b4,13,"[0, 1, 1, 0, 1, 1, 0, 0]",6,0,0,,0.375,8
5391,9a40ef01-8861-11f1-ac7d-b48c9db4e1b4,13,"[0, 1, 1, 0, 1, 1, 0, 0]",7,0,0,,0.375,8
5392,9a40ef01-8861-11f1-ac7d-b48c9db4e1b4,14,"[1, 1, 1, 1, 0, 1, 1, 1]",0,1,-1,,0.375,8
5393,9a40ef01-8861-11f1-ac7d-b48c9db4e1b4,14,"[1, 1, 1, 1, 0, 1, 1, 1]",1,1,-1,,0.375,8
5394,9a40ef01-8861-11f1-ac7d-b48c9db4e1b4,14,"[1, 1, 1, 1, 0, 1, 1, 1]",2,1,-1,,0.375,8
5395,9a40ef01-8861-11f1-ac7d-b48c9db4e1b4,14,"[1, 1, 1, 1, 0, 1, 1, 1]",3,1,-1,,0.375,8
5396,9a40ef01-8861-11f1-ac7d-b48c9db4e1b4,14,"[1, 1, 1, 1, 0, 1, 1, 1]",4,0,0,,0.375,8
5397,9a40ef01-8861-11f1-ac7d-b48c9db4e1b4,14,"[1, 1, 1, 1, 0, 1, 1, 1]",5,1,-1,,0.375,8
5398,9a40ef01-8861-11f1-ac7d-b48c9db4e1b4,14,"[1, 1, 1, 1, 0, 1, 1, 1]",6,1,-1,,0.375,8
5399,9a40ef01-8861-11f1-ac7d-b48c9db4e1b4,14,"[1, 1, 1, 1, 0, 1, 1, 1]",7,1,-1,,0.375,8
5400,9a40ef01-8861-11f1-ac7d-b48c9db4e1b4,15,"[0, 1, 0, 1, 0, 1, 0, 1]",0,0,0,,0.375,8
5401,9a40ef01-8861-11f1-ac7d-b48c9db4e1b4,15,"[0, 1, 0, 1, 0, 1, 0, 1]",1,1,-1,,0.375,8
5402,9a40ef01-8861-11f1-ac7d-b48c9db4e1b4,15,"[0, 1, 0, 1, 0, 1, 0, 1]",2,0,0,,0.375,8
5403,9a40ef01-8861-11f1-ac7d-b48c9db4e1b4,15,"[0, 1, 0, 1, 0, 1, 0, 1]",3,1,-1,,0.375,8
5404,9a40ef01-8861-11f1-ac7d-b48c9db4e1b4,15,"[0, 1, 0, 1, 0, 1, 0, 1]",4,0,0,,0.375,8
5405,9a40ef01-8861-11f1-ac7d-b48c9db4e1b4,15,"[0, 1, 0, 1, 0, 1, 0, 1]",5,1,-1,,0.375,8
5406,9a40ef01-8861-11f1-ac7d-b48c9db4e1b4,15,"[0, 1, 0, 1, 0, 1, 0, 1]",6,0,0,,0.375,8
5407,9a40ef01-8861-11f1-ac7d-b48c9db4e1b4,15,"[0, 1, 0, 1, 0, 1, 0, 1]",7,1,-1,,0.375,8
5408,9a40ef01-8861-11f1-ac7d-b48c9db4e1b4,16,"[1, 0, 0, 0, 0, 0, 1, 1]",0,1,1,,0.375,8
5409,9a40ef01-8861-11f1-ac7d-b48c9db4e1b4,16,"[1, 0, 0, 0, 0, 0, 1, 1]",1,0,0,,0.375,8
5410,9a40ef01-8861-11f1-ac7d-b48c9db4e1b4,16,"[1, 0, 0, 0, 0, 0, 1, 1]",2,0,0,,0.375,8
5411,9a40ef01-8861-11f1-ac7d-b48c9db4e1b4,16,"[1, 0, 0, 0, 0, 0, 1, 1]",3,0,0,,0.375,8
5412,9a40ef01-8861-11f1-ac7d-b48c9db4e1b4,16,"[1, 0, 0, 0, 0, 0, 1, 1]",4,0,0,,0.375,8
5413,9a40ef01-8861-11f1-ac7d-b48c9db4e1b4,16,"[1, 0, 0, 0, 0, 0, 1, 1]",5,0,0,,0.375,8
5414,9a40ef01-8861-11f1-ac7d-b48c9db4e1b4,16,"[1, 0, 0, 0, 0, 0, 1, 1]",6,1,1,,0.375,8
5415,9a40ef01-8861-11f1-ac7d-b48c9db4e1b4,16,"[1, 0, 0, 0, 0, 0, 1, 1]",7,1,1,,0.375,8
5416,9a40ef01-8861-11f1-ac7d-b48c9db4e1b4,17,"[1, 1, 0, 1, 0, 1, 0, 0]",0,1,-1,,0.375,8
5417,9a40ef01-8861-11f1-ac7d-b48c9db4e1b4,17,"[1, 1, 0, 1, 0, 1, 0, 0]",1,1,-1,,0.375,8
5418,9a40ef01-8861-11f1-ac7d-b48c9db4e1b4,17,"[1, 1, 0, 1, 0, 1, 0, 0]",2,0,0,,0.375,8
5419,9a40ef01-8861-11f1-ac7d-b48c9db4e1b4,17,"[1, 1, 0, 1, 0, 1, 0, 0]",3,1,-1,,0.375,8
5420,9a40ef01-8861-11f1-ac7d-b48c9db4e1b4,17,"[1, 1, 0, 1, 0, 1, 0, 0]",4,0,0,,0.375,8
5421,9a40ef01-8861-11f1-ac7d-b48c9db4e1b4,17,"[1, 1, 0, 1, 0, 1, 0, 0]",5,1,-1,,0.375,8
5422,9a40ef01-8861-11f1-ac7d-b48c9db4e1b4,17,"[1, 1, 0, 1, 0, 1, 0, 0]",6,0,0,,0.375,8
5423,9a40ef01-8861-11f1-ac7d-b48c9db4e1b4,17,"[1, 1, 0, 1, 0, 1, 0, 0]",7,0,0,,0.375,8
5424,9a40ef01-8861-11f1-ac7d-b48c9db4e1b4,18,"[1, 0, 0, 1, 0, 1, 0, 1]",0,1,-1,,0.375,8
5425,9a40ef01-8861-11f1-ac7d-b48c9db4e1b4,18,"[1, 0, 0, 1, 0, 1, 0, 1]",1,0,0,,0.375,8
5426,9a40ef01-8861-11f1-ac7d-b48c9db4e1b4,18,"[1, 0, 0, 1, 0, 1, 0, 1]",2,0,0,,0.375,8
5427,9a40ef01-8861-11f1-ac7d-b48c9db4e1b4,18,"[1, 0, 0, 1, 0, 1, 0, 1]",3,1,-1,,0.375,8
5428,9a40ef01-8861-11f1-ac7d-b48c9db4e1b4,18,"[1, 0, 0, 1, 0, 1, 0, 1]",4,0,0,,0.375,8
5429,9a40ef01-8861-11f1-ac7d-b48c9db4e1b4,18,"[1, 0, 0, 1, 0, 1, 0, 1]",5,1,-1,,0.375,8
5430,9a40ef01-8861-11f1-ac7d-b48c9db4e1b4,18,"[1, 0, 0, 1, 0, 1, 0, 1]",6,0,0,,0.375,8
5431,9a40ef01-8861-11f1-ac7d-b48c9db4e1b4,18,"[1, 0, 0, 1, 0, 1, 0, 1]",7,1,-1,,0.375,8
5432,9a40ef01-8861-11f1-ac7d-b48c9db4e1b4,19,"[0, 0, 1, 0, 0, 0, 0, 1]",0,0,0,,0.375,8
5433,9a40ef01-8861-11f1-ac7d-b48c9db4e1b4,19,"[0, 0, 1, 0, 0, 0, 0, 1]",1,0,0,,0.375,8
5434,9a40ef01-8861-11f1-ac7d-b48c9db4e1b4,19,"[0, 0, 1, 0, 0, 0, 0, 1]",2,1,1,,0.375,8
5435,9a40ef01-8861-11f1-ac7d-b48c9db4e1b4,19,"[0, 0, 1, 0, 0, 0, 0, 1]",3,0,0,,0.375,8
5436,9a40ef01-8861-11f1-ac7d-b48c9db4e1b4,19,"[0, 0, 1, 0, 0, 0, 0, 1]",4,0,0,,0.375,8
5437,9a40ef01-8861-11f1-ac7d-b48c9db4e1b4,19,"[0, 0, 1, 0, 0, 0, 0, 1]",5,0,0,,0.375,8
5438,9a40ef01-8861-11f1-ac7d-b48c9db4e1b4,19,"[0, 0, 1, 0, 0, 0, 0, 1]",6,0,0,,0.375,8
5439,9a40ef01-8861-11f1-ac7d-b48c9db4e1b4,19,"[0, 0, 1, 0, 0, 0, 0, 1]",7,1,1,,0.375,8
5440,9a4447bd-8861-11f1-be01-b48c9db4e1b4,0,"[1, 0, 1, 0, 1, 0, 1, 0]",0,1,-1,,0.375,8
5441,9a4447bd-8861-11f1-be01-b48c9db4e1b4,0,"[1, 0, 1, 0, 1, 0, 1, 0]",1,0,0,,0.375,8
5442,9a4447bd-8861-11f1-be01-b48c9db4e1b4,0,"[1, 0, 1, 0, 1, 0, 1, 0]",2,1,-1,,0.375,8
5443,9a4447bd-8861-11f1-be01-b48c9db4e1b4,0,"[1, 0, 1, 0, 1, 0, 1, 0]",3,0,0,,0.375,8
5444,9a4447bd-8861-11f1-be01-b48c9db4e1b4,0,"[1, 0, 1, 0, 1, 0, 1, 0]",4,1,-1,,0.375,8
5445,9a4447bd-8861-11f1-be01-b48c9db4e1b4,0,"[1, 0, 1, 0, 1, 0, 1, 0]",5,0,0,,0.375,8
5446,9a4447bd-8861-11f1-be01-b48c9db4e1b4,0,"[1, 0, 1, 0, 1, 0, 1, 0]",6,1,-1,,0.375,8
5447,9a4447bd-8861-11f1-be01-b48c9db4e1b4,0,"[1, 0, 1, 0, 1, 0, 1, 0]",7,0,0,,0.375,8
5448,9a4447bd-8861-11f1-be01-b48c9db4e1b4,1,"[0, 0, 1, 0, 1, 0, 1, 1]",0,0,0,,0.375,8
5449,9a4447bd-8861-11f1-be01-b48c9db4e1b4,1,"[0, 0, 1, 0, 1, 0, 1, 1]",1,0,0,,0.375,8
5450,9a4447bd-8861-11f1-be01-b48c9db4e1b4,1,"[0, 0, 1, 0, 1, 0, 1, 1]",2,1,-1,,0.375,8
5451,9a4447bd-8861-11f1-be01-b48c9db4e1b4,1,"[0, 0, 1, 0, 1, 0, 1, 1]",3,0,0,,0.375,8
5452,9a4447bd-8861-11f1-be01-b48c9db4e1b4,1,"[0, 0, 1, 0, 1, 0, 1, 1]",4,1,-1,,0.375,8
5453,9a4447bd-8861-11f1-be01-b48c9db4e1b4,1,"[0, 0, 1, 0, 1, 0, 1, 1]",5,0,0,,0.375,8
5454,9a4447bd-8861-11f1-be01-b48c9db4e1b4,1,"[0, 0, 1, 0, 1, 0, 1, 1]",6,1,-1,,0.375,8
5455,9a4447bd-8861-11f1-be01-b48c9db4e1b4,1,"[0, 0, 1, 0, 1, 0, 1, 1]",7,1,-1,,0.375,8
5456,9a4447bd-8861-11f1-be01-b48c9db4e1b4,2,"[1, 1, 0, 0, 1, 1, 0, 1]",0,1,-1,,0.375,8
5457,9a4447bd-8861-11f1-be01-b48c9db4e1b4,2,"[1, 1, 0, 0, 1, 1, 0, 1]",1,1,-1,,0.375,8
5458,9a4447bd-8861-11f1-be01-b48c9db4e1b4,2,"[1, 1, 0, 0, 1, 1, 0, 1]",2,0,0,,0.375,8
5459,9a4447bd-8861-11f1-be01-b48c9db4e1b4,2,"[1, 1, 0, 0, 1, 1, 0, 1]",3,0,0,,0.375,8
5460,9a4447bd-8861-11f1-be01-b48c9db4e1b4,2,"[1, 1, 0, 0, 1, 1, 0, 1]",4,1,-1,,0.375,8
5461,9a4447bd-8861-11f1-be01-b48c9db4e1b4,2,"[1, 1, 0, 0, 1, 1, 0, 1]",5,1,-1,,0.375,8
5462,9a4447bd-8861-11f1-be01-b48c9db4e1b4,2,"[1, 1, 0, 0, 1, 1, 0, 1]",6,0,0,,0.375,8
5463,9a4447bd-8861-11f1-be01-b48c9db4e1b4,2,"[1, 1, 0, 0, 1, 1, 0, 1]",7,1,-1,,0.375,8
5464,9a4447bd-8861-11f1-be01-b48c9db4e1b4,3,"[1, 1, 1, 1, 1, 0, 1, 1]",0,1,-1,,0.375,8
5465,9a4447bd-8861-11f1-be01-b48c9db4e1b4,3,"[1, 1, 1, 1, 1, 0, 1, 1]",1,1,-1,,0.375,8
5466,9a4447bd-8861-11f1-be01-b48c9db4e1b4,3,"[1, 1, 1, 1, 1, 0, 1, 1]",2,1,-1,,0.375,8
5467,9a4447bd-8861-11f1-be01-b48c9db4e1b4,3,"[1, 1, 1, 1, 1, 0, 1, 1]",3,1,-1,,0.375,8
5468,9a4447bd-8861-11f1-be01-b48c9db4e1b4,3,"[1, 1, 1, 1, 1, 0, 1, 1]",4,1,-1,,0.375,8
5469,9a4447bd-8861-11f1-be01-b48c9db4e1b4,3,"[1, 1, 1, 1, 1, 0, 1, 1]",5,0,0,,0.375,8
5470,9a4447bd-8861-11f1-be01-b48c9db4e1b4,3,"[1, 1, 1, 1, 1, 0, 1, 1]",6,1,-1,,0.375,8
5471,9a4447bd-8861-11f1-be01-b48c9db4e1b4,3,"[1, 1, 1, 1, 1, 0, 1, 1]",7,1,-1,,0.375,8
5472,9a4447bd-8861-11f1-be01-b48c9db4e1b4,4,"[1, 1, 1, 1, 1, 0, 0, 1]",0,1,-1,,0.375,8
5473,9a4447bd-8861-11f1-be01-b48c9db4e1b4,4,"[1, 1, 1, 1, 1, 0, 0, 1]",1,1,-1,,0.375,8
5474,9a4447bd-8861-11f1-be01-b48c9db4e1b4,4,"[1, 1, 1, 1, 1, 0, 0, 1]",2,1,-1,,0.375,8
5475,9a4447bd-8861-11f1-be01-b48c9db4e1b4,4,"[1, 1, 1, 1, 1, 0, 0, 1]",3,1,-1,,0.375,8
5476,9a4447bd-8861-11f1-be01-b48c9db4e1b4,4,"[1, 1, 1, 1, 1, 0, 0, 1]",4,1,-1,,0.375,8
5477,9a4447bd-8861-11f1-be01-b48c9db4e1b4,4,"[1, 1, 1, 1, 1, 0, 0, 1]",5,0,0,,0.375,8
5478,9a4447bd-8861-11f1-be01-b48c9db4e1b4,4,"[1, 1, 1, 1, 1, 0, 0, 1]",6,0,0,,0.375,8
5479,9a4447bd-8861-11f1-be01-b48c9db4e1b4,4,"[1, 1, 1, 1, 1, 0, 0, 1]",7,1,-1,,0.375,8
5480,9a4447bd-8861-11f1-be01-b48c9db4e1b4,5,"[0, 1, 0, 1, 1, 1, 0, 1]",0,0,0,,0.375,8
5481,9a4447bd-8861-11f1-be01-b48c9db4e1b4,5,"[0, 1, 0, 1, 1, 1, 0, 1]",1,1,-1,,0.375,8
5482,9a4447bd-8861-11f1-be01-b48c9db4e1b4,5,"[0, 1, 0, 1, 1, 1, 0, 1]",2,0,0,,0.375,8
5483,9a4447bd-8861-11f1-be01-b48c9db4e1b4,5,"[0, 1, 0, 1, 1, 1, 0, 1]",3,1,-1,,0.375,8
5484,9a4447bd-8861-11f1-be01-b48c9db4e1b4,5,"[0, 1, 0, 1, 1, 1, 0, 1]",4,1,-1,,0.375,8
5485,9a4447bd-8861-11f1-be01-b48c9db4e1b4,5,"[0, 1, 0, 1, 1, 1, 0, 1]",5,1,-1,,0.375,8
5486,9a4447bd-8861-11f1-be01-b48c9db4e1b4,5,"[0, 1, 0, 1, 1, 1, 0, 1]",6,0,0,,0.375,8
5487,9a4447bd-8861-11f1-be01-b48c9db4e1b4,5,"[0, 1, 0, 1, 1, 1, 0, 1]",7,1,-1,,0.375,8
5488,9a4447bd-8861-11f1-be01-b48c9db4e1b4,6,"[1, 0, 1, 1, 0, 1, 0, 1]",0,1,-1,,0.375,8
5489,9a4447bd-8861-11f1-be01-b48c9db4e1b4,6,"[1, 0, 1, 1, 0, 1, 0, 1]",1,0,0,,0.375,8
5490,9a4447bd-8861-11f1-be01-b48c9db4e1b4,6,"[1, 0, 1, 1, 0, 1, 0, 1]",2,1,-1,,0.375,8
5491,9a4447bd-8861-11f1-be01-b48c9db4e1b4,6,"[1, 0, 1, 1, 0, 1, 0, 1]",3,1,-1,,0.375,8
5492,9a4447bd-8861-11f1-be01-b48c9db4e1b4,6,"[1, 0, 1, 1, 0, 1, 0, 1]",4,0,0,,0.375,8
5493,9a4447bd-8861-11f1-be01-b48c9db4e1b4,6,"[1, 0, 1, 1, 0, 1, 0, 1]",5,1,-1,,0.375,8
5494,9a4447bd-8861-11f1-be01-b48c9db4e1b4,6,"[1, 0, 1, 1, 0, 1, 0, 1]",6,0,0,,0.375,8
5495,9a4447bd-8861-11f1-be01-b48c9db4e1b4,6,"[1, 0, 1, 1, 0, 1, 0, 1]",7,1,-1,,0.375,8
5496,9a4447bd-8861-11f1-be01-b48c9db4e1b4,7,"[0, 0, 1, 1, 0, 0, 0, 0]",0,0,0,,0.375,8
5497,9a4447bd-8861-11f1-be01-b48c9db4e1b4,7,"[0, 0, 1, 1, 0, 0, 0, 0]",1,0,0,,0.375,8
5498,9a4447bd-8861-11f1-be01-b48c9db4e1b4,7,"[0, 0, 1, 1, 0, 0, 0, 0]",2,1,1,,0.375,8
5499,9a4447bd-8861-11f1-be01-b48c9db4e1b4,7,"[0, 0, 1, 1, 0, 0, 0, 0]",3,1,1,,0.375,8
5500,9a4447bd-8861-11f1-be01-b48c9db4e1b4,7,"[0, 0, 1, 1, 0, 0, 0, 0]",4,0,0,,0.375,8
5501,9a4447bd-8861-11f1-be01-b48c9db4e1b4,7,"[0, 0, 1, 1, 0, 0, 0, 0]",5,0,0,,0.375,8
5502,9a4447bd-8861-11f1-be01-b48c9db4e1b4,7,"[0, 0, 1, 1, 0, 0, 0, 0]",6,0,0,,0.375,8
5503,9a4447bd-8861-11f1-be01-b48c9db4e1b4,7,"[0, 0, 1, 1, 0, 0, 0, 0]",7,0,0,,0.375,8
5504,9a4447bd-8861-11f1-be01-b48c9db4e1b4,8,"[1, 0, 0, 0, 1, 1, 1, 1]",0,1,-1,,0.375,8
5505,9a4447bd-8861-11f1-be01-b48c9db4e1b4,8,"[1, 0, 0, 0, 1, 1, 1, 1]",1,0,0,,0.375,8
5506,9a4447bd-8861-11f1-be01-b48c9db4e1b4,8,"[1, 0, 0, 0, 1, 1, 1, 1]",2,0,0,,0.375,8
5507,9a4447bd-8861-11f1-be01-b48c9db4e1b4,8,"[1, 0, 0, 0, 1, 1, 1, 1]",3,0,0,,0.375,8
5508,9a4447bd-8861-11f1-be01-b48c9db4e1b4,8,"[1, 0, 0, 0, 1, 1, 1, 1]",4,1,-1,,0.375,8
5509,9a4447bd-8861-11f1-be01-b48c9db4e1b4,8,"[1, 0, 0, 0, 1, 1, 1, 1]",5,1,-1,,0.375,8
5510,9a4447bd-8861-11f1-be01-b48c9db4e1b4,8,"[1, 0, 0, 0, 1, 1, 1, 1]",6,1,-1,,0.375,8
5511,9a4447bd-8861-11f1-be01-b48c9db4e1b4,8,"[1, 0, 0, 0, 1, 1, 1, 1]",7,1,-1,,0.375,8
5512,9a4447bd-8861-11f1-be01-b48c9db4e1b4,9,"[0, 1, 1, 1, 1, 0, 0, 0]",0,0,0,,0.375,8
5513,9a4447bd-8861-11f1-be01-b48c9db4e1b4,9,"[0, 1, 1, 1, 1, 0, 0, 0]",1,1,-1,,0.375,8
5514,9a4447bd-8861-11f1-be01-b48c9db4e1b4,9,"[0, 1, 1, 1, 1, 0, 0, 0]",2,1,-1,,0.375,8
5515,9a4447bd-8861-11f1-be01-b48c9db4e1b4,9,"[0, 1, 1, 1, 1, 0, 0, 0]",3,1,-1,,0.375,8
5516,9a4447bd-8861-11f1-be01-b48c9db4e1b4,9,"[0, 1, 1, 1, 1, 0, 0, 0]",4,1,-1,,0.375,8
5517,9a4447bd-8861-11f1-be01-b48c9db4e1b4,9,"[0, 1, 1, 1, 1, 0, 0, 0]",5,0,0,,0.375,8
5518,9a4447bd-8861-11f1-be01-b48c9db4e1b4,9,"[0, 1, 1, 1, 1, 0, 0, 0]",6,0,0,,0.375,8
5519,9a4447bd-8861-11f1-be01-b48c9db4e1b4,9,"[0, 1, 1, 1, 1, 0, 0, 0]",7,0,0,,0.375,8
5520,9a4447bd-8861-11f1-be01-b48c9db4e1b4,10,"[0, 1, 0, 0, 0, 1, 1, 1]",0,0,0,,0.375,8
5521,9a4447bd-8861-11f1-be01-b48c9db4e1b4,10,"[0, 1, 0, 0, 0, 1, 1, 1]",1,1,-1,,0.375,8
5522,9a4447bd-8861-11f1-be01-b48c9db4e1b4,10,"[0, 1, 0, 0, 0, 1, 1, 1]",2,0,0,,0.375,8
5523,9a4447bd-8861-11f1-be01-b48c9db4e1b4,10,"[0, 1, 0, 0, 0, 1, 1, 1]",3,0,0,,0.375,8
5524,9a4447bd-8861-11f1-be01-b48c9db4e1b4,10,"[0, 1, 0, 0, 0, 1, 1, 1]",4,0,0,,0.375,8
5525,9a4447bd-8861-11f1-be01-b48c9db4e1b4,10,"[0, 1, 0, 0, 0, 1, 1, 1]",5,1,-1,,0.375,8
5526,9a4447bd-8861-11f1-be01-b48c9db4e1b4,10,"[0, 1, 0, 0, 0, 1, 1, 1]",6,1,-1,,0.375,8
5527,9a4447bd-8861-11f1-be01-b48c9db4e1b4,10,"[0, 1, 0, 0, 0, 1, 1, 1]",7,1,-1,,0.375,8
5528,9a4447bd-8861-11f1-be01-b48c9db4e1b4,11,"[1, 0, 1, 1, 0, 1, 0, 1]",0,1,-1,,0.375,8
5529,9a4447bd-8861-11f1-be01-b48c9db4e1b4,11,"[1, 0, 1, 1, 0, 1, 0, 1]",1,0,0,,0.375,8
5530,9a4447bd-8861-11f1-be01-b48c9db4e1b4,11,"[1, 0, 1, 1, 0, 1, 0, 1]",2,1,-1,,0.375,8
5531,9a4447bd-8861-11f1-be01-b48c9db4e1b4,11,"[1, 0, 1, 1, 0, 1, 0, 1]",3,1,-1,,0.375,8
5532,9a4447bd-8861-11f1-be01-b48c9db4e1b4,11,"[1, 0, 1, 1, 0, 1, 0, 1]",4,0,0,,0.375,8
5533,9a4447bd-8861-11f1-be01-b48c9db4e1b4,11,"[1, 0, 1, 1, 0, 1, 0, 1]",5,1,-1,,0.375,8
5534,9a4447bd-8861-11f1-be01-b48c9db4e1b4,11,"[1, 0, 1, 1, 0, 1, 0, 1]",6,0,0,,0.375,8
5535,9a4447bd-8861-11f1-be01-b48c9db4e1b4,11,"[1, 0, 1, 1, 0, 1, 0, 1]",7,1,-1,,0.375,8
5536,9a4447bd-8861-11f1-be01-b48c9db4e1b4,12,"[1, 1, 0, 0, 1, 0, 0, 0]",0,1,1,,0.375,8
5537,9a4447bd-8861-11f1-be01-b48c9db4e1b4,12,"[1, 1, 0, 0, 1, 0, 0, 0]",1,1,1,,0.375,8
5538,9a4447bd-8861-11f1-be01-b48c9db4e1b4,12,"[1, 1, 0, 0, 1, 0, 0, 0]",2,0,0,,0.375,8
5539,9a4447bd-8861-11f1-be01-b48c9db4e1b4,12,"[1, 1, 0, 0, 1, 0, 0, 0]",3,0,0,,0.375,8
5540,9a4447bd-8861-11f1-be01-b48c9db4e1b4,12,"[1, 1, 0, 0, 1, 0, 0, 0]",4,1,1,,0.375,8
5541,9a4447bd-8861-11f1-be01-b48c9db4e1b4,12,"[1, 1, 0, 0, 1, 0, 0, 0]",5,0,0,,0.375,8
5542,9a4447bd-8861-11f1-be01-b48c9db4e1b4,12,"[1, 1, 0, 0, 1, 0, 0, 0]",6,0,0,,0.375,8
5543,9a4447bd-8861-11f1-be01-b48c9db4e1b4,12,"[1, 1, 0, 0, 1, 0, 0, 0]",7,0,0,,0.375,8
5544,9a4447bd-8861-11f1-be01-b48c9db4e1b4,13,"[1, 1, 0, 1, 0, 0, 1, 0]",0,1,-1,,0.375,8
5545,9a4447bd-8861-11f1-be01-b48c9db4e1b4,13,"[1, 1, 0, 1, 0, 0, 1, 0]",1,1,-1,,0.375,8
5546,9a4447bd-8861-11f1-be01-b48c9db4e1b4,13,"[1, 1, 0, 1, 0, 0, 1, 0]",2,0,0,,0.375,8
5547,9a4447bd-8861-11f1-be01-b48c9db4e1b4,13,"[1, 1, 0, 1, 0, 0, 1, 0]",3,1,-1,,0.375,8
5548,9a4447bd-8861-11f1-be01-b48c9db4e1b4,13,"[1, 1, 0, 1, 0, 0, 1, 0]",4,0,0,,0.375,8
5549,9a4447bd-8861-11f1-be01-b48c9db4e1b4,13,"[1, 1, 0, 1, 0, 0, 1, 0]",5,0,0,,0.375,8
5550,9a4447bd-8861-11f1-be01-b48c9db4e1b4,13,"[1, 1, 0, 1, 0, 0, 1, 0]",6,1,-1,,0.375,8
5551,9a4447bd-8861-11f1-be01-b48c9db4e1b4,13,"[1, 1, 0, 1, 0, 0, 1, 0]",7,0,0,,0.375,8
5552,9a4447bd-8861-11f1-be01-b48c9db4e1b4,14,"[1, 0, 1, 1, 1, 0, 1, 1]",0,1,-1,,0.375,8
5553,9a4447bd-8861-11f1-be01-b48c9db4e1b4,14,"[1, 0, 1, 1, 1, 0, 1, 1]",1,0,0,,0.375,8
5554,9a4447bd-8861-11f1-be01-b48c9db4e1b4,14,"[1, 0, 1, 1, 1, 0, 1, 1]",2,1,-1,,0.375,8
5555,9a4447bd-8861-11f1-be01-b48c9db4e1b4,14,"[1, 0, 1, 1, 1, 0, 1, 1]",3,1,-1,,0.375,8
5556,9a4447bd-8861-11f1-be01-b48c9db4e1b4,14,"[1, 0, 1, 1, 1, 0, 1, 1]",4,1,-1,,0.375,8
5557,9a4447bd-8861-11f1-be01-b48c9db4e1b4,14,"[1, 0, 1, 1, 1, 0, 1, 1]",5,0,0,,0.375,8
5558,9a4447bd-8861-11f1-be01-b48c9db4e1b4,14,"[1, 0, 1, 1, 1, 0, 1, 1]",6,1,-1,,0.375,8
5559,9a4447bd-8861-11f1-be01-b48c9db4e1b4,14,"[1, 0, 1, 1, 1, 0, 1, 1]",7,1,-1,,0.375,8
5560,9a4447bd-8861-11f1-be01-b48c9db4e1b4,15,"[1, 1, 0, 1, 1, 0, 1, 1]",0,1,-1,,0.375,8
5561,9a4447bd-8861-11f1-be01-b48c9db4e1b4,15,"[1, 1, 0, 1, 1, 0, 1, 1]",1,1,-1,,0.375,8
5562,9a4447bd-8861-11f1-be01-b48c9db4e1b4,15,"[1, 1, 0, 1, 1, 0, 1, 1]",2,0,0,,0.375,8
5563,9a4447bd-8861-11f1-be01-b48c9db4e1b4,15,"[1, 1, 0, 1, 1, 0, 1, 1]",3,1,-1,,0.375,8
5564,9a4447bd-8861-11f1-be01-b48c9db4e1b4,15,"[1, 1, 0, 1, 1, 0, 1, 1]",4,1,-1,,0.375,8
5565,9a4447bd-8861-11f1-be01-b48c9db4e1b4,15,"[1, 1, 0, 1, 1, 0, 1, 1]",5,0,0,,0.375,8
5566,9a4447bd-8861-11f1-be01-b48c9db4e1b4,15,"[1, 1, 0, 1, 1, 0, 1, 1]",6,1,-1,,0.375,8
5567,9a4447bd-8861-11f1-be01-b48c9db4e1b4,15,"[1, 1, 0, 1, 1, 0, 1, 1]",7,1,-1,,0.375,8
5568,9a4447bd-8861-11f1-be01-b48c9db4e1b4,16,"[1, 1, 1, 0, 0, 1, 1, 0]",0,1,-1,,0.375,8
5569,9a4447bd-8861-11f1-be01-b48c9db4e1b4,16,"[1, 1, 1, 0, 0, 1, 1, 0]",1,1,-1,,0.375,8
5570,9a4447bd-8861-11f1-be01-b48c9db4e1b4,16,"[1, 1, 1, 0, 0, 1, 1, 0]",2,1,-1,,0.375,8
5571,9a4447bd-8861-11f1-be01-b48c9db4e1b4,16,"[1, 1, 1, 0, 0, 1, 1, 0]",3,0,0,,0.375,8
5572,9a4447bd-8861-11f1-be01-b48c9db4e1b4,16,"[1, 1, 1, 0, 0, 1, 1, 0]",4,0,0,,0.375,8
5573,9a4447bd-8861-11f1-be01-b48c9db4e1b4,16,"[1, 1, 1, 0, 0, 1, 1, 0]",5,1,-1,,0.375,8
5574,9a4447bd-8861-11f1-be01-b48c9db4e1b4,16,"[1, 1, 1, 0, 0, 1, 1, 0]",6,1,-1,,0.375,8
5575,9a4447bd-8861-11f1-be01-b48c9db4e1b4,16,"[1, 1, 1, 0, 0, 1, 1, 0]",7,0,0,,0.375,8
5576,9a4447bd-8861-11f1-be01-b48c9db4e1b4,17,"[0, 1, 1, 1, 1, 1, 1, 1]",0,0,0,,0.375,8
5577,9a4447bd-8861-11f1-be01-b48c9db4e1b4,17,"[0, 1, 1, 1, 1, 1, 1, 1]",1,1,-1,,0.375,8
5578,9a4447bd-8861-11f1-be01-b48c9db4e1b4,17,"[0, 1, 1, 1, 1, 1, 1, 1]",2,1,-1,,0.375,8
5579,9a4447bd-8861-11f1-be01-b48c9db4e1b4,17,"[0, 1, 1, 1, 1, 1, 1, 1]",3,1,-1,,0.375,8
5580,9a4447bd-8861-11f1-be01-b48c9db4e1b4,17,"[0, 1, 1, 1, 1, 1, 1, 1]",4,1,-1,,0.375,8
5581,9a4447bd-8861-11f1-be01-b48c9db4e1b4,17,"[0, 1, 1, 1, 1, 1, 1, 1]",5,1,-1,,0.375,8
5582,9a4447bd-8861-11f1-be01-b48c9db4e1b4,17,"[0, 1, 1, 1, 1, 1, 1, 1]",6,1,-1,,0.375,8
5583,9a4447bd-8861-11f1-be01-b48c9db4e1b4,17,"[0, 1, 1, 1, 1, 1, 1, 1]",7,1,-1,,0.375,8
5584,9a4447bd-8861-11f1-be01-b48c9db4e1b4,18,"[1, 1, 1, 0, 1, 0, 1, 0]",0,1,-1,,0.375,8
5585,9a4447bd-8861-11f1-be01-b48c9db4e1b4,18,"[1, 1, 1, 0, 1, 0, 1, 0]",1,1,-1,,0.375,8
5586,9a4447bd-8861-11f1-be01-b48c9db4e1b4,18,"[1, 1, 1, 0, 1, 0, 1, 0]",2,1,-1,,0.375,8
5587,9a4447bd-8861-11f1-be01-b48c9db4e1b4,18,"[1, 1, 1, 0, 1, 0, 1, 0]",3,0,0,,0.375,8
5588,9a4447bd-8861-11f1-be01-b48c9db4e1b4,18,"[1, 1, 1, 0, 1, 0, 1, 0]",4,1,-1,,0.375,8
5589,9a4447bd-8861-11f1-be01-b48c9db4e1b4,18,"[1, 1, 1, 0, 1, 0, 1, 0]",5,0,0,,0.375,8
5590,9a4447bd-8861-11f1-be01-b48c9db4e1b4,18,"[1, 1, 1, 0, 1, 0, 1, 0]",6,1,-1,,0.375,8
5591,9a4447bd-8861-11f1-be01-b48c9db4e1b4,18,"[1, 1, 1, 0, 1, 0, 1, 0]",7,0,0,,0.375,8
5592,9a4447bd-8861-11f1-be01-b48c9db4e1b4,19,"[1, 0, 1, 0, 0, 1, 1, 0]",0,1,-1,,0.375,8
5593,9a4447bd-8861-11f1-be01-b48c9db4e1b4,19,"[1, 0, 1, 0, 0, 1, 1, 0]",1,0,0,,0.375,8
5594,9a4447bd-8861-11f1-be01-b48c9db4e1b4,19,"[1, 0, 1, 0, 0, 1, 1, 0]",2,1,-1,,0.375,8
5595,9a4447bd-8861-11f1-be01-b48c9db4e1b4,19,"[1, 0, 1, 0, 0, 1, 1, 0]",3,0,0,,0.375,8
5596,9a4447bd-8861-11f1-be01-b48c9db4e1b4,19,"[1, 0, 1, 0, 0, 1, 1, 0]",4,0,0,,0.375,8
5597,9a4447bd-8861-11f1-be01-b48c9db4e1b4,19,"[1, 0, 1, 0, 0, 1, 1, 0]",5,1,-1,,0.375,8
5598,9a4447bd-8861-11f1-be01-b48c9db4e1b4,19,"[1, 0, 1, 0, 0, 1, 1, 0]",6,1,-1,,0.375,8
5599,9a4447bd-8861-11f1-be01-b48c9db4e1b4,19,"[1, 0, 1, 0, 0, 1, 1, 0]",7,0,0,,0.375,8
5600,9a4778e6-8861-11f1-b3f1-b48c9db4e1b4,0,"[0, 1, 0, 0, 1, 0, 0, 0]",0,0,0,,0.375,8
5601,9a4778e6-8861-11f1-b3f1-b48c9db4e1b4,0,"[0, 1, 0, 0, 1, 0, 0, 0]",1,1,1,,0.375,8
5602,9a4778e6-8861-11f1-b3f1-b48c9db4e1b4,0,"[0, 1, 0, 0, 1, 0, 0, 0]",2,0,0,,0.375,8
5603,9a4778e6-8861-11f1-b3f1-b48c9db4e1b4,0,"[0, 1, 0, 0, 1, 0, 0, 0]",3,0,0,,0.375,8
5604,9a4778e6-8861-11f1-b3f1-b48c9db4e1b4,0,"[0, 1, 0, 0, 1, 0, 0, 0]",4,1,1,,0.375,8
5605,9a4778e6-8861-11f1-b3f1-b48c9db4e1b4,0,"[0, 1, 0, 0, 1, 0, 0, 0]",5,0,0,,0.375,8
5606,9a4778e6-8861-11f1-b3f1-b48c9db4e1b4,0,"[0, 1, 0, 0, 1, 0, 0, 0]",6,0,0,,0.375,8
5607,9a4778e6-8861-11f1-b3f1-b48c9db4e1b4,0,"[0, 1, 0, 0, 1, 0, 0, 0]",7,0,0,,0.375,8
5608,9a4778e6-8861-11f1-b3f1-b48c9db4e1b4,1,"[1, 1, 1, 0, 1, 1, 0, 0]",0,1,-1,,0.375,8
5609,9a4778e6-8861-11f1-b3f1-b48c9db4e1b4,1,"[1, 1, 1, 0, 1, 1, 0, 0]",1,1,-1,,0.375,8
5610,9a4778e6-8861-11f1-b3f1-b48c9db4e1b4,1,"[1, 1, 1, 0, 1, 1, 0, 0]",2,1,-1,,0.375,8
5611,9a4778e6-8861-11f1-b3f1-b48c9db4e1b4,1,"[1, 1, 1, 0, 1, 1, 0, 0]",3,0,0,,0.375,8
5612,9a4778e6-8861-11f1-b3f1-b48c9db4e1b4,1,"[1, 1, 1, 0, 1, 1, 0, 0]",4,1,-1,,0.375,8
5613,9a4778e6-8861-11f1-b3f1-b48c9db4e1b4,1,"[1, 1, 1, 0, 1, 1, 0, 0]",5,1,-1,,0.375,8
5614,9a4778e6-8861-11f1-b3f1-b48c9db4e1b4,1,"[1, 1, 1, 0, 1, 1, 0, 0]",6,0,0,,0.375,8
5615,9a4778e6-8861-11f1-b3f1-b48c9db4e1b4,1,"[1, 1, 1, 0, 1, 1, 0, 0]",7,0,0,,0.375,8
5616,9a4778e6-8861-11f1-b3f1-b48c9db4e1b4,2,"[1, 0, 0, 0, 0, 0, 0, 0]",0,1,1,,0.375,8
5617,9a4778e6-8861-11f1-b3f1-b48c9db4e1b4,2,"[1, 0, 0, 0, 0, 0, 0, 0]",1,0,0,,0.375,8
5618,9a4778e6-8861-11f1-b3f1-b48c9db4e1b4,2,"[1, 0, 0, 0, 0, 0, 0, 0]",2,0,0,,0.375,8
5619,9a4778e6-8861-11f1-b3f1-b48c9db4e1b4,2,"[1, 0, 0, 0, 0, 0, 0, 0]",3,0,0,,0.375,8
5620,9a4778e6-8861-11f1-b3f1-b48c9db4e1b4,2,"[1, 0, 0, 0, 0, 0, 0, 0]",4,0,0,,0.375,8
5621,9a4778e6-8861-11f1-b3f1-b48c9db4e1b4,2,"[1, 0, 0, 0, 0, 0, 0, 0]",5,0,0,,0.375,8
5622,9a4778e6-8861-11f1-b3f1-b48c9db4e1b4,2,"[1, 0, 0, 0, 0, 0, 0, 0]",6,0,0,,0.375,8
5623,9a4778e6-8861-11f1-b3f1-b48c9db4e1b4,2,"[1, 0, 0, 0, 0, 0, 0, 0]",7,0,0,,0.375,8
5624,9a4778e6-8861-11f1-b3f1-b48c9db4e1b4,3,"[0, 1, 1, 0, 0, 0, 1, 1]",0,0,0,,0.375,8
5625,9a4778e6-8861-11f1-b3f1-b48c9db4e1b4,3,"[0, 1, 1, 0, 0, 0, 1, 1]",1,1,-1,,0.375,8
5626,9a4778e6-8861-11f1-b3f1-b48c9db4e1b4,3,"[0, 1, 1, 0, 0, 0, 1, 1]",2,1,-1,,0.375,8
5627,9a4778e6-8861-11f1-b3f1-b48c9db4e1b4,3,"[0, 1, 1, 0, 0, 0, 1, 1]",3,0,0,,0.375,8
5628,9a4778e6-8861-11f1-b3f1-b48c9db4e1b4,3,"[0, 1, 1, 0, 0, 0, 1, 1]",4,0,0,,0.375,8
5629,9a4778e6-8861-11f1-b3f1-b48c9db4e1b4,3,"[0, 1, 1, 0, 0, 0, 1, 1]",5,0,0,,0.375,8
5630,9a4778e6-8861-11f1-b3f1-b48c9db4e1b4,3,"[0, 1, 1, 0, 0, 0, 1, 1]",6,1,-1,,0.375,8
5631,9a4778e6-8861-11f1-b3f1-b48c9db4e1b4,3,"[0, 1, 1, 0, 0, 0, 1, 1]",7,1,-1,,0.375,8
5632,9a4778e6-8861-11f1-b3f1-b48c9db4e1b4,4,"[1, 0, 0, 0, 1, 1, 1, 0]",0,1,-1,,0.375,8
5633,9a4778e6-8861-11f1-b3f1-b48c9db4e1b4,4,"[1, 0, 0, 0, 1, 1, 1, 0]",1,0,0,,0.375,8
5634,9a4778e6-8861-11f1-b3f1-b48c9db4e1b4,4,"[1, 0, 0, 0, 1, 1, 1, 0]",2,0,0,,0.375,8
5635,9a4778e6-8861-11f1-b3f1-b48c9db4e1b4,4,"[1, 0, 0, 0, 1, 1, 1, 0]",3,0,0,,0.375,8
5636,9a4778e6-8861-11f1-b3f1-b48c9db4e1b4,4,"[1, 0, 0, 0, 1, 1, 1, 0]",4,1,-1,,0.375,8
5637,9a4778e6-8861-11f1-b3f1-b48c9db4e1b4,4,"[1, 0, 0, 0, 1, 1, 1, 0]",5,1,-1,,0.375,8
5638,9a4778e6-8861-11f1-b3f1-b48c9db4e1b4,4,"[1, 0, 0, 0, 1, 1, 1, 0]",6,1,-1,,0.375,8
5639,9a4778e6-8861-11f1-b3f1-b48c9db4e1b4,4,"[1, 0, 0, 0, 1, 1, 1, 0]",7,0,0,,0.375,8
5640,9a4778e6-8861-11f1-b3f1-b48c9db4e1b4,5,"[0, 0, 1, 1, 0, 1, 0, 1]",0,0,0,,0.375,8
5641,9a4778e6-8861-11f1-b3f1-b48c9db4e1b4,5,"[0, 0, 1, 1, 0, 1, 0, 1]",1,0,0,,0.375,8
5642,9a4778e6-8861-11f1-b3f1-b48c9db4e1b4,5,"[0, 0, 1, 1, 0, 1, 0, 1]",2,1,-1,,0.375,8
5643,9a4778e6-8861-11f1-b3f1-b48c9db4e1b4,5,"[0, 0, 1, 1, 0, 1, 0, 1]",3,1,-1,,0.375,8
5644,9a4778e6-8861-11f1-b3f1-b48c9db4e1b4,5,"[0, 0, 1, 1, 0, 1, 0, 1]",4,0,0,,0.375,8
5645,9a4778e6-8861-11f1-b3f1-b48c9db4e1b4,5,"[0, 0, 1, 1, 0, 1, 0, 1]",5,1,-1,,0.375,8
5646,9a4778e6-8861-11f1-b3f1-b48c9db4e1b4,5,"[0, 0, 1, 1, 0, 1, 0, 1]",6,0,0,,0.375,8
5647,9a4778e6-8861-11f1-b3f1-b48c9db4e1b4,5,"[0, 0, 1, 1, 0, 1, 0, 1]",7,1,-1,,0.375,8
5648,9a4778e6-8861-11f1-b3f1-b48c9db4e1b4,6,"[1, 1, 1, 0, 1, 1, 0, 1]",0,1,-1,,0.375,8
5649,9a4778e6-8861-11f1-b3f1-b48c9db4e1b4,6,"[1, 1, 1, 0, 1, 1, 0, 1]",1,1,-1,,0.375,8
5650,9a4778e6-8861-11f1-b3f1-b48c9db4e1b4,6,"[1, 1, 1, 0, 1, 1, 0, 1]",2,1,-1,,0.375,8
5651,9a4778e6-8861-11f1-b3f1-b48c9db4e1b4,6,"[1, 1, 1, 0, 1, 1, 0, 1]",3,0,0,,0.375,8
5652,9a4778e6-8861-11f1-b3f1-b48c9db4e1b4,6,"[1, 1, 1, 0, 1, 1, 0, 1]",4,1,-1,,0.375,8
5653,9a4778e6-8861-11f1-b3f1-b48c9db4e1b4,6,"[1, 1, 1, 0, 1, 1, 0, 1]",5,1,-1,,0.375,8
5654,9a4778e6-8861-11f1-b3f1-b48c9db4e1b4,6,"[1, 1, 1, 0, 1, 1, 0, 1]",6,0,0,,0.375,8
5655,9a4778e6-8861-11f1-b3f1-b48c9db4e1b4,6,"[1, 1, 1, 0, 1, 1, 0, 1]",7,1,-1,,0.375,8
5656,9a4778e6-8861-11f1-b3f1-b48c9db4e1b4,7,"[1, 0, 1, 0, 1, 0, 1, 1]",0,1,-1,,0.375,8
5657,9a4778e6-8861-11f1-b3f1-b48c9db4e1b4,7,"[1, 0, 1, 0, 1, 0, 1, 1]",1,0,0,,0.375,8
5658,9a4778e6-8861-11f1-b3f1-b48c9db4e1b4,7,"[1, 0, 1, 0, 1, 0, 1, 1]",2,1,-1,,0.375,8
5659,9a4778e6-8861-11f1-b3f1-b48c9db4e1b4,7,"[1, 0, 1, 0, 1, 0, 1, 1]",3,0,0,,0.375,8
5660,9a4778e6-8861-11f1-b3f1-b48c9db4e1b4,7,"[1, 0, 1, 0, 1, 0, 1, 1]",4,1,-1,,0.375,8
5661,9a4778e6-8861-11f1-b3f1-b48c9db4e1b4,7,"[1, 0, 1, 0, 1, 0, 1, 1]",5,0,0,,0.375,8
5662,9a4778e6-8861-11f1-b3f1-b48c9db4e1b4,7,"[1, 0, 1, 0, 1, 0, 1, 1]",6,1,-1,,0.375,8
5663,9a4778e6-8861-11f1-b3f1-b48c9db4e1b4,7,"[1, 0, 1, 0, 1, 0, 1, 1]",7,1,-1,,0.375,8
5664,9a4778e6-8861-11f1-b3f1-b48c9db4e1b4,8,"[1, 0, 0, 0, 1, 0, 0, 0]",0,1,1,,0.375,8
5665,9a4778e6-8861-11f1-b3f1-b48c9db4e1b4,8,"[1, 0, 0, 0, 1, 0, 0, 0]",1,0,0,,0.375,8
5666,9a4778e6-8861-11f1-b3f1-b48c9db4e1b4,8,"[1, 0, 0, 0, 1, 0, 0, 0]",2,0,0,,0.375,8
5667,9a4778e6-8861-11f1-b3f1-b48c9db4e1b4,8,"[1, 0, 0, 0, 1, 0, 0, 0]",3,0,0,,0.375,8
5668,9a4778e6-8861-11f1-b3f1-b48c9db4e1b4,8,"[1, 0, 0, 0, 1, 0, 0, 0]",4,1,1,,0.375,8
5669,9a4778e6-8861-11f1-b3f1-b48c9db4e1b4,8,"[1, 0, 0, 0, 1, 0, 0, 0]",5,0,0,,0.375,8
5670,9a4778e6-8861-11f1-b3f1-b48c9db4e1b4,8,"[1, 0, 0, 0, 1, 0, 0, 0]",6,0,0,,0.375,8
5671,9a4778e6-8861-11f1-b3f1-b48c9db4e1b4,8,"[1, 0, 0, 0, 1, 0, 0, 0]",7,0,0,,0.375,8
5672,9a4778e6-8861-11f1-b3f1-b48c9db4e1b4,9,"[0, 0, 1, 0, 1, 0, 1, 0]",0,0,0,,0.375,8
5673,9a4778e6-8861-11f1-b3f1-b48c9db4e1b4,9,"[0, 0, 1, 0, 1, 0, 1, 0]",1,0,0,,0.375,8
5674,9a4778e6-8861-11f1-b3f1-b48c9db4e1b4,9,"[0, 0, 1, 0, 1, 0, 1, 0]",2,1,1,,0.375,8
5675,9a4778e6-8861-11f1-b3f1-b48c9db4e1b4,9,"[0, 0, 1, 0, 1, 0, 1, 0]",3,0,0,,0.375,8
5676,9a4778e6-8861-11f1-b3f1-b48c9db4e1b4,9,"[0, 0, 1, 0, 1, 0, 1, 0]",4,1,1,,0.375,8
5677,9a4778e6-8861-11f1-b3f1-b48c9db4e1b4,9,"[0, 0, 1, 0, 1, 0, 1, 0]",5,0,0,,0.375,8
5678,9a4778e6-8861-11f1-b3f1-b48c9db4e1b4,9,"[0, 0, 1, 0, 1, 0, 1, 0]",6,1,1,,0.375,8
5679,9a4778e6-8861-11f1-b3f1-b48c9db4e1b4,9,"[0, 0, 1, 0, 1, 0, 1, 0]",7,0,0,,0.375,8
5680,9a4778e6-8861-11f1-b3f1-b48c9db4e1b4,10,"[1, 0, 1, 1, 1, 0, 1, 0]",0,1,-1,,0.375,8
5681,9a4778e6-8861-11f1-b3f1-b48c9db4e1b4,10,"[1, 0, 1, 1, 1, 0, 1, 0]",1,0,0,,0.375,8
5682,9a4778e6-8861-11f1-b3f1-b48c9db4e1b4,10,"[1, 0, 1, 1, 1, 0, 1, 0]",2,1,-1,,0.375,8
5683,9a4778e6-8861-11f1-b3f1-b48c9db4e1b4,10,"[1, 0, 1, 1, 1, 0, 1, 0]",3,1,-1,,0.375,8
5684,9a4778e6-8861-11f1-b3f1-b48c9db4e1b4,10,"[1, 0, 1, 1, 1, 0, 1, 0]",4,1,-1,,0.375,8
5685,9a4778e6-8861-11f1-b3f1-b48c9db4e1b4,10,"[1, 0, 1, 1, 1, 0, 1, 0]",5,0,0,,0.375,8
5686,9a4778e6-8861-11f1-b3f1-b48c9db4e1b4,10,"[1, 0, 1, 1, 1, 0, 1, 0]",6,1,-1,,0.375,8
5687,9a4778e6-8861-11f1-b3f1-b48c9db4e1b4,10,"[1, 0, 1, 1, 1, 0, 1, 0]",7,0,0,,0.375,8
5688,9a4778e6-8861-11f1-b3f1-b48c9db4e1b4,11,"[0, 1, 1, 1, 1, 0, 0, 1]",0,0,0,,0.375,8
5689,9a4778e6-8861-11f1-b3f1-b48c9db4e1b4,11,"[0, 1, 1, 1, 1, 0, 0, 1]",1,1,-1,,0.375,8
5690,9a4778e6-8861-11f1-b3f1-b48c9db4e1b4,11,"[0, 1, 1, 1, 1, 0, 0, 1]",2,1,-1,,0.375,8
5691,9a4778e6-8861-11f1-b3f1-b48c9db4e1b4,11,"[0, 1, 1, 1, 1, 0, 0, 1]",3,1,-1,,0.375,8
5692,9a4778e6-8861-11f1-b3f1-b48c9db4e1b4,11,"[0, 1, 1, 1, 1, 0, 0, 1]",4,1,-1,,0.375,8
5693,9a4778e6-8861-11f1-b3f1-b48c9db4e1b4,11,"[0, 1, 1, 1, 1, 0, 0, 1]",5,0,0,,0.375,8
5694,9a4778e6-8861-11f1-b3f1-b48c9db4e1b4,11,"[0, 1, 1, 1, 1, 0, 0, 1]",6,0,0,,0.375,8
5695,9a4778e6-8861-11f1-b3f1-b48c9db4e1b4,11,"[0, 1, 1, 1, 1, 0, 0, 1]",7,1,-1,,0.375,8
5696,9a4778e6-8861-11f1-b3f1-b48c9db4e1b4,12,"[1, 0, 0, 0, 1, 0, 0, 0]",0,1,1,,0.375,8
5697,9a4778e6-8861-11f1-b3f1-b48c9db4e1b4,12,"[1, 0, 0, 0, 1, 0, 0, 0]",1,0,0,,0.375,8
5698,9a4778e6-8861-11f1-b3f1-b48c9db4e1b4,12,"[1, 0, 0, 0, 1, 0, 0, 0]",2,0,0,,0.375,8
5699,9a4778e6-8861-11f1-b3f1-b48c9db4e1b4,12,"[1, 0, 0, 0, 1, 0, 0, 0]",3,0,0,,0.375,8
5700,9a4778e6-8861-11f1-b3f1-b48c9db4e1b4,12,"[1, 0, 0, 0, 1, 0, 0, 0]",4,1,1,,0.375,8
5701,9a4778e6-8861-11f1-b3f1-b48c9db4e1b4,12,"[1, 0, 0, 0, 1, 0, 0, 0]",5,0,0,,0.375,8
5702,9a4778e6-8861-11f1-b3f1-b48c9db4e1b4,12,"[1, 0, 0, 0, 1, 0, 0, 0]",6,0,0,,0.375,8
5703,9a4778e6-8861-11f1-b3f1-b48c9db4e1b4,12,"[1, 0, 0, 0, 1, 0, 0, 0]",7,0,0,,0.375,8
5704,9a4778e6-8861-11f1-b3f1-b48c9db4e1b4,13,"[0, 0, 1, 0, 0, 1, 1, 1]",0,0,0,,0.375,8
5705,9a4778e6-8861-11f1-b3f1-b48c9db4e1b4,13,"[0, 0, 1, 0, 0, 1, 1, 1]",1,0,0,,0.375,8
5706,9a4778e6-8861-11f1-b3f1-b48c9db4e1b4,13,"[0, 0, 1, 0, 0, 1, 1, 1]",2,1,-1,,0.375,8
5707,9a4778e6-8861-11f1-b3f1-b48c9db4e1b4,13,"[0, 0, 1, 0, 0, 1, 1, 1]",3,0,0,,0.375,8
5708,9a4778e6-8861-11f1-b3f1-b48c9db4e1b4,13,"[0, 0, 1, 0, 0, 1, 1, 1]",4,0,0,,0.375,8
5709,9a4778e6-8861-11f1-b3f1-b48c9db4e1b4,13,"[0, 0, 1, 0, 0, 1, 1, 1]",5,1,-1,,0.375,8
5710,9a4778e6-8861-11f1-b3f1-b48c9db4e1b4,13,"[0, 0, 1, 0, 0, 1, 1, 1]",6,1,-1,,0.375,8
5711,9a4778e6-8861-11f1-b3f1-b48c9db4e1b4,13,"[0, 0, 1, 0, 0, 1, 1, 1]",7,1,-1,,0.375,8
5712,9a4778e6-8861-11f1-b3f1-b48c9db4e1b4,14,"[1, 0, 1, 1, 0, 1, 0, 0]",0,1,-1,,0.375,8
5713,9a4778e6-8861-11f1-b3f1-b48c9db4e1b4,14,"[1, 0, 1, 1, 0, 1, 0, 0]",1,0,0,,0.375,8
5714,9a4778e6-8861-11f1-b3f1-b48c9db4e1b4,14,"[1, 0, 1, 1, 0, 1, 0, 0]",2,1,-1,,0.375,8
5715,9a4778e6-8861-11f1-b3f1-b48c9db4e1b4,14,"[1, 0, 1, 1, 0, 1, 0, 0]",3,1,-1,,0.375,8
5716,9a4778e6-8861-11f1-b3f1-b48c9db4e1b4,14,"[1, 0, 1, 1, 0, 1, 0, 0]",4,0,0,,0.375,8
5717,9a4778e6-8861-11f1-b3f1-b48c9db4e1b4,14,"[1, 0, 1, 1, 0, 1, 0, 0]",5,1,-1,,0.375,8
5718,9a4778e6-8861-11f1-b3f1-b48c9db4e1b4,14,"[1, 0, 1, 1, 0, 1, 0, 0]",6,0,0,,0.375,8
5719,9a4778e6-8861-11f1-b3f1-b48c9db4e1b4,14,"[1, 0, 1, 1, 0, 1, 0, 0]",7,0,0,,0.375,8
5720,9a4778e6-8861-11f1-b3f1-b48c9db4e1b4,15,"[0, 0, 0, 1, 1, 1, 0, 0]",0,0,0,,0.375,8
5721,9a4778e6-8861-11f1-b3f1-b48c9db4e1b4,15,"[0, 0, 0, 1, 1, 1, 0, 0]",1,0,0,,0.375,8
5722,9a4778e6-8861-11f1-b3f1-b48c9db4e1b4,15,"[0, 0, 0, 1, 1, 1, 0, 0]",2,0,0,,0.375,8
5723,9a4778e6-8861-11f1-b3f1-b48c9db4e1b4,15,"[0, 0, 0, 1, 1, 1, 0, 0]",3,1,1,,0.375,8
5724,9a4778e6-8861-11f1-b3f1-b48c9db4e1b4,15,"[0, 0, 0, 1, 1, 1, 0, 0]",4,1,1,,0.375,8
5725,9a4778e6-8861-11f1-b3f1-b48c9db4e1b4,15,"[0, 0, 0, 1, 1, 1, 0, 0]",5,1,1,,0.375,8
5726,9a4778e6-8861-11f1-b3f1-b48c9db4e1b4,15,"[0, 0, 0, 1, 1, 1, 0, 0]",6,0,0,,0.375,8
5727,9a4778e6-8861-11f1-b3f1-b48c9db4e1b4,15,"[0, 0, 0, 1, 1, 1, 0, 0]",7,0,0,,0.375,8
5728,9a4778e6-8861-11f1-b3f1-b48c9db4e1b4,16,"[0, 0, 1, 0, 0, 1, 0, 1]",0,0,0,,0.375,8
5729,9a4778e6-8861-11f1-b3f1-b48c9db4e1b4,16,"[0, 0, 1, 0, 0, 1, 0, 1]",1,0,0,,0.375,8
5730,9a4778e6-8861-11f1-b3f1-b48c9db4e1b4,16,"[0, 0, 1, 0, 0, 1, 0, 1]",2,1,1,,0.375,8
5731,9a4778e6-8861-11f1-b3f1-b48c9db4e1b4,16,"[0, 0, 1, 0, 0, 1, 0, 1]",3,0,0,,0.375,8
5732,9a4778e6-8861-11f1-b3f1-b48c9db4e1b4,16,"[0, 0, 1, 0, 0, 1, 0, 1]",4,0,0,,0.375,8
5733,9a4778e6-8861-11f1-b3f1-b48c9db4e1b4,16,"[0, 0, 1, 0, 0, 1, 0, 1]",5,1,1,,0.375,8
5734,9a4778e6-8861-11f1-b3f1-b48c9db4e1b4,16,"[0, 0, 1, 0, 0, 1, 0, 1]",6,0,0,,0.375,8
5735,9a4778e6-8861-11f1-b3f1-b48c9db4e1b4,16,"[0, 0, 1, 0, 0, 1, 0, 1]",7,1,1,,0.375,8
5736,9a4778e6-8861-11f1-b3f1-b48c9db4e1b4,17,"[1, 0, 1, 0, 1, 1, 0, 0]",0,1,-1,,0.375,8
5737,9a4778e6-8861-11f1-b3f1-b48c9db4e1b4,17,"[1, 0, 1, 0, 1, 1, 0, 0]",1,0,0,,0.375,8
5738,9a4778e6-8861-11f1-b3f1-b48c9db4e1b4,17,"[1, 0, 1, 0, 1, 1, 0, 0]",2,1,-1,,0.375,8
5739,9a4778e6-8861-11f1-b3f1-b48c9db4e1b4,17,"[1, 0, 1, 0, 1, 1, 0, 0]",3,0,0,,0.375,8
5740,9a4778e6-8861-11f1-b3f1-b48c9db4e1b4,17,"[1, 0, 1, 0, 1, 1, 0, 0]",4,1,-1,,0.375,8
5741,9a4778e6-8861-11f1-b3f1-b48c9db4e1b4,17,"[1, 0, 1, 0, 1, 1, 0, 0]",5,1,-1,,0.375,8
5742,9a4778e6-8861-11f1-b3f1-b48c9db4e1b4,17,"[1, 0, 1, 0, 1, 1, 0, 0]",6,0,0,,0.375,8
5743,9a4778e6-8861-11f1-b3f1-b48c9db4e1b4,17,"[1, 0, 1, 0, 1, 1, 0, 0]",7,0,0,,0.375,8
5744,9a4778e6-8861-11f1-b3f1-b48c9db4e1b4,18,"[1, 1, 0, 1, 0, 0, 0, 1]",0,1,-1,,0.375,8
5745,9a4778e6-8861-11f1-b3f1-b48c9db4e1b4,18,"[1, 1, 0, 1, 0, 0, 0, 1]",1,1,-1,,0.375,8
5746,9a4778e6-8861-11f1-b3f1-b48c9db4e1b4,18,"[1, 1, 0, 1, 0, 0, 0, 1]",2,0,0,,0.375,8
5747,9a4778e6-8861-11f1-b3f1-b48c9db4e1b4,18,"[1, 1, 0, 1, 0, 0, 0, 1]",3,1,-1,,0.375,8
5748,9a4778e6-8861-11f1-b3f1-b48c9db4e1b4,18,"[1, 1, 0, 1, 0, 0, 0, 1]",4,0,0,,0.375,8
5749,9a4778e6-8861-11f1-b3f1-b48c9db4e1b4,18,"[1, 1, 0, 1, 0, 0, 0, 1]",5,0,0,,0.375,8
5750,9a4778e6-8861-11f1-b3f1-b48c9db4e1b4,18,"[1, 1, 0, 1, 0, 0, 0, 1]",6,0,0,,0.375,8
5751,9a4778e6-8861-11f1-b3f1-b48c9db4e1b4,18,"[1, 1, 0, 1, 0, 0, 0, 1]",7,1,-1,,0.375,8
5752,9a4778e6-8861-11f1-b3f1-b48c9db4e1b4,19,"[0, 1, 0, 1, 0, 1, 1, 0]",0,0,0,,0.375,8
5753,9a4778e6-8861-11f1-b3f1-b48c9db4e1b4,19,"[0, 1, 0, 1, 0, 1, 1, 0]",1,1,-1,,0.375,8
5754,9a4778e6-8861-11f1-b3f1-b48c9db4e1b4,19,"[0, 1, 0, 1, 0, 1, 1, 0]",2,0,0,,0.375,8
5755,9a4778e6-8861-11f1-b3f1-b48c9db4e1b4,19,"[0, 1, 0, 1, 0, 1, 1, 0]",3,1,-1,,0.375,8
5756,9a4778e6-8861-11f1-b3f1-b48c9db4e1b4,19,"[0, 1, 0, 1, 0, 1, 1, 0]",4,0,0,,0.375,8
5757,9a4778e6-8861-11f1-b3f1-b48c9db4e1b4,19,"[0, 1, 0, 1, 0, 1, 1, 0]",5,1,-1,,0.375,8
5758,9a4778e6-8861-11f1-b3f1-b48c9db4e1b4,19,"[0, 1, 0, 1, 0, 1, 1, 0]",6,1,-1,,0.375,8
5759,9a4778e6-8861-11f1-b3f1-b48c9db4e1b4,19,"[0, 1, 0, 1, 0, 1, 1, 0]",7,0,0,,0.375,8
5760,9a4ab9c3-8861-11f1-aa30-b48c9db4e1b4,0,"[1, 0, 0, 1, 0, 0, 0, 1]",0,1,1,,0.375,8
5761,9a4ab9c3-8861-11f1-aa30-b48c9db4e1b4,0,"[1, 0, 0, 1, 0, 0, 0, 1]",1,0,0,,0.375,8
5762,9a4ab9c3-8861-11f1-aa30-b48c9db4e1b4,0,"[1, 0, 0, 1, 0, 0, 0, 1]",2,0,0,,0.375,8
5763,9a4ab9c3-8861-11f1-aa30-b48c9db4e1b4,0,"[1, 0, 0, 1, 0, 0, 0, 1]",3,1,1,,0.375,8
5764,9a4ab9c3-8861-11f1-aa30-b48c9db4e1b4,0,"[1, 0, 0, 1, 0, 0, 0, 1]",4,0,0,,0.375,8
5765,9a4ab9c3-8861-11f1-aa30-b48c9db4e1b4,0,"[1, 0, 0, 1, 0, 0, 0, 1]",5,0,0,,0.375,8
5766,9a4ab9c3-8861-11f1-aa30-b48c9db4e1b4,0,"[1, 0, 0, 1, 0, 0, 0, 1]",6,0,0,,0.375,8
5767,9a4ab9c3-8861-11f1-aa30-b48c9db4e1b4,0,"[1, 0, 0, 1, 0, 0, 0, 1]",7,1,1,,0.375,8
5768,9a4ab9c3-8861-11f1-aa30-b48c9db4e1b4,1,"[1, 0, 0, 0, 0, 1, 0, 0]",0,1,1,,0.375,8
5769,9a4ab9c3-8861-11f1-aa30-b48c9db4e1b4,1,"[1, 0, 0, 0, 0, 1, 0, 0]",1,0,0,,0.375,8
5770,9a4ab9c3-8861-11f1-aa30-b48c9db4e1b4,1,"[1, 0, 0, 0, 0, 1, 0, 0]",2,0,0,,0.375,8
5771,9a4ab9c3-8861-11f1-aa30-b48c9db4e1b4,1,"[1, 0, 0, 0, 0, 1, 0, 0]",3,0,0,,0.375,8
5772,9a4ab9c3-8861-11f1-aa30-b48c9db4e1b4,1,"[1, 0, 0, 0, 0, 1, 0, 0]",4,0,0,,0.375,8
5773,9a4ab9c3-8861-11f1-aa30-b48c9db4e1b4,1,"[1, 0, 0, 0, 0, 1, 0, 0]",5,1,1,,0.375,8
5774,9a4ab9c3-8861-11f1-aa30-b48c9db4e1b4,1,"[1, 0, 0, 0, 0, 1, 0, 0]",6,0,0,,0.375,8
5775,9a4ab9c3-8861-11f1-aa30-b48c9db4e1b4,1,"[1, 0, 0, 0, 0, 1, 0, 0]",7,0,0,,0.375,8
5776,9a4ab9c3-8861-11f1-aa30-b48c9db4e1b4,2,"[0, 1, 0, 0, 1, 0, 0, 1]",0,0,0,,0.375,8
5777,9a4ab9c3-8861-11f1-aa30-b48c9db4e1b4,2,"[0, 1, 0, 0, 1, 0, 0, 1]",1,1,1,,0.375,8
5778,9a4ab9c3-8861-11f1-aa30-b48c9db4e1b4,2,"[0, 1, 0, 0, 1, 0, 0, 1]",2,0,0,,0.375,8
5779,9a4ab9c3-8861-11f1-aa30-b48c9db4e1b4,2,"[0, 1, 0, 0, 1, 0, 0, 1]",3,0,0,,0.375,8
5780,9a4ab9c3-8861-11f1-aa30-b48c9db4e1b4,2,"[0, 1, 0, 0, 1, 0, 0, 1]",4,1,1,,0.375,8
5781,9a4ab9c3-8861-11f1-aa30-b48c9db4e1b4,2,"[0, 1, 0, 0, 1, 0, 0, 1]",5,0,0,,0.375,8
5782,9a4ab9c3-8861-11f1-aa30-b48c9db4e1b4,2,"[0, 1, 0, 0, 1, 0, 0, 1]",6,0,0,,0.375,8
5783,9a4ab9c3-8861-11f1-aa30-b48c9db4e1b4,2,"[0, 1, 0, 0, 1, 0, 0, 1]",7,1,1,,0.375,8
5784,9a4ab9c3-8861-11f1-aa30-b48c9db4e1b4,3,"[0, 0, 1, 1, 0, 0, 1, 0]",0,0,0,,0.375,8
5785,9a4ab9c3-8861-11f1-aa30-b48c9db4e1b4,3,"[0, 0, 1, 1, 0, 0, 1, 0]",1,0,0,,0.375,8
5786,9a4ab9c3-8861-11f1-aa30-b48c9db4e1b4,3,"[0, 0, 1, 1, 0, 0, 1, 0]",2,1,1,,0.375,8
5787,9a4ab9c3-8861-11f1-aa30-b48c9db4e1b4,3,"[0, 0, 1, 1, 0, 0, 1, 0]",3,1,1,,0.375,8
5788,9a4ab9c3-8861-11f1-aa30-b48c9db4e1b4,3,"[0, 0, 1, 1, 0, 0, 1, 0]",4,0,0,,0.375,8
5789,9a4ab9c3-8861-11f1-aa30-b48c9db4e1b4,3,"[0, 0, 1, 1, 0, 0, 1, 0]",5,0,0,,0.375,8
5790,9a4ab9c3-8861-11f1-aa30-b48c9db4e1b4,3,"[0, 0, 1, 1, 0, 0, 1, 0]",6,1,1,,0.375,8
5791,9a4ab9c3-8861-11f1-aa30-b48c9db4e1b4,3,"[0, 0, 1, 1, 0, 0, 1, 0]",7,0,0,,0.375,8
5792,9a4ab9c3-8861-11f1-aa30-b48c9db4e1b4,4,"[1, 0, 1, 0, 1, 0, 0, 0]",0,1,1,,0.375,8
5793,9a4ab9c3-8861-11f1-aa30-b48c9db4e1b4,4,"[1, 0, 1, 0, 1, 0, 0, 0]",1,0,0,,0.375,8
5794,9a4ab9c3-8861-11f1-aa30-b48c9db4e1b4,4,"[1, 0, 1, 0, 1, 0, 0, 0]",2,1,1,,0.375,8
5795,9a4ab9c3-8861-11f1-aa30-b48c9db4e1b4,4,"[1, 0, 1, 0, 1, 0, 0, 0]",3,0,0,,0.375,8
5796,9a4ab9c3-8861-11f1-aa30-b48c9db4e1b4,4,"[1, 0, 1, 0, 1, 0, 0, 0]",4,1,1,,0.375,8
5797,9a4ab9c3-8861-11f1-aa30-b48c9db4e1b4,4,"[1, 0, 1, 0, 1, 0, 0, 0]",5,0,0,,0.375,8
5798,9a4ab9c3-8861-11f1-aa30-b48c9db4e1b4,4,"[1, 0, 1, 0, 1, 0, 0, 0]",6,0,0,,0.375,8
5799,9a4ab9c3-8861-11f1-aa30-b48c9db4e1b4,4,"[1, 0, 1, 0, 1, 0, 0, 0]",7,0,0,,0.375,8
5800,9a4ab9c3-8861-11f1-aa30-b48c9db4e1b4,5,"[1, 1, 1, 1, 0, 1, 1, 1]",0,1,-1,,0.375,8
5801,9a4ab9c3-8861-11f1-aa30-b48c9db4e1b4,5,"[1, 1, 1, 1, 0, 1, 1, 1]",1,1,-1,,0.375,8
5802,9a4ab9c3-8861-11f1-aa30-b48c9db4e1b4,5,"[1, 1, 1, 1, 0, 1, 1, 1]",2,1,-1,,0.375,8
5803,9a4ab9c3-8861-11f1-aa30-b48c9db4e1b4,5,"[1, 1, 1, 1, 0, 1, 1, 1]",3,1,-1,,0.375,8
5804,9a4ab9c3-8861-11f1-aa30-b48c9db4e1b4,5,"[1, 1, 1, 1, 0, 1, 1, 1]",4,0,0,,0.375,8
5805,9a4ab9c3-8861-11f1-aa30-b48c9db4e1b4,5,"[1, 1, 1, 1, 0, 1, 1, 1]",5,1,-1,,0.375,8
5806,9a4ab9c3-8861-11f1-aa30-b48c9db4e1b4,5,"[1, 1, 1, 1, 0, 1, 1, 1]",6,1,-1,,0.375,8
5807,9a4ab9c3-8861-11f1-aa30-b48c9db4e1b4,5,"[1, 1, 1, 1, 0, 1, 1, 1]",7,1,-1,,0.375,8
5808,9a4ab9c3-8861-11f1-aa30-b48c9db4e1b4,6,"[0, 1, 1, 1, 0, 1, 1, 1]",0,0,0,,0.375,8
5809,9a4ab9c3-8861-11f1-aa30-b48c9db4e1b4,6,"[0, 1, 1, 1, 0, 1, 1, 1]",1,1,-1,,0.375,8
5810,9a4ab9c3-8861-11f1-aa30-b48c9db4e1b4,6,"[0, 1, 1, 1, 0, 1, 1, 1]",2,1,-1,,0.375,8
5811,9a4ab9c3-8861-11f1-aa30-b48c9db4e1b4,6,"[0, 1, 1, 1, 0, 1, 1, 1]",3,1,-1,,0.375,8
5812,9a4ab9c3-8861-11f1-aa30-b48c9db4e1b4,6,"[0, 1, 1, 1, 0, 1, 1, 1]",4,0,0,,0.375,8
5813,9a4ab9c3-8861-11f1-aa30-b48c9db4e1b4,6,"[0, 1, 1, 1, 0, 1, 1, 1]",5,1,-1,,0.375,8
5814,9a4ab9c3-8861-11f1-aa30-b48c9db4e1b4,6,"[0, 1, 1, 1, 0, 1, 1, 1]",6,1,-1,,0.375,8
5815,9a4ab9c3-8861-11f1-aa30-b48c9db4e1b4,6,"[0, 1, 1, 1, 0, 1, 1, 1]",7,1,-1,,0.375,8
5816,9a4ab9c3-8861-11f1-aa30-b48c9db4e1b4,7,"[1, 1, 0, 1, 1, 1, 1, 0]",0,1,-1,,0.375,8
5817,9a4ab9c3-8861-11f1-aa30-b48c9db4e1b4,7,"[1, 1, 0, 1, 1, 1, 1, 0]",1,1,-1,,0.375,8
5818,9a4ab9c3-8861-11f1-aa30-b48c9db4e1b4,7,"[1, 1, 0, 1, 1, 1, 1, 0]",2,0,0,,0.375,8
5819,9a4ab9c3-8861-11f1-aa30-b48c9db4e1b4,7,"[1, 1, 0, 1, 1, 1, 1, 0]",3,1,-1,,0.375,8
5820,9a4ab9c3-8861-11f1-aa30-b48c9db4e1b4,7,"[1, 1, 0, 1, 1, 1, 1, 0]",4,1,-1,,0.375,8
5821,9a4ab9c3-8861-11f1-aa30-b48c9db4e1b4,7,"[1, 1, 0, 1, 1, 1, 1, 0]",5,1,-1,,0.375,8
5822,9a4ab9c3-8861-11f1-aa30-b48c9db4e1b4,7,"[1, 1, 0, 1, 1, 1, 1, 0]",6,1,-1,,0.375,8
5823,9a4ab9c3-8861-11f1-aa30-b48c9db4e1b4,7,"[1, 1, 0, 1, 1, 1, 1, 0]",7,0,0,,0.375,8
5824,9a4ab9c3-8861-11f1-aa30-b48c9db4e1b4,8,"[1, 1, 0, 1, 0, 1, 1, 1]",0,1,-1,,0.375,8
5825,9a4ab9c3-8861-11f1-aa30-b48c9db4e1b4,8,"[1, 1, 0, 1, 0, 1, 1, 1]",1,1,-1,,0.375,8
5826,9a4ab9c3-8861-11f1-aa30-b48c9db4e1b4,8,"[1, 1, 0, 1, 0, 1, 1, 1]",2,0,0,,0.375,8
5827,9a4ab9c3-8861-11f1-aa30-b48c9db4e1b4,8,"[1, 1, 0, 1, 0, 1, 1, 1]",3,1,-1,,0.375,8
5828,9a4ab9c3-8861-11f1-aa30-b48c9db4e1b4,8,"[1, 1, 0, 1, 0, 1, 1, 1]",4,0,0,,0.375,8
5829,9a4ab9c3-8861-11f1-aa30-b48c9db4e1b4,8,"[1, 1, 0, 1, 0, 1, 1, 1]",5,1,-1,,0.375,8
5830,9a4ab9c3-8861-11f1-aa30-b48c9db4e1b4,8,"[1, 1, 0, 1, 0, 1, 1, 1]",6,1,-1,,0.375,8
5831,9a4ab9c3-8861-11f1-aa30-b48c9db4e1b4,8,"[1, 1, 0, 1, 0, 1, 1, 1]",7,1,-1,,0.375,8
5832,9a4ab9c3-8861-11f1-aa30-b48c9db4e1b4,9,"[0, 0, 1, 0, 1, 0, 1, 0]",0,0,0,,0.375,8
5833,9a4ab9c3-8861-11f1-aa30-b48c9db4e1b4,9,"[0, 0, 1, 0, 1, 0, 1, 0]",1,0,0,,0.375,8
5834,9a4ab9c3-8861-11f1-aa30-b48c9db4e1b4,9,"[0, 0, 1, 0, 1, 0, 1, 0]",2,1,1,,0.375,8
5835,9a4ab9c3-8861-11f1-aa30-b48c9db4e1b4,9,"[0, 0, 1, 0, 1, 0, 1, 0]",3,0,0,,0.375,8
5836,9a4ab9c3-8861-11f1-aa30-b48c9db4e1b4,9,"[0, 0, 1, 0, 1, 0, 1, 0]",4,1,1,,0.375,8
5837,9a4ab9c3-8861-11f1-aa30-b48c9db4e1b4,9,"[0, 0, 1, 0, 1, 0, 1, 0]",5,0,0,,0.375,8
5838,9a4ab9c3-8861-11f1-aa30-b48c9db4e1b4,9,"[0, 0, 1, 0, 1, 0, 1, 0]",6,1,1,,0.375,8
5839,9a4ab9c3-8861-11f1-aa30-b48c9db4e1b4,9,"[0, 0, 1, 0, 1, 0, 1, 0]",7,0,0,,0.375,8
5840,9a4ab9c3-8861-11f1-aa30-b48c9db4e1b4,10,"[1, 1, 0, 1, 1, 0, 0, 1]",0,1,-1,,0.375,8
5841,9a4ab9c3-8861-11f1-aa30-b48c9db4e1b4,10,"[1, 1, 0, 1, 1, 0, 0, 1]",1,1,-1,,0.375,8
5842,9a4ab9c3-8861-11f1-aa30-b48c9db4e1b4,10,"[1, 1, 0, 1, 1, 0, 0, 1]",2,0,0,,0.375,8
5843,9a4ab9c3-8861-11f1-aa30-b48c9db4e1b4,10,"[1, 1, 0, 1, 1, 0, 0, 1]",3,1,-1,,0.375,8
5844,9a4ab9c3-8861-11f1-aa30-b48c9db4e1b4,10,"[1, 1, 0, 1, 1, 0, 0, 1]",4,1,-1,,0.375,8
5845,9a4ab9c3-8861-11f1-aa30-b48c9db4e1b4,10,"[1, 1, 0, 1, 1, 0, 0, 1]",5,0,0,,0.375,8
5846,9a4ab9c3-8861-11f1-aa30-b48c9db4e1b4,10,"[1, 1, 0, 1, 1, 0, 0, 1]",6,0,0,,0.375,8
5847,9a4ab9c3-8861-11f1-aa30-b48c9db4e1b4,10,"[1, 1, 0, 1, 1, 0, 0, 1]",7,1,-1,,0.375,8
5848,9a4ab9c3-8861-11f1-aa30-b48c9db4e1b4,11,"[1, 0, 0, 1, 0, 0, 1, 1]",0,1,-1,,0.375,8
5849,9a4ab9c3-8861-11f1-aa30-b48c9db4e1b4,11,"[1, 0, 0, 1, 0, 0, 1, 1]",1,0,0,,0.375,8
5850,9a4ab9c3-8861-11f1-aa30-b48c9db4e1b4,11,"[1, 0, 0, 1, 0, 0, 1, 1]",2,0,0,,0.375,8
5851,9a4ab9c3-8861-11f1-aa30-b48c9db4e1b4,11,"[1, 0, 0, 1, 0, 0, 1, 1]",3,1,-1,,0.375,8
5852,9a4ab9c3-8861-11f1-aa30-b48c9db4e1b4,11,"[1, 0, 0, 1, 0, 0, 1, 1]",4,0,0,,0.375,8
5853,9a4ab9c3-8861-11f1-aa30-b48c9db4e1b4,11,"[1, 0, 0, 1, 0, 0, 1, 1]",5,0,0,,0.375,8
5854,9a4ab9c3-8861-11f1-aa30-b48c9db4e1b4,11,"[1, 0, 0, 1, 0, 0, 1, 1]",6,1,-1,,0.375,8
5855,9a4ab9c3-8861-11f1-aa30-b48c9db4e1b4,11,"[1, 0, 0, 1, 0, 0, 1, 1]",7,1,-1,,0.375,8
5856,9a4ab9c3-8861-11f1-aa30-b48c9db4e1b4,12,"[0, 0, 1, 1, 1, 0, 1, 1]",0,0,0,,0.375,8
5857,9a4ab9c3-8861-11f1-aa30-b48c9db4e1b4,12,"[0, 0, 1, 1, 1, 0, 1, 1]",1,0,0,,0.375,8
5858,9a4ab9c3-8861-11f1-aa30-b48c9db4e1b4,12,"[0, 0, 1, 1, 1, 0, 1, 1]",2,1,-1,,0.375,8
5859,9a4ab9c3-8861-11f1-aa30-b48c9db4e1b4,12,"[0, 0, 1, 1, 1, 0, 1, 1]",3,1,-1,,0.375,8
5860,9a4ab9c3-8861-11f1-aa30-b48c9db4e1b4,12,"[0, 0, 1, 1, 1, 0, 1, 1]",4,1,-1,,0.375,8
5861,9a4ab9c3-8861-11f1-aa30-b48c9db4e1b4,12,"[0, 0, 1, 1, 1, 0, 1, 1]",5,0,0,,0.375,8
5862,9a4ab9c3-8861-11f1-aa30-b48c9db4e1b4,12,"[0, 0, 1, 1, 1, 0, 1, 1]",6,1,-1,,0.375,8
5863,9a4ab9c3-8861-11f1-aa30-b48c9db4e1b4,12,"[0, 0, 1, 1, 1, 0, 1, 1]",7,1,-1,,0.375,8
5864,9a4ab9c3-8861-11f1-aa30-b48c9db4e1b4,13,"[0, 0, 1, 0, 0, 0, 0, 0]",0,0,0,,0.375,8
5865,9a4ab9c3-8861-11f1-aa30-b48c9db4e1b4,13,"[0, 0, 1, 0, 0, 0, 0, 0]",1,0,0,,0.375,8
5866,9a4ab9c3-8861-11f1-aa30-b48c9db4e1b4,13,"[0, 0, 1, 0, 0, 0, 0, 0]",2,1,1,,0.375,8
5867,9a4ab9c3-8861-11f1-aa30-b48c9db4e1b4,13,"[0, 0, 1, 0, 0, 0, 0, 0]",3,0,0,,0.375,8
5868,9a4ab9c3-8861-11f1-aa30-b48c9db4e1b4,13,"[0, 0, 1, 0, 0, 0, 0, 0]",4,0,0,,0.375,8
5869,9a4ab9c3-8861-11f1-aa30-b48c9db4e1b4,13,"[0, 0, 1, 0, 0, 0, 0, 0]",5,0,0,,0.375,8
5870,9a4ab9c3-8861-11f1-aa30-b48c9db4e1b4,13,"[0, 0, 1, 0, 0, 0, 0, 0]",6,0,0,,0.375,8
5871,9a4ab9c3-8861-11f1-aa30-b48c9db4e1b4,13,"[0, 0, 1, 0, 0, 0, 0, 0]",7,0,0,,0.375,8
5872,9a4ab9c3-8861-11f1-aa30-b48c9db4e1b4,14,"[1, 1, 1, 0, 0, 0, 0, 0]",0,1,1,,0.375,8
5873,9a4ab9c3-8861-11f1-aa30-b48c9db4e1b4,14,"[1, 1, 1, 0, 0, 0, 0, 0]",1,1,1,,0.375,8
5874,9a4ab9c3-8861-11f1-aa30-b48c9db4e1b4,14,"[1, 1, 1, 0, 0, 0, 0, 0]",2,1,1,,0.375,8
5875,9a4ab9c3-8861-11f1-aa30-b48c9db4e1b4,14,"[1, 1, 1, 0, 0, 0, 0, 0]",3,0,0,,0.375,8
5876,9a4ab9c3-8861-11f1-aa30-b48c9db4e1b4,14,"[1, 1, 1, 0, 0, 0, 0, 0]",4,0,0,,0.375,8
5877,9a4ab9c3-8861-11f1-aa30-b48c9db4e1b4,14,"[1, 1, 1, 0, 0, 0, 0, 0]",5,0,0,,0.375,8
5878,9a4ab9c3-8861-11f1-aa30-b48c9db4e1b4,14,"[1, 1, 1, 0, 0, 0, 0, 0]",6,0,0,,0.375,8
5879,9a4ab9c3-8861-11f1-aa30-b48c9db4e1b4,14,"[1, 1, 1, 0, 0, 0, 0, 0]",7,0,0,,0.375,8
5880,9a4ab9c3-8861-11f1-aa30-b48c9db4e1b4,15,"[1, 0, 0, 0, 1, 1, 1, 1]",0,1,-1,,0.375,8
5881,9a4ab9c3-8861-11f1-aa30-b48c9db4e1b4,15,"[1, 0, 0, 0, 1, 1, 1, 1]",1,0,0,,0.375,8
5882,9a4ab9c3-8861-11f1-aa30-b48c9db4e1b4,15,"[1, 0, 0, 0, 1, 1, 1, 1]",2,0,0,,0.375,8
5883,9a4ab9c3-8861-11f1-aa30-b48c9db4e1b4,15,"[1, 0, 0, 0, 1, 1, 1, 1]",3,0,0,,0.375,8
5884,9a4ab9c3-8861-11f1-aa30-b48c9db4e1b4,15,"[1, 0, 0, 0, 1, 1, 1, 1]",4,1,-1,,0.375,8
5885,9a4ab9c3-8861-11f1-aa30-b48c9db4e1b4,15,"[1, 0, 0, 0, 1, 1, 1, 1]",5,1,-1,,0.375,8
5886,9a4ab9c3-8861-11f1-aa30-b48c9db4e1b4,15,"[1, 0, 0, 0, 1, 1, 1, 1]",6,1,-1,,0.375,8
5887,9a4ab9c3-8861-11f1-aa30-b48c9db4e1b4,15,"[1, 0, 0, 0, 1, 1, 1, 1]",7,1,-1,,0.375,8
5888,9a4ab9c3-8861-11f1-aa30-b48c9db4e1b4,16,"[0, 0, 1, 1, 1, 0, 1, 0]",0,0,0,,0.375,8
5889,9a4ab9c3-8861-11f1-aa30-b48c9db4e1b4,16,"[0, 0, 1, 1, 1, 0, 1, 0]",1,0,0,,0.375,8
5890,9a4ab9c3-8861-11f1-aa30-b48c9db4e1b4,16,"[0, 0, 1, 1, 1, 0, 1, 0]",2,1,-1,,0.375,8
5891,9a4ab9c3-8861-11f1-aa30-b48c9db4e1b4,16,"[0, 0, 1, 1, 1, 0, 1, 0]",3,1,-1,,0.375,8
5892,9a4ab9c3-8861-11f1-aa30-b48c9db4e1b4,16,"[0, 0, 1, 1, 1, 0, 1, 0]",4,1,-1,,0.375,8
5893,9a4ab9c3-8861-11f1-aa30-b48c9db4e1b4,16,"[0, 0, 1, 1, 1, 0, 1, 0]",5,0,0,,0.375,8
5894,9a4ab9c3-8861-11f1-aa30-b48c9db4e1b4,16,"[0, 0, 1, 1, 1, 0, 1, 0]",6,1,-1,,0.375,8
5895,9a4ab9c3-8861-11f1-aa30-b48c9db4e1b4,16,"[0, 0, 1, 1, 1, 0, 1, 0]",7,0,0,,0.375,8
5896,9a4ab9c3-8861-11f1-aa30-b48c9db4e1b4,17,"[1, 0, 1, 0, 1, 1, 0, 1]",0,1,-1,,0.375,8
5897,9a4ab9c3-8861-11f1-aa30-b48c9db4e1b4,17,"[1, 0, 1, 0, 1, 1, 0, 1]",1,0,0,,0.375,8
5898,9a4ab9c3-8861-11f1-aa30-b48c9db4e1b4,17,"[1, 0, 1, 0, 1, 1, 0, 1]",2,1,-1,,0.375,8
5899,9a4ab9c3-8861-11f1-aa30-b48c9db4e1b4,17,"[1, 0, 1, 0, 1, 1, 0, 1]",3,0,0,,0.375,8
5900,9a4ab9c3-8861-11f1-aa30-b48c9db4e1b4,17,"[1, 0, 1, 0, 1, 1, 0, 1]",4,1,-1,,0.375,8
5901,9a4ab9c3-8861-11f1-aa30-b48c9db4e1b4,17,"[1, 0, 1, 0, 1, 1, 0, 1]",5,1,-1,,0.375,8
5902,9a4ab9c3-8861-11f1-aa30-b48c9db4e1b4,17,"[1, 0, 1, 0, 1, 1, 0, 1]",6,0,0,,0.375,8
5903,9a4ab9c3-8861-11f1-aa30-b48c9db4e1b4,17,"[1, 0, 1, 0, 1, 1, 0, 1]",7,1,-1,,0.375,8
5904,9a4ab9c3-8861-11f1-aa30-b48c9db4e1b4,18,"[1, 0, 0, 0, 1, 1, 1, 0]",0,1,-1,,0.375,8
5905,9a4ab9c3-8861-11f1-aa30-b48c9db4e1b4,18,"[1, 0, 0, 0, 1, 1, 1, 0]",1,0,0,,0.375,8
5906,9a4ab9c3-8861-11f1-aa30-b48c9db4e1b4,18,"[1, 0, 0, 0, 1, 1, 1, 0]",2,0,0,,0.375,8
5907,9a4ab9c3-8861-11f1-aa30-b48c9db4e1b4,18,"[1, 0, 0, 0, 1, 1, 1, 0]",3,0,0,,0.375,8
5908,9a4ab9c3-8861-11f1-aa30-b48c9db4e1b4,18,"[1, 0, 0, 0, 1, 1, 1, 0]",4,1,-1,,0.375,8
5909,9a4ab9c3-8861-11f1-aa30-b48c9db4e1b4,18,"[1, 0, 0, 0, 1, 1, 1, 0]",5,1,-1,,0.375,8
5910,9a4ab9c3-8861-11f1-aa30-b48c9db4e1b4,18,"[1, 0, 0, 0, 1, 1, 1, 0]",6,1,-1,,0.375,8
5911,9a4ab9c3-8861-11f1-aa30-b48c9db4e1b4,18,"[1, 0, 0, 0, 1, 1, 1, 0]",7,0,0,,0.375,8
5912,9a4ab9c3-8861-11f1-aa30-b48c9db4e1b4,19,"[1, 1, 0, 0, 1, 0, 1, 1]",0,1,-1,,0.375,8
5913,9a4ab9c3-8861-11f1-aa30-b48c9db4e1b4,19,"[1, 1, 0, 0, 1, 0, 1, 1]",1,1,-1,,0.375,8
5914,9a4ab9c3-8861-11f1-aa30-b48c9db4e1b4,19,"[1, 1, 0, 0, 1, 0, 1, 1]",2,0,0,,0.375,8
5915,9a4ab9c3-8861-11f1-aa30-b48c9db4e1b4,19,"[1, 1, 0, 0, 1, 0, 1, 1]",3,0,0,,0.375,8
5916,9a4ab9c3-8861-11f1-aa30-b48c9db4e1b4,19,"[1, 1, 0, 0, 1, 0, 1, 1]",4,1,-1,,0.375,8
5917,9a4ab9c3-8861-11f1-aa30-b48c9db4e1b4,19,"[1, 1, 0, 0, 1, 0, 1, 1]",5,0,0,,0.375,8
5918,9a4ab9c3-8861-11f1-aa30-b48c9db4e1b4,19,"[1, 1, 0, 0, 1, 0, 1, 1]",6,1,-1,,0.375,8
5919,9a4ab9c3-8861-11f1-aa30-b48c9db4e1b4,19,"[1, 1, 0, 0, 1, 0, 1, 1]",7,1,-1,,0.375,8
5920,9a4d7033-8861-11f1-b584-b48c9db4e1b4,0,"[1, 1, 0, 0, 0, 0, 0, 0]",0,1,1,,0.375,8
5921,9a4d7033-8861-11f1-b584-b48c9db4e1b4,0,"[1, 1, 0, 0, 0, 0, 0, 0]",1,1,1,,0.375,8
5922,9a4d7033-8861-11f1-b584-b48c9db4e1b4,0,"[1, 1, 0, 0, 0, 0, 0, 0]",2,0,0,,0.375,8
5923,9a4d7033-8861-11f1-b584-b48c9db4e1b4,0,"[1, 1, 0, 0, 0, 0, 0, 0]",3,0,0,,0.375,8
5924,9a4d7033-8861-11f1-b584-b48c9db4e1b4,0,"[1, 1, 0, 0, 0, 0, 0, 0]",4,0,0,,0.375,8
5925,9a4d7033-8861-11f1-b584-b48c9db4e1b4,0,"[1, 1, 0, 0, 0, 0, 0, 0]",5,0,0,,0.375,8
5926,9a4d7033-8861-11f1-b584-b48c9db4e1b4,0,"[1, 1, 0, 0, 0, 0, 0, 0]",6,0,0,,0.375,8
5927,9a4d7033-8861-11f1-b584-b48c9db4e1b4,0,"[1, 1, 0, 0, 0, 0, 0, 0]",7,0,0,,0.375,8
5928,9a4d7033-8861-11f1-b584-b48c9db4e1b4,1,"[1, 0, 1, 0, 0, 0, 0, 1]",0,1,1,,0.375,8
5929,9a4d7033-8861-11f1-b584-b48c9db4e1b4,1,"[1, 0, 1, 0, 0, 0, 0, 1]",1,0,0,,0.375,8
5930,9a4d7033-8861-11f1-b584-b48c9db4e1b4,1,"[1, 0, 1, 0, 0, 0, 0, 1]",2,1,1,,0.375,8
5931,9a4d7033-8861-11f1-b584-b48c9db4e1b4,1,"[1, 0, 1, 0, 0, 0, 0, 1]",3,0,0,,0.375,8
5932,9a4d7033-8861-11f1-b584-b48c9db4e1b4,1,"[1, 0, 1, 0, 0, 0, 0, 1]",4,0,0,,0.375,8
5933,9a4d7033-8861-11f1-b584-b48c9db4e1b4,1,"[1, 0, 1, 0, 0, 0, 0, 1]",5,0,0,,0.375,8
5934,9a4d7033-8861-11f1-b584-b48c9db4e1b4,1,"[1, 0, 1, 0, 0, 0, 0, 1]",6,0,0,,0.375,8
5935,9a4d7033-8861-11f1-b584-b48c9db4e1b4,1,"[1, 0, 1, 0, 0, 0, 0, 1]",7,1,1,,0.375,8
5936,9a4d7033-8861-11f1-b584-b48c9db4e1b4,2,"[0, 1, 1, 1, 1, 0, 1, 0]",0,0,0,,0.375,8
5937,9a4d7033-8861-11f1-b584-b48c9db4e1b4,2,"[0, 1, 1, 1, 1, 0, 1, 0]",1,1,-1,,0.375,8
5938,9a4d7033-8861-11f1-b584-b48c9db4e1b4,2,"[0, 1, 1, 1, 1, 0, 1, 0]",2,1,-1,,0.375,8
5939,9a4d7033-8861-11f1-b584-b48c9db4e1b4,2,"[0, 1, 1, 1, 1, 0, 1, 0]",3,1,-1,,0.375,8
5940,9a4d7033-8861-11f1-b584-b48c9db4e1b4,2,"[0, 1, 1, 1, 1, 0, 1, 0]",4,1,-1,,0.375,8
5941,9a4d7033-8861-11f1-b584-b48c9db4e1b4,2,"[0, 1, 1, 1, 1, 0, 1, 0]",5,0,0,,0.375,8
5942,9a4d7033-8861-11f1-b584-b48c9db4e1b4,2,"[0, 1, 1, 1, 1, 0, 1, 0]",6,1,-1,,0.375,8
5943,9a4d7033-8861-11f1-b584-b48c9db4e1b4,2,"[0, 1, 1, 1, 1, 0, 1, 0]",7,0,0,,0.375,8
5944,9a4d7033-8861-11f1-b584-b48c9db4e1b4,3,"[0, 1, 1, 1, 1, 1, 1, 0]",0,0,0,,0.375,8
5945,9a4d7033-8861-11f1-b584-b48c9db4e1b4,3,"[0, 1, 1, 1, 1, 1, 1, 0]",1,1,-1,,0.375,8
5946,9a4d7033-8861-11f1-b584-b48c9db4e1b4,3,"[0, 1, 1, 1, 1, 1, 1, 0]",2,1,-1,,0.375,8
5947,9a4d7033-8861-11f1-b584-b48c9db4e1b4,3,"[0, 1, 1, 1, 1, 1, 1, 0]",3,1,-1,,0.375,8
5948,9a4d7033-8861-11f1-b584-b48c9db4e1b4,3,"[0, 1, 1, 1, 1, 1, 1, 0]",4,1,-1,,0.375,8
5949,9a4d7033-8861-11f1-b584-b48c9db4e1b4,3,"[0, 1, 1, 1, 1, 1, 1, 0]",5,1,-1,,0.375,8
5950,9a4d7033-8861-11f1-b584-b48c9db4e1b4,3,"[0, 1, 1, 1, 1, 1, 1, 0]",6,1,-1,,0.375,8
5951,9a4d7033-8861-11f1-b584-b48c9db4e1b4,3,"[0, 1, 1, 1, 1, 1, 1, 0]",7,0,0,,0.375,8
5952,9a4d7033-8861-11f1-b584-b48c9db4e1b4,4,"[0, 1, 1, 0, 0, 1, 0, 1]",0,0,0,,0.375,8
5953,9a4d7033-8861-11f1-b584-b48c9db4e1b4,4,"[0, 1, 1, 0, 0, 1, 0, 1]",1,1,-1,,0.375,8
5954,9a4d7033-8861-11f1-b584-b48c9db4e1b4,4,"[0, 1, 1, 0, 0, 1, 0, 1]",2,1,-1,,0.375,8
5955,9a4d7033-8861-11f1-b584-b48c9db4e1b4,4,"[0, 1, 1, 0, 0, 1, 0, 1]",3,0,0,,0.375,8
5956,9a4d7033-8861-11f1-b584-b48c9db4e1b4,4,"[0, 1, 1, 0, 0, 1, 0, 1]",4,0,0,,0.375,8
5957,9a4d7033-8861-11f1-b584-b48c9db4e1b4,4,"[0, 1, 1, 0, 0, 1, 0, 1]",5,1,-1,,0.375,8
5958,9a4d7033-8861-11f1-b584-b48c9db4e1b4,4,"[0, 1, 1, 0, 0, 1, 0, 1]",6,0,0,,0.375,8
5959,9a4d7033-8861-11f1-b584-b48c9db4e1b4,4,"[0, 1, 1, 0, 0, 1, 0, 1]",7,1,-1,,0.375,8
5960,9a4d7033-8861-11f1-b584-b48c9db4e1b4,5,"[0, 0, 0, 0, 1, 1, 0, 0]",0,0,0,,0.375,8
5961,9a4d7033-8861-11f1-b584-b48c9db4e1b4,5,"[0, 0, 0, 0, 1, 1, 0, 0]",1,0,0,,0.375,8
5962,9a4d7033-8861-11f1-b584-b48c9db4e1b4,5,"[0, 0, 0, 0, 1, 1, 0, 0]",2,0,0,,0.375,8
5963,9a4d7033-8861-11f1-b584-b48c9db4e1b4,5,"[0, 0, 0, 0, 1, 1, 0, 0]",3,0,0,,0.375,8
5964,9a4d7033-8861-11f1-b584-b48c9db4e1b4,5,"[0, 0, 0, 0, 1, 1, 0, 0]",4,1,1,,0.375,8
5965,9a4d7033-8861-11f1-b584-b48c9db4e1b4,5,"[0, 0, 0, 0, 1, 1, 0, 0]",5,1,1,,0.375,8
5966,9a4d7033-8861-11f1-b584-b48c9db4e1b4,5,"[0, 0, 0, 0, 1, 1, 0, 0]",6,0,0,,0.375,8
5967,9a4d7033-8861-11f1-b584-b48c9db4e1b4,5,"[0, 0, 0, 0, 1, 1, 0, 0]",7,0,0,,0.375,8
5968,9a4d7033-8861-11f1-b584-b48c9db4e1b4,6,"[1, 1, 0, 0, 1, 1, 0, 1]",0,1,-1,,0.375,8
5969,9a4d7033-8861-11f1-b584-b48c9db4e1b4,6,"[1, 1, 0, 0, 1, 1, 0, 1]",1,1,-1,,0.375,8
5970,9a4d7033-8861-11f1-b584-b48c9db4e1b4,6,"[1, 1, 0, 0, 1, 1, 0, 1]",2,0,0,,0.375,8
5971,9a4d7033-8861-11f1-b584-b48c9db4e1b4,6,"[1, 1, 0, 0, 1, 1, 0, 1]",3,0,0,,0.375,8
5972,9a4d7033-8861-11f1-b584-b48c9db4e1b4,6,"[1, 1, 0, 0, 1, 1, 0, 1]",4,1,-1,,0.375,8
5973,9a4d7033-8861-11f1-b584-b48c9db4e1b4,6,"[1, 1, 0, 0, 1, 1, 0, 1]",5,1,-1,,0.375,8
5974,9a4d7033-8861-11f1-b584-b48c9db4e1b4,6,"[1, 1, 0, 0, 1, 1, 0, 1]",6,0,0,,0.375,8
5975,9a4d7033-8861-11f1-b584-b48c9db4e1b4,6,"[1, 1, 0, 0, 1, 1, 0, 1]",7,1,-1,,0.375,8
5976,9a4d7033-8861-11f1-b584-b48c9db4e1b4,7,"[1, 0, 1, 1, 0, 1, 1, 1]",0,1,-1,,0.375,8
5977,9a4d7033-8861-11f1-b584-b48c9db4e1b4,7,"[1, 0, 1, 1, 0, 1, 1, 1]",1,0,0,,0.375,8
5978,9a4d7033-8861-11f1-b584-b48c9db4e1b4,7,"[1, 0, 1, 1, 0, 1, 1, 1]",2,1,-1,,0.375,8
5979,9a4d7033-8861-11f1-b584-b48c9db4e1b4,7,"[1, 0, 1, 1, 0, 1, 1, 1]",3,1,-1,,0.375,8
5980,9a4d7033-8861-11f1-b584-b48c9db4e1b4,7,"[1, 0, 1, 1, 0, 1, 1, 1]",4,0,0,,0.375,8
5981,9a4d7033-8861-11f1-b584-b48c9db4e1b4,7,"[1, 0, 1, 1, 0, 1, 1, 1]",5,1,-1,,0.375,8
5982,9a4d7033-8861-11f1-b584-b48c9db4e1b4,7,"[1, 0, 1, 1, 0, 1, 1, 1]",6,1,-1,,0.375,8
5983,9a4d7033-8861-11f1-b584-b48c9db4e1b4,7,"[1, 0, 1, 1, 0, 1, 1, 1]",7,1,-1,,0.375,8
5984,9a4d7033-8861-11f1-b584-b48c9db4e1b4,8,"[1, 1, 0, 1, 0, 0, 0, 0]",0,1,1,,0.375,8
5985,9a4d7033-8861-11f1-b584-b48c9db4e1b4,8,"[1, 1, 0, 1, 0, 0, 0, 0]",1,1,1,,0.375,8
5986,9a4d7033-8861-11f1-b584-b48c9db4e1b4,8,"[1, 1, 0, 1, 0, 0, 0, 0]",2,0,0,,0.375,8
5987,9a4d7033-8861-11f1-b584-b48c9db4e1b4,8,"[1, 1, 0, 1, 0, 0, 0, 0]",3,1,1,,0.375,8
5988,9a4d7033-8861-11f1-b584-b48c9db4e1b4,8,"[1, 1, 0, 1, 0, 0, 0, 0]",4,0,0,,0.375,8
5989,9a4d7033-8861-11f1-b584-b48c9db4e1b4,8,"[1, 1, 0, 1, 0, 0, 0, 0]",5,0,0,,0.375,8
5990,9a4d7033-8861-11f1-b584-b48c9db4e1b4,8,"[1, 1, 0, 1, 0, 0, 0, 0]",6,0,0,,0.375,8
5991,9a4d7033-8861-11f1-b584-b48c9db4e1b4,8,"[1, 1, 0, 1, 0, 0, 0, 0]",7,0,0,,0.375,8
5992,9a4d7033-8861-11f1-b584-b48c9db4e1b4,9,"[0, 1, 0, 1, 0, 0, 1, 1]",0,0,0,,0.375,8
5993,9a4d7033-8861-11f1-b584-b48c9db4e1b4,9,"[0, 1, 0, 1, 0, 0, 1, 1]",1,1,-1,,0.375,8
5994,9a4d7033-8861-11f1-b584-b48c9db4e1b4,9,"[0, 1, 0, 1, 0, 0, 1, 1]",2,0,0,,0.375,8
5995,9a4d7033-8861-11f1-b584-b48c9db4e1b4,9,"[0, 1, 0, 1, 0, 0, 1, 1]",3,1,-1,,0.375,8
5996,9a4d7033-8861-11f1-b584-b48c9db4e1b4,9,"[0, 1, 0, 1, 0, 0, 1, 1]",4,0,0,,0.375,8
5997,9a4d7033-8861-11f1-b584-b48c9db4e1b4,9,"[0, 1, 0, 1, 0, 0, 1, 1]",5,0,0,,0.375,8
5998,9a4d7033-8861-11f1-b584-b48c9db4e1b4,9,"[0, 1, 0, 1, 0, 0, 1, 1]",6,1,-1,,0.375,8
5999,9a4d7033-8861-11f1-b584-b48c9db4e1b4,9,"[0, 1, 0, 1, 0, 0, 1, 1]",7,1,-1,,0.375,8
6000,9a4d7033-8861-11f1-b584-b48c9db4e1b4,10,"[1, 1, 1, 0, 1, 0, 1, 1]",0,1,-1,,0.375,8
6001,9a4d7033-8861-11f1-b584-b48c9db4e1b4,10,"[1, 1, 1, 0, 1, 0, 1, 1]",1,1,-1,,0.375,8
6002,9a4d7033-8861-11f1-b584-b48c9db4e1b4,10,"[1, 1, 1, 0, 1, 0, 1, 1]",2,1,-1,,0.375,8
6003,9a4d7033-8861-11f1-b584-b48c9db4e1b4,10,"[1, 1, 1, 0, 1, 0, 1, 1]",3,0,0,,0.375,8
6004,9a4d7033-8861-11f1-b584-b48c9db4e1b4,10,"[1, 1, 1, 0, 1, 0, 1, 1]",4,1,-1,,0.375,8
6005,9a4d7033-8861-11f1-b584-b48c9db4e1b4,10,"[1, 1, 1, 0, 1, 0, 1, 1]",5,0,0,,0.375,8
6006,9a4d7033-8861-11f1-b584-b48c9db4e1b4,10,"[1, 1, 1, 0, 1, 0, 1, 1]",6,1,-1,,0.375,8
6007,9a4d7033-8861-11f1-b584-b48c9db4e1b4,10,"[1, 1, 1, 0, 1, 0, 1, 1]",7,1,-1,,0.375,8
6008,9a4d7033-8861-11f1-b584-b48c9db4e1b4,11,"[1, 1, 1, 1, 0, 1, 0, 0]",0,1,-1,,0.375,8
6009,9a4d7033-8861-11f1-b584-b48c9db4e1b4,11,"[1, 1, 1, 1, 0, 1, 0, 0]",1,1,-1,,0.375,8
6010,9a4d7033-8861-11f1-b584-b48c9db4e1b4,11,"[1, 1, 1, 1, 0, 1, 0, 0]",2,1,-1,,0.375,8
6011,9a4d7033-8861-11f1-b584-b48c9db4e1b4,11,"[1, 1, 1, 1, 0, 1, 0, 0]",3,1,-1,,0.375,8
6012,9a4d7033-8861-11f1-b584-b48c9db4e1b4,11,"[1, 1, 1, 1, 0, 1, 0, 0]",4,0,0,,0.375,8
6013,9a4d7033-8861-11f1-b584-b48c9db4e1b4,11,"[1, 1, 1, 1, 0, 1, 0, 0]",5,1,-1,,0.375,8
6014,9a4d7033-8861-11f1-b584-b48c9db4e1b4,11,"[1, 1, 1, 1, 0, 1, 0, 0]",6,0,0,,0.375,8
6015,9a4d7033-8861-11f1-b584-b48c9db4e1b4,11,"[1, 1, 1, 1, 0, 1, 0, 0]",7,0,0,,0.375,8
6016,9a4d7033-8861-11f1-b584-b48c9db4e1b4,12,"[0, 0, 0, 0, 1, 1, 0, 1]",0,0,0,,0.375,8
6017,9a4d7033-8861-11f1-b584-b48c9db4e1b4,12,"[0, 0, 0, 0, 1, 1, 0, 1]",1,0,0,,0.375,8
6018,9a4d7033-8861-11f1-b584-b48c9db4e1b4,12,"[0, 0, 0, 0, 1, 1, 0, 1]",2,0,0,,0.375,8
6019,9a4d7033-8861-11f1-b584-b48c9db4e1b4,12,"[0, 0, 0, 0, 1, 1, 0, 1]",3,0,0,,0.375,8
6020,9a4d7033-8861-11f1-b584-b48c9db4e1b4,12,"[0, 0, 0, 0, 1, 1, 0, 1]",4,1,1,,0.375,8
6021,9a4d7033-8861-11f1-b584-b48c9db4e1b4,12,"[0, 0, 0, 0, 1, 1, 0, 1]",5,1,1,,0.375,8
6022,9a4d7033-8861-11f1-b584-b48c9db4e1b4,12,"[0, 0, 0, 0, 1, 1, 0, 1]",6,0,0,,0.375,8
6023,9a4d7033-8861-11f1-b584-b48c9db4e1b4,12,"[0, 0, 0, 0, 1, 1, 0, 1]",7,1,1,,0.375,8
6024,9a4d7033-8861-11f1-b584-b48c9db4e1b4,13,"[1, 0, 0, 0, 1, 1, 0, 1]",0,1,-1,,0.375,8
6025,9a4d7033-8861-11f1-b584-b48c9db4e1b4,13,"[1, 0, 0, 0, 1, 1, 0, 1]",1,0,0,,0.375,8
6026,9a4d7033-8861-11f1-b584-b48c9db4e1b4,13,"[1, 0, 0, 0, 1, 1, 0, 1]",2,0,0,,0.375,8
6027,9a4d7033-8861-11f1-b584-b48c9db4e1b4,13,"[1, 0, 0, 0, 1, 1, 0, 1]",3,0,0,,0.375,8
6028,9a4d7033-8861-11f1-b584-b48c9db4e1b4,13,"[1, 0, 0, 0, 1, 1, 0, 1]",4,1,-1,,0.375,8
6029,9a4d7033-8861-11f1-b584-b48c9db4e1b4,13,"[1, 0, 0, 0, 1, 1, 0, 1]",5,1,-1,,0.375,8
6030,9a4d7033-8861-11f1-b584-b48c9db4e1b4,13,"[1, 0, 0, 0, 1, 1, 0, 1]",6,0,0,,0.375,8
6031,9a4d7033-8861-11f1-b584-b48c9db4e1b4,13,"[1, 0, 0, 0, 1, 1, 0, 1]",7,1,-1,,0.375,8
6032,9a4d7033-8861-11f1-b584-b48c9db4e1b4,14,"[0, 1, 1, 0, 0, 0, 1, 0]",0,0,0,,0.375,8
6033,9a4d7033-8861-11f1-b584-b48c9db4e1b4,14,"[0, 1, 1, 0, 0, 0, 1, 0]",1,1,1,,0.375,8
6034,9a4d7033-8861-11f1-b584-b48c9db4e1b4,14,"[0, 1, 1, 0, 0, 0, 1, 0]",2,1,1,,0.375,8
6035,9a4d7033-8861-11f1-b584-b48c9db4e1b4,14,"[0, 1, 1, 0, 0, 0, 1, 0]",3,0,0,,0.375,8
6036,9a4d7033-8861-11f1-b584-b48c9db4e1b4,14,"[0, 1, 1, 0, 0, 0, 1, 0]",4,0,0,,0.375,8
6037,9a4d7033-8861-11f1-b584-b48c9db4e1b4,14,"[0, 1, 1, 0, 0, 0, 1, 0]",5,0,0,,0.375,8
6038,9a4d7033-8861-11f1-b584-b48c9db4e1b4,14,"[0, 1, 1, 0, 0, 0, 1, 0]",6,1,1,,0.375,8
6039,9a4d7033-8861-11f1-b584-b48c9db4e1b4,14,"[0, 1, 1, 0, 0, 0, 1, 0]",7,0,0,,0.375,8
6040,9a4d7033-8861-11f1-b584-b48c9db4e1b4,15,"[1, 1, 0, 0, 1, 0, 0, 1]",0,1,-1,,0.375,8
6041,9a4d7033-8861-11f1-b584-b48c9db4e1b4,15,"[1, 1, 0, 0, 1, 0, 0, 1]",1,1,-1,,0.375,8
6042,9a4d7033-8861-11f1-b584-b48c9db4e1b4,15,"[1, 1, 0, 0, 1, 0, 0, 1]",2,0,0,,0.375,8
6043,9a4d7033-8861-11f1-b584-b48c9db4e1b4,15,"[1, 1, 0, 0, 1, 0, 0, 1]",3,0,0,,0.375,8
6044,9a4d7033-8861-11f1-b584-b48c9db4e1b4,15,"[1, 1, 0, 0, 1, 0, 0, 1]",4,1,-1,,0.375,8
6045,9a4d7033-8861-11f1-b584-b48c9db4e1b4,15,"[1, 1, 0, 0, 1, 0, 0, 1]",5,0,0,,0.375,8
6046,9a4d7033-8861-11f1-b584-b48c9db4e1b4,15,"[1, 1, 0, 0, 1, 0, 0, 1]",6,0,0,,0.375,8
6047,9a4d7033-8861-11f1-b584-b48c9db4e1b4,15,"[1, 1, 0, 0, 1, 0, 0, 1]",7,1,-1,,0.375,8
6048,9a4d7033-8861-11f1-b584-b48c9db4e1b4,16,"[0, 0, 1, 0, 0, 1, 0, 1]",0,0,0,,0.375,8
6049,9a4d7033-8861-11f1-b584-b48c9db4e1b4,16,"[0, 0, 1, 0, 0, 1, 0, 1]",1,0,0,,0.375,8
6050,9a4d7033-8861-11f1-b584-b48c9db4e1b4,16,"[0, 0, 1, 0, 0, 1, 0, 1]",2,1,1,,0.375,8
6051,9a4d7033-8861-11f1-b584-b48c9db4e1b4,16,"[0, 0, 1, 0, 0, 1, 0, 1]",3,0,0,,0.375,8
6052,9a4d7033-8861-11f1-b584-b48c9db4e1b4,16,"[0, 0, 1, 0, 0, 1, 0, 1]",4,0,0,,0.375,8
6053,9a4d7033-8861-11f1-b584-b48c9db4e1b4,16,"[0, 0, 1, 0, 0, 1, 0, 1]",5,1,1,,0.375,8
6054,9a4d7033-8861-11f1-b584-b48c9db4e1b4,16,"[0, 0, 1, 0, 0, 1, 0, 1]",6,0,0,,0.375,8
6055,9a4d7033-8861-11f1-b584-b48c9db4e1b4,16,"[0, 0, 1, 0, 0, 1, 0, 1]",7,1,1,,0.375,8
6056,9a4d7033-8861-11f1-b584-b48c9db4e1b4,17,"[1, 0, 1, 0, 1, 1, 1, 0]",0,1,-1,,0.375,8
6057,9a4d7033-8861-11f1-b584-b48c9db4e1b4,17,"[1, 0, 1, 0, 1, 1, 1, 0]",1,0,0,,0.375,8
6058,9a4d7033-8861-11f1-b584-b48c9db4e1b4,17,"[1, 0, 1, 0, 1, 1, 1, 0]",2,1,-1,,0.375,8
6059,9a4d7033-8861-11f1-b584-b48c9db4e1b4,17,"[1, 0, 1, 0, 1, 1, 1, 0]",3,0,0,,0.375,8
6060,9a4d7033-8861-11f1-b584-b48c9db4e1b4,17,"[1, 0, 1, 0, 1, 1, 1, 0]",4,1,-1,,0.375,8
6061,9a4d7033-8861-11f1-b584-b48c9db4e1b4,17,"[1, 0, 1, 0, 1, 1, 1, 0]",5,1,-1,,0.375,8
6062,9a4d7033-8861-11f1-b584-b48c9db4e1b4,17,"[1, 0, 1, 0, 1, 1, 1, 0]",6,1,-1,,0.375,8
6063,9a4d7033-8861-11f1-b584-b48c9db4e1b4,17,"[1, 0, 1, 0, 1, 1, 1, 0]",7,0,0,,0.375,8
6064,9a4d7033-8861-11f1-b584-b48c9db4e1b4,18,"[0, 1, 1, 0, 1, 0, 0, 0]",0,0,0,,0.375,8
6065,9a4d7033-8861-11f1-b584-b48c9db4e1b4,18,"[0, 1, 1, 0, 1, 0, 0, 0]",1,1,1,,0.375,8
6066,9a4d7033-8861-11f1-b584-b48c9db4e1b4,18,"[0, 1, 1, 0, 1, 0, 0, 0]",2,1,1,,0.375,8
6067,9a4d7033-8861-11f1-b584-b48c9db4e1b4,18,"[0, 1, 1, 0, 1, 0, 0, 0]",3,0,0,,0.375,8
6068,9a4d7033-8861-11f1-b584-b48c9db4e1b4,18,"[0, 1, 1, 0, 1, 0, 0, 0]",4,1,1,,0.375,8
6069,9a4d7033-8861-11f1-b584-b48c9db4e1b4,18,"[0, 1, 1, 0, 1, 0, 0, 0]",5,0,0,,0.375,8
6070,9a4d7033-8861-11f1-b584-b48c9db4e1b4,18,"[0, 1, 1, 0, 1, 0, 0, 0]",6,0,0,,0.375,8
6071,9a4d7033-8861-11f1-b584-b48c9db4e1b4,18,"[0, 1, 1, 0, 1, 0, 0, 0]",7,0,0,,0.375,8
6072,9a4d7033-8861-11f1-b584-b48c9db4e1b4,19,"[1, 1, 0, 1, 0, 0, 1, 1]",0,1,-1,,0.375,8
6073,9a4d7033-8861-11f1-b584-b48c9db4e1b4,19,"[1, 1, 0, 1, 0, 0, 1, 1]",1,1,-1,,0.375,8
6074,9a4d7033-8861-11f1-b584-b48c9db4e1b4,19,"[1, 1, 0, 1, 0, 0, 1, 1]",2,0,0,,0.375,8
6075,9a4d7033-8861-11f1-b584-b48c9db4e1b4,19,"[1, 1, 0, 1, 0, 0, 1, 1]",3,1,-1,,0.375,8
6076,9a4d7033-8861-11f1-b584-b48c9db4e1b4,19,"[1, 1, 0, 1, 0, 0, 1, 1]",4,0,0,,0.375,8
6077,9a4d7033-8861-11f1-b584-b48c9db4e1b4,19,"[1, 1, 0, 1, 0, 0, 1, 1]",5,0,0,,0.375,8
6078,9a4d7033-8861-11f1-b584-b48c9db4e1b4,19,"[1, 1, 0, 1, 0, 0, 1, 1]",6,1,-1,,0.375,8
6079,9a4d7033-8861-11f1-b584-b48c9db4e1b4,19,"[1, 1, 0, 1, 0, 0, 1, 1]",7,1,-1,,0.375,8
6080,9a5035c1-8861-11f1-a335-b48c9db4e1b4,0,"[1, 0, 0, 0, 0, 0, 1, 1]",0,1,1,,0.375,8
6081,9a5035c1-8861-11f1-a335-b48c9db4e1b4,0,"[1, 0, 0, 0, 0, 0, 1, 1]",1,0,0,,0.375,8
6082,9a5035c1-8861-11f1-a335-b48c9db4e1b4,0,"[1, 0, 0, 0, 0, 0, 1, 1]",2,0,0,,0.375,8
6083,9a5035c1-8861-11f1-a335-b48c9db4e1b4,0,"[1, 0, 0, 0, 0, 0, 1, 1]",3,0,0,,0.375,8
6084,9a5035c1-8861-11f1-a335-b48c9db4e1b4,0,"[1, 0, 0, 0, 0, 0, 1, 1]",4,0,0,,0.375,8
6085,9a5035c1-8861-11f1-a335-b48c9db4e1b4,0,"[1, 0, 0, 0, 0, 0, 1, 1]",5,0,0,,0.375,8
6086,9a5035c1-8861-11f1-a335-b48c9db4e1b4,0,"[1, 0, 0, 0, 0, 0, 1, 1]",6,1,1,,0.375,8
6087,9a5035c1-8861-11f1-a335-b48c9db4e1b4,0,"[1, 0, 0, 0, 0, 0, 1, 1]",7,1,1,,0.375,8
6088,9a5035c1-8861-11f1-a335-b48c9db4e1b4,1,"[0, 0, 0, 0, 0, 0, 1, 0]",0,0,0,,0.375,8
6089,9a5035c1-8861-11f1-a335-b48c9db4e1b4,1,"[0, 0, 0, 0, 0, 0, 1, 0]",1,0,0,,0.375,8
6090,9a5035c1-8861-11f1-a335-b48c9db4e1b4,1,"[0, 0, 0, 0, 0, 0, 1, 0]",2,0,0,,0.375,8
6091,9a5035c1-8861-11f1-a335-b48c9db4e1b4,1,"[0, 0, 0, 0, 0, 0, 1, 0]",3,0,0,,0.375,8
6092,9a5035c1-8861-11f1-a335-b48c9db4e1b4,1,"[0, 0, 0, 0, 0, 0, 1, 0]",4,0,0,,0.375,8
6093,9a5035c1-8861-11f1-a335-b48c9db4e1b4,1,"[0, 0, 0, 0, 0, 0, 1, 0]",5,0,0,,0.375,8
6094,9a5035c1-8861-11f1-a335-b48c9db4e1b4,1,"[0, 0, 0, 0, 0, 0, 1, 0]",6,1,1,,0.375,8
6095,9a5035c1-8861-11f1-a335-b48c9db4e1b4,1,"[0, 0, 0, 0, 0, 0, 1, 0]",7,0,0,,0.375,8
6096,9a5035c1-8861-11f1-a335-b48c9db4e1b4,2,"[0, 0, 0, 0, 1, 0, 0, 1]",0,0,0,,0.375,8
6097,9a5035c1-8861-11f1-a335-b48c9db4e1b4,2,"[0, 0, 0, 0, 1, 0, 0, 1]",1,0,0,,0.375,8
6098,9a5035c1-8861-11f1-a335-b48c9db4e1b4,2,"[0, 0, 0, 0, 1, 0, 0, 1]",2,0,0,,0.375,8
6099,9a5035c1-8861-11f1-a335-b48c9db4e1b4,2,"[0, 0, 0, 0, 1, 0, 0, 1]",3,0,0,,0.375,8
6100,9a5035c1-8861-11f1-a335-b48c9db4e1b4,2,"[0, 0, 0, 0, 1, 0, 0, 1]",4,1,1,,0.375,8
6101,9a5035c1-8861-11f1-a335-b48c9db4e1b4,2,"[0, 0, 0, 0, 1, 0, 0, 1]",5,0,0,,0.375,8
6102,9a5035c1-8861-11f1-a335-b48c9db4e1b4,2,"[0, 0, 0, 0, 1, 0, 0, 1]",6,0,0,,0.375,8
6103,9a5035c1-8861-11f1-a335-b48c9db4e1b4,2,"[0, 0, 0, 0, 1, 0, 0, 1]",7,1,1,,0.375,8
6104,9a5035c1-8861-11f1-a335-b48c9db4e1b4,3,"[0, 0, 1, 0, 0, 1, 0, 0]",0,0,0,,0.375,8
6105,9a5035c1-8861-11f1-a335-b48c9db4e1b4,3,"[0, 0, 1, 0, 0, 1, 0, 0]",1,0,0,,0.375,8
6106,9a5035c1-8861-11f1-a335-b48c9db4e1b4,3,"[0, 0, 1, 0, 0, 1, 0, 0]",2,1,1,,0.375,8
6107,9a5035c1-8861-11f1-a335-b48c9db4e1b4,3,"[0, 0, 1, 0, 0, 1, 0, 0]",3,0,0,,0.375,8
6108,9a5035c1-8861-11f1-a335-b48c9db4e1b4,3,"[0, 0, 1, 0, 0, 1, 0, 0]",4,0,0,,0.375,8
6109,9a5035c1-8861-11f1-a335-b48c9db4e1b4,3,"[0, 0, 1, 0, 0, 1, 0, 0]",5,1,1,,0.375,8
6110,9a5035c1-8861-11f1-a335-b48c9db4e1b4,3,"[0, 0, 1, 0, 0, 1, 0, 0]",6,0,0,,0.375,8
6111,9a5035c1-8861-11f1-a335-b48c9db4e1b4,3,"[0, 0, 1, 0, 0, 1, 0, 0]",7,0,0,,0.375,8
6112,9a5035c1-8861-11f1-a335-b48c9db4e1b4,4,"[1, 1, 0, 1, 1, 0, 1, 0]",0,1,-1,,0.375,8
6113,9a5035c1-8861-11f1-a335-b48c9db4e1b4,4,"[1, 1, 0, 1, 1, 0, 1, 0]",1,1,-1,,0.375,8
6114,9a5035c1-8861-11f1-a335-b48c9db4e1b4,4,"[1, 1, 0, 1, 1, 0, 1, 0]",2,0,0,,0.375,8
6115,9a5035c1-8861-11f1-a335-b48c9db4e1b4,4,"[1, 1, 0, 1, 1, 0, 1, 0]",3,1,-1,,0.375,8
6116,9a5035c1-8861-11f1-a335-b48c9db4e1b4,4,"[1, 1, 0, 1, 1, 0, 1, 0]",4,1,-1,,0.375,8
6117,9a5035c1-8861-11f1-a335-b48c9db4e1b4,4,"[1, 1, 0, 1, 1, 0, 1, 0]",5,0,0,,0.375,8
6118,9a5035c1-8861-11f1-a335-b48c9db4e1b4,4,"[1, 1, 0, 1, 1, 0, 1, 0]",6,1,-1,,0.375,8
6119,9a5035c1-8861-11f1-a335-b48c9db4e1b4,4,"[1, 1, 0, 1, 1, 0, 1, 0]",7,0,0,,0.375,8
6120,9a5035c1-8861-11f1-a335-b48c9db4e1b4,5,"[1, 0, 1, 0, 0, 0, 1, 0]",0,1,1,,0.375,8
6121,9a5035c1-8861-11f1-a335-b48c9db4e1b4,5,"[1, 0, 1, 0, 0, 0, 1, 0]",1,0,0,,0.375,8
6122,9a5035c1-8861-11f1-a335-b48c9db4e1b4,5,"[1, 0, 1, 0, 0, 0, 1, 0]",2,1,1,,0.375,8
6123,9a5035c1-8861-11f1-a335-b48c9db4e1b4,5,"[1, 0, 1, 0, 0, 0, 1, 0]",3,0,0,,0.375,8
6124,9a5035c1-8861-11f1-a335-b48c9db4e1b4,5,"[1, 0, 1, 0, 0, 0, 1, 0]",4,0,0,,0.375,8
6125,9a5035c1-8861-11f1-a335-b48c9db4e1b4,5,"[1, 0, 1, 0, 0, 0, 1, 0]",5,0,0,,0.375,8
6126,9a5035c1-8861-11f1-a335-b48c9db4e1b4,5,"[1, 0, 1, 0, 0, 0, 1, 0]",6,1,1,,0.375,8
6127,9a5035c1-8861-11f1-a335-b48c9db4e1b4,5,"[1, 0, 1, 0, 0, 0, 1, 0]",7,0,0,,0.375,8
6128,9a5035c1-8861-11f1-a335-b48c9db4e1b4,6,"[1, 1, 0, 0, 0, 1, 1, 0]",0,1,-1,,0.375,8
6129,9a5035c1-8861-11f1-a335-b48c9db4e1b4,6,"[1, 1, 0, 0, 0, 1, 1, 0]",1,1,-1,,0.375,8
6130,9a5035c1-8861-11f1-a335-b48c9db4e1b4,6,"[1, 1, 0, 0, 0, 1, 1, 0]",2,0,0,,0.375,8
6131,9a5035c1-8861-11f1-a335-b48c9db4e1b4,6,"[1, 1, 0, 0, 0, 1, 1, 0]",3,0,0,,0.375,8
6132,9a5035c1-8861-11f1-a335-b48c9db4e1b4,6,"[1, 1, 0, 0, 0, 1, 1, 0]",4,0,0,,0.375,8
6133,9a5035c1-8861-11f1-a335-b48c9db4e1b4,6,"[1, 1, 0, 0, 0, 1, 1, 0]",5,1,-1,,0.375,8
6134,9a5035c1-8861-11f1-a335-b48c9db4e1b4,6,"[1, 1, 0, 0, 0, 1, 1, 0]",6,1,-1,,0.375,8
6135,9a5035c1-8861-11f1-a335-b48c9db4e1b4,6,"[1, 1, 0, 0, 0, 1, 1, 0]",7,0,0,,0.375,8
6136,9a5035c1-8861-11f1-a335-b48c9db4e1b4,7,"[1, 1, 0, 0, 0, 0, 0, 0]",0,1,1,,0.375,8
6137,9a5035c1-8861-11f1-a335-b48c9db4e1b4,7,"[1, 1, 0, 0, 0, 0, 0, 0]",1,1,1,,0.375,8
6138,9a5035c1-8861-11f1-a335-b48c9db4e1b4,7,"[1, 1, 0, 0, 0, 0, 0, 0]",2,0,0,,0.375,8
6139,9a5035c1-8861-11f1-a335-b48c9db4e1b4,7,"[1, 1, 0, 0, 0, 0, 0, 0]",3,0,0,,0.375,8
6140,9a5035c1-8861-11f1-a335-b48c9db4e1b4,7,"[1, 1, 0, 0, 0, 0, 0, 0]",4,0,0,,0.375,8
6141,9a5035c1-8861-11f1-a335-b48c9db4e1b4,7,"[1, 1, 0, 0, 0, 0, 0, 0]",5,0,0,,0.375,8
6142,9a5035c1-8861-11f1-a335-b48c9db4e1b4,7,"[1, 1, 0, 0, 0, 0, 0, 0]",6,0,0,,0.375,8
6143,9a5035c1-8861-11f1-a335-b48c9db4e1b4,7,"[1, 1, 0, 0, 0, 0, 0, 0]",7,0,0,,0.375,8
6144,9a5035c1-8861-11f1-a335-b48c9db4e1b4,8,"[0, 1, 0, 1, 1, 0, 1, 0]",0,0,0,,0.375,8
6145,9a5035c1-8861-11f1-a335-b48c9db4e1b4,8,"[0, 1, 0, 1, 1, 0, 1, 0]",1,1,-1,,0.375,8
6146,9a5035c1-8861-11f1-a335-b48c9db4e1b4,8,"[0, 1, 0, 1, 1, 0, 1, 0]",2,0,0,,0.375,8
6147,9a5035c1-8861-11f1-a335-b48c9db4e1b4,8,"[0, 1, 0, 1, 1, 0, 1, 0]",3,1,-1,,0.375,8
6148,9a5035c1-8861-11f1-a335-b48c9db4e1b4,8,"[0, 1, 0, 1, 1, 0, 1, 0]",4,1,-1,,0.375,8
6149,9a5035c1-8861-11f1-a335-b48c9db4e1b4,8,"[0, 1, 0, 1, 1, 0, 1, 0]",5,0,0,,0.375,8
6150,9a5035c1-8861-11f1-a335-b48c9db4e1b4,8,"[0, 1, 0, 1, 1, 0, 1, 0]",6,1,-1,,0.375,8
6151,9a5035c1-8861-11f1-a335-b48c9db4e1b4,8,"[0, 1, 0, 1, 1, 0, 1, 0]",7,0,0,,0.375,8
6152,9a5035c1-8861-11f1-a335-b48c9db4e1b4,9,"[0, 1, 1, 0, 0, 0, 1, 0]",0,0,0,,0.375,8
6153,9a5035c1-8861-11f1-a335-b48c9db4e1b4,9,"[0, 1, 1, 0, 0, 0, 1, 0]",1,1,1,,0.375,8
6154,9a5035c1-8861-11f1-a335-b48c9db4e1b4,9,"[0, 1, 1, 0, 0, 0, 1, 0]",2,1,1,,0.375,8
6155,9a5035c1-8861-11f1-a335-b48c9db4e1b4,9,"[0, 1, 1, 0, 0, 0, 1, 0]",3,0,0,,0.375,8
6156,9a5035c1-8861-11f1-a335-b48c9db4e1b4,9,"[0, 1, 1, 0, 0, 0, 1, 0]",4,0,0,,0.375,8
6157,9a5035c1-8861-11f1-a335-b48c9db4e1b4,9,"[0, 1, 1, 0, 0, 0, 1, 0]",5,0,0,,0.375,8
6158,9a5035c1-8861-11f1-a335-b48c9db4e1b4,9,"[0, 1, 1, 0, 0, 0, 1, 0]",6,1,1,,0.375,8
6159,9a5035c1-8861-11f1-a335-b48c9db4e1b4,9,"[0, 1, 1, 0, 0, 0, 1, 0]",7,0,0,,0.375,8
6160,9a5035c1-8861-11f1-a335-b48c9db4e1b4,10,"[1, 1, 1, 0, 0, 1, 1, 0]",0,1,-1,,0.375,8
6161,9a5035c1-8861-11f1-a335-b48c9db4e1b4,10,"[1, 1, 1, 0, 0, 1, 1, 0]",1,1,-1,,0.375,8
6162,9a5035c1-8861-11f1-a335-b48c9db4e1b4,10,"[1, 1, 1, 0, 0, 1, 1, 0]",2,1,-1,,0.375,8
6163,9a5035c1-8861-11f1-a335-b48c9db4e1b4,10,"[1, 1, 1, 0, 0, 1, 1, 0]",3,0,0,,0.375,8
6164,9a5035c1-8861-11f1-a335-b48c9db4e1b4,10,"[1, 1, 1, 0, 0, 1, 1, 0]",4,0,0,,0.375,8
6165,9a5035c1-8861-11f1-a335-b48c9db4e1b4,10,"[1, 1, 1, 0, 0, 1, 1, 0]",5,1,-1,,0.375,8
6166,9a5035c1-8861-11f1-a335-b48c9db4e1b4,10,"[1, 1, 1, 0, 0, 1, 1, 0]",6,1,-1,,0.375,8
6167,9a5035c1-8861-11f1-a335-b48c9db4e1b4,10,"[1, 1, 1, 0, 0, 1, 1, 0]",7,0,0,,0.375,8
6168,9a5035c1-8861-11f1-a335-b48c9db4e1b4,11,"[1, 0, 0, 1, 0, 0, 1, 1]",0,1,-1,,0.375,8
6169,9a5035c1-8861-11f1-a335-b48c9db4e1b4,11,"[1, 0, 0, 1, 0, 0, 1, 1]",1,0,0,,0.375,8
6170,9a5035c1-8861-11f1-a335-b48c9db4e1b4,11,"[1, 0, 0, 1, 0, 0, 1, 1]",2,0,0,,0.375,8
6171,9a5035c1-8861-11f1-a335-b48c9db4e1b4,11,"[1, 0, 0, 1, 0, 0, 1, 1]",3,1,-1,,0.375,8
6172,9a5035c1-8861-11f1-a335-b48c9db4e1b4,11,"[1, 0, 0, 1, 0, 0, 1, 1]",4,0,0,,0.375,8
6173,9a5035c1-8861-11f1-a335-b48c9db4e1b4,11,"[1, 0, 0, 1, 0, 0, 1, 1]",5,0,0,,0.375,8
6174,9a5035c1-8861-11f1-a335-b48c9db4e1b4,11,"[1, 0, 0, 1, 0, 0, 1, 1]",6,1,-1,,0.375,8
6175,9a5035c1-8861-11f1-a335-b48c9db4e1b4,11,"[1, 0, 0, 1, 0, 0, 1, 1]",7,1,-1,,0.375,8
6176,9a5035c1-8861-11f1-a335-b48c9db4e1b4,12,"[0, 0, 0, 1, 0, 1, 0, 1]",0,0,0,,0.375,8
6177,9a5035c1-8861-11f1-a335-b48c9db4e1b4,12,"[0, 0, 0, 1, 0, 1, 0, 1]",1,0,0,,0.375,8
6178,9a5035c1-8861-11f1-a335-b48c9db4e1b4,12,"[0, 0, 0, 1, 0, 1, 0, 1]",2,0,0,,0.375,8
6179,9a5035c1-8861-11f1-a335-b48c9db4e1b4,12,"[0, 0, 0, 1, 0, 1, 0, 1]",3,1,1,,0.375,8
6180,9a5035c1-8861-11f1-a335-b48c9db4e1b4,12,"[0, 0, 0, 1, 0, 1, 0, 1]",4,0,0,,0.375,8
6181,9a5035c1-8861-11f1-a335-b48c9db4e1b4,12,"[0, 0, 0, 1, 0, 1, 0, 1]",5,1,1,,0.375,8
6182,9a5035c1-8861-11f1-a335-b48c9db4e1b4,12,"[0, 0, 0, 1, 0, 1, 0, 1]",6,0,0,,0.375,8
6183,9a5035c1-8861-11f1-a335-b48c9db4e1b4,12,"[0, 0, 0, 1, 0, 1, 0, 1]",7,1,1,,0.375,8
6184,9a5035c1-8861-11f1-a335-b48c9db4e1b4,13,"[0, 1, 1, 0, 0, 0, 1, 0]",0,0,0,,0.375,8
6185,9a5035c1-8861-11f1-a335-b48c9db4e1b4,13,"[0, 1, 1, 0, 0, 0, 1, 0]",1,1,1,,0.375,8
6186,9a5035c1-8861-11f1-a335-b48c9db4e1b4,13,"[0, 1, 1, 0, 0, 0, 1, 0]",2,1,1,,0.375,8
6187,9a5035c1-8861-11f1-a335-b48c9db4e1b4,13,"[0, 1, 1, 0, 0, 0, 1, 0]",3,0,0,,0.375,8
6188,9a5035c1-8861-11f1-a335-b48c9db4e1b4,13,"[0, 1, 1, 0, 0, 0, 1, 0]",4,0,0,,0.375,8
6189,9a5035c1-8861-11f1-a335-b48c9db4e1b4,13,"[0, 1, 1, 0, 0, 0, 1, 0]",5,0,0,,0.375,8
6190,9a5035c1-8861-11f1-a335-b48c9db4e1b4,13,"[0, 1, 1, 0, 0, 0, 1, 0]",6,1,1,,0.375,8
6191,9a5035c1-8861-11f1-a335-b48c9db4e1b4,13,"[0, 1, 1, 0, 0, 0, 1, 0]",7,0,0,,0.375,8
6192,9a5035c1-8861-11f1-a335-b48c9db4e1b4,14,"[1, 0, 1, 1, 1, 1, 1, 0]",0,1,-1,,0.375,8
6193,9a5035c1-8861-11f1-a335-b48c9db4e1b4,14,"[1, 0, 1, 1, 1, 1, 1, 0]",1,0,0,,0.375,8
6194,9a5035c1-8861-11f1-a335-b48c9db4e1b4,14,"[1, 0, 1, 1, 1, 1, 1, 0]",2,1,-1,,0.375,8
6195,9a5035c1-8861-11f1-a335-b48c9db4e1b4,14,"[1, 0, 1, 1, 1, 1, 1, 0]",3,1,-1,,0.375,8
6196,9a5035c1-8861-11f1-a335-b48c9db4e1b4,14,"[1, 0, 1, 1, 1, 1, 1, 0]",4,1,-1,,0.375,8
6197,9a5035c1-8861-11f1-a335-b48c9db4e1b4,14,"[1, 0, 1, 1, 1, 1, 1, 0]",5,1,-1,,0.375,8
6198,9a5035c1-8861-11f1-a335-b48c9db4e1b4,14,"[1, 0, 1, 1, 1, 1, 1, 0]",6,1,-1,,0.375,8
6199,9a5035c1-8861-11f1-a335-b48c9db4e1b4,14,"[1, 0, 1, 1, 1, 1, 1, 0]",7,0,0,,0.375,8
6200,9a5035c1-8861-11f1-a335-b48c9db4e1b4,15,"[0, 0, 1, 0, 0, 1, 0, 0]",0,0,0,,0.375,8
6201,9a5035c1-8861-11f1-a335-b48c9db4e1b4,15,"[0, 0, 1, 0, 0, 1, 0, 0]",1,0,0,,0.375,8
6202,9a5035c1-8861-11f1-a335-b48c9db4e1b4,15,"[0, 0, 1, 0, 0, 1, 0, 0]",2,1,1,,0.375,8
6203,9a5035c1-8861-11f1-a335-b48c9db4e1b4,15,"[0, 0, 1, 0, 0, 1, 0, 0]",3,0,0,,0.375,8
6204,9a5035c1-8861-11f1-a335-b48c9db4e1b4,15,"[0, 0, 1, 0, 0, 1, 0, 0]",4,0,0,,0.375,8
6205,9a5035c1-8861-11f1-a335-b48c9db4e1b4,15,"[0, 0, 1, 0, 0, 1, 0, 0]",5,1,1,,0.375,8
6206,9a5035c1-8861-11f1-a335-b48c9db4e1b4,15,"[0, 0, 1, 0, 0, 1, 0, 0]",6,0,0,,0.375,8
6207,9a5035c1-8861-11f1-a335-b48c9db4e1b4,15,"[0, 0, 1, 0, 0, 1, 0, 0]",7,0,0,,0.375,8
6208,9a5035c1-8861-11f1-a335-b48c9db4e1b4,16,"[0, 0, 1, 0, 1, 1, 0, 1]",0,0,0,,0.375,8
6209,9a5035c1-8861-11f1-a335-b48c9db4e1b4,16,"[0, 0, 1, 0, 1, 1, 0, 1]",1,0,0,,0.375,8
6210,9a5035c1-8861-11f1-a335-b48c9db4e1b4,16,"[0, 0, 1, 0, 1, 1, 0, 1]",2,1,-1,,0.375,8
6211,9a5035c1-8861-11f1-a335-b48c9db4e1b4,16,"[0, 0, 1, 0, 1, 1, 0, 1]",3,0,0,,0.375,8
6212,9a5035c1-8861-11f1-a335-b48c9db4e1b4,16,"[0, 0, 1, 0, 1, 1, 0, 1]",4,1,-1,,0.375,8
6213,9a5035c1-8861-11f1-a335-b48c9db4e1b4,16,"[0, 0, 1, 0, 1, 1, 0, 1]",5,1,-1,,0.375,8
6214,9a5035c1-8861-11f1-a335-b48c9db4e1b4,16,"[0, 0, 1, 0, 1, 1, 0, 1]",6,0,0,,0.375,8
6215,9a5035c1-8861-11f1-a335-b48c9db4e1b4,16,"[0, 0, 1, 0, 1, 1, 0, 1]",7,1,-1,,0.375,8
6216,9a5035c1-8861-11f1-a335-b48c9db4e1b4,17,"[0, 0, 1, 0, 1, 1, 1, 1]",0,0,0,,0.375,8
6217,9a5035c1-8861-11f1-a335-b48c9db4e1b4,17,"[0, 0, 1, 0, 1, 1, 1, 1]",1,0,0,,0.375,8
6218,9a5035c1-8861-11f1-a335-b48c9db4e1b4,17,"[0, 0, 1, 0, 1, 1, 1, 1]",2,1,-1,,0.375,8
6219,9a5035c1-8861-11f1-a335-b48c9db4e1b4,17,"[0, 0, 1, 0, 1, 1, 1, 1]",3,0,0,,0.375,8
6220,9a5035c1-8861-11f1-a335-b48c9db4e1b4,17,"[0, 0, 1, 0, 1, 1, 1, 1]",4,1,-1,,0.375,8
6221,9a5035c1-8861-11f1-a335-b48c9db4e1b4,17,"[0, 0, 1, 0, 1, 1, 1, 1]",5,1,-1,,0.375,8
6222,9a5035c1-8861-11f1-a335-b48c9db4e1b4,17,"[0, 0, 1, 0, 1, 1, 1, 1]",6,1,-1,,0.375,8
6223,9a5035c1-8861-11f1-a335-b48c9db4e1b4,17,"[0, 0, 1, 0, 1, 1, 1, 1]",7,1,-1,,0.375,8
6224,9a5035c1-8861-11f1-a335-b48c9db4e1b4,18,"[0, 1, 0, 1, 1, 0, 1, 1]",0,0,0,,0.375,8
6225,9a5035c1-8861-11f1-a335-b48c9db4e1b4,18,"[0, 1, 0, 1, 1, 0, 1, 1]",1,1,-1,,0.375,8
6226,9a5035c1-8861-11f1-a335-b48c9db4e1b4,18,"[0, 1, 0, 1, 1, 0, 1, 1]",2,0,0,,0.375,8
6227,9a5035c1-8861-11f1-a335-b48c9db4e1b4,18,"[0, 1, 0, 1, 1, 0, 1, 1]",3,1,-1,,0.375,8
6228,9a5035c1-8861-11f1-a335-b48c9db4e1b4,18,"[0, 1, 0, 1, 1, 0, 1, 1]",4,1,-1,,0.375,8
6229,9a5035c1-8861-11f1-a335-b48c9db4e1b4,18,"[0, 1, 0, 1, 1, 0, 1, 1]",5,0,0,,0.375,8
6230,9a5035c1-8861-11f1-a335-b48c9db4e1b4,18,"[0, 1, 0, 1, 1, 0, 1, 1]",6,1,-1,,0.375,8
6231,9a5035c1-8861-11f1-a335-b48c9db4e1b4,18,"[0, 1, 0, 1, 1, 0, 1, 1]",7,1,-1,,0.375,8
6232,9a5035c1-8861-11f1-a335-b48c9db4e1b4,19,"[1, 0, 1, 1, 0, 0, 1, 1]",0,1,-1,,0.375,8
6233,9a5035c1-8861-11f1-a335-b48c9db4e1b4,19,"[1, 0, 1, 1, 0, 0, 1, 1]",1,0,0,,0.375,8
6234,9a5035c1-8861-11f1-a335-b48c9db4e1b4,19,"[1, 0, 1, 1, 0, 0, 1, 1]",2,1,-1,,0.375,8
6235,9a5035c1-8861-11f1-a335-b48c9db4e1b4,19,"[1, 0, 1, 1, 0, 0, 1, 1]",3,1,-1,,0.375,8
6236,9a5035c1-8861-11f1-a335-b48c9db4e1b4,19,"[1, 0, 1, 1, 0, 0, 1, 1]",4,0,0,,0.375,8
6237,9a5035c1-8861-11f1-a335-b48c9db4e1b4,19,"[1, 0, 1, 1, 0, 0, 1, 1]",5,0,0,,0.375,8
6238,9a5035c1-8861-11f1-a335-b48c9db4e1b4,19,"[1, 0, 1, 1, 0, 0, 1, 1]",6,1,-1,,0.375,8
6239,9a5035c1-8861-11f1-a335-b48c9db4e1b4,19,"[1, 0, 1, 1, 0, 0, 1, 1]",7,1,-1,,0.375,8
6240,9a52f779-8861-11f1-902f-b48c9db4e1b4,0,"[1, 1, 1, 1, 0, 1, 0, 1]",0,1,-1,,0.375,8
6241,9a52f779-8861-11f1-902f-b48c9db4e1b4,0,"[1, 1, 1, 1, 0, 1, 0, 1]",1,1,-1,,0.375,8
6242,9a52f779-8861-11f1-902f-b48c9db4e1b4,0,"[1, 1, 1, 1, 0, 1, 0, 1]",2,1,-1,,0.375,8
6243,9a52f779-8861-11f1-902f-b48c9db4e1b4,0,"[1, 1, 1, 1, 0, 1, 0, 1]",3,1,-1,,0.375,8
6244,9a52f779-8861-11f1-902f-b48c9db4e1b4,0,"[1, 1, 1, 1, 0, 1, 0, 1]",4,0,0,,0.375,8
6245,9a52f779-8861-11f1-902f-b48c9db4e1b4,0,"[1, 1, 1, 1, 0, 1, 0, 1]",5,1,-1,,0.375,8
6246,9a52f779-8861-11f1-902f-b48c9db4e1b4,0,"[1, 1, 1, 1, 0, 1, 0, 1]",6,0,0,,0.375,8
6247,9a52f779-8861-11f1-902f-b48c9db4e1b4,0,"[1, 1, 1, 1, 0, 1, 0, 1]",7,1,-1,,0.375,8
6248,9a52f779-8861-11f1-902f-b48c9db4e1b4,1,"[1, 1, 1, 1, 0, 1, 0, 1]",0,1,-1,,0.375,8
6249,9a52f779-8861-11f1-902f-b48c9db4e1b4,1,"[1, 1, 1, 1, 0, 1, 0, 1]",1,1,-1,,0.375,8
6250,9a52f779-8861-11f1-902f-b48c9db4e1b4,1,"[1, 1, 1, 1, 0, 1, 0, 1]",2,1,-1,,0.375,8
6251,9a52f779-8861-11f1-902f-b48c9db4e1b4,1,"[1, 1, 1, 1, 0, 1, 0, 1]",3,1,-1,,0.375,8
6252,9a52f779-8861-11f1-902f-b48c9db4e1b4,1,"[1, 1, 1, 1, 0, 1, 0, 1]",4,0,0,,0.375,8
6253,9a52f779-8861-11f1-902f-b48c9db4e1b4,1,"[1, 1, 1, 1, 0, 1, 0, 1]",5,1,-1,,0.375,8
6254,9a52f779-8861-11f1-902f-b48c9db4e1b4,1,"[1, 1, 1, 1, 0, 1, 0, 1]",6,0,0,,0.375,8
6255,9a52f779-8861-11f1-902f-b48c9db4e1b4,1,"[1, 1, 1, 1, 0, 1, 0, 1]",7,1,-1,,0.375,8
6256,9a52f779-8861-11f1-902f-b48c9db4e1b4,2,"[1, 1, 1, 0, 0, 0, 1, 0]",0,1,-1,,0.375,8
6257,9a52f779-8861-11f1-902f-b48c9db4e1b4,2,"[1, 1, 1, 0, 0, 0, 1, 0]",1,1,-1,,0.375,8
6258,9a52f779-8861-11f1-902f-b48c9db4e1b4,2,"[1, 1, 1, 0, 0, 0, 1, 0]",2,1,-1,,0.375,8
6259,9a52f779-8861-11f1-902f-b48c9db4e1b4,2,"[1, 1, 1, 0, 0, 0, 1, 0]",3,0,0,,0.375,8
6260,9a52f779-8861-11f1-902f-b48c9db4e1b4,2,"[1, 1, 1, 0, 0, 0, 1, 0]",4,0,0,,0.375,8
6261,9a52f779-8861-11f1-902f-b48c9db4e1b4,2,"[1, 1, 1, 0, 0, 0, 1, 0]",5,0,0,,0.375,8
6262,9a52f779-8861-11f1-902f-b48c9db4e1b4,2,"[1, 1, 1, 0, 0, 0, 1, 0]",6,1,-1,,0.375,8
6263,9a52f779-8861-11f1-902f-b48c9db4e1b4,2,"[1, 1, 1, 0, 0, 0, 1, 0]",7,0,0,,0.375,8
6264,9a52f779-8861-11f1-902f-b48c9db4e1b4,3,"[1, 1, 0, 0, 1, 0, 1, 1]",0,1,-1,,0.375,8
6265,9a52f779-8861-11f1-902f-b48c9db4e1b4,3,"[1, 1, 0, 0, 1, 0, 1, 1]",1,1,-1,,0.375,8
6266,9a52f779-8861-11f1-902f-b48c9db4e1b4,3,"[1, 1, 0, 0, 1, 0, 1, 1]",2,0,0,,0.375,8
6267,9a52f779-8861-11f1-902f-b48c9db4e1b4,3,"[1, 1, 0, 0, 1, 0, 1, 1]",3,0,0,,0.375,8
6268,9a52f779-8861-11f1-902f-b48c9db4e1b4,3,"[1, 1, 0, 0, 1, 0, 1, 1]",4,1,-1,,0.375,8
6269,9a52f779-8861-11f1-902f-b48c9db4e1b4,3,"[1, 1, 0, 0, 1, 0, 1, 1]",5,0,0,,0.375,8
6270,9a52f779-8861-11f1-902f-b48c9db4e1b4,3,"[1, 1, 0, 0, 1, 0, 1, 1]",6,1,-1,,0.375,8
6271,9a52f779-8861-11f1-902f-b48c9db4e1b4,3,"[1, 1, 0, 0, 1, 0, 1, 1]",7,1,-1,,0.375,8
6272,9a52f779-8861-11f1-902f-b48c9db4e1b4,4,"[1, 0, 1, 0, 0, 1, 1, 1]",0,1,-1,,0.375,8
6273,9a52f779-8861-11f1-902f-b48c9db4e1b4,4,"[1, 0, 1, 0, 0, 1, 1, 1]",1,0,0,,0.375,8
6274,9a52f779-8861-11f1-902f-b48c9db4e1b4,4,"[1, 0, 1, 0, 0, 1, 1, 1]",2,1,-1,,0.375,8
6275,9a52f779-8861-11f1-902f-b48c9db4e1b4,4,"[1, 0, 1, 0, 0, 1, 1, 1]",3,0,0,,0.375,8
6276,9a52f779-8861-11f1-902f-b48c9db4e1b4,4,"[1, 0, 1, 0, 0, 1, 1, 1]",4,0,0,,0.375,8
6277,9a52f779-8861-11f1-902f-b48c9db4e1b4,4,"[1, 0, 1, 0, 0, 1, 1, 1]",5,1,-1,,0.375,8
6278,9a52f779-8861-11f1-902f-b48c9db4e1b4,4,"[1, 0, 1, 0, 0, 1, 1, 1]",6,1,-1,,0.375,8
6279,9a52f779-8861-11f1-902f-b48c9db4e1b4,4,"[1, 0, 1, 0, 0, 1, 1, 1]",7,1,-1,,0.375,8
6280,9a52f779-8861-11f1-902f-b48c9db4e1b4,5,"[0, 1, 1, 1, 1, 0, 1, 1]",0,0,0,,0.375,8
6281,9a52f779-8861-11f1-902f-b48c9db4e1b4,5,"[0, 1, 1, 1, 1, 0, 1, 1]",1,1,-1,,0.375,8
6282,9a52f779-8861-11f1-902f-b48c9db4e1b4,5,"[0, 1, 1, 1, 1, 0, 1, 1]",2,1,-1,,0.375,8
6283,9a52f779-8861-11f1-902f-b48c9db4e1b4,5,"[0, 1, 1, 1, 1, 0, 1, 1]",3,1,-1,,0.375,8
6284,9a52f779-8861-11f1-902f-b48c9db4e1b4,5,"[0, 1, 1, 1, 1, 0, 1, 1]",4,1,-1,,0.375,8
6285,9a52f779-8861-11f1-902f-b48c9db4e1b4,5,"[0, 1, 1, 1, 1, 0, 1, 1]",5,0,0,,0.375,8
6286,9a52f779-8861-11f1-902f-b48c9db4e1b4,5,"[0, 1, 1, 1, 1, 0, 1, 1]",6,1,-1,,0.375,8
6287,9a52f779-8861-11f1-902f-b48c9db4e1b4,5,"[0, 1, 1, 1, 1, 0, 1, 1]",7,1,-1,,0.375,8
6288,9a52f779-8861-11f1-902f-b48c9db4e1b4,6,"[0, 0, 1, 0, 0, 1, 1, 1]",0,0,0,,0.375,8
6289,9a52f779-8861-11f1-902f-b48c9db4e1b4,6,"[0, 0, 1, 0, 0, 1, 1, 1]",1,0,0,,0.375,8
6290,9a52f779-8861-11f1-902f-b48c9db4e1b4,6,"[0, 0, 1, 0, 0, 1, 1, 1]",2,1,-1,,0.375,8
6291,9a52f779-8861-11f1-902f-b48c9db4e1b4,6,"[0, 0, 1, 0, 0, 1, 1, 1]",3,0,0,,0.375,8
6292,9a52f779-8861-11f1-902f-b48c9db4e1b4,6,"[0, 0, 1, 0, 0, 1, 1, 1]",4,0,0,,0.375,8
6293,9a52f779-8861-11f1-902f-b48c9db4e1b4,6,"[0, 0, 1, 0, 0, 1, 1, 1]",5,1,-1,,0.375,8
6294,9a52f779-8861-11f1-902f-b48c9db4e1b4,6,"[0, 0, 1, 0, 0, 1, 1, 1]",6,1,-1,,0.375,8
6295,9a52f779-8861-11f1-902f-b48c9db4e1b4,6,"[0, 0, 1, 0, 0, 1, 1, 1]",7,1,-1,,0.375,8
6296,9a52f779-8861-11f1-902f-b48c9db4e1b4,7,"[1, 0, 1, 1, 1, 1, 1, 1]",0,1,-1,,0.375,8
6297,9a52f779-8861-11f1-902f-b48c9db4e1b4,7,"[1, 0, 1, 1, 1, 1, 1, 1]",1,0,0,,0.375,8
6298,9a52f779-8861-11f1-902f-b48c9db4e1b4,7,"[1, 0, 1, 1, 1, 1, 1, 1]",2,1,-1,,0.375,8
6299,9a52f779-8861-11f1-902f-b48c9db4e1b4,7,"[1, 0, 1, 1, 1, 1, 1, 1]",3,1,-1,,0.375,8
6300,9a52f779-8861-11f1-902f-b48c9db4e1b4,7,"[1, 0, 1, 1, 1, 1, 1, 1]",4,1,-1,,0.375,8
6301,9a52f779-8861-11f1-902f-b48c9db4e1b4,7,"[1, 0, 1, 1, 1, 1, 1, 1]",5,1,-1,,0.375,8
6302,9a52f779-8861-11f1-902f-b48c9db4e1b4,7,"[1, 0, 1, 1, 1, 1, 1, 1]",6,1,-1,,0.375,8
6303,9a52f779-8861-11f1-902f-b48c9db4e1b4,7,"[1, 0, 1, 1, 1, 1, 1, 1]",7,1,-1,,0.375,8
6304,9a52f779-8861-11f1-902f-b48c9db4e1b4,8,"[0, 0, 0, 0, 1, 1, 0, 0]",0,0,0,,0.375,8
6305,9a52f779-8861-11f1-902f-b48c9db4e1b4,8,"[0, 0, 0, 0, 1, 1, 0, 0]",1,0,0,,0.375,8
6306,9a52f779-8861-11f1-902f-b48c9db4e1b4,8,"[0, 0, 0, 0, 1, 1, 0, 0]",2,0,0,,0.375,8
6307,9a52f779-8861-11f1-902f-b48c9db4e1b4,8,"[0, 0, 0, 0, 1, 1, 0, 0]",3,0,0,,0.375,8
6308,9a52f779-8861-11f1-902f-b48c9db4e1b4,8,"[0, 0, 0, 0, 1, 1, 0, 0]",4,1,1,,0.375,8
6309,9a52f779-8861-11f1-902f-b48c9db4e1b4,8,"[0, 0, 0, 0, 1, 1, 0, 0]",5,1,1,,0.375,8
6310,9a52f779-8861-11f1-902f-b48c9db4e1b4,8,"[0, 0, 0, 0, 1, 1, 0, 0]",6,0,0,,0.375,8
6311,9a52f779-8861-11f1-902f-b48c9db4e1b4,8,"[0, 0, 0, 0, 1, 1, 0, 0]",7,0,0,,0.375,8
6312,9a52f779-8861-11f1-902f-b48c9db4e1b4,9,"[1, 0, 1, 0, 0, 1, 0, 0]",0,1,1,,0.375,8
6313,9a52f779-8861-11f1-902f-b48c9db4e1b4,9,"[1, 0, 1, 0, 0, 1, 0, 0]",1,0,0,,0.375,8
6314,9a52f779-8861-11f1-902f-b48c9db4e1b4,9,"[1, 0, 1, 0, 0, 1, 0, 0]",2,1,1,,0.375,8
6315,9a52f779-8861-11f1-902f-b48c9db4e1b4,9,"[1, 0, 1, 0, 0, 1, 0, 0]",3,0,0,,0.375,8
6316,9a52f779-8861-11f1-902f-b48c9db4e1b4,9,"[1, 0, 1, 0, 0, 1, 0, 0]",4,0,0,,0.375,8
6317,9a52f779-8861-11f1-902f-b48c9db4e1b4,9,"[1, 0, 1, 0, 0, 1, 0, 0]",5,1,1,,0.375,8
6318,9a52f779-8861-11f1-902f-b48c9db4e1b4,9,"[1, 0, 1, 0, 0, 1, 0, 0]",6,0,0,,0.375,8
6319,9a52f779-8861-11f1-902f-b48c9db4e1b4,9,"[1, 0, 1, 0, 0, 1, 0, 0]",7,0,0,,0.375,8
6320,9a52f779-8861-11f1-902f-b48c9db4e1b4,10,"[0, 1, 1, 1, 0, 1, 1, 0]",0,0,0,,0.375,8
6321,9a52f779-8861-11f1-902f-b48c9db4e1b4,10,"[0, 1, 1, 1, 0, 1, 1, 0]",1,1,-1,,0.375,8
6322,9a52f779-8861-11f1-902f-b48c9db4e1b4,10,"[0, 1, 1, 1, 0, 1, 1, 0]",2,1,-1,,0.375,8
6323,9a52f779-8861-11f1-902f-b48c9db4e1b4,10,"[0, 1, 1, 1, 0, 1, 1, 0]",3,1,-1,,0.375,8
6324,9a52f779-8861-11f1-902f-b48c9db4e1b4,10,"[0, 1, 1, 1, 0, 1, 1, 0]",4,0,0,,0.375,8
6325,9a52f779-8861-11f1-902f-b48c9db4e1b4,10,"[0, 1, 1, 1, 0, 1, 1, 0]",5,1,-1,,0.375,8
6326,9a52f779-8861-11f1-902f-b48c9db4e1b4,10,"[0, 1, 1, 1, 0, 1, 1, 0]",6,1,-1,,0.375,8
6327,9a52f779-8861-11f1-902f-b48c9db4e1b4,10,"[0, 1, 1, 1, 0, 1, 1, 0]",7,0,0,,0.375,8
6328,9a52f779-8861-11f1-902f-b48c9db4e1b4,11,"[1, 0, 0, 1, 0, 1, 1, 1]",0,1,-1,,0.375,8
6329,9a52f779-8861-11f1-902f-b48c9db4e1b4,11,"[1, 0, 0, 1, 0, 1, 1, 1]",1,0,0,,0.375,8
6330,9a52f779-8861-11f1-902f-b48c9db4e1b4,11,"[1, 0, 0, 1, 0, 1, 1, 1]",2,0,0,,0.375,8
6331,9a52f779-8861-11f1-902f-b48c9db4e1b4,11,"[1, 0, 0, 1, 0, 1, 1, 1]",3,1,-1,,0.375,8
6332,9a52f779-8861-11f1-902f-b48c9db4e1b4,11,"[1, 0, 0, 1, 0, 1, 1, 1]",4,0,0,,0.375,8
6333,9a52f779-8861-11f1-902f-b48c9db4e1b4,11,"[1, 0, 0, 1, 0, 1, 1, 1]",5,1,-1,,0.375,8
6334,9a52f779-8861-11f1-902f-b48c9db4e1b4,11,"[1, 0, 0, 1, 0, 1, 1, 1]",6,1,-1,,0.375,8
6335,9a52f779-8861-11f1-902f-b48c9db4e1b4,11,"[1, 0, 0, 1, 0, 1, 1, 1]",7,1,-1,,0.375,8
6336,9a52f779-8861-11f1-902f-b48c9db4e1b4,12,"[0, 0, 1, 0, 0, 1, 1, 0]",0,0,0,,0.375,8
6337,9a52f779-8861-11f1-902f-b48c9db4e1b4,12,"[0, 0, 1, 0, 0, 1, 1, 0]",1,0,0,,0.375,8
6338,9a52f779-8861-11f1-902f-b48c9db4e1b4,12,"[0, 0, 1, 0, 0, 1, 1, 0]",2,1,1,,0.375,8
6339,9a52f779-8861-11f1-902f-b48c9db4e1b4,12,"[0, 0, 1, 0, 0, 1, 1, 0]",3,0,0,,0.375,8
6340,9a52f779-8861-11f1-902f-b48c9db4e1b4,12,"[0, 0, 1, 0, 0, 1, 1, 0]",4,0,0,,0.375,8
6341,9a52f779-8861-11f1-902f-b48c9db4e1b4,12,"[0, 0, 1, 0, 0, 1, 1, 0]",5,1,1,,0.375,8
6342,9a52f779-8861-11f1-902f-b48c9db4e1b4,12,"[0, 0, 1, 0, 0, 1, 1, 0]",6,1,1,,0.375,8
6343,9a52f779-8861-11f1-902f-b48c9db4e1b4,12,"[0, 0, 1, 0, 0, 1, 1, 0]",7,0,0,,0.375,8
6344,9a52f779-8861-11f1-902f-b48c9db4e1b4,13,"[1, 0, 1, 1, 1, 1, 0, 0]",0,1,-1,,0.375,8
6345,9a52f779-8861-11f1-902f-b48c9db4e1b4,13,"[1, 0, 1, 1, 1, 1, 0, 0]",1,0,0,,0.375,8
6346,9a52f779-8861-11f1-902f-b48c9db4e1b4,13,"[1, 0, 1, 1, 1, 1, 0, 0]",2,1,-1,,0.375,8
6347,9a52f779-8861-11f1-902f-b48c9db4e1b4,13,"[1, 0, 1, 1, 1, 1, 0, 0]",3,1,-1,,0.375,8
6348,9a52f779-8861-11f1-902f-b48c9db4e1b4,13,"[1, 0, 1, 1, 1, 1, 0, 0]",4,1,-1,,0.375,8
6349,9a52f779-8861-11f1-902f-b48c9db4e1b4,13,"[1, 0, 1, 1, 1, 1, 0, 0]",5,1,-1,,0.375,8
6350,9a52f779-8861-11f1-902f-b48c9db4e1b4,13,"[1, 0, 1, 1, 1, 1, 0, 0]",6,0,0,,0.375,8
6351,9a52f779-8861-11f1-902f-b48c9db4e1b4,13,"[1, 0, 1, 1, 1, 1, 0, 0]",7,0,0,,0.375,8
6352,9a52f779-8861-11f1-902f-b48c9db4e1b4,14,"[1, 0, 0, 1, 1, 1, 0, 1]",0,1,-1,,0.375,8
6353,9a52f779-8861-11f1-902f-b48c9db4e1b4,14,"[1, 0, 0, 1, 1, 1, 0, 1]",1,0,0,,0.375,8
6354,9a52f779-8861-11f1-902f-b48c9db4e1b4,14,"[1, 0, 0, 1, 1, 1, 0, 1]",2,0,0,,0.375,8
6355,9a52f779-8861-11f1-902f-b48c9db4e1b4,14,"[1, 0, 0, 1, 1, 1, 0, 1]",3,1,-1,,0.375,8
6356,9a52f779-8861-11f1-902f-b48c9db4e1b4,14,"[1, 0, 0, 1, 1, 1, 0, 1]",4,1,-1,,0.375,8
6357,9a52f779-8861-11f1-902f-b48c9db4e1b4,14,"[1, 0, 0, 1, 1, 1, 0, 1]",5,1,-1,,0.375,8
6358,9a52f779-8861-11f1-902f-b48c9db4e1b4,14,"[1, 0, 0, 1, 1, 1, 0, 1]",6,0,0,,0.375,8
6359,9a52f779-8861-11f1-902f-b48c9db4e1b4,14,"[1, 0, 0, 1, 1, 1, 0, 1]",7,1,-1,,0.375,8
6360,9a52f779-8861-11f1-902f-b48c9db4e1b4,15,"[1, 1, 0, 0, 1, 1, 0, 1]",0,1,-1,,0.375,8
6361,9a52f779-8861-11f1-902f-b48c9db4e1b4,15,"[1, 1, 0, 0, 1, 1, 0, 1]",1,1,-1,,0.375,8
6362,9a52f779-8861-11f1-902f-b48c9db4e1b4,15,"[1, 1, 0, 0, 1, 1, 0, 1]",2,0,0,,0.375,8
6363,9a52f779-8861-11f1-902f-b48c9db4e1b4,15,"[1, 1, 0, 0, 1, 1, 0, 1]",3,0,0,,0.375,8
6364,9a52f779-8861-11f1-902f-b48c9db4e1b4,15,"[1, 1, 0, 0, 1, 1, 0, 1]",4,1,-1,,0.375,8
6365,9a52f779-8861-11f1-902f-b48c9db4e1b4,15,"[1, 1, 0, 0, 1, 1, 0, 1]",5,1,-1,,0.375,8
6366,9a52f779-8861-11f1-902f-b48c9db4e1b4,15,"[1, 1, 0, 0, 1, 1, 0, 1]",6,0,0,,0.375,8
6367,9a52f779-8861-11f1-902f-b48c9db4e1b4,15,"[1, 1, 0, 0, 1, 1, 0, 1]",7,1,-1,,0.375,8
6368,9a52f779-8861-11f1-902f-b48c9db4e1b4,16,"[1, 1, 0, 0, 0, 1, 1, 0]",0,1,-1,,0.375,8
6369,9a52f779-8861-11f1-902f-b48c9db4e1b4,16,"[1, 1, 0, 0, 0, 1, 1, 0]",1,1,-1,,0.375,8
6370,9a52f779-8861-11f1-902f-b48c9db4e1b4,16,"[1, 1, 0, 0, 0, 1, 1, 0]",2,0,0,,0.375,8
6371,9a52f779-8861-11f1-902f-b48c9db4e1b4,16,"[1, 1, 0, 0, 0, 1, 1, 0]",3,0,0,,0.375,8
6372,9a52f779-8861-11f1-902f-b48c9db4e1b4,16,"[1, 1, 0, 0, 0, 1, 1, 0]",4,0,0,,0.375,8
6373,9a52f779-8861-11f1-902f-b48c9db4e1b4,16,"[1, 1, 0, 0, 0, 1, 1, 0]",5,1,-1,,0.375,8
6374,9a52f779-8861-11f1-902f-b48c9db4e1b4,16,"[1, 1, 0, 0, 0, 1, 1, 0]",6,1,-1,,0.375,8
6375,9a52f779-8861-11f1-902f-b48c9db4e1b4,16,"[1, 1, 0, 0, 0, 1, 1, 0]",7,0,0,,0.375,8
6376,9a52f779-8861-11f1-902f-b48c9db4e1b4,17,"[1, 1, 0, 0, 1, 1, 0, 1]",0,1,-1,,0.375,8
6377,9a52f779-8861-11f1-902f-b48c9db4e1b4,17,"[1, 1, 0, 0, 1, 1, 0, 1]",1,1,-1,,0.375,8
6378,9a52f779-8861-11f1-902f-b48c9db4e1b4,17,"[1, 1, 0, 0, 1, 1, 0, 1]",2,0,0,,0.375,8
6379,9a52f779-8861-11f1-902f-b48c9db4e1b4,17,"[1, 1, 0, 0, 1, 1, 0, 1]",3,0,0,,0.375,8
6380,9a52f779-8861-11f1-902f-b48c9db4e1b4,17,"[1, 1, 0, 0, 1, 1, 0, 1]",4,1,-1,,0.375,8
6381,9a52f779-8861-11f1-902f-b48c9db4e1b4,17,"[1, 1, 0, 0, 1, 1, 0, 1]",5,1,-1,,0.375,8
6382,9a52f779-8861-11f1-902f-b48c9db4e1b4,17,"[1, 1, 0, 0, 1, 1, 0, 1]",6,0,0,,0.375,8
6383,9a52f779-8861-11f1-902f-b48c9db4e1b4,17,"[1, 1, 0, 0, 1, 1, 0, 1]",7,1,-1,,0.375,8
6384,9a52f779-8861-11f1-902f-b48c9db4e1b4,18,"[0, 0, 1, 0, 0, 1, 0, 1]",0,0,0,,0.375,8
6385,9a52f779-8861-11f1-902f-b48c9db4e1b4,18,"[0, 0, 1, 0, 0, 1, 0, 1]",1,0,0,,0.375,8
6386,9a52f779-8861-11f1-902f-b48c9db4e1b4,18,"[0, 0, 1, 0, 0, 1, 0, 1]",2,1,1,,0.375,8
6387,9a52f779-8861-11f1-902f-b48c9db4e1b4,18,"[0, 0, 1, 0, 0, 1, 0, 1]",3,0,0,,0.375,8
6388,9a52f779-8861-11f1-902f-b48c9db4e1b4,18,"[0, 0, 1, 0, 0, 1, 0, 1]",4,0,0,,0.375,8
6389,9a52f779-8861-11f1-902f-b48c9db4e1b4,18,"[0, 0, 1, 0, 0, 1, 0, 1]",5,1,1,,0.375,8
6390,9a52f779-8861-11f1-902f-b48c9db4e1b4,18,"[0, 0, 1, 0, 0, 1, 0, 1]",6,0,0,,0.375,8
6391,9a52f779-8861-11f1-902f-b48c9db4e1b4,18,"[0, 0, 1, 0, 0, 1, 0, 1]",7,1,1,,0.375,8
6392,9a52f779-8861-11f1-902f-b48c9db4e1b4,19,"[0, 0, 1, 0, 0, 1, 0, 1]",0,0,0,,0.375,8
6393,9a52f779-8861-11f1-902f-b48c9db4e1b4,19,"[0, 0, 1, 0, 0, 1, 0, 1]",1,0,0,,0.375,8
6394,9a52f779-8861-11f1-902f-b48c9db4e1b4,19,"[0, 0, 1, 0, 0, 1, 0, 1]",2,1,1,,0.375,8
6395,9a52f779-8861-11f1-902f-b48c9db4e1b4,19,"[0, 0, 1, 0, 0, 1, 0, 1]",3,0,0,,0.375,8
6396,9a52f779-8861-11f1-902f-b48c9db4e1b4,19,"[0, 0, 1, 0, 0, 1, 0, 1]",4,0,0,,0.375,8
6397,9a52f779-8861-11f1-902f-b48c9db4e1b4,19,"[0, 0, 1, 0, 0, 1, 0, 1]",5,1,1,,0.375,8
6398,9a52f779-8861-11f1-902f-b48c9db4e1b4,19,"[0, 0, 1, 0, 0, 1, 0, 1]",6,0,0,,0.375,8
6399,9a52f779-8861-11f1-902f-b48c9db4e1b4,19,"[0, 0, 1, 0, 0, 1, 0, 1]",7,1,1,,0.375,8
6400,9a55b5fc-8861-11f1-b5fd-b48c9db4e1b4,0,"[0, 1, 1, 0, 1, 0, 0, 0]",0,0,0,,0.375,8
6401,9a55b5fc-8861-11f1-b5fd-b48c9db4e1b4,0,"[0, 1, 1, 0, 1, 0, 0, 0]",1,1,1,,0.375,8
6402,9a55b5fc-8861-11f1-b5fd-b48c9db4e1b4,0,"[0, 1, 1, 0, 1, 0, 0, 0]",2,1,1,,0.375,8
6403,9a55b5fc-8861-11f1-b5fd-b48c9db4e1b4,0,"[0, 1, 1, 0, 1, 0, 0, 0]",3,0,0,,0.375,8
6404,9a55b5fc-8861-11f1-b5fd-b48c9db4e1b4,0,"[0, 1, 1, 0, 1, 0, 0, 0]",4,1,1,,0.375,8
6405,9a55b5fc-8861-11f1-b5fd-b48c9db4e1b4,0,"[0, 1, 1, 0, 1, 0, 0, 0]",5,0,0,,0.375,8
6406,9a55b5fc-8861-11f1-b5fd-b48c9db4e1b4,0,"[0, 1, 1, 0, 1, 0, 0, 0]",6,0,0,,0.375,8
6407,9a55b5fc-8861-11f1-b5fd-b48c9db4e1b4,0,"[0, 1, 1, 0, 1, 0, 0, 0]",7,0,0,,0.375,8
6408,9a55b5fc-8861-11f1-b5fd-b48c9db4e1b4,1,"[0, 0, 0, 1, 0, 0, 1, 0]",0,0,0,,0.375,8
6409,9a55b5fc-8861-11f1-b5fd-b48c9db4e1b4,1,"[0, 0, 0, 1, 0, 0, 1, 0]",1,0,0,,0.375,8
6410,9a55b5fc-8861-11f1-b5fd-b48c9db4e1b4,1,"[0, 0, 0, 1, 0, 0, 1, 0]",2,0,0,,0.375,8
6411,9a55b5fc-8861-11f1-b5fd-b48c9db4e1b4,1,"[0, 0, 0, 1, 0, 0, 1, 0]",3,1,1,,0.375,8
6412,9a55b5fc-8861-11f1-b5fd-b48c9db4e1b4,1,"[0, 0, 0, 1, 0, 0, 1, 0]",4,0,0,,0.375,8
6413,9a55b5fc-8861-11f1-b5fd-b48c9db4e1b4,1,"[0, 0, 0, 1, 0, 0, 1, 0]",5,0,0,,0.375,8
6414,9a55b5fc-8861-11f1-b5fd-b48c9db4e1b4,1,"[0, 0, 0, 1, 0, 0, 1, 0]",6,1,1,,0.375,8
6415,9a55b5fc-8861-11f1-b5fd-b48c9db4e1b4,1,"[0, 0, 0, 1, 0, 0, 1, 0]",7,0,0,,0.375,8
6416,9a55b5fc-8861-11f1-b5fd-b48c9db4e1b4,2,"[1, 0, 1, 0, 0, 1, 1, 0]",0,1,-1,,0.375,8
6417,9a55b5fc-8861-11f1-b5fd-b48c9db4e1b4,2,"[1, 0, 1, 0, 0, 1, 1, 0]",1,0,0,,0.375,8
6418,9a55b5fc-8861-11f1-b5fd-b48c9db4e1b4,2,"[1, 0, 1, 0, 0, 1, 1, 0]",2,1,-1,,0.375,8
6419,9a55b5fc-8861-11f1-b5fd-b48c9db4e1b4,2,"[1, 0, 1, 0, 0, 1, 1, 0]",3,0,0,,0.375,8
6420,9a55b5fc-8861-11f1-b5fd-b48c9db4e1b4,2,"[1, 0, 1, 0, 0, 1, 1, 0]",4,0,0,,0.375,8
6421,9a55b5fc-8861-11f1-b5fd-b48c9db4e1b4,2,"[1, 0, 1, 0, 0, 1, 1, 0]",5,1,-1,,0.375,8
6422,9a55b5fc-8861-11f1-b5fd-b48c9db4e1b4,2,"[1, 0, 1, 0, 0, 1, 1, 0]",6,1,-1,,0.375,8
6423,9a55b5fc-8861-11f1-b5fd-b48c9db4e1b4,2,"[1, 0, 1, 0, 0, 1, 1, 0]",7,0,0,,0.375,8
6424,9a55b5fc-8861-11f1-b5fd-b48c9db4e1b4,3,"[0, 0, 0, 0, 0, 0, 1, 1]",0,0,0,,0.375,8
6425,9a55b5fc-8861-11f1-b5fd-b48c9db4e1b4,3,"[0, 0, 0, 0, 0, 0, 1, 1]",1,0,0,,0.375,8
6426,9a55b5fc-8861-11f1-b5fd-b48c9db4e1b4,3,"[0, 0, 0, 0, 0, 0, 1, 1]",2,0,0,,0.375,8
6427,9a55b5fc-8861-11f1-b5fd-b48c9db4e1b4,3,"[0, 0, 0, 0, 0, 0, 1, 1]",3,0,0,,0.375,8
6428,9a55b5fc-8861-11f1-b5fd-b48c9db4e1b4,3,"[0, 0, 0, 0, 0, 0, 1, 1]",4,0,0,,0.375,8
6429,9a55b5fc-8861-11f1-b5fd-b48c9db4e1b4,3,"[0, 0, 0, 0, 0, 0, 1, 1]",5,0,0,,0.375,8
6430,9a55b5fc-8861-11f1-b5fd-b48c9db4e1b4,3,"[0, 0, 0, 0, 0, 0, 1, 1]",6,1,1,,0.375,8
6431,9a55b5fc-8861-11f1-b5fd-b48c9db4e1b4,3,"[0, 0, 0, 0, 0, 0, 1, 1]",7,1,1,,0.375,8
6432,9a55b5fc-8861-11f1-b5fd-b48c9db4e1b4,4,"[1, 0, 1, 1, 0, 1, 1, 0]",0,1,-1,,0.375,8
6433,9a55b5fc-8861-11f1-b5fd-b48c9db4e1b4,4,"[1, 0, 1, 1, 0, 1, 1, 0]",1,0,0,,0.375,8
6434,9a55b5fc-8861-11f1-b5fd-b48c9db4e1b4,4,"[1, 0, 1, 1, 0, 1, 1, 0]",2,1,-1,,0.375,8
6435,9a55b5fc-8861-11f1-b5fd-b48c9db4e1b4,4,"[1, 0, 1, 1, 0, 1, 1, 0]",3,1,-1,,0.375,8
6436,9a55b5fc-8861-11f1-b5fd-b48c9db4e1b4,4,"[1, 0, 1, 1, 0, 1, 1, 0]",4,0,0,,0.375,8
6437,9a55b5fc-8861-11f1-b5fd-b48c9db4e1b4,4,"[1, 0, 1, 1, 0, 1, 1, 0]",5,1,-1,,0.375,8
6438,9a55b5fc-8861-11f1-b5fd-b48c9db4e1b4,4,"[1, 0, 1, 1, 0, 1, 1, 0]",6,1,-1,,0.375,8
6439,9a55b5fc-8861-11f1-b5fd-b48c9db4e1b4,4,"[1, 0, 1, 1, 0, 1, 1, 0]",7,0,0,,0.375,8
6440,9a55b5fc-8861-11f1-b5fd-b48c9db4e1b4,5,"[1, 0, 0, 0, 0, 1, 1, 0]",0,1,1,,0.375,8
6441,9a55b5fc-8861-11f1-b5fd-b48c9db4e1b4,5,"[1, 0, 0, 0, 0, 1, 1, 0]",1,0,0,,0.375,8
6442,9a55b5fc-8861-11f1-b5fd-b48c9db4e1b4,5,"[1, 0, 0, 0, 0, 1, 1, 0]",2,0,0,,0.375,8
6443,9a55b5fc-8861-11f1-b5fd-b48c9db4e1b4,5,"[1, 0, 0, 0, 0, 1, 1, 0]",3,0,0,,0.375,8
6444,9a55b5fc-8861-11f1-b5fd-b48c9db4e1b4,5,"[1, 0, 0, 0, 0, 1, 1, 0]",4,0,0,,0.375,8
6445,9a55b5fc-8861-11f1-b5fd-b48c9db4e1b4,5,"[1, 0, 0, 0, 0, 1, 1, 0]",5,1,1,,0.375,8
6446,9a55b5fc-8861-11f1-b5fd-b48c9db4e1b4,5,"[1, 0, 0, 0, 0, 1, 1, 0]",6,1,1,,0.375,8
6447,9a55b5fc-8861-11f1-b5fd-b48c9db4e1b4,5,"[1, 0, 0, 0, 0, 1, 1, 0]",7,0,0,,0.375,8
6448,9a55b5fc-8861-11f1-b5fd-b48c9db4e1b4,6,"[1, 1, 1, 0, 1, 0, 0, 0]",0,1,-1,,0.375,8
6449,9a55b5fc-8861-11f1-b5fd-b48c9db4e1b4,6,"[1, 1, 1, 0, 1, 0, 0, 0]",1,1,-1,,0.375,8
6450,9a55b5fc-8861-11f1-b5fd-b48c9db4e1b4,6,"[1, 1, 1, 0, 1, 0, 0, 0]",2,1,-1,,0.375,8
6451,9a55b5fc-8861-11f1-b5fd-b48c9db4e1b4,6,"[1, 1, 1, 0, 1, 0, 0, 0]",3,0,0,,0.375,8
6452,9a55b5fc-8861-11f1-b5fd-b48c9db4e1b4,6,"[1, 1, 1, 0, 1, 0, 0, 0]",4,1,-1,,0.375,8
6453,9a55b5fc-8861-11f1-b5fd-b48c9db4e1b4,6,"[1, 1, 1, 0, 1, 0, 0, 0]",5,0,0,,0.375,8
6454,9a55b5fc-8861-11f1-b5fd-b48c9db4e1b4,6,"[1, 1, 1, 0, 1, 0, 0, 0]",6,0,0,,0.375,8
6455,9a55b5fc-8861-11f1-b5fd-b48c9db4e1b4,6,"[1, 1, 1, 0, 1, 0, 0, 0]",7,0,0,,0.375,8
6456,9a55b5fc-8861-11f1-b5fd-b48c9db4e1b4,7,"[0, 1, 1, 1, 1, 1, 0, 1]",0,0,0,,0.375,8
6457,9a55b5fc-8861-11f1-b5fd-b48c9db4e1b4,7,"[0, 1, 1, 1, 1, 1, 0, 1]",1,1,-1,,0.375,8
6458,9a55b5fc-8861-11f1-b5fd-b48c9db4e1b4,7,"[0, 1, 1, 1, 1, 1, 0, 1]",2,1,-1,,0.375,8
6459,9a55b5fc-8861-11f1-b5fd-b48c9db4e1b4,7,"[0, 1, 1, 1, 1, 1, 0, 1]",3,1,-1,,0.375,8
6460,9a55b5fc-8861-11f1-b5fd-b48c9db4e1b4,7,"[0, 1, 1, 1, 1, 1, 0, 1]",4,1,-1,,0.375,8
6461,9a55b5fc-8861-11f1-b5fd-b48c9db4e1b4,7,"[0, 1, 1, 1, 1, 1, 0, 1]",5,1,-1,,0.375,8
6462,9a55b5fc-8861-11f1-b5fd-b48c9db4e1b4,7,"[0, 1, 1, 1, 1, 1, 0, 1]",6,0,0,,0.375,8
6463,9a55b5fc-8861-11f1-b5fd-b48c9db4e1b4,7,"[0, 1, 1, 1, 1, 1, 0, 1]",7,1,-1,,0.375,8
6464,9a55b5fc-8861-11f1-b5fd-b48c9db4e1b4,8,"[0, 0, 0, 1, 1, 1, 1, 1]",0,0,0,,0.375,8
6465,9a55b5fc-8861-11f1-b5fd-b48c9db4e1b4,8,"[0, 0, 0, 1, 1, 1, 1, 1]",1,0,0,,0.375,8
6466,9a55b5fc-8861-11f1-b5fd-b48c9db4e1b4,8,"[0, 0, 0, 1, 1, 1, 1, 1]",2,0,0,,0.375,8
6467,9a55b5fc-8861-11f1-b5fd-b48c9db4e1b4,8,"[0, 0, 0, 1, 1, 1, 1, 1]",3,1,-1,,0.375,8
6468,9a55b5fc-8861-11f1-b5fd-b48c9db4e1b4,8,"[0, 0, 0, 1, 1, 1, 1, 1]",4,1,-1,,0.375,8
6469,9a55b5fc-8861-11f1-b5fd-b48c9db4e1b4,8,"[0, 0, 0, 1, 1, 1, 1, 1]",5,1,-1,,0.375,8
6470,9a55b5fc-8861-11f1-b5fd-b48c9db4e1b4,8,"[0, 0, 0, 1, 1, 1, 1, 1]",6,1,-1,,0.375,8
6471,9a55b5fc-8861-11f1-b5fd-b48c9db4e1b4,8,"[0, 0, 0, 1, 1, 1, 1, 1]",7,1,-1,,0.375,8
6472,9a55b5fc-8861-11f1-b5fd-b48c9db4e1b4,9,"[1, 0, 0, 1, 0, 0, 0, 1]",0,1,1,,0.375,8
6473,9a55b5fc-8861-11f1-b5fd-b48c9db4e1b4,9,"[1, 0, 0, 1, 0, 0, 0, 1]",1,0,0,,0.375,8
6474,9a55b5fc-8861-11f1-b5fd-b48c9db4e1b4,9,"[1, 0, 0, 1, 0, 0, 0, 1]",2,0,0,,0.375,8
6475,9a55b5fc-8861-11f1-b5fd-b48c9db4e1b4,9,"[1, 0, 0, 1, 0, 0, 0, 1]",3,1,1,,0.375,8
6476,9a55b5fc-8861-11f1-b5fd-b48c9db4e1b4,9,"[1, 0, 0, 1, 0, 0, 0, 1]",4,0,0,,0.375,8
6477,9a55b5fc-8861-11f1-b5fd-b48c9db4e1b4,9,"[1, 0, 0, 1, 0, 0, 0, 1]",5,0,0,,0.375,8
6478,9a55b5fc-8861-11f1-b5fd-b48c9db4e1b4,9,"[1, 0, 0, 1, 0, 0, 0, 1]",6,0,0,,0.375,8
6479,9a55b5fc-8861-11f1-b5fd-b48c9db4e1b4,9,"[1, 0, 0, 1, 0, 0, 0, 1]",7,1,1,,0.375,8
6480,9a55b5fc-8861-11f1-b5fd-b48c9db4e1b4,10,"[0, 1, 1, 1, 0, 0, 0, 0]",0,0,0,,0.375,8
6481,9a55b5fc-8861-11f1-b5fd-b48c9db4e1b4,10,"[0, 1, 1, 1, 0, 0, 0, 0]",1,1,1,,0.375,8
6482,9a55b5fc-8861-11f1-b5fd-b48c9db4e1b4,10,"[0, 1, 1, 1, 0, 0, 0, 0]",2,1,1,,0.375,8
6483,9a55b5fc-8861-11f1-b5fd-b48c9db4e1b4,10,"[0, 1, 1, 1, 0, 0, 0, 0]",3,1,1,,0.375,8
6484,9a55b5fc-8861-11f1-b5fd-b48c9db4e1b4,10,"[0, 1, 1, 1, 0, 0, 0, 0]",4,0,0,,0.375,8
6485,9a55b5fc-8861-11f1-b5fd-b48c9db4e1b4,10,"[0, 1, 1, 1, 0, 0, 0, 0]",5,0,0,,0.375,8
6486,9a55b5fc-8861-11f1-b5fd-b48c9db4e1b4,10,"[0, 1, 1, 1, 0, 0, 0, 0]",6,0,0,,0.375,8
6487,9a55b5fc-8861-11f1-b5fd-b48c9db4e1b4,10,"[0, 1, 1, 1, 0, 0, 0, 0]",7,0,0,,0.375,8
6488,9a55b5fc-8861-11f1-b5fd-b48c9db4e1b4,11,"[1, 0, 1, 1, 0, 1, 0, 1]",0,1,-1,,0.375,8
6489,9a55b5fc-8861-11f1-b5fd-b48c9db4e1b4,11,"[1, 0, 1, 1, 0, 1, 0, 1]",1,0,0,,0.375,8
6490,9a55b5fc-8861-11f1-b5fd-b48c9db4e1b4,11,"[1, 0, 1, 1, 0, 1, 0, 1]",2,1,-1,,0.375,8
6491,9a55b5fc-8861-11f1-b5fd-b48c9db4e1b4,11,"[1, 0, 1, 1, 0, 1, 0, 1]",3,1,-1,,0.375,8
6492,9a55b5fc-8861-11f1-b5fd-b48c9db4e1b4,11,"[1, 0, 1, 1, 0, 1, 0, 1]",4,0,0,,0.375,8
6493,9a55b5fc-8861-11f1-b5fd-b48c9db4e1b4,11,"[1, 0, 1, 1, 0, 1, 0, 1]",5,1,-1,,0.375,8
6494,9a55b5fc-8861-11f1-b5fd-b48c9db4e1b4,11,"[1, 0, 1, 1, 0, 1, 0, 1]",6,0,0,,0.375,8
6495,9a55b5fc-8861-11f1-b5fd-b48c9db4e1b4,11,"[1, 0, 1, 1, 0, 1, 0, 1]",7,1,-1,,0.375,8
6496,9a55b5fc-8861-11f1-b5fd-b48c9db4e1b4,12,"[1, 1, 1, 1, 0, 0, 0, 0]",0,1,-1,,0.375,8
6497,9a55b5fc-8861-11f1-b5fd-b48c9db4e1b4,12,"[1, 1, 1, 1, 0, 0, 0, 0]",1,1,-1,,0.375,8
6498,9a55b5fc-8861-11f1-b5fd-b48c9db4e1b4,12,"[1, 1, 1, 1, 0, 0, 0, 0]",2,1,-1,,0.375,8
6499,9a55b5fc-8861-11f1-b5fd-b48c9db4e1b4,12,"[1, 1, 1, 1, 0, 0, 0, 0]",3,1,-1,,0.375,8
6500,9a55b5fc-8861-11f1-b5fd-b48c9db4e1b4,12,"[1, 1, 1, 1, 0, 0, 0, 0]",4,0,0,,0.375,8
6501,9a55b5fc-8861-11f1-b5fd-b48c9db4e1b4,12,"[1, 1, 1, 1, 0, 0, 0, 0]",5,0,0,,0.375,8
6502,9a55b5fc-8861-11f1-b5fd-b48c9db4e1b4,12,"[1, 1, 1, 1, 0, 0, 0, 0]",6,0,0,,0.375,8
6503,9a55b5fc-8861-11f1-b5fd-b48c9db4e1b4,12,"[1, 1, 1, 1, 0, 0, 0, 0]",7,0,0,,0.375,8
6504,9a55b5fc-8861-11f1-b5fd-b48c9db4e1b4,13,"[1, 0, 1, 1, 0, 1, 0, 0]",0,1,-1,,0.375,8
6505,9a55b5fc-8861-11f1-b5fd-b48c9db4e1b4,13,"[1, 0, 1, 1, 0, 1, 0, 0]",1,0,0,,0.375,8
6506,9a55b5fc-8861-11f1-b5fd-b48c9db4e1b4,13,"[1, 0, 1, 1, 0, 1, 0, 0]",2,1,-1,,0.375,8
6507,9a55b5fc-8861-11f1-b5fd-b48c9db4e1b4,13,"[1, 0, 1, 1, 0, 1, 0, 0]",3,1,-1,,0.375,8
6508,9a55b5fc-8861-11f1-b5fd-b48c9db4e1b4,13,"[1, 0, 1, 1, 0, 1, 0, 0]",4,0,0,,0.375,8
6509,9a55b5fc-8861-11f1-b5fd-b48c9db4e1b4,13,"[1, 0, 1, 1, 0, 1, 0, 0]",5,1,-1,,0.375,8
6510,9a55b5fc-8861-11f1-b5fd-b48c9db4e1b4,13,"[1, 0, 1, 1, 0, 1, 0, 0]",6,0,0,,0.375,8
6511,9a55b5fc-8861-11f1-b5fd-b48c9db4e1b4,13,"[1, 0, 1, 1, 0, 1, 0, 0]",7,0,0,,0.375,8
6512,9a55b5fc-8861-11f1-b5fd-b48c9db4e1b4,14,"[0, 0, 0, 0, 1, 1, 1, 0]",0,0,0,,0.375,8
6513,9a55b5fc-8861-11f1-b5fd-b48c9db4e1b4,14,"[0, 0, 0, 0, 1, 1, 1, 0]",1,0,0,,0.375,8
6514,9a55b5fc-8861-11f1-b5fd-b48c9db4e1b4,14,"[0, 0, 0, 0, 1, 1, 1, 0]",2,0,0,,0.375,8
6515,9a55b5fc-8861-11f1-b5fd-b48c9db4e1b4,14,"[0, 0, 0, 0, 1, 1, 1, 0]",3,0,0,,0.375,8
6516,9a55b5fc-8861-11f1-b5fd-b48c9db4e1b4,14,"[0, 0, 0, 0, 1, 1, 1, 0]",4,1,1,,0.375,8
6517,9a55b5fc-8861-11f1-b5fd-b48c9db4e1b4,14,"[0, 0, 0, 0, 1, 1, 1, 0]",5,1,1,,0.375,8
6518,9a55b5fc-8861-11f1-b5fd-b48c9db4e1b4,14,"[0, 0, 0, 0, 1, 1, 1, 0]",6,1,1,,0.375,8
6519,9a55b5fc-8861-11f1-b5fd-b48c9db4e1b4,14,"[0, 0, 0, 0, 1, 1, 1, 0]",7,0,0,,0.375,8
6520,9a55b5fc-8861-11f1-b5fd-b48c9db4e1b4,15,"[1, 0, 1, 1, 1, 0, 1, 1]",0,1,-1,,0.375,8
6521,9a55b5fc-8861-11f1-b5fd-b48c9db4e1b4,15,"[1, 0, 1, 1, 1, 0, 1, 1]",1,0,0,,0.375,8
6522,9a55b5fc-8861-11f1-b5fd-b48c9db4e1b4,15,"[1, 0, 1, 1, 1, 0, 1, 1]",2,1,-1,,0.375,8
6523,9a55b5fc-8861-11f1-b5fd-b48c9db4e1b4,15,"[1, 0, 1, 1, 1, 0, 1, 1]",3,1,-1,,0.375,8
6524,9a55b5fc-8861-11f1-b5fd-b48c9db4e1b4,15,"[1, 0, 1, 1, 1, 0, 1, 1]",4,1,-1,,0.375,8
6525,9a55b5fc-8861-11f1-b5fd-b48c9db4e1b4,15,"[1, 0, 1, 1, 1, 0, 1, 1]",5,0,0,,0.375,8
6526,9a55b5fc-8861-11f1-b5fd-b48c9db4e1b4,15,"[1, 0, 1, 1, 1, 0, 1, 1]",6,1,-1,,0.375,8
6527,9a55b5fc-8861-11f1-b5fd-b48c9db4e1b4,15,"[1, 0, 1, 1, 1, 0, 1, 1]",7,1,-1,,0.375,8
6528,9a55b5fc-8861-11f1-b5fd-b48c9db4e1b4,16,"[0, 1, 1, 0, 0, 1, 0, 1]",0,0,0,,0.375,8
6529,9a55b5fc-8861-11f1-b5fd-b48c9db4e1b4,16,"[0, 1, 1, 0, 0, 1, 0, 1]",1,1,-1,,0.375,8
6530,9a55b5fc-8861-11f1-b5fd-b48c9db4e1b4,16,"[0, 1, 1, 0, 0, 1, 0, 1]",2,1,-1,,0.375,8
6531,9a55b5fc-8861-11f1-b5fd-b48c9db4e1b4,16,"[0, 1, 1, 0, 0, 1, 0, 1]",3,0,0,,0.375,8
6532,9a55b5fc-8861-11f1-b5fd-b48c9db4e1b4,16,"[0, 1, 1, 0, 0, 1, 0, 1]",4,0,0,,0.375,8
6533,9a55b5fc-8861-11f1-b5fd-b48c9db4e1b4,16,"[0, 1, 1, 0, 0, 1, 0, 1]",5,1,-1,,0.375,8
6534,9a55b5fc-8861-11f1-b5fd-b48c9db4e1b4,16,"[0, 1, 1, 0, 0, 1, 0, 1]",6,0,0,,0.375,8
6535,9a55b5fc-8861-11f1-b5fd-b48c9db4e1b4,16,"[0, 1, 1, 0, 0, 1, 0, 1]",7,1,-1,,0.375,8
6536,9a55b5fc-8861-11f1-b5fd-b48c9db4e1b4,17,"[1, 1, 0, 0, 1, 1, 1, 1]",0,1,-1,,0.375,8
6537,9a55b5fc-8861-11f1-b5fd-b48c9db4e1b4,17,"[1, 1, 0, 0, 1, 1, 1, 1]",1,1,-1,,0.375,8
6538,9a55b5fc-8861-11f1-b5fd-b48c9db4e1b4,17,"[1, 1, 0, 0, 1, 1, 1, 1]",2,0,0,,0.375,8
6539,9a55b5fc-8861-11f1-b5fd-b48c9db4e1b4,17,"[1, 1, 0, 0, 1, 1, 1, 1]",3,0,0,,0.375,8
6540,9a55b5fc-8861-11f1-b5fd-b48c9db4e1b4,17,"[1, 1, 0, 0, 1, 1, 1, 1]",4,1,-1,,0.375,8
6541,9a55b5fc-8861-11f1-b5fd-b48c9db4e1b4,17,"[1, 1, 0, 0, 1, 1, 1, 1]",5,1,-1,,0.375,8
6542,9a55b5fc-8861-11f1-b5fd-b48c9db4e1b4,17,"[1, 1, 0, 0, 1, 1, 1, 1]",6,1,-1,,0.375,8
6543,9a55b5fc-8861-11f1-b5fd-b48c9db4e1b4,17,"[1, 1, 0, 0, 1, 1, 1, 1]",7,1,-1,,0.375,8
6544,9a55b5fc-8861-11f1-b5fd-b48c9db4e1b4,18,"[1, 0, 1, 0, 0, 0, 0, 1]",0,1,1,,0.375,8
6545,9a55b5fc-8861-11f1-b5fd-b48c9db4e1b4,18,"[1, 0, 1, 0, 0, 0, 0, 1]",1,0,0,,0.375,8
6546,9a55b5fc-8861-11f1-b5fd-b48c9db4e1b4,18,"[1, 0, 1, 0, 0, 0, 0, 1]",2,1,1,,0.375,8
6547,9a55b5fc-8861-11f1-b5fd-b48c9db4e1b4,18,"[1, 0, 1, 0, 0, 0, 0, 1]",3,0,0,,0.375,8
6548,9a55b5fc-8861-11f1-b5fd-b48c9db4e1b4,18,"[1, 0, 1, 0, 0, 0, 0, 1]",4,0,0,,0.375,8
6549,9a55b5fc-8861-11f1-b5fd-b48c9db4e1b4,18,"[1, 0, 1, 0, 0, 0, 0, 1]",5,0,0,,0.375,8
6550,9a55b5fc-8861-11f1-b5fd-b48c9db4e1b4,18,"[1, 0, 1, 0, 0, 0, 0, 1]",6,0,0,,0.375,8
6551,9a55b5fc-8861-11f1-b5fd-b48c9db4e1b4,18,"[1, 0, 1, 0, 0, 0, 0, 1]",7,1,1,,0.375,8
6552,9a55b5fc-8861-11f1-b5fd-b48c9db4e1b4,19,"[0, 0, 0, 0, 1, 1, 1, 0]",0,0,0,,0.375,8
6553,9a55b5fc-8861-11f1-b5fd-b48c9db4e1b4,19,"[0, 0, 0, 0, 1, 1, 1, 0]",1,0,0,,0.375,8
6554,9a55b5fc-8861-11f1-b5fd-b48c9db4e1b4,19,"[0, 0, 0, 0, 1, 1, 1, 0]",2,0,0,,0.375,8
6555,9a55b5fc-8861-11f1-b5fd-b48c9db4e1b4,19,"[0, 0, 0, 0, 1, 1, 1, 0]",3,0,0,,0.375,8
6556,9a55b5fc-8861-11f1-b5fd-b48c9db4e1b4,19,"[0, 0, 0, 0, 1, 1, 1, 0]",4,1,1,,0.375,8
6557,9a55b5fc-8861-11f1-b5fd-b48c9db4e1b4,19,"[0, 0, 0, 0, 1, 1, 1, 0]",5,1,1,,0.375,8
6558,9a55b5fc-8861-11f1-b5fd-b48c9db4e1b4,19,"[0, 0, 0, 0, 1, 1, 1, 0]",6,1,1,,0.375,8
6559,9a55b5fc-8861-11f1-b5fd-b48c9db4e1b4,19,"[0, 0, 0, 0, 1, 1, 1, 0]",7,0,0,,0.375,8
6560,9a58addf-8861-11f1-9fde-b48c9db4e1b4,0,"[1, 1, 0, 0, 1, 0, 0, 1]",0,1,-1,,0.375,8
6561,9a58addf-8861-11f1-9fde-b48c9db4e1b4,0,"[1, 1, 0, 0, 1, 0, 0, 1]",1,1,-1,,0.375,8
6562,9a58addf-8861-11f1-9fde-b48c9db4e1b4,0,"[1, 1, 0, 0, 1, 0, 0, 1]",2,0,0,,0.375,8
6563,9a58addf-8861-11f1-9fde-b48c9db4e1b4,0,"[1, 1, 0, 0, 1, 0, 0, 1]",3,0,0,,0.375,8
6564,9a58addf-8861-11f1-9fde-b48c9db4e1b4,0,"[1, 1, 0, 0, 1, 0, 0, 1]",4,1,-1,,0.375,8
6565,9a58addf-8861-11f1-9fde-b48c9db4e1b4,0,"[1, 1, 0, 0, 1, 0, 0, 1]",5,0,0,,0.375,8
6566,9a58addf-8861-11f1-9fde-b48c9db4e1b4,0,"[1, 1, 0, 0, 1, 0, 0, 1]",6,0,0,,0.375,8
6567,9a58addf-8861-11f1-9fde-b48c9db4e1b4,0,"[1, 1, 0, 0, 1, 0, 0, 1]",7,1,-1,,0.375,8
6568,9a58addf-8861-11f1-9fde-b48c9db4e1b4,1,"[0, 0, 1, 0, 0, 1, 0, 0]",0,0,0,,0.375,8
6569,9a58addf-8861-11f1-9fde-b48c9db4e1b4,1,"[0, 0, 1, 0, 0, 1, 0, 0]",1,0,0,,0.375,8
6570,9a58addf-8861-11f1-9fde-b48c9db4e1b4,1,"[0, 0, 1, 0, 0, 1, 0, 0]",2,1,1,,0.375,8
6571,9a58addf-8861-11f1-9fde-b48c9db4e1b4,1,"[0, 0, 1, 0, 0, 1, 0, 0]",3,0,0,,0.375,8
6572,9a58addf-8861-11f1-9fde-b48c9db4e1b4,1,"[0, 0, 1, 0, 0, 1, 0, 0]",4,0,0,,0.375,8
6573,9a58addf-8861-11f1-9fde-b48c9db4e1b4,1,"[0, 0, 1, 0, 0, 1, 0, 0]",5,1,1,,0.375,8
6574,9a58addf-8861-11f1-9fde-b48c9db4e1b4,1,"[0, 0, 1, 0, 0, 1, 0, 0]",6,0,0,,0.375,8
6575,9a58addf-8861-11f1-9fde-b48c9db4e1b4,1,"[0, 0, 1, 0, 0, 1, 0, 0]",7,0,0,,0.375,8
6576,9a58addf-8861-11f1-9fde-b48c9db4e1b4,2,"[0, 0, 1, 1, 1, 1, 1, 0]",0,0,0,,0.375,8
6577,9a58addf-8861-11f1-9fde-b48c9db4e1b4,2,"[0, 0, 1, 1, 1, 1, 1, 0]",1,0,0,,0.375,8
6578,9a58addf-8861-11f1-9fde-b48c9db4e1b4,2,"[0, 0, 1, 1, 1, 1, 1, 0]",2,1,-1,,0.375,8
6579,9a58addf-8861-11f1-9fde-b48c9db4e1b4,2,"[0, 0, 1, 1, 1, 1, 1, 0]",3,1,-1,,0.375,8
6580,9a58addf-8861-11f1-9fde-b48c9db4e1b4,2,"[0, 0, 1, 1, 1, 1, 1, 0]",4,1,-1,,0.375,8
6581,9a58addf-8861-11f1-9fde-b48c9db4e1b4,2,"[0, 0, 1, 1, 1, 1, 1, 0]",5,1,-1,,0.375,8
6582,9a58addf-8861-11f1-9fde-b48c9db4e1b4,2,"[0, 0, 1, 1, 1, 1, 1, 0]",6,1,-1,,0.375,8
6583,9a58addf-8861-11f1-9fde-b48c9db4e1b4,2,"[0, 0, 1, 1, 1, 1, 1, 0]",7,0,0,,0.375,8
6584,9a58addf-8861-11f1-9fde-b48c9db4e1b4,3,"[1, 0, 1, 0, 0, 1, 1, 1]",0,1,-1,,0.375,8
6585,9a58addf-8861-11f1-9fde-b48c9db4e1b4,3,"[1, 0, 1, 0, 0, 1, 1, 1]",1,0,0,,0.375,8
6586,9a58addf-8861-11f1-9fde-b48c9db4e1b4,3,"[1, 0, 1, 0, 0, 1, 1, 1]",2,1,-1,,0.375,8
6587,9a58addf-8861-11f1-9fde-b48c9db4e1b4,3,"[1, 0, 1, 0, 0, 1, 1, 1]",3,0,0,,0.375,8
6588,9a58addf-8861-11f1-9fde-b48c9db4e1b4,3,"[1, 0, 1, 0, 0, 1, 1, 1]",4,0,0,,0.375,8
6589,9a58addf-8861-11f1-9fde-b48c9db4e1b4,3,"[1, 0, 1, 0, 0, 1, 1, 1]",5,1,-1,,0.375,8
6590,9a58addf-8861-11f1-9fde-b48c9db4e1b4,3,"[1, 0, 1, 0, 0, 1, 1, 1]",6,1,-1,,0.375,8
6591,9a58addf-8861-11f1-9fde-b48c9db4e1b4,3,"[1, 0, 1, 0, 0, 1, 1, 1]",7,1,-1,,0.375,8
6592,9a58addf-8861-11f1-9fde-b48c9db4e1b4,4,"[0, 1, 0, 1, 0, 0, 1, 0]",0,0,0,,0.375,8
6593,9a58addf-8861-11f1-9fde-b48c9db4e1b4,4,"[0, 1, 0, 1, 0, 0, 1, 0]",1,1,1,,0.375,8
6594,9a58addf-8861-11f1-9fde-b48c9db4e1b4,4,"[0, 1, 0, 1, 0, 0, 1, 0]",2,0,0,,0.375,8
6595,9a58addf-8861-11f1-9fde-b48c9db4e1b4,4,"[0, 1, 0, 1, 0, 0, 1, 0]",3,1,1,,0.375,8
6596,9a58addf-8861-11f1-9fde-b48c9db4e1b4,4,"[0, 1, 0, 1, 0, 0, 1, 0]",4,0,0,,0.375,8
6597,9a58addf-8861-11f1-9fde-b48c9db4e1b4,4,"[0, 1, 0, 1, 0, 0, 1, 0]",5,0,0,,0.375,8
6598,9a58addf-8861-11f1-9fde-b48c9db4e1b4,4,"[0, 1, 0, 1, 0, 0, 1, 0]",6,1,1,,0.375,8
6599,9a58addf-8861-11f1-9fde-b48c9db4e1b4,4,"[0, 1, 0, 1, 0, 0, 1, 0]",7,0,0,,0.375,8
6600,9a58addf-8861-11f1-9fde-b48c9db4e1b4,5,"[0, 1, 0, 0, 1, 1, 1, 0]",0,0,0,,0.375,8
6601,9a58addf-8861-11f1-9fde-b48c9db4e1b4,5,"[0, 1, 0, 0, 1, 1, 1, 0]",1,1,-1,,0.375,8
6602,9a58addf-8861-11f1-9fde-b48c9db4e1b4,5,"[0, 1, 0, 0, 1, 1, 1, 0]",2,0,0,,0.375,8
6603,9a58addf-8861-11f1-9fde-b48c9db4e1b4,5,"[0, 1, 0, 0, 1, 1, 1, 0]",3,0,0,,0.375,8
6604,9a58addf-8861-11f1-9fde-b48c9db4e1b4,5,"[0, 1, 0, 0, 1, 1, 1, 0]",4,1,-1,,0.375,8
6605,9a58addf-8861-11f1-9fde-b48c9db4e1b4,5,"[0, 1, 0, 0, 1, 1, 1, 0]",5,1,-1,,0.375,8
6606,9a58addf-8861-11f1-9fde-b48c9db4e1b4,5,"[0, 1, 0, 0, 1, 1, 1, 0]",6,1,-1,,0.375,8
6607,9a58addf-8861-11f1-9fde-b48c9db4e1b4,5,"[0, 1, 0, 0, 1, 1, 1, 0]",7,0,0,,0.375,8
6608,9a58addf-8861-11f1-9fde-b48c9db4e1b4,6,"[1, 1, 1, 1, 0, 1, 0, 1]",0,1,-1,,0.375,8
6609,9a58addf-8861-11f1-9fde-b48c9db4e1b4,6,"[1, 1, 1, 1, 0, 1, 0, 1]",1,1,-1,,0.375,8
6610,9a58addf-8861-11f1-9fde-b48c9db4e1b4,6,"[1, 1, 1, 1, 0, 1, 0, 1]",2,1,-1,,0.375,8
6611,9a58addf-8861-11f1-9fde-b48c9db4e1b4,6,"[1, 1, 1, 1, 0, 1, 0, 1]",3,1,-1,,0.375,8
6612,9a58addf-8861-11f1-9fde-b48c9db4e1b4,6,"[1, 1, 1, 1, 0, 1, 0, 1]",4,0,0,,0.375,8
6613,9a58addf-8861-11f1-9fde-b48c9db4e1b4,6,"[1, 1, 1, 1, 0, 1, 0, 1]",5,1,-1,,0.375,8
6614,9a58addf-8861-11f1-9fde-b48c9db4e1b4,6,"[1, 1, 1, 1, 0, 1, 0, 1]",6,0,0,,0.375,8
6615,9a58addf-8861-11f1-9fde-b48c9db4e1b4,6,"[1, 1, 1, 1, 0, 1, 0, 1]",7,1,-1,,0.375,8
6616,9a58addf-8861-11f1-9fde-b48c9db4e1b4,7,"[1, 0, 0, 1, 0, 1, 1, 0]",0,1,-1,,0.375,8
6617,9a58addf-8861-11f1-9fde-b48c9db4e1b4,7,"[1, 0, 0, 1, 0, 1, 1, 0]",1,0,0,,0.375,8
6618,9a58addf-8861-11f1-9fde-b48c9db4e1b4,7,"[1, 0, 0, 1, 0, 1, 1, 0]",2,0,0,,0.375,8
6619,9a58addf-8861-11f1-9fde-b48c9db4e1b4,7,"[1, 0, 0, 1, 0, 1, 1, 0]",3,1,-1,,0.375,8
6620,9a58addf-8861-11f1-9fde-b48c9db4e1b4,7,"[1, 0, 0, 1, 0, 1, 1, 0]",4,0,0,,0.375,8
6621,9a58addf-8861-11f1-9fde-b48c9db4e1b4,7,"[1, 0, 0, 1, 0, 1, 1, 0]",5,1,-1,,0.375,8
6622,9a58addf-8861-11f1-9fde-b48c9db4e1b4,7,"[1, 0, 0, 1, 0, 1, 1, 0]",6,1,-1,,0.375,8
6623,9a58addf-8861-11f1-9fde-b48c9db4e1b4,7,"[1, 0, 0, 1, 0, 1, 1, 0]",7,0,0,,0.375,8
6624,9a58addf-8861-11f1-9fde-b48c9db4e1b4,8,"[1, 1, 1, 0, 0, 0, 1, 0]",0,1,-1,,0.375,8
6625,9a58addf-8861-11f1-9fde-b48c9db4e1b4,8,"[1, 1, 1, 0, 0, 0, 1, 0]",1,1,-1,,0.375,8
6626,9a58addf-8861-11f1-9fde-b48c9db4e1b4,8,"[1, 1, 1, 0, 0, 0, 1, 0]",2,1,-1,,0.375,8
6627,9a58addf-8861-11f1-9fde-b48c9db4e1b4,8,"[1, 1, 1, 0, 0, 0, 1, 0]",3,0,0,,0.375,8
6628,9a58addf-8861-11f1-9fde-b48c9db4e1b4,8,"[1, 1, 1, 0, 0, 0, 1, 0]",4,0,0,,0.375,8
6629,9a58addf-8861-11f1-9fde-b48c9db4e1b4,8,"[1, 1, 1, 0, 0, 0, 1, 0]",5,0,0,,0.375,8
6630,9a58addf-8861-11f1-9fde-b48c9db4e1b4,8,"[1, 1, 1, 0, 0, 0, 1, 0]",6,1,-1,,0.375,8
6631,9a58addf-8861-11f1-9fde-b48c9db4e1b4,8,"[1, 1, 1, 0, 0, 0, 1, 0]",7,0,0,,0.375,8
6632,9a58addf-8861-11f1-9fde-b48c9db4e1b4,9,"[0, 0, 0, 1, 0, 0, 0, 0]",0,0,0,,0.375,8
6633,9a58addf-8861-11f1-9fde-b48c9db4e1b4,9,"[0, 0, 0, 1, 0, 0, 0, 0]",1,0,0,,0.375,8
6634,9a58addf-8861-11f1-9fde-b48c9db4e1b4,9,"[0, 0, 0, 1, 0, 0, 0, 0]",2,0,0,,0.375,8
6635,9a58addf-8861-11f1-9fde-b48c9db4e1b4,9,"[0, 0, 0, 1, 0, 0, 0, 0]",3,1,1,,0.375,8
6636,9a58addf-8861-11f1-9fde-b48c9db4e1b4,9,"[0, 0, 0, 1, 0, 0, 0, 0]",4,0,0,,0.375,8
6637,9a58addf-8861-11f1-9fde-b48c9db4e1b4,9,"[0, 0, 0, 1, 0, 0, 0, 0]",5,0,0,,0.375,8
6638,9a58addf-8861-11f1-9fde-b48c9db4e1b4,9,"[0, 0, 0, 1, 0, 0, 0, 0]",6,0,0,,0.375,8
6639,9a58addf-8861-11f1-9fde-b48c9db4e1b4,9,"[0, 0, 0, 1, 0, 0, 0, 0]",7,0,0,,0.375,8
6640,9a58addf-8861-11f1-9fde-b48c9db4e1b4,10,"[0, 0, 0, 1, 1, 1, 0, 1]",0,0,0,,0.375,8
6641,9a58addf-8861-11f1-9fde-b48c9db4e1b4,10,"[0, 0, 0, 1, 1, 1, 0, 1]",1,0,0,,0.375,8
6642,9a58addf-8861-11f1-9fde-b48c9db4e1b4,10,"[0, 0, 0, 1, 1, 1, 0, 1]",2,0,0,,0.375,8
6643,9a58addf-8861-11f1-9fde-b48c9db4e1b4,10,"[0, 0, 0, 1, 1, 1, 0, 1]",3,1,-1,,0.375,8
6644,9a58addf-8861-11f1-9fde-b48c9db4e1b4,10,"[0, 0, 0, 1, 1, 1, 0, 1]",4,1,-1,,0.375,8
6645,9a58addf-8861-11f1-9fde-b48c9db4e1b4,10,"[0, 0, 0, 1, 1, 1, 0, 1]",5,1,-1,,0.375,8
6646,9a58addf-8861-11f1-9fde-b48c9db4e1b4,10,"[0, 0, 0, 1, 1, 1, 0, 1]",6,0,0,,0.375,8
6647,9a58addf-8861-11f1-9fde-b48c9db4e1b4,10,"[0, 0, 0, 1, 1, 1, 0, 1]",7,1,-1,,0.375,8
6648,9a58addf-8861-11f1-9fde-b48c9db4e1b4,11,"[1, 0, 0, 0, 0, 0, 0, 0]",0,1,1,,0.375,8
6649,9a58addf-8861-11f1-9fde-b48c9db4e1b4,11,"[1, 0, 0, 0, 0, 0, 0, 0]",1,0,0,,0.375,8
6650,9a58addf-8861-11f1-9fde-b48c9db4e1b4,11,"[1, 0, 0, 0, 0, 0, 0, 0]",2,0,0,,0.375,8
6651,9a58addf-8861-11f1-9fde-b48c9db4e1b4,11,"[1, 0, 0, 0, 0, 0, 0, 0]",3,0,0,,0.375,8
6652,9a58addf-8861-11f1-9fde-b48c9db4e1b4,11,"[1, 0, 0, 0, 0, 0, 0, 0]",4,0,0,,0.375,8
6653,9a58addf-8861-11f1-9fde-b48c9db4e1b4,11,"[1, 0, 0, 0, 0, 0, 0, 0]",5,0,0,,0.375,8
6654,9a58addf-8861-11f1-9fde-b48c9db4e1b4,11,"[1, 0, 0, 0, 0, 0, 0, 0]",6,0,0,,0.375,8
6655,9a58addf-8861-11f1-9fde-b48c9db4e1b4,11,"[1, 0, 0, 0, 0, 0, 0, 0]",7,0,0,,0.375,8
6656,9a58addf-8861-11f1-9fde-b48c9db4e1b4,12,"[0, 1, 0, 1, 1, 0, 1, 1]",0,0,0,,0.375,8
6657,9a58addf-8861-11f1-9fde-b48c9db4e1b4,12,"[0, 1, 0, 1, 1, 0, 1, 1]",1,1,-1,,0.375,8
6658,9a58addf-8861-11f1-9fde-b48c9db4e1b4,12,"[0, 1, 0, 1, 1, 0, 1, 1]",2,0,0,,0.375,8
6659,9a58addf-8861-11f1-9fde-b48c9db4e1b4,12,"[0, 1, 0, 1, 1, 0, 1, 1]",3,1,-1,,0.375,8
6660,9a58addf-8861-11f1-9fde-b48c9db4e1b4,12,"[0, 1, 0, 1, 1, 0, 1, 1]",4,1,-1,,0.375,8
6661,9a58addf-8861-11f1-9fde-b48c9db4e1b4,12,"[0, 1, 0, 1, 1, 0, 1, 1]",5,0,0,,0.375,8
6662,9a58addf-8861-11f1-9fde-b48c9db4e1b4,12,"[0, 1, 0, 1, 1, 0, 1, 1]",6,1,-1,,0.375,8
6663,9a58addf-8861-11f1-9fde-b48c9db4e1b4,12,"[0, 1, 0, 1, 1, 0, 1, 1]",7,1,-1,,0.375,8
6664,9a58addf-8861-11f1-9fde-b48c9db4e1b4,13,"[0, 1, 0, 0, 1, 0, 1, 0]",0,0,0,,0.375,8
6665,9a58addf-8861-11f1-9fde-b48c9db4e1b4,13,"[0, 1, 0, 0, 1, 0, 1, 0]",1,1,1,,0.375,8
6666,9a58addf-8861-11f1-9fde-b48c9db4e1b4,13,"[0, 1, 0, 0, 1, 0, 1, 0]",2,0,0,,0.375,8
6667,9a58addf-8861-11f1-9fde-b48c9db4e1b4,13,"[0, 1, 0, 0, 1, 0, 1, 0]",3,0,0,,0.375,8
6668,9a58addf-8861-11f1-9fde-b48c9db4e1b4,13,"[0, 1, 0, 0, 1, 0, 1, 0]",4,1,1,,0.375,8
6669,9a58addf-8861-11f1-9fde-b48c9db4e1b4,13,"[0, 1, 0, 0, 1, 0, 1, 0]",5,0,0,,0.375,8
6670,9a58addf-8861-11f1-9fde-b48c9db4e1b4,13,"[0, 1, 0, 0, 1, 0, 1, 0]",6,1,1,,0.375,8
6671,9a58addf-8861-11f1-9fde-b48c9db4e1b4,13,"[0, 1, 0, 0, 1, 0, 1, 0]",7,0,0,,0.375,8
6672,9a58addf-8861-11f1-9fde-b48c9db4e1b4,14,"[1, 1, 1, 1, 1, 0, 0, 0]",0,1,-1,,0.375,8
6673,9a58addf-8861-11f1-9fde-b48c9db4e1b4,14,"[1, 1, 1, 1, 1, 0, 0, 0]",1,1,-1,,0.375,8
6674,9a58addf-8861-11f1-9fde-b48c9db4e1b4,14,"[1, 1, 1, 1, 1, 0, 0, 0]",2,1,-1,,0.375,8
6675,9a58addf-8861-11f1-9fde-b48c9db4e1b4,14,"[1, 1, 1, 1, 1, 0, 0, 0]",3,1,-1,,0.375,8
6676,9a58addf-8861-11f1-9fde-b48c9db4e1b4,14,"[1, 1, 1, 1, 1, 0, 0, 0]",4,1,-1,,0.375,8
6677,9a58addf-8861-11f1-9fde-b48c9db4e1b4,14,"[1, 1, 1, 1, 1, 0, 0, 0]",5,0,0,,0.375,8
6678,9a58addf-8861-11f1-9fde-b48c9db4e1b4,14,"[1, 1, 1, 1, 1, 0, 0, 0]",6,0,0,,0.375,8
6679,9a58addf-8861-11f1-9fde-b48c9db4e1b4,14,"[1, 1, 1, 1, 1, 0, 0, 0]",7,0,0,,0.375,8
6680,9a58addf-8861-11f1-9fde-b48c9db4e1b4,15,"[0, 0, 1, 1, 1, 1, 0, 0]",0,0,0,,0.375,8
6681,9a58addf-8861-11f1-9fde-b48c9db4e1b4,15,"[0, 0, 1, 1, 1, 1, 0, 0]",1,0,0,,0.375,8
6682,9a58addf-8861-11f1-9fde-b48c9db4e1b4,15,"[0, 0, 1, 1, 1, 1, 0, 0]",2,1,-1,,0.375,8
6683,9a58addf-8861-11f1-9fde-b48c9db4e1b4,15,"[0, 0, 1, 1, 1, 1, 0, 0]",3,1,-1,,0.375,8
6684,9a58addf-8861-11f1-9fde-b48c9db4e1b4,15,"[0, 0, 1, 1, 1, 1, 0, 0]",4,1,-1,,0.375,8
6685,9a58addf-8861-11f1-9fde-b48c9db4e1b4,15,"[0, 0, 1, 1, 1, 1, 0, 0]",5,1,-1,,0.375,8
6686,9a58addf-8861-11f1-9fde-b48c9db4e1b4,15,"[0, 0, 1, 1, 1, 1, 0, 0]",6,0,0,,0.375,8
6687,9a58addf-8861-11f1-9fde-b48c9db4e1b4,15,"[0, 0, 1, 1, 1, 1, 0, 0]",7,0,0,,0.375,8
6688,9a58addf-8861-11f1-9fde-b48c9db4e1b4,16,"[0, 1, 0, 0, 0, 1, 1, 1]",0,0,0,,0.375,8
6689,9a58addf-8861-11f1-9fde-b48c9db4e1b4,16,"[0, 1, 0, 0, 0, 1, 1, 1]",1,1,-1,,0.375,8
6690,9a58addf-8861-11f1-9fde-b48c9db4e1b4,16,"[0, 1, 0, 0, 0, 1, 1, 1]",2,0,0,,0.375,8
6691,9a58addf-8861-11f1-9fde-b48c9db4e1b4,16,"[0, 1, 0, 0, 0, 1, 1, 1]",3,0,0,,0.375,8
6692,9a58addf-8861-11f1-9fde-b48c9db4e1b4,16,"[0, 1, 0, 0, 0, 1, 1, 1]",4,0,0,,0.375,8
6693,9a58addf-8861-11f1-9fde-b48c9db4e1b4,16,"[0, 1, 0, 0, 0, 1, 1, 1]",5,1,-1,,0.375,8
6694,9a58addf-8861-11f1-9fde-b48c9db4e1b4,16,"[0, 1, 0, 0, 0, 1, 1, 1]",6,1,-1,,0.375,8
6695,9a58addf-8861-11f1-9fde-b48c9db4e1b4,16,"[0, 1, 0, 0, 0, 1, 1, 1]",7,1,-1,,0.375,8
6696,9a58addf-8861-11f1-9fde-b48c9db4e1b4,17,"[1, 1, 0, 1, 1, 1, 0, 0]",0,1,-1,,0.375,8
6697,9a58addf-8861-11f1-9fde-b48c9db4e1b4,17,"[1, 1, 0, 1, 1, 1, 0, 0]",1,1,-1,,0.375,8
6698,9a58addf-8861-11f1-9fde-b48c9db4e1b4,17,"[1, 1, 0, 1, 1, 1, 0, 0]",2,0,0,,0.375,8
6699,9a58addf-8861-11f1-9fde-b48c9db4e1b4,17,"[1, 1, 0, 1, 1, 1, 0, 0]",3,1,-1,,0.375,8
6700,9a58addf-8861-11f1-9fde-b48c9db4e1b4,17,"[1, 1, 0, 1, 1, 1, 0, 0]",4,1,-1,,0.375,8
6701,9a58addf-8861-11f1-9fde-b48c9db4e1b4,17,"[1, 1, 0, 1, 1, 1, 0, 0]",5,1,-1,,0.375,8
6702,9a58addf-8861-11f1-9fde-b48c9db4e1b4,17,"[1, 1, 0, 1, 1, 1, 0, 0]",6,0,0,,0.375,8
6703,9a58addf-8861-11f1-9fde-b48c9db4e1b4,17,"[1, 1, 0, 1, 1, 1, 0, 0]",7,0,0,,0.375,8
6704,9a58addf-8861-11f1-9fde-b48c9db4e1b4,18,"[0, 0, 0, 0, 1, 0, 0, 0]",0,0,0,,0.375,8
6705,9a58addf-8861-11f1-9fde-b48c9db4e1b4,18,"[0, 0, 0, 0, 1, 0, 0, 0]",1,0,0,,0.375,8
6706,9a58addf-8861-11f1-9fde-b48c9db4e1b4,18,"[0, 0, 0, 0, 1, 0, 0, 0]",2,0,0,,0.375,8
6707,9a58addf-8861-11f1-9fde-b48c9db4e1b4,18,"[0, 0, 0, 0, 1, 0, 0, 0]",3,0,0,,0.375,8
6708,9a58addf-8861-11f1-9fde-b48c9db4e1b4,18,"[0, 0, 0, 0, 1, 0, 0, 0]",4,1,1,,0.375,8
6709,9a58addf-8861-11f1-9fde-b48c9db4e1b4,18,"[0, 0, 0, 0, 1, 0, 0, 0]",5,0,0,,0.375,8
6710,9a58addf-8861-11f1-9fde-b48c9db4e1b4,18,"[0, 0, 0, 0, 1, 0, 0, 0]",6,0,0,,0.375,8
6711,9a58addf-8861-11f1-9fde-b48c9db4e1b4,18,"[0, 0, 0, 0, 1, 0, 0, 0]",7,0,0,,0.375,8
6712,9a58addf-8861-11f1-9fde-b48c9db4e1b4,19,"[0, 1, 1, 0, 1, 1, 1, 1]",0,0,0,,0.375,8
6713,9a58addf-8861-11f1-9fde-b48c9db4e1b4,19,"[0, 1, 1, 0, 1, 1, 1, 1]",1,1,-1,,0.375,8
6714,9a58addf-8861-11f1-9fde-b48c9db4e1b4,19,"[0, 1, 1, 0, 1, 1, 1, 1]",2,1,-1,,0.375,8
6715,9a58addf-8861-11f1-9fde-b48c9db4e1b4,19,"[0, 1, 1, 0, 1, 1, 1, 1]",3,0,0,,0.375,8
6716,9a58addf-8861-11f1-9fde-b48c9db4e1b4,19,"[0, 1, 1, 0, 1, 1, 1, 1]",4,1,-1,,0.375,8
6717,9a58addf-8861-11f1-9fde-b48c9db4e1b4,19,"[0, 1, 1, 0, 1, 1, 1, 1]",5,1,-1,,0.375,8
6718,9a58addf-8861-11f1-9fde-b48c9db4e1b4,19,"[0, 1, 1, 0, 1, 1, 1, 1]",6,1,-1,,0.375,8
6719,9a58addf-8861-11f1-9fde-b48c9db4e1b4,19,"[0, 1, 1, 0, 1, 1, 1, 1]",7,1,-1,,0.375,8
6720,9a5bc802-8861-11f1-bbd3-b48c9db4e1b4,0,"[0, 1, 1, 1, 0, 1, 0, 1]",0,0,0,,0.375,8
6721,9a5bc802-8861-11f1-bbd3-b48c9db4e1b4,0,"[0, 1, 1, 1, 0, 1, 0, 1]",1,1,-1,,0.375,8
6722,9a5bc802-8861-11f1-bbd3-b48c9db4e1b4,0,"[0, 1, 1, 1, 0, 1, 0, 1]",2,1,-1,,0.375,8
6723,9a5bc802-8861-11f1-bbd3-b48c9db4e1b4,0,"[0, 1, 1, 1, 0, 1, 0, 1]",3,1,-1,,0.375,8
6724,9a5bc802-8861-11f1-bbd3-b48c9db4e1b4,0,"[0, 1, 1, 1, 0, 1, 0, 1]",4,0,0,,0.375,8
6725,9a5bc802-8861-11f1-bbd3-b48c9db4e1b4,0,"[0, 1, 1, 1, 0, 1, 0, 1]",5,1,-1,,0.375,8
6726,9a5bc802-8861-11f1-bbd3-b48c9db4e1b4,0,"[0, 1, 1, 1, 0, 1, 0, 1]",6,0,0,,0.375,8
6727,9a5bc802-8861-11f1-bbd3-b48c9db4e1b4,0,"[0, 1, 1, 1, 0, 1, 0, 1]",7,1,-1,,0.375,8
6728,9a5bc802-8861-11f1-bbd3-b48c9db4e1b4,1,"[1, 0, 0, 0, 0, 0, 1, 0]",0,1,1,,0.375,8
6729,9a5bc802-8861-11f1-bbd3-b48c9db4e1b4,1,"[1, 0, 0, 0, 0, 0, 1, 0]",1,0,0,,0.375,8
6730,9a5bc802-8861-11f1-bbd3-b48c9db4e1b4,1,"[1, 0, 0, 0, 0, 0, 1, 0]",2,0,0,,0.375,8
6731,9a5bc802-8861-11f1-bbd3-b48c9db4e1b4,1,"[1, 0, 0, 0, 0, 0, 1, 0]",3,0,0,,0.375,8
6732,9a5bc802-8861-11f1-bbd3-b48c9db4e1b4,1,"[1, 0, 0, 0, 0, 0, 1, 0]",4,0,0,,0.375,8
6733,9a5bc802-8861-11f1-bbd3-b48c9db4e1b4,1,"[1, 0, 0, 0, 0, 0, 1, 0]",5,0,0,,0.375,8
6734,9a5bc802-8861-11f1-bbd3-b48c9db4e1b4,1,"[1, 0, 0, 0, 0, 0, 1, 0]",6,1,1,,0.375,8
6735,9a5bc802-8861-11f1-bbd3-b48c9db4e1b4,1,"[1, 0, 0, 0, 0, 0, 1, 0]",7,0,0,,0.375,8
6736,9a5bc802-8861-11f1-bbd3-b48c9db4e1b4,2,"[1, 1, 0, 0, 0, 0, 0, 0]",0,1,1,,0.375,8
6737,9a5bc802-8861-11f1-bbd3-b48c9db4e1b4,2,"[1, 1, 0, 0, 0, 0, 0, 0]",1,1,1,,0.375,8
6738,9a5bc802-8861-11f1-bbd3-b48c9db4e1b4,2,"[1, 1, 0, 0, 0, 0, 0, 0]",2,0,0,,0.375,8
6739,9a5bc802-8861-11f1-bbd3-b48c9db4e1b4,2,"[1, 1, 0, 0, 0, 0, 0, 0]",3,0,0,,0.375,8
6740,9a5bc802-8861-11f1-bbd3-b48c9db4e1b4,2,"[1, 1, 0, 0, 0, 0, 0, 0]",4,0,0,,0.375,8
6741,9a5bc802-8861-11f1-bbd3-b48c9db4e1b4,2,"[1, 1, 0, 0, 0, 0, 0, 0]",5,0,0,,0.375,8
6742,9a5bc802-8861-11f1-bbd3-b48c9db4e1b4,2,"[1, 1, 0, 0, 0, 0, 0, 0]",6,0,0,,0.375,8
6743,9a5bc802-8861-11f1-bbd3-b48c9db4e1b4,2,"[1, 1, 0, 0, 0, 0, 0, 0]",7,0,0,,0.375,8
6744,9a5bc802-8861-11f1-bbd3-b48c9db4e1b4,3,"[1, 0, 1, 1, 0, 1, 1, 0]",0,1,-1,,0.375,8
6745,9a5bc802-8861-11f1-bbd3-b48c9db4e1b4,3,"[1, 0, 1, 1, 0, 1, 1, 0]",1,0,0,,0.375,8
6746,9a5bc802-8861-11f1-bbd3-b48c9db4e1b4,3,"[1, 0, 1, 1, 0, 1, 1, 0]",2,1,-1,,0.375,8
6747,9a5bc802-8861-11f1-bbd3-b48c9db4e1b4,3,"[1, 0, 1, 1, 0, 1, 1, 0]",3,1,-1,,0.375,8
6748,9a5bc802-8861-11f1-bbd3-b48c9db4e1b4,3,"[1, 0, 1, 1, 0, 1, 1, 0]",4,0,0,,0.375,8
6749,9a5bc802-8861-11f1-bbd3-b48c9db4e1b4,3,"[1, 0, 1, 1, 0, 1, 1, 0]",5,1,-1,,0.375,8
6750,9a5bc802-8861-11f1-bbd3-b48c9db4e1b4,3,"[1, 0, 1, 1, 0, 1, 1, 0]",6,1,-1,,0.375,8
6751,9a5bc802-8861-11f1-bbd3-b48c9db4e1b4,3,"[1, 0, 1, 1, 0, 1, 1, 0]",7,0,0,,0.375,8
6752,9a5bc802-8861-11f1-bbd3-b48c9db4e1b4,4,"[1, 1, 0, 0, 1, 0, 1, 1]",0,1,-1,,0.375,8
6753,9a5bc802-8861-11f1-bbd3-b48c9db4e1b4,4,"[1, 1, 0, 0, 1, 0, 1, 1]",1,1,-1,,0.375,8
6754,9a5bc802-8861-11f1-bbd3-b48c9db4e1b4,4,"[1, 1, 0, 0, 1, 0, 1, 1]",2,0,0,,0.375,8
6755,9a5bc802-8861-11f1-bbd3-b48c9db4e1b4,4,"[1, 1, 0, 0, 1, 0, 1, 1]",3,0,0,,0.375,8
6756,9a5bc802-8861-11f1-bbd3-b48c9db4e1b4,4,"[1, 1, 0, 0, 1, 0, 1, 1]",4,1,-1,,0.375,8
6757,9a5bc802-8861-11f1-bbd3-b48c9db4e1b4,4,"[1, 1, 0, 0, 1, 0, 1, 1]",5,0,0,,0.375,8
6758,9a5bc802-8861-11f1-bbd3-b48c9db4e1b4,4,"[1, 1, 0, 0, 1, 0, 1, 1]",6,1,-1,,0.375,8
6759,9a5bc802-8861-11f1-bbd3-b48c9db4e1b4,4,"[1, 1, 0, 0, 1, 0, 1, 1]",7,1,-1,,0.375,8
6760,9a5bc802-8861-11f1-bbd3-b48c9db4e1b4,5,"[1, 1, 1, 0, 1, 0, 1, 1]",0,1,-1,,0.375,8
6761,9a5bc802-8861-11f1-bbd3-b48c9db4e1b4,5,"[1, 1, 1, 0, 1, 0, 1, 1]",1,1,-1,,0.375,8
6762,9a5bc802-8861-11f1-bbd3-b48c9db4e1b4,5,"[1, 1, 1, 0, 1, 0, 1, 1]",2,1,-1,,0.375,8
6763,9a5bc802-8861-11f1-bbd3-b48c9db4e1b4,5,"[1, 1, 1, 0, 1, 0, 1, 1]",3,0,0,,0.375,8
6764,9a5bc802-8861-11f1-bbd3-b48c9db4e1b4,5,"[1, 1, 1, 0, 1, 0, 1, 1]",4,1,-1,,0.375,8
6765,9a5bc802-8861-11f1-bbd3-b48c9db4e1b4,5,"[1, 1, 1, 0, 1, 0, 1, 1]",5,0,0,,0.375,8
6766,9a5bc802-8861-11f1-bbd3-b48c9db4e1b4,5,"[1, 1, 1, 0, 1, 0, 1, 1]",6,1,-1,,0.375,8
6767,9a5bc802-8861-11f1-bbd3-b48c9db4e1b4,5,"[1, 1, 1, 0, 1, 0, 1, 1]",7,1,-1,,0.375,8
6768,9a5bc802-8861-11f1-bbd3-b48c9db4e1b4,6,"[0, 1, 1, 1, 1, 0, 1, 0]",0,0,0,,0.375,8
6769,9a5bc802-8861-11f1-bbd3-b48c9db4e1b4,6,"[0, 1, 1, 1, 1, 0, 1, 0]",1,1,-1,,0.375,8
6770,9a5bc802-8861-11f1-bbd3-b48c9db4e1b4,6,"[0, 1, 1, 1, 1, 0, 1, 0]",2,1,-1,,0.375,8
6771,9a5bc802-8861-11f1-bbd3-b48c9db4e1b4,6,"[0, 1, 1, 1, 1, 0, 1, 0]",3,1,-1,,0.375,8
6772,9a5bc802-8861-11f1-bbd3-b48c9db4e1b4,6,"[0, 1, 1, 1, 1, 0, 1, 0]",4,1,-1,,0.375,8
6773,9a5bc802-8861-11f1-bbd3-b48c9db4e1b4,6,"[0, 1, 1, 1, 1, 0, 1, 0]",5,0,0,,0.375,8
6774,9a5bc802-8861-11f1-bbd3-b48c9db4e1b4,6,"[0, 1, 1, 1, 1, 0, 1, 0]",6,1,-1,,0.375,8
6775,9a5bc802-8861-11f1-bbd3-b48c9db4e1b4,6,"[0, 1, 1, 1, 1, 0, 1, 0]",7,0,0,,0.375,8
6776,9a5bc802-8861-11f1-bbd3-b48c9db4e1b4,7,"[0, 0, 1, 1, 1, 0, 0, 0]",0,0,0,,0.375,8
6777,9a5bc802-8861-11f1-bbd3-b48c9db4e1b4,7,"[0, 0, 1, 1, 1, 0, 0, 0]",1,0,0,,0.375,8
6778,9a5bc802-8861-11f1-bbd3-b48c9db4e1b4,7,"[0, 0, 1, 1, 1, 0, 0, 0]",2,1,1,,0.375,8
6779,9a5bc802-8861-11f1-bbd3-b48c9db4e1b4,7,"[0, 0, 1, 1, 1, 0, 0, 0]",3,1,1,,0.375,8
6780,9a5bc802-8861-11f1-bbd3-b48c9db4e1b4,7,"[0, 0, 1, 1, 1, 0, 0, 0]",4,1,1,,0.375,8
6781,9a5bc802-8861-11f1-bbd3-b48c9db4e1b4,7,"[0, 0, 1, 1, 1, 0, 0, 0]",5,0,0,,0.375,8
6782,9a5bc802-8861-11f1-bbd3-b48c9db4e1b4,7,"[0, 0, 1, 1, 1, 0, 0, 0]",6,0,0,,0.375,8
6783,9a5bc802-8861-11f1-bbd3-b48c9db4e1b4,7,"[0, 0, 1, 1, 1, 0, 0, 0]",7,0,0,,0.375,8
6784,9a5bc802-8861-11f1-bbd3-b48c9db4e1b4,8,"[1, 1, 0, 1, 1, 0, 0, 1]",0,1,-1,,0.375,8
6785,9a5bc802-8861-11f1-bbd3-b48c9db4e1b4,8,"[1, 1, 0, 1, 1, 0, 0, 1]",1,1,-1,,0.375,8
6786,9a5bc802-8861-11f1-bbd3-b48c9db4e1b4,8,"[1, 1, 0, 1, 1, 0, 0, 1]",2,0,0,,0.375,8
6787,9a5bc802-8861-11f1-bbd3-b48c9db4e1b4,8,"[1, 1, 0, 1, 1, 0, 0, 1]",3,1,-1,,0.375,8
6788,9a5bc802-8861-11f1-bbd3-b48c9db4e1b4,8,"[1, 1, 0, 1, 1, 0, 0, 1]",4,1,-1,,0.375,8
6789,9a5bc802-8861-11f1-bbd3-b48c9db4e1b4,8,"[1, 1, 0, 1, 1, 0, 0, 1]",5,0,0,,0.375,8
6790,9a5bc802-8861-11f1-bbd3-b48c9db4e1b4,8,"[1, 1, 0, 1, 1, 0, 0, 1]",6,0,0,,0.375,8
6791,9a5bc802-8861-11f1-bbd3-b48c9db4e1b4,8,"[1, 1, 0, 1, 1, 0, 0, 1]",7,1,-1,,0.375,8
6792,9a5bc802-8861-11f1-bbd3-b48c9db4e1b4,9,"[0, 1, 0, 1, 1, 1, 1, 0]",0,0,0,,0.375,8
6793,9a5bc802-8861-11f1-bbd3-b48c9db4e1b4,9,"[0, 1, 0, 1, 1, 1, 1, 0]",1,1,-1,,0.375,8
6794,9a5bc802-8861-11f1-bbd3-b48c9db4e1b4,9,"[0, 1, 0, 1, 1, 1, 1, 0]",2,0,0,,0.375,8
6795,9a5bc802-8861-11f1-bbd3-b48c9db4e1b4,9,"[0, 1, 0, 1, 1, 1, 1, 0]",3,1,-1,,0.375,8
6796,9a5bc802-8861-11f1-bbd3-b48c9db4e1b4,9,"[0, 1, 0, 1, 1, 1, 1, 0]",4,1,-1,,0.375,8
6797,9a5bc802-8861-11f1-bbd3-b48c9db4e1b4,9,"[0, 1, 0, 1, 1, 1, 1, 0]",5,1,-1,,0.375,8
6798,9a5bc802-8861-11f1-bbd3-b48c9db4e1b4,9,"[0, 1, 0, 1, 1, 1, 1, 0]",6,1,-1,,0.375,8
6799,9a5bc802-8861-11f1-bbd3-b48c9db4e1b4,9,"[0, 1, 0, 1, 1, 1, 1, 0]",7,0,0,,0.375,8
6800,9a5bc802-8861-11f1-bbd3-b48c9db4e1b4,10,"[1, 0, 0, 1, 1, 1, 1, 1]",0,1,-1,,0.375,8
6801,9a5bc802-8861-11f1-bbd3-b48c9db4e1b4,10,"[1, 0, 0, 1, 1, 1, 1, 1]",1,0,0,,0.375,8
6802,9a5bc802-8861-11f1-bbd3-b48c9db4e1b4,10,"[1, 0, 0, 1, 1, 1, 1, 1]",2,0,0,,0.375,8
6803,9a5bc802-8861-11f1-bbd3-b48c9db4e1b4,10,"[1, 0, 0, 1, 1, 1, 1, 1]",3,1,-1,,0.375,8
6804,9a5bc802-8861-11f1-bbd3-b48c9db4e1b4,10,"[1, 0, 0, 1, 1, 1, 1, 1]",4,1,-1,,0.375,8
6805,9a5bc802-8861-11f1-bbd3-b48c9db4e1b4,10,"[1, 0, 0, 1, 1, 1, 1, 1]",5,1,-1,,0.375,8
6806,9a5bc802-8861-11f1-bbd3-b48c9db4e1b4,10,"[1, 0, 0, 1, 1, 1, 1, 1]",6,1,-1,,0.375,8
6807,9a5bc802-8861-11f1-bbd3-b48c9db4e1b4,10,"[1, 0, 0, 1, 1, 1, 1, 1]",7,1,-1,,0.375,8
6808,9a5bc802-8861-11f1-bbd3-b48c9db4e1b4,11,"[0, 0, 1, 1, 0, 1, 1, 1]",0,0,0,,0.375,8
6809,9a5bc802-8861-11f1-bbd3-b48c9db4e1b4,11,"[0, 0, 1, 1, 0, 1, 1, 1]",1,0,0,,0.375,8
6810,9a5bc802-8861-11f1-bbd3-b48c9db4e1b4,11,"[0, 0, 1, 1, 0, 1, 1, 1]",2,1,-1,,0.375,8
6811,9a5bc802-8861-11f1-bbd3-b48c9db4e1b4,11,"[0, 0, 1, 1, 0, 1, 1, 1]",3,1,-1,,0.375,8
6812,9a5bc802-8861-11f1-bbd3-b48c9db4e1b4,11,"[0, 0, 1, 1, 0, 1, 1, 1]",4,0,0,,0.375,8
6813,9a5bc802-8861-11f1-bbd3-b48c9db4e1b4,11,"[0, 0, 1, 1, 0, 1, 1, 1]",5,1,-1,,0.375,8
6814,9a5bc802-8861-11f1-bbd3-b48c9db4e1b4,11,"[0, 0, 1, 1, 0, 1, 1, 1]",6,1,-1,,0.375,8
6815,9a5bc802-8861-11f1-bbd3-b48c9db4e1b4,11,"[0, 0, 1, 1, 0, 1, 1, 1]",7,1,-1,,0.375,8
6816,9a5bc802-8861-11f1-bbd3-b48c9db4e1b4,12,"[0, 0, 1, 0, 1, 1, 1, 0]",0,0,0,,0.375,8
6817,9a5bc802-8861-11f1-bbd3-b48c9db4e1b4,12,"[0, 0, 1, 0, 1, 1, 1, 0]",1,0,0,,0.375,8
6818,9a5bc802-8861-11f1-bbd3-b48c9db4e1b4,12,"[0, 0, 1, 0, 1, 1, 1, 0]",2,1,-1,,0.375,8
6819,9a5bc802-8861-11f1-bbd3-b48c9db4e1b4,12,"[0, 0, 1, 0, 1, 1, 1, 0]",3,0,0,,0.375,8
6820,9a5bc802-8861-11f1-bbd3-b48c9db4e1b4,12,"[0, 0, 1, 0, 1, 1, 1, 0]",4,1,-1,,0.375,8
6821,9a5bc802-8861-11f1-bbd3-b48c9db4e1b4,12,"[0, 0, 1, 0, 1, 1, 1, 0]",5,1,-1,,0.375,8
6822,9a5bc802-8861-11f1-bbd3-b48c9db4e1b4,12,"[0, 0, 1, 0, 1, 1, 1, 0]",6,1,-1,,0.375,8
6823,9a5bc802-8861-11f1-bbd3-b48c9db4e1b4,12,"[0, 0, 1, 0, 1, 1, 1, 0]",7,0,0,,0.375,8
6824,9a5bc802-8861-11f1-bbd3-b48c9db4e1b4,13,"[1, 1, 0, 1, 0, 1, 0, 0]",0,1,-1,,0.375,8
6825,9a5bc802-8861-11f1-bbd3-b48c9db4e1b4,13,"[1, 1, 0, 1, 0, 1, 0, 0]",1,1,-1,,0.375,8
6826,9a5bc802-8861-11f1-bbd3-b48c9db4e1b4,13,"[1, 1, 0, 1, 0, 1, 0, 0]",2,0,0,,0.375,8
6827,9a5bc802-8861-11f1-bbd3-b48c9db4e1b4,13,"[1, 1, 0, 1, 0, 1, 0, 0]",3,1,-1,,0.375,8
6828,9a5bc802-8861-11f1-bbd3-b48c9db4e1b4,13,"[1, 1, 0, 1, 0, 1, 0, 0]",4,0,0,,0.375,8
6829,9a5bc802-8861-11f1-bbd3-b48c9db4e1b4,13,"[1, 1, 0, 1, 0, 1, 0, 0]",5,1,-1,,0.375,8
6830,9a5bc802-8861-11f1-bbd3-b48c9db4e1b4,13,"[1, 1, 0, 1, 0, 1, 0, 0]",6,0,0,,0.375,8
6831,9a5bc802-8861-11f1-bbd3-b48c9db4e1b4,13,"[1, 1, 0, 1, 0, 1, 0, 0]",7,0,0,,0.375,8
6832,9a5bc802-8861-11f1-bbd3-b48c9db4e1b4,14,"[0, 0, 1, 0, 1, 1, 1, 0]",0,0,0,,0.375,8
6833,9a5bc802-8861-11f1-bbd3-b48c9db4e1b4,14,"[0, 0, 1, 0, 1, 1, 1, 0]",1,0,0,,0.375,8
6834,9a5bc802-8861-11f1-bbd3-b48c9db4e1b4,14,"[0, 0, 1, 0, 1, 1, 1, 0]",2,1,-1,,0.375,8
6835,9a5bc802-8861-11f1-bbd3-b48c9db4e1b4,14,"[0, 0, 1, 0, 1, 1, 1, 0]",3,0,0,,0.375,8
6836,9a5bc802-8861-11f1-bbd3-b48c9db4e1b4,14,"[0, 0, 1, 0, 1, 1, 1, 0]",4,1,-1,,0.375,8
6837,9a5bc802-8861-11f1-bbd3-b48c9db4e1b4,14,"[0, 0, 1, 0, 1, 1, 1, 0]",5,1,-1,,0.375,8
6838,9a5bc802-8861-11f1-bbd3-b48c9db4e1b4,14,"[0, 0, 1, 0, 1, 1, 1, 0]",6,1,-1,,0.375,8
6839,9a5bc802-8861-11f1-bbd3-b48c9db4e1b4,14,"[0, 0, 1, 0, 1, 1, 1, 0]",7,0,0,,0.375,8
6840,9a5bc802-8861-11f1-bbd3-b48c9db4e1b4,15,"[1, 0, 1, 0, 1, 1, 0, 1]",0,1,-1,,0.375,8
6841,9a5bc802-8861-11f1-bbd3-b48c9db4e1b4,15,"[1, 0, 1, 0, 1, 1, 0, 1]",1,0,0,,0.375,8
6842,9a5bc802-8861-11f1-bbd3-b48c9db4e1b4,15,"[1, 0, 1, 0, 1, 1, 0, 1]",2,1,-1,,0.375,8
6843,9a5bc802-8861-11f1-bbd3-b48c9db4e1b4,15,"[1, 0, 1, 0, 1, 1, 0, 1]",3,0,0,,0.375,8
6844,9a5bc802-8861-11f1-bbd3-b48c9db4e1b4,15,"[1, 0, 1, 0, 1, 1, 0, 1]",4,1,-1,,0.375,8
6845,9a5bc802-8861-11f1-bbd3-b48c9db4e1b4,15,"[1, 0, 1, 0, 1, 1, 0, 1]",5,1,-1,,0.375,8
6846,9a5bc802-8861-11f1-bbd3-b48c9db4e1b4,15,"[1, 0, 1, 0, 1, 1, 0, 1]",6,0,0,,0.375,8
6847,9a5bc802-8861-11f1-bbd3-b48c9db4e1b4,15,"[1, 0, 1, 0, 1, 1, 0, 1]",7,1,-1,,0.375,8
6848,9a5bc802-8861-11f1-bbd3-b48c9db4e1b4,16,"[1, 0, 0, 0, 0, 1, 0, 0]",0,1,1,,0.375,8
6849,9a5bc802-8861-11f1-bbd3-b48c9db4e1b4,16,"[1, 0, 0, 0, 0, 1, 0, 0]",1,0,0,,0.375,8
6850,9a5bc802-8861-11f1-bbd3-b48c9db4e1b4,16,"[1, 0, 0, 0, 0, 1, 0, 0]",2,0,0,,0.375,8
6851,9a5bc802-8861-11f1-bbd3-b48c9db4e1b4,16,"[1, 0, 0, 0, 0, 1, 0, 0]",3,0,0,,0.375,8
6852,9a5bc802-8861-11f1-bbd3-b48c9db4e1b4,16,"[1, 0, 0, 0, 0, 1, 0, 0]",4,0,0,,0.375,8
6853,9a5bc802-8861-11f1-bbd3-b48c9db4e1b4,16,"[1, 0, 0, 0, 0, 1, 0, 0]",5,1,1,,0.375,8
6854,9a5bc802-8861-11f1-bbd3-b48c9db4e1b4,16,"[1, 0, 0, 0, 0, 1, 0, 0]",6,0,0,,0.375,8
6855,9a5bc802-8861-11f1-bbd3-b48c9db4e1b4,16,"[1, 0, 0, 0, 0, 1, 0, 0]",7,0,0,,0.375,8
6856,9a5bc802-8861-11f1-bbd3-b48c9db4e1b4,17,"[1, 1, 0, 0, 0, 0, 1, 0]",0,1,1,,0.375,8
6857,9a5bc802-8861-11f1-bbd3-b48c9db4e1b4,17,"[1, 1, 0, 0, 0, 0, 1, 0]",1,1,1,,0.375,8
6858,9a5bc802-8861-11f1-bbd3-b48c9db4e1b4,17,"[1, 1, 0, 0, 0, 0, 1, 0]",2,0,0,,0.375,8
6859,9a5bc802-8861-11f1-bbd3-b48c9db4e1b4,17,"[1, 1, 0, 0, 0, 0, 1, 0]",3,0,0,,0.375,8
6860,9a5bc802-8861-11f1-bbd3-b48c9db4e1b4,17,"[1, 1, 0, 0, 0, 0, 1, 0]",4,0,0,,0.375,8
6861,9a5bc802-8861-11f1-bbd3-b48c9db4e1b4,17,"[1, 1, 0, 0, 0, 0, 1, 0]",5,0,0,,0.375,8
6862,9a5bc802-8861-11f1-bbd3-b48c9db4e1b4,17,"[1, 1, 0, 0, 0, 0, 1, 0]",6,1,1,,0.375,8
6863,9a5bc802-8861-11f1-bbd3-b48c9db4e1b4,17,"[1, 1, 0, 0, 0, 0, 1, 0]",7,0,0,,0.375,8
6864,9a5bc802-8861-11f1-bbd3-b48c9db4e1b4,18,"[0, 1, 1, 0, 0, 0, 1, 0]",0,0,0,,0.375,8
6865,9a5bc802-8861-11f1-bbd3-b48c9db4e1b4,18,"[0, 1, 1, 0, 0, 0, 1, 0]",1,1,1,,0.375,8
6866,9a5bc802-8861-11f1-bbd3-b48c9db4e1b4,18,"[0, 1, 1, 0, 0, 0, 1, 0]",2,1,1,,0.375,8
6867,9a5bc802-8861-11f1-bbd3-b48c9db4e1b4,18,"[0, 1, 1, 0, 0, 0, 1, 0]",3,0,0,,0.375,8
6868,9a5bc802-8861-11f1-bbd3-b48c9db4e1b4,18,"[0, 1, 1, 0, 0, 0, 1, 0]",4,0,0,,0.375,8
6869,9a5bc802-8861-11f1-bbd3-b48c9db4e1b4,18,"[0, 1, 1, 0, 0, 0, 1, 0]",5,0,0,,0.375,8
6870,9a5bc802-8861-11f1-bbd3-b48c9db4e1b4,18,"[0, 1, 1, 0, 0, 0, 1, 0]",6,1,1,,0.375,8
6871,9a5bc802-8861-11f1-bbd3-b48c9db4e1b4,18,"[0, 1, 1, 0, 0, 0, 1, 0]",7,0,0,,0.375,8
6872,9a5bc802-8861-11f1-bbd3-b48c9db4e1b4,19,"[0, 0, 1, 1, 1, 0, 1, 1]",0,0,0,,0.375,8
6873,9a5bc802-8861-11f1-bbd3-b48c9db4e1b4,19,"[0, 0, 1, 1, 1, 0, 1, 1]",1,0,0,,0.375,8
6874,9a5bc802-8861-11f1-bbd3-b48c9db4e1b4,19,"[0, 0, 1, 1, 1, 0, 1, 1]",2,1,-1,,0.375,8
6875,9a5bc802-8861-11f1-bbd3-b48c9db4e1b4,19,"[0, 0, 1, 1, 1, 0, 1, 1]",3,1,-1,,0.375,8
6876,9a5bc802-8861-11f1-bbd3-b48c9db4e1b4,19,"[0, 0, 1, 1, 1, 0, 1, 1]",4,1,-1,,0.375,8
6877,9a5bc802-8861-11f1-bbd3-b48c9db4e1b4,19,"[0, 0, 1, 1, 1, 0, 1, 1]",5,0,0,,0.375,8
6878,9a5bc802-8861-11f1-bbd3-b48c9db4e1b4,19,"[0, 0, 1, 1, 1, 0, 1, 1]",6,1,-1,,0.375,8
6879,9a5bc802-8861-11f1-bbd3-b48c9db4e1b4,19,"[0, 0, 1, 1, 1, 0, 1, 1]",7,1,-1,,0.375,8
6880,9a5ea321-8861-11f1-9eaf-b48c9db4e1b4,0,"[1, 0, 0, 1, 0, 1, 1, 0]",0,1,-1,,0.375,8
6881,9a5ea321-8861-11f1-9eaf-b48c9db4e1b4,0,"[1, 0, 0, 1, 0, 1, 1, 0]",1,0,0,,0.375,8
6882,9a5ea321-8861-11f1-9eaf-b48c9db4e1b4,0,"[1, 0, 0, 1, 0, 1, 1, 0]",2,0,0,,0.375,8
6883,9a5ea321-8861-11f1-9eaf-b48c9db4e1b4,0,"[1, 0, 0, 1, 0, 1, 1, 0]",3,1,-1,,0.375,8
6884,9a5ea321-8861-11f1-9eaf-b48c9db4e1b4,0,"[1, 0, 0, 1, 0, 1, 1, 0]",4,0,0,,0.375,8
6885,9a5ea321-8861-11f1-9eaf-b48c9db4e1b4,0,"[1, 0, 0, 1, 0, 1, 1, 0]",5,1,-1,,0.375,8
6886,9a5ea321-8861-11f1-9eaf-b48c9db4e1b4,0,"[1, 0, 0, 1, 0, 1, 1, 0]",6,1,-1,,0.375,8
6887,9a5ea321-8861-11f1-9eaf-b48c9db4e1b4,0,"[1, 0, 0, 1, 0, 1, 1, 0]",7,0,0,,0.375,8
6888,9a5ea321-8861-11f1-9eaf-b48c9db4e1b4,1,"[1, 0, 1, 1, 1, 1, 0, 0]",0,1,-1,,0.375,8
6889,9a5ea321-8861-11f1-9eaf-b48c9db4e1b4,1,"[1, 0, 1, 1, 1, 1, 0, 0]",1,0,0,,0.375,8
6890,9a5ea321-8861-11f1-9eaf-b48c9db4e1b4,1,"[1, 0, 1, 1, 1, 1, 0, 0]",2,1,-1,,0.375,8
6891,9a5ea321-8861-11f1-9eaf-b48c9db4e1b4,1,"[1, 0, 1, 1, 1, 1, 0, 0]",3,1,-1,,0.375,8
6892,9a5ea321-8861-11f1-9eaf-b48c9db4e1b4,1,"[1, 0, 1, 1, 1, 1, 0, 0]",4,1,-1,,0.375,8
6893,9a5ea321-8861-11f1-9eaf-b48c9db4e1b4,1,"[1, 0, 1, 1, 1, 1, 0, 0]",5,1,-1,,0.375,8
6894,9a5ea321-8861-11f1-9eaf-b48c9db4e1b4,1,"[1, 0, 1, 1, 1, 1, 0, 0]",6,0,0,,0.375,8
6895,9a5ea321-8861-11f1-9eaf-b48c9db4e1b4,1,"[1, 0, 1, 1, 1, 1, 0, 0]",7,0,0,,0.375,8
6896,9a5ea321-8861-11f1-9eaf-b48c9db4e1b4,2,"[1, 1, 1, 0, 0, 0, 0, 0]",0,1,1,,0.375,8
6897,9a5ea321-8861-11f1-9eaf-b48c9db4e1b4,2,"[1, 1, 1, 0, 0, 0, 0, 0]",1,1,1,,0.375,8
6898,9a5ea321-8861-11f1-9eaf-b48c9db4e1b4,2,"[1, 1, 1, 0, 0, 0, 0, 0]",2,1,1,,0.375,8
6899,9a5ea321-8861-11f1-9eaf-b48c9db4e1b4,2,"[1, 1, 1, 0, 0, 0, 0, 0]",3,0,0,,0.375,8
6900,9a5ea321-8861-11f1-9eaf-b48c9db4e1b4,2,"[1, 1, 1, 0, 0, 0, 0, 0]",4,0,0,,0.375,8
6901,9a5ea321-8861-11f1-9eaf-b48c9db4e1b4,2,"[1, 1, 1, 0, 0, 0, 0, 0]",5,0,0,,0.375,8
6902,9a5ea321-8861-11f1-9eaf-b48c9db4e1b4,2,"[1, 1, 1, 0, 0, 0, 0, 0]",6,0,0,,0.375,8
6903,9a5ea321-8861-11f1-9eaf-b48c9db4e1b4,2,"[1, 1, 1, 0, 0, 0, 0, 0]",7,0,0,,0.375,8
6904,9a5ea321-8861-11f1-9eaf-b48c9db4e1b4,3,"[0, 0, 1, 1, 0, 1, 0, 1]",0,0,0,,0.375,8
6905,9a5ea321-8861-11f1-9eaf-b48c9db4e1b4,3,"[0, 0, 1, 1, 0, 1, 0, 1]",1,0,0,,0.375,8
6906,9a5ea321-8861-11f1-9eaf-b48c9db4e1b4,3,"[0, 0, 1, 1, 0, 1, 0, 1]",2,1,-1,,0.375,8
6907,9a5ea321-8861-11f1-9eaf-b48c9db4e1b4,3,"[0, 0, 1, 1, 0, 1, 0, 1]",3,1,-1,,0.375,8
6908,9a5ea321-8861-11f1-9eaf-b48c9db4e1b4,3,"[0, 0, 1, 1, 0, 1, 0, 1]",4,0,0,,0.375,8
6909,9a5ea321-8861-11f1-9eaf-b48c9db4e1b4,3,"[0, 0, 1, 1, 0, 1, 0, 1]",5,1,-1,,0.375,8
6910,9a5ea321-8861-11f1-9eaf-b48c9db4e1b4,3,"[0, 0, 1, 1, 0, 1, 0, 1]",6,0,0,,0.375,8
6911,9a5ea321-8861-11f1-9eaf-b48c9db4e1b4,3,"[0, 0, 1, 1, 0, 1, 0, 1]",7,1,-1,,0.375,8
6912,9a5ea321-8861-11f1-9eaf-b48c9db4e1b4,4,"[1, 1, 1, 1, 1, 0, 1, 0]",0,1,-1,,0.375,8
6913,9a5ea321-8861-11f1-9eaf-b48c9db4e1b4,4,"[1, 1, 1, 1, 1, 0, 1, 0]",1,1,-1,,0.375,8
6914,9a5ea321-8861-11f1-9eaf-b48c9db4e1b4,4,"[1, 1, 1, 1, 1, 0, 1, 0]",2,1,-1,,0.375,8
6915,9a5ea321-8861-11f1-9eaf-b48c9db4e1b4,4,"[1, 1, 1, 1, 1, 0, 1, 0]",3,1,-1,,0.375,8
6916,9a5ea321-8861-11f1-9eaf-b48c9db4e1b4,4,"[1, 1, 1, 1, 1, 0, 1, 0]",4,1,-1,,0.375,8
6917,9a5ea321-8861-11f1-9eaf-b48c9db4e1b4,4,"[1, 1, 1, 1, 1, 0, 1, 0]",5,0,0,,0.375,8
6918,9a5ea321-8861-11f1-9eaf-b48c9db4e1b4,4,"[1, 1, 1, 1, 1, 0, 1, 0]",6,1,-1,,0.375,8
6919,9a5ea321-8861-11f1-9eaf-b48c9db4e1b4,4,"[1, 1, 1, 1, 1, 0, 1, 0]",7,0,0,,0.375,8
6920,9a5ea321-8861-11f1-9eaf-b48c9db4e1b4,5,"[1, 0, 0, 0, 0, 1, 1, 1]",0,1,-1,,0.375,8
6921,9a5ea321-8861-11f1-9eaf-b48c9db4e1b4,5,"[1, 0, 0, 0, 0, 1, 1, 1]",1,0,0,,0.375,8
6922,9a5ea321-8861-11f1-9eaf-b48c9db4e1b4,5,"[1, 0, 0, 0, 0, 1, 1, 1]",2,0,0,,0.375,8
6923,9a5ea321-8861-11f1-9eaf-b48c9db4e1b4,5,"[1, 0, 0, 0, 0, 1, 1, 1]",3,0,0,,0.375,8
6924,9a5ea321-8861-11f1-9eaf-b48c9db4e1b4,5,"[1, 0, 0, 0, 0, 1, 1, 1]",4,0,0,,0.375,8
6925,9a5ea321-8861-11f1-9eaf-b48c9db4e1b4,5,"[1, 0, 0, 0, 0, 1, 1, 1]",5,1,-1,,0.375,8
6926,9a5ea321-8861-11f1-9eaf-b48c9db4e1b4,5,"[1, 0, 0, 0, 0, 1, 1, 1]",6,1,-1,,0.375,8
6927,9a5ea321-8861-11f1-9eaf-b48c9db4e1b4,5,"[1, 0, 0, 0, 0, 1, 1, 1]",7,1,-1,,0.375,8
6928,9a5ea321-8861-11f1-9eaf-b48c9db4e1b4,6,"[0, 1, 1, 1, 1, 0, 1, 1]",0,0,0,,0.375,8
6929,9a5ea321-8861-11f1-9eaf-b48c9db4e1b4,6,"[0, 1, 1, 1, 1, 0, 1, 1]",1,1,-1,,0.375,8
6930,9a5ea321-8861-11f1-9eaf-b48c9db4e1b4,6,"[0, 1, 1, 1, 1, 0, 1, 1]",2,1,-1,,0.375,8
6931,9a5ea321-8861-11f1-9eaf-b48c9db4e1b4,6,"[0, 1, 1, 1, 1, 0, 1, 1]",3,1,-1,,0.375,8
6932,9a5ea321-8861-11f1-9eaf-b48c9db4e1b4,6,"[0, 1, 1, 1, 1, 0, 1, 1]",4,1,-1,,0.375,8
6933,9a5ea321-8861-11f1-9eaf-b48c9db4e1b4,6,"[0, 1, 1, 1, 1, 0, 1, 1]",5,0,0,,0.375,8
6934,9a5ea321-8861-11f1-9eaf-b48c9db4e1b4,6,"[0, 1, 1, 1, 1, 0, 1, 1]",6,1,-1,,0.375,8
6935,9a5ea321-8861-11f1-9eaf-b48c9db4e1b4,6,"[0, 1, 1, 1, 1, 0, 1, 1]",7,1,-1,,0.375,8
6936,9a5ea321-8861-11f1-9eaf-b48c9db4e1b4,7,"[1, 1, 1, 1, 0, 1, 1, 0]",0,1,-1,,0.375,8
6937,9a5ea321-8861-11f1-9eaf-b48c9db4e1b4,7,"[1, 1, 1, 1, 0, 1, 1, 0]",1,1,-1,,0.375,8
6938,9a5ea321-8861-11f1-9eaf-b48c9db4e1b4,7,"[1, 1, 1, 1, 0, 1, 1, 0]",2,1,-1,,0.375,8
6939,9a5ea321-8861-11f1-9eaf-b48c9db4e1b4,7,"[1, 1, 1, 1, 0, 1, 1, 0]",3,1,-1,,0.375,8
6940,9a5ea321-8861-11f1-9eaf-b48c9db4e1b4,7,"[1, 1, 1, 1, 0, 1, 1, 0]",4,0,0,,0.375,8
6941,9a5ea321-8861-11f1-9eaf-b48c9db4e1b4,7,"[1, 1, 1, 1, 0, 1, 1, 0]",5,1,-1,,0.375,8
6942,9a5ea321-8861-11f1-9eaf-b48c9db4e1b4,7,"[1, 1, 1, 1, 0, 1, 1, 0]",6,1,-1,,0.375,8
6943,9a5ea321-8861-11f1-9eaf-b48c9db4e1b4,7,"[1, 1, 1, 1, 0, 1, 1, 0]",7,0,0,,0.375,8
6944,9a5ea321-8861-11f1-9eaf-b48c9db4e1b4,8,"[0, 0, 0, 1, 0, 1, 0, 0]",0,0,0,,0.375,8
6945,9a5ea321-8861-11f1-9eaf-b48c9db4e1b4,8,"[0, 0, 0, 1, 0, 1, 0, 0]",1,0,0,,0.375,8
6946,9a5ea321-8861-11f1-9eaf-b48c9db4e1b4,8,"[0, 0, 0, 1, 0, 1, 0, 0]",2,0,0,,0.375,8
6947,9a5ea321-8861-11f1-9eaf-b48c9db4e1b4,8,"[0, 0, 0, 1, 0, 1, 0, 0]",3,1,1,,0.375,8
6948,9a5ea321-8861-11f1-9eaf-b48c9db4e1b4,8,"[0, 0, 0, 1, 0, 1, 0, 0]",4,0,0,,0.375,8
6949,9a5ea321-8861-11f1-9eaf-b48c9db4e1b4,8,"[0, 0, 0, 1, 0, 1, 0, 0]",5,1,1,,0.375,8
6950,9a5ea321-8861-11f1-9eaf-b48c9db4e1b4,8,"[0, 0, 0, 1, 0, 1, 0, 0]",6,0,0,,0.375,8
6951,9a5ea321-8861-11f1-9eaf-b48c9db4e1b4,8,"[0, 0, 0, 1, 0, 1, 0, 0]",7,0,0,,0.375,8
6952,9a5ea321-8861-11f1-9eaf-b48c9db4e1b4,9,"[0, 0, 1, 0, 0, 0, 1, 1]",0,0,0,,0.375,8
6953,9a5ea321-8861-11f1-9eaf-b48c9db4e1b4,9,"[0, 0, 1, 0, 0, 0, 1, 1]",1,0,0,,0.375,8
6954,9a5ea321-8861-11f1-9eaf-b48c9db4e1b4,9,"[0, 0, 1, 0, 0, 0, 1, 1]",2,1,1,,0.375,8
6955,9a5ea321-8861-11f1-9eaf-b48c9db4e1b4,9,"[0, 0, 1, 0, 0, 0, 1, 1]",3,0,0,,0.375,8
6956,9a5ea321-8861-11f1-9eaf-b48c9db4e1b4,9,"[0, 0, 1, 0, 0, 0, 1, 1]",4,0,0,,0.375,8
6957,9a5ea321-8861-11f1-9eaf-b48c9db4e1b4,9,"[0, 0, 1, 0, 0, 0, 1, 1]",5,0,0,,0.375,8
6958,9a5ea321-8861-11f1-9eaf-b48c9db4e1b4,9,"[0, 0, 1, 0, 0, 0, 1, 1]",6,1,1,,0.375,8
6959,9a5ea321-8861-11f1-9eaf-b48c9db4e1b4,9,"[0, 0, 1, 0, 0, 0, 1, 1]",7,1,1,,0.375,8
6960,9a5ea321-8861-11f1-9eaf-b48c9db4e1b4,10,"[0, 1, 1, 1, 1, 0, 1, 0]",0,0,0,,0.375,8
6961,9a5ea321-8861-11f1-9eaf-b48c9db4e1b4,10,"[0, 1, 1, 1, 1, 0, 1, 0]",1,1,-1,,0.375,8
6962,9a5ea321-8861-11f1-9eaf-b48c9db4e1b4,10,"[0, 1, 1, 1, 1, 0, 1, 0]",2,1,-1,,0.375,8
6963,9a5ea321-8861-11f1-9eaf-b48c9db4e1b4,10,"[0, 1, 1, 1, 1, 0, 1, 0]",3,1,-1,,0.375,8
6964,9a5ea321-8861-11f1-9eaf-b48c9db4e1b4,10,"[0, 1, 1, 1, 1, 0, 1, 0]",4,1,-1,,0.375,8
6965,9a5ea321-8861-11f1-9eaf-b48c9db4e1b4,10,"[0, 1, 1, 1, 1, 0, 1, 0]",5,0,0,,0.375,8
6966,9a5ea321-8861-11f1-9eaf-b48c9db4e1b4,10,"[0, 1, 1, 1, 1, 0, 1, 0]",6,1,-1,,0.375,8
6967,9a5ea321-8861-11f1-9eaf-b48c9db4e1b4,10,"[0, 1, 1, 1, 1, 0, 1, 0]",7,0,0,,0.375,8
6968,9a5ea321-8861-11f1-9eaf-b48c9db4e1b4,11,"[0, 1, 1, 0, 0, 1, 1, 1]",0,0,0,,0.375,8
6969,9a5ea321-8861-11f1-9eaf-b48c9db4e1b4,11,"[0, 1, 1, 0, 0, 1, 1, 1]",1,1,-1,,0.375,8
6970,9a5ea321-8861-11f1-9eaf-b48c9db4e1b4,11,"[0, 1, 1, 0, 0, 1, 1, 1]",2,1,-1,,0.375,8
6971,9a5ea321-8861-11f1-9eaf-b48c9db4e1b4,11,"[0, 1, 1, 0, 0, 1, 1, 1]",3,0,0,,0.375,8
6972,9a5ea321-8861-11f1-9eaf-b48c9db4e1b4,11,"[0, 1, 1, 0, 0, 1, 1, 1]",4,0,0,,0.375,8
6973,9a5ea321-8861-11f1-9eaf-b48c9db4e1b4,11,"[0, 1, 1, 0, 0, 1, 1, 1]",5,1,-1,,0.375,8
6974,9a5ea321-8861-11f1-9eaf-b48c9db4e1b4,11,"[0, 1, 1, 0, 0, 1, 1, 1]",6,1,-1,,0.375,8
6975,9a5ea321-8861-11f1-9eaf-b48c9db4e1b4,11,"[0, 1, 1, 0, 0, 1, 1, 1]",7,1,-1,,0.375,8
6976,9a5ea321-8861-11f1-9eaf-b48c9db4e1b4,12,"[0, 1, 0, 0, 0, 1, 0, 0]",0,0,0,,0.375,8
6977,9a5ea321-8861-11f1-9eaf-b48c9db4e1b4,12,"[0, 1, 0, 0, 0, 1, 0, 0]",1,1,1,,0.375,8
6978,9a5ea321-8861-11f1-9eaf-b48c9db4e1b4,12,"[0, 1, 0, 0, 0, 1, 0, 0]",2,0,0,,0.375,8
6979,9a5ea321-8861-11f1-9eaf-b48c9db4e1b4,12,"[0, 1, 0, 0, 0, 1, 0, 0]",3,0,0,,0.375,8
6980,9a5ea321-8861-11f1-9eaf-b48c9db4e1b4,12,"[0, 1, 0, 0, 0, 1, 0, 0]",4,0,0,,0.375,8
6981,9a5ea321-8861-11f1-9eaf-b48c9db4e1b4,12,"[0, 1, 0, 0, 0, 1, 0, 0]",5,1,1,,0.375,8
6982,9a5ea321-8861-11f1-9eaf-b48c9db4e1b4,12,"[0, 1, 0, 0, 0, 1, 0, 0]",6,0,0,,0.375,8
6983,9a5ea321-8861-11f1-9eaf-b48c9db4e1b4,12,"[0, 1, 0, 0, 0, 1, 0, 0]",7,0,0,,0.375,8
6984,9a5ea321-8861-11f1-9eaf-b48c9db4e1b4,13,"[0, 1, 0, 1, 1, 1, 1, 0]",0,0,0,,0.375,8
6985,9a5ea321-8861-11f1-9eaf-b48c9db4e1b4,13,"[0, 1, 0, 1, 1, 1, 1, 0]",1,1,-1,,0.375,8
6986,9a5ea321-8861-11f1-9eaf-b48c9db4e1b4,13,"[0, 1, 0, 1, 1, 1, 1, 0]",2,0,0,,0.375,8
6987,9a5ea321-8861-11f1-9eaf-b48c9db4e1b4,13,"[0, 1, 0, 1, 1, 1, 1, 0]",3,1,-1,,0.375,8
6988,9a5ea321-8861-11f1-9eaf-b48c9db4e1b4,13,"[0, 1, 0, 1, 1, 1, 1, 0]",4,1,-1,,0.375,8
6989,9a5ea321-8861-11f1-9eaf-b48c9db4e1b4,13,"[0, 1, 0, 1, 1, 1, 1, 0]",5,1,-1,,0.375,8
6990,9a5ea321-8861-11f1-9eaf-b48c9db4e1b4,13,"[0, 1, 0, 1, 1, 1, 1, 0]",6,1,-1,,0.375,8
6991,9a5ea321-8861-11f1-9eaf-b48c9db4e1b4,13,"[0, 1, 0, 1, 1, 1, 1, 0]",7,0,0,,0.375,8
6992,9a5ea321-8861-11f1-9eaf-b48c9db4e1b4,14,"[1, 1, 1, 0, 1, 0, 1, 1]",0,1,-1,,0.375,8
6993,9a5ea321-8861-11f1-9eaf-b48c9db4e1b4,14,"[1, 1, 1, 0, 1, 0, 1, 1]",1,1,-1,,0.375,8
6994,9a5ea321-8861-11f1-9eaf-b48c9db4e1b4,14,"[1, 1, 1, 0, 1, 0, 1, 1]",2,1,-1,,0.375,8
6995,9a5ea321-8861-11f1-9eaf-b48c9db4e1b4,14,"[1, 1, 1, 0, 1, 0, 1, 1]",3,0,0,,0.375,8
6996,9a5ea321-8861-11f1-9eaf-b48c9db4e1b4,14,"[1, 1, 1, 0, 1, 0, 1, 1]",4,1,-1,,0.375,8
6997,9a5ea321-8861-11f1-9eaf-b48c9db4e1b4,14,"[1, 1, 1, 0, 1, 0, 1, 1]",5,0,0,,0.375,8
6998,9a5ea321-8861-11f1-9eaf-b48c9db4e1b4,14,"[1, 1, 1, 0, 1, 0, 1, 1]",6,1,-1,,0.375,8
6999,9a5ea321-8861-11f1-9eaf-b48c9db4e1b4,14,"[1, 1, 1, 0, 1, 0, 1, 1]",7,1,-1,,0.375,8
7000,9a5ea321-8861-11f1-9eaf-b48c9db4e1b4,15,"[0, 1, 1, 0, 0, 0, 1, 0]",0,0,0,,0.375,8
7001,9a5ea321-8861-11f1-9eaf-b48c9db4e1b4,15,"[0, 1, 1, 0, 0, 0, 1, 0]",1,1,1,,0.375,8
7002,9a5ea321-8861-11f1-9eaf-b48c9db4e1b4,15,"[0, 1, 1, 0, 0, 0, 1, 0]",2,1,1,,0.375,8
7003,9a5ea321-8861-11f1-9eaf-b48c9db4e1b4,15,"[0, 1, 1, 0, 0, 0, 1, 0]",3,0,0,,0.375,8
7004,9a5ea321-8861-11f1-9eaf-b48c9db4e1b4,15,"[0, 1, 1, 0, 0, 0, 1, 0]",4,0,0,,0.375,8
7005,9a5ea321-8861-11f1-9eaf-b48c9db4e1b4,15,"[0, 1, 1, 0, 0, 0, 1, 0]",5,0,0,,0.375,8
7006,9a5ea321-8861-11f1-9eaf-b48c9db4e1b4,15,"[0, 1, 1, 0, 0, 0, 1, 0]",6,1,1,,0.375,8
7007,9a5ea321-8861-11f1-9eaf-b48c9db4e1b4,15,"[0, 1, 1, 0, 0, 0, 1, 0]",7,0,0,,0.375,8
7008,9a5ea321-8861-11f1-9eaf-b48c9db4e1b4,16,"[0, 1, 0, 0, 1, 1, 1, 1]",0,0,0,,0.375,8
7009,9a5ea321-8861-11f1-9eaf-b48c9db4e1b4,16,"[0, 1, 0, 0, 1, 1, 1, 1]",1,1,-1,,0.375,8
7010,9a5ea321-8861-11f1-9eaf-b48c9db4e1b4,16,"[0, 1, 0, 0, 1, 1, 1, 1]",2,0,0,,0.375,8
7011,9a5ea321-8861-11f1-9eaf-b48c9db4e1b4,16,"[0, 1, 0, 0, 1, 1, 1, 1]",3,0,0,,0.375,8
7012,9a5ea321-8861-11f1-9eaf-b48c9db4e1b4,16,"[0, 1, 0, 0, 1, 1, 1, 1]",4,1,-1,,0.375,8
7013,9a5ea321-8861-11f1-9eaf-b48c9db4e1b4,16,"[0, 1, 0, 0, 1, 1, 1, 1]",5,1,-1,,0.375,8
7014,9a5ea321-8861-11f1-9eaf-b48c9db4e1b4,16,"[0, 1, 0, 0, 1, 1, 1, 1]",6,1,-1,,0.375,8
7015,9a5ea321-8861-11f1-9eaf-b48c9db4e1b4,16,"[0, 1, 0, 0, 1, 1, 1, 1]",7,1,-1,,0.375,8
7016,9a5ea321-8861-11f1-9eaf-b48c9db4e1b4,17,"[0, 0, 0, 1, 1, 0, 0, 1]",0,0,0,,0.375,8
7017,9a5ea321-8861-11f1-9eaf-b48c9db4e1b4,17,"[0, 0, 0, 1, 1, 0, 0, 1]",1,0,0,,0.375,8
7018,9a5ea321-8861-11f1-9eaf-b48c9db4e1b4,17,"[0, 0, 0, 1, 1, 0, 0, 1]",2,0,0,,0.375,8
7019,9a5ea321-8861-11f1-9eaf-b48c9db4e1b4,17,"[0, 0, 0, 1, 1, 0, 0, 1]",3,1,1,,0.375,8
7020,9a5ea321-8861-11f1-9eaf-b48c9db4e1b4,17,"[0, 0, 0, 1, 1, 0, 0, 1]",4,1,1,,0.375,8
7021,9a5ea321-8861-11f1-9eaf-b48c9db4e1b4,17,"[0, 0, 0, 1, 1, 0, 0, 1]",5,0,0,,0.375,8
7022,9a5ea321-8861-11f1-9eaf-b48c9db4e1b4,17,"[0, 0, 0, 1, 1, 0, 0, 1]",6,0,0,,0.375,8
7023,9a5ea321-8861-11f1-9eaf-b48c9db4e1b4,17,"[0, 0, 0, 1, 1, 0, 0, 1]",7,1,1,,0.375,8
7024,9a5ea321-8861-11f1-9eaf-b48c9db4e1b4,18,"[1, 0, 0, 1, 1, 0, 1, 1]",0,1,-1,,0.375,8
7025,9a5ea321-8861-11f1-9eaf-b48c9db4e1b4,18,"[1, 0, 0, 1, 1, 0, 1, 1]",1,0,0,,0.375,8
7026,9a5ea321-8861-11f1-9eaf-b48c9db4e1b4,18,"[1, 0, 0, 1, 1, 0, 1, 1]",2,0,0,,0.375,8
7027,9a5ea321-8861-11f1-9eaf-b48c9db4e1b4,18,"[1, 0, 0, 1, 1, 0, 1, 1]",3,1,-1,,0.375,8
7028,9a5ea321-8861-11f1-9eaf-b48c9db4e1b4,18,"[1, 0, 0, 1, 1, 0, 1, 1]",4,1,-1,,0.375,8
7029,9a5ea321-8861-11f1-9eaf-b48c9db4e1b4,18,"[1, 0, 0, 1, 1, 0, 1, 1]",5,0,0,,0.375,8
7030,9a5ea321-8861-11f1-9eaf-b48c9db4e1b4,18,"[1, 0, 0, 1, 1, 0, 1, 1]",6,1,-1,,0.375,8
7031,9a5ea321-8861-11f1-9eaf-b48c9db4e1b4,18,"[1, 0, 0, 1, 1, 0, 1, 1]",7,1,-1,,0.375,8
7032,9a5ea321-8861-11f1-9eaf-b48c9db4e1b4,19,"[0, 0, 0, 0, 1, 0, 0, 1]",0,0,0,,0.375,8
7033,9a5ea321-8861-11f1-9eaf-b48c9db4e1b4,19,"[0, 0, 0, 0, 1, 0, 0, 1]",1,0,0,,0.375,8
7034,9a5ea321-8861-11f1-9eaf-b48c9db4e1b4,19,"[0, 0, 0, 0, 1, 0, 0, 1]",2,0,0,,0.375,8
7035,9a5ea321-8861-11f1-9eaf-b48c9db4e1b4,19,"[0, 0, 0, 0, 1, 0, 0, 1]",3,0,0,,0.375,8
7036,9a5ea321-8861-11f1-9eaf-b48c9db4e1b4,19,"[0, 0, 0, 0, 1, 0, 0, 1]",4,1,1,,0.375,8
7037,9a5ea321-8861-11f1-9eaf-b48c9db4e1b4,19,"[0, 0, 0, 0, 1, 0, 0, 1]",5,0,0,,0.375,8
7038,9a5ea321-8861-11f1-9eaf-b48c9db4e1b4,19,"[0, 0, 0, 0, 1, 0, 0, 1]",6,0,0,,0.375,8
7039,9a5ea321-8861-11f1-9eaf-b48c9db4e1b4,19,"[0, 0, 0, 0, 1, 0, 0, 1]",7,1,1,,0.375,8
7040,9a61764f-8861-11f1-9ac7-b48c9db4e1b4,0,"[1, 0, 1, 0, 1, 0, 1, 0]",0,1,-1,,0.375,8
7041,9a61764f-8861-11f1-9ac7-b48c9db4e1b4,0,"[1, 0, 1, 0, 1, 0, 1, 0]",1,0,0,,0.375,8
7042,9a61764f-8861-11f1-9ac7-b48c9db4e1b4,0,"[1, 0, 1, 0, 1, 0, 1, 0]",2,1,-1,,0.375,8
7043,9a61764f-8861-11f1-9ac7-b48c9db4e1b4,0,"[1, 0, 1, 0, 1, 0, 1, 0]",3,0,0,,0.375,8
7044,9a61764f-8861-11f1-9ac7-b48c9db4e1b4,0,"[1, 0, 1, 0, 1, 0, 1, 0]",4,1,-1,,0.375,8
7045,9a61764f-8861-11f1-9ac7-b48c9db4e1b4,0,"[1, 0, 1, 0, 1, 0, 1, 0]",5,0,0,,0.375,8
7046,9a61764f-8861-11f1-9ac7-b48c9db4e1b4,0,"[1, 0, 1, 0, 1, 0, 1, 0]",6,1,-1,,0.375,8
7047,9a61764f-8861-11f1-9ac7-b48c9db4e1b4,0,"[1, 0, 1, 0, 1, 0, 1, 0]",7,0,0,,0.375,8
7048,9a61764f-8861-11f1-9ac7-b48c9db4e1b4,1,"[1, 1, 1, 0, 1, 0, 1, 1]",0,1,-1,,0.375,8
7049,9a61764f-8861-11f1-9ac7-b48c9db4e1b4,1,"[1, 1, 1, 0, 1, 0, 1, 1]",1,1,-1,,0.375,8
7050,9a61764f-8861-11f1-9ac7-b48c9db4e1b4,1,"[1, 1, 1, 0, 1, 0, 1, 1]",2,1,-1,,0.375,8
7051,9a61764f-8861-11f1-9ac7-b48c9db4e1b4,1,"[1, 1, 1, 0, 1, 0, 1, 1]",3,0,0,,0.375,8
7052,9a61764f-8861-11f1-9ac7-b48c9db4e1b4,1,"[1, 1, 1, 0, 1, 0, 1, 1]",4,1,-1,,0.375,8
7053,9a61764f-8861-11f1-9ac7-b48c9db4e1b4,1,"[1, 1, 1, 0, 1, 0, 1, 1]",5,0,0,,0.375,8
7054,9a61764f-8861-11f1-9ac7-b48c9db4e1b4,1,"[1, 1, 1, 0, 1, 0, 1, 1]",6,1,-1,,0.375,8
7055,9a61764f-8861-11f1-9ac7-b48c9db4e1b4,1,"[1, 1, 1, 0, 1, 0, 1, 1]",7,1,-1,,0.375,8
7056,9a61764f-8861-11f1-9ac7-b48c9db4e1b4,2,"[0, 1, 0, 1, 1, 0, 0, 0]",0,0,0,,0.375,8
7057,9a61764f-8861-11f1-9ac7-b48c9db4e1b4,2,"[0, 1, 0, 1, 1, 0, 0, 0]",1,1,1,,0.375,8
7058,9a61764f-8861-11f1-9ac7-b48c9db4e1b4,2,"[0, 1, 0, 1, 1, 0, 0, 0]",2,0,0,,0.375,8
7059,9a61764f-8861-11f1-9ac7-b48c9db4e1b4,2,"[0, 1, 0, 1, 1, 0, 0, 0]",3,1,1,,0.375,8
7060,9a61764f-8861-11f1-9ac7-b48c9db4e1b4,2,"[0, 1, 0, 1, 1, 0, 0, 0]",4,1,1,,0.375,8
7061,9a61764f-8861-11f1-9ac7-b48c9db4e1b4,2,"[0, 1, 0, 1, 1, 0, 0, 0]",5,0,0,,0.375,8
7062,9a61764f-8861-11f1-9ac7-b48c9db4e1b4,2,"[0, 1, 0, 1, 1, 0, 0, 0]",6,0,0,,0.375,8
7063,9a61764f-8861-11f1-9ac7-b48c9db4e1b4,2,"[0, 1, 0, 1, 1, 0, 0, 0]",7,0,0,,0.375,8
7064,9a61764f-8861-11f1-9ac7-b48c9db4e1b4,3,"[0, 0, 1, 0, 1, 1, 1, 0]",0,0,0,,0.375,8
7065,9a61764f-8861-11f1-9ac7-b48c9db4e1b4,3,"[0, 0, 1, 0, 1, 1, 1, 0]",1,0,0,,0.375,8
7066,9a61764f-8861-11f1-9ac7-b48c9db4e1b4,3,"[0, 0, 1, 0, 1, 1, 1, 0]",2,1,-1,,0.375,8
7067,9a61764f-8861-11f1-9ac7-b48c9db4e1b4,3,"[0, 0, 1, 0, 1, 1, 1, 0]",3,0,0,,0.375,8
7068,9a61764f-8861-11f1-9ac7-b48c9db4e1b4,3,"[0, 0, 1, 0, 1, 1, 1, 0]",4,1,-1,,0.375,8
7069,9a61764f-8861-11f1-9ac7-b48c9db4e1b4,3,"[0, 0, 1, 0, 1, 1, 1, 0]",5,1,-1,,0.375,8
7070,9a61764f-8861-11f1-9ac7-b48c9db4e1b4,3,"[0, 0, 1, 0, 1, 1, 1, 0]",6,1,-1,,0.375,8
7071,9a61764f-8861-11f1-9ac7-b48c9db4e1b4,3,"[0, 0, 1, 0, 1, 1, 1, 0]",7,0,0,,0.375,8
7072,9a61764f-8861-11f1-9ac7-b48c9db4e1b4,4,"[0, 1, 1, 0, 0, 1, 1, 1]",0,0,0,,0.375,8
7073,9a61764f-8861-11f1-9ac7-b48c9db4e1b4,4,"[0, 1, 1, 0, 0, 1, 1, 1]",1,1,-1,,0.375,8
7074,9a61764f-8861-11f1-9ac7-b48c9db4e1b4,4,"[0, 1, 1, 0, 0, 1, 1, 1]",2,1,-1,,0.375,8
7075,9a61764f-8861-11f1-9ac7-b48c9db4e1b4,4,"[0, 1, 1, 0, 0, 1, 1, 1]",3,0,0,,0.375,8
7076,9a61764f-8861-11f1-9ac7-b48c9db4e1b4,4,"[0, 1, 1, 0, 0, 1, 1, 1]",4,0,0,,0.375,8
7077,9a61764f-8861-11f1-9ac7-b48c9db4e1b4,4,"[0, 1, 1, 0, 0, 1, 1, 1]",5,1,-1,,0.375,8
7078,9a61764f-8861-11f1-9ac7-b48c9db4e1b4,4,"[0, 1, 1, 0, 0, 1, 1, 1]",6,1,-1,,0.375,8
7079,9a61764f-8861-11f1-9ac7-b48c9db4e1b4,4,"[0, 1, 1, 0, 0, 1, 1, 1]",7,1,-1,,0.375,8
7080,9a61764f-8861-11f1-9ac7-b48c9db4e1b4,5,"[0, 0, 0, 1, 0, 1, 0, 0]",0,0,0,,0.375,8
7081,9a61764f-8861-11f1-9ac7-b48c9db4e1b4,5,"[0, 0, 0, 1, 0, 1, 0, 0]",1,0,0,,0.375,8
7082,9a61764f-8861-11f1-9ac7-b48c9db4e1b4,5,"[0, 0, 0, 1, 0, 1, 0, 0]",2,0,0,,0.375,8
7083,9a61764f-8861-11f1-9ac7-b48c9db4e1b4,5,"[0, 0, 0, 1, 0, 1, 0, 0]",3,1,1,,0.375,8
7084,9a61764f-8861-11f1-9ac7-b48c9db4e1b4,5,"[0, 0, 0, 1, 0, 1, 0, 0]",4,0,0,,0.375,8
7085,9a61764f-8861-11f1-9ac7-b48c9db4e1b4,5,"[0, 0, 0, 1, 0, 1, 0, 0]",5,1,1,,0.375,8
7086,9a61764f-8861-11f1-9ac7-b48c9db4e1b4,5,"[0, 0, 0, 1, 0, 1, 0, 0]",6,0,0,,0.375,8
7087,9a61764f-8861-11f1-9ac7-b48c9db4e1b4,5,"[0, 0, 0, 1, 0, 1, 0, 0]",7,0,0,,0.375,8
7088,9a61764f-8861-11f1-9ac7-b48c9db4e1b4,6,"[1, 1, 1, 1, 1, 1, 1, 0]",0,1,-1,,0.375,8
7089,9a61764f-8861-11f1-9ac7-b48c9db4e1b4,6,"[1, 1, 1, 1, 1, 1, 1, 0]",1,1,-1,,0.375,8
7090,9a61764f-8861-11f1-9ac7-b48c9db4e1b4,6,"[1, 1, 1, 1, 1, 1, 1, 0]",2,1,-1,,0.375,8
7091,9a61764f-8861-11f1-9ac7-b48c9db4e1b4,6,"[1, 1, 1, 1, 1, 1, 1, 0]",3,1,-1,,0.375,8
7092,9a61764f-8861-11f1-9ac7-b48c9db4e1b4,6,"[1, 1, 1, 1, 1, 1, 1, 0]",4,1,-1,,0.375,8
7093,9a61764f-8861-11f1-9ac7-b48c9db4e1b4,6,"[1, 1, 1, 1, 1, 1, 1, 0]",5,1,-1,,0.375,8
7094,9a61764f-8861-11f1-9ac7-b48c9db4e1b4,6,"[1, 1, 1, 1, 1, 1, 1, 0]",6,1,-1,,0.375,8
7095,9a61764f-8861-11f1-9ac7-b48c9db4e1b4,6,"[1, 1, 1, 1, 1, 1, 1, 0]",7,0,0,,0.375,8
7096,9a61764f-8861-11f1-9ac7-b48c9db4e1b4,7,"[0, 0, 1, 1, 0, 1, 0, 1]",0,0,0,,0.375,8
7097,9a61764f-8861-11f1-9ac7-b48c9db4e1b4,7,"[0, 0, 1, 1, 0, 1, 0, 1]",1,0,0,,0.375,8
7098,9a61764f-8861-11f1-9ac7-b48c9db4e1b4,7,"[0, 0, 1, 1, 0, 1, 0, 1]",2,1,-1,,0.375,8
7099,9a61764f-8861-11f1-9ac7-b48c9db4e1b4,7,"[0, 0, 1, 1, 0, 1, 0, 1]",3,1,-1,,0.375,8
7100,9a61764f-8861-11f1-9ac7-b48c9db4e1b4,7,"[0, 0, 1, 1, 0, 1, 0, 1]",4,0,0,,0.375,8
7101,9a61764f-8861-11f1-9ac7-b48c9db4e1b4,7,"[0, 0, 1, 1, 0, 1, 0, 1]",5,1,-1,,0.375,8
7102,9a61764f-8861-11f1-9ac7-b48c9db4e1b4,7,"[0, 0, 1, 1, 0, 1, 0, 1]",6,0,0,,0.375,8
7103,9a61764f-8861-11f1-9ac7-b48c9db4e1b4,7,"[0, 0, 1, 1, 0, 1, 0, 1]",7,1,-1,,0.375,8
7104,9a61764f-8861-11f1-9ac7-b48c9db4e1b4,8,"[1, 0, 0, 0, 1, 0, 0, 1]",0,1,1,,0.375,8
7105,9a61764f-8861-11f1-9ac7-b48c9db4e1b4,8,"[1, 0, 0, 0, 1, 0, 0, 1]",1,0,0,,0.375,8
7106,9a61764f-8861-11f1-9ac7-b48c9db4e1b4,8,"[1, 0, 0, 0, 1, 0, 0, 1]",2,0,0,,0.375,8
7107,9a61764f-8861-11f1-9ac7-b48c9db4e1b4,8,"[1, 0, 0, 0, 1, 0, 0, 1]",3,0,0,,0.375,8
7108,9a61764f-8861-11f1-9ac7-b48c9db4e1b4,8,"[1, 0, 0, 0, 1, 0, 0, 1]",4,1,1,,0.375,8
7109,9a61764f-8861-11f1-9ac7-b48c9db4e1b4,8,"[1, 0, 0, 0, 1, 0, 0, 1]",5,0,0,,0.375,8
7110,9a61764f-8861-11f1-9ac7-b48c9db4e1b4,8,"[1, 0, 0, 0, 1, 0, 0, 1]",6,0,0,,0.375,8
7111,9a61764f-8861-11f1-9ac7-b48c9db4e1b4,8,"[1, 0, 0, 0, 1, 0, 0, 1]",7,1,1,,0.375,8
7112,9a61764f-8861-11f1-9ac7-b48c9db4e1b4,9,"[0, 1, 0, 0, 0, 1, 1, 0]",0,0,0,,0.375,8
7113,9a61764f-8861-11f1-9ac7-b48c9db4e1b4,9,"[0, 1, 0, 0, 0, 1, 1, 0]",1,1,1,,0.375,8
7114,9a61764f-8861-11f1-9ac7-b48c9db4e1b4,9,"[0, 1, 0, 0, 0, 1, 1, 0]",2,0,0,,0.375,8
7115,9a61764f-8861-11f1-9ac7-b48c9db4e1b4,9,"[0, 1, 0, 0, 0, 1, 1, 0]",3,0,0,,0.375,8
7116,9a61764f-8861-11f1-9ac7-b48c9db4e1b4,9,"[0, 1, 0, 0, 0, 1, 1, 0]",4,0,0,,0.375,8
7117,9a61764f-8861-11f1-9ac7-b48c9db4e1b4,9,"[0, 1, 0, 0, 0, 1, 1, 0]",5,1,1,,0.375,8
7118,9a61764f-8861-11f1-9ac7-b48c9db4e1b4,9,"[0, 1, 0, 0, 0, 1, 1, 0]",6,1,1,,0.375,8
7119,9a61764f-8861-11f1-9ac7-b48c9db4e1b4,9,"[0, 1, 0, 0, 0, 1, 1, 0]",7,0,0,,0.375,8
7120,9a61764f-8861-11f1-9ac7-b48c9db4e1b4,10,"[1, 0, 1, 0, 0, 1, 0, 0]",0,1,1,,0.375,8
7121,9a61764f-8861-11f1-9ac7-b48c9db4e1b4,10,"[1, 0, 1, 0, 0, 1, 0, 0]",1,0,0,,0.375,8
7122,9a61764f-8861-11f1-9ac7-b48c9db4e1b4,10,"[1, 0, 1, 0, 0, 1, 0, 0]",2,1,1,,0.375,8
7123,9a61764f-8861-11f1-9ac7-b48c9db4e1b4,10,"[1, 0, 1, 0, 0, 1, 0, 0]",3,0,0,,0.375,8
7124,9a61764f-8861-11f1-9ac7-b48c9db4e1b4,10,"[1, 0, 1, 0, 0, 1, 0, 0]",4,0,0,,0.375,8
7125,9a61764f-8861-11f1-9ac7-b48c9db4e1b4,10,"[1, 0, 1, 0, 0, 1, 0, 0]",5,1,1,,0.375,8
7126,9a61764f-8861-11f1-9ac7-b48c9db4e1b4,10,"[1, 0, 1, 0, 0, 1, 0, 0]",6,0,0,,0.375,8
7127,9a61764f-8861-11f1-9ac7-b48c9db4e1b4,10,"[1, 0, 1, 0, 0, 1, 0, 0]",7,0,0,,0.375,8
7128,9a61764f-8861-11f1-9ac7-b48c9db4e1b4,11,"[1, 1, 1, 0, 1, 1, 1, 0]",0,1,-1,,0.375,8
7129,9a61764f-8861-11f1-9ac7-b48c9db4e1b4,11,"[1, 1, 1, 0, 1, 1, 1, 0]",1,1,-1,,0.375,8
7130,9a61764f-8861-11f1-9ac7-b48c9db4e1b4,11,"[1, 1, 1, 0, 1, 1, 1, 0]",2,1,-1,,0.375,8
7131,9a61764f-8861-11f1-9ac7-b48c9db4e1b4,11,"[1, 1, 1, 0, 1, 1, 1, 0]",3,0,0,,0.375,8
7132,9a61764f-8861-11f1-9ac7-b48c9db4e1b4,11,"[1, 1, 1, 0, 1, 1, 1, 0]",4,1,-1,,0.375,8
7133,9a61764f-8861-11f1-9ac7-b48c9db4e1b4,11,"[1, 1, 1, 0, 1, 1, 1, 0]",5,1,-1,,0.375,8
7134,9a61764f-8861-11f1-9ac7-b48c9db4e1b4,11,"[1, 1, 1, 0, 1, 1, 1, 0]",6,1,-1,,0.375,8
7135,9a61764f-8861-11f1-9ac7-b48c9db4e1b4,11,"[1, 1, 1, 0, 1, 1, 1, 0]",7,0,0,,0.375,8
7136,9a61764f-8861-11f1-9ac7-b48c9db4e1b4,12,"[0, 0, 0, 1, 0, 0, 0, 1]",0,0,0,,0.375,8
7137,9a61764f-8861-11f1-9ac7-b48c9db4e1b4,12,"[0, 0, 0, 1, 0, 0, 0, 1]",1,0,0,,0.375,8
7138,9a61764f-8861-11f1-9ac7-b48c9db4e1b4,12,"[0, 0, 0, 1, 0, 0, 0, 1]",2,0,0,,0.375,8
7139,9a61764f-8861-11f1-9ac7-b48c9db4e1b4,12,"[0, 0, 0, 1, 0, 0, 0, 1]",3,1,1,,0.375,8
7140,9a61764f-8861-11f1-9ac7-b48c9db4e1b4,12,"[0, 0, 0, 1, 0, 0, 0, 1]",4,0,0,,0.375,8
7141,9a61764f-8861-11f1-9ac7-b48c9db4e1b4,12,"[0, 0, 0, 1, 0, 0, 0, 1]",5,0,0,,0.375,8
7142,9a61764f-8861-11f1-9ac7-b48c9db4e1b4,12,"[0, 0, 0, 1, 0, 0, 0, 1]",6,0,0,,0.375,8
7143,9a61764f-8861-11f1-9ac7-b48c9db4e1b4,12,"[0, 0, 0, 1, 0, 0, 0, 1]",7,1,1,,0.375,8
7144,9a61764f-8861-11f1-9ac7-b48c9db4e1b4,13,"[0, 0, 0, 0, 1, 1, 1, 0]",0,0,0,,0.375,8
7145,9a61764f-8861-11f1-9ac7-b48c9db4e1b4,13,"[0, 0, 0, 0, 1, 1, 1, 0]",1,0,0,,0.375,8
7146,9a61764f-8861-11f1-9ac7-b48c9db4e1b4,13,"[0, 0, 0, 0, 1, 1, 1, 0]",2,0,0,,0.375,8
7147,9a61764f-8861-11f1-9ac7-b48c9db4e1b4,13,"[0, 0, 0, 0, 1, 1, 1, 0]",3,0,0,,0.375,8
7148,9a61764f-8861-11f1-9ac7-b48c9db4e1b4,13,"[0, 0, 0, 0, 1, 1, 1, 0]",4,1,1,,0.375,8
7149,9a61764f-8861-11f1-9ac7-b48c9db4e1b4,13,"[0, 0, 0, 0, 1, 1, 1, 0]",5,1,1,,0.375,8
7150,9a61764f-8861-11f1-9ac7-b48c9db4e1b4,13,"[0, 0, 0, 0, 1, 1, 1, 0]",6,1,1,,0.375,8
7151,9a61764f-8861-11f1-9ac7-b48c9db4e1b4,13,"[0, 0, 0, 0, 1, 1, 1, 0]",7,0,0,,0.375,8
7152,9a61764f-8861-11f1-9ac7-b48c9db4e1b4,14,"[1, 0, 1, 0, 0, 1, 1, 0]",0,1,-1,,0.375,8
7153,9a61764f-8861-11f1-9ac7-b48c9db4e1b4,14,"[1, 0, 1, 0, 0, 1, 1, 0]",1,0,0,,0.375,8
7154,9a61764f-8861-11f1-9ac7-b48c9db4e1b4,14,"[1, 0, 1, 0, 0, 1, 1, 0]",2,1,-1,,0.375,8
7155,9a61764f-8861-11f1-9ac7-b48c9db4e1b4,14,"[1, 0, 1, 0, 0, 1, 1, 0]",3,0,0,,0.375,8
7156,9a61764f-8861-11f1-9ac7-b48c9db4e1b4,14,"[1, 0, 1, 0, 0, 1, 1, 0]",4,0,0,,0.375,8
7157,9a61764f-8861-11f1-9ac7-b48c9db4e1b4,14,"[1, 0, 1, 0, 0, 1, 1, 0]",5,1,-1,,0.375,8
7158,9a61764f-8861-11f1-9ac7-b48c9db4e1b4,14,"[1, 0, 1, 0, 0, 1, 1, 0]",6,1,-1,,0.375,8
7159,9a61764f-8861-11f1-9ac7-b48c9db4e1b4,14,"[1, 0, 1, 0, 0, 1, 1, 0]",7,0,0,,0.375,8
7160,9a61764f-8861-11f1-9ac7-b48c9db4e1b4,15,"[1, 0, 1, 0, 1, 1, 1, 0]",0,1,-1,,0.375,8
7161,9a61764f-8861-11f1-9ac7-b48c9db4e1b4,15,"[1, 0, 1, 0, 1, 1, 1, 0]",1,0,0,,0.375,8
7162,9a61764f-8861-11f1-9ac7-b48c9db4e1b4,15,"[1, 0, 1, 0, 1, 1, 1, 0]",2,1,-1,,0.375,8
7163,9a61764f-8861-11f1-9ac7-b48c9db4e1b4,15,"[1, 0, 1, 0, 1, 1, 1, 0]",3,0,0,,0.375,8
7164,9a61764f-8861-11f1-9ac7-b48c9db4e1b4,15,"[1, 0, 1, 0, 1, 1, 1, 0]",4,1,-1,,0.375,8
7165,9a61764f-8861-11f1-9ac7-b48c9db4e1b4,15,"[1, 0, 1, 0, 1, 1, 1, 0]",5,1,-1,,0.375,8
7166,9a61764f-8861-11f1-9ac7-b48c9db4e1b4,15,"[1, 0, 1, 0, 1, 1, 1, 0]",6,1,-1,,0.375,8
7167,9a61764f-8861-11f1-9ac7-b48c9db4e1b4,15,"[1, 0, 1, 0, 1, 1, 1, 0]",7,0,0,,0.375,8
7168,9a61764f-8861-11f1-9ac7-b48c9db4e1b4,16,"[1, 1, 1, 0, 1, 0, 1, 1]",0,1,-1,,0.375,8
7169,9a61764f-8861-11f1-9ac7-b48c9db4e1b4,16,"[1, 1, 1, 0, 1, 0, 1, 1]",1,1,-1,,0.375,8
7170,9a61764f-8861-11f1-9ac7-b48c9db4e1b4,16,"[1, 1, 1, 0, 1, 0, 1, 1]",2,1,-1,,0.375,8
7171,9a61764f-8861-11f1-9ac7-b48c9db4e1b4,16,"[1, 1, 1, 0, 1, 0, 1, 1]",3,0,0,,0.375,8
7172,9a61764f-8861-11f1-9ac7-b48c9db4e1b4,16,"[1, 1, 1, 0, 1, 0, 1, 1]",4,1,-1,,0.375,8
7173,9a61764f-8861-11f1-9ac7-b48c9db4e1b4,16,"[1, 1, 1, 0, 1, 0, 1, 1]",5,0,0,,0.375,8
7174,9a61764f-8861-11f1-9ac7-b48c9db4e1b4,16,"[1, 1, 1, 0, 1, 0, 1, 1]",6,1,-1,,0.375,8
7175,9a61764f-8861-11f1-9ac7-b48c9db4e1b4,16,"[1, 1, 1, 0, 1, 0, 1, 1]",7,1,-1,,0.375,8
7176,9a61764f-8861-11f1-9ac7-b48c9db4e1b4,17,"[1, 1, 0, 1, 1, 0, 0, 0]",0,1,-1,,0.375,8
7177,9a61764f-8861-11f1-9ac7-b48c9db4e1b4,17,"[1, 1, 0, 1, 1, 0, 0, 0]",1,1,-1,,0.375,8
7178,9a61764f-8861-11f1-9ac7-b48c9db4e1b4,17,"[1, 1, 0, 1, 1, 0, 0, 0]",2,0,0,,0.375,8
7179,9a61764f-8861-11f1-9ac7-b48c9db4e1b4,17,"[1, 1, 0, 1, 1, 0, 0, 0]",3,1,-1,,0.375,8
7180,9a61764f-8861-11f1-9ac7-b48c9db4e1b4,17,"[1, 1, 0, 1, 1, 0, 0, 0]",4,1,-1,,0.375,8
7181,9a61764f-8861-11f1-9ac7-b48c9db4e1b4,17,"[1, 1, 0, 1, 1, 0, 0, 0]",5,0,0,,0.375,8
7182,9a61764f-8861-11f1-9ac7-b48c9db4e1b4,17,"[1, 1, 0, 1, 1, 0, 0, 0]",6,0,0,,0.375,8
7183,9a61764f-8861-11f1-9ac7-b48c9db4e1b4,17,"[1, 1, 0, 1, 1, 0, 0, 0]",7,0,0,,0.375,8
7184,9a61764f-8861-11f1-9ac7-b48c9db4e1b4,18,"[1, 1, 0, 1, 0, 1, 0, 0]",0,1,-1,,0.375,8
7185,9a61764f-8861-11f1-9ac7-b48c9db4e1b4,18,"[1, 1, 0, 1, 0, 1, 0, 0]",1,1,-1,,0.375,8
7186,9a61764f-8861-11f1-9ac7-b48c9db4e1b4,18,"[1, 1, 0, 1, 0, 1, 0, 0]",2,0,0,,0.375,8
7187,9a61764f-8861-11f1-9ac7-b48c9db4e1b4,18,"[1, 1, 0, 1, 0, 1, 0, 0]",3,1,-1,,0.375,8
7188,9a61764f-8861-11f1-9ac7-b48c9db4e1b4,18,"[1, 1, 0, 1, 0, 1, 0, 0]",4,0,0,,0.375,8
7189,9a61764f-8861-11f1-9ac7-b48c9db4e1b4,18,"[1, 1, 0, 1, 0, 1, 0, 0]",5,1,-1,,0.375,8
7190,9a61764f-8861-11f1-9ac7-b48c9db4e1b4,18,"[1, 1, 0, 1, 0, 1, 0, 0]",6,0,0,,0.375,8
7191,9a61764f-8861-11f1-9ac7-b48c9db4e1b4,18,"[1, 1, 0, 1, 0, 1, 0, 0]",7,0,0,,0.375,8
7192,9a61764f-8861-11f1-9ac7-b48c9db4e1b4,19,"[0, 0, 0, 1, 1, 0, 1, 1]",0,0,0,,0.375,8
7193,9a61764f-8861-11f1-9ac7-b48c9db4e1b4,19,"[0, 0, 0, 1, 1, 0, 1, 1]",1,0,0,,0.375,8
7194,9a61764f-8861-11f1-9ac7-b48c9db4e1b4,19,"[0, 0, 0, 1, 1, 0, 1, 1]",2,0,0,,0.375,8
7195,9a61764f-8861-11f1-9ac7-b48c9db4e1b4,19,"[0, 0, 0, 1, 1, 0, 1, 1]",3,1,-1,,0.375,8
7196,9a61764f-8861-11f1-9ac7-b48c9db4e1b4,19,"[0, 0, 0, 1, 1, 0, 1, 1]",4,1,-1,,0.375,8
7197,9a61764f-8861-11f1-9ac7-b48c9db4e1b4,19,"[0, 0, 0, 1, 1, 0, 1, 1]",5,0,0,,0.375,8
7198,9a61764f-8861-11f1-9ac7-b48c9db4e1b4,19,"[0, 0, 0, 1, 1, 0, 1, 1]",6,1,-1,,0.375,8
7199,9a61764f-8861-11f1-9ac7-b48c9db4e1b4,19,"[0, 0, 0, 1, 1, 0, 1, 1]",7,1,-1,,0.375,8
7200,9a644a8c-8861-11f1-9de9-b48c9db4e1b4,0,"[0, 0, 0, 0, 1, 0, 0, 1]",0,0,0,,0.375,8
7201,9a644a8c-8861-11f1-9de9-b48c9db4e1b4,0,"[0, 0, 0, 0, 1, 0, 0, 1]",1,0,0,,0.375,8
7202,9a644a8c-8861-11f1-9de9-b48c9db4e1b4,0,"[0, 0, 0, 0, 1, 0, 0, 1]",2,0,0,,0.375,8
7203,9a644a8c-8861-11f1-9de9-b48c9db4e1b4,0,"[0, 0, 0, 0, 1, 0, 0, 1]",3,0,0,,0.375,8
7204,9a644a8c-8861-11f1-9de9-b48c9db4e1b4,0,"[0, 0, 0, 0, 1, 0, 0, 1]",4,1,1,,0.375,8
7205,9a644a8c-8861-11f1-9de9-b48c9db4e1b4,0,"[0, 0, 0, 0, 1, 0, 0, 1]",5,0,0,,0.375,8
7206,9a644a8c-8861-11f1-9de9-b48c9db4e1b4,0,"[0, 0, 0, 0, 1, 0, 0, 1]",6,0,0,,0.375,8
7207,9a644a8c-8861-11f1-9de9-b48c9db4e1b4,0,"[0, 0, 0, 0, 1, 0, 0, 1]",7,1,1,,0.375,8
7208,9a644a8c-8861-11f1-9de9-b48c9db4e1b4,1,"[1, 0, 1, 1, 1, 1, 1, 0]",0,1,-1,,0.375,8
7209,9a644a8c-8861-11f1-9de9-b48c9db4e1b4,1,"[1, 0, 1, 1, 1, 1, 1, 0]",1,0,0,,0.375,8
7210,9a644a8c-8861-11f1-9de9-b48c9db4e1b4,1,"[1, 0, 1, 1, 1, 1, 1, 0]",2,1,-1,,0.375,8
7211,9a644a8c-8861-11f1-9de9-b48c9db4e1b4,1,"[1, 0, 1, 1, 1, 1, 1, 0]",3,1,-1,,0.375,8
7212,9a644a8c-8861-11f1-9de9-b48c9db4e1b4,1,"[1, 0, 1, 1, 1, 1, 1, 0]",4,1,-1,,0.375,8
7213,9a644a8c-8861-11f1-9de9-b48c9db4e1b4,1,"[1, 0, 1, 1, 1, 1, 1, 0]",5,1,-1,,0.375,8
7214,9a644a8c-8861-11f1-9de9-b48c9db4e1b4,1,"[1, 0, 1, 1, 1, 1, 1, 0]",6,1,-1,,0.375,8
7215,9a644a8c-8861-11f1-9de9-b48c9db4e1b4,1,"[1, 0, 1, 1, 1, 1, 1, 0]",7,0,0,,0.375,8
7216,9a644a8c-8861-11f1-9de9-b48c9db4e1b4,2,"[1, 0, 1, 1, 0, 1, 0, 0]",0,1,-1,,0.375,8
7217,9a644a8c-8861-11f1-9de9-b48c9db4e1b4,2,"[1, 0, 1, 1, 0, 1, 0, 0]",1,0,0,,0.375,8
7218,9a644a8c-8861-11f1-9de9-b48c9db4e1b4,2,"[1, 0, 1, 1, 0, 1, 0, 0]",2,1,-1,,0.375,8
7219,9a644a8c-8861-11f1-9de9-b48c9db4e1b4,2,"[1, 0, 1, 1, 0, 1, 0, 0]",3,1,-1,,0.375,8
7220,9a644a8c-8861-11f1-9de9-b48c9db4e1b4,2,"[1, 0, 1, 1, 0, 1, 0, 0]",4,0,0,,0.375,8
7221,9a644a8c-8861-11f1-9de9-b48c9db4e1b4,2,"[1, 0, 1, 1, 0, 1, 0, 0]",5,1,-1,,0.375,8
7222,9a644a8c-8861-11f1-9de9-b48c9db4e1b4,2,"[1, 0, 1, 1, 0, 1, 0, 0]",6,0,0,,0.375,8
7223,9a644a8c-8861-11f1-9de9-b48c9db4e1b4,2,"[1, 0, 1, 1, 0, 1, 0, 0]",7,0,0,,0.375,8
7224,9a644a8c-8861-11f1-9de9-b48c9db4e1b4,3,"[0, 0, 0, 0, 1, 1, 1, 1]",0,0,0,,0.375,8
7225,9a644a8c-8861-11f1-9de9-b48c9db4e1b4,3,"[0, 0, 0, 0, 1, 1, 1, 1]",1,0,0,,0.375,8
7226,9a644a8c-8861-11f1-9de9-b48c9db4e1b4,3,"[0, 0, 0, 0, 1, 1, 1, 1]",2,0,0,,0.375,8
7227,9a644a8c-8861-11f1-9de9-b48c9db4e1b4,3,"[0, 0, 0, 0, 1, 1, 1, 1]",3,0,0,,0.375,8
7228,9a644a8c-8861-11f1-9de9-b48c9db4e1b4,3,"[0, 0, 0, 0, 1, 1, 1, 1]",4,1,-1,,0.375,8
7229,9a644a8c-8861-11f1-9de9-b48c9db4e1b4,3,"[0, 0, 0, 0, 1, 1, 1, 1]",5,1,-1,,0.375,8
7230,9a644a8c-8861-11f1-9de9-b48c9db4e1b4,3,"[0, 0, 0, 0, 1, 1, 1, 1]",6,1,-1,,0.375,8
7231,9a644a8c-8861-11f1-9de9-b48c9db4e1b4,3,"[0, 0, 0, 0, 1, 1, 1, 1]",7,1,-1,,0.375,8
7232,9a644a8c-8861-11f1-9de9-b48c9db4e1b4,4,"[0, 0, 1, 0, 1, 1, 0, 0]",0,0,0,,0.375,8
7233,9a644a8c-8861-11f1-9de9-b48c9db4e1b4,4,"[0, 0, 1, 0, 1, 1, 0, 0]",1,0,0,,0.375,8
7234,9a644a8c-8861-11f1-9de9-b48c9db4e1b4,4,"[0, 0, 1, 0, 1, 1, 0, 0]",2,1,1,,0.375,8
7235,9a644a8c-8861-11f1-9de9-b48c9db4e1b4,4,"[0, 0, 1, 0, 1, 1, 0, 0]",3,0,0,,0.375,8
7236,9a644a8c-8861-11f1-9de9-b48c9db4e1b4,4,"[0, 0, 1, 0, 1, 1, 0, 0]",4,1,1,,0.375,8
7237,9a644a8c-8861-11f1-9de9-b48c9db4e1b4,4,"[0, 0, 1, 0, 1, 1, 0, 0]",5,1,1,,0.375,8
7238,9a644a8c-8861-11f1-9de9-b48c9db4e1b4,4,"[0, 0, 1, 0, 1, 1, 0, 0]",6,0,0,,0.375,8
7239,9a644a8c-8861-11f1-9de9-b48c9db4e1b4,4,"[0, 0, 1, 0, 1, 1, 0, 0]",7,0,0,,0.375,8
7240,9a644a8c-8861-11f1-9de9-b48c9db4e1b4,5,"[0, 0, 0, 0, 1, 0, 0, 0]",0,0,0,,0.375,8
7241,9a644a8c-8861-11f1-9de9-b48c9db4e1b4,5,"[0, 0, 0, 0, 1, 0, 0, 0]",1,0,0,,0.375,8
7242,9a644a8c-8861-11f1-9de9-b48c9db4e1b4,5,"[0, 0, 0, 0, 1, 0, 0, 0]",2,0,0,,0.375,8
7243,9a644a8c-8861-11f1-9de9-b48c9db4e1b4,5,"[0, 0, 0, 0, 1, 0, 0, 0]",3,0,0,,0.375,8
7244,9a644a8c-8861-11f1-9de9-b48c9db4e1b4,5,"[0, 0, 0, 0, 1, 0, 0, 0]",4,1,1,,0.375,8
7245,9a644a8c-8861-11f1-9de9-b48c9db4e1b4,5,"[0, 0, 0, 0, 1, 0, 0, 0]",5,0,0,,0.375,8
7246,9a644a8c-8861-11f1-9de9-b48c9db4e1b4,5,"[0, 0, 0, 0, 1, 0, 0, 0]",6,0,0,,0.375,8
7247,9a644a8c-8861-11f1-9de9-b48c9db4e1b4,5,"[0, 0, 0, 0, 1, 0, 0, 0]",7,0,0,,0.375,8
7248,9a644a8c-8861-11f1-9de9-b48c9db4e1b4,6,"[1, 1, 0, 0, 0, 1, 1, 1]",0,1,-1,,0.375,8
7249,9a644a8c-8861-11f1-9de9-b48c9db4e1b4,6,"[1, 1, 0, 0, 0, 1, 1, 1]",1,1,-1,,0.375,8
7250,9a644a8c-8861-11f1-9de9-b48c9db4e1b4,6,"[1, 1, 0, 0, 0, 1, 1, 1]",2,0,0,,0.375,8
7251,9a644a8c-8861-11f1-9de9-b48c9db4e1b4,6,"[1, 1, 0, 0, 0, 1, 1, 1]",3,0,0,,0.375,8
7252,9a644a8c-8861-11f1-9de9-b48c9db4e1b4,6,"[1, 1, 0, 0, 0, 1, 1, 1]",4,0,0,,0.375,8
7253,9a644a8c-8861-11f1-9de9-b48c9db4e1b4,6,"[1, 1, 0, 0, 0, 1, 1, 1]",5,1,-1,,0.375,8
7254,9a644a8c-8861-11f1-9de9-b48c9db4e1b4,6,"[1, 1, 0, 0, 0, 1, 1, 1]",6,1,-1,,0.375,8
7255,9a644a8c-8861-11f1-9de9-b48c9db4e1b4,6,"[1, 1, 0, 0, 0, 1, 1, 1]",7,1,-1,,0.375,8
7256,9a644a8c-8861-11f1-9de9-b48c9db4e1b4,7,"[0, 0, 1, 1, 0, 0, 0, 0]",0,0,0,,0.375,8
7257,9a644a8c-8861-11f1-9de9-b48c9db4e1b4,7,"[0, 0, 1, 1, 0, 0, 0, 0]",1,0,0,,0.375,8
7258,9a644a8c-8861-11f1-9de9-b48c9db4e1b4,7,"[0, 0, 1, 1, 0, 0, 0, 0]",2,1,1,,0.375,8
7259,9a644a8c-8861-11f1-9de9-b48c9db4e1b4,7,"[0, 0, 1, 1, 0, 0, 0, 0]",3,1,1,,0.375,8
7260,9a644a8c-8861-11f1-9de9-b48c9db4e1b4,7,"[0, 0, 1, 1, 0, 0, 0, 0]",4,0,0,,0.375,8
7261,9a644a8c-8861-11f1-9de9-b48c9db4e1b4,7,"[0, 0, 1, 1, 0, 0, 0, 0]",5,0,0,,0.375,8
7262,9a644a8c-8861-11f1-9de9-b48c9db4e1b4,7,"[0, 0, 1, 1, 0, 0, 0, 0]",6,0,0,,0.375,8
7263,9a644a8c-8861-11f1-9de9-b48c9db4e1b4,7,"[0, 0, 1, 1, 0, 0, 0, 0]",7,0,0,,0.375,8
7264,9a644a8c-8861-11f1-9de9-b48c9db4e1b4,8,"[0, 0, 1, 0, 0, 0, 1, 1]",0,0,0,,0.375,8
7265,9a644a8c-8861-11f1-9de9-b48c9db4e1b4,8,"[0, 0, 1, 0, 0, 0, 1, 1]",1,0,0,,0.375,8
7266,9a644a8c-8861-11f1-9de9-b48c9db4e1b4,8,"[0, 0, 1, 0, 0, 0, 1, 1]",2,1,1,,0.375,8
7267,9a644a8c-8861-11f1-9de9-b48c9db4e1b4,8,"[0, 0, 1, 0, 0, 0, 1, 1]",3,0,0,,0.375,8
7268,9a644a8c-8861-11f1-9de9-b48c9db4e1b4,8,"[0, 0, 1, 0, 0, 0, 1, 1]",4,0,0,,0.375,8
7269,9a644a8c-8861-11f1-9de9-b48c9db4e1b4,8,"[0, 0, 1, 0, 0, 0, 1, 1]",5,0,0,,0.375,8
7270,9a644a8c-8861-11f1-9de9-b48c9db4e1b4,8,"[0, 0, 1, 0, 0, 0, 1, 1]",6,1,1,,0.375,8
7271,9a644a8c-8861-11f1-9de9-b48c9db4e1b4,8,"[0, 0, 1, 0, 0, 0, 1, 1]",7,1,1,,0.375,8
7272,9a644a8c-8861-11f1-9de9-b48c9db4e1b4,9,"[0, 0, 1, 1, 1, 1, 0, 0]",0,0,0,,0.375,8
7273,9a644a8c-8861-11f1-9de9-b48c9db4e1b4,9,"[0, 0, 1, 1, 1, 1, 0, 0]",1,0,0,,0.375,8
7274,9a644a8c-8861-11f1-9de9-b48c9db4e1b4,9,"[0, 0, 1, 1, 1, 1, 0, 0]",2,1,-1,,0.375,8
7275,9a644a8c-8861-11f1-9de9-b48c9db4e1b4,9,"[0, 0, 1, 1, 1, 1, 0, 0]",3,1,-1,,0.375,8
7276,9a644a8c-8861-11f1-9de9-b48c9db4e1b4,9,"[0, 0, 1, 1, 1, 1, 0, 0]",4,1,-1,,0.375,8
7277,9a644a8c-8861-11f1-9de9-b48c9db4e1b4,9,"[0, 0, 1, 1, 1, 1, 0, 0]",5,1,-1,,0.375,8
7278,9a644a8c-8861-11f1-9de9-b48c9db4e1b4,9,"[0, 0, 1, 1, 1, 1, 0, 0]",6,0,0,,0.375,8
7279,9a644a8c-8861-11f1-9de9-b48c9db4e1b4,9,"[0, 0, 1, 1, 1, 1, 0, 0]",7,0,0,,0.375,8
7280,9a644a8c-8861-11f1-9de9-b48c9db4e1b4,10,"[1, 0, 1, 0, 0, 1, 0, 0]",0,1,1,,0.375,8
7281,9a644a8c-8861-11f1-9de9-b48c9db4e1b4,10,"[1, 0, 1, 0, 0, 1, 0, 0]",1,0,0,,0.375,8
7282,9a644a8c-8861-11f1-9de9-b48c9db4e1b4,10,"[1, 0, 1, 0, 0, 1, 0, 0]",2,1,1,,0.375,8
7283,9a644a8c-8861-11f1-9de9-b48c9db4e1b4,10,"[1, 0, 1, 0, 0, 1, 0, 0]",3,0,0,,0.375,8
7284,9a644a8c-8861-11f1-9de9-b48c9db4e1b4,10,"[1, 0, 1, 0, 0, 1, 0, 0]",4,0,0,,0.375,8
7285,9a644a8c-8861-11f1-9de9-b48c9db4e1b4,10,"[1, 0, 1, 0, 0, 1, 0, 0]",5,1,1,,0.375,8
7286,9a644a8c-8861-11f1-9de9-b48c9db4e1b4,10,"[1, 0, 1, 0, 0, 1, 0, 0]",6,0,0,,0.375,8
7287,9a644a8c-8861-11f1-9de9-b48c9db4e1b4,10,"[1, 0, 1, 0, 0, 1, 0, 0]",7,0,0,,0.375,8
7288,9a644a8c-8861-11f1-9de9-b48c9db4e1b4,11,"[1, 1, 0, 0, 0, 0, 1, 1]",0,1,-1,,0.375,8
7289,9a644a8c-8861-11f1-9de9-b48c9db4e1b4,11,"[1, 1, 0, 0, 0, 0, 1, 1]",1,1,-1,,0.375,8
7290,9a644a8c-8861-11f1-9de9-b48c9db4e1b4,11,"[1, 1, 0, 0, 0, 0, 1, 1]",2,0,0,,0.375,8
7291,9a644a8c-8861-11f1-9de9-b48c9db4e1b4,11,"[1, 1, 0, 0, 0, 0, 1, 1]",3,0,0,,0.375,8
7292,9a644a8c-8861-11f1-9de9-b48c9db4e1b4,11,"[1, 1, 0, 0, 0, 0, 1, 1]",4,0,0,,0.375,8
7293,9a644a8c-8861-11f1-9de9-b48c9db4e1b4,11,"[1, 1, 0, 0, 0, 0, 1, 1]",5,0,0,,0.375,8
7294,9a644a8c-8861-11f1-9de9-b48c9db4e1b4,11,"[1, 1, 0, 0, 0, 0, 1, 1]",6,1,-1,,0.375,8
7295,9a644a8c-8861-11f1-9de9-b48c9db4e1b4,11,"[1, 1, 0, 0, 0, 0, 1, 1]",7,1,-1,,0.375,8
7296,9a644a8c-8861-11f1-9de9-b48c9db4e1b4,12,"[1, 0, 0, 1, 0, 1, 1, 0]",0,1,-1,,0.375,8
7297,9a644a8c-8861-11f1-9de9-b48c9db4e1b4,12,"[1, 0, 0, 1, 0, 1, 1, 0]",1,0,0,,0.375,8
7298,9a644a8c-8861-11f1-9de9-b48c9db4e1b4,12,"[1, 0, 0, 1, 0, 1, 1, 0]",2,0,0,,0.375,8
7299,9a644a8c-8861-11f1-9de9-b48c9db4e1b4,12,"[1, 0, 0, 1, 0, 1, 1, 0]",3,1,-1,,0.375,8
7300,9a644a8c-8861-11f1-9de9-b48c9db4e1b4,12,"[1, 0, 0, 1, 0, 1, 1, 0]",4,0,0,,0.375,8
7301,9a644a8c-8861-11f1-9de9-b48c9db4e1b4,12,"[1, 0, 0, 1, 0, 1, 1, 0]",5,1,-1,,0.375,8
7302,9a644a8c-8861-11f1-9de9-b48c9db4e1b4,12,"[1, 0, 0, 1, 0, 1, 1, 0]",6,1,-1,,0.375,8
7303,9a644a8c-8861-11f1-9de9-b48c9db4e1b4,12,"[1, 0, 0, 1, 0, 1, 1, 0]",7,0,0,,0.375,8
7304,9a644a8c-8861-11f1-9de9-b48c9db4e1b4,13,"[0, 1, 0, 0, 1, 1, 1, 0]",0,0,0,,0.375,8
7305,9a644a8c-8861-11f1-9de9-b48c9db4e1b4,13,"[0, 1, 0, 0, 1, 1, 1, 0]",1,1,-1,,0.375,8
7306,9a644a8c-8861-11f1-9de9-b48c9db4e1b4,13,"[0, 1, 0, 0, 1, 1, 1, 0]",2,0,0,,0.375,8
7307,9a644a8c-8861-11f1-9de9-b48c9db4e1b4,13,"[0, 1, 0, 0, 1, 1, 1, 0]",3,0,0,,0.375,8
7308,9a644a8c-8861-11f1-9de9-b48c9db4e1b4,13,"[0, 1, 0, 0, 1, 1, 1, 0]",4,1,-1,,0.375,8
7309,9a644a8c-8861-11f1-9de9-b48c9db4e1b4,13,"[0, 1, 0, 0, 1, 1, 1, 0]",5,1,-1,,0.375,8
7310,9a644a8c-8861-11f1-9de9-b48c9db4e1b4,13,"[0, 1, 0, 0, 1, 1, 1, 0]",6,1,-1,,0.375,8
7311,9a644a8c-8861-11f1-9de9-b48c9db4e1b4,13,"[0, 1, 0, 0, 1, 1, 1, 0]",7,0,0,,0.375,8
7312,9a644a8c-8861-11f1-9de9-b48c9db4e1b4,14,"[0, 0, 1, 1, 1, 0, 1, 0]",0,0,0,,0.375,8
7313,9a644a8c-8861-11f1-9de9-b48c9db4e1b4,14,"[0, 0, 1, 1, 1, 0, 1, 0]",1,0,0,,0.375,8
7314,9a644a8c-8861-11f1-9de9-b48c9db4e1b4,14,"[0, 0, 1, 1, 1, 0, 1, 0]",2,1,-1,,0.375,8
7315,9a644a8c-8861-11f1-9de9-b48c9db4e1b4,14,"[0, 0, 1, 1, 1, 0, 1, 0]",3,1,-1,,0.375,8
7316,9a644a8c-8861-11f1-9de9-b48c9db4e1b4,14,"[0, 0, 1, 1, 1, 0, 1, 0]",4,1,-1,,0.375,8
7317,9a644a8c-8861-11f1-9de9-b48c9db4e1b4,14,"[0, 0, 1, 1, 1, 0, 1, 0]",5,0,0,,0.375,8
7318,9a644a8c-8861-11f1-9de9-b48c9db4e1b4,14,"[0, 0, 1, 1, 1, 0, 1, 0]",6,1,-1,,0.375,8
7319,9a644a8c-8861-11f1-9de9-b48c9db4e1b4,14,"[0, 0, 1, 1, 1, 0, 1, 0]",7,0,0,,0.375,8
7320,9a644a8c-8861-11f1-9de9-b48c9db4e1b4,15,"[1, 0, 0, 0, 1, 0, 0, 0]",0,1,1,,0.375,8
7321,9a644a8c-8861-11f1-9de9-b48c9db4e1b4,15,"[1, 0, 0, 0, 1, 0, 0, 0]",1,0,0,,0.375,8
7322,9a644a8c-8861-11f1-9de9-b48c9db4e1b4,15,"[1, 0, 0, 0, 1, 0, 0, 0]",2,0,0,,0.375,8
7323,9a644a8c-8861-11f1-9de9-b48c9db4e1b4,15,"[1, 0, 0, 0, 1, 0, 0, 0]",3,0,0,,0.375,8
7324,9a644a8c-8861-11f1-9de9-b48c9db4e1b4,15,"[1, 0, 0, 0, 1, 0, 0, 0]",4,1,1,,0.375,8
7325,9a644a8c-8861-11f1-9de9-b48c9db4e1b4,15,"[1, 0, 0, 0, 1, 0, 0, 0]",5,0,0,,0.375,8
7326,9a644a8c-8861-11f1-9de9-b48c9db4e1b4,15,"[1, 0, 0, 0, 1, 0, 0, 0]",6,0,0,,0.375,8
7327,9a644a8c-8861-11f1-9de9-b48c9db4e1b4,15,"[1, 0, 0, 0, 1, 0, 0, 0]",7,0,0,,0.375,8
7328,9a644a8c-8861-11f1-9de9-b48c9db4e1b4,16,"[1, 0, 0, 0, 1, 1, 1, 1]",0,1,-1,,0.375,8
7329,9a644a8c-8861-11f1-9de9-b48c9db4e1b4,16,"[1, 0, 0, 0, 1, 1, 1, 1]",1,0,0,,0.375,8
7330,9a644a8c-8861-11f1-9de9-b48c9db4e1b4,16,"[1, 0, 0, 0, 1, 1, 1, 1]",2,0,0,,0.375,8
7331,9a644a8c-8861-11f1-9de9-b48c9db4e1b4,16,"[1, 0, 0, 0, 1, 1, 1, 1]",3,0,0,,0.375,8
7332,9a644a8c-8861-11f1-9de9-b48c9db4e1b4,16,"[1, 0, 0, 0, 1, 1, 1, 1]",4,1,-1,,0.375,8
7333,9a644a8c-8861-11f1-9de9-b48c9db4e1b4,16,"[1, 0, 0, 0, 1, 1, 1, 1]",5,1,-1,,0.375,8
7334,9a644a8c-8861-11f1-9de9-b48c9db4e1b4,16,"[1, 0, 0, 0, 1, 1, 1, 1]",6,1,-1,,0.375,8
7335,9a644a8c-8861-11f1-9de9-b48c9db4e1b4,16,"[1, 0, 0, 0, 1, 1, 1, 1]",7,1,-1,,0.375,8
7336,9a644a8c-8861-11f1-9de9-b48c9db4e1b4,17,"[0, 1, 1, 1, 0, 0, 0, 0]",0,0,0,,0.375,8
7337,9a644a8c-8861-11f1-9de9-b48c9db4e1b4,17,"[0, 1, 1, 1, 0, 0, 0, 0]",1,1,1,,0.375,8
7338,9a644a8c-8861-11f1-9de9-b48c9db4e1b4,17,"[0, 1, 1, 1, 0, 0, 0, 0]",2,1,1,,0.375,8
7339,9a644a8c-8861-11f1-9de9-b48c9db4e1b4,17,"[0, 1, 1, 1, 0, 0, 0, 0]",3,1,1,,0.375,8
7340,9a644a8c-8861-11f1-9de9-b48c9db4e1b4,17,"[0, 1, 1, 1, 0, 0, 0, 0]",4,0,0,,0.375,8
7341,9a644a8c-8861-11f1-9de9-b48c9db4e1b4,17,"[0, 1, 1, 1, 0, 0, 0, 0]",5,0,0,,0.375,8
7342,9a644a8c-8861-11f1-9de9-b48c9db4e1b4,17,"[0, 1, 1, 1, 0, 0, 0, 0]",6,0,0,,0.375,8
7343,9a644a8c-8861-11f1-9de9-b48c9db4e1b4,17,"[0, 1, 1, 1, 0, 0, 0, 0]",7,0,0,,0.375,8
7344,9a644a8c-8861-11f1-9de9-b48c9db4e1b4,18,"[1, 1, 0, 0, 0, 1, 1, 0]",0,1,-1,,0.375,8
7345,9a644a8c-8861-11f1-9de9-b48c9db4e1b4,18,"[1, 1, 0, 0, 0, 1, 1, 0]",1,1,-1,,0.375,8
7346,9a644a8c-8861-11f1-9de9-b48c9db4e1b4,18,"[1, 1, 0, 0, 0, 1, 1, 0]",2,0,0,,0.375,8
7347,9a644a8c-8861-11f1-9de9-b48c9db4e1b4,18,"[1, 1, 0, 0, 0, 1, 1, 0]",3,0,0,,0.375,8
7348,9a644a8c-8861-11f1-9de9-b48c9db4e1b4,18,"[1, 1, 0, 0, 0, 1, 1, 0]",4,0,0,,0.375,8
7349,9a644a8c-8861-11f1-9de9-b48c9db4e1b4,18,"[1, 1, 0, 0, 0, 1, 1, 0]",5,1,-1,,0.375,8
7350,9a644a8c-8861-11f1-9de9-b48c9db4e1b4,18,"[1, 1, 0, 0, 0, 1, 1, 0]",6,1,-1,,0.375,8
7351,9a644a8c-8861-11f1-9de9-b48c9db4e1b4,18,"[1, 1, 0, 0, 0, 1, 1, 0]",7,0,0,,0.375,8
7352,9a644a8c-8861-11f1-9de9-b48c9db4e1b4,19,"[0, 0, 1, 0, 0, 0, 1, 1]",0,0,0,,0.375,8
7353,9a644a8c-8861-11f1-9de9-b48c9db4e1b4,19,"[0, 0, 1, 0, 0, 0, 1, 1]",1,0,0,,0.375,8
7354,9a644a8c-8861-11f1-9de9-b48c9db4e1b4,19,"[0, 0, 1, 0, 0, 0, 1, 1]",2,1,1,,0.375,8
7355,9a644a8c-8861-11f1-9de9-b48c9db4e1b4,19,"[0, 0, 1, 0, 0, 0, 1, 1]",3,0,0,,0.375,8
7356,9a644a8c-8861-11f1-9de9-b48c9db4e1b4,19,"[0, 0, 1, 0, 0, 0, 1, 1]",4,0,0,,0.375,8
7357,9a644a8c-8861-11f1-9de9-b48c9db4e1b4,19,"[0, 0, 1, 0, 0, 0, 1, 1]",5,0,0,,0.375,8
7358,9a644a8c-8861-11f1-9de9-b48c9db4e1b4,19,"[0, 0, 1, 0, 0, 0, 1, 1]",6,1,1,,0.375,8
7359,9a644a8c-8861-11f1-9de9-b48c9db4e1b4,19,"[0, 0, 1, 0, 0, 0, 1, 1]",7,1,1,,0.375,8
7360,9a6737fc-8861-11f1-88cc-b48c9db4e1b4,0,"[0, 0, 1, 0, 0, 1, 0, 1]",0,0,0,,0.375,8
7361,9a6737fc-8861-11f1-88cc-b48c9db4e1b4,0,"[0, 0, 1, 0, 0, 1, 0, 1]",1,0,0,,0.375,8
7362,9a6737fc-8861-11f1-88cc-b48c9db4e1b4,0,"[0, 0, 1, 0, 0, 1, 0, 1]",2,1,1,,0.375,8
7363,9a6737fc-8861-11f1-88cc-b48c9db4e1b4,0,"[0, 0, 1, 0, 0, 1, 0, 1]",3,0,0,,0.375,8
7364,9a6737fc-8861-11f1-88cc-b48c9db4e1b4,0,"[0, 0, 1, 0, 0, 1, 0, 1]",4,0,0,,0.375,8
7365,9a6737fc-8861-11f1-88cc-b48c9db4e1b4,0,"[0, 0, 1, 0, 0, 1, 0, 1]",5,1,1,,0.375,8
7366,9a6737fc-8861-11f1-88cc-b48c9db4e1b4,0,"[0, 0, 1, 0, 0, 1, 0, 1]",6,0,0,,0.375,8
7367,9a6737fc-8861-11f1-88cc-b48c9db4e1b4,0,"[0, 0, 1, 0, 0, 1, 0, 1]",7,1,1,,0.375,8
7368,9a6737fc-8861-11f1-88cc-b48c9db4e1b4,1,"[1, 0, 1, 0, 1, 0, 1, 0]",0,1,-1,,0.375,8
7369,9a6737fc-8861-11f1-88cc-b48c9db4e1b4,1,"[1, 0, 1, 0, 1, 0, 1, 0]",1,0,0,,0.375,8
7370,9a6737fc-8861-11f1-88cc-b48c9db4e1b4,1,"[1, 0, 1, 0, 1, 0, 1, 0]",2,1,-1,,0.375,8
7371,9a6737fc-8861-11f1-88cc-b48c9db4e1b4,1,"[1, 0, 1, 0, 1, 0, 1, 0]",3,0,0,,0.375,8
7372,9a6737fc-8861-11f1-88cc-b48c9db4e1b4,1,"[1, 0, 1, 0, 1, 0, 1, 0]",4,1,-1,,0.375,8
7373,9a6737fc-8861-11f1-88cc-b48c9db4e1b4,1,"[1, 0, 1, 0, 1, 0, 1, 0]",5,0,0,,0.375,8
7374,9a6737fc-8861-11f1-88cc-b48c9db4e1b4,1,"[1, 0, 1, 0, 1, 0, 1, 0]",6,1,-1,,0.375,8
7375,9a6737fc-8861-11f1-88cc-b48c9db4e1b4,1,"[1, 0, 1, 0, 1, 0, 1, 0]",7,0,0,,0.375,8
7376,9a6737fc-8861-11f1-88cc-b48c9db4e1b4,2,"[0, 0, 0, 0, 1, 1, 1, 0]",0,0,0,,0.375,8
7377,9a6737fc-8861-11f1-88cc-b48c9db4e1b4,2,"[0, 0, 0, 0, 1, 1, 1, 0]",1,0,0,,0.375,8
7378,9a6737fc-8861-11f1-88cc-b48c9db4e1b4,2,"[0, 0, 0, 0, 1, 1, 1, 0]",2,0,0,,0.375,8
7379,9a6737fc-8861-11f1-88cc-b48c9db4e1b4,2,"[0, 0, 0, 0, 1, 1, 1, 0]",3,0,0,,0.375,8
7380,9a6737fc-8861-11f1-88cc-b48c9db4e1b4,2,"[0, 0, 0, 0, 1, 1, 1, 0]",4,1,1,,0.375,8
7381,9a6737fc-8861-11f1-88cc-b48c9db4e1b4,2,"[0, 0, 0, 0, 1, 1, 1, 0]",5,1,1,,0.375,8
7382,9a6737fc-8861-11f1-88cc-b48c9db4e1b4,2,"[0, 0, 0, 0, 1, 1, 1, 0]",6,1,1,,0.375,8
7383,9a6737fc-8861-11f1-88cc-b48c9db4e1b4,2,"[0, 0, 0, 0, 1, 1, 1, 0]",7,0,0,,0.375,8
7384,9a6737fc-8861-11f1-88cc-b48c9db4e1b4,3,"[0, 0, 1, 0, 0, 0, 0, 1]",0,0,0,,0.375,8
7385,9a6737fc-8861-11f1-88cc-b48c9db4e1b4,3,"[0, 0, 1, 0, 0, 0, 0, 1]",1,0,0,,0.375,8
7386,9a6737fc-8861-11f1-88cc-b48c9db4e1b4,3,"[0, 0, 1, 0, 0, 0, 0, 1]",2,1,1,,0.375,8
7387,9a6737fc-8861-11f1-88cc-b48c9db4e1b4,3,"[0, 0, 1, 0, 0, 0, 0, 1]",3,0,0,,0.375,8
7388,9a6737fc-8861-11f1-88cc-b48c9db4e1b4,3,"[0, 0, 1, 0, 0, 0, 0, 1]",4,0,0,,0.375,8
7389,9a6737fc-8861-11f1-88cc-b48c9db4e1b4,3,"[0, 0, 1, 0, 0, 0, 0, 1]",5,0,0,,0.375,8
7390,9a6737fc-8861-11f1-88cc-b48c9db4e1b4,3,"[0, 0, 1, 0, 0, 0, 0, 1]",6,0,0,,0.375,8
7391,9a6737fc-8861-11f1-88cc-b48c9db4e1b4,3,"[0, 0, 1, 0, 0, 0, 0, 1]",7,1,1,,0.375,8
7392,9a6737fc-8861-11f1-88cc-b48c9db4e1b4,4,"[1, 1, 0, 1, 0, 1, 0, 1]",0,1,-1,,0.375,8
7393,9a6737fc-8861-11f1-88cc-b48c9db4e1b4,4,"[1, 1, 0, 1, 0, 1, 0, 1]",1,1,-1,,0.375,8
7394,9a6737fc-8861-11f1-88cc-b48c9db4e1b4,4,"[1, 1, 0, 1, 0, 1, 0, 1]",2,0,0,,0.375,8
7395,9a6737fc-8861-11f1-88cc-b48c9db4e1b4,4,"[1, 1, 0, 1, 0, 1, 0, 1]",3,1,-1,,0.375,8
7396,9a6737fc-8861-11f1-88cc-b48c9db4e1b4,4,"[1, 1, 0, 1, 0, 1, 0, 1]",4,0,0,,0.375,8
7397,9a6737fc-8861-11f1-88cc-b48c9db4e1b4,4,"[1, 1, 0, 1, 0, 1, 0, 1]",5,1,-1,,0.375,8
7398,9a6737fc-8861-11f1-88cc-b48c9db4e1b4,4,"[1, 1, 0, 1, 0, 1, 0, 1]",6,0,0,,0.375,8
7399,9a6737fc-8861-11f1-88cc-b48c9db4e1b4,4,"[1, 1, 0, 1, 0, 1, 0, 1]",7,1,-1,,0.375,8
7400,9a6737fc-8861-11f1-88cc-b48c9db4e1b4,5,"[0, 1, 0, 1, 1, 1, 1, 0]",0,0,0,,0.375,8
7401,9a6737fc-8861-11f1-88cc-b48c9db4e1b4,5,"[0, 1, 0, 1, 1, 1, 1, 0]",1,1,-1,,0.375,8
7402,9a6737fc-8861-11f1-88cc-b48c9db4e1b4,5,"[0, 1, 0, 1, 1, 1, 1, 0]",2,0,0,,0.375,8
7403,9a6737fc-8861-11f1-88cc-b48c9db4e1b4,5,"[0, 1, 0, 1, 1, 1, 1, 0]",3,1,-1,,0.375,8
7404,9a6737fc-8861-11f1-88cc-b48c9db4e1b4,5,"[0, 1, 0, 1, 1, 1, 1, 0]",4,1,-1,,0.375,8
7405,9a6737fc-8861-11f1-88cc-b48c9db4e1b4,5,"[0, 1, 0, 1, 1, 1, 1, 0]",5,1,-1,,0.375,8
7406,9a6737fc-8861-11f1-88cc-b48c9db4e1b4,5,"[0, 1, 0, 1, 1, 1, 1, 0]",6,1,-1,,0.375,8
7407,9a6737fc-8861-11f1-88cc-b48c9db4e1b4,5,"[0, 1, 0, 1, 1, 1, 1, 0]",7,0,0,,0.375,8
7408,9a6737fc-8861-11f1-88cc-b48c9db4e1b4,6,"[0, 1, 0, 1, 0, 0, 1, 0]",0,0,0,,0.375,8
7409,9a6737fc-8861-11f1-88cc-b48c9db4e1b4,6,"[0, 1, 0, 1, 0, 0, 1, 0]",1,1,1,,0.375,8
7410,9a6737fc-8861-11f1-88cc-b48c9db4e1b4,6,"[0, 1, 0, 1, 0, 0, 1, 0]",2,0,0,,0.375,8
7411,9a6737fc-8861-11f1-88cc-b48c9db4e1b4,6,"[0, 1, 0, 1, 0, 0, 1, 0]",3,1,1,,0.375,8
7412,9a6737fc-8861-11f1-88cc-b48c9db4e1b4,6,"[0, 1, 0, 1, 0, 0, 1, 0]",4,0,0,,0.375,8
7413,9a6737fc-8861-11f1-88cc-b48c9db4e1b4,6,"[0, 1, 0, 1, 0, 0, 1, 0]",5,0,0,,0.375,8
7414,9a6737fc-8861-11f1-88cc-b48c9db4e1b4,6,"[0, 1, 0, 1, 0, 0, 1, 0]",6,1,1,,0.375,8
7415,9a6737fc-8861-11f1-88cc-b48c9db4e1b4,6,"[0, 1, 0, 1, 0, 0, 1, 0]",7,0,0,,0.375,8
7416,9a6737fc-8861-11f1-88cc-b48c9db4e1b4,7,"[1, 0, 1, 0, 0, 1, 1, 1]",0,1,-1,,0.375,8
7417,9a6737fc-8861-11f1-88cc-b48c9db4e1b4,7,"[1, 0, 1, 0, 0, 1, 1, 1]",1,0,0,,0.375,8
7418,9a6737fc-8861-11f1-88cc-b48c9db4e1b4,7,"[1, 0, 1, 0, 0, 1, 1, 1]",2,1,-1,,0.375,8
7419,9a6737fc-8861-11f1-88cc-b48c9db4e1b4,7,"[1, 0, 1, 0, 0, 1, 1, 1]",3,0,0,,0.375,8
7420,9a6737fc-8861-11f1-88cc-b48c9db4e1b4,7,"[1, 0, 1, 0, 0, 1, 1, 1]",4,0,0,,0.375,8
7421,9a6737fc-8861-11f1-88cc-b48c9db4e1b4,7,"[1, 0, 1, 0, 0, 1, 1, 1]",5,1,-1,,0.375,8
7422,9a6737fc-8861-11f1-88cc-b48c9db4e1b4,7,"[1, 0, 1, 0, 0, 1, 1, 1]",6,1,-1,,0.375,8
7423,9a6737fc-8861-11f1-88cc-b48c9db4e1b4,7,"[1, 0, 1, 0, 0, 1, 1, 1]",7,1,-1,,0.375,8
7424,9a6737fc-8861-11f1-88cc-b48c9db4e1b4,8,"[1, 1, 1, 1, 1, 1, 1, 0]",0,1,-1,,0.375,8
7425,9a6737fc-8861-11f1-88cc-b48c9db4e1b4,8,"[1, 1, 1, 1, 1, 1, 1, 0]",1,1,-1,,0.375,8
7426,9a6737fc-8861-11f1-88cc-b48c9db4e1b4,8,"[1, 1, 1, 1, 1, 1, 1, 0]",2,1,-1,,0.375,8
7427,9a6737fc-8861-11f1-88cc-b48c9db4e1b4,8,"[1, 1, 1, 1, 1, 1, 1, 0]",3,1,-1,,0.375,8
7428,9a6737fc-8861-11f1-88cc-b48c9db4e1b4,8,"[1, 1, 1, 1, 1, 1, 1, 0]",4,1,-1,,0.375,8
7429,9a6737fc-8861-11f1-88cc-b48c9db4e1b4,8,"[1, 1, 1, 1, 1, 1, 1, 0]",5,1,-1,,0.375,8
7430,9a6737fc-8861-11f1-88cc-b48c9db4e1b4,8,"[1, 1, 1, 1, 1, 1, 1, 0]",6,1,-1,,0.375,8
7431,9a6737fc-8861-11f1-88cc-b48c9db4e1b4,8,"[1, 1, 1, 1, 1, 1, 1, 0]",7,0,0,,0.375,8
7432,9a6737fc-8861-11f1-88cc-b48c9db4e1b4,9,"[1, 0, 1, 1, 0, 0, 1, 0]",0,1,-1,,0.375,8
7433,9a6737fc-8861-11f1-88cc-b48c9db4e1b4,9,"[1, 0, 1, 1, 0, 0, 1, 0]",1,0,0,,0.375,8
7434,9a6737fc-8861-11f1-88cc-b48c9db4e1b4,9,"[1, 0, 1, 1, 0, 0, 1, 0]",2,1,-1,,0.375,8
7435,9a6737fc-8861-11f1-88cc-b48c9db4e1b4,9,"[1, 0, 1, 1, 0, 0, 1, 0]",3,1,-1,,0.375,8
7436,9a6737fc-8861-11f1-88cc-b48c9db4e1b4,9,"[1, 0, 1, 1, 0, 0, 1, 0]",4,0,0,,0.375,8
7437,9a6737fc-8861-11f1-88cc-b48c9db4e1b4,9,"[1, 0, 1, 1, 0, 0, 1, 0]",5,0,0,,0.375,8
7438,9a6737fc-8861-11f1-88cc-b48c9db4e1b4,9,"[1, 0, 1, 1, 0, 0, 1, 0]",6,1,-1,,0.375,8
7439,9a6737fc-8861-11f1-88cc-b48c9db4e1b4,9,"[1, 0, 1, 1, 0, 0, 1, 0]",7,0,0,,0.375,8
7440,9a6737fc-8861-11f1-88cc-b48c9db4e1b4,10,"[1, 0, 1, 0, 1, 0, 0, 1]",0,1,-1,,0.375,8
7441,9a6737fc-8861-11f1-88cc-b48c9db4e1b4,10,"[1, 0, 1, 0, 1, 0, 0, 1]",1,0,0,,0.375,8
7442,9a6737fc-8861-11f1-88cc-b48c9db4e1b4,10,"[1, 0, 1, 0, 1, 0, 0, 1]",2,1,-1,,0.375,8
7443,9a6737fc-8861-11f1-88cc-b48c9db4e1b4,10,"[1, 0, 1, 0, 1, 0, 0, 1]",3,0,0,,0.375,8
7444,9a6737fc-8861-11f1-88cc-b48c9db4e1b4,10,"[1, 0, 1, 0, 1, 0, 0, 1]",4,1,-1,,0.375,8
7445,9a6737fc-8861-11f1-88cc-b48c9db4e1b4,10,"[1, 0, 1, 0, 1, 0, 0, 1]",5,0,0,,0.375,8
7446,9a6737fc-8861-11f1-88cc-b48c9db4e1b4,10,"[1, 0, 1, 0, 1, 0, 0, 1]",6,0,0,,0.375,8
7447,9a6737fc-8861-11f1-88cc-b48c9db4e1b4,10,"[1, 0, 1, 0, 1, 0, 0, 1]",7,1,-1,,0.375,8
7448,9a6737fc-8861-11f1-88cc-b48c9db4e1b4,11,"[0, 0, 0, 0, 0, 0, 1, 0]",0,0,0,,0.375,8
7449,9a6737fc-8861-11f1-88cc-b48c9db4e1b4,11,"[0, 0, 0, 0, 0, 0, 1, 0]",1,0,0,,0.375,8
7450,9a6737fc-8861-11f1-88cc-b48c9db4e1b4,11,"[0, 0, 0, 0, 0, 0, 1, 0]",2,0,0,,0.375,8
7451,9a6737fc-8861-11f1-88cc-b48c9db4e1b4,11,"[0, 0, 0, 0, 0, 0, 1, 0]",3,0,0,,0.375,8
7452,9a6737fc-8861-11f1-88cc-b48c9db4e1b4,11,"[0, 0, 0, 0, 0, 0, 1, 0]",4,0,0,,0.375,8
7453,9a6737fc-8861-11f1-88cc-b48c9db4e1b4,11,"[0, 0, 0, 0, 0, 0, 1, 0]",5,0,0,,0.375,8
7454,9a6737fc-8861-11f1-88cc-b48c9db4e1b4,11,"[0, 0, 0, 0, 0, 0, 1, 0]",6,1,1,,0.375,8
7455,9a6737fc-8861-11f1-88cc-b48c9db4e1b4,11,"[0, 0, 0, 0, 0, 0, 1, 0]",7,0,0,,0.375,8
7456,9a6737fc-8861-11f1-88cc-b48c9db4e1b4,12,"[1, 0, 1, 0, 1, 1, 1, 1]",0,1,-1,,0.375,8
7457,9a6737fc-8861-11f1-88cc-b48c9db4e1b4,12,"[1, 0, 1, 0, 1, 1, 1, 1]",1,0,0,,0.375,8
7458,9a6737fc-8861-11f1-88cc-b48c9db4e1b4,12,"[1, 0, 1, 0, 1, 1, 1, 1]",2,1,-1,,0.375,8
7459,9a6737fc-8861-11f1-88cc-b48c9db4e1b4,12,"[1, 0, 1, 0, 1, 1, 1, 1]",3,0,0,,0.375,8
7460,9a6737fc-8861-11f1-88cc-b48c9db4e1b4,12,"[1, 0, 1, 0, 1, 1, 1, 1]",4,1,-1,,0.375,8
7461,9a6737fc-8861-11f1-88cc-b48c9db4e1b4,12,"[1, 0, 1, 0, 1, 1, 1, 1]",5,1,-1,,0.375,8
7462,9a6737fc-8861-11f1-88cc-b48c9db4e1b4,12,"[1, 0, 1, 0, 1, 1, 1, 1]",6,1,-1,,0.375,8
7463,9a6737fc-8861-11f1-88cc-b48c9db4e1b4,12,"[1, 0, 1, 0, 1, 1, 1, 1]",7,1,-1,,0.375,8
7464,9a6737fc-8861-11f1-88cc-b48c9db4e1b4,13,"[1, 0, 0, 0, 0, 0, 1, 0]",0,1,1,,0.375,8
7465,9a6737fc-8861-11f1-88cc-b48c9db4e1b4,13,"[1, 0, 0, 0, 0, 0, 1, 0]",1,0,0,,0.375,8
7466,9a6737fc-8861-11f1-88cc-b48c9db4e1b4,13,"[1, 0, 0, 0, 0, 0, 1, 0]",2,0,0,,0.375,8
7467,9a6737fc-8861-11f1-88cc-b48c9db4e1b4,13,"[1, 0, 0, 0, 0, 0, 1, 0]",3,0,0,,0.375,8
7468,9a6737fc-8861-11f1-88cc-b48c9db4e1b4,13,"[1, 0, 0, 0, 0, 0, 1, 0]",4,0,0,,0.375,8
7469,9a6737fc-8861-11f1-88cc-b48c9db4e1b4,13,"[1, 0, 0, 0, 0, 0, 1, 0]",5,0,0,,0.375,8
7470,9a6737fc-8861-11f1-88cc-b48c9db4e1b4,13,"[1, 0, 0, 0, 0, 0, 1, 0]",6,1,1,,0.375,8
7471,9a6737fc-8861-11f1-88cc-b48c9db4e1b4,13,"[1, 0, 0, 0, 0, 0, 1, 0]",7,0,0,,0.375,8
7472,9a6737fc-8861-11f1-88cc-b48c9db4e1b4,14,"[1, 1, 1, 0, 1, 0, 0, 1]",0,1,-1,,0.375,8
7473,9a6737fc-8861-11f1-88cc-b48c9db4e1b4,14,"[1, 1, 1, 0, 1, 0, 0, 1]",1,1,-1,,0.375,8
7474,9a6737fc-8861-11f1-88cc-b48c9db4e1b4,14,"[1, 1, 1, 0, 1, 0, 0, 1]",2,1,-1,,0.375,8
7475,9a6737fc-8861-11f1-88cc-b48c9db4e1b4,14,"[1, 1, 1, 0, 1, 0, 0, 1]",3,0,0,,0.375,8
7476,9a6737fc-8861-11f1-88cc-b48c9db4e1b4,14,"[1, 1, 1, 0, 1, 0, 0, 1]",4,1,-1,,0.375,8
7477,9a6737fc-8861-11f1-88cc-b48c9db4e1b4,14,"[1, 1, 1, 0, 1, 0, 0, 1]",5,0,0,,0.375,8
7478,9a6737fc-8861-11f1-88cc-b48c9db4e1b4,14,"[1, 1, 1, 0, 1, 0, 0, 1]",6,0,0,,0.375,8
7479,9a6737fc-8861-11f1-88cc-b48c9db4e1b4,14,"[1, 1, 1, 0, 1, 0, 0, 1]",7,1,-1,,0.375,8
7480,9a6737fc-8861-11f1-88cc-b48c9db4e1b4,15,"[0, 0, 1, 0, 1, 1, 1, 0]",0,0,0,,0.375,8
7481,9a6737fc-8861-11f1-88cc-b48c9db4e1b4,15,"[0, 0, 1, 0, 1, 1, 1, 0]",1,0,0,,0.375,8
7482,9a6737fc-8861-11f1-88cc-b48c9db4e1b4,15,"[0, 0, 1, 0, 1, 1, 1, 0]",2,1,-1,,0.375,8
7483,9a6737fc-8861-11f1-88cc-b48c9db4e1b4,15,"[0, 0, 1, 0, 1, 1, 1, 0]",3,0,0,,0.375,8
7484,9a6737fc-8861-11f1-88cc-b48c9db4e1b4,15,"[0, 0, 1, 0, 1, 1, 1, 0]",4,1,-1,,0.375,8
7485,9a6737fc-8861-11f1-88cc-b48c9db4e1b4,15,"[0, 0, 1, 0, 1, 1, 1, 0]",5,1,-1,,0.375,8
7486,9a6737fc-8861-11f1-88cc-b48c9db4e1b4,15,"[0, 0, 1, 0, 1, 1, 1, 0]",6,1,-1,,0.375,8
7487,9a6737fc-8861-11f1-88cc-b48c9db4e1b4,15,"[0, 0, 1, 0, 1, 1, 1, 0]",7,0,0,,0.375,8
7488,9a6737fc-8861-11f1-88cc-b48c9db4e1b4,16,"[1, 0, 0, 0, 0, 0, 1, 1]",0,1,1,,0.375,8
7489,9a6737fc-8861-11f1-88cc-b48c9db4e1b4,16,"[1, 0, 0, 0, 0, 0, 1, 1]",1,0,0,,0.375,8
7490,9a6737fc-8861-11f1-88cc-b48c9db4e1b4,16,"[1, 0, 0, 0, 0, 0, 1, 1]",2,0,0,,0.375,8
7491,9a6737fc-8861-11f1-88cc-b48c9db4e1b4,16,"[1, 0, 0, 0, 0, 0, 1, 1]",3,0,0,,0.375,8
7492,9a6737fc-8861-11f1-88cc-b48c9db4e1b4,16,"[1, 0, 0, 0, 0, 0, 1, 1]",4,0,0,,0.375,8
7493,9a6737fc-8861-11f1-88cc-b48c9db4e1b4,16,"[1, 0, 0, 0, 0, 0, 1, 1]",5,0,0,,0.375,8
7494,9a6737fc-8861-11f1-88cc-b48c9db4e1b4,16,"[1, 0, 0, 0, 0, 0, 1, 1]",6,1,1,,0.375,8
7495,9a6737fc-8861-11f1-88cc-b48c9db4e1b4,16,"[1, 0, 0, 0, 0, 0, 1, 1]",7,1,1,,0.375,8
7496,9a6737fc-8861-11f1-88cc-b48c9db4e1b4,17,"[1, 1, 1, 1, 0, 0, 1, 0]",0,1,-1,,0.375,8
7497,9a6737fc-8861-11f1-88cc-b48c9db4e1b4,17,"[1, 1, 1, 1, 0, 0, 1, 0]",1,1,-1,,0.375,8
7498,9a6737fc-8861-11f1-88cc-b48c9db4e1b4,17,"[1, 1, 1, 1, 0, 0, 1, 0]",2,1,-1,,0.375,8
7499,9a6737fc-8861-11f1-88cc-b48c9db4e1b4,17,"[1, 1, 1, 1, 0, 0, 1, 0]",3,1,-1,,0.375,8
7500,9a6737fc-8861-11f1-88cc-b48c9db4e1b4,17,"[1, 1, 1, 1, 0, 0, 1, 0]",4,0,0,,0.375,8
7501,9a6737fc-8861-11f1-88cc-b48c9db4e1b4,17,"[1, 1, 1, 1, 0, 0, 1, 0]",5,0,0,,0.375,8
7502,9a6737fc-8861-11f1-88cc-b48c9db4e1b4,17,"[1, 1, 1, 1, 0, 0, 1, 0]",6,1,-1,,0.375,8
7503,9a6737fc-8861-11f1-88cc-b48c9db4e1b4,17,"[1, 1, 1, 1, 0, 0, 1, 0]",7,0,0,,0.375,8
7504,9a6737fc-8861-11f1-88cc-b48c9db4e1b4,18,"[1, 0, 1, 1, 1, 0, 0, 1]",0,1,-1,,0.375,8
7505,9a6737fc-8861-11f1-88cc-b48c9db4e1b4,18,"[1, 0, 1, 1, 1, 0, 0, 1]",1,0,0,,0.375,8
7506,9a6737fc-8861-11f1-88cc-b48c9db4e1b4,18,"[1, 0, 1, 1, 1, 0, 0, 1]",2,1,-1,,0.375,8
7507,9a6737fc-8861-11f1-88cc-b48c9db4e1b4,18,"[1, 0, 1, 1, 1, 0, 0, 1]",3,1,-1,,0.375,8
7508,9a6737fc-8861-11f1-88cc-b48c9db4e1b4,18,"[1, 0, 1, 1, 1, 0, 0, 1]",4,1,-1,,0.375,8
7509,9a6737fc-8861-11f1-88cc-b48c9db4e1b4,18,"[1, 0, 1, 1, 1, 0, 0, 1]",5,0,0,,0.375,8
7510,9a6737fc-8861-11f1-88cc-b48c9db4e1b4,18,"[1, 0, 1, 1, 1, 0, 0, 1]",6,0,0,,0.375,8
7511,9a6737fc-8861-11f1-88cc-b48c9db4e1b4,18,"[1, 0, 1, 1, 1, 0, 0, 1]",7,1,-1,,0.375,8
7512,9a6737fc-8861-11f1-88cc-b48c9db4e1b4,19,"[0, 1, 0, 1, 1, 1, 1, 1]",0,0,0,,0.375,8
7513,9a6737fc-8861-11f1-88cc-b48c9db4e1b4,19,"[0, 1, 0, 1, 1, 1, 1, 1]",1,1,-1,,0.375,8
7514,9a6737fc-8861-11f1-88cc-b48c9db4e1b4,19,"[0, 1, 0, 1, 1, 1, 1, 1]",2,0,0,,0.375,8
7515,9a6737fc-8861-11f1-88cc-b48c9db4e1b4,19,"[0, 1, 0, 1, 1, 1, 1, 1]",3,1,-1,,0.375,8
7516,9a6737fc-8861-11f1-88cc-b48c9db4e1b4,19,"[0, 1, 0, 1, 1, 1, 1, 1]",4,1,-1,,0.375,8
7517,9a6737fc-8861-11f1-88cc-b48c9db4e1b4,19,"[0, 1, 0, 1, 1, 1, 1, 1]",5,1,-1,,0.375,8
7518,9a6737fc-8861-11f1-88cc-b48c9db4e1b4,19,"[0, 1, 0, 1, 1, 1, 1, 1]",6,1,-1,,0.375,8
7519,9a6737fc-8861-11f1-88cc-b48c9db4e1b4,19,"[0, 1, 0, 1, 1, 1, 1, 1]",7,1,-1,,0.375,8
7520,9a6a4113-8861-11f1-85d2-b48c9db4e1b4,0,"[0, 0, 0, 1, 1, 0, 1, 1]",0,0,0,,0.375,8
7521,9a6a4113-8861-11f1-85d2-b48c9db4e1b4,0,"[0, 0, 0, 1, 1, 0, 1, 1]",1,0,0,,0.375,8
7522,9a6a4113-8861-11f1-85d2-b48c9db4e1b4,0,"[0, 0, 0, 1, 1, 0, 1, 1]",2,0,0,,0.375,8
7523,9a6a4113-8861-11f1-85d2-b48c9db4e1b4,0,"[0, 0, 0, 1, 1, 0, 1, 1]",3,1,-1,,0.375,8
7524,9a6a4113-8861-11f1-85d2-b48c9db4e1b4,0,"[0, 0, 0, 1, 1, 0, 1, 1]",4,1,-1,,0.375,8
7525,9a6a4113-8861-11f1-85d2-b48c9db4e1b4,0,"[0, 0, 0, 1, 1, 0, 1, 1]",5,0,0,,0.375,8
7526,9a6a4113-8861-11f1-85d2-b48c9db4e1b4,0,"[0, 0, 0, 1, 1, 0, 1, 1]",6,1,-1,,0.375,8
7527,9a6a4113-8861-11f1-85d2-b48c9db4e1b4,0,"[0, 0, 0, 1, 1, 0, 1, 1]",7,1,-1,,0.375,8
7528,9a6a4113-8861-11f1-85d2-b48c9db4e1b4,1,"[1, 1, 1, 0, 1, 0, 0, 1]",0,1,-1,,0.375,8
7529,9a6a4113-8861-11f1-85d2-b48c9db4e1b4,1,"[1, 1, 1, 0, 1, 0, 0, 1]",1,1,-1,,0.375,8
7530,9a6a4113-8861-11f1-85d2-b48c9db4e1b4,1,"[1, 1, 1, 0, 1, 0, 0, 1]",2,1,-1,,0.375,8
7531,9a6a4113-8861-11f1-85d2-b48c9db4e1b4,1,"[1, 1, 1, 0, 1, 0, 0, 1]",3,0,0,,0.375,8
7532,9a6a4113-8861-11f1-85d2-b48c9db4e1b4,1,"[1, 1, 1, 0, 1, 0, 0, 1]",4,1,-1,,0.375,8
7533,9a6a4113-8861-11f1-85d2-b48c9db4e1b4,1,"[1, 1, 1, 0, 1, 0, 0, 1]",5,0,0,,0.375,8
7534,9a6a4113-8861-11f1-85d2-b48c9db4e1b4,1,"[1, 1, 1, 0, 1, 0, 0, 1]",6,0,0,,0.375,8
7535,9a6a4113-8861-11f1-85d2-b48c9db4e1b4,1,"[1, 1, 1, 0, 1, 0, 0, 1]",7,1,-1,,0.375,8
7536,9a6a4113-8861-11f1-85d2-b48c9db4e1b4,2,"[1, 1, 1, 1, 1, 0, 1, 1]",0,1,-1,,0.375,8
7537,9a6a4113-8861-11f1-85d2-b48c9db4e1b4,2,"[1, 1, 1, 1, 1, 0, 1, 1]",1,1,-1,,0.375,8
7538,9a6a4113-8861-11f1-85d2-b48c9db4e1b4,2,"[1, 1, 1, 1, 1, 0, 1, 1]",2,1,-1,,0.375,8
7539,9a6a4113-8861-11f1-85d2-b48c9db4e1b4,2,"[1, 1, 1, 1, 1, 0, 1, 1]",3,1,-1,,0.375,8
7540,9a6a4113-8861-11f1-85d2-b48c9db4e1b4,2,"[1, 1, 1, 1, 1, 0, 1, 1]",4,1,-1,,0.375,8
7541,9a6a4113-8861-11f1-85d2-b48c9db4e1b4,2,"[1, 1, 1, 1, 1, 0, 1, 1]",5,0,0,,0.375,8
7542,9a6a4113-8861-11f1-85d2-b48c9db4e1b4,2,"[1, 1, 1, 1, 1, 0, 1, 1]",6,1,-1,,0.375,8
7543,9a6a4113-8861-11f1-85d2-b48c9db4e1b4,2,"[1, 1, 1, 1, 1, 0, 1, 1]",7,1,-1,,0.375,8
7544,9a6a4113-8861-11f1-85d2-b48c9db4e1b4,3,"[0, 1, 0, 0, 0, 0, 1, 0]",0,0,0,,0.375,8
7545,9a6a4113-8861-11f1-85d2-b48c9db4e1b4,3,"[0, 1, 0, 0, 0, 0, 1, 0]",1,1,1,,0.375,8
7546,9a6a4113-8861-11f1-85d2-b48c9db4e1b4,3,"[0, 1, 0, 0, 0, 0, 1, 0]",2,0,0,,0.375,8
7547,9a6a4113-8861-11f1-85d2-b48c9db4e1b4,3,"[0, 1, 0, 0, 0, 0, 1, 0]",3,0,0,,0.375,8
7548,9a6a4113-8861-11f1-85d2-b48c9db4e1b4,3,"[0, 1, 0, 0, 0, 0, 1, 0]",4,0,0,,0.375,8
7549,9a6a4113-8861-11f1-85d2-b48c9db4e1b4,3,"[0, 1, 0, 0, 0, 0, 1, 0]",5,0,0,,0.375,8
7550,9a6a4113-8861-11f1-85d2-b48c9db4e1b4,3,"[0, 1, 0, 0, 0, 0, 1, 0]",6,1,1,,0.375,8
7551,9a6a4113-8861-11f1-85d2-b48c9db4e1b4,3,"[0, 1, 0, 0, 0, 0, 1, 0]",7,0,0,,0.375,8
7552,9a6a4113-8861-11f1-85d2-b48c9db4e1b4,4,"[0, 0, 0, 0, 0, 0, 0, 0]",0,0,0,,0.375,8
7553,9a6a4113-8861-11f1-85d2-b48c9db4e1b4,4,"[0, 0, 0, 0, 0, 0, 0, 0]",1,0,0,,0.375,8
7554,9a6a4113-8861-11f1-85d2-b48c9db4e1b4,4,"[0, 0, 0, 0, 0, 0, 0, 0]",2,0,0,,0.375,8
7555,9a6a4113-8861-11f1-85d2-b48c9db4e1b4,4,"[0, 0, 0, 0, 0, 0, 0, 0]",3,0,0,,0.375,8
7556,9a6a4113-8861-11f1-85d2-b48c9db4e1b4,4,"[0, 0, 0, 0, 0, 0, 0, 0]",4,0,0,,0.375,8
7557,9a6a4113-8861-11f1-85d2-b48c9db4e1b4,4,"[0, 0, 0, 0, 0, 0, 0, 0]",5,0,0,,0.375,8
7558,9a6a4113-8861-11f1-85d2-b48c9db4e1b4,4,"[0, 0, 0, 0, 0, 0, 0, 0]",6,0,0,,0.375,8
7559,9a6a4113-8861-11f1-85d2-b48c9db4e1b4,4,"[0, 0, 0, 0, 0, 0, 0, 0]",7,0,0,,0.375,8
7560,9a6a4113-8861-11f1-85d2-b48c9db4e1b4,5,"[0, 0, 1, 0, 0, 0, 0, 1]",0,0,0,,0.375,8
7561,9a6a4113-8861-11f1-85d2-b48c9db4e1b4,5,"[0, 0, 1, 0, 0, 0, 0, 1]",1,0,0,,0.375,8
7562,9a6a4113-8861-11f1-85d2-b48c9db4e1b4,5,"[0, 0, 1, 0, 0, 0, 0, 1]",2,1,1,,0.375,8
7563,9a6a4113-8861-11f1-85d2-b48c9db4e1b4,5,"[0, 0, 1, 0, 0, 0, 0, 1]",3,0,0,,0.375,8
7564,9a6a4113-8861-11f1-85d2-b48c9db4e1b4,5,"[0, 0, 1, 0, 0, 0, 0, 1]",4,0,0,,0.375,8
7565,9a6a4113-8861-11f1-85d2-b48c9db4e1b4,5,"[0, 0, 1, 0, 0, 0, 0, 1]",5,0,0,,0.375,8
7566,9a6a4113-8861-11f1-85d2-b48c9db4e1b4,5,"[0, 0, 1, 0, 0, 0, 0, 1]",6,0,0,,0.375,8
7567,9a6a4113-8861-11f1-85d2-b48c9db4e1b4,5,"[0, 0, 1, 0, 0, 0, 0, 1]",7,1,1,,0.375,8
7568,9a6a4113-8861-11f1-85d2-b48c9db4e1b4,6,"[0, 0, 1, 1, 1, 1, 0, 1]",0,0,0,,0.375,8
7569,9a6a4113-8861-11f1-85d2-b48c9db4e1b4,6,"[0, 0, 1, 1, 1, 1, 0, 1]",1,0,0,,0.375,8
7570,9a6a4113-8861-11f1-85d2-b48c9db4e1b4,6,"[0, 0, 1, 1, 1, 1, 0, 1]",2,1,-1,,0.375,8
7571,9a6a4113-8861-11f1-85d2-b48c9db4e1b4,6,"[0, 0, 1, 1, 1, 1, 0, 1]",3,1,-1,,0.375,8
7572,9a6a4113-8861-11f1-85d2-b48c9db4e1b4,6,"[0, 0, 1, 1, 1, 1, 0, 1]",4,1,-1,,0.375,8
7573,9a6a4113-8861-11f1-85d2-b48c9db4e1b4,6,"[0, 0, 1, 1, 1, 1, 0, 1]",5,1,-1,,0.375,8
7574,9a6a4113-8861-11f1-85d2-b48c9db4e1b4,6,"[0, 0, 1, 1, 1, 1, 0, 1]",6,0,0,,0.375,8
7575,9a6a4113-8861-11f1-85d2-b48c9db4e1b4,6,"[0, 0, 1, 1, 1, 1, 0, 1]",7,1,-1,,0.375,8
7576,9a6a4113-8861-11f1-85d2-b48c9db4e1b4,7,"[0, 0, 1, 1, 1, 0, 0, 0]",0,0,0,,0.375,8
7577,9a6a4113-8861-11f1-85d2-b48c9db4e1b4,7,"[0, 0, 1, 1, 1, 0, 0, 0]",1,0,0,,0.375,8
7578,9a6a4113-8861-11f1-85d2-b48c9db4e1b4,7,"[0, 0, 1, 1, 1, 0, 0, 0]",2,1,1,,0.375,8
7579,9a6a4113-8861-11f1-85d2-b48c9db4e1b4,7,"[0, 0, 1, 1, 1, 0, 0, 0]",3,1,1,,0.375,8
7580,9a6a4113-8861-11f1-85d2-b48c9db4e1b4,7,"[0, 0, 1, 1, 1, 0, 0, 0]",4,1,1,,0.375,8
7581,9a6a4113-8861-11f1-85d2-b48c9db4e1b4,7,"[0, 0, 1, 1, 1, 0, 0, 0]",5,0,0,,0.375,8
7582,9a6a4113-8861-11f1-85d2-b48c9db4e1b4,7,"[0, 0, 1, 1, 1, 0, 0, 0]",6,0,0,,0.375,8
7583,9a6a4113-8861-11f1-85d2-b48c9db4e1b4,7,"[0, 0, 1, 1, 1, 0, 0, 0]",7,0,0,,0.375,8
7584,9a6a4113-8861-11f1-85d2-b48c9db4e1b4,8,"[1, 0, 1, 1, 1, 1, 0, 1]",0,1,-1,,0.375,8
7585,9a6a4113-8861-11f1-85d2-b48c9db4e1b4,8,"[1, 0, 1, 1, 1, 1, 0, 1]",1,0,0,,0.375,8
7586,9a6a4113-8861-11f1-85d2-b48c9db4e1b4,8,"[1, 0, 1, 1, 1, 1, 0, 1]",2,1,-1,,0.375,8
7587,9a6a4113-8861-11f1-85d2-b48c9db4e1b4,8,"[1, 0, 1, 1, 1, 1, 0, 1]",3,1,-1,,0.375,8
7588,9a6a4113-8861-11f1-85d2-b48c9db4e1b4,8,"[1, 0, 1, 1, 1, 1, 0, 1]",4,1,-1,,0.375,8
7589,9a6a4113-8861-11f1-85d2-b48c9db4e1b4,8,"[1, 0, 1, 1, 1, 1, 0, 1]",5,1,-1,,0.375,8
7590,9a6a4113-8861-11f1-85d2-b48c9db4e1b4,8,"[1, 0, 1, 1, 1, 1, 0, 1]",6,0,0,,0.375,8
7591,9a6a4113-8861-11f1-85d2-b48c9db4e1b4,8,"[1, 0, 1, 1, 1, 1, 0, 1]",7,1,-1,,0.375,8
7592,9a6a4113-8861-11f1-85d2-b48c9db4e1b4,9,"[1, 0, 1, 0, 0, 1, 1, 0]",0,1,-1,,0.375,8
7593,9a6a4113-8861-11f1-85d2-b48c9db4e1b4,9,"[1, 0, 1, 0, 0, 1, 1, 0]",1,0,0,,0.375,8
7594,9a6a4113-8861-11f1-85d2-b48c9db4e1b4,9,"[1, 0, 1, 0, 0, 1, 1, 0]",2,1,-1,,0.375,8
7595,9a6a4113-8861-11f1-85d2-b48c9db4e1b4,9,"[1, 0, 1, 0, 0, 1, 1, 0]",3,0,0,,0.375,8
7596,9a6a4113-8861-11f1-85d2-b48c9db4e1b4,9,"[1, 0, 1, 0, 0, 1, 1, 0]",4,0,0,,0.375,8
7597,9a6a4113-8861-11f1-85d2-b48c9db4e1b4,9,"[1, 0, 1, 0, 0, 1, 1, 0]",5,1,-1,,0.375,8
7598,9a6a4113-8861-11f1-85d2-b48c9db4e1b4,9,"[1, 0, 1, 0, 0, 1, 1, 0]",6,1,-1,,0.375,8
7599,9a6a4113-8861-11f1-85d2-b48c9db4e1b4,9,"[1, 0, 1, 0, 0, 1, 1, 0]",7,0,0,,0.375,8
7600,9a6a4113-8861-11f1-85d2-b48c9db4e1b4,10,"[0, 0, 1, 1, 1, 1, 0, 0]",0,0,0,,0.375,8
7601,9a6a4113-8861-11f1-85d2-b48c9db4e1b4,10,"[0, 0, 1, 1, 1, 1, 0, 0]",1,0,0,,0.375,8
7602,9a6a4113-8861-11f1-85d2-b48c9db4e1b4,10,"[0, 0, 1, 1, 1, 1, 0, 0]",2,1,-1,,0.375,8
7603,9a6a4113-8861-11f1-85d2-b48c9db4e1b4,10,"[0, 0, 1, 1, 1, 1, 0, 0]",3,1,-1,,0.375,8
7604,9a6a4113-8861-11f1-85d2-b48c9db4e1b4,10,"[0, 0, 1, 1, 1, 1, 0, 0]",4,1,-1,,0.375,8
7605,9a6a4113-8861-11f1-85d2-b48c9db4e1b4,10,"[0, 0, 1, 1, 1, 1, 0, 0]",5,1,-1,,0.375,8
7606,9a6a4113-8861-11f1-85d2-b48c9db4e1b4,10,"[0, 0, 1, 1, 1, 1, 0, 0]",6,0,0,,0.375,8
7607,9a6a4113-8861-11f1-85d2-b48c9db4e1b4,10,"[0, 0, 1, 1, 1, 1, 0, 0]",7,0,0,,0.375,8
7608,9a6a4113-8861-11f1-85d2-b48c9db4e1b4,11,"[1, 0, 0, 0, 1, 0, 1, 1]",0,1,-1,,0.375,8
7609,9a6a4113-8861-11f1-85d2-b48c9db4e1b4,11,"[1, 0, 0, 0, 1, 0, 1, 1]",1,0,0,,0.375,8
7610,9a6a4113-8861-11f1-85d2-b48c9db4e1b4,11,"[1, 0, 0, 0, 1, 0, 1, 1]",2,0,0,,0.375,8
7611,9a6a4113-8861-11f1-85d2-b48c9db4e1b4,11,"[1, 0, 0, 0, 1, 0, 1, 1]",3,0,0,,0.375,8
7612,9a6a4113-8861-11f1-85d2-b48c9db4e1b4,11,"[1, 0, 0, 0, 1, 0, 1, 1]",4,1,-1,,0.375,8
7613,9a6a4113-8861-11f1-85d2-b48c9db4e1b4,11,"[1, 0, 0, 0, 1, 0, 1, 1]",5,0,0,,0.375,8
7614,9a6a4113-8861-11f1-85d2-b48c9db4e1b4,11,"[1, 0, 0, 0, 1, 0, 1, 1]",6,1,-1,,0.375,8
7615,9a6a4113-8861-11f1-85d2-b48c9db4e1b4,11,"[1, 0, 0, 0, 1, 0, 1, 1]",7,1,-1,,0.375,8
7616,9a6a4113-8861-11f1-85d2-b48c9db4e1b4,12,"[1, 0, 1, 0, 1, 0, 1, 0]",0,1,-1,,0.375,8
7617,9a6a4113-8861-11f1-85d2-b48c9db4e1b4,12,"[1, 0, 1, 0, 1, 0, 1, 0]",1,0,0,,0.375,8
7618,9a6a4113-8861-11f1-85d2-b48c9db4e1b4,12,"[1, 0, 1, 0, 1, 0, 1, 0]",2,1,-1,,0.375,8
7619,9a6a4113-8861-11f1-85d2-b48c9db4e1b4,12,"[1, 0, 1, 0, 1, 0, 1, 0]",3,0,0,,0.375,8
7620,9a6a4113-8861-11f1-85d2-b48c9db4e1b4,12,"[1, 0, 1, 0, 1, 0, 1, 0]",4,1,-1,,0.375,8
7621,9a6a4113-8861-11f1-85d2-b48c9db4e1b4,12,"[1, 0, 1, 0, 1, 0, 1, 0]",5,0,0,,0.375,8
7622,9a6a4113-8861-11f1-85d2-b48c9db4e1b4,12,"[1, 0, 1, 0, 1, 0, 1, 0]",6,1,-1,,0.375,8
7623,9a6a4113-8861-11f1-85d2-b48c9db4e1b4,12,"[1, 0, 1, 0, 1, 0, 1, 0]",7,0,0,,0.375,8
7624,9a6a4113-8861-11f1-85d2-b48c9db4e1b4,13,"[0, 0, 1, 1, 0, 0, 0, 1]",0,0,0,,0.375,8
7625,9a6a4113-8861-11f1-85d2-b48c9db4e1b4,13,"[0, 0, 1, 1, 0, 0, 0, 1]",1,0,0,,0.375,8
7626,9a6a4113-8861-11f1-85d2-b48c9db4e1b4,13,"[0, 0, 1, 1, 0, 0, 0, 1]",2,1,1,,0.375,8
7627,9a6a4113-8861-11f1-85d2-b48c9db4e1b4,13,"[0, 0, 1, 1, 0, 0, 0, 1]",3,1,1,,0.375,8
7628,9a6a4113-8861-11f1-85d2-b48c9db4e1b4,13,"[0, 0, 1, 1, 0, 0, 0, 1]",4,0,0,,0.375,8
7629,9a6a4113-8861-11f1-85d2-b48c9db4e1b4,13,"[0, 0, 1, 1, 0, 0, 0, 1]",5,0,0,,0.375,8
7630,9a6a4113-8861-11f1-85d2-b48c9db4e1b4,13,"[0, 0, 1, 1, 0, 0, 0, 1]",6,0,0,,0.375,8
7631,9a6a4113-8861-11f1-85d2-b48c9db4e1b4,13,"[0, 0, 1, 1, 0, 0, 0, 1]",7,1,1,,0.375,8
7632,9a6a4113-8861-11f1-85d2-b48c9db4e1b4,14,"[1, 1, 1, 0, 1, 0, 0, 1]",0,1,-1,,0.375,8
7633,9a6a4113-8861-11f1-85d2-b48c9db4e1b4,14,"[1, 1, 1, 0, 1, 0, 0, 1]",1,1,-1,,0.375,8
7634,9a6a4113-8861-11f1-85d2-b48c9db4e1b4,14,"[1, 1, 1, 0, 1, 0, 0, 1]",2,1,-1,,0.375,8
7635,9a6a4113-8861-11f1-85d2-b48c9db4e1b4,14,"[1, 1, 1, 0, 1, 0, 0, 1]",3,0,0,,0.375,8
7636,9a6a4113-8861-11f1-85d2-b48c9db4e1b4,14,"[1, 1, 1, 0, 1, 0, 0, 1]",4,1,-1,,0.375,8
7637,9a6a4113-8861-11f1-85d2-b48c9db4e1b4,14,"[1, 1, 1, 0, 1, 0, 0, 1]",5,0,0,,0.375,8
7638,9a6a4113-8861-11f1-85d2-b48c9db4e1b4,14,"[1, 1, 1, 0, 1, 0, 0, 1]",6,0,0,,0.375,8
7639,9a6a4113-8861-11f1-85d2-b48c9db4e1b4,14,"[1, 1, 1, 0, 1, 0, 0, 1]",7,1,-1,,0.375,8
7640,9a6a4113-8861-11f1-85d2-b48c9db4e1b4,15,"[1, 1, 0, 1, 1, 1, 1, 1]",0,1,-1,,0.375,8
7641,9a6a4113-8861-11f1-85d2-b48c9db4e1b4,15,"[1, 1, 0, 1, 1, 1, 1, 1]",1,1,-1,,0.375,8
7642,9a6a4113-8861-11f1-85d2-b48c9db4e1b4,15,"[1, 1, 0, 1, 1, 1, 1, 1]",2,0,0,,0.375,8
7643,9a6a4113-8861-11f1-85d2-b48c9db4e1b4,15,"[1, 1, 0, 1, 1, 1, 1, 1]",3,1,-1,,0.375,8
7644,9a6a4113-8861-11f1-85d2-b48c9db4e1b4,15,"[1, 1, 0, 1, 1, 1, 1, 1]",4,1,-1,,0.375,8
7645,9a6a4113-8861-11f1-85d2-b48c9db4e1b4,15,"[1, 1, 0, 1, 1, 1, 1, 1]",5,1,-1,,0.375,8
7646,9a6a4113-8861-11f1-85d2-b48c9db4e1b4,15,"[1, 1, 0, 1, 1, 1, 1, 1]",6,1,-1,,0.375,8
7647,9a6a4113-8861-11f1-85d2-b48c9db4e1b4,15,"[1, 1, 0, 1, 1, 1, 1, 1]",7,1,-1,,0.375,8
7648,9a6a4113-8861-11f1-85d2-b48c9db4e1b4,16,"[0, 1, 0, 0, 0, 1, 1, 0]",0,0,0,,0.375,8
7649,9a6a4113-8861-11f1-85d2-b48c9db4e1b4,16,"[0, 1, 0, 0, 0, 1, 1, 0]",1,1,1,,0.375,8
7650,9a6a4113-8861-11f1-85d2-b48c9db4e1b4,16,"[0, 1, 0, 0, 0, 1, 1, 0]",2,0,0,,0.375,8
7651,9a6a4113-8861-11f1-85d2-b48c9db4e1b4,16,"[0, 1, 0, 0, 0, 1, 1, 0]",3,0,0,,0.375,8
7652,9a6a4113-8861-11f1-85d2-b48c9db4e1b4,16,"[0, 1, 0, 0, 0, 1, 1, 0]",4,0,0,,0.375,8
7653,9a6a4113-8861-11f1-85d2-b48c9db4e1b4,16,"[0, 1, 0, 0, 0, 1, 1, 0]",5,1,1,,0.375,8
7654,9a6a4113-8861-11f1-85d2-b48c9db4e1b4,16,"[0, 1, 0, 0, 0, 1, 1, 0]",6,1,1,,0.375,8
7655,9a6a4113-8861-11f1-85d2-b48c9db4e1b4,16,"[0, 1, 0, 0, 0, 1, 1, 0]",7,0,0,,0.375,8
7656,9a6a4113-8861-11f1-85d2-b48c9db4e1b4,17,"[1, 1, 1, 0, 1, 0, 1, 1]",0,1,-1,,0.375,8
7657,9a6a4113-8861-11f1-85d2-b48c9db4e1b4,17,"[1, 1, 1, 0, 1, 0, 1, 1]",1,1,-1,,0.375,8
7658,9a6a4113-8861-11f1-85d2-b48c9db4e1b4,17,"[1, 1, 1, 0, 1, 0, 1, 1]",2,1,-1,,0.375,8
7659,9a6a4113-8861-11f1-85d2-b48c9db4e1b4,17,"[1, 1, 1, 0, 1, 0, 1, 1]",3,0,0,,0.375,8
7660,9a6a4113-8861-11f1-85d2-b48c9db4e1b4,17,"[1, 1, 1, 0, 1, 0, 1, 1]",4,1,-1,,0.375,8
7661,9a6a4113-8861-11f1-85d2-b48c9db4e1b4,17,"[1, 1, 1, 0, 1, 0, 1, 1]",5,0,0,,0.375,8
7662,9a6a4113-8861-11f1-85d2-b48c9db4e1b4,17,"[1, 1, 1, 0, 1, 0, 1, 1]",6,1,-1,,0.375,8
7663,9a6a4113-8861-11f1-85d2-b48c9db4e1b4,17,"[1, 1, 1, 0, 1, 0, 1, 1]",7,1,-1,,0.375,8
7664,9a6a4113-8861-11f1-85d2-b48c9db4e1b4,18,"[1, 1, 0, 0, 1, 1, 1, 0]",0,1,-1,,0.375,8
7665,9a6a4113-8861-11f1-85d2-b48c9db4e1b4,18,"[1, 1, 0, 0, 1, 1, 1, 0]",1,1,-1,,0.375,8
7666,9a6a4113-8861-11f1-85d2-b48c9db4e1b4,18,"[1, 1, 0, 0, 1, 1, 1, 0]",2,0,0,,0.375,8
7667,9a6a4113-8861-11f1-85d2-b48c9db4e1b4,18,"[1, 1, 0, 0, 1, 1, 1, 0]",3,0,0,,0.375,8
7668,9a6a4113-8861-11f1-85d2-b48c9db4e1b4,18,"[1, 1, 0, 0, 1, 1, 1, 0]",4,1,-1,,0.375,8
7669,9a6a4113-8861-11f1-85d2-b48c9db4e1b4,18,"[1, 1, 0, 0, 1, 1, 1, 0]",5,1,-1,,0.375,8
7670,9a6a4113-8861-11f1-85d2-b48c9db4e1b4,18,"[1, 1, 0, 0, 1, 1, 1, 0]",6,1,-1,,0.375,8
7671,9a6a4113-8861-11f1-85d2-b48c9db4e1b4,18,"[1, 1, 0, 0, 1, 1, 1, 0]",7,0,0,,0.375,8
7672,9a6a4113-8861-11f1-85d2-b48c9db4e1b4,19,"[1, 0, 0, 0, 0, 0, 1, 1]",0,1,1,,0.375,8
7673,9a6a4113-8861-11f1-85d2-b48c9db4e1b4,19,"[1, 0, 0, 0, 0, 0, 1, 1]",1,0,0,,0.375,8
7674,9a6a4113-8861-11f1-85d2-b48c9db4e1b4,19,"[1, 0, 0, 0, 0, 0, 1, 1]",2,0,0,,0.375,8
7675,9a6a4113-8861-11f1-85d2-b48c9db4e1b4,19,"[1, 0, 0, 0, 0, 0, 1, 1]",3,0,0,,0.375,8
7676,9a6a4113-8861-11f1-85d2-b48c9db4e1b4,19,"[1, 0, 0, 0, 0, 0, 1, 1]",4,0,0,,0.375,8
7677,9a6a4113-8861-11f1-85d2-b48c9db4e1b4,19,"[1, 0, 0, 0, 0, 0, 1, 1]",5,0,0,,0.375,8
7678,9a6a4113-8861-11f1-85d2-b48c9db4e1b4,19,"[1, 0, 0, 0, 0, 0, 1, 1]",6,1,1,,0.375,8
7679,9a6a4113-8861-11f1-85d2-b48c9db4e1b4,19,"[1, 0, 0, 0, 0, 0, 1, 1]",7,1,1,,0.375,8
7680,9a6d650c-8861-11f1-a523-b48c9db4e1b4,0,"[1, 0, 0, 1, 1, 1, 1, 1]",0,1,-1,,0.375,8
7681,9a6d650c-8861-11f1-a523-b48c9db4e1b4,0,"[1, 0, 0, 1, 1, 1, 1, 1]",1,0,0,,0.375,8
7682,9a6d650c-8861-11f1-a523-b48c9db4e1b4,0,"[1, 0, 0, 1, 1, 1, 1, 1]",2,0,0,,0.375,8
7683,9a6d650c-8861-11f1-a523-b48c9db4e1b4,0,"[1, 0, 0, 1, 1, 1, 1, 1]",3,1,-1,,0.375,8
7684,9a6d650c-8861-11f1-a523-b48c9db4e1b4,0,"[1, 0, 0, 1, 1, 1, 1, 1]",4,1,-1,,0.375,8
7685,9a6d650c-8861-11f1-a523-b48c9db4e1b4,0,"[1, 0, 0, 1, 1, 1, 1, 1]",5,1,-1,,0.375,8
7686,9a6d650c-8861-11f1-a523-b48c9db4e1b4,0,"[1, 0, 0, 1, 1, 1, 1, 1]",6,1,-1,,0.375,8
7687,9a6d650c-8861-11f1-a523-b48c9db4e1b4,0,"[1, 0, 0, 1, 1, 1, 1, 1]",7,1,-1,,0.375,8
7688,9a6d650c-8861-11f1-a523-b48c9db4e1b4,1,"[1, 0, 0, 0, 1, 1, 1, 0]",0,1,-1,,0.375,8
7689,9a6d650c-8861-11f1-a523-b48c9db4e1b4,1,"[1, 0, 0, 0, 1, 1, 1, 0]",1,0,0,,0.375,8
7690,9a6d650c-8861-11f1-a523-b48c9db4e1b4,1,"[1, 0, 0, 0, 1, 1, 1, 0]",2,0,0,,0.375,8
7691,9a6d650c-8861-11f1-a523-b48c9db4e1b4,1,"[1, 0, 0, 0, 1, 1, 1, 0]",3,0,0,,0.375,8
7692,9a6d650c-8861-11f1-a523-b48c9db4e1b4,1,"[1, 0, 0, 0, 1, 1, 1, 0]",4,1,-1,,0.375,8
7693,9a6d650c-8861-11f1-a523-b48c9db4e1b4,1,"[1, 0, 0, 0, 1, 1, 1, 0]",5,1,-1,,0.375,8
7694,9a6d650c-8861-11f1-a523-b48c9db4e1b4,1,"[1, 0, 0, 0, 1, 1, 1, 0]",6,1,-1,,0.375,8
7695,9a6d650c-8861-11f1-a523-b48c9db4e1b4,1,"[1, 0, 0, 0, 1, 1, 1, 0]",7,0,0,,0.375,8
7696,9a6d650c-8861-11f1-a523-b48c9db4e1b4,2,"[1, 0, 0, 1, 0, 0, 0, 1]",0,1,1,,0.375,8
7697,9a6d650c-8861-11f1-a523-b48c9db4e1b4,2,"[1, 0, 0, 1, 0, 0, 0, 1]",1,0,0,,0.375,8
7698,9a6d650c-8861-11f1-a523-b48c9db4e1b4,2,"[1, 0, 0, 1, 0, 0, 0, 1]",2,0,0,,0.375,8
7699,9a6d650c-8861-11f1-a523-b48c9db4e1b4,2,"[1, 0, 0, 1, 0, 0, 0, 1]",3,1,1,,0.375,8
7700,9a6d650c-8861-11f1-a523-b48c9db4e1b4,2,"[1, 0, 0, 1, 0, 0, 0, 1]",4,0,0,,0.375,8
7701,9a6d650c-8861-11f1-a523-b48c9db4e1b4,2,"[1, 0, 0, 1, 0, 0, 0, 1]",5,0,0,,0.375,8
7702,9a6d650c-8861-11f1-a523-b48c9db4e1b4,2,"[1, 0, 0, 1, 0, 0, 0, 1]",6,0,0,,0.375,8
7703,9a6d650c-8861-11f1-a523-b48c9db4e1b4,2,"[1, 0, 0, 1, 0, 0, 0, 1]",7,1,1,,0.375,8
7704,9a6d650c-8861-11f1-a523-b48c9db4e1b4,3,"[0, 1, 1, 1, 0, 0, 1, 1]",0,0,0,,0.375,8
7705,9a6d650c-8861-11f1-a523-b48c9db4e1b4,3,"[0, 1, 1, 1, 0, 0, 1, 1]",1,1,-1,,0.375,8
7706,9a6d650c-8861-11f1-a523-b48c9db4e1b4,3,"[0, 1, 1, 1, 0, 0, 1, 1]",2,1,-1,,0.375,8
7707,9a6d650c-8861-11f1-a523-b48c9db4e1b4,3,"[0, 1, 1, 1, 0, 0, 1, 1]",3,1,-1,,0.375,8
7708,9a6d650c-8861-11f1-a523-b48c9db4e1b4,3,"[0, 1, 1, 1, 0, 0, 1, 1]",4,0,0,,0.375,8
7709,9a6d650c-8861-11f1-a523-b48c9db4e1b4,3,"[0, 1, 1, 1, 0, 0, 1, 1]",5,0,0,,0.375,8
7710,9a6d650c-8861-11f1-a523-b48c9db4e1b4,3,"[0, 1, 1, 1, 0, 0, 1, 1]",6,1,-1,,0.375,8
7711,9a6d650c-8861-11f1-a523-b48c9db4e1b4,3,"[0, 1, 1, 1, 0, 0, 1, 1]",7,1,-1,,0.375,8
7712,9a6d650c-8861-11f1-a523-b48c9db4e1b4,4,"[1, 0, 0, 0, 0, 1, 1, 0]",0,1,1,,0.375,8
7713,9a6d650c-8861-11f1-a523-b48c9db4e1b4,4,"[1, 0, 0, 0, 0, 1, 1, 0]",1,0,0,,0.375,8
7714,9a6d650c-8861-11f1-a523-b48c9db4e1b4,4,"[1, 0, 0, 0, 0, 1, 1, 0]",2,0,0,,0.375,8
7715,9a6d650c-8861-11f1-a523-b48c9db4e1b4,4,"[1, 0, 0, 0, 0, 1, 1, 0]",3,0,0,,0.375,8
7716,9a6d650c-8861-11f1-a523-b48c9db4e1b4,4,"[1, 0, 0, 0, 0, 1, 1, 0]",4,0,0,,0.375,8
7717,9a6d650c-8861-11f1-a523-b48c9db4e1b4,4,"[1, 0, 0, 0, 0, 1, 1, 0]",5,1,1,,0.375,8
7718,9a6d650c-8861-11f1-a523-b48c9db4e1b4,4,"[1, 0, 0, 0, 0, 1, 1, 0]",6,1,1,,0.375,8
7719,9a6d650c-8861-11f1-a523-b48c9db4e1b4,4,"[1, 0, 0, 0, 0, 1, 1, 0]",7,0,0,,0.375,8
7720,9a6d650c-8861-11f1-a523-b48c9db4e1b4,5,"[0, 0, 0, 0, 1, 1, 0, 1]",0,0,0,,0.375,8
7721,9a6d650c-8861-11f1-a523-b48c9db4e1b4,5,"[0, 0, 0, 0, 1, 1, 0, 1]",1,0,0,,0.375,8
7722,9a6d650c-8861-11f1-a523-b48c9db4e1b4,5,"[0, 0, 0, 0, 1, 1, 0, 1]",2,0,0,,0.375,8
7723,9a6d650c-8861-11f1-a523-b48c9db4e1b4,5,"[0, 0, 0, 0, 1, 1, 0, 1]",3,0,0,,0.375,8
7724,9a6d650c-8861-11f1-a523-b48c9db4e1b4,5,"[0, 0, 0, 0, 1, 1, 0, 1]",4,1,1,,0.375,8
7725,9a6d650c-8861-11f1-a523-b48c9db4e1b4,5,"[0, 0, 0, 0, 1, 1, 0, 1]",5,1,1,,0.375,8
7726,9a6d650c-8861-11f1-a523-b48c9db4e1b4,5,"[0, 0, 0, 0, 1, 1, 0, 1]",6,0,0,,0.375,8
7727,9a6d650c-8861-11f1-a523-b48c9db4e1b4,5,"[0, 0, 0, 0, 1, 1, 0, 1]",7,1,1,,0.375,8
7728,9a6d650c-8861-11f1-a523-b48c9db4e1b4,6,"[0, 1, 0, 0, 1, 0, 1, 0]",0,0,0,,0.375,8
7729,9a6d650c-8861-11f1-a523-b48c9db4e1b4,6,"[0, 1, 0, 0, 1, 0, 1, 0]",1,1,1,,0.375,8
7730,9a6d650c-8861-11f1-a523-b48c9db4e1b4,6,"[0, 1, 0, 0, 1, 0, 1, 0]",2,0,0,,0.375,8
7731,9a6d650c-8861-11f1-a523-b48c9db4e1b4,6,"[0, 1, 0, 0, 1, 0, 1, 0]",3,0,0,,0.375,8
7732,9a6d650c-8861-11f1-a523-b48c9db4e1b4,6,"[0, 1, 0, 0, 1, 0, 1, 0]",4,1,1,,0.375,8
7733,9a6d650c-8861-11f1-a523-b48c9db4e1b4,6,"[0, 1, 0, 0, 1, 0, 1, 0]",5,0,0,,0.375,8
7734,9a6d650c-8861-11f1-a523-b48c9db4e1b4,6,"[0, 1, 0, 0, 1, 0, 1, 0]",6,1,1,,0.375,8
7735,9a6d650c-8861-11f1-a523-b48c9db4e1b4,6,"[0, 1, 0, 0, 1, 0, 1, 0]",7,0,0,,0.375,8
7736,9a6d650c-8861-11f1-a523-b48c9db4e1b4,7,"[0, 1, 1, 0, 1, 1, 1, 0]",0,0,0,,0.375,8
7737,9a6d650c-8861-11f1-a523-b48c9db4e1b4,7,"[0, 1, 1, 0, 1, 1, 1, 0]",1,1,-1,,0.375,8
7738,9a6d650c-8861-11f1-a523-b48c9db4e1b4,7,"[0, 1, 1, 0, 1, 1, 1, 0]",2,1,-1,,0.375,8
7739,9a6d650c-8861-11f1-a523-b48c9db4e1b4,7,"[0, 1, 1, 0, 1, 1, 1, 0]",3,0,0,,0.375,8
7740,9a6d650c-8861-11f1-a523-b48c9db4e1b4,7,"[0, 1, 1, 0, 1, 1, 1, 0]",4,1,-1,,0.375,8
7741,9a6d650c-8861-11f1-a523-b48c9db4e1b4,7,"[0, 1, 1, 0, 1, 1, 1, 0]",5,1,-1,,0.375,8
7742,9a6d650c-8861-11f1-a523-b48c9db4e1b4,7,"[0, 1, 1, 0, 1, 1, 1, 0]",6,1,-1,,0.375,8
7743,9a6d650c-8861-11f1-a523-b48c9db4e1b4,7,"[0, 1, 1, 0, 1, 1, 1, 0]",7,0,0,,0.375,8
7744,9a6d650c-8861-11f1-a523-b48c9db4e1b4,8,"[1, 0, 0, 1, 0, 0, 0, 1]",0,1,1,,0.375,8
7745,9a6d650c-8861-11f1-a523-b48c9db4e1b4,8,"[1, 0, 0, 1, 0, 0, 0, 1]",1,0,0,,0.375,8
7746,9a6d650c-8861-11f1-a523-b48c9db4e1b4,8,"[1, 0, 0, 1, 0, 0, 0, 1]",2,0,0,,0.375,8
7747,9a6d650c-8861-11f1-a523-b48c9db4e1b4,8,"[1, 0, 0, 1, 0, 0, 0, 1]",3,1,1,,0.375,8
7748,9a6d650c-8861-11f1-a523-b48c9db4e1b4,8,"[1, 0, 0, 1, 0, 0, 0, 1]",4,0,0,,0.375,8
7749,9a6d650c-8861-11f1-a523-b48c9db4e1b4,8,"[1, 0, 0, 1, 0, 0, 0, 1]",5,0,0,,0.375,8
7750,9a6d650c-8861-11f1-a523-b48c9db4e1b4,8,"[1, 0, 0, 1, 0, 0, 0, 1]",6,0,0,,0.375,8
7751,9a6d650c-8861-11f1-a523-b48c9db4e1b4,8,"[1, 0, 0, 1, 0, 0, 0, 1]",7,1,1,,0.375,8
7752,9a6d650c-8861-11f1-a523-b48c9db4e1b4,9,"[0, 0, 1, 0, 1, 0, 0, 1]",0,0,0,,0.375,8
7753,9a6d650c-8861-11f1-a523-b48c9db4e1b4,9,"[0, 0, 1, 0, 1, 0, 0, 1]",1,0,0,,0.375,8
7754,9a6d650c-8861-11f1-a523-b48c9db4e1b4,9,"[0, 0, 1, 0, 1, 0, 0, 1]",2,1,1,,0.375,8
7755,9a6d650c-8861-11f1-a523-b48c9db4e1b4,9,"[0, 0, 1, 0, 1, 0, 0, 1]",3,0,0,,0.375,8
7756,9a6d650c-8861-11f1-a523-b48c9db4e1b4,9,"[0, 0, 1, 0, 1, 0, 0, 1]",4,1,1,,0.375,8
7757,9a6d650c-8861-11f1-a523-b48c9db4e1b4,9,"[0, 0, 1, 0, 1, 0, 0, 1]",5,0,0,,0.375,8
7758,9a6d650c-8861-11f1-a523-b48c9db4e1b4,9,"[0, 0, 1, 0, 1, 0, 0, 1]",6,0,0,,0.375,8
7759,9a6d650c-8861-11f1-a523-b48c9db4e1b4,9,"[0, 0, 1, 0, 1, 0, 0, 1]",7,1,1,,0.375,8
7760,9a6d650c-8861-11f1-a523-b48c9db4e1b4,10,"[1, 1, 1, 1, 1, 1, 0, 0]",0,1,-1,,0.375,8
7761,9a6d650c-8861-11f1-a523-b48c9db4e1b4,10,"[1, 1, 1, 1, 1, 1, 0, 0]",1,1,-1,,0.375,8
7762,9a6d650c-8861-11f1-a523-b48c9db4e1b4,10,"[1, 1, 1, 1, 1, 1, 0, 0]",2,1,-1,,0.375,8
7763,9a6d650c-8861-11f1-a523-b48c9db4e1b4,10,"[1, 1, 1, 1, 1, 1, 0, 0]",3,1,-1,,0.375,8
7764,9a6d650c-8861-11f1-a523-b48c9db4e1b4,10,"[1, 1, 1, 1, 1, 1, 0, 0]",4,1,-1,,0.375,8
7765,9a6d650c-8861-11f1-a523-b48c9db4e1b4,10,"[1, 1, 1, 1, 1, 1, 0, 0]",5,1,-1,,0.375,8
7766,9a6d650c-8861-11f1-a523-b48c9db4e1b4,10,"[1, 1, 1, 1, 1, 1, 0, 0]",6,0,0,,0.375,8
7767,9a6d650c-8861-11f1-a523-b48c9db4e1b4,10,"[1, 1, 1, 1, 1, 1, 0, 0]",7,0,0,,0.375,8
7768,9a6d650c-8861-11f1-a523-b48c9db4e1b4,11,"[0, 0, 0, 0, 0, 1, 1, 1]",0,0,0,,0.375,8
7769,9a6d650c-8861-11f1-a523-b48c9db4e1b4,11,"[0, 0, 0, 0, 0, 1, 1, 1]",1,0,0,,0.375,8
7770,9a6d650c-8861-11f1-a523-b48c9db4e1b4,11,"[0, 0, 0, 0, 0, 1, 1, 1]",2,0,0,,0.375,8
7771,9a6d650c-8861-11f1-a523-b48c9db4e1b4,11,"[0, 0, 0, 0, 0, 1, 1, 1]",3,0,0,,0.375,8
7772,9a6d650c-8861-11f1-a523-b48c9db4e1b4,11,"[0, 0, 0, 0, 0, 1, 1, 1]",4,0,0,,0.375,8
7773,9a6d650c-8861-11f1-a523-b48c9db4e1b4,11,"[0, 0, 0, 0, 0, 1, 1, 1]",5,1,1,,0.375,8
7774,9a6d650c-8861-11f1-a523-b48c9db4e1b4,11,"[0, 0, 0, 0, 0, 1, 1, 1]",6,1,1,,0.375,8
7775,9a6d650c-8861-11f1-a523-b48c9db4e1b4,11,"[0, 0, 0, 0, 0, 1, 1, 1]",7,1,1,,0.375,8
7776,9a6d650c-8861-11f1-a523-b48c9db4e1b4,12,"[0, 1, 1, 1, 0, 0, 1, 0]",0,0,0,,0.375,8
7777,9a6d650c-8861-11f1-a523-b48c9db4e1b4,12,"[0, 1, 1, 1, 0, 0, 1, 0]",1,1,-1,,0.375,8
7778,9a6d650c-8861-11f1-a523-b48c9db4e1b4,12,"[0, 1, 1, 1, 0, 0, 1, 0]",2,1,-1,,0.375,8
7779,9a6d650c-8861-11f1-a523-b48c9db4e1b4,12,"[0, 1, 1, 1, 0, 0, 1, 0]",3,1,-1,,0.375,8
7780,9a6d650c-8861-11f1-a523-b48c9db4e1b4,12,"[0, 1, 1, 1, 0, 0, 1, 0]",4,0,0,,0.375,8
7781,9a6d650c-8861-11f1-a523-b48c9db4e1b4,12,"[0, 1, 1, 1, 0, 0, 1, 0]",5,0,0,,0.375,8
7782,9a6d650c-8861-11f1-a523-b48c9db4e1b4,12,"[0, 1, 1, 1, 0, 0, 1, 0]",6,1,-1,,0.375,8
7783,9a6d650c-8861-11f1-a523-b48c9db4e1b4,12,"[0, 1, 1, 1, 0, 0, 1, 0]",7,0,0,,0.375,8
7784,9a6d650c-8861-11f1-a523-b48c9db4e1b4,13,"[0, 1, 0, 0, 0, 0, 0, 1]",0,0,0,,0.375,8
7785,9a6d650c-8861-11f1-a523-b48c9db4e1b4,13,"[0, 1, 0, 0, 0, 0, 0, 1]",1,1,1,,0.375,8
7786,9a6d650c-8861-11f1-a523-b48c9db4e1b4,13,"[0, 1, 0, 0, 0, 0, 0, 1]",2,0,0,,0.375,8
7787,9a6d650c-8861-11f1-a523-b48c9db4e1b4,13,"[0, 1, 0, 0, 0, 0, 0, 1]",3,0,0,,0.375,8
7788,9a6d650c-8861-11f1-a523-b48c9db4e1b4,13,"[0, 1, 0, 0, 0, 0, 0, 1]",4,0,0,,0.375,8
7789,9a6d650c-8861-11f1-a523-b48c9db4e1b4,13,"[0, 1, 0, 0, 0, 0, 0, 1]",5,0,0,,0.375,8
7790,9a6d650c-8861-11f1-a523-b48c9db4e1b4,13,"[0, 1, 0, 0, 0, 0, 0, 1]",6,0,0,,0.375,8
7791,9a6d650c-8861-11f1-a523-b48c9db4e1b4,13,"[0, 1, 0, 0, 0, 0, 0, 1]",7,1,1,,0.375,8
7792,9a6d650c-8861-11f1-a523-b48c9db4e1b4,14,"[0, 1, 1, 0, 1, 1, 0, 0]",0,0,0,,0.375,8
7793,9a6d650c-8861-11f1-a523-b48c9db4e1b4,14,"[0, 1, 1, 0, 1, 1, 0, 0]",1,1,-1,,0.375,8
7794,9a6d650c-8861-11f1-a523-b48c9db4e1b4,14,"[0, 1, 1, 0, 1, 1, 0, 0]",2,1,-1,,0.375,8
7795,9a6d650c-8861-11f1-a523-b48c9db4e1b4,14,"[0, 1, 1, 0, 1, 1, 0, 0]",3,0,0,,0.375,8
7796,9a6d650c-8861-11f1-a523-b48c9db4e1b4,14,"[0, 1, 1, 0, 1, 1, 0, 0]",4,1,-1,,0.375,8
7797,9a6d650c-8861-11f1-a523-b48c9db4e1b4,14,"[0, 1, 1, 0, 1, 1, 0, 0]",5,1,-1,,0.375,8
7798,9a6d650c-8861-11f1-a523-b48c9db4e1b4,14,"[0, 1, 1, 0, 1, 1, 0, 0]",6,0,0,,0.375,8
7799,9a6d650c-8861-11f1-a523-b48c9db4e1b4,14,"[0, 1, 1, 0, 1, 1, 0, 0]",7,0,0,,0.375,8
7800,9a6d650c-8861-11f1-a523-b48c9db4e1b4,15,"[0, 1, 0, 1, 1, 0, 0, 1]",0,0,0,,0.375,8
7801,9a6d650c-8861-11f1-a523-b48c9db4e1b4,15,"[0, 1, 0, 1, 1, 0, 0, 1]",1,1,-1,,0.375,8
7802,9a6d650c-8861-11f1-a523-b48c9db4e1b4,15,"[0, 1, 0, 1, 1, 0, 0, 1]",2,0,0,,0.375,8
7803,9a6d650c-8861-11f1-a523-b48c9db4e1b4,15,"[0, 1, 0, 1, 1, 0, 0, 1]",3,1,-1,,0.375,8
7804,9a6d650c-8861-11f1-a523-b48c9db4e1b4,15,"[0, 1, 0, 1, 1, 0, 0, 1]",4,1,-1,,0.375,8
7805,9a6d650c-8861-11f1-a523-b48c9db4e1b4,15,"[0, 1, 0, 1, 1, 0, 0, 1]",5,0,0,,0.375,8
7806,9a6d650c-8861-11f1-a523-b48c9db4e1b4,15,"[0, 1, 0, 1, 1, 0, 0, 1]",6,0,0,,0.375,8
7807,9a6d650c-8861-11f1-a523-b48c9db4e1b4,15,"[0, 1, 0, 1, 1, 0, 0, 1]",7,1,-1,,0.375,8
7808,9a6d650c-8861-11f1-a523-b48c9db4e1b4,16,"[0, 0, 1, 1, 0, 0, 1, 0]",0,0,0,,0.375,8
7809,9a6d650c-8861-11f1-a523-b48c9db4e1b4,16,"[0, 0, 1, 1, 0, 0, 1, 0]",1,0,0,,0.375,8
7810,9a6d650c-8861-11f1-a523-b48c9db4e1b4,16,"[0, 0, 1, 1, 0, 0, 1, 0]",2,1,1,,0.375,8
7811,9a6d650c-8861-11f1-a523-b48c9db4e1b4,16,"[0, 0, 1, 1, 0, 0, 1, 0]",3,1,1,,0.375,8
7812,9a6d650c-8861-11f1-a523-b48c9db4e1b4,16,"[0, 0, 1, 1, 0, 0, 1, 0]",4,0,0,,0.375,8
7813,9a6d650c-8861-11f1-a523-b48c9db4e1b4,16,"[0, 0, 1, 1, 0, 0, 1, 0]",5,0,0,,0.375,8
7814,9a6d650c-8861-11f1-a523-b48c9db4e1b4,16,"[0, 0, 1, 1, 0, 0, 1, 0]",6,1,1,,0.375,8
7815,9a6d650c-8861-11f1-a523-b48c9db4e1b4,16,"[0, 0, 1, 1, 0, 0, 1, 0]",7,0,0,,0.375,8
7816,9a6d650c-8861-11f1-a523-b48c9db4e1b4,17,"[1, 0, 0, 0, 0, 0, 1, 0]",0,1,1,,0.375,8
7817,9a6d650c-8861-11f1-a523-b48c9db4e1b4,17,"[1, 0, 0, 0, 0, 0, 1, 0]",1,0,0,,0.375,8
7818,9a6d650c-8861-11f1-a523-b48c9db4e1b4,17,"[1, 0, 0, 0, 0, 0, 1, 0]",2,0,0,,0.375,8
7819,9a6d650c-8861-11f1-a523-b48c9db4e1b4,17,"[1, 0, 0, 0, 0, 0, 1, 0]",3,0,0,,0.375,8
7820,9a6d650c-8861-11f1-a523-b48c9db4e1b4,17,"[1, 0, 0, 0, 0, 0, 1, 0]",4,0,0,,0.375,8
7821,9a6d650c-8861-11f1-a523-b48c9db4e1b4,17,"[1, 0, 0, 0, 0, 0, 1, 0]",5,0,0,,0.375,8
7822,9a6d650c-8861-11f1-a523-b48c9db4e1b4,17,"[1, 0, 0, 0, 0, 0, 1, 0]",6,1,1,,0.375,8
7823,9a6d650c-8861-11f1-a523-b48c9db4e1b4,17,"[1, 0, 0, 0, 0, 0, 1, 0]",7,0,0,,0.375,8
7824,9a6d650c-8861-11f1-a523-b48c9db4e1b4,18,"[1, 0, 1, 0, 0, 1, 0, 1]",0,1,-1,,0.375,8
7825,9a6d650c-8861-11f1-a523-b48c9db4e1b4,18,"[1, 0, 1, 0, 0, 1, 0, 1]",1,0,0,,0.375,8
7826,9a6d650c-8861-11f1-a523-b48c9db4e1b4,18,"[1, 0, 1, 0, 0, 1, 0, 1]",2,1,-1,,0.375,8
7827,9a6d650c-8861-11f1-a523-b48c9db4e1b4,18,"[1, 0, 1, 0, 0, 1, 0, 1]",3,0,0,,0.375,8
7828,9a6d650c-8861-11f1-a523-b48c9db4e1b4,18,"[1, 0, 1, 0, 0, 1, 0, 1]",4,0,0,,0.375,8
7829,9a6d650c-8861-11f1-a523-b48c9db4e1b4,18,"[1, 0, 1, 0, 0, 1, 0, 1]",5,1,-1,,0.375,8
7830,9a6d650c-8861-11f1-a523-b48c9db4e1b4,18,"[1, 0, 1, 0, 0, 1, 0, 1]",6,0,0,,0.375,8
7831,9a6d650c-8861-11f1-a523-b48c9db4e1b4,18,"[1, 0, 1, 0, 0, 1, 0, 1]",7,1,-1,,0.375,8
7832,9a6d650c-8861-11f1-a523-b48c9db4e1b4,19,"[0, 1, 0, 0, 1, 0, 1, 1]",0,0,0,,0.375,8
7833,9a6d650c-8861-11f1-a523-b48c9db4e1b4,19,"[0, 1, 0, 0, 1, 0, 1, 1]",1,1,-1,,0.375,8
7834,9a6d650c-8861-11f1-a523-b48c9db4e1b4,19,"[0, 1, 0, 0, 1, 0, 1, 1]",2,0,0,,0.375,8
7835,9a6d650c-8861-11f1-a523-b48c9db4e1b4,19,"[0, 1, 0, 0, 1, 0, 1, 1]",3,0,0,,0.375,8
7836,9a6d650c-8861-11f1-a523-b48c9db4e1b4,19,"[0, 1, 0, 0, 1, 0, 1, 1]",4,1,-1,,0.375,8
7837,9a6d650c-8861-11f1-a523-b48c9db4e1b4,19,"[0, 1, 0, 0, 1, 0, 1, 1]",5,0,0,,0.375,8
7838,9a6d650c-8861-11f1-a523-b48c9db4e1b4,19,"[0, 1, 0, 0, 1, 0, 1, 1]",6,1,-1,,0.375,8
7839,9a6d650c-8861-11f1-a523-b48c9db4e1b4,19,"[0, 1, 0, 0, 1, 0, 1, 1]",7,1,-1,,0.375,8
7840,9a7038fa-8861-11f1-84fd-b48c9db4e1b4,0,"[0, 1, 1, 0, 1, 0, 1, 0]",0,0,0,,0.375,8
7841,9a7038fa-8861-11f1-84fd-b48c9db4e1b4,0,"[0, 1, 1, 0, 1, 0, 1, 0]",1,1,-1,,0.375,8
7842,9a7038fa-8861-11f1-84fd-b48c9db4e1b4,0,"[0, 1, 1, 0, 1, 0, 1, 0]",2,1,-1,,0.375,8
7843,9a7038fa-8861-11f1-84fd-b48c9db4e1b4,0,"[0, 1, 1, 0, 1, 0, 1, 0]",3,0,0,,0.375,8
7844,9a7038fa-8861-11f1-84fd-b48c9db4e1b4,0,"[0, 1, 1, 0, 1, 0, 1, 0]",4,1,-1,,0.375,8
7845,9a7038fa-8861-11f1-84fd-b48c9db4e1b4,0,"[0, 1, 1, 0, 1, 0, 1, 0]",5,0,0,,0.375,8
7846,9a7038fa-8861-11f1-84fd-b48c9db4e1b4,0,"[0, 1, 1, 0, 1, 0, 1, 0]",6,1,-1,,0.375,8
7847,9a7038fa-8861-11f1-84fd-b48c9db4e1b4,0,"[0, 1, 1, 0, 1, 0, 1, 0]",7,0,0,,0.375,8
7848,9a7038fa-8861-11f1-84fd-b48c9db4e1b4,1,"[1, 1, 1, 0, 0, 0, 1, 0]",0,1,-1,,0.375,8
7849,9a7038fa-8861-11f1-84fd-b48c9db4e1b4,1,"[1, 1, 1, 0, 0, 0, 1, 0]",1,1,-1,,0.375,8
7850,9a7038fa-8861-11f1-84fd-b48c9db4e1b4,1,"[1, 1, 1, 0, 0, 0, 1, 0]",2,1,-1,,0.375,8
7851,9a7038fa-8861-11f1-84fd-b48c9db4e1b4,1,"[1, 1, 1, 0, 0, 0, 1, 0]",3,0,0,,0.375,8
7852,9a7038fa-8861-11f1-84fd-b48c9db4e1b4,1,"[1, 1, 1, 0, 0, 0, 1, 0]",4,0,0,,0.375,8
7853,9a7038fa-8861-11f1-84fd-b48c9db4e1b4,1,"[1, 1, 1, 0, 0, 0, 1, 0]",5,0,0,,0.375,8
7854,9a7038fa-8861-11f1-84fd-b48c9db4e1b4,1,"[1, 1, 1, 0, 0, 0, 1, 0]",6,1,-1,,0.375,8
7855,9a7038fa-8861-11f1-84fd-b48c9db4e1b4,1,"[1, 1, 1, 0, 0, 0, 1, 0]",7,0,0,,0.375,8
7856,9a7038fa-8861-11f1-84fd-b48c9db4e1b4,2,"[1, 0, 1, 0, 0, 1, 1, 1]",0,1,-1,,0.375,8
7857,9a7038fa-8861-11f1-84fd-b48c9db4e1b4,2,"[1, 0, 1, 0, 0, 1, 1, 1]",1,0,0,,0.375,8
7858,9a7038fa-8861-11f1-84fd-b48c9db4e1b4,2,"[1, 0, 1, 0, 0, 1, 1, 1]",2,1,-1,,0.375,8
7859,9a7038fa-8861-11f1-84fd-b48c9db4e1b4,2,"[1, 0, 1, 0, 0, 1, 1, 1]",3,0,0,,0.375,8
7860,9a7038fa-8861-11f1-84fd-b48c9db4e1b4,2,"[1, 0, 1, 0, 0, 1, 1, 1]",4,0,0,,0.375,8
7861,9a7038fa-8861-11f1-84fd-b48c9db4e1b4,2,"[1, 0, 1, 0, 0, 1, 1, 1]",5,1,-1,,0.375,8
7862,9a7038fa-8861-11f1-84fd-b48c9db4e1b4,2,"[1, 0, 1, 0, 0, 1, 1, 1]",6,1,-1,,0.375,8
7863,9a7038fa-8861-11f1-84fd-b48c9db4e1b4,2,"[1, 0, 1, 0, 0, 1, 1, 1]",7,1,-1,,0.375,8
7864,9a7038fa-8861-11f1-84fd-b48c9db4e1b4,3,"[0, 1, 0, 1, 0, 1, 0, 0]",0,0,0,,0.375,8
7865,9a7038fa-8861-11f1-84fd-b48c9db4e1b4,3,"[0, 1, 0, 1, 0, 1, 0, 0]",1,1,1,,0.375,8
7866,9a7038fa-8861-11f1-84fd-b48c9db4e1b4,3,"[0, 1, 0, 1, 0, 1, 0, 0]",2,0,0,,0.375,8
7867,9a7038fa-8861-11f1-84fd-b48c9db4e1b4,3,"[0, 1, 0, 1, 0, 1, 0, 0]",3,1,1,,0.375,8
7868,9a7038fa-8861-11f1-84fd-b48c9db4e1b4,3,"[0, 1, 0, 1, 0, 1, 0, 0]",4,0,0,,0.375,8
7869,9a7038fa-8861-11f1-84fd-b48c9db4e1b4,3,"[0, 1, 0, 1, 0, 1, 0, 0]",5,1,1,,0.375,8
7870,9a7038fa-8861-11f1-84fd-b48c9db4e1b4,3,"[0, 1, 0, 1, 0, 1, 0, 0]",6,0,0,,0.375,8
7871,9a7038fa-8861-11f1-84fd-b48c9db4e1b4,3,"[0, 1, 0, 1, 0, 1, 0, 0]",7,0,0,,0.375,8
7872,9a7038fa-8861-11f1-84fd-b48c9db4e1b4,4,"[1, 0, 1, 0, 1, 1, 0, 1]",0,1,-1,,0.375,8
7873,9a7038fa-8861-11f1-84fd-b48c9db4e1b4,4,"[1, 0, 1, 0, 1, 1, 0, 1]",1,0,0,,0.375,8
7874,9a7038fa-8861-11f1-84fd-b48c9db4e1b4,4,"[1, 0, 1, 0, 1, 1, 0, 1]",2,1,-1,,0.375,8
7875,9a7038fa-8861-11f1-84fd-b48c9db4e1b4,4,"[1, 0, 1, 0, 1, 1, 0, 1]",3,0,0,,0.375,8
7876,9a7038fa-8861-11f1-84fd-b48c9db4e1b4,4,"[1, 0, 1, 0, 1, 1, 0, 1]",4,1,-1,,0.375,8
7877,9a7038fa-8861-11f1-84fd-b48c9db4e1b4,4,"[1, 0, 1, 0, 1, 1, 0, 1]",5,1,-1,,0.375,8
7878,9a7038fa-8861-11f1-84fd-b48c9db4e1b4,4,"[1, 0, 1, 0, 1, 1, 0, 1]",6,0,0,,0.375,8
7879,9a7038fa-8861-11f1-84fd-b48c9db4e1b4,4,"[1, 0, 1, 0, 1, 1, 0, 1]",7,1,-1,,0.375,8
7880,9a7038fa-8861-11f1-84fd-b48c9db4e1b4,5,"[0, 1, 1, 1, 1, 1, 1, 1]",0,0,0,,0.375,8
7881,9a7038fa-8861-11f1-84fd-b48c9db4e1b4,5,"[0, 1, 1, 1, 1, 1, 1, 1]",1,1,-1,,0.375,8
7882,9a7038fa-8861-11f1-84fd-b48c9db4e1b4,5,"[0, 1, 1, 1, 1, 1, 1, 1]",2,1,-1,,0.375,8
7883,9a7038fa-8861-11f1-84fd-b48c9db4e1b4,5,"[0, 1, 1, 1, 1, 1, 1, 1]",3,1,-1,,0.375,8
7884,9a7038fa-8861-11f1-84fd-b48c9db4e1b4,5,"[0, 1, 1, 1, 1, 1, 1, 1]",4,1,-1,,0.375,8
7885,9a7038fa-8861-11f1-84fd-b48c9db4e1b4,5,"[0, 1, 1, 1, 1, 1, 1, 1]",5,1,-1,,0.375,8
7886,9a7038fa-8861-11f1-84fd-b48c9db4e1b4,5,"[0, 1, 1, 1, 1, 1, 1, 1]",6,1,-1,,0.375,8
7887,9a7038fa-8861-11f1-84fd-b48c9db4e1b4,5,"[0, 1, 1, 1, 1, 1, 1, 1]",7,1,-1,,0.375,8
7888,9a7038fa-8861-11f1-84fd-b48c9db4e1b4,6,"[1, 1, 1, 0, 0, 0, 0, 0]",0,1,1,,0.375,8
7889,9a7038fa-8861-11f1-84fd-b48c9db4e1b4,6,"[1, 1, 1, 0, 0, 0, 0, 0]",1,1,1,,0.375,8
7890,9a7038fa-8861-11f1-84fd-b48c9db4e1b4,6,"[1, 1, 1, 0, 0, 0, 0, 0]",2,1,1,,0.375,8
7891,9a7038fa-8861-11f1-84fd-b48c9db4e1b4,6,"[1, 1, 1, 0, 0, 0, 0, 0]",3,0,0,,0.375,8
7892,9a7038fa-8861-11f1-84fd-b48c9db4e1b4,6,"[1, 1, 1, 0, 0, 0, 0, 0]",4,0,0,,0.375,8
7893,9a7038fa-8861-11f1-84fd-b48c9db4e1b4,6,"[1, 1, 1, 0, 0, 0, 0, 0]",5,0,0,,0.375,8
7894,9a7038fa-8861-11f1-84fd-b48c9db4e1b4,6,"[1, 1, 1, 0, 0, 0, 0, 0]",6,0,0,,0.375,8
7895,9a7038fa-8861-11f1-84fd-b48c9db4e1b4,6,"[1, 1, 1, 0, 0, 0, 0, 0]",7,0,0,,0.375,8
7896,9a7038fa-8861-11f1-84fd-b48c9db4e1b4,7,"[0, 0, 1, 0, 1, 1, 0, 0]",0,0,0,,0.375,8
7897,9a7038fa-8861-11f1-84fd-b48c9db4e1b4,7,"[0, 0, 1, 0, 1, 1, 0, 0]",1,0,0,,0.375,8
7898,9a7038fa-8861-11f1-84fd-b48c9db4e1b4,7,"[0, 0, 1, 0, 1, 1, 0, 0]",2,1,1,,0.375,8
7899,9a7038fa-8861-11f1-84fd-b48c9db4e1b4,7,"[0, 0, 1, 0, 1, 1, 0, 0]",3,0,0,,0.375,8
7900,9a7038fa-8861-11f1-84fd-b48c9db4e1b4,7,"[0, 0, 1, 0, 1, 1, 0, 0]",4,1,1,,0.375,8
7901,9a7038fa-8861-11f1-84fd-b48c9db4e1b4,7,"[0, 0, 1, 0, 1, 1, 0, 0]",5,1,1,,0.375,8
7902,9a7038fa-8861-11f1-84fd-b48c9db4e1b4,7,"[0, 0, 1, 0, 1, 1, 0, 0]",6,0,0,,0.375,8
7903,9a7038fa-8861-11f1-84fd-b48c9db4e1b4,7,"[0, 0, 1, 0, 1, 1, 0, 0]",7,0,0,,0.375,8
7904,9a7038fa-8861-11f1-84fd-b48c9db4e1b4,8,"[0, 1, 1, 1, 1, 1, 0, 0]",0,0,0,,0.375,8
7905,9a7038fa-8861-11f1-84fd-b48c9db4e1b4,8,"[0, 1, 1, 1, 1, 1, 0, 0]",1,1,-1,,0.375,8
7906,9a7038fa-8861-11f1-84fd-b48c9db4e1b4,8,"[0, 1, 1, 1, 1, 1, 0, 0]",2,1,-1,,0.375,8
7907,9a7038fa-8861-11f1-84fd-b48c9db4e1b4,8,"[0, 1, 1, 1, 1, 1, 0, 0]",3,1,-1,,0.375,8
7908,9a7038fa-8861-11f1-84fd-b48c9db4e1b4,8,"[0, 1, 1, 1, 1, 1, 0, 0]",4,1,-1,,0.375,8
7909,9a7038fa-8861-11f1-84fd-b48c9db4e1b4,8,"[0, 1, 1, 1, 1, 1, 0, 0]",5,1,-1,,0.375,8
7910,9a7038fa-8861-11f1-84fd-b48c9db4e1b4,8,"[0, 1, 1, 1, 1, 1, 0, 0]",6,0,0,,0.375,8
7911,9a7038fa-8861-11f1-84fd-b48c9db4e1b4,8,"[0, 1, 1, 1, 1, 1, 0, 0]",7,0,0,,0.375,8
7912,9a7038fa-8861-11f1-84fd-b48c9db4e1b4,9,"[1, 1, 0, 0, 0, 1, 0, 1]",0,1,-1,,0.375,8
7913,9a7038fa-8861-11f1-84fd-b48c9db4e1b4,9,"[1, 1, 0, 0, 0, 1, 0, 1]",1,1,-1,,0.375,8
7914,9a7038fa-8861-11f1-84fd-b48c9db4e1b4,9,"[1, 1, 0, 0, 0, 1, 0, 1]",2,0,0,,0.375,8
7915,9a7038fa-8861-11f1-84fd-b48c9db4e1b4,9,"[1, 1, 0, 0, 0, 1, 0, 1]",3,0,0,,0.375,8
7916,9a7038fa-8861-11f1-84fd-b48c9db4e1b4,9,"[1, 1, 0, 0, 0, 1, 0, 1]",4,0,0,,0.375,8
7917,9a7038fa-8861-11f1-84fd-b48c9db4e1b4,9,"[1, 1, 0, 0, 0, 1, 0, 1]",5,1,-1,,0.375,8
7918,9a7038fa-8861-11f1-84fd-b48c9db4e1b4,9,"[1, 1, 0, 0, 0, 1, 0, 1]",6,0,0,,0.375,8
7919,9a7038fa-8861-11f1-84fd-b48c9db4e1b4,9,"[1, 1, 0, 0, 0, 1, 0, 1]",7,1,-1,,0.375,8
7920,9a7038fa-8861-11f1-84fd-b48c9db4e1b4,10,"[0, 1, 0, 0, 1, 0, 0, 0]",0,0,0,,0.375,8
7921,9a7038fa-8861-11f1-84fd-b48c9db4e1b4,10,"[0, 1, 0, 0, 1, 0, 0, 0]",1,1,1,,0.375,8
7922,9a7038fa-8861-11f1-84fd-b48c9db4e1b4,10,"[0, 1, 0, 0, 1, 0, 0, 0]",2,0,0,,0.375,8
7923,9a7038fa-8861-11f1-84fd-b48c9db4e1b4,10,"[0, 1, 0, 0, 1, 0, 0, 0]",3,0,0,,0.375,8
7924,9a7038fa-8861-11f1-84fd-b48c9db4e1b4,10,"[0, 1, 0, 0, 1, 0, 0, 0]",4,1,1,,0.375,8
7925,9a7038fa-8861-11f1-84fd-b48c9db4e1b4,10,"[0, 1, 0, 0, 1, 0, 0, 0]",5,0,0,,0.375,8
7926,9a7038fa-8861-11f1-84fd-b48c9db4e1b4,10,"[0, 1, 0, 0, 1, 0, 0, 0]",6,0,0,,0.375,8
7927,9a7038fa-8861-11f1-84fd-b48c9db4e1b4,10,"[0, 1, 0, 0, 1, 0, 0, 0]",7,0,0,,0.375,8
7928,9a7038fa-8861-11f1-84fd-b48c9db4e1b4,11,"[0, 0, 1, 1, 1, 0, 1, 0]",0,0,0,,0.375,8
7929,9a7038fa-8861-11f1-84fd-b48c9db4e1b4,11,"[0, 0, 1, 1, 1, 0, 1, 0]",1,0,0,,0.375,8
7930,9a7038fa-8861-11f1-84fd-b48c9db4e1b4,11,"[0, 0, 1, 1, 1, 0, 1, 0]",2,1,-1,,0.375,8
7931,9a7038fa-8861-11f1-84fd-b48c9db4e1b4,11,"[0, 0, 1, 1, 1, 0, 1, 0]",3,1,-1,,0.375,8
7932,9a7038fa-8861-11f1-84fd-b48c9db4e1b4,11,"[0, 0, 1, 1, 1, 0, 1, 0]",4,1,-1,,0.375,8
7933,9a7038fa-8861-11f1-84fd-b48c9db4e1b4,11,"[0, 0, 1, 1, 1, 0, 1, 0]",5,0,0,,0.375,8
7934,9a7038fa-8861-11f1-84fd-b48c9db4e1b4,11,"[0, 0, 1, 1, 1, 0, 1, 0]",6,1,-1,,0.375,8
7935,9a7038fa-8861-11f1-84fd-b48c9db4e1b4,11,"[0, 0, 1, 1, 1, 0, 1, 0]",7,0,0,,0.375,8
7936,9a7038fa-8861-11f1-84fd-b48c9db4e1b4,12,"[0, 0, 1, 0, 0, 1, 0, 0]",0,0,0,,0.375,8
7937,9a7038fa-8861-11f1-84fd-b48c9db4e1b4,12,"[0, 0, 1, 0, 0, 1, 0, 0]",1,0,0,,0.375,8
7938,9a7038fa-8861-11f1-84fd-b48c9db4e1b4,12,"[0, 0, 1, 0, 0, 1, 0, 0]",2,1,1,,0.375,8
7939,9a7038fa-8861-11f1-84fd-b48c9db4e1b4,12,"[0, 0, 1, 0, 0, 1, 0, 0]",3,0,0,,0.375,8
7940,9a7038fa-8861-11f1-84fd-b48c9db4e1b4,12,"[0, 0, 1, 0, 0, 1, 0, 0]",4,0,0,,0.375,8
7941,9a7038fa-8861-11f1-84fd-b48c9db4e1b4,12,"[0, 0, 1, 0, 0, 1, 0, 0]",5,1,1,,0.375,8
7942,9a7038fa-8861-11f1-84fd-b48c9db4e1b4,12,"[0, 0, 1, 0, 0, 1, 0, 0]",6,0,0,,0.375,8
7943,9a7038fa-8861-11f1-84fd-b48c9db4e1b4,12,"[0, 0, 1, 0, 0, 1, 0, 0]",7,0,0,,0.375,8
7944,9a7038fa-8861-11f1-84fd-b48c9db4e1b4,13,"[0, 0, 0, 0, 0, 0, 1, 1]",0,0,0,,0.375,8
7945,9a7038fa-8861-11f1-84fd-b48c9db4e1b4,13,"[0, 0, 0, 0, 0, 0, 1, 1]",1,0,0,,0.375,8
7946,9a7038fa-8861-11f1-84fd-b48c9db4e1b4,13,"[0, 0, 0, 0, 0, 0, 1, 1]",2,0,0,,0.375,8
7947,9a7038fa-8861-11f1-84fd-b48c9db4e1b4,13,"[0, 0, 0, 0, 0, 0, 1, 1]",3,0,0,,0.375,8
7948,9a7038fa-8861-11f1-84fd-b48c9db4e1b4,13,"[0, 0, 0, 0, 0, 0, 1, 1]",4,0,0,,0.375,8
7949,9a7038fa-8861-11f1-84fd-b48c9db4e1b4,13,"[0, 0, 0, 0, 0, 0, 1, 1]",5,0,0,,0.375,8
7950,9a7038fa-8861-11f1-84fd-b48c9db4e1b4,13,"[0, 0, 0, 0, 0, 0, 1, 1]",6,1,1,,0.375,8
7951,9a7038fa-8861-11f1-84fd-b48c9db4e1b4,13,"[0, 0, 0, 0, 0, 0, 1, 1]",7,1,1,,0.375,8
7952,9a7038fa-8861-11f1-84fd-b48c9db4e1b4,14,"[1, 1, 1, 1, 1, 0, 0, 0]",0,1,-1,,0.375,8
7953,9a7038fa-8861-11f1-84fd-b48c9db4e1b4,14,"[1, 1, 1, 1, 1, 0, 0, 0]",1,1,-1,,0.375,8
7954,9a7038fa-8861-11f1-84fd-b48c9db4e1b4,14,"[1, 1, 1, 1, 1, 0, 0, 0]",2,1,-1,,0.375,8
7955,9a7038fa-8861-11f1-84fd-b48c9db4e1b4,14,"[1, 1, 1, 1, 1, 0, 0, 0]",3,1,-1,,0.375,8
7956,9a7038fa-8861-11f1-84fd-b48c9db4e1b4,14,"[1, 1, 1, 1, 1, 0, 0, 0]",4,1,-1,,0.375,8
7957,9a7038fa-8861-11f1-84fd-b48c9db4e1b4,14,"[1, 1, 1, 1, 1, 0, 0, 0]",5,0,0,,0.375,8
7958,9a7038fa-8861-11f1-84fd-b48c9db4e1b4,14,"[1, 1, 1, 1, 1, 0, 0, 0]",6,0,0,,0.375,8
7959,9a7038fa-8861-11f1-84fd-b48c9db4e1b4,14,"[1, 1, 1, 1, 1, 0, 0, 0]",7,0,0,,0.375,8
7960,9a7038fa-8861-11f1-84fd-b48c9db4e1b4,15,"[0, 1, 1, 1, 0, 0, 0, 0]",0,0,0,,0.375,8
7961,9a7038fa-8861-11f1-84fd-b48c9db4e1b4,15,"[0, 1, 1, 1, 0, 0, 0, 0]",1,1,1,,0.375,8
7962,9a7038fa-8861-11f1-84fd-b48c9db4e1b4,15,"[0, 1, 1, 1, 0, 0, 0, 0]",2,1,1,,0.375,8
7963,9a7038fa-8861-11f1-84fd-b48c9db4e1b4,15,"[0, 1, 1, 1, 0, 0, 0, 0]",3,1,1,,0.375,8
7964,9a7038fa-8861-11f1-84fd-b48c9db4e1b4,15,"[0, 1, 1, 1, 0, 0, 0, 0]",4,0,0,,0.375,8
7965,9a7038fa-8861-11f1-84fd-b48c9db4e1b4,15,"[0, 1, 1, 1, 0, 0, 0, 0]",5,0,0,,0.375,8
7966,9a7038fa-8861-11f1-84fd-b48c9db4e1b4,15,"[0, 1, 1, 1, 0, 0, 0, 0]",6,0,0,,0.375,8
7967,9a7038fa-8861-11f1-84fd-b48c9db4e1b4,15,"[0, 1, 1, 1, 0, 0, 0, 0]",7,0,0,,0.375,8
7968,9a7038fa-8861-11f1-84fd-b48c9db4e1b4,16,"[0, 1, 1, 1, 1, 1, 0, 1]",0,0,0,,0.375,8
7969,9a7038fa-8861-11f1-84fd-b48c9db4e1b4,16,"[0, 1, 1, 1, 1, 1, 0, 1]",1,1,-1,,0.375,8
7970,9a7038fa-8861-11f1-84fd-b48c9db4e1b4,16,"[0, 1, 1, 1, 1, 1, 0, 1]",2,1,-1,,0.375,8
7971,9a7038fa-8861-11f1-84fd-b48c9db4e1b4,16,"[0, 1, 1, 1, 1, 1, 0, 1]",3,1,-1,,0.375,8
7972,9a7038fa-8861-11f1-84fd-b48c9db4e1b4,16,"[0, 1, 1, 1, 1, 1, 0, 1]",4,1,-1,,0.375,8
7973,9a7038fa-8861-11f1-84fd-b48c9db4e1b4,16,"[0, 1, 1, 1, 1, 1, 0, 1]",5,1,-1,,0.375,8
7974,9a7038fa-8861-11f1-84fd-b48c9db4e1b4,16,"[0, 1, 1, 1, 1, 1, 0, 1]",6,0,0,,0.375,8
7975,9a7038fa-8861-11f1-84fd-b48c9db4e1b4,16,"[0, 1, 1, 1, 1, 1, 0, 1]",7,1,-1,,0.375,8
7976,9a7038fa-8861-11f1-84fd-b48c9db4e1b4,17,"[0, 0, 1, 1, 1, 0, 0, 1]",0,0,0,,0.375,8
7977,9a7038fa-8861-11f1-84fd-b48c9db4e1b4,17,"[0, 0, 1, 1, 1, 0, 0, 1]",1,0,0,,0.375,8
7978,9a7038fa-8861-11f1-84fd-b48c9db4e1b4,17,"[0, 0, 1, 1, 1, 0, 0, 1]",2,1,-1,,0.375,8
7979,9a7038fa-8861-11f1-84fd-b48c9db4e1b4,17,"[0, 0, 1, 1, 1, 0, 0, 1]",3,1,-1,,0.375,8
7980,9a7038fa-8861-11f1-84fd-b48c9db4e1b4,17,"[0, 0, 1, 1, 1, 0, 0, 1]",4,1,-1,,0.375,8
7981,9a7038fa-8861-11f1-84fd-b48c9db4e1b4,17,"[0, 0, 1, 1, 1, 0, 0, 1]",5,0,0,,0.375,8
7982,9a7038fa-8861-11f1-84fd-b48c9db4e1b4,17,"[0, 0, 1, 1, 1, 0, 0, 1]",6,0,0,,0.375,8
7983,9a7038fa-8861-11f1-84fd-b48c9db4e1b4,17,"[0, 0, 1, 1, 1, 0, 0, 1]",7,1,-1,,0.375,8
7984,9a7038fa-8861-11f1-84fd-b48c9db4e1b4,18,"[0, 0, 1, 1, 0, 0, 0, 0]",0,0,0,,0.375,8
7985,9a7038fa-8861-11f1-84fd-b48c9db4e1b4,18,"[0, 0, 1, 1, 0, 0, 0, 0]",1,0,0,,0.375,8
7986,9a7038fa-8861-11f1-84fd-b48c9db4e1b4,18,"[0, 0, 1, 1, 0, 0, 0, 0]",2,1,1,,0.375,8
7987,9a7038fa-8861-11f1-84fd-b48c9db4e1b4,18,"[0, 0, 1, 1, 0, 0, 0, 0]",3,1,1,,0.375,8
7988,9a7038fa-8861-11f1-84fd-b48c9db4e1b4,18,"[0, 0, 1, 1, 0, 0, 0, 0]",4,0,0,,0.375,8
7989,9a7038fa-8861-11f1-84fd-b48c9db4e1b4,18,"[0, 0, 1, 1, 0, 0, 0, 0]",5,0,0,,0.375,8
7990,9a7038fa-8861-11f1-84fd-b48c9db4e1b4,18,"[0, 0, 1, 1, 0, 0, 0, 0]",6,0,0,,0.375,8
7991,9a7038fa-8861-11f1-84fd-b48c9db4e1b4,18,"[0, 0, 1, 1, 0, 0, 0, 0]",7,0,0,,0.375,8
7992,9a7038fa-8861-11f1-84fd-b48c9db4e1b4,19,"[1, 1, 0, 1, 0, 1, 0, 1]",0,1,-1,,0.375,8
7993,9a7038fa-8861-11f1-84fd-b48c9db4e1b4,19,"[1, 1, 0, 1, 0, 1, 0, 1]",1,1,-1,,0.375,8
7994,9a7038fa-8861-11f1-84fd-b48c9db4e1b4,19,"[1, 1, 0, 1, 0, 1, 0, 1]",2,0,0,,0.375,8
7995,9a7038fa-8861-11f1-84fd-b48c9db4e1b4,19,"[1, 1, 0, 1, 0, 1, 0, 1]",3,1,-1,,0.375,8
7996,9a7038fa-8861-11f1-84fd-b48c9db4e1b4,19,"[1, 1, 0, 1, 0, 1, 0, 1]",4,0,0,,0.375,8
7997,9a7038fa-8861-11f1-84fd-b48c9db4e1b4,19,"[1, 1, 0, 1, 0, 1, 0, 1]",5,1,-1,,0.375,8
7998,9a7038fa-8861-11f1-84fd-b48c9db4e1b4,19,"[1, 1, 0, 1, 0, 1, 0, 1]",6,0,0,,0.375,8
7999,9a7038fa-8861-11f1-84fd-b48c9db4e1b4,19,"[1, 1, 0, 1, 0, 1, 0, 1]",7,1,-1,,0.375,8
