,id_sim,round,attendance,id_player,decision,score,model,threshold,num_agents
0,962288ba-8861-11f1-98a7-b48c9db4e1b4,0,"[1, 0, 1, 1]",0,1,-1,,0.5,4
1,962288ba-8861-11f1-98a7-b48c9db4e1b4,0,"[1, 0, 1, 1]",1,0,0,,0.5,4
2,962288ba-8861-11f1-98a7-b48c9db4e1b4,0,"[1, 0, 1, 1]",2,1,-1,,0.5,4
3,962288ba-8861-11f1-98a7-b48c9db4e1b4,0,"[1, 0, 1, 1]",3,1,-1,,0.5,4
4,962288ba-8861-11f1-98a7-b48c9db4e1b4,1,"[1, 0, 0, 1]",0,1,1,,0.5,4
5,962288ba-8861-11f1-98a7-b48c9db4e1b4,1,"[1, 0, 0, 1]",1,0,0,,0.5,4
6,962288ba-8861-11f1-98a7-b48c9db4e1b4,1,"[1, 0, 0, 1]",2,0,0,,0.5,4
7,962288ba-8861-11f1-98a7-b48c9db4e1b4,1,"[1, 0, 0, 1]",3,1,1,,0.5,4
8,962288ba-8861-11f1-98a7-b48c9db4e1b4,2,"[1, 1, 0, 0]",0,1,1,,0.5,4
9,962288ba-8861-11f1-98a7-b48c9db4e1b4,2,"[1, 1, 0, 0]",1,1,1,,0.5,4
10,962288ba-8861-11f1-98a7-b48c9db4e1b4,2,"[1, 1, 0, 0]",2,0,0,,0.5,4
11,962288ba-8861-11f1-98a7-b48c9db4e1b4,2,"[1, 1, 0, 0]",3,0,0,,0.5,4
12,962288ba-8861-11f1-98a7-b48c9db4e1b4,3,"[0, 1, 1, 0]",0,0,0,,0.5,4
13,962288ba-8861-11f1-98a7-b48c9db4e1b4,3,"[0, 1, 1, 0]",1,1,1,,0.5,4
14,962288ba-8861-11f1-98a7-b48c9db4e1b4,3,"[0, 1, 1, 0]",2,1,1,,0.5,4
15,962288ba-8861-11f1-98a7-b48c9db4e1b4,3,"[0, 1, 1, 0]",3,0,0,,0.5,4
16,962288ba-8861-11f1-98a7-b48c9db4e1b4,4,"[0, 0, 1, 1]",0,0,0,,0.5,4
17,962288ba-8861-11f1-98a7-b48c9db4e1b4,4,"[0, 0, 1, 1]",1,0,0,,0.5,4
18,962288ba-8861-11f1-98a7-b48c9db4e1b4,4,"[0, 0, 1, 1]",2,1,1,,0.5,4
19,962288ba-8861-11f1-98a7-b48c9db4e1b4,4,"[0, 0, 1, 1]",3,1,1,,0.5,4
20,962288ba-8861-11f1-98a7-b48c9db4e1b4,5,"[1, 0, 0, 1]",0,1,1,,0.5,4
21,962288ba-8861-11f1-98a7-b48c9db4e1b4,5,"[1, 0, 0, 1]",1,0,0,,0.5,4
22,962288ba-8861-11f1-98a7-b48c9db4e1b4,5,"[1, 0, 0, 1]",2,0,0,,0.5,4
23,962288ba-8861-11f1-98a7-b48c9db4e1b4,5,"[1, 0, 0, 1]",3,1,1,,0.5,4
24,962288ba-8861-11f1-98a7-b48c9db4e1b4,6,"[1, 1, 0, 0]",0,1,1,,0.5,4
25,962288ba-8861-11f1-98a7-b48c9db4e1b4,6,"[1, 1, 0, 0]",1,1,1,,0.5,4
26,962288ba-8861-11f1-98a7-b48c9db4e1b4,6,"[1, 1, 0, 0]",2,0,0,,0.5,4
27,962288ba-8861-11f1-98a7-b48c9db4e1b4,6,"[1, 1, 0, 0]",3,0,0,,0.5,4
28,962288ba-8861-11f1-98a7-b48c9db4e1b4,7,"[0, 1, 1, 0]",0,0,0,,0.5,4
29,962288ba-8861-11f1-98a7-b48c9db4e1b4,7,"[0, 1, 1, 0]",1,1,1,,0.5,4
30,962288ba-8861-11f1-98a7-b48c9db4e1b4,7,"[0, 1, 1, 0]",2,1,1,,0.5,4
31,962288ba-8861-11f1-98a7-b48c9db4e1b4,7,"[0, 1, 1, 0]",3,0,0,,0.5,4
32,962288ba-8861-11f1-98a7-b48c9db4e1b4,8,"[0, 0, 1, 1]",0,0,0,,0.5,4
33,962288ba-8861-11f1-98a7-b48c9db4e1b4,8,"[0, 0, 1, 1]",1,0,0,,0.5,4
34,962288ba-8861-11f1-98a7-b48c9db4e1b4,8,"[0, 0, 1, 1]",2,1,1,,0.5,4
35,962288ba-8861-11f1-98a7-b48c9db4e1b4,8,"[0, 0, 1, 1]",3,1,1,,0.5,4
36,962288ba-8861-11f1-98a7-b48c9db4e1b4,9,"[1, 0, 0, 1]",0,1,1,,0.5,4
37,962288ba-8861-11f1-98a7-b48c9db4e1b4,9,"[1, 0, 0, 1]",1,0,0,,0.5,4
38,962288ba-8861-11f1-98a7-b48c9db4e1b4,9,"[1, 0, 0, 1]",2,0,0,,0.5,4
39,962288ba-8861-11f1-98a7-b48c9db4e1b4,9,"[1, 0, 0, 1]",3,1,1,,0.5,4
40,962288ba-8861-11f1-98a7-b48c9db4e1b4,10,"[1, 1, 0, 0]",0,1,1,,0.5,4
41,962288ba-8861-11f1-98a7-b48c9db4e1b4,10,"[1, 1, 0, 0]",1,1,1,,0.5,4
42,962288ba-8861-11f1-98a7-b48c9db4e1b4,10,"[1, 1, 0, 0]",2,0,0,,0.5,4
43,962288ba-8861-11f1-98a7-b48c9db4e1b4,10,"[1, 1, 0, 0]",3,0,0,,0.5,4
44,962288ba-8861-11f1-98a7-b48c9db4e1b4,11,"[0, 1, 1, 0]",0,0,0,,0.5,4
45,962288ba-8861-11f1-98a7-b48c9db4e1b4,11,"[0, 1, 1, 0]",1,1,1,,0.5,4
46,962288ba-8861-11f1-98a7-b48c9db4e1b4,11,"[0, 1, 1, 0]",2,1,1,,0.5,4
47,962288ba-8861-11f1-98a7-b48c9db4e1b4,11,"[0, 1, 1, 0]",3,0,0,,0.5,4
48,962288ba-8861-11f1-98a7-b48c9db4e1b4,12,"[0, 0, 1, 1]",0,0,0,,0.5,4
49,962288ba-8861-11f1-98a7-b48c9db4e1b4,12,"[0, 0, 1, 1]",1,0,0,,0.5,4
50,962288ba-8861-11f1-98a7-b48c9db4e1b4,12,"[0, 0, 1, 1]",2,1,1,,0.5,4
51,962288ba-8861-11f1-98a7-b48c9db4e1b4,12,"[0, 0, 1, 1]",3,1,1,,0.5,4
52,962288ba-8861-11f1-98a7-b48c9db4e1b4,13,"[1, 0, 0, 1]",0,1,1,,0.5,4
53,962288ba-8861-11f1-98a7-b48c9db4e1b4,13,"[1, 0, 0, 1]",1,0,0,,0.5,4
54,962288ba-8861-11f1-98a7-b48c9db4e1b4,13,"[1, 0, 0, 1]",2,0,0,,0.5,4
55,962288ba-8861-11f1-98a7-b48c9db4e1b4,13,"[1, 0, 0, 1]",3,1,1,,0.5,4
56,962288ba-8861-11f1-98a7-b48c9db4e1b4,14,"[1, 1, 0, 0]",0,1,1,,0.5,4
57,962288ba-8861-11f1-98a7-b48c9db4e1b4,14,"[1, 1, 0, 0]",1,1,1,,0.5,4
58,962288ba-8861-11f1-98a7-b48c9db4e1b4,14,"[1, 1, 0, 0]",2,0,0,,0.5,4
59,962288ba-8861-11f1-98a7-b48c9db4e1b4,14,"[1, 1, 0, 0]",3,0,0,,0.5,4
60,962288ba-8861-11f1-98a7-b48c9db4e1b4,15,"[0, 1, 1, 0]",0,0,0,,0.5,4
61,962288ba-8861-11f1-98a7-b48c9db4e1b4,15,"[0, 1, 1, 0]",1,1,1,,0.5,4
62,962288ba-8861-11f1-98a7-b48c9db4e1b4,15,"[0, 1, 1, 0]",2,1,1,,0.5,4
63,962288ba-8861-11f1-98a7-b48c9db4e1b4,15,"[0, 1, 1, 0]",3,0,0,,0.5,4
64,962288ba-8861-11f1-98a7-b48c9db4e1b4,16,"[0, 0, 1, 1]",0,0,0,,0.5,4
65,962288ba-8861-11f1-98a7-b48c9db4e1b4,16,"[0, 0, 1, 1]",1,0,0,,0.5,4
66,962288ba-8861-11f1-98a7-b48c9db4e1b4,16,"[0, 0, 1, 1]",2,1,1,,0.5,4
67,962288ba-8861-11f1-98a7-b48c9db4e1b4,16,"[0, 0, 1, 1]",3,1,1,,0.5,4
68,962288ba-8861-11f1-98a7-b48c9db4e1b4,17,"[1, 0, 0, 1]",0,1,1,,0.5,4
69,962288ba-8861-11f1-98a7-b48c9db4e1b4,17,"[1, 0, 0, 1]",1,0,0,,0.5,4
70,962288ba-8861-11f1-98a7-b48c9db4e1b4,17,"[1, 0, 0, 1]",2,0,0,,0.5,4
71,962288ba-8861-11f1-98a7-b48c9db4e1b4,17,"[1, 0, 0, 1]",3,1,1,,0.5,4
72,962288ba-8861-11f1-98a7-b48c9db4e1b4,18,"[1, 1, 0, 0]",0,1,1,,0.5,4
73,962288ba-8861-11f1-98a7-b48c9db4e1b4,18,"[1, 1, 0, 0]",1,1,1,,0.5,4
74,962288ba-8861-11f1-98a7-b48c9db4e1b4,18,"[1, 1, 0, 0]",2,0,0,,0.5,4
75,962288ba-8861-11f1-98a7-b48c9db4e1b4,18,"[1, 1, 0, 0]",3,0,0,,0.5,4
76,962288ba-8861-11f1-98a7-b48c9db4e1b4,19,"[0, 1, 1, 0]",0,0,0,,0.5,4
77,962288ba-8861-11f1-98a7-b48c9db4e1b4,19,"[0, 1, 1, 0]",1,1,1,,0.5,4
78,962288ba-8861-11f1-98a7-b48c9db4e1b4,19,"[0, 1, 1, 0]",2,1,1,,0.5,4
79,962288ba-8861-11f1-98a7-b48c9db4e1b4,19,"[0, 1, 1, 0]",3,0,0,,0.5,4
80,962f026a-8861-11f1-99ea-b48c9db4e1b4,0,"[1, 1, 1, 0]",0,1,-1,,0.5,4
81,962f026a-8861-11f1-99ea-b48c9db4e1b4,0,"[1, 1, 1, 0]",1,1,-1,,0.5,4
82,962f026a-8861-11f1-99ea-b48c9db4e1b4,0,"[1, 1, 1, 0]",2,1,-1,,0.5,4
83,962f026a-8861-11f1-99ea-b48c9db4e1b4,0,"[1, 1, 1, 0]",3,0,0,,0.5,4
84,962f026a-8861-11f1-99ea-b48c9db4e1b4,1,"[0, 1, 1, 0]",0,0,0,,0.5,4
85,962f026a-8861-11f1-99ea-b48c9db4e1b4,1,"[0, 1, 1, 0]",1,1,1,,0.5,4
86,962f026a-8861-11f1-99ea-b48c9db4e1b4,1,"[0, 1, 1, 0]",2,1,1,,0.5,4
87,962f026a-8861-11f1-99ea-b48c9db4e1b4,1,"[0, 1, 1, 0]",3,0,0,,0.5,4
88,962f026a-8861-11f1-99ea-b48c9db4e1b4,2,"[0, 1, 1, 1]",0,0,0,,0.5,4
89,962f026a-8861-11f1-99ea-b48c9db4e1b4,2,"[0, 1, 1, 1]",1,1,-1,,0.5,4
90,962f026a-8861-11f1-99ea-b48c9db4e1b4,2,"[0, 1, 1, 1]",2,1,-1,,0.5,4
91,962f026a-8861-11f1-99ea-b48c9db4e1b4,2,"[0, 1, 1, 1]",3,1,-1,,0.5,4
92,962f026a-8861-11f1-99ea-b48c9db4e1b4,3,"[1, 1, 1, 0]",0,1,-1,,0.5,4
93,962f026a-8861-11f1-99ea-b48c9db4e1b4,3,"[1, 1, 1, 0]",1,1,-1,,0.5,4
94,962f026a-8861-11f1-99ea-b48c9db4e1b4,3,"[1, 1, 1, 0]",2,1,-1,,0.5,4
95,962f026a-8861-11f1-99ea-b48c9db4e1b4,3,"[1, 1, 1, 0]",3,0,0,,0.5,4
96,962f026a-8861-11f1-99ea-b48c9db4e1b4,4,"[0, 1, 0, 0]",0,0,0,,0.5,4
97,962f026a-8861-11f1-99ea-b48c9db4e1b4,4,"[0, 1, 0, 0]",1,1,1,,0.5,4
98,962f026a-8861-11f1-99ea-b48c9db4e1b4,4,"[0, 1, 0, 0]",2,0,0,,0.5,4
99,962f026a-8861-11f1-99ea-b48c9db4e1b4,4,"[0, 1, 0, 0]",3,0,0,,0.5,4
100,962f026a-8861-11f1-99ea-b48c9db4e1b4,5,"[0, 0, 1, 1]",0,0,0,,0.5,4
101,962f026a-8861-11f1-99ea-b48c9db4e1b4,5,"[0, 0, 1, 1]",1,0,0,,0.5,4
102,962f026a-8861-11f1-99ea-b48c9db4e1b4,5,"[0, 0, 1, 1]",2,1,1,,0.5,4
103,962f026a-8861-11f1-99ea-b48c9db4e1b4,5,"[0, 0, 1, 1]",3,1,1,,0.5,4
104,962f026a-8861-11f1-99ea-b48c9db4e1b4,6,"[1, 0, 0, 1]",0,1,1,,0.5,4
105,962f026a-8861-11f1-99ea-b48c9db4e1b4,6,"[1, 0, 0, 1]",1,0,0,,0.5,4
106,962f026a-8861-11f1-99ea-b48c9db4e1b4,6,"[1, 0, 0, 1]",2,0,0,,0.5,4
107,962f026a-8861-11f1-99ea-b48c9db4e1b4,6,"[1, 0, 0, 1]",3,1,1,,0.5,4
108,962f026a-8861-11f1-99ea-b48c9db4e1b4,7,"[1, 1, 0, 0]",0,1,1,,0.5,4
109,962f026a-8861-11f1-99ea-b48c9db4e1b4,7,"[1, 1, 0, 0]",1,1,1,,0.5,4
110,962f026a-8861-11f1-99ea-b48c9db4e1b4,7,"[1, 1, 0, 0]",2,0,0,,0.5,4
111,962f026a-8861-11f1-99ea-b48c9db4e1b4,7,"[1, 1, 0, 0]",3,0,0,,0.5,4
112,962f026a-8861-11f1-99ea-b48c9db4e1b4,8,"[0, 1, 1, 0]",0,0,0,,0.5,4
113,962f026a-8861-11f1-99ea-b48c9db4e1b4,8,"[0, 1, 1, 0]",1,1,1,,0.5,4
114,962f026a-8861-11f1-99ea-b48c9db4e1b4,8,"[0, 1, 1, 0]",2,1,1,,0.5,4
115,962f026a-8861-11f1-99ea-b48c9db4e1b4,8,"[0, 1, 1, 0]",3,0,0,,0.5,4
116,962f026a-8861-11f1-99ea-b48c9db4e1b4,9,"[0, 0, 1, 1]",0,0,0,,0.5,4
117,962f026a-8861-11f1-99ea-b48c9db4e1b4,9,"[0, 0, 1, 1]",1,0,0,,0.5,4
118,962f026a-8861-11f1-99ea-b48c9db4e1b4,9,"[0, 0, 1, 1]",2,1,1,,0.5,4
119,962f026a-8861-11f1-99ea-b48c9db4e1b4,9,"[0, 0, 1, 1]",3,1,1,,0.5,4
120,962f026a-8861-11f1-99ea-b48c9db4e1b4,10,"[1, 0, 0, 1]",0,1,1,,0.5,4
121,962f026a-8861-11f1-99ea-b48c9db4e1b4,10,"[1, 0, 0, 1]",1,0,0,,0.5,4
122,962f026a-8861-11f1-99ea-b48c9db4e1b4,10,"[1, 0, 0, 1]",2,0,0,,0.5,4
123,962f026a-8861-11f1-99ea-b48c9db4e1b4,10,"[1, 0, 0, 1]",3,1,1,,0.5,4
124,962f026a-8861-11f1-99ea-b48c9db4e1b4,11,"[1, 1, 0, 0]",0,1,1,,0.5,4
125,962f026a-8861-11f1-99ea-b48c9db4e1b4,11,"[1, 1, 0, 0]",1,1,1,,0.5,4
126,962f026a-8861-11f1-99ea-b48c9db4e1b4,11,"[1, 1, 0, 0]",2,0,0,,0.5,4
127,962f026a-8861-11f1-99ea-b48c9db4e1b4,11,"[1, 1, 0, 0]",3,0,0,,0.5,4
128,962f026a-8861-11f1-99ea-b48c9db4e1b4,12,"[0, 1, 1, 0]",0,0,0,,0.5,4
129,962f026a-8861-11f1-99ea-b48c9db4e1b4,12,"[0, 1, 1, 0]",1,1,1,,0.5,4
130,962f026a-8861-11f1-99ea-b48c9db4e1b4,12,"[0, 1, 1, 0]",2,1,1,,0.5,4
131,962f026a-8861-11f1-99ea-b48c9db4e1b4,12,"[0, 1, 1, 0]",3,0,0,,0.5,4
132,962f026a-8861-11f1-99ea-b48c9db4e1b4,13,"[0, 0, 1, 1]",0,0,0,,0.5,4
133,962f026a-8861-11f1-99ea-b48c9db4e1b4,13,"[0, 0, 1, 1]",1,0,0,,0.5,4
134,962f026a-8861-11f1-99ea-b48c9db4e1b4,13,"[0, 0, 1, 1]",2,1,1,,0.5,4
135,962f026a-8861-11f1-99ea-b48c9db4e1b4,13,"[0, 0, 1, 1]",3,1,1,,0.5,4
136,962f026a-8861-11f1-99ea-b48c9db4e1b4,14,"[1, 0, 0, 1]",0,1,1,,0.5,4
137,962f026a-8861-11f1-99ea-b48c9db4e1b4,14,"[1, 0, 0, 1]",1,0,0,,0.5,4
138,962f026a-8861-11f1-99ea-b48c9db4e1b4,14,"[1, 0, 0, 1]",2,0,0,,0.5,4
139,962f026a-8861-11f1-99ea-b48c9db4e1b4,14,"[1, 0, 0, 1]",3,1,1,,0.5,4
140,962f026a-8861-11f1-99ea-b48c9db4e1b4,15,"[1, 1, 0, 0]",0,1,1,,0.5,4
141,962f026a-8861-11f1-99ea-b48c9db4e1b4,15,"[1, 1, 0, 0]",1,1,1,,0.5,4
142,962f026a-8861-11f1-99ea-b48c9db4e1b4,15,"[1, 1, 0, 0]",2,0,0,,0.5,4
143,962f026a-8861-11f1-99ea-b48c9db4e1b4,15,"[1, 1, 0, 0]",3,0,0,,0.5,4
144,962f026a-8861-11f1-99ea-b48c9db4e1b4,16,"[0, 1, 1, 0]",0,0,0,,0.5,4
145,962f026a-8861-11f1-99ea-b48c9db4e1b4,16,"[0, 1, 1, 0]",1,1,1,,0.5,4
146,962f026a-8861-11f1-99ea-b48c9db4e1b4,16,"[0, 1, 1, 0]",2,1,1,,0.5,4
147,962f026a-8861-11f1-99ea-b48c9db4e1b4,16,"[0, 1, 1, 0]",3,0,0,,0.5,4
148,962f026a-8861-11f1-99ea-b48c9db4e1b4,17,"[0, 0, 1, 1]",0,0,0,,0.5,4
149,962f026a-8861-11f1-99ea-b48c9db4e1b4,17,"[0, 0, 1, 1]",1,0,0,,0.5,4
150,962f026a-8861-11f1-99ea-b48c9db4e1b4,17,"[0, 0, 1, 1]",2,1,1,,0.5,4
151,962f026a-8861-11f1-99ea-b48c9db4e1b4,17,"[0, 0, 1, 1]",3,1,1,,0.5,4
152,962f026a-8861-11f1-99ea-b48c9db4e1b4,18,"[1, 0, 0, 1]",0,1,1,,0.5,4
153,962f026a-8861-11f1-99ea-b48c9db4e1b4,18,"[1, 0, 0, 1]",1,0,0,,0.5,4
154,962f026a-8861-11f1-99ea-b48c9db4e1b4,18,"[1, 0, 0, 1]",2,0,0,,0.5,4
155,962f026a-8861-11f1-99ea-b48c9db4e1b4,18,"[1, 0, 0, 1]",3,1,1,,0.5,4
156,962f026a-8861-11f1-99ea-b48c9db4e1b4,19,"[1, 1, 0, 0]",0,1,1,,0.5,4
157,962f026a-8861-11f1-99ea-b48c9db4e1b4,19,"[1, 1, 0, 0]",1,1,1,,0.5,4
158,962f026a-8861-11f1-99ea-b48c9db4e1b4,19,"[1, 1, 0, 0]",2,0,0,,0.5,4
159,962f026a-8861-11f1-99ea-b48c9db4e1b4,19,"[1, 1, 0, 0]",3,0,0,,0.5,4
160,9638230c-8861-11f1-a04c-b48c9db4e1b4,0,"[0, 1, 0, 0]",0,0,0,,0.5,4
161,9638230c-8861-11f1-a04c-b48c9db4e1b4,0,"[0, 1, 0, 0]",1,1,1,,0.5,4
162,9638230c-8861-11f1-a04c-b48c9db4e1b4,0,"[0, 1, 0, 0]",2,0,0,,0.5,4
163,9638230c-8861-11f1-a04c-b48c9db4e1b4,0,"[0, 1, 0, 0]",3,0,0,,0.5,4
164,9638230c-8861-11f1-a04c-b48c9db4e1b4,1,"[0, 0, 1, 1]",0,0,0,,0.5,4
165,9638230c-8861-11f1-a04c-b48c9db4e1b4,1,"[0, 0, 1, 1]",1,0,0,,0.5,4
166,9638230c-8861-11f1-a04c-b48c9db4e1b4,1,"[0, 0, 1, 1]",2,1,1,,0.5,4
167,9638230c-8861-11f1-a04c-b48c9db4e1b4,1,"[0, 0, 1, 1]",3,1,1,,0.5,4
168,9638230c-8861-11f1-a04c-b48c9db4e1b4,2,"[1, 0, 0, 1]",0,1,1,,0.5,4
169,9638230c-8861-11f1-a04c-b48c9db4e1b4,2,"[1, 0, 0, 1]",1,0,0,,0.5,4
170,9638230c-8861-11f1-a04c-b48c9db4e1b4,2,"[1, 0, 0, 1]",2,0,0,,0.5,4
171,9638230c-8861-11f1-a04c-b48c9db4e1b4,2,"[1, 0, 0, 1]",3,1,1,,0.5,4
172,9638230c-8861-11f1-a04c-b48c9db4e1b4,3,"[1, 1, 0, 0]",0,1,1,,0.5,4
173,9638230c-8861-11f1-a04c-b48c9db4e1b4,3,"[1, 1, 0, 0]",1,1,1,,0.5,4
174,9638230c-8861-11f1-a04c-b48c9db4e1b4,3,"[1, 1, 0, 0]",2,0,0,,0.5,4
175,9638230c-8861-11f1-a04c-b48c9db4e1b4,3,"[1, 1, 0, 0]",3,0,0,,0.5,4
176,9638230c-8861-11f1-a04c-b48c9db4e1b4,4,"[0, 1, 1, 0]",0,0,0,,0.5,4
177,9638230c-8861-11f1-a04c-b48c9db4e1b4,4,"[0, 1, 1, 0]",1,1,1,,0.5,4
178,9638230c-8861-11f1-a04c-b48c9db4e1b4,4,"[0, 1, 1, 0]",2,1,1,,0.5,4
179,9638230c-8861-11f1-a04c-b48c9db4e1b4,4,"[0, 1, 1, 0]",3,0,0,,0.5,4
180,9638230c-8861-11f1-a04c-b48c9db4e1b4,5,"[0, 0, 1, 1]",0,0,0,,0.5,4
181,9638230c-8861-11f1-a04c-b48c9db4e1b4,5,"[0, 0, 1, 1]",1,0,0,,0.5,4
182,9638230c-8861-11f1-a04c-b48c9db4e1b4,5,"[0, 0, 1, 1]",2,1,1,,0.5,4
183,9638230c-8861-11f1-a04c-b48c9db4e1b4,5,"[0, 0, 1, 1]",3,1,1,,0.5,4
184,9638230c-8861-11f1-a04c-b48c9db4e1b4,6,"[1, 0, 0, 1]",0,1,1,,0.5,4
185,9638230c-8861-11f1-a04c-b48c9db4e1b4,6,"[1, 0, 0, 1]",1,0,0,,0.5,4
186,9638230c-8861-11f1-a04c-b48c9db4e1b4,6,"[1, 0, 0, 1]",2,0,0,,0.5,4
187,9638230c-8861-11f1-a04c-b48c9db4e1b4,6,"[1, 0, 0, 1]",3,1,1,,0.5,4
188,9638230c-8861-11f1-a04c-b48c9db4e1b4,7,"[1, 1, 0, 0]",0,1,1,,0.5,4
189,9638230c-8861-11f1-a04c-b48c9db4e1b4,7,"[1, 1, 0, 0]",1,1,1,,0.5,4
190,9638230c-8861-11f1-a04c-b48c9db4e1b4,7,"[1, 1, 0, 0]",2,0,0,,0.5,4
191,9638230c-8861-11f1-a04c-b48c9db4e1b4,7,"[1, 1, 0, 0]",3,0,0,,0.5,4
192,9638230c-8861-11f1-a04c-b48c9db4e1b4,8,"[0, 1, 1, 0]",0,0,0,,0.5,4
193,9638230c-8861-11f1-a04c-b48c9db4e1b4,8,"[0, 1, 1, 0]",1,1,1,,0.5,4
194,9638230c-8861-11f1-a04c-b48c9db4e1b4,8,"[0, 1, 1, 0]",2,1,1,,0.5,4
195,9638230c-8861-11f1-a04c-b48c9db4e1b4,8,"[0, 1, 1, 0]",3,0,0,,0.5,4
196,9638230c-8861-11f1-a04c-b48c9db4e1b4,9,"[0, 0, 1, 1]",0,0,0,,0.5,4
197,9638230c-8861-11f1-a04c-b48c9db4e1b4,9,"[0, 0, 1, 1]",1,0,0,,0.5,4
198,9638230c-8861-11f1-a04c-b48c9db4e1b4,9,"[0, 0, 1, 1]",2,1,1,,0.5,4
199,9638230c-8861-11f1-a04c-b48c9db4e1b4,9,"[0, 0, 1, 1]",3,1,1,,0.5,4
200,9638230c-8861-11f1-a04c-b48c9db4e1b4,10,"[1, 0, 0, 1]",0,1,1,,0.5,4
201,9638230c-8861-11f1-a04c-b48c9db4e1b4,10,"[1, 0, 0, 1]",1,0,0,,0.5,4
202,9638230c-8861-11f1-a04c-b48c9db4e1b4,10,"[1, 0, 0, 1]",2,0,0,,0.5,4
203,9638230c-8861-11f1-a04c-b48c9db4e1b4,10,"[1, 0, 0, 1]",3,1,1,,0.5,4
204,9638230c-8861-11f1-a04c-b48c9db4e1b4,11,"[1, 1, 0, 0]",0,1,1,,0.5,4
205,9638230c-8861-11f1-a04c-b48c9db4e1b4,11,"[1, 1, 0, 0]",1,1,1,,0.5,4
206,9638230c-8861-11f1-a04c-b48c9db4e1b4,11,"[1, 1, 0, 0]",2,0,0,,0.5,4
207,9638230c-8861-11f1-a04c-b48c9db4e1b4,11,"[1, 1, 0, 0]",3,0,0,,0.5,4
208,9638230c-8861-11f1-a04c-b48c9db4e1b4,12,"[0, 1, 1, 0]",0,0,0,,0.5,4
209,9638230c-8861-11f1-a04c-b48c9db4e1b4,12,"[0, 1, 1, 0]",1,1,1,,0.5,4
210,9638230c-8861-11f1-a04c-b48c9db4e1b4,12,"[0, 1, 1, 0]",2,1,1,,0.5,4
211,9638230c-8861-11f1-a04c-b48c9db4e1b4,12,"[0, 1, 1, 0]",3,0,0,,0.5,4
212,9638230c-8861-11f1-a04c-b48c9db4e1b4,13,"[0, 0, 1, 1]",0,0,0,,0.5,4
213,9638230c-8861-11f1-a04c-b48c9db4e1b4,13,"[0, 0, 1, 1]",1,0,0,,0.5,4
214,9638230c-8861-11f1-a04c-b48c9db4e1b4,13,"[0, 0, 1, 1]",2,1,1,,0.5,4
215,9638230c-8861-11f1-a04c-b48c9db4e1b4,13,"[0, 0, 1, 1]",3,1,1,,0.5,4
216,9638230c-8861-11f1-a04c-b48c9db4e1b4,14,"[1, 0, 0, 1]",0,1,1,,0.5,4
217,9638230c-8861-11f1-a04c-b48c9db4e1b4,14,"[1, 0, 0, 1]",1,0,0,,0.5,4
218,9638230c-8861-11f1-a04c-b48c9db4e1b4,14,"[1, 0, 0, 1]",2,0,0,,0.5,4
219,9638230c-8861-11f1-a04c-b48c9db4e1b4,14,"[1, 0, 0, 1]",3,1,1,,0.5,4
220,9638230c-8861-11f1-a04c-b48c9db4e1b4,15,"[1, 1, 0, 0]",0,1,1,,0.5,4
221,9638230c-8861-11f1-a04c-b48c9db4e1b4,15,"[1, 1, 0, 0]",1,1,1,,0.5,4
222,9638230c-8861-11f1-a04c-b48c9db4e1b4,15,"[1, 1, 0, 0]",2,0,0,,0.5,4
223,9638230c-8861-11f1-a04c-b48c9db4e1b4,15,"[1, 1, 0, 0]",3,0,0,,0.5,4
224,9638230c-8861-11f1-a04c-b48c9db4e1b4,16,"[0, 1, 1, 0]",0,0,0,,0.5,4
225,9638230c-8861-11f1-a04c-b48c9db4e1b4,16,"[0, 1, 1, 0]",1,1,1,,0.5,4
226,9638230c-8861-11f1-a04c-b48c9db4e1b4,16,"[0, 1, 1, 0]",2,1,1,,0.5,4
227,9638230c-8861-11f1-a04c-b48c9db4e1b4,16,"[0, 1, 1, 0]",3,0,0,,0.5,4
228,9638230c-8861-11f1-a04c-b48c9db4e1b4,17,"[0, 0, 1, 1]",0,0,0,,0.5,4
229,9638230c-8861-11f1-a04c-b48c9db4e1b4,17,"[0, 0, 1, 1]",1,0,0,,0.5,4
230,9638230c-8861-11f1-a04c-b48c9db4e1b4,17,"[0, 0, 1, 1]",2,1,1,,0.5,4
231,9638230c-8861-11f1-a04c-b48c9db4e1b4,17,"[0, 0, 1, 1]",3,1,1,,0.5,4
232,9638230c-8861-11f1-a04c-b48c9db4e1b4,18,"[1, 0, 0, 1]",0,1,1,,0.5,4
233,9638230c-8861-11f1-a04c-b48c9db4e1b4,18,"[1, 0, 0, 1]",1,0,0,,0.5,4
234,9638230c-8861-11f1-a04c-b48c9db4e1b4,18,"[1, 0, 0, 1]",2,0,0,,0.5,4
235,9638230c-8861-11f1-a04c-b48c9db4e1b4,18,"[1, 0, 0, 1]",3,1,1,,0.5,4
236,9638230c-8861-11f1-a04c-b48c9db4e1b4,19,"[1, 1, 0, 0]",0,1,1,,0.5,4
237,9638230c-8861-11f1-a04c-b48c9db4e1b4,19,"[1, 1, 0, 0]",1,1,1,,0.5,4
238,9638230c-8861-11f1-a04c-b48c9db4e1b4,19,"[1, 1, 0, 0]",2,0,0,,0.5,4
239,9638230c-8861-11f1-a04c-b48c9db4e1b4,19,"[1, 1, 0, 0]",3,0,0,,0.5,4
240,963f9250-8861-11f1-a793-b48c9db4e1b4,0,"[1, 0, 1, 0]",0,1,1,,0.5,4
241,963f9250-8861-11f1-a793-b48c9db4e1b4,0,"[1, 0, 1, 0]",1,0,0,,0.5,4
242,963f9250-8861-11f1-a793-b48c9db4e1b4,0,"[1, 0, 1, 0]",2,1,1,,0.5,4
243,963f9250-8861-11f1-a793-b48c9db4e1b4,0,"[1, 0, 1, 0]",3,0,0,,0.5,4
244,963f9250-8861-11f1-a793-b48c9db4e1b4,1,"[0, 0, 1, 1]",0,0,0,,0.5,4
245,963f9250-8861-11f1-a793-b48c9db4e1b4,1,"[0, 0, 1, 1]",1,0,0,,0.5,4
246,963f9250-8861-11f1-a793-b48c9db4e1b4,1,"[0, 0, 1, 1]",2,1,1,,0.5,4
247,963f9250-8861-11f1-a793-b48c9db4e1b4,1,"[0, 0, 1, 1]",3,1,1,,0.5,4
248,963f9250-8861-11f1-a793-b48c9db4e1b4,2,"[1, 0, 0, 1]",0,1,1,,0.5,4
249,963f9250-8861-11f1-a793-b48c9db4e1b4,2,"[1, 0, 0, 1]",1,0,0,,0.5,4
250,963f9250-8861-11f1-a793-b48c9db4e1b4,2,"[1, 0, 0, 1]",2,0,0,,0.5,4
251,963f9250-8861-11f1-a793-b48c9db4e1b4,2,"[1, 0, 0, 1]",3,1,1,,0.5,4
252,963f9250-8861-11f1-a793-b48c9db4e1b4,3,"[1, 1, 0, 0]",0,1,1,,0.5,4
253,963f9250-8861-11f1-a793-b48c9db4e1b4,3,"[1, 1, 0, 0]",1,1,1,,0.5,4
254,963f9250-8861-11f1-a793-b48c9db4e1b4,3,"[1, 1, 0, 0]",2,0,0,,0.5,4
255,963f9250-8861-11f1-a793-b48c9db4e1b4,3,"[1, 1, 0, 0]",3,0,0,,0.5,4
256,963f9250-8861-11f1-a793-b48c9db4e1b4,4,"[0, 1, 1, 0]",0,0,0,,0.5,4
257,963f9250-8861-11f1-a793-b48c9db4e1b4,4,"[0, 1, 1, 0]",1,1,1,,0.5,4
258,963f9250-8861-11f1-a793-b48c9db4e1b4,4,"[0, 1, 1, 0]",2,1,1,,0.5,4
259,963f9250-8861-11f1-a793-b48c9db4e1b4,4,"[0, 1, 1, 0]",3,0,0,,0.5,4
260,963f9250-8861-11f1-a793-b48c9db4e1b4,5,"[0, 0, 1, 1]",0,0,0,,0.5,4
261,963f9250-8861-11f1-a793-b48c9db4e1b4,5,"[0, 0, 1, 1]",1,0,0,,0.5,4
262,963f9250-8861-11f1-a793-b48c9db4e1b4,5,"[0, 0, 1, 1]",2,1,1,,0.5,4
263,963f9250-8861-11f1-a793-b48c9db4e1b4,5,"[0, 0, 1, 1]",3,1,1,,0.5,4
264,963f9250-8861-11f1-a793-b48c9db4e1b4,6,"[1, 0, 0, 1]",0,1,1,,0.5,4
265,963f9250-8861-11f1-a793-b48c9db4e1b4,6,"[1, 0, 0, 1]",1,0,0,,0.5,4
266,963f9250-8861-11f1-a793-b48c9db4e1b4,6,"[1, 0, 0, 1]",2,0,0,,0.5,4
267,963f9250-8861-11f1-a793-b48c9db4e1b4,6,"[1, 0, 0, 1]",3,1,1,,0.5,4
268,963f9250-8861-11f1-a793-b48c9db4e1b4,7,"[1, 1, 0, 0]",0,1,1,,0.5,4
269,963f9250-8861-11f1-a793-b48c9db4e1b4,7,"[1, 1, 0, 0]",1,1,1,,0.5,4
270,963f9250-8861-11f1-a793-b48c9db4e1b4,7,"[1, 1, 0, 0]",2,0,0,,0.5,4
271,963f9250-8861-11f1-a793-b48c9db4e1b4,7,"[1, 1, 0, 0]",3,0,0,,0.5,4
272,963f9250-8861-11f1-a793-b48c9db4e1b4,8,"[0, 1, 1, 0]",0,0,0,,0.5,4
273,963f9250-8861-11f1-a793-b48c9db4e1b4,8,"[0, 1, 1, 0]",1,1,1,,0.5,4
274,963f9250-8861-11f1-a793-b48c9db4e1b4,8,"[0, 1, 1, 0]",2,1,1,,0.5,4
275,963f9250-8861-11f1-a793-b48c9db4e1b4,8,"[0, 1, 1, 0]",3,0,0,,0.5,4
276,963f9250-8861-11f1-a793-b48c9db4e1b4,9,"[0, 0, 1, 1]",0,0,0,,0.5,4
277,963f9250-8861-11f1-a793-b48c9db4e1b4,9,"[0, 0, 1, 1]",1,0,0,,0.5,4
278,963f9250-8861-11f1-a793-b48c9db4e1b4,9,"[0, 0, 1, 1]",2,1,1,,0.5,4
279,963f9250-8861-11f1-a793-b48c9db4e1b4,9,"[0, 0, 1, 1]",3,1,1,,0.5,4
280,963f9250-8861-11f1-a793-b48c9db4e1b4,10,"[1, 0, 0, 1]",0,1,1,,0.5,4
281,963f9250-8861-11f1-a793-b48c9db4e1b4,10,"[1, 0, 0, 1]",1,0,0,,0.5,4
282,963f9250-8861-11f1-a793-b48c9db4e1b4,10,"[1, 0, 0, 1]",2,0,0,,0.5,4
283,963f9250-8861-11f1-a793-b48c9db4e1b4,10,"[1, 0, 0, 1]",3,1,1,,0.5,4
284,963f9250-8861-11f1-a793-b48c9db4e1b4,11,"[1, 1, 0, 0]",0,1,1,,0.5,4
285,963f9250-8861-11f1-a793-b48c9db4e1b4,11,"[1, 1, 0, 0]",1,1,1,,0.5,4
286,963f9250-8861-11f1-a793-b48c9db4e1b4,11,"[1, 1, 0, 0]",2,0,0,,0.5,4
287,963f9250-8861-11f1-a793-b48c9db4e1b4,11,"[1, 1, 0, 0]",3,0,0,,0.5,4
288,963f9250-8861-11f1-a793-b48c9db4e1b4,12,"[0, 1, 1, 0]",0,0,0,,0.5,4
289,963f9250-8861-11f1-a793-b48c9db4e1b4,12,"[0, 1, 1, 0]",1,1,1,,0.5,4
290,963f9250-8861-11f1-a793-b48c9db4e1b4,12,"[0, 1, 1, 0]",2,1,1,,0.5,4
291,963f9250-8861-11f1-a793-b48c9db4e1b4,12,"[0, 1, 1, 0]",3,0,0,,0.5,4
292,963f9250-8861-11f1-a793-b48c9db4e1b4,13,"[0, 0, 1, 1]",0,0,0,,0.5,4
293,963f9250-8861-11f1-a793-b48c9db4e1b4,13,"[0, 0, 1, 1]",1,0,0,,0.5,4
294,963f9250-8861-11f1-a793-b48c9db4e1b4,13,"[0, 0, 1, 1]",2,1,1,,0.5,4
295,963f9250-8861-11f1-a793-b48c9db4e1b4,13,"[0, 0, 1, 1]",3,1,1,,0.5,4
296,963f9250-8861-11f1-a793-b48c9db4e1b4,14,"[1, 0, 0, 1]",0,1,1,,0.5,4
297,963f9250-8861-11f1-a793-b48c9db4e1b4,14,"[1, 0, 0, 1]",1,0,0,,0.5,4
298,963f9250-8861-11f1-a793-b48c9db4e1b4,14,"[1, 0, 0, 1]",2,0,0,,0.5,4
299,963f9250-8861-11f1-a793-b48c9db4e1b4,14,"[1, 0, 0, 1]",3,1,1,,0.5,4
300,963f9250-8861-11f1-a793-b48c9db4e1b4,15,"[1, 1, 0, 0]",0,1,1,,0.5,4
301,963f9250-8861-11f1-a793-b48c9db4e1b4,15,"[1, 1, 0, 0]",1,1,1,,0.5,4
302,963f9250-8861-11f1-a793-b48c9db4e1b4,15,"[1, 1, 0, 0]",2,0,0,,0.5,4
303,963f9250-8861-11f1-a793-b48c9db4e1b4,15,"[1, 1, 0, 0]",3,0,0,,0.5,4
304,963f9250-8861-11f1-a793-b48c9db4e1b4,16,"[0, 1, 1, 0]",0,0,0,,0.5,4
305,963f9250-8861-11f1-a793-b48c9db4e1b4,16,"[0, 1, 1, 0]",1,1,1,,0.5,4
306,963f9250-8861-11f1-a793-b48c9db4e1b4,16,"[0, 1, 1, 0]",2,1,1,,0.5,4
307,963f9250-8861-11f1-a793-b48c9db4e1b4,16,"[0, 1, 1, 0]",3,0,0,,0.5,4
308,963f9250-8861-11f1-a793-b48c9db4e1b4,17,"[0, 0, 1, 1]",0,0,0,,0.5,4
309,963f9250-8861-11f1-a793-b48c9db4e1b4,17,"[0, 0, 1, 1]",1,0,0,,0.5,4
310,963f9250-8861-11f1-a793-b48c9db4e1b4,17,"[0, 0, 1, 1]",2,1,1,,0.5,4
311,963f9250-8861-11f1-a793-b48c9db4e1b4,17,"[0, 0, 1, 1]",3,1,1,,0.5,4
312,963f9250-8861-11f1-a793-b48c9db4e1b4,18,"[1, 0, 0, 1]",0,1,1,,0.5,4
313,963f9250-8861-11f1-a793-b48c9db4e1b4,18,"[1, 0, 0, 1]",1,0,0,,0.5,4
314,963f9250-8861-11f1-a793-b48c9db4e1b4,18,"[1, 0, 0, 1]",2,0,0,,0.5,4
315,963f9250-8861-11f1-a793-b48c9db4e1b4,18,"[1, 0, 0, 1]",3,1,1,,0.5,4
316,963f9250-8861-11f1-a793-b48c9db4e1b4,19,"[1, 1, 0, 0]",0,1,1,,0.5,4
317,963f9250-8861-11f1-a793-b48c9db4e1b4,19,"[1, 1, 0, 0]",1,1,1,,0.5,4
318,963f9250-8861-11f1-a793-b48c9db4e1b4,19,"[1, 1, 0, 0]",2,0,0,,0.5,4
319,963f9250-8861-11f1-a793-b48c9db4e1b4,19,"[1, 1, 0, 0]",3,0,0,,0.5,4
320,9645574c-8861-11f1-aeb5-b48c9db4e1b4,0,"[0, 1, 1, 0]",0,0,0,,0.5,4
321,9645574c-8861-11f1-aeb5-b48c9db4e1b4,0,"[0, 1, 1, 0]",1,1,1,,0.5,4
322,9645574c-8861-11f1-aeb5-b48c9db4e1b4,0,"[0, 1, 1, 0]",2,1,1,,0.5,4
323,9645574c-8861-11f1-aeb5-b48c9db4e1b4,0,"[0, 1, 1, 0]",3,0,0,,0.5,4
324,9645574c-8861-11f1-aeb5-b48c9db4e1b4,1,"[0, 0, 1, 1]",0,0,0,,0.5,4
325,9645574c-8861-11f1-aeb5-b48c9db4e1b4,1,"[0, 0, 1, 1]",1,0,0,,0.5,4
326,9645574c-8861-11f1-aeb5-b48c9db4e1b4,1,"[0, 0, 1, 1]",2,1,1,,0.5,4
327,9645574c-8861-11f1-aeb5-b48c9db4e1b4,1,"[0, 0, 1, 1]",3,1,1,,0.5,4
328,9645574c-8861-11f1-aeb5-b48c9db4e1b4,2,"[1, 0, 0, 1]",0,1,1,,0.5,4
329,9645574c-8861-11f1-aeb5-b48c9db4e1b4,2,"[1, 0, 0, 1]",1,0,0,,0.5,4
330,9645574c-8861-11f1-aeb5-b48c9db4e1b4,2,"[1, 0, 0, 1]",2,0,0,,0.5,4
331,9645574c-8861-11f1-aeb5-b48c9db4e1b4,2,"[1, 0, 0, 1]",3,1,1,,0.5,4
332,9645574c-8861-11f1-aeb5-b48c9db4e1b4,3,"[1, 1, 0, 0]",0,1,1,,0.5,4
333,9645574c-8861-11f1-aeb5-b48c9db4e1b4,3,"[1, 1, 0, 0]",1,1,1,,0.5,4
334,9645574c-8861-11f1-aeb5-b48c9db4e1b4,3,"[1, 1, 0, 0]",2,0,0,,0.5,4
335,9645574c-8861-11f1-aeb5-b48c9db4e1b4,3,"[1, 1, 0, 0]",3,0,0,,0.5,4
336,9645574c-8861-11f1-aeb5-b48c9db4e1b4,4,"[0, 1, 1, 0]",0,0,0,,0.5,4
337,9645574c-8861-11f1-aeb5-b48c9db4e1b4,4,"[0, 1, 1, 0]",1,1,1,,0.5,4
338,9645574c-8861-11f1-aeb5-b48c9db4e1b4,4,"[0, 1, 1, 0]",2,1,1,,0.5,4
339,9645574c-8861-11f1-aeb5-b48c9db4e1b4,4,"[0, 1, 1, 0]",3,0,0,,0.5,4
340,9645574c-8861-11f1-aeb5-b48c9db4e1b4,5,"[0, 0, 1, 1]",0,0,0,,0.5,4
341,9645574c-8861-11f1-aeb5-b48c9db4e1b4,5,"[0, 0, 1, 1]",1,0,0,,0.5,4
342,9645574c-8861-11f1-aeb5-b48c9db4e1b4,5,"[0, 0, 1, 1]",2,1,1,,0.5,4
343,9645574c-8861-11f1-aeb5-b48c9db4e1b4,5,"[0, 0, 1, 1]",3,1,1,,0.5,4
344,9645574c-8861-11f1-aeb5-b48c9db4e1b4,6,"[1, 0, 0, 1]",0,1,1,,0.5,4
345,9645574c-8861-11f1-aeb5-b48c9db4e1b4,6,"[1, 0, 0, 1]",1,0,0,,0.5,4
346,9645574c-8861-11f1-aeb5-b48c9db4e1b4,6,"[1, 0, 0, 1]",2,0,0,,0.5,4
347,9645574c-8861-11f1-aeb5-b48c9db4e1b4,6,"[1, 0, 0, 1]",3,1,1,,0.5,4
348,9645574c-8861-11f1-aeb5-b48c9db4e1b4,7,"[1, 1, 0, 0]",0,1,1,,0.5,4
349,9645574c-8861-11f1-aeb5-b48c9db4e1b4,7,"[1, 1, 0, 0]",1,1,1,,0.5,4
350,9645574c-8861-11f1-aeb5-b48c9db4e1b4,7,"[1, 1, 0, 0]",2,0,0,,0.5,4
351,9645574c-8861-11f1-aeb5-b48c9db4e1b4,7,"[1, 1, 0, 0]",3,0,0,,0.5,4
352,9645574c-8861-11f1-aeb5-b48c9db4e1b4,8,"[0, 1, 1, 0]",0,0,0,,0.5,4
353,9645574c-8861-11f1-aeb5-b48c9db4e1b4,8,"[0, 1, 1, 0]",1,1,1,,0.5,4
354,9645574c-8861-11f1-aeb5-b48c9db4e1b4,8,"[0, 1, 1, 0]",2,1,1,,0.5,4
355,9645574c-8861-11f1-aeb5-b48c9db4e1b4,8,"[0, 1, 1, 0]",3,0,0,,0.5,4
356,9645574c-8861-11f1-aeb5-b48c9db4e1b4,9,"[0, 0, 1, 1]",0,0,0,,0.5,4
357,9645574c-8861-11f1-aeb5-b48c9db4e1b4,9,"[0, 0, 1, 1]",1,0,0,,0.5,4
358,9645574c-8861-11f1-aeb5-b48c9db4e1b4,9,"[0, 0, 1, 1]",2,1,1,,0.5,4
359,9645574c-8861-11f1-aeb5-b48c9db4e1b4,9,"[0, 0, 1, 1]",3,1,1,,0.5,4
360,9645574c-8861-11f1-aeb5-b48c9db4e1b4,10,"[1, 0, 0, 1]",0,1,1,,0.5,4
361,9645574c-8861-11f1-aeb5-b48c9db4e1b4,10,"[1, 0, 0, 1]",1,0,0,,0.5,4
362,9645574c-8861-11f1-aeb5-b48c9db4e1b4,10,"[1, 0, 0, 1]",2,0,0,,0.5,4
363,9645574c-8861-11f1-aeb5-b48c9db4e1b4,10,"[1, 0, 0, 1]",3,1,1,,0.5,4
364,9645574c-8861-11f1-aeb5-b48c9db4e1b4,11,"[1, 1, 0, 0]",0,1,1,,0.5,4
365,9645574c-8861-11f1-aeb5-b48c9db4e1b4,11,"[1, 1, 0, 0]",1,1,1,,0.5,4
366,9645574c-8861-11f1-aeb5-b48c9db4e1b4,11,"[1, 1, 0, 0]",2,0,0,,0.5,4
367,9645574c-8861-11f1-aeb5-b48c9db4e1b4,11,"[1, 1, 0, 0]",3,0,0,,0.5,4
368,9645574c-8861-11f1-aeb5-b48c9db4e1b4,12,"[0, 1, 1, 0]",0,0,0,,0.5,4
369,9645574c-8861-11f1-aeb5-b48c9db4e1b4,12,"[0, 1, 1, 0]",1,1,1,,0.5,4
370,9645574c-8861-11f1-aeb5-b48c9db4e1b4,12,"[0, 1, 1, 0]",2,1,1,,0.5,4
371,9645574c-8861-11f1-aeb5-b48c9db4e1b4,12,"[0, 1, 1, 0]",3,0,0,,0.5,4
372,9645574c-8861-11f1-aeb5-b48c9db4e1b4,13,"[0, 0, 1, 1]",0,0,0,,0.5,4
373,9645574c-8861-11f1-aeb5-b48c9db4e1b4,13,"[0, 0, 1, 1]",1,0,0,,0.5,4
374,9645574c-8861-11f1-aeb5-b48c9db4e1b4,13,"[0, 0, 1, 1]",2,1,1,,0.5,4
375,9645574c-8861-11f1-aeb5-b48c9db4e1b4,13,"[0, 0, 1, 1]",3,1,1,,0.5,4
376,9645574c-8861-11f1-aeb5-b48c9db4e1b4,14,"[1, 0, 0, 1]",0,1,1,,0.5,4
377,9645574c-8861-11f1-aeb5-b48c9db4e1b4,14,"[1, 0, 0, 1]",1,0,0,,0.5,4
378,9645574c-8861-11f1-aeb5-b48c9db4e1b4,14,"[1, 0, 0, 1]",2,0,0,,0.5,4
379,9645574c-8861-11f1-aeb5-b48c9db4e1b4,14,"[1, 0, 0, 1]",3,1,1,,0.5,4
380,9645574c-8861-11f1-aeb5-b48c9db4e1b4,15,"[1, 1, 0, 0]",0,1,1,,0.5,4
381,9645574c-8861-11f1-aeb5-b48c9db4e1b4,15,"[1, 1, 0, 0]",1,1,1,,0.5,4
382,9645574c-8861-11f1-aeb5-b48c9db4e1b4,15,"[1, 1, 0, 0]",2,0,0,,0.5,4
383,9645574c-8861-11f1-aeb5-b48c9db4e1b4,15,"[1, 1, 0, 0]",3,0,0,,0.5,4
384,9645574c-8861-11f1-aeb5-b48c9db4e1b4,16,"[0, 1, 1, 0]",0,0,0,,0.5,4
385,9645574c-8861-11f1-aeb5-b48c9db4e1b4,16,"[0, 1, 1, 0]",1,1,1,,0.5,4
386,9645574c-8861-11f1-aeb5-b48c9db4e1b4,16,"[0, 1, 1, 0]",2,1,1,,0.5,4
387,9645574c-8861-11f1-aeb5-b48c9db4e1b4,16,"[0, 1, 1, 0]",3,0,0,,0.5,4
388,9645574c-8861-11f1-aeb5-b48c9db4e1b4,17,"[0, 0, 1, 0]",0,0,0,,0.5,4
389,9645574c-8861-11f1-aeb5-b48c9db4e1b4,17,"[0, 0, 1, 0]",1,0,0,,0.5,4
390,9645574c-8861-11f1-aeb5-b48c9db4e1b4,17,"[0, 0, 1, 0]",2,1,1,,0.5,4
391,9645574c-8861-11f1-aeb5-b48c9db4e1b4,17,"[0, 0, 1, 0]",3,0,0,,0.5,4
392,9645574c-8861-11f1-aeb5-b48c9db4e1b4,18,"[1, 1, 1, 1]",0,1,-1,,0.5,4
393,9645574c-8861-11f1-aeb5-b48c9db4e1b4,18,"[1, 1, 1, 1]",1,1,-1,,0.5,4
394,9645574c-8861-11f1-aeb5-b48c9db4e1b4,18,"[1, 1, 1, 1]",2,1,-1,,0.5,4
395,9645574c-8861-11f1-aeb5-b48c9db4e1b4,18,"[1, 1, 1, 1]",3,1,-1,,0.5,4
396,9645574c-8861-11f1-aeb5-b48c9db4e1b4,19,"[0, 1, 1, 0]",0,0,0,,0.5,4
397,9645574c-8861-11f1-aeb5-b48c9db4e1b4,19,"[0, 1, 1, 0]",1,1,1,,0.5,4
398,9645574c-8861-11f1-aeb5-b48c9db4e1b4,19,"[0, 1, 1, 0]",2,1,1,,0.5,4
399,9645574c-8861-11f1-aeb5-b48c9db4e1b4,19,"[0, 1, 1, 0]",3,0,0,,0.5,4
400,964a5f6e-8861-11f1-96a4-b48c9db4e1b4,0,"[1, 1, 0, 1]",0,1,-1,,0.5,4
401,964a5f6e-8861-11f1-96a4-b48c9db4e1b4,0,"[1, 1, 0, 1]",1,1,-1,,0.5,4
402,964a5f6e-8861-11f1-96a4-b48c9db4e1b4,0,"[1, 1, 0, 1]",2,0,0,,0.5,4
403,964a5f6e-8861-11f1-96a4-b48c9db4e1b4,0,"[1, 1, 0, 1]",3,1,-1,,0.5,4
404,964a5f6e-8861-11f1-96a4-b48c9db4e1b4,1,"[0, 1, 1, 0]",0,0,0,,0.5,4
405,964a5f6e-8861-11f1-96a4-b48c9db4e1b4,1,"[0, 1, 1, 0]",1,1,1,,0.5,4
406,964a5f6e-8861-11f1-96a4-b48c9db4e1b4,1,"[0, 1, 1, 0]",2,1,1,,0.5,4
407,964a5f6e-8861-11f1-96a4-b48c9db4e1b4,1,"[0, 1, 1, 0]",3,0,0,,0.5,4
408,964a5f6e-8861-11f1-96a4-b48c9db4e1b4,2,"[0, 0, 1, 1]",0,0,0,,0.5,4
409,964a5f6e-8861-11f1-96a4-b48c9db4e1b4,2,"[0, 0, 1, 1]",1,0,0,,0.5,4
410,964a5f6e-8861-11f1-96a4-b48c9db4e1b4,2,"[0, 0, 1, 1]",2,1,1,,0.5,4
411,964a5f6e-8861-11f1-96a4-b48c9db4e1b4,2,"[0, 0, 1, 1]",3,1,1,,0.5,4
412,964a5f6e-8861-11f1-96a4-b48c9db4e1b4,3,"[1, 0, 0, 1]",0,1,1,,0.5,4
413,964a5f6e-8861-11f1-96a4-b48c9db4e1b4,3,"[1, 0, 0, 1]",1,0,0,,0.5,4
414,964a5f6e-8861-11f1-96a4-b48c9db4e1b4,3,"[1, 0, 0, 1]",2,0,0,,0.5,4
415,964a5f6e-8861-11f1-96a4-b48c9db4e1b4,3,"[1, 0, 0, 1]",3,1,1,,0.5,4
416,964a5f6e-8861-11f1-96a4-b48c9db4e1b4,4,"[1, 1, 0, 0]",0,1,1,,0.5,4
417,964a5f6e-8861-11f1-96a4-b48c9db4e1b4,4,"[1, 1, 0, 0]",1,1,1,,0.5,4
418,964a5f6e-8861-11f1-96a4-b48c9db4e1b4,4,"[1, 1, 0, 0]",2,0,0,,0.5,4
419,964a5f6e-8861-11f1-96a4-b48c9db4e1b4,4,"[1, 1, 0, 0]",3,0,0,,0.5,4
420,964a5f6e-8861-11f1-96a4-b48c9db4e1b4,5,"[0, 1, 1, 0]",0,0,0,,0.5,4
421,964a5f6e-8861-11f1-96a4-b48c9db4e1b4,5,"[0, 1, 1, 0]",1,1,1,,0.5,4
422,964a5f6e-8861-11f1-96a4-b48c9db4e1b4,5,"[0, 1, 1, 0]",2,1,1,,0.5,4
423,964a5f6e-8861-11f1-96a4-b48c9db4e1b4,5,"[0, 1, 1, 0]",3,0,0,,0.5,4
424,964a5f6e-8861-11f1-96a4-b48c9db4e1b4,6,"[0, 0, 1, 1]",0,0,0,,0.5,4
425,964a5f6e-8861-11f1-96a4-b48c9db4e1b4,6,"[0, 0, 1, 1]",1,0,0,,0.5,4
426,964a5f6e-8861-11f1-96a4-b48c9db4e1b4,6,"[0, 0, 1, 1]",2,1,1,,0.5,4
427,964a5f6e-8861-11f1-96a4-b48c9db4e1b4,6,"[0, 0, 1, 1]",3,1,1,,0.5,4
428,964a5f6e-8861-11f1-96a4-b48c9db4e1b4,7,"[1, 0, 0, 1]",0,1,1,,0.5,4
429,964a5f6e-8861-11f1-96a4-b48c9db4e1b4,7,"[1, 0, 0, 1]",1,0,0,,0.5,4
430,964a5f6e-8861-11f1-96a4-b48c9db4e1b4,7,"[1, 0, 0, 1]",2,0,0,,0.5,4
431,964a5f6e-8861-11f1-96a4-b48c9db4e1b4,7,"[1, 0, 0, 1]",3,1,1,,0.5,4
432,964a5f6e-8861-11f1-96a4-b48c9db4e1b4,8,"[1, 1, 0, 0]",0,1,1,,0.5,4
433,964a5f6e-8861-11f1-96a4-b48c9db4e1b4,8,"[1, 1, 0, 0]",1,1,1,,0.5,4
434,964a5f6e-8861-11f1-96a4-b48c9db4e1b4,8,"[1, 1, 0, 0]",2,0,0,,0.5,4
435,964a5f6e-8861-11f1-96a4-b48c9db4e1b4,8,"[1, 1, 0, 0]",3,0,0,,0.5,4
436,964a5f6e-8861-11f1-96a4-b48c9db4e1b4,9,"[0, 1, 1, 0]",0,0,0,,0.5,4
437,964a5f6e-8861-11f1-96a4-b48c9db4e1b4,9,"[0, 1, 1, 0]",1,1,1,,0.5,4
438,964a5f6e-8861-11f1-96a4-b48c9db4e1b4,9,"[0, 1, 1, 0]",2,1,1,,0.5,4
439,964a5f6e-8861-11f1-96a4-b48c9db4e1b4,9,"[0, 1, 1, 0]",3,0,0,,0.5,4
440,964a5f6e-8861-11f1-96a4-b48c9db4e1b4,10,"[0, 0, 1, 1]",0,0,0,,0.5,4
441,964a5f6e-8861-11f1-96a4-b48c9db4e1b4,10,"[0, 0, 1, 1]",1,0,0,,0.5,4
442,964a5f6e-8861-11f1-96a4-b48c9db4e1b4,10,"[0, 0, 1, 1]",2,1,1,,0.5,4
443,964a5f6e-8861-11f1-96a4-b48c9db4e1b4,10,"[0, 0, 1, 1]",3,1,1,,0.5,4
444,964a5f6e-8861-11f1-96a4-b48c9db4e1b4,11,"[1, 0, 0, 1]",0,1,1,,0.5,4
445,964a5f6e-8861-11f1-96a4-b48c9db4e1b4,11,"[1, 0, 0, 1]",1,0,0,,0.5,4
446,964a5f6e-8861-11f1-96a4-b48c9db4e1b4,11,"[1, 0, 0, 1]",2,0,0,,0.5,4
447,964a5f6e-8861-11f1-96a4-b48c9db4e1b4,11,"[1, 0, 0, 1]",3,1,1,,0.5,4
448,964a5f6e-8861-11f1-96a4-b48c9db4e1b4,12,"[1, 1, 0, 0]",0,1,1,,0.5,4
449,964a5f6e-8861-11f1-96a4-b48c9db4e1b4,12,"[1, 1, 0, 0]",1,1,1,,0.5,4
450,964a5f6e-8861-11f1-96a4-b48c9db4e1b4,12,"[1, 1, 0, 0]",2,0,0,,0.5,4
451,964a5f6e-8861-11f1-96a4-b48c9db4e1b4,12,"[1, 1, 0, 0]",3,0,0,,0.5,4
452,964a5f6e-8861-11f1-96a4-b48c9db4e1b4,13,"[0, 1, 1, 0]",0,0,0,,0.5,4
453,964a5f6e-8861-11f1-96a4-b48c9db4e1b4,13,"[0, 1, 1, 0]",1,1,1,,0.5,4
454,964a5f6e-8861-11f1-96a4-b48c9db4e1b4,13,"[0, 1, 1, 0]",2,1,1,,0.5,4
455,964a5f6e-8861-11f1-96a4-b48c9db4e1b4,13,"[0, 1, 1, 0]",3,0,0,,0.5,4
456,964a5f6e-8861-11f1-96a4-b48c9db4e1b4,14,"[0, 0, 1, 1]",0,0,0,,0.5,4
457,964a5f6e-8861-11f1-96a4-b48c9db4e1b4,14,"[0, 0, 1, 1]",1,0,0,,0.5,4
458,964a5f6e-8861-11f1-96a4-b48c9db4e1b4,14,"[0, 0, 1, 1]",2,1,1,,0.5,4
459,964a5f6e-8861-11f1-96a4-b48c9db4e1b4,14,"[0, 0, 1, 1]",3,1,1,,0.5,4
460,964a5f6e-8861-11f1-96a4-b48c9db4e1b4,15,"[1, 0, 0, 1]",0,1,1,,0.5,4
461,964a5f6e-8861-11f1-96a4-b48c9db4e1b4,15,"[1, 0, 0, 1]",1,0,0,,0.5,4
462,964a5f6e-8861-11f1-96a4-b48c9db4e1b4,15,"[1, 0, 0, 1]",2,0,0,,0.5,4
463,964a5f6e-8861-11f1-96a4-b48c9db4e1b4,15,"[1, 0, 0, 1]",3,1,1,,0.5,4
464,964a5f6e-8861-11f1-96a4-b48c9db4e1b4,16,"[1, 1, 0, 0]",0,1,1,,0.5,4
465,964a5f6e-8861-11f1-96a4-b48c9db4e1b4,16,"[1, 1, 0, 0]",1,1,1,,0.5,4
466,964a5f6e-8861-11f1-96a4-b48c9db4e1b4,16,"[1, 1, 0, 0]",2,0,0,,0.5,4
467,964a5f6e-8861-11f1-96a4-b48c9db4e1b4,16,"[1, 1, 0, 0]",3,0,0,,0.5,4
468,964a5f6e-8861-11f1-96a4-b48c9db4e1b4,17,"[0, 1, 1, 0]",0,0,0,,0.5,4
469,964a5f6e-8861-11f1-96a4-b48c9db4e1b4,17,"[0, 1, 1, 0]",1,1,1,,0.5,4
470,964a5f6e-8861-11f1-96a4-b48c9db4e1b4,17,"[0, 1, 1, 0]",2,1,1,,0.5,4
471,964a5f6e-8861-11f1-96a4-b48c9db4e1b4,17,"[0, 1, 1, 0]",3,0,0,,0.5,4
472,964a5f6e-8861-11f1-96a4-b48c9db4e1b4,18,"[0, 0, 1, 1]",0,0,0,,0.5,4
473,964a5f6e-8861-11f1-96a4-b48c9db4e1b4,18,"[0, 0, 1, 1]",1,0,0,,0.5,4
474,964a5f6e-8861-11f1-96a4-b48c9db4e1b4,18,"[0, 0, 1, 1]",2,1,1,,0.5,4
475,964a5f6e-8861-11f1-96a4-b48c9db4e1b4,18,"[0, 0, 1, 1]",3,1,1,,0.5,4
476,964a5f6e-8861-11f1-96a4-b48c9db4e1b4,19,"[1, 0, 0, 1]",0,1,1,,0.5,4
477,964a5f6e-8861-11f1-96a4-b48c9db4e1b4,19,"[1, 0, 0, 1]",1,0,0,,0.5,4
478,964a5f6e-8861-11f1-96a4-b48c9db4e1b4,19,"[1, 0, 0, 1]",2,0,0,,0.5,4
479,964a5f6e-8861-11f1-96a4-b48c9db4e1b4,19,"[1, 0, 0, 1]",3,1,1,,0.5,4
480,964fddcd-8861-11f1-9c55-b48c9db4e1b4,0,"[1, 0, 0, 0]",0,1,1,,0.5,4
481,964fddcd-8861-11f1-9c55-b48c9db4e1b4,0,"[1, 0, 0, 0]",1,0,0,,0.5,4
482,964fddcd-8861-11f1-9c55-b48c9db4e1b4,0,"[1, 0, 0, 0]",2,0,0,,0.5,4
483,964fddcd-8861-11f1-9c55-b48c9db4e1b4,0,"[1, 0, 0, 0]",3,0,0,,0.5,4
484,964fddcd-8861-11f1-9c55-b48c9db4e1b4,1,"[0, 1, 1, 0]",0,0,0,,0.5,4
485,964fddcd-8861-11f1-9c55-b48c9db4e1b4,1,"[0, 1, 1, 0]",1,1,1,,0.5,4
486,964fddcd-8861-11f1-9c55-b48c9db4e1b4,1,"[0, 1, 1, 0]",2,1,1,,0.5,4
487,964fddcd-8861-11f1-9c55-b48c9db4e1b4,1,"[0, 1, 1, 0]",3,0,0,,0.5,4
488,964fddcd-8861-11f1-9c55-b48c9db4e1b4,2,"[0, 0, 1, 1]",0,0,0,,0.5,4
489,964fddcd-8861-11f1-9c55-b48c9db4e1b4,2,"[0, 0, 1, 1]",1,0,0,,0.5,4
490,964fddcd-8861-11f1-9c55-b48c9db4e1b4,2,"[0, 0, 1, 1]",2,1,1,,0.5,4
491,964fddcd-8861-11f1-9c55-b48c9db4e1b4,2,"[0, 0, 1, 1]",3,1,1,,0.5,4
492,964fddcd-8861-11f1-9c55-b48c9db4e1b4,3,"[1, 0, 0, 1]",0,1,1,,0.5,4
493,964fddcd-8861-11f1-9c55-b48c9db4e1b4,3,"[1, 0, 0, 1]",1,0,0,,0.5,4
494,964fddcd-8861-11f1-9c55-b48c9db4e1b4,3,"[1, 0, 0, 1]",2,0,0,,0.5,4
495,964fddcd-8861-11f1-9c55-b48c9db4e1b4,3,"[1, 0, 0, 1]",3,1,1,,0.5,4
496,964fddcd-8861-11f1-9c55-b48c9db4e1b4,4,"[1, 1, 0, 0]",0,1,1,,0.5,4
497,964fddcd-8861-11f1-9c55-b48c9db4e1b4,4,"[1, 1, 0, 0]",1,1,1,,0.5,4
498,964fddcd-8861-11f1-9c55-b48c9db4e1b4,4,"[1, 1, 0, 0]",2,0,0,,0.5,4
499,964fddcd-8861-11f1-9c55-b48c9db4e1b4,4,"[1, 1, 0, 0]",3,0,0,,0.5,4
500,964fddcd-8861-11f1-9c55-b48c9db4e1b4,5,"[0, 1, 1, 0]",0,0,0,,0.5,4
501,964fddcd-8861-11f1-9c55-b48c9db4e1b4,5,"[0, 1, 1, 0]",1,1,1,,0.5,4
502,964fddcd-8861-11f1-9c55-b48c9db4e1b4,5,"[0, 1, 1, 0]",2,1,1,,0.5,4
503,964fddcd-8861-11f1-9c55-b48c9db4e1b4,5,"[0, 1, 1, 0]",3,0,0,,0.5,4
504,964fddcd-8861-11f1-9c55-b48c9db4e1b4,6,"[0, 0, 1, 1]",0,0,0,,0.5,4
505,964fddcd-8861-11f1-9c55-b48c9db4e1b4,6,"[0, 0, 1, 1]",1,0,0,,0.5,4
506,964fddcd-8861-11f1-9c55-b48c9db4e1b4,6,"[0, 0, 1, 1]",2,1,1,,0.5,4
507,964fddcd-8861-11f1-9c55-b48c9db4e1b4,6,"[0, 0, 1, 1]",3,1,1,,0.5,4
508,964fddcd-8861-11f1-9c55-b48c9db4e1b4,7,"[1, 0, 0, 1]",0,1,1,,0.5,4
509,964fddcd-8861-11f1-9c55-b48c9db4e1b4,7,"[1, 0, 0, 1]",1,0,0,,0.5,4
510,964fddcd-8861-11f1-9c55-b48c9db4e1b4,7,"[1, 0, 0, 1]",2,0,0,,0.5,4
511,964fddcd-8861-11f1-9c55-b48c9db4e1b4,7,"[1, 0, 0, 1]",3,1,1,,0.5,4
512,964fddcd-8861-11f1-9c55-b48c9db4e1b4,8,"[1, 1, 0, 0]",0,1,1,,0.5,4
513,964fddcd-8861-11f1-9c55-b48c9db4e1b4,8,"[1, 1, 0, 0]",1,1,1,,0.5,4
514,964fddcd-8861-11f1-9c55-b48c9db4e1b4,8,"[1, 1, 0, 0]",2,0,0,,0.5,4
515,964fddcd-8861-11f1-9c55-b48c9db4e1b4,8,"[1, 1, 0, 0]",3,0,0,,0.5,4
516,964fddcd-8861-11f1-9c55-b48c9db4e1b4,9,"[0, 1, 1, 0]",0,0,0,,0.5,4
517,964fddcd-8861-11f1-9c55-b48c9db4e1b4,9,"[0, 1, 1, 0]",1,1,1,,0.5,4
518,964fddcd-8861-11f1-9c55-b48c9db4e1b4,9,"[0, 1, 1, 0]",2,1,1,,0.5,4
519,964fddcd-8861-11f1-9c55-b48c9db4e1b4,9,"[0, 1, 1, 0]",3,0,0,,0.5,4
520,964fddcd-8861-11f1-9c55-b48c9db4e1b4,10,"[0, 0, 1, 1]",0,0,0,,0.5,4
521,964fddcd-8861-11f1-9c55-b48c9db4e1b4,10,"[0, 0, 1, 1]",1,0,0,,0.5,4
522,964fddcd-8861-11f1-9c55-b48c9db4e1b4,10,"[0, 0, 1, 1]",2,1,1,,0.5,4
523,964fddcd-8861-11f1-9c55-b48c9db4e1b4,10,"[0, 0, 1, 1]",3,1,1,,0.5,4
524,964fddcd-8861-11f1-9c55-b48c9db4e1b4,11,"[1, 0, 0, 1]",0,1,1,,0.5,4
525,964fddcd-8861-11f1-9c55-b48c9db4e1b4,11,"[1, 0, 0, 1]",1,0,0,,0.5,4
526,964fddcd-8861-11f1-9c55-b48c9db4e1b4,11,"[1, 0, 0, 1]",2,0,0,,0.5,4
527,964fddcd-8861-11f1-9c55-b48c9db4e1b4,11,"[1, 0, 0, 1]",3,1,1,,0.5,4
528,964fddcd-8861-11f1-9c55-b48c9db4e1b4,12,"[1, 1, 0, 0]",0,1,1,,0.5,4
529,964fddcd-8861-11f1-9c55-b48c9db4e1b4,12,"[1, 1, 0, 0]",1,1,1,,0.5,4
530,964fddcd-8861-11f1-9c55-b48c9db4e1b4,12,"[1, 1, 0, 0]",2,0,0,,0.5,4
531,964fddcd-8861-11f1-9c55-b48c9db4e1b4,12,"[1, 1, 0, 0]",3,0,0,,0.5,4
532,964fddcd-8861-11f1-9c55-b48c9db4e1b4,13,"[0, 1, 1, 0]",0,0,0,,0.5,4
533,964fddcd-8861-11f1-9c55-b48c9db4e1b4,13,"[0, 1, 1, 0]",1,1,1,,0.5,4
534,964fddcd-8861-11f1-9c55-b48c9db4e1b4,13,"[0, 1, 1, 0]",2,1,1,,0.5,4
535,964fddcd-8861-11f1-9c55-b48c9db4e1b4,13,"[0, 1, 1, 0]",3,0,0,,0.5,4
536,964fddcd-8861-11f1-9c55-b48c9db4e1b4,14,"[0, 0, 1, 1]",0,0,0,,0.5,4
537,964fddcd-8861-11f1-9c55-b48c9db4e1b4,14,"[0, 0, 1, 1]",1,0,0,,0.5,4
538,964fddcd-8861-11f1-9c55-b48c9db4e1b4,14,"[0, 0, 1, 1]",2,1,1,,0.5,4
539,964fddcd-8861-11f1-9c55-b48c9db4e1b4,14,"[0, 0, 1, 1]",3,1,1,,0.5,4
540,964fddcd-8861-11f1-9c55-b48c9db4e1b4,15,"[1, 0, 0, 1]",0,1,1,,0.5,4
541,964fddcd-8861-11f1-9c55-b48c9db4e1b4,15,"[1, 0, 0, 1]",1,0,0,,0.5,4
542,964fddcd-8861-11f1-9c55-b48c9db4e1b4,15,"[1, 0, 0, 1]",2,0,0,,0.5,4
543,964fddcd-8861-11f1-9c55-b48c9db4e1b4,15,"[1, 0, 0, 1]",3,1,1,,0.5,4
544,964fddcd-8861-11f1-9c55-b48c9db4e1b4,16,"[1, 1, 0, 0]",0,1,1,,0.5,4
545,964fddcd-8861-11f1-9c55-b48c9db4e1b4,16,"[1, 1, 0, 0]",1,1,1,,0.5,4
546,964fddcd-8861-11f1-9c55-b48c9db4e1b4,16,"[1, 1, 0, 0]",2,0,0,,0.5,4
547,964fddcd-8861-11f1-9c55-b48c9db4e1b4,16,"[1, 1, 0, 0]",3,0,0,,0.5,4
548,964fddcd-8861-11f1-9c55-b48c9db4e1b4,17,"[0, 1, 1, 0]",0,0,0,,0.5,4
549,964fddcd-8861-11f1-9c55-b48c9db4e1b4,17,"[0, 1, 1, 0]",1,1,1,,0.5,4
550,964fddcd-8861-11f1-9c55-b48c9db4e1b4,17,"[0, 1, 1, 0]",2,1,1,,0.5,4
551,964fddcd-8861-11f1-9c55-b48c9db4e1b4,17,"[0, 1, 1, 0]",3,0,0,,0.5,4
552,964fddcd-8861-11f1-9c55-b48c9db4e1b4,18,"[0, 0, 1, 1]",0,0,0,,0.5,4
553,964fddcd-8861-11f1-9c55-b48c9db4e1b4,18,"[0, 0, 1, 1]",1,0,0,,0.5,4
554,964fddcd-8861-11f1-9c55-b48c9db4e1b4,18,"[0, 0, 1, 1]",2,1,1,,0.5,4
555,964fddcd-8861-11f1-9c55-b48c9db4e1b4,18,"[0, 0, 1, 1]",3,1,1,,0.5,4
556,964fddcd-8861-11f1-9c55-b48c9db4e1b4,19,"[1, 0, 0, 1]",0,1,1,,0.5,4
557,964fddcd-8861-11f1-9c55-b48c9db4e1b4,19,"[1, 0, 0, 1]",1,0,0,,0.5,4
558,964fddcd-8861-11f1-9c55-b48c9db4e1b4,19,"[1, 0, 0, 1]",2,0,0,,0.5,4
559,964fddcd-8861-11f1-9c55-b48c9db4e1b4,19,"[1, 0, 0, 1]",3,1,1,,0.5,4
560,9655642a-8861-11f1-ae0f-b48c9db4e1b4,0,"[1, 0, 1, 1]",0,1,-1,,0.5,4
561,9655642a-8861-11f1-ae0f-b48c9db4e1b4,0,"[1, 0, 1, 1]",1,0,0,,0.5,4
562,9655642a-8861-11f1-ae0f-b48c9db4e1b4,0,"[1, 0, 1, 1]",2,1,-1,,0.5,4
563,9655642a-8861-11f1-ae0f-b48c9db4e1b4,0,"[1, 0, 1, 1]",3,1,-1,,0.5,4
564,9655642a-8861-11f1-ae0f-b48c9db4e1b4,1,"[1, 1, 0, 0]",0,1,1,,0.5,4
565,9655642a-8861-11f1-ae0f-b48c9db4e1b4,1,"[1, 1, 0, 0]",1,1,1,,0.5,4
566,9655642a-8861-11f1-ae0f-b48c9db4e1b4,1,"[1, 1, 0, 0]",2,0,0,,0.5,4
567,9655642a-8861-11f1-ae0f-b48c9db4e1b4,1,"[1, 1, 0, 0]",3,0,0,,0.5,4
568,9655642a-8861-11f1-ae0f-b48c9db4e1b4,2,"[0, 1, 1, 0]",0,0,0,,0.5,4
569,9655642a-8861-11f1-ae0f-b48c9db4e1b4,2,"[0, 1, 1, 0]",1,1,1,,0.5,4
570,9655642a-8861-11f1-ae0f-b48c9db4e1b4,2,"[0, 1, 1, 0]",2,1,1,,0.5,4
571,9655642a-8861-11f1-ae0f-b48c9db4e1b4,2,"[0, 1, 1, 0]",3,0,0,,0.5,4
572,9655642a-8861-11f1-ae0f-b48c9db4e1b4,3,"[0, 0, 1, 1]",0,0,0,,0.5,4
573,9655642a-8861-11f1-ae0f-b48c9db4e1b4,3,"[0, 0, 1, 1]",1,0,0,,0.5,4
574,9655642a-8861-11f1-ae0f-b48c9db4e1b4,3,"[0, 0, 1, 1]",2,1,1,,0.5,4
575,9655642a-8861-11f1-ae0f-b48c9db4e1b4,3,"[0, 0, 1, 1]",3,1,1,,0.5,4
576,9655642a-8861-11f1-ae0f-b48c9db4e1b4,4,"[1, 0, 0, 1]",0,1,1,,0.5,4
577,9655642a-8861-11f1-ae0f-b48c9db4e1b4,4,"[1, 0, 0, 1]",1,0,0,,0.5,4
578,9655642a-8861-11f1-ae0f-b48c9db4e1b4,4,"[1, 0, 0, 1]",2,0,0,,0.5,4
579,9655642a-8861-11f1-ae0f-b48c9db4e1b4,4,"[1, 0, 0, 1]",3,1,1,,0.5,4
580,9655642a-8861-11f1-ae0f-b48c9db4e1b4,5,"[1, 1, 0, 0]",0,1,1,,0.5,4
581,9655642a-8861-11f1-ae0f-b48c9db4e1b4,5,"[1, 1, 0, 0]",1,1,1,,0.5,4
582,9655642a-8861-11f1-ae0f-b48c9db4e1b4,5,"[1, 1, 0, 0]",2,0,0,,0.5,4
583,9655642a-8861-11f1-ae0f-b48c9db4e1b4,5,"[1, 1, 0, 0]",3,0,0,,0.5,4
584,9655642a-8861-11f1-ae0f-b48c9db4e1b4,6,"[0, 1, 1, 0]",0,0,0,,0.5,4
585,9655642a-8861-11f1-ae0f-b48c9db4e1b4,6,"[0, 1, 1, 0]",1,1,1,,0.5,4
586,9655642a-8861-11f1-ae0f-b48c9db4e1b4,6,"[0, 1, 1, 0]",2,1,1,,0.5,4
587,9655642a-8861-11f1-ae0f-b48c9db4e1b4,6,"[0, 1, 1, 0]",3,0,0,,0.5,4
588,9655642a-8861-11f1-ae0f-b48c9db4e1b4,7,"[0, 0, 1, 1]",0,0,0,,0.5,4
589,9655642a-8861-11f1-ae0f-b48c9db4e1b4,7,"[0, 0, 1, 1]",1,0,0,,0.5,4
590,9655642a-8861-11f1-ae0f-b48c9db4e1b4,7,"[0, 0, 1, 1]",2,1,1,,0.5,4
591,9655642a-8861-11f1-ae0f-b48c9db4e1b4,7,"[0, 0, 1, 1]",3,1,1,,0.5,4
592,9655642a-8861-11f1-ae0f-b48c9db4e1b4,8,"[1, 0, 0, 1]",0,1,1,,0.5,4
593,9655642a-8861-11f1-ae0f-b48c9db4e1b4,8,"[1, 0, 0, 1]",1,0,0,,0.5,4
594,9655642a-8861-11f1-ae0f-b48c9db4e1b4,8,"[1, 0, 0, 1]",2,0,0,,0.5,4
595,9655642a-8861-11f1-ae0f-b48c9db4e1b4,8,"[1, 0, 0, 1]",3,1,1,,0.5,4
596,9655642a-8861-11f1-ae0f-b48c9db4e1b4,9,"[1, 1, 0, 0]",0,1,1,,0.5,4
597,9655642a-8861-11f1-ae0f-b48c9db4e1b4,9,"[1, 1, 0, 0]",1,1,1,,0.5,4
598,9655642a-8861-11f1-ae0f-b48c9db4e1b4,9,"[1, 1, 0, 0]",2,0,0,,0.5,4
599,9655642a-8861-11f1-ae0f-b48c9db4e1b4,9,"[1, 1, 0, 0]",3,0,0,,0.5,4
600,9655642a-8861-11f1-ae0f-b48c9db4e1b4,10,"[0, 1, 1, 0]",0,0,0,,0.5,4
601,9655642a-8861-11f1-ae0f-b48c9db4e1b4,10,"[0, 1, 1, 0]",1,1,1,,0.5,4
602,9655642a-8861-11f1-ae0f-b48c9db4e1b4,10,"[0, 1, 1, 0]",2,1,1,,0.5,4
603,9655642a-8861-11f1-ae0f-b48c9db4e1b4,10,"[0, 1, 1, 0]",3,0,0,,0.5,4
604,9655642a-8861-11f1-ae0f-b48c9db4e1b4,11,"[0, 0, 1, 1]",0,0,0,,0.5,4
605,9655642a-8861-11f1-ae0f-b48c9db4e1b4,11,"[0, 0, 1, 1]",1,0,0,,0.5,4
606,9655642a-8861-11f1-ae0f-b48c9db4e1b4,11,"[0, 0, 1, 1]",2,1,1,,0.5,4
607,9655642a-8861-11f1-ae0f-b48c9db4e1b4,11,"[0, 0, 1, 1]",3,1,1,,0.5,4
608,9655642a-8861-11f1-ae0f-b48c9db4e1b4,12,"[1, 0, 0, 1]",0,1,1,,0.5,4
609,9655642a-8861-11f1-ae0f-b48c9db4e1b4,12,"[1, 0, 0, 1]",1,0,0,,0.5,4
610,9655642a-8861-11f1-ae0f-b48c9db4e1b4,12,"[1, 0, 0, 1]",2,0,0,,0.5,4
611,9655642a-8861-11f1-ae0f-b48c9db4e1b4,12,"[1, 0, 0, 1]",3,1,1,,0.5,4
612,9655642a-8861-11f1-ae0f-b48c9db4e1b4,13,"[1, 1, 0, 0]",0,1,1,,0.5,4
613,9655642a-8861-11f1-ae0f-b48c9db4e1b4,13,"[1, 1, 0, 0]",1,1,1,,0.5,4
614,9655642a-8861-11f1-ae0f-b48c9db4e1b4,13,"[1, 1, 0, 0]",2,0,0,,0.5,4
615,9655642a-8861-11f1-ae0f-b48c9db4e1b4,13,"[1, 1, 0, 0]",3,0,0,,0.5,4
616,9655642a-8861-11f1-ae0f-b48c9db4e1b4,14,"[0, 1, 1, 0]",0,0,0,,0.5,4
617,9655642a-8861-11f1-ae0f-b48c9db4e1b4,14,"[0, 1, 1, 0]",1,1,1,,0.5,4
618,9655642a-8861-11f1-ae0f-b48c9db4e1b4,14,"[0, 1, 1, 0]",2,1,1,,0.5,4
619,9655642a-8861-11f1-ae0f-b48c9db4e1b4,14,"[0, 1, 1, 0]",3,0,0,,0.5,4
620,9655642a-8861-11f1-ae0f-b48c9db4e1b4,15,"[0, 0, 1, 1]",0,0,0,,0.5,4
621,9655642a-8861-11f1-ae0f-b48c9db4e1b4,15,"[0, 0, 1, 1]",1,0,0,,0.5,4
622,9655642a-8861-11f1-ae0f-b48c9db4e1b4,15,"[0, 0, 1, 1]",2,1,1,,0.5,4
623,9655642a-8861-11f1-ae0f-b48c9db4e1b4,15,"[0, 0, 1, 1]",3,1,1,,0.5,4
624,9655642a-8861-11f1-ae0f-b48c9db4e1b4,16,"[1, 0, 0, 1]",0,1,1,,0.5,4
625,9655642a-8861-11f1-ae0f-b48c9db4e1b4,16,"[1, 0, 0, 1]",1,0,0,,0.5,4
626,9655642a-8861-11f1-ae0f-b48c9db4e1b4,16,"[1, 0, 0, 1]",2,0,0,,0.5,4
627,9655642a-8861-11f1-ae0f-b48c9db4e1b4,16,"[1, 0, 0, 1]",3,1,1,,0.5,4
628,9655642a-8861-11f1-ae0f-b48c9db4e1b4,17,"[1, 1, 0, 0]",0,1,1,,0.5,4
629,9655642a-8861-11f1-ae0f-b48c9db4e1b4,17,"[1, 1, 0, 0]",1,1,1,,0.5,4
630,9655642a-8861-11f1-ae0f-b48c9db4e1b4,17,"[1, 1, 0, 0]",2,0,0,,0.5,4
631,9655642a-8861-11f1-ae0f-b48c9db4e1b4,17,"[1, 1, 0, 0]",3,0,0,,0.5,4
632,9655642a-8861-11f1-ae0f-b48c9db4e1b4,18,"[0, 1, 1, 0]",0,0,0,,0.5,4
633,9655642a-8861-11f1-ae0f-b48c9db4e1b4,18,"[0, 1, 1, 0]",1,1,1,,0.5,4
634,9655642a-8861-11f1-ae0f-b48c9db4e1b4,18,"[0, 1, 1, 0]",2,1,1,,0.5,4
635,9655642a-8861-11f1-ae0f-b48c9db4e1b4,18,"[0, 1, 1, 0]",3,0,0,,0.5,4
636,9655642a-8861-11f1-ae0f-b48c9db4e1b4,19,"[0, 0, 1, 1]",0,0,0,,0.5,4
637,9655642a-8861-11f1-ae0f-b48c9db4e1b4,19,"[0, 0, 1, 1]",1,0,0,,0.5,4
638,9655642a-8861-11f1-ae0f-b48c9db4e1b4,19,"[0, 0, 1, 1]",2,1,1,,0.5,4
639,9655642a-8861-11f1-ae0f-b48c9db4e1b4,19,"[0, 0, 1, 1]",3,1,1,,0.5,4
640,965ac709-8861-11f1-8f9c-b48c9db4e1b4,0,"[1, 0, 0, 0]",0,1,1,,0.5,4
641,965ac709-8861-11f1-8f9c-b48c9db4e1b4,0,"[1, 0, 0, 0]",1,0,0,,0.5,4
642,965ac709-8861-11f1-8f9c-b48c9db4e1b4,0,"[1, 0, 0, 0]",2,0,0,,0.5,4
643,965ac709-8861-11f1-8f9c-b48c9db4e1b4,0,"[1, 0, 0, 0]",3,0,0,,0.5,4
644,965ac709-8861-11f1-8f9c-b48c9db4e1b4,1,"[1, 1, 0, 0]",0,1,1,,0.5,4
645,965ac709-8861-11f1-8f9c-b48c9db4e1b4,1,"[1, 1, 0, 0]",1,1,1,,0.5,4
646,965ac709-8861-11f1-8f9c-b48c9db4e1b4,1,"[1, 1, 0, 0]",2,0,0,,0.5,4
647,965ac709-8861-11f1-8f9c-b48c9db4e1b4,1,"[1, 1, 0, 0]",3,0,0,,0.5,4
648,965ac709-8861-11f1-8f9c-b48c9db4e1b4,2,"[0, 1, 1, 0]",0,0,0,,0.5,4
649,965ac709-8861-11f1-8f9c-b48c9db4e1b4,2,"[0, 1, 1, 0]",1,1,1,,0.5,4
650,965ac709-8861-11f1-8f9c-b48c9db4e1b4,2,"[0, 1, 1, 0]",2,1,1,,0.5,4
651,965ac709-8861-11f1-8f9c-b48c9db4e1b4,2,"[0, 1, 1, 0]",3,0,0,,0.5,4
652,965ac709-8861-11f1-8f9c-b48c9db4e1b4,3,"[0, 0, 1, 1]",0,0,0,,0.5,4
653,965ac709-8861-11f1-8f9c-b48c9db4e1b4,3,"[0, 0, 1, 1]",1,0,0,,0.5,4
654,965ac709-8861-11f1-8f9c-b48c9db4e1b4,3,"[0, 0, 1, 1]",2,1,1,,0.5,4
655,965ac709-8861-11f1-8f9c-b48c9db4e1b4,3,"[0, 0, 1, 1]",3,1,1,,0.5,4
656,965ac709-8861-11f1-8f9c-b48c9db4e1b4,4,"[1, 0, 0, 1]",0,1,1,,0.5,4
657,965ac709-8861-11f1-8f9c-b48c9db4e1b4,4,"[1, 0, 0, 1]",1,0,0,,0.5,4
658,965ac709-8861-11f1-8f9c-b48c9db4e1b4,4,"[1, 0, 0, 1]",2,0,0,,0.5,4
659,965ac709-8861-11f1-8f9c-b48c9db4e1b4,4,"[1, 0, 0, 1]",3,1,1,,0.5,4
660,965ac709-8861-11f1-8f9c-b48c9db4e1b4,5,"[1, 1, 0, 0]",0,1,1,,0.5,4
661,965ac709-8861-11f1-8f9c-b48c9db4e1b4,5,"[1, 1, 0, 0]",1,1,1,,0.5,4
662,965ac709-8861-11f1-8f9c-b48c9db4e1b4,5,"[1, 1, 0, 0]",2,0,0,,0.5,4
663,965ac709-8861-11f1-8f9c-b48c9db4e1b4,5,"[1, 1, 0, 0]",3,0,0,,0.5,4
664,965ac709-8861-11f1-8f9c-b48c9db4e1b4,6,"[0, 1, 1, 0]",0,0,0,,0.5,4
665,965ac709-8861-11f1-8f9c-b48c9db4e1b4,6,"[0, 1, 1, 0]",1,1,1,,0.5,4
666,965ac709-8861-11f1-8f9c-b48c9db4e1b4,6,"[0, 1, 1, 0]",2,1,1,,0.5,4
667,965ac709-8861-11f1-8f9c-b48c9db4e1b4,6,"[0, 1, 1, 0]",3,0,0,,0.5,4
668,965ac709-8861-11f1-8f9c-b48c9db4e1b4,7,"[0, 0, 1, 1]",0,0,0,,0.5,4
669,965ac709-8861-11f1-8f9c-b48c9db4e1b4,7,"[0, 0, 1, 1]",1,0,0,,0.5,4
670,965ac709-8861-11f1-8f9c-b48c9db4e1b4,7,"[0, 0, 1, 1]",2,1,1,,0.5,4
671,965ac709-8861-11f1-8f9c-b48c9db4e1b4,7,"[0, 0, 1, 1]",3,1,1,,0.5,4
672,965ac709-8861-11f1-8f9c-b48c9db4e1b4,8,"[1, 0, 0, 1]",0,1,1,,0.5,4
673,965ac709-8861-11f1-8f9c-b48c9db4e1b4,8,"[1, 0, 0, 1]",1,0,0,,0.5,4
674,965ac709-8861-11f1-8f9c-b48c9db4e1b4,8,"[1, 0, 0, 1]",2,0,0,,0.5,4
675,965ac709-8861-11f1-8f9c-b48c9db4e1b4,8,"[1, 0, 0, 1]",3,1,1,,0.5,4
676,965ac709-8861-11f1-8f9c-b48c9db4e1b4,9,"[1, 1, 0, 0]",0,1,1,,0.5,4
677,965ac709-8861-11f1-8f9c-b48c9db4e1b4,9,"[1, 1, 0, 0]",1,1,1,,0.5,4
678,965ac709-8861-11f1-8f9c-b48c9db4e1b4,9,"[1, 1, 0, 0]",2,0,0,,0.5,4
679,965ac709-8861-11f1-8f9c-b48c9db4e1b4,9,"[1, 1, 0, 0]",3,0,0,,0.5,4
680,965ac709-8861-11f1-8f9c-b48c9db4e1b4,10,"[0, 1, 1, 0]",0,0,0,,0.5,4
681,965ac709-8861-11f1-8f9c-b48c9db4e1b4,10,"[0, 1, 1, 0]",1,1,1,,0.5,4
682,965ac709-8861-11f1-8f9c-b48c9db4e1b4,10,"[0, 1, 1, 0]",2,1,1,,0.5,4
683,965ac709-8861-11f1-8f9c-b48c9db4e1b4,10,"[0, 1, 1, 0]",3,0,0,,0.5,4
684,965ac709-8861-11f1-8f9c-b48c9db4e1b4,11,"[0, 0, 1, 1]",0,0,0,,0.5,4
685,965ac709-8861-11f1-8f9c-b48c9db4e1b4,11,"[0, 0, 1, 1]",1,0,0,,0.5,4
686,965ac709-8861-11f1-8f9c-b48c9db4e1b4,11,"[0, 0, 1, 1]",2,1,1,,0.5,4
687,965ac709-8861-11f1-8f9c-b48c9db4e1b4,11,"[0, 0, 1, 1]",3,1,1,,0.5,4
688,965ac709-8861-11f1-8f9c-b48c9db4e1b4,12,"[1, 0, 0, 1]",0,1,1,,0.5,4
689,965ac709-8861-11f1-8f9c-b48c9db4e1b4,12,"[1, 0, 0, 1]",1,0,0,,0.5,4
690,965ac709-8861-11f1-8f9c-b48c9db4e1b4,12,"[1, 0, 0, 1]",2,0,0,,0.5,4
691,965ac709-8861-11f1-8f9c-b48c9db4e1b4,12,"[1, 0, 0, 1]",3,1,1,,0.5,4
692,965ac709-8861-11f1-8f9c-b48c9db4e1b4,13,"[1, 1, 0, 0]",0,1,1,,0.5,4
693,965ac709-8861-11f1-8f9c-b48c9db4e1b4,13,"[1, 1, 0, 0]",1,1,1,,0.5,4
694,965ac709-8861-11f1-8f9c-b48c9db4e1b4,13,"[1, 1, 0, 0]",2,0,0,,0.5,4
695,965ac709-8861-11f1-8f9c-b48c9db4e1b4,13,"[1, 1, 0, 0]",3,0,0,,0.5,4
696,965ac709-8861-11f1-8f9c-b48c9db4e1b4,14,"[0, 1, 1, 0]",0,0,0,,0.5,4
697,965ac709-8861-11f1-8f9c-b48c9db4e1b4,14,"[0, 1, 1, 0]",1,1,1,,0.5,4
698,965ac709-8861-11f1-8f9c-b48c9db4e1b4,14,"[0, 1, 1, 0]",2,1,1,,0.5,4
699,965ac709-8861-11f1-8f9c-b48c9db4e1b4,14,"[0, 1, 1, 0]",3,0,0,,0.5,4
700,965ac709-8861-11f1-8f9c-b48c9db4e1b4,15,"[0, 0, 1, 1]",0,0,0,,0.5,4
701,965ac709-8861-11f1-8f9c-b48c9db4e1b4,15,"[0, 0, 1, 1]",1,0,0,,0.5,4
702,965ac709-8861-11f1-8f9c-b48c9db4e1b4,15,"[0, 0, 1, 1]",2,1,1,,0.5,4
703,965ac709-8861-11f1-8f9c-b48c9db4e1b4,15,"[0, 0, 1, 1]",3,1,1,,0.5,4
704,965ac709-8861-11f1-8f9c-b48c9db4e1b4,16,"[1, 0, 0, 1]",0,1,1,,0.5,4
705,965ac709-8861-11f1-8f9c-b48c9db4e1b4,16,"[1, 0, 0, 1]",1,0,0,,0.5,4
706,965ac709-8861-11f1-8f9c-b48c9db4e1b4,16,"[1, 0, 0, 1]",2,0,0,,0.5,4
707,965ac709-8861-11f1-8f9c-b48c9db4e1b4,16,"[1, 0, 0, 1]",3,1,1,,0.5,4
708,965ac709-8861-11f1-8f9c-b48c9db4e1b4,17,"[1, 1, 0, 0]",0,1,1,,0.5,4
709,965ac709-8861-11f1-8f9c-b48c9db4e1b4,17,"[1, 1, 0, 0]",1,1,1,,0.5,4
710,965ac709-8861-11f1-8f9c-b48c9db4e1b4,17,"[1, 1, 0, 0]",2,0,0,,0.5,4
711,965ac709-8861-11f1-8f9c-b48c9db4e1b4,17,"[1, 1, 0, 0]",3,0,0,,0.5,4
712,965ac709-8861-11f1-8f9c-b48c9db4e1b4,18,"[0, 1, 1, 0]",0,0,0,,0.5,4
713,965ac709-8861-11f1-8f9c-b48c9db4e1b4,18,"[0, 1, 1, 0]",1,1,1,,0.5,4
714,965ac709-8861-11f1-8f9c-b48c9db4e1b4,18,"[0, 1, 1, 0]",2,1,1,,0.5,4
715,965ac709-8861-11f1-8f9c-b48c9db4e1b4,18,"[0, 1, 1, 0]",3,0,0,,0.5,4
716,965ac709-8861-11f1-8f9c-b48c9db4e1b4,19,"[0, 0, 1, 1]",0,0,0,,0.5,4
717,965ac709-8861-11f1-8f9c-b48c9db4e1b4,19,"[0, 0, 1, 1]",1,0,0,,0.5,4
718,965ac709-8861-11f1-8f9c-b48c9db4e1b4,19,"[0, 0, 1, 1]",2,1,1,,0.5,4
719,965ac709-8861-11f1-8f9c-b48c9db4e1b4,19,"[0, 0, 1, 1]",3,1,1,,0.5,4
720,965fd294-8861-11f1-8f45-b48c9db4e1b4,0,"[0, 1, 0, 0]",0,0,0,,0.5,4
721,965fd294-8861-11f1-8f45-b48c9db4e1b4,0,"[0, 1, 0, 0]",1,1,1,,0.5,4
722,965fd294-8861-11f1-8f45-b48c9db4e1b4,0,"[0, 1, 0, 0]",2,0,0,,0.5,4
723,965fd294-8861-11f1-8f45-b48c9db4e1b4,0,"[0, 1, 0, 0]",3,0,0,,0.5,4
724,965fd294-8861-11f1-8f45-b48c9db4e1b4,1,"[0, 1, 1, 0]",0,0,0,,0.5,4
725,965fd294-8861-11f1-8f45-b48c9db4e1b4,1,"[0, 1, 1, 0]",1,1,1,,0.5,4
726,965fd294-8861-11f1-8f45-b48c9db4e1b4,1,"[0, 1, 1, 0]",2,1,1,,0.5,4
727,965fd294-8861-11f1-8f45-b48c9db4e1b4,1,"[0, 1, 1, 0]",3,0,0,,0.5,4
728,965fd294-8861-11f1-8f45-b48c9db4e1b4,2,"[0, 0, 1, 0]",0,0,0,,0.5,4
729,965fd294-8861-11f1-8f45-b48c9db4e1b4,2,"[0, 0, 1, 0]",1,0,0,,0.5,4
730,965fd294-8861-11f1-8f45-b48c9db4e1b4,2,"[0, 0, 1, 0]",2,1,1,,0.5,4
731,965fd294-8861-11f1-8f45-b48c9db4e1b4,2,"[0, 0, 1, 0]",3,0,0,,0.5,4
732,965fd294-8861-11f1-8f45-b48c9db4e1b4,3,"[1, 0, 0, 0]",0,1,1,,0.5,4
733,965fd294-8861-11f1-8f45-b48c9db4e1b4,3,"[1, 0, 0, 0]",1,0,0,,0.5,4
734,965fd294-8861-11f1-8f45-b48c9db4e1b4,3,"[1, 0, 0, 0]",2,0,0,,0.5,4
735,965fd294-8861-11f1-8f45-b48c9db4e1b4,3,"[1, 0, 0, 0]",3,0,0,,0.5,4
736,965fd294-8861-11f1-8f45-b48c9db4e1b4,4,"[1, 1, 0, 0]",0,1,1,,0.5,4
737,965fd294-8861-11f1-8f45-b48c9db4e1b4,4,"[1, 1, 0, 0]",1,1,1,,0.5,4
738,965fd294-8861-11f1-8f45-b48c9db4e1b4,4,"[1, 1, 0, 0]",2,0,0,,0.5,4
739,965fd294-8861-11f1-8f45-b48c9db4e1b4,4,"[1, 1, 0, 0]",3,0,0,,0.5,4
740,965fd294-8861-11f1-8f45-b48c9db4e1b4,5,"[0, 1, 1, 0]",0,0,0,,0.5,4
741,965fd294-8861-11f1-8f45-b48c9db4e1b4,5,"[0, 1, 1, 0]",1,1,1,,0.5,4
742,965fd294-8861-11f1-8f45-b48c9db4e1b4,5,"[0, 1, 1, 0]",2,1,1,,0.5,4
743,965fd294-8861-11f1-8f45-b48c9db4e1b4,5,"[0, 1, 1, 0]",3,0,0,,0.5,4
744,965fd294-8861-11f1-8f45-b48c9db4e1b4,6,"[0, 0, 1, 1]",0,0,0,,0.5,4
745,965fd294-8861-11f1-8f45-b48c9db4e1b4,6,"[0, 0, 1, 1]",1,0,0,,0.5,4
746,965fd294-8861-11f1-8f45-b48c9db4e1b4,6,"[0, 0, 1, 1]",2,1,1,,0.5,4
747,965fd294-8861-11f1-8f45-b48c9db4e1b4,6,"[0, 0, 1, 1]",3,1,1,,0.5,4
748,965fd294-8861-11f1-8f45-b48c9db4e1b4,7,"[1, 0, 0, 1]",0,1,1,,0.5,4
749,965fd294-8861-11f1-8f45-b48c9db4e1b4,7,"[1, 0, 0, 1]",1,0,0,,0.5,4
750,965fd294-8861-11f1-8f45-b48c9db4e1b4,7,"[1, 0, 0, 1]",2,0,0,,0.5,4
751,965fd294-8861-11f1-8f45-b48c9db4e1b4,7,"[1, 0, 0, 1]",3,1,1,,0.5,4
752,965fd294-8861-11f1-8f45-b48c9db4e1b4,8,"[1, 1, 0, 0]",0,1,1,,0.5,4
753,965fd294-8861-11f1-8f45-b48c9db4e1b4,8,"[1, 1, 0, 0]",1,1,1,,0.5,4
754,965fd294-8861-11f1-8f45-b48c9db4e1b4,8,"[1, 1, 0, 0]",2,0,0,,0.5,4
755,965fd294-8861-11f1-8f45-b48c9db4e1b4,8,"[1, 1, 0, 0]",3,0,0,,0.5,4
756,965fd294-8861-11f1-8f45-b48c9db4e1b4,9,"[0, 1, 1, 0]",0,0,0,,0.5,4
757,965fd294-8861-11f1-8f45-b48c9db4e1b4,9,"[0, 1, 1, 0]",1,1,1,,0.5,4
758,965fd294-8861-11f1-8f45-b48c9db4e1b4,9,"[0, 1, 1, 0]",2,1,1,,0.5,4
759,965fd294-8861-11f1-8f45-b48c9db4e1b4,9,"[0, 1, 1, 0]",3,0,0,,0.5,4
760,965fd294-8861-11f1-8f45-b48c9db4e1b4,10,"[0, 0, 1, 1]",0,0,0,,0.5,4
761,965fd294-8861-11f1-8f45-b48c9db4e1b4,10,"[0, 0, 1, 1]",1,0,0,,0.5,4
762,965fd294-8861-11f1-8f45-b48c9db4e1b4,10,"[0, 0, 1, 1]",2,1,1,,0.5,4
763,965fd294-8861-11f1-8f45-b48c9db4e1b4,10,"[0, 0, 1, 1]",3,1,1,,0.5,4
764,965fd294-8861-11f1-8f45-b48c9db4e1b4,11,"[1, 0, 0, 1]",0,1,1,,0.5,4
765,965fd294-8861-11f1-8f45-b48c9db4e1b4,11,"[1, 0, 0, 1]",1,0,0,,0.5,4
766,965fd294-8861-11f1-8f45-b48c9db4e1b4,11,"[1, 0, 0, 1]",2,0,0,,0.5,4
767,965fd294-8861-11f1-8f45-b48c9db4e1b4,11,"[1, 0, 0, 1]",3,1,1,,0.5,4
768,965fd294-8861-11f1-8f45-b48c9db4e1b4,12,"[1, 1, 0, 0]",0,1,1,,0.5,4
769,965fd294-8861-11f1-8f45-b48c9db4e1b4,12,"[1, 1, 0, 0]",1,1,1,,0.5,4
770,965fd294-8861-11f1-8f45-b48c9db4e1b4,12,"[1, 1, 0, 0]",2,0,0,,0.5,4
771,965fd294-8861-11f1-8f45-b48c9db4e1b4,12,"[1, 1, 0, 0]",3,0,0,,0.5,4
772,965fd294-8861-11f1-8f45-b48c9db4e1b4,13,"[0, 1, 1, 0]",0,0,0,,0.5,4
773,965fd294-8861-11f1-8f45-b48c9db4e1b4,13,"[0, 1, 1, 0]",1,1,1,,0.5,4
774,965fd294-8861-11f1-8f45-b48c9db4e1b4,13,"[0, 1, 1, 0]",2,1,1,,0.5,4
775,965fd294-8861-11f1-8f45-b48c9db4e1b4,13,"[0, 1, 1, 0]",3,0,0,,0.5,4
776,965fd294-8861-11f1-8f45-b48c9db4e1b4,14,"[0, 0, 1, 1]",0,0,0,,0.5,4
777,965fd294-8861-11f1-8f45-b48c9db4e1b4,14,"[0, 0, 1, 1]",1,0,0,,0.5,4
778,965fd294-8861-11f1-8f45-b48c9db4e1b4,14,"[0, 0, 1, 1]",2,1,1,,0.5,4
779,965fd294-8861-11f1-8f45-b48c9db4e1b4,14,"[0, 0, 1, 1]",3,1,1,,0.5,4
780,965fd294-8861-11f1-8f45-b48c9db4e1b4,15,"[1, 0, 0, 1]",0,1,1,,0.5,4
781,965fd294-8861-11f1-8f45-b48c9db4e1b4,15,"[1, 0, 0, 1]",1,0,0,,0.5,4
782,965fd294-8861-11f1-8f45-b48c9db4e1b4,15,"[1, 0, 0, 1]",2,0,0,,0.5,4
783,965fd294-8861-11f1-8f45-b48c9db4e1b4,15,"[1, 0, 0, 1]",3,1,1,,0.5,4
784,965fd294-8861-11f1-8f45-b48c9db4e1b4,16,"[1, 1, 0, 0]",0,1,1,,0.5,4
785,965fd294-8861-11f1-8f45-b48c9db4e1b4,16,"[1, 1, 0, 0]",1,1,1,,0.5,4
786,965fd294-8861-11f1-8f45-b48c9db4e1b4,16,"[1, 1, 0, 0]",2,0,0,,0.5,4
787,965fd294-8861-11f1-8f45-b48c9db4e1b4,16,"[1, 1, 0, 0]",3,0,0,,0.5,4
788,965fd294-8861-11f1-8f45-b48c9db4e1b4,17,"[0, 1, 1, 0]",0,0,0,,0.5,4
789,965fd294-8861-11f1-8f45-b48c9db4e1b4,17,"[0, 1, 1, 0]",1,1,1,,0.5,4
790,965fd294-8861-11f1-8f45-b48c9db4e1b4,17,"[0, 1, 1, 0]",2,1,1,,0.5,4
791,965fd294-8861-11f1-8f45-b48c9db4e1b4,17,"[0, 1, 1, 0]",3,0,0,,0.5,4
792,965fd294-8861-11f1-8f45-b48c9db4e1b4,18,"[0, 0, 1, 1]",0,0,0,,0.5,4
793,965fd294-8861-11f1-8f45-b48c9db4e1b4,18,"[0, 0, 1, 1]",1,0,0,,0.5,4
794,965fd294-8861-11f1-8f45-b48c9db4e1b4,18,"[0, 0, 1, 1]",2,1,1,,0.5,4
795,965fd294-8861-11f1-8f45-b48c9db4e1b4,18,"[0, 0, 1, 1]",3,1,1,,0.5,4
796,965fd294-8861-11f1-8f45-b48c9db4e1b4,19,"[1, 0, 0, 1]",0,1,1,,0.5,4
797,965fd294-8861-11f1-8f45-b48c9db4e1b4,19,"[1, 0, 0, 1]",1,0,0,,0.5,4
798,965fd294-8861-11f1-8f45-b48c9db4e1b4,19,"[1, 0, 0, 1]",2,0,0,,0.5,4
799,965fd294-8861-11f1-8f45-b48c9db4e1b4,19,"[1, 0, 0, 1]",3,1,1,,0.5,4
800,9664915e-8861-11f1-bf90-b48c9db4e1b4,0,"[1, 1, 0, 1]",0,1,-1,,0.5,4
801,9664915e-8861-11f1-bf90-b48c9db4e1b4,0,"[1, 1, 0, 1]",1,1,-1,,0.5,4
802,9664915e-8861-11f1-bf90-b48c9db4e1b4,0,"[1, 1, 0, 1]",2,0,0,,0.5,4
803,9664915e-8861-11f1-bf90-b48c9db4e1b4,0,"[1, 1, 0, 1]",3,1,-1,,0.5,4
804,9664915e-8861-11f1-bf90-b48c9db4e1b4,1,"[0, 1, 1, 0]",0,0,0,,0.5,4
805,9664915e-8861-11f1-bf90-b48c9db4e1b4,1,"[0, 1, 1, 0]",1,1,1,,0.5,4
806,9664915e-8861-11f1-bf90-b48c9db4e1b4,1,"[0, 1, 1, 0]",2,1,1,,0.5,4
807,9664915e-8861-11f1-bf90-b48c9db4e1b4,1,"[0, 1, 1, 0]",3,0,0,,0.5,4
808,9664915e-8861-11f1-bf90-b48c9db4e1b4,2,"[0, 0, 1, 1]",0,0,0,,0.5,4
809,9664915e-8861-11f1-bf90-b48c9db4e1b4,2,"[0, 0, 1, 1]",1,0,0,,0.5,4
810,9664915e-8861-11f1-bf90-b48c9db4e1b4,2,"[0, 0, 1, 1]",2,1,1,,0.5,4
811,9664915e-8861-11f1-bf90-b48c9db4e1b4,2,"[0, 0, 1, 1]",3,1,1,,0.5,4
812,9664915e-8861-11f1-bf90-b48c9db4e1b4,3,"[1, 0, 0, 1]",0,1,1,,0.5,4
813,9664915e-8861-11f1-bf90-b48c9db4e1b4,3,"[1, 0, 0, 1]",1,0,0,,0.5,4
814,9664915e-8861-11f1-bf90-b48c9db4e1b4,3,"[1, 0, 0, 1]",2,0,0,,0.5,4
815,9664915e-8861-11f1-bf90-b48c9db4e1b4,3,"[1, 0, 0, 1]",3,1,1,,0.5,4
816,9664915e-8861-11f1-bf90-b48c9db4e1b4,4,"[1, 1, 0, 0]",0,1,1,,0.5,4
817,9664915e-8861-11f1-bf90-b48c9db4e1b4,4,"[1, 1, 0, 0]",1,1,1,,0.5,4
818,9664915e-8861-11f1-bf90-b48c9db4e1b4,4,"[1, 1, 0, 0]",2,0,0,,0.5,4
819,9664915e-8861-11f1-bf90-b48c9db4e1b4,4,"[1, 1, 0, 0]",3,0,0,,0.5,4
820,9664915e-8861-11f1-bf90-b48c9db4e1b4,5,"[0, 1, 1, 0]",0,0,0,,0.5,4
821,9664915e-8861-11f1-bf90-b48c9db4e1b4,5,"[0, 1, 1, 0]",1,1,1,,0.5,4
822,9664915e-8861-11f1-bf90-b48c9db4e1b4,5,"[0, 1, 1, 0]",2,1,1,,0.5,4
823,9664915e-8861-11f1-bf90-b48c9db4e1b4,5,"[0, 1, 1, 0]",3,0,0,,0.5,4
824,9664915e-8861-11f1-bf90-b48c9db4e1b4,6,"[0, 0, 1, 1]",0,0,0,,0.5,4
825,9664915e-8861-11f1-bf90-b48c9db4e1b4,6,"[0, 0, 1, 1]",1,0,0,,0.5,4
826,9664915e-8861-11f1-bf90-b48c9db4e1b4,6,"[0, 0, 1, 1]",2,1,1,,0.5,4
827,9664915e-8861-11f1-bf90-b48c9db4e1b4,6,"[0, 0, 1, 1]",3,1,1,,0.5,4
828,9664915e-8861-11f1-bf90-b48c9db4e1b4,7,"[1, 0, 0, 1]",0,1,1,,0.5,4
829,9664915e-8861-11f1-bf90-b48c9db4e1b4,7,"[1, 0, 0, 1]",1,0,0,,0.5,4
830,9664915e-8861-11f1-bf90-b48c9db4e1b4,7,"[1, 0, 0, 1]",2,0,0,,0.5,4
831,9664915e-8861-11f1-bf90-b48c9db4e1b4,7,"[1, 0, 0, 1]",3,1,1,,0.5,4
832,9664915e-8861-11f1-bf90-b48c9db4e1b4,8,"[1, 1, 0, 0]",0,1,1,,0.5,4
833,9664915e-8861-11f1-bf90-b48c9db4e1b4,8,"[1, 1, 0, 0]",1,1,1,,0.5,4
834,9664915e-8861-11f1-bf90-b48c9db4e1b4,8,"[1, 1, 0, 0]",2,0,0,,0.5,4
835,9664915e-8861-11f1-bf90-b48c9db4e1b4,8,"[1, 1, 0, 0]",3,0,0,,0.5,4
836,9664915e-8861-11f1-bf90-b48c9db4e1b4,9,"[0, 1, 1, 0]",0,0,0,,0.5,4
837,9664915e-8861-11f1-bf90-b48c9db4e1b4,9,"[0, 1, 1, 0]",1,1,1,,0.5,4
838,9664915e-8861-11f1-bf90-b48c9db4e1b4,9,"[0, 1, 1, 0]",2,1,1,,0.5,4
839,9664915e-8861-11f1-bf90-b48c9db4e1b4,9,"[0, 1, 1, 0]",3,0,0,,0.5,4
840,9664915e-8861-11f1-bf90-b48c9db4e1b4,10,"[0, 0, 1, 1]",0,0,0,,0.5,4
841,9664915e-8861-11f1-bf90-b48c9db4e1b4,10,"[0, 0, 1, 1]",1,0,0,,0.5,4
842,9664915e-8861-11f1-bf90-b48c9db4e1b4,10,"[0, 0, 1, 1]",2,1,1,,0.5,4
843,9664915e-8861-11f1-bf90-b48c9db4e1b4,10,"[0, 0, 1, 1]",3,1,1,,0.5,4
844,9664915e-8861-11f1-bf90-b48c9db4e1b4,11,"[1, 0, 0, 1]",0,1,1,,0.5,4
845,9664915e-8861-11f1-bf90-b48c9db4e1b4,11,"[1, 0, 0, 1]",1,0,0,,0.5,4
846,9664915e-8861-11f1-bf90-b48c9db4e1b4,11,"[1, 0, 0, 1]",2,0,0,,0.5,4
847,9664915e-8861-11f1-bf90-b48c9db4e1b4,11,"[1, 0, 0, 1]",3,1,1,,0.5,4
848,9664915e-8861-11f1-bf90-b48c9db4e1b4,12,"[1, 1, 0, 0]",0,1,1,,0.5,4
849,9664915e-8861-11f1-bf90-b48c9db4e1b4,12,"[1, 1, 0, 0]",1,1,1,,0.5,4
850,9664915e-8861-11f1-bf90-b48c9db4e1b4,12,"[1, 1, 0, 0]",2,0,0,,0.5,4
851,9664915e-8861-11f1-bf90-b48c9db4e1b4,12,"[1, 1, 0, 0]",3,0,0,,0.5,4
852,9664915e-8861-11f1-bf90-b48c9db4e1b4,13,"[0, 1, 1, 0]",0,0,0,,0.5,4
853,9664915e-8861-11f1-bf90-b48c9db4e1b4,13,"[0, 1, 1, 0]",1,1,1,,0.5,4
854,9664915e-8861-11f1-bf90-b48c9db4e1b4,13,"[0, 1, 1, 0]",2,1,1,,0.5,4
855,9664915e-8861-11f1-bf90-b48c9db4e1b4,13,"[0, 1, 1, 0]",3,0,0,,0.5,4
856,9664915e-8861-11f1-bf90-b48c9db4e1b4,14,"[0, 0, 1, 1]",0,0,0,,0.5,4
857,9664915e-8861-11f1-bf90-b48c9db4e1b4,14,"[0, 0, 1, 1]",1,0,0,,0.5,4
858,9664915e-8861-11f1-bf90-b48c9db4e1b4,14,"[0, 0, 1, 1]",2,1,1,,0.5,4
859,9664915e-8861-11f1-bf90-b48c9db4e1b4,14,"[0, 0, 1, 1]",3,1,1,,0.5,4
860,9664915e-8861-11f1-bf90-b48c9db4e1b4,15,"[1, 0, 0, 1]",0,1,1,,0.5,4
861,9664915e-8861-11f1-bf90-b48c9db4e1b4,15,"[1, 0, 0, 1]",1,0,0,,0.5,4
862,9664915e-8861-11f1-bf90-b48c9db4e1b4,15,"[1, 0, 0, 1]",2,0,0,,0.5,4
863,9664915e-8861-11f1-bf90-b48c9db4e1b4,15,"[1, 0, 0, 1]",3,1,1,,0.5,4
864,9664915e-8861-11f1-bf90-b48c9db4e1b4,16,"[1, 1, 0, 0]",0,1,1,,0.5,4
865,9664915e-8861-11f1-bf90-b48c9db4e1b4,16,"[1, 1, 0, 0]",1,1,1,,0.5,4
866,9664915e-8861-11f1-bf90-b48c9db4e1b4,16,"[1, 1, 0, 0]",2,0,0,,0.5,4
867,9664915e-8861-11f1-bf90-b48c9db4e1b4,16,"[1, 1, 0, 0]",3,0,0,,0.5,4
868,9664915e-8861-11f1-bf90-b48c9db4e1b4,17,"[0, 1, 1, 0]",0,0,0,,0.5,4
869,9664915e-8861-11f1-bf90-b48c9db4e1b4,17,"[0, 1, 1, 0]",1,1,1,,0.5,4
870,9664915e-8861-11f1-bf90-b48c9db4e1b4,17,"[0, 1, 1, 0]",2,1,1,,0.5,4
871,9664915e-8861-11f1-bf90-b48c9db4e1b4,17,"[0, 1, 1, 0]",3,0,0,,0.5,4
872,9664915e-8861-11f1-bf90-b48c9db4e1b4,18,"[0, 0, 1, 1]",0,0,0,,0.5,4
873,9664915e-8861-11f1-bf90-b48c9db4e1b4,18,"[0, 0, 1, 1]",1,0,0,,0.5,4
874,9664915e-8861-11f1-bf90-b48c9db4e1b4,18,"[0, 0, 1, 1]",2,1,1,,0.5,4
875,9664915e-8861-11f1-bf90-b48c9db4e1b4,18,"[0, 0, 1, 1]",3,1,1,,0.5,4
876,9664915e-8861-11f1-bf90-b48c9db4e1b4,19,"[1, 0, 0, 1]",0,1,1,,0.5,4
877,9664915e-8861-11f1-bf90-b48c9db4e1b4,19,"[1, 0, 0, 1]",1,0,0,,0.5,4
878,9664915e-8861-11f1-bf90-b48c9db4e1b4,19,"[1, 0, 0, 1]",2,0,0,,0.5,4
879,9664915e-8861-11f1-bf90-b48c9db4e1b4,19,"[1, 0, 0, 1]",3,1,1,,0.5,4
880,966996f5-8861-11f1-a347-b48c9db4e1b4,0,"[1, 0, 1, 0]",0,1,1,,0.5,4
881,966996f5-8861-11f1-a347-b48c9db4e1b4,0,"[1, 0, 1, 0]",1,0,0,,0.5,4
882,966996f5-8861-11f1-a347-b48c9db4e1b4,0,"[1, 0, 1, 0]",2,1,1,,0.5,4
883,966996f5-8861-11f1-a347-b48c9db4e1b4,0,"[1, 0, 1, 0]",3,0,0,,0.5,4
884,966996f5-8861-11f1-a347-b48c9db4e1b4,1,"[0, 1, 1, 0]",0,0,0,,0.5,4
885,966996f5-8861-11f1-a347-b48c9db4e1b4,1,"[0, 1, 1, 0]",1,1,1,,0.5,4
886,966996f5-8861-11f1-a347-b48c9db4e1b4,1,"[0, 1, 1, 0]",2,1,1,,0.5,4
887,966996f5-8861-11f1-a347-b48c9db4e1b4,1,"[0, 1, 1, 0]",3,0,0,,0.5,4
888,966996f5-8861-11f1-a347-b48c9db4e1b4,2,"[0, 0, 1, 1]",0,0,0,,0.5,4
889,966996f5-8861-11f1-a347-b48c9db4e1b4,2,"[0, 0, 1, 1]",1,0,0,,0.5,4
890,966996f5-8861-11f1-a347-b48c9db4e1b4,2,"[0, 0, 1, 1]",2,1,1,,0.5,4
891,966996f5-8861-11f1-a347-b48c9db4e1b4,2,"[0, 0, 1, 1]",3,1,1,,0.5,4
892,966996f5-8861-11f1-a347-b48c9db4e1b4,3,"[1, 0, 0, 1]",0,1,1,,0.5,4
893,966996f5-8861-11f1-a347-b48c9db4e1b4,3,"[1, 0, 0, 1]",1,0,0,,0.5,4
894,966996f5-8861-11f1-a347-b48c9db4e1b4,3,"[1, 0, 0, 1]",2,0,0,,0.5,4
895,966996f5-8861-11f1-a347-b48c9db4e1b4,3,"[1, 0, 0, 1]",3,1,1,,0.5,4
896,966996f5-8861-11f1-a347-b48c9db4e1b4,4,"[1, 1, 0, 0]",0,1,1,,0.5,4
897,966996f5-8861-11f1-a347-b48c9db4e1b4,4,"[1, 1, 0, 0]",1,1,1,,0.5,4
898,966996f5-8861-11f1-a347-b48c9db4e1b4,4,"[1, 1, 0, 0]",2,0,0,,0.5,4
899,966996f5-8861-11f1-a347-b48c9db4e1b4,4,"[1, 1, 0, 0]",3,0,0,,0.5,4
900,966996f5-8861-11f1-a347-b48c9db4e1b4,5,"[0, 1, 1, 0]",0,0,0,,0.5,4
901,966996f5-8861-11f1-a347-b48c9db4e1b4,5,"[0, 1, 1, 0]",1,1,1,,0.5,4
902,966996f5-8861-11f1-a347-b48c9db4e1b4,5,"[0, 1, 1, 0]",2,1,1,,0.5,4
903,966996f5-8861-11f1-a347-b48c9db4e1b4,5,"[0, 1, 1, 0]",3,0,0,,0.5,4
904,966996f5-8861-11f1-a347-b48c9db4e1b4,6,"[0, 0, 1, 1]",0,0,0,,0.5,4
905,966996f5-8861-11f1-a347-b48c9db4e1b4,6,"[0, 0, 1, 1]",1,0,0,,0.5,4
906,966996f5-8861-11f1-a347-b48c9db4e1b4,6,"[0, 0, 1, 1]",2,1,1,,0.5,4
907,966996f5-8861-11f1-a347-b48c9db4e1b4,6,"[0, 0, 1, 1]",3,1,1,,0.5,4
908,966996f5-8861-11f1-a347-b48c9db4e1b4,7,"[1, 0, 0, 1]",0,1,1,,0.5,4
909,966996f5-8861-11f1-a347-b48c9db4e1b4,7,"[1, 0, 0, 1]",1,0,0,,0.5,4
910,966996f5-8861-11f1-a347-b48c9db4e1b4,7,"[1, 0, 0, 1]",2,0,0,,0.5,4
911,966996f5-8861-11f1-a347-b48c9db4e1b4,7,"[1, 0, 0, 1]",3,1,1,,0.5,4
912,966996f5-8861-11f1-a347-b48c9db4e1b4,8,"[1, 1, 0, 0]",0,1,1,,0.5,4
913,966996f5-8861-11f1-a347-b48c9db4e1b4,8,"[1, 1, 0, 0]",1,1,1,,0.5,4
914,966996f5-8861-11f1-a347-b48c9db4e1b4,8,"[1, 1, 0, 0]",2,0,0,,0.5,4
915,966996f5-8861-11f1-a347-b48c9db4e1b4,8,"[1, 1, 0, 0]",3,0,0,,0.5,4
916,966996f5-8861-11f1-a347-b48c9db4e1b4,9,"[0, 1, 1, 0]",0,0,0,,0.5,4
917,966996f5-8861-11f1-a347-b48c9db4e1b4,9,"[0, 1, 1, 0]",1,1,1,,0.5,4
918,966996f5-8861-11f1-a347-b48c9db4e1b4,9,"[0, 1, 1, 0]",2,1,1,,0.5,4
919,966996f5-8861-11f1-a347-b48c9db4e1b4,9,"[0, 1, 1, 0]",3,0,0,,0.5,4
920,966996f5-8861-11f1-a347-b48c9db4e1b4,10,"[0, 0, 1, 1]",0,0,0,,0.5,4
921,966996f5-8861-11f1-a347-b48c9db4e1b4,10,"[0, 0, 1, 1]",1,0,0,,0.5,4
922,966996f5-8861-11f1-a347-b48c9db4e1b4,10,"[0, 0, 1, 1]",2,1,1,,0.5,4
923,966996f5-8861-11f1-a347-b48c9db4e1b4,10,"[0, 0, 1, 1]",3,1,1,,0.5,4
924,966996f5-8861-11f1-a347-b48c9db4e1b4,11,"[1, 0, 0, 1]",0,1,1,,0.5,4
925,966996f5-8861-11f1-a347-b48c9db4e1b4,11,"[1, 0, 0, 1]",1,0,0,,0.5,4
926,966996f5-8861-11f1-a347-b48c9db4e1b4,11,"[1, 0, 0, 1]",2,0,0,,0.5,4
927,966996f5-8861-11f1-a347-b48c9db4e1b4,11,"[1, 0, 0, 1]",3,1,1,,0.5,4
928,966996f5-8861-11f1-a347-b48c9db4e1b4,12,"[1, 1, 0, 0]",0,1,1,,0.5,4
929,966996f5-8861-11f1-a347-b48c9db4e1b4,12,"[1, 1, 0, 0]",1,1,1,,0.5,4
930,966996f5-8861-11f1-a347-b48c9db4e1b4,12,"[1, 1, 0, 0]",2,0,0,,0.5,4
931,966996f5-8861-11f1-a347-b48c9db4e1b4,12,"[1, 1, 0, 0]",3,0,0,,0.5,4
932,966996f5-8861-11f1-a347-b48c9db4e1b4,13,"[0, 1, 1, 0]",0,0,0,,0.5,4
933,966996f5-8861-11f1-a347-b48c9db4e1b4,13,"[0, 1, 1, 0]",1,1,1,,0.5,4
934,966996f5-8861-11f1-a347-b48c9db4e1b4,13,"[0, 1, 1, 0]",2,1,1,,0.5,4
935,966996f5-8861-11f1-a347-b48c9db4e1b4,13,"[0, 1, 1, 0]",3,0,0,,0.5,4
936,966996f5-8861-11f1-a347-b48c9db4e1b4,14,"[0, 0, 1, 1]",0,0,0,,0.5,4
937,966996f5-8861-11f1-a347-b48c9db4e1b4,14,"[0, 0, 1, 1]",1,0,0,,0.5,4
938,966996f5-8861-11f1-a347-b48c9db4e1b4,14,"[0, 0, 1, 1]",2,1,1,,0.5,4
939,966996f5-8861-11f1-a347-b48c9db4e1b4,14,"[0, 0, 1, 1]",3,1,1,,0.5,4
940,966996f5-8861-11f1-a347-b48c9db4e1b4,15,"[1, 0, 0, 1]",0,1,1,,0.5,4
941,966996f5-8861-11f1-a347-b48c9db4e1b4,15,"[1, 0, 0, 1]",1,0,0,,0.5,4
942,966996f5-8861-11f1-a347-b48c9db4e1b4,15,"[1, 0, 0, 1]",2,0,0,,0.5,4
943,966996f5-8861-11f1-a347-b48c9db4e1b4,15,"[1, 0, 0, 1]",3,1,1,,0.5,4
944,966996f5-8861-11f1-a347-b48c9db4e1b4,16,"[1, 1, 0, 0]",0,1,1,,0.5,4
945,966996f5-8861-11f1-a347-b48c9db4e1b4,16,"[1, 1, 0, 0]",1,1,1,,0.5,4
946,966996f5-8861-11f1-a347-b48c9db4e1b4,16,"[1, 1, 0, 0]",2,0,0,,0.5,4
947,966996f5-8861-11f1-a347-b48c9db4e1b4,16,"[1, 1, 0, 0]",3,0,0,,0.5,4
948,966996f5-8861-11f1-a347-b48c9db4e1b4,17,"[0, 1, 1, 0]",0,0,0,,0.5,4
949,966996f5-8861-11f1-a347-b48c9db4e1b4,17,"[0, 1, 1, 0]",1,1,1,,0.5,4
950,966996f5-8861-11f1-a347-b48c9db4e1b4,17,"[0, 1, 1, 0]",2,1,1,,0.5,4
951,966996f5-8861-11f1-a347-b48c9db4e1b4,17,"[0, 1, 1, 0]",3,0,0,,0.5,4
952,966996f5-8861-11f1-a347-b48c9db4e1b4,18,"[0, 0, 1, 1]",0,0,0,,0.5,4
953,966996f5-8861-11f1-a347-b48c9db4e1b4,18,"[0, 0, 1, 1]",1,0,0,,0.5,4
954,966996f5-8861-11f1-a347-b48c9db4e1b4,18,"[0, 0, 1, 1]",2,1,1,,0.5,4
955,966996f5-8861-11f1-a347-b48c9db4e1b4,18,"[0, 0, 1, 1]",3,1,1,,0.5,4
956,966996f5-8861-11f1-a347-b48c9db4e1b4,19,"[1, 0, 0, 1]",0,1,1,,0.5,4
957,966996f5-8861-11f1-a347-b48c9db4e1b4,19,"[1, 0, 0, 1]",1,0,0,,0.5,4
958,966996f5-8861-11f1-a347-b48c9db4e1b4,19,"[1, 0, 0, 1]",2,0,0,,0.5,4
959,966996f5-8861-11f1-a347-b48c9db4e1b4,19,"[1, 0, 0, 1]",3,1,1,,0.5,4
960,966e6829-8861-11f1-bdaf-b48c9db4e1b4,0,"[1, 1, 0, 1]",0,1,-1,,0.5,4
961,966e6829-8861-11f1-bdaf-b48c9db4e1b4,0,"[1, 1, 0, 1]",1,1,-1,,0.5,4
962,966e6829-8861-11f1-bdaf-b48c9db4e1b4,0,"[1, 1, 0, 1]",2,0,0,,0.5,4
963,966e6829-8861-11f1-bdaf-b48c9db4e1b4,0,"[1, 1, 0, 1]",3,1,-1,,0.5,4
964,966e6829-8861-11f1-bdaf-b48c9db4e1b4,1,"[0, 1, 1, 0]",0,0,0,,0.5,4
965,966e6829-8861-11f1-bdaf-b48c9db4e1b4,1,"[0, 1, 1, 0]",1,1,1,,0.5,4
966,966e6829-8861-11f1-bdaf-b48c9db4e1b4,1,"[0, 1, 1, 0]",2,1,1,,0.5,4
967,966e6829-8861-11f1-bdaf-b48c9db4e1b4,1,"[0, 1, 1, 0]",3,0,0,,0.5,4
968,966e6829-8861-11f1-bdaf-b48c9db4e1b4,2,"[0, 0, 1, 1]",0,0,0,,0.5,4
969,966e6829-8861-11f1-bdaf-b48c9db4e1b4,2,"[0, 0, 1, 1]",1,0,0,,0.5,4
970,966e6829-8861-11f1-bdaf-b48c9db4e1b4,2,"[0, 0, 1, 1]",2,1,1,,0.5,4
971,966e6829-8861-11f1-bdaf-b48c9db4e1b4,2,"[0, 0, 1, 1]",3,1,1,,0.5,4
972,966e6829-8861-11f1-bdaf-b48c9db4e1b4,3,"[1, 0, 0, 1]",0,1,1,,0.5,4
973,966e6829-8861-11f1-bdaf-b48c9db4e1b4,3,"[1, 0, 0, 1]",1,0,0,,0.5,4
974,966e6829-8861-11f1-bdaf-b48c9db4e1b4,3,"[1, 0, 0, 1]",2,0,0,,0.5,4
975,966e6829-8861-11f1-bdaf-b48c9db4e1b4,3,"[1, 0, 0, 1]",3,1,1,,0.5,4
976,966e6829-8861-11f1-bdaf-b48c9db4e1b4,4,"[1, 1, 0, 0]",0,1,1,,0.5,4
977,966e6829-8861-11f1-bdaf-b48c9db4e1b4,4,"[1, 1, 0, 0]",1,1,1,,0.5,4
978,966e6829-8861-11f1-bdaf-b48c9db4e1b4,4,"[1, 1, 0, 0]",2,0,0,,0.5,4
979,966e6829-8861-11f1-bdaf-b48c9db4e1b4,4,"[1, 1, 0, 0]",3,0,0,,0.5,4
980,966e6829-8861-11f1-bdaf-b48c9db4e1b4,5,"[0, 1, 1, 0]",0,0,0,,0.5,4
981,966e6829-8861-11f1-bdaf-b48c9db4e1b4,5,"[0, 1, 1, 0]",1,1,1,,0.5,4
982,966e6829-8861-11f1-bdaf-b48c9db4e1b4,5,"[0, 1, 1, 0]",2,1,1,,0.5,4
983,966e6829-8861-11f1-bdaf-b48c9db4e1b4,5,"[0, 1, 1, 0]",3,0,0,,0.5,4
984,966e6829-8861-11f1-bdaf-b48c9db4e1b4,6,"[0, 0, 1, 1]",0,0,0,,0.5,4
985,966e6829-8861-11f1-bdaf-b48c9db4e1b4,6,"[0, 0, 1, 1]",1,0,0,,0.5,4
986,966e6829-8861-11f1-bdaf-b48c9db4e1b4,6,"[0, 0, 1, 1]",2,1,1,,0.5,4
987,966e6829-8861-11f1-bdaf-b48c9db4e1b4,6,"[0, 0, 1, 1]",3,1,1,,0.5,4
988,966e6829-8861-11f1-bdaf-b48c9db4e1b4,7,"[1, 0, 0, 1]",0,1,1,,0.5,4
989,966e6829-8861-11f1-bdaf-b48c9db4e1b4,7,"[1, 0, 0, 1]",1,0,0,,0.5,4
990,966e6829-8861-11f1-bdaf-b48c9db4e1b4,7,"[1, 0, 0, 1]",2,0,0,,0.5,4
991,966e6829-8861-11f1-bdaf-b48c9db4e1b4,7,"[1, 0, 0, 1]",3,1,1,,0.5,4
992,966e6829-8861-11f1-bdaf-b48c9db4e1b4,8,"[1, 1, 0, 0]",0,1,1,,0.5,4
993,966e6829-8861-11f1-bdaf-b48c9db4e1b4,8,"[1, 1, 0, 0]",1,1,1,,0.5,4
994,966e6829-8861-11f1-bdaf-b48c9db4e1b4,8,"[1, 1, 0, 0]",2,0,0,,0.5,4
995,966e6829-8861-11f1-bdaf-b48c9db4e1b4,8,"[1, 1, 0, 0]",3,0,0,,0.5,4
996,966e6829-8861-11f1-bdaf-b48c9db4e1b4,9,"[0, 1, 1, 0]",0,0,0,,0.5,4
997,966e6829-8861-11f1-bdaf-b48c9db4e1b4,9,"[0, 1, 1, 0]",1,1,1,,0.5,4
998,966e6829-8861-11f1-bdaf-b48c9db4e1b4,9,"[0, 1, 1, 0]",2,1,1,,0.5,4
999,966e6829-8861-11f1-bdaf-b48c9db4e1b4,9,"[0, 1, 1, 0]",3,0,0,,0.5,4
1000,966e6829-8861-11f1-bdaf-b48c9db4e1b4,10,"[0, 0, 1, 1]",0,0,0,,0.5,4
1001,966e6829-8861-11f1-bdaf-b48c9db4e1b4,10,"[0, 0, 1, 1]",1,0,0,,0.5,4
1002,966e6829-8861-11f1-bdaf-b48c9db4e1b4,10,"[0, 0, 1, 1]",2,1,1,,0.5,4
1003,966e6829-8861-11f1-bdaf-b48c9db4e1b4,10,"[0, 0, 1, 1]",3,1,1,,0.5,4
1004,966e6829-8861-11f1-bdaf-b48c9db4e1b4,11,"[1, 0, 0, 1]",0,1,1,,0.5,4
1005,966e6829-8861-11f1-bdaf-b48c9db4e1b4,11,"[1, 0, 0, 1]",1,0,0,,0.5,4
1006,966e6829-8861-11f1-bdaf-b48c9db4e1b4,11,"[1, 0, 0, 1]",2,0,0,,0.5,4
1007,966e6829-8861-11f1-bdaf-b48c9db4e1b4,11,"[1, 0, 0, 1]",3,1,1,,0.5,4
1008,966e6829-8861-11f1-bdaf-b48c9db4e1b4,12,"[1, 1, 0, 0]",0,1,1,,0.5,4
1009,966e6829-8861-11f1-bdaf-b48c9db4e1b4,12,"[1, 1, 0, 0]",1,1,1,,0.5,4
1010,966e6829-8861-11f1-bdaf-b48c9db4e1b4,12,"[1, 1, 0, 0]",2,0,0,,0.5,4
1011,966e6829-8861-11f1-bdaf-b48c9db4e1b4,12,"[1, 1, 0, 0]",3,0,0,,0.5,4
1012,966e6829-8861-11f1-bdaf-b48c9db4e1b4,13,"[0, 1, 1, 0]",0,0,0,,0.5,4
1013,966e6829-8861-11f1-bdaf-b48c9db4e1b4,13,"[0, 1, 1, 0]",1,1,1,,0.5,4
1014,966e6829-8861-11f1-bdaf-b48c9db4e1b4,13,"[0, 1, 1, 0]",2,1,1,,0.5,4
1015,966e6829-8861-11f1-bdaf-b48c9db4e1b4,13,"[0, 1, 1, 0]",3,0,0,,0.5,4
1016,966e6829-8861-11f1-bdaf-b48c9db4e1b4,14,"[0, 0, 1, 1]",0,0,0,,0.5,4
1017,966e6829-8861-11f1-bdaf-b48c9db4e1b4,14,"[0, 0, 1, 1]",1,0,0,,0.5,4
1018,966e6829-8861-11f1-bdaf-b48c9db4e1b4,14,"[0, 0, 1, 1]",2,1,1,,0.5,4
1019,966e6829-8861-11f1-bdaf-b48c9db4e1b4,14,"[0, 0, 1, 1]",3,1,1,,0.5,4
1020,966e6829-8861-11f1-bdaf-b48c9db4e1b4,15,"[1, 0, 0, 1]",0,1,1,,0.5,4
1021,966e6829-8861-11f1-bdaf-b48c9db4e1b4,15,"[1, 0, 0, 1]",1,0,0,,0.5,4
1022,966e6829-8861-11f1-bdaf-b48c9db4e1b4,15,"[1, 0, 0, 1]",2,0,0,,0.5,4
1023,966e6829-8861-11f1-bdaf-b48c9db4e1b4,15,"[1, 0, 0, 1]",3,1,1,,0.5,4
1024,966e6829-8861-11f1-bdaf-b48c9db4e1b4,16,"[1, 1, 0, 0]",0,1,1,,0.5,4
1025,966e6829-8861-11f1-bdaf-b48c9db4e1b4,16,"[1, 1, 0, 0]",1,1,1,,0.5,4
1026,966e6829-8861-11f1-bdaf-b48c9db4e1b4,16,"[1, 1, 0, 0]",2,0,0,,0.5,4
1027,966e6829-8861-11f1-bdaf-b48c9db4e1b4,16,"[1, 1, 0, 0]",3,0,0,,0.5,4
1028,966e6829-8861-11f1-bdaf-b48c9db4e1b4,17,"[0, 1, 1, 0]",0,0,0,,0.5,4
1029,966e6829-8861-11f1-bdaf-b48c9db4e1b4,17,"[0, 1, 1, 0]",1,1,1,,0.5,4
1030,966e6829-8861-11f1-bdaf-b48c9db4e1b4,17,"[0, 1, 1, 0]",2,1,1,,0.5,4
1031,966e6829-8861-11f1-bdaf-b48c9db4e1b4,17,"[0, 1, 1, 0]",3,0,0,,0.5,4
1032,966e6829-8861-11f1-bdaf-b48c9db4e1b4,18,"[0, 0, 1, 1]",0,0,0,,0.5,4
1033,966e6829-8861-11f1-bdaf-b48c9db4e1b4,18,"[0, 0, 1, 1]",1,0,0,,0.5,4
1034,966e6829-8861-11f1-bdaf-b48c9db4e1b4,18,"[0, 0, 1, 1]",2,1,1,,0.5,4
1035,966e6829-8861-11f1-bdaf-b48c9db4e1b4,18,"[0, 0, 1, 1]",3,1,1,,0.5,4
1036,966e6829-8861-11f1-bdaf-b48c9db4e1b4,19,"[1, 0, 0, 1]",0,1,1,,0.5,4
1037,966e6829-8861-11f1-bdaf-b48c9db4e1b4,19,"[1, 0, 0, 1]",1,0,0,,0.5,4
1038,966e6829-8861-11f1-bdaf-b48c9db4e1b4,19,"[1, 0, 0, 1]",2,0,0,,0.5,4
1039,966e6829-8861-11f1-bdaf-b48c9db4e1b4,19,"[1, 0, 0, 1]",3,1,1,,0.5,4
1040,9673a26f-8861-11f1-944a-b48c9db4e1b4,0,"[0, 1, 0, 0]",0,0,0,,0.5,4
1041,9673a26f-8861-11f1-944a-b48c9db4e1b4,0,"[0, 1, 0, 0]",1,1,1,,0.5,4
1042,9673a26f-8861-11f1-944a-b48c9db4e1b4,0,"[0, 1, 0, 0]",2,0,0,,0.5,4
1043,9673a26f-8861-11f1-944a-b48c9db4e1b4,0,"[0, 1, 0, 0]",3,0,0,,0.5,4
1044,9673a26f-8861-11f1-944a-b48c9db4e1b4,1,"[0, 1, 1, 0]",0,0,0,,0.5,4
1045,9673a26f-8861-11f1-944a-b48c9db4e1b4,1,"[0, 1, 1, 0]",1,1,1,,0.5,4
1046,9673a26f-8861-11f1-944a-b48c9db4e1b4,1,"[0, 1, 1, 0]",2,1,1,,0.5,4
1047,9673a26f-8861-11f1-944a-b48c9db4e1b4,1,"[0, 1, 1, 0]",3,0,0,,0.5,4
1048,9673a26f-8861-11f1-944a-b48c9db4e1b4,2,"[0, 1, 1, 0]",0,0,0,,0.5,4
1049,9673a26f-8861-11f1-944a-b48c9db4e1b4,2,"[0, 1, 1, 0]",1,1,1,,0.5,4
1050,9673a26f-8861-11f1-944a-b48c9db4e1b4,2,"[0, 1, 1, 0]",2,1,1,,0.5,4
1051,9673a26f-8861-11f1-944a-b48c9db4e1b4,2,"[0, 1, 1, 0]",3,0,0,,0.5,4
1052,9673a26f-8861-11f1-944a-b48c9db4e1b4,3,"[0, 1, 1, 0]",0,0,0,,0.5,4
1053,9673a26f-8861-11f1-944a-b48c9db4e1b4,3,"[0, 1, 1, 0]",1,1,1,,0.5,4
1054,9673a26f-8861-11f1-944a-b48c9db4e1b4,3,"[0, 1, 1, 0]",2,1,1,,0.5,4
1055,9673a26f-8861-11f1-944a-b48c9db4e1b4,3,"[0, 1, 1, 0]",3,0,0,,0.5,4
1056,9673a26f-8861-11f1-944a-b48c9db4e1b4,4,"[0, 1, 1, 0]",0,0,0,,0.5,4
1057,9673a26f-8861-11f1-944a-b48c9db4e1b4,4,"[0, 1, 1, 0]",1,1,1,,0.5,4
1058,9673a26f-8861-11f1-944a-b48c9db4e1b4,4,"[0, 1, 1, 0]",2,1,1,,0.5,4
1059,9673a26f-8861-11f1-944a-b48c9db4e1b4,4,"[0, 1, 1, 0]",3,0,0,,0.5,4
1060,9673a26f-8861-11f1-944a-b48c9db4e1b4,5,"[0, 1, 1, 0]",0,0,0,,0.5,4
1061,9673a26f-8861-11f1-944a-b48c9db4e1b4,5,"[0, 1, 1, 0]",1,1,1,,0.5,4
1062,9673a26f-8861-11f1-944a-b48c9db4e1b4,5,"[0, 1, 1, 0]",2,1,1,,0.5,4
1063,9673a26f-8861-11f1-944a-b48c9db4e1b4,5,"[0, 1, 1, 0]",3,0,0,,0.5,4
1064,9673a26f-8861-11f1-944a-b48c9db4e1b4,6,"[0, 1, 1, 0]",0,0,0,,0.5,4
1065,9673a26f-8861-11f1-944a-b48c9db4e1b4,6,"[0, 1, 1, 0]",1,1,1,,0.5,4
1066,9673a26f-8861-11f1-944a-b48c9db4e1b4,6,"[0, 1, 1, 0]",2,1,1,,0.5,4
1067,9673a26f-8861-11f1-944a-b48c9db4e1b4,6,"[0, 1, 1, 0]",3,0,0,,0.5,4
1068,9673a26f-8861-11f1-944a-b48c9db4e1b4,7,"[0, 1, 1, 0]",0,0,0,,0.5,4
1069,9673a26f-8861-11f1-944a-b48c9db4e1b4,7,"[0, 1, 1, 0]",1,1,1,,0.5,4
1070,9673a26f-8861-11f1-944a-b48c9db4e1b4,7,"[0, 1, 1, 0]",2,1,1,,0.5,4
1071,9673a26f-8861-11f1-944a-b48c9db4e1b4,7,"[0, 1, 1, 0]",3,0,0,,0.5,4
1072,9673a26f-8861-11f1-944a-b48c9db4e1b4,8,"[0, 1, 1, 0]",0,0,0,,0.5,4
1073,9673a26f-8861-11f1-944a-b48c9db4e1b4,8,"[0, 1, 1, 0]",1,1,1,,0.5,4
1074,9673a26f-8861-11f1-944a-b48c9db4e1b4,8,"[0, 1, 1, 0]",2,1,1,,0.5,4
1075,9673a26f-8861-11f1-944a-b48c9db4e1b4,8,"[0, 1, 1, 0]",3,0,0,,0.5,4
1076,9673a26f-8861-11f1-944a-b48c9db4e1b4,9,"[0, 1, 1, 0]",0,0,0,,0.5,4
1077,9673a26f-8861-11f1-944a-b48c9db4e1b4,9,"[0, 1, 1, 0]",1,1,1,,0.5,4
1078,9673a26f-8861-11f1-944a-b48c9db4e1b4,9,"[0, 1, 1, 0]",2,1,1,,0.5,4
1079,9673a26f-8861-11f1-944a-b48c9db4e1b4,9,"[0, 1, 1, 0]",3,0,0,,0.5,4
1080,9673a26f-8861-11f1-944a-b48c9db4e1b4,10,"[0, 1, 1, 0]",0,0,0,,0.5,4
1081,9673a26f-8861-11f1-944a-b48c9db4e1b4,10,"[0, 1, 1, 0]",1,1,1,,0.5,4
1082,9673a26f-8861-11f1-944a-b48c9db4e1b4,10,"[0, 1, 1, 0]",2,1,1,,0.5,4
1083,9673a26f-8861-11f1-944a-b48c9db4e1b4,10,"[0, 1, 1, 0]",3,0,0,,0.5,4
1084,9673a26f-8861-11f1-944a-b48c9db4e1b4,11,"[0, 1, 1, 0]",0,0,0,,0.5,4
1085,9673a26f-8861-11f1-944a-b48c9db4e1b4,11,"[0, 1, 1, 0]",1,1,1,,0.5,4
1086,9673a26f-8861-11f1-944a-b48c9db4e1b4,11,"[0, 1, 1, 0]",2,1,1,,0.5,4
1087,9673a26f-8861-11f1-944a-b48c9db4e1b4,11,"[0, 1, 1, 0]",3,0,0,,0.5,4
1088,9673a26f-8861-11f1-944a-b48c9db4e1b4,12,"[0, 1, 1, 0]",0,0,0,,0.5,4
1089,9673a26f-8861-11f1-944a-b48c9db4e1b4,12,"[0, 1, 1, 0]",1,1,1,,0.5,4
1090,9673a26f-8861-11f1-944a-b48c9db4e1b4,12,"[0, 1, 1, 0]",2,1,1,,0.5,4
1091,9673a26f-8861-11f1-944a-b48c9db4e1b4,12,"[0, 1, 1, 0]",3,0,0,,0.5,4
1092,9673a26f-8861-11f1-944a-b48c9db4e1b4,13,"[0, 1, 1, 0]",0,0,0,,0.5,4
1093,9673a26f-8861-11f1-944a-b48c9db4e1b4,13,"[0, 1, 1, 0]",1,1,1,,0.5,4
1094,9673a26f-8861-11f1-944a-b48c9db4e1b4,13,"[0, 1, 1, 0]",2,1,1,,0.5,4
1095,9673a26f-8861-11f1-944a-b48c9db4e1b4,13,"[0, 1, 1, 0]",3,0,0,,0.5,4
1096,9673a26f-8861-11f1-944a-b48c9db4e1b4,14,"[0, 1, 1, 0]",0,0,0,,0.5,4
1097,9673a26f-8861-11f1-944a-b48c9db4e1b4,14,"[0, 1, 1, 0]",1,1,1,,0.5,4
1098,9673a26f-8861-11f1-944a-b48c9db4e1b4,14,"[0, 1, 1, 0]",2,1,1,,0.5,4
1099,9673a26f-8861-11f1-944a-b48c9db4e1b4,14,"[0, 1, 1, 0]",3,0,0,,0.5,4
1100,9673a26f-8861-11f1-944a-b48c9db4e1b4,15,"[0, 1, 1, 0]",0,0,0,,0.5,4
1101,9673a26f-8861-11f1-944a-b48c9db4e1b4,15,"[0, 1, 1, 0]",1,1,1,,0.5,4
1102,9673a26f-8861-11f1-944a-b48c9db4e1b4,15,"[0, 1, 1, 0]",2,1,1,,0.5,4
1103,9673a26f-8861-11f1-944a-b48c9db4e1b4,15,"[0, 1, 1, 0]",3,0,0,,0.5,4
1104,9673a26f-8861-11f1-944a-b48c9db4e1b4,16,"[0, 1, 1, 0]",0,0,0,,0.5,4
1105,9673a26f-8861-11f1-944a-b48c9db4e1b4,16,"[0, 1, 1, 0]",1,1,1,,0.5,4
1106,9673a26f-8861-11f1-944a-b48c9db4e1b4,16,"[0, 1, 1, 0]",2,1,1,,0.5,4
1107,9673a26f-8861-11f1-944a-b48c9db4e1b4,16,"[0, 1, 1, 0]",3,0,0,,0.5,4
1108,9673a26f-8861-11f1-944a-b48c9db4e1b4,17,"[0, 1, 1, 0]",0,0,0,,0.5,4
1109,9673a26f-8861-11f1-944a-b48c9db4e1b4,17,"[0, 1, 1, 0]",1,1,1,,0.5,4
1110,9673a26f-8861-11f1-944a-b48c9db4e1b4,17,"[0, 1, 1, 0]",2,1,1,,0.5,4
1111,9673a26f-8861-11f1-944a-b48c9db4e1b4,17,"[0, 1, 1, 0]",3,0,0,,0.5,4
1112,9673a26f-8861-11f1-944a-b48c9db4e1b4,18,"[0, 1, 1, 0]",0,0,0,,0.5,4
1113,9673a26f-8861-11f1-944a-b48c9db4e1b4,18,"[0, 1, 1, 0]",1,1,1,,0.5,4
1114,9673a26f-8861-11f1-944a-b48c9db4e1b4,18,"[0, 1, 1, 0]",2,1,1,,0.5,4
1115,9673a26f-8861-11f1-944a-b48c9db4e1b4,18,"[0, 1, 1, 0]",3,0,0,,0.5,4
1116,9673a26f-8861-11f1-944a-b48c9db4e1b4,19,"[0, 1, 1, 0]",0,0,0,,0.5,4
1117,9673a26f-8861-11f1-944a-b48c9db4e1b4,19,"[0, 1, 1, 0]",1,1,1,,0.5,4
1118,9673a26f-8861-11f1-944a-b48c9db4e1b4,19,"[0, 1, 1, 0]",2,1,1,,0.5,4
1119,9673a26f-8861-11f1-944a-b48c9db4e1b4,19,"[0, 1, 1, 0]",3,0,0,,0.5,4
1120,9678a11d-8861-11f1-b492-b48c9db4e1b4,0,"[0, 0, 1, 1]",0,0,0,,0.5,4
1121,9678a11d-8861-11f1-b492-b48c9db4e1b4,0,"[0, 0, 1, 1]",1,0,0,,0.5,4
1122,9678a11d-8861-11f1-b492-b48c9db4e1b4,0,"[0, 0, 1, 1]",2,1,1,,0.5,4
1123,9678a11d-8861-11f1-b492-b48c9db4e1b4,0,"[0, 0, 1, 1]",3,1,1,,0.5,4
1124,9678a11d-8861-11f1-b492-b48c9db4e1b4,1,"[1, 0, 0, 1]",0,1,1,,0.5,4
1125,9678a11d-8861-11f1-b492-b48c9db4e1b4,1,"[1, 0, 0, 1]",1,0,0,,0.5,4
1126,9678a11d-8861-11f1-b492-b48c9db4e1b4,1,"[1, 0, 0, 1]",2,0,0,,0.5,4
1127,9678a11d-8861-11f1-b492-b48c9db4e1b4,1,"[1, 0, 0, 1]",3,1,1,,0.5,4
1128,9678a11d-8861-11f1-b492-b48c9db4e1b4,2,"[1, 1, 0, 0]",0,1,1,,0.5,4
1129,9678a11d-8861-11f1-b492-b48c9db4e1b4,2,"[1, 1, 0, 0]",1,1,1,,0.5,4
1130,9678a11d-8861-11f1-b492-b48c9db4e1b4,2,"[1, 1, 0, 0]",2,0,0,,0.5,4
1131,9678a11d-8861-11f1-b492-b48c9db4e1b4,2,"[1, 1, 0, 0]",3,0,0,,0.5,4
1132,9678a11d-8861-11f1-b492-b48c9db4e1b4,3,"[0, 1, 1, 0]",0,0,0,,0.5,4
1133,9678a11d-8861-11f1-b492-b48c9db4e1b4,3,"[0, 1, 1, 0]",1,1,1,,0.5,4
1134,9678a11d-8861-11f1-b492-b48c9db4e1b4,3,"[0, 1, 1, 0]",2,1,1,,0.5,4
1135,9678a11d-8861-11f1-b492-b48c9db4e1b4,3,"[0, 1, 1, 0]",3,0,0,,0.5,4
1136,9678a11d-8861-11f1-b492-b48c9db4e1b4,4,"[0, 0, 1, 1]",0,0,0,,0.5,4
1137,9678a11d-8861-11f1-b492-b48c9db4e1b4,4,"[0, 0, 1, 1]",1,0,0,,0.5,4
1138,9678a11d-8861-11f1-b492-b48c9db4e1b4,4,"[0, 0, 1, 1]",2,1,1,,0.5,4
1139,9678a11d-8861-11f1-b492-b48c9db4e1b4,4,"[0, 0, 1, 1]",3,1,1,,0.5,4
1140,9678a11d-8861-11f1-b492-b48c9db4e1b4,5,"[1, 0, 0, 1]",0,1,1,,0.5,4
1141,9678a11d-8861-11f1-b492-b48c9db4e1b4,5,"[1, 0, 0, 1]",1,0,0,,0.5,4
1142,9678a11d-8861-11f1-b492-b48c9db4e1b4,5,"[1, 0, 0, 1]",2,0,0,,0.5,4
1143,9678a11d-8861-11f1-b492-b48c9db4e1b4,5,"[1, 0, 0, 1]",3,1,1,,0.5,4
1144,9678a11d-8861-11f1-b492-b48c9db4e1b4,6,"[1, 1, 0, 0]",0,1,1,,0.5,4
1145,9678a11d-8861-11f1-b492-b48c9db4e1b4,6,"[1, 1, 0, 0]",1,1,1,,0.5,4
1146,9678a11d-8861-11f1-b492-b48c9db4e1b4,6,"[1, 1, 0, 0]",2,0,0,,0.5,4
1147,9678a11d-8861-11f1-b492-b48c9db4e1b4,6,"[1, 1, 0, 0]",3,0,0,,0.5,4
1148,9678a11d-8861-11f1-b492-b48c9db4e1b4,7,"[0, 1, 1, 0]",0,0,0,,0.5,4
1149,9678a11d-8861-11f1-b492-b48c9db4e1b4,7,"[0, 1, 1, 0]",1,1,1,,0.5,4
1150,9678a11d-8861-11f1-b492-b48c9db4e1b4,7,"[0, 1, 1, 0]",2,1,1,,0.5,4
1151,9678a11d-8861-11f1-b492-b48c9db4e1b4,7,"[0, 1, 1, 0]",3,0,0,,0.5,4
1152,9678a11d-8861-11f1-b492-b48c9db4e1b4,8,"[0, 0, 1, 1]",0,0,0,,0.5,4
1153,9678a11d-8861-11f1-b492-b48c9db4e1b4,8,"[0, 0, 1, 1]",1,0,0,,0.5,4
1154,9678a11d-8861-11f1-b492-b48c9db4e1b4,8,"[0, 0, 1, 1]",2,1,1,,0.5,4
1155,9678a11d-8861-11f1-b492-b48c9db4e1b4,8,"[0, 0, 1, 1]",3,1,1,,0.5,4
1156,9678a11d-8861-11f1-b492-b48c9db4e1b4,9,"[1, 0, 0, 1]",0,1,1,,0.5,4
1157,9678a11d-8861-11f1-b492-b48c9db4e1b4,9,"[1, 0, 0, 1]",1,0,0,,0.5,4
1158,9678a11d-8861-11f1-b492-b48c9db4e1b4,9,"[1, 0, 0, 1]",2,0,0,,0.5,4
1159,9678a11d-8861-11f1-b492-b48c9db4e1b4,9,"[1, 0, 0, 1]",3,1,1,,0.5,4
1160,9678a11d-8861-11f1-b492-b48c9db4e1b4,10,"[1, 1, 0, 0]",0,1,1,,0.5,4
1161,9678a11d-8861-11f1-b492-b48c9db4e1b4,10,"[1, 1, 0, 0]",1,1,1,,0.5,4
1162,9678a11d-8861-11f1-b492-b48c9db4e1b4,10,"[1, 1, 0, 0]",2,0,0,,0.5,4
1163,9678a11d-8861-11f1-b492-b48c9db4e1b4,10,"[1, 1, 0, 0]",3,0,0,,0.5,4
1164,9678a11d-8861-11f1-b492-b48c9db4e1b4,11,"[0, 1, 1, 0]",0,0,0,,0.5,4
1165,9678a11d-8861-11f1-b492-b48c9db4e1b4,11,"[0, 1, 1, 0]",1,1,1,,0.5,4
1166,9678a11d-8861-11f1-b492-b48c9db4e1b4,11,"[0, 1, 1, 0]",2,1,1,,0.5,4
1167,9678a11d-8861-11f1-b492-b48c9db4e1b4,11,"[0, 1, 1, 0]",3,0,0,,0.5,4
1168,9678a11d-8861-11f1-b492-b48c9db4e1b4,12,"[0, 0, 1, 1]",0,0,0,,0.5,4
1169,9678a11d-8861-11f1-b492-b48c9db4e1b4,12,"[0, 0, 1, 1]",1,0,0,,0.5,4
1170,9678a11d-8861-11f1-b492-b48c9db4e1b4,12,"[0, 0, 1, 1]",2,1,1,,0.5,4
1171,9678a11d-8861-11f1-b492-b48c9db4e1b4,12,"[0, 0, 1, 1]",3,1,1,,0.5,4
1172,9678a11d-8861-11f1-b492-b48c9db4e1b4,13,"[1, 0, 0, 1]",0,1,1,,0.5,4
1173,9678a11d-8861-11f1-b492-b48c9db4e1b4,13,"[1, 0, 0, 1]",1,0,0,,0.5,4
1174,9678a11d-8861-11f1-b492-b48c9db4e1b4,13,"[1, 0, 0, 1]",2,0,0,,0.5,4
1175,9678a11d-8861-11f1-b492-b48c9db4e1b4,13,"[1, 0, 0, 1]",3,1,1,,0.5,4
1176,9678a11d-8861-11f1-b492-b48c9db4e1b4,14,"[1, 1, 0, 0]",0,1,1,,0.5,4
1177,9678a11d-8861-11f1-b492-b48c9db4e1b4,14,"[1, 1, 0, 0]",1,1,1,,0.5,4
1178,9678a11d-8861-11f1-b492-b48c9db4e1b4,14,"[1, 1, 0, 0]",2,0,0,,0.5,4
1179,9678a11d-8861-11f1-b492-b48c9db4e1b4,14,"[1, 1, 0, 0]",3,0,0,,0.5,4
1180,9678a11d-8861-11f1-b492-b48c9db4e1b4,15,"[0, 1, 1, 0]",0,0,0,,0.5,4
1181,9678a11d-8861-11f1-b492-b48c9db4e1b4,15,"[0, 1, 1, 0]",1,1,1,,0.5,4
1182,9678a11d-8861-11f1-b492-b48c9db4e1b4,15,"[0, 1, 1, 0]",2,1,1,,0.5,4
1183,9678a11d-8861-11f1-b492-b48c9db4e1b4,15,"[0, 1, 1, 0]",3,0,0,,0.5,4
1184,9678a11d-8861-11f1-b492-b48c9db4e1b4,16,"[0, 0, 1, 1]",0,0,0,,0.5,4
1185,9678a11d-8861-11f1-b492-b48c9db4e1b4,16,"[0, 0, 1, 1]",1,0,0,,0.5,4
1186,9678a11d-8861-11f1-b492-b48c9db4e1b4,16,"[0, 0, 1, 1]",2,1,1,,0.5,4
1187,9678a11d-8861-11f1-b492-b48c9db4e1b4,16,"[0, 0, 1, 1]",3,1,1,,0.5,4
1188,9678a11d-8861-11f1-b492-b48c9db4e1b4,17,"[1, 0, 0, 1]",0,1,1,,0.5,4
1189,9678a11d-8861-11f1-b492-b48c9db4e1b4,17,"[1, 0, 0, 1]",1,0,0,,0.5,4
1190,9678a11d-8861-11f1-b492-b48c9db4e1b4,17,"[1, 0, 0, 1]",2,0,0,,0.5,4
1191,9678a11d-8861-11f1-b492-b48c9db4e1b4,17,"[1, 0, 0, 1]",3,1,1,,0.5,4
1192,9678a11d-8861-11f1-b492-b48c9db4e1b4,18,"[1, 1, 0, 0]",0,1,1,,0.5,4
1193,9678a11d-8861-11f1-b492-b48c9db4e1b4,18,"[1, 1, 0, 0]",1,1,1,,0.5,4
1194,9678a11d-8861-11f1-b492-b48c9db4e1b4,18,"[1, 1, 0, 0]",2,0,0,,0.5,4
1195,9678a11d-8861-11f1-b492-b48c9db4e1b4,18,"[1, 1, 0, 0]",3,0,0,,0.5,4
1196,9678a11d-8861-11f1-b492-b48c9db4e1b4,19,"[0, 1, 1, 0]",0,0,0,,0.5,4
1197,9678a11d-8861-11f1-b492-b48c9db4e1b4,19,"[0, 1, 1, 0]",1,1,1,,0.5,4
1198,9678a11d-8861-11f1-b492-b48c9db4e1b4,19,"[0, 1, 1, 0]",2,1,1,,0.5,4
1199,9678a11d-8861-11f1-b492-b48c9db4e1b4,19,"[0, 1, 1, 0]",3,0,0,,0.5,4
1200,967d58de-8861-11f1-846b-b48c9db4e1b4,0,"[0, 0, 0, 0]",0,0,0,,0.5,4
1201,967d58de-8861-11f1-846b-b48c9db4e1b4,0,"[0, 0, 0, 0]",1,0,0,,0.5,4
1202,967d58de-8861-11f1-846b-b48c9db4e1b4,0,"[0, 0, 0, 0]",2,0,0,,0.5,4
1203,967d58de-8861-11f1-846b-b48c9db4e1b4,0,"[0, 0, 0, 0]",3,0,0,,0.5,4
1204,967d58de-8861-11f1-846b-b48c9db4e1b4,1,"[1, 0, 0, 0]",0,1,1,,0.5,4
1205,967d58de-8861-11f1-846b-b48c9db4e1b4,1,"[1, 0, 0, 0]",1,0,0,,0.5,4
1206,967d58de-8861-11f1-846b-b48c9db4e1b4,1,"[1, 0, 0, 0]",2,0,0,,0.5,4
1207,967d58de-8861-11f1-846b-b48c9db4e1b4,1,"[1, 0, 0, 0]",3,0,0,,0.5,4
1208,967d58de-8861-11f1-846b-b48c9db4e1b4,2,"[0, 1, 1, 0]",0,0,0,,0.5,4
1209,967d58de-8861-11f1-846b-b48c9db4e1b4,2,"[0, 1, 1, 0]",1,1,1,,0.5,4
1210,967d58de-8861-11f1-846b-b48c9db4e1b4,2,"[0, 1, 1, 0]",2,1,1,,0.5,4
1211,967d58de-8861-11f1-846b-b48c9db4e1b4,2,"[0, 1, 1, 0]",3,0,0,,0.5,4
1212,967d58de-8861-11f1-846b-b48c9db4e1b4,3,"[0, 0, 1, 1]",0,0,0,,0.5,4
1213,967d58de-8861-11f1-846b-b48c9db4e1b4,3,"[0, 0, 1, 1]",1,0,0,,0.5,4
1214,967d58de-8861-11f1-846b-b48c9db4e1b4,3,"[0, 0, 1, 1]",2,1,1,,0.5,4
1215,967d58de-8861-11f1-846b-b48c9db4e1b4,3,"[0, 0, 1, 1]",3,1,1,,0.5,4
1216,967d58de-8861-11f1-846b-b48c9db4e1b4,4,"[1, 0, 0, 1]",0,1,1,,0.5,4
1217,967d58de-8861-11f1-846b-b48c9db4e1b4,4,"[1, 0, 0, 1]",1,0,0,,0.5,4
1218,967d58de-8861-11f1-846b-b48c9db4e1b4,4,"[1, 0, 0, 1]",2,0,0,,0.5,4
1219,967d58de-8861-11f1-846b-b48c9db4e1b4,4,"[1, 0, 0, 1]",3,1,1,,0.5,4
1220,967d58de-8861-11f1-846b-b48c9db4e1b4,5,"[1, 1, 0, 0]",0,1,1,,0.5,4
1221,967d58de-8861-11f1-846b-b48c9db4e1b4,5,"[1, 1, 0, 0]",1,1,1,,0.5,4
1222,967d58de-8861-11f1-846b-b48c9db4e1b4,5,"[1, 1, 0, 0]",2,0,0,,0.5,4
1223,967d58de-8861-11f1-846b-b48c9db4e1b4,5,"[1, 1, 0, 0]",3,0,0,,0.5,4
1224,967d58de-8861-11f1-846b-b48c9db4e1b4,6,"[0, 1, 1, 0]",0,0,0,,0.5,4
1225,967d58de-8861-11f1-846b-b48c9db4e1b4,6,"[0, 1, 1, 0]",1,1,1,,0.5,4
1226,967d58de-8861-11f1-846b-b48c9db4e1b4,6,"[0, 1, 1, 0]",2,1,1,,0.5,4
1227,967d58de-8861-11f1-846b-b48c9db4e1b4,6,"[0, 1, 1, 0]",3,0,0,,0.5,4
1228,967d58de-8861-11f1-846b-b48c9db4e1b4,7,"[0, 0, 1, 1]",0,0,0,,0.5,4
1229,967d58de-8861-11f1-846b-b48c9db4e1b4,7,"[0, 0, 1, 1]",1,0,0,,0.5,4
1230,967d58de-8861-11f1-846b-b48c9db4e1b4,7,"[0, 0, 1, 1]",2,1,1,,0.5,4
1231,967d58de-8861-11f1-846b-b48c9db4e1b4,7,"[0, 0, 1, 1]",3,1,1,,0.5,4
1232,967d58de-8861-11f1-846b-b48c9db4e1b4,8,"[1, 0, 0, 1]",0,1,1,,0.5,4
1233,967d58de-8861-11f1-846b-b48c9db4e1b4,8,"[1, 0, 0, 1]",1,0,0,,0.5,4
1234,967d58de-8861-11f1-846b-b48c9db4e1b4,8,"[1, 0, 0, 1]",2,0,0,,0.5,4
1235,967d58de-8861-11f1-846b-b48c9db4e1b4,8,"[1, 0, 0, 1]",3,1,1,,0.5,4
1236,967d58de-8861-11f1-846b-b48c9db4e1b4,9,"[1, 1, 0, 0]",0,1,1,,0.5,4
1237,967d58de-8861-11f1-846b-b48c9db4e1b4,9,"[1, 1, 0, 0]",1,1,1,,0.5,4
1238,967d58de-8861-11f1-846b-b48c9db4e1b4,9,"[1, 1, 0, 0]",2,0,0,,0.5,4
1239,967d58de-8861-11f1-846b-b48c9db4e1b4,9,"[1, 1, 0, 0]",3,0,0,,0.5,4
1240,967d58de-8861-11f1-846b-b48c9db4e1b4,10,"[0, 1, 1, 0]",0,0,0,,0.5,4
1241,967d58de-8861-11f1-846b-b48c9db4e1b4,10,"[0, 1, 1, 0]",1,1,1,,0.5,4
1242,967d58de-8861-11f1-846b-b48c9db4e1b4,10,"[0, 1, 1, 0]",2,1,1,,0.5,4
1243,967d58de-8861-11f1-846b-b48c9db4e1b4,10,"[0, 1, 1, 0]",3,0,0,,0.5,4
1244,967d58de-8861-11f1-846b-b48c9db4e1b4,11,"[0, 0, 1, 1]",0,0,0,,0.5,4
1245,967d58de-8861-11f1-846b-b48c9db4e1b4,11,"[0, 0, 1, 1]",1,0,0,,0.5,4
1246,967d58de-8861-11f1-846b-b48c9db4e1b4,11,"[0, 0, 1, 1]",2,1,1,,0.5,4
1247,967d58de-8861-11f1-846b-b48c9db4e1b4,11,"[0, 0, 1, 1]",3,1,1,,0.5,4
1248,967d58de-8861-11f1-846b-b48c9db4e1b4,12,"[1, 0, 0, 1]",0,1,1,,0.5,4
1249,967d58de-8861-11f1-846b-b48c9db4e1b4,12,"[1, 0, 0, 1]",1,0,0,,0.5,4
1250,967d58de-8861-11f1-846b-b48c9db4e1b4,12,"[1, 0, 0, 1]",2,0,0,,0.5,4
1251,967d58de-8861-11f1-846b-b48c9db4e1b4,12,"[1, 0, 0, 1]",3,1,1,,0.5,4
1252,967d58de-8861-11f1-846b-b48c9db4e1b4,13,"[1, 1, 0, 0]",0,1,1,,0.5,4
1253,967d58de-8861-11f1-846b-b48c9db4e1b4,13,"[1, 1, 0, 0]",1,1,1,,0.5,4
1254,967d58de-8861-11f1-846b-b48c9db4e1b4,13,"[1, 1, 0, 0]",2,0,0,,0.5,4
1255,967d58de-8861-11f1-846b-b48c9db4e1b4,13,"[1, 1, 0, 0]",3,0,0,,0.5,4
1256,967d58de-8861-11f1-846b-b48c9db4e1b4,14,"[0, 1, 1, 0]",0,0,0,,0.5,4
1257,967d58de-8861-11f1-846b-b48c9db4e1b4,14,"[0, 1, 1, 0]",1,1,1,,0.5,4
1258,967d58de-8861-11f1-846b-b48c9db4e1b4,14,"[0, 1, 1, 0]",2,1,1,,0.5,4
1259,967d58de-8861-11f1-846b-b48c9db4e1b4,14,"[0, 1, 1, 0]",3,0,0,,0.5,4
1260,967d58de-8861-11f1-846b-b48c9db4e1b4,15,"[0, 0, 1, 1]",0,0,0,,0.5,4
1261,967d58de-8861-11f1-846b-b48c9db4e1b4,15,"[0, 0, 1, 1]",1,0,0,,0.5,4
1262,967d58de-8861-11f1-846b-b48c9db4e1b4,15,"[0, 0, 1, 1]",2,1,1,,0.5,4
1263,967d58de-8861-11f1-846b-b48c9db4e1b4,15,"[0, 0, 1, 1]",3,1,1,,0.5,4
1264,967d58de-8861-11f1-846b-b48c9db4e1b4,16,"[1, 0, 0, 1]",0,1,1,,0.5,4
1265,967d58de-8861-11f1-846b-b48c9db4e1b4,16,"[1, 0, 0, 1]",1,0,0,,0.5,4
1266,967d58de-8861-11f1-846b-b48c9db4e1b4,16,"[1, 0, 0, 1]",2,0,0,,0.5,4
1267,967d58de-8861-11f1-846b-b48c9db4e1b4,16,"[1, 0, 0, 1]",3,1,1,,0.5,4
1268,967d58de-8861-11f1-846b-b48c9db4e1b4,17,"[1, 1, 0, 0]",0,1,1,,0.5,4
1269,967d58de-8861-11f1-846b-b48c9db4e1b4,17,"[1, 1, 0, 0]",1,1,1,,0.5,4
1270,967d58de-8861-11f1-846b-b48c9db4e1b4,17,"[1, 1, 0, 0]",2,0,0,,0.5,4
1271,967d58de-8861-11f1-846b-b48c9db4e1b4,17,"[1, 1, 0, 0]",3,0,0,,0.5,4
1272,967d58de-8861-11f1-846b-b48c9db4e1b4,18,"[0, 1, 1, 0]",0,0,0,,0.5,4
1273,967d58de-8861-11f1-846b-b48c9db4e1b4,18,"[0, 1, 1, 0]",1,1,1,,0.5,4
1274,967d58de-8861-11f1-846b-b48c9db4e1b4,18,"[0, 1, 1, 0]",2,1,1,,0.5,4
1275,967d58de-8861-11f1-846b-b48c9db4e1b4,18,"[0, 1, 1, 0]",3,0,0,,0.5,4
1276,967d58de-8861-11f1-846b-b48c9db4e1b4,19,"[0, 0, 1, 1]",0,0,0,,0.5,4
1277,967d58de-8861-11f1-846b-b48c9db4e1b4,19,"[0, 0, 1, 1]",1,0,0,,0.5,4
1278,967d58de-8861-11f1-846b-b48c9db4e1b4,19,"[0, 0, 1, 1]",2,1,1,,0.5,4
1279,967d58de-8861-11f1-846b-b48c9db4e1b4,19,"[0, 0, 1, 1]",3,1,1,,0.5,4
1280,96824d01-8861-11f1-b5ea-b48c9db4e1b4,0,"[0, 1, 1, 0]",0,0,0,,0.5,4
1281,96824d01-8861-11f1-b5ea-b48c9db4e1b4,0,"[0, 1, 1, 0]",1,1,1,,0.5,4
1282,96824d01-8861-11f1-b5ea-b48c9db4e1b4,0,"[0, 1, 1, 0]",2,1,1,,0.5,4
1283,96824d01-8861-11f1-b5ea-b48c9db4e1b4,0,"[0, 1, 1, 0]",3,0,0,,0.5,4
1284,96824d01-8861-11f1-b5ea-b48c9db4e1b4,1,"[0, 1, 1, 0]",0,0,0,,0.5,4
1285,96824d01-8861-11f1-b5ea-b48c9db4e1b4,1,"[0, 1, 1, 0]",1,1,1,,0.5,4
1286,96824d01-8861-11f1-b5ea-b48c9db4e1b4,1,"[0, 1, 1, 0]",2,1,1,,0.5,4
1287,96824d01-8861-11f1-b5ea-b48c9db4e1b4,1,"[0, 1, 1, 0]",3,0,0,,0.5,4
1288,96824d01-8861-11f1-b5ea-b48c9db4e1b4,2,"[0, 1, 1, 0]",0,0,0,,0.5,4
1289,96824d01-8861-11f1-b5ea-b48c9db4e1b4,2,"[0, 1, 1, 0]",1,1,1,,0.5,4
1290,96824d01-8861-11f1-b5ea-b48c9db4e1b4,2,"[0, 1, 1, 0]",2,1,1,,0.5,4
1291,96824d01-8861-11f1-b5ea-b48c9db4e1b4,2,"[0, 1, 1, 0]",3,0,0,,0.5,4
1292,96824d01-8861-11f1-b5ea-b48c9db4e1b4,3,"[0, 1, 1, 0]",0,0,0,,0.5,4
1293,96824d01-8861-11f1-b5ea-b48c9db4e1b4,3,"[0, 1, 1, 0]",1,1,1,,0.5,4
1294,96824d01-8861-11f1-b5ea-b48c9db4e1b4,3,"[0, 1, 1, 0]",2,1,1,,0.5,4
1295,96824d01-8861-11f1-b5ea-b48c9db4e1b4,3,"[0, 1, 1, 0]",3,0,0,,0.5,4
1296,96824d01-8861-11f1-b5ea-b48c9db4e1b4,4,"[0, 1, 1, 0]",0,0,0,,0.5,4
1297,96824d01-8861-11f1-b5ea-b48c9db4e1b4,4,"[0, 1, 1, 0]",1,1,1,,0.5,4
1298,96824d01-8861-11f1-b5ea-b48c9db4e1b4,4,"[0, 1, 1, 0]",2,1,1,,0.5,4
1299,96824d01-8861-11f1-b5ea-b48c9db4e1b4,4,"[0, 1, 1, 0]",3,0,0,,0.5,4
1300,96824d01-8861-11f1-b5ea-b48c9db4e1b4,5,"[0, 1, 1, 0]",0,0,0,,0.5,4
1301,96824d01-8861-11f1-b5ea-b48c9db4e1b4,5,"[0, 1, 1, 0]",1,1,1,,0.5,4
1302,96824d01-8861-11f1-b5ea-b48c9db4e1b4,5,"[0, 1, 1, 0]",2,1,1,,0.5,4
1303,96824d01-8861-11f1-b5ea-b48c9db4e1b4,5,"[0, 1, 1, 0]",3,0,0,,0.5,4
1304,96824d01-8861-11f1-b5ea-b48c9db4e1b4,6,"[0, 1, 1, 0]",0,0,0,,0.5,4
1305,96824d01-8861-11f1-b5ea-b48c9db4e1b4,6,"[0, 1, 1, 0]",1,1,1,,0.5,4
1306,96824d01-8861-11f1-b5ea-b48c9db4e1b4,6,"[0, 1, 1, 0]",2,1,1,,0.5,4
1307,96824d01-8861-11f1-b5ea-b48c9db4e1b4,6,"[0, 1, 1, 0]",3,0,0,,0.5,4
1308,96824d01-8861-11f1-b5ea-b48c9db4e1b4,7,"[0, 1, 1, 0]",0,0,0,,0.5,4
1309,96824d01-8861-11f1-b5ea-b48c9db4e1b4,7,"[0, 1, 1, 0]",1,1,1,,0.5,4
1310,96824d01-8861-11f1-b5ea-b48c9db4e1b4,7,"[0, 1, 1, 0]",2,1,1,,0.5,4
1311,96824d01-8861-11f1-b5ea-b48c9db4e1b4,7,"[0, 1, 1, 0]",3,0,0,,0.5,4
1312,96824d01-8861-11f1-b5ea-b48c9db4e1b4,8,"[0, 1, 1, 0]",0,0,0,,0.5,4
1313,96824d01-8861-11f1-b5ea-b48c9db4e1b4,8,"[0, 1, 1, 0]",1,1,1,,0.5,4
1314,96824d01-8861-11f1-b5ea-b48c9db4e1b4,8,"[0, 1, 1, 0]",2,1,1,,0.5,4
1315,96824d01-8861-11f1-b5ea-b48c9db4e1b4,8,"[0, 1, 1, 0]",3,0,0,,0.5,4
1316,96824d01-8861-11f1-b5ea-b48c9db4e1b4,9,"[0, 1, 1, 0]",0,0,0,,0.5,4
1317,96824d01-8861-11f1-b5ea-b48c9db4e1b4,9,"[0, 1, 1, 0]",1,1,1,,0.5,4
1318,96824d01-8861-11f1-b5ea-b48c9db4e1b4,9,"[0, 1, 1, 0]",2,1,1,,0.5,4
1319,96824d01-8861-11f1-b5ea-b48c9db4e1b4,9,"[0, 1, 1, 0]",3,0,0,,0.5,4
1320,96824d01-8861-11f1-b5ea-b48c9db4e1b4,10,"[0, 1, 1, 0]",0,0,0,,0.5,4
1321,96824d01-8861-11f1-b5ea-b48c9db4e1b4,10,"[0, 1, 1, 0]",1,1,1,,0.5,4
1322,96824d01-8861-11f1-b5ea-b48c9db4e1b4,10,"[0, 1, 1, 0]",2,1,1,,0.5,4
1323,96824d01-8861-11f1-b5ea-b48c9db4e1b4,10,"[0, 1, 1, 0]",3,0,0,,0.5,4
1324,96824d01-8861-11f1-b5ea-b48c9db4e1b4,11,"[0, 1, 1, 0]",0,0,0,,0.5,4
1325,96824d01-8861-11f1-b5ea-b48c9db4e1b4,11,"[0, 1, 1, 0]",1,1,1,,0.5,4
1326,96824d01-8861-11f1-b5ea-b48c9db4e1b4,11,"[0, 1, 1, 0]",2,1,1,,0.5,4
1327,96824d01-8861-11f1-b5ea-b48c9db4e1b4,11,"[0, 1, 1, 0]",3,0,0,,0.5,4
1328,96824d01-8861-11f1-b5ea-b48c9db4e1b4,12,"[0, 1, 1, 0]",0,0,0,,0.5,4
1329,96824d01-8861-11f1-b5ea-b48c9db4e1b4,12,"[0, 1, 1, 0]",1,1,1,,0.5,4
1330,96824d01-8861-11f1-b5ea-b48c9db4e1b4,12,"[0, 1, 1, 0]",2,1,1,,0.5,4
1331,96824d01-8861-11f1-b5ea-b48c9db4e1b4,12,"[0, 1, 1, 0]",3,0,0,,0.5,4
1332,96824d01-8861-11f1-b5ea-b48c9db4e1b4,13,"[0, 1, 1, 0]",0,0,0,,0.5,4
1333,96824d01-8861-11f1-b5ea-b48c9db4e1b4,13,"[0, 1, 1, 0]",1,1,1,,0.5,4
1334,96824d01-8861-11f1-b5ea-b48c9db4e1b4,13,"[0, 1, 1, 0]",2,1,1,,0.5,4
1335,96824d01-8861-11f1-b5ea-b48c9db4e1b4,13,"[0, 1, 1, 0]",3,0,0,,0.5,4
1336,96824d01-8861-11f1-b5ea-b48c9db4e1b4,14,"[0, 1, 1, 0]",0,0,0,,0.5,4
1337,96824d01-8861-11f1-b5ea-b48c9db4e1b4,14,"[0, 1, 1, 0]",1,1,1,,0.5,4
1338,96824d01-8861-11f1-b5ea-b48c9db4e1b4,14,"[0, 1, 1, 0]",2,1,1,,0.5,4
1339,96824d01-8861-11f1-b5ea-b48c9db4e1b4,14,"[0, 1, 1, 0]",3,0,0,,0.5,4
1340,96824d01-8861-11f1-b5ea-b48c9db4e1b4,15,"[0, 1, 1, 0]",0,0,0,,0.5,4
1341,96824d01-8861-11f1-b5ea-b48c9db4e1b4,15,"[0, 1, 1, 0]",1,1,1,,0.5,4
1342,96824d01-8861-11f1-b5ea-b48c9db4e1b4,15,"[0, 1, 1, 0]",2,1,1,,0.5,4
1343,96824d01-8861-11f1-b5ea-b48c9db4e1b4,15,"[0, 1, 1, 0]",3,0,0,,0.5,4
1344,96824d01-8861-11f1-b5ea-b48c9db4e1b4,16,"[0, 1, 1, 0]",0,0,0,,0.5,4
1345,96824d01-8861-11f1-b5ea-b48c9db4e1b4,16,"[0, 1, 1, 0]",1,1,1,,0.5,4
1346,96824d01-8861-11f1-b5ea-b48c9db4e1b4,16,"[0, 1, 1, 0]",2,1,1,,0.5,4
1347,96824d01-8861-11f1-b5ea-b48c9db4e1b4,16,"[0, 1, 1, 0]",3,0,0,,0.5,4
1348,96824d01-8861-11f1-b5ea-b48c9db4e1b4,17,"[0, 1, 1, 0]",0,0,0,,0.5,4
1349,96824d01-8861-11f1-b5ea-b48c9db4e1b4,17,"[0, 1, 1, 0]",1,1,1,,0.5,4
1350,96824d01-8861-11f1-b5ea-b48c9db4e1b4,17,"[0, 1, 1, 0]",2,1,1,,0.5,4
1351,96824d01-8861-11f1-b5ea-b48c9db4e1b4,17,"[0, 1, 1, 0]",3,0,0,,0.5,4
1352,96824d01-8861-11f1-b5ea-b48c9db4e1b4,18,"[0, 1, 1, 0]",0,0,0,,0.5,4
1353,96824d01-8861-11f1-b5ea-b48c9db4e1b4,18,"[0, 1, 1, 0]",1,1,1,,0.5,4
1354,96824d01-8861-11f1-b5ea-b48c9db4e1b4,18,"[0, 1, 1, 0]",2,1,1,,0.5,4
1355,96824d01-8861-11f1-b5ea-b48c9db4e1b4,18,"[0, 1, 1, 0]",3,0,0,,0.5,4
1356,96824d01-8861-11f1-b5ea-b48c9db4e1b4,19,"[0, 1, 1, 0]",0,0,0,,0.5,4
1357,96824d01-8861-11f1-b5ea-b48c9db4e1b4,19,"[0, 1, 1, 0]",1,1,1,,0.5,4
1358,96824d01-8861-11f1-b5ea-b48c9db4e1b4,19,"[0, 1, 1, 0]",2,1,1,,0.5,4
1359,96824d01-8861-11f1-b5ea-b48c9db4e1b4,19,"[0, 1, 1, 0]",3,0,0,,0.5,4
1360,96871292-8861-11f1-b65d-b48c9db4e1b4,0,"[0, 1, 1, 1]",0,0,0,,0.5,4
1361,96871292-8861-11f1-b65d-b48c9db4e1b4,0,"[0, 1, 1, 1]",1,1,-1,,0.5,4
1362,96871292-8861-11f1-b65d-b48c9db4e1b4,0,"[0, 1, 1, 1]",2,1,-1,,0.5,4
1363,96871292-8861-11f1-b65d-b48c9db4e1b4,0,"[0, 1, 1, 1]",3,1,-1,,0.5,4
1364,96871292-8861-11f1-b65d-b48c9db4e1b4,1,"[0, 1, 0, 0]",0,0,0,,0.5,4
1365,96871292-8861-11f1-b65d-b48c9db4e1b4,1,"[0, 1, 0, 0]",1,1,1,,0.5,4
1366,96871292-8861-11f1-b65d-b48c9db4e1b4,1,"[0, 1, 0, 0]",2,0,0,,0.5,4
1367,96871292-8861-11f1-b65d-b48c9db4e1b4,1,"[0, 1, 0, 0]",3,0,0,,0.5,4
1368,96871292-8861-11f1-b65d-b48c9db4e1b4,2,"[0, 1, 1, 0]",0,0,0,,0.5,4
1369,96871292-8861-11f1-b65d-b48c9db4e1b4,2,"[0, 1, 1, 0]",1,1,1,,0.5,4
1370,96871292-8861-11f1-b65d-b48c9db4e1b4,2,"[0, 1, 1, 0]",2,1,1,,0.5,4
1371,96871292-8861-11f1-b65d-b48c9db4e1b4,2,"[0, 1, 1, 0]",3,0,0,,0.5,4
1372,96871292-8861-11f1-b65d-b48c9db4e1b4,3,"[0, 0, 1, 1]",0,0,0,,0.5,4
1373,96871292-8861-11f1-b65d-b48c9db4e1b4,3,"[0, 0, 1, 1]",1,0,0,,0.5,4
1374,96871292-8861-11f1-b65d-b48c9db4e1b4,3,"[0, 0, 1, 1]",2,1,1,,0.5,4
1375,96871292-8861-11f1-b65d-b48c9db4e1b4,3,"[0, 0, 1, 1]",3,1,1,,0.5,4
1376,96871292-8861-11f1-b65d-b48c9db4e1b4,4,"[1, 0, 0, 1]",0,1,1,,0.5,4
1377,96871292-8861-11f1-b65d-b48c9db4e1b4,4,"[1, 0, 0, 1]",1,0,0,,0.5,4
1378,96871292-8861-11f1-b65d-b48c9db4e1b4,4,"[1, 0, 0, 1]",2,0,0,,0.5,4
1379,96871292-8861-11f1-b65d-b48c9db4e1b4,4,"[1, 0, 0, 1]",3,1,1,,0.5,4
1380,96871292-8861-11f1-b65d-b48c9db4e1b4,5,"[1, 1, 0, 0]",0,1,1,,0.5,4
1381,96871292-8861-11f1-b65d-b48c9db4e1b4,5,"[1, 1, 0, 0]",1,1,1,,0.5,4
1382,96871292-8861-11f1-b65d-b48c9db4e1b4,5,"[1, 1, 0, 0]",2,0,0,,0.5,4
1383,96871292-8861-11f1-b65d-b48c9db4e1b4,5,"[1, 1, 0, 0]",3,0,0,,0.5,4
1384,96871292-8861-11f1-b65d-b48c9db4e1b4,6,"[0, 1, 1, 0]",0,0,0,,0.5,4
1385,96871292-8861-11f1-b65d-b48c9db4e1b4,6,"[0, 1, 1, 0]",1,1,1,,0.5,4
1386,96871292-8861-11f1-b65d-b48c9db4e1b4,6,"[0, 1, 1, 0]",2,1,1,,0.5,4
1387,96871292-8861-11f1-b65d-b48c9db4e1b4,6,"[0, 1, 1, 0]",3,0,0,,0.5,4
1388,96871292-8861-11f1-b65d-b48c9db4e1b4,7,"[0, 0, 1, 1]",0,0,0,,0.5,4
1389,96871292-8861-11f1-b65d-b48c9db4e1b4,7,"[0, 0, 1, 1]",1,0,0,,0.5,4
1390,96871292-8861-11f1-b65d-b48c9db4e1b4,7,"[0, 0, 1, 1]",2,1,1,,0.5,4
1391,96871292-8861-11f1-b65d-b48c9db4e1b4,7,"[0, 0, 1, 1]",3,1,1,,0.5,4
1392,96871292-8861-11f1-b65d-b48c9db4e1b4,8,"[1, 0, 0, 1]",0,1,1,,0.5,4
1393,96871292-8861-11f1-b65d-b48c9db4e1b4,8,"[1, 0, 0, 1]",1,0,0,,0.5,4
1394,96871292-8861-11f1-b65d-b48c9db4e1b4,8,"[1, 0, 0, 1]",2,0,0,,0.5,4
1395,96871292-8861-11f1-b65d-b48c9db4e1b4,8,"[1, 0, 0, 1]",3,1,1,,0.5,4
1396,96871292-8861-11f1-b65d-b48c9db4e1b4,9,"[1, 1, 0, 0]",0,1,1,,0.5,4
1397,96871292-8861-11f1-b65d-b48c9db4e1b4,9,"[1, 1, 0, 0]",1,1,1,,0.5,4
1398,96871292-8861-11f1-b65d-b48c9db4e1b4,9,"[1, 1, 0, 0]",2,0,0,,0.5,4
1399,96871292-8861-11f1-b65d-b48c9db4e1b4,9,"[1, 1, 0, 0]",3,0,0,,0.5,4
1400,96871292-8861-11f1-b65d-b48c9db4e1b4,10,"[0, 1, 1, 0]",0,0,0,,0.5,4
1401,96871292-8861-11f1-b65d-b48c9db4e1b4,10,"[0, 1, 1, 0]",1,1,1,,0.5,4
1402,96871292-8861-11f1-b65d-b48c9db4e1b4,10,"[0, 1, 1, 0]",2,1,1,,0.5,4
1403,96871292-8861-11f1-b65d-b48c9db4e1b4,10,"[0, 1, 1, 0]",3,0,0,,0.5,4
1404,96871292-8861-11f1-b65d-b48c9db4e1b4,11,"[0, 0, 1, 1]",0,0,0,,0.5,4
1405,96871292-8861-11f1-b65d-b48c9db4e1b4,11,"[0, 0, 1, 1]",1,0,0,,0.5,4
1406,96871292-8861-11f1-b65d-b48c9db4e1b4,11,"[0, 0, 1, 1]",2,1,1,,0.5,4
1407,96871292-8861-11f1-b65d-b48c9db4e1b4,11,"[0, 0, 1, 1]",3,1,1,,0.5,4
1408,96871292-8861-11f1-b65d-b48c9db4e1b4,12,"[1, 0, 0, 1]",0,1,1,,0.5,4
1409,96871292-8861-11f1-b65d-b48c9db4e1b4,12,"[1, 0, 0, 1]",1,0,0,,0.5,4
1410,96871292-8861-11f1-b65d-b48c9db4e1b4,12,"[1, 0, 0, 1]",2,0,0,,0.5,4
1411,96871292-8861-11f1-b65d-b48c9db4e1b4,12,"[1, 0, 0, 1]",3,1,1,,0.5,4
1412,96871292-8861-11f1-b65d-b48c9db4e1b4,13,"[1, 1, 0, 0]",0,1,1,,0.5,4
1413,96871292-8861-11f1-b65d-b48c9db4e1b4,13,"[1, 1, 0, 0]",1,1,1,,0.5,4
1414,96871292-8861-11f1-b65d-b48c9db4e1b4,13,"[1, 1, 0, 0]",2,0,0,,0.5,4
1415,96871292-8861-11f1-b65d-b48c9db4e1b4,13,"[1, 1, 0, 0]",3,0,0,,0.5,4
1416,96871292-8861-11f1-b65d-b48c9db4e1b4,14,"[0, 1, 1, 0]",0,0,0,,0.5,4
1417,96871292-8861-11f1-b65d-b48c9db4e1b4,14,"[0, 1, 1, 0]",1,1,1,,0.5,4
1418,96871292-8861-11f1-b65d-b48c9db4e1b4,14,"[0, 1, 1, 0]",2,1,1,,0.5,4
1419,96871292-8861-11f1-b65d-b48c9db4e1b4,14,"[0, 1, 1, 0]",3,0,0,,0.5,4
1420,96871292-8861-11f1-b65d-b48c9db4e1b4,15,"[0, 0, 1, 1]",0,0,0,,0.5,4
1421,96871292-8861-11f1-b65d-b48c9db4e1b4,15,"[0, 0, 1, 1]",1,0,0,,0.5,4
1422,96871292-8861-11f1-b65d-b48c9db4e1b4,15,"[0, 0, 1, 1]",2,1,1,,0.5,4
1423,96871292-8861-11f1-b65d-b48c9db4e1b4,15,"[0, 0, 1, 1]",3,1,1,,0.5,4
1424,96871292-8861-11f1-b65d-b48c9db4e1b4,16,"[1, 0, 0, 1]",0,1,1,,0.5,4
1425,96871292-8861-11f1-b65d-b48c9db4e1b4,16,"[1, 0, 0, 1]",1,0,0,,0.5,4
1426,96871292-8861-11f1-b65d-b48c9db4e1b4,16,"[1, 0, 0, 1]",2,0,0,,0.5,4
1427,96871292-8861-11f1-b65d-b48c9db4e1b4,16,"[1, 0, 0, 1]",3,1,1,,0.5,4
1428,96871292-8861-11f1-b65d-b48c9db4e1b4,17,"[1, 1, 0, 0]",0,1,1,,0.5,4
1429,96871292-8861-11f1-b65d-b48c9db4e1b4,17,"[1, 1, 0, 0]",1,1,1,,0.5,4
1430,96871292-8861-11f1-b65d-b48c9db4e1b4,17,"[1, 1, 0, 0]",2,0,0,,0.5,4
1431,96871292-8861-11f1-b65d-b48c9db4e1b4,17,"[1, 1, 0, 0]",3,0,0,,0.5,4
1432,96871292-8861-11f1-b65d-b48c9db4e1b4,18,"[0, 1, 1, 0]",0,0,0,,0.5,4
1433,96871292-8861-11f1-b65d-b48c9db4e1b4,18,"[0, 1, 1, 0]",1,1,1,,0.5,4
1434,96871292-8861-11f1-b65d-b48c9db4e1b4,18,"[0, 1, 1, 0]",2,1,1,,0.5,4
1435,96871292-8861-11f1-b65d-b48c9db4e1b4,18,"[0, 1, 1, 0]",3,0,0,,0.5,4
1436,96871292-8861-11f1-b65d-b48c9db4e1b4,19,"[0, 0, 1, 1]",0,0,0,,0.5,4
1437,96871292-8861-11f1-b65d-b48c9db4e1b4,19,"[0, 0, 1, 1]",1,0,0,,0.5,4
1438,96871292-8861-11f1-b65d-b48c9db4e1b4,19,"[0, 0, 1, 1]",2,1,1,,0.5,4
1439,96871292-8861-11f1-b65d-b48c9db4e1b4,19,"[0, 0, 1, 1]",3,1,1,,0.5,4
1440,968bc33d-8861-11f1-9f87-b48c9db4e1b4,0,"[1, 0, 1, 0]",0,1,1,,0.5,4
1441,968bc33d-8861-11f1-9f87-b48c9db4e1b4,0,"[1, 0, 1, 0]",1,0,0,,0.5,4
1442,968bc33d-8861-11f1-9f87-b48c9db4e1b4,0,"[1, 0, 1, 0]",2,1,1,,0.5,4
1443,968bc33d-8861-11f1-9f87-b48c9db4e1b4,0,"[1, 0, 1, 0]",3,0,0,,0.5,4
1444,968bc33d-8861-11f1-9f87-b48c9db4e1b4,1,"[1, 1, 0, 0]",0,1,1,,0.5,4
1445,968bc33d-8861-11f1-9f87-b48c9db4e1b4,1,"[1, 1, 0, 0]",1,1,1,,0.5,4
1446,968bc33d-8861-11f1-9f87-b48c9db4e1b4,1,"[1, 1, 0, 0]",2,0,0,,0.5,4
1447,968bc33d-8861-11f1-9f87-b48c9db4e1b4,1,"[1, 1, 0, 0]",3,0,0,,0.5,4
1448,968bc33d-8861-11f1-9f87-b48c9db4e1b4,2,"[0, 1, 1, 0]",0,0,0,,0.5,4
1449,968bc33d-8861-11f1-9f87-b48c9db4e1b4,2,"[0, 1, 1, 0]",1,1,1,,0.5,4
1450,968bc33d-8861-11f1-9f87-b48c9db4e1b4,2,"[0, 1, 1, 0]",2,1,1,,0.5,4
1451,968bc33d-8861-11f1-9f87-b48c9db4e1b4,2,"[0, 1, 1, 0]",3,0,0,,0.5,4
1452,968bc33d-8861-11f1-9f87-b48c9db4e1b4,3,"[0, 0, 1, 1]",0,0,0,,0.5,4
1453,968bc33d-8861-11f1-9f87-b48c9db4e1b4,3,"[0, 0, 1, 1]",1,0,0,,0.5,4
1454,968bc33d-8861-11f1-9f87-b48c9db4e1b4,3,"[0, 0, 1, 1]",2,1,1,,0.5,4
1455,968bc33d-8861-11f1-9f87-b48c9db4e1b4,3,"[0, 0, 1, 1]",3,1,1,,0.5,4
1456,968bc33d-8861-11f1-9f87-b48c9db4e1b4,4,"[1, 0, 0, 1]",0,1,1,,0.5,4
1457,968bc33d-8861-11f1-9f87-b48c9db4e1b4,4,"[1, 0, 0, 1]",1,0,0,,0.5,4
1458,968bc33d-8861-11f1-9f87-b48c9db4e1b4,4,"[1, 0, 0, 1]",2,0,0,,0.5,4
1459,968bc33d-8861-11f1-9f87-b48c9db4e1b4,4,"[1, 0, 0, 1]",3,1,1,,0.5,4
1460,968bc33d-8861-11f1-9f87-b48c9db4e1b4,5,"[1, 1, 0, 0]",0,1,1,,0.5,4
1461,968bc33d-8861-11f1-9f87-b48c9db4e1b4,5,"[1, 1, 0, 0]",1,1,1,,0.5,4
1462,968bc33d-8861-11f1-9f87-b48c9db4e1b4,5,"[1, 1, 0, 0]",2,0,0,,0.5,4
1463,968bc33d-8861-11f1-9f87-b48c9db4e1b4,5,"[1, 1, 0, 0]",3,0,0,,0.5,4
1464,968bc33d-8861-11f1-9f87-b48c9db4e1b4,6,"[0, 1, 1, 0]",0,0,0,,0.5,4
1465,968bc33d-8861-11f1-9f87-b48c9db4e1b4,6,"[0, 1, 1, 0]",1,1,1,,0.5,4
1466,968bc33d-8861-11f1-9f87-b48c9db4e1b4,6,"[0, 1, 1, 0]",2,1,1,,0.5,4
1467,968bc33d-8861-11f1-9f87-b48c9db4e1b4,6,"[0, 1, 1, 0]",3,0,0,,0.5,4
1468,968bc33d-8861-11f1-9f87-b48c9db4e1b4,7,"[0, 0, 1, 1]",0,0,0,,0.5,4
1469,968bc33d-8861-11f1-9f87-b48c9db4e1b4,7,"[0, 0, 1, 1]",1,0,0,,0.5,4
1470,968bc33d-8861-11f1-9f87-b48c9db4e1b4,7,"[0, 0, 1, 1]",2,1,1,,0.5,4
1471,968bc33d-8861-11f1-9f87-b48c9db4e1b4,7,"[0, 0, 1, 1]",3,1,1,,0.5,4
1472,968bc33d-8861-11f1-9f87-b48c9db4e1b4,8,"[1, 0, 0, 1]",0,1,1,,0.5,4
1473,968bc33d-8861-11f1-9f87-b48c9db4e1b4,8,"[1, 0, 0, 1]",1,0,0,,0.5,4
1474,968bc33d-8861-11f1-9f87-b48c9db4e1b4,8,"[1, 0, 0, 1]",2,0,0,,0.5,4
1475,968bc33d-8861-11f1-9f87-b48c9db4e1b4,8,"[1, 0, 0, 1]",3,1,1,,0.5,4
1476,968bc33d-8861-11f1-9f87-b48c9db4e1b4,9,"[1, 1, 0, 0]",0,1,1,,0.5,4
1477,968bc33d-8861-11f1-9f87-b48c9db4e1b4,9,"[1, 1, 0, 0]",1,1,1,,0.5,4
1478,968bc33d-8861-11f1-9f87-b48c9db4e1b4,9,"[1, 1, 0, 0]",2,0,0,,0.5,4
1479,968bc33d-8861-11f1-9f87-b48c9db4e1b4,9,"[1, 1, 0, 0]",3,0,0,,0.5,4
1480,968bc33d-8861-11f1-9f87-b48c9db4e1b4,10,"[0, 1, 1, 0]",0,0,0,,0.5,4
1481,968bc33d-8861-11f1-9f87-b48c9db4e1b4,10,"[0, 1, 1, 0]",1,1,1,,0.5,4
1482,968bc33d-8861-11f1-9f87-b48c9db4e1b4,10,"[0, 1, 1, 0]",2,1,1,,0.5,4
1483,968bc33d-8861-11f1-9f87-b48c9db4e1b4,10,"[0, 1, 1, 0]",3,0,0,,0.5,4
1484,968bc33d-8861-11f1-9f87-b48c9db4e1b4,11,"[0, 0, 1, 1]",0,0,0,,0.5,4
1485,968bc33d-8861-11f1-9f87-b48c9db4e1b4,11,"[0, 0, 1, 1]",1,0,0,,0.5,4
1486,968bc33d-8861-11f1-9f87-b48c9db4e1b4,11,"[0, 0, 1, 1]",2,1,1,,0.5,4
1487,968bc33d-8861-11f1-9f87-b48c9db4e1b4,11,"[0, 0, 1, 1]",3,1,1,,0.5,4
1488,968bc33d-8861-11f1-9f87-b48c9db4e1b4,12,"[1, 0, 0, 1]",0,1,1,,0.5,4
1489,968bc33d-8861-11f1-9f87-b48c9db4e1b4,12,"[1, 0, 0, 1]",1,0,0,,0.5,4
1490,968bc33d-8861-11f1-9f87-b48c9db4e1b4,12,"[1, 0, 0, 1]",2,0,0,,0.5,4
1491,968bc33d-8861-11f1-9f87-b48c9db4e1b4,12,"[1, 0, 0, 1]",3,1,1,,0.5,4
1492,968bc33d-8861-11f1-9f87-b48c9db4e1b4,13,"[1, 1, 0, 0]",0,1,1,,0.5,4
1493,968bc33d-8861-11f1-9f87-b48c9db4e1b4,13,"[1, 1, 0, 0]",1,1,1,,0.5,4
1494,968bc33d-8861-11f1-9f87-b48c9db4e1b4,13,"[1, 1, 0, 0]",2,0,0,,0.5,4
1495,968bc33d-8861-11f1-9f87-b48c9db4e1b4,13,"[1, 1, 0, 0]",3,0,0,,0.5,4
1496,968bc33d-8861-11f1-9f87-b48c9db4e1b4,14,"[0, 1, 1, 0]",0,0,0,,0.5,4
1497,968bc33d-8861-11f1-9f87-b48c9db4e1b4,14,"[0, 1, 1, 0]",1,1,1,,0.5,4
1498,968bc33d-8861-11f1-9f87-b48c9db4e1b4,14,"[0, 1, 1, 0]",2,1,1,,0.5,4
1499,968bc33d-8861-11f1-9f87-b48c9db4e1b4,14,"[0, 1, 1, 0]",3,0,0,,0.5,4
1500,968bc33d-8861-11f1-9f87-b48c9db4e1b4,15,"[0, 0, 1, 1]",0,0,0,,0.5,4
1501,968bc33d-8861-11f1-9f87-b48c9db4e1b4,15,"[0, 0, 1, 1]",1,0,0,,0.5,4
1502,968bc33d-8861-11f1-9f87-b48c9db4e1b4,15,"[0, 0, 1, 1]",2,1,1,,0.5,4
1503,968bc33d-8861-11f1-9f87-b48c9db4e1b4,15,"[0, 0, 1, 1]",3,1,1,,0.5,4
1504,968bc33d-8861-11f1-9f87-b48c9db4e1b4,16,"[1, 0, 0, 1]",0,1,1,,0.5,4
1505,968bc33d-8861-11f1-9f87-b48c9db4e1b4,16,"[1, 0, 0, 1]",1,0,0,,0.5,4
1506,968bc33d-8861-11f1-9f87-b48c9db4e1b4,16,"[1, 0, 0, 1]",2,0,0,,0.5,4
1507,968bc33d-8861-11f1-9f87-b48c9db4e1b4,16,"[1, 0, 0, 1]",3,1,1,,0.5,4
1508,968bc33d-8861-11f1-9f87-b48c9db4e1b4,17,"[1, 1, 0, 0]",0,1,1,,0.5,4
1509,968bc33d-8861-11f1-9f87-b48c9db4e1b4,17,"[1, 1, 0, 0]",1,1,1,,0.5,4
1510,968bc33d-8861-11f1-9f87-b48c9db4e1b4,17,"[1, 1, 0, 0]",2,0,0,,0.5,4
1511,968bc33d-8861-11f1-9f87-b48c9db4e1b4,17,"[1, 1, 0, 0]",3,0,0,,0.5,4
1512,968bc33d-8861-11f1-9f87-b48c9db4e1b4,18,"[0, 1, 1, 0]",0,0,0,,0.5,4
1513,968bc33d-8861-11f1-9f87-b48c9db4e1b4,18,"[0, 1, 1, 0]",1,1,1,,0.5,4
1514,968bc33d-8861-11f1-9f87-b48c9db4e1b4,18,"[0, 1, 1, 0]",2,1,1,,0.5,4
1515,968bc33d-8861-11f1-9f87-b48c9db4e1b4,18,"[0, 1, 1, 0]",3,0,0,,0.5,4
1516,968bc33d-8861-11f1-9f87-b48c9db4e1b4,19,"[0, 0, 1, 1]",0,0,0,,0.5,4
1517,968bc33d-8861-11f1-9f87-b48c9db4e1b4,19,"[0, 0, 1, 1]",1,0,0,,0.5,4
1518,968bc33d-8861-11f1-9f87-b48c9db4e1b4,19,"[0, 0, 1, 1]",2,1,1,,0.5,4
1519,968bc33d-8861-11f1-9f87-b48c9db4e1b4,19,"[0, 0, 1, 1]",3,1,1,,0.5,4
1520,96922389-8861-11f1-9f21-b48c9db4e1b4,0,"[1, 0, 0, 0]",0,1,1,,0.5,4
1521,96922389-8861-11f1-9f21-b48c9db4e1b4,0,"[1, 0, 0, 0]",1,0,0,,0.5,4
1522,96922389-8861-11f1-9f21-b48c9db4e1b4,0,"[1, 0, 0, 0]",2,0,0,,0.5,4
1523,96922389-8861-11f1-9f21-b48c9db4e1b4,0,"[1, 0, 0, 0]",3,0,0,,0.5,4
1524,96922389-8861-11f1-9f21-b48c9db4e1b4,1,"[1, 1, 0, 0]",0,1,1,,0.5,4
1525,96922389-8861-11f1-9f21-b48c9db4e1b4,1,"[1, 1, 0, 0]",1,1,1,,0.5,4
1526,96922389-8861-11f1-9f21-b48c9db4e1b4,1,"[1, 1, 0, 0]",2,0,0,,0.5,4
1527,96922389-8861-11f1-9f21-b48c9db4e1b4,1,"[1, 1, 0, 0]",3,0,0,,0.5,4
1528,96922389-8861-11f1-9f21-b48c9db4e1b4,2,"[0, 1, 1, 0]",0,0,0,,0.5,4
1529,96922389-8861-11f1-9f21-b48c9db4e1b4,2,"[0, 1, 1, 0]",1,1,1,,0.5,4
1530,96922389-8861-11f1-9f21-b48c9db4e1b4,2,"[0, 1, 1, 0]",2,1,1,,0.5,4
1531,96922389-8861-11f1-9f21-b48c9db4e1b4,2,"[0, 1, 1, 0]",3,0,0,,0.5,4
1532,96922389-8861-11f1-9f21-b48c9db4e1b4,3,"[0, 0, 1, 1]",0,0,0,,0.5,4
1533,96922389-8861-11f1-9f21-b48c9db4e1b4,3,"[0, 0, 1, 1]",1,0,0,,0.5,4
1534,96922389-8861-11f1-9f21-b48c9db4e1b4,3,"[0, 0, 1, 1]",2,1,1,,0.5,4
1535,96922389-8861-11f1-9f21-b48c9db4e1b4,3,"[0, 0, 1, 1]",3,1,1,,0.5,4
1536,96922389-8861-11f1-9f21-b48c9db4e1b4,4,"[1, 0, 0, 1]",0,1,1,,0.5,4
1537,96922389-8861-11f1-9f21-b48c9db4e1b4,4,"[1, 0, 0, 1]",1,0,0,,0.5,4
1538,96922389-8861-11f1-9f21-b48c9db4e1b4,4,"[1, 0, 0, 1]",2,0,0,,0.5,4
1539,96922389-8861-11f1-9f21-b48c9db4e1b4,4,"[1, 0, 0, 1]",3,1,1,,0.5,4
1540,96922389-8861-11f1-9f21-b48c9db4e1b4,5,"[1, 1, 0, 0]",0,1,1,,0.5,4
1541,96922389-8861-11f1-9f21-b48c9db4e1b4,5,"[1, 1, 0, 0]",1,1,1,,0.5,4
1542,96922389-8861-11f1-9f21-b48c9db4e1b4,5,"[1, 1, 0, 0]",2,0,0,,0.5,4
1543,96922389-8861-11f1-9f21-b48c9db4e1b4,5,"[1, 1, 0, 0]",3,0,0,,0.5,4
1544,96922389-8861-11f1-9f21-b48c9db4e1b4,6,"[0, 1, 1, 0]",0,0,0,,0.5,4
1545,96922389-8861-11f1-9f21-b48c9db4e1b4,6,"[0, 1, 1, 0]",1,1,1,,0.5,4
1546,96922389-8861-11f1-9f21-b48c9db4e1b4,6,"[0, 1, 1, 0]",2,1,1,,0.5,4
1547,96922389-8861-11f1-9f21-b48c9db4e1b4,6,"[0, 1, 1, 0]",3,0,0,,0.5,4
1548,96922389-8861-11f1-9f21-b48c9db4e1b4,7,"[0, 0, 1, 1]",0,0,0,,0.5,4
1549,96922389-8861-11f1-9f21-b48c9db4e1b4,7,"[0, 0, 1, 1]",1,0,0,,0.5,4
1550,96922389-8861-11f1-9f21-b48c9db4e1b4,7,"[0, 0, 1, 1]",2,1,1,,0.5,4
1551,96922389-8861-11f1-9f21-b48c9db4e1b4,7,"[0, 0, 1, 1]",3,1,1,,0.5,4
1552,96922389-8861-11f1-9f21-b48c9db4e1b4,8,"[1, 0, 0, 1]",0,1,1,,0.5,4
1553,96922389-8861-11f1-9f21-b48c9db4e1b4,8,"[1, 0, 0, 1]",1,0,0,,0.5,4
1554,96922389-8861-11f1-9f21-b48c9db4e1b4,8,"[1, 0, 0, 1]",2,0,0,,0.5,4
1555,96922389-8861-11f1-9f21-b48c9db4e1b4,8,"[1, 0, 0, 1]",3,1,1,,0.5,4
1556,96922389-8861-11f1-9f21-b48c9db4e1b4,9,"[1, 1, 0, 0]",0,1,1,,0.5,4
1557,96922389-8861-11f1-9f21-b48c9db4e1b4,9,"[1, 1, 0, 0]",1,1,1,,0.5,4
1558,96922389-8861-11f1-9f21-b48c9db4e1b4,9,"[1, 1, 0, 0]",2,0,0,,0.5,4
1559,96922389-8861-11f1-9f21-b48c9db4e1b4,9,"[1, 1, 0, 0]",3,0,0,,0.5,4
1560,96922389-8861-11f1-9f21-b48c9db4e1b4,10,"[0, 1, 1, 0]",0,0,0,,0.5,4
1561,96922389-8861-11f1-9f21-b48c9db4e1b4,10,"[0, 1, 1, 0]",1,1,1,,0.5,4
1562,96922389-8861-11f1-9f21-b48c9db4e1b4,10,"[0, 1, 1, 0]",2,1,1,,0.5,4
1563,96922389-8861-11f1-9f21-b48c9db4e1b4,10,"[0, 1, 1, 0]",3,0,0,,0.5,4
1564,96922389-8861-11f1-9f21-b48c9db4e1b4,11,"[0, 0, 1, 1]",0,0,0,,0.5,4
1565,96922389-8861-11f1-9f21-b48c9db4e1b4,11,"[0, 0, 1, 1]",1,0,0,,0.5,4
1566,96922389-8861-11f1-9f21-b48c9db4e1b4,11,"[0, 0, 1, 1]",2,1,1,,0.5,4
1567,96922389-8861-11f1-9f21-b48c9db4e1b4,11,"[0, 0, 1, 1]",3,1,1,,0.5,4
1568,96922389-8861-11f1-9f21-b48c9db4e1b4,12,"[1, 0, 0, 1]",0,1,1,,0.5,4
1569,96922389-8861-11f1-9f21-b48c9db4e1b4,12,"[1, 0, 0, 1]",1,0,0,,0.5,4
1570,96922389-8861-11f1-9f21-b48c9db4e1b4,12,"[1, 0, 0, 1]",2,0,0,,0.5,4
1571,96922389-8861-11f1-9f21-b48c9db4e1b4,12,"[1, 0, 0, 1]",3,1,1,,0.5,4
1572,96922389-8861-11f1-9f21-b48c9db4e1b4,13,"[1, 1, 0, 0]",0,1,1,,0.5,4
1573,96922389-8861-11f1-9f21-b48c9db4e1b4,13,"[1, 1, 0, 0]",1,1,1,,0.5,4
1574,96922389-8861-11f1-9f21-b48c9db4e1b4,13,"[1, 1, 0, 0]",2,0,0,,0.5,4
1575,96922389-8861-11f1-9f21-b48c9db4e1b4,13,"[1, 1, 0, 0]",3,0,0,,0.5,4
1576,96922389-8861-11f1-9f21-b48c9db4e1b4,14,"[0, 1, 1, 0]",0,0,0,,0.5,4
1577,96922389-8861-11f1-9f21-b48c9db4e1b4,14,"[0, 1, 1, 0]",1,1,1,,0.5,4
1578,96922389-8861-11f1-9f21-b48c9db4e1b4,14,"[0, 1, 1, 0]",2,1,1,,0.5,4
1579,96922389-8861-11f1-9f21-b48c9db4e1b4,14,"[0, 1, 1, 0]",3,0,0,,0.5,4
1580,96922389-8861-11f1-9f21-b48c9db4e1b4,15,"[0, 0, 1, 1]",0,0,0,,0.5,4
1581,96922389-8861-11f1-9f21-b48c9db4e1b4,15,"[0, 0, 1, 1]",1,0,0,,0.5,4
1582,96922389-8861-11f1-9f21-b48c9db4e1b4,15,"[0, 0, 1, 1]",2,1,1,,0.5,4
1583,96922389-8861-11f1-9f21-b48c9db4e1b4,15,"[0, 0, 1, 1]",3,1,1,,0.5,4
1584,96922389-8861-11f1-9f21-b48c9db4e1b4,16,"[1, 0, 0, 1]",0,1,1,,0.5,4
1585,96922389-8861-11f1-9f21-b48c9db4e1b4,16,"[1, 0, 0, 1]",1,0,0,,0.5,4
1586,96922389-8861-11f1-9f21-b48c9db4e1b4,16,"[1, 0, 0, 1]",2,0,0,,0.5,4
1587,96922389-8861-11f1-9f21-b48c9db4e1b4,16,"[1, 0, 0, 1]",3,1,1,,0.5,4
1588,96922389-8861-11f1-9f21-b48c9db4e1b4,17,"[1, 1, 0, 0]",0,1,1,,0.5,4
1589,96922389-8861-11f1-9f21-b48c9db4e1b4,17,"[1, 1, 0, 0]",1,1,1,,0.5,4
1590,96922389-8861-11f1-9f21-b48c9db4e1b4,17,"[1, 1, 0, 0]",2,0,0,,0.5,4
1591,96922389-8861-11f1-9f21-b48c9db4e1b4,17,"[1, 1, 0, 0]",3,0,0,,0.5,4
1592,96922389-8861-11f1-9f21-b48c9db4e1b4,18,"[0, 1, 1, 0]",0,0,0,,0.5,4
1593,96922389-8861-11f1-9f21-b48c9db4e1b4,18,"[0, 1, 1, 0]",1,1,1,,0.5,4
1594,96922389-8861-11f1-9f21-b48c9db4e1b4,18,"[0, 1, 1, 0]",2,1,1,,0.5,4
1595,96922389-8861-11f1-9f21-b48c9db4e1b4,18,"[0, 1, 1, 0]",3,0,0,,0.5,4
1596,96922389-8861-11f1-9f21-b48c9db4e1b4,19,"[0, 0, 1, 1]",0,0,0,,0.5,4
1597,96922389-8861-11f1-9f21-b48c9db4e1b4,19,"[0, 0, 1, 1]",1,0,0,,0.5,4
1598,96922389-8861-11f1-9f21-b48c9db4e1b4,19,"[0, 0, 1, 1]",2,1,1,,0.5,4
1599,96922389-8861-11f1-9f21-b48c9db4e1b4,19,"[0, 0, 1, 1]",3,1,1,,0.5,4
1600,969700dc-8861-11f1-aed0-b48c9db4e1b4,0,"[1, 0, 0, 1]",0,1,1,,0.5,4
1601,969700dc-8861-11f1-aed0-b48c9db4e1b4,0,"[1, 0, 0, 1]",1,0,0,,0.5,4
1602,969700dc-8861-11f1-aed0-b48c9db4e1b4,0,"[1, 0, 0, 1]",2,0,0,,0.5,4
1603,969700dc-8861-11f1-aed0-b48c9db4e1b4,0,"[1, 0, 0, 1]",3,1,1,,0.5,4
1604,969700dc-8861-11f1-aed0-b48c9db4e1b4,1,"[1, 1, 0, 0]",0,1,1,,0.5,4
1605,969700dc-8861-11f1-aed0-b48c9db4e1b4,1,"[1, 1, 0, 0]",1,1,1,,0.5,4
1606,969700dc-8861-11f1-aed0-b48c9db4e1b4,1,"[1, 1, 0, 0]",2,0,0,,0.5,4
1607,969700dc-8861-11f1-aed0-b48c9db4e1b4,1,"[1, 1, 0, 0]",3,0,0,,0.5,4
1608,969700dc-8861-11f1-aed0-b48c9db4e1b4,2,"[0, 1, 1, 0]",0,0,0,,0.5,4
1609,969700dc-8861-11f1-aed0-b48c9db4e1b4,2,"[0, 1, 1, 0]",1,1,1,,0.5,4
1610,969700dc-8861-11f1-aed0-b48c9db4e1b4,2,"[0, 1, 1, 0]",2,1,1,,0.5,4
1611,969700dc-8861-11f1-aed0-b48c9db4e1b4,2,"[0, 1, 1, 0]",3,0,0,,0.5,4
1612,969700dc-8861-11f1-aed0-b48c9db4e1b4,3,"[0, 0, 1, 1]",0,0,0,,0.5,4
1613,969700dc-8861-11f1-aed0-b48c9db4e1b4,3,"[0, 0, 1, 1]",1,0,0,,0.5,4
1614,969700dc-8861-11f1-aed0-b48c9db4e1b4,3,"[0, 0, 1, 1]",2,1,1,,0.5,4
1615,969700dc-8861-11f1-aed0-b48c9db4e1b4,3,"[0, 0, 1, 1]",3,1,1,,0.5,4
1616,969700dc-8861-11f1-aed0-b48c9db4e1b4,4,"[1, 0, 0, 1]",0,1,1,,0.5,4
1617,969700dc-8861-11f1-aed0-b48c9db4e1b4,4,"[1, 0, 0, 1]",1,0,0,,0.5,4
1618,969700dc-8861-11f1-aed0-b48c9db4e1b4,4,"[1, 0, 0, 1]",2,0,0,,0.5,4
1619,969700dc-8861-11f1-aed0-b48c9db4e1b4,4,"[1, 0, 0, 1]",3,1,1,,0.5,4
1620,969700dc-8861-11f1-aed0-b48c9db4e1b4,5,"[1, 1, 0, 0]",0,1,1,,0.5,4
1621,969700dc-8861-11f1-aed0-b48c9db4e1b4,5,"[1, 1, 0, 0]",1,1,1,,0.5,4
1622,969700dc-8861-11f1-aed0-b48c9db4e1b4,5,"[1, 1, 0, 0]",2,0,0,,0.5,4
1623,969700dc-8861-11f1-aed0-b48c9db4e1b4,5,"[1, 1, 0, 0]",3,0,0,,0.5,4
1624,969700dc-8861-11f1-aed0-b48c9db4e1b4,6,"[0, 1, 1, 0]",0,0,0,,0.5,4
1625,969700dc-8861-11f1-aed0-b48c9db4e1b4,6,"[0, 1, 1, 0]",1,1,1,,0.5,4
1626,969700dc-8861-11f1-aed0-b48c9db4e1b4,6,"[0, 1, 1, 0]",2,1,1,,0.5,4
1627,969700dc-8861-11f1-aed0-b48c9db4e1b4,6,"[0, 1, 1, 0]",3,0,0,,0.5,4
1628,969700dc-8861-11f1-aed0-b48c9db4e1b4,7,"[1, 0, 1, 1]",0,1,-1,,0.5,4
1629,969700dc-8861-11f1-aed0-b48c9db4e1b4,7,"[1, 0, 1, 1]",1,0,0,,0.5,4
1630,969700dc-8861-11f1-aed0-b48c9db4e1b4,7,"[1, 0, 1, 1]",2,1,-1,,0.5,4
1631,969700dc-8861-11f1-aed0-b48c9db4e1b4,7,"[1, 0, 1, 1]",3,1,-1,,0.5,4
1632,969700dc-8861-11f1-aed0-b48c9db4e1b4,8,"[1, 0, 0, 1]",0,1,1,,0.5,4
1633,969700dc-8861-11f1-aed0-b48c9db4e1b4,8,"[1, 0, 0, 1]",1,0,0,,0.5,4
1634,969700dc-8861-11f1-aed0-b48c9db4e1b4,8,"[1, 0, 0, 1]",2,0,0,,0.5,4
1635,969700dc-8861-11f1-aed0-b48c9db4e1b4,8,"[1, 0, 0, 1]",3,1,1,,0.5,4
1636,969700dc-8861-11f1-aed0-b48c9db4e1b4,9,"[1, 1, 0, 0]",0,1,1,,0.5,4
1637,969700dc-8861-11f1-aed0-b48c9db4e1b4,9,"[1, 1, 0, 0]",1,1,1,,0.5,4
1638,969700dc-8861-11f1-aed0-b48c9db4e1b4,9,"[1, 1, 0, 0]",2,0,0,,0.5,4
1639,969700dc-8861-11f1-aed0-b48c9db4e1b4,9,"[1, 1, 0, 0]",3,0,0,,0.5,4
1640,969700dc-8861-11f1-aed0-b48c9db4e1b4,10,"[0, 1, 1, 0]",0,0,0,,0.5,4
1641,969700dc-8861-11f1-aed0-b48c9db4e1b4,10,"[0, 1, 1, 0]",1,1,1,,0.5,4
1642,969700dc-8861-11f1-aed0-b48c9db4e1b4,10,"[0, 1, 1, 0]",2,1,1,,0.5,4
1643,969700dc-8861-11f1-aed0-b48c9db4e1b4,10,"[0, 1, 1, 0]",3,0,0,,0.5,4
1644,969700dc-8861-11f1-aed0-b48c9db4e1b4,11,"[0, 0, 1, 1]",0,0,0,,0.5,4
1645,969700dc-8861-11f1-aed0-b48c9db4e1b4,11,"[0, 0, 1, 1]",1,0,0,,0.5,4
1646,969700dc-8861-11f1-aed0-b48c9db4e1b4,11,"[0, 0, 1, 1]",2,1,1,,0.5,4
1647,969700dc-8861-11f1-aed0-b48c9db4e1b4,11,"[0, 0, 1, 1]",3,1,1,,0.5,4
1648,969700dc-8861-11f1-aed0-b48c9db4e1b4,12,"[1, 0, 0, 1]",0,1,1,,0.5,4
1649,969700dc-8861-11f1-aed0-b48c9db4e1b4,12,"[1, 0, 0, 1]",1,0,0,,0.5,4
1650,969700dc-8861-11f1-aed0-b48c9db4e1b4,12,"[1, 0, 0, 1]",2,0,0,,0.5,4
1651,969700dc-8861-11f1-aed0-b48c9db4e1b4,12,"[1, 0, 0, 1]",3,1,1,,0.5,4
1652,969700dc-8861-11f1-aed0-b48c9db4e1b4,13,"[1, 1, 0, 0]",0,1,1,,0.5,4
1653,969700dc-8861-11f1-aed0-b48c9db4e1b4,13,"[1, 1, 0, 0]",1,1,1,,0.5,4
1654,969700dc-8861-11f1-aed0-b48c9db4e1b4,13,"[1, 1, 0, 0]",2,0,0,,0.5,4
1655,969700dc-8861-11f1-aed0-b48c9db4e1b4,13,"[1, 1, 0, 0]",3,0,0,,0.5,4
1656,969700dc-8861-11f1-aed0-b48c9db4e1b4,14,"[0, 1, 1, 0]",0,0,0,,0.5,4
1657,969700dc-8861-11f1-aed0-b48c9db4e1b4,14,"[0, 1, 1, 0]",1,1,1,,0.5,4
1658,969700dc-8861-11f1-aed0-b48c9db4e1b4,14,"[0, 1, 1, 0]",2,1,1,,0.5,4
1659,969700dc-8861-11f1-aed0-b48c9db4e1b4,14,"[0, 1, 1, 0]",3,0,0,,0.5,4
1660,969700dc-8861-11f1-aed0-b48c9db4e1b4,15,"[0, 0, 1, 1]",0,0,0,,0.5,4
1661,969700dc-8861-11f1-aed0-b48c9db4e1b4,15,"[0, 0, 1, 1]",1,0,0,,0.5,4
1662,969700dc-8861-11f1-aed0-b48c9db4e1b4,15,"[0, 0, 1, 1]",2,1,1,,0.5,4
1663,969700dc-8861-11f1-aed0-b48c9db4e1b4,15,"[0, 0, 1, 1]",3,1,1,,0.5,4
1664,969700dc-8861-11f1-aed0-b48c9db4e1b4,16,"[1, 0, 0, 1]",0,1,1,,0.5,4
1665,969700dc-8861-11f1-aed0-b48c9db4e1b4,16,"[1, 0, 0, 1]",1,0,0,,0.5,4
1666,969700dc-8861-11f1-aed0-b48c9db4e1b4,16,"[1, 0, 0, 1]",2,0,0,,0.5,4
1667,969700dc-8861-11f1-aed0-b48c9db4e1b4,16,"[1, 0, 0, 1]",3,1,1,,0.5,4
1668,969700dc-8861-11f1-aed0-b48c9db4e1b4,17,"[1, 1, 0, 0]",0,1,1,,0.5,4
1669,969700dc-8861-11f1-aed0-b48c9db4e1b4,17,"[1, 1, 0, 0]",1,1,1,,0.5,4
1670,969700dc-8861-11f1-aed0-b48c9db4e1b4,17,"[1, 1, 0, 0]",2,0,0,,0.5,4
1671,969700dc-8861-11f1-aed0-b48c9db4e1b4,17,"[1, 1, 0, 0]",3,0,0,,0.5,4
1672,969700dc-8861-11f1-aed0-b48c9db4e1b4,18,"[0, 1, 1, 0]",0,0,0,,0.5,4
1673,969700dc-8861-11f1-aed0-b48c9db4e1b4,18,"[0, 1, 1, 0]",1,1,1,,0.5,4
1674,969700dc-8861-11f1-aed0-b48c9db4e1b4,18,"[0, 1, 1, 0]",2,1,1,,0.5,4
1675,969700dc-8861-11f1-aed0-b48c9db4e1b4,18,"[0, 1, 1, 0]",3,0,0,,0.5,4
1676,969700dc-8861-11f1-aed0-b48c9db4e1b4,19,"[0, 0, 1, 1]",0,0,0,,0.5,4
1677,969700dc-8861-11f1-aed0-b48c9db4e1b4,19,"[0, 0, 1, 1]",1,0,0,,0.5,4
1678,969700dc-8861-11f1-aed0-b48c9db4e1b4,19,"[0, 0, 1, 1]",2,1,1,,0.5,4
1679,969700dc-8861-11f1-aed0-b48c9db4e1b4,19,"[0, 0, 1, 1]",3,1,1,,0.5,4
1680,969c0966-8861-11f1-b2da-b48c9db4e1b4,0,"[0, 1, 1, 0]",0,0,0,,0.5,4
1681,969c0966-8861-11f1-b2da-b48c9db4e1b4,0,"[0, 1, 1, 0]",1,1,1,,0.5,4
1682,969c0966-8861-11f1-b2da-b48c9db4e1b4,0,"[0, 1, 1, 0]",2,1,1,,0.5,4
1683,969c0966-8861-11f1-b2da-b48c9db4e1b4,0,"[0, 1, 1, 0]",3,0,0,,0.5,4
1684,969c0966-8861-11f1-b2da-b48c9db4e1b4,1,"[0, 1, 1, 0]",0,0,0,,0.5,4
1685,969c0966-8861-11f1-b2da-b48c9db4e1b4,1,"[0, 1, 1, 0]",1,1,1,,0.5,4
1686,969c0966-8861-11f1-b2da-b48c9db4e1b4,1,"[0, 1, 1, 0]",2,1,1,,0.5,4
1687,969c0966-8861-11f1-b2da-b48c9db4e1b4,1,"[0, 1, 1, 0]",3,0,0,,0.5,4
1688,969c0966-8861-11f1-b2da-b48c9db4e1b4,2,"[0, 1, 1, 0]",0,0,0,,0.5,4
1689,969c0966-8861-11f1-b2da-b48c9db4e1b4,2,"[0, 1, 1, 0]",1,1,1,,0.5,4
1690,969c0966-8861-11f1-b2da-b48c9db4e1b4,2,"[0, 1, 1, 0]",2,1,1,,0.5,4
1691,969c0966-8861-11f1-b2da-b48c9db4e1b4,2,"[0, 1, 1, 0]",3,0,0,,0.5,4
1692,969c0966-8861-11f1-b2da-b48c9db4e1b4,3,"[0, 1, 1, 0]",0,0,0,,0.5,4
1693,969c0966-8861-11f1-b2da-b48c9db4e1b4,3,"[0, 1, 1, 0]",1,1,1,,0.5,4
1694,969c0966-8861-11f1-b2da-b48c9db4e1b4,3,"[0, 1, 1, 0]",2,1,1,,0.5,4
1695,969c0966-8861-11f1-b2da-b48c9db4e1b4,3,"[0, 1, 1, 0]",3,0,0,,0.5,4
1696,969c0966-8861-11f1-b2da-b48c9db4e1b4,4,"[0, 1, 1, 0]",0,0,0,,0.5,4
1697,969c0966-8861-11f1-b2da-b48c9db4e1b4,4,"[0, 1, 1, 0]",1,1,1,,0.5,4
1698,969c0966-8861-11f1-b2da-b48c9db4e1b4,4,"[0, 1, 1, 0]",2,1,1,,0.5,4
1699,969c0966-8861-11f1-b2da-b48c9db4e1b4,4,"[0, 1, 1, 0]",3,0,0,,0.5,4
1700,969c0966-8861-11f1-b2da-b48c9db4e1b4,5,"[0, 1, 1, 0]",0,0,0,,0.5,4
1701,969c0966-8861-11f1-b2da-b48c9db4e1b4,5,"[0, 1, 1, 0]",1,1,1,,0.5,4
1702,969c0966-8861-11f1-b2da-b48c9db4e1b4,5,"[0, 1, 1, 0]",2,1,1,,0.5,4
1703,969c0966-8861-11f1-b2da-b48c9db4e1b4,5,"[0, 1, 1, 0]",3,0,0,,0.5,4
1704,969c0966-8861-11f1-b2da-b48c9db4e1b4,6,"[0, 1, 1, 0]",0,0,0,,0.5,4
1705,969c0966-8861-11f1-b2da-b48c9db4e1b4,6,"[0, 1, 1, 0]",1,1,1,,0.5,4
1706,969c0966-8861-11f1-b2da-b48c9db4e1b4,6,"[0, 1, 1, 0]",2,1,1,,0.5,4
1707,969c0966-8861-11f1-b2da-b48c9db4e1b4,6,"[0, 1, 1, 0]",3,0,0,,0.5,4
1708,969c0966-8861-11f1-b2da-b48c9db4e1b4,7,"[0, 1, 1, 0]",0,0,0,,0.5,4
1709,969c0966-8861-11f1-b2da-b48c9db4e1b4,7,"[0, 1, 1, 0]",1,1,1,,0.5,4
1710,969c0966-8861-11f1-b2da-b48c9db4e1b4,7,"[0, 1, 1, 0]",2,1,1,,0.5,4
1711,969c0966-8861-11f1-b2da-b48c9db4e1b4,7,"[0, 1, 1, 0]",3,0,0,,0.5,4
1712,969c0966-8861-11f1-b2da-b48c9db4e1b4,8,"[0, 1, 1, 0]",0,0,0,,0.5,4
1713,969c0966-8861-11f1-b2da-b48c9db4e1b4,8,"[0, 1, 1, 0]",1,1,1,,0.5,4
1714,969c0966-8861-11f1-b2da-b48c9db4e1b4,8,"[0, 1, 1, 0]",2,1,1,,0.5,4
1715,969c0966-8861-11f1-b2da-b48c9db4e1b4,8,"[0, 1, 1, 0]",3,0,0,,0.5,4
1716,969c0966-8861-11f1-b2da-b48c9db4e1b4,9,"[0, 1, 1, 0]",0,0,0,,0.5,4
1717,969c0966-8861-11f1-b2da-b48c9db4e1b4,9,"[0, 1, 1, 0]",1,1,1,,0.5,4
1718,969c0966-8861-11f1-b2da-b48c9db4e1b4,9,"[0, 1, 1, 0]",2,1,1,,0.5,4
1719,969c0966-8861-11f1-b2da-b48c9db4e1b4,9,"[0, 1, 1, 0]",3,0,0,,0.5,4
1720,969c0966-8861-11f1-b2da-b48c9db4e1b4,10,"[0, 1, 1, 0]",0,0,0,,0.5,4
1721,969c0966-8861-11f1-b2da-b48c9db4e1b4,10,"[0, 1, 1, 0]",1,1,1,,0.5,4
1722,969c0966-8861-11f1-b2da-b48c9db4e1b4,10,"[0, 1, 1, 0]",2,1,1,,0.5,4
1723,969c0966-8861-11f1-b2da-b48c9db4e1b4,10,"[0, 1, 1, 0]",3,0,0,,0.5,4
1724,969c0966-8861-11f1-b2da-b48c9db4e1b4,11,"[0, 1, 1, 0]",0,0,0,,0.5,4
1725,969c0966-8861-11f1-b2da-b48c9db4e1b4,11,"[0, 1, 1, 0]",1,1,1,,0.5,4
1726,969c0966-8861-11f1-b2da-b48c9db4e1b4,11,"[0, 1, 1, 0]",2,1,1,,0.5,4
1727,969c0966-8861-11f1-b2da-b48c9db4e1b4,11,"[0, 1, 1, 0]",3,0,0,,0.5,4
1728,969c0966-8861-11f1-b2da-b48c9db4e1b4,12,"[0, 1, 1, 0]",0,0,0,,0.5,4
1729,969c0966-8861-11f1-b2da-b48c9db4e1b4,12,"[0, 1, 1, 0]",1,1,1,,0.5,4
1730,969c0966-8861-11f1-b2da-b48c9db4e1b4,12,"[0, 1, 1, 0]",2,1,1,,0.5,4
1731,969c0966-8861-11f1-b2da-b48c9db4e1b4,12,"[0, 1, 1, 0]",3,0,0,,0.5,4
1732,969c0966-8861-11f1-b2da-b48c9db4e1b4,13,"[0, 1, 1, 0]",0,0,0,,0.5,4
1733,969c0966-8861-11f1-b2da-b48c9db4e1b4,13,"[0, 1, 1, 0]",1,1,1,,0.5,4
1734,969c0966-8861-11f1-b2da-b48c9db4e1b4,13,"[0, 1, 1, 0]",2,1,1,,0.5,4
1735,969c0966-8861-11f1-b2da-b48c9db4e1b4,13,"[0, 1, 1, 0]",3,0,0,,0.5,4
1736,969c0966-8861-11f1-b2da-b48c9db4e1b4,14,"[0, 1, 1, 0]",0,0,0,,0.5,4
1737,969c0966-8861-11f1-b2da-b48c9db4e1b4,14,"[0, 1, 1, 0]",1,1,1,,0.5,4
1738,969c0966-8861-11f1-b2da-b48c9db4e1b4,14,"[0, 1, 1, 0]",2,1,1,,0.5,4
1739,969c0966-8861-11f1-b2da-b48c9db4e1b4,14,"[0, 1, 1, 0]",3,0,0,,0.5,4
1740,969c0966-8861-11f1-b2da-b48c9db4e1b4,15,"[0, 1, 1, 0]",0,0,0,,0.5,4
1741,969c0966-8861-11f1-b2da-b48c9db4e1b4,15,"[0, 1, 1, 0]",1,1,1,,0.5,4
1742,969c0966-8861-11f1-b2da-b48c9db4e1b4,15,"[0, 1, 1, 0]",2,1,1,,0.5,4
1743,969c0966-8861-11f1-b2da-b48c9db4e1b4,15,"[0, 1, 1, 0]",3,0,0,,0.5,4
1744,969c0966-8861-11f1-b2da-b48c9db4e1b4,16,"[0, 1, 1, 0]",0,0,0,,0.5,4
1745,969c0966-8861-11f1-b2da-b48c9db4e1b4,16,"[0, 1, 1, 0]",1,1,1,,0.5,4
1746,969c0966-8861-11f1-b2da-b48c9db4e1b4,16,"[0, 1, 1, 0]",2,1,1,,0.5,4
1747,969c0966-8861-11f1-b2da-b48c9db4e1b4,16,"[0, 1, 1, 0]",3,0,0,,0.5,4
1748,969c0966-8861-11f1-b2da-b48c9db4e1b4,17,"[0, 1, 1, 0]",0,0,0,,0.5,4
1749,969c0966-8861-11f1-b2da-b48c9db4e1b4,17,"[0, 1, 1, 0]",1,1,1,,0.5,4
1750,969c0966-8861-11f1-b2da-b48c9db4e1b4,17,"[0, 1, 1, 0]",2,1,1,,0.5,4
1751,969c0966-8861-11f1-b2da-b48c9db4e1b4,17,"[0, 1, 1, 0]",3,0,0,,0.5,4
1752,969c0966-8861-11f1-b2da-b48c9db4e1b4,18,"[0, 1, 1, 0]",0,0,0,,0.5,4
1753,969c0966-8861-11f1-b2da-b48c9db4e1b4,18,"[0, 1, 1, 0]",1,1,1,,0.5,4
1754,969c0966-8861-11f1-b2da-b48c9db4e1b4,18,"[0, 1, 1, 0]",2,1,1,,0.5,4
1755,969c0966-8861-11f1-b2da-b48c9db4e1b4,18,"[0, 1, 1, 0]",3,0,0,,0.5,4
1756,969c0966-8861-11f1-b2da-b48c9db4e1b4,19,"[0, 1, 1, 0]",0,0,0,,0.5,4
1757,969c0966-8861-11f1-b2da-b48c9db4e1b4,19,"[0, 1, 1, 0]",1,1,1,,0.5,4
1758,969c0966-8861-11f1-b2da-b48c9db4e1b4,19,"[0, 1, 1, 0]",2,1,1,,0.5,4
1759,969c0966-8861-11f1-b2da-b48c9db4e1b4,19,"[0, 1, 1, 0]",3,0,0,,0.5,4
1760,96a1929d-8861-11f1-8670-b48c9db4e1b4,0,"[0, 0, 0, 0]",0,0,0,,0.5,4
1761,96a1929d-8861-11f1-8670-b48c9db4e1b4,0,"[0, 0, 0, 0]",1,0,0,,0.5,4
1762,96a1929d-8861-11f1-8670-b48c9db4e1b4,0,"[0, 0, 0, 0]",2,0,0,,0.5,4
1763,96a1929d-8861-11f1-8670-b48c9db4e1b4,0,"[0, 0, 0, 0]",3,0,0,,0.5,4
1764,96a1929d-8861-11f1-8670-b48c9db4e1b4,1,"[0, 1, 0, 0]",0,0,0,,0.5,4
1765,96a1929d-8861-11f1-8670-b48c9db4e1b4,1,"[0, 1, 0, 0]",1,1,1,,0.5,4
1766,96a1929d-8861-11f1-8670-b48c9db4e1b4,1,"[0, 1, 0, 0]",2,0,0,,0.5,4
1767,96a1929d-8861-11f1-8670-b48c9db4e1b4,1,"[0, 1, 0, 0]",3,0,0,,0.5,4
1768,96a1929d-8861-11f1-8670-b48c9db4e1b4,2,"[0, 1, 1, 0]",0,0,0,,0.5,4
1769,96a1929d-8861-11f1-8670-b48c9db4e1b4,2,"[0, 1, 1, 0]",1,1,1,,0.5,4
1770,96a1929d-8861-11f1-8670-b48c9db4e1b4,2,"[0, 1, 1, 0]",2,1,1,,0.5,4
1771,96a1929d-8861-11f1-8670-b48c9db4e1b4,2,"[0, 1, 1, 0]",3,0,0,,0.5,4
1772,96a1929d-8861-11f1-8670-b48c9db4e1b4,3,"[0, 1, 1, 1]",0,0,0,,0.5,4
1773,96a1929d-8861-11f1-8670-b48c9db4e1b4,3,"[0, 1, 1, 1]",1,1,-1,,0.5,4
1774,96a1929d-8861-11f1-8670-b48c9db4e1b4,3,"[0, 1, 1, 1]",2,1,-1,,0.5,4
1775,96a1929d-8861-11f1-8670-b48c9db4e1b4,3,"[0, 1, 1, 1]",3,1,-1,,0.5,4
1776,96a1929d-8861-11f1-8670-b48c9db4e1b4,4,"[0, 0, 1, 0]",0,0,0,,0.5,4
1777,96a1929d-8861-11f1-8670-b48c9db4e1b4,4,"[0, 0, 1, 0]",1,0,0,,0.5,4
1778,96a1929d-8861-11f1-8670-b48c9db4e1b4,4,"[0, 0, 1, 0]",2,1,1,,0.5,4
1779,96a1929d-8861-11f1-8670-b48c9db4e1b4,4,"[0, 0, 1, 0]",3,0,0,,0.5,4
1780,96a1929d-8861-11f1-8670-b48c9db4e1b4,5,"[0, 0, 0, 0]",0,0,0,,0.5,4
1781,96a1929d-8861-11f1-8670-b48c9db4e1b4,5,"[0, 0, 0, 0]",1,0,0,,0.5,4
1782,96a1929d-8861-11f1-8670-b48c9db4e1b4,5,"[0, 0, 0, 0]",2,0,0,,0.5,4
1783,96a1929d-8861-11f1-8670-b48c9db4e1b4,5,"[0, 0, 0, 0]",3,0,0,,0.5,4
1784,96a1929d-8861-11f1-8670-b48c9db4e1b4,6,"[0, 1, 0, 0]",0,0,0,,0.5,4
1785,96a1929d-8861-11f1-8670-b48c9db4e1b4,6,"[0, 1, 0, 0]",1,1,1,,0.5,4
1786,96a1929d-8861-11f1-8670-b48c9db4e1b4,6,"[0, 1, 0, 0]",2,0,0,,0.5,4
1787,96a1929d-8861-11f1-8670-b48c9db4e1b4,6,"[0, 1, 0, 0]",3,0,0,,0.5,4
1788,96a1929d-8861-11f1-8670-b48c9db4e1b4,7,"[0, 1, 1, 0]",0,0,0,,0.5,4
1789,96a1929d-8861-11f1-8670-b48c9db4e1b4,7,"[0, 1, 1, 0]",1,1,1,,0.5,4
1790,96a1929d-8861-11f1-8670-b48c9db4e1b4,7,"[0, 1, 1, 0]",2,1,1,,0.5,4
1791,96a1929d-8861-11f1-8670-b48c9db4e1b4,7,"[0, 1, 1, 0]",3,0,0,,0.5,4
1792,96a1929d-8861-11f1-8670-b48c9db4e1b4,8,"[0, 0, 1, 1]",0,0,0,,0.5,4
1793,96a1929d-8861-11f1-8670-b48c9db4e1b4,8,"[0, 0, 1, 1]",1,0,0,,0.5,4
1794,96a1929d-8861-11f1-8670-b48c9db4e1b4,8,"[0, 0, 1, 1]",2,1,1,,0.5,4
1795,96a1929d-8861-11f1-8670-b48c9db4e1b4,8,"[0, 0, 1, 1]",3,1,1,,0.5,4
1796,96a1929d-8861-11f1-8670-b48c9db4e1b4,9,"[1, 0, 0, 1]",0,1,1,,0.5,4
1797,96a1929d-8861-11f1-8670-b48c9db4e1b4,9,"[1, 0, 0, 1]",1,0,0,,0.5,4
1798,96a1929d-8861-11f1-8670-b48c9db4e1b4,9,"[1, 0, 0, 1]",2,0,0,,0.5,4
1799,96a1929d-8861-11f1-8670-b48c9db4e1b4,9,"[1, 0, 0, 1]",3,1,1,,0.5,4
1800,96a1929d-8861-11f1-8670-b48c9db4e1b4,10,"[1, 1, 0, 0]",0,1,1,,0.5,4
1801,96a1929d-8861-11f1-8670-b48c9db4e1b4,10,"[1, 1, 0, 0]",1,1,1,,0.5,4
1802,96a1929d-8861-11f1-8670-b48c9db4e1b4,10,"[1, 1, 0, 0]",2,0,0,,0.5,4
1803,96a1929d-8861-11f1-8670-b48c9db4e1b4,10,"[1, 1, 0, 0]",3,0,0,,0.5,4
1804,96a1929d-8861-11f1-8670-b48c9db4e1b4,11,"[0, 1, 1, 0]",0,0,0,,0.5,4
1805,96a1929d-8861-11f1-8670-b48c9db4e1b4,11,"[0, 1, 1, 0]",1,1,1,,0.5,4
1806,96a1929d-8861-11f1-8670-b48c9db4e1b4,11,"[0, 1, 1, 0]",2,1,1,,0.5,4
1807,96a1929d-8861-11f1-8670-b48c9db4e1b4,11,"[0, 1, 1, 0]",3,0,0,,0.5,4
1808,96a1929d-8861-11f1-8670-b48c9db4e1b4,12,"[0, 0, 1, 1]",0,0,0,,0.5,4
1809,96a1929d-8861-11f1-8670-b48c9db4e1b4,12,"[0, 0, 1, 1]",1,0,0,,0.5,4
1810,96a1929d-8861-11f1-8670-b48c9db4e1b4,12,"[0, 0, 1, 1]",2,1,1,,0.5,4
1811,96a1929d-8861-11f1-8670-b48c9db4e1b4,12,"[0, 0, 1, 1]",3,1,1,,0.5,4
1812,96a1929d-8861-11f1-8670-b48c9db4e1b4,13,"[1, 0, 0, 1]",0,1,1,,0.5,4
1813,96a1929d-8861-11f1-8670-b48c9db4e1b4,13,"[1, 0, 0, 1]",1,0,0,,0.5,4
1814,96a1929d-8861-11f1-8670-b48c9db4e1b4,13,"[1, 0, 0, 1]",2,0,0,,0.5,4
1815,96a1929d-8861-11f1-8670-b48c9db4e1b4,13,"[1, 0, 0, 1]",3,1,1,,0.5,4
1816,96a1929d-8861-11f1-8670-b48c9db4e1b4,14,"[1, 1, 0, 0]",0,1,1,,0.5,4
1817,96a1929d-8861-11f1-8670-b48c9db4e1b4,14,"[1, 1, 0, 0]",1,1,1,,0.5,4
1818,96a1929d-8861-11f1-8670-b48c9db4e1b4,14,"[1, 1, 0, 0]",2,0,0,,0.5,4
1819,96a1929d-8861-11f1-8670-b48c9db4e1b4,14,"[1, 1, 0, 0]",3,0,0,,0.5,4
1820,96a1929d-8861-11f1-8670-b48c9db4e1b4,15,"[0, 1, 1, 0]",0,0,0,,0.5,4
1821,96a1929d-8861-11f1-8670-b48c9db4e1b4,15,"[0, 1, 1, 0]",1,1,1,,0.5,4
1822,96a1929d-8861-11f1-8670-b48c9db4e1b4,15,"[0, 1, 1, 0]",2,1,1,,0.5,4
1823,96a1929d-8861-11f1-8670-b48c9db4e1b4,15,"[0, 1, 1, 0]",3,0,0,,0.5,4
1824,96a1929d-8861-11f1-8670-b48c9db4e1b4,16,"[0, 0, 1, 1]",0,0,0,,0.5,4
1825,96a1929d-8861-11f1-8670-b48c9db4e1b4,16,"[0, 0, 1, 1]",1,0,0,,0.5,4
1826,96a1929d-8861-11f1-8670-b48c9db4e1b4,16,"[0, 0, 1, 1]",2,1,1,,0.5,4
1827,96a1929d-8861-11f1-8670-b48c9db4e1b4,16,"[0, 0, 1, 1]",3,1,1,,0.5,4
1828,96a1929d-8861-11f1-8670-b48c9db4e1b4,17,"[1, 0, 0, 1]",0,1,1,,0.5,4
1829,96a1929d-8861-11f1-8670-b48c9db4e1b4,17,"[1, 0, 0, 1]",1,0,0,,0.5,4
1830,96a1929d-8861-11f1-8670-b48c9db4e1b4,17,"[1, 0, 0, 1]",2,0,0,,0.5,4
1831,96a1929d-8861-11f1-8670-b48c9db4e1b4,17,"[1, 0, 0, 1]",3,1,1,,0.5,4
1832,96a1929d-8861-11f1-8670-b48c9db4e1b4,18,"[1, 1, 0, 0]",0,1,1,,0.5,4
1833,96a1929d-8861-11f1-8670-b48c9db4e1b4,18,"[1, 1, 0, 0]",1,1,1,,0.5,4
1834,96a1929d-8861-11f1-8670-b48c9db4e1b4,18,"[1, 1, 0, 0]",2,0,0,,0.5,4
1835,96a1929d-8861-11f1-8670-b48c9db4e1b4,18,"[1, 1, 0, 0]",3,0,0,,0.5,4
1836,96a1929d-8861-11f1-8670-b48c9db4e1b4,19,"[0, 1, 1, 0]",0,0,0,,0.5,4
1837,96a1929d-8861-11f1-8670-b48c9db4e1b4,19,"[0, 1, 1, 0]",1,1,1,,0.5,4
1838,96a1929d-8861-11f1-8670-b48c9db4e1b4,19,"[0, 1, 1, 0]",2,1,1,,0.5,4
1839,96a1929d-8861-11f1-8670-b48c9db4e1b4,19,"[0, 1, 1, 0]",3,0,0,,0.5,4
1840,96a69279-8861-11f1-81b5-b48c9db4e1b4,0,"[0, 0, 0, 1]",0,0,0,,0.5,4
1841,96a69279-8861-11f1-81b5-b48c9db4e1b4,0,"[0, 0, 0, 1]",1,0,0,,0.5,4
1842,96a69279-8861-11f1-81b5-b48c9db4e1b4,0,"[0, 0, 0, 1]",2,0,0,,0.5,4
1843,96a69279-8861-11f1-81b5-b48c9db4e1b4,0,"[0, 0, 0, 1]",3,1,1,,0.5,4
1844,96a69279-8861-11f1-81b5-b48c9db4e1b4,1,"[1, 0, 0, 1]",0,1,1,,0.5,4
1845,96a69279-8861-11f1-81b5-b48c9db4e1b4,1,"[1, 0, 0, 1]",1,0,0,,0.5,4
1846,96a69279-8861-11f1-81b5-b48c9db4e1b4,1,"[1, 0, 0, 1]",2,0,0,,0.5,4
1847,96a69279-8861-11f1-81b5-b48c9db4e1b4,1,"[1, 0, 0, 1]",3,1,1,,0.5,4
1848,96a69279-8861-11f1-81b5-b48c9db4e1b4,2,"[1, 1, 0, 0]",0,1,1,,0.5,4
1849,96a69279-8861-11f1-81b5-b48c9db4e1b4,2,"[1, 1, 0, 0]",1,1,1,,0.5,4
1850,96a69279-8861-11f1-81b5-b48c9db4e1b4,2,"[1, 1, 0, 0]",2,0,0,,0.5,4
1851,96a69279-8861-11f1-81b5-b48c9db4e1b4,2,"[1, 1, 0, 0]",3,0,0,,0.5,4
1852,96a69279-8861-11f1-81b5-b48c9db4e1b4,3,"[0, 1, 1, 0]",0,0,0,,0.5,4
1853,96a69279-8861-11f1-81b5-b48c9db4e1b4,3,"[0, 1, 1, 0]",1,1,1,,0.5,4
1854,96a69279-8861-11f1-81b5-b48c9db4e1b4,3,"[0, 1, 1, 0]",2,1,1,,0.5,4
1855,96a69279-8861-11f1-81b5-b48c9db4e1b4,3,"[0, 1, 1, 0]",3,0,0,,0.5,4
1856,96a69279-8861-11f1-81b5-b48c9db4e1b4,4,"[0, 0, 1, 1]",0,0,0,,0.5,4
1857,96a69279-8861-11f1-81b5-b48c9db4e1b4,4,"[0, 0, 1, 1]",1,0,0,,0.5,4
1858,96a69279-8861-11f1-81b5-b48c9db4e1b4,4,"[0, 0, 1, 1]",2,1,1,,0.5,4
1859,96a69279-8861-11f1-81b5-b48c9db4e1b4,4,"[0, 0, 1, 1]",3,1,1,,0.5,4
1860,96a69279-8861-11f1-81b5-b48c9db4e1b4,5,"[1, 0, 0, 1]",0,1,1,,0.5,4
1861,96a69279-8861-11f1-81b5-b48c9db4e1b4,5,"[1, 0, 0, 1]",1,0,0,,0.5,4
1862,96a69279-8861-11f1-81b5-b48c9db4e1b4,5,"[1, 0, 0, 1]",2,0,0,,0.5,4
1863,96a69279-8861-11f1-81b5-b48c9db4e1b4,5,"[1, 0, 0, 1]",3,1,1,,0.5,4
1864,96a69279-8861-11f1-81b5-b48c9db4e1b4,6,"[1, 1, 0, 0]",0,1,1,,0.5,4
1865,96a69279-8861-11f1-81b5-b48c9db4e1b4,6,"[1, 1, 0, 0]",1,1,1,,0.5,4
1866,96a69279-8861-11f1-81b5-b48c9db4e1b4,6,"[1, 1, 0, 0]",2,0,0,,0.5,4
1867,96a69279-8861-11f1-81b5-b48c9db4e1b4,6,"[1, 1, 0, 0]",3,0,0,,0.5,4
1868,96a69279-8861-11f1-81b5-b48c9db4e1b4,7,"[0, 1, 1, 0]",0,0,0,,0.5,4
1869,96a69279-8861-11f1-81b5-b48c9db4e1b4,7,"[0, 1, 1, 0]",1,1,1,,0.5,4
1870,96a69279-8861-11f1-81b5-b48c9db4e1b4,7,"[0, 1, 1, 0]",2,1,1,,0.5,4
1871,96a69279-8861-11f1-81b5-b48c9db4e1b4,7,"[0, 1, 1, 0]",3,0,0,,0.5,4
1872,96a69279-8861-11f1-81b5-b48c9db4e1b4,8,"[0, 0, 1, 1]",0,0,0,,0.5,4
1873,96a69279-8861-11f1-81b5-b48c9db4e1b4,8,"[0, 0, 1, 1]",1,0,0,,0.5,4
1874,96a69279-8861-11f1-81b5-b48c9db4e1b4,8,"[0, 0, 1, 1]",2,1,1,,0.5,4
1875,96a69279-8861-11f1-81b5-b48c9db4e1b4,8,"[0, 0, 1, 1]",3,1,1,,0.5,4
1876,96a69279-8861-11f1-81b5-b48c9db4e1b4,9,"[1, 0, 0, 1]",0,1,1,,0.5,4
1877,96a69279-8861-11f1-81b5-b48c9db4e1b4,9,"[1, 0, 0, 1]",1,0,0,,0.5,4
1878,96a69279-8861-11f1-81b5-b48c9db4e1b4,9,"[1, 0, 0, 1]",2,0,0,,0.5,4
1879,96a69279-8861-11f1-81b5-b48c9db4e1b4,9,"[1, 0, 0, 1]",3,1,1,,0.5,4
1880,96a69279-8861-11f1-81b5-b48c9db4e1b4,10,"[1, 1, 0, 0]",0,1,1,,0.5,4
1881,96a69279-8861-11f1-81b5-b48c9db4e1b4,10,"[1, 1, 0, 0]",1,1,1,,0.5,4
1882,96a69279-8861-11f1-81b5-b48c9db4e1b4,10,"[1, 1, 0, 0]",2,0,0,,0.5,4
1883,96a69279-8861-11f1-81b5-b48c9db4e1b4,10,"[1, 1, 0, 0]",3,0,0,,0.5,4
1884,96a69279-8861-11f1-81b5-b48c9db4e1b4,11,"[0, 1, 1, 0]",0,0,0,,0.5,4
1885,96a69279-8861-11f1-81b5-b48c9db4e1b4,11,"[0, 1, 1, 0]",1,1,1,,0.5,4
1886,96a69279-8861-11f1-81b5-b48c9db4e1b4,11,"[0, 1, 1, 0]",2,1,1,,0.5,4
1887,96a69279-8861-11f1-81b5-b48c9db4e1b4,11,"[0, 1, 1, 0]",3,0,0,,0.5,4
1888,96a69279-8861-11f1-81b5-b48c9db4e1b4,12,"[0, 0, 1, 1]",0,0,0,,0.5,4
1889,96a69279-8861-11f1-81b5-b48c9db4e1b4,12,"[0, 0, 1, 1]",1,0,0,,0.5,4
1890,96a69279-8861-11f1-81b5-b48c9db4e1b4,12,"[0, 0, 1, 1]",2,1,1,,0.5,4
1891,96a69279-8861-11f1-81b5-b48c9db4e1b4,12,"[0, 0, 1, 1]",3,1,1,,0.5,4
1892,96a69279-8861-11f1-81b5-b48c9db4e1b4,13,"[1, 0, 0, 1]",0,1,1,,0.5,4
1893,96a69279-8861-11f1-81b5-b48c9db4e1b4,13,"[1, 0, 0, 1]",1,0,0,,0.5,4
1894,96a69279-8861-11f1-81b5-b48c9db4e1b4,13,"[1, 0, 0, 1]",2,0,0,,0.5,4
1895,96a69279-8861-11f1-81b5-b48c9db4e1b4,13,"[1, 0, 0, 1]",3,1,1,,0.5,4
1896,96a69279-8861-11f1-81b5-b48c9db4e1b4,14,"[1, 1, 0, 0]",0,1,1,,0.5,4
1897,96a69279-8861-11f1-81b5-b48c9db4e1b4,14,"[1, 1, 0, 0]",1,1,1,,0.5,4
1898,96a69279-8861-11f1-81b5-b48c9db4e1b4,14,"[1, 1, 0, 0]",2,0,0,,0.5,4
1899,96a69279-8861-11f1-81b5-b48c9db4e1b4,14,"[1, 1, 0, 0]",3,0,0,,0.5,4
1900,96a69279-8861-11f1-81b5-b48c9db4e1b4,15,"[0, 1, 1, 0]",0,0,0,,0.5,4
1901,96a69279-8861-11f1-81b5-b48c9db4e1b4,15,"[0, 1, 1, 0]",1,1,1,,0.5,4
1902,96a69279-8861-11f1-81b5-b48c9db4e1b4,15,"[0, 1, 1, 0]",2,1,1,,0.5,4
1903,96a69279-8861-11f1-81b5-b48c9db4e1b4,15,"[0, 1, 1, 0]",3,0,0,,0.5,4
1904,96a69279-8861-11f1-81b5-b48c9db4e1b4,16,"[0, 0, 1, 1]",0,0,0,,0.5,4
1905,96a69279-8861-11f1-81b5-b48c9db4e1b4,16,"[0, 0, 1, 1]",1,0,0,,0.5,4
1906,96a69279-8861-11f1-81b5-b48c9db4e1b4,16,"[0, 0, 1, 1]",2,1,1,,0.5,4
1907,96a69279-8861-11f1-81b5-b48c9db4e1b4,16,"[0, 0, 1, 1]",3,1,1,,0.5,4
1908,96a69279-8861-11f1-81b5-b48c9db4e1b4,17,"[1, 0, 0, 1]",0,1,1,,0.5,4
1909,96a69279-8861-11f1-81b5-b48c9db4e1b4,17,"[1, 0, 0, 1]",1,0,0,,0.5,4
1910,96a69279-8861-11f1-81b5-b48c9db4e1b4,17,"[1, 0, 0, 1]",2,0,0,,0.5,4
1911,96a69279-8861-11f1-81b5-b48c9db4e1b4,17,"[1, 0, 0, 1]",3,1,1,,0.5,4
1912,96a69279-8861-11f1-81b5-b48c9db4e1b4,18,"[1, 1, 0, 0]",0,1,1,,0.5,4
1913,96a69279-8861-11f1-81b5-b48c9db4e1b4,18,"[1, 1, 0, 0]",1,1,1,,0.5,4
1914,96a69279-8861-11f1-81b5-b48c9db4e1b4,18,"[1, 1, 0, 0]",2,0,0,,0.5,4
1915,96a69279-8861-11f1-81b5-b48c9db4e1b4,18,"[1, 1, 0, 0]",3,0,0,,0.5,4
1916,96a69279-8861-11f1-81b5-b48c9db4e1b4,19,"[0, 1, 1, 0]",0,0,0,,0.5,4
1917,96a69279-8861-11f1-81b5-b48c9db4e1b4,19,"[0, 1, 1, 0]",1,1,1,,0.5,4
1918,96a69279-8861-11f1-81b5-b48c9db4e1b4,19,"[0, 1, 1, 0]",2,1,1,,0.5,4
1919,96a69279-8861-11f1-81b5-b48c9db4e1b4,19,"[0, 1, 1, 0]",3,0,0,,0.5,4
1920,96ab5ca1-8861-11f1-85db-b48c9db4e1b4,0,"[1, 0, 0, 0]",0,1,1,,0.5,4
1921,96ab5ca1-8861-11f1-85db-b48c9db4e1b4,0,"[1, 0, 0, 0]",1,0,0,,0.5,4
1922,96ab5ca1-8861-11f1-85db-b48c9db4e1b4,0,"[1, 0, 0, 0]",2,0,0,,0.5,4
1923,96ab5ca1-8861-11f1-85db-b48c9db4e1b4,0,"[1, 0, 0, 0]",3,0,0,,0.5,4
1924,96ab5ca1-8861-11f1-85db-b48c9db4e1b4,1,"[1, 1, 1, 0]",0,1,-1,,0.5,4
1925,96ab5ca1-8861-11f1-85db-b48c9db4e1b4,1,"[1, 1, 1, 0]",1,1,-1,,0.5,4
1926,96ab5ca1-8861-11f1-85db-b48c9db4e1b4,1,"[1, 1, 1, 0]",2,1,-1,,0.5,4
1927,96ab5ca1-8861-11f1-85db-b48c9db4e1b4,1,"[1, 1, 1, 0]",3,0,0,,0.5,4
1928,96ab5ca1-8861-11f1-85db-b48c9db4e1b4,2,"[0, 1, 1, 1]",0,0,0,,0.5,4
1929,96ab5ca1-8861-11f1-85db-b48c9db4e1b4,2,"[0, 1, 1, 1]",1,1,-1,,0.5,4
1930,96ab5ca1-8861-11f1-85db-b48c9db4e1b4,2,"[0, 1, 1, 1]",2,1,-1,,0.5,4
1931,96ab5ca1-8861-11f1-85db-b48c9db4e1b4,2,"[0, 1, 1, 1]",3,1,-1,,0.5,4
1932,96ab5ca1-8861-11f1-85db-b48c9db4e1b4,3,"[0, 0, 0, 0]",0,0,0,,0.5,4
1933,96ab5ca1-8861-11f1-85db-b48c9db4e1b4,3,"[0, 0, 0, 0]",1,0,0,,0.5,4
1934,96ab5ca1-8861-11f1-85db-b48c9db4e1b4,3,"[0, 0, 0, 0]",2,0,0,,0.5,4
1935,96ab5ca1-8861-11f1-85db-b48c9db4e1b4,3,"[0, 0, 0, 0]",3,0,0,,0.5,4
1936,96ab5ca1-8861-11f1-85db-b48c9db4e1b4,4,"[1, 1, 0, 0]",0,1,1,,0.5,4
1937,96ab5ca1-8861-11f1-85db-b48c9db4e1b4,4,"[1, 1, 0, 0]",1,1,1,,0.5,4
1938,96ab5ca1-8861-11f1-85db-b48c9db4e1b4,4,"[1, 1, 0, 0]",2,0,0,,0.5,4
1939,96ab5ca1-8861-11f1-85db-b48c9db4e1b4,4,"[1, 1, 0, 0]",3,0,0,,0.5,4
1940,96ab5ca1-8861-11f1-85db-b48c9db4e1b4,5,"[0, 1, 1, 0]",0,0,0,,0.5,4
1941,96ab5ca1-8861-11f1-85db-b48c9db4e1b4,5,"[0, 1, 1, 0]",1,1,1,,0.5,4
1942,96ab5ca1-8861-11f1-85db-b48c9db4e1b4,5,"[0, 1, 1, 0]",2,1,1,,0.5,4
1943,96ab5ca1-8861-11f1-85db-b48c9db4e1b4,5,"[0, 1, 1, 0]",3,0,0,,0.5,4
1944,96ab5ca1-8861-11f1-85db-b48c9db4e1b4,6,"[0, 0, 1, 1]",0,0,0,,0.5,4
1945,96ab5ca1-8861-11f1-85db-b48c9db4e1b4,6,"[0, 0, 1, 1]",1,0,0,,0.5,4
1946,96ab5ca1-8861-11f1-85db-b48c9db4e1b4,6,"[0, 0, 1, 1]",2,1,1,,0.5,4
1947,96ab5ca1-8861-11f1-85db-b48c9db4e1b4,6,"[0, 0, 1, 1]",3,1,1,,0.5,4
1948,96ab5ca1-8861-11f1-85db-b48c9db4e1b4,7,"[1, 0, 0, 1]",0,1,1,,0.5,4
1949,96ab5ca1-8861-11f1-85db-b48c9db4e1b4,7,"[1, 0, 0, 1]",1,0,0,,0.5,4
1950,96ab5ca1-8861-11f1-85db-b48c9db4e1b4,7,"[1, 0, 0, 1]",2,0,0,,0.5,4
1951,96ab5ca1-8861-11f1-85db-b48c9db4e1b4,7,"[1, 0, 0, 1]",3,1,1,,0.5,4
1952,96ab5ca1-8861-11f1-85db-b48c9db4e1b4,8,"[1, 1, 0, 0]",0,1,1,,0.5,4
1953,96ab5ca1-8861-11f1-85db-b48c9db4e1b4,8,"[1, 1, 0, 0]",1,1,1,,0.5,4
1954,96ab5ca1-8861-11f1-85db-b48c9db4e1b4,8,"[1, 1, 0, 0]",2,0,0,,0.5,4
1955,96ab5ca1-8861-11f1-85db-b48c9db4e1b4,8,"[1, 1, 0, 0]",3,0,0,,0.5,4
1956,96ab5ca1-8861-11f1-85db-b48c9db4e1b4,9,"[0, 1, 1, 0]",0,0,0,,0.5,4
1957,96ab5ca1-8861-11f1-85db-b48c9db4e1b4,9,"[0, 1, 1, 0]",1,1,1,,0.5,4
1958,96ab5ca1-8861-11f1-85db-b48c9db4e1b4,9,"[0, 1, 1, 0]",2,1,1,,0.5,4
1959,96ab5ca1-8861-11f1-85db-b48c9db4e1b4,9,"[0, 1, 1, 0]",3,0,0,,0.5,4
1960,96ab5ca1-8861-11f1-85db-b48c9db4e1b4,10,"[0, 0, 1, 1]",0,0,0,,0.5,4
1961,96ab5ca1-8861-11f1-85db-b48c9db4e1b4,10,"[0, 0, 1, 1]",1,0,0,,0.5,4
1962,96ab5ca1-8861-11f1-85db-b48c9db4e1b4,10,"[0, 0, 1, 1]",2,1,1,,0.5,4
1963,96ab5ca1-8861-11f1-85db-b48c9db4e1b4,10,"[0, 0, 1, 1]",3,1,1,,0.5,4
1964,96ab5ca1-8861-11f1-85db-b48c9db4e1b4,11,"[1, 0, 0, 1]",0,1,1,,0.5,4
1965,96ab5ca1-8861-11f1-85db-b48c9db4e1b4,11,"[1, 0, 0, 1]",1,0,0,,0.5,4
1966,96ab5ca1-8861-11f1-85db-b48c9db4e1b4,11,"[1, 0, 0, 1]",2,0,0,,0.5,4
1967,96ab5ca1-8861-11f1-85db-b48c9db4e1b4,11,"[1, 0, 0, 1]",3,1,1,,0.5,4
1968,96ab5ca1-8861-11f1-85db-b48c9db4e1b4,12,"[1, 1, 0, 0]",0,1,1,,0.5,4
1969,96ab5ca1-8861-11f1-85db-b48c9db4e1b4,12,"[1, 1, 0, 0]",1,1,1,,0.5,4
1970,96ab5ca1-8861-11f1-85db-b48c9db4e1b4,12,"[1, 1, 0, 0]",2,0,0,,0.5,4
1971,96ab5ca1-8861-11f1-85db-b48c9db4e1b4,12,"[1, 1, 0, 0]",3,0,0,,0.5,4
1972,96ab5ca1-8861-11f1-85db-b48c9db4e1b4,13,"[0, 1, 1, 0]",0,0,0,,0.5,4
1973,96ab5ca1-8861-11f1-85db-b48c9db4e1b4,13,"[0, 1, 1, 0]",1,1,1,,0.5,4
1974,96ab5ca1-8861-11f1-85db-b48c9db4e1b4,13,"[0, 1, 1, 0]",2,1,1,,0.5,4
1975,96ab5ca1-8861-11f1-85db-b48c9db4e1b4,13,"[0, 1, 1, 0]",3,0,0,,0.5,4
1976,96ab5ca1-8861-11f1-85db-b48c9db4e1b4,14,"[0, 0, 1, 1]",0,0,0,,0.5,4
1977,96ab5ca1-8861-11f1-85db-b48c9db4e1b4,14,"[0, 0, 1, 1]",1,0,0,,0.5,4
1978,96ab5ca1-8861-11f1-85db-b48c9db4e1b4,14,"[0, 0, 1, 1]",2,1,1,,0.5,4
1979,96ab5ca1-8861-11f1-85db-b48c9db4e1b4,14,"[0, 0, 1, 1]",3,1,1,,0.5,4
1980,96ab5ca1-8861-11f1-85db-b48c9db4e1b4,15,"[1, 0, 0, 1]",0,1,1,,0.5,4
1981,96ab5ca1-8861-11f1-85db-b48c9db4e1b4,15,"[1, 0, 0, 1]",1,0,0,,0.5,4
1982,96ab5ca1-8861-11f1-85db-b48c9db4e1b4,15,"[1, 0, 0, 1]",2,0,0,,0.5,4
1983,96ab5ca1-8861-11f1-85db-b48c9db4e1b4,15,"[1, 0, 0, 1]",3,1,1,,0.5,4
1984,96ab5ca1-8861-11f1-85db-b48c9db4e1b4,16,"[1, 1, 0, 0]",0,1,1,,0.5,4
1985,96ab5ca1-8861-11f1-85db-b48c9db4e1b4,16,"[1, 1, 0, 0]",1,1,1,,0.5,4
1986,96ab5ca1-8861-11f1-85db-b48c9db4e1b4,16,"[1, 1, 0, 0]",2,0,0,,0.5,4
1987,96ab5ca1-8861-11f1-85db-b48c9db4e1b4,16,"[1, 1, 0, 0]",3,0,0,,0.5,4
1988,96ab5ca1-8861-11f1-85db-b48c9db4e1b4,17,"[0, 1, 1, 0]",0,0,0,,0.5,4
1989,96ab5ca1-8861-11f1-85db-b48c9db4e1b4,17,"[0, 1, 1, 0]",1,1,1,,0.5,4
1990,96ab5ca1-8861-11f1-85db-b48c9db4e1b4,17,"[0, 1, 1, 0]",2,1,1,,0.5,4
1991,96ab5ca1-8861-11f1-85db-b48c9db4e1b4,17,"[0, 1, 1, 0]",3,0,0,,0.5,4
1992,96ab5ca1-8861-11f1-85db-b48c9db4e1b4,18,"[0, 0, 1, 1]",0,0,0,,0.5,4
1993,96ab5ca1-8861-11f1-85db-b48c9db4e1b4,18,"[0, 0, 1, 1]",1,0,0,,0.5,4
1994,96ab5ca1-8861-11f1-85db-b48c9db4e1b4,18,"[0, 0, 1, 1]",2,1,1,,0.5,4
1995,96ab5ca1-8861-11f1-85db-b48c9db4e1b4,18,"[0, 0, 1, 1]",3,1,1,,0.5,4
1996,96ab5ca1-8861-11f1-85db-b48c9db4e1b4,19,"[1, 0, 0, 1]",0,1,1,,0.5,4
1997,96ab5ca1-8861-11f1-85db-b48c9db4e1b4,19,"[1, 0, 0, 1]",1,0,0,,0.5,4
1998,96ab5ca1-8861-11f1-85db-b48c9db4e1b4,19,"[1, 0, 0, 1]",2,0,0,,0.5,4
1999,96ab5ca1-8861-11f1-85db-b48c9db4e1b4,19,"[1, 0, 0, 1]",3,1,1,,0.5,4
2000,96b00c72-8861-11f1-8c74-b48c9db4e1b4,0,"[0, 0, 1, 0]",0,0,0,,0.5,4
2001,96b00c72-8861-11f1-8c74-b48c9db4e1b4,0,"[0, 0, 1, 0]",1,0,0,,0.5,4
2002,96b00c72-8861-11f1-8c74-b48c9db4e1b4,0,"[0, 0, 1, 0]",2,1,1,,0.5,4
2003,96b00c72-8861-11f1-8c74-b48c9db4e1b4,0,"[0, 0, 1, 0]",3,0,0,,0.5,4
2004,96b00c72-8861-11f1-8c74-b48c9db4e1b4,1,"[0, 0, 1, 0]",0,0,0,,0.5,4
2005,96b00c72-8861-11f1-8c74-b48c9db4e1b4,1,"[0, 0, 1, 0]",1,0,0,,0.5,4
2006,96b00c72-8861-11f1-8c74-b48c9db4e1b4,1,"[0, 0, 1, 0]",2,1,1,,0.5,4
2007,96b00c72-8861-11f1-8c74-b48c9db4e1b4,1,"[0, 0, 1, 0]",3,0,0,,0.5,4
2008,96b00c72-8861-11f1-8c74-b48c9db4e1b4,2,"[0, 1, 1, 0]",0,0,0,,0.5,4
2009,96b00c72-8861-11f1-8c74-b48c9db4e1b4,2,"[0, 1, 1, 0]",1,1,1,,0.5,4
2010,96b00c72-8861-11f1-8c74-b48c9db4e1b4,2,"[0, 1, 1, 0]",2,1,1,,0.5,4
2011,96b00c72-8861-11f1-8c74-b48c9db4e1b4,2,"[0, 1, 1, 0]",3,0,0,,0.5,4
2012,96b00c72-8861-11f1-8c74-b48c9db4e1b4,3,"[0, 1, 1, 0]",0,0,0,,0.5,4
2013,96b00c72-8861-11f1-8c74-b48c9db4e1b4,3,"[0, 1, 1, 0]",1,1,1,,0.5,4
2014,96b00c72-8861-11f1-8c74-b48c9db4e1b4,3,"[0, 1, 1, 0]",2,1,1,,0.5,4
2015,96b00c72-8861-11f1-8c74-b48c9db4e1b4,3,"[0, 1, 1, 0]",3,0,0,,0.5,4
2016,96b00c72-8861-11f1-8c74-b48c9db4e1b4,4,"[0, 1, 1, 0]",0,0,0,,0.5,4
2017,96b00c72-8861-11f1-8c74-b48c9db4e1b4,4,"[0, 1, 1, 0]",1,1,1,,0.5,4
2018,96b00c72-8861-11f1-8c74-b48c9db4e1b4,4,"[0, 1, 1, 0]",2,1,1,,0.5,4
2019,96b00c72-8861-11f1-8c74-b48c9db4e1b4,4,"[0, 1, 1, 0]",3,0,0,,0.5,4
2020,96b00c72-8861-11f1-8c74-b48c9db4e1b4,5,"[0, 1, 1, 0]",0,0,0,,0.5,4
2021,96b00c72-8861-11f1-8c74-b48c9db4e1b4,5,"[0, 1, 1, 0]",1,1,1,,0.5,4
2022,96b00c72-8861-11f1-8c74-b48c9db4e1b4,5,"[0, 1, 1, 0]",2,1,1,,0.5,4
2023,96b00c72-8861-11f1-8c74-b48c9db4e1b4,5,"[0, 1, 1, 0]",3,0,0,,0.5,4
2024,96b00c72-8861-11f1-8c74-b48c9db4e1b4,6,"[0, 1, 1, 0]",0,0,0,,0.5,4
2025,96b00c72-8861-11f1-8c74-b48c9db4e1b4,6,"[0, 1, 1, 0]",1,1,1,,0.5,4
2026,96b00c72-8861-11f1-8c74-b48c9db4e1b4,6,"[0, 1, 1, 0]",2,1,1,,0.5,4
2027,96b00c72-8861-11f1-8c74-b48c9db4e1b4,6,"[0, 1, 1, 0]",3,0,0,,0.5,4
2028,96b00c72-8861-11f1-8c74-b48c9db4e1b4,7,"[0, 1, 1, 0]",0,0,0,,0.5,4
2029,96b00c72-8861-11f1-8c74-b48c9db4e1b4,7,"[0, 1, 1, 0]",1,1,1,,0.5,4
2030,96b00c72-8861-11f1-8c74-b48c9db4e1b4,7,"[0, 1, 1, 0]",2,1,1,,0.5,4
2031,96b00c72-8861-11f1-8c74-b48c9db4e1b4,7,"[0, 1, 1, 0]",3,0,0,,0.5,4
2032,96b00c72-8861-11f1-8c74-b48c9db4e1b4,8,"[0, 1, 1, 0]",0,0,0,,0.5,4
2033,96b00c72-8861-11f1-8c74-b48c9db4e1b4,8,"[0, 1, 1, 0]",1,1,1,,0.5,4
2034,96b00c72-8861-11f1-8c74-b48c9db4e1b4,8,"[0, 1, 1, 0]",2,1,1,,0.5,4
2035,96b00c72-8861-11f1-8c74-b48c9db4e1b4,8,"[0, 1, 1, 0]",3,0,0,,0.5,4
2036,96b00c72-8861-11f1-8c74-b48c9db4e1b4,9,"[0, 1, 1, 0]",0,0,0,,0.5,4
2037,96b00c72-8861-11f1-8c74-b48c9db4e1b4,9,"[0, 1, 1, 0]",1,1,1,,0.5,4
2038,96b00c72-8861-11f1-8c74-b48c9db4e1b4,9,"[0, 1, 1, 0]",2,1,1,,0.5,4
2039,96b00c72-8861-11f1-8c74-b48c9db4e1b4,9,"[0, 1, 1, 0]",3,0,0,,0.5,4
2040,96b00c72-8861-11f1-8c74-b48c9db4e1b4,10,"[0, 1, 1, 0]",0,0,0,,0.5,4
2041,96b00c72-8861-11f1-8c74-b48c9db4e1b4,10,"[0, 1, 1, 0]",1,1,1,,0.5,4
2042,96b00c72-8861-11f1-8c74-b48c9db4e1b4,10,"[0, 1, 1, 0]",2,1,1,,0.5,4
2043,96b00c72-8861-11f1-8c74-b48c9db4e1b4,10,"[0, 1, 1, 0]",3,0,0,,0.5,4
2044,96b00c72-8861-11f1-8c74-b48c9db4e1b4,11,"[0, 1, 1, 0]",0,0,0,,0.5,4
2045,96b00c72-8861-11f1-8c74-b48c9db4e1b4,11,"[0, 1, 1, 0]",1,1,1,,0.5,4
2046,96b00c72-8861-11f1-8c74-b48c9db4e1b4,11,"[0, 1, 1, 0]",2,1,1,,0.5,4
2047,96b00c72-8861-11f1-8c74-b48c9db4e1b4,11,"[0, 1, 1, 0]",3,0,0,,0.5,4
2048,96b00c72-8861-11f1-8c74-b48c9db4e1b4,12,"[0, 1, 1, 0]",0,0,0,,0.5,4
2049,96b00c72-8861-11f1-8c74-b48c9db4e1b4,12,"[0, 1, 1, 0]",1,1,1,,0.5,4
2050,96b00c72-8861-11f1-8c74-b48c9db4e1b4,12,"[0, 1, 1, 0]",2,1,1,,0.5,4
2051,96b00c72-8861-11f1-8c74-b48c9db4e1b4,12,"[0, 1, 1, 0]",3,0,0,,0.5,4
2052,96b00c72-8861-11f1-8c74-b48c9db4e1b4,13,"[0, 1, 1, 0]",0,0,0,,0.5,4
2053,96b00c72-8861-11f1-8c74-b48c9db4e1b4,13,"[0, 1, 1, 0]",1,1,1,,0.5,4
2054,96b00c72-8861-11f1-8c74-b48c9db4e1b4,13,"[0, 1, 1, 0]",2,1,1,,0.5,4
2055,96b00c72-8861-11f1-8c74-b48c9db4e1b4,13,"[0, 1, 1, 0]",3,0,0,,0.5,4
2056,96b00c72-8861-11f1-8c74-b48c9db4e1b4,14,"[0, 1, 1, 0]",0,0,0,,0.5,4
2057,96b00c72-8861-11f1-8c74-b48c9db4e1b4,14,"[0, 1, 1, 0]",1,1,1,,0.5,4
2058,96b00c72-8861-11f1-8c74-b48c9db4e1b4,14,"[0, 1, 1, 0]",2,1,1,,0.5,4
2059,96b00c72-8861-11f1-8c74-b48c9db4e1b4,14,"[0, 1, 1, 0]",3,0,0,,0.5,4
2060,96b00c72-8861-11f1-8c74-b48c9db4e1b4,15,"[0, 1, 1, 0]",0,0,0,,0.5,4
2061,96b00c72-8861-11f1-8c74-b48c9db4e1b4,15,"[0, 1, 1, 0]",1,1,1,,0.5,4
2062,96b00c72-8861-11f1-8c74-b48c9db4e1b4,15,"[0, 1, 1, 0]",2,1,1,,0.5,4
2063,96b00c72-8861-11f1-8c74-b48c9db4e1b4,15,"[0, 1, 1, 0]",3,0,0,,0.5,4
2064,96b00c72-8861-11f1-8c74-b48c9db4e1b4,16,"[0, 1, 1, 0]",0,0,0,,0.5,4
2065,96b00c72-8861-11f1-8c74-b48c9db4e1b4,16,"[0, 1, 1, 0]",1,1,1,,0.5,4
2066,96b00c72-8861-11f1-8c74-b48c9db4e1b4,16,"[0, 1, 1, 0]",2,1,1,,0.5,4
2067,96b00c72-8861-11f1-8c74-b48c9db4e1b4,16,"[0, 1, 1, 0]",3,0,0,,0.5,4
2068,96b00c72-8861-11f1-8c74-b48c9db4e1b4,17,"[0, 1, 1, 0]",0,0,0,,0.5,4
2069,96b00c72-8861-11f1-8c74-b48c9db4e1b4,17,"[0, 1, 1, 0]",1,1,1,,0.5,4
2070,96b00c72-8861-11f1-8c74-b48c9db4e1b4,17,"[0, 1, 1, 0]",2,1,1,,0.5,4
2071,96b00c72-8861-11f1-8c74-b48c9db4e1b4,17,"[0, 1, 1, 0]",3,0,0,,0.5,4
2072,96b00c72-8861-11f1-8c74-b48c9db4e1b4,18,"[0, 1, 1, 0]",0,0,0,,0.5,4
2073,96b00c72-8861-11f1-8c74-b48c9db4e1b4,18,"[0, 1, 1, 0]",1,1,1,,0.5,4
2074,96b00c72-8861-11f1-8c74-b48c9db4e1b4,18,"[0, 1, 1, 0]",2,1,1,,0.5,4
2075,96b00c72-8861-11f1-8c74-b48c9db4e1b4,18,"[0, 1, 1, 0]",3,0,0,,0.5,4
2076,96b00c72-8861-11f1-8c74-b48c9db4e1b4,19,"[0, 1, 1, 0]",0,0,0,,0.5,4
2077,96b00c72-8861-11f1-8c74-b48c9db4e1b4,19,"[0, 1, 1, 0]",1,1,1,,0.5,4
2078,96b00c72-8861-11f1-8c74-b48c9db4e1b4,19,"[0, 1, 1, 0]",2,1,1,,0.5,4
2079,96b00c72-8861-11f1-8c74-b48c9db4e1b4,19,"[0, 1, 1, 0]",3,0,0,,0.5,4
2080,96b4f1cb-8861-11f1-ae89-b48c9db4e1b4,0,"[0, 0, 1, 0]",0,0,0,,0.5,4
2081,96b4f1cb-8861-11f1-ae89-b48c9db4e1b4,0,"[0, 0, 1, 0]",1,0,0,,0.5,4
2082,96b4f1cb-8861-11f1-ae89-b48c9db4e1b4,0,"[0, 0, 1, 0]",2,1,1,,0.5,4
2083,96b4f1cb-8861-11f1-ae89-b48c9db4e1b4,0,"[0, 0, 1, 0]",3,0,0,,0.5,4
2084,96b4f1cb-8861-11f1-ae89-b48c9db4e1b4,1,"[1, 0, 0, 0]",0,1,1,,0.5,4
2085,96b4f1cb-8861-11f1-ae89-b48c9db4e1b4,1,"[1, 0, 0, 0]",1,0,0,,0.5,4
2086,96b4f1cb-8861-11f1-ae89-b48c9db4e1b4,1,"[1, 0, 0, 0]",2,0,0,,0.5,4
2087,96b4f1cb-8861-11f1-ae89-b48c9db4e1b4,1,"[1, 0, 0, 0]",3,0,0,,0.5,4
2088,96b4f1cb-8861-11f1-ae89-b48c9db4e1b4,2,"[1, 1, 0, 0]",0,1,1,,0.5,4
2089,96b4f1cb-8861-11f1-ae89-b48c9db4e1b4,2,"[1, 1, 0, 0]",1,1,1,,0.5,4
2090,96b4f1cb-8861-11f1-ae89-b48c9db4e1b4,2,"[1, 1, 0, 0]",2,0,0,,0.5,4
2091,96b4f1cb-8861-11f1-ae89-b48c9db4e1b4,2,"[1, 1, 0, 0]",3,0,0,,0.5,4
2092,96b4f1cb-8861-11f1-ae89-b48c9db4e1b4,3,"[0, 1, 1, 0]",0,0,0,,0.5,4
2093,96b4f1cb-8861-11f1-ae89-b48c9db4e1b4,3,"[0, 1, 1, 0]",1,1,1,,0.5,4
2094,96b4f1cb-8861-11f1-ae89-b48c9db4e1b4,3,"[0, 1, 1, 0]",2,1,1,,0.5,4
2095,96b4f1cb-8861-11f1-ae89-b48c9db4e1b4,3,"[0, 1, 1, 0]",3,0,0,,0.5,4
2096,96b4f1cb-8861-11f1-ae89-b48c9db4e1b4,4,"[0, 0, 1, 1]",0,0,0,,0.5,4
2097,96b4f1cb-8861-11f1-ae89-b48c9db4e1b4,4,"[0, 0, 1, 1]",1,0,0,,0.5,4
2098,96b4f1cb-8861-11f1-ae89-b48c9db4e1b4,4,"[0, 0, 1, 1]",2,1,1,,0.5,4
2099,96b4f1cb-8861-11f1-ae89-b48c9db4e1b4,4,"[0, 0, 1, 1]",3,1,1,,0.5,4
2100,96b4f1cb-8861-11f1-ae89-b48c9db4e1b4,5,"[1, 0, 0, 1]",0,1,1,,0.5,4
2101,96b4f1cb-8861-11f1-ae89-b48c9db4e1b4,5,"[1, 0, 0, 1]",1,0,0,,0.5,4
2102,96b4f1cb-8861-11f1-ae89-b48c9db4e1b4,5,"[1, 0, 0, 1]",2,0,0,,0.5,4
2103,96b4f1cb-8861-11f1-ae89-b48c9db4e1b4,5,"[1, 0, 0, 1]",3,1,1,,0.5,4
2104,96b4f1cb-8861-11f1-ae89-b48c9db4e1b4,6,"[1, 1, 0, 0]",0,1,1,,0.5,4
2105,96b4f1cb-8861-11f1-ae89-b48c9db4e1b4,6,"[1, 1, 0, 0]",1,1,1,,0.5,4
2106,96b4f1cb-8861-11f1-ae89-b48c9db4e1b4,6,"[1, 1, 0, 0]",2,0,0,,0.5,4
2107,96b4f1cb-8861-11f1-ae89-b48c9db4e1b4,6,"[1, 1, 0, 0]",3,0,0,,0.5,4
2108,96b4f1cb-8861-11f1-ae89-b48c9db4e1b4,7,"[0, 1, 1, 0]",0,0,0,,0.5,4
2109,96b4f1cb-8861-11f1-ae89-b48c9db4e1b4,7,"[0, 1, 1, 0]",1,1,1,,0.5,4
2110,96b4f1cb-8861-11f1-ae89-b48c9db4e1b4,7,"[0, 1, 1, 0]",2,1,1,,0.5,4
2111,96b4f1cb-8861-11f1-ae89-b48c9db4e1b4,7,"[0, 1, 1, 0]",3,0,0,,0.5,4
2112,96b4f1cb-8861-11f1-ae89-b48c9db4e1b4,8,"[0, 0, 1, 1]",0,0,0,,0.5,4
2113,96b4f1cb-8861-11f1-ae89-b48c9db4e1b4,8,"[0, 0, 1, 1]",1,0,0,,0.5,4
2114,96b4f1cb-8861-11f1-ae89-b48c9db4e1b4,8,"[0, 0, 1, 1]",2,1,1,,0.5,4
2115,96b4f1cb-8861-11f1-ae89-b48c9db4e1b4,8,"[0, 0, 1, 1]",3,1,1,,0.5,4
2116,96b4f1cb-8861-11f1-ae89-b48c9db4e1b4,9,"[1, 0, 0, 1]",0,1,1,,0.5,4
2117,96b4f1cb-8861-11f1-ae89-b48c9db4e1b4,9,"[1, 0, 0, 1]",1,0,0,,0.5,4
2118,96b4f1cb-8861-11f1-ae89-b48c9db4e1b4,9,"[1, 0, 0, 1]",2,0,0,,0.5,4
2119,96b4f1cb-8861-11f1-ae89-b48c9db4e1b4,9,"[1, 0, 0, 1]",3,1,1,,0.5,4
2120,96b4f1cb-8861-11f1-ae89-b48c9db4e1b4,10,"[1, 1, 0, 0]",0,1,1,,0.5,4
2121,96b4f1cb-8861-11f1-ae89-b48c9db4e1b4,10,"[1, 1, 0, 0]",1,1,1,,0.5,4
2122,96b4f1cb-8861-11f1-ae89-b48c9db4e1b4,10,"[1, 1, 0, 0]",2,0,0,,0.5,4
2123,96b4f1cb-8861-11f1-ae89-b48c9db4e1b4,10,"[1, 1, 0, 0]",3,0,0,,0.5,4
2124,96b4f1cb-8861-11f1-ae89-b48c9db4e1b4,11,"[0, 1, 1, 0]",0,0,0,,0.5,4
2125,96b4f1cb-8861-11f1-ae89-b48c9db4e1b4,11,"[0, 1, 1, 0]",1,1,1,,0.5,4
2126,96b4f1cb-8861-11f1-ae89-b48c9db4e1b4,11,"[0, 1, 1, 0]",2,1,1,,0.5,4
2127,96b4f1cb-8861-11f1-ae89-b48c9db4e1b4,11,"[0, 1, 1, 0]",3,0,0,,0.5,4
2128,96b4f1cb-8861-11f1-ae89-b48c9db4e1b4,12,"[0, 0, 1, 1]",0,0,0,,0.5,4
2129,96b4f1cb-8861-11f1-ae89-b48c9db4e1b4,12,"[0, 0, 1, 1]",1,0,0,,0.5,4
2130,96b4f1cb-8861-11f1-ae89-b48c9db4e1b4,12,"[0, 0, 1, 1]",2,1,1,,0.5,4
2131,96b4f1cb-8861-11f1-ae89-b48c9db4e1b4,12,"[0, 0, 1, 1]",3,1,1,,0.5,4
2132,96b4f1cb-8861-11f1-ae89-b48c9db4e1b4,13,"[1, 0, 0, 1]",0,1,1,,0.5,4
2133,96b4f1cb-8861-11f1-ae89-b48c9db4e1b4,13,"[1, 0, 0, 1]",1,0,0,,0.5,4
2134,96b4f1cb-8861-11f1-ae89-b48c9db4e1b4,13,"[1, 0, 0, 1]",2,0,0,,0.5,4
2135,96b4f1cb-8861-11f1-ae89-b48c9db4e1b4,13,"[1, 0, 0, 1]",3,1,1,,0.5,4
2136,96b4f1cb-8861-11f1-ae89-b48c9db4e1b4,14,"[1, 1, 0, 0]",0,1,1,,0.5,4
2137,96b4f1cb-8861-11f1-ae89-b48c9db4e1b4,14,"[1, 1, 0, 0]",1,1,1,,0.5,4
2138,96b4f1cb-8861-11f1-ae89-b48c9db4e1b4,14,"[1, 1, 0, 0]",2,0,0,,0.5,4
2139,96b4f1cb-8861-11f1-ae89-b48c9db4e1b4,14,"[1, 1, 0, 0]",3,0,0,,0.5,4
2140,96b4f1cb-8861-11f1-ae89-b48c9db4e1b4,15,"[0, 1, 1, 0]",0,0,0,,0.5,4
2141,96b4f1cb-8861-11f1-ae89-b48c9db4e1b4,15,"[0, 1, 1, 0]",1,1,1,,0.5,4
2142,96b4f1cb-8861-11f1-ae89-b48c9db4e1b4,15,"[0, 1, 1, 0]",2,1,1,,0.5,4
2143,96b4f1cb-8861-11f1-ae89-b48c9db4e1b4,15,"[0, 1, 1, 0]",3,0,0,,0.5,4
2144,96b4f1cb-8861-11f1-ae89-b48c9db4e1b4,16,"[0, 0, 1, 1]",0,0,0,,0.5,4
2145,96b4f1cb-8861-11f1-ae89-b48c9db4e1b4,16,"[0, 0, 1, 1]",1,0,0,,0.5,4
2146,96b4f1cb-8861-11f1-ae89-b48c9db4e1b4,16,"[0, 0, 1, 1]",2,1,1,,0.5,4
2147,96b4f1cb-8861-11f1-ae89-b48c9db4e1b4,16,"[0, 0, 1, 1]",3,1,1,,0.5,4
2148,96b4f1cb-8861-11f1-ae89-b48c9db4e1b4,17,"[1, 0, 0, 1]",0,1,1,,0.5,4
2149,96b4f1cb-8861-11f1-ae89-b48c9db4e1b4,17,"[1, 0, 0, 1]",1,0,0,,0.5,4
2150,96b4f1cb-8861-11f1-ae89-b48c9db4e1b4,17,"[1, 0, 0, 1]",2,0,0,,0.5,4
2151,96b4f1cb-8861-11f1-ae89-b48c9db4e1b4,17,"[1, 0, 0, 1]",3,1,1,,0.5,4
2152,96b4f1cb-8861-11f1-ae89-b48c9db4e1b4,18,"[1, 1, 0, 0]",0,1,1,,0.5,4
2153,96b4f1cb-8861-11f1-ae89-b48c9db4e1b4,18,"[1, 1, 0, 0]",1,1,1,,0.5,4
2154,96b4f1cb-8861-11f1-ae89-b48c9db4e1b4,18,"[1, 1, 0, 0]",2,0,0,,0.5,4
2155,96b4f1cb-8861-11f1-ae89-b48c9db4e1b4,18,"[1, 1, 0, 0]",3,0,0,,0.5,4
2156,96b4f1cb-8861-11f1-ae89-b48c9db4e1b4,19,"[0, 1, 1, 0]",0,0,0,,0.5,4
2157,96b4f1cb-8861-11f1-ae89-b48c9db4e1b4,19,"[0, 1, 1, 0]",1,1,1,,0.5,4
2158,96b4f1cb-8861-11f1-ae89-b48c9db4e1b4,19,"[0, 1, 1, 0]",2,1,1,,0.5,4
2159,96b4f1cb-8861-11f1-ae89-b48c9db4e1b4,19,"[0, 1, 1, 0]",3,0,0,,0.5,4
2160,96b9f99f-8861-11f1-b57f-b48c9db4e1b4,0,"[1, 0, 0, 0]",0,1,1,,0.5,4
2161,96b9f99f-8861-11f1-b57f-b48c9db4e1b4,0,"[1, 0, 0, 0]",1,0,0,,0.5,4
2162,96b9f99f-8861-11f1-b57f-b48c9db4e1b4,0,"[1, 0, 0, 0]",2,0,0,,0.5,4
2163,96b9f99f-8861-11f1-b57f-b48c9db4e1b4,0,"[1, 0, 0, 0]",3,0,0,,0.5,4
2164,96b9f99f-8861-11f1-b57f-b48c9db4e1b4,1,"[1, 1, 0, 0]",0,1,1,,0.5,4
2165,96b9f99f-8861-11f1-b57f-b48c9db4e1b4,1,"[1, 1, 0, 0]",1,1,1,,0.5,4
2166,96b9f99f-8861-11f1-b57f-b48c9db4e1b4,1,"[1, 1, 0, 0]",2,0,0,,0.5,4
2167,96b9f99f-8861-11f1-b57f-b48c9db4e1b4,1,"[1, 1, 0, 0]",3,0,0,,0.5,4
2168,96b9f99f-8861-11f1-b57f-b48c9db4e1b4,2,"[0, 1, 1, 0]",0,0,0,,0.5,4
2169,96b9f99f-8861-11f1-b57f-b48c9db4e1b4,2,"[0, 1, 1, 0]",1,1,1,,0.5,4
2170,96b9f99f-8861-11f1-b57f-b48c9db4e1b4,2,"[0, 1, 1, 0]",2,1,1,,0.5,4
2171,96b9f99f-8861-11f1-b57f-b48c9db4e1b4,2,"[0, 1, 1, 0]",3,0,0,,0.5,4
2172,96b9f99f-8861-11f1-b57f-b48c9db4e1b4,3,"[0, 0, 1, 1]",0,0,0,,0.5,4
2173,96b9f99f-8861-11f1-b57f-b48c9db4e1b4,3,"[0, 0, 1, 1]",1,0,0,,0.5,4
2174,96b9f99f-8861-11f1-b57f-b48c9db4e1b4,3,"[0, 0, 1, 1]",2,1,1,,0.5,4
2175,96b9f99f-8861-11f1-b57f-b48c9db4e1b4,3,"[0, 0, 1, 1]",3,1,1,,0.5,4
2176,96b9f99f-8861-11f1-b57f-b48c9db4e1b4,4,"[1, 0, 0, 1]",0,1,1,,0.5,4
2177,96b9f99f-8861-11f1-b57f-b48c9db4e1b4,4,"[1, 0, 0, 1]",1,0,0,,0.5,4
2178,96b9f99f-8861-11f1-b57f-b48c9db4e1b4,4,"[1, 0, 0, 1]",2,0,0,,0.5,4
2179,96b9f99f-8861-11f1-b57f-b48c9db4e1b4,4,"[1, 0, 0, 1]",3,1,1,,0.5,4
2180,96b9f99f-8861-11f1-b57f-b48c9db4e1b4,5,"[1, 1, 0, 0]",0,1,1,,0.5,4
2181,96b9f99f-8861-11f1-b57f-b48c9db4e1b4,5,"[1, 1, 0, 0]",1,1,1,,0.5,4
2182,96b9f99f-8861-11f1-b57f-b48c9db4e1b4,5,"[1, 1, 0, 0]",2,0,0,,0.5,4
2183,96b9f99f-8861-11f1-b57f-b48c9db4e1b4,5,"[1, 1, 0, 0]",3,0,0,,0.5,4
2184,96b9f99f-8861-11f1-b57f-b48c9db4e1b4,6,"[0, 1, 1, 0]",0,0,0,,0.5,4
2185,96b9f99f-8861-11f1-b57f-b48c9db4e1b4,6,"[0, 1, 1, 0]",1,1,1,,0.5,4
2186,96b9f99f-8861-11f1-b57f-b48c9db4e1b4,6,"[0, 1, 1, 0]",2,1,1,,0.5,4
2187,96b9f99f-8861-11f1-b57f-b48c9db4e1b4,6,"[0, 1, 1, 0]",3,0,0,,0.5,4
2188,96b9f99f-8861-11f1-b57f-b48c9db4e1b4,7,"[0, 0, 1, 1]",0,0,0,,0.5,4
2189,96b9f99f-8861-11f1-b57f-b48c9db4e1b4,7,"[0, 0, 1, 1]",1,0,0,,0.5,4
2190,96b9f99f-8861-11f1-b57f-b48c9db4e1b4,7,"[0, 0, 1, 1]",2,1,1,,0.5,4
2191,96b9f99f-8861-11f1-b57f-b48c9db4e1b4,7,"[0, 0, 1, 1]",3,1,1,,0.5,4
2192,96b9f99f-8861-11f1-b57f-b48c9db4e1b4,8,"[1, 0, 0, 1]",0,1,1,,0.5,4
2193,96b9f99f-8861-11f1-b57f-b48c9db4e1b4,8,"[1, 0, 0, 1]",1,0,0,,0.5,4
2194,96b9f99f-8861-11f1-b57f-b48c9db4e1b4,8,"[1, 0, 0, 1]",2,0,0,,0.5,4
2195,96b9f99f-8861-11f1-b57f-b48c9db4e1b4,8,"[1, 0, 0, 1]",3,1,1,,0.5,4
2196,96b9f99f-8861-11f1-b57f-b48c9db4e1b4,9,"[1, 1, 0, 0]",0,1,1,,0.5,4
2197,96b9f99f-8861-11f1-b57f-b48c9db4e1b4,9,"[1, 1, 0, 0]",1,1,1,,0.5,4
2198,96b9f99f-8861-11f1-b57f-b48c9db4e1b4,9,"[1, 1, 0, 0]",2,0,0,,0.5,4
2199,96b9f99f-8861-11f1-b57f-b48c9db4e1b4,9,"[1, 1, 0, 0]",3,0,0,,0.5,4
2200,96b9f99f-8861-11f1-b57f-b48c9db4e1b4,10,"[0, 1, 1, 0]",0,0,0,,0.5,4
2201,96b9f99f-8861-11f1-b57f-b48c9db4e1b4,10,"[0, 1, 1, 0]",1,1,1,,0.5,4
2202,96b9f99f-8861-11f1-b57f-b48c9db4e1b4,10,"[0, 1, 1, 0]",2,1,1,,0.5,4
2203,96b9f99f-8861-11f1-b57f-b48c9db4e1b4,10,"[0, 1, 1, 0]",3,0,0,,0.5,4
2204,96b9f99f-8861-11f1-b57f-b48c9db4e1b4,11,"[0, 0, 1, 1]",0,0,0,,0.5,4
2205,96b9f99f-8861-11f1-b57f-b48c9db4e1b4,11,"[0, 0, 1, 1]",1,0,0,,0.5,4
2206,96b9f99f-8861-11f1-b57f-b48c9db4e1b4,11,"[0, 0, 1, 1]",2,1,1,,0.5,4
2207,96b9f99f-8861-11f1-b57f-b48c9db4e1b4,11,"[0, 0, 1, 1]",3,1,1,,0.5,4
2208,96b9f99f-8861-11f1-b57f-b48c9db4e1b4,12,"[1, 0, 0, 1]",0,1,1,,0.5,4
2209,96b9f99f-8861-11f1-b57f-b48c9db4e1b4,12,"[1, 0, 0, 1]",1,0,0,,0.5,4
2210,96b9f99f-8861-11f1-b57f-b48c9db4e1b4,12,"[1, 0, 0, 1]",2,0,0,,0.5,4
2211,96b9f99f-8861-11f1-b57f-b48c9db4e1b4,12,"[1, 0, 0, 1]",3,1,1,,0.5,4
2212,96b9f99f-8861-11f1-b57f-b48c9db4e1b4,13,"[1, 1, 0, 0]",0,1,1,,0.5,4
2213,96b9f99f-8861-11f1-b57f-b48c9db4e1b4,13,"[1, 1, 0, 0]",1,1,1,,0.5,4
2214,96b9f99f-8861-11f1-b57f-b48c9db4e1b4,13,"[1, 1, 0, 0]",2,0,0,,0.5,4
2215,96b9f99f-8861-11f1-b57f-b48c9db4e1b4,13,"[1, 1, 0, 0]",3,0,0,,0.5,4
2216,96b9f99f-8861-11f1-b57f-b48c9db4e1b4,14,"[0, 1, 1, 0]",0,0,0,,0.5,4
2217,96b9f99f-8861-11f1-b57f-b48c9db4e1b4,14,"[0, 1, 1, 0]",1,1,1,,0.5,4
2218,96b9f99f-8861-11f1-b57f-b48c9db4e1b4,14,"[0, 1, 1, 0]",2,1,1,,0.5,4
2219,96b9f99f-8861-11f1-b57f-b48c9db4e1b4,14,"[0, 1, 1, 0]",3,0,0,,0.5,4
2220,96b9f99f-8861-11f1-b57f-b48c9db4e1b4,15,"[0, 0, 1, 1]",0,0,0,,0.5,4
2221,96b9f99f-8861-11f1-b57f-b48c9db4e1b4,15,"[0, 0, 1, 1]",1,0,0,,0.5,4
2222,96b9f99f-8861-11f1-b57f-b48c9db4e1b4,15,"[0, 0, 1, 1]",2,1,1,,0.5,4
2223,96b9f99f-8861-11f1-b57f-b48c9db4e1b4,15,"[0, 0, 1, 1]",3,1,1,,0.5,4
2224,96b9f99f-8861-11f1-b57f-b48c9db4e1b4,16,"[1, 0, 0, 1]",0,1,1,,0.5,4
2225,96b9f99f-8861-11f1-b57f-b48c9db4e1b4,16,"[1, 0, 0, 1]",1,0,0,,0.5,4
2226,96b9f99f-8861-11f1-b57f-b48c9db4e1b4,16,"[1, 0, 0, 1]",2,0,0,,0.5,4
2227,96b9f99f-8861-11f1-b57f-b48c9db4e1b4,16,"[1, 0, 0, 1]",3,1,1,,0.5,4
2228,96b9f99f-8861-11f1-b57f-b48c9db4e1b4,17,"[1, 1, 0, 0]",0,1,1,,0.5,4
2229,96b9f99f-8861-11f1-b57f-b48c9db4e1b4,17,"[1, 1, 0, 0]",1,1,1,,0.5,4
2230,96b9f99f-8861-11f1-b57f-b48c9db4e1b4,17,"[1, 1, 0, 0]",2,0,0,,0.5,4
2231,96b9f99f-8861-11f1-b57f-b48c9db4e1b4,17,"[1, 1, 0, 0]",3,0,0,,0.5,4
2232,96b9f99f-8861-11f1-b57f-b48c9db4e1b4,18,"[0, 1, 1, 0]",0,0,0,,0.5,4
2233,96b9f99f-8861-11f1-b57f-b48c9db4e1b4,18,"[0, 1, 1, 0]",1,1,1,,0.5,4
2234,96b9f99f-8861-11f1-b57f-b48c9db4e1b4,18,"[0, 1, 1, 0]",2,1,1,,0.5,4
2235,96b9f99f-8861-11f1-b57f-b48c9db4e1b4,18,"[0, 1, 1, 0]",3,0,0,,0.5,4
2236,96b9f99f-8861-11f1-b57f-b48c9db4e1b4,19,"[0, 0, 1, 1]",0,0,0,,0.5,4
2237,96b9f99f-8861-11f1-b57f-b48c9db4e1b4,19,"[0, 0, 1, 1]",1,0,0,,0.5,4
2238,96b9f99f-8861-11f1-b57f-b48c9db4e1b4,19,"[0, 0, 1, 1]",2,1,1,,0.5,4
2239,96b9f99f-8861-11f1-b57f-b48c9db4e1b4,19,"[0, 0, 1, 1]",3,1,1,,0.5,4
2240,96bece62-8861-11f1-a967-b48c9db4e1b4,0,"[1, 1, 1, 0]",0,1,-1,,0.5,4
2241,96bece62-8861-11f1-a967-b48c9db4e1b4,0,"[1, 1, 1, 0]",1,1,-1,,0.5,4
2242,96bece62-8861-11f1-a967-b48c9db4e1b4,0,"[1, 1, 1, 0]",2,1,-1,,0.5,4
2243,96bece62-8861-11f1-a967-b48c9db4e1b4,0,"[1, 1, 1, 0]",3,0,0,,0.5,4
2244,96bece62-8861-11f1-a967-b48c9db4e1b4,1,"[0, 1, 1, 0]",0,0,0,,0.5,4
2245,96bece62-8861-11f1-a967-b48c9db4e1b4,1,"[0, 1, 1, 0]",1,1,1,,0.5,4
2246,96bece62-8861-11f1-a967-b48c9db4e1b4,1,"[0, 1, 1, 0]",2,1,1,,0.5,4
2247,96bece62-8861-11f1-a967-b48c9db4e1b4,1,"[0, 1, 1, 0]",3,0,0,,0.5,4
2248,96bece62-8861-11f1-a967-b48c9db4e1b4,2,"[0, 1, 1, 1]",0,0,0,,0.5,4
2249,96bece62-8861-11f1-a967-b48c9db4e1b4,2,"[0, 1, 1, 1]",1,1,-1,,0.5,4
2250,96bece62-8861-11f1-a967-b48c9db4e1b4,2,"[0, 1, 1, 1]",2,1,-1,,0.5,4
2251,96bece62-8861-11f1-a967-b48c9db4e1b4,2,"[0, 1, 1, 1]",3,1,-1,,0.5,4
2252,96bece62-8861-11f1-a967-b48c9db4e1b4,3,"[1, 0, 0, 0]",0,1,1,,0.5,4
2253,96bece62-8861-11f1-a967-b48c9db4e1b4,3,"[1, 0, 0, 0]",1,0,0,,0.5,4
2254,96bece62-8861-11f1-a967-b48c9db4e1b4,3,"[1, 0, 0, 0]",2,0,0,,0.5,4
2255,96bece62-8861-11f1-a967-b48c9db4e1b4,3,"[1, 0, 0, 0]",3,0,0,,0.5,4
2256,96bece62-8861-11f1-a967-b48c9db4e1b4,4,"[1, 1, 0, 0]",0,1,1,,0.5,4
2257,96bece62-8861-11f1-a967-b48c9db4e1b4,4,"[1, 1, 0, 0]",1,1,1,,0.5,4
2258,96bece62-8861-11f1-a967-b48c9db4e1b4,4,"[1, 1, 0, 0]",2,0,0,,0.5,4
2259,96bece62-8861-11f1-a967-b48c9db4e1b4,4,"[1, 1, 0, 0]",3,0,0,,0.5,4
2260,96bece62-8861-11f1-a967-b48c9db4e1b4,5,"[0, 1, 1, 0]",0,0,0,,0.5,4
2261,96bece62-8861-11f1-a967-b48c9db4e1b4,5,"[0, 1, 1, 0]",1,1,1,,0.5,4
2262,96bece62-8861-11f1-a967-b48c9db4e1b4,5,"[0, 1, 1, 0]",2,1,1,,0.5,4
2263,96bece62-8861-11f1-a967-b48c9db4e1b4,5,"[0, 1, 1, 0]",3,0,0,,0.5,4
2264,96bece62-8861-11f1-a967-b48c9db4e1b4,6,"[0, 0, 1, 1]",0,0,0,,0.5,4
2265,96bece62-8861-11f1-a967-b48c9db4e1b4,6,"[0, 0, 1, 1]",1,0,0,,0.5,4
2266,96bece62-8861-11f1-a967-b48c9db4e1b4,6,"[0, 0, 1, 1]",2,1,1,,0.5,4
2267,96bece62-8861-11f1-a967-b48c9db4e1b4,6,"[0, 0, 1, 1]",3,1,1,,0.5,4
2268,96bece62-8861-11f1-a967-b48c9db4e1b4,7,"[1, 0, 0, 1]",0,1,1,,0.5,4
2269,96bece62-8861-11f1-a967-b48c9db4e1b4,7,"[1, 0, 0, 1]",1,0,0,,0.5,4
2270,96bece62-8861-11f1-a967-b48c9db4e1b4,7,"[1, 0, 0, 1]",2,0,0,,0.5,4
2271,96bece62-8861-11f1-a967-b48c9db4e1b4,7,"[1, 0, 0, 1]",3,1,1,,0.5,4
2272,96bece62-8861-11f1-a967-b48c9db4e1b4,8,"[1, 1, 0, 0]",0,1,1,,0.5,4
2273,96bece62-8861-11f1-a967-b48c9db4e1b4,8,"[1, 1, 0, 0]",1,1,1,,0.5,4
2274,96bece62-8861-11f1-a967-b48c9db4e1b4,8,"[1, 1, 0, 0]",2,0,0,,0.5,4
2275,96bece62-8861-11f1-a967-b48c9db4e1b4,8,"[1, 1, 0, 0]",3,0,0,,0.5,4
2276,96bece62-8861-11f1-a967-b48c9db4e1b4,9,"[0, 1, 1, 0]",0,0,0,,0.5,4
2277,96bece62-8861-11f1-a967-b48c9db4e1b4,9,"[0, 1, 1, 0]",1,1,1,,0.5,4
2278,96bece62-8861-11f1-a967-b48c9db4e1b4,9,"[0, 1, 1, 0]",2,1,1,,0.5,4
2279,96bece62-8861-11f1-a967-b48c9db4e1b4,9,"[0, 1, 1, 0]",3,0,0,,0.5,4
2280,96bece62-8861-11f1-a967-b48c9db4e1b4,10,"[0, 0, 1, 1]",0,0,0,,0.5,4
2281,96bece62-8861-11f1-a967-b48c9db4e1b4,10,"[0, 0, 1, 1]",1,0,0,,0.5,4
2282,96bece62-8861-11f1-a967-b48c9db4e1b4,10,"[0, 0, 1, 1]",2,1,1,,0.5,4
2283,96bece62-8861-11f1-a967-b48c9db4e1b4,10,"[0, 0, 1, 1]",3,1,1,,0.5,4
2284,96bece62-8861-11f1-a967-b48c9db4e1b4,11,"[1, 0, 0, 1]",0,1,1,,0.5,4
2285,96bece62-8861-11f1-a967-b48c9db4e1b4,11,"[1, 0, 0, 1]",1,0,0,,0.5,4
2286,96bece62-8861-11f1-a967-b48c9db4e1b4,11,"[1, 0, 0, 1]",2,0,0,,0.5,4
2287,96bece62-8861-11f1-a967-b48c9db4e1b4,11,"[1, 0, 0, 1]",3,1,1,,0.5,4
2288,96bece62-8861-11f1-a967-b48c9db4e1b4,12,"[1, 1, 0, 0]",0,1,1,,0.5,4
2289,96bece62-8861-11f1-a967-b48c9db4e1b4,12,"[1, 1, 0, 0]",1,1,1,,0.5,4
2290,96bece62-8861-11f1-a967-b48c9db4e1b4,12,"[1, 1, 0, 0]",2,0,0,,0.5,4
2291,96bece62-8861-11f1-a967-b48c9db4e1b4,12,"[1, 1, 0, 0]",3,0,0,,0.5,4
2292,96bece62-8861-11f1-a967-b48c9db4e1b4,13,"[0, 1, 1, 0]",0,0,0,,0.5,4
2293,96bece62-8861-11f1-a967-b48c9db4e1b4,13,"[0, 1, 1, 0]",1,1,1,,0.5,4
2294,96bece62-8861-11f1-a967-b48c9db4e1b4,13,"[0, 1, 1, 0]",2,1,1,,0.5,4
2295,96bece62-8861-11f1-a967-b48c9db4e1b4,13,"[0, 1, 1, 0]",3,0,0,,0.5,4
2296,96bece62-8861-11f1-a967-b48c9db4e1b4,14,"[0, 0, 1, 1]",0,0,0,,0.5,4
2297,96bece62-8861-11f1-a967-b48c9db4e1b4,14,"[0, 0, 1, 1]",1,0,0,,0.5,4
2298,96bece62-8861-11f1-a967-b48c9db4e1b4,14,"[0, 0, 1, 1]",2,1,1,,0.5,4
2299,96bece62-8861-11f1-a967-b48c9db4e1b4,14,"[0, 0, 1, 1]",3,1,1,,0.5,4
2300,96bece62-8861-11f1-a967-b48c9db4e1b4,15,"[1, 0, 0, 1]",0,1,1,,0.5,4
2301,96bece62-8861-11f1-a967-b48c9db4e1b4,15,"[1, 0, 0, 1]",1,0,0,,0.5,4
2302,96bece62-8861-11f1-a967-b48c9db4e1b4,15,"[1, 0, 0, 1]",2,0,0,,0.5,4
2303,96bece62-8861-11f1-a967-b48c9db4e1b4,15,"[1, 0, 0, 1]",3,1,1,,0.5,4
2304,96bece62-8861-11f1-a967-b48c9db4e1b4,16,"[1, 1, 0, 0]",0,1,1,,0.5,4
2305,96bece62-8861-11f1-a967-b48c9db4e1b4,16,"[1, 1, 0, 0]",1,1,1,,0.5,4
2306,96bece62-8861-11f1-a967-b48c9db4e1b4,16,"[1, 1, 0, 0]",2,0,0,,0.5,4
2307,96bece62-8861-11f1-a967-b48c9db4e1b4,16,"[1, 1, 0, 0]",3,0,0,,0.5,4
2308,96bece62-8861-11f1-a967-b48c9db4e1b4,17,"[0, 1, 1, 0]",0,0,0,,0.5,4
2309,96bece62-8861-11f1-a967-b48c9db4e1b4,17,"[0, 1, 1, 0]",1,1,1,,0.5,4
2310,96bece62-8861-11f1-a967-b48c9db4e1b4,17,"[0, 1, 1, 0]",2,1,1,,0.5,4
2311,96bece62-8861-11f1-a967-b48c9db4e1b4,17,"[0, 1, 1, 0]",3,0,0,,0.5,4
2312,96bece62-8861-11f1-a967-b48c9db4e1b4,18,"[0, 0, 1, 1]",0,0,0,,0.5,4
2313,96bece62-8861-11f1-a967-b48c9db4e1b4,18,"[0, 0, 1, 1]",1,0,0,,0.5,4
2314,96bece62-8861-11f1-a967-b48c9db4e1b4,18,"[0, 0, 1, 1]",2,1,1,,0.5,4
2315,96bece62-8861-11f1-a967-b48c9db4e1b4,18,"[0, 0, 1, 1]",3,1,1,,0.5,4
2316,96bece62-8861-11f1-a967-b48c9db4e1b4,19,"[1, 0, 0, 1]",0,1,1,,0.5,4
2317,96bece62-8861-11f1-a967-b48c9db4e1b4,19,"[1, 0, 0, 1]",1,0,0,,0.5,4
2318,96bece62-8861-11f1-a967-b48c9db4e1b4,19,"[1, 0, 0, 1]",2,0,0,,0.5,4
2319,96bece62-8861-11f1-a967-b48c9db4e1b4,19,"[1, 0, 0, 1]",3,1,1,,0.5,4
2320,96c375de-8861-11f1-83e8-b48c9db4e1b4,0,"[1, 0, 0, 1]",0,1,1,,0.5,4
2321,96c375de-8861-11f1-83e8-b48c9db4e1b4,0,"[1, 0, 0, 1]",1,0,0,,0.5,4
2322,96c375de-8861-11f1-83e8-b48c9db4e1b4,0,"[1, 0, 0, 1]",2,0,0,,0.5,4
2323,96c375de-8861-11f1-83e8-b48c9db4e1b4,0,"[1, 0, 0, 1]",3,1,1,,0.5,4
2324,96c375de-8861-11f1-83e8-b48c9db4e1b4,1,"[0, 1, 0, 0]",0,0,0,,0.5,4
2325,96c375de-8861-11f1-83e8-b48c9db4e1b4,1,"[0, 1, 0, 0]",1,1,1,,0.5,4
2326,96c375de-8861-11f1-83e8-b48c9db4e1b4,1,"[0, 1, 0, 0]",2,0,0,,0.5,4
2327,96c375de-8861-11f1-83e8-b48c9db4e1b4,1,"[0, 1, 0, 0]",3,0,0,,0.5,4
2328,96c375de-8861-11f1-83e8-b48c9db4e1b4,2,"[0, 1, 1, 0]",0,0,0,,0.5,4
2329,96c375de-8861-11f1-83e8-b48c9db4e1b4,2,"[0, 1, 1, 0]",1,1,1,,0.5,4
2330,96c375de-8861-11f1-83e8-b48c9db4e1b4,2,"[0, 1, 1, 0]",2,1,1,,0.5,4
2331,96c375de-8861-11f1-83e8-b48c9db4e1b4,2,"[0, 1, 1, 0]",3,0,0,,0.5,4
2332,96c375de-8861-11f1-83e8-b48c9db4e1b4,3,"[0, 1, 1, 1]",0,0,0,,0.5,4
2333,96c375de-8861-11f1-83e8-b48c9db4e1b4,3,"[0, 1, 1, 1]",1,1,-1,,0.5,4
2334,96c375de-8861-11f1-83e8-b48c9db4e1b4,3,"[0, 1, 1, 1]",2,1,-1,,0.5,4
2335,96c375de-8861-11f1-83e8-b48c9db4e1b4,3,"[0, 1, 1, 1]",3,1,-1,,0.5,4
2336,96c375de-8861-11f1-83e8-b48c9db4e1b4,4,"[0, 1, 1, 1]",0,0,0,,0.5,4
2337,96c375de-8861-11f1-83e8-b48c9db4e1b4,4,"[0, 1, 1, 1]",1,1,-1,,0.5,4
2338,96c375de-8861-11f1-83e8-b48c9db4e1b4,4,"[0, 1, 1, 1]",2,1,-1,,0.5,4
2339,96c375de-8861-11f1-83e8-b48c9db4e1b4,4,"[0, 1, 1, 1]",3,1,-1,,0.5,4
2340,96c375de-8861-11f1-83e8-b48c9db4e1b4,5,"[0, 1, 0, 0]",0,0,0,,0.5,4
2341,96c375de-8861-11f1-83e8-b48c9db4e1b4,5,"[0, 1, 0, 0]",1,1,1,,0.5,4
2342,96c375de-8861-11f1-83e8-b48c9db4e1b4,5,"[0, 1, 0, 0]",2,0,0,,0.5,4
2343,96c375de-8861-11f1-83e8-b48c9db4e1b4,5,"[0, 1, 0, 0]",3,0,0,,0.5,4
2344,96c375de-8861-11f1-83e8-b48c9db4e1b4,6,"[0, 1, 1, 0]",0,0,0,,0.5,4
2345,96c375de-8861-11f1-83e8-b48c9db4e1b4,6,"[0, 1, 1, 0]",1,1,1,,0.5,4
2346,96c375de-8861-11f1-83e8-b48c9db4e1b4,6,"[0, 1, 1, 0]",2,1,1,,0.5,4
2347,96c375de-8861-11f1-83e8-b48c9db4e1b4,6,"[0, 1, 1, 0]",3,0,0,,0.5,4
2348,96c375de-8861-11f1-83e8-b48c9db4e1b4,7,"[0, 1, 1, 1]",0,0,0,,0.5,4
2349,96c375de-8861-11f1-83e8-b48c9db4e1b4,7,"[0, 1, 1, 1]",1,1,-1,,0.5,4
2350,96c375de-8861-11f1-83e8-b48c9db4e1b4,7,"[0, 1, 1, 1]",2,1,-1,,0.5,4
2351,96c375de-8861-11f1-83e8-b48c9db4e1b4,7,"[0, 1, 1, 1]",3,1,-1,,0.5,4
2352,96c375de-8861-11f1-83e8-b48c9db4e1b4,8,"[1, 0, 0, 0]",0,1,1,,0.5,4
2353,96c375de-8861-11f1-83e8-b48c9db4e1b4,8,"[1, 0, 0, 0]",1,0,0,,0.5,4
2354,96c375de-8861-11f1-83e8-b48c9db4e1b4,8,"[1, 0, 0, 0]",2,0,0,,0.5,4
2355,96c375de-8861-11f1-83e8-b48c9db4e1b4,8,"[1, 0, 0, 0]",3,0,0,,0.5,4
2356,96c375de-8861-11f1-83e8-b48c9db4e1b4,9,"[1, 1, 0, 0]",0,1,1,,0.5,4
2357,96c375de-8861-11f1-83e8-b48c9db4e1b4,9,"[1, 1, 0, 0]",1,1,1,,0.5,4
2358,96c375de-8861-11f1-83e8-b48c9db4e1b4,9,"[1, 1, 0, 0]",2,0,0,,0.5,4
2359,96c375de-8861-11f1-83e8-b48c9db4e1b4,9,"[1, 1, 0, 0]",3,0,0,,0.5,4
2360,96c375de-8861-11f1-83e8-b48c9db4e1b4,10,"[0, 1, 1, 0]",0,0,0,,0.5,4
2361,96c375de-8861-11f1-83e8-b48c9db4e1b4,10,"[0, 1, 1, 0]",1,1,1,,0.5,4
2362,96c375de-8861-11f1-83e8-b48c9db4e1b4,10,"[0, 1, 1, 0]",2,1,1,,0.5,4
2363,96c375de-8861-11f1-83e8-b48c9db4e1b4,10,"[0, 1, 1, 0]",3,0,0,,0.5,4
2364,96c375de-8861-11f1-83e8-b48c9db4e1b4,11,"[0, 0, 1, 1]",0,0,0,,0.5,4
2365,96c375de-8861-11f1-83e8-b48c9db4e1b4,11,"[0, 0, 1, 1]",1,0,0,,0.5,4
2366,96c375de-8861-11f1-83e8-b48c9db4e1b4,11,"[0, 0, 1, 1]",2,1,1,,0.5,4
2367,96c375de-8861-11f1-83e8-b48c9db4e1b4,11,"[0, 0, 1, 1]",3,1,1,,0.5,4
2368,96c375de-8861-11f1-83e8-b48c9db4e1b4,12,"[1, 0, 0, 1]",0,1,1,,0.5,4
2369,96c375de-8861-11f1-83e8-b48c9db4e1b4,12,"[1, 0, 0, 1]",1,0,0,,0.5,4
2370,96c375de-8861-11f1-83e8-b48c9db4e1b4,12,"[1, 0, 0, 1]",2,0,0,,0.5,4
2371,96c375de-8861-11f1-83e8-b48c9db4e1b4,12,"[1, 0, 0, 1]",3,1,1,,0.5,4
2372,96c375de-8861-11f1-83e8-b48c9db4e1b4,13,"[1, 1, 0, 0]",0,1,1,,0.5,4
2373,96c375de-8861-11f1-83e8-b48c9db4e1b4,13,"[1, 1, 0, 0]",1,1,1,,0.5,4
2374,96c375de-8861-11f1-83e8-b48c9db4e1b4,13,"[1, 1, 0, 0]",2,0,0,,0.5,4
2375,96c375de-8861-11f1-83e8-b48c9db4e1b4,13,"[1, 1, 0, 0]",3,0,0,,0.5,4
2376,96c375de-8861-11f1-83e8-b48c9db4e1b4,14,"[0, 1, 1, 0]",0,0,0,,0.5,4
2377,96c375de-8861-11f1-83e8-b48c9db4e1b4,14,"[0, 1, 1, 0]",1,1,1,,0.5,4
2378,96c375de-8861-11f1-83e8-b48c9db4e1b4,14,"[0, 1, 1, 0]",2,1,1,,0.5,4
2379,96c375de-8861-11f1-83e8-b48c9db4e1b4,14,"[0, 1, 1, 0]",3,0,0,,0.5,4
2380,96c375de-8861-11f1-83e8-b48c9db4e1b4,15,"[0, 0, 1, 1]",0,0,0,,0.5,4
2381,96c375de-8861-11f1-83e8-b48c9db4e1b4,15,"[0, 0, 1, 1]",1,0,0,,0.5,4
2382,96c375de-8861-11f1-83e8-b48c9db4e1b4,15,"[0, 0, 1, 1]",2,1,1,,0.5,4
2383,96c375de-8861-11f1-83e8-b48c9db4e1b4,15,"[0, 0, 1, 1]",3,1,1,,0.5,4
2384,96c375de-8861-11f1-83e8-b48c9db4e1b4,16,"[1, 0, 0, 1]",0,1,1,,0.5,4
2385,96c375de-8861-11f1-83e8-b48c9db4e1b4,16,"[1, 0, 0, 1]",1,0,0,,0.5,4
2386,96c375de-8861-11f1-83e8-b48c9db4e1b4,16,"[1, 0, 0, 1]",2,0,0,,0.5,4
2387,96c375de-8861-11f1-83e8-b48c9db4e1b4,16,"[1, 0, 0, 1]",3,1,1,,0.5,4
2388,96c375de-8861-11f1-83e8-b48c9db4e1b4,17,"[1, 1, 0, 0]",0,1,1,,0.5,4
2389,96c375de-8861-11f1-83e8-b48c9db4e1b4,17,"[1, 1, 0, 0]",1,1,1,,0.5,4
2390,96c375de-8861-11f1-83e8-b48c9db4e1b4,17,"[1, 1, 0, 0]",2,0,0,,0.5,4
2391,96c375de-8861-11f1-83e8-b48c9db4e1b4,17,"[1, 1, 0, 0]",3,0,0,,0.5,4
2392,96c375de-8861-11f1-83e8-b48c9db4e1b4,18,"[0, 1, 1, 0]",0,0,0,,0.5,4
2393,96c375de-8861-11f1-83e8-b48c9db4e1b4,18,"[0, 1, 1, 0]",1,1,1,,0.5,4
2394,96c375de-8861-11f1-83e8-b48c9db4e1b4,18,"[0, 1, 1, 0]",2,1,1,,0.5,4
2395,96c375de-8861-11f1-83e8-b48c9db4e1b4,18,"[0, 1, 1, 0]",3,0,0,,0.5,4
2396,96c375de-8861-11f1-83e8-b48c9db4e1b4,19,"[0, 0, 1, 1]",0,0,0,,0.5,4
2397,96c375de-8861-11f1-83e8-b48c9db4e1b4,19,"[0, 0, 1, 1]",1,0,0,,0.5,4
2398,96c375de-8861-11f1-83e8-b48c9db4e1b4,19,"[0, 0, 1, 1]",2,1,1,,0.5,4
2399,96c375de-8861-11f1-83e8-b48c9db4e1b4,19,"[0, 0, 1, 1]",3,1,1,,0.5,4
2400,96c88d8e-8861-11f1-8cc2-b48c9db4e1b4,0,"[1, 1, 1, 0]",0,1,-1,,0.5,4
2401,96c88d8e-8861-11f1-8cc2-b48c9db4e1b4,0,"[1, 1, 1, 0]",1,1,-1,,0.5,4
2402,96c88d8e-8861-11f1-8cc2-b48c9db4e1b4,0,"[1, 1, 1, 0]",2,1,-1,,0.5,4
2403,96c88d8e-8861-11f1-8cc2-b48c9db4e1b4,0,"[1, 1, 1, 0]",3,0,0,,0.5,4
2404,96c88d8e-8861-11f1-8cc2-b48c9db4e1b4,1,"[0, 1, 1, 0]",0,0,0,,0.5,4
2405,96c88d8e-8861-11f1-8cc2-b48c9db4e1b4,1,"[0, 1, 1, 0]",1,1,1,,0.5,4
2406,96c88d8e-8861-11f1-8cc2-b48c9db4e1b4,1,"[0, 1, 1, 0]",2,1,1,,0.5,4
2407,96c88d8e-8861-11f1-8cc2-b48c9db4e1b4,1,"[0, 1, 1, 0]",3,0,0,,0.5,4
2408,96c88d8e-8861-11f1-8cc2-b48c9db4e1b4,2,"[0, 1, 1, 1]",0,0,0,,0.5,4
2409,96c88d8e-8861-11f1-8cc2-b48c9db4e1b4,2,"[0, 1, 1, 1]",1,1,-1,,0.5,4
2410,96c88d8e-8861-11f1-8cc2-b48c9db4e1b4,2,"[0, 1, 1, 1]",2,1,-1,,0.5,4
2411,96c88d8e-8861-11f1-8cc2-b48c9db4e1b4,2,"[0, 1, 1, 1]",3,1,-1,,0.5,4
2412,96c88d8e-8861-11f1-8cc2-b48c9db4e1b4,3,"[0, 1, 0, 0]",0,0,0,,0.5,4
2413,96c88d8e-8861-11f1-8cc2-b48c9db4e1b4,3,"[0, 1, 0, 0]",1,1,1,,0.5,4
2414,96c88d8e-8861-11f1-8cc2-b48c9db4e1b4,3,"[0, 1, 0, 0]",2,0,0,,0.5,4
2415,96c88d8e-8861-11f1-8cc2-b48c9db4e1b4,3,"[0, 1, 0, 0]",3,0,0,,0.5,4
2416,96c88d8e-8861-11f1-8cc2-b48c9db4e1b4,4,"[0, 1, 1, 0]",0,0,0,,0.5,4
2417,96c88d8e-8861-11f1-8cc2-b48c9db4e1b4,4,"[0, 1, 1, 0]",1,1,1,,0.5,4
2418,96c88d8e-8861-11f1-8cc2-b48c9db4e1b4,4,"[0, 1, 1, 0]",2,1,1,,0.5,4
2419,96c88d8e-8861-11f1-8cc2-b48c9db4e1b4,4,"[0, 1, 1, 0]",3,0,0,,0.5,4
2420,96c88d8e-8861-11f1-8cc2-b48c9db4e1b4,5,"[0, 1, 1, 1]",0,0,0,,0.5,4
2421,96c88d8e-8861-11f1-8cc2-b48c9db4e1b4,5,"[0, 1, 1, 1]",1,1,-1,,0.5,4
2422,96c88d8e-8861-11f1-8cc2-b48c9db4e1b4,5,"[0, 1, 1, 1]",2,1,-1,,0.5,4
2423,96c88d8e-8861-11f1-8cc2-b48c9db4e1b4,5,"[0, 1, 1, 1]",3,1,-1,,0.5,4
2424,96c88d8e-8861-11f1-8cc2-b48c9db4e1b4,6,"[0, 0, 0, 0]",0,0,0,,0.5,4
2425,96c88d8e-8861-11f1-8cc2-b48c9db4e1b4,6,"[0, 0, 0, 0]",1,0,0,,0.5,4
2426,96c88d8e-8861-11f1-8cc2-b48c9db4e1b4,6,"[0, 0, 0, 0]",2,0,0,,0.5,4
2427,96c88d8e-8861-11f1-8cc2-b48c9db4e1b4,6,"[0, 0, 0, 0]",3,0,0,,0.5,4
2428,96c88d8e-8861-11f1-8cc2-b48c9db4e1b4,7,"[1, 1, 0, 1]",0,1,-1,,0.5,4
2429,96c88d8e-8861-11f1-8cc2-b48c9db4e1b4,7,"[1, 1, 0, 1]",1,1,-1,,0.5,4
2430,96c88d8e-8861-11f1-8cc2-b48c9db4e1b4,7,"[1, 1, 0, 1]",2,0,0,,0.5,4
2431,96c88d8e-8861-11f1-8cc2-b48c9db4e1b4,7,"[1, 1, 0, 1]",3,1,-1,,0.5,4
2432,96c88d8e-8861-11f1-8cc2-b48c9db4e1b4,8,"[1, 1, 1, 0]",0,1,-1,,0.5,4
2433,96c88d8e-8861-11f1-8cc2-b48c9db4e1b4,8,"[1, 1, 1, 0]",1,1,-1,,0.5,4
2434,96c88d8e-8861-11f1-8cc2-b48c9db4e1b4,8,"[1, 1, 1, 0]",2,1,-1,,0.5,4
2435,96c88d8e-8861-11f1-8cc2-b48c9db4e1b4,8,"[1, 1, 1, 0]",3,0,0,,0.5,4
2436,96c88d8e-8861-11f1-8cc2-b48c9db4e1b4,9,"[0, 1, 1, 0]",0,0,0,,0.5,4
2437,96c88d8e-8861-11f1-8cc2-b48c9db4e1b4,9,"[0, 1, 1, 0]",1,1,1,,0.5,4
2438,96c88d8e-8861-11f1-8cc2-b48c9db4e1b4,9,"[0, 1, 1, 0]",2,1,1,,0.5,4
2439,96c88d8e-8861-11f1-8cc2-b48c9db4e1b4,9,"[0, 1, 1, 0]",3,0,0,,0.5,4
2440,96c88d8e-8861-11f1-8cc2-b48c9db4e1b4,10,"[0, 1, 1, 0]",0,0,0,,0.5,4
2441,96c88d8e-8861-11f1-8cc2-b48c9db4e1b4,10,"[0, 1, 1, 0]",1,1,1,,0.5,4
2442,96c88d8e-8861-11f1-8cc2-b48c9db4e1b4,10,"[0, 1, 1, 0]",2,1,1,,0.5,4
2443,96c88d8e-8861-11f1-8cc2-b48c9db4e1b4,10,"[0, 1, 1, 0]",3,0,0,,0.5,4
2444,96c88d8e-8861-11f1-8cc2-b48c9db4e1b4,11,"[0, 1, 1, 0]",0,0,0,,0.5,4
2445,96c88d8e-8861-11f1-8cc2-b48c9db4e1b4,11,"[0, 1, 1, 0]",1,1,1,,0.5,4
2446,96c88d8e-8861-11f1-8cc2-b48c9db4e1b4,11,"[0, 1, 1, 0]",2,1,1,,0.5,4
2447,96c88d8e-8861-11f1-8cc2-b48c9db4e1b4,11,"[0, 1, 1, 0]",3,0,0,,0.5,4
2448,96c88d8e-8861-11f1-8cc2-b48c9db4e1b4,12,"[0, 1, 1, 0]",0,0,0,,0.5,4
2449,96c88d8e-8861-11f1-8cc2-b48c9db4e1b4,12,"[0, 1, 1, 0]",1,1,1,,0.5,4
2450,96c88d8e-8861-11f1-8cc2-b48c9db4e1b4,12,"[0, 1, 1, 0]",2,1,1,,0.5,4
2451,96c88d8e-8861-11f1-8cc2-b48c9db4e1b4,12,"[0, 1, 1, 0]",3,0,0,,0.5,4
2452,96c88d8e-8861-11f1-8cc2-b48c9db4e1b4,13,"[0, 1, 1, 0]",0,0,0,,0.5,4
2453,96c88d8e-8861-11f1-8cc2-b48c9db4e1b4,13,"[0, 1, 1, 0]",1,1,1,,0.5,4
2454,96c88d8e-8861-11f1-8cc2-b48c9db4e1b4,13,"[0, 1, 1, 0]",2,1,1,,0.5,4
2455,96c88d8e-8861-11f1-8cc2-b48c9db4e1b4,13,"[0, 1, 1, 0]",3,0,0,,0.5,4
2456,96c88d8e-8861-11f1-8cc2-b48c9db4e1b4,14,"[0, 1, 1, 0]",0,0,0,,0.5,4
2457,96c88d8e-8861-11f1-8cc2-b48c9db4e1b4,14,"[0, 1, 1, 0]",1,1,1,,0.5,4
2458,96c88d8e-8861-11f1-8cc2-b48c9db4e1b4,14,"[0, 1, 1, 0]",2,1,1,,0.5,4
2459,96c88d8e-8861-11f1-8cc2-b48c9db4e1b4,14,"[0, 1, 1, 0]",3,0,0,,0.5,4
2460,96c88d8e-8861-11f1-8cc2-b48c9db4e1b4,15,"[0, 1, 1, 0]",0,0,0,,0.5,4
2461,96c88d8e-8861-11f1-8cc2-b48c9db4e1b4,15,"[0, 1, 1, 0]",1,1,1,,0.5,4
2462,96c88d8e-8861-11f1-8cc2-b48c9db4e1b4,15,"[0, 1, 1, 0]",2,1,1,,0.5,4
2463,96c88d8e-8861-11f1-8cc2-b48c9db4e1b4,15,"[0, 1, 1, 0]",3,0,0,,0.5,4
2464,96c88d8e-8861-11f1-8cc2-b48c9db4e1b4,16,"[0, 1, 1, 0]",0,0,0,,0.5,4
2465,96c88d8e-8861-11f1-8cc2-b48c9db4e1b4,16,"[0, 1, 1, 0]",1,1,1,,0.5,4
2466,96c88d8e-8861-11f1-8cc2-b48c9db4e1b4,16,"[0, 1, 1, 0]",2,1,1,,0.5,4
2467,96c88d8e-8861-11f1-8cc2-b48c9db4e1b4,16,"[0, 1, 1, 0]",3,0,0,,0.5,4
2468,96c88d8e-8861-11f1-8cc2-b48c9db4e1b4,17,"[0, 1, 1, 0]",0,0,0,,0.5,4
2469,96c88d8e-8861-11f1-8cc2-b48c9db4e1b4,17,"[0, 1, 1, 0]",1,1,1,,0.5,4
2470,96c88d8e-8861-11f1-8cc2-b48c9db4e1b4,17,"[0, 1, 1, 0]",2,1,1,,0.5,4
2471,96c88d8e-8861-11f1-8cc2-b48c9db4e1b4,17,"[0, 1, 1, 0]",3,0,0,,0.5,4
2472,96c88d8e-8861-11f1-8cc2-b48c9db4e1b4,18,"[0, 1, 1, 0]",0,0,0,,0.5,4
2473,96c88d8e-8861-11f1-8cc2-b48c9db4e1b4,18,"[0, 1, 1, 0]",1,1,1,,0.5,4
2474,96c88d8e-8861-11f1-8cc2-b48c9db4e1b4,18,"[0, 1, 1, 0]",2,1,1,,0.5,4
2475,96c88d8e-8861-11f1-8cc2-b48c9db4e1b4,18,"[0, 1, 1, 0]",3,0,0,,0.5,4
2476,96c88d8e-8861-11f1-8cc2-b48c9db4e1b4,19,"[0, 1, 1, 0]",0,0,0,,0.5,4
2477,96c88d8e-8861-11f1-8cc2-b48c9db4e1b4,19,"[0, 1, 1, 0]",1,1,1,,0.5,4
2478,96c88d8e-8861-11f1-8cc2-b48c9db4e1b4,19,"[0, 1, 1, 0]",2,1,1,,0.5,4
2479,96c88d8e-8861-11f1-8cc2-b48c9db4e1b4,19,"[0, 1, 1, 0]",3,0,0,,0.5,4
2480,96cd8459-8861-11f1-aca7-b48c9db4e1b4,0,"[0, 0, 0, 0]",0,0,0,,0.5,4
2481,96cd8459-8861-11f1-aca7-b48c9db4e1b4,0,"[0, 0, 0, 0]",1,0,0,,0.5,4
2482,96cd8459-8861-11f1-aca7-b48c9db4e1b4,0,"[0, 0, 0, 0]",2,0,0,,0.5,4
2483,96cd8459-8861-11f1-aca7-b48c9db4e1b4,0,"[0, 0, 0, 0]",3,0,0,,0.5,4
2484,96cd8459-8861-11f1-aca7-b48c9db4e1b4,1,"[1, 0, 1, 1]",0,1,-1,,0.5,4
2485,96cd8459-8861-11f1-aca7-b48c9db4e1b4,1,"[1, 0, 1, 1]",1,0,0,,0.5,4
2486,96cd8459-8861-11f1-aca7-b48c9db4e1b4,1,"[1, 0, 1, 1]",2,1,-1,,0.5,4
2487,96cd8459-8861-11f1-aca7-b48c9db4e1b4,1,"[1, 0, 1, 1]",3,1,-1,,0.5,4
2488,96cd8459-8861-11f1-aca7-b48c9db4e1b4,2,"[1, 0, 0, 1]",0,1,1,,0.5,4
2489,96cd8459-8861-11f1-aca7-b48c9db4e1b4,2,"[1, 0, 0, 1]",1,0,0,,0.5,4
2490,96cd8459-8861-11f1-aca7-b48c9db4e1b4,2,"[1, 0, 0, 1]",2,0,0,,0.5,4
2491,96cd8459-8861-11f1-aca7-b48c9db4e1b4,2,"[1, 0, 0, 1]",3,1,1,,0.5,4
2492,96cd8459-8861-11f1-aca7-b48c9db4e1b4,3,"[1, 1, 0, 0]",0,1,1,,0.5,4
2493,96cd8459-8861-11f1-aca7-b48c9db4e1b4,3,"[1, 1, 0, 0]",1,1,1,,0.5,4
2494,96cd8459-8861-11f1-aca7-b48c9db4e1b4,3,"[1, 1, 0, 0]",2,0,0,,0.5,4
2495,96cd8459-8861-11f1-aca7-b48c9db4e1b4,3,"[1, 1, 0, 0]",3,0,0,,0.5,4
2496,96cd8459-8861-11f1-aca7-b48c9db4e1b4,4,"[0, 1, 1, 0]",0,0,0,,0.5,4
2497,96cd8459-8861-11f1-aca7-b48c9db4e1b4,4,"[0, 1, 1, 0]",1,1,1,,0.5,4
2498,96cd8459-8861-11f1-aca7-b48c9db4e1b4,4,"[0, 1, 1, 0]",2,1,1,,0.5,4
2499,96cd8459-8861-11f1-aca7-b48c9db4e1b4,4,"[0, 1, 1, 0]",3,0,0,,0.5,4
2500,96cd8459-8861-11f1-aca7-b48c9db4e1b4,5,"[0, 0, 1, 1]",0,0,0,,0.5,4
2501,96cd8459-8861-11f1-aca7-b48c9db4e1b4,5,"[0, 0, 1, 1]",1,0,0,,0.5,4
2502,96cd8459-8861-11f1-aca7-b48c9db4e1b4,5,"[0, 0, 1, 1]",2,1,1,,0.5,4
2503,96cd8459-8861-11f1-aca7-b48c9db4e1b4,5,"[0, 0, 1, 1]",3,1,1,,0.5,4
2504,96cd8459-8861-11f1-aca7-b48c9db4e1b4,6,"[1, 0, 0, 1]",0,1,1,,0.5,4
2505,96cd8459-8861-11f1-aca7-b48c9db4e1b4,6,"[1, 0, 0, 1]",1,0,0,,0.5,4
2506,96cd8459-8861-11f1-aca7-b48c9db4e1b4,6,"[1, 0, 0, 1]",2,0,0,,0.5,4
2507,96cd8459-8861-11f1-aca7-b48c9db4e1b4,6,"[1, 0, 0, 1]",3,1,1,,0.5,4
2508,96cd8459-8861-11f1-aca7-b48c9db4e1b4,7,"[1, 1, 0, 0]",0,1,1,,0.5,4
2509,96cd8459-8861-11f1-aca7-b48c9db4e1b4,7,"[1, 1, 0, 0]",1,1,1,,0.5,4
2510,96cd8459-8861-11f1-aca7-b48c9db4e1b4,7,"[1, 1, 0, 0]",2,0,0,,0.5,4
2511,96cd8459-8861-11f1-aca7-b48c9db4e1b4,7,"[1, 1, 0, 0]",3,0,0,,0.5,4
2512,96cd8459-8861-11f1-aca7-b48c9db4e1b4,8,"[0, 1, 1, 0]",0,0,0,,0.5,4
2513,96cd8459-8861-11f1-aca7-b48c9db4e1b4,8,"[0, 1, 1, 0]",1,1,1,,0.5,4
2514,96cd8459-8861-11f1-aca7-b48c9db4e1b4,8,"[0, 1, 1, 0]",2,1,1,,0.5,4
2515,96cd8459-8861-11f1-aca7-b48c9db4e1b4,8,"[0, 1, 1, 0]",3,0,0,,0.5,4
2516,96cd8459-8861-11f1-aca7-b48c9db4e1b4,9,"[0, 0, 1, 1]",0,0,0,,0.5,4
2517,96cd8459-8861-11f1-aca7-b48c9db4e1b4,9,"[0, 0, 1, 1]",1,0,0,,0.5,4
2518,96cd8459-8861-11f1-aca7-b48c9db4e1b4,9,"[0, 0, 1, 1]",2,1,1,,0.5,4
2519,96cd8459-8861-11f1-aca7-b48c9db4e1b4,9,"[0, 0, 1, 1]",3,1,1,,0.5,4
2520,96cd8459-8861-11f1-aca7-b48c9db4e1b4,10,"[1, 0, 0, 1]",0,1,1,,0.5,4
2521,96cd8459-8861-11f1-aca7-b48c9db4e1b4,10,"[1, 0, 0, 1]",1,0,0,,0.5,4
2522,96cd8459-8861-11f1-aca7-b48c9db4e1b4,10,"[1, 0, 0, 1]",2,0,0,,0.5,4
2523,96cd8459-8861-11f1-aca7-b48c9db4e1b4,10,"[1, 0, 0, 1]",3,1,1,,0.5,4
2524,96cd8459-8861-11f1-aca7-b48c9db4e1b4,11,"[1, 1, 0, 0]",0,1,1,,0.5,4
2525,96cd8459-8861-11f1-aca7-b48c9db4e1b4,11,"[1, 1, 0, 0]",1,1,1,,0.5,4
2526,96cd8459-8861-11f1-aca7-b48c9db4e1b4,11,"[1, 1, 0, 0]",2,0,0,,0.5,4
2527,96cd8459-8861-11f1-aca7-b48c9db4e1b4,11,"[1, 1, 0, 0]",3,0,0,,0.5,4
2528,96cd8459-8861-11f1-aca7-b48c9db4e1b4,12,"[0, 1, 1, 0]",0,0,0,,0.5,4
2529,96cd8459-8861-11f1-aca7-b48c9db4e1b4,12,"[0, 1, 1, 0]",1,1,1,,0.5,4
2530,96cd8459-8861-11f1-aca7-b48c9db4e1b4,12,"[0, 1, 1, 0]",2,1,1,,0.5,4
2531,96cd8459-8861-11f1-aca7-b48c9db4e1b4,12,"[0, 1, 1, 0]",3,0,0,,0.5,4
2532,96cd8459-8861-11f1-aca7-b48c9db4e1b4,13,"[0, 0, 1, 1]",0,0,0,,0.5,4
2533,96cd8459-8861-11f1-aca7-b48c9db4e1b4,13,"[0, 0, 1, 1]",1,0,0,,0.5,4
2534,96cd8459-8861-11f1-aca7-b48c9db4e1b4,13,"[0, 0, 1, 1]",2,1,1,,0.5,4
2535,96cd8459-8861-11f1-aca7-b48c9db4e1b4,13,"[0, 0, 1, 1]",3,1,1,,0.5,4
2536,96cd8459-8861-11f1-aca7-b48c9db4e1b4,14,"[1, 0, 0, 1]",0,1,1,,0.5,4
2537,96cd8459-8861-11f1-aca7-b48c9db4e1b4,14,"[1, 0, 0, 1]",1,0,0,,0.5,4
2538,96cd8459-8861-11f1-aca7-b48c9db4e1b4,14,"[1, 0, 0, 1]",2,0,0,,0.5,4
2539,96cd8459-8861-11f1-aca7-b48c9db4e1b4,14,"[1, 0, 0, 1]",3,1,1,,0.5,4
2540,96cd8459-8861-11f1-aca7-b48c9db4e1b4,15,"[1, 1, 0, 0]",0,1,1,,0.5,4
2541,96cd8459-8861-11f1-aca7-b48c9db4e1b4,15,"[1, 1, 0, 0]",1,1,1,,0.5,4
2542,96cd8459-8861-11f1-aca7-b48c9db4e1b4,15,"[1, 1, 0, 0]",2,0,0,,0.5,4
2543,96cd8459-8861-11f1-aca7-b48c9db4e1b4,15,"[1, 1, 0, 0]",3,0,0,,0.5,4
2544,96cd8459-8861-11f1-aca7-b48c9db4e1b4,16,"[0, 1, 1, 0]",0,0,0,,0.5,4
2545,96cd8459-8861-11f1-aca7-b48c9db4e1b4,16,"[0, 1, 1, 0]",1,1,1,,0.5,4
2546,96cd8459-8861-11f1-aca7-b48c9db4e1b4,16,"[0, 1, 1, 0]",2,1,1,,0.5,4
2547,96cd8459-8861-11f1-aca7-b48c9db4e1b4,16,"[0, 1, 1, 0]",3,0,0,,0.5,4
2548,96cd8459-8861-11f1-aca7-b48c9db4e1b4,17,"[0, 0, 1, 1]",0,0,0,,0.5,4
2549,96cd8459-8861-11f1-aca7-b48c9db4e1b4,17,"[0, 0, 1, 1]",1,0,0,,0.5,4
2550,96cd8459-8861-11f1-aca7-b48c9db4e1b4,17,"[0, 0, 1, 1]",2,1,1,,0.5,4
2551,96cd8459-8861-11f1-aca7-b48c9db4e1b4,17,"[0, 0, 1, 1]",3,1,1,,0.5,4
2552,96cd8459-8861-11f1-aca7-b48c9db4e1b4,18,"[1, 0, 0, 1]",0,1,1,,0.5,4
2553,96cd8459-8861-11f1-aca7-b48c9db4e1b4,18,"[1, 0, 0, 1]",1,0,0,,0.5,4
2554,96cd8459-8861-11f1-aca7-b48c9db4e1b4,18,"[1, 0, 0, 1]",2,0,0,,0.5,4
2555,96cd8459-8861-11f1-aca7-b48c9db4e1b4,18,"[1, 0, 0, 1]",3,1,1,,0.5,4
2556,96cd8459-8861-11f1-aca7-b48c9db4e1b4,19,"[1, 1, 0, 0]",0,1,1,,0.5,4
2557,96cd8459-8861-11f1-aca7-b48c9db4e1b4,19,"[1, 1, 0, 0]",1,1,1,,0.5,4
2558,96cd8459-8861-11f1-aca7-b48c9db4e1b4,19,"[1, 1, 0, 0]",2,0,0,,0.5,4
2559,96cd8459-8861-11f1-aca7-b48c9db4e1b4,19,"[1, 1, 0, 0]",3,0,0,,0.5,4
2560,96d2b6ab-8861-11f1-95e8-b48c9db4e1b4,0,"[1, 0, 1, 0]",0,1,1,,0.5,4
2561,96d2b6ab-8861-11f1-95e8-b48c9db4e1b4,0,"[1, 0, 1, 0]",1,0,0,,0.5,4
2562,96d2b6ab-8861-11f1-95e8-b48c9db4e1b4,0,"[1, 0, 1, 0]",2,1,1,,0.5,4
2563,96d2b6ab-8861-11f1-95e8-b48c9db4e1b4,0,"[1, 0, 1, 0]",3,0,0,,0.5,4
2564,96d2b6ab-8861-11f1-95e8-b48c9db4e1b4,1,"[0, 0, 1, 1]",0,0,0,,0.5,4
2565,96d2b6ab-8861-11f1-95e8-b48c9db4e1b4,1,"[0, 0, 1, 1]",1,0,0,,0.5,4
2566,96d2b6ab-8861-11f1-95e8-b48c9db4e1b4,1,"[0, 0, 1, 1]",2,1,1,,0.5,4
2567,96d2b6ab-8861-11f1-95e8-b48c9db4e1b4,1,"[0, 0, 1, 1]",3,1,1,,0.5,4
2568,96d2b6ab-8861-11f1-95e8-b48c9db4e1b4,2,"[1, 0, 0, 1]",0,1,1,,0.5,4
2569,96d2b6ab-8861-11f1-95e8-b48c9db4e1b4,2,"[1, 0, 0, 1]",1,0,0,,0.5,4
2570,96d2b6ab-8861-11f1-95e8-b48c9db4e1b4,2,"[1, 0, 0, 1]",2,0,0,,0.5,4
2571,96d2b6ab-8861-11f1-95e8-b48c9db4e1b4,2,"[1, 0, 0, 1]",3,1,1,,0.5,4
2572,96d2b6ab-8861-11f1-95e8-b48c9db4e1b4,3,"[1, 1, 0, 0]",0,1,1,,0.5,4
2573,96d2b6ab-8861-11f1-95e8-b48c9db4e1b4,3,"[1, 1, 0, 0]",1,1,1,,0.5,4
2574,96d2b6ab-8861-11f1-95e8-b48c9db4e1b4,3,"[1, 1, 0, 0]",2,0,0,,0.5,4
2575,96d2b6ab-8861-11f1-95e8-b48c9db4e1b4,3,"[1, 1, 0, 0]",3,0,0,,0.5,4
2576,96d2b6ab-8861-11f1-95e8-b48c9db4e1b4,4,"[0, 1, 1, 0]",0,0,0,,0.5,4
2577,96d2b6ab-8861-11f1-95e8-b48c9db4e1b4,4,"[0, 1, 1, 0]",1,1,1,,0.5,4
2578,96d2b6ab-8861-11f1-95e8-b48c9db4e1b4,4,"[0, 1, 1, 0]",2,1,1,,0.5,4
2579,96d2b6ab-8861-11f1-95e8-b48c9db4e1b4,4,"[0, 1, 1, 0]",3,0,0,,0.5,4
2580,96d2b6ab-8861-11f1-95e8-b48c9db4e1b4,5,"[0, 0, 1, 1]",0,0,0,,0.5,4
2581,96d2b6ab-8861-11f1-95e8-b48c9db4e1b4,5,"[0, 0, 1, 1]",1,0,0,,0.5,4
2582,96d2b6ab-8861-11f1-95e8-b48c9db4e1b4,5,"[0, 0, 1, 1]",2,1,1,,0.5,4
2583,96d2b6ab-8861-11f1-95e8-b48c9db4e1b4,5,"[0, 0, 1, 1]",3,1,1,,0.5,4
2584,96d2b6ab-8861-11f1-95e8-b48c9db4e1b4,6,"[1, 0, 0, 1]",0,1,1,,0.5,4
2585,96d2b6ab-8861-11f1-95e8-b48c9db4e1b4,6,"[1, 0, 0, 1]",1,0,0,,0.5,4
2586,96d2b6ab-8861-11f1-95e8-b48c9db4e1b4,6,"[1, 0, 0, 1]",2,0,0,,0.5,4
2587,96d2b6ab-8861-11f1-95e8-b48c9db4e1b4,6,"[1, 0, 0, 1]",3,1,1,,0.5,4
2588,96d2b6ab-8861-11f1-95e8-b48c9db4e1b4,7,"[1, 1, 0, 0]",0,1,1,,0.5,4
2589,96d2b6ab-8861-11f1-95e8-b48c9db4e1b4,7,"[1, 1, 0, 0]",1,1,1,,0.5,4
2590,96d2b6ab-8861-11f1-95e8-b48c9db4e1b4,7,"[1, 1, 0, 0]",2,0,0,,0.5,4
2591,96d2b6ab-8861-11f1-95e8-b48c9db4e1b4,7,"[1, 1, 0, 0]",3,0,0,,0.5,4
2592,96d2b6ab-8861-11f1-95e8-b48c9db4e1b4,8,"[0, 1, 1, 0]",0,0,0,,0.5,4
2593,96d2b6ab-8861-11f1-95e8-b48c9db4e1b4,8,"[0, 1, 1, 0]",1,1,1,,0.5,4
2594,96d2b6ab-8861-11f1-95e8-b48c9db4e1b4,8,"[0, 1, 1, 0]",2,1,1,,0.5,4
2595,96d2b6ab-8861-11f1-95e8-b48c9db4e1b4,8,"[0, 1, 1, 0]",3,0,0,,0.5,4
2596,96d2b6ab-8861-11f1-95e8-b48c9db4e1b4,9,"[0, 0, 1, 1]",0,0,0,,0.5,4
2597,96d2b6ab-8861-11f1-95e8-b48c9db4e1b4,9,"[0, 0, 1, 1]",1,0,0,,0.5,4
2598,96d2b6ab-8861-11f1-95e8-b48c9db4e1b4,9,"[0, 0, 1, 1]",2,1,1,,0.5,4
2599,96d2b6ab-8861-11f1-95e8-b48c9db4e1b4,9,"[0, 0, 1, 1]",3,1,1,,0.5,4
2600,96d2b6ab-8861-11f1-95e8-b48c9db4e1b4,10,"[1, 0, 0, 1]",0,1,1,,0.5,4
2601,96d2b6ab-8861-11f1-95e8-b48c9db4e1b4,10,"[1, 0, 0, 1]",1,0,0,,0.5,4
2602,96d2b6ab-8861-11f1-95e8-b48c9db4e1b4,10,"[1, 0, 0, 1]",2,0,0,,0.5,4
2603,96d2b6ab-8861-11f1-95e8-b48c9db4e1b4,10,"[1, 0, 0, 1]",3,1,1,,0.5,4
2604,96d2b6ab-8861-11f1-95e8-b48c9db4e1b4,11,"[1, 1, 0, 0]",0,1,1,,0.5,4
2605,96d2b6ab-8861-11f1-95e8-b48c9db4e1b4,11,"[1, 1, 0, 0]",1,1,1,,0.5,4
2606,96d2b6ab-8861-11f1-95e8-b48c9db4e1b4,11,"[1, 1, 0, 0]",2,0,0,,0.5,4
2607,96d2b6ab-8861-11f1-95e8-b48c9db4e1b4,11,"[1, 1, 0, 0]",3,0,0,,0.5,4
2608,96d2b6ab-8861-11f1-95e8-b48c9db4e1b4,12,"[0, 1, 1, 0]",0,0,0,,0.5,4
2609,96d2b6ab-8861-11f1-95e8-b48c9db4e1b4,12,"[0, 1, 1, 0]",1,1,1,,0.5,4
2610,96d2b6ab-8861-11f1-95e8-b48c9db4e1b4,12,"[0, 1, 1, 0]",2,1,1,,0.5,4
2611,96d2b6ab-8861-11f1-95e8-b48c9db4e1b4,12,"[0, 1, 1, 0]",3,0,0,,0.5,4
2612,96d2b6ab-8861-11f1-95e8-b48c9db4e1b4,13,"[0, 0, 1, 1]",0,0,0,,0.5,4
2613,96d2b6ab-8861-11f1-95e8-b48c9db4e1b4,13,"[0, 0, 1, 1]",1,0,0,,0.5,4
2614,96d2b6ab-8861-11f1-95e8-b48c9db4e1b4,13,"[0, 0, 1, 1]",2,1,1,,0.5,4
2615,96d2b6ab-8861-11f1-95e8-b48c9db4e1b4,13,"[0, 0, 1, 1]",3,1,1,,0.5,4
2616,96d2b6ab-8861-11f1-95e8-b48c9db4e1b4,14,"[1, 0, 0, 1]",0,1,1,,0.5,4
2617,96d2b6ab-8861-11f1-95e8-b48c9db4e1b4,14,"[1, 0, 0, 1]",1,0,0,,0.5,4
2618,96d2b6ab-8861-11f1-95e8-b48c9db4e1b4,14,"[1, 0, 0, 1]",2,0,0,,0.5,4
2619,96d2b6ab-8861-11f1-95e8-b48c9db4e1b4,14,"[1, 0, 0, 1]",3,1,1,,0.5,4
2620,96d2b6ab-8861-11f1-95e8-b48c9db4e1b4,15,"[1, 1, 0, 0]",0,1,1,,0.5,4
2621,96d2b6ab-8861-11f1-95e8-b48c9db4e1b4,15,"[1, 1, 0, 0]",1,1,1,,0.5,4
2622,96d2b6ab-8861-11f1-95e8-b48c9db4e1b4,15,"[1, 1, 0, 0]",2,0,0,,0.5,4
2623,96d2b6ab-8861-11f1-95e8-b48c9db4e1b4,15,"[1, 1, 0, 0]",3,0,0,,0.5,4
2624,96d2b6ab-8861-11f1-95e8-b48c9db4e1b4,16,"[0, 1, 1, 0]",0,0,0,,0.5,4
2625,96d2b6ab-8861-11f1-95e8-b48c9db4e1b4,16,"[0, 1, 1, 0]",1,1,1,,0.5,4
2626,96d2b6ab-8861-11f1-95e8-b48c9db4e1b4,16,"[0, 1, 1, 0]",2,1,1,,0.5,4
2627,96d2b6ab-8861-11f1-95e8-b48c9db4e1b4,16,"[0, 1, 1, 0]",3,0,0,,0.5,4
2628,96d2b6ab-8861-11f1-95e8-b48c9db4e1b4,17,"[0, 0, 1, 1]",0,0,0,,0.5,4
2629,96d2b6ab-8861-11f1-95e8-b48c9db4e1b4,17,"[0, 0, 1, 1]",1,0,0,,0.5,4
2630,96d2b6ab-8861-11f1-95e8-b48c9db4e1b4,17,"[0, 0, 1, 1]",2,1,1,,0.5,4
2631,96d2b6ab-8861-11f1-95e8-b48c9db4e1b4,17,"[0, 0, 1, 1]",3,1,1,,0.5,4
2632,96d2b6ab-8861-11f1-95e8-b48c9db4e1b4,18,"[1, 0, 0, 1]",0,1,1,,0.5,4
2633,96d2b6ab-8861-11f1-95e8-b48c9db4e1b4,18,"[1, 0, 0, 1]",1,0,0,,0.5,4
2634,96d2b6ab-8861-11f1-95e8-b48c9db4e1b4,18,"[1, 0, 0, 1]",2,0,0,,0.5,4
2635,96d2b6ab-8861-11f1-95e8-b48c9db4e1b4,18,"[1, 0, 0, 1]",3,1,1,,0.5,4
2636,96d2b6ab-8861-11f1-95e8-b48c9db4e1b4,19,"[1, 1, 0, 0]",0,1,1,,0.5,4
2637,96d2b6ab-8861-11f1-95e8-b48c9db4e1b4,19,"[1, 1, 0, 0]",1,1,1,,0.5,4
2638,96d2b6ab-8861-11f1-95e8-b48c9db4e1b4,19,"[1, 1, 0, 0]",2,0,0,,0.5,4
2639,96d2b6ab-8861-11f1-95e8-b48c9db4e1b4,19,"[1, 1, 0, 0]",3,0,0,,0.5,4
2640,96d7f5b2-8861-11f1-80d8-b48c9db4e1b4,0,"[1, 1, 1, 1]",0,1,-1,,0.5,4
2641,96d7f5b2-8861-11f1-80d8-b48c9db4e1b4,0,"[1, 1, 1, 1]",1,1,-1,,0.5,4
2642,96d7f5b2-8861-11f1-80d8-b48c9db4e1b4,0,"[1, 1, 1, 1]",2,1,-1,,0.5,4
2643,96d7f5b2-8861-11f1-80d8-b48c9db4e1b4,0,"[1, 1, 1, 1]",3,1,-1,,0.5,4
2644,96d7f5b2-8861-11f1-80d8-b48c9db4e1b4,1,"[0, 0, 1, 1]",0,0,0,,0.5,4
2645,96d7f5b2-8861-11f1-80d8-b48c9db4e1b4,1,"[0, 0, 1, 1]",1,0,0,,0.5,4
2646,96d7f5b2-8861-11f1-80d8-b48c9db4e1b4,1,"[0, 0, 1, 1]",2,1,1,,0.5,4
2647,96d7f5b2-8861-11f1-80d8-b48c9db4e1b4,1,"[0, 0, 1, 1]",3,1,1,,0.5,4
2648,96d7f5b2-8861-11f1-80d8-b48c9db4e1b4,2,"[1, 0, 0, 1]",0,1,1,,0.5,4
2649,96d7f5b2-8861-11f1-80d8-b48c9db4e1b4,2,"[1, 0, 0, 1]",1,0,0,,0.5,4
2650,96d7f5b2-8861-11f1-80d8-b48c9db4e1b4,2,"[1, 0, 0, 1]",2,0,0,,0.5,4
2651,96d7f5b2-8861-11f1-80d8-b48c9db4e1b4,2,"[1, 0, 0, 1]",3,1,1,,0.5,4
2652,96d7f5b2-8861-11f1-80d8-b48c9db4e1b4,3,"[1, 1, 0, 0]",0,1,1,,0.5,4
2653,96d7f5b2-8861-11f1-80d8-b48c9db4e1b4,3,"[1, 1, 0, 0]",1,1,1,,0.5,4
2654,96d7f5b2-8861-11f1-80d8-b48c9db4e1b4,3,"[1, 1, 0, 0]",2,0,0,,0.5,4
2655,96d7f5b2-8861-11f1-80d8-b48c9db4e1b4,3,"[1, 1, 0, 0]",3,0,0,,0.5,4
2656,96d7f5b2-8861-11f1-80d8-b48c9db4e1b4,4,"[0, 1, 1, 0]",0,0,0,,0.5,4
2657,96d7f5b2-8861-11f1-80d8-b48c9db4e1b4,4,"[0, 1, 1, 0]",1,1,1,,0.5,4
2658,96d7f5b2-8861-11f1-80d8-b48c9db4e1b4,4,"[0, 1, 1, 0]",2,1,1,,0.5,4
2659,96d7f5b2-8861-11f1-80d8-b48c9db4e1b4,4,"[0, 1, 1, 0]",3,0,0,,0.5,4
2660,96d7f5b2-8861-11f1-80d8-b48c9db4e1b4,5,"[0, 0, 1, 1]",0,0,0,,0.5,4
2661,96d7f5b2-8861-11f1-80d8-b48c9db4e1b4,5,"[0, 0, 1, 1]",1,0,0,,0.5,4
2662,96d7f5b2-8861-11f1-80d8-b48c9db4e1b4,5,"[0, 0, 1, 1]",2,1,1,,0.5,4
2663,96d7f5b2-8861-11f1-80d8-b48c9db4e1b4,5,"[0, 0, 1, 1]",3,1,1,,0.5,4
2664,96d7f5b2-8861-11f1-80d8-b48c9db4e1b4,6,"[1, 0, 0, 1]",0,1,1,,0.5,4
2665,96d7f5b2-8861-11f1-80d8-b48c9db4e1b4,6,"[1, 0, 0, 1]",1,0,0,,0.5,4
2666,96d7f5b2-8861-11f1-80d8-b48c9db4e1b4,6,"[1, 0, 0, 1]",2,0,0,,0.5,4
2667,96d7f5b2-8861-11f1-80d8-b48c9db4e1b4,6,"[1, 0, 0, 1]",3,1,1,,0.5,4
2668,96d7f5b2-8861-11f1-80d8-b48c9db4e1b4,7,"[1, 1, 0, 0]",0,1,1,,0.5,4
2669,96d7f5b2-8861-11f1-80d8-b48c9db4e1b4,7,"[1, 1, 0, 0]",1,1,1,,0.5,4
2670,96d7f5b2-8861-11f1-80d8-b48c9db4e1b4,7,"[1, 1, 0, 0]",2,0,0,,0.5,4
2671,96d7f5b2-8861-11f1-80d8-b48c9db4e1b4,7,"[1, 1, 0, 0]",3,0,0,,0.5,4
2672,96d7f5b2-8861-11f1-80d8-b48c9db4e1b4,8,"[0, 1, 1, 0]",0,0,0,,0.5,4
2673,96d7f5b2-8861-11f1-80d8-b48c9db4e1b4,8,"[0, 1, 1, 0]",1,1,1,,0.5,4
2674,96d7f5b2-8861-11f1-80d8-b48c9db4e1b4,8,"[0, 1, 1, 0]",2,1,1,,0.5,4
2675,96d7f5b2-8861-11f1-80d8-b48c9db4e1b4,8,"[0, 1, 1, 0]",3,0,0,,0.5,4
2676,96d7f5b2-8861-11f1-80d8-b48c9db4e1b4,9,"[0, 0, 1, 1]",0,0,0,,0.5,4
2677,96d7f5b2-8861-11f1-80d8-b48c9db4e1b4,9,"[0, 0, 1, 1]",1,0,0,,0.5,4
2678,96d7f5b2-8861-11f1-80d8-b48c9db4e1b4,9,"[0, 0, 1, 1]",2,1,1,,0.5,4
2679,96d7f5b2-8861-11f1-80d8-b48c9db4e1b4,9,"[0, 0, 1, 1]",3,1,1,,0.5,4
2680,96d7f5b2-8861-11f1-80d8-b48c9db4e1b4,10,"[1, 0, 0, 1]",0,1,1,,0.5,4
2681,96d7f5b2-8861-11f1-80d8-b48c9db4e1b4,10,"[1, 0, 0, 1]",1,0,0,,0.5,4
2682,96d7f5b2-8861-11f1-80d8-b48c9db4e1b4,10,"[1, 0, 0, 1]",2,0,0,,0.5,4
2683,96d7f5b2-8861-11f1-80d8-b48c9db4e1b4,10,"[1, 0, 0, 1]",3,1,1,,0.5,4
2684,96d7f5b2-8861-11f1-80d8-b48c9db4e1b4,11,"[1, 1, 0, 0]",0,1,1,,0.5,4
2685,96d7f5b2-8861-11f1-80d8-b48c9db4e1b4,11,"[1, 1, 0, 0]",1,1,1,,0.5,4
2686,96d7f5b2-8861-11f1-80d8-b48c9db4e1b4,11,"[1, 1, 0, 0]",2,0,0,,0.5,4
2687,96d7f5b2-8861-11f1-80d8-b48c9db4e1b4,11,"[1, 1, 0, 0]",3,0,0,,0.5,4
2688,96d7f5b2-8861-11f1-80d8-b48c9db4e1b4,12,"[0, 1, 1, 0]",0,0,0,,0.5,4
2689,96d7f5b2-8861-11f1-80d8-b48c9db4e1b4,12,"[0, 1, 1, 0]",1,1,1,,0.5,4
2690,96d7f5b2-8861-11f1-80d8-b48c9db4e1b4,12,"[0, 1, 1, 0]",2,1,1,,0.5,4
2691,96d7f5b2-8861-11f1-80d8-b48c9db4e1b4,12,"[0, 1, 1, 0]",3,0,0,,0.5,4
2692,96d7f5b2-8861-11f1-80d8-b48c9db4e1b4,13,"[0, 0, 1, 1]",0,0,0,,0.5,4
2693,96d7f5b2-8861-11f1-80d8-b48c9db4e1b4,13,"[0, 0, 1, 1]",1,0,0,,0.5,4
2694,96d7f5b2-8861-11f1-80d8-b48c9db4e1b4,13,"[0, 0, 1, 1]",2,1,1,,0.5,4
2695,96d7f5b2-8861-11f1-80d8-b48c9db4e1b4,13,"[0, 0, 1, 1]",3,1,1,,0.5,4
2696,96d7f5b2-8861-11f1-80d8-b48c9db4e1b4,14,"[1, 0, 0, 1]",0,1,1,,0.5,4
2697,96d7f5b2-8861-11f1-80d8-b48c9db4e1b4,14,"[1, 0, 0, 1]",1,0,0,,0.5,4
2698,96d7f5b2-8861-11f1-80d8-b48c9db4e1b4,14,"[1, 0, 0, 1]",2,0,0,,0.5,4
2699,96d7f5b2-8861-11f1-80d8-b48c9db4e1b4,14,"[1, 0, 0, 1]",3,1,1,,0.5,4
2700,96d7f5b2-8861-11f1-80d8-b48c9db4e1b4,15,"[1, 1, 0, 0]",0,1,1,,0.5,4
2701,96d7f5b2-8861-11f1-80d8-b48c9db4e1b4,15,"[1, 1, 0, 0]",1,1,1,,0.5,4
2702,96d7f5b2-8861-11f1-80d8-b48c9db4e1b4,15,"[1, 1, 0, 0]",2,0,0,,0.5,4
2703,96d7f5b2-8861-11f1-80d8-b48c9db4e1b4,15,"[1, 1, 0, 0]",3,0,0,,0.5,4
2704,96d7f5b2-8861-11f1-80d8-b48c9db4e1b4,16,"[0, 1, 1, 0]",0,0,0,,0.5,4
2705,96d7f5b2-8861-11f1-80d8-b48c9db4e1b4,16,"[0, 1, 1, 0]",1,1,1,,0.5,4
2706,96d7f5b2-8861-11f1-80d8-b48c9db4e1b4,16,"[0, 1, 1, 0]",2,1,1,,0.5,4
2707,96d7f5b2-8861-11f1-80d8-b48c9db4e1b4,16,"[0, 1, 1, 0]",3,0,0,,0.5,4
2708,96d7f5b2-8861-11f1-80d8-b48c9db4e1b4,17,"[0, 0, 1, 1]",0,0,0,,0.5,4
2709,96d7f5b2-8861-11f1-80d8-b48c9db4e1b4,17,"[0, 0, 1, 1]",1,0,0,,0.5,4
2710,96d7f5b2-8861-11f1-80d8-b48c9db4e1b4,17,"[0, 0, 1, 1]",2,1,1,,0.5,4
2711,96d7f5b2-8861-11f1-80d8-b48c9db4e1b4,17,"[0, 0, 1, 1]",3,1,1,,0.5,4
2712,96d7f5b2-8861-11f1-80d8-b48c9db4e1b4,18,"[1, 0, 0, 1]",0,1,1,,0.5,4
2713,96d7f5b2-8861-11f1-80d8-b48c9db4e1b4,18,"[1, 0, 0, 1]",1,0,0,,0.5,4
2714,96d7f5b2-8861-11f1-80d8-b48c9db4e1b4,18,"[1, 0, 0, 1]",2,0,0,,0.5,4
2715,96d7f5b2-8861-11f1-80d8-b48c9db4e1b4,18,"[1, 0, 0, 1]",3,1,1,,0.5,4
2716,96d7f5b2-8861-11f1-80d8-b48c9db4e1b4,19,"[1, 1, 0, 0]",0,1,1,,0.5,4
2717,96d7f5b2-8861-11f1-80d8-b48c9db4e1b4,19,"[1, 1, 0, 0]",1,1,1,,0.5,4
2718,96d7f5b2-8861-11f1-80d8-b48c9db4e1b4,19,"[1, 1, 0, 0]",2,0,0,,0.5,4
2719,96d7f5b2-8861-11f1-80d8-b48c9db4e1b4,19,"[1, 1, 0, 0]",3,0,0,,0.5,4
2720,96dd265c-8861-11f1-98df-b48c9db4e1b4,0,"[1, 0, 0, 1]",0,1,1,,0.5,4
2721,96dd265c-8861-11f1-98df-b48c9db4e1b4,0,"[1, 0, 0, 1]",1,0,0,,0.5,4
2722,96dd265c-8861-11f1-98df-b48c9db4e1b4,0,"[1, 0, 0, 1]",2,0,0,,0.5,4
2723,96dd265c-8861-11f1-98df-b48c9db4e1b4,0,"[1, 0, 0, 1]",3,1,1,,0.5,4
2724,96dd265c-8861-11f1-98df-b48c9db4e1b4,1,"[0, 1, 1, 1]",0,0,0,,0.5,4
2725,96dd265c-8861-11f1-98df-b48c9db4e1b4,1,"[0, 1, 1, 1]",1,1,-1,,0.5,4
2726,96dd265c-8861-11f1-98df-b48c9db4e1b4,1,"[0, 1, 1, 1]",2,1,-1,,0.5,4
2727,96dd265c-8861-11f1-98df-b48c9db4e1b4,1,"[0, 1, 1, 1]",3,1,-1,,0.5,4
2728,96dd265c-8861-11f1-98df-b48c9db4e1b4,2,"[0, 1, 1, 0]",0,0,0,,0.5,4
2729,96dd265c-8861-11f1-98df-b48c9db4e1b4,2,"[0, 1, 1, 0]",1,1,1,,0.5,4
2730,96dd265c-8861-11f1-98df-b48c9db4e1b4,2,"[0, 1, 1, 0]",2,1,1,,0.5,4
2731,96dd265c-8861-11f1-98df-b48c9db4e1b4,2,"[0, 1, 1, 0]",3,0,0,,0.5,4
2732,96dd265c-8861-11f1-98df-b48c9db4e1b4,3,"[0, 1, 1, 0]",0,0,0,,0.5,4
2733,96dd265c-8861-11f1-98df-b48c9db4e1b4,3,"[0, 1, 1, 0]",1,1,1,,0.5,4
2734,96dd265c-8861-11f1-98df-b48c9db4e1b4,3,"[0, 1, 1, 0]",2,1,1,,0.5,4
2735,96dd265c-8861-11f1-98df-b48c9db4e1b4,3,"[0, 1, 1, 0]",3,0,0,,0.5,4
2736,96dd265c-8861-11f1-98df-b48c9db4e1b4,4,"[0, 1, 1, 0]",0,0,0,,0.5,4
2737,96dd265c-8861-11f1-98df-b48c9db4e1b4,4,"[0, 1, 1, 0]",1,1,1,,0.5,4
2738,96dd265c-8861-11f1-98df-b48c9db4e1b4,4,"[0, 1, 1, 0]",2,1,1,,0.5,4
2739,96dd265c-8861-11f1-98df-b48c9db4e1b4,4,"[0, 1, 1, 0]",3,0,0,,0.5,4
2740,96dd265c-8861-11f1-98df-b48c9db4e1b4,5,"[0, 1, 1, 0]",0,0,0,,0.5,4
2741,96dd265c-8861-11f1-98df-b48c9db4e1b4,5,"[0, 1, 1, 0]",1,1,1,,0.5,4
2742,96dd265c-8861-11f1-98df-b48c9db4e1b4,5,"[0, 1, 1, 0]",2,1,1,,0.5,4
2743,96dd265c-8861-11f1-98df-b48c9db4e1b4,5,"[0, 1, 1, 0]",3,0,0,,0.5,4
2744,96dd265c-8861-11f1-98df-b48c9db4e1b4,6,"[0, 1, 1, 0]",0,0,0,,0.5,4
2745,96dd265c-8861-11f1-98df-b48c9db4e1b4,6,"[0, 1, 1, 0]",1,1,1,,0.5,4
2746,96dd265c-8861-11f1-98df-b48c9db4e1b4,6,"[0, 1, 1, 0]",2,1,1,,0.5,4
2747,96dd265c-8861-11f1-98df-b48c9db4e1b4,6,"[0, 1, 1, 0]",3,0,0,,0.5,4
2748,96dd265c-8861-11f1-98df-b48c9db4e1b4,7,"[0, 1, 1, 0]",0,0,0,,0.5,4
2749,96dd265c-8861-11f1-98df-b48c9db4e1b4,7,"[0, 1, 1, 0]",1,1,1,,0.5,4
2750,96dd265c-8861-11f1-98df-b48c9db4e1b4,7,"[0, 1, 1, 0]",2,1,1,,0.5,4
2751,96dd265c-8861-11f1-98df-b48c9db4e1b4,7,"[0, 1, 1, 0]",3,0,0,,0.5,4
2752,96dd265c-8861-11f1-98df-b48c9db4e1b4,8,"[0, 1, 1, 0]",0,0,0,,0.5,4
2753,96dd265c-8861-11f1-98df-b48c9db4e1b4,8,"[0, 1, 1, 0]",1,1,1,,0.5,4
2754,96dd265c-8861-11f1-98df-b48c9db4e1b4,8,"[0, 1, 1, 0]",2,1,1,,0.5,4
2755,96dd265c-8861-11f1-98df-b48c9db4e1b4,8,"[0, 1, 1, 0]",3,0,0,,0.5,4
2756,96dd265c-8861-11f1-98df-b48c9db4e1b4,9,"[0, 1, 1, 0]",0,0,0,,0.5,4
2757,96dd265c-8861-11f1-98df-b48c9db4e1b4,9,"[0, 1, 1, 0]",1,1,1,,0.5,4
2758,96dd265c-8861-11f1-98df-b48c9db4e1b4,9,"[0, 1, 1, 0]",2,1,1,,0.5,4
2759,96dd265c-8861-11f1-98df-b48c9db4e1b4,9,"[0, 1, 1, 0]",3,0,0,,0.5,4
2760,96dd265c-8861-11f1-98df-b48c9db4e1b4,10,"[0, 1, 1, 0]",0,0,0,,0.5,4
2761,96dd265c-8861-11f1-98df-b48c9db4e1b4,10,"[0, 1, 1, 0]",1,1,1,,0.5,4
2762,96dd265c-8861-11f1-98df-b48c9db4e1b4,10,"[0, 1, 1, 0]",2,1,1,,0.5,4
2763,96dd265c-8861-11f1-98df-b48c9db4e1b4,10,"[0, 1, 1, 0]",3,0,0,,0.5,4
2764,96dd265c-8861-11f1-98df-b48c9db4e1b4,11,"[0, 1, 1, 0]",0,0,0,,0.5,4
2765,96dd265c-8861-11f1-98df-b48c9db4e1b4,11,"[0, 1, 1, 0]",1,1,1,,0.5,4
2766,96dd265c-8861-11f1-98df-b48c9db4e1b4,11,"[0, 1, 1, 0]",2,1,1,,0.5,4
2767,96dd265c-8861-11f1-98df-b48c9db4e1b4,11,"[0, 1, 1, 0]",3,0,0,,0.5,4
2768,96dd265c-8861-11f1-98df-b48c9db4e1b4,12,"[0, 1, 1, 0]",0,0,0,,0.5,4
2769,96dd265c-8861-11f1-98df-b48c9db4e1b4,12,"[0, 1, 1, 0]",1,1,1,,0.5,4
2770,96dd265c-8861-11f1-98df-b48c9db4e1b4,12,"[0, 1, 1, 0]",2,1,1,,0.5,4
2771,96dd265c-8861-11f1-98df-b48c9db4e1b4,12,"[0, 1, 1, 0]",3,0,0,,0.5,4
2772,96dd265c-8861-11f1-98df-b48c9db4e1b4,13,"[0, 1, 1, 0]",0,0,0,,0.5,4
2773,96dd265c-8861-11f1-98df-b48c9db4e1b4,13,"[0, 1, 1, 0]",1,1,1,,0.5,4
2774,96dd265c-8861-11f1-98df-b48c9db4e1b4,13,"[0, 1, 1, 0]",2,1,1,,0.5,4
2775,96dd265c-8861-11f1-98df-b48c9db4e1b4,13,"[0, 1, 1, 0]",3,0,0,,0.5,4
2776,96dd265c-8861-11f1-98df-b48c9db4e1b4,14,"[0, 1, 1, 0]",0,0,0,,0.5,4
2777,96dd265c-8861-11f1-98df-b48c9db4e1b4,14,"[0, 1, 1, 0]",1,1,1,,0.5,4
2778,96dd265c-8861-11f1-98df-b48c9db4e1b4,14,"[0, 1, 1, 0]",2,1,1,,0.5,4
2779,96dd265c-8861-11f1-98df-b48c9db4e1b4,14,"[0, 1, 1, 0]",3,0,0,,0.5,4
2780,96dd265c-8861-11f1-98df-b48c9db4e1b4,15,"[0, 1, 1, 0]",0,0,0,,0.5,4
2781,96dd265c-8861-11f1-98df-b48c9db4e1b4,15,"[0, 1, 1, 0]",1,1,1,,0.5,4
2782,96dd265c-8861-11f1-98df-b48c9db4e1b4,15,"[0, 1, 1, 0]",2,1,1,,0.5,4
2783,96dd265c-8861-11f1-98df-b48c9db4e1b4,15,"[0, 1, 1, 0]",3,0,0,,0.5,4
2784,96dd265c-8861-11f1-98df-b48c9db4e1b4,16,"[0, 1, 1, 0]",0,0,0,,0.5,4
2785,96dd265c-8861-11f1-98df-b48c9db4e1b4,16,"[0, 1, 1, 0]",1,1,1,,0.5,4
2786,96dd265c-8861-11f1-98df-b48c9db4e1b4,16,"[0, 1, 1, 0]",2,1,1,,0.5,4
2787,96dd265c-8861-11f1-98df-b48c9db4e1b4,16,"[0, 1, 1, 0]",3,0,0,,0.5,4
2788,96dd265c-8861-11f1-98df-b48c9db4e1b4,17,"[0, 1, 0, 0]",0,0,0,,0.5,4
2789,96dd265c-8861-11f1-98df-b48c9db4e1b4,17,"[0, 1, 0, 0]",1,1,1,,0.5,4
2790,96dd265c-8861-11f1-98df-b48c9db4e1b4,17,"[0, 1, 0, 0]",2,0,0,,0.5,4
2791,96dd265c-8861-11f1-98df-b48c9db4e1b4,17,"[0, 1, 0, 0]",3,0,0,,0.5,4
2792,96dd265c-8861-11f1-98df-b48c9db4e1b4,18,"[0, 1, 1, 0]",0,0,0,,0.5,4
2793,96dd265c-8861-11f1-98df-b48c9db4e1b4,18,"[0, 1, 1, 0]",1,1,1,,0.5,4
2794,96dd265c-8861-11f1-98df-b48c9db4e1b4,18,"[0, 1, 1, 0]",2,1,1,,0.5,4
2795,96dd265c-8861-11f1-98df-b48c9db4e1b4,18,"[0, 1, 1, 0]",3,0,0,,0.5,4
2796,96dd265c-8861-11f1-98df-b48c9db4e1b4,19,"[0, 1, 1, 0]",0,0,0,,0.5,4
2797,96dd265c-8861-11f1-98df-b48c9db4e1b4,19,"[0, 1, 1, 0]",1,1,1,,0.5,4
2798,96dd265c-8861-11f1-98df-b48c9db4e1b4,19,"[0, 1, 1, 0]",2,1,1,,0.5,4
2799,96dd265c-8861-11f1-98df-b48c9db4e1b4,19,"[0, 1, 1, 0]",3,0,0,,0.5,4
2800,96e2592c-8861-11f1-af75-b48c9db4e1b4,0,"[0, 1, 0, 1]",0,0,0,,0.5,4
2801,96e2592c-8861-11f1-af75-b48c9db4e1b4,0,"[0, 1, 0, 1]",1,1,1,,0.5,4
2802,96e2592c-8861-11f1-af75-b48c9db4e1b4,0,"[0, 1, 0, 1]",2,0,0,,0.5,4
2803,96e2592c-8861-11f1-af75-b48c9db4e1b4,0,"[0, 1, 0, 1]",3,1,1,,0.5,4
2804,96e2592c-8861-11f1-af75-b48c9db4e1b4,1,"[1, 0, 0, 1]",0,1,1,,0.5,4
2805,96e2592c-8861-11f1-af75-b48c9db4e1b4,1,"[1, 0, 0, 1]",1,0,0,,0.5,4
2806,96e2592c-8861-11f1-af75-b48c9db4e1b4,1,"[1, 0, 0, 1]",2,0,0,,0.5,4
2807,96e2592c-8861-11f1-af75-b48c9db4e1b4,1,"[1, 0, 0, 1]",3,1,1,,0.5,4
2808,96e2592c-8861-11f1-af75-b48c9db4e1b4,2,"[1, 1, 0, 0]",0,1,1,,0.5,4
2809,96e2592c-8861-11f1-af75-b48c9db4e1b4,2,"[1, 1, 0, 0]",1,1,1,,0.5,4
2810,96e2592c-8861-11f1-af75-b48c9db4e1b4,2,"[1, 1, 0, 0]",2,0,0,,0.5,4
2811,96e2592c-8861-11f1-af75-b48c9db4e1b4,2,"[1, 1, 0, 0]",3,0,0,,0.5,4
2812,96e2592c-8861-11f1-af75-b48c9db4e1b4,3,"[0, 1, 1, 0]",0,0,0,,0.5,4
2813,96e2592c-8861-11f1-af75-b48c9db4e1b4,3,"[0, 1, 1, 0]",1,1,1,,0.5,4
2814,96e2592c-8861-11f1-af75-b48c9db4e1b4,3,"[0, 1, 1, 0]",2,1,1,,0.5,4
2815,96e2592c-8861-11f1-af75-b48c9db4e1b4,3,"[0, 1, 1, 0]",3,0,0,,0.5,4
2816,96e2592c-8861-11f1-af75-b48c9db4e1b4,4,"[0, 0, 1, 1]",0,0,0,,0.5,4
2817,96e2592c-8861-11f1-af75-b48c9db4e1b4,4,"[0, 0, 1, 1]",1,0,0,,0.5,4
2818,96e2592c-8861-11f1-af75-b48c9db4e1b4,4,"[0, 0, 1, 1]",2,1,1,,0.5,4
2819,96e2592c-8861-11f1-af75-b48c9db4e1b4,4,"[0, 0, 1, 1]",3,1,1,,0.5,4
2820,96e2592c-8861-11f1-af75-b48c9db4e1b4,5,"[1, 0, 0, 1]",0,1,1,,0.5,4
2821,96e2592c-8861-11f1-af75-b48c9db4e1b4,5,"[1, 0, 0, 1]",1,0,0,,0.5,4
2822,96e2592c-8861-11f1-af75-b48c9db4e1b4,5,"[1, 0, 0, 1]",2,0,0,,0.5,4
2823,96e2592c-8861-11f1-af75-b48c9db4e1b4,5,"[1, 0, 0, 1]",3,1,1,,0.5,4
2824,96e2592c-8861-11f1-af75-b48c9db4e1b4,6,"[1, 1, 0, 0]",0,1,1,,0.5,4
2825,96e2592c-8861-11f1-af75-b48c9db4e1b4,6,"[1, 1, 0, 0]",1,1,1,,0.5,4
2826,96e2592c-8861-11f1-af75-b48c9db4e1b4,6,"[1, 1, 0, 0]",2,0,0,,0.5,4
2827,96e2592c-8861-11f1-af75-b48c9db4e1b4,6,"[1, 1, 0, 0]",3,0,0,,0.5,4
2828,96e2592c-8861-11f1-af75-b48c9db4e1b4,7,"[0, 1, 1, 0]",0,0,0,,0.5,4
2829,96e2592c-8861-11f1-af75-b48c9db4e1b4,7,"[0, 1, 1, 0]",1,1,1,,0.5,4
2830,96e2592c-8861-11f1-af75-b48c9db4e1b4,7,"[0, 1, 1, 0]",2,1,1,,0.5,4
2831,96e2592c-8861-11f1-af75-b48c9db4e1b4,7,"[0, 1, 1, 0]",3,0,0,,0.5,4
2832,96e2592c-8861-11f1-af75-b48c9db4e1b4,8,"[0, 0, 1, 1]",0,0,0,,0.5,4
2833,96e2592c-8861-11f1-af75-b48c9db4e1b4,8,"[0, 0, 1, 1]",1,0,0,,0.5,4
2834,96e2592c-8861-11f1-af75-b48c9db4e1b4,8,"[0, 0, 1, 1]",2,1,1,,0.5,4
2835,96e2592c-8861-11f1-af75-b48c9db4e1b4,8,"[0, 0, 1, 1]",3,1,1,,0.5,4
2836,96e2592c-8861-11f1-af75-b48c9db4e1b4,9,"[1, 0, 0, 1]",0,1,1,,0.5,4
2837,96e2592c-8861-11f1-af75-b48c9db4e1b4,9,"[1, 0, 0, 1]",1,0,0,,0.5,4
2838,96e2592c-8861-11f1-af75-b48c9db4e1b4,9,"[1, 0, 0, 1]",2,0,0,,0.5,4
2839,96e2592c-8861-11f1-af75-b48c9db4e1b4,9,"[1, 0, 0, 1]",3,1,1,,0.5,4
2840,96e2592c-8861-11f1-af75-b48c9db4e1b4,10,"[1, 1, 0, 0]",0,1,1,,0.5,4
2841,96e2592c-8861-11f1-af75-b48c9db4e1b4,10,"[1, 1, 0, 0]",1,1,1,,0.5,4
2842,96e2592c-8861-11f1-af75-b48c9db4e1b4,10,"[1, 1, 0, 0]",2,0,0,,0.5,4
2843,96e2592c-8861-11f1-af75-b48c9db4e1b4,10,"[1, 1, 0, 0]",3,0,0,,0.5,4
2844,96e2592c-8861-11f1-af75-b48c9db4e1b4,11,"[0, 1, 1, 0]",0,0,0,,0.5,4
2845,96e2592c-8861-11f1-af75-b48c9db4e1b4,11,"[0, 1, 1, 0]",1,1,1,,0.5,4
2846,96e2592c-8861-11f1-af75-b48c9db4e1b4,11,"[0, 1, 1, 0]",2,1,1,,0.5,4
2847,96e2592c-8861-11f1-af75-b48c9db4e1b4,11,"[0, 1, 1, 0]",3,0,0,,0.5,4
2848,96e2592c-8861-11f1-af75-b48c9db4e1b4,12,"[0, 0, 1, 1]",0,0,0,,0.5,4
2849,96e2592c-8861-11f1-af75-b48c9db4e1b4,12,"[0, 0, 1, 1]",1,0,0,,0.5,4
2850,96e2592c-8861-11f1-af75-b48c9db4e1b4,12,"[0, 0, 1, 1]",2,1,1,,0.5,4
2851,96e2592c-8861-11f1-af75-b48c9db4e1b4,12,"[0, 0, 1, 1]",3,1,1,,0.5,4
2852,96e2592c-8861-11f1-af75-b48c9db4e1b4,13,"[1, 0, 0, 1]",0,1,1,,0.5,4
2853,96e2592c-8861-11f1-af75-b48c9db4e1b4,13,"[1, 0, 0, 1]",1,0,0,,0.5,4
2854,96e2592c-8861-11f1-af75-b48c9db4e1b4,13,"[1, 0, 0, 1]",2,0,0,,0.5,4
2855,96e2592c-8861-11f1-af75-b48c9db4e1b4,13,"[1, 0, 0, 1]",3,1,1,,0.5,4
2856,96e2592c-8861-11f1-af75-b48c9db4e1b4,14,"[1, 1, 0, 0]",0,1,1,,0.5,4
2857,96e2592c-8861-11f1-af75-b48c9db4e1b4,14,"[1, 1, 0, 0]",1,1,1,,0.5,4
2858,96e2592c-8861-11f1-af75-b48c9db4e1b4,14,"[1, 1, 0, 0]",2,0,0,,0.5,4
2859,96e2592c-8861-11f1-af75-b48c9db4e1b4,14,"[1, 1, 0, 0]",3,0,0,,0.5,4
2860,96e2592c-8861-11f1-af75-b48c9db4e1b4,15,"[0, 1, 1, 0]",0,0,0,,0.5,4
2861,96e2592c-8861-11f1-af75-b48c9db4e1b4,15,"[0, 1, 1, 0]",1,1,1,,0.5,4
2862,96e2592c-8861-11f1-af75-b48c9db4e1b4,15,"[0, 1, 1, 0]",2,1,1,,0.5,4
2863,96e2592c-8861-11f1-af75-b48c9db4e1b4,15,"[0, 1, 1, 0]",3,0,0,,0.5,4
2864,96e2592c-8861-11f1-af75-b48c9db4e1b4,16,"[0, 0, 1, 1]",0,0,0,,0.5,4
2865,96e2592c-8861-11f1-af75-b48c9db4e1b4,16,"[0, 0, 1, 1]",1,0,0,,0.5,4
2866,96e2592c-8861-11f1-af75-b48c9db4e1b4,16,"[0, 0, 1, 1]",2,1,1,,0.5,4
2867,96e2592c-8861-11f1-af75-b48c9db4e1b4,16,"[0, 0, 1, 1]",3,1,1,,0.5,4
2868,96e2592c-8861-11f1-af75-b48c9db4e1b4,17,"[1, 0, 0, 1]",0,1,1,,0.5,4
2869,96e2592c-8861-11f1-af75-b48c9db4e1b4,17,"[1, 0, 0, 1]",1,0,0,,0.5,4
2870,96e2592c-8861-11f1-af75-b48c9db4e1b4,17,"[1, 0, 0, 1]",2,0,0,,0.5,4
2871,96e2592c-8861-11f1-af75-b48c9db4e1b4,17,"[1, 0, 0, 1]",3,1,1,,0.5,4
2872,96e2592c-8861-11f1-af75-b48c9db4e1b4,18,"[1, 1, 0, 0]",0,1,1,,0.5,4
2873,96e2592c-8861-11f1-af75-b48c9db4e1b4,18,"[1, 1, 0, 0]",1,1,1,,0.5,4
2874,96e2592c-8861-11f1-af75-b48c9db4e1b4,18,"[1, 1, 0, 0]",2,0,0,,0.5,4
2875,96e2592c-8861-11f1-af75-b48c9db4e1b4,18,"[1, 1, 0, 0]",3,0,0,,0.5,4
2876,96e2592c-8861-11f1-af75-b48c9db4e1b4,19,"[0, 1, 1, 0]",0,0,0,,0.5,4
2877,96e2592c-8861-11f1-af75-b48c9db4e1b4,19,"[0, 1, 1, 0]",1,1,1,,0.5,4
2878,96e2592c-8861-11f1-af75-b48c9db4e1b4,19,"[0, 1, 1, 0]",2,1,1,,0.5,4
2879,96e2592c-8861-11f1-af75-b48c9db4e1b4,19,"[0, 1, 1, 0]",3,0,0,,0.5,4
2880,96e78198-8861-11f1-88a1-b48c9db4e1b4,0,"[0, 1, 1, 1]",0,0,0,,0.5,4
2881,96e78198-8861-11f1-88a1-b48c9db4e1b4,0,"[0, 1, 1, 1]",1,1,-1,,0.5,4
2882,96e78198-8861-11f1-88a1-b48c9db4e1b4,0,"[0, 1, 1, 1]",2,1,-1,,0.5,4
2883,96e78198-8861-11f1-88a1-b48c9db4e1b4,0,"[0, 1, 1, 1]",3,1,-1,,0.5,4
2884,96e78198-8861-11f1-88a1-b48c9db4e1b4,1,"[1, 1, 0, 0]",0,1,1,,0.5,4
2885,96e78198-8861-11f1-88a1-b48c9db4e1b4,1,"[1, 1, 0, 0]",1,1,1,,0.5,4
2886,96e78198-8861-11f1-88a1-b48c9db4e1b4,1,"[1, 1, 0, 0]",2,0,0,,0.5,4
2887,96e78198-8861-11f1-88a1-b48c9db4e1b4,1,"[1, 1, 0, 0]",3,0,0,,0.5,4
2888,96e78198-8861-11f1-88a1-b48c9db4e1b4,2,"[0, 1, 1, 0]",0,0,0,,0.5,4
2889,96e78198-8861-11f1-88a1-b48c9db4e1b4,2,"[0, 1, 1, 0]",1,1,1,,0.5,4
2890,96e78198-8861-11f1-88a1-b48c9db4e1b4,2,"[0, 1, 1, 0]",2,1,1,,0.5,4
2891,96e78198-8861-11f1-88a1-b48c9db4e1b4,2,"[0, 1, 1, 0]",3,0,0,,0.5,4
2892,96e78198-8861-11f1-88a1-b48c9db4e1b4,3,"[0, 0, 1, 1]",0,0,0,,0.5,4
2893,96e78198-8861-11f1-88a1-b48c9db4e1b4,3,"[0, 0, 1, 1]",1,0,0,,0.5,4
2894,96e78198-8861-11f1-88a1-b48c9db4e1b4,3,"[0, 0, 1, 1]",2,1,1,,0.5,4
2895,96e78198-8861-11f1-88a1-b48c9db4e1b4,3,"[0, 0, 1, 1]",3,1,1,,0.5,4
2896,96e78198-8861-11f1-88a1-b48c9db4e1b4,4,"[1, 0, 0, 1]",0,1,1,,0.5,4
2897,96e78198-8861-11f1-88a1-b48c9db4e1b4,4,"[1, 0, 0, 1]",1,0,0,,0.5,4
2898,96e78198-8861-11f1-88a1-b48c9db4e1b4,4,"[1, 0, 0, 1]",2,0,0,,0.5,4
2899,96e78198-8861-11f1-88a1-b48c9db4e1b4,4,"[1, 0, 0, 1]",3,1,1,,0.5,4
2900,96e78198-8861-11f1-88a1-b48c9db4e1b4,5,"[1, 1, 0, 0]",0,1,1,,0.5,4
2901,96e78198-8861-11f1-88a1-b48c9db4e1b4,5,"[1, 1, 0, 0]",1,1,1,,0.5,4
2902,96e78198-8861-11f1-88a1-b48c9db4e1b4,5,"[1, 1, 0, 0]",2,0,0,,0.5,4
2903,96e78198-8861-11f1-88a1-b48c9db4e1b4,5,"[1, 1, 0, 0]",3,0,0,,0.5,4
2904,96e78198-8861-11f1-88a1-b48c9db4e1b4,6,"[0, 1, 1, 0]",0,0,0,,0.5,4
2905,96e78198-8861-11f1-88a1-b48c9db4e1b4,6,"[0, 1, 1, 0]",1,1,1,,0.5,4
2906,96e78198-8861-11f1-88a1-b48c9db4e1b4,6,"[0, 1, 1, 0]",2,1,1,,0.5,4
2907,96e78198-8861-11f1-88a1-b48c9db4e1b4,6,"[0, 1, 1, 0]",3,0,0,,0.5,4
2908,96e78198-8861-11f1-88a1-b48c9db4e1b4,7,"[0, 0, 1, 1]",0,0,0,,0.5,4
2909,96e78198-8861-11f1-88a1-b48c9db4e1b4,7,"[0, 0, 1, 1]",1,0,0,,0.5,4
2910,96e78198-8861-11f1-88a1-b48c9db4e1b4,7,"[0, 0, 1, 1]",2,1,1,,0.5,4
2911,96e78198-8861-11f1-88a1-b48c9db4e1b4,7,"[0, 0, 1, 1]",3,1,1,,0.5,4
2912,96e78198-8861-11f1-88a1-b48c9db4e1b4,8,"[1, 0, 0, 1]",0,1,1,,0.5,4
2913,96e78198-8861-11f1-88a1-b48c9db4e1b4,8,"[1, 0, 0, 1]",1,0,0,,0.5,4
2914,96e78198-8861-11f1-88a1-b48c9db4e1b4,8,"[1, 0, 0, 1]",2,0,0,,0.5,4
2915,96e78198-8861-11f1-88a1-b48c9db4e1b4,8,"[1, 0, 0, 1]",3,1,1,,0.5,4
2916,96e78198-8861-11f1-88a1-b48c9db4e1b4,9,"[1, 1, 0, 0]",0,1,1,,0.5,4
2917,96e78198-8861-11f1-88a1-b48c9db4e1b4,9,"[1, 1, 0, 0]",1,1,1,,0.5,4
2918,96e78198-8861-11f1-88a1-b48c9db4e1b4,9,"[1, 1, 0, 0]",2,0,0,,0.5,4
2919,96e78198-8861-11f1-88a1-b48c9db4e1b4,9,"[1, 1, 0, 0]",3,0,0,,0.5,4
2920,96e78198-8861-11f1-88a1-b48c9db4e1b4,10,"[0, 1, 1, 0]",0,0,0,,0.5,4
2921,96e78198-8861-11f1-88a1-b48c9db4e1b4,10,"[0, 1, 1, 0]",1,1,1,,0.5,4
2922,96e78198-8861-11f1-88a1-b48c9db4e1b4,10,"[0, 1, 1, 0]",2,1,1,,0.5,4
2923,96e78198-8861-11f1-88a1-b48c9db4e1b4,10,"[0, 1, 1, 0]",3,0,0,,0.5,4
2924,96e78198-8861-11f1-88a1-b48c9db4e1b4,11,"[0, 0, 1, 1]",0,0,0,,0.5,4
2925,96e78198-8861-11f1-88a1-b48c9db4e1b4,11,"[0, 0, 1, 1]",1,0,0,,0.5,4
2926,96e78198-8861-11f1-88a1-b48c9db4e1b4,11,"[0, 0, 1, 1]",2,1,1,,0.5,4
2927,96e78198-8861-11f1-88a1-b48c9db4e1b4,11,"[0, 0, 1, 1]",3,1,1,,0.5,4
2928,96e78198-8861-11f1-88a1-b48c9db4e1b4,12,"[1, 0, 0, 1]",0,1,1,,0.5,4
2929,96e78198-8861-11f1-88a1-b48c9db4e1b4,12,"[1, 0, 0, 1]",1,0,0,,0.5,4
2930,96e78198-8861-11f1-88a1-b48c9db4e1b4,12,"[1, 0, 0, 1]",2,0,0,,0.5,4
2931,96e78198-8861-11f1-88a1-b48c9db4e1b4,12,"[1, 0, 0, 1]",3,1,1,,0.5,4
2932,96e78198-8861-11f1-88a1-b48c9db4e1b4,13,"[1, 1, 0, 0]",0,1,1,,0.5,4
2933,96e78198-8861-11f1-88a1-b48c9db4e1b4,13,"[1, 1, 0, 0]",1,1,1,,0.5,4
2934,96e78198-8861-11f1-88a1-b48c9db4e1b4,13,"[1, 1, 0, 0]",2,0,0,,0.5,4
2935,96e78198-8861-11f1-88a1-b48c9db4e1b4,13,"[1, 1, 0, 0]",3,0,0,,0.5,4
2936,96e78198-8861-11f1-88a1-b48c9db4e1b4,14,"[0, 1, 1, 0]",0,0,0,,0.5,4
2937,96e78198-8861-11f1-88a1-b48c9db4e1b4,14,"[0, 1, 1, 0]",1,1,1,,0.5,4
2938,96e78198-8861-11f1-88a1-b48c9db4e1b4,14,"[0, 1, 1, 0]",2,1,1,,0.5,4
2939,96e78198-8861-11f1-88a1-b48c9db4e1b4,14,"[0, 1, 1, 0]",3,0,0,,0.5,4
2940,96e78198-8861-11f1-88a1-b48c9db4e1b4,15,"[0, 0, 1, 1]",0,0,0,,0.5,4
2941,96e78198-8861-11f1-88a1-b48c9db4e1b4,15,"[0, 0, 1, 1]",1,0,0,,0.5,4
2942,96e78198-8861-11f1-88a1-b48c9db4e1b4,15,"[0, 0, 1, 1]",2,1,1,,0.5,4
2943,96e78198-8861-11f1-88a1-b48c9db4e1b4,15,"[0, 0, 1, 1]",3,1,1,,0.5,4
2944,96e78198-8861-11f1-88a1-b48c9db4e1b4,16,"[1, 0, 0, 1]",0,1,1,,0.5,4
2945,96e78198-8861-11f1-88a1-b48c9db4e1b4,16,"[1, 0, 0, 1]",1,0,0,,0.5,4
2946,96e78198-8861-11f1-88a1-b48c9db4e1b4,16,"[1, 0, 0, 1]",2,0,0,,0.5,4
2947,96e78198-8861-11f1-88a1-b48c9db4e1b4,16,"[1, 0, 0, 1]",3,1,1,,0.5,4
2948,96e78198-8861-11f1-88a1-b48c9db4e1b4,17,"[1, 1, 0, 0]",0,1,1,,0.5,4
2949,96e78198-8861-11f1-88a1-b48c9db4e1b4,17,"[1, 1, 0, 0]",1,1,1,,0.5,4
2950,96e78198-8861-11f1-88a1-b48c9db4e1b4,17,"[1, 1, 0, 0]",2,0,0,,0.5,4
2951,96e78198-8861-11f1-88a1-b48c9db4e1b4,17,"[1, 1, 0, 0]",3,0,0,,0.5,4
2952,96e78198-8861-11f1-88a1-b48c9db4e1b4,18,"[0, 1, 1, 0]",0,0,0,,0.5,4
2953,96e78198-8861-11f1-88a1-b48c9db4e1b4,18,"[0, 1, 1, 0]",1,1,1,,0.5,4
2954,96e78198-8861-11f1-88a1-b48c9db4e1b4,18,"[0, 1, 1, 0]",2,1,1,,0.5,4
2955,96e78198-8861-11f1-88a1-b48c9db4e1b4,18,"[0, 1, 1, 0]",3,0,0,,0.5,4
2956,96e78198-8861-11f1-88a1-b48c9db4e1b4,19,"[0, 0, 1, 1]",0,0,0,,0.5,4
2957,96e78198-8861-11f1-88a1-b48c9db4e1b4,19,"[0, 0, 1, 1]",1,0,0,,0.5,4
2958,96e78198-8861-11f1-88a1-b48c9db4e1b4,19,"[0, 0, 1, 1]",2,1,1,,0.5,4
2959,96e78198-8861-11f1-88a1-b48c9db4e1b4,19,"[0, 0, 1, 1]",3,1,1,,0.5,4
2960,96ec6e48-8861-11f1-ab19-b48c9db4e1b4,0,"[1, 0, 1, 1]",0,1,-1,,0.5,4
2961,96ec6e48-8861-11f1-ab19-b48c9db4e1b4,0,"[1, 0, 1, 1]",1,0,0,,0.5,4
2962,96ec6e48-8861-11f1-ab19-b48c9db4e1b4,0,"[1, 0, 1, 1]",2,1,-1,,0.5,4
2963,96ec6e48-8861-11f1-ab19-b48c9db4e1b4,0,"[1, 0, 1, 1]",3,1,-1,,0.5,4
2964,96ec6e48-8861-11f1-ab19-b48c9db4e1b4,1,"[1, 1, 0, 0]",0,1,1,,0.5,4
2965,96ec6e48-8861-11f1-ab19-b48c9db4e1b4,1,"[1, 1, 0, 0]",1,1,1,,0.5,4
2966,96ec6e48-8861-11f1-ab19-b48c9db4e1b4,1,"[1, 1, 0, 0]",2,0,0,,0.5,4
2967,96ec6e48-8861-11f1-ab19-b48c9db4e1b4,1,"[1, 1, 0, 0]",3,0,0,,0.5,4
2968,96ec6e48-8861-11f1-ab19-b48c9db4e1b4,2,"[0, 1, 1, 0]",0,0,0,,0.5,4
2969,96ec6e48-8861-11f1-ab19-b48c9db4e1b4,2,"[0, 1, 1, 0]",1,1,1,,0.5,4
2970,96ec6e48-8861-11f1-ab19-b48c9db4e1b4,2,"[0, 1, 1, 0]",2,1,1,,0.5,4
2971,96ec6e48-8861-11f1-ab19-b48c9db4e1b4,2,"[0, 1, 1, 0]",3,0,0,,0.5,4
2972,96ec6e48-8861-11f1-ab19-b48c9db4e1b4,3,"[0, 0, 1, 1]",0,0,0,,0.5,4
2973,96ec6e48-8861-11f1-ab19-b48c9db4e1b4,3,"[0, 0, 1, 1]",1,0,0,,0.5,4
2974,96ec6e48-8861-11f1-ab19-b48c9db4e1b4,3,"[0, 0, 1, 1]",2,1,1,,0.5,4
2975,96ec6e48-8861-11f1-ab19-b48c9db4e1b4,3,"[0, 0, 1, 1]",3,1,1,,0.5,4
2976,96ec6e48-8861-11f1-ab19-b48c9db4e1b4,4,"[1, 0, 0, 1]",0,1,1,,0.5,4
2977,96ec6e48-8861-11f1-ab19-b48c9db4e1b4,4,"[1, 0, 0, 1]",1,0,0,,0.5,4
2978,96ec6e48-8861-11f1-ab19-b48c9db4e1b4,4,"[1, 0, 0, 1]",2,0,0,,0.5,4
2979,96ec6e48-8861-11f1-ab19-b48c9db4e1b4,4,"[1, 0, 0, 1]",3,1,1,,0.5,4
2980,96ec6e48-8861-11f1-ab19-b48c9db4e1b4,5,"[1, 1, 0, 0]",0,1,1,,0.5,4
2981,96ec6e48-8861-11f1-ab19-b48c9db4e1b4,5,"[1, 1, 0, 0]",1,1,1,,0.5,4
2982,96ec6e48-8861-11f1-ab19-b48c9db4e1b4,5,"[1, 1, 0, 0]",2,0,0,,0.5,4
2983,96ec6e48-8861-11f1-ab19-b48c9db4e1b4,5,"[1, 1, 0, 0]",3,0,0,,0.5,4
2984,96ec6e48-8861-11f1-ab19-b48c9db4e1b4,6,"[0, 1, 1, 0]",0,0,0,,0.5,4
2985,96ec6e48-8861-11f1-ab19-b48c9db4e1b4,6,"[0, 1, 1, 0]",1,1,1,,0.5,4
2986,96ec6e48-8861-11f1-ab19-b48c9db4e1b4,6,"[0, 1, 1, 0]",2,1,1,,0.5,4
2987,96ec6e48-8861-11f1-ab19-b48c9db4e1b4,6,"[0, 1, 1, 0]",3,0,0,,0.5,4
2988,96ec6e48-8861-11f1-ab19-b48c9db4e1b4,7,"[0, 0, 1, 1]",0,0,0,,0.5,4
2989,96ec6e48-8861-11f1-ab19-b48c9db4e1b4,7,"[0, 0, 1, 1]",1,0,0,,0.5,4
2990,96ec6e48-8861-11f1-ab19-b48c9db4e1b4,7,"[0, 0, 1, 1]",2,1,1,,0.5,4
2991,96ec6e48-8861-11f1-ab19-b48c9db4e1b4,7,"[0, 0, 1, 1]",3,1,1,,0.5,4
2992,96ec6e48-8861-11f1-ab19-b48c9db4e1b4,8,"[1, 0, 0, 1]",0,1,1,,0.5,4
2993,96ec6e48-8861-11f1-ab19-b48c9db4e1b4,8,"[1, 0, 0, 1]",1,0,0,,0.5,4
2994,96ec6e48-8861-11f1-ab19-b48c9db4e1b4,8,"[1, 0, 0, 1]",2,0,0,,0.5,4
2995,96ec6e48-8861-11f1-ab19-b48c9db4e1b4,8,"[1, 0, 0, 1]",3,1,1,,0.5,4
2996,96ec6e48-8861-11f1-ab19-b48c9db4e1b4,9,"[1, 1, 0, 0]",0,1,1,,0.5,4
2997,96ec6e48-8861-11f1-ab19-b48c9db4e1b4,9,"[1, 1, 0, 0]",1,1,1,,0.5,4
2998,96ec6e48-8861-11f1-ab19-b48c9db4e1b4,9,"[1, 1, 0, 0]",2,0,0,,0.5,4
2999,96ec6e48-8861-11f1-ab19-b48c9db4e1b4,9,"[1, 1, 0, 0]",3,0,0,,0.5,4
3000,96ec6e48-8861-11f1-ab19-b48c9db4e1b4,10,"[0, 1, 1, 0]",0,0,0,,0.5,4
3001,96ec6e48-8861-11f1-ab19-b48c9db4e1b4,10,"[0, 1, 1, 0]",1,1,1,,0.5,4
3002,96ec6e48-8861-11f1-ab19-b48c9db4e1b4,10,"[0, 1, 1, 0]",2,1,1,,0.5,4
3003,96ec6e48-8861-11f1-ab19-b48c9db4e1b4,10,"[0, 1, 1, 0]",3,0,0,,0.5,4
3004,96ec6e48-8861-11f1-ab19-b48c9db4e1b4,11,"[0, 0, 1, 1]",0,0,0,,0.5,4
3005,96ec6e48-8861-11f1-ab19-b48c9db4e1b4,11,"[0, 0, 1, 1]",1,0,0,,0.5,4
3006,96ec6e48-8861-11f1-ab19-b48c9db4e1b4,11,"[0, 0, 1, 1]",2,1,1,,0.5,4
3007,96ec6e48-8861-11f1-ab19-b48c9db4e1b4,11,"[0, 0, 1, 1]",3,1,1,,0.5,4
3008,96ec6e48-8861-11f1-ab19-b48c9db4e1b4,12,"[1, 0, 0, 1]",0,1,1,,0.5,4
3009,96ec6e48-8861-11f1-ab19-b48c9db4e1b4,12,"[1, 0, 0, 1]",1,0,0,,0.5,4
3010,96ec6e48-8861-11f1-ab19-b48c9db4e1b4,12,"[1, 0, 0, 1]",2,0,0,,0.5,4
3011,96ec6e48-8861-11f1-ab19-b48c9db4e1b4,12,"[1, 0, 0, 1]",3,1,1,,0.5,4
3012,96ec6e48-8861-11f1-ab19-b48c9db4e1b4,13,"[1, 1, 0, 0]",0,1,1,,0.5,4
3013,96ec6e48-8861-11f1-ab19-b48c9db4e1b4,13,"[1, 1, 0, 0]",1,1,1,,0.5,4
3014,96ec6e48-8861-11f1-ab19-b48c9db4e1b4,13,"[1, 1, 0, 0]",2,0,0,,0.5,4
3015,96ec6e48-8861-11f1-ab19-b48c9db4e1b4,13,"[1, 1, 0, 0]",3,0,0,,0.5,4
3016,96ec6e48-8861-11f1-ab19-b48c9db4e1b4,14,"[0, 1, 1, 0]",0,0,0,,0.5,4
3017,96ec6e48-8861-11f1-ab19-b48c9db4e1b4,14,"[0, 1, 1, 0]",1,1,1,,0.5,4
3018,96ec6e48-8861-11f1-ab19-b48c9db4e1b4,14,"[0, 1, 1, 0]",2,1,1,,0.5,4
3019,96ec6e48-8861-11f1-ab19-b48c9db4e1b4,14,"[0, 1, 1, 0]",3,0,0,,0.5,4
3020,96ec6e48-8861-11f1-ab19-b48c9db4e1b4,15,"[0, 0, 1, 1]",0,0,0,,0.5,4
3021,96ec6e48-8861-11f1-ab19-b48c9db4e1b4,15,"[0, 0, 1, 1]",1,0,0,,0.5,4
3022,96ec6e48-8861-11f1-ab19-b48c9db4e1b4,15,"[0, 0, 1, 1]",2,1,1,,0.5,4
3023,96ec6e48-8861-11f1-ab19-b48c9db4e1b4,15,"[0, 0, 1, 1]",3,1,1,,0.5,4
3024,96ec6e48-8861-11f1-ab19-b48c9db4e1b4,16,"[1, 0, 0, 1]",0,1,1,,0.5,4
3025,96ec6e48-8861-11f1-ab19-b48c9db4e1b4,16,"[1, 0, 0, 1]",1,0,0,,0.5,4
3026,96ec6e48-8861-11f1-ab19-b48c9db4e1b4,16,"[1, 0, 0, 1]",2,0,0,,0.5,4
3027,96ec6e48-8861-11f1-ab19-b48c9db4e1b4,16,"[1, 0, 0, 1]",3,1,1,,0.5,4
3028,96ec6e48-8861-11f1-ab19-b48c9db4e1b4,17,"[1, 1, 0, 0]",0,1,1,,0.5,4
3029,96ec6e48-8861-11f1-ab19-b48c9db4e1b4,17,"[1, 1, 0, 0]",1,1,1,,0.5,4
3030,96ec6e48-8861-11f1-ab19-b48c9db4e1b4,17,"[1, 1, 0, 0]",2,0,0,,0.5,4
3031,96ec6e48-8861-11f1-ab19-b48c9db4e1b4,17,"[1, 1, 0, 0]",3,0,0,,0.5,4
3032,96ec6e48-8861-11f1-ab19-b48c9db4e1b4,18,"[0, 1, 1, 0]",0,0,0,,0.5,4
3033,96ec6e48-8861-11f1-ab19-b48c9db4e1b4,18,"[0, 1, 1, 0]",1,1,1,,0.5,4
3034,96ec6e48-8861-11f1-ab19-b48c9db4e1b4,18,"[0, 1, 1, 0]",2,1,1,,0.5,4
3035,96ec6e48-8861-11f1-ab19-b48c9db4e1b4,18,"[0, 1, 1, 0]",3,0,0,,0.5,4
3036,96ec6e48-8861-11f1-ab19-b48c9db4e1b4,19,"[0, 0, 1, 1]",0,0,0,,0.5,4
3037,96ec6e48-8861-11f1-ab19-b48c9db4e1b4,19,"[0, 0, 1, 1]",1,0,0,,0.5,4
3038,96ec6e48-8861-11f1-ab19-b48c9db4e1b4,19,"[0, 0, 1, 1]",2,1,1,,0.5,4
3039,96ec6e48-8861-11f1-ab19-b48c9db4e1b4,19,"[0, 0, 1, 1]",3,1,1,,0.5,4
3040,96f18fba-8861-11f1-afe7-b48c9db4e1b4,0,"[1, 0, 0, 0]",0,1,1,,0.5,4
3041,96f18fba-8861-11f1-afe7-b48c9db4e1b4,0,"[1, 0, 0, 0]",1,0,0,,0.5,4
3042,96f18fba-8861-11f1-afe7-b48c9db4e1b4,0,"[1, 0, 0, 0]",2,0,0,,0.5,4
3043,96f18fba-8861-11f1-afe7-b48c9db4e1b4,0,"[1, 0, 0, 0]",3,0,0,,0.5,4
3044,96f18fba-8861-11f1-afe7-b48c9db4e1b4,1,"[1, 1, 0, 0]",0,1,1,,0.5,4
3045,96f18fba-8861-11f1-afe7-b48c9db4e1b4,1,"[1, 1, 0, 0]",1,1,1,,0.5,4
3046,96f18fba-8861-11f1-afe7-b48c9db4e1b4,1,"[1, 1, 0, 0]",2,0,0,,0.5,4
3047,96f18fba-8861-11f1-afe7-b48c9db4e1b4,1,"[1, 1, 0, 0]",3,0,0,,0.5,4
3048,96f18fba-8861-11f1-afe7-b48c9db4e1b4,2,"[0, 1, 1, 0]",0,0,0,,0.5,4
3049,96f18fba-8861-11f1-afe7-b48c9db4e1b4,2,"[0, 1, 1, 0]",1,1,1,,0.5,4
3050,96f18fba-8861-11f1-afe7-b48c9db4e1b4,2,"[0, 1, 1, 0]",2,1,1,,0.5,4
3051,96f18fba-8861-11f1-afe7-b48c9db4e1b4,2,"[0, 1, 1, 0]",3,0,0,,0.5,4
3052,96f18fba-8861-11f1-afe7-b48c9db4e1b4,3,"[0, 0, 1, 1]",0,0,0,,0.5,4
3053,96f18fba-8861-11f1-afe7-b48c9db4e1b4,3,"[0, 0, 1, 1]",1,0,0,,0.5,4
3054,96f18fba-8861-11f1-afe7-b48c9db4e1b4,3,"[0, 0, 1, 1]",2,1,1,,0.5,4
3055,96f18fba-8861-11f1-afe7-b48c9db4e1b4,3,"[0, 0, 1, 1]",3,1,1,,0.5,4
3056,96f18fba-8861-11f1-afe7-b48c9db4e1b4,4,"[1, 0, 0, 1]",0,1,1,,0.5,4
3057,96f18fba-8861-11f1-afe7-b48c9db4e1b4,4,"[1, 0, 0, 1]",1,0,0,,0.5,4
3058,96f18fba-8861-11f1-afe7-b48c9db4e1b4,4,"[1, 0, 0, 1]",2,0,0,,0.5,4
3059,96f18fba-8861-11f1-afe7-b48c9db4e1b4,4,"[1, 0, 0, 1]",3,1,1,,0.5,4
3060,96f18fba-8861-11f1-afe7-b48c9db4e1b4,5,"[1, 1, 0, 0]",0,1,1,,0.5,4
3061,96f18fba-8861-11f1-afe7-b48c9db4e1b4,5,"[1, 1, 0, 0]",1,1,1,,0.5,4
3062,96f18fba-8861-11f1-afe7-b48c9db4e1b4,5,"[1, 1, 0, 0]",2,0,0,,0.5,4
3063,96f18fba-8861-11f1-afe7-b48c9db4e1b4,5,"[1, 1, 0, 0]",3,0,0,,0.5,4
3064,96f18fba-8861-11f1-afe7-b48c9db4e1b4,6,"[0, 1, 1, 0]",0,0,0,,0.5,4
3065,96f18fba-8861-11f1-afe7-b48c9db4e1b4,6,"[0, 1, 1, 0]",1,1,1,,0.5,4
3066,96f18fba-8861-11f1-afe7-b48c9db4e1b4,6,"[0, 1, 1, 0]",2,1,1,,0.5,4
3067,96f18fba-8861-11f1-afe7-b48c9db4e1b4,6,"[0, 1, 1, 0]",3,0,0,,0.5,4
3068,96f18fba-8861-11f1-afe7-b48c9db4e1b4,7,"[0, 0, 1, 1]",0,0,0,,0.5,4
3069,96f18fba-8861-11f1-afe7-b48c9db4e1b4,7,"[0, 0, 1, 1]",1,0,0,,0.5,4
3070,96f18fba-8861-11f1-afe7-b48c9db4e1b4,7,"[0, 0, 1, 1]",2,1,1,,0.5,4
3071,96f18fba-8861-11f1-afe7-b48c9db4e1b4,7,"[0, 0, 1, 1]",3,1,1,,0.5,4
3072,96f18fba-8861-11f1-afe7-b48c9db4e1b4,8,"[1, 0, 0, 1]",0,1,1,,0.5,4
3073,96f18fba-8861-11f1-afe7-b48c9db4e1b4,8,"[1, 0, 0, 1]",1,0,0,,0.5,4
3074,96f18fba-8861-11f1-afe7-b48c9db4e1b4,8,"[1, 0, 0, 1]",2,0,0,,0.5,4
3075,96f18fba-8861-11f1-afe7-b48c9db4e1b4,8,"[1, 0, 0, 1]",3,1,1,,0.5,4
3076,96f18fba-8861-11f1-afe7-b48c9db4e1b4,9,"[1, 1, 0, 0]",0,1,1,,0.5,4
3077,96f18fba-8861-11f1-afe7-b48c9db4e1b4,9,"[1, 1, 0, 0]",1,1,1,,0.5,4
3078,96f18fba-8861-11f1-afe7-b48c9db4e1b4,9,"[1, 1, 0, 0]",2,0,0,,0.5,4
3079,96f18fba-8861-11f1-afe7-b48c9db4e1b4,9,"[1, 1, 0, 0]",3,0,0,,0.5,4
3080,96f18fba-8861-11f1-afe7-b48c9db4e1b4,10,"[0, 1, 1, 0]",0,0,0,,0.5,4
3081,96f18fba-8861-11f1-afe7-b48c9db4e1b4,10,"[0, 1, 1, 0]",1,1,1,,0.5,4
3082,96f18fba-8861-11f1-afe7-b48c9db4e1b4,10,"[0, 1, 1, 0]",2,1,1,,0.5,4
3083,96f18fba-8861-11f1-afe7-b48c9db4e1b4,10,"[0, 1, 1, 0]",3,0,0,,0.5,4
3084,96f18fba-8861-11f1-afe7-b48c9db4e1b4,11,"[0, 0, 1, 1]",0,0,0,,0.5,4
3085,96f18fba-8861-11f1-afe7-b48c9db4e1b4,11,"[0, 0, 1, 1]",1,0,0,,0.5,4
3086,96f18fba-8861-11f1-afe7-b48c9db4e1b4,11,"[0, 0, 1, 1]",2,1,1,,0.5,4
3087,96f18fba-8861-11f1-afe7-b48c9db4e1b4,11,"[0, 0, 1, 1]",3,1,1,,0.5,4
3088,96f18fba-8861-11f1-afe7-b48c9db4e1b4,12,"[1, 0, 0, 1]",0,1,1,,0.5,4
3089,96f18fba-8861-11f1-afe7-b48c9db4e1b4,12,"[1, 0, 0, 1]",1,0,0,,0.5,4
3090,96f18fba-8861-11f1-afe7-b48c9db4e1b4,12,"[1, 0, 0, 1]",2,0,0,,0.5,4
3091,96f18fba-8861-11f1-afe7-b48c9db4e1b4,12,"[1, 0, 0, 1]",3,1,1,,0.5,4
3092,96f18fba-8861-11f1-afe7-b48c9db4e1b4,13,"[1, 1, 0, 0]",0,1,1,,0.5,4
3093,96f18fba-8861-11f1-afe7-b48c9db4e1b4,13,"[1, 1, 0, 0]",1,1,1,,0.5,4
3094,96f18fba-8861-11f1-afe7-b48c9db4e1b4,13,"[1, 1, 0, 0]",2,0,0,,0.5,4
3095,96f18fba-8861-11f1-afe7-b48c9db4e1b4,13,"[1, 1, 0, 0]",3,0,0,,0.5,4
3096,96f18fba-8861-11f1-afe7-b48c9db4e1b4,14,"[0, 1, 1, 0]",0,0,0,,0.5,4
3097,96f18fba-8861-11f1-afe7-b48c9db4e1b4,14,"[0, 1, 1, 0]",1,1,1,,0.5,4
3098,96f18fba-8861-11f1-afe7-b48c9db4e1b4,14,"[0, 1, 1, 0]",2,1,1,,0.5,4
3099,96f18fba-8861-11f1-afe7-b48c9db4e1b4,14,"[0, 1, 1, 0]",3,0,0,,0.5,4
3100,96f18fba-8861-11f1-afe7-b48c9db4e1b4,15,"[0, 0, 1, 1]",0,0,0,,0.5,4
3101,96f18fba-8861-11f1-afe7-b48c9db4e1b4,15,"[0, 0, 1, 1]",1,0,0,,0.5,4
3102,96f18fba-8861-11f1-afe7-b48c9db4e1b4,15,"[0, 0, 1, 1]",2,1,1,,0.5,4
3103,96f18fba-8861-11f1-afe7-b48c9db4e1b4,15,"[0, 0, 1, 1]",3,1,1,,0.5,4
3104,96f18fba-8861-11f1-afe7-b48c9db4e1b4,16,"[1, 0, 0, 1]",0,1,1,,0.5,4
3105,96f18fba-8861-11f1-afe7-b48c9db4e1b4,16,"[1, 0, 0, 1]",1,0,0,,0.5,4
3106,96f18fba-8861-11f1-afe7-b48c9db4e1b4,16,"[1, 0, 0, 1]",2,0,0,,0.5,4
3107,96f18fba-8861-11f1-afe7-b48c9db4e1b4,16,"[1, 0, 0, 1]",3,1,1,,0.5,4
3108,96f18fba-8861-11f1-afe7-b48c9db4e1b4,17,"[1, 1, 0, 0]",0,1,1,,0.5,4
3109,96f18fba-8861-11f1-afe7-b48c9db4e1b4,17,"[1, 1, 0, 0]",1,1,1,,0.5,4
3110,96f18fba-8861-11f1-afe7-b48c9db4e1b4,17,"[1, 1, 0, 0]",2,0,0,,0.5,4
3111,96f18fba-8861-11f1-afe7-b48c9db4e1b4,17,"[1, 1, 0, 0]",3,0,0,,0.5,4
3112,96f18fba-8861-11f1-afe7-b48c9db4e1b4,18,"[0, 1, 1, 0]",0,0,0,,0.5,4
3113,96f18fba-8861-11f1-afe7-b48c9db4e1b4,18,"[0, 1, 1, 0]",1,1,1,,0.5,4
3114,96f18fba-8861-11f1-afe7-b48c9db4e1b4,18,"[0, 1, 1, 0]",2,1,1,,0.5,4
3115,96f18fba-8861-11f1-afe7-b48c9db4e1b4,18,"[0, 1, 1, 0]",3,0,0,,0.5,4
3116,96f18fba-8861-11f1-afe7-b48c9db4e1b4,19,"[0, 0, 1, 1]",0,0,0,,0.5,4
3117,96f18fba-8861-11f1-afe7-b48c9db4e1b4,19,"[0, 0, 1, 1]",1,0,0,,0.5,4
3118,96f18fba-8861-11f1-afe7-b48c9db4e1b4,19,"[0, 0, 1, 1]",2,1,1,,0.5,4
3119,96f18fba-8861-11f1-afe7-b48c9db4e1b4,19,"[0, 0, 1, 1]",3,1,1,,0.5,4
3120,96f6718d-8861-11f1-acb5-b48c9db4e1b4,0,"[1, 0, 0, 0]",0,1,1,,0.5,4
3121,96f6718d-8861-11f1-acb5-b48c9db4e1b4,0,"[1, 0, 0, 0]",1,0,0,,0.5,4
3122,96f6718d-8861-11f1-acb5-b48c9db4e1b4,0,"[1, 0, 0, 0]",2,0,0,,0.5,4
3123,96f6718d-8861-11f1-acb5-b48c9db4e1b4,0,"[1, 0, 0, 0]",3,0,0,,0.5,4
3124,96f6718d-8861-11f1-acb5-b48c9db4e1b4,1,"[1, 1, 0, 0]",0,1,1,,0.5,4
3125,96f6718d-8861-11f1-acb5-b48c9db4e1b4,1,"[1, 1, 0, 0]",1,1,1,,0.5,4
3126,96f6718d-8861-11f1-acb5-b48c9db4e1b4,1,"[1, 1, 0, 0]",2,0,0,,0.5,4
3127,96f6718d-8861-11f1-acb5-b48c9db4e1b4,1,"[1, 1, 0, 0]",3,0,0,,0.5,4
3128,96f6718d-8861-11f1-acb5-b48c9db4e1b4,2,"[0, 1, 1, 0]",0,0,0,,0.5,4
3129,96f6718d-8861-11f1-acb5-b48c9db4e1b4,2,"[0, 1, 1, 0]",1,1,1,,0.5,4
3130,96f6718d-8861-11f1-acb5-b48c9db4e1b4,2,"[0, 1, 1, 0]",2,1,1,,0.5,4
3131,96f6718d-8861-11f1-acb5-b48c9db4e1b4,2,"[0, 1, 1, 0]",3,0,0,,0.5,4
3132,96f6718d-8861-11f1-acb5-b48c9db4e1b4,3,"[0, 0, 1, 1]",0,0,0,,0.5,4
3133,96f6718d-8861-11f1-acb5-b48c9db4e1b4,3,"[0, 0, 1, 1]",1,0,0,,0.5,4
3134,96f6718d-8861-11f1-acb5-b48c9db4e1b4,3,"[0, 0, 1, 1]",2,1,1,,0.5,4
3135,96f6718d-8861-11f1-acb5-b48c9db4e1b4,3,"[0, 0, 1, 1]",3,1,1,,0.5,4
3136,96f6718d-8861-11f1-acb5-b48c9db4e1b4,4,"[1, 0, 0, 1]",0,1,1,,0.5,4
3137,96f6718d-8861-11f1-acb5-b48c9db4e1b4,4,"[1, 0, 0, 1]",1,0,0,,0.5,4
3138,96f6718d-8861-11f1-acb5-b48c9db4e1b4,4,"[1, 0, 0, 1]",2,0,0,,0.5,4
3139,96f6718d-8861-11f1-acb5-b48c9db4e1b4,4,"[1, 0, 0, 1]",3,1,1,,0.5,4
3140,96f6718d-8861-11f1-acb5-b48c9db4e1b4,5,"[1, 1, 0, 0]",0,1,1,,0.5,4
3141,96f6718d-8861-11f1-acb5-b48c9db4e1b4,5,"[1, 1, 0, 0]",1,1,1,,0.5,4
3142,96f6718d-8861-11f1-acb5-b48c9db4e1b4,5,"[1, 1, 0, 0]",2,0,0,,0.5,4
3143,96f6718d-8861-11f1-acb5-b48c9db4e1b4,5,"[1, 1, 0, 0]",3,0,0,,0.5,4
3144,96f6718d-8861-11f1-acb5-b48c9db4e1b4,6,"[0, 1, 1, 0]",0,0,0,,0.5,4
3145,96f6718d-8861-11f1-acb5-b48c9db4e1b4,6,"[0, 1, 1, 0]",1,1,1,,0.5,4
3146,96f6718d-8861-11f1-acb5-b48c9db4e1b4,6,"[0, 1, 1, 0]",2,1,1,,0.5,4
3147,96f6718d-8861-11f1-acb5-b48c9db4e1b4,6,"[0, 1, 1, 0]",3,0,0,,0.5,4
3148,96f6718d-8861-11f1-acb5-b48c9db4e1b4,7,"[0, 0, 1, 1]",0,0,0,,0.5,4
3149,96f6718d-8861-11f1-acb5-b48c9db4e1b4,7,"[0, 0, 1, 1]",1,0,0,,0.5,4
3150,96f6718d-8861-11f1-acb5-b48c9db4e1b4,7,"[0, 0, 1, 1]",2,1,1,,0.5,4
3151,96f6718d-8861-11f1-acb5-b48c9db4e1b4,7,"[0, 0, 1, 1]",3,1,1,,0.5,4
3152,96f6718d-8861-11f1-acb5-b48c9db4e1b4,8,"[1, 0, 0, 1]",0,1,1,,0.5,4
3153,96f6718d-8861-11f1-acb5-b48c9db4e1b4,8,"[1, 0, 0, 1]",1,0,0,,0.5,4
3154,96f6718d-8861-11f1-acb5-b48c9db4e1b4,8,"[1, 0, 0, 1]",2,0,0,,0.5,4
3155,96f6718d-8861-11f1-acb5-b48c9db4e1b4,8,"[1, 0, 0, 1]",3,1,1,,0.5,4
3156,96f6718d-8861-11f1-acb5-b48c9db4e1b4,9,"[1, 1, 0, 0]",0,1,1,,0.5,4
3157,96f6718d-8861-11f1-acb5-b48c9db4e1b4,9,"[1, 1, 0, 0]",1,1,1,,0.5,4
3158,96f6718d-8861-11f1-acb5-b48c9db4e1b4,9,"[1, 1, 0, 0]",2,0,0,,0.5,4
3159,96f6718d-8861-11f1-acb5-b48c9db4e1b4,9,"[1, 1, 0, 0]",3,0,0,,0.5,4
3160,96f6718d-8861-11f1-acb5-b48c9db4e1b4,10,"[0, 1, 1, 0]",0,0,0,,0.5,4
3161,96f6718d-8861-11f1-acb5-b48c9db4e1b4,10,"[0, 1, 1, 0]",1,1,1,,0.5,4
3162,96f6718d-8861-11f1-acb5-b48c9db4e1b4,10,"[0, 1, 1, 0]",2,1,1,,0.5,4
3163,96f6718d-8861-11f1-acb5-b48c9db4e1b4,10,"[0, 1, 1, 0]",3,0,0,,0.5,4
3164,96f6718d-8861-11f1-acb5-b48c9db4e1b4,11,"[0, 0, 1, 1]",0,0,0,,0.5,4
3165,96f6718d-8861-11f1-acb5-b48c9db4e1b4,11,"[0, 0, 1, 1]",1,0,0,,0.5,4
3166,96f6718d-8861-11f1-acb5-b48c9db4e1b4,11,"[0, 0, 1, 1]",2,1,1,,0.5,4
3167,96f6718d-8861-11f1-acb5-b48c9db4e1b4,11,"[0, 0, 1, 1]",3,1,1,,0.5,4
3168,96f6718d-8861-11f1-acb5-b48c9db4e1b4,12,"[1, 0, 0, 1]",0,1,1,,0.5,4
3169,96f6718d-8861-11f1-acb5-b48c9db4e1b4,12,"[1, 0, 0, 1]",1,0,0,,0.5,4
3170,96f6718d-8861-11f1-acb5-b48c9db4e1b4,12,"[1, 0, 0, 1]",2,0,0,,0.5,4
3171,96f6718d-8861-11f1-acb5-b48c9db4e1b4,12,"[1, 0, 0, 1]",3,1,1,,0.5,4
3172,96f6718d-8861-11f1-acb5-b48c9db4e1b4,13,"[1, 1, 0, 0]",0,1,1,,0.5,4
3173,96f6718d-8861-11f1-acb5-b48c9db4e1b4,13,"[1, 1, 0, 0]",1,1,1,,0.5,4
3174,96f6718d-8861-11f1-acb5-b48c9db4e1b4,13,"[1, 1, 0, 0]",2,0,0,,0.5,4
3175,96f6718d-8861-11f1-acb5-b48c9db4e1b4,13,"[1, 1, 0, 0]",3,0,0,,0.5,4
3176,96f6718d-8861-11f1-acb5-b48c9db4e1b4,14,"[0, 1, 1, 0]",0,0,0,,0.5,4
3177,96f6718d-8861-11f1-acb5-b48c9db4e1b4,14,"[0, 1, 1, 0]",1,1,1,,0.5,4
3178,96f6718d-8861-11f1-acb5-b48c9db4e1b4,14,"[0, 1, 1, 0]",2,1,1,,0.5,4
3179,96f6718d-8861-11f1-acb5-b48c9db4e1b4,14,"[0, 1, 1, 0]",3,0,0,,0.5,4
3180,96f6718d-8861-11f1-acb5-b48c9db4e1b4,15,"[0, 0, 1, 1]",0,0,0,,0.5,4
3181,96f6718d-8861-11f1-acb5-b48c9db4e1b4,15,"[0, 0, 1, 1]",1,0,0,,0.5,4
3182,96f6718d-8861-11f1-acb5-b48c9db4e1b4,15,"[0, 0, 1, 1]",2,1,1,,0.5,4
3183,96f6718d-8861-11f1-acb5-b48c9db4e1b4,15,"[0, 0, 1, 1]",3,1,1,,0.5,4
3184,96f6718d-8861-11f1-acb5-b48c9db4e1b4,16,"[1, 0, 0, 1]",0,1,1,,0.5,4
3185,96f6718d-8861-11f1-acb5-b48c9db4e1b4,16,"[1, 0, 0, 1]",1,0,0,,0.5,4
3186,96f6718d-8861-11f1-acb5-b48c9db4e1b4,16,"[1, 0, 0, 1]",2,0,0,,0.5,4
3187,96f6718d-8861-11f1-acb5-b48c9db4e1b4,16,"[1, 0, 0, 1]",3,1,1,,0.5,4
3188,96f6718d-8861-11f1-acb5-b48c9db4e1b4,17,"[1, 1, 0, 0]",0,1,1,,0.5,4
3189,96f6718d-8861-11f1-acb5-b48c9db4e1b4,17,"[1, 1, 0, 0]",1,1,1,,0.5,4
3190,96f6718d-8861-11f1-acb5-b48c9db4e1b4,17,"[1, 1, 0, 0]",2,0,0,,0.5,4
3191,96f6718d-8861-11f1-acb5-b48c9db4e1b4,17,"[1, 1, 0, 0]",3,0,0,,0.5,4
3192,96f6718d-8861-11f1-acb5-b48c9db4e1b4,18,"[0, 1, 1, 0]",0,0,0,,0.5,4
3193,96f6718d-8861-11f1-acb5-b48c9db4e1b4,18,"[0, 1, 1, 0]",1,1,1,,0.5,4
3194,96f6718d-8861-11f1-acb5-b48c9db4e1b4,18,"[0, 1, 1, 0]",2,1,1,,0.5,4
3195,96f6718d-8861-11f1-acb5-b48c9db4e1b4,18,"[0, 1, 1, 0]",3,0,0,,0.5,4
3196,96f6718d-8861-11f1-acb5-b48c9db4e1b4,19,"[0, 0, 1, 1]",0,0,0,,0.5,4
3197,96f6718d-8861-11f1-acb5-b48c9db4e1b4,19,"[0, 0, 1, 1]",1,0,0,,0.5,4
3198,96f6718d-8861-11f1-acb5-b48c9db4e1b4,19,"[0, 0, 1, 1]",2,1,1,,0.5,4
3199,96f6718d-8861-11f1-acb5-b48c9db4e1b4,19,"[0, 0, 1, 1]",3,1,1,,0.5,4
3200,96fb513c-8861-11f1-a8cb-b48c9db4e1b4,0,"[1, 1, 1, 0]",0,1,-1,,0.5,4
3201,96fb513c-8861-11f1-a8cb-b48c9db4e1b4,0,"[1, 1, 1, 0]",1,1,-1,,0.5,4
3202,96fb513c-8861-11f1-a8cb-b48c9db4e1b4,0,"[1, 1, 1, 0]",2,1,-1,,0.5,4
3203,96fb513c-8861-11f1-a8cb-b48c9db4e1b4,0,"[1, 1, 1, 0]",3,0,0,,0.5,4
3204,96fb513c-8861-11f1-a8cb-b48c9db4e1b4,1,"[0, 1, 1, 0]",0,0,0,,0.5,4
3205,96fb513c-8861-11f1-a8cb-b48c9db4e1b4,1,"[0, 1, 1, 0]",1,1,1,,0.5,4
3206,96fb513c-8861-11f1-a8cb-b48c9db4e1b4,1,"[0, 1, 1, 0]",2,1,1,,0.5,4
3207,96fb513c-8861-11f1-a8cb-b48c9db4e1b4,1,"[0, 1, 1, 0]",3,0,0,,0.5,4
3208,96fb513c-8861-11f1-a8cb-b48c9db4e1b4,2,"[0, 0, 1, 1]",0,0,0,,0.5,4
3209,96fb513c-8861-11f1-a8cb-b48c9db4e1b4,2,"[0, 0, 1, 1]",1,0,0,,0.5,4
3210,96fb513c-8861-11f1-a8cb-b48c9db4e1b4,2,"[0, 0, 1, 1]",2,1,1,,0.5,4
3211,96fb513c-8861-11f1-a8cb-b48c9db4e1b4,2,"[0, 0, 1, 1]",3,1,1,,0.5,4
3212,96fb513c-8861-11f1-a8cb-b48c9db4e1b4,3,"[1, 0, 0, 1]",0,1,1,,0.5,4
3213,96fb513c-8861-11f1-a8cb-b48c9db4e1b4,3,"[1, 0, 0, 1]",1,0,0,,0.5,4
3214,96fb513c-8861-11f1-a8cb-b48c9db4e1b4,3,"[1, 0, 0, 1]",2,0,0,,0.5,4
3215,96fb513c-8861-11f1-a8cb-b48c9db4e1b4,3,"[1, 0, 0, 1]",3,1,1,,0.5,4
3216,96fb513c-8861-11f1-a8cb-b48c9db4e1b4,4,"[1, 1, 0, 0]",0,1,1,,0.5,4
3217,96fb513c-8861-11f1-a8cb-b48c9db4e1b4,4,"[1, 1, 0, 0]",1,1,1,,0.5,4
3218,96fb513c-8861-11f1-a8cb-b48c9db4e1b4,4,"[1, 1, 0, 0]",2,0,0,,0.5,4
3219,96fb513c-8861-11f1-a8cb-b48c9db4e1b4,4,"[1, 1, 0, 0]",3,0,0,,0.5,4
3220,96fb513c-8861-11f1-a8cb-b48c9db4e1b4,5,"[0, 1, 1, 0]",0,0,0,,0.5,4
3221,96fb513c-8861-11f1-a8cb-b48c9db4e1b4,5,"[0, 1, 1, 0]",1,1,1,,0.5,4
3222,96fb513c-8861-11f1-a8cb-b48c9db4e1b4,5,"[0, 1, 1, 0]",2,1,1,,0.5,4
3223,96fb513c-8861-11f1-a8cb-b48c9db4e1b4,5,"[0, 1, 1, 0]",3,0,0,,0.5,4
3224,96fb513c-8861-11f1-a8cb-b48c9db4e1b4,6,"[0, 0, 1, 1]",0,0,0,,0.5,4
3225,96fb513c-8861-11f1-a8cb-b48c9db4e1b4,6,"[0, 0, 1, 1]",1,0,0,,0.5,4
3226,96fb513c-8861-11f1-a8cb-b48c9db4e1b4,6,"[0, 0, 1, 1]",2,1,1,,0.5,4
3227,96fb513c-8861-11f1-a8cb-b48c9db4e1b4,6,"[0, 0, 1, 1]",3,1,1,,0.5,4
3228,96fb513c-8861-11f1-a8cb-b48c9db4e1b4,7,"[1, 0, 0, 1]",0,1,1,,0.5,4
3229,96fb513c-8861-11f1-a8cb-b48c9db4e1b4,7,"[1, 0, 0, 1]",1,0,0,,0.5,4
3230,96fb513c-8861-11f1-a8cb-b48c9db4e1b4,7,"[1, 0, 0, 1]",2,0,0,,0.5,4
3231,96fb513c-8861-11f1-a8cb-b48c9db4e1b4,7,"[1, 0, 0, 1]",3,1,1,,0.5,4
3232,96fb513c-8861-11f1-a8cb-b48c9db4e1b4,8,"[1, 1, 0, 0]",0,1,1,,0.5,4
3233,96fb513c-8861-11f1-a8cb-b48c9db4e1b4,8,"[1, 1, 0, 0]",1,1,1,,0.5,4
3234,96fb513c-8861-11f1-a8cb-b48c9db4e1b4,8,"[1, 1, 0, 0]",2,0,0,,0.5,4
3235,96fb513c-8861-11f1-a8cb-b48c9db4e1b4,8,"[1, 1, 0, 0]",3,0,0,,0.5,4
3236,96fb513c-8861-11f1-a8cb-b48c9db4e1b4,9,"[0, 1, 1, 0]",0,0,0,,0.5,4
3237,96fb513c-8861-11f1-a8cb-b48c9db4e1b4,9,"[0, 1, 1, 0]",1,1,1,,0.5,4
3238,96fb513c-8861-11f1-a8cb-b48c9db4e1b4,9,"[0, 1, 1, 0]",2,1,1,,0.5,4
3239,96fb513c-8861-11f1-a8cb-b48c9db4e1b4,9,"[0, 1, 1, 0]",3,0,0,,0.5,4
3240,96fb513c-8861-11f1-a8cb-b48c9db4e1b4,10,"[0, 0, 1, 1]",0,0,0,,0.5,4
3241,96fb513c-8861-11f1-a8cb-b48c9db4e1b4,10,"[0, 0, 1, 1]",1,0,0,,0.5,4
3242,96fb513c-8861-11f1-a8cb-b48c9db4e1b4,10,"[0, 0, 1, 1]",2,1,1,,0.5,4
3243,96fb513c-8861-11f1-a8cb-b48c9db4e1b4,10,"[0, 0, 1, 1]",3,1,1,,0.5,4
3244,96fb513c-8861-11f1-a8cb-b48c9db4e1b4,11,"[1, 0, 0, 1]",0,1,1,,0.5,4
3245,96fb513c-8861-11f1-a8cb-b48c9db4e1b4,11,"[1, 0, 0, 1]",1,0,0,,0.5,4
3246,96fb513c-8861-11f1-a8cb-b48c9db4e1b4,11,"[1, 0, 0, 1]",2,0,0,,0.5,4
3247,96fb513c-8861-11f1-a8cb-b48c9db4e1b4,11,"[1, 0, 0, 1]",3,1,1,,0.5,4
3248,96fb513c-8861-11f1-a8cb-b48c9db4e1b4,12,"[1, 1, 0, 0]",0,1,1,,0.5,4
3249,96fb513c-8861-11f1-a8cb-b48c9db4e1b4,12,"[1, 1, 0, 0]",1,1,1,,0.5,4
3250,96fb513c-8861-11f1-a8cb-b48c9db4e1b4,12,"[1, 1, 0, 0]",2,0,0,,0.5,4
3251,96fb513c-8861-11f1-a8cb-b48c9db4e1b4,12,"[1, 1, 0, 0]",3,0,0,,0.5,4
3252,96fb513c-8861-11f1-a8cb-b48c9db4e1b4,13,"[0, 1, 1, 0]",0,0,0,,0.5,4
3253,96fb513c-8861-11f1-a8cb-b48c9db4e1b4,13,"[0, 1, 1, 0]",1,1,1,,0.5,4
3254,96fb513c-8861-11f1-a8cb-b48c9db4e1b4,13,"[0, 1, 1, 0]",2,1,1,,0.5,4
3255,96fb513c-8861-11f1-a8cb-b48c9db4e1b4,13,"[0, 1, 1, 0]",3,0,0,,0.5,4
3256,96fb513c-8861-11f1-a8cb-b48c9db4e1b4,14,"[0, 0, 1, 1]",0,0,0,,0.5,4
3257,96fb513c-8861-11f1-a8cb-b48c9db4e1b4,14,"[0, 0, 1, 1]",1,0,0,,0.5,4
3258,96fb513c-8861-11f1-a8cb-b48c9db4e1b4,14,"[0, 0, 1, 1]",2,1,1,,0.5,4
3259,96fb513c-8861-11f1-a8cb-b48c9db4e1b4,14,"[0, 0, 1, 1]",3,1,1,,0.5,4
3260,96fb513c-8861-11f1-a8cb-b48c9db4e1b4,15,"[1, 0, 0, 1]",0,1,1,,0.5,4
3261,96fb513c-8861-11f1-a8cb-b48c9db4e1b4,15,"[1, 0, 0, 1]",1,0,0,,0.5,4
3262,96fb513c-8861-11f1-a8cb-b48c9db4e1b4,15,"[1, 0, 0, 1]",2,0,0,,0.5,4
3263,96fb513c-8861-11f1-a8cb-b48c9db4e1b4,15,"[1, 0, 0, 1]",3,1,1,,0.5,4
3264,96fb513c-8861-11f1-a8cb-b48c9db4e1b4,16,"[1, 1, 0, 0]",0,1,1,,0.5,4
3265,96fb513c-8861-11f1-a8cb-b48c9db4e1b4,16,"[1, 1, 0, 0]",1,1,1,,0.5,4
3266,96fb513c-8861-11f1-a8cb-b48c9db4e1b4,16,"[1, 1, 0, 0]",2,0,0,,0.5,4
3267,96fb513c-8861-11f1-a8cb-b48c9db4e1b4,16,"[1, 1, 0, 0]",3,0,0,,0.5,4
3268,96fb513c-8861-11f1-a8cb-b48c9db4e1b4,17,"[0, 1, 1, 0]",0,0,0,,0.5,4
3269,96fb513c-8861-11f1-a8cb-b48c9db4e1b4,17,"[0, 1, 1, 0]",1,1,1,,0.5,4
3270,96fb513c-8861-11f1-a8cb-b48c9db4e1b4,17,"[0, 1, 1, 0]",2,1,1,,0.5,4
3271,96fb513c-8861-11f1-a8cb-b48c9db4e1b4,17,"[0, 1, 1, 0]",3,0,0,,0.5,4
3272,96fb513c-8861-11f1-a8cb-b48c9db4e1b4,18,"[0, 0, 1, 1]",0,0,0,,0.5,4
3273,96fb513c-8861-11f1-a8cb-b48c9db4e1b4,18,"[0, 0, 1, 1]",1,0,0,,0.5,4
3274,96fb513c-8861-11f1-a8cb-b48c9db4e1b4,18,"[0, 0, 1, 1]",2,1,1,,0.5,4
3275,96fb513c-8861-11f1-a8cb-b48c9db4e1b4,18,"[0, 0, 1, 1]",3,1,1,,0.5,4
3276,96fb513c-8861-11f1-a8cb-b48c9db4e1b4,19,"[1, 0, 0, 1]",0,1,1,,0.5,4
3277,96fb513c-8861-11f1-a8cb-b48c9db4e1b4,19,"[1, 0, 0, 1]",1,0,0,,0.5,4
3278,96fb513c-8861-11f1-a8cb-b48c9db4e1b4,19,"[1, 0, 0, 1]",2,0,0,,0.5,4
3279,96fb513c-8861-11f1-a8cb-b48c9db4e1b4,19,"[1, 0, 0, 1]",3,1,1,,0.5,4
3280,9700a242-8861-11f1-99be-b48c9db4e1b4,0,"[1, 0, 0, 1]",0,1,1,,0.5,4
3281,9700a242-8861-11f1-99be-b48c9db4e1b4,0,"[1, 0, 0, 1]",1,0,0,,0.5,4
3282,9700a242-8861-11f1-99be-b48c9db4e1b4,0,"[1, 0, 0, 1]",2,0,0,,0.5,4
3283,9700a242-8861-11f1-99be-b48c9db4e1b4,0,"[1, 0, 0, 1]",3,1,1,,0.5,4
3284,9700a242-8861-11f1-99be-b48c9db4e1b4,1,"[1, 1, 1, 0]",0,1,-1,,0.5,4
3285,9700a242-8861-11f1-99be-b48c9db4e1b4,1,"[1, 1, 1, 0]",1,1,-1,,0.5,4
3286,9700a242-8861-11f1-99be-b48c9db4e1b4,1,"[1, 1, 1, 0]",2,1,-1,,0.5,4
3287,9700a242-8861-11f1-99be-b48c9db4e1b4,1,"[1, 1, 1, 0]",3,0,0,,0.5,4
3288,9700a242-8861-11f1-99be-b48c9db4e1b4,2,"[0, 1, 1, 0]",0,0,0,,0.5,4
3289,9700a242-8861-11f1-99be-b48c9db4e1b4,2,"[0, 1, 1, 0]",1,1,1,,0.5,4
3290,9700a242-8861-11f1-99be-b48c9db4e1b4,2,"[0, 1, 1, 0]",2,1,1,,0.5,4
3291,9700a242-8861-11f1-99be-b48c9db4e1b4,2,"[0, 1, 1, 0]",3,0,0,,0.5,4
3292,9700a242-8861-11f1-99be-b48c9db4e1b4,3,"[0, 0, 1, 0]",0,0,0,,0.5,4
3293,9700a242-8861-11f1-99be-b48c9db4e1b4,3,"[0, 0, 1, 0]",1,0,0,,0.5,4
3294,9700a242-8861-11f1-99be-b48c9db4e1b4,3,"[0, 0, 1, 0]",2,1,1,,0.5,4
3295,9700a242-8861-11f1-99be-b48c9db4e1b4,3,"[0, 0, 1, 0]",3,0,0,,0.5,4
3296,9700a242-8861-11f1-99be-b48c9db4e1b4,4,"[1, 1, 1, 1]",0,1,-1,,0.5,4
3297,9700a242-8861-11f1-99be-b48c9db4e1b4,4,"[1, 1, 1, 1]",1,1,-1,,0.5,4
3298,9700a242-8861-11f1-99be-b48c9db4e1b4,4,"[1, 1, 1, 1]",2,1,-1,,0.5,4
3299,9700a242-8861-11f1-99be-b48c9db4e1b4,4,"[1, 1, 1, 1]",3,1,-1,,0.5,4
3300,9700a242-8861-11f1-99be-b48c9db4e1b4,5,"[0, 0, 1, 0]",0,0,0,,0.5,4
3301,9700a242-8861-11f1-99be-b48c9db4e1b4,5,"[0, 0, 1, 0]",1,0,0,,0.5,4
3302,9700a242-8861-11f1-99be-b48c9db4e1b4,5,"[0, 0, 1, 0]",2,1,1,,0.5,4
3303,9700a242-8861-11f1-99be-b48c9db4e1b4,5,"[0, 0, 1, 0]",3,0,0,,0.5,4
3304,9700a242-8861-11f1-99be-b48c9db4e1b4,6,"[0, 1, 1, 1]",0,0,0,,0.5,4
3305,9700a242-8861-11f1-99be-b48c9db4e1b4,6,"[0, 1, 1, 1]",1,1,-1,,0.5,4
3306,9700a242-8861-11f1-99be-b48c9db4e1b4,6,"[0, 1, 1, 1]",2,1,-1,,0.5,4
3307,9700a242-8861-11f1-99be-b48c9db4e1b4,6,"[0, 1, 1, 1]",3,1,-1,,0.5,4
3308,9700a242-8861-11f1-99be-b48c9db4e1b4,7,"[0, 1, 1, 1]",0,0,0,,0.5,4
3309,9700a242-8861-11f1-99be-b48c9db4e1b4,7,"[0, 1, 1, 1]",1,1,-1,,0.5,4
3310,9700a242-8861-11f1-99be-b48c9db4e1b4,7,"[0, 1, 1, 1]",2,1,-1,,0.5,4
3311,9700a242-8861-11f1-99be-b48c9db4e1b4,7,"[0, 1, 1, 1]",3,1,-1,,0.5,4
3312,9700a242-8861-11f1-99be-b48c9db4e1b4,8,"[0, 0, 0, 1]",0,0,0,,0.5,4
3313,9700a242-8861-11f1-99be-b48c9db4e1b4,8,"[0, 0, 0, 1]",1,0,0,,0.5,4
3314,9700a242-8861-11f1-99be-b48c9db4e1b4,8,"[0, 0, 0, 1]",2,0,0,,0.5,4
3315,9700a242-8861-11f1-99be-b48c9db4e1b4,8,"[0, 0, 0, 1]",3,1,1,,0.5,4
3316,9700a242-8861-11f1-99be-b48c9db4e1b4,9,"[1, 1, 0, 1]",0,1,-1,,0.5,4
3317,9700a242-8861-11f1-99be-b48c9db4e1b4,9,"[1, 1, 0, 1]",1,1,-1,,0.5,4
3318,9700a242-8861-11f1-99be-b48c9db4e1b4,9,"[1, 1, 0, 1]",2,0,0,,0.5,4
3319,9700a242-8861-11f1-99be-b48c9db4e1b4,9,"[1, 1, 0, 1]",3,1,-1,,0.5,4
3320,9700a242-8861-11f1-99be-b48c9db4e1b4,10,"[1, 1, 1, 0]",0,1,-1,,0.5,4
3321,9700a242-8861-11f1-99be-b48c9db4e1b4,10,"[1, 1, 1, 0]",1,1,-1,,0.5,4
3322,9700a242-8861-11f1-99be-b48c9db4e1b4,10,"[1, 1, 1, 0]",2,1,-1,,0.5,4
3323,9700a242-8861-11f1-99be-b48c9db4e1b4,10,"[1, 1, 1, 0]",3,0,0,,0.5,4
3324,9700a242-8861-11f1-99be-b48c9db4e1b4,11,"[0, 0, 1, 0]",0,0,0,,0.5,4
3325,9700a242-8861-11f1-99be-b48c9db4e1b4,11,"[0, 0, 1, 0]",1,0,0,,0.5,4
3326,9700a242-8861-11f1-99be-b48c9db4e1b4,11,"[0, 0, 1, 0]",2,1,1,,0.5,4
3327,9700a242-8861-11f1-99be-b48c9db4e1b4,11,"[0, 0, 1, 0]",3,0,0,,0.5,4
3328,9700a242-8861-11f1-99be-b48c9db4e1b4,12,"[0, 0, 1, 0]",0,0,0,,0.5,4
3329,9700a242-8861-11f1-99be-b48c9db4e1b4,12,"[0, 0, 1, 0]",1,0,0,,0.5,4
3330,9700a242-8861-11f1-99be-b48c9db4e1b4,12,"[0, 0, 1, 0]",2,1,1,,0.5,4
3331,9700a242-8861-11f1-99be-b48c9db4e1b4,12,"[0, 0, 1, 0]",3,0,0,,0.5,4
3332,9700a242-8861-11f1-99be-b48c9db4e1b4,13,"[1, 0, 0, 1]",0,1,1,,0.5,4
3333,9700a242-8861-11f1-99be-b48c9db4e1b4,13,"[1, 0, 0, 1]",1,0,0,,0.5,4
3334,9700a242-8861-11f1-99be-b48c9db4e1b4,13,"[1, 0, 0, 1]",2,0,0,,0.5,4
3335,9700a242-8861-11f1-99be-b48c9db4e1b4,13,"[1, 0, 0, 1]",3,1,1,,0.5,4
3336,9700a242-8861-11f1-99be-b48c9db4e1b4,14,"[1, 1, 0, 0]",0,1,1,,0.5,4
3337,9700a242-8861-11f1-99be-b48c9db4e1b4,14,"[1, 1, 0, 0]",1,1,1,,0.5,4
3338,9700a242-8861-11f1-99be-b48c9db4e1b4,14,"[1, 1, 0, 0]",2,0,0,,0.5,4
3339,9700a242-8861-11f1-99be-b48c9db4e1b4,14,"[1, 1, 0, 0]",3,0,0,,0.5,4
3340,9700a242-8861-11f1-99be-b48c9db4e1b4,15,"[0, 1, 1, 0]",0,0,0,,0.5,4
3341,9700a242-8861-11f1-99be-b48c9db4e1b4,15,"[0, 1, 1, 0]",1,1,1,,0.5,4
3342,9700a242-8861-11f1-99be-b48c9db4e1b4,15,"[0, 1, 1, 0]",2,1,1,,0.5,4
3343,9700a242-8861-11f1-99be-b48c9db4e1b4,15,"[0, 1, 1, 0]",3,0,0,,0.5,4
3344,9700a242-8861-11f1-99be-b48c9db4e1b4,16,"[0, 0, 1, 1]",0,0,0,,0.5,4
3345,9700a242-8861-11f1-99be-b48c9db4e1b4,16,"[0, 0, 1, 1]",1,0,0,,0.5,4
3346,9700a242-8861-11f1-99be-b48c9db4e1b4,16,"[0, 0, 1, 1]",2,1,1,,0.5,4
3347,9700a242-8861-11f1-99be-b48c9db4e1b4,16,"[0, 0, 1, 1]",3,1,1,,0.5,4
3348,9700a242-8861-11f1-99be-b48c9db4e1b4,17,"[1, 0, 0, 1]",0,1,1,,0.5,4
3349,9700a242-8861-11f1-99be-b48c9db4e1b4,17,"[1, 0, 0, 1]",1,0,0,,0.5,4
3350,9700a242-8861-11f1-99be-b48c9db4e1b4,17,"[1, 0, 0, 1]",2,0,0,,0.5,4
3351,9700a242-8861-11f1-99be-b48c9db4e1b4,17,"[1, 0, 0, 1]",3,1,1,,0.5,4
3352,9700a242-8861-11f1-99be-b48c9db4e1b4,18,"[1, 1, 0, 0]",0,1,1,,0.5,4
3353,9700a242-8861-11f1-99be-b48c9db4e1b4,18,"[1, 1, 0, 0]",1,1,1,,0.5,4
3354,9700a242-8861-11f1-99be-b48c9db4e1b4,18,"[1, 1, 0, 0]",2,0,0,,0.5,4
3355,9700a242-8861-11f1-99be-b48c9db4e1b4,18,"[1, 1, 0, 0]",3,0,0,,0.5,4
3356,9700a242-8861-11f1-99be-b48c9db4e1b4,19,"[0, 1, 1, 0]",0,0,0,,0.5,4
3357,9700a242-8861-11f1-99be-b48c9db4e1b4,19,"[0, 1, 1, 0]",1,1,1,,0.5,4
3358,9700a242-8861-11f1-99be-b48c9db4e1b4,19,"[0, 1, 1, 0]",2,1,1,,0.5,4
3359,9700a242-8861-11f1-99be-b48c9db4e1b4,19,"[0, 1, 1, 0]",3,0,0,,0.5,4
3360,9705807c-8861-11f1-8416-b48c9db4e1b4,0,"[1, 0, 1, 1]",0,1,-1,,0.5,4
3361,9705807c-8861-11f1-8416-b48c9db4e1b4,0,"[1, 0, 1, 1]",1,0,0,,0.5,4
3362,9705807c-8861-11f1-8416-b48c9db4e1b4,0,"[1, 0, 1, 1]",2,1,-1,,0.5,4
3363,9705807c-8861-11f1-8416-b48c9db4e1b4,0,"[1, 0, 1, 1]",3,1,-1,,0.5,4
3364,9705807c-8861-11f1-8416-b48c9db4e1b4,1,"[1, 0, 0, 1]",0,1,1,,0.5,4
3365,9705807c-8861-11f1-8416-b48c9db4e1b4,1,"[1, 0, 0, 1]",1,0,0,,0.5,4
3366,9705807c-8861-11f1-8416-b48c9db4e1b4,1,"[1, 0, 0, 1]",2,0,0,,0.5,4
3367,9705807c-8861-11f1-8416-b48c9db4e1b4,1,"[1, 0, 0, 1]",3,1,1,,0.5,4
3368,9705807c-8861-11f1-8416-b48c9db4e1b4,2,"[1, 1, 0, 0]",0,1,1,,0.5,4
3369,9705807c-8861-11f1-8416-b48c9db4e1b4,2,"[1, 1, 0, 0]",1,1,1,,0.5,4
3370,9705807c-8861-11f1-8416-b48c9db4e1b4,2,"[1, 1, 0, 0]",2,0,0,,0.5,4
3371,9705807c-8861-11f1-8416-b48c9db4e1b4,2,"[1, 1, 0, 0]",3,0,0,,0.5,4
3372,9705807c-8861-11f1-8416-b48c9db4e1b4,3,"[0, 1, 1, 0]",0,0,0,,0.5,4
3373,9705807c-8861-11f1-8416-b48c9db4e1b4,3,"[0, 1, 1, 0]",1,1,1,,0.5,4
3374,9705807c-8861-11f1-8416-b48c9db4e1b4,3,"[0, 1, 1, 0]",2,1,1,,0.5,4
3375,9705807c-8861-11f1-8416-b48c9db4e1b4,3,"[0, 1, 1, 0]",3,0,0,,0.5,4
3376,9705807c-8861-11f1-8416-b48c9db4e1b4,4,"[0, 0, 1, 1]",0,0,0,,0.5,4
3377,9705807c-8861-11f1-8416-b48c9db4e1b4,4,"[0, 0, 1, 1]",1,0,0,,0.5,4
3378,9705807c-8861-11f1-8416-b48c9db4e1b4,4,"[0, 0, 1, 1]",2,1,1,,0.5,4
3379,9705807c-8861-11f1-8416-b48c9db4e1b4,4,"[0, 0, 1, 1]",3,1,1,,0.5,4
3380,9705807c-8861-11f1-8416-b48c9db4e1b4,5,"[1, 0, 0, 1]",0,1,1,,0.5,4
3381,9705807c-8861-11f1-8416-b48c9db4e1b4,5,"[1, 0, 0, 1]",1,0,0,,0.5,4
3382,9705807c-8861-11f1-8416-b48c9db4e1b4,5,"[1, 0, 0, 1]",2,0,0,,0.5,4
3383,9705807c-8861-11f1-8416-b48c9db4e1b4,5,"[1, 0, 0, 1]",3,1,1,,0.5,4
3384,9705807c-8861-11f1-8416-b48c9db4e1b4,6,"[1, 1, 0, 0]",0,1,1,,0.5,4
3385,9705807c-8861-11f1-8416-b48c9db4e1b4,6,"[1, 1, 0, 0]",1,1,1,,0.5,4
3386,9705807c-8861-11f1-8416-b48c9db4e1b4,6,"[1, 1, 0, 0]",2,0,0,,0.5,4
3387,9705807c-8861-11f1-8416-b48c9db4e1b4,6,"[1, 1, 0, 0]",3,0,0,,0.5,4
3388,9705807c-8861-11f1-8416-b48c9db4e1b4,7,"[0, 1, 1, 0]",0,0,0,,0.5,4
3389,9705807c-8861-11f1-8416-b48c9db4e1b4,7,"[0, 1, 1, 0]",1,1,1,,0.5,4
3390,9705807c-8861-11f1-8416-b48c9db4e1b4,7,"[0, 1, 1, 0]",2,1,1,,0.5,4
3391,9705807c-8861-11f1-8416-b48c9db4e1b4,7,"[0, 1, 1, 0]",3,0,0,,0.5,4
3392,9705807c-8861-11f1-8416-b48c9db4e1b4,8,"[0, 0, 1, 1]",0,0,0,,0.5,4
3393,9705807c-8861-11f1-8416-b48c9db4e1b4,8,"[0, 0, 1, 1]",1,0,0,,0.5,4
3394,9705807c-8861-11f1-8416-b48c9db4e1b4,8,"[0, 0, 1, 1]",2,1,1,,0.5,4
3395,9705807c-8861-11f1-8416-b48c9db4e1b4,8,"[0, 0, 1, 1]",3,1,1,,0.5,4
3396,9705807c-8861-11f1-8416-b48c9db4e1b4,9,"[1, 0, 0, 1]",0,1,1,,0.5,4
3397,9705807c-8861-11f1-8416-b48c9db4e1b4,9,"[1, 0, 0, 1]",1,0,0,,0.5,4
3398,9705807c-8861-11f1-8416-b48c9db4e1b4,9,"[1, 0, 0, 1]",2,0,0,,0.5,4
3399,9705807c-8861-11f1-8416-b48c9db4e1b4,9,"[1, 0, 0, 1]",3,1,1,,0.5,4
3400,9705807c-8861-11f1-8416-b48c9db4e1b4,10,"[1, 1, 0, 0]",0,1,1,,0.5,4
3401,9705807c-8861-11f1-8416-b48c9db4e1b4,10,"[1, 1, 0, 0]",1,1,1,,0.5,4
3402,9705807c-8861-11f1-8416-b48c9db4e1b4,10,"[1, 1, 0, 0]",2,0,0,,0.5,4
3403,9705807c-8861-11f1-8416-b48c9db4e1b4,10,"[1, 1, 0, 0]",3,0,0,,0.5,4
3404,9705807c-8861-11f1-8416-b48c9db4e1b4,11,"[0, 1, 1, 0]",0,0,0,,0.5,4
3405,9705807c-8861-11f1-8416-b48c9db4e1b4,11,"[0, 1, 1, 0]",1,1,1,,0.5,4
3406,9705807c-8861-11f1-8416-b48c9db4e1b4,11,"[0, 1, 1, 0]",2,1,1,,0.5,4
3407,9705807c-8861-11f1-8416-b48c9db4e1b4,11,"[0, 1, 1, 0]",3,0,0,,0.5,4
3408,9705807c-8861-11f1-8416-b48c9db4e1b4,12,"[0, 0, 1, 1]",0,0,0,,0.5,4
3409,9705807c-8861-11f1-8416-b48c9db4e1b4,12,"[0, 0, 1, 1]",1,0,0,,0.5,4
3410,9705807c-8861-11f1-8416-b48c9db4e1b4,12,"[0, 0, 1, 1]",2,1,1,,0.5,4
3411,9705807c-8861-11f1-8416-b48c9db4e1b4,12,"[0, 0, 1, 1]",3,1,1,,0.5,4
3412,9705807c-8861-11f1-8416-b48c9db4e1b4,13,"[1, 0, 0, 1]",0,1,1,,0.5,4
3413,9705807c-8861-11f1-8416-b48c9db4e1b4,13,"[1, 0, 0, 1]",1,0,0,,0.5,4
3414,9705807c-8861-11f1-8416-b48c9db4e1b4,13,"[1, 0, 0, 1]",2,0,0,,0.5,4
3415,9705807c-8861-11f1-8416-b48c9db4e1b4,13,"[1, 0, 0, 1]",3,1,1,,0.5,4
3416,9705807c-8861-11f1-8416-b48c9db4e1b4,14,"[1, 1, 0, 0]",0,1,1,,0.5,4
3417,9705807c-8861-11f1-8416-b48c9db4e1b4,14,"[1, 1, 0, 0]",1,1,1,,0.5,4
3418,9705807c-8861-11f1-8416-b48c9db4e1b4,14,"[1, 1, 0, 0]",2,0,0,,0.5,4
3419,9705807c-8861-11f1-8416-b48c9db4e1b4,14,"[1, 1, 0, 0]",3,0,0,,0.5,4
3420,9705807c-8861-11f1-8416-b48c9db4e1b4,15,"[0, 1, 1, 0]",0,0,0,,0.5,4
3421,9705807c-8861-11f1-8416-b48c9db4e1b4,15,"[0, 1, 1, 0]",1,1,1,,0.5,4
3422,9705807c-8861-11f1-8416-b48c9db4e1b4,15,"[0, 1, 1, 0]",2,1,1,,0.5,4
3423,9705807c-8861-11f1-8416-b48c9db4e1b4,15,"[0, 1, 1, 0]",3,0,0,,0.5,4
3424,9705807c-8861-11f1-8416-b48c9db4e1b4,16,"[0, 0, 1, 1]",0,0,0,,0.5,4
3425,9705807c-8861-11f1-8416-b48c9db4e1b4,16,"[0, 0, 1, 1]",1,0,0,,0.5,4
3426,9705807c-8861-11f1-8416-b48c9db4e1b4,16,"[0, 0, 1, 1]",2,1,1,,0.5,4
3427,9705807c-8861-11f1-8416-b48c9db4e1b4,16,"[0, 0, 1, 1]",3,1,1,,0.5,4
3428,9705807c-8861-11f1-8416-b48c9db4e1b4,17,"[1, 0, 0, 1]",0,1,1,,0.5,4
3429,9705807c-8861-11f1-8416-b48c9db4e1b4,17,"[1, 0, 0, 1]",1,0,0,,0.5,4
3430,9705807c-8861-11f1-8416-b48c9db4e1b4,17,"[1, 0, 0, 1]",2,0,0,,0.5,4
3431,9705807c-8861-11f1-8416-b48c9db4e1b4,17,"[1, 0, 0, 1]",3,1,1,,0.5,4
3432,9705807c-8861-11f1-8416-b48c9db4e1b4,18,"[1, 1, 0, 0]",0,1,1,,0.5,4
3433,9705807c-8861-11f1-8416-b48c9db4e1b4,18,"[1, 1, 0, 0]",1,1,1,,0.5,4
3434,9705807c-8861-11f1-8416-b48c9db4e1b4,18,"[1, 1, 0, 0]",2,0,0,,0.5,4
3435,9705807c-8861-11f1-8416-b48c9db4e1b4,18,"[1, 1, 0, 0]",3,0,0,,0.5,4
3436,9705807c-8861-11f1-8416-b48c9db4e1b4,19,"[0, 1, 1, 0]",0,0,0,,0.5,4
3437,9705807c-8861-11f1-8416-b48c9db4e1b4,19,"[0, 1, 1, 0]",1,1,1,,0.5,4
3438,9705807c-8861-11f1-8416-b48c9db4e1b4,19,"[0, 1, 1, 0]",2,1,1,,0.5,4
3439,9705807c-8861-11f1-8416-b48c9db4e1b4,19,"[0, 1, 1, 0]",3,0,0,,0.5,4
3440,970aca34-8861-11f1-ba1d-b48c9db4e1b4,0,"[0, 0, 1, 1]",0,0,0,,0.5,4
3441,970aca34-8861-11f1-ba1d-b48c9db4e1b4,0,"[0, 0, 1, 1]",1,0,0,,0.5,4
3442,970aca34-8861-11f1-ba1d-b48c9db4e1b4,0,"[0, 0, 1, 1]",2,1,1,,0.5,4
3443,970aca34-8861-11f1-ba1d-b48c9db4e1b4,0,"[0, 0, 1, 1]",3,1,1,,0.5,4
3444,970aca34-8861-11f1-ba1d-b48c9db4e1b4,1,"[1, 0, 0, 1]",0,1,1,,0.5,4
3445,970aca34-8861-11f1-ba1d-b48c9db4e1b4,1,"[1, 0, 0, 1]",1,0,0,,0.5,4
3446,970aca34-8861-11f1-ba1d-b48c9db4e1b4,1,"[1, 0, 0, 1]",2,0,0,,0.5,4
3447,970aca34-8861-11f1-ba1d-b48c9db4e1b4,1,"[1, 0, 0, 1]",3,1,1,,0.5,4
3448,970aca34-8861-11f1-ba1d-b48c9db4e1b4,2,"[1, 1, 0, 0]",0,1,1,,0.5,4
3449,970aca34-8861-11f1-ba1d-b48c9db4e1b4,2,"[1, 1, 0, 0]",1,1,1,,0.5,4
3450,970aca34-8861-11f1-ba1d-b48c9db4e1b4,2,"[1, 1, 0, 0]",2,0,0,,0.5,4
3451,970aca34-8861-11f1-ba1d-b48c9db4e1b4,2,"[1, 1, 0, 0]",3,0,0,,0.5,4
3452,970aca34-8861-11f1-ba1d-b48c9db4e1b4,3,"[0, 1, 1, 0]",0,0,0,,0.5,4
3453,970aca34-8861-11f1-ba1d-b48c9db4e1b4,3,"[0, 1, 1, 0]",1,1,1,,0.5,4
3454,970aca34-8861-11f1-ba1d-b48c9db4e1b4,3,"[0, 1, 1, 0]",2,1,1,,0.5,4
3455,970aca34-8861-11f1-ba1d-b48c9db4e1b4,3,"[0, 1, 1, 0]",3,0,0,,0.5,4
3456,970aca34-8861-11f1-ba1d-b48c9db4e1b4,4,"[0, 0, 1, 1]",0,0,0,,0.5,4
3457,970aca34-8861-11f1-ba1d-b48c9db4e1b4,4,"[0, 0, 1, 1]",1,0,0,,0.5,4
3458,970aca34-8861-11f1-ba1d-b48c9db4e1b4,4,"[0, 0, 1, 1]",2,1,1,,0.5,4
3459,970aca34-8861-11f1-ba1d-b48c9db4e1b4,4,"[0, 0, 1, 1]",3,1,1,,0.5,4
3460,970aca34-8861-11f1-ba1d-b48c9db4e1b4,5,"[1, 0, 0, 1]",0,1,1,,0.5,4
3461,970aca34-8861-11f1-ba1d-b48c9db4e1b4,5,"[1, 0, 0, 1]",1,0,0,,0.5,4
3462,970aca34-8861-11f1-ba1d-b48c9db4e1b4,5,"[1, 0, 0, 1]",2,0,0,,0.5,4
3463,970aca34-8861-11f1-ba1d-b48c9db4e1b4,5,"[1, 0, 0, 1]",3,1,1,,0.5,4
3464,970aca34-8861-11f1-ba1d-b48c9db4e1b4,6,"[1, 1, 0, 0]",0,1,1,,0.5,4
3465,970aca34-8861-11f1-ba1d-b48c9db4e1b4,6,"[1, 1, 0, 0]",1,1,1,,0.5,4
3466,970aca34-8861-11f1-ba1d-b48c9db4e1b4,6,"[1, 1, 0, 0]",2,0,0,,0.5,4
3467,970aca34-8861-11f1-ba1d-b48c9db4e1b4,6,"[1, 1, 0, 0]",3,0,0,,0.5,4
3468,970aca34-8861-11f1-ba1d-b48c9db4e1b4,7,"[0, 1, 1, 0]",0,0,0,,0.5,4
3469,970aca34-8861-11f1-ba1d-b48c9db4e1b4,7,"[0, 1, 1, 0]",1,1,1,,0.5,4
3470,970aca34-8861-11f1-ba1d-b48c9db4e1b4,7,"[0, 1, 1, 0]",2,1,1,,0.5,4
3471,970aca34-8861-11f1-ba1d-b48c9db4e1b4,7,"[0, 1, 1, 0]",3,0,0,,0.5,4
3472,970aca34-8861-11f1-ba1d-b48c9db4e1b4,8,"[0, 0, 1, 1]",0,0,0,,0.5,4
3473,970aca34-8861-11f1-ba1d-b48c9db4e1b4,8,"[0, 0, 1, 1]",1,0,0,,0.5,4
3474,970aca34-8861-11f1-ba1d-b48c9db4e1b4,8,"[0, 0, 1, 1]",2,1,1,,0.5,4
3475,970aca34-8861-11f1-ba1d-b48c9db4e1b4,8,"[0, 0, 1, 1]",3,1,1,,0.5,4
3476,970aca34-8861-11f1-ba1d-b48c9db4e1b4,9,"[1, 0, 0, 1]",0,1,1,,0.5,4
3477,970aca34-8861-11f1-ba1d-b48c9db4e1b4,9,"[1, 0, 0, 1]",1,0,0,,0.5,4
3478,970aca34-8861-11f1-ba1d-b48c9db4e1b4,9,"[1, 0, 0, 1]",2,0,0,,0.5,4
3479,970aca34-8861-11f1-ba1d-b48c9db4e1b4,9,"[1, 0, 0, 1]",3,1,1,,0.5,4
3480,970aca34-8861-11f1-ba1d-b48c9db4e1b4,10,"[1, 1, 0, 0]",0,1,1,,0.5,4
3481,970aca34-8861-11f1-ba1d-b48c9db4e1b4,10,"[1, 1, 0, 0]",1,1,1,,0.5,4
3482,970aca34-8861-11f1-ba1d-b48c9db4e1b4,10,"[1, 1, 0, 0]",2,0,0,,0.5,4
3483,970aca34-8861-11f1-ba1d-b48c9db4e1b4,10,"[1, 1, 0, 0]",3,0,0,,0.5,4
3484,970aca34-8861-11f1-ba1d-b48c9db4e1b4,11,"[0, 1, 1, 0]",0,0,0,,0.5,4
3485,970aca34-8861-11f1-ba1d-b48c9db4e1b4,11,"[0, 1, 1, 0]",1,1,1,,0.5,4
3486,970aca34-8861-11f1-ba1d-b48c9db4e1b4,11,"[0, 1, 1, 0]",2,1,1,,0.5,4
3487,970aca34-8861-11f1-ba1d-b48c9db4e1b4,11,"[0, 1, 1, 0]",3,0,0,,0.5,4
3488,970aca34-8861-11f1-ba1d-b48c9db4e1b4,12,"[0, 0, 1, 1]",0,0,0,,0.5,4
3489,970aca34-8861-11f1-ba1d-b48c9db4e1b4,12,"[0, 0, 1, 1]",1,0,0,,0.5,4
3490,970aca34-8861-11f1-ba1d-b48c9db4e1b4,12,"[0, 0, 1, 1]",2,1,1,,0.5,4
3491,970aca34-8861-11f1-ba1d-b48c9db4e1b4,12,"[0, 0, 1, 1]",3,1,1,,0.5,4
3492,970aca34-8861-11f1-ba1d-b48c9db4e1b4,13,"[1, 0, 0, 1]",0,1,1,,0.5,4
3493,970aca34-8861-11f1-ba1d-b48c9db4e1b4,13,"[1, 0, 0, 1]",1,0,0,,0.5,4
3494,970aca34-8861-11f1-ba1d-b48c9db4e1b4,13,"[1, 0, 0, 1]",2,0,0,,0.5,4
3495,970aca34-8861-11f1-ba1d-b48c9db4e1b4,13,"[1, 0, 0, 1]",3,1,1,,0.5,4
3496,970aca34-8861-11f1-ba1d-b48c9db4e1b4,14,"[1, 1, 0, 0]",0,1,1,,0.5,4
3497,970aca34-8861-11f1-ba1d-b48c9db4e1b4,14,"[1, 1, 0, 0]",1,1,1,,0.5,4
3498,970aca34-8861-11f1-ba1d-b48c9db4e1b4,14,"[1, 1, 0, 0]",2,0,0,,0.5,4
3499,970aca34-8861-11f1-ba1d-b48c9db4e1b4,14,"[1, 1, 0, 0]",3,0,0,,0.5,4
3500,970aca34-8861-11f1-ba1d-b48c9db4e1b4,15,"[0, 1, 1, 0]",0,0,0,,0.5,4
3501,970aca34-8861-11f1-ba1d-b48c9db4e1b4,15,"[0, 1, 1, 0]",1,1,1,,0.5,4
3502,970aca34-8861-11f1-ba1d-b48c9db4e1b4,15,"[0, 1, 1, 0]",2,1,1,,0.5,4
3503,970aca34-8861-11f1-ba1d-b48c9db4e1b4,15,"[0, 1, 1, 0]",3,0,0,,0.5,4
3504,970aca34-8861-11f1-ba1d-b48c9db4e1b4,16,"[0, 0, 1, 1]",0,0,0,,0.5,4
3505,970aca34-8861-11f1-ba1d-b48c9db4e1b4,16,"[0, 0, 1, 1]",1,0,0,,0.5,4
3506,970aca34-8861-11f1-ba1d-b48c9db4e1b4,16,"[0, 0, 1, 1]",2,1,1,,0.5,4
3507,970aca34-8861-11f1-ba1d-b48c9db4e1b4,16,"[0, 0, 1, 1]",3,1,1,,0.5,4
3508,970aca34-8861-11f1-ba1d-b48c9db4e1b4,17,"[1, 0, 0, 1]",0,1,1,,0.5,4
3509,970aca34-8861-11f1-ba1d-b48c9db4e1b4,17,"[1, 0, 0, 1]",1,0,0,,0.5,4
3510,970aca34-8861-11f1-ba1d-b48c9db4e1b4,17,"[1, 0, 0, 1]",2,0,0,,0.5,4
3511,970aca34-8861-11f1-ba1d-b48c9db4e1b4,17,"[1, 0, 0, 1]",3,1,1,,0.5,4
3512,970aca34-8861-11f1-ba1d-b48c9db4e1b4,18,"[1, 1, 0, 0]",0,1,1,,0.5,4
3513,970aca34-8861-11f1-ba1d-b48c9db4e1b4,18,"[1, 1, 0, 0]",1,1,1,,0.5,4
3514,970aca34-8861-11f1-ba1d-b48c9db4e1b4,18,"[1, 1, 0, 0]",2,0,0,,0.5,4
3515,970aca34-8861-11f1-ba1d-b48c9db4e1b4,18,"[1, 1, 0, 0]",3,0,0,,0.5,4
3516,970aca34-8861-11f1-ba1d-b48c9db4e1b4,19,"[0, 1, 1, 0]",0,0,0,,0.5,4
3517,970aca34-8861-11f1-ba1d-b48c9db4e1b4,19,"[0, 1, 1, 0]",1,1,1,,0.5,4
3518,970aca34-8861-11f1-ba1d-b48c9db4e1b4,19,"[0, 1, 1, 0]",2,1,1,,0.5,4
3519,970aca34-8861-11f1-ba1d-b48c9db4e1b4,19,"[0, 1, 1, 0]",3,0,0,,0.5,4
3520,970fb879-8861-11f1-93f8-b48c9db4e1b4,0,"[1, 0, 1, 0]",0,1,1,,0.5,4
3521,970fb879-8861-11f1-93f8-b48c9db4e1b4,0,"[1, 0, 1, 0]",1,0,0,,0.5,4
3522,970fb879-8861-11f1-93f8-b48c9db4e1b4,0,"[1, 0, 1, 0]",2,1,1,,0.5,4
3523,970fb879-8861-11f1-93f8-b48c9db4e1b4,0,"[1, 0, 1, 0]",3,0,0,,0.5,4
3524,970fb879-8861-11f1-93f8-b48c9db4e1b4,1,"[1, 0, 1, 0]",0,1,1,,0.5,4
3525,970fb879-8861-11f1-93f8-b48c9db4e1b4,1,"[1, 0, 1, 0]",1,0,0,,0.5,4
3526,970fb879-8861-11f1-93f8-b48c9db4e1b4,1,"[1, 0, 1, 0]",2,1,1,,0.5,4
3527,970fb879-8861-11f1-93f8-b48c9db4e1b4,1,"[1, 0, 1, 0]",3,0,0,,0.5,4
3528,970fb879-8861-11f1-93f8-b48c9db4e1b4,2,"[0, 1, 1, 1]",0,0,0,,0.5,4
3529,970fb879-8861-11f1-93f8-b48c9db4e1b4,2,"[0, 1, 1, 1]",1,1,-1,,0.5,4
3530,970fb879-8861-11f1-93f8-b48c9db4e1b4,2,"[0, 1, 1, 1]",2,1,-1,,0.5,4
3531,970fb879-8861-11f1-93f8-b48c9db4e1b4,2,"[0, 1, 1, 1]",3,1,-1,,0.5,4
3532,970fb879-8861-11f1-93f8-b48c9db4e1b4,3,"[0, 1, 1, 0]",0,0,0,,0.5,4
3533,970fb879-8861-11f1-93f8-b48c9db4e1b4,3,"[0, 1, 1, 0]",1,1,1,,0.5,4
3534,970fb879-8861-11f1-93f8-b48c9db4e1b4,3,"[0, 1, 1, 0]",2,1,1,,0.5,4
3535,970fb879-8861-11f1-93f8-b48c9db4e1b4,3,"[0, 1, 1, 0]",3,0,0,,0.5,4
3536,970fb879-8861-11f1-93f8-b48c9db4e1b4,4,"[0, 1, 1, 0]",0,0,0,,0.5,4
3537,970fb879-8861-11f1-93f8-b48c9db4e1b4,4,"[0, 1, 1, 0]",1,1,1,,0.5,4
3538,970fb879-8861-11f1-93f8-b48c9db4e1b4,4,"[0, 1, 1, 0]",2,1,1,,0.5,4
3539,970fb879-8861-11f1-93f8-b48c9db4e1b4,4,"[0, 1, 1, 0]",3,0,0,,0.5,4
3540,970fb879-8861-11f1-93f8-b48c9db4e1b4,5,"[0, 1, 1, 0]",0,0,0,,0.5,4
3541,970fb879-8861-11f1-93f8-b48c9db4e1b4,5,"[0, 1, 1, 0]",1,1,1,,0.5,4
3542,970fb879-8861-11f1-93f8-b48c9db4e1b4,5,"[0, 1, 1, 0]",2,1,1,,0.5,4
3543,970fb879-8861-11f1-93f8-b48c9db4e1b4,5,"[0, 1, 1, 0]",3,0,0,,0.5,4
3544,970fb879-8861-11f1-93f8-b48c9db4e1b4,6,"[0, 1, 1, 0]",0,0,0,,0.5,4
3545,970fb879-8861-11f1-93f8-b48c9db4e1b4,6,"[0, 1, 1, 0]",1,1,1,,0.5,4
3546,970fb879-8861-11f1-93f8-b48c9db4e1b4,6,"[0, 1, 1, 0]",2,1,1,,0.5,4
3547,970fb879-8861-11f1-93f8-b48c9db4e1b4,6,"[0, 1, 1, 0]",3,0,0,,0.5,4
3548,970fb879-8861-11f1-93f8-b48c9db4e1b4,7,"[0, 1, 1, 0]",0,0,0,,0.5,4
3549,970fb879-8861-11f1-93f8-b48c9db4e1b4,7,"[0, 1, 1, 0]",1,1,1,,0.5,4
3550,970fb879-8861-11f1-93f8-b48c9db4e1b4,7,"[0, 1, 1, 0]",2,1,1,,0.5,4
3551,970fb879-8861-11f1-93f8-b48c9db4e1b4,7,"[0, 1, 1, 0]",3,0,0,,0.5,4
3552,970fb879-8861-11f1-93f8-b48c9db4e1b4,8,"[0, 1, 1, 0]",0,0,0,,0.5,4
3553,970fb879-8861-11f1-93f8-b48c9db4e1b4,8,"[0, 1, 1, 0]",1,1,1,,0.5,4
3554,970fb879-8861-11f1-93f8-b48c9db4e1b4,8,"[0, 1, 1, 0]",2,1,1,,0.5,4
3555,970fb879-8861-11f1-93f8-b48c9db4e1b4,8,"[0, 1, 1, 0]",3,0,0,,0.5,4
3556,970fb879-8861-11f1-93f8-b48c9db4e1b4,9,"[0, 1, 1, 0]",0,0,0,,0.5,4
3557,970fb879-8861-11f1-93f8-b48c9db4e1b4,9,"[0, 1, 1, 0]",1,1,1,,0.5,4
3558,970fb879-8861-11f1-93f8-b48c9db4e1b4,9,"[0, 1, 1, 0]",2,1,1,,0.5,4
3559,970fb879-8861-11f1-93f8-b48c9db4e1b4,9,"[0, 1, 1, 0]",3,0,0,,0.5,4
3560,970fb879-8861-11f1-93f8-b48c9db4e1b4,10,"[0, 1, 1, 0]",0,0,0,,0.5,4
3561,970fb879-8861-11f1-93f8-b48c9db4e1b4,10,"[0, 1, 1, 0]",1,1,1,,0.5,4
3562,970fb879-8861-11f1-93f8-b48c9db4e1b4,10,"[0, 1, 1, 0]",2,1,1,,0.5,4
3563,970fb879-8861-11f1-93f8-b48c9db4e1b4,10,"[0, 1, 1, 0]",3,0,0,,0.5,4
3564,970fb879-8861-11f1-93f8-b48c9db4e1b4,11,"[0, 1, 1, 0]",0,0,0,,0.5,4
3565,970fb879-8861-11f1-93f8-b48c9db4e1b4,11,"[0, 1, 1, 0]",1,1,1,,0.5,4
3566,970fb879-8861-11f1-93f8-b48c9db4e1b4,11,"[0, 1, 1, 0]",2,1,1,,0.5,4
3567,970fb879-8861-11f1-93f8-b48c9db4e1b4,11,"[0, 1, 1, 0]",3,0,0,,0.5,4
3568,970fb879-8861-11f1-93f8-b48c9db4e1b4,12,"[0, 1, 1, 0]",0,0,0,,0.5,4
3569,970fb879-8861-11f1-93f8-b48c9db4e1b4,12,"[0, 1, 1, 0]",1,1,1,,0.5,4
3570,970fb879-8861-11f1-93f8-b48c9db4e1b4,12,"[0, 1, 1, 0]",2,1,1,,0.5,4
3571,970fb879-8861-11f1-93f8-b48c9db4e1b4,12,"[0, 1, 1, 0]",3,0,0,,0.5,4
3572,970fb879-8861-11f1-93f8-b48c9db4e1b4,13,"[0, 1, 1, 0]",0,0,0,,0.5,4
3573,970fb879-8861-11f1-93f8-b48c9db4e1b4,13,"[0, 1, 1, 0]",1,1,1,,0.5,4
3574,970fb879-8861-11f1-93f8-b48c9db4e1b4,13,"[0, 1, 1, 0]",2,1,1,,0.5,4
3575,970fb879-8861-11f1-93f8-b48c9db4e1b4,13,"[0, 1, 1, 0]",3,0,0,,0.5,4
3576,970fb879-8861-11f1-93f8-b48c9db4e1b4,14,"[0, 1, 1, 0]",0,0,0,,0.5,4
3577,970fb879-8861-11f1-93f8-b48c9db4e1b4,14,"[0, 1, 1, 0]",1,1,1,,0.5,4
3578,970fb879-8861-11f1-93f8-b48c9db4e1b4,14,"[0, 1, 1, 0]",2,1,1,,0.5,4
3579,970fb879-8861-11f1-93f8-b48c9db4e1b4,14,"[0, 1, 1, 0]",3,0,0,,0.5,4
3580,970fb879-8861-11f1-93f8-b48c9db4e1b4,15,"[0, 1, 1, 0]",0,0,0,,0.5,4
3581,970fb879-8861-11f1-93f8-b48c9db4e1b4,15,"[0, 1, 1, 0]",1,1,1,,0.5,4
3582,970fb879-8861-11f1-93f8-b48c9db4e1b4,15,"[0, 1, 1, 0]",2,1,1,,0.5,4
3583,970fb879-8861-11f1-93f8-b48c9db4e1b4,15,"[0, 1, 1, 0]",3,0,0,,0.5,4
3584,970fb879-8861-11f1-93f8-b48c9db4e1b4,16,"[0, 1, 1, 0]",0,0,0,,0.5,4
3585,970fb879-8861-11f1-93f8-b48c9db4e1b4,16,"[0, 1, 1, 0]",1,1,1,,0.5,4
3586,970fb879-8861-11f1-93f8-b48c9db4e1b4,16,"[0, 1, 1, 0]",2,1,1,,0.5,4
3587,970fb879-8861-11f1-93f8-b48c9db4e1b4,16,"[0, 1, 1, 0]",3,0,0,,0.5,4
3588,970fb879-8861-11f1-93f8-b48c9db4e1b4,17,"[0, 1, 1, 0]",0,0,0,,0.5,4
3589,970fb879-8861-11f1-93f8-b48c9db4e1b4,17,"[0, 1, 1, 0]",1,1,1,,0.5,4
3590,970fb879-8861-11f1-93f8-b48c9db4e1b4,17,"[0, 1, 1, 0]",2,1,1,,0.5,4
3591,970fb879-8861-11f1-93f8-b48c9db4e1b4,17,"[0, 1, 1, 0]",3,0,0,,0.5,4
3592,970fb879-8861-11f1-93f8-b48c9db4e1b4,18,"[0, 1, 1, 0]",0,0,0,,0.5,4
3593,970fb879-8861-11f1-93f8-b48c9db4e1b4,18,"[0, 1, 1, 0]",1,1,1,,0.5,4
3594,970fb879-8861-11f1-93f8-b48c9db4e1b4,18,"[0, 1, 1, 0]",2,1,1,,0.5,4
3595,970fb879-8861-11f1-93f8-b48c9db4e1b4,18,"[0, 1, 1, 0]",3,0,0,,0.5,4
3596,970fb879-8861-11f1-93f8-b48c9db4e1b4,19,"[0, 1, 1, 0]",0,0,0,,0.5,4
3597,970fb879-8861-11f1-93f8-b48c9db4e1b4,19,"[0, 1, 1, 0]",1,1,1,,0.5,4
3598,970fb879-8861-11f1-93f8-b48c9db4e1b4,19,"[0, 1, 1, 0]",2,1,1,,0.5,4
3599,970fb879-8861-11f1-93f8-b48c9db4e1b4,19,"[0, 1, 1, 0]",3,0,0,,0.5,4
3600,9714a1af-8861-11f1-a31b-b48c9db4e1b4,0,"[0, 0, 0, 1]",0,0,0,,0.5,4
3601,9714a1af-8861-11f1-a31b-b48c9db4e1b4,0,"[0, 0, 0, 1]",1,0,0,,0.5,4
3602,9714a1af-8861-11f1-a31b-b48c9db4e1b4,0,"[0, 0, 0, 1]",2,0,0,,0.5,4
3603,9714a1af-8861-11f1-a31b-b48c9db4e1b4,0,"[0, 0, 0, 1]",3,1,1,,0.5,4
3604,9714a1af-8861-11f1-a31b-b48c9db4e1b4,1,"[1, 0, 0, 1]",0,1,1,,0.5,4
3605,9714a1af-8861-11f1-a31b-b48c9db4e1b4,1,"[1, 0, 0, 1]",1,0,0,,0.5,4
3606,9714a1af-8861-11f1-a31b-b48c9db4e1b4,1,"[1, 0, 0, 1]",2,0,0,,0.5,4
3607,9714a1af-8861-11f1-a31b-b48c9db4e1b4,1,"[1, 0, 0, 1]",3,1,1,,0.5,4
3608,9714a1af-8861-11f1-a31b-b48c9db4e1b4,2,"[1, 1, 0, 0]",0,1,1,,0.5,4
3609,9714a1af-8861-11f1-a31b-b48c9db4e1b4,2,"[1, 1, 0, 0]",1,1,1,,0.5,4
3610,9714a1af-8861-11f1-a31b-b48c9db4e1b4,2,"[1, 1, 0, 0]",2,0,0,,0.5,4
3611,9714a1af-8861-11f1-a31b-b48c9db4e1b4,2,"[1, 1, 0, 0]",3,0,0,,0.5,4
3612,9714a1af-8861-11f1-a31b-b48c9db4e1b4,3,"[0, 1, 1, 0]",0,0,0,,0.5,4
3613,9714a1af-8861-11f1-a31b-b48c9db4e1b4,3,"[0, 1, 1, 0]",1,1,1,,0.5,4
3614,9714a1af-8861-11f1-a31b-b48c9db4e1b4,3,"[0, 1, 1, 0]",2,1,1,,0.5,4
3615,9714a1af-8861-11f1-a31b-b48c9db4e1b4,3,"[0, 1, 1, 0]",3,0,0,,0.5,4
3616,9714a1af-8861-11f1-a31b-b48c9db4e1b4,4,"[0, 0, 1, 1]",0,0,0,,0.5,4
3617,9714a1af-8861-11f1-a31b-b48c9db4e1b4,4,"[0, 0, 1, 1]",1,0,0,,0.5,4
3618,9714a1af-8861-11f1-a31b-b48c9db4e1b4,4,"[0, 0, 1, 1]",2,1,1,,0.5,4
3619,9714a1af-8861-11f1-a31b-b48c9db4e1b4,4,"[0, 0, 1, 1]",3,1,1,,0.5,4
3620,9714a1af-8861-11f1-a31b-b48c9db4e1b4,5,"[1, 0, 0, 1]",0,1,1,,0.5,4
3621,9714a1af-8861-11f1-a31b-b48c9db4e1b4,5,"[1, 0, 0, 1]",1,0,0,,0.5,4
3622,9714a1af-8861-11f1-a31b-b48c9db4e1b4,5,"[1, 0, 0, 1]",2,0,0,,0.5,4
3623,9714a1af-8861-11f1-a31b-b48c9db4e1b4,5,"[1, 0, 0, 1]",3,1,1,,0.5,4
3624,9714a1af-8861-11f1-a31b-b48c9db4e1b4,6,"[1, 1, 0, 0]",0,1,1,,0.5,4
3625,9714a1af-8861-11f1-a31b-b48c9db4e1b4,6,"[1, 1, 0, 0]",1,1,1,,0.5,4
3626,9714a1af-8861-11f1-a31b-b48c9db4e1b4,6,"[1, 1, 0, 0]",2,0,0,,0.5,4
3627,9714a1af-8861-11f1-a31b-b48c9db4e1b4,6,"[1, 1, 0, 0]",3,0,0,,0.5,4
3628,9714a1af-8861-11f1-a31b-b48c9db4e1b4,7,"[0, 1, 1, 0]",0,0,0,,0.5,4
3629,9714a1af-8861-11f1-a31b-b48c9db4e1b4,7,"[0, 1, 1, 0]",1,1,1,,0.5,4
3630,9714a1af-8861-11f1-a31b-b48c9db4e1b4,7,"[0, 1, 1, 0]",2,1,1,,0.5,4
3631,9714a1af-8861-11f1-a31b-b48c9db4e1b4,7,"[0, 1, 1, 0]",3,0,0,,0.5,4
3632,9714a1af-8861-11f1-a31b-b48c9db4e1b4,8,"[0, 0, 1, 1]",0,0,0,,0.5,4
3633,9714a1af-8861-11f1-a31b-b48c9db4e1b4,8,"[0, 0, 1, 1]",1,0,0,,0.5,4
3634,9714a1af-8861-11f1-a31b-b48c9db4e1b4,8,"[0, 0, 1, 1]",2,1,1,,0.5,4
3635,9714a1af-8861-11f1-a31b-b48c9db4e1b4,8,"[0, 0, 1, 1]",3,1,1,,0.5,4
3636,9714a1af-8861-11f1-a31b-b48c9db4e1b4,9,"[1, 0, 0, 1]",0,1,1,,0.5,4
3637,9714a1af-8861-11f1-a31b-b48c9db4e1b4,9,"[1, 0, 0, 1]",1,0,0,,0.5,4
3638,9714a1af-8861-11f1-a31b-b48c9db4e1b4,9,"[1, 0, 0, 1]",2,0,0,,0.5,4
3639,9714a1af-8861-11f1-a31b-b48c9db4e1b4,9,"[1, 0, 0, 1]",3,1,1,,0.5,4
3640,9714a1af-8861-11f1-a31b-b48c9db4e1b4,10,"[1, 1, 0, 0]",0,1,1,,0.5,4
3641,9714a1af-8861-11f1-a31b-b48c9db4e1b4,10,"[1, 1, 0, 0]",1,1,1,,0.5,4
3642,9714a1af-8861-11f1-a31b-b48c9db4e1b4,10,"[1, 1, 0, 0]",2,0,0,,0.5,4
3643,9714a1af-8861-11f1-a31b-b48c9db4e1b4,10,"[1, 1, 0, 0]",3,0,0,,0.5,4
3644,9714a1af-8861-11f1-a31b-b48c9db4e1b4,11,"[0, 1, 1, 0]",0,0,0,,0.5,4
3645,9714a1af-8861-11f1-a31b-b48c9db4e1b4,11,"[0, 1, 1, 0]",1,1,1,,0.5,4
3646,9714a1af-8861-11f1-a31b-b48c9db4e1b4,11,"[0, 1, 1, 0]",2,1,1,,0.5,4
3647,9714a1af-8861-11f1-a31b-b48c9db4e1b4,11,"[0, 1, 1, 0]",3,0,0,,0.5,4
3648,9714a1af-8861-11f1-a31b-b48c9db4e1b4,12,"[0, 0, 1, 1]",0,0,0,,0.5,4
3649,9714a1af-8861-11f1-a31b-b48c9db4e1b4,12,"[0, 0, 1, 1]",1,0,0,,0.5,4
3650,9714a1af-8861-11f1-a31b-b48c9db4e1b4,12,"[0, 0, 1, 1]",2,1,1,,0.5,4
3651,9714a1af-8861-11f1-a31b-b48c9db4e1b4,12,"[0, 0, 1, 1]",3,1,1,,0.5,4
3652,9714a1af-8861-11f1-a31b-b48c9db4e1b4,13,"[1, 0, 0, 1]",0,1,1,,0.5,4
3653,9714a1af-8861-11f1-a31b-b48c9db4e1b4,13,"[1, 0, 0, 1]",1,0,0,,0.5,4
3654,9714a1af-8861-11f1-a31b-b48c9db4e1b4,13,"[1, 0, 0, 1]",2,0,0,,0.5,4
3655,9714a1af-8861-11f1-a31b-b48c9db4e1b4,13,"[1, 0, 0, 1]",3,1,1,,0.5,4
3656,9714a1af-8861-11f1-a31b-b48c9db4e1b4,14,"[1, 1, 0, 0]",0,1,1,,0.5,4
3657,9714a1af-8861-11f1-a31b-b48c9db4e1b4,14,"[1, 1, 0, 0]",1,1,1,,0.5,4
3658,9714a1af-8861-11f1-a31b-b48c9db4e1b4,14,"[1, 1, 0, 0]",2,0,0,,0.5,4
3659,9714a1af-8861-11f1-a31b-b48c9db4e1b4,14,"[1, 1, 0, 0]",3,0,0,,0.5,4
3660,9714a1af-8861-11f1-a31b-b48c9db4e1b4,15,"[0, 1, 1, 0]",0,0,0,,0.5,4
3661,9714a1af-8861-11f1-a31b-b48c9db4e1b4,15,"[0, 1, 1, 0]",1,1,1,,0.5,4
3662,9714a1af-8861-11f1-a31b-b48c9db4e1b4,15,"[0, 1, 1, 0]",2,1,1,,0.5,4
3663,9714a1af-8861-11f1-a31b-b48c9db4e1b4,15,"[0, 1, 1, 0]",3,0,0,,0.5,4
3664,9714a1af-8861-11f1-a31b-b48c9db4e1b4,16,"[0, 0, 1, 1]",0,0,0,,0.5,4
3665,9714a1af-8861-11f1-a31b-b48c9db4e1b4,16,"[0, 0, 1, 1]",1,0,0,,0.5,4
3666,9714a1af-8861-11f1-a31b-b48c9db4e1b4,16,"[0, 0, 1, 1]",2,1,1,,0.5,4
3667,9714a1af-8861-11f1-a31b-b48c9db4e1b4,16,"[0, 0, 1, 1]",3,1,1,,0.5,4
3668,9714a1af-8861-11f1-a31b-b48c9db4e1b4,17,"[1, 0, 0, 1]",0,1,1,,0.5,4
3669,9714a1af-8861-11f1-a31b-b48c9db4e1b4,17,"[1, 0, 0, 1]",1,0,0,,0.5,4
3670,9714a1af-8861-11f1-a31b-b48c9db4e1b4,17,"[1, 0, 0, 1]",2,0,0,,0.5,4
3671,9714a1af-8861-11f1-a31b-b48c9db4e1b4,17,"[1, 0, 0, 1]",3,1,1,,0.5,4
3672,9714a1af-8861-11f1-a31b-b48c9db4e1b4,18,"[1, 1, 0, 0]",0,1,1,,0.5,4
3673,9714a1af-8861-11f1-a31b-b48c9db4e1b4,18,"[1, 1, 0, 0]",1,1,1,,0.5,4
3674,9714a1af-8861-11f1-a31b-b48c9db4e1b4,18,"[1, 1, 0, 0]",2,0,0,,0.5,4
3675,9714a1af-8861-11f1-a31b-b48c9db4e1b4,18,"[1, 1, 0, 0]",3,0,0,,0.5,4
3676,9714a1af-8861-11f1-a31b-b48c9db4e1b4,19,"[0, 1, 1, 0]",0,0,0,,0.5,4
3677,9714a1af-8861-11f1-a31b-b48c9db4e1b4,19,"[0, 1, 1, 0]",1,1,1,,0.5,4
3678,9714a1af-8861-11f1-a31b-b48c9db4e1b4,19,"[0, 1, 1, 0]",2,1,1,,0.5,4
3679,9714a1af-8861-11f1-a31b-b48c9db4e1b4,19,"[0, 1, 1, 0]",3,0,0,,0.5,4
3680,97198ff3-8861-11f1-bcc5-b48c9db4e1b4,0,"[1, 1, 0, 0]",0,1,1,,0.5,4
3681,97198ff3-8861-11f1-bcc5-b48c9db4e1b4,0,"[1, 1, 0, 0]",1,1,1,,0.5,4
3682,97198ff3-8861-11f1-bcc5-b48c9db4e1b4,0,"[1, 1, 0, 0]",2,0,0,,0.5,4
3683,97198ff3-8861-11f1-bcc5-b48c9db4e1b4,0,"[1, 1, 0, 0]",3,0,0,,0.5,4
3684,97198ff3-8861-11f1-bcc5-b48c9db4e1b4,1,"[0, 1, 1, 0]",0,0,0,,0.5,4
3685,97198ff3-8861-11f1-bcc5-b48c9db4e1b4,1,"[0, 1, 1, 0]",1,1,1,,0.5,4
3686,97198ff3-8861-11f1-bcc5-b48c9db4e1b4,1,"[0, 1, 1, 0]",2,1,1,,0.5,4
3687,97198ff3-8861-11f1-bcc5-b48c9db4e1b4,1,"[0, 1, 1, 0]",3,0,0,,0.5,4
3688,97198ff3-8861-11f1-bcc5-b48c9db4e1b4,2,"[0, 0, 1, 1]",0,0,0,,0.5,4
3689,97198ff3-8861-11f1-bcc5-b48c9db4e1b4,2,"[0, 0, 1, 1]",1,0,0,,0.5,4
3690,97198ff3-8861-11f1-bcc5-b48c9db4e1b4,2,"[0, 0, 1, 1]",2,1,1,,0.5,4
3691,97198ff3-8861-11f1-bcc5-b48c9db4e1b4,2,"[0, 0, 1, 1]",3,1,1,,0.5,4
3692,97198ff3-8861-11f1-bcc5-b48c9db4e1b4,3,"[1, 0, 0, 1]",0,1,1,,0.5,4
3693,97198ff3-8861-11f1-bcc5-b48c9db4e1b4,3,"[1, 0, 0, 1]",1,0,0,,0.5,4
3694,97198ff3-8861-11f1-bcc5-b48c9db4e1b4,3,"[1, 0, 0, 1]",2,0,0,,0.5,4
3695,97198ff3-8861-11f1-bcc5-b48c9db4e1b4,3,"[1, 0, 0, 1]",3,1,1,,0.5,4
3696,97198ff3-8861-11f1-bcc5-b48c9db4e1b4,4,"[1, 1, 0, 0]",0,1,1,,0.5,4
3697,97198ff3-8861-11f1-bcc5-b48c9db4e1b4,4,"[1, 1, 0, 0]",1,1,1,,0.5,4
3698,97198ff3-8861-11f1-bcc5-b48c9db4e1b4,4,"[1, 1, 0, 0]",2,0,0,,0.5,4
3699,97198ff3-8861-11f1-bcc5-b48c9db4e1b4,4,"[1, 1, 0, 0]",3,0,0,,0.5,4
3700,97198ff3-8861-11f1-bcc5-b48c9db4e1b4,5,"[0, 1, 1, 0]",0,0,0,,0.5,4
3701,97198ff3-8861-11f1-bcc5-b48c9db4e1b4,5,"[0, 1, 1, 0]",1,1,1,,0.5,4
3702,97198ff3-8861-11f1-bcc5-b48c9db4e1b4,5,"[0, 1, 1, 0]",2,1,1,,0.5,4
3703,97198ff3-8861-11f1-bcc5-b48c9db4e1b4,5,"[0, 1, 1, 0]",3,0,0,,0.5,4
3704,97198ff3-8861-11f1-bcc5-b48c9db4e1b4,6,"[0, 0, 1, 1]",0,0,0,,0.5,4
3705,97198ff3-8861-11f1-bcc5-b48c9db4e1b4,6,"[0, 0, 1, 1]",1,0,0,,0.5,4
3706,97198ff3-8861-11f1-bcc5-b48c9db4e1b4,6,"[0, 0, 1, 1]",2,1,1,,0.5,4
3707,97198ff3-8861-11f1-bcc5-b48c9db4e1b4,6,"[0, 0, 1, 1]",3,1,1,,0.5,4
3708,97198ff3-8861-11f1-bcc5-b48c9db4e1b4,7,"[1, 0, 0, 1]",0,1,1,,0.5,4
3709,97198ff3-8861-11f1-bcc5-b48c9db4e1b4,7,"[1, 0, 0, 1]",1,0,0,,0.5,4
3710,97198ff3-8861-11f1-bcc5-b48c9db4e1b4,7,"[1, 0, 0, 1]",2,0,0,,0.5,4
3711,97198ff3-8861-11f1-bcc5-b48c9db4e1b4,7,"[1, 0, 0, 1]",3,1,1,,0.5,4
3712,97198ff3-8861-11f1-bcc5-b48c9db4e1b4,8,"[1, 1, 0, 0]",0,1,1,,0.5,4
3713,97198ff3-8861-11f1-bcc5-b48c9db4e1b4,8,"[1, 1, 0, 0]",1,1,1,,0.5,4
3714,97198ff3-8861-11f1-bcc5-b48c9db4e1b4,8,"[1, 1, 0, 0]",2,0,0,,0.5,4
3715,97198ff3-8861-11f1-bcc5-b48c9db4e1b4,8,"[1, 1, 0, 0]",3,0,0,,0.5,4
3716,97198ff3-8861-11f1-bcc5-b48c9db4e1b4,9,"[0, 1, 1, 0]",0,0,0,,0.5,4
3717,97198ff3-8861-11f1-bcc5-b48c9db4e1b4,9,"[0, 1, 1, 0]",1,1,1,,0.5,4
3718,97198ff3-8861-11f1-bcc5-b48c9db4e1b4,9,"[0, 1, 1, 0]",2,1,1,,0.5,4
3719,97198ff3-8861-11f1-bcc5-b48c9db4e1b4,9,"[0, 1, 1, 0]",3,0,0,,0.5,4
3720,97198ff3-8861-11f1-bcc5-b48c9db4e1b4,10,"[0, 0, 1, 0]",0,0,0,,0.5,4
3721,97198ff3-8861-11f1-bcc5-b48c9db4e1b4,10,"[0, 0, 1, 0]",1,0,0,,0.5,4
3722,97198ff3-8861-11f1-bcc5-b48c9db4e1b4,10,"[0, 0, 1, 0]",2,1,1,,0.5,4
3723,97198ff3-8861-11f1-bcc5-b48c9db4e1b4,10,"[0, 0, 1, 0]",3,0,0,,0.5,4
3724,97198ff3-8861-11f1-bcc5-b48c9db4e1b4,11,"[1, 0, 0, 0]",0,1,1,,0.5,4
3725,97198ff3-8861-11f1-bcc5-b48c9db4e1b4,11,"[1, 0, 0, 0]",1,0,0,,0.5,4
3726,97198ff3-8861-11f1-bcc5-b48c9db4e1b4,11,"[1, 0, 0, 0]",2,0,0,,0.5,4
3727,97198ff3-8861-11f1-bcc5-b48c9db4e1b4,11,"[1, 0, 0, 0]",3,0,0,,0.5,4
3728,97198ff3-8861-11f1-bcc5-b48c9db4e1b4,12,"[1, 1, 0, 0]",0,1,1,,0.5,4
3729,97198ff3-8861-11f1-bcc5-b48c9db4e1b4,12,"[1, 1, 0, 0]",1,1,1,,0.5,4
3730,97198ff3-8861-11f1-bcc5-b48c9db4e1b4,12,"[1, 1, 0, 0]",2,0,0,,0.5,4
3731,97198ff3-8861-11f1-bcc5-b48c9db4e1b4,12,"[1, 1, 0, 0]",3,0,0,,0.5,4
3732,97198ff3-8861-11f1-bcc5-b48c9db4e1b4,13,"[0, 1, 1, 0]",0,0,0,,0.5,4
3733,97198ff3-8861-11f1-bcc5-b48c9db4e1b4,13,"[0, 1, 1, 0]",1,1,1,,0.5,4
3734,97198ff3-8861-11f1-bcc5-b48c9db4e1b4,13,"[0, 1, 1, 0]",2,1,1,,0.5,4
3735,97198ff3-8861-11f1-bcc5-b48c9db4e1b4,13,"[0, 1, 1, 0]",3,0,0,,0.5,4
3736,97198ff3-8861-11f1-bcc5-b48c9db4e1b4,14,"[0, 0, 1, 1]",0,0,0,,0.5,4
3737,97198ff3-8861-11f1-bcc5-b48c9db4e1b4,14,"[0, 0, 1, 1]",1,0,0,,0.5,4
3738,97198ff3-8861-11f1-bcc5-b48c9db4e1b4,14,"[0, 0, 1, 1]",2,1,1,,0.5,4
3739,97198ff3-8861-11f1-bcc5-b48c9db4e1b4,14,"[0, 0, 1, 1]",3,1,1,,0.5,4
3740,97198ff3-8861-11f1-bcc5-b48c9db4e1b4,15,"[1, 0, 0, 1]",0,1,1,,0.5,4
3741,97198ff3-8861-11f1-bcc5-b48c9db4e1b4,15,"[1, 0, 0, 1]",1,0,0,,0.5,4
3742,97198ff3-8861-11f1-bcc5-b48c9db4e1b4,15,"[1, 0, 0, 1]",2,0,0,,0.5,4
3743,97198ff3-8861-11f1-bcc5-b48c9db4e1b4,15,"[1, 0, 0, 1]",3,1,1,,0.5,4
3744,97198ff3-8861-11f1-bcc5-b48c9db4e1b4,16,"[1, 1, 0, 0]",0,1,1,,0.5,4
3745,97198ff3-8861-11f1-bcc5-b48c9db4e1b4,16,"[1, 1, 0, 0]",1,1,1,,0.5,4
3746,97198ff3-8861-11f1-bcc5-b48c9db4e1b4,16,"[1, 1, 0, 0]",2,0,0,,0.5,4
3747,97198ff3-8861-11f1-bcc5-b48c9db4e1b4,16,"[1, 1, 0, 0]",3,0,0,,0.5,4
3748,97198ff3-8861-11f1-bcc5-b48c9db4e1b4,17,"[0, 1, 1, 0]",0,0,0,,0.5,4
3749,97198ff3-8861-11f1-bcc5-b48c9db4e1b4,17,"[0, 1, 1, 0]",1,1,1,,0.5,4
3750,97198ff3-8861-11f1-bcc5-b48c9db4e1b4,17,"[0, 1, 1, 0]",2,1,1,,0.5,4
3751,97198ff3-8861-11f1-bcc5-b48c9db4e1b4,17,"[0, 1, 1, 0]",3,0,0,,0.5,4
3752,97198ff3-8861-11f1-bcc5-b48c9db4e1b4,18,"[0, 0, 1, 1]",0,0,0,,0.5,4
3753,97198ff3-8861-11f1-bcc5-b48c9db4e1b4,18,"[0, 0, 1, 1]",1,0,0,,0.5,4
3754,97198ff3-8861-11f1-bcc5-b48c9db4e1b4,18,"[0, 0, 1, 1]",2,1,1,,0.5,4
3755,97198ff3-8861-11f1-bcc5-b48c9db4e1b4,18,"[0, 0, 1, 1]",3,1,1,,0.5,4
3756,97198ff3-8861-11f1-bcc5-b48c9db4e1b4,19,"[1, 0, 0, 1]",0,1,1,,0.5,4
3757,97198ff3-8861-11f1-bcc5-b48c9db4e1b4,19,"[1, 0, 0, 1]",1,0,0,,0.5,4
3758,97198ff3-8861-11f1-bcc5-b48c9db4e1b4,19,"[1, 0, 0, 1]",2,0,0,,0.5,4
3759,97198ff3-8861-11f1-bcc5-b48c9db4e1b4,19,"[1, 0, 0, 1]",3,1,1,,0.5,4
3760,971e5a79-8861-11f1-80ea-b48c9db4e1b4,0,"[0, 0, 0, 0]",0,0,0,,0.5,4
3761,971e5a79-8861-11f1-80ea-b48c9db4e1b4,0,"[0, 0, 0, 0]",1,0,0,,0.5,4
3762,971e5a79-8861-11f1-80ea-b48c9db4e1b4,0,"[0, 0, 0, 0]",2,0,0,,0.5,4
3763,971e5a79-8861-11f1-80ea-b48c9db4e1b4,0,"[0, 0, 0, 0]",3,0,0,,0.5,4
3764,971e5a79-8861-11f1-80ea-b48c9db4e1b4,1,"[0, 1, 1, 0]",0,0,0,,0.5,4
3765,971e5a79-8861-11f1-80ea-b48c9db4e1b4,1,"[0, 1, 1, 0]",1,1,1,,0.5,4
3766,971e5a79-8861-11f1-80ea-b48c9db4e1b4,1,"[0, 1, 1, 0]",2,1,1,,0.5,4
3767,971e5a79-8861-11f1-80ea-b48c9db4e1b4,1,"[0, 1, 1, 0]",3,0,0,,0.5,4
3768,971e5a79-8861-11f1-80ea-b48c9db4e1b4,2,"[0, 1, 1, 0]",0,0,0,,0.5,4
3769,971e5a79-8861-11f1-80ea-b48c9db4e1b4,2,"[0, 1, 1, 0]",1,1,1,,0.5,4
3770,971e5a79-8861-11f1-80ea-b48c9db4e1b4,2,"[0, 1, 1, 0]",2,1,1,,0.5,4
3771,971e5a79-8861-11f1-80ea-b48c9db4e1b4,2,"[0, 1, 1, 0]",3,0,0,,0.5,4
3772,971e5a79-8861-11f1-80ea-b48c9db4e1b4,3,"[0, 1, 1, 0]",0,0,0,,0.5,4
3773,971e5a79-8861-11f1-80ea-b48c9db4e1b4,3,"[0, 1, 1, 0]",1,1,1,,0.5,4
3774,971e5a79-8861-11f1-80ea-b48c9db4e1b4,3,"[0, 1, 1, 0]",2,1,1,,0.5,4
3775,971e5a79-8861-11f1-80ea-b48c9db4e1b4,3,"[0, 1, 1, 0]",3,0,0,,0.5,4
3776,971e5a79-8861-11f1-80ea-b48c9db4e1b4,4,"[0, 1, 1, 0]",0,0,0,,0.5,4
3777,971e5a79-8861-11f1-80ea-b48c9db4e1b4,4,"[0, 1, 1, 0]",1,1,1,,0.5,4
3778,971e5a79-8861-11f1-80ea-b48c9db4e1b4,4,"[0, 1, 1, 0]",2,1,1,,0.5,4
3779,971e5a79-8861-11f1-80ea-b48c9db4e1b4,4,"[0, 1, 1, 0]",3,0,0,,0.5,4
3780,971e5a79-8861-11f1-80ea-b48c9db4e1b4,5,"[0, 1, 1, 0]",0,0,0,,0.5,4
3781,971e5a79-8861-11f1-80ea-b48c9db4e1b4,5,"[0, 1, 1, 0]",1,1,1,,0.5,4
3782,971e5a79-8861-11f1-80ea-b48c9db4e1b4,5,"[0, 1, 1, 0]",2,1,1,,0.5,4
3783,971e5a79-8861-11f1-80ea-b48c9db4e1b4,5,"[0, 1, 1, 0]",3,0,0,,0.5,4
3784,971e5a79-8861-11f1-80ea-b48c9db4e1b4,6,"[0, 1, 1, 0]",0,0,0,,0.5,4
3785,971e5a79-8861-11f1-80ea-b48c9db4e1b4,6,"[0, 1, 1, 0]",1,1,1,,0.5,4
3786,971e5a79-8861-11f1-80ea-b48c9db4e1b4,6,"[0, 1, 1, 0]",2,1,1,,0.5,4
3787,971e5a79-8861-11f1-80ea-b48c9db4e1b4,6,"[0, 1, 1, 0]",3,0,0,,0.5,4
3788,971e5a79-8861-11f1-80ea-b48c9db4e1b4,7,"[0, 1, 1, 0]",0,0,0,,0.5,4
3789,971e5a79-8861-11f1-80ea-b48c9db4e1b4,7,"[0, 1, 1, 0]",1,1,1,,0.5,4
3790,971e5a79-8861-11f1-80ea-b48c9db4e1b4,7,"[0, 1, 1, 0]",2,1,1,,0.5,4
3791,971e5a79-8861-11f1-80ea-b48c9db4e1b4,7,"[0, 1, 1, 0]",3,0,0,,0.5,4
3792,971e5a79-8861-11f1-80ea-b48c9db4e1b4,8,"[0, 1, 1, 0]",0,0,0,,0.5,4
3793,971e5a79-8861-11f1-80ea-b48c9db4e1b4,8,"[0, 1, 1, 0]",1,1,1,,0.5,4
3794,971e5a79-8861-11f1-80ea-b48c9db4e1b4,8,"[0, 1, 1, 0]",2,1,1,,0.5,4
3795,971e5a79-8861-11f1-80ea-b48c9db4e1b4,8,"[0, 1, 1, 0]",3,0,0,,0.5,4
3796,971e5a79-8861-11f1-80ea-b48c9db4e1b4,9,"[0, 1, 1, 0]",0,0,0,,0.5,4
3797,971e5a79-8861-11f1-80ea-b48c9db4e1b4,9,"[0, 1, 1, 0]",1,1,1,,0.5,4
3798,971e5a79-8861-11f1-80ea-b48c9db4e1b4,9,"[0, 1, 1, 0]",2,1,1,,0.5,4
3799,971e5a79-8861-11f1-80ea-b48c9db4e1b4,9,"[0, 1, 1, 0]",3,0,0,,0.5,4
3800,971e5a79-8861-11f1-80ea-b48c9db4e1b4,10,"[0, 1, 1, 0]",0,0,0,,0.5,4
3801,971e5a79-8861-11f1-80ea-b48c9db4e1b4,10,"[0, 1, 1, 0]",1,1,1,,0.5,4
3802,971e5a79-8861-11f1-80ea-b48c9db4e1b4,10,"[0, 1, 1, 0]",2,1,1,,0.5,4
3803,971e5a79-8861-11f1-80ea-b48c9db4e1b4,10,"[0, 1, 1, 0]",3,0,0,,0.5,4
3804,971e5a79-8861-11f1-80ea-b48c9db4e1b4,11,"[0, 1, 1, 0]",0,0,0,,0.5,4
3805,971e5a79-8861-11f1-80ea-b48c9db4e1b4,11,"[0, 1, 1, 0]",1,1,1,,0.5,4
3806,971e5a79-8861-11f1-80ea-b48c9db4e1b4,11,"[0, 1, 1, 0]",2,1,1,,0.5,4
3807,971e5a79-8861-11f1-80ea-b48c9db4e1b4,11,"[0, 1, 1, 0]",3,0,0,,0.5,4
3808,971e5a79-8861-11f1-80ea-b48c9db4e1b4,12,"[0, 1, 1, 0]",0,0,0,,0.5,4
3809,971e5a79-8861-11f1-80ea-b48c9db4e1b4,12,"[0, 1, 1, 0]",1,1,1,,0.5,4
3810,971e5a79-8861-11f1-80ea-b48c9db4e1b4,12,"[0, 1, 1, 0]",2,1,1,,0.5,4
3811,971e5a79-8861-11f1-80ea-b48c9db4e1b4,12,"[0, 1, 1, 0]",3,0,0,,0.5,4
3812,971e5a79-8861-11f1-80ea-b48c9db4e1b4,13,"[0, 1, 1, 0]",0,0,0,,0.5,4
3813,971e5a79-8861-11f1-80ea-b48c9db4e1b4,13,"[0, 1, 1, 0]",1,1,1,,0.5,4
3814,971e5a79-8861-11f1-80ea-b48c9db4e1b4,13,"[0, 1, 1, 0]",2,1,1,,0.5,4
3815,971e5a79-8861-11f1-80ea-b48c9db4e1b4,13,"[0, 1, 1, 0]",3,0,0,,0.5,4
3816,971e5a79-8861-11f1-80ea-b48c9db4e1b4,14,"[0, 1, 1, 0]",0,0,0,,0.5,4
3817,971e5a79-8861-11f1-80ea-b48c9db4e1b4,14,"[0, 1, 1, 0]",1,1,1,,0.5,4
3818,971e5a79-8861-11f1-80ea-b48c9db4e1b4,14,"[0, 1, 1, 0]",2,1,1,,0.5,4
3819,971e5a79-8861-11f1-80ea-b48c9db4e1b4,14,"[0, 1, 1, 0]",3,0,0,,0.5,4
3820,971e5a79-8861-11f1-80ea-b48c9db4e1b4,15,"[0, 1, 1, 0]",0,0,0,,0.5,4
3821,971e5a79-8861-11f1-80ea-b48c9db4e1b4,15,"[0, 1, 1, 0]",1,1,1,,0.5,4
3822,971e5a79-8861-11f1-80ea-b48c9db4e1b4,15,"[0, 1, 1, 0]",2,1,1,,0.5,4
3823,971e5a79-8861-11f1-80ea-b48c9db4e1b4,15,"[0, 1, 1, 0]",3,0,0,,0.5,4
3824,971e5a79-8861-11f1-80ea-b48c9db4e1b4,16,"[0, 1, 1, 0]",0,0,0,,0.5,4
3825,971e5a79-8861-11f1-80ea-b48c9db4e1b4,16,"[0, 1, 1, 0]",1,1,1,,0.5,4
3826,971e5a79-8861-11f1-80ea-b48c9db4e1b4,16,"[0, 1, 1, 0]",2,1,1,,0.5,4
3827,971e5a79-8861-11f1-80ea-b48c9db4e1b4,16,"[0, 1, 1, 0]",3,0,0,,0.5,4
3828,971e5a79-8861-11f1-80ea-b48c9db4e1b4,17,"[0, 1, 1, 0]",0,0,0,,0.5,4
3829,971e5a79-8861-11f1-80ea-b48c9db4e1b4,17,"[0, 1, 1, 0]",1,1,1,,0.5,4
3830,971e5a79-8861-11f1-80ea-b48c9db4e1b4,17,"[0, 1, 1, 0]",2,1,1,,0.5,4
3831,971e5a79-8861-11f1-80ea-b48c9db4e1b4,17,"[0, 1, 1, 0]",3,0,0,,0.5,4
3832,971e5a79-8861-11f1-80ea-b48c9db4e1b4,18,"[0, 1, 1, 0]",0,0,0,,0.5,4
3833,971e5a79-8861-11f1-80ea-b48c9db4e1b4,18,"[0, 1, 1, 0]",1,1,1,,0.5,4
3834,971e5a79-8861-11f1-80ea-b48c9db4e1b4,18,"[0, 1, 1, 0]",2,1,1,,0.5,4
3835,971e5a79-8861-11f1-80ea-b48c9db4e1b4,18,"[0, 1, 1, 0]",3,0,0,,0.5,4
3836,971e5a79-8861-11f1-80ea-b48c9db4e1b4,19,"[0, 1, 1, 0]",0,0,0,,0.5,4
3837,971e5a79-8861-11f1-80ea-b48c9db4e1b4,19,"[0, 1, 1, 0]",1,1,1,,0.5,4
3838,971e5a79-8861-11f1-80ea-b48c9db4e1b4,19,"[0, 1, 1, 0]",2,1,1,,0.5,4
3839,971e5a79-8861-11f1-80ea-b48c9db4e1b4,19,"[0, 1, 1, 0]",3,0,0,,0.5,4
3840,972317fa-8861-11f1-a6ef-b48c9db4e1b4,0,"[0, 1, 1, 0]",0,0,0,,0.5,4
3841,972317fa-8861-11f1-a6ef-b48c9db4e1b4,0,"[0, 1, 1, 0]",1,1,1,,0.5,4
3842,972317fa-8861-11f1-a6ef-b48c9db4e1b4,0,"[0, 1, 1, 0]",2,1,1,,0.5,4
3843,972317fa-8861-11f1-a6ef-b48c9db4e1b4,0,"[0, 1, 1, 0]",3,0,0,,0.5,4
3844,972317fa-8861-11f1-a6ef-b48c9db4e1b4,1,"[0, 1, 1, 0]",0,0,0,,0.5,4
3845,972317fa-8861-11f1-a6ef-b48c9db4e1b4,1,"[0, 1, 1, 0]",1,1,1,,0.5,4
3846,972317fa-8861-11f1-a6ef-b48c9db4e1b4,1,"[0, 1, 1, 0]",2,1,1,,0.5,4
3847,972317fa-8861-11f1-a6ef-b48c9db4e1b4,1,"[0, 1, 1, 0]",3,0,0,,0.5,4
3848,972317fa-8861-11f1-a6ef-b48c9db4e1b4,2,"[0, 1, 1, 0]",0,0,0,,0.5,4
3849,972317fa-8861-11f1-a6ef-b48c9db4e1b4,2,"[0, 1, 1, 0]",1,1,1,,0.5,4
3850,972317fa-8861-11f1-a6ef-b48c9db4e1b4,2,"[0, 1, 1, 0]",2,1,1,,0.5,4
3851,972317fa-8861-11f1-a6ef-b48c9db4e1b4,2,"[0, 1, 1, 0]",3,0,0,,0.5,4
3852,972317fa-8861-11f1-a6ef-b48c9db4e1b4,3,"[0, 1, 1, 0]",0,0,0,,0.5,4
3853,972317fa-8861-11f1-a6ef-b48c9db4e1b4,3,"[0, 1, 1, 0]",1,1,1,,0.5,4
3854,972317fa-8861-11f1-a6ef-b48c9db4e1b4,3,"[0, 1, 1, 0]",2,1,1,,0.5,4
3855,972317fa-8861-11f1-a6ef-b48c9db4e1b4,3,"[0, 1, 1, 0]",3,0,0,,0.5,4
3856,972317fa-8861-11f1-a6ef-b48c9db4e1b4,4,"[0, 1, 1, 0]",0,0,0,,0.5,4
3857,972317fa-8861-11f1-a6ef-b48c9db4e1b4,4,"[0, 1, 1, 0]",1,1,1,,0.5,4
3858,972317fa-8861-11f1-a6ef-b48c9db4e1b4,4,"[0, 1, 1, 0]",2,1,1,,0.5,4
3859,972317fa-8861-11f1-a6ef-b48c9db4e1b4,4,"[0, 1, 1, 0]",3,0,0,,0.5,4
3860,972317fa-8861-11f1-a6ef-b48c9db4e1b4,5,"[0, 1, 1, 0]",0,0,0,,0.5,4
3861,972317fa-8861-11f1-a6ef-b48c9db4e1b4,5,"[0, 1, 1, 0]",1,1,1,,0.5,4
3862,972317fa-8861-11f1-a6ef-b48c9db4e1b4,5,"[0, 1, 1, 0]",2,1,1,,0.5,4
3863,972317fa-8861-11f1-a6ef-b48c9db4e1b4,5,"[0, 1, 1, 0]",3,0,0,,0.5,4
3864,972317fa-8861-11f1-a6ef-b48c9db4e1b4,6,"[0, 1, 1, 0]",0,0,0,,0.5,4
3865,972317fa-8861-11f1-a6ef-b48c9db4e1b4,6,"[0, 1, 1, 0]",1,1,1,,0.5,4
3866,972317fa-8861-11f1-a6ef-b48c9db4e1b4,6,"[0, 1, 1, 0]",2,1,1,,0.5,4
3867,972317fa-8861-11f1-a6ef-b48c9db4e1b4,6,"[0, 1, 1, 0]",3,0,0,,0.5,4
3868,972317fa-8861-11f1-a6ef-b48c9db4e1b4,7,"[0, 1, 1, 0]",0,0,0,,0.5,4
3869,972317fa-8861-11f1-a6ef-b48c9db4e1b4,7,"[0, 1, 1, 0]",1,1,1,,0.5,4
3870,972317fa-8861-11f1-a6ef-b48c9db4e1b4,7,"[0, 1, 1, 0]",2,1,1,,0.5,4
3871,972317fa-8861-11f1-a6ef-b48c9db4e1b4,7,"[0, 1, 1, 0]",3,0,0,,0.5,4
3872,972317fa-8861-11f1-a6ef-b48c9db4e1b4,8,"[0, 1, 1, 0]",0,0,0,,0.5,4
3873,972317fa-8861-11f1-a6ef-b48c9db4e1b4,8,"[0, 1, 1, 0]",1,1,1,,0.5,4
3874,972317fa-8861-11f1-a6ef-b48c9db4e1b4,8,"[0, 1, 1, 0]",2,1,1,,0.5,4
3875,972317fa-8861-11f1-a6ef-b48c9db4e1b4,8,"[0, 1, 1, 0]",3,0,0,,0.5,4
3876,972317fa-8861-11f1-a6ef-b48c9db4e1b4,9,"[0, 1, 1, 0]",0,0,0,,0.5,4
3877,972317fa-8861-11f1-a6ef-b48c9db4e1b4,9,"[0, 1, 1, 0]",1,1,1,,0.5,4
3878,972317fa-8861-11f1-a6ef-b48c9db4e1b4,9,"[0, 1, 1, 0]",2,1,1,,0.5,4
3879,972317fa-8861-11f1-a6ef-b48c9db4e1b4,9,"[0, 1, 1, 0]",3,0,0,,0.5,4
3880,972317fa-8861-11f1-a6ef-b48c9db4e1b4,10,"[0, 1, 1, 0]",0,0,0,,0.5,4
3881,972317fa-8861-11f1-a6ef-b48c9db4e1b4,10,"[0, 1, 1, 0]",1,1,1,,0.5,4
3882,972317fa-8861-11f1-a6ef-b48c9db4e1b4,10,"[0, 1, 1, 0]",2,1,1,,0.5,4
3883,972317fa-8861-11f1-a6ef-b48c9db4e1b4,10,"[0, 1, 1, 0]",3,0,0,,0.5,4
3884,972317fa-8861-11f1-a6ef-b48c9db4e1b4,11,"[0, 1, 1, 0]",0,0,0,,0.5,4
3885,972317fa-8861-11f1-a6ef-b48c9db4e1b4,11,"[0, 1, 1, 0]",1,1,1,,0.5,4
3886,972317fa-8861-11f1-a6ef-b48c9db4e1b4,11,"[0, 1, 1, 0]",2,1,1,,0.5,4
3887,972317fa-8861-11f1-a6ef-b48c9db4e1b4,11,"[0, 1, 1, 0]",3,0,0,,0.5,4
3888,972317fa-8861-11f1-a6ef-b48c9db4e1b4,12,"[0, 1, 1, 0]",0,0,0,,0.5,4
3889,972317fa-8861-11f1-a6ef-b48c9db4e1b4,12,"[0, 1, 1, 0]",1,1,1,,0.5,4
3890,972317fa-8861-11f1-a6ef-b48c9db4e1b4,12,"[0, 1, 1, 0]",2,1,1,,0.5,4
3891,972317fa-8861-11f1-a6ef-b48c9db4e1b4,12,"[0, 1, 1, 0]",3,0,0,,0.5,4
3892,972317fa-8861-11f1-a6ef-b48c9db4e1b4,13,"[0, 1, 1, 0]",0,0,0,,0.5,4
3893,972317fa-8861-11f1-a6ef-b48c9db4e1b4,13,"[0, 1, 1, 0]",1,1,1,,0.5,4
3894,972317fa-8861-11f1-a6ef-b48c9db4e1b4,13,"[0, 1, 1, 0]",2,1,1,,0.5,4
3895,972317fa-8861-11f1-a6ef-b48c9db4e1b4,13,"[0, 1, 1, 0]",3,0,0,,0.5,4
3896,972317fa-8861-11f1-a6ef-b48c9db4e1b4,14,"[0, 1, 1, 0]",0,0,0,,0.5,4
3897,972317fa-8861-11f1-a6ef-b48c9db4e1b4,14,"[0, 1, 1, 0]",1,1,1,,0.5,4
3898,972317fa-8861-11f1-a6ef-b48c9db4e1b4,14,"[0, 1, 1, 0]",2,1,1,,0.5,4
3899,972317fa-8861-11f1-a6ef-b48c9db4e1b4,14,"[0, 1, 1, 0]",3,0,0,,0.5,4
3900,972317fa-8861-11f1-a6ef-b48c9db4e1b4,15,"[0, 1, 1, 0]",0,0,0,,0.5,4
3901,972317fa-8861-11f1-a6ef-b48c9db4e1b4,15,"[0, 1, 1, 0]",1,1,1,,0.5,4
3902,972317fa-8861-11f1-a6ef-b48c9db4e1b4,15,"[0, 1, 1, 0]",2,1,1,,0.5,4
3903,972317fa-8861-11f1-a6ef-b48c9db4e1b4,15,"[0, 1, 1, 0]",3,0,0,,0.5,4
3904,972317fa-8861-11f1-a6ef-b48c9db4e1b4,16,"[0, 1, 1, 0]",0,0,0,,0.5,4
3905,972317fa-8861-11f1-a6ef-b48c9db4e1b4,16,"[0, 1, 1, 0]",1,1,1,,0.5,4
3906,972317fa-8861-11f1-a6ef-b48c9db4e1b4,16,"[0, 1, 1, 0]",2,1,1,,0.5,4
3907,972317fa-8861-11f1-a6ef-b48c9db4e1b4,16,"[0, 1, 1, 0]",3,0,0,,0.5,4
3908,972317fa-8861-11f1-a6ef-b48c9db4e1b4,17,"[0, 1, 1, 0]",0,0,0,,0.5,4
3909,972317fa-8861-11f1-a6ef-b48c9db4e1b4,17,"[0, 1, 1, 0]",1,1,1,,0.5,4
3910,972317fa-8861-11f1-a6ef-b48c9db4e1b4,17,"[0, 1, 1, 0]",2,1,1,,0.5,4
3911,972317fa-8861-11f1-a6ef-b48c9db4e1b4,17,"[0, 1, 1, 0]",3,0,0,,0.5,4
3912,972317fa-8861-11f1-a6ef-b48c9db4e1b4,18,"[0, 1, 1, 0]",0,0,0,,0.5,4
3913,972317fa-8861-11f1-a6ef-b48c9db4e1b4,18,"[0, 1, 1, 0]",1,1,1,,0.5,4
3914,972317fa-8861-11f1-a6ef-b48c9db4e1b4,18,"[0, 1, 1, 0]",2,1,1,,0.5,4
3915,972317fa-8861-11f1-a6ef-b48c9db4e1b4,18,"[0, 1, 1, 0]",3,0,0,,0.5,4
3916,972317fa-8861-11f1-a6ef-b48c9db4e1b4,19,"[0, 1, 1, 0]",0,0,0,,0.5,4
3917,972317fa-8861-11f1-a6ef-b48c9db4e1b4,19,"[0, 1, 1, 0]",1,1,1,,0.5,4
3918,972317fa-8861-11f1-a6ef-b48c9db4e1b4,19,"[0, 1, 1, 0]",2,1,1,,0.5,4
3919,972317fa-8861-11f1-a6ef-b48c9db4e1b4,19,"[0, 1, 1, 0]",3,0,0,,0.5,4
3920,97282cef-8861-11f1-8669-b48c9db4e1b4,0,"[1, 1, 0, 0]",0,1,1,,0.5,4
3921,97282cef-8861-11f1-8669-b48c9db4e1b4,0,"[1, 1, 0, 0]",1,1,1,,0.5,4
3922,97282cef-8861-11f1-8669-b48c9db4e1b4,0,"[1, 1, 0, 0]",2,0,0,,0.5,4
3923,97282cef-8861-11f1-8669-b48c9db4e1b4,0,"[1, 1, 0, 0]",3,0,0,,0.5,4
3924,97282cef-8861-11f1-8669-b48c9db4e1b4,1,"[0, 1, 1, 0]",0,0,0,,0.5,4
3925,97282cef-8861-11f1-8669-b48c9db4e1b4,1,"[0, 1, 1, 0]",1,1,1,,0.5,4
3926,97282cef-8861-11f1-8669-b48c9db4e1b4,1,"[0, 1, 1, 0]",2,1,1,,0.5,4
3927,97282cef-8861-11f1-8669-b48c9db4e1b4,1,"[0, 1, 1, 0]",3,0,0,,0.5,4
3928,97282cef-8861-11f1-8669-b48c9db4e1b4,2,"[0, 0, 1, 1]",0,0,0,,0.5,4
3929,97282cef-8861-11f1-8669-b48c9db4e1b4,2,"[0, 0, 1, 1]",1,0,0,,0.5,4
3930,97282cef-8861-11f1-8669-b48c9db4e1b4,2,"[0, 0, 1, 1]",2,1,1,,0.5,4
3931,97282cef-8861-11f1-8669-b48c9db4e1b4,2,"[0, 0, 1, 1]",3,1,1,,0.5,4
3932,97282cef-8861-11f1-8669-b48c9db4e1b4,3,"[1, 0, 0, 1]",0,1,1,,0.5,4
3933,97282cef-8861-11f1-8669-b48c9db4e1b4,3,"[1, 0, 0, 1]",1,0,0,,0.5,4
3934,97282cef-8861-11f1-8669-b48c9db4e1b4,3,"[1, 0, 0, 1]",2,0,0,,0.5,4
3935,97282cef-8861-11f1-8669-b48c9db4e1b4,3,"[1, 0, 0, 1]",3,1,1,,0.5,4
3936,97282cef-8861-11f1-8669-b48c9db4e1b4,4,"[1, 1, 0, 0]",0,1,1,,0.5,4
3937,97282cef-8861-11f1-8669-b48c9db4e1b4,4,"[1, 1, 0, 0]",1,1,1,,0.5,4
3938,97282cef-8861-11f1-8669-b48c9db4e1b4,4,"[1, 1, 0, 0]",2,0,0,,0.5,4
3939,97282cef-8861-11f1-8669-b48c9db4e1b4,4,"[1, 1, 0, 0]",3,0,0,,0.5,4
3940,97282cef-8861-11f1-8669-b48c9db4e1b4,5,"[0, 1, 1, 0]",0,0,0,,0.5,4
3941,97282cef-8861-11f1-8669-b48c9db4e1b4,5,"[0, 1, 1, 0]",1,1,1,,0.5,4
3942,97282cef-8861-11f1-8669-b48c9db4e1b4,5,"[0, 1, 1, 0]",2,1,1,,0.5,4
3943,97282cef-8861-11f1-8669-b48c9db4e1b4,5,"[0, 1, 1, 0]",3,0,0,,0.5,4
3944,97282cef-8861-11f1-8669-b48c9db4e1b4,6,"[0, 0, 1, 1]",0,0,0,,0.5,4
3945,97282cef-8861-11f1-8669-b48c9db4e1b4,6,"[0, 0, 1, 1]",1,0,0,,0.5,4
3946,97282cef-8861-11f1-8669-b48c9db4e1b4,6,"[0, 0, 1, 1]",2,1,1,,0.5,4
3947,97282cef-8861-11f1-8669-b48c9db4e1b4,6,"[0, 0, 1, 1]",3,1,1,,0.5,4
3948,97282cef-8861-11f1-8669-b48c9db4e1b4,7,"[1, 0, 0, 1]",0,1,1,,0.5,4
3949,97282cef-8861-11f1-8669-b48c9db4e1b4,7,"[1, 0, 0, 1]",1,0,0,,0.5,4
3950,97282cef-8861-11f1-8669-b48c9db4e1b4,7,"[1, 0, 0, 1]",2,0,0,,0.5,4
3951,97282cef-8861-11f1-8669-b48c9db4e1b4,7,"[1, 0, 0, 1]",3,1,1,,0.5,4
3952,97282cef-8861-11f1-8669-b48c9db4e1b4,8,"[1, 1, 0, 0]",0,1,1,,0.5,4
3953,97282cef-8861-11f1-8669-b48c9db4e1b4,8,"[1, 1, 0, 0]",1,1,1,,0.5,4
3954,97282cef-8861-11f1-8669-b48c9db4e1b4,8,"[1, 1, 0, 0]",2,0,0,,0.5,4
3955,97282cef-8861-11f1-8669-b48c9db4e1b4,8,"[1, 1, 0, 0]",3,0,0,,0.5,4
3956,97282cef-8861-11f1-8669-b48c9db4e1b4,9,"[0, 1, 1, 0]",0,0,0,,0.5,4
3957,97282cef-8861-11f1-8669-b48c9db4e1b4,9,"[0, 1, 1, 0]",1,1,1,,0.5,4
3958,97282cef-8861-11f1-8669-b48c9db4e1b4,9,"[0, 1, 1, 0]",2,1,1,,0.5,4
3959,97282cef-8861-11f1-8669-b48c9db4e1b4,9,"[0, 1, 1, 0]",3,0,0,,0.5,4
3960,97282cef-8861-11f1-8669-b48c9db4e1b4,10,"[0, 0, 1, 1]",0,0,0,,0.5,4
3961,97282cef-8861-11f1-8669-b48c9db4e1b4,10,"[0, 0, 1, 1]",1,0,0,,0.5,4
3962,97282cef-8861-11f1-8669-b48c9db4e1b4,10,"[0, 0, 1, 1]",2,1,1,,0.5,4
3963,97282cef-8861-11f1-8669-b48c9db4e1b4,10,"[0, 0, 1, 1]",3,1,1,,0.5,4
3964,97282cef-8861-11f1-8669-b48c9db4e1b4,11,"[1, 0, 0, 1]",0,1,1,,0.5,4
3965,97282cef-8861-11f1-8669-b48c9db4e1b4,11,"[1, 0, 0, 1]",1,0,0,,0.5,4
3966,97282cef-8861-11f1-8669-b48c9db4e1b4,11,"[1, 0, 0, 1]",2,0,0,,0.5,4
3967,97282cef-8861-11f1-8669-b48c9db4e1b4,11,"[1, 0, 0, 1]",3,1,1,,0.5,4
3968,97282cef-8861-11f1-8669-b48c9db4e1b4,12,"[1, 1, 0, 0]",0,1,1,,0.5,4
3969,97282cef-8861-11f1-8669-b48c9db4e1b4,12,"[1, 1, 0, 0]",1,1,1,,0.5,4
3970,97282cef-8861-11f1-8669-b48c9db4e1b4,12,"[1, 1, 0, 0]",2,0,0,,0.5,4
3971,97282cef-8861-11f1-8669-b48c9db4e1b4,12,"[1, 1, 0, 0]",3,0,0,,0.5,4
3972,97282cef-8861-11f1-8669-b48c9db4e1b4,13,"[0, 1, 1, 0]",0,0,0,,0.5,4
3973,97282cef-8861-11f1-8669-b48c9db4e1b4,13,"[0, 1, 1, 0]",1,1,1,,0.5,4
3974,97282cef-8861-11f1-8669-b48c9db4e1b4,13,"[0, 1, 1, 0]",2,1,1,,0.5,4
3975,97282cef-8861-11f1-8669-b48c9db4e1b4,13,"[0, 1, 1, 0]",3,0,0,,0.5,4
3976,97282cef-8861-11f1-8669-b48c9db4e1b4,14,"[0, 0, 1, 1]",0,0,0,,0.5,4
3977,97282cef-8861-11f1-8669-b48c9db4e1b4,14,"[0, 0, 1, 1]",1,0,0,,0.5,4
3978,97282cef-8861-11f1-8669-b48c9db4e1b4,14,"[0, 0, 1, 1]",2,1,1,,0.5,4
3979,97282cef-8861-11f1-8669-b48c9db4e1b4,14,"[0, 0, 1, 1]",3,1,1,,0.5,4
3980,97282cef-8861-11f1-8669-b48c9db4e1b4,15,"[1, 0, 0, 1]",0,1,1,,0.5,4
3981,97282cef-8861-11f1-8669-b48c9db4e1b4,15,"[1, 0, 0, 1]",1,0,0,,0.5,4
3982,97282cef-8861-11f1-8669-b48c9db4e1b4,15,"[1, 0, 0, 1]",2,0,0,,0.5,4
3983,97282cef-8861-11f1-8669-b48c9db4e1b4,15,"[1, 0, 0, 1]",3,1,1,,0.5,4
3984,97282cef-8861-11f1-8669-b48c9db4e1b4,16,"[1, 1, 0, 0]",0,1,1,,0.5,4
3985,97282cef-8861-11f1-8669-b48c9db4e1b4,16,"[1, 1, 0, 0]",1,1,1,,0.5,4
3986,97282cef-8861-11f1-8669-b48c9db4e1b4,16,"[1, 1, 0, 0]",2,0,0,,0.5,4
3987,97282cef-8861-11f1-8669-b48c9db4e1b4,16,"[1, 1, 0, 0]",3,0,0,,0.5,4
3988,97282cef-8861-11f1-8669-b48c9db4e1b4,17,"[0, 1, 1, 0]",0,0,0,,0.5,4
3989,97282cef-8861-11f1-8669-b48c9db4e1b4,17,"[0, 1, 1, 0]",1,1,1,,0.5,4
3990,97282cef-8861-11f1-8669-b48c9db4e1b4,17,"[0, 1, 1, 0]",2,1,1,,0.5,4
3991,97282cef-8861-11f1-8669-b48c9db4e1b4,17,"[0, 1, 1, 0]",3,0,0,,0.5,4
3992,97282cef-8861-11f1-8669-b48c9db4e1b4,18,"[0, 0, 1, 1]",0,0,0,,0.5,4
3993,97282cef-8861-11f1-8669-b48c9db4e1b4,18,"[0, 0, 1, 1]",1,0,0,,0.5,4
3994,97282cef-8861-11f1-8669-b48c9db4e1b4,18,"[0, 0, 1, 1]",2,1,1,,0.5,4
3995,97282cef-8861-11f1-8669-b48c9db4e1b4,18,"[0, 0, 1, 1]",3,1,1,,0.5,4
3996,97282cef-8861-11f1-8669-b48c9db4e1b4,19,"[1, 0, 0, 1]",0,1,1,,0.5,4
3997,97282cef-8861-11f1-8669-b48c9db4e1b4,19,"[1, 0, 0, 1]",1,0,0,,0.5,4
3998,97282cef-8861-11f1-8669-b48c9db4e1b4,19,"[1, 0, 0, 1]",2,0,0,,0.5,4
3999,97282cef-8861-11f1-8669-b48c9db4e1b4,19,"[1, 0, 0, 1]",3,1,1,,0.5,4
