,id_sim,round,attendance,id_player,decision,score,model,threshold,num_agents
0,9732aba7-8861-11f1-a46d-b48c9db4e1b4,0,"[0, 1, 0, 1]",0,0,0,,0.75,4
1,9732aba7-8861-11f1-a46d-b48c9db4e1b4,0,"[0, 1, 0, 1]",1,1,1,,0.75,4
2,9732aba7-8861-11f1-a46d-b48c9db4e1b4,0,"[0, 1, 0, 1]",2,0,0,,0.75,4
3,9732aba7-8861-11f1-a46d-b48c9db4e1b4,0,"[0, 1, 0, 1]",3,1,1,,0.75,4
4,9732aba7-8861-11f1-a46d-b48c9db4e1b4,1,"[1, 0, 1, 0]",0,1,1,,0.75,4
5,9732aba7-8861-11f1-a46d-b48c9db4e1b4,1,"[1, 0, 1, 0]",1,0,0,,0.75,4
6,9732aba7-8861-11f1-a46d-b48c9db4e1b4,1,"[1, 0, 1, 0]",2,1,1,,0.75,4
7,9732aba7-8861-11f1-a46d-b48c9db4e1b4,1,"[1, 0, 1, 0]",3,0,0,,0.75,4
8,9732aba7-8861-11f1-a46d-b48c9db4e1b4,2,"[0, 1, 1, 1]",0,0,0,,0.75,4
9,9732aba7-8861-11f1-a46d-b48c9db4e1b4,2,"[0, 1, 1, 1]",1,1,1,,0.75,4
10,9732aba7-8861-11f1-a46d-b48c9db4e1b4,2,"[0, 1, 1, 1]",2,1,1,,0.75,4
11,9732aba7-8861-11f1-a46d-b48c9db4e1b4,2,"[0, 1, 1, 1]",3,1,1,,0.75,4
12,9732aba7-8861-11f1-a46d-b48c9db4e1b4,3,"[1, 0, 1, 1]",0,1,1,,0.75,4
13,9732aba7-8861-11f1-a46d-b48c9db4e1b4,3,"[1, 0, 1, 1]",1,0,0,,0.75,4
14,9732aba7-8861-11f1-a46d-b48c9db4e1b4,3,"[1, 0, 1, 1]",2,1,1,,0.75,4
15,9732aba7-8861-11f1-a46d-b48c9db4e1b4,3,"[1, 0, 1, 1]",3,1,1,,0.75,4
16,9732aba7-8861-11f1-a46d-b48c9db4e1b4,4,"[1, 1, 1, 1]",0,1,-1,,0.75,4
17,9732aba7-8861-11f1-a46d-b48c9db4e1b4,4,"[1, 1, 1, 1]",1,1,-1,,0.75,4
18,9732aba7-8861-11f1-a46d-b48c9db4e1b4,4,"[1, 1, 1, 1]",2,1,-1,,0.75,4
19,9732aba7-8861-11f1-a46d-b48c9db4e1b4,4,"[1, 1, 1, 1]",3,1,-1,,0.75,4
20,9732aba7-8861-11f1-a46d-b48c9db4e1b4,5,"[1, 0, 1, 1]",0,1,1,,0.75,4
21,9732aba7-8861-11f1-a46d-b48c9db4e1b4,5,"[1, 0, 1, 1]",1,0,0,,0.75,4
22,9732aba7-8861-11f1-a46d-b48c9db4e1b4,5,"[1, 0, 1, 1]",2,1,1,,0.75,4
23,9732aba7-8861-11f1-a46d-b48c9db4e1b4,5,"[1, 0, 1, 1]",3,1,1,,0.75,4
24,9732aba7-8861-11f1-a46d-b48c9db4e1b4,6,"[1, 1, 1, 1]",0,1,-1,,0.75,4
25,9732aba7-8861-11f1-a46d-b48c9db4e1b4,6,"[1, 1, 1, 1]",1,1,-1,,0.75,4
26,9732aba7-8861-11f1-a46d-b48c9db4e1b4,6,"[1, 1, 1, 1]",2,1,-1,,0.75,4
27,9732aba7-8861-11f1-a46d-b48c9db4e1b4,6,"[1, 1, 1, 1]",3,1,-1,,0.75,4
28,9732aba7-8861-11f1-a46d-b48c9db4e1b4,7,"[1, 0, 1, 1]",0,1,1,,0.75,4
29,9732aba7-8861-11f1-a46d-b48c9db4e1b4,7,"[1, 0, 1, 1]",1,0,0,,0.75,4
30,9732aba7-8861-11f1-a46d-b48c9db4e1b4,7,"[1, 0, 1, 1]",2,1,1,,0.75,4
31,9732aba7-8861-11f1-a46d-b48c9db4e1b4,7,"[1, 0, 1, 1]",3,1,1,,0.75,4
32,9732aba7-8861-11f1-a46d-b48c9db4e1b4,8,"[1, 1, 0, 1]",0,1,1,,0.75,4
33,9732aba7-8861-11f1-a46d-b48c9db4e1b4,8,"[1, 1, 0, 1]",1,1,1,,0.75,4
34,9732aba7-8861-11f1-a46d-b48c9db4e1b4,8,"[1, 1, 0, 1]",2,0,0,,0.75,4
35,9732aba7-8861-11f1-a46d-b48c9db4e1b4,8,"[1, 1, 0, 1]",3,1,1,,0.75,4
36,9732aba7-8861-11f1-a46d-b48c9db4e1b4,9,"[1, 1, 1, 0]",0,1,1,,0.75,4
37,9732aba7-8861-11f1-a46d-b48c9db4e1b4,9,"[1, 1, 1, 0]",1,1,1,,0.75,4
38,9732aba7-8861-11f1-a46d-b48c9db4e1b4,9,"[1, 1, 1, 0]",2,1,1,,0.75,4
39,9732aba7-8861-11f1-a46d-b48c9db4e1b4,9,"[1, 1, 1, 0]",3,0,0,,0.75,4
40,9732aba7-8861-11f1-a46d-b48c9db4e1b4,10,"[0, 1, 1, 1]",0,0,0,,0.75,4
41,9732aba7-8861-11f1-a46d-b48c9db4e1b4,10,"[0, 1, 1, 1]",1,1,1,,0.75,4
42,9732aba7-8861-11f1-a46d-b48c9db4e1b4,10,"[0, 1, 1, 1]",2,1,1,,0.75,4
43,9732aba7-8861-11f1-a46d-b48c9db4e1b4,10,"[0, 1, 1, 1]",3,1,1,,0.75,4
44,9732aba7-8861-11f1-a46d-b48c9db4e1b4,11,"[1, 0, 1, 1]",0,1,1,,0.75,4
45,9732aba7-8861-11f1-a46d-b48c9db4e1b4,11,"[1, 0, 1, 1]",1,0,0,,0.75,4
46,9732aba7-8861-11f1-a46d-b48c9db4e1b4,11,"[1, 0, 1, 1]",2,1,1,,0.75,4
47,9732aba7-8861-11f1-a46d-b48c9db4e1b4,11,"[1, 0, 1, 1]",3,1,1,,0.75,4
48,9732aba7-8861-11f1-a46d-b48c9db4e1b4,12,"[1, 1, 1, 1]",0,1,-1,,0.75,4
49,9732aba7-8861-11f1-a46d-b48c9db4e1b4,12,"[1, 1, 1, 1]",1,1,-1,,0.75,4
50,9732aba7-8861-11f1-a46d-b48c9db4e1b4,12,"[1, 1, 1, 1]",2,1,-1,,0.75,4
51,9732aba7-8861-11f1-a46d-b48c9db4e1b4,12,"[1, 1, 1, 1]",3,1,-1,,0.75,4
52,9732aba7-8861-11f1-a46d-b48c9db4e1b4,13,"[1, 0, 1, 1]",0,1,1,,0.75,4
53,9732aba7-8861-11f1-a46d-b48c9db4e1b4,13,"[1, 0, 1, 1]",1,0,0,,0.75,4
54,9732aba7-8861-11f1-a46d-b48c9db4e1b4,13,"[1, 0, 1, 1]",2,1,1,,0.75,4
55,9732aba7-8861-11f1-a46d-b48c9db4e1b4,13,"[1, 0, 1, 1]",3,1,1,,0.75,4
56,9732aba7-8861-11f1-a46d-b48c9db4e1b4,14,"[1, 1, 0, 1]",0,1,1,,0.75,4
57,9732aba7-8861-11f1-a46d-b48c9db4e1b4,14,"[1, 1, 0, 1]",1,1,1,,0.75,4
58,9732aba7-8861-11f1-a46d-b48c9db4e1b4,14,"[1, 1, 0, 1]",2,0,0,,0.75,4
59,9732aba7-8861-11f1-a46d-b48c9db4e1b4,14,"[1, 1, 0, 1]",3,1,1,,0.75,4
60,9732aba7-8861-11f1-a46d-b48c9db4e1b4,15,"[1, 0, 1, 1]",0,1,1,,0.75,4
61,9732aba7-8861-11f1-a46d-b48c9db4e1b4,15,"[1, 0, 1, 1]",1,0,0,,0.75,4
62,9732aba7-8861-11f1-a46d-b48c9db4e1b4,15,"[1, 0, 1, 1]",2,1,1,,0.75,4
63,9732aba7-8861-11f1-a46d-b48c9db4e1b4,15,"[1, 0, 1, 1]",3,1,1,,0.75,4
64,9732aba7-8861-11f1-a46d-b48c9db4e1b4,16,"[1, 1, 0, 1]",0,1,1,,0.75,4
65,9732aba7-8861-11f1-a46d-b48c9db4e1b4,16,"[1, 1, 0, 1]",1,1,1,,0.75,4
66,9732aba7-8861-11f1-a46d-b48c9db4e1b4,16,"[1, 1, 0, 1]",2,0,0,,0.75,4
67,9732aba7-8861-11f1-a46d-b48c9db4e1b4,16,"[1, 1, 0, 1]",3,1,1,,0.75,4
68,9732aba7-8861-11f1-a46d-b48c9db4e1b4,17,"[1, 1, 1, 0]",0,1,1,,0.75,4
69,9732aba7-8861-11f1-a46d-b48c9db4e1b4,17,"[1, 1, 1, 0]",1,1,1,,0.75,4
70,9732aba7-8861-11f1-a46d-b48c9db4e1b4,17,"[1, 1, 1, 0]",2,1,1,,0.75,4
71,9732aba7-8861-11f1-a46d-b48c9db4e1b4,17,"[1, 1, 1, 0]",3,0,0,,0.75,4
72,9732aba7-8861-11f1-a46d-b48c9db4e1b4,18,"[0, 1, 1, 1]",0,0,0,,0.75,4
73,9732aba7-8861-11f1-a46d-b48c9db4e1b4,18,"[0, 1, 1, 1]",1,1,1,,0.75,4
74,9732aba7-8861-11f1-a46d-b48c9db4e1b4,18,"[0, 1, 1, 1]",2,1,1,,0.75,4
75,9732aba7-8861-11f1-a46d-b48c9db4e1b4,18,"[0, 1, 1, 1]",3,1,1,,0.75,4
76,9732aba7-8861-11f1-a46d-b48c9db4e1b4,19,"[1, 0, 1, 1]",0,1,1,,0.75,4
77,9732aba7-8861-11f1-a46d-b48c9db4e1b4,19,"[1, 0, 1, 1]",1,0,0,,0.75,4
78,9732aba7-8861-11f1-a46d-b48c9db4e1b4,19,"[1, 0, 1, 1]",2,1,1,,0.75,4
79,9732aba7-8861-11f1-a46d-b48c9db4e1b4,19,"[1, 0, 1, 1]",3,1,1,,0.75,4
80,9741804c-8861-11f1-b0b3-b48c9db4e1b4,0,"[1, 1, 1, 0]",0,1,1,,0.75,4
81,9741804c-8861-11f1-b0b3-b48c9db4e1b4,0,"[1, 1, 1, 0]",1,1,1,,0.75,4
82,9741804c-8861-11f1-b0b3-b48c9db4e1b4,0,"[1, 1, 1, 0]",2,1,1,,0.75,4
83,9741804c-8861-11f1-b0b3-b48c9db4e1b4,0,"[1, 1, 1, 0]",3,0,0,,0.75,4
84,9741804c-8861-11f1-b0b3-b48c9db4e1b4,1,"[1, 0, 1, 1]",0,1,1,,0.75,4
85,9741804c-8861-11f1-b0b3-b48c9db4e1b4,1,"[1, 0, 1, 1]",1,0,0,,0.75,4
86,9741804c-8861-11f1-b0b3-b48c9db4e1b4,1,"[1, 0, 1, 1]",2,1,1,,0.75,4
87,9741804c-8861-11f1-b0b3-b48c9db4e1b4,1,"[1, 0, 1, 1]",3,1,1,,0.75,4
88,9741804c-8861-11f1-b0b3-b48c9db4e1b4,2,"[1, 1, 1, 1]",0,1,-1,,0.75,4
89,9741804c-8861-11f1-b0b3-b48c9db4e1b4,2,"[1, 1, 1, 1]",1,1,-1,,0.75,4
90,9741804c-8861-11f1-b0b3-b48c9db4e1b4,2,"[1, 1, 1, 1]",2,1,-1,,0.75,4
91,9741804c-8861-11f1-b0b3-b48c9db4e1b4,2,"[1, 1, 1, 1]",3,1,-1,,0.75,4
92,9741804c-8861-11f1-b0b3-b48c9db4e1b4,3,"[1, 0, 1, 1]",0,1,1,,0.75,4
93,9741804c-8861-11f1-b0b3-b48c9db4e1b4,3,"[1, 0, 1, 1]",1,0,0,,0.75,4
94,9741804c-8861-11f1-b0b3-b48c9db4e1b4,3,"[1, 0, 1, 1]",2,1,1,,0.75,4
95,9741804c-8861-11f1-b0b3-b48c9db4e1b4,3,"[1, 0, 1, 1]",3,1,1,,0.75,4
96,9741804c-8861-11f1-b0b3-b48c9db4e1b4,4,"[1, 1, 0, 1]",0,1,1,,0.75,4
97,9741804c-8861-11f1-b0b3-b48c9db4e1b4,4,"[1, 1, 0, 1]",1,1,1,,0.75,4
98,9741804c-8861-11f1-b0b3-b48c9db4e1b4,4,"[1, 1, 0, 1]",2,0,0,,0.75,4
99,9741804c-8861-11f1-b0b3-b48c9db4e1b4,4,"[1, 1, 0, 1]",3,1,1,,0.75,4
100,9741804c-8861-11f1-b0b3-b48c9db4e1b4,5,"[1, 0, 1, 1]",0,1,1,,0.75,4
101,9741804c-8861-11f1-b0b3-b48c9db4e1b4,5,"[1, 0, 1, 1]",1,0,0,,0.75,4
102,9741804c-8861-11f1-b0b3-b48c9db4e1b4,5,"[1, 0, 1, 1]",2,1,1,,0.75,4
103,9741804c-8861-11f1-b0b3-b48c9db4e1b4,5,"[1, 0, 1, 1]",3,1,1,,0.75,4
104,9741804c-8861-11f1-b0b3-b48c9db4e1b4,6,"[1, 1, 0, 1]",0,1,1,,0.75,4
105,9741804c-8861-11f1-b0b3-b48c9db4e1b4,6,"[1, 1, 0, 1]",1,1,1,,0.75,4
106,9741804c-8861-11f1-b0b3-b48c9db4e1b4,6,"[1, 1, 0, 1]",2,0,0,,0.75,4
107,9741804c-8861-11f1-b0b3-b48c9db4e1b4,6,"[1, 1, 0, 1]",3,1,1,,0.75,4
108,9741804c-8861-11f1-b0b3-b48c9db4e1b4,7,"[1, 0, 1, 1]",0,1,1,,0.75,4
109,9741804c-8861-11f1-b0b3-b48c9db4e1b4,7,"[1, 0, 1, 1]",1,0,0,,0.75,4
110,9741804c-8861-11f1-b0b3-b48c9db4e1b4,7,"[1, 0, 1, 1]",2,1,1,,0.75,4
111,9741804c-8861-11f1-b0b3-b48c9db4e1b4,7,"[1, 0, 1, 1]",3,1,1,,0.75,4
112,9741804c-8861-11f1-b0b3-b48c9db4e1b4,8,"[1, 1, 0, 1]",0,1,1,,0.75,4
113,9741804c-8861-11f1-b0b3-b48c9db4e1b4,8,"[1, 1, 0, 1]",1,1,1,,0.75,4
114,9741804c-8861-11f1-b0b3-b48c9db4e1b4,8,"[1, 1, 0, 1]",2,0,0,,0.75,4
115,9741804c-8861-11f1-b0b3-b48c9db4e1b4,8,"[1, 1, 0, 1]",3,1,1,,0.75,4
116,9741804c-8861-11f1-b0b3-b48c9db4e1b4,9,"[1, 0, 1, 0]",0,1,1,,0.75,4
117,9741804c-8861-11f1-b0b3-b48c9db4e1b4,9,"[1, 0, 1, 0]",1,0,0,,0.75,4
118,9741804c-8861-11f1-b0b3-b48c9db4e1b4,9,"[1, 0, 1, 0]",2,1,1,,0.75,4
119,9741804c-8861-11f1-b0b3-b48c9db4e1b4,9,"[1, 0, 1, 0]",3,0,0,,0.75,4
120,9741804c-8861-11f1-b0b3-b48c9db4e1b4,10,"[0, 1, 0, 1]",0,0,0,,0.75,4
121,9741804c-8861-11f1-b0b3-b48c9db4e1b4,10,"[0, 1, 0, 1]",1,1,1,,0.75,4
122,9741804c-8861-11f1-b0b3-b48c9db4e1b4,10,"[0, 1, 0, 1]",2,0,0,,0.75,4
123,9741804c-8861-11f1-b0b3-b48c9db4e1b4,10,"[0, 1, 0, 1]",3,1,1,,0.75,4
124,9741804c-8861-11f1-b0b3-b48c9db4e1b4,11,"[1, 0, 1, 1]",0,1,1,,0.75,4
125,9741804c-8861-11f1-b0b3-b48c9db4e1b4,11,"[1, 0, 1, 1]",1,0,0,,0.75,4
126,9741804c-8861-11f1-b0b3-b48c9db4e1b4,11,"[1, 0, 1, 1]",2,1,1,,0.75,4
127,9741804c-8861-11f1-b0b3-b48c9db4e1b4,11,"[1, 0, 1, 1]",3,1,1,,0.75,4
128,9741804c-8861-11f1-b0b3-b48c9db4e1b4,12,"[0, 1, 0, 1]",0,0,0,,0.75,4
129,9741804c-8861-11f1-b0b3-b48c9db4e1b4,12,"[0, 1, 0, 1]",1,1,1,,0.75,4
130,9741804c-8861-11f1-b0b3-b48c9db4e1b4,12,"[0, 1, 0, 1]",2,0,0,,0.75,4
131,9741804c-8861-11f1-b0b3-b48c9db4e1b4,12,"[0, 1, 0, 1]",3,1,1,,0.75,4
132,9741804c-8861-11f1-b0b3-b48c9db4e1b4,13,"[1, 0, 1, 1]",0,1,1,,0.75,4
133,9741804c-8861-11f1-b0b3-b48c9db4e1b4,13,"[1, 0, 1, 1]",1,0,0,,0.75,4
134,9741804c-8861-11f1-b0b3-b48c9db4e1b4,13,"[1, 0, 1, 1]",2,1,1,,0.75,4
135,9741804c-8861-11f1-b0b3-b48c9db4e1b4,13,"[1, 0, 1, 1]",3,1,1,,0.75,4
136,9741804c-8861-11f1-b0b3-b48c9db4e1b4,14,"[1, 1, 0, 1]",0,1,1,,0.75,4
137,9741804c-8861-11f1-b0b3-b48c9db4e1b4,14,"[1, 1, 0, 1]",1,1,1,,0.75,4
138,9741804c-8861-11f1-b0b3-b48c9db4e1b4,14,"[1, 1, 0, 1]",2,0,0,,0.75,4
139,9741804c-8861-11f1-b0b3-b48c9db4e1b4,14,"[1, 1, 0, 1]",3,1,1,,0.75,4
140,9741804c-8861-11f1-b0b3-b48c9db4e1b4,15,"[1, 0, 1, 1]",0,1,1,,0.75,4
141,9741804c-8861-11f1-b0b3-b48c9db4e1b4,15,"[1, 0, 1, 1]",1,0,0,,0.75,4
142,9741804c-8861-11f1-b0b3-b48c9db4e1b4,15,"[1, 0, 1, 1]",2,1,1,,0.75,4
143,9741804c-8861-11f1-b0b3-b48c9db4e1b4,15,"[1, 0, 1, 1]",3,1,1,,0.75,4
144,9741804c-8861-11f1-b0b3-b48c9db4e1b4,16,"[1, 1, 0, 1]",0,1,1,,0.75,4
145,9741804c-8861-11f1-b0b3-b48c9db4e1b4,16,"[1, 1, 0, 1]",1,1,1,,0.75,4
146,9741804c-8861-11f1-b0b3-b48c9db4e1b4,16,"[1, 1, 0, 1]",2,0,0,,0.75,4
147,9741804c-8861-11f1-b0b3-b48c9db4e1b4,16,"[1, 1, 0, 1]",3,1,1,,0.75,4
148,9741804c-8861-11f1-b0b3-b48c9db4e1b4,17,"[1, 1, 1, 1]",0,1,-1,,0.75,4
149,9741804c-8861-11f1-b0b3-b48c9db4e1b4,17,"[1, 1, 1, 1]",1,1,-1,,0.75,4
150,9741804c-8861-11f1-b0b3-b48c9db4e1b4,17,"[1, 1, 1, 1]",2,1,-1,,0.75,4
151,9741804c-8861-11f1-b0b3-b48c9db4e1b4,17,"[1, 1, 1, 1]",3,1,-1,,0.75,4
152,9741804c-8861-11f1-b0b3-b48c9db4e1b4,18,"[0, 1, 1, 1]",0,0,0,,0.75,4
153,9741804c-8861-11f1-b0b3-b48c9db4e1b4,18,"[0, 1, 1, 1]",1,1,1,,0.75,4
154,9741804c-8861-11f1-b0b3-b48c9db4e1b4,18,"[0, 1, 1, 1]",2,1,1,,0.75,4
155,9741804c-8861-11f1-b0b3-b48c9db4e1b4,18,"[0, 1, 1, 1]",3,1,1,,0.75,4
156,9741804c-8861-11f1-b0b3-b48c9db4e1b4,19,"[1, 0, 1, 1]",0,1,1,,0.75,4
157,9741804c-8861-11f1-b0b3-b48c9db4e1b4,19,"[1, 0, 1, 1]",1,0,0,,0.75,4
158,9741804c-8861-11f1-b0b3-b48c9db4e1b4,19,"[1, 0, 1, 1]",2,1,1,,0.75,4
159,9741804c-8861-11f1-b0b3-b48c9db4e1b4,19,"[1, 0, 1, 1]",3,1,1,,0.75,4
160,97494442-8861-11f1-8601-b48c9db4e1b4,0,"[1, 0, 1, 1]",0,1,1,,0.75,4
161,97494442-8861-11f1-8601-b48c9db4e1b4,0,"[1, 0, 1, 1]",1,0,0,,0.75,4
162,97494442-8861-11f1-8601-b48c9db4e1b4,0,"[1, 0, 1, 1]",2,1,1,,0.75,4
163,97494442-8861-11f1-8601-b48c9db4e1b4,0,"[1, 0, 1, 1]",3,1,1,,0.75,4
164,97494442-8861-11f1-8601-b48c9db4e1b4,1,"[1, 0, 1, 1]",0,1,1,,0.75,4
165,97494442-8861-11f1-8601-b48c9db4e1b4,1,"[1, 0, 1, 1]",1,0,0,,0.75,4
166,97494442-8861-11f1-8601-b48c9db4e1b4,1,"[1, 0, 1, 1]",2,1,1,,0.75,4
167,97494442-8861-11f1-8601-b48c9db4e1b4,1,"[1, 0, 1, 1]",3,1,1,,0.75,4
168,97494442-8861-11f1-8601-b48c9db4e1b4,2,"[1, 0, 1, 1]",0,1,1,,0.75,4
169,97494442-8861-11f1-8601-b48c9db4e1b4,2,"[1, 0, 1, 1]",1,0,0,,0.75,4
170,97494442-8861-11f1-8601-b48c9db4e1b4,2,"[1, 0, 1, 1]",2,1,1,,0.75,4
171,97494442-8861-11f1-8601-b48c9db4e1b4,2,"[1, 0, 1, 1]",3,1,1,,0.75,4
172,97494442-8861-11f1-8601-b48c9db4e1b4,3,"[1, 0, 1, 1]",0,1,1,,0.75,4
173,97494442-8861-11f1-8601-b48c9db4e1b4,3,"[1, 0, 1, 1]",1,0,0,,0.75,4
174,97494442-8861-11f1-8601-b48c9db4e1b4,3,"[1, 0, 1, 1]",2,1,1,,0.75,4
175,97494442-8861-11f1-8601-b48c9db4e1b4,3,"[1, 0, 1, 1]",3,1,1,,0.75,4
176,97494442-8861-11f1-8601-b48c9db4e1b4,4,"[1, 0, 1, 1]",0,1,1,,0.75,4
177,97494442-8861-11f1-8601-b48c9db4e1b4,4,"[1, 0, 1, 1]",1,0,0,,0.75,4
178,97494442-8861-11f1-8601-b48c9db4e1b4,4,"[1, 0, 1, 1]",2,1,1,,0.75,4
179,97494442-8861-11f1-8601-b48c9db4e1b4,4,"[1, 0, 1, 1]",3,1,1,,0.75,4
180,97494442-8861-11f1-8601-b48c9db4e1b4,5,"[1, 0, 1, 1]",0,1,1,,0.75,4
181,97494442-8861-11f1-8601-b48c9db4e1b4,5,"[1, 0, 1, 1]",1,0,0,,0.75,4
182,97494442-8861-11f1-8601-b48c9db4e1b4,5,"[1, 0, 1, 1]",2,1,1,,0.75,4
183,97494442-8861-11f1-8601-b48c9db4e1b4,5,"[1, 0, 1, 1]",3,1,1,,0.75,4
184,97494442-8861-11f1-8601-b48c9db4e1b4,6,"[1, 0, 1, 1]",0,1,1,,0.75,4
185,97494442-8861-11f1-8601-b48c9db4e1b4,6,"[1, 0, 1, 1]",1,0,0,,0.75,4
186,97494442-8861-11f1-8601-b48c9db4e1b4,6,"[1, 0, 1, 1]",2,1,1,,0.75,4
187,97494442-8861-11f1-8601-b48c9db4e1b4,6,"[1, 0, 1, 1]",3,1,1,,0.75,4
188,97494442-8861-11f1-8601-b48c9db4e1b4,7,"[1, 0, 1, 1]",0,1,1,,0.75,4
189,97494442-8861-11f1-8601-b48c9db4e1b4,7,"[1, 0, 1, 1]",1,0,0,,0.75,4
190,97494442-8861-11f1-8601-b48c9db4e1b4,7,"[1, 0, 1, 1]",2,1,1,,0.75,4
191,97494442-8861-11f1-8601-b48c9db4e1b4,7,"[1, 0, 1, 1]",3,1,1,,0.75,4
192,97494442-8861-11f1-8601-b48c9db4e1b4,8,"[1, 0, 1, 1]",0,1,1,,0.75,4
193,97494442-8861-11f1-8601-b48c9db4e1b4,8,"[1, 0, 1, 1]",1,0,0,,0.75,4
194,97494442-8861-11f1-8601-b48c9db4e1b4,8,"[1, 0, 1, 1]",2,1,1,,0.75,4
195,97494442-8861-11f1-8601-b48c9db4e1b4,8,"[1, 0, 1, 1]",3,1,1,,0.75,4
196,97494442-8861-11f1-8601-b48c9db4e1b4,9,"[1, 0, 1, 1]",0,1,1,,0.75,4
197,97494442-8861-11f1-8601-b48c9db4e1b4,9,"[1, 0, 1, 1]",1,0,0,,0.75,4
198,97494442-8861-11f1-8601-b48c9db4e1b4,9,"[1, 0, 1, 1]",2,1,1,,0.75,4
199,97494442-8861-11f1-8601-b48c9db4e1b4,9,"[1, 0, 1, 1]",3,1,1,,0.75,4
200,97494442-8861-11f1-8601-b48c9db4e1b4,10,"[1, 0, 1, 1]",0,1,1,,0.75,4
201,97494442-8861-11f1-8601-b48c9db4e1b4,10,"[1, 0, 1, 1]",1,0,0,,0.75,4
202,97494442-8861-11f1-8601-b48c9db4e1b4,10,"[1, 0, 1, 1]",2,1,1,,0.75,4
203,97494442-8861-11f1-8601-b48c9db4e1b4,10,"[1, 0, 1, 1]",3,1,1,,0.75,4
204,97494442-8861-11f1-8601-b48c9db4e1b4,11,"[1, 0, 1, 1]",0,1,1,,0.75,4
205,97494442-8861-11f1-8601-b48c9db4e1b4,11,"[1, 0, 1, 1]",1,0,0,,0.75,4
206,97494442-8861-11f1-8601-b48c9db4e1b4,11,"[1, 0, 1, 1]",2,1,1,,0.75,4
207,97494442-8861-11f1-8601-b48c9db4e1b4,11,"[1, 0, 1, 1]",3,1,1,,0.75,4
208,97494442-8861-11f1-8601-b48c9db4e1b4,12,"[1, 0, 1, 1]",0,1,1,,0.75,4
209,97494442-8861-11f1-8601-b48c9db4e1b4,12,"[1, 0, 1, 1]",1,0,0,,0.75,4
210,97494442-8861-11f1-8601-b48c9db4e1b4,12,"[1, 0, 1, 1]",2,1,1,,0.75,4
211,97494442-8861-11f1-8601-b48c9db4e1b4,12,"[1, 0, 1, 1]",3,1,1,,0.75,4
212,97494442-8861-11f1-8601-b48c9db4e1b4,13,"[1, 0, 1, 1]",0,1,1,,0.75,4
213,97494442-8861-11f1-8601-b48c9db4e1b4,13,"[1, 0, 1, 1]",1,0,0,,0.75,4
214,97494442-8861-11f1-8601-b48c9db4e1b4,13,"[1, 0, 1, 1]",2,1,1,,0.75,4
215,97494442-8861-11f1-8601-b48c9db4e1b4,13,"[1, 0, 1, 1]",3,1,1,,0.75,4
216,97494442-8861-11f1-8601-b48c9db4e1b4,14,"[1, 0, 1, 1]",0,1,1,,0.75,4
217,97494442-8861-11f1-8601-b48c9db4e1b4,14,"[1, 0, 1, 1]",1,0,0,,0.75,4
218,97494442-8861-11f1-8601-b48c9db4e1b4,14,"[1, 0, 1, 1]",2,1,1,,0.75,4
219,97494442-8861-11f1-8601-b48c9db4e1b4,14,"[1, 0, 1, 1]",3,1,1,,0.75,4
220,97494442-8861-11f1-8601-b48c9db4e1b4,15,"[1, 0, 1, 1]",0,1,1,,0.75,4
221,97494442-8861-11f1-8601-b48c9db4e1b4,15,"[1, 0, 1, 1]",1,0,0,,0.75,4
222,97494442-8861-11f1-8601-b48c9db4e1b4,15,"[1, 0, 1, 1]",2,1,1,,0.75,4
223,97494442-8861-11f1-8601-b48c9db4e1b4,15,"[1, 0, 1, 1]",3,1,1,,0.75,4
224,97494442-8861-11f1-8601-b48c9db4e1b4,16,"[1, 0, 1, 1]",0,1,1,,0.75,4
225,97494442-8861-11f1-8601-b48c9db4e1b4,16,"[1, 0, 1, 1]",1,0,0,,0.75,4
226,97494442-8861-11f1-8601-b48c9db4e1b4,16,"[1, 0, 1, 1]",2,1,1,,0.75,4
227,97494442-8861-11f1-8601-b48c9db4e1b4,16,"[1, 0, 1, 1]",3,1,1,,0.75,4
228,97494442-8861-11f1-8601-b48c9db4e1b4,17,"[1, 0, 1, 1]",0,1,1,,0.75,4
229,97494442-8861-11f1-8601-b48c9db4e1b4,17,"[1, 0, 1, 1]",1,0,0,,0.75,4
230,97494442-8861-11f1-8601-b48c9db4e1b4,17,"[1, 0, 1, 1]",2,1,1,,0.75,4
231,97494442-8861-11f1-8601-b48c9db4e1b4,17,"[1, 0, 1, 1]",3,1,1,,0.75,4
232,97494442-8861-11f1-8601-b48c9db4e1b4,18,"[1, 0, 1, 1]",0,1,1,,0.75,4
233,97494442-8861-11f1-8601-b48c9db4e1b4,18,"[1, 0, 1, 1]",1,0,0,,0.75,4
234,97494442-8861-11f1-8601-b48c9db4e1b4,18,"[1, 0, 1, 1]",2,1,1,,0.75,4
235,97494442-8861-11f1-8601-b48c9db4e1b4,18,"[1, 0, 1, 1]",3,1,1,,0.75,4
236,97494442-8861-11f1-8601-b48c9db4e1b4,19,"[1, 0, 1, 1]",0,1,1,,0.75,4
237,97494442-8861-11f1-8601-b48c9db4e1b4,19,"[1, 0, 1, 1]",1,0,0,,0.75,4
238,97494442-8861-11f1-8601-b48c9db4e1b4,19,"[1, 0, 1, 1]",2,1,1,,0.75,4
239,97494442-8861-11f1-8601-b48c9db4e1b4,19,"[1, 0, 1, 1]",3,1,1,,0.75,4
240,97512c2f-8861-11f1-a6e0-b48c9db4e1b4,0,"[0, 1, 1, 0]",0,0,0,,0.75,4
241,97512c2f-8861-11f1-a6e0-b48c9db4e1b4,0,"[0, 1, 1, 0]",1,1,1,,0.75,4
242,97512c2f-8861-11f1-a6e0-b48c9db4e1b4,0,"[0, 1, 1, 0]",2,1,1,,0.75,4
243,97512c2f-8861-11f1-a6e0-b48c9db4e1b4,0,"[0, 1, 1, 0]",3,0,0,,0.75,4
244,97512c2f-8861-11f1-a6e0-b48c9db4e1b4,1,"[1, 0, 1, 1]",0,1,1,,0.75,4
245,97512c2f-8861-11f1-a6e0-b48c9db4e1b4,1,"[1, 0, 1, 1]",1,0,0,,0.75,4
246,97512c2f-8861-11f1-a6e0-b48c9db4e1b4,1,"[1, 0, 1, 1]",2,1,1,,0.75,4
247,97512c2f-8861-11f1-a6e0-b48c9db4e1b4,1,"[1, 0, 1, 1]",3,1,1,,0.75,4
248,97512c2f-8861-11f1-a6e0-b48c9db4e1b4,2,"[1, 1, 1, 1]",0,1,-1,,0.75,4
249,97512c2f-8861-11f1-a6e0-b48c9db4e1b4,2,"[1, 1, 1, 1]",1,1,-1,,0.75,4
250,97512c2f-8861-11f1-a6e0-b48c9db4e1b4,2,"[1, 1, 1, 1]",2,1,-1,,0.75,4
251,97512c2f-8861-11f1-a6e0-b48c9db4e1b4,2,"[1, 1, 1, 1]",3,1,-1,,0.75,4
252,97512c2f-8861-11f1-a6e0-b48c9db4e1b4,3,"[1, 0, 1, 1]",0,1,1,,0.75,4
253,97512c2f-8861-11f1-a6e0-b48c9db4e1b4,3,"[1, 0, 1, 1]",1,0,0,,0.75,4
254,97512c2f-8861-11f1-a6e0-b48c9db4e1b4,3,"[1, 0, 1, 1]",2,1,1,,0.75,4
255,97512c2f-8861-11f1-a6e0-b48c9db4e1b4,3,"[1, 0, 1, 1]",3,1,1,,0.75,4
256,97512c2f-8861-11f1-a6e0-b48c9db4e1b4,4,"[1, 1, 1, 1]",0,1,-1,,0.75,4
257,97512c2f-8861-11f1-a6e0-b48c9db4e1b4,4,"[1, 1, 1, 1]",1,1,-1,,0.75,4
258,97512c2f-8861-11f1-a6e0-b48c9db4e1b4,4,"[1, 1, 1, 1]",2,1,-1,,0.75,4
259,97512c2f-8861-11f1-a6e0-b48c9db4e1b4,4,"[1, 1, 1, 1]",3,1,-1,,0.75,4
260,97512c2f-8861-11f1-a6e0-b48c9db4e1b4,5,"[1, 0, 1, 1]",0,1,1,,0.75,4
261,97512c2f-8861-11f1-a6e0-b48c9db4e1b4,5,"[1, 0, 1, 1]",1,0,0,,0.75,4
262,97512c2f-8861-11f1-a6e0-b48c9db4e1b4,5,"[1, 0, 1, 1]",2,1,1,,0.75,4
263,97512c2f-8861-11f1-a6e0-b48c9db4e1b4,5,"[1, 0, 1, 1]",3,1,1,,0.75,4
264,97512c2f-8861-11f1-a6e0-b48c9db4e1b4,6,"[1, 1, 1, 1]",0,1,-1,,0.75,4
265,97512c2f-8861-11f1-a6e0-b48c9db4e1b4,6,"[1, 1, 1, 1]",1,1,-1,,0.75,4
266,97512c2f-8861-11f1-a6e0-b48c9db4e1b4,6,"[1, 1, 1, 1]",2,1,-1,,0.75,4
267,97512c2f-8861-11f1-a6e0-b48c9db4e1b4,6,"[1, 1, 1, 1]",3,1,-1,,0.75,4
268,97512c2f-8861-11f1-a6e0-b48c9db4e1b4,7,"[1, 0, 1, 1]",0,1,1,,0.75,4
269,97512c2f-8861-11f1-a6e0-b48c9db4e1b4,7,"[1, 0, 1, 1]",1,0,0,,0.75,4
270,97512c2f-8861-11f1-a6e0-b48c9db4e1b4,7,"[1, 0, 1, 1]",2,1,1,,0.75,4
271,97512c2f-8861-11f1-a6e0-b48c9db4e1b4,7,"[1, 0, 1, 1]",3,1,1,,0.75,4
272,97512c2f-8861-11f1-a6e0-b48c9db4e1b4,8,"[1, 1, 0, 1]",0,1,1,,0.75,4
273,97512c2f-8861-11f1-a6e0-b48c9db4e1b4,8,"[1, 1, 0, 1]",1,1,1,,0.75,4
274,97512c2f-8861-11f1-a6e0-b48c9db4e1b4,8,"[1, 1, 0, 1]",2,0,0,,0.75,4
275,97512c2f-8861-11f1-a6e0-b48c9db4e1b4,8,"[1, 1, 0, 1]",3,1,1,,0.75,4
276,97512c2f-8861-11f1-a6e0-b48c9db4e1b4,9,"[1, 0, 1, 0]",0,1,1,,0.75,4
277,97512c2f-8861-11f1-a6e0-b48c9db4e1b4,9,"[1, 0, 1, 0]",1,0,0,,0.75,4
278,97512c2f-8861-11f1-a6e0-b48c9db4e1b4,9,"[1, 0, 1, 0]",2,1,1,,0.75,4
279,97512c2f-8861-11f1-a6e0-b48c9db4e1b4,9,"[1, 0, 1, 0]",3,0,0,,0.75,4
280,97512c2f-8861-11f1-a6e0-b48c9db4e1b4,10,"[1, 1, 1, 1]",0,1,-1,,0.75,4
281,97512c2f-8861-11f1-a6e0-b48c9db4e1b4,10,"[1, 1, 1, 1]",1,1,-1,,0.75,4
282,97512c2f-8861-11f1-a6e0-b48c9db4e1b4,10,"[1, 1, 1, 1]",2,1,-1,,0.75,4
283,97512c2f-8861-11f1-a6e0-b48c9db4e1b4,10,"[1, 1, 1, 1]",3,1,-1,,0.75,4
284,97512c2f-8861-11f1-a6e0-b48c9db4e1b4,11,"[1, 0, 1, 1]",0,1,1,,0.75,4
285,97512c2f-8861-11f1-a6e0-b48c9db4e1b4,11,"[1, 0, 1, 1]",1,0,0,,0.75,4
286,97512c2f-8861-11f1-a6e0-b48c9db4e1b4,11,"[1, 0, 1, 1]",2,1,1,,0.75,4
287,97512c2f-8861-11f1-a6e0-b48c9db4e1b4,11,"[1, 0, 1, 1]",3,1,1,,0.75,4
288,97512c2f-8861-11f1-a6e0-b48c9db4e1b4,12,"[1, 0, 0, 1]",0,1,1,,0.75,4
289,97512c2f-8861-11f1-a6e0-b48c9db4e1b4,12,"[1, 0, 0, 1]",1,0,0,,0.75,4
290,97512c2f-8861-11f1-a6e0-b48c9db4e1b4,12,"[1, 0, 0, 1]",2,0,0,,0.75,4
291,97512c2f-8861-11f1-a6e0-b48c9db4e1b4,12,"[1, 0, 0, 1]",3,1,1,,0.75,4
292,97512c2f-8861-11f1-a6e0-b48c9db4e1b4,13,"[1, 0, 1, 1]",0,1,1,,0.75,4
293,97512c2f-8861-11f1-a6e0-b48c9db4e1b4,13,"[1, 0, 1, 1]",1,0,0,,0.75,4
294,97512c2f-8861-11f1-a6e0-b48c9db4e1b4,13,"[1, 0, 1, 1]",2,1,1,,0.75,4
295,97512c2f-8861-11f1-a6e0-b48c9db4e1b4,13,"[1, 0, 1, 1]",3,1,1,,0.75,4
296,97512c2f-8861-11f1-a6e0-b48c9db4e1b4,14,"[1, 1, 0, 1]",0,1,1,,0.75,4
297,97512c2f-8861-11f1-a6e0-b48c9db4e1b4,14,"[1, 1, 0, 1]",1,1,1,,0.75,4
298,97512c2f-8861-11f1-a6e0-b48c9db4e1b4,14,"[1, 1, 0, 1]",2,0,0,,0.75,4
299,97512c2f-8861-11f1-a6e0-b48c9db4e1b4,14,"[1, 1, 0, 1]",3,1,1,,0.75,4
300,97512c2f-8861-11f1-a6e0-b48c9db4e1b4,15,"[1, 1, 1, 0]",0,1,1,,0.75,4
301,97512c2f-8861-11f1-a6e0-b48c9db4e1b4,15,"[1, 1, 1, 0]",1,1,1,,0.75,4
302,97512c2f-8861-11f1-a6e0-b48c9db4e1b4,15,"[1, 1, 1, 0]",2,1,1,,0.75,4
303,97512c2f-8861-11f1-a6e0-b48c9db4e1b4,15,"[1, 1, 1, 0]",3,0,0,,0.75,4
304,97512c2f-8861-11f1-a6e0-b48c9db4e1b4,16,"[0, 1, 1, 1]",0,0,0,,0.75,4
305,97512c2f-8861-11f1-a6e0-b48c9db4e1b4,16,"[0, 1, 1, 1]",1,1,1,,0.75,4
306,97512c2f-8861-11f1-a6e0-b48c9db4e1b4,16,"[0, 1, 1, 1]",2,1,1,,0.75,4
307,97512c2f-8861-11f1-a6e0-b48c9db4e1b4,16,"[0, 1, 1, 1]",3,1,1,,0.75,4
308,97512c2f-8861-11f1-a6e0-b48c9db4e1b4,17,"[1, 0, 1, 1]",0,1,1,,0.75,4
309,97512c2f-8861-11f1-a6e0-b48c9db4e1b4,17,"[1, 0, 1, 1]",1,0,0,,0.75,4
310,97512c2f-8861-11f1-a6e0-b48c9db4e1b4,17,"[1, 0, 1, 1]",2,1,1,,0.75,4
311,97512c2f-8861-11f1-a6e0-b48c9db4e1b4,17,"[1, 0, 1, 1]",3,1,1,,0.75,4
312,97512c2f-8861-11f1-a6e0-b48c9db4e1b4,18,"[1, 1, 1, 1]",0,1,-1,,0.75,4
313,97512c2f-8861-11f1-a6e0-b48c9db4e1b4,18,"[1, 1, 1, 1]",1,1,-1,,0.75,4
314,97512c2f-8861-11f1-a6e0-b48c9db4e1b4,18,"[1, 1, 1, 1]",2,1,-1,,0.75,4
315,97512c2f-8861-11f1-a6e0-b48c9db4e1b4,18,"[1, 1, 1, 1]",3,1,-1,,0.75,4
316,97512c2f-8861-11f1-a6e0-b48c9db4e1b4,19,"[1, 0, 1, 1]",0,1,1,,0.75,4
317,97512c2f-8861-11f1-a6e0-b48c9db4e1b4,19,"[1, 0, 1, 1]",1,0,0,,0.75,4
318,97512c2f-8861-11f1-a6e0-b48c9db4e1b4,19,"[1, 0, 1, 1]",2,1,1,,0.75,4
319,97512c2f-8861-11f1-a6e0-b48c9db4e1b4,19,"[1, 0, 1, 1]",3,1,1,,0.75,4
320,975b664e-8861-11f1-a5d5-b48c9db4e1b4,0,"[0, 1, 0, 0]",0,0,0,,0.75,4
321,975b664e-8861-11f1-a5d5-b48c9db4e1b4,0,"[0, 1, 0, 0]",1,1,1,,0.75,4
322,975b664e-8861-11f1-a5d5-b48c9db4e1b4,0,"[0, 1, 0, 0]",2,0,0,,0.75,4
323,975b664e-8861-11f1-a5d5-b48c9db4e1b4,0,"[0, 1, 0, 0]",3,0,0,,0.75,4
324,975b664e-8861-11f1-a5d5-b48c9db4e1b4,1,"[1, 0, 1, 1]",0,1,1,,0.75,4
325,975b664e-8861-11f1-a5d5-b48c9db4e1b4,1,"[1, 0, 1, 1]",1,0,0,,0.75,4
326,975b664e-8861-11f1-a5d5-b48c9db4e1b4,1,"[1, 0, 1, 1]",2,1,1,,0.75,4
327,975b664e-8861-11f1-a5d5-b48c9db4e1b4,1,"[1, 0, 1, 1]",3,1,1,,0.75,4
328,975b664e-8861-11f1-a5d5-b48c9db4e1b4,2,"[1, 1, 0, 1]",0,1,1,,0.75,4
329,975b664e-8861-11f1-a5d5-b48c9db4e1b4,2,"[1, 1, 0, 1]",1,1,1,,0.75,4
330,975b664e-8861-11f1-a5d5-b48c9db4e1b4,2,"[1, 1, 0, 1]",2,0,0,,0.75,4
331,975b664e-8861-11f1-a5d5-b48c9db4e1b4,2,"[1, 1, 0, 1]",3,1,1,,0.75,4
332,975b664e-8861-11f1-a5d5-b48c9db4e1b4,3,"[1, 1, 1, 1]",0,1,-1,,0.75,4
333,975b664e-8861-11f1-a5d5-b48c9db4e1b4,3,"[1, 1, 1, 1]",1,1,-1,,0.75,4
334,975b664e-8861-11f1-a5d5-b48c9db4e1b4,3,"[1, 1, 1, 1]",2,1,-1,,0.75,4
335,975b664e-8861-11f1-a5d5-b48c9db4e1b4,3,"[1, 1, 1, 1]",3,1,-1,,0.75,4
336,975b664e-8861-11f1-a5d5-b48c9db4e1b4,4,"[1, 1, 0, 1]",0,1,1,,0.75,4
337,975b664e-8861-11f1-a5d5-b48c9db4e1b4,4,"[1, 1, 0, 1]",1,1,1,,0.75,4
338,975b664e-8861-11f1-a5d5-b48c9db4e1b4,4,"[1, 1, 0, 1]",2,0,0,,0.75,4
339,975b664e-8861-11f1-a5d5-b48c9db4e1b4,4,"[1, 1, 0, 1]",3,1,1,,0.75,4
340,975b664e-8861-11f1-a5d5-b48c9db4e1b4,5,"[1, 0, 1, 1]",0,1,1,,0.75,4
341,975b664e-8861-11f1-a5d5-b48c9db4e1b4,5,"[1, 0, 1, 1]",1,0,0,,0.75,4
342,975b664e-8861-11f1-a5d5-b48c9db4e1b4,5,"[1, 0, 1, 1]",2,1,1,,0.75,4
343,975b664e-8861-11f1-a5d5-b48c9db4e1b4,5,"[1, 0, 1, 1]",3,1,1,,0.75,4
344,975b664e-8861-11f1-a5d5-b48c9db4e1b4,6,"[1, 1, 0, 1]",0,1,1,,0.75,4
345,975b664e-8861-11f1-a5d5-b48c9db4e1b4,6,"[1, 1, 0, 1]",1,1,1,,0.75,4
346,975b664e-8861-11f1-a5d5-b48c9db4e1b4,6,"[1, 1, 0, 1]",2,0,0,,0.75,4
347,975b664e-8861-11f1-a5d5-b48c9db4e1b4,6,"[1, 1, 0, 1]",3,1,1,,0.75,4
348,975b664e-8861-11f1-a5d5-b48c9db4e1b4,7,"[1, 0, 1, 1]",0,1,1,,0.75,4
349,975b664e-8861-11f1-a5d5-b48c9db4e1b4,7,"[1, 0, 1, 1]",1,0,0,,0.75,4
350,975b664e-8861-11f1-a5d5-b48c9db4e1b4,7,"[1, 0, 1, 1]",2,1,1,,0.75,4
351,975b664e-8861-11f1-a5d5-b48c9db4e1b4,7,"[1, 0, 1, 1]",3,1,1,,0.75,4
352,975b664e-8861-11f1-a5d5-b48c9db4e1b4,8,"[1, 1, 0, 1]",0,1,1,,0.75,4
353,975b664e-8861-11f1-a5d5-b48c9db4e1b4,8,"[1, 1, 0, 1]",1,1,1,,0.75,4
354,975b664e-8861-11f1-a5d5-b48c9db4e1b4,8,"[1, 1, 0, 1]",2,0,0,,0.75,4
355,975b664e-8861-11f1-a5d5-b48c9db4e1b4,8,"[1, 1, 0, 1]",3,1,1,,0.75,4
356,975b664e-8861-11f1-a5d5-b48c9db4e1b4,9,"[1, 0, 1, 0]",0,1,1,,0.75,4
357,975b664e-8861-11f1-a5d5-b48c9db4e1b4,9,"[1, 0, 1, 0]",1,0,0,,0.75,4
358,975b664e-8861-11f1-a5d5-b48c9db4e1b4,9,"[1, 0, 1, 0]",2,1,1,,0.75,4
359,975b664e-8861-11f1-a5d5-b48c9db4e1b4,9,"[1, 0, 1, 0]",3,0,0,,0.75,4
360,975b664e-8861-11f1-a5d5-b48c9db4e1b4,10,"[1, 1, 0, 1]",0,1,1,,0.75,4
361,975b664e-8861-11f1-a5d5-b48c9db4e1b4,10,"[1, 1, 0, 1]",1,1,1,,0.75,4
362,975b664e-8861-11f1-a5d5-b48c9db4e1b4,10,"[1, 1, 0, 1]",2,0,0,,0.75,4
363,975b664e-8861-11f1-a5d5-b48c9db4e1b4,10,"[1, 1, 0, 1]",3,1,1,,0.75,4
364,975b664e-8861-11f1-a5d5-b48c9db4e1b4,11,"[1, 0, 1, 0]",0,1,1,,0.75,4
365,975b664e-8861-11f1-a5d5-b48c9db4e1b4,11,"[1, 0, 1, 0]",1,0,0,,0.75,4
366,975b664e-8861-11f1-a5d5-b48c9db4e1b4,11,"[1, 0, 1, 0]",2,1,1,,0.75,4
367,975b664e-8861-11f1-a5d5-b48c9db4e1b4,11,"[1, 0, 1, 0]",3,0,0,,0.75,4
368,975b664e-8861-11f1-a5d5-b48c9db4e1b4,12,"[0, 1, 0, 1]",0,0,0,,0.75,4
369,975b664e-8861-11f1-a5d5-b48c9db4e1b4,12,"[0, 1, 0, 1]",1,1,1,,0.75,4
370,975b664e-8861-11f1-a5d5-b48c9db4e1b4,12,"[0, 1, 0, 1]",2,0,0,,0.75,4
371,975b664e-8861-11f1-a5d5-b48c9db4e1b4,12,"[0, 1, 0, 1]",3,1,1,,0.75,4
372,975b664e-8861-11f1-a5d5-b48c9db4e1b4,13,"[1, 0, 1, 1]",0,1,1,,0.75,4
373,975b664e-8861-11f1-a5d5-b48c9db4e1b4,13,"[1, 0, 1, 1]",1,0,0,,0.75,4
374,975b664e-8861-11f1-a5d5-b48c9db4e1b4,13,"[1, 0, 1, 1]",2,1,1,,0.75,4
375,975b664e-8861-11f1-a5d5-b48c9db4e1b4,13,"[1, 0, 1, 1]",3,1,1,,0.75,4
376,975b664e-8861-11f1-a5d5-b48c9db4e1b4,14,"[0, 1, 0, 1]",0,0,0,,0.75,4
377,975b664e-8861-11f1-a5d5-b48c9db4e1b4,14,"[0, 1, 0, 1]",1,1,1,,0.75,4
378,975b664e-8861-11f1-a5d5-b48c9db4e1b4,14,"[0, 1, 0, 1]",2,0,0,,0.75,4
379,975b664e-8861-11f1-a5d5-b48c9db4e1b4,14,"[0, 1, 0, 1]",3,1,1,,0.75,4
380,975b664e-8861-11f1-a5d5-b48c9db4e1b4,15,"[1, 0, 1, 1]",0,1,1,,0.75,4
381,975b664e-8861-11f1-a5d5-b48c9db4e1b4,15,"[1, 0, 1, 1]",1,0,0,,0.75,4
382,975b664e-8861-11f1-a5d5-b48c9db4e1b4,15,"[1, 0, 1, 1]",2,1,1,,0.75,4
383,975b664e-8861-11f1-a5d5-b48c9db4e1b4,15,"[1, 0, 1, 1]",3,1,1,,0.75,4
384,975b664e-8861-11f1-a5d5-b48c9db4e1b4,16,"[1, 1, 0, 1]",0,1,1,,0.75,4
385,975b664e-8861-11f1-a5d5-b48c9db4e1b4,16,"[1, 1, 0, 1]",1,1,1,,0.75,4
386,975b664e-8861-11f1-a5d5-b48c9db4e1b4,16,"[1, 1, 0, 1]",2,0,0,,0.75,4
387,975b664e-8861-11f1-a5d5-b48c9db4e1b4,16,"[1, 1, 0, 1]",3,1,1,,0.75,4
388,975b664e-8861-11f1-a5d5-b48c9db4e1b4,17,"[1, 1, 1, 0]",0,1,1,,0.75,4
389,975b664e-8861-11f1-a5d5-b48c9db4e1b4,17,"[1, 1, 1, 0]",1,1,1,,0.75,4
390,975b664e-8861-11f1-a5d5-b48c9db4e1b4,17,"[1, 1, 1, 0]",2,1,1,,0.75,4
391,975b664e-8861-11f1-a5d5-b48c9db4e1b4,17,"[1, 1, 1, 0]",3,0,0,,0.75,4
392,975b664e-8861-11f1-a5d5-b48c9db4e1b4,18,"[0, 1, 1, 1]",0,0,0,,0.75,4
393,975b664e-8861-11f1-a5d5-b48c9db4e1b4,18,"[0, 1, 1, 1]",1,1,1,,0.75,4
394,975b664e-8861-11f1-a5d5-b48c9db4e1b4,18,"[0, 1, 1, 1]",2,1,1,,0.75,4
395,975b664e-8861-11f1-a5d5-b48c9db4e1b4,18,"[0, 1, 1, 1]",3,1,1,,0.75,4
396,975b664e-8861-11f1-a5d5-b48c9db4e1b4,19,"[1, 0, 1, 1]",0,1,1,,0.75,4
397,975b664e-8861-11f1-a5d5-b48c9db4e1b4,19,"[1, 0, 1, 1]",1,0,0,,0.75,4
398,975b664e-8861-11f1-a5d5-b48c9db4e1b4,19,"[1, 0, 1, 1]",2,1,1,,0.75,4
399,975b664e-8861-11f1-a5d5-b48c9db4e1b4,19,"[1, 0, 1, 1]",3,1,1,,0.75,4
400,9764898a-8861-11f1-81a0-b48c9db4e1b4,0,"[0, 1, 0, 1]",0,0,0,,0.75,4
401,9764898a-8861-11f1-81a0-b48c9db4e1b4,0,"[0, 1, 0, 1]",1,1,1,,0.75,4
402,9764898a-8861-11f1-81a0-b48c9db4e1b4,0,"[0, 1, 0, 1]",2,0,0,,0.75,4
403,9764898a-8861-11f1-81a0-b48c9db4e1b4,0,"[0, 1, 0, 1]",3,1,1,,0.75,4
404,9764898a-8861-11f1-81a0-b48c9db4e1b4,1,"[1, 0, 1, 1]",0,1,1,,0.75,4
405,9764898a-8861-11f1-81a0-b48c9db4e1b4,1,"[1, 0, 1, 1]",1,0,0,,0.75,4
406,9764898a-8861-11f1-81a0-b48c9db4e1b4,1,"[1, 0, 1, 1]",2,1,1,,0.75,4
407,9764898a-8861-11f1-81a0-b48c9db4e1b4,1,"[1, 0, 1, 1]",3,1,1,,0.75,4
408,9764898a-8861-11f1-81a0-b48c9db4e1b4,2,"[1, 1, 0, 1]",0,1,1,,0.75,4
409,9764898a-8861-11f1-81a0-b48c9db4e1b4,2,"[1, 1, 0, 1]",1,1,1,,0.75,4
410,9764898a-8861-11f1-81a0-b48c9db4e1b4,2,"[1, 1, 0, 1]",2,0,0,,0.75,4
411,9764898a-8861-11f1-81a0-b48c9db4e1b4,2,"[1, 1, 0, 1]",3,1,1,,0.75,4
412,9764898a-8861-11f1-81a0-b48c9db4e1b4,3,"[1, 0, 1, 1]",0,1,1,,0.75,4
413,9764898a-8861-11f1-81a0-b48c9db4e1b4,3,"[1, 0, 1, 1]",1,0,0,,0.75,4
414,9764898a-8861-11f1-81a0-b48c9db4e1b4,3,"[1, 0, 1, 1]",2,1,1,,0.75,4
415,9764898a-8861-11f1-81a0-b48c9db4e1b4,3,"[1, 0, 1, 1]",3,1,1,,0.75,4
416,9764898a-8861-11f1-81a0-b48c9db4e1b4,4,"[1, 1, 0, 1]",0,1,1,,0.75,4
417,9764898a-8861-11f1-81a0-b48c9db4e1b4,4,"[1, 1, 0, 1]",1,1,1,,0.75,4
418,9764898a-8861-11f1-81a0-b48c9db4e1b4,4,"[1, 1, 0, 1]",2,0,0,,0.75,4
419,9764898a-8861-11f1-81a0-b48c9db4e1b4,4,"[1, 1, 0, 1]",3,1,1,,0.75,4
420,9764898a-8861-11f1-81a0-b48c9db4e1b4,5,"[1, 0, 1, 0]",0,1,1,,0.75,4
421,9764898a-8861-11f1-81a0-b48c9db4e1b4,5,"[1, 0, 1, 0]",1,0,0,,0.75,4
422,9764898a-8861-11f1-81a0-b48c9db4e1b4,5,"[1, 0, 1, 0]",2,1,1,,0.75,4
423,9764898a-8861-11f1-81a0-b48c9db4e1b4,5,"[1, 0, 1, 0]",3,0,0,,0.75,4
424,9764898a-8861-11f1-81a0-b48c9db4e1b4,6,"[0, 1, 1, 1]",0,0,0,,0.75,4
425,9764898a-8861-11f1-81a0-b48c9db4e1b4,6,"[0, 1, 1, 1]",1,1,1,,0.75,4
426,9764898a-8861-11f1-81a0-b48c9db4e1b4,6,"[0, 1, 1, 1]",2,1,1,,0.75,4
427,9764898a-8861-11f1-81a0-b48c9db4e1b4,6,"[0, 1, 1, 1]",3,1,1,,0.75,4
428,9764898a-8861-11f1-81a0-b48c9db4e1b4,7,"[1, 0, 1, 1]",0,1,1,,0.75,4
429,9764898a-8861-11f1-81a0-b48c9db4e1b4,7,"[1, 0, 1, 1]",1,0,0,,0.75,4
430,9764898a-8861-11f1-81a0-b48c9db4e1b4,7,"[1, 0, 1, 1]",2,1,1,,0.75,4
431,9764898a-8861-11f1-81a0-b48c9db4e1b4,7,"[1, 0, 1, 1]",3,1,1,,0.75,4
432,9764898a-8861-11f1-81a0-b48c9db4e1b4,8,"[1, 1, 0, 1]",0,1,1,,0.75,4
433,9764898a-8861-11f1-81a0-b48c9db4e1b4,8,"[1, 1, 0, 1]",1,1,1,,0.75,4
434,9764898a-8861-11f1-81a0-b48c9db4e1b4,8,"[1, 1, 0, 1]",2,0,0,,0.75,4
435,9764898a-8861-11f1-81a0-b48c9db4e1b4,8,"[1, 1, 0, 1]",3,1,1,,0.75,4
436,9764898a-8861-11f1-81a0-b48c9db4e1b4,9,"[1, 1, 1, 1]",0,1,-1,,0.75,4
437,9764898a-8861-11f1-81a0-b48c9db4e1b4,9,"[1, 1, 1, 1]",1,1,-1,,0.75,4
438,9764898a-8861-11f1-81a0-b48c9db4e1b4,9,"[1, 1, 1, 1]",2,1,-1,,0.75,4
439,9764898a-8861-11f1-81a0-b48c9db4e1b4,9,"[1, 1, 1, 1]",3,1,-1,,0.75,4
440,9764898a-8861-11f1-81a0-b48c9db4e1b4,10,"[0, 1, 1, 1]",0,0,0,,0.75,4
441,9764898a-8861-11f1-81a0-b48c9db4e1b4,10,"[0, 1, 1, 1]",1,1,1,,0.75,4
442,9764898a-8861-11f1-81a0-b48c9db4e1b4,10,"[0, 1, 1, 1]",2,1,1,,0.75,4
443,9764898a-8861-11f1-81a0-b48c9db4e1b4,10,"[0, 1, 1, 1]",3,1,1,,0.75,4
444,9764898a-8861-11f1-81a0-b48c9db4e1b4,11,"[1, 0, 1, 1]",0,1,1,,0.75,4
445,9764898a-8861-11f1-81a0-b48c9db4e1b4,11,"[1, 0, 1, 1]",1,0,0,,0.75,4
446,9764898a-8861-11f1-81a0-b48c9db4e1b4,11,"[1, 0, 1, 1]",2,1,1,,0.75,4
447,9764898a-8861-11f1-81a0-b48c9db4e1b4,11,"[1, 0, 1, 1]",3,1,1,,0.75,4
448,9764898a-8861-11f1-81a0-b48c9db4e1b4,12,"[0, 1, 0, 1]",0,0,0,,0.75,4
449,9764898a-8861-11f1-81a0-b48c9db4e1b4,12,"[0, 1, 0, 1]",1,1,1,,0.75,4
450,9764898a-8861-11f1-81a0-b48c9db4e1b4,12,"[0, 1, 0, 1]",2,0,0,,0.75,4
451,9764898a-8861-11f1-81a0-b48c9db4e1b4,12,"[0, 1, 0, 1]",3,1,1,,0.75,4
452,9764898a-8861-11f1-81a0-b48c9db4e1b4,13,"[1, 0, 1, 1]",0,1,1,,0.75,4
453,9764898a-8861-11f1-81a0-b48c9db4e1b4,13,"[1, 0, 1, 1]",1,0,0,,0.75,4
454,9764898a-8861-11f1-81a0-b48c9db4e1b4,13,"[1, 0, 1, 1]",2,1,1,,0.75,4
455,9764898a-8861-11f1-81a0-b48c9db4e1b4,13,"[1, 0, 1, 1]",3,1,1,,0.75,4
456,9764898a-8861-11f1-81a0-b48c9db4e1b4,14,"[1, 1, 0, 1]",0,1,1,,0.75,4
457,9764898a-8861-11f1-81a0-b48c9db4e1b4,14,"[1, 1, 0, 1]",1,1,1,,0.75,4
458,9764898a-8861-11f1-81a0-b48c9db4e1b4,14,"[1, 1, 0, 1]",2,0,0,,0.75,4
459,9764898a-8861-11f1-81a0-b48c9db4e1b4,14,"[1, 1, 0, 1]",3,1,1,,0.75,4
460,9764898a-8861-11f1-81a0-b48c9db4e1b4,15,"[1, 0, 1, 0]",0,1,1,,0.75,4
461,9764898a-8861-11f1-81a0-b48c9db4e1b4,15,"[1, 0, 1, 0]",1,0,0,,0.75,4
462,9764898a-8861-11f1-81a0-b48c9db4e1b4,15,"[1, 0, 1, 0]",2,1,1,,0.75,4
463,9764898a-8861-11f1-81a0-b48c9db4e1b4,15,"[1, 0, 1, 0]",3,0,0,,0.75,4
464,9764898a-8861-11f1-81a0-b48c9db4e1b4,16,"[0, 1, 1, 1]",0,0,0,,0.75,4
465,9764898a-8861-11f1-81a0-b48c9db4e1b4,16,"[0, 1, 1, 1]",1,1,1,,0.75,4
466,9764898a-8861-11f1-81a0-b48c9db4e1b4,16,"[0, 1, 1, 1]",2,1,1,,0.75,4
467,9764898a-8861-11f1-81a0-b48c9db4e1b4,16,"[0, 1, 1, 1]",3,1,1,,0.75,4
468,9764898a-8861-11f1-81a0-b48c9db4e1b4,17,"[1, 0, 1, 1]",0,1,1,,0.75,4
469,9764898a-8861-11f1-81a0-b48c9db4e1b4,17,"[1, 0, 1, 1]",1,0,0,,0.75,4
470,9764898a-8861-11f1-81a0-b48c9db4e1b4,17,"[1, 0, 1, 1]",2,1,1,,0.75,4
471,9764898a-8861-11f1-81a0-b48c9db4e1b4,17,"[1, 0, 1, 1]",3,1,1,,0.75,4
472,9764898a-8861-11f1-81a0-b48c9db4e1b4,18,"[0, 1, 0, 1]",0,0,0,,0.75,4
473,9764898a-8861-11f1-81a0-b48c9db4e1b4,18,"[0, 1, 0, 1]",1,1,1,,0.75,4
474,9764898a-8861-11f1-81a0-b48c9db4e1b4,18,"[0, 1, 0, 1]",2,0,0,,0.75,4
475,9764898a-8861-11f1-81a0-b48c9db4e1b4,18,"[0, 1, 0, 1]",3,1,1,,0.75,4
476,9764898a-8861-11f1-81a0-b48c9db4e1b4,19,"[1, 0, 1, 1]",0,1,1,,0.75,4
477,9764898a-8861-11f1-81a0-b48c9db4e1b4,19,"[1, 0, 1, 1]",1,0,0,,0.75,4
478,9764898a-8861-11f1-81a0-b48c9db4e1b4,19,"[1, 0, 1, 1]",2,1,1,,0.75,4
479,9764898a-8861-11f1-81a0-b48c9db4e1b4,19,"[1, 0, 1, 1]",3,1,1,,0.75,4
480,976cffca-8861-11f1-ae74-b48c9db4e1b4,0,"[0, 0, 1, 1]",0,0,0,,0.75,4
481,976cffca-8861-11f1-ae74-b48c9db4e1b4,0,"[0, 0, 1, 1]",1,0,0,,0.75,4
482,976cffca-8861-11f1-ae74-b48c9db4e1b4,0,"[0, 0, 1, 1]",2,1,1,,0.75,4
483,976cffca-8861-11f1-ae74-b48c9db4e1b4,0,"[0, 0, 1, 1]",3,1,1,,0.75,4
484,976cffca-8861-11f1-ae74-b48c9db4e1b4,1,"[1, 0, 1, 1]",0,1,1,,0.75,4
485,976cffca-8861-11f1-ae74-b48c9db4e1b4,1,"[1, 0, 1, 1]",1,0,0,,0.75,4
486,976cffca-8861-11f1-ae74-b48c9db4e1b4,1,"[1, 0, 1, 1]",2,1,1,,0.75,4
487,976cffca-8861-11f1-ae74-b48c9db4e1b4,1,"[1, 0, 1, 1]",3,1,1,,0.75,4
488,976cffca-8861-11f1-ae74-b48c9db4e1b4,2,"[1, 1, 1, 1]",0,1,-1,,0.75,4
489,976cffca-8861-11f1-ae74-b48c9db4e1b4,2,"[1, 1, 1, 1]",1,1,-1,,0.75,4
490,976cffca-8861-11f1-ae74-b48c9db4e1b4,2,"[1, 1, 1, 1]",2,1,-1,,0.75,4
491,976cffca-8861-11f1-ae74-b48c9db4e1b4,2,"[1, 1, 1, 1]",3,1,-1,,0.75,4
492,976cffca-8861-11f1-ae74-b48c9db4e1b4,3,"[1, 0, 1, 1]",0,1,1,,0.75,4
493,976cffca-8861-11f1-ae74-b48c9db4e1b4,3,"[1, 0, 1, 1]",1,0,0,,0.75,4
494,976cffca-8861-11f1-ae74-b48c9db4e1b4,3,"[1, 0, 1, 1]",2,1,1,,0.75,4
495,976cffca-8861-11f1-ae74-b48c9db4e1b4,3,"[1, 0, 1, 1]",3,1,1,,0.75,4
496,976cffca-8861-11f1-ae74-b48c9db4e1b4,4,"[1, 1, 1, 1]",0,1,-1,,0.75,4
497,976cffca-8861-11f1-ae74-b48c9db4e1b4,4,"[1, 1, 1, 1]",1,1,-1,,0.75,4
498,976cffca-8861-11f1-ae74-b48c9db4e1b4,4,"[1, 1, 1, 1]",2,1,-1,,0.75,4
499,976cffca-8861-11f1-ae74-b48c9db4e1b4,4,"[1, 1, 1, 1]",3,1,-1,,0.75,4
500,976cffca-8861-11f1-ae74-b48c9db4e1b4,5,"[1, 0, 1, 1]",0,1,1,,0.75,4
501,976cffca-8861-11f1-ae74-b48c9db4e1b4,5,"[1, 0, 1, 1]",1,0,0,,0.75,4
502,976cffca-8861-11f1-ae74-b48c9db4e1b4,5,"[1, 0, 1, 1]",2,1,1,,0.75,4
503,976cffca-8861-11f1-ae74-b48c9db4e1b4,5,"[1, 0, 1, 1]",3,1,1,,0.75,4
504,976cffca-8861-11f1-ae74-b48c9db4e1b4,6,"[1, 1, 0, 1]",0,1,1,,0.75,4
505,976cffca-8861-11f1-ae74-b48c9db4e1b4,6,"[1, 1, 0, 1]",1,1,1,,0.75,4
506,976cffca-8861-11f1-ae74-b48c9db4e1b4,6,"[1, 1, 0, 1]",2,0,0,,0.75,4
507,976cffca-8861-11f1-ae74-b48c9db4e1b4,6,"[1, 1, 0, 1]",3,1,1,,0.75,4
508,976cffca-8861-11f1-ae74-b48c9db4e1b4,7,"[1, 0, 1, 1]",0,1,1,,0.75,4
509,976cffca-8861-11f1-ae74-b48c9db4e1b4,7,"[1, 0, 1, 1]",1,0,0,,0.75,4
510,976cffca-8861-11f1-ae74-b48c9db4e1b4,7,"[1, 0, 1, 1]",2,1,1,,0.75,4
511,976cffca-8861-11f1-ae74-b48c9db4e1b4,7,"[1, 0, 1, 1]",3,1,1,,0.75,4
512,976cffca-8861-11f1-ae74-b48c9db4e1b4,8,"[1, 1, 0, 1]",0,1,1,,0.75,4
513,976cffca-8861-11f1-ae74-b48c9db4e1b4,8,"[1, 1, 0, 1]",1,1,1,,0.75,4
514,976cffca-8861-11f1-ae74-b48c9db4e1b4,8,"[1, 1, 0, 1]",2,0,0,,0.75,4
515,976cffca-8861-11f1-ae74-b48c9db4e1b4,8,"[1, 1, 0, 1]",3,1,1,,0.75,4
516,976cffca-8861-11f1-ae74-b48c9db4e1b4,9,"[1, 0, 1, 0]",0,1,1,,0.75,4
517,976cffca-8861-11f1-ae74-b48c9db4e1b4,9,"[1, 0, 1, 0]",1,0,0,,0.75,4
518,976cffca-8861-11f1-ae74-b48c9db4e1b4,9,"[1, 0, 1, 0]",2,1,1,,0.75,4
519,976cffca-8861-11f1-ae74-b48c9db4e1b4,9,"[1, 0, 1, 0]",3,0,0,,0.75,4
520,976cffca-8861-11f1-ae74-b48c9db4e1b4,10,"[1, 1, 0, 1]",0,1,1,,0.75,4
521,976cffca-8861-11f1-ae74-b48c9db4e1b4,10,"[1, 1, 0, 1]",1,1,1,,0.75,4
522,976cffca-8861-11f1-ae74-b48c9db4e1b4,10,"[1, 1, 0, 1]",2,0,0,,0.75,4
523,976cffca-8861-11f1-ae74-b48c9db4e1b4,10,"[1, 1, 0, 1]",3,1,1,,0.75,4
524,976cffca-8861-11f1-ae74-b48c9db4e1b4,11,"[1, 1, 1, 0]",0,1,1,,0.75,4
525,976cffca-8861-11f1-ae74-b48c9db4e1b4,11,"[1, 1, 1, 0]",1,1,1,,0.75,4
526,976cffca-8861-11f1-ae74-b48c9db4e1b4,11,"[1, 1, 1, 0]",2,1,1,,0.75,4
527,976cffca-8861-11f1-ae74-b48c9db4e1b4,11,"[1, 1, 1, 0]",3,0,0,,0.75,4
528,976cffca-8861-11f1-ae74-b48c9db4e1b4,12,"[0, 1, 1, 1]",0,0,0,,0.75,4
529,976cffca-8861-11f1-ae74-b48c9db4e1b4,12,"[0, 1, 1, 1]",1,1,1,,0.75,4
530,976cffca-8861-11f1-ae74-b48c9db4e1b4,12,"[0, 1, 1, 1]",2,1,1,,0.75,4
531,976cffca-8861-11f1-ae74-b48c9db4e1b4,12,"[0, 1, 1, 1]",3,1,1,,0.75,4
532,976cffca-8861-11f1-ae74-b48c9db4e1b4,13,"[1, 0, 1, 1]",0,1,1,,0.75,4
533,976cffca-8861-11f1-ae74-b48c9db4e1b4,13,"[1, 0, 1, 1]",1,0,0,,0.75,4
534,976cffca-8861-11f1-ae74-b48c9db4e1b4,13,"[1, 0, 1, 1]",2,1,1,,0.75,4
535,976cffca-8861-11f1-ae74-b48c9db4e1b4,13,"[1, 0, 1, 1]",3,1,1,,0.75,4
536,976cffca-8861-11f1-ae74-b48c9db4e1b4,14,"[1, 1, 1, 1]",0,1,-1,,0.75,4
537,976cffca-8861-11f1-ae74-b48c9db4e1b4,14,"[1, 1, 1, 1]",1,1,-1,,0.75,4
538,976cffca-8861-11f1-ae74-b48c9db4e1b4,14,"[1, 1, 1, 1]",2,1,-1,,0.75,4
539,976cffca-8861-11f1-ae74-b48c9db4e1b4,14,"[1, 1, 1, 1]",3,1,-1,,0.75,4
540,976cffca-8861-11f1-ae74-b48c9db4e1b4,15,"[1, 0, 1, 1]",0,1,1,,0.75,4
541,976cffca-8861-11f1-ae74-b48c9db4e1b4,15,"[1, 0, 1, 1]",1,0,0,,0.75,4
542,976cffca-8861-11f1-ae74-b48c9db4e1b4,15,"[1, 0, 1, 1]",2,1,1,,0.75,4
543,976cffca-8861-11f1-ae74-b48c9db4e1b4,15,"[1, 0, 1, 1]",3,1,1,,0.75,4
544,976cffca-8861-11f1-ae74-b48c9db4e1b4,16,"[1, 1, 0, 1]",0,1,1,,0.75,4
545,976cffca-8861-11f1-ae74-b48c9db4e1b4,16,"[1, 1, 0, 1]",1,1,1,,0.75,4
546,976cffca-8861-11f1-ae74-b48c9db4e1b4,16,"[1, 1, 0, 1]",2,0,0,,0.75,4
547,976cffca-8861-11f1-ae74-b48c9db4e1b4,16,"[1, 1, 0, 1]",3,1,1,,0.75,4
548,976cffca-8861-11f1-ae74-b48c9db4e1b4,17,"[1, 0, 1, 0]",0,1,1,,0.75,4
549,976cffca-8861-11f1-ae74-b48c9db4e1b4,17,"[1, 0, 1, 0]",1,0,0,,0.75,4
550,976cffca-8861-11f1-ae74-b48c9db4e1b4,17,"[1, 0, 1, 0]",2,1,1,,0.75,4
551,976cffca-8861-11f1-ae74-b48c9db4e1b4,17,"[1, 0, 1, 0]",3,0,0,,0.75,4
552,976cffca-8861-11f1-ae74-b48c9db4e1b4,18,"[0, 1, 1, 1]",0,0,0,,0.75,4
553,976cffca-8861-11f1-ae74-b48c9db4e1b4,18,"[0, 1, 1, 1]",1,1,1,,0.75,4
554,976cffca-8861-11f1-ae74-b48c9db4e1b4,18,"[0, 1, 1, 1]",2,1,1,,0.75,4
555,976cffca-8861-11f1-ae74-b48c9db4e1b4,18,"[0, 1, 1, 1]",3,1,1,,0.75,4
556,976cffca-8861-11f1-ae74-b48c9db4e1b4,19,"[1, 0, 1, 1]",0,1,1,,0.75,4
557,976cffca-8861-11f1-ae74-b48c9db4e1b4,19,"[1, 0, 1, 1]",1,0,0,,0.75,4
558,976cffca-8861-11f1-ae74-b48c9db4e1b4,19,"[1, 0, 1, 1]",2,1,1,,0.75,4
559,976cffca-8861-11f1-ae74-b48c9db4e1b4,19,"[1, 0, 1, 1]",3,1,1,,0.75,4
560,97753bbb-8861-11f1-a362-b48c9db4e1b4,0,"[0, 1, 0, 0]",0,0,0,,0.75,4
561,97753bbb-8861-11f1-a362-b48c9db4e1b4,0,"[0, 1, 0, 0]",1,1,1,,0.75,4
562,97753bbb-8861-11f1-a362-b48c9db4e1b4,0,"[0, 1, 0, 0]",2,0,0,,0.75,4
563,97753bbb-8861-11f1-a362-b48c9db4e1b4,0,"[0, 1, 0, 0]",3,0,0,,0.75,4
564,97753bbb-8861-11f1-a362-b48c9db4e1b4,1,"[1, 0, 1, 1]",0,1,1,,0.75,4
565,97753bbb-8861-11f1-a362-b48c9db4e1b4,1,"[1, 0, 1, 1]",1,0,0,,0.75,4
566,97753bbb-8861-11f1-a362-b48c9db4e1b4,1,"[1, 0, 1, 1]",2,1,1,,0.75,4
567,97753bbb-8861-11f1-a362-b48c9db4e1b4,1,"[1, 0, 1, 1]",3,1,1,,0.75,4
568,97753bbb-8861-11f1-a362-b48c9db4e1b4,2,"[1, 1, 0, 1]",0,1,1,,0.75,4
569,97753bbb-8861-11f1-a362-b48c9db4e1b4,2,"[1, 1, 0, 1]",1,1,1,,0.75,4
570,97753bbb-8861-11f1-a362-b48c9db4e1b4,2,"[1, 1, 0, 1]",2,0,0,,0.75,4
571,97753bbb-8861-11f1-a362-b48c9db4e1b4,2,"[1, 1, 0, 1]",3,1,1,,0.75,4
572,97753bbb-8861-11f1-a362-b48c9db4e1b4,3,"[1, 1, 1, 1]",0,1,-1,,0.75,4
573,97753bbb-8861-11f1-a362-b48c9db4e1b4,3,"[1, 1, 1, 1]",1,1,-1,,0.75,4
574,97753bbb-8861-11f1-a362-b48c9db4e1b4,3,"[1, 1, 1, 1]",2,1,-1,,0.75,4
575,97753bbb-8861-11f1-a362-b48c9db4e1b4,3,"[1, 1, 1, 1]",3,1,-1,,0.75,4
576,97753bbb-8861-11f1-a362-b48c9db4e1b4,4,"[0, 1, 0, 1]",0,0,0,,0.75,4
577,97753bbb-8861-11f1-a362-b48c9db4e1b4,4,"[0, 1, 0, 1]",1,1,1,,0.75,4
578,97753bbb-8861-11f1-a362-b48c9db4e1b4,4,"[0, 1, 0, 1]",2,0,0,,0.75,4
579,97753bbb-8861-11f1-a362-b48c9db4e1b4,4,"[0, 1, 0, 1]",3,1,1,,0.75,4
580,97753bbb-8861-11f1-a362-b48c9db4e1b4,5,"[1, 0, 1, 1]",0,1,1,,0.75,4
581,97753bbb-8861-11f1-a362-b48c9db4e1b4,5,"[1, 0, 1, 1]",1,0,0,,0.75,4
582,97753bbb-8861-11f1-a362-b48c9db4e1b4,5,"[1, 0, 1, 1]",2,1,1,,0.75,4
583,97753bbb-8861-11f1-a362-b48c9db4e1b4,5,"[1, 0, 1, 1]",3,1,1,,0.75,4
584,97753bbb-8861-11f1-a362-b48c9db4e1b4,6,"[1, 1, 0, 1]",0,1,1,,0.75,4
585,97753bbb-8861-11f1-a362-b48c9db4e1b4,6,"[1, 1, 0, 1]",1,1,1,,0.75,4
586,97753bbb-8861-11f1-a362-b48c9db4e1b4,6,"[1, 1, 0, 1]",2,0,0,,0.75,4
587,97753bbb-8861-11f1-a362-b48c9db4e1b4,6,"[1, 1, 0, 1]",3,1,1,,0.75,4
588,97753bbb-8861-11f1-a362-b48c9db4e1b4,7,"[1, 1, 1, 1]",0,1,-1,,0.75,4
589,97753bbb-8861-11f1-a362-b48c9db4e1b4,7,"[1, 1, 1, 1]",1,1,-1,,0.75,4
590,97753bbb-8861-11f1-a362-b48c9db4e1b4,7,"[1, 1, 1, 1]",2,1,-1,,0.75,4
591,97753bbb-8861-11f1-a362-b48c9db4e1b4,7,"[1, 1, 1, 1]",3,1,-1,,0.75,4
592,97753bbb-8861-11f1-a362-b48c9db4e1b4,8,"[1, 1, 0, 1]",0,1,1,,0.75,4
593,97753bbb-8861-11f1-a362-b48c9db4e1b4,8,"[1, 1, 0, 1]",1,1,1,,0.75,4
594,97753bbb-8861-11f1-a362-b48c9db4e1b4,8,"[1, 1, 0, 1]",2,0,0,,0.75,4
595,97753bbb-8861-11f1-a362-b48c9db4e1b4,8,"[1, 1, 0, 1]",3,1,1,,0.75,4
596,97753bbb-8861-11f1-a362-b48c9db4e1b4,9,"[1, 1, 1, 1]",0,1,-1,,0.75,4
597,97753bbb-8861-11f1-a362-b48c9db4e1b4,9,"[1, 1, 1, 1]",1,1,-1,,0.75,4
598,97753bbb-8861-11f1-a362-b48c9db4e1b4,9,"[1, 1, 1, 1]",2,1,-1,,0.75,4
599,97753bbb-8861-11f1-a362-b48c9db4e1b4,9,"[1, 1, 1, 1]",3,1,-1,,0.75,4
600,97753bbb-8861-11f1-a362-b48c9db4e1b4,10,"[0, 1, 1, 1]",0,0,0,,0.75,4
601,97753bbb-8861-11f1-a362-b48c9db4e1b4,10,"[0, 1, 1, 1]",1,1,1,,0.75,4
602,97753bbb-8861-11f1-a362-b48c9db4e1b4,10,"[0, 1, 1, 1]",2,1,1,,0.75,4
603,97753bbb-8861-11f1-a362-b48c9db4e1b4,10,"[0, 1, 1, 1]",3,1,1,,0.75,4
604,97753bbb-8861-11f1-a362-b48c9db4e1b4,11,"[1, 0, 1, 1]",0,1,1,,0.75,4
605,97753bbb-8861-11f1-a362-b48c9db4e1b4,11,"[1, 0, 1, 1]",1,0,0,,0.75,4
606,97753bbb-8861-11f1-a362-b48c9db4e1b4,11,"[1, 0, 1, 1]",2,1,1,,0.75,4
607,97753bbb-8861-11f1-a362-b48c9db4e1b4,11,"[1, 0, 1, 1]",3,1,1,,0.75,4
608,97753bbb-8861-11f1-a362-b48c9db4e1b4,12,"[1, 1, 0, 1]",0,1,1,,0.75,4
609,97753bbb-8861-11f1-a362-b48c9db4e1b4,12,"[1, 1, 0, 1]",1,1,1,,0.75,4
610,97753bbb-8861-11f1-a362-b48c9db4e1b4,12,"[1, 1, 0, 1]",2,0,0,,0.75,4
611,97753bbb-8861-11f1-a362-b48c9db4e1b4,12,"[1, 1, 0, 1]",3,1,1,,0.75,4
612,97753bbb-8861-11f1-a362-b48c9db4e1b4,13,"[1, 1, 1, 0]",0,1,1,,0.75,4
613,97753bbb-8861-11f1-a362-b48c9db4e1b4,13,"[1, 1, 1, 0]",1,1,1,,0.75,4
614,97753bbb-8861-11f1-a362-b48c9db4e1b4,13,"[1, 1, 1, 0]",2,1,1,,0.75,4
615,97753bbb-8861-11f1-a362-b48c9db4e1b4,13,"[1, 1, 1, 0]",3,0,0,,0.75,4
616,97753bbb-8861-11f1-a362-b48c9db4e1b4,14,"[0, 1, 1, 1]",0,0,0,,0.75,4
617,97753bbb-8861-11f1-a362-b48c9db4e1b4,14,"[0, 1, 1, 1]",1,1,1,,0.75,4
618,97753bbb-8861-11f1-a362-b48c9db4e1b4,14,"[0, 1, 1, 1]",2,1,1,,0.75,4
619,97753bbb-8861-11f1-a362-b48c9db4e1b4,14,"[0, 1, 1, 1]",3,1,1,,0.75,4
620,97753bbb-8861-11f1-a362-b48c9db4e1b4,15,"[1, 0, 1, 1]",0,1,1,,0.75,4
621,97753bbb-8861-11f1-a362-b48c9db4e1b4,15,"[1, 0, 1, 1]",1,0,0,,0.75,4
622,97753bbb-8861-11f1-a362-b48c9db4e1b4,15,"[1, 0, 1, 1]",2,1,1,,0.75,4
623,97753bbb-8861-11f1-a362-b48c9db4e1b4,15,"[1, 0, 1, 1]",3,1,1,,0.75,4
624,97753bbb-8861-11f1-a362-b48c9db4e1b4,16,"[1, 1, 0, 1]",0,1,1,,0.75,4
625,97753bbb-8861-11f1-a362-b48c9db4e1b4,16,"[1, 1, 0, 1]",1,1,1,,0.75,4
626,97753bbb-8861-11f1-a362-b48c9db4e1b4,16,"[1, 1, 0, 1]",2,0,0,,0.75,4
627,97753bbb-8861-11f1-a362-b48c9db4e1b4,16,"[1, 1, 0, 1]",3,1,1,,0.75,4
628,97753bbb-8861-11f1-a362-b48c9db4e1b4,17,"[1, 0, 1, 1]",0,1,1,,0.75,4
629,97753bbb-8861-11f1-a362-b48c9db4e1b4,17,"[1, 0, 1, 1]",1,0,0,,0.75,4
630,97753bbb-8861-11f1-a362-b48c9db4e1b4,17,"[1, 0, 1, 1]",2,1,1,,0.75,4
631,97753bbb-8861-11f1-a362-b48c9db4e1b4,17,"[1, 0, 1, 1]",3,1,1,,0.75,4
632,97753bbb-8861-11f1-a362-b48c9db4e1b4,18,"[1, 1, 0, 1]",0,1,1,,0.75,4
633,97753bbb-8861-11f1-a362-b48c9db4e1b4,18,"[1, 1, 0, 1]",1,1,1,,0.75,4
634,97753bbb-8861-11f1-a362-b48c9db4e1b4,18,"[1, 1, 0, 1]",2,0,0,,0.75,4
635,97753bbb-8861-11f1-a362-b48c9db4e1b4,18,"[1, 1, 0, 1]",3,1,1,,0.75,4
636,97753bbb-8861-11f1-a362-b48c9db4e1b4,19,"[1, 1, 1, 1]",0,1,-1,,0.75,4
637,97753bbb-8861-11f1-a362-b48c9db4e1b4,19,"[1, 1, 1, 1]",1,1,-1,,0.75,4
638,97753bbb-8861-11f1-a362-b48c9db4e1b4,19,"[1, 1, 1, 1]",2,1,-1,,0.75,4
639,97753bbb-8861-11f1-a362-b48c9db4e1b4,19,"[1, 1, 1, 1]",3,1,-1,,0.75,4
640,977d7422-8861-11f1-b0b3-b48c9db4e1b4,0,"[1, 1, 0, 1]",0,1,1,,0.75,4
641,977d7422-8861-11f1-b0b3-b48c9db4e1b4,0,"[1, 1, 0, 1]",1,1,1,,0.75,4
642,977d7422-8861-11f1-b0b3-b48c9db4e1b4,0,"[1, 1, 0, 1]",2,0,0,,0.75,4
643,977d7422-8861-11f1-b0b3-b48c9db4e1b4,0,"[1, 1, 0, 1]",3,1,1,,0.75,4
644,977d7422-8861-11f1-b0b3-b48c9db4e1b4,1,"[1, 0, 1, 0]",0,1,1,,0.75,4
645,977d7422-8861-11f1-b0b3-b48c9db4e1b4,1,"[1, 0, 1, 0]",1,0,0,,0.75,4
646,977d7422-8861-11f1-b0b3-b48c9db4e1b4,1,"[1, 0, 1, 0]",2,1,1,,0.75,4
647,977d7422-8861-11f1-b0b3-b48c9db4e1b4,1,"[1, 0, 1, 0]",3,0,0,,0.75,4
648,977d7422-8861-11f1-b0b3-b48c9db4e1b4,2,"[0, 1, 1, 1]",0,0,0,,0.75,4
649,977d7422-8861-11f1-b0b3-b48c9db4e1b4,2,"[0, 1, 1, 1]",1,1,1,,0.75,4
650,977d7422-8861-11f1-b0b3-b48c9db4e1b4,2,"[0, 1, 1, 1]",2,1,1,,0.75,4
651,977d7422-8861-11f1-b0b3-b48c9db4e1b4,2,"[0, 1, 1, 1]",3,1,1,,0.75,4
652,977d7422-8861-11f1-b0b3-b48c9db4e1b4,3,"[1, 0, 1, 1]",0,1,1,,0.75,4
653,977d7422-8861-11f1-b0b3-b48c9db4e1b4,3,"[1, 0, 1, 1]",1,0,0,,0.75,4
654,977d7422-8861-11f1-b0b3-b48c9db4e1b4,3,"[1, 0, 1, 1]",2,1,1,,0.75,4
655,977d7422-8861-11f1-b0b3-b48c9db4e1b4,3,"[1, 0, 1, 1]",3,1,1,,0.75,4
656,977d7422-8861-11f1-b0b3-b48c9db4e1b4,4,"[1, 1, 0, 1]",0,1,1,,0.75,4
657,977d7422-8861-11f1-b0b3-b48c9db4e1b4,4,"[1, 1, 0, 1]",1,1,1,,0.75,4
658,977d7422-8861-11f1-b0b3-b48c9db4e1b4,4,"[1, 1, 0, 1]",2,0,0,,0.75,4
659,977d7422-8861-11f1-b0b3-b48c9db4e1b4,4,"[1, 1, 0, 1]",3,1,1,,0.75,4
660,977d7422-8861-11f1-b0b3-b48c9db4e1b4,5,"[1, 1, 1, 1]",0,1,-1,,0.75,4
661,977d7422-8861-11f1-b0b3-b48c9db4e1b4,5,"[1, 1, 1, 1]",1,1,-1,,0.75,4
662,977d7422-8861-11f1-b0b3-b48c9db4e1b4,5,"[1, 1, 1, 1]",2,1,-1,,0.75,4
663,977d7422-8861-11f1-b0b3-b48c9db4e1b4,5,"[1, 1, 1, 1]",3,1,-1,,0.75,4
664,977d7422-8861-11f1-b0b3-b48c9db4e1b4,6,"[1, 1, 1, 1]",0,1,-1,,0.75,4
665,977d7422-8861-11f1-b0b3-b48c9db4e1b4,6,"[1, 1, 1, 1]",1,1,-1,,0.75,4
666,977d7422-8861-11f1-b0b3-b48c9db4e1b4,6,"[1, 1, 1, 1]",2,1,-1,,0.75,4
667,977d7422-8861-11f1-b0b3-b48c9db4e1b4,6,"[1, 1, 1, 1]",3,1,-1,,0.75,4
668,977d7422-8861-11f1-b0b3-b48c9db4e1b4,7,"[1, 0, 1, 1]",0,1,1,,0.75,4
669,977d7422-8861-11f1-b0b3-b48c9db4e1b4,7,"[1, 0, 1, 1]",1,0,0,,0.75,4
670,977d7422-8861-11f1-b0b3-b48c9db4e1b4,7,"[1, 0, 1, 1]",2,1,1,,0.75,4
671,977d7422-8861-11f1-b0b3-b48c9db4e1b4,7,"[1, 0, 1, 1]",3,1,1,,0.75,4
672,977d7422-8861-11f1-b0b3-b48c9db4e1b4,8,"[1, 1, 1, 1]",0,1,-1,,0.75,4
673,977d7422-8861-11f1-b0b3-b48c9db4e1b4,8,"[1, 1, 1, 1]",1,1,-1,,0.75,4
674,977d7422-8861-11f1-b0b3-b48c9db4e1b4,8,"[1, 1, 1, 1]",2,1,-1,,0.75,4
675,977d7422-8861-11f1-b0b3-b48c9db4e1b4,8,"[1, 1, 1, 1]",3,1,-1,,0.75,4
676,977d7422-8861-11f1-b0b3-b48c9db4e1b4,9,"[1, 0, 1, 0]",0,1,1,,0.75,4
677,977d7422-8861-11f1-b0b3-b48c9db4e1b4,9,"[1, 0, 1, 0]",1,0,0,,0.75,4
678,977d7422-8861-11f1-b0b3-b48c9db4e1b4,9,"[1, 0, 1, 0]",2,1,1,,0.75,4
679,977d7422-8861-11f1-b0b3-b48c9db4e1b4,9,"[1, 0, 1, 0]",3,0,0,,0.75,4
680,977d7422-8861-11f1-b0b3-b48c9db4e1b4,10,"[1, 1, 1, 1]",0,1,-1,,0.75,4
681,977d7422-8861-11f1-b0b3-b48c9db4e1b4,10,"[1, 1, 1, 1]",1,1,-1,,0.75,4
682,977d7422-8861-11f1-b0b3-b48c9db4e1b4,10,"[1, 1, 1, 1]",2,1,-1,,0.75,4
683,977d7422-8861-11f1-b0b3-b48c9db4e1b4,10,"[1, 1, 1, 1]",3,1,-1,,0.75,4
684,977d7422-8861-11f1-b0b3-b48c9db4e1b4,11,"[1, 0, 1, 1]",0,1,1,,0.75,4
685,977d7422-8861-11f1-b0b3-b48c9db4e1b4,11,"[1, 0, 1, 1]",1,0,0,,0.75,4
686,977d7422-8861-11f1-b0b3-b48c9db4e1b4,11,"[1, 0, 1, 1]",2,1,1,,0.75,4
687,977d7422-8861-11f1-b0b3-b48c9db4e1b4,11,"[1, 0, 1, 1]",3,1,1,,0.75,4
688,977d7422-8861-11f1-b0b3-b48c9db4e1b4,12,"[1, 1, 1, 1]",0,1,-1,,0.75,4
689,977d7422-8861-11f1-b0b3-b48c9db4e1b4,12,"[1, 1, 1, 1]",1,1,-1,,0.75,4
690,977d7422-8861-11f1-b0b3-b48c9db4e1b4,12,"[1, 1, 1, 1]",2,1,-1,,0.75,4
691,977d7422-8861-11f1-b0b3-b48c9db4e1b4,12,"[1, 1, 1, 1]",3,1,-1,,0.75,4
692,977d7422-8861-11f1-b0b3-b48c9db4e1b4,13,"[1, 0, 1, 1]",0,1,1,,0.75,4
693,977d7422-8861-11f1-b0b3-b48c9db4e1b4,13,"[1, 0, 1, 1]",1,0,0,,0.75,4
694,977d7422-8861-11f1-b0b3-b48c9db4e1b4,13,"[1, 0, 1, 1]",2,1,1,,0.75,4
695,977d7422-8861-11f1-b0b3-b48c9db4e1b4,13,"[1, 0, 1, 1]",3,1,1,,0.75,4
696,977d7422-8861-11f1-b0b3-b48c9db4e1b4,14,"[1, 1, 0, 1]",0,1,1,,0.75,4
697,977d7422-8861-11f1-b0b3-b48c9db4e1b4,14,"[1, 1, 0, 1]",1,1,1,,0.75,4
698,977d7422-8861-11f1-b0b3-b48c9db4e1b4,14,"[1, 1, 0, 1]",2,0,0,,0.75,4
699,977d7422-8861-11f1-b0b3-b48c9db4e1b4,14,"[1, 1, 0, 1]",3,1,1,,0.75,4
700,977d7422-8861-11f1-b0b3-b48c9db4e1b4,15,"[1, 1, 1, 0]",0,1,1,,0.75,4
701,977d7422-8861-11f1-b0b3-b48c9db4e1b4,15,"[1, 1, 1, 0]",1,1,1,,0.75,4
702,977d7422-8861-11f1-b0b3-b48c9db4e1b4,15,"[1, 1, 1, 0]",2,1,1,,0.75,4
703,977d7422-8861-11f1-b0b3-b48c9db4e1b4,15,"[1, 1, 1, 0]",3,0,0,,0.75,4
704,977d7422-8861-11f1-b0b3-b48c9db4e1b4,16,"[0, 1, 1, 1]",0,0,0,,0.75,4
705,977d7422-8861-11f1-b0b3-b48c9db4e1b4,16,"[0, 1, 1, 1]",1,1,1,,0.75,4
706,977d7422-8861-11f1-b0b3-b48c9db4e1b4,16,"[0, 1, 1, 1]",2,1,1,,0.75,4
707,977d7422-8861-11f1-b0b3-b48c9db4e1b4,16,"[0, 1, 1, 1]",3,1,1,,0.75,4
708,977d7422-8861-11f1-b0b3-b48c9db4e1b4,17,"[1, 0, 1, 1]",0,1,1,,0.75,4
709,977d7422-8861-11f1-b0b3-b48c9db4e1b4,17,"[1, 0, 1, 1]",1,0,0,,0.75,4
710,977d7422-8861-11f1-b0b3-b48c9db4e1b4,17,"[1, 0, 1, 1]",2,1,1,,0.75,4
711,977d7422-8861-11f1-b0b3-b48c9db4e1b4,17,"[1, 0, 1, 1]",3,1,1,,0.75,4
712,977d7422-8861-11f1-b0b3-b48c9db4e1b4,18,"[1, 1, 1, 1]",0,1,-1,,0.75,4
713,977d7422-8861-11f1-b0b3-b48c9db4e1b4,18,"[1, 1, 1, 1]",1,1,-1,,0.75,4
714,977d7422-8861-11f1-b0b3-b48c9db4e1b4,18,"[1, 1, 1, 1]",2,1,-1,,0.75,4
715,977d7422-8861-11f1-b0b3-b48c9db4e1b4,18,"[1, 1, 1, 1]",3,1,-1,,0.75,4
716,977d7422-8861-11f1-b0b3-b48c9db4e1b4,19,"[1, 0, 1, 1]",0,1,1,,0.75,4
717,977d7422-8861-11f1-b0b3-b48c9db4e1b4,19,"[1, 0, 1, 1]",1,0,0,,0.75,4
718,977d7422-8861-11f1-b0b3-b48c9db4e1b4,19,"[1, 0, 1, 1]",2,1,1,,0.75,4
719,977d7422-8861-11f1-b0b3-b48c9db4e1b4,19,"[1, 0, 1, 1]",3,1,1,,0.75,4
720,9785aca8-8861-11f1-b59a-b48c9db4e1b4,0,"[0, 0, 1, 0]",0,0,0,,0.75,4
721,9785aca8-8861-11f1-b59a-b48c9db4e1b4,0,"[0, 0, 1, 0]",1,0,0,,0.75,4
722,9785aca8-8861-11f1-b59a-b48c9db4e1b4,0,"[0, 0, 1, 0]",2,1,1,,0.75,4
723,9785aca8-8861-11f1-b59a-b48c9db4e1b4,0,"[0, 0, 1, 0]",3,0,0,,0.75,4
724,9785aca8-8861-11f1-b59a-b48c9db4e1b4,1,"[1, 0, 1, 1]",0,1,1,,0.75,4
725,9785aca8-8861-11f1-b59a-b48c9db4e1b4,1,"[1, 0, 1, 1]",1,0,0,,0.75,4
726,9785aca8-8861-11f1-b59a-b48c9db4e1b4,1,"[1, 0, 1, 1]",2,1,1,,0.75,4
727,9785aca8-8861-11f1-b59a-b48c9db4e1b4,1,"[1, 0, 1, 1]",3,1,1,,0.75,4
728,9785aca8-8861-11f1-b59a-b48c9db4e1b4,2,"[1, 1, 1, 1]",0,1,-1,,0.75,4
729,9785aca8-8861-11f1-b59a-b48c9db4e1b4,2,"[1, 1, 1, 1]",1,1,-1,,0.75,4
730,9785aca8-8861-11f1-b59a-b48c9db4e1b4,2,"[1, 1, 1, 1]",2,1,-1,,0.75,4
731,9785aca8-8861-11f1-b59a-b48c9db4e1b4,2,"[1, 1, 1, 1]",3,1,-1,,0.75,4
732,9785aca8-8861-11f1-b59a-b48c9db4e1b4,3,"[1, 0, 1, 1]",0,1,1,,0.75,4
733,9785aca8-8861-11f1-b59a-b48c9db4e1b4,3,"[1, 0, 1, 1]",1,0,0,,0.75,4
734,9785aca8-8861-11f1-b59a-b48c9db4e1b4,3,"[1, 0, 1, 1]",2,1,1,,0.75,4
735,9785aca8-8861-11f1-b59a-b48c9db4e1b4,3,"[1, 0, 1, 1]",3,1,1,,0.75,4
736,9785aca8-8861-11f1-b59a-b48c9db4e1b4,4,"[1, 1, 1, 1]",0,1,-1,,0.75,4
737,9785aca8-8861-11f1-b59a-b48c9db4e1b4,4,"[1, 1, 1, 1]",1,1,-1,,0.75,4
738,9785aca8-8861-11f1-b59a-b48c9db4e1b4,4,"[1, 1, 1, 1]",2,1,-1,,0.75,4
739,9785aca8-8861-11f1-b59a-b48c9db4e1b4,4,"[1, 1, 1, 1]",3,1,-1,,0.75,4
740,9785aca8-8861-11f1-b59a-b48c9db4e1b4,5,"[1, 0, 1, 1]",0,1,1,,0.75,4
741,9785aca8-8861-11f1-b59a-b48c9db4e1b4,5,"[1, 0, 1, 1]",1,0,0,,0.75,4
742,9785aca8-8861-11f1-b59a-b48c9db4e1b4,5,"[1, 0, 1, 1]",2,1,1,,0.75,4
743,9785aca8-8861-11f1-b59a-b48c9db4e1b4,5,"[1, 0, 1, 1]",3,1,1,,0.75,4
744,9785aca8-8861-11f1-b59a-b48c9db4e1b4,6,"[1, 1, 1, 1]",0,1,-1,,0.75,4
745,9785aca8-8861-11f1-b59a-b48c9db4e1b4,6,"[1, 1, 1, 1]",1,1,-1,,0.75,4
746,9785aca8-8861-11f1-b59a-b48c9db4e1b4,6,"[1, 1, 1, 1]",2,1,-1,,0.75,4
747,9785aca8-8861-11f1-b59a-b48c9db4e1b4,6,"[1, 1, 1, 1]",3,1,-1,,0.75,4
748,9785aca8-8861-11f1-b59a-b48c9db4e1b4,7,"[1, 0, 1, 1]",0,1,1,,0.75,4
749,9785aca8-8861-11f1-b59a-b48c9db4e1b4,7,"[1, 0, 1, 1]",1,0,0,,0.75,4
750,9785aca8-8861-11f1-b59a-b48c9db4e1b4,7,"[1, 0, 1, 1]",2,1,1,,0.75,4
751,9785aca8-8861-11f1-b59a-b48c9db4e1b4,7,"[1, 0, 1, 1]",3,1,1,,0.75,4
752,9785aca8-8861-11f1-b59a-b48c9db4e1b4,8,"[1, 1, 0, 1]",0,1,1,,0.75,4
753,9785aca8-8861-11f1-b59a-b48c9db4e1b4,8,"[1, 1, 0, 1]",1,1,1,,0.75,4
754,9785aca8-8861-11f1-b59a-b48c9db4e1b4,8,"[1, 1, 0, 1]",2,0,0,,0.75,4
755,9785aca8-8861-11f1-b59a-b48c9db4e1b4,8,"[1, 1, 0, 1]",3,1,1,,0.75,4
756,9785aca8-8861-11f1-b59a-b48c9db4e1b4,9,"[1, 0, 1, 1]",0,1,1,,0.75,4
757,9785aca8-8861-11f1-b59a-b48c9db4e1b4,9,"[1, 0, 1, 1]",1,0,0,,0.75,4
758,9785aca8-8861-11f1-b59a-b48c9db4e1b4,9,"[1, 0, 1, 1]",2,1,1,,0.75,4
759,9785aca8-8861-11f1-b59a-b48c9db4e1b4,9,"[1, 0, 1, 1]",3,1,1,,0.75,4
760,9785aca8-8861-11f1-b59a-b48c9db4e1b4,10,"[1, 1, 0, 1]",0,1,1,,0.75,4
761,9785aca8-8861-11f1-b59a-b48c9db4e1b4,10,"[1, 1, 0, 1]",1,1,1,,0.75,4
762,9785aca8-8861-11f1-b59a-b48c9db4e1b4,10,"[1, 1, 0, 1]",2,0,0,,0.75,4
763,9785aca8-8861-11f1-b59a-b48c9db4e1b4,10,"[1, 1, 0, 1]",3,1,1,,0.75,4
764,9785aca8-8861-11f1-b59a-b48c9db4e1b4,11,"[1, 0, 1, 0]",0,1,1,,0.75,4
765,9785aca8-8861-11f1-b59a-b48c9db4e1b4,11,"[1, 0, 1, 0]",1,0,0,,0.75,4
766,9785aca8-8861-11f1-b59a-b48c9db4e1b4,11,"[1, 0, 1, 0]",2,1,1,,0.75,4
767,9785aca8-8861-11f1-b59a-b48c9db4e1b4,11,"[1, 0, 1, 0]",3,0,0,,0.75,4
768,9785aca8-8861-11f1-b59a-b48c9db4e1b4,12,"[0, 1, 0, 1]",0,0,0,,0.75,4
769,9785aca8-8861-11f1-b59a-b48c9db4e1b4,12,"[0, 1, 0, 1]",1,1,1,,0.75,4
770,9785aca8-8861-11f1-b59a-b48c9db4e1b4,12,"[0, 1, 0, 1]",2,0,0,,0.75,4
771,9785aca8-8861-11f1-b59a-b48c9db4e1b4,12,"[0, 1, 0, 1]",3,1,1,,0.75,4
772,9785aca8-8861-11f1-b59a-b48c9db4e1b4,13,"[1, 0, 1, 1]",0,1,1,,0.75,4
773,9785aca8-8861-11f1-b59a-b48c9db4e1b4,13,"[1, 0, 1, 1]",1,0,0,,0.75,4
774,9785aca8-8861-11f1-b59a-b48c9db4e1b4,13,"[1, 0, 1, 1]",2,1,1,,0.75,4
775,9785aca8-8861-11f1-b59a-b48c9db4e1b4,13,"[1, 0, 1, 1]",3,1,1,,0.75,4
776,9785aca8-8861-11f1-b59a-b48c9db4e1b4,14,"[1, 1, 0, 1]",0,1,1,,0.75,4
777,9785aca8-8861-11f1-b59a-b48c9db4e1b4,14,"[1, 1, 0, 1]",1,1,1,,0.75,4
778,9785aca8-8861-11f1-b59a-b48c9db4e1b4,14,"[1, 1, 0, 1]",2,0,0,,0.75,4
779,9785aca8-8861-11f1-b59a-b48c9db4e1b4,14,"[1, 1, 0, 1]",3,1,1,,0.75,4
780,9785aca8-8861-11f1-b59a-b48c9db4e1b4,15,"[1, 0, 1, 0]",0,1,1,,0.75,4
781,9785aca8-8861-11f1-b59a-b48c9db4e1b4,15,"[1, 0, 1, 0]",1,0,0,,0.75,4
782,9785aca8-8861-11f1-b59a-b48c9db4e1b4,15,"[1, 0, 1, 0]",2,1,1,,0.75,4
783,9785aca8-8861-11f1-b59a-b48c9db4e1b4,15,"[1, 0, 1, 0]",3,0,0,,0.75,4
784,9785aca8-8861-11f1-b59a-b48c9db4e1b4,16,"[0, 1, 1, 1]",0,0,0,,0.75,4
785,9785aca8-8861-11f1-b59a-b48c9db4e1b4,16,"[0, 1, 1, 1]",1,1,1,,0.75,4
786,9785aca8-8861-11f1-b59a-b48c9db4e1b4,16,"[0, 1, 1, 1]",2,1,1,,0.75,4
787,9785aca8-8861-11f1-b59a-b48c9db4e1b4,16,"[0, 1, 1, 1]",3,1,1,,0.75,4
788,9785aca8-8861-11f1-b59a-b48c9db4e1b4,17,"[1, 0, 1, 1]",0,1,1,,0.75,4
789,9785aca8-8861-11f1-b59a-b48c9db4e1b4,17,"[1, 0, 1, 1]",1,0,0,,0.75,4
790,9785aca8-8861-11f1-b59a-b48c9db4e1b4,17,"[1, 0, 1, 1]",2,1,1,,0.75,4
791,9785aca8-8861-11f1-b59a-b48c9db4e1b4,17,"[1, 0, 1, 1]",3,1,1,,0.75,4
792,9785aca8-8861-11f1-b59a-b48c9db4e1b4,18,"[1, 1, 0, 1]",0,1,1,,0.75,4
793,9785aca8-8861-11f1-b59a-b48c9db4e1b4,18,"[1, 1, 0, 1]",1,1,1,,0.75,4
794,9785aca8-8861-11f1-b59a-b48c9db4e1b4,18,"[1, 1, 0, 1]",2,0,0,,0.75,4
795,9785aca8-8861-11f1-b59a-b48c9db4e1b4,18,"[1, 1, 0, 1]",3,1,1,,0.75,4
796,9785aca8-8861-11f1-b59a-b48c9db4e1b4,19,"[1, 1, 1, 1]",0,1,-1,,0.75,4
797,9785aca8-8861-11f1-b59a-b48c9db4e1b4,19,"[1, 1, 1, 1]",1,1,-1,,0.75,4
798,9785aca8-8861-11f1-b59a-b48c9db4e1b4,19,"[1, 1, 1, 1]",2,1,-1,,0.75,4
799,9785aca8-8861-11f1-b59a-b48c9db4e1b4,19,"[1, 1, 1, 1]",3,1,-1,,0.75,4
800,978e26fb-8861-11f1-af8f-b48c9db4e1b4,0,"[1, 1, 0, 1]",0,1,1,,0.75,4
801,978e26fb-8861-11f1-af8f-b48c9db4e1b4,0,"[1, 1, 0, 1]",1,1,1,,0.75,4
802,978e26fb-8861-11f1-af8f-b48c9db4e1b4,0,"[1, 1, 0, 1]",2,0,0,,0.75,4
803,978e26fb-8861-11f1-af8f-b48c9db4e1b4,0,"[1, 1, 0, 1]",3,1,1,,0.75,4
804,978e26fb-8861-11f1-af8f-b48c9db4e1b4,1,"[1, 0, 1, 0]",0,1,1,,0.75,4
805,978e26fb-8861-11f1-af8f-b48c9db4e1b4,1,"[1, 0, 1, 0]",1,0,0,,0.75,4
806,978e26fb-8861-11f1-af8f-b48c9db4e1b4,1,"[1, 0, 1, 0]",2,1,1,,0.75,4
807,978e26fb-8861-11f1-af8f-b48c9db4e1b4,1,"[1, 0, 1, 0]",3,0,0,,0.75,4
808,978e26fb-8861-11f1-af8f-b48c9db4e1b4,2,"[0, 1, 1, 1]",0,0,0,,0.75,4
809,978e26fb-8861-11f1-af8f-b48c9db4e1b4,2,"[0, 1, 1, 1]",1,1,1,,0.75,4
810,978e26fb-8861-11f1-af8f-b48c9db4e1b4,2,"[0, 1, 1, 1]",2,1,1,,0.75,4
811,978e26fb-8861-11f1-af8f-b48c9db4e1b4,2,"[0, 1, 1, 1]",3,1,1,,0.75,4
812,978e26fb-8861-11f1-af8f-b48c9db4e1b4,3,"[1, 0, 1, 1]",0,1,1,,0.75,4
813,978e26fb-8861-11f1-af8f-b48c9db4e1b4,3,"[1, 0, 1, 1]",1,0,0,,0.75,4
814,978e26fb-8861-11f1-af8f-b48c9db4e1b4,3,"[1, 0, 1, 1]",2,1,1,,0.75,4
815,978e26fb-8861-11f1-af8f-b48c9db4e1b4,3,"[1, 0, 1, 1]",3,1,1,,0.75,4
816,978e26fb-8861-11f1-af8f-b48c9db4e1b4,4,"[1, 1, 0, 1]",0,1,1,,0.75,4
817,978e26fb-8861-11f1-af8f-b48c9db4e1b4,4,"[1, 1, 0, 1]",1,1,1,,0.75,4
818,978e26fb-8861-11f1-af8f-b48c9db4e1b4,4,"[1, 1, 0, 1]",2,0,0,,0.75,4
819,978e26fb-8861-11f1-af8f-b48c9db4e1b4,4,"[1, 1, 0, 1]",3,1,1,,0.75,4
820,978e26fb-8861-11f1-af8f-b48c9db4e1b4,5,"[1, 0, 1, 1]",0,1,1,,0.75,4
821,978e26fb-8861-11f1-af8f-b48c9db4e1b4,5,"[1, 0, 1, 1]",1,0,0,,0.75,4
822,978e26fb-8861-11f1-af8f-b48c9db4e1b4,5,"[1, 0, 1, 1]",2,1,1,,0.75,4
823,978e26fb-8861-11f1-af8f-b48c9db4e1b4,5,"[1, 0, 1, 1]",3,1,1,,0.75,4
824,978e26fb-8861-11f1-af8f-b48c9db4e1b4,6,"[1, 1, 0, 1]",0,1,1,,0.75,4
825,978e26fb-8861-11f1-af8f-b48c9db4e1b4,6,"[1, 1, 0, 1]",1,1,1,,0.75,4
826,978e26fb-8861-11f1-af8f-b48c9db4e1b4,6,"[1, 1, 0, 1]",2,0,0,,0.75,4
827,978e26fb-8861-11f1-af8f-b48c9db4e1b4,6,"[1, 1, 0, 1]",3,1,1,,0.75,4
828,978e26fb-8861-11f1-af8f-b48c9db4e1b4,7,"[1, 0, 1, 0]",0,1,1,,0.75,4
829,978e26fb-8861-11f1-af8f-b48c9db4e1b4,7,"[1, 0, 1, 0]",1,0,0,,0.75,4
830,978e26fb-8861-11f1-af8f-b48c9db4e1b4,7,"[1, 0, 1, 0]",2,1,1,,0.75,4
831,978e26fb-8861-11f1-af8f-b48c9db4e1b4,7,"[1, 0, 1, 0]",3,0,0,,0.75,4
832,978e26fb-8861-11f1-af8f-b48c9db4e1b4,8,"[1, 1, 1, 1]",0,1,-1,,0.75,4
833,978e26fb-8861-11f1-af8f-b48c9db4e1b4,8,"[1, 1, 1, 1]",1,1,-1,,0.75,4
834,978e26fb-8861-11f1-af8f-b48c9db4e1b4,8,"[1, 1, 1, 1]",2,1,-1,,0.75,4
835,978e26fb-8861-11f1-af8f-b48c9db4e1b4,8,"[1, 1, 1, 1]",3,1,-1,,0.75,4
836,978e26fb-8861-11f1-af8f-b48c9db4e1b4,9,"[1, 0, 1, 1]",0,1,1,,0.75,4
837,978e26fb-8861-11f1-af8f-b48c9db4e1b4,9,"[1, 0, 1, 1]",1,0,0,,0.75,4
838,978e26fb-8861-11f1-af8f-b48c9db4e1b4,9,"[1, 0, 1, 1]",2,1,1,,0.75,4
839,978e26fb-8861-11f1-af8f-b48c9db4e1b4,9,"[1, 0, 1, 1]",3,1,1,,0.75,4
840,978e26fb-8861-11f1-af8f-b48c9db4e1b4,10,"[1, 1, 0, 1]",0,1,1,,0.75,4
841,978e26fb-8861-11f1-af8f-b48c9db4e1b4,10,"[1, 1, 0, 1]",1,1,1,,0.75,4
842,978e26fb-8861-11f1-af8f-b48c9db4e1b4,10,"[1, 1, 0, 1]",2,0,0,,0.75,4
843,978e26fb-8861-11f1-af8f-b48c9db4e1b4,10,"[1, 1, 0, 1]",3,1,1,,0.75,4
844,978e26fb-8861-11f1-af8f-b48c9db4e1b4,11,"[1, 1, 1, 1]",0,1,-1,,0.75,4
845,978e26fb-8861-11f1-af8f-b48c9db4e1b4,11,"[1, 1, 1, 1]",1,1,-1,,0.75,4
846,978e26fb-8861-11f1-af8f-b48c9db4e1b4,11,"[1, 1, 1, 1]",2,1,-1,,0.75,4
847,978e26fb-8861-11f1-af8f-b48c9db4e1b4,11,"[1, 1, 1, 1]",3,1,-1,,0.75,4
848,978e26fb-8861-11f1-af8f-b48c9db4e1b4,12,"[0, 1, 0, 1]",0,0,0,,0.75,4
849,978e26fb-8861-11f1-af8f-b48c9db4e1b4,12,"[0, 1, 0, 1]",1,1,1,,0.75,4
850,978e26fb-8861-11f1-af8f-b48c9db4e1b4,12,"[0, 1, 0, 1]",2,0,0,,0.75,4
851,978e26fb-8861-11f1-af8f-b48c9db4e1b4,12,"[0, 1, 0, 1]",3,1,1,,0.75,4
852,978e26fb-8861-11f1-af8f-b48c9db4e1b4,13,"[1, 0, 1, 1]",0,1,1,,0.75,4
853,978e26fb-8861-11f1-af8f-b48c9db4e1b4,13,"[1, 0, 1, 1]",1,0,0,,0.75,4
854,978e26fb-8861-11f1-af8f-b48c9db4e1b4,13,"[1, 0, 1, 1]",2,1,1,,0.75,4
855,978e26fb-8861-11f1-af8f-b48c9db4e1b4,13,"[1, 0, 1, 1]",3,1,1,,0.75,4
856,978e26fb-8861-11f1-af8f-b48c9db4e1b4,14,"[1, 1, 0, 1]",0,1,1,,0.75,4
857,978e26fb-8861-11f1-af8f-b48c9db4e1b4,14,"[1, 1, 0, 1]",1,1,1,,0.75,4
858,978e26fb-8861-11f1-af8f-b48c9db4e1b4,14,"[1, 1, 0, 1]",2,0,0,,0.75,4
859,978e26fb-8861-11f1-af8f-b48c9db4e1b4,14,"[1, 1, 0, 1]",3,1,1,,0.75,4
860,978e26fb-8861-11f1-af8f-b48c9db4e1b4,15,"[1, 0, 1, 1]",0,1,1,,0.75,4
861,978e26fb-8861-11f1-af8f-b48c9db4e1b4,15,"[1, 0, 1, 1]",1,0,0,,0.75,4
862,978e26fb-8861-11f1-af8f-b48c9db4e1b4,15,"[1, 0, 1, 1]",2,1,1,,0.75,4
863,978e26fb-8861-11f1-af8f-b48c9db4e1b4,15,"[1, 0, 1, 1]",3,1,1,,0.75,4
864,978e26fb-8861-11f1-af8f-b48c9db4e1b4,16,"[1, 1, 0, 1]",0,1,1,,0.75,4
865,978e26fb-8861-11f1-af8f-b48c9db4e1b4,16,"[1, 1, 0, 1]",1,1,1,,0.75,4
866,978e26fb-8861-11f1-af8f-b48c9db4e1b4,16,"[1, 1, 0, 1]",2,0,0,,0.75,4
867,978e26fb-8861-11f1-af8f-b48c9db4e1b4,16,"[1, 1, 0, 1]",3,1,1,,0.75,4
868,978e26fb-8861-11f1-af8f-b48c9db4e1b4,17,"[1, 0, 1, 0]",0,1,1,,0.75,4
869,978e26fb-8861-11f1-af8f-b48c9db4e1b4,17,"[1, 0, 1, 0]",1,0,0,,0.75,4
870,978e26fb-8861-11f1-af8f-b48c9db4e1b4,17,"[1, 0, 1, 0]",2,1,1,,0.75,4
871,978e26fb-8861-11f1-af8f-b48c9db4e1b4,17,"[1, 0, 1, 0]",3,0,0,,0.75,4
872,978e26fb-8861-11f1-af8f-b48c9db4e1b4,18,"[0, 1, 1, 1]",0,0,0,,0.75,4
873,978e26fb-8861-11f1-af8f-b48c9db4e1b4,18,"[0, 1, 1, 1]",1,1,1,,0.75,4
874,978e26fb-8861-11f1-af8f-b48c9db4e1b4,18,"[0, 1, 1, 1]",2,1,1,,0.75,4
875,978e26fb-8861-11f1-af8f-b48c9db4e1b4,18,"[0, 1, 1, 1]",3,1,1,,0.75,4
876,978e26fb-8861-11f1-af8f-b48c9db4e1b4,19,"[1, 0, 1, 1]",0,1,1,,0.75,4
877,978e26fb-8861-11f1-af8f-b48c9db4e1b4,19,"[1, 0, 1, 1]",1,0,0,,0.75,4
878,978e26fb-8861-11f1-af8f-b48c9db4e1b4,19,"[1, 0, 1, 1]",2,1,1,,0.75,4
879,978e26fb-8861-11f1-af8f-b48c9db4e1b4,19,"[1, 0, 1, 1]",3,1,1,,0.75,4
880,979622fd-8861-11f1-922f-b48c9db4e1b4,0,"[1, 1, 0, 1]",0,1,1,,0.75,4
881,979622fd-8861-11f1-922f-b48c9db4e1b4,0,"[1, 1, 0, 1]",1,1,1,,0.75,4
882,979622fd-8861-11f1-922f-b48c9db4e1b4,0,"[1, 1, 0, 1]",2,0,0,,0.75,4
883,979622fd-8861-11f1-922f-b48c9db4e1b4,0,"[1, 1, 0, 1]",3,1,1,,0.75,4
884,979622fd-8861-11f1-922f-b48c9db4e1b4,1,"[1, 1, 1, 1]",0,1,-1,,0.75,4
885,979622fd-8861-11f1-922f-b48c9db4e1b4,1,"[1, 1, 1, 1]",1,1,-1,,0.75,4
886,979622fd-8861-11f1-922f-b48c9db4e1b4,1,"[1, 1, 1, 1]",2,1,-1,,0.75,4
887,979622fd-8861-11f1-922f-b48c9db4e1b4,1,"[1, 1, 1, 1]",3,1,-1,,0.75,4
888,979622fd-8861-11f1-922f-b48c9db4e1b4,2,"[0, 1, 0, 1]",0,0,0,,0.75,4
889,979622fd-8861-11f1-922f-b48c9db4e1b4,2,"[0, 1, 0, 1]",1,1,1,,0.75,4
890,979622fd-8861-11f1-922f-b48c9db4e1b4,2,"[0, 1, 0, 1]",2,0,0,,0.75,4
891,979622fd-8861-11f1-922f-b48c9db4e1b4,2,"[0, 1, 0, 1]",3,1,1,,0.75,4
892,979622fd-8861-11f1-922f-b48c9db4e1b4,3,"[1, 0, 1, 1]",0,1,1,,0.75,4
893,979622fd-8861-11f1-922f-b48c9db4e1b4,3,"[1, 0, 1, 1]",1,0,0,,0.75,4
894,979622fd-8861-11f1-922f-b48c9db4e1b4,3,"[1, 0, 1, 1]",2,1,1,,0.75,4
895,979622fd-8861-11f1-922f-b48c9db4e1b4,3,"[1, 0, 1, 1]",3,1,1,,0.75,4
896,979622fd-8861-11f1-922f-b48c9db4e1b4,4,"[1, 1, 0, 1]",0,1,1,,0.75,4
897,979622fd-8861-11f1-922f-b48c9db4e1b4,4,"[1, 1, 0, 1]",1,1,1,,0.75,4
898,979622fd-8861-11f1-922f-b48c9db4e1b4,4,"[1, 1, 0, 1]",2,0,0,,0.75,4
899,979622fd-8861-11f1-922f-b48c9db4e1b4,4,"[1, 1, 0, 1]",3,1,1,,0.75,4
900,979622fd-8861-11f1-922f-b48c9db4e1b4,5,"[1, 0, 1, 1]",0,1,1,,0.75,4
901,979622fd-8861-11f1-922f-b48c9db4e1b4,5,"[1, 0, 1, 1]",1,0,0,,0.75,4
902,979622fd-8861-11f1-922f-b48c9db4e1b4,5,"[1, 0, 1, 1]",2,1,1,,0.75,4
903,979622fd-8861-11f1-922f-b48c9db4e1b4,5,"[1, 0, 1, 1]",3,1,1,,0.75,4
904,979622fd-8861-11f1-922f-b48c9db4e1b4,6,"[1, 1, 0, 1]",0,1,1,,0.75,4
905,979622fd-8861-11f1-922f-b48c9db4e1b4,6,"[1, 1, 0, 1]",1,1,1,,0.75,4
906,979622fd-8861-11f1-922f-b48c9db4e1b4,6,"[1, 1, 0, 1]",2,0,0,,0.75,4
907,979622fd-8861-11f1-922f-b48c9db4e1b4,6,"[1, 1, 0, 1]",3,1,1,,0.75,4
908,979622fd-8861-11f1-922f-b48c9db4e1b4,7,"[1, 1, 1, 1]",0,1,-1,,0.75,4
909,979622fd-8861-11f1-922f-b48c9db4e1b4,7,"[1, 1, 1, 1]",1,1,-1,,0.75,4
910,979622fd-8861-11f1-922f-b48c9db4e1b4,7,"[1, 1, 1, 1]",2,1,-1,,0.75,4
911,979622fd-8861-11f1-922f-b48c9db4e1b4,7,"[1, 1, 1, 1]",3,1,-1,,0.75,4
912,979622fd-8861-11f1-922f-b48c9db4e1b4,8,"[1, 1, 0, 1]",0,1,1,,0.75,4
913,979622fd-8861-11f1-922f-b48c9db4e1b4,8,"[1, 1, 0, 1]",1,1,1,,0.75,4
914,979622fd-8861-11f1-922f-b48c9db4e1b4,8,"[1, 1, 0, 1]",2,0,0,,0.75,4
915,979622fd-8861-11f1-922f-b48c9db4e1b4,8,"[1, 1, 0, 1]",3,1,1,,0.75,4
916,979622fd-8861-11f1-922f-b48c9db4e1b4,9,"[1, 1, 1, 1]",0,1,-1,,0.75,4
917,979622fd-8861-11f1-922f-b48c9db4e1b4,9,"[1, 1, 1, 1]",1,1,-1,,0.75,4
918,979622fd-8861-11f1-922f-b48c9db4e1b4,9,"[1, 1, 1, 1]",2,1,-1,,0.75,4
919,979622fd-8861-11f1-922f-b48c9db4e1b4,9,"[1, 1, 1, 1]",3,1,-1,,0.75,4
920,979622fd-8861-11f1-922f-b48c9db4e1b4,10,"[0, 1, 0, 1]",0,0,0,,0.75,4
921,979622fd-8861-11f1-922f-b48c9db4e1b4,10,"[0, 1, 0, 1]",1,1,1,,0.75,4
922,979622fd-8861-11f1-922f-b48c9db4e1b4,10,"[0, 1, 0, 1]",2,0,0,,0.75,4
923,979622fd-8861-11f1-922f-b48c9db4e1b4,10,"[0, 1, 0, 1]",3,1,1,,0.75,4
924,979622fd-8861-11f1-922f-b48c9db4e1b4,11,"[1, 0, 1, 1]",0,1,1,,0.75,4
925,979622fd-8861-11f1-922f-b48c9db4e1b4,11,"[1, 0, 1, 1]",1,0,0,,0.75,4
926,979622fd-8861-11f1-922f-b48c9db4e1b4,11,"[1, 0, 1, 1]",2,1,1,,0.75,4
927,979622fd-8861-11f1-922f-b48c9db4e1b4,11,"[1, 0, 1, 1]",3,1,1,,0.75,4
928,979622fd-8861-11f1-922f-b48c9db4e1b4,12,"[1, 1, 0, 1]",0,1,1,,0.75,4
929,979622fd-8861-11f1-922f-b48c9db4e1b4,12,"[1, 1, 0, 1]",1,1,1,,0.75,4
930,979622fd-8861-11f1-922f-b48c9db4e1b4,12,"[1, 1, 0, 1]",2,0,0,,0.75,4
931,979622fd-8861-11f1-922f-b48c9db4e1b4,12,"[1, 1, 0, 1]",3,1,1,,0.75,4
932,979622fd-8861-11f1-922f-b48c9db4e1b4,13,"[1, 1, 1, 0]",0,1,1,,0.75,4
933,979622fd-8861-11f1-922f-b48c9db4e1b4,13,"[1, 1, 1, 0]",1,1,1,,0.75,4
934,979622fd-8861-11f1-922f-b48c9db4e1b4,13,"[1, 1, 1, 0]",2,1,1,,0.75,4
935,979622fd-8861-11f1-922f-b48c9db4e1b4,13,"[1, 1, 1, 0]",3,0,0,,0.75,4
936,979622fd-8861-11f1-922f-b48c9db4e1b4,14,"[0, 1, 1, 1]",0,0,0,,0.75,4
937,979622fd-8861-11f1-922f-b48c9db4e1b4,14,"[0, 1, 1, 1]",1,1,1,,0.75,4
938,979622fd-8861-11f1-922f-b48c9db4e1b4,14,"[0, 1, 1, 1]",2,1,1,,0.75,4
939,979622fd-8861-11f1-922f-b48c9db4e1b4,14,"[0, 1, 1, 1]",3,1,1,,0.75,4
940,979622fd-8861-11f1-922f-b48c9db4e1b4,15,"[1, 0, 1, 1]",0,1,1,,0.75,4
941,979622fd-8861-11f1-922f-b48c9db4e1b4,15,"[1, 0, 1, 1]",1,0,0,,0.75,4
942,979622fd-8861-11f1-922f-b48c9db4e1b4,15,"[1, 0, 1, 1]",2,1,1,,0.75,4
943,979622fd-8861-11f1-922f-b48c9db4e1b4,15,"[1, 0, 1, 1]",3,1,1,,0.75,4
944,979622fd-8861-11f1-922f-b48c9db4e1b4,16,"[0, 1, 0, 1]",0,0,0,,0.75,4
945,979622fd-8861-11f1-922f-b48c9db4e1b4,16,"[0, 1, 0, 1]",1,1,1,,0.75,4
946,979622fd-8861-11f1-922f-b48c9db4e1b4,16,"[0, 1, 0, 1]",2,0,0,,0.75,4
947,979622fd-8861-11f1-922f-b48c9db4e1b4,16,"[0, 1, 0, 1]",3,1,1,,0.75,4
948,979622fd-8861-11f1-922f-b48c9db4e1b4,17,"[1, 0, 1, 1]",0,1,1,,0.75,4
949,979622fd-8861-11f1-922f-b48c9db4e1b4,17,"[1, 0, 1, 1]",1,0,0,,0.75,4
950,979622fd-8861-11f1-922f-b48c9db4e1b4,17,"[1, 0, 1, 1]",2,1,1,,0.75,4
951,979622fd-8861-11f1-922f-b48c9db4e1b4,17,"[1, 0, 1, 1]",3,1,1,,0.75,4
952,979622fd-8861-11f1-922f-b48c9db4e1b4,18,"[1, 1, 0, 1]",0,1,1,,0.75,4
953,979622fd-8861-11f1-922f-b48c9db4e1b4,18,"[1, 1, 0, 1]",1,1,1,,0.75,4
954,979622fd-8861-11f1-922f-b48c9db4e1b4,18,"[1, 1, 0, 1]",2,0,0,,0.75,4
955,979622fd-8861-11f1-922f-b48c9db4e1b4,18,"[1, 1, 0, 1]",3,1,1,,0.75,4
956,979622fd-8861-11f1-922f-b48c9db4e1b4,19,"[1, 1, 1, 0]",0,1,1,,0.75,4
957,979622fd-8861-11f1-922f-b48c9db4e1b4,19,"[1, 1, 1, 0]",1,1,1,,0.75,4
958,979622fd-8861-11f1-922f-b48c9db4e1b4,19,"[1, 1, 1, 0]",2,1,1,,0.75,4
959,979622fd-8861-11f1-922f-b48c9db4e1b4,19,"[1, 1, 1, 0]",3,0,0,,0.75,4
960,97a3fa9b-8861-11f1-8f89-b48c9db4e1b4,0,"[1, 1, 0, 1]",0,1,1,,0.75,4
961,97a3fa9b-8861-11f1-8f89-b48c9db4e1b4,0,"[1, 1, 0, 1]",1,1,1,,0.75,4
962,97a3fa9b-8861-11f1-8f89-b48c9db4e1b4,0,"[1, 1, 0, 1]",2,0,0,,0.75,4
963,97a3fa9b-8861-11f1-8f89-b48c9db4e1b4,0,"[1, 1, 0, 1]",3,1,1,,0.75,4
964,97a3fa9b-8861-11f1-8f89-b48c9db4e1b4,1,"[1, 0, 1, 1]",0,1,1,,0.75,4
965,97a3fa9b-8861-11f1-8f89-b48c9db4e1b4,1,"[1, 0, 1, 1]",1,0,0,,0.75,4
966,97a3fa9b-8861-11f1-8f89-b48c9db4e1b4,1,"[1, 0, 1, 1]",2,1,1,,0.75,4
967,97a3fa9b-8861-11f1-8f89-b48c9db4e1b4,1,"[1, 0, 1, 1]",3,1,1,,0.75,4
968,97a3fa9b-8861-11f1-8f89-b48c9db4e1b4,2,"[1, 1, 0, 1]",0,1,1,,0.75,4
969,97a3fa9b-8861-11f1-8f89-b48c9db4e1b4,2,"[1, 1, 0, 1]",1,1,1,,0.75,4
970,97a3fa9b-8861-11f1-8f89-b48c9db4e1b4,2,"[1, 1, 0, 1]",2,0,0,,0.75,4
971,97a3fa9b-8861-11f1-8f89-b48c9db4e1b4,2,"[1, 1, 0, 1]",3,1,1,,0.75,4
972,97a3fa9b-8861-11f1-8f89-b48c9db4e1b4,3,"[1, 0, 1, 0]",0,1,1,,0.75,4
973,97a3fa9b-8861-11f1-8f89-b48c9db4e1b4,3,"[1, 0, 1, 0]",1,0,0,,0.75,4
974,97a3fa9b-8861-11f1-8f89-b48c9db4e1b4,3,"[1, 0, 1, 0]",2,1,1,,0.75,4
975,97a3fa9b-8861-11f1-8f89-b48c9db4e1b4,3,"[1, 0, 1, 0]",3,0,0,,0.75,4
976,97a3fa9b-8861-11f1-8f89-b48c9db4e1b4,4,"[1, 1, 1, 1]",0,1,-1,,0.75,4
977,97a3fa9b-8861-11f1-8f89-b48c9db4e1b4,4,"[1, 1, 1, 1]",1,1,-1,,0.75,4
978,97a3fa9b-8861-11f1-8f89-b48c9db4e1b4,4,"[1, 1, 1, 1]",2,1,-1,,0.75,4
979,97a3fa9b-8861-11f1-8f89-b48c9db4e1b4,4,"[1, 1, 1, 1]",3,1,-1,,0.75,4
980,97a3fa9b-8861-11f1-8f89-b48c9db4e1b4,5,"[1, 0, 1, 1]",0,1,1,,0.75,4
981,97a3fa9b-8861-11f1-8f89-b48c9db4e1b4,5,"[1, 0, 1, 1]",1,0,0,,0.75,4
982,97a3fa9b-8861-11f1-8f89-b48c9db4e1b4,5,"[1, 0, 1, 1]",2,1,1,,0.75,4
983,97a3fa9b-8861-11f1-8f89-b48c9db4e1b4,5,"[1, 0, 1, 1]",3,1,1,,0.75,4
984,97a3fa9b-8861-11f1-8f89-b48c9db4e1b4,6,"[1, 1, 1, 1]",0,1,-1,,0.75,4
985,97a3fa9b-8861-11f1-8f89-b48c9db4e1b4,6,"[1, 1, 1, 1]",1,1,-1,,0.75,4
986,97a3fa9b-8861-11f1-8f89-b48c9db4e1b4,6,"[1, 1, 1, 1]",2,1,-1,,0.75,4
987,97a3fa9b-8861-11f1-8f89-b48c9db4e1b4,6,"[1, 1, 1, 1]",3,1,-1,,0.75,4
988,97a3fa9b-8861-11f1-8f89-b48c9db4e1b4,7,"[1, 0, 1, 1]",0,1,1,,0.75,4
989,97a3fa9b-8861-11f1-8f89-b48c9db4e1b4,7,"[1, 0, 1, 1]",1,0,0,,0.75,4
990,97a3fa9b-8861-11f1-8f89-b48c9db4e1b4,7,"[1, 0, 1, 1]",2,1,1,,0.75,4
991,97a3fa9b-8861-11f1-8f89-b48c9db4e1b4,7,"[1, 0, 1, 1]",3,1,1,,0.75,4
992,97a3fa9b-8861-11f1-8f89-b48c9db4e1b4,8,"[1, 1, 0, 1]",0,1,1,,0.75,4
993,97a3fa9b-8861-11f1-8f89-b48c9db4e1b4,8,"[1, 1, 0, 1]",1,1,1,,0.75,4
994,97a3fa9b-8861-11f1-8f89-b48c9db4e1b4,8,"[1, 1, 0, 1]",2,0,0,,0.75,4
995,97a3fa9b-8861-11f1-8f89-b48c9db4e1b4,8,"[1, 1, 0, 1]",3,1,1,,0.75,4
996,97a3fa9b-8861-11f1-8f89-b48c9db4e1b4,9,"[1, 0, 1, 1]",0,1,1,,0.75,4
997,97a3fa9b-8861-11f1-8f89-b48c9db4e1b4,9,"[1, 0, 1, 1]",1,0,0,,0.75,4
998,97a3fa9b-8861-11f1-8f89-b48c9db4e1b4,9,"[1, 0, 1, 1]",2,1,1,,0.75,4
999,97a3fa9b-8861-11f1-8f89-b48c9db4e1b4,9,"[1, 0, 1, 1]",3,1,1,,0.75,4
1000,97a3fa9b-8861-11f1-8f89-b48c9db4e1b4,10,"[1, 1, 0, 1]",0,1,1,,0.75,4
1001,97a3fa9b-8861-11f1-8f89-b48c9db4e1b4,10,"[1, 1, 0, 1]",1,1,1,,0.75,4
1002,97a3fa9b-8861-11f1-8f89-b48c9db4e1b4,10,"[1, 1, 0, 1]",2,0,0,,0.75,4
1003,97a3fa9b-8861-11f1-8f89-b48c9db4e1b4,10,"[1, 1, 0, 1]",3,1,1,,0.75,4
1004,97a3fa9b-8861-11f1-8f89-b48c9db4e1b4,11,"[1, 0, 1, 1]",0,1,1,,0.75,4
1005,97a3fa9b-8861-11f1-8f89-b48c9db4e1b4,11,"[1, 0, 1, 1]",1,0,0,,0.75,4
1006,97a3fa9b-8861-11f1-8f89-b48c9db4e1b4,11,"[1, 0, 1, 1]",2,1,1,,0.75,4
1007,97a3fa9b-8861-11f1-8f89-b48c9db4e1b4,11,"[1, 0, 1, 1]",3,1,1,,0.75,4
1008,97a3fa9b-8861-11f1-8f89-b48c9db4e1b4,12,"[1, 1, 0, 1]",0,1,1,,0.75,4
1009,97a3fa9b-8861-11f1-8f89-b48c9db4e1b4,12,"[1, 1, 0, 1]",1,1,1,,0.75,4
1010,97a3fa9b-8861-11f1-8f89-b48c9db4e1b4,12,"[1, 1, 0, 1]",2,0,0,,0.75,4
1011,97a3fa9b-8861-11f1-8f89-b48c9db4e1b4,12,"[1, 1, 0, 1]",3,1,1,,0.75,4
1012,97a3fa9b-8861-11f1-8f89-b48c9db4e1b4,13,"[1, 0, 1, 0]",0,1,1,,0.75,4
1013,97a3fa9b-8861-11f1-8f89-b48c9db4e1b4,13,"[1, 0, 1, 0]",1,0,0,,0.75,4
1014,97a3fa9b-8861-11f1-8f89-b48c9db4e1b4,13,"[1, 0, 1, 0]",2,1,1,,0.75,4
1015,97a3fa9b-8861-11f1-8f89-b48c9db4e1b4,13,"[1, 0, 1, 0]",3,0,0,,0.75,4
1016,97a3fa9b-8861-11f1-8f89-b48c9db4e1b4,14,"[1, 1, 1, 1]",0,1,-1,,0.75,4
1017,97a3fa9b-8861-11f1-8f89-b48c9db4e1b4,14,"[1, 1, 1, 1]",1,1,-1,,0.75,4
1018,97a3fa9b-8861-11f1-8f89-b48c9db4e1b4,14,"[1, 1, 1, 1]",2,1,-1,,0.75,4
1019,97a3fa9b-8861-11f1-8f89-b48c9db4e1b4,14,"[1, 1, 1, 1]",3,1,-1,,0.75,4
1020,97a3fa9b-8861-11f1-8f89-b48c9db4e1b4,15,"[1, 0, 1, 1]",0,1,1,,0.75,4
1021,97a3fa9b-8861-11f1-8f89-b48c9db4e1b4,15,"[1, 0, 1, 1]",1,0,0,,0.75,4
1022,97a3fa9b-8861-11f1-8f89-b48c9db4e1b4,15,"[1, 0, 1, 1]",2,1,1,,0.75,4
1023,97a3fa9b-8861-11f1-8f89-b48c9db4e1b4,15,"[1, 0, 1, 1]",3,1,1,,0.75,4
1024,97a3fa9b-8861-11f1-8f89-b48c9db4e1b4,16,"[1, 1, 1, 1]",0,1,-1,,0.75,4
1025,97a3fa9b-8861-11f1-8f89-b48c9db4e1b4,16,"[1, 1, 1, 1]",1,1,-1,,0.75,4
1026,97a3fa9b-8861-11f1-8f89-b48c9db4e1b4,16,"[1, 1, 1, 1]",2,1,-1,,0.75,4
1027,97a3fa9b-8861-11f1-8f89-b48c9db4e1b4,16,"[1, 1, 1, 1]",3,1,-1,,0.75,4
1028,97a3fa9b-8861-11f1-8f89-b48c9db4e1b4,17,"[1, 0, 1, 1]",0,1,1,,0.75,4
1029,97a3fa9b-8861-11f1-8f89-b48c9db4e1b4,17,"[1, 0, 1, 1]",1,0,0,,0.75,4
1030,97a3fa9b-8861-11f1-8f89-b48c9db4e1b4,17,"[1, 0, 1, 1]",2,1,1,,0.75,4
1031,97a3fa9b-8861-11f1-8f89-b48c9db4e1b4,17,"[1, 0, 1, 1]",3,1,1,,0.75,4
1032,97a3fa9b-8861-11f1-8f89-b48c9db4e1b4,18,"[1, 1, 1, 1]",0,1,-1,,0.75,4
1033,97a3fa9b-8861-11f1-8f89-b48c9db4e1b4,18,"[1, 1, 1, 1]",1,1,-1,,0.75,4
1034,97a3fa9b-8861-11f1-8f89-b48c9db4e1b4,18,"[1, 1, 1, 1]",2,1,-1,,0.75,4
1035,97a3fa9b-8861-11f1-8f89-b48c9db4e1b4,18,"[1, 1, 1, 1]",3,1,-1,,0.75,4
1036,97a3fa9b-8861-11f1-8f89-b48c9db4e1b4,19,"[1, 0, 1, 1]",0,1,1,,0.75,4
1037,97a3fa9b-8861-11f1-8f89-b48c9db4e1b4,19,"[1, 0, 1, 1]",1,0,0,,0.75,4
1038,97a3fa9b-8861-11f1-8f89-b48c9db4e1b4,19,"[1, 0, 1, 1]",2,1,1,,0.75,4
1039,97a3fa9b-8861-11f1-8f89-b48c9db4e1b4,19,"[1, 0, 1, 1]",3,1,1,,0.75,4
1040,97abffa6-8861-11f1-a31f-b48c9db4e1b4,0,"[1, 0, 1, 0]",0,1,1,,0.75,4
1041,97abffa6-8861-11f1-a31f-b48c9db4e1b4,0,"[1, 0, 1, 0]",1,0,0,,0.75,4
1042,97abffa6-8861-11f1-a31f-b48c9db4e1b4,0,"[1, 0, 1, 0]",2,1,1,,0.75,4
1043,97abffa6-8861-11f1-a31f-b48c9db4e1b4,0,"[1, 0, 1, 0]",3,0,0,,0.75,4
1044,97abffa6-8861-11f1-a31f-b48c9db4e1b4,1,"[1, 0, 1, 1]",0,1,1,,0.75,4
1045,97abffa6-8861-11f1-a31f-b48c9db4e1b4,1,"[1, 0, 1, 1]",1,0,0,,0.75,4
1046,97abffa6-8861-11f1-a31f-b48c9db4e1b4,1,"[1, 0, 1, 1]",2,1,1,,0.75,4
1047,97abffa6-8861-11f1-a31f-b48c9db4e1b4,1,"[1, 0, 1, 1]",3,1,1,,0.75,4
1048,97abffa6-8861-11f1-a31f-b48c9db4e1b4,2,"[1, 0, 1, 1]",0,1,1,,0.75,4
1049,97abffa6-8861-11f1-a31f-b48c9db4e1b4,2,"[1, 0, 1, 1]",1,0,0,,0.75,4
1050,97abffa6-8861-11f1-a31f-b48c9db4e1b4,2,"[1, 0, 1, 1]",2,1,1,,0.75,4
1051,97abffa6-8861-11f1-a31f-b48c9db4e1b4,2,"[1, 0, 1, 1]",3,1,1,,0.75,4
1052,97abffa6-8861-11f1-a31f-b48c9db4e1b4,3,"[1, 0, 1, 1]",0,1,1,,0.75,4
1053,97abffa6-8861-11f1-a31f-b48c9db4e1b4,3,"[1, 0, 1, 1]",1,0,0,,0.75,4
1054,97abffa6-8861-11f1-a31f-b48c9db4e1b4,3,"[1, 0, 1, 1]",2,1,1,,0.75,4
1055,97abffa6-8861-11f1-a31f-b48c9db4e1b4,3,"[1, 0, 1, 1]",3,1,1,,0.75,4
1056,97abffa6-8861-11f1-a31f-b48c9db4e1b4,4,"[1, 0, 1, 1]",0,1,1,,0.75,4
1057,97abffa6-8861-11f1-a31f-b48c9db4e1b4,4,"[1, 0, 1, 1]",1,0,0,,0.75,4
1058,97abffa6-8861-11f1-a31f-b48c9db4e1b4,4,"[1, 0, 1, 1]",2,1,1,,0.75,4
1059,97abffa6-8861-11f1-a31f-b48c9db4e1b4,4,"[1, 0, 1, 1]",3,1,1,,0.75,4
1060,97abffa6-8861-11f1-a31f-b48c9db4e1b4,5,"[1, 0, 1, 1]",0,1,1,,0.75,4
1061,97abffa6-8861-11f1-a31f-b48c9db4e1b4,5,"[1, 0, 1, 1]",1,0,0,,0.75,4
1062,97abffa6-8861-11f1-a31f-b48c9db4e1b4,5,"[1, 0, 1, 1]",2,1,1,,0.75,4
1063,97abffa6-8861-11f1-a31f-b48c9db4e1b4,5,"[1, 0, 1, 1]",3,1,1,,0.75,4
1064,97abffa6-8861-11f1-a31f-b48c9db4e1b4,6,"[1, 0, 1, 1]",0,1,1,,0.75,4
1065,97abffa6-8861-11f1-a31f-b48c9db4e1b4,6,"[1, 0, 1, 1]",1,0,0,,0.75,4
1066,97abffa6-8861-11f1-a31f-b48c9db4e1b4,6,"[1, 0, 1, 1]",2,1,1,,0.75,4
1067,97abffa6-8861-11f1-a31f-b48c9db4e1b4,6,"[1, 0, 1, 1]",3,1,1,,0.75,4
1068,97abffa6-8861-11f1-a31f-b48c9db4e1b4,7,"[1, 0, 1, 1]",0,1,1,,0.75,4
1069,97abffa6-8861-11f1-a31f-b48c9db4e1b4,7,"[1, 0, 1, 1]",1,0,0,,0.75,4
1070,97abffa6-8861-11f1-a31f-b48c9db4e1b4,7,"[1, 0, 1, 1]",2,1,1,,0.75,4
1071,97abffa6-8861-11f1-a31f-b48c9db4e1b4,7,"[1, 0, 1, 1]",3,1,1,,0.75,4
1072,97abffa6-8861-11f1-a31f-b48c9db4e1b4,8,"[1, 0, 1, 1]",0,1,1,,0.75,4
1073,97abffa6-8861-11f1-a31f-b48c9db4e1b4,8,"[1, 0, 1, 1]",1,0,0,,0.75,4
1074,97abffa6-8861-11f1-a31f-b48c9db4e1b4,8,"[1, 0, 1, 1]",2,1,1,,0.75,4
1075,97abffa6-8861-11f1-a31f-b48c9db4e1b4,8,"[1, 0, 1, 1]",3,1,1,,0.75,4
1076,97abffa6-8861-11f1-a31f-b48c9db4e1b4,9,"[1, 0, 1, 1]",0,1,1,,0.75,4
1077,97abffa6-8861-11f1-a31f-b48c9db4e1b4,9,"[1, 0, 1, 1]",1,0,0,,0.75,4
1078,97abffa6-8861-11f1-a31f-b48c9db4e1b4,9,"[1, 0, 1, 1]",2,1,1,,0.75,4
1079,97abffa6-8861-11f1-a31f-b48c9db4e1b4,9,"[1, 0, 1, 1]",3,1,1,,0.75,4
1080,97abffa6-8861-11f1-a31f-b48c9db4e1b4,10,"[1, 0, 1, 1]",0,1,1,,0.75,4
1081,97abffa6-8861-11f1-a31f-b48c9db4e1b4,10,"[1, 0, 1, 1]",1,0,0,,0.75,4
1082,97abffa6-8861-11f1-a31f-b48c9db4e1b4,10,"[1, 0, 1, 1]",2,1,1,,0.75,4
1083,97abffa6-8861-11f1-a31f-b48c9db4e1b4,10,"[1, 0, 1, 1]",3,1,1,,0.75,4
1084,97abffa6-8861-11f1-a31f-b48c9db4e1b4,11,"[1, 0, 1, 1]",0,1,1,,0.75,4
1085,97abffa6-8861-11f1-a31f-b48c9db4e1b4,11,"[1, 0, 1, 1]",1,0,0,,0.75,4
1086,97abffa6-8861-11f1-a31f-b48c9db4e1b4,11,"[1, 0, 1, 1]",2,1,1,,0.75,4
1087,97abffa6-8861-11f1-a31f-b48c9db4e1b4,11,"[1, 0, 1, 1]",3,1,1,,0.75,4
1088,97abffa6-8861-11f1-a31f-b48c9db4e1b4,12,"[1, 0, 1, 1]",0,1,1,,0.75,4
1089,97abffa6-8861-11f1-a31f-b48c9db4e1b4,12,"[1, 0, 1, 1]",1,0,0,,0.75,4
1090,97abffa6-8861-11f1-a31f-b48c9db4e1b4,12,"[1, 0, 1, 1]",2,1,1,,0.75,4
1091,97abffa6-8861-11f1-a31f-b48c9db4e1b4,12,"[1, 0, 1, 1]",3,1,1,,0.75,4
1092,97abffa6-8861-11f1-a31f-b48c9db4e1b4,13,"[1, 0, 1, 1]",0,1,1,,0.75,4
1093,97abffa6-8861-11f1-a31f-b48c9db4e1b4,13,"[1, 0, 1, 1]",1,0,0,,0.75,4
1094,97abffa6-8861-11f1-a31f-b48c9db4e1b4,13,"[1, 0, 1, 1]",2,1,1,,0.75,4
1095,97abffa6-8861-11f1-a31f-b48c9db4e1b4,13,"[1, 0, 1, 1]",3,1,1,,0.75,4
1096,97abffa6-8861-11f1-a31f-b48c9db4e1b4,14,"[1, 0, 1, 1]",0,1,1,,0.75,4
1097,97abffa6-8861-11f1-a31f-b48c9db4e1b4,14,"[1, 0, 1, 1]",1,0,0,,0.75,4
1098,97abffa6-8861-11f1-a31f-b48c9db4e1b4,14,"[1, 0, 1, 1]",2,1,1,,0.75,4
1099,97abffa6-8861-11f1-a31f-b48c9db4e1b4,14,"[1, 0, 1, 1]",3,1,1,,0.75,4
1100,97abffa6-8861-11f1-a31f-b48c9db4e1b4,15,"[1, 0, 1, 1]",0,1,1,,0.75,4
1101,97abffa6-8861-11f1-a31f-b48c9db4e1b4,15,"[1, 0, 1, 1]",1,0,0,,0.75,4
1102,97abffa6-8861-11f1-a31f-b48c9db4e1b4,15,"[1, 0, 1, 1]",2,1,1,,0.75,4
1103,97abffa6-8861-11f1-a31f-b48c9db4e1b4,15,"[1, 0, 1, 1]",3,1,1,,0.75,4
1104,97abffa6-8861-11f1-a31f-b48c9db4e1b4,16,"[1, 0, 1, 1]",0,1,1,,0.75,4
1105,97abffa6-8861-11f1-a31f-b48c9db4e1b4,16,"[1, 0, 1, 1]",1,0,0,,0.75,4
1106,97abffa6-8861-11f1-a31f-b48c9db4e1b4,16,"[1, 0, 1, 1]",2,1,1,,0.75,4
1107,97abffa6-8861-11f1-a31f-b48c9db4e1b4,16,"[1, 0, 1, 1]",3,1,1,,0.75,4
1108,97abffa6-8861-11f1-a31f-b48c9db4e1b4,17,"[1, 0, 1, 1]",0,1,1,,0.75,4
1109,97abffa6-8861-11f1-a31f-b48c9db4e1b4,17,"[1, 0, 1, 1]",1,0,0,,0.75,4
1110,97abffa6-8861-11f1-a31f-b48c9db4e1b4,17,"[1, 0, 1, 1]",2,1,1,,0.75,4
1111,97abffa6-8861-11f1-a31f-b48c9db4e1b4,17,"[1, 0, 1, 1]",3,1,1,,0.75,4
1112,97abffa6-8861-11f1-a31f-b48c9db4e1b4,18,"[1, 0, 1, 1]",0,1,1,,0.75,4
1113,97abffa6-8861-11f1-a31f-b48c9db4e1b4,18,"[1, 0, 1, 1]",1,0,0,,0.75,4
1114,97abffa6-8861-11f1-a31f-b48c9db4e1b4,18,"[1, 0, 1, 1]",2,1,1,,0.75,4
1115,97abffa6-8861-11f1-a31f-b48c9db4e1b4,18,"[1, 0, 1, 1]",3,1,1,,0.75,4
1116,97abffa6-8861-11f1-a31f-b48c9db4e1b4,19,"[1, 0, 1, 1]",0,1,1,,0.75,4
1117,97abffa6-8861-11f1-a31f-b48c9db4e1b4,19,"[1, 0, 1, 1]",1,0,0,,0.75,4
1118,97abffa6-8861-11f1-a31f-b48c9db4e1b4,19,"[1, 0, 1, 1]",2,1,1,,0.75,4
1119,97abffa6-8861-11f1-a31f-b48c9db4e1b4,19,"[1, 0, 1, 1]",3,1,1,,0.75,4
1120,97b40aba-8861-11f1-b1d2-b48c9db4e1b4,0,"[0, 1, 1, 1]",0,0,0,,0.75,4
1121,97b40aba-8861-11f1-b1d2-b48c9db4e1b4,0,"[0, 1, 1, 1]",1,1,1,,0.75,4
1122,97b40aba-8861-11f1-b1d2-b48c9db4e1b4,0,"[0, 1, 1, 1]",2,1,1,,0.75,4
1123,97b40aba-8861-11f1-b1d2-b48c9db4e1b4,0,"[0, 1, 1, 1]",3,1,1,,0.75,4
1124,97b40aba-8861-11f1-b1d2-b48c9db4e1b4,1,"[1, 0, 1, 1]",0,1,1,,0.75,4
1125,97b40aba-8861-11f1-b1d2-b48c9db4e1b4,1,"[1, 0, 1, 1]",1,0,0,,0.75,4
1126,97b40aba-8861-11f1-b1d2-b48c9db4e1b4,1,"[1, 0, 1, 1]",2,1,1,,0.75,4
1127,97b40aba-8861-11f1-b1d2-b48c9db4e1b4,1,"[1, 0, 1, 1]",3,1,1,,0.75,4
1128,97b40aba-8861-11f1-b1d2-b48c9db4e1b4,2,"[0, 1, 0, 1]",0,0,0,,0.75,4
1129,97b40aba-8861-11f1-b1d2-b48c9db4e1b4,2,"[0, 1, 0, 1]",1,1,1,,0.75,4
1130,97b40aba-8861-11f1-b1d2-b48c9db4e1b4,2,"[0, 1, 0, 1]",2,0,0,,0.75,4
1131,97b40aba-8861-11f1-b1d2-b48c9db4e1b4,2,"[0, 1, 0, 1]",3,1,1,,0.75,4
1132,97b40aba-8861-11f1-b1d2-b48c9db4e1b4,3,"[1, 0, 1, 1]",0,1,1,,0.75,4
1133,97b40aba-8861-11f1-b1d2-b48c9db4e1b4,3,"[1, 0, 1, 1]",1,0,0,,0.75,4
1134,97b40aba-8861-11f1-b1d2-b48c9db4e1b4,3,"[1, 0, 1, 1]",2,1,1,,0.75,4
1135,97b40aba-8861-11f1-b1d2-b48c9db4e1b4,3,"[1, 0, 1, 1]",3,1,1,,0.75,4
1136,97b40aba-8861-11f1-b1d2-b48c9db4e1b4,4,"[1, 1, 0, 1]",0,1,1,,0.75,4
1137,97b40aba-8861-11f1-b1d2-b48c9db4e1b4,4,"[1, 1, 0, 1]",1,1,1,,0.75,4
1138,97b40aba-8861-11f1-b1d2-b48c9db4e1b4,4,"[1, 1, 0, 1]",2,0,0,,0.75,4
1139,97b40aba-8861-11f1-b1d2-b48c9db4e1b4,4,"[1, 1, 0, 1]",3,1,1,,0.75,4
1140,97b40aba-8861-11f1-b1d2-b48c9db4e1b4,5,"[1, 1, 1, 0]",0,1,1,,0.75,4
1141,97b40aba-8861-11f1-b1d2-b48c9db4e1b4,5,"[1, 1, 1, 0]",1,1,1,,0.75,4
1142,97b40aba-8861-11f1-b1d2-b48c9db4e1b4,5,"[1, 1, 1, 0]",2,1,1,,0.75,4
1143,97b40aba-8861-11f1-b1d2-b48c9db4e1b4,5,"[1, 1, 1, 0]",3,0,0,,0.75,4
1144,97b40aba-8861-11f1-b1d2-b48c9db4e1b4,6,"[0, 1, 1, 1]",0,0,0,,0.75,4
1145,97b40aba-8861-11f1-b1d2-b48c9db4e1b4,6,"[0, 1, 1, 1]",1,1,1,,0.75,4
1146,97b40aba-8861-11f1-b1d2-b48c9db4e1b4,6,"[0, 1, 1, 1]",2,1,1,,0.75,4
1147,97b40aba-8861-11f1-b1d2-b48c9db4e1b4,6,"[0, 1, 1, 1]",3,1,1,,0.75,4
1148,97b40aba-8861-11f1-b1d2-b48c9db4e1b4,7,"[1, 0, 1, 1]",0,1,1,,0.75,4
1149,97b40aba-8861-11f1-b1d2-b48c9db4e1b4,7,"[1, 0, 1, 1]",1,0,0,,0.75,4
1150,97b40aba-8861-11f1-b1d2-b48c9db4e1b4,7,"[1, 0, 1, 1]",2,1,1,,0.75,4
1151,97b40aba-8861-11f1-b1d2-b48c9db4e1b4,7,"[1, 0, 1, 1]",3,1,1,,0.75,4
1152,97b40aba-8861-11f1-b1d2-b48c9db4e1b4,8,"[1, 1, 1, 1]",0,1,-1,,0.75,4
1153,97b40aba-8861-11f1-b1d2-b48c9db4e1b4,8,"[1, 1, 1, 1]",1,1,-1,,0.75,4
1154,97b40aba-8861-11f1-b1d2-b48c9db4e1b4,8,"[1, 1, 1, 1]",2,1,-1,,0.75,4
1155,97b40aba-8861-11f1-b1d2-b48c9db4e1b4,8,"[1, 1, 1, 1]",3,1,-1,,0.75,4
1156,97b40aba-8861-11f1-b1d2-b48c9db4e1b4,9,"[1, 0, 1, 1]",0,1,1,,0.75,4
1157,97b40aba-8861-11f1-b1d2-b48c9db4e1b4,9,"[1, 0, 1, 1]",1,0,0,,0.75,4
1158,97b40aba-8861-11f1-b1d2-b48c9db4e1b4,9,"[1, 0, 1, 1]",2,1,1,,0.75,4
1159,97b40aba-8861-11f1-b1d2-b48c9db4e1b4,9,"[1, 0, 1, 1]",3,1,1,,0.75,4
1160,97b40aba-8861-11f1-b1d2-b48c9db4e1b4,10,"[1, 1, 0, 1]",0,1,1,,0.75,4
1161,97b40aba-8861-11f1-b1d2-b48c9db4e1b4,10,"[1, 1, 0, 1]",1,1,1,,0.75,4
1162,97b40aba-8861-11f1-b1d2-b48c9db4e1b4,10,"[1, 1, 0, 1]",2,0,0,,0.75,4
1163,97b40aba-8861-11f1-b1d2-b48c9db4e1b4,10,"[1, 1, 0, 1]",3,1,1,,0.75,4
1164,97b40aba-8861-11f1-b1d2-b48c9db4e1b4,11,"[1, 1, 1, 1]",0,1,-1,,0.75,4
1165,97b40aba-8861-11f1-b1d2-b48c9db4e1b4,11,"[1, 1, 1, 1]",1,1,-1,,0.75,4
1166,97b40aba-8861-11f1-b1d2-b48c9db4e1b4,11,"[1, 1, 1, 1]",2,1,-1,,0.75,4
1167,97b40aba-8861-11f1-b1d2-b48c9db4e1b4,11,"[1, 1, 1, 1]",3,1,-1,,0.75,4
1168,97b40aba-8861-11f1-b1d2-b48c9db4e1b4,12,"[0, 1, 1, 1]",0,0,0,,0.75,4
1169,97b40aba-8861-11f1-b1d2-b48c9db4e1b4,12,"[0, 1, 1, 1]",1,1,1,,0.75,4
1170,97b40aba-8861-11f1-b1d2-b48c9db4e1b4,12,"[0, 1, 1, 1]",2,1,1,,0.75,4
1171,97b40aba-8861-11f1-b1d2-b48c9db4e1b4,12,"[0, 1, 1, 1]",3,1,1,,0.75,4
1172,97b40aba-8861-11f1-b1d2-b48c9db4e1b4,13,"[1, 0, 1, 1]",0,1,1,,0.75,4
1173,97b40aba-8861-11f1-b1d2-b48c9db4e1b4,13,"[1, 0, 1, 1]",1,0,0,,0.75,4
1174,97b40aba-8861-11f1-b1d2-b48c9db4e1b4,13,"[1, 0, 1, 1]",2,1,1,,0.75,4
1175,97b40aba-8861-11f1-b1d2-b48c9db4e1b4,13,"[1, 0, 1, 1]",3,1,1,,0.75,4
1176,97b40aba-8861-11f1-b1d2-b48c9db4e1b4,14,"[1, 1, 0, 1]",0,1,1,,0.75,4
1177,97b40aba-8861-11f1-b1d2-b48c9db4e1b4,14,"[1, 1, 0, 1]",1,1,1,,0.75,4
1178,97b40aba-8861-11f1-b1d2-b48c9db4e1b4,14,"[1, 1, 0, 1]",2,0,0,,0.75,4
1179,97b40aba-8861-11f1-b1d2-b48c9db4e1b4,14,"[1, 1, 0, 1]",3,1,1,,0.75,4
1180,97b40aba-8861-11f1-b1d2-b48c9db4e1b4,15,"[1, 1, 1, 0]",0,1,1,,0.75,4
1181,97b40aba-8861-11f1-b1d2-b48c9db4e1b4,15,"[1, 1, 1, 0]",1,1,1,,0.75,4
1182,97b40aba-8861-11f1-b1d2-b48c9db4e1b4,15,"[1, 1, 1, 0]",2,1,1,,0.75,4
1183,97b40aba-8861-11f1-b1d2-b48c9db4e1b4,15,"[1, 1, 1, 0]",3,0,0,,0.75,4
1184,97b40aba-8861-11f1-b1d2-b48c9db4e1b4,16,"[0, 1, 1, 1]",0,0,0,,0.75,4
1185,97b40aba-8861-11f1-b1d2-b48c9db4e1b4,16,"[0, 1, 1, 1]",1,1,1,,0.75,4
1186,97b40aba-8861-11f1-b1d2-b48c9db4e1b4,16,"[0, 1, 1, 1]",2,1,1,,0.75,4
1187,97b40aba-8861-11f1-b1d2-b48c9db4e1b4,16,"[0, 1, 1, 1]",3,1,1,,0.75,4
1188,97b40aba-8861-11f1-b1d2-b48c9db4e1b4,17,"[1, 0, 1, 1]",0,1,1,,0.75,4
1189,97b40aba-8861-11f1-b1d2-b48c9db4e1b4,17,"[1, 0, 1, 1]",1,0,0,,0.75,4
1190,97b40aba-8861-11f1-b1d2-b48c9db4e1b4,17,"[1, 0, 1, 1]",2,1,1,,0.75,4
1191,97b40aba-8861-11f1-b1d2-b48c9db4e1b4,17,"[1, 0, 1, 1]",3,1,1,,0.75,4
1192,97b40aba-8861-11f1-b1d2-b48c9db4e1b4,18,"[1, 1, 1, 1]",0,1,-1,,0.75,4
1193,97b40aba-8861-11f1-b1d2-b48c9db4e1b4,18,"[1, 1, 1, 1]",1,1,-1,,0.75,4
1194,97b40aba-8861-11f1-b1d2-b48c9db4e1b4,18,"[1, 1, 1, 1]",2,1,-1,,0.75,4
1195,97b40aba-8861-11f1-b1d2-b48c9db4e1b4,18,"[1, 1, 1, 1]",3,1,-1,,0.75,4
1196,97b40aba-8861-11f1-b1d2-b48c9db4e1b4,19,"[1, 0, 1, 1]",0,1,1,,0.75,4
1197,97b40aba-8861-11f1-b1d2-b48c9db4e1b4,19,"[1, 0, 1, 1]",1,0,0,,0.75,4
1198,97b40aba-8861-11f1-b1d2-b48c9db4e1b4,19,"[1, 0, 1, 1]",2,1,1,,0.75,4
1199,97b40aba-8861-11f1-b1d2-b48c9db4e1b4,19,"[1, 0, 1, 1]",3,1,1,,0.75,4
1200,97bc339d-8861-11f1-aee5-b48c9db4e1b4,0,"[0, 1, 0, 1]",0,0,0,,0.75,4
1201,97bc339d-8861-11f1-aee5-b48c9db4e1b4,0,"[0, 1, 0, 1]",1,1,1,,0.75,4
1202,97bc339d-8861-11f1-aee5-b48c9db4e1b4,0,"[0, 1, 0, 1]",2,0,0,,0.75,4
1203,97bc339d-8861-11f1-aee5-b48c9db4e1b4,0,"[0, 1, 0, 1]",3,1,1,,0.75,4
1204,97bc339d-8861-11f1-aee5-b48c9db4e1b4,1,"[1, 0, 1, 1]",0,1,1,,0.75,4
1205,97bc339d-8861-11f1-aee5-b48c9db4e1b4,1,"[1, 0, 1, 1]",1,0,0,,0.75,4
1206,97bc339d-8861-11f1-aee5-b48c9db4e1b4,1,"[1, 0, 1, 1]",2,1,1,,0.75,4
1207,97bc339d-8861-11f1-aee5-b48c9db4e1b4,1,"[1, 0, 1, 1]",3,1,1,,0.75,4
1208,97bc339d-8861-11f1-aee5-b48c9db4e1b4,2,"[1, 1, 0, 1]",0,1,1,,0.75,4
1209,97bc339d-8861-11f1-aee5-b48c9db4e1b4,2,"[1, 1, 0, 1]",1,1,1,,0.75,4
1210,97bc339d-8861-11f1-aee5-b48c9db4e1b4,2,"[1, 1, 0, 1]",2,0,0,,0.75,4
1211,97bc339d-8861-11f1-aee5-b48c9db4e1b4,2,"[1, 1, 0, 1]",3,1,1,,0.75,4
1212,97bc339d-8861-11f1-aee5-b48c9db4e1b4,3,"[1, 0, 1, 0]",0,1,1,,0.75,4
1213,97bc339d-8861-11f1-aee5-b48c9db4e1b4,3,"[1, 0, 1, 0]",1,0,0,,0.75,4
1214,97bc339d-8861-11f1-aee5-b48c9db4e1b4,3,"[1, 0, 1, 0]",2,1,1,,0.75,4
1215,97bc339d-8861-11f1-aee5-b48c9db4e1b4,3,"[1, 0, 1, 0]",3,0,0,,0.75,4
1216,97bc339d-8861-11f1-aee5-b48c9db4e1b4,4,"[0, 1, 1, 1]",0,0,0,,0.75,4
1217,97bc339d-8861-11f1-aee5-b48c9db4e1b4,4,"[0, 1, 1, 1]",1,1,1,,0.75,4
1218,97bc339d-8861-11f1-aee5-b48c9db4e1b4,4,"[0, 1, 1, 1]",2,1,1,,0.75,4
1219,97bc339d-8861-11f1-aee5-b48c9db4e1b4,4,"[0, 1, 1, 1]",3,1,1,,0.75,4
1220,97bc339d-8861-11f1-aee5-b48c9db4e1b4,5,"[1, 0, 1, 1]",0,1,1,,0.75,4
1221,97bc339d-8861-11f1-aee5-b48c9db4e1b4,5,"[1, 0, 1, 1]",1,0,0,,0.75,4
1222,97bc339d-8861-11f1-aee5-b48c9db4e1b4,5,"[1, 0, 1, 1]",2,1,1,,0.75,4
1223,97bc339d-8861-11f1-aee5-b48c9db4e1b4,5,"[1, 0, 1, 1]",3,1,1,,0.75,4
1224,97bc339d-8861-11f1-aee5-b48c9db4e1b4,6,"[0, 1, 0, 1]",0,0,0,,0.75,4
1225,97bc339d-8861-11f1-aee5-b48c9db4e1b4,6,"[0, 1, 0, 1]",1,1,1,,0.75,4
1226,97bc339d-8861-11f1-aee5-b48c9db4e1b4,6,"[0, 1, 0, 1]",2,0,0,,0.75,4
1227,97bc339d-8861-11f1-aee5-b48c9db4e1b4,6,"[0, 1, 0, 1]",3,1,1,,0.75,4
1228,97bc339d-8861-11f1-aee5-b48c9db4e1b4,7,"[1, 0, 1, 1]",0,1,1,,0.75,4
1229,97bc339d-8861-11f1-aee5-b48c9db4e1b4,7,"[1, 0, 1, 1]",1,0,0,,0.75,4
1230,97bc339d-8861-11f1-aee5-b48c9db4e1b4,7,"[1, 0, 1, 1]",2,1,1,,0.75,4
1231,97bc339d-8861-11f1-aee5-b48c9db4e1b4,7,"[1, 0, 1, 1]",3,1,1,,0.75,4
1232,97bc339d-8861-11f1-aee5-b48c9db4e1b4,8,"[1, 1, 0, 1]",0,1,1,,0.75,4
1233,97bc339d-8861-11f1-aee5-b48c9db4e1b4,8,"[1, 1, 0, 1]",1,1,1,,0.75,4
1234,97bc339d-8861-11f1-aee5-b48c9db4e1b4,8,"[1, 1, 0, 1]",2,0,0,,0.75,4
1235,97bc339d-8861-11f1-aee5-b48c9db4e1b4,8,"[1, 1, 0, 1]",3,1,1,,0.75,4
1236,97bc339d-8861-11f1-aee5-b48c9db4e1b4,9,"[1, 0, 1, 0]",0,1,1,,0.75,4
1237,97bc339d-8861-11f1-aee5-b48c9db4e1b4,9,"[1, 0, 1, 0]",1,0,0,,0.75,4
1238,97bc339d-8861-11f1-aee5-b48c9db4e1b4,9,"[1, 0, 1, 0]",2,1,1,,0.75,4
1239,97bc339d-8861-11f1-aee5-b48c9db4e1b4,9,"[1, 0, 1, 0]",3,0,0,,0.75,4
1240,97bc339d-8861-11f1-aee5-b48c9db4e1b4,10,"[1, 1, 1, 1]",0,1,-1,,0.75,4
1241,97bc339d-8861-11f1-aee5-b48c9db4e1b4,10,"[1, 1, 1, 1]",1,1,-1,,0.75,4
1242,97bc339d-8861-11f1-aee5-b48c9db4e1b4,10,"[1, 1, 1, 1]",2,1,-1,,0.75,4
1243,97bc339d-8861-11f1-aee5-b48c9db4e1b4,10,"[1, 1, 1, 1]",3,1,-1,,0.75,4
1244,97bc339d-8861-11f1-aee5-b48c9db4e1b4,11,"[1, 0, 1, 1]",0,1,1,,0.75,4
1245,97bc339d-8861-11f1-aee5-b48c9db4e1b4,11,"[1, 0, 1, 1]",1,0,0,,0.75,4
1246,97bc339d-8861-11f1-aee5-b48c9db4e1b4,11,"[1, 0, 1, 1]",2,1,1,,0.75,4
1247,97bc339d-8861-11f1-aee5-b48c9db4e1b4,11,"[1, 0, 1, 1]",3,1,1,,0.75,4
1248,97bc339d-8861-11f1-aee5-b48c9db4e1b4,12,"[1, 1, 0, 1]",0,1,1,,0.75,4
1249,97bc339d-8861-11f1-aee5-b48c9db4e1b4,12,"[1, 1, 0, 1]",1,1,1,,0.75,4
1250,97bc339d-8861-11f1-aee5-b48c9db4e1b4,12,"[1, 1, 0, 1]",2,0,0,,0.75,4
1251,97bc339d-8861-11f1-aee5-b48c9db4e1b4,12,"[1, 1, 0, 1]",3,1,1,,0.75,4
1252,97bc339d-8861-11f1-aee5-b48c9db4e1b4,13,"[1, 0, 1, 1]",0,1,1,,0.75,4
1253,97bc339d-8861-11f1-aee5-b48c9db4e1b4,13,"[1, 0, 1, 1]",1,0,0,,0.75,4
1254,97bc339d-8861-11f1-aee5-b48c9db4e1b4,13,"[1, 0, 1, 1]",2,1,1,,0.75,4
1255,97bc339d-8861-11f1-aee5-b48c9db4e1b4,13,"[1, 0, 1, 1]",3,1,1,,0.75,4
1256,97bc339d-8861-11f1-aee5-b48c9db4e1b4,14,"[1, 1, 0, 1]",0,1,1,,0.75,4
1257,97bc339d-8861-11f1-aee5-b48c9db4e1b4,14,"[1, 1, 0, 1]",1,1,1,,0.75,4
1258,97bc339d-8861-11f1-aee5-b48c9db4e1b4,14,"[1, 1, 0, 1]",2,0,0,,0.75,4
1259,97bc339d-8861-11f1-aee5-b48c9db4e1b4,14,"[1, 1, 0, 1]",3,1,1,,0.75,4
1260,97bc339d-8861-11f1-aee5-b48c9db4e1b4,15,"[1, 0, 1, 0]",0,1,1,,0.75,4
1261,97bc339d-8861-11f1-aee5-b48c9db4e1b4,15,"[1, 0, 1, 0]",1,0,0,,0.75,4
1262,97bc339d-8861-11f1-aee5-b48c9db4e1b4,15,"[1, 0, 1, 0]",2,1,1,,0.75,4
1263,97bc339d-8861-11f1-aee5-b48c9db4e1b4,15,"[1, 0, 1, 0]",3,0,0,,0.75,4
1264,97bc339d-8861-11f1-aee5-b48c9db4e1b4,16,"[1, 1, 1, 1]",0,1,-1,,0.75,4
1265,97bc339d-8861-11f1-aee5-b48c9db4e1b4,16,"[1, 1, 1, 1]",1,1,-1,,0.75,4
1266,97bc339d-8861-11f1-aee5-b48c9db4e1b4,16,"[1, 1, 1, 1]",2,1,-1,,0.75,4
1267,97bc339d-8861-11f1-aee5-b48c9db4e1b4,16,"[1, 1, 1, 1]",3,1,-1,,0.75,4
1268,97bc339d-8861-11f1-aee5-b48c9db4e1b4,17,"[1, 0, 1, 1]",0,1,1,,0.75,4
1269,97bc339d-8861-11f1-aee5-b48c9db4e1b4,17,"[1, 0, 1, 1]",1,0,0,,0.75,4
1270,97bc339d-8861-11f1-aee5-b48c9db4e1b4,17,"[1, 0, 1, 1]",2,1,1,,0.75,4
1271,97bc339d-8861-11f1-aee5-b48c9db4e1b4,17,"[1, 0, 1, 1]",3,1,1,,0.75,4
1272,97bc339d-8861-11f1-aee5-b48c9db4e1b4,18,"[1, 1, 1, 1]",0,1,-1,,0.75,4
1273,97bc339d-8861-11f1-aee5-b48c9db4e1b4,18,"[1, 1, 1, 1]",1,1,-1,,0.75,4
1274,97bc339d-8861-11f1-aee5-b48c9db4e1b4,18,"[1, 1, 1, 1]",2,1,-1,,0.75,4
1275,97bc339d-8861-11f1-aee5-b48c9db4e1b4,18,"[1, 1, 1, 1]",3,1,-1,,0.75,4
1276,97bc339d-8861-11f1-aee5-b48c9db4e1b4,19,"[1, 0, 1, 1]",0,1,1,,0.75,4
1277,97bc339d-8861-11f1-aee5-b48c9db4e1b4,19,"[1, 0, 1, 1]",1,0,0,,0.75,4
1278,97bc339d-8861-11f1-aee5-b48c9db4e1b4,19,"[1, 0, 1, 1]",2,1,1,,0.75,4
1279,97bc339d-8861-11f1-aee5-b48c9db4e1b4,19,"[1, 0, 1, 1]",3,1,1,,0.75,4
1280,97c40694-8861-11f1-ad04-b48c9db4e1b4,0,"[1, 0, 0, 0]",0,1,1,,0.75,4
1281,97c40694-8861-11f1-ad04-b48c9db4e1b4,0,"[1, 0, 0, 0]",1,0,0,,0.75,4
1282,97c40694-8861-11f1-ad04-b48c9db4e1b4,0,"[1, 0, 0, 0]",2,0,0,,0.75,4
1283,97c40694-8861-11f1-ad04-b48c9db4e1b4,0,"[1, 0, 0, 0]",3,0,0,,0.75,4
1284,97c40694-8861-11f1-ad04-b48c9db4e1b4,1,"[1, 0, 1, 1]",0,1,1,,0.75,4
1285,97c40694-8861-11f1-ad04-b48c9db4e1b4,1,"[1, 0, 1, 1]",1,0,0,,0.75,4
1286,97c40694-8861-11f1-ad04-b48c9db4e1b4,1,"[1, 0, 1, 1]",2,1,1,,0.75,4
1287,97c40694-8861-11f1-ad04-b48c9db4e1b4,1,"[1, 0, 1, 1]",3,1,1,,0.75,4
1288,97c40694-8861-11f1-ad04-b48c9db4e1b4,2,"[1, 0, 1, 1]",0,1,1,,0.75,4
1289,97c40694-8861-11f1-ad04-b48c9db4e1b4,2,"[1, 0, 1, 1]",1,0,0,,0.75,4
1290,97c40694-8861-11f1-ad04-b48c9db4e1b4,2,"[1, 0, 1, 1]",2,1,1,,0.75,4
1291,97c40694-8861-11f1-ad04-b48c9db4e1b4,2,"[1, 0, 1, 1]",3,1,1,,0.75,4
1292,97c40694-8861-11f1-ad04-b48c9db4e1b4,3,"[1, 0, 1, 1]",0,1,1,,0.75,4
1293,97c40694-8861-11f1-ad04-b48c9db4e1b4,3,"[1, 0, 1, 1]",1,0,0,,0.75,4
1294,97c40694-8861-11f1-ad04-b48c9db4e1b4,3,"[1, 0, 1, 1]",2,1,1,,0.75,4
1295,97c40694-8861-11f1-ad04-b48c9db4e1b4,3,"[1, 0, 1, 1]",3,1,1,,0.75,4
1296,97c40694-8861-11f1-ad04-b48c9db4e1b4,4,"[1, 0, 1, 1]",0,1,1,,0.75,4
1297,97c40694-8861-11f1-ad04-b48c9db4e1b4,4,"[1, 0, 1, 1]",1,0,0,,0.75,4
1298,97c40694-8861-11f1-ad04-b48c9db4e1b4,4,"[1, 0, 1, 1]",2,1,1,,0.75,4
1299,97c40694-8861-11f1-ad04-b48c9db4e1b4,4,"[1, 0, 1, 1]",3,1,1,,0.75,4
1300,97c40694-8861-11f1-ad04-b48c9db4e1b4,5,"[1, 0, 1, 1]",0,1,1,,0.75,4
1301,97c40694-8861-11f1-ad04-b48c9db4e1b4,5,"[1, 0, 1, 1]",1,0,0,,0.75,4
1302,97c40694-8861-11f1-ad04-b48c9db4e1b4,5,"[1, 0, 1, 1]",2,1,1,,0.75,4
1303,97c40694-8861-11f1-ad04-b48c9db4e1b4,5,"[1, 0, 1, 1]",3,1,1,,0.75,4
1304,97c40694-8861-11f1-ad04-b48c9db4e1b4,6,"[1, 0, 1, 1]",0,1,1,,0.75,4
1305,97c40694-8861-11f1-ad04-b48c9db4e1b4,6,"[1, 0, 1, 1]",1,0,0,,0.75,4
1306,97c40694-8861-11f1-ad04-b48c9db4e1b4,6,"[1, 0, 1, 1]",2,1,1,,0.75,4
1307,97c40694-8861-11f1-ad04-b48c9db4e1b4,6,"[1, 0, 1, 1]",3,1,1,,0.75,4
1308,97c40694-8861-11f1-ad04-b48c9db4e1b4,7,"[1, 0, 1, 1]",0,1,1,,0.75,4
1309,97c40694-8861-11f1-ad04-b48c9db4e1b4,7,"[1, 0, 1, 1]",1,0,0,,0.75,4
1310,97c40694-8861-11f1-ad04-b48c9db4e1b4,7,"[1, 0, 1, 1]",2,1,1,,0.75,4
1311,97c40694-8861-11f1-ad04-b48c9db4e1b4,7,"[1, 0, 1, 1]",3,1,1,,0.75,4
1312,97c40694-8861-11f1-ad04-b48c9db4e1b4,8,"[1, 0, 1, 1]",0,1,1,,0.75,4
1313,97c40694-8861-11f1-ad04-b48c9db4e1b4,8,"[1, 0, 1, 1]",1,0,0,,0.75,4
1314,97c40694-8861-11f1-ad04-b48c9db4e1b4,8,"[1, 0, 1, 1]",2,1,1,,0.75,4
1315,97c40694-8861-11f1-ad04-b48c9db4e1b4,8,"[1, 0, 1, 1]",3,1,1,,0.75,4
1316,97c40694-8861-11f1-ad04-b48c9db4e1b4,9,"[1, 0, 1, 1]",0,1,1,,0.75,4
1317,97c40694-8861-11f1-ad04-b48c9db4e1b4,9,"[1, 0, 1, 1]",1,0,0,,0.75,4
1318,97c40694-8861-11f1-ad04-b48c9db4e1b4,9,"[1, 0, 1, 1]",2,1,1,,0.75,4
1319,97c40694-8861-11f1-ad04-b48c9db4e1b4,9,"[1, 0, 1, 1]",3,1,1,,0.75,4
1320,97c40694-8861-11f1-ad04-b48c9db4e1b4,10,"[1, 0, 1, 1]",0,1,1,,0.75,4
1321,97c40694-8861-11f1-ad04-b48c9db4e1b4,10,"[1, 0, 1, 1]",1,0,0,,0.75,4
1322,97c40694-8861-11f1-ad04-b48c9db4e1b4,10,"[1, 0, 1, 1]",2,1,1,,0.75,4
1323,97c40694-8861-11f1-ad04-b48c9db4e1b4,10,"[1, 0, 1, 1]",3,1,1,,0.75,4
1324,97c40694-8861-11f1-ad04-b48c9db4e1b4,11,"[1, 0, 1, 1]",0,1,1,,0.75,4
1325,97c40694-8861-11f1-ad04-b48c9db4e1b4,11,"[1, 0, 1, 1]",1,0,0,,0.75,4
1326,97c40694-8861-11f1-ad04-b48c9db4e1b4,11,"[1, 0, 1, 1]",2,1,1,,0.75,4
1327,97c40694-8861-11f1-ad04-b48c9db4e1b4,11,"[1, 0, 1, 1]",3,1,1,,0.75,4
1328,97c40694-8861-11f1-ad04-b48c9db4e1b4,12,"[1, 0, 1, 1]",0,1,1,,0.75,4
1329,97c40694-8861-11f1-ad04-b48c9db4e1b4,12,"[1, 0, 1, 1]",1,0,0,,0.75,4
1330,97c40694-8861-11f1-ad04-b48c9db4e1b4,12,"[1, 0, 1, 1]",2,1,1,,0.75,4
1331,97c40694-8861-11f1-ad04-b48c9db4e1b4,12,"[1, 0, 1, 1]",3,1,1,,0.75,4
1332,97c40694-8861-11f1-ad04-b48c9db4e1b4,13,"[1, 0, 1, 1]",0,1,1,,0.75,4
1333,97c40694-8861-11f1-ad04-b48c9db4e1b4,13,"[1, 0, 1, 1]",1,0,0,,0.75,4
1334,97c40694-8861-11f1-ad04-b48c9db4e1b4,13,"[1, 0, 1, 1]",2,1,1,,0.75,4
1335,97c40694-8861-11f1-ad04-b48c9db4e1b4,13,"[1, 0, 1, 1]",3,1,1,,0.75,4
1336,97c40694-8861-11f1-ad04-b48c9db4e1b4,14,"[1, 0, 1, 1]",0,1,1,,0.75,4
1337,97c40694-8861-11f1-ad04-b48c9db4e1b4,14,"[1, 0, 1, 1]",1,0,0,,0.75,4
1338,97c40694-8861-11f1-ad04-b48c9db4e1b4,14,"[1, 0, 1, 1]",2,1,1,,0.75,4
1339,97c40694-8861-11f1-ad04-b48c9db4e1b4,14,"[1, 0, 1, 1]",3,1,1,,0.75,4
1340,97c40694-8861-11f1-ad04-b48c9db4e1b4,15,"[1, 0, 1, 1]",0,1,1,,0.75,4
1341,97c40694-8861-11f1-ad04-b48c9db4e1b4,15,"[1, 0, 1, 1]",1,0,0,,0.75,4
1342,97c40694-8861-11f1-ad04-b48c9db4e1b4,15,"[1, 0, 1, 1]",2,1,1,,0.75,4
1343,97c40694-8861-11f1-ad04-b48c9db4e1b4,15,"[1, 0, 1, 1]",3,1,1,,0.75,4
1344,97c40694-8861-11f1-ad04-b48c9db4e1b4,16,"[1, 0, 1, 1]",0,1,1,,0.75,4
1345,97c40694-8861-11f1-ad04-b48c9db4e1b4,16,"[1, 0, 1, 1]",1,0,0,,0.75,4
1346,97c40694-8861-11f1-ad04-b48c9db4e1b4,16,"[1, 0, 1, 1]",2,1,1,,0.75,4
1347,97c40694-8861-11f1-ad04-b48c9db4e1b4,16,"[1, 0, 1, 1]",3,1,1,,0.75,4
1348,97c40694-8861-11f1-ad04-b48c9db4e1b4,17,"[1, 0, 1, 1]",0,1,1,,0.75,4
1349,97c40694-8861-11f1-ad04-b48c9db4e1b4,17,"[1, 0, 1, 1]",1,0,0,,0.75,4
1350,97c40694-8861-11f1-ad04-b48c9db4e1b4,17,"[1, 0, 1, 1]",2,1,1,,0.75,4
1351,97c40694-8861-11f1-ad04-b48c9db4e1b4,17,"[1, 0, 1, 1]",3,1,1,,0.75,4
1352,97c40694-8861-11f1-ad04-b48c9db4e1b4,18,"[1, 0, 1, 1]",0,1,1,,0.75,4
1353,97c40694-8861-11f1-ad04-b48c9db4e1b4,18,"[1, 0, 1, 1]",1,0,0,,0.75,4
1354,97c40694-8861-11f1-ad04-b48c9db4e1b4,18,"[1, 0, 1, 1]",2,1,1,,0.75,4
1355,97c40694-8861-11f1-ad04-b48c9db4e1b4,18,"[1, 0, 1, 1]",3,1,1,,0.75,4
1356,97c40694-8861-11f1-ad04-b48c9db4e1b4,19,"[1, 0, 1, 1]",0,1,1,,0.75,4
1357,97c40694-8861-11f1-ad04-b48c9db4e1b4,19,"[1, 0, 1, 1]",1,0,0,,0.75,4
1358,97c40694-8861-11f1-ad04-b48c9db4e1b4,19,"[1, 0, 1, 1]",2,1,1,,0.75,4
1359,97c40694-8861-11f1-ad04-b48c9db4e1b4,19,"[1, 0, 1, 1]",3,1,1,,0.75,4
1360,97cbd72c-8861-11f1-beda-b48c9db4e1b4,0,"[0, 0, 0, 1]",0,0,0,,0.75,4
1361,97cbd72c-8861-11f1-beda-b48c9db4e1b4,0,"[0, 0, 0, 1]",1,0,0,,0.75,4
1362,97cbd72c-8861-11f1-beda-b48c9db4e1b4,0,"[0, 0, 0, 1]",2,0,0,,0.75,4
1363,97cbd72c-8861-11f1-beda-b48c9db4e1b4,0,"[0, 0, 0, 1]",3,1,1,,0.75,4
1364,97cbd72c-8861-11f1-beda-b48c9db4e1b4,1,"[1, 0, 1, 1]",0,1,1,,0.75,4
1365,97cbd72c-8861-11f1-beda-b48c9db4e1b4,1,"[1, 0, 1, 1]",1,0,0,,0.75,4
1366,97cbd72c-8861-11f1-beda-b48c9db4e1b4,1,"[1, 0, 1, 1]",2,1,1,,0.75,4
1367,97cbd72c-8861-11f1-beda-b48c9db4e1b4,1,"[1, 0, 1, 1]",3,1,1,,0.75,4
1368,97cbd72c-8861-11f1-beda-b48c9db4e1b4,2,"[1, 1, 0, 1]",0,1,1,,0.75,4
1369,97cbd72c-8861-11f1-beda-b48c9db4e1b4,2,"[1, 1, 0, 1]",1,1,1,,0.75,4
1370,97cbd72c-8861-11f1-beda-b48c9db4e1b4,2,"[1, 1, 0, 1]",2,0,0,,0.75,4
1371,97cbd72c-8861-11f1-beda-b48c9db4e1b4,2,"[1, 1, 0, 1]",3,1,1,,0.75,4
1372,97cbd72c-8861-11f1-beda-b48c9db4e1b4,3,"[1, 0, 1, 1]",0,1,1,,0.75,4
1373,97cbd72c-8861-11f1-beda-b48c9db4e1b4,3,"[1, 0, 1, 1]",1,0,0,,0.75,4
1374,97cbd72c-8861-11f1-beda-b48c9db4e1b4,3,"[1, 0, 1, 1]",2,1,1,,0.75,4
1375,97cbd72c-8861-11f1-beda-b48c9db4e1b4,3,"[1, 0, 1, 1]",3,1,1,,0.75,4
1376,97cbd72c-8861-11f1-beda-b48c9db4e1b4,4,"[1, 1, 0, 1]",0,1,1,,0.75,4
1377,97cbd72c-8861-11f1-beda-b48c9db4e1b4,4,"[1, 1, 0, 1]",1,1,1,,0.75,4
1378,97cbd72c-8861-11f1-beda-b48c9db4e1b4,4,"[1, 1, 0, 1]",2,0,0,,0.75,4
1379,97cbd72c-8861-11f1-beda-b48c9db4e1b4,4,"[1, 1, 0, 1]",3,1,1,,0.75,4
1380,97cbd72c-8861-11f1-beda-b48c9db4e1b4,5,"[1, 0, 1, 1]",0,1,1,,0.75,4
1381,97cbd72c-8861-11f1-beda-b48c9db4e1b4,5,"[1, 0, 1, 1]",1,0,0,,0.75,4
1382,97cbd72c-8861-11f1-beda-b48c9db4e1b4,5,"[1, 0, 1, 1]",2,1,1,,0.75,4
1383,97cbd72c-8861-11f1-beda-b48c9db4e1b4,5,"[1, 0, 1, 1]",3,1,1,,0.75,4
1384,97cbd72c-8861-11f1-beda-b48c9db4e1b4,6,"[1, 1, 0, 1]",0,1,1,,0.75,4
1385,97cbd72c-8861-11f1-beda-b48c9db4e1b4,6,"[1, 1, 0, 1]",1,1,1,,0.75,4
1386,97cbd72c-8861-11f1-beda-b48c9db4e1b4,6,"[1, 1, 0, 1]",2,0,0,,0.75,4
1387,97cbd72c-8861-11f1-beda-b48c9db4e1b4,6,"[1, 1, 0, 1]",3,1,1,,0.75,4
1388,97cbd72c-8861-11f1-beda-b48c9db4e1b4,7,"[1, 0, 1, 1]",0,1,1,,0.75,4
1389,97cbd72c-8861-11f1-beda-b48c9db4e1b4,7,"[1, 0, 1, 1]",1,0,0,,0.75,4
1390,97cbd72c-8861-11f1-beda-b48c9db4e1b4,7,"[1, 0, 1, 1]",2,1,1,,0.75,4
1391,97cbd72c-8861-11f1-beda-b48c9db4e1b4,7,"[1, 0, 1, 1]",3,1,1,,0.75,4
1392,97cbd72c-8861-11f1-beda-b48c9db4e1b4,8,"[1, 1, 0, 1]",0,1,1,,0.75,4
1393,97cbd72c-8861-11f1-beda-b48c9db4e1b4,8,"[1, 1, 0, 1]",1,1,1,,0.75,4
1394,97cbd72c-8861-11f1-beda-b48c9db4e1b4,8,"[1, 1, 0, 1]",2,0,0,,0.75,4
1395,97cbd72c-8861-11f1-beda-b48c9db4e1b4,8,"[1, 1, 0, 1]",3,1,1,,0.75,4
1396,97cbd72c-8861-11f1-beda-b48c9db4e1b4,9,"[1, 0, 1, 0]",0,1,1,,0.75,4
1397,97cbd72c-8861-11f1-beda-b48c9db4e1b4,9,"[1, 0, 1, 0]",1,0,0,,0.75,4
1398,97cbd72c-8861-11f1-beda-b48c9db4e1b4,9,"[1, 0, 1, 0]",2,1,1,,0.75,4
1399,97cbd72c-8861-11f1-beda-b48c9db4e1b4,9,"[1, 0, 1, 0]",3,0,0,,0.75,4
1400,97cbd72c-8861-11f1-beda-b48c9db4e1b4,10,"[1, 1, 1, 1]",0,1,-1,,0.75,4
1401,97cbd72c-8861-11f1-beda-b48c9db4e1b4,10,"[1, 1, 1, 1]",1,1,-1,,0.75,4
1402,97cbd72c-8861-11f1-beda-b48c9db4e1b4,10,"[1, 1, 1, 1]",2,1,-1,,0.75,4
1403,97cbd72c-8861-11f1-beda-b48c9db4e1b4,10,"[1, 1, 1, 1]",3,1,-1,,0.75,4
1404,97cbd72c-8861-11f1-beda-b48c9db4e1b4,11,"[1, 0, 1, 1]",0,1,1,,0.75,4
1405,97cbd72c-8861-11f1-beda-b48c9db4e1b4,11,"[1, 0, 1, 1]",1,0,0,,0.75,4
1406,97cbd72c-8861-11f1-beda-b48c9db4e1b4,11,"[1, 0, 1, 1]",2,1,1,,0.75,4
1407,97cbd72c-8861-11f1-beda-b48c9db4e1b4,11,"[1, 0, 1, 1]",3,1,1,,0.75,4
1408,97cbd72c-8861-11f1-beda-b48c9db4e1b4,12,"[1, 1, 0, 1]",0,1,1,,0.75,4
1409,97cbd72c-8861-11f1-beda-b48c9db4e1b4,12,"[1, 1, 0, 1]",1,1,1,,0.75,4
1410,97cbd72c-8861-11f1-beda-b48c9db4e1b4,12,"[1, 1, 0, 1]",2,0,0,,0.75,4
1411,97cbd72c-8861-11f1-beda-b48c9db4e1b4,12,"[1, 1, 0, 1]",3,1,1,,0.75,4
1412,97cbd72c-8861-11f1-beda-b48c9db4e1b4,13,"[1, 1, 1, 1]",0,1,-1,,0.75,4
1413,97cbd72c-8861-11f1-beda-b48c9db4e1b4,13,"[1, 1, 1, 1]",1,1,-1,,0.75,4
1414,97cbd72c-8861-11f1-beda-b48c9db4e1b4,13,"[1, 1, 1, 1]",2,1,-1,,0.75,4
1415,97cbd72c-8861-11f1-beda-b48c9db4e1b4,13,"[1, 1, 1, 1]",3,1,-1,,0.75,4
1416,97cbd72c-8861-11f1-beda-b48c9db4e1b4,14,"[1, 1, 0, 1]",0,1,1,,0.75,4
1417,97cbd72c-8861-11f1-beda-b48c9db4e1b4,14,"[1, 1, 0, 1]",1,1,1,,0.75,4
1418,97cbd72c-8861-11f1-beda-b48c9db4e1b4,14,"[1, 1, 0, 1]",2,0,0,,0.75,4
1419,97cbd72c-8861-11f1-beda-b48c9db4e1b4,14,"[1, 1, 0, 1]",3,1,1,,0.75,4
1420,97cbd72c-8861-11f1-beda-b48c9db4e1b4,15,"[1, 1, 1, 0]",0,1,1,,0.75,4
1421,97cbd72c-8861-11f1-beda-b48c9db4e1b4,15,"[1, 1, 1, 0]",1,1,1,,0.75,4
1422,97cbd72c-8861-11f1-beda-b48c9db4e1b4,15,"[1, 1, 1, 0]",2,1,1,,0.75,4
1423,97cbd72c-8861-11f1-beda-b48c9db4e1b4,15,"[1, 1, 1, 0]",3,0,0,,0.75,4
1424,97cbd72c-8861-11f1-beda-b48c9db4e1b4,16,"[0, 1, 1, 1]",0,0,0,,0.75,4
1425,97cbd72c-8861-11f1-beda-b48c9db4e1b4,16,"[0, 1, 1, 1]",1,1,1,,0.75,4
1426,97cbd72c-8861-11f1-beda-b48c9db4e1b4,16,"[0, 1, 1, 1]",2,1,1,,0.75,4
1427,97cbd72c-8861-11f1-beda-b48c9db4e1b4,16,"[0, 1, 1, 1]",3,1,1,,0.75,4
1428,97cbd72c-8861-11f1-beda-b48c9db4e1b4,17,"[1, 0, 1, 1]",0,1,1,,0.75,4
1429,97cbd72c-8861-11f1-beda-b48c9db4e1b4,17,"[1, 0, 1, 1]",1,0,0,,0.75,4
1430,97cbd72c-8861-11f1-beda-b48c9db4e1b4,17,"[1, 0, 1, 1]",2,1,1,,0.75,4
1431,97cbd72c-8861-11f1-beda-b48c9db4e1b4,17,"[1, 0, 1, 1]",3,1,1,,0.75,4
1432,97cbd72c-8861-11f1-beda-b48c9db4e1b4,18,"[1, 1, 0, 1]",0,1,1,,0.75,4
1433,97cbd72c-8861-11f1-beda-b48c9db4e1b4,18,"[1, 1, 0, 1]",1,1,1,,0.75,4
1434,97cbd72c-8861-11f1-beda-b48c9db4e1b4,18,"[1, 1, 0, 1]",2,0,0,,0.75,4
1435,97cbd72c-8861-11f1-beda-b48c9db4e1b4,18,"[1, 1, 0, 1]",3,1,1,,0.75,4
1436,97cbd72c-8861-11f1-beda-b48c9db4e1b4,19,"[1, 1, 1, 1]",0,1,-1,,0.75,4
1437,97cbd72c-8861-11f1-beda-b48c9db4e1b4,19,"[1, 1, 1, 1]",1,1,-1,,0.75,4
1438,97cbd72c-8861-11f1-beda-b48c9db4e1b4,19,"[1, 1, 1, 1]",2,1,-1,,0.75,4
1439,97cbd72c-8861-11f1-beda-b48c9db4e1b4,19,"[1, 1, 1, 1]",3,1,-1,,0.75,4
1440,97d38c59-8861-11f1-a0e1-b48c9db4e1b4,0,"[1, 1, 1, 1]",0,1,-1,,0.75,4
1441,97d38c59-8861-11f1-a0e1-b48c9db4e1b4,0,"[1, 1, 1, 1]",1,1,-1,,0.75,4
1442,97d38c59-8861-11f1-a0e1-b48c9db4e1b4,0,"[1, 1, 1, 1]",2,1,-1,,0.75,4
1443,97d38c59-8861-11f1-a0e1-b48c9db4e1b4,0,"[1, 1, 1, 1]",3,1,-1,,0.75,4
1444,97d38c59-8861-11f1-a0e1-b48c9db4e1b4,1,"[1, 0, 1, 1]",0,1,1,,0.75,4
1445,97d38c59-8861-11f1-a0e1-b48c9db4e1b4,1,"[1, 0, 1, 1]",1,0,0,,0.75,4
1446,97d38c59-8861-11f1-a0e1-b48c9db4e1b4,1,"[1, 0, 1, 1]",2,1,1,,0.75,4
1447,97d38c59-8861-11f1-a0e1-b48c9db4e1b4,1,"[1, 0, 1, 1]",3,1,1,,0.75,4
1448,97d38c59-8861-11f1-a0e1-b48c9db4e1b4,2,"[1, 1, 1, 1]",0,1,-1,,0.75,4
1449,97d38c59-8861-11f1-a0e1-b48c9db4e1b4,2,"[1, 1, 1, 1]",1,1,-1,,0.75,4
1450,97d38c59-8861-11f1-a0e1-b48c9db4e1b4,2,"[1, 1, 1, 1]",2,1,-1,,0.75,4
1451,97d38c59-8861-11f1-a0e1-b48c9db4e1b4,2,"[1, 1, 1, 1]",3,1,-1,,0.75,4
1452,97d38c59-8861-11f1-a0e1-b48c9db4e1b4,3,"[1, 0, 1, 1]",0,1,1,,0.75,4
1453,97d38c59-8861-11f1-a0e1-b48c9db4e1b4,3,"[1, 0, 1, 1]",1,0,0,,0.75,4
1454,97d38c59-8861-11f1-a0e1-b48c9db4e1b4,3,"[1, 0, 1, 1]",2,1,1,,0.75,4
1455,97d38c59-8861-11f1-a0e1-b48c9db4e1b4,3,"[1, 0, 1, 1]",3,1,1,,0.75,4
1456,97d38c59-8861-11f1-a0e1-b48c9db4e1b4,4,"[1, 1, 1, 1]",0,1,-1,,0.75,4
1457,97d38c59-8861-11f1-a0e1-b48c9db4e1b4,4,"[1, 1, 1, 1]",1,1,-1,,0.75,4
1458,97d38c59-8861-11f1-a0e1-b48c9db4e1b4,4,"[1, 1, 1, 1]",2,1,-1,,0.75,4
1459,97d38c59-8861-11f1-a0e1-b48c9db4e1b4,4,"[1, 1, 1, 1]",3,1,-1,,0.75,4
1460,97d38c59-8861-11f1-a0e1-b48c9db4e1b4,5,"[1, 0, 1, 1]",0,1,1,,0.75,4
1461,97d38c59-8861-11f1-a0e1-b48c9db4e1b4,5,"[1, 0, 1, 1]",1,0,0,,0.75,4
1462,97d38c59-8861-11f1-a0e1-b48c9db4e1b4,5,"[1, 0, 1, 1]",2,1,1,,0.75,4
1463,97d38c59-8861-11f1-a0e1-b48c9db4e1b4,5,"[1, 0, 1, 1]",3,1,1,,0.75,4
1464,97d38c59-8861-11f1-a0e1-b48c9db4e1b4,6,"[1, 1, 0, 1]",0,1,1,,0.75,4
1465,97d38c59-8861-11f1-a0e1-b48c9db4e1b4,6,"[1, 1, 0, 1]",1,1,1,,0.75,4
1466,97d38c59-8861-11f1-a0e1-b48c9db4e1b4,6,"[1, 1, 0, 1]",2,0,0,,0.75,4
1467,97d38c59-8861-11f1-a0e1-b48c9db4e1b4,6,"[1, 1, 0, 1]",3,1,1,,0.75,4
1468,97d38c59-8861-11f1-a0e1-b48c9db4e1b4,7,"[1, 0, 1, 0]",0,1,1,,0.75,4
1469,97d38c59-8861-11f1-a0e1-b48c9db4e1b4,7,"[1, 0, 1, 0]",1,0,0,,0.75,4
1470,97d38c59-8861-11f1-a0e1-b48c9db4e1b4,7,"[1, 0, 1, 0]",2,1,1,,0.75,4
1471,97d38c59-8861-11f1-a0e1-b48c9db4e1b4,7,"[1, 0, 1, 0]",3,0,0,,0.75,4
1472,97d38c59-8861-11f1-a0e1-b48c9db4e1b4,8,"[1, 1, 0, 1]",0,1,1,,0.75,4
1473,97d38c59-8861-11f1-a0e1-b48c9db4e1b4,8,"[1, 1, 0, 1]",1,1,1,,0.75,4
1474,97d38c59-8861-11f1-a0e1-b48c9db4e1b4,8,"[1, 1, 0, 1]",2,0,0,,0.75,4
1475,97d38c59-8861-11f1-a0e1-b48c9db4e1b4,8,"[1, 1, 0, 1]",3,1,1,,0.75,4
1476,97d38c59-8861-11f1-a0e1-b48c9db4e1b4,9,"[1, 0, 1, 1]",0,1,1,,0.75,4
1477,97d38c59-8861-11f1-a0e1-b48c9db4e1b4,9,"[1, 0, 1, 1]",1,0,0,,0.75,4
1478,97d38c59-8861-11f1-a0e1-b48c9db4e1b4,9,"[1, 0, 1, 1]",2,1,1,,0.75,4
1479,97d38c59-8861-11f1-a0e1-b48c9db4e1b4,9,"[1, 0, 1, 1]",3,1,1,,0.75,4
1480,97d38c59-8861-11f1-a0e1-b48c9db4e1b4,10,"[1, 1, 0, 1]",0,1,1,,0.75,4
1481,97d38c59-8861-11f1-a0e1-b48c9db4e1b4,10,"[1, 1, 0, 1]",1,1,1,,0.75,4
1482,97d38c59-8861-11f1-a0e1-b48c9db4e1b4,10,"[1, 1, 0, 1]",2,0,0,,0.75,4
1483,97d38c59-8861-11f1-a0e1-b48c9db4e1b4,10,"[1, 1, 0, 1]",3,1,1,,0.75,4
1484,97d38c59-8861-11f1-a0e1-b48c9db4e1b4,11,"[1, 1, 1, 1]",0,1,-1,,0.75,4
1485,97d38c59-8861-11f1-a0e1-b48c9db4e1b4,11,"[1, 1, 1, 1]",1,1,-1,,0.75,4
1486,97d38c59-8861-11f1-a0e1-b48c9db4e1b4,11,"[1, 1, 1, 1]",2,1,-1,,0.75,4
1487,97d38c59-8861-11f1-a0e1-b48c9db4e1b4,11,"[1, 1, 1, 1]",3,1,-1,,0.75,4
1488,97d38c59-8861-11f1-a0e1-b48c9db4e1b4,12,"[1, 1, 0, 1]",0,1,1,,0.75,4
1489,97d38c59-8861-11f1-a0e1-b48c9db4e1b4,12,"[1, 1, 0, 1]",1,1,1,,0.75,4
1490,97d38c59-8861-11f1-a0e1-b48c9db4e1b4,12,"[1, 1, 0, 1]",2,0,0,,0.75,4
1491,97d38c59-8861-11f1-a0e1-b48c9db4e1b4,12,"[1, 1, 0, 1]",3,1,1,,0.75,4
1492,97d38c59-8861-11f1-a0e1-b48c9db4e1b4,13,"[1, 1, 1, 0]",0,1,1,,0.75,4
1493,97d38c59-8861-11f1-a0e1-b48c9db4e1b4,13,"[1, 1, 1, 0]",1,1,1,,0.75,4
1494,97d38c59-8861-11f1-a0e1-b48c9db4e1b4,13,"[1, 1, 1, 0]",2,1,1,,0.75,4
1495,97d38c59-8861-11f1-a0e1-b48c9db4e1b4,13,"[1, 1, 1, 0]",3,0,0,,0.75,4
1496,97d38c59-8861-11f1-a0e1-b48c9db4e1b4,14,"[0, 1, 1, 1]",0,0,0,,0.75,4
1497,97d38c59-8861-11f1-a0e1-b48c9db4e1b4,14,"[0, 1, 1, 1]",1,1,1,,0.75,4
1498,97d38c59-8861-11f1-a0e1-b48c9db4e1b4,14,"[0, 1, 1, 1]",2,1,1,,0.75,4
1499,97d38c59-8861-11f1-a0e1-b48c9db4e1b4,14,"[0, 1, 1, 1]",3,1,1,,0.75,4
1500,97d38c59-8861-11f1-a0e1-b48c9db4e1b4,15,"[1, 0, 1, 1]",0,1,1,,0.75,4
1501,97d38c59-8861-11f1-a0e1-b48c9db4e1b4,15,"[1, 0, 1, 1]",1,0,0,,0.75,4
1502,97d38c59-8861-11f1-a0e1-b48c9db4e1b4,15,"[1, 0, 1, 1]",2,1,1,,0.75,4
1503,97d38c59-8861-11f1-a0e1-b48c9db4e1b4,15,"[1, 0, 1, 1]",3,1,1,,0.75,4
1504,97d38c59-8861-11f1-a0e1-b48c9db4e1b4,16,"[0, 1, 0, 1]",0,0,0,,0.75,4
1505,97d38c59-8861-11f1-a0e1-b48c9db4e1b4,16,"[0, 1, 0, 1]",1,1,1,,0.75,4
1506,97d38c59-8861-11f1-a0e1-b48c9db4e1b4,16,"[0, 1, 0, 1]",2,0,0,,0.75,4
1507,97d38c59-8861-11f1-a0e1-b48c9db4e1b4,16,"[0, 1, 0, 1]",3,1,1,,0.75,4
1508,97d38c59-8861-11f1-a0e1-b48c9db4e1b4,17,"[1, 0, 1, 1]",0,1,1,,0.75,4
1509,97d38c59-8861-11f1-a0e1-b48c9db4e1b4,17,"[1, 0, 1, 1]",1,0,0,,0.75,4
1510,97d38c59-8861-11f1-a0e1-b48c9db4e1b4,17,"[1, 0, 1, 1]",2,1,1,,0.75,4
1511,97d38c59-8861-11f1-a0e1-b48c9db4e1b4,17,"[1, 0, 1, 1]",3,1,1,,0.75,4
1512,97d38c59-8861-11f1-a0e1-b48c9db4e1b4,18,"[1, 1, 0, 1]",0,1,1,,0.75,4
1513,97d38c59-8861-11f1-a0e1-b48c9db4e1b4,18,"[1, 1, 0, 1]",1,1,1,,0.75,4
1514,97d38c59-8861-11f1-a0e1-b48c9db4e1b4,18,"[1, 1, 0, 1]",2,0,0,,0.75,4
1515,97d38c59-8861-11f1-a0e1-b48c9db4e1b4,18,"[1, 1, 0, 1]",3,1,1,,0.75,4
1516,97d38c59-8861-11f1-a0e1-b48c9db4e1b4,19,"[1, 0, 1, 1]",0,1,1,,0.75,4
1517,97d38c59-8861-11f1-a0e1-b48c9db4e1b4,19,"[1, 0, 1, 1]",1,0,0,,0.75,4
1518,97d38c59-8861-11f1-a0e1-b48c9db4e1b4,19,"[1, 0, 1, 1]",2,1,1,,0.75,4
1519,97d38c59-8861-11f1-a0e1-b48c9db4e1b4,19,"[1, 0, 1, 1]",3,1,1,,0.75,4
1520,97deda1d-8861-11f1-aa30-b48c9db4e1b4,0,"[0, 1, 0, 0]",0,0,0,,0.75,4
1521,97deda1d-8861-11f1-aa30-b48c9db4e1b4,0,"[0, 1, 0, 0]",1,1,1,,0.75,4
1522,97deda1d-8861-11f1-aa30-b48c9db4e1b4,0,"[0, 1, 0, 0]",2,0,0,,0.75,4
1523,97deda1d-8861-11f1-aa30-b48c9db4e1b4,0,"[0, 1, 0, 0]",3,0,0,,0.75,4
1524,97deda1d-8861-11f1-aa30-b48c9db4e1b4,1,"[1, 0, 1, 1]",0,1,1,,0.75,4
1525,97deda1d-8861-11f1-aa30-b48c9db4e1b4,1,"[1, 0, 1, 1]",1,0,0,,0.75,4
1526,97deda1d-8861-11f1-aa30-b48c9db4e1b4,1,"[1, 0, 1, 1]",2,1,1,,0.75,4
1527,97deda1d-8861-11f1-aa30-b48c9db4e1b4,1,"[1, 0, 1, 1]",3,1,1,,0.75,4
1528,97deda1d-8861-11f1-aa30-b48c9db4e1b4,2,"[1, 1, 0, 1]",0,1,1,,0.75,4
1529,97deda1d-8861-11f1-aa30-b48c9db4e1b4,2,"[1, 1, 0, 1]",1,1,1,,0.75,4
1530,97deda1d-8861-11f1-aa30-b48c9db4e1b4,2,"[1, 1, 0, 1]",2,0,0,,0.75,4
1531,97deda1d-8861-11f1-aa30-b48c9db4e1b4,2,"[1, 1, 0, 1]",3,1,1,,0.75,4
1532,97deda1d-8861-11f1-aa30-b48c9db4e1b4,3,"[1, 0, 1, 0]",0,1,1,,0.75,4
1533,97deda1d-8861-11f1-aa30-b48c9db4e1b4,3,"[1, 0, 1, 0]",1,0,0,,0.75,4
1534,97deda1d-8861-11f1-aa30-b48c9db4e1b4,3,"[1, 0, 1, 0]",2,1,1,,0.75,4
1535,97deda1d-8861-11f1-aa30-b48c9db4e1b4,3,"[1, 0, 1, 0]",3,0,0,,0.75,4
1536,97deda1d-8861-11f1-aa30-b48c9db4e1b4,4,"[1, 1, 0, 1]",0,1,1,,0.75,4
1537,97deda1d-8861-11f1-aa30-b48c9db4e1b4,4,"[1, 1, 0, 1]",1,1,1,,0.75,4
1538,97deda1d-8861-11f1-aa30-b48c9db4e1b4,4,"[1, 1, 0, 1]",2,0,0,,0.75,4
1539,97deda1d-8861-11f1-aa30-b48c9db4e1b4,4,"[1, 1, 0, 1]",3,1,1,,0.75,4
1540,97deda1d-8861-11f1-aa30-b48c9db4e1b4,5,"[1, 1, 1, 0]",0,1,1,,0.75,4
1541,97deda1d-8861-11f1-aa30-b48c9db4e1b4,5,"[1, 1, 1, 0]",1,1,1,,0.75,4
1542,97deda1d-8861-11f1-aa30-b48c9db4e1b4,5,"[1, 1, 1, 0]",2,1,1,,0.75,4
1543,97deda1d-8861-11f1-aa30-b48c9db4e1b4,5,"[1, 1, 1, 0]",3,0,0,,0.75,4
1544,97deda1d-8861-11f1-aa30-b48c9db4e1b4,6,"[0, 1, 1, 1]",0,0,0,,0.75,4
1545,97deda1d-8861-11f1-aa30-b48c9db4e1b4,6,"[0, 1, 1, 1]",1,1,1,,0.75,4
1546,97deda1d-8861-11f1-aa30-b48c9db4e1b4,6,"[0, 1, 1, 1]",2,1,1,,0.75,4
1547,97deda1d-8861-11f1-aa30-b48c9db4e1b4,6,"[0, 1, 1, 1]",3,1,1,,0.75,4
1548,97deda1d-8861-11f1-aa30-b48c9db4e1b4,7,"[1, 0, 1, 1]",0,1,1,,0.75,4
1549,97deda1d-8861-11f1-aa30-b48c9db4e1b4,7,"[1, 0, 1, 1]",1,0,0,,0.75,4
1550,97deda1d-8861-11f1-aa30-b48c9db4e1b4,7,"[1, 0, 1, 1]",2,1,1,,0.75,4
1551,97deda1d-8861-11f1-aa30-b48c9db4e1b4,7,"[1, 0, 1, 1]",3,1,1,,0.75,4
1552,97deda1d-8861-11f1-aa30-b48c9db4e1b4,8,"[0, 1, 1, 1]",0,0,0,,0.75,4
1553,97deda1d-8861-11f1-aa30-b48c9db4e1b4,8,"[0, 1, 1, 1]",1,1,1,,0.75,4
1554,97deda1d-8861-11f1-aa30-b48c9db4e1b4,8,"[0, 1, 1, 1]",2,1,1,,0.75,4
1555,97deda1d-8861-11f1-aa30-b48c9db4e1b4,8,"[0, 1, 1, 1]",3,1,1,,0.75,4
1556,97deda1d-8861-11f1-aa30-b48c9db4e1b4,9,"[1, 0, 1, 1]",0,1,1,,0.75,4
1557,97deda1d-8861-11f1-aa30-b48c9db4e1b4,9,"[1, 0, 1, 1]",1,0,0,,0.75,4
1558,97deda1d-8861-11f1-aa30-b48c9db4e1b4,9,"[1, 0, 1, 1]",2,1,1,,0.75,4
1559,97deda1d-8861-11f1-aa30-b48c9db4e1b4,9,"[1, 0, 1, 1]",3,1,1,,0.75,4
1560,97deda1d-8861-11f1-aa30-b48c9db4e1b4,10,"[0, 1, 0, 1]",0,0,0,,0.75,4
1561,97deda1d-8861-11f1-aa30-b48c9db4e1b4,10,"[0, 1, 0, 1]",1,1,1,,0.75,4
1562,97deda1d-8861-11f1-aa30-b48c9db4e1b4,10,"[0, 1, 0, 1]",2,0,0,,0.75,4
1563,97deda1d-8861-11f1-aa30-b48c9db4e1b4,10,"[0, 1, 0, 1]",3,1,1,,0.75,4
1564,97deda1d-8861-11f1-aa30-b48c9db4e1b4,11,"[1, 0, 1, 1]",0,1,1,,0.75,4
1565,97deda1d-8861-11f1-aa30-b48c9db4e1b4,11,"[1, 0, 1, 1]",1,0,0,,0.75,4
1566,97deda1d-8861-11f1-aa30-b48c9db4e1b4,11,"[1, 0, 1, 1]",2,1,1,,0.75,4
1567,97deda1d-8861-11f1-aa30-b48c9db4e1b4,11,"[1, 0, 1, 1]",3,1,1,,0.75,4
1568,97deda1d-8861-11f1-aa30-b48c9db4e1b4,12,"[1, 1, 0, 1]",0,1,1,,0.75,4
1569,97deda1d-8861-11f1-aa30-b48c9db4e1b4,12,"[1, 1, 0, 1]",1,1,1,,0.75,4
1570,97deda1d-8861-11f1-aa30-b48c9db4e1b4,12,"[1, 1, 0, 1]",2,0,0,,0.75,4
1571,97deda1d-8861-11f1-aa30-b48c9db4e1b4,12,"[1, 1, 0, 1]",3,1,1,,0.75,4
1572,97deda1d-8861-11f1-aa30-b48c9db4e1b4,13,"[1, 0, 1, 0]",0,1,1,,0.75,4
1573,97deda1d-8861-11f1-aa30-b48c9db4e1b4,13,"[1, 0, 1, 0]",1,0,0,,0.75,4
1574,97deda1d-8861-11f1-aa30-b48c9db4e1b4,13,"[1, 0, 1, 0]",2,1,1,,0.75,4
1575,97deda1d-8861-11f1-aa30-b48c9db4e1b4,13,"[1, 0, 1, 0]",3,0,0,,0.75,4
1576,97deda1d-8861-11f1-aa30-b48c9db4e1b4,14,"[1, 1, 0, 1]",0,1,1,,0.75,4
1577,97deda1d-8861-11f1-aa30-b48c9db4e1b4,14,"[1, 1, 0, 1]",1,1,1,,0.75,4
1578,97deda1d-8861-11f1-aa30-b48c9db4e1b4,14,"[1, 1, 0, 1]",2,0,0,,0.75,4
1579,97deda1d-8861-11f1-aa30-b48c9db4e1b4,14,"[1, 1, 0, 1]",3,1,1,,0.75,4
1580,97deda1d-8861-11f1-aa30-b48c9db4e1b4,15,"[1, 1, 1, 1]",0,1,-1,,0.75,4
1581,97deda1d-8861-11f1-aa30-b48c9db4e1b4,15,"[1, 1, 1, 1]",1,1,-1,,0.75,4
1582,97deda1d-8861-11f1-aa30-b48c9db4e1b4,15,"[1, 1, 1, 1]",2,1,-1,,0.75,4
1583,97deda1d-8861-11f1-aa30-b48c9db4e1b4,15,"[1, 1, 1, 1]",3,1,-1,,0.75,4
1584,97deda1d-8861-11f1-aa30-b48c9db4e1b4,16,"[0, 1, 0, 1]",0,0,0,,0.75,4
1585,97deda1d-8861-11f1-aa30-b48c9db4e1b4,16,"[0, 1, 0, 1]",1,1,1,,0.75,4
1586,97deda1d-8861-11f1-aa30-b48c9db4e1b4,16,"[0, 1, 0, 1]",2,0,0,,0.75,4
1587,97deda1d-8861-11f1-aa30-b48c9db4e1b4,16,"[0, 1, 0, 1]",3,1,1,,0.75,4
1588,97deda1d-8861-11f1-aa30-b48c9db4e1b4,17,"[1, 0, 1, 1]",0,1,1,,0.75,4
1589,97deda1d-8861-11f1-aa30-b48c9db4e1b4,17,"[1, 0, 1, 1]",1,0,0,,0.75,4
1590,97deda1d-8861-11f1-aa30-b48c9db4e1b4,17,"[1, 0, 1, 1]",2,1,1,,0.75,4
1591,97deda1d-8861-11f1-aa30-b48c9db4e1b4,17,"[1, 0, 1, 1]",3,1,1,,0.75,4
1592,97deda1d-8861-11f1-aa30-b48c9db4e1b4,18,"[1, 1, 0, 1]",0,1,1,,0.75,4
1593,97deda1d-8861-11f1-aa30-b48c9db4e1b4,18,"[1, 1, 0, 1]",1,1,1,,0.75,4
1594,97deda1d-8861-11f1-aa30-b48c9db4e1b4,18,"[1, 1, 0, 1]",2,0,0,,0.75,4
1595,97deda1d-8861-11f1-aa30-b48c9db4e1b4,18,"[1, 1, 0, 1]",3,1,1,,0.75,4
1596,97deda1d-8861-11f1-aa30-b48c9db4e1b4,19,"[1, 1, 1, 1]",0,1,-1,,0.75,4
1597,97deda1d-8861-11f1-aa30-b48c9db4e1b4,19,"[1, 1, 1, 1]",1,1,-1,,0.75,4
1598,97deda1d-8861-11f1-aa30-b48c9db4e1b4,19,"[1, 1, 1, 1]",2,1,-1,,0.75,4
1599,97deda1d-8861-11f1-aa30-b48c9db4e1b4,19,"[1, 1, 1, 1]",3,1,-1,,0.75,4
1600,97ecf8a5-8861-11f1-9b45-b48c9db4e1b4,0,"[0, 1, 1, 0]",0,0,0,,0.75,4
1601,97ecf8a5-8861-11f1-9b45-b48c9db4e1b4,0,"[0, 1, 1, 0]",1,1,1,,0.75,4
1602,97ecf8a5-8861-11f1-9b45-b48c9db4e1b4,0,"[0, 1, 1, 0]",2,1,1,,0.75,4
1603,97ecf8a5-8861-11f1-9b45-b48c9db4e1b4,0,"[0, 1, 1, 0]",3,0,0,,0.75,4
1604,97ecf8a5-8861-11f1-9b45-b48c9db4e1b4,1,"[1, 0, 1, 1]",0,1,1,,0.75,4
1605,97ecf8a5-8861-11f1-9b45-b48c9db4e1b4,1,"[1, 0, 1, 1]",1,0,0,,0.75,4
1606,97ecf8a5-8861-11f1-9b45-b48c9db4e1b4,1,"[1, 0, 1, 1]",2,1,1,,0.75,4
1607,97ecf8a5-8861-11f1-9b45-b48c9db4e1b4,1,"[1, 0, 1, 1]",3,1,1,,0.75,4
1608,97ecf8a5-8861-11f1-9b45-b48c9db4e1b4,2,"[1, 1, 0, 1]",0,1,1,,0.75,4
1609,97ecf8a5-8861-11f1-9b45-b48c9db4e1b4,2,"[1, 1, 0, 1]",1,1,1,,0.75,4
1610,97ecf8a5-8861-11f1-9b45-b48c9db4e1b4,2,"[1, 1, 0, 1]",2,0,0,,0.75,4
1611,97ecf8a5-8861-11f1-9b45-b48c9db4e1b4,2,"[1, 1, 0, 1]",3,1,1,,0.75,4
1612,97ecf8a5-8861-11f1-9b45-b48c9db4e1b4,3,"[1, 0, 1, 0]",0,1,1,,0.75,4
1613,97ecf8a5-8861-11f1-9b45-b48c9db4e1b4,3,"[1, 0, 1, 0]",1,0,0,,0.75,4
1614,97ecf8a5-8861-11f1-9b45-b48c9db4e1b4,3,"[1, 0, 1, 0]",2,1,1,,0.75,4
1615,97ecf8a5-8861-11f1-9b45-b48c9db4e1b4,3,"[1, 0, 1, 0]",3,0,0,,0.75,4
1616,97ecf8a5-8861-11f1-9b45-b48c9db4e1b4,4,"[0, 1, 1, 1]",0,0,0,,0.75,4
1617,97ecf8a5-8861-11f1-9b45-b48c9db4e1b4,4,"[0, 1, 1, 1]",1,1,1,,0.75,4
1618,97ecf8a5-8861-11f1-9b45-b48c9db4e1b4,4,"[0, 1, 1, 1]",2,1,1,,0.75,4
1619,97ecf8a5-8861-11f1-9b45-b48c9db4e1b4,4,"[0, 1, 1, 1]",3,1,1,,0.75,4
1620,97ecf8a5-8861-11f1-9b45-b48c9db4e1b4,5,"[1, 0, 1, 1]",0,1,1,,0.75,4
1621,97ecf8a5-8861-11f1-9b45-b48c9db4e1b4,5,"[1, 0, 1, 1]",1,0,0,,0.75,4
1622,97ecf8a5-8861-11f1-9b45-b48c9db4e1b4,5,"[1, 0, 1, 1]",2,1,1,,0.75,4
1623,97ecf8a5-8861-11f1-9b45-b48c9db4e1b4,5,"[1, 0, 1, 1]",3,1,1,,0.75,4
1624,97ecf8a5-8861-11f1-9b45-b48c9db4e1b4,6,"[0, 1, 0, 1]",0,0,0,,0.75,4
1625,97ecf8a5-8861-11f1-9b45-b48c9db4e1b4,6,"[0, 1, 0, 1]",1,1,1,,0.75,4
1626,97ecf8a5-8861-11f1-9b45-b48c9db4e1b4,6,"[0, 1, 0, 1]",2,0,0,,0.75,4
1627,97ecf8a5-8861-11f1-9b45-b48c9db4e1b4,6,"[0, 1, 0, 1]",3,1,1,,0.75,4
1628,97ecf8a5-8861-11f1-9b45-b48c9db4e1b4,7,"[1, 0, 1, 1]",0,1,1,,0.75,4
1629,97ecf8a5-8861-11f1-9b45-b48c9db4e1b4,7,"[1, 0, 1, 1]",1,0,0,,0.75,4
1630,97ecf8a5-8861-11f1-9b45-b48c9db4e1b4,7,"[1, 0, 1, 1]",2,1,1,,0.75,4
1631,97ecf8a5-8861-11f1-9b45-b48c9db4e1b4,7,"[1, 0, 1, 1]",3,1,1,,0.75,4
1632,97ecf8a5-8861-11f1-9b45-b48c9db4e1b4,8,"[1, 1, 1, 1]",0,1,-1,,0.75,4
1633,97ecf8a5-8861-11f1-9b45-b48c9db4e1b4,8,"[1, 1, 1, 1]",1,1,-1,,0.75,4
1634,97ecf8a5-8861-11f1-9b45-b48c9db4e1b4,8,"[1, 1, 1, 1]",2,1,-1,,0.75,4
1635,97ecf8a5-8861-11f1-9b45-b48c9db4e1b4,8,"[1, 1, 1, 1]",3,1,-1,,0.75,4
1636,97ecf8a5-8861-11f1-9b45-b48c9db4e1b4,9,"[1, 0, 1, 1]",0,1,1,,0.75,4
1637,97ecf8a5-8861-11f1-9b45-b48c9db4e1b4,9,"[1, 0, 1, 1]",1,0,0,,0.75,4
1638,97ecf8a5-8861-11f1-9b45-b48c9db4e1b4,9,"[1, 0, 1, 1]",2,1,1,,0.75,4
1639,97ecf8a5-8861-11f1-9b45-b48c9db4e1b4,9,"[1, 0, 1, 1]",3,1,1,,0.75,4
1640,97ecf8a5-8861-11f1-9b45-b48c9db4e1b4,10,"[1, 1, 1, 1]",0,1,-1,,0.75,4
1641,97ecf8a5-8861-11f1-9b45-b48c9db4e1b4,10,"[1, 1, 1, 1]",1,1,-1,,0.75,4
1642,97ecf8a5-8861-11f1-9b45-b48c9db4e1b4,10,"[1, 1, 1, 1]",2,1,-1,,0.75,4
1643,97ecf8a5-8861-11f1-9b45-b48c9db4e1b4,10,"[1, 1, 1, 1]",3,1,-1,,0.75,4
1644,97ecf8a5-8861-11f1-9b45-b48c9db4e1b4,11,"[1, 0, 1, 1]",0,1,1,,0.75,4
1645,97ecf8a5-8861-11f1-9b45-b48c9db4e1b4,11,"[1, 0, 1, 1]",1,0,0,,0.75,4
1646,97ecf8a5-8861-11f1-9b45-b48c9db4e1b4,11,"[1, 0, 1, 1]",2,1,1,,0.75,4
1647,97ecf8a5-8861-11f1-9b45-b48c9db4e1b4,11,"[1, 0, 1, 1]",3,1,1,,0.75,4
1648,97ecf8a5-8861-11f1-9b45-b48c9db4e1b4,12,"[1, 1, 1, 1]",0,1,-1,,0.75,4
1649,97ecf8a5-8861-11f1-9b45-b48c9db4e1b4,12,"[1, 1, 1, 1]",1,1,-1,,0.75,4
1650,97ecf8a5-8861-11f1-9b45-b48c9db4e1b4,12,"[1, 1, 1, 1]",2,1,-1,,0.75,4
1651,97ecf8a5-8861-11f1-9b45-b48c9db4e1b4,12,"[1, 1, 1, 1]",3,1,-1,,0.75,4
1652,97ecf8a5-8861-11f1-9b45-b48c9db4e1b4,13,"[1, 0, 1, 1]",0,1,1,,0.75,4
1653,97ecf8a5-8861-11f1-9b45-b48c9db4e1b4,13,"[1, 0, 1, 1]",1,0,0,,0.75,4
1654,97ecf8a5-8861-11f1-9b45-b48c9db4e1b4,13,"[1, 0, 1, 1]",2,1,1,,0.75,4
1655,97ecf8a5-8861-11f1-9b45-b48c9db4e1b4,13,"[1, 0, 1, 1]",3,1,1,,0.75,4
1656,97ecf8a5-8861-11f1-9b45-b48c9db4e1b4,14,"[1, 1, 1, 1]",0,1,-1,,0.75,4
1657,97ecf8a5-8861-11f1-9b45-b48c9db4e1b4,14,"[1, 1, 1, 1]",1,1,-1,,0.75,4
1658,97ecf8a5-8861-11f1-9b45-b48c9db4e1b4,14,"[1, 1, 1, 1]",2,1,-1,,0.75,4
1659,97ecf8a5-8861-11f1-9b45-b48c9db4e1b4,14,"[1, 1, 1, 1]",3,1,-1,,0.75,4
1660,97ecf8a5-8861-11f1-9b45-b48c9db4e1b4,15,"[1, 0, 1, 1]",0,1,1,,0.75,4
1661,97ecf8a5-8861-11f1-9b45-b48c9db4e1b4,15,"[1, 0, 1, 1]",1,0,0,,0.75,4
1662,97ecf8a5-8861-11f1-9b45-b48c9db4e1b4,15,"[1, 0, 1, 1]",2,1,1,,0.75,4
1663,97ecf8a5-8861-11f1-9b45-b48c9db4e1b4,15,"[1, 0, 1, 1]",3,1,1,,0.75,4
1664,97ecf8a5-8861-11f1-9b45-b48c9db4e1b4,16,"[1, 1, 1, 1]",0,1,-1,,0.75,4
1665,97ecf8a5-8861-11f1-9b45-b48c9db4e1b4,16,"[1, 1, 1, 1]",1,1,-1,,0.75,4
1666,97ecf8a5-8861-11f1-9b45-b48c9db4e1b4,16,"[1, 1, 1, 1]",2,1,-1,,0.75,4
1667,97ecf8a5-8861-11f1-9b45-b48c9db4e1b4,16,"[1, 1, 1, 1]",3,1,-1,,0.75,4
1668,97ecf8a5-8861-11f1-9b45-b48c9db4e1b4,17,"[1, 0, 1, 1]",0,1,1,,0.75,4
1669,97ecf8a5-8861-11f1-9b45-b48c9db4e1b4,17,"[1, 0, 1, 1]",1,0,0,,0.75,4
1670,97ecf8a5-8861-11f1-9b45-b48c9db4e1b4,17,"[1, 0, 1, 1]",2,1,1,,0.75,4
1671,97ecf8a5-8861-11f1-9b45-b48c9db4e1b4,17,"[1, 0, 1, 1]",3,1,1,,0.75,4
1672,97ecf8a5-8861-11f1-9b45-b48c9db4e1b4,18,"[1, 1, 1, 1]",0,1,-1,,0.75,4
1673,97ecf8a5-8861-11f1-9b45-b48c9db4e1b4,18,"[1, 1, 1, 1]",1,1,-1,,0.75,4
1674,97ecf8a5-8861-11f1-9b45-b48c9db4e1b4,18,"[1, 1, 1, 1]",2,1,-1,,0.75,4
1675,97ecf8a5-8861-11f1-9b45-b48c9db4e1b4,18,"[1, 1, 1, 1]",3,1,-1,,0.75,4
1676,97ecf8a5-8861-11f1-9b45-b48c9db4e1b4,19,"[1, 0, 1, 1]",0,1,1,,0.75,4
1677,97ecf8a5-8861-11f1-9b45-b48c9db4e1b4,19,"[1, 0, 1, 1]",1,0,0,,0.75,4
1678,97ecf8a5-8861-11f1-9b45-b48c9db4e1b4,19,"[1, 0, 1, 1]",2,1,1,,0.75,4
1679,97ecf8a5-8861-11f1-9b45-b48c9db4e1b4,19,"[1, 0, 1, 1]",3,1,1,,0.75,4
1680,97fa2b0d-8861-11f1-bc39-b48c9db4e1b4,0,"[1, 1, 1, 1]",0,1,-1,,0.75,4
1681,97fa2b0d-8861-11f1-bc39-b48c9db4e1b4,0,"[1, 1, 1, 1]",1,1,-1,,0.75,4
1682,97fa2b0d-8861-11f1-bc39-b48c9db4e1b4,0,"[1, 1, 1, 1]",2,1,-1,,0.75,4
1683,97fa2b0d-8861-11f1-bc39-b48c9db4e1b4,0,"[1, 1, 1, 1]",3,1,-1,,0.75,4
1684,97fa2b0d-8861-11f1-bc39-b48c9db4e1b4,1,"[1, 0, 1, 1]",0,1,1,,0.75,4
1685,97fa2b0d-8861-11f1-bc39-b48c9db4e1b4,1,"[1, 0, 1, 1]",1,0,0,,0.75,4
1686,97fa2b0d-8861-11f1-bc39-b48c9db4e1b4,1,"[1, 0, 1, 1]",2,1,1,,0.75,4
1687,97fa2b0d-8861-11f1-bc39-b48c9db4e1b4,1,"[1, 0, 1, 1]",3,1,1,,0.75,4
1688,97fa2b0d-8861-11f1-bc39-b48c9db4e1b4,2,"[1, 1, 1, 1]",0,1,-1,,0.75,4
1689,97fa2b0d-8861-11f1-bc39-b48c9db4e1b4,2,"[1, 1, 1, 1]",1,1,-1,,0.75,4
1690,97fa2b0d-8861-11f1-bc39-b48c9db4e1b4,2,"[1, 1, 1, 1]",2,1,-1,,0.75,4
1691,97fa2b0d-8861-11f1-bc39-b48c9db4e1b4,2,"[1, 1, 1, 1]",3,1,-1,,0.75,4
1692,97fa2b0d-8861-11f1-bc39-b48c9db4e1b4,3,"[1, 0, 1, 1]",0,1,1,,0.75,4
1693,97fa2b0d-8861-11f1-bc39-b48c9db4e1b4,3,"[1, 0, 1, 1]",1,0,0,,0.75,4
1694,97fa2b0d-8861-11f1-bc39-b48c9db4e1b4,3,"[1, 0, 1, 1]",2,1,1,,0.75,4
1695,97fa2b0d-8861-11f1-bc39-b48c9db4e1b4,3,"[1, 0, 1, 1]",3,1,1,,0.75,4
1696,97fa2b0d-8861-11f1-bc39-b48c9db4e1b4,4,"[1, 1, 0, 1]",0,1,1,,0.75,4
1697,97fa2b0d-8861-11f1-bc39-b48c9db4e1b4,4,"[1, 1, 0, 1]",1,1,1,,0.75,4
1698,97fa2b0d-8861-11f1-bc39-b48c9db4e1b4,4,"[1, 1, 0, 1]",2,0,0,,0.75,4
1699,97fa2b0d-8861-11f1-bc39-b48c9db4e1b4,4,"[1, 1, 0, 1]",3,1,1,,0.75,4
1700,97fa2b0d-8861-11f1-bc39-b48c9db4e1b4,5,"[1, 0, 1, 0]",0,1,1,,0.75,4
1701,97fa2b0d-8861-11f1-bc39-b48c9db4e1b4,5,"[1, 0, 1, 0]",1,0,0,,0.75,4
1702,97fa2b0d-8861-11f1-bc39-b48c9db4e1b4,5,"[1, 0, 1, 0]",2,1,1,,0.75,4
1703,97fa2b0d-8861-11f1-bc39-b48c9db4e1b4,5,"[1, 0, 1, 0]",3,0,0,,0.75,4
1704,97fa2b0d-8861-11f1-bc39-b48c9db4e1b4,6,"[0, 1, 0, 1]",0,0,0,,0.75,4
1705,97fa2b0d-8861-11f1-bc39-b48c9db4e1b4,6,"[0, 1, 0, 1]",1,1,1,,0.75,4
1706,97fa2b0d-8861-11f1-bc39-b48c9db4e1b4,6,"[0, 1, 0, 1]",2,0,0,,0.75,4
1707,97fa2b0d-8861-11f1-bc39-b48c9db4e1b4,6,"[0, 1, 0, 1]",3,1,1,,0.75,4
1708,97fa2b0d-8861-11f1-bc39-b48c9db4e1b4,7,"[1, 0, 1, 1]",0,1,1,,0.75,4
1709,97fa2b0d-8861-11f1-bc39-b48c9db4e1b4,7,"[1, 0, 1, 1]",1,0,0,,0.75,4
1710,97fa2b0d-8861-11f1-bc39-b48c9db4e1b4,7,"[1, 0, 1, 1]",2,1,1,,0.75,4
1711,97fa2b0d-8861-11f1-bc39-b48c9db4e1b4,7,"[1, 0, 1, 1]",3,1,1,,0.75,4
1712,97fa2b0d-8861-11f1-bc39-b48c9db4e1b4,8,"[1, 1, 0, 1]",0,1,1,,0.75,4
1713,97fa2b0d-8861-11f1-bc39-b48c9db4e1b4,8,"[1, 1, 0, 1]",1,1,1,,0.75,4
1714,97fa2b0d-8861-11f1-bc39-b48c9db4e1b4,8,"[1, 1, 0, 1]",2,0,0,,0.75,4
1715,97fa2b0d-8861-11f1-bc39-b48c9db4e1b4,8,"[1, 1, 0, 1]",3,1,1,,0.75,4
1716,97fa2b0d-8861-11f1-bc39-b48c9db4e1b4,9,"[1, 0, 1, 1]",0,1,1,,0.75,4
1717,97fa2b0d-8861-11f1-bc39-b48c9db4e1b4,9,"[1, 0, 1, 1]",1,0,0,,0.75,4
1718,97fa2b0d-8861-11f1-bc39-b48c9db4e1b4,9,"[1, 0, 1, 1]",2,1,1,,0.75,4
1719,97fa2b0d-8861-11f1-bc39-b48c9db4e1b4,9,"[1, 0, 1, 1]",3,1,1,,0.75,4
1720,97fa2b0d-8861-11f1-bc39-b48c9db4e1b4,10,"[1, 1, 0, 1]",0,1,1,,0.75,4
1721,97fa2b0d-8861-11f1-bc39-b48c9db4e1b4,10,"[1, 1, 0, 1]",1,1,1,,0.75,4
1722,97fa2b0d-8861-11f1-bc39-b48c9db4e1b4,10,"[1, 1, 0, 1]",2,0,0,,0.75,4
1723,97fa2b0d-8861-11f1-bc39-b48c9db4e1b4,10,"[1, 1, 0, 1]",3,1,1,,0.75,4
1724,97fa2b0d-8861-11f1-bc39-b48c9db4e1b4,11,"[1, 1, 1, 1]",0,1,-1,,0.75,4
1725,97fa2b0d-8861-11f1-bc39-b48c9db4e1b4,11,"[1, 1, 1, 1]",1,1,-1,,0.75,4
1726,97fa2b0d-8861-11f1-bc39-b48c9db4e1b4,11,"[1, 1, 1, 1]",2,1,-1,,0.75,4
1727,97fa2b0d-8861-11f1-bc39-b48c9db4e1b4,11,"[1, 1, 1, 1]",3,1,-1,,0.75,4
1728,97fa2b0d-8861-11f1-bc39-b48c9db4e1b4,12,"[0, 1, 0, 1]",0,0,0,,0.75,4
1729,97fa2b0d-8861-11f1-bc39-b48c9db4e1b4,12,"[0, 1, 0, 1]",1,1,1,,0.75,4
1730,97fa2b0d-8861-11f1-bc39-b48c9db4e1b4,12,"[0, 1, 0, 1]",2,0,0,,0.75,4
1731,97fa2b0d-8861-11f1-bc39-b48c9db4e1b4,12,"[0, 1, 0, 1]",3,1,1,,0.75,4
1732,97fa2b0d-8861-11f1-bc39-b48c9db4e1b4,13,"[1, 0, 1, 1]",0,1,1,,0.75,4
1733,97fa2b0d-8861-11f1-bc39-b48c9db4e1b4,13,"[1, 0, 1, 1]",1,0,0,,0.75,4
1734,97fa2b0d-8861-11f1-bc39-b48c9db4e1b4,13,"[1, 0, 1, 1]",2,1,1,,0.75,4
1735,97fa2b0d-8861-11f1-bc39-b48c9db4e1b4,13,"[1, 0, 1, 1]",3,1,1,,0.75,4
1736,97fa2b0d-8861-11f1-bc39-b48c9db4e1b4,14,"[1, 1, 0, 1]",0,1,1,,0.75,4
1737,97fa2b0d-8861-11f1-bc39-b48c9db4e1b4,14,"[1, 1, 0, 1]",1,1,1,,0.75,4
1738,97fa2b0d-8861-11f1-bc39-b48c9db4e1b4,14,"[1, 1, 0, 1]",2,0,0,,0.75,4
1739,97fa2b0d-8861-11f1-bc39-b48c9db4e1b4,14,"[1, 1, 0, 1]",3,1,1,,0.75,4
1740,97fa2b0d-8861-11f1-bc39-b48c9db4e1b4,15,"[1, 1, 1, 1]",0,1,-1,,0.75,4
1741,97fa2b0d-8861-11f1-bc39-b48c9db4e1b4,15,"[1, 1, 1, 1]",1,1,-1,,0.75,4
1742,97fa2b0d-8861-11f1-bc39-b48c9db4e1b4,15,"[1, 1, 1, 1]",2,1,-1,,0.75,4
1743,97fa2b0d-8861-11f1-bc39-b48c9db4e1b4,15,"[1, 1, 1, 1]",3,1,-1,,0.75,4
1744,97fa2b0d-8861-11f1-bc39-b48c9db4e1b4,16,"[1, 1, 0, 1]",0,1,1,,0.75,4
1745,97fa2b0d-8861-11f1-bc39-b48c9db4e1b4,16,"[1, 1, 0, 1]",1,1,1,,0.75,4
1746,97fa2b0d-8861-11f1-bc39-b48c9db4e1b4,16,"[1, 1, 0, 1]",2,0,0,,0.75,4
1747,97fa2b0d-8861-11f1-bc39-b48c9db4e1b4,16,"[1, 1, 0, 1]",3,1,1,,0.75,4
1748,97fa2b0d-8861-11f1-bc39-b48c9db4e1b4,17,"[1, 0, 1, 1]",0,1,1,,0.75,4
1749,97fa2b0d-8861-11f1-bc39-b48c9db4e1b4,17,"[1, 0, 1, 1]",1,0,0,,0.75,4
1750,97fa2b0d-8861-11f1-bc39-b48c9db4e1b4,17,"[1, 0, 1, 1]",2,1,1,,0.75,4
1751,97fa2b0d-8861-11f1-bc39-b48c9db4e1b4,17,"[1, 0, 1, 1]",3,1,1,,0.75,4
1752,97fa2b0d-8861-11f1-bc39-b48c9db4e1b4,18,"[1, 1, 0, 1]",0,1,1,,0.75,4
1753,97fa2b0d-8861-11f1-bc39-b48c9db4e1b4,18,"[1, 1, 0, 1]",1,1,1,,0.75,4
1754,97fa2b0d-8861-11f1-bc39-b48c9db4e1b4,18,"[1, 1, 0, 1]",2,0,0,,0.75,4
1755,97fa2b0d-8861-11f1-bc39-b48c9db4e1b4,18,"[1, 1, 0, 1]",3,1,1,,0.75,4
1756,97fa2b0d-8861-11f1-bc39-b48c9db4e1b4,19,"[1, 1, 1, 0]",0,1,1,,0.75,4
1757,97fa2b0d-8861-11f1-bc39-b48c9db4e1b4,19,"[1, 1, 1, 0]",1,1,1,,0.75,4
1758,97fa2b0d-8861-11f1-bc39-b48c9db4e1b4,19,"[1, 1, 1, 0]",2,1,1,,0.75,4
1759,97fa2b0d-8861-11f1-bc39-b48c9db4e1b4,19,"[1, 1, 1, 0]",3,0,0,,0.75,4
1760,9806e8bc-8861-11f1-9626-b48c9db4e1b4,0,"[0, 1, 1, 0]",0,0,0,,0.75,4
1761,9806e8bc-8861-11f1-9626-b48c9db4e1b4,0,"[0, 1, 1, 0]",1,1,1,,0.75,4
1762,9806e8bc-8861-11f1-9626-b48c9db4e1b4,0,"[0, 1, 1, 0]",2,1,1,,0.75,4
1763,9806e8bc-8861-11f1-9626-b48c9db4e1b4,0,"[0, 1, 1, 0]",3,0,0,,0.75,4
1764,9806e8bc-8861-11f1-9626-b48c9db4e1b4,1,"[1, 0, 1, 1]",0,1,1,,0.75,4
1765,9806e8bc-8861-11f1-9626-b48c9db4e1b4,1,"[1, 0, 1, 1]",1,0,0,,0.75,4
1766,9806e8bc-8861-11f1-9626-b48c9db4e1b4,1,"[1, 0, 1, 1]",2,1,1,,0.75,4
1767,9806e8bc-8861-11f1-9626-b48c9db4e1b4,1,"[1, 0, 1, 1]",3,1,1,,0.75,4
1768,9806e8bc-8861-11f1-9626-b48c9db4e1b4,2,"[0, 1, 0, 1]",0,0,0,,0.75,4
1769,9806e8bc-8861-11f1-9626-b48c9db4e1b4,2,"[0, 1, 0, 1]",1,1,1,,0.75,4
1770,9806e8bc-8861-11f1-9626-b48c9db4e1b4,2,"[0, 1, 0, 1]",2,0,0,,0.75,4
1771,9806e8bc-8861-11f1-9626-b48c9db4e1b4,2,"[0, 1, 0, 1]",3,1,1,,0.75,4
1772,9806e8bc-8861-11f1-9626-b48c9db4e1b4,3,"[1, 0, 1, 1]",0,1,1,,0.75,4
1773,9806e8bc-8861-11f1-9626-b48c9db4e1b4,3,"[1, 0, 1, 1]",1,0,0,,0.75,4
1774,9806e8bc-8861-11f1-9626-b48c9db4e1b4,3,"[1, 0, 1, 1]",2,1,1,,0.75,4
1775,9806e8bc-8861-11f1-9626-b48c9db4e1b4,3,"[1, 0, 1, 1]",3,1,1,,0.75,4
1776,9806e8bc-8861-11f1-9626-b48c9db4e1b4,4,"[1, 1, 0, 1]",0,1,1,,0.75,4
1777,9806e8bc-8861-11f1-9626-b48c9db4e1b4,4,"[1, 1, 0, 1]",1,1,1,,0.75,4
1778,9806e8bc-8861-11f1-9626-b48c9db4e1b4,4,"[1, 1, 0, 1]",2,0,0,,0.75,4
1779,9806e8bc-8861-11f1-9626-b48c9db4e1b4,4,"[1, 1, 0, 1]",3,1,1,,0.75,4
1780,9806e8bc-8861-11f1-9626-b48c9db4e1b4,5,"[1, 0, 1, 1]",0,1,1,,0.75,4
1781,9806e8bc-8861-11f1-9626-b48c9db4e1b4,5,"[1, 0, 1, 1]",1,0,0,,0.75,4
1782,9806e8bc-8861-11f1-9626-b48c9db4e1b4,5,"[1, 0, 1, 1]",2,1,1,,0.75,4
1783,9806e8bc-8861-11f1-9626-b48c9db4e1b4,5,"[1, 0, 1, 1]",3,1,1,,0.75,4
1784,9806e8bc-8861-11f1-9626-b48c9db4e1b4,6,"[1, 1, 0, 1]",0,1,1,,0.75,4
1785,9806e8bc-8861-11f1-9626-b48c9db4e1b4,6,"[1, 1, 0, 1]",1,1,1,,0.75,4
1786,9806e8bc-8861-11f1-9626-b48c9db4e1b4,6,"[1, 1, 0, 1]",2,0,0,,0.75,4
1787,9806e8bc-8861-11f1-9626-b48c9db4e1b4,6,"[1, 1, 0, 1]",3,1,1,,0.75,4
1788,9806e8bc-8861-11f1-9626-b48c9db4e1b4,7,"[1, 0, 1, 0]",0,1,1,,0.75,4
1789,9806e8bc-8861-11f1-9626-b48c9db4e1b4,7,"[1, 0, 1, 0]",1,0,0,,0.75,4
1790,9806e8bc-8861-11f1-9626-b48c9db4e1b4,7,"[1, 0, 1, 0]",2,1,1,,0.75,4
1791,9806e8bc-8861-11f1-9626-b48c9db4e1b4,7,"[1, 0, 1, 0]",3,0,0,,0.75,4
1792,9806e8bc-8861-11f1-9626-b48c9db4e1b4,8,"[0, 1, 1, 1]",0,0,0,,0.75,4
1793,9806e8bc-8861-11f1-9626-b48c9db4e1b4,8,"[0, 1, 1, 1]",1,1,1,,0.75,4
1794,9806e8bc-8861-11f1-9626-b48c9db4e1b4,8,"[0, 1, 1, 1]",2,1,1,,0.75,4
1795,9806e8bc-8861-11f1-9626-b48c9db4e1b4,8,"[0, 1, 1, 1]",3,1,1,,0.75,4
1796,9806e8bc-8861-11f1-9626-b48c9db4e1b4,9,"[1, 0, 1, 1]",0,1,1,,0.75,4
1797,9806e8bc-8861-11f1-9626-b48c9db4e1b4,9,"[1, 0, 1, 1]",1,0,0,,0.75,4
1798,9806e8bc-8861-11f1-9626-b48c9db4e1b4,9,"[1, 0, 1, 1]",2,1,1,,0.75,4
1799,9806e8bc-8861-11f1-9626-b48c9db4e1b4,9,"[1, 0, 1, 1]",3,1,1,,0.75,4
1800,9806e8bc-8861-11f1-9626-b48c9db4e1b4,10,"[0, 1, 1, 1]",0,0,0,,0.75,4
1801,9806e8bc-8861-11f1-9626-b48c9db4e1b4,10,"[0, 1, 1, 1]",1,1,1,,0.75,4
1802,9806e8bc-8861-11f1-9626-b48c9db4e1b4,10,"[0, 1, 1, 1]",2,1,1,,0.75,4
1803,9806e8bc-8861-11f1-9626-b48c9db4e1b4,10,"[0, 1, 1, 1]",3,1,1,,0.75,4
1804,9806e8bc-8861-11f1-9626-b48c9db4e1b4,11,"[1, 0, 1, 1]",0,1,1,,0.75,4
1805,9806e8bc-8861-11f1-9626-b48c9db4e1b4,11,"[1, 0, 1, 1]",1,0,0,,0.75,4
1806,9806e8bc-8861-11f1-9626-b48c9db4e1b4,11,"[1, 0, 1, 1]",2,1,1,,0.75,4
1807,9806e8bc-8861-11f1-9626-b48c9db4e1b4,11,"[1, 0, 1, 1]",3,1,1,,0.75,4
1808,9806e8bc-8861-11f1-9626-b48c9db4e1b4,12,"[1, 1, 0, 1]",0,1,1,,0.75,4
1809,9806e8bc-8861-11f1-9626-b48c9db4e1b4,12,"[1, 1, 0, 1]",1,1,1,,0.75,4
1810,9806e8bc-8861-11f1-9626-b48c9db4e1b4,12,"[1, 1, 0, 1]",2,0,0,,0.75,4
1811,9806e8bc-8861-11f1-9626-b48c9db4e1b4,12,"[1, 1, 0, 1]",3,1,1,,0.75,4
1812,9806e8bc-8861-11f1-9626-b48c9db4e1b4,13,"[1, 0, 1, 0]",0,1,1,,0.75,4
1813,9806e8bc-8861-11f1-9626-b48c9db4e1b4,13,"[1, 0, 1, 0]",1,0,0,,0.75,4
1814,9806e8bc-8861-11f1-9626-b48c9db4e1b4,13,"[1, 0, 1, 0]",2,1,1,,0.75,4
1815,9806e8bc-8861-11f1-9626-b48c9db4e1b4,13,"[1, 0, 1, 0]",3,0,0,,0.75,4
1816,9806e8bc-8861-11f1-9626-b48c9db4e1b4,14,"[0, 1, 1, 1]",0,0,0,,0.75,4
1817,9806e8bc-8861-11f1-9626-b48c9db4e1b4,14,"[0, 1, 1, 1]",1,1,1,,0.75,4
1818,9806e8bc-8861-11f1-9626-b48c9db4e1b4,14,"[0, 1, 1, 1]",2,1,1,,0.75,4
1819,9806e8bc-8861-11f1-9626-b48c9db4e1b4,14,"[0, 1, 1, 1]",3,1,1,,0.75,4
1820,9806e8bc-8861-11f1-9626-b48c9db4e1b4,15,"[1, 0, 1, 1]",0,1,1,,0.75,4
1821,9806e8bc-8861-11f1-9626-b48c9db4e1b4,15,"[1, 0, 1, 1]",1,0,0,,0.75,4
1822,9806e8bc-8861-11f1-9626-b48c9db4e1b4,15,"[1, 0, 1, 1]",2,1,1,,0.75,4
1823,9806e8bc-8861-11f1-9626-b48c9db4e1b4,15,"[1, 0, 1, 1]",3,1,1,,0.75,4
1824,9806e8bc-8861-11f1-9626-b48c9db4e1b4,16,"[1, 1, 0, 1]",0,1,1,,0.75,4
1825,9806e8bc-8861-11f1-9626-b48c9db4e1b4,16,"[1, 1, 0, 1]",1,1,1,,0.75,4
1826,9806e8bc-8861-11f1-9626-b48c9db4e1b4,16,"[1, 1, 0, 1]",2,0,0,,0.75,4
1827,9806e8bc-8861-11f1-9626-b48c9db4e1b4,16,"[1, 1, 0, 1]",3,1,1,,0.75,4
1828,9806e8bc-8861-11f1-9626-b48c9db4e1b4,17,"[1, 0, 1, 0]",0,1,1,,0.75,4
1829,9806e8bc-8861-11f1-9626-b48c9db4e1b4,17,"[1, 0, 1, 0]",1,0,0,,0.75,4
1830,9806e8bc-8861-11f1-9626-b48c9db4e1b4,17,"[1, 0, 1, 0]",2,1,1,,0.75,4
1831,9806e8bc-8861-11f1-9626-b48c9db4e1b4,17,"[1, 0, 1, 0]",3,0,0,,0.75,4
1832,9806e8bc-8861-11f1-9626-b48c9db4e1b4,18,"[1, 1, 1, 1]",0,1,-1,,0.75,4
1833,9806e8bc-8861-11f1-9626-b48c9db4e1b4,18,"[1, 1, 1, 1]",1,1,-1,,0.75,4
1834,9806e8bc-8861-11f1-9626-b48c9db4e1b4,18,"[1, 1, 1, 1]",2,1,-1,,0.75,4
1835,9806e8bc-8861-11f1-9626-b48c9db4e1b4,18,"[1, 1, 1, 1]",3,1,-1,,0.75,4
1836,9806e8bc-8861-11f1-9626-b48c9db4e1b4,19,"[1, 0, 1, 1]",0,1,1,,0.75,4
1837,9806e8bc-8861-11f1-9626-b48c9db4e1b4,19,"[1, 0, 1, 1]",1,0,0,,0.75,4
1838,9806e8bc-8861-11f1-9626-b48c9db4e1b4,19,"[1, 0, 1, 1]",2,1,1,,0.75,4
1839,9806e8bc-8861-11f1-9626-b48c9db4e1b4,19,"[1, 0, 1, 1]",3,1,1,,0.75,4
1840,9812f70b-8861-11f1-b37e-b48c9db4e1b4,0,"[0, 0, 0, 0]",0,0,0,,0.75,4
1841,9812f70b-8861-11f1-b37e-b48c9db4e1b4,0,"[0, 0, 0, 0]",1,0,0,,0.75,4
1842,9812f70b-8861-11f1-b37e-b48c9db4e1b4,0,"[0, 0, 0, 0]",2,0,0,,0.75,4
1843,9812f70b-8861-11f1-b37e-b48c9db4e1b4,0,"[0, 0, 0, 0]",3,0,0,,0.75,4
1844,9812f70b-8861-11f1-b37e-b48c9db4e1b4,1,"[1, 0, 1, 1]",0,1,1,,0.75,4
1845,9812f70b-8861-11f1-b37e-b48c9db4e1b4,1,"[1, 0, 1, 1]",1,0,0,,0.75,4
1846,9812f70b-8861-11f1-b37e-b48c9db4e1b4,1,"[1, 0, 1, 1]",2,1,1,,0.75,4
1847,9812f70b-8861-11f1-b37e-b48c9db4e1b4,1,"[1, 0, 1, 1]",3,1,1,,0.75,4
1848,9812f70b-8861-11f1-b37e-b48c9db4e1b4,2,"[1, 1, 1, 1]",0,1,-1,,0.75,4
1849,9812f70b-8861-11f1-b37e-b48c9db4e1b4,2,"[1, 1, 1, 1]",1,1,-1,,0.75,4
1850,9812f70b-8861-11f1-b37e-b48c9db4e1b4,2,"[1, 1, 1, 1]",2,1,-1,,0.75,4
1851,9812f70b-8861-11f1-b37e-b48c9db4e1b4,2,"[1, 1, 1, 1]",3,1,-1,,0.75,4
1852,9812f70b-8861-11f1-b37e-b48c9db4e1b4,3,"[1, 0, 1, 1]",0,1,1,,0.75,4
1853,9812f70b-8861-11f1-b37e-b48c9db4e1b4,3,"[1, 0, 1, 1]",1,0,0,,0.75,4
1854,9812f70b-8861-11f1-b37e-b48c9db4e1b4,3,"[1, 0, 1, 1]",2,1,1,,0.75,4
1855,9812f70b-8861-11f1-b37e-b48c9db4e1b4,3,"[1, 0, 1, 1]",3,1,1,,0.75,4
1856,9812f70b-8861-11f1-b37e-b48c9db4e1b4,4,"[1, 1, 1, 1]",0,1,-1,,0.75,4
1857,9812f70b-8861-11f1-b37e-b48c9db4e1b4,4,"[1, 1, 1, 1]",1,1,-1,,0.75,4
1858,9812f70b-8861-11f1-b37e-b48c9db4e1b4,4,"[1, 1, 1, 1]",2,1,-1,,0.75,4
1859,9812f70b-8861-11f1-b37e-b48c9db4e1b4,4,"[1, 1, 1, 1]",3,1,-1,,0.75,4
1860,9812f70b-8861-11f1-b37e-b48c9db4e1b4,5,"[1, 0, 1, 1]",0,1,1,,0.75,4
1861,9812f70b-8861-11f1-b37e-b48c9db4e1b4,5,"[1, 0, 1, 1]",1,0,0,,0.75,4
1862,9812f70b-8861-11f1-b37e-b48c9db4e1b4,5,"[1, 0, 1, 1]",2,1,1,,0.75,4
1863,9812f70b-8861-11f1-b37e-b48c9db4e1b4,5,"[1, 0, 1, 1]",3,1,1,,0.75,4
1864,9812f70b-8861-11f1-b37e-b48c9db4e1b4,6,"[1, 1, 0, 1]",0,1,1,,0.75,4
1865,9812f70b-8861-11f1-b37e-b48c9db4e1b4,6,"[1, 1, 0, 1]",1,1,1,,0.75,4
1866,9812f70b-8861-11f1-b37e-b48c9db4e1b4,6,"[1, 1, 0, 1]",2,0,0,,0.75,4
1867,9812f70b-8861-11f1-b37e-b48c9db4e1b4,6,"[1, 1, 0, 1]",3,1,1,,0.75,4
1868,9812f70b-8861-11f1-b37e-b48c9db4e1b4,7,"[1, 0, 1, 1]",0,1,1,,0.75,4
1869,9812f70b-8861-11f1-b37e-b48c9db4e1b4,7,"[1, 0, 1, 1]",1,0,0,,0.75,4
1870,9812f70b-8861-11f1-b37e-b48c9db4e1b4,7,"[1, 0, 1, 1]",2,1,1,,0.75,4
1871,9812f70b-8861-11f1-b37e-b48c9db4e1b4,7,"[1, 0, 1, 1]",3,1,1,,0.75,4
1872,9812f70b-8861-11f1-b37e-b48c9db4e1b4,8,"[1, 1, 0, 1]",0,1,1,,0.75,4
1873,9812f70b-8861-11f1-b37e-b48c9db4e1b4,8,"[1, 1, 0, 1]",1,1,1,,0.75,4
1874,9812f70b-8861-11f1-b37e-b48c9db4e1b4,8,"[1, 1, 0, 1]",2,0,0,,0.75,4
1875,9812f70b-8861-11f1-b37e-b48c9db4e1b4,8,"[1, 1, 0, 1]",3,1,1,,0.75,4
1876,9812f70b-8861-11f1-b37e-b48c9db4e1b4,9,"[1, 0, 1, 0]",0,1,1,,0.75,4
1877,9812f70b-8861-11f1-b37e-b48c9db4e1b4,9,"[1, 0, 1, 0]",1,0,0,,0.75,4
1878,9812f70b-8861-11f1-b37e-b48c9db4e1b4,9,"[1, 0, 1, 0]",2,1,1,,0.75,4
1879,9812f70b-8861-11f1-b37e-b48c9db4e1b4,9,"[1, 0, 1, 0]",3,0,0,,0.75,4
1880,9812f70b-8861-11f1-b37e-b48c9db4e1b4,10,"[1, 1, 1, 1]",0,1,-1,,0.75,4
1881,9812f70b-8861-11f1-b37e-b48c9db4e1b4,10,"[1, 1, 1, 1]",1,1,-1,,0.75,4
1882,9812f70b-8861-11f1-b37e-b48c9db4e1b4,10,"[1, 1, 1, 1]",2,1,-1,,0.75,4
1883,9812f70b-8861-11f1-b37e-b48c9db4e1b4,10,"[1, 1, 1, 1]",3,1,-1,,0.75,4
1884,9812f70b-8861-11f1-b37e-b48c9db4e1b4,11,"[1, 0, 1, 1]",0,1,1,,0.75,4
1885,9812f70b-8861-11f1-b37e-b48c9db4e1b4,11,"[1, 0, 1, 1]",1,0,0,,0.75,4
1886,9812f70b-8861-11f1-b37e-b48c9db4e1b4,11,"[1, 0, 1, 1]",2,1,1,,0.75,4
1887,9812f70b-8861-11f1-b37e-b48c9db4e1b4,11,"[1, 0, 1, 1]",3,1,1,,0.75,4
1888,9812f70b-8861-11f1-b37e-b48c9db4e1b4,12,"[1, 1, 0, 1]",0,1,1,,0.75,4
1889,9812f70b-8861-11f1-b37e-b48c9db4e1b4,12,"[1, 1, 0, 1]",1,1,1,,0.75,4
1890,9812f70b-8861-11f1-b37e-b48c9db4e1b4,12,"[1, 1, 0, 1]",2,0,0,,0.75,4
1891,9812f70b-8861-11f1-b37e-b48c9db4e1b4,12,"[1, 1, 0, 1]",3,1,1,,0.75,4
1892,9812f70b-8861-11f1-b37e-b48c9db4e1b4,13,"[1, 1, 1, 1]",0,1,-1,,0.75,4
1893,9812f70b-8861-11f1-b37e-b48c9db4e1b4,13,"[1, 1, 1, 1]",1,1,-1,,0.75,4
1894,9812f70b-8861-11f1-b37e-b48c9db4e1b4,13,"[1, 1, 1, 1]",2,1,-1,,0.75,4
1895,9812f70b-8861-11f1-b37e-b48c9db4e1b4,13,"[1, 1, 1, 1]",3,1,-1,,0.75,4
1896,9812f70b-8861-11f1-b37e-b48c9db4e1b4,14,"[0, 1, 0, 1]",0,0,0,,0.75,4
1897,9812f70b-8861-11f1-b37e-b48c9db4e1b4,14,"[0, 1, 0, 1]",1,1,1,,0.75,4
1898,9812f70b-8861-11f1-b37e-b48c9db4e1b4,14,"[0, 1, 0, 1]",2,0,0,,0.75,4
1899,9812f70b-8861-11f1-b37e-b48c9db4e1b4,14,"[0, 1, 0, 1]",3,1,1,,0.75,4
1900,9812f70b-8861-11f1-b37e-b48c9db4e1b4,15,"[1, 0, 1, 1]",0,1,1,,0.75,4
1901,9812f70b-8861-11f1-b37e-b48c9db4e1b4,15,"[1, 0, 1, 1]",1,0,0,,0.75,4
1902,9812f70b-8861-11f1-b37e-b48c9db4e1b4,15,"[1, 0, 1, 1]",2,1,1,,0.75,4
1903,9812f70b-8861-11f1-b37e-b48c9db4e1b4,15,"[1, 0, 1, 1]",3,1,1,,0.75,4
1904,9812f70b-8861-11f1-b37e-b48c9db4e1b4,16,"[0, 1, 0, 1]",0,0,0,,0.75,4
1905,9812f70b-8861-11f1-b37e-b48c9db4e1b4,16,"[0, 1, 0, 1]",1,1,1,,0.75,4
1906,9812f70b-8861-11f1-b37e-b48c9db4e1b4,16,"[0, 1, 0, 1]",2,0,0,,0.75,4
1907,9812f70b-8861-11f1-b37e-b48c9db4e1b4,16,"[0, 1, 0, 1]",3,1,1,,0.75,4
1908,9812f70b-8861-11f1-b37e-b48c9db4e1b4,17,"[1, 0, 1, 1]",0,1,1,,0.75,4
1909,9812f70b-8861-11f1-b37e-b48c9db4e1b4,17,"[1, 0, 1, 1]",1,0,0,,0.75,4
1910,9812f70b-8861-11f1-b37e-b48c9db4e1b4,17,"[1, 0, 1, 1]",2,1,1,,0.75,4
1911,9812f70b-8861-11f1-b37e-b48c9db4e1b4,17,"[1, 0, 1, 1]",3,1,1,,0.75,4
1912,9812f70b-8861-11f1-b37e-b48c9db4e1b4,18,"[1, 1, 0, 1]",0,1,1,,0.75,4
1913,9812f70b-8861-11f1-b37e-b48c9db4e1b4,18,"[1, 1, 0, 1]",1,1,1,,0.75,4
1914,9812f70b-8861-11f1-b37e-b48c9db4e1b4,18,"[1, 1, 0, 1]",2,0,0,,0.75,4
1915,9812f70b-8861-11f1-b37e-b48c9db4e1b4,18,"[1, 1, 0, 1]",3,1,1,,0.75,4
1916,9812f70b-8861-11f1-b37e-b48c9db4e1b4,19,"[1, 0, 1, 0]",0,1,1,,0.75,4
1917,9812f70b-8861-11f1-b37e-b48c9db4e1b4,19,"[1, 0, 1, 0]",1,0,0,,0.75,4
1918,9812f70b-8861-11f1-b37e-b48c9db4e1b4,19,"[1, 0, 1, 0]",2,1,1,,0.75,4
1919,9812f70b-8861-11f1-b37e-b48c9db4e1b4,19,"[1, 0, 1, 0]",3,0,0,,0.75,4
1920,981d225c-8861-11f1-b319-b48c9db4e1b4,0,"[1, 0, 0, 0]",0,1,1,,0.75,4
1921,981d225c-8861-11f1-b319-b48c9db4e1b4,0,"[1, 0, 0, 0]",1,0,0,,0.75,4
1922,981d225c-8861-11f1-b319-b48c9db4e1b4,0,"[1, 0, 0, 0]",2,0,0,,0.75,4
1923,981d225c-8861-11f1-b319-b48c9db4e1b4,0,"[1, 0, 0, 0]",3,0,0,,0.75,4
1924,981d225c-8861-11f1-b319-b48c9db4e1b4,1,"[1, 0, 1, 1]",0,1,1,,0.75,4
1925,981d225c-8861-11f1-b319-b48c9db4e1b4,1,"[1, 0, 1, 1]",1,0,0,,0.75,4
1926,981d225c-8861-11f1-b319-b48c9db4e1b4,1,"[1, 0, 1, 1]",2,1,1,,0.75,4
1927,981d225c-8861-11f1-b319-b48c9db4e1b4,1,"[1, 0, 1, 1]",3,1,1,,0.75,4
1928,981d225c-8861-11f1-b319-b48c9db4e1b4,2,"[1, 1, 1, 1]",0,1,-1,,0.75,4
1929,981d225c-8861-11f1-b319-b48c9db4e1b4,2,"[1, 1, 1, 1]",1,1,-1,,0.75,4
1930,981d225c-8861-11f1-b319-b48c9db4e1b4,2,"[1, 1, 1, 1]",2,1,-1,,0.75,4
1931,981d225c-8861-11f1-b319-b48c9db4e1b4,2,"[1, 1, 1, 1]",3,1,-1,,0.75,4
1932,981d225c-8861-11f1-b319-b48c9db4e1b4,3,"[1, 0, 1, 1]",0,1,1,,0.75,4
1933,981d225c-8861-11f1-b319-b48c9db4e1b4,3,"[1, 0, 1, 1]",1,0,0,,0.75,4
1934,981d225c-8861-11f1-b319-b48c9db4e1b4,3,"[1, 0, 1, 1]",2,1,1,,0.75,4
1935,981d225c-8861-11f1-b319-b48c9db4e1b4,3,"[1, 0, 1, 1]",3,1,1,,0.75,4
1936,981d225c-8861-11f1-b319-b48c9db4e1b4,4,"[1, 1, 0, 1]",0,1,1,,0.75,4
1937,981d225c-8861-11f1-b319-b48c9db4e1b4,4,"[1, 1, 0, 1]",1,1,1,,0.75,4
1938,981d225c-8861-11f1-b319-b48c9db4e1b4,4,"[1, 1, 0, 1]",2,0,0,,0.75,4
1939,981d225c-8861-11f1-b319-b48c9db4e1b4,4,"[1, 1, 0, 1]",3,1,1,,0.75,4
1940,981d225c-8861-11f1-b319-b48c9db4e1b4,5,"[1, 1, 1, 0]",0,1,1,,0.75,4
1941,981d225c-8861-11f1-b319-b48c9db4e1b4,5,"[1, 1, 1, 0]",1,1,1,,0.75,4
1942,981d225c-8861-11f1-b319-b48c9db4e1b4,5,"[1, 1, 1, 0]",2,1,1,,0.75,4
1943,981d225c-8861-11f1-b319-b48c9db4e1b4,5,"[1, 1, 1, 0]",3,0,0,,0.75,4
1944,981d225c-8861-11f1-b319-b48c9db4e1b4,6,"[0, 1, 1, 1]",0,0,0,,0.75,4
1945,981d225c-8861-11f1-b319-b48c9db4e1b4,6,"[0, 1, 1, 1]",1,1,1,,0.75,4
1946,981d225c-8861-11f1-b319-b48c9db4e1b4,6,"[0, 1, 1, 1]",2,1,1,,0.75,4
1947,981d225c-8861-11f1-b319-b48c9db4e1b4,6,"[0, 1, 1, 1]",3,1,1,,0.75,4
1948,981d225c-8861-11f1-b319-b48c9db4e1b4,7,"[1, 0, 1, 1]",0,1,1,,0.75,4
1949,981d225c-8861-11f1-b319-b48c9db4e1b4,7,"[1, 0, 1, 1]",1,0,0,,0.75,4
1950,981d225c-8861-11f1-b319-b48c9db4e1b4,7,"[1, 0, 1, 1]",2,1,1,,0.75,4
1951,981d225c-8861-11f1-b319-b48c9db4e1b4,7,"[1, 0, 1, 1]",3,1,1,,0.75,4
1952,981d225c-8861-11f1-b319-b48c9db4e1b4,8,"[0, 1, 1, 1]",0,0,0,,0.75,4
1953,981d225c-8861-11f1-b319-b48c9db4e1b4,8,"[0, 1, 1, 1]",1,1,1,,0.75,4
1954,981d225c-8861-11f1-b319-b48c9db4e1b4,8,"[0, 1, 1, 1]",2,1,1,,0.75,4
1955,981d225c-8861-11f1-b319-b48c9db4e1b4,8,"[0, 1, 1, 1]",3,1,1,,0.75,4
1956,981d225c-8861-11f1-b319-b48c9db4e1b4,9,"[1, 0, 1, 1]",0,1,1,,0.75,4
1957,981d225c-8861-11f1-b319-b48c9db4e1b4,9,"[1, 0, 1, 1]",1,0,0,,0.75,4
1958,981d225c-8861-11f1-b319-b48c9db4e1b4,9,"[1, 0, 1, 1]",2,1,1,,0.75,4
1959,981d225c-8861-11f1-b319-b48c9db4e1b4,9,"[1, 0, 1, 1]",3,1,1,,0.75,4
1960,981d225c-8861-11f1-b319-b48c9db4e1b4,10,"[1, 1, 1, 1]",0,1,-1,,0.75,4
1961,981d225c-8861-11f1-b319-b48c9db4e1b4,10,"[1, 1, 1, 1]",1,1,-1,,0.75,4
1962,981d225c-8861-11f1-b319-b48c9db4e1b4,10,"[1, 1, 1, 1]",2,1,-1,,0.75,4
1963,981d225c-8861-11f1-b319-b48c9db4e1b4,10,"[1, 1, 1, 1]",3,1,-1,,0.75,4
1964,981d225c-8861-11f1-b319-b48c9db4e1b4,11,"[1, 0, 1, 1]",0,1,1,,0.75,4
1965,981d225c-8861-11f1-b319-b48c9db4e1b4,11,"[1, 0, 1, 1]",1,0,0,,0.75,4
1966,981d225c-8861-11f1-b319-b48c9db4e1b4,11,"[1, 0, 1, 1]",2,1,1,,0.75,4
1967,981d225c-8861-11f1-b319-b48c9db4e1b4,11,"[1, 0, 1, 1]",3,1,1,,0.75,4
1968,981d225c-8861-11f1-b319-b48c9db4e1b4,12,"[1, 1, 0, 1]",0,1,1,,0.75,4
1969,981d225c-8861-11f1-b319-b48c9db4e1b4,12,"[1, 1, 0, 1]",1,1,1,,0.75,4
1970,981d225c-8861-11f1-b319-b48c9db4e1b4,12,"[1, 1, 0, 1]",2,0,0,,0.75,4
1971,981d225c-8861-11f1-b319-b48c9db4e1b4,12,"[1, 1, 0, 1]",3,1,1,,0.75,4
1972,981d225c-8861-11f1-b319-b48c9db4e1b4,13,"[1, 0, 1, 1]",0,1,1,,0.75,4
1973,981d225c-8861-11f1-b319-b48c9db4e1b4,13,"[1, 0, 1, 1]",1,0,0,,0.75,4
1974,981d225c-8861-11f1-b319-b48c9db4e1b4,13,"[1, 0, 1, 1]",2,1,1,,0.75,4
1975,981d225c-8861-11f1-b319-b48c9db4e1b4,13,"[1, 0, 1, 1]",3,1,1,,0.75,4
1976,981d225c-8861-11f1-b319-b48c9db4e1b4,14,"[1, 1, 0, 1]",0,1,1,,0.75,4
1977,981d225c-8861-11f1-b319-b48c9db4e1b4,14,"[1, 1, 0, 1]",1,1,1,,0.75,4
1978,981d225c-8861-11f1-b319-b48c9db4e1b4,14,"[1, 1, 0, 1]",2,0,0,,0.75,4
1979,981d225c-8861-11f1-b319-b48c9db4e1b4,14,"[1, 1, 0, 1]",3,1,1,,0.75,4
1980,981d225c-8861-11f1-b319-b48c9db4e1b4,15,"[1, 0, 1, 1]",0,1,1,,0.75,4
1981,981d225c-8861-11f1-b319-b48c9db4e1b4,15,"[1, 0, 1, 1]",1,0,0,,0.75,4
1982,981d225c-8861-11f1-b319-b48c9db4e1b4,15,"[1, 0, 1, 1]",2,1,1,,0.75,4
1983,981d225c-8861-11f1-b319-b48c9db4e1b4,15,"[1, 0, 1, 1]",3,1,1,,0.75,4
1984,981d225c-8861-11f1-b319-b48c9db4e1b4,16,"[1, 1, 0, 1]",0,1,1,,0.75,4
1985,981d225c-8861-11f1-b319-b48c9db4e1b4,16,"[1, 1, 0, 1]",1,1,1,,0.75,4
1986,981d225c-8861-11f1-b319-b48c9db4e1b4,16,"[1, 1, 0, 1]",2,0,0,,0.75,4
1987,981d225c-8861-11f1-b319-b48c9db4e1b4,16,"[1, 1, 0, 1]",3,1,1,,0.75,4
1988,981d225c-8861-11f1-b319-b48c9db4e1b4,17,"[1, 0, 1, 1]",0,1,1,,0.75,4
1989,981d225c-8861-11f1-b319-b48c9db4e1b4,17,"[1, 0, 1, 1]",1,0,0,,0.75,4
1990,981d225c-8861-11f1-b319-b48c9db4e1b4,17,"[1, 0, 1, 1]",2,1,1,,0.75,4
1991,981d225c-8861-11f1-b319-b48c9db4e1b4,17,"[1, 0, 1, 1]",3,1,1,,0.75,4
1992,981d225c-8861-11f1-b319-b48c9db4e1b4,18,"[1, 1, 0, 1]",0,1,1,,0.75,4
1993,981d225c-8861-11f1-b319-b48c9db4e1b4,18,"[1, 1, 0, 1]",1,1,1,,0.75,4
1994,981d225c-8861-11f1-b319-b48c9db4e1b4,18,"[1, 1, 0, 1]",2,0,0,,0.75,4
1995,981d225c-8861-11f1-b319-b48c9db4e1b4,18,"[1, 1, 0, 1]",3,1,1,,0.75,4
1996,981d225c-8861-11f1-b319-b48c9db4e1b4,19,"[1, 1, 1, 0]",0,1,1,,0.75,4
1997,981d225c-8861-11f1-b319-b48c9db4e1b4,19,"[1, 1, 1, 0]",1,1,1,,0.75,4
1998,981d225c-8861-11f1-b319-b48c9db4e1b4,19,"[1, 1, 1, 0]",2,1,1,,0.75,4
1999,981d225c-8861-11f1-b319-b48c9db4e1b4,19,"[1, 1, 1, 0]",3,0,0,,0.75,4
2000,98257958-8861-11f1-b78e-b48c9db4e1b4,0,"[0, 1, 0, 1]",0,0,0,,0.75,4
2001,98257958-8861-11f1-b78e-b48c9db4e1b4,0,"[0, 1, 0, 1]",1,1,1,,0.75,4
2002,98257958-8861-11f1-b78e-b48c9db4e1b4,0,"[0, 1, 0, 1]",2,0,0,,0.75,4
2003,98257958-8861-11f1-b78e-b48c9db4e1b4,0,"[0, 1, 0, 1]",3,1,1,,0.75,4
2004,98257958-8861-11f1-b78e-b48c9db4e1b4,1,"[1, 0, 1, 1]",0,1,1,,0.75,4
2005,98257958-8861-11f1-b78e-b48c9db4e1b4,1,"[1, 0, 1, 1]",1,0,0,,0.75,4
2006,98257958-8861-11f1-b78e-b48c9db4e1b4,1,"[1, 0, 1, 1]",2,1,1,,0.75,4
2007,98257958-8861-11f1-b78e-b48c9db4e1b4,1,"[1, 0, 1, 1]",3,1,1,,0.75,4
2008,98257958-8861-11f1-b78e-b48c9db4e1b4,2,"[1, 1, 0, 1]",0,1,1,,0.75,4
2009,98257958-8861-11f1-b78e-b48c9db4e1b4,2,"[1, 1, 0, 1]",1,1,1,,0.75,4
2010,98257958-8861-11f1-b78e-b48c9db4e1b4,2,"[1, 1, 0, 1]",2,0,0,,0.75,4
2011,98257958-8861-11f1-b78e-b48c9db4e1b4,2,"[1, 1, 0, 1]",3,1,1,,0.75,4
2012,98257958-8861-11f1-b78e-b48c9db4e1b4,3,"[1, 0, 1, 1]",0,1,1,,0.75,4
2013,98257958-8861-11f1-b78e-b48c9db4e1b4,3,"[1, 0, 1, 1]",1,0,0,,0.75,4
2014,98257958-8861-11f1-b78e-b48c9db4e1b4,3,"[1, 0, 1, 1]",2,1,1,,0.75,4
2015,98257958-8861-11f1-b78e-b48c9db4e1b4,3,"[1, 0, 1, 1]",3,1,1,,0.75,4
2016,98257958-8861-11f1-b78e-b48c9db4e1b4,4,"[1, 1, 0, 1]",0,1,1,,0.75,4
2017,98257958-8861-11f1-b78e-b48c9db4e1b4,4,"[1, 1, 0, 1]",1,1,1,,0.75,4
2018,98257958-8861-11f1-b78e-b48c9db4e1b4,4,"[1, 1, 0, 1]",2,0,0,,0.75,4
2019,98257958-8861-11f1-b78e-b48c9db4e1b4,4,"[1, 1, 0, 1]",3,1,1,,0.75,4
2020,98257958-8861-11f1-b78e-b48c9db4e1b4,5,"[1, 1, 1, 1]",0,1,-1,,0.75,4
2021,98257958-8861-11f1-b78e-b48c9db4e1b4,5,"[1, 1, 1, 1]",1,1,-1,,0.75,4
2022,98257958-8861-11f1-b78e-b48c9db4e1b4,5,"[1, 1, 1, 1]",2,1,-1,,0.75,4
2023,98257958-8861-11f1-b78e-b48c9db4e1b4,5,"[1, 1, 1, 1]",3,1,-1,,0.75,4
2024,98257958-8861-11f1-b78e-b48c9db4e1b4,6,"[1, 1, 1, 1]",0,1,-1,,0.75,4
2025,98257958-8861-11f1-b78e-b48c9db4e1b4,6,"[1, 1, 1, 1]",1,1,-1,,0.75,4
2026,98257958-8861-11f1-b78e-b48c9db4e1b4,6,"[1, 1, 1, 1]",2,1,-1,,0.75,4
2027,98257958-8861-11f1-b78e-b48c9db4e1b4,6,"[1, 1, 1, 1]",3,1,-1,,0.75,4
2028,98257958-8861-11f1-b78e-b48c9db4e1b4,7,"[1, 1, 1, 1]",0,1,-1,,0.75,4
2029,98257958-8861-11f1-b78e-b48c9db4e1b4,7,"[1, 1, 1, 1]",1,1,-1,,0.75,4
2030,98257958-8861-11f1-b78e-b48c9db4e1b4,7,"[1, 1, 1, 1]",2,1,-1,,0.75,4
2031,98257958-8861-11f1-b78e-b48c9db4e1b4,7,"[1, 1, 1, 1]",3,1,-1,,0.75,4
2032,98257958-8861-11f1-b78e-b48c9db4e1b4,8,"[1, 0, 1, 1]",0,1,1,,0.75,4
2033,98257958-8861-11f1-b78e-b48c9db4e1b4,8,"[1, 0, 1, 1]",1,0,0,,0.75,4
2034,98257958-8861-11f1-b78e-b48c9db4e1b4,8,"[1, 0, 1, 1]",2,1,1,,0.75,4
2035,98257958-8861-11f1-b78e-b48c9db4e1b4,8,"[1, 0, 1, 1]",3,1,1,,0.75,4
2036,98257958-8861-11f1-b78e-b48c9db4e1b4,9,"[1, 1, 0, 1]",0,1,1,,0.75,4
2037,98257958-8861-11f1-b78e-b48c9db4e1b4,9,"[1, 1, 0, 1]",1,1,1,,0.75,4
2038,98257958-8861-11f1-b78e-b48c9db4e1b4,9,"[1, 1, 0, 1]",2,0,0,,0.75,4
2039,98257958-8861-11f1-b78e-b48c9db4e1b4,9,"[1, 1, 0, 1]",3,1,1,,0.75,4
2040,98257958-8861-11f1-b78e-b48c9db4e1b4,10,"[1, 0, 1, 1]",0,1,1,,0.75,4
2041,98257958-8861-11f1-b78e-b48c9db4e1b4,10,"[1, 0, 1, 1]",1,0,0,,0.75,4
2042,98257958-8861-11f1-b78e-b48c9db4e1b4,10,"[1, 0, 1, 1]",2,1,1,,0.75,4
2043,98257958-8861-11f1-b78e-b48c9db4e1b4,10,"[1, 0, 1, 1]",3,1,1,,0.75,4
2044,98257958-8861-11f1-b78e-b48c9db4e1b4,11,"[1, 1, 0, 1]",0,1,1,,0.75,4
2045,98257958-8861-11f1-b78e-b48c9db4e1b4,11,"[1, 1, 0, 1]",1,1,1,,0.75,4
2046,98257958-8861-11f1-b78e-b48c9db4e1b4,11,"[1, 1, 0, 1]",2,0,0,,0.75,4
2047,98257958-8861-11f1-b78e-b48c9db4e1b4,11,"[1, 1, 0, 1]",3,1,1,,0.75,4
2048,98257958-8861-11f1-b78e-b48c9db4e1b4,12,"[1, 0, 1, 0]",0,1,1,,0.75,4
2049,98257958-8861-11f1-b78e-b48c9db4e1b4,12,"[1, 0, 1, 0]",1,0,0,,0.75,4
2050,98257958-8861-11f1-b78e-b48c9db4e1b4,12,"[1, 0, 1, 0]",2,1,1,,0.75,4
2051,98257958-8861-11f1-b78e-b48c9db4e1b4,12,"[1, 0, 1, 0]",3,0,0,,0.75,4
2052,98257958-8861-11f1-b78e-b48c9db4e1b4,13,"[1, 1, 0, 1]",0,1,1,,0.75,4
2053,98257958-8861-11f1-b78e-b48c9db4e1b4,13,"[1, 1, 0, 1]",1,1,1,,0.75,4
2054,98257958-8861-11f1-b78e-b48c9db4e1b4,13,"[1, 1, 0, 1]",2,0,0,,0.75,4
2055,98257958-8861-11f1-b78e-b48c9db4e1b4,13,"[1, 1, 0, 1]",3,1,1,,0.75,4
2056,98257958-8861-11f1-b78e-b48c9db4e1b4,14,"[1, 0, 1, 1]",0,1,1,,0.75,4
2057,98257958-8861-11f1-b78e-b48c9db4e1b4,14,"[1, 0, 1, 1]",1,0,0,,0.75,4
2058,98257958-8861-11f1-b78e-b48c9db4e1b4,14,"[1, 0, 1, 1]",2,1,1,,0.75,4
2059,98257958-8861-11f1-b78e-b48c9db4e1b4,14,"[1, 0, 1, 1]",3,1,1,,0.75,4
2060,98257958-8861-11f1-b78e-b48c9db4e1b4,15,"[1, 1, 0, 1]",0,1,1,,0.75,4
2061,98257958-8861-11f1-b78e-b48c9db4e1b4,15,"[1, 1, 0, 1]",1,1,1,,0.75,4
2062,98257958-8861-11f1-b78e-b48c9db4e1b4,15,"[1, 1, 0, 1]",2,0,0,,0.75,4
2063,98257958-8861-11f1-b78e-b48c9db4e1b4,15,"[1, 1, 0, 1]",3,1,1,,0.75,4
2064,98257958-8861-11f1-b78e-b48c9db4e1b4,16,"[1, 0, 1, 0]",0,1,1,,0.75,4
2065,98257958-8861-11f1-b78e-b48c9db4e1b4,16,"[1, 0, 1, 0]",1,0,0,,0.75,4
2066,98257958-8861-11f1-b78e-b48c9db4e1b4,16,"[1, 0, 1, 0]",2,1,1,,0.75,4
2067,98257958-8861-11f1-b78e-b48c9db4e1b4,16,"[1, 0, 1, 0]",3,0,0,,0.75,4
2068,98257958-8861-11f1-b78e-b48c9db4e1b4,17,"[0, 1, 1, 1]",0,0,0,,0.75,4
2069,98257958-8861-11f1-b78e-b48c9db4e1b4,17,"[0, 1, 1, 1]",1,1,1,,0.75,4
2070,98257958-8861-11f1-b78e-b48c9db4e1b4,17,"[0, 1, 1, 1]",2,1,1,,0.75,4
2071,98257958-8861-11f1-b78e-b48c9db4e1b4,17,"[0, 1, 1, 1]",3,1,1,,0.75,4
2072,98257958-8861-11f1-b78e-b48c9db4e1b4,18,"[1, 0, 1, 1]",0,1,1,,0.75,4
2073,98257958-8861-11f1-b78e-b48c9db4e1b4,18,"[1, 0, 1, 1]",1,0,0,,0.75,4
2074,98257958-8861-11f1-b78e-b48c9db4e1b4,18,"[1, 0, 1, 1]",2,1,1,,0.75,4
2075,98257958-8861-11f1-b78e-b48c9db4e1b4,18,"[1, 0, 1, 1]",3,1,1,,0.75,4
2076,98257958-8861-11f1-b78e-b48c9db4e1b4,19,"[0, 1, 1, 1]",0,0,0,,0.75,4
2077,98257958-8861-11f1-b78e-b48c9db4e1b4,19,"[0, 1, 1, 1]",1,1,1,,0.75,4
2078,98257958-8861-11f1-b78e-b48c9db4e1b4,19,"[0, 1, 1, 1]",2,1,1,,0.75,4
2079,98257958-8861-11f1-b78e-b48c9db4e1b4,19,"[0, 1, 1, 1]",3,1,1,,0.75,4
2080,982d43b8-8861-11f1-8ff8-b48c9db4e1b4,0,"[1, 0, 0, 1]",0,1,1,,0.75,4
2081,982d43b8-8861-11f1-8ff8-b48c9db4e1b4,0,"[1, 0, 0, 1]",1,0,0,,0.75,4
2082,982d43b8-8861-11f1-8ff8-b48c9db4e1b4,0,"[1, 0, 0, 1]",2,0,0,,0.75,4
2083,982d43b8-8861-11f1-8ff8-b48c9db4e1b4,0,"[1, 0, 0, 1]",3,1,1,,0.75,4
2084,982d43b8-8861-11f1-8ff8-b48c9db4e1b4,1,"[0, 1, 0, 1]",0,0,0,,0.75,4
2085,982d43b8-8861-11f1-8ff8-b48c9db4e1b4,1,"[0, 1, 0, 1]",1,1,1,,0.75,4
2086,982d43b8-8861-11f1-8ff8-b48c9db4e1b4,1,"[0, 1, 0, 1]",2,0,0,,0.75,4
2087,982d43b8-8861-11f1-8ff8-b48c9db4e1b4,1,"[0, 1, 0, 1]",3,1,1,,0.75,4
2088,982d43b8-8861-11f1-8ff8-b48c9db4e1b4,2,"[1, 0, 1, 1]",0,1,1,,0.75,4
2089,982d43b8-8861-11f1-8ff8-b48c9db4e1b4,2,"[1, 0, 1, 1]",1,0,0,,0.75,4
2090,982d43b8-8861-11f1-8ff8-b48c9db4e1b4,2,"[1, 0, 1, 1]",2,1,1,,0.75,4
2091,982d43b8-8861-11f1-8ff8-b48c9db4e1b4,2,"[1, 0, 1, 1]",3,1,1,,0.75,4
2092,982d43b8-8861-11f1-8ff8-b48c9db4e1b4,3,"[1, 1, 0, 1]",0,1,1,,0.75,4
2093,982d43b8-8861-11f1-8ff8-b48c9db4e1b4,3,"[1, 1, 0, 1]",1,1,1,,0.75,4
2094,982d43b8-8861-11f1-8ff8-b48c9db4e1b4,3,"[1, 1, 0, 1]",2,0,0,,0.75,4
2095,982d43b8-8861-11f1-8ff8-b48c9db4e1b4,3,"[1, 1, 0, 1]",3,1,1,,0.75,4
2096,982d43b8-8861-11f1-8ff8-b48c9db4e1b4,4,"[1, 0, 1, 1]",0,1,1,,0.75,4
2097,982d43b8-8861-11f1-8ff8-b48c9db4e1b4,4,"[1, 0, 1, 1]",1,0,0,,0.75,4
2098,982d43b8-8861-11f1-8ff8-b48c9db4e1b4,4,"[1, 0, 1, 1]",2,1,1,,0.75,4
2099,982d43b8-8861-11f1-8ff8-b48c9db4e1b4,4,"[1, 0, 1, 1]",3,1,1,,0.75,4
2100,982d43b8-8861-11f1-8ff8-b48c9db4e1b4,5,"[1, 1, 0, 1]",0,1,1,,0.75,4
2101,982d43b8-8861-11f1-8ff8-b48c9db4e1b4,5,"[1, 1, 0, 1]",1,1,1,,0.75,4
2102,982d43b8-8861-11f1-8ff8-b48c9db4e1b4,5,"[1, 1, 0, 1]",2,0,0,,0.75,4
2103,982d43b8-8861-11f1-8ff8-b48c9db4e1b4,5,"[1, 1, 0, 1]",3,1,1,,0.75,4
2104,982d43b8-8861-11f1-8ff8-b48c9db4e1b4,6,"[1, 0, 1, 0]",0,1,1,,0.75,4
2105,982d43b8-8861-11f1-8ff8-b48c9db4e1b4,6,"[1, 0, 1, 0]",1,0,0,,0.75,4
2106,982d43b8-8861-11f1-8ff8-b48c9db4e1b4,6,"[1, 0, 1, 0]",2,1,1,,0.75,4
2107,982d43b8-8861-11f1-8ff8-b48c9db4e1b4,6,"[1, 0, 1, 0]",3,0,0,,0.75,4
2108,982d43b8-8861-11f1-8ff8-b48c9db4e1b4,7,"[0, 1, 0, 1]",0,0,0,,0.75,4
2109,982d43b8-8861-11f1-8ff8-b48c9db4e1b4,7,"[0, 1, 0, 1]",1,1,1,,0.75,4
2110,982d43b8-8861-11f1-8ff8-b48c9db4e1b4,7,"[0, 1, 0, 1]",2,0,0,,0.75,4
2111,982d43b8-8861-11f1-8ff8-b48c9db4e1b4,7,"[0, 1, 0, 1]",3,1,1,,0.75,4
2112,982d43b8-8861-11f1-8ff8-b48c9db4e1b4,8,"[1, 0, 1, 1]",0,1,1,,0.75,4
2113,982d43b8-8861-11f1-8ff8-b48c9db4e1b4,8,"[1, 0, 1, 1]",1,0,0,,0.75,4
2114,982d43b8-8861-11f1-8ff8-b48c9db4e1b4,8,"[1, 0, 1, 1]",2,1,1,,0.75,4
2115,982d43b8-8861-11f1-8ff8-b48c9db4e1b4,8,"[1, 0, 1, 1]",3,1,1,,0.75,4
2116,982d43b8-8861-11f1-8ff8-b48c9db4e1b4,9,"[1, 1, 0, 1]",0,1,1,,0.75,4
2117,982d43b8-8861-11f1-8ff8-b48c9db4e1b4,9,"[1, 1, 0, 1]",1,1,1,,0.75,4
2118,982d43b8-8861-11f1-8ff8-b48c9db4e1b4,9,"[1, 1, 0, 1]",2,0,0,,0.75,4
2119,982d43b8-8861-11f1-8ff8-b48c9db4e1b4,9,"[1, 1, 0, 1]",3,1,1,,0.75,4
2120,982d43b8-8861-11f1-8ff8-b48c9db4e1b4,10,"[1, 0, 1, 1]",0,1,1,,0.75,4
2121,982d43b8-8861-11f1-8ff8-b48c9db4e1b4,10,"[1, 0, 1, 1]",1,0,0,,0.75,4
2122,982d43b8-8861-11f1-8ff8-b48c9db4e1b4,10,"[1, 0, 1, 1]",2,1,1,,0.75,4
2123,982d43b8-8861-11f1-8ff8-b48c9db4e1b4,10,"[1, 0, 1, 1]",3,1,1,,0.75,4
2124,982d43b8-8861-11f1-8ff8-b48c9db4e1b4,11,"[1, 1, 0, 1]",0,1,1,,0.75,4
2125,982d43b8-8861-11f1-8ff8-b48c9db4e1b4,11,"[1, 1, 0, 1]",1,1,1,,0.75,4
2126,982d43b8-8861-11f1-8ff8-b48c9db4e1b4,11,"[1, 1, 0, 1]",2,0,0,,0.75,4
2127,982d43b8-8861-11f1-8ff8-b48c9db4e1b4,11,"[1, 1, 0, 1]",3,1,1,,0.75,4
2128,982d43b8-8861-11f1-8ff8-b48c9db4e1b4,12,"[1, 1, 1, 0]",0,1,1,,0.75,4
2129,982d43b8-8861-11f1-8ff8-b48c9db4e1b4,12,"[1, 1, 1, 0]",1,1,1,,0.75,4
2130,982d43b8-8861-11f1-8ff8-b48c9db4e1b4,12,"[1, 1, 1, 0]",2,1,1,,0.75,4
2131,982d43b8-8861-11f1-8ff8-b48c9db4e1b4,12,"[1, 1, 1, 0]",3,0,0,,0.75,4
2132,982d43b8-8861-11f1-8ff8-b48c9db4e1b4,13,"[0, 1, 1, 1]",0,0,0,,0.75,4
2133,982d43b8-8861-11f1-8ff8-b48c9db4e1b4,13,"[0, 1, 1, 1]",1,1,1,,0.75,4
2134,982d43b8-8861-11f1-8ff8-b48c9db4e1b4,13,"[0, 1, 1, 1]",2,1,1,,0.75,4
2135,982d43b8-8861-11f1-8ff8-b48c9db4e1b4,13,"[0, 1, 1, 1]",3,1,1,,0.75,4
2136,982d43b8-8861-11f1-8ff8-b48c9db4e1b4,14,"[1, 0, 1, 1]",0,1,1,,0.75,4
2137,982d43b8-8861-11f1-8ff8-b48c9db4e1b4,14,"[1, 0, 1, 1]",1,0,0,,0.75,4
2138,982d43b8-8861-11f1-8ff8-b48c9db4e1b4,14,"[1, 0, 1, 1]",2,1,1,,0.75,4
2139,982d43b8-8861-11f1-8ff8-b48c9db4e1b4,14,"[1, 0, 1, 1]",3,1,1,,0.75,4
2140,982d43b8-8861-11f1-8ff8-b48c9db4e1b4,15,"[1, 1, 0, 1]",0,1,1,,0.75,4
2141,982d43b8-8861-11f1-8ff8-b48c9db4e1b4,15,"[1, 1, 0, 1]",1,1,1,,0.75,4
2142,982d43b8-8861-11f1-8ff8-b48c9db4e1b4,15,"[1, 1, 0, 1]",2,0,0,,0.75,4
2143,982d43b8-8861-11f1-8ff8-b48c9db4e1b4,15,"[1, 1, 0, 1]",3,1,1,,0.75,4
2144,982d43b8-8861-11f1-8ff8-b48c9db4e1b4,16,"[1, 0, 1, 1]",0,1,1,,0.75,4
2145,982d43b8-8861-11f1-8ff8-b48c9db4e1b4,16,"[1, 0, 1, 1]",1,0,0,,0.75,4
2146,982d43b8-8861-11f1-8ff8-b48c9db4e1b4,16,"[1, 0, 1, 1]",2,1,1,,0.75,4
2147,982d43b8-8861-11f1-8ff8-b48c9db4e1b4,16,"[1, 0, 1, 1]",3,1,1,,0.75,4
2148,982d43b8-8861-11f1-8ff8-b48c9db4e1b4,17,"[1, 1, 0, 1]",0,1,1,,0.75,4
2149,982d43b8-8861-11f1-8ff8-b48c9db4e1b4,17,"[1, 1, 0, 1]",1,1,1,,0.75,4
2150,982d43b8-8861-11f1-8ff8-b48c9db4e1b4,17,"[1, 1, 0, 1]",2,0,0,,0.75,4
2151,982d43b8-8861-11f1-8ff8-b48c9db4e1b4,17,"[1, 1, 0, 1]",3,1,1,,0.75,4
2152,982d43b8-8861-11f1-8ff8-b48c9db4e1b4,18,"[1, 0, 1, 0]",0,1,1,,0.75,4
2153,982d43b8-8861-11f1-8ff8-b48c9db4e1b4,18,"[1, 0, 1, 0]",1,0,0,,0.75,4
2154,982d43b8-8861-11f1-8ff8-b48c9db4e1b4,18,"[1, 0, 1, 0]",2,1,1,,0.75,4
2155,982d43b8-8861-11f1-8ff8-b48c9db4e1b4,18,"[1, 0, 1, 0]",3,0,0,,0.75,4
2156,982d43b8-8861-11f1-8ff8-b48c9db4e1b4,19,"[0, 1, 0, 1]",0,0,0,,0.75,4
2157,982d43b8-8861-11f1-8ff8-b48c9db4e1b4,19,"[0, 1, 0, 1]",1,1,1,,0.75,4
2158,982d43b8-8861-11f1-8ff8-b48c9db4e1b4,19,"[0, 1, 0, 1]",2,0,0,,0.75,4
2159,982d43b8-8861-11f1-8ff8-b48c9db4e1b4,19,"[0, 1, 0, 1]",3,1,1,,0.75,4
2160,983516a1-8861-11f1-9294-b48c9db4e1b4,0,"[0, 0, 0, 1]",0,0,0,,0.75,4
2161,983516a1-8861-11f1-9294-b48c9db4e1b4,0,"[0, 0, 0, 1]",1,0,0,,0.75,4
2162,983516a1-8861-11f1-9294-b48c9db4e1b4,0,"[0, 0, 0, 1]",2,0,0,,0.75,4
2163,983516a1-8861-11f1-9294-b48c9db4e1b4,0,"[0, 0, 0, 1]",3,1,1,,0.75,4
2164,983516a1-8861-11f1-9294-b48c9db4e1b4,1,"[1, 1, 0, 1]",0,1,1,,0.75,4
2165,983516a1-8861-11f1-9294-b48c9db4e1b4,1,"[1, 1, 0, 1]",1,1,1,,0.75,4
2166,983516a1-8861-11f1-9294-b48c9db4e1b4,1,"[1, 1, 0, 1]",2,0,0,,0.75,4
2167,983516a1-8861-11f1-9294-b48c9db4e1b4,1,"[1, 1, 0, 1]",3,1,1,,0.75,4
2168,983516a1-8861-11f1-9294-b48c9db4e1b4,2,"[1, 1, 1, 1]",0,1,-1,,0.75,4
2169,983516a1-8861-11f1-9294-b48c9db4e1b4,2,"[1, 1, 1, 1]",1,1,-1,,0.75,4
2170,983516a1-8861-11f1-9294-b48c9db4e1b4,2,"[1, 1, 1, 1]",2,1,-1,,0.75,4
2171,983516a1-8861-11f1-9294-b48c9db4e1b4,2,"[1, 1, 1, 1]",3,1,-1,,0.75,4
2172,983516a1-8861-11f1-9294-b48c9db4e1b4,3,"[1, 1, 1, 1]",0,1,-1,,0.75,4
2173,983516a1-8861-11f1-9294-b48c9db4e1b4,3,"[1, 1, 1, 1]",1,1,-1,,0.75,4
2174,983516a1-8861-11f1-9294-b48c9db4e1b4,3,"[1, 1, 1, 1]",2,1,-1,,0.75,4
2175,983516a1-8861-11f1-9294-b48c9db4e1b4,3,"[1, 1, 1, 1]",3,1,-1,,0.75,4
2176,983516a1-8861-11f1-9294-b48c9db4e1b4,4,"[1, 0, 1, 1]",0,1,1,,0.75,4
2177,983516a1-8861-11f1-9294-b48c9db4e1b4,4,"[1, 0, 1, 1]",1,0,0,,0.75,4
2178,983516a1-8861-11f1-9294-b48c9db4e1b4,4,"[1, 0, 1, 1]",2,1,1,,0.75,4
2179,983516a1-8861-11f1-9294-b48c9db4e1b4,4,"[1, 0, 1, 1]",3,1,1,,0.75,4
2180,983516a1-8861-11f1-9294-b48c9db4e1b4,5,"[1, 1, 1, 1]",0,1,-1,,0.75,4
2181,983516a1-8861-11f1-9294-b48c9db4e1b4,5,"[1, 1, 1, 1]",1,1,-1,,0.75,4
2182,983516a1-8861-11f1-9294-b48c9db4e1b4,5,"[1, 1, 1, 1]",2,1,-1,,0.75,4
2183,983516a1-8861-11f1-9294-b48c9db4e1b4,5,"[1, 1, 1, 1]",3,1,-1,,0.75,4
2184,983516a1-8861-11f1-9294-b48c9db4e1b4,6,"[1, 0, 1, 1]",0,1,1,,0.75,4
2185,983516a1-8861-11f1-9294-b48c9db4e1b4,6,"[1, 0, 1, 1]",1,0,0,,0.75,4
2186,983516a1-8861-11f1-9294-b48c9db4e1b4,6,"[1, 0, 1, 1]",2,1,1,,0.75,4
2187,983516a1-8861-11f1-9294-b48c9db4e1b4,6,"[1, 0, 1, 1]",3,1,1,,0.75,4
2188,983516a1-8861-11f1-9294-b48c9db4e1b4,7,"[1, 1, 1, 1]",0,1,-1,,0.75,4
2189,983516a1-8861-11f1-9294-b48c9db4e1b4,7,"[1, 1, 1, 1]",1,1,-1,,0.75,4
2190,983516a1-8861-11f1-9294-b48c9db4e1b4,7,"[1, 1, 1, 1]",2,1,-1,,0.75,4
2191,983516a1-8861-11f1-9294-b48c9db4e1b4,7,"[1, 1, 1, 1]",3,1,-1,,0.75,4
2192,983516a1-8861-11f1-9294-b48c9db4e1b4,8,"[1, 0, 1, 1]",0,1,1,,0.75,4
2193,983516a1-8861-11f1-9294-b48c9db4e1b4,8,"[1, 0, 1, 1]",1,0,0,,0.75,4
2194,983516a1-8861-11f1-9294-b48c9db4e1b4,8,"[1, 0, 1, 1]",2,1,1,,0.75,4
2195,983516a1-8861-11f1-9294-b48c9db4e1b4,8,"[1, 0, 1, 1]",3,1,1,,0.75,4
2196,983516a1-8861-11f1-9294-b48c9db4e1b4,9,"[1, 1, 0, 1]",0,1,1,,0.75,4
2197,983516a1-8861-11f1-9294-b48c9db4e1b4,9,"[1, 1, 0, 1]",1,1,1,,0.75,4
2198,983516a1-8861-11f1-9294-b48c9db4e1b4,9,"[1, 1, 0, 1]",2,0,0,,0.75,4
2199,983516a1-8861-11f1-9294-b48c9db4e1b4,9,"[1, 1, 0, 1]",3,1,1,,0.75,4
2200,983516a1-8861-11f1-9294-b48c9db4e1b4,10,"[1, 0, 1, 1]",0,1,1,,0.75,4
2201,983516a1-8861-11f1-9294-b48c9db4e1b4,10,"[1, 0, 1, 1]",1,0,0,,0.75,4
2202,983516a1-8861-11f1-9294-b48c9db4e1b4,10,"[1, 0, 1, 1]",2,1,1,,0.75,4
2203,983516a1-8861-11f1-9294-b48c9db4e1b4,10,"[1, 0, 1, 1]",3,1,1,,0.75,4
2204,983516a1-8861-11f1-9294-b48c9db4e1b4,11,"[1, 1, 0, 1]",0,1,1,,0.75,4
2205,983516a1-8861-11f1-9294-b48c9db4e1b4,11,"[1, 1, 0, 1]",1,1,1,,0.75,4
2206,983516a1-8861-11f1-9294-b48c9db4e1b4,11,"[1, 1, 0, 1]",2,0,0,,0.75,4
2207,983516a1-8861-11f1-9294-b48c9db4e1b4,11,"[1, 1, 0, 1]",3,1,1,,0.75,4
2208,983516a1-8861-11f1-9294-b48c9db4e1b4,12,"[1, 1, 1, 0]",0,1,1,,0.75,4
2209,983516a1-8861-11f1-9294-b48c9db4e1b4,12,"[1, 1, 1, 0]",1,1,1,,0.75,4
2210,983516a1-8861-11f1-9294-b48c9db4e1b4,12,"[1, 1, 1, 0]",2,1,1,,0.75,4
2211,983516a1-8861-11f1-9294-b48c9db4e1b4,12,"[1, 1, 1, 0]",3,0,0,,0.75,4
2212,983516a1-8861-11f1-9294-b48c9db4e1b4,13,"[0, 1, 1, 1]",0,0,0,,0.75,4
2213,983516a1-8861-11f1-9294-b48c9db4e1b4,13,"[0, 1, 1, 1]",1,1,1,,0.75,4
2214,983516a1-8861-11f1-9294-b48c9db4e1b4,13,"[0, 1, 1, 1]",2,1,1,,0.75,4
2215,983516a1-8861-11f1-9294-b48c9db4e1b4,13,"[0, 1, 1, 1]",3,1,1,,0.75,4
2216,983516a1-8861-11f1-9294-b48c9db4e1b4,14,"[1, 0, 1, 1]",0,1,1,,0.75,4
2217,983516a1-8861-11f1-9294-b48c9db4e1b4,14,"[1, 0, 1, 1]",1,0,0,,0.75,4
2218,983516a1-8861-11f1-9294-b48c9db4e1b4,14,"[1, 0, 1, 1]",2,1,1,,0.75,4
2219,983516a1-8861-11f1-9294-b48c9db4e1b4,14,"[1, 0, 1, 1]",3,1,1,,0.75,4
2220,983516a1-8861-11f1-9294-b48c9db4e1b4,15,"[1, 1, 0, 1]",0,1,1,,0.75,4
2221,983516a1-8861-11f1-9294-b48c9db4e1b4,15,"[1, 1, 0, 1]",1,1,1,,0.75,4
2222,983516a1-8861-11f1-9294-b48c9db4e1b4,15,"[1, 1, 0, 1]",2,0,0,,0.75,4
2223,983516a1-8861-11f1-9294-b48c9db4e1b4,15,"[1, 1, 0, 1]",3,1,1,,0.75,4
2224,983516a1-8861-11f1-9294-b48c9db4e1b4,16,"[1, 0, 1, 1]",0,1,1,,0.75,4
2225,983516a1-8861-11f1-9294-b48c9db4e1b4,16,"[1, 0, 1, 1]",1,0,0,,0.75,4
2226,983516a1-8861-11f1-9294-b48c9db4e1b4,16,"[1, 0, 1, 1]",2,1,1,,0.75,4
2227,983516a1-8861-11f1-9294-b48c9db4e1b4,16,"[1, 0, 1, 1]",3,1,1,,0.75,4
2228,983516a1-8861-11f1-9294-b48c9db4e1b4,17,"[1, 1, 0, 1]",0,1,1,,0.75,4
2229,983516a1-8861-11f1-9294-b48c9db4e1b4,17,"[1, 1, 0, 1]",1,1,1,,0.75,4
2230,983516a1-8861-11f1-9294-b48c9db4e1b4,17,"[1, 1, 0, 1]",2,0,0,,0.75,4
2231,983516a1-8861-11f1-9294-b48c9db4e1b4,17,"[1, 1, 0, 1]",3,1,1,,0.75,4
2232,983516a1-8861-11f1-9294-b48c9db4e1b4,18,"[1, 0, 1, 0]",0,1,1,,0.75,4
2233,983516a1-8861-11f1-9294-b48c9db4e1b4,18,"[1, 0, 1, 0]",1,0,0,,0.75,4
2234,983516a1-8861-11f1-9294-b48c9db4e1b4,18,"[1, 0, 1, 0]",2,1,1,,0.75,4
2235,983516a1-8861-11f1-9294-b48c9db4e1b4,18,"[1, 0, 1, 0]",3,0,0,,0.75,4
2236,983516a1-8861-11f1-9294-b48c9db4e1b4,19,"[1, 1, 1, 1]",0,1,-1,,0.75,4
2237,983516a1-8861-11f1-9294-b48c9db4e1b4,19,"[1, 1, 1, 1]",1,1,-1,,0.75,4
2238,983516a1-8861-11f1-9294-b48c9db4e1b4,19,"[1, 1, 1, 1]",2,1,-1,,0.75,4
2239,983516a1-8861-11f1-9294-b48c9db4e1b4,19,"[1, 1, 1, 1]",3,1,-1,,0.75,4
2240,983cbcbe-8861-11f1-a1c0-b48c9db4e1b4,0,"[0, 1, 1, 1]",0,0,0,,0.75,4
2241,983cbcbe-8861-11f1-a1c0-b48c9db4e1b4,0,"[0, 1, 1, 1]",1,1,1,,0.75,4
2242,983cbcbe-8861-11f1-a1c0-b48c9db4e1b4,0,"[0, 1, 1, 1]",2,1,1,,0.75,4
2243,983cbcbe-8861-11f1-a1c0-b48c9db4e1b4,0,"[0, 1, 1, 1]",3,1,1,,0.75,4
2244,983cbcbe-8861-11f1-a1c0-b48c9db4e1b4,1,"[1, 0, 1, 1]",0,1,1,,0.75,4
2245,983cbcbe-8861-11f1-a1c0-b48c9db4e1b4,1,"[1, 0, 1, 1]",1,0,0,,0.75,4
2246,983cbcbe-8861-11f1-a1c0-b48c9db4e1b4,1,"[1, 0, 1, 1]",2,1,1,,0.75,4
2247,983cbcbe-8861-11f1-a1c0-b48c9db4e1b4,1,"[1, 0, 1, 1]",3,1,1,,0.75,4
2248,983cbcbe-8861-11f1-a1c0-b48c9db4e1b4,2,"[1, 1, 0, 1]",0,1,1,,0.75,4
2249,983cbcbe-8861-11f1-a1c0-b48c9db4e1b4,2,"[1, 1, 0, 1]",1,1,1,,0.75,4
2250,983cbcbe-8861-11f1-a1c0-b48c9db4e1b4,2,"[1, 1, 0, 1]",2,0,0,,0.75,4
2251,983cbcbe-8861-11f1-a1c0-b48c9db4e1b4,2,"[1, 1, 0, 1]",3,1,1,,0.75,4
2252,983cbcbe-8861-11f1-a1c0-b48c9db4e1b4,3,"[1, 1, 1, 1]",0,1,-1,,0.75,4
2253,983cbcbe-8861-11f1-a1c0-b48c9db4e1b4,3,"[1, 1, 1, 1]",1,1,-1,,0.75,4
2254,983cbcbe-8861-11f1-a1c0-b48c9db4e1b4,3,"[1, 1, 1, 1]",2,1,-1,,0.75,4
2255,983cbcbe-8861-11f1-a1c0-b48c9db4e1b4,3,"[1, 1, 1, 1]",3,1,-1,,0.75,4
2256,983cbcbe-8861-11f1-a1c0-b48c9db4e1b4,4,"[1, 1, 1, 1]",0,1,-1,,0.75,4
2257,983cbcbe-8861-11f1-a1c0-b48c9db4e1b4,4,"[1, 1, 1, 1]",1,1,-1,,0.75,4
2258,983cbcbe-8861-11f1-a1c0-b48c9db4e1b4,4,"[1, 1, 1, 1]",2,1,-1,,0.75,4
2259,983cbcbe-8861-11f1-a1c0-b48c9db4e1b4,4,"[1, 1, 1, 1]",3,1,-1,,0.75,4
2260,983cbcbe-8861-11f1-a1c0-b48c9db4e1b4,5,"[1, 0, 1, 1]",0,1,1,,0.75,4
2261,983cbcbe-8861-11f1-a1c0-b48c9db4e1b4,5,"[1, 0, 1, 1]",1,0,0,,0.75,4
2262,983cbcbe-8861-11f1-a1c0-b48c9db4e1b4,5,"[1, 0, 1, 1]",2,1,1,,0.75,4
2263,983cbcbe-8861-11f1-a1c0-b48c9db4e1b4,5,"[1, 0, 1, 1]",3,1,1,,0.75,4
2264,983cbcbe-8861-11f1-a1c0-b48c9db4e1b4,6,"[1, 1, 0, 1]",0,1,1,,0.75,4
2265,983cbcbe-8861-11f1-a1c0-b48c9db4e1b4,6,"[1, 1, 0, 1]",1,1,1,,0.75,4
2266,983cbcbe-8861-11f1-a1c0-b48c9db4e1b4,6,"[1, 1, 0, 1]",2,0,0,,0.75,4
2267,983cbcbe-8861-11f1-a1c0-b48c9db4e1b4,6,"[1, 1, 0, 1]",3,1,1,,0.75,4
2268,983cbcbe-8861-11f1-a1c0-b48c9db4e1b4,7,"[1, 0, 1, 1]",0,1,1,,0.75,4
2269,983cbcbe-8861-11f1-a1c0-b48c9db4e1b4,7,"[1, 0, 1, 1]",1,0,0,,0.75,4
2270,983cbcbe-8861-11f1-a1c0-b48c9db4e1b4,7,"[1, 0, 1, 1]",2,1,1,,0.75,4
2271,983cbcbe-8861-11f1-a1c0-b48c9db4e1b4,7,"[1, 0, 1, 1]",3,1,1,,0.75,4
2272,983cbcbe-8861-11f1-a1c0-b48c9db4e1b4,8,"[1, 1, 0, 1]",0,1,1,,0.75,4
2273,983cbcbe-8861-11f1-a1c0-b48c9db4e1b4,8,"[1, 1, 0, 1]",1,1,1,,0.75,4
2274,983cbcbe-8861-11f1-a1c0-b48c9db4e1b4,8,"[1, 1, 0, 1]",2,0,0,,0.75,4
2275,983cbcbe-8861-11f1-a1c0-b48c9db4e1b4,8,"[1, 1, 0, 1]",3,1,1,,0.75,4
2276,983cbcbe-8861-11f1-a1c0-b48c9db4e1b4,9,"[1, 1, 1, 1]",0,1,-1,,0.75,4
2277,983cbcbe-8861-11f1-a1c0-b48c9db4e1b4,9,"[1, 1, 1, 1]",1,1,-1,,0.75,4
2278,983cbcbe-8861-11f1-a1c0-b48c9db4e1b4,9,"[1, 1, 1, 1]",2,1,-1,,0.75,4
2279,983cbcbe-8861-11f1-a1c0-b48c9db4e1b4,9,"[1, 1, 1, 1]",3,1,-1,,0.75,4
2280,983cbcbe-8861-11f1-a1c0-b48c9db4e1b4,10,"[0, 1, 0, 1]",0,0,0,,0.75,4
2281,983cbcbe-8861-11f1-a1c0-b48c9db4e1b4,10,"[0, 1, 0, 1]",1,1,1,,0.75,4
2282,983cbcbe-8861-11f1-a1c0-b48c9db4e1b4,10,"[0, 1, 0, 1]",2,0,0,,0.75,4
2283,983cbcbe-8861-11f1-a1c0-b48c9db4e1b4,10,"[0, 1, 0, 1]",3,1,1,,0.75,4
2284,983cbcbe-8861-11f1-a1c0-b48c9db4e1b4,11,"[1, 0, 1, 1]",0,1,1,,0.75,4
2285,983cbcbe-8861-11f1-a1c0-b48c9db4e1b4,11,"[1, 0, 1, 1]",1,0,0,,0.75,4
2286,983cbcbe-8861-11f1-a1c0-b48c9db4e1b4,11,"[1, 0, 1, 1]",2,1,1,,0.75,4
2287,983cbcbe-8861-11f1-a1c0-b48c9db4e1b4,11,"[1, 0, 1, 1]",3,1,1,,0.75,4
2288,983cbcbe-8861-11f1-a1c0-b48c9db4e1b4,12,"[1, 1, 0, 1]",0,1,1,,0.75,4
2289,983cbcbe-8861-11f1-a1c0-b48c9db4e1b4,12,"[1, 1, 0, 1]",1,1,1,,0.75,4
2290,983cbcbe-8861-11f1-a1c0-b48c9db4e1b4,12,"[1, 1, 0, 1]",2,0,0,,0.75,4
2291,983cbcbe-8861-11f1-a1c0-b48c9db4e1b4,12,"[1, 1, 0, 1]",3,1,1,,0.75,4
2292,983cbcbe-8861-11f1-a1c0-b48c9db4e1b4,13,"[1, 1, 1, 0]",0,1,1,,0.75,4
2293,983cbcbe-8861-11f1-a1c0-b48c9db4e1b4,13,"[1, 1, 1, 0]",1,1,1,,0.75,4
2294,983cbcbe-8861-11f1-a1c0-b48c9db4e1b4,13,"[1, 1, 1, 0]",2,1,1,,0.75,4
2295,983cbcbe-8861-11f1-a1c0-b48c9db4e1b4,13,"[1, 1, 1, 0]",3,0,0,,0.75,4
2296,983cbcbe-8861-11f1-a1c0-b48c9db4e1b4,14,"[0, 1, 1, 1]",0,0,0,,0.75,4
2297,983cbcbe-8861-11f1-a1c0-b48c9db4e1b4,14,"[0, 1, 1, 1]",1,1,1,,0.75,4
2298,983cbcbe-8861-11f1-a1c0-b48c9db4e1b4,14,"[0, 1, 1, 1]",2,1,1,,0.75,4
2299,983cbcbe-8861-11f1-a1c0-b48c9db4e1b4,14,"[0, 1, 1, 1]",3,1,1,,0.75,4
2300,983cbcbe-8861-11f1-a1c0-b48c9db4e1b4,15,"[1, 0, 1, 1]",0,1,1,,0.75,4
2301,983cbcbe-8861-11f1-a1c0-b48c9db4e1b4,15,"[1, 0, 1, 1]",1,0,0,,0.75,4
2302,983cbcbe-8861-11f1-a1c0-b48c9db4e1b4,15,"[1, 0, 1, 1]",2,1,1,,0.75,4
2303,983cbcbe-8861-11f1-a1c0-b48c9db4e1b4,15,"[1, 0, 1, 1]",3,1,1,,0.75,4
2304,983cbcbe-8861-11f1-a1c0-b48c9db4e1b4,16,"[0, 1, 0, 1]",0,0,0,,0.75,4
2305,983cbcbe-8861-11f1-a1c0-b48c9db4e1b4,16,"[0, 1, 0, 1]",1,1,1,,0.75,4
2306,983cbcbe-8861-11f1-a1c0-b48c9db4e1b4,16,"[0, 1, 0, 1]",2,0,0,,0.75,4
2307,983cbcbe-8861-11f1-a1c0-b48c9db4e1b4,16,"[0, 1, 0, 1]",3,1,1,,0.75,4
2308,983cbcbe-8861-11f1-a1c0-b48c9db4e1b4,17,"[1, 0, 1, 1]",0,1,1,,0.75,4
2309,983cbcbe-8861-11f1-a1c0-b48c9db4e1b4,17,"[1, 0, 1, 1]",1,0,0,,0.75,4
2310,983cbcbe-8861-11f1-a1c0-b48c9db4e1b4,17,"[1, 0, 1, 1]",2,1,1,,0.75,4
2311,983cbcbe-8861-11f1-a1c0-b48c9db4e1b4,17,"[1, 0, 1, 1]",3,1,1,,0.75,4
2312,983cbcbe-8861-11f1-a1c0-b48c9db4e1b4,18,"[1, 1, 0, 1]",0,1,1,,0.75,4
2313,983cbcbe-8861-11f1-a1c0-b48c9db4e1b4,18,"[1, 1, 0, 1]",1,1,1,,0.75,4
2314,983cbcbe-8861-11f1-a1c0-b48c9db4e1b4,18,"[1, 1, 0, 1]",2,0,0,,0.75,4
2315,983cbcbe-8861-11f1-a1c0-b48c9db4e1b4,18,"[1, 1, 0, 1]",3,1,1,,0.75,4
2316,983cbcbe-8861-11f1-a1c0-b48c9db4e1b4,19,"[1, 0, 1, 1]",0,1,1,,0.75,4
2317,983cbcbe-8861-11f1-a1c0-b48c9db4e1b4,19,"[1, 0, 1, 1]",1,0,0,,0.75,4
2318,983cbcbe-8861-11f1-a1c0-b48c9db4e1b4,19,"[1, 0, 1, 1]",2,1,1,,0.75,4
2319,983cbcbe-8861-11f1-a1c0-b48c9db4e1b4,19,"[1, 0, 1, 1]",3,1,1,,0.75,4
2320,984478de-8861-11f1-acf7-b48c9db4e1b4,0,"[1, 1, 1, 0]",0,1,1,,0.75,4
2321,984478de-8861-11f1-acf7-b48c9db4e1b4,0,"[1, 1, 1, 0]",1,1,1,,0.75,4
2322,984478de-8861-11f1-acf7-b48c9db4e1b4,0,"[1, 1, 1, 0]",2,1,1,,0.75,4
2323,984478de-8861-11f1-acf7-b48c9db4e1b4,0,"[1, 1, 1, 0]",3,0,0,,0.75,4
2324,984478de-8861-11f1-acf7-b48c9db4e1b4,1,"[1, 0, 1, 1]",0,1,1,,0.75,4
2325,984478de-8861-11f1-acf7-b48c9db4e1b4,1,"[1, 0, 1, 1]",1,0,0,,0.75,4
2326,984478de-8861-11f1-acf7-b48c9db4e1b4,1,"[1, 0, 1, 1]",2,1,1,,0.75,4
2327,984478de-8861-11f1-acf7-b48c9db4e1b4,1,"[1, 0, 1, 1]",3,1,1,,0.75,4
2328,984478de-8861-11f1-acf7-b48c9db4e1b4,2,"[1, 1, 1, 1]",0,1,-1,,0.75,4
2329,984478de-8861-11f1-acf7-b48c9db4e1b4,2,"[1, 1, 1, 1]",1,1,-1,,0.75,4
2330,984478de-8861-11f1-acf7-b48c9db4e1b4,2,"[1, 1, 1, 1]",2,1,-1,,0.75,4
2331,984478de-8861-11f1-acf7-b48c9db4e1b4,2,"[1, 1, 1, 1]",3,1,-1,,0.75,4
2332,984478de-8861-11f1-acf7-b48c9db4e1b4,3,"[1, 0, 1, 1]",0,1,1,,0.75,4
2333,984478de-8861-11f1-acf7-b48c9db4e1b4,3,"[1, 0, 1, 1]",1,0,0,,0.75,4
2334,984478de-8861-11f1-acf7-b48c9db4e1b4,3,"[1, 0, 1, 1]",2,1,1,,0.75,4
2335,984478de-8861-11f1-acf7-b48c9db4e1b4,3,"[1, 0, 1, 1]",3,1,1,,0.75,4
2336,984478de-8861-11f1-acf7-b48c9db4e1b4,4,"[1, 1, 1, 1]",0,1,-1,,0.75,4
2337,984478de-8861-11f1-acf7-b48c9db4e1b4,4,"[1, 1, 1, 1]",1,1,-1,,0.75,4
2338,984478de-8861-11f1-acf7-b48c9db4e1b4,4,"[1, 1, 1, 1]",2,1,-1,,0.75,4
2339,984478de-8861-11f1-acf7-b48c9db4e1b4,4,"[1, 1, 1, 1]",3,1,-1,,0.75,4
2340,984478de-8861-11f1-acf7-b48c9db4e1b4,5,"[1, 0, 1, 1]",0,1,1,,0.75,4
2341,984478de-8861-11f1-acf7-b48c9db4e1b4,5,"[1, 0, 1, 1]",1,0,0,,0.75,4
2342,984478de-8861-11f1-acf7-b48c9db4e1b4,5,"[1, 0, 1, 1]",2,1,1,,0.75,4
2343,984478de-8861-11f1-acf7-b48c9db4e1b4,5,"[1, 0, 1, 1]",3,1,1,,0.75,4
2344,984478de-8861-11f1-acf7-b48c9db4e1b4,6,"[1, 1, 0, 1]",0,1,1,,0.75,4
2345,984478de-8861-11f1-acf7-b48c9db4e1b4,6,"[1, 1, 0, 1]",1,1,1,,0.75,4
2346,984478de-8861-11f1-acf7-b48c9db4e1b4,6,"[1, 1, 0, 1]",2,0,0,,0.75,4
2347,984478de-8861-11f1-acf7-b48c9db4e1b4,6,"[1, 1, 0, 1]",3,1,1,,0.75,4
2348,984478de-8861-11f1-acf7-b48c9db4e1b4,7,"[1, 1, 1, 1]",0,1,-1,,0.75,4
2349,984478de-8861-11f1-acf7-b48c9db4e1b4,7,"[1, 1, 1, 1]",1,1,-1,,0.75,4
2350,984478de-8861-11f1-acf7-b48c9db4e1b4,7,"[1, 1, 1, 1]",2,1,-1,,0.75,4
2351,984478de-8861-11f1-acf7-b48c9db4e1b4,7,"[1, 1, 1, 1]",3,1,-1,,0.75,4
2352,984478de-8861-11f1-acf7-b48c9db4e1b4,8,"[0, 1, 0, 1]",0,0,0,,0.75,4
2353,984478de-8861-11f1-acf7-b48c9db4e1b4,8,"[0, 1, 0, 1]",1,1,1,,0.75,4
2354,984478de-8861-11f1-acf7-b48c9db4e1b4,8,"[0, 1, 0, 1]",2,0,0,,0.75,4
2355,984478de-8861-11f1-acf7-b48c9db4e1b4,8,"[0, 1, 0, 1]",3,1,1,,0.75,4
2356,984478de-8861-11f1-acf7-b48c9db4e1b4,9,"[1, 0, 1, 1]",0,1,1,,0.75,4
2357,984478de-8861-11f1-acf7-b48c9db4e1b4,9,"[1, 0, 1, 1]",1,0,0,,0.75,4
2358,984478de-8861-11f1-acf7-b48c9db4e1b4,9,"[1, 0, 1, 1]",2,1,1,,0.75,4
2359,984478de-8861-11f1-acf7-b48c9db4e1b4,9,"[1, 0, 1, 1]",3,1,1,,0.75,4
2360,984478de-8861-11f1-acf7-b48c9db4e1b4,10,"[1, 1, 1, 1]",0,1,-1,,0.75,4
2361,984478de-8861-11f1-acf7-b48c9db4e1b4,10,"[1, 1, 1, 1]",1,1,-1,,0.75,4
2362,984478de-8861-11f1-acf7-b48c9db4e1b4,10,"[1, 1, 1, 1]",2,1,-1,,0.75,4
2363,984478de-8861-11f1-acf7-b48c9db4e1b4,10,"[1, 1, 1, 1]",3,1,-1,,0.75,4
2364,984478de-8861-11f1-acf7-b48c9db4e1b4,11,"[1, 0, 1, 1]",0,1,1,,0.75,4
2365,984478de-8861-11f1-acf7-b48c9db4e1b4,11,"[1, 0, 1, 1]",1,0,0,,0.75,4
2366,984478de-8861-11f1-acf7-b48c9db4e1b4,11,"[1, 0, 1, 1]",2,1,1,,0.75,4
2367,984478de-8861-11f1-acf7-b48c9db4e1b4,11,"[1, 0, 1, 1]",3,1,1,,0.75,4
2368,984478de-8861-11f1-acf7-b48c9db4e1b4,12,"[1, 1, 1, 1]",0,1,-1,,0.75,4
2369,984478de-8861-11f1-acf7-b48c9db4e1b4,12,"[1, 1, 1, 1]",1,1,-1,,0.75,4
2370,984478de-8861-11f1-acf7-b48c9db4e1b4,12,"[1, 1, 1, 1]",2,1,-1,,0.75,4
2371,984478de-8861-11f1-acf7-b48c9db4e1b4,12,"[1, 1, 1, 1]",3,1,-1,,0.75,4
2372,984478de-8861-11f1-acf7-b48c9db4e1b4,13,"[1, 0, 1, 1]",0,1,1,,0.75,4
2373,984478de-8861-11f1-acf7-b48c9db4e1b4,13,"[1, 0, 1, 1]",1,0,0,,0.75,4
2374,984478de-8861-11f1-acf7-b48c9db4e1b4,13,"[1, 0, 1, 1]",2,1,1,,0.75,4
2375,984478de-8861-11f1-acf7-b48c9db4e1b4,13,"[1, 0, 1, 1]",3,1,1,,0.75,4
2376,984478de-8861-11f1-acf7-b48c9db4e1b4,14,"[1, 1, 1, 1]",0,1,-1,,0.75,4
2377,984478de-8861-11f1-acf7-b48c9db4e1b4,14,"[1, 1, 1, 1]",1,1,-1,,0.75,4
2378,984478de-8861-11f1-acf7-b48c9db4e1b4,14,"[1, 1, 1, 1]",2,1,-1,,0.75,4
2379,984478de-8861-11f1-acf7-b48c9db4e1b4,14,"[1, 1, 1, 1]",3,1,-1,,0.75,4
2380,984478de-8861-11f1-acf7-b48c9db4e1b4,15,"[1, 0, 1, 0]",0,1,1,,0.75,4
2381,984478de-8861-11f1-acf7-b48c9db4e1b4,15,"[1, 0, 1, 0]",1,0,0,,0.75,4
2382,984478de-8861-11f1-acf7-b48c9db4e1b4,15,"[1, 0, 1, 0]",2,1,1,,0.75,4
2383,984478de-8861-11f1-acf7-b48c9db4e1b4,15,"[1, 0, 1, 0]",3,0,0,,0.75,4
2384,984478de-8861-11f1-acf7-b48c9db4e1b4,16,"[0, 1, 1, 1]",0,0,0,,0.75,4
2385,984478de-8861-11f1-acf7-b48c9db4e1b4,16,"[0, 1, 1, 1]",1,1,1,,0.75,4
2386,984478de-8861-11f1-acf7-b48c9db4e1b4,16,"[0, 1, 1, 1]",2,1,1,,0.75,4
2387,984478de-8861-11f1-acf7-b48c9db4e1b4,16,"[0, 1, 1, 1]",3,1,1,,0.75,4
2388,984478de-8861-11f1-acf7-b48c9db4e1b4,17,"[1, 0, 1, 1]",0,1,1,,0.75,4
2389,984478de-8861-11f1-acf7-b48c9db4e1b4,17,"[1, 0, 1, 1]",1,0,0,,0.75,4
2390,984478de-8861-11f1-acf7-b48c9db4e1b4,17,"[1, 0, 1, 1]",2,1,1,,0.75,4
2391,984478de-8861-11f1-acf7-b48c9db4e1b4,17,"[1, 0, 1, 1]",3,1,1,,0.75,4
2392,984478de-8861-11f1-acf7-b48c9db4e1b4,18,"[0, 1, 0, 1]",0,0,0,,0.75,4
2393,984478de-8861-11f1-acf7-b48c9db4e1b4,18,"[0, 1, 0, 1]",1,1,1,,0.75,4
2394,984478de-8861-11f1-acf7-b48c9db4e1b4,18,"[0, 1, 0, 1]",2,0,0,,0.75,4
2395,984478de-8861-11f1-acf7-b48c9db4e1b4,18,"[0, 1, 0, 1]",3,1,1,,0.75,4
2396,984478de-8861-11f1-acf7-b48c9db4e1b4,19,"[1, 0, 1, 1]",0,1,1,,0.75,4
2397,984478de-8861-11f1-acf7-b48c9db4e1b4,19,"[1, 0, 1, 1]",1,0,0,,0.75,4
2398,984478de-8861-11f1-acf7-b48c9db4e1b4,19,"[1, 0, 1, 1]",2,1,1,,0.75,4
2399,984478de-8861-11f1-acf7-b48c9db4e1b4,19,"[1, 0, 1, 1]",3,1,1,,0.75,4
2400,984c47bd-8861-11f1-8183-b48c9db4e1b4,0,"[1, 1, 1, 1]",0,1,-1,,0.75,4
2401,984c47bd-8861-11f1-8183-b48c9db4e1b4,0,"[1, 1, 1, 1]",1,1,-1,,0.75,4
2402,984c47bd-8861-11f1-8183-b48c9db4e1b4,0,"[1, 1, 1, 1]",2,1,-1,,0.75,4
2403,984c47bd-8861-11f1-8183-b48c9db4e1b4,0,"[1, 1, 1, 1]",3,1,-1,,0.75,4
2404,984c47bd-8861-11f1-8183-b48c9db4e1b4,1,"[1, 0, 1, 1]",0,1,1,,0.75,4
2405,984c47bd-8861-11f1-8183-b48c9db4e1b4,1,"[1, 0, 1, 1]",1,0,0,,0.75,4
2406,984c47bd-8861-11f1-8183-b48c9db4e1b4,1,"[1, 0, 1, 1]",2,1,1,,0.75,4
2407,984c47bd-8861-11f1-8183-b48c9db4e1b4,1,"[1, 0, 1, 1]",3,1,1,,0.75,4
2408,984c47bd-8861-11f1-8183-b48c9db4e1b4,2,"[1, 1, 0, 1]",0,1,1,,0.75,4
2409,984c47bd-8861-11f1-8183-b48c9db4e1b4,2,"[1, 1, 0, 1]",1,1,1,,0.75,4
2410,984c47bd-8861-11f1-8183-b48c9db4e1b4,2,"[1, 1, 0, 1]",2,0,0,,0.75,4
2411,984c47bd-8861-11f1-8183-b48c9db4e1b4,2,"[1, 1, 0, 1]",3,1,1,,0.75,4
2412,984c47bd-8861-11f1-8183-b48c9db4e1b4,3,"[1, 1, 1, 1]",0,1,-1,,0.75,4
2413,984c47bd-8861-11f1-8183-b48c9db4e1b4,3,"[1, 1, 1, 1]",1,1,-1,,0.75,4
2414,984c47bd-8861-11f1-8183-b48c9db4e1b4,3,"[1, 1, 1, 1]",2,1,-1,,0.75,4
2415,984c47bd-8861-11f1-8183-b48c9db4e1b4,3,"[1, 1, 1, 1]",3,1,-1,,0.75,4
2416,984c47bd-8861-11f1-8183-b48c9db4e1b4,4,"[0, 1, 0, 1]",0,0,0,,0.75,4
2417,984c47bd-8861-11f1-8183-b48c9db4e1b4,4,"[0, 1, 0, 1]",1,1,1,,0.75,4
2418,984c47bd-8861-11f1-8183-b48c9db4e1b4,4,"[0, 1, 0, 1]",2,0,0,,0.75,4
2419,984c47bd-8861-11f1-8183-b48c9db4e1b4,4,"[0, 1, 0, 1]",3,1,1,,0.75,4
2420,984c47bd-8861-11f1-8183-b48c9db4e1b4,5,"[1, 0, 1, 1]",0,1,1,,0.75,4
2421,984c47bd-8861-11f1-8183-b48c9db4e1b4,5,"[1, 0, 1, 1]",1,0,0,,0.75,4
2422,984c47bd-8861-11f1-8183-b48c9db4e1b4,5,"[1, 0, 1, 1]",2,1,1,,0.75,4
2423,984c47bd-8861-11f1-8183-b48c9db4e1b4,5,"[1, 0, 1, 1]",3,1,1,,0.75,4
2424,984c47bd-8861-11f1-8183-b48c9db4e1b4,6,"[1, 1, 0, 1]",0,1,1,,0.75,4
2425,984c47bd-8861-11f1-8183-b48c9db4e1b4,6,"[1, 1, 0, 1]",1,1,1,,0.75,4
2426,984c47bd-8861-11f1-8183-b48c9db4e1b4,6,"[1, 1, 0, 1]",2,0,0,,0.75,4
2427,984c47bd-8861-11f1-8183-b48c9db4e1b4,6,"[1, 1, 0, 1]",3,1,1,,0.75,4
2428,984c47bd-8861-11f1-8183-b48c9db4e1b4,7,"[1, 0, 1, 1]",0,1,1,,0.75,4
2429,984c47bd-8861-11f1-8183-b48c9db4e1b4,7,"[1, 0, 1, 1]",1,0,0,,0.75,4
2430,984c47bd-8861-11f1-8183-b48c9db4e1b4,7,"[1, 0, 1, 1]",2,1,1,,0.75,4
2431,984c47bd-8861-11f1-8183-b48c9db4e1b4,7,"[1, 0, 1, 1]",3,1,1,,0.75,4
2432,984c47bd-8861-11f1-8183-b48c9db4e1b4,8,"[1, 1, 0, 1]",0,1,1,,0.75,4
2433,984c47bd-8861-11f1-8183-b48c9db4e1b4,8,"[1, 1, 0, 1]",1,1,1,,0.75,4
2434,984c47bd-8861-11f1-8183-b48c9db4e1b4,8,"[1, 1, 0, 1]",2,0,0,,0.75,4
2435,984c47bd-8861-11f1-8183-b48c9db4e1b4,8,"[1, 1, 0, 1]",3,1,1,,0.75,4
2436,984c47bd-8861-11f1-8183-b48c9db4e1b4,9,"[1, 1, 1, 1]",0,1,-1,,0.75,4
2437,984c47bd-8861-11f1-8183-b48c9db4e1b4,9,"[1, 1, 1, 1]",1,1,-1,,0.75,4
2438,984c47bd-8861-11f1-8183-b48c9db4e1b4,9,"[1, 1, 1, 1]",2,1,-1,,0.75,4
2439,984c47bd-8861-11f1-8183-b48c9db4e1b4,9,"[1, 1, 1, 1]",3,1,-1,,0.75,4
2440,984c47bd-8861-11f1-8183-b48c9db4e1b4,10,"[1, 1, 1, 1]",0,1,-1,,0.75,4
2441,984c47bd-8861-11f1-8183-b48c9db4e1b4,10,"[1, 1, 1, 1]",1,1,-1,,0.75,4
2442,984c47bd-8861-11f1-8183-b48c9db4e1b4,10,"[1, 1, 1, 1]",2,1,-1,,0.75,4
2443,984c47bd-8861-11f1-8183-b48c9db4e1b4,10,"[1, 1, 1, 1]",3,1,-1,,0.75,4
2444,984c47bd-8861-11f1-8183-b48c9db4e1b4,11,"[1, 0, 1, 1]",0,1,1,,0.75,4
2445,984c47bd-8861-11f1-8183-b48c9db4e1b4,11,"[1, 0, 1, 1]",1,0,0,,0.75,4
2446,984c47bd-8861-11f1-8183-b48c9db4e1b4,11,"[1, 0, 1, 1]",2,1,1,,0.75,4
2447,984c47bd-8861-11f1-8183-b48c9db4e1b4,11,"[1, 0, 1, 1]",3,1,1,,0.75,4
2448,984c47bd-8861-11f1-8183-b48c9db4e1b4,12,"[1, 1, 1, 1]",0,1,-1,,0.75,4
2449,984c47bd-8861-11f1-8183-b48c9db4e1b4,12,"[1, 1, 1, 1]",1,1,-1,,0.75,4
2450,984c47bd-8861-11f1-8183-b48c9db4e1b4,12,"[1, 1, 1, 1]",2,1,-1,,0.75,4
2451,984c47bd-8861-11f1-8183-b48c9db4e1b4,12,"[1, 1, 1, 1]",3,1,-1,,0.75,4
2452,984c47bd-8861-11f1-8183-b48c9db4e1b4,13,"[1, 0, 1, 1]",0,1,1,,0.75,4
2453,984c47bd-8861-11f1-8183-b48c9db4e1b4,13,"[1, 0, 1, 1]",1,0,0,,0.75,4
2454,984c47bd-8861-11f1-8183-b48c9db4e1b4,13,"[1, 0, 1, 1]",2,1,1,,0.75,4
2455,984c47bd-8861-11f1-8183-b48c9db4e1b4,13,"[1, 0, 1, 1]",3,1,1,,0.75,4
2456,984c47bd-8861-11f1-8183-b48c9db4e1b4,14,"[1, 1, 0, 1]",0,1,1,,0.75,4
2457,984c47bd-8861-11f1-8183-b48c9db4e1b4,14,"[1, 1, 0, 1]",1,1,1,,0.75,4
2458,984c47bd-8861-11f1-8183-b48c9db4e1b4,14,"[1, 1, 0, 1]",2,0,0,,0.75,4
2459,984c47bd-8861-11f1-8183-b48c9db4e1b4,14,"[1, 1, 0, 1]",3,1,1,,0.75,4
2460,984c47bd-8861-11f1-8183-b48c9db4e1b4,15,"[1, 0, 1, 1]",0,1,1,,0.75,4
2461,984c47bd-8861-11f1-8183-b48c9db4e1b4,15,"[1, 0, 1, 1]",1,0,0,,0.75,4
2462,984c47bd-8861-11f1-8183-b48c9db4e1b4,15,"[1, 0, 1, 1]",2,1,1,,0.75,4
2463,984c47bd-8861-11f1-8183-b48c9db4e1b4,15,"[1, 0, 1, 1]",3,1,1,,0.75,4
2464,984c47bd-8861-11f1-8183-b48c9db4e1b4,16,"[1, 1, 0, 1]",0,1,1,,0.75,4
2465,984c47bd-8861-11f1-8183-b48c9db4e1b4,16,"[1, 1, 0, 1]",1,1,1,,0.75,4
2466,984c47bd-8861-11f1-8183-b48c9db4e1b4,16,"[1, 1, 0, 1]",2,0,0,,0.75,4
2467,984c47bd-8861-11f1-8183-b48c9db4e1b4,16,"[1, 1, 0, 1]",3,1,1,,0.75,4
2468,984c47bd-8861-11f1-8183-b48c9db4e1b4,17,"[1, 0, 1, 1]",0,1,1,,0.75,4
2469,984c47bd-8861-11f1-8183-b48c9db4e1b4,17,"[1, 0, 1, 1]",1,0,0,,0.75,4
2470,984c47bd-8861-11f1-8183-b48c9db4e1b4,17,"[1, 0, 1, 1]",2,1,1,,0.75,4
2471,984c47bd-8861-11f1-8183-b48c9db4e1b4,17,"[1, 0, 1, 1]",3,1,1,,0.75,4
2472,984c47bd-8861-11f1-8183-b48c9db4e1b4,18,"[1, 1, 0, 1]",0,1,1,,0.75,4
2473,984c47bd-8861-11f1-8183-b48c9db4e1b4,18,"[1, 1, 0, 1]",1,1,1,,0.75,4
2474,984c47bd-8861-11f1-8183-b48c9db4e1b4,18,"[1, 1, 0, 1]",2,0,0,,0.75,4
2475,984c47bd-8861-11f1-8183-b48c9db4e1b4,18,"[1, 1, 0, 1]",3,1,1,,0.75,4
2476,984c47bd-8861-11f1-8183-b48c9db4e1b4,19,"[1, 1, 1, 0]",0,1,1,,0.75,4
2477,984c47bd-8861-11f1-8183-b48c9db4e1b4,19,"[1, 1, 1, 0]",1,1,1,,0.75,4
2478,984c47bd-8861-11f1-8183-b48c9db4e1b4,19,"[1, 1, 1, 0]",2,1,1,,0.75,4
2479,984c47bd-8861-11f1-8183-b48c9db4e1b4,19,"[1, 1, 1, 0]",3,0,0,,0.75,4
2480,9854314a-8861-11f1-b2f4-b48c9db4e1b4,0,"[0, 1, 0, 1]",0,0,0,,0.75,4
2481,9854314a-8861-11f1-b2f4-b48c9db4e1b4,0,"[0, 1, 0, 1]",1,1,1,,0.75,4
2482,9854314a-8861-11f1-b2f4-b48c9db4e1b4,0,"[0, 1, 0, 1]",2,0,0,,0.75,4
2483,9854314a-8861-11f1-b2f4-b48c9db4e1b4,0,"[0, 1, 0, 1]",3,1,1,,0.75,4
2484,9854314a-8861-11f1-b2f4-b48c9db4e1b4,1,"[1, 0, 1, 1]",0,1,1,,0.75,4
2485,9854314a-8861-11f1-b2f4-b48c9db4e1b4,1,"[1, 0, 1, 1]",1,0,0,,0.75,4
2486,9854314a-8861-11f1-b2f4-b48c9db4e1b4,1,"[1, 0, 1, 1]",2,1,1,,0.75,4
2487,9854314a-8861-11f1-b2f4-b48c9db4e1b4,1,"[1, 0, 1, 1]",3,1,1,,0.75,4
2488,9854314a-8861-11f1-b2f4-b48c9db4e1b4,2,"[1, 1, 0, 1]",0,1,1,,0.75,4
2489,9854314a-8861-11f1-b2f4-b48c9db4e1b4,2,"[1, 1, 0, 1]",1,1,1,,0.75,4
2490,9854314a-8861-11f1-b2f4-b48c9db4e1b4,2,"[1, 1, 0, 1]",2,0,0,,0.75,4
2491,9854314a-8861-11f1-b2f4-b48c9db4e1b4,2,"[1, 1, 0, 1]",3,1,1,,0.75,4
2492,9854314a-8861-11f1-b2f4-b48c9db4e1b4,3,"[1, 0, 1, 0]",0,1,1,,0.75,4
2493,9854314a-8861-11f1-b2f4-b48c9db4e1b4,3,"[1, 0, 1, 0]",1,0,0,,0.75,4
2494,9854314a-8861-11f1-b2f4-b48c9db4e1b4,3,"[1, 0, 1, 0]",2,1,1,,0.75,4
2495,9854314a-8861-11f1-b2f4-b48c9db4e1b4,3,"[1, 0, 1, 0]",3,0,0,,0.75,4
2496,9854314a-8861-11f1-b2f4-b48c9db4e1b4,4,"[1, 1, 1, 1]",0,1,-1,,0.75,4
2497,9854314a-8861-11f1-b2f4-b48c9db4e1b4,4,"[1, 1, 1, 1]",1,1,-1,,0.75,4
2498,9854314a-8861-11f1-b2f4-b48c9db4e1b4,4,"[1, 1, 1, 1]",2,1,-1,,0.75,4
2499,9854314a-8861-11f1-b2f4-b48c9db4e1b4,4,"[1, 1, 1, 1]",3,1,-1,,0.75,4
2500,9854314a-8861-11f1-b2f4-b48c9db4e1b4,5,"[1, 0, 1, 1]",0,1,1,,0.75,4
2501,9854314a-8861-11f1-b2f4-b48c9db4e1b4,5,"[1, 0, 1, 1]",1,0,0,,0.75,4
2502,9854314a-8861-11f1-b2f4-b48c9db4e1b4,5,"[1, 0, 1, 1]",2,1,1,,0.75,4
2503,9854314a-8861-11f1-b2f4-b48c9db4e1b4,5,"[1, 0, 1, 1]",3,1,1,,0.75,4
2504,9854314a-8861-11f1-b2f4-b48c9db4e1b4,6,"[1, 1, 0, 1]",0,1,1,,0.75,4
2505,9854314a-8861-11f1-b2f4-b48c9db4e1b4,6,"[1, 1, 0, 1]",1,1,1,,0.75,4
2506,9854314a-8861-11f1-b2f4-b48c9db4e1b4,6,"[1, 1, 0, 1]",2,0,0,,0.75,4
2507,9854314a-8861-11f1-b2f4-b48c9db4e1b4,6,"[1, 1, 0, 1]",3,1,1,,0.75,4
2508,9854314a-8861-11f1-b2f4-b48c9db4e1b4,7,"[1, 0, 1, 0]",0,1,1,,0.75,4
2509,9854314a-8861-11f1-b2f4-b48c9db4e1b4,7,"[1, 0, 1, 0]",1,0,0,,0.75,4
2510,9854314a-8861-11f1-b2f4-b48c9db4e1b4,7,"[1, 0, 1, 0]",2,1,1,,0.75,4
2511,9854314a-8861-11f1-b2f4-b48c9db4e1b4,7,"[1, 0, 1, 0]",3,0,0,,0.75,4
2512,9854314a-8861-11f1-b2f4-b48c9db4e1b4,8,"[1, 1, 0, 1]",0,1,1,,0.75,4
2513,9854314a-8861-11f1-b2f4-b48c9db4e1b4,8,"[1, 1, 0, 1]",1,1,1,,0.75,4
2514,9854314a-8861-11f1-b2f4-b48c9db4e1b4,8,"[1, 1, 0, 1]",2,0,0,,0.75,4
2515,9854314a-8861-11f1-b2f4-b48c9db4e1b4,8,"[1, 1, 0, 1]",3,1,1,,0.75,4
2516,9854314a-8861-11f1-b2f4-b48c9db4e1b4,9,"[1, 1, 1, 0]",0,1,1,,0.75,4
2517,9854314a-8861-11f1-b2f4-b48c9db4e1b4,9,"[1, 1, 1, 0]",1,1,1,,0.75,4
2518,9854314a-8861-11f1-b2f4-b48c9db4e1b4,9,"[1, 1, 1, 0]",2,1,1,,0.75,4
2519,9854314a-8861-11f1-b2f4-b48c9db4e1b4,9,"[1, 1, 1, 0]",3,0,0,,0.75,4
2520,9854314a-8861-11f1-b2f4-b48c9db4e1b4,10,"[0, 1, 1, 1]",0,0,0,,0.75,4
2521,9854314a-8861-11f1-b2f4-b48c9db4e1b4,10,"[0, 1, 1, 1]",1,1,1,,0.75,4
2522,9854314a-8861-11f1-b2f4-b48c9db4e1b4,10,"[0, 1, 1, 1]",2,1,1,,0.75,4
2523,9854314a-8861-11f1-b2f4-b48c9db4e1b4,10,"[0, 1, 1, 1]",3,1,1,,0.75,4
2524,9854314a-8861-11f1-b2f4-b48c9db4e1b4,11,"[1, 0, 1, 1]",0,1,1,,0.75,4
2525,9854314a-8861-11f1-b2f4-b48c9db4e1b4,11,"[1, 0, 1, 1]",1,0,0,,0.75,4
2526,9854314a-8861-11f1-b2f4-b48c9db4e1b4,11,"[1, 0, 1, 1]",2,1,1,,0.75,4
2527,9854314a-8861-11f1-b2f4-b48c9db4e1b4,11,"[1, 0, 1, 1]",3,1,1,,0.75,4
2528,9854314a-8861-11f1-b2f4-b48c9db4e1b4,12,"[1, 1, 1, 1]",0,1,-1,,0.75,4
2529,9854314a-8861-11f1-b2f4-b48c9db4e1b4,12,"[1, 1, 1, 1]",1,1,-1,,0.75,4
2530,9854314a-8861-11f1-b2f4-b48c9db4e1b4,12,"[1, 1, 1, 1]",2,1,-1,,0.75,4
2531,9854314a-8861-11f1-b2f4-b48c9db4e1b4,12,"[1, 1, 1, 1]",3,1,-1,,0.75,4
2532,9854314a-8861-11f1-b2f4-b48c9db4e1b4,13,"[1, 0, 1, 1]",0,1,1,,0.75,4
2533,9854314a-8861-11f1-b2f4-b48c9db4e1b4,13,"[1, 0, 1, 1]",1,0,0,,0.75,4
2534,9854314a-8861-11f1-b2f4-b48c9db4e1b4,13,"[1, 0, 1, 1]",2,1,1,,0.75,4
2535,9854314a-8861-11f1-b2f4-b48c9db4e1b4,13,"[1, 0, 1, 1]",3,1,1,,0.75,4
2536,9854314a-8861-11f1-b2f4-b48c9db4e1b4,14,"[1, 1, 0, 1]",0,1,1,,0.75,4
2537,9854314a-8861-11f1-b2f4-b48c9db4e1b4,14,"[1, 1, 0, 1]",1,1,1,,0.75,4
2538,9854314a-8861-11f1-b2f4-b48c9db4e1b4,14,"[1, 1, 0, 1]",2,0,0,,0.75,4
2539,9854314a-8861-11f1-b2f4-b48c9db4e1b4,14,"[1, 1, 0, 1]",3,1,1,,0.75,4
2540,9854314a-8861-11f1-b2f4-b48c9db4e1b4,15,"[1, 0, 1, 0]",0,1,1,,0.75,4
2541,9854314a-8861-11f1-b2f4-b48c9db4e1b4,15,"[1, 0, 1, 0]",1,0,0,,0.75,4
2542,9854314a-8861-11f1-b2f4-b48c9db4e1b4,15,"[1, 0, 1, 0]",2,1,1,,0.75,4
2543,9854314a-8861-11f1-b2f4-b48c9db4e1b4,15,"[1, 0, 1, 0]",3,0,0,,0.75,4
2544,9854314a-8861-11f1-b2f4-b48c9db4e1b4,16,"[0, 1, 0, 1]",0,0,0,,0.75,4
2545,9854314a-8861-11f1-b2f4-b48c9db4e1b4,16,"[0, 1, 0, 1]",1,1,1,,0.75,4
2546,9854314a-8861-11f1-b2f4-b48c9db4e1b4,16,"[0, 1, 0, 1]",2,0,0,,0.75,4
2547,9854314a-8861-11f1-b2f4-b48c9db4e1b4,16,"[0, 1, 0, 1]",3,1,1,,0.75,4
2548,9854314a-8861-11f1-b2f4-b48c9db4e1b4,17,"[1, 0, 1, 1]",0,1,1,,0.75,4
2549,9854314a-8861-11f1-b2f4-b48c9db4e1b4,17,"[1, 0, 1, 1]",1,0,0,,0.75,4
2550,9854314a-8861-11f1-b2f4-b48c9db4e1b4,17,"[1, 0, 1, 1]",2,1,1,,0.75,4
2551,9854314a-8861-11f1-b2f4-b48c9db4e1b4,17,"[1, 0, 1, 1]",3,1,1,,0.75,4
2552,9854314a-8861-11f1-b2f4-b48c9db4e1b4,18,"[1, 1, 0, 1]",0,1,1,,0.75,4
2553,9854314a-8861-11f1-b2f4-b48c9db4e1b4,18,"[1, 1, 0, 1]",1,1,1,,0.75,4
2554,9854314a-8861-11f1-b2f4-b48c9db4e1b4,18,"[1, 1, 0, 1]",2,0,0,,0.75,4
2555,9854314a-8861-11f1-b2f4-b48c9db4e1b4,18,"[1, 1, 0, 1]",3,1,1,,0.75,4
2556,9854314a-8861-11f1-b2f4-b48c9db4e1b4,19,"[1, 0, 1, 0]",0,1,1,,0.75,4
2557,9854314a-8861-11f1-b2f4-b48c9db4e1b4,19,"[1, 0, 1, 0]",1,0,0,,0.75,4
2558,9854314a-8861-11f1-b2f4-b48c9db4e1b4,19,"[1, 0, 1, 0]",2,1,1,,0.75,4
2559,9854314a-8861-11f1-b2f4-b48c9db4e1b4,19,"[1, 0, 1, 0]",3,0,0,,0.75,4
2560,985d59a8-8861-11f1-b996-b48c9db4e1b4,0,"[0, 1, 0, 0]",0,0,0,,0.75,4
2561,985d59a8-8861-11f1-b996-b48c9db4e1b4,0,"[0, 1, 0, 0]",1,1,1,,0.75,4
2562,985d59a8-8861-11f1-b996-b48c9db4e1b4,0,"[0, 1, 0, 0]",2,0,0,,0.75,4
2563,985d59a8-8861-11f1-b996-b48c9db4e1b4,0,"[0, 1, 0, 0]",3,0,0,,0.75,4
2564,985d59a8-8861-11f1-b996-b48c9db4e1b4,1,"[1, 1, 1, 1]",0,1,-1,,0.75,4
2565,985d59a8-8861-11f1-b996-b48c9db4e1b4,1,"[1, 1, 1, 1]",1,1,-1,,0.75,4
2566,985d59a8-8861-11f1-b996-b48c9db4e1b4,1,"[1, 1, 1, 1]",2,1,-1,,0.75,4
2567,985d59a8-8861-11f1-b996-b48c9db4e1b4,1,"[1, 1, 1, 1]",3,1,-1,,0.75,4
2568,985d59a8-8861-11f1-b996-b48c9db4e1b4,2,"[0, 1, 1, 1]",0,0,0,,0.75,4
2569,985d59a8-8861-11f1-b996-b48c9db4e1b4,2,"[0, 1, 1, 1]",1,1,1,,0.75,4
2570,985d59a8-8861-11f1-b996-b48c9db4e1b4,2,"[0, 1, 1, 1]",2,1,1,,0.75,4
2571,985d59a8-8861-11f1-b996-b48c9db4e1b4,2,"[0, 1, 1, 1]",3,1,1,,0.75,4
2572,985d59a8-8861-11f1-b996-b48c9db4e1b4,3,"[1, 0, 1, 1]",0,1,1,,0.75,4
2573,985d59a8-8861-11f1-b996-b48c9db4e1b4,3,"[1, 0, 1, 1]",1,0,0,,0.75,4
2574,985d59a8-8861-11f1-b996-b48c9db4e1b4,3,"[1, 0, 1, 1]",2,1,1,,0.75,4
2575,985d59a8-8861-11f1-b996-b48c9db4e1b4,3,"[1, 0, 1, 1]",3,1,1,,0.75,4
2576,985d59a8-8861-11f1-b996-b48c9db4e1b4,4,"[1, 1, 1, 1]",0,1,-1,,0.75,4
2577,985d59a8-8861-11f1-b996-b48c9db4e1b4,4,"[1, 1, 1, 1]",1,1,-1,,0.75,4
2578,985d59a8-8861-11f1-b996-b48c9db4e1b4,4,"[1, 1, 1, 1]",2,1,-1,,0.75,4
2579,985d59a8-8861-11f1-b996-b48c9db4e1b4,4,"[1, 1, 1, 1]",3,1,-1,,0.75,4
2580,985d59a8-8861-11f1-b996-b48c9db4e1b4,5,"[1, 0, 1, 1]",0,1,1,,0.75,4
2581,985d59a8-8861-11f1-b996-b48c9db4e1b4,5,"[1, 0, 1, 1]",1,0,0,,0.75,4
2582,985d59a8-8861-11f1-b996-b48c9db4e1b4,5,"[1, 0, 1, 1]",2,1,1,,0.75,4
2583,985d59a8-8861-11f1-b996-b48c9db4e1b4,5,"[1, 0, 1, 1]",3,1,1,,0.75,4
2584,985d59a8-8861-11f1-b996-b48c9db4e1b4,6,"[1, 1, 1, 1]",0,1,-1,,0.75,4
2585,985d59a8-8861-11f1-b996-b48c9db4e1b4,6,"[1, 1, 1, 1]",1,1,-1,,0.75,4
2586,985d59a8-8861-11f1-b996-b48c9db4e1b4,6,"[1, 1, 1, 1]",2,1,-1,,0.75,4
2587,985d59a8-8861-11f1-b996-b48c9db4e1b4,6,"[1, 1, 1, 1]",3,1,-1,,0.75,4
2588,985d59a8-8861-11f1-b996-b48c9db4e1b4,7,"[1, 0, 1, 1]",0,1,1,,0.75,4
2589,985d59a8-8861-11f1-b996-b48c9db4e1b4,7,"[1, 0, 1, 1]",1,0,0,,0.75,4
2590,985d59a8-8861-11f1-b996-b48c9db4e1b4,7,"[1, 0, 1, 1]",2,1,1,,0.75,4
2591,985d59a8-8861-11f1-b996-b48c9db4e1b4,7,"[1, 0, 1, 1]",3,1,1,,0.75,4
2592,985d59a8-8861-11f1-b996-b48c9db4e1b4,8,"[1, 0, 0, 1]",0,1,1,,0.75,4
2593,985d59a8-8861-11f1-b996-b48c9db4e1b4,8,"[1, 0, 0, 1]",1,0,0,,0.75,4
2594,985d59a8-8861-11f1-b996-b48c9db4e1b4,8,"[1, 0, 0, 1]",2,0,0,,0.75,4
2595,985d59a8-8861-11f1-b996-b48c9db4e1b4,8,"[1, 0, 0, 1]",3,1,1,,0.75,4
2596,985d59a8-8861-11f1-b996-b48c9db4e1b4,9,"[1, 0, 1, 1]",0,1,1,,0.75,4
2597,985d59a8-8861-11f1-b996-b48c9db4e1b4,9,"[1, 0, 1, 1]",1,0,0,,0.75,4
2598,985d59a8-8861-11f1-b996-b48c9db4e1b4,9,"[1, 0, 1, 1]",2,1,1,,0.75,4
2599,985d59a8-8861-11f1-b996-b48c9db4e1b4,9,"[1, 0, 1, 1]",3,1,1,,0.75,4
2600,985d59a8-8861-11f1-b996-b48c9db4e1b4,10,"[1, 0, 1, 1]",0,1,1,,0.75,4
2601,985d59a8-8861-11f1-b996-b48c9db4e1b4,10,"[1, 0, 1, 1]",1,0,0,,0.75,4
2602,985d59a8-8861-11f1-b996-b48c9db4e1b4,10,"[1, 0, 1, 1]",2,1,1,,0.75,4
2603,985d59a8-8861-11f1-b996-b48c9db4e1b4,10,"[1, 0, 1, 1]",3,1,1,,0.75,4
2604,985d59a8-8861-11f1-b996-b48c9db4e1b4,11,"[1, 0, 1, 1]",0,1,1,,0.75,4
2605,985d59a8-8861-11f1-b996-b48c9db4e1b4,11,"[1, 0, 1, 1]",1,0,0,,0.75,4
2606,985d59a8-8861-11f1-b996-b48c9db4e1b4,11,"[1, 0, 1, 1]",2,1,1,,0.75,4
2607,985d59a8-8861-11f1-b996-b48c9db4e1b4,11,"[1, 0, 1, 1]",3,1,1,,0.75,4
2608,985d59a8-8861-11f1-b996-b48c9db4e1b4,12,"[1, 0, 1, 1]",0,1,1,,0.75,4
2609,985d59a8-8861-11f1-b996-b48c9db4e1b4,12,"[1, 0, 1, 1]",1,0,0,,0.75,4
2610,985d59a8-8861-11f1-b996-b48c9db4e1b4,12,"[1, 0, 1, 1]",2,1,1,,0.75,4
2611,985d59a8-8861-11f1-b996-b48c9db4e1b4,12,"[1, 0, 1, 1]",3,1,1,,0.75,4
2612,985d59a8-8861-11f1-b996-b48c9db4e1b4,13,"[1, 0, 1, 1]",0,1,1,,0.75,4
2613,985d59a8-8861-11f1-b996-b48c9db4e1b4,13,"[1, 0, 1, 1]",1,0,0,,0.75,4
2614,985d59a8-8861-11f1-b996-b48c9db4e1b4,13,"[1, 0, 1, 1]",2,1,1,,0.75,4
2615,985d59a8-8861-11f1-b996-b48c9db4e1b4,13,"[1, 0, 1, 1]",3,1,1,,0.75,4
2616,985d59a8-8861-11f1-b996-b48c9db4e1b4,14,"[1, 0, 1, 1]",0,1,1,,0.75,4
2617,985d59a8-8861-11f1-b996-b48c9db4e1b4,14,"[1, 0, 1, 1]",1,0,0,,0.75,4
2618,985d59a8-8861-11f1-b996-b48c9db4e1b4,14,"[1, 0, 1, 1]",2,1,1,,0.75,4
2619,985d59a8-8861-11f1-b996-b48c9db4e1b4,14,"[1, 0, 1, 1]",3,1,1,,0.75,4
2620,985d59a8-8861-11f1-b996-b48c9db4e1b4,15,"[1, 0, 1, 1]",0,1,1,,0.75,4
2621,985d59a8-8861-11f1-b996-b48c9db4e1b4,15,"[1, 0, 1, 1]",1,0,0,,0.75,4
2622,985d59a8-8861-11f1-b996-b48c9db4e1b4,15,"[1, 0, 1, 1]",2,1,1,,0.75,4
2623,985d59a8-8861-11f1-b996-b48c9db4e1b4,15,"[1, 0, 1, 1]",3,1,1,,0.75,4
2624,985d59a8-8861-11f1-b996-b48c9db4e1b4,16,"[1, 0, 1, 1]",0,1,1,,0.75,4
2625,985d59a8-8861-11f1-b996-b48c9db4e1b4,16,"[1, 0, 1, 1]",1,0,0,,0.75,4
2626,985d59a8-8861-11f1-b996-b48c9db4e1b4,16,"[1, 0, 1, 1]",2,1,1,,0.75,4
2627,985d59a8-8861-11f1-b996-b48c9db4e1b4,16,"[1, 0, 1, 1]",3,1,1,,0.75,4
2628,985d59a8-8861-11f1-b996-b48c9db4e1b4,17,"[1, 0, 1, 1]",0,1,1,,0.75,4
2629,985d59a8-8861-11f1-b996-b48c9db4e1b4,17,"[1, 0, 1, 1]",1,0,0,,0.75,4
2630,985d59a8-8861-11f1-b996-b48c9db4e1b4,17,"[1, 0, 1, 1]",2,1,1,,0.75,4
2631,985d59a8-8861-11f1-b996-b48c9db4e1b4,17,"[1, 0, 1, 1]",3,1,1,,0.75,4
2632,985d59a8-8861-11f1-b996-b48c9db4e1b4,18,"[1, 0, 1, 1]",0,1,1,,0.75,4
2633,985d59a8-8861-11f1-b996-b48c9db4e1b4,18,"[1, 0, 1, 1]",1,0,0,,0.75,4
2634,985d59a8-8861-11f1-b996-b48c9db4e1b4,18,"[1, 0, 1, 1]",2,1,1,,0.75,4
2635,985d59a8-8861-11f1-b996-b48c9db4e1b4,18,"[1, 0, 1, 1]",3,1,1,,0.75,4
2636,985d59a8-8861-11f1-b996-b48c9db4e1b4,19,"[1, 0, 1, 1]",0,1,1,,0.75,4
2637,985d59a8-8861-11f1-b996-b48c9db4e1b4,19,"[1, 0, 1, 1]",1,0,0,,0.75,4
2638,985d59a8-8861-11f1-b996-b48c9db4e1b4,19,"[1, 0, 1, 1]",2,1,1,,0.75,4
2639,985d59a8-8861-11f1-b996-b48c9db4e1b4,19,"[1, 0, 1, 1]",3,1,1,,0.75,4
2640,98655999-8861-11f1-8124-b48c9db4e1b4,0,"[1, 0, 0, 0]",0,1,1,,0.75,4
2641,98655999-8861-11f1-8124-b48c9db4e1b4,0,"[1, 0, 0, 0]",1,0,0,,0.75,4
2642,98655999-8861-11f1-8124-b48c9db4e1b4,0,"[1, 0, 0, 0]",2,0,0,,0.75,4
2643,98655999-8861-11f1-8124-b48c9db4e1b4,0,"[1, 0, 0, 0]",3,0,0,,0.75,4
2644,98655999-8861-11f1-8124-b48c9db4e1b4,1,"[1, 1, 1, 0]",0,1,1,,0.75,4
2645,98655999-8861-11f1-8124-b48c9db4e1b4,1,"[1, 1, 1, 0]",1,1,1,,0.75,4
2646,98655999-8861-11f1-8124-b48c9db4e1b4,1,"[1, 1, 1, 0]",2,1,1,,0.75,4
2647,98655999-8861-11f1-8124-b48c9db4e1b4,1,"[1, 1, 1, 0]",3,0,0,,0.75,4
2648,98655999-8861-11f1-8124-b48c9db4e1b4,2,"[0, 1, 1, 1]",0,0,0,,0.75,4
2649,98655999-8861-11f1-8124-b48c9db4e1b4,2,"[0, 1, 1, 1]",1,1,1,,0.75,4
2650,98655999-8861-11f1-8124-b48c9db4e1b4,2,"[0, 1, 1, 1]",2,1,1,,0.75,4
2651,98655999-8861-11f1-8124-b48c9db4e1b4,2,"[0, 1, 1, 1]",3,1,1,,0.75,4
2652,98655999-8861-11f1-8124-b48c9db4e1b4,3,"[1, 0, 1, 1]",0,1,1,,0.75,4
2653,98655999-8861-11f1-8124-b48c9db4e1b4,3,"[1, 0, 1, 1]",1,0,0,,0.75,4
2654,98655999-8861-11f1-8124-b48c9db4e1b4,3,"[1, 0, 1, 1]",2,1,1,,0.75,4
2655,98655999-8861-11f1-8124-b48c9db4e1b4,3,"[1, 0, 1, 1]",3,1,1,,0.75,4
2656,98655999-8861-11f1-8124-b48c9db4e1b4,4,"[1, 1, 1, 1]",0,1,-1,,0.75,4
2657,98655999-8861-11f1-8124-b48c9db4e1b4,4,"[1, 1, 1, 1]",1,1,-1,,0.75,4
2658,98655999-8861-11f1-8124-b48c9db4e1b4,4,"[1, 1, 1, 1]",2,1,-1,,0.75,4
2659,98655999-8861-11f1-8124-b48c9db4e1b4,4,"[1, 1, 1, 1]",3,1,-1,,0.75,4
2660,98655999-8861-11f1-8124-b48c9db4e1b4,5,"[1, 0, 1, 1]",0,1,1,,0.75,4
2661,98655999-8861-11f1-8124-b48c9db4e1b4,5,"[1, 0, 1, 1]",1,0,0,,0.75,4
2662,98655999-8861-11f1-8124-b48c9db4e1b4,5,"[1, 0, 1, 1]",2,1,1,,0.75,4
2663,98655999-8861-11f1-8124-b48c9db4e1b4,5,"[1, 0, 1, 1]",3,1,1,,0.75,4
2664,98655999-8861-11f1-8124-b48c9db4e1b4,6,"[1, 1, 0, 1]",0,1,1,,0.75,4
2665,98655999-8861-11f1-8124-b48c9db4e1b4,6,"[1, 1, 0, 1]",1,1,1,,0.75,4
2666,98655999-8861-11f1-8124-b48c9db4e1b4,6,"[1, 1, 0, 1]",2,0,0,,0.75,4
2667,98655999-8861-11f1-8124-b48c9db4e1b4,6,"[1, 1, 0, 1]",3,1,1,,0.75,4
2668,98655999-8861-11f1-8124-b48c9db4e1b4,7,"[1, 0, 1, 0]",0,1,1,,0.75,4
2669,98655999-8861-11f1-8124-b48c9db4e1b4,7,"[1, 0, 1, 0]",1,0,0,,0.75,4
2670,98655999-8861-11f1-8124-b48c9db4e1b4,7,"[1, 0, 1, 0]",2,1,1,,0.75,4
2671,98655999-8861-11f1-8124-b48c9db4e1b4,7,"[1, 0, 1, 0]",3,0,0,,0.75,4
2672,98655999-8861-11f1-8124-b48c9db4e1b4,8,"[0, 1, 0, 1]",0,0,0,,0.75,4
2673,98655999-8861-11f1-8124-b48c9db4e1b4,8,"[0, 1, 0, 1]",1,1,1,,0.75,4
2674,98655999-8861-11f1-8124-b48c9db4e1b4,8,"[0, 1, 0, 1]",2,0,0,,0.75,4
2675,98655999-8861-11f1-8124-b48c9db4e1b4,8,"[0, 1, 0, 1]",3,1,1,,0.75,4
2676,98655999-8861-11f1-8124-b48c9db4e1b4,9,"[1, 0, 1, 1]",0,1,1,,0.75,4
2677,98655999-8861-11f1-8124-b48c9db4e1b4,9,"[1, 0, 1, 1]",1,0,0,,0.75,4
2678,98655999-8861-11f1-8124-b48c9db4e1b4,9,"[1, 0, 1, 1]",2,1,1,,0.75,4
2679,98655999-8861-11f1-8124-b48c9db4e1b4,9,"[1, 0, 1, 1]",3,1,1,,0.75,4
2680,98655999-8861-11f1-8124-b48c9db4e1b4,10,"[1, 1, 0, 1]",0,1,1,,0.75,4
2681,98655999-8861-11f1-8124-b48c9db4e1b4,10,"[1, 1, 0, 1]",1,1,1,,0.75,4
2682,98655999-8861-11f1-8124-b48c9db4e1b4,10,"[1, 1, 0, 1]",2,0,0,,0.75,4
2683,98655999-8861-11f1-8124-b48c9db4e1b4,10,"[1, 1, 0, 1]",3,1,1,,0.75,4
2684,98655999-8861-11f1-8124-b48c9db4e1b4,11,"[1, 0, 1, 1]",0,1,1,,0.75,4
2685,98655999-8861-11f1-8124-b48c9db4e1b4,11,"[1, 0, 1, 1]",1,0,0,,0.75,4
2686,98655999-8861-11f1-8124-b48c9db4e1b4,11,"[1, 0, 1, 1]",2,1,1,,0.75,4
2687,98655999-8861-11f1-8124-b48c9db4e1b4,11,"[1, 0, 1, 1]",3,1,1,,0.75,4
2688,98655999-8861-11f1-8124-b48c9db4e1b4,12,"[1, 1, 0, 1]",0,1,1,,0.75,4
2689,98655999-8861-11f1-8124-b48c9db4e1b4,12,"[1, 1, 0, 1]",1,1,1,,0.75,4
2690,98655999-8861-11f1-8124-b48c9db4e1b4,12,"[1, 1, 0, 1]",2,0,0,,0.75,4
2691,98655999-8861-11f1-8124-b48c9db4e1b4,12,"[1, 1, 0, 1]",3,1,1,,0.75,4
2692,98655999-8861-11f1-8124-b48c9db4e1b4,13,"[1, 1, 1, 1]",0,1,-1,,0.75,4
2693,98655999-8861-11f1-8124-b48c9db4e1b4,13,"[1, 1, 1, 1]",1,1,-1,,0.75,4
2694,98655999-8861-11f1-8124-b48c9db4e1b4,13,"[1, 1, 1, 1]",2,1,-1,,0.75,4
2695,98655999-8861-11f1-8124-b48c9db4e1b4,13,"[1, 1, 1, 1]",3,1,-1,,0.75,4
2696,98655999-8861-11f1-8124-b48c9db4e1b4,14,"[1, 1, 0, 1]",0,1,1,,0.75,4
2697,98655999-8861-11f1-8124-b48c9db4e1b4,14,"[1, 1, 0, 1]",1,1,1,,0.75,4
2698,98655999-8861-11f1-8124-b48c9db4e1b4,14,"[1, 1, 0, 1]",2,0,0,,0.75,4
2699,98655999-8861-11f1-8124-b48c9db4e1b4,14,"[1, 1, 0, 1]",3,1,1,,0.75,4
2700,98655999-8861-11f1-8124-b48c9db4e1b4,15,"[1, 0, 1, 0]",0,1,1,,0.75,4
2701,98655999-8861-11f1-8124-b48c9db4e1b4,15,"[1, 0, 1, 0]",1,0,0,,0.75,4
2702,98655999-8861-11f1-8124-b48c9db4e1b4,15,"[1, 0, 1, 0]",2,1,1,,0.75,4
2703,98655999-8861-11f1-8124-b48c9db4e1b4,15,"[1, 0, 1, 0]",3,0,0,,0.75,4
2704,98655999-8861-11f1-8124-b48c9db4e1b4,16,"[1, 1, 0, 1]",0,1,1,,0.75,4
2705,98655999-8861-11f1-8124-b48c9db4e1b4,16,"[1, 1, 0, 1]",1,1,1,,0.75,4
2706,98655999-8861-11f1-8124-b48c9db4e1b4,16,"[1, 1, 0, 1]",2,0,0,,0.75,4
2707,98655999-8861-11f1-8124-b48c9db4e1b4,16,"[1, 1, 0, 1]",3,1,1,,0.75,4
2708,98655999-8861-11f1-8124-b48c9db4e1b4,17,"[1, 0, 1, 1]",0,1,1,,0.75,4
2709,98655999-8861-11f1-8124-b48c9db4e1b4,17,"[1, 0, 1, 1]",1,0,0,,0.75,4
2710,98655999-8861-11f1-8124-b48c9db4e1b4,17,"[1, 0, 1, 1]",2,1,1,,0.75,4
2711,98655999-8861-11f1-8124-b48c9db4e1b4,17,"[1, 0, 1, 1]",3,1,1,,0.75,4
2712,98655999-8861-11f1-8124-b48c9db4e1b4,18,"[1, 1, 0, 1]",0,1,1,,0.75,4
2713,98655999-8861-11f1-8124-b48c9db4e1b4,18,"[1, 1, 0, 1]",1,1,1,,0.75,4
2714,98655999-8861-11f1-8124-b48c9db4e1b4,18,"[1, 1, 0, 1]",2,0,0,,0.75,4
2715,98655999-8861-11f1-8124-b48c9db4e1b4,18,"[1, 1, 0, 1]",3,1,1,,0.75,4
2716,98655999-8861-11f1-8124-b48c9db4e1b4,19,"[1, 0, 1, 1]",0,1,1,,0.75,4
2717,98655999-8861-11f1-8124-b48c9db4e1b4,19,"[1, 0, 1, 1]",1,0,0,,0.75,4
2718,98655999-8861-11f1-8124-b48c9db4e1b4,19,"[1, 0, 1, 1]",2,1,1,,0.75,4
2719,98655999-8861-11f1-8124-b48c9db4e1b4,19,"[1, 0, 1, 1]",3,1,1,,0.75,4
2720,986d9b7a-8861-11f1-9c85-b48c9db4e1b4,0,"[1, 0, 1, 0]",0,1,1,,0.75,4
2721,986d9b7a-8861-11f1-9c85-b48c9db4e1b4,0,"[1, 0, 1, 0]",1,0,0,,0.75,4
2722,986d9b7a-8861-11f1-9c85-b48c9db4e1b4,0,"[1, 0, 1, 0]",2,1,1,,0.75,4
2723,986d9b7a-8861-11f1-9c85-b48c9db4e1b4,0,"[1, 0, 1, 0]",3,0,0,,0.75,4
2724,986d9b7a-8861-11f1-9c85-b48c9db4e1b4,1,"[1, 0, 1, 1]",0,1,1,,0.75,4
2725,986d9b7a-8861-11f1-9c85-b48c9db4e1b4,1,"[1, 0, 1, 1]",1,0,0,,0.75,4
2726,986d9b7a-8861-11f1-9c85-b48c9db4e1b4,1,"[1, 0, 1, 1]",2,1,1,,0.75,4
2727,986d9b7a-8861-11f1-9c85-b48c9db4e1b4,1,"[1, 0, 1, 1]",3,1,1,,0.75,4
2728,986d9b7a-8861-11f1-9c85-b48c9db4e1b4,2,"[1, 0, 1, 1]",0,1,1,,0.75,4
2729,986d9b7a-8861-11f1-9c85-b48c9db4e1b4,2,"[1, 0, 1, 1]",1,0,0,,0.75,4
2730,986d9b7a-8861-11f1-9c85-b48c9db4e1b4,2,"[1, 0, 1, 1]",2,1,1,,0.75,4
2731,986d9b7a-8861-11f1-9c85-b48c9db4e1b4,2,"[1, 0, 1, 1]",3,1,1,,0.75,4
2732,986d9b7a-8861-11f1-9c85-b48c9db4e1b4,3,"[1, 0, 1, 1]",0,1,1,,0.75,4
2733,986d9b7a-8861-11f1-9c85-b48c9db4e1b4,3,"[1, 0, 1, 1]",1,0,0,,0.75,4
2734,986d9b7a-8861-11f1-9c85-b48c9db4e1b4,3,"[1, 0, 1, 1]",2,1,1,,0.75,4
2735,986d9b7a-8861-11f1-9c85-b48c9db4e1b4,3,"[1, 0, 1, 1]",3,1,1,,0.75,4
2736,986d9b7a-8861-11f1-9c85-b48c9db4e1b4,4,"[1, 0, 1, 1]",0,1,1,,0.75,4
2737,986d9b7a-8861-11f1-9c85-b48c9db4e1b4,4,"[1, 0, 1, 1]",1,0,0,,0.75,4
2738,986d9b7a-8861-11f1-9c85-b48c9db4e1b4,4,"[1, 0, 1, 1]",2,1,1,,0.75,4
2739,986d9b7a-8861-11f1-9c85-b48c9db4e1b4,4,"[1, 0, 1, 1]",3,1,1,,0.75,4
2740,986d9b7a-8861-11f1-9c85-b48c9db4e1b4,5,"[1, 0, 1, 1]",0,1,1,,0.75,4
2741,986d9b7a-8861-11f1-9c85-b48c9db4e1b4,5,"[1, 0, 1, 1]",1,0,0,,0.75,4
2742,986d9b7a-8861-11f1-9c85-b48c9db4e1b4,5,"[1, 0, 1, 1]",2,1,1,,0.75,4
2743,986d9b7a-8861-11f1-9c85-b48c9db4e1b4,5,"[1, 0, 1, 1]",3,1,1,,0.75,4
2744,986d9b7a-8861-11f1-9c85-b48c9db4e1b4,6,"[1, 0, 1, 1]",0,1,1,,0.75,4
2745,986d9b7a-8861-11f1-9c85-b48c9db4e1b4,6,"[1, 0, 1, 1]",1,0,0,,0.75,4
2746,986d9b7a-8861-11f1-9c85-b48c9db4e1b4,6,"[1, 0, 1, 1]",2,1,1,,0.75,4
2747,986d9b7a-8861-11f1-9c85-b48c9db4e1b4,6,"[1, 0, 1, 1]",3,1,1,,0.75,4
2748,986d9b7a-8861-11f1-9c85-b48c9db4e1b4,7,"[1, 0, 1, 1]",0,1,1,,0.75,4
2749,986d9b7a-8861-11f1-9c85-b48c9db4e1b4,7,"[1, 0, 1, 1]",1,0,0,,0.75,4
2750,986d9b7a-8861-11f1-9c85-b48c9db4e1b4,7,"[1, 0, 1, 1]",2,1,1,,0.75,4
2751,986d9b7a-8861-11f1-9c85-b48c9db4e1b4,7,"[1, 0, 1, 1]",3,1,1,,0.75,4
2752,986d9b7a-8861-11f1-9c85-b48c9db4e1b4,8,"[1, 0, 1, 1]",0,1,1,,0.75,4
2753,986d9b7a-8861-11f1-9c85-b48c9db4e1b4,8,"[1, 0, 1, 1]",1,0,0,,0.75,4
2754,986d9b7a-8861-11f1-9c85-b48c9db4e1b4,8,"[1, 0, 1, 1]",2,1,1,,0.75,4
2755,986d9b7a-8861-11f1-9c85-b48c9db4e1b4,8,"[1, 0, 1, 1]",3,1,1,,0.75,4
2756,986d9b7a-8861-11f1-9c85-b48c9db4e1b4,9,"[1, 0, 1, 1]",0,1,1,,0.75,4
2757,986d9b7a-8861-11f1-9c85-b48c9db4e1b4,9,"[1, 0, 1, 1]",1,0,0,,0.75,4
2758,986d9b7a-8861-11f1-9c85-b48c9db4e1b4,9,"[1, 0, 1, 1]",2,1,1,,0.75,4
2759,986d9b7a-8861-11f1-9c85-b48c9db4e1b4,9,"[1, 0, 1, 1]",3,1,1,,0.75,4
2760,986d9b7a-8861-11f1-9c85-b48c9db4e1b4,10,"[1, 0, 1, 1]",0,1,1,,0.75,4
2761,986d9b7a-8861-11f1-9c85-b48c9db4e1b4,10,"[1, 0, 1, 1]",1,0,0,,0.75,4
2762,986d9b7a-8861-11f1-9c85-b48c9db4e1b4,10,"[1, 0, 1, 1]",2,1,1,,0.75,4
2763,986d9b7a-8861-11f1-9c85-b48c9db4e1b4,10,"[1, 0, 1, 1]",3,1,1,,0.75,4
2764,986d9b7a-8861-11f1-9c85-b48c9db4e1b4,11,"[1, 0, 1, 1]",0,1,1,,0.75,4
2765,986d9b7a-8861-11f1-9c85-b48c9db4e1b4,11,"[1, 0, 1, 1]",1,0,0,,0.75,4
2766,986d9b7a-8861-11f1-9c85-b48c9db4e1b4,11,"[1, 0, 1, 1]",2,1,1,,0.75,4
2767,986d9b7a-8861-11f1-9c85-b48c9db4e1b4,11,"[1, 0, 1, 1]",3,1,1,,0.75,4
2768,986d9b7a-8861-11f1-9c85-b48c9db4e1b4,12,"[1, 0, 1, 1]",0,1,1,,0.75,4
2769,986d9b7a-8861-11f1-9c85-b48c9db4e1b4,12,"[1, 0, 1, 1]",1,0,0,,0.75,4
2770,986d9b7a-8861-11f1-9c85-b48c9db4e1b4,12,"[1, 0, 1, 1]",2,1,1,,0.75,4
2771,986d9b7a-8861-11f1-9c85-b48c9db4e1b4,12,"[1, 0, 1, 1]",3,1,1,,0.75,4
2772,986d9b7a-8861-11f1-9c85-b48c9db4e1b4,13,"[1, 0, 1, 1]",0,1,1,,0.75,4
2773,986d9b7a-8861-11f1-9c85-b48c9db4e1b4,13,"[1, 0, 1, 1]",1,0,0,,0.75,4
2774,986d9b7a-8861-11f1-9c85-b48c9db4e1b4,13,"[1, 0, 1, 1]",2,1,1,,0.75,4
2775,986d9b7a-8861-11f1-9c85-b48c9db4e1b4,13,"[1, 0, 1, 1]",3,1,1,,0.75,4
2776,986d9b7a-8861-11f1-9c85-b48c9db4e1b4,14,"[1, 0, 1, 1]",0,1,1,,0.75,4
2777,986d9b7a-8861-11f1-9c85-b48c9db4e1b4,14,"[1, 0, 1, 1]",1,0,0,,0.75,4
2778,986d9b7a-8861-11f1-9c85-b48c9db4e1b4,14,"[1, 0, 1, 1]",2,1,1,,0.75,4
2779,986d9b7a-8861-11f1-9c85-b48c9db4e1b4,14,"[1, 0, 1, 1]",3,1,1,,0.75,4
2780,986d9b7a-8861-11f1-9c85-b48c9db4e1b4,15,"[1, 0, 1, 1]",0,1,1,,0.75,4
2781,986d9b7a-8861-11f1-9c85-b48c9db4e1b4,15,"[1, 0, 1, 1]",1,0,0,,0.75,4
2782,986d9b7a-8861-11f1-9c85-b48c9db4e1b4,15,"[1, 0, 1, 1]",2,1,1,,0.75,4
2783,986d9b7a-8861-11f1-9c85-b48c9db4e1b4,15,"[1, 0, 1, 1]",3,1,1,,0.75,4
2784,986d9b7a-8861-11f1-9c85-b48c9db4e1b4,16,"[1, 0, 1, 1]",0,1,1,,0.75,4
2785,986d9b7a-8861-11f1-9c85-b48c9db4e1b4,16,"[1, 0, 1, 1]",1,0,0,,0.75,4
2786,986d9b7a-8861-11f1-9c85-b48c9db4e1b4,16,"[1, 0, 1, 1]",2,1,1,,0.75,4
2787,986d9b7a-8861-11f1-9c85-b48c9db4e1b4,16,"[1, 0, 1, 1]",3,1,1,,0.75,4
2788,986d9b7a-8861-11f1-9c85-b48c9db4e1b4,17,"[1, 0, 1, 1]",0,1,1,,0.75,4
2789,986d9b7a-8861-11f1-9c85-b48c9db4e1b4,17,"[1, 0, 1, 1]",1,0,0,,0.75,4
2790,986d9b7a-8861-11f1-9c85-b48c9db4e1b4,17,"[1, 0, 1, 1]",2,1,1,,0.75,4
2791,986d9b7a-8861-11f1-9c85-b48c9db4e1b4,17,"[1, 0, 1, 1]",3,1,1,,0.75,4
2792,986d9b7a-8861-11f1-9c85-b48c9db4e1b4,18,"[1, 0, 1, 1]",0,1,1,,0.75,4
2793,986d9b7a-8861-11f1-9c85-b48c9db4e1b4,18,"[1, 0, 1, 1]",1,0,0,,0.75,4
2794,986d9b7a-8861-11f1-9c85-b48c9db4e1b4,18,"[1, 0, 1, 1]",2,1,1,,0.75,4
2795,986d9b7a-8861-11f1-9c85-b48c9db4e1b4,18,"[1, 0, 1, 1]",3,1,1,,0.75,4
2796,986d9b7a-8861-11f1-9c85-b48c9db4e1b4,19,"[1, 0, 1, 1]",0,1,1,,0.75,4
2797,986d9b7a-8861-11f1-9c85-b48c9db4e1b4,19,"[1, 0, 1, 1]",1,0,0,,0.75,4
2798,986d9b7a-8861-11f1-9c85-b48c9db4e1b4,19,"[1, 0, 1, 1]",2,1,1,,0.75,4
2799,986d9b7a-8861-11f1-9c85-b48c9db4e1b4,19,"[1, 0, 1, 1]",3,1,1,,0.75,4
2800,98781a4d-8861-11f1-a187-b48c9db4e1b4,0,"[0, 1, 1, 1]",0,0,0,,0.75,4
2801,98781a4d-8861-11f1-a187-b48c9db4e1b4,0,"[0, 1, 1, 1]",1,1,1,,0.75,4
2802,98781a4d-8861-11f1-a187-b48c9db4e1b4,0,"[0, 1, 1, 1]",2,1,1,,0.75,4
2803,98781a4d-8861-11f1-a187-b48c9db4e1b4,0,"[0, 1, 1, 1]",3,1,1,,0.75,4
2804,98781a4d-8861-11f1-a187-b48c9db4e1b4,1,"[1, 0, 1, 1]",0,1,1,,0.75,4
2805,98781a4d-8861-11f1-a187-b48c9db4e1b4,1,"[1, 0, 1, 1]",1,0,0,,0.75,4
2806,98781a4d-8861-11f1-a187-b48c9db4e1b4,1,"[1, 0, 1, 1]",2,1,1,,0.75,4
2807,98781a4d-8861-11f1-a187-b48c9db4e1b4,1,"[1, 0, 1, 1]",3,1,1,,0.75,4
2808,98781a4d-8861-11f1-a187-b48c9db4e1b4,2,"[0, 1, 0, 1]",0,0,0,,0.75,4
2809,98781a4d-8861-11f1-a187-b48c9db4e1b4,2,"[0, 1, 0, 1]",1,1,1,,0.75,4
2810,98781a4d-8861-11f1-a187-b48c9db4e1b4,2,"[0, 1, 0, 1]",2,0,0,,0.75,4
2811,98781a4d-8861-11f1-a187-b48c9db4e1b4,2,"[0, 1, 0, 1]",3,1,1,,0.75,4
2812,98781a4d-8861-11f1-a187-b48c9db4e1b4,3,"[1, 0, 1, 1]",0,1,1,,0.75,4
2813,98781a4d-8861-11f1-a187-b48c9db4e1b4,3,"[1, 0, 1, 1]",1,0,0,,0.75,4
2814,98781a4d-8861-11f1-a187-b48c9db4e1b4,3,"[1, 0, 1, 1]",2,1,1,,0.75,4
2815,98781a4d-8861-11f1-a187-b48c9db4e1b4,3,"[1, 0, 1, 1]",3,1,1,,0.75,4
2816,98781a4d-8861-11f1-a187-b48c9db4e1b4,4,"[1, 1, 0, 1]",0,1,1,,0.75,4
2817,98781a4d-8861-11f1-a187-b48c9db4e1b4,4,"[1, 1, 0, 1]",1,1,1,,0.75,4
2818,98781a4d-8861-11f1-a187-b48c9db4e1b4,4,"[1, 1, 0, 1]",2,0,0,,0.75,4
2819,98781a4d-8861-11f1-a187-b48c9db4e1b4,4,"[1, 1, 0, 1]",3,1,1,,0.75,4
2820,98781a4d-8861-11f1-a187-b48c9db4e1b4,5,"[1, 1, 1, 1]",0,1,-1,,0.75,4
2821,98781a4d-8861-11f1-a187-b48c9db4e1b4,5,"[1, 1, 1, 1]",1,1,-1,,0.75,4
2822,98781a4d-8861-11f1-a187-b48c9db4e1b4,5,"[1, 1, 1, 1]",2,1,-1,,0.75,4
2823,98781a4d-8861-11f1-a187-b48c9db4e1b4,5,"[1, 1, 1, 1]",3,1,-1,,0.75,4
2824,98781a4d-8861-11f1-a187-b48c9db4e1b4,6,"[0, 1, 1, 1]",0,0,0,,0.75,4
2825,98781a4d-8861-11f1-a187-b48c9db4e1b4,6,"[0, 1, 1, 1]",1,1,1,,0.75,4
2826,98781a4d-8861-11f1-a187-b48c9db4e1b4,6,"[0, 1, 1, 1]",2,1,1,,0.75,4
2827,98781a4d-8861-11f1-a187-b48c9db4e1b4,6,"[0, 1, 1, 1]",3,1,1,,0.75,4
2828,98781a4d-8861-11f1-a187-b48c9db4e1b4,7,"[1, 0, 1, 1]",0,1,1,,0.75,4
2829,98781a4d-8861-11f1-a187-b48c9db4e1b4,7,"[1, 0, 1, 1]",1,0,0,,0.75,4
2830,98781a4d-8861-11f1-a187-b48c9db4e1b4,7,"[1, 0, 1, 1]",2,1,1,,0.75,4
2831,98781a4d-8861-11f1-a187-b48c9db4e1b4,7,"[1, 0, 1, 1]",3,1,1,,0.75,4
2832,98781a4d-8861-11f1-a187-b48c9db4e1b4,8,"[0, 1, 1, 1]",0,0,0,,0.75,4
2833,98781a4d-8861-11f1-a187-b48c9db4e1b4,8,"[0, 1, 1, 1]",1,1,1,,0.75,4
2834,98781a4d-8861-11f1-a187-b48c9db4e1b4,8,"[0, 1, 1, 1]",2,1,1,,0.75,4
2835,98781a4d-8861-11f1-a187-b48c9db4e1b4,8,"[0, 1, 1, 1]",3,1,1,,0.75,4
2836,98781a4d-8861-11f1-a187-b48c9db4e1b4,9,"[1, 0, 1, 1]",0,1,1,,0.75,4
2837,98781a4d-8861-11f1-a187-b48c9db4e1b4,9,"[1, 0, 1, 1]",1,0,0,,0.75,4
2838,98781a4d-8861-11f1-a187-b48c9db4e1b4,9,"[1, 0, 1, 1]",2,1,1,,0.75,4
2839,98781a4d-8861-11f1-a187-b48c9db4e1b4,9,"[1, 0, 1, 1]",3,1,1,,0.75,4
2840,98781a4d-8861-11f1-a187-b48c9db4e1b4,10,"[1, 1, 0, 1]",0,1,1,,0.75,4
2841,98781a4d-8861-11f1-a187-b48c9db4e1b4,10,"[1, 1, 0, 1]",1,1,1,,0.75,4
2842,98781a4d-8861-11f1-a187-b48c9db4e1b4,10,"[1, 1, 0, 1]",2,0,0,,0.75,4
2843,98781a4d-8861-11f1-a187-b48c9db4e1b4,10,"[1, 1, 0, 1]",3,1,1,,0.75,4
2844,98781a4d-8861-11f1-a187-b48c9db4e1b4,11,"[1, 1, 1, 1]",0,1,-1,,0.75,4
2845,98781a4d-8861-11f1-a187-b48c9db4e1b4,11,"[1, 1, 1, 1]",1,1,-1,,0.75,4
2846,98781a4d-8861-11f1-a187-b48c9db4e1b4,11,"[1, 1, 1, 1]",2,1,-1,,0.75,4
2847,98781a4d-8861-11f1-a187-b48c9db4e1b4,11,"[1, 1, 1, 1]",3,1,-1,,0.75,4
2848,98781a4d-8861-11f1-a187-b48c9db4e1b4,12,"[1, 1, 1, 1]",0,1,-1,,0.75,4
2849,98781a4d-8861-11f1-a187-b48c9db4e1b4,12,"[1, 1, 1, 1]",1,1,-1,,0.75,4
2850,98781a4d-8861-11f1-a187-b48c9db4e1b4,12,"[1, 1, 1, 1]",2,1,-1,,0.75,4
2851,98781a4d-8861-11f1-a187-b48c9db4e1b4,12,"[1, 1, 1, 1]",3,1,-1,,0.75,4
2852,98781a4d-8861-11f1-a187-b48c9db4e1b4,13,"[1, 0, 1, 1]",0,1,1,,0.75,4
2853,98781a4d-8861-11f1-a187-b48c9db4e1b4,13,"[1, 0, 1, 1]",1,0,0,,0.75,4
2854,98781a4d-8861-11f1-a187-b48c9db4e1b4,13,"[1, 0, 1, 1]",2,1,1,,0.75,4
2855,98781a4d-8861-11f1-a187-b48c9db4e1b4,13,"[1, 0, 1, 1]",3,1,1,,0.75,4
2856,98781a4d-8861-11f1-a187-b48c9db4e1b4,14,"[1, 1, 0, 1]",0,1,1,,0.75,4
2857,98781a4d-8861-11f1-a187-b48c9db4e1b4,14,"[1, 1, 0, 1]",1,1,1,,0.75,4
2858,98781a4d-8861-11f1-a187-b48c9db4e1b4,14,"[1, 1, 0, 1]",2,0,0,,0.75,4
2859,98781a4d-8861-11f1-a187-b48c9db4e1b4,14,"[1, 1, 0, 1]",3,1,1,,0.75,4
2860,98781a4d-8861-11f1-a187-b48c9db4e1b4,15,"[1, 0, 1, 1]",0,1,1,,0.75,4
2861,98781a4d-8861-11f1-a187-b48c9db4e1b4,15,"[1, 0, 1, 1]",1,0,0,,0.75,4
2862,98781a4d-8861-11f1-a187-b48c9db4e1b4,15,"[1, 0, 1, 1]",2,1,1,,0.75,4
2863,98781a4d-8861-11f1-a187-b48c9db4e1b4,15,"[1, 0, 1, 1]",3,1,1,,0.75,4
2864,98781a4d-8861-11f1-a187-b48c9db4e1b4,16,"[1, 1, 0, 1]",0,1,1,,0.75,4
2865,98781a4d-8861-11f1-a187-b48c9db4e1b4,16,"[1, 1, 0, 1]",1,1,1,,0.75,4
2866,98781a4d-8861-11f1-a187-b48c9db4e1b4,16,"[1, 1, 0, 1]",2,0,0,,0.75,4
2867,98781a4d-8861-11f1-a187-b48c9db4e1b4,16,"[1, 1, 0, 1]",3,1,1,,0.75,4
2868,98781a4d-8861-11f1-a187-b48c9db4e1b4,17,"[1, 0, 1, 0]",0,1,1,,0.75,4
2869,98781a4d-8861-11f1-a187-b48c9db4e1b4,17,"[1, 0, 1, 0]",1,0,0,,0.75,4
2870,98781a4d-8861-11f1-a187-b48c9db4e1b4,17,"[1, 0, 1, 0]",2,1,1,,0.75,4
2871,98781a4d-8861-11f1-a187-b48c9db4e1b4,17,"[1, 0, 1, 0]",3,0,0,,0.75,4
2872,98781a4d-8861-11f1-a187-b48c9db4e1b4,18,"[1, 1, 0, 1]",0,1,1,,0.75,4
2873,98781a4d-8861-11f1-a187-b48c9db4e1b4,18,"[1, 1, 0, 1]",1,1,1,,0.75,4
2874,98781a4d-8861-11f1-a187-b48c9db4e1b4,18,"[1, 1, 0, 1]",2,0,0,,0.75,4
2875,98781a4d-8861-11f1-a187-b48c9db4e1b4,18,"[1, 1, 0, 1]",3,1,1,,0.75,4
2876,98781a4d-8861-11f1-a187-b48c9db4e1b4,19,"[1, 0, 1, 0]",0,1,1,,0.75,4
2877,98781a4d-8861-11f1-a187-b48c9db4e1b4,19,"[1, 0, 1, 0]",1,0,0,,0.75,4
2878,98781a4d-8861-11f1-a187-b48c9db4e1b4,19,"[1, 0, 1, 0]",2,1,1,,0.75,4
2879,98781a4d-8861-11f1-a187-b48c9db4e1b4,19,"[1, 0, 1, 0]",3,0,0,,0.75,4
2880,988022cc-8861-11f1-83c3-b48c9db4e1b4,0,"[1, 0, 0, 0]",0,1,1,,0.75,4
2881,988022cc-8861-11f1-83c3-b48c9db4e1b4,0,"[1, 0, 0, 0]",1,0,0,,0.75,4
2882,988022cc-8861-11f1-83c3-b48c9db4e1b4,0,"[1, 0, 0, 0]",2,0,0,,0.75,4
2883,988022cc-8861-11f1-83c3-b48c9db4e1b4,0,"[1, 0, 0, 0]",3,0,0,,0.75,4
2884,988022cc-8861-11f1-83c3-b48c9db4e1b4,1,"[1, 0, 1, 1]",0,1,1,,0.75,4
2885,988022cc-8861-11f1-83c3-b48c9db4e1b4,1,"[1, 0, 1, 1]",1,0,0,,0.75,4
2886,988022cc-8861-11f1-83c3-b48c9db4e1b4,1,"[1, 0, 1, 1]",2,1,1,,0.75,4
2887,988022cc-8861-11f1-83c3-b48c9db4e1b4,1,"[1, 0, 1, 1]",3,1,1,,0.75,4
2888,988022cc-8861-11f1-83c3-b48c9db4e1b4,2,"[1, 1, 1, 1]",0,1,-1,,0.75,4
2889,988022cc-8861-11f1-83c3-b48c9db4e1b4,2,"[1, 1, 1, 1]",1,1,-1,,0.75,4
2890,988022cc-8861-11f1-83c3-b48c9db4e1b4,2,"[1, 1, 1, 1]",2,1,-1,,0.75,4
2891,988022cc-8861-11f1-83c3-b48c9db4e1b4,2,"[1, 1, 1, 1]",3,1,-1,,0.75,4
2892,988022cc-8861-11f1-83c3-b48c9db4e1b4,3,"[1, 0, 1, 1]",0,1,1,,0.75,4
2893,988022cc-8861-11f1-83c3-b48c9db4e1b4,3,"[1, 0, 1, 1]",1,0,0,,0.75,4
2894,988022cc-8861-11f1-83c3-b48c9db4e1b4,3,"[1, 0, 1, 1]",2,1,1,,0.75,4
2895,988022cc-8861-11f1-83c3-b48c9db4e1b4,3,"[1, 0, 1, 1]",3,1,1,,0.75,4
2896,988022cc-8861-11f1-83c3-b48c9db4e1b4,4,"[1, 1, 0, 1]",0,1,1,,0.75,4
2897,988022cc-8861-11f1-83c3-b48c9db4e1b4,4,"[1, 1, 0, 1]",1,1,1,,0.75,4
2898,988022cc-8861-11f1-83c3-b48c9db4e1b4,4,"[1, 1, 0, 1]",2,0,0,,0.75,4
2899,988022cc-8861-11f1-83c3-b48c9db4e1b4,4,"[1, 1, 0, 1]",3,1,1,,0.75,4
2900,988022cc-8861-11f1-83c3-b48c9db4e1b4,5,"[1, 1, 1, 0]",0,1,1,,0.75,4
2901,988022cc-8861-11f1-83c3-b48c9db4e1b4,5,"[1, 1, 1, 0]",1,1,1,,0.75,4
2902,988022cc-8861-11f1-83c3-b48c9db4e1b4,5,"[1, 1, 1, 0]",2,1,1,,0.75,4
2903,988022cc-8861-11f1-83c3-b48c9db4e1b4,5,"[1, 1, 1, 0]",3,0,0,,0.75,4
2904,988022cc-8861-11f1-83c3-b48c9db4e1b4,6,"[0, 1, 1, 1]",0,0,0,,0.75,4
2905,988022cc-8861-11f1-83c3-b48c9db4e1b4,6,"[0, 1, 1, 1]",1,1,1,,0.75,4
2906,988022cc-8861-11f1-83c3-b48c9db4e1b4,6,"[0, 1, 1, 1]",2,1,1,,0.75,4
2907,988022cc-8861-11f1-83c3-b48c9db4e1b4,6,"[0, 1, 1, 1]",3,1,1,,0.75,4
2908,988022cc-8861-11f1-83c3-b48c9db4e1b4,7,"[1, 0, 1, 1]",0,1,1,,0.75,4
2909,988022cc-8861-11f1-83c3-b48c9db4e1b4,7,"[1, 0, 1, 1]",1,0,0,,0.75,4
2910,988022cc-8861-11f1-83c3-b48c9db4e1b4,7,"[1, 0, 1, 1]",2,1,1,,0.75,4
2911,988022cc-8861-11f1-83c3-b48c9db4e1b4,7,"[1, 0, 1, 1]",3,1,1,,0.75,4
2912,988022cc-8861-11f1-83c3-b48c9db4e1b4,8,"[1, 1, 1, 1]",0,1,-1,,0.75,4
2913,988022cc-8861-11f1-83c3-b48c9db4e1b4,8,"[1, 1, 1, 1]",1,1,-1,,0.75,4
2914,988022cc-8861-11f1-83c3-b48c9db4e1b4,8,"[1, 1, 1, 1]",2,1,-1,,0.75,4
2915,988022cc-8861-11f1-83c3-b48c9db4e1b4,8,"[1, 1, 1, 1]",3,1,-1,,0.75,4
2916,988022cc-8861-11f1-83c3-b48c9db4e1b4,9,"[1, 0, 1, 1]",0,1,1,,0.75,4
2917,988022cc-8861-11f1-83c3-b48c9db4e1b4,9,"[1, 0, 1, 1]",1,0,0,,0.75,4
2918,988022cc-8861-11f1-83c3-b48c9db4e1b4,9,"[1, 0, 1, 1]",2,1,1,,0.75,4
2919,988022cc-8861-11f1-83c3-b48c9db4e1b4,9,"[1, 0, 1, 1]",3,1,1,,0.75,4
2920,988022cc-8861-11f1-83c3-b48c9db4e1b4,10,"[1, 1, 0, 1]",0,1,1,,0.75,4
2921,988022cc-8861-11f1-83c3-b48c9db4e1b4,10,"[1, 1, 0, 1]",1,1,1,,0.75,4
2922,988022cc-8861-11f1-83c3-b48c9db4e1b4,10,"[1, 1, 0, 1]",2,0,0,,0.75,4
2923,988022cc-8861-11f1-83c3-b48c9db4e1b4,10,"[1, 1, 0, 1]",3,1,1,,0.75,4
2924,988022cc-8861-11f1-83c3-b48c9db4e1b4,11,"[1, 1, 1, 1]",0,1,-1,,0.75,4
2925,988022cc-8861-11f1-83c3-b48c9db4e1b4,11,"[1, 1, 1, 1]",1,1,-1,,0.75,4
2926,988022cc-8861-11f1-83c3-b48c9db4e1b4,11,"[1, 1, 1, 1]",2,1,-1,,0.75,4
2927,988022cc-8861-11f1-83c3-b48c9db4e1b4,11,"[1, 1, 1, 1]",3,1,-1,,0.75,4
2928,988022cc-8861-11f1-83c3-b48c9db4e1b4,12,"[0, 1, 1, 1]",0,0,0,,0.75,4
2929,988022cc-8861-11f1-83c3-b48c9db4e1b4,12,"[0, 1, 1, 1]",1,1,1,,0.75,4
2930,988022cc-8861-11f1-83c3-b48c9db4e1b4,12,"[0, 1, 1, 1]",2,1,1,,0.75,4
2931,988022cc-8861-11f1-83c3-b48c9db4e1b4,12,"[0, 1, 1, 1]",3,1,1,,0.75,4
2932,988022cc-8861-11f1-83c3-b48c9db4e1b4,13,"[1, 0, 1, 1]",0,1,1,,0.75,4
2933,988022cc-8861-11f1-83c3-b48c9db4e1b4,13,"[1, 0, 1, 1]",1,0,0,,0.75,4
2934,988022cc-8861-11f1-83c3-b48c9db4e1b4,13,"[1, 0, 1, 1]",2,1,1,,0.75,4
2935,988022cc-8861-11f1-83c3-b48c9db4e1b4,13,"[1, 0, 1, 1]",3,1,1,,0.75,4
2936,988022cc-8861-11f1-83c3-b48c9db4e1b4,14,"[0, 1, 0, 1]",0,0,0,,0.75,4
2937,988022cc-8861-11f1-83c3-b48c9db4e1b4,14,"[0, 1, 0, 1]",1,1,1,,0.75,4
2938,988022cc-8861-11f1-83c3-b48c9db4e1b4,14,"[0, 1, 0, 1]",2,0,0,,0.75,4
2939,988022cc-8861-11f1-83c3-b48c9db4e1b4,14,"[0, 1, 0, 1]",3,1,1,,0.75,4
2940,988022cc-8861-11f1-83c3-b48c9db4e1b4,15,"[1, 0, 1, 1]",0,1,1,,0.75,4
2941,988022cc-8861-11f1-83c3-b48c9db4e1b4,15,"[1, 0, 1, 1]",1,0,0,,0.75,4
2942,988022cc-8861-11f1-83c3-b48c9db4e1b4,15,"[1, 0, 1, 1]",2,1,1,,0.75,4
2943,988022cc-8861-11f1-83c3-b48c9db4e1b4,15,"[1, 0, 1, 1]",3,1,1,,0.75,4
2944,988022cc-8861-11f1-83c3-b48c9db4e1b4,16,"[1, 1, 0, 1]",0,1,1,,0.75,4
2945,988022cc-8861-11f1-83c3-b48c9db4e1b4,16,"[1, 1, 0, 1]",1,1,1,,0.75,4
2946,988022cc-8861-11f1-83c3-b48c9db4e1b4,16,"[1, 1, 0, 1]",2,0,0,,0.75,4
2947,988022cc-8861-11f1-83c3-b48c9db4e1b4,16,"[1, 1, 0, 1]",3,1,1,,0.75,4
2948,988022cc-8861-11f1-83c3-b48c9db4e1b4,17,"[1, 0, 1, 1]",0,1,1,,0.75,4
2949,988022cc-8861-11f1-83c3-b48c9db4e1b4,17,"[1, 0, 1, 1]",1,0,0,,0.75,4
2950,988022cc-8861-11f1-83c3-b48c9db4e1b4,17,"[1, 0, 1, 1]",2,1,1,,0.75,4
2951,988022cc-8861-11f1-83c3-b48c9db4e1b4,17,"[1, 0, 1, 1]",3,1,1,,0.75,4
2952,988022cc-8861-11f1-83c3-b48c9db4e1b4,18,"[1, 1, 0, 1]",0,1,1,,0.75,4
2953,988022cc-8861-11f1-83c3-b48c9db4e1b4,18,"[1, 1, 0, 1]",1,1,1,,0.75,4
2954,988022cc-8861-11f1-83c3-b48c9db4e1b4,18,"[1, 1, 0, 1]",2,0,0,,0.75,4
2955,988022cc-8861-11f1-83c3-b48c9db4e1b4,18,"[1, 1, 0, 1]",3,1,1,,0.75,4
2956,988022cc-8861-11f1-83c3-b48c9db4e1b4,19,"[1, 0, 1, 1]",0,1,1,,0.75,4
2957,988022cc-8861-11f1-83c3-b48c9db4e1b4,19,"[1, 0, 1, 1]",1,0,0,,0.75,4
2958,988022cc-8861-11f1-83c3-b48c9db4e1b4,19,"[1, 0, 1, 1]",2,1,1,,0.75,4
2959,988022cc-8861-11f1-83c3-b48c9db4e1b4,19,"[1, 0, 1, 1]",3,1,1,,0.75,4
2960,98886b12-8861-11f1-939b-b48c9db4e1b4,0,"[0, 0, 1, 1]",0,0,0,,0.75,4
2961,98886b12-8861-11f1-939b-b48c9db4e1b4,0,"[0, 0, 1, 1]",1,0,0,,0.75,4
2962,98886b12-8861-11f1-939b-b48c9db4e1b4,0,"[0, 0, 1, 1]",2,1,1,,0.75,4
2963,98886b12-8861-11f1-939b-b48c9db4e1b4,0,"[0, 0, 1, 1]",3,1,1,,0.75,4
2964,98886b12-8861-11f1-939b-b48c9db4e1b4,1,"[1, 0, 1, 1]",0,1,1,,0.75,4
2965,98886b12-8861-11f1-939b-b48c9db4e1b4,1,"[1, 0, 1, 1]",1,0,0,,0.75,4
2966,98886b12-8861-11f1-939b-b48c9db4e1b4,1,"[1, 0, 1, 1]",2,1,1,,0.75,4
2967,98886b12-8861-11f1-939b-b48c9db4e1b4,1,"[1, 0, 1, 1]",3,1,1,,0.75,4
2968,98886b12-8861-11f1-939b-b48c9db4e1b4,2,"[1, 1, 1, 1]",0,1,-1,,0.75,4
2969,98886b12-8861-11f1-939b-b48c9db4e1b4,2,"[1, 1, 1, 1]",1,1,-1,,0.75,4
2970,98886b12-8861-11f1-939b-b48c9db4e1b4,2,"[1, 1, 1, 1]",2,1,-1,,0.75,4
2971,98886b12-8861-11f1-939b-b48c9db4e1b4,2,"[1, 1, 1, 1]",3,1,-1,,0.75,4
2972,98886b12-8861-11f1-939b-b48c9db4e1b4,3,"[1, 0, 1, 1]",0,1,1,,0.75,4
2973,98886b12-8861-11f1-939b-b48c9db4e1b4,3,"[1, 0, 1, 1]",1,0,0,,0.75,4
2974,98886b12-8861-11f1-939b-b48c9db4e1b4,3,"[1, 0, 1, 1]",2,1,1,,0.75,4
2975,98886b12-8861-11f1-939b-b48c9db4e1b4,3,"[1, 0, 1, 1]",3,1,1,,0.75,4
2976,98886b12-8861-11f1-939b-b48c9db4e1b4,4,"[1, 1, 0, 1]",0,1,1,,0.75,4
2977,98886b12-8861-11f1-939b-b48c9db4e1b4,4,"[1, 1, 0, 1]",1,1,1,,0.75,4
2978,98886b12-8861-11f1-939b-b48c9db4e1b4,4,"[1, 1, 0, 1]",2,0,0,,0.75,4
2979,98886b12-8861-11f1-939b-b48c9db4e1b4,4,"[1, 1, 0, 1]",3,1,1,,0.75,4
2980,98886b12-8861-11f1-939b-b48c9db4e1b4,5,"[1, 0, 1, 1]",0,1,1,,0.75,4
2981,98886b12-8861-11f1-939b-b48c9db4e1b4,5,"[1, 0, 1, 1]",1,0,0,,0.75,4
2982,98886b12-8861-11f1-939b-b48c9db4e1b4,5,"[1, 0, 1, 1]",2,1,1,,0.75,4
2983,98886b12-8861-11f1-939b-b48c9db4e1b4,5,"[1, 0, 1, 1]",3,1,1,,0.75,4
2984,98886b12-8861-11f1-939b-b48c9db4e1b4,6,"[1, 1, 0, 1]",0,1,1,,0.75,4
2985,98886b12-8861-11f1-939b-b48c9db4e1b4,6,"[1, 1, 0, 1]",1,1,1,,0.75,4
2986,98886b12-8861-11f1-939b-b48c9db4e1b4,6,"[1, 1, 0, 1]",2,0,0,,0.75,4
2987,98886b12-8861-11f1-939b-b48c9db4e1b4,6,"[1, 1, 0, 1]",3,1,1,,0.75,4
2988,98886b12-8861-11f1-939b-b48c9db4e1b4,7,"[1, 0, 1, 1]",0,1,1,,0.75,4
2989,98886b12-8861-11f1-939b-b48c9db4e1b4,7,"[1, 0, 1, 1]",1,0,0,,0.75,4
2990,98886b12-8861-11f1-939b-b48c9db4e1b4,7,"[1, 0, 1, 1]",2,1,1,,0.75,4
2991,98886b12-8861-11f1-939b-b48c9db4e1b4,7,"[1, 0, 1, 1]",3,1,1,,0.75,4
2992,98886b12-8861-11f1-939b-b48c9db4e1b4,8,"[1, 1, 0, 1]",0,1,1,,0.75,4
2993,98886b12-8861-11f1-939b-b48c9db4e1b4,8,"[1, 1, 0, 1]",1,1,1,,0.75,4
2994,98886b12-8861-11f1-939b-b48c9db4e1b4,8,"[1, 1, 0, 1]",2,0,0,,0.75,4
2995,98886b12-8861-11f1-939b-b48c9db4e1b4,8,"[1, 1, 0, 1]",3,1,1,,0.75,4
2996,98886b12-8861-11f1-939b-b48c9db4e1b4,9,"[1, 1, 1, 1]",0,1,-1,,0.75,4
2997,98886b12-8861-11f1-939b-b48c9db4e1b4,9,"[1, 1, 1, 1]",1,1,-1,,0.75,4
2998,98886b12-8861-11f1-939b-b48c9db4e1b4,9,"[1, 1, 1, 1]",2,1,-1,,0.75,4
2999,98886b12-8861-11f1-939b-b48c9db4e1b4,9,"[1, 1, 1, 1]",3,1,-1,,0.75,4
3000,98886b12-8861-11f1-939b-b48c9db4e1b4,10,"[0, 1, 1, 1]",0,0,0,,0.75,4
3001,98886b12-8861-11f1-939b-b48c9db4e1b4,10,"[0, 1, 1, 1]",1,1,1,,0.75,4
3002,98886b12-8861-11f1-939b-b48c9db4e1b4,10,"[0, 1, 1, 1]",2,1,1,,0.75,4
3003,98886b12-8861-11f1-939b-b48c9db4e1b4,10,"[0, 1, 1, 1]",3,1,1,,0.75,4
3004,98886b12-8861-11f1-939b-b48c9db4e1b4,11,"[1, 0, 1, 1]",0,1,1,,0.75,4
3005,98886b12-8861-11f1-939b-b48c9db4e1b4,11,"[1, 0, 1, 1]",1,0,0,,0.75,4
3006,98886b12-8861-11f1-939b-b48c9db4e1b4,11,"[1, 0, 1, 1]",2,1,1,,0.75,4
3007,98886b12-8861-11f1-939b-b48c9db4e1b4,11,"[1, 0, 1, 1]",3,1,1,,0.75,4
3008,98886b12-8861-11f1-939b-b48c9db4e1b4,12,"[0, 1, 1, 1]",0,0,0,,0.75,4
3009,98886b12-8861-11f1-939b-b48c9db4e1b4,12,"[0, 1, 1, 1]",1,1,1,,0.75,4
3010,98886b12-8861-11f1-939b-b48c9db4e1b4,12,"[0, 1, 1, 1]",2,1,1,,0.75,4
3011,98886b12-8861-11f1-939b-b48c9db4e1b4,12,"[0, 1, 1, 1]",3,1,1,,0.75,4
3012,98886b12-8861-11f1-939b-b48c9db4e1b4,13,"[1, 0, 1, 1]",0,1,1,,0.75,4
3013,98886b12-8861-11f1-939b-b48c9db4e1b4,13,"[1, 0, 1, 1]",1,0,0,,0.75,4
3014,98886b12-8861-11f1-939b-b48c9db4e1b4,13,"[1, 0, 1, 1]",2,1,1,,0.75,4
3015,98886b12-8861-11f1-939b-b48c9db4e1b4,13,"[1, 0, 1, 1]",3,1,1,,0.75,4
3016,98886b12-8861-11f1-939b-b48c9db4e1b4,14,"[0, 1, 1, 1]",0,0,0,,0.75,4
3017,98886b12-8861-11f1-939b-b48c9db4e1b4,14,"[0, 1, 1, 1]",1,1,1,,0.75,4
3018,98886b12-8861-11f1-939b-b48c9db4e1b4,14,"[0, 1, 1, 1]",2,1,1,,0.75,4
3019,98886b12-8861-11f1-939b-b48c9db4e1b4,14,"[0, 1, 1, 1]",3,1,1,,0.75,4
3020,98886b12-8861-11f1-939b-b48c9db4e1b4,15,"[1, 0, 1, 1]",0,1,1,,0.75,4
3021,98886b12-8861-11f1-939b-b48c9db4e1b4,15,"[1, 0, 1, 1]",1,0,0,,0.75,4
3022,98886b12-8861-11f1-939b-b48c9db4e1b4,15,"[1, 0, 1, 1]",2,1,1,,0.75,4
3023,98886b12-8861-11f1-939b-b48c9db4e1b4,15,"[1, 0, 1, 1]",3,1,1,,0.75,4
3024,98886b12-8861-11f1-939b-b48c9db4e1b4,16,"[1, 1, 1, 1]",0,1,-1,,0.75,4
3025,98886b12-8861-11f1-939b-b48c9db4e1b4,16,"[1, 1, 1, 1]",1,1,-1,,0.75,4
3026,98886b12-8861-11f1-939b-b48c9db4e1b4,16,"[1, 1, 1, 1]",2,1,-1,,0.75,4
3027,98886b12-8861-11f1-939b-b48c9db4e1b4,16,"[1, 1, 1, 1]",3,1,-1,,0.75,4
3028,98886b12-8861-11f1-939b-b48c9db4e1b4,17,"[1, 0, 1, 1]",0,1,1,,0.75,4
3029,98886b12-8861-11f1-939b-b48c9db4e1b4,17,"[1, 0, 1, 1]",1,0,0,,0.75,4
3030,98886b12-8861-11f1-939b-b48c9db4e1b4,17,"[1, 0, 1, 1]",2,1,1,,0.75,4
3031,98886b12-8861-11f1-939b-b48c9db4e1b4,17,"[1, 0, 1, 1]",3,1,1,,0.75,4
3032,98886b12-8861-11f1-939b-b48c9db4e1b4,18,"[1, 0, 0, 1]",0,1,1,,0.75,4
3033,98886b12-8861-11f1-939b-b48c9db4e1b4,18,"[1, 0, 0, 1]",1,0,0,,0.75,4
3034,98886b12-8861-11f1-939b-b48c9db4e1b4,18,"[1, 0, 0, 1]",2,0,0,,0.75,4
3035,98886b12-8861-11f1-939b-b48c9db4e1b4,18,"[1, 0, 0, 1]",3,1,1,,0.75,4
3036,98886b12-8861-11f1-939b-b48c9db4e1b4,19,"[1, 0, 1, 1]",0,1,1,,0.75,4
3037,98886b12-8861-11f1-939b-b48c9db4e1b4,19,"[1, 0, 1, 1]",1,0,0,,0.75,4
3038,98886b12-8861-11f1-939b-b48c9db4e1b4,19,"[1, 0, 1, 1]",2,1,1,,0.75,4
3039,98886b12-8861-11f1-939b-b48c9db4e1b4,19,"[1, 0, 1, 1]",3,1,1,,0.75,4
3040,9890d66c-8861-11f1-af9b-b48c9db4e1b4,0,"[0, 1, 1, 0]",0,0,0,,0.75,4
3041,9890d66c-8861-11f1-af9b-b48c9db4e1b4,0,"[0, 1, 1, 0]",1,1,1,,0.75,4
3042,9890d66c-8861-11f1-af9b-b48c9db4e1b4,0,"[0, 1, 1, 0]",2,1,1,,0.75,4
3043,9890d66c-8861-11f1-af9b-b48c9db4e1b4,0,"[0, 1, 1, 0]",3,0,0,,0.75,4
3044,9890d66c-8861-11f1-af9b-b48c9db4e1b4,1,"[1, 0, 1, 1]",0,1,1,,0.75,4
3045,9890d66c-8861-11f1-af9b-b48c9db4e1b4,1,"[1, 0, 1, 1]",1,0,0,,0.75,4
3046,9890d66c-8861-11f1-af9b-b48c9db4e1b4,1,"[1, 0, 1, 1]",2,1,1,,0.75,4
3047,9890d66c-8861-11f1-af9b-b48c9db4e1b4,1,"[1, 0, 1, 1]",3,1,1,,0.75,4
3048,9890d66c-8861-11f1-af9b-b48c9db4e1b4,2,"[1, 1, 1, 1]",0,1,-1,,0.75,4
3049,9890d66c-8861-11f1-af9b-b48c9db4e1b4,2,"[1, 1, 1, 1]",1,1,-1,,0.75,4
3050,9890d66c-8861-11f1-af9b-b48c9db4e1b4,2,"[1, 1, 1, 1]",2,1,-1,,0.75,4
3051,9890d66c-8861-11f1-af9b-b48c9db4e1b4,2,"[1, 1, 1, 1]",3,1,-1,,0.75,4
3052,9890d66c-8861-11f1-af9b-b48c9db4e1b4,3,"[1, 0, 1, 1]",0,1,1,,0.75,4
3053,9890d66c-8861-11f1-af9b-b48c9db4e1b4,3,"[1, 0, 1, 1]",1,0,0,,0.75,4
3054,9890d66c-8861-11f1-af9b-b48c9db4e1b4,3,"[1, 0, 1, 1]",2,1,1,,0.75,4
3055,9890d66c-8861-11f1-af9b-b48c9db4e1b4,3,"[1, 0, 1, 1]",3,1,1,,0.75,4
3056,9890d66c-8861-11f1-af9b-b48c9db4e1b4,4,"[1, 1, 1, 1]",0,1,-1,,0.75,4
3057,9890d66c-8861-11f1-af9b-b48c9db4e1b4,4,"[1, 1, 1, 1]",1,1,-1,,0.75,4
3058,9890d66c-8861-11f1-af9b-b48c9db4e1b4,4,"[1, 1, 1, 1]",2,1,-1,,0.75,4
3059,9890d66c-8861-11f1-af9b-b48c9db4e1b4,4,"[1, 1, 1, 1]",3,1,-1,,0.75,4
3060,9890d66c-8861-11f1-af9b-b48c9db4e1b4,5,"[1, 0, 1, 1]",0,1,1,,0.75,4
3061,9890d66c-8861-11f1-af9b-b48c9db4e1b4,5,"[1, 0, 1, 1]",1,0,0,,0.75,4
3062,9890d66c-8861-11f1-af9b-b48c9db4e1b4,5,"[1, 0, 1, 1]",2,1,1,,0.75,4
3063,9890d66c-8861-11f1-af9b-b48c9db4e1b4,5,"[1, 0, 1, 1]",3,1,1,,0.75,4
3064,9890d66c-8861-11f1-af9b-b48c9db4e1b4,6,"[1, 1, 0, 1]",0,1,1,,0.75,4
3065,9890d66c-8861-11f1-af9b-b48c9db4e1b4,6,"[1, 1, 0, 1]",1,1,1,,0.75,4
3066,9890d66c-8861-11f1-af9b-b48c9db4e1b4,6,"[1, 1, 0, 1]",2,0,0,,0.75,4
3067,9890d66c-8861-11f1-af9b-b48c9db4e1b4,6,"[1, 1, 0, 1]",3,1,1,,0.75,4
3068,9890d66c-8861-11f1-af9b-b48c9db4e1b4,7,"[1, 1, 1, 0]",0,1,1,,0.75,4
3069,9890d66c-8861-11f1-af9b-b48c9db4e1b4,7,"[1, 1, 1, 0]",1,1,1,,0.75,4
3070,9890d66c-8861-11f1-af9b-b48c9db4e1b4,7,"[1, 1, 1, 0]",2,1,1,,0.75,4
3071,9890d66c-8861-11f1-af9b-b48c9db4e1b4,7,"[1, 1, 1, 0]",3,0,0,,0.75,4
3072,9890d66c-8861-11f1-af9b-b48c9db4e1b4,8,"[0, 1, 1, 1]",0,0,0,,0.75,4
3073,9890d66c-8861-11f1-af9b-b48c9db4e1b4,8,"[0, 1, 1, 1]",1,1,1,,0.75,4
3074,9890d66c-8861-11f1-af9b-b48c9db4e1b4,8,"[0, 1, 1, 1]",2,1,1,,0.75,4
3075,9890d66c-8861-11f1-af9b-b48c9db4e1b4,8,"[0, 1, 1, 1]",3,1,1,,0.75,4
3076,9890d66c-8861-11f1-af9b-b48c9db4e1b4,9,"[1, 0, 1, 1]",0,1,1,,0.75,4
3077,9890d66c-8861-11f1-af9b-b48c9db4e1b4,9,"[1, 0, 1, 1]",1,0,0,,0.75,4
3078,9890d66c-8861-11f1-af9b-b48c9db4e1b4,9,"[1, 0, 1, 1]",2,1,1,,0.75,4
3079,9890d66c-8861-11f1-af9b-b48c9db4e1b4,9,"[1, 0, 1, 1]",3,1,1,,0.75,4
3080,9890d66c-8861-11f1-af9b-b48c9db4e1b4,10,"[1, 1, 1, 1]",0,1,-1,,0.75,4
3081,9890d66c-8861-11f1-af9b-b48c9db4e1b4,10,"[1, 1, 1, 1]",1,1,-1,,0.75,4
3082,9890d66c-8861-11f1-af9b-b48c9db4e1b4,10,"[1, 1, 1, 1]",2,1,-1,,0.75,4
3083,9890d66c-8861-11f1-af9b-b48c9db4e1b4,10,"[1, 1, 1, 1]",3,1,-1,,0.75,4
3084,9890d66c-8861-11f1-af9b-b48c9db4e1b4,11,"[1, 0, 1, 1]",0,1,1,,0.75,4
3085,9890d66c-8861-11f1-af9b-b48c9db4e1b4,11,"[1, 0, 1, 1]",1,0,0,,0.75,4
3086,9890d66c-8861-11f1-af9b-b48c9db4e1b4,11,"[1, 0, 1, 1]",2,1,1,,0.75,4
3087,9890d66c-8861-11f1-af9b-b48c9db4e1b4,11,"[1, 0, 1, 1]",3,1,1,,0.75,4
3088,9890d66c-8861-11f1-af9b-b48c9db4e1b4,12,"[1, 1, 0, 1]",0,1,1,,0.75,4
3089,9890d66c-8861-11f1-af9b-b48c9db4e1b4,12,"[1, 1, 0, 1]",1,1,1,,0.75,4
3090,9890d66c-8861-11f1-af9b-b48c9db4e1b4,12,"[1, 1, 0, 1]",2,0,0,,0.75,4
3091,9890d66c-8861-11f1-af9b-b48c9db4e1b4,12,"[1, 1, 0, 1]",3,1,1,,0.75,4
3092,9890d66c-8861-11f1-af9b-b48c9db4e1b4,13,"[1, 0, 1, 0]",0,1,1,,0.75,4
3093,9890d66c-8861-11f1-af9b-b48c9db4e1b4,13,"[1, 0, 1, 0]",1,0,0,,0.75,4
3094,9890d66c-8861-11f1-af9b-b48c9db4e1b4,13,"[1, 0, 1, 0]",2,1,1,,0.75,4
3095,9890d66c-8861-11f1-af9b-b48c9db4e1b4,13,"[1, 0, 1, 0]",3,0,0,,0.75,4
3096,9890d66c-8861-11f1-af9b-b48c9db4e1b4,14,"[1, 1, 0, 1]",0,1,1,,0.75,4
3097,9890d66c-8861-11f1-af9b-b48c9db4e1b4,14,"[1, 1, 0, 1]",1,1,1,,0.75,4
3098,9890d66c-8861-11f1-af9b-b48c9db4e1b4,14,"[1, 1, 0, 1]",2,0,0,,0.75,4
3099,9890d66c-8861-11f1-af9b-b48c9db4e1b4,14,"[1, 1, 0, 1]",3,1,1,,0.75,4
3100,9890d66c-8861-11f1-af9b-b48c9db4e1b4,15,"[1, 1, 1, 0]",0,1,1,,0.75,4
3101,9890d66c-8861-11f1-af9b-b48c9db4e1b4,15,"[1, 1, 1, 0]",1,1,1,,0.75,4
3102,9890d66c-8861-11f1-af9b-b48c9db4e1b4,15,"[1, 1, 1, 0]",2,1,1,,0.75,4
3103,9890d66c-8861-11f1-af9b-b48c9db4e1b4,15,"[1, 1, 1, 0]",3,0,0,,0.75,4
3104,9890d66c-8861-11f1-af9b-b48c9db4e1b4,16,"[0, 1, 1, 1]",0,0,0,,0.75,4
3105,9890d66c-8861-11f1-af9b-b48c9db4e1b4,16,"[0, 1, 1, 1]",1,1,1,,0.75,4
3106,9890d66c-8861-11f1-af9b-b48c9db4e1b4,16,"[0, 1, 1, 1]",2,1,1,,0.75,4
3107,9890d66c-8861-11f1-af9b-b48c9db4e1b4,16,"[0, 1, 1, 1]",3,1,1,,0.75,4
3108,9890d66c-8861-11f1-af9b-b48c9db4e1b4,17,"[1, 0, 1, 1]",0,1,1,,0.75,4
3109,9890d66c-8861-11f1-af9b-b48c9db4e1b4,17,"[1, 0, 1, 1]",1,0,0,,0.75,4
3110,9890d66c-8861-11f1-af9b-b48c9db4e1b4,17,"[1, 0, 1, 1]",2,1,1,,0.75,4
3111,9890d66c-8861-11f1-af9b-b48c9db4e1b4,17,"[1, 0, 1, 1]",3,1,1,,0.75,4
3112,9890d66c-8861-11f1-af9b-b48c9db4e1b4,18,"[0, 1, 0, 1]",0,0,0,,0.75,4
3113,9890d66c-8861-11f1-af9b-b48c9db4e1b4,18,"[0, 1, 0, 1]",1,1,1,,0.75,4
3114,9890d66c-8861-11f1-af9b-b48c9db4e1b4,18,"[0, 1, 0, 1]",2,0,0,,0.75,4
3115,9890d66c-8861-11f1-af9b-b48c9db4e1b4,18,"[0, 1, 0, 1]",3,1,1,,0.75,4
3116,9890d66c-8861-11f1-af9b-b48c9db4e1b4,19,"[1, 0, 1, 1]",0,1,1,,0.75,4
3117,9890d66c-8861-11f1-af9b-b48c9db4e1b4,19,"[1, 0, 1, 1]",1,0,0,,0.75,4
3118,9890d66c-8861-11f1-af9b-b48c9db4e1b4,19,"[1, 0, 1, 1]",2,1,1,,0.75,4
3119,9890d66c-8861-11f1-af9b-b48c9db4e1b4,19,"[1, 0, 1, 1]",3,1,1,,0.75,4
3120,989994a8-8861-11f1-808a-b48c9db4e1b4,0,"[0, 0, 1, 0]",0,0,0,,0.75,4
3121,989994a8-8861-11f1-808a-b48c9db4e1b4,0,"[0, 0, 1, 0]",1,0,0,,0.75,4
3122,989994a8-8861-11f1-808a-b48c9db4e1b4,0,"[0, 0, 1, 0]",2,1,1,,0.75,4
3123,989994a8-8861-11f1-808a-b48c9db4e1b4,0,"[0, 0, 1, 0]",3,0,0,,0.75,4
3124,989994a8-8861-11f1-808a-b48c9db4e1b4,1,"[1, 0, 1, 1]",0,1,1,,0.75,4
3125,989994a8-8861-11f1-808a-b48c9db4e1b4,1,"[1, 0, 1, 1]",1,0,0,,0.75,4
3126,989994a8-8861-11f1-808a-b48c9db4e1b4,1,"[1, 0, 1, 1]",2,1,1,,0.75,4
3127,989994a8-8861-11f1-808a-b48c9db4e1b4,1,"[1, 0, 1, 1]",3,1,1,,0.75,4
3128,989994a8-8861-11f1-808a-b48c9db4e1b4,2,"[0, 1, 1, 1]",0,0,0,,0.75,4
3129,989994a8-8861-11f1-808a-b48c9db4e1b4,2,"[0, 1, 1, 1]",1,1,1,,0.75,4
3130,989994a8-8861-11f1-808a-b48c9db4e1b4,2,"[0, 1, 1, 1]",2,1,1,,0.75,4
3131,989994a8-8861-11f1-808a-b48c9db4e1b4,2,"[0, 1, 1, 1]",3,1,1,,0.75,4
3132,989994a8-8861-11f1-808a-b48c9db4e1b4,3,"[1, 0, 1, 1]",0,1,1,,0.75,4
3133,989994a8-8861-11f1-808a-b48c9db4e1b4,3,"[1, 0, 1, 1]",1,0,0,,0.75,4
3134,989994a8-8861-11f1-808a-b48c9db4e1b4,3,"[1, 0, 1, 1]",2,1,1,,0.75,4
3135,989994a8-8861-11f1-808a-b48c9db4e1b4,3,"[1, 0, 1, 1]",3,1,1,,0.75,4
3136,989994a8-8861-11f1-808a-b48c9db4e1b4,4,"[1, 1, 1, 1]",0,1,-1,,0.75,4
3137,989994a8-8861-11f1-808a-b48c9db4e1b4,4,"[1, 1, 1, 1]",1,1,-1,,0.75,4
3138,989994a8-8861-11f1-808a-b48c9db4e1b4,4,"[1, 1, 1, 1]",2,1,-1,,0.75,4
3139,989994a8-8861-11f1-808a-b48c9db4e1b4,4,"[1, 1, 1, 1]",3,1,-1,,0.75,4
3140,989994a8-8861-11f1-808a-b48c9db4e1b4,5,"[1, 0, 1, 1]",0,1,1,,0.75,4
3141,989994a8-8861-11f1-808a-b48c9db4e1b4,5,"[1, 0, 1, 1]",1,0,0,,0.75,4
3142,989994a8-8861-11f1-808a-b48c9db4e1b4,5,"[1, 0, 1, 1]",2,1,1,,0.75,4
3143,989994a8-8861-11f1-808a-b48c9db4e1b4,5,"[1, 0, 1, 1]",3,1,1,,0.75,4
3144,989994a8-8861-11f1-808a-b48c9db4e1b4,6,"[1, 1, 1, 1]",0,1,-1,,0.75,4
3145,989994a8-8861-11f1-808a-b48c9db4e1b4,6,"[1, 1, 1, 1]",1,1,-1,,0.75,4
3146,989994a8-8861-11f1-808a-b48c9db4e1b4,6,"[1, 1, 1, 1]",2,1,-1,,0.75,4
3147,989994a8-8861-11f1-808a-b48c9db4e1b4,6,"[1, 1, 1, 1]",3,1,-1,,0.75,4
3148,989994a8-8861-11f1-808a-b48c9db4e1b4,7,"[1, 0, 1, 1]",0,1,1,,0.75,4
3149,989994a8-8861-11f1-808a-b48c9db4e1b4,7,"[1, 0, 1, 1]",1,0,0,,0.75,4
3150,989994a8-8861-11f1-808a-b48c9db4e1b4,7,"[1, 0, 1, 1]",2,1,1,,0.75,4
3151,989994a8-8861-11f1-808a-b48c9db4e1b4,7,"[1, 0, 1, 1]",3,1,1,,0.75,4
3152,989994a8-8861-11f1-808a-b48c9db4e1b4,8,"[1, 1, 0, 1]",0,1,1,,0.75,4
3153,989994a8-8861-11f1-808a-b48c9db4e1b4,8,"[1, 1, 0, 1]",1,1,1,,0.75,4
3154,989994a8-8861-11f1-808a-b48c9db4e1b4,8,"[1, 1, 0, 1]",2,0,0,,0.75,4
3155,989994a8-8861-11f1-808a-b48c9db4e1b4,8,"[1, 1, 0, 1]",3,1,1,,0.75,4
3156,989994a8-8861-11f1-808a-b48c9db4e1b4,9,"[1, 0, 1, 0]",0,1,1,,0.75,4
3157,989994a8-8861-11f1-808a-b48c9db4e1b4,9,"[1, 0, 1, 0]",1,0,0,,0.75,4
3158,989994a8-8861-11f1-808a-b48c9db4e1b4,9,"[1, 0, 1, 0]",2,1,1,,0.75,4
3159,989994a8-8861-11f1-808a-b48c9db4e1b4,9,"[1, 0, 1, 0]",3,0,0,,0.75,4
3160,989994a8-8861-11f1-808a-b48c9db4e1b4,10,"[0, 1, 0, 1]",0,0,0,,0.75,4
3161,989994a8-8861-11f1-808a-b48c9db4e1b4,10,"[0, 1, 0, 1]",1,1,1,,0.75,4
3162,989994a8-8861-11f1-808a-b48c9db4e1b4,10,"[0, 1, 0, 1]",2,0,0,,0.75,4
3163,989994a8-8861-11f1-808a-b48c9db4e1b4,10,"[0, 1, 0, 1]",3,1,1,,0.75,4
3164,989994a8-8861-11f1-808a-b48c9db4e1b4,11,"[1, 0, 1, 1]",0,1,1,,0.75,4
3165,989994a8-8861-11f1-808a-b48c9db4e1b4,11,"[1, 0, 1, 1]",1,0,0,,0.75,4
3166,989994a8-8861-11f1-808a-b48c9db4e1b4,11,"[1, 0, 1, 1]",2,1,1,,0.75,4
3167,989994a8-8861-11f1-808a-b48c9db4e1b4,11,"[1, 0, 1, 1]",3,1,1,,0.75,4
3168,989994a8-8861-11f1-808a-b48c9db4e1b4,12,"[1, 1, 0, 1]",0,1,1,,0.75,4
3169,989994a8-8861-11f1-808a-b48c9db4e1b4,12,"[1, 1, 0, 1]",1,1,1,,0.75,4
3170,989994a8-8861-11f1-808a-b48c9db4e1b4,12,"[1, 1, 0, 1]",2,0,0,,0.75,4
3171,989994a8-8861-11f1-808a-b48c9db4e1b4,12,"[1, 1, 0, 1]",3,1,1,,0.75,4
3172,989994a8-8861-11f1-808a-b48c9db4e1b4,13,"[1, 0, 1, 1]",0,1,1,,0.75,4
3173,989994a8-8861-11f1-808a-b48c9db4e1b4,13,"[1, 0, 1, 1]",1,0,0,,0.75,4
3174,989994a8-8861-11f1-808a-b48c9db4e1b4,13,"[1, 0, 1, 1]",2,1,1,,0.75,4
3175,989994a8-8861-11f1-808a-b48c9db4e1b4,13,"[1, 0, 1, 1]",3,1,1,,0.75,4
3176,989994a8-8861-11f1-808a-b48c9db4e1b4,14,"[1, 1, 0, 1]",0,1,1,,0.75,4
3177,989994a8-8861-11f1-808a-b48c9db4e1b4,14,"[1, 1, 0, 1]",1,1,1,,0.75,4
3178,989994a8-8861-11f1-808a-b48c9db4e1b4,14,"[1, 1, 0, 1]",2,0,0,,0.75,4
3179,989994a8-8861-11f1-808a-b48c9db4e1b4,14,"[1, 1, 0, 1]",3,1,1,,0.75,4
3180,989994a8-8861-11f1-808a-b48c9db4e1b4,15,"[1, 1, 1, 0]",0,1,1,,0.75,4
3181,989994a8-8861-11f1-808a-b48c9db4e1b4,15,"[1, 1, 1, 0]",1,1,1,,0.75,4
3182,989994a8-8861-11f1-808a-b48c9db4e1b4,15,"[1, 1, 1, 0]",2,1,1,,0.75,4
3183,989994a8-8861-11f1-808a-b48c9db4e1b4,15,"[1, 1, 1, 0]",3,0,0,,0.75,4
3184,989994a8-8861-11f1-808a-b48c9db4e1b4,16,"[0, 1, 1, 1]",0,0,0,,0.75,4
3185,989994a8-8861-11f1-808a-b48c9db4e1b4,16,"[0, 1, 1, 1]",1,1,1,,0.75,4
3186,989994a8-8861-11f1-808a-b48c9db4e1b4,16,"[0, 1, 1, 1]",2,1,1,,0.75,4
3187,989994a8-8861-11f1-808a-b48c9db4e1b4,16,"[0, 1, 1, 1]",3,1,1,,0.75,4
3188,989994a8-8861-11f1-808a-b48c9db4e1b4,17,"[1, 0, 1, 1]",0,1,1,,0.75,4
3189,989994a8-8861-11f1-808a-b48c9db4e1b4,17,"[1, 0, 1, 1]",1,0,0,,0.75,4
3190,989994a8-8861-11f1-808a-b48c9db4e1b4,17,"[1, 0, 1, 1]",2,1,1,,0.75,4
3191,989994a8-8861-11f1-808a-b48c9db4e1b4,17,"[1, 0, 1, 1]",3,1,1,,0.75,4
3192,989994a8-8861-11f1-808a-b48c9db4e1b4,18,"[1, 1, 0, 1]",0,1,1,,0.75,4
3193,989994a8-8861-11f1-808a-b48c9db4e1b4,18,"[1, 1, 0, 1]",1,1,1,,0.75,4
3194,989994a8-8861-11f1-808a-b48c9db4e1b4,18,"[1, 1, 0, 1]",2,0,0,,0.75,4
3195,989994a8-8861-11f1-808a-b48c9db4e1b4,18,"[1, 1, 0, 1]",3,1,1,,0.75,4
3196,989994a8-8861-11f1-808a-b48c9db4e1b4,19,"[1, 0, 1, 1]",0,1,1,,0.75,4
3197,989994a8-8861-11f1-808a-b48c9db4e1b4,19,"[1, 0, 1, 1]",1,0,0,,0.75,4
3198,989994a8-8861-11f1-808a-b48c9db4e1b4,19,"[1, 0, 1, 1]",2,1,1,,0.75,4
3199,989994a8-8861-11f1-808a-b48c9db4e1b4,19,"[1, 0, 1, 1]",3,1,1,,0.75,4
3200,98a26737-8861-11f1-b4fc-b48c9db4e1b4,0,"[0, 1, 0, 1]",0,0,0,,0.75,4
3201,98a26737-8861-11f1-b4fc-b48c9db4e1b4,0,"[0, 1, 0, 1]",1,1,1,,0.75,4
3202,98a26737-8861-11f1-b4fc-b48c9db4e1b4,0,"[0, 1, 0, 1]",2,0,0,,0.75,4
3203,98a26737-8861-11f1-b4fc-b48c9db4e1b4,0,"[0, 1, 0, 1]",3,1,1,,0.75,4
3204,98a26737-8861-11f1-b4fc-b48c9db4e1b4,1,"[1, 0, 1, 1]",0,1,1,,0.75,4
3205,98a26737-8861-11f1-b4fc-b48c9db4e1b4,1,"[1, 0, 1, 1]",1,0,0,,0.75,4
3206,98a26737-8861-11f1-b4fc-b48c9db4e1b4,1,"[1, 0, 1, 1]",2,1,1,,0.75,4
3207,98a26737-8861-11f1-b4fc-b48c9db4e1b4,1,"[1, 0, 1, 1]",3,1,1,,0.75,4
3208,98a26737-8861-11f1-b4fc-b48c9db4e1b4,2,"[1, 1, 0, 1]",0,1,1,,0.75,4
3209,98a26737-8861-11f1-b4fc-b48c9db4e1b4,2,"[1, 1, 0, 1]",1,1,1,,0.75,4
3210,98a26737-8861-11f1-b4fc-b48c9db4e1b4,2,"[1, 1, 0, 1]",2,0,0,,0.75,4
3211,98a26737-8861-11f1-b4fc-b48c9db4e1b4,2,"[1, 1, 0, 1]",3,1,1,,0.75,4
3212,98a26737-8861-11f1-b4fc-b48c9db4e1b4,3,"[1, 1, 1, 0]",0,1,1,,0.75,4
3213,98a26737-8861-11f1-b4fc-b48c9db4e1b4,3,"[1, 1, 1, 0]",1,1,1,,0.75,4
3214,98a26737-8861-11f1-b4fc-b48c9db4e1b4,3,"[1, 1, 1, 0]",2,1,1,,0.75,4
3215,98a26737-8861-11f1-b4fc-b48c9db4e1b4,3,"[1, 1, 1, 0]",3,0,0,,0.75,4
3216,98a26737-8861-11f1-b4fc-b48c9db4e1b4,4,"[0, 1, 1, 1]",0,0,0,,0.75,4
3217,98a26737-8861-11f1-b4fc-b48c9db4e1b4,4,"[0, 1, 1, 1]",1,1,1,,0.75,4
3218,98a26737-8861-11f1-b4fc-b48c9db4e1b4,4,"[0, 1, 1, 1]",2,1,1,,0.75,4
3219,98a26737-8861-11f1-b4fc-b48c9db4e1b4,4,"[0, 1, 1, 1]",3,1,1,,0.75,4
3220,98a26737-8861-11f1-b4fc-b48c9db4e1b4,5,"[1, 0, 1, 1]",0,1,1,,0.75,4
3221,98a26737-8861-11f1-b4fc-b48c9db4e1b4,5,"[1, 0, 1, 1]",1,0,0,,0.75,4
3222,98a26737-8861-11f1-b4fc-b48c9db4e1b4,5,"[1, 0, 1, 1]",2,1,1,,0.75,4
3223,98a26737-8861-11f1-b4fc-b48c9db4e1b4,5,"[1, 0, 1, 1]",3,1,1,,0.75,4
3224,98a26737-8861-11f1-b4fc-b48c9db4e1b4,6,"[1, 1, 1, 1]",0,1,-1,,0.75,4
3225,98a26737-8861-11f1-b4fc-b48c9db4e1b4,6,"[1, 1, 1, 1]",1,1,-1,,0.75,4
3226,98a26737-8861-11f1-b4fc-b48c9db4e1b4,6,"[1, 1, 1, 1]",2,1,-1,,0.75,4
3227,98a26737-8861-11f1-b4fc-b48c9db4e1b4,6,"[1, 1, 1, 1]",3,1,-1,,0.75,4
3228,98a26737-8861-11f1-b4fc-b48c9db4e1b4,7,"[1, 0, 1, 1]",0,1,1,,0.75,4
3229,98a26737-8861-11f1-b4fc-b48c9db4e1b4,7,"[1, 0, 1, 1]",1,0,0,,0.75,4
3230,98a26737-8861-11f1-b4fc-b48c9db4e1b4,7,"[1, 0, 1, 1]",2,1,1,,0.75,4
3231,98a26737-8861-11f1-b4fc-b48c9db4e1b4,7,"[1, 0, 1, 1]",3,1,1,,0.75,4
3232,98a26737-8861-11f1-b4fc-b48c9db4e1b4,8,"[1, 1, 0, 1]",0,1,1,,0.75,4
3233,98a26737-8861-11f1-b4fc-b48c9db4e1b4,8,"[1, 1, 0, 1]",1,1,1,,0.75,4
3234,98a26737-8861-11f1-b4fc-b48c9db4e1b4,8,"[1, 1, 0, 1]",2,0,0,,0.75,4
3235,98a26737-8861-11f1-b4fc-b48c9db4e1b4,8,"[1, 1, 0, 1]",3,1,1,,0.75,4
3236,98a26737-8861-11f1-b4fc-b48c9db4e1b4,9,"[1, 0, 1, 1]",0,1,1,,0.75,4
3237,98a26737-8861-11f1-b4fc-b48c9db4e1b4,9,"[1, 0, 1, 1]",1,0,0,,0.75,4
3238,98a26737-8861-11f1-b4fc-b48c9db4e1b4,9,"[1, 0, 1, 1]",2,1,1,,0.75,4
3239,98a26737-8861-11f1-b4fc-b48c9db4e1b4,9,"[1, 0, 1, 1]",3,1,1,,0.75,4
3240,98a26737-8861-11f1-b4fc-b48c9db4e1b4,10,"[1, 1, 0, 1]",0,1,1,,0.75,4
3241,98a26737-8861-11f1-b4fc-b48c9db4e1b4,10,"[1, 1, 0, 1]",1,1,1,,0.75,4
3242,98a26737-8861-11f1-b4fc-b48c9db4e1b4,10,"[1, 1, 0, 1]",2,0,0,,0.75,4
3243,98a26737-8861-11f1-b4fc-b48c9db4e1b4,10,"[1, 1, 0, 1]",3,1,1,,0.75,4
3244,98a26737-8861-11f1-b4fc-b48c9db4e1b4,11,"[1, 0, 1, 1]",0,1,1,,0.75,4
3245,98a26737-8861-11f1-b4fc-b48c9db4e1b4,11,"[1, 0, 1, 1]",1,0,0,,0.75,4
3246,98a26737-8861-11f1-b4fc-b48c9db4e1b4,11,"[1, 0, 1, 1]",2,1,1,,0.75,4
3247,98a26737-8861-11f1-b4fc-b48c9db4e1b4,11,"[1, 0, 1, 1]",3,1,1,,0.75,4
3248,98a26737-8861-11f1-b4fc-b48c9db4e1b4,12,"[1, 1, 0, 1]",0,1,1,,0.75,4
3249,98a26737-8861-11f1-b4fc-b48c9db4e1b4,12,"[1, 1, 0, 1]",1,1,1,,0.75,4
3250,98a26737-8861-11f1-b4fc-b48c9db4e1b4,12,"[1, 1, 0, 1]",2,0,0,,0.75,4
3251,98a26737-8861-11f1-b4fc-b48c9db4e1b4,12,"[1, 1, 0, 1]",3,1,1,,0.75,4
3252,98a26737-8861-11f1-b4fc-b48c9db4e1b4,13,"[1, 0, 1, 0]",0,1,1,,0.75,4
3253,98a26737-8861-11f1-b4fc-b48c9db4e1b4,13,"[1, 0, 1, 0]",1,0,0,,0.75,4
3254,98a26737-8861-11f1-b4fc-b48c9db4e1b4,13,"[1, 0, 1, 0]",2,1,1,,0.75,4
3255,98a26737-8861-11f1-b4fc-b48c9db4e1b4,13,"[1, 0, 1, 0]",3,0,0,,0.75,4
3256,98a26737-8861-11f1-b4fc-b48c9db4e1b4,14,"[1, 1, 1, 1]",0,1,-1,,0.75,4
3257,98a26737-8861-11f1-b4fc-b48c9db4e1b4,14,"[1, 1, 1, 1]",1,1,-1,,0.75,4
3258,98a26737-8861-11f1-b4fc-b48c9db4e1b4,14,"[1, 1, 1, 1]",2,1,-1,,0.75,4
3259,98a26737-8861-11f1-b4fc-b48c9db4e1b4,14,"[1, 1, 1, 1]",3,1,-1,,0.75,4
3260,98a26737-8861-11f1-b4fc-b48c9db4e1b4,15,"[1, 0, 1, 1]",0,1,1,,0.75,4
3261,98a26737-8861-11f1-b4fc-b48c9db4e1b4,15,"[1, 0, 1, 1]",1,0,0,,0.75,4
3262,98a26737-8861-11f1-b4fc-b48c9db4e1b4,15,"[1, 0, 1, 1]",2,1,1,,0.75,4
3263,98a26737-8861-11f1-b4fc-b48c9db4e1b4,15,"[1, 0, 1, 1]",3,1,1,,0.75,4
3264,98a26737-8861-11f1-b4fc-b48c9db4e1b4,16,"[1, 1, 0, 1]",0,1,1,,0.75,4
3265,98a26737-8861-11f1-b4fc-b48c9db4e1b4,16,"[1, 1, 0, 1]",1,1,1,,0.75,4
3266,98a26737-8861-11f1-b4fc-b48c9db4e1b4,16,"[1, 1, 0, 1]",2,0,0,,0.75,4
3267,98a26737-8861-11f1-b4fc-b48c9db4e1b4,16,"[1, 1, 0, 1]",3,1,1,,0.75,4
3268,98a26737-8861-11f1-b4fc-b48c9db4e1b4,17,"[1, 0, 1, 1]",0,1,1,,0.75,4
3269,98a26737-8861-11f1-b4fc-b48c9db4e1b4,17,"[1, 0, 1, 1]",1,0,0,,0.75,4
3270,98a26737-8861-11f1-b4fc-b48c9db4e1b4,17,"[1, 0, 1, 1]",2,1,1,,0.75,4
3271,98a26737-8861-11f1-b4fc-b48c9db4e1b4,17,"[1, 0, 1, 1]",3,1,1,,0.75,4
3272,98a26737-8861-11f1-b4fc-b48c9db4e1b4,18,"[1, 1, 0, 1]",0,1,1,,0.75,4
3273,98a26737-8861-11f1-b4fc-b48c9db4e1b4,18,"[1, 1, 0, 1]",1,1,1,,0.75,4
3274,98a26737-8861-11f1-b4fc-b48c9db4e1b4,18,"[1, 1, 0, 1]",2,0,0,,0.75,4
3275,98a26737-8861-11f1-b4fc-b48c9db4e1b4,18,"[1, 1, 0, 1]",3,1,1,,0.75,4
3276,98a26737-8861-11f1-b4fc-b48c9db4e1b4,19,"[1, 0, 1, 1]",0,1,1,,0.75,4
3277,98a26737-8861-11f1-b4fc-b48c9db4e1b4,19,"[1, 0, 1, 1]",1,0,0,,0.75,4
3278,98a26737-8861-11f1-b4fc-b48c9db4e1b4,19,"[1, 0, 1, 1]",2,1,1,,0.75,4
3279,98a26737-8861-11f1-b4fc-b48c9db4e1b4,19,"[1, 0, 1, 1]",3,1,1,,0.75,4
3280,98ab561c-8861-11f1-8656-b48c9db4e1b4,0,"[0, 1, 0, 1]",0,0,0,,0.75,4
3281,98ab561c-8861-11f1-8656-b48c9db4e1b4,0,"[0, 1, 0, 1]",1,1,1,,0.75,4
3282,98ab561c-8861-11f1-8656-b48c9db4e1b4,0,"[0, 1, 0, 1]",2,0,0,,0.75,4
3283,98ab561c-8861-11f1-8656-b48c9db4e1b4,0,"[0, 1, 0, 1]",3,1,1,,0.75,4
3284,98ab561c-8861-11f1-8656-b48c9db4e1b4,1,"[1, 0, 1, 1]",0,1,1,,0.75,4
3285,98ab561c-8861-11f1-8656-b48c9db4e1b4,1,"[1, 0, 1, 1]",1,0,0,,0.75,4
3286,98ab561c-8861-11f1-8656-b48c9db4e1b4,1,"[1, 0, 1, 1]",2,1,1,,0.75,4
3287,98ab561c-8861-11f1-8656-b48c9db4e1b4,1,"[1, 0, 1, 1]",3,1,1,,0.75,4
3288,98ab561c-8861-11f1-8656-b48c9db4e1b4,2,"[1, 1, 0, 1]",0,1,1,,0.75,4
3289,98ab561c-8861-11f1-8656-b48c9db4e1b4,2,"[1, 1, 0, 1]",1,1,1,,0.75,4
3290,98ab561c-8861-11f1-8656-b48c9db4e1b4,2,"[1, 1, 0, 1]",2,0,0,,0.75,4
3291,98ab561c-8861-11f1-8656-b48c9db4e1b4,2,"[1, 1, 0, 1]",3,1,1,,0.75,4
3292,98ab561c-8861-11f1-8656-b48c9db4e1b4,3,"[1, 1, 1, 0]",0,1,1,,0.75,4
3293,98ab561c-8861-11f1-8656-b48c9db4e1b4,3,"[1, 1, 1, 0]",1,1,1,,0.75,4
3294,98ab561c-8861-11f1-8656-b48c9db4e1b4,3,"[1, 1, 1, 0]",2,1,1,,0.75,4
3295,98ab561c-8861-11f1-8656-b48c9db4e1b4,3,"[1, 1, 1, 0]",3,0,0,,0.75,4
3296,98ab561c-8861-11f1-8656-b48c9db4e1b4,4,"[0, 1, 1, 1]",0,0,0,,0.75,4
3297,98ab561c-8861-11f1-8656-b48c9db4e1b4,4,"[0, 1, 1, 1]",1,1,1,,0.75,4
3298,98ab561c-8861-11f1-8656-b48c9db4e1b4,4,"[0, 1, 1, 1]",2,1,1,,0.75,4
3299,98ab561c-8861-11f1-8656-b48c9db4e1b4,4,"[0, 1, 1, 1]",3,1,1,,0.75,4
3300,98ab561c-8861-11f1-8656-b48c9db4e1b4,5,"[1, 0, 1, 1]",0,1,1,,0.75,4
3301,98ab561c-8861-11f1-8656-b48c9db4e1b4,5,"[1, 0, 1, 1]",1,0,0,,0.75,4
3302,98ab561c-8861-11f1-8656-b48c9db4e1b4,5,"[1, 0, 1, 1]",2,1,1,,0.75,4
3303,98ab561c-8861-11f1-8656-b48c9db4e1b4,5,"[1, 0, 1, 1]",3,1,1,,0.75,4
3304,98ab561c-8861-11f1-8656-b48c9db4e1b4,6,"[0, 1, 1, 1]",0,0,0,,0.75,4
3305,98ab561c-8861-11f1-8656-b48c9db4e1b4,6,"[0, 1, 1, 1]",1,1,1,,0.75,4
3306,98ab561c-8861-11f1-8656-b48c9db4e1b4,6,"[0, 1, 1, 1]",2,1,1,,0.75,4
3307,98ab561c-8861-11f1-8656-b48c9db4e1b4,6,"[0, 1, 1, 1]",3,1,1,,0.75,4
3308,98ab561c-8861-11f1-8656-b48c9db4e1b4,7,"[1, 0, 1, 1]",0,1,1,,0.75,4
3309,98ab561c-8861-11f1-8656-b48c9db4e1b4,7,"[1, 0, 1, 1]",1,0,0,,0.75,4
3310,98ab561c-8861-11f1-8656-b48c9db4e1b4,7,"[1, 0, 1, 1]",2,1,1,,0.75,4
3311,98ab561c-8861-11f1-8656-b48c9db4e1b4,7,"[1, 0, 1, 1]",3,1,1,,0.75,4
3312,98ab561c-8861-11f1-8656-b48c9db4e1b4,8,"[0, 1, 0, 1]",0,0,0,,0.75,4
3313,98ab561c-8861-11f1-8656-b48c9db4e1b4,8,"[0, 1, 0, 1]",1,1,1,,0.75,4
3314,98ab561c-8861-11f1-8656-b48c9db4e1b4,8,"[0, 1, 0, 1]",2,0,0,,0.75,4
3315,98ab561c-8861-11f1-8656-b48c9db4e1b4,8,"[0, 1, 0, 1]",3,1,1,,0.75,4
3316,98ab561c-8861-11f1-8656-b48c9db4e1b4,9,"[1, 0, 1, 1]",0,1,1,,0.75,4
3317,98ab561c-8861-11f1-8656-b48c9db4e1b4,9,"[1, 0, 1, 1]",1,0,0,,0.75,4
3318,98ab561c-8861-11f1-8656-b48c9db4e1b4,9,"[1, 0, 1, 1]",2,1,1,,0.75,4
3319,98ab561c-8861-11f1-8656-b48c9db4e1b4,9,"[1, 0, 1, 1]",3,1,1,,0.75,4
3320,98ab561c-8861-11f1-8656-b48c9db4e1b4,10,"[0, 1, 0, 1]",0,0,0,,0.75,4
3321,98ab561c-8861-11f1-8656-b48c9db4e1b4,10,"[0, 1, 0, 1]",1,1,1,,0.75,4
3322,98ab561c-8861-11f1-8656-b48c9db4e1b4,10,"[0, 1, 0, 1]",2,0,0,,0.75,4
3323,98ab561c-8861-11f1-8656-b48c9db4e1b4,10,"[0, 1, 0, 1]",3,1,1,,0.75,4
3324,98ab561c-8861-11f1-8656-b48c9db4e1b4,11,"[1, 0, 1, 1]",0,1,1,,0.75,4
3325,98ab561c-8861-11f1-8656-b48c9db4e1b4,11,"[1, 0, 1, 1]",1,0,0,,0.75,4
3326,98ab561c-8861-11f1-8656-b48c9db4e1b4,11,"[1, 0, 1, 1]",2,1,1,,0.75,4
3327,98ab561c-8861-11f1-8656-b48c9db4e1b4,11,"[1, 0, 1, 1]",3,1,1,,0.75,4
3328,98ab561c-8861-11f1-8656-b48c9db4e1b4,12,"[1, 1, 0, 1]",0,1,1,,0.75,4
3329,98ab561c-8861-11f1-8656-b48c9db4e1b4,12,"[1, 1, 0, 1]",1,1,1,,0.75,4
3330,98ab561c-8861-11f1-8656-b48c9db4e1b4,12,"[1, 1, 0, 1]",2,0,0,,0.75,4
3331,98ab561c-8861-11f1-8656-b48c9db4e1b4,12,"[1, 1, 0, 1]",3,1,1,,0.75,4
3332,98ab561c-8861-11f1-8656-b48c9db4e1b4,13,"[1, 1, 1, 1]",0,1,-1,,0.75,4
3333,98ab561c-8861-11f1-8656-b48c9db4e1b4,13,"[1, 1, 1, 1]",1,1,-1,,0.75,4
3334,98ab561c-8861-11f1-8656-b48c9db4e1b4,13,"[1, 1, 1, 1]",2,1,-1,,0.75,4
3335,98ab561c-8861-11f1-8656-b48c9db4e1b4,13,"[1, 1, 1, 1]",3,1,-1,,0.75,4
3336,98ab561c-8861-11f1-8656-b48c9db4e1b4,14,"[1, 1, 0, 1]",0,1,1,,0.75,4
3337,98ab561c-8861-11f1-8656-b48c9db4e1b4,14,"[1, 1, 0, 1]",1,1,1,,0.75,4
3338,98ab561c-8861-11f1-8656-b48c9db4e1b4,14,"[1, 1, 0, 1]",2,0,0,,0.75,4
3339,98ab561c-8861-11f1-8656-b48c9db4e1b4,14,"[1, 1, 0, 1]",3,1,1,,0.75,4
3340,98ab561c-8861-11f1-8656-b48c9db4e1b4,15,"[1, 0, 1, 1]",0,1,1,,0.75,4
3341,98ab561c-8861-11f1-8656-b48c9db4e1b4,15,"[1, 0, 1, 1]",1,0,0,,0.75,4
3342,98ab561c-8861-11f1-8656-b48c9db4e1b4,15,"[1, 0, 1, 1]",2,1,1,,0.75,4
3343,98ab561c-8861-11f1-8656-b48c9db4e1b4,15,"[1, 0, 1, 1]",3,1,1,,0.75,4
3344,98ab561c-8861-11f1-8656-b48c9db4e1b4,16,"[1, 1, 0, 1]",0,1,1,,0.75,4
3345,98ab561c-8861-11f1-8656-b48c9db4e1b4,16,"[1, 1, 0, 1]",1,1,1,,0.75,4
3346,98ab561c-8861-11f1-8656-b48c9db4e1b4,16,"[1, 1, 0, 1]",2,0,0,,0.75,4
3347,98ab561c-8861-11f1-8656-b48c9db4e1b4,16,"[1, 1, 0, 1]",3,1,1,,0.75,4
3348,98ab561c-8861-11f1-8656-b48c9db4e1b4,17,"[1, 1, 1, 0]",0,1,1,,0.75,4
3349,98ab561c-8861-11f1-8656-b48c9db4e1b4,17,"[1, 1, 1, 0]",1,1,1,,0.75,4
3350,98ab561c-8861-11f1-8656-b48c9db4e1b4,17,"[1, 1, 1, 0]",2,1,1,,0.75,4
3351,98ab561c-8861-11f1-8656-b48c9db4e1b4,17,"[1, 1, 1, 0]",3,0,0,,0.75,4
3352,98ab561c-8861-11f1-8656-b48c9db4e1b4,18,"[0, 1, 1, 1]",0,0,0,,0.75,4
3353,98ab561c-8861-11f1-8656-b48c9db4e1b4,18,"[0, 1, 1, 1]",1,1,1,,0.75,4
3354,98ab561c-8861-11f1-8656-b48c9db4e1b4,18,"[0, 1, 1, 1]",2,1,1,,0.75,4
3355,98ab561c-8861-11f1-8656-b48c9db4e1b4,18,"[0, 1, 1, 1]",3,1,1,,0.75,4
3356,98ab561c-8861-11f1-8656-b48c9db4e1b4,19,"[1, 0, 1, 1]",0,1,1,,0.75,4
3357,98ab561c-8861-11f1-8656-b48c9db4e1b4,19,"[1, 0, 1, 1]",1,0,0,,0.75,4
3358,98ab561c-8861-11f1-8656-b48c9db4e1b4,19,"[1, 0, 1, 1]",2,1,1,,0.75,4
3359,98ab561c-8861-11f1-8656-b48c9db4e1b4,19,"[1, 0, 1, 1]",3,1,1,,0.75,4
3360,98b3d2d3-8861-11f1-86ae-b48c9db4e1b4,0,"[1, 1, 1, 0]",0,1,1,,0.75,4
3361,98b3d2d3-8861-11f1-86ae-b48c9db4e1b4,0,"[1, 1, 1, 0]",1,1,1,,0.75,4
3362,98b3d2d3-8861-11f1-86ae-b48c9db4e1b4,0,"[1, 1, 1, 0]",2,1,1,,0.75,4
3363,98b3d2d3-8861-11f1-86ae-b48c9db4e1b4,0,"[1, 1, 1, 0]",3,0,0,,0.75,4
3364,98b3d2d3-8861-11f1-86ae-b48c9db4e1b4,1,"[1, 0, 1, 0]",0,1,1,,0.75,4
3365,98b3d2d3-8861-11f1-86ae-b48c9db4e1b4,1,"[1, 0, 1, 0]",1,0,0,,0.75,4
3366,98b3d2d3-8861-11f1-86ae-b48c9db4e1b4,1,"[1, 0, 1, 0]",2,1,1,,0.75,4
3367,98b3d2d3-8861-11f1-86ae-b48c9db4e1b4,1,"[1, 0, 1, 0]",3,0,0,,0.75,4
3368,98b3d2d3-8861-11f1-86ae-b48c9db4e1b4,2,"[0, 1, 1, 1]",0,0,0,,0.75,4
3369,98b3d2d3-8861-11f1-86ae-b48c9db4e1b4,2,"[0, 1, 1, 1]",1,1,1,,0.75,4
3370,98b3d2d3-8861-11f1-86ae-b48c9db4e1b4,2,"[0, 1, 1, 1]",2,1,1,,0.75,4
3371,98b3d2d3-8861-11f1-86ae-b48c9db4e1b4,2,"[0, 1, 1, 1]",3,1,1,,0.75,4
3372,98b3d2d3-8861-11f1-86ae-b48c9db4e1b4,3,"[1, 0, 1, 1]",0,1,1,,0.75,4
3373,98b3d2d3-8861-11f1-86ae-b48c9db4e1b4,3,"[1, 0, 1, 1]",1,0,0,,0.75,4
3374,98b3d2d3-8861-11f1-86ae-b48c9db4e1b4,3,"[1, 0, 1, 1]",2,1,1,,0.75,4
3375,98b3d2d3-8861-11f1-86ae-b48c9db4e1b4,3,"[1, 0, 1, 1]",3,1,1,,0.75,4
3376,98b3d2d3-8861-11f1-86ae-b48c9db4e1b4,4,"[0, 1, 1, 1]",0,0,0,,0.75,4
3377,98b3d2d3-8861-11f1-86ae-b48c9db4e1b4,4,"[0, 1, 1, 1]",1,1,1,,0.75,4
3378,98b3d2d3-8861-11f1-86ae-b48c9db4e1b4,4,"[0, 1, 1, 1]",2,1,1,,0.75,4
3379,98b3d2d3-8861-11f1-86ae-b48c9db4e1b4,4,"[0, 1, 1, 1]",3,1,1,,0.75,4
3380,98b3d2d3-8861-11f1-86ae-b48c9db4e1b4,5,"[1, 0, 1, 1]",0,1,1,,0.75,4
3381,98b3d2d3-8861-11f1-86ae-b48c9db4e1b4,5,"[1, 0, 1, 1]",1,0,0,,0.75,4
3382,98b3d2d3-8861-11f1-86ae-b48c9db4e1b4,5,"[1, 0, 1, 1]",2,1,1,,0.75,4
3383,98b3d2d3-8861-11f1-86ae-b48c9db4e1b4,5,"[1, 0, 1, 1]",3,1,1,,0.75,4
3384,98b3d2d3-8861-11f1-86ae-b48c9db4e1b4,6,"[1, 1, 1, 1]",0,1,-1,,0.75,4
3385,98b3d2d3-8861-11f1-86ae-b48c9db4e1b4,6,"[1, 1, 1, 1]",1,1,-1,,0.75,4
3386,98b3d2d3-8861-11f1-86ae-b48c9db4e1b4,6,"[1, 1, 1, 1]",2,1,-1,,0.75,4
3387,98b3d2d3-8861-11f1-86ae-b48c9db4e1b4,6,"[1, 1, 1, 1]",3,1,-1,,0.75,4
3388,98b3d2d3-8861-11f1-86ae-b48c9db4e1b4,7,"[1, 0, 1, 1]",0,1,1,,0.75,4
3389,98b3d2d3-8861-11f1-86ae-b48c9db4e1b4,7,"[1, 0, 1, 1]",1,0,0,,0.75,4
3390,98b3d2d3-8861-11f1-86ae-b48c9db4e1b4,7,"[1, 0, 1, 1]",2,1,1,,0.75,4
3391,98b3d2d3-8861-11f1-86ae-b48c9db4e1b4,7,"[1, 0, 1, 1]",3,1,1,,0.75,4
3392,98b3d2d3-8861-11f1-86ae-b48c9db4e1b4,8,"[1, 1, 0, 1]",0,1,1,,0.75,4
3393,98b3d2d3-8861-11f1-86ae-b48c9db4e1b4,8,"[1, 1, 0, 1]",1,1,1,,0.75,4
3394,98b3d2d3-8861-11f1-86ae-b48c9db4e1b4,8,"[1, 1, 0, 1]",2,0,0,,0.75,4
3395,98b3d2d3-8861-11f1-86ae-b48c9db4e1b4,8,"[1, 1, 0, 1]",3,1,1,,0.75,4
3396,98b3d2d3-8861-11f1-86ae-b48c9db4e1b4,9,"[1, 1, 1, 0]",0,1,1,,0.75,4
3397,98b3d2d3-8861-11f1-86ae-b48c9db4e1b4,9,"[1, 1, 1, 0]",1,1,1,,0.75,4
3398,98b3d2d3-8861-11f1-86ae-b48c9db4e1b4,9,"[1, 1, 1, 0]",2,1,1,,0.75,4
3399,98b3d2d3-8861-11f1-86ae-b48c9db4e1b4,9,"[1, 1, 1, 0]",3,0,0,,0.75,4
3400,98b3d2d3-8861-11f1-86ae-b48c9db4e1b4,10,"[0, 1, 1, 1]",0,0,0,,0.75,4
3401,98b3d2d3-8861-11f1-86ae-b48c9db4e1b4,10,"[0, 1, 1, 1]",1,1,1,,0.75,4
3402,98b3d2d3-8861-11f1-86ae-b48c9db4e1b4,10,"[0, 1, 1, 1]",2,1,1,,0.75,4
3403,98b3d2d3-8861-11f1-86ae-b48c9db4e1b4,10,"[0, 1, 1, 1]",3,1,1,,0.75,4
3404,98b3d2d3-8861-11f1-86ae-b48c9db4e1b4,11,"[1, 0, 1, 1]",0,1,1,,0.75,4
3405,98b3d2d3-8861-11f1-86ae-b48c9db4e1b4,11,"[1, 0, 1, 1]",1,0,0,,0.75,4
3406,98b3d2d3-8861-11f1-86ae-b48c9db4e1b4,11,"[1, 0, 1, 1]",2,1,1,,0.75,4
3407,98b3d2d3-8861-11f1-86ae-b48c9db4e1b4,11,"[1, 0, 1, 1]",3,1,1,,0.75,4
3408,98b3d2d3-8861-11f1-86ae-b48c9db4e1b4,12,"[1, 1, 0, 1]",0,1,1,,0.75,4
3409,98b3d2d3-8861-11f1-86ae-b48c9db4e1b4,12,"[1, 1, 0, 1]",1,1,1,,0.75,4
3410,98b3d2d3-8861-11f1-86ae-b48c9db4e1b4,12,"[1, 1, 0, 1]",2,0,0,,0.75,4
3411,98b3d2d3-8861-11f1-86ae-b48c9db4e1b4,12,"[1, 1, 0, 1]",3,1,1,,0.75,4
3412,98b3d2d3-8861-11f1-86ae-b48c9db4e1b4,13,"[1, 1, 1, 1]",0,1,-1,,0.75,4
3413,98b3d2d3-8861-11f1-86ae-b48c9db4e1b4,13,"[1, 1, 1, 1]",1,1,-1,,0.75,4
3414,98b3d2d3-8861-11f1-86ae-b48c9db4e1b4,13,"[1, 1, 1, 1]",2,1,-1,,0.75,4
3415,98b3d2d3-8861-11f1-86ae-b48c9db4e1b4,13,"[1, 1, 1, 1]",3,1,-1,,0.75,4
3416,98b3d2d3-8861-11f1-86ae-b48c9db4e1b4,14,"[0, 1, 1, 1]",0,0,0,,0.75,4
3417,98b3d2d3-8861-11f1-86ae-b48c9db4e1b4,14,"[0, 1, 1, 1]",1,1,1,,0.75,4
3418,98b3d2d3-8861-11f1-86ae-b48c9db4e1b4,14,"[0, 1, 1, 1]",2,1,1,,0.75,4
3419,98b3d2d3-8861-11f1-86ae-b48c9db4e1b4,14,"[0, 1, 1, 1]",3,1,1,,0.75,4
3420,98b3d2d3-8861-11f1-86ae-b48c9db4e1b4,15,"[1, 0, 1, 1]",0,1,1,,0.75,4
3421,98b3d2d3-8861-11f1-86ae-b48c9db4e1b4,15,"[1, 0, 1, 1]",1,0,0,,0.75,4
3422,98b3d2d3-8861-11f1-86ae-b48c9db4e1b4,15,"[1, 0, 1, 1]",2,1,1,,0.75,4
3423,98b3d2d3-8861-11f1-86ae-b48c9db4e1b4,15,"[1, 0, 1, 1]",3,1,1,,0.75,4
3424,98b3d2d3-8861-11f1-86ae-b48c9db4e1b4,16,"[1, 1, 1, 1]",0,1,-1,,0.75,4
3425,98b3d2d3-8861-11f1-86ae-b48c9db4e1b4,16,"[1, 1, 1, 1]",1,1,-1,,0.75,4
3426,98b3d2d3-8861-11f1-86ae-b48c9db4e1b4,16,"[1, 1, 1, 1]",2,1,-1,,0.75,4
3427,98b3d2d3-8861-11f1-86ae-b48c9db4e1b4,16,"[1, 1, 1, 1]",3,1,-1,,0.75,4
3428,98b3d2d3-8861-11f1-86ae-b48c9db4e1b4,17,"[1, 0, 1, 1]",0,1,1,,0.75,4
3429,98b3d2d3-8861-11f1-86ae-b48c9db4e1b4,17,"[1, 0, 1, 1]",1,0,0,,0.75,4
3430,98b3d2d3-8861-11f1-86ae-b48c9db4e1b4,17,"[1, 0, 1, 1]",2,1,1,,0.75,4
3431,98b3d2d3-8861-11f1-86ae-b48c9db4e1b4,17,"[1, 0, 1, 1]",3,1,1,,0.75,4
3432,98b3d2d3-8861-11f1-86ae-b48c9db4e1b4,18,"[1, 1, 1, 1]",0,1,-1,,0.75,4
3433,98b3d2d3-8861-11f1-86ae-b48c9db4e1b4,18,"[1, 1, 1, 1]",1,1,-1,,0.75,4
3434,98b3d2d3-8861-11f1-86ae-b48c9db4e1b4,18,"[1, 1, 1, 1]",2,1,-1,,0.75,4
3435,98b3d2d3-8861-11f1-86ae-b48c9db4e1b4,18,"[1, 1, 1, 1]",3,1,-1,,0.75,4
3436,98b3d2d3-8861-11f1-86ae-b48c9db4e1b4,19,"[1, 0, 1, 1]",0,1,1,,0.75,4
3437,98b3d2d3-8861-11f1-86ae-b48c9db4e1b4,19,"[1, 0, 1, 1]",1,0,0,,0.75,4
3438,98b3d2d3-8861-11f1-86ae-b48c9db4e1b4,19,"[1, 0, 1, 1]",2,1,1,,0.75,4
3439,98b3d2d3-8861-11f1-86ae-b48c9db4e1b4,19,"[1, 0, 1, 1]",3,1,1,,0.75,4
3440,98bc78c5-8861-11f1-94d2-b48c9db4e1b4,0,"[1, 1, 0, 0]",0,1,1,,0.75,4
3441,98bc78c5-8861-11f1-94d2-b48c9db4e1b4,0,"[1, 1, 0, 0]",1,1,1,,0.75,4
3442,98bc78c5-8861-11f1-94d2-b48c9db4e1b4,0,"[1, 1, 0, 0]",2,0,0,,0.75,4
3443,98bc78c5-8861-11f1-94d2-b48c9db4e1b4,0,"[1, 1, 0, 0]",3,0,0,,0.75,4
3444,98bc78c5-8861-11f1-94d2-b48c9db4e1b4,1,"[1, 0, 1, 1]",0,1,1,,0.75,4
3445,98bc78c5-8861-11f1-94d2-b48c9db4e1b4,1,"[1, 0, 1, 1]",1,0,0,,0.75,4
3446,98bc78c5-8861-11f1-94d2-b48c9db4e1b4,1,"[1, 0, 1, 1]",2,1,1,,0.75,4
3447,98bc78c5-8861-11f1-94d2-b48c9db4e1b4,1,"[1, 0, 1, 1]",3,1,1,,0.75,4
3448,98bc78c5-8861-11f1-94d2-b48c9db4e1b4,2,"[1, 1, 0, 1]",0,1,1,,0.75,4
3449,98bc78c5-8861-11f1-94d2-b48c9db4e1b4,2,"[1, 1, 0, 1]",1,1,1,,0.75,4
3450,98bc78c5-8861-11f1-94d2-b48c9db4e1b4,2,"[1, 1, 0, 1]",2,0,0,,0.75,4
3451,98bc78c5-8861-11f1-94d2-b48c9db4e1b4,2,"[1, 1, 0, 1]",3,1,1,,0.75,4
3452,98bc78c5-8861-11f1-94d2-b48c9db4e1b4,3,"[1, 0, 0, 1]",0,1,1,,0.75,4
3453,98bc78c5-8861-11f1-94d2-b48c9db4e1b4,3,"[1, 0, 0, 1]",1,0,0,,0.75,4
3454,98bc78c5-8861-11f1-94d2-b48c9db4e1b4,3,"[1, 0, 0, 1]",2,0,0,,0.75,4
3455,98bc78c5-8861-11f1-94d2-b48c9db4e1b4,3,"[1, 0, 0, 1]",3,1,1,,0.75,4
3456,98bc78c5-8861-11f1-94d2-b48c9db4e1b4,4,"[1, 1, 0, 1]",0,1,1,,0.75,4
3457,98bc78c5-8861-11f1-94d2-b48c9db4e1b4,4,"[1, 1, 0, 1]",1,1,1,,0.75,4
3458,98bc78c5-8861-11f1-94d2-b48c9db4e1b4,4,"[1, 1, 0, 1]",2,0,0,,0.75,4
3459,98bc78c5-8861-11f1-94d2-b48c9db4e1b4,4,"[1, 1, 0, 1]",3,1,1,,0.75,4
3460,98bc78c5-8861-11f1-94d2-b48c9db4e1b4,5,"[1, 1, 1, 0]",0,1,1,,0.75,4
3461,98bc78c5-8861-11f1-94d2-b48c9db4e1b4,5,"[1, 1, 1, 0]",1,1,1,,0.75,4
3462,98bc78c5-8861-11f1-94d2-b48c9db4e1b4,5,"[1, 1, 1, 0]",2,1,1,,0.75,4
3463,98bc78c5-8861-11f1-94d2-b48c9db4e1b4,5,"[1, 1, 1, 0]",3,0,0,,0.75,4
3464,98bc78c5-8861-11f1-94d2-b48c9db4e1b4,6,"[0, 1, 1, 1]",0,0,0,,0.75,4
3465,98bc78c5-8861-11f1-94d2-b48c9db4e1b4,6,"[0, 1, 1, 1]",1,1,1,,0.75,4
3466,98bc78c5-8861-11f1-94d2-b48c9db4e1b4,6,"[0, 1, 1, 1]",2,1,1,,0.75,4
3467,98bc78c5-8861-11f1-94d2-b48c9db4e1b4,6,"[0, 1, 1, 1]",3,1,1,,0.75,4
3468,98bc78c5-8861-11f1-94d2-b48c9db4e1b4,7,"[1, 0, 1, 1]",0,1,1,,0.75,4
3469,98bc78c5-8861-11f1-94d2-b48c9db4e1b4,7,"[1, 0, 1, 1]",1,0,0,,0.75,4
3470,98bc78c5-8861-11f1-94d2-b48c9db4e1b4,7,"[1, 0, 1, 1]",2,1,1,,0.75,4
3471,98bc78c5-8861-11f1-94d2-b48c9db4e1b4,7,"[1, 0, 1, 1]",3,1,1,,0.75,4
3472,98bc78c5-8861-11f1-94d2-b48c9db4e1b4,8,"[1, 1, 1, 1]",0,1,-1,,0.75,4
3473,98bc78c5-8861-11f1-94d2-b48c9db4e1b4,8,"[1, 1, 1, 1]",1,1,-1,,0.75,4
3474,98bc78c5-8861-11f1-94d2-b48c9db4e1b4,8,"[1, 1, 1, 1]",2,1,-1,,0.75,4
3475,98bc78c5-8861-11f1-94d2-b48c9db4e1b4,8,"[1, 1, 1, 1]",3,1,-1,,0.75,4
3476,98bc78c5-8861-11f1-94d2-b48c9db4e1b4,9,"[1, 0, 1, 1]",0,1,1,,0.75,4
3477,98bc78c5-8861-11f1-94d2-b48c9db4e1b4,9,"[1, 0, 1, 1]",1,0,0,,0.75,4
3478,98bc78c5-8861-11f1-94d2-b48c9db4e1b4,9,"[1, 0, 1, 1]",2,1,1,,0.75,4
3479,98bc78c5-8861-11f1-94d2-b48c9db4e1b4,9,"[1, 0, 1, 1]",3,1,1,,0.75,4
3480,98bc78c5-8861-11f1-94d2-b48c9db4e1b4,10,"[1, 1, 0, 1]",0,1,1,,0.75,4
3481,98bc78c5-8861-11f1-94d2-b48c9db4e1b4,10,"[1, 1, 0, 1]",1,1,1,,0.75,4
3482,98bc78c5-8861-11f1-94d2-b48c9db4e1b4,10,"[1, 1, 0, 1]",2,0,0,,0.75,4
3483,98bc78c5-8861-11f1-94d2-b48c9db4e1b4,10,"[1, 1, 0, 1]",3,1,1,,0.75,4
3484,98bc78c5-8861-11f1-94d2-b48c9db4e1b4,11,"[1, 1, 1, 0]",0,1,1,,0.75,4
3485,98bc78c5-8861-11f1-94d2-b48c9db4e1b4,11,"[1, 1, 1, 0]",1,1,1,,0.75,4
3486,98bc78c5-8861-11f1-94d2-b48c9db4e1b4,11,"[1, 1, 1, 0]",2,1,1,,0.75,4
3487,98bc78c5-8861-11f1-94d2-b48c9db4e1b4,11,"[1, 1, 1, 0]",3,0,0,,0.75,4
3488,98bc78c5-8861-11f1-94d2-b48c9db4e1b4,12,"[0, 1, 1, 1]",0,0,0,,0.75,4
3489,98bc78c5-8861-11f1-94d2-b48c9db4e1b4,12,"[0, 1, 1, 1]",1,1,1,,0.75,4
3490,98bc78c5-8861-11f1-94d2-b48c9db4e1b4,12,"[0, 1, 1, 1]",2,1,1,,0.75,4
3491,98bc78c5-8861-11f1-94d2-b48c9db4e1b4,12,"[0, 1, 1, 1]",3,1,1,,0.75,4
3492,98bc78c5-8861-11f1-94d2-b48c9db4e1b4,13,"[1, 0, 1, 1]",0,1,1,,0.75,4
3493,98bc78c5-8861-11f1-94d2-b48c9db4e1b4,13,"[1, 0, 1, 1]",1,0,0,,0.75,4
3494,98bc78c5-8861-11f1-94d2-b48c9db4e1b4,13,"[1, 0, 1, 1]",2,1,1,,0.75,4
3495,98bc78c5-8861-11f1-94d2-b48c9db4e1b4,13,"[1, 0, 1, 1]",3,1,1,,0.75,4
3496,98bc78c5-8861-11f1-94d2-b48c9db4e1b4,14,"[0, 1, 1, 1]",0,0,0,,0.75,4
3497,98bc78c5-8861-11f1-94d2-b48c9db4e1b4,14,"[0, 1, 1, 1]",1,1,1,,0.75,4
3498,98bc78c5-8861-11f1-94d2-b48c9db4e1b4,14,"[0, 1, 1, 1]",2,1,1,,0.75,4
3499,98bc78c5-8861-11f1-94d2-b48c9db4e1b4,14,"[0, 1, 1, 1]",3,1,1,,0.75,4
3500,98bc78c5-8861-11f1-94d2-b48c9db4e1b4,15,"[1, 0, 1, 1]",0,1,1,,0.75,4
3501,98bc78c5-8861-11f1-94d2-b48c9db4e1b4,15,"[1, 0, 1, 1]",1,0,0,,0.75,4
3502,98bc78c5-8861-11f1-94d2-b48c9db4e1b4,15,"[1, 0, 1, 1]",2,1,1,,0.75,4
3503,98bc78c5-8861-11f1-94d2-b48c9db4e1b4,15,"[1, 0, 1, 1]",3,1,1,,0.75,4
3504,98bc78c5-8861-11f1-94d2-b48c9db4e1b4,16,"[0, 1, 0, 1]",0,0,0,,0.75,4
3505,98bc78c5-8861-11f1-94d2-b48c9db4e1b4,16,"[0, 1, 0, 1]",1,1,1,,0.75,4
3506,98bc78c5-8861-11f1-94d2-b48c9db4e1b4,16,"[0, 1, 0, 1]",2,0,0,,0.75,4
3507,98bc78c5-8861-11f1-94d2-b48c9db4e1b4,16,"[0, 1, 0, 1]",3,1,1,,0.75,4
3508,98bc78c5-8861-11f1-94d2-b48c9db4e1b4,17,"[1, 0, 1, 1]",0,1,1,,0.75,4
3509,98bc78c5-8861-11f1-94d2-b48c9db4e1b4,17,"[1, 0, 1, 1]",1,0,0,,0.75,4
3510,98bc78c5-8861-11f1-94d2-b48c9db4e1b4,17,"[1, 0, 1, 1]",2,1,1,,0.75,4
3511,98bc78c5-8861-11f1-94d2-b48c9db4e1b4,17,"[1, 0, 1, 1]",3,1,1,,0.75,4
3512,98bc78c5-8861-11f1-94d2-b48c9db4e1b4,18,"[0, 1, 0, 1]",0,0,0,,0.75,4
3513,98bc78c5-8861-11f1-94d2-b48c9db4e1b4,18,"[0, 1, 0, 1]",1,1,1,,0.75,4
3514,98bc78c5-8861-11f1-94d2-b48c9db4e1b4,18,"[0, 1, 0, 1]",2,0,0,,0.75,4
3515,98bc78c5-8861-11f1-94d2-b48c9db4e1b4,18,"[0, 1, 0, 1]",3,1,1,,0.75,4
3516,98bc78c5-8861-11f1-94d2-b48c9db4e1b4,19,"[1, 0, 1, 1]",0,1,1,,0.75,4
3517,98bc78c5-8861-11f1-94d2-b48c9db4e1b4,19,"[1, 0, 1, 1]",1,0,0,,0.75,4
3518,98bc78c5-8861-11f1-94d2-b48c9db4e1b4,19,"[1, 0, 1, 1]",2,1,1,,0.75,4
3519,98bc78c5-8861-11f1-94d2-b48c9db4e1b4,19,"[1, 0, 1, 1]",3,1,1,,0.75,4
3520,98c552ca-8861-11f1-8cda-b48c9db4e1b4,0,"[1, 0, 1, 1]",0,1,1,,0.75,4
3521,98c552ca-8861-11f1-8cda-b48c9db4e1b4,0,"[1, 0, 1, 1]",1,0,0,,0.75,4
3522,98c552ca-8861-11f1-8cda-b48c9db4e1b4,0,"[1, 0, 1, 1]",2,1,1,,0.75,4
3523,98c552ca-8861-11f1-8cda-b48c9db4e1b4,0,"[1, 0, 1, 1]",3,1,1,,0.75,4
3524,98c552ca-8861-11f1-8cda-b48c9db4e1b4,1,"[1, 0, 1, 1]",0,1,1,,0.75,4
3525,98c552ca-8861-11f1-8cda-b48c9db4e1b4,1,"[1, 0, 1, 1]",1,0,0,,0.75,4
3526,98c552ca-8861-11f1-8cda-b48c9db4e1b4,1,"[1, 0, 1, 1]",2,1,1,,0.75,4
3527,98c552ca-8861-11f1-8cda-b48c9db4e1b4,1,"[1, 0, 1, 1]",3,1,1,,0.75,4
3528,98c552ca-8861-11f1-8cda-b48c9db4e1b4,2,"[1, 0, 1, 1]",0,1,1,,0.75,4
3529,98c552ca-8861-11f1-8cda-b48c9db4e1b4,2,"[1, 0, 1, 1]",1,0,0,,0.75,4
3530,98c552ca-8861-11f1-8cda-b48c9db4e1b4,2,"[1, 0, 1, 1]",2,1,1,,0.75,4
3531,98c552ca-8861-11f1-8cda-b48c9db4e1b4,2,"[1, 0, 1, 1]",3,1,1,,0.75,4
3532,98c552ca-8861-11f1-8cda-b48c9db4e1b4,3,"[1, 0, 1, 1]",0,1,1,,0.75,4
3533,98c552ca-8861-11f1-8cda-b48c9db4e1b4,3,"[1, 0, 1, 1]",1,0,0,,0.75,4
3534,98c552ca-8861-11f1-8cda-b48c9db4e1b4,3,"[1, 0, 1, 1]",2,1,1,,0.75,4
3535,98c552ca-8861-11f1-8cda-b48c9db4e1b4,3,"[1, 0, 1, 1]",3,1,1,,0.75,4
3536,98c552ca-8861-11f1-8cda-b48c9db4e1b4,4,"[1, 0, 1, 1]",0,1,1,,0.75,4
3537,98c552ca-8861-11f1-8cda-b48c9db4e1b4,4,"[1, 0, 1, 1]",1,0,0,,0.75,4
3538,98c552ca-8861-11f1-8cda-b48c9db4e1b4,4,"[1, 0, 1, 1]",2,1,1,,0.75,4
3539,98c552ca-8861-11f1-8cda-b48c9db4e1b4,4,"[1, 0, 1, 1]",3,1,1,,0.75,4
3540,98c552ca-8861-11f1-8cda-b48c9db4e1b4,5,"[1, 0, 1, 1]",0,1,1,,0.75,4
3541,98c552ca-8861-11f1-8cda-b48c9db4e1b4,5,"[1, 0, 1, 1]",1,0,0,,0.75,4
3542,98c552ca-8861-11f1-8cda-b48c9db4e1b4,5,"[1, 0, 1, 1]",2,1,1,,0.75,4
3543,98c552ca-8861-11f1-8cda-b48c9db4e1b4,5,"[1, 0, 1, 1]",3,1,1,,0.75,4
3544,98c552ca-8861-11f1-8cda-b48c9db4e1b4,6,"[1, 0, 1, 1]",0,1,1,,0.75,4
3545,98c552ca-8861-11f1-8cda-b48c9db4e1b4,6,"[1, 0, 1, 1]",1,0,0,,0.75,4
3546,98c552ca-8861-11f1-8cda-b48c9db4e1b4,6,"[1, 0, 1, 1]",2,1,1,,0.75,4
3547,98c552ca-8861-11f1-8cda-b48c9db4e1b4,6,"[1, 0, 1, 1]",3,1,1,,0.75,4
3548,98c552ca-8861-11f1-8cda-b48c9db4e1b4,7,"[1, 0, 1, 1]",0,1,1,,0.75,4
3549,98c552ca-8861-11f1-8cda-b48c9db4e1b4,7,"[1, 0, 1, 1]",1,0,0,,0.75,4
3550,98c552ca-8861-11f1-8cda-b48c9db4e1b4,7,"[1, 0, 1, 1]",2,1,1,,0.75,4
3551,98c552ca-8861-11f1-8cda-b48c9db4e1b4,7,"[1, 0, 1, 1]",3,1,1,,0.75,4
3552,98c552ca-8861-11f1-8cda-b48c9db4e1b4,8,"[1, 0, 1, 1]",0,1,1,,0.75,4
3553,98c552ca-8861-11f1-8cda-b48c9db4e1b4,8,"[1, 0, 1, 1]",1,0,0,,0.75,4
3554,98c552ca-8861-11f1-8cda-b48c9db4e1b4,8,"[1, 0, 1, 1]",2,1,1,,0.75,4
3555,98c552ca-8861-11f1-8cda-b48c9db4e1b4,8,"[1, 0, 1, 1]",3,1,1,,0.75,4
3556,98c552ca-8861-11f1-8cda-b48c9db4e1b4,9,"[1, 0, 1, 1]",0,1,1,,0.75,4
3557,98c552ca-8861-11f1-8cda-b48c9db4e1b4,9,"[1, 0, 1, 1]",1,0,0,,0.75,4
3558,98c552ca-8861-11f1-8cda-b48c9db4e1b4,9,"[1, 0, 1, 1]",2,1,1,,0.75,4
3559,98c552ca-8861-11f1-8cda-b48c9db4e1b4,9,"[1, 0, 1, 1]",3,1,1,,0.75,4
3560,98c552ca-8861-11f1-8cda-b48c9db4e1b4,10,"[1, 0, 1, 1]",0,1,1,,0.75,4
3561,98c552ca-8861-11f1-8cda-b48c9db4e1b4,10,"[1, 0, 1, 1]",1,0,0,,0.75,4
3562,98c552ca-8861-11f1-8cda-b48c9db4e1b4,10,"[1, 0, 1, 1]",2,1,1,,0.75,4
3563,98c552ca-8861-11f1-8cda-b48c9db4e1b4,10,"[1, 0, 1, 1]",3,1,1,,0.75,4
3564,98c552ca-8861-11f1-8cda-b48c9db4e1b4,11,"[1, 0, 1, 1]",0,1,1,,0.75,4
3565,98c552ca-8861-11f1-8cda-b48c9db4e1b4,11,"[1, 0, 1, 1]",1,0,0,,0.75,4
3566,98c552ca-8861-11f1-8cda-b48c9db4e1b4,11,"[1, 0, 1, 1]",2,1,1,,0.75,4
3567,98c552ca-8861-11f1-8cda-b48c9db4e1b4,11,"[1, 0, 1, 1]",3,1,1,,0.75,4
3568,98c552ca-8861-11f1-8cda-b48c9db4e1b4,12,"[1, 0, 1, 1]",0,1,1,,0.75,4
3569,98c552ca-8861-11f1-8cda-b48c9db4e1b4,12,"[1, 0, 1, 1]",1,0,0,,0.75,4
3570,98c552ca-8861-11f1-8cda-b48c9db4e1b4,12,"[1, 0, 1, 1]",2,1,1,,0.75,4
3571,98c552ca-8861-11f1-8cda-b48c9db4e1b4,12,"[1, 0, 1, 1]",3,1,1,,0.75,4
3572,98c552ca-8861-11f1-8cda-b48c9db4e1b4,13,"[1, 0, 1, 1]",0,1,1,,0.75,4
3573,98c552ca-8861-11f1-8cda-b48c9db4e1b4,13,"[1, 0, 1, 1]",1,0,0,,0.75,4
3574,98c552ca-8861-11f1-8cda-b48c9db4e1b4,13,"[1, 0, 1, 1]",2,1,1,,0.75,4
3575,98c552ca-8861-11f1-8cda-b48c9db4e1b4,13,"[1, 0, 1, 1]",3,1,1,,0.75,4
3576,98c552ca-8861-11f1-8cda-b48c9db4e1b4,14,"[1, 0, 1, 1]",0,1,1,,0.75,4
3577,98c552ca-8861-11f1-8cda-b48c9db4e1b4,14,"[1, 0, 1, 1]",1,0,0,,0.75,4
3578,98c552ca-8861-11f1-8cda-b48c9db4e1b4,14,"[1, 0, 1, 1]",2,1,1,,0.75,4
3579,98c552ca-8861-11f1-8cda-b48c9db4e1b4,14,"[1, 0, 1, 1]",3,1,1,,0.75,4
3580,98c552ca-8861-11f1-8cda-b48c9db4e1b4,15,"[1, 0, 1, 1]",0,1,1,,0.75,4
3581,98c552ca-8861-11f1-8cda-b48c9db4e1b4,15,"[1, 0, 1, 1]",1,0,0,,0.75,4
3582,98c552ca-8861-11f1-8cda-b48c9db4e1b4,15,"[1, 0, 1, 1]",2,1,1,,0.75,4
3583,98c552ca-8861-11f1-8cda-b48c9db4e1b4,15,"[1, 0, 1, 1]",3,1,1,,0.75,4
3584,98c552ca-8861-11f1-8cda-b48c9db4e1b4,16,"[1, 0, 1, 1]",0,1,1,,0.75,4
3585,98c552ca-8861-11f1-8cda-b48c9db4e1b4,16,"[1, 0, 1, 1]",1,0,0,,0.75,4
3586,98c552ca-8861-11f1-8cda-b48c9db4e1b4,16,"[1, 0, 1, 1]",2,1,1,,0.75,4
3587,98c552ca-8861-11f1-8cda-b48c9db4e1b4,16,"[1, 0, 1, 1]",3,1,1,,0.75,4
3588,98c552ca-8861-11f1-8cda-b48c9db4e1b4,17,"[1, 0, 1, 1]",0,1,1,,0.75,4
3589,98c552ca-8861-11f1-8cda-b48c9db4e1b4,17,"[1, 0, 1, 1]",1,0,0,,0.75,4
3590,98c552ca-8861-11f1-8cda-b48c9db4e1b4,17,"[1, 0, 1, 1]",2,1,1,,0.75,4
3591,98c552ca-8861-11f1-8cda-b48c9db4e1b4,17,"[1, 0, 1, 1]",3,1,1,,0.75,4
3592,98c552ca-8861-11f1-8cda-b48c9db4e1b4,18,"[1, 0, 1, 1]",0,1,1,,0.75,4
3593,98c552ca-8861-11f1-8cda-b48c9db4e1b4,18,"[1, 0, 1, 1]",1,0,0,,0.75,4
3594,98c552ca-8861-11f1-8cda-b48c9db4e1b4,18,"[1, 0, 1, 1]",2,1,1,,0.75,4
3595,98c552ca-8861-11f1-8cda-b48c9db4e1b4,18,"[1, 0, 1, 1]",3,1,1,,0.75,4
3596,98c552ca-8861-11f1-8cda-b48c9db4e1b4,19,"[1, 0, 1, 1]",0,1,1,,0.75,4
3597,98c552ca-8861-11f1-8cda-b48c9db4e1b4,19,"[1, 0, 1, 1]",1,0,0,,0.75,4
3598,98c552ca-8861-11f1-8cda-b48c9db4e1b4,19,"[1, 0, 1, 1]",2,1,1,,0.75,4
3599,98c552ca-8861-11f1-8cda-b48c9db4e1b4,19,"[1, 0, 1, 1]",3,1,1,,0.75,4
3600,98ce1aae-8861-11f1-8da2-b48c9db4e1b4,0,"[1, 0, 1, 1]",0,1,1,,0.75,4
3601,98ce1aae-8861-11f1-8da2-b48c9db4e1b4,0,"[1, 0, 1, 1]",1,0,0,,0.75,4
3602,98ce1aae-8861-11f1-8da2-b48c9db4e1b4,0,"[1, 0, 1, 1]",2,1,1,,0.75,4
3603,98ce1aae-8861-11f1-8da2-b48c9db4e1b4,0,"[1, 0, 1, 1]",3,1,1,,0.75,4
3604,98ce1aae-8861-11f1-8da2-b48c9db4e1b4,1,"[1, 0, 1, 1]",0,1,1,,0.75,4
3605,98ce1aae-8861-11f1-8da2-b48c9db4e1b4,1,"[1, 0, 1, 1]",1,0,0,,0.75,4
3606,98ce1aae-8861-11f1-8da2-b48c9db4e1b4,1,"[1, 0, 1, 1]",2,1,1,,0.75,4
3607,98ce1aae-8861-11f1-8da2-b48c9db4e1b4,1,"[1, 0, 1, 1]",3,1,1,,0.75,4
3608,98ce1aae-8861-11f1-8da2-b48c9db4e1b4,2,"[1, 0, 1, 1]",0,1,1,,0.75,4
3609,98ce1aae-8861-11f1-8da2-b48c9db4e1b4,2,"[1, 0, 1, 1]",1,0,0,,0.75,4
3610,98ce1aae-8861-11f1-8da2-b48c9db4e1b4,2,"[1, 0, 1, 1]",2,1,1,,0.75,4
3611,98ce1aae-8861-11f1-8da2-b48c9db4e1b4,2,"[1, 0, 1, 1]",3,1,1,,0.75,4
3612,98ce1aae-8861-11f1-8da2-b48c9db4e1b4,3,"[1, 0, 1, 1]",0,1,1,,0.75,4
3613,98ce1aae-8861-11f1-8da2-b48c9db4e1b4,3,"[1, 0, 1, 1]",1,0,0,,0.75,4
3614,98ce1aae-8861-11f1-8da2-b48c9db4e1b4,3,"[1, 0, 1, 1]",2,1,1,,0.75,4
3615,98ce1aae-8861-11f1-8da2-b48c9db4e1b4,3,"[1, 0, 1, 1]",3,1,1,,0.75,4
3616,98ce1aae-8861-11f1-8da2-b48c9db4e1b4,4,"[1, 0, 1, 1]",0,1,1,,0.75,4
3617,98ce1aae-8861-11f1-8da2-b48c9db4e1b4,4,"[1, 0, 1, 1]",1,0,0,,0.75,4
3618,98ce1aae-8861-11f1-8da2-b48c9db4e1b4,4,"[1, 0, 1, 1]",2,1,1,,0.75,4
3619,98ce1aae-8861-11f1-8da2-b48c9db4e1b4,4,"[1, 0, 1, 1]",3,1,1,,0.75,4
3620,98ce1aae-8861-11f1-8da2-b48c9db4e1b4,5,"[1, 0, 1, 1]",0,1,1,,0.75,4
3621,98ce1aae-8861-11f1-8da2-b48c9db4e1b4,5,"[1, 0, 1, 1]",1,0,0,,0.75,4
3622,98ce1aae-8861-11f1-8da2-b48c9db4e1b4,5,"[1, 0, 1, 1]",2,1,1,,0.75,4
3623,98ce1aae-8861-11f1-8da2-b48c9db4e1b4,5,"[1, 0, 1, 1]",3,1,1,,0.75,4
3624,98ce1aae-8861-11f1-8da2-b48c9db4e1b4,6,"[1, 0, 1, 1]",0,1,1,,0.75,4
3625,98ce1aae-8861-11f1-8da2-b48c9db4e1b4,6,"[1, 0, 1, 1]",1,0,0,,0.75,4
3626,98ce1aae-8861-11f1-8da2-b48c9db4e1b4,6,"[1, 0, 1, 1]",2,1,1,,0.75,4
3627,98ce1aae-8861-11f1-8da2-b48c9db4e1b4,6,"[1, 0, 1, 1]",3,1,1,,0.75,4
3628,98ce1aae-8861-11f1-8da2-b48c9db4e1b4,7,"[1, 0, 1, 1]",0,1,1,,0.75,4
3629,98ce1aae-8861-11f1-8da2-b48c9db4e1b4,7,"[1, 0, 1, 1]",1,0,0,,0.75,4
3630,98ce1aae-8861-11f1-8da2-b48c9db4e1b4,7,"[1, 0, 1, 1]",2,1,1,,0.75,4
3631,98ce1aae-8861-11f1-8da2-b48c9db4e1b4,7,"[1, 0, 1, 1]",3,1,1,,0.75,4
3632,98ce1aae-8861-11f1-8da2-b48c9db4e1b4,8,"[1, 0, 1, 1]",0,1,1,,0.75,4
3633,98ce1aae-8861-11f1-8da2-b48c9db4e1b4,8,"[1, 0, 1, 1]",1,0,0,,0.75,4
3634,98ce1aae-8861-11f1-8da2-b48c9db4e1b4,8,"[1, 0, 1, 1]",2,1,1,,0.75,4
3635,98ce1aae-8861-11f1-8da2-b48c9db4e1b4,8,"[1, 0, 1, 1]",3,1,1,,0.75,4
3636,98ce1aae-8861-11f1-8da2-b48c9db4e1b4,9,"[1, 0, 1, 1]",0,1,1,,0.75,4
3637,98ce1aae-8861-11f1-8da2-b48c9db4e1b4,9,"[1, 0, 1, 1]",1,0,0,,0.75,4
3638,98ce1aae-8861-11f1-8da2-b48c9db4e1b4,9,"[1, 0, 1, 1]",2,1,1,,0.75,4
3639,98ce1aae-8861-11f1-8da2-b48c9db4e1b4,9,"[1, 0, 1, 1]",3,1,1,,0.75,4
3640,98ce1aae-8861-11f1-8da2-b48c9db4e1b4,10,"[1, 1, 1, 1]",0,1,-1,,0.75,4
3641,98ce1aae-8861-11f1-8da2-b48c9db4e1b4,10,"[1, 1, 1, 1]",1,1,-1,,0.75,4
3642,98ce1aae-8861-11f1-8da2-b48c9db4e1b4,10,"[1, 1, 1, 1]",2,1,-1,,0.75,4
3643,98ce1aae-8861-11f1-8da2-b48c9db4e1b4,10,"[1, 1, 1, 1]",3,1,-1,,0.75,4
3644,98ce1aae-8861-11f1-8da2-b48c9db4e1b4,11,"[1, 0, 1, 1]",0,1,1,,0.75,4
3645,98ce1aae-8861-11f1-8da2-b48c9db4e1b4,11,"[1, 0, 1, 1]",1,0,0,,0.75,4
3646,98ce1aae-8861-11f1-8da2-b48c9db4e1b4,11,"[1, 0, 1, 1]",2,1,1,,0.75,4
3647,98ce1aae-8861-11f1-8da2-b48c9db4e1b4,11,"[1, 0, 1, 1]",3,1,1,,0.75,4
3648,98ce1aae-8861-11f1-8da2-b48c9db4e1b4,12,"[1, 1, 1, 1]",0,1,-1,,0.75,4
3649,98ce1aae-8861-11f1-8da2-b48c9db4e1b4,12,"[1, 1, 1, 1]",1,1,-1,,0.75,4
3650,98ce1aae-8861-11f1-8da2-b48c9db4e1b4,12,"[1, 1, 1, 1]",2,1,-1,,0.75,4
3651,98ce1aae-8861-11f1-8da2-b48c9db4e1b4,12,"[1, 1, 1, 1]",3,1,-1,,0.75,4
3652,98ce1aae-8861-11f1-8da2-b48c9db4e1b4,13,"[1, 0, 1, 1]",0,1,1,,0.75,4
3653,98ce1aae-8861-11f1-8da2-b48c9db4e1b4,13,"[1, 0, 1, 1]",1,0,0,,0.75,4
3654,98ce1aae-8861-11f1-8da2-b48c9db4e1b4,13,"[1, 0, 1, 1]",2,1,1,,0.75,4
3655,98ce1aae-8861-11f1-8da2-b48c9db4e1b4,13,"[1, 0, 1, 1]",3,1,1,,0.75,4
3656,98ce1aae-8861-11f1-8da2-b48c9db4e1b4,14,"[1, 1, 1, 1]",0,1,-1,,0.75,4
3657,98ce1aae-8861-11f1-8da2-b48c9db4e1b4,14,"[1, 1, 1, 1]",1,1,-1,,0.75,4
3658,98ce1aae-8861-11f1-8da2-b48c9db4e1b4,14,"[1, 1, 1, 1]",2,1,-1,,0.75,4
3659,98ce1aae-8861-11f1-8da2-b48c9db4e1b4,14,"[1, 1, 1, 1]",3,1,-1,,0.75,4
3660,98ce1aae-8861-11f1-8da2-b48c9db4e1b4,15,"[1, 0, 1, 1]",0,1,1,,0.75,4
3661,98ce1aae-8861-11f1-8da2-b48c9db4e1b4,15,"[1, 0, 1, 1]",1,0,0,,0.75,4
3662,98ce1aae-8861-11f1-8da2-b48c9db4e1b4,15,"[1, 0, 1, 1]",2,1,1,,0.75,4
3663,98ce1aae-8861-11f1-8da2-b48c9db4e1b4,15,"[1, 0, 1, 1]",3,1,1,,0.75,4
3664,98ce1aae-8861-11f1-8da2-b48c9db4e1b4,16,"[1, 1, 0, 1]",0,1,1,,0.75,4
3665,98ce1aae-8861-11f1-8da2-b48c9db4e1b4,16,"[1, 1, 0, 1]",1,1,1,,0.75,4
3666,98ce1aae-8861-11f1-8da2-b48c9db4e1b4,16,"[1, 1, 0, 1]",2,0,0,,0.75,4
3667,98ce1aae-8861-11f1-8da2-b48c9db4e1b4,16,"[1, 1, 0, 1]",3,1,1,,0.75,4
3668,98ce1aae-8861-11f1-8da2-b48c9db4e1b4,17,"[1, 1, 1, 1]",0,1,-1,,0.75,4
3669,98ce1aae-8861-11f1-8da2-b48c9db4e1b4,17,"[1, 1, 1, 1]",1,1,-1,,0.75,4
3670,98ce1aae-8861-11f1-8da2-b48c9db4e1b4,17,"[1, 1, 1, 1]",2,1,-1,,0.75,4
3671,98ce1aae-8861-11f1-8da2-b48c9db4e1b4,17,"[1, 1, 1, 1]",3,1,-1,,0.75,4
3672,98ce1aae-8861-11f1-8da2-b48c9db4e1b4,18,"[1, 1, 0, 1]",0,1,1,,0.75,4
3673,98ce1aae-8861-11f1-8da2-b48c9db4e1b4,18,"[1, 1, 0, 1]",1,1,1,,0.75,4
3674,98ce1aae-8861-11f1-8da2-b48c9db4e1b4,18,"[1, 1, 0, 1]",2,0,0,,0.75,4
3675,98ce1aae-8861-11f1-8da2-b48c9db4e1b4,18,"[1, 1, 0, 1]",3,1,1,,0.75,4
3676,98ce1aae-8861-11f1-8da2-b48c9db4e1b4,19,"[1, 1, 1, 1]",0,1,-1,,0.75,4
3677,98ce1aae-8861-11f1-8da2-b48c9db4e1b4,19,"[1, 1, 1, 1]",1,1,-1,,0.75,4
3678,98ce1aae-8861-11f1-8da2-b48c9db4e1b4,19,"[1, 1, 1, 1]",2,1,-1,,0.75,4
3679,98ce1aae-8861-11f1-8da2-b48c9db4e1b4,19,"[1, 1, 1, 1]",3,1,-1,,0.75,4
3680,98d6b464-8861-11f1-ba86-b48c9db4e1b4,0,"[1, 0, 0, 0]",0,1,1,,0.75,4
3681,98d6b464-8861-11f1-ba86-b48c9db4e1b4,0,"[1, 0, 0, 0]",1,0,0,,0.75,4
3682,98d6b464-8861-11f1-ba86-b48c9db4e1b4,0,"[1, 0, 0, 0]",2,0,0,,0.75,4
3683,98d6b464-8861-11f1-ba86-b48c9db4e1b4,0,"[1, 0, 0, 0]",3,0,0,,0.75,4
3684,98d6b464-8861-11f1-ba86-b48c9db4e1b4,1,"[1, 1, 1, 1]",0,1,-1,,0.75,4
3685,98d6b464-8861-11f1-ba86-b48c9db4e1b4,1,"[1, 1, 1, 1]",1,1,-1,,0.75,4
3686,98d6b464-8861-11f1-ba86-b48c9db4e1b4,1,"[1, 1, 1, 1]",2,1,-1,,0.75,4
3687,98d6b464-8861-11f1-ba86-b48c9db4e1b4,1,"[1, 1, 1, 1]",3,1,-1,,0.75,4
3688,98d6b464-8861-11f1-ba86-b48c9db4e1b4,2,"[1, 0, 1, 1]",0,1,1,,0.75,4
3689,98d6b464-8861-11f1-ba86-b48c9db4e1b4,2,"[1, 0, 1, 1]",1,0,0,,0.75,4
3690,98d6b464-8861-11f1-ba86-b48c9db4e1b4,2,"[1, 0, 1, 1]",2,1,1,,0.75,4
3691,98d6b464-8861-11f1-ba86-b48c9db4e1b4,2,"[1, 0, 1, 1]",3,1,1,,0.75,4
3692,98d6b464-8861-11f1-ba86-b48c9db4e1b4,3,"[1, 1, 0, 1]",0,1,1,,0.75,4
3693,98d6b464-8861-11f1-ba86-b48c9db4e1b4,3,"[1, 1, 0, 1]",1,1,1,,0.75,4
3694,98d6b464-8861-11f1-ba86-b48c9db4e1b4,3,"[1, 1, 0, 1]",2,0,0,,0.75,4
3695,98d6b464-8861-11f1-ba86-b48c9db4e1b4,3,"[1, 1, 0, 1]",3,1,1,,0.75,4
3696,98d6b464-8861-11f1-ba86-b48c9db4e1b4,4,"[1, 0, 1, 1]",0,1,1,,0.75,4
3697,98d6b464-8861-11f1-ba86-b48c9db4e1b4,4,"[1, 0, 1, 1]",1,0,0,,0.75,4
3698,98d6b464-8861-11f1-ba86-b48c9db4e1b4,4,"[1, 0, 1, 1]",2,1,1,,0.75,4
3699,98d6b464-8861-11f1-ba86-b48c9db4e1b4,4,"[1, 0, 1, 1]",3,1,1,,0.75,4
3700,98d6b464-8861-11f1-ba86-b48c9db4e1b4,5,"[1, 1, 0, 1]",0,1,1,,0.75,4
3701,98d6b464-8861-11f1-ba86-b48c9db4e1b4,5,"[1, 1, 0, 1]",1,1,1,,0.75,4
3702,98d6b464-8861-11f1-ba86-b48c9db4e1b4,5,"[1, 1, 0, 1]",2,0,0,,0.75,4
3703,98d6b464-8861-11f1-ba86-b48c9db4e1b4,5,"[1, 1, 0, 1]",3,1,1,,0.75,4
3704,98d6b464-8861-11f1-ba86-b48c9db4e1b4,6,"[1, 1, 1, 1]",0,1,-1,,0.75,4
3705,98d6b464-8861-11f1-ba86-b48c9db4e1b4,6,"[1, 1, 1, 1]",1,1,-1,,0.75,4
3706,98d6b464-8861-11f1-ba86-b48c9db4e1b4,6,"[1, 1, 1, 1]",2,1,-1,,0.75,4
3707,98d6b464-8861-11f1-ba86-b48c9db4e1b4,6,"[1, 1, 1, 1]",3,1,-1,,0.75,4
3708,98d6b464-8861-11f1-ba86-b48c9db4e1b4,7,"[1, 1, 0, 1]",0,1,1,,0.75,4
3709,98d6b464-8861-11f1-ba86-b48c9db4e1b4,7,"[1, 1, 0, 1]",1,1,1,,0.75,4
3710,98d6b464-8861-11f1-ba86-b48c9db4e1b4,7,"[1, 1, 0, 1]",2,0,0,,0.75,4
3711,98d6b464-8861-11f1-ba86-b48c9db4e1b4,7,"[1, 1, 0, 1]",3,1,1,,0.75,4
3712,98d6b464-8861-11f1-ba86-b48c9db4e1b4,8,"[1, 1, 1, 1]",0,1,-1,,0.75,4
3713,98d6b464-8861-11f1-ba86-b48c9db4e1b4,8,"[1, 1, 1, 1]",1,1,-1,,0.75,4
3714,98d6b464-8861-11f1-ba86-b48c9db4e1b4,8,"[1, 1, 1, 1]",2,1,-1,,0.75,4
3715,98d6b464-8861-11f1-ba86-b48c9db4e1b4,8,"[1, 1, 1, 1]",3,1,-1,,0.75,4
3716,98d6b464-8861-11f1-ba86-b48c9db4e1b4,9,"[1, 1, 1, 1]",0,1,-1,,0.75,4
3717,98d6b464-8861-11f1-ba86-b48c9db4e1b4,9,"[1, 1, 1, 1]",1,1,-1,,0.75,4
3718,98d6b464-8861-11f1-ba86-b48c9db4e1b4,9,"[1, 1, 1, 1]",2,1,-1,,0.75,4
3719,98d6b464-8861-11f1-ba86-b48c9db4e1b4,9,"[1, 1, 1, 1]",3,1,-1,,0.75,4
3720,98d6b464-8861-11f1-ba86-b48c9db4e1b4,10,"[1, 1, 1, 1]",0,1,-1,,0.75,4
3721,98d6b464-8861-11f1-ba86-b48c9db4e1b4,10,"[1, 1, 1, 1]",1,1,-1,,0.75,4
3722,98d6b464-8861-11f1-ba86-b48c9db4e1b4,10,"[1, 1, 1, 1]",2,1,-1,,0.75,4
3723,98d6b464-8861-11f1-ba86-b48c9db4e1b4,10,"[1, 1, 1, 1]",3,1,-1,,0.75,4
3724,98d6b464-8861-11f1-ba86-b48c9db4e1b4,11,"[1, 1, 1, 1]",0,1,-1,,0.75,4
3725,98d6b464-8861-11f1-ba86-b48c9db4e1b4,11,"[1, 1, 1, 1]",1,1,-1,,0.75,4
3726,98d6b464-8861-11f1-ba86-b48c9db4e1b4,11,"[1, 1, 1, 1]",2,1,-1,,0.75,4
3727,98d6b464-8861-11f1-ba86-b48c9db4e1b4,11,"[1, 1, 1, 1]",3,1,-1,,0.75,4
3728,98d6b464-8861-11f1-ba86-b48c9db4e1b4,12,"[1, 1, 1, 1]",0,1,-1,,0.75,4
3729,98d6b464-8861-11f1-ba86-b48c9db4e1b4,12,"[1, 1, 1, 1]",1,1,-1,,0.75,4
3730,98d6b464-8861-11f1-ba86-b48c9db4e1b4,12,"[1, 1, 1, 1]",2,1,-1,,0.75,4
3731,98d6b464-8861-11f1-ba86-b48c9db4e1b4,12,"[1, 1, 1, 1]",3,1,-1,,0.75,4
3732,98d6b464-8861-11f1-ba86-b48c9db4e1b4,13,"[1, 1, 1, 1]",0,1,-1,,0.75,4
3733,98d6b464-8861-11f1-ba86-b48c9db4e1b4,13,"[1, 1, 1, 1]",1,1,-1,,0.75,4
3734,98d6b464-8861-11f1-ba86-b48c9db4e1b4,13,"[1, 1, 1, 1]",2,1,-1,,0.75,4
3735,98d6b464-8861-11f1-ba86-b48c9db4e1b4,13,"[1, 1, 1, 1]",3,1,-1,,0.75,4
3736,98d6b464-8861-11f1-ba86-b48c9db4e1b4,14,"[1, 1, 1, 1]",0,1,-1,,0.75,4
3737,98d6b464-8861-11f1-ba86-b48c9db4e1b4,14,"[1, 1, 1, 1]",1,1,-1,,0.75,4
3738,98d6b464-8861-11f1-ba86-b48c9db4e1b4,14,"[1, 1, 1, 1]",2,1,-1,,0.75,4
3739,98d6b464-8861-11f1-ba86-b48c9db4e1b4,14,"[1, 1, 1, 1]",3,1,-1,,0.75,4
3740,98d6b464-8861-11f1-ba86-b48c9db4e1b4,15,"[1, 0, 1, 1]",0,1,1,,0.75,4
3741,98d6b464-8861-11f1-ba86-b48c9db4e1b4,15,"[1, 0, 1, 1]",1,0,0,,0.75,4
3742,98d6b464-8861-11f1-ba86-b48c9db4e1b4,15,"[1, 0, 1, 1]",2,1,1,,0.75,4
3743,98d6b464-8861-11f1-ba86-b48c9db4e1b4,15,"[1, 0, 1, 1]",3,1,1,,0.75,4
3744,98d6b464-8861-11f1-ba86-b48c9db4e1b4,16,"[1, 1, 1, 1]",0,1,-1,,0.75,4
3745,98d6b464-8861-11f1-ba86-b48c9db4e1b4,16,"[1, 1, 1, 1]",1,1,-1,,0.75,4
3746,98d6b464-8861-11f1-ba86-b48c9db4e1b4,16,"[1, 1, 1, 1]",2,1,-1,,0.75,4
3747,98d6b464-8861-11f1-ba86-b48c9db4e1b4,16,"[1, 1, 1, 1]",3,1,-1,,0.75,4
3748,98d6b464-8861-11f1-ba86-b48c9db4e1b4,17,"[1, 0, 1, 1]",0,1,1,,0.75,4
3749,98d6b464-8861-11f1-ba86-b48c9db4e1b4,17,"[1, 0, 1, 1]",1,0,0,,0.75,4
3750,98d6b464-8861-11f1-ba86-b48c9db4e1b4,17,"[1, 0, 1, 1]",2,1,1,,0.75,4
3751,98d6b464-8861-11f1-ba86-b48c9db4e1b4,17,"[1, 0, 1, 1]",3,1,1,,0.75,4
3752,98d6b464-8861-11f1-ba86-b48c9db4e1b4,18,"[1, 1, 1, 1]",0,1,-1,,0.75,4
3753,98d6b464-8861-11f1-ba86-b48c9db4e1b4,18,"[1, 1, 1, 1]",1,1,-1,,0.75,4
3754,98d6b464-8861-11f1-ba86-b48c9db4e1b4,18,"[1, 1, 1, 1]",2,1,-1,,0.75,4
3755,98d6b464-8861-11f1-ba86-b48c9db4e1b4,18,"[1, 1, 1, 1]",3,1,-1,,0.75,4
3756,98d6b464-8861-11f1-ba86-b48c9db4e1b4,19,"[1, 0, 1, 1]",0,1,1,,0.75,4
3757,98d6b464-8861-11f1-ba86-b48c9db4e1b4,19,"[1, 0, 1, 1]",1,0,0,,0.75,4
3758,98d6b464-8861-11f1-ba86-b48c9db4e1b4,19,"[1, 0, 1, 1]",2,1,1,,0.75,4
3759,98d6b464-8861-11f1-ba86-b48c9db4e1b4,19,"[1, 0, 1, 1]",3,1,1,,0.75,4
3760,98de914a-8861-11f1-856b-b48c9db4e1b4,0,"[0, 0, 0, 0]",0,0,0,,0.75,4
3761,98de914a-8861-11f1-856b-b48c9db4e1b4,0,"[0, 0, 0, 0]",1,0,0,,0.75,4
3762,98de914a-8861-11f1-856b-b48c9db4e1b4,0,"[0, 0, 0, 0]",2,0,0,,0.75,4
3763,98de914a-8861-11f1-856b-b48c9db4e1b4,0,"[0, 0, 0, 0]",3,0,0,,0.75,4
3764,98de914a-8861-11f1-856b-b48c9db4e1b4,1,"[1, 0, 1, 1]",0,1,1,,0.75,4
3765,98de914a-8861-11f1-856b-b48c9db4e1b4,1,"[1, 0, 1, 1]",1,0,0,,0.75,4
3766,98de914a-8861-11f1-856b-b48c9db4e1b4,1,"[1, 0, 1, 1]",2,1,1,,0.75,4
3767,98de914a-8861-11f1-856b-b48c9db4e1b4,1,"[1, 0, 1, 1]",3,1,1,,0.75,4
3768,98de914a-8861-11f1-856b-b48c9db4e1b4,2,"[1, 1, 0, 1]",0,1,1,,0.75,4
3769,98de914a-8861-11f1-856b-b48c9db4e1b4,2,"[1, 1, 0, 1]",1,1,1,,0.75,4
3770,98de914a-8861-11f1-856b-b48c9db4e1b4,2,"[1, 1, 0, 1]",2,0,0,,0.75,4
3771,98de914a-8861-11f1-856b-b48c9db4e1b4,2,"[1, 1, 0, 1]",3,1,1,,0.75,4
3772,98de914a-8861-11f1-856b-b48c9db4e1b4,3,"[1, 0, 1, 1]",0,1,1,,0.75,4
3773,98de914a-8861-11f1-856b-b48c9db4e1b4,3,"[1, 0, 1, 1]",1,0,0,,0.75,4
3774,98de914a-8861-11f1-856b-b48c9db4e1b4,3,"[1, 0, 1, 1]",2,1,1,,0.75,4
3775,98de914a-8861-11f1-856b-b48c9db4e1b4,3,"[1, 0, 1, 1]",3,1,1,,0.75,4
3776,98de914a-8861-11f1-856b-b48c9db4e1b4,4,"[1, 1, 0, 1]",0,1,1,,0.75,4
3777,98de914a-8861-11f1-856b-b48c9db4e1b4,4,"[1, 1, 0, 1]",1,1,1,,0.75,4
3778,98de914a-8861-11f1-856b-b48c9db4e1b4,4,"[1, 1, 0, 1]",2,0,0,,0.75,4
3779,98de914a-8861-11f1-856b-b48c9db4e1b4,4,"[1, 1, 0, 1]",3,1,1,,0.75,4
3780,98de914a-8861-11f1-856b-b48c9db4e1b4,5,"[1, 1, 1, 1]",0,1,-1,,0.75,4
3781,98de914a-8861-11f1-856b-b48c9db4e1b4,5,"[1, 1, 1, 1]",1,1,-1,,0.75,4
3782,98de914a-8861-11f1-856b-b48c9db4e1b4,5,"[1, 1, 1, 1]",2,1,-1,,0.75,4
3783,98de914a-8861-11f1-856b-b48c9db4e1b4,5,"[1, 1, 1, 1]",3,1,-1,,0.75,4
3784,98de914a-8861-11f1-856b-b48c9db4e1b4,6,"[1, 1, 0, 1]",0,1,1,,0.75,4
3785,98de914a-8861-11f1-856b-b48c9db4e1b4,6,"[1, 1, 0, 1]",1,1,1,,0.75,4
3786,98de914a-8861-11f1-856b-b48c9db4e1b4,6,"[1, 1, 0, 1]",2,0,0,,0.75,4
3787,98de914a-8861-11f1-856b-b48c9db4e1b4,6,"[1, 1, 0, 1]",3,1,1,,0.75,4
3788,98de914a-8861-11f1-856b-b48c9db4e1b4,7,"[1, 0, 1, 1]",0,1,1,,0.75,4
3789,98de914a-8861-11f1-856b-b48c9db4e1b4,7,"[1, 0, 1, 1]",1,0,0,,0.75,4
3790,98de914a-8861-11f1-856b-b48c9db4e1b4,7,"[1, 0, 1, 1]",2,1,1,,0.75,4
3791,98de914a-8861-11f1-856b-b48c9db4e1b4,7,"[1, 0, 1, 1]",3,1,1,,0.75,4
3792,98de914a-8861-11f1-856b-b48c9db4e1b4,8,"[1, 1, 0, 1]",0,1,1,,0.75,4
3793,98de914a-8861-11f1-856b-b48c9db4e1b4,8,"[1, 1, 0, 1]",1,1,1,,0.75,4
3794,98de914a-8861-11f1-856b-b48c9db4e1b4,8,"[1, 1, 0, 1]",2,0,0,,0.75,4
3795,98de914a-8861-11f1-856b-b48c9db4e1b4,8,"[1, 1, 0, 1]",3,1,1,,0.75,4
3796,98de914a-8861-11f1-856b-b48c9db4e1b4,9,"[1, 0, 1, 0]",0,1,1,,0.75,4
3797,98de914a-8861-11f1-856b-b48c9db4e1b4,9,"[1, 0, 1, 0]",1,0,0,,0.75,4
3798,98de914a-8861-11f1-856b-b48c9db4e1b4,9,"[1, 0, 1, 0]",2,1,1,,0.75,4
3799,98de914a-8861-11f1-856b-b48c9db4e1b4,9,"[1, 0, 1, 0]",3,0,0,,0.75,4
3800,98de914a-8861-11f1-856b-b48c9db4e1b4,10,"[1, 1, 0, 1]",0,1,1,,0.75,4
3801,98de914a-8861-11f1-856b-b48c9db4e1b4,10,"[1, 1, 0, 1]",1,1,1,,0.75,4
3802,98de914a-8861-11f1-856b-b48c9db4e1b4,10,"[1, 1, 0, 1]",2,0,0,,0.75,4
3803,98de914a-8861-11f1-856b-b48c9db4e1b4,10,"[1, 1, 0, 1]",3,1,1,,0.75,4
3804,98de914a-8861-11f1-856b-b48c9db4e1b4,11,"[1, 0, 1, 0]",0,1,1,,0.75,4
3805,98de914a-8861-11f1-856b-b48c9db4e1b4,11,"[1, 0, 1, 0]",1,0,0,,0.75,4
3806,98de914a-8861-11f1-856b-b48c9db4e1b4,11,"[1, 0, 1, 0]",2,1,1,,0.75,4
3807,98de914a-8861-11f1-856b-b48c9db4e1b4,11,"[1, 0, 1, 0]",3,0,0,,0.75,4
3808,98de914a-8861-11f1-856b-b48c9db4e1b4,12,"[0, 1, 0, 1]",0,0,0,,0.75,4
3809,98de914a-8861-11f1-856b-b48c9db4e1b4,12,"[0, 1, 0, 1]",1,1,1,,0.75,4
3810,98de914a-8861-11f1-856b-b48c9db4e1b4,12,"[0, 1, 0, 1]",2,0,0,,0.75,4
3811,98de914a-8861-11f1-856b-b48c9db4e1b4,12,"[0, 1, 0, 1]",3,1,1,,0.75,4
3812,98de914a-8861-11f1-856b-b48c9db4e1b4,13,"[1, 0, 1, 1]",0,1,1,,0.75,4
3813,98de914a-8861-11f1-856b-b48c9db4e1b4,13,"[1, 0, 1, 1]",1,0,0,,0.75,4
3814,98de914a-8861-11f1-856b-b48c9db4e1b4,13,"[1, 0, 1, 1]",2,1,1,,0.75,4
3815,98de914a-8861-11f1-856b-b48c9db4e1b4,13,"[1, 0, 1, 1]",3,1,1,,0.75,4
3816,98de914a-8861-11f1-856b-b48c9db4e1b4,14,"[1, 1, 0, 1]",0,1,1,,0.75,4
3817,98de914a-8861-11f1-856b-b48c9db4e1b4,14,"[1, 1, 0, 1]",1,1,1,,0.75,4
3818,98de914a-8861-11f1-856b-b48c9db4e1b4,14,"[1, 1, 0, 1]",2,0,0,,0.75,4
3819,98de914a-8861-11f1-856b-b48c9db4e1b4,14,"[1, 1, 0, 1]",3,1,1,,0.75,4
3820,98de914a-8861-11f1-856b-b48c9db4e1b4,15,"[1, 1, 1, 0]",0,1,1,,0.75,4
3821,98de914a-8861-11f1-856b-b48c9db4e1b4,15,"[1, 1, 1, 0]",1,1,1,,0.75,4
3822,98de914a-8861-11f1-856b-b48c9db4e1b4,15,"[1, 1, 1, 0]",2,1,1,,0.75,4
3823,98de914a-8861-11f1-856b-b48c9db4e1b4,15,"[1, 1, 1, 0]",3,0,0,,0.75,4
3824,98de914a-8861-11f1-856b-b48c9db4e1b4,16,"[0, 1, 1, 1]",0,0,0,,0.75,4
3825,98de914a-8861-11f1-856b-b48c9db4e1b4,16,"[0, 1, 1, 1]",1,1,1,,0.75,4
3826,98de914a-8861-11f1-856b-b48c9db4e1b4,16,"[0, 1, 1, 1]",2,1,1,,0.75,4
3827,98de914a-8861-11f1-856b-b48c9db4e1b4,16,"[0, 1, 1, 1]",3,1,1,,0.75,4
3828,98de914a-8861-11f1-856b-b48c9db4e1b4,17,"[1, 0, 1, 1]",0,1,1,,0.75,4
3829,98de914a-8861-11f1-856b-b48c9db4e1b4,17,"[1, 0, 1, 1]",1,0,0,,0.75,4
3830,98de914a-8861-11f1-856b-b48c9db4e1b4,17,"[1, 0, 1, 1]",2,1,1,,0.75,4
3831,98de914a-8861-11f1-856b-b48c9db4e1b4,17,"[1, 0, 1, 1]",3,1,1,,0.75,4
3832,98de914a-8861-11f1-856b-b48c9db4e1b4,18,"[1, 1, 0, 1]",0,1,1,,0.75,4
3833,98de914a-8861-11f1-856b-b48c9db4e1b4,18,"[1, 1, 0, 1]",1,1,1,,0.75,4
3834,98de914a-8861-11f1-856b-b48c9db4e1b4,18,"[1, 1, 0, 1]",2,0,0,,0.75,4
3835,98de914a-8861-11f1-856b-b48c9db4e1b4,18,"[1, 1, 0, 1]",3,1,1,,0.75,4
3836,98de914a-8861-11f1-856b-b48c9db4e1b4,19,"[1, 0, 1, 1]",0,1,1,,0.75,4
3837,98de914a-8861-11f1-856b-b48c9db4e1b4,19,"[1, 0, 1, 1]",1,0,0,,0.75,4
3838,98de914a-8861-11f1-856b-b48c9db4e1b4,19,"[1, 0, 1, 1]",2,1,1,,0.75,4
3839,98de914a-8861-11f1-856b-b48c9db4e1b4,19,"[1, 0, 1, 1]",3,1,1,,0.75,4
3840,98e656d5-8861-11f1-9127-b48c9db4e1b4,0,"[1, 1, 1, 1]",0,1,-1,,0.75,4
3841,98e656d5-8861-11f1-9127-b48c9db4e1b4,0,"[1, 1, 1, 1]",1,1,-1,,0.75,4
3842,98e656d5-8861-11f1-9127-b48c9db4e1b4,0,"[1, 1, 1, 1]",2,1,-1,,0.75,4
3843,98e656d5-8861-11f1-9127-b48c9db4e1b4,0,"[1, 1, 1, 1]",3,1,-1,,0.75,4
3844,98e656d5-8861-11f1-9127-b48c9db4e1b4,1,"[1, 0, 1, 1]",0,1,1,,0.75,4
3845,98e656d5-8861-11f1-9127-b48c9db4e1b4,1,"[1, 0, 1, 1]",1,0,0,,0.75,4
3846,98e656d5-8861-11f1-9127-b48c9db4e1b4,1,"[1, 0, 1, 1]",2,1,1,,0.75,4
3847,98e656d5-8861-11f1-9127-b48c9db4e1b4,1,"[1, 0, 1, 1]",3,1,1,,0.75,4
3848,98e656d5-8861-11f1-9127-b48c9db4e1b4,2,"[1, 1, 0, 1]",0,1,1,,0.75,4
3849,98e656d5-8861-11f1-9127-b48c9db4e1b4,2,"[1, 1, 0, 1]",1,1,1,,0.75,4
3850,98e656d5-8861-11f1-9127-b48c9db4e1b4,2,"[1, 1, 0, 1]",2,0,0,,0.75,4
3851,98e656d5-8861-11f1-9127-b48c9db4e1b4,2,"[1, 1, 0, 1]",3,1,1,,0.75,4
3852,98e656d5-8861-11f1-9127-b48c9db4e1b4,3,"[1, 0, 1, 0]",0,1,1,,0.75,4
3853,98e656d5-8861-11f1-9127-b48c9db4e1b4,3,"[1, 0, 1, 0]",1,0,0,,0.75,4
3854,98e656d5-8861-11f1-9127-b48c9db4e1b4,3,"[1, 0, 1, 0]",2,1,1,,0.75,4
3855,98e656d5-8861-11f1-9127-b48c9db4e1b4,3,"[1, 0, 1, 0]",3,0,0,,0.75,4
3856,98e656d5-8861-11f1-9127-b48c9db4e1b4,4,"[0, 1, 0, 1]",0,0,0,,0.75,4
3857,98e656d5-8861-11f1-9127-b48c9db4e1b4,4,"[0, 1, 0, 1]",1,1,1,,0.75,4
3858,98e656d5-8861-11f1-9127-b48c9db4e1b4,4,"[0, 1, 0, 1]",2,0,0,,0.75,4
3859,98e656d5-8861-11f1-9127-b48c9db4e1b4,4,"[0, 1, 0, 1]",3,1,1,,0.75,4
3860,98e656d5-8861-11f1-9127-b48c9db4e1b4,5,"[1, 0, 1, 1]",0,1,1,,0.75,4
3861,98e656d5-8861-11f1-9127-b48c9db4e1b4,5,"[1, 0, 1, 1]",1,0,0,,0.75,4
3862,98e656d5-8861-11f1-9127-b48c9db4e1b4,5,"[1, 0, 1, 1]",2,1,1,,0.75,4
3863,98e656d5-8861-11f1-9127-b48c9db4e1b4,5,"[1, 0, 1, 1]",3,1,1,,0.75,4
3864,98e656d5-8861-11f1-9127-b48c9db4e1b4,6,"[1, 1, 0, 1]",0,1,1,,0.75,4
3865,98e656d5-8861-11f1-9127-b48c9db4e1b4,6,"[1, 1, 0, 1]",1,1,1,,0.75,4
3866,98e656d5-8861-11f1-9127-b48c9db4e1b4,6,"[1, 1, 0, 1]",2,0,0,,0.75,4
3867,98e656d5-8861-11f1-9127-b48c9db4e1b4,6,"[1, 1, 0, 1]",3,1,1,,0.75,4
3868,98e656d5-8861-11f1-9127-b48c9db4e1b4,7,"[1, 1, 1, 0]",0,1,1,,0.75,4
3869,98e656d5-8861-11f1-9127-b48c9db4e1b4,7,"[1, 1, 1, 0]",1,1,1,,0.75,4
3870,98e656d5-8861-11f1-9127-b48c9db4e1b4,7,"[1, 1, 1, 0]",2,1,1,,0.75,4
3871,98e656d5-8861-11f1-9127-b48c9db4e1b4,7,"[1, 1, 1, 0]",3,0,0,,0.75,4
3872,98e656d5-8861-11f1-9127-b48c9db4e1b4,8,"[0, 1, 1, 1]",0,0,0,,0.75,4
3873,98e656d5-8861-11f1-9127-b48c9db4e1b4,8,"[0, 1, 1, 1]",1,1,1,,0.75,4
3874,98e656d5-8861-11f1-9127-b48c9db4e1b4,8,"[0, 1, 1, 1]",2,1,1,,0.75,4
3875,98e656d5-8861-11f1-9127-b48c9db4e1b4,8,"[0, 1, 1, 1]",3,1,1,,0.75,4
3876,98e656d5-8861-11f1-9127-b48c9db4e1b4,9,"[1, 0, 1, 1]",0,1,1,,0.75,4
3877,98e656d5-8861-11f1-9127-b48c9db4e1b4,9,"[1, 0, 1, 1]",1,0,0,,0.75,4
3878,98e656d5-8861-11f1-9127-b48c9db4e1b4,9,"[1, 0, 1, 1]",2,1,1,,0.75,4
3879,98e656d5-8861-11f1-9127-b48c9db4e1b4,9,"[1, 0, 1, 1]",3,1,1,,0.75,4
3880,98e656d5-8861-11f1-9127-b48c9db4e1b4,10,"[0, 1, 1, 1]",0,0,0,,0.75,4
3881,98e656d5-8861-11f1-9127-b48c9db4e1b4,10,"[0, 1, 1, 1]",1,1,1,,0.75,4
3882,98e656d5-8861-11f1-9127-b48c9db4e1b4,10,"[0, 1, 1, 1]",2,1,1,,0.75,4
3883,98e656d5-8861-11f1-9127-b48c9db4e1b4,10,"[0, 1, 1, 1]",3,1,1,,0.75,4
3884,98e656d5-8861-11f1-9127-b48c9db4e1b4,11,"[1, 0, 1, 1]",0,1,1,,0.75,4
3885,98e656d5-8861-11f1-9127-b48c9db4e1b4,11,"[1, 0, 1, 1]",1,0,0,,0.75,4
3886,98e656d5-8861-11f1-9127-b48c9db4e1b4,11,"[1, 0, 1, 1]",2,1,1,,0.75,4
3887,98e656d5-8861-11f1-9127-b48c9db4e1b4,11,"[1, 0, 1, 1]",3,1,1,,0.75,4
3888,98e656d5-8861-11f1-9127-b48c9db4e1b4,12,"[1, 1, 0, 1]",0,1,1,,0.75,4
3889,98e656d5-8861-11f1-9127-b48c9db4e1b4,12,"[1, 1, 0, 1]",1,1,1,,0.75,4
3890,98e656d5-8861-11f1-9127-b48c9db4e1b4,12,"[1, 1, 0, 1]",2,0,0,,0.75,4
3891,98e656d5-8861-11f1-9127-b48c9db4e1b4,12,"[1, 1, 0, 1]",3,1,1,,0.75,4
3892,98e656d5-8861-11f1-9127-b48c9db4e1b4,13,"[1, 1, 1, 0]",0,1,1,,0.75,4
3893,98e656d5-8861-11f1-9127-b48c9db4e1b4,13,"[1, 1, 1, 0]",1,1,1,,0.75,4
3894,98e656d5-8861-11f1-9127-b48c9db4e1b4,13,"[1, 1, 1, 0]",2,1,1,,0.75,4
3895,98e656d5-8861-11f1-9127-b48c9db4e1b4,13,"[1, 1, 1, 0]",3,0,0,,0.75,4
3896,98e656d5-8861-11f1-9127-b48c9db4e1b4,14,"[0, 1, 1, 1]",0,0,0,,0.75,4
3897,98e656d5-8861-11f1-9127-b48c9db4e1b4,14,"[0, 1, 1, 1]",1,1,1,,0.75,4
3898,98e656d5-8861-11f1-9127-b48c9db4e1b4,14,"[0, 1, 1, 1]",2,1,1,,0.75,4
3899,98e656d5-8861-11f1-9127-b48c9db4e1b4,14,"[0, 1, 1, 1]",3,1,1,,0.75,4
3900,98e656d5-8861-11f1-9127-b48c9db4e1b4,15,"[1, 0, 1, 1]",0,1,1,,0.75,4
3901,98e656d5-8861-11f1-9127-b48c9db4e1b4,15,"[1, 0, 1, 1]",1,0,0,,0.75,4
3902,98e656d5-8861-11f1-9127-b48c9db4e1b4,15,"[1, 0, 1, 1]",2,1,1,,0.75,4
3903,98e656d5-8861-11f1-9127-b48c9db4e1b4,15,"[1, 0, 1, 1]",3,1,1,,0.75,4
3904,98e656d5-8861-11f1-9127-b48c9db4e1b4,16,"[0, 1, 0, 1]",0,0,0,,0.75,4
3905,98e656d5-8861-11f1-9127-b48c9db4e1b4,16,"[0, 1, 0, 1]",1,1,1,,0.75,4
3906,98e656d5-8861-11f1-9127-b48c9db4e1b4,16,"[0, 1, 0, 1]",2,0,0,,0.75,4
3907,98e656d5-8861-11f1-9127-b48c9db4e1b4,16,"[0, 1, 0, 1]",3,1,1,,0.75,4
3908,98e656d5-8861-11f1-9127-b48c9db4e1b4,17,"[1, 0, 1, 1]",0,1,1,,0.75,4
3909,98e656d5-8861-11f1-9127-b48c9db4e1b4,17,"[1, 0, 1, 1]",1,0,0,,0.75,4
3910,98e656d5-8861-11f1-9127-b48c9db4e1b4,17,"[1, 0, 1, 1]",2,1,1,,0.75,4
3911,98e656d5-8861-11f1-9127-b48c9db4e1b4,17,"[1, 0, 1, 1]",3,1,1,,0.75,4
3912,98e656d5-8861-11f1-9127-b48c9db4e1b4,18,"[1, 1, 0, 1]",0,1,1,,0.75,4
3913,98e656d5-8861-11f1-9127-b48c9db4e1b4,18,"[1, 1, 0, 1]",1,1,1,,0.75,4
3914,98e656d5-8861-11f1-9127-b48c9db4e1b4,18,"[1, 1, 0, 1]",2,0,0,,0.75,4
3915,98e656d5-8861-11f1-9127-b48c9db4e1b4,18,"[1, 1, 0, 1]",3,1,1,,0.75,4
3916,98e656d5-8861-11f1-9127-b48c9db4e1b4,19,"[1, 0, 1, 1]",0,1,1,,0.75,4
3917,98e656d5-8861-11f1-9127-b48c9db4e1b4,19,"[1, 0, 1, 1]",1,0,0,,0.75,4
3918,98e656d5-8861-11f1-9127-b48c9db4e1b4,19,"[1, 0, 1, 1]",2,1,1,,0.75,4
3919,98e656d5-8861-11f1-9127-b48c9db4e1b4,19,"[1, 0, 1, 1]",3,1,1,,0.75,4
3920,98ee2a64-8861-11f1-95c7-b48c9db4e1b4,0,"[0, 1, 0, 1]",0,0,0,,0.75,4
3921,98ee2a64-8861-11f1-95c7-b48c9db4e1b4,0,"[0, 1, 0, 1]",1,1,1,,0.75,4
3922,98ee2a64-8861-11f1-95c7-b48c9db4e1b4,0,"[0, 1, 0, 1]",2,0,0,,0.75,4
3923,98ee2a64-8861-11f1-95c7-b48c9db4e1b4,0,"[0, 1, 0, 1]",3,1,1,,0.75,4
3924,98ee2a64-8861-11f1-95c7-b48c9db4e1b4,1,"[1, 0, 1, 1]",0,1,1,,0.75,4
3925,98ee2a64-8861-11f1-95c7-b48c9db4e1b4,1,"[1, 0, 1, 1]",1,0,0,,0.75,4
3926,98ee2a64-8861-11f1-95c7-b48c9db4e1b4,1,"[1, 0, 1, 1]",2,1,1,,0.75,4
3927,98ee2a64-8861-11f1-95c7-b48c9db4e1b4,1,"[1, 0, 1, 1]",3,1,1,,0.75,4
3928,98ee2a64-8861-11f1-95c7-b48c9db4e1b4,2,"[1, 1, 0, 1]",0,1,1,,0.75,4
3929,98ee2a64-8861-11f1-95c7-b48c9db4e1b4,2,"[1, 1, 0, 1]",1,1,1,,0.75,4
3930,98ee2a64-8861-11f1-95c7-b48c9db4e1b4,2,"[1, 1, 0, 1]",2,0,0,,0.75,4
3931,98ee2a64-8861-11f1-95c7-b48c9db4e1b4,2,"[1, 1, 0, 1]",3,1,1,,0.75,4
3932,98ee2a64-8861-11f1-95c7-b48c9db4e1b4,3,"[1, 1, 1, 0]",0,1,1,,0.75,4
3933,98ee2a64-8861-11f1-95c7-b48c9db4e1b4,3,"[1, 1, 1, 0]",1,1,1,,0.75,4
3934,98ee2a64-8861-11f1-95c7-b48c9db4e1b4,3,"[1, 1, 1, 0]",2,1,1,,0.75,4
3935,98ee2a64-8861-11f1-95c7-b48c9db4e1b4,3,"[1, 1, 1, 0]",3,0,0,,0.75,4
3936,98ee2a64-8861-11f1-95c7-b48c9db4e1b4,4,"[0, 1, 1, 1]",0,0,0,,0.75,4
3937,98ee2a64-8861-11f1-95c7-b48c9db4e1b4,4,"[0, 1, 1, 1]",1,1,1,,0.75,4
3938,98ee2a64-8861-11f1-95c7-b48c9db4e1b4,4,"[0, 1, 1, 1]",2,1,1,,0.75,4
3939,98ee2a64-8861-11f1-95c7-b48c9db4e1b4,4,"[0, 1, 1, 1]",3,1,1,,0.75,4
3940,98ee2a64-8861-11f1-95c7-b48c9db4e1b4,5,"[1, 0, 1, 1]",0,1,1,,0.75,4
3941,98ee2a64-8861-11f1-95c7-b48c9db4e1b4,5,"[1, 0, 1, 1]",1,0,0,,0.75,4
3942,98ee2a64-8861-11f1-95c7-b48c9db4e1b4,5,"[1, 0, 1, 1]",2,1,1,,0.75,4
3943,98ee2a64-8861-11f1-95c7-b48c9db4e1b4,5,"[1, 0, 1, 1]",3,1,1,,0.75,4
3944,98ee2a64-8861-11f1-95c7-b48c9db4e1b4,6,"[1, 1, 1, 1]",0,1,-1,,0.75,4
3945,98ee2a64-8861-11f1-95c7-b48c9db4e1b4,6,"[1, 1, 1, 1]",1,1,-1,,0.75,4
3946,98ee2a64-8861-11f1-95c7-b48c9db4e1b4,6,"[1, 1, 1, 1]",2,1,-1,,0.75,4
3947,98ee2a64-8861-11f1-95c7-b48c9db4e1b4,6,"[1, 1, 1, 1]",3,1,-1,,0.75,4
3948,98ee2a64-8861-11f1-95c7-b48c9db4e1b4,7,"[1, 0, 1, 1]",0,1,1,,0.75,4
3949,98ee2a64-8861-11f1-95c7-b48c9db4e1b4,7,"[1, 0, 1, 1]",1,0,0,,0.75,4
3950,98ee2a64-8861-11f1-95c7-b48c9db4e1b4,7,"[1, 0, 1, 1]",2,1,1,,0.75,4
3951,98ee2a64-8861-11f1-95c7-b48c9db4e1b4,7,"[1, 0, 1, 1]",3,1,1,,0.75,4
3952,98ee2a64-8861-11f1-95c7-b48c9db4e1b4,8,"[1, 1, 1, 1]",0,1,-1,,0.75,4
3953,98ee2a64-8861-11f1-95c7-b48c9db4e1b4,8,"[1, 1, 1, 1]",1,1,-1,,0.75,4
3954,98ee2a64-8861-11f1-95c7-b48c9db4e1b4,8,"[1, 1, 1, 1]",2,1,-1,,0.75,4
3955,98ee2a64-8861-11f1-95c7-b48c9db4e1b4,8,"[1, 1, 1, 1]",3,1,-1,,0.75,4
3956,98ee2a64-8861-11f1-95c7-b48c9db4e1b4,9,"[1, 0, 1, 1]",0,1,1,,0.75,4
3957,98ee2a64-8861-11f1-95c7-b48c9db4e1b4,9,"[1, 0, 1, 1]",1,0,0,,0.75,4
3958,98ee2a64-8861-11f1-95c7-b48c9db4e1b4,9,"[1, 0, 1, 1]",2,1,1,,0.75,4
3959,98ee2a64-8861-11f1-95c7-b48c9db4e1b4,9,"[1, 0, 1, 1]",3,1,1,,0.75,4
3960,98ee2a64-8861-11f1-95c7-b48c9db4e1b4,10,"[1, 1, 0, 1]",0,1,1,,0.75,4
3961,98ee2a64-8861-11f1-95c7-b48c9db4e1b4,10,"[1, 1, 0, 1]",1,1,1,,0.75,4
3962,98ee2a64-8861-11f1-95c7-b48c9db4e1b4,10,"[1, 1, 0, 1]",2,0,0,,0.75,4
3963,98ee2a64-8861-11f1-95c7-b48c9db4e1b4,10,"[1, 1, 0, 1]",3,1,1,,0.75,4
3964,98ee2a64-8861-11f1-95c7-b48c9db4e1b4,11,"[1, 0, 1, 1]",0,1,1,,0.75,4
3965,98ee2a64-8861-11f1-95c7-b48c9db4e1b4,11,"[1, 0, 1, 1]",1,0,0,,0.75,4
3966,98ee2a64-8861-11f1-95c7-b48c9db4e1b4,11,"[1, 0, 1, 1]",2,1,1,,0.75,4
3967,98ee2a64-8861-11f1-95c7-b48c9db4e1b4,11,"[1, 0, 1, 1]",3,1,1,,0.75,4
3968,98ee2a64-8861-11f1-95c7-b48c9db4e1b4,12,"[1, 1, 0, 1]",0,1,1,,0.75,4
3969,98ee2a64-8861-11f1-95c7-b48c9db4e1b4,12,"[1, 1, 0, 1]",1,1,1,,0.75,4
3970,98ee2a64-8861-11f1-95c7-b48c9db4e1b4,12,"[1, 1, 0, 1]",2,0,0,,0.75,4
3971,98ee2a64-8861-11f1-95c7-b48c9db4e1b4,12,"[1, 1, 0, 1]",3,1,1,,0.75,4
3972,98ee2a64-8861-11f1-95c7-b48c9db4e1b4,13,"[1, 1, 1, 1]",0,1,-1,,0.75,4
3973,98ee2a64-8861-11f1-95c7-b48c9db4e1b4,13,"[1, 1, 1, 1]",1,1,-1,,0.75,4
3974,98ee2a64-8861-11f1-95c7-b48c9db4e1b4,13,"[1, 1, 1, 1]",2,1,-1,,0.75,4
3975,98ee2a64-8861-11f1-95c7-b48c9db4e1b4,13,"[1, 1, 1, 1]",3,1,-1,,0.75,4
3976,98ee2a64-8861-11f1-95c7-b48c9db4e1b4,14,"[1, 1, 0, 1]",0,1,1,,0.75,4
3977,98ee2a64-8861-11f1-95c7-b48c9db4e1b4,14,"[1, 1, 0, 1]",1,1,1,,0.75,4
3978,98ee2a64-8861-11f1-95c7-b48c9db4e1b4,14,"[1, 1, 0, 1]",2,0,0,,0.75,4
3979,98ee2a64-8861-11f1-95c7-b48c9db4e1b4,14,"[1, 1, 0, 1]",3,1,1,,0.75,4
3980,98ee2a64-8861-11f1-95c7-b48c9db4e1b4,15,"[1, 0, 1, 1]",0,1,1,,0.75,4
3981,98ee2a64-8861-11f1-95c7-b48c9db4e1b4,15,"[1, 0, 1, 1]",1,0,0,,0.75,4
3982,98ee2a64-8861-11f1-95c7-b48c9db4e1b4,15,"[1, 0, 1, 1]",2,1,1,,0.75,4
3983,98ee2a64-8861-11f1-95c7-b48c9db4e1b4,15,"[1, 0, 1, 1]",3,1,1,,0.75,4
3984,98ee2a64-8861-11f1-95c7-b48c9db4e1b4,16,"[1, 1, 0, 1]",0,1,1,,0.75,4
3985,98ee2a64-8861-11f1-95c7-b48c9db4e1b4,16,"[1, 1, 0, 1]",1,1,1,,0.75,4
3986,98ee2a64-8861-11f1-95c7-b48c9db4e1b4,16,"[1, 1, 0, 1]",2,0,0,,0.75,4
3987,98ee2a64-8861-11f1-95c7-b48c9db4e1b4,16,"[1, 1, 0, 1]",3,1,1,,0.75,4
3988,98ee2a64-8861-11f1-95c7-b48c9db4e1b4,17,"[1, 0, 1, 0]",0,1,1,,0.75,4
3989,98ee2a64-8861-11f1-95c7-b48c9db4e1b4,17,"[1, 0, 1, 0]",1,0,0,,0.75,4
3990,98ee2a64-8861-11f1-95c7-b48c9db4e1b4,17,"[1, 0, 1, 0]",2,1,1,,0.75,4
3991,98ee2a64-8861-11f1-95c7-b48c9db4e1b4,17,"[1, 0, 1, 0]",3,0,0,,0.75,4
3992,98ee2a64-8861-11f1-95c7-b48c9db4e1b4,18,"[0, 1, 1, 1]",0,0,0,,0.75,4
3993,98ee2a64-8861-11f1-95c7-b48c9db4e1b4,18,"[0, 1, 1, 1]",1,1,1,,0.75,4
3994,98ee2a64-8861-11f1-95c7-b48c9db4e1b4,18,"[0, 1, 1, 1]",2,1,1,,0.75,4
3995,98ee2a64-8861-11f1-95c7-b48c9db4e1b4,18,"[0, 1, 1, 1]",3,1,1,,0.75,4
3996,98ee2a64-8861-11f1-95c7-b48c9db4e1b4,19,"[1, 0, 1, 1]",0,1,1,,0.75,4
3997,98ee2a64-8861-11f1-95c7-b48c9db4e1b4,19,"[1, 0, 1, 1]",1,0,0,,0.75,4
3998,98ee2a64-8861-11f1-95c7-b48c9db4e1b4,19,"[1, 0, 1, 1]",2,1,1,,0.75,4
3999,98ee2a64-8861-11f1-95c7-b48c9db4e1b4,19,"[1, 0, 1, 1]",3,1,1,,0.75,4
