,id_sim,round,attendance,id_player,decision,score,model,threshold,num_agents
0,1b8cdb64-8220-11f1-b0da-2389f409459f,0,"[0, 0, 1, 1, 0, 0, 1, 1, 0, 1, 1, 1]",0,0,0,,0.25,12
1,1b8cdb64-8220-11f1-b0da-2389f409459f,0,"[0, 0, 1, 1, 0, 0, 1, 1, 0, 1, 1, 1]",1,0,0,,0.25,12
2,1b8cdb64-8220-11f1-b0da-2389f409459f,0,"[0, 0, 1, 1, 0, 0, 1, 1, 0, 1, 1, 1]",2,1,-1,,0.25,12
3,1b8cdb64-8220-11f1-b0da-2389f409459f,0,"[0, 0, 1, 1, 0, 0, 1, 1, 0, 1, 1, 1]",3,1,-1,,0.25,12
4,1b8cdb64-8220-11f1-b0da-2389f409459f,0,"[0, 0, 1, 1, 0, 0, 1, 1, 0, 1, 1, 1]",4,0,0,,0.25,12
5,1b8cdb64-8220-11f1-b0da-2389f409459f,0,"[0, 0, 1, 1, 0, 0, 1, 1, 0, 1, 1, 1]",5,0,0,,0.25,12
6,1b8cdb64-8220-11f1-b0da-2389f409459f,0,"[0, 0, 1, 1, 0, 0, 1, 1, 0, 1, 1, 1]",6,1,-1,,0.25,12
7,1b8cdb64-8220-11f1-b0da-2389f409459f,0,"[0, 0, 1, 1, 0, 0, 1, 1, 0, 1, 1, 1]",7,1,-1,,0.25,12
8,1b8cdb64-8220-11f1-b0da-2389f409459f,0,"[0, 0, 1, 1, 0, 0, 1, 1, 0, 1, 1, 1]",8,0,0,,0.25,12
9,1b8cdb64-8220-11f1-b0da-2389f409459f,0,"[0, 0, 1, 1, 0, 0, 1, 1, 0, 1, 1, 1]",9,1,-1,,0.25,12
10,1b8cdb64-8220-11f1-b0da-2389f409459f,0,"[0, 0, 1, 1, 0, 0, 1, 1, 0, 1, 1, 1]",10,1,-1,,0.25,12
11,1b8cdb64-8220-11f1-b0da-2389f409459f,0,"[0, 0, 1, 1, 0, 0, 1, 1, 0, 1, 1, 1]",11,1,-1,,0.25,12
12,1b8cdb64-8220-11f1-b0da-2389f409459f,1,"[0, 1, 0, 1, 1, 1, 1, 0, 1, 1, 1, 0]",0,0,0,,0.25,12
13,1b8cdb64-8220-11f1-b0da-2389f409459f,1,"[0, 1, 0, 1, 1, 1, 1, 0, 1, 1, 1, 0]",1,1,-1,,0.25,12
14,1b8cdb64-8220-11f1-b0da-2389f409459f,1,"[0, 1, 0, 1, 1, 1, 1, 0, 1, 1, 1, 0]",2,0,0,,0.25,12
15,1b8cdb64-8220-11f1-b0da-2389f409459f,1,"[0, 1, 0, 1, 1, 1, 1, 0, 1, 1, 1, 0]",3,1,-1,,0.25,12
16,1b8cdb64-8220-11f1-b0da-2389f409459f,1,"[0, 1, 0, 1, 1, 1, 1, 0, 1, 1, 1, 0]",4,1,-1,,0.25,12
17,1b8cdb64-8220-11f1-b0da-2389f409459f,1,"[0, 1, 0, 1, 1, 1, 1, 0, 1, 1, 1, 0]",5,1,-1,,0.25,12
18,1b8cdb64-8220-11f1-b0da-2389f409459f,1,"[0, 1, 0, 1, 1, 1, 1, 0, 1, 1, 1, 0]",6,1,-1,,0.25,12
19,1b8cdb64-8220-11f1-b0da-2389f409459f,1,"[0, 1, 0, 1, 1, 1, 1, 0, 1, 1, 1, 0]",7,0,0,,0.25,12
20,1b8cdb64-8220-11f1-b0da-2389f409459f,1,"[0, 1, 0, 1, 1, 1, 1, 0, 1, 1, 1, 0]",8,1,-1,,0.25,12
21,1b8cdb64-8220-11f1-b0da-2389f409459f,1,"[0, 1, 0, 1, 1, 1, 1, 0, 1, 1, 1, 0]",9,1,-1,,0.25,12
22,1b8cdb64-8220-11f1-b0da-2389f409459f,1,"[0, 1, 0, 1, 1, 1, 1, 0, 1, 1, 1, 0]",10,1,-1,,0.25,12
23,1b8cdb64-8220-11f1-b0da-2389f409459f,1,"[0, 1, 0, 1, 1, 1, 1, 0, 1, 1, 1, 0]",11,0,0,,0.25,12
24,1b8cdb64-8220-11f1-b0da-2389f409459f,2,"[1, 0, 0, 1, 0, 1, 0, 0, 0, 0, 0, 1]",0,1,-1,,0.25,12
25,1b8cdb64-8220-11f1-b0da-2389f409459f,2,"[1, 0, 0, 1, 0, 1, 0, 0, 0, 0, 0, 1]",1,0,0,,0.25,12
26,1b8cdb64-8220-11f1-b0da-2389f409459f,2,"[1, 0, 0, 1, 0, 1, 0, 0, 0, 0, 0, 1]",2,0,0,,0.25,12
27,1b8cdb64-8220-11f1-b0da-2389f409459f,2,"[1, 0, 0, 1, 0, 1, 0, 0, 0, 0, 0, 1]",3,1,-1,,0.25,12
28,1b8cdb64-8220-11f1-b0da-2389f409459f,2,"[1, 0, 0, 1, 0, 1, 0, 0, 0, 0, 0, 1]",4,0,0,,0.25,12
29,1b8cdb64-8220-11f1-b0da-2389f409459f,2,"[1, 0, 0, 1, 0, 1, 0, 0, 0, 0, 0, 1]",5,1,-1,,0.25,12
30,1b8cdb64-8220-11f1-b0da-2389f409459f,2,"[1, 0, 0, 1, 0, 1, 0, 0, 0, 0, 0, 1]",6,0,0,,0.25,12
31,1b8cdb64-8220-11f1-b0da-2389f409459f,2,"[1, 0, 0, 1, 0, 1, 0, 0, 0, 0, 0, 1]",7,0,0,,0.25,12
32,1b8cdb64-8220-11f1-b0da-2389f409459f,2,"[1, 0, 0, 1, 0, 1, 0, 0, 0, 0, 0, 1]",8,0,0,,0.25,12
33,1b8cdb64-8220-11f1-b0da-2389f409459f,2,"[1, 0, 0, 1, 0, 1, 0, 0, 0, 0, 0, 1]",9,0,0,,0.25,12
34,1b8cdb64-8220-11f1-b0da-2389f409459f,2,"[1, 0, 0, 1, 0, 1, 0, 0, 0, 0, 0, 1]",10,0,0,,0.25,12
35,1b8cdb64-8220-11f1-b0da-2389f409459f,2,"[1, 0, 0, 1, 0, 1, 0, 0, 0, 0, 0, 1]",11,1,-1,,0.25,12
36,1b8cdb64-8220-11f1-b0da-2389f409459f,3,"[1, 0, 1, 1, 0, 0, 1, 0, 0, 0, 1, 0]",0,1,-1,,0.25,12
37,1b8cdb64-8220-11f1-b0da-2389f409459f,3,"[1, 0, 1, 1, 0, 0, 1, 0, 0, 0, 1, 0]",1,0,0,,0.25,12
38,1b8cdb64-8220-11f1-b0da-2389f409459f,3,"[1, 0, 1, 1, 0, 0, 1, 0, 0, 0, 1, 0]",2,1,-1,,0.25,12
39,1b8cdb64-8220-11f1-b0da-2389f409459f,3,"[1, 0, 1, 1, 0, 0, 1, 0, 0, 0, 1, 0]",3,1,-1,,0.25,12
40,1b8cdb64-8220-11f1-b0da-2389f409459f,3,"[1, 0, 1, 1, 0, 0, 1, 0, 0, 0, 1, 0]",4,0,0,,0.25,12
41,1b8cdb64-8220-11f1-b0da-2389f409459f,3,"[1, 0, 1, 1, 0, 0, 1, 0, 0, 0, 1, 0]",5,0,0,,0.25,12
42,1b8cdb64-8220-11f1-b0da-2389f409459f,3,"[1, 0, 1, 1, 0, 0, 1, 0, 0, 0, 1, 0]",6,1,-1,,0.25,12
43,1b8cdb64-8220-11f1-b0da-2389f409459f,3,"[1, 0, 1, 1, 0, 0, 1, 0, 0, 0, 1, 0]",7,0,0,,0.25,12
44,1b8cdb64-8220-11f1-b0da-2389f409459f,3,"[1, 0, 1, 1, 0, 0, 1, 0, 0, 0, 1, 0]",8,0,0,,0.25,12
45,1b8cdb64-8220-11f1-b0da-2389f409459f,3,"[1, 0, 1, 1, 0, 0, 1, 0, 0, 0, 1, 0]",9,0,0,,0.25,12
46,1b8cdb64-8220-11f1-b0da-2389f409459f,3,"[1, 0, 1, 1, 0, 0, 1, 0, 0, 0, 1, 0]",10,1,-1,,0.25,12
47,1b8cdb64-8220-11f1-b0da-2389f409459f,3,"[1, 0, 1, 1, 0, 0, 1, 0, 0, 0, 1, 0]",11,0,0,,0.25,12
48,1b8cdb64-8220-11f1-b0da-2389f409459f,4,"[0, 1, 1, 1, 0, 0, 0, 1, 0, 1, 0, 1]",0,0,0,,0.25,12
49,1b8cdb64-8220-11f1-b0da-2389f409459f,4,"[0, 1, 1, 1, 0, 0, 0, 1, 0, 1, 0, 1]",1,1,-1,,0.25,12
50,1b8cdb64-8220-11f1-b0da-2389f409459f,4,"[0, 1, 1, 1, 0, 0, 0, 1, 0, 1, 0, 1]",2,1,-1,,0.25,12
51,1b8cdb64-8220-11f1-b0da-2389f409459f,4,"[0, 1, 1, 1, 0, 0, 0, 1, 0, 1, 0, 1]",3,1,-1,,0.25,12
52,1b8cdb64-8220-11f1-b0da-2389f409459f,4,"[0, 1, 1, 1, 0, 0, 0, 1, 0, 1, 0, 1]",4,0,0,,0.25,12
53,1b8cdb64-8220-11f1-b0da-2389f409459f,4,"[0, 1, 1, 1, 0, 0, 0, 1, 0, 1, 0, 1]",5,0,0,,0.25,12
54,1b8cdb64-8220-11f1-b0da-2389f409459f,4,"[0, 1, 1, 1, 0, 0, 0, 1, 0, 1, 0, 1]",6,0,0,,0.25,12
55,1b8cdb64-8220-11f1-b0da-2389f409459f,4,"[0, 1, 1, 1, 0, 0, 0, 1, 0, 1, 0, 1]",7,1,-1,,0.25,12
56,1b8cdb64-8220-11f1-b0da-2389f409459f,4,"[0, 1, 1, 1, 0, 0, 0, 1, 0, 1, 0, 1]",8,0,0,,0.25,12
57,1b8cdb64-8220-11f1-b0da-2389f409459f,4,"[0, 1, 1, 1, 0, 0, 0, 1, 0, 1, 0, 1]",9,1,-1,,0.25,12
58,1b8cdb64-8220-11f1-b0da-2389f409459f,4,"[0, 1, 1, 1, 0, 0, 0, 1, 0, 1, 0, 1]",10,0,0,,0.25,12
59,1b8cdb64-8220-11f1-b0da-2389f409459f,4,"[0, 1, 1, 1, 0, 0, 0, 1, 0, 1, 0, 1]",11,1,-1,,0.25,12
60,1b8cdb64-8220-11f1-b0da-2389f409459f,5,"[0, 0, 0, 1, 1, 0, 0, 1, 0, 1, 0, 0]",0,0,0,,0.25,12
61,1b8cdb64-8220-11f1-b0da-2389f409459f,5,"[0, 0, 0, 1, 1, 0, 0, 1, 0, 1, 0, 0]",1,0,0,,0.25,12
62,1b8cdb64-8220-11f1-b0da-2389f409459f,5,"[0, 0, 0, 1, 1, 0, 0, 1, 0, 1, 0, 0]",2,0,0,,0.25,12
63,1b8cdb64-8220-11f1-b0da-2389f409459f,5,"[0, 0, 0, 1, 1, 0, 0, 1, 0, 1, 0, 0]",3,1,-1,,0.25,12
64,1b8cdb64-8220-11f1-b0da-2389f409459f,5,"[0, 0, 0, 1, 1, 0, 0, 1, 0, 1, 0, 0]",4,1,-1,,0.25,12
65,1b8cdb64-8220-11f1-b0da-2389f409459f,5,"[0, 0, 0, 1, 1, 0, 0, 1, 0, 1, 0, 0]",5,0,0,,0.25,12
66,1b8cdb64-8220-11f1-b0da-2389f409459f,5,"[0, 0, 0, 1, 1, 0, 0, 1, 0, 1, 0, 0]",6,0,0,,0.25,12
67,1b8cdb64-8220-11f1-b0da-2389f409459f,5,"[0, 0, 0, 1, 1, 0, 0, 1, 0, 1, 0, 0]",7,1,-1,,0.25,12
68,1b8cdb64-8220-11f1-b0da-2389f409459f,5,"[0, 0, 0, 1, 1, 0, 0, 1, 0, 1, 0, 0]",8,0,0,,0.25,12
69,1b8cdb64-8220-11f1-b0da-2389f409459f,5,"[0, 0, 0, 1, 1, 0, 0, 1, 0, 1, 0, 0]",9,1,-1,,0.25,12
70,1b8cdb64-8220-11f1-b0da-2389f409459f,5,"[0, 0, 0, 1, 1, 0, 0, 1, 0, 1, 0, 0]",10,0,0,,0.25,12
71,1b8cdb64-8220-11f1-b0da-2389f409459f,5,"[0, 0, 0, 1, 1, 0, 0, 1, 0, 1, 0, 0]",11,0,0,,0.25,12
72,1b8cdb64-8220-11f1-b0da-2389f409459f,6,"[1, 0, 0, 0, 1, 0, 1, 1, 0, 1, 0, 1]",0,1,-1,,0.25,12
73,1b8cdb64-8220-11f1-b0da-2389f409459f,6,"[1, 0, 0, 0, 1, 0, 1, 1, 0, 1, 0, 1]",1,0,0,,0.25,12
74,1b8cdb64-8220-11f1-b0da-2389f409459f,6,"[1, 0, 0, 0, 1, 0, 1, 1, 0, 1, 0, 1]",2,0,0,,0.25,12
75,1b8cdb64-8220-11f1-b0da-2389f409459f,6,"[1, 0, 0, 0, 1, 0, 1, 1, 0, 1, 0, 1]",3,0,0,,0.25,12
76,1b8cdb64-8220-11f1-b0da-2389f409459f,6,"[1, 0, 0, 0, 1, 0, 1, 1, 0, 1, 0, 1]",4,1,-1,,0.25,12
77,1b8cdb64-8220-11f1-b0da-2389f409459f,6,"[1, 0, 0, 0, 1, 0, 1, 1, 0, 1, 0, 1]",5,0,0,,0.25,12
78,1b8cdb64-8220-11f1-b0da-2389f409459f,6,"[1, 0, 0, 0, 1, 0, 1, 1, 0, 1, 0, 1]",6,1,-1,,0.25,12
79,1b8cdb64-8220-11f1-b0da-2389f409459f,6,"[1, 0, 0, 0, 1, 0, 1, 1, 0, 1, 0, 1]",7,1,-1,,0.25,12
80,1b8cdb64-8220-11f1-b0da-2389f409459f,6,"[1, 0, 0, 0, 1, 0, 1, 1, 0, 1, 0, 1]",8,0,0,,0.25,12
81,1b8cdb64-8220-11f1-b0da-2389f409459f,6,"[1, 0, 0, 0, 1, 0, 1, 1, 0, 1, 0, 1]",9,1,-1,,0.25,12
82,1b8cdb64-8220-11f1-b0da-2389f409459f,6,"[1, 0, 0, 0, 1, 0, 1, 1, 0, 1, 0, 1]",10,0,0,,0.25,12
83,1b8cdb64-8220-11f1-b0da-2389f409459f,6,"[1, 0, 0, 0, 1, 0, 1, 1, 0, 1, 0, 1]",11,1,-1,,0.25,12
84,1b8cdb64-8220-11f1-b0da-2389f409459f,7,"[1, 0, 1, 1, 0, 1, 1, 1, 1, 1, 1, 0]",0,1,-1,,0.25,12
85,1b8cdb64-8220-11f1-b0da-2389f409459f,7,"[1, 0, 1, 1, 0, 1, 1, 1, 1, 1, 1, 0]",1,0,0,,0.25,12
86,1b8cdb64-8220-11f1-b0da-2389f409459f,7,"[1, 0, 1, 1, 0, 1, 1, 1, 1, 1, 1, 0]",2,1,-1,,0.25,12
87,1b8cdb64-8220-11f1-b0da-2389f409459f,7,"[1, 0, 1, 1, 0, 1, 1, 1, 1, 1, 1, 0]",3,1,-1,,0.25,12
88,1b8cdb64-8220-11f1-b0da-2389f409459f,7,"[1, 0, 1, 1, 0, 1, 1, 1, 1, 1, 1, 0]",4,0,0,,0.25,12
89,1b8cdb64-8220-11f1-b0da-2389f409459f,7,"[1, 0, 1, 1, 0, 1, 1, 1, 1, 1, 1, 0]",5,1,-1,,0.25,12
90,1b8cdb64-8220-11f1-b0da-2389f409459f,7,"[1, 0, 1, 1, 0, 1, 1, 1, 1, 1, 1, 0]",6,1,-1,,0.25,12
91,1b8cdb64-8220-11f1-b0da-2389f409459f,7,"[1, 0, 1, 1, 0, 1, 1, 1, 1, 1, 1, 0]",7,1,-1,,0.25,12
92,1b8cdb64-8220-11f1-b0da-2389f409459f,7,"[1, 0, 1, 1, 0, 1, 1, 1, 1, 1, 1, 0]",8,1,-1,,0.25,12
93,1b8cdb64-8220-11f1-b0da-2389f409459f,7,"[1, 0, 1, 1, 0, 1, 1, 1, 1, 1, 1, 0]",9,1,-1,,0.25,12
94,1b8cdb64-8220-11f1-b0da-2389f409459f,7,"[1, 0, 1, 1, 0, 1, 1, 1, 1, 1, 1, 0]",10,1,-1,,0.25,12
95,1b8cdb64-8220-11f1-b0da-2389f409459f,7,"[1, 0, 1, 1, 0, 1, 1, 1, 1, 1, 1, 0]",11,0,0,,0.25,12
96,1b8cdb64-8220-11f1-b0da-2389f409459f,8,"[0, 0, 0, 0, 0, 0, 0, 1, 1, 0, 0, 1]",0,0,0,,0.25,12
97,1b8cdb64-8220-11f1-b0da-2389f409459f,8,"[0, 0, 0, 0, 0, 0, 0, 1, 1, 0, 0, 1]",1,0,0,,0.25,12
98,1b8cdb64-8220-11f1-b0da-2389f409459f,8,"[0, 0, 0, 0, 0, 0, 0, 1, 1, 0, 0, 1]",2,0,0,,0.25,12
99,1b8cdb64-8220-11f1-b0da-2389f409459f,8,"[0, 0, 0, 0, 0, 0, 0, 1, 1, 0, 0, 1]",3,0,0,,0.25,12
100,1b8cdb64-8220-11f1-b0da-2389f409459f,8,"[0, 0, 0, 0, 0, 0, 0, 1, 1, 0, 0, 1]",4,0,0,,0.25,12
101,1b8cdb64-8220-11f1-b0da-2389f409459f,8,"[0, 0, 0, 0, 0, 0, 0, 1, 1, 0, 0, 1]",5,0,0,,0.25,12
102,1b8cdb64-8220-11f1-b0da-2389f409459f,8,"[0, 0, 0, 0, 0, 0, 0, 1, 1, 0, 0, 1]",6,0,0,,0.25,12
103,1b8cdb64-8220-11f1-b0da-2389f409459f,8,"[0, 0, 0, 0, 0, 0, 0, 1, 1, 0, 0, 1]",7,1,1,,0.25,12
104,1b8cdb64-8220-11f1-b0da-2389f409459f,8,"[0, 0, 0, 0, 0, 0, 0, 1, 1, 0, 0, 1]",8,1,1,,0.25,12
105,1b8cdb64-8220-11f1-b0da-2389f409459f,8,"[0, 0, 0, 0, 0, 0, 0, 1, 1, 0, 0, 1]",9,0,0,,0.25,12
106,1b8cdb64-8220-11f1-b0da-2389f409459f,8,"[0, 0, 0, 0, 0, 0, 0, 1, 1, 0, 0, 1]",10,0,0,,0.25,12
107,1b8cdb64-8220-11f1-b0da-2389f409459f,8,"[0, 0, 0, 0, 0, 0, 0, 1, 1, 0, 0, 1]",11,1,1,,0.25,12
108,1b8cdb64-8220-11f1-b0da-2389f409459f,9,"[1, 1, 1, 0, 1, 0, 0, 1, 0, 1, 1, 1]",0,1,-1,,0.25,12
109,1b8cdb64-8220-11f1-b0da-2389f409459f,9,"[1, 1, 1, 0, 1, 0, 0, 1, 0, 1, 1, 1]",1,1,-1,,0.25,12
110,1b8cdb64-8220-11f1-b0da-2389f409459f,9,"[1, 1, 1, 0, 1, 0, 0, 1, 0, 1, 1, 1]",2,1,-1,,0.25,12
111,1b8cdb64-8220-11f1-b0da-2389f409459f,9,"[1, 1, 1, 0, 1, 0, 0, 1, 0, 1, 1, 1]",3,0,0,,0.25,12
112,1b8cdb64-8220-11f1-b0da-2389f409459f,9,"[1, 1, 1, 0, 1, 0, 0, 1, 0, 1, 1, 1]",4,1,-1,,0.25,12
113,1b8cdb64-8220-11f1-b0da-2389f409459f,9,"[1, 1, 1, 0, 1, 0, 0, 1, 0, 1, 1, 1]",5,0,0,,0.25,12
114,1b8cdb64-8220-11f1-b0da-2389f409459f,9,"[1, 1, 1, 0, 1, 0, 0, 1, 0, 1, 1, 1]",6,0,0,,0.25,12
115,1b8cdb64-8220-11f1-b0da-2389f409459f,9,"[1, 1, 1, 0, 1, 0, 0, 1, 0, 1, 1, 1]",7,1,-1,,0.25,12
116,1b8cdb64-8220-11f1-b0da-2389f409459f,9,"[1, 1, 1, 0, 1, 0, 0, 1, 0, 1, 1, 1]",8,0,0,,0.25,12
117,1b8cdb64-8220-11f1-b0da-2389f409459f,9,"[1, 1, 1, 0, 1, 0, 0, 1, 0, 1, 1, 1]",9,1,-1,,0.25,12
118,1b8cdb64-8220-11f1-b0da-2389f409459f,9,"[1, 1, 1, 0, 1, 0, 0, 1, 0, 1, 1, 1]",10,1,-1,,0.25,12
119,1b8cdb64-8220-11f1-b0da-2389f409459f,9,"[1, 1, 1, 0, 1, 0, 0, 1, 0, 1, 1, 1]",11,1,-1,,0.25,12
120,1b8e26ae-8220-11f1-b0da-2389f409459f,0,"[0, 0, 0, 1, 0, 1, 0, 0, 0, 0, 0, 0]",0,0,0,,0.25,12
121,1b8e26ae-8220-11f1-b0da-2389f409459f,0,"[0, 0, 0, 1, 0, 1, 0, 0, 0, 0, 0, 0]",1,0,0,,0.25,12
122,1b8e26ae-8220-11f1-b0da-2389f409459f,0,"[0, 0, 0, 1, 0, 1, 0, 0, 0, 0, 0, 0]",2,0,0,,0.25,12
123,1b8e26ae-8220-11f1-b0da-2389f409459f,0,"[0, 0, 0, 1, 0, 1, 0, 0, 0, 0, 0, 0]",3,1,1,,0.25,12
124,1b8e26ae-8220-11f1-b0da-2389f409459f,0,"[0, 0, 0, 1, 0, 1, 0, 0, 0, 0, 0, 0]",4,0,0,,0.25,12
125,1b8e26ae-8220-11f1-b0da-2389f409459f,0,"[0, 0, 0, 1, 0, 1, 0, 0, 0, 0, 0, 0]",5,1,1,,0.25,12
126,1b8e26ae-8220-11f1-b0da-2389f409459f,0,"[0, 0, 0, 1, 0, 1, 0, 0, 0, 0, 0, 0]",6,0,0,,0.25,12
127,1b8e26ae-8220-11f1-b0da-2389f409459f,0,"[0, 0, 0, 1, 0, 1, 0, 0, 0, 0, 0, 0]",7,0,0,,0.25,12
128,1b8e26ae-8220-11f1-b0da-2389f409459f,0,"[0, 0, 0, 1, 0, 1, 0, 0, 0, 0, 0, 0]",8,0,0,,0.25,12
129,1b8e26ae-8220-11f1-b0da-2389f409459f,0,"[0, 0, 0, 1, 0, 1, 0, 0, 0, 0, 0, 0]",9,0,0,,0.25,12
130,1b8e26ae-8220-11f1-b0da-2389f409459f,0,"[0, 0, 0, 1, 0, 1, 0, 0, 0, 0, 0, 0]",10,0,0,,0.25,12
131,1b8e26ae-8220-11f1-b0da-2389f409459f,0,"[0, 0, 0, 1, 0, 1, 0, 0, 0, 0, 0, 0]",11,0,0,,0.25,12
132,1b8e26ae-8220-11f1-b0da-2389f409459f,1,"[1, 0, 0, 0, 1, 1, 1, 1, 0, 1, 0, 1]",0,1,-1,,0.25,12
133,1b8e26ae-8220-11f1-b0da-2389f409459f,1,"[1, 0, 0, 0, 1, 1, 1, 1, 0, 1, 0, 1]",1,0,0,,0.25,12
134,1b8e26ae-8220-11f1-b0da-2389f409459f,1,"[1, 0, 0, 0, 1, 1, 1, 1, 0, 1, 0, 1]",2,0,0,,0.25,12
135,1b8e26ae-8220-11f1-b0da-2389f409459f,1,"[1, 0, 0, 0, 1, 1, 1, 1, 0, 1, 0, 1]",3,0,0,,0.25,12
136,1b8e26ae-8220-11f1-b0da-2389f409459f,1,"[1, 0, 0, 0, 1, 1, 1, 1, 0, 1, 0, 1]",4,1,-1,,0.25,12
137,1b8e26ae-8220-11f1-b0da-2389f409459f,1,"[1, 0, 0, 0, 1, 1, 1, 1, 0, 1, 0, 1]",5,1,-1,,0.25,12
138,1b8e26ae-8220-11f1-b0da-2389f409459f,1,"[1, 0, 0, 0, 1, 1, 1, 1, 0, 1, 0, 1]",6,1,-1,,0.25,12
139,1b8e26ae-8220-11f1-b0da-2389f409459f,1,"[1, 0, 0, 0, 1, 1, 1, 1, 0, 1, 0, 1]",7,1,-1,,0.25,12
140,1b8e26ae-8220-11f1-b0da-2389f409459f,1,"[1, 0, 0, 0, 1, 1, 1, 1, 0, 1, 0, 1]",8,0,0,,0.25,12
141,1b8e26ae-8220-11f1-b0da-2389f409459f,1,"[1, 0, 0, 0, 1, 1, 1, 1, 0, 1, 0, 1]",9,1,-1,,0.25,12
142,1b8e26ae-8220-11f1-b0da-2389f409459f,1,"[1, 0, 0, 0, 1, 1, 1, 1, 0, 1, 0, 1]",10,0,0,,0.25,12
143,1b8e26ae-8220-11f1-b0da-2389f409459f,1,"[1, 0, 0, 0, 1, 1, 1, 1, 0, 1, 0, 1]",11,1,-1,,0.25,12
144,1b8e26ae-8220-11f1-b0da-2389f409459f,2,"[1, 0, 1, 1, 1, 0, 1, 0, 1, 1, 0, 0]",0,1,-1,,0.25,12
145,1b8e26ae-8220-11f1-b0da-2389f409459f,2,"[1, 0, 1, 1, 1, 0, 1, 0, 1, 1, 0, 0]",1,0,0,,0.25,12
146,1b8e26ae-8220-11f1-b0da-2389f409459f,2,"[1, 0, 1, 1, 1, 0, 1, 0, 1, 1, 0, 0]",2,1,-1,,0.25,12
147,1b8e26ae-8220-11f1-b0da-2389f409459f,2,"[1, 0, 1, 1, 1, 0, 1, 0, 1, 1, 0, 0]",3,1,-1,,0.25,12
148,1b8e26ae-8220-11f1-b0da-2389f409459f,2,"[1, 0, 1, 1, 1, 0, 1, 0, 1, 1, 0, 0]",4,1,-1,,0.25,12
149,1b8e26ae-8220-11f1-b0da-2389f409459f,2,"[1, 0, 1, 1, 1, 0, 1, 0, 1, 1, 0, 0]",5,0,0,,0.25,12
150,1b8e26ae-8220-11f1-b0da-2389f409459f,2,"[1, 0, 1, 1, 1, 0, 1, 0, 1, 1, 0, 0]",6,1,-1,,0.25,12
151,1b8e26ae-8220-11f1-b0da-2389f409459f,2,"[1, 0, 1, 1, 1, 0, 1, 0, 1, 1, 0, 0]",7,0,0,,0.25,12
152,1b8e26ae-8220-11f1-b0da-2389f409459f,2,"[1, 0, 1, 1, 1, 0, 1, 0, 1, 1, 0, 0]",8,1,-1,,0.25,12
153,1b8e26ae-8220-11f1-b0da-2389f409459f,2,"[1, 0, 1, 1, 1, 0, 1, 0, 1, 1, 0, 0]",9,1,-1,,0.25,12
154,1b8e26ae-8220-11f1-b0da-2389f409459f,2,"[1, 0, 1, 1, 1, 0, 1, 0, 1, 1, 0, 0]",10,0,0,,0.25,12
155,1b8e26ae-8220-11f1-b0da-2389f409459f,2,"[1, 0, 1, 1, 1, 0, 1, 0, 1, 1, 0, 0]",11,0,0,,0.25,12
156,1b8e26ae-8220-11f1-b0da-2389f409459f,3,"[0, 0, 0, 1, 0, 0, 0, 0, 0, 1, 0, 1]",0,0,0,,0.25,12
157,1b8e26ae-8220-11f1-b0da-2389f409459f,3,"[0, 0, 0, 1, 0, 0, 0, 0, 0, 1, 0, 1]",1,0,0,,0.25,12
158,1b8e26ae-8220-11f1-b0da-2389f409459f,3,"[0, 0, 0, 1, 0, 0, 0, 0, 0, 1, 0, 1]",2,0,0,,0.25,12
159,1b8e26ae-8220-11f1-b0da-2389f409459f,3,"[0, 0, 0, 1, 0, 0, 0, 0, 0, 1, 0, 1]",3,1,1,,0.25,12
160,1b8e26ae-8220-11f1-b0da-2389f409459f,3,"[0, 0, 0, 1, 0, 0, 0, 0, 0, 1, 0, 1]",4,0,0,,0.25,12
161,1b8e26ae-8220-11f1-b0da-2389f409459f,3,"[0, 0, 0, 1, 0, 0, 0, 0, 0, 1, 0, 1]",5,0,0,,0.25,12
162,1b8e26ae-8220-11f1-b0da-2389f409459f,3,"[0, 0, 0, 1, 0, 0, 0, 0, 0, 1, 0, 1]",6,0,0,,0.25,12
163,1b8e26ae-8220-11f1-b0da-2389f409459f,3,"[0, 0, 0, 1, 0, 0, 0, 0, 0, 1, 0, 1]",7,0,0,,0.25,12
164,1b8e26ae-8220-11f1-b0da-2389f409459f,3,"[0, 0, 0, 1, 0, 0, 0, 0, 0, 1, 0, 1]",8,0,0,,0.25,12
165,1b8e26ae-8220-11f1-b0da-2389f409459f,3,"[0, 0, 0, 1, 0, 0, 0, 0, 0, 1, 0, 1]",9,1,1,,0.25,12
166,1b8e26ae-8220-11f1-b0da-2389f409459f,3,"[0, 0, 0, 1, 0, 0, 0, 0, 0, 1, 0, 1]",10,0,0,,0.25,12
167,1b8e26ae-8220-11f1-b0da-2389f409459f,3,"[0, 0, 0, 1, 0, 0, 0, 0, 0, 1, 0, 1]",11,1,1,,0.25,12
168,1b8e26ae-8220-11f1-b0da-2389f409459f,4,"[0, 0, 1, 0, 1, 0, 0, 0, 0, 0, 1, 1]",0,0,0,,0.25,12
169,1b8e26ae-8220-11f1-b0da-2389f409459f,4,"[0, 0, 1, 0, 1, 0, 0, 0, 0, 0, 1, 1]",1,0,0,,0.25,12
170,1b8e26ae-8220-11f1-b0da-2389f409459f,4,"[0, 0, 1, 0, 1, 0, 0, 0, 0, 0, 1, 1]",2,1,-1,,0.25,12
171,1b8e26ae-8220-11f1-b0da-2389f409459f,4,"[0, 0, 1, 0, 1, 0, 0, 0, 0, 0, 1, 1]",3,0,0,,0.25,12
172,1b8e26ae-8220-11f1-b0da-2389f409459f,4,"[0, 0, 1, 0, 1, 0, 0, 0, 0, 0, 1, 1]",4,1,-1,,0.25,12
173,1b8e26ae-8220-11f1-b0da-2389f409459f,4,"[0, 0, 1, 0, 1, 0, 0, 0, 0, 0, 1, 1]",5,0,0,,0.25,12
174,1b8e26ae-8220-11f1-b0da-2389f409459f,4,"[0, 0, 1, 0, 1, 0, 0, 0, 0, 0, 1, 1]",6,0,0,,0.25,12
175,1b8e26ae-8220-11f1-b0da-2389f409459f,4,"[0, 0, 1, 0, 1, 0, 0, 0, 0, 0, 1, 1]",7,0,0,,0.25,12
176,1b8e26ae-8220-11f1-b0da-2389f409459f,4,"[0, 0, 1, 0, 1, 0, 0, 0, 0, 0, 1, 1]",8,0,0,,0.25,12
177,1b8e26ae-8220-11f1-b0da-2389f409459f,4,"[0, 0, 1, 0, 1, 0, 0, 0, 0, 0, 1, 1]",9,0,0,,0.25,12
178,1b8e26ae-8220-11f1-b0da-2389f409459f,4,"[0, 0, 1, 0, 1, 0, 0, 0, 0, 0, 1, 1]",10,1,-1,,0.25,12
179,1b8e26ae-8220-11f1-b0da-2389f409459f,4,"[0, 0, 1, 0, 1, 0, 0, 0, 0, 0, 1, 1]",11,1,-1,,0.25,12
180,1b8e26ae-8220-11f1-b0da-2389f409459f,5,"[0, 0, 1, 1, 0, 0, 1, 0, 1, 0, 1, 0]",0,0,0,,0.25,12
181,1b8e26ae-8220-11f1-b0da-2389f409459f,5,"[0, 0, 1, 1, 0, 0, 1, 0, 1, 0, 1, 0]",1,0,0,,0.25,12
182,1b8e26ae-8220-11f1-b0da-2389f409459f,5,"[0, 0, 1, 1, 0, 0, 1, 0, 1, 0, 1, 0]",2,1,-1,,0.25,12
183,1b8e26ae-8220-11f1-b0da-2389f409459f,5,"[0, 0, 1, 1, 0, 0, 1, 0, 1, 0, 1, 0]",3,1,-1,,0.25,12
184,1b8e26ae-8220-11f1-b0da-2389f409459f,5,"[0, 0, 1, 1, 0, 0, 1, 0, 1, 0, 1, 0]",4,0,0,,0.25,12
185,1b8e26ae-8220-11f1-b0da-2389f409459f,5,"[0, 0, 1, 1, 0, 0, 1, 0, 1, 0, 1, 0]",5,0,0,,0.25,12
186,1b8e26ae-8220-11f1-b0da-2389f409459f,5,"[0, 0, 1, 1, 0, 0, 1, 0, 1, 0, 1, 0]",6,1,-1,,0.25,12
187,1b8e26ae-8220-11f1-b0da-2389f409459f,5,"[0, 0, 1, 1, 0, 0, 1, 0, 1, 0, 1, 0]",7,0,0,,0.25,12
188,1b8e26ae-8220-11f1-b0da-2389f409459f,5,"[0, 0, 1, 1, 0, 0, 1, 0, 1, 0, 1, 0]",8,1,-1,,0.25,12
189,1b8e26ae-8220-11f1-b0da-2389f409459f,5,"[0, 0, 1, 1, 0, 0, 1, 0, 1, 0, 1, 0]",9,0,0,,0.25,12
190,1b8e26ae-8220-11f1-b0da-2389f409459f,5,"[0, 0, 1, 1, 0, 0, 1, 0, 1, 0, 1, 0]",10,1,-1,,0.25,12
191,1b8e26ae-8220-11f1-b0da-2389f409459f,5,"[0, 0, 1, 1, 0, 0, 1, 0, 1, 0, 1, 0]",11,0,0,,0.25,12
192,1b8e26ae-8220-11f1-b0da-2389f409459f,6,"[1, 0, 0, 1, 0, 1, 1, 1, 1, 1, 1, 0]",0,1,-1,,0.25,12
193,1b8e26ae-8220-11f1-b0da-2389f409459f,6,"[1, 0, 0, 1, 0, 1, 1, 1, 1, 1, 1, 0]",1,0,0,,0.25,12
194,1b8e26ae-8220-11f1-b0da-2389f409459f,6,"[1, 0, 0, 1, 0, 1, 1, 1, 1, 1, 1, 0]",2,0,0,,0.25,12
195,1b8e26ae-8220-11f1-b0da-2389f409459f,6,"[1, 0, 0, 1, 0, 1, 1, 1, 1, 1, 1, 0]",3,1,-1,,0.25,12
196,1b8e26ae-8220-11f1-b0da-2389f409459f,6,"[1, 0, 0, 1, 0, 1, 1, 1, 1, 1, 1, 0]",4,0,0,,0.25,12
197,1b8e26ae-8220-11f1-b0da-2389f409459f,6,"[1, 0, 0, 1, 0, 1, 1, 1, 1, 1, 1, 0]",5,1,-1,,0.25,12
198,1b8e26ae-8220-11f1-b0da-2389f409459f,6,"[1, 0, 0, 1, 0, 1, 1, 1, 1, 1, 1, 0]",6,1,-1,,0.25,12
199,1b8e26ae-8220-11f1-b0da-2389f409459f,6,"[1, 0, 0, 1, 0, 1, 1, 1, 1, 1, 1, 0]",7,1,-1,,0.25,12
200,1b8e26ae-8220-11f1-b0da-2389f409459f,6,"[1, 0, 0, 1, 0, 1, 1, 1, 1, 1, 1, 0]",8,1,-1,,0.25,12
201,1b8e26ae-8220-11f1-b0da-2389f409459f,6,"[1, 0, 0, 1, 0, 1, 1, 1, 1, 1, 1, 0]",9,1,-1,,0.25,12
202,1b8e26ae-8220-11f1-b0da-2389f409459f,6,"[1, 0, 0, 1, 0, 1, 1, 1, 1, 1, 1, 0]",10,1,-1,,0.25,12
203,1b8e26ae-8220-11f1-b0da-2389f409459f,6,"[1, 0, 0, 1, 0, 1, 1, 1, 1, 1, 1, 0]",11,0,0,,0.25,12
204,1b8e26ae-8220-11f1-b0da-2389f409459f,7,"[1, 1, 1, 1, 1, 1, 0, 0, 1, 0, 0, 0]",0,1,-1,,0.25,12
205,1b8e26ae-8220-11f1-b0da-2389f409459f,7,"[1, 1, 1, 1, 1, 1, 0, 0, 1, 0, 0, 0]",1,1,-1,,0.25,12
206,1b8e26ae-8220-11f1-b0da-2389f409459f,7,"[1, 1, 1, 1, 1, 1, 0, 0, 1, 0, 0, 0]",2,1,-1,,0.25,12
207,1b8e26ae-8220-11f1-b0da-2389f409459f,7,"[1, 1, 1, 1, 1, 1, 0, 0, 1, 0, 0, 0]",3,1,-1,,0.25,12
208,1b8e26ae-8220-11f1-b0da-2389f409459f,7,"[1, 1, 1, 1, 1, 1, 0, 0, 1, 0, 0, 0]",4,1,-1,,0.25,12
209,1b8e26ae-8220-11f1-b0da-2389f409459f,7,"[1, 1, 1, 1, 1, 1, 0, 0, 1, 0, 0, 0]",5,1,-1,,0.25,12
210,1b8e26ae-8220-11f1-b0da-2389f409459f,7,"[1, 1, 1, 1, 1, 1, 0, 0, 1, 0, 0, 0]",6,0,0,,0.25,12
211,1b8e26ae-8220-11f1-b0da-2389f409459f,7,"[1, 1, 1, 1, 1, 1, 0, 0, 1, 0, 0, 0]",7,0,0,,0.25,12
212,1b8e26ae-8220-11f1-b0da-2389f409459f,7,"[1, 1, 1, 1, 1, 1, 0, 0, 1, 0, 0, 0]",8,1,-1,,0.25,12
213,1b8e26ae-8220-11f1-b0da-2389f409459f,7,"[1, 1, 1, 1, 1, 1, 0, 0, 1, 0, 0, 0]",9,0,0,,0.25,12
214,1b8e26ae-8220-11f1-b0da-2389f409459f,7,"[1, 1, 1, 1, 1, 1, 0, 0, 1, 0, 0, 0]",10,0,0,,0.25,12
215,1b8e26ae-8220-11f1-b0da-2389f409459f,7,"[1, 1, 1, 1, 1, 1, 0, 0, 1, 0, 0, 0]",11,0,0,,0.25,12
216,1b8e26ae-8220-11f1-b0da-2389f409459f,8,"[0, 1, 1, 1, 1, 0, 1, 0, 1, 0, 1, 1]",0,0,0,,0.25,12
217,1b8e26ae-8220-11f1-b0da-2389f409459f,8,"[0, 1, 1, 1, 1, 0, 1, 0, 1, 0, 1, 1]",1,1,-1,,0.25,12
218,1b8e26ae-8220-11f1-b0da-2389f409459f,8,"[0, 1, 1, 1, 1, 0, 1, 0, 1, 0, 1, 1]",2,1,-1,,0.25,12
219,1b8e26ae-8220-11f1-b0da-2389f409459f,8,"[0, 1, 1, 1, 1, 0, 1, 0, 1, 0, 1, 1]",3,1,-1,,0.25,12
220,1b8e26ae-8220-11f1-b0da-2389f409459f,8,"[0, 1, 1, 1, 1, 0, 1, 0, 1, 0, 1, 1]",4,1,-1,,0.25,12
221,1b8e26ae-8220-11f1-b0da-2389f409459f,8,"[0, 1, 1, 1, 1, 0, 1, 0, 1, 0, 1, 1]",5,0,0,,0.25,12
222,1b8e26ae-8220-11f1-b0da-2389f409459f,8,"[0, 1, 1, 1, 1, 0, 1, 0, 1, 0, 1, 1]",6,1,-1,,0.25,12
223,1b8e26ae-8220-11f1-b0da-2389f409459f,8,"[0, 1, 1, 1, 1, 0, 1, 0, 1, 0, 1, 1]",7,0,0,,0.25,12
224,1b8e26ae-8220-11f1-b0da-2389f409459f,8,"[0, 1, 1, 1, 1, 0, 1, 0, 1, 0, 1, 1]",8,1,-1,,0.25,12
225,1b8e26ae-8220-11f1-b0da-2389f409459f,8,"[0, 1, 1, 1, 1, 0, 1, 0, 1, 0, 1, 1]",9,0,0,,0.25,12
226,1b8e26ae-8220-11f1-b0da-2389f409459f,8,"[0, 1, 1, 1, 1, 0, 1, 0, 1, 0, 1, 1]",10,1,-1,,0.25,12
227,1b8e26ae-8220-11f1-b0da-2389f409459f,8,"[0, 1, 1, 1, 1, 0, 1, 0, 1, 0, 1, 1]",11,1,-1,,0.25,12
228,1b8e26ae-8220-11f1-b0da-2389f409459f,9,"[0, 0, 1, 0, 1, 1, 1, 0, 1, 1, 1, 0]",0,0,0,,0.25,12
229,1b8e26ae-8220-11f1-b0da-2389f409459f,9,"[0, 0, 1, 0, 1, 1, 1, 0, 1, 1, 1, 0]",1,0,0,,0.25,12
230,1b8e26ae-8220-11f1-b0da-2389f409459f,9,"[0, 0, 1, 0, 1, 1, 1, 0, 1, 1, 1, 0]",2,1,-1,,0.25,12
231,1b8e26ae-8220-11f1-b0da-2389f409459f,9,"[0, 0, 1, 0, 1, 1, 1, 0, 1, 1, 1, 0]",3,0,0,,0.25,12
232,1b8e26ae-8220-11f1-b0da-2389f409459f,9,"[0, 0, 1, 0, 1, 1, 1, 0, 1, 1, 1, 0]",4,1,-1,,0.25,12
233,1b8e26ae-8220-11f1-b0da-2389f409459f,9,"[0, 0, 1, 0, 1, 1, 1, 0, 1, 1, 1, 0]",5,1,-1,,0.25,12
234,1b8e26ae-8220-11f1-b0da-2389f409459f,9,"[0, 0, 1, 0, 1, 1, 1, 0, 1, 1, 1, 0]",6,1,-1,,0.25,12
235,1b8e26ae-8220-11f1-b0da-2389f409459f,9,"[0, 0, 1, 0, 1, 1, 1, 0, 1, 1, 1, 0]",7,0,0,,0.25,12
236,1b8e26ae-8220-11f1-b0da-2389f409459f,9,"[0, 0, 1, 0, 1, 1, 1, 0, 1, 1, 1, 0]",8,1,-1,,0.25,12
237,1b8e26ae-8220-11f1-b0da-2389f409459f,9,"[0, 0, 1, 0, 1, 1, 1, 0, 1, 1, 1, 0]",9,1,-1,,0.25,12
238,1b8e26ae-8220-11f1-b0da-2389f409459f,9,"[0, 0, 1, 0, 1, 1, 1, 0, 1, 1, 1, 0]",10,1,-1,,0.25,12
239,1b8e26ae-8220-11f1-b0da-2389f409459f,9,"[0, 0, 1, 0, 1, 1, 1, 0, 1, 1, 1, 0]",11,0,0,,0.25,12
240,1b8f757c-8220-11f1-b0da-2389f409459f,0,"[0, 1, 1, 0, 1, 1, 0, 1, 0, 1, 0, 1]",0,0,0,,0.25,12
241,1b8f757c-8220-11f1-b0da-2389f409459f,0,"[0, 1, 1, 0, 1, 1, 0, 1, 0, 1, 0, 1]",1,1,-1,,0.25,12
242,1b8f757c-8220-11f1-b0da-2389f409459f,0,"[0, 1, 1, 0, 1, 1, 0, 1, 0, 1, 0, 1]",2,1,-1,,0.25,12
243,1b8f757c-8220-11f1-b0da-2389f409459f,0,"[0, 1, 1, 0, 1, 1, 0, 1, 0, 1, 0, 1]",3,0,0,,0.25,12
244,1b8f757c-8220-11f1-b0da-2389f409459f,0,"[0, 1, 1, 0, 1, 1, 0, 1, 0, 1, 0, 1]",4,1,-1,,0.25,12
245,1b8f757c-8220-11f1-b0da-2389f409459f,0,"[0, 1, 1, 0, 1, 1, 0, 1, 0, 1, 0, 1]",5,1,-1,,0.25,12
246,1b8f757c-8220-11f1-b0da-2389f409459f,0,"[0, 1, 1, 0, 1, 1, 0, 1, 0, 1, 0, 1]",6,0,0,,0.25,12
247,1b8f757c-8220-11f1-b0da-2389f409459f,0,"[0, 1, 1, 0, 1, 1, 0, 1, 0, 1, 0, 1]",7,1,-1,,0.25,12
248,1b8f757c-8220-11f1-b0da-2389f409459f,0,"[0, 1, 1, 0, 1, 1, 0, 1, 0, 1, 0, 1]",8,0,0,,0.25,12
249,1b8f757c-8220-11f1-b0da-2389f409459f,0,"[0, 1, 1, 0, 1, 1, 0, 1, 0, 1, 0, 1]",9,1,-1,,0.25,12
250,1b8f757c-8220-11f1-b0da-2389f409459f,0,"[0, 1, 1, 0, 1, 1, 0, 1, 0, 1, 0, 1]",10,0,0,,0.25,12
251,1b8f757c-8220-11f1-b0da-2389f409459f,0,"[0, 1, 1, 0, 1, 1, 0, 1, 0, 1, 0, 1]",11,1,-1,,0.25,12
252,1b8f757c-8220-11f1-b0da-2389f409459f,1,"[1, 0, 0, 0, 1, 0, 1, 0, 0, 0, 1, 0]",0,1,-1,,0.25,12
253,1b8f757c-8220-11f1-b0da-2389f409459f,1,"[1, 0, 0, 0, 1, 0, 1, 0, 0, 0, 1, 0]",1,0,0,,0.25,12
254,1b8f757c-8220-11f1-b0da-2389f409459f,1,"[1, 0, 0, 0, 1, 0, 1, 0, 0, 0, 1, 0]",2,0,0,,0.25,12
255,1b8f757c-8220-11f1-b0da-2389f409459f,1,"[1, 0, 0, 0, 1, 0, 1, 0, 0, 0, 1, 0]",3,0,0,,0.25,12
256,1b8f757c-8220-11f1-b0da-2389f409459f,1,"[1, 0, 0, 0, 1, 0, 1, 0, 0, 0, 1, 0]",4,1,-1,,0.25,12
257,1b8f757c-8220-11f1-b0da-2389f409459f,1,"[1, 0, 0, 0, 1, 0, 1, 0, 0, 0, 1, 0]",5,0,0,,0.25,12
258,1b8f757c-8220-11f1-b0da-2389f409459f,1,"[1, 0, 0, 0, 1, 0, 1, 0, 0, 0, 1, 0]",6,1,-1,,0.25,12
259,1b8f757c-8220-11f1-b0da-2389f409459f,1,"[1, 0, 0, 0, 1, 0, 1, 0, 0, 0, 1, 0]",7,0,0,,0.25,12
260,1b8f757c-8220-11f1-b0da-2389f409459f,1,"[1, 0, 0, 0, 1, 0, 1, 0, 0, 0, 1, 0]",8,0,0,,0.25,12
261,1b8f757c-8220-11f1-b0da-2389f409459f,1,"[1, 0, 0, 0, 1, 0, 1, 0, 0, 0, 1, 0]",9,0,0,,0.25,12
262,1b8f757c-8220-11f1-b0da-2389f409459f,1,"[1, 0, 0, 0, 1, 0, 1, 0, 0, 0, 1, 0]",10,1,-1,,0.25,12
263,1b8f757c-8220-11f1-b0da-2389f409459f,1,"[1, 0, 0, 0, 1, 0, 1, 0, 0, 0, 1, 0]",11,0,0,,0.25,12
264,1b8f757c-8220-11f1-b0da-2389f409459f,2,"[1, 0, 1, 1, 0, 0, 1, 1, 0, 0, 1, 0]",0,1,-1,,0.25,12
265,1b8f757c-8220-11f1-b0da-2389f409459f,2,"[1, 0, 1, 1, 0, 0, 1, 1, 0, 0, 1, 0]",1,0,0,,0.25,12
266,1b8f757c-8220-11f1-b0da-2389f409459f,2,"[1, 0, 1, 1, 0, 0, 1, 1, 0, 0, 1, 0]",2,1,-1,,0.25,12
267,1b8f757c-8220-11f1-b0da-2389f409459f,2,"[1, 0, 1, 1, 0, 0, 1, 1, 0, 0, 1, 0]",3,1,-1,,0.25,12
268,1b8f757c-8220-11f1-b0da-2389f409459f,2,"[1, 0, 1, 1, 0, 0, 1, 1, 0, 0, 1, 0]",4,0,0,,0.25,12
269,1b8f757c-8220-11f1-b0da-2389f409459f,2,"[1, 0, 1, 1, 0, 0, 1, 1, 0, 0, 1, 0]",5,0,0,,0.25,12
270,1b8f757c-8220-11f1-b0da-2389f409459f,2,"[1, 0, 1, 1, 0, 0, 1, 1, 0, 0, 1, 0]",6,1,-1,,0.25,12
271,1b8f757c-8220-11f1-b0da-2389f409459f,2,"[1, 0, 1, 1, 0, 0, 1, 1, 0, 0, 1, 0]",7,1,-1,,0.25,12
272,1b8f757c-8220-11f1-b0da-2389f409459f,2,"[1, 0, 1, 1, 0, 0, 1, 1, 0, 0, 1, 0]",8,0,0,,0.25,12
273,1b8f757c-8220-11f1-b0da-2389f409459f,2,"[1, 0, 1, 1, 0, 0, 1, 1, 0, 0, 1, 0]",9,0,0,,0.25,12
274,1b8f757c-8220-11f1-b0da-2389f409459f,2,"[1, 0, 1, 1, 0, 0, 1, 1, 0, 0, 1, 0]",10,1,-1,,0.25,12
275,1b8f757c-8220-11f1-b0da-2389f409459f,2,"[1, 0, 1, 1, 0, 0, 1, 1, 0, 0, 1, 0]",11,0,0,,0.25,12
276,1b8f757c-8220-11f1-b0da-2389f409459f,3,"[1, 1, 0, 1, 0, 0, 0, 1, 1, 1, 1, 0]",0,1,-1,,0.25,12
277,1b8f757c-8220-11f1-b0da-2389f409459f,3,"[1, 1, 0, 1, 0, 0, 0, 1, 1, 1, 1, 0]",1,1,-1,,0.25,12
278,1b8f757c-8220-11f1-b0da-2389f409459f,3,"[1, 1, 0, 1, 0, 0, 0, 1, 1, 1, 1, 0]",2,0,0,,0.25,12
279,1b8f757c-8220-11f1-b0da-2389f409459f,3,"[1, 1, 0, 1, 0, 0, 0, 1, 1, 1, 1, 0]",3,1,-1,,0.25,12
280,1b8f757c-8220-11f1-b0da-2389f409459f,3,"[1, 1, 0, 1, 0, 0, 0, 1, 1, 1, 1, 0]",4,0,0,,0.25,12
281,1b8f757c-8220-11f1-b0da-2389f409459f,3,"[1, 1, 0, 1, 0, 0, 0, 1, 1, 1, 1, 0]",5,0,0,,0.25,12
282,1b8f757c-8220-11f1-b0da-2389f409459f,3,"[1, 1, 0, 1, 0, 0, 0, 1, 1, 1, 1, 0]",6,0,0,,0.25,12
283,1b8f757c-8220-11f1-b0da-2389f409459f,3,"[1, 1, 0, 1, 0, 0, 0, 1, 1, 1, 1, 0]",7,1,-1,,0.25,12
284,1b8f757c-8220-11f1-b0da-2389f409459f,3,"[1, 1, 0, 1, 0, 0, 0, 1, 1, 1, 1, 0]",8,1,-1,,0.25,12
285,1b8f757c-8220-11f1-b0da-2389f409459f,3,"[1, 1, 0, 1, 0, 0, 0, 1, 1, 1, 1, 0]",9,1,-1,,0.25,12
286,1b8f757c-8220-11f1-b0da-2389f409459f,3,"[1, 1, 0, 1, 0, 0, 0, 1, 1, 1, 1, 0]",10,1,-1,,0.25,12
287,1b8f757c-8220-11f1-b0da-2389f409459f,3,"[1, 1, 0, 1, 0, 0, 0, 1, 1, 1, 1, 0]",11,0,0,,0.25,12
288,1b8f757c-8220-11f1-b0da-2389f409459f,4,"[0, 0, 0, 0, 0, 1, 1, 0, 1, 0, 0, 0]",0,0,0,,0.25,12
289,1b8f757c-8220-11f1-b0da-2389f409459f,4,"[0, 0, 0, 0, 0, 1, 1, 0, 1, 0, 0, 0]",1,0,0,,0.25,12
290,1b8f757c-8220-11f1-b0da-2389f409459f,4,"[0, 0, 0, 0, 0, 1, 1, 0, 1, 0, 0, 0]",2,0,0,,0.25,12
291,1b8f757c-8220-11f1-b0da-2389f409459f,4,"[0, 0, 0, 0, 0, 1, 1, 0, 1, 0, 0, 0]",3,0,0,,0.25,12
292,1b8f757c-8220-11f1-b0da-2389f409459f,4,"[0, 0, 0, 0, 0, 1, 1, 0, 1, 0, 0, 0]",4,0,0,,0.25,12
293,1b8f757c-8220-11f1-b0da-2389f409459f,4,"[0, 0, 0, 0, 0, 1, 1, 0, 1, 0, 0, 0]",5,1,1,,0.25,12
294,1b8f757c-8220-11f1-b0da-2389f409459f,4,"[0, 0, 0, 0, 0, 1, 1, 0, 1, 0, 0, 0]",6,1,1,,0.25,12
295,1b8f757c-8220-11f1-b0da-2389f409459f,4,"[0, 0, 0, 0, 0, 1, 1, 0, 1, 0, 0, 0]",7,0,0,,0.25,12
296,1b8f757c-8220-11f1-b0da-2389f409459f,4,"[0, 0, 0, 0, 0, 1, 1, 0, 1, 0, 0, 0]",8,1,1,,0.25,12
297,1b8f757c-8220-11f1-b0da-2389f409459f,4,"[0, 0, 0, 0, 0, 1, 1, 0, 1, 0, 0, 0]",9,0,0,,0.25,12
298,1b8f757c-8220-11f1-b0da-2389f409459f,4,"[0, 0, 0, 0, 0, 1, 1, 0, 1, 0, 0, 0]",10,0,0,,0.25,12
299,1b8f757c-8220-11f1-b0da-2389f409459f,4,"[0, 0, 0, 0, 0, 1, 1, 0, 1, 0, 0, 0]",11,0,0,,0.25,12
300,1b8f757c-8220-11f1-b0da-2389f409459f,5,"[1, 0, 0, 0, 1, 1, 1, 1, 0, 0, 1, 0]",0,1,-1,,0.25,12
301,1b8f757c-8220-11f1-b0da-2389f409459f,5,"[1, 0, 0, 0, 1, 1, 1, 1, 0, 0, 1, 0]",1,0,0,,0.25,12
302,1b8f757c-8220-11f1-b0da-2389f409459f,5,"[1, 0, 0, 0, 1, 1, 1, 1, 0, 0, 1, 0]",2,0,0,,0.25,12
303,1b8f757c-8220-11f1-b0da-2389f409459f,5,"[1, 0, 0, 0, 1, 1, 1, 1, 0, 0, 1, 0]",3,0,0,,0.25,12
304,1b8f757c-8220-11f1-b0da-2389f409459f,5,"[1, 0, 0, 0, 1, 1, 1, 1, 0, 0, 1, 0]",4,1,-1,,0.25,12
305,1b8f757c-8220-11f1-b0da-2389f409459f,5,"[1, 0, 0, 0, 1, 1, 1, 1, 0, 0, 1, 0]",5,1,-1,,0.25,12
306,1b8f757c-8220-11f1-b0da-2389f409459f,5,"[1, 0, 0, 0, 1, 1, 1, 1, 0, 0, 1, 0]",6,1,-1,,0.25,12
307,1b8f757c-8220-11f1-b0da-2389f409459f,5,"[1, 0, 0, 0, 1, 1, 1, 1, 0, 0, 1, 0]",7,1,-1,,0.25,12
308,1b8f757c-8220-11f1-b0da-2389f409459f,5,"[1, 0, 0, 0, 1, 1, 1, 1, 0, 0, 1, 0]",8,0,0,,0.25,12
309,1b8f757c-8220-11f1-b0da-2389f409459f,5,"[1, 0, 0, 0, 1, 1, 1, 1, 0, 0, 1, 0]",9,0,0,,0.25,12
310,1b8f757c-8220-11f1-b0da-2389f409459f,5,"[1, 0, 0, 0, 1, 1, 1, 1, 0, 0, 1, 0]",10,1,-1,,0.25,12
311,1b8f757c-8220-11f1-b0da-2389f409459f,5,"[1, 0, 0, 0, 1, 1, 1, 1, 0, 0, 1, 0]",11,0,0,,0.25,12
312,1b8f757c-8220-11f1-b0da-2389f409459f,6,"[1, 0, 1, 1, 1, 0, 1, 1, 0, 0, 0, 1]",0,1,-1,,0.25,12
313,1b8f757c-8220-11f1-b0da-2389f409459f,6,"[1, 0, 1, 1, 1, 0, 1, 1, 0, 0, 0, 1]",1,0,0,,0.25,12
314,1b8f757c-8220-11f1-b0da-2389f409459f,6,"[1, 0, 1, 1, 1, 0, 1, 1, 0, 0, 0, 1]",2,1,-1,,0.25,12
315,1b8f757c-8220-11f1-b0da-2389f409459f,6,"[1, 0, 1, 1, 1, 0, 1, 1, 0, 0, 0, 1]",3,1,-1,,0.25,12
316,1b8f757c-8220-11f1-b0da-2389f409459f,6,"[1, 0, 1, 1, 1, 0, 1, 1, 0, 0, 0, 1]",4,1,-1,,0.25,12
317,1b8f757c-8220-11f1-b0da-2389f409459f,6,"[1, 0, 1, 1, 1, 0, 1, 1, 0, 0, 0, 1]",5,0,0,,0.25,12
318,1b8f757c-8220-11f1-b0da-2389f409459f,6,"[1, 0, 1, 1, 1, 0, 1, 1, 0, 0, 0, 1]",6,1,-1,,0.25,12
319,1b8f757c-8220-11f1-b0da-2389f409459f,6,"[1, 0, 1, 1, 1, 0, 1, 1, 0, 0, 0, 1]",7,1,-1,,0.25,12
320,1b8f757c-8220-11f1-b0da-2389f409459f,6,"[1, 0, 1, 1, 1, 0, 1, 1, 0, 0, 0, 1]",8,0,0,,0.25,12
321,1b8f757c-8220-11f1-b0da-2389f409459f,6,"[1, 0, 1, 1, 1, 0, 1, 1, 0, 0, 0, 1]",9,0,0,,0.25,12
322,1b8f757c-8220-11f1-b0da-2389f409459f,6,"[1, 0, 1, 1, 1, 0, 1, 1, 0, 0, 0, 1]",10,0,0,,0.25,12
323,1b8f757c-8220-11f1-b0da-2389f409459f,6,"[1, 0, 1, 1, 1, 0, 1, 1, 0, 0, 0, 1]",11,1,-1,,0.25,12
324,1b8f757c-8220-11f1-b0da-2389f409459f,7,"[0, 1, 0, 0, 1, 1, 1, 0, 0, 0, 0, 0]",0,0,0,,0.25,12
325,1b8f757c-8220-11f1-b0da-2389f409459f,7,"[0, 1, 0, 0, 1, 1, 1, 0, 0, 0, 0, 0]",1,1,-1,,0.25,12
326,1b8f757c-8220-11f1-b0da-2389f409459f,7,"[0, 1, 0, 0, 1, 1, 1, 0, 0, 0, 0, 0]",2,0,0,,0.25,12
327,1b8f757c-8220-11f1-b0da-2389f409459f,7,"[0, 1, 0, 0, 1, 1, 1, 0, 0, 0, 0, 0]",3,0,0,,0.25,12
328,1b8f757c-8220-11f1-b0da-2389f409459f,7,"[0, 1, 0, 0, 1, 1, 1, 0, 0, 0, 0, 0]",4,1,-1,,0.25,12
329,1b8f757c-8220-11f1-b0da-2389f409459f,7,"[0, 1, 0, 0, 1, 1, 1, 0, 0, 0, 0, 0]",5,1,-1,,0.25,12
330,1b8f757c-8220-11f1-b0da-2389f409459f,7,"[0, 1, 0, 0, 1, 1, 1, 0, 0, 0, 0, 0]",6,1,-1,,0.25,12
331,1b8f757c-8220-11f1-b0da-2389f409459f,7,"[0, 1, 0, 0, 1, 1, 1, 0, 0, 0, 0, 0]",7,0,0,,0.25,12
332,1b8f757c-8220-11f1-b0da-2389f409459f,7,"[0, 1, 0, 0, 1, 1, 1, 0, 0, 0, 0, 0]",8,0,0,,0.25,12
333,1b8f757c-8220-11f1-b0da-2389f409459f,7,"[0, 1, 0, 0, 1, 1, 1, 0, 0, 0, 0, 0]",9,0,0,,0.25,12
334,1b8f757c-8220-11f1-b0da-2389f409459f,7,"[0, 1, 0, 0, 1, 1, 1, 0, 0, 0, 0, 0]",10,0,0,,0.25,12
335,1b8f757c-8220-11f1-b0da-2389f409459f,7,"[0, 1, 0, 0, 1, 1, 1, 0, 0, 0, 0, 0]",11,0,0,,0.25,12
336,1b8f757c-8220-11f1-b0da-2389f409459f,8,"[0, 1, 0, 0, 0, 1, 0, 1, 0, 0, 0, 1]",0,0,0,,0.25,12
337,1b8f757c-8220-11f1-b0da-2389f409459f,8,"[0, 1, 0, 0, 0, 1, 0, 1, 0, 0, 0, 1]",1,1,-1,,0.25,12
338,1b8f757c-8220-11f1-b0da-2389f409459f,8,"[0, 1, 0, 0, 0, 1, 0, 1, 0, 0, 0, 1]",2,0,0,,0.25,12
339,1b8f757c-8220-11f1-b0da-2389f409459f,8,"[0, 1, 0, 0, 0, 1, 0, 1, 0, 0, 0, 1]",3,0,0,,0.25,12
340,1b8f757c-8220-11f1-b0da-2389f409459f,8,"[0, 1, 0, 0, 0, 1, 0, 1, 0, 0, 0, 1]",4,0,0,,0.25,12
341,1b8f757c-8220-11f1-b0da-2389f409459f,8,"[0, 1, 0, 0, 0, 1, 0, 1, 0, 0, 0, 1]",5,1,-1,,0.25,12
342,1b8f757c-8220-11f1-b0da-2389f409459f,8,"[0, 1, 0, 0, 0, 1, 0, 1, 0, 0, 0, 1]",6,0,0,,0.25,12
343,1b8f757c-8220-11f1-b0da-2389f409459f,8,"[0, 1, 0, 0, 0, 1, 0, 1, 0, 0, 0, 1]",7,1,-1,,0.25,12
344,1b8f757c-8220-11f1-b0da-2389f409459f,8,"[0, 1, 0, 0, 0, 1, 0, 1, 0, 0, 0, 1]",8,0,0,,0.25,12
345,1b8f757c-8220-11f1-b0da-2389f409459f,8,"[0, 1, 0, 0, 0, 1, 0, 1, 0, 0, 0, 1]",9,0,0,,0.25,12
346,1b8f757c-8220-11f1-b0da-2389f409459f,8,"[0, 1, 0, 0, 0, 1, 0, 1, 0, 0, 0, 1]",10,0,0,,0.25,12
347,1b8f757c-8220-11f1-b0da-2389f409459f,8,"[0, 1, 0, 0, 0, 1, 0, 1, 0, 0, 0, 1]",11,1,-1,,0.25,12
348,1b8f757c-8220-11f1-b0da-2389f409459f,9,"[0, 1, 1, 0, 0, 0, 1, 1, 0, 0, 0, 1]",0,0,0,,0.25,12
349,1b8f757c-8220-11f1-b0da-2389f409459f,9,"[0, 1, 1, 0, 0, 0, 1, 1, 0, 0, 0, 1]",1,1,-1,,0.25,12
350,1b8f757c-8220-11f1-b0da-2389f409459f,9,"[0, 1, 1, 0, 0, 0, 1, 1, 0, 0, 0, 1]",2,1,-1,,0.25,12
351,1b8f757c-8220-11f1-b0da-2389f409459f,9,"[0, 1, 1, 0, 0, 0, 1, 1, 0, 0, 0, 1]",3,0,0,,0.25,12
352,1b8f757c-8220-11f1-b0da-2389f409459f,9,"[0, 1, 1, 0, 0, 0, 1, 1, 0, 0, 0, 1]",4,0,0,,0.25,12
353,1b8f757c-8220-11f1-b0da-2389f409459f,9,"[0, 1, 1, 0, 0, 0, 1, 1, 0, 0, 0, 1]",5,0,0,,0.25,12
354,1b8f757c-8220-11f1-b0da-2389f409459f,9,"[0, 1, 1, 0, 0, 0, 1, 1, 0, 0, 0, 1]",6,1,-1,,0.25,12
355,1b8f757c-8220-11f1-b0da-2389f409459f,9,"[0, 1, 1, 0, 0, 0, 1, 1, 0, 0, 0, 1]",7,1,-1,,0.25,12
356,1b8f757c-8220-11f1-b0da-2389f409459f,9,"[0, 1, 1, 0, 0, 0, 1, 1, 0, 0, 0, 1]",8,0,0,,0.25,12
357,1b8f757c-8220-11f1-b0da-2389f409459f,9,"[0, 1, 1, 0, 0, 0, 1, 1, 0, 0, 0, 1]",9,0,0,,0.25,12
358,1b8f757c-8220-11f1-b0da-2389f409459f,9,"[0, 1, 1, 0, 0, 0, 1, 1, 0, 0, 0, 1]",10,0,0,,0.25,12
359,1b8f757c-8220-11f1-b0da-2389f409459f,9,"[0, 1, 1, 0, 0, 0, 1, 1, 0, 0, 0, 1]",11,1,-1,,0.25,12
360,1b90bf68-8220-11f1-b0da-2389f409459f,0,"[1, 1, 1, 0, 0, 0, 1, 1, 1, 1, 1, 1]",0,1,-1,,0.25,12
361,1b90bf68-8220-11f1-b0da-2389f409459f,0,"[1, 1, 1, 0, 0, 0, 1, 1, 1, 1, 1, 1]",1,1,-1,,0.25,12
362,1b90bf68-8220-11f1-b0da-2389f409459f,0,"[1, 1, 1, 0, 0, 0, 1, 1, 1, 1, 1, 1]",2,1,-1,,0.25,12
363,1b90bf68-8220-11f1-b0da-2389f409459f,0,"[1, 1, 1, 0, 0, 0, 1, 1, 1, 1, 1, 1]",3,0,0,,0.25,12
364,1b90bf68-8220-11f1-b0da-2389f409459f,0,"[1, 1, 1, 0, 0, 0, 1, 1, 1, 1, 1, 1]",4,0,0,,0.25,12
365,1b90bf68-8220-11f1-b0da-2389f409459f,0,"[1, 1, 1, 0, 0, 0, 1, 1, 1, 1, 1, 1]",5,0,0,,0.25,12
366,1b90bf68-8220-11f1-b0da-2389f409459f,0,"[1, 1, 1, 0, 0, 0, 1, 1, 1, 1, 1, 1]",6,1,-1,,0.25,12
367,1b90bf68-8220-11f1-b0da-2389f409459f,0,"[1, 1, 1, 0, 0, 0, 1, 1, 1, 1, 1, 1]",7,1,-1,,0.25,12
368,1b90bf68-8220-11f1-b0da-2389f409459f,0,"[1, 1, 1, 0, 0, 0, 1, 1, 1, 1, 1, 1]",8,1,-1,,0.25,12
369,1b90bf68-8220-11f1-b0da-2389f409459f,0,"[1, 1, 1, 0, 0, 0, 1, 1, 1, 1, 1, 1]",9,1,-1,,0.25,12
370,1b90bf68-8220-11f1-b0da-2389f409459f,0,"[1, 1, 1, 0, 0, 0, 1, 1, 1, 1, 1, 1]",10,1,-1,,0.25,12
371,1b90bf68-8220-11f1-b0da-2389f409459f,0,"[1, 1, 1, 0, 0, 0, 1, 1, 1, 1, 1, 1]",11,1,-1,,0.25,12
372,1b90bf68-8220-11f1-b0da-2389f409459f,1,"[1, 1, 1, 1, 1, 1, 1, 1, 1, 1, 1, 0]",0,1,-1,,0.25,12
373,1b90bf68-8220-11f1-b0da-2389f409459f,1,"[1, 1, 1, 1, 1, 1, 1, 1, 1, 1, 1, 0]",1,1,-1,,0.25,12
374,1b90bf68-8220-11f1-b0da-2389f409459f,1,"[1, 1, 1, 1, 1, 1, 1, 1, 1, 1, 1, 0]",2,1,-1,,0.25,12
375,1b90bf68-8220-11f1-b0da-2389f409459f,1,"[1, 1, 1, 1, 1, 1, 1, 1, 1, 1, 1, 0]",3,1,-1,,0.25,12
376,1b90bf68-8220-11f1-b0da-2389f409459f,1,"[1, 1, 1, 1, 1, 1, 1, 1, 1, 1, 1, 0]",4,1,-1,,0.25,12
377,1b90bf68-8220-11f1-b0da-2389f409459f,1,"[1, 1, 1, 1, 1, 1, 1, 1, 1, 1, 1, 0]",5,1,-1,,0.25,12
378,1b90bf68-8220-11f1-b0da-2389f409459f,1,"[1, 1, 1, 1, 1, 1, 1, 1, 1, 1, 1, 0]",6,1,-1,,0.25,12
379,1b90bf68-8220-11f1-b0da-2389f409459f,1,"[1, 1, 1, 1, 1, 1, 1, 1, 1, 1, 1, 0]",7,1,-1,,0.25,12
380,1b90bf68-8220-11f1-b0da-2389f409459f,1,"[1, 1, 1, 1, 1, 1, 1, 1, 1, 1, 1, 0]",8,1,-1,,0.25,12
381,1b90bf68-8220-11f1-b0da-2389f409459f,1,"[1, 1, 1, 1, 1, 1, 1, 1, 1, 1, 1, 0]",9,1,-1,,0.25,12
382,1b90bf68-8220-11f1-b0da-2389f409459f,1,"[1, 1, 1, 1, 1, 1, 1, 1, 1, 1, 1, 0]",10,1,-1,,0.25,12
383,1b90bf68-8220-11f1-b0da-2389f409459f,1,"[1, 1, 1, 1, 1, 1, 1, 1, 1, 1, 1, 0]",11,0,0,,0.25,12
384,1b90bf68-8220-11f1-b0da-2389f409459f,2,"[0, 1, 1, 0, 0, 0, 1, 1, 1, 1, 1, 1]",0,0,0,,0.25,12
385,1b90bf68-8220-11f1-b0da-2389f409459f,2,"[0, 1, 1, 0, 0, 0, 1, 1, 1, 1, 1, 1]",1,1,-1,,0.25,12
386,1b90bf68-8220-11f1-b0da-2389f409459f,2,"[0, 1, 1, 0, 0, 0, 1, 1, 1, 1, 1, 1]",2,1,-1,,0.25,12
387,1b90bf68-8220-11f1-b0da-2389f409459f,2,"[0, 1, 1, 0, 0, 0, 1, 1, 1, 1, 1, 1]",3,0,0,,0.25,12
388,1b90bf68-8220-11f1-b0da-2389f409459f,2,"[0, 1, 1, 0, 0, 0, 1, 1, 1, 1, 1, 1]",4,0,0,,0.25,12
389,1b90bf68-8220-11f1-b0da-2389f409459f,2,"[0, 1, 1, 0, 0, 0, 1, 1, 1, 1, 1, 1]",5,0,0,,0.25,12
390,1b90bf68-8220-11f1-b0da-2389f409459f,2,"[0, 1, 1, 0, 0, 0, 1, 1, 1, 1, 1, 1]",6,1,-1,,0.25,12
391,1b90bf68-8220-11f1-b0da-2389f409459f,2,"[0, 1, 1, 0, 0, 0, 1, 1, 1, 1, 1, 1]",7,1,-1,,0.25,12
392,1b90bf68-8220-11f1-b0da-2389f409459f,2,"[0, 1, 1, 0, 0, 0, 1, 1, 1, 1, 1, 1]",8,1,-1,,0.25,12
393,1b90bf68-8220-11f1-b0da-2389f409459f,2,"[0, 1, 1, 0, 0, 0, 1, 1, 1, 1, 1, 1]",9,1,-1,,0.25,12
394,1b90bf68-8220-11f1-b0da-2389f409459f,2,"[0, 1, 1, 0, 0, 0, 1, 1, 1, 1, 1, 1]",10,1,-1,,0.25,12
395,1b90bf68-8220-11f1-b0da-2389f409459f,2,"[0, 1, 1, 0, 0, 0, 1, 1, 1, 1, 1, 1]",11,1,-1,,0.25,12
396,1b90bf68-8220-11f1-b0da-2389f409459f,3,"[1, 1, 1, 1, 1, 1, 1, 1, 0, 0, 1, 1]",0,1,-1,,0.25,12
397,1b90bf68-8220-11f1-b0da-2389f409459f,3,"[1, 1, 1, 1, 1, 1, 1, 1, 0, 0, 1, 1]",1,1,-1,,0.25,12
398,1b90bf68-8220-11f1-b0da-2389f409459f,3,"[1, 1, 1, 1, 1, 1, 1, 1, 0, 0, 1, 1]",2,1,-1,,0.25,12
399,1b90bf68-8220-11f1-b0da-2389f409459f,3,"[1, 1, 1, 1, 1, 1, 1, 1, 0, 0, 1, 1]",3,1,-1,,0.25,12
400,1b90bf68-8220-11f1-b0da-2389f409459f,3,"[1, 1, 1, 1, 1, 1, 1, 1, 0, 0, 1, 1]",4,1,-1,,0.25,12
401,1b90bf68-8220-11f1-b0da-2389f409459f,3,"[1, 1, 1, 1, 1, 1, 1, 1, 0, 0, 1, 1]",5,1,-1,,0.25,12
402,1b90bf68-8220-11f1-b0da-2389f409459f,3,"[1, 1, 1, 1, 1, 1, 1, 1, 0, 0, 1, 1]",6,1,-1,,0.25,12
403,1b90bf68-8220-11f1-b0da-2389f409459f,3,"[1, 1, 1, 1, 1, 1, 1, 1, 0, 0, 1, 1]",7,1,-1,,0.25,12
404,1b90bf68-8220-11f1-b0da-2389f409459f,3,"[1, 1, 1, 1, 1, 1, 1, 1, 0, 0, 1, 1]",8,0,0,,0.25,12
405,1b90bf68-8220-11f1-b0da-2389f409459f,3,"[1, 1, 1, 1, 1, 1, 1, 1, 0, 0, 1, 1]",9,0,0,,0.25,12
406,1b90bf68-8220-11f1-b0da-2389f409459f,3,"[1, 1, 1, 1, 1, 1, 1, 1, 0, 0, 1, 1]",10,1,-1,,0.25,12
407,1b90bf68-8220-11f1-b0da-2389f409459f,3,"[1, 1, 1, 1, 1, 1, 1, 1, 0, 0, 1, 1]",11,1,-1,,0.25,12
408,1b90bf68-8220-11f1-b0da-2389f409459f,4,"[0, 1, 1, 0, 0, 0, 0, 0, 0, 1, 0, 1]",0,0,0,,0.25,12
409,1b90bf68-8220-11f1-b0da-2389f409459f,4,"[0, 1, 1, 0, 0, 0, 0, 0, 0, 1, 0, 1]",1,1,-1,,0.25,12
410,1b90bf68-8220-11f1-b0da-2389f409459f,4,"[0, 1, 1, 0, 0, 0, 0, 0, 0, 1, 0, 1]",2,1,-1,,0.25,12
411,1b90bf68-8220-11f1-b0da-2389f409459f,4,"[0, 1, 1, 0, 0, 0, 0, 0, 0, 1, 0, 1]",3,0,0,,0.25,12
412,1b90bf68-8220-11f1-b0da-2389f409459f,4,"[0, 1, 1, 0, 0, 0, 0, 0, 0, 1, 0, 1]",4,0,0,,0.25,12
413,1b90bf68-8220-11f1-b0da-2389f409459f,4,"[0, 1, 1, 0, 0, 0, 0, 0, 0, 1, 0, 1]",5,0,0,,0.25,12
414,1b90bf68-8220-11f1-b0da-2389f409459f,4,"[0, 1, 1, 0, 0, 0, 0, 0, 0, 1, 0, 1]",6,0,0,,0.25,12
415,1b90bf68-8220-11f1-b0da-2389f409459f,4,"[0, 1, 1, 0, 0, 0, 0, 0, 0, 1, 0, 1]",7,0,0,,0.25,12
416,1b90bf68-8220-11f1-b0da-2389f409459f,4,"[0, 1, 1, 0, 0, 0, 0, 0, 0, 1, 0, 1]",8,0,0,,0.25,12
417,1b90bf68-8220-11f1-b0da-2389f409459f,4,"[0, 1, 1, 0, 0, 0, 0, 0, 0, 1, 0, 1]",9,1,-1,,0.25,12
418,1b90bf68-8220-11f1-b0da-2389f409459f,4,"[0, 1, 1, 0, 0, 0, 0, 0, 0, 1, 0, 1]",10,0,0,,0.25,12
419,1b90bf68-8220-11f1-b0da-2389f409459f,4,"[0, 1, 1, 0, 0, 0, 0, 0, 0, 1, 0, 1]",11,1,-1,,0.25,12
420,1b90bf68-8220-11f1-b0da-2389f409459f,5,"[0, 1, 0, 1, 1, 1, 1, 0, 0, 0, 1, 1]",0,0,0,,0.25,12
421,1b90bf68-8220-11f1-b0da-2389f409459f,5,"[0, 1, 0, 1, 1, 1, 1, 0, 0, 0, 1, 1]",1,1,-1,,0.25,12
422,1b90bf68-8220-11f1-b0da-2389f409459f,5,"[0, 1, 0, 1, 1, 1, 1, 0, 0, 0, 1, 1]",2,0,0,,0.25,12
423,1b90bf68-8220-11f1-b0da-2389f409459f,5,"[0, 1, 0, 1, 1, 1, 1, 0, 0, 0, 1, 1]",3,1,-1,,0.25,12
424,1b90bf68-8220-11f1-b0da-2389f409459f,5,"[0, 1, 0, 1, 1, 1, 1, 0, 0, 0, 1, 1]",4,1,-1,,0.25,12
425,1b90bf68-8220-11f1-b0da-2389f409459f,5,"[0, 1, 0, 1, 1, 1, 1, 0, 0, 0, 1, 1]",5,1,-1,,0.25,12
426,1b90bf68-8220-11f1-b0da-2389f409459f,5,"[0, 1, 0, 1, 1, 1, 1, 0, 0, 0, 1, 1]",6,1,-1,,0.25,12
427,1b90bf68-8220-11f1-b0da-2389f409459f,5,"[0, 1, 0, 1, 1, 1, 1, 0, 0, 0, 1, 1]",7,0,0,,0.25,12
428,1b90bf68-8220-11f1-b0da-2389f409459f,5,"[0, 1, 0, 1, 1, 1, 1, 0, 0, 0, 1, 1]",8,0,0,,0.25,12
429,1b90bf68-8220-11f1-b0da-2389f409459f,5,"[0, 1, 0, 1, 1, 1, 1, 0, 0, 0, 1, 1]",9,0,0,,0.25,12
430,1b90bf68-8220-11f1-b0da-2389f409459f,5,"[0, 1, 0, 1, 1, 1, 1, 0, 0, 0, 1, 1]",10,1,-1,,0.25,12
431,1b90bf68-8220-11f1-b0da-2389f409459f,5,"[0, 1, 0, 1, 1, 1, 1, 0, 0, 0, 1, 1]",11,1,-1,,0.25,12
432,1b90bf68-8220-11f1-b0da-2389f409459f,6,"[0, 0, 1, 1, 0, 1, 0, 1, 0, 0, 0, 0]",0,0,0,,0.25,12
433,1b90bf68-8220-11f1-b0da-2389f409459f,6,"[0, 0, 1, 1, 0, 1, 0, 1, 0, 0, 0, 0]",1,0,0,,0.25,12
434,1b90bf68-8220-11f1-b0da-2389f409459f,6,"[0, 0, 1, 1, 0, 1, 0, 1, 0, 0, 0, 0]",2,1,-1,,0.25,12
435,1b90bf68-8220-11f1-b0da-2389f409459f,6,"[0, 0, 1, 1, 0, 1, 0, 1, 0, 0, 0, 0]",3,1,-1,,0.25,12
436,1b90bf68-8220-11f1-b0da-2389f409459f,6,"[0, 0, 1, 1, 0, 1, 0, 1, 0, 0, 0, 0]",4,0,0,,0.25,12
437,1b90bf68-8220-11f1-b0da-2389f409459f,6,"[0, 0, 1, 1, 0, 1, 0, 1, 0, 0, 0, 0]",5,1,-1,,0.25,12
438,1b90bf68-8220-11f1-b0da-2389f409459f,6,"[0, 0, 1, 1, 0, 1, 0, 1, 0, 0, 0, 0]",6,0,0,,0.25,12
439,1b90bf68-8220-11f1-b0da-2389f409459f,6,"[0, 0, 1, 1, 0, 1, 0, 1, 0, 0, 0, 0]",7,1,-1,,0.25,12
440,1b90bf68-8220-11f1-b0da-2389f409459f,6,"[0, 0, 1, 1, 0, 1, 0, 1, 0, 0, 0, 0]",8,0,0,,0.25,12
441,1b90bf68-8220-11f1-b0da-2389f409459f,6,"[0, 0, 1, 1, 0, 1, 0, 1, 0, 0, 0, 0]",9,0,0,,0.25,12
442,1b90bf68-8220-11f1-b0da-2389f409459f,6,"[0, 0, 1, 1, 0, 1, 0, 1, 0, 0, 0, 0]",10,0,0,,0.25,12
443,1b90bf68-8220-11f1-b0da-2389f409459f,6,"[0, 0, 1, 1, 0, 1, 0, 1, 0, 0, 0, 0]",11,0,0,,0.25,12
444,1b90bf68-8220-11f1-b0da-2389f409459f,7,"[1, 1, 0, 1, 0, 0, 1, 1, 0, 1, 0, 0]",0,1,-1,,0.25,12
445,1b90bf68-8220-11f1-b0da-2389f409459f,7,"[1, 1, 0, 1, 0, 0, 1, 1, 0, 1, 0, 0]",1,1,-1,,0.25,12
446,1b90bf68-8220-11f1-b0da-2389f409459f,7,"[1, 1, 0, 1, 0, 0, 1, 1, 0, 1, 0, 0]",2,0,0,,0.25,12
447,1b90bf68-8220-11f1-b0da-2389f409459f,7,"[1, 1, 0, 1, 0, 0, 1, 1, 0, 1, 0, 0]",3,1,-1,,0.25,12
448,1b90bf68-8220-11f1-b0da-2389f409459f,7,"[1, 1, 0, 1, 0, 0, 1, 1, 0, 1, 0, 0]",4,0,0,,0.25,12
449,1b90bf68-8220-11f1-b0da-2389f409459f,7,"[1, 1, 0, 1, 0, 0, 1, 1, 0, 1, 0, 0]",5,0,0,,0.25,12
450,1b90bf68-8220-11f1-b0da-2389f409459f,7,"[1, 1, 0, 1, 0, 0, 1, 1, 0, 1, 0, 0]",6,1,-1,,0.25,12
451,1b90bf68-8220-11f1-b0da-2389f409459f,7,"[1, 1, 0, 1, 0, 0, 1, 1, 0, 1, 0, 0]",7,1,-1,,0.25,12
452,1b90bf68-8220-11f1-b0da-2389f409459f,7,"[1, 1, 0, 1, 0, 0, 1, 1, 0, 1, 0, 0]",8,0,0,,0.25,12
453,1b90bf68-8220-11f1-b0da-2389f409459f,7,"[1, 1, 0, 1, 0, 0, 1, 1, 0, 1, 0, 0]",9,1,-1,,0.25,12
454,1b90bf68-8220-11f1-b0da-2389f409459f,7,"[1, 1, 0, 1, 0, 0, 1, 1, 0, 1, 0, 0]",10,0,0,,0.25,12
455,1b90bf68-8220-11f1-b0da-2389f409459f,7,"[1, 1, 0, 1, 0, 0, 1, 1, 0, 1, 0, 0]",11,0,0,,0.25,12
456,1b90bf68-8220-11f1-b0da-2389f409459f,8,"[1, 1, 0, 1, 1, 0, 0, 0, 0, 0, 0, 1]",0,1,-1,,0.25,12
457,1b90bf68-8220-11f1-b0da-2389f409459f,8,"[1, 1, 0, 1, 1, 0, 0, 0, 0, 0, 0, 1]",1,1,-1,,0.25,12
458,1b90bf68-8220-11f1-b0da-2389f409459f,8,"[1, 1, 0, 1, 1, 0, 0, 0, 0, 0, 0, 1]",2,0,0,,0.25,12
459,1b90bf68-8220-11f1-b0da-2389f409459f,8,"[1, 1, 0, 1, 1, 0, 0, 0, 0, 0, 0, 1]",3,1,-1,,0.25,12
460,1b90bf68-8220-11f1-b0da-2389f409459f,8,"[1, 1, 0, 1, 1, 0, 0, 0, 0, 0, 0, 1]",4,1,-1,,0.25,12
461,1b90bf68-8220-11f1-b0da-2389f409459f,8,"[1, 1, 0, 1, 1, 0, 0, 0, 0, 0, 0, 1]",5,0,0,,0.25,12
462,1b90bf68-8220-11f1-b0da-2389f409459f,8,"[1, 1, 0, 1, 1, 0, 0, 0, 0, 0, 0, 1]",6,0,0,,0.25,12
463,1b90bf68-8220-11f1-b0da-2389f409459f,8,"[1, 1, 0, 1, 1, 0, 0, 0, 0, 0, 0, 1]",7,0,0,,0.25,12
464,1b90bf68-8220-11f1-b0da-2389f409459f,8,"[1, 1, 0, 1, 1, 0, 0, 0, 0, 0, 0, 1]",8,0,0,,0.25,12
465,1b90bf68-8220-11f1-b0da-2389f409459f,8,"[1, 1, 0, 1, 1, 0, 0, 0, 0, 0, 0, 1]",9,0,0,,0.25,12
466,1b90bf68-8220-11f1-b0da-2389f409459f,8,"[1, 1, 0, 1, 1, 0, 0, 0, 0, 0, 0, 1]",10,0,0,,0.25,12
467,1b90bf68-8220-11f1-b0da-2389f409459f,8,"[1, 1, 0, 1, 1, 0, 0, 0, 0, 0, 0, 1]",11,1,-1,,0.25,12
468,1b90bf68-8220-11f1-b0da-2389f409459f,9,"[1, 1, 0, 0, 1, 0, 0, 1, 0, 0, 1, 0]",0,1,-1,,0.25,12
469,1b90bf68-8220-11f1-b0da-2389f409459f,9,"[1, 1, 0, 0, 1, 0, 0, 1, 0, 0, 1, 0]",1,1,-1,,0.25,12
470,1b90bf68-8220-11f1-b0da-2389f409459f,9,"[1, 1, 0, 0, 1, 0, 0, 1, 0, 0, 1, 0]",2,0,0,,0.25,12
471,1b90bf68-8220-11f1-b0da-2389f409459f,9,"[1, 1, 0, 0, 1, 0, 0, 1, 0, 0, 1, 0]",3,0,0,,0.25,12
472,1b90bf68-8220-11f1-b0da-2389f409459f,9,"[1, 1, 0, 0, 1, 0, 0, 1, 0, 0, 1, 0]",4,1,-1,,0.25,12
473,1b90bf68-8220-11f1-b0da-2389f409459f,9,"[1, 1, 0, 0, 1, 0, 0, 1, 0, 0, 1, 0]",5,0,0,,0.25,12
474,1b90bf68-8220-11f1-b0da-2389f409459f,9,"[1, 1, 0, 0, 1, 0, 0, 1, 0, 0, 1, 0]",6,0,0,,0.25,12
475,1b90bf68-8220-11f1-b0da-2389f409459f,9,"[1, 1, 0, 0, 1, 0, 0, 1, 0, 0, 1, 0]",7,1,-1,,0.25,12
476,1b90bf68-8220-11f1-b0da-2389f409459f,9,"[1, 1, 0, 0, 1, 0, 0, 1, 0, 0, 1, 0]",8,0,0,,0.25,12
477,1b90bf68-8220-11f1-b0da-2389f409459f,9,"[1, 1, 0, 0, 1, 0, 0, 1, 0, 0, 1, 0]",9,0,0,,0.25,12
478,1b90bf68-8220-11f1-b0da-2389f409459f,9,"[1, 1, 0, 0, 1, 0, 0, 1, 0, 0, 1, 0]",10,1,-1,,0.25,12
479,1b90bf68-8220-11f1-b0da-2389f409459f,9,"[1, 1, 0, 0, 1, 0, 0, 1, 0, 0, 1, 0]",11,0,0,,0.25,12
480,1b925cd8-8220-11f1-b0da-2389f409459f,0,"[0, 1, 1, 1, 1, 1, 1, 1, 1, 1, 1, 0]",0,0,0,,0.25,12
481,1b925cd8-8220-11f1-b0da-2389f409459f,0,"[0, 1, 1, 1, 1, 1, 1, 1, 1, 1, 1, 0]",1,1,-1,,0.25,12
482,1b925cd8-8220-11f1-b0da-2389f409459f,0,"[0, 1, 1, 1, 1, 1, 1, 1, 1, 1, 1, 0]",2,1,-1,,0.25,12
483,1b925cd8-8220-11f1-b0da-2389f409459f,0,"[0, 1, 1, 1, 1, 1, 1, 1, 1, 1, 1, 0]",3,1,-1,,0.25,12
484,1b925cd8-8220-11f1-b0da-2389f409459f,0,"[0, 1, 1, 1, 1, 1, 1, 1, 1, 1, 1, 0]",4,1,-1,,0.25,12
485,1b925cd8-8220-11f1-b0da-2389f409459f,0,"[0, 1, 1, 1, 1, 1, 1, 1, 1, 1, 1, 0]",5,1,-1,,0.25,12
486,1b925cd8-8220-11f1-b0da-2389f409459f,0,"[0, 1, 1, 1, 1, 1, 1, 1, 1, 1, 1, 0]",6,1,-1,,0.25,12
487,1b925cd8-8220-11f1-b0da-2389f409459f,0,"[0, 1, 1, 1, 1, 1, 1, 1, 1, 1, 1, 0]",7,1,-1,,0.25,12
488,1b925cd8-8220-11f1-b0da-2389f409459f,0,"[0, 1, 1, 1, 1, 1, 1, 1, 1, 1, 1, 0]",8,1,-1,,0.25,12
489,1b925cd8-8220-11f1-b0da-2389f409459f,0,"[0, 1, 1, 1, 1, 1, 1, 1, 1, 1, 1, 0]",9,1,-1,,0.25,12
490,1b925cd8-8220-11f1-b0da-2389f409459f,0,"[0, 1, 1, 1, 1, 1, 1, 1, 1, 1, 1, 0]",10,1,-1,,0.25,12
491,1b925cd8-8220-11f1-b0da-2389f409459f,0,"[0, 1, 1, 1, 1, 1, 1, 1, 1, 1, 1, 0]",11,0,0,,0.25,12
492,1b925cd8-8220-11f1-b0da-2389f409459f,1,"[0, 0, 1, 0, 0, 1, 1, 0, 0, 1, 1, 0]",0,0,0,,0.25,12
493,1b925cd8-8220-11f1-b0da-2389f409459f,1,"[0, 0, 1, 0, 0, 1, 1, 0, 0, 1, 1, 0]",1,0,0,,0.25,12
494,1b925cd8-8220-11f1-b0da-2389f409459f,1,"[0, 0, 1, 0, 0, 1, 1, 0, 0, 1, 1, 0]",2,1,-1,,0.25,12
495,1b925cd8-8220-11f1-b0da-2389f409459f,1,"[0, 0, 1, 0, 0, 1, 1, 0, 0, 1, 1, 0]",3,0,0,,0.25,12
496,1b925cd8-8220-11f1-b0da-2389f409459f,1,"[0, 0, 1, 0, 0, 1, 1, 0, 0, 1, 1, 0]",4,0,0,,0.25,12
497,1b925cd8-8220-11f1-b0da-2389f409459f,1,"[0, 0, 1, 0, 0, 1, 1, 0, 0, 1, 1, 0]",5,1,-1,,0.25,12
498,1b925cd8-8220-11f1-b0da-2389f409459f,1,"[0, 0, 1, 0, 0, 1, 1, 0, 0, 1, 1, 0]",6,1,-1,,0.25,12
499,1b925cd8-8220-11f1-b0da-2389f409459f,1,"[0, 0, 1, 0, 0, 1, 1, 0, 0, 1, 1, 0]",7,0,0,,0.25,12
500,1b925cd8-8220-11f1-b0da-2389f409459f,1,"[0, 0, 1, 0, 0, 1, 1, 0, 0, 1, 1, 0]",8,0,0,,0.25,12
501,1b925cd8-8220-11f1-b0da-2389f409459f,1,"[0, 0, 1, 0, 0, 1, 1, 0, 0, 1, 1, 0]",9,1,-1,,0.25,12
502,1b925cd8-8220-11f1-b0da-2389f409459f,1,"[0, 0, 1, 0, 0, 1, 1, 0, 0, 1, 1, 0]",10,1,-1,,0.25,12
503,1b925cd8-8220-11f1-b0da-2389f409459f,1,"[0, 0, 1, 0, 0, 1, 1, 0, 0, 1, 1, 0]",11,0,0,,0.25,12
504,1b925cd8-8220-11f1-b0da-2389f409459f,2,"[0, 1, 1, 1, 1, 0, 1, 1, 1, 1, 1, 1]",0,0,0,,0.25,12
505,1b925cd8-8220-11f1-b0da-2389f409459f,2,"[0, 1, 1, 1, 1, 0, 1, 1, 1, 1, 1, 1]",1,1,-1,,0.25,12
506,1b925cd8-8220-11f1-b0da-2389f409459f,2,"[0, 1, 1, 1, 1, 0, 1, 1, 1, 1, 1, 1]",2,1,-1,,0.25,12
507,1b925cd8-8220-11f1-b0da-2389f409459f,2,"[0, 1, 1, 1, 1, 0, 1, 1, 1, 1, 1, 1]",3,1,-1,,0.25,12
508,1b925cd8-8220-11f1-b0da-2389f409459f,2,"[0, 1, 1, 1, 1, 0, 1, 1, 1, 1, 1, 1]",4,1,-1,,0.25,12
509,1b925cd8-8220-11f1-b0da-2389f409459f,2,"[0, 1, 1, 1, 1, 0, 1, 1, 1, 1, 1, 1]",5,0,0,,0.25,12
510,1b925cd8-8220-11f1-b0da-2389f409459f,2,"[0, 1, 1, 1, 1, 0, 1, 1, 1, 1, 1, 1]",6,1,-1,,0.25,12
511,1b925cd8-8220-11f1-b0da-2389f409459f,2,"[0, 1, 1, 1, 1, 0, 1, 1, 1, 1, 1, 1]",7,1,-1,,0.25,12
512,1b925cd8-8220-11f1-b0da-2389f409459f,2,"[0, 1, 1, 1, 1, 0, 1, 1, 1, 1, 1, 1]",8,1,-1,,0.25,12
513,1b925cd8-8220-11f1-b0da-2389f409459f,2,"[0, 1, 1, 1, 1, 0, 1, 1, 1, 1, 1, 1]",9,1,-1,,0.25,12
514,1b925cd8-8220-11f1-b0da-2389f409459f,2,"[0, 1, 1, 1, 1, 0, 1, 1, 1, 1, 1, 1]",10,1,-1,,0.25,12
515,1b925cd8-8220-11f1-b0da-2389f409459f,2,"[0, 1, 1, 1, 1, 0, 1, 1, 1, 1, 1, 1]",11,1,-1,,0.25,12
516,1b925cd8-8220-11f1-b0da-2389f409459f,3,"[1, 1, 0, 0, 1, 0, 1, 0, 0, 0, 0, 1]",0,1,-1,,0.25,12
517,1b925cd8-8220-11f1-b0da-2389f409459f,3,"[1, 1, 0, 0, 1, 0, 1, 0, 0, 0, 0, 1]",1,1,-1,,0.25,12
518,1b925cd8-8220-11f1-b0da-2389f409459f,3,"[1, 1, 0, 0, 1, 0, 1, 0, 0, 0, 0, 1]",2,0,0,,0.25,12
519,1b925cd8-8220-11f1-b0da-2389f409459f,3,"[1, 1, 0, 0, 1, 0, 1, 0, 0, 0, 0, 1]",3,0,0,,0.25,12
520,1b925cd8-8220-11f1-b0da-2389f409459f,3,"[1, 1, 0, 0, 1, 0, 1, 0, 0, 0, 0, 1]",4,1,-1,,0.25,12
521,1b925cd8-8220-11f1-b0da-2389f409459f,3,"[1, 1, 0, 0, 1, 0, 1, 0, 0, 0, 0, 1]",5,0,0,,0.25,12
522,1b925cd8-8220-11f1-b0da-2389f409459f,3,"[1, 1, 0, 0, 1, 0, 1, 0, 0, 0, 0, 1]",6,1,-1,,0.25,12
523,1b925cd8-8220-11f1-b0da-2389f409459f,3,"[1, 1, 0, 0, 1, 0, 1, 0, 0, 0, 0, 1]",7,0,0,,0.25,12
524,1b925cd8-8220-11f1-b0da-2389f409459f,3,"[1, 1, 0, 0, 1, 0, 1, 0, 0, 0, 0, 1]",8,0,0,,0.25,12
525,1b925cd8-8220-11f1-b0da-2389f409459f,3,"[1, 1, 0, 0, 1, 0, 1, 0, 0, 0, 0, 1]",9,0,0,,0.25,12
526,1b925cd8-8220-11f1-b0da-2389f409459f,3,"[1, 1, 0, 0, 1, 0, 1, 0, 0, 0, 0, 1]",10,0,0,,0.25,12
527,1b925cd8-8220-11f1-b0da-2389f409459f,3,"[1, 1, 0, 0, 1, 0, 1, 0, 0, 0, 0, 1]",11,1,-1,,0.25,12
528,1b925cd8-8220-11f1-b0da-2389f409459f,4,"[1, 1, 0, 1, 0, 1, 1, 1, 0, 0, 1, 0]",0,1,-1,,0.25,12
529,1b925cd8-8220-11f1-b0da-2389f409459f,4,"[1, 1, 0, 1, 0, 1, 1, 1, 0, 0, 1, 0]",1,1,-1,,0.25,12
530,1b925cd8-8220-11f1-b0da-2389f409459f,4,"[1, 1, 0, 1, 0, 1, 1, 1, 0, 0, 1, 0]",2,0,0,,0.25,12
531,1b925cd8-8220-11f1-b0da-2389f409459f,4,"[1, 1, 0, 1, 0, 1, 1, 1, 0, 0, 1, 0]",3,1,-1,,0.25,12
532,1b925cd8-8220-11f1-b0da-2389f409459f,4,"[1, 1, 0, 1, 0, 1, 1, 1, 0, 0, 1, 0]",4,0,0,,0.25,12
533,1b925cd8-8220-11f1-b0da-2389f409459f,4,"[1, 1, 0, 1, 0, 1, 1, 1, 0, 0, 1, 0]",5,1,-1,,0.25,12
534,1b925cd8-8220-11f1-b0da-2389f409459f,4,"[1, 1, 0, 1, 0, 1, 1, 1, 0, 0, 1, 0]",6,1,-1,,0.25,12
535,1b925cd8-8220-11f1-b0da-2389f409459f,4,"[1, 1, 0, 1, 0, 1, 1, 1, 0, 0, 1, 0]",7,1,-1,,0.25,12
536,1b925cd8-8220-11f1-b0da-2389f409459f,4,"[1, 1, 0, 1, 0, 1, 1, 1, 0, 0, 1, 0]",8,0,0,,0.25,12
537,1b925cd8-8220-11f1-b0da-2389f409459f,4,"[1, 1, 0, 1, 0, 1, 1, 1, 0, 0, 1, 0]",9,0,0,,0.25,12
538,1b925cd8-8220-11f1-b0da-2389f409459f,4,"[1, 1, 0, 1, 0, 1, 1, 1, 0, 0, 1, 0]",10,1,-1,,0.25,12
539,1b925cd8-8220-11f1-b0da-2389f409459f,4,"[1, 1, 0, 1, 0, 1, 1, 1, 0, 0, 1, 0]",11,0,0,,0.25,12
540,1b925cd8-8220-11f1-b0da-2389f409459f,5,"[0, 0, 1, 0, 0, 1, 1, 1, 0, 0, 1, 0]",0,0,0,,0.25,12
541,1b925cd8-8220-11f1-b0da-2389f409459f,5,"[0, 0, 1, 0, 0, 1, 1, 1, 0, 0, 1, 0]",1,0,0,,0.25,12
542,1b925cd8-8220-11f1-b0da-2389f409459f,5,"[0, 0, 1, 0, 0, 1, 1, 1, 0, 0, 1, 0]",2,1,-1,,0.25,12
543,1b925cd8-8220-11f1-b0da-2389f409459f,5,"[0, 0, 1, 0, 0, 1, 1, 1, 0, 0, 1, 0]",3,0,0,,0.25,12
544,1b925cd8-8220-11f1-b0da-2389f409459f,5,"[0, 0, 1, 0, 0, 1, 1, 1, 0, 0, 1, 0]",4,0,0,,0.25,12
545,1b925cd8-8220-11f1-b0da-2389f409459f,5,"[0, 0, 1, 0, 0, 1, 1, 1, 0, 0, 1, 0]",5,1,-1,,0.25,12
546,1b925cd8-8220-11f1-b0da-2389f409459f,5,"[0, 0, 1, 0, 0, 1, 1, 1, 0, 0, 1, 0]",6,1,-1,,0.25,12
547,1b925cd8-8220-11f1-b0da-2389f409459f,5,"[0, 0, 1, 0, 0, 1, 1, 1, 0, 0, 1, 0]",7,1,-1,,0.25,12
548,1b925cd8-8220-11f1-b0da-2389f409459f,5,"[0, 0, 1, 0, 0, 1, 1, 1, 0, 0, 1, 0]",8,0,0,,0.25,12
549,1b925cd8-8220-11f1-b0da-2389f409459f,5,"[0, 0, 1, 0, 0, 1, 1, 1, 0, 0, 1, 0]",9,0,0,,0.25,12
550,1b925cd8-8220-11f1-b0da-2389f409459f,5,"[0, 0, 1, 0, 0, 1, 1, 1, 0, 0, 1, 0]",10,1,-1,,0.25,12
551,1b925cd8-8220-11f1-b0da-2389f409459f,5,"[0, 0, 1, 0, 0, 1, 1, 1, 0, 0, 1, 0]",11,0,0,,0.25,12
552,1b925cd8-8220-11f1-b0da-2389f409459f,6,"[0, 1, 1, 0, 1, 0, 1, 0, 0, 0, 0, 1]",0,0,0,,0.25,12
553,1b925cd8-8220-11f1-b0da-2389f409459f,6,"[0, 1, 1, 0, 1, 0, 1, 0, 0, 0, 0, 1]",1,1,-1,,0.25,12
554,1b925cd8-8220-11f1-b0da-2389f409459f,6,"[0, 1, 1, 0, 1, 0, 1, 0, 0, 0, 0, 1]",2,1,-1,,0.25,12
555,1b925cd8-8220-11f1-b0da-2389f409459f,6,"[0, 1, 1, 0, 1, 0, 1, 0, 0, 0, 0, 1]",3,0,0,,0.25,12
556,1b925cd8-8220-11f1-b0da-2389f409459f,6,"[0, 1, 1, 0, 1, 0, 1, 0, 0, 0, 0, 1]",4,1,-1,,0.25,12
557,1b925cd8-8220-11f1-b0da-2389f409459f,6,"[0, 1, 1, 0, 1, 0, 1, 0, 0, 0, 0, 1]",5,0,0,,0.25,12
558,1b925cd8-8220-11f1-b0da-2389f409459f,6,"[0, 1, 1, 0, 1, 0, 1, 0, 0, 0, 0, 1]",6,1,-1,,0.25,12
559,1b925cd8-8220-11f1-b0da-2389f409459f,6,"[0, 1, 1, 0, 1, 0, 1, 0, 0, 0, 0, 1]",7,0,0,,0.25,12
560,1b925cd8-8220-11f1-b0da-2389f409459f,6,"[0, 1, 1, 0, 1, 0, 1, 0, 0, 0, 0, 1]",8,0,0,,0.25,12
561,1b925cd8-8220-11f1-b0da-2389f409459f,6,"[0, 1, 1, 0, 1, 0, 1, 0, 0, 0, 0, 1]",9,0,0,,0.25,12
562,1b925cd8-8220-11f1-b0da-2389f409459f,6,"[0, 1, 1, 0, 1, 0, 1, 0, 0, 0, 0, 1]",10,0,0,,0.25,12
563,1b925cd8-8220-11f1-b0da-2389f409459f,6,"[0, 1, 1, 0, 1, 0, 1, 0, 0, 0, 0, 1]",11,1,-1,,0.25,12
564,1b925cd8-8220-11f1-b0da-2389f409459f,7,"[0, 1, 1, 0, 0, 0, 1, 1, 1, 1, 1, 0]",0,0,0,,0.25,12
565,1b925cd8-8220-11f1-b0da-2389f409459f,7,"[0, 1, 1, 0, 0, 0, 1, 1, 1, 1, 1, 0]",1,1,-1,,0.25,12
566,1b925cd8-8220-11f1-b0da-2389f409459f,7,"[0, 1, 1, 0, 0, 0, 1, 1, 1, 1, 1, 0]",2,1,-1,,0.25,12
567,1b925cd8-8220-11f1-b0da-2389f409459f,7,"[0, 1, 1, 0, 0, 0, 1, 1, 1, 1, 1, 0]",3,0,0,,0.25,12
568,1b925cd8-8220-11f1-b0da-2389f409459f,7,"[0, 1, 1, 0, 0, 0, 1, 1, 1, 1, 1, 0]",4,0,0,,0.25,12
569,1b925cd8-8220-11f1-b0da-2389f409459f,7,"[0, 1, 1, 0, 0, 0, 1, 1, 1, 1, 1, 0]",5,0,0,,0.25,12
570,1b925cd8-8220-11f1-b0da-2389f409459f,7,"[0, 1, 1, 0, 0, 0, 1, 1, 1, 1, 1, 0]",6,1,-1,,0.25,12
571,1b925cd8-8220-11f1-b0da-2389f409459f,7,"[0, 1, 1, 0, 0, 0, 1, 1, 1, 1, 1, 0]",7,1,-1,,0.25,12
572,1b925cd8-8220-11f1-b0da-2389f409459f,7,"[0, 1, 1, 0, 0, 0, 1, 1, 1, 1, 1, 0]",8,1,-1,,0.25,12
573,1b925cd8-8220-11f1-b0da-2389f409459f,7,"[0, 1, 1, 0, 0, 0, 1, 1, 1, 1, 1, 0]",9,1,-1,,0.25,12
574,1b925cd8-8220-11f1-b0da-2389f409459f,7,"[0, 1, 1, 0, 0, 0, 1, 1, 1, 1, 1, 0]",10,1,-1,,0.25,12
575,1b925cd8-8220-11f1-b0da-2389f409459f,7,"[0, 1, 1, 0, 0, 0, 1, 1, 1, 1, 1, 0]",11,0,0,,0.25,12
576,1b925cd8-8220-11f1-b0da-2389f409459f,8,"[1, 1, 0, 0, 1, 1, 1, 0, 0, 0, 1, 1]",0,1,-1,,0.25,12
577,1b925cd8-8220-11f1-b0da-2389f409459f,8,"[1, 1, 0, 0, 1, 1, 1, 0, 0, 0, 1, 1]",1,1,-1,,0.25,12
578,1b925cd8-8220-11f1-b0da-2389f409459f,8,"[1, 1, 0, 0, 1, 1, 1, 0, 0, 0, 1, 1]",2,0,0,,0.25,12
579,1b925cd8-8220-11f1-b0da-2389f409459f,8,"[1, 1, 0, 0, 1, 1, 1, 0, 0, 0, 1, 1]",3,0,0,,0.25,12
580,1b925cd8-8220-11f1-b0da-2389f409459f,8,"[1, 1, 0, 0, 1, 1, 1, 0, 0, 0, 1, 1]",4,1,-1,,0.25,12
581,1b925cd8-8220-11f1-b0da-2389f409459f,8,"[1, 1, 0, 0, 1, 1, 1, 0, 0, 0, 1, 1]",5,1,-1,,0.25,12
582,1b925cd8-8220-11f1-b0da-2389f409459f,8,"[1, 1, 0, 0, 1, 1, 1, 0, 0, 0, 1, 1]",6,1,-1,,0.25,12
583,1b925cd8-8220-11f1-b0da-2389f409459f,8,"[1, 1, 0, 0, 1, 1, 1, 0, 0, 0, 1, 1]",7,0,0,,0.25,12
584,1b925cd8-8220-11f1-b0da-2389f409459f,8,"[1, 1, 0, 0, 1, 1, 1, 0, 0, 0, 1, 1]",8,0,0,,0.25,12
585,1b925cd8-8220-11f1-b0da-2389f409459f,8,"[1, 1, 0, 0, 1, 1, 1, 0, 0, 0, 1, 1]",9,0,0,,0.25,12
586,1b925cd8-8220-11f1-b0da-2389f409459f,8,"[1, 1, 0, 0, 1, 1, 1, 0, 0, 0, 1, 1]",10,1,-1,,0.25,12
587,1b925cd8-8220-11f1-b0da-2389f409459f,8,"[1, 1, 0, 0, 1, 1, 1, 0, 0, 0, 1, 1]",11,1,-1,,0.25,12
588,1b925cd8-8220-11f1-b0da-2389f409459f,9,"[1, 0, 0, 0, 0, 0, 1, 0, 0, 0, 1, 0]",0,1,1,,0.25,12
589,1b925cd8-8220-11f1-b0da-2389f409459f,9,"[1, 0, 0, 0, 0, 0, 1, 0, 0, 0, 1, 0]",1,0,0,,0.25,12
590,1b925cd8-8220-11f1-b0da-2389f409459f,9,"[1, 0, 0, 0, 0, 0, 1, 0, 0, 0, 1, 0]",2,0,0,,0.25,12
591,1b925cd8-8220-11f1-b0da-2389f409459f,9,"[1, 0, 0, 0, 0, 0, 1, 0, 0, 0, 1, 0]",3,0,0,,0.25,12
592,1b925cd8-8220-11f1-b0da-2389f409459f,9,"[1, 0, 0, 0, 0, 0, 1, 0, 0, 0, 1, 0]",4,0,0,,0.25,12
593,1b925cd8-8220-11f1-b0da-2389f409459f,9,"[1, 0, 0, 0, 0, 0, 1, 0, 0, 0, 1, 0]",5,0,0,,0.25,12
594,1b925cd8-8220-11f1-b0da-2389f409459f,9,"[1, 0, 0, 0, 0, 0, 1, 0, 0, 0, 1, 0]",6,1,1,,0.25,12
595,1b925cd8-8220-11f1-b0da-2389f409459f,9,"[1, 0, 0, 0, 0, 0, 1, 0, 0, 0, 1, 0]",7,0,0,,0.25,12
596,1b925cd8-8220-11f1-b0da-2389f409459f,9,"[1, 0, 0, 0, 0, 0, 1, 0, 0, 0, 1, 0]",8,0,0,,0.25,12
597,1b925cd8-8220-11f1-b0da-2389f409459f,9,"[1, 0, 0, 0, 0, 0, 1, 0, 0, 0, 1, 0]",9,0,0,,0.25,12
598,1b925cd8-8220-11f1-b0da-2389f409459f,9,"[1, 0, 0, 0, 0, 0, 1, 0, 0, 0, 1, 0]",10,1,1,,0.25,12
599,1b925cd8-8220-11f1-b0da-2389f409459f,9,"[1, 0, 0, 0, 0, 0, 1, 0, 0, 0, 1, 0]",11,0,0,,0.25,12
600,1b9395b2-8220-11f1-b0da-2389f409459f,0,"[1, 0, 1, 0, 0, 1, 0, 0, 0, 1, 1, 0]",0,1,-1,,0.25,12
601,1b9395b2-8220-11f1-b0da-2389f409459f,0,"[1, 0, 1, 0, 0, 1, 0, 0, 0, 1, 1, 0]",1,0,0,,0.25,12
602,1b9395b2-8220-11f1-b0da-2389f409459f,0,"[1, 0, 1, 0, 0, 1, 0, 0, 0, 1, 1, 0]",2,1,-1,,0.25,12
603,1b9395b2-8220-11f1-b0da-2389f409459f,0,"[1, 0, 1, 0, 0, 1, 0, 0, 0, 1, 1, 0]",3,0,0,,0.25,12
604,1b9395b2-8220-11f1-b0da-2389f409459f,0,"[1, 0, 1, 0, 0, 1, 0, 0, 0, 1, 1, 0]",4,0,0,,0.25,12
605,1b9395b2-8220-11f1-b0da-2389f409459f,0,"[1, 0, 1, 0, 0, 1, 0, 0, 0, 1, 1, 0]",5,1,-1,,0.25,12
606,1b9395b2-8220-11f1-b0da-2389f409459f,0,"[1, 0, 1, 0, 0, 1, 0, 0, 0, 1, 1, 0]",6,0,0,,0.25,12
607,1b9395b2-8220-11f1-b0da-2389f409459f,0,"[1, 0, 1, 0, 0, 1, 0, 0, 0, 1, 1, 0]",7,0,0,,0.25,12
608,1b9395b2-8220-11f1-b0da-2389f409459f,0,"[1, 0, 1, 0, 0, 1, 0, 0, 0, 1, 1, 0]",8,0,0,,0.25,12
609,1b9395b2-8220-11f1-b0da-2389f409459f,0,"[1, 0, 1, 0, 0, 1, 0, 0, 0, 1, 1, 0]",9,1,-1,,0.25,12
610,1b9395b2-8220-11f1-b0da-2389f409459f,0,"[1, 0, 1, 0, 0, 1, 0, 0, 0, 1, 1, 0]",10,1,-1,,0.25,12
611,1b9395b2-8220-11f1-b0da-2389f409459f,0,"[1, 0, 1, 0, 0, 1, 0, 0, 0, 1, 1, 0]",11,0,0,,0.25,12
612,1b9395b2-8220-11f1-b0da-2389f409459f,1,"[0, 0, 1, 1, 0, 1, 1, 1, 1, 1, 0, 1]",0,0,0,,0.25,12
613,1b9395b2-8220-11f1-b0da-2389f409459f,1,"[0, 0, 1, 1, 0, 1, 1, 1, 1, 1, 0, 1]",1,0,0,,0.25,12
614,1b9395b2-8220-11f1-b0da-2389f409459f,1,"[0, 0, 1, 1, 0, 1, 1, 1, 1, 1, 0, 1]",2,1,-1,,0.25,12
615,1b9395b2-8220-11f1-b0da-2389f409459f,1,"[0, 0, 1, 1, 0, 1, 1, 1, 1, 1, 0, 1]",3,1,-1,,0.25,12
616,1b9395b2-8220-11f1-b0da-2389f409459f,1,"[0, 0, 1, 1, 0, 1, 1, 1, 1, 1, 0, 1]",4,0,0,,0.25,12
617,1b9395b2-8220-11f1-b0da-2389f409459f,1,"[0, 0, 1, 1, 0, 1, 1, 1, 1, 1, 0, 1]",5,1,-1,,0.25,12
618,1b9395b2-8220-11f1-b0da-2389f409459f,1,"[0, 0, 1, 1, 0, 1, 1, 1, 1, 1, 0, 1]",6,1,-1,,0.25,12
619,1b9395b2-8220-11f1-b0da-2389f409459f,1,"[0, 0, 1, 1, 0, 1, 1, 1, 1, 1, 0, 1]",7,1,-1,,0.25,12
620,1b9395b2-8220-11f1-b0da-2389f409459f,1,"[0, 0, 1, 1, 0, 1, 1, 1, 1, 1, 0, 1]",8,1,-1,,0.25,12
621,1b9395b2-8220-11f1-b0da-2389f409459f,1,"[0, 0, 1, 1, 0, 1, 1, 1, 1, 1, 0, 1]",9,1,-1,,0.25,12
622,1b9395b2-8220-11f1-b0da-2389f409459f,1,"[0, 0, 1, 1, 0, 1, 1, 1, 1, 1, 0, 1]",10,0,0,,0.25,12
623,1b9395b2-8220-11f1-b0da-2389f409459f,1,"[0, 0, 1, 1, 0, 1, 1, 1, 1, 1, 0, 1]",11,1,-1,,0.25,12
624,1b9395b2-8220-11f1-b0da-2389f409459f,2,"[1, 1, 0, 1, 1, 0, 1, 1, 1, 1, 1, 1]",0,1,-1,,0.25,12
625,1b9395b2-8220-11f1-b0da-2389f409459f,2,"[1, 1, 0, 1, 1, 0, 1, 1, 1, 1, 1, 1]",1,1,-1,,0.25,12
626,1b9395b2-8220-11f1-b0da-2389f409459f,2,"[1, 1, 0, 1, 1, 0, 1, 1, 1, 1, 1, 1]",2,0,0,,0.25,12
627,1b9395b2-8220-11f1-b0da-2389f409459f,2,"[1, 1, 0, 1, 1, 0, 1, 1, 1, 1, 1, 1]",3,1,-1,,0.25,12
628,1b9395b2-8220-11f1-b0da-2389f409459f,2,"[1, 1, 0, 1, 1, 0, 1, 1, 1, 1, 1, 1]",4,1,-1,,0.25,12
629,1b9395b2-8220-11f1-b0da-2389f409459f,2,"[1, 1, 0, 1, 1, 0, 1, 1, 1, 1, 1, 1]",5,0,0,,0.25,12
630,1b9395b2-8220-11f1-b0da-2389f409459f,2,"[1, 1, 0, 1, 1, 0, 1, 1, 1, 1, 1, 1]",6,1,-1,,0.25,12
631,1b9395b2-8220-11f1-b0da-2389f409459f,2,"[1, 1, 0, 1, 1, 0, 1, 1, 1, 1, 1, 1]",7,1,-1,,0.25,12
632,1b9395b2-8220-11f1-b0da-2389f409459f,2,"[1, 1, 0, 1, 1, 0, 1, 1, 1, 1, 1, 1]",8,1,-1,,0.25,12
633,1b9395b2-8220-11f1-b0da-2389f409459f,2,"[1, 1, 0, 1, 1, 0, 1, 1, 1, 1, 1, 1]",9,1,-1,,0.25,12
634,1b9395b2-8220-11f1-b0da-2389f409459f,2,"[1, 1, 0, 1, 1, 0, 1, 1, 1, 1, 1, 1]",10,1,-1,,0.25,12
635,1b9395b2-8220-11f1-b0da-2389f409459f,2,"[1, 1, 0, 1, 1, 0, 1, 1, 1, 1, 1, 1]",11,1,-1,,0.25,12
636,1b9395b2-8220-11f1-b0da-2389f409459f,3,"[1, 0, 1, 1, 1, 0, 1, 1, 1, 0, 0, 0]",0,1,-1,,0.25,12
637,1b9395b2-8220-11f1-b0da-2389f409459f,3,"[1, 0, 1, 1, 1, 0, 1, 1, 1, 0, 0, 0]",1,0,0,,0.25,12
638,1b9395b2-8220-11f1-b0da-2389f409459f,3,"[1, 0, 1, 1, 1, 0, 1, 1, 1, 0, 0, 0]",2,1,-1,,0.25,12
639,1b9395b2-8220-11f1-b0da-2389f409459f,3,"[1, 0, 1, 1, 1, 0, 1, 1, 1, 0, 0, 0]",3,1,-1,,0.25,12
640,1b9395b2-8220-11f1-b0da-2389f409459f,3,"[1, 0, 1, 1, 1, 0, 1, 1, 1, 0, 0, 0]",4,1,-1,,0.25,12
641,1b9395b2-8220-11f1-b0da-2389f409459f,3,"[1, 0, 1, 1, 1, 0, 1, 1, 1, 0, 0, 0]",5,0,0,,0.25,12
642,1b9395b2-8220-11f1-b0da-2389f409459f,3,"[1, 0, 1, 1, 1, 0, 1, 1, 1, 0, 0, 0]",6,1,-1,,0.25,12
643,1b9395b2-8220-11f1-b0da-2389f409459f,3,"[1, 0, 1, 1, 1, 0, 1, 1, 1, 0, 0, 0]",7,1,-1,,0.25,12
644,1b9395b2-8220-11f1-b0da-2389f409459f,3,"[1, 0, 1, 1, 1, 0, 1, 1, 1, 0, 0, 0]",8,1,-1,,0.25,12
645,1b9395b2-8220-11f1-b0da-2389f409459f,3,"[1, 0, 1, 1, 1, 0, 1, 1, 1, 0, 0, 0]",9,0,0,,0.25,12
646,1b9395b2-8220-11f1-b0da-2389f409459f,3,"[1, 0, 1, 1, 1, 0, 1, 1, 1, 0, 0, 0]",10,0,0,,0.25,12
647,1b9395b2-8220-11f1-b0da-2389f409459f,3,"[1, 0, 1, 1, 1, 0, 1, 1, 1, 0, 0, 0]",11,0,0,,0.25,12
648,1b9395b2-8220-11f1-b0da-2389f409459f,4,"[0, 0, 0, 0, 1, 0, 1, 1, 1, 0, 0, 0]",0,0,0,,0.25,12
649,1b9395b2-8220-11f1-b0da-2389f409459f,4,"[0, 0, 0, 0, 1, 0, 1, 1, 1, 0, 0, 0]",1,0,0,,0.25,12
650,1b9395b2-8220-11f1-b0da-2389f409459f,4,"[0, 0, 0, 0, 1, 0, 1, 1, 1, 0, 0, 0]",2,0,0,,0.25,12
651,1b9395b2-8220-11f1-b0da-2389f409459f,4,"[0, 0, 0, 0, 1, 0, 1, 1, 1, 0, 0, 0]",3,0,0,,0.25,12
652,1b9395b2-8220-11f1-b0da-2389f409459f,4,"[0, 0, 0, 0, 1, 0, 1, 1, 1, 0, 0, 0]",4,1,-1,,0.25,12
653,1b9395b2-8220-11f1-b0da-2389f409459f,4,"[0, 0, 0, 0, 1, 0, 1, 1, 1, 0, 0, 0]",5,0,0,,0.25,12
654,1b9395b2-8220-11f1-b0da-2389f409459f,4,"[0, 0, 0, 0, 1, 0, 1, 1, 1, 0, 0, 0]",6,1,-1,,0.25,12
655,1b9395b2-8220-11f1-b0da-2389f409459f,4,"[0, 0, 0, 0, 1, 0, 1, 1, 1, 0, 0, 0]",7,1,-1,,0.25,12
656,1b9395b2-8220-11f1-b0da-2389f409459f,4,"[0, 0, 0, 0, 1, 0, 1, 1, 1, 0, 0, 0]",8,1,-1,,0.25,12
657,1b9395b2-8220-11f1-b0da-2389f409459f,4,"[0, 0, 0, 0, 1, 0, 1, 1, 1, 0, 0, 0]",9,0,0,,0.25,12
658,1b9395b2-8220-11f1-b0da-2389f409459f,4,"[0, 0, 0, 0, 1, 0, 1, 1, 1, 0, 0, 0]",10,0,0,,0.25,12
659,1b9395b2-8220-11f1-b0da-2389f409459f,4,"[0, 0, 0, 0, 1, 0, 1, 1, 1, 0, 0, 0]",11,0,0,,0.25,12
660,1b9395b2-8220-11f1-b0da-2389f409459f,5,"[0, 0, 0, 1, 1, 1, 0, 1, 1, 1, 0, 1]",0,0,0,,0.25,12
661,1b9395b2-8220-11f1-b0da-2389f409459f,5,"[0, 0, 0, 1, 1, 1, 0, 1, 1, 1, 0, 1]",1,0,0,,0.25,12
662,1b9395b2-8220-11f1-b0da-2389f409459f,5,"[0, 0, 0, 1, 1, 1, 0, 1, 1, 1, 0, 1]",2,0,0,,0.25,12
663,1b9395b2-8220-11f1-b0da-2389f409459f,5,"[0, 0, 0, 1, 1, 1, 0, 1, 1, 1, 0, 1]",3,1,-1,,0.25,12
664,1b9395b2-8220-11f1-b0da-2389f409459f,5,"[0, 0, 0, 1, 1, 1, 0, 1, 1, 1, 0, 1]",4,1,-1,,0.25,12
665,1b9395b2-8220-11f1-b0da-2389f409459f,5,"[0, 0, 0, 1, 1, 1, 0, 1, 1, 1, 0, 1]",5,1,-1,,0.25,12
666,1b9395b2-8220-11f1-b0da-2389f409459f,5,"[0, 0, 0, 1, 1, 1, 0, 1, 1, 1, 0, 1]",6,0,0,,0.25,12
667,1b9395b2-8220-11f1-b0da-2389f409459f,5,"[0, 0, 0, 1, 1, 1, 0, 1, 1, 1, 0, 1]",7,1,-1,,0.25,12
668,1b9395b2-8220-11f1-b0da-2389f409459f,5,"[0, 0, 0, 1, 1, 1, 0, 1, 1, 1, 0, 1]",8,1,-1,,0.25,12
669,1b9395b2-8220-11f1-b0da-2389f409459f,5,"[0, 0, 0, 1, 1, 1, 0, 1, 1, 1, 0, 1]",9,1,-1,,0.25,12
670,1b9395b2-8220-11f1-b0da-2389f409459f,5,"[0, 0, 0, 1, 1, 1, 0, 1, 1, 1, 0, 1]",10,0,0,,0.25,12
671,1b9395b2-8220-11f1-b0da-2389f409459f,5,"[0, 0, 0, 1, 1, 1, 0, 1, 1, 1, 0, 1]",11,1,-1,,0.25,12
672,1b9395b2-8220-11f1-b0da-2389f409459f,6,"[0, 0, 0, 1, 1, 0, 1, 1, 1, 0, 1, 0]",0,0,0,,0.25,12
673,1b9395b2-8220-11f1-b0da-2389f409459f,6,"[0, 0, 0, 1, 1, 0, 1, 1, 1, 0, 1, 0]",1,0,0,,0.25,12
674,1b9395b2-8220-11f1-b0da-2389f409459f,6,"[0, 0, 0, 1, 1, 0, 1, 1, 1, 0, 1, 0]",2,0,0,,0.25,12
675,1b9395b2-8220-11f1-b0da-2389f409459f,6,"[0, 0, 0, 1, 1, 0, 1, 1, 1, 0, 1, 0]",3,1,-1,,0.25,12
676,1b9395b2-8220-11f1-b0da-2389f409459f,6,"[0, 0, 0, 1, 1, 0, 1, 1, 1, 0, 1, 0]",4,1,-1,,0.25,12
677,1b9395b2-8220-11f1-b0da-2389f409459f,6,"[0, 0, 0, 1, 1, 0, 1, 1, 1, 0, 1, 0]",5,0,0,,0.25,12
678,1b9395b2-8220-11f1-b0da-2389f409459f,6,"[0, 0, 0, 1, 1, 0, 1, 1, 1, 0, 1, 0]",6,1,-1,,0.25,12
679,1b9395b2-8220-11f1-b0da-2389f409459f,6,"[0, 0, 0, 1, 1, 0, 1, 1, 1, 0, 1, 0]",7,1,-1,,0.25,12
680,1b9395b2-8220-11f1-b0da-2389f409459f,6,"[0, 0, 0, 1, 1, 0, 1, 1, 1, 0, 1, 0]",8,1,-1,,0.25,12
681,1b9395b2-8220-11f1-b0da-2389f409459f,6,"[0, 0, 0, 1, 1, 0, 1, 1, 1, 0, 1, 0]",9,0,0,,0.25,12
682,1b9395b2-8220-11f1-b0da-2389f409459f,6,"[0, 0, 0, 1, 1, 0, 1, 1, 1, 0, 1, 0]",10,1,-1,,0.25,12
683,1b9395b2-8220-11f1-b0da-2389f409459f,6,"[0, 0, 0, 1, 1, 0, 1, 1, 1, 0, 1, 0]",11,0,0,,0.25,12
684,1b9395b2-8220-11f1-b0da-2389f409459f,7,"[1, 1, 0, 0, 1, 0, 0, 1, 1, 0, 1, 1]",0,1,-1,,0.25,12
685,1b9395b2-8220-11f1-b0da-2389f409459f,7,"[1, 1, 0, 0, 1, 0, 0, 1, 1, 0, 1, 1]",1,1,-1,,0.25,12
686,1b9395b2-8220-11f1-b0da-2389f409459f,7,"[1, 1, 0, 0, 1, 0, 0, 1, 1, 0, 1, 1]",2,0,0,,0.25,12
687,1b9395b2-8220-11f1-b0da-2389f409459f,7,"[1, 1, 0, 0, 1, 0, 0, 1, 1, 0, 1, 1]",3,0,0,,0.25,12
688,1b9395b2-8220-11f1-b0da-2389f409459f,7,"[1, 1, 0, 0, 1, 0, 0, 1, 1, 0, 1, 1]",4,1,-1,,0.25,12
689,1b9395b2-8220-11f1-b0da-2389f409459f,7,"[1, 1, 0, 0, 1, 0, 0, 1, 1, 0, 1, 1]",5,0,0,,0.25,12
690,1b9395b2-8220-11f1-b0da-2389f409459f,7,"[1, 1, 0, 0, 1, 0, 0, 1, 1, 0, 1, 1]",6,0,0,,0.25,12
691,1b9395b2-8220-11f1-b0da-2389f409459f,7,"[1, 1, 0, 0, 1, 0, 0, 1, 1, 0, 1, 1]",7,1,-1,,0.25,12
692,1b9395b2-8220-11f1-b0da-2389f409459f,7,"[1, 1, 0, 0, 1, 0, 0, 1, 1, 0, 1, 1]",8,1,-1,,0.25,12
693,1b9395b2-8220-11f1-b0da-2389f409459f,7,"[1, 1, 0, 0, 1, 0, 0, 1, 1, 0, 1, 1]",9,0,0,,0.25,12
694,1b9395b2-8220-11f1-b0da-2389f409459f,7,"[1, 1, 0, 0, 1, 0, 0, 1, 1, 0, 1, 1]",10,1,-1,,0.25,12
695,1b9395b2-8220-11f1-b0da-2389f409459f,7,"[1, 1, 0, 0, 1, 0, 0, 1, 1, 0, 1, 1]",11,1,-1,,0.25,12
696,1b9395b2-8220-11f1-b0da-2389f409459f,8,"[1, 0, 1, 0, 0, 0, 1, 0, 0, 1, 1, 0]",0,1,-1,,0.25,12
697,1b9395b2-8220-11f1-b0da-2389f409459f,8,"[1, 0, 1, 0, 0, 0, 1, 0, 0, 1, 1, 0]",1,0,0,,0.25,12
698,1b9395b2-8220-11f1-b0da-2389f409459f,8,"[1, 0, 1, 0, 0, 0, 1, 0, 0, 1, 1, 0]",2,1,-1,,0.25,12
699,1b9395b2-8220-11f1-b0da-2389f409459f,8,"[1, 0, 1, 0, 0, 0, 1, 0, 0, 1, 1, 0]",3,0,0,,0.25,12
700,1b9395b2-8220-11f1-b0da-2389f409459f,8,"[1, 0, 1, 0, 0, 0, 1, 0, 0, 1, 1, 0]",4,0,0,,0.25,12
701,1b9395b2-8220-11f1-b0da-2389f409459f,8,"[1, 0, 1, 0, 0, 0, 1, 0, 0, 1, 1, 0]",5,0,0,,0.25,12
702,1b9395b2-8220-11f1-b0da-2389f409459f,8,"[1, 0, 1, 0, 0, 0, 1, 0, 0, 1, 1, 0]",6,1,-1,,0.25,12
703,1b9395b2-8220-11f1-b0da-2389f409459f,8,"[1, 0, 1, 0, 0, 0, 1, 0, 0, 1, 1, 0]",7,0,0,,0.25,12
704,1b9395b2-8220-11f1-b0da-2389f409459f,8,"[1, 0, 1, 0, 0, 0, 1, 0, 0, 1, 1, 0]",8,0,0,,0.25,12
705,1b9395b2-8220-11f1-b0da-2389f409459f,8,"[1, 0, 1, 0, 0, 0, 1, 0, 0, 1, 1, 0]",9,1,-1,,0.25,12
706,1b9395b2-8220-11f1-b0da-2389f409459f,8,"[1, 0, 1, 0, 0, 0, 1, 0, 0, 1, 1, 0]",10,1,-1,,0.25,12
707,1b9395b2-8220-11f1-b0da-2389f409459f,8,"[1, 0, 1, 0, 0, 0, 1, 0, 0, 1, 1, 0]",11,0,0,,0.25,12
708,1b9395b2-8220-11f1-b0da-2389f409459f,9,"[0, 0, 1, 0, 1, 0, 0, 1, 1, 1, 0, 0]",0,0,0,,0.25,12
709,1b9395b2-8220-11f1-b0da-2389f409459f,9,"[0, 0, 1, 0, 1, 0, 0, 1, 1, 1, 0, 0]",1,0,0,,0.25,12
710,1b9395b2-8220-11f1-b0da-2389f409459f,9,"[0, 0, 1, 0, 1, 0, 0, 1, 1, 1, 0, 0]",2,1,-1,,0.25,12
711,1b9395b2-8220-11f1-b0da-2389f409459f,9,"[0, 0, 1, 0, 1, 0, 0, 1, 1, 1, 0, 0]",3,0,0,,0.25,12
712,1b9395b2-8220-11f1-b0da-2389f409459f,9,"[0, 0, 1, 0, 1, 0, 0, 1, 1, 1, 0, 0]",4,1,-1,,0.25,12
713,1b9395b2-8220-11f1-b0da-2389f409459f,9,"[0, 0, 1, 0, 1, 0, 0, 1, 1, 1, 0, 0]",5,0,0,,0.25,12
714,1b9395b2-8220-11f1-b0da-2389f409459f,9,"[0, 0, 1, 0, 1, 0, 0, 1, 1, 1, 0, 0]",6,0,0,,0.25,12
715,1b9395b2-8220-11f1-b0da-2389f409459f,9,"[0, 0, 1, 0, 1, 0, 0, 1, 1, 1, 0, 0]",7,1,-1,,0.25,12
716,1b9395b2-8220-11f1-b0da-2389f409459f,9,"[0, 0, 1, 0, 1, 0, 0, 1, 1, 1, 0, 0]",8,1,-1,,0.25,12
717,1b9395b2-8220-11f1-b0da-2389f409459f,9,"[0, 0, 1, 0, 1, 0, 0, 1, 1, 1, 0, 0]",9,1,-1,,0.25,12
718,1b9395b2-8220-11f1-b0da-2389f409459f,9,"[0, 0, 1, 0, 1, 0, 0, 1, 1, 1, 0, 0]",10,0,0,,0.25,12
719,1b9395b2-8220-11f1-b0da-2389f409459f,9,"[0, 0, 1, 0, 1, 0, 0, 1, 1, 1, 0, 0]",11,0,0,,0.25,12
720,1b954632-8220-11f1-b0da-2389f409459f,0,"[1, 0, 0, 0, 1, 0, 1, 1, 1, 1, 0, 0]",0,1,-1,,0.25,12
721,1b954632-8220-11f1-b0da-2389f409459f,0,"[1, 0, 0, 0, 1, 0, 1, 1, 1, 1, 0, 0]",1,0,0,,0.25,12
722,1b954632-8220-11f1-b0da-2389f409459f,0,"[1, 0, 0, 0, 1, 0, 1, 1, 1, 1, 0, 0]",2,0,0,,0.25,12
723,1b954632-8220-11f1-b0da-2389f409459f,0,"[1, 0, 0, 0, 1, 0, 1, 1, 1, 1, 0, 0]",3,0,0,,0.25,12
724,1b954632-8220-11f1-b0da-2389f409459f,0,"[1, 0, 0, 0, 1, 0, 1, 1, 1, 1, 0, 0]",4,1,-1,,0.25,12
725,1b954632-8220-11f1-b0da-2389f409459f,0,"[1, 0, 0, 0, 1, 0, 1, 1, 1, 1, 0, 0]",5,0,0,,0.25,12
726,1b954632-8220-11f1-b0da-2389f409459f,0,"[1, 0, 0, 0, 1, 0, 1, 1, 1, 1, 0, 0]",6,1,-1,,0.25,12
727,1b954632-8220-11f1-b0da-2389f409459f,0,"[1, 0, 0, 0, 1, 0, 1, 1, 1, 1, 0, 0]",7,1,-1,,0.25,12
728,1b954632-8220-11f1-b0da-2389f409459f,0,"[1, 0, 0, 0, 1, 0, 1, 1, 1, 1, 0, 0]",8,1,-1,,0.25,12
729,1b954632-8220-11f1-b0da-2389f409459f,0,"[1, 0, 0, 0, 1, 0, 1, 1, 1, 1, 0, 0]",9,1,-1,,0.25,12
730,1b954632-8220-11f1-b0da-2389f409459f,0,"[1, 0, 0, 0, 1, 0, 1, 1, 1, 1, 0, 0]",10,0,0,,0.25,12
731,1b954632-8220-11f1-b0da-2389f409459f,0,"[1, 0, 0, 0, 1, 0, 1, 1, 1, 1, 0, 0]",11,0,0,,0.25,12
732,1b954632-8220-11f1-b0da-2389f409459f,1,"[1, 0, 1, 1, 0, 0, 1, 1, 1, 1, 0, 0]",0,1,-1,,0.25,12
733,1b954632-8220-11f1-b0da-2389f409459f,1,"[1, 0, 1, 1, 0, 0, 1, 1, 1, 1, 0, 0]",1,0,0,,0.25,12
734,1b954632-8220-11f1-b0da-2389f409459f,1,"[1, 0, 1, 1, 0, 0, 1, 1, 1, 1, 0, 0]",2,1,-1,,0.25,12
735,1b954632-8220-11f1-b0da-2389f409459f,1,"[1, 0, 1, 1, 0, 0, 1, 1, 1, 1, 0, 0]",3,1,-1,,0.25,12
736,1b954632-8220-11f1-b0da-2389f409459f,1,"[1, 0, 1, 1, 0, 0, 1, 1, 1, 1, 0, 0]",4,0,0,,0.25,12
737,1b954632-8220-11f1-b0da-2389f409459f,1,"[1, 0, 1, 1, 0, 0, 1, 1, 1, 1, 0, 0]",5,0,0,,0.25,12
738,1b954632-8220-11f1-b0da-2389f409459f,1,"[1, 0, 1, 1, 0, 0, 1, 1, 1, 1, 0, 0]",6,1,-1,,0.25,12
739,1b954632-8220-11f1-b0da-2389f409459f,1,"[1, 0, 1, 1, 0, 0, 1, 1, 1, 1, 0, 0]",7,1,-1,,0.25,12
740,1b954632-8220-11f1-b0da-2389f409459f,1,"[1, 0, 1, 1, 0, 0, 1, 1, 1, 1, 0, 0]",8,1,-1,,0.25,12
741,1b954632-8220-11f1-b0da-2389f409459f,1,"[1, 0, 1, 1, 0, 0, 1, 1, 1, 1, 0, 0]",9,1,-1,,0.25,12
742,1b954632-8220-11f1-b0da-2389f409459f,1,"[1, 0, 1, 1, 0, 0, 1, 1, 1, 1, 0, 0]",10,0,0,,0.25,12
743,1b954632-8220-11f1-b0da-2389f409459f,1,"[1, 0, 1, 1, 0, 0, 1, 1, 1, 1, 0, 0]",11,0,0,,0.25,12
744,1b954632-8220-11f1-b0da-2389f409459f,2,"[1, 1, 0, 1, 1, 0, 0, 0, 0, 0, 0, 0]",0,1,-1,,0.25,12
745,1b954632-8220-11f1-b0da-2389f409459f,2,"[1, 1, 0, 1, 1, 0, 0, 0, 0, 0, 0, 0]",1,1,-1,,0.25,12
746,1b954632-8220-11f1-b0da-2389f409459f,2,"[1, 1, 0, 1, 1, 0, 0, 0, 0, 0, 0, 0]",2,0,0,,0.25,12
747,1b954632-8220-11f1-b0da-2389f409459f,2,"[1, 1, 0, 1, 1, 0, 0, 0, 0, 0, 0, 0]",3,1,-1,,0.25,12
748,1b954632-8220-11f1-b0da-2389f409459f,2,"[1, 1, 0, 1, 1, 0, 0, 0, 0, 0, 0, 0]",4,1,-1,,0.25,12
749,1b954632-8220-11f1-b0da-2389f409459f,2,"[1, 1, 0, 1, 1, 0, 0, 0, 0, 0, 0, 0]",5,0,0,,0.25,12
750,1b954632-8220-11f1-b0da-2389f409459f,2,"[1, 1, 0, 1, 1, 0, 0, 0, 0, 0, 0, 0]",6,0,0,,0.25,12
751,1b954632-8220-11f1-b0da-2389f409459f,2,"[1, 1, 0, 1, 1, 0, 0, 0, 0, 0, 0, 0]",7,0,0,,0.25,12
752,1b954632-8220-11f1-b0da-2389f409459f,2,"[1, 1, 0, 1, 1, 0, 0, 0, 0, 0, 0, 0]",8,0,0,,0.25,12
753,1b954632-8220-11f1-b0da-2389f409459f,2,"[1, 1, 0, 1, 1, 0, 0, 0, 0, 0, 0, 0]",9,0,0,,0.25,12
754,1b954632-8220-11f1-b0da-2389f409459f,2,"[1, 1, 0, 1, 1, 0, 0, 0, 0, 0, 0, 0]",10,0,0,,0.25,12
755,1b954632-8220-11f1-b0da-2389f409459f,2,"[1, 1, 0, 1, 1, 0, 0, 0, 0, 0, 0, 0]",11,0,0,,0.25,12
756,1b954632-8220-11f1-b0da-2389f409459f,3,"[0, 0, 0, 1, 0, 1, 0, 1, 0, 0, 1, 0]",0,0,0,,0.25,12
757,1b954632-8220-11f1-b0da-2389f409459f,3,"[0, 0, 0, 1, 0, 1, 0, 1, 0, 0, 1, 0]",1,0,0,,0.25,12
758,1b954632-8220-11f1-b0da-2389f409459f,3,"[0, 0, 0, 1, 0, 1, 0, 1, 0, 0, 1, 0]",2,0,0,,0.25,12
759,1b954632-8220-11f1-b0da-2389f409459f,3,"[0, 0, 0, 1, 0, 1, 0, 1, 0, 0, 1, 0]",3,1,-1,,0.25,12
760,1b954632-8220-11f1-b0da-2389f409459f,3,"[0, 0, 0, 1, 0, 1, 0, 1, 0, 0, 1, 0]",4,0,0,,0.25,12
761,1b954632-8220-11f1-b0da-2389f409459f,3,"[0, 0, 0, 1, 0, 1, 0, 1, 0, 0, 1, 0]",5,1,-1,,0.25,12
762,1b954632-8220-11f1-b0da-2389f409459f,3,"[0, 0, 0, 1, 0, 1, 0, 1, 0, 0, 1, 0]",6,0,0,,0.25,12
763,1b954632-8220-11f1-b0da-2389f409459f,3,"[0, 0, 0, 1, 0, 1, 0, 1, 0, 0, 1, 0]",7,1,-1,,0.25,12
764,1b954632-8220-11f1-b0da-2389f409459f,3,"[0, 0, 0, 1, 0, 1, 0, 1, 0, 0, 1, 0]",8,0,0,,0.25,12
765,1b954632-8220-11f1-b0da-2389f409459f,3,"[0, 0, 0, 1, 0, 1, 0, 1, 0, 0, 1, 0]",9,0,0,,0.25,12
766,1b954632-8220-11f1-b0da-2389f409459f,3,"[0, 0, 0, 1, 0, 1, 0, 1, 0, 0, 1, 0]",10,1,-1,,0.25,12
767,1b954632-8220-11f1-b0da-2389f409459f,3,"[0, 0, 0, 1, 0, 1, 0, 1, 0, 0, 1, 0]",11,0,0,,0.25,12
768,1b954632-8220-11f1-b0da-2389f409459f,4,"[1, 0, 0, 1, 0, 0, 0, 1, 0, 1, 1, 0]",0,1,-1,,0.25,12
769,1b954632-8220-11f1-b0da-2389f409459f,4,"[1, 0, 0, 1, 0, 0, 0, 1, 0, 1, 1, 0]",1,0,0,,0.25,12
770,1b954632-8220-11f1-b0da-2389f409459f,4,"[1, 0, 0, 1, 0, 0, 0, 1, 0, 1, 1, 0]",2,0,0,,0.25,12
771,1b954632-8220-11f1-b0da-2389f409459f,4,"[1, 0, 0, 1, 0, 0, 0, 1, 0, 1, 1, 0]",3,1,-1,,0.25,12
772,1b954632-8220-11f1-b0da-2389f409459f,4,"[1, 0, 0, 1, 0, 0, 0, 1, 0, 1, 1, 0]",4,0,0,,0.25,12
773,1b954632-8220-11f1-b0da-2389f409459f,4,"[1, 0, 0, 1, 0, 0, 0, 1, 0, 1, 1, 0]",5,0,0,,0.25,12
774,1b954632-8220-11f1-b0da-2389f409459f,4,"[1, 0, 0, 1, 0, 0, 0, 1, 0, 1, 1, 0]",6,0,0,,0.25,12
775,1b954632-8220-11f1-b0da-2389f409459f,4,"[1, 0, 0, 1, 0, 0, 0, 1, 0, 1, 1, 0]",7,1,-1,,0.25,12
776,1b954632-8220-11f1-b0da-2389f409459f,4,"[1, 0, 0, 1, 0, 0, 0, 1, 0, 1, 1, 0]",8,0,0,,0.25,12
777,1b954632-8220-11f1-b0da-2389f409459f,4,"[1, 0, 0, 1, 0, 0, 0, 1, 0, 1, 1, 0]",9,1,-1,,0.25,12
778,1b954632-8220-11f1-b0da-2389f409459f,4,"[1, 0, 0, 1, 0, 0, 0, 1, 0, 1, 1, 0]",10,1,-1,,0.25,12
779,1b954632-8220-11f1-b0da-2389f409459f,4,"[1, 0, 0, 1, 0, 0, 0, 1, 0, 1, 1, 0]",11,0,0,,0.25,12
780,1b954632-8220-11f1-b0da-2389f409459f,5,"[1, 0, 1, 1, 1, 0, 0, 1, 1, 0, 0, 1]",0,1,-1,,0.25,12
781,1b954632-8220-11f1-b0da-2389f409459f,5,"[1, 0, 1, 1, 1, 0, 0, 1, 1, 0, 0, 1]",1,0,0,,0.25,12
782,1b954632-8220-11f1-b0da-2389f409459f,5,"[1, 0, 1, 1, 1, 0, 0, 1, 1, 0, 0, 1]",2,1,-1,,0.25,12
783,1b954632-8220-11f1-b0da-2389f409459f,5,"[1, 0, 1, 1, 1, 0, 0, 1, 1, 0, 0, 1]",3,1,-1,,0.25,12
784,1b954632-8220-11f1-b0da-2389f409459f,5,"[1, 0, 1, 1, 1, 0, 0, 1, 1, 0, 0, 1]",4,1,-1,,0.25,12
785,1b954632-8220-11f1-b0da-2389f409459f,5,"[1, 0, 1, 1, 1, 0, 0, 1, 1, 0, 0, 1]",5,0,0,,0.25,12
786,1b954632-8220-11f1-b0da-2389f409459f,5,"[1, 0, 1, 1, 1, 0, 0, 1, 1, 0, 0, 1]",6,0,0,,0.25,12
787,1b954632-8220-11f1-b0da-2389f409459f,5,"[1, 0, 1, 1, 1, 0, 0, 1, 1, 0, 0, 1]",7,1,-1,,0.25,12
788,1b954632-8220-11f1-b0da-2389f409459f,5,"[1, 0, 1, 1, 1, 0, 0, 1, 1, 0, 0, 1]",8,1,-1,,0.25,12
789,1b954632-8220-11f1-b0da-2389f409459f,5,"[1, 0, 1, 1, 1, 0, 0, 1, 1, 0, 0, 1]",9,0,0,,0.25,12
790,1b954632-8220-11f1-b0da-2389f409459f,5,"[1, 0, 1, 1, 1, 0, 0, 1, 1, 0, 0, 1]",10,0,0,,0.25,12
791,1b954632-8220-11f1-b0da-2389f409459f,5,"[1, 0, 1, 1, 1, 0, 0, 1, 1, 0, 0, 1]",11,1,-1,,0.25,12
792,1b954632-8220-11f1-b0da-2389f409459f,6,"[1, 0, 0, 1, 0, 0, 1, 0, 0, 1, 1, 1]",0,1,-1,,0.25,12
793,1b954632-8220-11f1-b0da-2389f409459f,6,"[1, 0, 0, 1, 0, 0, 1, 0, 0, 1, 1, 1]",1,0,0,,0.25,12
794,1b954632-8220-11f1-b0da-2389f409459f,6,"[1, 0, 0, 1, 0, 0, 1, 0, 0, 1, 1, 1]",2,0,0,,0.25,12
795,1b954632-8220-11f1-b0da-2389f409459f,6,"[1, 0, 0, 1, 0, 0, 1, 0, 0, 1, 1, 1]",3,1,-1,,0.25,12
796,1b954632-8220-11f1-b0da-2389f409459f,6,"[1, 0, 0, 1, 0, 0, 1, 0, 0, 1, 1, 1]",4,0,0,,0.25,12
797,1b954632-8220-11f1-b0da-2389f409459f,6,"[1, 0, 0, 1, 0, 0, 1, 0, 0, 1, 1, 1]",5,0,0,,0.25,12
798,1b954632-8220-11f1-b0da-2389f409459f,6,"[1, 0, 0, 1, 0, 0, 1, 0, 0, 1, 1, 1]",6,1,-1,,0.25,12
799,1b954632-8220-11f1-b0da-2389f409459f,6,"[1, 0, 0, 1, 0, 0, 1, 0, 0, 1, 1, 1]",7,0,0,,0.25,12
800,1b954632-8220-11f1-b0da-2389f409459f,6,"[1, 0, 0, 1, 0, 0, 1, 0, 0, 1, 1, 1]",8,0,0,,0.25,12
801,1b954632-8220-11f1-b0da-2389f409459f,6,"[1, 0, 0, 1, 0, 0, 1, 0, 0, 1, 1, 1]",9,1,-1,,0.25,12
802,1b954632-8220-11f1-b0da-2389f409459f,6,"[1, 0, 0, 1, 0, 0, 1, 0, 0, 1, 1, 1]",10,1,-1,,0.25,12
803,1b954632-8220-11f1-b0da-2389f409459f,6,"[1, 0, 0, 1, 0, 0, 1, 0, 0, 1, 1, 1]",11,1,-1,,0.25,12
804,1b954632-8220-11f1-b0da-2389f409459f,7,"[1, 1, 0, 1, 0, 0, 1, 1, 0, 1, 1, 1]",0,1,-1,,0.25,12
805,1b954632-8220-11f1-b0da-2389f409459f,7,"[1, 1, 0, 1, 0, 0, 1, 1, 0, 1, 1, 1]",1,1,-1,,0.25,12
806,1b954632-8220-11f1-b0da-2389f409459f,7,"[1, 1, 0, 1, 0, 0, 1, 1, 0, 1, 1, 1]",2,0,0,,0.25,12
807,1b954632-8220-11f1-b0da-2389f409459f,7,"[1, 1, 0, 1, 0, 0, 1, 1, 0, 1, 1, 1]",3,1,-1,,0.25,12
808,1b954632-8220-11f1-b0da-2389f409459f,7,"[1, 1, 0, 1, 0, 0, 1, 1, 0, 1, 1, 1]",4,0,0,,0.25,12
809,1b954632-8220-11f1-b0da-2389f409459f,7,"[1, 1, 0, 1, 0, 0, 1, 1, 0, 1, 1, 1]",5,0,0,,0.25,12
810,1b954632-8220-11f1-b0da-2389f409459f,7,"[1, 1, 0, 1, 0, 0, 1, 1, 0, 1, 1, 1]",6,1,-1,,0.25,12
811,1b954632-8220-11f1-b0da-2389f409459f,7,"[1, 1, 0, 1, 0, 0, 1, 1, 0, 1, 1, 1]",7,1,-1,,0.25,12
812,1b954632-8220-11f1-b0da-2389f409459f,7,"[1, 1, 0, 1, 0, 0, 1, 1, 0, 1, 1, 1]",8,0,0,,0.25,12
813,1b954632-8220-11f1-b0da-2389f409459f,7,"[1, 1, 0, 1, 0, 0, 1, 1, 0, 1, 1, 1]",9,1,-1,,0.25,12
814,1b954632-8220-11f1-b0da-2389f409459f,7,"[1, 1, 0, 1, 0, 0, 1, 1, 0, 1, 1, 1]",10,1,-1,,0.25,12
815,1b954632-8220-11f1-b0da-2389f409459f,7,"[1, 1, 0, 1, 0, 0, 1, 1, 0, 1, 1, 1]",11,1,-1,,0.25,12
816,1b954632-8220-11f1-b0da-2389f409459f,8,"[1, 0, 0, 0, 0, 0, 1, 0, 0, 0, 0, 1]",0,1,1,,0.25,12
817,1b954632-8220-11f1-b0da-2389f409459f,8,"[1, 0, 0, 0, 0, 0, 1, 0, 0, 0, 0, 1]",1,0,0,,0.25,12
818,1b954632-8220-11f1-b0da-2389f409459f,8,"[1, 0, 0, 0, 0, 0, 1, 0, 0, 0, 0, 1]",2,0,0,,0.25,12
819,1b954632-8220-11f1-b0da-2389f409459f,8,"[1, 0, 0, 0, 0, 0, 1, 0, 0, 0, 0, 1]",3,0,0,,0.25,12
820,1b954632-8220-11f1-b0da-2389f409459f,8,"[1, 0, 0, 0, 0, 0, 1, 0, 0, 0, 0, 1]",4,0,0,,0.25,12
821,1b954632-8220-11f1-b0da-2389f409459f,8,"[1, 0, 0, 0, 0, 0, 1, 0, 0, 0, 0, 1]",5,0,0,,0.25,12
822,1b954632-8220-11f1-b0da-2389f409459f,8,"[1, 0, 0, 0, 0, 0, 1, 0, 0, 0, 0, 1]",6,1,1,,0.25,12
823,1b954632-8220-11f1-b0da-2389f409459f,8,"[1, 0, 0, 0, 0, 0, 1, 0, 0, 0, 0, 1]",7,0,0,,0.25,12
824,1b954632-8220-11f1-b0da-2389f409459f,8,"[1, 0, 0, 0, 0, 0, 1, 0, 0, 0, 0, 1]",8,0,0,,0.25,12
825,1b954632-8220-11f1-b0da-2389f409459f,8,"[1, 0, 0, 0, 0, 0, 1, 0, 0, 0, 0, 1]",9,0,0,,0.25,12
826,1b954632-8220-11f1-b0da-2389f409459f,8,"[1, 0, 0, 0, 0, 0, 1, 0, 0, 0, 0, 1]",10,0,0,,0.25,12
827,1b954632-8220-11f1-b0da-2389f409459f,8,"[1, 0, 0, 0, 0, 0, 1, 0, 0, 0, 0, 1]",11,1,1,,0.25,12
828,1b954632-8220-11f1-b0da-2389f409459f,9,"[1, 1, 1, 1, 1, 0, 1, 0, 0, 0, 1, 0]",0,1,-1,,0.25,12
829,1b954632-8220-11f1-b0da-2389f409459f,9,"[1, 1, 1, 1, 1, 0, 1, 0, 0, 0, 1, 0]",1,1,-1,,0.25,12
830,1b954632-8220-11f1-b0da-2389f409459f,9,"[1, 1, 1, 1, 1, 0, 1, 0, 0, 0, 1, 0]",2,1,-1,,0.25,12
831,1b954632-8220-11f1-b0da-2389f409459f,9,"[1, 1, 1, 1, 1, 0, 1, 0, 0, 0, 1, 0]",3,1,-1,,0.25,12
832,1b954632-8220-11f1-b0da-2389f409459f,9,"[1, 1, 1, 1, 1, 0, 1, 0, 0, 0, 1, 0]",4,1,-1,,0.25,12
833,1b954632-8220-11f1-b0da-2389f409459f,9,"[1, 1, 1, 1, 1, 0, 1, 0, 0, 0, 1, 0]",5,0,0,,0.25,12
834,1b954632-8220-11f1-b0da-2389f409459f,9,"[1, 1, 1, 1, 1, 0, 1, 0, 0, 0, 1, 0]",6,1,-1,,0.25,12
835,1b954632-8220-11f1-b0da-2389f409459f,9,"[1, 1, 1, 1, 1, 0, 1, 0, 0, 0, 1, 0]",7,0,0,,0.25,12
836,1b954632-8220-11f1-b0da-2389f409459f,9,"[1, 1, 1, 1, 1, 0, 1, 0, 0, 0, 1, 0]",8,0,0,,0.25,12
837,1b954632-8220-11f1-b0da-2389f409459f,9,"[1, 1, 1, 1, 1, 0, 1, 0, 0, 0, 1, 0]",9,0,0,,0.25,12
838,1b954632-8220-11f1-b0da-2389f409459f,9,"[1, 1, 1, 1, 1, 0, 1, 0, 0, 0, 1, 0]",10,1,-1,,0.25,12
839,1b954632-8220-11f1-b0da-2389f409459f,9,"[1, 1, 1, 1, 1, 0, 1, 0, 0, 0, 1, 0]",11,0,0,,0.25,12
840,1b96748a-8220-11f1-b0da-2389f409459f,0,"[0, 0, 1, 0, 1, 0, 0, 1, 1, 1, 0, 0]",0,0,0,,0.25,12
841,1b96748a-8220-11f1-b0da-2389f409459f,0,"[0, 0, 1, 0, 1, 0, 0, 1, 1, 1, 0, 0]",1,0,0,,0.25,12
842,1b96748a-8220-11f1-b0da-2389f409459f,0,"[0, 0, 1, 0, 1, 0, 0, 1, 1, 1, 0, 0]",2,1,-1,,0.25,12
843,1b96748a-8220-11f1-b0da-2389f409459f,0,"[0, 0, 1, 0, 1, 0, 0, 1, 1, 1, 0, 0]",3,0,0,,0.25,12
844,1b96748a-8220-11f1-b0da-2389f409459f,0,"[0, 0, 1, 0, 1, 0, 0, 1, 1, 1, 0, 0]",4,1,-1,,0.25,12
845,1b96748a-8220-11f1-b0da-2389f409459f,0,"[0, 0, 1, 0, 1, 0, 0, 1, 1, 1, 0, 0]",5,0,0,,0.25,12
846,1b96748a-8220-11f1-b0da-2389f409459f,0,"[0, 0, 1, 0, 1, 0, 0, 1, 1, 1, 0, 0]",6,0,0,,0.25,12
847,1b96748a-8220-11f1-b0da-2389f409459f,0,"[0, 0, 1, 0, 1, 0, 0, 1, 1, 1, 0, 0]",7,1,-1,,0.25,12
848,1b96748a-8220-11f1-b0da-2389f409459f,0,"[0, 0, 1, 0, 1, 0, 0, 1, 1, 1, 0, 0]",8,1,-1,,0.25,12
849,1b96748a-8220-11f1-b0da-2389f409459f,0,"[0, 0, 1, 0, 1, 0, 0, 1, 1, 1, 0, 0]",9,1,-1,,0.25,12
850,1b96748a-8220-11f1-b0da-2389f409459f,0,"[0, 0, 1, 0, 1, 0, 0, 1, 1, 1, 0, 0]",10,0,0,,0.25,12
851,1b96748a-8220-11f1-b0da-2389f409459f,0,"[0, 0, 1, 0, 1, 0, 0, 1, 1, 1, 0, 0]",11,0,0,,0.25,12
852,1b96748a-8220-11f1-b0da-2389f409459f,1,"[1, 1, 1, 0, 1, 1, 1, 0, 1, 0, 0, 0]",0,1,-1,,0.25,12
853,1b96748a-8220-11f1-b0da-2389f409459f,1,"[1, 1, 1, 0, 1, 1, 1, 0, 1, 0, 0, 0]",1,1,-1,,0.25,12
854,1b96748a-8220-11f1-b0da-2389f409459f,1,"[1, 1, 1, 0, 1, 1, 1, 0, 1, 0, 0, 0]",2,1,-1,,0.25,12
855,1b96748a-8220-11f1-b0da-2389f409459f,1,"[1, 1, 1, 0, 1, 1, 1, 0, 1, 0, 0, 0]",3,0,0,,0.25,12
856,1b96748a-8220-11f1-b0da-2389f409459f,1,"[1, 1, 1, 0, 1, 1, 1, 0, 1, 0, 0, 0]",4,1,-1,,0.25,12
857,1b96748a-8220-11f1-b0da-2389f409459f,1,"[1, 1, 1, 0, 1, 1, 1, 0, 1, 0, 0, 0]",5,1,-1,,0.25,12
858,1b96748a-8220-11f1-b0da-2389f409459f,1,"[1, 1, 1, 0, 1, 1, 1, 0, 1, 0, 0, 0]",6,1,-1,,0.25,12
859,1b96748a-8220-11f1-b0da-2389f409459f,1,"[1, 1, 1, 0, 1, 1, 1, 0, 1, 0, 0, 0]",7,0,0,,0.25,12
860,1b96748a-8220-11f1-b0da-2389f409459f,1,"[1, 1, 1, 0, 1, 1, 1, 0, 1, 0, 0, 0]",8,1,-1,,0.25,12
861,1b96748a-8220-11f1-b0da-2389f409459f,1,"[1, 1, 1, 0, 1, 1, 1, 0, 1, 0, 0, 0]",9,0,0,,0.25,12
862,1b96748a-8220-11f1-b0da-2389f409459f,1,"[1, 1, 1, 0, 1, 1, 1, 0, 1, 0, 0, 0]",10,0,0,,0.25,12
863,1b96748a-8220-11f1-b0da-2389f409459f,1,"[1, 1, 1, 0, 1, 1, 1, 0, 1, 0, 0, 0]",11,0,0,,0.25,12
864,1b96748a-8220-11f1-b0da-2389f409459f,2,"[1, 0, 1, 1, 0, 1, 0, 1, 1, 0, 0, 1]",0,1,-1,,0.25,12
865,1b96748a-8220-11f1-b0da-2389f409459f,2,"[1, 0, 1, 1, 0, 1, 0, 1, 1, 0, 0, 1]",1,0,0,,0.25,12
866,1b96748a-8220-11f1-b0da-2389f409459f,2,"[1, 0, 1, 1, 0, 1, 0, 1, 1, 0, 0, 1]",2,1,-1,,0.25,12
867,1b96748a-8220-11f1-b0da-2389f409459f,2,"[1, 0, 1, 1, 0, 1, 0, 1, 1, 0, 0, 1]",3,1,-1,,0.25,12
868,1b96748a-8220-11f1-b0da-2389f409459f,2,"[1, 0, 1, 1, 0, 1, 0, 1, 1, 0, 0, 1]",4,0,0,,0.25,12
869,1b96748a-8220-11f1-b0da-2389f409459f,2,"[1, 0, 1, 1, 0, 1, 0, 1, 1, 0, 0, 1]",5,1,-1,,0.25,12
870,1b96748a-8220-11f1-b0da-2389f409459f,2,"[1, 0, 1, 1, 0, 1, 0, 1, 1, 0, 0, 1]",6,0,0,,0.25,12
871,1b96748a-8220-11f1-b0da-2389f409459f,2,"[1, 0, 1, 1, 0, 1, 0, 1, 1, 0, 0, 1]",7,1,-1,,0.25,12
872,1b96748a-8220-11f1-b0da-2389f409459f,2,"[1, 0, 1, 1, 0, 1, 0, 1, 1, 0, 0, 1]",8,1,-1,,0.25,12
873,1b96748a-8220-11f1-b0da-2389f409459f,2,"[1, 0, 1, 1, 0, 1, 0, 1, 1, 0, 0, 1]",9,0,0,,0.25,12
874,1b96748a-8220-11f1-b0da-2389f409459f,2,"[1, 0, 1, 1, 0, 1, 0, 1, 1, 0, 0, 1]",10,0,0,,0.25,12
875,1b96748a-8220-11f1-b0da-2389f409459f,2,"[1, 0, 1, 1, 0, 1, 0, 1, 1, 0, 0, 1]",11,1,-1,,0.25,12
876,1b96748a-8220-11f1-b0da-2389f409459f,3,"[1, 1, 1, 0, 0, 0, 0, 0, 1, 0, 0, 1]",0,1,-1,,0.25,12
877,1b96748a-8220-11f1-b0da-2389f409459f,3,"[1, 1, 1, 0, 0, 0, 0, 0, 1, 0, 0, 1]",1,1,-1,,0.25,12
878,1b96748a-8220-11f1-b0da-2389f409459f,3,"[1, 1, 1, 0, 0, 0, 0, 0, 1, 0, 0, 1]",2,1,-1,,0.25,12
879,1b96748a-8220-11f1-b0da-2389f409459f,3,"[1, 1, 1, 0, 0, 0, 0, 0, 1, 0, 0, 1]",3,0,0,,0.25,12
880,1b96748a-8220-11f1-b0da-2389f409459f,3,"[1, 1, 1, 0, 0, 0, 0, 0, 1, 0, 0, 1]",4,0,0,,0.25,12
881,1b96748a-8220-11f1-b0da-2389f409459f,3,"[1, 1, 1, 0, 0, 0, 0, 0, 1, 0, 0, 1]",5,0,0,,0.25,12
882,1b96748a-8220-11f1-b0da-2389f409459f,3,"[1, 1, 1, 0, 0, 0, 0, 0, 1, 0, 0, 1]",6,0,0,,0.25,12
883,1b96748a-8220-11f1-b0da-2389f409459f,3,"[1, 1, 1, 0, 0, 0, 0, 0, 1, 0, 0, 1]",7,0,0,,0.25,12
884,1b96748a-8220-11f1-b0da-2389f409459f,3,"[1, 1, 1, 0, 0, 0, 0, 0, 1, 0, 0, 1]",8,1,-1,,0.25,12
885,1b96748a-8220-11f1-b0da-2389f409459f,3,"[1, 1, 1, 0, 0, 0, 0, 0, 1, 0, 0, 1]",9,0,0,,0.25,12
886,1b96748a-8220-11f1-b0da-2389f409459f,3,"[1, 1, 1, 0, 0, 0, 0, 0, 1, 0, 0, 1]",10,0,0,,0.25,12
887,1b96748a-8220-11f1-b0da-2389f409459f,3,"[1, 1, 1, 0, 0, 0, 0, 0, 1, 0, 0, 1]",11,1,-1,,0.25,12
888,1b96748a-8220-11f1-b0da-2389f409459f,4,"[1, 0, 1, 0, 0, 0, 1, 0, 1, 0, 0, 0]",0,1,-1,,0.25,12
889,1b96748a-8220-11f1-b0da-2389f409459f,4,"[1, 0, 1, 0, 0, 0, 1, 0, 1, 0, 0, 0]",1,0,0,,0.25,12
890,1b96748a-8220-11f1-b0da-2389f409459f,4,"[1, 0, 1, 0, 0, 0, 1, 0, 1, 0, 0, 0]",2,1,-1,,0.25,12
891,1b96748a-8220-11f1-b0da-2389f409459f,4,"[1, 0, 1, 0, 0, 0, 1, 0, 1, 0, 0, 0]",3,0,0,,0.25,12
892,1b96748a-8220-11f1-b0da-2389f409459f,4,"[1, 0, 1, 0, 0, 0, 1, 0, 1, 0, 0, 0]",4,0,0,,0.25,12
893,1b96748a-8220-11f1-b0da-2389f409459f,4,"[1, 0, 1, 0, 0, 0, 1, 0, 1, 0, 0, 0]",5,0,0,,0.25,12
894,1b96748a-8220-11f1-b0da-2389f409459f,4,"[1, 0, 1, 0, 0, 0, 1, 0, 1, 0, 0, 0]",6,1,-1,,0.25,12
895,1b96748a-8220-11f1-b0da-2389f409459f,4,"[1, 0, 1, 0, 0, 0, 1, 0, 1, 0, 0, 0]",7,0,0,,0.25,12
896,1b96748a-8220-11f1-b0da-2389f409459f,4,"[1, 0, 1, 0, 0, 0, 1, 0, 1, 0, 0, 0]",8,1,-1,,0.25,12
897,1b96748a-8220-11f1-b0da-2389f409459f,4,"[1, 0, 1, 0, 0, 0, 1, 0, 1, 0, 0, 0]",9,0,0,,0.25,12
898,1b96748a-8220-11f1-b0da-2389f409459f,4,"[1, 0, 1, 0, 0, 0, 1, 0, 1, 0, 0, 0]",10,0,0,,0.25,12
899,1b96748a-8220-11f1-b0da-2389f409459f,4,"[1, 0, 1, 0, 0, 0, 1, 0, 1, 0, 0, 0]",11,0,0,,0.25,12
900,1b96748a-8220-11f1-b0da-2389f409459f,5,"[1, 0, 0, 1, 0, 1, 1, 1, 1, 0, 0, 1]",0,1,-1,,0.25,12
901,1b96748a-8220-11f1-b0da-2389f409459f,5,"[1, 0, 0, 1, 0, 1, 1, 1, 1, 0, 0, 1]",1,0,0,,0.25,12
902,1b96748a-8220-11f1-b0da-2389f409459f,5,"[1, 0, 0, 1, 0, 1, 1, 1, 1, 0, 0, 1]",2,0,0,,0.25,12
903,1b96748a-8220-11f1-b0da-2389f409459f,5,"[1, 0, 0, 1, 0, 1, 1, 1, 1, 0, 0, 1]",3,1,-1,,0.25,12
904,1b96748a-8220-11f1-b0da-2389f409459f,5,"[1, 0, 0, 1, 0, 1, 1, 1, 1, 0, 0, 1]",4,0,0,,0.25,12
905,1b96748a-8220-11f1-b0da-2389f409459f,5,"[1, 0, 0, 1, 0, 1, 1, 1, 1, 0, 0, 1]",5,1,-1,,0.25,12
906,1b96748a-8220-11f1-b0da-2389f409459f,5,"[1, 0, 0, 1, 0, 1, 1, 1, 1, 0, 0, 1]",6,1,-1,,0.25,12
907,1b96748a-8220-11f1-b0da-2389f409459f,5,"[1, 0, 0, 1, 0, 1, 1, 1, 1, 0, 0, 1]",7,1,-1,,0.25,12
908,1b96748a-8220-11f1-b0da-2389f409459f,5,"[1, 0, 0, 1, 0, 1, 1, 1, 1, 0, 0, 1]",8,1,-1,,0.25,12
909,1b96748a-8220-11f1-b0da-2389f409459f,5,"[1, 0, 0, 1, 0, 1, 1, 1, 1, 0, 0, 1]",9,0,0,,0.25,12
910,1b96748a-8220-11f1-b0da-2389f409459f,5,"[1, 0, 0, 1, 0, 1, 1, 1, 1, 0, 0, 1]",10,0,0,,0.25,12
911,1b96748a-8220-11f1-b0da-2389f409459f,5,"[1, 0, 0, 1, 0, 1, 1, 1, 1, 0, 0, 1]",11,1,-1,,0.25,12
912,1b96748a-8220-11f1-b0da-2389f409459f,6,"[0, 0, 1, 1, 1, 0, 0, 1, 1, 0, 1, 1]",0,0,0,,0.25,12
913,1b96748a-8220-11f1-b0da-2389f409459f,6,"[0, 0, 1, 1, 1, 0, 0, 1, 1, 0, 1, 1]",1,0,0,,0.25,12
914,1b96748a-8220-11f1-b0da-2389f409459f,6,"[0, 0, 1, 1, 1, 0, 0, 1, 1, 0, 1, 1]",2,1,-1,,0.25,12
915,1b96748a-8220-11f1-b0da-2389f409459f,6,"[0, 0, 1, 1, 1, 0, 0, 1, 1, 0, 1, 1]",3,1,-1,,0.25,12
916,1b96748a-8220-11f1-b0da-2389f409459f,6,"[0, 0, 1, 1, 1, 0, 0, 1, 1, 0, 1, 1]",4,1,-1,,0.25,12
917,1b96748a-8220-11f1-b0da-2389f409459f,6,"[0, 0, 1, 1, 1, 0, 0, 1, 1, 0, 1, 1]",5,0,0,,0.25,12
918,1b96748a-8220-11f1-b0da-2389f409459f,6,"[0, 0, 1, 1, 1, 0, 0, 1, 1, 0, 1, 1]",6,0,0,,0.25,12
919,1b96748a-8220-11f1-b0da-2389f409459f,6,"[0, 0, 1, 1, 1, 0, 0, 1, 1, 0, 1, 1]",7,1,-1,,0.25,12
920,1b96748a-8220-11f1-b0da-2389f409459f,6,"[0, 0, 1, 1, 1, 0, 0, 1, 1, 0, 1, 1]",8,1,-1,,0.25,12
921,1b96748a-8220-11f1-b0da-2389f409459f,6,"[0, 0, 1, 1, 1, 0, 0, 1, 1, 0, 1, 1]",9,0,0,,0.25,12
922,1b96748a-8220-11f1-b0da-2389f409459f,6,"[0, 0, 1, 1, 1, 0, 0, 1, 1, 0, 1, 1]",10,1,-1,,0.25,12
923,1b96748a-8220-11f1-b0da-2389f409459f,6,"[0, 0, 1, 1, 1, 0, 0, 1, 1, 0, 1, 1]",11,1,-1,,0.25,12
924,1b96748a-8220-11f1-b0da-2389f409459f,7,"[0, 1, 1, 1, 1, 0, 0, 0, 1, 0, 1, 1]",0,0,0,,0.25,12
925,1b96748a-8220-11f1-b0da-2389f409459f,7,"[0, 1, 1, 1, 1, 0, 0, 0, 1, 0, 1, 1]",1,1,-1,,0.25,12
926,1b96748a-8220-11f1-b0da-2389f409459f,7,"[0, 1, 1, 1, 1, 0, 0, 0, 1, 0, 1, 1]",2,1,-1,,0.25,12
927,1b96748a-8220-11f1-b0da-2389f409459f,7,"[0, 1, 1, 1, 1, 0, 0, 0, 1, 0, 1, 1]",3,1,-1,,0.25,12
928,1b96748a-8220-11f1-b0da-2389f409459f,7,"[0, 1, 1, 1, 1, 0, 0, 0, 1, 0, 1, 1]",4,1,-1,,0.25,12
929,1b96748a-8220-11f1-b0da-2389f409459f,7,"[0, 1, 1, 1, 1, 0, 0, 0, 1, 0, 1, 1]",5,0,0,,0.25,12
930,1b96748a-8220-11f1-b0da-2389f409459f,7,"[0, 1, 1, 1, 1, 0, 0, 0, 1, 0, 1, 1]",6,0,0,,0.25,12
931,1b96748a-8220-11f1-b0da-2389f409459f,7,"[0, 1, 1, 1, 1, 0, 0, 0, 1, 0, 1, 1]",7,0,0,,0.25,12
932,1b96748a-8220-11f1-b0da-2389f409459f,7,"[0, 1, 1, 1, 1, 0, 0, 0, 1, 0, 1, 1]",8,1,-1,,0.25,12
933,1b96748a-8220-11f1-b0da-2389f409459f,7,"[0, 1, 1, 1, 1, 0, 0, 0, 1, 0, 1, 1]",9,0,0,,0.25,12
934,1b96748a-8220-11f1-b0da-2389f409459f,7,"[0, 1, 1, 1, 1, 0, 0, 0, 1, 0, 1, 1]",10,1,-1,,0.25,12
935,1b96748a-8220-11f1-b0da-2389f409459f,7,"[0, 1, 1, 1, 1, 0, 0, 0, 1, 0, 1, 1]",11,1,-1,,0.25,12
936,1b96748a-8220-11f1-b0da-2389f409459f,8,"[0, 1, 1, 0, 1, 0, 1, 0, 1, 0, 1, 1]",0,0,0,,0.25,12
937,1b96748a-8220-11f1-b0da-2389f409459f,8,"[0, 1, 1, 0, 1, 0, 1, 0, 1, 0, 1, 1]",1,1,-1,,0.25,12
938,1b96748a-8220-11f1-b0da-2389f409459f,8,"[0, 1, 1, 0, 1, 0, 1, 0, 1, 0, 1, 1]",2,1,-1,,0.25,12
939,1b96748a-8220-11f1-b0da-2389f409459f,8,"[0, 1, 1, 0, 1, 0, 1, 0, 1, 0, 1, 1]",3,0,0,,0.25,12
940,1b96748a-8220-11f1-b0da-2389f409459f,8,"[0, 1, 1, 0, 1, 0, 1, 0, 1, 0, 1, 1]",4,1,-1,,0.25,12
941,1b96748a-8220-11f1-b0da-2389f409459f,8,"[0, 1, 1, 0, 1, 0, 1, 0, 1, 0, 1, 1]",5,0,0,,0.25,12
942,1b96748a-8220-11f1-b0da-2389f409459f,8,"[0, 1, 1, 0, 1, 0, 1, 0, 1, 0, 1, 1]",6,1,-1,,0.25,12
943,1b96748a-8220-11f1-b0da-2389f409459f,8,"[0, 1, 1, 0, 1, 0, 1, 0, 1, 0, 1, 1]",7,0,0,,0.25,12
944,1b96748a-8220-11f1-b0da-2389f409459f,8,"[0, 1, 1, 0, 1, 0, 1, 0, 1, 0, 1, 1]",8,1,-1,,0.25,12
945,1b96748a-8220-11f1-b0da-2389f409459f,8,"[0, 1, 1, 0, 1, 0, 1, 0, 1, 0, 1, 1]",9,0,0,,0.25,12
946,1b96748a-8220-11f1-b0da-2389f409459f,8,"[0, 1, 1, 0, 1, 0, 1, 0, 1, 0, 1, 1]",10,1,-1,,0.25,12
947,1b96748a-8220-11f1-b0da-2389f409459f,8,"[0, 1, 1, 0, 1, 0, 1, 0, 1, 0, 1, 1]",11,1,-1,,0.25,12
948,1b96748a-8220-11f1-b0da-2389f409459f,9,"[0, 1, 1, 1, 0, 0, 0, 1, 1, 0, 1, 0]",0,0,0,,0.25,12
949,1b96748a-8220-11f1-b0da-2389f409459f,9,"[0, 1, 1, 1, 0, 0, 0, 1, 1, 0, 1, 0]",1,1,-1,,0.25,12
950,1b96748a-8220-11f1-b0da-2389f409459f,9,"[0, 1, 1, 1, 0, 0, 0, 1, 1, 0, 1, 0]",2,1,-1,,0.25,12
951,1b96748a-8220-11f1-b0da-2389f409459f,9,"[0, 1, 1, 1, 0, 0, 0, 1, 1, 0, 1, 0]",3,1,-1,,0.25,12
952,1b96748a-8220-11f1-b0da-2389f409459f,9,"[0, 1, 1, 1, 0, 0, 0, 1, 1, 0, 1, 0]",4,0,0,,0.25,12
953,1b96748a-8220-11f1-b0da-2389f409459f,9,"[0, 1, 1, 1, 0, 0, 0, 1, 1, 0, 1, 0]",5,0,0,,0.25,12
954,1b96748a-8220-11f1-b0da-2389f409459f,9,"[0, 1, 1, 1, 0, 0, 0, 1, 1, 0, 1, 0]",6,0,0,,0.25,12
955,1b96748a-8220-11f1-b0da-2389f409459f,9,"[0, 1, 1, 1, 0, 0, 0, 1, 1, 0, 1, 0]",7,1,-1,,0.25,12
956,1b96748a-8220-11f1-b0da-2389f409459f,9,"[0, 1, 1, 1, 0, 0, 0, 1, 1, 0, 1, 0]",8,1,-1,,0.25,12
957,1b96748a-8220-11f1-b0da-2389f409459f,9,"[0, 1, 1, 1, 0, 0, 0, 1, 1, 0, 1, 0]",9,0,0,,0.25,12
958,1b96748a-8220-11f1-b0da-2389f409459f,9,"[0, 1, 1, 1, 0, 0, 0, 1, 1, 0, 1, 0]",10,1,-1,,0.25,12
959,1b96748a-8220-11f1-b0da-2389f409459f,9,"[0, 1, 1, 1, 0, 0, 0, 1, 1, 0, 1, 0]",11,0,0,,0.25,12
960,1b980d5e-8220-11f1-b0da-2389f409459f,0,"[1, 0, 1, 0, 1, 1, 0, 1, 0, 0, 1, 0]",0,1,-1,,0.25,12
961,1b980d5e-8220-11f1-b0da-2389f409459f,0,"[1, 0, 1, 0, 1, 1, 0, 1, 0, 0, 1, 0]",1,0,0,,0.25,12
962,1b980d5e-8220-11f1-b0da-2389f409459f,0,"[1, 0, 1, 0, 1, 1, 0, 1, 0, 0, 1, 0]",2,1,-1,,0.25,12
963,1b980d5e-8220-11f1-b0da-2389f409459f,0,"[1, 0, 1, 0, 1, 1, 0, 1, 0, 0, 1, 0]",3,0,0,,0.25,12
964,1b980d5e-8220-11f1-b0da-2389f409459f,0,"[1, 0, 1, 0, 1, 1, 0, 1, 0, 0, 1, 0]",4,1,-1,,0.25,12
965,1b980d5e-8220-11f1-b0da-2389f409459f,0,"[1, 0, 1, 0, 1, 1, 0, 1, 0, 0, 1, 0]",5,1,-1,,0.25,12
966,1b980d5e-8220-11f1-b0da-2389f409459f,0,"[1, 0, 1, 0, 1, 1, 0, 1, 0, 0, 1, 0]",6,0,0,,0.25,12
967,1b980d5e-8220-11f1-b0da-2389f409459f,0,"[1, 0, 1, 0, 1, 1, 0, 1, 0, 0, 1, 0]",7,1,-1,,0.25,12
968,1b980d5e-8220-11f1-b0da-2389f409459f,0,"[1, 0, 1, 0, 1, 1, 0, 1, 0, 0, 1, 0]",8,0,0,,0.25,12
969,1b980d5e-8220-11f1-b0da-2389f409459f,0,"[1, 0, 1, 0, 1, 1, 0, 1, 0, 0, 1, 0]",9,0,0,,0.25,12
970,1b980d5e-8220-11f1-b0da-2389f409459f,0,"[1, 0, 1, 0, 1, 1, 0, 1, 0, 0, 1, 0]",10,1,-1,,0.25,12
971,1b980d5e-8220-11f1-b0da-2389f409459f,0,"[1, 0, 1, 0, 1, 1, 0, 1, 0, 0, 1, 0]",11,0,0,,0.25,12
972,1b980d5e-8220-11f1-b0da-2389f409459f,1,"[1, 1, 1, 1, 0, 0, 0, 0, 0, 1, 0, 0]",0,1,-1,,0.25,12
973,1b980d5e-8220-11f1-b0da-2389f409459f,1,"[1, 1, 1, 1, 0, 0, 0, 0, 0, 1, 0, 0]",1,1,-1,,0.25,12
974,1b980d5e-8220-11f1-b0da-2389f409459f,1,"[1, 1, 1, 1, 0, 0, 0, 0, 0, 1, 0, 0]",2,1,-1,,0.25,12
975,1b980d5e-8220-11f1-b0da-2389f409459f,1,"[1, 1, 1, 1, 0, 0, 0, 0, 0, 1, 0, 0]",3,1,-1,,0.25,12
976,1b980d5e-8220-11f1-b0da-2389f409459f,1,"[1, 1, 1, 1, 0, 0, 0, 0, 0, 1, 0, 0]",4,0,0,,0.25,12
977,1b980d5e-8220-11f1-b0da-2389f409459f,1,"[1, 1, 1, 1, 0, 0, 0, 0, 0, 1, 0, 0]",5,0,0,,0.25,12
978,1b980d5e-8220-11f1-b0da-2389f409459f,1,"[1, 1, 1, 1, 0, 0, 0, 0, 0, 1, 0, 0]",6,0,0,,0.25,12
979,1b980d5e-8220-11f1-b0da-2389f409459f,1,"[1, 1, 1, 1, 0, 0, 0, 0, 0, 1, 0, 0]",7,0,0,,0.25,12
980,1b980d5e-8220-11f1-b0da-2389f409459f,1,"[1, 1, 1, 1, 0, 0, 0, 0, 0, 1, 0, 0]",8,0,0,,0.25,12
981,1b980d5e-8220-11f1-b0da-2389f409459f,1,"[1, 1, 1, 1, 0, 0, 0, 0, 0, 1, 0, 0]",9,1,-1,,0.25,12
982,1b980d5e-8220-11f1-b0da-2389f409459f,1,"[1, 1, 1, 1, 0, 0, 0, 0, 0, 1, 0, 0]",10,0,0,,0.25,12
983,1b980d5e-8220-11f1-b0da-2389f409459f,1,"[1, 1, 1, 1, 0, 0, 0, 0, 0, 1, 0, 0]",11,0,0,,0.25,12
984,1b980d5e-8220-11f1-b0da-2389f409459f,2,"[0, 1, 0, 0, 0, 0, 1, 1, 0, 1, 0, 1]",0,0,0,,0.25,12
985,1b980d5e-8220-11f1-b0da-2389f409459f,2,"[0, 1, 0, 0, 0, 0, 1, 1, 0, 1, 0, 1]",1,1,-1,,0.25,12
986,1b980d5e-8220-11f1-b0da-2389f409459f,2,"[0, 1, 0, 0, 0, 0, 1, 1, 0, 1, 0, 1]",2,0,0,,0.25,12
987,1b980d5e-8220-11f1-b0da-2389f409459f,2,"[0, 1, 0, 0, 0, 0, 1, 1, 0, 1, 0, 1]",3,0,0,,0.25,12
988,1b980d5e-8220-11f1-b0da-2389f409459f,2,"[0, 1, 0, 0, 0, 0, 1, 1, 0, 1, 0, 1]",4,0,0,,0.25,12
989,1b980d5e-8220-11f1-b0da-2389f409459f,2,"[0, 1, 0, 0, 0, 0, 1, 1, 0, 1, 0, 1]",5,0,0,,0.25,12
990,1b980d5e-8220-11f1-b0da-2389f409459f,2,"[0, 1, 0, 0, 0, 0, 1, 1, 0, 1, 0, 1]",6,1,-1,,0.25,12
991,1b980d5e-8220-11f1-b0da-2389f409459f,2,"[0, 1, 0, 0, 0, 0, 1, 1, 0, 1, 0, 1]",7,1,-1,,0.25,12
992,1b980d5e-8220-11f1-b0da-2389f409459f,2,"[0, 1, 0, 0, 0, 0, 1, 1, 0, 1, 0, 1]",8,0,0,,0.25,12
993,1b980d5e-8220-11f1-b0da-2389f409459f,2,"[0, 1, 0, 0, 0, 0, 1, 1, 0, 1, 0, 1]",9,1,-1,,0.25,12
994,1b980d5e-8220-11f1-b0da-2389f409459f,2,"[0, 1, 0, 0, 0, 0, 1, 1, 0, 1, 0, 1]",10,0,0,,0.25,12
995,1b980d5e-8220-11f1-b0da-2389f409459f,2,"[0, 1, 0, 0, 0, 0, 1, 1, 0, 1, 0, 1]",11,1,-1,,0.25,12
996,1b980d5e-8220-11f1-b0da-2389f409459f,3,"[0, 1, 1, 1, 0, 0, 0, 0, 1, 0, 0, 1]",0,0,0,,0.25,12
997,1b980d5e-8220-11f1-b0da-2389f409459f,3,"[0, 1, 1, 1, 0, 0, 0, 0, 1, 0, 0, 1]",1,1,-1,,0.25,12
998,1b980d5e-8220-11f1-b0da-2389f409459f,3,"[0, 1, 1, 1, 0, 0, 0, 0, 1, 0, 0, 1]",2,1,-1,,0.25,12
999,1b980d5e-8220-11f1-b0da-2389f409459f,3,"[0, 1, 1, 1, 0, 0, 0, 0, 1, 0, 0, 1]",3,1,-1,,0.25,12
1000,1b980d5e-8220-11f1-b0da-2389f409459f,3,"[0, 1, 1, 1, 0, 0, 0, 0, 1, 0, 0, 1]",4,0,0,,0.25,12
1001,1b980d5e-8220-11f1-b0da-2389f409459f,3,"[0, 1, 1, 1, 0, 0, 0, 0, 1, 0, 0, 1]",5,0,0,,0.25,12
1002,1b980d5e-8220-11f1-b0da-2389f409459f,3,"[0, 1, 1, 1, 0, 0, 0, 0, 1, 0, 0, 1]",6,0,0,,0.25,12
1003,1b980d5e-8220-11f1-b0da-2389f409459f,3,"[0, 1, 1, 1, 0, 0, 0, 0, 1, 0, 0, 1]",7,0,0,,0.25,12
1004,1b980d5e-8220-11f1-b0da-2389f409459f,3,"[0, 1, 1, 1, 0, 0, 0, 0, 1, 0, 0, 1]",8,1,-1,,0.25,12
1005,1b980d5e-8220-11f1-b0da-2389f409459f,3,"[0, 1, 1, 1, 0, 0, 0, 0, 1, 0, 0, 1]",9,0,0,,0.25,12
1006,1b980d5e-8220-11f1-b0da-2389f409459f,3,"[0, 1, 1, 1, 0, 0, 0, 0, 1, 0, 0, 1]",10,0,0,,0.25,12
1007,1b980d5e-8220-11f1-b0da-2389f409459f,3,"[0, 1, 1, 1, 0, 0, 0, 0, 1, 0, 0, 1]",11,1,-1,,0.25,12
1008,1b980d5e-8220-11f1-b0da-2389f409459f,4,"[1, 1, 0, 1, 0, 1, 0, 0, 1, 0, 0, 0]",0,1,-1,,0.25,12
1009,1b980d5e-8220-11f1-b0da-2389f409459f,4,"[1, 1, 0, 1, 0, 1, 0, 0, 1, 0, 0, 0]",1,1,-1,,0.25,12
1010,1b980d5e-8220-11f1-b0da-2389f409459f,4,"[1, 1, 0, 1, 0, 1, 0, 0, 1, 0, 0, 0]",2,0,0,,0.25,12
1011,1b980d5e-8220-11f1-b0da-2389f409459f,4,"[1, 1, 0, 1, 0, 1, 0, 0, 1, 0, 0, 0]",3,1,-1,,0.25,12
1012,1b980d5e-8220-11f1-b0da-2389f409459f,4,"[1, 1, 0, 1, 0, 1, 0, 0, 1, 0, 0, 0]",4,0,0,,0.25,12
1013,1b980d5e-8220-11f1-b0da-2389f409459f,4,"[1, 1, 0, 1, 0, 1, 0, 0, 1, 0, 0, 0]",5,1,-1,,0.25,12
1014,1b980d5e-8220-11f1-b0da-2389f409459f,4,"[1, 1, 0, 1, 0, 1, 0, 0, 1, 0, 0, 0]",6,0,0,,0.25,12
1015,1b980d5e-8220-11f1-b0da-2389f409459f,4,"[1, 1, 0, 1, 0, 1, 0, 0, 1, 0, 0, 0]",7,0,0,,0.25,12
1016,1b980d5e-8220-11f1-b0da-2389f409459f,4,"[1, 1, 0, 1, 0, 1, 0, 0, 1, 0, 0, 0]",8,1,-1,,0.25,12
1017,1b980d5e-8220-11f1-b0da-2389f409459f,4,"[1, 1, 0, 1, 0, 1, 0, 0, 1, 0, 0, 0]",9,0,0,,0.25,12
1018,1b980d5e-8220-11f1-b0da-2389f409459f,4,"[1, 1, 0, 1, 0, 1, 0, 0, 1, 0, 0, 0]",10,0,0,,0.25,12
1019,1b980d5e-8220-11f1-b0da-2389f409459f,4,"[1, 1, 0, 1, 0, 1, 0, 0, 1, 0, 0, 0]",11,0,0,,0.25,12
1020,1b980d5e-8220-11f1-b0da-2389f409459f,5,"[0, 1, 0, 1, 0, 1, 0, 0, 1, 0, 1, 0]",0,0,0,,0.25,12
1021,1b980d5e-8220-11f1-b0da-2389f409459f,5,"[0, 1, 0, 1, 0, 1, 0, 0, 1, 0, 1, 0]",1,1,-1,,0.25,12
1022,1b980d5e-8220-11f1-b0da-2389f409459f,5,"[0, 1, 0, 1, 0, 1, 0, 0, 1, 0, 1, 0]",2,0,0,,0.25,12
1023,1b980d5e-8220-11f1-b0da-2389f409459f,5,"[0, 1, 0, 1, 0, 1, 0, 0, 1, 0, 1, 0]",3,1,-1,,0.25,12
1024,1b980d5e-8220-11f1-b0da-2389f409459f,5,"[0, 1, 0, 1, 0, 1, 0, 0, 1, 0, 1, 0]",4,0,0,,0.25,12
1025,1b980d5e-8220-11f1-b0da-2389f409459f,5,"[0, 1, 0, 1, 0, 1, 0, 0, 1, 0, 1, 0]",5,1,-1,,0.25,12
1026,1b980d5e-8220-11f1-b0da-2389f409459f,5,"[0, 1, 0, 1, 0, 1, 0, 0, 1, 0, 1, 0]",6,0,0,,0.25,12
1027,1b980d5e-8220-11f1-b0da-2389f409459f,5,"[0, 1, 0, 1, 0, 1, 0, 0, 1, 0, 1, 0]",7,0,0,,0.25,12
1028,1b980d5e-8220-11f1-b0da-2389f409459f,5,"[0, 1, 0, 1, 0, 1, 0, 0, 1, 0, 1, 0]",8,1,-1,,0.25,12
1029,1b980d5e-8220-11f1-b0da-2389f409459f,5,"[0, 1, 0, 1, 0, 1, 0, 0, 1, 0, 1, 0]",9,0,0,,0.25,12
1030,1b980d5e-8220-11f1-b0da-2389f409459f,5,"[0, 1, 0, 1, 0, 1, 0, 0, 1, 0, 1, 0]",10,1,-1,,0.25,12
1031,1b980d5e-8220-11f1-b0da-2389f409459f,5,"[0, 1, 0, 1, 0, 1, 0, 0, 1, 0, 1, 0]",11,0,0,,0.25,12
1032,1b980d5e-8220-11f1-b0da-2389f409459f,6,"[0, 0, 0, 1, 0, 1, 1, 1, 1, 1, 1, 1]",0,0,0,,0.25,12
1033,1b980d5e-8220-11f1-b0da-2389f409459f,6,"[0, 0, 0, 1, 0, 1, 1, 1, 1, 1, 1, 1]",1,0,0,,0.25,12
1034,1b980d5e-8220-11f1-b0da-2389f409459f,6,"[0, 0, 0, 1, 0, 1, 1, 1, 1, 1, 1, 1]",2,0,0,,0.25,12
1035,1b980d5e-8220-11f1-b0da-2389f409459f,6,"[0, 0, 0, 1, 0, 1, 1, 1, 1, 1, 1, 1]",3,1,-1,,0.25,12
1036,1b980d5e-8220-11f1-b0da-2389f409459f,6,"[0, 0, 0, 1, 0, 1, 1, 1, 1, 1, 1, 1]",4,0,0,,0.25,12
1037,1b980d5e-8220-11f1-b0da-2389f409459f,6,"[0, 0, 0, 1, 0, 1, 1, 1, 1, 1, 1, 1]",5,1,-1,,0.25,12
1038,1b980d5e-8220-11f1-b0da-2389f409459f,6,"[0, 0, 0, 1, 0, 1, 1, 1, 1, 1, 1, 1]",6,1,-1,,0.25,12
1039,1b980d5e-8220-11f1-b0da-2389f409459f,6,"[0, 0, 0, 1, 0, 1, 1, 1, 1, 1, 1, 1]",7,1,-1,,0.25,12
1040,1b980d5e-8220-11f1-b0da-2389f409459f,6,"[0, 0, 0, 1, 0, 1, 1, 1, 1, 1, 1, 1]",8,1,-1,,0.25,12
1041,1b980d5e-8220-11f1-b0da-2389f409459f,6,"[0, 0, 0, 1, 0, 1, 1, 1, 1, 1, 1, 1]",9,1,-1,,0.25,12
1042,1b980d5e-8220-11f1-b0da-2389f409459f,6,"[0, 0, 0, 1, 0, 1, 1, 1, 1, 1, 1, 1]",10,1,-1,,0.25,12
1043,1b980d5e-8220-11f1-b0da-2389f409459f,6,"[0, 0, 0, 1, 0, 1, 1, 1, 1, 1, 1, 1]",11,1,-1,,0.25,12
1044,1b980d5e-8220-11f1-b0da-2389f409459f,7,"[0, 0, 1, 1, 1, 0, 1, 0, 1, 0, 0, 1]",0,0,0,,0.25,12
1045,1b980d5e-8220-11f1-b0da-2389f409459f,7,"[0, 0, 1, 1, 1, 0, 1, 0, 1, 0, 0, 1]",1,0,0,,0.25,12
1046,1b980d5e-8220-11f1-b0da-2389f409459f,7,"[0, 0, 1, 1, 1, 0, 1, 0, 1, 0, 0, 1]",2,1,-1,,0.25,12
1047,1b980d5e-8220-11f1-b0da-2389f409459f,7,"[0, 0, 1, 1, 1, 0, 1, 0, 1, 0, 0, 1]",3,1,-1,,0.25,12
1048,1b980d5e-8220-11f1-b0da-2389f409459f,7,"[0, 0, 1, 1, 1, 0, 1, 0, 1, 0, 0, 1]",4,1,-1,,0.25,12
1049,1b980d5e-8220-11f1-b0da-2389f409459f,7,"[0, 0, 1, 1, 1, 0, 1, 0, 1, 0, 0, 1]",5,0,0,,0.25,12
1050,1b980d5e-8220-11f1-b0da-2389f409459f,7,"[0, 0, 1, 1, 1, 0, 1, 0, 1, 0, 0, 1]",6,1,-1,,0.25,12
1051,1b980d5e-8220-11f1-b0da-2389f409459f,7,"[0, 0, 1, 1, 1, 0, 1, 0, 1, 0, 0, 1]",7,0,0,,0.25,12
1052,1b980d5e-8220-11f1-b0da-2389f409459f,7,"[0, 0, 1, 1, 1, 0, 1, 0, 1, 0, 0, 1]",8,1,-1,,0.25,12
1053,1b980d5e-8220-11f1-b0da-2389f409459f,7,"[0, 0, 1, 1, 1, 0, 1, 0, 1, 0, 0, 1]",9,0,0,,0.25,12
1054,1b980d5e-8220-11f1-b0da-2389f409459f,7,"[0, 0, 1, 1, 1, 0, 1, 0, 1, 0, 0, 1]",10,0,0,,0.25,12
1055,1b980d5e-8220-11f1-b0da-2389f409459f,7,"[0, 0, 1, 1, 1, 0, 1, 0, 1, 0, 0, 1]",11,1,-1,,0.25,12
1056,1b980d5e-8220-11f1-b0da-2389f409459f,8,"[1, 0, 1, 1, 0, 0, 1, 1, 0, 0, 0, 0]",0,1,-1,,0.25,12
1057,1b980d5e-8220-11f1-b0da-2389f409459f,8,"[1, 0, 1, 1, 0, 0, 1, 1, 0, 0, 0, 0]",1,0,0,,0.25,12
1058,1b980d5e-8220-11f1-b0da-2389f409459f,8,"[1, 0, 1, 1, 0, 0, 1, 1, 0, 0, 0, 0]",2,1,-1,,0.25,12
1059,1b980d5e-8220-11f1-b0da-2389f409459f,8,"[1, 0, 1, 1, 0, 0, 1, 1, 0, 0, 0, 0]",3,1,-1,,0.25,12
1060,1b980d5e-8220-11f1-b0da-2389f409459f,8,"[1, 0, 1, 1, 0, 0, 1, 1, 0, 0, 0, 0]",4,0,0,,0.25,12
1061,1b980d5e-8220-11f1-b0da-2389f409459f,8,"[1, 0, 1, 1, 0, 0, 1, 1, 0, 0, 0, 0]",5,0,0,,0.25,12
1062,1b980d5e-8220-11f1-b0da-2389f409459f,8,"[1, 0, 1, 1, 0, 0, 1, 1, 0, 0, 0, 0]",6,1,-1,,0.25,12
1063,1b980d5e-8220-11f1-b0da-2389f409459f,8,"[1, 0, 1, 1, 0, 0, 1, 1, 0, 0, 0, 0]",7,1,-1,,0.25,12
1064,1b980d5e-8220-11f1-b0da-2389f409459f,8,"[1, 0, 1, 1, 0, 0, 1, 1, 0, 0, 0, 0]",8,0,0,,0.25,12
1065,1b980d5e-8220-11f1-b0da-2389f409459f,8,"[1, 0, 1, 1, 0, 0, 1, 1, 0, 0, 0, 0]",9,0,0,,0.25,12
1066,1b980d5e-8220-11f1-b0da-2389f409459f,8,"[1, 0, 1, 1, 0, 0, 1, 1, 0, 0, 0, 0]",10,0,0,,0.25,12
1067,1b980d5e-8220-11f1-b0da-2389f409459f,8,"[1, 0, 1, 1, 0, 0, 1, 1, 0, 0, 0, 0]",11,0,0,,0.25,12
1068,1b980d5e-8220-11f1-b0da-2389f409459f,9,"[0, 1, 1, 1, 0, 1, 1, 0, 0, 0, 1, 0]",0,0,0,,0.25,12
1069,1b980d5e-8220-11f1-b0da-2389f409459f,9,"[0, 1, 1, 1, 0, 1, 1, 0, 0, 0, 1, 0]",1,1,-1,,0.25,12
1070,1b980d5e-8220-11f1-b0da-2389f409459f,9,"[0, 1, 1, 1, 0, 1, 1, 0, 0, 0, 1, 0]",2,1,-1,,0.25,12
1071,1b980d5e-8220-11f1-b0da-2389f409459f,9,"[0, 1, 1, 1, 0, 1, 1, 0, 0, 0, 1, 0]",3,1,-1,,0.25,12
1072,1b980d5e-8220-11f1-b0da-2389f409459f,9,"[0, 1, 1, 1, 0, 1, 1, 0, 0, 0, 1, 0]",4,0,0,,0.25,12
1073,1b980d5e-8220-11f1-b0da-2389f409459f,9,"[0, 1, 1, 1, 0, 1, 1, 0, 0, 0, 1, 0]",5,1,-1,,0.25,12
1074,1b980d5e-8220-11f1-b0da-2389f409459f,9,"[0, 1, 1, 1, 0, 1, 1, 0, 0, 0, 1, 0]",6,1,-1,,0.25,12
1075,1b980d5e-8220-11f1-b0da-2389f409459f,9,"[0, 1, 1, 1, 0, 1, 1, 0, 0, 0, 1, 0]",7,0,0,,0.25,12
1076,1b980d5e-8220-11f1-b0da-2389f409459f,9,"[0, 1, 1, 1, 0, 1, 1, 0, 0, 0, 1, 0]",8,0,0,,0.25,12
1077,1b980d5e-8220-11f1-b0da-2389f409459f,9,"[0, 1, 1, 1, 0, 1, 1, 0, 0, 0, 1, 0]",9,0,0,,0.25,12
1078,1b980d5e-8220-11f1-b0da-2389f409459f,9,"[0, 1, 1, 1, 0, 1, 1, 0, 0, 0, 1, 0]",10,1,-1,,0.25,12
1079,1b980d5e-8220-11f1-b0da-2389f409459f,9,"[0, 1, 1, 1, 0, 1, 1, 0, 0, 0, 1, 0]",11,0,0,,0.25,12
1080,1b9955ec-8220-11f1-b0da-2389f409459f,0,"[0, 1, 0, 0, 1, 1, 0, 1, 1, 1, 0, 0]",0,0,0,,0.25,12
1081,1b9955ec-8220-11f1-b0da-2389f409459f,0,"[0, 1, 0, 0, 1, 1, 0, 1, 1, 1, 0, 0]",1,1,-1,,0.25,12
1082,1b9955ec-8220-11f1-b0da-2389f409459f,0,"[0, 1, 0, 0, 1, 1, 0, 1, 1, 1, 0, 0]",2,0,0,,0.25,12
1083,1b9955ec-8220-11f1-b0da-2389f409459f,0,"[0, 1, 0, 0, 1, 1, 0, 1, 1, 1, 0, 0]",3,0,0,,0.25,12
1084,1b9955ec-8220-11f1-b0da-2389f409459f,0,"[0, 1, 0, 0, 1, 1, 0, 1, 1, 1, 0, 0]",4,1,-1,,0.25,12
1085,1b9955ec-8220-11f1-b0da-2389f409459f,0,"[0, 1, 0, 0, 1, 1, 0, 1, 1, 1, 0, 0]",5,1,-1,,0.25,12
1086,1b9955ec-8220-11f1-b0da-2389f409459f,0,"[0, 1, 0, 0, 1, 1, 0, 1, 1, 1, 0, 0]",6,0,0,,0.25,12
1087,1b9955ec-8220-11f1-b0da-2389f409459f,0,"[0, 1, 0, 0, 1, 1, 0, 1, 1, 1, 0, 0]",7,1,-1,,0.25,12
1088,1b9955ec-8220-11f1-b0da-2389f409459f,0,"[0, 1, 0, 0, 1, 1, 0, 1, 1, 1, 0, 0]",8,1,-1,,0.25,12
1089,1b9955ec-8220-11f1-b0da-2389f409459f,0,"[0, 1, 0, 0, 1, 1, 0, 1, 1, 1, 0, 0]",9,1,-1,,0.25,12
1090,1b9955ec-8220-11f1-b0da-2389f409459f,0,"[0, 1, 0, 0, 1, 1, 0, 1, 1, 1, 0, 0]",10,0,0,,0.25,12
1091,1b9955ec-8220-11f1-b0da-2389f409459f,0,"[0, 1, 0, 0, 1, 1, 0, 1, 1, 1, 0, 0]",11,0,0,,0.25,12
1092,1b9955ec-8220-11f1-b0da-2389f409459f,1,"[0, 0, 0, 0, 0, 0, 0, 1, 1, 1, 0, 0]",0,0,0,,0.25,12
1093,1b9955ec-8220-11f1-b0da-2389f409459f,1,"[0, 0, 0, 0, 0, 0, 0, 1, 1, 1, 0, 0]",1,0,0,,0.25,12
1094,1b9955ec-8220-11f1-b0da-2389f409459f,1,"[0, 0, 0, 0, 0, 0, 0, 1, 1, 1, 0, 0]",2,0,0,,0.25,12
1095,1b9955ec-8220-11f1-b0da-2389f409459f,1,"[0, 0, 0, 0, 0, 0, 0, 1, 1, 1, 0, 0]",3,0,0,,0.25,12
1096,1b9955ec-8220-11f1-b0da-2389f409459f,1,"[0, 0, 0, 0, 0, 0, 0, 1, 1, 1, 0, 0]",4,0,0,,0.25,12
1097,1b9955ec-8220-11f1-b0da-2389f409459f,1,"[0, 0, 0, 0, 0, 0, 0, 1, 1, 1, 0, 0]",5,0,0,,0.25,12
1098,1b9955ec-8220-11f1-b0da-2389f409459f,1,"[0, 0, 0, 0, 0, 0, 0, 1, 1, 1, 0, 0]",6,0,0,,0.25,12
1099,1b9955ec-8220-11f1-b0da-2389f409459f,1,"[0, 0, 0, 0, 0, 0, 0, 1, 1, 1, 0, 0]",7,1,1,,0.25,12
1100,1b9955ec-8220-11f1-b0da-2389f409459f,1,"[0, 0, 0, 0, 0, 0, 0, 1, 1, 1, 0, 0]",8,1,1,,0.25,12
1101,1b9955ec-8220-11f1-b0da-2389f409459f,1,"[0, 0, 0, 0, 0, 0, 0, 1, 1, 1, 0, 0]",9,1,1,,0.25,12
1102,1b9955ec-8220-11f1-b0da-2389f409459f,1,"[0, 0, 0, 0, 0, 0, 0, 1, 1, 1, 0, 0]",10,0,0,,0.25,12
1103,1b9955ec-8220-11f1-b0da-2389f409459f,1,"[0, 0, 0, 0, 0, 0, 0, 1, 1, 1, 0, 0]",11,0,0,,0.25,12
1104,1b9955ec-8220-11f1-b0da-2389f409459f,2,"[0, 0, 1, 1, 0, 1, 0, 0, 0, 0, 1, 0]",0,0,0,,0.25,12
1105,1b9955ec-8220-11f1-b0da-2389f409459f,2,"[0, 0, 1, 1, 0, 1, 0, 0, 0, 0, 1, 0]",1,0,0,,0.25,12
1106,1b9955ec-8220-11f1-b0da-2389f409459f,2,"[0, 0, 1, 1, 0, 1, 0, 0, 0, 0, 1, 0]",2,1,-1,,0.25,12
1107,1b9955ec-8220-11f1-b0da-2389f409459f,2,"[0, 0, 1, 1, 0, 1, 0, 0, 0, 0, 1, 0]",3,1,-1,,0.25,12
1108,1b9955ec-8220-11f1-b0da-2389f409459f,2,"[0, 0, 1, 1, 0, 1, 0, 0, 0, 0, 1, 0]",4,0,0,,0.25,12
1109,1b9955ec-8220-11f1-b0da-2389f409459f,2,"[0, 0, 1, 1, 0, 1, 0, 0, 0, 0, 1, 0]",5,1,-1,,0.25,12
1110,1b9955ec-8220-11f1-b0da-2389f409459f,2,"[0, 0, 1, 1, 0, 1, 0, 0, 0, 0, 1, 0]",6,0,0,,0.25,12
1111,1b9955ec-8220-11f1-b0da-2389f409459f,2,"[0, 0, 1, 1, 0, 1, 0, 0, 0, 0, 1, 0]",7,0,0,,0.25,12
1112,1b9955ec-8220-11f1-b0da-2389f409459f,2,"[0, 0, 1, 1, 0, 1, 0, 0, 0, 0, 1, 0]",8,0,0,,0.25,12
1113,1b9955ec-8220-11f1-b0da-2389f409459f,2,"[0, 0, 1, 1, 0, 1, 0, 0, 0, 0, 1, 0]",9,0,0,,0.25,12
1114,1b9955ec-8220-11f1-b0da-2389f409459f,2,"[0, 0, 1, 1, 0, 1, 0, 0, 0, 0, 1, 0]",10,1,-1,,0.25,12
1115,1b9955ec-8220-11f1-b0da-2389f409459f,2,"[0, 0, 1, 1, 0, 1, 0, 0, 0, 0, 1, 0]",11,0,0,,0.25,12
1116,1b9955ec-8220-11f1-b0da-2389f409459f,3,"[0, 0, 1, 0, 0, 0, 1, 0, 1, 0, 1, 0]",0,0,0,,0.25,12
1117,1b9955ec-8220-11f1-b0da-2389f409459f,3,"[0, 0, 1, 0, 0, 0, 1, 0, 1, 0, 1, 0]",1,0,0,,0.25,12
1118,1b9955ec-8220-11f1-b0da-2389f409459f,3,"[0, 0, 1, 0, 0, 0, 1, 0, 1, 0, 1, 0]",2,1,-1,,0.25,12
1119,1b9955ec-8220-11f1-b0da-2389f409459f,3,"[0, 0, 1, 0, 0, 0, 1, 0, 1, 0, 1, 0]",3,0,0,,0.25,12
1120,1b9955ec-8220-11f1-b0da-2389f409459f,3,"[0, 0, 1, 0, 0, 0, 1, 0, 1, 0, 1, 0]",4,0,0,,0.25,12
1121,1b9955ec-8220-11f1-b0da-2389f409459f,3,"[0, 0, 1, 0, 0, 0, 1, 0, 1, 0, 1, 0]",5,0,0,,0.25,12
1122,1b9955ec-8220-11f1-b0da-2389f409459f,3,"[0, 0, 1, 0, 0, 0, 1, 0, 1, 0, 1, 0]",6,1,-1,,0.25,12
1123,1b9955ec-8220-11f1-b0da-2389f409459f,3,"[0, 0, 1, 0, 0, 0, 1, 0, 1, 0, 1, 0]",7,0,0,,0.25,12
1124,1b9955ec-8220-11f1-b0da-2389f409459f,3,"[0, 0, 1, 0, 0, 0, 1, 0, 1, 0, 1, 0]",8,1,-1,,0.25,12
1125,1b9955ec-8220-11f1-b0da-2389f409459f,3,"[0, 0, 1, 0, 0, 0, 1, 0, 1, 0, 1, 0]",9,0,0,,0.25,12
1126,1b9955ec-8220-11f1-b0da-2389f409459f,3,"[0, 0, 1, 0, 0, 0, 1, 0, 1, 0, 1, 0]",10,1,-1,,0.25,12
1127,1b9955ec-8220-11f1-b0da-2389f409459f,3,"[0, 0, 1, 0, 0, 0, 1, 0, 1, 0, 1, 0]",11,0,0,,0.25,12
1128,1b9955ec-8220-11f1-b0da-2389f409459f,4,"[1, 1, 0, 0, 0, 0, 1, 0, 1, 0, 0, 0]",0,1,-1,,0.25,12
1129,1b9955ec-8220-11f1-b0da-2389f409459f,4,"[1, 1, 0, 0, 0, 0, 1, 0, 1, 0, 0, 0]",1,1,-1,,0.25,12
1130,1b9955ec-8220-11f1-b0da-2389f409459f,4,"[1, 1, 0, 0, 0, 0, 1, 0, 1, 0, 0, 0]",2,0,0,,0.25,12
1131,1b9955ec-8220-11f1-b0da-2389f409459f,4,"[1, 1, 0, 0, 0, 0, 1, 0, 1, 0, 0, 0]",3,0,0,,0.25,12
1132,1b9955ec-8220-11f1-b0da-2389f409459f,4,"[1, 1, 0, 0, 0, 0, 1, 0, 1, 0, 0, 0]",4,0,0,,0.25,12
1133,1b9955ec-8220-11f1-b0da-2389f409459f,4,"[1, 1, 0, 0, 0, 0, 1, 0, 1, 0, 0, 0]",5,0,0,,0.25,12
1134,1b9955ec-8220-11f1-b0da-2389f409459f,4,"[1, 1, 0, 0, 0, 0, 1, 0, 1, 0, 0, 0]",6,1,-1,,0.25,12
1135,1b9955ec-8220-11f1-b0da-2389f409459f,4,"[1, 1, 0, 0, 0, 0, 1, 0, 1, 0, 0, 0]",7,0,0,,0.25,12
1136,1b9955ec-8220-11f1-b0da-2389f409459f,4,"[1, 1, 0, 0, 0, 0, 1, 0, 1, 0, 0, 0]",8,1,-1,,0.25,12
1137,1b9955ec-8220-11f1-b0da-2389f409459f,4,"[1, 1, 0, 0, 0, 0, 1, 0, 1, 0, 0, 0]",9,0,0,,0.25,12
1138,1b9955ec-8220-11f1-b0da-2389f409459f,4,"[1, 1, 0, 0, 0, 0, 1, 0, 1, 0, 0, 0]",10,0,0,,0.25,12
1139,1b9955ec-8220-11f1-b0da-2389f409459f,4,"[1, 1, 0, 0, 0, 0, 1, 0, 1, 0, 0, 0]",11,0,0,,0.25,12
1140,1b9955ec-8220-11f1-b0da-2389f409459f,5,"[1, 0, 1, 1, 0, 0, 0, 0, 0, 1, 0, 1]",0,1,-1,,0.25,12
1141,1b9955ec-8220-11f1-b0da-2389f409459f,5,"[1, 0, 1, 1, 0, 0, 0, 0, 0, 1, 0, 1]",1,0,0,,0.25,12
1142,1b9955ec-8220-11f1-b0da-2389f409459f,5,"[1, 0, 1, 1, 0, 0, 0, 0, 0, 1, 0, 1]",2,1,-1,,0.25,12
1143,1b9955ec-8220-11f1-b0da-2389f409459f,5,"[1, 0, 1, 1, 0, 0, 0, 0, 0, 1, 0, 1]",3,1,-1,,0.25,12
1144,1b9955ec-8220-11f1-b0da-2389f409459f,5,"[1, 0, 1, 1, 0, 0, 0, 0, 0, 1, 0, 1]",4,0,0,,0.25,12
1145,1b9955ec-8220-11f1-b0da-2389f409459f,5,"[1, 0, 1, 1, 0, 0, 0, 0, 0, 1, 0, 1]",5,0,0,,0.25,12
1146,1b9955ec-8220-11f1-b0da-2389f409459f,5,"[1, 0, 1, 1, 0, 0, 0, 0, 0, 1, 0, 1]",6,0,0,,0.25,12
1147,1b9955ec-8220-11f1-b0da-2389f409459f,5,"[1, 0, 1, 1, 0, 0, 0, 0, 0, 1, 0, 1]",7,0,0,,0.25,12
1148,1b9955ec-8220-11f1-b0da-2389f409459f,5,"[1, 0, 1, 1, 0, 0, 0, 0, 0, 1, 0, 1]",8,0,0,,0.25,12
1149,1b9955ec-8220-11f1-b0da-2389f409459f,5,"[1, 0, 1, 1, 0, 0, 0, 0, 0, 1, 0, 1]",9,1,-1,,0.25,12
1150,1b9955ec-8220-11f1-b0da-2389f409459f,5,"[1, 0, 1, 1, 0, 0, 0, 0, 0, 1, 0, 1]",10,0,0,,0.25,12
1151,1b9955ec-8220-11f1-b0da-2389f409459f,5,"[1, 0, 1, 1, 0, 0, 0, 0, 0, 1, 0, 1]",11,1,-1,,0.25,12
1152,1b9955ec-8220-11f1-b0da-2389f409459f,6,"[1, 1, 1, 0, 1, 0, 1, 1, 1, 1, 0, 1]",0,1,-1,,0.25,12
1153,1b9955ec-8220-11f1-b0da-2389f409459f,6,"[1, 1, 1, 0, 1, 0, 1, 1, 1, 1, 0, 1]",1,1,-1,,0.25,12
1154,1b9955ec-8220-11f1-b0da-2389f409459f,6,"[1, 1, 1, 0, 1, 0, 1, 1, 1, 1, 0, 1]",2,1,-1,,0.25,12
1155,1b9955ec-8220-11f1-b0da-2389f409459f,6,"[1, 1, 1, 0, 1, 0, 1, 1, 1, 1, 0, 1]",3,0,0,,0.25,12
1156,1b9955ec-8220-11f1-b0da-2389f409459f,6,"[1, 1, 1, 0, 1, 0, 1, 1, 1, 1, 0, 1]",4,1,-1,,0.25,12
1157,1b9955ec-8220-11f1-b0da-2389f409459f,6,"[1, 1, 1, 0, 1, 0, 1, 1, 1, 1, 0, 1]",5,0,0,,0.25,12
1158,1b9955ec-8220-11f1-b0da-2389f409459f,6,"[1, 1, 1, 0, 1, 0, 1, 1, 1, 1, 0, 1]",6,1,-1,,0.25,12
1159,1b9955ec-8220-11f1-b0da-2389f409459f,6,"[1, 1, 1, 0, 1, 0, 1, 1, 1, 1, 0, 1]",7,1,-1,,0.25,12
1160,1b9955ec-8220-11f1-b0da-2389f409459f,6,"[1, 1, 1, 0, 1, 0, 1, 1, 1, 1, 0, 1]",8,1,-1,,0.25,12
1161,1b9955ec-8220-11f1-b0da-2389f409459f,6,"[1, 1, 1, 0, 1, 0, 1, 1, 1, 1, 0, 1]",9,1,-1,,0.25,12
1162,1b9955ec-8220-11f1-b0da-2389f409459f,6,"[1, 1, 1, 0, 1, 0, 1, 1, 1, 1, 0, 1]",10,0,0,,0.25,12
1163,1b9955ec-8220-11f1-b0da-2389f409459f,6,"[1, 1, 1, 0, 1, 0, 1, 1, 1, 1, 0, 1]",11,1,-1,,0.25,12
1164,1b9955ec-8220-11f1-b0da-2389f409459f,7,"[1, 0, 1, 0, 0, 0, 0, 1, 1, 1, 0, 1]",0,1,-1,,0.25,12
1165,1b9955ec-8220-11f1-b0da-2389f409459f,7,"[1, 0, 1, 0, 0, 0, 0, 1, 1, 1, 0, 1]",1,0,0,,0.25,12
1166,1b9955ec-8220-11f1-b0da-2389f409459f,7,"[1, 0, 1, 0, 0, 0, 0, 1, 1, 1, 0, 1]",2,1,-1,,0.25,12
1167,1b9955ec-8220-11f1-b0da-2389f409459f,7,"[1, 0, 1, 0, 0, 0, 0, 1, 1, 1, 0, 1]",3,0,0,,0.25,12
1168,1b9955ec-8220-11f1-b0da-2389f409459f,7,"[1, 0, 1, 0, 0, 0, 0, 1, 1, 1, 0, 1]",4,0,0,,0.25,12
1169,1b9955ec-8220-11f1-b0da-2389f409459f,7,"[1, 0, 1, 0, 0, 0, 0, 1, 1, 1, 0, 1]",5,0,0,,0.25,12
1170,1b9955ec-8220-11f1-b0da-2389f409459f,7,"[1, 0, 1, 0, 0, 0, 0, 1, 1, 1, 0, 1]",6,0,0,,0.25,12
1171,1b9955ec-8220-11f1-b0da-2389f409459f,7,"[1, 0, 1, 0, 0, 0, 0, 1, 1, 1, 0, 1]",7,1,-1,,0.25,12
1172,1b9955ec-8220-11f1-b0da-2389f409459f,7,"[1, 0, 1, 0, 0, 0, 0, 1, 1, 1, 0, 1]",8,1,-1,,0.25,12
1173,1b9955ec-8220-11f1-b0da-2389f409459f,7,"[1, 0, 1, 0, 0, 0, 0, 1, 1, 1, 0, 1]",9,1,-1,,0.25,12
1174,1b9955ec-8220-11f1-b0da-2389f409459f,7,"[1, 0, 1, 0, 0, 0, 0, 1, 1, 1, 0, 1]",10,0,0,,0.25,12
1175,1b9955ec-8220-11f1-b0da-2389f409459f,7,"[1, 0, 1, 0, 0, 0, 0, 1, 1, 1, 0, 1]",11,1,-1,,0.25,12
1176,1b9955ec-8220-11f1-b0da-2389f409459f,8,"[0, 1, 1, 1, 1, 0, 1, 1, 1, 1, 0, 1]",0,0,0,,0.25,12
1177,1b9955ec-8220-11f1-b0da-2389f409459f,8,"[0, 1, 1, 1, 1, 0, 1, 1, 1, 1, 0, 1]",1,1,-1,,0.25,12
1178,1b9955ec-8220-11f1-b0da-2389f409459f,8,"[0, 1, 1, 1, 1, 0, 1, 1, 1, 1, 0, 1]",2,1,-1,,0.25,12
1179,1b9955ec-8220-11f1-b0da-2389f409459f,8,"[0, 1, 1, 1, 1, 0, 1, 1, 1, 1, 0, 1]",3,1,-1,,0.25,12
1180,1b9955ec-8220-11f1-b0da-2389f409459f,8,"[0, 1, 1, 1, 1, 0, 1, 1, 1, 1, 0, 1]",4,1,-1,,0.25,12
1181,1b9955ec-8220-11f1-b0da-2389f409459f,8,"[0, 1, 1, 1, 1, 0, 1, 1, 1, 1, 0, 1]",5,0,0,,0.25,12
1182,1b9955ec-8220-11f1-b0da-2389f409459f,8,"[0, 1, 1, 1, 1, 0, 1, 1, 1, 1, 0, 1]",6,1,-1,,0.25,12
1183,1b9955ec-8220-11f1-b0da-2389f409459f,8,"[0, 1, 1, 1, 1, 0, 1, 1, 1, 1, 0, 1]",7,1,-1,,0.25,12
1184,1b9955ec-8220-11f1-b0da-2389f409459f,8,"[0, 1, 1, 1, 1, 0, 1, 1, 1, 1, 0, 1]",8,1,-1,,0.25,12
1185,1b9955ec-8220-11f1-b0da-2389f409459f,8,"[0, 1, 1, 1, 1, 0, 1, 1, 1, 1, 0, 1]",9,1,-1,,0.25,12
1186,1b9955ec-8220-11f1-b0da-2389f409459f,8,"[0, 1, 1, 1, 1, 0, 1, 1, 1, 1, 0, 1]",10,0,0,,0.25,12
1187,1b9955ec-8220-11f1-b0da-2389f409459f,8,"[0, 1, 1, 1, 1, 0, 1, 1, 1, 1, 0, 1]",11,1,-1,,0.25,12
1188,1b9955ec-8220-11f1-b0da-2389f409459f,9,"[1, 1, 0, 0, 0, 1, 0, 0, 0, 0, 0, 1]",0,1,-1,,0.25,12
1189,1b9955ec-8220-11f1-b0da-2389f409459f,9,"[1, 1, 0, 0, 0, 1, 0, 0, 0, 0, 0, 1]",1,1,-1,,0.25,12
1190,1b9955ec-8220-11f1-b0da-2389f409459f,9,"[1, 1, 0, 0, 0, 1, 0, 0, 0, 0, 0, 1]",2,0,0,,0.25,12
1191,1b9955ec-8220-11f1-b0da-2389f409459f,9,"[1, 1, 0, 0, 0, 1, 0, 0, 0, 0, 0, 1]",3,0,0,,0.25,12
1192,1b9955ec-8220-11f1-b0da-2389f409459f,9,"[1, 1, 0, 0, 0, 1, 0, 0, 0, 0, 0, 1]",4,0,0,,0.25,12
1193,1b9955ec-8220-11f1-b0da-2389f409459f,9,"[1, 1, 0, 0, 0, 1, 0, 0, 0, 0, 0, 1]",5,1,-1,,0.25,12
1194,1b9955ec-8220-11f1-b0da-2389f409459f,9,"[1, 1, 0, 0, 0, 1, 0, 0, 0, 0, 0, 1]",6,0,0,,0.25,12
1195,1b9955ec-8220-11f1-b0da-2389f409459f,9,"[1, 1, 0, 0, 0, 1, 0, 0, 0, 0, 0, 1]",7,0,0,,0.25,12
1196,1b9955ec-8220-11f1-b0da-2389f409459f,9,"[1, 1, 0, 0, 0, 1, 0, 0, 0, 0, 0, 1]",8,0,0,,0.25,12
1197,1b9955ec-8220-11f1-b0da-2389f409459f,9,"[1, 1, 0, 0, 0, 1, 0, 0, 0, 0, 0, 1]",9,0,0,,0.25,12
1198,1b9955ec-8220-11f1-b0da-2389f409459f,9,"[1, 1, 0, 0, 0, 1, 0, 0, 0, 0, 0, 1]",10,0,0,,0.25,12
1199,1b9955ec-8220-11f1-b0da-2389f409459f,9,"[1, 1, 0, 0, 0, 1, 0, 0, 0, 0, 0, 1]",11,1,-1,,0.25,12
