,id_sim,round,attendance,id_player,decision,score,model,threshold,num_agents
0,1b598688-8220-11f1-b0da-2389f409459f,0,"[0, 0, 1, 1, 0, 0, 1, 1, 0, 1, 1]",0,0,0,,0.6363636363636364,11
1,1b598688-8220-11f1-b0da-2389f409459f,0,"[0, 0, 1, 1, 0, 0, 1, 1, 0, 1, 1]",1,0,0,,0.6363636363636364,11
2,1b598688-8220-11f1-b0da-2389f409459f,0,"[0, 0, 1, 1, 0, 0, 1, 1, 0, 1, 1]",2,1,1,,0.6363636363636364,11
3,1b598688-8220-11f1-b0da-2389f409459f,0,"[0, 0, 1, 1, 0, 0, 1, 1, 0, 1, 1]",3,1,1,,0.6363636363636364,11
4,1b598688-8220-11f1-b0da-2389f409459f,0,"[0, 0, 1, 1, 0, 0, 1, 1, 0, 1, 1]",4,0,0,,0.6363636363636364,11
5,1b598688-8220-11f1-b0da-2389f409459f,0,"[0, 0, 1, 1, 0, 0, 1, 1, 0, 1, 1]",5,0,0,,0.6363636363636364,11
6,1b598688-8220-11f1-b0da-2389f409459f,0,"[0, 0, 1, 1, 0, 0, 1, 1, 0, 1, 1]",6,1,1,,0.6363636363636364,11
7,1b598688-8220-11f1-b0da-2389f409459f,0,"[0, 0, 1, 1, 0, 0, 1, 1, 0, 1, 1]",7,1,1,,0.6363636363636364,11
8,1b598688-8220-11f1-b0da-2389f409459f,0,"[0, 0, 1, 1, 0, 0, 1, 1, 0, 1, 1]",8,0,0,,0.6363636363636364,11
9,1b598688-8220-11f1-b0da-2389f409459f,0,"[0, 0, 1, 1, 0, 0, 1, 1, 0, 1, 1]",9,1,1,,0.6363636363636364,11
10,1b598688-8220-11f1-b0da-2389f409459f,0,"[0, 0, 1, 1, 0, 0, 1, 1, 0, 1, 1]",10,1,1,,0.6363636363636364,11
11,1b598688-8220-11f1-b0da-2389f409459f,1,"[0, 0, 0, 1, 0, 1, 1, 0, 0, 1, 1]",0,0,0,,0.6363636363636364,11
12,1b598688-8220-11f1-b0da-2389f409459f,1,"[0, 0, 0, 1, 0, 1, 1, 0, 0, 1, 1]",1,0,0,,0.6363636363636364,11
13,1b598688-8220-11f1-b0da-2389f409459f,1,"[0, 0, 0, 1, 0, 1, 1, 0, 0, 1, 1]",2,0,0,,0.6363636363636364,11
14,1b598688-8220-11f1-b0da-2389f409459f,1,"[0, 0, 0, 1, 0, 1, 1, 0, 0, 1, 1]",3,1,1,,0.6363636363636364,11
15,1b598688-8220-11f1-b0da-2389f409459f,1,"[0, 0, 0, 1, 0, 1, 1, 0, 0, 1, 1]",4,0,0,,0.6363636363636364,11
16,1b598688-8220-11f1-b0da-2389f409459f,1,"[0, 0, 0, 1, 0, 1, 1, 0, 0, 1, 1]",5,1,1,,0.6363636363636364,11
17,1b598688-8220-11f1-b0da-2389f409459f,1,"[0, 0, 0, 1, 0, 1, 1, 0, 0, 1, 1]",6,1,1,,0.6363636363636364,11
18,1b598688-8220-11f1-b0da-2389f409459f,1,"[0, 0, 0, 1, 0, 1, 1, 0, 0, 1, 1]",7,0,0,,0.6363636363636364,11
19,1b598688-8220-11f1-b0da-2389f409459f,1,"[0, 0, 0, 1, 0, 1, 1, 0, 0, 1, 1]",8,0,0,,0.6363636363636364,11
20,1b598688-8220-11f1-b0da-2389f409459f,1,"[0, 0, 0, 1, 0, 1, 1, 0, 0, 1, 1]",9,1,1,,0.6363636363636364,11
21,1b598688-8220-11f1-b0da-2389f409459f,1,"[0, 0, 0, 1, 0, 1, 1, 0, 0, 1, 1]",10,1,1,,0.6363636363636364,11
22,1b598688-8220-11f1-b0da-2389f409459f,2,"[1, 0, 0, 0, 1, 0, 0, 0, 1, 0, 1]",0,1,1,,0.6363636363636364,11
23,1b598688-8220-11f1-b0da-2389f409459f,2,"[1, 0, 0, 0, 1, 0, 0, 0, 1, 0, 1]",1,0,0,,0.6363636363636364,11
24,1b598688-8220-11f1-b0da-2389f409459f,2,"[1, 0, 0, 0, 1, 0, 0, 0, 1, 0, 1]",2,0,0,,0.6363636363636364,11
25,1b598688-8220-11f1-b0da-2389f409459f,2,"[1, 0, 0, 0, 1, 0, 0, 0, 1, 0, 1]",3,0,0,,0.6363636363636364,11
26,1b598688-8220-11f1-b0da-2389f409459f,2,"[1, 0, 0, 0, 1, 0, 0, 0, 1, 0, 1]",4,1,1,,0.6363636363636364,11
27,1b598688-8220-11f1-b0da-2389f409459f,2,"[1, 0, 0, 0, 1, 0, 0, 0, 1, 0, 1]",5,0,0,,0.6363636363636364,11
28,1b598688-8220-11f1-b0da-2389f409459f,2,"[1, 0, 0, 0, 1, 0, 0, 0, 1, 0, 1]",6,0,0,,0.6363636363636364,11
29,1b598688-8220-11f1-b0da-2389f409459f,2,"[1, 0, 0, 0, 1, 0, 0, 0, 1, 0, 1]",7,0,0,,0.6363636363636364,11
30,1b598688-8220-11f1-b0da-2389f409459f,2,"[1, 0, 0, 0, 1, 0, 0, 0, 1, 0, 1]",8,1,1,,0.6363636363636364,11
31,1b598688-8220-11f1-b0da-2389f409459f,2,"[1, 0, 0, 0, 1, 0, 0, 0, 1, 0, 1]",9,0,0,,0.6363636363636364,11
32,1b598688-8220-11f1-b0da-2389f409459f,2,"[1, 0, 0, 0, 1, 0, 0, 0, 1, 0, 1]",10,1,1,,0.6363636363636364,11
33,1b598688-8220-11f1-b0da-2389f409459f,3,"[0, 0, 1, 0, 0, 1, 1, 0, 1, 1, 1]",0,0,0,,0.6363636363636364,11
34,1b598688-8220-11f1-b0da-2389f409459f,3,"[0, 0, 1, 0, 0, 1, 1, 0, 1, 1, 1]",1,0,0,,0.6363636363636364,11
35,1b598688-8220-11f1-b0da-2389f409459f,3,"[0, 0, 1, 0, 0, 1, 1, 0, 1, 1, 1]",2,1,1,,0.6363636363636364,11
36,1b598688-8220-11f1-b0da-2389f409459f,3,"[0, 0, 1, 0, 0, 1, 1, 0, 1, 1, 1]",3,0,0,,0.6363636363636364,11
37,1b598688-8220-11f1-b0da-2389f409459f,3,"[0, 0, 1, 0, 0, 1, 1, 0, 1, 1, 1]",4,0,0,,0.6363636363636364,11
38,1b598688-8220-11f1-b0da-2389f409459f,3,"[0, 0, 1, 0, 0, 1, 1, 0, 1, 1, 1]",5,1,1,,0.6363636363636364,11
39,1b598688-8220-11f1-b0da-2389f409459f,3,"[0, 0, 1, 0, 0, 1, 1, 0, 1, 1, 1]",6,1,1,,0.6363636363636364,11
40,1b598688-8220-11f1-b0da-2389f409459f,3,"[0, 0, 1, 0, 0, 1, 1, 0, 1, 1, 1]",7,0,0,,0.6363636363636364,11
41,1b598688-8220-11f1-b0da-2389f409459f,3,"[0, 0, 1, 0, 0, 1, 1, 0, 1, 1, 1]",8,1,1,,0.6363636363636364,11
42,1b598688-8220-11f1-b0da-2389f409459f,3,"[0, 0, 1, 0, 0, 1, 1, 0, 1, 1, 1]",9,1,1,,0.6363636363636364,11
43,1b598688-8220-11f1-b0da-2389f409459f,3,"[0, 0, 1, 0, 0, 1, 1, 0, 1, 1, 1]",10,1,1,,0.6363636363636364,11
44,1b598688-8220-11f1-b0da-2389f409459f,4,"[1, 0, 1, 0, 1, 0, 1, 0, 0, 1, 1]",0,1,1,,0.6363636363636364,11
45,1b598688-8220-11f1-b0da-2389f409459f,4,"[1, 0, 1, 0, 1, 0, 1, 0, 0, 1, 1]",1,0,0,,0.6363636363636364,11
46,1b598688-8220-11f1-b0da-2389f409459f,4,"[1, 0, 1, 0, 1, 0, 1, 0, 0, 1, 1]",2,1,1,,0.6363636363636364,11
47,1b598688-8220-11f1-b0da-2389f409459f,4,"[1, 0, 1, 0, 1, 0, 1, 0, 0, 1, 1]",3,0,0,,0.6363636363636364,11
48,1b598688-8220-11f1-b0da-2389f409459f,4,"[1, 0, 1, 0, 1, 0, 1, 0, 0, 1, 1]",4,1,1,,0.6363636363636364,11
49,1b598688-8220-11f1-b0da-2389f409459f,4,"[1, 0, 1, 0, 1, 0, 1, 0, 0, 1, 1]",5,0,0,,0.6363636363636364,11
50,1b598688-8220-11f1-b0da-2389f409459f,4,"[1, 0, 1, 0, 1, 0, 1, 0, 0, 1, 1]",6,1,1,,0.6363636363636364,11
51,1b598688-8220-11f1-b0da-2389f409459f,4,"[1, 0, 1, 0, 1, 0, 1, 0, 0, 1, 1]",7,0,0,,0.6363636363636364,11
52,1b598688-8220-11f1-b0da-2389f409459f,4,"[1, 0, 1, 0, 1, 0, 1, 0, 0, 1, 1]",8,0,0,,0.6363636363636364,11
53,1b598688-8220-11f1-b0da-2389f409459f,4,"[1, 0, 1, 0, 1, 0, 1, 0, 0, 1, 1]",9,1,1,,0.6363636363636364,11
54,1b598688-8220-11f1-b0da-2389f409459f,4,"[1, 0, 1, 0, 1, 0, 1, 0, 0, 1, 1]",10,1,1,,0.6363636363636364,11
55,1b598688-8220-11f1-b0da-2389f409459f,5,"[0, 0, 0, 1, 1, 0, 1, 0, 1, 1, 1]",0,0,0,,0.6363636363636364,11
56,1b598688-8220-11f1-b0da-2389f409459f,5,"[0, 0, 0, 1, 1, 0, 1, 0, 1, 1, 1]",1,0,0,,0.6363636363636364,11
57,1b598688-8220-11f1-b0da-2389f409459f,5,"[0, 0, 0, 1, 1, 0, 1, 0, 1, 1, 1]",2,0,0,,0.6363636363636364,11
58,1b598688-8220-11f1-b0da-2389f409459f,5,"[0, 0, 0, 1, 1, 0, 1, 0, 1, 1, 1]",3,1,1,,0.6363636363636364,11
59,1b598688-8220-11f1-b0da-2389f409459f,5,"[0, 0, 0, 1, 1, 0, 1, 0, 1, 1, 1]",4,1,1,,0.6363636363636364,11
60,1b598688-8220-11f1-b0da-2389f409459f,5,"[0, 0, 0, 1, 1, 0, 1, 0, 1, 1, 1]",5,0,0,,0.6363636363636364,11
61,1b598688-8220-11f1-b0da-2389f409459f,5,"[0, 0, 0, 1, 1, 0, 1, 0, 1, 1, 1]",6,1,1,,0.6363636363636364,11
62,1b598688-8220-11f1-b0da-2389f409459f,5,"[0, 0, 0, 1, 1, 0, 1, 0, 1, 1, 1]",7,0,0,,0.6363636363636364,11
63,1b598688-8220-11f1-b0da-2389f409459f,5,"[0, 0, 0, 1, 1, 0, 1, 0, 1, 1, 1]",8,1,1,,0.6363636363636364,11
64,1b598688-8220-11f1-b0da-2389f409459f,5,"[0, 0, 0, 1, 1, 0, 1, 0, 1, 1, 1]",9,1,1,,0.6363636363636364,11
65,1b598688-8220-11f1-b0da-2389f409459f,5,"[0, 0, 0, 1, 1, 0, 1, 0, 1, 1, 1]",10,1,1,,0.6363636363636364,11
66,1b598688-8220-11f1-b0da-2389f409459f,6,"[1, 0, 1, 1, 1, 0, 1, 0, 0, 1, 1]",0,1,1,,0.6363636363636364,11
67,1b598688-8220-11f1-b0da-2389f409459f,6,"[1, 0, 1, 1, 1, 0, 1, 0, 0, 1, 1]",1,0,0,,0.6363636363636364,11
68,1b598688-8220-11f1-b0da-2389f409459f,6,"[1, 0, 1, 1, 1, 0, 1, 0, 0, 1, 1]",2,1,1,,0.6363636363636364,11
69,1b598688-8220-11f1-b0da-2389f409459f,6,"[1, 0, 1, 1, 1, 0, 1, 0, 0, 1, 1]",3,1,1,,0.6363636363636364,11
70,1b598688-8220-11f1-b0da-2389f409459f,6,"[1, 0, 1, 1, 1, 0, 1, 0, 0, 1, 1]",4,1,1,,0.6363636363636364,11
71,1b598688-8220-11f1-b0da-2389f409459f,6,"[1, 0, 1, 1, 1, 0, 1, 0, 0, 1, 1]",5,0,0,,0.6363636363636364,11
72,1b598688-8220-11f1-b0da-2389f409459f,6,"[1, 0, 1, 1, 1, 0, 1, 0, 0, 1, 1]",6,1,1,,0.6363636363636364,11
73,1b598688-8220-11f1-b0da-2389f409459f,6,"[1, 0, 1, 1, 1, 0, 1, 0, 0, 1, 1]",7,0,0,,0.6363636363636364,11
74,1b598688-8220-11f1-b0da-2389f409459f,6,"[1, 0, 1, 1, 1, 0, 1, 0, 0, 1, 1]",8,0,0,,0.6363636363636364,11
75,1b598688-8220-11f1-b0da-2389f409459f,6,"[1, 0, 1, 1, 1, 0, 1, 0, 0, 1, 1]",9,1,1,,0.6363636363636364,11
76,1b598688-8220-11f1-b0da-2389f409459f,6,"[1, 0, 1, 1, 1, 0, 1, 0, 0, 1, 1]",10,1,1,,0.6363636363636364,11
77,1b598688-8220-11f1-b0da-2389f409459f,7,"[1, 1, 1, 1, 0, 0, 0, 1, 1, 1, 0]",0,1,1,,0.6363636363636364,11
78,1b598688-8220-11f1-b0da-2389f409459f,7,"[1, 1, 1, 1, 0, 0, 0, 1, 1, 1, 0]",1,1,1,,0.6363636363636364,11
79,1b598688-8220-11f1-b0da-2389f409459f,7,"[1, 1, 1, 1, 0, 0, 0, 1, 1, 1, 0]",2,1,1,,0.6363636363636364,11
80,1b598688-8220-11f1-b0da-2389f409459f,7,"[1, 1, 1, 1, 0, 0, 0, 1, 1, 1, 0]",3,1,1,,0.6363636363636364,11
81,1b598688-8220-11f1-b0da-2389f409459f,7,"[1, 1, 1, 1, 0, 0, 0, 1, 1, 1, 0]",4,0,0,,0.6363636363636364,11
82,1b598688-8220-11f1-b0da-2389f409459f,7,"[1, 1, 1, 1, 0, 0, 0, 1, 1, 1, 0]",5,0,0,,0.6363636363636364,11
83,1b598688-8220-11f1-b0da-2389f409459f,7,"[1, 1, 1, 1, 0, 0, 0, 1, 1, 1, 0]",6,0,0,,0.6363636363636364,11
84,1b598688-8220-11f1-b0da-2389f409459f,7,"[1, 1, 1, 1, 0, 0, 0, 1, 1, 1, 0]",7,1,1,,0.6363636363636364,11
85,1b598688-8220-11f1-b0da-2389f409459f,7,"[1, 1, 1, 1, 0, 0, 0, 1, 1, 1, 0]",8,1,1,,0.6363636363636364,11
86,1b598688-8220-11f1-b0da-2389f409459f,7,"[1, 1, 1, 1, 0, 0, 0, 1, 1, 1, 0]",9,1,1,,0.6363636363636364,11
87,1b598688-8220-11f1-b0da-2389f409459f,7,"[1, 1, 1, 1, 0, 0, 0, 1, 1, 1, 0]",10,0,0,,0.6363636363636364,11
88,1b598688-8220-11f1-b0da-2389f409459f,8,"[1, 1, 1, 0, 0, 0, 0, 0, 1, 1, 0]",0,1,1,,0.6363636363636364,11
89,1b598688-8220-11f1-b0da-2389f409459f,8,"[1, 1, 1, 0, 0, 0, 0, 0, 1, 1, 0]",1,1,1,,0.6363636363636364,11
90,1b598688-8220-11f1-b0da-2389f409459f,8,"[1, 1, 1, 0, 0, 0, 0, 0, 1, 1, 0]",2,1,1,,0.6363636363636364,11
91,1b598688-8220-11f1-b0da-2389f409459f,8,"[1, 1, 1, 0, 0, 0, 0, 0, 1, 1, 0]",3,0,0,,0.6363636363636364,11
92,1b598688-8220-11f1-b0da-2389f409459f,8,"[1, 1, 1, 0, 0, 0, 0, 0, 1, 1, 0]",4,0,0,,0.6363636363636364,11
93,1b598688-8220-11f1-b0da-2389f409459f,8,"[1, 1, 1, 0, 0, 0, 0, 0, 1, 1, 0]",5,0,0,,0.6363636363636364,11
94,1b598688-8220-11f1-b0da-2389f409459f,8,"[1, 1, 1, 0, 0, 0, 0, 0, 1, 1, 0]",6,0,0,,0.6363636363636364,11
95,1b598688-8220-11f1-b0da-2389f409459f,8,"[1, 1, 1, 0, 0, 0, 0, 0, 1, 1, 0]",7,0,0,,0.6363636363636364,11
96,1b598688-8220-11f1-b0da-2389f409459f,8,"[1, 1, 1, 0, 0, 0, 0, 0, 1, 1, 0]",8,1,1,,0.6363636363636364,11
97,1b598688-8220-11f1-b0da-2389f409459f,8,"[1, 1, 1, 0, 0, 0, 0, 0, 1, 1, 0]",9,1,1,,0.6363636363636364,11
98,1b598688-8220-11f1-b0da-2389f409459f,8,"[1, 1, 1, 0, 0, 0, 0, 0, 1, 1, 0]",10,0,0,,0.6363636363636364,11
99,1b598688-8220-11f1-b0da-2389f409459f,9,"[0, 1, 1, 1, 1, 1, 1, 0, 1, 0, 0]",0,0,0,,0.6363636363636364,11
100,1b598688-8220-11f1-b0da-2389f409459f,9,"[0, 1, 1, 1, 1, 1, 1, 0, 1, 0, 0]",1,1,1,,0.6363636363636364,11
101,1b598688-8220-11f1-b0da-2389f409459f,9,"[0, 1, 1, 1, 1, 1, 1, 0, 1, 0, 0]",2,1,1,,0.6363636363636364,11
102,1b598688-8220-11f1-b0da-2389f409459f,9,"[0, 1, 1, 1, 1, 1, 1, 0, 1, 0, 0]",3,1,1,,0.6363636363636364,11
103,1b598688-8220-11f1-b0da-2389f409459f,9,"[0, 1, 1, 1, 1, 1, 1, 0, 1, 0, 0]",4,1,1,,0.6363636363636364,11
104,1b598688-8220-11f1-b0da-2389f409459f,9,"[0, 1, 1, 1, 1, 1, 1, 0, 1, 0, 0]",5,1,1,,0.6363636363636364,11
105,1b598688-8220-11f1-b0da-2389f409459f,9,"[0, 1, 1, 1, 1, 1, 1, 0, 1, 0, 0]",6,1,1,,0.6363636363636364,11
106,1b598688-8220-11f1-b0da-2389f409459f,9,"[0, 1, 1, 1, 1, 1, 1, 0, 1, 0, 0]",7,0,0,,0.6363636363636364,11
107,1b598688-8220-11f1-b0da-2389f409459f,9,"[0, 1, 1, 1, 1, 1, 1, 0, 1, 0, 0]",8,1,1,,0.6363636363636364,11
108,1b598688-8220-11f1-b0da-2389f409459f,9,"[0, 1, 1, 1, 1, 1, 1, 0, 1, 0, 0]",9,0,0,,0.6363636363636364,11
109,1b598688-8220-11f1-b0da-2389f409459f,9,"[0, 1, 1, 1, 1, 1, 1, 0, 1, 0, 0]",10,0,0,,0.6363636363636364,11
110,1b5b2024-8220-11f1-b0da-2389f409459f,0,"[0, 0, 0, 1, 0, 1, 0, 0, 0, 0, 0]",0,0,0,,0.6363636363636364,11
111,1b5b2024-8220-11f1-b0da-2389f409459f,0,"[0, 0, 0, 1, 0, 1, 0, 0, 0, 0, 0]",1,0,0,,0.6363636363636364,11
112,1b5b2024-8220-11f1-b0da-2389f409459f,0,"[0, 0, 0, 1, 0, 1, 0, 0, 0, 0, 0]",2,0,0,,0.6363636363636364,11
113,1b5b2024-8220-11f1-b0da-2389f409459f,0,"[0, 0, 0, 1, 0, 1, 0, 0, 0, 0, 0]",3,1,1,,0.6363636363636364,11
114,1b5b2024-8220-11f1-b0da-2389f409459f,0,"[0, 0, 0, 1, 0, 1, 0, 0, 0, 0, 0]",4,0,0,,0.6363636363636364,11
115,1b5b2024-8220-11f1-b0da-2389f409459f,0,"[0, 0, 0, 1, 0, 1, 0, 0, 0, 0, 0]",5,1,1,,0.6363636363636364,11
116,1b5b2024-8220-11f1-b0da-2389f409459f,0,"[0, 0, 0, 1, 0, 1, 0, 0, 0, 0, 0]",6,0,0,,0.6363636363636364,11
117,1b5b2024-8220-11f1-b0da-2389f409459f,0,"[0, 0, 0, 1, 0, 1, 0, 0, 0, 0, 0]",7,0,0,,0.6363636363636364,11
118,1b5b2024-8220-11f1-b0da-2389f409459f,0,"[0, 0, 0, 1, 0, 1, 0, 0, 0, 0, 0]",8,0,0,,0.6363636363636364,11
119,1b5b2024-8220-11f1-b0da-2389f409459f,0,"[0, 0, 0, 1, 0, 1, 0, 0, 0, 0, 0]",9,0,0,,0.6363636363636364,11
120,1b5b2024-8220-11f1-b0da-2389f409459f,0,"[0, 0, 0, 1, 0, 1, 0, 0, 0, 0, 0]",10,0,0,,0.6363636363636364,11
121,1b5b2024-8220-11f1-b0da-2389f409459f,1,"[1, 1, 1, 1, 1, 0, 0, 0, 1, 0, 1]",0,1,1,,0.6363636363636364,11
122,1b5b2024-8220-11f1-b0da-2389f409459f,1,"[1, 1, 1, 1, 1, 0, 0, 0, 1, 0, 1]",1,1,1,,0.6363636363636364,11
123,1b5b2024-8220-11f1-b0da-2389f409459f,1,"[1, 1, 1, 1, 1, 0, 0, 0, 1, 0, 1]",2,1,1,,0.6363636363636364,11
124,1b5b2024-8220-11f1-b0da-2389f409459f,1,"[1, 1, 1, 1, 1, 0, 0, 0, 1, 0, 1]",3,1,1,,0.6363636363636364,11
125,1b5b2024-8220-11f1-b0da-2389f409459f,1,"[1, 1, 1, 1, 1, 0, 0, 0, 1, 0, 1]",4,1,1,,0.6363636363636364,11
126,1b5b2024-8220-11f1-b0da-2389f409459f,1,"[1, 1, 1, 1, 1, 0, 0, 0, 1, 0, 1]",5,0,0,,0.6363636363636364,11
127,1b5b2024-8220-11f1-b0da-2389f409459f,1,"[1, 1, 1, 1, 1, 0, 0, 0, 1, 0, 1]",6,0,0,,0.6363636363636364,11
128,1b5b2024-8220-11f1-b0da-2389f409459f,1,"[1, 1, 1, 1, 1, 0, 0, 0, 1, 0, 1]",7,0,0,,0.6363636363636364,11
129,1b5b2024-8220-11f1-b0da-2389f409459f,1,"[1, 1, 1, 1, 1, 0, 0, 0, 1, 0, 1]",8,1,1,,0.6363636363636364,11
130,1b5b2024-8220-11f1-b0da-2389f409459f,1,"[1, 1, 1, 1, 1, 0, 0, 0, 1, 0, 1]",9,0,0,,0.6363636363636364,11
131,1b5b2024-8220-11f1-b0da-2389f409459f,1,"[1, 1, 1, 1, 1, 0, 0, 0, 1, 0, 1]",10,1,1,,0.6363636363636364,11
132,1b5b2024-8220-11f1-b0da-2389f409459f,2,"[1, 1, 0, 1, 1, 0, 0, 1, 1, 0, 0]",0,1,1,,0.6363636363636364,11
133,1b5b2024-8220-11f1-b0da-2389f409459f,2,"[1, 1, 0, 1, 1, 0, 0, 1, 1, 0, 0]",1,1,1,,0.6363636363636364,11
134,1b5b2024-8220-11f1-b0da-2389f409459f,2,"[1, 1, 0, 1, 1, 0, 0, 1, 1, 0, 0]",2,0,0,,0.6363636363636364,11
135,1b5b2024-8220-11f1-b0da-2389f409459f,2,"[1, 1, 0, 1, 1, 0, 0, 1, 1, 0, 0]",3,1,1,,0.6363636363636364,11
136,1b5b2024-8220-11f1-b0da-2389f409459f,2,"[1, 1, 0, 1, 1, 0, 0, 1, 1, 0, 0]",4,1,1,,0.6363636363636364,11
137,1b5b2024-8220-11f1-b0da-2389f409459f,2,"[1, 1, 0, 1, 1, 0, 0, 1, 1, 0, 0]",5,0,0,,0.6363636363636364,11
138,1b5b2024-8220-11f1-b0da-2389f409459f,2,"[1, 1, 0, 1, 1, 0, 0, 1, 1, 0, 0]",6,0,0,,0.6363636363636364,11
139,1b5b2024-8220-11f1-b0da-2389f409459f,2,"[1, 1, 0, 1, 1, 0, 0, 1, 1, 0, 0]",7,1,1,,0.6363636363636364,11
140,1b5b2024-8220-11f1-b0da-2389f409459f,2,"[1, 1, 0, 1, 1, 0, 0, 1, 1, 0, 0]",8,1,1,,0.6363636363636364,11
141,1b5b2024-8220-11f1-b0da-2389f409459f,2,"[1, 1, 0, 1, 1, 0, 0, 1, 1, 0, 0]",9,0,0,,0.6363636363636364,11
142,1b5b2024-8220-11f1-b0da-2389f409459f,2,"[1, 1, 0, 1, 1, 0, 0, 1, 1, 0, 0]",10,0,0,,0.6363636363636364,11
143,1b5b2024-8220-11f1-b0da-2389f409459f,3,"[0, 0, 0, 1, 1, 0, 1, 0, 0, 0, 1]",0,0,0,,0.6363636363636364,11
144,1b5b2024-8220-11f1-b0da-2389f409459f,3,"[0, 0, 0, 1, 1, 0, 1, 0, 0, 0, 1]",1,0,0,,0.6363636363636364,11
145,1b5b2024-8220-11f1-b0da-2389f409459f,3,"[0, 0, 0, 1, 1, 0, 1, 0, 0, 0, 1]",2,0,0,,0.6363636363636364,11
146,1b5b2024-8220-11f1-b0da-2389f409459f,3,"[0, 0, 0, 1, 1, 0, 1, 0, 0, 0, 1]",3,1,1,,0.6363636363636364,11
147,1b5b2024-8220-11f1-b0da-2389f409459f,3,"[0, 0, 0, 1, 1, 0, 1, 0, 0, 0, 1]",4,1,1,,0.6363636363636364,11
148,1b5b2024-8220-11f1-b0da-2389f409459f,3,"[0, 0, 0, 1, 1, 0, 1, 0, 0, 0, 1]",5,0,0,,0.6363636363636364,11
149,1b5b2024-8220-11f1-b0da-2389f409459f,3,"[0, 0, 0, 1, 1, 0, 1, 0, 0, 0, 1]",6,1,1,,0.6363636363636364,11
150,1b5b2024-8220-11f1-b0da-2389f409459f,3,"[0, 0, 0, 1, 1, 0, 1, 0, 0, 0, 1]",7,0,0,,0.6363636363636364,11
151,1b5b2024-8220-11f1-b0da-2389f409459f,3,"[0, 0, 0, 1, 1, 0, 1, 0, 0, 0, 1]",8,0,0,,0.6363636363636364,11
152,1b5b2024-8220-11f1-b0da-2389f409459f,3,"[0, 0, 0, 1, 1, 0, 1, 0, 0, 0, 1]",9,0,0,,0.6363636363636364,11
153,1b5b2024-8220-11f1-b0da-2389f409459f,3,"[0, 0, 0, 1, 1, 0, 1, 0, 0, 0, 1]",10,1,1,,0.6363636363636364,11
154,1b5b2024-8220-11f1-b0da-2389f409459f,4,"[1, 0, 1, 1, 1, 0, 0, 0, 0, 0, 0]",0,1,1,,0.6363636363636364,11
155,1b5b2024-8220-11f1-b0da-2389f409459f,4,"[1, 0, 1, 1, 1, 0, 0, 0, 0, 0, 0]",1,0,0,,0.6363636363636364,11
156,1b5b2024-8220-11f1-b0da-2389f409459f,4,"[1, 0, 1, 1, 1, 0, 0, 0, 0, 0, 0]",2,1,1,,0.6363636363636364,11
157,1b5b2024-8220-11f1-b0da-2389f409459f,4,"[1, 0, 1, 1, 1, 0, 0, 0, 0, 0, 0]",3,1,1,,0.6363636363636364,11
158,1b5b2024-8220-11f1-b0da-2389f409459f,4,"[1, 0, 1, 1, 1, 0, 0, 0, 0, 0, 0]",4,1,1,,0.6363636363636364,11
159,1b5b2024-8220-11f1-b0da-2389f409459f,4,"[1, 0, 1, 1, 1, 0, 0, 0, 0, 0, 0]",5,0,0,,0.6363636363636364,11
160,1b5b2024-8220-11f1-b0da-2389f409459f,4,"[1, 0, 1, 1, 1, 0, 0, 0, 0, 0, 0]",6,0,0,,0.6363636363636364,11
161,1b5b2024-8220-11f1-b0da-2389f409459f,4,"[1, 0, 1, 1, 1, 0, 0, 0, 0, 0, 0]",7,0,0,,0.6363636363636364,11
162,1b5b2024-8220-11f1-b0da-2389f409459f,4,"[1, 0, 1, 1, 1, 0, 0, 0, 0, 0, 0]",8,0,0,,0.6363636363636364,11
163,1b5b2024-8220-11f1-b0da-2389f409459f,4,"[1, 0, 1, 1, 1, 0, 0, 0, 0, 0, 0]",9,0,0,,0.6363636363636364,11
164,1b5b2024-8220-11f1-b0da-2389f409459f,4,"[1, 0, 1, 1, 1, 0, 0, 0, 0, 0, 0]",10,0,0,,0.6363636363636364,11
165,1b5b2024-8220-11f1-b0da-2389f409459f,5,"[0, 1, 1, 1, 1, 0, 1, 0, 0, 0, 0]",0,0,0,,0.6363636363636364,11
166,1b5b2024-8220-11f1-b0da-2389f409459f,5,"[0, 1, 1, 1, 1, 0, 1, 0, 0, 0, 0]",1,1,1,,0.6363636363636364,11
167,1b5b2024-8220-11f1-b0da-2389f409459f,5,"[0, 1, 1, 1, 1, 0, 1, 0, 0, 0, 0]",2,1,1,,0.6363636363636364,11
168,1b5b2024-8220-11f1-b0da-2389f409459f,5,"[0, 1, 1, 1, 1, 0, 1, 0, 0, 0, 0]",3,1,1,,0.6363636363636364,11
169,1b5b2024-8220-11f1-b0da-2389f409459f,5,"[0, 1, 1, 1, 1, 0, 1, 0, 0, 0, 0]",4,1,1,,0.6363636363636364,11
170,1b5b2024-8220-11f1-b0da-2389f409459f,5,"[0, 1, 1, 1, 1, 0, 1, 0, 0, 0, 0]",5,0,0,,0.6363636363636364,11
171,1b5b2024-8220-11f1-b0da-2389f409459f,5,"[0, 1, 1, 1, 1, 0, 1, 0, 0, 0, 0]",6,1,1,,0.6363636363636364,11
172,1b5b2024-8220-11f1-b0da-2389f409459f,5,"[0, 1, 1, 1, 1, 0, 1, 0, 0, 0, 0]",7,0,0,,0.6363636363636364,11
173,1b5b2024-8220-11f1-b0da-2389f409459f,5,"[0, 1, 1, 1, 1, 0, 1, 0, 0, 0, 0]",8,0,0,,0.6363636363636364,11
174,1b5b2024-8220-11f1-b0da-2389f409459f,5,"[0, 1, 1, 1, 1, 0, 1, 0, 0, 0, 0]",9,0,0,,0.6363636363636364,11
175,1b5b2024-8220-11f1-b0da-2389f409459f,5,"[0, 1, 1, 1, 1, 0, 1, 0, 0, 0, 0]",10,0,0,,0.6363636363636364,11
176,1b5b2024-8220-11f1-b0da-2389f409459f,6,"[1, 0, 0, 1, 0, 1, 1, 0, 0, 0, 0]",0,1,1,,0.6363636363636364,11
177,1b5b2024-8220-11f1-b0da-2389f409459f,6,"[1, 0, 0, 1, 0, 1, 1, 0, 0, 0, 0]",1,0,0,,0.6363636363636364,11
178,1b5b2024-8220-11f1-b0da-2389f409459f,6,"[1, 0, 0, 1, 0, 1, 1, 0, 0, 0, 0]",2,0,0,,0.6363636363636364,11
179,1b5b2024-8220-11f1-b0da-2389f409459f,6,"[1, 0, 0, 1, 0, 1, 1, 0, 0, 0, 0]",3,1,1,,0.6363636363636364,11
180,1b5b2024-8220-11f1-b0da-2389f409459f,6,"[1, 0, 0, 1, 0, 1, 1, 0, 0, 0, 0]",4,0,0,,0.6363636363636364,11
181,1b5b2024-8220-11f1-b0da-2389f409459f,6,"[1, 0, 0, 1, 0, 1, 1, 0, 0, 0, 0]",5,1,1,,0.6363636363636364,11
182,1b5b2024-8220-11f1-b0da-2389f409459f,6,"[1, 0, 0, 1, 0, 1, 1, 0, 0, 0, 0]",6,1,1,,0.6363636363636364,11
183,1b5b2024-8220-11f1-b0da-2389f409459f,6,"[1, 0, 0, 1, 0, 1, 1, 0, 0, 0, 0]",7,0,0,,0.6363636363636364,11
184,1b5b2024-8220-11f1-b0da-2389f409459f,6,"[1, 0, 0, 1, 0, 1, 1, 0, 0, 0, 0]",8,0,0,,0.6363636363636364,11
185,1b5b2024-8220-11f1-b0da-2389f409459f,6,"[1, 0, 0, 1, 0, 1, 1, 0, 0, 0, 0]",9,0,0,,0.6363636363636364,11
186,1b5b2024-8220-11f1-b0da-2389f409459f,6,"[1, 0, 0, 1, 0, 1, 1, 0, 0, 0, 0]",10,0,0,,0.6363636363636364,11
187,1b5b2024-8220-11f1-b0da-2389f409459f,7,"[1, 0, 0, 1, 0, 0, 0, 1, 1, 1, 0]",0,1,1,,0.6363636363636364,11
188,1b5b2024-8220-11f1-b0da-2389f409459f,7,"[1, 0, 0, 1, 0, 0, 0, 1, 1, 1, 0]",1,0,0,,0.6363636363636364,11
189,1b5b2024-8220-11f1-b0da-2389f409459f,7,"[1, 0, 0, 1, 0, 0, 0, 1, 1, 1, 0]",2,0,0,,0.6363636363636364,11
190,1b5b2024-8220-11f1-b0da-2389f409459f,7,"[1, 0, 0, 1, 0, 0, 0, 1, 1, 1, 0]",3,1,1,,0.6363636363636364,11
191,1b5b2024-8220-11f1-b0da-2389f409459f,7,"[1, 0, 0, 1, 0, 0, 0, 1, 1, 1, 0]",4,0,0,,0.6363636363636364,11
192,1b5b2024-8220-11f1-b0da-2389f409459f,7,"[1, 0, 0, 1, 0, 0, 0, 1, 1, 1, 0]",5,0,0,,0.6363636363636364,11
193,1b5b2024-8220-11f1-b0da-2389f409459f,7,"[1, 0, 0, 1, 0, 0, 0, 1, 1, 1, 0]",6,0,0,,0.6363636363636364,11
194,1b5b2024-8220-11f1-b0da-2389f409459f,7,"[1, 0, 0, 1, 0, 0, 0, 1, 1, 1, 0]",7,1,1,,0.6363636363636364,11
195,1b5b2024-8220-11f1-b0da-2389f409459f,7,"[1, 0, 0, 1, 0, 0, 0, 1, 1, 1, 0]",8,1,1,,0.6363636363636364,11
196,1b5b2024-8220-11f1-b0da-2389f409459f,7,"[1, 0, 0, 1, 0, 0, 0, 1, 1, 1, 0]",9,1,1,,0.6363636363636364,11
197,1b5b2024-8220-11f1-b0da-2389f409459f,7,"[1, 0, 0, 1, 0, 0, 0, 1, 1, 1, 0]",10,0,0,,0.6363636363636364,11
198,1b5b2024-8220-11f1-b0da-2389f409459f,8,"[1, 1, 1, 1, 1, 1, 1, 1, 0, 1, 1]",0,1,-1,,0.6363636363636364,11
199,1b5b2024-8220-11f1-b0da-2389f409459f,8,"[1, 1, 1, 1, 1, 1, 1, 1, 0, 1, 1]",1,1,-1,,0.6363636363636364,11
200,1b5b2024-8220-11f1-b0da-2389f409459f,8,"[1, 1, 1, 1, 1, 1, 1, 1, 0, 1, 1]",2,1,-1,,0.6363636363636364,11
201,1b5b2024-8220-11f1-b0da-2389f409459f,8,"[1, 1, 1, 1, 1, 1, 1, 1, 0, 1, 1]",3,1,-1,,0.6363636363636364,11
202,1b5b2024-8220-11f1-b0da-2389f409459f,8,"[1, 1, 1, 1, 1, 1, 1, 1, 0, 1, 1]",4,1,-1,,0.6363636363636364,11
203,1b5b2024-8220-11f1-b0da-2389f409459f,8,"[1, 1, 1, 1, 1, 1, 1, 1, 0, 1, 1]",5,1,-1,,0.6363636363636364,11
204,1b5b2024-8220-11f1-b0da-2389f409459f,8,"[1, 1, 1, 1, 1, 1, 1, 1, 0, 1, 1]",6,1,-1,,0.6363636363636364,11
205,1b5b2024-8220-11f1-b0da-2389f409459f,8,"[1, 1, 1, 1, 1, 1, 1, 1, 0, 1, 1]",7,1,-1,,0.6363636363636364,11
206,1b5b2024-8220-11f1-b0da-2389f409459f,8,"[1, 1, 1, 1, 1, 1, 1, 1, 0, 1, 1]",8,0,0,,0.6363636363636364,11
207,1b5b2024-8220-11f1-b0da-2389f409459f,8,"[1, 1, 1, 1, 1, 1, 1, 1, 0, 1, 1]",9,1,-1,,0.6363636363636364,11
208,1b5b2024-8220-11f1-b0da-2389f409459f,8,"[1, 1, 1, 1, 1, 1, 1, 1, 0, 1, 1]",10,1,-1,,0.6363636363636364,11
209,1b5b2024-8220-11f1-b0da-2389f409459f,9,"[1, 1, 0, 1, 1, 0, 0, 1, 0, 1, 0]",0,1,1,,0.6363636363636364,11
210,1b5b2024-8220-11f1-b0da-2389f409459f,9,"[1, 1, 0, 1, 1, 0, 0, 1, 0, 1, 0]",1,1,1,,0.6363636363636364,11
211,1b5b2024-8220-11f1-b0da-2389f409459f,9,"[1, 1, 0, 1, 1, 0, 0, 1, 0, 1, 0]",2,0,0,,0.6363636363636364,11
212,1b5b2024-8220-11f1-b0da-2389f409459f,9,"[1, 1, 0, 1, 1, 0, 0, 1, 0, 1, 0]",3,1,1,,0.6363636363636364,11
213,1b5b2024-8220-11f1-b0da-2389f409459f,9,"[1, 1, 0, 1, 1, 0, 0, 1, 0, 1, 0]",4,1,1,,0.6363636363636364,11
214,1b5b2024-8220-11f1-b0da-2389f409459f,9,"[1, 1, 0, 1, 1, 0, 0, 1, 0, 1, 0]",5,0,0,,0.6363636363636364,11
215,1b5b2024-8220-11f1-b0da-2389f409459f,9,"[1, 1, 0, 1, 1, 0, 0, 1, 0, 1, 0]",6,0,0,,0.6363636363636364,11
216,1b5b2024-8220-11f1-b0da-2389f409459f,9,"[1, 1, 0, 1, 1, 0, 0, 1, 0, 1, 0]",7,1,1,,0.6363636363636364,11
217,1b5b2024-8220-11f1-b0da-2389f409459f,9,"[1, 1, 0, 1, 1, 0, 0, 1, 0, 1, 0]",8,0,0,,0.6363636363636364,11
218,1b5b2024-8220-11f1-b0da-2389f409459f,9,"[1, 1, 0, 1, 1, 0, 0, 1, 0, 1, 0]",9,1,1,,0.6363636363636364,11
219,1b5b2024-8220-11f1-b0da-2389f409459f,9,"[1, 1, 0, 1, 1, 0, 0, 1, 0, 1, 0]",10,0,0,,0.6363636363636364,11
220,1b5c3d92-8220-11f1-b0da-2389f409459f,0,"[0, 1, 1, 0, 1, 1, 0, 1, 0, 1, 0]",0,0,0,,0.6363636363636364,11
221,1b5c3d92-8220-11f1-b0da-2389f409459f,0,"[0, 1, 1, 0, 1, 1, 0, 1, 0, 1, 0]",1,1,1,,0.6363636363636364,11
222,1b5c3d92-8220-11f1-b0da-2389f409459f,0,"[0, 1, 1, 0, 1, 1, 0, 1, 0, 1, 0]",2,1,1,,0.6363636363636364,11
223,1b5c3d92-8220-11f1-b0da-2389f409459f,0,"[0, 1, 1, 0, 1, 1, 0, 1, 0, 1, 0]",3,0,0,,0.6363636363636364,11
224,1b5c3d92-8220-11f1-b0da-2389f409459f,0,"[0, 1, 1, 0, 1, 1, 0, 1, 0, 1, 0]",4,1,1,,0.6363636363636364,11
225,1b5c3d92-8220-11f1-b0da-2389f409459f,0,"[0, 1, 1, 0, 1, 1, 0, 1, 0, 1, 0]",5,1,1,,0.6363636363636364,11
226,1b5c3d92-8220-11f1-b0da-2389f409459f,0,"[0, 1, 1, 0, 1, 1, 0, 1, 0, 1, 0]",6,0,0,,0.6363636363636364,11
227,1b5c3d92-8220-11f1-b0da-2389f409459f,0,"[0, 1, 1, 0, 1, 1, 0, 1, 0, 1, 0]",7,1,1,,0.6363636363636364,11
228,1b5c3d92-8220-11f1-b0da-2389f409459f,0,"[0, 1, 1, 0, 1, 1, 0, 1, 0, 1, 0]",8,0,0,,0.6363636363636364,11
229,1b5c3d92-8220-11f1-b0da-2389f409459f,0,"[0, 1, 1, 0, 1, 1, 0, 1, 0, 1, 0]",9,1,1,,0.6363636363636364,11
230,1b5c3d92-8220-11f1-b0da-2389f409459f,0,"[0, 1, 1, 0, 1, 1, 0, 1, 0, 1, 0]",10,0,0,,0.6363636363636364,11
231,1b5c3d92-8220-11f1-b0da-2389f409459f,1,"[0, 1, 1, 0, 1, 0, 0, 0, 0, 1, 1]",0,0,0,,0.6363636363636364,11
232,1b5c3d92-8220-11f1-b0da-2389f409459f,1,"[0, 1, 1, 0, 1, 0, 0, 0, 0, 1, 1]",1,1,1,,0.6363636363636364,11
233,1b5c3d92-8220-11f1-b0da-2389f409459f,1,"[0, 1, 1, 0, 1, 0, 0, 0, 0, 1, 1]",2,1,1,,0.6363636363636364,11
234,1b5c3d92-8220-11f1-b0da-2389f409459f,1,"[0, 1, 1, 0, 1, 0, 0, 0, 0, 1, 1]",3,0,0,,0.6363636363636364,11
235,1b5c3d92-8220-11f1-b0da-2389f409459f,1,"[0, 1, 1, 0, 1, 0, 0, 0, 0, 1, 1]",4,1,1,,0.6363636363636364,11
236,1b5c3d92-8220-11f1-b0da-2389f409459f,1,"[0, 1, 1, 0, 1, 0, 0, 0, 0, 1, 1]",5,0,0,,0.6363636363636364,11
237,1b5c3d92-8220-11f1-b0da-2389f409459f,1,"[0, 1, 1, 0, 1, 0, 0, 0, 0, 1, 1]",6,0,0,,0.6363636363636364,11
238,1b5c3d92-8220-11f1-b0da-2389f409459f,1,"[0, 1, 1, 0, 1, 0, 0, 0, 0, 1, 1]",7,0,0,,0.6363636363636364,11
239,1b5c3d92-8220-11f1-b0da-2389f409459f,1,"[0, 1, 1, 0, 1, 0, 0, 0, 0, 1, 1]",8,0,0,,0.6363636363636364,11
240,1b5c3d92-8220-11f1-b0da-2389f409459f,1,"[0, 1, 1, 0, 1, 0, 0, 0, 0, 1, 1]",9,1,1,,0.6363636363636364,11
241,1b5c3d92-8220-11f1-b0da-2389f409459f,1,"[0, 1, 1, 0, 1, 0, 0, 0, 0, 1, 1]",10,1,1,,0.6363636363636364,11
242,1b5c3d92-8220-11f1-b0da-2389f409459f,2,"[0, 1, 1, 1, 1, 0, 1, 1, 1, 0, 1]",0,0,0,,0.6363636363636364,11
243,1b5c3d92-8220-11f1-b0da-2389f409459f,2,"[0, 1, 1, 1, 1, 0, 1, 1, 1, 0, 1]",1,1,-1,,0.6363636363636364,11
244,1b5c3d92-8220-11f1-b0da-2389f409459f,2,"[0, 1, 1, 1, 1, 0, 1, 1, 1, 0, 1]",2,1,-1,,0.6363636363636364,11
245,1b5c3d92-8220-11f1-b0da-2389f409459f,2,"[0, 1, 1, 1, 1, 0, 1, 1, 1, 0, 1]",3,1,-1,,0.6363636363636364,11
246,1b5c3d92-8220-11f1-b0da-2389f409459f,2,"[0, 1, 1, 1, 1, 0, 1, 1, 1, 0, 1]",4,1,-1,,0.6363636363636364,11
247,1b5c3d92-8220-11f1-b0da-2389f409459f,2,"[0, 1, 1, 1, 1, 0, 1, 1, 1, 0, 1]",5,0,0,,0.6363636363636364,11
248,1b5c3d92-8220-11f1-b0da-2389f409459f,2,"[0, 1, 1, 1, 1, 0, 1, 1, 1, 0, 1]",6,1,-1,,0.6363636363636364,11
249,1b5c3d92-8220-11f1-b0da-2389f409459f,2,"[0, 1, 1, 1, 1, 0, 1, 1, 1, 0, 1]",7,1,-1,,0.6363636363636364,11
250,1b5c3d92-8220-11f1-b0da-2389f409459f,2,"[0, 1, 1, 1, 1, 0, 1, 1, 1, 0, 1]",8,1,-1,,0.6363636363636364,11
251,1b5c3d92-8220-11f1-b0da-2389f409459f,2,"[0, 1, 1, 1, 1, 0, 1, 1, 1, 0, 1]",9,0,0,,0.6363636363636364,11
252,1b5c3d92-8220-11f1-b0da-2389f409459f,2,"[0, 1, 1, 1, 1, 0, 1, 1, 1, 0, 1]",10,1,-1,,0.6363636363636364,11
253,1b5c3d92-8220-11f1-b0da-2389f409459f,3,"[0, 1, 0, 0, 0, 0, 0, 0, 0, 0, 0]",0,0,0,,0.6363636363636364,11
254,1b5c3d92-8220-11f1-b0da-2389f409459f,3,"[0, 1, 0, 0, 0, 0, 0, 0, 0, 0, 0]",1,1,1,,0.6363636363636364,11
255,1b5c3d92-8220-11f1-b0da-2389f409459f,3,"[0, 1, 0, 0, 0, 0, 0, 0, 0, 0, 0]",2,0,0,,0.6363636363636364,11
256,1b5c3d92-8220-11f1-b0da-2389f409459f,3,"[0, 1, 0, 0, 0, 0, 0, 0, 0, 0, 0]",3,0,0,,0.6363636363636364,11
257,1b5c3d92-8220-11f1-b0da-2389f409459f,3,"[0, 1, 0, 0, 0, 0, 0, 0, 0, 0, 0]",4,0,0,,0.6363636363636364,11
258,1b5c3d92-8220-11f1-b0da-2389f409459f,3,"[0, 1, 0, 0, 0, 0, 0, 0, 0, 0, 0]",5,0,0,,0.6363636363636364,11
259,1b5c3d92-8220-11f1-b0da-2389f409459f,3,"[0, 1, 0, 0, 0, 0, 0, 0, 0, 0, 0]",6,0,0,,0.6363636363636364,11
260,1b5c3d92-8220-11f1-b0da-2389f409459f,3,"[0, 1, 0, 0, 0, 0, 0, 0, 0, 0, 0]",7,0,0,,0.6363636363636364,11
261,1b5c3d92-8220-11f1-b0da-2389f409459f,3,"[0, 1, 0, 0, 0, 0, 0, 0, 0, 0, 0]",8,0,0,,0.6363636363636364,11
262,1b5c3d92-8220-11f1-b0da-2389f409459f,3,"[0, 1, 0, 0, 0, 0, 0, 0, 0, 0, 0]",9,0,0,,0.6363636363636364,11
263,1b5c3d92-8220-11f1-b0da-2389f409459f,3,"[0, 1, 0, 0, 0, 0, 0, 0, 0, 0, 0]",10,0,0,,0.6363636363636364,11
264,1b5c3d92-8220-11f1-b0da-2389f409459f,4,"[1, 0, 0, 0, 0, 0, 1, 0, 1, 0, 0]",0,1,1,,0.6363636363636364,11
265,1b5c3d92-8220-11f1-b0da-2389f409459f,4,"[1, 0, 0, 0, 0, 0, 1, 0, 1, 0, 0]",1,0,0,,0.6363636363636364,11
266,1b5c3d92-8220-11f1-b0da-2389f409459f,4,"[1, 0, 0, 0, 0, 0, 1, 0, 1, 0, 0]",2,0,0,,0.6363636363636364,11
267,1b5c3d92-8220-11f1-b0da-2389f409459f,4,"[1, 0, 0, 0, 0, 0, 1, 0, 1, 0, 0]",3,0,0,,0.6363636363636364,11
268,1b5c3d92-8220-11f1-b0da-2389f409459f,4,"[1, 0, 0, 0, 0, 0, 1, 0, 1, 0, 0]",4,0,0,,0.6363636363636364,11
269,1b5c3d92-8220-11f1-b0da-2389f409459f,4,"[1, 0, 0, 0, 0, 0, 1, 0, 1, 0, 0]",5,0,0,,0.6363636363636364,11
270,1b5c3d92-8220-11f1-b0da-2389f409459f,4,"[1, 0, 0, 0, 0, 0, 1, 0, 1, 0, 0]",6,1,1,,0.6363636363636364,11
271,1b5c3d92-8220-11f1-b0da-2389f409459f,4,"[1, 0, 0, 0, 0, 0, 1, 0, 1, 0, 0]",7,0,0,,0.6363636363636364,11
272,1b5c3d92-8220-11f1-b0da-2389f409459f,4,"[1, 0, 0, 0, 0, 0, 1, 0, 1, 0, 0]",8,1,1,,0.6363636363636364,11
273,1b5c3d92-8220-11f1-b0da-2389f409459f,4,"[1, 0, 0, 0, 0, 0, 1, 0, 1, 0, 0]",9,0,0,,0.6363636363636364,11
274,1b5c3d92-8220-11f1-b0da-2389f409459f,4,"[1, 0, 0, 0, 0, 0, 1, 0, 1, 0, 0]",10,0,0,,0.6363636363636364,11
275,1b5c3d92-8220-11f1-b0da-2389f409459f,5,"[1, 1, 0, 1, 0, 0, 1, 0, 0, 1, 1]",0,1,1,,0.6363636363636364,11
276,1b5c3d92-8220-11f1-b0da-2389f409459f,5,"[1, 1, 0, 1, 0, 0, 1, 0, 0, 1, 1]",1,1,1,,0.6363636363636364,11
277,1b5c3d92-8220-11f1-b0da-2389f409459f,5,"[1, 1, 0, 1, 0, 0, 1, 0, 0, 1, 1]",2,0,0,,0.6363636363636364,11
278,1b5c3d92-8220-11f1-b0da-2389f409459f,5,"[1, 1, 0, 1, 0, 0, 1, 0, 0, 1, 1]",3,1,1,,0.6363636363636364,11
279,1b5c3d92-8220-11f1-b0da-2389f409459f,5,"[1, 1, 0, 1, 0, 0, 1, 0, 0, 1, 1]",4,0,0,,0.6363636363636364,11
280,1b5c3d92-8220-11f1-b0da-2389f409459f,5,"[1, 1, 0, 1, 0, 0, 1, 0, 0, 1, 1]",5,0,0,,0.6363636363636364,11
281,1b5c3d92-8220-11f1-b0da-2389f409459f,5,"[1, 1, 0, 1, 0, 0, 1, 0, 0, 1, 1]",6,1,1,,0.6363636363636364,11
282,1b5c3d92-8220-11f1-b0da-2389f409459f,5,"[1, 1, 0, 1, 0, 0, 1, 0, 0, 1, 1]",7,0,0,,0.6363636363636364,11
283,1b5c3d92-8220-11f1-b0da-2389f409459f,5,"[1, 1, 0, 1, 0, 0, 1, 0, 0, 1, 1]",8,0,0,,0.6363636363636364,11
284,1b5c3d92-8220-11f1-b0da-2389f409459f,5,"[1, 1, 0, 1, 0, 0, 1, 0, 0, 1, 1]",9,1,1,,0.6363636363636364,11
285,1b5c3d92-8220-11f1-b0da-2389f409459f,5,"[1, 1, 0, 1, 0, 0, 1, 0, 0, 1, 1]",10,1,1,,0.6363636363636364,11
286,1b5c3d92-8220-11f1-b0da-2389f409459f,6,"[1, 0, 1, 1, 0, 1, 1, 0, 0, 1, 0]",0,1,1,,0.6363636363636364,11
287,1b5c3d92-8220-11f1-b0da-2389f409459f,6,"[1, 0, 1, 1, 0, 1, 1, 0, 0, 1, 0]",1,0,0,,0.6363636363636364,11
288,1b5c3d92-8220-11f1-b0da-2389f409459f,6,"[1, 0, 1, 1, 0, 1, 1, 0, 0, 1, 0]",2,1,1,,0.6363636363636364,11
289,1b5c3d92-8220-11f1-b0da-2389f409459f,6,"[1, 0, 1, 1, 0, 1, 1, 0, 0, 1, 0]",3,1,1,,0.6363636363636364,11
290,1b5c3d92-8220-11f1-b0da-2389f409459f,6,"[1, 0, 1, 1, 0, 1, 1, 0, 0, 1, 0]",4,0,0,,0.6363636363636364,11
291,1b5c3d92-8220-11f1-b0da-2389f409459f,6,"[1, 0, 1, 1, 0, 1, 1, 0, 0, 1, 0]",5,1,1,,0.6363636363636364,11
292,1b5c3d92-8220-11f1-b0da-2389f409459f,6,"[1, 0, 1, 1, 0, 1, 1, 0, 0, 1, 0]",6,1,1,,0.6363636363636364,11
293,1b5c3d92-8220-11f1-b0da-2389f409459f,6,"[1, 0, 1, 1, 0, 1, 1, 0, 0, 1, 0]",7,0,0,,0.6363636363636364,11
294,1b5c3d92-8220-11f1-b0da-2389f409459f,6,"[1, 0, 1, 1, 0, 1, 1, 0, 0, 1, 0]",8,0,0,,0.6363636363636364,11
295,1b5c3d92-8220-11f1-b0da-2389f409459f,6,"[1, 0, 1, 1, 0, 1, 1, 0, 0, 1, 0]",9,1,1,,0.6363636363636364,11
296,1b5c3d92-8220-11f1-b0da-2389f409459f,6,"[1, 0, 1, 1, 0, 1, 1, 0, 0, 1, 0]",10,0,0,,0.6363636363636364,11
297,1b5c3d92-8220-11f1-b0da-2389f409459f,7,"[1, 1, 0, 0, 0, 0, 0, 0, 1, 0, 0]",0,1,1,,0.6363636363636364,11
298,1b5c3d92-8220-11f1-b0da-2389f409459f,7,"[1, 1, 0, 0, 0, 0, 0, 0, 1, 0, 0]",1,1,1,,0.6363636363636364,11
299,1b5c3d92-8220-11f1-b0da-2389f409459f,7,"[1, 1, 0, 0, 0, 0, 0, 0, 1, 0, 0]",2,0,0,,0.6363636363636364,11
300,1b5c3d92-8220-11f1-b0da-2389f409459f,7,"[1, 1, 0, 0, 0, 0, 0, 0, 1, 0, 0]",3,0,0,,0.6363636363636364,11
301,1b5c3d92-8220-11f1-b0da-2389f409459f,7,"[1, 1, 0, 0, 0, 0, 0, 0, 1, 0, 0]",4,0,0,,0.6363636363636364,11
302,1b5c3d92-8220-11f1-b0da-2389f409459f,7,"[1, 1, 0, 0, 0, 0, 0, 0, 1, 0, 0]",5,0,0,,0.6363636363636364,11
303,1b5c3d92-8220-11f1-b0da-2389f409459f,7,"[1, 1, 0, 0, 0, 0, 0, 0, 1, 0, 0]",6,0,0,,0.6363636363636364,11
304,1b5c3d92-8220-11f1-b0da-2389f409459f,7,"[1, 1, 0, 0, 0, 0, 0, 0, 1, 0, 0]",7,0,0,,0.6363636363636364,11
305,1b5c3d92-8220-11f1-b0da-2389f409459f,7,"[1, 1, 0, 0, 0, 0, 0, 0, 1, 0, 0]",8,1,1,,0.6363636363636364,11
306,1b5c3d92-8220-11f1-b0da-2389f409459f,7,"[1, 1, 0, 0, 0, 0, 0, 0, 1, 0, 0]",9,0,0,,0.6363636363636364,11
307,1b5c3d92-8220-11f1-b0da-2389f409459f,7,"[1, 1, 0, 0, 0, 0, 0, 0, 1, 0, 0]",10,0,0,,0.6363636363636364,11
308,1b5c3d92-8220-11f1-b0da-2389f409459f,8,"[0, 1, 0, 0, 0, 0, 1, 1, 1, 0, 1]",0,0,0,,0.6363636363636364,11
309,1b5c3d92-8220-11f1-b0da-2389f409459f,8,"[0, 1, 0, 0, 0, 0, 1, 1, 1, 0, 1]",1,1,1,,0.6363636363636364,11
310,1b5c3d92-8220-11f1-b0da-2389f409459f,8,"[0, 1, 0, 0, 0, 0, 1, 1, 1, 0, 1]",2,0,0,,0.6363636363636364,11
311,1b5c3d92-8220-11f1-b0da-2389f409459f,8,"[0, 1, 0, 0, 0, 0, 1, 1, 1, 0, 1]",3,0,0,,0.6363636363636364,11
312,1b5c3d92-8220-11f1-b0da-2389f409459f,8,"[0, 1, 0, 0, 0, 0, 1, 1, 1, 0, 1]",4,0,0,,0.6363636363636364,11
313,1b5c3d92-8220-11f1-b0da-2389f409459f,8,"[0, 1, 0, 0, 0, 0, 1, 1, 1, 0, 1]",5,0,0,,0.6363636363636364,11
314,1b5c3d92-8220-11f1-b0da-2389f409459f,8,"[0, 1, 0, 0, 0, 0, 1, 1, 1, 0, 1]",6,1,1,,0.6363636363636364,11
315,1b5c3d92-8220-11f1-b0da-2389f409459f,8,"[0, 1, 0, 0, 0, 0, 1, 1, 1, 0, 1]",7,1,1,,0.6363636363636364,11
316,1b5c3d92-8220-11f1-b0da-2389f409459f,8,"[0, 1, 0, 0, 0, 0, 1, 1, 1, 0, 1]",8,1,1,,0.6363636363636364,11
317,1b5c3d92-8220-11f1-b0da-2389f409459f,8,"[0, 1, 0, 0, 0, 0, 1, 1, 1, 0, 1]",9,0,0,,0.6363636363636364,11
318,1b5c3d92-8220-11f1-b0da-2389f409459f,8,"[0, 1, 0, 0, 0, 0, 1, 1, 1, 0, 1]",10,1,1,,0.6363636363636364,11
319,1b5c3d92-8220-11f1-b0da-2389f409459f,9,"[0, 0, 0, 0, 1, 1, 1, 1, 1, 0, 0]",0,0,0,,0.6363636363636364,11
320,1b5c3d92-8220-11f1-b0da-2389f409459f,9,"[0, 0, 0, 0, 1, 1, 1, 1, 1, 0, 0]",1,0,0,,0.6363636363636364,11
321,1b5c3d92-8220-11f1-b0da-2389f409459f,9,"[0, 0, 0, 0, 1, 1, 1, 1, 1, 0, 0]",2,0,0,,0.6363636363636364,11
322,1b5c3d92-8220-11f1-b0da-2389f409459f,9,"[0, 0, 0, 0, 1, 1, 1, 1, 1, 0, 0]",3,0,0,,0.6363636363636364,11
323,1b5c3d92-8220-11f1-b0da-2389f409459f,9,"[0, 0, 0, 0, 1, 1, 1, 1, 1, 0, 0]",4,1,1,,0.6363636363636364,11
324,1b5c3d92-8220-11f1-b0da-2389f409459f,9,"[0, 0, 0, 0, 1, 1, 1, 1, 1, 0, 0]",5,1,1,,0.6363636363636364,11
325,1b5c3d92-8220-11f1-b0da-2389f409459f,9,"[0, 0, 0, 0, 1, 1, 1, 1, 1, 0, 0]",6,1,1,,0.6363636363636364,11
326,1b5c3d92-8220-11f1-b0da-2389f409459f,9,"[0, 0, 0, 0, 1, 1, 1, 1, 1, 0, 0]",7,1,1,,0.6363636363636364,11
327,1b5c3d92-8220-11f1-b0da-2389f409459f,9,"[0, 0, 0, 0, 1, 1, 1, 1, 1, 0, 0]",8,1,1,,0.6363636363636364,11
328,1b5c3d92-8220-11f1-b0da-2389f409459f,9,"[0, 0, 0, 0, 1, 1, 1, 1, 1, 0, 0]",9,0,0,,0.6363636363636364,11
329,1b5c3d92-8220-11f1-b0da-2389f409459f,9,"[0, 0, 0, 0, 1, 1, 1, 1, 1, 0, 0]",10,0,0,,0.6363636363636364,11
330,1b5dd30a-8220-11f1-b0da-2389f409459f,0,"[1, 1, 1, 0, 0, 0, 1, 1, 1, 1, 1]",0,1,-1,,0.6363636363636364,11
331,1b5dd30a-8220-11f1-b0da-2389f409459f,0,"[1, 1, 1, 0, 0, 0, 1, 1, 1, 1, 1]",1,1,-1,,0.6363636363636364,11
332,1b5dd30a-8220-11f1-b0da-2389f409459f,0,"[1, 1, 1, 0, 0, 0, 1, 1, 1, 1, 1]",2,1,-1,,0.6363636363636364,11
333,1b5dd30a-8220-11f1-b0da-2389f409459f,0,"[1, 1, 1, 0, 0, 0, 1, 1, 1, 1, 1]",3,0,0,,0.6363636363636364,11
334,1b5dd30a-8220-11f1-b0da-2389f409459f,0,"[1, 1, 1, 0, 0, 0, 1, 1, 1, 1, 1]",4,0,0,,0.6363636363636364,11
335,1b5dd30a-8220-11f1-b0da-2389f409459f,0,"[1, 1, 1, 0, 0, 0, 1, 1, 1, 1, 1]",5,0,0,,0.6363636363636364,11
336,1b5dd30a-8220-11f1-b0da-2389f409459f,0,"[1, 1, 1, 0, 0, 0, 1, 1, 1, 1, 1]",6,1,-1,,0.6363636363636364,11
337,1b5dd30a-8220-11f1-b0da-2389f409459f,0,"[1, 1, 1, 0, 0, 0, 1, 1, 1, 1, 1]",7,1,-1,,0.6363636363636364,11
338,1b5dd30a-8220-11f1-b0da-2389f409459f,0,"[1, 1, 1, 0, 0, 0, 1, 1, 1, 1, 1]",8,1,-1,,0.6363636363636364,11
339,1b5dd30a-8220-11f1-b0da-2389f409459f,0,"[1, 1, 1, 0, 0, 0, 1, 1, 1, 1, 1]",9,1,-1,,0.6363636363636364,11
340,1b5dd30a-8220-11f1-b0da-2389f409459f,0,"[1, 1, 1, 0, 0, 0, 1, 1, 1, 1, 1]",10,1,-1,,0.6363636363636364,11
341,1b5dd30a-8220-11f1-b0da-2389f409459f,1,"[0, 1, 0, 1, 0, 0, 0, 0, 1, 1, 1]",0,0,0,,0.6363636363636364,11
342,1b5dd30a-8220-11f1-b0da-2389f409459f,1,"[0, 1, 0, 1, 0, 0, 0, 0, 1, 1, 1]",1,1,1,,0.6363636363636364,11
343,1b5dd30a-8220-11f1-b0da-2389f409459f,1,"[0, 1, 0, 1, 0, 0, 0, 0, 1, 1, 1]",2,0,0,,0.6363636363636364,11
344,1b5dd30a-8220-11f1-b0da-2389f409459f,1,"[0, 1, 0, 1, 0, 0, 0, 0, 1, 1, 1]",3,1,1,,0.6363636363636364,11
345,1b5dd30a-8220-11f1-b0da-2389f409459f,1,"[0, 1, 0, 1, 0, 0, 0, 0, 1, 1, 1]",4,0,0,,0.6363636363636364,11
346,1b5dd30a-8220-11f1-b0da-2389f409459f,1,"[0, 1, 0, 1, 0, 0, 0, 0, 1, 1, 1]",5,0,0,,0.6363636363636364,11
347,1b5dd30a-8220-11f1-b0da-2389f409459f,1,"[0, 1, 0, 1, 0, 0, 0, 0, 1, 1, 1]",6,0,0,,0.6363636363636364,11
348,1b5dd30a-8220-11f1-b0da-2389f409459f,1,"[0, 1, 0, 1, 0, 0, 0, 0, 1, 1, 1]",7,0,0,,0.6363636363636364,11
349,1b5dd30a-8220-11f1-b0da-2389f409459f,1,"[0, 1, 0, 1, 0, 0, 0, 0, 1, 1, 1]",8,1,1,,0.6363636363636364,11
350,1b5dd30a-8220-11f1-b0da-2389f409459f,1,"[0, 1, 0, 1, 0, 0, 0, 0, 1, 1, 1]",9,1,1,,0.6363636363636364,11
351,1b5dd30a-8220-11f1-b0da-2389f409459f,1,"[0, 1, 0, 1, 0, 0, 0, 0, 1, 1, 1]",10,1,1,,0.6363636363636364,11
352,1b5dd30a-8220-11f1-b0da-2389f409459f,2,"[0, 0, 1, 1, 1, 0, 1, 0, 1, 0, 0]",0,0,0,,0.6363636363636364,11
353,1b5dd30a-8220-11f1-b0da-2389f409459f,2,"[0, 0, 1, 1, 1, 0, 1, 0, 1, 0, 0]",1,0,0,,0.6363636363636364,11
354,1b5dd30a-8220-11f1-b0da-2389f409459f,2,"[0, 0, 1, 1, 1, 0, 1, 0, 1, 0, 0]",2,1,1,,0.6363636363636364,11
355,1b5dd30a-8220-11f1-b0da-2389f409459f,2,"[0, 0, 1, 1, 1, 0, 1, 0, 1, 0, 0]",3,1,1,,0.6363636363636364,11
356,1b5dd30a-8220-11f1-b0da-2389f409459f,2,"[0, 0, 1, 1, 1, 0, 1, 0, 1, 0, 0]",4,1,1,,0.6363636363636364,11
357,1b5dd30a-8220-11f1-b0da-2389f409459f,2,"[0, 0, 1, 1, 1, 0, 1, 0, 1, 0, 0]",5,0,0,,0.6363636363636364,11
358,1b5dd30a-8220-11f1-b0da-2389f409459f,2,"[0, 0, 1, 1, 1, 0, 1, 0, 1, 0, 0]",6,1,1,,0.6363636363636364,11
359,1b5dd30a-8220-11f1-b0da-2389f409459f,2,"[0, 0, 1, 1, 1, 0, 1, 0, 1, 0, 0]",7,0,0,,0.6363636363636364,11
360,1b5dd30a-8220-11f1-b0da-2389f409459f,2,"[0, 0, 1, 1, 1, 0, 1, 0, 1, 0, 0]",8,1,1,,0.6363636363636364,11
361,1b5dd30a-8220-11f1-b0da-2389f409459f,2,"[0, 0, 1, 1, 1, 0, 1, 0, 1, 0, 0]",9,0,0,,0.6363636363636364,11
362,1b5dd30a-8220-11f1-b0da-2389f409459f,2,"[0, 0, 1, 1, 1, 0, 1, 0, 1, 0, 0]",10,0,0,,0.6363636363636364,11
363,1b5dd30a-8220-11f1-b0da-2389f409459f,3,"[0, 0, 1, 0, 1, 0, 0, 1, 1, 1, 0]",0,0,0,,0.6363636363636364,11
364,1b5dd30a-8220-11f1-b0da-2389f409459f,3,"[0, 0, 1, 0, 1, 0, 0, 1, 1, 1, 0]",1,0,0,,0.6363636363636364,11
365,1b5dd30a-8220-11f1-b0da-2389f409459f,3,"[0, 0, 1, 0, 1, 0, 0, 1, 1, 1, 0]",2,1,1,,0.6363636363636364,11
366,1b5dd30a-8220-11f1-b0da-2389f409459f,3,"[0, 0, 1, 0, 1, 0, 0, 1, 1, 1, 0]",3,0,0,,0.6363636363636364,11
367,1b5dd30a-8220-11f1-b0da-2389f409459f,3,"[0, 0, 1, 0, 1, 0, 0, 1, 1, 1, 0]",4,1,1,,0.6363636363636364,11
368,1b5dd30a-8220-11f1-b0da-2389f409459f,3,"[0, 0, 1, 0, 1, 0, 0, 1, 1, 1, 0]",5,0,0,,0.6363636363636364,11
369,1b5dd30a-8220-11f1-b0da-2389f409459f,3,"[0, 0, 1, 0, 1, 0, 0, 1, 1, 1, 0]",6,0,0,,0.6363636363636364,11
370,1b5dd30a-8220-11f1-b0da-2389f409459f,3,"[0, 0, 1, 0, 1, 0, 0, 1, 1, 1, 0]",7,1,1,,0.6363636363636364,11
371,1b5dd30a-8220-11f1-b0da-2389f409459f,3,"[0, 0, 1, 0, 1, 0, 0, 1, 1, 1, 0]",8,1,1,,0.6363636363636364,11
372,1b5dd30a-8220-11f1-b0da-2389f409459f,3,"[0, 0, 1, 0, 1, 0, 0, 1, 1, 1, 0]",9,1,1,,0.6363636363636364,11
373,1b5dd30a-8220-11f1-b0da-2389f409459f,3,"[0, 0, 1, 0, 1, 0, 0, 1, 1, 1, 0]",10,0,0,,0.6363636363636364,11
374,1b5dd30a-8220-11f1-b0da-2389f409459f,4,"[0, 0, 1, 0, 0, 1, 0, 0, 1, 1, 0]",0,0,0,,0.6363636363636364,11
375,1b5dd30a-8220-11f1-b0da-2389f409459f,4,"[0, 0, 1, 0, 0, 1, 0, 0, 1, 1, 0]",1,0,0,,0.6363636363636364,11
376,1b5dd30a-8220-11f1-b0da-2389f409459f,4,"[0, 0, 1, 0, 0, 1, 0, 0, 1, 1, 0]",2,1,1,,0.6363636363636364,11
377,1b5dd30a-8220-11f1-b0da-2389f409459f,4,"[0, 0, 1, 0, 0, 1, 0, 0, 1, 1, 0]",3,0,0,,0.6363636363636364,11
378,1b5dd30a-8220-11f1-b0da-2389f409459f,4,"[0, 0, 1, 0, 0, 1, 0, 0, 1, 1, 0]",4,0,0,,0.6363636363636364,11
379,1b5dd30a-8220-11f1-b0da-2389f409459f,4,"[0, 0, 1, 0, 0, 1, 0, 0, 1, 1, 0]",5,1,1,,0.6363636363636364,11
380,1b5dd30a-8220-11f1-b0da-2389f409459f,4,"[0, 0, 1, 0, 0, 1, 0, 0, 1, 1, 0]",6,0,0,,0.6363636363636364,11
381,1b5dd30a-8220-11f1-b0da-2389f409459f,4,"[0, 0, 1, 0, 0, 1, 0, 0, 1, 1, 0]",7,0,0,,0.6363636363636364,11
382,1b5dd30a-8220-11f1-b0da-2389f409459f,4,"[0, 0, 1, 0, 0, 1, 0, 0, 1, 1, 0]",8,1,1,,0.6363636363636364,11
383,1b5dd30a-8220-11f1-b0da-2389f409459f,4,"[0, 0, 1, 0, 0, 1, 0, 0, 1, 1, 0]",9,1,1,,0.6363636363636364,11
384,1b5dd30a-8220-11f1-b0da-2389f409459f,4,"[0, 0, 1, 0, 0, 1, 0, 0, 1, 1, 0]",10,0,0,,0.6363636363636364,11
385,1b5dd30a-8220-11f1-b0da-2389f409459f,5,"[1, 0, 1, 0, 1, 1, 0, 1, 1, 1, 0]",0,1,1,,0.6363636363636364,11
386,1b5dd30a-8220-11f1-b0da-2389f409459f,5,"[1, 0, 1, 0, 1, 1, 0, 1, 1, 1, 0]",1,0,0,,0.6363636363636364,11
387,1b5dd30a-8220-11f1-b0da-2389f409459f,5,"[1, 0, 1, 0, 1, 1, 0, 1, 1, 1, 0]",2,1,1,,0.6363636363636364,11
388,1b5dd30a-8220-11f1-b0da-2389f409459f,5,"[1, 0, 1, 0, 1, 1, 0, 1, 1, 1, 0]",3,0,0,,0.6363636363636364,11
389,1b5dd30a-8220-11f1-b0da-2389f409459f,5,"[1, 0, 1, 0, 1, 1, 0, 1, 1, 1, 0]",4,1,1,,0.6363636363636364,11
390,1b5dd30a-8220-11f1-b0da-2389f409459f,5,"[1, 0, 1, 0, 1, 1, 0, 1, 1, 1, 0]",5,1,1,,0.6363636363636364,11
391,1b5dd30a-8220-11f1-b0da-2389f409459f,5,"[1, 0, 1, 0, 1, 1, 0, 1, 1, 1, 0]",6,0,0,,0.6363636363636364,11
392,1b5dd30a-8220-11f1-b0da-2389f409459f,5,"[1, 0, 1, 0, 1, 1, 0, 1, 1, 1, 0]",7,1,1,,0.6363636363636364,11
393,1b5dd30a-8220-11f1-b0da-2389f409459f,5,"[1, 0, 1, 0, 1, 1, 0, 1, 1, 1, 0]",8,1,1,,0.6363636363636364,11
394,1b5dd30a-8220-11f1-b0da-2389f409459f,5,"[1, 0, 1, 0, 1, 1, 0, 1, 1, 1, 0]",9,1,1,,0.6363636363636364,11
395,1b5dd30a-8220-11f1-b0da-2389f409459f,5,"[1, 0, 1, 0, 1, 1, 0, 1, 1, 1, 0]",10,0,0,,0.6363636363636364,11
396,1b5dd30a-8220-11f1-b0da-2389f409459f,6,"[1, 1, 1, 0, 0, 1, 1, 1, 0, 1, 1]",0,1,-1,,0.6363636363636364,11
397,1b5dd30a-8220-11f1-b0da-2389f409459f,6,"[1, 1, 1, 0, 0, 1, 1, 1, 0, 1, 1]",1,1,-1,,0.6363636363636364,11
398,1b5dd30a-8220-11f1-b0da-2389f409459f,6,"[1, 1, 1, 0, 0, 1, 1, 1, 0, 1, 1]",2,1,-1,,0.6363636363636364,11
399,1b5dd30a-8220-11f1-b0da-2389f409459f,6,"[1, 1, 1, 0, 0, 1, 1, 1, 0, 1, 1]",3,0,0,,0.6363636363636364,11
400,1b5dd30a-8220-11f1-b0da-2389f409459f,6,"[1, 1, 1, 0, 0, 1, 1, 1, 0, 1, 1]",4,0,0,,0.6363636363636364,11
401,1b5dd30a-8220-11f1-b0da-2389f409459f,6,"[1, 1, 1, 0, 0, 1, 1, 1, 0, 1, 1]",5,1,-1,,0.6363636363636364,11
402,1b5dd30a-8220-11f1-b0da-2389f409459f,6,"[1, 1, 1, 0, 0, 1, 1, 1, 0, 1, 1]",6,1,-1,,0.6363636363636364,11
403,1b5dd30a-8220-11f1-b0da-2389f409459f,6,"[1, 1, 1, 0, 0, 1, 1, 1, 0, 1, 1]",7,1,-1,,0.6363636363636364,11
404,1b5dd30a-8220-11f1-b0da-2389f409459f,6,"[1, 1, 1, 0, 0, 1, 1, 1, 0, 1, 1]",8,0,0,,0.6363636363636364,11
405,1b5dd30a-8220-11f1-b0da-2389f409459f,6,"[1, 1, 1, 0, 0, 1, 1, 1, 0, 1, 1]",9,1,-1,,0.6363636363636364,11
406,1b5dd30a-8220-11f1-b0da-2389f409459f,6,"[1, 1, 1, 0, 0, 1, 1, 1, 0, 1, 1]",10,1,-1,,0.6363636363636364,11
407,1b5dd30a-8220-11f1-b0da-2389f409459f,7,"[0, 1, 0, 0, 1, 0, 1, 0, 1, 1, 0]",0,0,0,,0.6363636363636364,11
408,1b5dd30a-8220-11f1-b0da-2389f409459f,7,"[0, 1, 0, 0, 1, 0, 1, 0, 1, 1, 0]",1,1,1,,0.6363636363636364,11
409,1b5dd30a-8220-11f1-b0da-2389f409459f,7,"[0, 1, 0, 0, 1, 0, 1, 0, 1, 1, 0]",2,0,0,,0.6363636363636364,11
410,1b5dd30a-8220-11f1-b0da-2389f409459f,7,"[0, 1, 0, 0, 1, 0, 1, 0, 1, 1, 0]",3,0,0,,0.6363636363636364,11
411,1b5dd30a-8220-11f1-b0da-2389f409459f,7,"[0, 1, 0, 0, 1, 0, 1, 0, 1, 1, 0]",4,1,1,,0.6363636363636364,11
412,1b5dd30a-8220-11f1-b0da-2389f409459f,7,"[0, 1, 0, 0, 1, 0, 1, 0, 1, 1, 0]",5,0,0,,0.6363636363636364,11
413,1b5dd30a-8220-11f1-b0da-2389f409459f,7,"[0, 1, 0, 0, 1, 0, 1, 0, 1, 1, 0]",6,1,1,,0.6363636363636364,11
414,1b5dd30a-8220-11f1-b0da-2389f409459f,7,"[0, 1, 0, 0, 1, 0, 1, 0, 1, 1, 0]",7,0,0,,0.6363636363636364,11
415,1b5dd30a-8220-11f1-b0da-2389f409459f,7,"[0, 1, 0, 0, 1, 0, 1, 0, 1, 1, 0]",8,1,1,,0.6363636363636364,11
416,1b5dd30a-8220-11f1-b0da-2389f409459f,7,"[0, 1, 0, 0, 1, 0, 1, 0, 1, 1, 0]",9,1,1,,0.6363636363636364,11
417,1b5dd30a-8220-11f1-b0da-2389f409459f,7,"[0, 1, 0, 0, 1, 0, 1, 0, 1, 1, 0]",10,0,0,,0.6363636363636364,11
418,1b5dd30a-8220-11f1-b0da-2389f409459f,8,"[0, 0, 1, 0, 0, 0, 0, 0, 1, 0, 0]",0,0,0,,0.6363636363636364,11
419,1b5dd30a-8220-11f1-b0da-2389f409459f,8,"[0, 0, 1, 0, 0, 0, 0, 0, 1, 0, 0]",1,0,0,,0.6363636363636364,11
420,1b5dd30a-8220-11f1-b0da-2389f409459f,8,"[0, 0, 1, 0, 0, 0, 0, 0, 1, 0, 0]",2,1,1,,0.6363636363636364,11
421,1b5dd30a-8220-11f1-b0da-2389f409459f,8,"[0, 0, 1, 0, 0, 0, 0, 0, 1, 0, 0]",3,0,0,,0.6363636363636364,11
422,1b5dd30a-8220-11f1-b0da-2389f409459f,8,"[0, 0, 1, 0, 0, 0, 0, 0, 1, 0, 0]",4,0,0,,0.6363636363636364,11
423,1b5dd30a-8220-11f1-b0da-2389f409459f,8,"[0, 0, 1, 0, 0, 0, 0, 0, 1, 0, 0]",5,0,0,,0.6363636363636364,11
424,1b5dd30a-8220-11f1-b0da-2389f409459f,8,"[0, 0, 1, 0, 0, 0, 0, 0, 1, 0, 0]",6,0,0,,0.6363636363636364,11
425,1b5dd30a-8220-11f1-b0da-2389f409459f,8,"[0, 0, 1, 0, 0, 0, 0, 0, 1, 0, 0]",7,0,0,,0.6363636363636364,11
426,1b5dd30a-8220-11f1-b0da-2389f409459f,8,"[0, 0, 1, 0, 0, 0, 0, 0, 1, 0, 0]",8,1,1,,0.6363636363636364,11
427,1b5dd30a-8220-11f1-b0da-2389f409459f,8,"[0, 0, 1, 0, 0, 0, 0, 0, 1, 0, 0]",9,0,0,,0.6363636363636364,11
428,1b5dd30a-8220-11f1-b0da-2389f409459f,8,"[0, 0, 1, 0, 0, 0, 0, 0, 1, 0, 0]",10,0,0,,0.6363636363636364,11
429,1b5dd30a-8220-11f1-b0da-2389f409459f,9,"[1, 0, 0, 0, 1, 1, 1, 1, 0, 1, 0]",0,1,1,,0.6363636363636364,11
430,1b5dd30a-8220-11f1-b0da-2389f409459f,9,"[1, 0, 0, 0, 1, 1, 1, 1, 0, 1, 0]",1,0,0,,0.6363636363636364,11
431,1b5dd30a-8220-11f1-b0da-2389f409459f,9,"[1, 0, 0, 0, 1, 1, 1, 1, 0, 1, 0]",2,0,0,,0.6363636363636364,11
432,1b5dd30a-8220-11f1-b0da-2389f409459f,9,"[1, 0, 0, 0, 1, 1, 1, 1, 0, 1, 0]",3,0,0,,0.6363636363636364,11
433,1b5dd30a-8220-11f1-b0da-2389f409459f,9,"[1, 0, 0, 0, 1, 1, 1, 1, 0, 1, 0]",4,1,1,,0.6363636363636364,11
434,1b5dd30a-8220-11f1-b0da-2389f409459f,9,"[1, 0, 0, 0, 1, 1, 1, 1, 0, 1, 0]",5,1,1,,0.6363636363636364,11
435,1b5dd30a-8220-11f1-b0da-2389f409459f,9,"[1, 0, 0, 0, 1, 1, 1, 1, 0, 1, 0]",6,1,1,,0.6363636363636364,11
436,1b5dd30a-8220-11f1-b0da-2389f409459f,9,"[1, 0, 0, 0, 1, 1, 1, 1, 0, 1, 0]",7,1,1,,0.6363636363636364,11
437,1b5dd30a-8220-11f1-b0da-2389f409459f,9,"[1, 0, 0, 0, 1, 1, 1, 1, 0, 1, 0]",8,0,0,,0.6363636363636364,11
438,1b5dd30a-8220-11f1-b0da-2389f409459f,9,"[1, 0, 0, 0, 1, 1, 1, 1, 0, 1, 0]",9,1,1,,0.6363636363636364,11
439,1b5dd30a-8220-11f1-b0da-2389f409459f,9,"[1, 0, 0, 0, 1, 1, 1, 1, 0, 1, 0]",10,0,0,,0.6363636363636364,11
440,1b5f0dd8-8220-11f1-b0da-2389f409459f,0,"[0, 1, 1, 1, 1, 1, 1, 1, 1, 1, 1]",0,0,0,,0.6363636363636364,11
441,1b5f0dd8-8220-11f1-b0da-2389f409459f,0,"[0, 1, 1, 1, 1, 1, 1, 1, 1, 1, 1]",1,1,-1,,0.6363636363636364,11
442,1b5f0dd8-8220-11f1-b0da-2389f409459f,0,"[0, 1, 1, 1, 1, 1, 1, 1, 1, 1, 1]",2,1,-1,,0.6363636363636364,11
443,1b5f0dd8-8220-11f1-b0da-2389f409459f,0,"[0, 1, 1, 1, 1, 1, 1, 1, 1, 1, 1]",3,1,-1,,0.6363636363636364,11
444,1b5f0dd8-8220-11f1-b0da-2389f409459f,0,"[0, 1, 1, 1, 1, 1, 1, 1, 1, 1, 1]",4,1,-1,,0.6363636363636364,11
445,1b5f0dd8-8220-11f1-b0da-2389f409459f,0,"[0, 1, 1, 1, 1, 1, 1, 1, 1, 1, 1]",5,1,-1,,0.6363636363636364,11
446,1b5f0dd8-8220-11f1-b0da-2389f409459f,0,"[0, 1, 1, 1, 1, 1, 1, 1, 1, 1, 1]",6,1,-1,,0.6363636363636364,11
447,1b5f0dd8-8220-11f1-b0da-2389f409459f,0,"[0, 1, 1, 1, 1, 1, 1, 1, 1, 1, 1]",7,1,-1,,0.6363636363636364,11
448,1b5f0dd8-8220-11f1-b0da-2389f409459f,0,"[0, 1, 1, 1, 1, 1, 1, 1, 1, 1, 1]",8,1,-1,,0.6363636363636364,11
449,1b5f0dd8-8220-11f1-b0da-2389f409459f,0,"[0, 1, 1, 1, 1, 1, 1, 1, 1, 1, 1]",9,1,-1,,0.6363636363636364,11
450,1b5f0dd8-8220-11f1-b0da-2389f409459f,0,"[0, 1, 1, 1, 1, 1, 1, 1, 1, 1, 1]",10,1,-1,,0.6363636363636364,11
451,1b5f0dd8-8220-11f1-b0da-2389f409459f,1,"[1, 0, 1, 0, 1, 0, 1, 1, 1, 1, 0]",0,1,1,,0.6363636363636364,11
452,1b5f0dd8-8220-11f1-b0da-2389f409459f,1,"[1, 0, 1, 0, 1, 0, 1, 1, 1, 1, 0]",1,0,0,,0.6363636363636364,11
453,1b5f0dd8-8220-11f1-b0da-2389f409459f,1,"[1, 0, 1, 0, 1, 0, 1, 1, 1, 1, 0]",2,1,1,,0.6363636363636364,11
454,1b5f0dd8-8220-11f1-b0da-2389f409459f,1,"[1, 0, 1, 0, 1, 0, 1, 1, 1, 1, 0]",3,0,0,,0.6363636363636364,11
455,1b5f0dd8-8220-11f1-b0da-2389f409459f,1,"[1, 0, 1, 0, 1, 0, 1, 1, 1, 1, 0]",4,1,1,,0.6363636363636364,11
456,1b5f0dd8-8220-11f1-b0da-2389f409459f,1,"[1, 0, 1, 0, 1, 0, 1, 1, 1, 1, 0]",5,0,0,,0.6363636363636364,11
457,1b5f0dd8-8220-11f1-b0da-2389f409459f,1,"[1, 0, 1, 0, 1, 0, 1, 1, 1, 1, 0]",6,1,1,,0.6363636363636364,11
458,1b5f0dd8-8220-11f1-b0da-2389f409459f,1,"[1, 0, 1, 0, 1, 0, 1, 1, 1, 1, 0]",7,1,1,,0.6363636363636364,11
459,1b5f0dd8-8220-11f1-b0da-2389f409459f,1,"[1, 0, 1, 0, 1, 0, 1, 1, 1, 1, 0]",8,1,1,,0.6363636363636364,11
460,1b5f0dd8-8220-11f1-b0da-2389f409459f,1,"[1, 0, 1, 0, 1, 0, 1, 1, 1, 1, 0]",9,1,1,,0.6363636363636364,11
461,1b5f0dd8-8220-11f1-b0da-2389f409459f,1,"[1, 0, 1, 0, 1, 0, 1, 1, 1, 1, 0]",10,0,0,,0.6363636363636364,11
462,1b5f0dd8-8220-11f1-b0da-2389f409459f,2,"[0, 1, 0, 0, 1, 0, 0, 1, 0, 1, 0]",0,0,0,,0.6363636363636364,11
463,1b5f0dd8-8220-11f1-b0da-2389f409459f,2,"[0, 1, 0, 0, 1, 0, 0, 1, 0, 1, 0]",1,1,1,,0.6363636363636364,11
464,1b5f0dd8-8220-11f1-b0da-2389f409459f,2,"[0, 1, 0, 0, 1, 0, 0, 1, 0, 1, 0]",2,0,0,,0.6363636363636364,11
465,1b5f0dd8-8220-11f1-b0da-2389f409459f,2,"[0, 1, 0, 0, 1, 0, 0, 1, 0, 1, 0]",3,0,0,,0.6363636363636364,11
466,1b5f0dd8-8220-11f1-b0da-2389f409459f,2,"[0, 1, 0, 0, 1, 0, 0, 1, 0, 1, 0]",4,1,1,,0.6363636363636364,11
467,1b5f0dd8-8220-11f1-b0da-2389f409459f,2,"[0, 1, 0, 0, 1, 0, 0, 1, 0, 1, 0]",5,0,0,,0.6363636363636364,11
468,1b5f0dd8-8220-11f1-b0da-2389f409459f,2,"[0, 1, 0, 0, 1, 0, 0, 1, 0, 1, 0]",6,0,0,,0.6363636363636364,11
469,1b5f0dd8-8220-11f1-b0da-2389f409459f,2,"[0, 1, 0, 0, 1, 0, 0, 1, 0, 1, 0]",7,1,1,,0.6363636363636364,11
470,1b5f0dd8-8220-11f1-b0da-2389f409459f,2,"[0, 1, 0, 0, 1, 0, 0, 1, 0, 1, 0]",8,0,0,,0.6363636363636364,11
471,1b5f0dd8-8220-11f1-b0da-2389f409459f,2,"[0, 1, 0, 0, 1, 0, 0, 1, 0, 1, 0]",9,1,1,,0.6363636363636364,11
472,1b5f0dd8-8220-11f1-b0da-2389f409459f,2,"[0, 1, 0, 0, 1, 0, 0, 1, 0, 1, 0]",10,0,0,,0.6363636363636364,11
473,1b5f0dd8-8220-11f1-b0da-2389f409459f,3,"[0, 0, 0, 1, 1, 0, 0, 1, 1, 0, 0]",0,0,0,,0.6363636363636364,11
474,1b5f0dd8-8220-11f1-b0da-2389f409459f,3,"[0, 0, 0, 1, 1, 0, 0, 1, 1, 0, 0]",1,0,0,,0.6363636363636364,11
475,1b5f0dd8-8220-11f1-b0da-2389f409459f,3,"[0, 0, 0, 1, 1, 0, 0, 1, 1, 0, 0]",2,0,0,,0.6363636363636364,11
476,1b5f0dd8-8220-11f1-b0da-2389f409459f,3,"[0, 0, 0, 1, 1, 0, 0, 1, 1, 0, 0]",3,1,1,,0.6363636363636364,11
477,1b5f0dd8-8220-11f1-b0da-2389f409459f,3,"[0, 0, 0, 1, 1, 0, 0, 1, 1, 0, 0]",4,1,1,,0.6363636363636364,11
478,1b5f0dd8-8220-11f1-b0da-2389f409459f,3,"[0, 0, 0, 1, 1, 0, 0, 1, 1, 0, 0]",5,0,0,,0.6363636363636364,11
479,1b5f0dd8-8220-11f1-b0da-2389f409459f,3,"[0, 0, 0, 1, 1, 0, 0, 1, 1, 0, 0]",6,0,0,,0.6363636363636364,11
480,1b5f0dd8-8220-11f1-b0da-2389f409459f,3,"[0, 0, 0, 1, 1, 0, 0, 1, 1, 0, 0]",7,1,1,,0.6363636363636364,11
481,1b5f0dd8-8220-11f1-b0da-2389f409459f,3,"[0, 0, 0, 1, 1, 0, 0, 1, 1, 0, 0]",8,1,1,,0.6363636363636364,11
482,1b5f0dd8-8220-11f1-b0da-2389f409459f,3,"[0, 0, 0, 1, 1, 0, 0, 1, 1, 0, 0]",9,0,0,,0.6363636363636364,11
483,1b5f0dd8-8220-11f1-b0da-2389f409459f,3,"[0, 0, 0, 1, 1, 0, 0, 1, 1, 0, 0]",10,0,0,,0.6363636363636364,11
484,1b5f0dd8-8220-11f1-b0da-2389f409459f,4,"[1, 1, 0, 1, 0, 1, 1, 1, 1, 0, 0]",0,1,1,,0.6363636363636364,11
485,1b5f0dd8-8220-11f1-b0da-2389f409459f,4,"[1, 1, 0, 1, 0, 1, 1, 1, 1, 0, 0]",1,1,1,,0.6363636363636364,11
486,1b5f0dd8-8220-11f1-b0da-2389f409459f,4,"[1, 1, 0, 1, 0, 1, 1, 1, 1, 0, 0]",2,0,0,,0.6363636363636364,11
487,1b5f0dd8-8220-11f1-b0da-2389f409459f,4,"[1, 1, 0, 1, 0, 1, 1, 1, 1, 0, 0]",3,1,1,,0.6363636363636364,11
488,1b5f0dd8-8220-11f1-b0da-2389f409459f,4,"[1, 1, 0, 1, 0, 1, 1, 1, 1, 0, 0]",4,0,0,,0.6363636363636364,11
489,1b5f0dd8-8220-11f1-b0da-2389f409459f,4,"[1, 1, 0, 1, 0, 1, 1, 1, 1, 0, 0]",5,1,1,,0.6363636363636364,11
490,1b5f0dd8-8220-11f1-b0da-2389f409459f,4,"[1, 1, 0, 1, 0, 1, 1, 1, 1, 0, 0]",6,1,1,,0.6363636363636364,11
491,1b5f0dd8-8220-11f1-b0da-2389f409459f,4,"[1, 1, 0, 1, 0, 1, 1, 1, 1, 0, 0]",7,1,1,,0.6363636363636364,11
492,1b5f0dd8-8220-11f1-b0da-2389f409459f,4,"[1, 1, 0, 1, 0, 1, 1, 1, 1, 0, 0]",8,1,1,,0.6363636363636364,11
493,1b5f0dd8-8220-11f1-b0da-2389f409459f,4,"[1, 1, 0, 1, 0, 1, 1, 1, 1, 0, 0]",9,0,0,,0.6363636363636364,11
494,1b5f0dd8-8220-11f1-b0da-2389f409459f,4,"[1, 1, 0, 1, 0, 1, 1, 1, 1, 0, 0]",10,0,0,,0.6363636363636364,11
495,1b5f0dd8-8220-11f1-b0da-2389f409459f,5,"[0, 1, 0, 0, 0, 1, 0, 1, 0, 1, 0]",0,0,0,,0.6363636363636364,11
496,1b5f0dd8-8220-11f1-b0da-2389f409459f,5,"[0, 1, 0, 0, 0, 1, 0, 1, 0, 1, 0]",1,1,1,,0.6363636363636364,11
497,1b5f0dd8-8220-11f1-b0da-2389f409459f,5,"[0, 1, 0, 0, 0, 1, 0, 1, 0, 1, 0]",2,0,0,,0.6363636363636364,11
498,1b5f0dd8-8220-11f1-b0da-2389f409459f,5,"[0, 1, 0, 0, 0, 1, 0, 1, 0, 1, 0]",3,0,0,,0.6363636363636364,11
499,1b5f0dd8-8220-11f1-b0da-2389f409459f,5,"[0, 1, 0, 0, 0, 1, 0, 1, 0, 1, 0]",4,0,0,,0.6363636363636364,11
500,1b5f0dd8-8220-11f1-b0da-2389f409459f,5,"[0, 1, 0, 0, 0, 1, 0, 1, 0, 1, 0]",5,1,1,,0.6363636363636364,11
501,1b5f0dd8-8220-11f1-b0da-2389f409459f,5,"[0, 1, 0, 0, 0, 1, 0, 1, 0, 1, 0]",6,0,0,,0.6363636363636364,11
502,1b5f0dd8-8220-11f1-b0da-2389f409459f,5,"[0, 1, 0, 0, 0, 1, 0, 1, 0, 1, 0]",7,1,1,,0.6363636363636364,11
503,1b5f0dd8-8220-11f1-b0da-2389f409459f,5,"[0, 1, 0, 0, 0, 1, 0, 1, 0, 1, 0]",8,0,0,,0.6363636363636364,11
504,1b5f0dd8-8220-11f1-b0da-2389f409459f,5,"[0, 1, 0, 0, 0, 1, 0, 1, 0, 1, 0]",9,1,1,,0.6363636363636364,11
505,1b5f0dd8-8220-11f1-b0da-2389f409459f,5,"[0, 1, 0, 0, 0, 1, 0, 1, 0, 1, 0]",10,0,0,,0.6363636363636364,11
506,1b5f0dd8-8220-11f1-b0da-2389f409459f,6,"[0, 0, 1, 1, 0, 1, 1, 1, 1, 1, 0]",0,0,0,,0.6363636363636364,11
507,1b5f0dd8-8220-11f1-b0da-2389f409459f,6,"[0, 0, 1, 1, 0, 1, 1, 1, 1, 1, 0]",1,0,0,,0.6363636363636364,11
508,1b5f0dd8-8220-11f1-b0da-2389f409459f,6,"[0, 0, 1, 1, 0, 1, 1, 1, 1, 1, 0]",2,1,1,,0.6363636363636364,11
509,1b5f0dd8-8220-11f1-b0da-2389f409459f,6,"[0, 0, 1, 1, 0, 1, 1, 1, 1, 1, 0]",3,1,1,,0.6363636363636364,11
510,1b5f0dd8-8220-11f1-b0da-2389f409459f,6,"[0, 0, 1, 1, 0, 1, 1, 1, 1, 1, 0]",4,0,0,,0.6363636363636364,11
511,1b5f0dd8-8220-11f1-b0da-2389f409459f,6,"[0, 0, 1, 1, 0, 1, 1, 1, 1, 1, 0]",5,1,1,,0.6363636363636364,11
512,1b5f0dd8-8220-11f1-b0da-2389f409459f,6,"[0, 0, 1, 1, 0, 1, 1, 1, 1, 1, 0]",6,1,1,,0.6363636363636364,11
513,1b5f0dd8-8220-11f1-b0da-2389f409459f,6,"[0, 0, 1, 1, 0, 1, 1, 1, 1, 1, 0]",7,1,1,,0.6363636363636364,11
514,1b5f0dd8-8220-11f1-b0da-2389f409459f,6,"[0, 0, 1, 1, 0, 1, 1, 1, 1, 1, 0]",8,1,1,,0.6363636363636364,11
515,1b5f0dd8-8220-11f1-b0da-2389f409459f,6,"[0, 0, 1, 1, 0, 1, 1, 1, 1, 1, 0]",9,1,1,,0.6363636363636364,11
516,1b5f0dd8-8220-11f1-b0da-2389f409459f,6,"[0, 0, 1, 1, 0, 1, 1, 1, 1, 1, 0]",10,0,0,,0.6363636363636364,11
517,1b5f0dd8-8220-11f1-b0da-2389f409459f,7,"[1, 1, 0, 0, 0, 1, 0, 1, 0, 1, 0]",0,1,1,,0.6363636363636364,11
518,1b5f0dd8-8220-11f1-b0da-2389f409459f,7,"[1, 1, 0, 0, 0, 1, 0, 1, 0, 1, 0]",1,1,1,,0.6363636363636364,11
519,1b5f0dd8-8220-11f1-b0da-2389f409459f,7,"[1, 1, 0, 0, 0, 1, 0, 1, 0, 1, 0]",2,0,0,,0.6363636363636364,11
520,1b5f0dd8-8220-11f1-b0da-2389f409459f,7,"[1, 1, 0, 0, 0, 1, 0, 1, 0, 1, 0]",3,0,0,,0.6363636363636364,11
521,1b5f0dd8-8220-11f1-b0da-2389f409459f,7,"[1, 1, 0, 0, 0, 1, 0, 1, 0, 1, 0]",4,0,0,,0.6363636363636364,11
522,1b5f0dd8-8220-11f1-b0da-2389f409459f,7,"[1, 1, 0, 0, 0, 1, 0, 1, 0, 1, 0]",5,1,1,,0.6363636363636364,11
523,1b5f0dd8-8220-11f1-b0da-2389f409459f,7,"[1, 1, 0, 0, 0, 1, 0, 1, 0, 1, 0]",6,0,0,,0.6363636363636364,11
524,1b5f0dd8-8220-11f1-b0da-2389f409459f,7,"[1, 1, 0, 0, 0, 1, 0, 1, 0, 1, 0]",7,1,1,,0.6363636363636364,11
525,1b5f0dd8-8220-11f1-b0da-2389f409459f,7,"[1, 1, 0, 0, 0, 1, 0, 1, 0, 1, 0]",8,0,0,,0.6363636363636364,11
526,1b5f0dd8-8220-11f1-b0da-2389f409459f,7,"[1, 1, 0, 0, 0, 1, 0, 1, 0, 1, 0]",9,1,1,,0.6363636363636364,11
527,1b5f0dd8-8220-11f1-b0da-2389f409459f,7,"[1, 1, 0, 0, 0, 1, 0, 1, 0, 1, 0]",10,0,0,,0.6363636363636364,11
528,1b5f0dd8-8220-11f1-b0da-2389f409459f,8,"[0, 1, 0, 0, 0, 1, 1, 0, 1, 0, 0]",0,0,0,,0.6363636363636364,11
529,1b5f0dd8-8220-11f1-b0da-2389f409459f,8,"[0, 1, 0, 0, 0, 1, 1, 0, 1, 0, 0]",1,1,1,,0.6363636363636364,11
530,1b5f0dd8-8220-11f1-b0da-2389f409459f,8,"[0, 1, 0, 0, 0, 1, 1, 0, 1, 0, 0]",2,0,0,,0.6363636363636364,11
531,1b5f0dd8-8220-11f1-b0da-2389f409459f,8,"[0, 1, 0, 0, 0, 1, 1, 0, 1, 0, 0]",3,0,0,,0.6363636363636364,11
532,1b5f0dd8-8220-11f1-b0da-2389f409459f,8,"[0, 1, 0, 0, 0, 1, 1, 0, 1, 0, 0]",4,0,0,,0.6363636363636364,11
533,1b5f0dd8-8220-11f1-b0da-2389f409459f,8,"[0, 1, 0, 0, 0, 1, 1, 0, 1, 0, 0]",5,1,1,,0.6363636363636364,11
534,1b5f0dd8-8220-11f1-b0da-2389f409459f,8,"[0, 1, 0, 0, 0, 1, 1, 0, 1, 0, 0]",6,1,1,,0.6363636363636364,11
535,1b5f0dd8-8220-11f1-b0da-2389f409459f,8,"[0, 1, 0, 0, 0, 1, 1, 0, 1, 0, 0]",7,0,0,,0.6363636363636364,11
536,1b5f0dd8-8220-11f1-b0da-2389f409459f,8,"[0, 1, 0, 0, 0, 1, 1, 0, 1, 0, 0]",8,1,1,,0.6363636363636364,11
537,1b5f0dd8-8220-11f1-b0da-2389f409459f,8,"[0, 1, 0, 0, 0, 1, 1, 0, 1, 0, 0]",9,0,0,,0.6363636363636364,11
538,1b5f0dd8-8220-11f1-b0da-2389f409459f,8,"[0, 1, 0, 0, 0, 1, 1, 0, 1, 0, 0]",10,0,0,,0.6363636363636364,11
539,1b5f0dd8-8220-11f1-b0da-2389f409459f,9,"[0, 0, 0, 0, 1, 1, 1, 1, 1, 1, 0]",0,0,0,,0.6363636363636364,11
540,1b5f0dd8-8220-11f1-b0da-2389f409459f,9,"[0, 0, 0, 0, 1, 1, 1, 1, 1, 1, 0]",1,0,0,,0.6363636363636364,11
541,1b5f0dd8-8220-11f1-b0da-2389f409459f,9,"[0, 0, 0, 0, 1, 1, 1, 1, 1, 1, 0]",2,0,0,,0.6363636363636364,11
542,1b5f0dd8-8220-11f1-b0da-2389f409459f,9,"[0, 0, 0, 0, 1, 1, 1, 1, 1, 1, 0]",3,0,0,,0.6363636363636364,11
543,1b5f0dd8-8220-11f1-b0da-2389f409459f,9,"[0, 0, 0, 0, 1, 1, 1, 1, 1, 1, 0]",4,1,1,,0.6363636363636364,11
544,1b5f0dd8-8220-11f1-b0da-2389f409459f,9,"[0, 0, 0, 0, 1, 1, 1, 1, 1, 1, 0]",5,1,1,,0.6363636363636364,11
545,1b5f0dd8-8220-11f1-b0da-2389f409459f,9,"[0, 0, 0, 0, 1, 1, 1, 1, 1, 1, 0]",6,1,1,,0.6363636363636364,11
546,1b5f0dd8-8220-11f1-b0da-2389f409459f,9,"[0, 0, 0, 0, 1, 1, 1, 1, 1, 1, 0]",7,1,1,,0.6363636363636364,11
547,1b5f0dd8-8220-11f1-b0da-2389f409459f,9,"[0, 0, 0, 0, 1, 1, 1, 1, 1, 1, 0]",8,1,1,,0.6363636363636364,11
548,1b5f0dd8-8220-11f1-b0da-2389f409459f,9,"[0, 0, 0, 0, 1, 1, 1, 1, 1, 1, 0]",9,1,1,,0.6363636363636364,11
549,1b5f0dd8-8220-11f1-b0da-2389f409459f,9,"[0, 0, 0, 0, 1, 1, 1, 1, 1, 1, 0]",10,0,0,,0.6363636363636364,11
550,1b60731c-8220-11f1-b0da-2389f409459f,0,"[1, 0, 1, 0, 0, 1, 0, 0, 0, 1, 1]",0,1,1,,0.6363636363636364,11
551,1b60731c-8220-11f1-b0da-2389f409459f,0,"[1, 0, 1, 0, 0, 1, 0, 0, 0, 1, 1]",1,0,0,,0.6363636363636364,11
552,1b60731c-8220-11f1-b0da-2389f409459f,0,"[1, 0, 1, 0, 0, 1, 0, 0, 0, 1, 1]",2,1,1,,0.6363636363636364,11
553,1b60731c-8220-11f1-b0da-2389f409459f,0,"[1, 0, 1, 0, 0, 1, 0, 0, 0, 1, 1]",3,0,0,,0.6363636363636364,11
554,1b60731c-8220-11f1-b0da-2389f409459f,0,"[1, 0, 1, 0, 0, 1, 0, 0, 0, 1, 1]",4,0,0,,0.6363636363636364,11
555,1b60731c-8220-11f1-b0da-2389f409459f,0,"[1, 0, 1, 0, 0, 1, 0, 0, 0, 1, 1]",5,1,1,,0.6363636363636364,11
556,1b60731c-8220-11f1-b0da-2389f409459f,0,"[1, 0, 1, 0, 0, 1, 0, 0, 0, 1, 1]",6,0,0,,0.6363636363636364,11
557,1b60731c-8220-11f1-b0da-2389f409459f,0,"[1, 0, 1, 0, 0, 1, 0, 0, 0, 1, 1]",7,0,0,,0.6363636363636364,11
558,1b60731c-8220-11f1-b0da-2389f409459f,0,"[1, 0, 1, 0, 0, 1, 0, 0, 0, 1, 1]",8,0,0,,0.6363636363636364,11
559,1b60731c-8220-11f1-b0da-2389f409459f,0,"[1, 0, 1, 0, 0, 1, 0, 0, 0, 1, 1]",9,1,1,,0.6363636363636364,11
560,1b60731c-8220-11f1-b0da-2389f409459f,0,"[1, 0, 1, 0, 0, 1, 0, 0, 0, 1, 1]",10,1,1,,0.6363636363636364,11
561,1b60731c-8220-11f1-b0da-2389f409459f,1,"[1, 1, 1, 1, 1, 0, 0, 0, 0, 1, 1]",0,1,1,,0.6363636363636364,11
562,1b60731c-8220-11f1-b0da-2389f409459f,1,"[1, 1, 1, 1, 1, 0, 0, 0, 0, 1, 1]",1,1,1,,0.6363636363636364,11
563,1b60731c-8220-11f1-b0da-2389f409459f,1,"[1, 1, 1, 1, 1, 0, 0, 0, 0, 1, 1]",2,1,1,,0.6363636363636364,11
564,1b60731c-8220-11f1-b0da-2389f409459f,1,"[1, 1, 1, 1, 1, 0, 0, 0, 0, 1, 1]",3,1,1,,0.6363636363636364,11
565,1b60731c-8220-11f1-b0da-2389f409459f,1,"[1, 1, 1, 1, 1, 0, 0, 0, 0, 1, 1]",4,1,1,,0.6363636363636364,11
566,1b60731c-8220-11f1-b0da-2389f409459f,1,"[1, 1, 1, 1, 1, 0, 0, 0, 0, 1, 1]",5,0,0,,0.6363636363636364,11
567,1b60731c-8220-11f1-b0da-2389f409459f,1,"[1, 1, 1, 1, 1, 0, 0, 0, 0, 1, 1]",6,0,0,,0.6363636363636364,11
568,1b60731c-8220-11f1-b0da-2389f409459f,1,"[1, 1, 1, 1, 1, 0, 0, 0, 0, 1, 1]",7,0,0,,0.6363636363636364,11
569,1b60731c-8220-11f1-b0da-2389f409459f,1,"[1, 1, 1, 1, 1, 0, 0, 0, 0, 1, 1]",8,0,0,,0.6363636363636364,11
570,1b60731c-8220-11f1-b0da-2389f409459f,1,"[1, 1, 1, 1, 1, 0, 0, 0, 0, 1, 1]",9,1,1,,0.6363636363636364,11
571,1b60731c-8220-11f1-b0da-2389f409459f,1,"[1, 1, 1, 1, 1, 0, 0, 0, 0, 1, 1]",10,1,1,,0.6363636363636364,11
572,1b60731c-8220-11f1-b0da-2389f409459f,2,"[1, 0, 1, 0, 1, 0, 0, 1, 1, 0, 1]",0,1,1,,0.6363636363636364,11
573,1b60731c-8220-11f1-b0da-2389f409459f,2,"[1, 0, 1, 0, 1, 0, 0, 1, 1, 0, 1]",1,0,0,,0.6363636363636364,11
574,1b60731c-8220-11f1-b0da-2389f409459f,2,"[1, 0, 1, 0, 1, 0, 0, 1, 1, 0, 1]",2,1,1,,0.6363636363636364,11
575,1b60731c-8220-11f1-b0da-2389f409459f,2,"[1, 0, 1, 0, 1, 0, 0, 1, 1, 0, 1]",3,0,0,,0.6363636363636364,11
576,1b60731c-8220-11f1-b0da-2389f409459f,2,"[1, 0, 1, 0, 1, 0, 0, 1, 1, 0, 1]",4,1,1,,0.6363636363636364,11
577,1b60731c-8220-11f1-b0da-2389f409459f,2,"[1, 0, 1, 0, 1, 0, 0, 1, 1, 0, 1]",5,0,0,,0.6363636363636364,11
578,1b60731c-8220-11f1-b0da-2389f409459f,2,"[1, 0, 1, 0, 1, 0, 0, 1, 1, 0, 1]",6,0,0,,0.6363636363636364,11
579,1b60731c-8220-11f1-b0da-2389f409459f,2,"[1, 0, 1, 0, 1, 0, 0, 1, 1, 0, 1]",7,1,1,,0.6363636363636364,11
580,1b60731c-8220-11f1-b0da-2389f409459f,2,"[1, 0, 1, 0, 1, 0, 0, 1, 1, 0, 1]",8,1,1,,0.6363636363636364,11
581,1b60731c-8220-11f1-b0da-2389f409459f,2,"[1, 0, 1, 0, 1, 0, 0, 1, 1, 0, 1]",9,0,0,,0.6363636363636364,11
582,1b60731c-8220-11f1-b0da-2389f409459f,2,"[1, 0, 1, 0, 1, 0, 0, 1, 1, 0, 1]",10,1,1,,0.6363636363636364,11
583,1b60731c-8220-11f1-b0da-2389f409459f,3,"[0, 1, 1, 0, 1, 0, 1, 0, 1, 0, 1]",0,0,0,,0.6363636363636364,11
584,1b60731c-8220-11f1-b0da-2389f409459f,3,"[0, 1, 1, 0, 1, 0, 1, 0, 1, 0, 1]",1,1,1,,0.6363636363636364,11
585,1b60731c-8220-11f1-b0da-2389f409459f,3,"[0, 1, 1, 0, 1, 0, 1, 0, 1, 0, 1]",2,1,1,,0.6363636363636364,11
586,1b60731c-8220-11f1-b0da-2389f409459f,3,"[0, 1, 1, 0, 1, 0, 1, 0, 1, 0, 1]",3,0,0,,0.6363636363636364,11
587,1b60731c-8220-11f1-b0da-2389f409459f,3,"[0, 1, 1, 0, 1, 0, 1, 0, 1, 0, 1]",4,1,1,,0.6363636363636364,11
588,1b60731c-8220-11f1-b0da-2389f409459f,3,"[0, 1, 1, 0, 1, 0, 1, 0, 1, 0, 1]",5,0,0,,0.6363636363636364,11
589,1b60731c-8220-11f1-b0da-2389f409459f,3,"[0, 1, 1, 0, 1, 0, 1, 0, 1, 0, 1]",6,1,1,,0.6363636363636364,11
590,1b60731c-8220-11f1-b0da-2389f409459f,3,"[0, 1, 1, 0, 1, 0, 1, 0, 1, 0, 1]",7,0,0,,0.6363636363636364,11
591,1b60731c-8220-11f1-b0da-2389f409459f,3,"[0, 1, 1, 0, 1, 0, 1, 0, 1, 0, 1]",8,1,1,,0.6363636363636364,11
592,1b60731c-8220-11f1-b0da-2389f409459f,3,"[0, 1, 1, 0, 1, 0, 1, 0, 1, 0, 1]",9,0,0,,0.6363636363636364,11
593,1b60731c-8220-11f1-b0da-2389f409459f,3,"[0, 1, 1, 0, 1, 0, 1, 0, 1, 0, 1]",10,1,1,,0.6363636363636364,11
594,1b60731c-8220-11f1-b0da-2389f409459f,4,"[1, 0, 0, 1, 0, 1, 0, 0, 0, 1, 0]",0,1,1,,0.6363636363636364,11
595,1b60731c-8220-11f1-b0da-2389f409459f,4,"[1, 0, 0, 1, 0, 1, 0, 0, 0, 1, 0]",1,0,0,,0.6363636363636364,11
596,1b60731c-8220-11f1-b0da-2389f409459f,4,"[1, 0, 0, 1, 0, 1, 0, 0, 0, 1, 0]",2,0,0,,0.6363636363636364,11
597,1b60731c-8220-11f1-b0da-2389f409459f,4,"[1, 0, 0, 1, 0, 1, 0, 0, 0, 1, 0]",3,1,1,,0.6363636363636364,11
598,1b60731c-8220-11f1-b0da-2389f409459f,4,"[1, 0, 0, 1, 0, 1, 0, 0, 0, 1, 0]",4,0,0,,0.6363636363636364,11
599,1b60731c-8220-11f1-b0da-2389f409459f,4,"[1, 0, 0, 1, 0, 1, 0, 0, 0, 1, 0]",5,1,1,,0.6363636363636364,11
600,1b60731c-8220-11f1-b0da-2389f409459f,4,"[1, 0, 0, 1, 0, 1, 0, 0, 0, 1, 0]",6,0,0,,0.6363636363636364,11
601,1b60731c-8220-11f1-b0da-2389f409459f,4,"[1, 0, 0, 1, 0, 1, 0, 0, 0, 1, 0]",7,0,0,,0.6363636363636364,11
602,1b60731c-8220-11f1-b0da-2389f409459f,4,"[1, 0, 0, 1, 0, 1, 0, 0, 0, 1, 0]",8,0,0,,0.6363636363636364,11
603,1b60731c-8220-11f1-b0da-2389f409459f,4,"[1, 0, 0, 1, 0, 1, 0, 0, 0, 1, 0]",9,1,1,,0.6363636363636364,11
604,1b60731c-8220-11f1-b0da-2389f409459f,4,"[1, 0, 0, 1, 0, 1, 0, 0, 0, 1, 0]",10,0,0,,0.6363636363636364,11
605,1b60731c-8220-11f1-b0da-2389f409459f,5,"[1, 1, 1, 0, 1, 0, 0, 1, 1, 0, 0]",0,1,1,,0.6363636363636364,11
606,1b60731c-8220-11f1-b0da-2389f409459f,5,"[1, 1, 1, 0, 1, 0, 0, 1, 1, 0, 0]",1,1,1,,0.6363636363636364,11
607,1b60731c-8220-11f1-b0da-2389f409459f,5,"[1, 1, 1, 0, 1, 0, 0, 1, 1, 0, 0]",2,1,1,,0.6363636363636364,11
608,1b60731c-8220-11f1-b0da-2389f409459f,5,"[1, 1, 1, 0, 1, 0, 0, 1, 1, 0, 0]",3,0,0,,0.6363636363636364,11
609,1b60731c-8220-11f1-b0da-2389f409459f,5,"[1, 1, 1, 0, 1, 0, 0, 1, 1, 0, 0]",4,1,1,,0.6363636363636364,11
610,1b60731c-8220-11f1-b0da-2389f409459f,5,"[1, 1, 1, 0, 1, 0, 0, 1, 1, 0, 0]",5,0,0,,0.6363636363636364,11
611,1b60731c-8220-11f1-b0da-2389f409459f,5,"[1, 1, 1, 0, 1, 0, 0, 1, 1, 0, 0]",6,0,0,,0.6363636363636364,11
612,1b60731c-8220-11f1-b0da-2389f409459f,5,"[1, 1, 1, 0, 1, 0, 0, 1, 1, 0, 0]",7,1,1,,0.6363636363636364,11
613,1b60731c-8220-11f1-b0da-2389f409459f,5,"[1, 1, 1, 0, 1, 0, 0, 1, 1, 0, 0]",8,1,1,,0.6363636363636364,11
614,1b60731c-8220-11f1-b0da-2389f409459f,5,"[1, 1, 1, 0, 1, 0, 0, 1, 1, 0, 0]",9,0,0,,0.6363636363636364,11
615,1b60731c-8220-11f1-b0da-2389f409459f,5,"[1, 1, 1, 0, 1, 0, 0, 1, 1, 0, 0]",10,0,0,,0.6363636363636364,11
616,1b60731c-8220-11f1-b0da-2389f409459f,6,"[1, 0, 0, 0, 0, 1, 1, 0, 1, 0, 0]",0,1,1,,0.6363636363636364,11
617,1b60731c-8220-11f1-b0da-2389f409459f,6,"[1, 0, 0, 0, 0, 1, 1, 0, 1, 0, 0]",1,0,0,,0.6363636363636364,11
618,1b60731c-8220-11f1-b0da-2389f409459f,6,"[1, 0, 0, 0, 0, 1, 1, 0, 1, 0, 0]",2,0,0,,0.6363636363636364,11
619,1b60731c-8220-11f1-b0da-2389f409459f,6,"[1, 0, 0, 0, 0, 1, 1, 0, 1, 0, 0]",3,0,0,,0.6363636363636364,11
620,1b60731c-8220-11f1-b0da-2389f409459f,6,"[1, 0, 0, 0, 0, 1, 1, 0, 1, 0, 0]",4,0,0,,0.6363636363636364,11
621,1b60731c-8220-11f1-b0da-2389f409459f,6,"[1, 0, 0, 0, 0, 1, 1, 0, 1, 0, 0]",5,1,1,,0.6363636363636364,11
622,1b60731c-8220-11f1-b0da-2389f409459f,6,"[1, 0, 0, 0, 0, 1, 1, 0, 1, 0, 0]",6,1,1,,0.6363636363636364,11
623,1b60731c-8220-11f1-b0da-2389f409459f,6,"[1, 0, 0, 0, 0, 1, 1, 0, 1, 0, 0]",7,0,0,,0.6363636363636364,11
624,1b60731c-8220-11f1-b0da-2389f409459f,6,"[1, 0, 0, 0, 0, 1, 1, 0, 1, 0, 0]",8,1,1,,0.6363636363636364,11
625,1b60731c-8220-11f1-b0da-2389f409459f,6,"[1, 0, 0, 0, 0, 1, 1, 0, 1, 0, 0]",9,0,0,,0.6363636363636364,11
626,1b60731c-8220-11f1-b0da-2389f409459f,6,"[1, 0, 0, 0, 0, 1, 1, 0, 1, 0, 0]",10,0,0,,0.6363636363636364,11
627,1b60731c-8220-11f1-b0da-2389f409459f,7,"[1, 0, 0, 0, 0, 0, 0, 0, 1, 0, 0]",0,1,1,,0.6363636363636364,11
628,1b60731c-8220-11f1-b0da-2389f409459f,7,"[1, 0, 0, 0, 0, 0, 0, 0, 1, 0, 0]",1,0,0,,0.6363636363636364,11
629,1b60731c-8220-11f1-b0da-2389f409459f,7,"[1, 0, 0, 0, 0, 0, 0, 0, 1, 0, 0]",2,0,0,,0.6363636363636364,11
630,1b60731c-8220-11f1-b0da-2389f409459f,7,"[1, 0, 0, 0, 0, 0, 0, 0, 1, 0, 0]",3,0,0,,0.6363636363636364,11
631,1b60731c-8220-11f1-b0da-2389f409459f,7,"[1, 0, 0, 0, 0, 0, 0, 0, 1, 0, 0]",4,0,0,,0.6363636363636364,11
632,1b60731c-8220-11f1-b0da-2389f409459f,7,"[1, 0, 0, 0, 0, 0, 0, 0, 1, 0, 0]",5,0,0,,0.6363636363636364,11
633,1b60731c-8220-11f1-b0da-2389f409459f,7,"[1, 0, 0, 0, 0, 0, 0, 0, 1, 0, 0]",6,0,0,,0.6363636363636364,11
634,1b60731c-8220-11f1-b0da-2389f409459f,7,"[1, 0, 0, 0, 0, 0, 0, 0, 1, 0, 0]",7,0,0,,0.6363636363636364,11
635,1b60731c-8220-11f1-b0da-2389f409459f,7,"[1, 0, 0, 0, 0, 0, 0, 0, 1, 0, 0]",8,1,1,,0.6363636363636364,11
636,1b60731c-8220-11f1-b0da-2389f409459f,7,"[1, 0, 0, 0, 0, 0, 0, 0, 1, 0, 0]",9,0,0,,0.6363636363636364,11
637,1b60731c-8220-11f1-b0da-2389f409459f,7,"[1, 0, 0, 0, 0, 0, 0, 0, 1, 0, 0]",10,0,0,,0.6363636363636364,11
638,1b60731c-8220-11f1-b0da-2389f409459f,8,"[1, 1, 0, 0, 0, 0, 1, 1, 1, 1, 0]",0,1,1,,0.6363636363636364,11
639,1b60731c-8220-11f1-b0da-2389f409459f,8,"[1, 1, 0, 0, 0, 0, 1, 1, 1, 1, 0]",1,1,1,,0.6363636363636364,11
640,1b60731c-8220-11f1-b0da-2389f409459f,8,"[1, 1, 0, 0, 0, 0, 1, 1, 1, 1, 0]",2,0,0,,0.6363636363636364,11
641,1b60731c-8220-11f1-b0da-2389f409459f,8,"[1, 1, 0, 0, 0, 0, 1, 1, 1, 1, 0]",3,0,0,,0.6363636363636364,11
642,1b60731c-8220-11f1-b0da-2389f409459f,8,"[1, 1, 0, 0, 0, 0, 1, 1, 1, 1, 0]",4,0,0,,0.6363636363636364,11
643,1b60731c-8220-11f1-b0da-2389f409459f,8,"[1, 1, 0, 0, 0, 0, 1, 1, 1, 1, 0]",5,0,0,,0.6363636363636364,11
644,1b60731c-8220-11f1-b0da-2389f409459f,8,"[1, 1, 0, 0, 0, 0, 1, 1, 1, 1, 0]",6,1,1,,0.6363636363636364,11
645,1b60731c-8220-11f1-b0da-2389f409459f,8,"[1, 1, 0, 0, 0, 0, 1, 1, 1, 1, 0]",7,1,1,,0.6363636363636364,11
646,1b60731c-8220-11f1-b0da-2389f409459f,8,"[1, 1, 0, 0, 0, 0, 1, 1, 1, 1, 0]",8,1,1,,0.6363636363636364,11
647,1b60731c-8220-11f1-b0da-2389f409459f,8,"[1, 1, 0, 0, 0, 0, 1, 1, 1, 1, 0]",9,1,1,,0.6363636363636364,11
648,1b60731c-8220-11f1-b0da-2389f409459f,8,"[1, 1, 0, 0, 0, 0, 1, 1, 1, 1, 0]",10,0,0,,0.6363636363636364,11
649,1b60731c-8220-11f1-b0da-2389f409459f,9,"[0, 0, 1, 1, 1, 1, 0, 0, 0, 0, 1]",0,0,0,,0.6363636363636364,11
650,1b60731c-8220-11f1-b0da-2389f409459f,9,"[0, 0, 1, 1, 1, 1, 0, 0, 0, 0, 1]",1,0,0,,0.6363636363636364,11
651,1b60731c-8220-11f1-b0da-2389f409459f,9,"[0, 0, 1, 1, 1, 1, 0, 0, 0, 0, 1]",2,1,1,,0.6363636363636364,11
652,1b60731c-8220-11f1-b0da-2389f409459f,9,"[0, 0, 1, 1, 1, 1, 0, 0, 0, 0, 1]",3,1,1,,0.6363636363636364,11
653,1b60731c-8220-11f1-b0da-2389f409459f,9,"[0, 0, 1, 1, 1, 1, 0, 0, 0, 0, 1]",4,1,1,,0.6363636363636364,11
654,1b60731c-8220-11f1-b0da-2389f409459f,9,"[0, 0, 1, 1, 1, 1, 0, 0, 0, 0, 1]",5,1,1,,0.6363636363636364,11
655,1b60731c-8220-11f1-b0da-2389f409459f,9,"[0, 0, 1, 1, 1, 1, 0, 0, 0, 0, 1]",6,0,0,,0.6363636363636364,11
656,1b60731c-8220-11f1-b0da-2389f409459f,9,"[0, 0, 1, 1, 1, 1, 0, 0, 0, 0, 1]",7,0,0,,0.6363636363636364,11
657,1b60731c-8220-11f1-b0da-2389f409459f,9,"[0, 0, 1, 1, 1, 1, 0, 0, 0, 0, 1]",8,0,0,,0.6363636363636364,11
658,1b60731c-8220-11f1-b0da-2389f409459f,9,"[0, 0, 1, 1, 1, 1, 0, 0, 0, 0, 1]",9,0,0,,0.6363636363636364,11
659,1b60731c-8220-11f1-b0da-2389f409459f,9,"[0, 0, 1, 1, 1, 1, 0, 0, 0, 0, 1]",10,1,1,,0.6363636363636364,11
660,1b61b0f6-8220-11f1-b0da-2389f409459f,0,"[1, 0, 0, 0, 1, 0, 1, 1, 1, 1, 0]",0,1,1,,0.6363636363636364,11
661,1b61b0f6-8220-11f1-b0da-2389f409459f,0,"[1, 0, 0, 0, 1, 0, 1, 1, 1, 1, 0]",1,0,0,,0.6363636363636364,11
662,1b61b0f6-8220-11f1-b0da-2389f409459f,0,"[1, 0, 0, 0, 1, 0, 1, 1, 1, 1, 0]",2,0,0,,0.6363636363636364,11
663,1b61b0f6-8220-11f1-b0da-2389f409459f,0,"[1, 0, 0, 0, 1, 0, 1, 1, 1, 1, 0]",3,0,0,,0.6363636363636364,11
664,1b61b0f6-8220-11f1-b0da-2389f409459f,0,"[1, 0, 0, 0, 1, 0, 1, 1, 1, 1, 0]",4,1,1,,0.6363636363636364,11
665,1b61b0f6-8220-11f1-b0da-2389f409459f,0,"[1, 0, 0, 0, 1, 0, 1, 1, 1, 1, 0]",5,0,0,,0.6363636363636364,11
666,1b61b0f6-8220-11f1-b0da-2389f409459f,0,"[1, 0, 0, 0, 1, 0, 1, 1, 1, 1, 0]",6,1,1,,0.6363636363636364,11
667,1b61b0f6-8220-11f1-b0da-2389f409459f,0,"[1, 0, 0, 0, 1, 0, 1, 1, 1, 1, 0]",7,1,1,,0.6363636363636364,11
668,1b61b0f6-8220-11f1-b0da-2389f409459f,0,"[1, 0, 0, 0, 1, 0, 1, 1, 1, 1, 0]",8,1,1,,0.6363636363636364,11
669,1b61b0f6-8220-11f1-b0da-2389f409459f,0,"[1, 0, 0, 0, 1, 0, 1, 1, 1, 1, 0]",9,1,1,,0.6363636363636364,11
670,1b61b0f6-8220-11f1-b0da-2389f409459f,0,"[1, 0, 0, 0, 1, 0, 1, 1, 1, 1, 0]",10,0,0,,0.6363636363636364,11
671,1b61b0f6-8220-11f1-b0da-2389f409459f,1,"[1, 1, 1, 0, 1, 0, 1, 0, 0, 0, 1]",0,1,1,,0.6363636363636364,11
672,1b61b0f6-8220-11f1-b0da-2389f409459f,1,"[1, 1, 1, 0, 1, 0, 1, 0, 0, 0, 1]",1,1,1,,0.6363636363636364,11
673,1b61b0f6-8220-11f1-b0da-2389f409459f,1,"[1, 1, 1, 0, 1, 0, 1, 0, 0, 0, 1]",2,1,1,,0.6363636363636364,11
674,1b61b0f6-8220-11f1-b0da-2389f409459f,1,"[1, 1, 1, 0, 1, 0, 1, 0, 0, 0, 1]",3,0,0,,0.6363636363636364,11
675,1b61b0f6-8220-11f1-b0da-2389f409459f,1,"[1, 1, 1, 0, 1, 0, 1, 0, 0, 0, 1]",4,1,1,,0.6363636363636364,11
676,1b61b0f6-8220-11f1-b0da-2389f409459f,1,"[1, 1, 1, 0, 1, 0, 1, 0, 0, 0, 1]",5,0,0,,0.6363636363636364,11
677,1b61b0f6-8220-11f1-b0da-2389f409459f,1,"[1, 1, 1, 0, 1, 0, 1, 0, 0, 0, 1]",6,1,1,,0.6363636363636364,11
678,1b61b0f6-8220-11f1-b0da-2389f409459f,1,"[1, 1, 1, 0, 1, 0, 1, 0, 0, 0, 1]",7,0,0,,0.6363636363636364,11
679,1b61b0f6-8220-11f1-b0da-2389f409459f,1,"[1, 1, 1, 0, 1, 0, 1, 0, 0, 0, 1]",8,0,0,,0.6363636363636364,11
680,1b61b0f6-8220-11f1-b0da-2389f409459f,1,"[1, 1, 1, 0, 1, 0, 1, 0, 0, 0, 1]",9,0,0,,0.6363636363636364,11
681,1b61b0f6-8220-11f1-b0da-2389f409459f,1,"[1, 1, 1, 0, 1, 0, 1, 0, 0, 0, 1]",10,1,1,,0.6363636363636364,11
682,1b61b0f6-8220-11f1-b0da-2389f409459f,2,"[0, 1, 0, 0, 0, 0, 1, 1, 0, 0, 1]",0,0,0,,0.6363636363636364,11
683,1b61b0f6-8220-11f1-b0da-2389f409459f,2,"[0, 1, 0, 0, 0, 0, 1, 1, 0, 0, 1]",1,1,1,,0.6363636363636364,11
684,1b61b0f6-8220-11f1-b0da-2389f409459f,2,"[0, 1, 0, 0, 0, 0, 1, 1, 0, 0, 1]",2,0,0,,0.6363636363636364,11
685,1b61b0f6-8220-11f1-b0da-2389f409459f,2,"[0, 1, 0, 0, 0, 0, 1, 1, 0, 0, 1]",3,0,0,,0.6363636363636364,11
686,1b61b0f6-8220-11f1-b0da-2389f409459f,2,"[0, 1, 0, 0, 0, 0, 1, 1, 0, 0, 1]",4,0,0,,0.6363636363636364,11
687,1b61b0f6-8220-11f1-b0da-2389f409459f,2,"[0, 1, 0, 0, 0, 0, 1, 1, 0, 0, 1]",5,0,0,,0.6363636363636364,11
688,1b61b0f6-8220-11f1-b0da-2389f409459f,2,"[0, 1, 0, 0, 0, 0, 1, 1, 0, 0, 1]",6,1,1,,0.6363636363636364,11
689,1b61b0f6-8220-11f1-b0da-2389f409459f,2,"[0, 1, 0, 0, 0, 0, 1, 1, 0, 0, 1]",7,1,1,,0.6363636363636364,11
690,1b61b0f6-8220-11f1-b0da-2389f409459f,2,"[0, 1, 0, 0, 0, 0, 1, 1, 0, 0, 1]",8,0,0,,0.6363636363636364,11
691,1b61b0f6-8220-11f1-b0da-2389f409459f,2,"[0, 1, 0, 0, 0, 0, 1, 1, 0, 0, 1]",9,0,0,,0.6363636363636364,11
692,1b61b0f6-8220-11f1-b0da-2389f409459f,2,"[0, 1, 0, 0, 0, 0, 1, 1, 0, 0, 1]",10,1,1,,0.6363636363636364,11
693,1b61b0f6-8220-11f1-b0da-2389f409459f,3,"[1, 0, 1, 1, 1, 1, 1, 1, 1, 0, 1]",0,1,-1,,0.6363636363636364,11
694,1b61b0f6-8220-11f1-b0da-2389f409459f,3,"[1, 0, 1, 1, 1, 1, 1, 1, 1, 0, 1]",1,0,0,,0.6363636363636364,11
695,1b61b0f6-8220-11f1-b0da-2389f409459f,3,"[1, 0, 1, 1, 1, 1, 1, 1, 1, 0, 1]",2,1,-1,,0.6363636363636364,11
696,1b61b0f6-8220-11f1-b0da-2389f409459f,3,"[1, 0, 1, 1, 1, 1, 1, 1, 1, 0, 1]",3,1,-1,,0.6363636363636364,11
697,1b61b0f6-8220-11f1-b0da-2389f409459f,3,"[1, 0, 1, 1, 1, 1, 1, 1, 1, 0, 1]",4,1,-1,,0.6363636363636364,11
698,1b61b0f6-8220-11f1-b0da-2389f409459f,3,"[1, 0, 1, 1, 1, 1, 1, 1, 1, 0, 1]",5,1,-1,,0.6363636363636364,11
699,1b61b0f6-8220-11f1-b0da-2389f409459f,3,"[1, 0, 1, 1, 1, 1, 1, 1, 1, 0, 1]",6,1,-1,,0.6363636363636364,11
700,1b61b0f6-8220-11f1-b0da-2389f409459f,3,"[1, 0, 1, 1, 1, 1, 1, 1, 1, 0, 1]",7,1,-1,,0.6363636363636364,11
701,1b61b0f6-8220-11f1-b0da-2389f409459f,3,"[1, 0, 1, 1, 1, 1, 1, 1, 1, 0, 1]",8,1,-1,,0.6363636363636364,11
702,1b61b0f6-8220-11f1-b0da-2389f409459f,3,"[1, 0, 1, 1, 1, 1, 1, 1, 1, 0, 1]",9,0,0,,0.6363636363636364,11
703,1b61b0f6-8220-11f1-b0da-2389f409459f,3,"[1, 0, 1, 1, 1, 1, 1, 1, 1, 0, 1]",10,1,-1,,0.6363636363636364,11
704,1b61b0f6-8220-11f1-b0da-2389f409459f,4,"[1, 1, 1, 1, 1, 1, 0, 0, 1, 1, 0]",0,1,-1,,0.6363636363636364,11
705,1b61b0f6-8220-11f1-b0da-2389f409459f,4,"[1, 1, 1, 1, 1, 1, 0, 0, 1, 1, 0]",1,1,-1,,0.6363636363636364,11
706,1b61b0f6-8220-11f1-b0da-2389f409459f,4,"[1, 1, 1, 1, 1, 1, 0, 0, 1, 1, 0]",2,1,-1,,0.6363636363636364,11
707,1b61b0f6-8220-11f1-b0da-2389f409459f,4,"[1, 1, 1, 1, 1, 1, 0, 0, 1, 1, 0]",3,1,-1,,0.6363636363636364,11
708,1b61b0f6-8220-11f1-b0da-2389f409459f,4,"[1, 1, 1, 1, 1, 1, 0, 0, 1, 1, 0]",4,1,-1,,0.6363636363636364,11
709,1b61b0f6-8220-11f1-b0da-2389f409459f,4,"[1, 1, 1, 1, 1, 1, 0, 0, 1, 1, 0]",5,1,-1,,0.6363636363636364,11
710,1b61b0f6-8220-11f1-b0da-2389f409459f,4,"[1, 1, 1, 1, 1, 1, 0, 0, 1, 1, 0]",6,0,0,,0.6363636363636364,11
711,1b61b0f6-8220-11f1-b0da-2389f409459f,4,"[1, 1, 1, 1, 1, 1, 0, 0, 1, 1, 0]",7,0,0,,0.6363636363636364,11
712,1b61b0f6-8220-11f1-b0da-2389f409459f,4,"[1, 1, 1, 1, 1, 1, 0, 0, 1, 1, 0]",8,1,-1,,0.6363636363636364,11
713,1b61b0f6-8220-11f1-b0da-2389f409459f,4,"[1, 1, 1, 1, 1, 1, 0, 0, 1, 1, 0]",9,1,-1,,0.6363636363636364,11
714,1b61b0f6-8220-11f1-b0da-2389f409459f,4,"[1, 1, 1, 1, 1, 1, 0, 0, 1, 1, 0]",10,0,0,,0.6363636363636364,11
715,1b61b0f6-8220-11f1-b0da-2389f409459f,5,"[0, 0, 1, 1, 0, 0, 0, 1, 1, 0, 0]",0,0,0,,0.6363636363636364,11
716,1b61b0f6-8220-11f1-b0da-2389f409459f,5,"[0, 0, 1, 1, 0, 0, 0, 1, 1, 0, 0]",1,0,0,,0.6363636363636364,11
717,1b61b0f6-8220-11f1-b0da-2389f409459f,5,"[0, 0, 1, 1, 0, 0, 0, 1, 1, 0, 0]",2,1,1,,0.6363636363636364,11
718,1b61b0f6-8220-11f1-b0da-2389f409459f,5,"[0, 0, 1, 1, 0, 0, 0, 1, 1, 0, 0]",3,1,1,,0.6363636363636364,11
719,1b61b0f6-8220-11f1-b0da-2389f409459f,5,"[0, 0, 1, 1, 0, 0, 0, 1, 1, 0, 0]",4,0,0,,0.6363636363636364,11
720,1b61b0f6-8220-11f1-b0da-2389f409459f,5,"[0, 0, 1, 1, 0, 0, 0, 1, 1, 0, 0]",5,0,0,,0.6363636363636364,11
721,1b61b0f6-8220-11f1-b0da-2389f409459f,5,"[0, 0, 1, 1, 0, 0, 0, 1, 1, 0, 0]",6,0,0,,0.6363636363636364,11
722,1b61b0f6-8220-11f1-b0da-2389f409459f,5,"[0, 0, 1, 1, 0, 0, 0, 1, 1, 0, 0]",7,1,1,,0.6363636363636364,11
723,1b61b0f6-8220-11f1-b0da-2389f409459f,5,"[0, 0, 1, 1, 0, 0, 0, 1, 1, 0, 0]",8,1,1,,0.6363636363636364,11
724,1b61b0f6-8220-11f1-b0da-2389f409459f,5,"[0, 0, 1, 1, 0, 0, 0, 1, 1, 0, 0]",9,0,0,,0.6363636363636364,11
725,1b61b0f6-8220-11f1-b0da-2389f409459f,5,"[0, 0, 1, 1, 0, 0, 0, 1, 1, 0, 0]",10,0,0,,0.6363636363636364,11
726,1b61b0f6-8220-11f1-b0da-2389f409459f,6,"[1, 1, 1, 1, 0, 0, 1, 0, 1, 1, 1]",0,1,-1,,0.6363636363636364,11
727,1b61b0f6-8220-11f1-b0da-2389f409459f,6,"[1, 1, 1, 1, 0, 0, 1, 0, 1, 1, 1]",1,1,-1,,0.6363636363636364,11
728,1b61b0f6-8220-11f1-b0da-2389f409459f,6,"[1, 1, 1, 1, 0, 0, 1, 0, 1, 1, 1]",2,1,-1,,0.6363636363636364,11
729,1b61b0f6-8220-11f1-b0da-2389f409459f,6,"[1, 1, 1, 1, 0, 0, 1, 0, 1, 1, 1]",3,1,-1,,0.6363636363636364,11
730,1b61b0f6-8220-11f1-b0da-2389f409459f,6,"[1, 1, 1, 1, 0, 0, 1, 0, 1, 1, 1]",4,0,0,,0.6363636363636364,11
731,1b61b0f6-8220-11f1-b0da-2389f409459f,6,"[1, 1, 1, 1, 0, 0, 1, 0, 1, 1, 1]",5,0,0,,0.6363636363636364,11
732,1b61b0f6-8220-11f1-b0da-2389f409459f,6,"[1, 1, 1, 1, 0, 0, 1, 0, 1, 1, 1]",6,1,-1,,0.6363636363636364,11
733,1b61b0f6-8220-11f1-b0da-2389f409459f,6,"[1, 1, 1, 1, 0, 0, 1, 0, 1, 1, 1]",7,0,0,,0.6363636363636364,11
734,1b61b0f6-8220-11f1-b0da-2389f409459f,6,"[1, 1, 1, 1, 0, 0, 1, 0, 1, 1, 1]",8,1,-1,,0.6363636363636364,11
735,1b61b0f6-8220-11f1-b0da-2389f409459f,6,"[1, 1, 1, 1, 0, 0, 1, 0, 1, 1, 1]",9,1,-1,,0.6363636363636364,11
736,1b61b0f6-8220-11f1-b0da-2389f409459f,6,"[1, 1, 1, 1, 0, 0, 1, 0, 1, 1, 1]",10,1,-1,,0.6363636363636364,11
737,1b61b0f6-8220-11f1-b0da-2389f409459f,7,"[0, 0, 0, 1, 0, 0, 0, 1, 0, 1, 0]",0,0,0,,0.6363636363636364,11
738,1b61b0f6-8220-11f1-b0da-2389f409459f,7,"[0, 0, 0, 1, 0, 0, 0, 1, 0, 1, 0]",1,0,0,,0.6363636363636364,11
739,1b61b0f6-8220-11f1-b0da-2389f409459f,7,"[0, 0, 0, 1, 0, 0, 0, 1, 0, 1, 0]",2,0,0,,0.6363636363636364,11
740,1b61b0f6-8220-11f1-b0da-2389f409459f,7,"[0, 0, 0, 1, 0, 0, 0, 1, 0, 1, 0]",3,1,1,,0.6363636363636364,11
741,1b61b0f6-8220-11f1-b0da-2389f409459f,7,"[0, 0, 0, 1, 0, 0, 0, 1, 0, 1, 0]",4,0,0,,0.6363636363636364,11
742,1b61b0f6-8220-11f1-b0da-2389f409459f,7,"[0, 0, 0, 1, 0, 0, 0, 1, 0, 1, 0]",5,0,0,,0.6363636363636364,11
743,1b61b0f6-8220-11f1-b0da-2389f409459f,7,"[0, 0, 0, 1, 0, 0, 0, 1, 0, 1, 0]",6,0,0,,0.6363636363636364,11
744,1b61b0f6-8220-11f1-b0da-2389f409459f,7,"[0, 0, 0, 1, 0, 0, 0, 1, 0, 1, 0]",7,1,1,,0.6363636363636364,11
745,1b61b0f6-8220-11f1-b0da-2389f409459f,7,"[0, 0, 0, 1, 0, 0, 0, 1, 0, 1, 0]",8,0,0,,0.6363636363636364,11
746,1b61b0f6-8220-11f1-b0da-2389f409459f,7,"[0, 0, 0, 1, 0, 0, 0, 1, 0, 1, 0]",9,1,1,,0.6363636363636364,11
747,1b61b0f6-8220-11f1-b0da-2389f409459f,7,"[0, 0, 0, 1, 0, 0, 0, 1, 0, 1, 0]",10,0,0,,0.6363636363636364,11
748,1b61b0f6-8220-11f1-b0da-2389f409459f,8,"[1, 0, 1, 0, 1, 1, 0, 0, 1, 1, 1]",0,1,1,,0.6363636363636364,11
749,1b61b0f6-8220-11f1-b0da-2389f409459f,8,"[1, 0, 1, 0, 1, 1, 0, 0, 1, 1, 1]",1,0,0,,0.6363636363636364,11
750,1b61b0f6-8220-11f1-b0da-2389f409459f,8,"[1, 0, 1, 0, 1, 1, 0, 0, 1, 1, 1]",2,1,1,,0.6363636363636364,11
751,1b61b0f6-8220-11f1-b0da-2389f409459f,8,"[1, 0, 1, 0, 1, 1, 0, 0, 1, 1, 1]",3,0,0,,0.6363636363636364,11
752,1b61b0f6-8220-11f1-b0da-2389f409459f,8,"[1, 0, 1, 0, 1, 1, 0, 0, 1, 1, 1]",4,1,1,,0.6363636363636364,11
753,1b61b0f6-8220-11f1-b0da-2389f409459f,8,"[1, 0, 1, 0, 1, 1, 0, 0, 1, 1, 1]",5,1,1,,0.6363636363636364,11
754,1b61b0f6-8220-11f1-b0da-2389f409459f,8,"[1, 0, 1, 0, 1, 1, 0, 0, 1, 1, 1]",6,0,0,,0.6363636363636364,11
755,1b61b0f6-8220-11f1-b0da-2389f409459f,8,"[1, 0, 1, 0, 1, 1, 0, 0, 1, 1, 1]",7,0,0,,0.6363636363636364,11
756,1b61b0f6-8220-11f1-b0da-2389f409459f,8,"[1, 0, 1, 0, 1, 1, 0, 0, 1, 1, 1]",8,1,1,,0.6363636363636364,11
757,1b61b0f6-8220-11f1-b0da-2389f409459f,8,"[1, 0, 1, 0, 1, 1, 0, 0, 1, 1, 1]",9,1,1,,0.6363636363636364,11
758,1b61b0f6-8220-11f1-b0da-2389f409459f,8,"[1, 0, 1, 0, 1, 1, 0, 0, 1, 1, 1]",10,1,1,,0.6363636363636364,11
759,1b61b0f6-8220-11f1-b0da-2389f409459f,9,"[1, 0, 1, 0, 1, 1, 1, 0, 1, 1, 0]",0,1,1,,0.6363636363636364,11
760,1b61b0f6-8220-11f1-b0da-2389f409459f,9,"[1, 0, 1, 0, 1, 1, 1, 0, 1, 1, 0]",1,0,0,,0.6363636363636364,11
761,1b61b0f6-8220-11f1-b0da-2389f409459f,9,"[1, 0, 1, 0, 1, 1, 1, 0, 1, 1, 0]",2,1,1,,0.6363636363636364,11
762,1b61b0f6-8220-11f1-b0da-2389f409459f,9,"[1, 0, 1, 0, 1, 1, 1, 0, 1, 1, 0]",3,0,0,,0.6363636363636364,11
763,1b61b0f6-8220-11f1-b0da-2389f409459f,9,"[1, 0, 1, 0, 1, 1, 1, 0, 1, 1, 0]",4,1,1,,0.6363636363636364,11
764,1b61b0f6-8220-11f1-b0da-2389f409459f,9,"[1, 0, 1, 0, 1, 1, 1, 0, 1, 1, 0]",5,1,1,,0.6363636363636364,11
765,1b61b0f6-8220-11f1-b0da-2389f409459f,9,"[1, 0, 1, 0, 1, 1, 1, 0, 1, 1, 0]",6,1,1,,0.6363636363636364,11
766,1b61b0f6-8220-11f1-b0da-2389f409459f,9,"[1, 0, 1, 0, 1, 1, 1, 0, 1, 1, 0]",7,0,0,,0.6363636363636364,11
767,1b61b0f6-8220-11f1-b0da-2389f409459f,9,"[1, 0, 1, 0, 1, 1, 1, 0, 1, 1, 0]",8,1,1,,0.6363636363636364,11
768,1b61b0f6-8220-11f1-b0da-2389f409459f,9,"[1, 0, 1, 0, 1, 1, 1, 0, 1, 1, 0]",9,1,1,,0.6363636363636364,11
769,1b61b0f6-8220-11f1-b0da-2389f409459f,9,"[1, 0, 1, 0, 1, 1, 1, 0, 1, 1, 0]",10,0,0,,0.6363636363636364,11
770,1b631e3c-8220-11f1-b0da-2389f409459f,0,"[0, 0, 1, 0, 1, 0, 0, 1, 1, 1, 0]",0,0,0,,0.6363636363636364,11
771,1b631e3c-8220-11f1-b0da-2389f409459f,0,"[0, 0, 1, 0, 1, 0, 0, 1, 1, 1, 0]",1,0,0,,0.6363636363636364,11
772,1b631e3c-8220-11f1-b0da-2389f409459f,0,"[0, 0, 1, 0, 1, 0, 0, 1, 1, 1, 0]",2,1,1,,0.6363636363636364,11
773,1b631e3c-8220-11f1-b0da-2389f409459f,0,"[0, 0, 1, 0, 1, 0, 0, 1, 1, 1, 0]",3,0,0,,0.6363636363636364,11
774,1b631e3c-8220-11f1-b0da-2389f409459f,0,"[0, 0, 1, 0, 1, 0, 0, 1, 1, 1, 0]",4,1,1,,0.6363636363636364,11
775,1b631e3c-8220-11f1-b0da-2389f409459f,0,"[0, 0, 1, 0, 1, 0, 0, 1, 1, 1, 0]",5,0,0,,0.6363636363636364,11
776,1b631e3c-8220-11f1-b0da-2389f409459f,0,"[0, 0, 1, 0, 1, 0, 0, 1, 1, 1, 0]",6,0,0,,0.6363636363636364,11
777,1b631e3c-8220-11f1-b0da-2389f409459f,0,"[0, 0, 1, 0, 1, 0, 0, 1, 1, 1, 0]",7,1,1,,0.6363636363636364,11
778,1b631e3c-8220-11f1-b0da-2389f409459f,0,"[0, 0, 1, 0, 1, 0, 0, 1, 1, 1, 0]",8,1,1,,0.6363636363636364,11
779,1b631e3c-8220-11f1-b0da-2389f409459f,0,"[0, 0, 1, 0, 1, 0, 0, 1, 1, 1, 0]",9,1,1,,0.6363636363636364,11
780,1b631e3c-8220-11f1-b0da-2389f409459f,0,"[0, 0, 1, 0, 1, 0, 0, 1, 1, 1, 0]",10,0,0,,0.6363636363636364,11
781,1b631e3c-8220-11f1-b0da-2389f409459f,1,"[1, 1, 0, 0, 1, 0, 0, 1, 0, 0, 0]",0,1,1,,0.6363636363636364,11
782,1b631e3c-8220-11f1-b0da-2389f409459f,1,"[1, 1, 0, 0, 1, 0, 0, 1, 0, 0, 0]",1,1,1,,0.6363636363636364,11
783,1b631e3c-8220-11f1-b0da-2389f409459f,1,"[1, 1, 0, 0, 1, 0, 0, 1, 0, 0, 0]",2,0,0,,0.6363636363636364,11
784,1b631e3c-8220-11f1-b0da-2389f409459f,1,"[1, 1, 0, 0, 1, 0, 0, 1, 0, 0, 0]",3,0,0,,0.6363636363636364,11
785,1b631e3c-8220-11f1-b0da-2389f409459f,1,"[1, 1, 0, 0, 1, 0, 0, 1, 0, 0, 0]",4,1,1,,0.6363636363636364,11
786,1b631e3c-8220-11f1-b0da-2389f409459f,1,"[1, 1, 0, 0, 1, 0, 0, 1, 0, 0, 0]",5,0,0,,0.6363636363636364,11
787,1b631e3c-8220-11f1-b0da-2389f409459f,1,"[1, 1, 0, 0, 1, 0, 0, 1, 0, 0, 0]",6,0,0,,0.6363636363636364,11
788,1b631e3c-8220-11f1-b0da-2389f409459f,1,"[1, 1, 0, 0, 1, 0, 0, 1, 0, 0, 0]",7,1,1,,0.6363636363636364,11
789,1b631e3c-8220-11f1-b0da-2389f409459f,1,"[1, 1, 0, 0, 1, 0, 0, 1, 0, 0, 0]",8,0,0,,0.6363636363636364,11
790,1b631e3c-8220-11f1-b0da-2389f409459f,1,"[1, 1, 0, 0, 1, 0, 0, 1, 0, 0, 0]",9,0,0,,0.6363636363636364,11
791,1b631e3c-8220-11f1-b0da-2389f409459f,1,"[1, 1, 0, 0, 1, 0, 0, 1, 0, 0, 0]",10,0,0,,0.6363636363636364,11
792,1b631e3c-8220-11f1-b0da-2389f409459f,2,"[0, 1, 0, 0, 1, 0, 1, 0, 1, 1, 0]",0,0,0,,0.6363636363636364,11
793,1b631e3c-8220-11f1-b0da-2389f409459f,2,"[0, 1, 0, 0, 1, 0, 1, 0, 1, 1, 0]",1,1,1,,0.6363636363636364,11
794,1b631e3c-8220-11f1-b0da-2389f409459f,2,"[0, 1, 0, 0, 1, 0, 1, 0, 1, 1, 0]",2,0,0,,0.6363636363636364,11
795,1b631e3c-8220-11f1-b0da-2389f409459f,2,"[0, 1, 0, 0, 1, 0, 1, 0, 1, 1, 0]",3,0,0,,0.6363636363636364,11
796,1b631e3c-8220-11f1-b0da-2389f409459f,2,"[0, 1, 0, 0, 1, 0, 1, 0, 1, 1, 0]",4,1,1,,0.6363636363636364,11
797,1b631e3c-8220-11f1-b0da-2389f409459f,2,"[0, 1, 0, 0, 1, 0, 1, 0, 1, 1, 0]",5,0,0,,0.6363636363636364,11
798,1b631e3c-8220-11f1-b0da-2389f409459f,2,"[0, 1, 0, 0, 1, 0, 1, 0, 1, 1, 0]",6,1,1,,0.6363636363636364,11
799,1b631e3c-8220-11f1-b0da-2389f409459f,2,"[0, 1, 0, 0, 1, 0, 1, 0, 1, 1, 0]",7,0,0,,0.6363636363636364,11
800,1b631e3c-8220-11f1-b0da-2389f409459f,2,"[0, 1, 0, 0, 1, 0, 1, 0, 1, 1, 0]",8,1,1,,0.6363636363636364,11
801,1b631e3c-8220-11f1-b0da-2389f409459f,2,"[0, 1, 0, 0, 1, 0, 1, 0, 1, 1, 0]",9,1,1,,0.6363636363636364,11
802,1b631e3c-8220-11f1-b0da-2389f409459f,2,"[0, 1, 0, 0, 1, 0, 1, 0, 1, 1, 0]",10,0,0,,0.6363636363636364,11
803,1b631e3c-8220-11f1-b0da-2389f409459f,3,"[0, 0, 0, 1, 1, 0, 1, 0, 0, 0, 1]",0,0,0,,0.6363636363636364,11
804,1b631e3c-8220-11f1-b0da-2389f409459f,3,"[0, 0, 0, 1, 1, 0, 1, 0, 0, 0, 1]",1,0,0,,0.6363636363636364,11
805,1b631e3c-8220-11f1-b0da-2389f409459f,3,"[0, 0, 0, 1, 1, 0, 1, 0, 0, 0, 1]",2,0,0,,0.6363636363636364,11
806,1b631e3c-8220-11f1-b0da-2389f409459f,3,"[0, 0, 0, 1, 1, 0, 1, 0, 0, 0, 1]",3,1,1,,0.6363636363636364,11
807,1b631e3c-8220-11f1-b0da-2389f409459f,3,"[0, 0, 0, 1, 1, 0, 1, 0, 0, 0, 1]",4,1,1,,0.6363636363636364,11
808,1b631e3c-8220-11f1-b0da-2389f409459f,3,"[0, 0, 0, 1, 1, 0, 1, 0, 0, 0, 1]",5,0,0,,0.6363636363636364,11
809,1b631e3c-8220-11f1-b0da-2389f409459f,3,"[0, 0, 0, 1, 1, 0, 1, 0, 0, 0, 1]",6,1,1,,0.6363636363636364,11
810,1b631e3c-8220-11f1-b0da-2389f409459f,3,"[0, 0, 0, 1, 1, 0, 1, 0, 0, 0, 1]",7,0,0,,0.6363636363636364,11
811,1b631e3c-8220-11f1-b0da-2389f409459f,3,"[0, 0, 0, 1, 1, 0, 1, 0, 0, 0, 1]",8,0,0,,0.6363636363636364,11
812,1b631e3c-8220-11f1-b0da-2389f409459f,3,"[0, 0, 0, 1, 1, 0, 1, 0, 0, 0, 1]",9,0,0,,0.6363636363636364,11
813,1b631e3c-8220-11f1-b0da-2389f409459f,3,"[0, 0, 0, 1, 1, 0, 1, 0, 0, 0, 1]",10,1,1,,0.6363636363636364,11
814,1b631e3c-8220-11f1-b0da-2389f409459f,4,"[1, 0, 1, 0, 1, 1, 0, 0, 0, 1, 0]",0,1,1,,0.6363636363636364,11
815,1b631e3c-8220-11f1-b0da-2389f409459f,4,"[1, 0, 1, 0, 1, 1, 0, 0, 0, 1, 0]",1,0,0,,0.6363636363636364,11
816,1b631e3c-8220-11f1-b0da-2389f409459f,4,"[1, 0, 1, 0, 1, 1, 0, 0, 0, 1, 0]",2,1,1,,0.6363636363636364,11
817,1b631e3c-8220-11f1-b0da-2389f409459f,4,"[1, 0, 1, 0, 1, 1, 0, 0, 0, 1, 0]",3,0,0,,0.6363636363636364,11
818,1b631e3c-8220-11f1-b0da-2389f409459f,4,"[1, 0, 1, 0, 1, 1, 0, 0, 0, 1, 0]",4,1,1,,0.6363636363636364,11
819,1b631e3c-8220-11f1-b0da-2389f409459f,4,"[1, 0, 1, 0, 1, 1, 0, 0, 0, 1, 0]",5,1,1,,0.6363636363636364,11
820,1b631e3c-8220-11f1-b0da-2389f409459f,4,"[1, 0, 1, 0, 1, 1, 0, 0, 0, 1, 0]",6,0,0,,0.6363636363636364,11
821,1b631e3c-8220-11f1-b0da-2389f409459f,4,"[1, 0, 1, 0, 1, 1, 0, 0, 0, 1, 0]",7,0,0,,0.6363636363636364,11
822,1b631e3c-8220-11f1-b0da-2389f409459f,4,"[1, 0, 1, 0, 1, 1, 0, 0, 0, 1, 0]",8,0,0,,0.6363636363636364,11
823,1b631e3c-8220-11f1-b0da-2389f409459f,4,"[1, 0, 1, 0, 1, 1, 0, 0, 0, 1, 0]",9,1,1,,0.6363636363636364,11
824,1b631e3c-8220-11f1-b0da-2389f409459f,4,"[1, 0, 1, 0, 1, 1, 0, 0, 0, 1, 0]",10,0,0,,0.6363636363636364,11
825,1b631e3c-8220-11f1-b0da-2389f409459f,5,"[1, 0, 0, 1, 1, 0, 1, 1, 0, 1, 1]",0,1,1,,0.6363636363636364,11
826,1b631e3c-8220-11f1-b0da-2389f409459f,5,"[1, 0, 0, 1, 1, 0, 1, 1, 0, 1, 1]",1,0,0,,0.6363636363636364,11
827,1b631e3c-8220-11f1-b0da-2389f409459f,5,"[1, 0, 0, 1, 1, 0, 1, 1, 0, 1, 1]",2,0,0,,0.6363636363636364,11
828,1b631e3c-8220-11f1-b0da-2389f409459f,5,"[1, 0, 0, 1, 1, 0, 1, 1, 0, 1, 1]",3,1,1,,0.6363636363636364,11
829,1b631e3c-8220-11f1-b0da-2389f409459f,5,"[1, 0, 0, 1, 1, 0, 1, 1, 0, 1, 1]",4,1,1,,0.6363636363636364,11
830,1b631e3c-8220-11f1-b0da-2389f409459f,5,"[1, 0, 0, 1, 1, 0, 1, 1, 0, 1, 1]",5,0,0,,0.6363636363636364,11
831,1b631e3c-8220-11f1-b0da-2389f409459f,5,"[1, 0, 0, 1, 1, 0, 1, 1, 0, 1, 1]",6,1,1,,0.6363636363636364,11
832,1b631e3c-8220-11f1-b0da-2389f409459f,5,"[1, 0, 0, 1, 1, 0, 1, 1, 0, 1, 1]",7,1,1,,0.6363636363636364,11
833,1b631e3c-8220-11f1-b0da-2389f409459f,5,"[1, 0, 0, 1, 1, 0, 1, 1, 0, 1, 1]",8,0,0,,0.6363636363636364,11
834,1b631e3c-8220-11f1-b0da-2389f409459f,5,"[1, 0, 0, 1, 1, 0, 1, 1, 0, 1, 1]",9,1,1,,0.6363636363636364,11
835,1b631e3c-8220-11f1-b0da-2389f409459f,5,"[1, 0, 0, 1, 1, 0, 1, 1, 0, 1, 1]",10,1,1,,0.6363636363636364,11
836,1b631e3c-8220-11f1-b0da-2389f409459f,6,"[1, 1, 0, 0, 1, 1, 1, 0, 0, 1, 1]",0,1,1,,0.6363636363636364,11
837,1b631e3c-8220-11f1-b0da-2389f409459f,6,"[1, 1, 0, 0, 1, 1, 1, 0, 0, 1, 1]",1,1,1,,0.6363636363636364,11
838,1b631e3c-8220-11f1-b0da-2389f409459f,6,"[1, 1, 0, 0, 1, 1, 1, 0, 0, 1, 1]",2,0,0,,0.6363636363636364,11
839,1b631e3c-8220-11f1-b0da-2389f409459f,6,"[1, 1, 0, 0, 1, 1, 1, 0, 0, 1, 1]",3,0,0,,0.6363636363636364,11
840,1b631e3c-8220-11f1-b0da-2389f409459f,6,"[1, 1, 0, 0, 1, 1, 1, 0, 0, 1, 1]",4,1,1,,0.6363636363636364,11
841,1b631e3c-8220-11f1-b0da-2389f409459f,6,"[1, 1, 0, 0, 1, 1, 1, 0, 0, 1, 1]",5,1,1,,0.6363636363636364,11
842,1b631e3c-8220-11f1-b0da-2389f409459f,6,"[1, 1, 0, 0, 1, 1, 1, 0, 0, 1, 1]",6,1,1,,0.6363636363636364,11
843,1b631e3c-8220-11f1-b0da-2389f409459f,6,"[1, 1, 0, 0, 1, 1, 1, 0, 0, 1, 1]",7,0,0,,0.6363636363636364,11
844,1b631e3c-8220-11f1-b0da-2389f409459f,6,"[1, 1, 0, 0, 1, 1, 1, 0, 0, 1, 1]",8,0,0,,0.6363636363636364,11
845,1b631e3c-8220-11f1-b0da-2389f409459f,6,"[1, 1, 0, 0, 1, 1, 1, 0, 0, 1, 1]",9,1,1,,0.6363636363636364,11
846,1b631e3c-8220-11f1-b0da-2389f409459f,6,"[1, 1, 0, 0, 1, 1, 1, 0, 0, 1, 1]",10,1,1,,0.6363636363636364,11
847,1b631e3c-8220-11f1-b0da-2389f409459f,7,"[1, 0, 1, 0, 1, 1, 1, 0, 0, 1, 0]",0,1,1,,0.6363636363636364,11
848,1b631e3c-8220-11f1-b0da-2389f409459f,7,"[1, 0, 1, 0, 1, 1, 1, 0, 0, 1, 0]",1,0,0,,0.6363636363636364,11
849,1b631e3c-8220-11f1-b0da-2389f409459f,7,"[1, 0, 1, 0, 1, 1, 1, 0, 0, 1, 0]",2,1,1,,0.6363636363636364,11
850,1b631e3c-8220-11f1-b0da-2389f409459f,7,"[1, 0, 1, 0, 1, 1, 1, 0, 0, 1, 0]",3,0,0,,0.6363636363636364,11
851,1b631e3c-8220-11f1-b0da-2389f409459f,7,"[1, 0, 1, 0, 1, 1, 1, 0, 0, 1, 0]",4,1,1,,0.6363636363636364,11
852,1b631e3c-8220-11f1-b0da-2389f409459f,7,"[1, 0, 1, 0, 1, 1, 1, 0, 0, 1, 0]",5,1,1,,0.6363636363636364,11
853,1b631e3c-8220-11f1-b0da-2389f409459f,7,"[1, 0, 1, 0, 1, 1, 1, 0, 0, 1, 0]",6,1,1,,0.6363636363636364,11
854,1b631e3c-8220-11f1-b0da-2389f409459f,7,"[1, 0, 1, 0, 1, 1, 1, 0, 0, 1, 0]",7,0,0,,0.6363636363636364,11
855,1b631e3c-8220-11f1-b0da-2389f409459f,7,"[1, 0, 1, 0, 1, 1, 1, 0, 0, 1, 0]",8,0,0,,0.6363636363636364,11
856,1b631e3c-8220-11f1-b0da-2389f409459f,7,"[1, 0, 1, 0, 1, 1, 1, 0, 0, 1, 0]",9,1,1,,0.6363636363636364,11
857,1b631e3c-8220-11f1-b0da-2389f409459f,7,"[1, 0, 1, 0, 1, 1, 1, 0, 0, 1, 0]",10,0,0,,0.6363636363636364,11
858,1b631e3c-8220-11f1-b0da-2389f409459f,8,"[1, 1, 0, 1, 0, 0, 0, 1, 1, 0, 1]",0,1,1,,0.6363636363636364,11
859,1b631e3c-8220-11f1-b0da-2389f409459f,8,"[1, 1, 0, 1, 0, 0, 0, 1, 1, 0, 1]",1,1,1,,0.6363636363636364,11
860,1b631e3c-8220-11f1-b0da-2389f409459f,8,"[1, 1, 0, 1, 0, 0, 0, 1, 1, 0, 1]",2,0,0,,0.6363636363636364,11
861,1b631e3c-8220-11f1-b0da-2389f409459f,8,"[1, 1, 0, 1, 0, 0, 0, 1, 1, 0, 1]",3,1,1,,0.6363636363636364,11
862,1b631e3c-8220-11f1-b0da-2389f409459f,8,"[1, 1, 0, 1, 0, 0, 0, 1, 1, 0, 1]",4,0,0,,0.6363636363636364,11
863,1b631e3c-8220-11f1-b0da-2389f409459f,8,"[1, 1, 0, 1, 0, 0, 0, 1, 1, 0, 1]",5,0,0,,0.6363636363636364,11
864,1b631e3c-8220-11f1-b0da-2389f409459f,8,"[1, 1, 0, 1, 0, 0, 0, 1, 1, 0, 1]",6,0,0,,0.6363636363636364,11
865,1b631e3c-8220-11f1-b0da-2389f409459f,8,"[1, 1, 0, 1, 0, 0, 0, 1, 1, 0, 1]",7,1,1,,0.6363636363636364,11
866,1b631e3c-8220-11f1-b0da-2389f409459f,8,"[1, 1, 0, 1, 0, 0, 0, 1, 1, 0, 1]",8,1,1,,0.6363636363636364,11
867,1b631e3c-8220-11f1-b0da-2389f409459f,8,"[1, 1, 0, 1, 0, 0, 0, 1, 1, 0, 1]",9,0,0,,0.6363636363636364,11
868,1b631e3c-8220-11f1-b0da-2389f409459f,8,"[1, 1, 0, 1, 0, 0, 0, 1, 1, 0, 1]",10,1,1,,0.6363636363636364,11
869,1b631e3c-8220-11f1-b0da-2389f409459f,9,"[0, 0, 0, 1, 0, 1, 1, 1, 0, 0, 1]",0,0,0,,0.6363636363636364,11
870,1b631e3c-8220-11f1-b0da-2389f409459f,9,"[0, 0, 0, 1, 0, 1, 1, 1, 0, 0, 1]",1,0,0,,0.6363636363636364,11
871,1b631e3c-8220-11f1-b0da-2389f409459f,9,"[0, 0, 0, 1, 0, 1, 1, 1, 0, 0, 1]",2,0,0,,0.6363636363636364,11
872,1b631e3c-8220-11f1-b0da-2389f409459f,9,"[0, 0, 0, 1, 0, 1, 1, 1, 0, 0, 1]",3,1,1,,0.6363636363636364,11
873,1b631e3c-8220-11f1-b0da-2389f409459f,9,"[0, 0, 0, 1, 0, 1, 1, 1, 0, 0, 1]",4,0,0,,0.6363636363636364,11
874,1b631e3c-8220-11f1-b0da-2389f409459f,9,"[0, 0, 0, 1, 0, 1, 1, 1, 0, 0, 1]",5,1,1,,0.6363636363636364,11
875,1b631e3c-8220-11f1-b0da-2389f409459f,9,"[0, 0, 0, 1, 0, 1, 1, 1, 0, 0, 1]",6,1,1,,0.6363636363636364,11
876,1b631e3c-8220-11f1-b0da-2389f409459f,9,"[0, 0, 0, 1, 0, 1, 1, 1, 0, 0, 1]",7,1,1,,0.6363636363636364,11
877,1b631e3c-8220-11f1-b0da-2389f409459f,9,"[0, 0, 0, 1, 0, 1, 1, 1, 0, 0, 1]",8,0,0,,0.6363636363636364,11
878,1b631e3c-8220-11f1-b0da-2389f409459f,9,"[0, 0, 0, 1, 0, 1, 1, 1, 0, 0, 1]",9,0,0,,0.6363636363636364,11
879,1b631e3c-8220-11f1-b0da-2389f409459f,9,"[0, 0, 0, 1, 0, 1, 1, 1, 0, 0, 1]",10,1,1,,0.6363636363636364,11
880,1b6437e0-8220-11f1-b0da-2389f409459f,0,"[1, 0, 1, 0, 1, 1, 0, 1, 0, 0, 1]",0,1,1,,0.6363636363636364,11
881,1b6437e0-8220-11f1-b0da-2389f409459f,0,"[1, 0, 1, 0, 1, 1, 0, 1, 0, 0, 1]",1,0,0,,0.6363636363636364,11
882,1b6437e0-8220-11f1-b0da-2389f409459f,0,"[1, 0, 1, 0, 1, 1, 0, 1, 0, 0, 1]",2,1,1,,0.6363636363636364,11
883,1b6437e0-8220-11f1-b0da-2389f409459f,0,"[1, 0, 1, 0, 1, 1, 0, 1, 0, 0, 1]",3,0,0,,0.6363636363636364,11
884,1b6437e0-8220-11f1-b0da-2389f409459f,0,"[1, 0, 1, 0, 1, 1, 0, 1, 0, 0, 1]",4,1,1,,0.6363636363636364,11
885,1b6437e0-8220-11f1-b0da-2389f409459f,0,"[1, 0, 1, 0, 1, 1, 0, 1, 0, 0, 1]",5,1,1,,0.6363636363636364,11
886,1b6437e0-8220-11f1-b0da-2389f409459f,0,"[1, 0, 1, 0, 1, 1, 0, 1, 0, 0, 1]",6,0,0,,0.6363636363636364,11
887,1b6437e0-8220-11f1-b0da-2389f409459f,0,"[1, 0, 1, 0, 1, 1, 0, 1, 0, 0, 1]",7,1,1,,0.6363636363636364,11
888,1b6437e0-8220-11f1-b0da-2389f409459f,0,"[1, 0, 1, 0, 1, 1, 0, 1, 0, 0, 1]",8,0,0,,0.6363636363636364,11
889,1b6437e0-8220-11f1-b0da-2389f409459f,0,"[1, 0, 1, 0, 1, 1, 0, 1, 0, 0, 1]",9,0,0,,0.6363636363636364,11
890,1b6437e0-8220-11f1-b0da-2389f409459f,0,"[1, 0, 1, 0, 1, 1, 0, 1, 0, 0, 1]",10,1,1,,0.6363636363636364,11
891,1b6437e0-8220-11f1-b0da-2389f409459f,1,"[0, 1, 1, 0, 1, 0, 1, 1, 0, 1, 1]",0,0,0,,0.6363636363636364,11
892,1b6437e0-8220-11f1-b0da-2389f409459f,1,"[0, 1, 1, 0, 1, 0, 1, 1, 0, 1, 1]",1,1,1,,0.6363636363636364,11
893,1b6437e0-8220-11f1-b0da-2389f409459f,1,"[0, 1, 1, 0, 1, 0, 1, 1, 0, 1, 1]",2,1,1,,0.6363636363636364,11
894,1b6437e0-8220-11f1-b0da-2389f409459f,1,"[0, 1, 1, 0, 1, 0, 1, 1, 0, 1, 1]",3,0,0,,0.6363636363636364,11
895,1b6437e0-8220-11f1-b0da-2389f409459f,1,"[0, 1, 1, 0, 1, 0, 1, 1, 0, 1, 1]",4,1,1,,0.6363636363636364,11
896,1b6437e0-8220-11f1-b0da-2389f409459f,1,"[0, 1, 1, 0, 1, 0, 1, 1, 0, 1, 1]",5,0,0,,0.6363636363636364,11
897,1b6437e0-8220-11f1-b0da-2389f409459f,1,"[0, 1, 1, 0, 1, 0, 1, 1, 0, 1, 1]",6,1,1,,0.6363636363636364,11
898,1b6437e0-8220-11f1-b0da-2389f409459f,1,"[0, 1, 1, 0, 1, 0, 1, 1, 0, 1, 1]",7,1,1,,0.6363636363636364,11
899,1b6437e0-8220-11f1-b0da-2389f409459f,1,"[0, 1, 1, 0, 1, 0, 1, 1, 0, 1, 1]",8,0,0,,0.6363636363636364,11
900,1b6437e0-8220-11f1-b0da-2389f409459f,1,"[0, 1, 1, 0, 1, 0, 1, 1, 0, 1, 1]",9,1,1,,0.6363636363636364,11
901,1b6437e0-8220-11f1-b0da-2389f409459f,1,"[0, 1, 1, 0, 1, 0, 1, 1, 0, 1, 1]",10,1,1,,0.6363636363636364,11
902,1b6437e0-8220-11f1-b0da-2389f409459f,2,"[1, 0, 1, 0, 0, 1, 0, 1, 1, 0, 0]",0,1,1,,0.6363636363636364,11
903,1b6437e0-8220-11f1-b0da-2389f409459f,2,"[1, 0, 1, 0, 0, 1, 0, 1, 1, 0, 0]",1,0,0,,0.6363636363636364,11
904,1b6437e0-8220-11f1-b0da-2389f409459f,2,"[1, 0, 1, 0, 0, 1, 0, 1, 1, 0, 0]",2,1,1,,0.6363636363636364,11
905,1b6437e0-8220-11f1-b0da-2389f409459f,2,"[1, 0, 1, 0, 0, 1, 0, 1, 1, 0, 0]",3,0,0,,0.6363636363636364,11
906,1b6437e0-8220-11f1-b0da-2389f409459f,2,"[1, 0, 1, 0, 0, 1, 0, 1, 1, 0, 0]",4,0,0,,0.6363636363636364,11
907,1b6437e0-8220-11f1-b0da-2389f409459f,2,"[1, 0, 1, 0, 0, 1, 0, 1, 1, 0, 0]",5,1,1,,0.6363636363636364,11
908,1b6437e0-8220-11f1-b0da-2389f409459f,2,"[1, 0, 1, 0, 0, 1, 0, 1, 1, 0, 0]",6,0,0,,0.6363636363636364,11
909,1b6437e0-8220-11f1-b0da-2389f409459f,2,"[1, 0, 1, 0, 0, 1, 0, 1, 1, 0, 0]",7,1,1,,0.6363636363636364,11
910,1b6437e0-8220-11f1-b0da-2389f409459f,2,"[1, 0, 1, 0, 0, 1, 0, 1, 1, 0, 0]",8,1,1,,0.6363636363636364,11
911,1b6437e0-8220-11f1-b0da-2389f409459f,2,"[1, 0, 1, 0, 0, 1, 0, 1, 1, 0, 0]",9,0,0,,0.6363636363636364,11
912,1b6437e0-8220-11f1-b0da-2389f409459f,2,"[1, 0, 1, 0, 0, 1, 0, 1, 1, 0, 0]",10,0,0,,0.6363636363636364,11
913,1b6437e0-8220-11f1-b0da-2389f409459f,3,"[1, 1, 0, 1, 0, 0, 1, 0, 0, 0, 1]",0,1,1,,0.6363636363636364,11
914,1b6437e0-8220-11f1-b0da-2389f409459f,3,"[1, 1, 0, 1, 0, 0, 1, 0, 0, 0, 1]",1,1,1,,0.6363636363636364,11
915,1b6437e0-8220-11f1-b0da-2389f409459f,3,"[1, 1, 0, 1, 0, 0, 1, 0, 0, 0, 1]",2,0,0,,0.6363636363636364,11
916,1b6437e0-8220-11f1-b0da-2389f409459f,3,"[1, 1, 0, 1, 0, 0, 1, 0, 0, 0, 1]",3,1,1,,0.6363636363636364,11
917,1b6437e0-8220-11f1-b0da-2389f409459f,3,"[1, 1, 0, 1, 0, 0, 1, 0, 0, 0, 1]",4,0,0,,0.6363636363636364,11
918,1b6437e0-8220-11f1-b0da-2389f409459f,3,"[1, 1, 0, 1, 0, 0, 1, 0, 0, 0, 1]",5,0,0,,0.6363636363636364,11
919,1b6437e0-8220-11f1-b0da-2389f409459f,3,"[1, 1, 0, 1, 0, 0, 1, 0, 0, 0, 1]",6,1,1,,0.6363636363636364,11
920,1b6437e0-8220-11f1-b0da-2389f409459f,3,"[1, 1, 0, 1, 0, 0, 1, 0, 0, 0, 1]",7,0,0,,0.6363636363636364,11
921,1b6437e0-8220-11f1-b0da-2389f409459f,3,"[1, 1, 0, 1, 0, 0, 1, 0, 0, 0, 1]",8,0,0,,0.6363636363636364,11
922,1b6437e0-8220-11f1-b0da-2389f409459f,3,"[1, 1, 0, 1, 0, 0, 1, 0, 0, 0, 1]",9,0,0,,0.6363636363636364,11
923,1b6437e0-8220-11f1-b0da-2389f409459f,3,"[1, 1, 0, 1, 0, 0, 1, 0, 0, 0, 1]",10,1,1,,0.6363636363636364,11
924,1b6437e0-8220-11f1-b0da-2389f409459f,4,"[1, 0, 1, 0, 0, 0, 1, 1, 0, 0, 1]",0,1,1,,0.6363636363636364,11
925,1b6437e0-8220-11f1-b0da-2389f409459f,4,"[1, 0, 1, 0, 0, 0, 1, 1, 0, 0, 1]",1,0,0,,0.6363636363636364,11
926,1b6437e0-8220-11f1-b0da-2389f409459f,4,"[1, 0, 1, 0, 0, 0, 1, 1, 0, 0, 1]",2,1,1,,0.6363636363636364,11
927,1b6437e0-8220-11f1-b0da-2389f409459f,4,"[1, 0, 1, 0, 0, 0, 1, 1, 0, 0, 1]",3,0,0,,0.6363636363636364,11
928,1b6437e0-8220-11f1-b0da-2389f409459f,4,"[1, 0, 1, 0, 0, 0, 1, 1, 0, 0, 1]",4,0,0,,0.6363636363636364,11
929,1b6437e0-8220-11f1-b0da-2389f409459f,4,"[1, 0, 1, 0, 0, 0, 1, 1, 0, 0, 1]",5,0,0,,0.6363636363636364,11
930,1b6437e0-8220-11f1-b0da-2389f409459f,4,"[1, 0, 1, 0, 0, 0, 1, 1, 0, 0, 1]",6,1,1,,0.6363636363636364,11
931,1b6437e0-8220-11f1-b0da-2389f409459f,4,"[1, 0, 1, 0, 0, 0, 1, 1, 0, 0, 1]",7,1,1,,0.6363636363636364,11
932,1b6437e0-8220-11f1-b0da-2389f409459f,4,"[1, 0, 1, 0, 0, 0, 1, 1, 0, 0, 1]",8,0,0,,0.6363636363636364,11
933,1b6437e0-8220-11f1-b0da-2389f409459f,4,"[1, 0, 1, 0, 0, 0, 1, 1, 0, 0, 1]",9,0,0,,0.6363636363636364,11
934,1b6437e0-8220-11f1-b0da-2389f409459f,4,"[1, 0, 1, 0, 0, 0, 1, 1, 0, 0, 1]",10,1,1,,0.6363636363636364,11
935,1b6437e0-8220-11f1-b0da-2389f409459f,5,"[1, 1, 1, 1, 0, 1, 1, 1, 0, 0, 0]",0,1,1,,0.6363636363636364,11
936,1b6437e0-8220-11f1-b0da-2389f409459f,5,"[1, 1, 1, 1, 0, 1, 1, 1, 0, 0, 0]",1,1,1,,0.6363636363636364,11
937,1b6437e0-8220-11f1-b0da-2389f409459f,5,"[1, 1, 1, 1, 0, 1, 1, 1, 0, 0, 0]",2,1,1,,0.6363636363636364,11
938,1b6437e0-8220-11f1-b0da-2389f409459f,5,"[1, 1, 1, 1, 0, 1, 1, 1, 0, 0, 0]",3,1,1,,0.6363636363636364,11
939,1b6437e0-8220-11f1-b0da-2389f409459f,5,"[1, 1, 1, 1, 0, 1, 1, 1, 0, 0, 0]",4,0,0,,0.6363636363636364,11
940,1b6437e0-8220-11f1-b0da-2389f409459f,5,"[1, 1, 1, 1, 0, 1, 1, 1, 0, 0, 0]",5,1,1,,0.6363636363636364,11
941,1b6437e0-8220-11f1-b0da-2389f409459f,5,"[1, 1, 1, 1, 0, 1, 1, 1, 0, 0, 0]",6,1,1,,0.6363636363636364,11
942,1b6437e0-8220-11f1-b0da-2389f409459f,5,"[1, 1, 1, 1, 0, 1, 1, 1, 0, 0, 0]",7,1,1,,0.6363636363636364,11
943,1b6437e0-8220-11f1-b0da-2389f409459f,5,"[1, 1, 1, 1, 0, 1, 1, 1, 0, 0, 0]",8,0,0,,0.6363636363636364,11
944,1b6437e0-8220-11f1-b0da-2389f409459f,5,"[1, 1, 1, 1, 0, 1, 1, 1, 0, 0, 0]",9,0,0,,0.6363636363636364,11
945,1b6437e0-8220-11f1-b0da-2389f409459f,5,"[1, 1, 1, 1, 0, 1, 1, 1, 0, 0, 0]",10,0,0,,0.6363636363636364,11
946,1b6437e0-8220-11f1-b0da-2389f409459f,6,"[0, 0, 1, 0, 1, 1, 1, 1, 0, 0, 0]",0,0,0,,0.6363636363636364,11
947,1b6437e0-8220-11f1-b0da-2389f409459f,6,"[0, 0, 1, 0, 1, 1, 1, 1, 0, 0, 0]",1,0,0,,0.6363636363636364,11
948,1b6437e0-8220-11f1-b0da-2389f409459f,6,"[0, 0, 1, 0, 1, 1, 1, 1, 0, 0, 0]",2,1,1,,0.6363636363636364,11
949,1b6437e0-8220-11f1-b0da-2389f409459f,6,"[0, 0, 1, 0, 1, 1, 1, 1, 0, 0, 0]",3,0,0,,0.6363636363636364,11
950,1b6437e0-8220-11f1-b0da-2389f409459f,6,"[0, 0, 1, 0, 1, 1, 1, 1, 0, 0, 0]",4,1,1,,0.6363636363636364,11
951,1b6437e0-8220-11f1-b0da-2389f409459f,6,"[0, 0, 1, 0, 1, 1, 1, 1, 0, 0, 0]",5,1,1,,0.6363636363636364,11
952,1b6437e0-8220-11f1-b0da-2389f409459f,6,"[0, 0, 1, 0, 1, 1, 1, 1, 0, 0, 0]",6,1,1,,0.6363636363636364,11
953,1b6437e0-8220-11f1-b0da-2389f409459f,6,"[0, 0, 1, 0, 1, 1, 1, 1, 0, 0, 0]",7,1,1,,0.6363636363636364,11
954,1b6437e0-8220-11f1-b0da-2389f409459f,6,"[0, 0, 1, 0, 1, 1, 1, 1, 0, 0, 0]",8,0,0,,0.6363636363636364,11
955,1b6437e0-8220-11f1-b0da-2389f409459f,6,"[0, 0, 1, 0, 1, 1, 1, 1, 0, 0, 0]",9,0,0,,0.6363636363636364,11
956,1b6437e0-8220-11f1-b0da-2389f409459f,6,"[0, 0, 1, 0, 1, 1, 1, 1, 0, 0, 0]",10,0,0,,0.6363636363636364,11
957,1b6437e0-8220-11f1-b0da-2389f409459f,7,"[1, 1, 0, 0, 1, 0, 1, 1, 0, 1, 1]",0,1,1,,0.6363636363636364,11
958,1b6437e0-8220-11f1-b0da-2389f409459f,7,"[1, 1, 0, 0, 1, 0, 1, 1, 0, 1, 1]",1,1,1,,0.6363636363636364,11
959,1b6437e0-8220-11f1-b0da-2389f409459f,7,"[1, 1, 0, 0, 1, 0, 1, 1, 0, 1, 1]",2,0,0,,0.6363636363636364,11
960,1b6437e0-8220-11f1-b0da-2389f409459f,7,"[1, 1, 0, 0, 1, 0, 1, 1, 0, 1, 1]",3,0,0,,0.6363636363636364,11
961,1b6437e0-8220-11f1-b0da-2389f409459f,7,"[1, 1, 0, 0, 1, 0, 1, 1, 0, 1, 1]",4,1,1,,0.6363636363636364,11
962,1b6437e0-8220-11f1-b0da-2389f409459f,7,"[1, 1, 0, 0, 1, 0, 1, 1, 0, 1, 1]",5,0,0,,0.6363636363636364,11
963,1b6437e0-8220-11f1-b0da-2389f409459f,7,"[1, 1, 0, 0, 1, 0, 1, 1, 0, 1, 1]",6,1,1,,0.6363636363636364,11
964,1b6437e0-8220-11f1-b0da-2389f409459f,7,"[1, 1, 0, 0, 1, 0, 1, 1, 0, 1, 1]",7,1,1,,0.6363636363636364,11
965,1b6437e0-8220-11f1-b0da-2389f409459f,7,"[1, 1, 0, 0, 1, 0, 1, 1, 0, 1, 1]",8,0,0,,0.6363636363636364,11
966,1b6437e0-8220-11f1-b0da-2389f409459f,7,"[1, 1, 0, 0, 1, 0, 1, 1, 0, 1, 1]",9,1,1,,0.6363636363636364,11
967,1b6437e0-8220-11f1-b0da-2389f409459f,7,"[1, 1, 0, 0, 1, 0, 1, 1, 0, 1, 1]",10,1,1,,0.6363636363636364,11
968,1b6437e0-8220-11f1-b0da-2389f409459f,8,"[0, 1, 1, 1, 0, 0, 0, 1, 0, 1, 0]",0,0,0,,0.6363636363636364,11
969,1b6437e0-8220-11f1-b0da-2389f409459f,8,"[0, 1, 1, 1, 0, 0, 0, 1, 0, 1, 0]",1,1,1,,0.6363636363636364,11
970,1b6437e0-8220-11f1-b0da-2389f409459f,8,"[0, 1, 1, 1, 0, 0, 0, 1, 0, 1, 0]",2,1,1,,0.6363636363636364,11
971,1b6437e0-8220-11f1-b0da-2389f409459f,8,"[0, 1, 1, 1, 0, 0, 0, 1, 0, 1, 0]",3,1,1,,0.6363636363636364,11
972,1b6437e0-8220-11f1-b0da-2389f409459f,8,"[0, 1, 1, 1, 0, 0, 0, 1, 0, 1, 0]",4,0,0,,0.6363636363636364,11
973,1b6437e0-8220-11f1-b0da-2389f409459f,8,"[0, 1, 1, 1, 0, 0, 0, 1, 0, 1, 0]",5,0,0,,0.6363636363636364,11
974,1b6437e0-8220-11f1-b0da-2389f409459f,8,"[0, 1, 1, 1, 0, 0, 0, 1, 0, 1, 0]",6,0,0,,0.6363636363636364,11
975,1b6437e0-8220-11f1-b0da-2389f409459f,8,"[0, 1, 1, 1, 0, 0, 0, 1, 0, 1, 0]",7,1,1,,0.6363636363636364,11
976,1b6437e0-8220-11f1-b0da-2389f409459f,8,"[0, 1, 1, 1, 0, 0, 0, 1, 0, 1, 0]",8,0,0,,0.6363636363636364,11
977,1b6437e0-8220-11f1-b0da-2389f409459f,8,"[0, 1, 1, 1, 0, 0, 0, 1, 0, 1, 0]",9,1,1,,0.6363636363636364,11
978,1b6437e0-8220-11f1-b0da-2389f409459f,8,"[0, 1, 1, 1, 0, 0, 0, 1, 0, 1, 0]",10,0,0,,0.6363636363636364,11
979,1b6437e0-8220-11f1-b0da-2389f409459f,9,"[0, 0, 0, 1, 0, 1, 1, 0, 0, 1, 1]",0,0,0,,0.6363636363636364,11
980,1b6437e0-8220-11f1-b0da-2389f409459f,9,"[0, 0, 0, 1, 0, 1, 1, 0, 0, 1, 1]",1,0,0,,0.6363636363636364,11
981,1b6437e0-8220-11f1-b0da-2389f409459f,9,"[0, 0, 0, 1, 0, 1, 1, 0, 0, 1, 1]",2,0,0,,0.6363636363636364,11
982,1b6437e0-8220-11f1-b0da-2389f409459f,9,"[0, 0, 0, 1, 0, 1, 1, 0, 0, 1, 1]",3,1,1,,0.6363636363636364,11
983,1b6437e0-8220-11f1-b0da-2389f409459f,9,"[0, 0, 0, 1, 0, 1, 1, 0, 0, 1, 1]",4,0,0,,0.6363636363636364,11
984,1b6437e0-8220-11f1-b0da-2389f409459f,9,"[0, 0, 0, 1, 0, 1, 1, 0, 0, 1, 1]",5,1,1,,0.6363636363636364,11
985,1b6437e0-8220-11f1-b0da-2389f409459f,9,"[0, 0, 0, 1, 0, 1, 1, 0, 0, 1, 1]",6,1,1,,0.6363636363636364,11
986,1b6437e0-8220-11f1-b0da-2389f409459f,9,"[0, 0, 0, 1, 0, 1, 1, 0, 0, 1, 1]",7,0,0,,0.6363636363636364,11
987,1b6437e0-8220-11f1-b0da-2389f409459f,9,"[0, 0, 0, 1, 0, 1, 1, 0, 0, 1, 1]",8,0,0,,0.6363636363636364,11
988,1b6437e0-8220-11f1-b0da-2389f409459f,9,"[0, 0, 0, 1, 0, 1, 1, 0, 0, 1, 1]",9,1,1,,0.6363636363636364,11
989,1b6437e0-8220-11f1-b0da-2389f409459f,9,"[0, 0, 0, 1, 0, 1, 1, 0, 0, 1, 1]",10,1,1,,0.6363636363636364,11
990,1b65a594-8220-11f1-b0da-2389f409459f,0,"[0, 1, 0, 0, 1, 1, 0, 1, 1, 1, 0]",0,0,0,,0.6363636363636364,11
991,1b65a594-8220-11f1-b0da-2389f409459f,0,"[0, 1, 0, 0, 1, 1, 0, 1, 1, 1, 0]",1,1,1,,0.6363636363636364,11
992,1b65a594-8220-11f1-b0da-2389f409459f,0,"[0, 1, 0, 0, 1, 1, 0, 1, 1, 1, 0]",2,0,0,,0.6363636363636364,11
993,1b65a594-8220-11f1-b0da-2389f409459f,0,"[0, 1, 0, 0, 1, 1, 0, 1, 1, 1, 0]",3,0,0,,0.6363636363636364,11
994,1b65a594-8220-11f1-b0da-2389f409459f,0,"[0, 1, 0, 0, 1, 1, 0, 1, 1, 1, 0]",4,1,1,,0.6363636363636364,11
995,1b65a594-8220-11f1-b0da-2389f409459f,0,"[0, 1, 0, 0, 1, 1, 0, 1, 1, 1, 0]",5,1,1,,0.6363636363636364,11
996,1b65a594-8220-11f1-b0da-2389f409459f,0,"[0, 1, 0, 0, 1, 1, 0, 1, 1, 1, 0]",6,0,0,,0.6363636363636364,11
997,1b65a594-8220-11f1-b0da-2389f409459f,0,"[0, 1, 0, 0, 1, 1, 0, 1, 1, 1, 0]",7,1,1,,0.6363636363636364,11
998,1b65a594-8220-11f1-b0da-2389f409459f,0,"[0, 1, 0, 0, 1, 1, 0, 1, 1, 1, 0]",8,1,1,,0.6363636363636364,11
999,1b65a594-8220-11f1-b0da-2389f409459f,0,"[0, 1, 0, 0, 1, 1, 0, 1, 1, 1, 0]",9,1,1,,0.6363636363636364,11
1000,1b65a594-8220-11f1-b0da-2389f409459f,0,"[0, 1, 0, 0, 1, 1, 0, 1, 1, 1, 0]",10,0,0,,0.6363636363636364,11
1001,1b65a594-8220-11f1-b0da-2389f409459f,1,"[0, 0, 0, 0, 1, 1, 0, 0, 0, 0, 1]",0,0,0,,0.6363636363636364,11
1002,1b65a594-8220-11f1-b0da-2389f409459f,1,"[0, 0, 0, 0, 1, 1, 0, 0, 0, 0, 1]",1,0,0,,0.6363636363636364,11
1003,1b65a594-8220-11f1-b0da-2389f409459f,1,"[0, 0, 0, 0, 1, 1, 0, 0, 0, 0, 1]",2,0,0,,0.6363636363636364,11
1004,1b65a594-8220-11f1-b0da-2389f409459f,1,"[0, 0, 0, 0, 1, 1, 0, 0, 0, 0, 1]",3,0,0,,0.6363636363636364,11
1005,1b65a594-8220-11f1-b0da-2389f409459f,1,"[0, 0, 0, 0, 1, 1, 0, 0, 0, 0, 1]",4,1,1,,0.6363636363636364,11
1006,1b65a594-8220-11f1-b0da-2389f409459f,1,"[0, 0, 0, 0, 1, 1, 0, 0, 0, 0, 1]",5,1,1,,0.6363636363636364,11
1007,1b65a594-8220-11f1-b0da-2389f409459f,1,"[0, 0, 0, 0, 1, 1, 0, 0, 0, 0, 1]",6,0,0,,0.6363636363636364,11
1008,1b65a594-8220-11f1-b0da-2389f409459f,1,"[0, 0, 0, 0, 1, 1, 0, 0, 0, 0, 1]",7,0,0,,0.6363636363636364,11
1009,1b65a594-8220-11f1-b0da-2389f409459f,1,"[0, 0, 0, 0, 1, 1, 0, 0, 0, 0, 1]",8,0,0,,0.6363636363636364,11
1010,1b65a594-8220-11f1-b0da-2389f409459f,1,"[0, 0, 0, 0, 1, 1, 0, 0, 0, 0, 1]",9,0,0,,0.6363636363636364,11
1011,1b65a594-8220-11f1-b0da-2389f409459f,1,"[0, 0, 0, 0, 1, 1, 0, 0, 0, 0, 1]",10,1,1,,0.6363636363636364,11
1012,1b65a594-8220-11f1-b0da-2389f409459f,2,"[0, 0, 0, 0, 0, 0, 1, 1, 1, 1, 0]",0,0,0,,0.6363636363636364,11
1013,1b65a594-8220-11f1-b0da-2389f409459f,2,"[0, 0, 0, 0, 0, 0, 1, 1, 1, 1, 0]",1,0,0,,0.6363636363636364,11
1014,1b65a594-8220-11f1-b0da-2389f409459f,2,"[0, 0, 0, 0, 0, 0, 1, 1, 1, 1, 0]",2,0,0,,0.6363636363636364,11
1015,1b65a594-8220-11f1-b0da-2389f409459f,2,"[0, 0, 0, 0, 0, 0, 1, 1, 1, 1, 0]",3,0,0,,0.6363636363636364,11
1016,1b65a594-8220-11f1-b0da-2389f409459f,2,"[0, 0, 0, 0, 0, 0, 1, 1, 1, 1, 0]",4,0,0,,0.6363636363636364,11
1017,1b65a594-8220-11f1-b0da-2389f409459f,2,"[0, 0, 0, 0, 0, 0, 1, 1, 1, 1, 0]",5,0,0,,0.6363636363636364,11
1018,1b65a594-8220-11f1-b0da-2389f409459f,2,"[0, 0, 0, 0, 0, 0, 1, 1, 1, 1, 0]",6,1,1,,0.6363636363636364,11
1019,1b65a594-8220-11f1-b0da-2389f409459f,2,"[0, 0, 0, 0, 0, 0, 1, 1, 1, 1, 0]",7,1,1,,0.6363636363636364,11
1020,1b65a594-8220-11f1-b0da-2389f409459f,2,"[0, 0, 0, 0, 0, 0, 1, 1, 1, 1, 0]",8,1,1,,0.6363636363636364,11
1021,1b65a594-8220-11f1-b0da-2389f409459f,2,"[0, 0, 0, 0, 0, 0, 1, 1, 1, 1, 0]",9,1,1,,0.6363636363636364,11
1022,1b65a594-8220-11f1-b0da-2389f409459f,2,"[0, 0, 0, 0, 0, 0, 1, 1, 1, 1, 0]",10,0,0,,0.6363636363636364,11
1023,1b65a594-8220-11f1-b0da-2389f409459f,3,"[1, 0, 1, 0, 0, 0, 0, 0, 1, 0, 1]",0,1,1,,0.6363636363636364,11
1024,1b65a594-8220-11f1-b0da-2389f409459f,3,"[1, 0, 1, 0, 0, 0, 0, 0, 1, 0, 1]",1,0,0,,0.6363636363636364,11
1025,1b65a594-8220-11f1-b0da-2389f409459f,3,"[1, 0, 1, 0, 0, 0, 0, 0, 1, 0, 1]",2,1,1,,0.6363636363636364,11
1026,1b65a594-8220-11f1-b0da-2389f409459f,3,"[1, 0, 1, 0, 0, 0, 0, 0, 1, 0, 1]",3,0,0,,0.6363636363636364,11
1027,1b65a594-8220-11f1-b0da-2389f409459f,3,"[1, 0, 1, 0, 0, 0, 0, 0, 1, 0, 1]",4,0,0,,0.6363636363636364,11
1028,1b65a594-8220-11f1-b0da-2389f409459f,3,"[1, 0, 1, 0, 0, 0, 0, 0, 1, 0, 1]",5,0,0,,0.6363636363636364,11
1029,1b65a594-8220-11f1-b0da-2389f409459f,3,"[1, 0, 1, 0, 0, 0, 0, 0, 1, 0, 1]",6,0,0,,0.6363636363636364,11
1030,1b65a594-8220-11f1-b0da-2389f409459f,3,"[1, 0, 1, 0, 0, 0, 0, 0, 1, 0, 1]",7,0,0,,0.6363636363636364,11
1031,1b65a594-8220-11f1-b0da-2389f409459f,3,"[1, 0, 1, 0, 0, 0, 0, 0, 1, 0, 1]",8,1,1,,0.6363636363636364,11
1032,1b65a594-8220-11f1-b0da-2389f409459f,3,"[1, 0, 1, 0, 0, 0, 0, 0, 1, 0, 1]",9,0,0,,0.6363636363636364,11
1033,1b65a594-8220-11f1-b0da-2389f409459f,3,"[1, 0, 1, 0, 0, 0, 0, 0, 1, 0, 1]",10,1,1,,0.6363636363636364,11
1034,1b65a594-8220-11f1-b0da-2389f409459f,4,"[1, 1, 0, 1, 1, 1, 0, 1, 1, 1, 0]",0,1,-1,,0.6363636363636364,11
1035,1b65a594-8220-11f1-b0da-2389f409459f,4,"[1, 1, 0, 1, 1, 1, 0, 1, 1, 1, 0]",1,1,-1,,0.6363636363636364,11
1036,1b65a594-8220-11f1-b0da-2389f409459f,4,"[1, 1, 0, 1, 1, 1, 0, 1, 1, 1, 0]",2,0,0,,0.6363636363636364,11
1037,1b65a594-8220-11f1-b0da-2389f409459f,4,"[1, 1, 0, 1, 1, 1, 0, 1, 1, 1, 0]",3,1,-1,,0.6363636363636364,11
1038,1b65a594-8220-11f1-b0da-2389f409459f,4,"[1, 1, 0, 1, 1, 1, 0, 1, 1, 1, 0]",4,1,-1,,0.6363636363636364,11
1039,1b65a594-8220-11f1-b0da-2389f409459f,4,"[1, 1, 0, 1, 1, 1, 0, 1, 1, 1, 0]",5,1,-1,,0.6363636363636364,11
1040,1b65a594-8220-11f1-b0da-2389f409459f,4,"[1, 1, 0, 1, 1, 1, 0, 1, 1, 1, 0]",6,0,0,,0.6363636363636364,11
1041,1b65a594-8220-11f1-b0da-2389f409459f,4,"[1, 1, 0, 1, 1, 1, 0, 1, 1, 1, 0]",7,1,-1,,0.6363636363636364,11
1042,1b65a594-8220-11f1-b0da-2389f409459f,4,"[1, 1, 0, 1, 1, 1, 0, 1, 1, 1, 0]",8,1,-1,,0.6363636363636364,11
1043,1b65a594-8220-11f1-b0da-2389f409459f,4,"[1, 1, 0, 1, 1, 1, 0, 1, 1, 1, 0]",9,1,-1,,0.6363636363636364,11
1044,1b65a594-8220-11f1-b0da-2389f409459f,4,"[1, 1, 0, 1, 1, 1, 0, 1, 1, 1, 0]",10,0,0,,0.6363636363636364,11
1045,1b65a594-8220-11f1-b0da-2389f409459f,5,"[0, 0, 0, 0, 0, 0, 0, 1, 1, 1, 0]",0,0,0,,0.6363636363636364,11
1046,1b65a594-8220-11f1-b0da-2389f409459f,5,"[0, 0, 0, 0, 0, 0, 0, 1, 1, 1, 0]",1,0,0,,0.6363636363636364,11
1047,1b65a594-8220-11f1-b0da-2389f409459f,5,"[0, 0, 0, 0, 0, 0, 0, 1, 1, 1, 0]",2,0,0,,0.6363636363636364,11
1048,1b65a594-8220-11f1-b0da-2389f409459f,5,"[0, 0, 0, 0, 0, 0, 0, 1, 1, 1, 0]",3,0,0,,0.6363636363636364,11
1049,1b65a594-8220-11f1-b0da-2389f409459f,5,"[0, 0, 0, 0, 0, 0, 0, 1, 1, 1, 0]",4,0,0,,0.6363636363636364,11
1050,1b65a594-8220-11f1-b0da-2389f409459f,5,"[0, 0, 0, 0, 0, 0, 0, 1, 1, 1, 0]",5,0,0,,0.6363636363636364,11
1051,1b65a594-8220-11f1-b0da-2389f409459f,5,"[0, 0, 0, 0, 0, 0, 0, 1, 1, 1, 0]",6,0,0,,0.6363636363636364,11
1052,1b65a594-8220-11f1-b0da-2389f409459f,5,"[0, 0, 0, 0, 0, 0, 0, 1, 1, 1, 0]",7,1,1,,0.6363636363636364,11
1053,1b65a594-8220-11f1-b0da-2389f409459f,5,"[0, 0, 0, 0, 0, 0, 0, 1, 1, 1, 0]",8,1,1,,0.6363636363636364,11
1054,1b65a594-8220-11f1-b0da-2389f409459f,5,"[0, 0, 0, 0, 0, 0, 0, 1, 1, 1, 0]",9,1,1,,0.6363636363636364,11
1055,1b65a594-8220-11f1-b0da-2389f409459f,5,"[0, 0, 0, 0, 0, 0, 0, 1, 1, 1, 0]",10,0,0,,0.6363636363636364,11
1056,1b65a594-8220-11f1-b0da-2389f409459f,6,"[0, 0, 0, 0, 0, 0, 0, 1, 1, 0, 0]",0,0,0,,0.6363636363636364,11
1057,1b65a594-8220-11f1-b0da-2389f409459f,6,"[0, 0, 0, 0, 0, 0, 0, 1, 1, 0, 0]",1,0,0,,0.6363636363636364,11
1058,1b65a594-8220-11f1-b0da-2389f409459f,6,"[0, 0, 0, 0, 0, 0, 0, 1, 1, 0, 0]",2,0,0,,0.6363636363636364,11
1059,1b65a594-8220-11f1-b0da-2389f409459f,6,"[0, 0, 0, 0, 0, 0, 0, 1, 1, 0, 0]",3,0,0,,0.6363636363636364,11
1060,1b65a594-8220-11f1-b0da-2389f409459f,6,"[0, 0, 0, 0, 0, 0, 0, 1, 1, 0, 0]",4,0,0,,0.6363636363636364,11
1061,1b65a594-8220-11f1-b0da-2389f409459f,6,"[0, 0, 0, 0, 0, 0, 0, 1, 1, 0, 0]",5,0,0,,0.6363636363636364,11
1062,1b65a594-8220-11f1-b0da-2389f409459f,6,"[0, 0, 0, 0, 0, 0, 0, 1, 1, 0, 0]",6,0,0,,0.6363636363636364,11
1063,1b65a594-8220-11f1-b0da-2389f409459f,6,"[0, 0, 0, 0, 0, 0, 0, 1, 1, 0, 0]",7,1,1,,0.6363636363636364,11
1064,1b65a594-8220-11f1-b0da-2389f409459f,6,"[0, 0, 0, 0, 0, 0, 0, 1, 1, 0, 0]",8,1,1,,0.6363636363636364,11
1065,1b65a594-8220-11f1-b0da-2389f409459f,6,"[0, 0, 0, 0, 0, 0, 0, 1, 1, 0, 0]",9,0,0,,0.6363636363636364,11
1066,1b65a594-8220-11f1-b0da-2389f409459f,6,"[0, 0, 0, 0, 0, 0, 0, 1, 1, 0, 0]",10,0,0,,0.6363636363636364,11
1067,1b65a594-8220-11f1-b0da-2389f409459f,7,"[0, 0, 1, 0, 0, 0, 1, 0, 0, 1, 0]",0,0,0,,0.6363636363636364,11
1068,1b65a594-8220-11f1-b0da-2389f409459f,7,"[0, 0, 1, 0, 0, 0, 1, 0, 0, 1, 0]",1,0,0,,0.6363636363636364,11
1069,1b65a594-8220-11f1-b0da-2389f409459f,7,"[0, 0, 1, 0, 0, 0, 1, 0, 0, 1, 0]",2,1,1,,0.6363636363636364,11
1070,1b65a594-8220-11f1-b0da-2389f409459f,7,"[0, 0, 1, 0, 0, 0, 1, 0, 0, 1, 0]",3,0,0,,0.6363636363636364,11
1071,1b65a594-8220-11f1-b0da-2389f409459f,7,"[0, 0, 1, 0, 0, 0, 1, 0, 0, 1, 0]",4,0,0,,0.6363636363636364,11
1072,1b65a594-8220-11f1-b0da-2389f409459f,7,"[0, 0, 1, 0, 0, 0, 1, 0, 0, 1, 0]",5,0,0,,0.6363636363636364,11
1073,1b65a594-8220-11f1-b0da-2389f409459f,7,"[0, 0, 1, 0, 0, 0, 1, 0, 0, 1, 0]",6,1,1,,0.6363636363636364,11
1074,1b65a594-8220-11f1-b0da-2389f409459f,7,"[0, 0, 1, 0, 0, 0, 1, 0, 0, 1, 0]",7,0,0,,0.6363636363636364,11
1075,1b65a594-8220-11f1-b0da-2389f409459f,7,"[0, 0, 1, 0, 0, 0, 1, 0, 0, 1, 0]",8,0,0,,0.6363636363636364,11
1076,1b65a594-8220-11f1-b0da-2389f409459f,7,"[0, 0, 1, 0, 0, 0, 1, 0, 0, 1, 0]",9,1,1,,0.6363636363636364,11
1077,1b65a594-8220-11f1-b0da-2389f409459f,7,"[0, 0, 1, 0, 0, 0, 1, 0, 0, 1, 0]",10,0,0,,0.6363636363636364,11
1078,1b65a594-8220-11f1-b0da-2389f409459f,8,"[1, 1, 1, 0, 0, 0, 1, 1, 0, 0, 0]",0,1,1,,0.6363636363636364,11
1079,1b65a594-8220-11f1-b0da-2389f409459f,8,"[1, 1, 1, 0, 0, 0, 1, 1, 0, 0, 0]",1,1,1,,0.6363636363636364,11
1080,1b65a594-8220-11f1-b0da-2389f409459f,8,"[1, 1, 1, 0, 0, 0, 1, 1, 0, 0, 0]",2,1,1,,0.6363636363636364,11
1081,1b65a594-8220-11f1-b0da-2389f409459f,8,"[1, 1, 1, 0, 0, 0, 1, 1, 0, 0, 0]",3,0,0,,0.6363636363636364,11
1082,1b65a594-8220-11f1-b0da-2389f409459f,8,"[1, 1, 1, 0, 0, 0, 1, 1, 0, 0, 0]",4,0,0,,0.6363636363636364,11
1083,1b65a594-8220-11f1-b0da-2389f409459f,8,"[1, 1, 1, 0, 0, 0, 1, 1, 0, 0, 0]",5,0,0,,0.6363636363636364,11
1084,1b65a594-8220-11f1-b0da-2389f409459f,8,"[1, 1, 1, 0, 0, 0, 1, 1, 0, 0, 0]",6,1,1,,0.6363636363636364,11
1085,1b65a594-8220-11f1-b0da-2389f409459f,8,"[1, 1, 1, 0, 0, 0, 1, 1, 0, 0, 0]",7,1,1,,0.6363636363636364,11
1086,1b65a594-8220-11f1-b0da-2389f409459f,8,"[1, 1, 1, 0, 0, 0, 1, 1, 0, 0, 0]",8,0,0,,0.6363636363636364,11
1087,1b65a594-8220-11f1-b0da-2389f409459f,8,"[1, 1, 1, 0, 0, 0, 1, 1, 0, 0, 0]",9,0,0,,0.6363636363636364,11
1088,1b65a594-8220-11f1-b0da-2389f409459f,8,"[1, 1, 1, 0, 0, 0, 1, 1, 0, 0, 0]",10,0,0,,0.6363636363636364,11
1089,1b65a594-8220-11f1-b0da-2389f409459f,9,"[0, 1, 1, 1, 1, 0, 0, 0, 1, 1, 1]",0,0,0,,0.6363636363636364,11
1090,1b65a594-8220-11f1-b0da-2389f409459f,9,"[0, 1, 1, 1, 1, 0, 0, 0, 1, 1, 1]",1,1,1,,0.6363636363636364,11
1091,1b65a594-8220-11f1-b0da-2389f409459f,9,"[0, 1, 1, 1, 1, 0, 0, 0, 1, 1, 1]",2,1,1,,0.6363636363636364,11
1092,1b65a594-8220-11f1-b0da-2389f409459f,9,"[0, 1, 1, 1, 1, 0, 0, 0, 1, 1, 1]",3,1,1,,0.6363636363636364,11
1093,1b65a594-8220-11f1-b0da-2389f409459f,9,"[0, 1, 1, 1, 1, 0, 0, 0, 1, 1, 1]",4,1,1,,0.6363636363636364,11
1094,1b65a594-8220-11f1-b0da-2389f409459f,9,"[0, 1, 1, 1, 1, 0, 0, 0, 1, 1, 1]",5,0,0,,0.6363636363636364,11
1095,1b65a594-8220-11f1-b0da-2389f409459f,9,"[0, 1, 1, 1, 1, 0, 0, 0, 1, 1, 1]",6,0,0,,0.6363636363636364,11
1096,1b65a594-8220-11f1-b0da-2389f409459f,9,"[0, 1, 1, 1, 1, 0, 0, 0, 1, 1, 1]",7,0,0,,0.6363636363636364,11
1097,1b65a594-8220-11f1-b0da-2389f409459f,9,"[0, 1, 1, 1, 1, 0, 0, 0, 1, 1, 1]",8,1,1,,0.6363636363636364,11
1098,1b65a594-8220-11f1-b0da-2389f409459f,9,"[0, 1, 1, 1, 1, 0, 0, 0, 1, 1, 1]",9,1,1,,0.6363636363636364,11
1099,1b65a594-8220-11f1-b0da-2389f409459f,9,"[0, 1, 1, 1, 1, 0, 0, 0, 1, 1, 1]",10,1,1,,0.6363636363636364,11
