,id_sim,round,attendance,id_player,decision,score,model,threshold,num_agents
0,1b9ecb30-8220-11f1-b0da-2389f409459f,0,"[0, 0, 1, 1, 0, 0, 1, 1, 0, 1, 1, 1]",0,0,0,,0.5,12
1,1b9ecb30-8220-11f1-b0da-2389f409459f,0,"[0, 0, 1, 1, 0, 0, 1, 1, 0, 1, 1, 1]",1,0,0,,0.5,12
2,1b9ecb30-8220-11f1-b0da-2389f409459f,0,"[0, 0, 1, 1, 0, 0, 1, 1, 0, 1, 1, 1]",2,1,-1,,0.5,12
3,1b9ecb30-8220-11f1-b0da-2389f409459f,0,"[0, 0, 1, 1, 0, 0, 1, 1, 0, 1, 1, 1]",3,1,-1,,0.5,12
4,1b9ecb30-8220-11f1-b0da-2389f409459f,0,"[0, 0, 1, 1, 0, 0, 1, 1, 0, 1, 1, 1]",4,0,0,,0.5,12
5,1b9ecb30-8220-11f1-b0da-2389f409459f,0,"[0, 0, 1, 1, 0, 0, 1, 1, 0, 1, 1, 1]",5,0,0,,0.5,12
6,1b9ecb30-8220-11f1-b0da-2389f409459f,0,"[0, 0, 1, 1, 0, 0, 1, 1, 0, 1, 1, 1]",6,1,-1,,0.5,12
7,1b9ecb30-8220-11f1-b0da-2389f409459f,0,"[0, 0, 1, 1, 0, 0, 1, 1, 0, 1, 1, 1]",7,1,-1,,0.5,12
8,1b9ecb30-8220-11f1-b0da-2389f409459f,0,"[0, 0, 1, 1, 0, 0, 1, 1, 0, 1, 1, 1]",8,0,0,,0.5,12
9,1b9ecb30-8220-11f1-b0da-2389f409459f,0,"[0, 0, 1, 1, 0, 0, 1, 1, 0, 1, 1, 1]",9,1,-1,,0.5,12
10,1b9ecb30-8220-11f1-b0da-2389f409459f,0,"[0, 0, 1, 1, 0, 0, 1, 1, 0, 1, 1, 1]",10,1,-1,,0.5,12
11,1b9ecb30-8220-11f1-b0da-2389f409459f,0,"[0, 0, 1, 1, 0, 0, 1, 1, 0, 1, 1, 1]",11,1,-1,,0.5,12
12,1b9ecb30-8220-11f1-b0da-2389f409459f,1,"[1, 1, 1, 0, 0, 1, 1, 0, 1, 1, 0, 0]",0,1,-1,,0.5,12
13,1b9ecb30-8220-11f1-b0da-2389f409459f,1,"[1, 1, 1, 0, 0, 1, 1, 0, 1, 1, 0, 0]",1,1,-1,,0.5,12
14,1b9ecb30-8220-11f1-b0da-2389f409459f,1,"[1, 1, 1, 0, 0, 1, 1, 0, 1, 1, 0, 0]",2,1,-1,,0.5,12
15,1b9ecb30-8220-11f1-b0da-2389f409459f,1,"[1, 1, 1, 0, 0, 1, 1, 0, 1, 1, 0, 0]",3,0,0,,0.5,12
16,1b9ecb30-8220-11f1-b0da-2389f409459f,1,"[1, 1, 1, 0, 0, 1, 1, 0, 1, 1, 0, 0]",4,0,0,,0.5,12
17,1b9ecb30-8220-11f1-b0da-2389f409459f,1,"[1, 1, 1, 0, 0, 1, 1, 0, 1, 1, 0, 0]",5,1,-1,,0.5,12
18,1b9ecb30-8220-11f1-b0da-2389f409459f,1,"[1, 1, 1, 0, 0, 1, 1, 0, 1, 1, 0, 0]",6,1,-1,,0.5,12
19,1b9ecb30-8220-11f1-b0da-2389f409459f,1,"[1, 1, 1, 0, 0, 1, 1, 0, 1, 1, 0, 0]",7,0,0,,0.5,12
20,1b9ecb30-8220-11f1-b0da-2389f409459f,1,"[1, 1, 1, 0, 0, 1, 1, 0, 1, 1, 0, 0]",8,1,-1,,0.5,12
21,1b9ecb30-8220-11f1-b0da-2389f409459f,1,"[1, 1, 1, 0, 0, 1, 1, 0, 1, 1, 0, 0]",9,1,-1,,0.5,12
22,1b9ecb30-8220-11f1-b0da-2389f409459f,1,"[1, 1, 1, 0, 0, 1, 1, 0, 1, 1, 0, 0]",10,0,0,,0.5,12
23,1b9ecb30-8220-11f1-b0da-2389f409459f,1,"[1, 1, 1, 0, 0, 1, 1, 0, 1, 1, 0, 0]",11,0,0,,0.5,12
24,1b9ecb30-8220-11f1-b0da-2389f409459f,2,"[1, 1, 1, 0, 1, 1, 0, 1, 0, 1, 0, 1]",0,1,-1,,0.5,12
25,1b9ecb30-8220-11f1-b0da-2389f409459f,2,"[1, 1, 1, 0, 1, 1, 0, 1, 0, 1, 0, 1]",1,1,-1,,0.5,12
26,1b9ecb30-8220-11f1-b0da-2389f409459f,2,"[1, 1, 1, 0, 1, 1, 0, 1, 0, 1, 0, 1]",2,1,-1,,0.5,12
27,1b9ecb30-8220-11f1-b0da-2389f409459f,2,"[1, 1, 1, 0, 1, 1, 0, 1, 0, 1, 0, 1]",3,0,0,,0.5,12
28,1b9ecb30-8220-11f1-b0da-2389f409459f,2,"[1, 1, 1, 0, 1, 1, 0, 1, 0, 1, 0, 1]",4,1,-1,,0.5,12
29,1b9ecb30-8220-11f1-b0da-2389f409459f,2,"[1, 1, 1, 0, 1, 1, 0, 1, 0, 1, 0, 1]",5,1,-1,,0.5,12
30,1b9ecb30-8220-11f1-b0da-2389f409459f,2,"[1, 1, 1, 0, 1, 1, 0, 1, 0, 1, 0, 1]",6,0,0,,0.5,12
31,1b9ecb30-8220-11f1-b0da-2389f409459f,2,"[1, 1, 1, 0, 1, 1, 0, 1, 0, 1, 0, 1]",7,1,-1,,0.5,12
32,1b9ecb30-8220-11f1-b0da-2389f409459f,2,"[1, 1, 1, 0, 1, 1, 0, 1, 0, 1, 0, 1]",8,0,0,,0.5,12
33,1b9ecb30-8220-11f1-b0da-2389f409459f,2,"[1, 1, 1, 0, 1, 1, 0, 1, 0, 1, 0, 1]",9,1,-1,,0.5,12
34,1b9ecb30-8220-11f1-b0da-2389f409459f,2,"[1, 1, 1, 0, 1, 1, 0, 1, 0, 1, 0, 1]",10,0,0,,0.5,12
35,1b9ecb30-8220-11f1-b0da-2389f409459f,2,"[1, 1, 1, 0, 1, 1, 0, 1, 0, 1, 0, 1]",11,1,-1,,0.5,12
36,1b9ecb30-8220-11f1-b0da-2389f409459f,3,"[0, 0, 0, 1, 1, 0, 1, 0, 1, 0, 1, 1]",0,0,0,,0.5,12
37,1b9ecb30-8220-11f1-b0da-2389f409459f,3,"[0, 0, 0, 1, 1, 0, 1, 0, 1, 0, 1, 1]",1,0,0,,0.5,12
38,1b9ecb30-8220-11f1-b0da-2389f409459f,3,"[0, 0, 0, 1, 1, 0, 1, 0, 1, 0, 1, 1]",2,0,0,,0.5,12
39,1b9ecb30-8220-11f1-b0da-2389f409459f,3,"[0, 0, 0, 1, 1, 0, 1, 0, 1, 0, 1, 1]",3,1,1,,0.5,12
40,1b9ecb30-8220-11f1-b0da-2389f409459f,3,"[0, 0, 0, 1, 1, 0, 1, 0, 1, 0, 1, 1]",4,1,1,,0.5,12
41,1b9ecb30-8220-11f1-b0da-2389f409459f,3,"[0, 0, 0, 1, 1, 0, 1, 0, 1, 0, 1, 1]",5,0,0,,0.5,12
42,1b9ecb30-8220-11f1-b0da-2389f409459f,3,"[0, 0, 0, 1, 1, 0, 1, 0, 1, 0, 1, 1]",6,1,1,,0.5,12
43,1b9ecb30-8220-11f1-b0da-2389f409459f,3,"[0, 0, 0, 1, 1, 0, 1, 0, 1, 0, 1, 1]",7,0,0,,0.5,12
44,1b9ecb30-8220-11f1-b0da-2389f409459f,3,"[0, 0, 0, 1, 1, 0, 1, 0, 1, 0, 1, 1]",8,1,1,,0.5,12
45,1b9ecb30-8220-11f1-b0da-2389f409459f,3,"[0, 0, 0, 1, 1, 0, 1, 0, 1, 0, 1, 1]",9,0,0,,0.5,12
46,1b9ecb30-8220-11f1-b0da-2389f409459f,3,"[0, 0, 0, 1, 1, 0, 1, 0, 1, 0, 1, 1]",10,1,1,,0.5,12
47,1b9ecb30-8220-11f1-b0da-2389f409459f,3,"[0, 0, 0, 1, 1, 0, 1, 0, 1, 0, 1, 1]",11,1,1,,0.5,12
48,1b9ecb30-8220-11f1-b0da-2389f409459f,4,"[1, 0, 0, 1, 0, 1, 0, 0, 1, 1, 1, 1]",0,1,-1,,0.5,12
49,1b9ecb30-8220-11f1-b0da-2389f409459f,4,"[1, 0, 0, 1, 0, 1, 0, 0, 1, 1, 1, 1]",1,0,0,,0.5,12
50,1b9ecb30-8220-11f1-b0da-2389f409459f,4,"[1, 0, 0, 1, 0, 1, 0, 0, 1, 1, 1, 1]",2,0,0,,0.5,12
51,1b9ecb30-8220-11f1-b0da-2389f409459f,4,"[1, 0, 0, 1, 0, 1, 0, 0, 1, 1, 1, 1]",3,1,-1,,0.5,12
52,1b9ecb30-8220-11f1-b0da-2389f409459f,4,"[1, 0, 0, 1, 0, 1, 0, 0, 1, 1, 1, 1]",4,0,0,,0.5,12
53,1b9ecb30-8220-11f1-b0da-2389f409459f,4,"[1, 0, 0, 1, 0, 1, 0, 0, 1, 1, 1, 1]",5,1,-1,,0.5,12
54,1b9ecb30-8220-11f1-b0da-2389f409459f,4,"[1, 0, 0, 1, 0, 1, 0, 0, 1, 1, 1, 1]",6,0,0,,0.5,12
55,1b9ecb30-8220-11f1-b0da-2389f409459f,4,"[1, 0, 0, 1, 0, 1, 0, 0, 1, 1, 1, 1]",7,0,0,,0.5,12
56,1b9ecb30-8220-11f1-b0da-2389f409459f,4,"[1, 0, 0, 1, 0, 1, 0, 0, 1, 1, 1, 1]",8,1,-1,,0.5,12
57,1b9ecb30-8220-11f1-b0da-2389f409459f,4,"[1, 0, 0, 1, 0, 1, 0, 0, 1, 1, 1, 1]",9,1,-1,,0.5,12
58,1b9ecb30-8220-11f1-b0da-2389f409459f,4,"[1, 0, 0, 1, 0, 1, 0, 0, 1, 1, 1, 1]",10,1,-1,,0.5,12
59,1b9ecb30-8220-11f1-b0da-2389f409459f,4,"[1, 0, 0, 1, 0, 1, 0, 0, 1, 1, 1, 1]",11,1,-1,,0.5,12
60,1b9ecb30-8220-11f1-b0da-2389f409459f,5,"[0, 0, 1, 1, 1, 1, 0, 1, 0, 0, 1, 0]",0,0,0,,0.5,12
61,1b9ecb30-8220-11f1-b0da-2389f409459f,5,"[0, 0, 1, 1, 1, 1, 0, 1, 0, 0, 1, 0]",1,0,0,,0.5,12
62,1b9ecb30-8220-11f1-b0da-2389f409459f,5,"[0, 0, 1, 1, 1, 1, 0, 1, 0, 0, 1, 0]",2,1,1,,0.5,12
63,1b9ecb30-8220-11f1-b0da-2389f409459f,5,"[0, 0, 1, 1, 1, 1, 0, 1, 0, 0, 1, 0]",3,1,1,,0.5,12
64,1b9ecb30-8220-11f1-b0da-2389f409459f,5,"[0, 0, 1, 1, 1, 1, 0, 1, 0, 0, 1, 0]",4,1,1,,0.5,12
65,1b9ecb30-8220-11f1-b0da-2389f409459f,5,"[0, 0, 1, 1, 1, 1, 0, 1, 0, 0, 1, 0]",5,1,1,,0.5,12
66,1b9ecb30-8220-11f1-b0da-2389f409459f,5,"[0, 0, 1, 1, 1, 1, 0, 1, 0, 0, 1, 0]",6,0,0,,0.5,12
67,1b9ecb30-8220-11f1-b0da-2389f409459f,5,"[0, 0, 1, 1, 1, 1, 0, 1, 0, 0, 1, 0]",7,1,1,,0.5,12
68,1b9ecb30-8220-11f1-b0da-2389f409459f,5,"[0, 0, 1, 1, 1, 1, 0, 1, 0, 0, 1, 0]",8,0,0,,0.5,12
69,1b9ecb30-8220-11f1-b0da-2389f409459f,5,"[0, 0, 1, 1, 1, 1, 0, 1, 0, 0, 1, 0]",9,0,0,,0.5,12
70,1b9ecb30-8220-11f1-b0da-2389f409459f,5,"[0, 0, 1, 1, 1, 1, 0, 1, 0, 0, 1, 0]",10,1,1,,0.5,12
71,1b9ecb30-8220-11f1-b0da-2389f409459f,5,"[0, 0, 1, 1, 1, 1, 0, 1, 0, 0, 1, 0]",11,0,0,,0.5,12
72,1b9ecb30-8220-11f1-b0da-2389f409459f,6,"[0, 0, 1, 0, 0, 0, 1, 0, 0, 1, 1, 1]",0,0,0,,0.5,12
73,1b9ecb30-8220-11f1-b0da-2389f409459f,6,"[0, 0, 1, 0, 0, 0, 1, 0, 0, 1, 1, 1]",1,0,0,,0.5,12
74,1b9ecb30-8220-11f1-b0da-2389f409459f,6,"[0, 0, 1, 0, 0, 0, 1, 0, 0, 1, 1, 1]",2,1,1,,0.5,12
75,1b9ecb30-8220-11f1-b0da-2389f409459f,6,"[0, 0, 1, 0, 0, 0, 1, 0, 0, 1, 1, 1]",3,0,0,,0.5,12
76,1b9ecb30-8220-11f1-b0da-2389f409459f,6,"[0, 0, 1, 0, 0, 0, 1, 0, 0, 1, 1, 1]",4,0,0,,0.5,12
77,1b9ecb30-8220-11f1-b0da-2389f409459f,6,"[0, 0, 1, 0, 0, 0, 1, 0, 0, 1, 1, 1]",5,0,0,,0.5,12
78,1b9ecb30-8220-11f1-b0da-2389f409459f,6,"[0, 0, 1, 0, 0, 0, 1, 0, 0, 1, 1, 1]",6,1,1,,0.5,12
79,1b9ecb30-8220-11f1-b0da-2389f409459f,6,"[0, 0, 1, 0, 0, 0, 1, 0, 0, 1, 1, 1]",7,0,0,,0.5,12
80,1b9ecb30-8220-11f1-b0da-2389f409459f,6,"[0, 0, 1, 0, 0, 0, 1, 0, 0, 1, 1, 1]",8,0,0,,0.5,12
81,1b9ecb30-8220-11f1-b0da-2389f409459f,6,"[0, 0, 1, 0, 0, 0, 1, 0, 0, 1, 1, 1]",9,1,1,,0.5,12
82,1b9ecb30-8220-11f1-b0da-2389f409459f,6,"[0, 0, 1, 0, 0, 0, 1, 0, 0, 1, 1, 1]",10,1,1,,0.5,12
83,1b9ecb30-8220-11f1-b0da-2389f409459f,6,"[0, 0, 1, 0, 0, 0, 1, 0, 0, 1, 1, 1]",11,1,1,,0.5,12
84,1b9ecb30-8220-11f1-b0da-2389f409459f,7,"[0, 0, 1, 0, 0, 0, 1, 0, 1, 1, 0, 0]",0,0,0,,0.5,12
85,1b9ecb30-8220-11f1-b0da-2389f409459f,7,"[0, 0, 1, 0, 0, 0, 1, 0, 1, 1, 0, 0]",1,0,0,,0.5,12
86,1b9ecb30-8220-11f1-b0da-2389f409459f,7,"[0, 0, 1, 0, 0, 0, 1, 0, 1, 1, 0, 0]",2,1,1,,0.5,12
87,1b9ecb30-8220-11f1-b0da-2389f409459f,7,"[0, 0, 1, 0, 0, 0, 1, 0, 1, 1, 0, 0]",3,0,0,,0.5,12
88,1b9ecb30-8220-11f1-b0da-2389f409459f,7,"[0, 0, 1, 0, 0, 0, 1, 0, 1, 1, 0, 0]",4,0,0,,0.5,12
89,1b9ecb30-8220-11f1-b0da-2389f409459f,7,"[0, 0, 1, 0, 0, 0, 1, 0, 1, 1, 0, 0]",5,0,0,,0.5,12
90,1b9ecb30-8220-11f1-b0da-2389f409459f,7,"[0, 0, 1, 0, 0, 0, 1, 0, 1, 1, 0, 0]",6,1,1,,0.5,12
91,1b9ecb30-8220-11f1-b0da-2389f409459f,7,"[0, 0, 1, 0, 0, 0, 1, 0, 1, 1, 0, 0]",7,0,0,,0.5,12
92,1b9ecb30-8220-11f1-b0da-2389f409459f,7,"[0, 0, 1, 0, 0, 0, 1, 0, 1, 1, 0, 0]",8,1,1,,0.5,12
93,1b9ecb30-8220-11f1-b0da-2389f409459f,7,"[0, 0, 1, 0, 0, 0, 1, 0, 1, 1, 0, 0]",9,1,1,,0.5,12
94,1b9ecb30-8220-11f1-b0da-2389f409459f,7,"[0, 0, 1, 0, 0, 0, 1, 0, 1, 1, 0, 0]",10,0,0,,0.5,12
95,1b9ecb30-8220-11f1-b0da-2389f409459f,7,"[0, 0, 1, 0, 0, 0, 1, 0, 1, 1, 0, 0]",11,0,0,,0.5,12
96,1b9ecb30-8220-11f1-b0da-2389f409459f,8,"[1, 0, 1, 0, 1, 0, 0, 0, 0, 0, 0, 1]",0,1,1,,0.5,12
97,1b9ecb30-8220-11f1-b0da-2389f409459f,8,"[1, 0, 1, 0, 1, 0, 0, 0, 0, 0, 0, 1]",1,0,0,,0.5,12
98,1b9ecb30-8220-11f1-b0da-2389f409459f,8,"[1, 0, 1, 0, 1, 0, 0, 0, 0, 0, 0, 1]",2,1,1,,0.5,12
99,1b9ecb30-8220-11f1-b0da-2389f409459f,8,"[1, 0, 1, 0, 1, 0, 0, 0, 0, 0, 0, 1]",3,0,0,,0.5,12
100,1b9ecb30-8220-11f1-b0da-2389f409459f,8,"[1, 0, 1, 0, 1, 0, 0, 0, 0, 0, 0, 1]",4,1,1,,0.5,12
101,1b9ecb30-8220-11f1-b0da-2389f409459f,8,"[1, 0, 1, 0, 1, 0, 0, 0, 0, 0, 0, 1]",5,0,0,,0.5,12
102,1b9ecb30-8220-11f1-b0da-2389f409459f,8,"[1, 0, 1, 0, 1, 0, 0, 0, 0, 0, 0, 1]",6,0,0,,0.5,12
103,1b9ecb30-8220-11f1-b0da-2389f409459f,8,"[1, 0, 1, 0, 1, 0, 0, 0, 0, 0, 0, 1]",7,0,0,,0.5,12
104,1b9ecb30-8220-11f1-b0da-2389f409459f,8,"[1, 0, 1, 0, 1, 0, 0, 0, 0, 0, 0, 1]",8,0,0,,0.5,12
105,1b9ecb30-8220-11f1-b0da-2389f409459f,8,"[1, 0, 1, 0, 1, 0, 0, 0, 0, 0, 0, 1]",9,0,0,,0.5,12
106,1b9ecb30-8220-11f1-b0da-2389f409459f,8,"[1, 0, 1, 0, 1, 0, 0, 0, 0, 0, 0, 1]",10,0,0,,0.5,12
107,1b9ecb30-8220-11f1-b0da-2389f409459f,8,"[1, 0, 1, 0, 1, 0, 0, 0, 0, 0, 0, 1]",11,1,1,,0.5,12
108,1b9ecb30-8220-11f1-b0da-2389f409459f,9,"[0, 1, 1, 1, 0, 1, 0, 1, 0, 1, 1, 1]",0,0,0,,0.5,12
109,1b9ecb30-8220-11f1-b0da-2389f409459f,9,"[0, 1, 1, 1, 0, 1, 0, 1, 0, 1, 1, 1]",1,1,-1,,0.5,12
110,1b9ecb30-8220-11f1-b0da-2389f409459f,9,"[0, 1, 1, 1, 0, 1, 0, 1, 0, 1, 1, 1]",2,1,-1,,0.5,12
111,1b9ecb30-8220-11f1-b0da-2389f409459f,9,"[0, 1, 1, 1, 0, 1, 0, 1, 0, 1, 1, 1]",3,1,-1,,0.5,12
112,1b9ecb30-8220-11f1-b0da-2389f409459f,9,"[0, 1, 1, 1, 0, 1, 0, 1, 0, 1, 1, 1]",4,0,0,,0.5,12
113,1b9ecb30-8220-11f1-b0da-2389f409459f,9,"[0, 1, 1, 1, 0, 1, 0, 1, 0, 1, 1, 1]",5,1,-1,,0.5,12
114,1b9ecb30-8220-11f1-b0da-2389f409459f,9,"[0, 1, 1, 1, 0, 1, 0, 1, 0, 1, 1, 1]",6,0,0,,0.5,12
115,1b9ecb30-8220-11f1-b0da-2389f409459f,9,"[0, 1, 1, 1, 0, 1, 0, 1, 0, 1, 1, 1]",7,1,-1,,0.5,12
116,1b9ecb30-8220-11f1-b0da-2389f409459f,9,"[0, 1, 1, 1, 0, 1, 0, 1, 0, 1, 1, 1]",8,0,0,,0.5,12
117,1b9ecb30-8220-11f1-b0da-2389f409459f,9,"[0, 1, 1, 1, 0, 1, 0, 1, 0, 1, 1, 1]",9,1,-1,,0.5,12
118,1b9ecb30-8220-11f1-b0da-2389f409459f,9,"[0, 1, 1, 1, 0, 1, 0, 1, 0, 1, 1, 1]",10,1,-1,,0.5,12
119,1b9ecb30-8220-11f1-b0da-2389f409459f,9,"[0, 1, 1, 1, 0, 1, 0, 1, 0, 1, 1, 1]",11,1,-1,,0.5,12
120,1ba40352-8220-11f1-b0da-2389f409459f,0,"[0, 0, 0, 1, 0, 1, 0, 0, 0, 0, 0, 0]",0,0,0,,0.5,12
121,1ba40352-8220-11f1-b0da-2389f409459f,0,"[0, 0, 0, 1, 0, 1, 0, 0, 0, 0, 0, 0]",1,0,0,,0.5,12
122,1ba40352-8220-11f1-b0da-2389f409459f,0,"[0, 0, 0, 1, 0, 1, 0, 0, 0, 0, 0, 0]",2,0,0,,0.5,12
123,1ba40352-8220-11f1-b0da-2389f409459f,0,"[0, 0, 0, 1, 0, 1, 0, 0, 0, 0, 0, 0]",3,1,1,,0.5,12
124,1ba40352-8220-11f1-b0da-2389f409459f,0,"[0, 0, 0, 1, 0, 1, 0, 0, 0, 0, 0, 0]",4,0,0,,0.5,12
125,1ba40352-8220-11f1-b0da-2389f409459f,0,"[0, 0, 0, 1, 0, 1, 0, 0, 0, 0, 0, 0]",5,1,1,,0.5,12
126,1ba40352-8220-11f1-b0da-2389f409459f,0,"[0, 0, 0, 1, 0, 1, 0, 0, 0, 0, 0, 0]",6,0,0,,0.5,12
127,1ba40352-8220-11f1-b0da-2389f409459f,0,"[0, 0, 0, 1, 0, 1, 0, 0, 0, 0, 0, 0]",7,0,0,,0.5,12
128,1ba40352-8220-11f1-b0da-2389f409459f,0,"[0, 0, 0, 1, 0, 1, 0, 0, 0, 0, 0, 0]",8,0,0,,0.5,12
129,1ba40352-8220-11f1-b0da-2389f409459f,0,"[0, 0, 0, 1, 0, 1, 0, 0, 0, 0, 0, 0]",9,0,0,,0.5,12
130,1ba40352-8220-11f1-b0da-2389f409459f,0,"[0, 0, 0, 1, 0, 1, 0, 0, 0, 0, 0, 0]",10,0,0,,0.5,12
131,1ba40352-8220-11f1-b0da-2389f409459f,0,"[0, 0, 0, 1, 0, 1, 0, 0, 0, 0, 0, 0]",11,0,0,,0.5,12
132,1ba40352-8220-11f1-b0da-2389f409459f,1,"[1, 0, 1, 1, 1, 0, 1, 0, 1, 0, 1, 1]",0,1,-1,,0.5,12
133,1ba40352-8220-11f1-b0da-2389f409459f,1,"[1, 0, 1, 1, 1, 0, 1, 0, 1, 0, 1, 1]",1,0,0,,0.5,12
134,1ba40352-8220-11f1-b0da-2389f409459f,1,"[1, 0, 1, 1, 1, 0, 1, 0, 1, 0, 1, 1]",2,1,-1,,0.5,12
135,1ba40352-8220-11f1-b0da-2389f409459f,1,"[1, 0, 1, 1, 1, 0, 1, 0, 1, 0, 1, 1]",3,1,-1,,0.5,12
136,1ba40352-8220-11f1-b0da-2389f409459f,1,"[1, 0, 1, 1, 1, 0, 1, 0, 1, 0, 1, 1]",4,1,-1,,0.5,12
137,1ba40352-8220-11f1-b0da-2389f409459f,1,"[1, 0, 1, 1, 1, 0, 1, 0, 1, 0, 1, 1]",5,0,0,,0.5,12
138,1ba40352-8220-11f1-b0da-2389f409459f,1,"[1, 0, 1, 1, 1, 0, 1, 0, 1, 0, 1, 1]",6,1,-1,,0.5,12
139,1ba40352-8220-11f1-b0da-2389f409459f,1,"[1, 0, 1, 1, 1, 0, 1, 0, 1, 0, 1, 1]",7,0,0,,0.5,12
140,1ba40352-8220-11f1-b0da-2389f409459f,1,"[1, 0, 1, 1, 1, 0, 1, 0, 1, 0, 1, 1]",8,1,-1,,0.5,12
141,1ba40352-8220-11f1-b0da-2389f409459f,1,"[1, 0, 1, 1, 1, 0, 1, 0, 1, 0, 1, 1]",9,0,0,,0.5,12
142,1ba40352-8220-11f1-b0da-2389f409459f,1,"[1, 0, 1, 1, 1, 0, 1, 0, 1, 0, 1, 1]",10,1,-1,,0.5,12
143,1ba40352-8220-11f1-b0da-2389f409459f,1,"[1, 0, 1, 1, 1, 0, 1, 0, 1, 0, 1, 1]",11,1,-1,,0.5,12
144,1ba40352-8220-11f1-b0da-2389f409459f,2,"[0, 1, 0, 1, 1, 1, 0, 1, 1, 1, 1, 1]",0,0,0,,0.5,12
145,1ba40352-8220-11f1-b0da-2389f409459f,2,"[0, 1, 0, 1, 1, 1, 0, 1, 1, 1, 1, 1]",1,1,-1,,0.5,12
146,1ba40352-8220-11f1-b0da-2389f409459f,2,"[0, 1, 0, 1, 1, 1, 0, 1, 1, 1, 1, 1]",2,0,0,,0.5,12
147,1ba40352-8220-11f1-b0da-2389f409459f,2,"[0, 1, 0, 1, 1, 1, 0, 1, 1, 1, 1, 1]",3,1,-1,,0.5,12
148,1ba40352-8220-11f1-b0da-2389f409459f,2,"[0, 1, 0, 1, 1, 1, 0, 1, 1, 1, 1, 1]",4,1,-1,,0.5,12
149,1ba40352-8220-11f1-b0da-2389f409459f,2,"[0, 1, 0, 1, 1, 1, 0, 1, 1, 1, 1, 1]",5,1,-1,,0.5,12
150,1ba40352-8220-11f1-b0da-2389f409459f,2,"[0, 1, 0, 1, 1, 1, 0, 1, 1, 1, 1, 1]",6,0,0,,0.5,12
151,1ba40352-8220-11f1-b0da-2389f409459f,2,"[0, 1, 0, 1, 1, 1, 0, 1, 1, 1, 1, 1]",7,1,-1,,0.5,12
152,1ba40352-8220-11f1-b0da-2389f409459f,2,"[0, 1, 0, 1, 1, 1, 0, 1, 1, 1, 1, 1]",8,1,-1,,0.5,12
153,1ba40352-8220-11f1-b0da-2389f409459f,2,"[0, 1, 0, 1, 1, 1, 0, 1, 1, 1, 1, 1]",9,1,-1,,0.5,12
154,1ba40352-8220-11f1-b0da-2389f409459f,2,"[0, 1, 0, 1, 1, 1, 0, 1, 1, 1, 1, 1]",10,1,-1,,0.5,12
155,1ba40352-8220-11f1-b0da-2389f409459f,2,"[0, 1, 0, 1, 1, 1, 0, 1, 1, 1, 1, 1]",11,1,-1,,0.5,12
156,1ba40352-8220-11f1-b0da-2389f409459f,3,"[0, 0, 0, 1, 1, 0, 0, 1, 0, 1, 1, 1]",0,0,0,,0.5,12
157,1ba40352-8220-11f1-b0da-2389f409459f,3,"[0, 0, 0, 1, 1, 0, 0, 1, 0, 1, 1, 1]",1,0,0,,0.5,12
158,1ba40352-8220-11f1-b0da-2389f409459f,3,"[0, 0, 0, 1, 1, 0, 0, 1, 0, 1, 1, 1]",2,0,0,,0.5,12
159,1ba40352-8220-11f1-b0da-2389f409459f,3,"[0, 0, 0, 1, 1, 0, 0, 1, 0, 1, 1, 1]",3,1,1,,0.5,12
160,1ba40352-8220-11f1-b0da-2389f409459f,3,"[0, 0, 0, 1, 1, 0, 0, 1, 0, 1, 1, 1]",4,1,1,,0.5,12
161,1ba40352-8220-11f1-b0da-2389f409459f,3,"[0, 0, 0, 1, 1, 0, 0, 1, 0, 1, 1, 1]",5,0,0,,0.5,12
162,1ba40352-8220-11f1-b0da-2389f409459f,3,"[0, 0, 0, 1, 1, 0, 0, 1, 0, 1, 1, 1]",6,0,0,,0.5,12
163,1ba40352-8220-11f1-b0da-2389f409459f,3,"[0, 0, 0, 1, 1, 0, 0, 1, 0, 1, 1, 1]",7,1,1,,0.5,12
164,1ba40352-8220-11f1-b0da-2389f409459f,3,"[0, 0, 0, 1, 1, 0, 0, 1, 0, 1, 1, 1]",8,0,0,,0.5,12
165,1ba40352-8220-11f1-b0da-2389f409459f,3,"[0, 0, 0, 1, 1, 0, 0, 1, 0, 1, 1, 1]",9,1,1,,0.5,12
166,1ba40352-8220-11f1-b0da-2389f409459f,3,"[0, 0, 0, 1, 1, 0, 0, 1, 0, 1, 1, 1]",10,1,1,,0.5,12
167,1ba40352-8220-11f1-b0da-2389f409459f,3,"[0, 0, 0, 1, 1, 0, 0, 1, 0, 1, 1, 1]",11,1,1,,0.5,12
168,1ba40352-8220-11f1-b0da-2389f409459f,4,"[1, 1, 1, 1, 1, 1, 1, 0, 0, 1, 1, 1]",0,1,-1,,0.5,12
169,1ba40352-8220-11f1-b0da-2389f409459f,4,"[1, 1, 1, 1, 1, 1, 1, 0, 0, 1, 1, 1]",1,1,-1,,0.5,12
170,1ba40352-8220-11f1-b0da-2389f409459f,4,"[1, 1, 1, 1, 1, 1, 1, 0, 0, 1, 1, 1]",2,1,-1,,0.5,12
171,1ba40352-8220-11f1-b0da-2389f409459f,4,"[1, 1, 1, 1, 1, 1, 1, 0, 0, 1, 1, 1]",3,1,-1,,0.5,12
172,1ba40352-8220-11f1-b0da-2389f409459f,4,"[1, 1, 1, 1, 1, 1, 1, 0, 0, 1, 1, 1]",4,1,-1,,0.5,12
173,1ba40352-8220-11f1-b0da-2389f409459f,4,"[1, 1, 1, 1, 1, 1, 1, 0, 0, 1, 1, 1]",5,1,-1,,0.5,12
174,1ba40352-8220-11f1-b0da-2389f409459f,4,"[1, 1, 1, 1, 1, 1, 1, 0, 0, 1, 1, 1]",6,1,-1,,0.5,12
175,1ba40352-8220-11f1-b0da-2389f409459f,4,"[1, 1, 1, 1, 1, 1, 1, 0, 0, 1, 1, 1]",7,0,0,,0.5,12
176,1ba40352-8220-11f1-b0da-2389f409459f,4,"[1, 1, 1, 1, 1, 1, 1, 0, 0, 1, 1, 1]",8,0,0,,0.5,12
177,1ba40352-8220-11f1-b0da-2389f409459f,4,"[1, 1, 1, 1, 1, 1, 1, 0, 0, 1, 1, 1]",9,1,-1,,0.5,12
178,1ba40352-8220-11f1-b0da-2389f409459f,4,"[1, 1, 1, 1, 1, 1, 1, 0, 0, 1, 1, 1]",10,1,-1,,0.5,12
179,1ba40352-8220-11f1-b0da-2389f409459f,4,"[1, 1, 1, 1, 1, 1, 1, 0, 0, 1, 1, 1]",11,1,-1,,0.5,12
180,1ba40352-8220-11f1-b0da-2389f409459f,5,"[1, 0, 0, 1, 0, 0, 0, 1, 1, 1, 0, 1]",0,1,1,,0.5,12
181,1ba40352-8220-11f1-b0da-2389f409459f,5,"[1, 0, 0, 1, 0, 0, 0, 1, 1, 1, 0, 1]",1,0,0,,0.5,12
182,1ba40352-8220-11f1-b0da-2389f409459f,5,"[1, 0, 0, 1, 0, 0, 0, 1, 1, 1, 0, 1]",2,0,0,,0.5,12
183,1ba40352-8220-11f1-b0da-2389f409459f,5,"[1, 0, 0, 1, 0, 0, 0, 1, 1, 1, 0, 1]",3,1,1,,0.5,12
184,1ba40352-8220-11f1-b0da-2389f409459f,5,"[1, 0, 0, 1, 0, 0, 0, 1, 1, 1, 0, 1]",4,0,0,,0.5,12
185,1ba40352-8220-11f1-b0da-2389f409459f,5,"[1, 0, 0, 1, 0, 0, 0, 1, 1, 1, 0, 1]",5,0,0,,0.5,12
186,1ba40352-8220-11f1-b0da-2389f409459f,5,"[1, 0, 0, 1, 0, 0, 0, 1, 1, 1, 0, 1]",6,0,0,,0.5,12
187,1ba40352-8220-11f1-b0da-2389f409459f,5,"[1, 0, 0, 1, 0, 0, 0, 1, 1, 1, 0, 1]",7,1,1,,0.5,12
188,1ba40352-8220-11f1-b0da-2389f409459f,5,"[1, 0, 0, 1, 0, 0, 0, 1, 1, 1, 0, 1]",8,1,1,,0.5,12
189,1ba40352-8220-11f1-b0da-2389f409459f,5,"[1, 0, 0, 1, 0, 0, 0, 1, 1, 1, 0, 1]",9,1,1,,0.5,12
190,1ba40352-8220-11f1-b0da-2389f409459f,5,"[1, 0, 0, 1, 0, 0, 0, 1, 1, 1, 0, 1]",10,0,0,,0.5,12
191,1ba40352-8220-11f1-b0da-2389f409459f,5,"[1, 0, 0, 1, 0, 0, 0, 1, 1, 1, 0, 1]",11,1,1,,0.5,12
192,1ba40352-8220-11f1-b0da-2389f409459f,6,"[1, 1, 1, 0, 0, 0, 0, 0, 1, 1, 1, 0]",0,1,1,,0.5,12
193,1ba40352-8220-11f1-b0da-2389f409459f,6,"[1, 1, 1, 0, 0, 0, 0, 0, 1, 1, 1, 0]",1,1,1,,0.5,12
194,1ba40352-8220-11f1-b0da-2389f409459f,6,"[1, 1, 1, 0, 0, 0, 0, 0, 1, 1, 1, 0]",2,1,1,,0.5,12
195,1ba40352-8220-11f1-b0da-2389f409459f,6,"[1, 1, 1, 0, 0, 0, 0, 0, 1, 1, 1, 0]",3,0,0,,0.5,12
196,1ba40352-8220-11f1-b0da-2389f409459f,6,"[1, 1, 1, 0, 0, 0, 0, 0, 1, 1, 1, 0]",4,0,0,,0.5,12
197,1ba40352-8220-11f1-b0da-2389f409459f,6,"[1, 1, 1, 0, 0, 0, 0, 0, 1, 1, 1, 0]",5,0,0,,0.5,12
198,1ba40352-8220-11f1-b0da-2389f409459f,6,"[1, 1, 1, 0, 0, 0, 0, 0, 1, 1, 1, 0]",6,0,0,,0.5,12
199,1ba40352-8220-11f1-b0da-2389f409459f,6,"[1, 1, 1, 0, 0, 0, 0, 0, 1, 1, 1, 0]",7,0,0,,0.5,12
200,1ba40352-8220-11f1-b0da-2389f409459f,6,"[1, 1, 1, 0, 0, 0, 0, 0, 1, 1, 1, 0]",8,1,1,,0.5,12
201,1ba40352-8220-11f1-b0da-2389f409459f,6,"[1, 1, 1, 0, 0, 0, 0, 0, 1, 1, 1, 0]",9,1,1,,0.5,12
202,1ba40352-8220-11f1-b0da-2389f409459f,6,"[1, 1, 1, 0, 0, 0, 0, 0, 1, 1, 1, 0]",10,1,1,,0.5,12
203,1ba40352-8220-11f1-b0da-2389f409459f,6,"[1, 1, 1, 0, 0, 0, 0, 0, 1, 1, 1, 0]",11,0,0,,0.5,12
204,1ba40352-8220-11f1-b0da-2389f409459f,7,"[0, 1, 1, 0, 0, 1, 0, 0, 0, 1, 1, 0]",0,0,0,,0.5,12
205,1ba40352-8220-11f1-b0da-2389f409459f,7,"[0, 1, 1, 0, 0, 1, 0, 0, 0, 1, 1, 0]",1,1,1,,0.5,12
206,1ba40352-8220-11f1-b0da-2389f409459f,7,"[0, 1, 1, 0, 0, 1, 0, 0, 0, 1, 1, 0]",2,1,1,,0.5,12
207,1ba40352-8220-11f1-b0da-2389f409459f,7,"[0, 1, 1, 0, 0, 1, 0, 0, 0, 1, 1, 0]",3,0,0,,0.5,12
208,1ba40352-8220-11f1-b0da-2389f409459f,7,"[0, 1, 1, 0, 0, 1, 0, 0, 0, 1, 1, 0]",4,0,0,,0.5,12
209,1ba40352-8220-11f1-b0da-2389f409459f,7,"[0, 1, 1, 0, 0, 1, 0, 0, 0, 1, 1, 0]",5,1,1,,0.5,12
210,1ba40352-8220-11f1-b0da-2389f409459f,7,"[0, 1, 1, 0, 0, 1, 0, 0, 0, 1, 1, 0]",6,0,0,,0.5,12
211,1ba40352-8220-11f1-b0da-2389f409459f,7,"[0, 1, 1, 0, 0, 1, 0, 0, 0, 1, 1, 0]",7,0,0,,0.5,12
212,1ba40352-8220-11f1-b0da-2389f409459f,7,"[0, 1, 1, 0, 0, 1, 0, 0, 0, 1, 1, 0]",8,0,0,,0.5,12
213,1ba40352-8220-11f1-b0da-2389f409459f,7,"[0, 1, 1, 0, 0, 1, 0, 0, 0, 1, 1, 0]",9,1,1,,0.5,12
214,1ba40352-8220-11f1-b0da-2389f409459f,7,"[0, 1, 1, 0, 0, 1, 0, 0, 0, 1, 1, 0]",10,1,1,,0.5,12
215,1ba40352-8220-11f1-b0da-2389f409459f,7,"[0, 1, 1, 0, 0, 1, 0, 0, 0, 1, 1, 0]",11,0,0,,0.5,12
216,1ba40352-8220-11f1-b0da-2389f409459f,8,"[1, 1, 1, 0, 0, 1, 0, 1, 0, 0, 1, 1]",0,1,-1,,0.5,12
217,1ba40352-8220-11f1-b0da-2389f409459f,8,"[1, 1, 1, 0, 0, 1, 0, 1, 0, 0, 1, 1]",1,1,-1,,0.5,12
218,1ba40352-8220-11f1-b0da-2389f409459f,8,"[1, 1, 1, 0, 0, 1, 0, 1, 0, 0, 1, 1]",2,1,-1,,0.5,12
219,1ba40352-8220-11f1-b0da-2389f409459f,8,"[1, 1, 1, 0, 0, 1, 0, 1, 0, 0, 1, 1]",3,0,0,,0.5,12
220,1ba40352-8220-11f1-b0da-2389f409459f,8,"[1, 1, 1, 0, 0, 1, 0, 1, 0, 0, 1, 1]",4,0,0,,0.5,12
221,1ba40352-8220-11f1-b0da-2389f409459f,8,"[1, 1, 1, 0, 0, 1, 0, 1, 0, 0, 1, 1]",5,1,-1,,0.5,12
222,1ba40352-8220-11f1-b0da-2389f409459f,8,"[1, 1, 1, 0, 0, 1, 0, 1, 0, 0, 1, 1]",6,0,0,,0.5,12
223,1ba40352-8220-11f1-b0da-2389f409459f,8,"[1, 1, 1, 0, 0, 1, 0, 1, 0, 0, 1, 1]",7,1,-1,,0.5,12
224,1ba40352-8220-11f1-b0da-2389f409459f,8,"[1, 1, 1, 0, 0, 1, 0, 1, 0, 0, 1, 1]",8,0,0,,0.5,12
225,1ba40352-8220-11f1-b0da-2389f409459f,8,"[1, 1, 1, 0, 0, 1, 0, 1, 0, 0, 1, 1]",9,0,0,,0.5,12
226,1ba40352-8220-11f1-b0da-2389f409459f,8,"[1, 1, 1, 0, 0, 1, 0, 1, 0, 0, 1, 1]",10,1,-1,,0.5,12
227,1ba40352-8220-11f1-b0da-2389f409459f,8,"[1, 1, 1, 0, 0, 1, 0, 1, 0, 0, 1, 1]",11,1,-1,,0.5,12
228,1ba40352-8220-11f1-b0da-2389f409459f,9,"[1, 1, 1, 0, 0, 1, 1, 0, 1, 0, 1, 0]",0,1,-1,,0.5,12
229,1ba40352-8220-11f1-b0da-2389f409459f,9,"[1, 1, 1, 0, 0, 1, 1, 0, 1, 0, 1, 0]",1,1,-1,,0.5,12
230,1ba40352-8220-11f1-b0da-2389f409459f,9,"[1, 1, 1, 0, 0, 1, 1, 0, 1, 0, 1, 0]",2,1,-1,,0.5,12
231,1ba40352-8220-11f1-b0da-2389f409459f,9,"[1, 1, 1, 0, 0, 1, 1, 0, 1, 0, 1, 0]",3,0,0,,0.5,12
232,1ba40352-8220-11f1-b0da-2389f409459f,9,"[1, 1, 1, 0, 0, 1, 1, 0, 1, 0, 1, 0]",4,0,0,,0.5,12
233,1ba40352-8220-11f1-b0da-2389f409459f,9,"[1, 1, 1, 0, 0, 1, 1, 0, 1, 0, 1, 0]",5,1,-1,,0.5,12
234,1ba40352-8220-11f1-b0da-2389f409459f,9,"[1, 1, 1, 0, 0, 1, 1, 0, 1, 0, 1, 0]",6,1,-1,,0.5,12
235,1ba40352-8220-11f1-b0da-2389f409459f,9,"[1, 1, 1, 0, 0, 1, 1, 0, 1, 0, 1, 0]",7,0,0,,0.5,12
236,1ba40352-8220-11f1-b0da-2389f409459f,9,"[1, 1, 1, 0, 0, 1, 1, 0, 1, 0, 1, 0]",8,1,-1,,0.5,12
237,1ba40352-8220-11f1-b0da-2389f409459f,9,"[1, 1, 1, 0, 0, 1, 1, 0, 1, 0, 1, 0]",9,0,0,,0.5,12
238,1ba40352-8220-11f1-b0da-2389f409459f,9,"[1, 1, 1, 0, 0, 1, 1, 0, 1, 0, 1, 0]",10,1,-1,,0.5,12
239,1ba40352-8220-11f1-b0da-2389f409459f,9,"[1, 1, 1, 0, 0, 1, 1, 0, 1, 0, 1, 0]",11,0,0,,0.5,12
240,1babdd34-8220-11f1-b0da-2389f409459f,0,"[0, 1, 1, 0, 1, 1, 0, 1, 0, 1, 0, 1]",0,0,0,,0.5,12
241,1babdd34-8220-11f1-b0da-2389f409459f,0,"[0, 1, 1, 0, 1, 1, 0, 1, 0, 1, 0, 1]",1,1,-1,,0.5,12
242,1babdd34-8220-11f1-b0da-2389f409459f,0,"[0, 1, 1, 0, 1, 1, 0, 1, 0, 1, 0, 1]",2,1,-1,,0.5,12
243,1babdd34-8220-11f1-b0da-2389f409459f,0,"[0, 1, 1, 0, 1, 1, 0, 1, 0, 1, 0, 1]",3,0,0,,0.5,12
244,1babdd34-8220-11f1-b0da-2389f409459f,0,"[0, 1, 1, 0, 1, 1, 0, 1, 0, 1, 0, 1]",4,1,-1,,0.5,12
245,1babdd34-8220-11f1-b0da-2389f409459f,0,"[0, 1, 1, 0, 1, 1, 0, 1, 0, 1, 0, 1]",5,1,-1,,0.5,12
246,1babdd34-8220-11f1-b0da-2389f409459f,0,"[0, 1, 1, 0, 1, 1, 0, 1, 0, 1, 0, 1]",6,0,0,,0.5,12
247,1babdd34-8220-11f1-b0da-2389f409459f,0,"[0, 1, 1, 0, 1, 1, 0, 1, 0, 1, 0, 1]",7,1,-1,,0.5,12
248,1babdd34-8220-11f1-b0da-2389f409459f,0,"[0, 1, 1, 0, 1, 1, 0, 1, 0, 1, 0, 1]",8,0,0,,0.5,12
249,1babdd34-8220-11f1-b0da-2389f409459f,0,"[0, 1, 1, 0, 1, 1, 0, 1, 0, 1, 0, 1]",9,1,-1,,0.5,12
250,1babdd34-8220-11f1-b0da-2389f409459f,0,"[0, 1, 1, 0, 1, 1, 0, 1, 0, 1, 0, 1]",10,0,0,,0.5,12
251,1babdd34-8220-11f1-b0da-2389f409459f,0,"[0, 1, 1, 0, 1, 1, 0, 1, 0, 1, 0, 1]",11,1,-1,,0.5,12
252,1babdd34-8220-11f1-b0da-2389f409459f,1,"[0, 0, 0, 0, 1, 0, 0, 1, 0, 0, 0, 1]",0,0,0,,0.5,12
253,1babdd34-8220-11f1-b0da-2389f409459f,1,"[0, 0, 0, 0, 1, 0, 0, 1, 0, 0, 0, 1]",1,0,0,,0.5,12
254,1babdd34-8220-11f1-b0da-2389f409459f,1,"[0, 0, 0, 0, 1, 0, 0, 1, 0, 0, 0, 1]",2,0,0,,0.5,12
255,1babdd34-8220-11f1-b0da-2389f409459f,1,"[0, 0, 0, 0, 1, 0, 0, 1, 0, 0, 0, 1]",3,0,0,,0.5,12
256,1babdd34-8220-11f1-b0da-2389f409459f,1,"[0, 0, 0, 0, 1, 0, 0, 1, 0, 0, 0, 1]",4,1,1,,0.5,12
257,1babdd34-8220-11f1-b0da-2389f409459f,1,"[0, 0, 0, 0, 1, 0, 0, 1, 0, 0, 0, 1]",5,0,0,,0.5,12
258,1babdd34-8220-11f1-b0da-2389f409459f,1,"[0, 0, 0, 0, 1, 0, 0, 1, 0, 0, 0, 1]",6,0,0,,0.5,12
259,1babdd34-8220-11f1-b0da-2389f409459f,1,"[0, 0, 0, 0, 1, 0, 0, 1, 0, 0, 0, 1]",7,1,1,,0.5,12
260,1babdd34-8220-11f1-b0da-2389f409459f,1,"[0, 0, 0, 0, 1, 0, 0, 1, 0, 0, 0, 1]",8,0,0,,0.5,12
261,1babdd34-8220-11f1-b0da-2389f409459f,1,"[0, 0, 0, 0, 1, 0, 0, 1, 0, 0, 0, 1]",9,0,0,,0.5,12
262,1babdd34-8220-11f1-b0da-2389f409459f,1,"[0, 0, 0, 0, 1, 0, 0, 1, 0, 0, 0, 1]",10,0,0,,0.5,12
263,1babdd34-8220-11f1-b0da-2389f409459f,1,"[0, 0, 0, 0, 1, 0, 0, 1, 0, 0, 0, 1]",11,1,1,,0.5,12
264,1babdd34-8220-11f1-b0da-2389f409459f,2,"[0, 0, 1, 0, 0, 1, 0, 0, 0, 1, 0, 0]",0,0,0,,0.5,12
265,1babdd34-8220-11f1-b0da-2389f409459f,2,"[0, 0, 1, 0, 0, 1, 0, 0, 0, 1, 0, 0]",1,0,0,,0.5,12
266,1babdd34-8220-11f1-b0da-2389f409459f,2,"[0, 0, 1, 0, 0, 1, 0, 0, 0, 1, 0, 0]",2,1,1,,0.5,12
267,1babdd34-8220-11f1-b0da-2389f409459f,2,"[0, 0, 1, 0, 0, 1, 0, 0, 0, 1, 0, 0]",3,0,0,,0.5,12
268,1babdd34-8220-11f1-b0da-2389f409459f,2,"[0, 0, 1, 0, 0, 1, 0, 0, 0, 1, 0, 0]",4,0,0,,0.5,12
269,1babdd34-8220-11f1-b0da-2389f409459f,2,"[0, 0, 1, 0, 0, 1, 0, 0, 0, 1, 0, 0]",5,1,1,,0.5,12
270,1babdd34-8220-11f1-b0da-2389f409459f,2,"[0, 0, 1, 0, 0, 1, 0, 0, 0, 1, 0, 0]",6,0,0,,0.5,12
271,1babdd34-8220-11f1-b0da-2389f409459f,2,"[0, 0, 1, 0, 0, 1, 0, 0, 0, 1, 0, 0]",7,0,0,,0.5,12
272,1babdd34-8220-11f1-b0da-2389f409459f,2,"[0, 0, 1, 0, 0, 1, 0, 0, 0, 1, 0, 0]",8,0,0,,0.5,12
273,1babdd34-8220-11f1-b0da-2389f409459f,2,"[0, 0, 1, 0, 0, 1, 0, 0, 0, 1, 0, 0]",9,1,1,,0.5,12
274,1babdd34-8220-11f1-b0da-2389f409459f,2,"[0, 0, 1, 0, 0, 1, 0, 0, 0, 1, 0, 0]",10,0,0,,0.5,12
275,1babdd34-8220-11f1-b0da-2389f409459f,2,"[0, 0, 1, 0, 0, 1, 0, 0, 0, 1, 0, 0]",11,0,0,,0.5,12
276,1babdd34-8220-11f1-b0da-2389f409459f,3,"[1, 0, 1, 0, 0, 1, 1, 0, 0, 1, 0, 0]",0,1,1,,0.5,12
277,1babdd34-8220-11f1-b0da-2389f409459f,3,"[1, 0, 1, 0, 0, 1, 1, 0, 0, 1, 0, 0]",1,0,0,,0.5,12
278,1babdd34-8220-11f1-b0da-2389f409459f,3,"[1, 0, 1, 0, 0, 1, 1, 0, 0, 1, 0, 0]",2,1,1,,0.5,12
279,1babdd34-8220-11f1-b0da-2389f409459f,3,"[1, 0, 1, 0, 0, 1, 1, 0, 0, 1, 0, 0]",3,0,0,,0.5,12
280,1babdd34-8220-11f1-b0da-2389f409459f,3,"[1, 0, 1, 0, 0, 1, 1, 0, 0, 1, 0, 0]",4,0,0,,0.5,12
281,1babdd34-8220-11f1-b0da-2389f409459f,3,"[1, 0, 1, 0, 0, 1, 1, 0, 0, 1, 0, 0]",5,1,1,,0.5,12
282,1babdd34-8220-11f1-b0da-2389f409459f,3,"[1, 0, 1, 0, 0, 1, 1, 0, 0, 1, 0, 0]",6,1,1,,0.5,12
283,1babdd34-8220-11f1-b0da-2389f409459f,3,"[1, 0, 1, 0, 0, 1, 1, 0, 0, 1, 0, 0]",7,0,0,,0.5,12
284,1babdd34-8220-11f1-b0da-2389f409459f,3,"[1, 0, 1, 0, 0, 1, 1, 0, 0, 1, 0, 0]",8,0,0,,0.5,12
285,1babdd34-8220-11f1-b0da-2389f409459f,3,"[1, 0, 1, 0, 0, 1, 1, 0, 0, 1, 0, 0]",9,1,1,,0.5,12
286,1babdd34-8220-11f1-b0da-2389f409459f,3,"[1, 0, 1, 0, 0, 1, 1, 0, 0, 1, 0, 0]",10,0,0,,0.5,12
287,1babdd34-8220-11f1-b0da-2389f409459f,3,"[1, 0, 1, 0, 0, 1, 1, 0, 0, 1, 0, 0]",11,0,0,,0.5,12
288,1babdd34-8220-11f1-b0da-2389f409459f,4,"[1, 1, 0, 1, 1, 1, 1, 0, 0, 0, 0, 0]",0,1,1,,0.5,12
289,1babdd34-8220-11f1-b0da-2389f409459f,4,"[1, 1, 0, 1, 1, 1, 1, 0, 0, 0, 0, 0]",1,1,1,,0.5,12
290,1babdd34-8220-11f1-b0da-2389f409459f,4,"[1, 1, 0, 1, 1, 1, 1, 0, 0, 0, 0, 0]",2,0,0,,0.5,12
291,1babdd34-8220-11f1-b0da-2389f409459f,4,"[1, 1, 0, 1, 1, 1, 1, 0, 0, 0, 0, 0]",3,1,1,,0.5,12
292,1babdd34-8220-11f1-b0da-2389f409459f,4,"[1, 1, 0, 1, 1, 1, 1, 0, 0, 0, 0, 0]",4,1,1,,0.5,12
293,1babdd34-8220-11f1-b0da-2389f409459f,4,"[1, 1, 0, 1, 1, 1, 1, 0, 0, 0, 0, 0]",5,1,1,,0.5,12
294,1babdd34-8220-11f1-b0da-2389f409459f,4,"[1, 1, 0, 1, 1, 1, 1, 0, 0, 0, 0, 0]",6,1,1,,0.5,12
295,1babdd34-8220-11f1-b0da-2389f409459f,4,"[1, 1, 0, 1, 1, 1, 1, 0, 0, 0, 0, 0]",7,0,0,,0.5,12
296,1babdd34-8220-11f1-b0da-2389f409459f,4,"[1, 1, 0, 1, 1, 1, 1, 0, 0, 0, 0, 0]",8,0,0,,0.5,12
297,1babdd34-8220-11f1-b0da-2389f409459f,4,"[1, 1, 0, 1, 1, 1, 1, 0, 0, 0, 0, 0]",9,0,0,,0.5,12
298,1babdd34-8220-11f1-b0da-2389f409459f,4,"[1, 1, 0, 1, 1, 1, 1, 0, 0, 0, 0, 0]",10,0,0,,0.5,12
299,1babdd34-8220-11f1-b0da-2389f409459f,4,"[1, 1, 0, 1, 1, 1, 1, 0, 0, 0, 0, 0]",11,0,0,,0.5,12
300,1babdd34-8220-11f1-b0da-2389f409459f,5,"[1, 0, 1, 1, 0, 0, 1, 0, 1, 0, 0, 1]",0,1,1,,0.5,12
301,1babdd34-8220-11f1-b0da-2389f409459f,5,"[1, 0, 1, 1, 0, 0, 1, 0, 1, 0, 0, 1]",1,0,0,,0.5,12
302,1babdd34-8220-11f1-b0da-2389f409459f,5,"[1, 0, 1, 1, 0, 0, 1, 0, 1, 0, 0, 1]",2,1,1,,0.5,12
303,1babdd34-8220-11f1-b0da-2389f409459f,5,"[1, 0, 1, 1, 0, 0, 1, 0, 1, 0, 0, 1]",3,1,1,,0.5,12
304,1babdd34-8220-11f1-b0da-2389f409459f,5,"[1, 0, 1, 1, 0, 0, 1, 0, 1, 0, 0, 1]",4,0,0,,0.5,12
305,1babdd34-8220-11f1-b0da-2389f409459f,5,"[1, 0, 1, 1, 0, 0, 1, 0, 1, 0, 0, 1]",5,0,0,,0.5,12
306,1babdd34-8220-11f1-b0da-2389f409459f,5,"[1, 0, 1, 1, 0, 0, 1, 0, 1, 0, 0, 1]",6,1,1,,0.5,12
307,1babdd34-8220-11f1-b0da-2389f409459f,5,"[1, 0, 1, 1, 0, 0, 1, 0, 1, 0, 0, 1]",7,0,0,,0.5,12
308,1babdd34-8220-11f1-b0da-2389f409459f,5,"[1, 0, 1, 1, 0, 0, 1, 0, 1, 0, 0, 1]",8,1,1,,0.5,12
309,1babdd34-8220-11f1-b0da-2389f409459f,5,"[1, 0, 1, 1, 0, 0, 1, 0, 1, 0, 0, 1]",9,0,0,,0.5,12
310,1babdd34-8220-11f1-b0da-2389f409459f,5,"[1, 0, 1, 1, 0, 0, 1, 0, 1, 0, 0, 1]",10,0,0,,0.5,12
311,1babdd34-8220-11f1-b0da-2389f409459f,5,"[1, 0, 1, 1, 0, 0, 1, 0, 1, 0, 0, 1]",11,1,1,,0.5,12
312,1babdd34-8220-11f1-b0da-2389f409459f,6,"[1, 0, 0, 0, 1, 1, 0, 1, 0, 0, 1, 1]",0,1,1,,0.5,12
313,1babdd34-8220-11f1-b0da-2389f409459f,6,"[1, 0, 0, 0, 1, 1, 0, 1, 0, 0, 1, 1]",1,0,0,,0.5,12
314,1babdd34-8220-11f1-b0da-2389f409459f,6,"[1, 0, 0, 0, 1, 1, 0, 1, 0, 0, 1, 1]",2,0,0,,0.5,12
315,1babdd34-8220-11f1-b0da-2389f409459f,6,"[1, 0, 0, 0, 1, 1, 0, 1, 0, 0, 1, 1]",3,0,0,,0.5,12
316,1babdd34-8220-11f1-b0da-2389f409459f,6,"[1, 0, 0, 0, 1, 1, 0, 1, 0, 0, 1, 1]",4,1,1,,0.5,12
317,1babdd34-8220-11f1-b0da-2389f409459f,6,"[1, 0, 0, 0, 1, 1, 0, 1, 0, 0, 1, 1]",5,1,1,,0.5,12
318,1babdd34-8220-11f1-b0da-2389f409459f,6,"[1, 0, 0, 0, 1, 1, 0, 1, 0, 0, 1, 1]",6,0,0,,0.5,12
319,1babdd34-8220-11f1-b0da-2389f409459f,6,"[1, 0, 0, 0, 1, 1, 0, 1, 0, 0, 1, 1]",7,1,1,,0.5,12
320,1babdd34-8220-11f1-b0da-2389f409459f,6,"[1, 0, 0, 0, 1, 1, 0, 1, 0, 0, 1, 1]",8,0,0,,0.5,12
321,1babdd34-8220-11f1-b0da-2389f409459f,6,"[1, 0, 0, 0, 1, 1, 0, 1, 0, 0, 1, 1]",9,0,0,,0.5,12
322,1babdd34-8220-11f1-b0da-2389f409459f,6,"[1, 0, 0, 0, 1, 1, 0, 1, 0, 0, 1, 1]",10,1,1,,0.5,12
323,1babdd34-8220-11f1-b0da-2389f409459f,6,"[1, 0, 0, 0, 1, 1, 0, 1, 0, 0, 1, 1]",11,1,1,,0.5,12
324,1babdd34-8220-11f1-b0da-2389f409459f,7,"[1, 1, 1, 1, 0, 1, 0, 1, 1, 0, 1, 0]",0,1,-1,,0.5,12
325,1babdd34-8220-11f1-b0da-2389f409459f,7,"[1, 1, 1, 1, 0, 1, 0, 1, 1, 0, 1, 0]",1,1,-1,,0.5,12
326,1babdd34-8220-11f1-b0da-2389f409459f,7,"[1, 1, 1, 1, 0, 1, 0, 1, 1, 0, 1, 0]",2,1,-1,,0.5,12
327,1babdd34-8220-11f1-b0da-2389f409459f,7,"[1, 1, 1, 1, 0, 1, 0, 1, 1, 0, 1, 0]",3,1,-1,,0.5,12
328,1babdd34-8220-11f1-b0da-2389f409459f,7,"[1, 1, 1, 1, 0, 1, 0, 1, 1, 0, 1, 0]",4,0,0,,0.5,12
329,1babdd34-8220-11f1-b0da-2389f409459f,7,"[1, 1, 1, 1, 0, 1, 0, 1, 1, 0, 1, 0]",5,1,-1,,0.5,12
330,1babdd34-8220-11f1-b0da-2389f409459f,7,"[1, 1, 1, 1, 0, 1, 0, 1, 1, 0, 1, 0]",6,0,0,,0.5,12
331,1babdd34-8220-11f1-b0da-2389f409459f,7,"[1, 1, 1, 1, 0, 1, 0, 1, 1, 0, 1, 0]",7,1,-1,,0.5,12
332,1babdd34-8220-11f1-b0da-2389f409459f,7,"[1, 1, 1, 1, 0, 1, 0, 1, 1, 0, 1, 0]",8,1,-1,,0.5,12
333,1babdd34-8220-11f1-b0da-2389f409459f,7,"[1, 1, 1, 1, 0, 1, 0, 1, 1, 0, 1, 0]",9,0,0,,0.5,12
334,1babdd34-8220-11f1-b0da-2389f409459f,7,"[1, 1, 1, 1, 0, 1, 0, 1, 1, 0, 1, 0]",10,1,-1,,0.5,12
335,1babdd34-8220-11f1-b0da-2389f409459f,7,"[1, 1, 1, 1, 0, 1, 0, 1, 1, 0, 1, 0]",11,0,0,,0.5,12
336,1babdd34-8220-11f1-b0da-2389f409459f,8,"[1, 1, 1, 1, 0, 0, 0, 0, 1, 1, 0, 0]",0,1,1,,0.5,12
337,1babdd34-8220-11f1-b0da-2389f409459f,8,"[1, 1, 1, 1, 0, 0, 0, 0, 1, 1, 0, 0]",1,1,1,,0.5,12
338,1babdd34-8220-11f1-b0da-2389f409459f,8,"[1, 1, 1, 1, 0, 0, 0, 0, 1, 1, 0, 0]",2,1,1,,0.5,12
339,1babdd34-8220-11f1-b0da-2389f409459f,8,"[1, 1, 1, 1, 0, 0, 0, 0, 1, 1, 0, 0]",3,1,1,,0.5,12
340,1babdd34-8220-11f1-b0da-2389f409459f,8,"[1, 1, 1, 1, 0, 0, 0, 0, 1, 1, 0, 0]",4,0,0,,0.5,12
341,1babdd34-8220-11f1-b0da-2389f409459f,8,"[1, 1, 1, 1, 0, 0, 0, 0, 1, 1, 0, 0]",5,0,0,,0.5,12
342,1babdd34-8220-11f1-b0da-2389f409459f,8,"[1, 1, 1, 1, 0, 0, 0, 0, 1, 1, 0, 0]",6,0,0,,0.5,12
343,1babdd34-8220-11f1-b0da-2389f409459f,8,"[1, 1, 1, 1, 0, 0, 0, 0, 1, 1, 0, 0]",7,0,0,,0.5,12
344,1babdd34-8220-11f1-b0da-2389f409459f,8,"[1, 1, 1, 1, 0, 0, 0, 0, 1, 1, 0, 0]",8,1,1,,0.5,12
345,1babdd34-8220-11f1-b0da-2389f409459f,8,"[1, 1, 1, 1, 0, 0, 0, 0, 1, 1, 0, 0]",9,1,1,,0.5,12
346,1babdd34-8220-11f1-b0da-2389f409459f,8,"[1, 1, 1, 1, 0, 0, 0, 0, 1, 1, 0, 0]",10,0,0,,0.5,12
347,1babdd34-8220-11f1-b0da-2389f409459f,8,"[1, 1, 1, 1, 0, 0, 0, 0, 1, 1, 0, 0]",11,0,0,,0.5,12
348,1babdd34-8220-11f1-b0da-2389f409459f,9,"[0, 0, 1, 1, 1, 1, 1, 0, 0, 0, 1, 0]",0,0,0,,0.5,12
349,1babdd34-8220-11f1-b0da-2389f409459f,9,"[0, 0, 1, 1, 1, 1, 1, 0, 0, 0, 1, 0]",1,0,0,,0.5,12
350,1babdd34-8220-11f1-b0da-2389f409459f,9,"[0, 0, 1, 1, 1, 1, 1, 0, 0, 0, 1, 0]",2,1,1,,0.5,12
351,1babdd34-8220-11f1-b0da-2389f409459f,9,"[0, 0, 1, 1, 1, 1, 1, 0, 0, 0, 1, 0]",3,1,1,,0.5,12
352,1babdd34-8220-11f1-b0da-2389f409459f,9,"[0, 0, 1, 1, 1, 1, 1, 0, 0, 0, 1, 0]",4,1,1,,0.5,12
353,1babdd34-8220-11f1-b0da-2389f409459f,9,"[0, 0, 1, 1, 1, 1, 1, 0, 0, 0, 1, 0]",5,1,1,,0.5,12
354,1babdd34-8220-11f1-b0da-2389f409459f,9,"[0, 0, 1, 1, 1, 1, 1, 0, 0, 0, 1, 0]",6,1,1,,0.5,12
355,1babdd34-8220-11f1-b0da-2389f409459f,9,"[0, 0, 1, 1, 1, 1, 1, 0, 0, 0, 1, 0]",7,0,0,,0.5,12
356,1babdd34-8220-11f1-b0da-2389f409459f,9,"[0, 0, 1, 1, 1, 1, 1, 0, 0, 0, 1, 0]",8,0,0,,0.5,12
357,1babdd34-8220-11f1-b0da-2389f409459f,9,"[0, 0, 1, 1, 1, 1, 1, 0, 0, 0, 1, 0]",9,0,0,,0.5,12
358,1babdd34-8220-11f1-b0da-2389f409459f,9,"[0, 0, 1, 1, 1, 1, 1, 0, 0, 0, 1, 0]",10,1,1,,0.5,12
359,1babdd34-8220-11f1-b0da-2389f409459f,9,"[0, 0, 1, 1, 1, 1, 1, 0, 0, 0, 1, 0]",11,0,0,,0.5,12
360,1bad03ee-8220-11f1-b0da-2389f409459f,0,"[1, 1, 1, 0, 0, 0, 1, 1, 1, 1, 1, 1]",0,1,-1,,0.5,12
361,1bad03ee-8220-11f1-b0da-2389f409459f,0,"[1, 1, 1, 0, 0, 0, 1, 1, 1, 1, 1, 1]",1,1,-1,,0.5,12
362,1bad03ee-8220-11f1-b0da-2389f409459f,0,"[1, 1, 1, 0, 0, 0, 1, 1, 1, 1, 1, 1]",2,1,-1,,0.5,12
363,1bad03ee-8220-11f1-b0da-2389f409459f,0,"[1, 1, 1, 0, 0, 0, 1, 1, 1, 1, 1, 1]",3,0,0,,0.5,12
364,1bad03ee-8220-11f1-b0da-2389f409459f,0,"[1, 1, 1, 0, 0, 0, 1, 1, 1, 1, 1, 1]",4,0,0,,0.5,12
365,1bad03ee-8220-11f1-b0da-2389f409459f,0,"[1, 1, 1, 0, 0, 0, 1, 1, 1, 1, 1, 1]",5,0,0,,0.5,12
366,1bad03ee-8220-11f1-b0da-2389f409459f,0,"[1, 1, 1, 0, 0, 0, 1, 1, 1, 1, 1, 1]",6,1,-1,,0.5,12
367,1bad03ee-8220-11f1-b0da-2389f409459f,0,"[1, 1, 1, 0, 0, 0, 1, 1, 1, 1, 1, 1]",7,1,-1,,0.5,12
368,1bad03ee-8220-11f1-b0da-2389f409459f,0,"[1, 1, 1, 0, 0, 0, 1, 1, 1, 1, 1, 1]",8,1,-1,,0.5,12
369,1bad03ee-8220-11f1-b0da-2389f409459f,0,"[1, 1, 1, 0, 0, 0, 1, 1, 1, 1, 1, 1]",9,1,-1,,0.5,12
370,1bad03ee-8220-11f1-b0da-2389f409459f,0,"[1, 1, 1, 0, 0, 0, 1, 1, 1, 1, 1, 1]",10,1,-1,,0.5,12
371,1bad03ee-8220-11f1-b0da-2389f409459f,0,"[1, 1, 1, 0, 0, 0, 1, 1, 1, 1, 1, 1]",11,1,-1,,0.5,12
372,1bad03ee-8220-11f1-b0da-2389f409459f,1,"[1, 0, 0, 1, 1, 0, 1, 1, 0, 1, 1, 0]",0,1,-1,,0.5,12
373,1bad03ee-8220-11f1-b0da-2389f409459f,1,"[1, 0, 0, 1, 1, 0, 1, 1, 0, 1, 1, 0]",1,0,0,,0.5,12
374,1bad03ee-8220-11f1-b0da-2389f409459f,1,"[1, 0, 0, 1, 1, 0, 1, 1, 0, 1, 1, 0]",2,0,0,,0.5,12
375,1bad03ee-8220-11f1-b0da-2389f409459f,1,"[1, 0, 0, 1, 1, 0, 1, 1, 0, 1, 1, 0]",3,1,-1,,0.5,12
376,1bad03ee-8220-11f1-b0da-2389f409459f,1,"[1, 0, 0, 1, 1, 0, 1, 1, 0, 1, 1, 0]",4,1,-1,,0.5,12
377,1bad03ee-8220-11f1-b0da-2389f409459f,1,"[1, 0, 0, 1, 1, 0, 1, 1, 0, 1, 1, 0]",5,0,0,,0.5,12
378,1bad03ee-8220-11f1-b0da-2389f409459f,1,"[1, 0, 0, 1, 1, 0, 1, 1, 0, 1, 1, 0]",6,1,-1,,0.5,12
379,1bad03ee-8220-11f1-b0da-2389f409459f,1,"[1, 0, 0, 1, 1, 0, 1, 1, 0, 1, 1, 0]",7,1,-1,,0.5,12
380,1bad03ee-8220-11f1-b0da-2389f409459f,1,"[1, 0, 0, 1, 1, 0, 1, 1, 0, 1, 1, 0]",8,0,0,,0.5,12
381,1bad03ee-8220-11f1-b0da-2389f409459f,1,"[1, 0, 0, 1, 1, 0, 1, 1, 0, 1, 1, 0]",9,1,-1,,0.5,12
382,1bad03ee-8220-11f1-b0da-2389f409459f,1,"[1, 0, 0, 1, 1, 0, 1, 1, 0, 1, 1, 0]",10,1,-1,,0.5,12
383,1bad03ee-8220-11f1-b0da-2389f409459f,1,"[1, 0, 0, 1, 1, 0, 1, 1, 0, 1, 1, 0]",11,0,0,,0.5,12
384,1bad03ee-8220-11f1-b0da-2389f409459f,2,"[1, 0, 1, 0, 0, 0, 0, 0, 0, 1, 0, 0]",0,1,1,,0.5,12
385,1bad03ee-8220-11f1-b0da-2389f409459f,2,"[1, 0, 1, 0, 0, 0, 0, 0, 0, 1, 0, 0]",1,0,0,,0.5,12
386,1bad03ee-8220-11f1-b0da-2389f409459f,2,"[1, 0, 1, 0, 0, 0, 0, 0, 0, 1, 0, 0]",2,1,1,,0.5,12
387,1bad03ee-8220-11f1-b0da-2389f409459f,2,"[1, 0, 1, 0, 0, 0, 0, 0, 0, 1, 0, 0]",3,0,0,,0.5,12
388,1bad03ee-8220-11f1-b0da-2389f409459f,2,"[1, 0, 1, 0, 0, 0, 0, 0, 0, 1, 0, 0]",4,0,0,,0.5,12
389,1bad03ee-8220-11f1-b0da-2389f409459f,2,"[1, 0, 1, 0, 0, 0, 0, 0, 0, 1, 0, 0]",5,0,0,,0.5,12
390,1bad03ee-8220-11f1-b0da-2389f409459f,2,"[1, 0, 1, 0, 0, 0, 0, 0, 0, 1, 0, 0]",6,0,0,,0.5,12
391,1bad03ee-8220-11f1-b0da-2389f409459f,2,"[1, 0, 1, 0, 0, 0, 0, 0, 0, 1, 0, 0]",7,0,0,,0.5,12
392,1bad03ee-8220-11f1-b0da-2389f409459f,2,"[1, 0, 1, 0, 0, 0, 0, 0, 0, 1, 0, 0]",8,0,0,,0.5,12
393,1bad03ee-8220-11f1-b0da-2389f409459f,2,"[1, 0, 1, 0, 0, 0, 0, 0, 0, 1, 0, 0]",9,1,1,,0.5,12
394,1bad03ee-8220-11f1-b0da-2389f409459f,2,"[1, 0, 1, 0, 0, 0, 0, 0, 0, 1, 0, 0]",10,0,0,,0.5,12
395,1bad03ee-8220-11f1-b0da-2389f409459f,2,"[1, 0, 1, 0, 0, 0, 0, 0, 0, 1, 0, 0]",11,0,0,,0.5,12
396,1bad03ee-8220-11f1-b0da-2389f409459f,3,"[1, 0, 0, 0, 1, 0, 0, 1, 0, 0, 1, 1]",0,1,1,,0.5,12
397,1bad03ee-8220-11f1-b0da-2389f409459f,3,"[1, 0, 0, 0, 1, 0, 0, 1, 0, 0, 1, 1]",1,0,0,,0.5,12
398,1bad03ee-8220-11f1-b0da-2389f409459f,3,"[1, 0, 0, 0, 1, 0, 0, 1, 0, 0, 1, 1]",2,0,0,,0.5,12
399,1bad03ee-8220-11f1-b0da-2389f409459f,3,"[1, 0, 0, 0, 1, 0, 0, 1, 0, 0, 1, 1]",3,0,0,,0.5,12
400,1bad03ee-8220-11f1-b0da-2389f409459f,3,"[1, 0, 0, 0, 1, 0, 0, 1, 0, 0, 1, 1]",4,1,1,,0.5,12
401,1bad03ee-8220-11f1-b0da-2389f409459f,3,"[1, 0, 0, 0, 1, 0, 0, 1, 0, 0, 1, 1]",5,0,0,,0.5,12
402,1bad03ee-8220-11f1-b0da-2389f409459f,3,"[1, 0, 0, 0, 1, 0, 0, 1, 0, 0, 1, 1]",6,0,0,,0.5,12
403,1bad03ee-8220-11f1-b0da-2389f409459f,3,"[1, 0, 0, 0, 1, 0, 0, 1, 0, 0, 1, 1]",7,1,1,,0.5,12
404,1bad03ee-8220-11f1-b0da-2389f409459f,3,"[1, 0, 0, 0, 1, 0, 0, 1, 0, 0, 1, 1]",8,0,0,,0.5,12
405,1bad03ee-8220-11f1-b0da-2389f409459f,3,"[1, 0, 0, 0, 1, 0, 0, 1, 0, 0, 1, 1]",9,0,0,,0.5,12
406,1bad03ee-8220-11f1-b0da-2389f409459f,3,"[1, 0, 0, 0, 1, 0, 0, 1, 0, 0, 1, 1]",10,1,1,,0.5,12
407,1bad03ee-8220-11f1-b0da-2389f409459f,3,"[1, 0, 0, 0, 1, 0, 0, 1, 0, 0, 1, 1]",11,1,1,,0.5,12
408,1bad03ee-8220-11f1-b0da-2389f409459f,4,"[0, 1, 1, 1, 0, 0, 1, 0, 1, 0, 1, 1]",0,0,0,,0.5,12
409,1bad03ee-8220-11f1-b0da-2389f409459f,4,"[0, 1, 1, 1, 0, 0, 1, 0, 1, 0, 1, 1]",1,1,-1,,0.5,12
410,1bad03ee-8220-11f1-b0da-2389f409459f,4,"[0, 1, 1, 1, 0, 0, 1, 0, 1, 0, 1, 1]",2,1,-1,,0.5,12
411,1bad03ee-8220-11f1-b0da-2389f409459f,4,"[0, 1, 1, 1, 0, 0, 1, 0, 1, 0, 1, 1]",3,1,-1,,0.5,12
412,1bad03ee-8220-11f1-b0da-2389f409459f,4,"[0, 1, 1, 1, 0, 0, 1, 0, 1, 0, 1, 1]",4,0,0,,0.5,12
413,1bad03ee-8220-11f1-b0da-2389f409459f,4,"[0, 1, 1, 1, 0, 0, 1, 0, 1, 0, 1, 1]",5,0,0,,0.5,12
414,1bad03ee-8220-11f1-b0da-2389f409459f,4,"[0, 1, 1, 1, 0, 0, 1, 0, 1, 0, 1, 1]",6,1,-1,,0.5,12
415,1bad03ee-8220-11f1-b0da-2389f409459f,4,"[0, 1, 1, 1, 0, 0, 1, 0, 1, 0, 1, 1]",7,0,0,,0.5,12
416,1bad03ee-8220-11f1-b0da-2389f409459f,4,"[0, 1, 1, 1, 0, 0, 1, 0, 1, 0, 1, 1]",8,1,-1,,0.5,12
417,1bad03ee-8220-11f1-b0da-2389f409459f,4,"[0, 1, 1, 1, 0, 0, 1, 0, 1, 0, 1, 1]",9,0,0,,0.5,12
418,1bad03ee-8220-11f1-b0da-2389f409459f,4,"[0, 1, 1, 1, 0, 0, 1, 0, 1, 0, 1, 1]",10,1,-1,,0.5,12
419,1bad03ee-8220-11f1-b0da-2389f409459f,4,"[0, 1, 1, 1, 0, 0, 1, 0, 1, 0, 1, 1]",11,1,-1,,0.5,12
420,1bad03ee-8220-11f1-b0da-2389f409459f,5,"[1, 0, 1, 1, 1, 1, 0, 0, 0, 0, 1, 0]",0,1,1,,0.5,12
421,1bad03ee-8220-11f1-b0da-2389f409459f,5,"[1, 0, 1, 1, 1, 1, 0, 0, 0, 0, 1, 0]",1,0,0,,0.5,12
422,1bad03ee-8220-11f1-b0da-2389f409459f,5,"[1, 0, 1, 1, 1, 1, 0, 0, 0, 0, 1, 0]",2,1,1,,0.5,12
423,1bad03ee-8220-11f1-b0da-2389f409459f,5,"[1, 0, 1, 1, 1, 1, 0, 0, 0, 0, 1, 0]",3,1,1,,0.5,12
424,1bad03ee-8220-11f1-b0da-2389f409459f,5,"[1, 0, 1, 1, 1, 1, 0, 0, 0, 0, 1, 0]",4,1,1,,0.5,12
425,1bad03ee-8220-11f1-b0da-2389f409459f,5,"[1, 0, 1, 1, 1, 1, 0, 0, 0, 0, 1, 0]",5,1,1,,0.5,12
426,1bad03ee-8220-11f1-b0da-2389f409459f,5,"[1, 0, 1, 1, 1, 1, 0, 0, 0, 0, 1, 0]",6,0,0,,0.5,12
427,1bad03ee-8220-11f1-b0da-2389f409459f,5,"[1, 0, 1, 1, 1, 1, 0, 0, 0, 0, 1, 0]",7,0,0,,0.5,12
428,1bad03ee-8220-11f1-b0da-2389f409459f,5,"[1, 0, 1, 1, 1, 1, 0, 0, 0, 0, 1, 0]",8,0,0,,0.5,12
429,1bad03ee-8220-11f1-b0da-2389f409459f,5,"[1, 0, 1, 1, 1, 1, 0, 0, 0, 0, 1, 0]",9,0,0,,0.5,12
430,1bad03ee-8220-11f1-b0da-2389f409459f,5,"[1, 0, 1, 1, 1, 1, 0, 0, 0, 0, 1, 0]",10,1,1,,0.5,12
431,1bad03ee-8220-11f1-b0da-2389f409459f,5,"[1, 0, 1, 1, 1, 1, 0, 0, 0, 0, 1, 0]",11,0,0,,0.5,12
432,1bad03ee-8220-11f1-b0da-2389f409459f,6,"[1, 1, 0, 1, 0, 0, 1, 1, 1, 1, 1, 0]",0,1,-1,,0.5,12
433,1bad03ee-8220-11f1-b0da-2389f409459f,6,"[1, 1, 0, 1, 0, 0, 1, 1, 1, 1, 1, 0]",1,1,-1,,0.5,12
434,1bad03ee-8220-11f1-b0da-2389f409459f,6,"[1, 1, 0, 1, 0, 0, 1, 1, 1, 1, 1, 0]",2,0,0,,0.5,12
435,1bad03ee-8220-11f1-b0da-2389f409459f,6,"[1, 1, 0, 1, 0, 0, 1, 1, 1, 1, 1, 0]",3,1,-1,,0.5,12
436,1bad03ee-8220-11f1-b0da-2389f409459f,6,"[1, 1, 0, 1, 0, 0, 1, 1, 1, 1, 1, 0]",4,0,0,,0.5,12
437,1bad03ee-8220-11f1-b0da-2389f409459f,6,"[1, 1, 0, 1, 0, 0, 1, 1, 1, 1, 1, 0]",5,0,0,,0.5,12
438,1bad03ee-8220-11f1-b0da-2389f409459f,6,"[1, 1, 0, 1, 0, 0, 1, 1, 1, 1, 1, 0]",6,1,-1,,0.5,12
439,1bad03ee-8220-11f1-b0da-2389f409459f,6,"[1, 1, 0, 1, 0, 0, 1, 1, 1, 1, 1, 0]",7,1,-1,,0.5,12
440,1bad03ee-8220-11f1-b0da-2389f409459f,6,"[1, 1, 0, 1, 0, 0, 1, 1, 1, 1, 1, 0]",8,1,-1,,0.5,12
441,1bad03ee-8220-11f1-b0da-2389f409459f,6,"[1, 1, 0, 1, 0, 0, 1, 1, 1, 1, 1, 0]",9,1,-1,,0.5,12
442,1bad03ee-8220-11f1-b0da-2389f409459f,6,"[1, 1, 0, 1, 0, 0, 1, 1, 1, 1, 1, 0]",10,1,-1,,0.5,12
443,1bad03ee-8220-11f1-b0da-2389f409459f,6,"[1, 1, 0, 1, 0, 0, 1, 1, 1, 1, 1, 0]",11,0,0,,0.5,12
444,1bad03ee-8220-11f1-b0da-2389f409459f,7,"[1, 0, 1, 1, 1, 0, 1, 1, 1, 1, 0, 0]",0,1,-1,,0.5,12
445,1bad03ee-8220-11f1-b0da-2389f409459f,7,"[1, 0, 1, 1, 1, 0, 1, 1, 1, 1, 0, 0]",1,0,0,,0.5,12
446,1bad03ee-8220-11f1-b0da-2389f409459f,7,"[1, 0, 1, 1, 1, 0, 1, 1, 1, 1, 0, 0]",2,1,-1,,0.5,12
447,1bad03ee-8220-11f1-b0da-2389f409459f,7,"[1, 0, 1, 1, 1, 0, 1, 1, 1, 1, 0, 0]",3,1,-1,,0.5,12
448,1bad03ee-8220-11f1-b0da-2389f409459f,7,"[1, 0, 1, 1, 1, 0, 1, 1, 1, 1, 0, 0]",4,1,-1,,0.5,12
449,1bad03ee-8220-11f1-b0da-2389f409459f,7,"[1, 0, 1, 1, 1, 0, 1, 1, 1, 1, 0, 0]",5,0,0,,0.5,12
450,1bad03ee-8220-11f1-b0da-2389f409459f,7,"[1, 0, 1, 1, 1, 0, 1, 1, 1, 1, 0, 0]",6,1,-1,,0.5,12
451,1bad03ee-8220-11f1-b0da-2389f409459f,7,"[1, 0, 1, 1, 1, 0, 1, 1, 1, 1, 0, 0]",7,1,-1,,0.5,12
452,1bad03ee-8220-11f1-b0da-2389f409459f,7,"[1, 0, 1, 1, 1, 0, 1, 1, 1, 1, 0, 0]",8,1,-1,,0.5,12
453,1bad03ee-8220-11f1-b0da-2389f409459f,7,"[1, 0, 1, 1, 1, 0, 1, 1, 1, 1, 0, 0]",9,1,-1,,0.5,12
454,1bad03ee-8220-11f1-b0da-2389f409459f,7,"[1, 0, 1, 1, 1, 0, 1, 1, 1, 1, 0, 0]",10,0,0,,0.5,12
455,1bad03ee-8220-11f1-b0da-2389f409459f,7,"[1, 0, 1, 1, 1, 0, 1, 1, 1, 1, 0, 0]",11,0,0,,0.5,12
456,1bad03ee-8220-11f1-b0da-2389f409459f,8,"[1, 0, 1, 1, 0, 0, 0, 0, 0, 1, 0, 1]",0,1,1,,0.5,12
457,1bad03ee-8220-11f1-b0da-2389f409459f,8,"[1, 0, 1, 1, 0, 0, 0, 0, 0, 1, 0, 1]",1,0,0,,0.5,12
458,1bad03ee-8220-11f1-b0da-2389f409459f,8,"[1, 0, 1, 1, 0, 0, 0, 0, 0, 1, 0, 1]",2,1,1,,0.5,12
459,1bad03ee-8220-11f1-b0da-2389f409459f,8,"[1, 0, 1, 1, 0, 0, 0, 0, 0, 1, 0, 1]",3,1,1,,0.5,12
460,1bad03ee-8220-11f1-b0da-2389f409459f,8,"[1, 0, 1, 1, 0, 0, 0, 0, 0, 1, 0, 1]",4,0,0,,0.5,12
461,1bad03ee-8220-11f1-b0da-2389f409459f,8,"[1, 0, 1, 1, 0, 0, 0, 0, 0, 1, 0, 1]",5,0,0,,0.5,12
462,1bad03ee-8220-11f1-b0da-2389f409459f,8,"[1, 0, 1, 1, 0, 0, 0, 0, 0, 1, 0, 1]",6,0,0,,0.5,12
463,1bad03ee-8220-11f1-b0da-2389f409459f,8,"[1, 0, 1, 1, 0, 0, 0, 0, 0, 1, 0, 1]",7,0,0,,0.5,12
464,1bad03ee-8220-11f1-b0da-2389f409459f,8,"[1, 0, 1, 1, 0, 0, 0, 0, 0, 1, 0, 1]",8,0,0,,0.5,12
465,1bad03ee-8220-11f1-b0da-2389f409459f,8,"[1, 0, 1, 1, 0, 0, 0, 0, 0, 1, 0, 1]",9,1,1,,0.5,12
466,1bad03ee-8220-11f1-b0da-2389f409459f,8,"[1, 0, 1, 1, 0, 0, 0, 0, 0, 1, 0, 1]",10,0,0,,0.5,12
467,1bad03ee-8220-11f1-b0da-2389f409459f,8,"[1, 0, 1, 1, 0, 0, 0, 0, 0, 1, 0, 1]",11,1,1,,0.5,12
468,1bad03ee-8220-11f1-b0da-2389f409459f,9,"[0, 0, 1, 1, 0, 1, 0, 1, 1, 0, 0, 0]",0,0,0,,0.5,12
469,1bad03ee-8220-11f1-b0da-2389f409459f,9,"[0, 0, 1, 1, 0, 1, 0, 1, 1, 0, 0, 0]",1,0,0,,0.5,12
470,1bad03ee-8220-11f1-b0da-2389f409459f,9,"[0, 0, 1, 1, 0, 1, 0, 1, 1, 0, 0, 0]",2,1,1,,0.5,12
471,1bad03ee-8220-11f1-b0da-2389f409459f,9,"[0, 0, 1, 1, 0, 1, 0, 1, 1, 0, 0, 0]",3,1,1,,0.5,12
472,1bad03ee-8220-11f1-b0da-2389f409459f,9,"[0, 0, 1, 1, 0, 1, 0, 1, 1, 0, 0, 0]",4,0,0,,0.5,12
473,1bad03ee-8220-11f1-b0da-2389f409459f,9,"[0, 0, 1, 1, 0, 1, 0, 1, 1, 0, 0, 0]",5,1,1,,0.5,12
474,1bad03ee-8220-11f1-b0da-2389f409459f,9,"[0, 0, 1, 1, 0, 1, 0, 1, 1, 0, 0, 0]",6,0,0,,0.5,12
475,1bad03ee-8220-11f1-b0da-2389f409459f,9,"[0, 0, 1, 1, 0, 1, 0, 1, 1, 0, 0, 0]",7,1,1,,0.5,12
476,1bad03ee-8220-11f1-b0da-2389f409459f,9,"[0, 0, 1, 1, 0, 1, 0, 1, 1, 0, 0, 0]",8,1,1,,0.5,12
477,1bad03ee-8220-11f1-b0da-2389f409459f,9,"[0, 0, 1, 1, 0, 1, 0, 1, 1, 0, 0, 0]",9,0,0,,0.5,12
478,1bad03ee-8220-11f1-b0da-2389f409459f,9,"[0, 0, 1, 1, 0, 1, 0, 1, 1, 0, 0, 0]",10,0,0,,0.5,12
479,1bad03ee-8220-11f1-b0da-2389f409459f,9,"[0, 0, 1, 1, 0, 1, 0, 1, 1, 0, 0, 0]",11,0,0,,0.5,12
480,1bae1f36-8220-11f1-b0da-2389f409459f,0,"[0, 1, 1, 1, 1, 1, 1, 1, 1, 1, 1, 0]",0,0,0,,0.5,12
481,1bae1f36-8220-11f1-b0da-2389f409459f,0,"[0, 1, 1, 1, 1, 1, 1, 1, 1, 1, 1, 0]",1,1,-1,,0.5,12
482,1bae1f36-8220-11f1-b0da-2389f409459f,0,"[0, 1, 1, 1, 1, 1, 1, 1, 1, 1, 1, 0]",2,1,-1,,0.5,12
483,1bae1f36-8220-11f1-b0da-2389f409459f,0,"[0, 1, 1, 1, 1, 1, 1, 1, 1, 1, 1, 0]",3,1,-1,,0.5,12
484,1bae1f36-8220-11f1-b0da-2389f409459f,0,"[0, 1, 1, 1, 1, 1, 1, 1, 1, 1, 1, 0]",4,1,-1,,0.5,12
485,1bae1f36-8220-11f1-b0da-2389f409459f,0,"[0, 1, 1, 1, 1, 1, 1, 1, 1, 1, 1, 0]",5,1,-1,,0.5,12
486,1bae1f36-8220-11f1-b0da-2389f409459f,0,"[0, 1, 1, 1, 1, 1, 1, 1, 1, 1, 1, 0]",6,1,-1,,0.5,12
487,1bae1f36-8220-11f1-b0da-2389f409459f,0,"[0, 1, 1, 1, 1, 1, 1, 1, 1, 1, 1, 0]",7,1,-1,,0.5,12
488,1bae1f36-8220-11f1-b0da-2389f409459f,0,"[0, 1, 1, 1, 1, 1, 1, 1, 1, 1, 1, 0]",8,1,-1,,0.5,12
489,1bae1f36-8220-11f1-b0da-2389f409459f,0,"[0, 1, 1, 1, 1, 1, 1, 1, 1, 1, 1, 0]",9,1,-1,,0.5,12
490,1bae1f36-8220-11f1-b0da-2389f409459f,0,"[0, 1, 1, 1, 1, 1, 1, 1, 1, 1, 1, 0]",10,1,-1,,0.5,12
491,1bae1f36-8220-11f1-b0da-2389f409459f,0,"[0, 1, 1, 1, 1, 1, 1, 1, 1, 1, 1, 0]",11,0,0,,0.5,12
492,1bae1f36-8220-11f1-b0da-2389f409459f,1,"[1, 0, 0, 0, 0, 0, 0, 0, 0, 1, 0, 1]",0,1,1,,0.5,12
493,1bae1f36-8220-11f1-b0da-2389f409459f,1,"[1, 0, 0, 0, 0, 0, 0, 0, 0, 1, 0, 1]",1,0,0,,0.5,12
494,1bae1f36-8220-11f1-b0da-2389f409459f,1,"[1, 0, 0, 0, 0, 0, 0, 0, 0, 1, 0, 1]",2,0,0,,0.5,12
495,1bae1f36-8220-11f1-b0da-2389f409459f,1,"[1, 0, 0, 0, 0, 0, 0, 0, 0, 1, 0, 1]",3,0,0,,0.5,12
496,1bae1f36-8220-11f1-b0da-2389f409459f,1,"[1, 0, 0, 0, 0, 0, 0, 0, 0, 1, 0, 1]",4,0,0,,0.5,12
497,1bae1f36-8220-11f1-b0da-2389f409459f,1,"[1, 0, 0, 0, 0, 0, 0, 0, 0, 1, 0, 1]",5,0,0,,0.5,12
498,1bae1f36-8220-11f1-b0da-2389f409459f,1,"[1, 0, 0, 0, 0, 0, 0, 0, 0, 1, 0, 1]",6,0,0,,0.5,12
499,1bae1f36-8220-11f1-b0da-2389f409459f,1,"[1, 0, 0, 0, 0, 0, 0, 0, 0, 1, 0, 1]",7,0,0,,0.5,12
500,1bae1f36-8220-11f1-b0da-2389f409459f,1,"[1, 0, 0, 0, 0, 0, 0, 0, 0, 1, 0, 1]",8,0,0,,0.5,12
501,1bae1f36-8220-11f1-b0da-2389f409459f,1,"[1, 0, 0, 0, 0, 0, 0, 0, 0, 1, 0, 1]",9,1,1,,0.5,12
502,1bae1f36-8220-11f1-b0da-2389f409459f,1,"[1, 0, 0, 0, 0, 0, 0, 0, 0, 1, 0, 1]",10,0,0,,0.5,12
503,1bae1f36-8220-11f1-b0da-2389f409459f,1,"[1, 0, 0, 0, 0, 0, 0, 0, 0, 1, 0, 1]",11,1,1,,0.5,12
504,1bae1f36-8220-11f1-b0da-2389f409459f,2,"[1, 0, 1, 0, 1, 0, 0, 0, 0, 0, 1, 0]",0,1,1,,0.5,12
505,1bae1f36-8220-11f1-b0da-2389f409459f,2,"[1, 0, 1, 0, 1, 0, 0, 0, 0, 0, 1, 0]",1,0,0,,0.5,12
506,1bae1f36-8220-11f1-b0da-2389f409459f,2,"[1, 0, 1, 0, 1, 0, 0, 0, 0, 0, 1, 0]",2,1,1,,0.5,12
507,1bae1f36-8220-11f1-b0da-2389f409459f,2,"[1, 0, 1, 0, 1, 0, 0, 0, 0, 0, 1, 0]",3,0,0,,0.5,12
508,1bae1f36-8220-11f1-b0da-2389f409459f,2,"[1, 0, 1, 0, 1, 0, 0, 0, 0, 0, 1, 0]",4,1,1,,0.5,12
509,1bae1f36-8220-11f1-b0da-2389f409459f,2,"[1, 0, 1, 0, 1, 0, 0, 0, 0, 0, 1, 0]",5,0,0,,0.5,12
510,1bae1f36-8220-11f1-b0da-2389f409459f,2,"[1, 0, 1, 0, 1, 0, 0, 0, 0, 0, 1, 0]",6,0,0,,0.5,12
511,1bae1f36-8220-11f1-b0da-2389f409459f,2,"[1, 0, 1, 0, 1, 0, 0, 0, 0, 0, 1, 0]",7,0,0,,0.5,12
512,1bae1f36-8220-11f1-b0da-2389f409459f,2,"[1, 0, 1, 0, 1, 0, 0, 0, 0, 0, 1, 0]",8,0,0,,0.5,12
513,1bae1f36-8220-11f1-b0da-2389f409459f,2,"[1, 0, 1, 0, 1, 0, 0, 0, 0, 0, 1, 0]",9,0,0,,0.5,12
514,1bae1f36-8220-11f1-b0da-2389f409459f,2,"[1, 0, 1, 0, 1, 0, 0, 0, 0, 0, 1, 0]",10,1,1,,0.5,12
515,1bae1f36-8220-11f1-b0da-2389f409459f,2,"[1, 0, 1, 0, 1, 0, 0, 0, 0, 0, 1, 0]",11,0,0,,0.5,12
516,1bae1f36-8220-11f1-b0da-2389f409459f,3,"[0, 1, 0, 1, 1, 1, 0, 0, 1, 1, 1, 1]",0,0,0,,0.5,12
517,1bae1f36-8220-11f1-b0da-2389f409459f,3,"[0, 1, 0, 1, 1, 1, 0, 0, 1, 1, 1, 1]",1,1,-1,,0.5,12
518,1bae1f36-8220-11f1-b0da-2389f409459f,3,"[0, 1, 0, 1, 1, 1, 0, 0, 1, 1, 1, 1]",2,0,0,,0.5,12
519,1bae1f36-8220-11f1-b0da-2389f409459f,3,"[0, 1, 0, 1, 1, 1, 0, 0, 1, 1, 1, 1]",3,1,-1,,0.5,12
520,1bae1f36-8220-11f1-b0da-2389f409459f,3,"[0, 1, 0, 1, 1, 1, 0, 0, 1, 1, 1, 1]",4,1,-1,,0.5,12
521,1bae1f36-8220-11f1-b0da-2389f409459f,3,"[0, 1, 0, 1, 1, 1, 0, 0, 1, 1, 1, 1]",5,1,-1,,0.5,12
522,1bae1f36-8220-11f1-b0da-2389f409459f,3,"[0, 1, 0, 1, 1, 1, 0, 0, 1, 1, 1, 1]",6,0,0,,0.5,12
523,1bae1f36-8220-11f1-b0da-2389f409459f,3,"[0, 1, 0, 1, 1, 1, 0, 0, 1, 1, 1, 1]",7,0,0,,0.5,12
524,1bae1f36-8220-11f1-b0da-2389f409459f,3,"[0, 1, 0, 1, 1, 1, 0, 0, 1, 1, 1, 1]",8,1,-1,,0.5,12
525,1bae1f36-8220-11f1-b0da-2389f409459f,3,"[0, 1, 0, 1, 1, 1, 0, 0, 1, 1, 1, 1]",9,1,-1,,0.5,12
526,1bae1f36-8220-11f1-b0da-2389f409459f,3,"[0, 1, 0, 1, 1, 1, 0, 0, 1, 1, 1, 1]",10,1,-1,,0.5,12
527,1bae1f36-8220-11f1-b0da-2389f409459f,3,"[0, 1, 0, 1, 1, 1, 0, 0, 1, 1, 1, 1]",11,1,-1,,0.5,12
528,1bae1f36-8220-11f1-b0da-2389f409459f,4,"[1, 0, 1, 1, 0, 1, 1, 0, 0, 0, 0, 1]",0,1,1,,0.5,12
529,1bae1f36-8220-11f1-b0da-2389f409459f,4,"[1, 0, 1, 1, 0, 1, 1, 0, 0, 0, 0, 1]",1,0,0,,0.5,12
530,1bae1f36-8220-11f1-b0da-2389f409459f,4,"[1, 0, 1, 1, 0, 1, 1, 0, 0, 0, 0, 1]",2,1,1,,0.5,12
531,1bae1f36-8220-11f1-b0da-2389f409459f,4,"[1, 0, 1, 1, 0, 1, 1, 0, 0, 0, 0, 1]",3,1,1,,0.5,12
532,1bae1f36-8220-11f1-b0da-2389f409459f,4,"[1, 0, 1, 1, 0, 1, 1, 0, 0, 0, 0, 1]",4,0,0,,0.5,12
533,1bae1f36-8220-11f1-b0da-2389f409459f,4,"[1, 0, 1, 1, 0, 1, 1, 0, 0, 0, 0, 1]",5,1,1,,0.5,12
534,1bae1f36-8220-11f1-b0da-2389f409459f,4,"[1, 0, 1, 1, 0, 1, 1, 0, 0, 0, 0, 1]",6,1,1,,0.5,12
535,1bae1f36-8220-11f1-b0da-2389f409459f,4,"[1, 0, 1, 1, 0, 1, 1, 0, 0, 0, 0, 1]",7,0,0,,0.5,12
536,1bae1f36-8220-11f1-b0da-2389f409459f,4,"[1, 0, 1, 1, 0, 1, 1, 0, 0, 0, 0, 1]",8,0,0,,0.5,12
537,1bae1f36-8220-11f1-b0da-2389f409459f,4,"[1, 0, 1, 1, 0, 1, 1, 0, 0, 0, 0, 1]",9,0,0,,0.5,12
538,1bae1f36-8220-11f1-b0da-2389f409459f,4,"[1, 0, 1, 1, 0, 1, 1, 0, 0, 0, 0, 1]",10,0,0,,0.5,12
539,1bae1f36-8220-11f1-b0da-2389f409459f,4,"[1, 0, 1, 1, 0, 1, 1, 0, 0, 0, 0, 1]",11,1,1,,0.5,12
540,1bae1f36-8220-11f1-b0da-2389f409459f,5,"[1, 0, 0, 1, 0, 1, 1, 1, 0, 1, 1, 0]",0,1,-1,,0.5,12
541,1bae1f36-8220-11f1-b0da-2389f409459f,5,"[1, 0, 0, 1, 0, 1, 1, 1, 0, 1, 1, 0]",1,0,0,,0.5,12
542,1bae1f36-8220-11f1-b0da-2389f409459f,5,"[1, 0, 0, 1, 0, 1, 1, 1, 0, 1, 1, 0]",2,0,0,,0.5,12
543,1bae1f36-8220-11f1-b0da-2389f409459f,5,"[1, 0, 0, 1, 0, 1, 1, 1, 0, 1, 1, 0]",3,1,-1,,0.5,12
544,1bae1f36-8220-11f1-b0da-2389f409459f,5,"[1, 0, 0, 1, 0, 1, 1, 1, 0, 1, 1, 0]",4,0,0,,0.5,12
545,1bae1f36-8220-11f1-b0da-2389f409459f,5,"[1, 0, 0, 1, 0, 1, 1, 1, 0, 1, 1, 0]",5,1,-1,,0.5,12
546,1bae1f36-8220-11f1-b0da-2389f409459f,5,"[1, 0, 0, 1, 0, 1, 1, 1, 0, 1, 1, 0]",6,1,-1,,0.5,12
547,1bae1f36-8220-11f1-b0da-2389f409459f,5,"[1, 0, 0, 1, 0, 1, 1, 1, 0, 1, 1, 0]",7,1,-1,,0.5,12
548,1bae1f36-8220-11f1-b0da-2389f409459f,5,"[1, 0, 0, 1, 0, 1, 1, 1, 0, 1, 1, 0]",8,0,0,,0.5,12
549,1bae1f36-8220-11f1-b0da-2389f409459f,5,"[1, 0, 0, 1, 0, 1, 1, 1, 0, 1, 1, 0]",9,1,-1,,0.5,12
550,1bae1f36-8220-11f1-b0da-2389f409459f,5,"[1, 0, 0, 1, 0, 1, 1, 1, 0, 1, 1, 0]",10,1,-1,,0.5,12
551,1bae1f36-8220-11f1-b0da-2389f409459f,5,"[1, 0, 0, 1, 0, 1, 1, 1, 0, 1, 1, 0]",11,0,0,,0.5,12
552,1bae1f36-8220-11f1-b0da-2389f409459f,6,"[1, 0, 1, 1, 0, 0, 1, 1, 1, 1, 1, 1]",0,1,-1,,0.5,12
553,1bae1f36-8220-11f1-b0da-2389f409459f,6,"[1, 0, 1, 1, 0, 0, 1, 1, 1, 1, 1, 1]",1,0,0,,0.5,12
554,1bae1f36-8220-11f1-b0da-2389f409459f,6,"[1, 0, 1, 1, 0, 0, 1, 1, 1, 1, 1, 1]",2,1,-1,,0.5,12
555,1bae1f36-8220-11f1-b0da-2389f409459f,6,"[1, 0, 1, 1, 0, 0, 1, 1, 1, 1, 1, 1]",3,1,-1,,0.5,12
556,1bae1f36-8220-11f1-b0da-2389f409459f,6,"[1, 0, 1, 1, 0, 0, 1, 1, 1, 1, 1, 1]",4,0,0,,0.5,12
557,1bae1f36-8220-11f1-b0da-2389f409459f,6,"[1, 0, 1, 1, 0, 0, 1, 1, 1, 1, 1, 1]",5,0,0,,0.5,12
558,1bae1f36-8220-11f1-b0da-2389f409459f,6,"[1, 0, 1, 1, 0, 0, 1, 1, 1, 1, 1, 1]",6,1,-1,,0.5,12
559,1bae1f36-8220-11f1-b0da-2389f409459f,6,"[1, 0, 1, 1, 0, 0, 1, 1, 1, 1, 1, 1]",7,1,-1,,0.5,12
560,1bae1f36-8220-11f1-b0da-2389f409459f,6,"[1, 0, 1, 1, 0, 0, 1, 1, 1, 1, 1, 1]",8,1,-1,,0.5,12
561,1bae1f36-8220-11f1-b0da-2389f409459f,6,"[1, 0, 1, 1, 0, 0, 1, 1, 1, 1, 1, 1]",9,1,-1,,0.5,12
562,1bae1f36-8220-11f1-b0da-2389f409459f,6,"[1, 0, 1, 1, 0, 0, 1, 1, 1, 1, 1, 1]",10,1,-1,,0.5,12
563,1bae1f36-8220-11f1-b0da-2389f409459f,6,"[1, 0, 1, 1, 0, 0, 1, 1, 1, 1, 1, 1]",11,1,-1,,0.5,12
564,1bae1f36-8220-11f1-b0da-2389f409459f,7,"[0, 0, 1, 0, 0, 0, 1, 1, 1, 0, 1, 0]",0,0,0,,0.5,12
565,1bae1f36-8220-11f1-b0da-2389f409459f,7,"[0, 0, 1, 0, 0, 0, 1, 1, 1, 0, 1, 0]",1,0,0,,0.5,12
566,1bae1f36-8220-11f1-b0da-2389f409459f,7,"[0, 0, 1, 0, 0, 0, 1, 1, 1, 0, 1, 0]",2,1,1,,0.5,12
567,1bae1f36-8220-11f1-b0da-2389f409459f,7,"[0, 0, 1, 0, 0, 0, 1, 1, 1, 0, 1, 0]",3,0,0,,0.5,12
568,1bae1f36-8220-11f1-b0da-2389f409459f,7,"[0, 0, 1, 0, 0, 0, 1, 1, 1, 0, 1, 0]",4,0,0,,0.5,12
569,1bae1f36-8220-11f1-b0da-2389f409459f,7,"[0, 0, 1, 0, 0, 0, 1, 1, 1, 0, 1, 0]",5,0,0,,0.5,12
570,1bae1f36-8220-11f1-b0da-2389f409459f,7,"[0, 0, 1, 0, 0, 0, 1, 1, 1, 0, 1, 0]",6,1,1,,0.5,12
571,1bae1f36-8220-11f1-b0da-2389f409459f,7,"[0, 0, 1, 0, 0, 0, 1, 1, 1, 0, 1, 0]",7,1,1,,0.5,12
572,1bae1f36-8220-11f1-b0da-2389f409459f,7,"[0, 0, 1, 0, 0, 0, 1, 1, 1, 0, 1, 0]",8,1,1,,0.5,12
573,1bae1f36-8220-11f1-b0da-2389f409459f,7,"[0, 0, 1, 0, 0, 0, 1, 1, 1, 0, 1, 0]",9,0,0,,0.5,12
574,1bae1f36-8220-11f1-b0da-2389f409459f,7,"[0, 0, 1, 0, 0, 0, 1, 1, 1, 0, 1, 0]",10,1,1,,0.5,12
575,1bae1f36-8220-11f1-b0da-2389f409459f,7,"[0, 0, 1, 0, 0, 0, 1, 1, 1, 0, 1, 0]",11,0,0,,0.5,12
576,1bae1f36-8220-11f1-b0da-2389f409459f,8,"[1, 0, 0, 0, 1, 1, 0, 0, 1, 1, 1, 0]",0,1,1,,0.5,12
577,1bae1f36-8220-11f1-b0da-2389f409459f,8,"[1, 0, 0, 0, 1, 1, 0, 0, 1, 1, 1, 0]",1,0,0,,0.5,12
578,1bae1f36-8220-11f1-b0da-2389f409459f,8,"[1, 0, 0, 0, 1, 1, 0, 0, 1, 1, 1, 0]",2,0,0,,0.5,12
579,1bae1f36-8220-11f1-b0da-2389f409459f,8,"[1, 0, 0, 0, 1, 1, 0, 0, 1, 1, 1, 0]",3,0,0,,0.5,12
580,1bae1f36-8220-11f1-b0da-2389f409459f,8,"[1, 0, 0, 0, 1, 1, 0, 0, 1, 1, 1, 0]",4,1,1,,0.5,12
581,1bae1f36-8220-11f1-b0da-2389f409459f,8,"[1, 0, 0, 0, 1, 1, 0, 0, 1, 1, 1, 0]",5,1,1,,0.5,12
582,1bae1f36-8220-11f1-b0da-2389f409459f,8,"[1, 0, 0, 0, 1, 1, 0, 0, 1, 1, 1, 0]",6,0,0,,0.5,12
583,1bae1f36-8220-11f1-b0da-2389f409459f,8,"[1, 0, 0, 0, 1, 1, 0, 0, 1, 1, 1, 0]",7,0,0,,0.5,12
584,1bae1f36-8220-11f1-b0da-2389f409459f,8,"[1, 0, 0, 0, 1, 1, 0, 0, 1, 1, 1, 0]",8,1,1,,0.5,12
585,1bae1f36-8220-11f1-b0da-2389f409459f,8,"[1, 0, 0, 0, 1, 1, 0, 0, 1, 1, 1, 0]",9,1,1,,0.5,12
586,1bae1f36-8220-11f1-b0da-2389f409459f,8,"[1, 0, 0, 0, 1, 1, 0, 0, 1, 1, 1, 0]",10,1,1,,0.5,12
587,1bae1f36-8220-11f1-b0da-2389f409459f,8,"[1, 0, 0, 0, 1, 1, 0, 0, 1, 1, 1, 0]",11,0,0,,0.5,12
588,1bae1f36-8220-11f1-b0da-2389f409459f,9,"[1, 1, 1, 1, 0, 0, 1, 0, 0, 0, 0, 0]",0,1,1,,0.5,12
589,1bae1f36-8220-11f1-b0da-2389f409459f,9,"[1, 1, 1, 1, 0, 0, 1, 0, 0, 0, 0, 0]",1,1,1,,0.5,12
590,1bae1f36-8220-11f1-b0da-2389f409459f,9,"[1, 1, 1, 1, 0, 0, 1, 0, 0, 0, 0, 0]",2,1,1,,0.5,12
591,1bae1f36-8220-11f1-b0da-2389f409459f,9,"[1, 1, 1, 1, 0, 0, 1, 0, 0, 0, 0, 0]",3,1,1,,0.5,12
592,1bae1f36-8220-11f1-b0da-2389f409459f,9,"[1, 1, 1, 1, 0, 0, 1, 0, 0, 0, 0, 0]",4,0,0,,0.5,12
593,1bae1f36-8220-11f1-b0da-2389f409459f,9,"[1, 1, 1, 1, 0, 0, 1, 0, 0, 0, 0, 0]",5,0,0,,0.5,12
594,1bae1f36-8220-11f1-b0da-2389f409459f,9,"[1, 1, 1, 1, 0, 0, 1, 0, 0, 0, 0, 0]",6,1,1,,0.5,12
595,1bae1f36-8220-11f1-b0da-2389f409459f,9,"[1, 1, 1, 1, 0, 0, 1, 0, 0, 0, 0, 0]",7,0,0,,0.5,12
596,1bae1f36-8220-11f1-b0da-2389f409459f,9,"[1, 1, 1, 1, 0, 0, 1, 0, 0, 0, 0, 0]",8,0,0,,0.5,12
597,1bae1f36-8220-11f1-b0da-2389f409459f,9,"[1, 1, 1, 1, 0, 0, 1, 0, 0, 0, 0, 0]",9,0,0,,0.5,12
598,1bae1f36-8220-11f1-b0da-2389f409459f,9,"[1, 1, 1, 1, 0, 0, 1, 0, 0, 0, 0, 0]",10,0,0,,0.5,12
599,1bae1f36-8220-11f1-b0da-2389f409459f,9,"[1, 1, 1, 1, 0, 0, 1, 0, 0, 0, 0, 0]",11,0,0,,0.5,12
600,1baf3092-8220-11f1-b0da-2389f409459f,0,"[1, 0, 1, 0, 0, 1, 0, 0, 0, 1, 1, 0]",0,1,1,,0.5,12
601,1baf3092-8220-11f1-b0da-2389f409459f,0,"[1, 0, 1, 0, 0, 1, 0, 0, 0, 1, 1, 0]",1,0,0,,0.5,12
602,1baf3092-8220-11f1-b0da-2389f409459f,0,"[1, 0, 1, 0, 0, 1, 0, 0, 0, 1, 1, 0]",2,1,1,,0.5,12
603,1baf3092-8220-11f1-b0da-2389f409459f,0,"[1, 0, 1, 0, 0, 1, 0, 0, 0, 1, 1, 0]",3,0,0,,0.5,12
604,1baf3092-8220-11f1-b0da-2389f409459f,0,"[1, 0, 1, 0, 0, 1, 0, 0, 0, 1, 1, 0]",4,0,0,,0.5,12
605,1baf3092-8220-11f1-b0da-2389f409459f,0,"[1, 0, 1, 0, 0, 1, 0, 0, 0, 1, 1, 0]",5,1,1,,0.5,12
606,1baf3092-8220-11f1-b0da-2389f409459f,0,"[1, 0, 1, 0, 0, 1, 0, 0, 0, 1, 1, 0]",6,0,0,,0.5,12
607,1baf3092-8220-11f1-b0da-2389f409459f,0,"[1, 0, 1, 0, 0, 1, 0, 0, 0, 1, 1, 0]",7,0,0,,0.5,12
608,1baf3092-8220-11f1-b0da-2389f409459f,0,"[1, 0, 1, 0, 0, 1, 0, 0, 0, 1, 1, 0]",8,0,0,,0.5,12
609,1baf3092-8220-11f1-b0da-2389f409459f,0,"[1, 0, 1, 0, 0, 1, 0, 0, 0, 1, 1, 0]",9,1,1,,0.5,12
610,1baf3092-8220-11f1-b0da-2389f409459f,0,"[1, 0, 1, 0, 0, 1, 0, 0, 0, 1, 1, 0]",10,1,1,,0.5,12
611,1baf3092-8220-11f1-b0da-2389f409459f,0,"[1, 0, 1, 0, 0, 1, 0, 0, 0, 1, 1, 0]",11,0,0,,0.5,12
612,1baf3092-8220-11f1-b0da-2389f409459f,1,"[1, 0, 1, 1, 0, 1, 1, 1, 0, 1, 1, 0]",0,1,-1,,0.5,12
613,1baf3092-8220-11f1-b0da-2389f409459f,1,"[1, 0, 1, 1, 0, 1, 1, 1, 0, 1, 1, 0]",1,0,0,,0.5,12
614,1baf3092-8220-11f1-b0da-2389f409459f,1,"[1, 0, 1, 1, 0, 1, 1, 1, 0, 1, 1, 0]",2,1,-1,,0.5,12
615,1baf3092-8220-11f1-b0da-2389f409459f,1,"[1, 0, 1, 1, 0, 1, 1, 1, 0, 1, 1, 0]",3,1,-1,,0.5,12
616,1baf3092-8220-11f1-b0da-2389f409459f,1,"[1, 0, 1, 1, 0, 1, 1, 1, 0, 1, 1, 0]",4,0,0,,0.5,12
617,1baf3092-8220-11f1-b0da-2389f409459f,1,"[1, 0, 1, 1, 0, 1, 1, 1, 0, 1, 1, 0]",5,1,-1,,0.5,12
618,1baf3092-8220-11f1-b0da-2389f409459f,1,"[1, 0, 1, 1, 0, 1, 1, 1, 0, 1, 1, 0]",6,1,-1,,0.5,12
619,1baf3092-8220-11f1-b0da-2389f409459f,1,"[1, 0, 1, 1, 0, 1, 1, 1, 0, 1, 1, 0]",7,1,-1,,0.5,12
620,1baf3092-8220-11f1-b0da-2389f409459f,1,"[1, 0, 1, 1, 0, 1, 1, 1, 0, 1, 1, 0]",8,0,0,,0.5,12
621,1baf3092-8220-11f1-b0da-2389f409459f,1,"[1, 0, 1, 1, 0, 1, 1, 1, 0, 1, 1, 0]",9,1,-1,,0.5,12
622,1baf3092-8220-11f1-b0da-2389f409459f,1,"[1, 0, 1, 1, 0, 1, 1, 1, 0, 1, 1, 0]",10,1,-1,,0.5,12
623,1baf3092-8220-11f1-b0da-2389f409459f,1,"[1, 0, 1, 1, 0, 1, 1, 1, 0, 1, 1, 0]",11,0,0,,0.5,12
624,1baf3092-8220-11f1-b0da-2389f409459f,2,"[0, 1, 0, 1, 0, 1, 0, 0, 1, 1, 1, 0]",0,0,0,,0.5,12
625,1baf3092-8220-11f1-b0da-2389f409459f,2,"[0, 1, 0, 1, 0, 1, 0, 0, 1, 1, 1, 0]",1,1,1,,0.5,12
626,1baf3092-8220-11f1-b0da-2389f409459f,2,"[0, 1, 0, 1, 0, 1, 0, 0, 1, 1, 1, 0]",2,0,0,,0.5,12
627,1baf3092-8220-11f1-b0da-2389f409459f,2,"[0, 1, 0, 1, 0, 1, 0, 0, 1, 1, 1, 0]",3,1,1,,0.5,12
628,1baf3092-8220-11f1-b0da-2389f409459f,2,"[0, 1, 0, 1, 0, 1, 0, 0, 1, 1, 1, 0]",4,0,0,,0.5,12
629,1baf3092-8220-11f1-b0da-2389f409459f,2,"[0, 1, 0, 1, 0, 1, 0, 0, 1, 1, 1, 0]",5,1,1,,0.5,12
630,1baf3092-8220-11f1-b0da-2389f409459f,2,"[0, 1, 0, 1, 0, 1, 0, 0, 1, 1, 1, 0]",6,0,0,,0.5,12
631,1baf3092-8220-11f1-b0da-2389f409459f,2,"[0, 1, 0, 1, 0, 1, 0, 0, 1, 1, 1, 0]",7,0,0,,0.5,12
632,1baf3092-8220-11f1-b0da-2389f409459f,2,"[0, 1, 0, 1, 0, 1, 0, 0, 1, 1, 1, 0]",8,1,1,,0.5,12
633,1baf3092-8220-11f1-b0da-2389f409459f,2,"[0, 1, 0, 1, 0, 1, 0, 0, 1, 1, 1, 0]",9,1,1,,0.5,12
634,1baf3092-8220-11f1-b0da-2389f409459f,2,"[0, 1, 0, 1, 0, 1, 0, 0, 1, 1, 1, 0]",10,1,1,,0.5,12
635,1baf3092-8220-11f1-b0da-2389f409459f,2,"[0, 1, 0, 1, 0, 1, 0, 0, 1, 1, 1, 0]",11,0,0,,0.5,12
636,1baf3092-8220-11f1-b0da-2389f409459f,3,"[0, 1, 0, 1, 0, 1, 1, 1, 1, 0, 1, 0]",0,0,0,,0.5,12
637,1baf3092-8220-11f1-b0da-2389f409459f,3,"[0, 1, 0, 1, 0, 1, 1, 1, 1, 0, 1, 0]",1,1,-1,,0.5,12
638,1baf3092-8220-11f1-b0da-2389f409459f,3,"[0, 1, 0, 1, 0, 1, 1, 1, 1, 0, 1, 0]",2,0,0,,0.5,12
639,1baf3092-8220-11f1-b0da-2389f409459f,3,"[0, 1, 0, 1, 0, 1, 1, 1, 1, 0, 1, 0]",3,1,-1,,0.5,12
640,1baf3092-8220-11f1-b0da-2389f409459f,3,"[0, 1, 0, 1, 0, 1, 1, 1, 1, 0, 1, 0]",4,0,0,,0.5,12
641,1baf3092-8220-11f1-b0da-2389f409459f,3,"[0, 1, 0, 1, 0, 1, 1, 1, 1, 0, 1, 0]",5,1,-1,,0.5,12
642,1baf3092-8220-11f1-b0da-2389f409459f,3,"[0, 1, 0, 1, 0, 1, 1, 1, 1, 0, 1, 0]",6,1,-1,,0.5,12
643,1baf3092-8220-11f1-b0da-2389f409459f,3,"[0, 1, 0, 1, 0, 1, 1, 1, 1, 0, 1, 0]",7,1,-1,,0.5,12
644,1baf3092-8220-11f1-b0da-2389f409459f,3,"[0, 1, 0, 1, 0, 1, 1, 1, 1, 0, 1, 0]",8,1,-1,,0.5,12
645,1baf3092-8220-11f1-b0da-2389f409459f,3,"[0, 1, 0, 1, 0, 1, 1, 1, 1, 0, 1, 0]",9,0,0,,0.5,12
646,1baf3092-8220-11f1-b0da-2389f409459f,3,"[0, 1, 0, 1, 0, 1, 1, 1, 1, 0, 1, 0]",10,1,-1,,0.5,12
647,1baf3092-8220-11f1-b0da-2389f409459f,3,"[0, 1, 0, 1, 0, 1, 1, 1, 1, 0, 1, 0]",11,0,0,,0.5,12
648,1baf3092-8220-11f1-b0da-2389f409459f,4,"[1, 1, 0, 0, 0, 1, 0, 1, 0, 1, 1, 0]",0,1,1,,0.5,12
649,1baf3092-8220-11f1-b0da-2389f409459f,4,"[1, 1, 0, 0, 0, 1, 0, 1, 0, 1, 1, 0]",1,1,1,,0.5,12
650,1baf3092-8220-11f1-b0da-2389f409459f,4,"[1, 1, 0, 0, 0, 1, 0, 1, 0, 1, 1, 0]",2,0,0,,0.5,12
651,1baf3092-8220-11f1-b0da-2389f409459f,4,"[1, 1, 0, 0, 0, 1, 0, 1, 0, 1, 1, 0]",3,0,0,,0.5,12
652,1baf3092-8220-11f1-b0da-2389f409459f,4,"[1, 1, 0, 0, 0, 1, 0, 1, 0, 1, 1, 0]",4,0,0,,0.5,12
653,1baf3092-8220-11f1-b0da-2389f409459f,4,"[1, 1, 0, 0, 0, 1, 0, 1, 0, 1, 1, 0]",5,1,1,,0.5,12
654,1baf3092-8220-11f1-b0da-2389f409459f,4,"[1, 1, 0, 0, 0, 1, 0, 1, 0, 1, 1, 0]",6,0,0,,0.5,12
655,1baf3092-8220-11f1-b0da-2389f409459f,4,"[1, 1, 0, 0, 0, 1, 0, 1, 0, 1, 1, 0]",7,1,1,,0.5,12
656,1baf3092-8220-11f1-b0da-2389f409459f,4,"[1, 1, 0, 0, 0, 1, 0, 1, 0, 1, 1, 0]",8,0,0,,0.5,12
657,1baf3092-8220-11f1-b0da-2389f409459f,4,"[1, 1, 0, 0, 0, 1, 0, 1, 0, 1, 1, 0]",9,1,1,,0.5,12
658,1baf3092-8220-11f1-b0da-2389f409459f,4,"[1, 1, 0, 0, 0, 1, 0, 1, 0, 1, 1, 0]",10,1,1,,0.5,12
659,1baf3092-8220-11f1-b0da-2389f409459f,4,"[1, 1, 0, 0, 0, 1, 0, 1, 0, 1, 1, 0]",11,0,0,,0.5,12
660,1baf3092-8220-11f1-b0da-2389f409459f,5,"[1, 0, 1, 0, 0, 1, 0, 1, 0, 1, 1, 1]",0,1,-1,,0.5,12
661,1baf3092-8220-11f1-b0da-2389f409459f,5,"[1, 0, 1, 0, 0, 1, 0, 1, 0, 1, 1, 1]",1,0,0,,0.5,12
662,1baf3092-8220-11f1-b0da-2389f409459f,5,"[1, 0, 1, 0, 0, 1, 0, 1, 0, 1, 1, 1]",2,1,-1,,0.5,12
663,1baf3092-8220-11f1-b0da-2389f409459f,5,"[1, 0, 1, 0, 0, 1, 0, 1, 0, 1, 1, 1]",3,0,0,,0.5,12
664,1baf3092-8220-11f1-b0da-2389f409459f,5,"[1, 0, 1, 0, 0, 1, 0, 1, 0, 1, 1, 1]",4,0,0,,0.5,12
665,1baf3092-8220-11f1-b0da-2389f409459f,5,"[1, 0, 1, 0, 0, 1, 0, 1, 0, 1, 1, 1]",5,1,-1,,0.5,12
666,1baf3092-8220-11f1-b0da-2389f409459f,5,"[1, 0, 1, 0, 0, 1, 0, 1, 0, 1, 1, 1]",6,0,0,,0.5,12
667,1baf3092-8220-11f1-b0da-2389f409459f,5,"[1, 0, 1, 0, 0, 1, 0, 1, 0, 1, 1, 1]",7,1,-1,,0.5,12
668,1baf3092-8220-11f1-b0da-2389f409459f,5,"[1, 0, 1, 0, 0, 1, 0, 1, 0, 1, 1, 1]",8,0,0,,0.5,12
669,1baf3092-8220-11f1-b0da-2389f409459f,5,"[1, 0, 1, 0, 0, 1, 0, 1, 0, 1, 1, 1]",9,1,-1,,0.5,12
670,1baf3092-8220-11f1-b0da-2389f409459f,5,"[1, 0, 1, 0, 0, 1, 0, 1, 0, 1, 1, 1]",10,1,-1,,0.5,12
671,1baf3092-8220-11f1-b0da-2389f409459f,5,"[1, 0, 1, 0, 0, 1, 0, 1, 0, 1, 1, 1]",11,1,-1,,0.5,12
672,1baf3092-8220-11f1-b0da-2389f409459f,6,"[1, 0, 0, 1, 0, 1, 1, 1, 0, 0, 0, 1]",0,1,1,,0.5,12
673,1baf3092-8220-11f1-b0da-2389f409459f,6,"[1, 0, 0, 1, 0, 1, 1, 1, 0, 0, 0, 1]",1,0,0,,0.5,12
674,1baf3092-8220-11f1-b0da-2389f409459f,6,"[1, 0, 0, 1, 0, 1, 1, 1, 0, 0, 0, 1]",2,0,0,,0.5,12
675,1baf3092-8220-11f1-b0da-2389f409459f,6,"[1, 0, 0, 1, 0, 1, 1, 1, 0, 0, 0, 1]",3,1,1,,0.5,12
676,1baf3092-8220-11f1-b0da-2389f409459f,6,"[1, 0, 0, 1, 0, 1, 1, 1, 0, 0, 0, 1]",4,0,0,,0.5,12
677,1baf3092-8220-11f1-b0da-2389f409459f,6,"[1, 0, 0, 1, 0, 1, 1, 1, 0, 0, 0, 1]",5,1,1,,0.5,12
678,1baf3092-8220-11f1-b0da-2389f409459f,6,"[1, 0, 0, 1, 0, 1, 1, 1, 0, 0, 0, 1]",6,1,1,,0.5,12
679,1baf3092-8220-11f1-b0da-2389f409459f,6,"[1, 0, 0, 1, 0, 1, 1, 1, 0, 0, 0, 1]",7,1,1,,0.5,12
680,1baf3092-8220-11f1-b0da-2389f409459f,6,"[1, 0, 0, 1, 0, 1, 1, 1, 0, 0, 0, 1]",8,0,0,,0.5,12
681,1baf3092-8220-11f1-b0da-2389f409459f,6,"[1, 0, 0, 1, 0, 1, 1, 1, 0, 0, 0, 1]",9,0,0,,0.5,12
682,1baf3092-8220-11f1-b0da-2389f409459f,6,"[1, 0, 0, 1, 0, 1, 1, 1, 0, 0, 0, 1]",10,0,0,,0.5,12
683,1baf3092-8220-11f1-b0da-2389f409459f,6,"[1, 0, 0, 1, 0, 1, 1, 1, 0, 0, 0, 1]",11,1,1,,0.5,12
684,1baf3092-8220-11f1-b0da-2389f409459f,7,"[1, 1, 0, 1, 1, 1, 0, 1, 1, 0, 1, 1]",0,1,-1,,0.5,12
685,1baf3092-8220-11f1-b0da-2389f409459f,7,"[1, 1, 0, 1, 1, 1, 0, 1, 1, 0, 1, 1]",1,1,-1,,0.5,12
686,1baf3092-8220-11f1-b0da-2389f409459f,7,"[1, 1, 0, 1, 1, 1, 0, 1, 1, 0, 1, 1]",2,0,0,,0.5,12
687,1baf3092-8220-11f1-b0da-2389f409459f,7,"[1, 1, 0, 1, 1, 1, 0, 1, 1, 0, 1, 1]",3,1,-1,,0.5,12
688,1baf3092-8220-11f1-b0da-2389f409459f,7,"[1, 1, 0, 1, 1, 1, 0, 1, 1, 0, 1, 1]",4,1,-1,,0.5,12
689,1baf3092-8220-11f1-b0da-2389f409459f,7,"[1, 1, 0, 1, 1, 1, 0, 1, 1, 0, 1, 1]",5,1,-1,,0.5,12
690,1baf3092-8220-11f1-b0da-2389f409459f,7,"[1, 1, 0, 1, 1, 1, 0, 1, 1, 0, 1, 1]",6,0,0,,0.5,12
691,1baf3092-8220-11f1-b0da-2389f409459f,7,"[1, 1, 0, 1, 1, 1, 0, 1, 1, 0, 1, 1]",7,1,-1,,0.5,12
692,1baf3092-8220-11f1-b0da-2389f409459f,7,"[1, 1, 0, 1, 1, 1, 0, 1, 1, 0, 1, 1]",8,1,-1,,0.5,12
693,1baf3092-8220-11f1-b0da-2389f409459f,7,"[1, 1, 0, 1, 1, 1, 0, 1, 1, 0, 1, 1]",9,0,0,,0.5,12
694,1baf3092-8220-11f1-b0da-2389f409459f,7,"[1, 1, 0, 1, 1, 1, 0, 1, 1, 0, 1, 1]",10,1,-1,,0.5,12
695,1baf3092-8220-11f1-b0da-2389f409459f,7,"[1, 1, 0, 1, 1, 1, 0, 1, 1, 0, 1, 1]",11,1,-1,,0.5,12
696,1baf3092-8220-11f1-b0da-2389f409459f,8,"[0, 1, 1, 1, 0, 1, 1, 0, 1, 1, 1, 1]",0,0,0,,0.5,12
697,1baf3092-8220-11f1-b0da-2389f409459f,8,"[0, 1, 1, 1, 0, 1, 1, 0, 1, 1, 1, 1]",1,1,-1,,0.5,12
698,1baf3092-8220-11f1-b0da-2389f409459f,8,"[0, 1, 1, 1, 0, 1, 1, 0, 1, 1, 1, 1]",2,1,-1,,0.5,12
699,1baf3092-8220-11f1-b0da-2389f409459f,8,"[0, 1, 1, 1, 0, 1, 1, 0, 1, 1, 1, 1]",3,1,-1,,0.5,12
700,1baf3092-8220-11f1-b0da-2389f409459f,8,"[0, 1, 1, 1, 0, 1, 1, 0, 1, 1, 1, 1]",4,0,0,,0.5,12
701,1baf3092-8220-11f1-b0da-2389f409459f,8,"[0, 1, 1, 1, 0, 1, 1, 0, 1, 1, 1, 1]",5,1,-1,,0.5,12
702,1baf3092-8220-11f1-b0da-2389f409459f,8,"[0, 1, 1, 1, 0, 1, 1, 0, 1, 1, 1, 1]",6,1,-1,,0.5,12
703,1baf3092-8220-11f1-b0da-2389f409459f,8,"[0, 1, 1, 1, 0, 1, 1, 0, 1, 1, 1, 1]",7,0,0,,0.5,12
704,1baf3092-8220-11f1-b0da-2389f409459f,8,"[0, 1, 1, 1, 0, 1, 1, 0, 1, 1, 1, 1]",8,1,-1,,0.5,12
705,1baf3092-8220-11f1-b0da-2389f409459f,8,"[0, 1, 1, 1, 0, 1, 1, 0, 1, 1, 1, 1]",9,1,-1,,0.5,12
706,1baf3092-8220-11f1-b0da-2389f409459f,8,"[0, 1, 1, 1, 0, 1, 1, 0, 1, 1, 1, 1]",10,1,-1,,0.5,12
707,1baf3092-8220-11f1-b0da-2389f409459f,8,"[0, 1, 1, 1, 0, 1, 1, 0, 1, 1, 1, 1]",11,1,-1,,0.5,12
708,1baf3092-8220-11f1-b0da-2389f409459f,9,"[0, 1, 0, 1, 1, 0, 1, 0, 1, 1, 1, 0]",0,0,0,,0.5,12
709,1baf3092-8220-11f1-b0da-2389f409459f,9,"[0, 1, 0, 1, 1, 0, 1, 0, 1, 1, 1, 0]",1,1,-1,,0.5,12
710,1baf3092-8220-11f1-b0da-2389f409459f,9,"[0, 1, 0, 1, 1, 0, 1, 0, 1, 1, 1, 0]",2,0,0,,0.5,12
711,1baf3092-8220-11f1-b0da-2389f409459f,9,"[0, 1, 0, 1, 1, 0, 1, 0, 1, 1, 1, 0]",3,1,-1,,0.5,12
712,1baf3092-8220-11f1-b0da-2389f409459f,9,"[0, 1, 0, 1, 1, 0, 1, 0, 1, 1, 1, 0]",4,1,-1,,0.5,12
713,1baf3092-8220-11f1-b0da-2389f409459f,9,"[0, 1, 0, 1, 1, 0, 1, 0, 1, 1, 1, 0]",5,0,0,,0.5,12
714,1baf3092-8220-11f1-b0da-2389f409459f,9,"[0, 1, 0, 1, 1, 0, 1, 0, 1, 1, 1, 0]",6,1,-1,,0.5,12
715,1baf3092-8220-11f1-b0da-2389f409459f,9,"[0, 1, 0, 1, 1, 0, 1, 0, 1, 1, 1, 0]",7,0,0,,0.5,12
716,1baf3092-8220-11f1-b0da-2389f409459f,9,"[0, 1, 0, 1, 1, 0, 1, 0, 1, 1, 1, 0]",8,1,-1,,0.5,12
717,1baf3092-8220-11f1-b0da-2389f409459f,9,"[0, 1, 0, 1, 1, 0, 1, 0, 1, 1, 1, 0]",9,1,-1,,0.5,12
718,1baf3092-8220-11f1-b0da-2389f409459f,9,"[0, 1, 0, 1, 1, 0, 1, 0, 1, 1, 1, 0]",10,1,-1,,0.5,12
719,1baf3092-8220-11f1-b0da-2389f409459f,9,"[0, 1, 0, 1, 1, 0, 1, 0, 1, 1, 1, 0]",11,0,0,,0.5,12
720,1bb0939c-8220-11f1-b0da-2389f409459f,0,"[1, 0, 0, 0, 1, 0, 1, 1, 1, 1, 0, 0]",0,1,1,,0.5,12
721,1bb0939c-8220-11f1-b0da-2389f409459f,0,"[1, 0, 0, 0, 1, 0, 1, 1, 1, 1, 0, 0]",1,0,0,,0.5,12
722,1bb0939c-8220-11f1-b0da-2389f409459f,0,"[1, 0, 0, 0, 1, 0, 1, 1, 1, 1, 0, 0]",2,0,0,,0.5,12
723,1bb0939c-8220-11f1-b0da-2389f409459f,0,"[1, 0, 0, 0, 1, 0, 1, 1, 1, 1, 0, 0]",3,0,0,,0.5,12
724,1bb0939c-8220-11f1-b0da-2389f409459f,0,"[1, 0, 0, 0, 1, 0, 1, 1, 1, 1, 0, 0]",4,1,1,,0.5,12
725,1bb0939c-8220-11f1-b0da-2389f409459f,0,"[1, 0, 0, 0, 1, 0, 1, 1, 1, 1, 0, 0]",5,0,0,,0.5,12
726,1bb0939c-8220-11f1-b0da-2389f409459f,0,"[1, 0, 0, 0, 1, 0, 1, 1, 1, 1, 0, 0]",6,1,1,,0.5,12
727,1bb0939c-8220-11f1-b0da-2389f409459f,0,"[1, 0, 0, 0, 1, 0, 1, 1, 1, 1, 0, 0]",7,1,1,,0.5,12
728,1bb0939c-8220-11f1-b0da-2389f409459f,0,"[1, 0, 0, 0, 1, 0, 1, 1, 1, 1, 0, 0]",8,1,1,,0.5,12
729,1bb0939c-8220-11f1-b0da-2389f409459f,0,"[1, 0, 0, 0, 1, 0, 1, 1, 1, 1, 0, 0]",9,1,1,,0.5,12
730,1bb0939c-8220-11f1-b0da-2389f409459f,0,"[1, 0, 0, 0, 1, 0, 1, 1, 1, 1, 0, 0]",10,0,0,,0.5,12
731,1bb0939c-8220-11f1-b0da-2389f409459f,0,"[1, 0, 0, 0, 1, 0, 1, 1, 1, 1, 0, 0]",11,0,0,,0.5,12
732,1bb0939c-8220-11f1-b0da-2389f409459f,1,"[0, 0, 0, 1, 1, 1, 1, 0, 1, 1, 1, 0]",0,0,0,,0.5,12
733,1bb0939c-8220-11f1-b0da-2389f409459f,1,"[0, 0, 0, 1, 1, 1, 1, 0, 1, 1, 1, 0]",1,0,0,,0.5,12
734,1bb0939c-8220-11f1-b0da-2389f409459f,1,"[0, 0, 0, 1, 1, 1, 1, 0, 1, 1, 1, 0]",2,0,0,,0.5,12
735,1bb0939c-8220-11f1-b0da-2389f409459f,1,"[0, 0, 0, 1, 1, 1, 1, 0, 1, 1, 1, 0]",3,1,-1,,0.5,12
736,1bb0939c-8220-11f1-b0da-2389f409459f,1,"[0, 0, 0, 1, 1, 1, 1, 0, 1, 1, 1, 0]",4,1,-1,,0.5,12
737,1bb0939c-8220-11f1-b0da-2389f409459f,1,"[0, 0, 0, 1, 1, 1, 1, 0, 1, 1, 1, 0]",5,1,-1,,0.5,12
738,1bb0939c-8220-11f1-b0da-2389f409459f,1,"[0, 0, 0, 1, 1, 1, 1, 0, 1, 1, 1, 0]",6,1,-1,,0.5,12
739,1bb0939c-8220-11f1-b0da-2389f409459f,1,"[0, 0, 0, 1, 1, 1, 1, 0, 1, 1, 1, 0]",7,0,0,,0.5,12
740,1bb0939c-8220-11f1-b0da-2389f409459f,1,"[0, 0, 0, 1, 1, 1, 1, 0, 1, 1, 1, 0]",8,1,-1,,0.5,12
741,1bb0939c-8220-11f1-b0da-2389f409459f,1,"[0, 0, 0, 1, 1, 1, 1, 0, 1, 1, 1, 0]",9,1,-1,,0.5,12
742,1bb0939c-8220-11f1-b0da-2389f409459f,1,"[0, 0, 0, 1, 1, 1, 1, 0, 1, 1, 1, 0]",10,1,-1,,0.5,12
743,1bb0939c-8220-11f1-b0da-2389f409459f,1,"[0, 0, 0, 1, 1, 1, 1, 0, 1, 1, 1, 0]",11,0,0,,0.5,12
744,1bb0939c-8220-11f1-b0da-2389f409459f,2,"[0, 0, 0, 1, 1, 0, 0, 0, 1, 1, 1, 0]",0,0,0,,0.5,12
745,1bb0939c-8220-11f1-b0da-2389f409459f,2,"[0, 0, 0, 1, 1, 0, 0, 0, 1, 1, 1, 0]",1,0,0,,0.5,12
746,1bb0939c-8220-11f1-b0da-2389f409459f,2,"[0, 0, 0, 1, 1, 0, 0, 0, 1, 1, 1, 0]",2,0,0,,0.5,12
747,1bb0939c-8220-11f1-b0da-2389f409459f,2,"[0, 0, 0, 1, 1, 0, 0, 0, 1, 1, 1, 0]",3,1,1,,0.5,12
748,1bb0939c-8220-11f1-b0da-2389f409459f,2,"[0, 0, 0, 1, 1, 0, 0, 0, 1, 1, 1, 0]",4,1,1,,0.5,12
749,1bb0939c-8220-11f1-b0da-2389f409459f,2,"[0, 0, 0, 1, 1, 0, 0, 0, 1, 1, 1, 0]",5,0,0,,0.5,12
750,1bb0939c-8220-11f1-b0da-2389f409459f,2,"[0, 0, 0, 1, 1, 0, 0, 0, 1, 1, 1, 0]",6,0,0,,0.5,12
751,1bb0939c-8220-11f1-b0da-2389f409459f,2,"[0, 0, 0, 1, 1, 0, 0, 0, 1, 1, 1, 0]",7,0,0,,0.5,12
752,1bb0939c-8220-11f1-b0da-2389f409459f,2,"[0, 0, 0, 1, 1, 0, 0, 0, 1, 1, 1, 0]",8,1,1,,0.5,12
753,1bb0939c-8220-11f1-b0da-2389f409459f,2,"[0, 0, 0, 1, 1, 0, 0, 0, 1, 1, 1, 0]",9,1,1,,0.5,12
754,1bb0939c-8220-11f1-b0da-2389f409459f,2,"[0, 0, 0, 1, 1, 0, 0, 0, 1, 1, 1, 0]",10,1,1,,0.5,12
755,1bb0939c-8220-11f1-b0da-2389f409459f,2,"[0, 0, 0, 1, 1, 0, 0, 0, 1, 1, 1, 0]",11,0,0,,0.5,12
756,1bb0939c-8220-11f1-b0da-2389f409459f,3,"[0, 0, 1, 1, 0, 0, 1, 0, 1, 1, 0, 1]",0,0,0,,0.5,12
757,1bb0939c-8220-11f1-b0da-2389f409459f,3,"[0, 0, 1, 1, 0, 0, 1, 0, 1, 1, 0, 1]",1,0,0,,0.5,12
758,1bb0939c-8220-11f1-b0da-2389f409459f,3,"[0, 0, 1, 1, 0, 0, 1, 0, 1, 1, 0, 1]",2,1,1,,0.5,12
759,1bb0939c-8220-11f1-b0da-2389f409459f,3,"[0, 0, 1, 1, 0, 0, 1, 0, 1, 1, 0, 1]",3,1,1,,0.5,12
760,1bb0939c-8220-11f1-b0da-2389f409459f,3,"[0, 0, 1, 1, 0, 0, 1, 0, 1, 1, 0, 1]",4,0,0,,0.5,12
761,1bb0939c-8220-11f1-b0da-2389f409459f,3,"[0, 0, 1, 1, 0, 0, 1, 0, 1, 1, 0, 1]",5,0,0,,0.5,12
762,1bb0939c-8220-11f1-b0da-2389f409459f,3,"[0, 0, 1, 1, 0, 0, 1, 0, 1, 1, 0, 1]",6,1,1,,0.5,12
763,1bb0939c-8220-11f1-b0da-2389f409459f,3,"[0, 0, 1, 1, 0, 0, 1, 0, 1, 1, 0, 1]",7,0,0,,0.5,12
764,1bb0939c-8220-11f1-b0da-2389f409459f,3,"[0, 0, 1, 1, 0, 0, 1, 0, 1, 1, 0, 1]",8,1,1,,0.5,12
765,1bb0939c-8220-11f1-b0da-2389f409459f,3,"[0, 0, 1, 1, 0, 0, 1, 0, 1, 1, 0, 1]",9,1,1,,0.5,12
766,1bb0939c-8220-11f1-b0da-2389f409459f,3,"[0, 0, 1, 1, 0, 0, 1, 0, 1, 1, 0, 1]",10,0,0,,0.5,12
767,1bb0939c-8220-11f1-b0da-2389f409459f,3,"[0, 0, 1, 1, 0, 0, 1, 0, 1, 1, 0, 1]",11,1,1,,0.5,12
768,1bb0939c-8220-11f1-b0da-2389f409459f,4,"[0, 0, 1, 1, 0, 0, 0, 0, 1, 1, 0, 0]",0,0,0,,0.5,12
769,1bb0939c-8220-11f1-b0da-2389f409459f,4,"[0, 0, 1, 1, 0, 0, 0, 0, 1, 1, 0, 0]",1,0,0,,0.5,12
770,1bb0939c-8220-11f1-b0da-2389f409459f,4,"[0, 0, 1, 1, 0, 0, 0, 0, 1, 1, 0, 0]",2,1,1,,0.5,12
771,1bb0939c-8220-11f1-b0da-2389f409459f,4,"[0, 0, 1, 1, 0, 0, 0, 0, 1, 1, 0, 0]",3,1,1,,0.5,12
772,1bb0939c-8220-11f1-b0da-2389f409459f,4,"[0, 0, 1, 1, 0, 0, 0, 0, 1, 1, 0, 0]",4,0,0,,0.5,12
773,1bb0939c-8220-11f1-b0da-2389f409459f,4,"[0, 0, 1, 1, 0, 0, 0, 0, 1, 1, 0, 0]",5,0,0,,0.5,12
774,1bb0939c-8220-11f1-b0da-2389f409459f,4,"[0, 0, 1, 1, 0, 0, 0, 0, 1, 1, 0, 0]",6,0,0,,0.5,12
775,1bb0939c-8220-11f1-b0da-2389f409459f,4,"[0, 0, 1, 1, 0, 0, 0, 0, 1, 1, 0, 0]",7,0,0,,0.5,12
776,1bb0939c-8220-11f1-b0da-2389f409459f,4,"[0, 0, 1, 1, 0, 0, 0, 0, 1, 1, 0, 0]",8,1,1,,0.5,12
777,1bb0939c-8220-11f1-b0da-2389f409459f,4,"[0, 0, 1, 1, 0, 0, 0, 0, 1, 1, 0, 0]",9,1,1,,0.5,12
778,1bb0939c-8220-11f1-b0da-2389f409459f,4,"[0, 0, 1, 1, 0, 0, 0, 0, 1, 1, 0, 0]",10,0,0,,0.5,12
779,1bb0939c-8220-11f1-b0da-2389f409459f,4,"[0, 0, 1, 1, 0, 0, 0, 0, 1, 1, 0, 0]",11,0,0,,0.5,12
780,1bb0939c-8220-11f1-b0da-2389f409459f,5,"[1, 0, 0, 1, 1, 1, 0, 1, 0, 1, 1, 0]",0,1,-1,,0.5,12
781,1bb0939c-8220-11f1-b0da-2389f409459f,5,"[1, 0, 0, 1, 1, 1, 0, 1, 0, 1, 1, 0]",1,0,0,,0.5,12
782,1bb0939c-8220-11f1-b0da-2389f409459f,5,"[1, 0, 0, 1, 1, 1, 0, 1, 0, 1, 1, 0]",2,0,0,,0.5,12
783,1bb0939c-8220-11f1-b0da-2389f409459f,5,"[1, 0, 0, 1, 1, 1, 0, 1, 0, 1, 1, 0]",3,1,-1,,0.5,12
784,1bb0939c-8220-11f1-b0da-2389f409459f,5,"[1, 0, 0, 1, 1, 1, 0, 1, 0, 1, 1, 0]",4,1,-1,,0.5,12
785,1bb0939c-8220-11f1-b0da-2389f409459f,5,"[1, 0, 0, 1, 1, 1, 0, 1, 0, 1, 1, 0]",5,1,-1,,0.5,12
786,1bb0939c-8220-11f1-b0da-2389f409459f,5,"[1, 0, 0, 1, 1, 1, 0, 1, 0, 1, 1, 0]",6,0,0,,0.5,12
787,1bb0939c-8220-11f1-b0da-2389f409459f,5,"[1, 0, 0, 1, 1, 1, 0, 1, 0, 1, 1, 0]",7,1,-1,,0.5,12
788,1bb0939c-8220-11f1-b0da-2389f409459f,5,"[1, 0, 0, 1, 1, 1, 0, 1, 0, 1, 1, 0]",8,0,0,,0.5,12
789,1bb0939c-8220-11f1-b0da-2389f409459f,5,"[1, 0, 0, 1, 1, 1, 0, 1, 0, 1, 1, 0]",9,1,-1,,0.5,12
790,1bb0939c-8220-11f1-b0da-2389f409459f,5,"[1, 0, 0, 1, 1, 1, 0, 1, 0, 1, 1, 0]",10,1,-1,,0.5,12
791,1bb0939c-8220-11f1-b0da-2389f409459f,5,"[1, 0, 0, 1, 1, 1, 0, 1, 0, 1, 1, 0]",11,0,0,,0.5,12
792,1bb0939c-8220-11f1-b0da-2389f409459f,6,"[0, 1, 1, 0, 1, 0, 1, 1, 1, 1, 1, 1]",0,0,0,,0.5,12
793,1bb0939c-8220-11f1-b0da-2389f409459f,6,"[0, 1, 1, 0, 1, 0, 1, 1, 1, 1, 1, 1]",1,1,-1,,0.5,12
794,1bb0939c-8220-11f1-b0da-2389f409459f,6,"[0, 1, 1, 0, 1, 0, 1, 1, 1, 1, 1, 1]",2,1,-1,,0.5,12
795,1bb0939c-8220-11f1-b0da-2389f409459f,6,"[0, 1, 1, 0, 1, 0, 1, 1, 1, 1, 1, 1]",3,0,0,,0.5,12
796,1bb0939c-8220-11f1-b0da-2389f409459f,6,"[0, 1, 1, 0, 1, 0, 1, 1, 1, 1, 1, 1]",4,1,-1,,0.5,12
797,1bb0939c-8220-11f1-b0da-2389f409459f,6,"[0, 1, 1, 0, 1, 0, 1, 1, 1, 1, 1, 1]",5,0,0,,0.5,12
798,1bb0939c-8220-11f1-b0da-2389f409459f,6,"[0, 1, 1, 0, 1, 0, 1, 1, 1, 1, 1, 1]",6,1,-1,,0.5,12
799,1bb0939c-8220-11f1-b0da-2389f409459f,6,"[0, 1, 1, 0, 1, 0, 1, 1, 1, 1, 1, 1]",7,1,-1,,0.5,12
800,1bb0939c-8220-11f1-b0da-2389f409459f,6,"[0, 1, 1, 0, 1, 0, 1, 1, 1, 1, 1, 1]",8,1,-1,,0.5,12
801,1bb0939c-8220-11f1-b0da-2389f409459f,6,"[0, 1, 1, 0, 1, 0, 1, 1, 1, 1, 1, 1]",9,1,-1,,0.5,12
802,1bb0939c-8220-11f1-b0da-2389f409459f,6,"[0, 1, 1, 0, 1, 0, 1, 1, 1, 1, 1, 1]",10,1,-1,,0.5,12
803,1bb0939c-8220-11f1-b0da-2389f409459f,6,"[0, 1, 1, 0, 1, 0, 1, 1, 1, 1, 1, 1]",11,1,-1,,0.5,12
804,1bb0939c-8220-11f1-b0da-2389f409459f,7,"[1, 1, 0, 1, 0, 0, 0, 1, 1, 1, 0, 1]",0,1,-1,,0.5,12
805,1bb0939c-8220-11f1-b0da-2389f409459f,7,"[1, 1, 0, 1, 0, 0, 0, 1, 1, 1, 0, 1]",1,1,-1,,0.5,12
806,1bb0939c-8220-11f1-b0da-2389f409459f,7,"[1, 1, 0, 1, 0, 0, 0, 1, 1, 1, 0, 1]",2,0,0,,0.5,12
807,1bb0939c-8220-11f1-b0da-2389f409459f,7,"[1, 1, 0, 1, 0, 0, 0, 1, 1, 1, 0, 1]",3,1,-1,,0.5,12
808,1bb0939c-8220-11f1-b0da-2389f409459f,7,"[1, 1, 0, 1, 0, 0, 0, 1, 1, 1, 0, 1]",4,0,0,,0.5,12
809,1bb0939c-8220-11f1-b0da-2389f409459f,7,"[1, 1, 0, 1, 0, 0, 0, 1, 1, 1, 0, 1]",5,0,0,,0.5,12
810,1bb0939c-8220-11f1-b0da-2389f409459f,7,"[1, 1, 0, 1, 0, 0, 0, 1, 1, 1, 0, 1]",6,0,0,,0.5,12
811,1bb0939c-8220-11f1-b0da-2389f409459f,7,"[1, 1, 0, 1, 0, 0, 0, 1, 1, 1, 0, 1]",7,1,-1,,0.5,12
812,1bb0939c-8220-11f1-b0da-2389f409459f,7,"[1, 1, 0, 1, 0, 0, 0, 1, 1, 1, 0, 1]",8,1,-1,,0.5,12
813,1bb0939c-8220-11f1-b0da-2389f409459f,7,"[1, 1, 0, 1, 0, 0, 0, 1, 1, 1, 0, 1]",9,1,-1,,0.5,12
814,1bb0939c-8220-11f1-b0da-2389f409459f,7,"[1, 1, 0, 1, 0, 0, 0, 1, 1, 1, 0, 1]",10,0,0,,0.5,12
815,1bb0939c-8220-11f1-b0da-2389f409459f,7,"[1, 1, 0, 1, 0, 0, 0, 1, 1, 1, 0, 1]",11,1,-1,,0.5,12
816,1bb0939c-8220-11f1-b0da-2389f409459f,8,"[0, 1, 1, 0, 0, 1, 1, 0, 1, 1, 1, 0]",0,0,0,,0.5,12
817,1bb0939c-8220-11f1-b0da-2389f409459f,8,"[0, 1, 1, 0, 0, 1, 1, 0, 1, 1, 1, 0]",1,1,-1,,0.5,12
818,1bb0939c-8220-11f1-b0da-2389f409459f,8,"[0, 1, 1, 0, 0, 1, 1, 0, 1, 1, 1, 0]",2,1,-1,,0.5,12
819,1bb0939c-8220-11f1-b0da-2389f409459f,8,"[0, 1, 1, 0, 0, 1, 1, 0, 1, 1, 1, 0]",3,0,0,,0.5,12
820,1bb0939c-8220-11f1-b0da-2389f409459f,8,"[0, 1, 1, 0, 0, 1, 1, 0, 1, 1, 1, 0]",4,0,0,,0.5,12
821,1bb0939c-8220-11f1-b0da-2389f409459f,8,"[0, 1, 1, 0, 0, 1, 1, 0, 1, 1, 1, 0]",5,1,-1,,0.5,12
822,1bb0939c-8220-11f1-b0da-2389f409459f,8,"[0, 1, 1, 0, 0, 1, 1, 0, 1, 1, 1, 0]",6,1,-1,,0.5,12
823,1bb0939c-8220-11f1-b0da-2389f409459f,8,"[0, 1, 1, 0, 0, 1, 1, 0, 1, 1, 1, 0]",7,0,0,,0.5,12
824,1bb0939c-8220-11f1-b0da-2389f409459f,8,"[0, 1, 1, 0, 0, 1, 1, 0, 1, 1, 1, 0]",8,1,-1,,0.5,12
825,1bb0939c-8220-11f1-b0da-2389f409459f,8,"[0, 1, 1, 0, 0, 1, 1, 0, 1, 1, 1, 0]",9,1,-1,,0.5,12
826,1bb0939c-8220-11f1-b0da-2389f409459f,8,"[0, 1, 1, 0, 0, 1, 1, 0, 1, 1, 1, 0]",10,1,-1,,0.5,12
827,1bb0939c-8220-11f1-b0da-2389f409459f,8,"[0, 1, 1, 0, 0, 1, 1, 0, 1, 1, 1, 0]",11,0,0,,0.5,12
828,1bb0939c-8220-11f1-b0da-2389f409459f,9,"[1, 1, 0, 0, 1, 0, 0, 1, 1, 0, 1, 1]",0,1,-1,,0.5,12
829,1bb0939c-8220-11f1-b0da-2389f409459f,9,"[1, 1, 0, 0, 1, 0, 0, 1, 1, 0, 1, 1]",1,1,-1,,0.5,12
830,1bb0939c-8220-11f1-b0da-2389f409459f,9,"[1, 1, 0, 0, 1, 0, 0, 1, 1, 0, 1, 1]",2,0,0,,0.5,12
831,1bb0939c-8220-11f1-b0da-2389f409459f,9,"[1, 1, 0, 0, 1, 0, 0, 1, 1, 0, 1, 1]",3,0,0,,0.5,12
832,1bb0939c-8220-11f1-b0da-2389f409459f,9,"[1, 1, 0, 0, 1, 0, 0, 1, 1, 0, 1, 1]",4,1,-1,,0.5,12
833,1bb0939c-8220-11f1-b0da-2389f409459f,9,"[1, 1, 0, 0, 1, 0, 0, 1, 1, 0, 1, 1]",5,0,0,,0.5,12
834,1bb0939c-8220-11f1-b0da-2389f409459f,9,"[1, 1, 0, 0, 1, 0, 0, 1, 1, 0, 1, 1]",6,0,0,,0.5,12
835,1bb0939c-8220-11f1-b0da-2389f409459f,9,"[1, 1, 0, 0, 1, 0, 0, 1, 1, 0, 1, 1]",7,1,-1,,0.5,12
836,1bb0939c-8220-11f1-b0da-2389f409459f,9,"[1, 1, 0, 0, 1, 0, 0, 1, 1, 0, 1, 1]",8,1,-1,,0.5,12
837,1bb0939c-8220-11f1-b0da-2389f409459f,9,"[1, 1, 0, 0, 1, 0, 0, 1, 1, 0, 1, 1]",9,0,0,,0.5,12
838,1bb0939c-8220-11f1-b0da-2389f409459f,9,"[1, 1, 0, 0, 1, 0, 0, 1, 1, 0, 1, 1]",10,1,-1,,0.5,12
839,1bb0939c-8220-11f1-b0da-2389f409459f,9,"[1, 1, 0, 0, 1, 0, 0, 1, 1, 0, 1, 1]",11,1,-1,,0.5,12
840,1bb1b038-8220-11f1-b0da-2389f409459f,0,"[0, 0, 1, 0, 1, 0, 0, 1, 1, 1, 0, 0]",0,0,0,,0.5,12
841,1bb1b038-8220-11f1-b0da-2389f409459f,0,"[0, 0, 1, 0, 1, 0, 0, 1, 1, 1, 0, 0]",1,0,0,,0.5,12
842,1bb1b038-8220-11f1-b0da-2389f409459f,0,"[0, 0, 1, 0, 1, 0, 0, 1, 1, 1, 0, 0]",2,1,1,,0.5,12
843,1bb1b038-8220-11f1-b0da-2389f409459f,0,"[0, 0, 1, 0, 1, 0, 0, 1, 1, 1, 0, 0]",3,0,0,,0.5,12
844,1bb1b038-8220-11f1-b0da-2389f409459f,0,"[0, 0, 1, 0, 1, 0, 0, 1, 1, 1, 0, 0]",4,1,1,,0.5,12
845,1bb1b038-8220-11f1-b0da-2389f409459f,0,"[0, 0, 1, 0, 1, 0, 0, 1, 1, 1, 0, 0]",5,0,0,,0.5,12
846,1bb1b038-8220-11f1-b0da-2389f409459f,0,"[0, 0, 1, 0, 1, 0, 0, 1, 1, 1, 0, 0]",6,0,0,,0.5,12
847,1bb1b038-8220-11f1-b0da-2389f409459f,0,"[0, 0, 1, 0, 1, 0, 0, 1, 1, 1, 0, 0]",7,1,1,,0.5,12
848,1bb1b038-8220-11f1-b0da-2389f409459f,0,"[0, 0, 1, 0, 1, 0, 0, 1, 1, 1, 0, 0]",8,1,1,,0.5,12
849,1bb1b038-8220-11f1-b0da-2389f409459f,0,"[0, 0, 1, 0, 1, 0, 0, 1, 1, 1, 0, 0]",9,1,1,,0.5,12
850,1bb1b038-8220-11f1-b0da-2389f409459f,0,"[0, 0, 1, 0, 1, 0, 0, 1, 1, 1, 0, 0]",10,0,0,,0.5,12
851,1bb1b038-8220-11f1-b0da-2389f409459f,0,"[0, 0, 1, 0, 1, 0, 0, 1, 1, 1, 0, 0]",11,0,0,,0.5,12
852,1bb1b038-8220-11f1-b0da-2389f409459f,1,"[1, 1, 0, 0, 0, 1, 0, 1, 0, 1, 0, 1]",0,1,1,,0.5,12
853,1bb1b038-8220-11f1-b0da-2389f409459f,1,"[1, 1, 0, 0, 0, 1, 0, 1, 0, 1, 0, 1]",1,1,1,,0.5,12
854,1bb1b038-8220-11f1-b0da-2389f409459f,1,"[1, 1, 0, 0, 0, 1, 0, 1, 0, 1, 0, 1]",2,0,0,,0.5,12
855,1bb1b038-8220-11f1-b0da-2389f409459f,1,"[1, 1, 0, 0, 0, 1, 0, 1, 0, 1, 0, 1]",3,0,0,,0.5,12
856,1bb1b038-8220-11f1-b0da-2389f409459f,1,"[1, 1, 0, 0, 0, 1, 0, 1, 0, 1, 0, 1]",4,0,0,,0.5,12
857,1bb1b038-8220-11f1-b0da-2389f409459f,1,"[1, 1, 0, 0, 0, 1, 0, 1, 0, 1, 0, 1]",5,1,1,,0.5,12
858,1bb1b038-8220-11f1-b0da-2389f409459f,1,"[1, 1, 0, 0, 0, 1, 0, 1, 0, 1, 0, 1]",6,0,0,,0.5,12
859,1bb1b038-8220-11f1-b0da-2389f409459f,1,"[1, 1, 0, 0, 0, 1, 0, 1, 0, 1, 0, 1]",7,1,1,,0.5,12
860,1bb1b038-8220-11f1-b0da-2389f409459f,1,"[1, 1, 0, 0, 0, 1, 0, 1, 0, 1, 0, 1]",8,0,0,,0.5,12
861,1bb1b038-8220-11f1-b0da-2389f409459f,1,"[1, 1, 0, 0, 0, 1, 0, 1, 0, 1, 0, 1]",9,1,1,,0.5,12
862,1bb1b038-8220-11f1-b0da-2389f409459f,1,"[1, 1, 0, 0, 0, 1, 0, 1, 0, 1, 0, 1]",10,0,0,,0.5,12
863,1bb1b038-8220-11f1-b0da-2389f409459f,1,"[1, 1, 0, 0, 0, 1, 0, 1, 0, 1, 0, 1]",11,1,1,,0.5,12
864,1bb1b038-8220-11f1-b0da-2389f409459f,2,"[0, 0, 0, 0, 1, 0, 0, 1, 1, 1, 1, 1]",0,0,0,,0.5,12
865,1bb1b038-8220-11f1-b0da-2389f409459f,2,"[0, 0, 0, 0, 1, 0, 0, 1, 1, 1, 1, 1]",1,0,0,,0.5,12
866,1bb1b038-8220-11f1-b0da-2389f409459f,2,"[0, 0, 0, 0, 1, 0, 0, 1, 1, 1, 1, 1]",2,0,0,,0.5,12
867,1bb1b038-8220-11f1-b0da-2389f409459f,2,"[0, 0, 0, 0, 1, 0, 0, 1, 1, 1, 1, 1]",3,0,0,,0.5,12
868,1bb1b038-8220-11f1-b0da-2389f409459f,2,"[0, 0, 0, 0, 1, 0, 0, 1, 1, 1, 1, 1]",4,1,1,,0.5,12
869,1bb1b038-8220-11f1-b0da-2389f409459f,2,"[0, 0, 0, 0, 1, 0, 0, 1, 1, 1, 1, 1]",5,0,0,,0.5,12
870,1bb1b038-8220-11f1-b0da-2389f409459f,2,"[0, 0, 0, 0, 1, 0, 0, 1, 1, 1, 1, 1]",6,0,0,,0.5,12
871,1bb1b038-8220-11f1-b0da-2389f409459f,2,"[0, 0, 0, 0, 1, 0, 0, 1, 1, 1, 1, 1]",7,1,1,,0.5,12
872,1bb1b038-8220-11f1-b0da-2389f409459f,2,"[0, 0, 0, 0, 1, 0, 0, 1, 1, 1, 1, 1]",8,1,1,,0.5,12
873,1bb1b038-8220-11f1-b0da-2389f409459f,2,"[0, 0, 0, 0, 1, 0, 0, 1, 1, 1, 1, 1]",9,1,1,,0.5,12
874,1bb1b038-8220-11f1-b0da-2389f409459f,2,"[0, 0, 0, 0, 1, 0, 0, 1, 1, 1, 1, 1]",10,1,1,,0.5,12
875,1bb1b038-8220-11f1-b0da-2389f409459f,2,"[0, 0, 0, 0, 1, 0, 0, 1, 1, 1, 1, 1]",11,1,1,,0.5,12
876,1bb1b038-8220-11f1-b0da-2389f409459f,3,"[0, 1, 1, 1, 0, 0, 0, 1, 1, 0, 1, 0]",0,0,0,,0.5,12
877,1bb1b038-8220-11f1-b0da-2389f409459f,3,"[0, 1, 1, 1, 0, 0, 0, 1, 1, 0, 1, 0]",1,1,1,,0.5,12
878,1bb1b038-8220-11f1-b0da-2389f409459f,3,"[0, 1, 1, 1, 0, 0, 0, 1, 1, 0, 1, 0]",2,1,1,,0.5,12
879,1bb1b038-8220-11f1-b0da-2389f409459f,3,"[0, 1, 1, 1, 0, 0, 0, 1, 1, 0, 1, 0]",3,1,1,,0.5,12
880,1bb1b038-8220-11f1-b0da-2389f409459f,3,"[0, 1, 1, 1, 0, 0, 0, 1, 1, 0, 1, 0]",4,0,0,,0.5,12
881,1bb1b038-8220-11f1-b0da-2389f409459f,3,"[0, 1, 1, 1, 0, 0, 0, 1, 1, 0, 1, 0]",5,0,0,,0.5,12
882,1bb1b038-8220-11f1-b0da-2389f409459f,3,"[0, 1, 1, 1, 0, 0, 0, 1, 1, 0, 1, 0]",6,0,0,,0.5,12
883,1bb1b038-8220-11f1-b0da-2389f409459f,3,"[0, 1, 1, 1, 0, 0, 0, 1, 1, 0, 1, 0]",7,1,1,,0.5,12
884,1bb1b038-8220-11f1-b0da-2389f409459f,3,"[0, 1, 1, 1, 0, 0, 0, 1, 1, 0, 1, 0]",8,1,1,,0.5,12
885,1bb1b038-8220-11f1-b0da-2389f409459f,3,"[0, 1, 1, 1, 0, 0, 0, 1, 1, 0, 1, 0]",9,0,0,,0.5,12
886,1bb1b038-8220-11f1-b0da-2389f409459f,3,"[0, 1, 1, 1, 0, 0, 0, 1, 1, 0, 1, 0]",10,1,1,,0.5,12
887,1bb1b038-8220-11f1-b0da-2389f409459f,3,"[0, 1, 1, 1, 0, 0, 0, 1, 1, 0, 1, 0]",11,0,0,,0.5,12
888,1bb1b038-8220-11f1-b0da-2389f409459f,4,"[0, 0, 0, 1, 0, 0, 0, 1, 1, 1, 0, 0]",0,0,0,,0.5,12
889,1bb1b038-8220-11f1-b0da-2389f409459f,4,"[0, 0, 0, 1, 0, 0, 0, 1, 1, 1, 0, 0]",1,0,0,,0.5,12
890,1bb1b038-8220-11f1-b0da-2389f409459f,4,"[0, 0, 0, 1, 0, 0, 0, 1, 1, 1, 0, 0]",2,0,0,,0.5,12
891,1bb1b038-8220-11f1-b0da-2389f409459f,4,"[0, 0, 0, 1, 0, 0, 0, 1, 1, 1, 0, 0]",3,1,1,,0.5,12
892,1bb1b038-8220-11f1-b0da-2389f409459f,4,"[0, 0, 0, 1, 0, 0, 0, 1, 1, 1, 0, 0]",4,0,0,,0.5,12
893,1bb1b038-8220-11f1-b0da-2389f409459f,4,"[0, 0, 0, 1, 0, 0, 0, 1, 1, 1, 0, 0]",5,0,0,,0.5,12
894,1bb1b038-8220-11f1-b0da-2389f409459f,4,"[0, 0, 0, 1, 0, 0, 0, 1, 1, 1, 0, 0]",6,0,0,,0.5,12
895,1bb1b038-8220-11f1-b0da-2389f409459f,4,"[0, 0, 0, 1, 0, 0, 0, 1, 1, 1, 0, 0]",7,1,1,,0.5,12
896,1bb1b038-8220-11f1-b0da-2389f409459f,4,"[0, 0, 0, 1, 0, 0, 0, 1, 1, 1, 0, 0]",8,1,1,,0.5,12
897,1bb1b038-8220-11f1-b0da-2389f409459f,4,"[0, 0, 0, 1, 0, 0, 0, 1, 1, 1, 0, 0]",9,1,1,,0.5,12
898,1bb1b038-8220-11f1-b0da-2389f409459f,4,"[0, 0, 0, 1, 0, 0, 0, 1, 1, 1, 0, 0]",10,0,0,,0.5,12
899,1bb1b038-8220-11f1-b0da-2389f409459f,4,"[0, 0, 0, 1, 0, 0, 0, 1, 1, 1, 0, 0]",11,0,0,,0.5,12
900,1bb1b038-8220-11f1-b0da-2389f409459f,5,"[0, 1, 1, 0, 0, 1, 0, 1, 1, 0, 0, 1]",0,0,0,,0.5,12
901,1bb1b038-8220-11f1-b0da-2389f409459f,5,"[0, 1, 1, 0, 0, 1, 0, 1, 1, 0, 0, 1]",1,1,1,,0.5,12
902,1bb1b038-8220-11f1-b0da-2389f409459f,5,"[0, 1, 1, 0, 0, 1, 0, 1, 1, 0, 0, 1]",2,1,1,,0.5,12
903,1bb1b038-8220-11f1-b0da-2389f409459f,5,"[0, 1, 1, 0, 0, 1, 0, 1, 1, 0, 0, 1]",3,0,0,,0.5,12
904,1bb1b038-8220-11f1-b0da-2389f409459f,5,"[0, 1, 1, 0, 0, 1, 0, 1, 1, 0, 0, 1]",4,0,0,,0.5,12
905,1bb1b038-8220-11f1-b0da-2389f409459f,5,"[0, 1, 1, 0, 0, 1, 0, 1, 1, 0, 0, 1]",5,1,1,,0.5,12
906,1bb1b038-8220-11f1-b0da-2389f409459f,5,"[0, 1, 1, 0, 0, 1, 0, 1, 1, 0, 0, 1]",6,0,0,,0.5,12
907,1bb1b038-8220-11f1-b0da-2389f409459f,5,"[0, 1, 1, 0, 0, 1, 0, 1, 1, 0, 0, 1]",7,1,1,,0.5,12
908,1bb1b038-8220-11f1-b0da-2389f409459f,5,"[0, 1, 1, 0, 0, 1, 0, 1, 1, 0, 0, 1]",8,1,1,,0.5,12
909,1bb1b038-8220-11f1-b0da-2389f409459f,5,"[0, 1, 1, 0, 0, 1, 0, 1, 1, 0, 0, 1]",9,0,0,,0.5,12
910,1bb1b038-8220-11f1-b0da-2389f409459f,5,"[0, 1, 1, 0, 0, 1, 0, 1, 1, 0, 0, 1]",10,0,0,,0.5,12
911,1bb1b038-8220-11f1-b0da-2389f409459f,5,"[0, 1, 1, 0, 0, 1, 0, 1, 1, 0, 0, 1]",11,1,1,,0.5,12
912,1bb1b038-8220-11f1-b0da-2389f409459f,6,"[1, 0, 0, 0, 1, 1, 1, 1, 0, 0, 0, 1]",0,1,1,,0.5,12
913,1bb1b038-8220-11f1-b0da-2389f409459f,6,"[1, 0, 0, 0, 1, 1, 1, 1, 0, 0, 0, 1]",1,0,0,,0.5,12
914,1bb1b038-8220-11f1-b0da-2389f409459f,6,"[1, 0, 0, 0, 1, 1, 1, 1, 0, 0, 0, 1]",2,0,0,,0.5,12
915,1bb1b038-8220-11f1-b0da-2389f409459f,6,"[1, 0, 0, 0, 1, 1, 1, 1, 0, 0, 0, 1]",3,0,0,,0.5,12
916,1bb1b038-8220-11f1-b0da-2389f409459f,6,"[1, 0, 0, 0, 1, 1, 1, 1, 0, 0, 0, 1]",4,1,1,,0.5,12
917,1bb1b038-8220-11f1-b0da-2389f409459f,6,"[1, 0, 0, 0, 1, 1, 1, 1, 0, 0, 0, 1]",5,1,1,,0.5,12
918,1bb1b038-8220-11f1-b0da-2389f409459f,6,"[1, 0, 0, 0, 1, 1, 1, 1, 0, 0, 0, 1]",6,1,1,,0.5,12
919,1bb1b038-8220-11f1-b0da-2389f409459f,6,"[1, 0, 0, 0, 1, 1, 1, 1, 0, 0, 0, 1]",7,1,1,,0.5,12
920,1bb1b038-8220-11f1-b0da-2389f409459f,6,"[1, 0, 0, 0, 1, 1, 1, 1, 0, 0, 0, 1]",8,0,0,,0.5,12
921,1bb1b038-8220-11f1-b0da-2389f409459f,6,"[1, 0, 0, 0, 1, 1, 1, 1, 0, 0, 0, 1]",9,0,0,,0.5,12
922,1bb1b038-8220-11f1-b0da-2389f409459f,6,"[1, 0, 0, 0, 1, 1, 1, 1, 0, 0, 0, 1]",10,0,0,,0.5,12
923,1bb1b038-8220-11f1-b0da-2389f409459f,6,"[1, 0, 0, 0, 1, 1, 1, 1, 0, 0, 0, 1]",11,1,1,,0.5,12
924,1bb1b038-8220-11f1-b0da-2389f409459f,7,"[0, 1, 1, 1, 0, 1, 0, 1, 1, 0, 1, 0]",0,0,0,,0.5,12
925,1bb1b038-8220-11f1-b0da-2389f409459f,7,"[0, 1, 1, 1, 0, 1, 0, 1, 1, 0, 1, 0]",1,1,-1,,0.5,12
926,1bb1b038-8220-11f1-b0da-2389f409459f,7,"[0, 1, 1, 1, 0, 1, 0, 1, 1, 0, 1, 0]",2,1,-1,,0.5,12
927,1bb1b038-8220-11f1-b0da-2389f409459f,7,"[0, 1, 1, 1, 0, 1, 0, 1, 1, 0, 1, 0]",3,1,-1,,0.5,12
928,1bb1b038-8220-11f1-b0da-2389f409459f,7,"[0, 1, 1, 1, 0, 1, 0, 1, 1, 0, 1, 0]",4,0,0,,0.5,12
929,1bb1b038-8220-11f1-b0da-2389f409459f,7,"[0, 1, 1, 1, 0, 1, 0, 1, 1, 0, 1, 0]",5,1,-1,,0.5,12
930,1bb1b038-8220-11f1-b0da-2389f409459f,7,"[0, 1, 1, 1, 0, 1, 0, 1, 1, 0, 1, 0]",6,0,0,,0.5,12
931,1bb1b038-8220-11f1-b0da-2389f409459f,7,"[0, 1, 1, 1, 0, 1, 0, 1, 1, 0, 1, 0]",7,1,-1,,0.5,12
932,1bb1b038-8220-11f1-b0da-2389f409459f,7,"[0, 1, 1, 1, 0, 1, 0, 1, 1, 0, 1, 0]",8,1,-1,,0.5,12
933,1bb1b038-8220-11f1-b0da-2389f409459f,7,"[0, 1, 1, 1, 0, 1, 0, 1, 1, 0, 1, 0]",9,0,0,,0.5,12
934,1bb1b038-8220-11f1-b0da-2389f409459f,7,"[0, 1, 1, 1, 0, 1, 0, 1, 1, 0, 1, 0]",10,1,-1,,0.5,12
935,1bb1b038-8220-11f1-b0da-2389f409459f,7,"[0, 1, 1, 1, 0, 1, 0, 1, 1, 0, 1, 0]",11,0,0,,0.5,12
936,1bb1b038-8220-11f1-b0da-2389f409459f,8,"[0, 1, 1, 1, 1, 1, 1, 1, 1, 1, 0, 1]",0,0,0,,0.5,12
937,1bb1b038-8220-11f1-b0da-2389f409459f,8,"[0, 1, 1, 1, 1, 1, 1, 1, 1, 1, 0, 1]",1,1,-1,,0.5,12
938,1bb1b038-8220-11f1-b0da-2389f409459f,8,"[0, 1, 1, 1, 1, 1, 1, 1, 1, 1, 0, 1]",2,1,-1,,0.5,12
939,1bb1b038-8220-11f1-b0da-2389f409459f,8,"[0, 1, 1, 1, 1, 1, 1, 1, 1, 1, 0, 1]",3,1,-1,,0.5,12
940,1bb1b038-8220-11f1-b0da-2389f409459f,8,"[0, 1, 1, 1, 1, 1, 1, 1, 1, 1, 0, 1]",4,1,-1,,0.5,12
941,1bb1b038-8220-11f1-b0da-2389f409459f,8,"[0, 1, 1, 1, 1, 1, 1, 1, 1, 1, 0, 1]",5,1,-1,,0.5,12
942,1bb1b038-8220-11f1-b0da-2389f409459f,8,"[0, 1, 1, 1, 1, 1, 1, 1, 1, 1, 0, 1]",6,1,-1,,0.5,12
943,1bb1b038-8220-11f1-b0da-2389f409459f,8,"[0, 1, 1, 1, 1, 1, 1, 1, 1, 1, 0, 1]",7,1,-1,,0.5,12
944,1bb1b038-8220-11f1-b0da-2389f409459f,8,"[0, 1, 1, 1, 1, 1, 1, 1, 1, 1, 0, 1]",8,1,-1,,0.5,12
945,1bb1b038-8220-11f1-b0da-2389f409459f,8,"[0, 1, 1, 1, 1, 1, 1, 1, 1, 1, 0, 1]",9,1,-1,,0.5,12
946,1bb1b038-8220-11f1-b0da-2389f409459f,8,"[0, 1, 1, 1, 1, 1, 1, 1, 1, 1, 0, 1]",10,0,0,,0.5,12
947,1bb1b038-8220-11f1-b0da-2389f409459f,8,"[0, 1, 1, 1, 1, 1, 1, 1, 1, 1, 0, 1]",11,1,-1,,0.5,12
948,1bb1b038-8220-11f1-b0da-2389f409459f,9,"[0, 0, 1, 0, 0, 1, 1, 1, 1, 0, 1, 0]",0,0,0,,0.5,12
949,1bb1b038-8220-11f1-b0da-2389f409459f,9,"[0, 0, 1, 0, 0, 1, 1, 1, 1, 0, 1, 0]",1,0,0,,0.5,12
950,1bb1b038-8220-11f1-b0da-2389f409459f,9,"[0, 0, 1, 0, 0, 1, 1, 1, 1, 0, 1, 0]",2,1,1,,0.5,12
951,1bb1b038-8220-11f1-b0da-2389f409459f,9,"[0, 0, 1, 0, 0, 1, 1, 1, 1, 0, 1, 0]",3,0,0,,0.5,12
952,1bb1b038-8220-11f1-b0da-2389f409459f,9,"[0, 0, 1, 0, 0, 1, 1, 1, 1, 0, 1, 0]",4,0,0,,0.5,12
953,1bb1b038-8220-11f1-b0da-2389f409459f,9,"[0, 0, 1, 0, 0, 1, 1, 1, 1, 0, 1, 0]",5,1,1,,0.5,12
954,1bb1b038-8220-11f1-b0da-2389f409459f,9,"[0, 0, 1, 0, 0, 1, 1, 1, 1, 0, 1, 0]",6,1,1,,0.5,12
955,1bb1b038-8220-11f1-b0da-2389f409459f,9,"[0, 0, 1, 0, 0, 1, 1, 1, 1, 0, 1, 0]",7,1,1,,0.5,12
956,1bb1b038-8220-11f1-b0da-2389f409459f,9,"[0, 0, 1, 0, 0, 1, 1, 1, 1, 0, 1, 0]",8,1,1,,0.5,12
957,1bb1b038-8220-11f1-b0da-2389f409459f,9,"[0, 0, 1, 0, 0, 1, 1, 1, 1, 0, 1, 0]",9,0,0,,0.5,12
958,1bb1b038-8220-11f1-b0da-2389f409459f,9,"[0, 0, 1, 0, 0, 1, 1, 1, 1, 0, 1, 0]",10,1,1,,0.5,12
959,1bb1b038-8220-11f1-b0da-2389f409459f,9,"[0, 0, 1, 0, 0, 1, 1, 1, 1, 0, 1, 0]",11,0,0,,0.5,12
960,1bb32990-8220-11f1-b0da-2389f409459f,0,"[1, 0, 1, 0, 1, 1, 0, 1, 0, 0, 1, 0]",0,1,1,,0.5,12
961,1bb32990-8220-11f1-b0da-2389f409459f,0,"[1, 0, 1, 0, 1, 1, 0, 1, 0, 0, 1, 0]",1,0,0,,0.5,12
962,1bb32990-8220-11f1-b0da-2389f409459f,0,"[1, 0, 1, 0, 1, 1, 0, 1, 0, 0, 1, 0]",2,1,1,,0.5,12
963,1bb32990-8220-11f1-b0da-2389f409459f,0,"[1, 0, 1, 0, 1, 1, 0, 1, 0, 0, 1, 0]",3,0,0,,0.5,12
964,1bb32990-8220-11f1-b0da-2389f409459f,0,"[1, 0, 1, 0, 1, 1, 0, 1, 0, 0, 1, 0]",4,1,1,,0.5,12
965,1bb32990-8220-11f1-b0da-2389f409459f,0,"[1, 0, 1, 0, 1, 1, 0, 1, 0, 0, 1, 0]",5,1,1,,0.5,12
966,1bb32990-8220-11f1-b0da-2389f409459f,0,"[1, 0, 1, 0, 1, 1, 0, 1, 0, 0, 1, 0]",6,0,0,,0.5,12
967,1bb32990-8220-11f1-b0da-2389f409459f,0,"[1, 0, 1, 0, 1, 1, 0, 1, 0, 0, 1, 0]",7,1,1,,0.5,12
968,1bb32990-8220-11f1-b0da-2389f409459f,0,"[1, 0, 1, 0, 1, 1, 0, 1, 0, 0, 1, 0]",8,0,0,,0.5,12
969,1bb32990-8220-11f1-b0da-2389f409459f,0,"[1, 0, 1, 0, 1, 1, 0, 1, 0, 0, 1, 0]",9,0,0,,0.5,12
970,1bb32990-8220-11f1-b0da-2389f409459f,0,"[1, 0, 1, 0, 1, 1, 0, 1, 0, 0, 1, 0]",10,1,1,,0.5,12
971,1bb32990-8220-11f1-b0da-2389f409459f,0,"[1, 0, 1, 0, 1, 1, 0, 1, 0, 0, 1, 0]",11,0,0,,0.5,12
972,1bb32990-8220-11f1-b0da-2389f409459f,1,"[0, 1, 1, 1, 0, 0, 1, 0, 1, 0, 1, 0]",0,0,0,,0.5,12
973,1bb32990-8220-11f1-b0da-2389f409459f,1,"[0, 1, 1, 1, 0, 0, 1, 0, 1, 0, 1, 0]",1,1,1,,0.5,12
974,1bb32990-8220-11f1-b0da-2389f409459f,1,"[0, 1, 1, 1, 0, 0, 1, 0, 1, 0, 1, 0]",2,1,1,,0.5,12
975,1bb32990-8220-11f1-b0da-2389f409459f,1,"[0, 1, 1, 1, 0, 0, 1, 0, 1, 0, 1, 0]",3,1,1,,0.5,12
976,1bb32990-8220-11f1-b0da-2389f409459f,1,"[0, 1, 1, 1, 0, 0, 1, 0, 1, 0, 1, 0]",4,0,0,,0.5,12
977,1bb32990-8220-11f1-b0da-2389f409459f,1,"[0, 1, 1, 1, 0, 0, 1, 0, 1, 0, 1, 0]",5,0,0,,0.5,12
978,1bb32990-8220-11f1-b0da-2389f409459f,1,"[0, 1, 1, 1, 0, 0, 1, 0, 1, 0, 1, 0]",6,1,1,,0.5,12
979,1bb32990-8220-11f1-b0da-2389f409459f,1,"[0, 1, 1, 1, 0, 0, 1, 0, 1, 0, 1, 0]",7,0,0,,0.5,12
980,1bb32990-8220-11f1-b0da-2389f409459f,1,"[0, 1, 1, 1, 0, 0, 1, 0, 1, 0, 1, 0]",8,1,1,,0.5,12
981,1bb32990-8220-11f1-b0da-2389f409459f,1,"[0, 1, 1, 1, 0, 0, 1, 0, 1, 0, 1, 0]",9,0,0,,0.5,12
982,1bb32990-8220-11f1-b0da-2389f409459f,1,"[0, 1, 1, 1, 0, 0, 1, 0, 1, 0, 1, 0]",10,1,1,,0.5,12
983,1bb32990-8220-11f1-b0da-2389f409459f,1,"[0, 1, 1, 1, 0, 0, 1, 0, 1, 0, 1, 0]",11,0,0,,0.5,12
984,1bb32990-8220-11f1-b0da-2389f409459f,2,"[0, 0, 1, 1, 0, 1, 0, 0, 0, 0, 1, 0]",0,0,0,,0.5,12
985,1bb32990-8220-11f1-b0da-2389f409459f,2,"[0, 0, 1, 1, 0, 1, 0, 0, 0, 0, 1, 0]",1,0,0,,0.5,12
986,1bb32990-8220-11f1-b0da-2389f409459f,2,"[0, 0, 1, 1, 0, 1, 0, 0, 0, 0, 1, 0]",2,1,1,,0.5,12
987,1bb32990-8220-11f1-b0da-2389f409459f,2,"[0, 0, 1, 1, 0, 1, 0, 0, 0, 0, 1, 0]",3,1,1,,0.5,12
988,1bb32990-8220-11f1-b0da-2389f409459f,2,"[0, 0, 1, 1, 0, 1, 0, 0, 0, 0, 1, 0]",4,0,0,,0.5,12
989,1bb32990-8220-11f1-b0da-2389f409459f,2,"[0, 0, 1, 1, 0, 1, 0, 0, 0, 0, 1, 0]",5,1,1,,0.5,12
990,1bb32990-8220-11f1-b0da-2389f409459f,2,"[0, 0, 1, 1, 0, 1, 0, 0, 0, 0, 1, 0]",6,0,0,,0.5,12
991,1bb32990-8220-11f1-b0da-2389f409459f,2,"[0, 0, 1, 1, 0, 1, 0, 0, 0, 0, 1, 0]",7,0,0,,0.5,12
992,1bb32990-8220-11f1-b0da-2389f409459f,2,"[0, 0, 1, 1, 0, 1, 0, 0, 0, 0, 1, 0]",8,0,0,,0.5,12
993,1bb32990-8220-11f1-b0da-2389f409459f,2,"[0, 0, 1, 1, 0, 1, 0, 0, 0, 0, 1, 0]",9,0,0,,0.5,12
994,1bb32990-8220-11f1-b0da-2389f409459f,2,"[0, 0, 1, 1, 0, 1, 0, 0, 0, 0, 1, 0]",10,1,1,,0.5,12
995,1bb32990-8220-11f1-b0da-2389f409459f,2,"[0, 0, 1, 1, 0, 1, 0, 0, 0, 0, 1, 0]",11,0,0,,0.5,12
996,1bb32990-8220-11f1-b0da-2389f409459f,3,"[1, 0, 0, 0, 0, 0, 1, 0, 0, 1, 0, 1]",0,1,1,,0.5,12
997,1bb32990-8220-11f1-b0da-2389f409459f,3,"[1, 0, 0, 0, 0, 0, 1, 0, 0, 1, 0, 1]",1,0,0,,0.5,12
998,1bb32990-8220-11f1-b0da-2389f409459f,3,"[1, 0, 0, 0, 0, 0, 1, 0, 0, 1, 0, 1]",2,0,0,,0.5,12
999,1bb32990-8220-11f1-b0da-2389f409459f,3,"[1, 0, 0, 0, 0, 0, 1, 0, 0, 1, 0, 1]",3,0,0,,0.5,12
1000,1bb32990-8220-11f1-b0da-2389f409459f,3,"[1, 0, 0, 0, 0, 0, 1, 0, 0, 1, 0, 1]",4,0,0,,0.5,12
1001,1bb32990-8220-11f1-b0da-2389f409459f,3,"[1, 0, 0, 0, 0, 0, 1, 0, 0, 1, 0, 1]",5,0,0,,0.5,12
1002,1bb32990-8220-11f1-b0da-2389f409459f,3,"[1, 0, 0, 0, 0, 0, 1, 0, 0, 1, 0, 1]",6,1,1,,0.5,12
1003,1bb32990-8220-11f1-b0da-2389f409459f,3,"[1, 0, 0, 0, 0, 0, 1, 0, 0, 1, 0, 1]",7,0,0,,0.5,12
1004,1bb32990-8220-11f1-b0da-2389f409459f,3,"[1, 0, 0, 0, 0, 0, 1, 0, 0, 1, 0, 1]",8,0,0,,0.5,12
1005,1bb32990-8220-11f1-b0da-2389f409459f,3,"[1, 0, 0, 0, 0, 0, 1, 0, 0, 1, 0, 1]",9,1,1,,0.5,12
1006,1bb32990-8220-11f1-b0da-2389f409459f,3,"[1, 0, 0, 0, 0, 0, 1, 0, 0, 1, 0, 1]",10,0,0,,0.5,12
1007,1bb32990-8220-11f1-b0da-2389f409459f,3,"[1, 0, 0, 0, 0, 0, 1, 0, 0, 1, 0, 1]",11,1,1,,0.5,12
1008,1bb32990-8220-11f1-b0da-2389f409459f,4,"[1, 0, 0, 1, 1, 1, 1, 0, 0, 0, 0, 0]",0,1,1,,0.5,12
1009,1bb32990-8220-11f1-b0da-2389f409459f,4,"[1, 0, 0, 1, 1, 1, 1, 0, 0, 0, 0, 0]",1,0,0,,0.5,12
1010,1bb32990-8220-11f1-b0da-2389f409459f,4,"[1, 0, 0, 1, 1, 1, 1, 0, 0, 0, 0, 0]",2,0,0,,0.5,12
1011,1bb32990-8220-11f1-b0da-2389f409459f,4,"[1, 0, 0, 1, 1, 1, 1, 0, 0, 0, 0, 0]",3,1,1,,0.5,12
1012,1bb32990-8220-11f1-b0da-2389f409459f,4,"[1, 0, 0, 1, 1, 1, 1, 0, 0, 0, 0, 0]",4,1,1,,0.5,12
1013,1bb32990-8220-11f1-b0da-2389f409459f,4,"[1, 0, 0, 1, 1, 1, 1, 0, 0, 0, 0, 0]",5,1,1,,0.5,12
1014,1bb32990-8220-11f1-b0da-2389f409459f,4,"[1, 0, 0, 1, 1, 1, 1, 0, 0, 0, 0, 0]",6,1,1,,0.5,12
1015,1bb32990-8220-11f1-b0da-2389f409459f,4,"[1, 0, 0, 1, 1, 1, 1, 0, 0, 0, 0, 0]",7,0,0,,0.5,12
1016,1bb32990-8220-11f1-b0da-2389f409459f,4,"[1, 0, 0, 1, 1, 1, 1, 0, 0, 0, 0, 0]",8,0,0,,0.5,12
1017,1bb32990-8220-11f1-b0da-2389f409459f,4,"[1, 0, 0, 1, 1, 1, 1, 0, 0, 0, 0, 0]",9,0,0,,0.5,12
1018,1bb32990-8220-11f1-b0da-2389f409459f,4,"[1, 0, 0, 1, 1, 1, 1, 0, 0, 0, 0, 0]",10,0,0,,0.5,12
1019,1bb32990-8220-11f1-b0da-2389f409459f,4,"[1, 0, 0, 1, 1, 1, 1, 0, 0, 0, 0, 0]",11,0,0,,0.5,12
1020,1bb32990-8220-11f1-b0da-2389f409459f,5,"[1, 0, 0, 1, 0, 0, 1, 1, 1, 1, 0, 0]",0,1,1,,0.5,12
1021,1bb32990-8220-11f1-b0da-2389f409459f,5,"[1, 0, 0, 1, 0, 0, 1, 1, 1, 1, 0, 0]",1,0,0,,0.5,12
1022,1bb32990-8220-11f1-b0da-2389f409459f,5,"[1, 0, 0, 1, 0, 0, 1, 1, 1, 1, 0, 0]",2,0,0,,0.5,12
1023,1bb32990-8220-11f1-b0da-2389f409459f,5,"[1, 0, 0, 1, 0, 0, 1, 1, 1, 1, 0, 0]",3,1,1,,0.5,12
1024,1bb32990-8220-11f1-b0da-2389f409459f,5,"[1, 0, 0, 1, 0, 0, 1, 1, 1, 1, 0, 0]",4,0,0,,0.5,12
1025,1bb32990-8220-11f1-b0da-2389f409459f,5,"[1, 0, 0, 1, 0, 0, 1, 1, 1, 1, 0, 0]",5,0,0,,0.5,12
1026,1bb32990-8220-11f1-b0da-2389f409459f,5,"[1, 0, 0, 1, 0, 0, 1, 1, 1, 1, 0, 0]",6,1,1,,0.5,12
1027,1bb32990-8220-11f1-b0da-2389f409459f,5,"[1, 0, 0, 1, 0, 0, 1, 1, 1, 1, 0, 0]",7,1,1,,0.5,12
1028,1bb32990-8220-11f1-b0da-2389f409459f,5,"[1, 0, 0, 1, 0, 0, 1, 1, 1, 1, 0, 0]",8,1,1,,0.5,12
1029,1bb32990-8220-11f1-b0da-2389f409459f,5,"[1, 0, 0, 1, 0, 0, 1, 1, 1, 1, 0, 0]",9,1,1,,0.5,12
1030,1bb32990-8220-11f1-b0da-2389f409459f,5,"[1, 0, 0, 1, 0, 0, 1, 1, 1, 1, 0, 0]",10,0,0,,0.5,12
1031,1bb32990-8220-11f1-b0da-2389f409459f,5,"[1, 0, 0, 1, 0, 0, 1, 1, 1, 1, 0, 0]",11,0,0,,0.5,12
1032,1bb32990-8220-11f1-b0da-2389f409459f,6,"[0, 1, 0, 1, 0, 1, 1, 0, 0, 1, 1, 1]",0,0,0,,0.5,12
1033,1bb32990-8220-11f1-b0da-2389f409459f,6,"[0, 1, 0, 1, 0, 1, 1, 0, 0, 1, 1, 1]",1,1,-1,,0.5,12
1034,1bb32990-8220-11f1-b0da-2389f409459f,6,"[0, 1, 0, 1, 0, 1, 1, 0, 0, 1, 1, 1]",2,0,0,,0.5,12
1035,1bb32990-8220-11f1-b0da-2389f409459f,6,"[0, 1, 0, 1, 0, 1, 1, 0, 0, 1, 1, 1]",3,1,-1,,0.5,12
1036,1bb32990-8220-11f1-b0da-2389f409459f,6,"[0, 1, 0, 1, 0, 1, 1, 0, 0, 1, 1, 1]",4,0,0,,0.5,12
1037,1bb32990-8220-11f1-b0da-2389f409459f,6,"[0, 1, 0, 1, 0, 1, 1, 0, 0, 1, 1, 1]",5,1,-1,,0.5,12
1038,1bb32990-8220-11f1-b0da-2389f409459f,6,"[0, 1, 0, 1, 0, 1, 1, 0, 0, 1, 1, 1]",6,1,-1,,0.5,12
1039,1bb32990-8220-11f1-b0da-2389f409459f,6,"[0, 1, 0, 1, 0, 1, 1, 0, 0, 1, 1, 1]",7,0,0,,0.5,12
1040,1bb32990-8220-11f1-b0da-2389f409459f,6,"[0, 1, 0, 1, 0, 1, 1, 0, 0, 1, 1, 1]",8,0,0,,0.5,12
1041,1bb32990-8220-11f1-b0da-2389f409459f,6,"[0, 1, 0, 1, 0, 1, 1, 0, 0, 1, 1, 1]",9,1,-1,,0.5,12
1042,1bb32990-8220-11f1-b0da-2389f409459f,6,"[0, 1, 0, 1, 0, 1, 1, 0, 0, 1, 1, 1]",10,1,-1,,0.5,12
1043,1bb32990-8220-11f1-b0da-2389f409459f,6,"[0, 1, 0, 1, 0, 1, 1, 0, 0, 1, 1, 1]",11,1,-1,,0.5,12
1044,1bb32990-8220-11f1-b0da-2389f409459f,7,"[0, 1, 1, 1, 0, 0, 0, 0, 1, 1, 0, 1]",0,0,0,,0.5,12
1045,1bb32990-8220-11f1-b0da-2389f409459f,7,"[0, 1, 1, 1, 0, 0, 0, 0, 1, 1, 0, 1]",1,1,1,,0.5,12
1046,1bb32990-8220-11f1-b0da-2389f409459f,7,"[0, 1, 1, 1, 0, 0, 0, 0, 1, 1, 0, 1]",2,1,1,,0.5,12
1047,1bb32990-8220-11f1-b0da-2389f409459f,7,"[0, 1, 1, 1, 0, 0, 0, 0, 1, 1, 0, 1]",3,1,1,,0.5,12
1048,1bb32990-8220-11f1-b0da-2389f409459f,7,"[0, 1, 1, 1, 0, 0, 0, 0, 1, 1, 0, 1]",4,0,0,,0.5,12
1049,1bb32990-8220-11f1-b0da-2389f409459f,7,"[0, 1, 1, 1, 0, 0, 0, 0, 1, 1, 0, 1]",5,0,0,,0.5,12
1050,1bb32990-8220-11f1-b0da-2389f409459f,7,"[0, 1, 1, 1, 0, 0, 0, 0, 1, 1, 0, 1]",6,0,0,,0.5,12
1051,1bb32990-8220-11f1-b0da-2389f409459f,7,"[0, 1, 1, 1, 0, 0, 0, 0, 1, 1, 0, 1]",7,0,0,,0.5,12
1052,1bb32990-8220-11f1-b0da-2389f409459f,7,"[0, 1, 1, 1, 0, 0, 0, 0, 1, 1, 0, 1]",8,1,1,,0.5,12
1053,1bb32990-8220-11f1-b0da-2389f409459f,7,"[0, 1, 1, 1, 0, 0, 0, 0, 1, 1, 0, 1]",9,1,1,,0.5,12
1054,1bb32990-8220-11f1-b0da-2389f409459f,7,"[0, 1, 1, 1, 0, 0, 0, 0, 1, 1, 0, 1]",10,0,0,,0.5,12
1055,1bb32990-8220-11f1-b0da-2389f409459f,7,"[0, 1, 1, 1, 0, 0, 0, 0, 1, 1, 0, 1]",11,1,1,,0.5,12
1056,1bb32990-8220-11f1-b0da-2389f409459f,8,"[0, 1, 1, 1, 0, 1, 1, 0, 1, 0, 0, 1]",0,0,0,,0.5,12
1057,1bb32990-8220-11f1-b0da-2389f409459f,8,"[0, 1, 1, 1, 0, 1, 1, 0, 1, 0, 0, 1]",1,1,-1,,0.5,12
1058,1bb32990-8220-11f1-b0da-2389f409459f,8,"[0, 1, 1, 1, 0, 1, 1, 0, 1, 0, 0, 1]",2,1,-1,,0.5,12
1059,1bb32990-8220-11f1-b0da-2389f409459f,8,"[0, 1, 1, 1, 0, 1, 1, 0, 1, 0, 0, 1]",3,1,-1,,0.5,12
1060,1bb32990-8220-11f1-b0da-2389f409459f,8,"[0, 1, 1, 1, 0, 1, 1, 0, 1, 0, 0, 1]",4,0,0,,0.5,12
1061,1bb32990-8220-11f1-b0da-2389f409459f,8,"[0, 1, 1, 1, 0, 1, 1, 0, 1, 0, 0, 1]",5,1,-1,,0.5,12
1062,1bb32990-8220-11f1-b0da-2389f409459f,8,"[0, 1, 1, 1, 0, 1, 1, 0, 1, 0, 0, 1]",6,1,-1,,0.5,12
1063,1bb32990-8220-11f1-b0da-2389f409459f,8,"[0, 1, 1, 1, 0, 1, 1, 0, 1, 0, 0, 1]",7,0,0,,0.5,12
1064,1bb32990-8220-11f1-b0da-2389f409459f,8,"[0, 1, 1, 1, 0, 1, 1, 0, 1, 0, 0, 1]",8,1,-1,,0.5,12
1065,1bb32990-8220-11f1-b0da-2389f409459f,8,"[0, 1, 1, 1, 0, 1, 1, 0, 1, 0, 0, 1]",9,0,0,,0.5,12
1066,1bb32990-8220-11f1-b0da-2389f409459f,8,"[0, 1, 1, 1, 0, 1, 1, 0, 1, 0, 0, 1]",10,0,0,,0.5,12
1067,1bb32990-8220-11f1-b0da-2389f409459f,8,"[0, 1, 1, 1, 0, 1, 1, 0, 1, 0, 0, 1]",11,1,-1,,0.5,12
1068,1bb32990-8220-11f1-b0da-2389f409459f,9,"[0, 1, 0, 1, 0, 0, 1, 1, 0, 0, 1, 0]",0,0,0,,0.5,12
1069,1bb32990-8220-11f1-b0da-2389f409459f,9,"[0, 1, 0, 1, 0, 0, 1, 1, 0, 0, 1, 0]",1,1,1,,0.5,12
1070,1bb32990-8220-11f1-b0da-2389f409459f,9,"[0, 1, 0, 1, 0, 0, 1, 1, 0, 0, 1, 0]",2,0,0,,0.5,12
1071,1bb32990-8220-11f1-b0da-2389f409459f,9,"[0, 1, 0, 1, 0, 0, 1, 1, 0, 0, 1, 0]",3,1,1,,0.5,12
1072,1bb32990-8220-11f1-b0da-2389f409459f,9,"[0, 1, 0, 1, 0, 0, 1, 1, 0, 0, 1, 0]",4,0,0,,0.5,12
1073,1bb32990-8220-11f1-b0da-2389f409459f,9,"[0, 1, 0, 1, 0, 0, 1, 1, 0, 0, 1, 0]",5,0,0,,0.5,12
1074,1bb32990-8220-11f1-b0da-2389f409459f,9,"[0, 1, 0, 1, 0, 0, 1, 1, 0, 0, 1, 0]",6,1,1,,0.5,12
1075,1bb32990-8220-11f1-b0da-2389f409459f,9,"[0, 1, 0, 1, 0, 0, 1, 1, 0, 0, 1, 0]",7,1,1,,0.5,12
1076,1bb32990-8220-11f1-b0da-2389f409459f,9,"[0, 1, 0, 1, 0, 0, 1, 1, 0, 0, 1, 0]",8,0,0,,0.5,12
1077,1bb32990-8220-11f1-b0da-2389f409459f,9,"[0, 1, 0, 1, 0, 0, 1, 1, 0, 0, 1, 0]",9,0,0,,0.5,12
1078,1bb32990-8220-11f1-b0da-2389f409459f,9,"[0, 1, 0, 1, 0, 0, 1, 1, 0, 0, 1, 0]",10,1,1,,0.5,12
1079,1bb32990-8220-11f1-b0da-2389f409459f,9,"[0, 1, 0, 1, 0, 0, 1, 1, 0, 0, 1, 0]",11,0,0,,0.5,12
1080,1bb42d54-8220-11f1-b0da-2389f409459f,0,"[0, 1, 0, 0, 1, 1, 0, 1, 1, 1, 0, 0]",0,0,0,,0.5,12
1081,1bb42d54-8220-11f1-b0da-2389f409459f,0,"[0, 1, 0, 0, 1, 1, 0, 1, 1, 1, 0, 0]",1,1,1,,0.5,12
1082,1bb42d54-8220-11f1-b0da-2389f409459f,0,"[0, 1, 0, 0, 1, 1, 0, 1, 1, 1, 0, 0]",2,0,0,,0.5,12
1083,1bb42d54-8220-11f1-b0da-2389f409459f,0,"[0, 1, 0, 0, 1, 1, 0, 1, 1, 1, 0, 0]",3,0,0,,0.5,12
1084,1bb42d54-8220-11f1-b0da-2389f409459f,0,"[0, 1, 0, 0, 1, 1, 0, 1, 1, 1, 0, 0]",4,1,1,,0.5,12
1085,1bb42d54-8220-11f1-b0da-2389f409459f,0,"[0, 1, 0, 0, 1, 1, 0, 1, 1, 1, 0, 0]",5,1,1,,0.5,12
1086,1bb42d54-8220-11f1-b0da-2389f409459f,0,"[0, 1, 0, 0, 1, 1, 0, 1, 1, 1, 0, 0]",6,0,0,,0.5,12
1087,1bb42d54-8220-11f1-b0da-2389f409459f,0,"[0, 1, 0, 0, 1, 1, 0, 1, 1, 1, 0, 0]",7,1,1,,0.5,12
1088,1bb42d54-8220-11f1-b0da-2389f409459f,0,"[0, 1, 0, 0, 1, 1, 0, 1, 1, 1, 0, 0]",8,1,1,,0.5,12
1089,1bb42d54-8220-11f1-b0da-2389f409459f,0,"[0, 1, 0, 0, 1, 1, 0, 1, 1, 1, 0, 0]",9,1,1,,0.5,12
1090,1bb42d54-8220-11f1-b0da-2389f409459f,0,"[0, 1, 0, 0, 1, 1, 0, 1, 1, 1, 0, 0]",10,0,0,,0.5,12
1091,1bb42d54-8220-11f1-b0da-2389f409459f,0,"[0, 1, 0, 0, 1, 1, 0, 1, 1, 1, 0, 0]",11,0,0,,0.5,12
1092,1bb42d54-8220-11f1-b0da-2389f409459f,1,"[0, 1, 0, 0, 1, 0, 0, 0, 0, 0, 1, 1]",0,0,0,,0.5,12
1093,1bb42d54-8220-11f1-b0da-2389f409459f,1,"[0, 1, 0, 0, 1, 0, 0, 0, 0, 0, 1, 1]",1,1,1,,0.5,12
1094,1bb42d54-8220-11f1-b0da-2389f409459f,1,"[0, 1, 0, 0, 1, 0, 0, 0, 0, 0, 1, 1]",2,0,0,,0.5,12
1095,1bb42d54-8220-11f1-b0da-2389f409459f,1,"[0, 1, 0, 0, 1, 0, 0, 0, 0, 0, 1, 1]",3,0,0,,0.5,12
1096,1bb42d54-8220-11f1-b0da-2389f409459f,1,"[0, 1, 0, 0, 1, 0, 0, 0, 0, 0, 1, 1]",4,1,1,,0.5,12
1097,1bb42d54-8220-11f1-b0da-2389f409459f,1,"[0, 1, 0, 0, 1, 0, 0, 0, 0, 0, 1, 1]",5,0,0,,0.5,12
1098,1bb42d54-8220-11f1-b0da-2389f409459f,1,"[0, 1, 0, 0, 1, 0, 0, 0, 0, 0, 1, 1]",6,0,0,,0.5,12
1099,1bb42d54-8220-11f1-b0da-2389f409459f,1,"[0, 1, 0, 0, 1, 0, 0, 0, 0, 0, 1, 1]",7,0,0,,0.5,12
1100,1bb42d54-8220-11f1-b0da-2389f409459f,1,"[0, 1, 0, 0, 1, 0, 0, 0, 0, 0, 1, 1]",8,0,0,,0.5,12
1101,1bb42d54-8220-11f1-b0da-2389f409459f,1,"[0, 1, 0, 0, 1, 0, 0, 0, 0, 0, 1, 1]",9,0,0,,0.5,12
1102,1bb42d54-8220-11f1-b0da-2389f409459f,1,"[0, 1, 0, 0, 1, 0, 0, 0, 0, 0, 1, 1]",10,1,1,,0.5,12
1103,1bb42d54-8220-11f1-b0da-2389f409459f,1,"[0, 1, 0, 0, 1, 0, 0, 0, 0, 0, 1, 1]",11,1,1,,0.5,12
1104,1bb42d54-8220-11f1-b0da-2389f409459f,2,"[1, 0, 0, 0, 1, 0, 0, 1, 0, 0, 1, 1]",0,1,1,,0.5,12
1105,1bb42d54-8220-11f1-b0da-2389f409459f,2,"[1, 0, 0, 0, 1, 0, 0, 1, 0, 0, 1, 1]",1,0,0,,0.5,12
1106,1bb42d54-8220-11f1-b0da-2389f409459f,2,"[1, 0, 0, 0, 1, 0, 0, 1, 0, 0, 1, 1]",2,0,0,,0.5,12
1107,1bb42d54-8220-11f1-b0da-2389f409459f,2,"[1, 0, 0, 0, 1, 0, 0, 1, 0, 0, 1, 1]",3,0,0,,0.5,12
1108,1bb42d54-8220-11f1-b0da-2389f409459f,2,"[1, 0, 0, 0, 1, 0, 0, 1, 0, 0, 1, 1]",4,1,1,,0.5,12
1109,1bb42d54-8220-11f1-b0da-2389f409459f,2,"[1, 0, 0, 0, 1, 0, 0, 1, 0, 0, 1, 1]",5,0,0,,0.5,12
1110,1bb42d54-8220-11f1-b0da-2389f409459f,2,"[1, 0, 0, 0, 1, 0, 0, 1, 0, 0, 1, 1]",6,0,0,,0.5,12
1111,1bb42d54-8220-11f1-b0da-2389f409459f,2,"[1, 0, 0, 0, 1, 0, 0, 1, 0, 0, 1, 1]",7,1,1,,0.5,12
1112,1bb42d54-8220-11f1-b0da-2389f409459f,2,"[1, 0, 0, 0, 1, 0, 0, 1, 0, 0, 1, 1]",8,0,0,,0.5,12
1113,1bb42d54-8220-11f1-b0da-2389f409459f,2,"[1, 0, 0, 0, 1, 0, 0, 1, 0, 0, 1, 1]",9,0,0,,0.5,12
1114,1bb42d54-8220-11f1-b0da-2389f409459f,2,"[1, 0, 0, 0, 1, 0, 0, 1, 0, 0, 1, 1]",10,1,1,,0.5,12
1115,1bb42d54-8220-11f1-b0da-2389f409459f,2,"[1, 0, 0, 0, 1, 0, 0, 1, 0, 0, 1, 1]",11,1,1,,0.5,12
1116,1bb42d54-8220-11f1-b0da-2389f409459f,3,"[0, 0, 0, 1, 0, 0, 1, 1, 0, 1, 1, 1]",0,0,0,,0.5,12
1117,1bb42d54-8220-11f1-b0da-2389f409459f,3,"[0, 0, 0, 1, 0, 0, 1, 1, 0, 1, 1, 1]",1,0,0,,0.5,12
1118,1bb42d54-8220-11f1-b0da-2389f409459f,3,"[0, 0, 0, 1, 0, 0, 1, 1, 0, 1, 1, 1]",2,0,0,,0.5,12
1119,1bb42d54-8220-11f1-b0da-2389f409459f,3,"[0, 0, 0, 1, 0, 0, 1, 1, 0, 1, 1, 1]",3,1,1,,0.5,12
1120,1bb42d54-8220-11f1-b0da-2389f409459f,3,"[0, 0, 0, 1, 0, 0, 1, 1, 0, 1, 1, 1]",4,0,0,,0.5,12
1121,1bb42d54-8220-11f1-b0da-2389f409459f,3,"[0, 0, 0, 1, 0, 0, 1, 1, 0, 1, 1, 1]",5,0,0,,0.5,12
1122,1bb42d54-8220-11f1-b0da-2389f409459f,3,"[0, 0, 0, 1, 0, 0, 1, 1, 0, 1, 1, 1]",6,1,1,,0.5,12
1123,1bb42d54-8220-11f1-b0da-2389f409459f,3,"[0, 0, 0, 1, 0, 0, 1, 1, 0, 1, 1, 1]",7,1,1,,0.5,12
1124,1bb42d54-8220-11f1-b0da-2389f409459f,3,"[0, 0, 0, 1, 0, 0, 1, 1, 0, 1, 1, 1]",8,0,0,,0.5,12
1125,1bb42d54-8220-11f1-b0da-2389f409459f,3,"[0, 0, 0, 1, 0, 0, 1, 1, 0, 1, 1, 1]",9,1,1,,0.5,12
1126,1bb42d54-8220-11f1-b0da-2389f409459f,3,"[0, 0, 0, 1, 0, 0, 1, 1, 0, 1, 1, 1]",10,1,1,,0.5,12
1127,1bb42d54-8220-11f1-b0da-2389f409459f,3,"[0, 0, 0, 1, 0, 0, 1, 1, 0, 1, 1, 1]",11,1,1,,0.5,12
1128,1bb42d54-8220-11f1-b0da-2389f409459f,4,"[1, 0, 0, 1, 1, 1, 1, 0, 0, 0, 1, 0]",0,1,1,,0.5,12
1129,1bb42d54-8220-11f1-b0da-2389f409459f,4,"[1, 0, 0, 1, 1, 1, 1, 0, 0, 0, 1, 0]",1,0,0,,0.5,12
1130,1bb42d54-8220-11f1-b0da-2389f409459f,4,"[1, 0, 0, 1, 1, 1, 1, 0, 0, 0, 1, 0]",2,0,0,,0.5,12
1131,1bb42d54-8220-11f1-b0da-2389f409459f,4,"[1, 0, 0, 1, 1, 1, 1, 0, 0, 0, 1, 0]",3,1,1,,0.5,12
1132,1bb42d54-8220-11f1-b0da-2389f409459f,4,"[1, 0, 0, 1, 1, 1, 1, 0, 0, 0, 1, 0]",4,1,1,,0.5,12
1133,1bb42d54-8220-11f1-b0da-2389f409459f,4,"[1, 0, 0, 1, 1, 1, 1, 0, 0, 0, 1, 0]",5,1,1,,0.5,12
1134,1bb42d54-8220-11f1-b0da-2389f409459f,4,"[1, 0, 0, 1, 1, 1, 1, 0, 0, 0, 1, 0]",6,1,1,,0.5,12
1135,1bb42d54-8220-11f1-b0da-2389f409459f,4,"[1, 0, 0, 1, 1, 1, 1, 0, 0, 0, 1, 0]",7,0,0,,0.5,12
1136,1bb42d54-8220-11f1-b0da-2389f409459f,4,"[1, 0, 0, 1, 1, 1, 1, 0, 0, 0, 1, 0]",8,0,0,,0.5,12
1137,1bb42d54-8220-11f1-b0da-2389f409459f,4,"[1, 0, 0, 1, 1, 1, 1, 0, 0, 0, 1, 0]",9,0,0,,0.5,12
1138,1bb42d54-8220-11f1-b0da-2389f409459f,4,"[1, 0, 0, 1, 1, 1, 1, 0, 0, 0, 1, 0]",10,1,1,,0.5,12
1139,1bb42d54-8220-11f1-b0da-2389f409459f,4,"[1, 0, 0, 1, 1, 1, 1, 0, 0, 0, 1, 0]",11,0,0,,0.5,12
1140,1bb42d54-8220-11f1-b0da-2389f409459f,5,"[1, 1, 1, 0, 1, 0, 1, 1, 1, 1, 1, 1]",0,1,-1,,0.5,12
1141,1bb42d54-8220-11f1-b0da-2389f409459f,5,"[1, 1, 1, 0, 1, 0, 1, 1, 1, 1, 1, 1]",1,1,-1,,0.5,12
1142,1bb42d54-8220-11f1-b0da-2389f409459f,5,"[1, 1, 1, 0, 1, 0, 1, 1, 1, 1, 1, 1]",2,1,-1,,0.5,12
1143,1bb42d54-8220-11f1-b0da-2389f409459f,5,"[1, 1, 1, 0, 1, 0, 1, 1, 1, 1, 1, 1]",3,0,0,,0.5,12
1144,1bb42d54-8220-11f1-b0da-2389f409459f,5,"[1, 1, 1, 0, 1, 0, 1, 1, 1, 1, 1, 1]",4,1,-1,,0.5,12
1145,1bb42d54-8220-11f1-b0da-2389f409459f,5,"[1, 1, 1, 0, 1, 0, 1, 1, 1, 1, 1, 1]",5,0,0,,0.5,12
1146,1bb42d54-8220-11f1-b0da-2389f409459f,5,"[1, 1, 1, 0, 1, 0, 1, 1, 1, 1, 1, 1]",6,1,-1,,0.5,12
1147,1bb42d54-8220-11f1-b0da-2389f409459f,5,"[1, 1, 1, 0, 1, 0, 1, 1, 1, 1, 1, 1]",7,1,-1,,0.5,12
1148,1bb42d54-8220-11f1-b0da-2389f409459f,5,"[1, 1, 1, 0, 1, 0, 1, 1, 1, 1, 1, 1]",8,1,-1,,0.5,12
1149,1bb42d54-8220-11f1-b0da-2389f409459f,5,"[1, 1, 1, 0, 1, 0, 1, 1, 1, 1, 1, 1]",9,1,-1,,0.5,12
1150,1bb42d54-8220-11f1-b0da-2389f409459f,5,"[1, 1, 1, 0, 1, 0, 1, 1, 1, 1, 1, 1]",10,1,-1,,0.5,12
1151,1bb42d54-8220-11f1-b0da-2389f409459f,5,"[1, 1, 1, 0, 1, 0, 1, 1, 1, 1, 1, 1]",11,1,-1,,0.5,12
1152,1bb42d54-8220-11f1-b0da-2389f409459f,6,"[0, 0, 1, 0, 0, 1, 0, 0, 0, 0, 1, 0]",0,0,0,,0.5,12
1153,1bb42d54-8220-11f1-b0da-2389f409459f,6,"[0, 0, 1, 0, 0, 1, 0, 0, 0, 0, 1, 0]",1,0,0,,0.5,12
1154,1bb42d54-8220-11f1-b0da-2389f409459f,6,"[0, 0, 1, 0, 0, 1, 0, 0, 0, 0, 1, 0]",2,1,1,,0.5,12
1155,1bb42d54-8220-11f1-b0da-2389f409459f,6,"[0, 0, 1, 0, 0, 1, 0, 0, 0, 0, 1, 0]",3,0,0,,0.5,12
1156,1bb42d54-8220-11f1-b0da-2389f409459f,6,"[0, 0, 1, 0, 0, 1, 0, 0, 0, 0, 1, 0]",4,0,0,,0.5,12
1157,1bb42d54-8220-11f1-b0da-2389f409459f,6,"[0, 0, 1, 0, 0, 1, 0, 0, 0, 0, 1, 0]",5,1,1,,0.5,12
1158,1bb42d54-8220-11f1-b0da-2389f409459f,6,"[0, 0, 1, 0, 0, 1, 0, 0, 0, 0, 1, 0]",6,0,0,,0.5,12
1159,1bb42d54-8220-11f1-b0da-2389f409459f,6,"[0, 0, 1, 0, 0, 1, 0, 0, 0, 0, 1, 0]",7,0,0,,0.5,12
1160,1bb42d54-8220-11f1-b0da-2389f409459f,6,"[0, 0, 1, 0, 0, 1, 0, 0, 0, 0, 1, 0]",8,0,0,,0.5,12
1161,1bb42d54-8220-11f1-b0da-2389f409459f,6,"[0, 0, 1, 0, 0, 1, 0, 0, 0, 0, 1, 0]",9,0,0,,0.5,12
1162,1bb42d54-8220-11f1-b0da-2389f409459f,6,"[0, 0, 1, 0, 0, 1, 0, 0, 0, 0, 1, 0]",10,1,1,,0.5,12
1163,1bb42d54-8220-11f1-b0da-2389f409459f,6,"[0, 0, 1, 0, 0, 1, 0, 0, 0, 0, 1, 0]",11,0,0,,0.5,12
1164,1bb42d54-8220-11f1-b0da-2389f409459f,7,"[0, 1, 1, 0, 1, 1, 1, 1, 0, 1, 1, 0]",0,0,0,,0.5,12
1165,1bb42d54-8220-11f1-b0da-2389f409459f,7,"[0, 1, 1, 0, 1, 1, 1, 1, 0, 1, 1, 0]",1,1,-1,,0.5,12
1166,1bb42d54-8220-11f1-b0da-2389f409459f,7,"[0, 1, 1, 0, 1, 1, 1, 1, 0, 1, 1, 0]",2,1,-1,,0.5,12
1167,1bb42d54-8220-11f1-b0da-2389f409459f,7,"[0, 1, 1, 0, 1, 1, 1, 1, 0, 1, 1, 0]",3,0,0,,0.5,12
1168,1bb42d54-8220-11f1-b0da-2389f409459f,7,"[0, 1, 1, 0, 1, 1, 1, 1, 0, 1, 1, 0]",4,1,-1,,0.5,12
1169,1bb42d54-8220-11f1-b0da-2389f409459f,7,"[0, 1, 1, 0, 1, 1, 1, 1, 0, 1, 1, 0]",5,1,-1,,0.5,12
1170,1bb42d54-8220-11f1-b0da-2389f409459f,7,"[0, 1, 1, 0, 1, 1, 1, 1, 0, 1, 1, 0]",6,1,-1,,0.5,12
1171,1bb42d54-8220-11f1-b0da-2389f409459f,7,"[0, 1, 1, 0, 1, 1, 1, 1, 0, 1, 1, 0]",7,1,-1,,0.5,12
1172,1bb42d54-8220-11f1-b0da-2389f409459f,7,"[0, 1, 1, 0, 1, 1, 1, 1, 0, 1, 1, 0]",8,0,0,,0.5,12
1173,1bb42d54-8220-11f1-b0da-2389f409459f,7,"[0, 1, 1, 0, 1, 1, 1, 1, 0, 1, 1, 0]",9,1,-1,,0.5,12
1174,1bb42d54-8220-11f1-b0da-2389f409459f,7,"[0, 1, 1, 0, 1, 1, 1, 1, 0, 1, 1, 0]",10,1,-1,,0.5,12
1175,1bb42d54-8220-11f1-b0da-2389f409459f,7,"[0, 1, 1, 0, 1, 1, 1, 1, 0, 1, 1, 0]",11,0,0,,0.5,12
1176,1bb42d54-8220-11f1-b0da-2389f409459f,8,"[1, 0, 0, 0, 0, 0, 1, 1, 0, 0, 1, 0]",0,1,1,,0.5,12
1177,1bb42d54-8220-11f1-b0da-2389f409459f,8,"[1, 0, 0, 0, 0, 0, 1, 1, 0, 0, 1, 0]",1,0,0,,0.5,12
1178,1bb42d54-8220-11f1-b0da-2389f409459f,8,"[1, 0, 0, 0, 0, 0, 1, 1, 0, 0, 1, 0]",2,0,0,,0.5,12
1179,1bb42d54-8220-11f1-b0da-2389f409459f,8,"[1, 0, 0, 0, 0, 0, 1, 1, 0, 0, 1, 0]",3,0,0,,0.5,12
1180,1bb42d54-8220-11f1-b0da-2389f409459f,8,"[1, 0, 0, 0, 0, 0, 1, 1, 0, 0, 1, 0]",4,0,0,,0.5,12
1181,1bb42d54-8220-11f1-b0da-2389f409459f,8,"[1, 0, 0, 0, 0, 0, 1, 1, 0, 0, 1, 0]",5,0,0,,0.5,12
1182,1bb42d54-8220-11f1-b0da-2389f409459f,8,"[1, 0, 0, 0, 0, 0, 1, 1, 0, 0, 1, 0]",6,1,1,,0.5,12
1183,1bb42d54-8220-11f1-b0da-2389f409459f,8,"[1, 0, 0, 0, 0, 0, 1, 1, 0, 0, 1, 0]",7,1,1,,0.5,12
1184,1bb42d54-8220-11f1-b0da-2389f409459f,8,"[1, 0, 0, 0, 0, 0, 1, 1, 0, 0, 1, 0]",8,0,0,,0.5,12
1185,1bb42d54-8220-11f1-b0da-2389f409459f,8,"[1, 0, 0, 0, 0, 0, 1, 1, 0, 0, 1, 0]",9,0,0,,0.5,12
1186,1bb42d54-8220-11f1-b0da-2389f409459f,8,"[1, 0, 0, 0, 0, 0, 1, 1, 0, 0, 1, 0]",10,1,1,,0.5,12
1187,1bb42d54-8220-11f1-b0da-2389f409459f,8,"[1, 0, 0, 0, 0, 0, 1, 1, 0, 0, 1, 0]",11,0,0,,0.5,12
1188,1bb42d54-8220-11f1-b0da-2389f409459f,9,"[1, 0, 0, 0, 0, 0, 1, 1, 0, 0, 1, 1]",0,1,1,,0.5,12
1189,1bb42d54-8220-11f1-b0da-2389f409459f,9,"[1, 0, 0, 0, 0, 0, 1, 1, 0, 0, 1, 1]",1,0,0,,0.5,12
1190,1bb42d54-8220-11f1-b0da-2389f409459f,9,"[1, 0, 0, 0, 0, 0, 1, 1, 0, 0, 1, 1]",2,0,0,,0.5,12
1191,1bb42d54-8220-11f1-b0da-2389f409459f,9,"[1, 0, 0, 0, 0, 0, 1, 1, 0, 0, 1, 1]",3,0,0,,0.5,12
1192,1bb42d54-8220-11f1-b0da-2389f409459f,9,"[1, 0, 0, 0, 0, 0, 1, 1, 0, 0, 1, 1]",4,0,0,,0.5,12
1193,1bb42d54-8220-11f1-b0da-2389f409459f,9,"[1, 0, 0, 0, 0, 0, 1, 1, 0, 0, 1, 1]",5,0,0,,0.5,12
1194,1bb42d54-8220-11f1-b0da-2389f409459f,9,"[1, 0, 0, 0, 0, 0, 1, 1, 0, 0, 1, 1]",6,1,1,,0.5,12
1195,1bb42d54-8220-11f1-b0da-2389f409459f,9,"[1, 0, 0, 0, 0, 0, 1, 1, 0, 0, 1, 1]",7,1,1,,0.5,12
1196,1bb42d54-8220-11f1-b0da-2389f409459f,9,"[1, 0, 0, 0, 0, 0, 1, 1, 0, 0, 1, 1]",8,0,0,,0.5,12
1197,1bb42d54-8220-11f1-b0da-2389f409459f,9,"[1, 0, 0, 0, 0, 0, 1, 1, 0, 0, 1, 1]",9,0,0,,0.5,12
1198,1bb42d54-8220-11f1-b0da-2389f409459f,9,"[1, 0, 0, 0, 0, 0, 1, 1, 0, 0, 1, 1]",10,1,1,,0.5,12
1199,1bb42d54-8220-11f1-b0da-2389f409459f,9,"[1, 0, 0, 0, 0, 0, 1, 1, 0, 0, 1, 1]",11,1,1,,0.5,12
