,id_sim,round,attendance,id_player,decision,score,model,threshold,num_agents
0,1c13bd46-8220-11f1-b0da-2389f409459f,0,"[0, 0, 1, 1, 0, 0, 1, 1, 0, 1, 1]",0,0,0,,0.2727272727272727,11
1,1c13bd46-8220-11f1-b0da-2389f409459f,0,"[0, 0, 1, 1, 0, 0, 1, 1, 0, 1, 1]",1,0,0,,0.2727272727272727,11
2,1c13bd46-8220-11f1-b0da-2389f409459f,0,"[0, 0, 1, 1, 0, 0, 1, 1, 0, 1, 1]",2,1,-1,,0.2727272727272727,11
3,1c13bd46-8220-11f1-b0da-2389f409459f,0,"[0, 0, 1, 1, 0, 0, 1, 1, 0, 1, 1]",3,1,-1,,0.2727272727272727,11
4,1c13bd46-8220-11f1-b0da-2389f409459f,0,"[0, 0, 1, 1, 0, 0, 1, 1, 0, 1, 1]",4,0,0,,0.2727272727272727,11
5,1c13bd46-8220-11f1-b0da-2389f409459f,0,"[0, 0, 1, 1, 0, 0, 1, 1, 0, 1, 1]",5,0,0,,0.2727272727272727,11
6,1c13bd46-8220-11f1-b0da-2389f409459f,0,"[0, 0, 1, 1, 0, 0, 1, 1, 0, 1, 1]",6,1,-1,,0.2727272727272727,11
7,1c13bd46-8220-11f1-b0da-2389f409459f,0,"[0, 0, 1, 1, 0, 0, 1, 1, 0, 1, 1]",7,1,-1,,0.2727272727272727,11
8,1c13bd46-8220-11f1-b0da-2389f409459f,0,"[0, 0, 1, 1, 0, 0, 1, 1, 0, 1, 1]",8,0,0,,0.2727272727272727,11
9,1c13bd46-8220-11f1-b0da-2389f409459f,0,"[0, 0, 1, 1, 0, 0, 1, 1, 0, 1, 1]",9,1,-1,,0.2727272727272727,11
10,1c13bd46-8220-11f1-b0da-2389f409459f,0,"[0, 0, 1, 1, 0, 0, 1, 1, 0, 1, 1]",10,1,-1,,0.2727272727272727,11
11,1c13bd46-8220-11f1-b0da-2389f409459f,1,"[1, 1, 0, 0, 0, 0, 1, 0, 1, 1, 0]",0,1,-1,,0.2727272727272727,11
12,1c13bd46-8220-11f1-b0da-2389f409459f,1,"[1, 1, 0, 0, 0, 0, 1, 0, 1, 1, 0]",1,1,-1,,0.2727272727272727,11
13,1c13bd46-8220-11f1-b0da-2389f409459f,1,"[1, 1, 0, 0, 0, 0, 1, 0, 1, 1, 0]",2,0,0,,0.2727272727272727,11
14,1c13bd46-8220-11f1-b0da-2389f409459f,1,"[1, 1, 0, 0, 0, 0, 1, 0, 1, 1, 0]",3,0,0,,0.2727272727272727,11
15,1c13bd46-8220-11f1-b0da-2389f409459f,1,"[1, 1, 0, 0, 0, 0, 1, 0, 1, 1, 0]",4,0,0,,0.2727272727272727,11
16,1c13bd46-8220-11f1-b0da-2389f409459f,1,"[1, 1, 0, 0, 0, 0, 1, 0, 1, 1, 0]",5,0,0,,0.2727272727272727,11
17,1c13bd46-8220-11f1-b0da-2389f409459f,1,"[1, 1, 0, 0, 0, 0, 1, 0, 1, 1, 0]",6,1,-1,,0.2727272727272727,11
18,1c13bd46-8220-11f1-b0da-2389f409459f,1,"[1, 1, 0, 0, 0, 0, 1, 0, 1, 1, 0]",7,0,0,,0.2727272727272727,11
19,1c13bd46-8220-11f1-b0da-2389f409459f,1,"[1, 1, 0, 0, 0, 0, 1, 0, 1, 1, 0]",8,1,-1,,0.2727272727272727,11
20,1c13bd46-8220-11f1-b0da-2389f409459f,1,"[1, 1, 0, 0, 0, 0, 1, 0, 1, 1, 0]",9,1,-1,,0.2727272727272727,11
21,1c13bd46-8220-11f1-b0da-2389f409459f,1,"[1, 1, 0, 0, 0, 0, 1, 0, 1, 1, 0]",10,0,0,,0.2727272727272727,11
22,1c13bd46-8220-11f1-b0da-2389f409459f,2,"[0, 1, 0, 1, 1, 1, 1, 1, 1, 0, 1]",0,0,0,,0.2727272727272727,11
23,1c13bd46-8220-11f1-b0da-2389f409459f,2,"[0, 1, 0, 1, 1, 1, 1, 1, 1, 0, 1]",1,1,-1,,0.2727272727272727,11
24,1c13bd46-8220-11f1-b0da-2389f409459f,2,"[0, 1, 0, 1, 1, 1, 1, 1, 1, 0, 1]",2,0,0,,0.2727272727272727,11
25,1c13bd46-8220-11f1-b0da-2389f409459f,2,"[0, 1, 0, 1, 1, 1, 1, 1, 1, 0, 1]",3,1,-1,,0.2727272727272727,11
26,1c13bd46-8220-11f1-b0da-2389f409459f,2,"[0, 1, 0, 1, 1, 1, 1, 1, 1, 0, 1]",4,1,-1,,0.2727272727272727,11
27,1c13bd46-8220-11f1-b0da-2389f409459f,2,"[0, 1, 0, 1, 1, 1, 1, 1, 1, 0, 1]",5,1,-1,,0.2727272727272727,11
28,1c13bd46-8220-11f1-b0da-2389f409459f,2,"[0, 1, 0, 1, 1, 1, 1, 1, 1, 0, 1]",6,1,-1,,0.2727272727272727,11
29,1c13bd46-8220-11f1-b0da-2389f409459f,2,"[0, 1, 0, 1, 1, 1, 1, 1, 1, 0, 1]",7,1,-1,,0.2727272727272727,11
30,1c13bd46-8220-11f1-b0da-2389f409459f,2,"[0, 1, 0, 1, 1, 1, 1, 1, 1, 0, 1]",8,1,-1,,0.2727272727272727,11
31,1c13bd46-8220-11f1-b0da-2389f409459f,2,"[0, 1, 0, 1, 1, 1, 1, 1, 1, 0, 1]",9,0,0,,0.2727272727272727,11
32,1c13bd46-8220-11f1-b0da-2389f409459f,2,"[0, 1, 0, 1, 1, 1, 1, 1, 1, 0, 1]",10,1,-1,,0.2727272727272727,11
33,1c13bd46-8220-11f1-b0da-2389f409459f,3,"[1, 0, 1, 0, 0, 1, 0, 0, 1, 1, 0]",0,1,-1,,0.2727272727272727,11
34,1c13bd46-8220-11f1-b0da-2389f409459f,3,"[1, 0, 1, 0, 0, 1, 0, 0, 1, 1, 0]",1,0,0,,0.2727272727272727,11
35,1c13bd46-8220-11f1-b0da-2389f409459f,3,"[1, 0, 1, 0, 0, 1, 0, 0, 1, 1, 0]",2,1,-1,,0.2727272727272727,11
36,1c13bd46-8220-11f1-b0da-2389f409459f,3,"[1, 0, 1, 0, 0, 1, 0, 0, 1, 1, 0]",3,0,0,,0.2727272727272727,11
37,1c13bd46-8220-11f1-b0da-2389f409459f,3,"[1, 0, 1, 0, 0, 1, 0, 0, 1, 1, 0]",4,0,0,,0.2727272727272727,11
38,1c13bd46-8220-11f1-b0da-2389f409459f,3,"[1, 0, 1, 0, 0, 1, 0, 0, 1, 1, 0]",5,1,-1,,0.2727272727272727,11
39,1c13bd46-8220-11f1-b0da-2389f409459f,3,"[1, 0, 1, 0, 0, 1, 0, 0, 1, 1, 0]",6,0,0,,0.2727272727272727,11
40,1c13bd46-8220-11f1-b0da-2389f409459f,3,"[1, 0, 1, 0, 0, 1, 0, 0, 1, 1, 0]",7,0,0,,0.2727272727272727,11
41,1c13bd46-8220-11f1-b0da-2389f409459f,3,"[1, 0, 1, 0, 0, 1, 0, 0, 1, 1, 0]",8,1,-1,,0.2727272727272727,11
42,1c13bd46-8220-11f1-b0da-2389f409459f,3,"[1, 0, 1, 0, 0, 1, 0, 0, 1, 1, 0]",9,1,-1,,0.2727272727272727,11
43,1c13bd46-8220-11f1-b0da-2389f409459f,3,"[1, 0, 1, 0, 0, 1, 0, 0, 1, 1, 0]",10,0,0,,0.2727272727272727,11
44,1c13bd46-8220-11f1-b0da-2389f409459f,4,"[0, 0, 1, 0, 1, 0, 0, 1, 1, 1, 0]",0,0,0,,0.2727272727272727,11
45,1c13bd46-8220-11f1-b0da-2389f409459f,4,"[0, 0, 1, 0, 1, 0, 0, 1, 1, 1, 0]",1,0,0,,0.2727272727272727,11
46,1c13bd46-8220-11f1-b0da-2389f409459f,4,"[0, 0, 1, 0, 1, 0, 0, 1, 1, 1, 0]",2,1,-1,,0.2727272727272727,11
47,1c13bd46-8220-11f1-b0da-2389f409459f,4,"[0, 0, 1, 0, 1, 0, 0, 1, 1, 1, 0]",3,0,0,,0.2727272727272727,11
48,1c13bd46-8220-11f1-b0da-2389f409459f,4,"[0, 0, 1, 0, 1, 0, 0, 1, 1, 1, 0]",4,1,-1,,0.2727272727272727,11
49,1c13bd46-8220-11f1-b0da-2389f409459f,4,"[0, 0, 1, 0, 1, 0, 0, 1, 1, 1, 0]",5,0,0,,0.2727272727272727,11
50,1c13bd46-8220-11f1-b0da-2389f409459f,4,"[0, 0, 1, 0, 1, 0, 0, 1, 1, 1, 0]",6,0,0,,0.2727272727272727,11
51,1c13bd46-8220-11f1-b0da-2389f409459f,4,"[0, 0, 1, 0, 1, 0, 0, 1, 1, 1, 0]",7,1,-1,,0.2727272727272727,11
52,1c13bd46-8220-11f1-b0da-2389f409459f,4,"[0, 0, 1, 0, 1, 0, 0, 1, 1, 1, 0]",8,1,-1,,0.2727272727272727,11
53,1c13bd46-8220-11f1-b0da-2389f409459f,4,"[0, 0, 1, 0, 1, 0, 0, 1, 1, 1, 0]",9,1,-1,,0.2727272727272727,11
54,1c13bd46-8220-11f1-b0da-2389f409459f,4,"[0, 0, 1, 0, 1, 0, 0, 1, 1, 1, 0]",10,0,0,,0.2727272727272727,11
55,1c13bd46-8220-11f1-b0da-2389f409459f,5,"[1, 0, 0, 0, 0, 0, 0, 0, 1, 1, 1]",0,1,-1,,0.2727272727272727,11
56,1c13bd46-8220-11f1-b0da-2389f409459f,5,"[1, 0, 0, 0, 0, 0, 0, 0, 1, 1, 1]",1,0,0,,0.2727272727272727,11
57,1c13bd46-8220-11f1-b0da-2389f409459f,5,"[1, 0, 0, 0, 0, 0, 0, 0, 1, 1, 1]",2,0,0,,0.2727272727272727,11
58,1c13bd46-8220-11f1-b0da-2389f409459f,5,"[1, 0, 0, 0, 0, 0, 0, 0, 1, 1, 1]",3,0,0,,0.2727272727272727,11
59,1c13bd46-8220-11f1-b0da-2389f409459f,5,"[1, 0, 0, 0, 0, 0, 0, 0, 1, 1, 1]",4,0,0,,0.2727272727272727,11
60,1c13bd46-8220-11f1-b0da-2389f409459f,5,"[1, 0, 0, 0, 0, 0, 0, 0, 1, 1, 1]",5,0,0,,0.2727272727272727,11
61,1c13bd46-8220-11f1-b0da-2389f409459f,5,"[1, 0, 0, 0, 0, 0, 0, 0, 1, 1, 1]",6,0,0,,0.2727272727272727,11
62,1c13bd46-8220-11f1-b0da-2389f409459f,5,"[1, 0, 0, 0, 0, 0, 0, 0, 1, 1, 1]",7,0,0,,0.2727272727272727,11
63,1c13bd46-8220-11f1-b0da-2389f409459f,5,"[1, 0, 0, 0, 0, 0, 0, 0, 1, 1, 1]",8,1,-1,,0.2727272727272727,11
64,1c13bd46-8220-11f1-b0da-2389f409459f,5,"[1, 0, 0, 0, 0, 0, 0, 0, 1, 1, 1]",9,1,-1,,0.2727272727272727,11
65,1c13bd46-8220-11f1-b0da-2389f409459f,5,"[1, 0, 0, 0, 0, 0, 0, 0, 1, 1, 1]",10,1,-1,,0.2727272727272727,11
66,1c13bd46-8220-11f1-b0da-2389f409459f,6,"[1, 1, 0, 1, 0, 1, 1, 1, 0, 0, 0]",0,1,-1,,0.2727272727272727,11
67,1c13bd46-8220-11f1-b0da-2389f409459f,6,"[1, 1, 0, 1, 0, 1, 1, 1, 0, 0, 0]",1,1,-1,,0.2727272727272727,11
68,1c13bd46-8220-11f1-b0da-2389f409459f,6,"[1, 1, 0, 1, 0, 1, 1, 1, 0, 0, 0]",2,0,0,,0.2727272727272727,11
69,1c13bd46-8220-11f1-b0da-2389f409459f,6,"[1, 1, 0, 1, 0, 1, 1, 1, 0, 0, 0]",3,1,-1,,0.2727272727272727,11
70,1c13bd46-8220-11f1-b0da-2389f409459f,6,"[1, 1, 0, 1, 0, 1, 1, 1, 0, 0, 0]",4,0,0,,0.2727272727272727,11
71,1c13bd46-8220-11f1-b0da-2389f409459f,6,"[1, 1, 0, 1, 0, 1, 1, 1, 0, 0, 0]",5,1,-1,,0.2727272727272727,11
72,1c13bd46-8220-11f1-b0da-2389f409459f,6,"[1, 1, 0, 1, 0, 1, 1, 1, 0, 0, 0]",6,1,-1,,0.2727272727272727,11
73,1c13bd46-8220-11f1-b0da-2389f409459f,6,"[1, 1, 0, 1, 0, 1, 1, 1, 0, 0, 0]",7,1,-1,,0.2727272727272727,11
74,1c13bd46-8220-11f1-b0da-2389f409459f,6,"[1, 1, 0, 1, 0, 1, 1, 1, 0, 0, 0]",8,0,0,,0.2727272727272727,11
75,1c13bd46-8220-11f1-b0da-2389f409459f,6,"[1, 1, 0, 1, 0, 1, 1, 1, 0, 0, 0]",9,0,0,,0.2727272727272727,11
76,1c13bd46-8220-11f1-b0da-2389f409459f,6,"[1, 1, 0, 1, 0, 1, 1, 1, 0, 0, 0]",10,0,0,,0.2727272727272727,11
77,1c13bd46-8220-11f1-b0da-2389f409459f,7,"[0, 1, 0, 1, 1, 1, 0, 0, 1, 0, 0]",0,0,0,,0.2727272727272727,11
78,1c13bd46-8220-11f1-b0da-2389f409459f,7,"[0, 1, 0, 1, 1, 1, 0, 0, 1, 0, 0]",1,1,-1,,0.2727272727272727,11
79,1c13bd46-8220-11f1-b0da-2389f409459f,7,"[0, 1, 0, 1, 1, 1, 0, 0, 1, 0, 0]",2,0,0,,0.2727272727272727,11
80,1c13bd46-8220-11f1-b0da-2389f409459f,7,"[0, 1, 0, 1, 1, 1, 0, 0, 1, 0, 0]",3,1,-1,,0.2727272727272727,11
81,1c13bd46-8220-11f1-b0da-2389f409459f,7,"[0, 1, 0, 1, 1, 1, 0, 0, 1, 0, 0]",4,1,-1,,0.2727272727272727,11
82,1c13bd46-8220-11f1-b0da-2389f409459f,7,"[0, 1, 0, 1, 1, 1, 0, 0, 1, 0, 0]",5,1,-1,,0.2727272727272727,11
83,1c13bd46-8220-11f1-b0da-2389f409459f,7,"[0, 1, 0, 1, 1, 1, 0, 0, 1, 0, 0]",6,0,0,,0.2727272727272727,11
84,1c13bd46-8220-11f1-b0da-2389f409459f,7,"[0, 1, 0, 1, 1, 1, 0, 0, 1, 0, 0]",7,0,0,,0.2727272727272727,11
85,1c13bd46-8220-11f1-b0da-2389f409459f,7,"[0, 1, 0, 1, 1, 1, 0, 0, 1, 0, 0]",8,1,-1,,0.2727272727272727,11
86,1c13bd46-8220-11f1-b0da-2389f409459f,7,"[0, 1, 0, 1, 1, 1, 0, 0, 1, 0, 0]",9,0,0,,0.2727272727272727,11
87,1c13bd46-8220-11f1-b0da-2389f409459f,7,"[0, 1, 0, 1, 1, 1, 0, 0, 1, 0, 0]",10,0,0,,0.2727272727272727,11
88,1c13bd46-8220-11f1-b0da-2389f409459f,8,"[0, 1, 1, 1, 0, 1, 0, 0, 1, 0, 1]",0,0,0,,0.2727272727272727,11
89,1c13bd46-8220-11f1-b0da-2389f409459f,8,"[0, 1, 1, 1, 0, 1, 0, 0, 1, 0, 1]",1,1,-1,,0.2727272727272727,11
90,1c13bd46-8220-11f1-b0da-2389f409459f,8,"[0, 1, 1, 1, 0, 1, 0, 0, 1, 0, 1]",2,1,-1,,0.2727272727272727,11
91,1c13bd46-8220-11f1-b0da-2389f409459f,8,"[0, 1, 1, 1, 0, 1, 0, 0, 1, 0, 1]",3,1,-1,,0.2727272727272727,11
92,1c13bd46-8220-11f1-b0da-2389f409459f,8,"[0, 1, 1, 1, 0, 1, 0, 0, 1, 0, 1]",4,0,0,,0.2727272727272727,11
93,1c13bd46-8220-11f1-b0da-2389f409459f,8,"[0, 1, 1, 1, 0, 1, 0, 0, 1, 0, 1]",5,1,-1,,0.2727272727272727,11
94,1c13bd46-8220-11f1-b0da-2389f409459f,8,"[0, 1, 1, 1, 0, 1, 0, 0, 1, 0, 1]",6,0,0,,0.2727272727272727,11
95,1c13bd46-8220-11f1-b0da-2389f409459f,8,"[0, 1, 1, 1, 0, 1, 0, 0, 1, 0, 1]",7,0,0,,0.2727272727272727,11
96,1c13bd46-8220-11f1-b0da-2389f409459f,8,"[0, 1, 1, 1, 0, 1, 0, 0, 1, 0, 1]",8,1,-1,,0.2727272727272727,11
97,1c13bd46-8220-11f1-b0da-2389f409459f,8,"[0, 1, 1, 1, 0, 1, 0, 0, 1, 0, 1]",9,0,0,,0.2727272727272727,11
98,1c13bd46-8220-11f1-b0da-2389f409459f,8,"[0, 1, 1, 1, 0, 1, 0, 0, 1, 0, 1]",10,1,-1,,0.2727272727272727,11
99,1c13bd46-8220-11f1-b0da-2389f409459f,9,"[0, 1, 0, 1, 1, 1, 0, 0, 1, 1, 0]",0,0,0,,0.2727272727272727,11
100,1c13bd46-8220-11f1-b0da-2389f409459f,9,"[0, 1, 0, 1, 1, 1, 0, 0, 1, 1, 0]",1,1,-1,,0.2727272727272727,11
101,1c13bd46-8220-11f1-b0da-2389f409459f,9,"[0, 1, 0, 1, 1, 1, 0, 0, 1, 1, 0]",2,0,0,,0.2727272727272727,11
102,1c13bd46-8220-11f1-b0da-2389f409459f,9,"[0, 1, 0, 1, 1, 1, 0, 0, 1, 1, 0]",3,1,-1,,0.2727272727272727,11
103,1c13bd46-8220-11f1-b0da-2389f409459f,9,"[0, 1, 0, 1, 1, 1, 0, 0, 1, 1, 0]",4,1,-1,,0.2727272727272727,11
104,1c13bd46-8220-11f1-b0da-2389f409459f,9,"[0, 1, 0, 1, 1, 1, 0, 0, 1, 1, 0]",5,1,-1,,0.2727272727272727,11
105,1c13bd46-8220-11f1-b0da-2389f409459f,9,"[0, 1, 0, 1, 1, 1, 0, 0, 1, 1, 0]",6,0,0,,0.2727272727272727,11
106,1c13bd46-8220-11f1-b0da-2389f409459f,9,"[0, 1, 0, 1, 1, 1, 0, 0, 1, 1, 0]",7,0,0,,0.2727272727272727,11
107,1c13bd46-8220-11f1-b0da-2389f409459f,9,"[0, 1, 0, 1, 1, 1, 0, 0, 1, 1, 0]",8,1,-1,,0.2727272727272727,11
108,1c13bd46-8220-11f1-b0da-2389f409459f,9,"[0, 1, 0, 1, 1, 1, 0, 0, 1, 1, 0]",9,1,-1,,0.2727272727272727,11
109,1c13bd46-8220-11f1-b0da-2389f409459f,9,"[0, 1, 0, 1, 1, 1, 0, 0, 1, 1, 0]",10,0,0,,0.2727272727272727,11
110,1c14c2fe-8220-11f1-b0da-2389f409459f,0,"[0, 0, 0, 1, 0, 1, 0, 0, 0, 0, 0]",0,0,0,,0.2727272727272727,11
111,1c14c2fe-8220-11f1-b0da-2389f409459f,0,"[0, 0, 0, 1, 0, 1, 0, 0, 0, 0, 0]",1,0,0,,0.2727272727272727,11
112,1c14c2fe-8220-11f1-b0da-2389f409459f,0,"[0, 0, 0, 1, 0, 1, 0, 0, 0, 0, 0]",2,0,0,,0.2727272727272727,11
113,1c14c2fe-8220-11f1-b0da-2389f409459f,0,"[0, 0, 0, 1, 0, 1, 0, 0, 0, 0, 0]",3,1,1,,0.2727272727272727,11
114,1c14c2fe-8220-11f1-b0da-2389f409459f,0,"[0, 0, 0, 1, 0, 1, 0, 0, 0, 0, 0]",4,0,0,,0.2727272727272727,11
115,1c14c2fe-8220-11f1-b0da-2389f409459f,0,"[0, 0, 0, 1, 0, 1, 0, 0, 0, 0, 0]",5,1,1,,0.2727272727272727,11
116,1c14c2fe-8220-11f1-b0da-2389f409459f,0,"[0, 0, 0, 1, 0, 1, 0, 0, 0, 0, 0]",6,0,0,,0.2727272727272727,11
117,1c14c2fe-8220-11f1-b0da-2389f409459f,0,"[0, 0, 0, 1, 0, 1, 0, 0, 0, 0, 0]",7,0,0,,0.2727272727272727,11
118,1c14c2fe-8220-11f1-b0da-2389f409459f,0,"[0, 0, 0, 1, 0, 1, 0, 0, 0, 0, 0]",8,0,0,,0.2727272727272727,11
119,1c14c2fe-8220-11f1-b0da-2389f409459f,0,"[0, 0, 0, 1, 0, 1, 0, 0, 0, 0, 0]",9,0,0,,0.2727272727272727,11
120,1c14c2fe-8220-11f1-b0da-2389f409459f,0,"[0, 0, 0, 1, 0, 1, 0, 0, 0, 0, 0]",10,0,0,,0.2727272727272727,11
121,1c14c2fe-8220-11f1-b0da-2389f409459f,1,"[1, 1, 1, 0, 0, 0, 1, 0, 1, 0, 0]",0,1,-1,,0.2727272727272727,11
122,1c14c2fe-8220-11f1-b0da-2389f409459f,1,"[1, 1, 1, 0, 0, 0, 1, 0, 1, 0, 0]",1,1,-1,,0.2727272727272727,11
123,1c14c2fe-8220-11f1-b0da-2389f409459f,1,"[1, 1, 1, 0, 0, 0, 1, 0, 1, 0, 0]",2,1,-1,,0.2727272727272727,11
124,1c14c2fe-8220-11f1-b0da-2389f409459f,1,"[1, 1, 1, 0, 0, 0, 1, 0, 1, 0, 0]",3,0,0,,0.2727272727272727,11
125,1c14c2fe-8220-11f1-b0da-2389f409459f,1,"[1, 1, 1, 0, 0, 0, 1, 0, 1, 0, 0]",4,0,0,,0.2727272727272727,11
126,1c14c2fe-8220-11f1-b0da-2389f409459f,1,"[1, 1, 1, 0, 0, 0, 1, 0, 1, 0, 0]",5,0,0,,0.2727272727272727,11
127,1c14c2fe-8220-11f1-b0da-2389f409459f,1,"[1, 1, 1, 0, 0, 0, 1, 0, 1, 0, 0]",6,1,-1,,0.2727272727272727,11
128,1c14c2fe-8220-11f1-b0da-2389f409459f,1,"[1, 1, 1, 0, 0, 0, 1, 0, 1, 0, 0]",7,0,0,,0.2727272727272727,11
129,1c14c2fe-8220-11f1-b0da-2389f409459f,1,"[1, 1, 1, 0, 0, 0, 1, 0, 1, 0, 0]",8,1,-1,,0.2727272727272727,11
130,1c14c2fe-8220-11f1-b0da-2389f409459f,1,"[1, 1, 1, 0, 0, 0, 1, 0, 1, 0, 0]",9,0,0,,0.2727272727272727,11
131,1c14c2fe-8220-11f1-b0da-2389f409459f,1,"[1, 1, 1, 0, 0, 0, 1, 0, 1, 0, 0]",10,0,0,,0.2727272727272727,11
132,1c14c2fe-8220-11f1-b0da-2389f409459f,2,"[0, 0, 1, 0, 0, 1, 0, 0, 1, 0, 1]",0,0,0,,0.2727272727272727,11
133,1c14c2fe-8220-11f1-b0da-2389f409459f,2,"[0, 0, 1, 0, 0, 1, 0, 0, 1, 0, 1]",1,0,0,,0.2727272727272727,11
134,1c14c2fe-8220-11f1-b0da-2389f409459f,2,"[0, 0, 1, 0, 0, 1, 0, 0, 1, 0, 1]",2,1,-1,,0.2727272727272727,11
135,1c14c2fe-8220-11f1-b0da-2389f409459f,2,"[0, 0, 1, 0, 0, 1, 0, 0, 1, 0, 1]",3,0,0,,0.2727272727272727,11
136,1c14c2fe-8220-11f1-b0da-2389f409459f,2,"[0, 0, 1, 0, 0, 1, 0, 0, 1, 0, 1]",4,0,0,,0.2727272727272727,11
137,1c14c2fe-8220-11f1-b0da-2389f409459f,2,"[0, 0, 1, 0, 0, 1, 0, 0, 1, 0, 1]",5,1,-1,,0.2727272727272727,11
138,1c14c2fe-8220-11f1-b0da-2389f409459f,2,"[0, 0, 1, 0, 0, 1, 0, 0, 1, 0, 1]",6,0,0,,0.2727272727272727,11
139,1c14c2fe-8220-11f1-b0da-2389f409459f,2,"[0, 0, 1, 0, 0, 1, 0, 0, 1, 0, 1]",7,0,0,,0.2727272727272727,11
140,1c14c2fe-8220-11f1-b0da-2389f409459f,2,"[0, 0, 1, 0, 0, 1, 0, 0, 1, 0, 1]",8,1,-1,,0.2727272727272727,11
141,1c14c2fe-8220-11f1-b0da-2389f409459f,2,"[0, 0, 1, 0, 0, 1, 0, 0, 1, 0, 1]",9,0,0,,0.2727272727272727,11
142,1c14c2fe-8220-11f1-b0da-2389f409459f,2,"[0, 0, 1, 0, 0, 1, 0, 0, 1, 0, 1]",10,1,-1,,0.2727272727272727,11
143,1c14c2fe-8220-11f1-b0da-2389f409459f,3,"[0, 0, 0, 0, 0, 0, 1, 1, 0, 0, 1]",0,0,0,,0.2727272727272727,11
144,1c14c2fe-8220-11f1-b0da-2389f409459f,3,"[0, 0, 0, 0, 0, 0, 1, 1, 0, 0, 1]",1,0,0,,0.2727272727272727,11
145,1c14c2fe-8220-11f1-b0da-2389f409459f,3,"[0, 0, 0, 0, 0, 0, 1, 1, 0, 0, 1]",2,0,0,,0.2727272727272727,11
146,1c14c2fe-8220-11f1-b0da-2389f409459f,3,"[0, 0, 0, 0, 0, 0, 1, 1, 0, 0, 1]",3,0,0,,0.2727272727272727,11
147,1c14c2fe-8220-11f1-b0da-2389f409459f,3,"[0, 0, 0, 0, 0, 0, 1, 1, 0, 0, 1]",4,0,0,,0.2727272727272727,11
148,1c14c2fe-8220-11f1-b0da-2389f409459f,3,"[0, 0, 0, 0, 0, 0, 1, 1, 0, 0, 1]",5,0,0,,0.2727272727272727,11
149,1c14c2fe-8220-11f1-b0da-2389f409459f,3,"[0, 0, 0, 0, 0, 0, 1, 1, 0, 0, 1]",6,1,1,,0.2727272727272727,11
150,1c14c2fe-8220-11f1-b0da-2389f409459f,3,"[0, 0, 0, 0, 0, 0, 1, 1, 0, 0, 1]",7,1,1,,0.2727272727272727,11
151,1c14c2fe-8220-11f1-b0da-2389f409459f,3,"[0, 0, 0, 0, 0, 0, 1, 1, 0, 0, 1]",8,0,0,,0.2727272727272727,11
152,1c14c2fe-8220-11f1-b0da-2389f409459f,3,"[0, 0, 0, 0, 0, 0, 1, 1, 0, 0, 1]",9,0,0,,0.2727272727272727,11
153,1c14c2fe-8220-11f1-b0da-2389f409459f,3,"[0, 0, 0, 0, 0, 0, 1, 1, 0, 0, 1]",10,1,1,,0.2727272727272727,11
154,1c14c2fe-8220-11f1-b0da-2389f409459f,4,"[0, 1, 0, 0, 1, 1, 1, 1, 1, 0, 0]",0,0,0,,0.2727272727272727,11
155,1c14c2fe-8220-11f1-b0da-2389f409459f,4,"[0, 1, 0, 0, 1, 1, 1, 1, 1, 0, 0]",1,1,-1,,0.2727272727272727,11
156,1c14c2fe-8220-11f1-b0da-2389f409459f,4,"[0, 1, 0, 0, 1, 1, 1, 1, 1, 0, 0]",2,0,0,,0.2727272727272727,11
157,1c14c2fe-8220-11f1-b0da-2389f409459f,4,"[0, 1, 0, 0, 1, 1, 1, 1, 1, 0, 0]",3,0,0,,0.2727272727272727,11
158,1c14c2fe-8220-11f1-b0da-2389f409459f,4,"[0, 1, 0, 0, 1, 1, 1, 1, 1, 0, 0]",4,1,-1,,0.2727272727272727,11
159,1c14c2fe-8220-11f1-b0da-2389f409459f,4,"[0, 1, 0, 0, 1, 1, 1, 1, 1, 0, 0]",5,1,-1,,0.2727272727272727,11
160,1c14c2fe-8220-11f1-b0da-2389f409459f,4,"[0, 1, 0, 0, 1, 1, 1, 1, 1, 0, 0]",6,1,-1,,0.2727272727272727,11
161,1c14c2fe-8220-11f1-b0da-2389f409459f,4,"[0, 1, 0, 0, 1, 1, 1, 1, 1, 0, 0]",7,1,-1,,0.2727272727272727,11
162,1c14c2fe-8220-11f1-b0da-2389f409459f,4,"[0, 1, 0, 0, 1, 1, 1, 1, 1, 0, 0]",8,1,-1,,0.2727272727272727,11
163,1c14c2fe-8220-11f1-b0da-2389f409459f,4,"[0, 1, 0, 0, 1, 1, 1, 1, 1, 0, 0]",9,0,0,,0.2727272727272727,11
164,1c14c2fe-8220-11f1-b0da-2389f409459f,4,"[0, 1, 0, 0, 1, 1, 1, 1, 1, 0, 0]",10,0,0,,0.2727272727272727,11
165,1c14c2fe-8220-11f1-b0da-2389f409459f,5,"[0, 0, 1, 1, 0, 1, 1, 0, 1, 0, 0]",0,0,0,,0.2727272727272727,11
166,1c14c2fe-8220-11f1-b0da-2389f409459f,5,"[0, 0, 1, 1, 0, 1, 1, 0, 1, 0, 0]",1,0,0,,0.2727272727272727,11
167,1c14c2fe-8220-11f1-b0da-2389f409459f,5,"[0, 0, 1, 1, 0, 1, 1, 0, 1, 0, 0]",2,1,-1,,0.2727272727272727,11
168,1c14c2fe-8220-11f1-b0da-2389f409459f,5,"[0, 0, 1, 1, 0, 1, 1, 0, 1, 0, 0]",3,1,-1,,0.2727272727272727,11
169,1c14c2fe-8220-11f1-b0da-2389f409459f,5,"[0, 0, 1, 1, 0, 1, 1, 0, 1, 0, 0]",4,0,0,,0.2727272727272727,11
170,1c14c2fe-8220-11f1-b0da-2389f409459f,5,"[0, 0, 1, 1, 0, 1, 1, 0, 1, 0, 0]",5,1,-1,,0.2727272727272727,11
171,1c14c2fe-8220-11f1-b0da-2389f409459f,5,"[0, 0, 1, 1, 0, 1, 1, 0, 1, 0, 0]",6,1,-1,,0.2727272727272727,11
172,1c14c2fe-8220-11f1-b0da-2389f409459f,5,"[0, 0, 1, 1, 0, 1, 1, 0, 1, 0, 0]",7,0,0,,0.2727272727272727,11
173,1c14c2fe-8220-11f1-b0da-2389f409459f,5,"[0, 0, 1, 1, 0, 1, 1, 0, 1, 0, 0]",8,1,-1,,0.2727272727272727,11
174,1c14c2fe-8220-11f1-b0da-2389f409459f,5,"[0, 0, 1, 1, 0, 1, 1, 0, 1, 0, 0]",9,0,0,,0.2727272727272727,11
175,1c14c2fe-8220-11f1-b0da-2389f409459f,5,"[0, 0, 1, 1, 0, 1, 1, 0, 1, 0, 0]",10,0,0,,0.2727272727272727,11
176,1c14c2fe-8220-11f1-b0da-2389f409459f,6,"[0, 1, 0, 0, 0, 0, 1, 0, 1, 1, 0]",0,0,0,,0.2727272727272727,11
177,1c14c2fe-8220-11f1-b0da-2389f409459f,6,"[0, 1, 0, 0, 0, 0, 1, 0, 1, 1, 0]",1,1,-1,,0.2727272727272727,11
178,1c14c2fe-8220-11f1-b0da-2389f409459f,6,"[0, 1, 0, 0, 0, 0, 1, 0, 1, 1, 0]",2,0,0,,0.2727272727272727,11
179,1c14c2fe-8220-11f1-b0da-2389f409459f,6,"[0, 1, 0, 0, 0, 0, 1, 0, 1, 1, 0]",3,0,0,,0.2727272727272727,11
180,1c14c2fe-8220-11f1-b0da-2389f409459f,6,"[0, 1, 0, 0, 0, 0, 1, 0, 1, 1, 0]",4,0,0,,0.2727272727272727,11
181,1c14c2fe-8220-11f1-b0da-2389f409459f,6,"[0, 1, 0, 0, 0, 0, 1, 0, 1, 1, 0]",5,0,0,,0.2727272727272727,11
182,1c14c2fe-8220-11f1-b0da-2389f409459f,6,"[0, 1, 0, 0, 0, 0, 1, 0, 1, 1, 0]",6,1,-1,,0.2727272727272727,11
183,1c14c2fe-8220-11f1-b0da-2389f409459f,6,"[0, 1, 0, 0, 0, 0, 1, 0, 1, 1, 0]",7,0,0,,0.2727272727272727,11
184,1c14c2fe-8220-11f1-b0da-2389f409459f,6,"[0, 1, 0, 0, 0, 0, 1, 0, 1, 1, 0]",8,1,-1,,0.2727272727272727,11
185,1c14c2fe-8220-11f1-b0da-2389f409459f,6,"[0, 1, 0, 0, 0, 0, 1, 0, 1, 1, 0]",9,1,-1,,0.2727272727272727,11
186,1c14c2fe-8220-11f1-b0da-2389f409459f,6,"[0, 1, 0, 0, 0, 0, 1, 0, 1, 1, 0]",10,0,0,,0.2727272727272727,11
187,1c14c2fe-8220-11f1-b0da-2389f409459f,7,"[0, 1, 0, 1, 0, 1, 0, 1, 0, 1, 0]",0,0,0,,0.2727272727272727,11
188,1c14c2fe-8220-11f1-b0da-2389f409459f,7,"[0, 1, 0, 1, 0, 1, 0, 1, 0, 1, 0]",1,1,-1,,0.2727272727272727,11
189,1c14c2fe-8220-11f1-b0da-2389f409459f,7,"[0, 1, 0, 1, 0, 1, 0, 1, 0, 1, 0]",2,0,0,,0.2727272727272727,11
190,1c14c2fe-8220-11f1-b0da-2389f409459f,7,"[0, 1, 0, 1, 0, 1, 0, 1, 0, 1, 0]",3,1,-1,,0.2727272727272727,11
191,1c14c2fe-8220-11f1-b0da-2389f409459f,7,"[0, 1, 0, 1, 0, 1, 0, 1, 0, 1, 0]",4,0,0,,0.2727272727272727,11
192,1c14c2fe-8220-11f1-b0da-2389f409459f,7,"[0, 1, 0, 1, 0, 1, 0, 1, 0, 1, 0]",5,1,-1,,0.2727272727272727,11
193,1c14c2fe-8220-11f1-b0da-2389f409459f,7,"[0, 1, 0, 1, 0, 1, 0, 1, 0, 1, 0]",6,0,0,,0.2727272727272727,11
194,1c14c2fe-8220-11f1-b0da-2389f409459f,7,"[0, 1, 0, 1, 0, 1, 0, 1, 0, 1, 0]",7,1,-1,,0.2727272727272727,11
195,1c14c2fe-8220-11f1-b0da-2389f409459f,7,"[0, 1, 0, 1, 0, 1, 0, 1, 0, 1, 0]",8,0,0,,0.2727272727272727,11
196,1c14c2fe-8220-11f1-b0da-2389f409459f,7,"[0, 1, 0, 1, 0, 1, 0, 1, 0, 1, 0]",9,1,-1,,0.2727272727272727,11
197,1c14c2fe-8220-11f1-b0da-2389f409459f,7,"[0, 1, 0, 1, 0, 1, 0, 1, 0, 1, 0]",10,0,0,,0.2727272727272727,11
198,1c14c2fe-8220-11f1-b0da-2389f409459f,8,"[0, 1, 0, 1, 0, 0, 0, 0, 1, 1, 0]",0,0,0,,0.2727272727272727,11
199,1c14c2fe-8220-11f1-b0da-2389f409459f,8,"[0, 1, 0, 1, 0, 0, 0, 0, 1, 1, 0]",1,1,-1,,0.2727272727272727,11
200,1c14c2fe-8220-11f1-b0da-2389f409459f,8,"[0, 1, 0, 1, 0, 0, 0, 0, 1, 1, 0]",2,0,0,,0.2727272727272727,11
201,1c14c2fe-8220-11f1-b0da-2389f409459f,8,"[0, 1, 0, 1, 0, 0, 0, 0, 1, 1, 0]",3,1,-1,,0.2727272727272727,11
202,1c14c2fe-8220-11f1-b0da-2389f409459f,8,"[0, 1, 0, 1, 0, 0, 0, 0, 1, 1, 0]",4,0,0,,0.2727272727272727,11
203,1c14c2fe-8220-11f1-b0da-2389f409459f,8,"[0, 1, 0, 1, 0, 0, 0, 0, 1, 1, 0]",5,0,0,,0.2727272727272727,11
204,1c14c2fe-8220-11f1-b0da-2389f409459f,8,"[0, 1, 0, 1, 0, 0, 0, 0, 1, 1, 0]",6,0,0,,0.2727272727272727,11
205,1c14c2fe-8220-11f1-b0da-2389f409459f,8,"[0, 1, 0, 1, 0, 0, 0, 0, 1, 1, 0]",7,0,0,,0.2727272727272727,11
206,1c14c2fe-8220-11f1-b0da-2389f409459f,8,"[0, 1, 0, 1, 0, 0, 0, 0, 1, 1, 0]",8,1,-1,,0.2727272727272727,11
207,1c14c2fe-8220-11f1-b0da-2389f409459f,8,"[0, 1, 0, 1, 0, 0, 0, 0, 1, 1, 0]",9,1,-1,,0.2727272727272727,11
208,1c14c2fe-8220-11f1-b0da-2389f409459f,8,"[0, 1, 0, 1, 0, 0, 0, 0, 1, 1, 0]",10,0,0,,0.2727272727272727,11
209,1c14c2fe-8220-11f1-b0da-2389f409459f,9,"[0, 0, 1, 0, 1, 0, 0, 0, 1, 0, 0]",0,0,0,,0.2727272727272727,11
210,1c14c2fe-8220-11f1-b0da-2389f409459f,9,"[0, 0, 1, 0, 1, 0, 0, 0, 1, 0, 0]",1,0,0,,0.2727272727272727,11
211,1c14c2fe-8220-11f1-b0da-2389f409459f,9,"[0, 0, 1, 0, 1, 0, 0, 0, 1, 0, 0]",2,1,1,,0.2727272727272727,11
212,1c14c2fe-8220-11f1-b0da-2389f409459f,9,"[0, 0, 1, 0, 1, 0, 0, 0, 1, 0, 0]",3,0,0,,0.2727272727272727,11
213,1c14c2fe-8220-11f1-b0da-2389f409459f,9,"[0, 0, 1, 0, 1, 0, 0, 0, 1, 0, 0]",4,1,1,,0.2727272727272727,11
214,1c14c2fe-8220-11f1-b0da-2389f409459f,9,"[0, 0, 1, 0, 1, 0, 0, 0, 1, 0, 0]",5,0,0,,0.2727272727272727,11
215,1c14c2fe-8220-11f1-b0da-2389f409459f,9,"[0, 0, 1, 0, 1, 0, 0, 0, 1, 0, 0]",6,0,0,,0.2727272727272727,11
216,1c14c2fe-8220-11f1-b0da-2389f409459f,9,"[0, 0, 1, 0, 1, 0, 0, 0, 1, 0, 0]",7,0,0,,0.2727272727272727,11
217,1c14c2fe-8220-11f1-b0da-2389f409459f,9,"[0, 0, 1, 0, 1, 0, 0, 0, 1, 0, 0]",8,1,1,,0.2727272727272727,11
218,1c14c2fe-8220-11f1-b0da-2389f409459f,9,"[0, 0, 1, 0, 1, 0, 0, 0, 1, 0, 0]",9,0,0,,0.2727272727272727,11
219,1c14c2fe-8220-11f1-b0da-2389f409459f,9,"[0, 0, 1, 0, 1, 0, 0, 0, 1, 0, 0]",10,0,0,,0.2727272727272727,11
220,1c1652c2-8220-11f1-b0da-2389f409459f,0,"[0, 1, 1, 0, 1, 1, 0, 1, 0, 1, 0]",0,0,0,,0.2727272727272727,11
221,1c1652c2-8220-11f1-b0da-2389f409459f,0,"[0, 1, 1, 0, 1, 1, 0, 1, 0, 1, 0]",1,1,-1,,0.2727272727272727,11
222,1c1652c2-8220-11f1-b0da-2389f409459f,0,"[0, 1, 1, 0, 1, 1, 0, 1, 0, 1, 0]",2,1,-1,,0.2727272727272727,11
223,1c1652c2-8220-11f1-b0da-2389f409459f,0,"[0, 1, 1, 0, 1, 1, 0, 1, 0, 1, 0]",3,0,0,,0.2727272727272727,11
224,1c1652c2-8220-11f1-b0da-2389f409459f,0,"[0, 1, 1, 0, 1, 1, 0, 1, 0, 1, 0]",4,1,-1,,0.2727272727272727,11
225,1c1652c2-8220-11f1-b0da-2389f409459f,0,"[0, 1, 1, 0, 1, 1, 0, 1, 0, 1, 0]",5,1,-1,,0.2727272727272727,11
226,1c1652c2-8220-11f1-b0da-2389f409459f,0,"[0, 1, 1, 0, 1, 1, 0, 1, 0, 1, 0]",6,0,0,,0.2727272727272727,11
227,1c1652c2-8220-11f1-b0da-2389f409459f,0,"[0, 1, 1, 0, 1, 1, 0, 1, 0, 1, 0]",7,1,-1,,0.2727272727272727,11
228,1c1652c2-8220-11f1-b0da-2389f409459f,0,"[0, 1, 1, 0, 1, 1, 0, 1, 0, 1, 0]",8,0,0,,0.2727272727272727,11
229,1c1652c2-8220-11f1-b0da-2389f409459f,0,"[0, 1, 1, 0, 1, 1, 0, 1, 0, 1, 0]",9,1,-1,,0.2727272727272727,11
230,1c1652c2-8220-11f1-b0da-2389f409459f,0,"[0, 1, 1, 0, 1, 1, 0, 1, 0, 1, 0]",10,0,0,,0.2727272727272727,11
231,1c1652c2-8220-11f1-b0da-2389f409459f,1,"[0, 0, 0, 0, 1, 1, 0, 1, 1, 0, 1]",0,0,0,,0.2727272727272727,11
232,1c1652c2-8220-11f1-b0da-2389f409459f,1,"[0, 0, 0, 0, 1, 1, 0, 1, 1, 0, 1]",1,0,0,,0.2727272727272727,11
233,1c1652c2-8220-11f1-b0da-2389f409459f,1,"[0, 0, 0, 0, 1, 1, 0, 1, 1, 0, 1]",2,0,0,,0.2727272727272727,11
234,1c1652c2-8220-11f1-b0da-2389f409459f,1,"[0, 0, 0, 0, 1, 1, 0, 1, 1, 0, 1]",3,0,0,,0.2727272727272727,11
235,1c1652c2-8220-11f1-b0da-2389f409459f,1,"[0, 0, 0, 0, 1, 1, 0, 1, 1, 0, 1]",4,1,-1,,0.2727272727272727,11
236,1c1652c2-8220-11f1-b0da-2389f409459f,1,"[0, 0, 0, 0, 1, 1, 0, 1, 1, 0, 1]",5,1,-1,,0.2727272727272727,11
237,1c1652c2-8220-11f1-b0da-2389f409459f,1,"[0, 0, 0, 0, 1, 1, 0, 1, 1, 0, 1]",6,0,0,,0.2727272727272727,11
238,1c1652c2-8220-11f1-b0da-2389f409459f,1,"[0, 0, 0, 0, 1, 1, 0, 1, 1, 0, 1]",7,1,-1,,0.2727272727272727,11
239,1c1652c2-8220-11f1-b0da-2389f409459f,1,"[0, 0, 0, 0, 1, 1, 0, 1, 1, 0, 1]",8,1,-1,,0.2727272727272727,11
240,1c1652c2-8220-11f1-b0da-2389f409459f,1,"[0, 0, 0, 0, 1, 1, 0, 1, 1, 0, 1]",9,0,0,,0.2727272727272727,11
241,1c1652c2-8220-11f1-b0da-2389f409459f,1,"[0, 0, 0, 0, 1, 1, 0, 1, 1, 0, 1]",10,1,-1,,0.2727272727272727,11
242,1c1652c2-8220-11f1-b0da-2389f409459f,2,"[0, 1, 1, 0, 1, 1, 1, 1, 1, 1, 1]",0,0,0,,0.2727272727272727,11
243,1c1652c2-8220-11f1-b0da-2389f409459f,2,"[0, 1, 1, 0, 1, 1, 1, 1, 1, 1, 1]",1,1,-1,,0.2727272727272727,11
244,1c1652c2-8220-11f1-b0da-2389f409459f,2,"[0, 1, 1, 0, 1, 1, 1, 1, 1, 1, 1]",2,1,-1,,0.2727272727272727,11
245,1c1652c2-8220-11f1-b0da-2389f409459f,2,"[0, 1, 1, 0, 1, 1, 1, 1, 1, 1, 1]",3,0,0,,0.2727272727272727,11
246,1c1652c2-8220-11f1-b0da-2389f409459f,2,"[0, 1, 1, 0, 1, 1, 1, 1, 1, 1, 1]",4,1,-1,,0.2727272727272727,11
247,1c1652c2-8220-11f1-b0da-2389f409459f,2,"[0, 1, 1, 0, 1, 1, 1, 1, 1, 1, 1]",5,1,-1,,0.2727272727272727,11
248,1c1652c2-8220-11f1-b0da-2389f409459f,2,"[0, 1, 1, 0, 1, 1, 1, 1, 1, 1, 1]",6,1,-1,,0.2727272727272727,11
249,1c1652c2-8220-11f1-b0da-2389f409459f,2,"[0, 1, 1, 0, 1, 1, 1, 1, 1, 1, 1]",7,1,-1,,0.2727272727272727,11
250,1c1652c2-8220-11f1-b0da-2389f409459f,2,"[0, 1, 1, 0, 1, 1, 1, 1, 1, 1, 1]",8,1,-1,,0.2727272727272727,11
251,1c1652c2-8220-11f1-b0da-2389f409459f,2,"[0, 1, 1, 0, 1, 1, 1, 1, 1, 1, 1]",9,1,-1,,0.2727272727272727,11
252,1c1652c2-8220-11f1-b0da-2389f409459f,2,"[0, 1, 1, 0, 1, 1, 1, 1, 1, 1, 1]",10,1,-1,,0.2727272727272727,11
253,1c1652c2-8220-11f1-b0da-2389f409459f,3,"[0, 1, 0, 1, 1, 1, 0, 0, 1, 1, 1]",0,0,0,,0.2727272727272727,11
254,1c1652c2-8220-11f1-b0da-2389f409459f,3,"[0, 1, 0, 1, 1, 1, 0, 0, 1, 1, 1]",1,1,-1,,0.2727272727272727,11
255,1c1652c2-8220-11f1-b0da-2389f409459f,3,"[0, 1, 0, 1, 1, 1, 0, 0, 1, 1, 1]",2,0,0,,0.2727272727272727,11
256,1c1652c2-8220-11f1-b0da-2389f409459f,3,"[0, 1, 0, 1, 1, 1, 0, 0, 1, 1, 1]",3,1,-1,,0.2727272727272727,11
257,1c1652c2-8220-11f1-b0da-2389f409459f,3,"[0, 1, 0, 1, 1, 1, 0, 0, 1, 1, 1]",4,1,-1,,0.2727272727272727,11
258,1c1652c2-8220-11f1-b0da-2389f409459f,3,"[0, 1, 0, 1, 1, 1, 0, 0, 1, 1, 1]",5,1,-1,,0.2727272727272727,11
259,1c1652c2-8220-11f1-b0da-2389f409459f,3,"[0, 1, 0, 1, 1, 1, 0, 0, 1, 1, 1]",6,0,0,,0.2727272727272727,11
260,1c1652c2-8220-11f1-b0da-2389f409459f,3,"[0, 1, 0, 1, 1, 1, 0, 0, 1, 1, 1]",7,0,0,,0.2727272727272727,11
261,1c1652c2-8220-11f1-b0da-2389f409459f,3,"[0, 1, 0, 1, 1, 1, 0, 0, 1, 1, 1]",8,1,-1,,0.2727272727272727,11
262,1c1652c2-8220-11f1-b0da-2389f409459f,3,"[0, 1, 0, 1, 1, 1, 0, 0, 1, 1, 1]",9,1,-1,,0.2727272727272727,11
263,1c1652c2-8220-11f1-b0da-2389f409459f,3,"[0, 1, 0, 1, 1, 1, 0, 0, 1, 1, 1]",10,1,-1,,0.2727272727272727,11
264,1c1652c2-8220-11f1-b0da-2389f409459f,4,"[0, 1, 0, 1, 0, 0, 0, 1, 0, 1, 1]",0,0,0,,0.2727272727272727,11
265,1c1652c2-8220-11f1-b0da-2389f409459f,4,"[0, 1, 0, 1, 0, 0, 0, 1, 0, 1, 1]",1,1,-1,,0.2727272727272727,11
266,1c1652c2-8220-11f1-b0da-2389f409459f,4,"[0, 1, 0, 1, 0, 0, 0, 1, 0, 1, 1]",2,0,0,,0.2727272727272727,11
267,1c1652c2-8220-11f1-b0da-2389f409459f,4,"[0, 1, 0, 1, 0, 0, 0, 1, 0, 1, 1]",3,1,-1,,0.2727272727272727,11
268,1c1652c2-8220-11f1-b0da-2389f409459f,4,"[0, 1, 0, 1, 0, 0, 0, 1, 0, 1, 1]",4,0,0,,0.2727272727272727,11
269,1c1652c2-8220-11f1-b0da-2389f409459f,4,"[0, 1, 0, 1, 0, 0, 0, 1, 0, 1, 1]",5,0,0,,0.2727272727272727,11
270,1c1652c2-8220-11f1-b0da-2389f409459f,4,"[0, 1, 0, 1, 0, 0, 0, 1, 0, 1, 1]",6,0,0,,0.2727272727272727,11
271,1c1652c2-8220-11f1-b0da-2389f409459f,4,"[0, 1, 0, 1, 0, 0, 0, 1, 0, 1, 1]",7,1,-1,,0.2727272727272727,11
272,1c1652c2-8220-11f1-b0da-2389f409459f,4,"[0, 1, 0, 1, 0, 0, 0, 1, 0, 1, 1]",8,0,0,,0.2727272727272727,11
273,1c1652c2-8220-11f1-b0da-2389f409459f,4,"[0, 1, 0, 1, 0, 0, 0, 1, 0, 1, 1]",9,1,-1,,0.2727272727272727,11
274,1c1652c2-8220-11f1-b0da-2389f409459f,4,"[0, 1, 0, 1, 0, 0, 0, 1, 0, 1, 1]",10,1,-1,,0.2727272727272727,11
275,1c1652c2-8220-11f1-b0da-2389f409459f,5,"[0, 0, 1, 1, 0, 1, 1, 1, 1, 0, 1]",0,0,0,,0.2727272727272727,11
276,1c1652c2-8220-11f1-b0da-2389f409459f,5,"[0, 0, 1, 1, 0, 1, 1, 1, 1, 0, 1]",1,0,0,,0.2727272727272727,11
277,1c1652c2-8220-11f1-b0da-2389f409459f,5,"[0, 0, 1, 1, 0, 1, 1, 1, 1, 0, 1]",2,1,-1,,0.2727272727272727,11
278,1c1652c2-8220-11f1-b0da-2389f409459f,5,"[0, 0, 1, 1, 0, 1, 1, 1, 1, 0, 1]",3,1,-1,,0.2727272727272727,11
279,1c1652c2-8220-11f1-b0da-2389f409459f,5,"[0, 0, 1, 1, 0, 1, 1, 1, 1, 0, 1]",4,0,0,,0.2727272727272727,11
280,1c1652c2-8220-11f1-b0da-2389f409459f,5,"[0, 0, 1, 1, 0, 1, 1, 1, 1, 0, 1]",5,1,-1,,0.2727272727272727,11
281,1c1652c2-8220-11f1-b0da-2389f409459f,5,"[0, 0, 1, 1, 0, 1, 1, 1, 1, 0, 1]",6,1,-1,,0.2727272727272727,11
282,1c1652c2-8220-11f1-b0da-2389f409459f,5,"[0, 0, 1, 1, 0, 1, 1, 1, 1, 0, 1]",7,1,-1,,0.2727272727272727,11
283,1c1652c2-8220-11f1-b0da-2389f409459f,5,"[0, 0, 1, 1, 0, 1, 1, 1, 1, 0, 1]",8,1,-1,,0.2727272727272727,11
284,1c1652c2-8220-11f1-b0da-2389f409459f,5,"[0, 0, 1, 1, 0, 1, 1, 1, 1, 0, 1]",9,0,0,,0.2727272727272727,11
285,1c1652c2-8220-11f1-b0da-2389f409459f,5,"[0, 0, 1, 1, 0, 1, 1, 1, 1, 0, 1]",10,1,-1,,0.2727272727272727,11
286,1c1652c2-8220-11f1-b0da-2389f409459f,6,"[0, 0, 0, 1, 1, 0, 0, 1, 0, 0, 0]",0,0,0,,0.2727272727272727,11
287,1c1652c2-8220-11f1-b0da-2389f409459f,6,"[0, 0, 0, 1, 1, 0, 0, 1, 0, 0, 0]",1,0,0,,0.2727272727272727,11
288,1c1652c2-8220-11f1-b0da-2389f409459f,6,"[0, 0, 0, 1, 1, 0, 0, 1, 0, 0, 0]",2,0,0,,0.2727272727272727,11
289,1c1652c2-8220-11f1-b0da-2389f409459f,6,"[0, 0, 0, 1, 1, 0, 0, 1, 0, 0, 0]",3,1,1,,0.2727272727272727,11
290,1c1652c2-8220-11f1-b0da-2389f409459f,6,"[0, 0, 0, 1, 1, 0, 0, 1, 0, 0, 0]",4,1,1,,0.2727272727272727,11
291,1c1652c2-8220-11f1-b0da-2389f409459f,6,"[0, 0, 0, 1, 1, 0, 0, 1, 0, 0, 0]",5,0,0,,0.2727272727272727,11
292,1c1652c2-8220-11f1-b0da-2389f409459f,6,"[0, 0, 0, 1, 1, 0, 0, 1, 0, 0, 0]",6,0,0,,0.2727272727272727,11
293,1c1652c2-8220-11f1-b0da-2389f409459f,6,"[0, 0, 0, 1, 1, 0, 0, 1, 0, 0, 0]",7,1,1,,0.2727272727272727,11
294,1c1652c2-8220-11f1-b0da-2389f409459f,6,"[0, 0, 0, 1, 1, 0, 0, 1, 0, 0, 0]",8,0,0,,0.2727272727272727,11
295,1c1652c2-8220-11f1-b0da-2389f409459f,6,"[0, 0, 0, 1, 1, 0, 0, 1, 0, 0, 0]",9,0,0,,0.2727272727272727,11
296,1c1652c2-8220-11f1-b0da-2389f409459f,6,"[0, 0, 0, 1, 1, 0, 0, 1, 0, 0, 0]",10,0,0,,0.2727272727272727,11
297,1c1652c2-8220-11f1-b0da-2389f409459f,7,"[1, 1, 0, 1, 0, 0, 1, 0, 0, 1, 0]",0,1,-1,,0.2727272727272727,11
298,1c1652c2-8220-11f1-b0da-2389f409459f,7,"[1, 1, 0, 1, 0, 0, 1, 0, 0, 1, 0]",1,1,-1,,0.2727272727272727,11
299,1c1652c2-8220-11f1-b0da-2389f409459f,7,"[1, 1, 0, 1, 0, 0, 1, 0, 0, 1, 0]",2,0,0,,0.2727272727272727,11
300,1c1652c2-8220-11f1-b0da-2389f409459f,7,"[1, 1, 0, 1, 0, 0, 1, 0, 0, 1, 0]",3,1,-1,,0.2727272727272727,11
301,1c1652c2-8220-11f1-b0da-2389f409459f,7,"[1, 1, 0, 1, 0, 0, 1, 0, 0, 1, 0]",4,0,0,,0.2727272727272727,11
302,1c1652c2-8220-11f1-b0da-2389f409459f,7,"[1, 1, 0, 1, 0, 0, 1, 0, 0, 1, 0]",5,0,0,,0.2727272727272727,11
303,1c1652c2-8220-11f1-b0da-2389f409459f,7,"[1, 1, 0, 1, 0, 0, 1, 0, 0, 1, 0]",6,1,-1,,0.2727272727272727,11
304,1c1652c2-8220-11f1-b0da-2389f409459f,7,"[1, 1, 0, 1, 0, 0, 1, 0, 0, 1, 0]",7,0,0,,0.2727272727272727,11
305,1c1652c2-8220-11f1-b0da-2389f409459f,7,"[1, 1, 0, 1, 0, 0, 1, 0, 0, 1, 0]",8,0,0,,0.2727272727272727,11
306,1c1652c2-8220-11f1-b0da-2389f409459f,7,"[1, 1, 0, 1, 0, 0, 1, 0, 0, 1, 0]",9,1,-1,,0.2727272727272727,11
307,1c1652c2-8220-11f1-b0da-2389f409459f,7,"[1, 1, 0, 1, 0, 0, 1, 0, 0, 1, 0]",10,0,0,,0.2727272727272727,11
308,1c1652c2-8220-11f1-b0da-2389f409459f,8,"[1, 0, 1, 1, 0, 0, 1, 1, 1, 0, 0]",0,1,-1,,0.2727272727272727,11
309,1c1652c2-8220-11f1-b0da-2389f409459f,8,"[1, 0, 1, 1, 0, 0, 1, 1, 1, 0, 0]",1,0,0,,0.2727272727272727,11
310,1c1652c2-8220-11f1-b0da-2389f409459f,8,"[1, 0, 1, 1, 0, 0, 1, 1, 1, 0, 0]",2,1,-1,,0.2727272727272727,11
311,1c1652c2-8220-11f1-b0da-2389f409459f,8,"[1, 0, 1, 1, 0, 0, 1, 1, 1, 0, 0]",3,1,-1,,0.2727272727272727,11
312,1c1652c2-8220-11f1-b0da-2389f409459f,8,"[1, 0, 1, 1, 0, 0, 1, 1, 1, 0, 0]",4,0,0,,0.2727272727272727,11
313,1c1652c2-8220-11f1-b0da-2389f409459f,8,"[1, 0, 1, 1, 0, 0, 1, 1, 1, 0, 0]",5,0,0,,0.2727272727272727,11
314,1c1652c2-8220-11f1-b0da-2389f409459f,8,"[1, 0, 1, 1, 0, 0, 1, 1, 1, 0, 0]",6,1,-1,,0.2727272727272727,11
315,1c1652c2-8220-11f1-b0da-2389f409459f,8,"[1, 0, 1, 1, 0, 0, 1, 1, 1, 0, 0]",7,1,-1,,0.2727272727272727,11
316,1c1652c2-8220-11f1-b0da-2389f409459f,8,"[1, 0, 1, 1, 0, 0, 1, 1, 1, 0, 0]",8,1,-1,,0.2727272727272727,11
317,1c1652c2-8220-11f1-b0da-2389f409459f,8,"[1, 0, 1, 1, 0, 0, 1, 1, 1, 0, 0]",9,0,0,,0.2727272727272727,11
318,1c1652c2-8220-11f1-b0da-2389f409459f,8,"[1, 0, 1, 1, 0, 0, 1, 1, 1, 0, 0]",10,0,0,,0.2727272727272727,11
319,1c1652c2-8220-11f1-b0da-2389f409459f,9,"[0, 1, 0, 1, 1, 0, 0, 1, 1, 1, 0]",0,0,0,,0.2727272727272727,11
320,1c1652c2-8220-11f1-b0da-2389f409459f,9,"[0, 1, 0, 1, 1, 0, 0, 1, 1, 1, 0]",1,1,-1,,0.2727272727272727,11
321,1c1652c2-8220-11f1-b0da-2389f409459f,9,"[0, 1, 0, 1, 1, 0, 0, 1, 1, 1, 0]",2,0,0,,0.2727272727272727,11
322,1c1652c2-8220-11f1-b0da-2389f409459f,9,"[0, 1, 0, 1, 1, 0, 0, 1, 1, 1, 0]",3,1,-1,,0.2727272727272727,11
323,1c1652c2-8220-11f1-b0da-2389f409459f,9,"[0, 1, 0, 1, 1, 0, 0, 1, 1, 1, 0]",4,1,-1,,0.2727272727272727,11
324,1c1652c2-8220-11f1-b0da-2389f409459f,9,"[0, 1, 0, 1, 1, 0, 0, 1, 1, 1, 0]",5,0,0,,0.2727272727272727,11
325,1c1652c2-8220-11f1-b0da-2389f409459f,9,"[0, 1, 0, 1, 1, 0, 0, 1, 1, 1, 0]",6,0,0,,0.2727272727272727,11
326,1c1652c2-8220-11f1-b0da-2389f409459f,9,"[0, 1, 0, 1, 1, 0, 0, 1, 1, 1, 0]",7,1,-1,,0.2727272727272727,11
327,1c1652c2-8220-11f1-b0da-2389f409459f,9,"[0, 1, 0, 1, 1, 0, 0, 1, 1, 1, 0]",8,1,-1,,0.2727272727272727,11
328,1c1652c2-8220-11f1-b0da-2389f409459f,9,"[0, 1, 0, 1, 1, 0, 0, 1, 1, 1, 0]",9,1,-1,,0.2727272727272727,11
329,1c1652c2-8220-11f1-b0da-2389f409459f,9,"[0, 1, 0, 1, 1, 0, 0, 1, 1, 1, 0]",10,0,0,,0.2727272727272727,11
330,1c175c44-8220-11f1-b0da-2389f409459f,0,"[1, 1, 1, 0, 0, 0, 1, 1, 1, 1, 1]",0,1,-1,,0.2727272727272727,11
331,1c175c44-8220-11f1-b0da-2389f409459f,0,"[1, 1, 1, 0, 0, 0, 1, 1, 1, 1, 1]",1,1,-1,,0.2727272727272727,11
332,1c175c44-8220-11f1-b0da-2389f409459f,0,"[1, 1, 1, 0, 0, 0, 1, 1, 1, 1, 1]",2,1,-1,,0.2727272727272727,11
333,1c175c44-8220-11f1-b0da-2389f409459f,0,"[1, 1, 1, 0, 0, 0, 1, 1, 1, 1, 1]",3,0,0,,0.2727272727272727,11
334,1c175c44-8220-11f1-b0da-2389f409459f,0,"[1, 1, 1, 0, 0, 0, 1, 1, 1, 1, 1]",4,0,0,,0.2727272727272727,11
335,1c175c44-8220-11f1-b0da-2389f409459f,0,"[1, 1, 1, 0, 0, 0, 1, 1, 1, 1, 1]",5,0,0,,0.2727272727272727,11
336,1c175c44-8220-11f1-b0da-2389f409459f,0,"[1, 1, 1, 0, 0, 0, 1, 1, 1, 1, 1]",6,1,-1,,0.2727272727272727,11
337,1c175c44-8220-11f1-b0da-2389f409459f,0,"[1, 1, 1, 0, 0, 0, 1, 1, 1, 1, 1]",7,1,-1,,0.2727272727272727,11
338,1c175c44-8220-11f1-b0da-2389f409459f,0,"[1, 1, 1, 0, 0, 0, 1, 1, 1, 1, 1]",8,1,-1,,0.2727272727272727,11
339,1c175c44-8220-11f1-b0da-2389f409459f,0,"[1, 1, 1, 0, 0, 0, 1, 1, 1, 1, 1]",9,1,-1,,0.2727272727272727,11
340,1c175c44-8220-11f1-b0da-2389f409459f,0,"[1, 1, 1, 0, 0, 0, 1, 1, 1, 1, 1]",10,1,-1,,0.2727272727272727,11
341,1c175c44-8220-11f1-b0da-2389f409459f,1,"[0, 0, 1, 1, 0, 0, 0, 0, 0, 0, 0]",0,0,0,,0.2727272727272727,11
342,1c175c44-8220-11f1-b0da-2389f409459f,1,"[0, 0, 1, 1, 0, 0, 0, 0, 0, 0, 0]",1,0,0,,0.2727272727272727,11
343,1c175c44-8220-11f1-b0da-2389f409459f,1,"[0, 0, 1, 1, 0, 0, 0, 0, 0, 0, 0]",2,1,1,,0.2727272727272727,11
344,1c175c44-8220-11f1-b0da-2389f409459f,1,"[0, 0, 1, 1, 0, 0, 0, 0, 0, 0, 0]",3,1,1,,0.2727272727272727,11
345,1c175c44-8220-11f1-b0da-2389f409459f,1,"[0, 0, 1, 1, 0, 0, 0, 0, 0, 0, 0]",4,0,0,,0.2727272727272727,11
346,1c175c44-8220-11f1-b0da-2389f409459f,1,"[0, 0, 1, 1, 0, 0, 0, 0, 0, 0, 0]",5,0,0,,0.2727272727272727,11
347,1c175c44-8220-11f1-b0da-2389f409459f,1,"[0, 0, 1, 1, 0, 0, 0, 0, 0, 0, 0]",6,0,0,,0.2727272727272727,11
348,1c175c44-8220-11f1-b0da-2389f409459f,1,"[0, 0, 1, 1, 0, 0, 0, 0, 0, 0, 0]",7,0,0,,0.2727272727272727,11
349,1c175c44-8220-11f1-b0da-2389f409459f,1,"[0, 0, 1, 1, 0, 0, 0, 0, 0, 0, 0]",8,0,0,,0.2727272727272727,11
350,1c175c44-8220-11f1-b0da-2389f409459f,1,"[0, 0, 1, 1, 0, 0, 0, 0, 0, 0, 0]",9,0,0,,0.2727272727272727,11
351,1c175c44-8220-11f1-b0da-2389f409459f,1,"[0, 0, 1, 1, 0, 0, 0, 0, 0, 0, 0]",10,0,0,,0.2727272727272727,11
352,1c175c44-8220-11f1-b0da-2389f409459f,2,"[1, 1, 1, 0, 1, 0, 1, 0, 1, 1, 1]",0,1,-1,,0.2727272727272727,11
353,1c175c44-8220-11f1-b0da-2389f409459f,2,"[1, 1, 1, 0, 1, 0, 1, 0, 1, 1, 1]",1,1,-1,,0.2727272727272727,11
354,1c175c44-8220-11f1-b0da-2389f409459f,2,"[1, 1, 1, 0, 1, 0, 1, 0, 1, 1, 1]",2,1,-1,,0.2727272727272727,11
355,1c175c44-8220-11f1-b0da-2389f409459f,2,"[1, 1, 1, 0, 1, 0, 1, 0, 1, 1, 1]",3,0,0,,0.2727272727272727,11
356,1c175c44-8220-11f1-b0da-2389f409459f,2,"[1, 1, 1, 0, 1, 0, 1, 0, 1, 1, 1]",4,1,-1,,0.2727272727272727,11
357,1c175c44-8220-11f1-b0da-2389f409459f,2,"[1, 1, 1, 0, 1, 0, 1, 0, 1, 1, 1]",5,0,0,,0.2727272727272727,11
358,1c175c44-8220-11f1-b0da-2389f409459f,2,"[1, 1, 1, 0, 1, 0, 1, 0, 1, 1, 1]",6,1,-1,,0.2727272727272727,11
359,1c175c44-8220-11f1-b0da-2389f409459f,2,"[1, 1, 1, 0, 1, 0, 1, 0, 1, 1, 1]",7,0,0,,0.2727272727272727,11
360,1c175c44-8220-11f1-b0da-2389f409459f,2,"[1, 1, 1, 0, 1, 0, 1, 0, 1, 1, 1]",8,1,-1,,0.2727272727272727,11
361,1c175c44-8220-11f1-b0da-2389f409459f,2,"[1, 1, 1, 0, 1, 0, 1, 0, 1, 1, 1]",9,1,-1,,0.2727272727272727,11
362,1c175c44-8220-11f1-b0da-2389f409459f,2,"[1, 1, 1, 0, 1, 0, 1, 0, 1, 1, 1]",10,1,-1,,0.2727272727272727,11
363,1c175c44-8220-11f1-b0da-2389f409459f,3,"[0, 0, 1, 0, 0, 0, 0, 1, 0, 0, 0]",0,0,0,,0.2727272727272727,11
364,1c175c44-8220-11f1-b0da-2389f409459f,3,"[0, 0, 1, 0, 0, 0, 0, 1, 0, 0, 0]",1,0,0,,0.2727272727272727,11
365,1c175c44-8220-11f1-b0da-2389f409459f,3,"[0, 0, 1, 0, 0, 0, 0, 1, 0, 0, 0]",2,1,1,,0.2727272727272727,11
366,1c175c44-8220-11f1-b0da-2389f409459f,3,"[0, 0, 1, 0, 0, 0, 0, 1, 0, 0, 0]",3,0,0,,0.2727272727272727,11
367,1c175c44-8220-11f1-b0da-2389f409459f,3,"[0, 0, 1, 0, 0, 0, 0, 1, 0, 0, 0]",4,0,0,,0.2727272727272727,11
368,1c175c44-8220-11f1-b0da-2389f409459f,3,"[0, 0, 1, 0, 0, 0, 0, 1, 0, 0, 0]",5,0,0,,0.2727272727272727,11
369,1c175c44-8220-11f1-b0da-2389f409459f,3,"[0, 0, 1, 0, 0, 0, 0, 1, 0, 0, 0]",6,0,0,,0.2727272727272727,11
370,1c175c44-8220-11f1-b0da-2389f409459f,3,"[0, 0, 1, 0, 0, 0, 0, 1, 0, 0, 0]",7,1,1,,0.2727272727272727,11
371,1c175c44-8220-11f1-b0da-2389f409459f,3,"[0, 0, 1, 0, 0, 0, 0, 1, 0, 0, 0]",8,0,0,,0.2727272727272727,11
372,1c175c44-8220-11f1-b0da-2389f409459f,3,"[0, 0, 1, 0, 0, 0, 0, 1, 0, 0, 0]",9,0,0,,0.2727272727272727,11
373,1c175c44-8220-11f1-b0da-2389f409459f,3,"[0, 0, 1, 0, 0, 0, 0, 1, 0, 0, 0]",10,0,0,,0.2727272727272727,11
374,1c175c44-8220-11f1-b0da-2389f409459f,4,"[1, 0, 1, 1, 0, 0, 1, 0, 0, 1, 0]",0,1,-1,,0.2727272727272727,11
375,1c175c44-8220-11f1-b0da-2389f409459f,4,"[1, 0, 1, 1, 0, 0, 1, 0, 0, 1, 0]",1,0,0,,0.2727272727272727,11
376,1c175c44-8220-11f1-b0da-2389f409459f,4,"[1, 0, 1, 1, 0, 0, 1, 0, 0, 1, 0]",2,1,-1,,0.2727272727272727,11
377,1c175c44-8220-11f1-b0da-2389f409459f,4,"[1, 0, 1, 1, 0, 0, 1, 0, 0, 1, 0]",3,1,-1,,0.2727272727272727,11
378,1c175c44-8220-11f1-b0da-2389f409459f,4,"[1, 0, 1, 1, 0, 0, 1, 0, 0, 1, 0]",4,0,0,,0.2727272727272727,11
379,1c175c44-8220-11f1-b0da-2389f409459f,4,"[1, 0, 1, 1, 0, 0, 1, 0, 0, 1, 0]",5,0,0,,0.2727272727272727,11
380,1c175c44-8220-11f1-b0da-2389f409459f,4,"[1, 0, 1, 1, 0, 0, 1, 0, 0, 1, 0]",6,1,-1,,0.2727272727272727,11
381,1c175c44-8220-11f1-b0da-2389f409459f,4,"[1, 0, 1, 1, 0, 0, 1, 0, 0, 1, 0]",7,0,0,,0.2727272727272727,11
382,1c175c44-8220-11f1-b0da-2389f409459f,4,"[1, 0, 1, 1, 0, 0, 1, 0, 0, 1, 0]",8,0,0,,0.2727272727272727,11
383,1c175c44-8220-11f1-b0da-2389f409459f,4,"[1, 0, 1, 1, 0, 0, 1, 0, 0, 1, 0]",9,1,-1,,0.2727272727272727,11
384,1c175c44-8220-11f1-b0da-2389f409459f,4,"[1, 0, 1, 1, 0, 0, 1, 0, 0, 1, 0]",10,0,0,,0.2727272727272727,11
385,1c175c44-8220-11f1-b0da-2389f409459f,5,"[1, 0, 0, 0, 0, 0, 1, 1, 0, 1, 1]",0,1,-1,,0.2727272727272727,11
386,1c175c44-8220-11f1-b0da-2389f409459f,5,"[1, 0, 0, 0, 0, 0, 1, 1, 0, 1, 1]",1,0,0,,0.2727272727272727,11
387,1c175c44-8220-11f1-b0da-2389f409459f,5,"[1, 0, 0, 0, 0, 0, 1, 1, 0, 1, 1]",2,0,0,,0.2727272727272727,11
388,1c175c44-8220-11f1-b0da-2389f409459f,5,"[1, 0, 0, 0, 0, 0, 1, 1, 0, 1, 1]",3,0,0,,0.2727272727272727,11
389,1c175c44-8220-11f1-b0da-2389f409459f,5,"[1, 0, 0, 0, 0, 0, 1, 1, 0, 1, 1]",4,0,0,,0.2727272727272727,11
390,1c175c44-8220-11f1-b0da-2389f409459f,5,"[1, 0, 0, 0, 0, 0, 1, 1, 0, 1, 1]",5,0,0,,0.2727272727272727,11
391,1c175c44-8220-11f1-b0da-2389f409459f,5,"[1, 0, 0, 0, 0, 0, 1, 1, 0, 1, 1]",6,1,-1,,0.2727272727272727,11
392,1c175c44-8220-11f1-b0da-2389f409459f,5,"[1, 0, 0, 0, 0, 0, 1, 1, 0, 1, 1]",7,1,-1,,0.2727272727272727,11
393,1c175c44-8220-11f1-b0da-2389f409459f,5,"[1, 0, 0, 0, 0, 0, 1, 1, 0, 1, 1]",8,0,0,,0.2727272727272727,11
394,1c175c44-8220-11f1-b0da-2389f409459f,5,"[1, 0, 0, 0, 0, 0, 1, 1, 0, 1, 1]",9,1,-1,,0.2727272727272727,11
395,1c175c44-8220-11f1-b0da-2389f409459f,5,"[1, 0, 0, 0, 0, 0, 1, 1, 0, 1, 1]",10,1,-1,,0.2727272727272727,11
396,1c175c44-8220-11f1-b0da-2389f409459f,6,"[1, 1, 1, 0, 0, 1, 0, 1, 1, 1, 1]",0,1,-1,,0.2727272727272727,11
397,1c175c44-8220-11f1-b0da-2389f409459f,6,"[1, 1, 1, 0, 0, 1, 0, 1, 1, 1, 1]",1,1,-1,,0.2727272727272727,11
398,1c175c44-8220-11f1-b0da-2389f409459f,6,"[1, 1, 1, 0, 0, 1, 0, 1, 1, 1, 1]",2,1,-1,,0.2727272727272727,11
399,1c175c44-8220-11f1-b0da-2389f409459f,6,"[1, 1, 1, 0, 0, 1, 0, 1, 1, 1, 1]",3,0,0,,0.2727272727272727,11
400,1c175c44-8220-11f1-b0da-2389f409459f,6,"[1, 1, 1, 0, 0, 1, 0, 1, 1, 1, 1]",4,0,0,,0.2727272727272727,11
401,1c175c44-8220-11f1-b0da-2389f409459f,6,"[1, 1, 1, 0, 0, 1, 0, 1, 1, 1, 1]",5,1,-1,,0.2727272727272727,11
402,1c175c44-8220-11f1-b0da-2389f409459f,6,"[1, 1, 1, 0, 0, 1, 0, 1, 1, 1, 1]",6,0,0,,0.2727272727272727,11
403,1c175c44-8220-11f1-b0da-2389f409459f,6,"[1, 1, 1, 0, 0, 1, 0, 1, 1, 1, 1]",7,1,-1,,0.2727272727272727,11
404,1c175c44-8220-11f1-b0da-2389f409459f,6,"[1, 1, 1, 0, 0, 1, 0, 1, 1, 1, 1]",8,1,-1,,0.2727272727272727,11
405,1c175c44-8220-11f1-b0da-2389f409459f,6,"[1, 1, 1, 0, 0, 1, 0, 1, 1, 1, 1]",9,1,-1,,0.2727272727272727,11
406,1c175c44-8220-11f1-b0da-2389f409459f,6,"[1, 1, 1, 0, 0, 1, 0, 1, 1, 1, 1]",10,1,-1,,0.2727272727272727,11
407,1c175c44-8220-11f1-b0da-2389f409459f,7,"[1, 1, 1, 0, 0, 1, 1, 0, 0, 0, 1]",0,1,-1,,0.2727272727272727,11
408,1c175c44-8220-11f1-b0da-2389f409459f,7,"[1, 1, 1, 0, 0, 1, 1, 0, 0, 0, 1]",1,1,-1,,0.2727272727272727,11
409,1c175c44-8220-11f1-b0da-2389f409459f,7,"[1, 1, 1, 0, 0, 1, 1, 0, 0, 0, 1]",2,1,-1,,0.2727272727272727,11
410,1c175c44-8220-11f1-b0da-2389f409459f,7,"[1, 1, 1, 0, 0, 1, 1, 0, 0, 0, 1]",3,0,0,,0.2727272727272727,11
411,1c175c44-8220-11f1-b0da-2389f409459f,7,"[1, 1, 1, 0, 0, 1, 1, 0, 0, 0, 1]",4,0,0,,0.2727272727272727,11
412,1c175c44-8220-11f1-b0da-2389f409459f,7,"[1, 1, 1, 0, 0, 1, 1, 0, 0, 0, 1]",5,1,-1,,0.2727272727272727,11
413,1c175c44-8220-11f1-b0da-2389f409459f,7,"[1, 1, 1, 0, 0, 1, 1, 0, 0, 0, 1]",6,1,-1,,0.2727272727272727,11
414,1c175c44-8220-11f1-b0da-2389f409459f,7,"[1, 1, 1, 0, 0, 1, 1, 0, 0, 0, 1]",7,0,0,,0.2727272727272727,11
415,1c175c44-8220-11f1-b0da-2389f409459f,7,"[1, 1, 1, 0, 0, 1, 1, 0, 0, 0, 1]",8,0,0,,0.2727272727272727,11
416,1c175c44-8220-11f1-b0da-2389f409459f,7,"[1, 1, 1, 0, 0, 1, 1, 0, 0, 0, 1]",9,0,0,,0.2727272727272727,11
417,1c175c44-8220-11f1-b0da-2389f409459f,7,"[1, 1, 1, 0, 0, 1, 1, 0, 0, 0, 1]",10,1,-1,,0.2727272727272727,11
418,1c175c44-8220-11f1-b0da-2389f409459f,8,"[0, 0, 0, 0, 1, 1, 1, 0, 0, 0, 1]",0,0,0,,0.2727272727272727,11
419,1c175c44-8220-11f1-b0da-2389f409459f,8,"[0, 0, 0, 0, 1, 1, 1, 0, 0, 0, 1]",1,0,0,,0.2727272727272727,11
420,1c175c44-8220-11f1-b0da-2389f409459f,8,"[0, 0, 0, 0, 1, 1, 1, 0, 0, 0, 1]",2,0,0,,0.2727272727272727,11
421,1c175c44-8220-11f1-b0da-2389f409459f,8,"[0, 0, 0, 0, 1, 1, 1, 0, 0, 0, 1]",3,0,0,,0.2727272727272727,11
422,1c175c44-8220-11f1-b0da-2389f409459f,8,"[0, 0, 0, 0, 1, 1, 1, 0, 0, 0, 1]",4,1,-1,,0.2727272727272727,11
423,1c175c44-8220-11f1-b0da-2389f409459f,8,"[0, 0, 0, 0, 1, 1, 1, 0, 0, 0, 1]",5,1,-1,,0.2727272727272727,11
424,1c175c44-8220-11f1-b0da-2389f409459f,8,"[0, 0, 0, 0, 1, 1, 1, 0, 0, 0, 1]",6,1,-1,,0.2727272727272727,11
425,1c175c44-8220-11f1-b0da-2389f409459f,8,"[0, 0, 0, 0, 1, 1, 1, 0, 0, 0, 1]",7,0,0,,0.2727272727272727,11
426,1c175c44-8220-11f1-b0da-2389f409459f,8,"[0, 0, 0, 0, 1, 1, 1, 0, 0, 0, 1]",8,0,0,,0.2727272727272727,11
427,1c175c44-8220-11f1-b0da-2389f409459f,8,"[0, 0, 0, 0, 1, 1, 1, 0, 0, 0, 1]",9,0,0,,0.2727272727272727,11
428,1c175c44-8220-11f1-b0da-2389f409459f,8,"[0, 0, 0, 0, 1, 1, 1, 0, 0, 0, 1]",10,1,-1,,0.2727272727272727,11
429,1c175c44-8220-11f1-b0da-2389f409459f,9,"[0, 1, 0, 0, 1, 1, 0, 1, 1, 0, 0]",0,0,0,,0.2727272727272727,11
430,1c175c44-8220-11f1-b0da-2389f409459f,9,"[0, 1, 0, 0, 1, 1, 0, 1, 1, 0, 0]",1,1,-1,,0.2727272727272727,11
431,1c175c44-8220-11f1-b0da-2389f409459f,9,"[0, 1, 0, 0, 1, 1, 0, 1, 1, 0, 0]",2,0,0,,0.2727272727272727,11
432,1c175c44-8220-11f1-b0da-2389f409459f,9,"[0, 1, 0, 0, 1, 1, 0, 1, 1, 0, 0]",3,0,0,,0.2727272727272727,11
433,1c175c44-8220-11f1-b0da-2389f409459f,9,"[0, 1, 0, 0, 1, 1, 0, 1, 1, 0, 0]",4,1,-1,,0.2727272727272727,11
434,1c175c44-8220-11f1-b0da-2389f409459f,9,"[0, 1, 0, 0, 1, 1, 0, 1, 1, 0, 0]",5,1,-1,,0.2727272727272727,11
435,1c175c44-8220-11f1-b0da-2389f409459f,9,"[0, 1, 0, 0, 1, 1, 0, 1, 1, 0, 0]",6,0,0,,0.2727272727272727,11
436,1c175c44-8220-11f1-b0da-2389f409459f,9,"[0, 1, 0, 0, 1, 1, 0, 1, 1, 0, 0]",7,1,-1,,0.2727272727272727,11
437,1c175c44-8220-11f1-b0da-2389f409459f,9,"[0, 1, 0, 0, 1, 1, 0, 1, 1, 0, 0]",8,1,-1,,0.2727272727272727,11
438,1c175c44-8220-11f1-b0da-2389f409459f,9,"[0, 1, 0, 0, 1, 1, 0, 1, 1, 0, 0]",9,0,0,,0.2727272727272727,11
439,1c175c44-8220-11f1-b0da-2389f409459f,9,"[0, 1, 0, 0, 1, 1, 0, 1, 1, 0, 0]",10,0,0,,0.2727272727272727,11
440,1c18b616-8220-11f1-b0da-2389f409459f,0,"[0, 1, 1, 1, 1, 1, 1, 1, 1, 1, 1]",0,0,0,,0.2727272727272727,11
441,1c18b616-8220-11f1-b0da-2389f409459f,0,"[0, 1, 1, 1, 1, 1, 1, 1, 1, 1, 1]",1,1,-1,,0.2727272727272727,11
442,1c18b616-8220-11f1-b0da-2389f409459f,0,"[0, 1, 1, 1, 1, 1, 1, 1, 1, 1, 1]",2,1,-1,,0.2727272727272727,11
443,1c18b616-8220-11f1-b0da-2389f409459f,0,"[0, 1, 1, 1, 1, 1, 1, 1, 1, 1, 1]",3,1,-1,,0.2727272727272727,11
444,1c18b616-8220-11f1-b0da-2389f409459f,0,"[0, 1, 1, 1, 1, 1, 1, 1, 1, 1, 1]",4,1,-1,,0.2727272727272727,11
445,1c18b616-8220-11f1-b0da-2389f409459f,0,"[0, 1, 1, 1, 1, 1, 1, 1, 1, 1, 1]",5,1,-1,,0.2727272727272727,11
446,1c18b616-8220-11f1-b0da-2389f409459f,0,"[0, 1, 1, 1, 1, 1, 1, 1, 1, 1, 1]",6,1,-1,,0.2727272727272727,11
447,1c18b616-8220-11f1-b0da-2389f409459f,0,"[0, 1, 1, 1, 1, 1, 1, 1, 1, 1, 1]",7,1,-1,,0.2727272727272727,11
448,1c18b616-8220-11f1-b0da-2389f409459f,0,"[0, 1, 1, 1, 1, 1, 1, 1, 1, 1, 1]",8,1,-1,,0.2727272727272727,11
449,1c18b616-8220-11f1-b0da-2389f409459f,0,"[0, 1, 1, 1, 1, 1, 1, 1, 1, 1, 1]",9,1,-1,,0.2727272727272727,11
450,1c18b616-8220-11f1-b0da-2389f409459f,0,"[0, 1, 1, 1, 1, 1, 1, 1, 1, 1, 1]",10,1,-1,,0.2727272727272727,11
451,1c18b616-8220-11f1-b0da-2389f409459f,1,"[0, 0, 1, 0, 1, 1, 1, 1, 1, 1, 0]",0,0,0,,0.2727272727272727,11
452,1c18b616-8220-11f1-b0da-2389f409459f,1,"[0, 0, 1, 0, 1, 1, 1, 1, 1, 1, 0]",1,0,0,,0.2727272727272727,11
453,1c18b616-8220-11f1-b0da-2389f409459f,1,"[0, 0, 1, 0, 1, 1, 1, 1, 1, 1, 0]",2,1,-1,,0.2727272727272727,11
454,1c18b616-8220-11f1-b0da-2389f409459f,1,"[0, 0, 1, 0, 1, 1, 1, 1, 1, 1, 0]",3,0,0,,0.2727272727272727,11
455,1c18b616-8220-11f1-b0da-2389f409459f,1,"[0, 0, 1, 0, 1, 1, 1, 1, 1, 1, 0]",4,1,-1,,0.2727272727272727,11
456,1c18b616-8220-11f1-b0da-2389f409459f,1,"[0, 0, 1, 0, 1, 1, 1, 1, 1, 1, 0]",5,1,-1,,0.2727272727272727,11
457,1c18b616-8220-11f1-b0da-2389f409459f,1,"[0, 0, 1, 0, 1, 1, 1, 1, 1, 1, 0]",6,1,-1,,0.2727272727272727,11
458,1c18b616-8220-11f1-b0da-2389f409459f,1,"[0, 0, 1, 0, 1, 1, 1, 1, 1, 1, 0]",7,1,-1,,0.2727272727272727,11
459,1c18b616-8220-11f1-b0da-2389f409459f,1,"[0, 0, 1, 0, 1, 1, 1, 1, 1, 1, 0]",8,1,-1,,0.2727272727272727,11
460,1c18b616-8220-11f1-b0da-2389f409459f,1,"[0, 0, 1, 0, 1, 1, 1, 1, 1, 1, 0]",9,1,-1,,0.2727272727272727,11
461,1c18b616-8220-11f1-b0da-2389f409459f,1,"[0, 0, 1, 0, 1, 1, 1, 1, 1, 1, 0]",10,0,0,,0.2727272727272727,11
462,1c18b616-8220-11f1-b0da-2389f409459f,2,"[0, 0, 0, 1, 0, 0, 0, 1, 0, 1, 1]",0,0,0,,0.2727272727272727,11
463,1c18b616-8220-11f1-b0da-2389f409459f,2,"[0, 0, 0, 1, 0, 0, 0, 1, 0, 1, 1]",1,0,0,,0.2727272727272727,11
464,1c18b616-8220-11f1-b0da-2389f409459f,2,"[0, 0, 0, 1, 0, 0, 0, 1, 0, 1, 1]",2,0,0,,0.2727272727272727,11
465,1c18b616-8220-11f1-b0da-2389f409459f,2,"[0, 0, 0, 1, 0, 0, 0, 1, 0, 1, 1]",3,1,-1,,0.2727272727272727,11
466,1c18b616-8220-11f1-b0da-2389f409459f,2,"[0, 0, 0, 1, 0, 0, 0, 1, 0, 1, 1]",4,0,0,,0.2727272727272727,11
467,1c18b616-8220-11f1-b0da-2389f409459f,2,"[0, 0, 0, 1, 0, 0, 0, 1, 0, 1, 1]",5,0,0,,0.2727272727272727,11
468,1c18b616-8220-11f1-b0da-2389f409459f,2,"[0, 0, 0, 1, 0, 0, 0, 1, 0, 1, 1]",6,0,0,,0.2727272727272727,11
469,1c18b616-8220-11f1-b0da-2389f409459f,2,"[0, 0, 0, 1, 0, 0, 0, 1, 0, 1, 1]",7,1,-1,,0.2727272727272727,11
470,1c18b616-8220-11f1-b0da-2389f409459f,2,"[0, 0, 0, 1, 0, 0, 0, 1, 0, 1, 1]",8,0,0,,0.2727272727272727,11
471,1c18b616-8220-11f1-b0da-2389f409459f,2,"[0, 0, 0, 1, 0, 0, 0, 1, 0, 1, 1]",9,1,-1,,0.2727272727272727,11
472,1c18b616-8220-11f1-b0da-2389f409459f,2,"[0, 0, 0, 1, 0, 0, 0, 1, 0, 1, 1]",10,1,-1,,0.2727272727272727,11
473,1c18b616-8220-11f1-b0da-2389f409459f,3,"[0, 0, 1, 1, 0, 1, 0, 1, 0, 0, 0]",0,0,0,,0.2727272727272727,11
474,1c18b616-8220-11f1-b0da-2389f409459f,3,"[0, 0, 1, 1, 0, 1, 0, 1, 0, 0, 0]",1,0,0,,0.2727272727272727,11
475,1c18b616-8220-11f1-b0da-2389f409459f,3,"[0, 0, 1, 1, 0, 1, 0, 1, 0, 0, 0]",2,1,-1,,0.2727272727272727,11
476,1c18b616-8220-11f1-b0da-2389f409459f,3,"[0, 0, 1, 1, 0, 1, 0, 1, 0, 0, 0]",3,1,-1,,0.2727272727272727,11
477,1c18b616-8220-11f1-b0da-2389f409459f,3,"[0, 0, 1, 1, 0, 1, 0, 1, 0, 0, 0]",4,0,0,,0.2727272727272727,11
478,1c18b616-8220-11f1-b0da-2389f409459f,3,"[0, 0, 1, 1, 0, 1, 0, 1, 0, 0, 0]",5,1,-1,,0.2727272727272727,11
479,1c18b616-8220-11f1-b0da-2389f409459f,3,"[0, 0, 1, 1, 0, 1, 0, 1, 0, 0, 0]",6,0,0,,0.2727272727272727,11
480,1c18b616-8220-11f1-b0da-2389f409459f,3,"[0, 0, 1, 1, 0, 1, 0, 1, 0, 0, 0]",7,1,-1,,0.2727272727272727,11
481,1c18b616-8220-11f1-b0da-2389f409459f,3,"[0, 0, 1, 1, 0, 1, 0, 1, 0, 0, 0]",8,0,0,,0.2727272727272727,11
482,1c18b616-8220-11f1-b0da-2389f409459f,3,"[0, 0, 1, 1, 0, 1, 0, 1, 0, 0, 0]",9,0,0,,0.2727272727272727,11
483,1c18b616-8220-11f1-b0da-2389f409459f,3,"[0, 0, 1, 1, 0, 1, 0, 1, 0, 0, 0]",10,0,0,,0.2727272727272727,11
484,1c18b616-8220-11f1-b0da-2389f409459f,4,"[0, 1, 1, 1, 0, 0, 0, 1, 0, 1, 1]",0,0,0,,0.2727272727272727,11
485,1c18b616-8220-11f1-b0da-2389f409459f,4,"[0, 1, 1, 1, 0, 0, 0, 1, 0, 1, 1]",1,1,-1,,0.2727272727272727,11
486,1c18b616-8220-11f1-b0da-2389f409459f,4,"[0, 1, 1, 1, 0, 0, 0, 1, 0, 1, 1]",2,1,-1,,0.2727272727272727,11
487,1c18b616-8220-11f1-b0da-2389f409459f,4,"[0, 1, 1, 1, 0, 0, 0, 1, 0, 1, 1]",3,1,-1,,0.2727272727272727,11
488,1c18b616-8220-11f1-b0da-2389f409459f,4,"[0, 1, 1, 1, 0, 0, 0, 1, 0, 1, 1]",4,0,0,,0.2727272727272727,11
489,1c18b616-8220-11f1-b0da-2389f409459f,4,"[0, 1, 1, 1, 0, 0, 0, 1, 0, 1, 1]",5,0,0,,0.2727272727272727,11
490,1c18b616-8220-11f1-b0da-2389f409459f,4,"[0, 1, 1, 1, 0, 0, 0, 1, 0, 1, 1]",6,0,0,,0.2727272727272727,11
491,1c18b616-8220-11f1-b0da-2389f409459f,4,"[0, 1, 1, 1, 0, 0, 0, 1, 0, 1, 1]",7,1,-1,,0.2727272727272727,11
492,1c18b616-8220-11f1-b0da-2389f409459f,4,"[0, 1, 1, 1, 0, 0, 0, 1, 0, 1, 1]",8,0,0,,0.2727272727272727,11
493,1c18b616-8220-11f1-b0da-2389f409459f,4,"[0, 1, 1, 1, 0, 0, 0, 1, 0, 1, 1]",9,1,-1,,0.2727272727272727,11
494,1c18b616-8220-11f1-b0da-2389f409459f,4,"[0, 1, 1, 1, 0, 0, 0, 1, 0, 1, 1]",10,1,-1,,0.2727272727272727,11
495,1c18b616-8220-11f1-b0da-2389f409459f,5,"[0, 0, 1, 1, 0, 0, 1, 0, 0, 0, 0]",0,0,0,,0.2727272727272727,11
496,1c18b616-8220-11f1-b0da-2389f409459f,5,"[0, 0, 1, 1, 0, 0, 1, 0, 0, 0, 0]",1,0,0,,0.2727272727272727,11
497,1c18b616-8220-11f1-b0da-2389f409459f,5,"[0, 0, 1, 1, 0, 0, 1, 0, 0, 0, 0]",2,1,1,,0.2727272727272727,11
498,1c18b616-8220-11f1-b0da-2389f409459f,5,"[0, 0, 1, 1, 0, 0, 1, 0, 0, 0, 0]",3,1,1,,0.2727272727272727,11
499,1c18b616-8220-11f1-b0da-2389f409459f,5,"[0, 0, 1, 1, 0, 0, 1, 0, 0, 0, 0]",4,0,0,,0.2727272727272727,11
500,1c18b616-8220-11f1-b0da-2389f409459f,5,"[0, 0, 1, 1, 0, 0, 1, 0, 0, 0, 0]",5,0,0,,0.2727272727272727,11
501,1c18b616-8220-11f1-b0da-2389f409459f,5,"[0, 0, 1, 1, 0, 0, 1, 0, 0, 0, 0]",6,1,1,,0.2727272727272727,11
502,1c18b616-8220-11f1-b0da-2389f409459f,5,"[0, 0, 1, 1, 0, 0, 1, 0, 0, 0, 0]",7,0,0,,0.2727272727272727,11
503,1c18b616-8220-11f1-b0da-2389f409459f,5,"[0, 0, 1, 1, 0, 0, 1, 0, 0, 0, 0]",8,0,0,,0.2727272727272727,11
504,1c18b616-8220-11f1-b0da-2389f409459f,5,"[0, 0, 1, 1, 0, 0, 1, 0, 0, 0, 0]",9,0,0,,0.2727272727272727,11
505,1c18b616-8220-11f1-b0da-2389f409459f,5,"[0, 0, 1, 1, 0, 0, 1, 0, 0, 0, 0]",10,0,0,,0.2727272727272727,11
506,1c18b616-8220-11f1-b0da-2389f409459f,6,"[0, 1, 0, 1, 0, 0, 1, 1, 0, 0, 1]",0,0,0,,0.2727272727272727,11
507,1c18b616-8220-11f1-b0da-2389f409459f,6,"[0, 1, 0, 1, 0, 0, 1, 1, 0, 0, 1]",1,1,-1,,0.2727272727272727,11
508,1c18b616-8220-11f1-b0da-2389f409459f,6,"[0, 1, 0, 1, 0, 0, 1, 1, 0, 0, 1]",2,0,0,,0.2727272727272727,11
509,1c18b616-8220-11f1-b0da-2389f409459f,6,"[0, 1, 0, 1, 0, 0, 1, 1, 0, 0, 1]",3,1,-1,,0.2727272727272727,11
510,1c18b616-8220-11f1-b0da-2389f409459f,6,"[0, 1, 0, 1, 0, 0, 1, 1, 0, 0, 1]",4,0,0,,0.2727272727272727,11
511,1c18b616-8220-11f1-b0da-2389f409459f,6,"[0, 1, 0, 1, 0, 0, 1, 1, 0, 0, 1]",5,0,0,,0.2727272727272727,11
512,1c18b616-8220-11f1-b0da-2389f409459f,6,"[0, 1, 0, 1, 0, 0, 1, 1, 0, 0, 1]",6,1,-1,,0.2727272727272727,11
513,1c18b616-8220-11f1-b0da-2389f409459f,6,"[0, 1, 0, 1, 0, 0, 1, 1, 0, 0, 1]",7,1,-1,,0.2727272727272727,11
514,1c18b616-8220-11f1-b0da-2389f409459f,6,"[0, 1, 0, 1, 0, 0, 1, 1, 0, 0, 1]",8,0,0,,0.2727272727272727,11
515,1c18b616-8220-11f1-b0da-2389f409459f,6,"[0, 1, 0, 1, 0, 0, 1, 1, 0, 0, 1]",9,0,0,,0.2727272727272727,11
516,1c18b616-8220-11f1-b0da-2389f409459f,6,"[0, 1, 0, 1, 0, 0, 1, 1, 0, 0, 1]",10,1,-1,,0.2727272727272727,11
517,1c18b616-8220-11f1-b0da-2389f409459f,7,"[1, 0, 0, 1, 1, 1, 0, 1, 1, 0, 1]",0,1,-1,,0.2727272727272727,11
518,1c18b616-8220-11f1-b0da-2389f409459f,7,"[1, 0, 0, 1, 1, 1, 0, 1, 1, 0, 1]",1,0,0,,0.2727272727272727,11
519,1c18b616-8220-11f1-b0da-2389f409459f,7,"[1, 0, 0, 1, 1, 1, 0, 1, 1, 0, 1]",2,0,0,,0.2727272727272727,11
520,1c18b616-8220-11f1-b0da-2389f409459f,7,"[1, 0, 0, 1, 1, 1, 0, 1, 1, 0, 1]",3,1,-1,,0.2727272727272727,11
521,1c18b616-8220-11f1-b0da-2389f409459f,7,"[1, 0, 0, 1, 1, 1, 0, 1, 1, 0, 1]",4,1,-1,,0.2727272727272727,11
522,1c18b616-8220-11f1-b0da-2389f409459f,7,"[1, 0, 0, 1, 1, 1, 0, 1, 1, 0, 1]",5,1,-1,,0.2727272727272727,11
523,1c18b616-8220-11f1-b0da-2389f409459f,7,"[1, 0, 0, 1, 1, 1, 0, 1, 1, 0, 1]",6,0,0,,0.2727272727272727,11
524,1c18b616-8220-11f1-b0da-2389f409459f,7,"[1, 0, 0, 1, 1, 1, 0, 1, 1, 0, 1]",7,1,-1,,0.2727272727272727,11
525,1c18b616-8220-11f1-b0da-2389f409459f,7,"[1, 0, 0, 1, 1, 1, 0, 1, 1, 0, 1]",8,1,-1,,0.2727272727272727,11
526,1c18b616-8220-11f1-b0da-2389f409459f,7,"[1, 0, 0, 1, 1, 1, 0, 1, 1, 0, 1]",9,0,0,,0.2727272727272727,11
527,1c18b616-8220-11f1-b0da-2389f409459f,7,"[1, 0, 0, 1, 1, 1, 0, 1, 1, 0, 1]",10,1,-1,,0.2727272727272727,11
528,1c18b616-8220-11f1-b0da-2389f409459f,8,"[1, 0, 1, 0, 0, 0, 1, 0, 0, 0, 0]",0,1,1,,0.2727272727272727,11
529,1c18b616-8220-11f1-b0da-2389f409459f,8,"[1, 0, 1, 0, 0, 0, 1, 0, 0, 0, 0]",1,0,0,,0.2727272727272727,11
530,1c18b616-8220-11f1-b0da-2389f409459f,8,"[1, 0, 1, 0, 0, 0, 1, 0, 0, 0, 0]",2,1,1,,0.2727272727272727,11
531,1c18b616-8220-11f1-b0da-2389f409459f,8,"[1, 0, 1, 0, 0, 0, 1, 0, 0, 0, 0]",3,0,0,,0.2727272727272727,11
532,1c18b616-8220-11f1-b0da-2389f409459f,8,"[1, 0, 1, 0, 0, 0, 1, 0, 0, 0, 0]",4,0,0,,0.2727272727272727,11
533,1c18b616-8220-11f1-b0da-2389f409459f,8,"[1, 0, 1, 0, 0, 0, 1, 0, 0, 0, 0]",5,0,0,,0.2727272727272727,11
534,1c18b616-8220-11f1-b0da-2389f409459f,8,"[1, 0, 1, 0, 0, 0, 1, 0, 0, 0, 0]",6,1,1,,0.2727272727272727,11
535,1c18b616-8220-11f1-b0da-2389f409459f,8,"[1, 0, 1, 0, 0, 0, 1, 0, 0, 0, 0]",7,0,0,,0.2727272727272727,11
536,1c18b616-8220-11f1-b0da-2389f409459f,8,"[1, 0, 1, 0, 0, 0, 1, 0, 0, 0, 0]",8,0,0,,0.2727272727272727,11
537,1c18b616-8220-11f1-b0da-2389f409459f,8,"[1, 0, 1, 0, 0, 0, 1, 0, 0, 0, 0]",9,0,0,,0.2727272727272727,11
538,1c18b616-8220-11f1-b0da-2389f409459f,8,"[1, 0, 1, 0, 0, 0, 1, 0, 0, 0, 0]",10,0,0,,0.2727272727272727,11
539,1c18b616-8220-11f1-b0da-2389f409459f,9,"[1, 0, 0, 0, 0, 1, 1, 1, 1, 0, 0]",0,1,-1,,0.2727272727272727,11
540,1c18b616-8220-11f1-b0da-2389f409459f,9,"[1, 0, 0, 0, 0, 1, 1, 1, 1, 0, 0]",1,0,0,,0.2727272727272727,11
541,1c18b616-8220-11f1-b0da-2389f409459f,9,"[1, 0, 0, 0, 0, 1, 1, 1, 1, 0, 0]",2,0,0,,0.2727272727272727,11
542,1c18b616-8220-11f1-b0da-2389f409459f,9,"[1, 0, 0, 0, 0, 1, 1, 1, 1, 0, 0]",3,0,0,,0.2727272727272727,11
543,1c18b616-8220-11f1-b0da-2389f409459f,9,"[1, 0, 0, 0, 0, 1, 1, 1, 1, 0, 0]",4,0,0,,0.2727272727272727,11
544,1c18b616-8220-11f1-b0da-2389f409459f,9,"[1, 0, 0, 0, 0, 1, 1, 1, 1, 0, 0]",5,1,-1,,0.2727272727272727,11
545,1c18b616-8220-11f1-b0da-2389f409459f,9,"[1, 0, 0, 0, 0, 1, 1, 1, 1, 0, 0]",6,1,-1,,0.2727272727272727,11
546,1c18b616-8220-11f1-b0da-2389f409459f,9,"[1, 0, 0, 0, 0, 1, 1, 1, 1, 0, 0]",7,1,-1,,0.2727272727272727,11
547,1c18b616-8220-11f1-b0da-2389f409459f,9,"[1, 0, 0, 0, 0, 1, 1, 1, 1, 0, 0]",8,1,-1,,0.2727272727272727,11
548,1c18b616-8220-11f1-b0da-2389f409459f,9,"[1, 0, 0, 0, 0, 1, 1, 1, 1, 0, 0]",9,0,0,,0.2727272727272727,11
549,1c18b616-8220-11f1-b0da-2389f409459f,9,"[1, 0, 0, 0, 0, 1, 1, 1, 1, 0, 0]",10,0,0,,0.2727272727272727,11
550,1c1a0340-8220-11f1-b0da-2389f409459f,0,"[1, 0, 1, 0, 0, 1, 0, 0, 0, 1, 1]",0,1,-1,,0.2727272727272727,11
551,1c1a0340-8220-11f1-b0da-2389f409459f,0,"[1, 0, 1, 0, 0, 1, 0, 0, 0, 1, 1]",1,0,0,,0.2727272727272727,11
552,1c1a0340-8220-11f1-b0da-2389f409459f,0,"[1, 0, 1, 0, 0, 1, 0, 0, 0, 1, 1]",2,1,-1,,0.2727272727272727,11
553,1c1a0340-8220-11f1-b0da-2389f409459f,0,"[1, 0, 1, 0, 0, 1, 0, 0, 0, 1, 1]",3,0,0,,0.2727272727272727,11
554,1c1a0340-8220-11f1-b0da-2389f409459f,0,"[1, 0, 1, 0, 0, 1, 0, 0, 0, 1, 1]",4,0,0,,0.2727272727272727,11
555,1c1a0340-8220-11f1-b0da-2389f409459f,0,"[1, 0, 1, 0, 0, 1, 0, 0, 0, 1, 1]",5,1,-1,,0.2727272727272727,11
556,1c1a0340-8220-11f1-b0da-2389f409459f,0,"[1, 0, 1, 0, 0, 1, 0, 0, 0, 1, 1]",6,0,0,,0.2727272727272727,11
557,1c1a0340-8220-11f1-b0da-2389f409459f,0,"[1, 0, 1, 0, 0, 1, 0, 0, 0, 1, 1]",7,0,0,,0.2727272727272727,11
558,1c1a0340-8220-11f1-b0da-2389f409459f,0,"[1, 0, 1, 0, 0, 1, 0, 0, 0, 1, 1]",8,0,0,,0.2727272727272727,11
559,1c1a0340-8220-11f1-b0da-2389f409459f,0,"[1, 0, 1, 0, 0, 1, 0, 0, 0, 1, 1]",9,1,-1,,0.2727272727272727,11
560,1c1a0340-8220-11f1-b0da-2389f409459f,0,"[1, 0, 1, 0, 0, 1, 0, 0, 0, 1, 1]",10,1,-1,,0.2727272727272727,11
561,1c1a0340-8220-11f1-b0da-2389f409459f,1,"[0, 1, 0, 0, 0, 1, 0, 1, 1, 1, 1]",0,0,0,,0.2727272727272727,11
562,1c1a0340-8220-11f1-b0da-2389f409459f,1,"[0, 1, 0, 0, 0, 1, 0, 1, 1, 1, 1]",1,1,-1,,0.2727272727272727,11
563,1c1a0340-8220-11f1-b0da-2389f409459f,1,"[0, 1, 0, 0, 0, 1, 0, 1, 1, 1, 1]",2,0,0,,0.2727272727272727,11
564,1c1a0340-8220-11f1-b0da-2389f409459f,1,"[0, 1, 0, 0, 0, 1, 0, 1, 1, 1, 1]",3,0,0,,0.2727272727272727,11
565,1c1a0340-8220-11f1-b0da-2389f409459f,1,"[0, 1, 0, 0, 0, 1, 0, 1, 1, 1, 1]",4,0,0,,0.2727272727272727,11
566,1c1a0340-8220-11f1-b0da-2389f409459f,1,"[0, 1, 0, 0, 0, 1, 0, 1, 1, 1, 1]",5,1,-1,,0.2727272727272727,11
567,1c1a0340-8220-11f1-b0da-2389f409459f,1,"[0, 1, 0, 0, 0, 1, 0, 1, 1, 1, 1]",6,0,0,,0.2727272727272727,11
568,1c1a0340-8220-11f1-b0da-2389f409459f,1,"[0, 1, 0, 0, 0, 1, 0, 1, 1, 1, 1]",7,1,-1,,0.2727272727272727,11
569,1c1a0340-8220-11f1-b0da-2389f409459f,1,"[0, 1, 0, 0, 0, 1, 0, 1, 1, 1, 1]",8,1,-1,,0.2727272727272727,11
570,1c1a0340-8220-11f1-b0da-2389f409459f,1,"[0, 1, 0, 0, 0, 1, 0, 1, 1, 1, 1]",9,1,-1,,0.2727272727272727,11
571,1c1a0340-8220-11f1-b0da-2389f409459f,1,"[0, 1, 0, 0, 0, 1, 0, 1, 1, 1, 1]",10,1,-1,,0.2727272727272727,11
572,1c1a0340-8220-11f1-b0da-2389f409459f,2,"[1, 0, 0, 1, 0, 0, 1, 1, 1, 0, 0]",0,1,-1,,0.2727272727272727,11
573,1c1a0340-8220-11f1-b0da-2389f409459f,2,"[1, 0, 0, 1, 0, 0, 1, 1, 1, 0, 0]",1,0,0,,0.2727272727272727,11
574,1c1a0340-8220-11f1-b0da-2389f409459f,2,"[1, 0, 0, 1, 0, 0, 1, 1, 1, 0, 0]",2,0,0,,0.2727272727272727,11
575,1c1a0340-8220-11f1-b0da-2389f409459f,2,"[1, 0, 0, 1, 0, 0, 1, 1, 1, 0, 0]",3,1,-1,,0.2727272727272727,11
576,1c1a0340-8220-11f1-b0da-2389f409459f,2,"[1, 0, 0, 1, 0, 0, 1, 1, 1, 0, 0]",4,0,0,,0.2727272727272727,11
577,1c1a0340-8220-11f1-b0da-2389f409459f,2,"[1, 0, 0, 1, 0, 0, 1, 1, 1, 0, 0]",5,0,0,,0.2727272727272727,11
578,1c1a0340-8220-11f1-b0da-2389f409459f,2,"[1, 0, 0, 1, 0, 0, 1, 1, 1, 0, 0]",6,1,-1,,0.2727272727272727,11
579,1c1a0340-8220-11f1-b0da-2389f409459f,2,"[1, 0, 0, 1, 0, 0, 1, 1, 1, 0, 0]",7,1,-1,,0.2727272727272727,11
580,1c1a0340-8220-11f1-b0da-2389f409459f,2,"[1, 0, 0, 1, 0, 0, 1, 1, 1, 0, 0]",8,1,-1,,0.2727272727272727,11
581,1c1a0340-8220-11f1-b0da-2389f409459f,2,"[1, 0, 0, 1, 0, 0, 1, 1, 1, 0, 0]",9,0,0,,0.2727272727272727,11
582,1c1a0340-8220-11f1-b0da-2389f409459f,2,"[1, 0, 0, 1, 0, 0, 1, 1, 1, 0, 0]",10,0,0,,0.2727272727272727,11
583,1c1a0340-8220-11f1-b0da-2389f409459f,3,"[1, 0, 1, 0, 1, 1, 0, 1, 1, 0, 0]",0,1,-1,,0.2727272727272727,11
584,1c1a0340-8220-11f1-b0da-2389f409459f,3,"[1, 0, 1, 0, 1, 1, 0, 1, 1, 0, 0]",1,0,0,,0.2727272727272727,11
585,1c1a0340-8220-11f1-b0da-2389f409459f,3,"[1, 0, 1, 0, 1, 1, 0, 1, 1, 0, 0]",2,1,-1,,0.2727272727272727,11
586,1c1a0340-8220-11f1-b0da-2389f409459f,3,"[1, 0, 1, 0, 1, 1, 0, 1, 1, 0, 0]",3,0,0,,0.2727272727272727,11
587,1c1a0340-8220-11f1-b0da-2389f409459f,3,"[1, 0, 1, 0, 1, 1, 0, 1, 1, 0, 0]",4,1,-1,,0.2727272727272727,11
588,1c1a0340-8220-11f1-b0da-2389f409459f,3,"[1, 0, 1, 0, 1, 1, 0, 1, 1, 0, 0]",5,1,-1,,0.2727272727272727,11
589,1c1a0340-8220-11f1-b0da-2389f409459f,3,"[1, 0, 1, 0, 1, 1, 0, 1, 1, 0, 0]",6,0,0,,0.2727272727272727,11
590,1c1a0340-8220-11f1-b0da-2389f409459f,3,"[1, 0, 1, 0, 1, 1, 0, 1, 1, 0, 0]",7,1,-1,,0.2727272727272727,11
591,1c1a0340-8220-11f1-b0da-2389f409459f,3,"[1, 0, 1, 0, 1, 1, 0, 1, 1, 0, 0]",8,1,-1,,0.2727272727272727,11
592,1c1a0340-8220-11f1-b0da-2389f409459f,3,"[1, 0, 1, 0, 1, 1, 0, 1, 1, 0, 0]",9,0,0,,0.2727272727272727,11
593,1c1a0340-8220-11f1-b0da-2389f409459f,3,"[1, 0, 1, 0, 1, 1, 0, 1, 1, 0, 0]",10,0,0,,0.2727272727272727,11
594,1c1a0340-8220-11f1-b0da-2389f409459f,4,"[0, 1, 0, 1, 0, 0, 0, 1, 1, 1, 0]",0,0,0,,0.2727272727272727,11
595,1c1a0340-8220-11f1-b0da-2389f409459f,4,"[0, 1, 0, 1, 0, 0, 0, 1, 1, 1, 0]",1,1,-1,,0.2727272727272727,11
596,1c1a0340-8220-11f1-b0da-2389f409459f,4,"[0, 1, 0, 1, 0, 0, 0, 1, 1, 1, 0]",2,0,0,,0.2727272727272727,11
597,1c1a0340-8220-11f1-b0da-2389f409459f,4,"[0, 1, 0, 1, 0, 0, 0, 1, 1, 1, 0]",3,1,-1,,0.2727272727272727,11
598,1c1a0340-8220-11f1-b0da-2389f409459f,4,"[0, 1, 0, 1, 0, 0, 0, 1, 1, 1, 0]",4,0,0,,0.2727272727272727,11
599,1c1a0340-8220-11f1-b0da-2389f409459f,4,"[0, 1, 0, 1, 0, 0, 0, 1, 1, 1, 0]",5,0,0,,0.2727272727272727,11
600,1c1a0340-8220-11f1-b0da-2389f409459f,4,"[0, 1, 0, 1, 0, 0, 0, 1, 1, 1, 0]",6,0,0,,0.2727272727272727,11
601,1c1a0340-8220-11f1-b0da-2389f409459f,4,"[0, 1, 0, 1, 0, 0, 0, 1, 1, 1, 0]",7,1,-1,,0.2727272727272727,11
602,1c1a0340-8220-11f1-b0da-2389f409459f,4,"[0, 1, 0, 1, 0, 0, 0, 1, 1, 1, 0]",8,1,-1,,0.2727272727272727,11
603,1c1a0340-8220-11f1-b0da-2389f409459f,4,"[0, 1, 0, 1, 0, 0, 0, 1, 1, 1, 0]",9,1,-1,,0.2727272727272727,11
604,1c1a0340-8220-11f1-b0da-2389f409459f,4,"[0, 1, 0, 1, 0, 0, 0, 1, 1, 1, 0]",10,0,0,,0.2727272727272727,11
605,1c1a0340-8220-11f1-b0da-2389f409459f,5,"[0, 0, 1, 1, 0, 1, 0, 0, 0, 0, 0]",0,0,0,,0.2727272727272727,11
606,1c1a0340-8220-11f1-b0da-2389f409459f,5,"[0, 0, 1, 1, 0, 1, 0, 0, 0, 0, 0]",1,0,0,,0.2727272727272727,11
607,1c1a0340-8220-11f1-b0da-2389f409459f,5,"[0, 0, 1, 1, 0, 1, 0, 0, 0, 0, 0]",2,1,1,,0.2727272727272727,11
608,1c1a0340-8220-11f1-b0da-2389f409459f,5,"[0, 0, 1, 1, 0, 1, 0, 0, 0, 0, 0]",3,1,1,,0.2727272727272727,11
609,1c1a0340-8220-11f1-b0da-2389f409459f,5,"[0, 0, 1, 1, 0, 1, 0, 0, 0, 0, 0]",4,0,0,,0.2727272727272727,11
610,1c1a0340-8220-11f1-b0da-2389f409459f,5,"[0, 0, 1, 1, 0, 1, 0, 0, 0, 0, 0]",5,1,1,,0.2727272727272727,11
611,1c1a0340-8220-11f1-b0da-2389f409459f,5,"[0, 0, 1, 1, 0, 1, 0, 0, 0, 0, 0]",6,0,0,,0.2727272727272727,11
612,1c1a0340-8220-11f1-b0da-2389f409459f,5,"[0, 0, 1, 1, 0, 1, 0, 0, 0, 0, 0]",7,0,0,,0.2727272727272727,11
613,1c1a0340-8220-11f1-b0da-2389f409459f,5,"[0, 0, 1, 1, 0, 1, 0, 0, 0, 0, 0]",8,0,0,,0.2727272727272727,11
614,1c1a0340-8220-11f1-b0da-2389f409459f,5,"[0, 0, 1, 1, 0, 1, 0, 0, 0, 0, 0]",9,0,0,,0.2727272727272727,11
615,1c1a0340-8220-11f1-b0da-2389f409459f,5,"[0, 0, 1, 1, 0, 1, 0, 0, 0, 0, 0]",10,0,0,,0.2727272727272727,11
616,1c1a0340-8220-11f1-b0da-2389f409459f,6,"[1, 1, 1, 1, 0, 0, 0, 1, 0, 1, 0]",0,1,-1,,0.2727272727272727,11
617,1c1a0340-8220-11f1-b0da-2389f409459f,6,"[1, 1, 1, 1, 0, 0, 0, 1, 0, 1, 0]",1,1,-1,,0.2727272727272727,11
618,1c1a0340-8220-11f1-b0da-2389f409459f,6,"[1, 1, 1, 1, 0, 0, 0, 1, 0, 1, 0]",2,1,-1,,0.2727272727272727,11
619,1c1a0340-8220-11f1-b0da-2389f409459f,6,"[1, 1, 1, 1, 0, 0, 0, 1, 0, 1, 0]",3,1,-1,,0.2727272727272727,11
620,1c1a0340-8220-11f1-b0da-2389f409459f,6,"[1, 1, 1, 1, 0, 0, 0, 1, 0, 1, 0]",4,0,0,,0.2727272727272727,11
621,1c1a0340-8220-11f1-b0da-2389f409459f,6,"[1, 1, 1, 1, 0, 0, 0, 1, 0, 1, 0]",5,0,0,,0.2727272727272727,11
622,1c1a0340-8220-11f1-b0da-2389f409459f,6,"[1, 1, 1, 1, 0, 0, 0, 1, 0, 1, 0]",6,0,0,,0.2727272727272727,11
623,1c1a0340-8220-11f1-b0da-2389f409459f,6,"[1, 1, 1, 1, 0, 0, 0, 1, 0, 1, 0]",7,1,-1,,0.2727272727272727,11
624,1c1a0340-8220-11f1-b0da-2389f409459f,6,"[1, 1, 1, 1, 0, 0, 0, 1, 0, 1, 0]",8,0,0,,0.2727272727272727,11
625,1c1a0340-8220-11f1-b0da-2389f409459f,6,"[1, 1, 1, 1, 0, 0, 0, 1, 0, 1, 0]",9,1,-1,,0.2727272727272727,11
626,1c1a0340-8220-11f1-b0da-2389f409459f,6,"[1, 1, 1, 1, 0, 0, 0, 1, 0, 1, 0]",10,0,0,,0.2727272727272727,11
627,1c1a0340-8220-11f1-b0da-2389f409459f,7,"[0, 0, 0, 0, 1, 0, 1, 1, 1, 0, 1]",0,0,0,,0.2727272727272727,11
628,1c1a0340-8220-11f1-b0da-2389f409459f,7,"[0, 0, 0, 0, 1, 0, 1, 1, 1, 0, 1]",1,0,0,,0.2727272727272727,11
629,1c1a0340-8220-11f1-b0da-2389f409459f,7,"[0, 0, 0, 0, 1, 0, 1, 1, 1, 0, 1]",2,0,0,,0.2727272727272727,11
630,1c1a0340-8220-11f1-b0da-2389f409459f,7,"[0, 0, 0, 0, 1, 0, 1, 1, 1, 0, 1]",3,0,0,,0.2727272727272727,11
631,1c1a0340-8220-11f1-b0da-2389f409459f,7,"[0, 0, 0, 0, 1, 0, 1, 1, 1, 0, 1]",4,1,-1,,0.2727272727272727,11
632,1c1a0340-8220-11f1-b0da-2389f409459f,7,"[0, 0, 0, 0, 1, 0, 1, 1, 1, 0, 1]",5,0,0,,0.2727272727272727,11
633,1c1a0340-8220-11f1-b0da-2389f409459f,7,"[0, 0, 0, 0, 1, 0, 1, 1, 1, 0, 1]",6,1,-1,,0.2727272727272727,11
634,1c1a0340-8220-11f1-b0da-2389f409459f,7,"[0, 0, 0, 0, 1, 0, 1, 1, 1, 0, 1]",7,1,-1,,0.2727272727272727,11
635,1c1a0340-8220-11f1-b0da-2389f409459f,7,"[0, 0, 0, 0, 1, 0, 1, 1, 1, 0, 1]",8,1,-1,,0.2727272727272727,11
636,1c1a0340-8220-11f1-b0da-2389f409459f,7,"[0, 0, 0, 0, 1, 0, 1, 1, 1, 0, 1]",9,0,0,,0.2727272727272727,11
637,1c1a0340-8220-11f1-b0da-2389f409459f,7,"[0, 0, 0, 0, 1, 0, 1, 1, 1, 0, 1]",10,1,-1,,0.2727272727272727,11
638,1c1a0340-8220-11f1-b0da-2389f409459f,8,"[1, 1, 1, 0, 0, 0, 1, 1, 1, 1, 0]",0,1,-1,,0.2727272727272727,11
639,1c1a0340-8220-11f1-b0da-2389f409459f,8,"[1, 1, 1, 0, 0, 0, 1, 1, 1, 1, 0]",1,1,-1,,0.2727272727272727,11
640,1c1a0340-8220-11f1-b0da-2389f409459f,8,"[1, 1, 1, 0, 0, 0, 1, 1, 1, 1, 0]",2,1,-1,,0.2727272727272727,11
641,1c1a0340-8220-11f1-b0da-2389f409459f,8,"[1, 1, 1, 0, 0, 0, 1, 1, 1, 1, 0]",3,0,0,,0.2727272727272727,11
642,1c1a0340-8220-11f1-b0da-2389f409459f,8,"[1, 1, 1, 0, 0, 0, 1, 1, 1, 1, 0]",4,0,0,,0.2727272727272727,11
643,1c1a0340-8220-11f1-b0da-2389f409459f,8,"[1, 1, 1, 0, 0, 0, 1, 1, 1, 1, 0]",5,0,0,,0.2727272727272727,11
644,1c1a0340-8220-11f1-b0da-2389f409459f,8,"[1, 1, 1, 0, 0, 0, 1, 1, 1, 1, 0]",6,1,-1,,0.2727272727272727,11
645,1c1a0340-8220-11f1-b0da-2389f409459f,8,"[1, 1, 1, 0, 0, 0, 1, 1, 1, 1, 0]",7,1,-1,,0.2727272727272727,11
646,1c1a0340-8220-11f1-b0da-2389f409459f,8,"[1, 1, 1, 0, 0, 0, 1, 1, 1, 1, 0]",8,1,-1,,0.2727272727272727,11
647,1c1a0340-8220-11f1-b0da-2389f409459f,8,"[1, 1, 1, 0, 0, 0, 1, 1, 1, 1, 0]",9,1,-1,,0.2727272727272727,11
648,1c1a0340-8220-11f1-b0da-2389f409459f,8,"[1, 1, 1, 0, 0, 0, 1, 1, 1, 1, 0]",10,0,0,,0.2727272727272727,11
649,1c1a0340-8220-11f1-b0da-2389f409459f,9,"[1, 1, 1, 0, 0, 1, 1, 1, 1, 0, 0]",0,1,-1,,0.2727272727272727,11
650,1c1a0340-8220-11f1-b0da-2389f409459f,9,"[1, 1, 1, 0, 0, 1, 1, 1, 1, 0, 0]",1,1,-1,,0.2727272727272727,11
651,1c1a0340-8220-11f1-b0da-2389f409459f,9,"[1, 1, 1, 0, 0, 1, 1, 1, 1, 0, 0]",2,1,-1,,0.2727272727272727,11
652,1c1a0340-8220-11f1-b0da-2389f409459f,9,"[1, 1, 1, 0, 0, 1, 1, 1, 1, 0, 0]",3,0,0,,0.2727272727272727,11
653,1c1a0340-8220-11f1-b0da-2389f409459f,9,"[1, 1, 1, 0, 0, 1, 1, 1, 1, 0, 0]",4,0,0,,0.2727272727272727,11
654,1c1a0340-8220-11f1-b0da-2389f409459f,9,"[1, 1, 1, 0, 0, 1, 1, 1, 1, 0, 0]",5,1,-1,,0.2727272727272727,11
655,1c1a0340-8220-11f1-b0da-2389f409459f,9,"[1, 1, 1, 0, 0, 1, 1, 1, 1, 0, 0]",6,1,-1,,0.2727272727272727,11
656,1c1a0340-8220-11f1-b0da-2389f409459f,9,"[1, 1, 1, 0, 0, 1, 1, 1, 1, 0, 0]",7,1,-1,,0.2727272727272727,11
657,1c1a0340-8220-11f1-b0da-2389f409459f,9,"[1, 1, 1, 0, 0, 1, 1, 1, 1, 0, 0]",8,1,-1,,0.2727272727272727,11
658,1c1a0340-8220-11f1-b0da-2389f409459f,9,"[1, 1, 1, 0, 0, 1, 1, 1, 1, 0, 0]",9,0,0,,0.2727272727272727,11
659,1c1a0340-8220-11f1-b0da-2389f409459f,9,"[1, 1, 1, 0, 0, 1, 1, 1, 1, 0, 0]",10,0,0,,0.2727272727272727,11
660,1c1b0c04-8220-11f1-b0da-2389f409459f,0,"[1, 0, 0, 0, 1, 0, 1, 1, 1, 1, 0]",0,1,-1,,0.2727272727272727,11
661,1c1b0c04-8220-11f1-b0da-2389f409459f,0,"[1, 0, 0, 0, 1, 0, 1, 1, 1, 1, 0]",1,0,0,,0.2727272727272727,11
662,1c1b0c04-8220-11f1-b0da-2389f409459f,0,"[1, 0, 0, 0, 1, 0, 1, 1, 1, 1, 0]",2,0,0,,0.2727272727272727,11
663,1c1b0c04-8220-11f1-b0da-2389f409459f,0,"[1, 0, 0, 0, 1, 0, 1, 1, 1, 1, 0]",3,0,0,,0.2727272727272727,11
664,1c1b0c04-8220-11f1-b0da-2389f409459f,0,"[1, 0, 0, 0, 1, 0, 1, 1, 1, 1, 0]",4,1,-1,,0.2727272727272727,11
665,1c1b0c04-8220-11f1-b0da-2389f409459f,0,"[1, 0, 0, 0, 1, 0, 1, 1, 1, 1, 0]",5,0,0,,0.2727272727272727,11
666,1c1b0c04-8220-11f1-b0da-2389f409459f,0,"[1, 0, 0, 0, 1, 0, 1, 1, 1, 1, 0]",6,1,-1,,0.2727272727272727,11
667,1c1b0c04-8220-11f1-b0da-2389f409459f,0,"[1, 0, 0, 0, 1, 0, 1, 1, 1, 1, 0]",7,1,-1,,0.2727272727272727,11
668,1c1b0c04-8220-11f1-b0da-2389f409459f,0,"[1, 0, 0, 0, 1, 0, 1, 1, 1, 1, 0]",8,1,-1,,0.2727272727272727,11
669,1c1b0c04-8220-11f1-b0da-2389f409459f,0,"[1, 0, 0, 0, 1, 0, 1, 1, 1, 1, 0]",9,1,-1,,0.2727272727272727,11
670,1c1b0c04-8220-11f1-b0da-2389f409459f,0,"[1, 0, 0, 0, 1, 0, 1, 1, 1, 1, 0]",10,0,0,,0.2727272727272727,11
671,1c1b0c04-8220-11f1-b0da-2389f409459f,1,"[1, 0, 0, 1, 1, 0, 0, 0, 0, 1, 0]",0,1,-1,,0.2727272727272727,11
672,1c1b0c04-8220-11f1-b0da-2389f409459f,1,"[1, 0, 0, 1, 1, 0, 0, 0, 0, 1, 0]",1,0,0,,0.2727272727272727,11
673,1c1b0c04-8220-11f1-b0da-2389f409459f,1,"[1, 0, 0, 1, 1, 0, 0, 0, 0, 1, 0]",2,0,0,,0.2727272727272727,11
674,1c1b0c04-8220-11f1-b0da-2389f409459f,1,"[1, 0, 0, 1, 1, 0, 0, 0, 0, 1, 0]",3,1,-1,,0.2727272727272727,11
675,1c1b0c04-8220-11f1-b0da-2389f409459f,1,"[1, 0, 0, 1, 1, 0, 0, 0, 0, 1, 0]",4,1,-1,,0.2727272727272727,11
676,1c1b0c04-8220-11f1-b0da-2389f409459f,1,"[1, 0, 0, 1, 1, 0, 0, 0, 0, 1, 0]",5,0,0,,0.2727272727272727,11
677,1c1b0c04-8220-11f1-b0da-2389f409459f,1,"[1, 0, 0, 1, 1, 0, 0, 0, 0, 1, 0]",6,0,0,,0.2727272727272727,11
678,1c1b0c04-8220-11f1-b0da-2389f409459f,1,"[1, 0, 0, 1, 1, 0, 0, 0, 0, 1, 0]",7,0,0,,0.2727272727272727,11
679,1c1b0c04-8220-11f1-b0da-2389f409459f,1,"[1, 0, 0, 1, 1, 0, 0, 0, 0, 1, 0]",8,0,0,,0.2727272727272727,11
680,1c1b0c04-8220-11f1-b0da-2389f409459f,1,"[1, 0, 0, 1, 1, 0, 0, 0, 0, 1, 0]",9,1,-1,,0.2727272727272727,11
681,1c1b0c04-8220-11f1-b0da-2389f409459f,1,"[1, 0, 0, 1, 1, 0, 0, 0, 0, 1, 0]",10,0,0,,0.2727272727272727,11
682,1c1b0c04-8220-11f1-b0da-2389f409459f,2,"[1, 0, 0, 1, 0, 1, 1, 0, 0, 1, 1]",0,1,-1,,0.2727272727272727,11
683,1c1b0c04-8220-11f1-b0da-2389f409459f,2,"[1, 0, 0, 1, 0, 1, 1, 0, 0, 1, 1]",1,0,0,,0.2727272727272727,11
684,1c1b0c04-8220-11f1-b0da-2389f409459f,2,"[1, 0, 0, 1, 0, 1, 1, 0, 0, 1, 1]",2,0,0,,0.2727272727272727,11
685,1c1b0c04-8220-11f1-b0da-2389f409459f,2,"[1, 0, 0, 1, 0, 1, 1, 0, 0, 1, 1]",3,1,-1,,0.2727272727272727,11
686,1c1b0c04-8220-11f1-b0da-2389f409459f,2,"[1, 0, 0, 1, 0, 1, 1, 0, 0, 1, 1]",4,0,0,,0.2727272727272727,11
687,1c1b0c04-8220-11f1-b0da-2389f409459f,2,"[1, 0, 0, 1, 0, 1, 1, 0, 0, 1, 1]",5,1,-1,,0.2727272727272727,11
688,1c1b0c04-8220-11f1-b0da-2389f409459f,2,"[1, 0, 0, 1, 0, 1, 1, 0, 0, 1, 1]",6,1,-1,,0.2727272727272727,11
689,1c1b0c04-8220-11f1-b0da-2389f409459f,2,"[1, 0, 0, 1, 0, 1, 1, 0, 0, 1, 1]",7,0,0,,0.2727272727272727,11
690,1c1b0c04-8220-11f1-b0da-2389f409459f,2,"[1, 0, 0, 1, 0, 1, 1, 0, 0, 1, 1]",8,0,0,,0.2727272727272727,11
691,1c1b0c04-8220-11f1-b0da-2389f409459f,2,"[1, 0, 0, 1, 0, 1, 1, 0, 0, 1, 1]",9,1,-1,,0.2727272727272727,11
692,1c1b0c04-8220-11f1-b0da-2389f409459f,2,"[1, 0, 0, 1, 0, 1, 1, 0, 0, 1, 1]",10,1,-1,,0.2727272727272727,11
693,1c1b0c04-8220-11f1-b0da-2389f409459f,3,"[0, 0, 0, 0, 0, 0, 1, 0, 1, 1, 1]",0,0,0,,0.2727272727272727,11
694,1c1b0c04-8220-11f1-b0da-2389f409459f,3,"[0, 0, 0, 0, 0, 0, 1, 0, 1, 1, 1]",1,0,0,,0.2727272727272727,11
695,1c1b0c04-8220-11f1-b0da-2389f409459f,3,"[0, 0, 0, 0, 0, 0, 1, 0, 1, 1, 1]",2,0,0,,0.2727272727272727,11
696,1c1b0c04-8220-11f1-b0da-2389f409459f,3,"[0, 0, 0, 0, 0, 0, 1, 0, 1, 1, 1]",3,0,0,,0.2727272727272727,11
697,1c1b0c04-8220-11f1-b0da-2389f409459f,3,"[0, 0, 0, 0, 0, 0, 1, 0, 1, 1, 1]",4,0,0,,0.2727272727272727,11
698,1c1b0c04-8220-11f1-b0da-2389f409459f,3,"[0, 0, 0, 0, 0, 0, 1, 0, 1, 1, 1]",5,0,0,,0.2727272727272727,11
699,1c1b0c04-8220-11f1-b0da-2389f409459f,3,"[0, 0, 0, 0, 0, 0, 1, 0, 1, 1, 1]",6,1,-1,,0.2727272727272727,11
700,1c1b0c04-8220-11f1-b0da-2389f409459f,3,"[0, 0, 0, 0, 0, 0, 1, 0, 1, 1, 1]",7,0,0,,0.2727272727272727,11
701,1c1b0c04-8220-11f1-b0da-2389f409459f,3,"[0, 0, 0, 0, 0, 0, 1, 0, 1, 1, 1]",8,1,-1,,0.2727272727272727,11
702,1c1b0c04-8220-11f1-b0da-2389f409459f,3,"[0, 0, 0, 0, 0, 0, 1, 0, 1, 1, 1]",9,1,-1,,0.2727272727272727,11
703,1c1b0c04-8220-11f1-b0da-2389f409459f,3,"[0, 0, 0, 0, 0, 0, 1, 0, 1, 1, 1]",10,1,-1,,0.2727272727272727,11
704,1c1b0c04-8220-11f1-b0da-2389f409459f,4,"[0, 1, 0, 1, 1, 1, 1, 1, 1, 0, 0]",0,0,0,,0.2727272727272727,11
705,1c1b0c04-8220-11f1-b0da-2389f409459f,4,"[0, 1, 0, 1, 1, 1, 1, 1, 1, 0, 0]",1,1,-1,,0.2727272727272727,11
706,1c1b0c04-8220-11f1-b0da-2389f409459f,4,"[0, 1, 0, 1, 1, 1, 1, 1, 1, 0, 0]",2,0,0,,0.2727272727272727,11
707,1c1b0c04-8220-11f1-b0da-2389f409459f,4,"[0, 1, 0, 1, 1, 1, 1, 1, 1, 0, 0]",3,1,-1,,0.2727272727272727,11
708,1c1b0c04-8220-11f1-b0da-2389f409459f,4,"[0, 1, 0, 1, 1, 1, 1, 1, 1, 0, 0]",4,1,-1,,0.2727272727272727,11
709,1c1b0c04-8220-11f1-b0da-2389f409459f,4,"[0, 1, 0, 1, 1, 1, 1, 1, 1, 0, 0]",5,1,-1,,0.2727272727272727,11
710,1c1b0c04-8220-11f1-b0da-2389f409459f,4,"[0, 1, 0, 1, 1, 1, 1, 1, 1, 0, 0]",6,1,-1,,0.2727272727272727,11
711,1c1b0c04-8220-11f1-b0da-2389f409459f,4,"[0, 1, 0, 1, 1, 1, 1, 1, 1, 0, 0]",7,1,-1,,0.2727272727272727,11
712,1c1b0c04-8220-11f1-b0da-2389f409459f,4,"[0, 1, 0, 1, 1, 1, 1, 1, 1, 0, 0]",8,1,-1,,0.2727272727272727,11
713,1c1b0c04-8220-11f1-b0da-2389f409459f,4,"[0, 1, 0, 1, 1, 1, 1, 1, 1, 0, 0]",9,0,0,,0.2727272727272727,11
714,1c1b0c04-8220-11f1-b0da-2389f409459f,4,"[0, 1, 0, 1, 1, 1, 1, 1, 1, 0, 0]",10,0,0,,0.2727272727272727,11
715,1c1b0c04-8220-11f1-b0da-2389f409459f,5,"[1, 1, 0, 1, 0, 0, 1, 1, 0, 1, 0]",0,1,-1,,0.2727272727272727,11
716,1c1b0c04-8220-11f1-b0da-2389f409459f,5,"[1, 1, 0, 1, 0, 0, 1, 1, 0, 1, 0]",1,1,-1,,0.2727272727272727,11
717,1c1b0c04-8220-11f1-b0da-2389f409459f,5,"[1, 1, 0, 1, 0, 0, 1, 1, 0, 1, 0]",2,0,0,,0.2727272727272727,11
718,1c1b0c04-8220-11f1-b0da-2389f409459f,5,"[1, 1, 0, 1, 0, 0, 1, 1, 0, 1, 0]",3,1,-1,,0.2727272727272727,11
719,1c1b0c04-8220-11f1-b0da-2389f409459f,5,"[1, 1, 0, 1, 0, 0, 1, 1, 0, 1, 0]",4,0,0,,0.2727272727272727,11
720,1c1b0c04-8220-11f1-b0da-2389f409459f,5,"[1, 1, 0, 1, 0, 0, 1, 1, 0, 1, 0]",5,0,0,,0.2727272727272727,11
721,1c1b0c04-8220-11f1-b0da-2389f409459f,5,"[1, 1, 0, 1, 0, 0, 1, 1, 0, 1, 0]",6,1,-1,,0.2727272727272727,11
722,1c1b0c04-8220-11f1-b0da-2389f409459f,5,"[1, 1, 0, 1, 0, 0, 1, 1, 0, 1, 0]",7,1,-1,,0.2727272727272727,11
723,1c1b0c04-8220-11f1-b0da-2389f409459f,5,"[1, 1, 0, 1, 0, 0, 1, 1, 0, 1, 0]",8,0,0,,0.2727272727272727,11
724,1c1b0c04-8220-11f1-b0da-2389f409459f,5,"[1, 1, 0, 1, 0, 0, 1, 1, 0, 1, 0]",9,1,-1,,0.2727272727272727,11
725,1c1b0c04-8220-11f1-b0da-2389f409459f,5,"[1, 1, 0, 1, 0, 0, 1, 1, 0, 1, 0]",10,0,0,,0.2727272727272727,11
726,1c1b0c04-8220-11f1-b0da-2389f409459f,6,"[0, 1, 0, 0, 0, 1, 0, 1, 0, 1, 0]",0,0,0,,0.2727272727272727,11
727,1c1b0c04-8220-11f1-b0da-2389f409459f,6,"[0, 1, 0, 0, 0, 1, 0, 1, 0, 1, 0]",1,1,-1,,0.2727272727272727,11
728,1c1b0c04-8220-11f1-b0da-2389f409459f,6,"[0, 1, 0, 0, 0, 1, 0, 1, 0, 1, 0]",2,0,0,,0.2727272727272727,11
729,1c1b0c04-8220-11f1-b0da-2389f409459f,6,"[0, 1, 0, 0, 0, 1, 0, 1, 0, 1, 0]",3,0,0,,0.2727272727272727,11
730,1c1b0c04-8220-11f1-b0da-2389f409459f,6,"[0, 1, 0, 0, 0, 1, 0, 1, 0, 1, 0]",4,0,0,,0.2727272727272727,11
731,1c1b0c04-8220-11f1-b0da-2389f409459f,6,"[0, 1, 0, 0, 0, 1, 0, 1, 0, 1, 0]",5,1,-1,,0.2727272727272727,11
732,1c1b0c04-8220-11f1-b0da-2389f409459f,6,"[0, 1, 0, 0, 0, 1, 0, 1, 0, 1, 0]",6,0,0,,0.2727272727272727,11
733,1c1b0c04-8220-11f1-b0da-2389f409459f,6,"[0, 1, 0, 0, 0, 1, 0, 1, 0, 1, 0]",7,1,-1,,0.2727272727272727,11
734,1c1b0c04-8220-11f1-b0da-2389f409459f,6,"[0, 1, 0, 0, 0, 1, 0, 1, 0, 1, 0]",8,0,0,,0.2727272727272727,11
735,1c1b0c04-8220-11f1-b0da-2389f409459f,6,"[0, 1, 0, 0, 0, 1, 0, 1, 0, 1, 0]",9,1,-1,,0.2727272727272727,11
736,1c1b0c04-8220-11f1-b0da-2389f409459f,6,"[0, 1, 0, 0, 0, 1, 0, 1, 0, 1, 0]",10,0,0,,0.2727272727272727,11
737,1c1b0c04-8220-11f1-b0da-2389f409459f,7,"[0, 0, 1, 1, 0, 0, 0, 1, 1, 1, 1]",0,0,0,,0.2727272727272727,11
738,1c1b0c04-8220-11f1-b0da-2389f409459f,7,"[0, 0, 1, 1, 0, 0, 0, 1, 1, 1, 1]",1,0,0,,0.2727272727272727,11
739,1c1b0c04-8220-11f1-b0da-2389f409459f,7,"[0, 0, 1, 1, 0, 0, 0, 1, 1, 1, 1]",2,1,-1,,0.2727272727272727,11
740,1c1b0c04-8220-11f1-b0da-2389f409459f,7,"[0, 0, 1, 1, 0, 0, 0, 1, 1, 1, 1]",3,1,-1,,0.2727272727272727,11
741,1c1b0c04-8220-11f1-b0da-2389f409459f,7,"[0, 0, 1, 1, 0, 0, 0, 1, 1, 1, 1]",4,0,0,,0.2727272727272727,11
742,1c1b0c04-8220-11f1-b0da-2389f409459f,7,"[0, 0, 1, 1, 0, 0, 0, 1, 1, 1, 1]",5,0,0,,0.2727272727272727,11
743,1c1b0c04-8220-11f1-b0da-2389f409459f,7,"[0, 0, 1, 1, 0, 0, 0, 1, 1, 1, 1]",6,0,0,,0.2727272727272727,11
744,1c1b0c04-8220-11f1-b0da-2389f409459f,7,"[0, 0, 1, 1, 0, 0, 0, 1, 1, 1, 1]",7,1,-1,,0.2727272727272727,11
745,1c1b0c04-8220-11f1-b0da-2389f409459f,7,"[0, 0, 1, 1, 0, 0, 0, 1, 1, 1, 1]",8,1,-1,,0.2727272727272727,11
746,1c1b0c04-8220-11f1-b0da-2389f409459f,7,"[0, 0, 1, 1, 0, 0, 0, 1, 1, 1, 1]",9,1,-1,,0.2727272727272727,11
747,1c1b0c04-8220-11f1-b0da-2389f409459f,7,"[0, 0, 1, 1, 0, 0, 0, 1, 1, 1, 1]",10,1,-1,,0.2727272727272727,11
748,1c1b0c04-8220-11f1-b0da-2389f409459f,8,"[1, 1, 1, 0, 0, 0, 0, 0, 1, 1, 1]",0,1,-1,,0.2727272727272727,11
749,1c1b0c04-8220-11f1-b0da-2389f409459f,8,"[1, 1, 1, 0, 0, 0, 0, 0, 1, 1, 1]",1,1,-1,,0.2727272727272727,11
750,1c1b0c04-8220-11f1-b0da-2389f409459f,8,"[1, 1, 1, 0, 0, 0, 0, 0, 1, 1, 1]",2,1,-1,,0.2727272727272727,11
751,1c1b0c04-8220-11f1-b0da-2389f409459f,8,"[1, 1, 1, 0, 0, 0, 0, 0, 1, 1, 1]",3,0,0,,0.2727272727272727,11
752,1c1b0c04-8220-11f1-b0da-2389f409459f,8,"[1, 1, 1, 0, 0, 0, 0, 0, 1, 1, 1]",4,0,0,,0.2727272727272727,11
753,1c1b0c04-8220-11f1-b0da-2389f409459f,8,"[1, 1, 1, 0, 0, 0, 0, 0, 1, 1, 1]",5,0,0,,0.2727272727272727,11
754,1c1b0c04-8220-11f1-b0da-2389f409459f,8,"[1, 1, 1, 0, 0, 0, 0, 0, 1, 1, 1]",6,0,0,,0.2727272727272727,11
755,1c1b0c04-8220-11f1-b0da-2389f409459f,8,"[1, 1, 1, 0, 0, 0, 0, 0, 1, 1, 1]",7,0,0,,0.2727272727272727,11
756,1c1b0c04-8220-11f1-b0da-2389f409459f,8,"[1, 1, 1, 0, 0, 0, 0, 0, 1, 1, 1]",8,1,-1,,0.2727272727272727,11
757,1c1b0c04-8220-11f1-b0da-2389f409459f,8,"[1, 1, 1, 0, 0, 0, 0, 0, 1, 1, 1]",9,1,-1,,0.2727272727272727,11
758,1c1b0c04-8220-11f1-b0da-2389f409459f,8,"[1, 1, 1, 0, 0, 0, 0, 0, 1, 1, 1]",10,1,-1,,0.2727272727272727,11
759,1c1b0c04-8220-11f1-b0da-2389f409459f,9,"[1, 0, 1, 1, 1, 0, 0, 0, 0, 1, 1]",0,1,-1,,0.2727272727272727,11
760,1c1b0c04-8220-11f1-b0da-2389f409459f,9,"[1, 0, 1, 1, 1, 0, 0, 0, 0, 1, 1]",1,0,0,,0.2727272727272727,11
761,1c1b0c04-8220-11f1-b0da-2389f409459f,9,"[1, 0, 1, 1, 1, 0, 0, 0, 0, 1, 1]",2,1,-1,,0.2727272727272727,11
762,1c1b0c04-8220-11f1-b0da-2389f409459f,9,"[1, 0, 1, 1, 1, 0, 0, 0, 0, 1, 1]",3,1,-1,,0.2727272727272727,11
763,1c1b0c04-8220-11f1-b0da-2389f409459f,9,"[1, 0, 1, 1, 1, 0, 0, 0, 0, 1, 1]",4,1,-1,,0.2727272727272727,11
764,1c1b0c04-8220-11f1-b0da-2389f409459f,9,"[1, 0, 1, 1, 1, 0, 0, 0, 0, 1, 1]",5,0,0,,0.2727272727272727,11
765,1c1b0c04-8220-11f1-b0da-2389f409459f,9,"[1, 0, 1, 1, 1, 0, 0, 0, 0, 1, 1]",6,0,0,,0.2727272727272727,11
766,1c1b0c04-8220-11f1-b0da-2389f409459f,9,"[1, 0, 1, 1, 1, 0, 0, 0, 0, 1, 1]",7,0,0,,0.2727272727272727,11
767,1c1b0c04-8220-11f1-b0da-2389f409459f,9,"[1, 0, 1, 1, 1, 0, 0, 0, 0, 1, 1]",8,0,0,,0.2727272727272727,11
768,1c1b0c04-8220-11f1-b0da-2389f409459f,9,"[1, 0, 1, 1, 1, 0, 0, 0, 0, 1, 1]",9,1,-1,,0.2727272727272727,11
769,1c1b0c04-8220-11f1-b0da-2389f409459f,9,"[1, 0, 1, 1, 1, 0, 0, 0, 0, 1, 1]",10,1,-1,,0.2727272727272727,11
770,1c1c687e-8220-11f1-b0da-2389f409459f,0,"[0, 0, 1, 0, 1, 0, 0, 1, 1, 1, 0]",0,0,0,,0.2727272727272727,11
771,1c1c687e-8220-11f1-b0da-2389f409459f,0,"[0, 0, 1, 0, 1, 0, 0, 1, 1, 1, 0]",1,0,0,,0.2727272727272727,11
772,1c1c687e-8220-11f1-b0da-2389f409459f,0,"[0, 0, 1, 0, 1, 0, 0, 1, 1, 1, 0]",2,1,-1,,0.2727272727272727,11
773,1c1c687e-8220-11f1-b0da-2389f409459f,0,"[0, 0, 1, 0, 1, 0, 0, 1, 1, 1, 0]",3,0,0,,0.2727272727272727,11
774,1c1c687e-8220-11f1-b0da-2389f409459f,0,"[0, 0, 1, 0, 1, 0, 0, 1, 1, 1, 0]",4,1,-1,,0.2727272727272727,11
775,1c1c687e-8220-11f1-b0da-2389f409459f,0,"[0, 0, 1, 0, 1, 0, 0, 1, 1, 1, 0]",5,0,0,,0.2727272727272727,11
776,1c1c687e-8220-11f1-b0da-2389f409459f,0,"[0, 0, 1, 0, 1, 0, 0, 1, 1, 1, 0]",6,0,0,,0.2727272727272727,11
777,1c1c687e-8220-11f1-b0da-2389f409459f,0,"[0, 0, 1, 0, 1, 0, 0, 1, 1, 1, 0]",7,1,-1,,0.2727272727272727,11
778,1c1c687e-8220-11f1-b0da-2389f409459f,0,"[0, 0, 1, 0, 1, 0, 0, 1, 1, 1, 0]",8,1,-1,,0.2727272727272727,11
779,1c1c687e-8220-11f1-b0da-2389f409459f,0,"[0, 0, 1, 0, 1, 0, 0, 1, 1, 1, 0]",9,1,-1,,0.2727272727272727,11
780,1c1c687e-8220-11f1-b0da-2389f409459f,0,"[0, 0, 1, 0, 1, 0, 0, 1, 1, 1, 0]",10,0,0,,0.2727272727272727,11
781,1c1c687e-8220-11f1-b0da-2389f409459f,1,"[1, 1, 1, 1, 0, 0, 0, 0, 1, 1, 1]",0,1,-1,,0.2727272727272727,11
782,1c1c687e-8220-11f1-b0da-2389f409459f,1,"[1, 1, 1, 1, 0, 0, 0, 0, 1, 1, 1]",1,1,-1,,0.2727272727272727,11
783,1c1c687e-8220-11f1-b0da-2389f409459f,1,"[1, 1, 1, 1, 0, 0, 0, 0, 1, 1, 1]",2,1,-1,,0.2727272727272727,11
784,1c1c687e-8220-11f1-b0da-2389f409459f,1,"[1, 1, 1, 1, 0, 0, 0, 0, 1, 1, 1]",3,1,-1,,0.2727272727272727,11
785,1c1c687e-8220-11f1-b0da-2389f409459f,1,"[1, 1, 1, 1, 0, 0, 0, 0, 1, 1, 1]",4,0,0,,0.2727272727272727,11
786,1c1c687e-8220-11f1-b0da-2389f409459f,1,"[1, 1, 1, 1, 0, 0, 0, 0, 1, 1, 1]",5,0,0,,0.2727272727272727,11
787,1c1c687e-8220-11f1-b0da-2389f409459f,1,"[1, 1, 1, 1, 0, 0, 0, 0, 1, 1, 1]",6,0,0,,0.2727272727272727,11
788,1c1c687e-8220-11f1-b0da-2389f409459f,1,"[1, 1, 1, 1, 0, 0, 0, 0, 1, 1, 1]",7,0,0,,0.2727272727272727,11
789,1c1c687e-8220-11f1-b0da-2389f409459f,1,"[1, 1, 1, 1, 0, 0, 0, 0, 1, 1, 1]",8,1,-1,,0.2727272727272727,11
790,1c1c687e-8220-11f1-b0da-2389f409459f,1,"[1, 1, 1, 1, 0, 0, 0, 0, 1, 1, 1]",9,1,-1,,0.2727272727272727,11
791,1c1c687e-8220-11f1-b0da-2389f409459f,1,"[1, 1, 1, 1, 0, 0, 0, 0, 1, 1, 1]",10,1,-1,,0.2727272727272727,11
792,1c1c687e-8220-11f1-b0da-2389f409459f,2,"[0, 0, 1, 1, 0, 1, 0, 1, 0, 0, 1]",0,0,0,,0.2727272727272727,11
793,1c1c687e-8220-11f1-b0da-2389f409459f,2,"[0, 0, 1, 1, 0, 1, 0, 1, 0, 0, 1]",1,0,0,,0.2727272727272727,11
794,1c1c687e-8220-11f1-b0da-2389f409459f,2,"[0, 0, 1, 1, 0, 1, 0, 1, 0, 0, 1]",2,1,-1,,0.2727272727272727,11
795,1c1c687e-8220-11f1-b0da-2389f409459f,2,"[0, 0, 1, 1, 0, 1, 0, 1, 0, 0, 1]",3,1,-1,,0.2727272727272727,11
796,1c1c687e-8220-11f1-b0da-2389f409459f,2,"[0, 0, 1, 1, 0, 1, 0, 1, 0, 0, 1]",4,0,0,,0.2727272727272727,11
797,1c1c687e-8220-11f1-b0da-2389f409459f,2,"[0, 0, 1, 1, 0, 1, 0, 1, 0, 0, 1]",5,1,-1,,0.2727272727272727,11
798,1c1c687e-8220-11f1-b0da-2389f409459f,2,"[0, 0, 1, 1, 0, 1, 0, 1, 0, 0, 1]",6,0,0,,0.2727272727272727,11
799,1c1c687e-8220-11f1-b0da-2389f409459f,2,"[0, 0, 1, 1, 0, 1, 0, 1, 0, 0, 1]",7,1,-1,,0.2727272727272727,11
800,1c1c687e-8220-11f1-b0da-2389f409459f,2,"[0, 0, 1, 1, 0, 1, 0, 1, 0, 0, 1]",8,0,0,,0.2727272727272727,11
801,1c1c687e-8220-11f1-b0da-2389f409459f,2,"[0, 0, 1, 1, 0, 1, 0, 1, 0, 0, 1]",9,0,0,,0.2727272727272727,11
802,1c1c687e-8220-11f1-b0da-2389f409459f,2,"[0, 0, 1, 1, 0, 1, 0, 1, 0, 0, 1]",10,1,-1,,0.2727272727272727,11
803,1c1c687e-8220-11f1-b0da-2389f409459f,3,"[0, 1, 1, 0, 0, 0, 1, 1, 1, 1, 0]",0,0,0,,0.2727272727272727,11
804,1c1c687e-8220-11f1-b0da-2389f409459f,3,"[0, 1, 1, 0, 0, 0, 1, 1, 1, 1, 0]",1,1,-1,,0.2727272727272727,11
805,1c1c687e-8220-11f1-b0da-2389f409459f,3,"[0, 1, 1, 0, 0, 0, 1, 1, 1, 1, 0]",2,1,-1,,0.2727272727272727,11
806,1c1c687e-8220-11f1-b0da-2389f409459f,3,"[0, 1, 1, 0, 0, 0, 1, 1, 1, 1, 0]",3,0,0,,0.2727272727272727,11
807,1c1c687e-8220-11f1-b0da-2389f409459f,3,"[0, 1, 1, 0, 0, 0, 1, 1, 1, 1, 0]",4,0,0,,0.2727272727272727,11
808,1c1c687e-8220-11f1-b0da-2389f409459f,3,"[0, 1, 1, 0, 0, 0, 1, 1, 1, 1, 0]",5,0,0,,0.2727272727272727,11
809,1c1c687e-8220-11f1-b0da-2389f409459f,3,"[0, 1, 1, 0, 0, 0, 1, 1, 1, 1, 0]",6,1,-1,,0.2727272727272727,11
810,1c1c687e-8220-11f1-b0da-2389f409459f,3,"[0, 1, 1, 0, 0, 0, 1, 1, 1, 1, 0]",7,1,-1,,0.2727272727272727,11
811,1c1c687e-8220-11f1-b0da-2389f409459f,3,"[0, 1, 1, 0, 0, 0, 1, 1, 1, 1, 0]",8,1,-1,,0.2727272727272727,11
812,1c1c687e-8220-11f1-b0da-2389f409459f,3,"[0, 1, 1, 0, 0, 0, 1, 1, 1, 1, 0]",9,1,-1,,0.2727272727272727,11
813,1c1c687e-8220-11f1-b0da-2389f409459f,3,"[0, 1, 1, 0, 0, 0, 1, 1, 1, 1, 0]",10,0,0,,0.2727272727272727,11
814,1c1c687e-8220-11f1-b0da-2389f409459f,4,"[1, 1, 1, 0, 1, 0, 0, 0, 1, 1, 1]",0,1,-1,,0.2727272727272727,11
815,1c1c687e-8220-11f1-b0da-2389f409459f,4,"[1, 1, 1, 0, 1, 0, 0, 0, 1, 1, 1]",1,1,-1,,0.2727272727272727,11
816,1c1c687e-8220-11f1-b0da-2389f409459f,4,"[1, 1, 1, 0, 1, 0, 0, 0, 1, 1, 1]",2,1,-1,,0.2727272727272727,11
817,1c1c687e-8220-11f1-b0da-2389f409459f,4,"[1, 1, 1, 0, 1, 0, 0, 0, 1, 1, 1]",3,0,0,,0.2727272727272727,11
818,1c1c687e-8220-11f1-b0da-2389f409459f,4,"[1, 1, 1, 0, 1, 0, 0, 0, 1, 1, 1]",4,1,-1,,0.2727272727272727,11
819,1c1c687e-8220-11f1-b0da-2389f409459f,4,"[1, 1, 1, 0, 1, 0, 0, 0, 1, 1, 1]",5,0,0,,0.2727272727272727,11
820,1c1c687e-8220-11f1-b0da-2389f409459f,4,"[1, 1, 1, 0, 1, 0, 0, 0, 1, 1, 1]",6,0,0,,0.2727272727272727,11
821,1c1c687e-8220-11f1-b0da-2389f409459f,4,"[1, 1, 1, 0, 1, 0, 0, 0, 1, 1, 1]",7,0,0,,0.2727272727272727,11
822,1c1c687e-8220-11f1-b0da-2389f409459f,4,"[1, 1, 1, 0, 1, 0, 0, 0, 1, 1, 1]",8,1,-1,,0.2727272727272727,11
823,1c1c687e-8220-11f1-b0da-2389f409459f,4,"[1, 1, 1, 0, 1, 0, 0, 0, 1, 1, 1]",9,1,-1,,0.2727272727272727,11
824,1c1c687e-8220-11f1-b0da-2389f409459f,4,"[1, 1, 1, 0, 1, 0, 0, 0, 1, 1, 1]",10,1,-1,,0.2727272727272727,11
825,1c1c687e-8220-11f1-b0da-2389f409459f,5,"[1, 0, 1, 0, 1, 0, 1, 1, 0, 0, 0]",0,1,-1,,0.2727272727272727,11
826,1c1c687e-8220-11f1-b0da-2389f409459f,5,"[1, 0, 1, 0, 1, 0, 1, 1, 0, 0, 0]",1,0,0,,0.2727272727272727,11
827,1c1c687e-8220-11f1-b0da-2389f409459f,5,"[1, 0, 1, 0, 1, 0, 1, 1, 0, 0, 0]",2,1,-1,,0.2727272727272727,11
828,1c1c687e-8220-11f1-b0da-2389f409459f,5,"[1, 0, 1, 0, 1, 0, 1, 1, 0, 0, 0]",3,0,0,,0.2727272727272727,11
829,1c1c687e-8220-11f1-b0da-2389f409459f,5,"[1, 0, 1, 0, 1, 0, 1, 1, 0, 0, 0]",4,1,-1,,0.2727272727272727,11
830,1c1c687e-8220-11f1-b0da-2389f409459f,5,"[1, 0, 1, 0, 1, 0, 1, 1, 0, 0, 0]",5,0,0,,0.2727272727272727,11
831,1c1c687e-8220-11f1-b0da-2389f409459f,5,"[1, 0, 1, 0, 1, 0, 1, 1, 0, 0, 0]",6,1,-1,,0.2727272727272727,11
832,1c1c687e-8220-11f1-b0da-2389f409459f,5,"[1, 0, 1, 0, 1, 0, 1, 1, 0, 0, 0]",7,1,-1,,0.2727272727272727,11
833,1c1c687e-8220-11f1-b0da-2389f409459f,5,"[1, 0, 1, 0, 1, 0, 1, 1, 0, 0, 0]",8,0,0,,0.2727272727272727,11
834,1c1c687e-8220-11f1-b0da-2389f409459f,5,"[1, 0, 1, 0, 1, 0, 1, 1, 0, 0, 0]",9,0,0,,0.2727272727272727,11
835,1c1c687e-8220-11f1-b0da-2389f409459f,5,"[1, 0, 1, 0, 1, 0, 1, 1, 0, 0, 0]",10,0,0,,0.2727272727272727,11
836,1c1c687e-8220-11f1-b0da-2389f409459f,6,"[1, 0, 1, 0, 0, 0, 0, 0, 0, 1, 1]",0,1,-1,,0.2727272727272727,11
837,1c1c687e-8220-11f1-b0da-2389f409459f,6,"[1, 0, 1, 0, 0, 0, 0, 0, 0, 1, 1]",1,0,0,,0.2727272727272727,11
838,1c1c687e-8220-11f1-b0da-2389f409459f,6,"[1, 0, 1, 0, 0, 0, 0, 0, 0, 1, 1]",2,1,-1,,0.2727272727272727,11
839,1c1c687e-8220-11f1-b0da-2389f409459f,6,"[1, 0, 1, 0, 0, 0, 0, 0, 0, 1, 1]",3,0,0,,0.2727272727272727,11
840,1c1c687e-8220-11f1-b0da-2389f409459f,6,"[1, 0, 1, 0, 0, 0, 0, 0, 0, 1, 1]",4,0,0,,0.2727272727272727,11
841,1c1c687e-8220-11f1-b0da-2389f409459f,6,"[1, 0, 1, 0, 0, 0, 0, 0, 0, 1, 1]",5,0,0,,0.2727272727272727,11
842,1c1c687e-8220-11f1-b0da-2389f409459f,6,"[1, 0, 1, 0, 0, 0, 0, 0, 0, 1, 1]",6,0,0,,0.2727272727272727,11
843,1c1c687e-8220-11f1-b0da-2389f409459f,6,"[1, 0, 1, 0, 0, 0, 0, 0, 0, 1, 1]",7,0,0,,0.2727272727272727,11
844,1c1c687e-8220-11f1-b0da-2389f409459f,6,"[1, 0, 1, 0, 0, 0, 0, 0, 0, 1, 1]",8,0,0,,0.2727272727272727,11
845,1c1c687e-8220-11f1-b0da-2389f409459f,6,"[1, 0, 1, 0, 0, 0, 0, 0, 0, 1, 1]",9,1,-1,,0.2727272727272727,11
846,1c1c687e-8220-11f1-b0da-2389f409459f,6,"[1, 0, 1, 0, 0, 0, 0, 0, 0, 1, 1]",10,1,-1,,0.2727272727272727,11
847,1c1c687e-8220-11f1-b0da-2389f409459f,7,"[0, 1, 0, 1, 1, 1, 0, 0, 1, 0, 0]",0,0,0,,0.2727272727272727,11
848,1c1c687e-8220-11f1-b0da-2389f409459f,7,"[0, 1, 0, 1, 1, 1, 0, 0, 1, 0, 0]",1,1,-1,,0.2727272727272727,11
849,1c1c687e-8220-11f1-b0da-2389f409459f,7,"[0, 1, 0, 1, 1, 1, 0, 0, 1, 0, 0]",2,0,0,,0.2727272727272727,11
850,1c1c687e-8220-11f1-b0da-2389f409459f,7,"[0, 1, 0, 1, 1, 1, 0, 0, 1, 0, 0]",3,1,-1,,0.2727272727272727,11
851,1c1c687e-8220-11f1-b0da-2389f409459f,7,"[0, 1, 0, 1, 1, 1, 0, 0, 1, 0, 0]",4,1,-1,,0.2727272727272727,11
852,1c1c687e-8220-11f1-b0da-2389f409459f,7,"[0, 1, 0, 1, 1, 1, 0, 0, 1, 0, 0]",5,1,-1,,0.2727272727272727,11
853,1c1c687e-8220-11f1-b0da-2389f409459f,7,"[0, 1, 0, 1, 1, 1, 0, 0, 1, 0, 0]",6,0,0,,0.2727272727272727,11
854,1c1c687e-8220-11f1-b0da-2389f409459f,7,"[0, 1, 0, 1, 1, 1, 0, 0, 1, 0, 0]",7,0,0,,0.2727272727272727,11
855,1c1c687e-8220-11f1-b0da-2389f409459f,7,"[0, 1, 0, 1, 1, 1, 0, 0, 1, 0, 0]",8,1,-1,,0.2727272727272727,11
856,1c1c687e-8220-11f1-b0da-2389f409459f,7,"[0, 1, 0, 1, 1, 1, 0, 0, 1, 0, 0]",9,0,0,,0.2727272727272727,11
857,1c1c687e-8220-11f1-b0da-2389f409459f,7,"[0, 1, 0, 1, 1, 1, 0, 0, 1, 0, 0]",10,0,0,,0.2727272727272727,11
858,1c1c687e-8220-11f1-b0da-2389f409459f,8,"[0, 1, 1, 0, 1, 0, 1, 0, 0, 1, 1]",0,0,0,,0.2727272727272727,11
859,1c1c687e-8220-11f1-b0da-2389f409459f,8,"[0, 1, 1, 0, 1, 0, 1, 0, 0, 1, 1]",1,1,-1,,0.2727272727272727,11
860,1c1c687e-8220-11f1-b0da-2389f409459f,8,"[0, 1, 1, 0, 1, 0, 1, 0, 0, 1, 1]",2,1,-1,,0.2727272727272727,11
861,1c1c687e-8220-11f1-b0da-2389f409459f,8,"[0, 1, 1, 0, 1, 0, 1, 0, 0, 1, 1]",3,0,0,,0.2727272727272727,11
862,1c1c687e-8220-11f1-b0da-2389f409459f,8,"[0, 1, 1, 0, 1, 0, 1, 0, 0, 1, 1]",4,1,-1,,0.2727272727272727,11
863,1c1c687e-8220-11f1-b0da-2389f409459f,8,"[0, 1, 1, 0, 1, 0, 1, 0, 0, 1, 1]",5,0,0,,0.2727272727272727,11
864,1c1c687e-8220-11f1-b0da-2389f409459f,8,"[0, 1, 1, 0, 1, 0, 1, 0, 0, 1, 1]",6,1,-1,,0.2727272727272727,11
865,1c1c687e-8220-11f1-b0da-2389f409459f,8,"[0, 1, 1, 0, 1, 0, 1, 0, 0, 1, 1]",7,0,0,,0.2727272727272727,11
866,1c1c687e-8220-11f1-b0da-2389f409459f,8,"[0, 1, 1, 0, 1, 0, 1, 0, 0, 1, 1]",8,0,0,,0.2727272727272727,11
867,1c1c687e-8220-11f1-b0da-2389f409459f,8,"[0, 1, 1, 0, 1, 0, 1, 0, 0, 1, 1]",9,1,-1,,0.2727272727272727,11
868,1c1c687e-8220-11f1-b0da-2389f409459f,8,"[0, 1, 1, 0, 1, 0, 1, 0, 0, 1, 1]",10,1,-1,,0.2727272727272727,11
869,1c1c687e-8220-11f1-b0da-2389f409459f,9,"[0, 0, 1, 0, 1, 1, 0, 0, 1, 1, 1]",0,0,0,,0.2727272727272727,11
870,1c1c687e-8220-11f1-b0da-2389f409459f,9,"[0, 0, 1, 0, 1, 1, 0, 0, 1, 1, 1]",1,0,0,,0.2727272727272727,11
871,1c1c687e-8220-11f1-b0da-2389f409459f,9,"[0, 0, 1, 0, 1, 1, 0, 0, 1, 1, 1]",2,1,-1,,0.2727272727272727,11
872,1c1c687e-8220-11f1-b0da-2389f409459f,9,"[0, 0, 1, 0, 1, 1, 0, 0, 1, 1, 1]",3,0,0,,0.2727272727272727,11
873,1c1c687e-8220-11f1-b0da-2389f409459f,9,"[0, 0, 1, 0, 1, 1, 0, 0, 1, 1, 1]",4,1,-1,,0.2727272727272727,11
874,1c1c687e-8220-11f1-b0da-2389f409459f,9,"[0, 0, 1, 0, 1, 1, 0, 0, 1, 1, 1]",5,1,-1,,0.2727272727272727,11
875,1c1c687e-8220-11f1-b0da-2389f409459f,9,"[0, 0, 1, 0, 1, 1, 0, 0, 1, 1, 1]",6,0,0,,0.2727272727272727,11
876,1c1c687e-8220-11f1-b0da-2389f409459f,9,"[0, 0, 1, 0, 1, 1, 0, 0, 1, 1, 1]",7,0,0,,0.2727272727272727,11
877,1c1c687e-8220-11f1-b0da-2389f409459f,9,"[0, 0, 1, 0, 1, 1, 0, 0, 1, 1, 1]",8,1,-1,,0.2727272727272727,11
878,1c1c687e-8220-11f1-b0da-2389f409459f,9,"[0, 0, 1, 0, 1, 1, 0, 0, 1, 1, 1]",9,1,-1,,0.2727272727272727,11
879,1c1c687e-8220-11f1-b0da-2389f409459f,9,"[0, 0, 1, 0, 1, 1, 0, 0, 1, 1, 1]",10,1,-1,,0.2727272727272727,11
880,1c1d6936-8220-11f1-b0da-2389f409459f,0,"[1, 0, 1, 0, 1, 1, 0, 1, 0, 0, 1]",0,1,-1,,0.2727272727272727,11
881,1c1d6936-8220-11f1-b0da-2389f409459f,0,"[1, 0, 1, 0, 1, 1, 0, 1, 0, 0, 1]",1,0,0,,0.2727272727272727,11
882,1c1d6936-8220-11f1-b0da-2389f409459f,0,"[1, 0, 1, 0, 1, 1, 0, 1, 0, 0, 1]",2,1,-1,,0.2727272727272727,11
883,1c1d6936-8220-11f1-b0da-2389f409459f,0,"[1, 0, 1, 0, 1, 1, 0, 1, 0, 0, 1]",3,0,0,,0.2727272727272727,11
884,1c1d6936-8220-11f1-b0da-2389f409459f,0,"[1, 0, 1, 0, 1, 1, 0, 1, 0, 0, 1]",4,1,-1,,0.2727272727272727,11
885,1c1d6936-8220-11f1-b0da-2389f409459f,0,"[1, 0, 1, 0, 1, 1, 0, 1, 0, 0, 1]",5,1,-1,,0.2727272727272727,11
886,1c1d6936-8220-11f1-b0da-2389f409459f,0,"[1, 0, 1, 0, 1, 1, 0, 1, 0, 0, 1]",6,0,0,,0.2727272727272727,11
887,1c1d6936-8220-11f1-b0da-2389f409459f,0,"[1, 0, 1, 0, 1, 1, 0, 1, 0, 0, 1]",7,1,-1,,0.2727272727272727,11
888,1c1d6936-8220-11f1-b0da-2389f409459f,0,"[1, 0, 1, 0, 1, 1, 0, 1, 0, 0, 1]",8,0,0,,0.2727272727272727,11
889,1c1d6936-8220-11f1-b0da-2389f409459f,0,"[1, 0, 1, 0, 1, 1, 0, 1, 0, 0, 1]",9,0,0,,0.2727272727272727,11
890,1c1d6936-8220-11f1-b0da-2389f409459f,0,"[1, 0, 1, 0, 1, 1, 0, 1, 0, 0, 1]",10,1,-1,,0.2727272727272727,11
891,1c1d6936-8220-11f1-b0da-2389f409459f,1,"[1, 0, 0, 0, 1, 1, 1, 0, 1, 0, 1]",0,1,-1,,0.2727272727272727,11
892,1c1d6936-8220-11f1-b0da-2389f409459f,1,"[1, 0, 0, 0, 1, 1, 1, 0, 1, 0, 1]",1,0,0,,0.2727272727272727,11
893,1c1d6936-8220-11f1-b0da-2389f409459f,1,"[1, 0, 0, 0, 1, 1, 1, 0, 1, 0, 1]",2,0,0,,0.2727272727272727,11
894,1c1d6936-8220-11f1-b0da-2389f409459f,1,"[1, 0, 0, 0, 1, 1, 1, 0, 1, 0, 1]",3,0,0,,0.2727272727272727,11
895,1c1d6936-8220-11f1-b0da-2389f409459f,1,"[1, 0, 0, 0, 1, 1, 1, 0, 1, 0, 1]",4,1,-1,,0.2727272727272727,11
896,1c1d6936-8220-11f1-b0da-2389f409459f,1,"[1, 0, 0, 0, 1, 1, 1, 0, 1, 0, 1]",5,1,-1,,0.2727272727272727,11
897,1c1d6936-8220-11f1-b0da-2389f409459f,1,"[1, 0, 0, 0, 1, 1, 1, 0, 1, 0, 1]",6,1,-1,,0.2727272727272727,11
898,1c1d6936-8220-11f1-b0da-2389f409459f,1,"[1, 0, 0, 0, 1, 1, 1, 0, 1, 0, 1]",7,0,0,,0.2727272727272727,11
899,1c1d6936-8220-11f1-b0da-2389f409459f,1,"[1, 0, 0, 0, 1, 1, 1, 0, 1, 0, 1]",8,1,-1,,0.2727272727272727,11
900,1c1d6936-8220-11f1-b0da-2389f409459f,1,"[1, 0, 0, 0, 1, 1, 1, 0, 1, 0, 1]",9,0,0,,0.2727272727272727,11
901,1c1d6936-8220-11f1-b0da-2389f409459f,1,"[1, 0, 0, 0, 1, 1, 1, 0, 1, 0, 1]",10,1,-1,,0.2727272727272727,11
902,1c1d6936-8220-11f1-b0da-2389f409459f,2,"[1, 1, 0, 1, 0, 1, 1, 0, 1, 1, 0]",0,1,-1,,0.2727272727272727,11
903,1c1d6936-8220-11f1-b0da-2389f409459f,2,"[1, 1, 0, 1, 0, 1, 1, 0, 1, 1, 0]",1,1,-1,,0.2727272727272727,11
904,1c1d6936-8220-11f1-b0da-2389f409459f,2,"[1, 1, 0, 1, 0, 1, 1, 0, 1, 1, 0]",2,0,0,,0.2727272727272727,11
905,1c1d6936-8220-11f1-b0da-2389f409459f,2,"[1, 1, 0, 1, 0, 1, 1, 0, 1, 1, 0]",3,1,-1,,0.2727272727272727,11
906,1c1d6936-8220-11f1-b0da-2389f409459f,2,"[1, 1, 0, 1, 0, 1, 1, 0, 1, 1, 0]",4,0,0,,0.2727272727272727,11
907,1c1d6936-8220-11f1-b0da-2389f409459f,2,"[1, 1, 0, 1, 0, 1, 1, 0, 1, 1, 0]",5,1,-1,,0.2727272727272727,11
908,1c1d6936-8220-11f1-b0da-2389f409459f,2,"[1, 1, 0, 1, 0, 1, 1, 0, 1, 1, 0]",6,1,-1,,0.2727272727272727,11
909,1c1d6936-8220-11f1-b0da-2389f409459f,2,"[1, 1, 0, 1, 0, 1, 1, 0, 1, 1, 0]",7,0,0,,0.2727272727272727,11
910,1c1d6936-8220-11f1-b0da-2389f409459f,2,"[1, 1, 0, 1, 0, 1, 1, 0, 1, 1, 0]",8,1,-1,,0.2727272727272727,11
911,1c1d6936-8220-11f1-b0da-2389f409459f,2,"[1, 1, 0, 1, 0, 1, 1, 0, 1, 1, 0]",9,1,-1,,0.2727272727272727,11
912,1c1d6936-8220-11f1-b0da-2389f409459f,2,"[1, 1, 0, 1, 0, 1, 1, 0, 1, 1, 0]",10,0,0,,0.2727272727272727,11
913,1c1d6936-8220-11f1-b0da-2389f409459f,3,"[0, 1, 1, 1, 0, 0, 1, 0, 1, 1, 0]",0,0,0,,0.2727272727272727,11
914,1c1d6936-8220-11f1-b0da-2389f409459f,3,"[0, 1, 1, 1, 0, 0, 1, 0, 1, 1, 0]",1,1,-1,,0.2727272727272727,11
915,1c1d6936-8220-11f1-b0da-2389f409459f,3,"[0, 1, 1, 1, 0, 0, 1, 0, 1, 1, 0]",2,1,-1,,0.2727272727272727,11
916,1c1d6936-8220-11f1-b0da-2389f409459f,3,"[0, 1, 1, 1, 0, 0, 1, 0, 1, 1, 0]",3,1,-1,,0.2727272727272727,11
917,1c1d6936-8220-11f1-b0da-2389f409459f,3,"[0, 1, 1, 1, 0, 0, 1, 0, 1, 1, 0]",4,0,0,,0.2727272727272727,11
918,1c1d6936-8220-11f1-b0da-2389f409459f,3,"[0, 1, 1, 1, 0, 0, 1, 0, 1, 1, 0]",5,0,0,,0.2727272727272727,11
919,1c1d6936-8220-11f1-b0da-2389f409459f,3,"[0, 1, 1, 1, 0, 0, 1, 0, 1, 1, 0]",6,1,-1,,0.2727272727272727,11
920,1c1d6936-8220-11f1-b0da-2389f409459f,3,"[0, 1, 1, 1, 0, 0, 1, 0, 1, 1, 0]",7,0,0,,0.2727272727272727,11
921,1c1d6936-8220-11f1-b0da-2389f409459f,3,"[0, 1, 1, 1, 0, 0, 1, 0, 1, 1, 0]",8,1,-1,,0.2727272727272727,11
922,1c1d6936-8220-11f1-b0da-2389f409459f,3,"[0, 1, 1, 1, 0, 0, 1, 0, 1, 1, 0]",9,1,-1,,0.2727272727272727,11
923,1c1d6936-8220-11f1-b0da-2389f409459f,3,"[0, 1, 1, 1, 0, 0, 1, 0, 1, 1, 0]",10,0,0,,0.2727272727272727,11
924,1c1d6936-8220-11f1-b0da-2389f409459f,4,"[0, 0, 0, 0, 0, 1, 0, 0, 1, 0, 1]",0,0,0,,0.2727272727272727,11
925,1c1d6936-8220-11f1-b0da-2389f409459f,4,"[0, 0, 0, 0, 0, 1, 0, 0, 1, 0, 1]",1,0,0,,0.2727272727272727,11
926,1c1d6936-8220-11f1-b0da-2389f409459f,4,"[0, 0, 0, 0, 0, 1, 0, 0, 1, 0, 1]",2,0,0,,0.2727272727272727,11
927,1c1d6936-8220-11f1-b0da-2389f409459f,4,"[0, 0, 0, 0, 0, 1, 0, 0, 1, 0, 1]",3,0,0,,0.2727272727272727,11
928,1c1d6936-8220-11f1-b0da-2389f409459f,4,"[0, 0, 0, 0, 0, 1, 0, 0, 1, 0, 1]",4,0,0,,0.2727272727272727,11
929,1c1d6936-8220-11f1-b0da-2389f409459f,4,"[0, 0, 0, 0, 0, 1, 0, 0, 1, 0, 1]",5,1,1,,0.2727272727272727,11
930,1c1d6936-8220-11f1-b0da-2389f409459f,4,"[0, 0, 0, 0, 0, 1, 0, 0, 1, 0, 1]",6,0,0,,0.2727272727272727,11
931,1c1d6936-8220-11f1-b0da-2389f409459f,4,"[0, 0, 0, 0, 0, 1, 0, 0, 1, 0, 1]",7,0,0,,0.2727272727272727,11
932,1c1d6936-8220-11f1-b0da-2389f409459f,4,"[0, 0, 0, 0, 0, 1, 0, 0, 1, 0, 1]",8,1,1,,0.2727272727272727,11
933,1c1d6936-8220-11f1-b0da-2389f409459f,4,"[0, 0, 0, 0, 0, 1, 0, 0, 1, 0, 1]",9,0,0,,0.2727272727272727,11
934,1c1d6936-8220-11f1-b0da-2389f409459f,4,"[0, 0, 0, 0, 0, 1, 0, 0, 1, 0, 1]",10,1,1,,0.2727272727272727,11
935,1c1d6936-8220-11f1-b0da-2389f409459f,5,"[1, 0, 0, 1, 0, 0, 0, 0, 1, 1, 0]",0,1,-1,,0.2727272727272727,11
936,1c1d6936-8220-11f1-b0da-2389f409459f,5,"[1, 0, 0, 1, 0, 0, 0, 0, 1, 1, 0]",1,0,0,,0.2727272727272727,11
937,1c1d6936-8220-11f1-b0da-2389f409459f,5,"[1, 0, 0, 1, 0, 0, 0, 0, 1, 1, 0]",2,0,0,,0.2727272727272727,11
938,1c1d6936-8220-11f1-b0da-2389f409459f,5,"[1, 0, 0, 1, 0, 0, 0, 0, 1, 1, 0]",3,1,-1,,0.2727272727272727,11
939,1c1d6936-8220-11f1-b0da-2389f409459f,5,"[1, 0, 0, 1, 0, 0, 0, 0, 1, 1, 0]",4,0,0,,0.2727272727272727,11
940,1c1d6936-8220-11f1-b0da-2389f409459f,5,"[1, 0, 0, 1, 0, 0, 0, 0, 1, 1, 0]",5,0,0,,0.2727272727272727,11
941,1c1d6936-8220-11f1-b0da-2389f409459f,5,"[1, 0, 0, 1, 0, 0, 0, 0, 1, 1, 0]",6,0,0,,0.2727272727272727,11
942,1c1d6936-8220-11f1-b0da-2389f409459f,5,"[1, 0, 0, 1, 0, 0, 0, 0, 1, 1, 0]",7,0,0,,0.2727272727272727,11
943,1c1d6936-8220-11f1-b0da-2389f409459f,5,"[1, 0, 0, 1, 0, 0, 0, 0, 1, 1, 0]",8,1,-1,,0.2727272727272727,11
944,1c1d6936-8220-11f1-b0da-2389f409459f,5,"[1, 0, 0, 1, 0, 0, 0, 0, 1, 1, 0]",9,1,-1,,0.2727272727272727,11
945,1c1d6936-8220-11f1-b0da-2389f409459f,5,"[1, 0, 0, 1, 0, 0, 0, 0, 1, 1, 0]",10,0,0,,0.2727272727272727,11
946,1c1d6936-8220-11f1-b0da-2389f409459f,6,"[1, 0, 0, 1, 0, 1, 0, 1, 0, 1, 1]",0,1,-1,,0.2727272727272727,11
947,1c1d6936-8220-11f1-b0da-2389f409459f,6,"[1, 0, 0, 1, 0, 1, 0, 1, 0, 1, 1]",1,0,0,,0.2727272727272727,11
948,1c1d6936-8220-11f1-b0da-2389f409459f,6,"[1, 0, 0, 1, 0, 1, 0, 1, 0, 1, 1]",2,0,0,,0.2727272727272727,11
949,1c1d6936-8220-11f1-b0da-2389f409459f,6,"[1, 0, 0, 1, 0, 1, 0, 1, 0, 1, 1]",3,1,-1,,0.2727272727272727,11
950,1c1d6936-8220-11f1-b0da-2389f409459f,6,"[1, 0, 0, 1, 0, 1, 0, 1, 0, 1, 1]",4,0,0,,0.2727272727272727,11
951,1c1d6936-8220-11f1-b0da-2389f409459f,6,"[1, 0, 0, 1, 0, 1, 0, 1, 0, 1, 1]",5,1,-1,,0.2727272727272727,11
952,1c1d6936-8220-11f1-b0da-2389f409459f,6,"[1, 0, 0, 1, 0, 1, 0, 1, 0, 1, 1]",6,0,0,,0.2727272727272727,11
953,1c1d6936-8220-11f1-b0da-2389f409459f,6,"[1, 0, 0, 1, 0, 1, 0, 1, 0, 1, 1]",7,1,-1,,0.2727272727272727,11
954,1c1d6936-8220-11f1-b0da-2389f409459f,6,"[1, 0, 0, 1, 0, 1, 0, 1, 0, 1, 1]",8,0,0,,0.2727272727272727,11
955,1c1d6936-8220-11f1-b0da-2389f409459f,6,"[1, 0, 0, 1, 0, 1, 0, 1, 0, 1, 1]",9,1,-1,,0.2727272727272727,11
956,1c1d6936-8220-11f1-b0da-2389f409459f,6,"[1, 0, 0, 1, 0, 1, 0, 1, 0, 1, 1]",10,1,-1,,0.2727272727272727,11
957,1c1d6936-8220-11f1-b0da-2389f409459f,7,"[0, 1, 0, 0, 0, 1, 1, 0, 0, 0, 0]",0,0,0,,0.2727272727272727,11
958,1c1d6936-8220-11f1-b0da-2389f409459f,7,"[0, 1, 0, 0, 0, 1, 1, 0, 0, 0, 0]",1,1,1,,0.2727272727272727,11
959,1c1d6936-8220-11f1-b0da-2389f409459f,7,"[0, 1, 0, 0, 0, 1, 1, 0, 0, 0, 0]",2,0,0,,0.2727272727272727,11
960,1c1d6936-8220-11f1-b0da-2389f409459f,7,"[0, 1, 0, 0, 0, 1, 1, 0, 0, 0, 0]",3,0,0,,0.2727272727272727,11
961,1c1d6936-8220-11f1-b0da-2389f409459f,7,"[0, 1, 0, 0, 0, 1, 1, 0, 0, 0, 0]",4,0,0,,0.2727272727272727,11
962,1c1d6936-8220-11f1-b0da-2389f409459f,7,"[0, 1, 0, 0, 0, 1, 1, 0, 0, 0, 0]",5,1,1,,0.2727272727272727,11
963,1c1d6936-8220-11f1-b0da-2389f409459f,7,"[0, 1, 0, 0, 0, 1, 1, 0, 0, 0, 0]",6,1,1,,0.2727272727272727,11
964,1c1d6936-8220-11f1-b0da-2389f409459f,7,"[0, 1, 0, 0, 0, 1, 1, 0, 0, 0, 0]",7,0,0,,0.2727272727272727,11
965,1c1d6936-8220-11f1-b0da-2389f409459f,7,"[0, 1, 0, 0, 0, 1, 1, 0, 0, 0, 0]",8,0,0,,0.2727272727272727,11
966,1c1d6936-8220-11f1-b0da-2389f409459f,7,"[0, 1, 0, 0, 0, 1, 1, 0, 0, 0, 0]",9,0,0,,0.2727272727272727,11
967,1c1d6936-8220-11f1-b0da-2389f409459f,7,"[0, 1, 0, 0, 0, 1, 1, 0, 0, 0, 0]",10,0,0,,0.2727272727272727,11
968,1c1d6936-8220-11f1-b0da-2389f409459f,8,"[0, 1, 0, 1, 1, 0, 0, 0, 1, 1, 1]",0,0,0,,0.2727272727272727,11
969,1c1d6936-8220-11f1-b0da-2389f409459f,8,"[0, 1, 0, 1, 1, 0, 0, 0, 1, 1, 1]",1,1,-1,,0.2727272727272727,11
970,1c1d6936-8220-11f1-b0da-2389f409459f,8,"[0, 1, 0, 1, 1, 0, 0, 0, 1, 1, 1]",2,0,0,,0.2727272727272727,11
971,1c1d6936-8220-11f1-b0da-2389f409459f,8,"[0, 1, 0, 1, 1, 0, 0, 0, 1, 1, 1]",3,1,-1,,0.2727272727272727,11
972,1c1d6936-8220-11f1-b0da-2389f409459f,8,"[0, 1, 0, 1, 1, 0, 0, 0, 1, 1, 1]",4,1,-1,,0.2727272727272727,11
973,1c1d6936-8220-11f1-b0da-2389f409459f,8,"[0, 1, 0, 1, 1, 0, 0, 0, 1, 1, 1]",5,0,0,,0.2727272727272727,11
974,1c1d6936-8220-11f1-b0da-2389f409459f,8,"[0, 1, 0, 1, 1, 0, 0, 0, 1, 1, 1]",6,0,0,,0.2727272727272727,11
975,1c1d6936-8220-11f1-b0da-2389f409459f,8,"[0, 1, 0, 1, 1, 0, 0, 0, 1, 1, 1]",7,0,0,,0.2727272727272727,11
976,1c1d6936-8220-11f1-b0da-2389f409459f,8,"[0, 1, 0, 1, 1, 0, 0, 0, 1, 1, 1]",8,1,-1,,0.2727272727272727,11
977,1c1d6936-8220-11f1-b0da-2389f409459f,8,"[0, 1, 0, 1, 1, 0, 0, 0, 1, 1, 1]",9,1,-1,,0.2727272727272727,11
978,1c1d6936-8220-11f1-b0da-2389f409459f,8,"[0, 1, 0, 1, 1, 0, 0, 0, 1, 1, 1]",10,1,-1,,0.2727272727272727,11
979,1c1d6936-8220-11f1-b0da-2389f409459f,9,"[0, 1, 0, 0, 1, 0, 1, 1, 0, 0, 1]",0,0,0,,0.2727272727272727,11
980,1c1d6936-8220-11f1-b0da-2389f409459f,9,"[0, 1, 0, 0, 1, 0, 1, 1, 0, 0, 1]",1,1,-1,,0.2727272727272727,11
981,1c1d6936-8220-11f1-b0da-2389f409459f,9,"[0, 1, 0, 0, 1, 0, 1, 1, 0, 0, 1]",2,0,0,,0.2727272727272727,11
982,1c1d6936-8220-11f1-b0da-2389f409459f,9,"[0, 1, 0, 0, 1, 0, 1, 1, 0, 0, 1]",3,0,0,,0.2727272727272727,11
983,1c1d6936-8220-11f1-b0da-2389f409459f,9,"[0, 1, 0, 0, 1, 0, 1, 1, 0, 0, 1]",4,1,-1,,0.2727272727272727,11
984,1c1d6936-8220-11f1-b0da-2389f409459f,9,"[0, 1, 0, 0, 1, 0, 1, 1, 0, 0, 1]",5,0,0,,0.2727272727272727,11
985,1c1d6936-8220-11f1-b0da-2389f409459f,9,"[0, 1, 0, 0, 1, 0, 1, 1, 0, 0, 1]",6,1,-1,,0.2727272727272727,11
986,1c1d6936-8220-11f1-b0da-2389f409459f,9,"[0, 1, 0, 0, 1, 0, 1, 1, 0, 0, 1]",7,1,-1,,0.2727272727272727,11
987,1c1d6936-8220-11f1-b0da-2389f409459f,9,"[0, 1, 0, 0, 1, 0, 1, 1, 0, 0, 1]",8,0,0,,0.2727272727272727,11
988,1c1d6936-8220-11f1-b0da-2389f409459f,9,"[0, 1, 0, 0, 1, 0, 1, 1, 0, 0, 1]",9,0,0,,0.2727272727272727,11
989,1c1d6936-8220-11f1-b0da-2389f409459f,9,"[0, 1, 0, 0, 1, 0, 1, 1, 0, 0, 1]",10,1,-1,,0.2727272727272727,11
990,1c1e9a54-8220-11f1-b0da-2389f409459f,0,"[0, 1, 0, 0, 1, 1, 0, 1, 1, 1, 0]",0,0,0,,0.2727272727272727,11
991,1c1e9a54-8220-11f1-b0da-2389f409459f,0,"[0, 1, 0, 0, 1, 1, 0, 1, 1, 1, 0]",1,1,-1,,0.2727272727272727,11
992,1c1e9a54-8220-11f1-b0da-2389f409459f,0,"[0, 1, 0, 0, 1, 1, 0, 1, 1, 1, 0]",2,0,0,,0.2727272727272727,11
993,1c1e9a54-8220-11f1-b0da-2389f409459f,0,"[0, 1, 0, 0, 1, 1, 0, 1, 1, 1, 0]",3,0,0,,0.2727272727272727,11
994,1c1e9a54-8220-11f1-b0da-2389f409459f,0,"[0, 1, 0, 0, 1, 1, 0, 1, 1, 1, 0]",4,1,-1,,0.2727272727272727,11
995,1c1e9a54-8220-11f1-b0da-2389f409459f,0,"[0, 1, 0, 0, 1, 1, 0, 1, 1, 1, 0]",5,1,-1,,0.2727272727272727,11
996,1c1e9a54-8220-11f1-b0da-2389f409459f,0,"[0, 1, 0, 0, 1, 1, 0, 1, 1, 1, 0]",6,0,0,,0.2727272727272727,11
997,1c1e9a54-8220-11f1-b0da-2389f409459f,0,"[0, 1, 0, 0, 1, 1, 0, 1, 1, 1, 0]",7,1,-1,,0.2727272727272727,11
998,1c1e9a54-8220-11f1-b0da-2389f409459f,0,"[0, 1, 0, 0, 1, 1, 0, 1, 1, 1, 0]",8,1,-1,,0.2727272727272727,11
999,1c1e9a54-8220-11f1-b0da-2389f409459f,0,"[0, 1, 0, 0, 1, 1, 0, 1, 1, 1, 0]",9,1,-1,,0.2727272727272727,11
1000,1c1e9a54-8220-11f1-b0da-2389f409459f,0,"[0, 1, 0, 0, 1, 1, 0, 1, 1, 1, 0]",10,0,0,,0.2727272727272727,11
1001,1c1e9a54-8220-11f1-b0da-2389f409459f,1,"[0, 1, 0, 0, 1, 0, 0, 0, 1, 1, 0]",0,0,0,,0.2727272727272727,11
1002,1c1e9a54-8220-11f1-b0da-2389f409459f,1,"[0, 1, 0, 0, 1, 0, 0, 0, 1, 1, 0]",1,1,-1,,0.2727272727272727,11
1003,1c1e9a54-8220-11f1-b0da-2389f409459f,1,"[0, 1, 0, 0, 1, 0, 0, 0, 1, 1, 0]",2,0,0,,0.2727272727272727,11
1004,1c1e9a54-8220-11f1-b0da-2389f409459f,1,"[0, 1, 0, 0, 1, 0, 0, 0, 1, 1, 0]",3,0,0,,0.2727272727272727,11
1005,1c1e9a54-8220-11f1-b0da-2389f409459f,1,"[0, 1, 0, 0, 1, 0, 0, 0, 1, 1, 0]",4,1,-1,,0.2727272727272727,11
1006,1c1e9a54-8220-11f1-b0da-2389f409459f,1,"[0, 1, 0, 0, 1, 0, 0, 0, 1, 1, 0]",5,0,0,,0.2727272727272727,11
1007,1c1e9a54-8220-11f1-b0da-2389f409459f,1,"[0, 1, 0, 0, 1, 0, 0, 0, 1, 1, 0]",6,0,0,,0.2727272727272727,11
1008,1c1e9a54-8220-11f1-b0da-2389f409459f,1,"[0, 1, 0, 0, 1, 0, 0, 0, 1, 1, 0]",7,0,0,,0.2727272727272727,11
1009,1c1e9a54-8220-11f1-b0da-2389f409459f,1,"[0, 1, 0, 0, 1, 0, 0, 0, 1, 1, 0]",8,1,-1,,0.2727272727272727,11
1010,1c1e9a54-8220-11f1-b0da-2389f409459f,1,"[0, 1, 0, 0, 1, 0, 0, 0, 1, 1, 0]",9,1,-1,,0.2727272727272727,11
1011,1c1e9a54-8220-11f1-b0da-2389f409459f,1,"[0, 1, 0, 0, 1, 0, 0, 0, 1, 1, 0]",10,0,0,,0.2727272727272727,11
1012,1c1e9a54-8220-11f1-b0da-2389f409459f,2,"[0, 0, 0, 0, 1, 0, 1, 1, 0, 0, 0]",0,0,0,,0.2727272727272727,11
1013,1c1e9a54-8220-11f1-b0da-2389f409459f,2,"[0, 0, 0, 0, 1, 0, 1, 1, 0, 0, 0]",1,0,0,,0.2727272727272727,11
1014,1c1e9a54-8220-11f1-b0da-2389f409459f,2,"[0, 0, 0, 0, 1, 0, 1, 1, 0, 0, 0]",2,0,0,,0.2727272727272727,11
1015,1c1e9a54-8220-11f1-b0da-2389f409459f,2,"[0, 0, 0, 0, 1, 0, 1, 1, 0, 0, 0]",3,0,0,,0.2727272727272727,11
1016,1c1e9a54-8220-11f1-b0da-2389f409459f,2,"[0, 0, 0, 0, 1, 0, 1, 1, 0, 0, 0]",4,1,1,,0.2727272727272727,11
1017,1c1e9a54-8220-11f1-b0da-2389f409459f,2,"[0, 0, 0, 0, 1, 0, 1, 1, 0, 0, 0]",5,0,0,,0.2727272727272727,11
1018,1c1e9a54-8220-11f1-b0da-2389f409459f,2,"[0, 0, 0, 0, 1, 0, 1, 1, 0, 0, 0]",6,1,1,,0.2727272727272727,11
1019,1c1e9a54-8220-11f1-b0da-2389f409459f,2,"[0, 0, 0, 0, 1, 0, 1, 1, 0, 0, 0]",7,1,1,,0.2727272727272727,11
1020,1c1e9a54-8220-11f1-b0da-2389f409459f,2,"[0, 0, 0, 0, 1, 0, 1, 1, 0, 0, 0]",8,0,0,,0.2727272727272727,11
1021,1c1e9a54-8220-11f1-b0da-2389f409459f,2,"[0, 0, 0, 0, 1, 0, 1, 1, 0, 0, 0]",9,0,0,,0.2727272727272727,11
1022,1c1e9a54-8220-11f1-b0da-2389f409459f,2,"[0, 0, 0, 0, 1, 0, 1, 1, 0, 0, 0]",10,0,0,,0.2727272727272727,11
1023,1c1e9a54-8220-11f1-b0da-2389f409459f,3,"[0, 1, 1, 1, 0, 0, 0, 1, 1, 1, 1]",0,0,0,,0.2727272727272727,11
1024,1c1e9a54-8220-11f1-b0da-2389f409459f,3,"[0, 1, 1, 1, 0, 0, 0, 1, 1, 1, 1]",1,1,-1,,0.2727272727272727,11
1025,1c1e9a54-8220-11f1-b0da-2389f409459f,3,"[0, 1, 1, 1, 0, 0, 0, 1, 1, 1, 1]",2,1,-1,,0.2727272727272727,11
1026,1c1e9a54-8220-11f1-b0da-2389f409459f,3,"[0, 1, 1, 1, 0, 0, 0, 1, 1, 1, 1]",3,1,-1,,0.2727272727272727,11
1027,1c1e9a54-8220-11f1-b0da-2389f409459f,3,"[0, 1, 1, 1, 0, 0, 0, 1, 1, 1, 1]",4,0,0,,0.2727272727272727,11
1028,1c1e9a54-8220-11f1-b0da-2389f409459f,3,"[0, 1, 1, 1, 0, 0, 0, 1, 1, 1, 1]",5,0,0,,0.2727272727272727,11
1029,1c1e9a54-8220-11f1-b0da-2389f409459f,3,"[0, 1, 1, 1, 0, 0, 0, 1, 1, 1, 1]",6,0,0,,0.2727272727272727,11
1030,1c1e9a54-8220-11f1-b0da-2389f409459f,3,"[0, 1, 1, 1, 0, 0, 0, 1, 1, 1, 1]",7,1,-1,,0.2727272727272727,11
1031,1c1e9a54-8220-11f1-b0da-2389f409459f,3,"[0, 1, 1, 1, 0, 0, 0, 1, 1, 1, 1]",8,1,-1,,0.2727272727272727,11
1032,1c1e9a54-8220-11f1-b0da-2389f409459f,3,"[0, 1, 1, 1, 0, 0, 0, 1, 1, 1, 1]",9,1,-1,,0.2727272727272727,11
1033,1c1e9a54-8220-11f1-b0da-2389f409459f,3,"[0, 1, 1, 1, 0, 0, 0, 1, 1, 1, 1]",10,1,-1,,0.2727272727272727,11
1034,1c1e9a54-8220-11f1-b0da-2389f409459f,4,"[1, 1, 1, 0, 0, 0, 1, 0, 0, 1, 1]",0,1,-1,,0.2727272727272727,11
1035,1c1e9a54-8220-11f1-b0da-2389f409459f,4,"[1, 1, 1, 0, 0, 0, 1, 0, 0, 1, 1]",1,1,-1,,0.2727272727272727,11
1036,1c1e9a54-8220-11f1-b0da-2389f409459f,4,"[1, 1, 1, 0, 0, 0, 1, 0, 0, 1, 1]",2,1,-1,,0.2727272727272727,11
1037,1c1e9a54-8220-11f1-b0da-2389f409459f,4,"[1, 1, 1, 0, 0, 0, 1, 0, 0, 1, 1]",3,0,0,,0.2727272727272727,11
1038,1c1e9a54-8220-11f1-b0da-2389f409459f,4,"[1, 1, 1, 0, 0, 0, 1, 0, 0, 1, 1]",4,0,0,,0.2727272727272727,11
1039,1c1e9a54-8220-11f1-b0da-2389f409459f,4,"[1, 1, 1, 0, 0, 0, 1, 0, 0, 1, 1]",5,0,0,,0.2727272727272727,11
1040,1c1e9a54-8220-11f1-b0da-2389f409459f,4,"[1, 1, 1, 0, 0, 0, 1, 0, 0, 1, 1]",6,1,-1,,0.2727272727272727,11
1041,1c1e9a54-8220-11f1-b0da-2389f409459f,4,"[1, 1, 1, 0, 0, 0, 1, 0, 0, 1, 1]",7,0,0,,0.2727272727272727,11
1042,1c1e9a54-8220-11f1-b0da-2389f409459f,4,"[1, 1, 1, 0, 0, 0, 1, 0, 0, 1, 1]",8,0,0,,0.2727272727272727,11
1043,1c1e9a54-8220-11f1-b0da-2389f409459f,4,"[1, 1, 1, 0, 0, 0, 1, 0, 0, 1, 1]",9,1,-1,,0.2727272727272727,11
1044,1c1e9a54-8220-11f1-b0da-2389f409459f,4,"[1, 1, 1, 0, 0, 0, 1, 0, 0, 1, 1]",10,1,-1,,0.2727272727272727,11
1045,1c1e9a54-8220-11f1-b0da-2389f409459f,5,"[0, 1, 0, 0, 0, 1, 1, 0, 0, 1, 0]",0,0,0,,0.2727272727272727,11
1046,1c1e9a54-8220-11f1-b0da-2389f409459f,5,"[0, 1, 0, 0, 0, 1, 1, 0, 0, 1, 0]",1,1,-1,,0.2727272727272727,11
1047,1c1e9a54-8220-11f1-b0da-2389f409459f,5,"[0, 1, 0, 0, 0, 1, 1, 0, 0, 1, 0]",2,0,0,,0.2727272727272727,11
1048,1c1e9a54-8220-11f1-b0da-2389f409459f,5,"[0, 1, 0, 0, 0, 1, 1, 0, 0, 1, 0]",3,0,0,,0.2727272727272727,11
1049,1c1e9a54-8220-11f1-b0da-2389f409459f,5,"[0, 1, 0, 0, 0, 1, 1, 0, 0, 1, 0]",4,0,0,,0.2727272727272727,11
1050,1c1e9a54-8220-11f1-b0da-2389f409459f,5,"[0, 1, 0, 0, 0, 1, 1, 0, 0, 1, 0]",5,1,-1,,0.2727272727272727,11
1051,1c1e9a54-8220-11f1-b0da-2389f409459f,5,"[0, 1, 0, 0, 0, 1, 1, 0, 0, 1, 0]",6,1,-1,,0.2727272727272727,11
1052,1c1e9a54-8220-11f1-b0da-2389f409459f,5,"[0, 1, 0, 0, 0, 1, 1, 0, 0, 1, 0]",7,0,0,,0.2727272727272727,11
1053,1c1e9a54-8220-11f1-b0da-2389f409459f,5,"[0, 1, 0, 0, 0, 1, 1, 0, 0, 1, 0]",8,0,0,,0.2727272727272727,11
1054,1c1e9a54-8220-11f1-b0da-2389f409459f,5,"[0, 1, 0, 0, 0, 1, 1, 0, 0, 1, 0]",9,1,-1,,0.2727272727272727,11
1055,1c1e9a54-8220-11f1-b0da-2389f409459f,5,"[0, 1, 0, 0, 0, 1, 1, 0, 0, 1, 0]",10,0,0,,0.2727272727272727,11
1056,1c1e9a54-8220-11f1-b0da-2389f409459f,6,"[0, 0, 0, 1, 1, 1, 1, 0, 0, 0, 1]",0,0,0,,0.2727272727272727,11
1057,1c1e9a54-8220-11f1-b0da-2389f409459f,6,"[0, 0, 0, 1, 1, 1, 1, 0, 0, 0, 1]",1,0,0,,0.2727272727272727,11
1058,1c1e9a54-8220-11f1-b0da-2389f409459f,6,"[0, 0, 0, 1, 1, 1, 1, 0, 0, 0, 1]",2,0,0,,0.2727272727272727,11
1059,1c1e9a54-8220-11f1-b0da-2389f409459f,6,"[0, 0, 0, 1, 1, 1, 1, 0, 0, 0, 1]",3,1,-1,,0.2727272727272727,11
1060,1c1e9a54-8220-11f1-b0da-2389f409459f,6,"[0, 0, 0, 1, 1, 1, 1, 0, 0, 0, 1]",4,1,-1,,0.2727272727272727,11
1061,1c1e9a54-8220-11f1-b0da-2389f409459f,6,"[0, 0, 0, 1, 1, 1, 1, 0, 0, 0, 1]",5,1,-1,,0.2727272727272727,11
1062,1c1e9a54-8220-11f1-b0da-2389f409459f,6,"[0, 0, 0, 1, 1, 1, 1, 0, 0, 0, 1]",6,1,-1,,0.2727272727272727,11
1063,1c1e9a54-8220-11f1-b0da-2389f409459f,6,"[0, 0, 0, 1, 1, 1, 1, 0, 0, 0, 1]",7,0,0,,0.2727272727272727,11
1064,1c1e9a54-8220-11f1-b0da-2389f409459f,6,"[0, 0, 0, 1, 1, 1, 1, 0, 0, 0, 1]",8,0,0,,0.2727272727272727,11
1065,1c1e9a54-8220-11f1-b0da-2389f409459f,6,"[0, 0, 0, 1, 1, 1, 1, 0, 0, 0, 1]",9,0,0,,0.2727272727272727,11
1066,1c1e9a54-8220-11f1-b0da-2389f409459f,6,"[0, 0, 0, 1, 1, 1, 1, 0, 0, 0, 1]",10,1,-1,,0.2727272727272727,11
1067,1c1e9a54-8220-11f1-b0da-2389f409459f,7,"[1, 1, 1, 0, 0, 1, 0, 1, 1, 0, 1]",0,1,-1,,0.2727272727272727,11
1068,1c1e9a54-8220-11f1-b0da-2389f409459f,7,"[1, 1, 1, 0, 0, 1, 0, 1, 1, 0, 1]",1,1,-1,,0.2727272727272727,11
1069,1c1e9a54-8220-11f1-b0da-2389f409459f,7,"[1, 1, 1, 0, 0, 1, 0, 1, 1, 0, 1]",2,1,-1,,0.2727272727272727,11
1070,1c1e9a54-8220-11f1-b0da-2389f409459f,7,"[1, 1, 1, 0, 0, 1, 0, 1, 1, 0, 1]",3,0,0,,0.2727272727272727,11
1071,1c1e9a54-8220-11f1-b0da-2389f409459f,7,"[1, 1, 1, 0, 0, 1, 0, 1, 1, 0, 1]",4,0,0,,0.2727272727272727,11
1072,1c1e9a54-8220-11f1-b0da-2389f409459f,7,"[1, 1, 1, 0, 0, 1, 0, 1, 1, 0, 1]",5,1,-1,,0.2727272727272727,11
1073,1c1e9a54-8220-11f1-b0da-2389f409459f,7,"[1, 1, 1, 0, 0, 1, 0, 1, 1, 0, 1]",6,0,0,,0.2727272727272727,11
1074,1c1e9a54-8220-11f1-b0da-2389f409459f,7,"[1, 1, 1, 0, 0, 1, 0, 1, 1, 0, 1]",7,1,-1,,0.2727272727272727,11
1075,1c1e9a54-8220-11f1-b0da-2389f409459f,7,"[1, 1, 1, 0, 0, 1, 0, 1, 1, 0, 1]",8,1,-1,,0.2727272727272727,11
1076,1c1e9a54-8220-11f1-b0da-2389f409459f,7,"[1, 1, 1, 0, 0, 1, 0, 1, 1, 0, 1]",9,0,0,,0.2727272727272727,11
1077,1c1e9a54-8220-11f1-b0da-2389f409459f,7,"[1, 1, 1, 0, 0, 1, 0, 1, 1, 0, 1]",10,1,-1,,0.2727272727272727,11
1078,1c1e9a54-8220-11f1-b0da-2389f409459f,8,"[1, 1, 0, 1, 0, 1, 1, 0, 0, 1, 0]",0,1,-1,,0.2727272727272727,11
1079,1c1e9a54-8220-11f1-b0da-2389f409459f,8,"[1, 1, 0, 1, 0, 1, 1, 0, 0, 1, 0]",1,1,-1,,0.2727272727272727,11
1080,1c1e9a54-8220-11f1-b0da-2389f409459f,8,"[1, 1, 0, 1, 0, 1, 1, 0, 0, 1, 0]",2,0,0,,0.2727272727272727,11
1081,1c1e9a54-8220-11f1-b0da-2389f409459f,8,"[1, 1, 0, 1, 0, 1, 1, 0, 0, 1, 0]",3,1,-1,,0.2727272727272727,11
1082,1c1e9a54-8220-11f1-b0da-2389f409459f,8,"[1, 1, 0, 1, 0, 1, 1, 0, 0, 1, 0]",4,0,0,,0.2727272727272727,11
1083,1c1e9a54-8220-11f1-b0da-2389f409459f,8,"[1, 1, 0, 1, 0, 1, 1, 0, 0, 1, 0]",5,1,-1,,0.2727272727272727,11
1084,1c1e9a54-8220-11f1-b0da-2389f409459f,8,"[1, 1, 0, 1, 0, 1, 1, 0, 0, 1, 0]",6,1,-1,,0.2727272727272727,11
1085,1c1e9a54-8220-11f1-b0da-2389f409459f,8,"[1, 1, 0, 1, 0, 1, 1, 0, 0, 1, 0]",7,0,0,,0.2727272727272727,11
1086,1c1e9a54-8220-11f1-b0da-2389f409459f,8,"[1, 1, 0, 1, 0, 1, 1, 0, 0, 1, 0]",8,0,0,,0.2727272727272727,11
1087,1c1e9a54-8220-11f1-b0da-2389f409459f,8,"[1, 1, 0, 1, 0, 1, 1, 0, 0, 1, 0]",9,1,-1,,0.2727272727272727,11
1088,1c1e9a54-8220-11f1-b0da-2389f409459f,8,"[1, 1, 0, 1, 0, 1, 1, 0, 0, 1, 0]",10,0,0,,0.2727272727272727,11
1089,1c1e9a54-8220-11f1-b0da-2389f409459f,9,"[0, 0, 0, 1, 0, 0, 1, 0, 1, 1, 0]",0,0,0,,0.2727272727272727,11
1090,1c1e9a54-8220-11f1-b0da-2389f409459f,9,"[0, 0, 0, 1, 0, 0, 1, 0, 1, 1, 0]",1,0,0,,0.2727272727272727,11
1091,1c1e9a54-8220-11f1-b0da-2389f409459f,9,"[0, 0, 0, 1, 0, 0, 1, 0, 1, 1, 0]",2,0,0,,0.2727272727272727,11
1092,1c1e9a54-8220-11f1-b0da-2389f409459f,9,"[0, 0, 0, 1, 0, 0, 1, 0, 1, 1, 0]",3,1,-1,,0.2727272727272727,11
1093,1c1e9a54-8220-11f1-b0da-2389f409459f,9,"[0, 0, 0, 1, 0, 0, 1, 0, 1, 1, 0]",4,0,0,,0.2727272727272727,11
1094,1c1e9a54-8220-11f1-b0da-2389f409459f,9,"[0, 0, 0, 1, 0, 0, 1, 0, 1, 1, 0]",5,0,0,,0.2727272727272727,11
1095,1c1e9a54-8220-11f1-b0da-2389f409459f,9,"[0, 0, 0, 1, 0, 0, 1, 0, 1, 1, 0]",6,1,-1,,0.2727272727272727,11
1096,1c1e9a54-8220-11f1-b0da-2389f409459f,9,"[0, 0, 0, 1, 0, 0, 1, 0, 1, 1, 0]",7,0,0,,0.2727272727272727,11
1097,1c1e9a54-8220-11f1-b0da-2389f409459f,9,"[0, 0, 0, 1, 0, 0, 1, 0, 1, 1, 0]",8,1,-1,,0.2727272727272727,11
1098,1c1e9a54-8220-11f1-b0da-2389f409459f,9,"[0, 0, 0, 1, 0, 0, 1, 0, 1, 1, 0]",9,1,-1,,0.2727272727272727,11
1099,1c1e9a54-8220-11f1-b0da-2389f409459f,9,"[0, 0, 0, 1, 0, 0, 1, 0, 1, 1, 0]",10,0,0,,0.2727272727272727,11
