,id_sim,round,attendance,id_player,decision,score,model,threshold,num_agents
0,1bb7b7f8-8220-11f1-b0da-2389f409459f,0,"[0, 0, 1, 1, 0, 0, 1, 1, 0, 1, 1, 1]",0,0,0,,0.75,12
1,1bb7b7f8-8220-11f1-b0da-2389f409459f,0,"[0, 0, 1, 1, 0, 0, 1, 1, 0, 1, 1, 1]",1,0,0,,0.75,12
2,1bb7b7f8-8220-11f1-b0da-2389f409459f,0,"[0, 0, 1, 1, 0, 0, 1, 1, 0, 1, 1, 1]",2,1,1,,0.75,12
3,1bb7b7f8-8220-11f1-b0da-2389f409459f,0,"[0, 0, 1, 1, 0, 0, 1, 1, 0, 1, 1, 1]",3,1,1,,0.75,12
4,1bb7b7f8-8220-11f1-b0da-2389f409459f,0,"[0, 0, 1, 1, 0, 0, 1, 1, 0, 1, 1, 1]",4,0,0,,0.75,12
5,1bb7b7f8-8220-11f1-b0da-2389f409459f,0,"[0, 0, 1, 1, 0, 0, 1, 1, 0, 1, 1, 1]",5,0,0,,0.75,12
6,1bb7b7f8-8220-11f1-b0da-2389f409459f,0,"[0, 0, 1, 1, 0, 0, 1, 1, 0, 1, 1, 1]",6,1,1,,0.75,12
7,1bb7b7f8-8220-11f1-b0da-2389f409459f,0,"[0, 0, 1, 1, 0, 0, 1, 1, 0, 1, 1, 1]",7,1,1,,0.75,12
8,1bb7b7f8-8220-11f1-b0da-2389f409459f,0,"[0, 0, 1, 1, 0, 0, 1, 1, 0, 1, 1, 1]",8,0,0,,0.75,12
9,1bb7b7f8-8220-11f1-b0da-2389f409459f,0,"[0, 0, 1, 1, 0, 0, 1, 1, 0, 1, 1, 1]",9,1,1,,0.75,12
10,1bb7b7f8-8220-11f1-b0da-2389f409459f,0,"[0, 0, 1, 1, 0, 0, 1, 1, 0, 1, 1, 1]",10,1,1,,0.75,12
11,1bb7b7f8-8220-11f1-b0da-2389f409459f,0,"[0, 0, 1, 1, 0, 0, 1, 1, 0, 1, 1, 1]",11,1,1,,0.75,12
12,1bb7b7f8-8220-11f1-b0da-2389f409459f,1,"[0, 0, 1, 0, 1, 1, 0, 0, 1, 1, 1, 1]",0,0,0,,0.75,12
13,1bb7b7f8-8220-11f1-b0da-2389f409459f,1,"[0, 0, 1, 0, 1, 1, 0, 0, 1, 1, 1, 1]",1,0,0,,0.75,12
14,1bb7b7f8-8220-11f1-b0da-2389f409459f,1,"[0, 0, 1, 0, 1, 1, 0, 0, 1, 1, 1, 1]",2,1,1,,0.75,12
15,1bb7b7f8-8220-11f1-b0da-2389f409459f,1,"[0, 0, 1, 0, 1, 1, 0, 0, 1, 1, 1, 1]",3,0,0,,0.75,12
16,1bb7b7f8-8220-11f1-b0da-2389f409459f,1,"[0, 0, 1, 0, 1, 1, 0, 0, 1, 1, 1, 1]",4,1,1,,0.75,12
17,1bb7b7f8-8220-11f1-b0da-2389f409459f,1,"[0, 0, 1, 0, 1, 1, 0, 0, 1, 1, 1, 1]",5,1,1,,0.75,12
18,1bb7b7f8-8220-11f1-b0da-2389f409459f,1,"[0, 0, 1, 0, 1, 1, 0, 0, 1, 1, 1, 1]",6,0,0,,0.75,12
19,1bb7b7f8-8220-11f1-b0da-2389f409459f,1,"[0, 0, 1, 0, 1, 1, 0, 0, 1, 1, 1, 1]",7,0,0,,0.75,12
20,1bb7b7f8-8220-11f1-b0da-2389f409459f,1,"[0, 0, 1, 0, 1, 1, 0, 0, 1, 1, 1, 1]",8,1,1,,0.75,12
21,1bb7b7f8-8220-11f1-b0da-2389f409459f,1,"[0, 0, 1, 0, 1, 1, 0, 0, 1, 1, 1, 1]",9,1,1,,0.75,12
22,1bb7b7f8-8220-11f1-b0da-2389f409459f,1,"[0, 0, 1, 0, 1, 1, 0, 0, 1, 1, 1, 1]",10,1,1,,0.75,12
23,1bb7b7f8-8220-11f1-b0da-2389f409459f,1,"[0, 0, 1, 0, 1, 1, 0, 0, 1, 1, 1, 1]",11,1,1,,0.75,12
24,1bb7b7f8-8220-11f1-b0da-2389f409459f,2,"[1, 1, 1, 1, 1, 1, 1, 0, 0, 0, 1, 1]",0,1,1,,0.75,12
25,1bb7b7f8-8220-11f1-b0da-2389f409459f,2,"[1, 1, 1, 1, 1, 1, 1, 0, 0, 0, 1, 1]",1,1,1,,0.75,12
26,1bb7b7f8-8220-11f1-b0da-2389f409459f,2,"[1, 1, 1, 1, 1, 1, 1, 0, 0, 0, 1, 1]",2,1,1,,0.75,12
27,1bb7b7f8-8220-11f1-b0da-2389f409459f,2,"[1, 1, 1, 1, 1, 1, 1, 0, 0, 0, 1, 1]",3,1,1,,0.75,12
28,1bb7b7f8-8220-11f1-b0da-2389f409459f,2,"[1, 1, 1, 1, 1, 1, 1, 0, 0, 0, 1, 1]",4,1,1,,0.75,12
29,1bb7b7f8-8220-11f1-b0da-2389f409459f,2,"[1, 1, 1, 1, 1, 1, 1, 0, 0, 0, 1, 1]",5,1,1,,0.75,12
30,1bb7b7f8-8220-11f1-b0da-2389f409459f,2,"[1, 1, 1, 1, 1, 1, 1, 0, 0, 0, 1, 1]",6,1,1,,0.75,12
31,1bb7b7f8-8220-11f1-b0da-2389f409459f,2,"[1, 1, 1, 1, 1, 1, 1, 0, 0, 0, 1, 1]",7,0,0,,0.75,12
32,1bb7b7f8-8220-11f1-b0da-2389f409459f,2,"[1, 1, 1, 1, 1, 1, 1, 0, 0, 0, 1, 1]",8,0,0,,0.75,12
33,1bb7b7f8-8220-11f1-b0da-2389f409459f,2,"[1, 1, 1, 1, 1, 1, 1, 0, 0, 0, 1, 1]",9,0,0,,0.75,12
34,1bb7b7f8-8220-11f1-b0da-2389f409459f,2,"[1, 1, 1, 1, 1, 1, 1, 0, 0, 0, 1, 1]",10,1,1,,0.75,12
35,1bb7b7f8-8220-11f1-b0da-2389f409459f,2,"[1, 1, 1, 1, 1, 1, 1, 0, 0, 0, 1, 1]",11,1,1,,0.75,12
36,1bb7b7f8-8220-11f1-b0da-2389f409459f,3,"[0, 1, 0, 1, 1, 1, 0, 1, 0, 0, 1, 0]",0,0,0,,0.75,12
37,1bb7b7f8-8220-11f1-b0da-2389f409459f,3,"[0, 1, 0, 1, 1, 1, 0, 1, 0, 0, 1, 0]",1,1,1,,0.75,12
38,1bb7b7f8-8220-11f1-b0da-2389f409459f,3,"[0, 1, 0, 1, 1, 1, 0, 1, 0, 0, 1, 0]",2,0,0,,0.75,12
39,1bb7b7f8-8220-11f1-b0da-2389f409459f,3,"[0, 1, 0, 1, 1, 1, 0, 1, 0, 0, 1, 0]",3,1,1,,0.75,12
40,1bb7b7f8-8220-11f1-b0da-2389f409459f,3,"[0, 1, 0, 1, 1, 1, 0, 1, 0, 0, 1, 0]",4,1,1,,0.75,12
41,1bb7b7f8-8220-11f1-b0da-2389f409459f,3,"[0, 1, 0, 1, 1, 1, 0, 1, 0, 0, 1, 0]",5,1,1,,0.75,12
42,1bb7b7f8-8220-11f1-b0da-2389f409459f,3,"[0, 1, 0, 1, 1, 1, 0, 1, 0, 0, 1, 0]",6,0,0,,0.75,12
43,1bb7b7f8-8220-11f1-b0da-2389f409459f,3,"[0, 1, 0, 1, 1, 1, 0, 1, 0, 0, 1, 0]",7,1,1,,0.75,12
44,1bb7b7f8-8220-11f1-b0da-2389f409459f,3,"[0, 1, 0, 1, 1, 1, 0, 1, 0, 0, 1, 0]",8,0,0,,0.75,12
45,1bb7b7f8-8220-11f1-b0da-2389f409459f,3,"[0, 1, 0, 1, 1, 1, 0, 1, 0, 0, 1, 0]",9,0,0,,0.75,12
46,1bb7b7f8-8220-11f1-b0da-2389f409459f,3,"[0, 1, 0, 1, 1, 1, 0, 1, 0, 0, 1, 0]",10,1,1,,0.75,12
47,1bb7b7f8-8220-11f1-b0da-2389f409459f,3,"[0, 1, 0, 1, 1, 1, 0, 1, 0, 0, 1, 0]",11,0,0,,0.75,12
48,1bb7b7f8-8220-11f1-b0da-2389f409459f,4,"[0, 0, 0, 0, 1, 1, 1, 1, 1, 1, 1, 0]",0,0,0,,0.75,12
49,1bb7b7f8-8220-11f1-b0da-2389f409459f,4,"[0, 0, 0, 0, 1, 1, 1, 1, 1, 1, 1, 0]",1,0,0,,0.75,12
50,1bb7b7f8-8220-11f1-b0da-2389f409459f,4,"[0, 0, 0, 0, 1, 1, 1, 1, 1, 1, 1, 0]",2,0,0,,0.75,12
51,1bb7b7f8-8220-11f1-b0da-2389f409459f,4,"[0, 0, 0, 0, 1, 1, 1, 1, 1, 1, 1, 0]",3,0,0,,0.75,12
52,1bb7b7f8-8220-11f1-b0da-2389f409459f,4,"[0, 0, 0, 0, 1, 1, 1, 1, 1, 1, 1, 0]",4,1,1,,0.75,12
53,1bb7b7f8-8220-11f1-b0da-2389f409459f,4,"[0, 0, 0, 0, 1, 1, 1, 1, 1, 1, 1, 0]",5,1,1,,0.75,12
54,1bb7b7f8-8220-11f1-b0da-2389f409459f,4,"[0, 0, 0, 0, 1, 1, 1, 1, 1, 1, 1, 0]",6,1,1,,0.75,12
55,1bb7b7f8-8220-11f1-b0da-2389f409459f,4,"[0, 0, 0, 0, 1, 1, 1, 1, 1, 1, 1, 0]",7,1,1,,0.75,12
56,1bb7b7f8-8220-11f1-b0da-2389f409459f,4,"[0, 0, 0, 0, 1, 1, 1, 1, 1, 1, 1, 0]",8,1,1,,0.75,12
57,1bb7b7f8-8220-11f1-b0da-2389f409459f,4,"[0, 0, 0, 0, 1, 1, 1, 1, 1, 1, 1, 0]",9,1,1,,0.75,12
58,1bb7b7f8-8220-11f1-b0da-2389f409459f,4,"[0, 0, 0, 0, 1, 1, 1, 1, 1, 1, 1, 0]",10,1,1,,0.75,12
59,1bb7b7f8-8220-11f1-b0da-2389f409459f,4,"[0, 0, 0, 0, 1, 1, 1, 1, 1, 1, 1, 0]",11,0,0,,0.75,12
60,1bb7b7f8-8220-11f1-b0da-2389f409459f,5,"[0, 1, 1, 0, 1, 0, 0, 0, 0, 0, 1, 0]",0,0,0,,0.75,12
61,1bb7b7f8-8220-11f1-b0da-2389f409459f,5,"[0, 1, 1, 0, 1, 0, 0, 0, 0, 0, 1, 0]",1,1,1,,0.75,12
62,1bb7b7f8-8220-11f1-b0da-2389f409459f,5,"[0, 1, 1, 0, 1, 0, 0, 0, 0, 0, 1, 0]",2,1,1,,0.75,12
63,1bb7b7f8-8220-11f1-b0da-2389f409459f,5,"[0, 1, 1, 0, 1, 0, 0, 0, 0, 0, 1, 0]",3,0,0,,0.75,12
64,1bb7b7f8-8220-11f1-b0da-2389f409459f,5,"[0, 1, 1, 0, 1, 0, 0, 0, 0, 0, 1, 0]",4,1,1,,0.75,12
65,1bb7b7f8-8220-11f1-b0da-2389f409459f,5,"[0, 1, 1, 0, 1, 0, 0, 0, 0, 0, 1, 0]",5,0,0,,0.75,12
66,1bb7b7f8-8220-11f1-b0da-2389f409459f,5,"[0, 1, 1, 0, 1, 0, 0, 0, 0, 0, 1, 0]",6,0,0,,0.75,12
67,1bb7b7f8-8220-11f1-b0da-2389f409459f,5,"[0, 1, 1, 0, 1, 0, 0, 0, 0, 0, 1, 0]",7,0,0,,0.75,12
68,1bb7b7f8-8220-11f1-b0da-2389f409459f,5,"[0, 1, 1, 0, 1, 0, 0, 0, 0, 0, 1, 0]",8,0,0,,0.75,12
69,1bb7b7f8-8220-11f1-b0da-2389f409459f,5,"[0, 1, 1, 0, 1, 0, 0, 0, 0, 0, 1, 0]",9,0,0,,0.75,12
70,1bb7b7f8-8220-11f1-b0da-2389f409459f,5,"[0, 1, 1, 0, 1, 0, 0, 0, 0, 0, 1, 0]",10,1,1,,0.75,12
71,1bb7b7f8-8220-11f1-b0da-2389f409459f,5,"[0, 1, 1, 0, 1, 0, 0, 0, 0, 0, 1, 0]",11,0,0,,0.75,12
72,1bb7b7f8-8220-11f1-b0da-2389f409459f,6,"[1, 0, 1, 1, 0, 1, 0, 1, 1, 0, 0, 0]",0,1,1,,0.75,12
73,1bb7b7f8-8220-11f1-b0da-2389f409459f,6,"[1, 0, 1, 1, 0, 1, 0, 1, 1, 0, 0, 0]",1,0,0,,0.75,12
74,1bb7b7f8-8220-11f1-b0da-2389f409459f,6,"[1, 0, 1, 1, 0, 1, 0, 1, 1, 0, 0, 0]",2,1,1,,0.75,12
75,1bb7b7f8-8220-11f1-b0da-2389f409459f,6,"[1, 0, 1, 1, 0, 1, 0, 1, 1, 0, 0, 0]",3,1,1,,0.75,12
76,1bb7b7f8-8220-11f1-b0da-2389f409459f,6,"[1, 0, 1, 1, 0, 1, 0, 1, 1, 0, 0, 0]",4,0,0,,0.75,12
77,1bb7b7f8-8220-11f1-b0da-2389f409459f,6,"[1, 0, 1, 1, 0, 1, 0, 1, 1, 0, 0, 0]",5,1,1,,0.75,12
78,1bb7b7f8-8220-11f1-b0da-2389f409459f,6,"[1, 0, 1, 1, 0, 1, 0, 1, 1, 0, 0, 0]",6,0,0,,0.75,12
79,1bb7b7f8-8220-11f1-b0da-2389f409459f,6,"[1, 0, 1, 1, 0, 1, 0, 1, 1, 0, 0, 0]",7,1,1,,0.75,12
80,1bb7b7f8-8220-11f1-b0da-2389f409459f,6,"[1, 0, 1, 1, 0, 1, 0, 1, 1, 0, 0, 0]",8,1,1,,0.75,12
81,1bb7b7f8-8220-11f1-b0da-2389f409459f,6,"[1, 0, 1, 1, 0, 1, 0, 1, 1, 0, 0, 0]",9,0,0,,0.75,12
82,1bb7b7f8-8220-11f1-b0da-2389f409459f,6,"[1, 0, 1, 1, 0, 1, 0, 1, 1, 0, 0, 0]",10,0,0,,0.75,12
83,1bb7b7f8-8220-11f1-b0da-2389f409459f,6,"[1, 0, 1, 1, 0, 1, 0, 1, 1, 0, 0, 0]",11,0,0,,0.75,12
84,1bb7b7f8-8220-11f1-b0da-2389f409459f,7,"[0, 0, 0, 0, 1, 0, 0, 1, 1, 0, 0, 0]",0,0,0,,0.75,12
85,1bb7b7f8-8220-11f1-b0da-2389f409459f,7,"[0, 0, 0, 0, 1, 0, 0, 1, 1, 0, 0, 0]",1,0,0,,0.75,12
86,1bb7b7f8-8220-11f1-b0da-2389f409459f,7,"[0, 0, 0, 0, 1, 0, 0, 1, 1, 0, 0, 0]",2,0,0,,0.75,12
87,1bb7b7f8-8220-11f1-b0da-2389f409459f,7,"[0, 0, 0, 0, 1, 0, 0, 1, 1, 0, 0, 0]",3,0,0,,0.75,12
88,1bb7b7f8-8220-11f1-b0da-2389f409459f,7,"[0, 0, 0, 0, 1, 0, 0, 1, 1, 0, 0, 0]",4,1,1,,0.75,12
89,1bb7b7f8-8220-11f1-b0da-2389f409459f,7,"[0, 0, 0, 0, 1, 0, 0, 1, 1, 0, 0, 0]",5,0,0,,0.75,12
90,1bb7b7f8-8220-11f1-b0da-2389f409459f,7,"[0, 0, 0, 0, 1, 0, 0, 1, 1, 0, 0, 0]",6,0,0,,0.75,12
91,1bb7b7f8-8220-11f1-b0da-2389f409459f,7,"[0, 0, 0, 0, 1, 0, 0, 1, 1, 0, 0, 0]",7,1,1,,0.75,12
92,1bb7b7f8-8220-11f1-b0da-2389f409459f,7,"[0, 0, 0, 0, 1, 0, 0, 1, 1, 0, 0, 0]",8,1,1,,0.75,12
93,1bb7b7f8-8220-11f1-b0da-2389f409459f,7,"[0, 0, 0, 0, 1, 0, 0, 1, 1, 0, 0, 0]",9,0,0,,0.75,12
94,1bb7b7f8-8220-11f1-b0da-2389f409459f,7,"[0, 0, 0, 0, 1, 0, 0, 1, 1, 0, 0, 0]",10,0,0,,0.75,12
95,1bb7b7f8-8220-11f1-b0da-2389f409459f,7,"[0, 0, 0, 0, 1, 0, 0, 1, 1, 0, 0, 0]",11,0,0,,0.75,12
96,1bb7b7f8-8220-11f1-b0da-2389f409459f,8,"[0, 1, 0, 0, 0, 1, 0, 0, 1, 1, 1, 0]",0,0,0,,0.75,12
97,1bb7b7f8-8220-11f1-b0da-2389f409459f,8,"[0, 1, 0, 0, 0, 1, 0, 0, 1, 1, 1, 0]",1,1,1,,0.75,12
98,1bb7b7f8-8220-11f1-b0da-2389f409459f,8,"[0, 1, 0, 0, 0, 1, 0, 0, 1, 1, 1, 0]",2,0,0,,0.75,12
99,1bb7b7f8-8220-11f1-b0da-2389f409459f,8,"[0, 1, 0, 0, 0, 1, 0, 0, 1, 1, 1, 0]",3,0,0,,0.75,12
100,1bb7b7f8-8220-11f1-b0da-2389f409459f,8,"[0, 1, 0, 0, 0, 1, 0, 0, 1, 1, 1, 0]",4,0,0,,0.75,12
101,1bb7b7f8-8220-11f1-b0da-2389f409459f,8,"[0, 1, 0, 0, 0, 1, 0, 0, 1, 1, 1, 0]",5,1,1,,0.75,12
102,1bb7b7f8-8220-11f1-b0da-2389f409459f,8,"[0, 1, 0, 0, 0, 1, 0, 0, 1, 1, 1, 0]",6,0,0,,0.75,12
103,1bb7b7f8-8220-11f1-b0da-2389f409459f,8,"[0, 1, 0, 0, 0, 1, 0, 0, 1, 1, 1, 0]",7,0,0,,0.75,12
104,1bb7b7f8-8220-11f1-b0da-2389f409459f,8,"[0, 1, 0, 0, 0, 1, 0, 0, 1, 1, 1, 0]",8,1,1,,0.75,12
105,1bb7b7f8-8220-11f1-b0da-2389f409459f,8,"[0, 1, 0, 0, 0, 1, 0, 0, 1, 1, 1, 0]",9,1,1,,0.75,12
106,1bb7b7f8-8220-11f1-b0da-2389f409459f,8,"[0, 1, 0, 0, 0, 1, 0, 0, 1, 1, 1, 0]",10,1,1,,0.75,12
107,1bb7b7f8-8220-11f1-b0da-2389f409459f,8,"[0, 1, 0, 0, 0, 1, 0, 0, 1, 1, 1, 0]",11,0,0,,0.75,12
108,1bb7b7f8-8220-11f1-b0da-2389f409459f,9,"[1, 0, 0, 0, 0, 0, 1, 0, 0, 0, 0, 0]",0,1,1,,0.75,12
109,1bb7b7f8-8220-11f1-b0da-2389f409459f,9,"[1, 0, 0, 0, 0, 0, 1, 0, 0, 0, 0, 0]",1,0,0,,0.75,12
110,1bb7b7f8-8220-11f1-b0da-2389f409459f,9,"[1, 0, 0, 0, 0, 0, 1, 0, 0, 0, 0, 0]",2,0,0,,0.75,12
111,1bb7b7f8-8220-11f1-b0da-2389f409459f,9,"[1, 0, 0, 0, 0, 0, 1, 0, 0, 0, 0, 0]",3,0,0,,0.75,12
112,1bb7b7f8-8220-11f1-b0da-2389f409459f,9,"[1, 0, 0, 0, 0, 0, 1, 0, 0, 0, 0, 0]",4,0,0,,0.75,12
113,1bb7b7f8-8220-11f1-b0da-2389f409459f,9,"[1, 0, 0, 0, 0, 0, 1, 0, 0, 0, 0, 0]",5,0,0,,0.75,12
114,1bb7b7f8-8220-11f1-b0da-2389f409459f,9,"[1, 0, 0, 0, 0, 0, 1, 0, 0, 0, 0, 0]",6,1,1,,0.75,12
115,1bb7b7f8-8220-11f1-b0da-2389f409459f,9,"[1, 0, 0, 0, 0, 0, 1, 0, 0, 0, 0, 0]",7,0,0,,0.75,12
116,1bb7b7f8-8220-11f1-b0da-2389f409459f,9,"[1, 0, 0, 0, 0, 0, 1, 0, 0, 0, 0, 0]",8,0,0,,0.75,12
117,1bb7b7f8-8220-11f1-b0da-2389f409459f,9,"[1, 0, 0, 0, 0, 0, 1, 0, 0, 0, 0, 0]",9,0,0,,0.75,12
118,1bb7b7f8-8220-11f1-b0da-2389f409459f,9,"[1, 0, 0, 0, 0, 0, 1, 0, 0, 0, 0, 0]",10,0,0,,0.75,12
119,1bb7b7f8-8220-11f1-b0da-2389f409459f,9,"[1, 0, 0, 0, 0, 0, 1, 0, 0, 0, 0, 0]",11,0,0,,0.75,12
120,1bb8f7b2-8220-11f1-b0da-2389f409459f,0,"[0, 0, 0, 1, 0, 1, 0, 0, 0, 0, 0, 0]",0,0,0,,0.75,12
121,1bb8f7b2-8220-11f1-b0da-2389f409459f,0,"[0, 0, 0, 1, 0, 1, 0, 0, 0, 0, 0, 0]",1,0,0,,0.75,12
122,1bb8f7b2-8220-11f1-b0da-2389f409459f,0,"[0, 0, 0, 1, 0, 1, 0, 0, 0, 0, 0, 0]",2,0,0,,0.75,12
123,1bb8f7b2-8220-11f1-b0da-2389f409459f,0,"[0, 0, 0, 1, 0, 1, 0, 0, 0, 0, 0, 0]",3,1,1,,0.75,12
124,1bb8f7b2-8220-11f1-b0da-2389f409459f,0,"[0, 0, 0, 1, 0, 1, 0, 0, 0, 0, 0, 0]",4,0,0,,0.75,12
125,1bb8f7b2-8220-11f1-b0da-2389f409459f,0,"[0, 0, 0, 1, 0, 1, 0, 0, 0, 0, 0, 0]",5,1,1,,0.75,12
126,1bb8f7b2-8220-11f1-b0da-2389f409459f,0,"[0, 0, 0, 1, 0, 1, 0, 0, 0, 0, 0, 0]",6,0,0,,0.75,12
127,1bb8f7b2-8220-11f1-b0da-2389f409459f,0,"[0, 0, 0, 1, 0, 1, 0, 0, 0, 0, 0, 0]",7,0,0,,0.75,12
128,1bb8f7b2-8220-11f1-b0da-2389f409459f,0,"[0, 0, 0, 1, 0, 1, 0, 0, 0, 0, 0, 0]",8,0,0,,0.75,12
129,1bb8f7b2-8220-11f1-b0da-2389f409459f,0,"[0, 0, 0, 1, 0, 1, 0, 0, 0, 0, 0, 0]",9,0,0,,0.75,12
130,1bb8f7b2-8220-11f1-b0da-2389f409459f,0,"[0, 0, 0, 1, 0, 1, 0, 0, 0, 0, 0, 0]",10,0,0,,0.75,12
131,1bb8f7b2-8220-11f1-b0da-2389f409459f,0,"[0, 0, 0, 1, 0, 1, 0, 0, 0, 0, 0, 0]",11,0,0,,0.75,12
132,1bb8f7b2-8220-11f1-b0da-2389f409459f,1,"[1, 1, 0, 0, 1, 1, 1, 0, 0, 1, 1, 0]",0,1,1,,0.75,12
133,1bb8f7b2-8220-11f1-b0da-2389f409459f,1,"[1, 1, 0, 0, 1, 1, 1, 0, 0, 1, 1, 0]",1,1,1,,0.75,12
134,1bb8f7b2-8220-11f1-b0da-2389f409459f,1,"[1, 1, 0, 0, 1, 1, 1, 0, 0, 1, 1, 0]",2,0,0,,0.75,12
135,1bb8f7b2-8220-11f1-b0da-2389f409459f,1,"[1, 1, 0, 0, 1, 1, 1, 0, 0, 1, 1, 0]",3,0,0,,0.75,12
136,1bb8f7b2-8220-11f1-b0da-2389f409459f,1,"[1, 1, 0, 0, 1, 1, 1, 0, 0, 1, 1, 0]",4,1,1,,0.75,12
137,1bb8f7b2-8220-11f1-b0da-2389f409459f,1,"[1, 1, 0, 0, 1, 1, 1, 0, 0, 1, 1, 0]",5,1,1,,0.75,12
138,1bb8f7b2-8220-11f1-b0da-2389f409459f,1,"[1, 1, 0, 0, 1, 1, 1, 0, 0, 1, 1, 0]",6,1,1,,0.75,12
139,1bb8f7b2-8220-11f1-b0da-2389f409459f,1,"[1, 1, 0, 0, 1, 1, 1, 0, 0, 1, 1, 0]",7,0,0,,0.75,12
140,1bb8f7b2-8220-11f1-b0da-2389f409459f,1,"[1, 1, 0, 0, 1, 1, 1, 0, 0, 1, 1, 0]",8,0,0,,0.75,12
141,1bb8f7b2-8220-11f1-b0da-2389f409459f,1,"[1, 1, 0, 0, 1, 1, 1, 0, 0, 1, 1, 0]",9,1,1,,0.75,12
142,1bb8f7b2-8220-11f1-b0da-2389f409459f,1,"[1, 1, 0, 0, 1, 1, 1, 0, 0, 1, 1, 0]",10,1,1,,0.75,12
143,1bb8f7b2-8220-11f1-b0da-2389f409459f,1,"[1, 1, 0, 0, 1, 1, 1, 0, 0, 1, 1, 0]",11,0,0,,0.75,12
144,1bb8f7b2-8220-11f1-b0da-2389f409459f,2,"[0, 0, 1, 1, 0, 0, 1, 0, 1, 0, 0, 1]",0,0,0,,0.75,12
145,1bb8f7b2-8220-11f1-b0da-2389f409459f,2,"[0, 0, 1, 1, 0, 0, 1, 0, 1, 0, 0, 1]",1,0,0,,0.75,12
146,1bb8f7b2-8220-11f1-b0da-2389f409459f,2,"[0, 0, 1, 1, 0, 0, 1, 0, 1, 0, 0, 1]",2,1,1,,0.75,12
147,1bb8f7b2-8220-11f1-b0da-2389f409459f,2,"[0, 0, 1, 1, 0, 0, 1, 0, 1, 0, 0, 1]",3,1,1,,0.75,12
148,1bb8f7b2-8220-11f1-b0da-2389f409459f,2,"[0, 0, 1, 1, 0, 0, 1, 0, 1, 0, 0, 1]",4,0,0,,0.75,12
149,1bb8f7b2-8220-11f1-b0da-2389f409459f,2,"[0, 0, 1, 1, 0, 0, 1, 0, 1, 0, 0, 1]",5,0,0,,0.75,12
150,1bb8f7b2-8220-11f1-b0da-2389f409459f,2,"[0, 0, 1, 1, 0, 0, 1, 0, 1, 0, 0, 1]",6,1,1,,0.75,12
151,1bb8f7b2-8220-11f1-b0da-2389f409459f,2,"[0, 0, 1, 1, 0, 0, 1, 0, 1, 0, 0, 1]",7,0,0,,0.75,12
152,1bb8f7b2-8220-11f1-b0da-2389f409459f,2,"[0, 0, 1, 1, 0, 0, 1, 0, 1, 0, 0, 1]",8,1,1,,0.75,12
153,1bb8f7b2-8220-11f1-b0da-2389f409459f,2,"[0, 0, 1, 1, 0, 0, 1, 0, 1, 0, 0, 1]",9,0,0,,0.75,12
154,1bb8f7b2-8220-11f1-b0da-2389f409459f,2,"[0, 0, 1, 1, 0, 0, 1, 0, 1, 0, 0, 1]",10,0,0,,0.75,12
155,1bb8f7b2-8220-11f1-b0da-2389f409459f,2,"[0, 0, 1, 1, 0, 0, 1, 0, 1, 0, 0, 1]",11,1,1,,0.75,12
156,1bb8f7b2-8220-11f1-b0da-2389f409459f,3,"[0, 1, 0, 0, 1, 1, 1, 0, 0, 0, 1, 1]",0,0,0,,0.75,12
157,1bb8f7b2-8220-11f1-b0da-2389f409459f,3,"[0, 1, 0, 0, 1, 1, 1, 0, 0, 0, 1, 1]",1,1,1,,0.75,12
158,1bb8f7b2-8220-11f1-b0da-2389f409459f,3,"[0, 1, 0, 0, 1, 1, 1, 0, 0, 0, 1, 1]",2,0,0,,0.75,12
159,1bb8f7b2-8220-11f1-b0da-2389f409459f,3,"[0, 1, 0, 0, 1, 1, 1, 0, 0, 0, 1, 1]",3,0,0,,0.75,12
160,1bb8f7b2-8220-11f1-b0da-2389f409459f,3,"[0, 1, 0, 0, 1, 1, 1, 0, 0, 0, 1, 1]",4,1,1,,0.75,12
161,1bb8f7b2-8220-11f1-b0da-2389f409459f,3,"[0, 1, 0, 0, 1, 1, 1, 0, 0, 0, 1, 1]",5,1,1,,0.75,12
162,1bb8f7b2-8220-11f1-b0da-2389f409459f,3,"[0, 1, 0, 0, 1, 1, 1, 0, 0, 0, 1, 1]",6,1,1,,0.75,12
163,1bb8f7b2-8220-11f1-b0da-2389f409459f,3,"[0, 1, 0, 0, 1, 1, 1, 0, 0, 0, 1, 1]",7,0,0,,0.75,12
164,1bb8f7b2-8220-11f1-b0da-2389f409459f,3,"[0, 1, 0, 0, 1, 1, 1, 0, 0, 0, 1, 1]",8,0,0,,0.75,12
165,1bb8f7b2-8220-11f1-b0da-2389f409459f,3,"[0, 1, 0, 0, 1, 1, 1, 0, 0, 0, 1, 1]",9,0,0,,0.75,12
166,1bb8f7b2-8220-11f1-b0da-2389f409459f,3,"[0, 1, 0, 0, 1, 1, 1, 0, 0, 0, 1, 1]",10,1,1,,0.75,12
167,1bb8f7b2-8220-11f1-b0da-2389f409459f,3,"[0, 1, 0, 0, 1, 1, 1, 0, 0, 0, 1, 1]",11,1,1,,0.75,12
168,1bb8f7b2-8220-11f1-b0da-2389f409459f,4,"[1, 1, 0, 1, 1, 0, 0, 1, 0, 0, 1, 1]",0,1,1,,0.75,12
169,1bb8f7b2-8220-11f1-b0da-2389f409459f,4,"[1, 1, 0, 1, 1, 0, 0, 1, 0, 0, 1, 1]",1,1,1,,0.75,12
170,1bb8f7b2-8220-11f1-b0da-2389f409459f,4,"[1, 1, 0, 1, 1, 0, 0, 1, 0, 0, 1, 1]",2,0,0,,0.75,12
171,1bb8f7b2-8220-11f1-b0da-2389f409459f,4,"[1, 1, 0, 1, 1, 0, 0, 1, 0, 0, 1, 1]",3,1,1,,0.75,12
172,1bb8f7b2-8220-11f1-b0da-2389f409459f,4,"[1, 1, 0, 1, 1, 0, 0, 1, 0, 0, 1, 1]",4,1,1,,0.75,12
173,1bb8f7b2-8220-11f1-b0da-2389f409459f,4,"[1, 1, 0, 1, 1, 0, 0, 1, 0, 0, 1, 1]",5,0,0,,0.75,12
174,1bb8f7b2-8220-11f1-b0da-2389f409459f,4,"[1, 1, 0, 1, 1, 0, 0, 1, 0, 0, 1, 1]",6,0,0,,0.75,12
175,1bb8f7b2-8220-11f1-b0da-2389f409459f,4,"[1, 1, 0, 1, 1, 0, 0, 1, 0, 0, 1, 1]",7,1,1,,0.75,12
176,1bb8f7b2-8220-11f1-b0da-2389f409459f,4,"[1, 1, 0, 1, 1, 0, 0, 1, 0, 0, 1, 1]",8,0,0,,0.75,12
177,1bb8f7b2-8220-11f1-b0da-2389f409459f,4,"[1, 1, 0, 1, 1, 0, 0, 1, 0, 0, 1, 1]",9,0,0,,0.75,12
178,1bb8f7b2-8220-11f1-b0da-2389f409459f,4,"[1, 1, 0, 1, 1, 0, 0, 1, 0, 0, 1, 1]",10,1,1,,0.75,12
179,1bb8f7b2-8220-11f1-b0da-2389f409459f,4,"[1, 1, 0, 1, 1, 0, 0, 1, 0, 0, 1, 1]",11,1,1,,0.75,12
180,1bb8f7b2-8220-11f1-b0da-2389f409459f,5,"[1, 0, 1, 0, 0, 0, 0, 0, 0, 1, 0, 1]",0,1,1,,0.75,12
181,1bb8f7b2-8220-11f1-b0da-2389f409459f,5,"[1, 0, 1, 0, 0, 0, 0, 0, 0, 1, 0, 1]",1,0,0,,0.75,12
182,1bb8f7b2-8220-11f1-b0da-2389f409459f,5,"[1, 0, 1, 0, 0, 0, 0, 0, 0, 1, 0, 1]",2,1,1,,0.75,12
183,1bb8f7b2-8220-11f1-b0da-2389f409459f,5,"[1, 0, 1, 0, 0, 0, 0, 0, 0, 1, 0, 1]",3,0,0,,0.75,12
184,1bb8f7b2-8220-11f1-b0da-2389f409459f,5,"[1, 0, 1, 0, 0, 0, 0, 0, 0, 1, 0, 1]",4,0,0,,0.75,12
185,1bb8f7b2-8220-11f1-b0da-2389f409459f,5,"[1, 0, 1, 0, 0, 0, 0, 0, 0, 1, 0, 1]",5,0,0,,0.75,12
186,1bb8f7b2-8220-11f1-b0da-2389f409459f,5,"[1, 0, 1, 0, 0, 0, 0, 0, 0, 1, 0, 1]",6,0,0,,0.75,12
187,1bb8f7b2-8220-11f1-b0da-2389f409459f,5,"[1, 0, 1, 0, 0, 0, 0, 0, 0, 1, 0, 1]",7,0,0,,0.75,12
188,1bb8f7b2-8220-11f1-b0da-2389f409459f,5,"[1, 0, 1, 0, 0, 0, 0, 0, 0, 1, 0, 1]",8,0,0,,0.75,12
189,1bb8f7b2-8220-11f1-b0da-2389f409459f,5,"[1, 0, 1, 0, 0, 0, 0, 0, 0, 1, 0, 1]",9,1,1,,0.75,12
190,1bb8f7b2-8220-11f1-b0da-2389f409459f,5,"[1, 0, 1, 0, 0, 0, 0, 0, 0, 1, 0, 1]",10,0,0,,0.75,12
191,1bb8f7b2-8220-11f1-b0da-2389f409459f,5,"[1, 0, 1, 0, 0, 0, 0, 0, 0, 1, 0, 1]",11,1,1,,0.75,12
192,1bb8f7b2-8220-11f1-b0da-2389f409459f,6,"[0, 0, 0, 0, 1, 1, 0, 0, 1, 1, 0, 1]",0,0,0,,0.75,12
193,1bb8f7b2-8220-11f1-b0da-2389f409459f,6,"[0, 0, 0, 0, 1, 1, 0, 0, 1, 1, 0, 1]",1,0,0,,0.75,12
194,1bb8f7b2-8220-11f1-b0da-2389f409459f,6,"[0, 0, 0, 0, 1, 1, 0, 0, 1, 1, 0, 1]",2,0,0,,0.75,12
195,1bb8f7b2-8220-11f1-b0da-2389f409459f,6,"[0, 0, 0, 0, 1, 1, 0, 0, 1, 1, 0, 1]",3,0,0,,0.75,12
196,1bb8f7b2-8220-11f1-b0da-2389f409459f,6,"[0, 0, 0, 0, 1, 1, 0, 0, 1, 1, 0, 1]",4,1,1,,0.75,12
197,1bb8f7b2-8220-11f1-b0da-2389f409459f,6,"[0, 0, 0, 0, 1, 1, 0, 0, 1, 1, 0, 1]",5,1,1,,0.75,12
198,1bb8f7b2-8220-11f1-b0da-2389f409459f,6,"[0, 0, 0, 0, 1, 1, 0, 0, 1, 1, 0, 1]",6,0,0,,0.75,12
199,1bb8f7b2-8220-11f1-b0da-2389f409459f,6,"[0, 0, 0, 0, 1, 1, 0, 0, 1, 1, 0, 1]",7,0,0,,0.75,12
200,1bb8f7b2-8220-11f1-b0da-2389f409459f,6,"[0, 0, 0, 0, 1, 1, 0, 0, 1, 1, 0, 1]",8,1,1,,0.75,12
201,1bb8f7b2-8220-11f1-b0da-2389f409459f,6,"[0, 0, 0, 0, 1, 1, 0, 0, 1, 1, 0, 1]",9,1,1,,0.75,12
202,1bb8f7b2-8220-11f1-b0da-2389f409459f,6,"[0, 0, 0, 0, 1, 1, 0, 0, 1, 1, 0, 1]",10,0,0,,0.75,12
203,1bb8f7b2-8220-11f1-b0da-2389f409459f,6,"[0, 0, 0, 0, 1, 1, 0, 0, 1, 1, 0, 1]",11,1,1,,0.75,12
204,1bb8f7b2-8220-11f1-b0da-2389f409459f,7,"[0, 0, 1, 1, 1, 1, 1, 1, 1, 0, 0, 1]",0,0,0,,0.75,12
205,1bb8f7b2-8220-11f1-b0da-2389f409459f,7,"[0, 0, 1, 1, 1, 1, 1, 1, 1, 0, 0, 1]",1,0,0,,0.75,12
206,1bb8f7b2-8220-11f1-b0da-2389f409459f,7,"[0, 0, 1, 1, 1, 1, 1, 1, 1, 0, 0, 1]",2,1,1,,0.75,12
207,1bb8f7b2-8220-11f1-b0da-2389f409459f,7,"[0, 0, 1, 1, 1, 1, 1, 1, 1, 0, 0, 1]",3,1,1,,0.75,12
208,1bb8f7b2-8220-11f1-b0da-2389f409459f,7,"[0, 0, 1, 1, 1, 1, 1, 1, 1, 0, 0, 1]",4,1,1,,0.75,12
209,1bb8f7b2-8220-11f1-b0da-2389f409459f,7,"[0, 0, 1, 1, 1, 1, 1, 1, 1, 0, 0, 1]",5,1,1,,0.75,12
210,1bb8f7b2-8220-11f1-b0da-2389f409459f,7,"[0, 0, 1, 1, 1, 1, 1, 1, 1, 0, 0, 1]",6,1,1,,0.75,12
211,1bb8f7b2-8220-11f1-b0da-2389f409459f,7,"[0, 0, 1, 1, 1, 1, 1, 1, 1, 0, 0, 1]",7,1,1,,0.75,12
212,1bb8f7b2-8220-11f1-b0da-2389f409459f,7,"[0, 0, 1, 1, 1, 1, 1, 1, 1, 0, 0, 1]",8,1,1,,0.75,12
213,1bb8f7b2-8220-11f1-b0da-2389f409459f,7,"[0, 0, 1, 1, 1, 1, 1, 1, 1, 0, 0, 1]",9,0,0,,0.75,12
214,1bb8f7b2-8220-11f1-b0da-2389f409459f,7,"[0, 0, 1, 1, 1, 1, 1, 1, 1, 0, 0, 1]",10,0,0,,0.75,12
215,1bb8f7b2-8220-11f1-b0da-2389f409459f,7,"[0, 0, 1, 1, 1, 1, 1, 1, 1, 0, 0, 1]",11,1,1,,0.75,12
216,1bb8f7b2-8220-11f1-b0da-2389f409459f,8,"[1, 0, 0, 1, 0, 1, 0, 1, 1, 1, 0, 0]",0,1,1,,0.75,12
217,1bb8f7b2-8220-11f1-b0da-2389f409459f,8,"[1, 0, 0, 1, 0, 1, 0, 1, 1, 1, 0, 0]",1,0,0,,0.75,12
218,1bb8f7b2-8220-11f1-b0da-2389f409459f,8,"[1, 0, 0, 1, 0, 1, 0, 1, 1, 1, 0, 0]",2,0,0,,0.75,12
219,1bb8f7b2-8220-11f1-b0da-2389f409459f,8,"[1, 0, 0, 1, 0, 1, 0, 1, 1, 1, 0, 0]",3,1,1,,0.75,12
220,1bb8f7b2-8220-11f1-b0da-2389f409459f,8,"[1, 0, 0, 1, 0, 1, 0, 1, 1, 1, 0, 0]",4,0,0,,0.75,12
221,1bb8f7b2-8220-11f1-b0da-2389f409459f,8,"[1, 0, 0, 1, 0, 1, 0, 1, 1, 1, 0, 0]",5,1,1,,0.75,12
222,1bb8f7b2-8220-11f1-b0da-2389f409459f,8,"[1, 0, 0, 1, 0, 1, 0, 1, 1, 1, 0, 0]",6,0,0,,0.75,12
223,1bb8f7b2-8220-11f1-b0da-2389f409459f,8,"[1, 0, 0, 1, 0, 1, 0, 1, 1, 1, 0, 0]",7,1,1,,0.75,12
224,1bb8f7b2-8220-11f1-b0da-2389f409459f,8,"[1, 0, 0, 1, 0, 1, 0, 1, 1, 1, 0, 0]",8,1,1,,0.75,12
225,1bb8f7b2-8220-11f1-b0da-2389f409459f,8,"[1, 0, 0, 1, 0, 1, 0, 1, 1, 1, 0, 0]",9,1,1,,0.75,12
226,1bb8f7b2-8220-11f1-b0da-2389f409459f,8,"[1, 0, 0, 1, 0, 1, 0, 1, 1, 1, 0, 0]",10,0,0,,0.75,12
227,1bb8f7b2-8220-11f1-b0da-2389f409459f,8,"[1, 0, 0, 1, 0, 1, 0, 1, 1, 1, 0, 0]",11,0,0,,0.75,12
228,1bb8f7b2-8220-11f1-b0da-2389f409459f,9,"[0, 0, 0, 1, 0, 1, 0, 0, 1, 0, 0, 0]",0,0,0,,0.75,12
229,1bb8f7b2-8220-11f1-b0da-2389f409459f,9,"[0, 0, 0, 1, 0, 1, 0, 0, 1, 0, 0, 0]",1,0,0,,0.75,12
230,1bb8f7b2-8220-11f1-b0da-2389f409459f,9,"[0, 0, 0, 1, 0, 1, 0, 0, 1, 0, 0, 0]",2,0,0,,0.75,12
231,1bb8f7b2-8220-11f1-b0da-2389f409459f,9,"[0, 0, 0, 1, 0, 1, 0, 0, 1, 0, 0, 0]",3,1,1,,0.75,12
232,1bb8f7b2-8220-11f1-b0da-2389f409459f,9,"[0, 0, 0, 1, 0, 1, 0, 0, 1, 0, 0, 0]",4,0,0,,0.75,12
233,1bb8f7b2-8220-11f1-b0da-2389f409459f,9,"[0, 0, 0, 1, 0, 1, 0, 0, 1, 0, 0, 0]",5,1,1,,0.75,12
234,1bb8f7b2-8220-11f1-b0da-2389f409459f,9,"[0, 0, 0, 1, 0, 1, 0, 0, 1, 0, 0, 0]",6,0,0,,0.75,12
235,1bb8f7b2-8220-11f1-b0da-2389f409459f,9,"[0, 0, 0, 1, 0, 1, 0, 0, 1, 0, 0, 0]",7,0,0,,0.75,12
236,1bb8f7b2-8220-11f1-b0da-2389f409459f,9,"[0, 0, 0, 1, 0, 1, 0, 0, 1, 0, 0, 0]",8,1,1,,0.75,12
237,1bb8f7b2-8220-11f1-b0da-2389f409459f,9,"[0, 0, 0, 1, 0, 1, 0, 0, 1, 0, 0, 0]",9,0,0,,0.75,12
238,1bb8f7b2-8220-11f1-b0da-2389f409459f,9,"[0, 0, 0, 1, 0, 1, 0, 0, 1, 0, 0, 0]",10,0,0,,0.75,12
239,1bb8f7b2-8220-11f1-b0da-2389f409459f,9,"[0, 0, 0, 1, 0, 1, 0, 0, 1, 0, 0, 0]",11,0,0,,0.75,12
240,1bba9c66-8220-11f1-b0da-2389f409459f,0,"[0, 1, 1, 0, 1, 1, 0, 1, 0, 1, 0, 1]",0,0,0,,0.75,12
241,1bba9c66-8220-11f1-b0da-2389f409459f,0,"[0, 1, 1, 0, 1, 1, 0, 1, 0, 1, 0, 1]",1,1,1,,0.75,12
242,1bba9c66-8220-11f1-b0da-2389f409459f,0,"[0, 1, 1, 0, 1, 1, 0, 1, 0, 1, 0, 1]",2,1,1,,0.75,12
243,1bba9c66-8220-11f1-b0da-2389f409459f,0,"[0, 1, 1, 0, 1, 1, 0, 1, 0, 1, 0, 1]",3,0,0,,0.75,12
244,1bba9c66-8220-11f1-b0da-2389f409459f,0,"[0, 1, 1, 0, 1, 1, 0, 1, 0, 1, 0, 1]",4,1,1,,0.75,12
245,1bba9c66-8220-11f1-b0da-2389f409459f,0,"[0, 1, 1, 0, 1, 1, 0, 1, 0, 1, 0, 1]",5,1,1,,0.75,12
246,1bba9c66-8220-11f1-b0da-2389f409459f,0,"[0, 1, 1, 0, 1, 1, 0, 1, 0, 1, 0, 1]",6,0,0,,0.75,12
247,1bba9c66-8220-11f1-b0da-2389f409459f,0,"[0, 1, 1, 0, 1, 1, 0, 1, 0, 1, 0, 1]",7,1,1,,0.75,12
248,1bba9c66-8220-11f1-b0da-2389f409459f,0,"[0, 1, 1, 0, 1, 1, 0, 1, 0, 1, 0, 1]",8,0,0,,0.75,12
249,1bba9c66-8220-11f1-b0da-2389f409459f,0,"[0, 1, 1, 0, 1, 1, 0, 1, 0, 1, 0, 1]",9,1,1,,0.75,12
250,1bba9c66-8220-11f1-b0da-2389f409459f,0,"[0, 1, 1, 0, 1, 1, 0, 1, 0, 1, 0, 1]",10,0,0,,0.75,12
251,1bba9c66-8220-11f1-b0da-2389f409459f,0,"[0, 1, 1, 0, 1, 1, 0, 1, 0, 1, 0, 1]",11,1,1,,0.75,12
252,1bba9c66-8220-11f1-b0da-2389f409459f,1,"[0, 1, 0, 1, 0, 1, 0, 0, 0, 0, 1, 1]",0,0,0,,0.75,12
253,1bba9c66-8220-11f1-b0da-2389f409459f,1,"[0, 1, 0, 1, 0, 1, 0, 0, 0, 0, 1, 1]",1,1,1,,0.75,12
254,1bba9c66-8220-11f1-b0da-2389f409459f,1,"[0, 1, 0, 1, 0, 1, 0, 0, 0, 0, 1, 1]",2,0,0,,0.75,12
255,1bba9c66-8220-11f1-b0da-2389f409459f,1,"[0, 1, 0, 1, 0, 1, 0, 0, 0, 0, 1, 1]",3,1,1,,0.75,12
256,1bba9c66-8220-11f1-b0da-2389f409459f,1,"[0, 1, 0, 1, 0, 1, 0, 0, 0, 0, 1, 1]",4,0,0,,0.75,12
257,1bba9c66-8220-11f1-b0da-2389f409459f,1,"[0, 1, 0, 1, 0, 1, 0, 0, 0, 0, 1, 1]",5,1,1,,0.75,12
258,1bba9c66-8220-11f1-b0da-2389f409459f,1,"[0, 1, 0, 1, 0, 1, 0, 0, 0, 0, 1, 1]",6,0,0,,0.75,12
259,1bba9c66-8220-11f1-b0da-2389f409459f,1,"[0, 1, 0, 1, 0, 1, 0, 0, 0, 0, 1, 1]",7,0,0,,0.75,12
260,1bba9c66-8220-11f1-b0da-2389f409459f,1,"[0, 1, 0, 1, 0, 1, 0, 0, 0, 0, 1, 1]",8,0,0,,0.75,12
261,1bba9c66-8220-11f1-b0da-2389f409459f,1,"[0, 1, 0, 1, 0, 1, 0, 0, 0, 0, 1, 1]",9,0,0,,0.75,12
262,1bba9c66-8220-11f1-b0da-2389f409459f,1,"[0, 1, 0, 1, 0, 1, 0, 0, 0, 0, 1, 1]",10,1,1,,0.75,12
263,1bba9c66-8220-11f1-b0da-2389f409459f,1,"[0, 1, 0, 1, 0, 1, 0, 0, 0, 0, 1, 1]",11,1,1,,0.75,12
264,1bba9c66-8220-11f1-b0da-2389f409459f,2,"[1, 1, 0, 0, 1, 0, 0, 0, 0, 0, 0, 0]",0,1,1,,0.75,12
265,1bba9c66-8220-11f1-b0da-2389f409459f,2,"[1, 1, 0, 0, 1, 0, 0, 0, 0, 0, 0, 0]",1,1,1,,0.75,12
266,1bba9c66-8220-11f1-b0da-2389f409459f,2,"[1, 1, 0, 0, 1, 0, 0, 0, 0, 0, 0, 0]",2,0,0,,0.75,12
267,1bba9c66-8220-11f1-b0da-2389f409459f,2,"[1, 1, 0, 0, 1, 0, 0, 0, 0, 0, 0, 0]",3,0,0,,0.75,12
268,1bba9c66-8220-11f1-b0da-2389f409459f,2,"[1, 1, 0, 0, 1, 0, 0, 0, 0, 0, 0, 0]",4,1,1,,0.75,12
269,1bba9c66-8220-11f1-b0da-2389f409459f,2,"[1, 1, 0, 0, 1, 0, 0, 0, 0, 0, 0, 0]",5,0,0,,0.75,12
270,1bba9c66-8220-11f1-b0da-2389f409459f,2,"[1, 1, 0, 0, 1, 0, 0, 0, 0, 0, 0, 0]",6,0,0,,0.75,12
271,1bba9c66-8220-11f1-b0da-2389f409459f,2,"[1, 1, 0, 0, 1, 0, 0, 0, 0, 0, 0, 0]",7,0,0,,0.75,12
272,1bba9c66-8220-11f1-b0da-2389f409459f,2,"[1, 1, 0, 0, 1, 0, 0, 0, 0, 0, 0, 0]",8,0,0,,0.75,12
273,1bba9c66-8220-11f1-b0da-2389f409459f,2,"[1, 1, 0, 0, 1, 0, 0, 0, 0, 0, 0, 0]",9,0,0,,0.75,12
274,1bba9c66-8220-11f1-b0da-2389f409459f,2,"[1, 1, 0, 0, 1, 0, 0, 0, 0, 0, 0, 0]",10,0,0,,0.75,12
275,1bba9c66-8220-11f1-b0da-2389f409459f,2,"[1, 1, 0, 0, 1, 0, 0, 0, 0, 0, 0, 0]",11,0,0,,0.75,12
276,1bba9c66-8220-11f1-b0da-2389f409459f,3,"[0, 0, 0, 0, 1, 0, 0, 0, 0, 0, 0, 0]",0,0,0,,0.75,12
277,1bba9c66-8220-11f1-b0da-2389f409459f,3,"[0, 0, 0, 0, 1, 0, 0, 0, 0, 0, 0, 0]",1,0,0,,0.75,12
278,1bba9c66-8220-11f1-b0da-2389f409459f,3,"[0, 0, 0, 0, 1, 0, 0, 0, 0, 0, 0, 0]",2,0,0,,0.75,12
279,1bba9c66-8220-11f1-b0da-2389f409459f,3,"[0, 0, 0, 0, 1, 0, 0, 0, 0, 0, 0, 0]",3,0,0,,0.75,12
280,1bba9c66-8220-11f1-b0da-2389f409459f,3,"[0, 0, 0, 0, 1, 0, 0, 0, 0, 0, 0, 0]",4,1,1,,0.75,12
281,1bba9c66-8220-11f1-b0da-2389f409459f,3,"[0, 0, 0, 0, 1, 0, 0, 0, 0, 0, 0, 0]",5,0,0,,0.75,12
282,1bba9c66-8220-11f1-b0da-2389f409459f,3,"[0, 0, 0, 0, 1, 0, 0, 0, 0, 0, 0, 0]",6,0,0,,0.75,12
283,1bba9c66-8220-11f1-b0da-2389f409459f,3,"[0, 0, 0, 0, 1, 0, 0, 0, 0, 0, 0, 0]",7,0,0,,0.75,12
284,1bba9c66-8220-11f1-b0da-2389f409459f,3,"[0, 0, 0, 0, 1, 0, 0, 0, 0, 0, 0, 0]",8,0,0,,0.75,12
285,1bba9c66-8220-11f1-b0da-2389f409459f,3,"[0, 0, 0, 0, 1, 0, 0, 0, 0, 0, 0, 0]",9,0,0,,0.75,12
286,1bba9c66-8220-11f1-b0da-2389f409459f,3,"[0, 0, 0, 0, 1, 0, 0, 0, 0, 0, 0, 0]",10,0,0,,0.75,12
287,1bba9c66-8220-11f1-b0da-2389f409459f,3,"[0, 0, 0, 0, 1, 0, 0, 0, 0, 0, 0, 0]",11,0,0,,0.75,12
288,1bba9c66-8220-11f1-b0da-2389f409459f,4,"[0, 1, 0, 0, 0, 1, 1, 1, 1, 0, 0, 0]",0,0,0,,0.75,12
289,1bba9c66-8220-11f1-b0da-2389f409459f,4,"[0, 1, 0, 0, 0, 1, 1, 1, 1, 0, 0, 0]",1,1,1,,0.75,12
290,1bba9c66-8220-11f1-b0da-2389f409459f,4,"[0, 1, 0, 0, 0, 1, 1, 1, 1, 0, 0, 0]",2,0,0,,0.75,12
291,1bba9c66-8220-11f1-b0da-2389f409459f,4,"[0, 1, 0, 0, 0, 1, 1, 1, 1, 0, 0, 0]",3,0,0,,0.75,12
292,1bba9c66-8220-11f1-b0da-2389f409459f,4,"[0, 1, 0, 0, 0, 1, 1, 1, 1, 0, 0, 0]",4,0,0,,0.75,12
293,1bba9c66-8220-11f1-b0da-2389f409459f,4,"[0, 1, 0, 0, 0, 1, 1, 1, 1, 0, 0, 0]",5,1,1,,0.75,12
294,1bba9c66-8220-11f1-b0da-2389f409459f,4,"[0, 1, 0, 0, 0, 1, 1, 1, 1, 0, 0, 0]",6,1,1,,0.75,12
295,1bba9c66-8220-11f1-b0da-2389f409459f,4,"[0, 1, 0, 0, 0, 1, 1, 1, 1, 0, 0, 0]",7,1,1,,0.75,12
296,1bba9c66-8220-11f1-b0da-2389f409459f,4,"[0, 1, 0, 0, 0, 1, 1, 1, 1, 0, 0, 0]",8,1,1,,0.75,12
297,1bba9c66-8220-11f1-b0da-2389f409459f,4,"[0, 1, 0, 0, 0, 1, 1, 1, 1, 0, 0, 0]",9,0,0,,0.75,12
298,1bba9c66-8220-11f1-b0da-2389f409459f,4,"[0, 1, 0, 0, 0, 1, 1, 1, 1, 0, 0, 0]",10,0,0,,0.75,12
299,1bba9c66-8220-11f1-b0da-2389f409459f,4,"[0, 1, 0, 0, 0, 1, 1, 1, 1, 0, 0, 0]",11,0,0,,0.75,12
300,1bba9c66-8220-11f1-b0da-2389f409459f,5,"[0, 0, 0, 0, 0, 0, 0, 1, 1, 0, 1, 0]",0,0,0,,0.75,12
301,1bba9c66-8220-11f1-b0da-2389f409459f,5,"[0, 0, 0, 0, 0, 0, 0, 1, 1, 0, 1, 0]",1,0,0,,0.75,12
302,1bba9c66-8220-11f1-b0da-2389f409459f,5,"[0, 0, 0, 0, 0, 0, 0, 1, 1, 0, 1, 0]",2,0,0,,0.75,12
303,1bba9c66-8220-11f1-b0da-2389f409459f,5,"[0, 0, 0, 0, 0, 0, 0, 1, 1, 0, 1, 0]",3,0,0,,0.75,12
304,1bba9c66-8220-11f1-b0da-2389f409459f,5,"[0, 0, 0, 0, 0, 0, 0, 1, 1, 0, 1, 0]",4,0,0,,0.75,12
305,1bba9c66-8220-11f1-b0da-2389f409459f,5,"[0, 0, 0, 0, 0, 0, 0, 1, 1, 0, 1, 0]",5,0,0,,0.75,12
306,1bba9c66-8220-11f1-b0da-2389f409459f,5,"[0, 0, 0, 0, 0, 0, 0, 1, 1, 0, 1, 0]",6,0,0,,0.75,12
307,1bba9c66-8220-11f1-b0da-2389f409459f,5,"[0, 0, 0, 0, 0, 0, 0, 1, 1, 0, 1, 0]",7,1,1,,0.75,12
308,1bba9c66-8220-11f1-b0da-2389f409459f,5,"[0, 0, 0, 0, 0, 0, 0, 1, 1, 0, 1, 0]",8,1,1,,0.75,12
309,1bba9c66-8220-11f1-b0da-2389f409459f,5,"[0, 0, 0, 0, 0, 0, 0, 1, 1, 0, 1, 0]",9,0,0,,0.75,12
310,1bba9c66-8220-11f1-b0da-2389f409459f,5,"[0, 0, 0, 0, 0, 0, 0, 1, 1, 0, 1, 0]",10,1,1,,0.75,12
311,1bba9c66-8220-11f1-b0da-2389f409459f,5,"[0, 0, 0, 0, 0, 0, 0, 1, 1, 0, 1, 0]",11,0,0,,0.75,12
312,1bba9c66-8220-11f1-b0da-2389f409459f,6,"[1, 0, 1, 0, 1, 1, 0, 1, 0, 0, 1, 0]",0,1,1,,0.75,12
313,1bba9c66-8220-11f1-b0da-2389f409459f,6,"[1, 0, 1, 0, 1, 1, 0, 1, 0, 0, 1, 0]",1,0,0,,0.75,12
314,1bba9c66-8220-11f1-b0da-2389f409459f,6,"[1, 0, 1, 0, 1, 1, 0, 1, 0, 0, 1, 0]",2,1,1,,0.75,12
315,1bba9c66-8220-11f1-b0da-2389f409459f,6,"[1, 0, 1, 0, 1, 1, 0, 1, 0, 0, 1, 0]",3,0,0,,0.75,12
316,1bba9c66-8220-11f1-b0da-2389f409459f,6,"[1, 0, 1, 0, 1, 1, 0, 1, 0, 0, 1, 0]",4,1,1,,0.75,12
317,1bba9c66-8220-11f1-b0da-2389f409459f,6,"[1, 0, 1, 0, 1, 1, 0, 1, 0, 0, 1, 0]",5,1,1,,0.75,12
318,1bba9c66-8220-11f1-b0da-2389f409459f,6,"[1, 0, 1, 0, 1, 1, 0, 1, 0, 0, 1, 0]",6,0,0,,0.75,12
319,1bba9c66-8220-11f1-b0da-2389f409459f,6,"[1, 0, 1, 0, 1, 1, 0, 1, 0, 0, 1, 0]",7,1,1,,0.75,12
320,1bba9c66-8220-11f1-b0da-2389f409459f,6,"[1, 0, 1, 0, 1, 1, 0, 1, 0, 0, 1, 0]",8,0,0,,0.75,12
321,1bba9c66-8220-11f1-b0da-2389f409459f,6,"[1, 0, 1, 0, 1, 1, 0, 1, 0, 0, 1, 0]",9,0,0,,0.75,12
322,1bba9c66-8220-11f1-b0da-2389f409459f,6,"[1, 0, 1, 0, 1, 1, 0, 1, 0, 0, 1, 0]",10,1,1,,0.75,12
323,1bba9c66-8220-11f1-b0da-2389f409459f,6,"[1, 0, 1, 0, 1, 1, 0, 1, 0, 0, 1, 0]",11,0,0,,0.75,12
324,1bba9c66-8220-11f1-b0da-2389f409459f,7,"[0, 1, 1, 1, 0, 0, 0, 0, 1, 0, 1, 1]",0,0,0,,0.75,12
325,1bba9c66-8220-11f1-b0da-2389f409459f,7,"[0, 1, 1, 1, 0, 0, 0, 0, 1, 0, 1, 1]",1,1,1,,0.75,12
326,1bba9c66-8220-11f1-b0da-2389f409459f,7,"[0, 1, 1, 1, 0, 0, 0, 0, 1, 0, 1, 1]",2,1,1,,0.75,12
327,1bba9c66-8220-11f1-b0da-2389f409459f,7,"[0, 1, 1, 1, 0, 0, 0, 0, 1, 0, 1, 1]",3,1,1,,0.75,12
328,1bba9c66-8220-11f1-b0da-2389f409459f,7,"[0, 1, 1, 1, 0, 0, 0, 0, 1, 0, 1, 1]",4,0,0,,0.75,12
329,1bba9c66-8220-11f1-b0da-2389f409459f,7,"[0, 1, 1, 1, 0, 0, 0, 0, 1, 0, 1, 1]",5,0,0,,0.75,12
330,1bba9c66-8220-11f1-b0da-2389f409459f,7,"[0, 1, 1, 1, 0, 0, 0, 0, 1, 0, 1, 1]",6,0,0,,0.75,12
331,1bba9c66-8220-11f1-b0da-2389f409459f,7,"[0, 1, 1, 1, 0, 0, 0, 0, 1, 0, 1, 1]",7,0,0,,0.75,12
332,1bba9c66-8220-11f1-b0da-2389f409459f,7,"[0, 1, 1, 1, 0, 0, 0, 0, 1, 0, 1, 1]",8,1,1,,0.75,12
333,1bba9c66-8220-11f1-b0da-2389f409459f,7,"[0, 1, 1, 1, 0, 0, 0, 0, 1, 0, 1, 1]",9,0,0,,0.75,12
334,1bba9c66-8220-11f1-b0da-2389f409459f,7,"[0, 1, 1, 1, 0, 0, 0, 0, 1, 0, 1, 1]",10,1,1,,0.75,12
335,1bba9c66-8220-11f1-b0da-2389f409459f,7,"[0, 1, 1, 1, 0, 0, 0, 0, 1, 0, 1, 1]",11,1,1,,0.75,12
336,1bba9c66-8220-11f1-b0da-2389f409459f,8,"[1, 1, 1, 1, 1, 1, 1, 1, 1, 1, 1, 1]",0,1,-1,,0.75,12
337,1bba9c66-8220-11f1-b0da-2389f409459f,8,"[1, 1, 1, 1, 1, 1, 1, 1, 1, 1, 1, 1]",1,1,-1,,0.75,12
338,1bba9c66-8220-11f1-b0da-2389f409459f,8,"[1, 1, 1, 1, 1, 1, 1, 1, 1, 1, 1, 1]",2,1,-1,,0.75,12
339,1bba9c66-8220-11f1-b0da-2389f409459f,8,"[1, 1, 1, 1, 1, 1, 1, 1, 1, 1, 1, 1]",3,1,-1,,0.75,12
340,1bba9c66-8220-11f1-b0da-2389f409459f,8,"[1, 1, 1, 1, 1, 1, 1, 1, 1, 1, 1, 1]",4,1,-1,,0.75,12
341,1bba9c66-8220-11f1-b0da-2389f409459f,8,"[1, 1, 1, 1, 1, 1, 1, 1, 1, 1, 1, 1]",5,1,-1,,0.75,12
342,1bba9c66-8220-11f1-b0da-2389f409459f,8,"[1, 1, 1, 1, 1, 1, 1, 1, 1, 1, 1, 1]",6,1,-1,,0.75,12
343,1bba9c66-8220-11f1-b0da-2389f409459f,8,"[1, 1, 1, 1, 1, 1, 1, 1, 1, 1, 1, 1]",7,1,-1,,0.75,12
344,1bba9c66-8220-11f1-b0da-2389f409459f,8,"[1, 1, 1, 1, 1, 1, 1, 1, 1, 1, 1, 1]",8,1,-1,,0.75,12
345,1bba9c66-8220-11f1-b0da-2389f409459f,8,"[1, 1, 1, 1, 1, 1, 1, 1, 1, 1, 1, 1]",9,1,-1,,0.75,12
346,1bba9c66-8220-11f1-b0da-2389f409459f,8,"[1, 1, 1, 1, 1, 1, 1, 1, 1, 1, 1, 1]",10,1,-1,,0.75,12
347,1bba9c66-8220-11f1-b0da-2389f409459f,8,"[1, 1, 1, 1, 1, 1, 1, 1, 1, 1, 1, 1]",11,1,-1,,0.75,12
348,1bba9c66-8220-11f1-b0da-2389f409459f,9,"[1, 1, 1, 0, 1, 0, 0, 1, 0, 1, 1, 1]",0,1,1,,0.75,12
349,1bba9c66-8220-11f1-b0da-2389f409459f,9,"[1, 1, 1, 0, 1, 0, 0, 1, 0, 1, 1, 1]",1,1,1,,0.75,12
350,1bba9c66-8220-11f1-b0da-2389f409459f,9,"[1, 1, 1, 0, 1, 0, 0, 1, 0, 1, 1, 1]",2,1,1,,0.75,12
351,1bba9c66-8220-11f1-b0da-2389f409459f,9,"[1, 1, 1, 0, 1, 0, 0, 1, 0, 1, 1, 1]",3,0,0,,0.75,12
352,1bba9c66-8220-11f1-b0da-2389f409459f,9,"[1, 1, 1, 0, 1, 0, 0, 1, 0, 1, 1, 1]",4,1,1,,0.75,12
353,1bba9c66-8220-11f1-b0da-2389f409459f,9,"[1, 1, 1, 0, 1, 0, 0, 1, 0, 1, 1, 1]",5,0,0,,0.75,12
354,1bba9c66-8220-11f1-b0da-2389f409459f,9,"[1, 1, 1, 0, 1, 0, 0, 1, 0, 1, 1, 1]",6,0,0,,0.75,12
355,1bba9c66-8220-11f1-b0da-2389f409459f,9,"[1, 1, 1, 0, 1, 0, 0, 1, 0, 1, 1, 1]",7,1,1,,0.75,12
356,1bba9c66-8220-11f1-b0da-2389f409459f,9,"[1, 1, 1, 0, 1, 0, 0, 1, 0, 1, 1, 1]",8,0,0,,0.75,12
357,1bba9c66-8220-11f1-b0da-2389f409459f,9,"[1, 1, 1, 0, 1, 0, 0, 1, 0, 1, 1, 1]",9,1,1,,0.75,12
358,1bba9c66-8220-11f1-b0da-2389f409459f,9,"[1, 1, 1, 0, 1, 0, 0, 1, 0, 1, 1, 1]",10,1,1,,0.75,12
359,1bba9c66-8220-11f1-b0da-2389f409459f,9,"[1, 1, 1, 0, 1, 0, 0, 1, 0, 1, 1, 1]",11,1,1,,0.75,12
360,1bbbb2b8-8220-11f1-b0da-2389f409459f,0,"[1, 1, 1, 0, 0, 0, 1, 1, 1, 1, 1, 1]",0,1,1,,0.75,12
361,1bbbb2b8-8220-11f1-b0da-2389f409459f,0,"[1, 1, 1, 0, 0, 0, 1, 1, 1, 1, 1, 1]",1,1,1,,0.75,12
362,1bbbb2b8-8220-11f1-b0da-2389f409459f,0,"[1, 1, 1, 0, 0, 0, 1, 1, 1, 1, 1, 1]",2,1,1,,0.75,12
363,1bbbb2b8-8220-11f1-b0da-2389f409459f,0,"[1, 1, 1, 0, 0, 0, 1, 1, 1, 1, 1, 1]",3,0,0,,0.75,12
364,1bbbb2b8-8220-11f1-b0da-2389f409459f,0,"[1, 1, 1, 0, 0, 0, 1, 1, 1, 1, 1, 1]",4,0,0,,0.75,12
365,1bbbb2b8-8220-11f1-b0da-2389f409459f,0,"[1, 1, 1, 0, 0, 0, 1, 1, 1, 1, 1, 1]",5,0,0,,0.75,12
366,1bbbb2b8-8220-11f1-b0da-2389f409459f,0,"[1, 1, 1, 0, 0, 0, 1, 1, 1, 1, 1, 1]",6,1,1,,0.75,12
367,1bbbb2b8-8220-11f1-b0da-2389f409459f,0,"[1, 1, 1, 0, 0, 0, 1, 1, 1, 1, 1, 1]",7,1,1,,0.75,12
368,1bbbb2b8-8220-11f1-b0da-2389f409459f,0,"[1, 1, 1, 0, 0, 0, 1, 1, 1, 1, 1, 1]",8,1,1,,0.75,12
369,1bbbb2b8-8220-11f1-b0da-2389f409459f,0,"[1, 1, 1, 0, 0, 0, 1, 1, 1, 1, 1, 1]",9,1,1,,0.75,12
370,1bbbb2b8-8220-11f1-b0da-2389f409459f,0,"[1, 1, 1, 0, 0, 0, 1, 1, 1, 1, 1, 1]",10,1,1,,0.75,12
371,1bbbb2b8-8220-11f1-b0da-2389f409459f,0,"[1, 1, 1, 0, 0, 0, 1, 1, 1, 1, 1, 1]",11,1,1,,0.75,12
372,1bbbb2b8-8220-11f1-b0da-2389f409459f,1,"[0, 0, 0, 0, 1, 0, 0, 0, 0, 1, 0, 0]",0,0,0,,0.75,12
373,1bbbb2b8-8220-11f1-b0da-2389f409459f,1,"[0, 0, 0, 0, 1, 0, 0, 0, 0, 1, 0, 0]",1,0,0,,0.75,12
374,1bbbb2b8-8220-11f1-b0da-2389f409459f,1,"[0, 0, 0, 0, 1, 0, 0, 0, 0, 1, 0, 0]",2,0,0,,0.75,12
375,1bbbb2b8-8220-11f1-b0da-2389f409459f,1,"[0, 0, 0, 0, 1, 0, 0, 0, 0, 1, 0, 0]",3,0,0,,0.75,12
376,1bbbb2b8-8220-11f1-b0da-2389f409459f,1,"[0, 0, 0, 0, 1, 0, 0, 0, 0, 1, 0, 0]",4,1,1,,0.75,12
377,1bbbb2b8-8220-11f1-b0da-2389f409459f,1,"[0, 0, 0, 0, 1, 0, 0, 0, 0, 1, 0, 0]",5,0,0,,0.75,12
378,1bbbb2b8-8220-11f1-b0da-2389f409459f,1,"[0, 0, 0, 0, 1, 0, 0, 0, 0, 1, 0, 0]",6,0,0,,0.75,12
379,1bbbb2b8-8220-11f1-b0da-2389f409459f,1,"[0, 0, 0, 0, 1, 0, 0, 0, 0, 1, 0, 0]",7,0,0,,0.75,12
380,1bbbb2b8-8220-11f1-b0da-2389f409459f,1,"[0, 0, 0, 0, 1, 0, 0, 0, 0, 1, 0, 0]",8,0,0,,0.75,12
381,1bbbb2b8-8220-11f1-b0da-2389f409459f,1,"[0, 0, 0, 0, 1, 0, 0, 0, 0, 1, 0, 0]",9,1,1,,0.75,12
382,1bbbb2b8-8220-11f1-b0da-2389f409459f,1,"[0, 0, 0, 0, 1, 0, 0, 0, 0, 1, 0, 0]",10,0,0,,0.75,12
383,1bbbb2b8-8220-11f1-b0da-2389f409459f,1,"[0, 0, 0, 0, 1, 0, 0, 0, 0, 1, 0, 0]",11,0,0,,0.75,12
384,1bbbb2b8-8220-11f1-b0da-2389f409459f,2,"[1, 0, 0, 1, 1, 1, 1, 0, 0, 0, 0, 0]",0,1,1,,0.75,12
385,1bbbb2b8-8220-11f1-b0da-2389f409459f,2,"[1, 0, 0, 1, 1, 1, 1, 0, 0, 0, 0, 0]",1,0,0,,0.75,12
386,1bbbb2b8-8220-11f1-b0da-2389f409459f,2,"[1, 0, 0, 1, 1, 1, 1, 0, 0, 0, 0, 0]",2,0,0,,0.75,12
387,1bbbb2b8-8220-11f1-b0da-2389f409459f,2,"[1, 0, 0, 1, 1, 1, 1, 0, 0, 0, 0, 0]",3,1,1,,0.75,12
388,1bbbb2b8-8220-11f1-b0da-2389f409459f,2,"[1, 0, 0, 1, 1, 1, 1, 0, 0, 0, 0, 0]",4,1,1,,0.75,12
389,1bbbb2b8-8220-11f1-b0da-2389f409459f,2,"[1, 0, 0, 1, 1, 1, 1, 0, 0, 0, 0, 0]",5,1,1,,0.75,12
390,1bbbb2b8-8220-11f1-b0da-2389f409459f,2,"[1, 0, 0, 1, 1, 1, 1, 0, 0, 0, 0, 0]",6,1,1,,0.75,12
391,1bbbb2b8-8220-11f1-b0da-2389f409459f,2,"[1, 0, 0, 1, 1, 1, 1, 0, 0, 0, 0, 0]",7,0,0,,0.75,12
392,1bbbb2b8-8220-11f1-b0da-2389f409459f,2,"[1, 0, 0, 1, 1, 1, 1, 0, 0, 0, 0, 0]",8,0,0,,0.75,12
393,1bbbb2b8-8220-11f1-b0da-2389f409459f,2,"[1, 0, 0, 1, 1, 1, 1, 0, 0, 0, 0, 0]",9,0,0,,0.75,12
394,1bbbb2b8-8220-11f1-b0da-2389f409459f,2,"[1, 0, 0, 1, 1, 1, 1, 0, 0, 0, 0, 0]",10,0,0,,0.75,12
395,1bbbb2b8-8220-11f1-b0da-2389f409459f,2,"[1, 0, 0, 1, 1, 1, 1, 0, 0, 0, 0, 0]",11,0,0,,0.75,12
396,1bbbb2b8-8220-11f1-b0da-2389f409459f,3,"[0, 1, 1, 0, 0, 0, 0, 1, 0, 0, 0, 0]",0,0,0,,0.75,12
397,1bbbb2b8-8220-11f1-b0da-2389f409459f,3,"[0, 1, 1, 0, 0, 0, 0, 1, 0, 0, 0, 0]",1,1,1,,0.75,12
398,1bbbb2b8-8220-11f1-b0da-2389f409459f,3,"[0, 1, 1, 0, 0, 0, 0, 1, 0, 0, 0, 0]",2,1,1,,0.75,12
399,1bbbb2b8-8220-11f1-b0da-2389f409459f,3,"[0, 1, 1, 0, 0, 0, 0, 1, 0, 0, 0, 0]",3,0,0,,0.75,12
400,1bbbb2b8-8220-11f1-b0da-2389f409459f,3,"[0, 1, 1, 0, 0, 0, 0, 1, 0, 0, 0, 0]",4,0,0,,0.75,12
401,1bbbb2b8-8220-11f1-b0da-2389f409459f,3,"[0, 1, 1, 0, 0, 0, 0, 1, 0, 0, 0, 0]",5,0,0,,0.75,12
402,1bbbb2b8-8220-11f1-b0da-2389f409459f,3,"[0, 1, 1, 0, 0, 0, 0, 1, 0, 0, 0, 0]",6,0,0,,0.75,12
403,1bbbb2b8-8220-11f1-b0da-2389f409459f,3,"[0, 1, 1, 0, 0, 0, 0, 1, 0, 0, 0, 0]",7,1,1,,0.75,12
404,1bbbb2b8-8220-11f1-b0da-2389f409459f,3,"[0, 1, 1, 0, 0, 0, 0, 1, 0, 0, 0, 0]",8,0,0,,0.75,12
405,1bbbb2b8-8220-11f1-b0da-2389f409459f,3,"[0, 1, 1, 0, 0, 0, 0, 1, 0, 0, 0, 0]",9,0,0,,0.75,12
406,1bbbb2b8-8220-11f1-b0da-2389f409459f,3,"[0, 1, 1, 0, 0, 0, 0, 1, 0, 0, 0, 0]",10,0,0,,0.75,12
407,1bbbb2b8-8220-11f1-b0da-2389f409459f,3,"[0, 1, 1, 0, 0, 0, 0, 1, 0, 0, 0, 0]",11,0,0,,0.75,12
408,1bbbb2b8-8220-11f1-b0da-2389f409459f,4,"[0, 0, 1, 1, 1, 1, 1, 1, 1, 0, 0, 1]",0,0,0,,0.75,12
409,1bbbb2b8-8220-11f1-b0da-2389f409459f,4,"[0, 0, 1, 1, 1, 1, 1, 1, 1, 0, 0, 1]",1,0,0,,0.75,12
410,1bbbb2b8-8220-11f1-b0da-2389f409459f,4,"[0, 0, 1, 1, 1, 1, 1, 1, 1, 0, 0, 1]",2,1,1,,0.75,12
411,1bbbb2b8-8220-11f1-b0da-2389f409459f,4,"[0, 0, 1, 1, 1, 1, 1, 1, 1, 0, 0, 1]",3,1,1,,0.75,12
412,1bbbb2b8-8220-11f1-b0da-2389f409459f,4,"[0, 0, 1, 1, 1, 1, 1, 1, 1, 0, 0, 1]",4,1,1,,0.75,12
413,1bbbb2b8-8220-11f1-b0da-2389f409459f,4,"[0, 0, 1, 1, 1, 1, 1, 1, 1, 0, 0, 1]",5,1,1,,0.75,12
414,1bbbb2b8-8220-11f1-b0da-2389f409459f,4,"[0, 0, 1, 1, 1, 1, 1, 1, 1, 0, 0, 1]",6,1,1,,0.75,12
415,1bbbb2b8-8220-11f1-b0da-2389f409459f,4,"[0, 0, 1, 1, 1, 1, 1, 1, 1, 0, 0, 1]",7,1,1,,0.75,12
416,1bbbb2b8-8220-11f1-b0da-2389f409459f,4,"[0, 0, 1, 1, 1, 1, 1, 1, 1, 0, 0, 1]",8,1,1,,0.75,12
417,1bbbb2b8-8220-11f1-b0da-2389f409459f,4,"[0, 0, 1, 1, 1, 1, 1, 1, 1, 0, 0, 1]",9,0,0,,0.75,12
418,1bbbb2b8-8220-11f1-b0da-2389f409459f,4,"[0, 0, 1, 1, 1, 1, 1, 1, 1, 0, 0, 1]",10,0,0,,0.75,12
419,1bbbb2b8-8220-11f1-b0da-2389f409459f,4,"[0, 0, 1, 1, 1, 1, 1, 1, 1, 0, 0, 1]",11,1,1,,0.75,12
420,1bbbb2b8-8220-11f1-b0da-2389f409459f,5,"[0, 0, 1, 1, 0, 0, 1, 0, 1, 0, 1, 0]",0,0,0,,0.75,12
421,1bbbb2b8-8220-11f1-b0da-2389f409459f,5,"[0, 0, 1, 1, 0, 0, 1, 0, 1, 0, 1, 0]",1,0,0,,0.75,12
422,1bbbb2b8-8220-11f1-b0da-2389f409459f,5,"[0, 0, 1, 1, 0, 0, 1, 0, 1, 0, 1, 0]",2,1,1,,0.75,12
423,1bbbb2b8-8220-11f1-b0da-2389f409459f,5,"[0, 0, 1, 1, 0, 0, 1, 0, 1, 0, 1, 0]",3,1,1,,0.75,12
424,1bbbb2b8-8220-11f1-b0da-2389f409459f,5,"[0, 0, 1, 1, 0, 0, 1, 0, 1, 0, 1, 0]",4,0,0,,0.75,12
425,1bbbb2b8-8220-11f1-b0da-2389f409459f,5,"[0, 0, 1, 1, 0, 0, 1, 0, 1, 0, 1, 0]",5,0,0,,0.75,12
426,1bbbb2b8-8220-11f1-b0da-2389f409459f,5,"[0, 0, 1, 1, 0, 0, 1, 0, 1, 0, 1, 0]",6,1,1,,0.75,12
427,1bbbb2b8-8220-11f1-b0da-2389f409459f,5,"[0, 0, 1, 1, 0, 0, 1, 0, 1, 0, 1, 0]",7,0,0,,0.75,12
428,1bbbb2b8-8220-11f1-b0da-2389f409459f,5,"[0, 0, 1, 1, 0, 0, 1, 0, 1, 0, 1, 0]",8,1,1,,0.75,12
429,1bbbb2b8-8220-11f1-b0da-2389f409459f,5,"[0, 0, 1, 1, 0, 0, 1, 0, 1, 0, 1, 0]",9,0,0,,0.75,12
430,1bbbb2b8-8220-11f1-b0da-2389f409459f,5,"[0, 0, 1, 1, 0, 0, 1, 0, 1, 0, 1, 0]",10,1,1,,0.75,12
431,1bbbb2b8-8220-11f1-b0da-2389f409459f,5,"[0, 0, 1, 1, 0, 0, 1, 0, 1, 0, 1, 0]",11,0,0,,0.75,12
432,1bbbb2b8-8220-11f1-b0da-2389f409459f,6,"[0, 1, 1, 1, 0, 1, 0, 1, 1, 0, 1, 0]",0,0,0,,0.75,12
433,1bbbb2b8-8220-11f1-b0da-2389f409459f,6,"[0, 1, 1, 1, 0, 1, 0, 1, 1, 0, 1, 0]",1,1,1,,0.75,12
434,1bbbb2b8-8220-11f1-b0da-2389f409459f,6,"[0, 1, 1, 1, 0, 1, 0, 1, 1, 0, 1, 0]",2,1,1,,0.75,12
435,1bbbb2b8-8220-11f1-b0da-2389f409459f,6,"[0, 1, 1, 1, 0, 1, 0, 1, 1, 0, 1, 0]",3,1,1,,0.75,12
436,1bbbb2b8-8220-11f1-b0da-2389f409459f,6,"[0, 1, 1, 1, 0, 1, 0, 1, 1, 0, 1, 0]",4,0,0,,0.75,12
437,1bbbb2b8-8220-11f1-b0da-2389f409459f,6,"[0, 1, 1, 1, 0, 1, 0, 1, 1, 0, 1, 0]",5,1,1,,0.75,12
438,1bbbb2b8-8220-11f1-b0da-2389f409459f,6,"[0, 1, 1, 1, 0, 1, 0, 1, 1, 0, 1, 0]",6,0,0,,0.75,12
439,1bbbb2b8-8220-11f1-b0da-2389f409459f,6,"[0, 1, 1, 1, 0, 1, 0, 1, 1, 0, 1, 0]",7,1,1,,0.75,12
440,1bbbb2b8-8220-11f1-b0da-2389f409459f,6,"[0, 1, 1, 1, 0, 1, 0, 1, 1, 0, 1, 0]",8,1,1,,0.75,12
441,1bbbb2b8-8220-11f1-b0da-2389f409459f,6,"[0, 1, 1, 1, 0, 1, 0, 1, 1, 0, 1, 0]",9,0,0,,0.75,12
442,1bbbb2b8-8220-11f1-b0da-2389f409459f,6,"[0, 1, 1, 1, 0, 1, 0, 1, 1, 0, 1, 0]",10,1,1,,0.75,12
443,1bbbb2b8-8220-11f1-b0da-2389f409459f,6,"[0, 1, 1, 1, 0, 1, 0, 1, 1, 0, 1, 0]",11,0,0,,0.75,12
444,1bbbb2b8-8220-11f1-b0da-2389f409459f,7,"[1, 1, 1, 1, 0, 1, 1, 0, 0, 0, 0, 1]",0,1,1,,0.75,12
445,1bbbb2b8-8220-11f1-b0da-2389f409459f,7,"[1, 1, 1, 1, 0, 1, 1, 0, 0, 0, 0, 1]",1,1,1,,0.75,12
446,1bbbb2b8-8220-11f1-b0da-2389f409459f,7,"[1, 1, 1, 1, 0, 1, 1, 0, 0, 0, 0, 1]",2,1,1,,0.75,12
447,1bbbb2b8-8220-11f1-b0da-2389f409459f,7,"[1, 1, 1, 1, 0, 1, 1, 0, 0, 0, 0, 1]",3,1,1,,0.75,12
448,1bbbb2b8-8220-11f1-b0da-2389f409459f,7,"[1, 1, 1, 1, 0, 1, 1, 0, 0, 0, 0, 1]",4,0,0,,0.75,12
449,1bbbb2b8-8220-11f1-b0da-2389f409459f,7,"[1, 1, 1, 1, 0, 1, 1, 0, 0, 0, 0, 1]",5,1,1,,0.75,12
450,1bbbb2b8-8220-11f1-b0da-2389f409459f,7,"[1, 1, 1, 1, 0, 1, 1, 0, 0, 0, 0, 1]",6,1,1,,0.75,12
451,1bbbb2b8-8220-11f1-b0da-2389f409459f,7,"[1, 1, 1, 1, 0, 1, 1, 0, 0, 0, 0, 1]",7,0,0,,0.75,12
452,1bbbb2b8-8220-11f1-b0da-2389f409459f,7,"[1, 1, 1, 1, 0, 1, 1, 0, 0, 0, 0, 1]",8,0,0,,0.75,12
453,1bbbb2b8-8220-11f1-b0da-2389f409459f,7,"[1, 1, 1, 1, 0, 1, 1, 0, 0, 0, 0, 1]",9,0,0,,0.75,12
454,1bbbb2b8-8220-11f1-b0da-2389f409459f,7,"[1, 1, 1, 1, 0, 1, 1, 0, 0, 0, 0, 1]",10,0,0,,0.75,12
455,1bbbb2b8-8220-11f1-b0da-2389f409459f,7,"[1, 1, 1, 1, 0, 1, 1, 0, 0, 0, 0, 1]",11,1,1,,0.75,12
456,1bbbb2b8-8220-11f1-b0da-2389f409459f,8,"[1, 0, 0, 1, 1, 1, 0, 1, 0, 0, 1, 1]",0,1,1,,0.75,12
457,1bbbb2b8-8220-11f1-b0da-2389f409459f,8,"[1, 0, 0, 1, 1, 1, 0, 1, 0, 0, 1, 1]",1,0,0,,0.75,12
458,1bbbb2b8-8220-11f1-b0da-2389f409459f,8,"[1, 0, 0, 1, 1, 1, 0, 1, 0, 0, 1, 1]",2,0,0,,0.75,12
459,1bbbb2b8-8220-11f1-b0da-2389f409459f,8,"[1, 0, 0, 1, 1, 1, 0, 1, 0, 0, 1, 1]",3,1,1,,0.75,12
460,1bbbb2b8-8220-11f1-b0da-2389f409459f,8,"[1, 0, 0, 1, 1, 1, 0, 1, 0, 0, 1, 1]",4,1,1,,0.75,12
461,1bbbb2b8-8220-11f1-b0da-2389f409459f,8,"[1, 0, 0, 1, 1, 1, 0, 1, 0, 0, 1, 1]",5,1,1,,0.75,12
462,1bbbb2b8-8220-11f1-b0da-2389f409459f,8,"[1, 0, 0, 1, 1, 1, 0, 1, 0, 0, 1, 1]",6,0,0,,0.75,12
463,1bbbb2b8-8220-11f1-b0da-2389f409459f,8,"[1, 0, 0, 1, 1, 1, 0, 1, 0, 0, 1, 1]",7,1,1,,0.75,12
464,1bbbb2b8-8220-11f1-b0da-2389f409459f,8,"[1, 0, 0, 1, 1, 1, 0, 1, 0, 0, 1, 1]",8,0,0,,0.75,12
465,1bbbb2b8-8220-11f1-b0da-2389f409459f,8,"[1, 0, 0, 1, 1, 1, 0, 1, 0, 0, 1, 1]",9,0,0,,0.75,12
466,1bbbb2b8-8220-11f1-b0da-2389f409459f,8,"[1, 0, 0, 1, 1, 1, 0, 1, 0, 0, 1, 1]",10,1,1,,0.75,12
467,1bbbb2b8-8220-11f1-b0da-2389f409459f,8,"[1, 0, 0, 1, 1, 1, 0, 1, 0, 0, 1, 1]",11,1,1,,0.75,12
468,1bbbb2b8-8220-11f1-b0da-2389f409459f,9,"[1, 0, 1, 1, 0, 0, 1, 1, 1, 1, 1, 0]",0,1,1,,0.75,12
469,1bbbb2b8-8220-11f1-b0da-2389f409459f,9,"[1, 0, 1, 1, 0, 0, 1, 1, 1, 1, 1, 0]",1,0,0,,0.75,12
470,1bbbb2b8-8220-11f1-b0da-2389f409459f,9,"[1, 0, 1, 1, 0, 0, 1, 1, 1, 1, 1, 0]",2,1,1,,0.75,12
471,1bbbb2b8-8220-11f1-b0da-2389f409459f,9,"[1, 0, 1, 1, 0, 0, 1, 1, 1, 1, 1, 0]",3,1,1,,0.75,12
472,1bbbb2b8-8220-11f1-b0da-2389f409459f,9,"[1, 0, 1, 1, 0, 0, 1, 1, 1, 1, 1, 0]",4,0,0,,0.75,12
473,1bbbb2b8-8220-11f1-b0da-2389f409459f,9,"[1, 0, 1, 1, 0, 0, 1, 1, 1, 1, 1, 0]",5,0,0,,0.75,12
474,1bbbb2b8-8220-11f1-b0da-2389f409459f,9,"[1, 0, 1, 1, 0, 0, 1, 1, 1, 1, 1, 0]",6,1,1,,0.75,12
475,1bbbb2b8-8220-11f1-b0da-2389f409459f,9,"[1, 0, 1, 1, 0, 0, 1, 1, 1, 1, 1, 0]",7,1,1,,0.75,12
476,1bbbb2b8-8220-11f1-b0da-2389f409459f,9,"[1, 0, 1, 1, 0, 0, 1, 1, 1, 1, 1, 0]",8,1,1,,0.75,12
477,1bbbb2b8-8220-11f1-b0da-2389f409459f,9,"[1, 0, 1, 1, 0, 0, 1, 1, 1, 1, 1, 0]",9,1,1,,0.75,12
478,1bbbb2b8-8220-11f1-b0da-2389f409459f,9,"[1, 0, 1, 1, 0, 0, 1, 1, 1, 1, 1, 0]",10,1,1,,0.75,12
479,1bbbb2b8-8220-11f1-b0da-2389f409459f,9,"[1, 0, 1, 1, 0, 0, 1, 1, 1, 1, 1, 0]",11,0,0,,0.75,12
480,1bbd065e-8220-11f1-b0da-2389f409459f,0,"[0, 1, 1, 1, 1, 1, 1, 1, 1, 1, 1, 0]",0,0,0,,0.75,12
481,1bbd065e-8220-11f1-b0da-2389f409459f,0,"[0, 1, 1, 1, 1, 1, 1, 1, 1, 1, 1, 0]",1,1,-1,,0.75,12
482,1bbd065e-8220-11f1-b0da-2389f409459f,0,"[0, 1, 1, 1, 1, 1, 1, 1, 1, 1, 1, 0]",2,1,-1,,0.75,12
483,1bbd065e-8220-11f1-b0da-2389f409459f,0,"[0, 1, 1, 1, 1, 1, 1, 1, 1, 1, 1, 0]",3,1,-1,,0.75,12
484,1bbd065e-8220-11f1-b0da-2389f409459f,0,"[0, 1, 1, 1, 1, 1, 1, 1, 1, 1, 1, 0]",4,1,-1,,0.75,12
485,1bbd065e-8220-11f1-b0da-2389f409459f,0,"[0, 1, 1, 1, 1, 1, 1, 1, 1, 1, 1, 0]",5,1,-1,,0.75,12
486,1bbd065e-8220-11f1-b0da-2389f409459f,0,"[0, 1, 1, 1, 1, 1, 1, 1, 1, 1, 1, 0]",6,1,-1,,0.75,12
487,1bbd065e-8220-11f1-b0da-2389f409459f,0,"[0, 1, 1, 1, 1, 1, 1, 1, 1, 1, 1, 0]",7,1,-1,,0.75,12
488,1bbd065e-8220-11f1-b0da-2389f409459f,0,"[0, 1, 1, 1, 1, 1, 1, 1, 1, 1, 1, 0]",8,1,-1,,0.75,12
489,1bbd065e-8220-11f1-b0da-2389f409459f,0,"[0, 1, 1, 1, 1, 1, 1, 1, 1, 1, 1, 0]",9,1,-1,,0.75,12
490,1bbd065e-8220-11f1-b0da-2389f409459f,0,"[0, 1, 1, 1, 1, 1, 1, 1, 1, 1, 1, 0]",10,1,-1,,0.75,12
491,1bbd065e-8220-11f1-b0da-2389f409459f,0,"[0, 1, 1, 1, 1, 1, 1, 1, 1, 1, 1, 0]",11,0,0,,0.75,12
492,1bbd065e-8220-11f1-b0da-2389f409459f,1,"[0, 1, 1, 1, 0, 0, 0, 0, 1, 0, 1, 1]",0,0,0,,0.75,12
493,1bbd065e-8220-11f1-b0da-2389f409459f,1,"[0, 1, 1, 1, 0, 0, 0, 0, 1, 0, 1, 1]",1,1,1,,0.75,12
494,1bbd065e-8220-11f1-b0da-2389f409459f,1,"[0, 1, 1, 1, 0, 0, 0, 0, 1, 0, 1, 1]",2,1,1,,0.75,12
495,1bbd065e-8220-11f1-b0da-2389f409459f,1,"[0, 1, 1, 1, 0, 0, 0, 0, 1, 0, 1, 1]",3,1,1,,0.75,12
496,1bbd065e-8220-11f1-b0da-2389f409459f,1,"[0, 1, 1, 1, 0, 0, 0, 0, 1, 0, 1, 1]",4,0,0,,0.75,12
497,1bbd065e-8220-11f1-b0da-2389f409459f,1,"[0, 1, 1, 1, 0, 0, 0, 0, 1, 0, 1, 1]",5,0,0,,0.75,12
498,1bbd065e-8220-11f1-b0da-2389f409459f,1,"[0, 1, 1, 1, 0, 0, 0, 0, 1, 0, 1, 1]",6,0,0,,0.75,12
499,1bbd065e-8220-11f1-b0da-2389f409459f,1,"[0, 1, 1, 1, 0, 0, 0, 0, 1, 0, 1, 1]",7,0,0,,0.75,12
500,1bbd065e-8220-11f1-b0da-2389f409459f,1,"[0, 1, 1, 1, 0, 0, 0, 0, 1, 0, 1, 1]",8,1,1,,0.75,12
501,1bbd065e-8220-11f1-b0da-2389f409459f,1,"[0, 1, 1, 1, 0, 0, 0, 0, 1, 0, 1, 1]",9,0,0,,0.75,12
502,1bbd065e-8220-11f1-b0da-2389f409459f,1,"[0, 1, 1, 1, 0, 0, 0, 0, 1, 0, 1, 1]",10,1,1,,0.75,12
503,1bbd065e-8220-11f1-b0da-2389f409459f,1,"[0, 1, 1, 1, 0, 0, 0, 0, 1, 0, 1, 1]",11,1,1,,0.75,12
504,1bbd065e-8220-11f1-b0da-2389f409459f,2,"[0, 1, 1, 0, 0, 0, 1, 0, 0, 0, 0, 1]",0,0,0,,0.75,12
505,1bbd065e-8220-11f1-b0da-2389f409459f,2,"[0, 1, 1, 0, 0, 0, 1, 0, 0, 0, 0, 1]",1,1,1,,0.75,12
506,1bbd065e-8220-11f1-b0da-2389f409459f,2,"[0, 1, 1, 0, 0, 0, 1, 0, 0, 0, 0, 1]",2,1,1,,0.75,12
507,1bbd065e-8220-11f1-b0da-2389f409459f,2,"[0, 1, 1, 0, 0, 0, 1, 0, 0, 0, 0, 1]",3,0,0,,0.75,12
508,1bbd065e-8220-11f1-b0da-2389f409459f,2,"[0, 1, 1, 0, 0, 0, 1, 0, 0, 0, 0, 1]",4,0,0,,0.75,12
509,1bbd065e-8220-11f1-b0da-2389f409459f,2,"[0, 1, 1, 0, 0, 0, 1, 0, 0, 0, 0, 1]",5,0,0,,0.75,12
510,1bbd065e-8220-11f1-b0da-2389f409459f,2,"[0, 1, 1, 0, 0, 0, 1, 0, 0, 0, 0, 1]",6,1,1,,0.75,12
511,1bbd065e-8220-11f1-b0da-2389f409459f,2,"[0, 1, 1, 0, 0, 0, 1, 0, 0, 0, 0, 1]",7,0,0,,0.75,12
512,1bbd065e-8220-11f1-b0da-2389f409459f,2,"[0, 1, 1, 0, 0, 0, 1, 0, 0, 0, 0, 1]",8,0,0,,0.75,12
513,1bbd065e-8220-11f1-b0da-2389f409459f,2,"[0, 1, 1, 0, 0, 0, 1, 0, 0, 0, 0, 1]",9,0,0,,0.75,12
514,1bbd065e-8220-11f1-b0da-2389f409459f,2,"[0, 1, 1, 0, 0, 0, 1, 0, 0, 0, 0, 1]",10,0,0,,0.75,12
515,1bbd065e-8220-11f1-b0da-2389f409459f,2,"[0, 1, 1, 0, 0, 0, 1, 0, 0, 0, 0, 1]",11,1,1,,0.75,12
516,1bbd065e-8220-11f1-b0da-2389f409459f,3,"[0, 1, 1, 1, 0, 1, 0, 0, 1, 0, 1, 1]",0,0,0,,0.75,12
517,1bbd065e-8220-11f1-b0da-2389f409459f,3,"[0, 1, 1, 1, 0, 1, 0, 0, 1, 0, 1, 1]",1,1,1,,0.75,12
518,1bbd065e-8220-11f1-b0da-2389f409459f,3,"[0, 1, 1, 1, 0, 1, 0, 0, 1, 0, 1, 1]",2,1,1,,0.75,12
519,1bbd065e-8220-11f1-b0da-2389f409459f,3,"[0, 1, 1, 1, 0, 1, 0, 0, 1, 0, 1, 1]",3,1,1,,0.75,12
520,1bbd065e-8220-11f1-b0da-2389f409459f,3,"[0, 1, 1, 1, 0, 1, 0, 0, 1, 0, 1, 1]",4,0,0,,0.75,12
521,1bbd065e-8220-11f1-b0da-2389f409459f,3,"[0, 1, 1, 1, 0, 1, 0, 0, 1, 0, 1, 1]",5,1,1,,0.75,12
522,1bbd065e-8220-11f1-b0da-2389f409459f,3,"[0, 1, 1, 1, 0, 1, 0, 0, 1, 0, 1, 1]",6,0,0,,0.75,12
523,1bbd065e-8220-11f1-b0da-2389f409459f,3,"[0, 1, 1, 1, 0, 1, 0, 0, 1, 0, 1, 1]",7,0,0,,0.75,12
524,1bbd065e-8220-11f1-b0da-2389f409459f,3,"[0, 1, 1, 1, 0, 1, 0, 0, 1, 0, 1, 1]",8,1,1,,0.75,12
525,1bbd065e-8220-11f1-b0da-2389f409459f,3,"[0, 1, 1, 1, 0, 1, 0, 0, 1, 0, 1, 1]",9,0,0,,0.75,12
526,1bbd065e-8220-11f1-b0da-2389f409459f,3,"[0, 1, 1, 1, 0, 1, 0, 0, 1, 0, 1, 1]",10,1,1,,0.75,12
527,1bbd065e-8220-11f1-b0da-2389f409459f,3,"[0, 1, 1, 1, 0, 1, 0, 0, 1, 0, 1, 1]",11,1,1,,0.75,12
528,1bbd065e-8220-11f1-b0da-2389f409459f,4,"[0, 0, 1, 1, 1, 1, 1, 1, 1, 0, 1, 0]",0,0,0,,0.75,12
529,1bbd065e-8220-11f1-b0da-2389f409459f,4,"[0, 0, 1, 1, 1, 1, 1, 1, 1, 0, 1, 0]",1,0,0,,0.75,12
530,1bbd065e-8220-11f1-b0da-2389f409459f,4,"[0, 0, 1, 1, 1, 1, 1, 1, 1, 0, 1, 0]",2,1,1,,0.75,12
531,1bbd065e-8220-11f1-b0da-2389f409459f,4,"[0, 0, 1, 1, 1, 1, 1, 1, 1, 0, 1, 0]",3,1,1,,0.75,12
532,1bbd065e-8220-11f1-b0da-2389f409459f,4,"[0, 0, 1, 1, 1, 1, 1, 1, 1, 0, 1, 0]",4,1,1,,0.75,12
533,1bbd065e-8220-11f1-b0da-2389f409459f,4,"[0, 0, 1, 1, 1, 1, 1, 1, 1, 0, 1, 0]",5,1,1,,0.75,12
534,1bbd065e-8220-11f1-b0da-2389f409459f,4,"[0, 0, 1, 1, 1, 1, 1, 1, 1, 0, 1, 0]",6,1,1,,0.75,12
535,1bbd065e-8220-11f1-b0da-2389f409459f,4,"[0, 0, 1, 1, 1, 1, 1, 1, 1, 0, 1, 0]",7,1,1,,0.75,12
536,1bbd065e-8220-11f1-b0da-2389f409459f,4,"[0, 0, 1, 1, 1, 1, 1, 1, 1, 0, 1, 0]",8,1,1,,0.75,12
537,1bbd065e-8220-11f1-b0da-2389f409459f,4,"[0, 0, 1, 1, 1, 1, 1, 1, 1, 0, 1, 0]",9,0,0,,0.75,12
538,1bbd065e-8220-11f1-b0da-2389f409459f,4,"[0, 0, 1, 1, 1, 1, 1, 1, 1, 0, 1, 0]",10,1,1,,0.75,12
539,1bbd065e-8220-11f1-b0da-2389f409459f,4,"[0, 0, 1, 1, 1, 1, 1, 1, 1, 0, 1, 0]",11,0,0,,0.75,12
540,1bbd065e-8220-11f1-b0da-2389f409459f,5,"[0, 0, 1, 1, 0, 1, 1, 1, 1, 0, 1, 0]",0,0,0,,0.75,12
541,1bbd065e-8220-11f1-b0da-2389f409459f,5,"[0, 0, 1, 1, 0, 1, 1, 1, 1, 0, 1, 0]",1,0,0,,0.75,12
542,1bbd065e-8220-11f1-b0da-2389f409459f,5,"[0, 0, 1, 1, 0, 1, 1, 1, 1, 0, 1, 0]",2,1,1,,0.75,12
543,1bbd065e-8220-11f1-b0da-2389f409459f,5,"[0, 0, 1, 1, 0, 1, 1, 1, 1, 0, 1, 0]",3,1,1,,0.75,12
544,1bbd065e-8220-11f1-b0da-2389f409459f,5,"[0, 0, 1, 1, 0, 1, 1, 1, 1, 0, 1, 0]",4,0,0,,0.75,12
545,1bbd065e-8220-11f1-b0da-2389f409459f,5,"[0, 0, 1, 1, 0, 1, 1, 1, 1, 0, 1, 0]",5,1,1,,0.75,12
546,1bbd065e-8220-11f1-b0da-2389f409459f,5,"[0, 0, 1, 1, 0, 1, 1, 1, 1, 0, 1, 0]",6,1,1,,0.75,12
547,1bbd065e-8220-11f1-b0da-2389f409459f,5,"[0, 0, 1, 1, 0, 1, 1, 1, 1, 0, 1, 0]",7,1,1,,0.75,12
548,1bbd065e-8220-11f1-b0da-2389f409459f,5,"[0, 0, 1, 1, 0, 1, 1, 1, 1, 0, 1, 0]",8,1,1,,0.75,12
549,1bbd065e-8220-11f1-b0da-2389f409459f,5,"[0, 0, 1, 1, 0, 1, 1, 1, 1, 0, 1, 0]",9,0,0,,0.75,12
550,1bbd065e-8220-11f1-b0da-2389f409459f,5,"[0, 0, 1, 1, 0, 1, 1, 1, 1, 0, 1, 0]",10,1,1,,0.75,12
551,1bbd065e-8220-11f1-b0da-2389f409459f,5,"[0, 0, 1, 1, 0, 1, 1, 1, 1, 0, 1, 0]",11,0,0,,0.75,12
552,1bbd065e-8220-11f1-b0da-2389f409459f,6,"[0, 0, 0, 1, 1, 1, 1, 0, 1, 1, 1, 1]",0,0,0,,0.75,12
553,1bbd065e-8220-11f1-b0da-2389f409459f,6,"[0, 0, 0, 1, 1, 1, 1, 0, 1, 1, 1, 1]",1,0,0,,0.75,12
554,1bbd065e-8220-11f1-b0da-2389f409459f,6,"[0, 0, 0, 1, 1, 1, 1, 0, 1, 1, 1, 1]",2,0,0,,0.75,12
555,1bbd065e-8220-11f1-b0da-2389f409459f,6,"[0, 0, 0, 1, 1, 1, 1, 0, 1, 1, 1, 1]",3,1,1,,0.75,12
556,1bbd065e-8220-11f1-b0da-2389f409459f,6,"[0, 0, 0, 1, 1, 1, 1, 0, 1, 1, 1, 1]",4,1,1,,0.75,12
557,1bbd065e-8220-11f1-b0da-2389f409459f,6,"[0, 0, 0, 1, 1, 1, 1, 0, 1, 1, 1, 1]",5,1,1,,0.75,12
558,1bbd065e-8220-11f1-b0da-2389f409459f,6,"[0, 0, 0, 1, 1, 1, 1, 0, 1, 1, 1, 1]",6,1,1,,0.75,12
559,1bbd065e-8220-11f1-b0da-2389f409459f,6,"[0, 0, 0, 1, 1, 1, 1, 0, 1, 1, 1, 1]",7,0,0,,0.75,12
560,1bbd065e-8220-11f1-b0da-2389f409459f,6,"[0, 0, 0, 1, 1, 1, 1, 0, 1, 1, 1, 1]",8,1,1,,0.75,12
561,1bbd065e-8220-11f1-b0da-2389f409459f,6,"[0, 0, 0, 1, 1, 1, 1, 0, 1, 1, 1, 1]",9,1,1,,0.75,12
562,1bbd065e-8220-11f1-b0da-2389f409459f,6,"[0, 0, 0, 1, 1, 1, 1, 0, 1, 1, 1, 1]",10,1,1,,0.75,12
563,1bbd065e-8220-11f1-b0da-2389f409459f,6,"[0, 0, 0, 1, 1, 1, 1, 0, 1, 1, 1, 1]",11,1,1,,0.75,12
564,1bbd065e-8220-11f1-b0da-2389f409459f,7,"[1, 0, 0, 1, 0, 0, 1, 0, 1, 1, 1, 1]",0,1,1,,0.75,12
565,1bbd065e-8220-11f1-b0da-2389f409459f,7,"[1, 0, 0, 1, 0, 0, 1, 0, 1, 1, 1, 1]",1,0,0,,0.75,12
566,1bbd065e-8220-11f1-b0da-2389f409459f,7,"[1, 0, 0, 1, 0, 0, 1, 0, 1, 1, 1, 1]",2,0,0,,0.75,12
567,1bbd065e-8220-11f1-b0da-2389f409459f,7,"[1, 0, 0, 1, 0, 0, 1, 0, 1, 1, 1, 1]",3,1,1,,0.75,12
568,1bbd065e-8220-11f1-b0da-2389f409459f,7,"[1, 0, 0, 1, 0, 0, 1, 0, 1, 1, 1, 1]",4,0,0,,0.75,12
569,1bbd065e-8220-11f1-b0da-2389f409459f,7,"[1, 0, 0, 1, 0, 0, 1, 0, 1, 1, 1, 1]",5,0,0,,0.75,12
570,1bbd065e-8220-11f1-b0da-2389f409459f,7,"[1, 0, 0, 1, 0, 0, 1, 0, 1, 1, 1, 1]",6,1,1,,0.75,12
571,1bbd065e-8220-11f1-b0da-2389f409459f,7,"[1, 0, 0, 1, 0, 0, 1, 0, 1, 1, 1, 1]",7,0,0,,0.75,12
572,1bbd065e-8220-11f1-b0da-2389f409459f,7,"[1, 0, 0, 1, 0, 0, 1, 0, 1, 1, 1, 1]",8,1,1,,0.75,12
573,1bbd065e-8220-11f1-b0da-2389f409459f,7,"[1, 0, 0, 1, 0, 0, 1, 0, 1, 1, 1, 1]",9,1,1,,0.75,12
574,1bbd065e-8220-11f1-b0da-2389f409459f,7,"[1, 0, 0, 1, 0, 0, 1, 0, 1, 1, 1, 1]",10,1,1,,0.75,12
575,1bbd065e-8220-11f1-b0da-2389f409459f,7,"[1, 0, 0, 1, 0, 0, 1, 0, 1, 1, 1, 1]",11,1,1,,0.75,12
576,1bbd065e-8220-11f1-b0da-2389f409459f,8,"[0, 0, 1, 1, 0, 1, 1, 1, 0, 1, 0, 0]",0,0,0,,0.75,12
577,1bbd065e-8220-11f1-b0da-2389f409459f,8,"[0, 0, 1, 1, 0, 1, 1, 1, 0, 1, 0, 0]",1,0,0,,0.75,12
578,1bbd065e-8220-11f1-b0da-2389f409459f,8,"[0, 0, 1, 1, 0, 1, 1, 1, 0, 1, 0, 0]",2,1,1,,0.75,12
579,1bbd065e-8220-11f1-b0da-2389f409459f,8,"[0, 0, 1, 1, 0, 1, 1, 1, 0, 1, 0, 0]",3,1,1,,0.75,12
580,1bbd065e-8220-11f1-b0da-2389f409459f,8,"[0, 0, 1, 1, 0, 1, 1, 1, 0, 1, 0, 0]",4,0,0,,0.75,12
581,1bbd065e-8220-11f1-b0da-2389f409459f,8,"[0, 0, 1, 1, 0, 1, 1, 1, 0, 1, 0, 0]",5,1,1,,0.75,12
582,1bbd065e-8220-11f1-b0da-2389f409459f,8,"[0, 0, 1, 1, 0, 1, 1, 1, 0, 1, 0, 0]",6,1,1,,0.75,12
583,1bbd065e-8220-11f1-b0da-2389f409459f,8,"[0, 0, 1, 1, 0, 1, 1, 1, 0, 1, 0, 0]",7,1,1,,0.75,12
584,1bbd065e-8220-11f1-b0da-2389f409459f,8,"[0, 0, 1, 1, 0, 1, 1, 1, 0, 1, 0, 0]",8,0,0,,0.75,12
585,1bbd065e-8220-11f1-b0da-2389f409459f,8,"[0, 0, 1, 1, 0, 1, 1, 1, 0, 1, 0, 0]",9,1,1,,0.75,12
586,1bbd065e-8220-11f1-b0da-2389f409459f,8,"[0, 0, 1, 1, 0, 1, 1, 1, 0, 1, 0, 0]",10,0,0,,0.75,12
587,1bbd065e-8220-11f1-b0da-2389f409459f,8,"[0, 0, 1, 1, 0, 1, 1, 1, 0, 1, 0, 0]",11,0,0,,0.75,12
588,1bbd065e-8220-11f1-b0da-2389f409459f,9,"[0, 0, 1, 1, 0, 1, 0, 0, 0, 0, 0, 1]",0,0,0,,0.75,12
589,1bbd065e-8220-11f1-b0da-2389f409459f,9,"[0, 0, 1, 1, 0, 1, 0, 0, 0, 0, 0, 1]",1,0,0,,0.75,12
590,1bbd065e-8220-11f1-b0da-2389f409459f,9,"[0, 0, 1, 1, 0, 1, 0, 0, 0, 0, 0, 1]",2,1,1,,0.75,12
591,1bbd065e-8220-11f1-b0da-2389f409459f,9,"[0, 0, 1, 1, 0, 1, 0, 0, 0, 0, 0, 1]",3,1,1,,0.75,12
592,1bbd065e-8220-11f1-b0da-2389f409459f,9,"[0, 0, 1, 1, 0, 1, 0, 0, 0, 0, 0, 1]",4,0,0,,0.75,12
593,1bbd065e-8220-11f1-b0da-2389f409459f,9,"[0, 0, 1, 1, 0, 1, 0, 0, 0, 0, 0, 1]",5,1,1,,0.75,12
594,1bbd065e-8220-11f1-b0da-2389f409459f,9,"[0, 0, 1, 1, 0, 1, 0, 0, 0, 0, 0, 1]",6,0,0,,0.75,12
595,1bbd065e-8220-11f1-b0da-2389f409459f,9,"[0, 0, 1, 1, 0, 1, 0, 0, 0, 0, 0, 1]",7,0,0,,0.75,12
596,1bbd065e-8220-11f1-b0da-2389f409459f,9,"[0, 0, 1, 1, 0, 1, 0, 0, 0, 0, 0, 1]",8,0,0,,0.75,12
597,1bbd065e-8220-11f1-b0da-2389f409459f,9,"[0, 0, 1, 1, 0, 1, 0, 0, 0, 0, 0, 1]",9,0,0,,0.75,12
598,1bbd065e-8220-11f1-b0da-2389f409459f,9,"[0, 0, 1, 1, 0, 1, 0, 0, 0, 0, 0, 1]",10,0,0,,0.75,12
599,1bbd065e-8220-11f1-b0da-2389f409459f,9,"[0, 0, 1, 1, 0, 1, 0, 0, 0, 0, 0, 1]",11,1,1,,0.75,12
600,1bbe6f1c-8220-11f1-b0da-2389f409459f,0,"[1, 0, 1, 0, 0, 1, 0, 0, 0, 1, 1, 0]",0,1,1,,0.75,12
601,1bbe6f1c-8220-11f1-b0da-2389f409459f,0,"[1, 0, 1, 0, 0, 1, 0, 0, 0, 1, 1, 0]",1,0,0,,0.75,12
602,1bbe6f1c-8220-11f1-b0da-2389f409459f,0,"[1, 0, 1, 0, 0, 1, 0, 0, 0, 1, 1, 0]",2,1,1,,0.75,12
603,1bbe6f1c-8220-11f1-b0da-2389f409459f,0,"[1, 0, 1, 0, 0, 1, 0, 0, 0, 1, 1, 0]",3,0,0,,0.75,12
604,1bbe6f1c-8220-11f1-b0da-2389f409459f,0,"[1, 0, 1, 0, 0, 1, 0, 0, 0, 1, 1, 0]",4,0,0,,0.75,12
605,1bbe6f1c-8220-11f1-b0da-2389f409459f,0,"[1, 0, 1, 0, 0, 1, 0, 0, 0, 1, 1, 0]",5,1,1,,0.75,12
606,1bbe6f1c-8220-11f1-b0da-2389f409459f,0,"[1, 0, 1, 0, 0, 1, 0, 0, 0, 1, 1, 0]",6,0,0,,0.75,12
607,1bbe6f1c-8220-11f1-b0da-2389f409459f,0,"[1, 0, 1, 0, 0, 1, 0, 0, 0, 1, 1, 0]",7,0,0,,0.75,12
608,1bbe6f1c-8220-11f1-b0da-2389f409459f,0,"[1, 0, 1, 0, 0, 1, 0, 0, 0, 1, 1, 0]",8,0,0,,0.75,12
609,1bbe6f1c-8220-11f1-b0da-2389f409459f,0,"[1, 0, 1, 0, 0, 1, 0, 0, 0, 1, 1, 0]",9,1,1,,0.75,12
610,1bbe6f1c-8220-11f1-b0da-2389f409459f,0,"[1, 0, 1, 0, 0, 1, 0, 0, 0, 1, 1, 0]",10,1,1,,0.75,12
611,1bbe6f1c-8220-11f1-b0da-2389f409459f,0,"[1, 0, 1, 0, 0, 1, 0, 0, 0, 1, 1, 0]",11,0,0,,0.75,12
612,1bbe6f1c-8220-11f1-b0da-2389f409459f,1,"[1, 1, 0, 1, 0, 0, 0, 0, 0, 1, 0, 1]",0,1,1,,0.75,12
613,1bbe6f1c-8220-11f1-b0da-2389f409459f,1,"[1, 1, 0, 1, 0, 0, 0, 0, 0, 1, 0, 1]",1,1,1,,0.75,12
614,1bbe6f1c-8220-11f1-b0da-2389f409459f,1,"[1, 1, 0, 1, 0, 0, 0, 0, 0, 1, 0, 1]",2,0,0,,0.75,12
615,1bbe6f1c-8220-11f1-b0da-2389f409459f,1,"[1, 1, 0, 1, 0, 0, 0, 0, 0, 1, 0, 1]",3,1,1,,0.75,12
616,1bbe6f1c-8220-11f1-b0da-2389f409459f,1,"[1, 1, 0, 1, 0, 0, 0, 0, 0, 1, 0, 1]",4,0,0,,0.75,12
617,1bbe6f1c-8220-11f1-b0da-2389f409459f,1,"[1, 1, 0, 1, 0, 0, 0, 0, 0, 1, 0, 1]",5,0,0,,0.75,12
618,1bbe6f1c-8220-11f1-b0da-2389f409459f,1,"[1, 1, 0, 1, 0, 0, 0, 0, 0, 1, 0, 1]",6,0,0,,0.75,12
619,1bbe6f1c-8220-11f1-b0da-2389f409459f,1,"[1, 1, 0, 1, 0, 0, 0, 0, 0, 1, 0, 1]",7,0,0,,0.75,12
620,1bbe6f1c-8220-11f1-b0da-2389f409459f,1,"[1, 1, 0, 1, 0, 0, 0, 0, 0, 1, 0, 1]",8,0,0,,0.75,12
621,1bbe6f1c-8220-11f1-b0da-2389f409459f,1,"[1, 1, 0, 1, 0, 0, 0, 0, 0, 1, 0, 1]",9,1,1,,0.75,12
622,1bbe6f1c-8220-11f1-b0da-2389f409459f,1,"[1, 1, 0, 1, 0, 0, 0, 0, 0, 1, 0, 1]",10,0,0,,0.75,12
623,1bbe6f1c-8220-11f1-b0da-2389f409459f,1,"[1, 1, 0, 1, 0, 0, 0, 0, 0, 1, 0, 1]",11,1,1,,0.75,12
624,1bbe6f1c-8220-11f1-b0da-2389f409459f,2,"[0, 0, 0, 1, 1, 0, 0, 1, 0, 1, 1, 1]",0,0,0,,0.75,12
625,1bbe6f1c-8220-11f1-b0da-2389f409459f,2,"[0, 0, 0, 1, 1, 0, 0, 1, 0, 1, 1, 1]",1,0,0,,0.75,12
626,1bbe6f1c-8220-11f1-b0da-2389f409459f,2,"[0, 0, 0, 1, 1, 0, 0, 1, 0, 1, 1, 1]",2,0,0,,0.75,12
627,1bbe6f1c-8220-11f1-b0da-2389f409459f,2,"[0, 0, 0, 1, 1, 0, 0, 1, 0, 1, 1, 1]",3,1,1,,0.75,12
628,1bbe6f1c-8220-11f1-b0da-2389f409459f,2,"[0, 0, 0, 1, 1, 0, 0, 1, 0, 1, 1, 1]",4,1,1,,0.75,12
629,1bbe6f1c-8220-11f1-b0da-2389f409459f,2,"[0, 0, 0, 1, 1, 0, 0, 1, 0, 1, 1, 1]",5,0,0,,0.75,12
630,1bbe6f1c-8220-11f1-b0da-2389f409459f,2,"[0, 0, 0, 1, 1, 0, 0, 1, 0, 1, 1, 1]",6,0,0,,0.75,12
631,1bbe6f1c-8220-11f1-b0da-2389f409459f,2,"[0, 0, 0, 1, 1, 0, 0, 1, 0, 1, 1, 1]",7,1,1,,0.75,12
632,1bbe6f1c-8220-11f1-b0da-2389f409459f,2,"[0, 0, 0, 1, 1, 0, 0, 1, 0, 1, 1, 1]",8,0,0,,0.75,12
633,1bbe6f1c-8220-11f1-b0da-2389f409459f,2,"[0, 0, 0, 1, 1, 0, 0, 1, 0, 1, 1, 1]",9,1,1,,0.75,12
634,1bbe6f1c-8220-11f1-b0da-2389f409459f,2,"[0, 0, 0, 1, 1, 0, 0, 1, 0, 1, 1, 1]",10,1,1,,0.75,12
635,1bbe6f1c-8220-11f1-b0da-2389f409459f,2,"[0, 0, 0, 1, 1, 0, 0, 1, 0, 1, 1, 1]",11,1,1,,0.75,12
636,1bbe6f1c-8220-11f1-b0da-2389f409459f,3,"[0, 1, 1, 0, 0, 1, 0, 0, 0, 1, 1, 1]",0,0,0,,0.75,12
637,1bbe6f1c-8220-11f1-b0da-2389f409459f,3,"[0, 1, 1, 0, 0, 1, 0, 0, 0, 1, 1, 1]",1,1,1,,0.75,12
638,1bbe6f1c-8220-11f1-b0da-2389f409459f,3,"[0, 1, 1, 0, 0, 1, 0, 0, 0, 1, 1, 1]",2,1,1,,0.75,12
639,1bbe6f1c-8220-11f1-b0da-2389f409459f,3,"[0, 1, 1, 0, 0, 1, 0, 0, 0, 1, 1, 1]",3,0,0,,0.75,12
640,1bbe6f1c-8220-11f1-b0da-2389f409459f,3,"[0, 1, 1, 0, 0, 1, 0, 0, 0, 1, 1, 1]",4,0,0,,0.75,12
641,1bbe6f1c-8220-11f1-b0da-2389f409459f,3,"[0, 1, 1, 0, 0, 1, 0, 0, 0, 1, 1, 1]",5,1,1,,0.75,12
642,1bbe6f1c-8220-11f1-b0da-2389f409459f,3,"[0, 1, 1, 0, 0, 1, 0, 0, 0, 1, 1, 1]",6,0,0,,0.75,12
643,1bbe6f1c-8220-11f1-b0da-2389f409459f,3,"[0, 1, 1, 0, 0, 1, 0, 0, 0, 1, 1, 1]",7,0,0,,0.75,12
644,1bbe6f1c-8220-11f1-b0da-2389f409459f,3,"[0, 1, 1, 0, 0, 1, 0, 0, 0, 1, 1, 1]",8,0,0,,0.75,12
645,1bbe6f1c-8220-11f1-b0da-2389f409459f,3,"[0, 1, 1, 0, 0, 1, 0, 0, 0, 1, 1, 1]",9,1,1,,0.75,12
646,1bbe6f1c-8220-11f1-b0da-2389f409459f,3,"[0, 1, 1, 0, 0, 1, 0, 0, 0, 1, 1, 1]",10,1,1,,0.75,12
647,1bbe6f1c-8220-11f1-b0da-2389f409459f,3,"[0, 1, 1, 0, 0, 1, 0, 0, 0, 1, 1, 1]",11,1,1,,0.75,12
648,1bbe6f1c-8220-11f1-b0da-2389f409459f,4,"[1, 1, 1, 1, 0, 1, 0, 1, 0, 1, 1, 1]",0,1,1,,0.75,12
649,1bbe6f1c-8220-11f1-b0da-2389f409459f,4,"[1, 1, 1, 1, 0, 1, 0, 1, 0, 1, 1, 1]",1,1,1,,0.75,12
650,1bbe6f1c-8220-11f1-b0da-2389f409459f,4,"[1, 1, 1, 1, 0, 1, 0, 1, 0, 1, 1, 1]",2,1,1,,0.75,12
651,1bbe6f1c-8220-11f1-b0da-2389f409459f,4,"[1, 1, 1, 1, 0, 1, 0, 1, 0, 1, 1, 1]",3,1,1,,0.75,12
652,1bbe6f1c-8220-11f1-b0da-2389f409459f,4,"[1, 1, 1, 1, 0, 1, 0, 1, 0, 1, 1, 1]",4,0,0,,0.75,12
653,1bbe6f1c-8220-11f1-b0da-2389f409459f,4,"[1, 1, 1, 1, 0, 1, 0, 1, 0, 1, 1, 1]",5,1,1,,0.75,12
654,1bbe6f1c-8220-11f1-b0da-2389f409459f,4,"[1, 1, 1, 1, 0, 1, 0, 1, 0, 1, 1, 1]",6,0,0,,0.75,12
655,1bbe6f1c-8220-11f1-b0da-2389f409459f,4,"[1, 1, 1, 1, 0, 1, 0, 1, 0, 1, 1, 1]",7,1,1,,0.75,12
656,1bbe6f1c-8220-11f1-b0da-2389f409459f,4,"[1, 1, 1, 1, 0, 1, 0, 1, 0, 1, 1, 1]",8,0,0,,0.75,12
657,1bbe6f1c-8220-11f1-b0da-2389f409459f,4,"[1, 1, 1, 1, 0, 1, 0, 1, 0, 1, 1, 1]",9,1,1,,0.75,12
658,1bbe6f1c-8220-11f1-b0da-2389f409459f,4,"[1, 1, 1, 1, 0, 1, 0, 1, 0, 1, 1, 1]",10,1,1,,0.75,12
659,1bbe6f1c-8220-11f1-b0da-2389f409459f,4,"[1, 1, 1, 1, 0, 1, 0, 1, 0, 1, 1, 1]",11,1,1,,0.75,12
660,1bbe6f1c-8220-11f1-b0da-2389f409459f,5,"[0, 0, 1, 0, 1, 0, 0, 0, 0, 0, 1, 1]",0,0,0,,0.75,12
661,1bbe6f1c-8220-11f1-b0da-2389f409459f,5,"[0, 0, 1, 0, 1, 0, 0, 0, 0, 0, 1, 1]",1,0,0,,0.75,12
662,1bbe6f1c-8220-11f1-b0da-2389f409459f,5,"[0, 0, 1, 0, 1, 0, 0, 0, 0, 0, 1, 1]",2,1,1,,0.75,12
663,1bbe6f1c-8220-11f1-b0da-2389f409459f,5,"[0, 0, 1, 0, 1, 0, 0, 0, 0, 0, 1, 1]",3,0,0,,0.75,12
664,1bbe6f1c-8220-11f1-b0da-2389f409459f,5,"[0, 0, 1, 0, 1, 0, 0, 0, 0, 0, 1, 1]",4,1,1,,0.75,12
665,1bbe6f1c-8220-11f1-b0da-2389f409459f,5,"[0, 0, 1, 0, 1, 0, 0, 0, 0, 0, 1, 1]",5,0,0,,0.75,12
666,1bbe6f1c-8220-11f1-b0da-2389f409459f,5,"[0, 0, 1, 0, 1, 0, 0, 0, 0, 0, 1, 1]",6,0,0,,0.75,12
667,1bbe6f1c-8220-11f1-b0da-2389f409459f,5,"[0, 0, 1, 0, 1, 0, 0, 0, 0, 0, 1, 1]",7,0,0,,0.75,12
668,1bbe6f1c-8220-11f1-b0da-2389f409459f,5,"[0, 0, 1, 0, 1, 0, 0, 0, 0, 0, 1, 1]",8,0,0,,0.75,12
669,1bbe6f1c-8220-11f1-b0da-2389f409459f,5,"[0, 0, 1, 0, 1, 0, 0, 0, 0, 0, 1, 1]",9,0,0,,0.75,12
670,1bbe6f1c-8220-11f1-b0da-2389f409459f,5,"[0, 0, 1, 0, 1, 0, 0, 0, 0, 0, 1, 1]",10,1,1,,0.75,12
671,1bbe6f1c-8220-11f1-b0da-2389f409459f,5,"[0, 0, 1, 0, 1, 0, 0, 0, 0, 0, 1, 1]",11,1,1,,0.75,12
672,1bbe6f1c-8220-11f1-b0da-2389f409459f,6,"[1, 1, 1, 1, 1, 0, 1, 0, 0, 0, 1, 0]",0,1,1,,0.75,12
673,1bbe6f1c-8220-11f1-b0da-2389f409459f,6,"[1, 1, 1, 1, 1, 0, 1, 0, 0, 0, 1, 0]",1,1,1,,0.75,12
674,1bbe6f1c-8220-11f1-b0da-2389f409459f,6,"[1, 1, 1, 1, 1, 0, 1, 0, 0, 0, 1, 0]",2,1,1,,0.75,12
675,1bbe6f1c-8220-11f1-b0da-2389f409459f,6,"[1, 1, 1, 1, 1, 0, 1, 0, 0, 0, 1, 0]",3,1,1,,0.75,12
676,1bbe6f1c-8220-11f1-b0da-2389f409459f,6,"[1, 1, 1, 1, 1, 0, 1, 0, 0, 0, 1, 0]",4,1,1,,0.75,12
677,1bbe6f1c-8220-11f1-b0da-2389f409459f,6,"[1, 1, 1, 1, 1, 0, 1, 0, 0, 0, 1, 0]",5,0,0,,0.75,12
678,1bbe6f1c-8220-11f1-b0da-2389f409459f,6,"[1, 1, 1, 1, 1, 0, 1, 0, 0, 0, 1, 0]",6,1,1,,0.75,12
679,1bbe6f1c-8220-11f1-b0da-2389f409459f,6,"[1, 1, 1, 1, 1, 0, 1, 0, 0, 0, 1, 0]",7,0,0,,0.75,12
680,1bbe6f1c-8220-11f1-b0da-2389f409459f,6,"[1, 1, 1, 1, 1, 0, 1, 0, 0, 0, 1, 0]",8,0,0,,0.75,12
681,1bbe6f1c-8220-11f1-b0da-2389f409459f,6,"[1, 1, 1, 1, 1, 0, 1, 0, 0, 0, 1, 0]",9,0,0,,0.75,12
682,1bbe6f1c-8220-11f1-b0da-2389f409459f,6,"[1, 1, 1, 1, 1, 0, 1, 0, 0, 0, 1, 0]",10,1,1,,0.75,12
683,1bbe6f1c-8220-11f1-b0da-2389f409459f,6,"[1, 1, 1, 1, 1, 0, 1, 0, 0, 0, 1, 0]",11,0,0,,0.75,12
684,1bbe6f1c-8220-11f1-b0da-2389f409459f,7,"[0, 0, 0, 0, 1, 1, 1, 0, 0, 0, 1, 1]",0,0,0,,0.75,12
685,1bbe6f1c-8220-11f1-b0da-2389f409459f,7,"[0, 0, 0, 0, 1, 1, 1, 0, 0, 0, 1, 1]",1,0,0,,0.75,12
686,1bbe6f1c-8220-11f1-b0da-2389f409459f,7,"[0, 0, 0, 0, 1, 1, 1, 0, 0, 0, 1, 1]",2,0,0,,0.75,12
687,1bbe6f1c-8220-11f1-b0da-2389f409459f,7,"[0, 0, 0, 0, 1, 1, 1, 0, 0, 0, 1, 1]",3,0,0,,0.75,12
688,1bbe6f1c-8220-11f1-b0da-2389f409459f,7,"[0, 0, 0, 0, 1, 1, 1, 0, 0, 0, 1, 1]",4,1,1,,0.75,12
689,1bbe6f1c-8220-11f1-b0da-2389f409459f,7,"[0, 0, 0, 0, 1, 1, 1, 0, 0, 0, 1, 1]",5,1,1,,0.75,12
690,1bbe6f1c-8220-11f1-b0da-2389f409459f,7,"[0, 0, 0, 0, 1, 1, 1, 0, 0, 0, 1, 1]",6,1,1,,0.75,12
691,1bbe6f1c-8220-11f1-b0da-2389f409459f,7,"[0, 0, 0, 0, 1, 1, 1, 0, 0, 0, 1, 1]",7,0,0,,0.75,12
692,1bbe6f1c-8220-11f1-b0da-2389f409459f,7,"[0, 0, 0, 0, 1, 1, 1, 0, 0, 0, 1, 1]",8,0,0,,0.75,12
693,1bbe6f1c-8220-11f1-b0da-2389f409459f,7,"[0, 0, 0, 0, 1, 1, 1, 0, 0, 0, 1, 1]",9,0,0,,0.75,12
694,1bbe6f1c-8220-11f1-b0da-2389f409459f,7,"[0, 0, 0, 0, 1, 1, 1, 0, 0, 0, 1, 1]",10,1,1,,0.75,12
695,1bbe6f1c-8220-11f1-b0da-2389f409459f,7,"[0, 0, 0, 0, 1, 1, 1, 0, 0, 0, 1, 1]",11,1,1,,0.75,12
696,1bbe6f1c-8220-11f1-b0da-2389f409459f,8,"[0, 0, 1, 0, 1, 0, 0, 1, 1, 1, 0, 1]",0,0,0,,0.75,12
697,1bbe6f1c-8220-11f1-b0da-2389f409459f,8,"[0, 0, 1, 0, 1, 0, 0, 1, 1, 1, 0, 1]",1,0,0,,0.75,12
698,1bbe6f1c-8220-11f1-b0da-2389f409459f,8,"[0, 0, 1, 0, 1, 0, 0, 1, 1, 1, 0, 1]",2,1,1,,0.75,12
699,1bbe6f1c-8220-11f1-b0da-2389f409459f,8,"[0, 0, 1, 0, 1, 0, 0, 1, 1, 1, 0, 1]",3,0,0,,0.75,12
700,1bbe6f1c-8220-11f1-b0da-2389f409459f,8,"[0, 0, 1, 0, 1, 0, 0, 1, 1, 1, 0, 1]",4,1,1,,0.75,12
701,1bbe6f1c-8220-11f1-b0da-2389f409459f,8,"[0, 0, 1, 0, 1, 0, 0, 1, 1, 1, 0, 1]",5,0,0,,0.75,12
702,1bbe6f1c-8220-11f1-b0da-2389f409459f,8,"[0, 0, 1, 0, 1, 0, 0, 1, 1, 1, 0, 1]",6,0,0,,0.75,12
703,1bbe6f1c-8220-11f1-b0da-2389f409459f,8,"[0, 0, 1, 0, 1, 0, 0, 1, 1, 1, 0, 1]",7,1,1,,0.75,12
704,1bbe6f1c-8220-11f1-b0da-2389f409459f,8,"[0, 0, 1, 0, 1, 0, 0, 1, 1, 1, 0, 1]",8,1,1,,0.75,12
705,1bbe6f1c-8220-11f1-b0da-2389f409459f,8,"[0, 0, 1, 0, 1, 0, 0, 1, 1, 1, 0, 1]",9,1,1,,0.75,12
706,1bbe6f1c-8220-11f1-b0da-2389f409459f,8,"[0, 0, 1, 0, 1, 0, 0, 1, 1, 1, 0, 1]",10,0,0,,0.75,12
707,1bbe6f1c-8220-11f1-b0da-2389f409459f,8,"[0, 0, 1, 0, 1, 0, 0, 1, 1, 1, 0, 1]",11,1,1,,0.75,12
708,1bbe6f1c-8220-11f1-b0da-2389f409459f,9,"[1, 0, 1, 1, 0, 1, 1, 0, 0, 1, 0, 1]",0,1,1,,0.75,12
709,1bbe6f1c-8220-11f1-b0da-2389f409459f,9,"[1, 0, 1, 1, 0, 1, 1, 0, 0, 1, 0, 1]",1,0,0,,0.75,12
710,1bbe6f1c-8220-11f1-b0da-2389f409459f,9,"[1, 0, 1, 1, 0, 1, 1, 0, 0, 1, 0, 1]",2,1,1,,0.75,12
711,1bbe6f1c-8220-11f1-b0da-2389f409459f,9,"[1, 0, 1, 1, 0, 1, 1, 0, 0, 1, 0, 1]",3,1,1,,0.75,12
712,1bbe6f1c-8220-11f1-b0da-2389f409459f,9,"[1, 0, 1, 1, 0, 1, 1, 0, 0, 1, 0, 1]",4,0,0,,0.75,12
713,1bbe6f1c-8220-11f1-b0da-2389f409459f,9,"[1, 0, 1, 1, 0, 1, 1, 0, 0, 1, 0, 1]",5,1,1,,0.75,12
714,1bbe6f1c-8220-11f1-b0da-2389f409459f,9,"[1, 0, 1, 1, 0, 1, 1, 0, 0, 1, 0, 1]",6,1,1,,0.75,12
715,1bbe6f1c-8220-11f1-b0da-2389f409459f,9,"[1, 0, 1, 1, 0, 1, 1, 0, 0, 1, 0, 1]",7,0,0,,0.75,12
716,1bbe6f1c-8220-11f1-b0da-2389f409459f,9,"[1, 0, 1, 1, 0, 1, 1, 0, 0, 1, 0, 1]",8,0,0,,0.75,12
717,1bbe6f1c-8220-11f1-b0da-2389f409459f,9,"[1, 0, 1, 1, 0, 1, 1, 0, 0, 1, 0, 1]",9,1,1,,0.75,12
718,1bbe6f1c-8220-11f1-b0da-2389f409459f,9,"[1, 0, 1, 1, 0, 1, 1, 0, 0, 1, 0, 1]",10,0,0,,0.75,12
719,1bbe6f1c-8220-11f1-b0da-2389f409459f,9,"[1, 0, 1, 1, 0, 1, 1, 0, 0, 1, 0, 1]",11,1,1,,0.75,12
720,1bbfd6f4-8220-11f1-b0da-2389f409459f,0,"[1, 0, 0, 0, 1, 0, 1, 1, 1, 1, 0, 0]",0,1,1,,0.75,12
721,1bbfd6f4-8220-11f1-b0da-2389f409459f,0,"[1, 0, 0, 0, 1, 0, 1, 1, 1, 1, 0, 0]",1,0,0,,0.75,12
722,1bbfd6f4-8220-11f1-b0da-2389f409459f,0,"[1, 0, 0, 0, 1, 0, 1, 1, 1, 1, 0, 0]",2,0,0,,0.75,12
723,1bbfd6f4-8220-11f1-b0da-2389f409459f,0,"[1, 0, 0, 0, 1, 0, 1, 1, 1, 1, 0, 0]",3,0,0,,0.75,12
724,1bbfd6f4-8220-11f1-b0da-2389f409459f,0,"[1, 0, 0, 0, 1, 0, 1, 1, 1, 1, 0, 0]",4,1,1,,0.75,12
725,1bbfd6f4-8220-11f1-b0da-2389f409459f,0,"[1, 0, 0, 0, 1, 0, 1, 1, 1, 1, 0, 0]",5,0,0,,0.75,12
726,1bbfd6f4-8220-11f1-b0da-2389f409459f,0,"[1, 0, 0, 0, 1, 0, 1, 1, 1, 1, 0, 0]",6,1,1,,0.75,12
727,1bbfd6f4-8220-11f1-b0da-2389f409459f,0,"[1, 0, 0, 0, 1, 0, 1, 1, 1, 1, 0, 0]",7,1,1,,0.75,12
728,1bbfd6f4-8220-11f1-b0da-2389f409459f,0,"[1, 0, 0, 0, 1, 0, 1, 1, 1, 1, 0, 0]",8,1,1,,0.75,12
729,1bbfd6f4-8220-11f1-b0da-2389f409459f,0,"[1, 0, 0, 0, 1, 0, 1, 1, 1, 1, 0, 0]",9,1,1,,0.75,12
730,1bbfd6f4-8220-11f1-b0da-2389f409459f,0,"[1, 0, 0, 0, 1, 0, 1, 1, 1, 1, 0, 0]",10,0,0,,0.75,12
731,1bbfd6f4-8220-11f1-b0da-2389f409459f,0,"[1, 0, 0, 0, 1, 0, 1, 1, 1, 1, 0, 0]",11,0,0,,0.75,12
732,1bbfd6f4-8220-11f1-b0da-2389f409459f,1,"[0, 0, 1, 1, 1, 1, 0, 1, 1, 1, 1, 1]",0,0,0,,0.75,12
733,1bbfd6f4-8220-11f1-b0da-2389f409459f,1,"[0, 0, 1, 1, 1, 1, 0, 1, 1, 1, 1, 1]",1,0,0,,0.75,12
734,1bbfd6f4-8220-11f1-b0da-2389f409459f,1,"[0, 0, 1, 1, 1, 1, 0, 1, 1, 1, 1, 1]",2,1,1,,0.75,12
735,1bbfd6f4-8220-11f1-b0da-2389f409459f,1,"[0, 0, 1, 1, 1, 1, 0, 1, 1, 1, 1, 1]",3,1,1,,0.75,12
736,1bbfd6f4-8220-11f1-b0da-2389f409459f,1,"[0, 0, 1, 1, 1, 1, 0, 1, 1, 1, 1, 1]",4,1,1,,0.75,12
737,1bbfd6f4-8220-11f1-b0da-2389f409459f,1,"[0, 0, 1, 1, 1, 1, 0, 1, 1, 1, 1, 1]",5,1,1,,0.75,12
738,1bbfd6f4-8220-11f1-b0da-2389f409459f,1,"[0, 0, 1, 1, 1, 1, 0, 1, 1, 1, 1, 1]",6,0,0,,0.75,12
739,1bbfd6f4-8220-11f1-b0da-2389f409459f,1,"[0, 0, 1, 1, 1, 1, 0, 1, 1, 1, 1, 1]",7,1,1,,0.75,12
740,1bbfd6f4-8220-11f1-b0da-2389f409459f,1,"[0, 0, 1, 1, 1, 1, 0, 1, 1, 1, 1, 1]",8,1,1,,0.75,12
741,1bbfd6f4-8220-11f1-b0da-2389f409459f,1,"[0, 0, 1, 1, 1, 1, 0, 1, 1, 1, 1, 1]",9,1,1,,0.75,12
742,1bbfd6f4-8220-11f1-b0da-2389f409459f,1,"[0, 0, 1, 1, 1, 1, 0, 1, 1, 1, 1, 1]",10,1,1,,0.75,12
743,1bbfd6f4-8220-11f1-b0da-2389f409459f,1,"[0, 0, 1, 1, 1, 1, 0, 1, 1, 1, 1, 1]",11,1,1,,0.75,12
744,1bbfd6f4-8220-11f1-b0da-2389f409459f,2,"[1, 0, 0, 1, 1, 1, 0, 0, 0, 0, 0, 0]",0,1,1,,0.75,12
745,1bbfd6f4-8220-11f1-b0da-2389f409459f,2,"[1, 0, 0, 1, 1, 1, 0, 0, 0, 0, 0, 0]",1,0,0,,0.75,12
746,1bbfd6f4-8220-11f1-b0da-2389f409459f,2,"[1, 0, 0, 1, 1, 1, 0, 0, 0, 0, 0, 0]",2,0,0,,0.75,12
747,1bbfd6f4-8220-11f1-b0da-2389f409459f,2,"[1, 0, 0, 1, 1, 1, 0, 0, 0, 0, 0, 0]",3,1,1,,0.75,12
748,1bbfd6f4-8220-11f1-b0da-2389f409459f,2,"[1, 0, 0, 1, 1, 1, 0, 0, 0, 0, 0, 0]",4,1,1,,0.75,12
749,1bbfd6f4-8220-11f1-b0da-2389f409459f,2,"[1, 0, 0, 1, 1, 1, 0, 0, 0, 0, 0, 0]",5,1,1,,0.75,12
750,1bbfd6f4-8220-11f1-b0da-2389f409459f,2,"[1, 0, 0, 1, 1, 1, 0, 0, 0, 0, 0, 0]",6,0,0,,0.75,12
751,1bbfd6f4-8220-11f1-b0da-2389f409459f,2,"[1, 0, 0, 1, 1, 1, 0, 0, 0, 0, 0, 0]",7,0,0,,0.75,12
752,1bbfd6f4-8220-11f1-b0da-2389f409459f,2,"[1, 0, 0, 1, 1, 1, 0, 0, 0, 0, 0, 0]",8,0,0,,0.75,12
753,1bbfd6f4-8220-11f1-b0da-2389f409459f,2,"[1, 0, 0, 1, 1, 1, 0, 0, 0, 0, 0, 0]",9,0,0,,0.75,12
754,1bbfd6f4-8220-11f1-b0da-2389f409459f,2,"[1, 0, 0, 1, 1, 1, 0, 0, 0, 0, 0, 0]",10,0,0,,0.75,12
755,1bbfd6f4-8220-11f1-b0da-2389f409459f,2,"[1, 0, 0, 1, 1, 1, 0, 0, 0, 0, 0, 0]",11,0,0,,0.75,12
756,1bbfd6f4-8220-11f1-b0da-2389f409459f,3,"[1, 1, 1, 0, 1, 0, 1, 0, 1, 0, 1, 0]",0,1,1,,0.75,12
757,1bbfd6f4-8220-11f1-b0da-2389f409459f,3,"[1, 1, 1, 0, 1, 0, 1, 0, 1, 0, 1, 0]",1,1,1,,0.75,12
758,1bbfd6f4-8220-11f1-b0da-2389f409459f,3,"[1, 1, 1, 0, 1, 0, 1, 0, 1, 0, 1, 0]",2,1,1,,0.75,12
759,1bbfd6f4-8220-11f1-b0da-2389f409459f,3,"[1, 1, 1, 0, 1, 0, 1, 0, 1, 0, 1, 0]",3,0,0,,0.75,12
760,1bbfd6f4-8220-11f1-b0da-2389f409459f,3,"[1, 1, 1, 0, 1, 0, 1, 0, 1, 0, 1, 0]",4,1,1,,0.75,12
761,1bbfd6f4-8220-11f1-b0da-2389f409459f,3,"[1, 1, 1, 0, 1, 0, 1, 0, 1, 0, 1, 0]",5,0,0,,0.75,12
762,1bbfd6f4-8220-11f1-b0da-2389f409459f,3,"[1, 1, 1, 0, 1, 0, 1, 0, 1, 0, 1, 0]",6,1,1,,0.75,12
763,1bbfd6f4-8220-11f1-b0da-2389f409459f,3,"[1, 1, 1, 0, 1, 0, 1, 0, 1, 0, 1, 0]",7,0,0,,0.75,12
764,1bbfd6f4-8220-11f1-b0da-2389f409459f,3,"[1, 1, 1, 0, 1, 0, 1, 0, 1, 0, 1, 0]",8,1,1,,0.75,12
765,1bbfd6f4-8220-11f1-b0da-2389f409459f,3,"[1, 1, 1, 0, 1, 0, 1, 0, 1, 0, 1, 0]",9,0,0,,0.75,12
766,1bbfd6f4-8220-11f1-b0da-2389f409459f,3,"[1, 1, 1, 0, 1, 0, 1, 0, 1, 0, 1, 0]",10,1,1,,0.75,12
767,1bbfd6f4-8220-11f1-b0da-2389f409459f,3,"[1, 1, 1, 0, 1, 0, 1, 0, 1, 0, 1, 0]",11,0,0,,0.75,12
768,1bbfd6f4-8220-11f1-b0da-2389f409459f,4,"[1, 1, 1, 0, 1, 0, 1, 0, 0, 0, 0, 0]",0,1,1,,0.75,12
769,1bbfd6f4-8220-11f1-b0da-2389f409459f,4,"[1, 1, 1, 0, 1, 0, 1, 0, 0, 0, 0, 0]",1,1,1,,0.75,12
770,1bbfd6f4-8220-11f1-b0da-2389f409459f,4,"[1, 1, 1, 0, 1, 0, 1, 0, 0, 0, 0, 0]",2,1,1,,0.75,12
771,1bbfd6f4-8220-11f1-b0da-2389f409459f,4,"[1, 1, 1, 0, 1, 0, 1, 0, 0, 0, 0, 0]",3,0,0,,0.75,12
772,1bbfd6f4-8220-11f1-b0da-2389f409459f,4,"[1, 1, 1, 0, 1, 0, 1, 0, 0, 0, 0, 0]",4,1,1,,0.75,12
773,1bbfd6f4-8220-11f1-b0da-2389f409459f,4,"[1, 1, 1, 0, 1, 0, 1, 0, 0, 0, 0, 0]",5,0,0,,0.75,12
774,1bbfd6f4-8220-11f1-b0da-2389f409459f,4,"[1, 1, 1, 0, 1, 0, 1, 0, 0, 0, 0, 0]",6,1,1,,0.75,12
775,1bbfd6f4-8220-11f1-b0da-2389f409459f,4,"[1, 1, 1, 0, 1, 0, 1, 0, 0, 0, 0, 0]",7,0,0,,0.75,12
776,1bbfd6f4-8220-11f1-b0da-2389f409459f,4,"[1, 1, 1, 0, 1, 0, 1, 0, 0, 0, 0, 0]",8,0,0,,0.75,12
777,1bbfd6f4-8220-11f1-b0da-2389f409459f,4,"[1, 1, 1, 0, 1, 0, 1, 0, 0, 0, 0, 0]",9,0,0,,0.75,12
778,1bbfd6f4-8220-11f1-b0da-2389f409459f,4,"[1, 1, 1, 0, 1, 0, 1, 0, 0, 0, 0, 0]",10,0,0,,0.75,12
779,1bbfd6f4-8220-11f1-b0da-2389f409459f,4,"[1, 1, 1, 0, 1, 0, 1, 0, 0, 0, 0, 0]",11,0,0,,0.75,12
780,1bbfd6f4-8220-11f1-b0da-2389f409459f,5,"[0, 1, 0, 1, 0, 0, 1, 1, 0, 1, 1, 1]",0,0,0,,0.75,12
781,1bbfd6f4-8220-11f1-b0da-2389f409459f,5,"[0, 1, 0, 1, 0, 0, 1, 1, 0, 1, 1, 1]",1,1,1,,0.75,12
782,1bbfd6f4-8220-11f1-b0da-2389f409459f,5,"[0, 1, 0, 1, 0, 0, 1, 1, 0, 1, 1, 1]",2,0,0,,0.75,12
783,1bbfd6f4-8220-11f1-b0da-2389f409459f,5,"[0, 1, 0, 1, 0, 0, 1, 1, 0, 1, 1, 1]",3,1,1,,0.75,12
784,1bbfd6f4-8220-11f1-b0da-2389f409459f,5,"[0, 1, 0, 1, 0, 0, 1, 1, 0, 1, 1, 1]",4,0,0,,0.75,12
785,1bbfd6f4-8220-11f1-b0da-2389f409459f,5,"[0, 1, 0, 1, 0, 0, 1, 1, 0, 1, 1, 1]",5,0,0,,0.75,12
786,1bbfd6f4-8220-11f1-b0da-2389f409459f,5,"[0, 1, 0, 1, 0, 0, 1, 1, 0, 1, 1, 1]",6,1,1,,0.75,12
787,1bbfd6f4-8220-11f1-b0da-2389f409459f,5,"[0, 1, 0, 1, 0, 0, 1, 1, 0, 1, 1, 1]",7,1,1,,0.75,12
788,1bbfd6f4-8220-11f1-b0da-2389f409459f,5,"[0, 1, 0, 1, 0, 0, 1, 1, 0, 1, 1, 1]",8,0,0,,0.75,12
789,1bbfd6f4-8220-11f1-b0da-2389f409459f,5,"[0, 1, 0, 1, 0, 0, 1, 1, 0, 1, 1, 1]",9,1,1,,0.75,12
790,1bbfd6f4-8220-11f1-b0da-2389f409459f,5,"[0, 1, 0, 1, 0, 0, 1, 1, 0, 1, 1, 1]",10,1,1,,0.75,12
791,1bbfd6f4-8220-11f1-b0da-2389f409459f,5,"[0, 1, 0, 1, 0, 0, 1, 1, 0, 1, 1, 1]",11,1,1,,0.75,12
792,1bbfd6f4-8220-11f1-b0da-2389f409459f,6,"[0, 0, 1, 1, 1, 1, 1, 0, 0, 0, 1, 0]",0,0,0,,0.75,12
793,1bbfd6f4-8220-11f1-b0da-2389f409459f,6,"[0, 0, 1, 1, 1, 1, 1, 0, 0, 0, 1, 0]",1,0,0,,0.75,12
794,1bbfd6f4-8220-11f1-b0da-2389f409459f,6,"[0, 0, 1, 1, 1, 1, 1, 0, 0, 0, 1, 0]",2,1,1,,0.75,12
795,1bbfd6f4-8220-11f1-b0da-2389f409459f,6,"[0, 0, 1, 1, 1, 1, 1, 0, 0, 0, 1, 0]",3,1,1,,0.75,12
796,1bbfd6f4-8220-11f1-b0da-2389f409459f,6,"[0, 0, 1, 1, 1, 1, 1, 0, 0, 0, 1, 0]",4,1,1,,0.75,12
797,1bbfd6f4-8220-11f1-b0da-2389f409459f,6,"[0, 0, 1, 1, 1, 1, 1, 0, 0, 0, 1, 0]",5,1,1,,0.75,12
798,1bbfd6f4-8220-11f1-b0da-2389f409459f,6,"[0, 0, 1, 1, 1, 1, 1, 0, 0, 0, 1, 0]",6,1,1,,0.75,12
799,1bbfd6f4-8220-11f1-b0da-2389f409459f,6,"[0, 0, 1, 1, 1, 1, 1, 0, 0, 0, 1, 0]",7,0,0,,0.75,12
800,1bbfd6f4-8220-11f1-b0da-2389f409459f,6,"[0, 0, 1, 1, 1, 1, 1, 0, 0, 0, 1, 0]",8,0,0,,0.75,12
801,1bbfd6f4-8220-11f1-b0da-2389f409459f,6,"[0, 0, 1, 1, 1, 1, 1, 0, 0, 0, 1, 0]",9,0,0,,0.75,12
802,1bbfd6f4-8220-11f1-b0da-2389f409459f,6,"[0, 0, 1, 1, 1, 1, 1, 0, 0, 0, 1, 0]",10,1,1,,0.75,12
803,1bbfd6f4-8220-11f1-b0da-2389f409459f,6,"[0, 0, 1, 1, 1, 1, 1, 0, 0, 0, 1, 0]",11,0,0,,0.75,12
804,1bbfd6f4-8220-11f1-b0da-2389f409459f,7,"[1, 0, 0, 1, 1, 0, 0, 1, 1, 0, 0, 1]",0,1,1,,0.75,12
805,1bbfd6f4-8220-11f1-b0da-2389f409459f,7,"[1, 0, 0, 1, 1, 0, 0, 1, 1, 0, 0, 1]",1,0,0,,0.75,12
806,1bbfd6f4-8220-11f1-b0da-2389f409459f,7,"[1, 0, 0, 1, 1, 0, 0, 1, 1, 0, 0, 1]",2,0,0,,0.75,12
807,1bbfd6f4-8220-11f1-b0da-2389f409459f,7,"[1, 0, 0, 1, 1, 0, 0, 1, 1, 0, 0, 1]",3,1,1,,0.75,12
808,1bbfd6f4-8220-11f1-b0da-2389f409459f,7,"[1, 0, 0, 1, 1, 0, 0, 1, 1, 0, 0, 1]",4,1,1,,0.75,12
809,1bbfd6f4-8220-11f1-b0da-2389f409459f,7,"[1, 0, 0, 1, 1, 0, 0, 1, 1, 0, 0, 1]",5,0,0,,0.75,12
810,1bbfd6f4-8220-11f1-b0da-2389f409459f,7,"[1, 0, 0, 1, 1, 0, 0, 1, 1, 0, 0, 1]",6,0,0,,0.75,12
811,1bbfd6f4-8220-11f1-b0da-2389f409459f,7,"[1, 0, 0, 1, 1, 0, 0, 1, 1, 0, 0, 1]",7,1,1,,0.75,12
812,1bbfd6f4-8220-11f1-b0da-2389f409459f,7,"[1, 0, 0, 1, 1, 0, 0, 1, 1, 0, 0, 1]",8,1,1,,0.75,12
813,1bbfd6f4-8220-11f1-b0da-2389f409459f,7,"[1, 0, 0, 1, 1, 0, 0, 1, 1, 0, 0, 1]",9,0,0,,0.75,12
814,1bbfd6f4-8220-11f1-b0da-2389f409459f,7,"[1, 0, 0, 1, 1, 0, 0, 1, 1, 0, 0, 1]",10,0,0,,0.75,12
815,1bbfd6f4-8220-11f1-b0da-2389f409459f,7,"[1, 0, 0, 1, 1, 0, 0, 1, 1, 0, 0, 1]",11,1,1,,0.75,12
816,1bbfd6f4-8220-11f1-b0da-2389f409459f,8,"[0, 1, 1, 1, 1, 0, 1, 0, 1, 0, 1, 1]",0,0,0,,0.75,12
817,1bbfd6f4-8220-11f1-b0da-2389f409459f,8,"[0, 1, 1, 1, 1, 0, 1, 0, 1, 0, 1, 1]",1,1,1,,0.75,12
818,1bbfd6f4-8220-11f1-b0da-2389f409459f,8,"[0, 1, 1, 1, 1, 0, 1, 0, 1, 0, 1, 1]",2,1,1,,0.75,12
819,1bbfd6f4-8220-11f1-b0da-2389f409459f,8,"[0, 1, 1, 1, 1, 0, 1, 0, 1, 0, 1, 1]",3,1,1,,0.75,12
820,1bbfd6f4-8220-11f1-b0da-2389f409459f,8,"[0, 1, 1, 1, 1, 0, 1, 0, 1, 0, 1, 1]",4,1,1,,0.75,12
821,1bbfd6f4-8220-11f1-b0da-2389f409459f,8,"[0, 1, 1, 1, 1, 0, 1, 0, 1, 0, 1, 1]",5,0,0,,0.75,12
822,1bbfd6f4-8220-11f1-b0da-2389f409459f,8,"[0, 1, 1, 1, 1, 0, 1, 0, 1, 0, 1, 1]",6,1,1,,0.75,12
823,1bbfd6f4-8220-11f1-b0da-2389f409459f,8,"[0, 1, 1, 1, 1, 0, 1, 0, 1, 0, 1, 1]",7,0,0,,0.75,12
824,1bbfd6f4-8220-11f1-b0da-2389f409459f,8,"[0, 1, 1, 1, 1, 0, 1, 0, 1, 0, 1, 1]",8,1,1,,0.75,12
825,1bbfd6f4-8220-11f1-b0da-2389f409459f,8,"[0, 1, 1, 1, 1, 0, 1, 0, 1, 0, 1, 1]",9,0,0,,0.75,12
826,1bbfd6f4-8220-11f1-b0da-2389f409459f,8,"[0, 1, 1, 1, 1, 0, 1, 0, 1, 0, 1, 1]",10,1,1,,0.75,12
827,1bbfd6f4-8220-11f1-b0da-2389f409459f,8,"[0, 1, 1, 1, 1, 0, 1, 0, 1, 0, 1, 1]",11,1,1,,0.75,12
828,1bbfd6f4-8220-11f1-b0da-2389f409459f,9,"[1, 0, 0, 1, 1, 0, 0, 0, 1, 0, 1, 0]",0,1,1,,0.75,12
829,1bbfd6f4-8220-11f1-b0da-2389f409459f,9,"[1, 0, 0, 1, 1, 0, 0, 0, 1, 0, 1, 0]",1,0,0,,0.75,12
830,1bbfd6f4-8220-11f1-b0da-2389f409459f,9,"[1, 0, 0, 1, 1, 0, 0, 0, 1, 0, 1, 0]",2,0,0,,0.75,12
831,1bbfd6f4-8220-11f1-b0da-2389f409459f,9,"[1, 0, 0, 1, 1, 0, 0, 0, 1, 0, 1, 0]",3,1,1,,0.75,12
832,1bbfd6f4-8220-11f1-b0da-2389f409459f,9,"[1, 0, 0, 1, 1, 0, 0, 0, 1, 0, 1, 0]",4,1,1,,0.75,12
833,1bbfd6f4-8220-11f1-b0da-2389f409459f,9,"[1, 0, 0, 1, 1, 0, 0, 0, 1, 0, 1, 0]",5,0,0,,0.75,12
834,1bbfd6f4-8220-11f1-b0da-2389f409459f,9,"[1, 0, 0, 1, 1, 0, 0, 0, 1, 0, 1, 0]",6,0,0,,0.75,12
835,1bbfd6f4-8220-11f1-b0da-2389f409459f,9,"[1, 0, 0, 1, 1, 0, 0, 0, 1, 0, 1, 0]",7,0,0,,0.75,12
836,1bbfd6f4-8220-11f1-b0da-2389f409459f,9,"[1, 0, 0, 1, 1, 0, 0, 0, 1, 0, 1, 0]",8,1,1,,0.75,12
837,1bbfd6f4-8220-11f1-b0da-2389f409459f,9,"[1, 0, 0, 1, 1, 0, 0, 0, 1, 0, 1, 0]",9,0,0,,0.75,12
838,1bbfd6f4-8220-11f1-b0da-2389f409459f,9,"[1, 0, 0, 1, 1, 0, 0, 0, 1, 0, 1, 0]",10,1,1,,0.75,12
839,1bbfd6f4-8220-11f1-b0da-2389f409459f,9,"[1, 0, 0, 1, 1, 0, 0, 0, 1, 0, 1, 0]",11,0,0,,0.75,12
840,1bc3b274-8220-11f1-b0da-2389f409459f,0,"[0, 0, 1, 0, 1, 0, 0, 1, 1, 1, 0, 0]",0,0,0,,0.75,12
841,1bc3b274-8220-11f1-b0da-2389f409459f,0,"[0, 0, 1, 0, 1, 0, 0, 1, 1, 1, 0, 0]",1,0,0,,0.75,12
842,1bc3b274-8220-11f1-b0da-2389f409459f,0,"[0, 0, 1, 0, 1, 0, 0, 1, 1, 1, 0, 0]",2,1,1,,0.75,12
843,1bc3b274-8220-11f1-b0da-2389f409459f,0,"[0, 0, 1, 0, 1, 0, 0, 1, 1, 1, 0, 0]",3,0,0,,0.75,12
844,1bc3b274-8220-11f1-b0da-2389f409459f,0,"[0, 0, 1, 0, 1, 0, 0, 1, 1, 1, 0, 0]",4,1,1,,0.75,12
845,1bc3b274-8220-11f1-b0da-2389f409459f,0,"[0, 0, 1, 0, 1, 0, 0, 1, 1, 1, 0, 0]",5,0,0,,0.75,12
846,1bc3b274-8220-11f1-b0da-2389f409459f,0,"[0, 0, 1, 0, 1, 0, 0, 1, 1, 1, 0, 0]",6,0,0,,0.75,12
847,1bc3b274-8220-11f1-b0da-2389f409459f,0,"[0, 0, 1, 0, 1, 0, 0, 1, 1, 1, 0, 0]",7,1,1,,0.75,12
848,1bc3b274-8220-11f1-b0da-2389f409459f,0,"[0, 0, 1, 0, 1, 0, 0, 1, 1, 1, 0, 0]",8,1,1,,0.75,12
849,1bc3b274-8220-11f1-b0da-2389f409459f,0,"[0, 0, 1, 0, 1, 0, 0, 1, 1, 1, 0, 0]",9,1,1,,0.75,12
850,1bc3b274-8220-11f1-b0da-2389f409459f,0,"[0, 0, 1, 0, 1, 0, 0, 1, 1, 1, 0, 0]",10,0,0,,0.75,12
851,1bc3b274-8220-11f1-b0da-2389f409459f,0,"[0, 0, 1, 0, 1, 0, 0, 1, 1, 1, 0, 0]",11,0,0,,0.75,12
852,1bc3b274-8220-11f1-b0da-2389f409459f,1,"[1, 1, 0, 0, 1, 1, 1, 0, 1, 1, 1, 0]",0,1,1,,0.75,12
853,1bc3b274-8220-11f1-b0da-2389f409459f,1,"[1, 1, 0, 0, 1, 1, 1, 0, 1, 1, 1, 0]",1,1,1,,0.75,12
854,1bc3b274-8220-11f1-b0da-2389f409459f,1,"[1, 1, 0, 0, 1, 1, 1, 0, 1, 1, 1, 0]",2,0,0,,0.75,12
855,1bc3b274-8220-11f1-b0da-2389f409459f,1,"[1, 1, 0, 0, 1, 1, 1, 0, 1, 1, 1, 0]",3,0,0,,0.75,12
856,1bc3b274-8220-11f1-b0da-2389f409459f,1,"[1, 1, 0, 0, 1, 1, 1, 0, 1, 1, 1, 0]",4,1,1,,0.75,12
857,1bc3b274-8220-11f1-b0da-2389f409459f,1,"[1, 1, 0, 0, 1, 1, 1, 0, 1, 1, 1, 0]",5,1,1,,0.75,12
858,1bc3b274-8220-11f1-b0da-2389f409459f,1,"[1, 1, 0, 0, 1, 1, 1, 0, 1, 1, 1, 0]",6,1,1,,0.75,12
859,1bc3b274-8220-11f1-b0da-2389f409459f,1,"[1, 1, 0, 0, 1, 1, 1, 0, 1, 1, 1, 0]",7,0,0,,0.75,12
860,1bc3b274-8220-11f1-b0da-2389f409459f,1,"[1, 1, 0, 0, 1, 1, 1, 0, 1, 1, 1, 0]",8,1,1,,0.75,12
861,1bc3b274-8220-11f1-b0da-2389f409459f,1,"[1, 1, 0, 0, 1, 1, 1, 0, 1, 1, 1, 0]",9,1,1,,0.75,12
862,1bc3b274-8220-11f1-b0da-2389f409459f,1,"[1, 1, 0, 0, 1, 1, 1, 0, 1, 1, 1, 0]",10,1,1,,0.75,12
863,1bc3b274-8220-11f1-b0da-2389f409459f,1,"[1, 1, 0, 0, 1, 1, 1, 0, 1, 1, 1, 0]",11,0,0,,0.75,12
864,1bc3b274-8220-11f1-b0da-2389f409459f,2,"[1, 1, 0, 0, 0, 1, 1, 1, 1, 0, 1, 1]",0,1,1,,0.75,12
865,1bc3b274-8220-11f1-b0da-2389f409459f,2,"[1, 1, 0, 0, 0, 1, 1, 1, 1, 0, 1, 1]",1,1,1,,0.75,12
866,1bc3b274-8220-11f1-b0da-2389f409459f,2,"[1, 1, 0, 0, 0, 1, 1, 1, 1, 0, 1, 1]",2,0,0,,0.75,12
867,1bc3b274-8220-11f1-b0da-2389f409459f,2,"[1, 1, 0, 0, 0, 1, 1, 1, 1, 0, 1, 1]",3,0,0,,0.75,12
868,1bc3b274-8220-11f1-b0da-2389f409459f,2,"[1, 1, 0, 0, 0, 1, 1, 1, 1, 0, 1, 1]",4,0,0,,0.75,12
869,1bc3b274-8220-11f1-b0da-2389f409459f,2,"[1, 1, 0, 0, 0, 1, 1, 1, 1, 0, 1, 1]",5,1,1,,0.75,12
870,1bc3b274-8220-11f1-b0da-2389f409459f,2,"[1, 1, 0, 0, 0, 1, 1, 1, 1, 0, 1, 1]",6,1,1,,0.75,12
871,1bc3b274-8220-11f1-b0da-2389f409459f,2,"[1, 1, 0, 0, 0, 1, 1, 1, 1, 0, 1, 1]",7,1,1,,0.75,12
872,1bc3b274-8220-11f1-b0da-2389f409459f,2,"[1, 1, 0, 0, 0, 1, 1, 1, 1, 0, 1, 1]",8,1,1,,0.75,12
873,1bc3b274-8220-11f1-b0da-2389f409459f,2,"[1, 1, 0, 0, 0, 1, 1, 1, 1, 0, 1, 1]",9,0,0,,0.75,12
874,1bc3b274-8220-11f1-b0da-2389f409459f,2,"[1, 1, 0, 0, 0, 1, 1, 1, 1, 0, 1, 1]",10,1,1,,0.75,12
875,1bc3b274-8220-11f1-b0da-2389f409459f,2,"[1, 1, 0, 0, 0, 1, 1, 1, 1, 0, 1, 1]",11,1,1,,0.75,12
876,1bc3b274-8220-11f1-b0da-2389f409459f,3,"[1, 0, 1, 0, 1, 0, 0, 1, 0, 0, 1, 1]",0,1,1,,0.75,12
877,1bc3b274-8220-11f1-b0da-2389f409459f,3,"[1, 0, 1, 0, 1, 0, 0, 1, 0, 0, 1, 1]",1,0,0,,0.75,12
878,1bc3b274-8220-11f1-b0da-2389f409459f,3,"[1, 0, 1, 0, 1, 0, 0, 1, 0, 0, 1, 1]",2,1,1,,0.75,12
879,1bc3b274-8220-11f1-b0da-2389f409459f,3,"[1, 0, 1, 0, 1, 0, 0, 1, 0, 0, 1, 1]",3,0,0,,0.75,12
880,1bc3b274-8220-11f1-b0da-2389f409459f,3,"[1, 0, 1, 0, 1, 0, 0, 1, 0, 0, 1, 1]",4,1,1,,0.75,12
881,1bc3b274-8220-11f1-b0da-2389f409459f,3,"[1, 0, 1, 0, 1, 0, 0, 1, 0, 0, 1, 1]",5,0,0,,0.75,12
882,1bc3b274-8220-11f1-b0da-2389f409459f,3,"[1, 0, 1, 0, 1, 0, 0, 1, 0, 0, 1, 1]",6,0,0,,0.75,12
883,1bc3b274-8220-11f1-b0da-2389f409459f,3,"[1, 0, 1, 0, 1, 0, 0, 1, 0, 0, 1, 1]",7,1,1,,0.75,12
884,1bc3b274-8220-11f1-b0da-2389f409459f,3,"[1, 0, 1, 0, 1, 0, 0, 1, 0, 0, 1, 1]",8,0,0,,0.75,12
885,1bc3b274-8220-11f1-b0da-2389f409459f,3,"[1, 0, 1, 0, 1, 0, 0, 1, 0, 0, 1, 1]",9,0,0,,0.75,12
886,1bc3b274-8220-11f1-b0da-2389f409459f,3,"[1, 0, 1, 0, 1, 0, 0, 1, 0, 0, 1, 1]",10,1,1,,0.75,12
887,1bc3b274-8220-11f1-b0da-2389f409459f,3,"[1, 0, 1, 0, 1, 0, 0, 1, 0, 0, 1, 1]",11,1,1,,0.75,12
888,1bc3b274-8220-11f1-b0da-2389f409459f,4,"[0, 1, 0, 1, 1, 1, 1, 1, 1, 1, 0, 1]",0,0,0,,0.75,12
889,1bc3b274-8220-11f1-b0da-2389f409459f,4,"[0, 1, 0, 1, 1, 1, 1, 1, 1, 1, 0, 1]",1,1,1,,0.75,12
890,1bc3b274-8220-11f1-b0da-2389f409459f,4,"[0, 1, 0, 1, 1, 1, 1, 1, 1, 1, 0, 1]",2,0,0,,0.75,12
891,1bc3b274-8220-11f1-b0da-2389f409459f,4,"[0, 1, 0, 1, 1, 1, 1, 1, 1, 1, 0, 1]",3,1,1,,0.75,12
892,1bc3b274-8220-11f1-b0da-2389f409459f,4,"[0, 1, 0, 1, 1, 1, 1, 1, 1, 1, 0, 1]",4,1,1,,0.75,12
893,1bc3b274-8220-11f1-b0da-2389f409459f,4,"[0, 1, 0, 1, 1, 1, 1, 1, 1, 1, 0, 1]",5,1,1,,0.75,12
894,1bc3b274-8220-11f1-b0da-2389f409459f,4,"[0, 1, 0, 1, 1, 1, 1, 1, 1, 1, 0, 1]",6,1,1,,0.75,12
895,1bc3b274-8220-11f1-b0da-2389f409459f,4,"[0, 1, 0, 1, 1, 1, 1, 1, 1, 1, 0, 1]",7,1,1,,0.75,12
896,1bc3b274-8220-11f1-b0da-2389f409459f,4,"[0, 1, 0, 1, 1, 1, 1, 1, 1, 1, 0, 1]",8,1,1,,0.75,12
897,1bc3b274-8220-11f1-b0da-2389f409459f,4,"[0, 1, 0, 1, 1, 1, 1, 1, 1, 1, 0, 1]",9,1,1,,0.75,12
898,1bc3b274-8220-11f1-b0da-2389f409459f,4,"[0, 1, 0, 1, 1, 1, 1, 1, 1, 1, 0, 1]",10,0,0,,0.75,12
899,1bc3b274-8220-11f1-b0da-2389f409459f,4,"[0, 1, 0, 1, 1, 1, 1, 1, 1, 1, 0, 1]",11,1,1,,0.75,12
900,1bc3b274-8220-11f1-b0da-2389f409459f,5,"[1, 0, 0, 0, 1, 1, 0, 0, 1, 0, 0, 0]",0,1,1,,0.75,12
901,1bc3b274-8220-11f1-b0da-2389f409459f,5,"[1, 0, 0, 0, 1, 1, 0, 0, 1, 0, 0, 0]",1,0,0,,0.75,12
902,1bc3b274-8220-11f1-b0da-2389f409459f,5,"[1, 0, 0, 0, 1, 1, 0, 0, 1, 0, 0, 0]",2,0,0,,0.75,12
903,1bc3b274-8220-11f1-b0da-2389f409459f,5,"[1, 0, 0, 0, 1, 1, 0, 0, 1, 0, 0, 0]",3,0,0,,0.75,12
904,1bc3b274-8220-11f1-b0da-2389f409459f,5,"[1, 0, 0, 0, 1, 1, 0, 0, 1, 0, 0, 0]",4,1,1,,0.75,12
905,1bc3b274-8220-11f1-b0da-2389f409459f,5,"[1, 0, 0, 0, 1, 1, 0, 0, 1, 0, 0, 0]",5,1,1,,0.75,12
906,1bc3b274-8220-11f1-b0da-2389f409459f,5,"[1, 0, 0, 0, 1, 1, 0, 0, 1, 0, 0, 0]",6,0,0,,0.75,12
907,1bc3b274-8220-11f1-b0da-2389f409459f,5,"[1, 0, 0, 0, 1, 1, 0, 0, 1, 0, 0, 0]",7,0,0,,0.75,12
908,1bc3b274-8220-11f1-b0da-2389f409459f,5,"[1, 0, 0, 0, 1, 1, 0, 0, 1, 0, 0, 0]",8,1,1,,0.75,12
909,1bc3b274-8220-11f1-b0da-2389f409459f,5,"[1, 0, 0, 0, 1, 1, 0, 0, 1, 0, 0, 0]",9,0,0,,0.75,12
910,1bc3b274-8220-11f1-b0da-2389f409459f,5,"[1, 0, 0, 0, 1, 1, 0, 0, 1, 0, 0, 0]",10,0,0,,0.75,12
911,1bc3b274-8220-11f1-b0da-2389f409459f,5,"[1, 0, 0, 0, 1, 1, 0, 0, 1, 0, 0, 0]",11,0,0,,0.75,12
912,1bc3b274-8220-11f1-b0da-2389f409459f,6,"[1, 1, 1, 0, 1, 0, 1, 0, 0, 1, 1, 1]",0,1,1,,0.75,12
913,1bc3b274-8220-11f1-b0da-2389f409459f,6,"[1, 1, 1, 0, 1, 0, 1, 0, 0, 1, 1, 1]",1,1,1,,0.75,12
914,1bc3b274-8220-11f1-b0da-2389f409459f,6,"[1, 1, 1, 0, 1, 0, 1, 0, 0, 1, 1, 1]",2,1,1,,0.75,12
915,1bc3b274-8220-11f1-b0da-2389f409459f,6,"[1, 1, 1, 0, 1, 0, 1, 0, 0, 1, 1, 1]",3,0,0,,0.75,12
916,1bc3b274-8220-11f1-b0da-2389f409459f,6,"[1, 1, 1, 0, 1, 0, 1, 0, 0, 1, 1, 1]",4,1,1,,0.75,12
917,1bc3b274-8220-11f1-b0da-2389f409459f,6,"[1, 1, 1, 0, 1, 0, 1, 0, 0, 1, 1, 1]",5,0,0,,0.75,12
918,1bc3b274-8220-11f1-b0da-2389f409459f,6,"[1, 1, 1, 0, 1, 0, 1, 0, 0, 1, 1, 1]",6,1,1,,0.75,12
919,1bc3b274-8220-11f1-b0da-2389f409459f,6,"[1, 1, 1, 0, 1, 0, 1, 0, 0, 1, 1, 1]",7,0,0,,0.75,12
920,1bc3b274-8220-11f1-b0da-2389f409459f,6,"[1, 1, 1, 0, 1, 0, 1, 0, 0, 1, 1, 1]",8,0,0,,0.75,12
921,1bc3b274-8220-11f1-b0da-2389f409459f,6,"[1, 1, 1, 0, 1, 0, 1, 0, 0, 1, 1, 1]",9,1,1,,0.75,12
922,1bc3b274-8220-11f1-b0da-2389f409459f,6,"[1, 1, 1, 0, 1, 0, 1, 0, 0, 1, 1, 1]",10,1,1,,0.75,12
923,1bc3b274-8220-11f1-b0da-2389f409459f,6,"[1, 1, 1, 0, 1, 0, 1, 0, 0, 1, 1, 1]",11,1,1,,0.75,12
924,1bc3b274-8220-11f1-b0da-2389f409459f,7,"[0, 1, 1, 0, 0, 0, 0, 0, 1, 1, 1, 1]",0,0,0,,0.75,12
925,1bc3b274-8220-11f1-b0da-2389f409459f,7,"[0, 1, 1, 0, 0, 0, 0, 0, 1, 1, 1, 1]",1,1,1,,0.75,12
926,1bc3b274-8220-11f1-b0da-2389f409459f,7,"[0, 1, 1, 0, 0, 0, 0, 0, 1, 1, 1, 1]",2,1,1,,0.75,12
927,1bc3b274-8220-11f1-b0da-2389f409459f,7,"[0, 1, 1, 0, 0, 0, 0, 0, 1, 1, 1, 1]",3,0,0,,0.75,12
928,1bc3b274-8220-11f1-b0da-2389f409459f,7,"[0, 1, 1, 0, 0, 0, 0, 0, 1, 1, 1, 1]",4,0,0,,0.75,12
929,1bc3b274-8220-11f1-b0da-2389f409459f,7,"[0, 1, 1, 0, 0, 0, 0, 0, 1, 1, 1, 1]",5,0,0,,0.75,12
930,1bc3b274-8220-11f1-b0da-2389f409459f,7,"[0, 1, 1, 0, 0, 0, 0, 0, 1, 1, 1, 1]",6,0,0,,0.75,12
931,1bc3b274-8220-11f1-b0da-2389f409459f,7,"[0, 1, 1, 0, 0, 0, 0, 0, 1, 1, 1, 1]",7,0,0,,0.75,12
932,1bc3b274-8220-11f1-b0da-2389f409459f,7,"[0, 1, 1, 0, 0, 0, 0, 0, 1, 1, 1, 1]",8,1,1,,0.75,12
933,1bc3b274-8220-11f1-b0da-2389f409459f,7,"[0, 1, 1, 0, 0, 0, 0, 0, 1, 1, 1, 1]",9,1,1,,0.75,12
934,1bc3b274-8220-11f1-b0da-2389f409459f,7,"[0, 1, 1, 0, 0, 0, 0, 0, 1, 1, 1, 1]",10,1,1,,0.75,12
935,1bc3b274-8220-11f1-b0da-2389f409459f,7,"[0, 1, 1, 0, 0, 0, 0, 0, 1, 1, 1, 1]",11,1,1,,0.75,12
936,1bc3b274-8220-11f1-b0da-2389f409459f,8,"[1, 0, 0, 1, 0, 0, 0, 1, 0, 1, 0, 1]",0,1,1,,0.75,12
937,1bc3b274-8220-11f1-b0da-2389f409459f,8,"[1, 0, 0, 1, 0, 0, 0, 1, 0, 1, 0, 1]",1,0,0,,0.75,12
938,1bc3b274-8220-11f1-b0da-2389f409459f,8,"[1, 0, 0, 1, 0, 0, 0, 1, 0, 1, 0, 1]",2,0,0,,0.75,12
939,1bc3b274-8220-11f1-b0da-2389f409459f,8,"[1, 0, 0, 1, 0, 0, 0, 1, 0, 1, 0, 1]",3,1,1,,0.75,12
940,1bc3b274-8220-11f1-b0da-2389f409459f,8,"[1, 0, 0, 1, 0, 0, 0, 1, 0, 1, 0, 1]",4,0,0,,0.75,12
941,1bc3b274-8220-11f1-b0da-2389f409459f,8,"[1, 0, 0, 1, 0, 0, 0, 1, 0, 1, 0, 1]",5,0,0,,0.75,12
942,1bc3b274-8220-11f1-b0da-2389f409459f,8,"[1, 0, 0, 1, 0, 0, 0, 1, 0, 1, 0, 1]",6,0,0,,0.75,12
943,1bc3b274-8220-11f1-b0da-2389f409459f,8,"[1, 0, 0, 1, 0, 0, 0, 1, 0, 1, 0, 1]",7,1,1,,0.75,12
944,1bc3b274-8220-11f1-b0da-2389f409459f,8,"[1, 0, 0, 1, 0, 0, 0, 1, 0, 1, 0, 1]",8,0,0,,0.75,12
945,1bc3b274-8220-11f1-b0da-2389f409459f,8,"[1, 0, 0, 1, 0, 0, 0, 1, 0, 1, 0, 1]",9,1,1,,0.75,12
946,1bc3b274-8220-11f1-b0da-2389f409459f,8,"[1, 0, 0, 1, 0, 0, 0, 1, 0, 1, 0, 1]",10,0,0,,0.75,12
947,1bc3b274-8220-11f1-b0da-2389f409459f,8,"[1, 0, 0, 1, 0, 0, 0, 1, 0, 1, 0, 1]",11,1,1,,0.75,12
948,1bc3b274-8220-11f1-b0da-2389f409459f,9,"[1, 1, 0, 0, 0, 0, 0, 0, 1, 1, 1, 0]",0,1,1,,0.75,12
949,1bc3b274-8220-11f1-b0da-2389f409459f,9,"[1, 1, 0, 0, 0, 0, 0, 0, 1, 1, 1, 0]",1,1,1,,0.75,12
950,1bc3b274-8220-11f1-b0da-2389f409459f,9,"[1, 1, 0, 0, 0, 0, 0, 0, 1, 1, 1, 0]",2,0,0,,0.75,12
951,1bc3b274-8220-11f1-b0da-2389f409459f,9,"[1, 1, 0, 0, 0, 0, 0, 0, 1, 1, 1, 0]",3,0,0,,0.75,12
952,1bc3b274-8220-11f1-b0da-2389f409459f,9,"[1, 1, 0, 0, 0, 0, 0, 0, 1, 1, 1, 0]",4,0,0,,0.75,12
953,1bc3b274-8220-11f1-b0da-2389f409459f,9,"[1, 1, 0, 0, 0, 0, 0, 0, 1, 1, 1, 0]",5,0,0,,0.75,12
954,1bc3b274-8220-11f1-b0da-2389f409459f,9,"[1, 1, 0, 0, 0, 0, 0, 0, 1, 1, 1, 0]",6,0,0,,0.75,12
955,1bc3b274-8220-11f1-b0da-2389f409459f,9,"[1, 1, 0, 0, 0, 0, 0, 0, 1, 1, 1, 0]",7,0,0,,0.75,12
956,1bc3b274-8220-11f1-b0da-2389f409459f,9,"[1, 1, 0, 0, 0, 0, 0, 0, 1, 1, 1, 0]",8,1,1,,0.75,12
957,1bc3b274-8220-11f1-b0da-2389f409459f,9,"[1, 1, 0, 0, 0, 0, 0, 0, 1, 1, 1, 0]",9,1,1,,0.75,12
958,1bc3b274-8220-11f1-b0da-2389f409459f,9,"[1, 1, 0, 0, 0, 0, 0, 0, 1, 1, 1, 0]",10,1,1,,0.75,12
959,1bc3b274-8220-11f1-b0da-2389f409459f,9,"[1, 1, 0, 0, 0, 0, 0, 0, 1, 1, 1, 0]",11,0,0,,0.75,12
960,1bc733f4-8220-11f1-b0da-2389f409459f,0,"[1, 0, 1, 0, 1, 1, 0, 1, 0, 0, 1, 0]",0,1,1,,0.75,12
961,1bc733f4-8220-11f1-b0da-2389f409459f,0,"[1, 0, 1, 0, 1, 1, 0, 1, 0, 0, 1, 0]",1,0,0,,0.75,12
962,1bc733f4-8220-11f1-b0da-2389f409459f,0,"[1, 0, 1, 0, 1, 1, 0, 1, 0, 0, 1, 0]",2,1,1,,0.75,12
963,1bc733f4-8220-11f1-b0da-2389f409459f,0,"[1, 0, 1, 0, 1, 1, 0, 1, 0, 0, 1, 0]",3,0,0,,0.75,12
964,1bc733f4-8220-11f1-b0da-2389f409459f,0,"[1, 0, 1, 0, 1, 1, 0, 1, 0, 0, 1, 0]",4,1,1,,0.75,12
965,1bc733f4-8220-11f1-b0da-2389f409459f,0,"[1, 0, 1, 0, 1, 1, 0, 1, 0, 0, 1, 0]",5,1,1,,0.75,12
966,1bc733f4-8220-11f1-b0da-2389f409459f,0,"[1, 0, 1, 0, 1, 1, 0, 1, 0, 0, 1, 0]",6,0,0,,0.75,12
967,1bc733f4-8220-11f1-b0da-2389f409459f,0,"[1, 0, 1, 0, 1, 1, 0, 1, 0, 0, 1, 0]",7,1,1,,0.75,12
968,1bc733f4-8220-11f1-b0da-2389f409459f,0,"[1, 0, 1, 0, 1, 1, 0, 1, 0, 0, 1, 0]",8,0,0,,0.75,12
969,1bc733f4-8220-11f1-b0da-2389f409459f,0,"[1, 0, 1, 0, 1, 1, 0, 1, 0, 0, 1, 0]",9,0,0,,0.75,12
970,1bc733f4-8220-11f1-b0da-2389f409459f,0,"[1, 0, 1, 0, 1, 1, 0, 1, 0, 0, 1, 0]",10,1,1,,0.75,12
971,1bc733f4-8220-11f1-b0da-2389f409459f,0,"[1, 0, 1, 0, 1, 1, 0, 1, 0, 0, 1, 0]",11,0,0,,0.75,12
972,1bc733f4-8220-11f1-b0da-2389f409459f,1,"[0, 0, 0, 0, 0, 1, 0, 1, 0, 1, 1, 1]",0,0,0,,0.75,12
973,1bc733f4-8220-11f1-b0da-2389f409459f,1,"[0, 0, 0, 0, 0, 1, 0, 1, 0, 1, 1, 1]",1,0,0,,0.75,12
974,1bc733f4-8220-11f1-b0da-2389f409459f,1,"[0, 0, 0, 0, 0, 1, 0, 1, 0, 1, 1, 1]",2,0,0,,0.75,12
975,1bc733f4-8220-11f1-b0da-2389f409459f,1,"[0, 0, 0, 0, 0, 1, 0, 1, 0, 1, 1, 1]",3,0,0,,0.75,12
976,1bc733f4-8220-11f1-b0da-2389f409459f,1,"[0, 0, 0, 0, 0, 1, 0, 1, 0, 1, 1, 1]",4,0,0,,0.75,12
977,1bc733f4-8220-11f1-b0da-2389f409459f,1,"[0, 0, 0, 0, 0, 1, 0, 1, 0, 1, 1, 1]",5,1,1,,0.75,12
978,1bc733f4-8220-11f1-b0da-2389f409459f,1,"[0, 0, 0, 0, 0, 1, 0, 1, 0, 1, 1, 1]",6,0,0,,0.75,12
979,1bc733f4-8220-11f1-b0da-2389f409459f,1,"[0, 0, 0, 0, 0, 1, 0, 1, 0, 1, 1, 1]",7,1,1,,0.75,12
980,1bc733f4-8220-11f1-b0da-2389f409459f,1,"[0, 0, 0, 0, 0, 1, 0, 1, 0, 1, 1, 1]",8,0,0,,0.75,12
981,1bc733f4-8220-11f1-b0da-2389f409459f,1,"[0, 0, 0, 0, 0, 1, 0, 1, 0, 1, 1, 1]",9,1,1,,0.75,12
982,1bc733f4-8220-11f1-b0da-2389f409459f,1,"[0, 0, 0, 0, 0, 1, 0, 1, 0, 1, 1, 1]",10,1,1,,0.75,12
983,1bc733f4-8220-11f1-b0da-2389f409459f,1,"[0, 0, 0, 0, 0, 1, 0, 1, 0, 1, 1, 1]",11,1,1,,0.75,12
984,1bc733f4-8220-11f1-b0da-2389f409459f,2,"[0, 0, 1, 0, 1, 0, 0, 1, 1, 0, 1, 1]",0,0,0,,0.75,12
985,1bc733f4-8220-11f1-b0da-2389f409459f,2,"[0, 0, 1, 0, 1, 0, 0, 1, 1, 0, 1, 1]",1,0,0,,0.75,12
986,1bc733f4-8220-11f1-b0da-2389f409459f,2,"[0, 0, 1, 0, 1, 0, 0, 1, 1, 0, 1, 1]",2,1,1,,0.75,12
987,1bc733f4-8220-11f1-b0da-2389f409459f,2,"[0, 0, 1, 0, 1, 0, 0, 1, 1, 0, 1, 1]",3,0,0,,0.75,12
988,1bc733f4-8220-11f1-b0da-2389f409459f,2,"[0, 0, 1, 0, 1, 0, 0, 1, 1, 0, 1, 1]",4,1,1,,0.75,12
989,1bc733f4-8220-11f1-b0da-2389f409459f,2,"[0, 0, 1, 0, 1, 0, 0, 1, 1, 0, 1, 1]",5,0,0,,0.75,12
990,1bc733f4-8220-11f1-b0da-2389f409459f,2,"[0, 0, 1, 0, 1, 0, 0, 1, 1, 0, 1, 1]",6,0,0,,0.75,12
991,1bc733f4-8220-11f1-b0da-2389f409459f,2,"[0, 0, 1, 0, 1, 0, 0, 1, 1, 0, 1, 1]",7,1,1,,0.75,12
992,1bc733f4-8220-11f1-b0da-2389f409459f,2,"[0, 0, 1, 0, 1, 0, 0, 1, 1, 0, 1, 1]",8,1,1,,0.75,12
993,1bc733f4-8220-11f1-b0da-2389f409459f,2,"[0, 0, 1, 0, 1, 0, 0, 1, 1, 0, 1, 1]",9,0,0,,0.75,12
994,1bc733f4-8220-11f1-b0da-2389f409459f,2,"[0, 0, 1, 0, 1, 0, 0, 1, 1, 0, 1, 1]",10,1,1,,0.75,12
995,1bc733f4-8220-11f1-b0da-2389f409459f,2,"[0, 0, 1, 0, 1, 0, 0, 1, 1, 0, 1, 1]",11,1,1,,0.75,12
996,1bc733f4-8220-11f1-b0da-2389f409459f,3,"[1, 0, 1, 0, 0, 0, 0, 1, 1, 1, 1, 0]",0,1,1,,0.75,12
997,1bc733f4-8220-11f1-b0da-2389f409459f,3,"[1, 0, 1, 0, 0, 0, 0, 1, 1, 1, 1, 0]",1,0,0,,0.75,12
998,1bc733f4-8220-11f1-b0da-2389f409459f,3,"[1, 0, 1, 0, 0, 0, 0, 1, 1, 1, 1, 0]",2,1,1,,0.75,12
999,1bc733f4-8220-11f1-b0da-2389f409459f,3,"[1, 0, 1, 0, 0, 0, 0, 1, 1, 1, 1, 0]",3,0,0,,0.75,12
1000,1bc733f4-8220-11f1-b0da-2389f409459f,3,"[1, 0, 1, 0, 0, 0, 0, 1, 1, 1, 1, 0]",4,0,0,,0.75,12
1001,1bc733f4-8220-11f1-b0da-2389f409459f,3,"[1, 0, 1, 0, 0, 0, 0, 1, 1, 1, 1, 0]",5,0,0,,0.75,12
1002,1bc733f4-8220-11f1-b0da-2389f409459f,3,"[1, 0, 1, 0, 0, 0, 0, 1, 1, 1, 1, 0]",6,0,0,,0.75,12
1003,1bc733f4-8220-11f1-b0da-2389f409459f,3,"[1, 0, 1, 0, 0, 0, 0, 1, 1, 1, 1, 0]",7,1,1,,0.75,12
1004,1bc733f4-8220-11f1-b0da-2389f409459f,3,"[1, 0, 1, 0, 0, 0, 0, 1, 1, 1, 1, 0]",8,1,1,,0.75,12
1005,1bc733f4-8220-11f1-b0da-2389f409459f,3,"[1, 0, 1, 0, 0, 0, 0, 1, 1, 1, 1, 0]",9,1,1,,0.75,12
1006,1bc733f4-8220-11f1-b0da-2389f409459f,3,"[1, 0, 1, 0, 0, 0, 0, 1, 1, 1, 1, 0]",10,1,1,,0.75,12
1007,1bc733f4-8220-11f1-b0da-2389f409459f,3,"[1, 0, 1, 0, 0, 0, 0, 1, 1, 1, 1, 0]",11,0,0,,0.75,12
1008,1bc733f4-8220-11f1-b0da-2389f409459f,4,"[1, 0, 1, 0, 0, 0, 0, 0, 1, 0, 1, 1]",0,1,1,,0.75,12
1009,1bc733f4-8220-11f1-b0da-2389f409459f,4,"[1, 0, 1, 0, 0, 0, 0, 0, 1, 0, 1, 1]",1,0,0,,0.75,12
1010,1bc733f4-8220-11f1-b0da-2389f409459f,4,"[1, 0, 1, 0, 0, 0, 0, 0, 1, 0, 1, 1]",2,1,1,,0.75,12
1011,1bc733f4-8220-11f1-b0da-2389f409459f,4,"[1, 0, 1, 0, 0, 0, 0, 0, 1, 0, 1, 1]",3,0,0,,0.75,12
1012,1bc733f4-8220-11f1-b0da-2389f409459f,4,"[1, 0, 1, 0, 0, 0, 0, 0, 1, 0, 1, 1]",4,0,0,,0.75,12
1013,1bc733f4-8220-11f1-b0da-2389f409459f,4,"[1, 0, 1, 0, 0, 0, 0, 0, 1, 0, 1, 1]",5,0,0,,0.75,12
1014,1bc733f4-8220-11f1-b0da-2389f409459f,4,"[1, 0, 1, 0, 0, 0, 0, 0, 1, 0, 1, 1]",6,0,0,,0.75,12
1015,1bc733f4-8220-11f1-b0da-2389f409459f,4,"[1, 0, 1, 0, 0, 0, 0, 0, 1, 0, 1, 1]",7,0,0,,0.75,12
1016,1bc733f4-8220-11f1-b0da-2389f409459f,4,"[1, 0, 1, 0, 0, 0, 0, 0, 1, 0, 1, 1]",8,1,1,,0.75,12
1017,1bc733f4-8220-11f1-b0da-2389f409459f,4,"[1, 0, 1, 0, 0, 0, 0, 0, 1, 0, 1, 1]",9,0,0,,0.75,12
1018,1bc733f4-8220-11f1-b0da-2389f409459f,4,"[1, 0, 1, 0, 0, 0, 0, 0, 1, 0, 1, 1]",10,1,1,,0.75,12
1019,1bc733f4-8220-11f1-b0da-2389f409459f,4,"[1, 0, 1, 0, 0, 0, 0, 0, 1, 0, 1, 1]",11,1,1,,0.75,12
1020,1bc733f4-8220-11f1-b0da-2389f409459f,5,"[1, 1, 0, 1, 0, 0, 0, 1, 0, 1, 1, 0]",0,1,1,,0.75,12
1021,1bc733f4-8220-11f1-b0da-2389f409459f,5,"[1, 1, 0, 1, 0, 0, 0, 1, 0, 1, 1, 0]",1,1,1,,0.75,12
1022,1bc733f4-8220-11f1-b0da-2389f409459f,5,"[1, 1, 0, 1, 0, 0, 0, 1, 0, 1, 1, 0]",2,0,0,,0.75,12
1023,1bc733f4-8220-11f1-b0da-2389f409459f,5,"[1, 1, 0, 1, 0, 0, 0, 1, 0, 1, 1, 0]",3,1,1,,0.75,12
1024,1bc733f4-8220-11f1-b0da-2389f409459f,5,"[1, 1, 0, 1, 0, 0, 0, 1, 0, 1, 1, 0]",4,0,0,,0.75,12
1025,1bc733f4-8220-11f1-b0da-2389f409459f,5,"[1, 1, 0, 1, 0, 0, 0, 1, 0, 1, 1, 0]",5,0,0,,0.75,12
1026,1bc733f4-8220-11f1-b0da-2389f409459f,5,"[1, 1, 0, 1, 0, 0, 0, 1, 0, 1, 1, 0]",6,0,0,,0.75,12
1027,1bc733f4-8220-11f1-b0da-2389f409459f,5,"[1, 1, 0, 1, 0, 0, 0, 1, 0, 1, 1, 0]",7,1,1,,0.75,12
1028,1bc733f4-8220-11f1-b0da-2389f409459f,5,"[1, 1, 0, 1, 0, 0, 0, 1, 0, 1, 1, 0]",8,0,0,,0.75,12
1029,1bc733f4-8220-11f1-b0da-2389f409459f,5,"[1, 1, 0, 1, 0, 0, 0, 1, 0, 1, 1, 0]",9,1,1,,0.75,12
1030,1bc733f4-8220-11f1-b0da-2389f409459f,5,"[1, 1, 0, 1, 0, 0, 0, 1, 0, 1, 1, 0]",10,1,1,,0.75,12
1031,1bc733f4-8220-11f1-b0da-2389f409459f,5,"[1, 1, 0, 1, 0, 0, 0, 1, 0, 1, 1, 0]",11,0,0,,0.75,12
1032,1bc733f4-8220-11f1-b0da-2389f409459f,6,"[0, 1, 0, 0, 0, 0, 1, 1, 1, 1, 1, 0]",0,0,0,,0.75,12
1033,1bc733f4-8220-11f1-b0da-2389f409459f,6,"[0, 1, 0, 0, 0, 0, 1, 1, 1, 1, 1, 0]",1,1,1,,0.75,12
1034,1bc733f4-8220-11f1-b0da-2389f409459f,6,"[0, 1, 0, 0, 0, 0, 1, 1, 1, 1, 1, 0]",2,0,0,,0.75,12
1035,1bc733f4-8220-11f1-b0da-2389f409459f,6,"[0, 1, 0, 0, 0, 0, 1, 1, 1, 1, 1, 0]",3,0,0,,0.75,12
1036,1bc733f4-8220-11f1-b0da-2389f409459f,6,"[0, 1, 0, 0, 0, 0, 1, 1, 1, 1, 1, 0]",4,0,0,,0.75,12
1037,1bc733f4-8220-11f1-b0da-2389f409459f,6,"[0, 1, 0, 0, 0, 0, 1, 1, 1, 1, 1, 0]",5,0,0,,0.75,12
1038,1bc733f4-8220-11f1-b0da-2389f409459f,6,"[0, 1, 0, 0, 0, 0, 1, 1, 1, 1, 1, 0]",6,1,1,,0.75,12
1039,1bc733f4-8220-11f1-b0da-2389f409459f,6,"[0, 1, 0, 0, 0, 0, 1, 1, 1, 1, 1, 0]",7,1,1,,0.75,12
1040,1bc733f4-8220-11f1-b0da-2389f409459f,6,"[0, 1, 0, 0, 0, 0, 1, 1, 1, 1, 1, 0]",8,1,1,,0.75,12
1041,1bc733f4-8220-11f1-b0da-2389f409459f,6,"[0, 1, 0, 0, 0, 0, 1, 1, 1, 1, 1, 0]",9,1,1,,0.75,12
1042,1bc733f4-8220-11f1-b0da-2389f409459f,6,"[0, 1, 0, 0, 0, 0, 1, 1, 1, 1, 1, 0]",10,1,1,,0.75,12
1043,1bc733f4-8220-11f1-b0da-2389f409459f,6,"[0, 1, 0, 0, 0, 0, 1, 1, 1, 1, 1, 0]",11,0,0,,0.75,12
1044,1bc733f4-8220-11f1-b0da-2389f409459f,7,"[1, 1, 0, 1, 0, 0, 1, 1, 0, 1, 1, 1]",0,1,1,,0.75,12
1045,1bc733f4-8220-11f1-b0da-2389f409459f,7,"[1, 1, 0, 1, 0, 0, 1, 1, 0, 1, 1, 1]",1,1,1,,0.75,12
1046,1bc733f4-8220-11f1-b0da-2389f409459f,7,"[1, 1, 0, 1, 0, 0, 1, 1, 0, 1, 1, 1]",2,0,0,,0.75,12
1047,1bc733f4-8220-11f1-b0da-2389f409459f,7,"[1, 1, 0, 1, 0, 0, 1, 1, 0, 1, 1, 1]",3,1,1,,0.75,12
1048,1bc733f4-8220-11f1-b0da-2389f409459f,7,"[1, 1, 0, 1, 0, 0, 1, 1, 0, 1, 1, 1]",4,0,0,,0.75,12
1049,1bc733f4-8220-11f1-b0da-2389f409459f,7,"[1, 1, 0, 1, 0, 0, 1, 1, 0, 1, 1, 1]",5,0,0,,0.75,12
1050,1bc733f4-8220-11f1-b0da-2389f409459f,7,"[1, 1, 0, 1, 0, 0, 1, 1, 0, 1, 1, 1]",6,1,1,,0.75,12
1051,1bc733f4-8220-11f1-b0da-2389f409459f,7,"[1, 1, 0, 1, 0, 0, 1, 1, 0, 1, 1, 1]",7,1,1,,0.75,12
1052,1bc733f4-8220-11f1-b0da-2389f409459f,7,"[1, 1, 0, 1, 0, 0, 1, 1, 0, 1, 1, 1]",8,0,0,,0.75,12
1053,1bc733f4-8220-11f1-b0da-2389f409459f,7,"[1, 1, 0, 1, 0, 0, 1, 1, 0, 1, 1, 1]",9,1,1,,0.75,12
1054,1bc733f4-8220-11f1-b0da-2389f409459f,7,"[1, 1, 0, 1, 0, 0, 1, 1, 0, 1, 1, 1]",10,1,1,,0.75,12
1055,1bc733f4-8220-11f1-b0da-2389f409459f,7,"[1, 1, 0, 1, 0, 0, 1, 1, 0, 1, 1, 1]",11,1,1,,0.75,12
1056,1bc733f4-8220-11f1-b0da-2389f409459f,8,"[0, 1, 1, 0, 1, 1, 0, 0, 1, 1, 1, 1]",0,0,0,,0.75,12
1057,1bc733f4-8220-11f1-b0da-2389f409459f,8,"[0, 1, 1, 0, 1, 1, 0, 0, 1, 1, 1, 1]",1,1,1,,0.75,12
1058,1bc733f4-8220-11f1-b0da-2389f409459f,8,"[0, 1, 1, 0, 1, 1, 0, 0, 1, 1, 1, 1]",2,1,1,,0.75,12
1059,1bc733f4-8220-11f1-b0da-2389f409459f,8,"[0, 1, 1, 0, 1, 1, 0, 0, 1, 1, 1, 1]",3,0,0,,0.75,12
1060,1bc733f4-8220-11f1-b0da-2389f409459f,8,"[0, 1, 1, 0, 1, 1, 0, 0, 1, 1, 1, 1]",4,1,1,,0.75,12
1061,1bc733f4-8220-11f1-b0da-2389f409459f,8,"[0, 1, 1, 0, 1, 1, 0, 0, 1, 1, 1, 1]",5,1,1,,0.75,12
1062,1bc733f4-8220-11f1-b0da-2389f409459f,8,"[0, 1, 1, 0, 1, 1, 0, 0, 1, 1, 1, 1]",6,0,0,,0.75,12
1063,1bc733f4-8220-11f1-b0da-2389f409459f,8,"[0, 1, 1, 0, 1, 1, 0, 0, 1, 1, 1, 1]",7,0,0,,0.75,12
1064,1bc733f4-8220-11f1-b0da-2389f409459f,8,"[0, 1, 1, 0, 1, 1, 0, 0, 1, 1, 1, 1]",8,1,1,,0.75,12
1065,1bc733f4-8220-11f1-b0da-2389f409459f,8,"[0, 1, 1, 0, 1, 1, 0, 0, 1, 1, 1, 1]",9,1,1,,0.75,12
1066,1bc733f4-8220-11f1-b0da-2389f409459f,8,"[0, 1, 1, 0, 1, 1, 0, 0, 1, 1, 1, 1]",10,1,1,,0.75,12
1067,1bc733f4-8220-11f1-b0da-2389f409459f,8,"[0, 1, 1, 0, 1, 1, 0, 0, 1, 1, 1, 1]",11,1,1,,0.75,12
1068,1bc733f4-8220-11f1-b0da-2389f409459f,9,"[0, 0, 0, 0, 1, 1, 0, 1, 0, 0, 1, 1]",0,0,0,,0.75,12
1069,1bc733f4-8220-11f1-b0da-2389f409459f,9,"[0, 0, 0, 0, 1, 1, 0, 1, 0, 0, 1, 1]",1,0,0,,0.75,12
1070,1bc733f4-8220-11f1-b0da-2389f409459f,9,"[0, 0, 0, 0, 1, 1, 0, 1, 0, 0, 1, 1]",2,0,0,,0.75,12
1071,1bc733f4-8220-11f1-b0da-2389f409459f,9,"[0, 0, 0, 0, 1, 1, 0, 1, 0, 0, 1, 1]",3,0,0,,0.75,12
1072,1bc733f4-8220-11f1-b0da-2389f409459f,9,"[0, 0, 0, 0, 1, 1, 0, 1, 0, 0, 1, 1]",4,1,1,,0.75,12
1073,1bc733f4-8220-11f1-b0da-2389f409459f,9,"[0, 0, 0, 0, 1, 1, 0, 1, 0, 0, 1, 1]",5,1,1,,0.75,12
1074,1bc733f4-8220-11f1-b0da-2389f409459f,9,"[0, 0, 0, 0, 1, 1, 0, 1, 0, 0, 1, 1]",6,0,0,,0.75,12
1075,1bc733f4-8220-11f1-b0da-2389f409459f,9,"[0, 0, 0, 0, 1, 1, 0, 1, 0, 0, 1, 1]",7,1,1,,0.75,12
1076,1bc733f4-8220-11f1-b0da-2389f409459f,9,"[0, 0, 0, 0, 1, 1, 0, 1, 0, 0, 1, 1]",8,0,0,,0.75,12
1077,1bc733f4-8220-11f1-b0da-2389f409459f,9,"[0, 0, 0, 0, 1, 1, 0, 1, 0, 0, 1, 1]",9,0,0,,0.75,12
1078,1bc733f4-8220-11f1-b0da-2389f409459f,9,"[0, 0, 0, 0, 1, 1, 0, 1, 0, 0, 1, 1]",10,1,1,,0.75,12
1079,1bc733f4-8220-11f1-b0da-2389f409459f,9,"[0, 0, 0, 0, 1, 1, 0, 1, 0, 0, 1, 1]",11,1,1,,0.75,12
1080,1bca11e6-8220-11f1-b0da-2389f409459f,0,"[0, 1, 0, 0, 1, 1, 0, 1, 1, 1, 0, 0]",0,0,0,,0.75,12
1081,1bca11e6-8220-11f1-b0da-2389f409459f,0,"[0, 1, 0, 0, 1, 1, 0, 1, 1, 1, 0, 0]",1,1,1,,0.75,12
1082,1bca11e6-8220-11f1-b0da-2389f409459f,0,"[0, 1, 0, 0, 1, 1, 0, 1, 1, 1, 0, 0]",2,0,0,,0.75,12
1083,1bca11e6-8220-11f1-b0da-2389f409459f,0,"[0, 1, 0, 0, 1, 1, 0, 1, 1, 1, 0, 0]",3,0,0,,0.75,12
1084,1bca11e6-8220-11f1-b0da-2389f409459f,0,"[0, 1, 0, 0, 1, 1, 0, 1, 1, 1, 0, 0]",4,1,1,,0.75,12
1085,1bca11e6-8220-11f1-b0da-2389f409459f,0,"[0, 1, 0, 0, 1, 1, 0, 1, 1, 1, 0, 0]",5,1,1,,0.75,12
1086,1bca11e6-8220-11f1-b0da-2389f409459f,0,"[0, 1, 0, 0, 1, 1, 0, 1, 1, 1, 0, 0]",6,0,0,,0.75,12
1087,1bca11e6-8220-11f1-b0da-2389f409459f,0,"[0, 1, 0, 0, 1, 1, 0, 1, 1, 1, 0, 0]",7,1,1,,0.75,12
1088,1bca11e6-8220-11f1-b0da-2389f409459f,0,"[0, 1, 0, 0, 1, 1, 0, 1, 1, 1, 0, 0]",8,1,1,,0.75,12
1089,1bca11e6-8220-11f1-b0da-2389f409459f,0,"[0, 1, 0, 0, 1, 1, 0, 1, 1, 1, 0, 0]",9,1,1,,0.75,12
1090,1bca11e6-8220-11f1-b0da-2389f409459f,0,"[0, 1, 0, 0, 1, 1, 0, 1, 1, 1, 0, 0]",10,0,0,,0.75,12
1091,1bca11e6-8220-11f1-b0da-2389f409459f,0,"[0, 1, 0, 0, 1, 1, 0, 1, 1, 1, 0, 0]",11,0,0,,0.75,12
1092,1bca11e6-8220-11f1-b0da-2389f409459f,1,"[1, 0, 0, 1, 0, 1, 0, 1, 0, 0, 0, 1]",0,1,1,,0.75,12
1093,1bca11e6-8220-11f1-b0da-2389f409459f,1,"[1, 0, 0, 1, 0, 1, 0, 1, 0, 0, 0, 1]",1,0,0,,0.75,12
1094,1bca11e6-8220-11f1-b0da-2389f409459f,1,"[1, 0, 0, 1, 0, 1, 0, 1, 0, 0, 0, 1]",2,0,0,,0.75,12
1095,1bca11e6-8220-11f1-b0da-2389f409459f,1,"[1, 0, 0, 1, 0, 1, 0, 1, 0, 0, 0, 1]",3,1,1,,0.75,12
1096,1bca11e6-8220-11f1-b0da-2389f409459f,1,"[1, 0, 0, 1, 0, 1, 0, 1, 0, 0, 0, 1]",4,0,0,,0.75,12
1097,1bca11e6-8220-11f1-b0da-2389f409459f,1,"[1, 0, 0, 1, 0, 1, 0, 1, 0, 0, 0, 1]",5,1,1,,0.75,12
1098,1bca11e6-8220-11f1-b0da-2389f409459f,1,"[1, 0, 0, 1, 0, 1, 0, 1, 0, 0, 0, 1]",6,0,0,,0.75,12
1099,1bca11e6-8220-11f1-b0da-2389f409459f,1,"[1, 0, 0, 1, 0, 1, 0, 1, 0, 0, 0, 1]",7,1,1,,0.75,12
1100,1bca11e6-8220-11f1-b0da-2389f409459f,1,"[1, 0, 0, 1, 0, 1, 0, 1, 0, 0, 0, 1]",8,0,0,,0.75,12
1101,1bca11e6-8220-11f1-b0da-2389f409459f,1,"[1, 0, 0, 1, 0, 1, 0, 1, 0, 0, 0, 1]",9,0,0,,0.75,12
1102,1bca11e6-8220-11f1-b0da-2389f409459f,1,"[1, 0, 0, 1, 0, 1, 0, 1, 0, 0, 0, 1]",10,0,0,,0.75,12
1103,1bca11e6-8220-11f1-b0da-2389f409459f,1,"[1, 0, 0, 1, 0, 1, 0, 1, 0, 0, 0, 1]",11,1,1,,0.75,12
1104,1bca11e6-8220-11f1-b0da-2389f409459f,2,"[0, 0, 0, 1, 0, 0, 0, 0, 0, 0, 1, 0]",0,0,0,,0.75,12
1105,1bca11e6-8220-11f1-b0da-2389f409459f,2,"[0, 0, 0, 1, 0, 0, 0, 0, 0, 0, 1, 0]",1,0,0,,0.75,12
1106,1bca11e6-8220-11f1-b0da-2389f409459f,2,"[0, 0, 0, 1, 0, 0, 0, 0, 0, 0, 1, 0]",2,0,0,,0.75,12
1107,1bca11e6-8220-11f1-b0da-2389f409459f,2,"[0, 0, 0, 1, 0, 0, 0, 0, 0, 0, 1, 0]",3,1,1,,0.75,12
1108,1bca11e6-8220-11f1-b0da-2389f409459f,2,"[0, 0, 0, 1, 0, 0, 0, 0, 0, 0, 1, 0]",4,0,0,,0.75,12
1109,1bca11e6-8220-11f1-b0da-2389f409459f,2,"[0, 0, 0, 1, 0, 0, 0, 0, 0, 0, 1, 0]",5,0,0,,0.75,12
1110,1bca11e6-8220-11f1-b0da-2389f409459f,2,"[0, 0, 0, 1, 0, 0, 0, 0, 0, 0, 1, 0]",6,0,0,,0.75,12
1111,1bca11e6-8220-11f1-b0da-2389f409459f,2,"[0, 0, 0, 1, 0, 0, 0, 0, 0, 0, 1, 0]",7,0,0,,0.75,12
1112,1bca11e6-8220-11f1-b0da-2389f409459f,2,"[0, 0, 0, 1, 0, 0, 0, 0, 0, 0, 1, 0]",8,0,0,,0.75,12
1113,1bca11e6-8220-11f1-b0da-2389f409459f,2,"[0, 0, 0, 1, 0, 0, 0, 0, 0, 0, 1, 0]",9,0,0,,0.75,12
1114,1bca11e6-8220-11f1-b0da-2389f409459f,2,"[0, 0, 0, 1, 0, 0, 0, 0, 0, 0, 1, 0]",10,1,1,,0.75,12
1115,1bca11e6-8220-11f1-b0da-2389f409459f,2,"[0, 0, 0, 1, 0, 0, 0, 0, 0, 0, 1, 0]",11,0,0,,0.75,12
1116,1bca11e6-8220-11f1-b0da-2389f409459f,3,"[0, 1, 1, 0, 0, 0, 1, 0, 1, 0, 0, 0]",0,0,0,,0.75,12
1117,1bca11e6-8220-11f1-b0da-2389f409459f,3,"[0, 1, 1, 0, 0, 0, 1, 0, 1, 0, 0, 0]",1,1,1,,0.75,12
1118,1bca11e6-8220-11f1-b0da-2389f409459f,3,"[0, 1, 1, 0, 0, 0, 1, 0, 1, 0, 0, 0]",2,1,1,,0.75,12
1119,1bca11e6-8220-11f1-b0da-2389f409459f,3,"[0, 1, 1, 0, 0, 0, 1, 0, 1, 0, 0, 0]",3,0,0,,0.75,12
1120,1bca11e6-8220-11f1-b0da-2389f409459f,3,"[0, 1, 1, 0, 0, 0, 1, 0, 1, 0, 0, 0]",4,0,0,,0.75,12
1121,1bca11e6-8220-11f1-b0da-2389f409459f,3,"[0, 1, 1, 0, 0, 0, 1, 0, 1, 0, 0, 0]",5,0,0,,0.75,12
1122,1bca11e6-8220-11f1-b0da-2389f409459f,3,"[0, 1, 1, 0, 0, 0, 1, 0, 1, 0, 0, 0]",6,1,1,,0.75,12
1123,1bca11e6-8220-11f1-b0da-2389f409459f,3,"[0, 1, 1, 0, 0, 0, 1, 0, 1, 0, 0, 0]",7,0,0,,0.75,12
1124,1bca11e6-8220-11f1-b0da-2389f409459f,3,"[0, 1, 1, 0, 0, 0, 1, 0, 1, 0, 0, 0]",8,1,1,,0.75,12
1125,1bca11e6-8220-11f1-b0da-2389f409459f,3,"[0, 1, 1, 0, 0, 0, 1, 0, 1, 0, 0, 0]",9,0,0,,0.75,12
1126,1bca11e6-8220-11f1-b0da-2389f409459f,3,"[0, 1, 1, 0, 0, 0, 1, 0, 1, 0, 0, 0]",10,0,0,,0.75,12
1127,1bca11e6-8220-11f1-b0da-2389f409459f,3,"[0, 1, 1, 0, 0, 0, 1, 0, 1, 0, 0, 0]",11,0,0,,0.75,12
1128,1bca11e6-8220-11f1-b0da-2389f409459f,4,"[1, 1, 0, 1, 1, 1, 1, 1, 0, 0, 1, 1]",0,1,1,,0.75,12
1129,1bca11e6-8220-11f1-b0da-2389f409459f,4,"[1, 1, 0, 1, 1, 1, 1, 1, 0, 0, 1, 1]",1,1,1,,0.75,12
1130,1bca11e6-8220-11f1-b0da-2389f409459f,4,"[1, 1, 0, 1, 1, 1, 1, 1, 0, 0, 1, 1]",2,0,0,,0.75,12
1131,1bca11e6-8220-11f1-b0da-2389f409459f,4,"[1, 1, 0, 1, 1, 1, 1, 1, 0, 0, 1, 1]",3,1,1,,0.75,12
1132,1bca11e6-8220-11f1-b0da-2389f409459f,4,"[1, 1, 0, 1, 1, 1, 1, 1, 0, 0, 1, 1]",4,1,1,,0.75,12
1133,1bca11e6-8220-11f1-b0da-2389f409459f,4,"[1, 1, 0, 1, 1, 1, 1, 1, 0, 0, 1, 1]",5,1,1,,0.75,12
1134,1bca11e6-8220-11f1-b0da-2389f409459f,4,"[1, 1, 0, 1, 1, 1, 1, 1, 0, 0, 1, 1]",6,1,1,,0.75,12
1135,1bca11e6-8220-11f1-b0da-2389f409459f,4,"[1, 1, 0, 1, 1, 1, 1, 1, 0, 0, 1, 1]",7,1,1,,0.75,12
1136,1bca11e6-8220-11f1-b0da-2389f409459f,4,"[1, 1, 0, 1, 1, 1, 1, 1, 0, 0, 1, 1]",8,0,0,,0.75,12
1137,1bca11e6-8220-11f1-b0da-2389f409459f,4,"[1, 1, 0, 1, 1, 1, 1, 1, 0, 0, 1, 1]",9,0,0,,0.75,12
1138,1bca11e6-8220-11f1-b0da-2389f409459f,4,"[1, 1, 0, 1, 1, 1, 1, 1, 0, 0, 1, 1]",10,1,1,,0.75,12
1139,1bca11e6-8220-11f1-b0da-2389f409459f,4,"[1, 1, 0, 1, 1, 1, 1, 1, 0, 0, 1, 1]",11,1,1,,0.75,12
1140,1bca11e6-8220-11f1-b0da-2389f409459f,5,"[0, 1, 0, 0, 0, 0, 1, 1, 1, 0, 1, 1]",0,0,0,,0.75,12
1141,1bca11e6-8220-11f1-b0da-2389f409459f,5,"[0, 1, 0, 0, 0, 0, 1, 1, 1, 0, 1, 1]",1,1,1,,0.75,12
1142,1bca11e6-8220-11f1-b0da-2389f409459f,5,"[0, 1, 0, 0, 0, 0, 1, 1, 1, 0, 1, 1]",2,0,0,,0.75,12
1143,1bca11e6-8220-11f1-b0da-2389f409459f,5,"[0, 1, 0, 0, 0, 0, 1, 1, 1, 0, 1, 1]",3,0,0,,0.75,12
1144,1bca11e6-8220-11f1-b0da-2389f409459f,5,"[0, 1, 0, 0, 0, 0, 1, 1, 1, 0, 1, 1]",4,0,0,,0.75,12
1145,1bca11e6-8220-11f1-b0da-2389f409459f,5,"[0, 1, 0, 0, 0, 0, 1, 1, 1, 0, 1, 1]",5,0,0,,0.75,12
1146,1bca11e6-8220-11f1-b0da-2389f409459f,5,"[0, 1, 0, 0, 0, 0, 1, 1, 1, 0, 1, 1]",6,1,1,,0.75,12
1147,1bca11e6-8220-11f1-b0da-2389f409459f,5,"[0, 1, 0, 0, 0, 0, 1, 1, 1, 0, 1, 1]",7,1,1,,0.75,12
1148,1bca11e6-8220-11f1-b0da-2389f409459f,5,"[0, 1, 0, 0, 0, 0, 1, 1, 1, 0, 1, 1]",8,1,1,,0.75,12
1149,1bca11e6-8220-11f1-b0da-2389f409459f,5,"[0, 1, 0, 0, 0, 0, 1, 1, 1, 0, 1, 1]",9,0,0,,0.75,12
1150,1bca11e6-8220-11f1-b0da-2389f409459f,5,"[0, 1, 0, 0, 0, 0, 1, 1, 1, 0, 1, 1]",10,1,1,,0.75,12
1151,1bca11e6-8220-11f1-b0da-2389f409459f,5,"[0, 1, 0, 0, 0, 0, 1, 1, 1, 0, 1, 1]",11,1,1,,0.75,12
1152,1bca11e6-8220-11f1-b0da-2389f409459f,6,"[0, 0, 1, 1, 1, 0, 0, 1, 1, 1, 0, 0]",0,0,0,,0.75,12
1153,1bca11e6-8220-11f1-b0da-2389f409459f,6,"[0, 0, 1, 1, 1, 0, 0, 1, 1, 1, 0, 0]",1,0,0,,0.75,12
1154,1bca11e6-8220-11f1-b0da-2389f409459f,6,"[0, 0, 1, 1, 1, 0, 0, 1, 1, 1, 0, 0]",2,1,1,,0.75,12
1155,1bca11e6-8220-11f1-b0da-2389f409459f,6,"[0, 0, 1, 1, 1, 0, 0, 1, 1, 1, 0, 0]",3,1,1,,0.75,12
1156,1bca11e6-8220-11f1-b0da-2389f409459f,6,"[0, 0, 1, 1, 1, 0, 0, 1, 1, 1, 0, 0]",4,1,1,,0.75,12
1157,1bca11e6-8220-11f1-b0da-2389f409459f,6,"[0, 0, 1, 1, 1, 0, 0, 1, 1, 1, 0, 0]",5,0,0,,0.75,12
1158,1bca11e6-8220-11f1-b0da-2389f409459f,6,"[0, 0, 1, 1, 1, 0, 0, 1, 1, 1, 0, 0]",6,0,0,,0.75,12
1159,1bca11e6-8220-11f1-b0da-2389f409459f,6,"[0, 0, 1, 1, 1, 0, 0, 1, 1, 1, 0, 0]",7,1,1,,0.75,12
1160,1bca11e6-8220-11f1-b0da-2389f409459f,6,"[0, 0, 1, 1, 1, 0, 0, 1, 1, 1, 0, 0]",8,1,1,,0.75,12
1161,1bca11e6-8220-11f1-b0da-2389f409459f,6,"[0, 0, 1, 1, 1, 0, 0, 1, 1, 1, 0, 0]",9,1,1,,0.75,12
1162,1bca11e6-8220-11f1-b0da-2389f409459f,6,"[0, 0, 1, 1, 1, 0, 0, 1, 1, 1, 0, 0]",10,0,0,,0.75,12
1163,1bca11e6-8220-11f1-b0da-2389f409459f,6,"[0, 0, 1, 1, 1, 0, 0, 1, 1, 1, 0, 0]",11,0,0,,0.75,12
1164,1bca11e6-8220-11f1-b0da-2389f409459f,7,"[1, 1, 0, 0, 0, 0, 0, 0, 1, 0, 0, 0]",0,1,1,,0.75,12
1165,1bca11e6-8220-11f1-b0da-2389f409459f,7,"[1, 1, 0, 0, 0, 0, 0, 0, 1, 0, 0, 0]",1,1,1,,0.75,12
1166,1bca11e6-8220-11f1-b0da-2389f409459f,7,"[1, 1, 0, 0, 0, 0, 0, 0, 1, 0, 0, 0]",2,0,0,,0.75,12
1167,1bca11e6-8220-11f1-b0da-2389f409459f,7,"[1, 1, 0, 0, 0, 0, 0, 0, 1, 0, 0, 0]",3,0,0,,0.75,12
1168,1bca11e6-8220-11f1-b0da-2389f409459f,7,"[1, 1, 0, 0, 0, 0, 0, 0, 1, 0, 0, 0]",4,0,0,,0.75,12
1169,1bca11e6-8220-11f1-b0da-2389f409459f,7,"[1, 1, 0, 0, 0, 0, 0, 0, 1, 0, 0, 0]",5,0,0,,0.75,12
1170,1bca11e6-8220-11f1-b0da-2389f409459f,7,"[1, 1, 0, 0, 0, 0, 0, 0, 1, 0, 0, 0]",6,0,0,,0.75,12
1171,1bca11e6-8220-11f1-b0da-2389f409459f,7,"[1, 1, 0, 0, 0, 0, 0, 0, 1, 0, 0, 0]",7,0,0,,0.75,12
1172,1bca11e6-8220-11f1-b0da-2389f409459f,7,"[1, 1, 0, 0, 0, 0, 0, 0, 1, 0, 0, 0]",8,1,1,,0.75,12
1173,1bca11e6-8220-11f1-b0da-2389f409459f,7,"[1, 1, 0, 0, 0, 0, 0, 0, 1, 0, 0, 0]",9,0,0,,0.75,12
1174,1bca11e6-8220-11f1-b0da-2389f409459f,7,"[1, 1, 0, 0, 0, 0, 0, 0, 1, 0, 0, 0]",10,0,0,,0.75,12
1175,1bca11e6-8220-11f1-b0da-2389f409459f,7,"[1, 1, 0, 0, 0, 0, 0, 0, 1, 0, 0, 0]",11,0,0,,0.75,12
1176,1bca11e6-8220-11f1-b0da-2389f409459f,8,"[1, 0, 1, 1, 0, 1, 1, 0, 1, 0, 1, 1]",0,1,1,,0.75,12
1177,1bca11e6-8220-11f1-b0da-2389f409459f,8,"[1, 0, 1, 1, 0, 1, 1, 0, 1, 0, 1, 1]",1,0,0,,0.75,12
1178,1bca11e6-8220-11f1-b0da-2389f409459f,8,"[1, 0, 1, 1, 0, 1, 1, 0, 1, 0, 1, 1]",2,1,1,,0.75,12
1179,1bca11e6-8220-11f1-b0da-2389f409459f,8,"[1, 0, 1, 1, 0, 1, 1, 0, 1, 0, 1, 1]",3,1,1,,0.75,12
1180,1bca11e6-8220-11f1-b0da-2389f409459f,8,"[1, 0, 1, 1, 0, 1, 1, 0, 1, 0, 1, 1]",4,0,0,,0.75,12
1181,1bca11e6-8220-11f1-b0da-2389f409459f,8,"[1, 0, 1, 1, 0, 1, 1, 0, 1, 0, 1, 1]",5,1,1,,0.75,12
1182,1bca11e6-8220-11f1-b0da-2389f409459f,8,"[1, 0, 1, 1, 0, 1, 1, 0, 1, 0, 1, 1]",6,1,1,,0.75,12
1183,1bca11e6-8220-11f1-b0da-2389f409459f,8,"[1, 0, 1, 1, 0, 1, 1, 0, 1, 0, 1, 1]",7,0,0,,0.75,12
1184,1bca11e6-8220-11f1-b0da-2389f409459f,8,"[1, 0, 1, 1, 0, 1, 1, 0, 1, 0, 1, 1]",8,1,1,,0.75,12
1185,1bca11e6-8220-11f1-b0da-2389f409459f,8,"[1, 0, 1, 1, 0, 1, 1, 0, 1, 0, 1, 1]",9,0,0,,0.75,12
1186,1bca11e6-8220-11f1-b0da-2389f409459f,8,"[1, 0, 1, 1, 0, 1, 1, 0, 1, 0, 1, 1]",10,1,1,,0.75,12
1187,1bca11e6-8220-11f1-b0da-2389f409459f,8,"[1, 0, 1, 1, 0, 1, 1, 0, 1, 0, 1, 1]",11,1,1,,0.75,12
1188,1bca11e6-8220-11f1-b0da-2389f409459f,9,"[1, 0, 1, 0, 1, 1, 1, 0, 1, 0, 0, 0]",0,1,1,,0.75,12
1189,1bca11e6-8220-11f1-b0da-2389f409459f,9,"[1, 0, 1, 0, 1, 1, 1, 0, 1, 0, 0, 0]",1,0,0,,0.75,12
1190,1bca11e6-8220-11f1-b0da-2389f409459f,9,"[1, 0, 1, 0, 1, 1, 1, 0, 1, 0, 0, 0]",2,1,1,,0.75,12
1191,1bca11e6-8220-11f1-b0da-2389f409459f,9,"[1, 0, 1, 0, 1, 1, 1, 0, 1, 0, 0, 0]",3,0,0,,0.75,12
1192,1bca11e6-8220-11f1-b0da-2389f409459f,9,"[1, 0, 1, 0, 1, 1, 1, 0, 1, 0, 0, 0]",4,1,1,,0.75,12
1193,1bca11e6-8220-11f1-b0da-2389f409459f,9,"[1, 0, 1, 0, 1, 1, 1, 0, 1, 0, 0, 0]",5,1,1,,0.75,12
1194,1bca11e6-8220-11f1-b0da-2389f409459f,9,"[1, 0, 1, 0, 1, 1, 1, 0, 1, 0, 0, 0]",6,1,1,,0.75,12
1195,1bca11e6-8220-11f1-b0da-2389f409459f,9,"[1, 0, 1, 0, 1, 1, 1, 0, 1, 0, 0, 0]",7,0,0,,0.75,12
1196,1bca11e6-8220-11f1-b0da-2389f409459f,9,"[1, 0, 1, 0, 1, 1, 1, 0, 1, 0, 0, 0]",8,1,1,,0.75,12
1197,1bca11e6-8220-11f1-b0da-2389f409459f,9,"[1, 0, 1, 0, 1, 1, 1, 0, 1, 0, 0, 0]",9,0,0,,0.75,12
1198,1bca11e6-8220-11f1-b0da-2389f409459f,9,"[1, 0, 1, 0, 1, 1, 1, 0, 1, 0, 0, 0]",10,0,0,,0.75,12
1199,1bca11e6-8220-11f1-b0da-2389f409459f,9,"[1, 0, 1, 0, 1, 1, 1, 0, 1, 0, 0, 0]",11,0,0,,0.75,12
