,id_sim,round,attendance,id_player,decision,score,model,threshold,num_agents
0,9bb3d7a0-8222-11f1-b0da-2389f409459f,0,"[0, 0]",0,0,0,,0.5,2
1,9bb3d7a0-8222-11f1-b0da-2389f409459f,0,"[0, 0]",1,0,0,,0.5,2
2,9bb3d7a0-8222-11f1-b0da-2389f409459f,1,"[1, 1]",0,1,-1,,0.5,2
3,9bb3d7a0-8222-11f1-b0da-2389f409459f,1,"[1, 1]",1,1,-1,,0.5,2
4,9bb3d7a0-8222-11f1-b0da-2389f409459f,2,"[1, 1]",0,1,-1,,0.5,2
5,9bb3d7a0-8222-11f1-b0da-2389f409459f,2,"[1, 1]",1,1,-1,,0.5,2
6,9bb3d7a0-8222-11f1-b0da-2389f409459f,3,"[0, 0]",0,0,0,,0.5,2
7,9bb3d7a0-8222-11f1-b0da-2389f409459f,3,"[0, 0]",1,0,0,,0.5,2
8,9bb3d7a0-8222-11f1-b0da-2389f409459f,4,"[1, 0]",0,1,1,,0.5,2
9,9bb3d7a0-8222-11f1-b0da-2389f409459f,4,"[1, 0]",1,0,0,,0.5,2
10,9bb3d7a0-8222-11f1-b0da-2389f409459f,5,"[0, 1]",0,0,0,,0.5,2
11,9bb3d7a0-8222-11f1-b0da-2389f409459f,5,"[0, 1]",1,1,1,,0.5,2
12,9bb3d7a0-8222-11f1-b0da-2389f409459f,6,"[1, 0]",0,1,1,,0.5,2
13,9bb3d7a0-8222-11f1-b0da-2389f409459f,6,"[1, 0]",1,0,0,,0.5,2
14,9bb3d7a0-8222-11f1-b0da-2389f409459f,7,"[1, 0]",0,1,1,,0.5,2
15,9bb3d7a0-8222-11f1-b0da-2389f409459f,7,"[1, 0]",1,0,0,,0.5,2
16,9bb3d7a0-8222-11f1-b0da-2389f409459f,8,"[1, 0]",0,1,1,,0.5,2
17,9bb3d7a0-8222-11f1-b0da-2389f409459f,8,"[1, 0]",1,0,0,,0.5,2
18,9bb3d7a0-8222-11f1-b0da-2389f409459f,9,"[1, 0]",0,1,1,,0.5,2
19,9bb3d7a0-8222-11f1-b0da-2389f409459f,9,"[1, 0]",1,0,0,,0.5,2
20,9bb3d7a0-8222-11f1-b0da-2389f409459f,10,"[1, 0]",0,1,1,,0.5,2
21,9bb3d7a0-8222-11f1-b0da-2389f409459f,10,"[1, 0]",1,0,0,,0.5,2
22,9bb3d7a0-8222-11f1-b0da-2389f409459f,11,"[1, 1]",0,1,-1,,0.5,2
23,9bb3d7a0-8222-11f1-b0da-2389f409459f,11,"[1, 1]",1,1,-1,,0.5,2
24,9bb3d7a0-8222-11f1-b0da-2389f409459f,12,"[0, 1]",0,0,0,,0.5,2
25,9bb3d7a0-8222-11f1-b0da-2389f409459f,12,"[0, 1]",1,1,1,,0.5,2
26,9bb3d7a0-8222-11f1-b0da-2389f409459f,13,"[1, 0]",0,1,1,,0.5,2
27,9bb3d7a0-8222-11f1-b0da-2389f409459f,13,"[1, 0]",1,0,0,,0.5,2
28,9bb3d7a0-8222-11f1-b0da-2389f409459f,14,"[1, 1]",0,1,-1,,0.5,2
29,9bb3d7a0-8222-11f1-b0da-2389f409459f,14,"[1, 1]",1,1,-1,,0.5,2
30,9bb3d7a0-8222-11f1-b0da-2389f409459f,15,"[0, 1]",0,0,0,,0.5,2
31,9bb3d7a0-8222-11f1-b0da-2389f409459f,15,"[0, 1]",1,1,1,,0.5,2
32,9bb3d7a0-8222-11f1-b0da-2389f409459f,16,"[1, 1]",0,1,-1,,0.5,2
33,9bb3d7a0-8222-11f1-b0da-2389f409459f,16,"[1, 1]",1,1,-1,,0.5,2
34,9bb3d7a0-8222-11f1-b0da-2389f409459f,17,"[0, 0]",0,0,0,,0.5,2
35,9bb3d7a0-8222-11f1-b0da-2389f409459f,17,"[0, 0]",1,0,0,,0.5,2
36,9bb3d7a0-8222-11f1-b0da-2389f409459f,18,"[0, 0]",0,0,0,,0.5,2
37,9bb3d7a0-8222-11f1-b0da-2389f409459f,18,"[0, 0]",1,0,0,,0.5,2
38,9bb3d7a0-8222-11f1-b0da-2389f409459f,19,"[1, 1]",0,1,-1,,0.5,2
39,9bb3d7a0-8222-11f1-b0da-2389f409459f,19,"[1, 1]",1,1,-1,,0.5,2
40,9bb3d7a0-8222-11f1-b0da-2389f409459f,20,"[0, 0]",0,0,0,,0.5,2
41,9bb3d7a0-8222-11f1-b0da-2389f409459f,20,"[0, 0]",1,0,0,,0.5,2
42,9bb3d7a0-8222-11f1-b0da-2389f409459f,21,"[1, 0]",0,1,1,,0.5,2
43,9bb3d7a0-8222-11f1-b0da-2389f409459f,21,"[1, 0]",1,0,0,,0.5,2
44,9bb3d7a0-8222-11f1-b0da-2389f409459f,22,"[0, 1]",0,0,0,,0.5,2
45,9bb3d7a0-8222-11f1-b0da-2389f409459f,22,"[0, 1]",1,1,1,,0.5,2
46,9bb3d7a0-8222-11f1-b0da-2389f409459f,23,"[1, 0]",0,1,1,,0.5,2
47,9bb3d7a0-8222-11f1-b0da-2389f409459f,23,"[1, 0]",1,0,0,,0.5,2
48,9bb3d7a0-8222-11f1-b0da-2389f409459f,24,"[1, 1]",0,1,-1,,0.5,2
49,9bb3d7a0-8222-11f1-b0da-2389f409459f,24,"[1, 1]",1,1,-1,,0.5,2
50,9bb3d7a0-8222-11f1-b0da-2389f409459f,25,"[0, 1]",0,0,0,,0.5,2
51,9bb3d7a0-8222-11f1-b0da-2389f409459f,25,"[0, 1]",1,1,1,,0.5,2
52,9bb3d7a0-8222-11f1-b0da-2389f409459f,26,"[1, 0]",0,1,1,,0.5,2
53,9bb3d7a0-8222-11f1-b0da-2389f409459f,26,"[1, 0]",1,0,0,,0.5,2
54,9bb3d7a0-8222-11f1-b0da-2389f409459f,27,"[0, 1]",0,0,0,,0.5,2
55,9bb3d7a0-8222-11f1-b0da-2389f409459f,27,"[0, 1]",1,1,1,,0.5,2
56,9bb3d7a0-8222-11f1-b0da-2389f409459f,28,"[1, 1]",0,1,-1,,0.5,2
57,9bb3d7a0-8222-11f1-b0da-2389f409459f,28,"[1, 1]",1,1,-1,,0.5,2
58,9bb3d7a0-8222-11f1-b0da-2389f409459f,29,"[0, 0]",0,0,0,,0.5,2
59,9bb3d7a0-8222-11f1-b0da-2389f409459f,29,"[0, 0]",1,0,0,,0.5,2
60,9bb3d7a0-8222-11f1-b0da-2389f409459f,30,"[1, 0]",0,1,1,,0.5,2
61,9bb3d7a0-8222-11f1-b0da-2389f409459f,30,"[1, 0]",1,0,0,,0.5,2
62,9bb3d7a0-8222-11f1-b0da-2389f409459f,31,"[1, 1]",0,1,-1,,0.5,2
63,9bb3d7a0-8222-11f1-b0da-2389f409459f,31,"[1, 1]",1,1,-1,,0.5,2
64,9bb3d7a0-8222-11f1-b0da-2389f409459f,32,"[0, 0]",0,0,0,,0.5,2
65,9bb3d7a0-8222-11f1-b0da-2389f409459f,32,"[0, 0]",1,0,0,,0.5,2
66,9bb3d7a0-8222-11f1-b0da-2389f409459f,33,"[0, 0]",0,0,0,,0.5,2
67,9bb3d7a0-8222-11f1-b0da-2389f409459f,33,"[0, 0]",1,0,0,,0.5,2
68,9bb3d7a0-8222-11f1-b0da-2389f409459f,34,"[1, 0]",0,1,1,,0.5,2
69,9bb3d7a0-8222-11f1-b0da-2389f409459f,34,"[1, 0]",1,0,0,,0.5,2
70,9bb3d7a0-8222-11f1-b0da-2389f409459f,35,"[0, 1]",0,0,0,,0.5,2
71,9bb3d7a0-8222-11f1-b0da-2389f409459f,35,"[0, 1]",1,1,1,,0.5,2
72,9bb3d7a0-8222-11f1-b0da-2389f409459f,36,"[1, 0]",0,1,1,,0.5,2
73,9bb3d7a0-8222-11f1-b0da-2389f409459f,36,"[1, 0]",1,0,0,,0.5,2
74,9bb3d7a0-8222-11f1-b0da-2389f409459f,37,"[1, 1]",0,1,-1,,0.5,2
75,9bb3d7a0-8222-11f1-b0da-2389f409459f,37,"[1, 1]",1,1,-1,,0.5,2
76,9bb3d7a0-8222-11f1-b0da-2389f409459f,38,"[1, 1]",0,1,-1,,0.5,2
77,9bb3d7a0-8222-11f1-b0da-2389f409459f,38,"[1, 1]",1,1,-1,,0.5,2
78,9bb3d7a0-8222-11f1-b0da-2389f409459f,39,"[0, 1]",0,0,0,,0.5,2
79,9bb3d7a0-8222-11f1-b0da-2389f409459f,39,"[0, 1]",1,1,1,,0.5,2
80,9bb3d7a0-8222-11f1-b0da-2389f409459f,40,"[1, 0]",0,1,1,,0.5,2
81,9bb3d7a0-8222-11f1-b0da-2389f409459f,40,"[1, 0]",1,0,0,,0.5,2
82,9bb3d7a0-8222-11f1-b0da-2389f409459f,41,"[1, 1]",0,1,-1,,0.5,2
83,9bb3d7a0-8222-11f1-b0da-2389f409459f,41,"[1, 1]",1,1,-1,,0.5,2
84,9bb3d7a0-8222-11f1-b0da-2389f409459f,42,"[0, 1]",0,0,0,,0.5,2
85,9bb3d7a0-8222-11f1-b0da-2389f409459f,42,"[0, 1]",1,1,1,,0.5,2
86,9bb3d7a0-8222-11f1-b0da-2389f409459f,43,"[1, 0]",0,1,1,,0.5,2
87,9bb3d7a0-8222-11f1-b0da-2389f409459f,43,"[1, 0]",1,0,0,,0.5,2
88,9bb3d7a0-8222-11f1-b0da-2389f409459f,44,"[1, 1]",0,1,-1,,0.5,2
89,9bb3d7a0-8222-11f1-b0da-2389f409459f,44,"[1, 1]",1,1,-1,,0.5,2
90,9bb3d7a0-8222-11f1-b0da-2389f409459f,45,"[0, 0]",0,0,0,,0.5,2
91,9bb3d7a0-8222-11f1-b0da-2389f409459f,45,"[0, 0]",1,0,0,,0.5,2
92,9bb3d7a0-8222-11f1-b0da-2389f409459f,46,"[1, 1]",0,1,-1,,0.5,2
93,9bb3d7a0-8222-11f1-b0da-2389f409459f,46,"[1, 1]",1,1,-1,,0.5,2
94,9bb3d7a0-8222-11f1-b0da-2389f409459f,47,"[0, 1]",0,0,0,,0.5,2
95,9bb3d7a0-8222-11f1-b0da-2389f409459f,47,"[0, 1]",1,1,1,,0.5,2
96,9bb3d7a0-8222-11f1-b0da-2389f409459f,48,"[1, 0]",0,1,1,,0.5,2
97,9bb3d7a0-8222-11f1-b0da-2389f409459f,48,"[1, 0]",1,0,0,,0.5,2
98,9bb3d7a0-8222-11f1-b0da-2389f409459f,49,"[0, 1]",0,0,0,,0.5,2
99,9bb3d7a0-8222-11f1-b0da-2389f409459f,49,"[0, 1]",1,1,1,,0.5,2
100,9bb583a2-8222-11f1-b0da-2389f409459f,0,"[0, 0]",0,0,0,,0.5,2
101,9bb583a2-8222-11f1-b0da-2389f409459f,0,"[0, 0]",1,0,0,,0.5,2
102,9bb583a2-8222-11f1-b0da-2389f409459f,1,"[0, 1]",0,0,0,,0.5,2
103,9bb583a2-8222-11f1-b0da-2389f409459f,1,"[0, 1]",1,1,1,,0.5,2
104,9bb583a2-8222-11f1-b0da-2389f409459f,2,"[1, 0]",0,1,1,,0.5,2
105,9bb583a2-8222-11f1-b0da-2389f409459f,2,"[1, 0]",1,0,0,,0.5,2
106,9bb583a2-8222-11f1-b0da-2389f409459f,3,"[1, 0]",0,1,1,,0.5,2
107,9bb583a2-8222-11f1-b0da-2389f409459f,3,"[1, 0]",1,0,0,,0.5,2
108,9bb583a2-8222-11f1-b0da-2389f409459f,4,"[1, 0]",0,1,1,,0.5,2
109,9bb583a2-8222-11f1-b0da-2389f409459f,4,"[1, 0]",1,0,0,,0.5,2
110,9bb583a2-8222-11f1-b0da-2389f409459f,5,"[1, 0]",0,1,1,,0.5,2
111,9bb583a2-8222-11f1-b0da-2389f409459f,5,"[1, 0]",1,0,0,,0.5,2
112,9bb583a2-8222-11f1-b0da-2389f409459f,6,"[1, 0]",0,1,1,,0.5,2
113,9bb583a2-8222-11f1-b0da-2389f409459f,6,"[1, 0]",1,0,0,,0.5,2
114,9bb583a2-8222-11f1-b0da-2389f409459f,7,"[1, 0]",0,1,1,,0.5,2
115,9bb583a2-8222-11f1-b0da-2389f409459f,7,"[1, 0]",1,0,0,,0.5,2
116,9bb583a2-8222-11f1-b0da-2389f409459f,8,"[1, 0]",0,1,1,,0.5,2
117,9bb583a2-8222-11f1-b0da-2389f409459f,8,"[1, 0]",1,0,0,,0.5,2
118,9bb583a2-8222-11f1-b0da-2389f409459f,9,"[1, 0]",0,1,1,,0.5,2
119,9bb583a2-8222-11f1-b0da-2389f409459f,9,"[1, 0]",1,0,0,,0.5,2
120,9bb583a2-8222-11f1-b0da-2389f409459f,10,"[1, 0]",0,1,1,,0.5,2
121,9bb583a2-8222-11f1-b0da-2389f409459f,10,"[1, 0]",1,0,0,,0.5,2
122,9bb583a2-8222-11f1-b0da-2389f409459f,11,"[1, 0]",0,1,1,,0.5,2
123,9bb583a2-8222-11f1-b0da-2389f409459f,11,"[1, 0]",1,0,0,,0.5,2
124,9bb583a2-8222-11f1-b0da-2389f409459f,12,"[0, 0]",0,0,0,,0.5,2
125,9bb583a2-8222-11f1-b0da-2389f409459f,12,"[0, 0]",1,0,0,,0.5,2
126,9bb583a2-8222-11f1-b0da-2389f409459f,13,"[1, 0]",0,1,1,,0.5,2
127,9bb583a2-8222-11f1-b0da-2389f409459f,13,"[1, 0]",1,0,0,,0.5,2
128,9bb583a2-8222-11f1-b0da-2389f409459f,14,"[1, 0]",0,1,1,,0.5,2
129,9bb583a2-8222-11f1-b0da-2389f409459f,14,"[1, 0]",1,0,0,,0.5,2
130,9bb583a2-8222-11f1-b0da-2389f409459f,15,"[1, 0]",0,1,1,,0.5,2
131,9bb583a2-8222-11f1-b0da-2389f409459f,15,"[1, 0]",1,0,0,,0.5,2
132,9bb583a2-8222-11f1-b0da-2389f409459f,16,"[1, 1]",0,1,-1,,0.5,2
133,9bb583a2-8222-11f1-b0da-2389f409459f,16,"[1, 1]",1,1,-1,,0.5,2
134,9bb583a2-8222-11f1-b0da-2389f409459f,17,"[0, 0]",0,0,0,,0.5,2
135,9bb583a2-8222-11f1-b0da-2389f409459f,17,"[0, 0]",1,0,0,,0.5,2
136,9bb583a2-8222-11f1-b0da-2389f409459f,18,"[1, 1]",0,1,-1,,0.5,2
137,9bb583a2-8222-11f1-b0da-2389f409459f,18,"[1, 1]",1,1,-1,,0.5,2
138,9bb583a2-8222-11f1-b0da-2389f409459f,19,"[0, 1]",0,0,0,,0.5,2
139,9bb583a2-8222-11f1-b0da-2389f409459f,19,"[0, 1]",1,1,1,,0.5,2
140,9bb583a2-8222-11f1-b0da-2389f409459f,20,"[0, 0]",0,0,0,,0.5,2
141,9bb583a2-8222-11f1-b0da-2389f409459f,20,"[0, 0]",1,0,0,,0.5,2
142,9bb583a2-8222-11f1-b0da-2389f409459f,21,"[1, 1]",0,1,-1,,0.5,2
143,9bb583a2-8222-11f1-b0da-2389f409459f,21,"[1, 1]",1,1,-1,,0.5,2
144,9bb583a2-8222-11f1-b0da-2389f409459f,22,"[0, 0]",0,0,0,,0.5,2
145,9bb583a2-8222-11f1-b0da-2389f409459f,22,"[0, 0]",1,0,0,,0.5,2
146,9bb583a2-8222-11f1-b0da-2389f409459f,23,"[1, 0]",0,1,1,,0.5,2
147,9bb583a2-8222-11f1-b0da-2389f409459f,23,"[1, 0]",1,0,0,,0.5,2
148,9bb583a2-8222-11f1-b0da-2389f409459f,24,"[1, 0]",0,1,1,,0.5,2
149,9bb583a2-8222-11f1-b0da-2389f409459f,24,"[1, 0]",1,0,0,,0.5,2
150,9bb583a2-8222-11f1-b0da-2389f409459f,25,"[1, 0]",0,1,1,,0.5,2
151,9bb583a2-8222-11f1-b0da-2389f409459f,25,"[1, 0]",1,0,0,,0.5,2
152,9bb583a2-8222-11f1-b0da-2389f409459f,26,"[1, 0]",0,1,1,,0.5,2
153,9bb583a2-8222-11f1-b0da-2389f409459f,26,"[1, 0]",1,0,0,,0.5,2
154,9bb583a2-8222-11f1-b0da-2389f409459f,27,"[1, 0]",0,1,1,,0.5,2
155,9bb583a2-8222-11f1-b0da-2389f409459f,27,"[1, 0]",1,0,0,,0.5,2
156,9bb583a2-8222-11f1-b0da-2389f409459f,28,"[1, 0]",0,1,1,,0.5,2
157,9bb583a2-8222-11f1-b0da-2389f409459f,28,"[1, 0]",1,0,0,,0.5,2
158,9bb583a2-8222-11f1-b0da-2389f409459f,29,"[1, 1]",0,1,-1,,0.5,2
159,9bb583a2-8222-11f1-b0da-2389f409459f,29,"[1, 1]",1,1,-1,,0.5,2
160,9bb583a2-8222-11f1-b0da-2389f409459f,30,"[0, 0]",0,0,0,,0.5,2
161,9bb583a2-8222-11f1-b0da-2389f409459f,30,"[0, 0]",1,0,0,,0.5,2
162,9bb583a2-8222-11f1-b0da-2389f409459f,31,"[1, 1]",0,1,-1,,0.5,2
163,9bb583a2-8222-11f1-b0da-2389f409459f,31,"[1, 1]",1,1,-1,,0.5,2
164,9bb583a2-8222-11f1-b0da-2389f409459f,32,"[0, 1]",0,0,0,,0.5,2
165,9bb583a2-8222-11f1-b0da-2389f409459f,32,"[0, 1]",1,1,1,,0.5,2
166,9bb583a2-8222-11f1-b0da-2389f409459f,33,"[0, 0]",0,0,0,,0.5,2
167,9bb583a2-8222-11f1-b0da-2389f409459f,33,"[0, 0]",1,0,0,,0.5,2
168,9bb583a2-8222-11f1-b0da-2389f409459f,34,"[1, 0]",0,1,1,,0.5,2
169,9bb583a2-8222-11f1-b0da-2389f409459f,34,"[1, 0]",1,0,0,,0.5,2
170,9bb583a2-8222-11f1-b0da-2389f409459f,35,"[1, 0]",0,1,1,,0.5,2
171,9bb583a2-8222-11f1-b0da-2389f409459f,35,"[1, 0]",1,0,0,,0.5,2
172,9bb583a2-8222-11f1-b0da-2389f409459f,36,"[1, 1]",0,1,-1,,0.5,2
173,9bb583a2-8222-11f1-b0da-2389f409459f,36,"[1, 1]",1,1,-1,,0.5,2
174,9bb583a2-8222-11f1-b0da-2389f409459f,37,"[0, 1]",0,0,0,,0.5,2
175,9bb583a2-8222-11f1-b0da-2389f409459f,37,"[0, 1]",1,1,1,,0.5,2
176,9bb583a2-8222-11f1-b0da-2389f409459f,38,"[0, 0]",0,0,0,,0.5,2
177,9bb583a2-8222-11f1-b0da-2389f409459f,38,"[0, 0]",1,0,0,,0.5,2
178,9bb583a2-8222-11f1-b0da-2389f409459f,39,"[1, 0]",0,1,1,,0.5,2
179,9bb583a2-8222-11f1-b0da-2389f409459f,39,"[1, 0]",1,0,0,,0.5,2
180,9bb583a2-8222-11f1-b0da-2389f409459f,40,"[1, 0]",0,1,1,,0.5,2
181,9bb583a2-8222-11f1-b0da-2389f409459f,40,"[1, 0]",1,0,0,,0.5,2
182,9bb583a2-8222-11f1-b0da-2389f409459f,41,"[1, 0]",0,1,1,,0.5,2
183,9bb583a2-8222-11f1-b0da-2389f409459f,41,"[1, 0]",1,0,0,,0.5,2
184,9bb583a2-8222-11f1-b0da-2389f409459f,42,"[1, 1]",0,1,-1,,0.5,2
185,9bb583a2-8222-11f1-b0da-2389f409459f,42,"[1, 1]",1,1,-1,,0.5,2
186,9bb583a2-8222-11f1-b0da-2389f409459f,43,"[0, 0]",0,0,0,,0.5,2
187,9bb583a2-8222-11f1-b0da-2389f409459f,43,"[0, 0]",1,0,0,,0.5,2
188,9bb583a2-8222-11f1-b0da-2389f409459f,44,"[1, 0]",0,1,1,,0.5,2
189,9bb583a2-8222-11f1-b0da-2389f409459f,44,"[1, 0]",1,0,0,,0.5,2
190,9bb583a2-8222-11f1-b0da-2389f409459f,45,"[1, 0]",0,1,1,,0.5,2
191,9bb583a2-8222-11f1-b0da-2389f409459f,45,"[1, 0]",1,0,0,,0.5,2
192,9bb583a2-8222-11f1-b0da-2389f409459f,46,"[1, 1]",0,1,-1,,0.5,2
193,9bb583a2-8222-11f1-b0da-2389f409459f,46,"[1, 1]",1,1,-1,,0.5,2
194,9bb583a2-8222-11f1-b0da-2389f409459f,47,"[0, 0]",0,0,0,,0.5,2
195,9bb583a2-8222-11f1-b0da-2389f409459f,47,"[0, 0]",1,0,0,,0.5,2
196,9bb583a2-8222-11f1-b0da-2389f409459f,48,"[1, 1]",0,1,-1,,0.5,2
197,9bb583a2-8222-11f1-b0da-2389f409459f,48,"[1, 1]",1,1,-1,,0.5,2
198,9bb583a2-8222-11f1-b0da-2389f409459f,49,"[0, 0]",0,0,0,,0.5,2
199,9bb583a2-8222-11f1-b0da-2389f409459f,49,"[0, 0]",1,0,0,,0.5,2
200,9bb71b72-8222-11f1-b0da-2389f409459f,0,"[0, 1]",0,0,0,,0.5,2
201,9bb71b72-8222-11f1-b0da-2389f409459f,0,"[0, 1]",1,1,1,,0.5,2
202,9bb71b72-8222-11f1-b0da-2389f409459f,1,"[0, 0]",0,0,0,,0.5,2
203,9bb71b72-8222-11f1-b0da-2389f409459f,1,"[0, 0]",1,0,0,,0.5,2
204,9bb71b72-8222-11f1-b0da-2389f409459f,2,"[1, 0]",0,1,1,,0.5,2
205,9bb71b72-8222-11f1-b0da-2389f409459f,2,"[1, 0]",1,0,0,,0.5,2
206,9bb71b72-8222-11f1-b0da-2389f409459f,3,"[0, 0]",0,0,0,,0.5,2
207,9bb71b72-8222-11f1-b0da-2389f409459f,3,"[0, 0]",1,0,0,,0.5,2
208,9bb71b72-8222-11f1-b0da-2389f409459f,4,"[0, 1]",0,0,0,,0.5,2
209,9bb71b72-8222-11f1-b0da-2389f409459f,4,"[0, 1]",1,1,1,,0.5,2
210,9bb71b72-8222-11f1-b0da-2389f409459f,5,"[1, 0]",0,1,1,,0.5,2
211,9bb71b72-8222-11f1-b0da-2389f409459f,5,"[1, 0]",1,0,0,,0.5,2
212,9bb71b72-8222-11f1-b0da-2389f409459f,6,"[1, 0]",0,1,1,,0.5,2
213,9bb71b72-8222-11f1-b0da-2389f409459f,6,"[1, 0]",1,0,0,,0.5,2
214,9bb71b72-8222-11f1-b0da-2389f409459f,7,"[0, 1]",0,0,0,,0.5,2
215,9bb71b72-8222-11f1-b0da-2389f409459f,7,"[0, 1]",1,1,1,,0.5,2
216,9bb71b72-8222-11f1-b0da-2389f409459f,8,"[1, 0]",0,1,1,,0.5,2
217,9bb71b72-8222-11f1-b0da-2389f409459f,8,"[1, 0]",1,0,0,,0.5,2
218,9bb71b72-8222-11f1-b0da-2389f409459f,9,"[1, 0]",0,1,1,,0.5,2
219,9bb71b72-8222-11f1-b0da-2389f409459f,9,"[1, 0]",1,0,0,,0.5,2
220,9bb71b72-8222-11f1-b0da-2389f409459f,10,"[0, 0]",0,0,0,,0.5,2
221,9bb71b72-8222-11f1-b0da-2389f409459f,10,"[0, 0]",1,0,0,,0.5,2
222,9bb71b72-8222-11f1-b0da-2389f409459f,11,"[1, 1]",0,1,-1,,0.5,2
223,9bb71b72-8222-11f1-b0da-2389f409459f,11,"[1, 1]",1,1,-1,,0.5,2
224,9bb71b72-8222-11f1-b0da-2389f409459f,12,"[0, 1]",0,0,0,,0.5,2
225,9bb71b72-8222-11f1-b0da-2389f409459f,12,"[0, 1]",1,1,1,,0.5,2
226,9bb71b72-8222-11f1-b0da-2389f409459f,13,"[1, 0]",0,1,1,,0.5,2
227,9bb71b72-8222-11f1-b0da-2389f409459f,13,"[1, 0]",1,0,0,,0.5,2
228,9bb71b72-8222-11f1-b0da-2389f409459f,14,"[1, 1]",0,1,-1,,0.5,2
229,9bb71b72-8222-11f1-b0da-2389f409459f,14,"[1, 1]",1,1,-1,,0.5,2
230,9bb71b72-8222-11f1-b0da-2389f409459f,15,"[0, 0]",0,0,0,,0.5,2
231,9bb71b72-8222-11f1-b0da-2389f409459f,15,"[0, 0]",1,0,0,,0.5,2
232,9bb71b72-8222-11f1-b0da-2389f409459f,16,"[0, 0]",0,0,0,,0.5,2
233,9bb71b72-8222-11f1-b0da-2389f409459f,16,"[0, 0]",1,0,0,,0.5,2
234,9bb71b72-8222-11f1-b0da-2389f409459f,17,"[0, 0]",0,0,0,,0.5,2
235,9bb71b72-8222-11f1-b0da-2389f409459f,17,"[0, 0]",1,0,0,,0.5,2
236,9bb71b72-8222-11f1-b0da-2389f409459f,18,"[1, 0]",0,1,1,,0.5,2
237,9bb71b72-8222-11f1-b0da-2389f409459f,18,"[1, 0]",1,0,0,,0.5,2
238,9bb71b72-8222-11f1-b0da-2389f409459f,19,"[0, 0]",0,0,0,,0.5,2
239,9bb71b72-8222-11f1-b0da-2389f409459f,19,"[0, 0]",1,0,0,,0.5,2
240,9bb71b72-8222-11f1-b0da-2389f409459f,20,"[0, 0]",0,0,0,,0.5,2
241,9bb71b72-8222-11f1-b0da-2389f409459f,20,"[0, 0]",1,0,0,,0.5,2
242,9bb71b72-8222-11f1-b0da-2389f409459f,21,"[0, 0]",0,0,0,,0.5,2
243,9bb71b72-8222-11f1-b0da-2389f409459f,21,"[0, 0]",1,0,0,,0.5,2
244,9bb71b72-8222-11f1-b0da-2389f409459f,22,"[1, 1]",0,1,-1,,0.5,2
245,9bb71b72-8222-11f1-b0da-2389f409459f,22,"[1, 1]",1,1,-1,,0.5,2
246,9bb71b72-8222-11f1-b0da-2389f409459f,23,"[0, 0]",0,0,0,,0.5,2
247,9bb71b72-8222-11f1-b0da-2389f409459f,23,"[0, 0]",1,0,0,,0.5,2
248,9bb71b72-8222-11f1-b0da-2389f409459f,24,"[1, 0]",0,1,1,,0.5,2
249,9bb71b72-8222-11f1-b0da-2389f409459f,24,"[1, 0]",1,0,0,,0.5,2
250,9bb71b72-8222-11f1-b0da-2389f409459f,25,"[1, 1]",0,1,-1,,0.5,2
251,9bb71b72-8222-11f1-b0da-2389f409459f,25,"[1, 1]",1,1,-1,,0.5,2
252,9bb71b72-8222-11f1-b0da-2389f409459f,26,"[1, 1]",0,1,-1,,0.5,2
253,9bb71b72-8222-11f1-b0da-2389f409459f,26,"[1, 1]",1,1,-1,,0.5,2
254,9bb71b72-8222-11f1-b0da-2389f409459f,27,"[0, 1]",0,0,0,,0.5,2
255,9bb71b72-8222-11f1-b0da-2389f409459f,27,"[0, 1]",1,1,1,,0.5,2
256,9bb71b72-8222-11f1-b0da-2389f409459f,28,"[1, 0]",0,1,1,,0.5,2
257,9bb71b72-8222-11f1-b0da-2389f409459f,28,"[1, 0]",1,0,0,,0.5,2
258,9bb71b72-8222-11f1-b0da-2389f409459f,29,"[1, 0]",0,1,1,,0.5,2
259,9bb71b72-8222-11f1-b0da-2389f409459f,29,"[1, 0]",1,0,0,,0.5,2
260,9bb71b72-8222-11f1-b0da-2389f409459f,30,"[0, 0]",0,0,0,,0.5,2
261,9bb71b72-8222-11f1-b0da-2389f409459f,30,"[0, 0]",1,0,0,,0.5,2
262,9bb71b72-8222-11f1-b0da-2389f409459f,31,"[1, 1]",0,1,-1,,0.5,2
263,9bb71b72-8222-11f1-b0da-2389f409459f,31,"[1, 1]",1,1,-1,,0.5,2
264,9bb71b72-8222-11f1-b0da-2389f409459f,32,"[1, 1]",0,1,-1,,0.5,2
265,9bb71b72-8222-11f1-b0da-2389f409459f,32,"[1, 1]",1,1,-1,,0.5,2
266,9bb71b72-8222-11f1-b0da-2389f409459f,33,"[0, 0]",0,0,0,,0.5,2
267,9bb71b72-8222-11f1-b0da-2389f409459f,33,"[0, 0]",1,0,0,,0.5,2
268,9bb71b72-8222-11f1-b0da-2389f409459f,34,"[1, 1]",0,1,-1,,0.5,2
269,9bb71b72-8222-11f1-b0da-2389f409459f,34,"[1, 1]",1,1,-1,,0.5,2
270,9bb71b72-8222-11f1-b0da-2389f409459f,35,"[0, 0]",0,0,0,,0.5,2
271,9bb71b72-8222-11f1-b0da-2389f409459f,35,"[0, 0]",1,0,0,,0.5,2
272,9bb71b72-8222-11f1-b0da-2389f409459f,36,"[1, 1]",0,1,-1,,0.5,2
273,9bb71b72-8222-11f1-b0da-2389f409459f,36,"[1, 1]",1,1,-1,,0.5,2
274,9bb71b72-8222-11f1-b0da-2389f409459f,37,"[0, 1]",0,0,0,,0.5,2
275,9bb71b72-8222-11f1-b0da-2389f409459f,37,"[0, 1]",1,1,1,,0.5,2
276,9bb71b72-8222-11f1-b0da-2389f409459f,38,"[0, 0]",0,0,0,,0.5,2
277,9bb71b72-8222-11f1-b0da-2389f409459f,38,"[0, 0]",1,0,0,,0.5,2
278,9bb71b72-8222-11f1-b0da-2389f409459f,39,"[0, 1]",0,0,0,,0.5,2
279,9bb71b72-8222-11f1-b0da-2389f409459f,39,"[0, 1]",1,1,1,,0.5,2
280,9bb71b72-8222-11f1-b0da-2389f409459f,40,"[0, 0]",0,0,0,,0.5,2
281,9bb71b72-8222-11f1-b0da-2389f409459f,40,"[0, 0]",1,0,0,,0.5,2
282,9bb71b72-8222-11f1-b0da-2389f409459f,41,"[1, 0]",0,1,1,,0.5,2
283,9bb71b72-8222-11f1-b0da-2389f409459f,41,"[1, 0]",1,0,0,,0.5,2
284,9bb71b72-8222-11f1-b0da-2389f409459f,42,"[0, 1]",0,0,0,,0.5,2
285,9bb71b72-8222-11f1-b0da-2389f409459f,42,"[0, 1]",1,1,1,,0.5,2
286,9bb71b72-8222-11f1-b0da-2389f409459f,43,"[1, 0]",0,1,1,,0.5,2
287,9bb71b72-8222-11f1-b0da-2389f409459f,43,"[1, 0]",1,0,0,,0.5,2
288,9bb71b72-8222-11f1-b0da-2389f409459f,44,"[0, 0]",0,0,0,,0.5,2
289,9bb71b72-8222-11f1-b0da-2389f409459f,44,"[0, 0]",1,0,0,,0.5,2
290,9bb71b72-8222-11f1-b0da-2389f409459f,45,"[1, 0]",0,1,1,,0.5,2
291,9bb71b72-8222-11f1-b0da-2389f409459f,45,"[1, 0]",1,0,0,,0.5,2
292,9bb71b72-8222-11f1-b0da-2389f409459f,46,"[0, 0]",0,0,0,,0.5,2
293,9bb71b72-8222-11f1-b0da-2389f409459f,46,"[0, 0]",1,0,0,,0.5,2
294,9bb71b72-8222-11f1-b0da-2389f409459f,47,"[0, 0]",0,0,0,,0.5,2
295,9bb71b72-8222-11f1-b0da-2389f409459f,47,"[0, 0]",1,0,0,,0.5,2
296,9bb71b72-8222-11f1-b0da-2389f409459f,48,"[0, 1]",0,0,0,,0.5,2
297,9bb71b72-8222-11f1-b0da-2389f409459f,48,"[0, 1]",1,1,1,,0.5,2
298,9bb71b72-8222-11f1-b0da-2389f409459f,49,"[1, 0]",0,1,1,,0.5,2
299,9bb71b72-8222-11f1-b0da-2389f409459f,49,"[1, 0]",1,0,0,,0.5,2
300,9bb90b30-8222-11f1-b0da-2389f409459f,0,"[1, 1]",0,1,-1,,0.5,2
301,9bb90b30-8222-11f1-b0da-2389f409459f,0,"[1, 1]",1,1,-1,,0.5,2
302,9bb90b30-8222-11f1-b0da-2389f409459f,1,"[0, 0]",0,0,0,,0.5,2
303,9bb90b30-8222-11f1-b0da-2389f409459f,1,"[0, 0]",1,0,0,,0.5,2
304,9bb90b30-8222-11f1-b0da-2389f409459f,2,"[0, 1]",0,0,0,,0.5,2
305,9bb90b30-8222-11f1-b0da-2389f409459f,2,"[0, 1]",1,1,1,,0.5,2
306,9bb90b30-8222-11f1-b0da-2389f409459f,3,"[1, 1]",0,1,-1,,0.5,2
307,9bb90b30-8222-11f1-b0da-2389f409459f,3,"[1, 1]",1,1,-1,,0.5,2
308,9bb90b30-8222-11f1-b0da-2389f409459f,4,"[0, 0]",0,0,0,,0.5,2
309,9bb90b30-8222-11f1-b0da-2389f409459f,4,"[0, 0]",1,0,0,,0.5,2
310,9bb90b30-8222-11f1-b0da-2389f409459f,5,"[0, 0]",0,0,0,,0.5,2
311,9bb90b30-8222-11f1-b0da-2389f409459f,5,"[0, 0]",1,0,0,,0.5,2
312,9bb90b30-8222-11f1-b0da-2389f409459f,6,"[0, 1]",0,0,0,,0.5,2
313,9bb90b30-8222-11f1-b0da-2389f409459f,6,"[0, 1]",1,1,1,,0.5,2
314,9bb90b30-8222-11f1-b0da-2389f409459f,7,"[0, 0]",0,0,0,,0.5,2
315,9bb90b30-8222-11f1-b0da-2389f409459f,7,"[0, 0]",1,0,0,,0.5,2
316,9bb90b30-8222-11f1-b0da-2389f409459f,8,"[1, 0]",0,1,1,,0.5,2
317,9bb90b30-8222-11f1-b0da-2389f409459f,8,"[1, 0]",1,0,0,,0.5,2
318,9bb90b30-8222-11f1-b0da-2389f409459f,9,"[0, 0]",0,0,0,,0.5,2
319,9bb90b30-8222-11f1-b0da-2389f409459f,9,"[0, 0]",1,0,0,,0.5,2
320,9bb90b30-8222-11f1-b0da-2389f409459f,10,"[0, 1]",0,0,0,,0.5,2
321,9bb90b30-8222-11f1-b0da-2389f409459f,10,"[0, 1]",1,1,1,,0.5,2
322,9bb90b30-8222-11f1-b0da-2389f409459f,11,"[1, 1]",0,1,-1,,0.5,2
323,9bb90b30-8222-11f1-b0da-2389f409459f,11,"[1, 1]",1,1,-1,,0.5,2
324,9bb90b30-8222-11f1-b0da-2389f409459f,12,"[1, 0]",0,1,1,,0.5,2
325,9bb90b30-8222-11f1-b0da-2389f409459f,12,"[1, 0]",1,0,0,,0.5,2
326,9bb90b30-8222-11f1-b0da-2389f409459f,13,"[0, 1]",0,0,0,,0.5,2
327,9bb90b30-8222-11f1-b0da-2389f409459f,13,"[0, 1]",1,1,1,,0.5,2
328,9bb90b30-8222-11f1-b0da-2389f409459f,14,"[1, 0]",0,1,1,,0.5,2
329,9bb90b30-8222-11f1-b0da-2389f409459f,14,"[1, 0]",1,0,0,,0.5,2
330,9bb90b30-8222-11f1-b0da-2389f409459f,15,"[1, 1]",0,1,-1,,0.5,2
331,9bb90b30-8222-11f1-b0da-2389f409459f,15,"[1, 1]",1,1,-1,,0.5,2
332,9bb90b30-8222-11f1-b0da-2389f409459f,16,"[0, 0]",0,0,0,,0.5,2
333,9bb90b30-8222-11f1-b0da-2389f409459f,16,"[0, 0]",1,0,0,,0.5,2
334,9bb90b30-8222-11f1-b0da-2389f409459f,17,"[0, 1]",0,0,0,,0.5,2
335,9bb90b30-8222-11f1-b0da-2389f409459f,17,"[0, 1]",1,1,1,,0.5,2
336,9bb90b30-8222-11f1-b0da-2389f409459f,18,"[0, 0]",0,0,0,,0.5,2
337,9bb90b30-8222-11f1-b0da-2389f409459f,18,"[0, 0]",1,0,0,,0.5,2
338,9bb90b30-8222-11f1-b0da-2389f409459f,19,"[0, 0]",0,0,0,,0.5,2
339,9bb90b30-8222-11f1-b0da-2389f409459f,19,"[0, 0]",1,0,0,,0.5,2
340,9bb90b30-8222-11f1-b0da-2389f409459f,20,"[1, 0]",0,1,1,,0.5,2
341,9bb90b30-8222-11f1-b0da-2389f409459f,20,"[1, 0]",1,0,0,,0.5,2
342,9bb90b30-8222-11f1-b0da-2389f409459f,21,"[0, 1]",0,0,0,,0.5,2
343,9bb90b30-8222-11f1-b0da-2389f409459f,21,"[0, 1]",1,1,1,,0.5,2
344,9bb90b30-8222-11f1-b0da-2389f409459f,22,"[0, 0]",0,0,0,,0.5,2
345,9bb90b30-8222-11f1-b0da-2389f409459f,22,"[0, 0]",1,0,0,,0.5,2
346,9bb90b30-8222-11f1-b0da-2389f409459f,23,"[0, 1]",0,0,0,,0.5,2
347,9bb90b30-8222-11f1-b0da-2389f409459f,23,"[0, 1]",1,1,1,,0.5,2
348,9bb90b30-8222-11f1-b0da-2389f409459f,24,"[1, 1]",0,1,-1,,0.5,2
349,9bb90b30-8222-11f1-b0da-2389f409459f,24,"[1, 1]",1,1,-1,,0.5,2
350,9bb90b30-8222-11f1-b0da-2389f409459f,25,"[0, 0]",0,0,0,,0.5,2
351,9bb90b30-8222-11f1-b0da-2389f409459f,25,"[0, 0]",1,0,0,,0.5,2
352,9bb90b30-8222-11f1-b0da-2389f409459f,26,"[0, 0]",0,0,0,,0.5,2
353,9bb90b30-8222-11f1-b0da-2389f409459f,26,"[0, 0]",1,0,0,,0.5,2
354,9bb90b30-8222-11f1-b0da-2389f409459f,27,"[1, 0]",0,1,1,,0.5,2
355,9bb90b30-8222-11f1-b0da-2389f409459f,27,"[1, 0]",1,0,0,,0.5,2
356,9bb90b30-8222-11f1-b0da-2389f409459f,28,"[1, 0]",0,1,1,,0.5,2
357,9bb90b30-8222-11f1-b0da-2389f409459f,28,"[1, 0]",1,0,0,,0.5,2
358,9bb90b30-8222-11f1-b0da-2389f409459f,29,"[0, 1]",0,0,0,,0.5,2
359,9bb90b30-8222-11f1-b0da-2389f409459f,29,"[0, 1]",1,1,1,,0.5,2
360,9bb90b30-8222-11f1-b0da-2389f409459f,30,"[1, 0]",0,1,1,,0.5,2
361,9bb90b30-8222-11f1-b0da-2389f409459f,30,"[1, 0]",1,0,0,,0.5,2
362,9bb90b30-8222-11f1-b0da-2389f409459f,31,"[0, 1]",0,0,0,,0.5,2
363,9bb90b30-8222-11f1-b0da-2389f409459f,31,"[0, 1]",1,1,1,,0.5,2
364,9bb90b30-8222-11f1-b0da-2389f409459f,32,"[1, 0]",0,1,1,,0.5,2
365,9bb90b30-8222-11f1-b0da-2389f409459f,32,"[1, 0]",1,0,0,,0.5,2
366,9bb90b30-8222-11f1-b0da-2389f409459f,33,"[1, 1]",0,1,-1,,0.5,2
367,9bb90b30-8222-11f1-b0da-2389f409459f,33,"[1, 1]",1,1,-1,,0.5,2
368,9bb90b30-8222-11f1-b0da-2389f409459f,34,"[0, 0]",0,0,0,,0.5,2
369,9bb90b30-8222-11f1-b0da-2389f409459f,34,"[0, 0]",1,0,0,,0.5,2
370,9bb90b30-8222-11f1-b0da-2389f409459f,35,"[0, 1]",0,0,0,,0.5,2
371,9bb90b30-8222-11f1-b0da-2389f409459f,35,"[0, 1]",1,1,1,,0.5,2
372,9bb90b30-8222-11f1-b0da-2389f409459f,36,"[1, 0]",0,1,1,,0.5,2
373,9bb90b30-8222-11f1-b0da-2389f409459f,36,"[1, 0]",1,0,0,,0.5,2
374,9bb90b30-8222-11f1-b0da-2389f409459f,37,"[0, 1]",0,0,0,,0.5,2
375,9bb90b30-8222-11f1-b0da-2389f409459f,37,"[0, 1]",1,1,1,,0.5,2
376,9bb90b30-8222-11f1-b0da-2389f409459f,38,"[1, 0]",0,1,1,,0.5,2
377,9bb90b30-8222-11f1-b0da-2389f409459f,38,"[1, 0]",1,0,0,,0.5,2
378,9bb90b30-8222-11f1-b0da-2389f409459f,39,"[1, 0]",0,1,1,,0.5,2
379,9bb90b30-8222-11f1-b0da-2389f409459f,39,"[1, 0]",1,0,0,,0.5,2
380,9bb90b30-8222-11f1-b0da-2389f409459f,40,"[0, 1]",0,0,0,,0.5,2
381,9bb90b30-8222-11f1-b0da-2389f409459f,40,"[0, 1]",1,1,1,,0.5,2
382,9bb90b30-8222-11f1-b0da-2389f409459f,41,"[1, 0]",0,1,1,,0.5,2
383,9bb90b30-8222-11f1-b0da-2389f409459f,41,"[1, 0]",1,0,0,,0.5,2
384,9bb90b30-8222-11f1-b0da-2389f409459f,42,"[0, 1]",0,0,0,,0.5,2
385,9bb90b30-8222-11f1-b0da-2389f409459f,42,"[0, 1]",1,1,1,,0.5,2
386,9bb90b30-8222-11f1-b0da-2389f409459f,43,"[1, 1]",0,1,-1,,0.5,2
387,9bb90b30-8222-11f1-b0da-2389f409459f,43,"[1, 1]",1,1,-1,,0.5,2
388,9bb90b30-8222-11f1-b0da-2389f409459f,44,"[0, 0]",0,0,0,,0.5,2
389,9bb90b30-8222-11f1-b0da-2389f409459f,44,"[0, 0]",1,0,0,,0.5,2
390,9bb90b30-8222-11f1-b0da-2389f409459f,45,"[1, 1]",0,1,-1,,0.5,2
391,9bb90b30-8222-11f1-b0da-2389f409459f,45,"[1, 1]",1,1,-1,,0.5,2
392,9bb90b30-8222-11f1-b0da-2389f409459f,46,"[0, 0]",0,0,0,,0.5,2
393,9bb90b30-8222-11f1-b0da-2389f409459f,46,"[0, 0]",1,0,0,,0.5,2
394,9bb90b30-8222-11f1-b0da-2389f409459f,47,"[0, 1]",0,0,0,,0.5,2
395,9bb90b30-8222-11f1-b0da-2389f409459f,47,"[0, 1]",1,1,1,,0.5,2
396,9bb90b30-8222-11f1-b0da-2389f409459f,48,"[1, 0]",0,1,1,,0.5,2
397,9bb90b30-8222-11f1-b0da-2389f409459f,48,"[1, 0]",1,0,0,,0.5,2
398,9bb90b30-8222-11f1-b0da-2389f409459f,49,"[0, 0]",0,0,0,,0.5,2
399,9bb90b30-8222-11f1-b0da-2389f409459f,49,"[0, 0]",1,0,0,,0.5,2
400,9bbb06ce-8222-11f1-b0da-2389f409459f,0,"[0, 1]",0,0,0,,0.5,2
401,9bbb06ce-8222-11f1-b0da-2389f409459f,0,"[0, 1]",1,1,1,,0.5,2
402,9bbb06ce-8222-11f1-b0da-2389f409459f,1,"[1, 0]",0,1,1,,0.5,2
403,9bbb06ce-8222-11f1-b0da-2389f409459f,1,"[1, 0]",1,0,0,,0.5,2
404,9bbb06ce-8222-11f1-b0da-2389f409459f,2,"[0, 1]",0,0,0,,0.5,2
405,9bbb06ce-8222-11f1-b0da-2389f409459f,2,"[0, 1]",1,1,1,,0.5,2
406,9bbb06ce-8222-11f1-b0da-2389f409459f,3,"[0, 0]",0,0,0,,0.5,2
407,9bbb06ce-8222-11f1-b0da-2389f409459f,3,"[0, 0]",1,0,0,,0.5,2
408,9bbb06ce-8222-11f1-b0da-2389f409459f,4,"[1, 0]",0,1,1,,0.5,2
409,9bbb06ce-8222-11f1-b0da-2389f409459f,4,"[1, 0]",1,0,0,,0.5,2
410,9bbb06ce-8222-11f1-b0da-2389f409459f,5,"[1, 1]",0,1,-1,,0.5,2
411,9bbb06ce-8222-11f1-b0da-2389f409459f,5,"[1, 1]",1,1,-1,,0.5,2
412,9bbb06ce-8222-11f1-b0da-2389f409459f,6,"[1, 1]",0,1,-1,,0.5,2
413,9bbb06ce-8222-11f1-b0da-2389f409459f,6,"[1, 1]",1,1,-1,,0.5,2
414,9bbb06ce-8222-11f1-b0da-2389f409459f,7,"[0, 0]",0,0,0,,0.5,2
415,9bbb06ce-8222-11f1-b0da-2389f409459f,7,"[0, 0]",1,0,0,,0.5,2
416,9bbb06ce-8222-11f1-b0da-2389f409459f,8,"[0, 0]",0,0,0,,0.5,2
417,9bbb06ce-8222-11f1-b0da-2389f409459f,8,"[0, 0]",1,0,0,,0.5,2
418,9bbb06ce-8222-11f1-b0da-2389f409459f,9,"[1, 0]",0,1,1,,0.5,2
419,9bbb06ce-8222-11f1-b0da-2389f409459f,9,"[1, 0]",1,0,0,,0.5,2
420,9bbb06ce-8222-11f1-b0da-2389f409459f,10,"[1, 1]",0,1,-1,,0.5,2
421,9bbb06ce-8222-11f1-b0da-2389f409459f,10,"[1, 1]",1,1,-1,,0.5,2
422,9bbb06ce-8222-11f1-b0da-2389f409459f,11,"[1, 1]",0,1,-1,,0.5,2
423,9bbb06ce-8222-11f1-b0da-2389f409459f,11,"[1, 1]",1,1,-1,,0.5,2
424,9bbb06ce-8222-11f1-b0da-2389f409459f,12,"[0, 0]",0,0,0,,0.5,2
425,9bbb06ce-8222-11f1-b0da-2389f409459f,12,"[0, 0]",1,0,0,,0.5,2
426,9bbb06ce-8222-11f1-b0da-2389f409459f,13,"[0, 1]",0,0,0,,0.5,2
427,9bbb06ce-8222-11f1-b0da-2389f409459f,13,"[0, 1]",1,1,1,,0.5,2
428,9bbb06ce-8222-11f1-b0da-2389f409459f,14,"[0, 0]",0,0,0,,0.5,2
429,9bbb06ce-8222-11f1-b0da-2389f409459f,14,"[0, 0]",1,0,0,,0.5,2
430,9bbb06ce-8222-11f1-b0da-2389f409459f,15,"[1, 0]",0,1,1,,0.5,2
431,9bbb06ce-8222-11f1-b0da-2389f409459f,15,"[1, 0]",1,0,0,,0.5,2
432,9bbb06ce-8222-11f1-b0da-2389f409459f,16,"[1, 1]",0,1,-1,,0.5,2
433,9bbb06ce-8222-11f1-b0da-2389f409459f,16,"[1, 1]",1,1,-1,,0.5,2
434,9bbb06ce-8222-11f1-b0da-2389f409459f,17,"[0, 0]",0,0,0,,0.5,2
435,9bbb06ce-8222-11f1-b0da-2389f409459f,17,"[0, 0]",1,0,0,,0.5,2
436,9bbb06ce-8222-11f1-b0da-2389f409459f,18,"[0, 0]",0,0,0,,0.5,2
437,9bbb06ce-8222-11f1-b0da-2389f409459f,18,"[0, 0]",1,0,0,,0.5,2
438,9bbb06ce-8222-11f1-b0da-2389f409459f,19,"[0, 0]",0,0,0,,0.5,2
439,9bbb06ce-8222-11f1-b0da-2389f409459f,19,"[0, 0]",1,0,0,,0.5,2
440,9bbb06ce-8222-11f1-b0da-2389f409459f,20,"[1, 1]",0,1,-1,,0.5,2
441,9bbb06ce-8222-11f1-b0da-2389f409459f,20,"[1, 1]",1,1,-1,,0.5,2
442,9bbb06ce-8222-11f1-b0da-2389f409459f,21,"[1, 1]",0,1,-1,,0.5,2
443,9bbb06ce-8222-11f1-b0da-2389f409459f,21,"[1, 1]",1,1,-1,,0.5,2
444,9bbb06ce-8222-11f1-b0da-2389f409459f,22,"[1, 0]",0,1,1,,0.5,2
445,9bbb06ce-8222-11f1-b0da-2389f409459f,22,"[1, 0]",1,0,0,,0.5,2
446,9bbb06ce-8222-11f1-b0da-2389f409459f,23,"[0, 1]",0,0,0,,0.5,2
447,9bbb06ce-8222-11f1-b0da-2389f409459f,23,"[0, 1]",1,1,1,,0.5,2
448,9bbb06ce-8222-11f1-b0da-2389f409459f,24,"[0, 1]",0,0,0,,0.5,2
449,9bbb06ce-8222-11f1-b0da-2389f409459f,24,"[0, 1]",1,1,1,,0.5,2
450,9bbb06ce-8222-11f1-b0da-2389f409459f,25,"[1, 0]",0,1,1,,0.5,2
451,9bbb06ce-8222-11f1-b0da-2389f409459f,25,"[1, 0]",1,0,0,,0.5,2
452,9bbb06ce-8222-11f1-b0da-2389f409459f,26,"[0, 1]",0,0,0,,0.5,2
453,9bbb06ce-8222-11f1-b0da-2389f409459f,26,"[0, 1]",1,1,1,,0.5,2
454,9bbb06ce-8222-11f1-b0da-2389f409459f,27,"[1, 0]",0,1,1,,0.5,2
455,9bbb06ce-8222-11f1-b0da-2389f409459f,27,"[1, 0]",1,0,0,,0.5,2
456,9bbb06ce-8222-11f1-b0da-2389f409459f,28,"[0, 1]",0,0,0,,0.5,2
457,9bbb06ce-8222-11f1-b0da-2389f409459f,28,"[0, 1]",1,1,1,,0.5,2
458,9bbb06ce-8222-11f1-b0da-2389f409459f,29,"[0, 0]",0,0,0,,0.5,2
459,9bbb06ce-8222-11f1-b0da-2389f409459f,29,"[0, 0]",1,0,0,,0.5,2
460,9bbb06ce-8222-11f1-b0da-2389f409459f,30,"[1, 0]",0,1,1,,0.5,2
461,9bbb06ce-8222-11f1-b0da-2389f409459f,30,"[1, 0]",1,0,0,,0.5,2
462,9bbb06ce-8222-11f1-b0da-2389f409459f,31,"[1, 1]",0,1,-1,,0.5,2
463,9bbb06ce-8222-11f1-b0da-2389f409459f,31,"[1, 1]",1,1,-1,,0.5,2
464,9bbb06ce-8222-11f1-b0da-2389f409459f,32,"[1, 1]",0,1,-1,,0.5,2
465,9bbb06ce-8222-11f1-b0da-2389f409459f,32,"[1, 1]",1,1,-1,,0.5,2
466,9bbb06ce-8222-11f1-b0da-2389f409459f,33,"[1, 0]",0,1,1,,0.5,2
467,9bbb06ce-8222-11f1-b0da-2389f409459f,33,"[1, 0]",1,0,0,,0.5,2
468,9bbb06ce-8222-11f1-b0da-2389f409459f,34,"[0, 1]",0,0,0,,0.5,2
469,9bbb06ce-8222-11f1-b0da-2389f409459f,34,"[0, 1]",1,1,1,,0.5,2
470,9bbb06ce-8222-11f1-b0da-2389f409459f,35,"[1, 0]",0,1,1,,0.5,2
471,9bbb06ce-8222-11f1-b0da-2389f409459f,35,"[1, 0]",1,0,0,,0.5,2
472,9bbb06ce-8222-11f1-b0da-2389f409459f,36,"[0, 1]",0,0,0,,0.5,2
473,9bbb06ce-8222-11f1-b0da-2389f409459f,36,"[0, 1]",1,1,1,,0.5,2
474,9bbb06ce-8222-11f1-b0da-2389f409459f,37,"[1, 1]",0,1,-1,,0.5,2
475,9bbb06ce-8222-11f1-b0da-2389f409459f,37,"[1, 1]",1,1,-1,,0.5,2
476,9bbb06ce-8222-11f1-b0da-2389f409459f,38,"[1, 0]",0,1,1,,0.5,2
477,9bbb06ce-8222-11f1-b0da-2389f409459f,38,"[1, 0]",1,0,0,,0.5,2
478,9bbb06ce-8222-11f1-b0da-2389f409459f,39,"[0, 1]",0,0,0,,0.5,2
479,9bbb06ce-8222-11f1-b0da-2389f409459f,39,"[0, 1]",1,1,1,,0.5,2
480,9bbb06ce-8222-11f1-b0da-2389f409459f,40,"[1, 1]",0,1,-1,,0.5,2
481,9bbb06ce-8222-11f1-b0da-2389f409459f,40,"[1, 1]",1,1,-1,,0.5,2
482,9bbb06ce-8222-11f1-b0da-2389f409459f,41,"[1, 0]",0,1,1,,0.5,2
483,9bbb06ce-8222-11f1-b0da-2389f409459f,41,"[1, 0]",1,0,0,,0.5,2
484,9bbb06ce-8222-11f1-b0da-2389f409459f,42,"[0, 1]",0,0,0,,0.5,2
485,9bbb06ce-8222-11f1-b0da-2389f409459f,42,"[0, 1]",1,1,1,,0.5,2
486,9bbb06ce-8222-11f1-b0da-2389f409459f,43,"[1, 0]",0,1,1,,0.5,2
487,9bbb06ce-8222-11f1-b0da-2389f409459f,43,"[1, 0]",1,0,0,,0.5,2
488,9bbb06ce-8222-11f1-b0da-2389f409459f,44,"[0, 1]",0,0,0,,0.5,2
489,9bbb06ce-8222-11f1-b0da-2389f409459f,44,"[0, 1]",1,1,1,,0.5,2
490,9bbb06ce-8222-11f1-b0da-2389f409459f,45,"[0, 0]",0,0,0,,0.5,2
491,9bbb06ce-8222-11f1-b0da-2389f409459f,45,"[0, 0]",1,0,0,,0.5,2
492,9bbb06ce-8222-11f1-b0da-2389f409459f,46,"[0, 0]",0,0,0,,0.5,2
493,9bbb06ce-8222-11f1-b0da-2389f409459f,46,"[0, 0]",1,0,0,,0.5,2
494,9bbb06ce-8222-11f1-b0da-2389f409459f,47,"[1, 0]",0,1,1,,0.5,2
495,9bbb06ce-8222-11f1-b0da-2389f409459f,47,"[1, 0]",1,0,0,,0.5,2
496,9bbb06ce-8222-11f1-b0da-2389f409459f,48,"[0, 1]",0,0,0,,0.5,2
497,9bbb06ce-8222-11f1-b0da-2389f409459f,48,"[0, 1]",1,1,1,,0.5,2
498,9bbb06ce-8222-11f1-b0da-2389f409459f,49,"[1, 0]",0,1,1,,0.5,2
499,9bbb06ce-8222-11f1-b0da-2389f409459f,49,"[1, 0]",1,0,0,,0.5,2
500,9bbc9412-8222-11f1-b0da-2389f409459f,0,"[1, 0]",0,1,1,,0.5,2
501,9bbc9412-8222-11f1-b0da-2389f409459f,0,"[1, 0]",1,0,0,,0.5,2
502,9bbc9412-8222-11f1-b0da-2389f409459f,1,"[1, 0]",0,1,1,,0.5,2
503,9bbc9412-8222-11f1-b0da-2389f409459f,1,"[1, 0]",1,0,0,,0.5,2
504,9bbc9412-8222-11f1-b0da-2389f409459f,2,"[1, 1]",0,1,-1,,0.5,2
505,9bbc9412-8222-11f1-b0da-2389f409459f,2,"[1, 1]",1,1,-1,,0.5,2
506,9bbc9412-8222-11f1-b0da-2389f409459f,3,"[1, 0]",0,1,1,,0.5,2
507,9bbc9412-8222-11f1-b0da-2389f409459f,3,"[1, 0]",1,0,0,,0.5,2
508,9bbc9412-8222-11f1-b0da-2389f409459f,4,"[1, 1]",0,1,-1,,0.5,2
509,9bbc9412-8222-11f1-b0da-2389f409459f,4,"[1, 1]",1,1,-1,,0.5,2
510,9bbc9412-8222-11f1-b0da-2389f409459f,5,"[1, 1]",0,1,-1,,0.5,2
511,9bbc9412-8222-11f1-b0da-2389f409459f,5,"[1, 1]",1,1,-1,,0.5,2
512,9bbc9412-8222-11f1-b0da-2389f409459f,6,"[1, 0]",0,1,1,,0.5,2
513,9bbc9412-8222-11f1-b0da-2389f409459f,6,"[1, 0]",1,0,0,,0.5,2
514,9bbc9412-8222-11f1-b0da-2389f409459f,7,"[1, 1]",0,1,-1,,0.5,2
515,9bbc9412-8222-11f1-b0da-2389f409459f,7,"[1, 1]",1,1,-1,,0.5,2
516,9bbc9412-8222-11f1-b0da-2389f409459f,8,"[1, 0]",0,1,1,,0.5,2
517,9bbc9412-8222-11f1-b0da-2389f409459f,8,"[1, 0]",1,0,0,,0.5,2
518,9bbc9412-8222-11f1-b0da-2389f409459f,9,"[1, 0]",0,1,1,,0.5,2
519,9bbc9412-8222-11f1-b0da-2389f409459f,9,"[1, 0]",1,0,0,,0.5,2
520,9bbc9412-8222-11f1-b0da-2389f409459f,10,"[1, 1]",0,1,-1,,0.5,2
521,9bbc9412-8222-11f1-b0da-2389f409459f,10,"[1, 1]",1,1,-1,,0.5,2
522,9bbc9412-8222-11f1-b0da-2389f409459f,11,"[1, 0]",0,1,1,,0.5,2
523,9bbc9412-8222-11f1-b0da-2389f409459f,11,"[1, 0]",1,0,0,,0.5,2
524,9bbc9412-8222-11f1-b0da-2389f409459f,12,"[1, 1]",0,1,-1,,0.5,2
525,9bbc9412-8222-11f1-b0da-2389f409459f,12,"[1, 1]",1,1,-1,,0.5,2
526,9bbc9412-8222-11f1-b0da-2389f409459f,13,"[1, 0]",0,1,1,,0.5,2
527,9bbc9412-8222-11f1-b0da-2389f409459f,13,"[1, 0]",1,0,0,,0.5,2
528,9bbc9412-8222-11f1-b0da-2389f409459f,14,"[1, 1]",0,1,-1,,0.5,2
529,9bbc9412-8222-11f1-b0da-2389f409459f,14,"[1, 1]",1,1,-1,,0.5,2
530,9bbc9412-8222-11f1-b0da-2389f409459f,15,"[1, 1]",0,1,-1,,0.5,2
531,9bbc9412-8222-11f1-b0da-2389f409459f,15,"[1, 1]",1,1,-1,,0.5,2
532,9bbc9412-8222-11f1-b0da-2389f409459f,16,"[1, 1]",0,1,-1,,0.5,2
533,9bbc9412-8222-11f1-b0da-2389f409459f,16,"[1, 1]",1,1,-1,,0.5,2
534,9bbc9412-8222-11f1-b0da-2389f409459f,17,"[1, 1]",0,1,-1,,0.5,2
535,9bbc9412-8222-11f1-b0da-2389f409459f,17,"[1, 1]",1,1,-1,,0.5,2
536,9bbc9412-8222-11f1-b0da-2389f409459f,18,"[1, 1]",0,1,-1,,0.5,2
537,9bbc9412-8222-11f1-b0da-2389f409459f,18,"[1, 1]",1,1,-1,,0.5,2
538,9bbc9412-8222-11f1-b0da-2389f409459f,19,"[1, 1]",0,1,-1,,0.5,2
539,9bbc9412-8222-11f1-b0da-2389f409459f,19,"[1, 1]",1,1,-1,,0.5,2
540,9bbc9412-8222-11f1-b0da-2389f409459f,20,"[1, 0]",0,1,1,,0.5,2
541,9bbc9412-8222-11f1-b0da-2389f409459f,20,"[1, 0]",1,0,0,,0.5,2
542,9bbc9412-8222-11f1-b0da-2389f409459f,21,"[1, 1]",0,1,-1,,0.5,2
543,9bbc9412-8222-11f1-b0da-2389f409459f,21,"[1, 1]",1,1,-1,,0.5,2
544,9bbc9412-8222-11f1-b0da-2389f409459f,22,"[1, 0]",0,1,1,,0.5,2
545,9bbc9412-8222-11f1-b0da-2389f409459f,22,"[1, 0]",1,0,0,,0.5,2
546,9bbc9412-8222-11f1-b0da-2389f409459f,23,"[1, 1]",0,1,-1,,0.5,2
547,9bbc9412-8222-11f1-b0da-2389f409459f,23,"[1, 1]",1,1,-1,,0.5,2
548,9bbc9412-8222-11f1-b0da-2389f409459f,24,"[1, 0]",0,1,1,,0.5,2
549,9bbc9412-8222-11f1-b0da-2389f409459f,24,"[1, 0]",1,0,0,,0.5,2
550,9bbc9412-8222-11f1-b0da-2389f409459f,25,"[1, 0]",0,1,1,,0.5,2
551,9bbc9412-8222-11f1-b0da-2389f409459f,25,"[1, 0]",1,0,0,,0.5,2
552,9bbc9412-8222-11f1-b0da-2389f409459f,26,"[1, 1]",0,1,-1,,0.5,2
553,9bbc9412-8222-11f1-b0da-2389f409459f,26,"[1, 1]",1,1,-1,,0.5,2
554,9bbc9412-8222-11f1-b0da-2389f409459f,27,"[1, 0]",0,1,1,,0.5,2
555,9bbc9412-8222-11f1-b0da-2389f409459f,27,"[1, 0]",1,0,0,,0.5,2
556,9bbc9412-8222-11f1-b0da-2389f409459f,28,"[1, 1]",0,1,-1,,0.5,2
557,9bbc9412-8222-11f1-b0da-2389f409459f,28,"[1, 1]",1,1,-1,,0.5,2
558,9bbc9412-8222-11f1-b0da-2389f409459f,29,"[1, 1]",0,1,-1,,0.5,2
559,9bbc9412-8222-11f1-b0da-2389f409459f,29,"[1, 1]",1,1,-1,,0.5,2
560,9bbc9412-8222-11f1-b0da-2389f409459f,30,"[1, 0]",0,1,1,,0.5,2
561,9bbc9412-8222-11f1-b0da-2389f409459f,30,"[1, 0]",1,0,0,,0.5,2
562,9bbc9412-8222-11f1-b0da-2389f409459f,31,"[1, 1]",0,1,-1,,0.5,2
563,9bbc9412-8222-11f1-b0da-2389f409459f,31,"[1, 1]",1,1,-1,,0.5,2
564,9bbc9412-8222-11f1-b0da-2389f409459f,32,"[1, 0]",0,1,1,,0.5,2
565,9bbc9412-8222-11f1-b0da-2389f409459f,32,"[1, 0]",1,0,0,,0.5,2
566,9bbc9412-8222-11f1-b0da-2389f409459f,33,"[1, 1]",0,1,-1,,0.5,2
567,9bbc9412-8222-11f1-b0da-2389f409459f,33,"[1, 1]",1,1,-1,,0.5,2
568,9bbc9412-8222-11f1-b0da-2389f409459f,34,"[1, 0]",0,1,1,,0.5,2
569,9bbc9412-8222-11f1-b0da-2389f409459f,34,"[1, 0]",1,0,0,,0.5,2
570,9bbc9412-8222-11f1-b0da-2389f409459f,35,"[1, 1]",0,1,-1,,0.5,2
571,9bbc9412-8222-11f1-b0da-2389f409459f,35,"[1, 1]",1,1,-1,,0.5,2
572,9bbc9412-8222-11f1-b0da-2389f409459f,36,"[1, 0]",0,1,1,,0.5,2
573,9bbc9412-8222-11f1-b0da-2389f409459f,36,"[1, 0]",1,0,0,,0.5,2
574,9bbc9412-8222-11f1-b0da-2389f409459f,37,"[1, 1]",0,1,-1,,0.5,2
575,9bbc9412-8222-11f1-b0da-2389f409459f,37,"[1, 1]",1,1,-1,,0.5,2
576,9bbc9412-8222-11f1-b0da-2389f409459f,38,"[1, 0]",0,1,1,,0.5,2
577,9bbc9412-8222-11f1-b0da-2389f409459f,38,"[1, 0]",1,0,0,,0.5,2
578,9bbc9412-8222-11f1-b0da-2389f409459f,39,"[1, 0]",0,1,1,,0.5,2
579,9bbc9412-8222-11f1-b0da-2389f409459f,39,"[1, 0]",1,0,0,,0.5,2
580,9bbc9412-8222-11f1-b0da-2389f409459f,40,"[1, 1]",0,1,-1,,0.5,2
581,9bbc9412-8222-11f1-b0da-2389f409459f,40,"[1, 1]",1,1,-1,,0.5,2
582,9bbc9412-8222-11f1-b0da-2389f409459f,41,"[1, 0]",0,1,1,,0.5,2
583,9bbc9412-8222-11f1-b0da-2389f409459f,41,"[1, 0]",1,0,0,,0.5,2
584,9bbc9412-8222-11f1-b0da-2389f409459f,42,"[1, 1]",0,1,-1,,0.5,2
585,9bbc9412-8222-11f1-b0da-2389f409459f,42,"[1, 1]",1,1,-1,,0.5,2
586,9bbc9412-8222-11f1-b0da-2389f409459f,43,"[1, 0]",0,1,1,,0.5,2
587,9bbc9412-8222-11f1-b0da-2389f409459f,43,"[1, 0]",1,0,0,,0.5,2
588,9bbc9412-8222-11f1-b0da-2389f409459f,44,"[1, 1]",0,1,-1,,0.5,2
589,9bbc9412-8222-11f1-b0da-2389f409459f,44,"[1, 1]",1,1,-1,,0.5,2
590,9bbc9412-8222-11f1-b0da-2389f409459f,45,"[1, 0]",0,1,1,,0.5,2
591,9bbc9412-8222-11f1-b0da-2389f409459f,45,"[1, 0]",1,0,0,,0.5,2
592,9bbc9412-8222-11f1-b0da-2389f409459f,46,"[1, 1]",0,1,-1,,0.5,2
593,9bbc9412-8222-11f1-b0da-2389f409459f,46,"[1, 1]",1,1,-1,,0.5,2
594,9bbc9412-8222-11f1-b0da-2389f409459f,47,"[1, 1]",0,1,-1,,0.5,2
595,9bbc9412-8222-11f1-b0da-2389f409459f,47,"[1, 1]",1,1,-1,,0.5,2
596,9bbc9412-8222-11f1-b0da-2389f409459f,48,"[1, 0]",0,1,1,,0.5,2
597,9bbc9412-8222-11f1-b0da-2389f409459f,48,"[1, 0]",1,0,0,,0.5,2
598,9bbc9412-8222-11f1-b0da-2389f409459f,49,"[1, 1]",0,1,-1,,0.5,2
599,9bbc9412-8222-11f1-b0da-2389f409459f,49,"[1, 1]",1,1,-1,,0.5,2
600,9bbe9186-8222-11f1-b0da-2389f409459f,0,"[1, 0]",0,1,1,,0.5,2
601,9bbe9186-8222-11f1-b0da-2389f409459f,0,"[1, 0]",1,0,0,,0.5,2
602,9bbe9186-8222-11f1-b0da-2389f409459f,1,"[0, 0]",0,0,0,,0.5,2
603,9bbe9186-8222-11f1-b0da-2389f409459f,1,"[0, 0]",1,0,0,,0.5,2
604,9bbe9186-8222-11f1-b0da-2389f409459f,2,"[0, 0]",0,0,0,,0.5,2
605,9bbe9186-8222-11f1-b0da-2389f409459f,2,"[0, 0]",1,0,0,,0.5,2
606,9bbe9186-8222-11f1-b0da-2389f409459f,3,"[0, 0]",0,0,0,,0.5,2
607,9bbe9186-8222-11f1-b0da-2389f409459f,3,"[0, 0]",1,0,0,,0.5,2
608,9bbe9186-8222-11f1-b0da-2389f409459f,4,"[1, 0]",0,1,1,,0.5,2
609,9bbe9186-8222-11f1-b0da-2389f409459f,4,"[1, 0]",1,0,0,,0.5,2
610,9bbe9186-8222-11f1-b0da-2389f409459f,5,"[1, 1]",0,1,-1,,0.5,2
611,9bbe9186-8222-11f1-b0da-2389f409459f,5,"[1, 1]",1,1,-1,,0.5,2
612,9bbe9186-8222-11f1-b0da-2389f409459f,6,"[1, 0]",0,1,1,,0.5,2
613,9bbe9186-8222-11f1-b0da-2389f409459f,6,"[1, 0]",1,0,0,,0.5,2
614,9bbe9186-8222-11f1-b0da-2389f409459f,7,"[1, 0]",0,1,1,,0.5,2
615,9bbe9186-8222-11f1-b0da-2389f409459f,7,"[1, 0]",1,0,0,,0.5,2
616,9bbe9186-8222-11f1-b0da-2389f409459f,8,"[1, 0]",0,1,1,,0.5,2
617,9bbe9186-8222-11f1-b0da-2389f409459f,8,"[1, 0]",1,0,0,,0.5,2
618,9bbe9186-8222-11f1-b0da-2389f409459f,9,"[1, 0]",0,1,1,,0.5,2
619,9bbe9186-8222-11f1-b0da-2389f409459f,9,"[1, 0]",1,0,0,,0.5,2
620,9bbe9186-8222-11f1-b0da-2389f409459f,10,"[1, 0]",0,1,1,,0.5,2
621,9bbe9186-8222-11f1-b0da-2389f409459f,10,"[1, 0]",1,0,0,,0.5,2
622,9bbe9186-8222-11f1-b0da-2389f409459f,11,"[0, 0]",0,0,0,,0.5,2
623,9bbe9186-8222-11f1-b0da-2389f409459f,11,"[0, 0]",1,0,0,,0.5,2
624,9bbe9186-8222-11f1-b0da-2389f409459f,12,"[0, 1]",0,0,0,,0.5,2
625,9bbe9186-8222-11f1-b0da-2389f409459f,12,"[0, 1]",1,1,1,,0.5,2
626,9bbe9186-8222-11f1-b0da-2389f409459f,13,"[1, 0]",0,1,1,,0.5,2
627,9bbe9186-8222-11f1-b0da-2389f409459f,13,"[1, 0]",1,0,0,,0.5,2
628,9bbe9186-8222-11f1-b0da-2389f409459f,14,"[1, 1]",0,1,-1,,0.5,2
629,9bbe9186-8222-11f1-b0da-2389f409459f,14,"[1, 1]",1,1,-1,,0.5,2
630,9bbe9186-8222-11f1-b0da-2389f409459f,15,"[1, 1]",0,1,-1,,0.5,2
631,9bbe9186-8222-11f1-b0da-2389f409459f,15,"[1, 1]",1,1,-1,,0.5,2
632,9bbe9186-8222-11f1-b0da-2389f409459f,16,"[1, 0]",0,1,1,,0.5,2
633,9bbe9186-8222-11f1-b0da-2389f409459f,16,"[1, 0]",1,0,0,,0.5,2
634,9bbe9186-8222-11f1-b0da-2389f409459f,17,"[1, 0]",0,1,1,,0.5,2
635,9bbe9186-8222-11f1-b0da-2389f409459f,17,"[1, 0]",1,0,0,,0.5,2
636,9bbe9186-8222-11f1-b0da-2389f409459f,18,"[1, 0]",0,1,1,,0.5,2
637,9bbe9186-8222-11f1-b0da-2389f409459f,18,"[1, 0]",1,0,0,,0.5,2
638,9bbe9186-8222-11f1-b0da-2389f409459f,19,"[1, 0]",0,1,1,,0.5,2
639,9bbe9186-8222-11f1-b0da-2389f409459f,19,"[1, 0]",1,0,0,,0.5,2
640,9bbe9186-8222-11f1-b0da-2389f409459f,20,"[1, 0]",0,1,1,,0.5,2
641,9bbe9186-8222-11f1-b0da-2389f409459f,20,"[1, 0]",1,0,0,,0.5,2
642,9bbe9186-8222-11f1-b0da-2389f409459f,21,"[1, 1]",0,1,-1,,0.5,2
643,9bbe9186-8222-11f1-b0da-2389f409459f,21,"[1, 1]",1,1,-1,,0.5,2
644,9bbe9186-8222-11f1-b0da-2389f409459f,22,"[1, 0]",0,1,1,,0.5,2
645,9bbe9186-8222-11f1-b0da-2389f409459f,22,"[1, 0]",1,0,0,,0.5,2
646,9bbe9186-8222-11f1-b0da-2389f409459f,23,"[1, 1]",0,1,-1,,0.5,2
647,9bbe9186-8222-11f1-b0da-2389f409459f,23,"[1, 1]",1,1,-1,,0.5,2
648,9bbe9186-8222-11f1-b0da-2389f409459f,24,"[1, 1]",0,1,-1,,0.5,2
649,9bbe9186-8222-11f1-b0da-2389f409459f,24,"[1, 1]",1,1,-1,,0.5,2
650,9bbe9186-8222-11f1-b0da-2389f409459f,25,"[1, 0]",0,1,1,,0.5,2
651,9bbe9186-8222-11f1-b0da-2389f409459f,25,"[1, 0]",1,0,0,,0.5,2
652,9bbe9186-8222-11f1-b0da-2389f409459f,26,"[0, 0]",0,0,0,,0.5,2
653,9bbe9186-8222-11f1-b0da-2389f409459f,26,"[0, 0]",1,0,0,,0.5,2
654,9bbe9186-8222-11f1-b0da-2389f409459f,27,"[1, 1]",0,1,-1,,0.5,2
655,9bbe9186-8222-11f1-b0da-2389f409459f,27,"[1, 1]",1,1,-1,,0.5,2
656,9bbe9186-8222-11f1-b0da-2389f409459f,28,"[1, 0]",0,1,1,,0.5,2
657,9bbe9186-8222-11f1-b0da-2389f409459f,28,"[1, 0]",1,0,0,,0.5,2
658,9bbe9186-8222-11f1-b0da-2389f409459f,29,"[1, 1]",0,1,-1,,0.5,2
659,9bbe9186-8222-11f1-b0da-2389f409459f,29,"[1, 1]",1,1,-1,,0.5,2
660,9bbe9186-8222-11f1-b0da-2389f409459f,30,"[1, 0]",0,1,1,,0.5,2
661,9bbe9186-8222-11f1-b0da-2389f409459f,30,"[1, 0]",1,0,0,,0.5,2
662,9bbe9186-8222-11f1-b0da-2389f409459f,31,"[1, 0]",0,1,1,,0.5,2
663,9bbe9186-8222-11f1-b0da-2389f409459f,31,"[1, 0]",1,0,0,,0.5,2
664,9bbe9186-8222-11f1-b0da-2389f409459f,32,"[1, 0]",0,1,1,,0.5,2
665,9bbe9186-8222-11f1-b0da-2389f409459f,32,"[1, 0]",1,0,0,,0.5,2
666,9bbe9186-8222-11f1-b0da-2389f409459f,33,"[1, 0]",0,1,1,,0.5,2
667,9bbe9186-8222-11f1-b0da-2389f409459f,33,"[1, 0]",1,0,0,,0.5,2
668,9bbe9186-8222-11f1-b0da-2389f409459f,34,"[1, 0]",0,1,1,,0.5,2
669,9bbe9186-8222-11f1-b0da-2389f409459f,34,"[1, 0]",1,0,0,,0.5,2
670,9bbe9186-8222-11f1-b0da-2389f409459f,35,"[1, 1]",0,1,-1,,0.5,2
671,9bbe9186-8222-11f1-b0da-2389f409459f,35,"[1, 1]",1,1,-1,,0.5,2
672,9bbe9186-8222-11f1-b0da-2389f409459f,36,"[1, 0]",0,1,1,,0.5,2
673,9bbe9186-8222-11f1-b0da-2389f409459f,36,"[1, 0]",1,0,0,,0.5,2
674,9bbe9186-8222-11f1-b0da-2389f409459f,37,"[1, 1]",0,1,-1,,0.5,2
675,9bbe9186-8222-11f1-b0da-2389f409459f,37,"[1, 1]",1,1,-1,,0.5,2
676,9bbe9186-8222-11f1-b0da-2389f409459f,38,"[1, 1]",0,1,-1,,0.5,2
677,9bbe9186-8222-11f1-b0da-2389f409459f,38,"[1, 1]",1,1,-1,,0.5,2
678,9bbe9186-8222-11f1-b0da-2389f409459f,39,"[1, 1]",0,1,-1,,0.5,2
679,9bbe9186-8222-11f1-b0da-2389f409459f,39,"[1, 1]",1,1,-1,,0.5,2
680,9bbe9186-8222-11f1-b0da-2389f409459f,40,"[1, 1]",0,1,-1,,0.5,2
681,9bbe9186-8222-11f1-b0da-2389f409459f,40,"[1, 1]",1,1,-1,,0.5,2
682,9bbe9186-8222-11f1-b0da-2389f409459f,41,"[1, 0]",0,1,1,,0.5,2
683,9bbe9186-8222-11f1-b0da-2389f409459f,41,"[1, 0]",1,0,0,,0.5,2
684,9bbe9186-8222-11f1-b0da-2389f409459f,42,"[1, 0]",0,1,1,,0.5,2
685,9bbe9186-8222-11f1-b0da-2389f409459f,42,"[1, 0]",1,0,0,,0.5,2
686,9bbe9186-8222-11f1-b0da-2389f409459f,43,"[1, 0]",0,1,1,,0.5,2
687,9bbe9186-8222-11f1-b0da-2389f409459f,43,"[1, 0]",1,0,0,,0.5,2
688,9bbe9186-8222-11f1-b0da-2389f409459f,44,"[1, 1]",0,1,-1,,0.5,2
689,9bbe9186-8222-11f1-b0da-2389f409459f,44,"[1, 1]",1,1,-1,,0.5,2
690,9bbe9186-8222-11f1-b0da-2389f409459f,45,"[1, 0]",0,1,1,,0.5,2
691,9bbe9186-8222-11f1-b0da-2389f409459f,45,"[1, 0]",1,0,0,,0.5,2
692,9bbe9186-8222-11f1-b0da-2389f409459f,46,"[1, 1]",0,1,-1,,0.5,2
693,9bbe9186-8222-11f1-b0da-2389f409459f,46,"[1, 1]",1,1,-1,,0.5,2
694,9bbe9186-8222-11f1-b0da-2389f409459f,47,"[1, 1]",0,1,-1,,0.5,2
695,9bbe9186-8222-11f1-b0da-2389f409459f,47,"[1, 1]",1,1,-1,,0.5,2
696,9bbe9186-8222-11f1-b0da-2389f409459f,48,"[1, 0]",0,1,1,,0.5,2
697,9bbe9186-8222-11f1-b0da-2389f409459f,48,"[1, 0]",1,0,0,,0.5,2
698,9bbe9186-8222-11f1-b0da-2389f409459f,49,"[1, 0]",0,1,1,,0.5,2
699,9bbe9186-8222-11f1-b0da-2389f409459f,49,"[1, 0]",1,0,0,,0.5,2
700,9bc019fc-8222-11f1-b0da-2389f409459f,0,"[0, 0]",0,0,0,,0.5,2
701,9bc019fc-8222-11f1-b0da-2389f409459f,0,"[0, 0]",1,0,0,,0.5,2
702,9bc019fc-8222-11f1-b0da-2389f409459f,1,"[0, 0]",0,0,0,,0.5,2
703,9bc019fc-8222-11f1-b0da-2389f409459f,1,"[0, 0]",1,0,0,,0.5,2
704,9bc019fc-8222-11f1-b0da-2389f409459f,2,"[0, 1]",0,0,0,,0.5,2
705,9bc019fc-8222-11f1-b0da-2389f409459f,2,"[0, 1]",1,1,1,,0.5,2
706,9bc019fc-8222-11f1-b0da-2389f409459f,3,"[1, 1]",0,1,-1,,0.5,2
707,9bc019fc-8222-11f1-b0da-2389f409459f,3,"[1, 1]",1,1,-1,,0.5,2
708,9bc019fc-8222-11f1-b0da-2389f409459f,4,"[1, 0]",0,1,1,,0.5,2
709,9bc019fc-8222-11f1-b0da-2389f409459f,4,"[1, 0]",1,0,0,,0.5,2
710,9bc019fc-8222-11f1-b0da-2389f409459f,5,"[1, 1]",0,1,-1,,0.5,2
711,9bc019fc-8222-11f1-b0da-2389f409459f,5,"[1, 1]",1,1,-1,,0.5,2
712,9bc019fc-8222-11f1-b0da-2389f409459f,6,"[0, 0]",0,0,0,,0.5,2
713,9bc019fc-8222-11f1-b0da-2389f409459f,6,"[0, 0]",1,0,0,,0.5,2
714,9bc019fc-8222-11f1-b0da-2389f409459f,7,"[1, 1]",0,1,-1,,0.5,2
715,9bc019fc-8222-11f1-b0da-2389f409459f,7,"[1, 1]",1,1,-1,,0.5,2
716,9bc019fc-8222-11f1-b0da-2389f409459f,8,"[0, 0]",0,0,0,,0.5,2
717,9bc019fc-8222-11f1-b0da-2389f409459f,8,"[0, 0]",1,0,0,,0.5,2
718,9bc019fc-8222-11f1-b0da-2389f409459f,9,"[1, 0]",0,1,1,,0.5,2
719,9bc019fc-8222-11f1-b0da-2389f409459f,9,"[1, 0]",1,0,0,,0.5,2
720,9bc019fc-8222-11f1-b0da-2389f409459f,10,"[0, 0]",0,0,0,,0.5,2
721,9bc019fc-8222-11f1-b0da-2389f409459f,10,"[0, 0]",1,0,0,,0.5,2
722,9bc019fc-8222-11f1-b0da-2389f409459f,11,"[1, 1]",0,1,-1,,0.5,2
723,9bc019fc-8222-11f1-b0da-2389f409459f,11,"[1, 1]",1,1,-1,,0.5,2
724,9bc019fc-8222-11f1-b0da-2389f409459f,12,"[1, 0]",0,1,1,,0.5,2
725,9bc019fc-8222-11f1-b0da-2389f409459f,12,"[1, 0]",1,0,0,,0.5,2
726,9bc019fc-8222-11f1-b0da-2389f409459f,13,"[0, 1]",0,0,0,,0.5,2
727,9bc019fc-8222-11f1-b0da-2389f409459f,13,"[0, 1]",1,1,1,,0.5,2
728,9bc019fc-8222-11f1-b0da-2389f409459f,14,"[0, 1]",0,0,0,,0.5,2
729,9bc019fc-8222-11f1-b0da-2389f409459f,14,"[0, 1]",1,1,1,,0.5,2
730,9bc019fc-8222-11f1-b0da-2389f409459f,15,"[0, 1]",0,0,0,,0.5,2
731,9bc019fc-8222-11f1-b0da-2389f409459f,15,"[0, 1]",1,1,1,,0.5,2
732,9bc019fc-8222-11f1-b0da-2389f409459f,16,"[0, 0]",0,0,0,,0.5,2
733,9bc019fc-8222-11f1-b0da-2389f409459f,16,"[0, 0]",1,0,0,,0.5,2
734,9bc019fc-8222-11f1-b0da-2389f409459f,17,"[0, 1]",0,0,0,,0.5,2
735,9bc019fc-8222-11f1-b0da-2389f409459f,17,"[0, 1]",1,1,1,,0.5,2
736,9bc019fc-8222-11f1-b0da-2389f409459f,18,"[0, 0]",0,0,0,,0.5,2
737,9bc019fc-8222-11f1-b0da-2389f409459f,18,"[0, 0]",1,0,0,,0.5,2
738,9bc019fc-8222-11f1-b0da-2389f409459f,19,"[1, 1]",0,1,-1,,0.5,2
739,9bc019fc-8222-11f1-b0da-2389f409459f,19,"[1, 1]",1,1,-1,,0.5,2
740,9bc019fc-8222-11f1-b0da-2389f409459f,20,"[1, 0]",0,1,1,,0.5,2
741,9bc019fc-8222-11f1-b0da-2389f409459f,20,"[1, 0]",1,0,0,,0.5,2
742,9bc019fc-8222-11f1-b0da-2389f409459f,21,"[0, 0]",0,0,0,,0.5,2
743,9bc019fc-8222-11f1-b0da-2389f409459f,21,"[0, 0]",1,0,0,,0.5,2
744,9bc019fc-8222-11f1-b0da-2389f409459f,22,"[1, 1]",0,1,-1,,0.5,2
745,9bc019fc-8222-11f1-b0da-2389f409459f,22,"[1, 1]",1,1,-1,,0.5,2
746,9bc019fc-8222-11f1-b0da-2389f409459f,23,"[1, 0]",0,1,1,,0.5,2
747,9bc019fc-8222-11f1-b0da-2389f409459f,23,"[1, 0]",1,0,0,,0.5,2
748,9bc019fc-8222-11f1-b0da-2389f409459f,24,"[1, 1]",0,1,-1,,0.5,2
749,9bc019fc-8222-11f1-b0da-2389f409459f,24,"[1, 1]",1,1,-1,,0.5,2
750,9bc019fc-8222-11f1-b0da-2389f409459f,25,"[1, 0]",0,1,1,,0.5,2
751,9bc019fc-8222-11f1-b0da-2389f409459f,25,"[1, 0]",1,0,0,,0.5,2
752,9bc019fc-8222-11f1-b0da-2389f409459f,26,"[0, 1]",0,0,0,,0.5,2
753,9bc019fc-8222-11f1-b0da-2389f409459f,26,"[0, 1]",1,1,1,,0.5,2
754,9bc019fc-8222-11f1-b0da-2389f409459f,27,"[0, 1]",0,0,0,,0.5,2
755,9bc019fc-8222-11f1-b0da-2389f409459f,27,"[0, 1]",1,1,1,,0.5,2
756,9bc019fc-8222-11f1-b0da-2389f409459f,28,"[0, 0]",0,0,0,,0.5,2
757,9bc019fc-8222-11f1-b0da-2389f409459f,28,"[0, 0]",1,0,0,,0.5,2
758,9bc019fc-8222-11f1-b0da-2389f409459f,29,"[1, 1]",0,1,-1,,0.5,2
759,9bc019fc-8222-11f1-b0da-2389f409459f,29,"[1, 1]",1,1,-1,,0.5,2
760,9bc019fc-8222-11f1-b0da-2389f409459f,30,"[0, 0]",0,0,0,,0.5,2
761,9bc019fc-8222-11f1-b0da-2389f409459f,30,"[0, 0]",1,0,0,,0.5,2
762,9bc019fc-8222-11f1-b0da-2389f409459f,31,"[0, 0]",0,0,0,,0.5,2
763,9bc019fc-8222-11f1-b0da-2389f409459f,31,"[0, 0]",1,0,0,,0.5,2
764,9bc019fc-8222-11f1-b0da-2389f409459f,32,"[0, 1]",0,0,0,,0.5,2
765,9bc019fc-8222-11f1-b0da-2389f409459f,32,"[0, 1]",1,1,1,,0.5,2
766,9bc019fc-8222-11f1-b0da-2389f409459f,33,"[0, 1]",0,0,0,,0.5,2
767,9bc019fc-8222-11f1-b0da-2389f409459f,33,"[0, 1]",1,1,1,,0.5,2
768,9bc019fc-8222-11f1-b0da-2389f409459f,34,"[1, 0]",0,1,1,,0.5,2
769,9bc019fc-8222-11f1-b0da-2389f409459f,34,"[1, 0]",1,0,0,,0.5,2
770,9bc019fc-8222-11f1-b0da-2389f409459f,35,"[0, 1]",0,0,0,,0.5,2
771,9bc019fc-8222-11f1-b0da-2389f409459f,35,"[0, 1]",1,1,1,,0.5,2
772,9bc019fc-8222-11f1-b0da-2389f409459f,36,"[1, 0]",0,1,1,,0.5,2
773,9bc019fc-8222-11f1-b0da-2389f409459f,36,"[1, 0]",1,0,0,,0.5,2
774,9bc019fc-8222-11f1-b0da-2389f409459f,37,"[0, 0]",0,0,0,,0.5,2
775,9bc019fc-8222-11f1-b0da-2389f409459f,37,"[0, 0]",1,0,0,,0.5,2
776,9bc019fc-8222-11f1-b0da-2389f409459f,38,"[1, 0]",0,1,1,,0.5,2
777,9bc019fc-8222-11f1-b0da-2389f409459f,38,"[1, 0]",1,0,0,,0.5,2
778,9bc019fc-8222-11f1-b0da-2389f409459f,39,"[0, 0]",0,0,0,,0.5,2
779,9bc019fc-8222-11f1-b0da-2389f409459f,39,"[0, 0]",1,0,0,,0.5,2
780,9bc019fc-8222-11f1-b0da-2389f409459f,40,"[1, 0]",0,1,1,,0.5,2
781,9bc019fc-8222-11f1-b0da-2389f409459f,40,"[1, 0]",1,0,0,,0.5,2
782,9bc019fc-8222-11f1-b0da-2389f409459f,41,"[1, 0]",0,1,1,,0.5,2
783,9bc019fc-8222-11f1-b0da-2389f409459f,41,"[1, 0]",1,0,0,,0.5,2
784,9bc019fc-8222-11f1-b0da-2389f409459f,42,"[1, 1]",0,1,-1,,0.5,2
785,9bc019fc-8222-11f1-b0da-2389f409459f,42,"[1, 1]",1,1,-1,,0.5,2
786,9bc019fc-8222-11f1-b0da-2389f409459f,43,"[1, 0]",0,1,1,,0.5,2
787,9bc019fc-8222-11f1-b0da-2389f409459f,43,"[1, 0]",1,0,0,,0.5,2
788,9bc019fc-8222-11f1-b0da-2389f409459f,44,"[1, 1]",0,1,-1,,0.5,2
789,9bc019fc-8222-11f1-b0da-2389f409459f,44,"[1, 1]",1,1,-1,,0.5,2
790,9bc019fc-8222-11f1-b0da-2389f409459f,45,"[1, 0]",0,1,1,,0.5,2
791,9bc019fc-8222-11f1-b0da-2389f409459f,45,"[1, 0]",1,0,0,,0.5,2
792,9bc019fc-8222-11f1-b0da-2389f409459f,46,"[1, 1]",0,1,-1,,0.5,2
793,9bc019fc-8222-11f1-b0da-2389f409459f,46,"[1, 1]",1,1,-1,,0.5,2
794,9bc019fc-8222-11f1-b0da-2389f409459f,47,"[1, 0]",0,1,1,,0.5,2
795,9bc019fc-8222-11f1-b0da-2389f409459f,47,"[1, 0]",1,0,0,,0.5,2
796,9bc019fc-8222-11f1-b0da-2389f409459f,48,"[1, 0]",0,1,1,,0.5,2
797,9bc019fc-8222-11f1-b0da-2389f409459f,48,"[1, 0]",1,0,0,,0.5,2
798,9bc019fc-8222-11f1-b0da-2389f409459f,49,"[1, 0]",0,1,1,,0.5,2
799,9bc019fc-8222-11f1-b0da-2389f409459f,49,"[1, 0]",1,0,0,,0.5,2
800,9bc193b8-8222-11f1-b0da-2389f409459f,0,"[1, 0]",0,1,1,,0.5,2
801,9bc193b8-8222-11f1-b0da-2389f409459f,0,"[1, 0]",1,0,0,,0.5,2
802,9bc193b8-8222-11f1-b0da-2389f409459f,1,"[0, 0]",0,0,0,,0.5,2
803,9bc193b8-8222-11f1-b0da-2389f409459f,1,"[0, 0]",1,0,0,,0.5,2
804,9bc193b8-8222-11f1-b0da-2389f409459f,2,"[1, 1]",0,1,-1,,0.5,2
805,9bc193b8-8222-11f1-b0da-2389f409459f,2,"[1, 1]",1,1,-1,,0.5,2
806,9bc193b8-8222-11f1-b0da-2389f409459f,3,"[1, 0]",0,1,1,,0.5,2
807,9bc193b8-8222-11f1-b0da-2389f409459f,3,"[1, 0]",1,0,0,,0.5,2
808,9bc193b8-8222-11f1-b0da-2389f409459f,4,"[0, 1]",0,0,0,,0.5,2
809,9bc193b8-8222-11f1-b0da-2389f409459f,4,"[0, 1]",1,1,1,,0.5,2
810,9bc193b8-8222-11f1-b0da-2389f409459f,5,"[1, 1]",0,1,-1,,0.5,2
811,9bc193b8-8222-11f1-b0da-2389f409459f,5,"[1, 1]",1,1,-1,,0.5,2
812,9bc193b8-8222-11f1-b0da-2389f409459f,6,"[0, 1]",0,0,0,,0.5,2
813,9bc193b8-8222-11f1-b0da-2389f409459f,6,"[0, 1]",1,1,1,,0.5,2
814,9bc193b8-8222-11f1-b0da-2389f409459f,7,"[1, 0]",0,1,1,,0.5,2
815,9bc193b8-8222-11f1-b0da-2389f409459f,7,"[1, 0]",1,0,0,,0.5,2
816,9bc193b8-8222-11f1-b0da-2389f409459f,8,"[0, 0]",0,0,0,,0.5,2
817,9bc193b8-8222-11f1-b0da-2389f409459f,8,"[0, 0]",1,0,0,,0.5,2
818,9bc193b8-8222-11f1-b0da-2389f409459f,9,"[1, 0]",0,1,1,,0.5,2
819,9bc193b8-8222-11f1-b0da-2389f409459f,9,"[1, 0]",1,0,0,,0.5,2
820,9bc193b8-8222-11f1-b0da-2389f409459f,10,"[0, 0]",0,0,0,,0.5,2
821,9bc193b8-8222-11f1-b0da-2389f409459f,10,"[0, 0]",1,0,0,,0.5,2
822,9bc193b8-8222-11f1-b0da-2389f409459f,11,"[0, 0]",0,0,0,,0.5,2
823,9bc193b8-8222-11f1-b0da-2389f409459f,11,"[0, 0]",1,0,0,,0.5,2
824,9bc193b8-8222-11f1-b0da-2389f409459f,12,"[1, 0]",0,1,1,,0.5,2
825,9bc193b8-8222-11f1-b0da-2389f409459f,12,"[1, 0]",1,0,0,,0.5,2
826,9bc193b8-8222-11f1-b0da-2389f409459f,13,"[0, 0]",0,0,0,,0.5,2
827,9bc193b8-8222-11f1-b0da-2389f409459f,13,"[0, 0]",1,0,0,,0.5,2
828,9bc193b8-8222-11f1-b0da-2389f409459f,14,"[1, 0]",0,1,1,,0.5,2
829,9bc193b8-8222-11f1-b0da-2389f409459f,14,"[1, 0]",1,0,0,,0.5,2
830,9bc193b8-8222-11f1-b0da-2389f409459f,15,"[0, 0]",0,0,0,,0.5,2
831,9bc193b8-8222-11f1-b0da-2389f409459f,15,"[0, 0]",1,0,0,,0.5,2
832,9bc193b8-8222-11f1-b0da-2389f409459f,16,"[1, 1]",0,1,-1,,0.5,2
833,9bc193b8-8222-11f1-b0da-2389f409459f,16,"[1, 1]",1,1,-1,,0.5,2
834,9bc193b8-8222-11f1-b0da-2389f409459f,17,"[0, 0]",0,0,0,,0.5,2
835,9bc193b8-8222-11f1-b0da-2389f409459f,17,"[0, 0]",1,0,0,,0.5,2
836,9bc193b8-8222-11f1-b0da-2389f409459f,18,"[1, 0]",0,1,1,,0.5,2
837,9bc193b8-8222-11f1-b0da-2389f409459f,18,"[1, 0]",1,0,0,,0.5,2
838,9bc193b8-8222-11f1-b0da-2389f409459f,19,"[0, 0]",0,0,0,,0.5,2
839,9bc193b8-8222-11f1-b0da-2389f409459f,19,"[0, 0]",1,0,0,,0.5,2
840,9bc193b8-8222-11f1-b0da-2389f409459f,20,"[1, 0]",0,1,1,,0.5,2
841,9bc193b8-8222-11f1-b0da-2389f409459f,20,"[1, 0]",1,0,0,,0.5,2
842,9bc193b8-8222-11f1-b0da-2389f409459f,21,"[0, 0]",0,0,0,,0.5,2
843,9bc193b8-8222-11f1-b0da-2389f409459f,21,"[0, 0]",1,0,0,,0.5,2
844,9bc193b8-8222-11f1-b0da-2389f409459f,22,"[0, 0]",0,0,0,,0.5,2
845,9bc193b8-8222-11f1-b0da-2389f409459f,22,"[0, 0]",1,0,0,,0.5,2
846,9bc193b8-8222-11f1-b0da-2389f409459f,23,"[0, 0]",0,0,0,,0.5,2
847,9bc193b8-8222-11f1-b0da-2389f409459f,23,"[0, 0]",1,0,0,,0.5,2
848,9bc193b8-8222-11f1-b0da-2389f409459f,24,"[0, 0]",0,0,0,,0.5,2
849,9bc193b8-8222-11f1-b0da-2389f409459f,24,"[0, 0]",1,0,0,,0.5,2
850,9bc193b8-8222-11f1-b0da-2389f409459f,25,"[1, 0]",0,1,1,,0.5,2
851,9bc193b8-8222-11f1-b0da-2389f409459f,25,"[1, 0]",1,0,0,,0.5,2
852,9bc193b8-8222-11f1-b0da-2389f409459f,26,"[0, 0]",0,0,0,,0.5,2
853,9bc193b8-8222-11f1-b0da-2389f409459f,26,"[0, 0]",1,0,0,,0.5,2
854,9bc193b8-8222-11f1-b0da-2389f409459f,27,"[0, 0]",0,0,0,,0.5,2
855,9bc193b8-8222-11f1-b0da-2389f409459f,27,"[0, 0]",1,0,0,,0.5,2
856,9bc193b8-8222-11f1-b0da-2389f409459f,28,"[1, 0]",0,1,1,,0.5,2
857,9bc193b8-8222-11f1-b0da-2389f409459f,28,"[1, 0]",1,0,0,,0.5,2
858,9bc193b8-8222-11f1-b0da-2389f409459f,29,"[0, 0]",0,0,0,,0.5,2
859,9bc193b8-8222-11f1-b0da-2389f409459f,29,"[0, 0]",1,0,0,,0.5,2
860,9bc193b8-8222-11f1-b0da-2389f409459f,30,"[1, 0]",0,1,1,,0.5,2
861,9bc193b8-8222-11f1-b0da-2389f409459f,30,"[1, 0]",1,0,0,,0.5,2
862,9bc193b8-8222-11f1-b0da-2389f409459f,31,"[0, 0]",0,0,0,,0.5,2
863,9bc193b8-8222-11f1-b0da-2389f409459f,31,"[0, 0]",1,0,0,,0.5,2
864,9bc193b8-8222-11f1-b0da-2389f409459f,32,"[1, 1]",0,1,-1,,0.5,2
865,9bc193b8-8222-11f1-b0da-2389f409459f,32,"[1, 1]",1,1,-1,,0.5,2
866,9bc193b8-8222-11f1-b0da-2389f409459f,33,"[0, 1]",0,0,0,,0.5,2
867,9bc193b8-8222-11f1-b0da-2389f409459f,33,"[0, 1]",1,1,1,,0.5,2
868,9bc193b8-8222-11f1-b0da-2389f409459f,34,"[1, 1]",0,1,-1,,0.5,2
869,9bc193b8-8222-11f1-b0da-2389f409459f,34,"[1, 1]",1,1,-1,,0.5,2
870,9bc193b8-8222-11f1-b0da-2389f409459f,35,"[1, 0]",0,1,1,,0.5,2
871,9bc193b8-8222-11f1-b0da-2389f409459f,35,"[1, 0]",1,0,0,,0.5,2
872,9bc193b8-8222-11f1-b0da-2389f409459f,36,"[1, 0]",0,1,1,,0.5,2
873,9bc193b8-8222-11f1-b0da-2389f409459f,36,"[1, 0]",1,0,0,,0.5,2
874,9bc193b8-8222-11f1-b0da-2389f409459f,37,"[0, 1]",0,0,0,,0.5,2
875,9bc193b8-8222-11f1-b0da-2389f409459f,37,"[0, 1]",1,1,1,,0.5,2
876,9bc193b8-8222-11f1-b0da-2389f409459f,38,"[1, 1]",0,1,-1,,0.5,2
877,9bc193b8-8222-11f1-b0da-2389f409459f,38,"[1, 1]",1,1,-1,,0.5,2
878,9bc193b8-8222-11f1-b0da-2389f409459f,39,"[0, 1]",0,0,0,,0.5,2
879,9bc193b8-8222-11f1-b0da-2389f409459f,39,"[0, 1]",1,1,1,,0.5,2
880,9bc193b8-8222-11f1-b0da-2389f409459f,40,"[1, 0]",0,1,1,,0.5,2
881,9bc193b8-8222-11f1-b0da-2389f409459f,40,"[1, 0]",1,0,0,,0.5,2
882,9bc193b8-8222-11f1-b0da-2389f409459f,41,"[0, 0]",0,0,0,,0.5,2
883,9bc193b8-8222-11f1-b0da-2389f409459f,41,"[0, 0]",1,0,0,,0.5,2
884,9bc193b8-8222-11f1-b0da-2389f409459f,42,"[1, 0]",0,1,1,,0.5,2
885,9bc193b8-8222-11f1-b0da-2389f409459f,42,"[1, 0]",1,0,0,,0.5,2
886,9bc193b8-8222-11f1-b0da-2389f409459f,43,"[0, 1]",0,0,0,,0.5,2
887,9bc193b8-8222-11f1-b0da-2389f409459f,43,"[0, 1]",1,1,1,,0.5,2
888,9bc193b8-8222-11f1-b0da-2389f409459f,44,"[1, 0]",0,1,1,,0.5,2
889,9bc193b8-8222-11f1-b0da-2389f409459f,44,"[1, 0]",1,0,0,,0.5,2
890,9bc193b8-8222-11f1-b0da-2389f409459f,45,"[0, 1]",0,0,0,,0.5,2
891,9bc193b8-8222-11f1-b0da-2389f409459f,45,"[0, 1]",1,1,1,,0.5,2
892,9bc193b8-8222-11f1-b0da-2389f409459f,46,"[1, 0]",0,1,1,,0.5,2
893,9bc193b8-8222-11f1-b0da-2389f409459f,46,"[1, 0]",1,0,0,,0.5,2
894,9bc193b8-8222-11f1-b0da-2389f409459f,47,"[1, 1]",0,1,-1,,0.5,2
895,9bc193b8-8222-11f1-b0da-2389f409459f,47,"[1, 1]",1,1,-1,,0.5,2
896,9bc193b8-8222-11f1-b0da-2389f409459f,48,"[1, 1]",0,1,-1,,0.5,2
897,9bc193b8-8222-11f1-b0da-2389f409459f,48,"[1, 1]",1,1,-1,,0.5,2
898,9bc193b8-8222-11f1-b0da-2389f409459f,49,"[0, 0]",0,0,0,,0.5,2
899,9bc193b8-8222-11f1-b0da-2389f409459f,49,"[0, 0]",1,0,0,,0.5,2
900,9bc30810-8222-11f1-b0da-2389f409459f,0,"[0, 1]",0,0,0,,0.5,2
901,9bc30810-8222-11f1-b0da-2389f409459f,0,"[0, 1]",1,1,1,,0.5,2
902,9bc30810-8222-11f1-b0da-2389f409459f,1,"[0, 0]",0,0,0,,0.5,2
903,9bc30810-8222-11f1-b0da-2389f409459f,1,"[0, 0]",1,0,0,,0.5,2
904,9bc30810-8222-11f1-b0da-2389f409459f,2,"[0, 0]",0,0,0,,0.5,2
905,9bc30810-8222-11f1-b0da-2389f409459f,2,"[0, 0]",1,0,0,,0.5,2
906,9bc30810-8222-11f1-b0da-2389f409459f,3,"[1, 0]",0,1,1,,0.5,2
907,9bc30810-8222-11f1-b0da-2389f409459f,3,"[1, 0]",1,0,0,,0.5,2
908,9bc30810-8222-11f1-b0da-2389f409459f,4,"[1, 1]",0,1,-1,,0.5,2
909,9bc30810-8222-11f1-b0da-2389f409459f,4,"[1, 1]",1,1,-1,,0.5,2
910,9bc30810-8222-11f1-b0da-2389f409459f,5,"[0, 1]",0,0,0,,0.5,2
911,9bc30810-8222-11f1-b0da-2389f409459f,5,"[0, 1]",1,1,1,,0.5,2
912,9bc30810-8222-11f1-b0da-2389f409459f,6,"[0, 0]",0,0,0,,0.5,2
913,9bc30810-8222-11f1-b0da-2389f409459f,6,"[0, 0]",1,0,0,,0.5,2
914,9bc30810-8222-11f1-b0da-2389f409459f,7,"[0, 1]",0,0,0,,0.5,2
915,9bc30810-8222-11f1-b0da-2389f409459f,7,"[0, 1]",1,1,1,,0.5,2
916,9bc30810-8222-11f1-b0da-2389f409459f,8,"[0, 0]",0,0,0,,0.5,2
917,9bc30810-8222-11f1-b0da-2389f409459f,8,"[0, 0]",1,0,0,,0.5,2
918,9bc30810-8222-11f1-b0da-2389f409459f,9,"[0, 1]",0,0,0,,0.5,2
919,9bc30810-8222-11f1-b0da-2389f409459f,9,"[0, 1]",1,1,1,,0.5,2
920,9bc30810-8222-11f1-b0da-2389f409459f,10,"[1, 0]",0,1,1,,0.5,2
921,9bc30810-8222-11f1-b0da-2389f409459f,10,"[1, 0]",1,0,0,,0.5,2
922,9bc30810-8222-11f1-b0da-2389f409459f,11,"[1, 1]",0,1,-1,,0.5,2
923,9bc30810-8222-11f1-b0da-2389f409459f,11,"[1, 1]",1,1,-1,,0.5,2
924,9bc30810-8222-11f1-b0da-2389f409459f,12,"[0, 1]",0,0,0,,0.5,2
925,9bc30810-8222-11f1-b0da-2389f409459f,12,"[0, 1]",1,1,1,,0.5,2
926,9bc30810-8222-11f1-b0da-2389f409459f,13,"[1, 1]",0,1,-1,,0.5,2
927,9bc30810-8222-11f1-b0da-2389f409459f,13,"[1, 1]",1,1,-1,,0.5,2
928,9bc30810-8222-11f1-b0da-2389f409459f,14,"[0, 0]",0,0,0,,0.5,2
929,9bc30810-8222-11f1-b0da-2389f409459f,14,"[0, 0]",1,0,0,,0.5,2
930,9bc30810-8222-11f1-b0da-2389f409459f,15,"[1, 1]",0,1,-1,,0.5,2
931,9bc30810-8222-11f1-b0da-2389f409459f,15,"[1, 1]",1,1,-1,,0.5,2
932,9bc30810-8222-11f1-b0da-2389f409459f,16,"[1, 1]",0,1,-1,,0.5,2
933,9bc30810-8222-11f1-b0da-2389f409459f,16,"[1, 1]",1,1,-1,,0.5,2
934,9bc30810-8222-11f1-b0da-2389f409459f,17,"[1, 1]",0,1,-1,,0.5,2
935,9bc30810-8222-11f1-b0da-2389f409459f,17,"[1, 1]",1,1,-1,,0.5,2
936,9bc30810-8222-11f1-b0da-2389f409459f,18,"[0, 0]",0,0,0,,0.5,2
937,9bc30810-8222-11f1-b0da-2389f409459f,18,"[0, 0]",1,0,0,,0.5,2
938,9bc30810-8222-11f1-b0da-2389f409459f,19,"[1, 0]",0,1,1,,0.5,2
939,9bc30810-8222-11f1-b0da-2389f409459f,19,"[1, 0]",1,0,0,,0.5,2
940,9bc30810-8222-11f1-b0da-2389f409459f,20,"[0, 1]",0,0,0,,0.5,2
941,9bc30810-8222-11f1-b0da-2389f409459f,20,"[0, 1]",1,1,1,,0.5,2
942,9bc30810-8222-11f1-b0da-2389f409459f,21,"[1, 0]",0,1,1,,0.5,2
943,9bc30810-8222-11f1-b0da-2389f409459f,21,"[1, 0]",1,0,0,,0.5,2
944,9bc30810-8222-11f1-b0da-2389f409459f,22,"[1, 1]",0,1,-1,,0.5,2
945,9bc30810-8222-11f1-b0da-2389f409459f,22,"[1, 1]",1,1,-1,,0.5,2
946,9bc30810-8222-11f1-b0da-2389f409459f,23,"[0, 1]",0,0,0,,0.5,2
947,9bc30810-8222-11f1-b0da-2389f409459f,23,"[0, 1]",1,1,1,,0.5,2
948,9bc30810-8222-11f1-b0da-2389f409459f,24,"[0, 1]",0,0,0,,0.5,2
949,9bc30810-8222-11f1-b0da-2389f409459f,24,"[0, 1]",1,1,1,,0.5,2
950,9bc30810-8222-11f1-b0da-2389f409459f,25,"[1, 0]",0,1,1,,0.5,2
951,9bc30810-8222-11f1-b0da-2389f409459f,25,"[1, 0]",1,0,0,,0.5,2
952,9bc30810-8222-11f1-b0da-2389f409459f,26,"[1, 0]",0,1,1,,0.5,2
953,9bc30810-8222-11f1-b0da-2389f409459f,26,"[1, 0]",1,0,0,,0.5,2
954,9bc30810-8222-11f1-b0da-2389f409459f,27,"[1, 1]",0,1,-1,,0.5,2
955,9bc30810-8222-11f1-b0da-2389f409459f,27,"[1, 1]",1,1,-1,,0.5,2
956,9bc30810-8222-11f1-b0da-2389f409459f,28,"[0, 1]",0,0,0,,0.5,2
957,9bc30810-8222-11f1-b0da-2389f409459f,28,"[0, 1]",1,1,1,,0.5,2
958,9bc30810-8222-11f1-b0da-2389f409459f,29,"[1, 0]",0,1,1,,0.5,2
959,9bc30810-8222-11f1-b0da-2389f409459f,29,"[1, 0]",1,0,0,,0.5,2
960,9bc30810-8222-11f1-b0da-2389f409459f,30,"[1, 0]",0,1,1,,0.5,2
961,9bc30810-8222-11f1-b0da-2389f409459f,30,"[1, 0]",1,0,0,,0.5,2
962,9bc30810-8222-11f1-b0da-2389f409459f,31,"[0, 0]",0,0,0,,0.5,2
963,9bc30810-8222-11f1-b0da-2389f409459f,31,"[0, 0]",1,0,0,,0.5,2
964,9bc30810-8222-11f1-b0da-2389f409459f,32,"[0, 0]",0,0,0,,0.5,2
965,9bc30810-8222-11f1-b0da-2389f409459f,32,"[0, 0]",1,0,0,,0.5,2
966,9bc30810-8222-11f1-b0da-2389f409459f,33,"[0, 1]",0,0,0,,0.5,2
967,9bc30810-8222-11f1-b0da-2389f409459f,33,"[0, 1]",1,1,1,,0.5,2
968,9bc30810-8222-11f1-b0da-2389f409459f,34,"[1, 0]",0,1,1,,0.5,2
969,9bc30810-8222-11f1-b0da-2389f409459f,34,"[1, 0]",1,0,0,,0.5,2
970,9bc30810-8222-11f1-b0da-2389f409459f,35,"[1, 0]",0,1,1,,0.5,2
971,9bc30810-8222-11f1-b0da-2389f409459f,35,"[1, 0]",1,0,0,,0.5,2
972,9bc30810-8222-11f1-b0da-2389f409459f,36,"[1, 0]",0,1,1,,0.5,2
973,9bc30810-8222-11f1-b0da-2389f409459f,36,"[1, 0]",1,0,0,,0.5,2
974,9bc30810-8222-11f1-b0da-2389f409459f,37,"[1, 1]",0,1,-1,,0.5,2
975,9bc30810-8222-11f1-b0da-2389f409459f,37,"[1, 1]",1,1,-1,,0.5,2
976,9bc30810-8222-11f1-b0da-2389f409459f,38,"[0, 0]",0,0,0,,0.5,2
977,9bc30810-8222-11f1-b0da-2389f409459f,38,"[0, 0]",1,0,0,,0.5,2
978,9bc30810-8222-11f1-b0da-2389f409459f,39,"[0, 0]",0,0,0,,0.5,2
979,9bc30810-8222-11f1-b0da-2389f409459f,39,"[0, 0]",1,0,0,,0.5,2
980,9bc30810-8222-11f1-b0da-2389f409459f,40,"[0, 1]",0,0,0,,0.5,2
981,9bc30810-8222-11f1-b0da-2389f409459f,40,"[0, 1]",1,1,1,,0.5,2
982,9bc30810-8222-11f1-b0da-2389f409459f,41,"[0, 0]",0,0,0,,0.5,2
983,9bc30810-8222-11f1-b0da-2389f409459f,41,"[0, 0]",1,0,0,,0.5,2
984,9bc30810-8222-11f1-b0da-2389f409459f,42,"[0, 0]",0,0,0,,0.5,2
985,9bc30810-8222-11f1-b0da-2389f409459f,42,"[0, 0]",1,0,0,,0.5,2
986,9bc30810-8222-11f1-b0da-2389f409459f,43,"[1, 1]",0,1,-1,,0.5,2
987,9bc30810-8222-11f1-b0da-2389f409459f,43,"[1, 1]",1,1,-1,,0.5,2
988,9bc30810-8222-11f1-b0da-2389f409459f,44,"[0, 1]",0,0,0,,0.5,2
989,9bc30810-8222-11f1-b0da-2389f409459f,44,"[0, 1]",1,1,1,,0.5,2
990,9bc30810-8222-11f1-b0da-2389f409459f,45,"[1, 0]",0,1,1,,0.5,2
991,9bc30810-8222-11f1-b0da-2389f409459f,45,"[1, 0]",1,0,0,,0.5,2
992,9bc30810-8222-11f1-b0da-2389f409459f,46,"[1, 0]",0,1,1,,0.5,2
993,9bc30810-8222-11f1-b0da-2389f409459f,46,"[1, 0]",1,0,0,,0.5,2
994,9bc30810-8222-11f1-b0da-2389f409459f,47,"[1, 0]",0,1,1,,0.5,2
995,9bc30810-8222-11f1-b0da-2389f409459f,47,"[1, 0]",1,0,0,,0.5,2
996,9bc30810-8222-11f1-b0da-2389f409459f,48,"[0, 1]",0,0,0,,0.5,2
997,9bc30810-8222-11f1-b0da-2389f409459f,48,"[0, 1]",1,1,1,,0.5,2
998,9bc30810-8222-11f1-b0da-2389f409459f,49,"[1, 0]",0,1,1,,0.5,2
999,9bc30810-8222-11f1-b0da-2389f409459f,49,"[1, 0]",1,0,0,,0.5,2
1000,9bc47920-8222-11f1-b0da-2389f409459f,0,"[1, 1]",0,1,-1,,0.5,2
1001,9bc47920-8222-11f1-b0da-2389f409459f,0,"[1, 1]",1,1,-1,,0.5,2
1002,9bc47920-8222-11f1-b0da-2389f409459f,1,"[1, 1]",0,1,-1,,0.5,2
1003,9bc47920-8222-11f1-b0da-2389f409459f,1,"[1, 1]",1,1,-1,,0.5,2
1004,9bc47920-8222-11f1-b0da-2389f409459f,2,"[1, 0]",0,1,1,,0.5,2
1005,9bc47920-8222-11f1-b0da-2389f409459f,2,"[1, 0]",1,0,0,,0.5,2
1006,9bc47920-8222-11f1-b0da-2389f409459f,3,"[0, 0]",0,0,0,,0.5,2
1007,9bc47920-8222-11f1-b0da-2389f409459f,3,"[0, 0]",1,0,0,,0.5,2
1008,9bc47920-8222-11f1-b0da-2389f409459f,4,"[1, 1]",0,1,-1,,0.5,2
1009,9bc47920-8222-11f1-b0da-2389f409459f,4,"[1, 1]",1,1,-1,,0.5,2
1010,9bc47920-8222-11f1-b0da-2389f409459f,5,"[1, 1]",0,1,-1,,0.5,2
1011,9bc47920-8222-11f1-b0da-2389f409459f,5,"[1, 1]",1,1,-1,,0.5,2
1012,9bc47920-8222-11f1-b0da-2389f409459f,6,"[1, 0]",0,1,1,,0.5,2
1013,9bc47920-8222-11f1-b0da-2389f409459f,6,"[1, 0]",1,0,0,,0.5,2
1014,9bc47920-8222-11f1-b0da-2389f409459f,7,"[1, 1]",0,1,-1,,0.5,2
1015,9bc47920-8222-11f1-b0da-2389f409459f,7,"[1, 1]",1,1,-1,,0.5,2
1016,9bc47920-8222-11f1-b0da-2389f409459f,8,"[1, 0]",0,1,1,,0.5,2
1017,9bc47920-8222-11f1-b0da-2389f409459f,8,"[1, 0]",1,0,0,,0.5,2
1018,9bc47920-8222-11f1-b0da-2389f409459f,9,"[1, 1]",0,1,-1,,0.5,2
1019,9bc47920-8222-11f1-b0da-2389f409459f,9,"[1, 1]",1,1,-1,,0.5,2
1020,9bc47920-8222-11f1-b0da-2389f409459f,10,"[1, 0]",0,1,1,,0.5,2
1021,9bc47920-8222-11f1-b0da-2389f409459f,10,"[1, 0]",1,0,0,,0.5,2
1022,9bc47920-8222-11f1-b0da-2389f409459f,11,"[0, 0]",0,0,0,,0.5,2
1023,9bc47920-8222-11f1-b0da-2389f409459f,11,"[0, 0]",1,0,0,,0.5,2
1024,9bc47920-8222-11f1-b0da-2389f409459f,12,"[0, 1]",0,0,0,,0.5,2
1025,9bc47920-8222-11f1-b0da-2389f409459f,12,"[0, 1]",1,1,1,,0.5,2
1026,9bc47920-8222-11f1-b0da-2389f409459f,13,"[1, 0]",0,1,1,,0.5,2
1027,9bc47920-8222-11f1-b0da-2389f409459f,13,"[1, 0]",1,0,0,,0.5,2
1028,9bc47920-8222-11f1-b0da-2389f409459f,14,"[0, 1]",0,0,0,,0.5,2
1029,9bc47920-8222-11f1-b0da-2389f409459f,14,"[0, 1]",1,1,1,,0.5,2
1030,9bc47920-8222-11f1-b0da-2389f409459f,15,"[1, 0]",0,1,1,,0.5,2
1031,9bc47920-8222-11f1-b0da-2389f409459f,15,"[1, 0]",1,0,0,,0.5,2
1032,9bc47920-8222-11f1-b0da-2389f409459f,16,"[0, 0]",0,0,0,,0.5,2
1033,9bc47920-8222-11f1-b0da-2389f409459f,16,"[0, 0]",1,0,0,,0.5,2
1034,9bc47920-8222-11f1-b0da-2389f409459f,17,"[0, 0]",0,0,0,,0.5,2
1035,9bc47920-8222-11f1-b0da-2389f409459f,17,"[0, 0]",1,0,0,,0.5,2
1036,9bc47920-8222-11f1-b0da-2389f409459f,18,"[0, 0]",0,0,0,,0.5,2
1037,9bc47920-8222-11f1-b0da-2389f409459f,18,"[0, 0]",1,0,0,,0.5,2
1038,9bc47920-8222-11f1-b0da-2389f409459f,19,"[0, 0]",0,0,0,,0.5,2
1039,9bc47920-8222-11f1-b0da-2389f409459f,19,"[0, 0]",1,0,0,,0.5,2
1040,9bc47920-8222-11f1-b0da-2389f409459f,20,"[1, 0]",0,1,1,,0.5,2
1041,9bc47920-8222-11f1-b0da-2389f409459f,20,"[1, 0]",1,0,0,,0.5,2
1042,9bc47920-8222-11f1-b0da-2389f409459f,21,"[0, 0]",0,0,0,,0.5,2
1043,9bc47920-8222-11f1-b0da-2389f409459f,21,"[0, 0]",1,0,0,,0.5,2
1044,9bc47920-8222-11f1-b0da-2389f409459f,22,"[0, 0]",0,0,0,,0.5,2
1045,9bc47920-8222-11f1-b0da-2389f409459f,22,"[0, 0]",1,0,0,,0.5,2
1046,9bc47920-8222-11f1-b0da-2389f409459f,23,"[0, 1]",0,0,0,,0.5,2
1047,9bc47920-8222-11f1-b0da-2389f409459f,23,"[0, 1]",1,1,1,,0.5,2
1048,9bc47920-8222-11f1-b0da-2389f409459f,24,"[1, 0]",0,1,1,,0.5,2
1049,9bc47920-8222-11f1-b0da-2389f409459f,24,"[1, 0]",1,0,0,,0.5,2
1050,9bc47920-8222-11f1-b0da-2389f409459f,25,"[0, 1]",0,0,0,,0.5,2
1051,9bc47920-8222-11f1-b0da-2389f409459f,25,"[0, 1]",1,1,1,,0.5,2
1052,9bc47920-8222-11f1-b0da-2389f409459f,26,"[1, 0]",0,1,1,,0.5,2
1053,9bc47920-8222-11f1-b0da-2389f409459f,26,"[1, 0]",1,0,0,,0.5,2
1054,9bc47920-8222-11f1-b0da-2389f409459f,27,"[0, 1]",0,0,0,,0.5,2
1055,9bc47920-8222-11f1-b0da-2389f409459f,27,"[0, 1]",1,1,1,,0.5,2
1056,9bc47920-8222-11f1-b0da-2389f409459f,28,"[1, 0]",0,1,1,,0.5,2
1057,9bc47920-8222-11f1-b0da-2389f409459f,28,"[1, 0]",1,0,0,,0.5,2
1058,9bc47920-8222-11f1-b0da-2389f409459f,29,"[0, 1]",0,0,0,,0.5,2
1059,9bc47920-8222-11f1-b0da-2389f409459f,29,"[0, 1]",1,1,1,,0.5,2
1060,9bc47920-8222-11f1-b0da-2389f409459f,30,"[1, 0]",0,1,1,,0.5,2
1061,9bc47920-8222-11f1-b0da-2389f409459f,30,"[1, 0]",1,0,0,,0.5,2
1062,9bc47920-8222-11f1-b0da-2389f409459f,31,"[0, 1]",0,0,0,,0.5,2
1063,9bc47920-8222-11f1-b0da-2389f409459f,31,"[0, 1]",1,1,1,,0.5,2
1064,9bc47920-8222-11f1-b0da-2389f409459f,32,"[1, 0]",0,1,1,,0.5,2
1065,9bc47920-8222-11f1-b0da-2389f409459f,32,"[1, 0]",1,0,0,,0.5,2
1066,9bc47920-8222-11f1-b0da-2389f409459f,33,"[0, 1]",0,0,0,,0.5,2
1067,9bc47920-8222-11f1-b0da-2389f409459f,33,"[0, 1]",1,1,1,,0.5,2
1068,9bc47920-8222-11f1-b0da-2389f409459f,34,"[1, 0]",0,1,1,,0.5,2
1069,9bc47920-8222-11f1-b0da-2389f409459f,34,"[1, 0]",1,0,0,,0.5,2
1070,9bc47920-8222-11f1-b0da-2389f409459f,35,"[1, 1]",0,1,-1,,0.5,2
1071,9bc47920-8222-11f1-b0da-2389f409459f,35,"[1, 1]",1,1,-1,,0.5,2
1072,9bc47920-8222-11f1-b0da-2389f409459f,36,"[1, 0]",0,1,1,,0.5,2
1073,9bc47920-8222-11f1-b0da-2389f409459f,36,"[1, 0]",1,0,0,,0.5,2
1074,9bc47920-8222-11f1-b0da-2389f409459f,37,"[0, 0]",0,0,0,,0.5,2
1075,9bc47920-8222-11f1-b0da-2389f409459f,37,"[0, 0]",1,0,0,,0.5,2
1076,9bc47920-8222-11f1-b0da-2389f409459f,38,"[0, 0]",0,0,0,,0.5,2
1077,9bc47920-8222-11f1-b0da-2389f409459f,38,"[0, 0]",1,0,0,,0.5,2
1078,9bc47920-8222-11f1-b0da-2389f409459f,39,"[1, 0]",0,1,1,,0.5,2
1079,9bc47920-8222-11f1-b0da-2389f409459f,39,"[1, 0]",1,0,0,,0.5,2
1080,9bc47920-8222-11f1-b0da-2389f409459f,40,"[0, 0]",0,0,0,,0.5,2
1081,9bc47920-8222-11f1-b0da-2389f409459f,40,"[0, 0]",1,0,0,,0.5,2
1082,9bc47920-8222-11f1-b0da-2389f409459f,41,"[1, 1]",0,1,-1,,0.5,2
1083,9bc47920-8222-11f1-b0da-2389f409459f,41,"[1, 1]",1,1,-1,,0.5,2
1084,9bc47920-8222-11f1-b0da-2389f409459f,42,"[1, 1]",0,1,-1,,0.5,2
1085,9bc47920-8222-11f1-b0da-2389f409459f,42,"[1, 1]",1,1,-1,,0.5,2
1086,9bc47920-8222-11f1-b0da-2389f409459f,43,"[1, 0]",0,1,1,,0.5,2
1087,9bc47920-8222-11f1-b0da-2389f409459f,43,"[1, 0]",1,0,0,,0.5,2
1088,9bc47920-8222-11f1-b0da-2389f409459f,44,"[0, 0]",0,0,0,,0.5,2
1089,9bc47920-8222-11f1-b0da-2389f409459f,44,"[0, 0]",1,0,0,,0.5,2
1090,9bc47920-8222-11f1-b0da-2389f409459f,45,"[0, 0]",0,0,0,,0.5,2
1091,9bc47920-8222-11f1-b0da-2389f409459f,45,"[0, 0]",1,0,0,,0.5,2
1092,9bc47920-8222-11f1-b0da-2389f409459f,46,"[1, 1]",0,1,-1,,0.5,2
1093,9bc47920-8222-11f1-b0da-2389f409459f,46,"[1, 1]",1,1,-1,,0.5,2
1094,9bc47920-8222-11f1-b0da-2389f409459f,47,"[1, 0]",0,1,1,,0.5,2
1095,9bc47920-8222-11f1-b0da-2389f409459f,47,"[1, 0]",1,0,0,,0.5,2
1096,9bc47920-8222-11f1-b0da-2389f409459f,48,"[1, 1]",0,1,-1,,0.5,2
1097,9bc47920-8222-11f1-b0da-2389f409459f,48,"[1, 1]",1,1,-1,,0.5,2
1098,9bc47920-8222-11f1-b0da-2389f409459f,49,"[1, 0]",0,1,1,,0.5,2
1099,9bc47920-8222-11f1-b0da-2389f409459f,49,"[1, 0]",1,0,0,,0.5,2
1100,9bc5db62-8222-11f1-b0da-2389f409459f,0,"[1, 1]",0,1,-1,,0.5,2
1101,9bc5db62-8222-11f1-b0da-2389f409459f,0,"[1, 1]",1,1,-1,,0.5,2
1102,9bc5db62-8222-11f1-b0da-2389f409459f,1,"[1, 0]",0,1,1,,0.5,2
1103,9bc5db62-8222-11f1-b0da-2389f409459f,1,"[1, 0]",1,0,0,,0.5,2
1104,9bc5db62-8222-11f1-b0da-2389f409459f,2,"[1, 1]",0,1,-1,,0.5,2
1105,9bc5db62-8222-11f1-b0da-2389f409459f,2,"[1, 1]",1,1,-1,,0.5,2
1106,9bc5db62-8222-11f1-b0da-2389f409459f,3,"[1, 0]",0,1,1,,0.5,2
1107,9bc5db62-8222-11f1-b0da-2389f409459f,3,"[1, 0]",1,0,0,,0.5,2
1108,9bc5db62-8222-11f1-b0da-2389f409459f,4,"[1, 0]",0,1,1,,0.5,2
1109,9bc5db62-8222-11f1-b0da-2389f409459f,4,"[1, 0]",1,0,0,,0.5,2
1110,9bc5db62-8222-11f1-b0da-2389f409459f,5,"[1, 1]",0,1,-1,,0.5,2
1111,9bc5db62-8222-11f1-b0da-2389f409459f,5,"[1, 1]",1,1,-1,,0.5,2
1112,9bc5db62-8222-11f1-b0da-2389f409459f,6,"[1, 1]",0,1,-1,,0.5,2
1113,9bc5db62-8222-11f1-b0da-2389f409459f,6,"[1, 1]",1,1,-1,,0.5,2
1114,9bc5db62-8222-11f1-b0da-2389f409459f,7,"[1, 0]",0,1,1,,0.5,2
1115,9bc5db62-8222-11f1-b0da-2389f409459f,7,"[1, 0]",1,0,0,,0.5,2
1116,9bc5db62-8222-11f1-b0da-2389f409459f,8,"[0, 1]",0,0,0,,0.5,2
1117,9bc5db62-8222-11f1-b0da-2389f409459f,8,"[0, 1]",1,1,1,,0.5,2
1118,9bc5db62-8222-11f1-b0da-2389f409459f,9,"[1, 0]",0,1,1,,0.5,2
1119,9bc5db62-8222-11f1-b0da-2389f409459f,9,"[1, 0]",1,0,0,,0.5,2
1120,9bc5db62-8222-11f1-b0da-2389f409459f,10,"[1, 1]",0,1,-1,,0.5,2
1121,9bc5db62-8222-11f1-b0da-2389f409459f,10,"[1, 1]",1,1,-1,,0.5,2
1122,9bc5db62-8222-11f1-b0da-2389f409459f,11,"[1, 1]",0,1,-1,,0.5,2
1123,9bc5db62-8222-11f1-b0da-2389f409459f,11,"[1, 1]",1,1,-1,,0.5,2
1124,9bc5db62-8222-11f1-b0da-2389f409459f,12,"[1, 1]",0,1,-1,,0.5,2
1125,9bc5db62-8222-11f1-b0da-2389f409459f,12,"[1, 1]",1,1,-1,,0.5,2
1126,9bc5db62-8222-11f1-b0da-2389f409459f,13,"[0, 1]",0,0,0,,0.5,2
1127,9bc5db62-8222-11f1-b0da-2389f409459f,13,"[0, 1]",1,1,1,,0.5,2
1128,9bc5db62-8222-11f1-b0da-2389f409459f,14,"[1, 1]",0,1,-1,,0.5,2
1129,9bc5db62-8222-11f1-b0da-2389f409459f,14,"[1, 1]",1,1,-1,,0.5,2
1130,9bc5db62-8222-11f1-b0da-2389f409459f,15,"[1, 1]",0,1,-1,,0.5,2
1131,9bc5db62-8222-11f1-b0da-2389f409459f,15,"[1, 1]",1,1,-1,,0.5,2
1132,9bc5db62-8222-11f1-b0da-2389f409459f,16,"[1, 0]",0,1,1,,0.5,2
1133,9bc5db62-8222-11f1-b0da-2389f409459f,16,"[1, 0]",1,0,0,,0.5,2
1134,9bc5db62-8222-11f1-b0da-2389f409459f,17,"[1, 1]",0,1,-1,,0.5,2
1135,9bc5db62-8222-11f1-b0da-2389f409459f,17,"[1, 1]",1,1,-1,,0.5,2
1136,9bc5db62-8222-11f1-b0da-2389f409459f,18,"[1, 1]",0,1,-1,,0.5,2
1137,9bc5db62-8222-11f1-b0da-2389f409459f,18,"[1, 1]",1,1,-1,,0.5,2
1138,9bc5db62-8222-11f1-b0da-2389f409459f,19,"[1, 1]",0,1,-1,,0.5,2
1139,9bc5db62-8222-11f1-b0da-2389f409459f,19,"[1, 1]",1,1,-1,,0.5,2
1140,9bc5db62-8222-11f1-b0da-2389f409459f,20,"[1, 1]",0,1,-1,,0.5,2
1141,9bc5db62-8222-11f1-b0da-2389f409459f,20,"[1, 1]",1,1,-1,,0.5,2
1142,9bc5db62-8222-11f1-b0da-2389f409459f,21,"[1, 1]",0,1,-1,,0.5,2
1143,9bc5db62-8222-11f1-b0da-2389f409459f,21,"[1, 1]",1,1,-1,,0.5,2
1144,9bc5db62-8222-11f1-b0da-2389f409459f,22,"[0, 1]",0,0,0,,0.5,2
1145,9bc5db62-8222-11f1-b0da-2389f409459f,22,"[0, 1]",1,1,1,,0.5,2
1146,9bc5db62-8222-11f1-b0da-2389f409459f,23,"[1, 0]",0,1,1,,0.5,2
1147,9bc5db62-8222-11f1-b0da-2389f409459f,23,"[1, 0]",1,0,0,,0.5,2
1148,9bc5db62-8222-11f1-b0da-2389f409459f,24,"[1, 0]",0,1,1,,0.5,2
1149,9bc5db62-8222-11f1-b0da-2389f409459f,24,"[1, 0]",1,0,0,,0.5,2
1150,9bc5db62-8222-11f1-b0da-2389f409459f,25,"[1, 1]",0,1,-1,,0.5,2
1151,9bc5db62-8222-11f1-b0da-2389f409459f,25,"[1, 1]",1,1,-1,,0.5,2
1152,9bc5db62-8222-11f1-b0da-2389f409459f,26,"[1, 0]",0,1,1,,0.5,2
1153,9bc5db62-8222-11f1-b0da-2389f409459f,26,"[1, 0]",1,0,0,,0.5,2
1154,9bc5db62-8222-11f1-b0da-2389f409459f,27,"[1, 1]",0,1,-1,,0.5,2
1155,9bc5db62-8222-11f1-b0da-2389f409459f,27,"[1, 1]",1,1,-1,,0.5,2
1156,9bc5db62-8222-11f1-b0da-2389f409459f,28,"[1, 0]",0,1,1,,0.5,2
1157,9bc5db62-8222-11f1-b0da-2389f409459f,28,"[1, 0]",1,0,0,,0.5,2
1158,9bc5db62-8222-11f1-b0da-2389f409459f,29,"[1, 1]",0,1,-1,,0.5,2
1159,9bc5db62-8222-11f1-b0da-2389f409459f,29,"[1, 1]",1,1,-1,,0.5,2
1160,9bc5db62-8222-11f1-b0da-2389f409459f,30,"[1, 1]",0,1,-1,,0.5,2
1161,9bc5db62-8222-11f1-b0da-2389f409459f,30,"[1, 1]",1,1,-1,,0.5,2
1162,9bc5db62-8222-11f1-b0da-2389f409459f,31,"[1, 1]",0,1,-1,,0.5,2
1163,9bc5db62-8222-11f1-b0da-2389f409459f,31,"[1, 1]",1,1,-1,,0.5,2
1164,9bc5db62-8222-11f1-b0da-2389f409459f,32,"[1, 1]",0,1,-1,,0.5,2
1165,9bc5db62-8222-11f1-b0da-2389f409459f,32,"[1, 1]",1,1,-1,,0.5,2
1166,9bc5db62-8222-11f1-b0da-2389f409459f,33,"[1, 1]",0,1,-1,,0.5,2
1167,9bc5db62-8222-11f1-b0da-2389f409459f,33,"[1, 1]",1,1,-1,,0.5,2
1168,9bc5db62-8222-11f1-b0da-2389f409459f,34,"[1, 1]",0,1,-1,,0.5,2
1169,9bc5db62-8222-11f1-b0da-2389f409459f,34,"[1, 1]",1,1,-1,,0.5,2
1170,9bc5db62-8222-11f1-b0da-2389f409459f,35,"[1, 0]",0,1,1,,0.5,2
1171,9bc5db62-8222-11f1-b0da-2389f409459f,35,"[1, 0]",1,0,0,,0.5,2
1172,9bc5db62-8222-11f1-b0da-2389f409459f,36,"[1, 1]",0,1,-1,,0.5,2
1173,9bc5db62-8222-11f1-b0da-2389f409459f,36,"[1, 1]",1,1,-1,,0.5,2
1174,9bc5db62-8222-11f1-b0da-2389f409459f,37,"[1, 1]",0,1,-1,,0.5,2
1175,9bc5db62-8222-11f1-b0da-2389f409459f,37,"[1, 1]",1,1,-1,,0.5,2
1176,9bc5db62-8222-11f1-b0da-2389f409459f,38,"[1, 1]",0,1,-1,,0.5,2
1177,9bc5db62-8222-11f1-b0da-2389f409459f,38,"[1, 1]",1,1,-1,,0.5,2
1178,9bc5db62-8222-11f1-b0da-2389f409459f,39,"[1, 1]",0,1,-1,,0.5,2
1179,9bc5db62-8222-11f1-b0da-2389f409459f,39,"[1, 1]",1,1,-1,,0.5,2
1180,9bc5db62-8222-11f1-b0da-2389f409459f,40,"[1, 1]",0,1,-1,,0.5,2
1181,9bc5db62-8222-11f1-b0da-2389f409459f,40,"[1, 1]",1,1,-1,,0.5,2
1182,9bc5db62-8222-11f1-b0da-2389f409459f,41,"[1, 1]",0,1,-1,,0.5,2
1183,9bc5db62-8222-11f1-b0da-2389f409459f,41,"[1, 1]",1,1,-1,,0.5,2
1184,9bc5db62-8222-11f1-b0da-2389f409459f,42,"[1, 1]",0,1,-1,,0.5,2
1185,9bc5db62-8222-11f1-b0da-2389f409459f,42,"[1, 1]",1,1,-1,,0.5,2
1186,9bc5db62-8222-11f1-b0da-2389f409459f,43,"[1, 0]",0,1,1,,0.5,2
1187,9bc5db62-8222-11f1-b0da-2389f409459f,43,"[1, 0]",1,0,0,,0.5,2
1188,9bc5db62-8222-11f1-b0da-2389f409459f,44,"[1, 0]",0,1,1,,0.5,2
1189,9bc5db62-8222-11f1-b0da-2389f409459f,44,"[1, 0]",1,0,0,,0.5,2
1190,9bc5db62-8222-11f1-b0da-2389f409459f,45,"[1, 1]",0,1,-1,,0.5,2
1191,9bc5db62-8222-11f1-b0da-2389f409459f,45,"[1, 1]",1,1,-1,,0.5,2
1192,9bc5db62-8222-11f1-b0da-2389f409459f,46,"[1, 0]",0,1,1,,0.5,2
1193,9bc5db62-8222-11f1-b0da-2389f409459f,46,"[1, 0]",1,0,0,,0.5,2
1194,9bc5db62-8222-11f1-b0da-2389f409459f,47,"[1, 0]",0,1,1,,0.5,2
1195,9bc5db62-8222-11f1-b0da-2389f409459f,47,"[1, 0]",1,0,0,,0.5,2
1196,9bc5db62-8222-11f1-b0da-2389f409459f,48,"[1, 1]",0,1,-1,,0.5,2
1197,9bc5db62-8222-11f1-b0da-2389f409459f,48,"[1, 1]",1,1,-1,,0.5,2
1198,9bc5db62-8222-11f1-b0da-2389f409459f,49,"[1, 1]",0,1,-1,,0.5,2
1199,9bc5db62-8222-11f1-b0da-2389f409459f,49,"[1, 1]",1,1,-1,,0.5,2
1200,9bc7490c-8222-11f1-b0da-2389f409459f,0,"[0, 1]",0,0,0,,0.5,2
1201,9bc7490c-8222-11f1-b0da-2389f409459f,0,"[0, 1]",1,1,1,,0.5,2
1202,9bc7490c-8222-11f1-b0da-2389f409459f,1,"[0, 0]",0,0,0,,0.5,2
1203,9bc7490c-8222-11f1-b0da-2389f409459f,1,"[0, 0]",1,0,0,,0.5,2
1204,9bc7490c-8222-11f1-b0da-2389f409459f,2,"[0, 0]",0,0,0,,0.5,2
1205,9bc7490c-8222-11f1-b0da-2389f409459f,2,"[0, 0]",1,0,0,,0.5,2
1206,9bc7490c-8222-11f1-b0da-2389f409459f,3,"[1, 1]",0,1,-1,,0.5,2
1207,9bc7490c-8222-11f1-b0da-2389f409459f,3,"[1, 1]",1,1,-1,,0.5,2
1208,9bc7490c-8222-11f1-b0da-2389f409459f,4,"[1, 0]",0,1,1,,0.5,2
1209,9bc7490c-8222-11f1-b0da-2389f409459f,4,"[1, 0]",1,0,0,,0.5,2
1210,9bc7490c-8222-11f1-b0da-2389f409459f,5,"[0, 0]",0,0,0,,0.5,2
1211,9bc7490c-8222-11f1-b0da-2389f409459f,5,"[0, 0]",1,0,0,,0.5,2
1212,9bc7490c-8222-11f1-b0da-2389f409459f,6,"[0, 1]",0,0,0,,0.5,2
1213,9bc7490c-8222-11f1-b0da-2389f409459f,6,"[0, 1]",1,1,1,,0.5,2
1214,9bc7490c-8222-11f1-b0da-2389f409459f,7,"[0, 0]",0,0,0,,0.5,2
1215,9bc7490c-8222-11f1-b0da-2389f409459f,7,"[0, 0]",1,0,0,,0.5,2
1216,9bc7490c-8222-11f1-b0da-2389f409459f,8,"[0, 0]",0,0,0,,0.5,2
1217,9bc7490c-8222-11f1-b0da-2389f409459f,8,"[0, 0]",1,0,0,,0.5,2
1218,9bc7490c-8222-11f1-b0da-2389f409459f,9,"[0, 0]",0,0,0,,0.5,2
1219,9bc7490c-8222-11f1-b0da-2389f409459f,9,"[0, 0]",1,0,0,,0.5,2
1220,9bc7490c-8222-11f1-b0da-2389f409459f,10,"[1, 1]",0,1,-1,,0.5,2
1221,9bc7490c-8222-11f1-b0da-2389f409459f,10,"[1, 1]",1,1,-1,,0.5,2
1222,9bc7490c-8222-11f1-b0da-2389f409459f,11,"[0, 1]",0,0,0,,0.5,2
1223,9bc7490c-8222-11f1-b0da-2389f409459f,11,"[0, 1]",1,1,1,,0.5,2
1224,9bc7490c-8222-11f1-b0da-2389f409459f,12,"[0, 0]",0,0,0,,0.5,2
1225,9bc7490c-8222-11f1-b0da-2389f409459f,12,"[0, 0]",1,0,0,,0.5,2
1226,9bc7490c-8222-11f1-b0da-2389f409459f,13,"[1, 1]",0,1,-1,,0.5,2
1227,9bc7490c-8222-11f1-b0da-2389f409459f,13,"[1, 1]",1,1,-1,,0.5,2
1228,9bc7490c-8222-11f1-b0da-2389f409459f,14,"[1, 0]",0,1,1,,0.5,2
1229,9bc7490c-8222-11f1-b0da-2389f409459f,14,"[1, 0]",1,0,0,,0.5,2
1230,9bc7490c-8222-11f1-b0da-2389f409459f,15,"[1, 0]",0,1,1,,0.5,2
1231,9bc7490c-8222-11f1-b0da-2389f409459f,15,"[1, 0]",1,0,0,,0.5,2
1232,9bc7490c-8222-11f1-b0da-2389f409459f,16,"[1, 0]",0,1,1,,0.5,2
1233,9bc7490c-8222-11f1-b0da-2389f409459f,16,"[1, 0]",1,0,0,,0.5,2
1234,9bc7490c-8222-11f1-b0da-2389f409459f,17,"[1, 1]",0,1,-1,,0.5,2
1235,9bc7490c-8222-11f1-b0da-2389f409459f,17,"[1, 1]",1,1,-1,,0.5,2
1236,9bc7490c-8222-11f1-b0da-2389f409459f,18,"[1, 0]",0,1,1,,0.5,2
1237,9bc7490c-8222-11f1-b0da-2389f409459f,18,"[1, 0]",1,0,0,,0.5,2
1238,9bc7490c-8222-11f1-b0da-2389f409459f,19,"[1, 0]",0,1,1,,0.5,2
1239,9bc7490c-8222-11f1-b0da-2389f409459f,19,"[1, 0]",1,0,0,,0.5,2
1240,9bc7490c-8222-11f1-b0da-2389f409459f,20,"[0, 1]",0,0,0,,0.5,2
1241,9bc7490c-8222-11f1-b0da-2389f409459f,20,"[0, 1]",1,1,1,,0.5,2
1242,9bc7490c-8222-11f1-b0da-2389f409459f,21,"[0, 0]",0,0,0,,0.5,2
1243,9bc7490c-8222-11f1-b0da-2389f409459f,21,"[0, 0]",1,0,0,,0.5,2
1244,9bc7490c-8222-11f1-b0da-2389f409459f,22,"[0, 0]",0,0,0,,0.5,2
1245,9bc7490c-8222-11f1-b0da-2389f409459f,22,"[0, 0]",1,0,0,,0.5,2
1246,9bc7490c-8222-11f1-b0da-2389f409459f,23,"[1, 1]",0,1,-1,,0.5,2
1247,9bc7490c-8222-11f1-b0da-2389f409459f,23,"[1, 1]",1,1,-1,,0.5,2
1248,9bc7490c-8222-11f1-b0da-2389f409459f,24,"[1, 0]",0,1,1,,0.5,2
1249,9bc7490c-8222-11f1-b0da-2389f409459f,24,"[1, 0]",1,0,0,,0.5,2
1250,9bc7490c-8222-11f1-b0da-2389f409459f,25,"[1, 0]",0,1,1,,0.5,2
1251,9bc7490c-8222-11f1-b0da-2389f409459f,25,"[1, 0]",1,0,0,,0.5,2
1252,9bc7490c-8222-11f1-b0da-2389f409459f,26,"[0, 1]",0,0,0,,0.5,2
1253,9bc7490c-8222-11f1-b0da-2389f409459f,26,"[0, 1]",1,1,1,,0.5,2
1254,9bc7490c-8222-11f1-b0da-2389f409459f,27,"[0, 0]",0,0,0,,0.5,2
1255,9bc7490c-8222-11f1-b0da-2389f409459f,27,"[0, 0]",1,0,0,,0.5,2
1256,9bc7490c-8222-11f1-b0da-2389f409459f,28,"[1, 0]",0,1,1,,0.5,2
1257,9bc7490c-8222-11f1-b0da-2389f409459f,28,"[1, 0]",1,0,0,,0.5,2
1258,9bc7490c-8222-11f1-b0da-2389f409459f,29,"[1, 0]",0,1,1,,0.5,2
1259,9bc7490c-8222-11f1-b0da-2389f409459f,29,"[1, 0]",1,0,0,,0.5,2
1260,9bc7490c-8222-11f1-b0da-2389f409459f,30,"[1, 0]",0,1,1,,0.5,2
1261,9bc7490c-8222-11f1-b0da-2389f409459f,30,"[1, 0]",1,0,0,,0.5,2
1262,9bc7490c-8222-11f1-b0da-2389f409459f,31,"[1, 1]",0,1,-1,,0.5,2
1263,9bc7490c-8222-11f1-b0da-2389f409459f,31,"[1, 1]",1,1,-1,,0.5,2
1264,9bc7490c-8222-11f1-b0da-2389f409459f,32,"[0, 0]",0,0,0,,0.5,2
1265,9bc7490c-8222-11f1-b0da-2389f409459f,32,"[0, 0]",1,0,0,,0.5,2
1266,9bc7490c-8222-11f1-b0da-2389f409459f,33,"[0, 1]",0,0,0,,0.5,2
1267,9bc7490c-8222-11f1-b0da-2389f409459f,33,"[0, 1]",1,1,1,,0.5,2
1268,9bc7490c-8222-11f1-b0da-2389f409459f,34,"[1, 0]",0,1,1,,0.5,2
1269,9bc7490c-8222-11f1-b0da-2389f409459f,34,"[1, 0]",1,0,0,,0.5,2
1270,9bc7490c-8222-11f1-b0da-2389f409459f,35,"[0, 0]",0,0,0,,0.5,2
1271,9bc7490c-8222-11f1-b0da-2389f409459f,35,"[0, 0]",1,0,0,,0.5,2
1272,9bc7490c-8222-11f1-b0da-2389f409459f,36,"[1, 0]",0,1,1,,0.5,2
1273,9bc7490c-8222-11f1-b0da-2389f409459f,36,"[1, 0]",1,0,0,,0.5,2
1274,9bc7490c-8222-11f1-b0da-2389f409459f,37,"[1, 0]",0,1,1,,0.5,2
1275,9bc7490c-8222-11f1-b0da-2389f409459f,37,"[1, 0]",1,0,0,,0.5,2
1276,9bc7490c-8222-11f1-b0da-2389f409459f,38,"[1, 0]",0,1,1,,0.5,2
1277,9bc7490c-8222-11f1-b0da-2389f409459f,38,"[1, 0]",1,0,0,,0.5,2
1278,9bc7490c-8222-11f1-b0da-2389f409459f,39,"[1, 0]",0,1,1,,0.5,2
1279,9bc7490c-8222-11f1-b0da-2389f409459f,39,"[1, 0]",1,0,0,,0.5,2
1280,9bc7490c-8222-11f1-b0da-2389f409459f,40,"[0, 0]",0,0,0,,0.5,2
1281,9bc7490c-8222-11f1-b0da-2389f409459f,40,"[0, 0]",1,0,0,,0.5,2
1282,9bc7490c-8222-11f1-b0da-2389f409459f,41,"[1, 0]",0,1,1,,0.5,2
1283,9bc7490c-8222-11f1-b0da-2389f409459f,41,"[1, 0]",1,0,0,,0.5,2
1284,9bc7490c-8222-11f1-b0da-2389f409459f,42,"[1, 0]",0,1,1,,0.5,2
1285,9bc7490c-8222-11f1-b0da-2389f409459f,42,"[1, 0]",1,0,0,,0.5,2
1286,9bc7490c-8222-11f1-b0da-2389f409459f,43,"[1, 0]",0,1,1,,0.5,2
1287,9bc7490c-8222-11f1-b0da-2389f409459f,43,"[1, 0]",1,0,0,,0.5,2
1288,9bc7490c-8222-11f1-b0da-2389f409459f,44,"[1, 1]",0,1,-1,,0.5,2
1289,9bc7490c-8222-11f1-b0da-2389f409459f,44,"[1, 1]",1,1,-1,,0.5,2
1290,9bc7490c-8222-11f1-b0da-2389f409459f,45,"[1, 0]",0,1,1,,0.5,2
1291,9bc7490c-8222-11f1-b0da-2389f409459f,45,"[1, 0]",1,0,0,,0.5,2
1292,9bc7490c-8222-11f1-b0da-2389f409459f,46,"[1, 0]",0,1,1,,0.5,2
1293,9bc7490c-8222-11f1-b0da-2389f409459f,46,"[1, 0]",1,0,0,,0.5,2
1294,9bc7490c-8222-11f1-b0da-2389f409459f,47,"[1, 1]",0,1,-1,,0.5,2
1295,9bc7490c-8222-11f1-b0da-2389f409459f,47,"[1, 1]",1,1,-1,,0.5,2
1296,9bc7490c-8222-11f1-b0da-2389f409459f,48,"[1, 0]",0,1,1,,0.5,2
1297,9bc7490c-8222-11f1-b0da-2389f409459f,48,"[1, 0]",1,0,0,,0.5,2
1298,9bc7490c-8222-11f1-b0da-2389f409459f,49,"[1, 0]",0,1,1,,0.5,2
1299,9bc7490c-8222-11f1-b0da-2389f409459f,49,"[1, 0]",1,0,0,,0.5,2
1300,9bc8b8b4-8222-11f1-b0da-2389f409459f,0,"[1, 1]",0,1,-1,,0.5,2
1301,9bc8b8b4-8222-11f1-b0da-2389f409459f,0,"[1, 1]",1,1,-1,,0.5,2
1302,9bc8b8b4-8222-11f1-b0da-2389f409459f,1,"[1, 0]",0,1,1,,0.5,2
1303,9bc8b8b4-8222-11f1-b0da-2389f409459f,1,"[1, 0]",1,0,0,,0.5,2
1304,9bc8b8b4-8222-11f1-b0da-2389f409459f,2,"[1, 1]",0,1,-1,,0.5,2
1305,9bc8b8b4-8222-11f1-b0da-2389f409459f,2,"[1, 1]",1,1,-1,,0.5,2
1306,9bc8b8b4-8222-11f1-b0da-2389f409459f,3,"[0, 1]",0,0,0,,0.5,2
1307,9bc8b8b4-8222-11f1-b0da-2389f409459f,3,"[0, 1]",1,1,1,,0.5,2
1308,9bc8b8b4-8222-11f1-b0da-2389f409459f,4,"[1, 0]",0,1,1,,0.5,2
1309,9bc8b8b4-8222-11f1-b0da-2389f409459f,4,"[1, 0]",1,0,0,,0.5,2
1310,9bc8b8b4-8222-11f1-b0da-2389f409459f,5,"[1, 0]",0,1,1,,0.5,2
1311,9bc8b8b4-8222-11f1-b0da-2389f409459f,5,"[1, 0]",1,0,0,,0.5,2
1312,9bc8b8b4-8222-11f1-b0da-2389f409459f,6,"[0, 0]",0,0,0,,0.5,2
1313,9bc8b8b4-8222-11f1-b0da-2389f409459f,6,"[0, 0]",1,0,0,,0.5,2
1314,9bc8b8b4-8222-11f1-b0da-2389f409459f,7,"[1, 1]",0,1,-1,,0.5,2
1315,9bc8b8b4-8222-11f1-b0da-2389f409459f,7,"[1, 1]",1,1,-1,,0.5,2
1316,9bc8b8b4-8222-11f1-b0da-2389f409459f,8,"[1, 0]",0,1,1,,0.5,2
1317,9bc8b8b4-8222-11f1-b0da-2389f409459f,8,"[1, 0]",1,0,0,,0.5,2
1318,9bc8b8b4-8222-11f1-b0da-2389f409459f,9,"[0, 0]",0,0,0,,0.5,2
1319,9bc8b8b4-8222-11f1-b0da-2389f409459f,9,"[0, 0]",1,0,0,,0.5,2
1320,9bc8b8b4-8222-11f1-b0da-2389f409459f,10,"[1, 0]",0,1,1,,0.5,2
1321,9bc8b8b4-8222-11f1-b0da-2389f409459f,10,"[1, 0]",1,0,0,,0.5,2
1322,9bc8b8b4-8222-11f1-b0da-2389f409459f,11,"[1, 1]",0,1,-1,,0.5,2
1323,9bc8b8b4-8222-11f1-b0da-2389f409459f,11,"[1, 1]",1,1,-1,,0.5,2
1324,9bc8b8b4-8222-11f1-b0da-2389f409459f,12,"[1, 0]",0,1,1,,0.5,2
1325,9bc8b8b4-8222-11f1-b0da-2389f409459f,12,"[1, 0]",1,0,0,,0.5,2
1326,9bc8b8b4-8222-11f1-b0da-2389f409459f,13,"[1, 1]",0,1,-1,,0.5,2
1327,9bc8b8b4-8222-11f1-b0da-2389f409459f,13,"[1, 1]",1,1,-1,,0.5,2
1328,9bc8b8b4-8222-11f1-b0da-2389f409459f,14,"[1, 0]",0,1,1,,0.5,2
1329,9bc8b8b4-8222-11f1-b0da-2389f409459f,14,"[1, 0]",1,0,0,,0.5,2
1330,9bc8b8b4-8222-11f1-b0da-2389f409459f,15,"[1, 1]",0,1,-1,,0.5,2
1331,9bc8b8b4-8222-11f1-b0da-2389f409459f,15,"[1, 1]",1,1,-1,,0.5,2
1332,9bc8b8b4-8222-11f1-b0da-2389f409459f,16,"[0, 0]",0,0,0,,0.5,2
1333,9bc8b8b4-8222-11f1-b0da-2389f409459f,16,"[0, 0]",1,0,0,,0.5,2
1334,9bc8b8b4-8222-11f1-b0da-2389f409459f,17,"[0, 1]",0,0,0,,0.5,2
1335,9bc8b8b4-8222-11f1-b0da-2389f409459f,17,"[0, 1]",1,1,1,,0.5,2
1336,9bc8b8b4-8222-11f1-b0da-2389f409459f,18,"[0, 0]",0,0,0,,0.5,2
1337,9bc8b8b4-8222-11f1-b0da-2389f409459f,18,"[0, 0]",1,0,0,,0.5,2
1338,9bc8b8b4-8222-11f1-b0da-2389f409459f,19,"[1, 1]",0,1,-1,,0.5,2
1339,9bc8b8b4-8222-11f1-b0da-2389f409459f,19,"[1, 1]",1,1,-1,,0.5,2
1340,9bc8b8b4-8222-11f1-b0da-2389f409459f,20,"[1, 0]",0,1,1,,0.5,2
1341,9bc8b8b4-8222-11f1-b0da-2389f409459f,20,"[1, 0]",1,0,0,,0.5,2
1342,9bc8b8b4-8222-11f1-b0da-2389f409459f,21,"[1, 0]",0,1,1,,0.5,2
1343,9bc8b8b4-8222-11f1-b0da-2389f409459f,21,"[1, 0]",1,0,0,,0.5,2
1344,9bc8b8b4-8222-11f1-b0da-2389f409459f,22,"[1, 1]",0,1,-1,,0.5,2
1345,9bc8b8b4-8222-11f1-b0da-2389f409459f,22,"[1, 1]",1,1,-1,,0.5,2
1346,9bc8b8b4-8222-11f1-b0da-2389f409459f,23,"[1, 0]",0,1,1,,0.5,2
1347,9bc8b8b4-8222-11f1-b0da-2389f409459f,23,"[1, 0]",1,0,0,,0.5,2
1348,9bc8b8b4-8222-11f1-b0da-2389f409459f,24,"[1, 1]",0,1,-1,,0.5,2
1349,9bc8b8b4-8222-11f1-b0da-2389f409459f,24,"[1, 1]",1,1,-1,,0.5,2
1350,9bc8b8b4-8222-11f1-b0da-2389f409459f,25,"[0, 0]",0,0,0,,0.5,2
1351,9bc8b8b4-8222-11f1-b0da-2389f409459f,25,"[0, 0]",1,0,0,,0.5,2
1352,9bc8b8b4-8222-11f1-b0da-2389f409459f,26,"[0, 0]",0,0,0,,0.5,2
1353,9bc8b8b4-8222-11f1-b0da-2389f409459f,26,"[0, 0]",1,0,0,,0.5,2
1354,9bc8b8b4-8222-11f1-b0da-2389f409459f,27,"[1, 0]",0,1,1,,0.5,2
1355,9bc8b8b4-8222-11f1-b0da-2389f409459f,27,"[1, 0]",1,0,0,,0.5,2
1356,9bc8b8b4-8222-11f1-b0da-2389f409459f,28,"[1, 1]",0,1,-1,,0.5,2
1357,9bc8b8b4-8222-11f1-b0da-2389f409459f,28,"[1, 1]",1,1,-1,,0.5,2
1358,9bc8b8b4-8222-11f1-b0da-2389f409459f,29,"[1, 1]",0,1,-1,,0.5,2
1359,9bc8b8b4-8222-11f1-b0da-2389f409459f,29,"[1, 1]",1,1,-1,,0.5,2
1360,9bc8b8b4-8222-11f1-b0da-2389f409459f,30,"[0, 0]",0,0,0,,0.5,2
1361,9bc8b8b4-8222-11f1-b0da-2389f409459f,30,"[0, 0]",1,0,0,,0.5,2
1362,9bc8b8b4-8222-11f1-b0da-2389f409459f,31,"[1, 0]",0,1,1,,0.5,2
1363,9bc8b8b4-8222-11f1-b0da-2389f409459f,31,"[1, 0]",1,0,0,,0.5,2
1364,9bc8b8b4-8222-11f1-b0da-2389f409459f,32,"[0, 1]",0,0,0,,0.5,2
1365,9bc8b8b4-8222-11f1-b0da-2389f409459f,32,"[0, 1]",1,1,1,,0.5,2
1366,9bc8b8b4-8222-11f1-b0da-2389f409459f,33,"[1, 0]",0,1,1,,0.5,2
1367,9bc8b8b4-8222-11f1-b0da-2389f409459f,33,"[1, 0]",1,0,0,,0.5,2
1368,9bc8b8b4-8222-11f1-b0da-2389f409459f,34,"[1, 0]",0,1,1,,0.5,2
1369,9bc8b8b4-8222-11f1-b0da-2389f409459f,34,"[1, 0]",1,0,0,,0.5,2
1370,9bc8b8b4-8222-11f1-b0da-2389f409459f,35,"[1, 0]",0,1,1,,0.5,2
1371,9bc8b8b4-8222-11f1-b0da-2389f409459f,35,"[1, 0]",1,0,0,,0.5,2
1372,9bc8b8b4-8222-11f1-b0da-2389f409459f,36,"[0, 1]",0,0,0,,0.5,2
1373,9bc8b8b4-8222-11f1-b0da-2389f409459f,36,"[0, 1]",1,1,1,,0.5,2
1374,9bc8b8b4-8222-11f1-b0da-2389f409459f,37,"[0, 1]",0,0,0,,0.5,2
1375,9bc8b8b4-8222-11f1-b0da-2389f409459f,37,"[0, 1]",1,1,1,,0.5,2
1376,9bc8b8b4-8222-11f1-b0da-2389f409459f,38,"[0, 0]",0,0,0,,0.5,2
1377,9bc8b8b4-8222-11f1-b0da-2389f409459f,38,"[0, 0]",1,0,0,,0.5,2
1378,9bc8b8b4-8222-11f1-b0da-2389f409459f,39,"[1, 0]",0,1,1,,0.5,2
1379,9bc8b8b4-8222-11f1-b0da-2389f409459f,39,"[1, 0]",1,0,0,,0.5,2
1380,9bc8b8b4-8222-11f1-b0da-2389f409459f,40,"[0, 0]",0,0,0,,0.5,2
1381,9bc8b8b4-8222-11f1-b0da-2389f409459f,40,"[0, 0]",1,0,0,,0.5,2
1382,9bc8b8b4-8222-11f1-b0da-2389f409459f,41,"[0, 0]",0,0,0,,0.5,2
1383,9bc8b8b4-8222-11f1-b0da-2389f409459f,41,"[0, 0]",1,0,0,,0.5,2
1384,9bc8b8b4-8222-11f1-b0da-2389f409459f,42,"[1, 1]",0,1,-1,,0.5,2
1385,9bc8b8b4-8222-11f1-b0da-2389f409459f,42,"[1, 1]",1,1,-1,,0.5,2
1386,9bc8b8b4-8222-11f1-b0da-2389f409459f,43,"[1, 1]",0,1,-1,,0.5,2
1387,9bc8b8b4-8222-11f1-b0da-2389f409459f,43,"[1, 1]",1,1,-1,,0.5,2
1388,9bc8b8b4-8222-11f1-b0da-2389f409459f,44,"[0, 1]",0,0,0,,0.5,2
1389,9bc8b8b4-8222-11f1-b0da-2389f409459f,44,"[0, 1]",1,1,1,,0.5,2
1390,9bc8b8b4-8222-11f1-b0da-2389f409459f,45,"[1, 1]",0,1,-1,,0.5,2
1391,9bc8b8b4-8222-11f1-b0da-2389f409459f,45,"[1, 1]",1,1,-1,,0.5,2
1392,9bc8b8b4-8222-11f1-b0da-2389f409459f,46,"[1, 1]",0,1,-1,,0.5,2
1393,9bc8b8b4-8222-11f1-b0da-2389f409459f,46,"[1, 1]",1,1,-1,,0.5,2
1394,9bc8b8b4-8222-11f1-b0da-2389f409459f,47,"[1, 0]",0,1,1,,0.5,2
1395,9bc8b8b4-8222-11f1-b0da-2389f409459f,47,"[1, 0]",1,0,0,,0.5,2
1396,9bc8b8b4-8222-11f1-b0da-2389f409459f,48,"[1, 0]",0,1,1,,0.5,2
1397,9bc8b8b4-8222-11f1-b0da-2389f409459f,48,"[1, 0]",1,0,0,,0.5,2
1398,9bc8b8b4-8222-11f1-b0da-2389f409459f,49,"[1, 1]",0,1,-1,,0.5,2
1399,9bc8b8b4-8222-11f1-b0da-2389f409459f,49,"[1, 1]",1,1,-1,,0.5,2
1400,9bca2870-8222-11f1-b0da-2389f409459f,0,"[1, 0]",0,1,1,,0.5,2
1401,9bca2870-8222-11f1-b0da-2389f409459f,0,"[1, 0]",1,0,0,,0.5,2
1402,9bca2870-8222-11f1-b0da-2389f409459f,1,"[1, 0]",0,1,1,,0.5,2
1403,9bca2870-8222-11f1-b0da-2389f409459f,1,"[1, 0]",1,0,0,,0.5,2
1404,9bca2870-8222-11f1-b0da-2389f409459f,2,"[1, 1]",0,1,-1,,0.5,2
1405,9bca2870-8222-11f1-b0da-2389f409459f,2,"[1, 1]",1,1,-1,,0.5,2
1406,9bca2870-8222-11f1-b0da-2389f409459f,3,"[1, 1]",0,1,-1,,0.5,2
1407,9bca2870-8222-11f1-b0da-2389f409459f,3,"[1, 1]",1,1,-1,,0.5,2
1408,9bca2870-8222-11f1-b0da-2389f409459f,4,"[1, 0]",0,1,1,,0.5,2
1409,9bca2870-8222-11f1-b0da-2389f409459f,4,"[1, 0]",1,0,0,,0.5,2
1410,9bca2870-8222-11f1-b0da-2389f409459f,5,"[1, 0]",0,1,1,,0.5,2
1411,9bca2870-8222-11f1-b0da-2389f409459f,5,"[1, 0]",1,0,0,,0.5,2
1412,9bca2870-8222-11f1-b0da-2389f409459f,6,"[1, 1]",0,1,-1,,0.5,2
1413,9bca2870-8222-11f1-b0da-2389f409459f,6,"[1, 1]",1,1,-1,,0.5,2
1414,9bca2870-8222-11f1-b0da-2389f409459f,7,"[1, 0]",0,1,1,,0.5,2
1415,9bca2870-8222-11f1-b0da-2389f409459f,7,"[1, 0]",1,0,0,,0.5,2
1416,9bca2870-8222-11f1-b0da-2389f409459f,8,"[1, 0]",0,1,1,,0.5,2
1417,9bca2870-8222-11f1-b0da-2389f409459f,8,"[1, 0]",1,0,0,,0.5,2
1418,9bca2870-8222-11f1-b0da-2389f409459f,9,"[1, 1]",0,1,-1,,0.5,2
1419,9bca2870-8222-11f1-b0da-2389f409459f,9,"[1, 1]",1,1,-1,,0.5,2
1420,9bca2870-8222-11f1-b0da-2389f409459f,10,"[1, 0]",0,1,1,,0.5,2
1421,9bca2870-8222-11f1-b0da-2389f409459f,10,"[1, 0]",1,0,0,,0.5,2
1422,9bca2870-8222-11f1-b0da-2389f409459f,11,"[1, 0]",0,1,1,,0.5,2
1423,9bca2870-8222-11f1-b0da-2389f409459f,11,"[1, 0]",1,0,0,,0.5,2
1424,9bca2870-8222-11f1-b0da-2389f409459f,12,"[1, 0]",0,1,1,,0.5,2
1425,9bca2870-8222-11f1-b0da-2389f409459f,12,"[1, 0]",1,0,0,,0.5,2
1426,9bca2870-8222-11f1-b0da-2389f409459f,13,"[1, 0]",0,1,1,,0.5,2
1427,9bca2870-8222-11f1-b0da-2389f409459f,13,"[1, 0]",1,0,0,,0.5,2
1428,9bca2870-8222-11f1-b0da-2389f409459f,14,"[1, 0]",0,1,1,,0.5,2
1429,9bca2870-8222-11f1-b0da-2389f409459f,14,"[1, 0]",1,0,0,,0.5,2
1430,9bca2870-8222-11f1-b0da-2389f409459f,15,"[1, 0]",0,1,1,,0.5,2
1431,9bca2870-8222-11f1-b0da-2389f409459f,15,"[1, 0]",1,0,0,,0.5,2
1432,9bca2870-8222-11f1-b0da-2389f409459f,16,"[1, 0]",0,1,1,,0.5,2
1433,9bca2870-8222-11f1-b0da-2389f409459f,16,"[1, 0]",1,0,0,,0.5,2
1434,9bca2870-8222-11f1-b0da-2389f409459f,17,"[1, 0]",0,1,1,,0.5,2
1435,9bca2870-8222-11f1-b0da-2389f409459f,17,"[1, 0]",1,0,0,,0.5,2
1436,9bca2870-8222-11f1-b0da-2389f409459f,18,"[1, 0]",0,1,1,,0.5,2
1437,9bca2870-8222-11f1-b0da-2389f409459f,18,"[1, 0]",1,0,0,,0.5,2
1438,9bca2870-8222-11f1-b0da-2389f409459f,19,"[1, 1]",0,1,-1,,0.5,2
1439,9bca2870-8222-11f1-b0da-2389f409459f,19,"[1, 1]",1,1,-1,,0.5,2
1440,9bca2870-8222-11f1-b0da-2389f409459f,20,"[1, 0]",0,1,1,,0.5,2
1441,9bca2870-8222-11f1-b0da-2389f409459f,20,"[1, 0]",1,0,0,,0.5,2
1442,9bca2870-8222-11f1-b0da-2389f409459f,21,"[1, 0]",0,1,1,,0.5,2
1443,9bca2870-8222-11f1-b0da-2389f409459f,21,"[1, 0]",1,0,0,,0.5,2
1444,9bca2870-8222-11f1-b0da-2389f409459f,22,"[1, 1]",0,1,-1,,0.5,2
1445,9bca2870-8222-11f1-b0da-2389f409459f,22,"[1, 1]",1,1,-1,,0.5,2
1446,9bca2870-8222-11f1-b0da-2389f409459f,23,"[1, 0]",0,1,1,,0.5,2
1447,9bca2870-8222-11f1-b0da-2389f409459f,23,"[1, 0]",1,0,0,,0.5,2
1448,9bca2870-8222-11f1-b0da-2389f409459f,24,"[1, 0]",0,1,1,,0.5,2
1449,9bca2870-8222-11f1-b0da-2389f409459f,24,"[1, 0]",1,0,0,,0.5,2
1450,9bca2870-8222-11f1-b0da-2389f409459f,25,"[1, 0]",0,1,1,,0.5,2
1451,9bca2870-8222-11f1-b0da-2389f409459f,25,"[1, 0]",1,0,0,,0.5,2
1452,9bca2870-8222-11f1-b0da-2389f409459f,26,"[1, 1]",0,1,-1,,0.5,2
1453,9bca2870-8222-11f1-b0da-2389f409459f,26,"[1, 1]",1,1,-1,,0.5,2
1454,9bca2870-8222-11f1-b0da-2389f409459f,27,"[1, 0]",0,1,1,,0.5,2
1455,9bca2870-8222-11f1-b0da-2389f409459f,27,"[1, 0]",1,0,0,,0.5,2
1456,9bca2870-8222-11f1-b0da-2389f409459f,28,"[1, 0]",0,1,1,,0.5,2
1457,9bca2870-8222-11f1-b0da-2389f409459f,28,"[1, 0]",1,0,0,,0.5,2
1458,9bca2870-8222-11f1-b0da-2389f409459f,29,"[1, 0]",0,1,1,,0.5,2
1459,9bca2870-8222-11f1-b0da-2389f409459f,29,"[1, 0]",1,0,0,,0.5,2
1460,9bca2870-8222-11f1-b0da-2389f409459f,30,"[1, 1]",0,1,-1,,0.5,2
1461,9bca2870-8222-11f1-b0da-2389f409459f,30,"[1, 1]",1,1,-1,,0.5,2
1462,9bca2870-8222-11f1-b0da-2389f409459f,31,"[1, 0]",0,1,1,,0.5,2
1463,9bca2870-8222-11f1-b0da-2389f409459f,31,"[1, 0]",1,0,0,,0.5,2
1464,9bca2870-8222-11f1-b0da-2389f409459f,32,"[1, 0]",0,1,1,,0.5,2
1465,9bca2870-8222-11f1-b0da-2389f409459f,32,"[1, 0]",1,0,0,,0.5,2
1466,9bca2870-8222-11f1-b0da-2389f409459f,33,"[1, 0]",0,1,1,,0.5,2
1467,9bca2870-8222-11f1-b0da-2389f409459f,33,"[1, 0]",1,0,0,,0.5,2
1468,9bca2870-8222-11f1-b0da-2389f409459f,34,"[1, 1]",0,1,-1,,0.5,2
1469,9bca2870-8222-11f1-b0da-2389f409459f,34,"[1, 1]",1,1,-1,,0.5,2
1470,9bca2870-8222-11f1-b0da-2389f409459f,35,"[1, 0]",0,1,1,,0.5,2
1471,9bca2870-8222-11f1-b0da-2389f409459f,35,"[1, 0]",1,0,0,,0.5,2
1472,9bca2870-8222-11f1-b0da-2389f409459f,36,"[1, 0]",0,1,1,,0.5,2
1473,9bca2870-8222-11f1-b0da-2389f409459f,36,"[1, 0]",1,0,0,,0.5,2
1474,9bca2870-8222-11f1-b0da-2389f409459f,37,"[1, 0]",0,1,1,,0.5,2
1475,9bca2870-8222-11f1-b0da-2389f409459f,37,"[1, 0]",1,0,0,,0.5,2
1476,9bca2870-8222-11f1-b0da-2389f409459f,38,"[1, 0]",0,1,1,,0.5,2
1477,9bca2870-8222-11f1-b0da-2389f409459f,38,"[1, 0]",1,0,0,,0.5,2
1478,9bca2870-8222-11f1-b0da-2389f409459f,39,"[1, 0]",0,1,1,,0.5,2
1479,9bca2870-8222-11f1-b0da-2389f409459f,39,"[1, 0]",1,0,0,,0.5,2
1480,9bca2870-8222-11f1-b0da-2389f409459f,40,"[1, 1]",0,1,-1,,0.5,2
1481,9bca2870-8222-11f1-b0da-2389f409459f,40,"[1, 1]",1,1,-1,,0.5,2
1482,9bca2870-8222-11f1-b0da-2389f409459f,41,"[1, 0]",0,1,1,,0.5,2
1483,9bca2870-8222-11f1-b0da-2389f409459f,41,"[1, 0]",1,0,0,,0.5,2
1484,9bca2870-8222-11f1-b0da-2389f409459f,42,"[1, 0]",0,1,1,,0.5,2
1485,9bca2870-8222-11f1-b0da-2389f409459f,42,"[1, 0]",1,0,0,,0.5,2
1486,9bca2870-8222-11f1-b0da-2389f409459f,43,"[1, 1]",0,1,-1,,0.5,2
1487,9bca2870-8222-11f1-b0da-2389f409459f,43,"[1, 1]",1,1,-1,,0.5,2
1488,9bca2870-8222-11f1-b0da-2389f409459f,44,"[1, 0]",0,1,1,,0.5,2
1489,9bca2870-8222-11f1-b0da-2389f409459f,44,"[1, 0]",1,0,0,,0.5,2
1490,9bca2870-8222-11f1-b0da-2389f409459f,45,"[1, 0]",0,1,1,,0.5,2
1491,9bca2870-8222-11f1-b0da-2389f409459f,45,"[1, 0]",1,0,0,,0.5,2
1492,9bca2870-8222-11f1-b0da-2389f409459f,46,"[1, 0]",0,1,1,,0.5,2
1493,9bca2870-8222-11f1-b0da-2389f409459f,46,"[1, 0]",1,0,0,,0.5,2
1494,9bca2870-8222-11f1-b0da-2389f409459f,47,"[1, 0]",0,1,1,,0.5,2
1495,9bca2870-8222-11f1-b0da-2389f409459f,47,"[1, 0]",1,0,0,,0.5,2
1496,9bca2870-8222-11f1-b0da-2389f409459f,48,"[1, 0]",0,1,1,,0.5,2
1497,9bca2870-8222-11f1-b0da-2389f409459f,48,"[1, 0]",1,0,0,,0.5,2
1498,9bca2870-8222-11f1-b0da-2389f409459f,49,"[1, 1]",0,1,-1,,0.5,2
1499,9bca2870-8222-11f1-b0da-2389f409459f,49,"[1, 1]",1,1,-1,,0.5,2
1500,9bcb9aca-8222-11f1-b0da-2389f409459f,0,"[1, 1]",0,1,-1,,0.5,2
1501,9bcb9aca-8222-11f1-b0da-2389f409459f,0,"[1, 1]",1,1,-1,,0.5,2
1502,9bcb9aca-8222-11f1-b0da-2389f409459f,1,"[1, 0]",0,1,1,,0.5,2
1503,9bcb9aca-8222-11f1-b0da-2389f409459f,1,"[1, 0]",1,0,0,,0.5,2
1504,9bcb9aca-8222-11f1-b0da-2389f409459f,2,"[1, 0]",0,1,1,,0.5,2
1505,9bcb9aca-8222-11f1-b0da-2389f409459f,2,"[1, 0]",1,0,0,,0.5,2
1506,9bcb9aca-8222-11f1-b0da-2389f409459f,3,"[1, 1]",0,1,-1,,0.5,2
1507,9bcb9aca-8222-11f1-b0da-2389f409459f,3,"[1, 1]",1,1,-1,,0.5,2
1508,9bcb9aca-8222-11f1-b0da-2389f409459f,4,"[0, 1]",0,0,0,,0.5,2
1509,9bcb9aca-8222-11f1-b0da-2389f409459f,4,"[0, 1]",1,1,1,,0.5,2
1510,9bcb9aca-8222-11f1-b0da-2389f409459f,5,"[1, 1]",0,1,-1,,0.5,2
1511,9bcb9aca-8222-11f1-b0da-2389f409459f,5,"[1, 1]",1,1,-1,,0.5,2
1512,9bcb9aca-8222-11f1-b0da-2389f409459f,6,"[1, 0]",0,1,1,,0.5,2
1513,9bcb9aca-8222-11f1-b0da-2389f409459f,6,"[1, 0]",1,0,0,,0.5,2
1514,9bcb9aca-8222-11f1-b0da-2389f409459f,7,"[0, 0]",0,0,0,,0.5,2
1515,9bcb9aca-8222-11f1-b0da-2389f409459f,7,"[0, 0]",1,0,0,,0.5,2
1516,9bcb9aca-8222-11f1-b0da-2389f409459f,8,"[1, 1]",0,1,-1,,0.5,2
1517,9bcb9aca-8222-11f1-b0da-2389f409459f,8,"[1, 1]",1,1,-1,,0.5,2
1518,9bcb9aca-8222-11f1-b0da-2389f409459f,9,"[1, 0]",0,1,1,,0.5,2
1519,9bcb9aca-8222-11f1-b0da-2389f409459f,9,"[1, 0]",1,0,0,,0.5,2
1520,9bcb9aca-8222-11f1-b0da-2389f409459f,10,"[1, 1]",0,1,-1,,0.5,2
1521,9bcb9aca-8222-11f1-b0da-2389f409459f,10,"[1, 1]",1,1,-1,,0.5,2
1522,9bcb9aca-8222-11f1-b0da-2389f409459f,11,"[0, 1]",0,0,0,,0.5,2
1523,9bcb9aca-8222-11f1-b0da-2389f409459f,11,"[0, 1]",1,1,1,,0.5,2
1524,9bcb9aca-8222-11f1-b0da-2389f409459f,12,"[1, 1]",0,1,-1,,0.5,2
1525,9bcb9aca-8222-11f1-b0da-2389f409459f,12,"[1, 1]",1,1,-1,,0.5,2
1526,9bcb9aca-8222-11f1-b0da-2389f409459f,13,"[0, 0]",0,0,0,,0.5,2
1527,9bcb9aca-8222-11f1-b0da-2389f409459f,13,"[0, 0]",1,0,0,,0.5,2
1528,9bcb9aca-8222-11f1-b0da-2389f409459f,14,"[0, 1]",0,0,0,,0.5,2
1529,9bcb9aca-8222-11f1-b0da-2389f409459f,14,"[0, 1]",1,1,1,,0.5,2
1530,9bcb9aca-8222-11f1-b0da-2389f409459f,15,"[1, 0]",0,1,1,,0.5,2
1531,9bcb9aca-8222-11f1-b0da-2389f409459f,15,"[1, 0]",1,0,0,,0.5,2
1532,9bcb9aca-8222-11f1-b0da-2389f409459f,16,"[1, 1]",0,1,-1,,0.5,2
1533,9bcb9aca-8222-11f1-b0da-2389f409459f,16,"[1, 1]",1,1,-1,,0.5,2
1534,9bcb9aca-8222-11f1-b0da-2389f409459f,17,"[1, 0]",0,1,1,,0.5,2
1535,9bcb9aca-8222-11f1-b0da-2389f409459f,17,"[1, 0]",1,0,0,,0.5,2
1536,9bcb9aca-8222-11f1-b0da-2389f409459f,18,"[1, 0]",0,1,1,,0.5,2
1537,9bcb9aca-8222-11f1-b0da-2389f409459f,18,"[1, 0]",1,0,0,,0.5,2
1538,9bcb9aca-8222-11f1-b0da-2389f409459f,19,"[1, 0]",0,1,1,,0.5,2
1539,9bcb9aca-8222-11f1-b0da-2389f409459f,19,"[1, 0]",1,0,0,,0.5,2
1540,9bcb9aca-8222-11f1-b0da-2389f409459f,20,"[1, 1]",0,1,-1,,0.5,2
1541,9bcb9aca-8222-11f1-b0da-2389f409459f,20,"[1, 1]",1,1,-1,,0.5,2
1542,9bcb9aca-8222-11f1-b0da-2389f409459f,21,"[1, 0]",0,1,1,,0.5,2
1543,9bcb9aca-8222-11f1-b0da-2389f409459f,21,"[1, 0]",1,0,0,,0.5,2
1544,9bcb9aca-8222-11f1-b0da-2389f409459f,22,"[1, 0]",0,1,1,,0.5,2
1545,9bcb9aca-8222-11f1-b0da-2389f409459f,22,"[1, 0]",1,0,0,,0.5,2
1546,9bcb9aca-8222-11f1-b0da-2389f409459f,23,"[1, 0]",0,1,1,,0.5,2
1547,9bcb9aca-8222-11f1-b0da-2389f409459f,23,"[1, 0]",1,0,0,,0.5,2
1548,9bcb9aca-8222-11f1-b0da-2389f409459f,24,"[0, 0]",0,0,0,,0.5,2
1549,9bcb9aca-8222-11f1-b0da-2389f409459f,24,"[0, 0]",1,0,0,,0.5,2
1550,9bcb9aca-8222-11f1-b0da-2389f409459f,25,"[1, 1]",0,1,-1,,0.5,2
1551,9bcb9aca-8222-11f1-b0da-2389f409459f,25,"[1, 1]",1,1,-1,,0.5,2
1552,9bcb9aca-8222-11f1-b0da-2389f409459f,26,"[1, 0]",0,1,1,,0.5,2
1553,9bcb9aca-8222-11f1-b0da-2389f409459f,26,"[1, 0]",1,0,0,,0.5,2
1554,9bcb9aca-8222-11f1-b0da-2389f409459f,27,"[1, 0]",0,1,1,,0.5,2
1555,9bcb9aca-8222-11f1-b0da-2389f409459f,27,"[1, 0]",1,0,0,,0.5,2
1556,9bcb9aca-8222-11f1-b0da-2389f409459f,28,"[1, 0]",0,1,1,,0.5,2
1557,9bcb9aca-8222-11f1-b0da-2389f409459f,28,"[1, 0]",1,0,0,,0.5,2
1558,9bcb9aca-8222-11f1-b0da-2389f409459f,29,"[1, 0]",0,1,1,,0.5,2
1559,9bcb9aca-8222-11f1-b0da-2389f409459f,29,"[1, 0]",1,0,0,,0.5,2
1560,9bcb9aca-8222-11f1-b0da-2389f409459f,30,"[1, 0]",0,1,1,,0.5,2
1561,9bcb9aca-8222-11f1-b0da-2389f409459f,30,"[1, 0]",1,0,0,,0.5,2
1562,9bcb9aca-8222-11f1-b0da-2389f409459f,31,"[1, 0]",0,1,1,,0.5,2
1563,9bcb9aca-8222-11f1-b0da-2389f409459f,31,"[1, 0]",1,0,0,,0.5,2
1564,9bcb9aca-8222-11f1-b0da-2389f409459f,32,"[1, 1]",0,1,-1,,0.5,2
1565,9bcb9aca-8222-11f1-b0da-2389f409459f,32,"[1, 1]",1,1,-1,,0.5,2
1566,9bcb9aca-8222-11f1-b0da-2389f409459f,33,"[1, 0]",0,1,1,,0.5,2
1567,9bcb9aca-8222-11f1-b0da-2389f409459f,33,"[1, 0]",1,0,0,,0.5,2
1568,9bcb9aca-8222-11f1-b0da-2389f409459f,34,"[1, 0]",0,1,1,,0.5,2
1569,9bcb9aca-8222-11f1-b0da-2389f409459f,34,"[1, 0]",1,0,0,,0.5,2
1570,9bcb9aca-8222-11f1-b0da-2389f409459f,35,"[1, 0]",0,1,1,,0.5,2
1571,9bcb9aca-8222-11f1-b0da-2389f409459f,35,"[1, 0]",1,0,0,,0.5,2
1572,9bcb9aca-8222-11f1-b0da-2389f409459f,36,"[1, 0]",0,1,1,,0.5,2
1573,9bcb9aca-8222-11f1-b0da-2389f409459f,36,"[1, 0]",1,0,0,,0.5,2
1574,9bcb9aca-8222-11f1-b0da-2389f409459f,37,"[1, 0]",0,1,1,,0.5,2
1575,9bcb9aca-8222-11f1-b0da-2389f409459f,37,"[1, 0]",1,0,0,,0.5,2
1576,9bcb9aca-8222-11f1-b0da-2389f409459f,38,"[1, 0]",0,1,1,,0.5,2
1577,9bcb9aca-8222-11f1-b0da-2389f409459f,38,"[1, 0]",1,0,0,,0.5,2
1578,9bcb9aca-8222-11f1-b0da-2389f409459f,39,"[1, 0]",0,1,1,,0.5,2
1579,9bcb9aca-8222-11f1-b0da-2389f409459f,39,"[1, 0]",1,0,0,,0.5,2
1580,9bcb9aca-8222-11f1-b0da-2389f409459f,40,"[1, 1]",0,1,-1,,0.5,2
1581,9bcb9aca-8222-11f1-b0da-2389f409459f,40,"[1, 1]",1,1,-1,,0.5,2
1582,9bcb9aca-8222-11f1-b0da-2389f409459f,41,"[1, 0]",0,1,1,,0.5,2
1583,9bcb9aca-8222-11f1-b0da-2389f409459f,41,"[1, 0]",1,0,0,,0.5,2
1584,9bcb9aca-8222-11f1-b0da-2389f409459f,42,"[1, 1]",0,1,-1,,0.5,2
1585,9bcb9aca-8222-11f1-b0da-2389f409459f,42,"[1, 1]",1,1,-1,,0.5,2
1586,9bcb9aca-8222-11f1-b0da-2389f409459f,43,"[1, 1]",0,1,-1,,0.5,2
1587,9bcb9aca-8222-11f1-b0da-2389f409459f,43,"[1, 1]",1,1,-1,,0.5,2
1588,9bcb9aca-8222-11f1-b0da-2389f409459f,44,"[1, 0]",0,1,1,,0.5,2
1589,9bcb9aca-8222-11f1-b0da-2389f409459f,44,"[1, 0]",1,0,0,,0.5,2
1590,9bcb9aca-8222-11f1-b0da-2389f409459f,45,"[1, 1]",0,1,-1,,0.5,2
1591,9bcb9aca-8222-11f1-b0da-2389f409459f,45,"[1, 1]",1,1,-1,,0.5,2
1592,9bcb9aca-8222-11f1-b0da-2389f409459f,46,"[1, 1]",0,1,-1,,0.5,2
1593,9bcb9aca-8222-11f1-b0da-2389f409459f,46,"[1, 1]",1,1,-1,,0.5,2
1594,9bcb9aca-8222-11f1-b0da-2389f409459f,47,"[1, 0]",0,1,1,,0.5,2
1595,9bcb9aca-8222-11f1-b0da-2389f409459f,47,"[1, 0]",1,0,0,,0.5,2
1596,9bcb9aca-8222-11f1-b0da-2389f409459f,48,"[1, 0]",0,1,1,,0.5,2
1597,9bcb9aca-8222-11f1-b0da-2389f409459f,48,"[1, 0]",1,0,0,,0.5,2
1598,9bcb9aca-8222-11f1-b0da-2389f409459f,49,"[1, 0]",0,1,1,,0.5,2
1599,9bcb9aca-8222-11f1-b0da-2389f409459f,49,"[1, 0]",1,0,0,,0.5,2
1600,9bcd0478-8222-11f1-b0da-2389f409459f,0,"[1, 1]",0,1,-1,,0.5,2
1601,9bcd0478-8222-11f1-b0da-2389f409459f,0,"[1, 1]",1,1,-1,,0.5,2
1602,9bcd0478-8222-11f1-b0da-2389f409459f,1,"[0, 0]",0,0,0,,0.5,2
1603,9bcd0478-8222-11f1-b0da-2389f409459f,1,"[0, 0]",1,0,0,,0.5,2
1604,9bcd0478-8222-11f1-b0da-2389f409459f,2,"[1, 0]",0,1,1,,0.5,2
1605,9bcd0478-8222-11f1-b0da-2389f409459f,2,"[1, 0]",1,0,0,,0.5,2
1606,9bcd0478-8222-11f1-b0da-2389f409459f,3,"[0, 1]",0,0,0,,0.5,2
1607,9bcd0478-8222-11f1-b0da-2389f409459f,3,"[0, 1]",1,1,1,,0.5,2
1608,9bcd0478-8222-11f1-b0da-2389f409459f,4,"[1, 1]",0,1,-1,,0.5,2
1609,9bcd0478-8222-11f1-b0da-2389f409459f,4,"[1, 1]",1,1,-1,,0.5,2
1610,9bcd0478-8222-11f1-b0da-2389f409459f,5,"[1, 1]",0,1,-1,,0.5,2
1611,9bcd0478-8222-11f1-b0da-2389f409459f,5,"[1, 1]",1,1,-1,,0.5,2
1612,9bcd0478-8222-11f1-b0da-2389f409459f,6,"[0, 1]",0,0,0,,0.5,2
1613,9bcd0478-8222-11f1-b0da-2389f409459f,6,"[0, 1]",1,1,1,,0.5,2
1614,9bcd0478-8222-11f1-b0da-2389f409459f,7,"[1, 0]",0,1,1,,0.5,2
1615,9bcd0478-8222-11f1-b0da-2389f409459f,7,"[1, 0]",1,0,0,,0.5,2
1616,9bcd0478-8222-11f1-b0da-2389f409459f,8,"[0, 0]",0,0,0,,0.5,2
1617,9bcd0478-8222-11f1-b0da-2389f409459f,8,"[0, 0]",1,0,0,,0.5,2
1618,9bcd0478-8222-11f1-b0da-2389f409459f,9,"[0, 1]",0,0,0,,0.5,2
1619,9bcd0478-8222-11f1-b0da-2389f409459f,9,"[0, 1]",1,1,1,,0.5,2
1620,9bcd0478-8222-11f1-b0da-2389f409459f,10,"[1, 0]",0,1,1,,0.5,2
1621,9bcd0478-8222-11f1-b0da-2389f409459f,10,"[1, 0]",1,0,0,,0.5,2
1622,9bcd0478-8222-11f1-b0da-2389f409459f,11,"[0, 0]",0,0,0,,0.5,2
1623,9bcd0478-8222-11f1-b0da-2389f409459f,11,"[0, 0]",1,0,0,,0.5,2
1624,9bcd0478-8222-11f1-b0da-2389f409459f,12,"[0, 0]",0,0,0,,0.5,2
1625,9bcd0478-8222-11f1-b0da-2389f409459f,12,"[0, 0]",1,0,0,,0.5,2
1626,9bcd0478-8222-11f1-b0da-2389f409459f,13,"[0, 0]",0,0,0,,0.5,2
1627,9bcd0478-8222-11f1-b0da-2389f409459f,13,"[0, 0]",1,0,0,,0.5,2
1628,9bcd0478-8222-11f1-b0da-2389f409459f,14,"[1, 1]",0,1,-1,,0.5,2
1629,9bcd0478-8222-11f1-b0da-2389f409459f,14,"[1, 1]",1,1,-1,,0.5,2
1630,9bcd0478-8222-11f1-b0da-2389f409459f,15,"[0, 1]",0,0,0,,0.5,2
1631,9bcd0478-8222-11f1-b0da-2389f409459f,15,"[0, 1]",1,1,1,,0.5,2
1632,9bcd0478-8222-11f1-b0da-2389f409459f,16,"[1, 0]",0,1,1,,0.5,2
1633,9bcd0478-8222-11f1-b0da-2389f409459f,16,"[1, 0]",1,0,0,,0.5,2
1634,9bcd0478-8222-11f1-b0da-2389f409459f,17,"[0, 1]",0,0,0,,0.5,2
1635,9bcd0478-8222-11f1-b0da-2389f409459f,17,"[0, 1]",1,1,1,,0.5,2
1636,9bcd0478-8222-11f1-b0da-2389f409459f,18,"[1, 0]",0,1,1,,0.5,2
1637,9bcd0478-8222-11f1-b0da-2389f409459f,18,"[1, 0]",1,0,0,,0.5,2
1638,9bcd0478-8222-11f1-b0da-2389f409459f,19,"[1, 1]",0,1,-1,,0.5,2
1639,9bcd0478-8222-11f1-b0da-2389f409459f,19,"[1, 1]",1,1,-1,,0.5,2
1640,9bcd0478-8222-11f1-b0da-2389f409459f,20,"[1, 1]",0,1,-1,,0.5,2
1641,9bcd0478-8222-11f1-b0da-2389f409459f,20,"[1, 1]",1,1,-1,,0.5,2
1642,9bcd0478-8222-11f1-b0da-2389f409459f,21,"[0, 1]",0,0,0,,0.5,2
1643,9bcd0478-8222-11f1-b0da-2389f409459f,21,"[0, 1]",1,1,1,,0.5,2
1644,9bcd0478-8222-11f1-b0da-2389f409459f,22,"[1, 0]",0,1,1,,0.5,2
1645,9bcd0478-8222-11f1-b0da-2389f409459f,22,"[1, 0]",1,0,0,,0.5,2
1646,9bcd0478-8222-11f1-b0da-2389f409459f,23,"[0, 1]",0,0,0,,0.5,2
1647,9bcd0478-8222-11f1-b0da-2389f409459f,23,"[0, 1]",1,1,1,,0.5,2
1648,9bcd0478-8222-11f1-b0da-2389f409459f,24,"[1, 0]",0,1,1,,0.5,2
1649,9bcd0478-8222-11f1-b0da-2389f409459f,24,"[1, 0]",1,0,0,,0.5,2
1650,9bcd0478-8222-11f1-b0da-2389f409459f,25,"[0, 1]",0,0,0,,0.5,2
1651,9bcd0478-8222-11f1-b0da-2389f409459f,25,"[0, 1]",1,1,1,,0.5,2
1652,9bcd0478-8222-11f1-b0da-2389f409459f,26,"[1, 0]",0,1,1,,0.5,2
1653,9bcd0478-8222-11f1-b0da-2389f409459f,26,"[1, 0]",1,0,0,,0.5,2
1654,9bcd0478-8222-11f1-b0da-2389f409459f,27,"[1, 1]",0,1,-1,,0.5,2
1655,9bcd0478-8222-11f1-b0da-2389f409459f,27,"[1, 1]",1,1,-1,,0.5,2
1656,9bcd0478-8222-11f1-b0da-2389f409459f,28,"[0, 0]",0,0,0,,0.5,2
1657,9bcd0478-8222-11f1-b0da-2389f409459f,28,"[0, 0]",1,0,0,,0.5,2
1658,9bcd0478-8222-11f1-b0da-2389f409459f,29,"[0, 0]",0,0,0,,0.5,2
1659,9bcd0478-8222-11f1-b0da-2389f409459f,29,"[0, 0]",1,0,0,,0.5,2
1660,9bcd0478-8222-11f1-b0da-2389f409459f,30,"[0, 1]",0,0,0,,0.5,2
1661,9bcd0478-8222-11f1-b0da-2389f409459f,30,"[0, 1]",1,1,1,,0.5,2
1662,9bcd0478-8222-11f1-b0da-2389f409459f,31,"[1, 0]",0,1,1,,0.5,2
1663,9bcd0478-8222-11f1-b0da-2389f409459f,31,"[1, 0]",1,0,0,,0.5,2
1664,9bcd0478-8222-11f1-b0da-2389f409459f,32,"[0, 0]",0,0,0,,0.5,2
1665,9bcd0478-8222-11f1-b0da-2389f409459f,32,"[0, 0]",1,0,0,,0.5,2
1666,9bcd0478-8222-11f1-b0da-2389f409459f,33,"[0, 0]",0,0,0,,0.5,2
1667,9bcd0478-8222-11f1-b0da-2389f409459f,33,"[0, 0]",1,0,0,,0.5,2
1668,9bcd0478-8222-11f1-b0da-2389f409459f,34,"[0, 1]",0,0,0,,0.5,2
1669,9bcd0478-8222-11f1-b0da-2389f409459f,34,"[0, 1]",1,1,1,,0.5,2
1670,9bcd0478-8222-11f1-b0da-2389f409459f,35,"[1, 0]",0,1,1,,0.5,2
1671,9bcd0478-8222-11f1-b0da-2389f409459f,35,"[1, 0]",1,0,0,,0.5,2
1672,9bcd0478-8222-11f1-b0da-2389f409459f,36,"[0, 1]",0,0,0,,0.5,2
1673,9bcd0478-8222-11f1-b0da-2389f409459f,36,"[0, 1]",1,1,1,,0.5,2
1674,9bcd0478-8222-11f1-b0da-2389f409459f,37,"[1, 0]",0,1,1,,0.5,2
1675,9bcd0478-8222-11f1-b0da-2389f409459f,37,"[1, 0]",1,0,0,,0.5,2
1676,9bcd0478-8222-11f1-b0da-2389f409459f,38,"[0, 0]",0,0,0,,0.5,2
1677,9bcd0478-8222-11f1-b0da-2389f409459f,38,"[0, 0]",1,0,0,,0.5,2
1678,9bcd0478-8222-11f1-b0da-2389f409459f,39,"[0, 1]",0,0,0,,0.5,2
1679,9bcd0478-8222-11f1-b0da-2389f409459f,39,"[0, 1]",1,1,1,,0.5,2
1680,9bcd0478-8222-11f1-b0da-2389f409459f,40,"[1, 1]",0,1,-1,,0.5,2
1681,9bcd0478-8222-11f1-b0da-2389f409459f,40,"[1, 1]",1,1,-1,,0.5,2
1682,9bcd0478-8222-11f1-b0da-2389f409459f,41,"[1, 1]",0,1,-1,,0.5,2
1683,9bcd0478-8222-11f1-b0da-2389f409459f,41,"[1, 1]",1,1,-1,,0.5,2
1684,9bcd0478-8222-11f1-b0da-2389f409459f,42,"[0, 1]",0,0,0,,0.5,2
1685,9bcd0478-8222-11f1-b0da-2389f409459f,42,"[0, 1]",1,1,1,,0.5,2
1686,9bcd0478-8222-11f1-b0da-2389f409459f,43,"[1, 0]",0,1,1,,0.5,2
1687,9bcd0478-8222-11f1-b0da-2389f409459f,43,"[1, 0]",1,0,0,,0.5,2
1688,9bcd0478-8222-11f1-b0da-2389f409459f,44,"[1, 1]",0,1,-1,,0.5,2
1689,9bcd0478-8222-11f1-b0da-2389f409459f,44,"[1, 1]",1,1,-1,,0.5,2
1690,9bcd0478-8222-11f1-b0da-2389f409459f,45,"[1, 1]",0,1,-1,,0.5,2
1691,9bcd0478-8222-11f1-b0da-2389f409459f,45,"[1, 1]",1,1,-1,,0.5,2
1692,9bcd0478-8222-11f1-b0da-2389f409459f,46,"[1, 1]",0,1,-1,,0.5,2
1693,9bcd0478-8222-11f1-b0da-2389f409459f,46,"[1, 1]",1,1,-1,,0.5,2
1694,9bcd0478-8222-11f1-b0da-2389f409459f,47,"[0, 0]",0,0,0,,0.5,2
1695,9bcd0478-8222-11f1-b0da-2389f409459f,47,"[0, 0]",1,0,0,,0.5,2
1696,9bcd0478-8222-11f1-b0da-2389f409459f,48,"[0, 0]",0,0,0,,0.5,2
1697,9bcd0478-8222-11f1-b0da-2389f409459f,48,"[0, 0]",1,0,0,,0.5,2
1698,9bcd0478-8222-11f1-b0da-2389f409459f,49,"[0, 0]",0,0,0,,0.5,2
1699,9bcd0478-8222-11f1-b0da-2389f409459f,49,"[0, 0]",1,0,0,,0.5,2
1700,9bceed10-8222-11f1-b0da-2389f409459f,0,"[0, 0]",0,0,0,,0.5,2
1701,9bceed10-8222-11f1-b0da-2389f409459f,0,"[0, 0]",1,0,0,,0.5,2
1702,9bceed10-8222-11f1-b0da-2389f409459f,1,"[0, 0]",0,0,0,,0.5,2
1703,9bceed10-8222-11f1-b0da-2389f409459f,1,"[0, 0]",1,0,0,,0.5,2
1704,9bceed10-8222-11f1-b0da-2389f409459f,2,"[1, 1]",0,1,-1,,0.5,2
1705,9bceed10-8222-11f1-b0da-2389f409459f,2,"[1, 1]",1,1,-1,,0.5,2
1706,9bceed10-8222-11f1-b0da-2389f409459f,3,"[1, 1]",0,1,-1,,0.5,2
1707,9bceed10-8222-11f1-b0da-2389f409459f,3,"[1, 1]",1,1,-1,,0.5,2
1708,9bceed10-8222-11f1-b0da-2389f409459f,4,"[1, 0]",0,1,1,,0.5,2
1709,9bceed10-8222-11f1-b0da-2389f409459f,4,"[1, 0]",1,0,0,,0.5,2
1710,9bceed10-8222-11f1-b0da-2389f409459f,5,"[0, 1]",0,0,0,,0.5,2
1711,9bceed10-8222-11f1-b0da-2389f409459f,5,"[0, 1]",1,1,1,,0.5,2
1712,9bceed10-8222-11f1-b0da-2389f409459f,6,"[1, 1]",0,1,-1,,0.5,2
1713,9bceed10-8222-11f1-b0da-2389f409459f,6,"[1, 1]",1,1,-1,,0.5,2
1714,9bceed10-8222-11f1-b0da-2389f409459f,7,"[1, 1]",0,1,-1,,0.5,2
1715,9bceed10-8222-11f1-b0da-2389f409459f,7,"[1, 1]",1,1,-1,,0.5,2
1716,9bceed10-8222-11f1-b0da-2389f409459f,8,"[1, 1]",0,1,-1,,0.5,2
1717,9bceed10-8222-11f1-b0da-2389f409459f,8,"[1, 1]",1,1,-1,,0.5,2
1718,9bceed10-8222-11f1-b0da-2389f409459f,9,"[1, 0]",0,1,1,,0.5,2
1719,9bceed10-8222-11f1-b0da-2389f409459f,9,"[1, 0]",1,0,0,,0.5,2
1720,9bceed10-8222-11f1-b0da-2389f409459f,10,"[1, 0]",0,1,1,,0.5,2
1721,9bceed10-8222-11f1-b0da-2389f409459f,10,"[1, 0]",1,0,0,,0.5,2
1722,9bceed10-8222-11f1-b0da-2389f409459f,11,"[0, 0]",0,0,0,,0.5,2
1723,9bceed10-8222-11f1-b0da-2389f409459f,11,"[0, 0]",1,0,0,,0.5,2
1724,9bceed10-8222-11f1-b0da-2389f409459f,12,"[1, 0]",0,1,1,,0.5,2
1725,9bceed10-8222-11f1-b0da-2389f409459f,12,"[1, 0]",1,0,0,,0.5,2
1726,9bceed10-8222-11f1-b0da-2389f409459f,13,"[1, 0]",0,1,1,,0.5,2
1727,9bceed10-8222-11f1-b0da-2389f409459f,13,"[1, 0]",1,0,0,,0.5,2
1728,9bceed10-8222-11f1-b0da-2389f409459f,14,"[1, 0]",0,1,1,,0.5,2
1729,9bceed10-8222-11f1-b0da-2389f409459f,14,"[1, 0]",1,0,0,,0.5,2
1730,9bceed10-8222-11f1-b0da-2389f409459f,15,"[0, 1]",0,0,0,,0.5,2
1731,9bceed10-8222-11f1-b0da-2389f409459f,15,"[0, 1]",1,1,1,,0.5,2
1732,9bceed10-8222-11f1-b0da-2389f409459f,16,"[0, 0]",0,0,0,,0.5,2
1733,9bceed10-8222-11f1-b0da-2389f409459f,16,"[0, 0]",1,0,0,,0.5,2
1734,9bceed10-8222-11f1-b0da-2389f409459f,17,"[1, 1]",0,1,-1,,0.5,2
1735,9bceed10-8222-11f1-b0da-2389f409459f,17,"[1, 1]",1,1,-1,,0.5,2
1736,9bceed10-8222-11f1-b0da-2389f409459f,18,"[1, 1]",0,1,-1,,0.5,2
1737,9bceed10-8222-11f1-b0da-2389f409459f,18,"[1, 1]",1,1,-1,,0.5,2
1738,9bceed10-8222-11f1-b0da-2389f409459f,19,"[1, 1]",0,1,-1,,0.5,2
1739,9bceed10-8222-11f1-b0da-2389f409459f,19,"[1, 1]",1,1,-1,,0.5,2
1740,9bceed10-8222-11f1-b0da-2389f409459f,20,"[1, 1]",0,1,-1,,0.5,2
1741,9bceed10-8222-11f1-b0da-2389f409459f,20,"[1, 1]",1,1,-1,,0.5,2
1742,9bceed10-8222-11f1-b0da-2389f409459f,21,"[0, 0]",0,0,0,,0.5,2
1743,9bceed10-8222-11f1-b0da-2389f409459f,21,"[0, 0]",1,0,0,,0.5,2
1744,9bceed10-8222-11f1-b0da-2389f409459f,22,"[1, 1]",0,1,-1,,0.5,2
1745,9bceed10-8222-11f1-b0da-2389f409459f,22,"[1, 1]",1,1,-1,,0.5,2
1746,9bceed10-8222-11f1-b0da-2389f409459f,23,"[1, 1]",0,1,-1,,0.5,2
1747,9bceed10-8222-11f1-b0da-2389f409459f,23,"[1, 1]",1,1,-1,,0.5,2
1748,9bceed10-8222-11f1-b0da-2389f409459f,24,"[0, 0]",0,0,0,,0.5,2
1749,9bceed10-8222-11f1-b0da-2389f409459f,24,"[0, 0]",1,0,0,,0.5,2
1750,9bceed10-8222-11f1-b0da-2389f409459f,25,"[1, 0]",0,1,1,,0.5,2
1751,9bceed10-8222-11f1-b0da-2389f409459f,25,"[1, 0]",1,0,0,,0.5,2
1752,9bceed10-8222-11f1-b0da-2389f409459f,26,"[1, 0]",0,1,1,,0.5,2
1753,9bceed10-8222-11f1-b0da-2389f409459f,26,"[1, 0]",1,0,0,,0.5,2
1754,9bceed10-8222-11f1-b0da-2389f409459f,27,"[0, 0]",0,0,0,,0.5,2
1755,9bceed10-8222-11f1-b0da-2389f409459f,27,"[0, 0]",1,0,0,,0.5,2
1756,9bceed10-8222-11f1-b0da-2389f409459f,28,"[0, 0]",0,0,0,,0.5,2
1757,9bceed10-8222-11f1-b0da-2389f409459f,28,"[0, 0]",1,0,0,,0.5,2
1758,9bceed10-8222-11f1-b0da-2389f409459f,29,"[1, 0]",0,1,1,,0.5,2
1759,9bceed10-8222-11f1-b0da-2389f409459f,29,"[1, 0]",1,0,0,,0.5,2
1760,9bceed10-8222-11f1-b0da-2389f409459f,30,"[0, 0]",0,0,0,,0.5,2
1761,9bceed10-8222-11f1-b0da-2389f409459f,30,"[0, 0]",1,0,0,,0.5,2
1762,9bceed10-8222-11f1-b0da-2389f409459f,31,"[1, 0]",0,1,1,,0.5,2
1763,9bceed10-8222-11f1-b0da-2389f409459f,31,"[1, 0]",1,0,0,,0.5,2
1764,9bceed10-8222-11f1-b0da-2389f409459f,32,"[1, 1]",0,1,-1,,0.5,2
1765,9bceed10-8222-11f1-b0da-2389f409459f,32,"[1, 1]",1,1,-1,,0.5,2
1766,9bceed10-8222-11f1-b0da-2389f409459f,33,"[1, 0]",0,1,1,,0.5,2
1767,9bceed10-8222-11f1-b0da-2389f409459f,33,"[1, 0]",1,0,0,,0.5,2
1768,9bceed10-8222-11f1-b0da-2389f409459f,34,"[1, 1]",0,1,-1,,0.5,2
1769,9bceed10-8222-11f1-b0da-2389f409459f,34,"[1, 1]",1,1,-1,,0.5,2
1770,9bceed10-8222-11f1-b0da-2389f409459f,35,"[0, 1]",0,0,0,,0.5,2
1771,9bceed10-8222-11f1-b0da-2389f409459f,35,"[0, 1]",1,1,1,,0.5,2
1772,9bceed10-8222-11f1-b0da-2389f409459f,36,"[1, 1]",0,1,-1,,0.5,2
1773,9bceed10-8222-11f1-b0da-2389f409459f,36,"[1, 1]",1,1,-1,,0.5,2
1774,9bceed10-8222-11f1-b0da-2389f409459f,37,"[1, 1]",0,1,-1,,0.5,2
1775,9bceed10-8222-11f1-b0da-2389f409459f,37,"[1, 1]",1,1,-1,,0.5,2
1776,9bceed10-8222-11f1-b0da-2389f409459f,38,"[1, 1]",0,1,-1,,0.5,2
1777,9bceed10-8222-11f1-b0da-2389f409459f,38,"[1, 1]",1,1,-1,,0.5,2
1778,9bceed10-8222-11f1-b0da-2389f409459f,39,"[1, 0]",0,1,1,,0.5,2
1779,9bceed10-8222-11f1-b0da-2389f409459f,39,"[1, 0]",1,0,0,,0.5,2
1780,9bceed10-8222-11f1-b0da-2389f409459f,40,"[1, 0]",0,1,1,,0.5,2
1781,9bceed10-8222-11f1-b0da-2389f409459f,40,"[1, 0]",1,0,0,,0.5,2
1782,9bceed10-8222-11f1-b0da-2389f409459f,41,"[1, 1]",0,1,-1,,0.5,2
1783,9bceed10-8222-11f1-b0da-2389f409459f,41,"[1, 1]",1,1,-1,,0.5,2
1784,9bceed10-8222-11f1-b0da-2389f409459f,42,"[0, 1]",0,0,0,,0.5,2
1785,9bceed10-8222-11f1-b0da-2389f409459f,42,"[0, 1]",1,1,1,,0.5,2
1786,9bceed10-8222-11f1-b0da-2389f409459f,43,"[1, 1]",0,1,-1,,0.5,2
1787,9bceed10-8222-11f1-b0da-2389f409459f,43,"[1, 1]",1,1,-1,,0.5,2
1788,9bceed10-8222-11f1-b0da-2389f409459f,44,"[1, 0]",0,1,1,,0.5,2
1789,9bceed10-8222-11f1-b0da-2389f409459f,44,"[1, 0]",1,0,0,,0.5,2
1790,9bceed10-8222-11f1-b0da-2389f409459f,45,"[1, 0]",0,1,1,,0.5,2
1791,9bceed10-8222-11f1-b0da-2389f409459f,45,"[1, 0]",1,0,0,,0.5,2
1792,9bceed10-8222-11f1-b0da-2389f409459f,46,"[0, 0]",0,0,0,,0.5,2
1793,9bceed10-8222-11f1-b0da-2389f409459f,46,"[0, 0]",1,0,0,,0.5,2
1794,9bceed10-8222-11f1-b0da-2389f409459f,47,"[0, 1]",0,0,0,,0.5,2
1795,9bceed10-8222-11f1-b0da-2389f409459f,47,"[0, 1]",1,1,1,,0.5,2
1796,9bceed10-8222-11f1-b0da-2389f409459f,48,"[1, 1]",0,1,-1,,0.5,2
1797,9bceed10-8222-11f1-b0da-2389f409459f,48,"[1, 1]",1,1,-1,,0.5,2
1798,9bceed10-8222-11f1-b0da-2389f409459f,49,"[1, 0]",0,1,1,,0.5,2
1799,9bceed10-8222-11f1-b0da-2389f409459f,49,"[1, 0]",1,0,0,,0.5,2
1800,9bd6e6f0-8222-11f1-b0da-2389f409459f,0,"[0, 1]",0,0,0,,0.5,2
1801,9bd6e6f0-8222-11f1-b0da-2389f409459f,0,"[0, 1]",1,1,1,,0.5,2
1802,9bd6e6f0-8222-11f1-b0da-2389f409459f,1,"[1, 0]",0,1,1,,0.5,2
1803,9bd6e6f0-8222-11f1-b0da-2389f409459f,1,"[1, 0]",1,0,0,,0.5,2
1804,9bd6e6f0-8222-11f1-b0da-2389f409459f,2,"[1, 1]",0,1,-1,,0.5,2
1805,9bd6e6f0-8222-11f1-b0da-2389f409459f,2,"[1, 1]",1,1,-1,,0.5,2
1806,9bd6e6f0-8222-11f1-b0da-2389f409459f,3,"[0, 0]",0,0,0,,0.5,2
1807,9bd6e6f0-8222-11f1-b0da-2389f409459f,3,"[0, 0]",1,0,0,,0.5,2
1808,9bd6e6f0-8222-11f1-b0da-2389f409459f,4,"[0, 0]",0,0,0,,0.5,2
1809,9bd6e6f0-8222-11f1-b0da-2389f409459f,4,"[0, 0]",1,0,0,,0.5,2
1810,9bd6e6f0-8222-11f1-b0da-2389f409459f,5,"[1, 0]",0,1,1,,0.5,2
1811,9bd6e6f0-8222-11f1-b0da-2389f409459f,5,"[1, 0]",1,0,0,,0.5,2
1812,9bd6e6f0-8222-11f1-b0da-2389f409459f,6,"[0, 1]",0,0,0,,0.5,2
1813,9bd6e6f0-8222-11f1-b0da-2389f409459f,6,"[0, 1]",1,1,1,,0.5,2
1814,9bd6e6f0-8222-11f1-b0da-2389f409459f,7,"[0, 0]",0,0,0,,0.5,2
1815,9bd6e6f0-8222-11f1-b0da-2389f409459f,7,"[0, 0]",1,0,0,,0.5,2
1816,9bd6e6f0-8222-11f1-b0da-2389f409459f,8,"[0, 1]",0,0,0,,0.5,2
1817,9bd6e6f0-8222-11f1-b0da-2389f409459f,8,"[0, 1]",1,1,1,,0.5,2
1818,9bd6e6f0-8222-11f1-b0da-2389f409459f,9,"[1, 0]",0,1,1,,0.5,2
1819,9bd6e6f0-8222-11f1-b0da-2389f409459f,9,"[1, 0]",1,0,0,,0.5,2
1820,9bd6e6f0-8222-11f1-b0da-2389f409459f,10,"[0, 1]",0,0,0,,0.5,2
1821,9bd6e6f0-8222-11f1-b0da-2389f409459f,10,"[0, 1]",1,1,1,,0.5,2
1822,9bd6e6f0-8222-11f1-b0da-2389f409459f,11,"[0, 1]",0,0,0,,0.5,2
1823,9bd6e6f0-8222-11f1-b0da-2389f409459f,11,"[0, 1]",1,1,1,,0.5,2
1824,9bd6e6f0-8222-11f1-b0da-2389f409459f,12,"[1, 1]",0,1,-1,,0.5,2
1825,9bd6e6f0-8222-11f1-b0da-2389f409459f,12,"[1, 1]",1,1,-1,,0.5,2
1826,9bd6e6f0-8222-11f1-b0da-2389f409459f,13,"[0, 0]",0,0,0,,0.5,2
1827,9bd6e6f0-8222-11f1-b0da-2389f409459f,13,"[0, 0]",1,0,0,,0.5,2
1828,9bd6e6f0-8222-11f1-b0da-2389f409459f,14,"[0, 0]",0,0,0,,0.5,2
1829,9bd6e6f0-8222-11f1-b0da-2389f409459f,14,"[0, 0]",1,0,0,,0.5,2
1830,9bd6e6f0-8222-11f1-b0da-2389f409459f,15,"[0, 0]",0,0,0,,0.5,2
1831,9bd6e6f0-8222-11f1-b0da-2389f409459f,15,"[0, 0]",1,0,0,,0.5,2
1832,9bd6e6f0-8222-11f1-b0da-2389f409459f,16,"[0, 0]",0,0,0,,0.5,2
1833,9bd6e6f0-8222-11f1-b0da-2389f409459f,16,"[0, 0]",1,0,0,,0.5,2
1834,9bd6e6f0-8222-11f1-b0da-2389f409459f,17,"[0, 0]",0,0,0,,0.5,2
1835,9bd6e6f0-8222-11f1-b0da-2389f409459f,17,"[0, 0]",1,0,0,,0.5,2
1836,9bd6e6f0-8222-11f1-b0da-2389f409459f,18,"[1, 1]",0,1,-1,,0.5,2
1837,9bd6e6f0-8222-11f1-b0da-2389f409459f,18,"[1, 1]",1,1,-1,,0.5,2
1838,9bd6e6f0-8222-11f1-b0da-2389f409459f,19,"[0, 0]",0,0,0,,0.5,2
1839,9bd6e6f0-8222-11f1-b0da-2389f409459f,19,"[0, 0]",1,0,0,,0.5,2
1840,9bd6e6f0-8222-11f1-b0da-2389f409459f,20,"[0, 0]",0,0,0,,0.5,2
1841,9bd6e6f0-8222-11f1-b0da-2389f409459f,20,"[0, 0]",1,0,0,,0.5,2
1842,9bd6e6f0-8222-11f1-b0da-2389f409459f,21,"[0, 0]",0,0,0,,0.5,2
1843,9bd6e6f0-8222-11f1-b0da-2389f409459f,21,"[0, 0]",1,0,0,,0.5,2
1844,9bd6e6f0-8222-11f1-b0da-2389f409459f,22,"[1, 0]",0,1,1,,0.5,2
1845,9bd6e6f0-8222-11f1-b0da-2389f409459f,22,"[1, 0]",1,0,0,,0.5,2
1846,9bd6e6f0-8222-11f1-b0da-2389f409459f,23,"[1, 0]",0,1,1,,0.5,2
1847,9bd6e6f0-8222-11f1-b0da-2389f409459f,23,"[1, 0]",1,0,0,,0.5,2
1848,9bd6e6f0-8222-11f1-b0da-2389f409459f,24,"[0, 1]",0,0,0,,0.5,2
1849,9bd6e6f0-8222-11f1-b0da-2389f409459f,24,"[0, 1]",1,1,1,,0.5,2
1850,9bd6e6f0-8222-11f1-b0da-2389f409459f,25,"[1, 1]",0,1,-1,,0.5,2
1851,9bd6e6f0-8222-11f1-b0da-2389f409459f,25,"[1, 1]",1,1,-1,,0.5,2
1852,9bd6e6f0-8222-11f1-b0da-2389f409459f,26,"[0, 0]",0,0,0,,0.5,2
1853,9bd6e6f0-8222-11f1-b0da-2389f409459f,26,"[0, 0]",1,0,0,,0.5,2
1854,9bd6e6f0-8222-11f1-b0da-2389f409459f,27,"[1, 0]",0,1,1,,0.5,2
1855,9bd6e6f0-8222-11f1-b0da-2389f409459f,27,"[1, 0]",1,0,0,,0.5,2
1856,9bd6e6f0-8222-11f1-b0da-2389f409459f,28,"[1, 1]",0,1,-1,,0.5,2
1857,9bd6e6f0-8222-11f1-b0da-2389f409459f,28,"[1, 1]",1,1,-1,,0.5,2
1858,9bd6e6f0-8222-11f1-b0da-2389f409459f,29,"[0, 0]",0,0,0,,0.5,2
1859,9bd6e6f0-8222-11f1-b0da-2389f409459f,29,"[0, 0]",1,0,0,,0.5,2
1860,9bd6e6f0-8222-11f1-b0da-2389f409459f,30,"[0, 0]",0,0,0,,0.5,2
1861,9bd6e6f0-8222-11f1-b0da-2389f409459f,30,"[0, 0]",1,0,0,,0.5,2
1862,9bd6e6f0-8222-11f1-b0da-2389f409459f,31,"[0, 0]",0,0,0,,0.5,2
1863,9bd6e6f0-8222-11f1-b0da-2389f409459f,31,"[0, 0]",1,0,0,,0.5,2
1864,9bd6e6f0-8222-11f1-b0da-2389f409459f,32,"[0, 0]",0,0,0,,0.5,2
1865,9bd6e6f0-8222-11f1-b0da-2389f409459f,32,"[0, 0]",1,0,0,,0.5,2
1866,9bd6e6f0-8222-11f1-b0da-2389f409459f,33,"[1, 0]",0,1,1,,0.5,2
1867,9bd6e6f0-8222-11f1-b0da-2389f409459f,33,"[1, 0]",1,0,0,,0.5,2
1868,9bd6e6f0-8222-11f1-b0da-2389f409459f,34,"[1, 0]",0,1,1,,0.5,2
1869,9bd6e6f0-8222-11f1-b0da-2389f409459f,34,"[1, 0]",1,0,0,,0.5,2
1870,9bd6e6f0-8222-11f1-b0da-2389f409459f,35,"[0, 0]",0,0,0,,0.5,2
1871,9bd6e6f0-8222-11f1-b0da-2389f409459f,35,"[0, 0]",1,0,0,,0.5,2
1872,9bd6e6f0-8222-11f1-b0da-2389f409459f,36,"[1, 0]",0,1,1,,0.5,2
1873,9bd6e6f0-8222-11f1-b0da-2389f409459f,36,"[1, 0]",1,0,0,,0.5,2
1874,9bd6e6f0-8222-11f1-b0da-2389f409459f,37,"[1, 1]",0,1,-1,,0.5,2
1875,9bd6e6f0-8222-11f1-b0da-2389f409459f,37,"[1, 1]",1,1,-1,,0.5,2
1876,9bd6e6f0-8222-11f1-b0da-2389f409459f,38,"[0, 0]",0,0,0,,0.5,2
1877,9bd6e6f0-8222-11f1-b0da-2389f409459f,38,"[0, 0]",1,0,0,,0.5,2
1878,9bd6e6f0-8222-11f1-b0da-2389f409459f,39,"[0, 0]",0,0,0,,0.5,2
1879,9bd6e6f0-8222-11f1-b0da-2389f409459f,39,"[0, 0]",1,0,0,,0.5,2
1880,9bd6e6f0-8222-11f1-b0da-2389f409459f,40,"[1, 0]",0,1,1,,0.5,2
1881,9bd6e6f0-8222-11f1-b0da-2389f409459f,40,"[1, 0]",1,0,0,,0.5,2
1882,9bd6e6f0-8222-11f1-b0da-2389f409459f,41,"[0, 0]",0,0,0,,0.5,2
1883,9bd6e6f0-8222-11f1-b0da-2389f409459f,41,"[0, 0]",1,0,0,,0.5,2
1884,9bd6e6f0-8222-11f1-b0da-2389f409459f,42,"[0, 0]",0,0,0,,0.5,2
1885,9bd6e6f0-8222-11f1-b0da-2389f409459f,42,"[0, 0]",1,0,0,,0.5,2
1886,9bd6e6f0-8222-11f1-b0da-2389f409459f,43,"[0, 0]",0,0,0,,0.5,2
1887,9bd6e6f0-8222-11f1-b0da-2389f409459f,43,"[0, 0]",1,0,0,,0.5,2
1888,9bd6e6f0-8222-11f1-b0da-2389f409459f,44,"[1, 0]",0,1,1,,0.5,2
1889,9bd6e6f0-8222-11f1-b0da-2389f409459f,44,"[1, 0]",1,0,0,,0.5,2
1890,9bd6e6f0-8222-11f1-b0da-2389f409459f,45,"[1, 1]",0,1,-1,,0.5,2
1891,9bd6e6f0-8222-11f1-b0da-2389f409459f,45,"[1, 1]",1,1,-1,,0.5,2
1892,9bd6e6f0-8222-11f1-b0da-2389f409459f,46,"[1, 0]",0,1,1,,0.5,2
1893,9bd6e6f0-8222-11f1-b0da-2389f409459f,46,"[1, 0]",1,0,0,,0.5,2
1894,9bd6e6f0-8222-11f1-b0da-2389f409459f,47,"[1, 1]",0,1,-1,,0.5,2
1895,9bd6e6f0-8222-11f1-b0da-2389f409459f,47,"[1, 1]",1,1,-1,,0.5,2
1896,9bd6e6f0-8222-11f1-b0da-2389f409459f,48,"[1, 0]",0,1,1,,0.5,2
1897,9bd6e6f0-8222-11f1-b0da-2389f409459f,48,"[1, 0]",1,0,0,,0.5,2
1898,9bd6e6f0-8222-11f1-b0da-2389f409459f,49,"[1, 0]",0,1,1,,0.5,2
1899,9bd6e6f0-8222-11f1-b0da-2389f409459f,49,"[1, 0]",1,0,0,,0.5,2
1900,9bd9b6a0-8222-11f1-b0da-2389f409459f,0,"[0, 1]",0,0,0,,0.5,2
1901,9bd9b6a0-8222-11f1-b0da-2389f409459f,0,"[0, 1]",1,1,1,,0.5,2
1902,9bd9b6a0-8222-11f1-b0da-2389f409459f,1,"[1, 0]",0,1,1,,0.5,2
1903,9bd9b6a0-8222-11f1-b0da-2389f409459f,1,"[1, 0]",1,0,0,,0.5,2
1904,9bd9b6a0-8222-11f1-b0da-2389f409459f,2,"[0, 0]",0,0,0,,0.5,2
1905,9bd9b6a0-8222-11f1-b0da-2389f409459f,2,"[0, 0]",1,0,0,,0.5,2
1906,9bd9b6a0-8222-11f1-b0da-2389f409459f,3,"[0, 0]",0,0,0,,0.5,2
1907,9bd9b6a0-8222-11f1-b0da-2389f409459f,3,"[0, 0]",1,0,0,,0.5,2
1908,9bd9b6a0-8222-11f1-b0da-2389f409459f,4,"[0, 0]",0,0,0,,0.5,2
1909,9bd9b6a0-8222-11f1-b0da-2389f409459f,4,"[0, 0]",1,0,0,,0.5,2
1910,9bd9b6a0-8222-11f1-b0da-2389f409459f,5,"[0, 1]",0,0,0,,0.5,2
1911,9bd9b6a0-8222-11f1-b0da-2389f409459f,5,"[0, 1]",1,1,1,,0.5,2
1912,9bd9b6a0-8222-11f1-b0da-2389f409459f,6,"[1, 0]",0,1,1,,0.5,2
1913,9bd9b6a0-8222-11f1-b0da-2389f409459f,6,"[1, 0]",1,0,0,,0.5,2
1914,9bd9b6a0-8222-11f1-b0da-2389f409459f,7,"[0, 0]",0,0,0,,0.5,2
1915,9bd9b6a0-8222-11f1-b0da-2389f409459f,7,"[0, 0]",1,0,0,,0.5,2
1916,9bd9b6a0-8222-11f1-b0da-2389f409459f,8,"[0, 1]",0,0,0,,0.5,2
1917,9bd9b6a0-8222-11f1-b0da-2389f409459f,8,"[0, 1]",1,1,1,,0.5,2
1918,9bd9b6a0-8222-11f1-b0da-2389f409459f,9,"[1, 0]",0,1,1,,0.5,2
1919,9bd9b6a0-8222-11f1-b0da-2389f409459f,9,"[1, 0]",1,0,0,,0.5,2
1920,9bd9b6a0-8222-11f1-b0da-2389f409459f,10,"[1, 0]",0,1,1,,0.5,2
1921,9bd9b6a0-8222-11f1-b0da-2389f409459f,10,"[1, 0]",1,0,0,,0.5,2
1922,9bd9b6a0-8222-11f1-b0da-2389f409459f,11,"[1, 1]",0,1,-1,,0.5,2
1923,9bd9b6a0-8222-11f1-b0da-2389f409459f,11,"[1, 1]",1,1,-1,,0.5,2
1924,9bd9b6a0-8222-11f1-b0da-2389f409459f,12,"[1, 0]",0,1,1,,0.5,2
1925,9bd9b6a0-8222-11f1-b0da-2389f409459f,12,"[1, 0]",1,0,0,,0.5,2
1926,9bd9b6a0-8222-11f1-b0da-2389f409459f,13,"[1, 0]",0,1,1,,0.5,2
1927,9bd9b6a0-8222-11f1-b0da-2389f409459f,13,"[1, 0]",1,0,0,,0.5,2
1928,9bd9b6a0-8222-11f1-b0da-2389f409459f,14,"[1, 0]",0,1,1,,0.5,2
1929,9bd9b6a0-8222-11f1-b0da-2389f409459f,14,"[1, 0]",1,0,0,,0.5,2
1930,9bd9b6a0-8222-11f1-b0da-2389f409459f,15,"[1, 0]",0,1,1,,0.5,2
1931,9bd9b6a0-8222-11f1-b0da-2389f409459f,15,"[1, 0]",1,0,0,,0.5,2
1932,9bd9b6a0-8222-11f1-b0da-2389f409459f,16,"[1, 1]",0,1,-1,,0.5,2
1933,9bd9b6a0-8222-11f1-b0da-2389f409459f,16,"[1, 1]",1,1,-1,,0.5,2
1934,9bd9b6a0-8222-11f1-b0da-2389f409459f,17,"[1, 1]",0,1,-1,,0.5,2
1935,9bd9b6a0-8222-11f1-b0da-2389f409459f,17,"[1, 1]",1,1,-1,,0.5,2
1936,9bd9b6a0-8222-11f1-b0da-2389f409459f,18,"[1, 0]",0,1,1,,0.5,2
1937,9bd9b6a0-8222-11f1-b0da-2389f409459f,18,"[1, 0]",1,0,0,,0.5,2
1938,9bd9b6a0-8222-11f1-b0da-2389f409459f,19,"[0, 1]",0,0,0,,0.5,2
1939,9bd9b6a0-8222-11f1-b0da-2389f409459f,19,"[0, 1]",1,1,1,,0.5,2
1940,9bd9b6a0-8222-11f1-b0da-2389f409459f,20,"[1, 1]",0,1,-1,,0.5,2
1941,9bd9b6a0-8222-11f1-b0da-2389f409459f,20,"[1, 1]",1,1,-1,,0.5,2
1942,9bd9b6a0-8222-11f1-b0da-2389f409459f,21,"[1, 1]",0,1,-1,,0.5,2
1943,9bd9b6a0-8222-11f1-b0da-2389f409459f,21,"[1, 1]",1,1,-1,,0.5,2
1944,9bd9b6a0-8222-11f1-b0da-2389f409459f,22,"[1, 0]",0,1,1,,0.5,2
1945,9bd9b6a0-8222-11f1-b0da-2389f409459f,22,"[1, 0]",1,0,0,,0.5,2
1946,9bd9b6a0-8222-11f1-b0da-2389f409459f,23,"[1, 0]",0,1,1,,0.5,2
1947,9bd9b6a0-8222-11f1-b0da-2389f409459f,23,"[1, 0]",1,0,0,,0.5,2
1948,9bd9b6a0-8222-11f1-b0da-2389f409459f,24,"[1, 1]",0,1,-1,,0.5,2
1949,9bd9b6a0-8222-11f1-b0da-2389f409459f,24,"[1, 1]",1,1,-1,,0.5,2
1950,9bd9b6a0-8222-11f1-b0da-2389f409459f,25,"[1, 0]",0,1,1,,0.5,2
1951,9bd9b6a0-8222-11f1-b0da-2389f409459f,25,"[1, 0]",1,0,0,,0.5,2
1952,9bd9b6a0-8222-11f1-b0da-2389f409459f,26,"[1, 0]",0,1,1,,0.5,2
1953,9bd9b6a0-8222-11f1-b0da-2389f409459f,26,"[1, 0]",1,0,0,,0.5,2
1954,9bd9b6a0-8222-11f1-b0da-2389f409459f,27,"[0, 0]",0,0,0,,0.5,2
1955,9bd9b6a0-8222-11f1-b0da-2389f409459f,27,"[0, 0]",1,0,0,,0.5,2
1956,9bd9b6a0-8222-11f1-b0da-2389f409459f,28,"[0, 0]",0,0,0,,0.5,2
1957,9bd9b6a0-8222-11f1-b0da-2389f409459f,28,"[0, 0]",1,0,0,,0.5,2
1958,9bd9b6a0-8222-11f1-b0da-2389f409459f,29,"[0, 0]",0,0,0,,0.5,2
1959,9bd9b6a0-8222-11f1-b0da-2389f409459f,29,"[0, 0]",1,0,0,,0.5,2
1960,9bd9b6a0-8222-11f1-b0da-2389f409459f,30,"[0, 1]",0,0,0,,0.5,2
1961,9bd9b6a0-8222-11f1-b0da-2389f409459f,30,"[0, 1]",1,1,1,,0.5,2
1962,9bd9b6a0-8222-11f1-b0da-2389f409459f,31,"[0, 0]",0,0,0,,0.5,2
1963,9bd9b6a0-8222-11f1-b0da-2389f409459f,31,"[0, 0]",1,0,0,,0.5,2
1964,9bd9b6a0-8222-11f1-b0da-2389f409459f,32,"[1, 0]",0,1,1,,0.5,2
1965,9bd9b6a0-8222-11f1-b0da-2389f409459f,32,"[1, 0]",1,0,0,,0.5,2
1966,9bd9b6a0-8222-11f1-b0da-2389f409459f,33,"[1, 1]",0,1,-1,,0.5,2
1967,9bd9b6a0-8222-11f1-b0da-2389f409459f,33,"[1, 1]",1,1,-1,,0.5,2
1968,9bd9b6a0-8222-11f1-b0da-2389f409459f,34,"[0, 0]",0,0,0,,0.5,2
1969,9bd9b6a0-8222-11f1-b0da-2389f409459f,34,"[0, 0]",1,0,0,,0.5,2
1970,9bd9b6a0-8222-11f1-b0da-2389f409459f,35,"[0, 1]",0,0,0,,0.5,2
1971,9bd9b6a0-8222-11f1-b0da-2389f409459f,35,"[0, 1]",1,1,1,,0.5,2
1972,9bd9b6a0-8222-11f1-b0da-2389f409459f,36,"[1, 0]",0,1,1,,0.5,2
1973,9bd9b6a0-8222-11f1-b0da-2389f409459f,36,"[1, 0]",1,0,0,,0.5,2
1974,9bd9b6a0-8222-11f1-b0da-2389f409459f,37,"[1, 0]",0,1,1,,0.5,2
1975,9bd9b6a0-8222-11f1-b0da-2389f409459f,37,"[1, 0]",1,0,0,,0.5,2
1976,9bd9b6a0-8222-11f1-b0da-2389f409459f,38,"[1, 0]",0,1,1,,0.5,2
1977,9bd9b6a0-8222-11f1-b0da-2389f409459f,38,"[1, 0]",1,0,0,,0.5,2
1978,9bd9b6a0-8222-11f1-b0da-2389f409459f,39,"[1, 0]",0,1,1,,0.5,2
1979,9bd9b6a0-8222-11f1-b0da-2389f409459f,39,"[1, 0]",1,0,0,,0.5,2
1980,9bd9b6a0-8222-11f1-b0da-2389f409459f,40,"[0, 0]",0,0,0,,0.5,2
1981,9bd9b6a0-8222-11f1-b0da-2389f409459f,40,"[0, 0]",1,0,0,,0.5,2
1982,9bd9b6a0-8222-11f1-b0da-2389f409459f,41,"[1, 1]",0,1,-1,,0.5,2
1983,9bd9b6a0-8222-11f1-b0da-2389f409459f,41,"[1, 1]",1,1,-1,,0.5,2
1984,9bd9b6a0-8222-11f1-b0da-2389f409459f,42,"[1, 0]",0,1,1,,0.5,2
1985,9bd9b6a0-8222-11f1-b0da-2389f409459f,42,"[1, 0]",1,0,0,,0.5,2
1986,9bd9b6a0-8222-11f1-b0da-2389f409459f,43,"[1, 1]",0,1,-1,,0.5,2
1987,9bd9b6a0-8222-11f1-b0da-2389f409459f,43,"[1, 1]",1,1,-1,,0.5,2
1988,9bd9b6a0-8222-11f1-b0da-2389f409459f,44,"[1, 0]",0,1,1,,0.5,2
1989,9bd9b6a0-8222-11f1-b0da-2389f409459f,44,"[1, 0]",1,0,0,,0.5,2
1990,9bd9b6a0-8222-11f1-b0da-2389f409459f,45,"[1, 0]",0,1,1,,0.5,2
1991,9bd9b6a0-8222-11f1-b0da-2389f409459f,45,"[1, 0]",1,0,0,,0.5,2
1992,9bd9b6a0-8222-11f1-b0da-2389f409459f,46,"[0, 0]",0,0,0,,0.5,2
1993,9bd9b6a0-8222-11f1-b0da-2389f409459f,46,"[0, 0]",1,0,0,,0.5,2
1994,9bd9b6a0-8222-11f1-b0da-2389f409459f,47,"[0, 1]",0,0,0,,0.5,2
1995,9bd9b6a0-8222-11f1-b0da-2389f409459f,47,"[0, 1]",1,1,1,,0.5,2
1996,9bd9b6a0-8222-11f1-b0da-2389f409459f,48,"[0, 0]",0,0,0,,0.5,2
1997,9bd9b6a0-8222-11f1-b0da-2389f409459f,48,"[0, 0]",1,0,0,,0.5,2
1998,9bd9b6a0-8222-11f1-b0da-2389f409459f,49,"[0, 0]",0,0,0,,0.5,2
1999,9bd9b6a0-8222-11f1-b0da-2389f409459f,49,"[0, 0]",1,0,0,,0.5,2
2000,9bdc2ef8-8222-11f1-b0da-2389f409459f,0,"[0, 1]",0,0,0,,0.5,2
2001,9bdc2ef8-8222-11f1-b0da-2389f409459f,0,"[0, 1]",1,1,1,,0.5,2
2002,9bdc2ef8-8222-11f1-b0da-2389f409459f,1,"[0, 0]",0,0,0,,0.5,2
2003,9bdc2ef8-8222-11f1-b0da-2389f409459f,1,"[0, 0]",1,0,0,,0.5,2
2004,9bdc2ef8-8222-11f1-b0da-2389f409459f,2,"[0, 0]",0,0,0,,0.5,2
2005,9bdc2ef8-8222-11f1-b0da-2389f409459f,2,"[0, 0]",1,0,0,,0.5,2
2006,9bdc2ef8-8222-11f1-b0da-2389f409459f,3,"[1, 0]",0,1,1,,0.5,2
2007,9bdc2ef8-8222-11f1-b0da-2389f409459f,3,"[1, 0]",1,0,0,,0.5,2
2008,9bdc2ef8-8222-11f1-b0da-2389f409459f,4,"[0, 0]",0,0,0,,0.5,2
2009,9bdc2ef8-8222-11f1-b0da-2389f409459f,4,"[0, 0]",1,0,0,,0.5,2
2010,9bdc2ef8-8222-11f1-b0da-2389f409459f,5,"[1, 0]",0,1,1,,0.5,2
2011,9bdc2ef8-8222-11f1-b0da-2389f409459f,5,"[1, 0]",1,0,0,,0.5,2
2012,9bdc2ef8-8222-11f1-b0da-2389f409459f,6,"[0, 0]",0,0,0,,0.5,2
2013,9bdc2ef8-8222-11f1-b0da-2389f409459f,6,"[0, 0]",1,0,0,,0.5,2
2014,9bdc2ef8-8222-11f1-b0da-2389f409459f,7,"[1, 1]",0,1,-1,,0.5,2
2015,9bdc2ef8-8222-11f1-b0da-2389f409459f,7,"[1, 1]",1,1,-1,,0.5,2
2016,9bdc2ef8-8222-11f1-b0da-2389f409459f,8,"[1, 0]",0,1,1,,0.5,2
2017,9bdc2ef8-8222-11f1-b0da-2389f409459f,8,"[1, 0]",1,0,0,,0.5,2
2018,9bdc2ef8-8222-11f1-b0da-2389f409459f,9,"[1, 0]",0,1,1,,0.5,2
2019,9bdc2ef8-8222-11f1-b0da-2389f409459f,9,"[1, 0]",1,0,0,,0.5,2
2020,9bdc2ef8-8222-11f1-b0da-2389f409459f,10,"[0, 0]",0,0,0,,0.5,2
2021,9bdc2ef8-8222-11f1-b0da-2389f409459f,10,"[0, 0]",1,0,0,,0.5,2
2022,9bdc2ef8-8222-11f1-b0da-2389f409459f,11,"[1, 0]",0,1,1,,0.5,2
2023,9bdc2ef8-8222-11f1-b0da-2389f409459f,11,"[1, 0]",1,0,0,,0.5,2
2024,9bdc2ef8-8222-11f1-b0da-2389f409459f,12,"[0, 0]",0,0,0,,0.5,2
2025,9bdc2ef8-8222-11f1-b0da-2389f409459f,12,"[0, 0]",1,0,0,,0.5,2
2026,9bdc2ef8-8222-11f1-b0da-2389f409459f,13,"[0, 1]",0,0,0,,0.5,2
2027,9bdc2ef8-8222-11f1-b0da-2389f409459f,13,"[0, 1]",1,1,1,,0.5,2
2028,9bdc2ef8-8222-11f1-b0da-2389f409459f,14,"[0, 0]",0,0,0,,0.5,2
2029,9bdc2ef8-8222-11f1-b0da-2389f409459f,14,"[0, 0]",1,0,0,,0.5,2
2030,9bdc2ef8-8222-11f1-b0da-2389f409459f,15,"[0, 0]",0,0,0,,0.5,2
2031,9bdc2ef8-8222-11f1-b0da-2389f409459f,15,"[0, 0]",1,0,0,,0.5,2
2032,9bdc2ef8-8222-11f1-b0da-2389f409459f,16,"[1, 1]",0,1,-1,,0.5,2
2033,9bdc2ef8-8222-11f1-b0da-2389f409459f,16,"[1, 1]",1,1,-1,,0.5,2
2034,9bdc2ef8-8222-11f1-b0da-2389f409459f,17,"[0, 0]",0,0,0,,0.5,2
2035,9bdc2ef8-8222-11f1-b0da-2389f409459f,17,"[0, 0]",1,0,0,,0.5,2
2036,9bdc2ef8-8222-11f1-b0da-2389f409459f,18,"[1, 0]",0,1,1,,0.5,2
2037,9bdc2ef8-8222-11f1-b0da-2389f409459f,18,"[1, 0]",1,0,0,,0.5,2
2038,9bdc2ef8-8222-11f1-b0da-2389f409459f,19,"[1, 1]",0,1,-1,,0.5,2
2039,9bdc2ef8-8222-11f1-b0da-2389f409459f,19,"[1, 1]",1,1,-1,,0.5,2
2040,9bdc2ef8-8222-11f1-b0da-2389f409459f,20,"[0, 0]",0,0,0,,0.5,2
2041,9bdc2ef8-8222-11f1-b0da-2389f409459f,20,"[0, 0]",1,0,0,,0.5,2
2042,9bdc2ef8-8222-11f1-b0da-2389f409459f,21,"[1, 0]",0,1,1,,0.5,2
2043,9bdc2ef8-8222-11f1-b0da-2389f409459f,21,"[1, 0]",1,0,0,,0.5,2
2044,9bdc2ef8-8222-11f1-b0da-2389f409459f,22,"[1, 1]",0,1,-1,,0.5,2
2045,9bdc2ef8-8222-11f1-b0da-2389f409459f,22,"[1, 1]",1,1,-1,,0.5,2
2046,9bdc2ef8-8222-11f1-b0da-2389f409459f,23,"[1, 1]",0,1,-1,,0.5,2
2047,9bdc2ef8-8222-11f1-b0da-2389f409459f,23,"[1, 1]",1,1,-1,,0.5,2
2048,9bdc2ef8-8222-11f1-b0da-2389f409459f,24,"[1, 0]",0,1,1,,0.5,2
2049,9bdc2ef8-8222-11f1-b0da-2389f409459f,24,"[1, 0]",1,0,0,,0.5,2
2050,9bdc2ef8-8222-11f1-b0da-2389f409459f,25,"[1, 0]",0,1,1,,0.5,2
2051,9bdc2ef8-8222-11f1-b0da-2389f409459f,25,"[1, 0]",1,0,0,,0.5,2
2052,9bdc2ef8-8222-11f1-b0da-2389f409459f,26,"[1, 0]",0,1,1,,0.5,2
2053,9bdc2ef8-8222-11f1-b0da-2389f409459f,26,"[1, 0]",1,0,0,,0.5,2
2054,9bdc2ef8-8222-11f1-b0da-2389f409459f,27,"[0, 1]",0,0,0,,0.5,2
2055,9bdc2ef8-8222-11f1-b0da-2389f409459f,27,"[0, 1]",1,1,1,,0.5,2
2056,9bdc2ef8-8222-11f1-b0da-2389f409459f,28,"[0, 0]",0,0,0,,0.5,2
2057,9bdc2ef8-8222-11f1-b0da-2389f409459f,28,"[0, 0]",1,0,0,,0.5,2
2058,9bdc2ef8-8222-11f1-b0da-2389f409459f,29,"[1, 1]",0,1,-1,,0.5,2
2059,9bdc2ef8-8222-11f1-b0da-2389f409459f,29,"[1, 1]",1,1,-1,,0.5,2
2060,9bdc2ef8-8222-11f1-b0da-2389f409459f,30,"[1, 0]",0,1,1,,0.5,2
2061,9bdc2ef8-8222-11f1-b0da-2389f409459f,30,"[1, 0]",1,0,0,,0.5,2
2062,9bdc2ef8-8222-11f1-b0da-2389f409459f,31,"[0, 0]",0,0,0,,0.5,2
2063,9bdc2ef8-8222-11f1-b0da-2389f409459f,31,"[0, 0]",1,0,0,,0.5,2
2064,9bdc2ef8-8222-11f1-b0da-2389f409459f,32,"[1, 1]",0,1,-1,,0.5,2
2065,9bdc2ef8-8222-11f1-b0da-2389f409459f,32,"[1, 1]",1,1,-1,,0.5,2
2066,9bdc2ef8-8222-11f1-b0da-2389f409459f,33,"[0, 0]",0,0,0,,0.5,2
2067,9bdc2ef8-8222-11f1-b0da-2389f409459f,33,"[0, 0]",1,0,0,,0.5,2
2068,9bdc2ef8-8222-11f1-b0da-2389f409459f,34,"[0, 0]",0,0,0,,0.5,2
2069,9bdc2ef8-8222-11f1-b0da-2389f409459f,34,"[0, 0]",1,0,0,,0.5,2
2070,9bdc2ef8-8222-11f1-b0da-2389f409459f,35,"[1, 0]",0,1,1,,0.5,2
2071,9bdc2ef8-8222-11f1-b0da-2389f409459f,35,"[1, 0]",1,0,0,,0.5,2
2072,9bdc2ef8-8222-11f1-b0da-2389f409459f,36,"[0, 0]",0,0,0,,0.5,2
2073,9bdc2ef8-8222-11f1-b0da-2389f409459f,36,"[0, 0]",1,0,0,,0.5,2
2074,9bdc2ef8-8222-11f1-b0da-2389f409459f,37,"[1, 1]",0,1,-1,,0.5,2
2075,9bdc2ef8-8222-11f1-b0da-2389f409459f,37,"[1, 1]",1,1,-1,,0.5,2
2076,9bdc2ef8-8222-11f1-b0da-2389f409459f,38,"[1, 0]",0,1,1,,0.5,2
2077,9bdc2ef8-8222-11f1-b0da-2389f409459f,38,"[1, 0]",1,0,0,,0.5,2
2078,9bdc2ef8-8222-11f1-b0da-2389f409459f,39,"[0, 0]",0,0,0,,0.5,2
2079,9bdc2ef8-8222-11f1-b0da-2389f409459f,39,"[0, 0]",1,0,0,,0.5,2
2080,9bdc2ef8-8222-11f1-b0da-2389f409459f,40,"[1, 1]",0,1,-1,,0.5,2
2081,9bdc2ef8-8222-11f1-b0da-2389f409459f,40,"[1, 1]",1,1,-1,,0.5,2
2082,9bdc2ef8-8222-11f1-b0da-2389f409459f,41,"[0, 0]",0,0,0,,0.5,2
2083,9bdc2ef8-8222-11f1-b0da-2389f409459f,41,"[0, 0]",1,0,0,,0.5,2
2084,9bdc2ef8-8222-11f1-b0da-2389f409459f,42,"[1, 0]",0,1,1,,0.5,2
2085,9bdc2ef8-8222-11f1-b0da-2389f409459f,42,"[1, 0]",1,0,0,,0.5,2
2086,9bdc2ef8-8222-11f1-b0da-2389f409459f,43,"[1, 1]",0,1,-1,,0.5,2
2087,9bdc2ef8-8222-11f1-b0da-2389f409459f,43,"[1, 1]",1,1,-1,,0.5,2
2088,9bdc2ef8-8222-11f1-b0da-2389f409459f,44,"[1, 0]",0,1,1,,0.5,2
2089,9bdc2ef8-8222-11f1-b0da-2389f409459f,44,"[1, 0]",1,0,0,,0.5,2
2090,9bdc2ef8-8222-11f1-b0da-2389f409459f,45,"[0, 1]",0,0,0,,0.5,2
2091,9bdc2ef8-8222-11f1-b0da-2389f409459f,45,"[0, 1]",1,1,1,,0.5,2
2092,9bdc2ef8-8222-11f1-b0da-2389f409459f,46,"[0, 0]",0,0,0,,0.5,2
2093,9bdc2ef8-8222-11f1-b0da-2389f409459f,46,"[0, 0]",1,0,0,,0.5,2
2094,9bdc2ef8-8222-11f1-b0da-2389f409459f,47,"[0, 0]",0,0,0,,0.5,2
2095,9bdc2ef8-8222-11f1-b0da-2389f409459f,47,"[0, 0]",1,0,0,,0.5,2
2096,9bdc2ef8-8222-11f1-b0da-2389f409459f,48,"[1, 0]",0,1,1,,0.5,2
2097,9bdc2ef8-8222-11f1-b0da-2389f409459f,48,"[1, 0]",1,0,0,,0.5,2
2098,9bdc2ef8-8222-11f1-b0da-2389f409459f,49,"[1, 0]",0,1,1,,0.5,2
2099,9bdc2ef8-8222-11f1-b0da-2389f409459f,49,"[1, 0]",1,0,0,,0.5,2
2100,9bde421a-8222-11f1-b0da-2389f409459f,0,"[0, 0]",0,0,0,,0.5,2
2101,9bde421a-8222-11f1-b0da-2389f409459f,0,"[0, 0]",1,0,0,,0.5,2
2102,9bde421a-8222-11f1-b0da-2389f409459f,1,"[0, 1]",0,0,0,,0.5,2
2103,9bde421a-8222-11f1-b0da-2389f409459f,1,"[0, 1]",1,1,1,,0.5,2
2104,9bde421a-8222-11f1-b0da-2389f409459f,2,"[0, 1]",0,0,0,,0.5,2
2105,9bde421a-8222-11f1-b0da-2389f409459f,2,"[0, 1]",1,1,1,,0.5,2
2106,9bde421a-8222-11f1-b0da-2389f409459f,3,"[1, 1]",0,1,-1,,0.5,2
2107,9bde421a-8222-11f1-b0da-2389f409459f,3,"[1, 1]",1,1,-1,,0.5,2
2108,9bde421a-8222-11f1-b0da-2389f409459f,4,"[1, 1]",0,1,-1,,0.5,2
2109,9bde421a-8222-11f1-b0da-2389f409459f,4,"[1, 1]",1,1,-1,,0.5,2
2110,9bde421a-8222-11f1-b0da-2389f409459f,5,"[1, 1]",0,1,-1,,0.5,2
2111,9bde421a-8222-11f1-b0da-2389f409459f,5,"[1, 1]",1,1,-1,,0.5,2
2112,9bde421a-8222-11f1-b0da-2389f409459f,6,"[0, 1]",0,0,0,,0.5,2
2113,9bde421a-8222-11f1-b0da-2389f409459f,6,"[0, 1]",1,1,1,,0.5,2
2114,9bde421a-8222-11f1-b0da-2389f409459f,7,"[1, 0]",0,1,1,,0.5,2
2115,9bde421a-8222-11f1-b0da-2389f409459f,7,"[1, 0]",1,0,0,,0.5,2
2116,9bde421a-8222-11f1-b0da-2389f409459f,8,"[1, 1]",0,1,-1,,0.5,2
2117,9bde421a-8222-11f1-b0da-2389f409459f,8,"[1, 1]",1,1,-1,,0.5,2
2118,9bde421a-8222-11f1-b0da-2389f409459f,9,"[1, 1]",0,1,-1,,0.5,2
2119,9bde421a-8222-11f1-b0da-2389f409459f,9,"[1, 1]",1,1,-1,,0.5,2
2120,9bde421a-8222-11f1-b0da-2389f409459f,10,"[1, 1]",0,1,-1,,0.5,2
2121,9bde421a-8222-11f1-b0da-2389f409459f,10,"[1, 1]",1,1,-1,,0.5,2
2122,9bde421a-8222-11f1-b0da-2389f409459f,11,"[1, 1]",0,1,-1,,0.5,2
2123,9bde421a-8222-11f1-b0da-2389f409459f,11,"[1, 1]",1,1,-1,,0.5,2
2124,9bde421a-8222-11f1-b0da-2389f409459f,12,"[1, 0]",0,1,1,,0.5,2
2125,9bde421a-8222-11f1-b0da-2389f409459f,12,"[1, 0]",1,0,0,,0.5,2
2126,9bde421a-8222-11f1-b0da-2389f409459f,13,"[0, 0]",0,0,0,,0.5,2
2127,9bde421a-8222-11f1-b0da-2389f409459f,13,"[0, 0]",1,0,0,,0.5,2
2128,9bde421a-8222-11f1-b0da-2389f409459f,14,"[1, 1]",0,1,-1,,0.5,2
2129,9bde421a-8222-11f1-b0da-2389f409459f,14,"[1, 1]",1,1,-1,,0.5,2
2130,9bde421a-8222-11f1-b0da-2389f409459f,15,"[1, 1]",0,1,-1,,0.5,2
2131,9bde421a-8222-11f1-b0da-2389f409459f,15,"[1, 1]",1,1,-1,,0.5,2
2132,9bde421a-8222-11f1-b0da-2389f409459f,16,"[1, 1]",0,1,-1,,0.5,2
2133,9bde421a-8222-11f1-b0da-2389f409459f,16,"[1, 1]",1,1,-1,,0.5,2
2134,9bde421a-8222-11f1-b0da-2389f409459f,17,"[1, 1]",0,1,-1,,0.5,2
2135,9bde421a-8222-11f1-b0da-2389f409459f,17,"[1, 1]",1,1,-1,,0.5,2
2136,9bde421a-8222-11f1-b0da-2389f409459f,18,"[1, 1]",0,1,-1,,0.5,2
2137,9bde421a-8222-11f1-b0da-2389f409459f,18,"[1, 1]",1,1,-1,,0.5,2
2138,9bde421a-8222-11f1-b0da-2389f409459f,19,"[1, 1]",0,1,-1,,0.5,2
2139,9bde421a-8222-11f1-b0da-2389f409459f,19,"[1, 1]",1,1,-1,,0.5,2
2140,9bde421a-8222-11f1-b0da-2389f409459f,20,"[1, 1]",0,1,-1,,0.5,2
2141,9bde421a-8222-11f1-b0da-2389f409459f,20,"[1, 1]",1,1,-1,,0.5,2
2142,9bde421a-8222-11f1-b0da-2389f409459f,21,"[1, 1]",0,1,-1,,0.5,2
2143,9bde421a-8222-11f1-b0da-2389f409459f,21,"[1, 1]",1,1,-1,,0.5,2
2144,9bde421a-8222-11f1-b0da-2389f409459f,22,"[0, 0]",0,0,0,,0.5,2
2145,9bde421a-8222-11f1-b0da-2389f409459f,22,"[0, 0]",1,0,0,,0.5,2
2146,9bde421a-8222-11f1-b0da-2389f409459f,23,"[0, 1]",0,0,0,,0.5,2
2147,9bde421a-8222-11f1-b0da-2389f409459f,23,"[0, 1]",1,1,1,,0.5,2
2148,9bde421a-8222-11f1-b0da-2389f409459f,24,"[1, 0]",0,1,1,,0.5,2
2149,9bde421a-8222-11f1-b0da-2389f409459f,24,"[1, 0]",1,0,0,,0.5,2
2150,9bde421a-8222-11f1-b0da-2389f409459f,25,"[0, 1]",0,0,0,,0.5,2
2151,9bde421a-8222-11f1-b0da-2389f409459f,25,"[0, 1]",1,1,1,,0.5,2
2152,9bde421a-8222-11f1-b0da-2389f409459f,26,"[1, 0]",0,1,1,,0.5,2
2153,9bde421a-8222-11f1-b0da-2389f409459f,26,"[1, 0]",1,0,0,,0.5,2
2154,9bde421a-8222-11f1-b0da-2389f409459f,27,"[0, 0]",0,0,0,,0.5,2
2155,9bde421a-8222-11f1-b0da-2389f409459f,27,"[0, 0]",1,0,0,,0.5,2
2156,9bde421a-8222-11f1-b0da-2389f409459f,28,"[0, 0]",0,0,0,,0.5,2
2157,9bde421a-8222-11f1-b0da-2389f409459f,28,"[0, 0]",1,0,0,,0.5,2
2158,9bde421a-8222-11f1-b0da-2389f409459f,29,"[0, 1]",0,0,0,,0.5,2
2159,9bde421a-8222-11f1-b0da-2389f409459f,29,"[0, 1]",1,1,1,,0.5,2
2160,9bde421a-8222-11f1-b0da-2389f409459f,30,"[1, 0]",0,1,1,,0.5,2
2161,9bde421a-8222-11f1-b0da-2389f409459f,30,"[1, 0]",1,0,0,,0.5,2
2162,9bde421a-8222-11f1-b0da-2389f409459f,31,"[1, 1]",0,1,-1,,0.5,2
2163,9bde421a-8222-11f1-b0da-2389f409459f,31,"[1, 1]",1,1,-1,,0.5,2
2164,9bde421a-8222-11f1-b0da-2389f409459f,32,"[1, 1]",0,1,-1,,0.5,2
2165,9bde421a-8222-11f1-b0da-2389f409459f,32,"[1, 1]",1,1,-1,,0.5,2
2166,9bde421a-8222-11f1-b0da-2389f409459f,33,"[1, 0]",0,1,1,,0.5,2
2167,9bde421a-8222-11f1-b0da-2389f409459f,33,"[1, 0]",1,0,0,,0.5,2
2168,9bde421a-8222-11f1-b0da-2389f409459f,34,"[0, 1]",0,0,0,,0.5,2
2169,9bde421a-8222-11f1-b0da-2389f409459f,34,"[0, 1]",1,1,1,,0.5,2
2170,9bde421a-8222-11f1-b0da-2389f409459f,35,"[1, 0]",0,1,1,,0.5,2
2171,9bde421a-8222-11f1-b0da-2389f409459f,35,"[1, 0]",1,0,0,,0.5,2
2172,9bde421a-8222-11f1-b0da-2389f409459f,36,"[0, 1]",0,0,0,,0.5,2
2173,9bde421a-8222-11f1-b0da-2389f409459f,36,"[0, 1]",1,1,1,,0.5,2
2174,9bde421a-8222-11f1-b0da-2389f409459f,37,"[1, 0]",0,1,1,,0.5,2
2175,9bde421a-8222-11f1-b0da-2389f409459f,37,"[1, 0]",1,0,0,,0.5,2
2176,9bde421a-8222-11f1-b0da-2389f409459f,38,"[0, 0]",0,0,0,,0.5,2
2177,9bde421a-8222-11f1-b0da-2389f409459f,38,"[0, 0]",1,0,0,,0.5,2
2178,9bde421a-8222-11f1-b0da-2389f409459f,39,"[0, 0]",0,0,0,,0.5,2
2179,9bde421a-8222-11f1-b0da-2389f409459f,39,"[0, 0]",1,0,0,,0.5,2
2180,9bde421a-8222-11f1-b0da-2389f409459f,40,"[1, 1]",0,1,-1,,0.5,2
2181,9bde421a-8222-11f1-b0da-2389f409459f,40,"[1, 1]",1,1,-1,,0.5,2
2182,9bde421a-8222-11f1-b0da-2389f409459f,41,"[1, 1]",0,1,-1,,0.5,2
2183,9bde421a-8222-11f1-b0da-2389f409459f,41,"[1, 1]",1,1,-1,,0.5,2
2184,9bde421a-8222-11f1-b0da-2389f409459f,42,"[1, 1]",0,1,-1,,0.5,2
2185,9bde421a-8222-11f1-b0da-2389f409459f,42,"[1, 1]",1,1,-1,,0.5,2
2186,9bde421a-8222-11f1-b0da-2389f409459f,43,"[1, 1]",0,1,-1,,0.5,2
2187,9bde421a-8222-11f1-b0da-2389f409459f,43,"[1, 1]",1,1,-1,,0.5,2
2188,9bde421a-8222-11f1-b0da-2389f409459f,44,"[1, 1]",0,1,-1,,0.5,2
2189,9bde421a-8222-11f1-b0da-2389f409459f,44,"[1, 1]",1,1,-1,,0.5,2
2190,9bde421a-8222-11f1-b0da-2389f409459f,45,"[0, 0]",0,0,0,,0.5,2
2191,9bde421a-8222-11f1-b0da-2389f409459f,45,"[0, 0]",1,0,0,,0.5,2
2192,9bde421a-8222-11f1-b0da-2389f409459f,46,"[0, 1]",0,0,0,,0.5,2
2193,9bde421a-8222-11f1-b0da-2389f409459f,46,"[0, 1]",1,1,1,,0.5,2
2194,9bde421a-8222-11f1-b0da-2389f409459f,47,"[1, 0]",0,1,1,,0.5,2
2195,9bde421a-8222-11f1-b0da-2389f409459f,47,"[1, 0]",1,0,0,,0.5,2
2196,9bde421a-8222-11f1-b0da-2389f409459f,48,"[0, 0]",0,0,0,,0.5,2
2197,9bde421a-8222-11f1-b0da-2389f409459f,48,"[0, 0]",1,0,0,,0.5,2
2198,9bde421a-8222-11f1-b0da-2389f409459f,49,"[0, 1]",0,0,0,,0.5,2
2199,9bde421a-8222-11f1-b0da-2389f409459f,49,"[0, 1]",1,1,1,,0.5,2
2200,9be0938a-8222-11f1-b0da-2389f409459f,0,"[0, 0]",0,0,0,,0.5,2
2201,9be0938a-8222-11f1-b0da-2389f409459f,0,"[0, 0]",1,0,0,,0.5,2
2202,9be0938a-8222-11f1-b0da-2389f409459f,1,"[1, 1]",0,1,-1,,0.5,2
2203,9be0938a-8222-11f1-b0da-2389f409459f,1,"[1, 1]",1,1,-1,,0.5,2
2204,9be0938a-8222-11f1-b0da-2389f409459f,2,"[0, 0]",0,0,0,,0.5,2
2205,9be0938a-8222-11f1-b0da-2389f409459f,2,"[0, 0]",1,0,0,,0.5,2
2206,9be0938a-8222-11f1-b0da-2389f409459f,3,"[1, 1]",0,1,-1,,0.5,2
2207,9be0938a-8222-11f1-b0da-2389f409459f,3,"[1, 1]",1,1,-1,,0.5,2
2208,9be0938a-8222-11f1-b0da-2389f409459f,4,"[0, 1]",0,0,0,,0.5,2
2209,9be0938a-8222-11f1-b0da-2389f409459f,4,"[0, 1]",1,1,1,,0.5,2
2210,9be0938a-8222-11f1-b0da-2389f409459f,5,"[0, 0]",0,0,0,,0.5,2
2211,9be0938a-8222-11f1-b0da-2389f409459f,5,"[0, 0]",1,0,0,,0.5,2
2212,9be0938a-8222-11f1-b0da-2389f409459f,6,"[1, 0]",0,1,1,,0.5,2
2213,9be0938a-8222-11f1-b0da-2389f409459f,6,"[1, 0]",1,0,0,,0.5,2
2214,9be0938a-8222-11f1-b0da-2389f409459f,7,"[0, 1]",0,0,0,,0.5,2
2215,9be0938a-8222-11f1-b0da-2389f409459f,7,"[0, 1]",1,1,1,,0.5,2
2216,9be0938a-8222-11f1-b0da-2389f409459f,8,"[0, 1]",0,0,0,,0.5,2
2217,9be0938a-8222-11f1-b0da-2389f409459f,8,"[0, 1]",1,1,1,,0.5,2
2218,9be0938a-8222-11f1-b0da-2389f409459f,9,"[1, 0]",0,1,1,,0.5,2
2219,9be0938a-8222-11f1-b0da-2389f409459f,9,"[1, 0]",1,0,0,,0.5,2
2220,9be0938a-8222-11f1-b0da-2389f409459f,10,"[0, 0]",0,0,0,,0.5,2
2221,9be0938a-8222-11f1-b0da-2389f409459f,10,"[0, 0]",1,0,0,,0.5,2
2222,9be0938a-8222-11f1-b0da-2389f409459f,11,"[0, 0]",0,0,0,,0.5,2
2223,9be0938a-8222-11f1-b0da-2389f409459f,11,"[0, 0]",1,0,0,,0.5,2
2224,9be0938a-8222-11f1-b0da-2389f409459f,12,"[0, 0]",0,0,0,,0.5,2
2225,9be0938a-8222-11f1-b0da-2389f409459f,12,"[0, 0]",1,0,0,,0.5,2
2226,9be0938a-8222-11f1-b0da-2389f409459f,13,"[0, 1]",0,0,0,,0.5,2
2227,9be0938a-8222-11f1-b0da-2389f409459f,13,"[0, 1]",1,1,1,,0.5,2
2228,9be0938a-8222-11f1-b0da-2389f409459f,14,"[1, 0]",0,1,1,,0.5,2
2229,9be0938a-8222-11f1-b0da-2389f409459f,14,"[1, 0]",1,0,0,,0.5,2
2230,9be0938a-8222-11f1-b0da-2389f409459f,15,"[0, 1]",0,0,0,,0.5,2
2231,9be0938a-8222-11f1-b0da-2389f409459f,15,"[0, 1]",1,1,1,,0.5,2
2232,9be0938a-8222-11f1-b0da-2389f409459f,16,"[0, 0]",0,0,0,,0.5,2
2233,9be0938a-8222-11f1-b0da-2389f409459f,16,"[0, 0]",1,0,0,,0.5,2
2234,9be0938a-8222-11f1-b0da-2389f409459f,17,"[0, 1]",0,0,0,,0.5,2
2235,9be0938a-8222-11f1-b0da-2389f409459f,17,"[0, 1]",1,1,1,,0.5,2
2236,9be0938a-8222-11f1-b0da-2389f409459f,18,"[0, 0]",0,0,0,,0.5,2
2237,9be0938a-8222-11f1-b0da-2389f409459f,18,"[0, 0]",1,0,0,,0.5,2
2238,9be0938a-8222-11f1-b0da-2389f409459f,19,"[0, 1]",0,0,0,,0.5,2
2239,9be0938a-8222-11f1-b0da-2389f409459f,19,"[0, 1]",1,1,1,,0.5,2
2240,9be0938a-8222-11f1-b0da-2389f409459f,20,"[1, 0]",0,1,1,,0.5,2
2241,9be0938a-8222-11f1-b0da-2389f409459f,20,"[1, 0]",1,0,0,,0.5,2
2242,9be0938a-8222-11f1-b0da-2389f409459f,21,"[0, 1]",0,0,0,,0.5,2
2243,9be0938a-8222-11f1-b0da-2389f409459f,21,"[0, 1]",1,1,1,,0.5,2
2244,9be0938a-8222-11f1-b0da-2389f409459f,22,"[1, 0]",0,1,1,,0.5,2
2245,9be0938a-8222-11f1-b0da-2389f409459f,22,"[1, 0]",1,0,0,,0.5,2
2246,9be0938a-8222-11f1-b0da-2389f409459f,23,"[0, 0]",0,0,0,,0.5,2
2247,9be0938a-8222-11f1-b0da-2389f409459f,23,"[0, 0]",1,0,0,,0.5,2
2248,9be0938a-8222-11f1-b0da-2389f409459f,24,"[0, 1]",0,0,0,,0.5,2
2249,9be0938a-8222-11f1-b0da-2389f409459f,24,"[0, 1]",1,1,1,,0.5,2
2250,9be0938a-8222-11f1-b0da-2389f409459f,25,"[1, 0]",0,1,1,,0.5,2
2251,9be0938a-8222-11f1-b0da-2389f409459f,25,"[1, 0]",1,0,0,,0.5,2
2252,9be0938a-8222-11f1-b0da-2389f409459f,26,"[0, 1]",0,0,0,,0.5,2
2253,9be0938a-8222-11f1-b0da-2389f409459f,26,"[0, 1]",1,1,1,,0.5,2
2254,9be0938a-8222-11f1-b0da-2389f409459f,27,"[1, 0]",0,1,1,,0.5,2
2255,9be0938a-8222-11f1-b0da-2389f409459f,27,"[1, 0]",1,0,0,,0.5,2
2256,9be0938a-8222-11f1-b0da-2389f409459f,28,"[0, 0]",0,0,0,,0.5,2
2257,9be0938a-8222-11f1-b0da-2389f409459f,28,"[0, 0]",1,0,0,,0.5,2
2258,9be0938a-8222-11f1-b0da-2389f409459f,29,"[0, 1]",0,0,0,,0.5,2
2259,9be0938a-8222-11f1-b0da-2389f409459f,29,"[0, 1]",1,1,1,,0.5,2
2260,9be0938a-8222-11f1-b0da-2389f409459f,30,"[1, 0]",0,1,1,,0.5,2
2261,9be0938a-8222-11f1-b0da-2389f409459f,30,"[1, 0]",1,0,0,,0.5,2
2262,9be0938a-8222-11f1-b0da-2389f409459f,31,"[1, 0]",0,1,1,,0.5,2
2263,9be0938a-8222-11f1-b0da-2389f409459f,31,"[1, 0]",1,0,0,,0.5,2
2264,9be0938a-8222-11f1-b0da-2389f409459f,32,"[0, 0]",0,0,0,,0.5,2
2265,9be0938a-8222-11f1-b0da-2389f409459f,32,"[0, 0]",1,0,0,,0.5,2
2266,9be0938a-8222-11f1-b0da-2389f409459f,33,"[1, 1]",0,1,-1,,0.5,2
2267,9be0938a-8222-11f1-b0da-2389f409459f,33,"[1, 1]",1,1,-1,,0.5,2
2268,9be0938a-8222-11f1-b0da-2389f409459f,34,"[1, 0]",0,1,1,,0.5,2
2269,9be0938a-8222-11f1-b0da-2389f409459f,34,"[1, 0]",1,0,0,,0.5,2
2270,9be0938a-8222-11f1-b0da-2389f409459f,35,"[0, 0]",0,0,0,,0.5,2
2271,9be0938a-8222-11f1-b0da-2389f409459f,35,"[0, 0]",1,0,0,,0.5,2
2272,9be0938a-8222-11f1-b0da-2389f409459f,36,"[0, 1]",0,0,0,,0.5,2
2273,9be0938a-8222-11f1-b0da-2389f409459f,36,"[0, 1]",1,1,1,,0.5,2
2274,9be0938a-8222-11f1-b0da-2389f409459f,37,"[1, 0]",0,1,1,,0.5,2
2275,9be0938a-8222-11f1-b0da-2389f409459f,37,"[1, 0]",1,0,0,,0.5,2
2276,9be0938a-8222-11f1-b0da-2389f409459f,38,"[1, 0]",0,1,1,,0.5,2
2277,9be0938a-8222-11f1-b0da-2389f409459f,38,"[1, 0]",1,0,0,,0.5,2
2278,9be0938a-8222-11f1-b0da-2389f409459f,39,"[1, 0]",0,1,1,,0.5,2
2279,9be0938a-8222-11f1-b0da-2389f409459f,39,"[1, 0]",1,0,0,,0.5,2
2280,9be0938a-8222-11f1-b0da-2389f409459f,40,"[0, 0]",0,0,0,,0.5,2
2281,9be0938a-8222-11f1-b0da-2389f409459f,40,"[0, 0]",1,0,0,,0.5,2
2282,9be0938a-8222-11f1-b0da-2389f409459f,41,"[1, 1]",0,1,-1,,0.5,2
2283,9be0938a-8222-11f1-b0da-2389f409459f,41,"[1, 1]",1,1,-1,,0.5,2
2284,9be0938a-8222-11f1-b0da-2389f409459f,42,"[0, 0]",0,0,0,,0.5,2
2285,9be0938a-8222-11f1-b0da-2389f409459f,42,"[0, 0]",1,0,0,,0.5,2
2286,9be0938a-8222-11f1-b0da-2389f409459f,43,"[1, 1]",0,1,-1,,0.5,2
2287,9be0938a-8222-11f1-b0da-2389f409459f,43,"[1, 1]",1,1,-1,,0.5,2
2288,9be0938a-8222-11f1-b0da-2389f409459f,44,"[0, 0]",0,0,0,,0.5,2
2289,9be0938a-8222-11f1-b0da-2389f409459f,44,"[0, 0]",1,0,0,,0.5,2
2290,9be0938a-8222-11f1-b0da-2389f409459f,45,"[0, 0]",0,0,0,,0.5,2
2291,9be0938a-8222-11f1-b0da-2389f409459f,45,"[0, 0]",1,0,0,,0.5,2
2292,9be0938a-8222-11f1-b0da-2389f409459f,46,"[0, 1]",0,0,0,,0.5,2
2293,9be0938a-8222-11f1-b0da-2389f409459f,46,"[0, 1]",1,1,1,,0.5,2
2294,9be0938a-8222-11f1-b0da-2389f409459f,47,"[1, 0]",0,1,1,,0.5,2
2295,9be0938a-8222-11f1-b0da-2389f409459f,47,"[1, 0]",1,0,0,,0.5,2
2296,9be0938a-8222-11f1-b0da-2389f409459f,48,"[0, 1]",0,0,0,,0.5,2
2297,9be0938a-8222-11f1-b0da-2389f409459f,48,"[0, 1]",1,1,1,,0.5,2
2298,9be0938a-8222-11f1-b0da-2389f409459f,49,"[1, 0]",0,1,1,,0.5,2
2299,9be0938a-8222-11f1-b0da-2389f409459f,49,"[1, 0]",1,0,0,,0.5,2
2300,9be33446-8222-11f1-b0da-2389f409459f,0,"[1, 0]",0,1,1,,0.5,2
2301,9be33446-8222-11f1-b0da-2389f409459f,0,"[1, 0]",1,0,0,,0.5,2
2302,9be33446-8222-11f1-b0da-2389f409459f,1,"[0, 1]",0,0,0,,0.5,2
2303,9be33446-8222-11f1-b0da-2389f409459f,1,"[0, 1]",1,1,1,,0.5,2
2304,9be33446-8222-11f1-b0da-2389f409459f,2,"[1, 0]",0,1,1,,0.5,2
2305,9be33446-8222-11f1-b0da-2389f409459f,2,"[1, 0]",1,0,0,,0.5,2
2306,9be33446-8222-11f1-b0da-2389f409459f,3,"[0, 1]",0,0,0,,0.5,2
2307,9be33446-8222-11f1-b0da-2389f409459f,3,"[0, 1]",1,1,1,,0.5,2
2308,9be33446-8222-11f1-b0da-2389f409459f,4,"[0, 0]",0,0,0,,0.5,2
2309,9be33446-8222-11f1-b0da-2389f409459f,4,"[0, 0]",1,0,0,,0.5,2
2310,9be33446-8222-11f1-b0da-2389f409459f,5,"[0, 1]",0,0,0,,0.5,2
2311,9be33446-8222-11f1-b0da-2389f409459f,5,"[0, 1]",1,1,1,,0.5,2
2312,9be33446-8222-11f1-b0da-2389f409459f,6,"[0, 0]",0,0,0,,0.5,2
2313,9be33446-8222-11f1-b0da-2389f409459f,6,"[0, 0]",1,0,0,,0.5,2
2314,9be33446-8222-11f1-b0da-2389f409459f,7,"[0, 1]",0,0,0,,0.5,2
2315,9be33446-8222-11f1-b0da-2389f409459f,7,"[0, 1]",1,1,1,,0.5,2
2316,9be33446-8222-11f1-b0da-2389f409459f,8,"[1, 0]",0,1,1,,0.5,2
2317,9be33446-8222-11f1-b0da-2389f409459f,8,"[1, 0]",1,0,0,,0.5,2
2318,9be33446-8222-11f1-b0da-2389f409459f,9,"[0, 0]",0,0,0,,0.5,2
2319,9be33446-8222-11f1-b0da-2389f409459f,9,"[0, 0]",1,0,0,,0.5,2
2320,9be33446-8222-11f1-b0da-2389f409459f,10,"[1, 1]",0,1,-1,,0.5,2
2321,9be33446-8222-11f1-b0da-2389f409459f,10,"[1, 1]",1,1,-1,,0.5,2
2322,9be33446-8222-11f1-b0da-2389f409459f,11,"[0, 0]",0,0,0,,0.5,2
2323,9be33446-8222-11f1-b0da-2389f409459f,11,"[0, 0]",1,0,0,,0.5,2
2324,9be33446-8222-11f1-b0da-2389f409459f,12,"[0, 1]",0,0,0,,0.5,2
2325,9be33446-8222-11f1-b0da-2389f409459f,12,"[0, 1]",1,1,1,,0.5,2
2326,9be33446-8222-11f1-b0da-2389f409459f,13,"[1, 0]",0,1,1,,0.5,2
2327,9be33446-8222-11f1-b0da-2389f409459f,13,"[1, 0]",1,0,0,,0.5,2
2328,9be33446-8222-11f1-b0da-2389f409459f,14,"[1, 1]",0,1,-1,,0.5,2
2329,9be33446-8222-11f1-b0da-2389f409459f,14,"[1, 1]",1,1,-1,,0.5,2
2330,9be33446-8222-11f1-b0da-2389f409459f,15,"[0, 1]",0,0,0,,0.5,2
2331,9be33446-8222-11f1-b0da-2389f409459f,15,"[0, 1]",1,1,1,,0.5,2
2332,9be33446-8222-11f1-b0da-2389f409459f,16,"[0, 1]",0,0,0,,0.5,2
2333,9be33446-8222-11f1-b0da-2389f409459f,16,"[0, 1]",1,1,1,,0.5,2
2334,9be33446-8222-11f1-b0da-2389f409459f,17,"[1, 0]",0,1,1,,0.5,2
2335,9be33446-8222-11f1-b0da-2389f409459f,17,"[1, 0]",1,0,0,,0.5,2
2336,9be33446-8222-11f1-b0da-2389f409459f,18,"[1, 1]",0,1,-1,,0.5,2
2337,9be33446-8222-11f1-b0da-2389f409459f,18,"[1, 1]",1,1,-1,,0.5,2
2338,9be33446-8222-11f1-b0da-2389f409459f,19,"[0, 0]",0,0,0,,0.5,2
2339,9be33446-8222-11f1-b0da-2389f409459f,19,"[0, 0]",1,0,0,,0.5,2
2340,9be33446-8222-11f1-b0da-2389f409459f,20,"[0, 1]",0,0,0,,0.5,2
2341,9be33446-8222-11f1-b0da-2389f409459f,20,"[0, 1]",1,1,1,,0.5,2
2342,9be33446-8222-11f1-b0da-2389f409459f,21,"[1, 0]",0,1,1,,0.5,2
2343,9be33446-8222-11f1-b0da-2389f409459f,21,"[1, 0]",1,0,0,,0.5,2
2344,9be33446-8222-11f1-b0da-2389f409459f,22,"[1, 1]",0,1,-1,,0.5,2
2345,9be33446-8222-11f1-b0da-2389f409459f,22,"[1, 1]",1,1,-1,,0.5,2
2346,9be33446-8222-11f1-b0da-2389f409459f,23,"[0, 0]",0,0,0,,0.5,2
2347,9be33446-8222-11f1-b0da-2389f409459f,23,"[0, 0]",1,0,0,,0.5,2
2348,9be33446-8222-11f1-b0da-2389f409459f,24,"[0, 0]",0,0,0,,0.5,2
2349,9be33446-8222-11f1-b0da-2389f409459f,24,"[0, 0]",1,0,0,,0.5,2
2350,9be33446-8222-11f1-b0da-2389f409459f,25,"[1, 1]",0,1,-1,,0.5,2
2351,9be33446-8222-11f1-b0da-2389f409459f,25,"[1, 1]",1,1,-1,,0.5,2
2352,9be33446-8222-11f1-b0da-2389f409459f,26,"[0, 1]",0,0,0,,0.5,2
2353,9be33446-8222-11f1-b0da-2389f409459f,26,"[0, 1]",1,1,1,,0.5,2
2354,9be33446-8222-11f1-b0da-2389f409459f,27,"[1, 0]",0,1,1,,0.5,2
2355,9be33446-8222-11f1-b0da-2389f409459f,27,"[1, 0]",1,0,0,,0.5,2
2356,9be33446-8222-11f1-b0da-2389f409459f,28,"[0, 0]",0,0,0,,0.5,2
2357,9be33446-8222-11f1-b0da-2389f409459f,28,"[0, 0]",1,0,0,,0.5,2
2358,9be33446-8222-11f1-b0da-2389f409459f,29,"[1, 1]",0,1,-1,,0.5,2
2359,9be33446-8222-11f1-b0da-2389f409459f,29,"[1, 1]",1,1,-1,,0.5,2
2360,9be33446-8222-11f1-b0da-2389f409459f,30,"[0, 1]",0,0,0,,0.5,2
2361,9be33446-8222-11f1-b0da-2389f409459f,30,"[0, 1]",1,1,1,,0.5,2
2362,9be33446-8222-11f1-b0da-2389f409459f,31,"[1, 0]",0,1,1,,0.5,2
2363,9be33446-8222-11f1-b0da-2389f409459f,31,"[1, 0]",1,0,0,,0.5,2
2364,9be33446-8222-11f1-b0da-2389f409459f,32,"[1, 0]",0,1,1,,0.5,2
2365,9be33446-8222-11f1-b0da-2389f409459f,32,"[1, 0]",1,0,0,,0.5,2
2366,9be33446-8222-11f1-b0da-2389f409459f,33,"[0, 0]",0,0,0,,0.5,2
2367,9be33446-8222-11f1-b0da-2389f409459f,33,"[0, 0]",1,0,0,,0.5,2
2368,9be33446-8222-11f1-b0da-2389f409459f,34,"[1, 1]",0,1,-1,,0.5,2
2369,9be33446-8222-11f1-b0da-2389f409459f,34,"[1, 1]",1,1,-1,,0.5,2
2370,9be33446-8222-11f1-b0da-2389f409459f,35,"[0, 1]",0,0,0,,0.5,2
2371,9be33446-8222-11f1-b0da-2389f409459f,35,"[0, 1]",1,1,1,,0.5,2
2372,9be33446-8222-11f1-b0da-2389f409459f,36,"[1, 0]",0,1,1,,0.5,2
2373,9be33446-8222-11f1-b0da-2389f409459f,36,"[1, 0]",1,0,0,,0.5,2
2374,9be33446-8222-11f1-b0da-2389f409459f,37,"[1, 0]",0,1,1,,0.5,2
2375,9be33446-8222-11f1-b0da-2389f409459f,37,"[1, 0]",1,0,0,,0.5,2
2376,9be33446-8222-11f1-b0da-2389f409459f,38,"[0, 0]",0,0,0,,0.5,2
2377,9be33446-8222-11f1-b0da-2389f409459f,38,"[0, 0]",1,0,0,,0.5,2
2378,9be33446-8222-11f1-b0da-2389f409459f,39,"[0, 0]",0,0,0,,0.5,2
2379,9be33446-8222-11f1-b0da-2389f409459f,39,"[0, 0]",1,0,0,,0.5,2
2380,9be33446-8222-11f1-b0da-2389f409459f,40,"[0, 1]",0,0,0,,0.5,2
2381,9be33446-8222-11f1-b0da-2389f409459f,40,"[0, 1]",1,1,1,,0.5,2
2382,9be33446-8222-11f1-b0da-2389f409459f,41,"[0, 0]",0,0,0,,0.5,2
2383,9be33446-8222-11f1-b0da-2389f409459f,41,"[0, 0]",1,0,0,,0.5,2
2384,9be33446-8222-11f1-b0da-2389f409459f,42,"[1, 1]",0,1,-1,,0.5,2
2385,9be33446-8222-11f1-b0da-2389f409459f,42,"[1, 1]",1,1,-1,,0.5,2
2386,9be33446-8222-11f1-b0da-2389f409459f,43,"[1, 0]",0,1,1,,0.5,2
2387,9be33446-8222-11f1-b0da-2389f409459f,43,"[1, 0]",1,0,0,,0.5,2
2388,9be33446-8222-11f1-b0da-2389f409459f,44,"[0, 0]",0,0,0,,0.5,2
2389,9be33446-8222-11f1-b0da-2389f409459f,44,"[0, 0]",1,0,0,,0.5,2
2390,9be33446-8222-11f1-b0da-2389f409459f,45,"[0, 1]",0,0,0,,0.5,2
2391,9be33446-8222-11f1-b0da-2389f409459f,45,"[0, 1]",1,1,1,,0.5,2
2392,9be33446-8222-11f1-b0da-2389f409459f,46,"[1, 1]",0,1,-1,,0.5,2
2393,9be33446-8222-11f1-b0da-2389f409459f,46,"[1, 1]",1,1,-1,,0.5,2
2394,9be33446-8222-11f1-b0da-2389f409459f,47,"[0, 0]",0,0,0,,0.5,2
2395,9be33446-8222-11f1-b0da-2389f409459f,47,"[0, 0]",1,0,0,,0.5,2
2396,9be33446-8222-11f1-b0da-2389f409459f,48,"[0, 0]",0,0,0,,0.5,2
2397,9be33446-8222-11f1-b0da-2389f409459f,48,"[0, 0]",1,0,0,,0.5,2
2398,9be33446-8222-11f1-b0da-2389f409459f,49,"[0, 1]",0,0,0,,0.5,2
2399,9be33446-8222-11f1-b0da-2389f409459f,49,"[0, 1]",1,1,1,,0.5,2
2400,9be5dbb0-8222-11f1-b0da-2389f409459f,0,"[0, 1]",0,0,0,,0.5,2
2401,9be5dbb0-8222-11f1-b0da-2389f409459f,0,"[0, 1]",1,1,1,,0.5,2
2402,9be5dbb0-8222-11f1-b0da-2389f409459f,1,"[1, 0]",0,1,1,,0.5,2
2403,9be5dbb0-8222-11f1-b0da-2389f409459f,1,"[1, 0]",1,0,0,,0.5,2
2404,9be5dbb0-8222-11f1-b0da-2389f409459f,2,"[1, 1]",0,1,-1,,0.5,2
2405,9be5dbb0-8222-11f1-b0da-2389f409459f,2,"[1, 1]",1,1,-1,,0.5,2
2406,9be5dbb0-8222-11f1-b0da-2389f409459f,3,"[0, 0]",0,0,0,,0.5,2
2407,9be5dbb0-8222-11f1-b0da-2389f409459f,3,"[0, 0]",1,0,0,,0.5,2
2408,9be5dbb0-8222-11f1-b0da-2389f409459f,4,"[1, 1]",0,1,-1,,0.5,2
2409,9be5dbb0-8222-11f1-b0da-2389f409459f,4,"[1, 1]",1,1,-1,,0.5,2
2410,9be5dbb0-8222-11f1-b0da-2389f409459f,5,"[1, 0]",0,1,1,,0.5,2
2411,9be5dbb0-8222-11f1-b0da-2389f409459f,5,"[1, 0]",1,0,0,,0.5,2
2412,9be5dbb0-8222-11f1-b0da-2389f409459f,6,"[1, 1]",0,1,-1,,0.5,2
2413,9be5dbb0-8222-11f1-b0da-2389f409459f,6,"[1, 1]",1,1,-1,,0.5,2
2414,9be5dbb0-8222-11f1-b0da-2389f409459f,7,"[0, 0]",0,0,0,,0.5,2
2415,9be5dbb0-8222-11f1-b0da-2389f409459f,7,"[0, 0]",1,0,0,,0.5,2
2416,9be5dbb0-8222-11f1-b0da-2389f409459f,8,"[0, 1]",0,0,0,,0.5,2
2417,9be5dbb0-8222-11f1-b0da-2389f409459f,8,"[0, 1]",1,1,1,,0.5,2
2418,9be5dbb0-8222-11f1-b0da-2389f409459f,9,"[1, 0]",0,1,1,,0.5,2
2419,9be5dbb0-8222-11f1-b0da-2389f409459f,9,"[1, 0]",1,0,0,,0.5,2
2420,9be5dbb0-8222-11f1-b0da-2389f409459f,10,"[1, 0]",0,1,1,,0.5,2
2421,9be5dbb0-8222-11f1-b0da-2389f409459f,10,"[1, 0]",1,0,0,,0.5,2
2422,9be5dbb0-8222-11f1-b0da-2389f409459f,11,"[1, 1]",0,1,-1,,0.5,2
2423,9be5dbb0-8222-11f1-b0da-2389f409459f,11,"[1, 1]",1,1,-1,,0.5,2
2424,9be5dbb0-8222-11f1-b0da-2389f409459f,12,"[1, 0]",0,1,1,,0.5,2
2425,9be5dbb0-8222-11f1-b0da-2389f409459f,12,"[1, 0]",1,0,0,,0.5,2
2426,9be5dbb0-8222-11f1-b0da-2389f409459f,13,"[0, 0]",0,0,0,,0.5,2
2427,9be5dbb0-8222-11f1-b0da-2389f409459f,13,"[0, 0]",1,0,0,,0.5,2
2428,9be5dbb0-8222-11f1-b0da-2389f409459f,14,"[1, 1]",0,1,-1,,0.5,2
2429,9be5dbb0-8222-11f1-b0da-2389f409459f,14,"[1, 1]",1,1,-1,,0.5,2
2430,9be5dbb0-8222-11f1-b0da-2389f409459f,15,"[1, 0]",0,1,1,,0.5,2
2431,9be5dbb0-8222-11f1-b0da-2389f409459f,15,"[1, 0]",1,0,0,,0.5,2
2432,9be5dbb0-8222-11f1-b0da-2389f409459f,16,"[1, 1]",0,1,-1,,0.5,2
2433,9be5dbb0-8222-11f1-b0da-2389f409459f,16,"[1, 1]",1,1,-1,,0.5,2
2434,9be5dbb0-8222-11f1-b0da-2389f409459f,17,"[1, 0]",0,1,1,,0.5,2
2435,9be5dbb0-8222-11f1-b0da-2389f409459f,17,"[1, 0]",1,0,0,,0.5,2
2436,9be5dbb0-8222-11f1-b0da-2389f409459f,18,"[1, 0]",0,1,1,,0.5,2
2437,9be5dbb0-8222-11f1-b0da-2389f409459f,18,"[1, 0]",1,0,0,,0.5,2
2438,9be5dbb0-8222-11f1-b0da-2389f409459f,19,"[0, 0]",0,0,0,,0.5,2
2439,9be5dbb0-8222-11f1-b0da-2389f409459f,19,"[0, 0]",1,0,0,,0.5,2
2440,9be5dbb0-8222-11f1-b0da-2389f409459f,20,"[1, 0]",0,1,1,,0.5,2
2441,9be5dbb0-8222-11f1-b0da-2389f409459f,20,"[1, 0]",1,0,0,,0.5,2
2442,9be5dbb0-8222-11f1-b0da-2389f409459f,21,"[1, 0]",0,1,1,,0.5,2
2443,9be5dbb0-8222-11f1-b0da-2389f409459f,21,"[1, 0]",1,0,0,,0.5,2
2444,9be5dbb0-8222-11f1-b0da-2389f409459f,22,"[1, 0]",0,1,1,,0.5,2
2445,9be5dbb0-8222-11f1-b0da-2389f409459f,22,"[1, 0]",1,0,0,,0.5,2
2446,9be5dbb0-8222-11f1-b0da-2389f409459f,23,"[1, 0]",0,1,1,,0.5,2
2447,9be5dbb0-8222-11f1-b0da-2389f409459f,23,"[1, 0]",1,0,0,,0.5,2
2448,9be5dbb0-8222-11f1-b0da-2389f409459f,24,"[0, 1]",0,0,0,,0.5,2
2449,9be5dbb0-8222-11f1-b0da-2389f409459f,24,"[0, 1]",1,1,1,,0.5,2
2450,9be5dbb0-8222-11f1-b0da-2389f409459f,25,"[0, 1]",0,0,0,,0.5,2
2451,9be5dbb0-8222-11f1-b0da-2389f409459f,25,"[0, 1]",1,1,1,,0.5,2
2452,9be5dbb0-8222-11f1-b0da-2389f409459f,26,"[1, 0]",0,1,1,,0.5,2
2453,9be5dbb0-8222-11f1-b0da-2389f409459f,26,"[1, 0]",1,0,0,,0.5,2
2454,9be5dbb0-8222-11f1-b0da-2389f409459f,27,"[0, 1]",0,0,0,,0.5,2
2455,9be5dbb0-8222-11f1-b0da-2389f409459f,27,"[0, 1]",1,1,1,,0.5,2
2456,9be5dbb0-8222-11f1-b0da-2389f409459f,28,"[1, 0]",0,1,1,,0.5,2
2457,9be5dbb0-8222-11f1-b0da-2389f409459f,28,"[1, 0]",1,0,0,,0.5,2
2458,9be5dbb0-8222-11f1-b0da-2389f409459f,29,"[1, 1]",0,1,-1,,0.5,2
2459,9be5dbb0-8222-11f1-b0da-2389f409459f,29,"[1, 1]",1,1,-1,,0.5,2
2460,9be5dbb0-8222-11f1-b0da-2389f409459f,30,"[1, 0]",0,1,1,,0.5,2
2461,9be5dbb0-8222-11f1-b0da-2389f409459f,30,"[1, 0]",1,0,0,,0.5,2
2462,9be5dbb0-8222-11f1-b0da-2389f409459f,31,"[0, 1]",0,0,0,,0.5,2
2463,9be5dbb0-8222-11f1-b0da-2389f409459f,31,"[0, 1]",1,1,1,,0.5,2
2464,9be5dbb0-8222-11f1-b0da-2389f409459f,32,"[1, 1]",0,1,-1,,0.5,2
2465,9be5dbb0-8222-11f1-b0da-2389f409459f,32,"[1, 1]",1,1,-1,,0.5,2
2466,9be5dbb0-8222-11f1-b0da-2389f409459f,33,"[1, 0]",0,1,1,,0.5,2
2467,9be5dbb0-8222-11f1-b0da-2389f409459f,33,"[1, 0]",1,0,0,,0.5,2
2468,9be5dbb0-8222-11f1-b0da-2389f409459f,34,"[1, 1]",0,1,-1,,0.5,2
2469,9be5dbb0-8222-11f1-b0da-2389f409459f,34,"[1, 1]",1,1,-1,,0.5,2
2470,9be5dbb0-8222-11f1-b0da-2389f409459f,35,"[1, 0]",0,1,1,,0.5,2
2471,9be5dbb0-8222-11f1-b0da-2389f409459f,35,"[1, 0]",1,0,0,,0.5,2
2472,9be5dbb0-8222-11f1-b0da-2389f409459f,36,"[1, 0]",0,1,1,,0.5,2
2473,9be5dbb0-8222-11f1-b0da-2389f409459f,36,"[1, 0]",1,0,0,,0.5,2
2474,9be5dbb0-8222-11f1-b0da-2389f409459f,37,"[0, 0]",0,0,0,,0.5,2
2475,9be5dbb0-8222-11f1-b0da-2389f409459f,37,"[0, 0]",1,0,0,,0.5,2
2476,9be5dbb0-8222-11f1-b0da-2389f409459f,38,"[1, 1]",0,1,-1,,0.5,2
2477,9be5dbb0-8222-11f1-b0da-2389f409459f,38,"[1, 1]",1,1,-1,,0.5,2
2478,9be5dbb0-8222-11f1-b0da-2389f409459f,39,"[1, 0]",0,1,1,,0.5,2
2479,9be5dbb0-8222-11f1-b0da-2389f409459f,39,"[1, 0]",1,0,0,,0.5,2
2480,9be5dbb0-8222-11f1-b0da-2389f409459f,40,"[1, 1]",0,1,-1,,0.5,2
2481,9be5dbb0-8222-11f1-b0da-2389f409459f,40,"[1, 1]",1,1,-1,,0.5,2
2482,9be5dbb0-8222-11f1-b0da-2389f409459f,41,"[1, 0]",0,1,1,,0.5,2
2483,9be5dbb0-8222-11f1-b0da-2389f409459f,41,"[1, 0]",1,0,0,,0.5,2
2484,9be5dbb0-8222-11f1-b0da-2389f409459f,42,"[1, 1]",0,1,-1,,0.5,2
2485,9be5dbb0-8222-11f1-b0da-2389f409459f,42,"[1, 1]",1,1,-1,,0.5,2
2486,9be5dbb0-8222-11f1-b0da-2389f409459f,43,"[1, 0]",0,1,1,,0.5,2
2487,9be5dbb0-8222-11f1-b0da-2389f409459f,43,"[1, 0]",1,0,0,,0.5,2
2488,9be5dbb0-8222-11f1-b0da-2389f409459f,44,"[1, 0]",0,1,1,,0.5,2
2489,9be5dbb0-8222-11f1-b0da-2389f409459f,44,"[1, 0]",1,0,0,,0.5,2
2490,9be5dbb0-8222-11f1-b0da-2389f409459f,45,"[1, 1]",0,1,-1,,0.5,2
2491,9be5dbb0-8222-11f1-b0da-2389f409459f,45,"[1, 1]",1,1,-1,,0.5,2
2492,9be5dbb0-8222-11f1-b0da-2389f409459f,46,"[1, 0]",0,1,1,,0.5,2
2493,9be5dbb0-8222-11f1-b0da-2389f409459f,46,"[1, 0]",1,0,0,,0.5,2
2494,9be5dbb0-8222-11f1-b0da-2389f409459f,47,"[1, 0]",0,1,1,,0.5,2
2495,9be5dbb0-8222-11f1-b0da-2389f409459f,47,"[1, 0]",1,0,0,,0.5,2
2496,9be5dbb0-8222-11f1-b0da-2389f409459f,48,"[1, 0]",0,1,1,,0.5,2
2497,9be5dbb0-8222-11f1-b0da-2389f409459f,48,"[1, 0]",1,0,0,,0.5,2
2498,9be5dbb0-8222-11f1-b0da-2389f409459f,49,"[1, 0]",0,1,1,,0.5,2
2499,9be5dbb0-8222-11f1-b0da-2389f409459f,49,"[1, 0]",1,0,0,,0.5,2
2500,9be75fc6-8222-11f1-b0da-2389f409459f,0,"[0, 0]",0,0,0,,0.5,2
2501,9be75fc6-8222-11f1-b0da-2389f409459f,0,"[0, 0]",1,0,0,,0.5,2
2502,9be75fc6-8222-11f1-b0da-2389f409459f,1,"[1, 1]",0,1,-1,,0.5,2
2503,9be75fc6-8222-11f1-b0da-2389f409459f,1,"[1, 1]",1,1,-1,,0.5,2
2504,9be75fc6-8222-11f1-b0da-2389f409459f,2,"[0, 0]",0,0,0,,0.5,2
2505,9be75fc6-8222-11f1-b0da-2389f409459f,2,"[0, 0]",1,0,0,,0.5,2
2506,9be75fc6-8222-11f1-b0da-2389f409459f,3,"[0, 1]",0,0,0,,0.5,2
2507,9be75fc6-8222-11f1-b0da-2389f409459f,3,"[0, 1]",1,1,1,,0.5,2
2508,9be75fc6-8222-11f1-b0da-2389f409459f,4,"[1, 0]",0,1,1,,0.5,2
2509,9be75fc6-8222-11f1-b0da-2389f409459f,4,"[1, 0]",1,0,0,,0.5,2
2510,9be75fc6-8222-11f1-b0da-2389f409459f,5,"[0, 1]",0,0,0,,0.5,2
2511,9be75fc6-8222-11f1-b0da-2389f409459f,5,"[0, 1]",1,1,1,,0.5,2
2512,9be75fc6-8222-11f1-b0da-2389f409459f,6,"[1, 1]",0,1,-1,,0.5,2
2513,9be75fc6-8222-11f1-b0da-2389f409459f,6,"[1, 1]",1,1,-1,,0.5,2
2514,9be75fc6-8222-11f1-b0da-2389f409459f,7,"[1, 1]",0,1,-1,,0.5,2
2515,9be75fc6-8222-11f1-b0da-2389f409459f,7,"[1, 1]",1,1,-1,,0.5,2
2516,9be75fc6-8222-11f1-b0da-2389f409459f,8,"[1, 1]",0,1,-1,,0.5,2
2517,9be75fc6-8222-11f1-b0da-2389f409459f,8,"[1, 1]",1,1,-1,,0.5,2
2518,9be75fc6-8222-11f1-b0da-2389f409459f,9,"[0, 1]",0,0,0,,0.5,2
2519,9be75fc6-8222-11f1-b0da-2389f409459f,9,"[0, 1]",1,1,1,,0.5,2
2520,9be75fc6-8222-11f1-b0da-2389f409459f,10,"[0, 1]",0,0,0,,0.5,2
2521,9be75fc6-8222-11f1-b0da-2389f409459f,10,"[0, 1]",1,1,1,,0.5,2
2522,9be75fc6-8222-11f1-b0da-2389f409459f,11,"[1, 1]",0,1,-1,,0.5,2
2523,9be75fc6-8222-11f1-b0da-2389f409459f,11,"[1, 1]",1,1,-1,,0.5,2
2524,9be75fc6-8222-11f1-b0da-2389f409459f,12,"[1, 0]",0,1,1,,0.5,2
2525,9be75fc6-8222-11f1-b0da-2389f409459f,12,"[1, 0]",1,0,0,,0.5,2
2526,9be75fc6-8222-11f1-b0da-2389f409459f,13,"[1, 1]",0,1,-1,,0.5,2
2527,9be75fc6-8222-11f1-b0da-2389f409459f,13,"[1, 1]",1,1,-1,,0.5,2
2528,9be75fc6-8222-11f1-b0da-2389f409459f,14,"[0, 0]",0,0,0,,0.5,2
2529,9be75fc6-8222-11f1-b0da-2389f409459f,14,"[0, 0]",1,0,0,,0.5,2
2530,9be75fc6-8222-11f1-b0da-2389f409459f,15,"[1, 0]",0,1,1,,0.5,2
2531,9be75fc6-8222-11f1-b0da-2389f409459f,15,"[1, 0]",1,0,0,,0.5,2
2532,9be75fc6-8222-11f1-b0da-2389f409459f,16,"[0, 1]",0,0,0,,0.5,2
2533,9be75fc6-8222-11f1-b0da-2389f409459f,16,"[0, 1]",1,1,1,,0.5,2
2534,9be75fc6-8222-11f1-b0da-2389f409459f,17,"[0, 1]",0,0,0,,0.5,2
2535,9be75fc6-8222-11f1-b0da-2389f409459f,17,"[0, 1]",1,1,1,,0.5,2
2536,9be75fc6-8222-11f1-b0da-2389f409459f,18,"[1, 0]",0,1,1,,0.5,2
2537,9be75fc6-8222-11f1-b0da-2389f409459f,18,"[1, 0]",1,0,0,,0.5,2
2538,9be75fc6-8222-11f1-b0da-2389f409459f,19,"[0, 1]",0,0,0,,0.5,2
2539,9be75fc6-8222-11f1-b0da-2389f409459f,19,"[0, 1]",1,1,1,,0.5,2
2540,9be75fc6-8222-11f1-b0da-2389f409459f,20,"[1, 0]",0,1,1,,0.5,2
2541,9be75fc6-8222-11f1-b0da-2389f409459f,20,"[1, 0]",1,0,0,,0.5,2
2542,9be75fc6-8222-11f1-b0da-2389f409459f,21,"[0, 1]",0,0,0,,0.5,2
2543,9be75fc6-8222-11f1-b0da-2389f409459f,21,"[0, 1]",1,1,1,,0.5,2
2544,9be75fc6-8222-11f1-b0da-2389f409459f,22,"[1, 0]",0,1,1,,0.5,2
2545,9be75fc6-8222-11f1-b0da-2389f409459f,22,"[1, 0]",1,0,0,,0.5,2
2546,9be75fc6-8222-11f1-b0da-2389f409459f,23,"[1, 1]",0,1,-1,,0.5,2
2547,9be75fc6-8222-11f1-b0da-2389f409459f,23,"[1, 1]",1,1,-1,,0.5,2
2548,9be75fc6-8222-11f1-b0da-2389f409459f,24,"[0, 0]",0,0,0,,0.5,2
2549,9be75fc6-8222-11f1-b0da-2389f409459f,24,"[0, 0]",1,0,0,,0.5,2
2550,9be75fc6-8222-11f1-b0da-2389f409459f,25,"[0, 1]",0,0,0,,0.5,2
2551,9be75fc6-8222-11f1-b0da-2389f409459f,25,"[0, 1]",1,1,1,,0.5,2
2552,9be75fc6-8222-11f1-b0da-2389f409459f,26,"[0, 1]",0,0,0,,0.5,2
2553,9be75fc6-8222-11f1-b0da-2389f409459f,26,"[0, 1]",1,1,1,,0.5,2
2554,9be75fc6-8222-11f1-b0da-2389f409459f,27,"[1, 0]",0,1,1,,0.5,2
2555,9be75fc6-8222-11f1-b0da-2389f409459f,27,"[1, 0]",1,0,0,,0.5,2
2556,9be75fc6-8222-11f1-b0da-2389f409459f,28,"[0, 1]",0,0,0,,0.5,2
2557,9be75fc6-8222-11f1-b0da-2389f409459f,28,"[0, 1]",1,1,1,,0.5,2
2558,9be75fc6-8222-11f1-b0da-2389f409459f,29,"[1, 0]",0,1,1,,0.5,2
2559,9be75fc6-8222-11f1-b0da-2389f409459f,29,"[1, 0]",1,0,0,,0.5,2
2560,9be75fc6-8222-11f1-b0da-2389f409459f,30,"[0, 1]",0,0,0,,0.5,2
2561,9be75fc6-8222-11f1-b0da-2389f409459f,30,"[0, 1]",1,1,1,,0.5,2
2562,9be75fc6-8222-11f1-b0da-2389f409459f,31,"[1, 0]",0,1,1,,0.5,2
2563,9be75fc6-8222-11f1-b0da-2389f409459f,31,"[1, 0]",1,0,0,,0.5,2
2564,9be75fc6-8222-11f1-b0da-2389f409459f,32,"[0, 1]",0,0,0,,0.5,2
2565,9be75fc6-8222-11f1-b0da-2389f409459f,32,"[0, 1]",1,1,1,,0.5,2
2566,9be75fc6-8222-11f1-b0da-2389f409459f,33,"[1, 0]",0,1,1,,0.5,2
2567,9be75fc6-8222-11f1-b0da-2389f409459f,33,"[1, 0]",1,0,0,,0.5,2
2568,9be75fc6-8222-11f1-b0da-2389f409459f,34,"[0, 1]",0,0,0,,0.5,2
2569,9be75fc6-8222-11f1-b0da-2389f409459f,34,"[0, 1]",1,1,1,,0.5,2
2570,9be75fc6-8222-11f1-b0da-2389f409459f,35,"[0, 0]",0,0,0,,0.5,2
2571,9be75fc6-8222-11f1-b0da-2389f409459f,35,"[0, 0]",1,0,0,,0.5,2
2572,9be75fc6-8222-11f1-b0da-2389f409459f,36,"[1, 0]",0,1,1,,0.5,2
2573,9be75fc6-8222-11f1-b0da-2389f409459f,36,"[1, 0]",1,0,0,,0.5,2
2574,9be75fc6-8222-11f1-b0da-2389f409459f,37,"[0, 1]",0,0,0,,0.5,2
2575,9be75fc6-8222-11f1-b0da-2389f409459f,37,"[0, 1]",1,1,1,,0.5,2
2576,9be75fc6-8222-11f1-b0da-2389f409459f,38,"[1, 1]",0,1,-1,,0.5,2
2577,9be75fc6-8222-11f1-b0da-2389f409459f,38,"[1, 1]",1,1,-1,,0.5,2
2578,9be75fc6-8222-11f1-b0da-2389f409459f,39,"[0, 0]",0,0,0,,0.5,2
2579,9be75fc6-8222-11f1-b0da-2389f409459f,39,"[0, 0]",1,0,0,,0.5,2
2580,9be75fc6-8222-11f1-b0da-2389f409459f,40,"[1, 1]",0,1,-1,,0.5,2
2581,9be75fc6-8222-11f1-b0da-2389f409459f,40,"[1, 1]",1,1,-1,,0.5,2
2582,9be75fc6-8222-11f1-b0da-2389f409459f,41,"[0, 0]",0,0,0,,0.5,2
2583,9be75fc6-8222-11f1-b0da-2389f409459f,41,"[0, 0]",1,0,0,,0.5,2
2584,9be75fc6-8222-11f1-b0da-2389f409459f,42,"[1, 1]",0,1,-1,,0.5,2
2585,9be75fc6-8222-11f1-b0da-2389f409459f,42,"[1, 1]",1,1,-1,,0.5,2
2586,9be75fc6-8222-11f1-b0da-2389f409459f,43,"[0, 0]",0,0,0,,0.5,2
2587,9be75fc6-8222-11f1-b0da-2389f409459f,43,"[0, 0]",1,0,0,,0.5,2
2588,9be75fc6-8222-11f1-b0da-2389f409459f,44,"[1, 1]",0,1,-1,,0.5,2
2589,9be75fc6-8222-11f1-b0da-2389f409459f,44,"[1, 1]",1,1,-1,,0.5,2
2590,9be75fc6-8222-11f1-b0da-2389f409459f,45,"[0, 1]",0,0,0,,0.5,2
2591,9be75fc6-8222-11f1-b0da-2389f409459f,45,"[0, 1]",1,1,1,,0.5,2
2592,9be75fc6-8222-11f1-b0da-2389f409459f,46,"[1, 1]",0,1,-1,,0.5,2
2593,9be75fc6-8222-11f1-b0da-2389f409459f,46,"[1, 1]",1,1,-1,,0.5,2
2594,9be75fc6-8222-11f1-b0da-2389f409459f,47,"[0, 1]",0,0,0,,0.5,2
2595,9be75fc6-8222-11f1-b0da-2389f409459f,47,"[0, 1]",1,1,1,,0.5,2
2596,9be75fc6-8222-11f1-b0da-2389f409459f,48,"[1, 0]",0,1,1,,0.5,2
2597,9be75fc6-8222-11f1-b0da-2389f409459f,48,"[1, 0]",1,0,0,,0.5,2
2598,9be75fc6-8222-11f1-b0da-2389f409459f,49,"[0, 1]",0,0,0,,0.5,2
2599,9be75fc6-8222-11f1-b0da-2389f409459f,49,"[0, 1]",1,1,1,,0.5,2
2600,9be93e4a-8222-11f1-b0da-2389f409459f,0,"[0, 0]",0,0,0,,0.5,2
2601,9be93e4a-8222-11f1-b0da-2389f409459f,0,"[0, 0]",1,0,0,,0.5,2
2602,9be93e4a-8222-11f1-b0da-2389f409459f,1,"[1, 1]",0,1,-1,,0.5,2
2603,9be93e4a-8222-11f1-b0da-2389f409459f,1,"[1, 1]",1,1,-1,,0.5,2
2604,9be93e4a-8222-11f1-b0da-2389f409459f,2,"[1, 0]",0,1,1,,0.5,2
2605,9be93e4a-8222-11f1-b0da-2389f409459f,2,"[1, 0]",1,0,0,,0.5,2
2606,9be93e4a-8222-11f1-b0da-2389f409459f,3,"[0, 1]",0,0,0,,0.5,2
2607,9be93e4a-8222-11f1-b0da-2389f409459f,3,"[0, 1]",1,1,1,,0.5,2
2608,9be93e4a-8222-11f1-b0da-2389f409459f,4,"[0, 0]",0,0,0,,0.5,2
2609,9be93e4a-8222-11f1-b0da-2389f409459f,4,"[0, 0]",1,0,0,,0.5,2
2610,9be93e4a-8222-11f1-b0da-2389f409459f,5,"[0, 0]",0,0,0,,0.5,2
2611,9be93e4a-8222-11f1-b0da-2389f409459f,5,"[0, 0]",1,0,0,,0.5,2
2612,9be93e4a-8222-11f1-b0da-2389f409459f,6,"[0, 0]",0,0,0,,0.5,2
2613,9be93e4a-8222-11f1-b0da-2389f409459f,6,"[0, 0]",1,0,0,,0.5,2
2614,9be93e4a-8222-11f1-b0da-2389f409459f,7,"[0, 0]",0,0,0,,0.5,2
2615,9be93e4a-8222-11f1-b0da-2389f409459f,7,"[0, 0]",1,0,0,,0.5,2
2616,9be93e4a-8222-11f1-b0da-2389f409459f,8,"[0, 0]",0,0,0,,0.5,2
2617,9be93e4a-8222-11f1-b0da-2389f409459f,8,"[0, 0]",1,0,0,,0.5,2
2618,9be93e4a-8222-11f1-b0da-2389f409459f,9,"[0, 0]",0,0,0,,0.5,2
2619,9be93e4a-8222-11f1-b0da-2389f409459f,9,"[0, 0]",1,0,0,,0.5,2
2620,9be93e4a-8222-11f1-b0da-2389f409459f,10,"[0, 0]",0,0,0,,0.5,2
2621,9be93e4a-8222-11f1-b0da-2389f409459f,10,"[0, 0]",1,0,0,,0.5,2
2622,9be93e4a-8222-11f1-b0da-2389f409459f,11,"[0, 0]",0,0,0,,0.5,2
2623,9be93e4a-8222-11f1-b0da-2389f409459f,11,"[0, 0]",1,0,0,,0.5,2
2624,9be93e4a-8222-11f1-b0da-2389f409459f,12,"[0, 0]",0,0,0,,0.5,2
2625,9be93e4a-8222-11f1-b0da-2389f409459f,12,"[0, 0]",1,0,0,,0.5,2
2626,9be93e4a-8222-11f1-b0da-2389f409459f,13,"[0, 0]",0,0,0,,0.5,2
2627,9be93e4a-8222-11f1-b0da-2389f409459f,13,"[0, 0]",1,0,0,,0.5,2
2628,9be93e4a-8222-11f1-b0da-2389f409459f,14,"[0, 0]",0,0,0,,0.5,2
2629,9be93e4a-8222-11f1-b0da-2389f409459f,14,"[0, 0]",1,0,0,,0.5,2
2630,9be93e4a-8222-11f1-b0da-2389f409459f,15,"[1, 1]",0,1,-1,,0.5,2
2631,9be93e4a-8222-11f1-b0da-2389f409459f,15,"[1, 1]",1,1,-1,,0.5,2
2632,9be93e4a-8222-11f1-b0da-2389f409459f,16,"[0, 0]",0,0,0,,0.5,2
2633,9be93e4a-8222-11f1-b0da-2389f409459f,16,"[0, 0]",1,0,0,,0.5,2
2634,9be93e4a-8222-11f1-b0da-2389f409459f,17,"[1, 0]",0,1,1,,0.5,2
2635,9be93e4a-8222-11f1-b0da-2389f409459f,17,"[1, 0]",1,0,0,,0.5,2
2636,9be93e4a-8222-11f1-b0da-2389f409459f,18,"[0, 1]",0,0,0,,0.5,2
2637,9be93e4a-8222-11f1-b0da-2389f409459f,18,"[0, 1]",1,1,1,,0.5,2
2638,9be93e4a-8222-11f1-b0da-2389f409459f,19,"[0, 0]",0,0,0,,0.5,2
2639,9be93e4a-8222-11f1-b0da-2389f409459f,19,"[0, 0]",1,0,0,,0.5,2
2640,9be93e4a-8222-11f1-b0da-2389f409459f,20,"[0, 0]",0,0,0,,0.5,2
2641,9be93e4a-8222-11f1-b0da-2389f409459f,20,"[0, 0]",1,0,0,,0.5,2
2642,9be93e4a-8222-11f1-b0da-2389f409459f,21,"[0, 1]",0,0,0,,0.5,2
2643,9be93e4a-8222-11f1-b0da-2389f409459f,21,"[0, 1]",1,1,1,,0.5,2
2644,9be93e4a-8222-11f1-b0da-2389f409459f,22,"[0, 1]",0,0,0,,0.5,2
2645,9be93e4a-8222-11f1-b0da-2389f409459f,22,"[0, 1]",1,1,1,,0.5,2
2646,9be93e4a-8222-11f1-b0da-2389f409459f,23,"[0, 1]",0,0,0,,0.5,2
2647,9be93e4a-8222-11f1-b0da-2389f409459f,23,"[0, 1]",1,1,1,,0.5,2
2648,9be93e4a-8222-11f1-b0da-2389f409459f,24,"[0, 1]",0,0,0,,0.5,2
2649,9be93e4a-8222-11f1-b0da-2389f409459f,24,"[0, 1]",1,1,1,,0.5,2
2650,9be93e4a-8222-11f1-b0da-2389f409459f,25,"[1, 1]",0,1,-1,,0.5,2
2651,9be93e4a-8222-11f1-b0da-2389f409459f,25,"[1, 1]",1,1,-1,,0.5,2
2652,9be93e4a-8222-11f1-b0da-2389f409459f,26,"[1, 0]",0,1,1,,0.5,2
2653,9be93e4a-8222-11f1-b0da-2389f409459f,26,"[1, 0]",1,0,0,,0.5,2
2654,9be93e4a-8222-11f1-b0da-2389f409459f,27,"[0, 0]",0,0,0,,0.5,2
2655,9be93e4a-8222-11f1-b0da-2389f409459f,27,"[0, 0]",1,0,0,,0.5,2
2656,9be93e4a-8222-11f1-b0da-2389f409459f,28,"[1, 0]",0,1,1,,0.5,2
2657,9be93e4a-8222-11f1-b0da-2389f409459f,28,"[1, 0]",1,0,0,,0.5,2
2658,9be93e4a-8222-11f1-b0da-2389f409459f,29,"[0, 1]",0,0,0,,0.5,2
2659,9be93e4a-8222-11f1-b0da-2389f409459f,29,"[0, 1]",1,1,1,,0.5,2
2660,9be93e4a-8222-11f1-b0da-2389f409459f,30,"[1, 1]",0,1,-1,,0.5,2
2661,9be93e4a-8222-11f1-b0da-2389f409459f,30,"[1, 1]",1,1,-1,,0.5,2
2662,9be93e4a-8222-11f1-b0da-2389f409459f,31,"[1, 0]",0,1,1,,0.5,2
2663,9be93e4a-8222-11f1-b0da-2389f409459f,31,"[1, 0]",1,0,0,,0.5,2
2664,9be93e4a-8222-11f1-b0da-2389f409459f,32,"[0, 1]",0,0,0,,0.5,2
2665,9be93e4a-8222-11f1-b0da-2389f409459f,32,"[0, 1]",1,1,1,,0.5,2
2666,9be93e4a-8222-11f1-b0da-2389f409459f,33,"[0, 0]",0,0,0,,0.5,2
2667,9be93e4a-8222-11f1-b0da-2389f409459f,33,"[0, 0]",1,0,0,,0.5,2
2668,9be93e4a-8222-11f1-b0da-2389f409459f,34,"[0, 0]",0,0,0,,0.5,2
2669,9be93e4a-8222-11f1-b0da-2389f409459f,34,"[0, 0]",1,0,0,,0.5,2
2670,9be93e4a-8222-11f1-b0da-2389f409459f,35,"[1, 0]",0,1,1,,0.5,2
2671,9be93e4a-8222-11f1-b0da-2389f409459f,35,"[1, 0]",1,0,0,,0.5,2
2672,9be93e4a-8222-11f1-b0da-2389f409459f,36,"[1, 1]",0,1,-1,,0.5,2
2673,9be93e4a-8222-11f1-b0da-2389f409459f,36,"[1, 1]",1,1,-1,,0.5,2
2674,9be93e4a-8222-11f1-b0da-2389f409459f,37,"[1, 0]",0,1,1,,0.5,2
2675,9be93e4a-8222-11f1-b0da-2389f409459f,37,"[1, 0]",1,0,0,,0.5,2
2676,9be93e4a-8222-11f1-b0da-2389f409459f,38,"[0, 1]",0,0,0,,0.5,2
2677,9be93e4a-8222-11f1-b0da-2389f409459f,38,"[0, 1]",1,1,1,,0.5,2
2678,9be93e4a-8222-11f1-b0da-2389f409459f,39,"[0, 0]",0,0,0,,0.5,2
2679,9be93e4a-8222-11f1-b0da-2389f409459f,39,"[0, 0]",1,0,0,,0.5,2
2680,9be93e4a-8222-11f1-b0da-2389f409459f,40,"[1, 0]",0,1,1,,0.5,2
2681,9be93e4a-8222-11f1-b0da-2389f409459f,40,"[1, 0]",1,0,0,,0.5,2
2682,9be93e4a-8222-11f1-b0da-2389f409459f,41,"[0, 1]",0,0,0,,0.5,2
2683,9be93e4a-8222-11f1-b0da-2389f409459f,41,"[0, 1]",1,1,1,,0.5,2
2684,9be93e4a-8222-11f1-b0da-2389f409459f,42,"[0, 0]",0,0,0,,0.5,2
2685,9be93e4a-8222-11f1-b0da-2389f409459f,42,"[0, 0]",1,0,0,,0.5,2
2686,9be93e4a-8222-11f1-b0da-2389f409459f,43,"[1, 0]",0,1,1,,0.5,2
2687,9be93e4a-8222-11f1-b0da-2389f409459f,43,"[1, 0]",1,0,0,,0.5,2
2688,9be93e4a-8222-11f1-b0da-2389f409459f,44,"[0, 1]",0,0,0,,0.5,2
2689,9be93e4a-8222-11f1-b0da-2389f409459f,44,"[0, 1]",1,1,1,,0.5,2
2690,9be93e4a-8222-11f1-b0da-2389f409459f,45,"[0, 1]",0,0,0,,0.5,2
2691,9be93e4a-8222-11f1-b0da-2389f409459f,45,"[0, 1]",1,1,1,,0.5,2
2692,9be93e4a-8222-11f1-b0da-2389f409459f,46,"[1, 0]",0,1,1,,0.5,2
2693,9be93e4a-8222-11f1-b0da-2389f409459f,46,"[1, 0]",1,0,0,,0.5,2
2694,9be93e4a-8222-11f1-b0da-2389f409459f,47,"[0, 1]",0,0,0,,0.5,2
2695,9be93e4a-8222-11f1-b0da-2389f409459f,47,"[0, 1]",1,1,1,,0.5,2
2696,9be93e4a-8222-11f1-b0da-2389f409459f,48,"[0, 1]",0,0,0,,0.5,2
2697,9be93e4a-8222-11f1-b0da-2389f409459f,48,"[0, 1]",1,1,1,,0.5,2
2698,9be93e4a-8222-11f1-b0da-2389f409459f,49,"[1, 0]",0,1,1,,0.5,2
2699,9be93e4a-8222-11f1-b0da-2389f409459f,49,"[1, 0]",1,0,0,,0.5,2
2700,9beb5df6-8222-11f1-b0da-2389f409459f,0,"[1, 1]",0,1,-1,,0.5,2
2701,9beb5df6-8222-11f1-b0da-2389f409459f,0,"[1, 1]",1,1,-1,,0.5,2
2702,9beb5df6-8222-11f1-b0da-2389f409459f,1,"[0, 0]",0,0,0,,0.5,2
2703,9beb5df6-8222-11f1-b0da-2389f409459f,1,"[0, 0]",1,0,0,,0.5,2
2704,9beb5df6-8222-11f1-b0da-2389f409459f,2,"[1, 0]",0,1,1,,0.5,2
2705,9beb5df6-8222-11f1-b0da-2389f409459f,2,"[1, 0]",1,0,0,,0.5,2
2706,9beb5df6-8222-11f1-b0da-2389f409459f,3,"[0, 1]",0,0,0,,0.5,2
2707,9beb5df6-8222-11f1-b0da-2389f409459f,3,"[0, 1]",1,1,1,,0.5,2
2708,9beb5df6-8222-11f1-b0da-2389f409459f,4,"[1, 1]",0,1,-1,,0.5,2
2709,9beb5df6-8222-11f1-b0da-2389f409459f,4,"[1, 1]",1,1,-1,,0.5,2
2710,9beb5df6-8222-11f1-b0da-2389f409459f,5,"[0, 1]",0,0,0,,0.5,2
2711,9beb5df6-8222-11f1-b0da-2389f409459f,5,"[0, 1]",1,1,1,,0.5,2
2712,9beb5df6-8222-11f1-b0da-2389f409459f,6,"[0, 0]",0,0,0,,0.5,2
2713,9beb5df6-8222-11f1-b0da-2389f409459f,6,"[0, 0]",1,0,0,,0.5,2
2714,9beb5df6-8222-11f1-b0da-2389f409459f,7,"[1, 0]",0,1,1,,0.5,2
2715,9beb5df6-8222-11f1-b0da-2389f409459f,7,"[1, 0]",1,0,0,,0.5,2
2716,9beb5df6-8222-11f1-b0da-2389f409459f,8,"[0, 1]",0,0,0,,0.5,2
2717,9beb5df6-8222-11f1-b0da-2389f409459f,8,"[0, 1]",1,1,1,,0.5,2
2718,9beb5df6-8222-11f1-b0da-2389f409459f,9,"[0, 0]",0,0,0,,0.5,2
2719,9beb5df6-8222-11f1-b0da-2389f409459f,9,"[0, 0]",1,0,0,,0.5,2
2720,9beb5df6-8222-11f1-b0da-2389f409459f,10,"[1, 0]",0,1,1,,0.5,2
2721,9beb5df6-8222-11f1-b0da-2389f409459f,10,"[1, 0]",1,0,0,,0.5,2
2722,9beb5df6-8222-11f1-b0da-2389f409459f,11,"[0, 1]",0,0,0,,0.5,2
2723,9beb5df6-8222-11f1-b0da-2389f409459f,11,"[0, 1]",1,1,1,,0.5,2
2724,9beb5df6-8222-11f1-b0da-2389f409459f,12,"[1, 0]",0,1,1,,0.5,2
2725,9beb5df6-8222-11f1-b0da-2389f409459f,12,"[1, 0]",1,0,0,,0.5,2
2726,9beb5df6-8222-11f1-b0da-2389f409459f,13,"[0, 0]",0,0,0,,0.5,2
2727,9beb5df6-8222-11f1-b0da-2389f409459f,13,"[0, 0]",1,0,0,,0.5,2
2728,9beb5df6-8222-11f1-b0da-2389f409459f,14,"[1, 0]",0,1,1,,0.5,2
2729,9beb5df6-8222-11f1-b0da-2389f409459f,14,"[1, 0]",1,0,0,,0.5,2
2730,9beb5df6-8222-11f1-b0da-2389f409459f,15,"[0, 1]",0,0,0,,0.5,2
2731,9beb5df6-8222-11f1-b0da-2389f409459f,15,"[0, 1]",1,1,1,,0.5,2
2732,9beb5df6-8222-11f1-b0da-2389f409459f,16,"[0, 0]",0,0,0,,0.5,2
2733,9beb5df6-8222-11f1-b0da-2389f409459f,16,"[0, 0]",1,0,0,,0.5,2
2734,9beb5df6-8222-11f1-b0da-2389f409459f,17,"[1, 0]",0,1,1,,0.5,2
2735,9beb5df6-8222-11f1-b0da-2389f409459f,17,"[1, 0]",1,0,0,,0.5,2
2736,9beb5df6-8222-11f1-b0da-2389f409459f,18,"[0, 1]",0,0,0,,0.5,2
2737,9beb5df6-8222-11f1-b0da-2389f409459f,18,"[0, 1]",1,1,1,,0.5,2
2738,9beb5df6-8222-11f1-b0da-2389f409459f,19,"[0, 0]",0,0,0,,0.5,2
2739,9beb5df6-8222-11f1-b0da-2389f409459f,19,"[0, 0]",1,0,0,,0.5,2
2740,9beb5df6-8222-11f1-b0da-2389f409459f,20,"[1, 0]",0,1,1,,0.5,2
2741,9beb5df6-8222-11f1-b0da-2389f409459f,20,"[1, 0]",1,0,0,,0.5,2
2742,9beb5df6-8222-11f1-b0da-2389f409459f,21,"[1, 1]",0,1,-1,,0.5,2
2743,9beb5df6-8222-11f1-b0da-2389f409459f,21,"[1, 1]",1,1,-1,,0.5,2
2744,9beb5df6-8222-11f1-b0da-2389f409459f,22,"[0, 0]",0,0,0,,0.5,2
2745,9beb5df6-8222-11f1-b0da-2389f409459f,22,"[0, 0]",1,0,0,,0.5,2
2746,9beb5df6-8222-11f1-b0da-2389f409459f,23,"[1, 0]",0,1,1,,0.5,2
2747,9beb5df6-8222-11f1-b0da-2389f409459f,23,"[1, 0]",1,0,0,,0.5,2
2748,9beb5df6-8222-11f1-b0da-2389f409459f,24,"[0, 1]",0,0,0,,0.5,2
2749,9beb5df6-8222-11f1-b0da-2389f409459f,24,"[0, 1]",1,1,1,,0.5,2
2750,9beb5df6-8222-11f1-b0da-2389f409459f,25,"[0, 0]",0,0,0,,0.5,2
2751,9beb5df6-8222-11f1-b0da-2389f409459f,25,"[0, 0]",1,0,0,,0.5,2
2752,9beb5df6-8222-11f1-b0da-2389f409459f,26,"[1, 0]",0,1,1,,0.5,2
2753,9beb5df6-8222-11f1-b0da-2389f409459f,26,"[1, 0]",1,0,0,,0.5,2
2754,9beb5df6-8222-11f1-b0da-2389f409459f,27,"[0, 1]",0,0,0,,0.5,2
2755,9beb5df6-8222-11f1-b0da-2389f409459f,27,"[0, 1]",1,1,1,,0.5,2
2756,9beb5df6-8222-11f1-b0da-2389f409459f,28,"[1, 0]",0,1,1,,0.5,2
2757,9beb5df6-8222-11f1-b0da-2389f409459f,28,"[1, 0]",1,0,0,,0.5,2
2758,9beb5df6-8222-11f1-b0da-2389f409459f,29,"[0, 0]",0,0,0,,0.5,2
2759,9beb5df6-8222-11f1-b0da-2389f409459f,29,"[0, 0]",1,0,0,,0.5,2
2760,9beb5df6-8222-11f1-b0da-2389f409459f,30,"[1, 1]",0,1,-1,,0.5,2
2761,9beb5df6-8222-11f1-b0da-2389f409459f,30,"[1, 1]",1,1,-1,,0.5,2
2762,9beb5df6-8222-11f1-b0da-2389f409459f,31,"[0, 0]",0,0,0,,0.5,2
2763,9beb5df6-8222-11f1-b0da-2389f409459f,31,"[0, 0]",1,0,0,,0.5,2
2764,9beb5df6-8222-11f1-b0da-2389f409459f,32,"[1, 0]",0,1,1,,0.5,2
2765,9beb5df6-8222-11f1-b0da-2389f409459f,32,"[1, 0]",1,0,0,,0.5,2
2766,9beb5df6-8222-11f1-b0da-2389f409459f,33,"[1, 1]",0,1,-1,,0.5,2
2767,9beb5df6-8222-11f1-b0da-2389f409459f,33,"[1, 1]",1,1,-1,,0.5,2
2768,9beb5df6-8222-11f1-b0da-2389f409459f,34,"[1, 1]",0,1,-1,,0.5,2
2769,9beb5df6-8222-11f1-b0da-2389f409459f,34,"[1, 1]",1,1,-1,,0.5,2
2770,9beb5df6-8222-11f1-b0da-2389f409459f,35,"[1, 0]",0,1,1,,0.5,2
2771,9beb5df6-8222-11f1-b0da-2389f409459f,35,"[1, 0]",1,0,0,,0.5,2
2772,9beb5df6-8222-11f1-b0da-2389f409459f,36,"[0, 0]",0,0,0,,0.5,2
2773,9beb5df6-8222-11f1-b0da-2389f409459f,36,"[0, 0]",1,0,0,,0.5,2
2774,9beb5df6-8222-11f1-b0da-2389f409459f,37,"[1, 0]",0,1,1,,0.5,2
2775,9beb5df6-8222-11f1-b0da-2389f409459f,37,"[1, 0]",1,0,0,,0.5,2
2776,9beb5df6-8222-11f1-b0da-2389f409459f,38,"[0, 1]",0,0,0,,0.5,2
2777,9beb5df6-8222-11f1-b0da-2389f409459f,38,"[0, 1]",1,1,1,,0.5,2
2778,9beb5df6-8222-11f1-b0da-2389f409459f,39,"[0, 0]",0,0,0,,0.5,2
2779,9beb5df6-8222-11f1-b0da-2389f409459f,39,"[0, 0]",1,0,0,,0.5,2
2780,9beb5df6-8222-11f1-b0da-2389f409459f,40,"[1, 0]",0,1,1,,0.5,2
2781,9beb5df6-8222-11f1-b0da-2389f409459f,40,"[1, 0]",1,0,0,,0.5,2
2782,9beb5df6-8222-11f1-b0da-2389f409459f,41,"[0, 1]",0,0,0,,0.5,2
2783,9beb5df6-8222-11f1-b0da-2389f409459f,41,"[0, 1]",1,1,1,,0.5,2
2784,9beb5df6-8222-11f1-b0da-2389f409459f,42,"[1, 1]",0,1,-1,,0.5,2
2785,9beb5df6-8222-11f1-b0da-2389f409459f,42,"[1, 1]",1,1,-1,,0.5,2
2786,9beb5df6-8222-11f1-b0da-2389f409459f,43,"[0, 0]",0,0,0,,0.5,2
2787,9beb5df6-8222-11f1-b0da-2389f409459f,43,"[0, 0]",1,0,0,,0.5,2
2788,9beb5df6-8222-11f1-b0da-2389f409459f,44,"[1, 1]",0,1,-1,,0.5,2
2789,9beb5df6-8222-11f1-b0da-2389f409459f,44,"[1, 1]",1,1,-1,,0.5,2
2790,9beb5df6-8222-11f1-b0da-2389f409459f,45,"[0, 0]",0,0,0,,0.5,2
2791,9beb5df6-8222-11f1-b0da-2389f409459f,45,"[0, 0]",1,0,0,,0.5,2
2792,9beb5df6-8222-11f1-b0da-2389f409459f,46,"[1, 1]",0,1,-1,,0.5,2
2793,9beb5df6-8222-11f1-b0da-2389f409459f,46,"[1, 1]",1,1,-1,,0.5,2
2794,9beb5df6-8222-11f1-b0da-2389f409459f,47,"[0, 0]",0,0,0,,0.5,2
2795,9beb5df6-8222-11f1-b0da-2389f409459f,47,"[0, 0]",1,0,0,,0.5,2
2796,9beb5df6-8222-11f1-b0da-2389f409459f,48,"[1, 0]",0,1,1,,0.5,2
2797,9beb5df6-8222-11f1-b0da-2389f409459f,48,"[1, 0]",1,0,0,,0.5,2
2798,9beb5df6-8222-11f1-b0da-2389f409459f,49,"[1, 1]",0,1,-1,,0.5,2
2799,9beb5df6-8222-11f1-b0da-2389f409459f,49,"[1, 1]",1,1,-1,,0.5,2
2800,9becdd66-8222-11f1-b0da-2389f409459f,0,"[1, 1]",0,1,-1,,0.5,2
2801,9becdd66-8222-11f1-b0da-2389f409459f,0,"[1, 1]",1,1,-1,,0.5,2
2802,9becdd66-8222-11f1-b0da-2389f409459f,1,"[0, 0]",0,0,0,,0.5,2
2803,9becdd66-8222-11f1-b0da-2389f409459f,1,"[0, 0]",1,0,0,,0.5,2
2804,9becdd66-8222-11f1-b0da-2389f409459f,2,"[1, 1]",0,1,-1,,0.5,2
2805,9becdd66-8222-11f1-b0da-2389f409459f,2,"[1, 1]",1,1,-1,,0.5,2
2806,9becdd66-8222-11f1-b0da-2389f409459f,3,"[0, 0]",0,0,0,,0.5,2
2807,9becdd66-8222-11f1-b0da-2389f409459f,3,"[0, 0]",1,0,0,,0.5,2
2808,9becdd66-8222-11f1-b0da-2389f409459f,4,"[1, 1]",0,1,-1,,0.5,2
2809,9becdd66-8222-11f1-b0da-2389f409459f,4,"[1, 1]",1,1,-1,,0.5,2
2810,9becdd66-8222-11f1-b0da-2389f409459f,5,"[0, 0]",0,0,0,,0.5,2
2811,9becdd66-8222-11f1-b0da-2389f409459f,5,"[0, 0]",1,0,0,,0.5,2
2812,9becdd66-8222-11f1-b0da-2389f409459f,6,"[1, 1]",0,1,-1,,0.5,2
2813,9becdd66-8222-11f1-b0da-2389f409459f,6,"[1, 1]",1,1,-1,,0.5,2
2814,9becdd66-8222-11f1-b0da-2389f409459f,7,"[0, 0]",0,0,0,,0.5,2
2815,9becdd66-8222-11f1-b0da-2389f409459f,7,"[0, 0]",1,0,0,,0.5,2
2816,9becdd66-8222-11f1-b0da-2389f409459f,8,"[1, 0]",0,1,1,,0.5,2
2817,9becdd66-8222-11f1-b0da-2389f409459f,8,"[1, 0]",1,0,0,,0.5,2
2818,9becdd66-8222-11f1-b0da-2389f409459f,9,"[1, 0]",0,1,1,,0.5,2
2819,9becdd66-8222-11f1-b0da-2389f409459f,9,"[1, 0]",1,0,0,,0.5,2
2820,9becdd66-8222-11f1-b0da-2389f409459f,10,"[0, 0]",0,0,0,,0.5,2
2821,9becdd66-8222-11f1-b0da-2389f409459f,10,"[0, 0]",1,0,0,,0.5,2
2822,9becdd66-8222-11f1-b0da-2389f409459f,11,"[1, 0]",0,1,1,,0.5,2
2823,9becdd66-8222-11f1-b0da-2389f409459f,11,"[1, 0]",1,0,0,,0.5,2
2824,9becdd66-8222-11f1-b0da-2389f409459f,12,"[1, 1]",0,1,-1,,0.5,2
2825,9becdd66-8222-11f1-b0da-2389f409459f,12,"[1, 1]",1,1,-1,,0.5,2
2826,9becdd66-8222-11f1-b0da-2389f409459f,13,"[0, 0]",0,0,0,,0.5,2
2827,9becdd66-8222-11f1-b0da-2389f409459f,13,"[0, 0]",1,0,0,,0.5,2
2828,9becdd66-8222-11f1-b0da-2389f409459f,14,"[1, 1]",0,1,-1,,0.5,2
2829,9becdd66-8222-11f1-b0da-2389f409459f,14,"[1, 1]",1,1,-1,,0.5,2
2830,9becdd66-8222-11f1-b0da-2389f409459f,15,"[0, 0]",0,0,0,,0.5,2
2831,9becdd66-8222-11f1-b0da-2389f409459f,15,"[0, 0]",1,0,0,,0.5,2
2832,9becdd66-8222-11f1-b0da-2389f409459f,16,"[1, 0]",0,1,1,,0.5,2
2833,9becdd66-8222-11f1-b0da-2389f409459f,16,"[1, 0]",1,0,0,,0.5,2
2834,9becdd66-8222-11f1-b0da-2389f409459f,17,"[0, 0]",0,0,0,,0.5,2
2835,9becdd66-8222-11f1-b0da-2389f409459f,17,"[0, 0]",1,0,0,,0.5,2
2836,9becdd66-8222-11f1-b0da-2389f409459f,18,"[1, 1]",0,1,-1,,0.5,2
2837,9becdd66-8222-11f1-b0da-2389f409459f,18,"[1, 1]",1,1,-1,,0.5,2
2838,9becdd66-8222-11f1-b0da-2389f409459f,19,"[0, 0]",0,0,0,,0.5,2
2839,9becdd66-8222-11f1-b0da-2389f409459f,19,"[0, 0]",1,0,0,,0.5,2
2840,9becdd66-8222-11f1-b0da-2389f409459f,20,"[1, 1]",0,1,-1,,0.5,2
2841,9becdd66-8222-11f1-b0da-2389f409459f,20,"[1, 1]",1,1,-1,,0.5,2
2842,9becdd66-8222-11f1-b0da-2389f409459f,21,"[0, 0]",0,0,0,,0.5,2
2843,9becdd66-8222-11f1-b0da-2389f409459f,21,"[0, 0]",1,0,0,,0.5,2
2844,9becdd66-8222-11f1-b0da-2389f409459f,22,"[1, 1]",0,1,-1,,0.5,2
2845,9becdd66-8222-11f1-b0da-2389f409459f,22,"[1, 1]",1,1,-1,,0.5,2
2846,9becdd66-8222-11f1-b0da-2389f409459f,23,"[0, 0]",0,0,0,,0.5,2
2847,9becdd66-8222-11f1-b0da-2389f409459f,23,"[0, 0]",1,0,0,,0.5,2
2848,9becdd66-8222-11f1-b0da-2389f409459f,24,"[1, 1]",0,1,-1,,0.5,2
2849,9becdd66-8222-11f1-b0da-2389f409459f,24,"[1, 1]",1,1,-1,,0.5,2
2850,9becdd66-8222-11f1-b0da-2389f409459f,25,"[0, 0]",0,0,0,,0.5,2
2851,9becdd66-8222-11f1-b0da-2389f409459f,25,"[0, 0]",1,0,0,,0.5,2
2852,9becdd66-8222-11f1-b0da-2389f409459f,26,"[1, 0]",0,1,1,,0.5,2
2853,9becdd66-8222-11f1-b0da-2389f409459f,26,"[1, 0]",1,0,0,,0.5,2
2854,9becdd66-8222-11f1-b0da-2389f409459f,27,"[0, 0]",0,0,0,,0.5,2
2855,9becdd66-8222-11f1-b0da-2389f409459f,27,"[0, 0]",1,0,0,,0.5,2
2856,9becdd66-8222-11f1-b0da-2389f409459f,28,"[1, 1]",0,1,-1,,0.5,2
2857,9becdd66-8222-11f1-b0da-2389f409459f,28,"[1, 1]",1,1,-1,,0.5,2
2858,9becdd66-8222-11f1-b0da-2389f409459f,29,"[0, 1]",0,0,0,,0.5,2
2859,9becdd66-8222-11f1-b0da-2389f409459f,29,"[0, 1]",1,1,1,,0.5,2
2860,9becdd66-8222-11f1-b0da-2389f409459f,30,"[1, 0]",0,1,1,,0.5,2
2861,9becdd66-8222-11f1-b0da-2389f409459f,30,"[1, 0]",1,0,0,,0.5,2
2862,9becdd66-8222-11f1-b0da-2389f409459f,31,"[0, 0]",0,0,0,,0.5,2
2863,9becdd66-8222-11f1-b0da-2389f409459f,31,"[0, 0]",1,0,0,,0.5,2
2864,9becdd66-8222-11f1-b0da-2389f409459f,32,"[1, 1]",0,1,-1,,0.5,2
2865,9becdd66-8222-11f1-b0da-2389f409459f,32,"[1, 1]",1,1,-1,,0.5,2
2866,9becdd66-8222-11f1-b0da-2389f409459f,33,"[0, 0]",0,0,0,,0.5,2
2867,9becdd66-8222-11f1-b0da-2389f409459f,33,"[0, 0]",1,0,0,,0.5,2
2868,9becdd66-8222-11f1-b0da-2389f409459f,34,"[1, 0]",0,1,1,,0.5,2
2869,9becdd66-8222-11f1-b0da-2389f409459f,34,"[1, 0]",1,0,0,,0.5,2
2870,9becdd66-8222-11f1-b0da-2389f409459f,35,"[0, 1]",0,0,0,,0.5,2
2871,9becdd66-8222-11f1-b0da-2389f409459f,35,"[0, 1]",1,1,1,,0.5,2
2872,9becdd66-8222-11f1-b0da-2389f409459f,36,"[1, 0]",0,1,1,,0.5,2
2873,9becdd66-8222-11f1-b0da-2389f409459f,36,"[1, 0]",1,0,0,,0.5,2
2874,9becdd66-8222-11f1-b0da-2389f409459f,37,"[0, 0]",0,0,0,,0.5,2
2875,9becdd66-8222-11f1-b0da-2389f409459f,37,"[0, 0]",1,0,0,,0.5,2
2876,9becdd66-8222-11f1-b0da-2389f409459f,38,"[1, 1]",0,1,-1,,0.5,2
2877,9becdd66-8222-11f1-b0da-2389f409459f,38,"[1, 1]",1,1,-1,,0.5,2
2878,9becdd66-8222-11f1-b0da-2389f409459f,39,"[0, 0]",0,0,0,,0.5,2
2879,9becdd66-8222-11f1-b0da-2389f409459f,39,"[0, 0]",1,0,0,,0.5,2
2880,9becdd66-8222-11f1-b0da-2389f409459f,40,"[1, 1]",0,1,-1,,0.5,2
2881,9becdd66-8222-11f1-b0da-2389f409459f,40,"[1, 1]",1,1,-1,,0.5,2
2882,9becdd66-8222-11f1-b0da-2389f409459f,41,"[1, 1]",0,1,-1,,0.5,2
2883,9becdd66-8222-11f1-b0da-2389f409459f,41,"[1, 1]",1,1,-1,,0.5,2
2884,9becdd66-8222-11f1-b0da-2389f409459f,42,"[0, 0]",0,0,0,,0.5,2
2885,9becdd66-8222-11f1-b0da-2389f409459f,42,"[0, 0]",1,0,0,,0.5,2
2886,9becdd66-8222-11f1-b0da-2389f409459f,43,"[1, 1]",0,1,-1,,0.5,2
2887,9becdd66-8222-11f1-b0da-2389f409459f,43,"[1, 1]",1,1,-1,,0.5,2
2888,9becdd66-8222-11f1-b0da-2389f409459f,44,"[0, 0]",0,0,0,,0.5,2
2889,9becdd66-8222-11f1-b0da-2389f409459f,44,"[0, 0]",1,0,0,,0.5,2
2890,9becdd66-8222-11f1-b0da-2389f409459f,45,"[1, 0]",0,1,1,,0.5,2
2891,9becdd66-8222-11f1-b0da-2389f409459f,45,"[1, 0]",1,0,0,,0.5,2
2892,9becdd66-8222-11f1-b0da-2389f409459f,46,"[0, 0]",0,0,0,,0.5,2
2893,9becdd66-8222-11f1-b0da-2389f409459f,46,"[0, 0]",1,0,0,,0.5,2
2894,9becdd66-8222-11f1-b0da-2389f409459f,47,"[1, 0]",0,1,1,,0.5,2
2895,9becdd66-8222-11f1-b0da-2389f409459f,47,"[1, 0]",1,0,0,,0.5,2
2896,9becdd66-8222-11f1-b0da-2389f409459f,48,"[0, 1]",0,0,0,,0.5,2
2897,9becdd66-8222-11f1-b0da-2389f409459f,48,"[0, 1]",1,1,1,,0.5,2
2898,9becdd66-8222-11f1-b0da-2389f409459f,49,"[1, 0]",0,1,1,,0.5,2
2899,9becdd66-8222-11f1-b0da-2389f409459f,49,"[1, 0]",1,0,0,,0.5,2
2900,9beee8d6-8222-11f1-b0da-2389f409459f,0,"[1, 1]",0,1,-1,,0.5,2
2901,9beee8d6-8222-11f1-b0da-2389f409459f,0,"[1, 1]",1,1,-1,,0.5,2
2902,9beee8d6-8222-11f1-b0da-2389f409459f,1,"[0, 1]",0,0,0,,0.5,2
2903,9beee8d6-8222-11f1-b0da-2389f409459f,1,"[0, 1]",1,1,1,,0.5,2
2904,9beee8d6-8222-11f1-b0da-2389f409459f,2,"[1, 0]",0,1,1,,0.5,2
2905,9beee8d6-8222-11f1-b0da-2389f409459f,2,"[1, 0]",1,0,0,,0.5,2
2906,9beee8d6-8222-11f1-b0da-2389f409459f,3,"[0, 1]",0,0,0,,0.5,2
2907,9beee8d6-8222-11f1-b0da-2389f409459f,3,"[0, 1]",1,1,1,,0.5,2
2908,9beee8d6-8222-11f1-b0da-2389f409459f,4,"[1, 0]",0,1,1,,0.5,2
2909,9beee8d6-8222-11f1-b0da-2389f409459f,4,"[1, 0]",1,0,0,,0.5,2
2910,9beee8d6-8222-11f1-b0da-2389f409459f,5,"[1, 1]",0,1,-1,,0.5,2
2911,9beee8d6-8222-11f1-b0da-2389f409459f,5,"[1, 1]",1,1,-1,,0.5,2
2912,9beee8d6-8222-11f1-b0da-2389f409459f,6,"[1, 1]",0,1,-1,,0.5,2
2913,9beee8d6-8222-11f1-b0da-2389f409459f,6,"[1, 1]",1,1,-1,,0.5,2
2914,9beee8d6-8222-11f1-b0da-2389f409459f,7,"[1, 1]",0,1,-1,,0.5,2
2915,9beee8d6-8222-11f1-b0da-2389f409459f,7,"[1, 1]",1,1,-1,,0.5,2
2916,9beee8d6-8222-11f1-b0da-2389f409459f,8,"[1, 1]",0,1,-1,,0.5,2
2917,9beee8d6-8222-11f1-b0da-2389f409459f,8,"[1, 1]",1,1,-1,,0.5,2
2918,9beee8d6-8222-11f1-b0da-2389f409459f,9,"[1, 0]",0,1,1,,0.5,2
2919,9beee8d6-8222-11f1-b0da-2389f409459f,9,"[1, 0]",1,0,0,,0.5,2
2920,9beee8d6-8222-11f1-b0da-2389f409459f,10,"[1, 1]",0,1,-1,,0.5,2
2921,9beee8d6-8222-11f1-b0da-2389f409459f,10,"[1, 1]",1,1,-1,,0.5,2
2922,9beee8d6-8222-11f1-b0da-2389f409459f,11,"[0, 0]",0,0,0,,0.5,2
2923,9beee8d6-8222-11f1-b0da-2389f409459f,11,"[0, 0]",1,0,0,,0.5,2
2924,9beee8d6-8222-11f1-b0da-2389f409459f,12,"[0, 1]",0,0,0,,0.5,2
2925,9beee8d6-8222-11f1-b0da-2389f409459f,12,"[0, 1]",1,1,1,,0.5,2
2926,9beee8d6-8222-11f1-b0da-2389f409459f,13,"[1, 0]",0,1,1,,0.5,2
2927,9beee8d6-8222-11f1-b0da-2389f409459f,13,"[1, 0]",1,0,0,,0.5,2
2928,9beee8d6-8222-11f1-b0da-2389f409459f,14,"[0, 1]",0,0,0,,0.5,2
2929,9beee8d6-8222-11f1-b0da-2389f409459f,14,"[0, 1]",1,1,1,,0.5,2
2930,9beee8d6-8222-11f1-b0da-2389f409459f,15,"[1, 0]",0,1,1,,0.5,2
2931,9beee8d6-8222-11f1-b0da-2389f409459f,15,"[1, 0]",1,0,0,,0.5,2
2932,9beee8d6-8222-11f1-b0da-2389f409459f,16,"[0, 1]",0,0,0,,0.5,2
2933,9beee8d6-8222-11f1-b0da-2389f409459f,16,"[0, 1]",1,1,1,,0.5,2
2934,9beee8d6-8222-11f1-b0da-2389f409459f,17,"[1, 0]",0,1,1,,0.5,2
2935,9beee8d6-8222-11f1-b0da-2389f409459f,17,"[1, 0]",1,0,0,,0.5,2
2936,9beee8d6-8222-11f1-b0da-2389f409459f,18,"[1, 1]",0,1,-1,,0.5,2
2937,9beee8d6-8222-11f1-b0da-2389f409459f,18,"[1, 1]",1,1,-1,,0.5,2
2938,9beee8d6-8222-11f1-b0da-2389f409459f,19,"[1, 0]",0,1,1,,0.5,2
2939,9beee8d6-8222-11f1-b0da-2389f409459f,19,"[1, 0]",1,0,0,,0.5,2
2940,9beee8d6-8222-11f1-b0da-2389f409459f,20,"[0, 1]",0,0,0,,0.5,2
2941,9beee8d6-8222-11f1-b0da-2389f409459f,20,"[0, 1]",1,1,1,,0.5,2
2942,9beee8d6-8222-11f1-b0da-2389f409459f,21,"[1, 0]",0,1,1,,0.5,2
2943,9beee8d6-8222-11f1-b0da-2389f409459f,21,"[1, 0]",1,0,0,,0.5,2
2944,9beee8d6-8222-11f1-b0da-2389f409459f,22,"[0, 1]",0,0,0,,0.5,2
2945,9beee8d6-8222-11f1-b0da-2389f409459f,22,"[0, 1]",1,1,1,,0.5,2
2946,9beee8d6-8222-11f1-b0da-2389f409459f,23,"[1, 0]",0,1,1,,0.5,2
2947,9beee8d6-8222-11f1-b0da-2389f409459f,23,"[1, 0]",1,0,0,,0.5,2
2948,9beee8d6-8222-11f1-b0da-2389f409459f,24,"[1, 0]",0,1,1,,0.5,2
2949,9beee8d6-8222-11f1-b0da-2389f409459f,24,"[1, 0]",1,0,0,,0.5,2
2950,9beee8d6-8222-11f1-b0da-2389f409459f,25,"[0, 1]",0,0,0,,0.5,2
2951,9beee8d6-8222-11f1-b0da-2389f409459f,25,"[0, 1]",1,1,1,,0.5,2
2952,9beee8d6-8222-11f1-b0da-2389f409459f,26,"[1, 0]",0,1,1,,0.5,2
2953,9beee8d6-8222-11f1-b0da-2389f409459f,26,"[1, 0]",1,0,0,,0.5,2
2954,9beee8d6-8222-11f1-b0da-2389f409459f,27,"[1, 1]",0,1,-1,,0.5,2
2955,9beee8d6-8222-11f1-b0da-2389f409459f,27,"[1, 1]",1,1,-1,,0.5,2
2956,9beee8d6-8222-11f1-b0da-2389f409459f,28,"[1, 1]",0,1,-1,,0.5,2
2957,9beee8d6-8222-11f1-b0da-2389f409459f,28,"[1, 1]",1,1,-1,,0.5,2
2958,9beee8d6-8222-11f1-b0da-2389f409459f,29,"[1, 1]",0,1,-1,,0.5,2
2959,9beee8d6-8222-11f1-b0da-2389f409459f,29,"[1, 1]",1,1,-1,,0.5,2
2960,9beee8d6-8222-11f1-b0da-2389f409459f,30,"[0, 0]",0,0,0,,0.5,2
2961,9beee8d6-8222-11f1-b0da-2389f409459f,30,"[0, 0]",1,0,0,,0.5,2
2962,9beee8d6-8222-11f1-b0da-2389f409459f,31,"[0, 1]",0,0,0,,0.5,2
2963,9beee8d6-8222-11f1-b0da-2389f409459f,31,"[0, 1]",1,1,1,,0.5,2
2964,9beee8d6-8222-11f1-b0da-2389f409459f,32,"[1, 0]",0,1,1,,0.5,2
2965,9beee8d6-8222-11f1-b0da-2389f409459f,32,"[1, 0]",1,0,0,,0.5,2
2966,9beee8d6-8222-11f1-b0da-2389f409459f,33,"[0, 1]",0,0,0,,0.5,2
2967,9beee8d6-8222-11f1-b0da-2389f409459f,33,"[0, 1]",1,1,1,,0.5,2
2968,9beee8d6-8222-11f1-b0da-2389f409459f,34,"[1, 0]",0,1,1,,0.5,2
2969,9beee8d6-8222-11f1-b0da-2389f409459f,34,"[1, 0]",1,0,0,,0.5,2
2970,9beee8d6-8222-11f1-b0da-2389f409459f,35,"[0, 1]",0,0,0,,0.5,2
2971,9beee8d6-8222-11f1-b0da-2389f409459f,35,"[0, 1]",1,1,1,,0.5,2
2972,9beee8d6-8222-11f1-b0da-2389f409459f,36,"[1, 0]",0,1,1,,0.5,2
2973,9beee8d6-8222-11f1-b0da-2389f409459f,36,"[1, 0]",1,0,0,,0.5,2
2974,9beee8d6-8222-11f1-b0da-2389f409459f,37,"[0, 1]",0,0,0,,0.5,2
2975,9beee8d6-8222-11f1-b0da-2389f409459f,37,"[0, 1]",1,1,1,,0.5,2
2976,9beee8d6-8222-11f1-b0da-2389f409459f,38,"[1, 0]",0,1,1,,0.5,2
2977,9beee8d6-8222-11f1-b0da-2389f409459f,38,"[1, 0]",1,0,0,,0.5,2
2978,9beee8d6-8222-11f1-b0da-2389f409459f,39,"[0, 1]",0,0,0,,0.5,2
2979,9beee8d6-8222-11f1-b0da-2389f409459f,39,"[0, 1]",1,1,1,,0.5,2
2980,9beee8d6-8222-11f1-b0da-2389f409459f,40,"[1, 0]",0,1,1,,0.5,2
2981,9beee8d6-8222-11f1-b0da-2389f409459f,40,"[1, 0]",1,0,0,,0.5,2
2982,9beee8d6-8222-11f1-b0da-2389f409459f,41,"[0, 1]",0,0,0,,0.5,2
2983,9beee8d6-8222-11f1-b0da-2389f409459f,41,"[0, 1]",1,1,1,,0.5,2
2984,9beee8d6-8222-11f1-b0da-2389f409459f,42,"[1, 0]",0,1,1,,0.5,2
2985,9beee8d6-8222-11f1-b0da-2389f409459f,42,"[1, 0]",1,0,0,,0.5,2
2986,9beee8d6-8222-11f1-b0da-2389f409459f,43,"[0, 1]",0,0,0,,0.5,2
2987,9beee8d6-8222-11f1-b0da-2389f409459f,43,"[0, 1]",1,1,1,,0.5,2
2988,9beee8d6-8222-11f1-b0da-2389f409459f,44,"[1, 0]",0,1,1,,0.5,2
2989,9beee8d6-8222-11f1-b0da-2389f409459f,44,"[1, 0]",1,0,0,,0.5,2
2990,9beee8d6-8222-11f1-b0da-2389f409459f,45,"[1, 1]",0,1,-1,,0.5,2
2991,9beee8d6-8222-11f1-b0da-2389f409459f,45,"[1, 1]",1,1,-1,,0.5,2
2992,9beee8d6-8222-11f1-b0da-2389f409459f,46,"[1, 0]",0,1,1,,0.5,2
2993,9beee8d6-8222-11f1-b0da-2389f409459f,46,"[1, 0]",1,0,0,,0.5,2
2994,9beee8d6-8222-11f1-b0da-2389f409459f,47,"[0, 1]",0,0,0,,0.5,2
2995,9beee8d6-8222-11f1-b0da-2389f409459f,47,"[0, 1]",1,1,1,,0.5,2
2996,9beee8d6-8222-11f1-b0da-2389f409459f,48,"[1, 0]",0,1,1,,0.5,2
2997,9beee8d6-8222-11f1-b0da-2389f409459f,48,"[1, 0]",1,0,0,,0.5,2
2998,9beee8d6-8222-11f1-b0da-2389f409459f,49,"[0, 1]",0,0,0,,0.5,2
2999,9beee8d6-8222-11f1-b0da-2389f409459f,49,"[0, 1]",1,1,1,,0.5,2
3000,9bf0ab58-8222-11f1-b0da-2389f409459f,0,"[0, 0]",0,0,0,,0.5,2
3001,9bf0ab58-8222-11f1-b0da-2389f409459f,0,"[0, 0]",1,0,0,,0.5,2
3002,9bf0ab58-8222-11f1-b0da-2389f409459f,1,"[1, 1]",0,1,-1,,0.5,2
3003,9bf0ab58-8222-11f1-b0da-2389f409459f,1,"[1, 1]",1,1,-1,,0.5,2
3004,9bf0ab58-8222-11f1-b0da-2389f409459f,2,"[0, 1]",0,0,0,,0.5,2
3005,9bf0ab58-8222-11f1-b0da-2389f409459f,2,"[0, 1]",1,1,1,,0.5,2
3006,9bf0ab58-8222-11f1-b0da-2389f409459f,3,"[1, 0]",0,1,1,,0.5,2
3007,9bf0ab58-8222-11f1-b0da-2389f409459f,3,"[1, 0]",1,0,0,,0.5,2
3008,9bf0ab58-8222-11f1-b0da-2389f409459f,4,"[0, 1]",0,0,0,,0.5,2
3009,9bf0ab58-8222-11f1-b0da-2389f409459f,4,"[0, 1]",1,1,1,,0.5,2
3010,9bf0ab58-8222-11f1-b0da-2389f409459f,5,"[0, 0]",0,0,0,,0.5,2
3011,9bf0ab58-8222-11f1-b0da-2389f409459f,5,"[0, 0]",1,0,0,,0.5,2
3012,9bf0ab58-8222-11f1-b0da-2389f409459f,6,"[1, 0]",0,1,1,,0.5,2
3013,9bf0ab58-8222-11f1-b0da-2389f409459f,6,"[1, 0]",1,0,0,,0.5,2
3014,9bf0ab58-8222-11f1-b0da-2389f409459f,7,"[0, 1]",0,0,0,,0.5,2
3015,9bf0ab58-8222-11f1-b0da-2389f409459f,7,"[0, 1]",1,1,1,,0.5,2
3016,9bf0ab58-8222-11f1-b0da-2389f409459f,8,"[1, 0]",0,1,1,,0.5,2
3017,9bf0ab58-8222-11f1-b0da-2389f409459f,8,"[1, 0]",1,0,0,,0.5,2
3018,9bf0ab58-8222-11f1-b0da-2389f409459f,9,"[1, 0]",0,1,1,,0.5,2
3019,9bf0ab58-8222-11f1-b0da-2389f409459f,9,"[1, 0]",1,0,0,,0.5,2
3020,9bf0ab58-8222-11f1-b0da-2389f409459f,10,"[0, 0]",0,0,0,,0.5,2
3021,9bf0ab58-8222-11f1-b0da-2389f409459f,10,"[0, 0]",1,0,0,,0.5,2
3022,9bf0ab58-8222-11f1-b0da-2389f409459f,11,"[1, 0]",0,1,1,,0.5,2
3023,9bf0ab58-8222-11f1-b0da-2389f409459f,11,"[1, 0]",1,0,0,,0.5,2
3024,9bf0ab58-8222-11f1-b0da-2389f409459f,12,"[1, 1]",0,1,-1,,0.5,2
3025,9bf0ab58-8222-11f1-b0da-2389f409459f,12,"[1, 1]",1,1,-1,,0.5,2
3026,9bf0ab58-8222-11f1-b0da-2389f409459f,13,"[1, 1]",0,1,-1,,0.5,2
3027,9bf0ab58-8222-11f1-b0da-2389f409459f,13,"[1, 1]",1,1,-1,,0.5,2
3028,9bf0ab58-8222-11f1-b0da-2389f409459f,14,"[0, 0]",0,0,0,,0.5,2
3029,9bf0ab58-8222-11f1-b0da-2389f409459f,14,"[0, 0]",1,0,0,,0.5,2
3030,9bf0ab58-8222-11f1-b0da-2389f409459f,15,"[0, 0]",0,0,0,,0.5,2
3031,9bf0ab58-8222-11f1-b0da-2389f409459f,15,"[0, 0]",1,0,0,,0.5,2
3032,9bf0ab58-8222-11f1-b0da-2389f409459f,16,"[1, 1]",0,1,-1,,0.5,2
3033,9bf0ab58-8222-11f1-b0da-2389f409459f,16,"[1, 1]",1,1,-1,,0.5,2
3034,9bf0ab58-8222-11f1-b0da-2389f409459f,17,"[1, 0]",0,1,1,,0.5,2
3035,9bf0ab58-8222-11f1-b0da-2389f409459f,17,"[1, 0]",1,0,0,,0.5,2
3036,9bf0ab58-8222-11f1-b0da-2389f409459f,18,"[1, 0]",0,1,1,,0.5,2
3037,9bf0ab58-8222-11f1-b0da-2389f409459f,18,"[1, 0]",1,0,0,,0.5,2
3038,9bf0ab58-8222-11f1-b0da-2389f409459f,19,"[1, 0]",0,1,1,,0.5,2
3039,9bf0ab58-8222-11f1-b0da-2389f409459f,19,"[1, 0]",1,0,0,,0.5,2
3040,9bf0ab58-8222-11f1-b0da-2389f409459f,20,"[1, 0]",0,1,1,,0.5,2
3041,9bf0ab58-8222-11f1-b0da-2389f409459f,20,"[1, 0]",1,0,0,,0.5,2
3042,9bf0ab58-8222-11f1-b0da-2389f409459f,21,"[1, 0]",0,1,1,,0.5,2
3043,9bf0ab58-8222-11f1-b0da-2389f409459f,21,"[1, 0]",1,0,0,,0.5,2
3044,9bf0ab58-8222-11f1-b0da-2389f409459f,22,"[0, 0]",0,0,0,,0.5,2
3045,9bf0ab58-8222-11f1-b0da-2389f409459f,22,"[0, 0]",1,0,0,,0.5,2
3046,9bf0ab58-8222-11f1-b0da-2389f409459f,23,"[1, 0]",0,1,1,,0.5,2
3047,9bf0ab58-8222-11f1-b0da-2389f409459f,23,"[1, 0]",1,0,0,,0.5,2
3048,9bf0ab58-8222-11f1-b0da-2389f409459f,24,"[1, 1]",0,1,-1,,0.5,2
3049,9bf0ab58-8222-11f1-b0da-2389f409459f,24,"[1, 1]",1,1,-1,,0.5,2
3050,9bf0ab58-8222-11f1-b0da-2389f409459f,25,"[1, 0]",0,1,1,,0.5,2
3051,9bf0ab58-8222-11f1-b0da-2389f409459f,25,"[1, 0]",1,0,0,,0.5,2
3052,9bf0ab58-8222-11f1-b0da-2389f409459f,26,"[1, 1]",0,1,-1,,0.5,2
3053,9bf0ab58-8222-11f1-b0da-2389f409459f,26,"[1, 1]",1,1,-1,,0.5,2
3054,9bf0ab58-8222-11f1-b0da-2389f409459f,27,"[0, 1]",0,0,0,,0.5,2
3055,9bf0ab58-8222-11f1-b0da-2389f409459f,27,"[0, 1]",1,1,1,,0.5,2
3056,9bf0ab58-8222-11f1-b0da-2389f409459f,28,"[1, 0]",0,1,1,,0.5,2
3057,9bf0ab58-8222-11f1-b0da-2389f409459f,28,"[1, 0]",1,0,0,,0.5,2
3058,9bf0ab58-8222-11f1-b0da-2389f409459f,29,"[1, 0]",0,1,1,,0.5,2
3059,9bf0ab58-8222-11f1-b0da-2389f409459f,29,"[1, 0]",1,0,0,,0.5,2
3060,9bf0ab58-8222-11f1-b0da-2389f409459f,30,"[1, 0]",0,1,1,,0.5,2
3061,9bf0ab58-8222-11f1-b0da-2389f409459f,30,"[1, 0]",1,0,0,,0.5,2
3062,9bf0ab58-8222-11f1-b0da-2389f409459f,31,"[1, 1]",0,1,-1,,0.5,2
3063,9bf0ab58-8222-11f1-b0da-2389f409459f,31,"[1, 1]",1,1,-1,,0.5,2
3064,9bf0ab58-8222-11f1-b0da-2389f409459f,32,"[0, 0]",0,0,0,,0.5,2
3065,9bf0ab58-8222-11f1-b0da-2389f409459f,32,"[0, 0]",1,0,0,,0.5,2
3066,9bf0ab58-8222-11f1-b0da-2389f409459f,33,"[1, 0]",0,1,1,,0.5,2
3067,9bf0ab58-8222-11f1-b0da-2389f409459f,33,"[1, 0]",1,0,0,,0.5,2
3068,9bf0ab58-8222-11f1-b0da-2389f409459f,34,"[1, 0]",0,1,1,,0.5,2
3069,9bf0ab58-8222-11f1-b0da-2389f409459f,34,"[1, 0]",1,0,0,,0.5,2
3070,9bf0ab58-8222-11f1-b0da-2389f409459f,35,"[1, 1]",0,1,-1,,0.5,2
3071,9bf0ab58-8222-11f1-b0da-2389f409459f,35,"[1, 1]",1,1,-1,,0.5,2
3072,9bf0ab58-8222-11f1-b0da-2389f409459f,36,"[0, 1]",0,0,0,,0.5,2
3073,9bf0ab58-8222-11f1-b0da-2389f409459f,36,"[0, 1]",1,1,1,,0.5,2
3074,9bf0ab58-8222-11f1-b0da-2389f409459f,37,"[1, 1]",0,1,-1,,0.5,2
3075,9bf0ab58-8222-11f1-b0da-2389f409459f,37,"[1, 1]",1,1,-1,,0.5,2
3076,9bf0ab58-8222-11f1-b0da-2389f409459f,38,"[1, 1]",0,1,-1,,0.5,2
3077,9bf0ab58-8222-11f1-b0da-2389f409459f,38,"[1, 1]",1,1,-1,,0.5,2
3078,9bf0ab58-8222-11f1-b0da-2389f409459f,39,"[1, 1]",0,1,-1,,0.5,2
3079,9bf0ab58-8222-11f1-b0da-2389f409459f,39,"[1, 1]",1,1,-1,,0.5,2
3080,9bf0ab58-8222-11f1-b0da-2389f409459f,40,"[1, 1]",0,1,-1,,0.5,2
3081,9bf0ab58-8222-11f1-b0da-2389f409459f,40,"[1, 1]",1,1,-1,,0.5,2
3082,9bf0ab58-8222-11f1-b0da-2389f409459f,41,"[1, 1]",0,1,-1,,0.5,2
3083,9bf0ab58-8222-11f1-b0da-2389f409459f,41,"[1, 1]",1,1,-1,,0.5,2
3084,9bf0ab58-8222-11f1-b0da-2389f409459f,42,"[1, 1]",0,1,-1,,0.5,2
3085,9bf0ab58-8222-11f1-b0da-2389f409459f,42,"[1, 1]",1,1,-1,,0.5,2
3086,9bf0ab58-8222-11f1-b0da-2389f409459f,43,"[0, 0]",0,0,0,,0.5,2
3087,9bf0ab58-8222-11f1-b0da-2389f409459f,43,"[0, 0]",1,0,0,,0.5,2
3088,9bf0ab58-8222-11f1-b0da-2389f409459f,44,"[1, 0]",0,1,1,,0.5,2
3089,9bf0ab58-8222-11f1-b0da-2389f409459f,44,"[1, 0]",1,0,0,,0.5,2
3090,9bf0ab58-8222-11f1-b0da-2389f409459f,45,"[1, 0]",0,1,1,,0.5,2
3091,9bf0ab58-8222-11f1-b0da-2389f409459f,45,"[1, 0]",1,0,0,,0.5,2
3092,9bf0ab58-8222-11f1-b0da-2389f409459f,46,"[1, 0]",0,1,1,,0.5,2
3093,9bf0ab58-8222-11f1-b0da-2389f409459f,46,"[1, 0]",1,0,0,,0.5,2
3094,9bf0ab58-8222-11f1-b0da-2389f409459f,47,"[1, 1]",0,1,-1,,0.5,2
3095,9bf0ab58-8222-11f1-b0da-2389f409459f,47,"[1, 1]",1,1,-1,,0.5,2
3096,9bf0ab58-8222-11f1-b0da-2389f409459f,48,"[0, 0]",0,0,0,,0.5,2
3097,9bf0ab58-8222-11f1-b0da-2389f409459f,48,"[0, 0]",1,0,0,,0.5,2
3098,9bf0ab58-8222-11f1-b0da-2389f409459f,49,"[0, 1]",0,0,0,,0.5,2
3099,9bf0ab58-8222-11f1-b0da-2389f409459f,49,"[0, 1]",1,1,1,,0.5,2
3100,9bf24468-8222-11f1-b0da-2389f409459f,0,"[1, 1]",0,1,-1,,0.5,2
3101,9bf24468-8222-11f1-b0da-2389f409459f,0,"[1, 1]",1,1,-1,,0.5,2
3102,9bf24468-8222-11f1-b0da-2389f409459f,1,"[1, 1]",0,1,-1,,0.5,2
3103,9bf24468-8222-11f1-b0da-2389f409459f,1,"[1, 1]",1,1,-1,,0.5,2
3104,9bf24468-8222-11f1-b0da-2389f409459f,2,"[0, 1]",0,0,0,,0.5,2
3105,9bf24468-8222-11f1-b0da-2389f409459f,2,"[0, 1]",1,1,1,,0.5,2
3106,9bf24468-8222-11f1-b0da-2389f409459f,3,"[1, 0]",0,1,1,,0.5,2
3107,9bf24468-8222-11f1-b0da-2389f409459f,3,"[1, 0]",1,0,0,,0.5,2
3108,9bf24468-8222-11f1-b0da-2389f409459f,4,"[0, 1]",0,0,0,,0.5,2
3109,9bf24468-8222-11f1-b0da-2389f409459f,4,"[0, 1]",1,1,1,,0.5,2
3110,9bf24468-8222-11f1-b0da-2389f409459f,5,"[1, 0]",0,1,1,,0.5,2
3111,9bf24468-8222-11f1-b0da-2389f409459f,5,"[1, 0]",1,0,0,,0.5,2
3112,9bf24468-8222-11f1-b0da-2389f409459f,6,"[1, 1]",0,1,-1,,0.5,2
3113,9bf24468-8222-11f1-b0da-2389f409459f,6,"[1, 1]",1,1,-1,,0.5,2
3114,9bf24468-8222-11f1-b0da-2389f409459f,7,"[1, 0]",0,1,1,,0.5,2
3115,9bf24468-8222-11f1-b0da-2389f409459f,7,"[1, 0]",1,0,0,,0.5,2
3116,9bf24468-8222-11f1-b0da-2389f409459f,8,"[1, 0]",0,1,1,,0.5,2
3117,9bf24468-8222-11f1-b0da-2389f409459f,8,"[1, 0]",1,0,0,,0.5,2
3118,9bf24468-8222-11f1-b0da-2389f409459f,9,"[0, 1]",0,0,0,,0.5,2
3119,9bf24468-8222-11f1-b0da-2389f409459f,9,"[0, 1]",1,1,1,,0.5,2
3120,9bf24468-8222-11f1-b0da-2389f409459f,10,"[1, 0]",0,1,1,,0.5,2
3121,9bf24468-8222-11f1-b0da-2389f409459f,10,"[1, 0]",1,0,0,,0.5,2
3122,9bf24468-8222-11f1-b0da-2389f409459f,11,"[0, 0]",0,0,0,,0.5,2
3123,9bf24468-8222-11f1-b0da-2389f409459f,11,"[0, 0]",1,0,0,,0.5,2
3124,9bf24468-8222-11f1-b0da-2389f409459f,12,"[0, 1]",0,0,0,,0.5,2
3125,9bf24468-8222-11f1-b0da-2389f409459f,12,"[0, 1]",1,1,1,,0.5,2
3126,9bf24468-8222-11f1-b0da-2389f409459f,13,"[1, 0]",0,1,1,,0.5,2
3127,9bf24468-8222-11f1-b0da-2389f409459f,13,"[1, 0]",1,0,0,,0.5,2
3128,9bf24468-8222-11f1-b0da-2389f409459f,14,"[0, 1]",0,0,0,,0.5,2
3129,9bf24468-8222-11f1-b0da-2389f409459f,14,"[0, 1]",1,1,1,,0.5,2
3130,9bf24468-8222-11f1-b0da-2389f409459f,15,"[1, 0]",0,1,1,,0.5,2
3131,9bf24468-8222-11f1-b0da-2389f409459f,15,"[1, 0]",1,0,0,,0.5,2
3132,9bf24468-8222-11f1-b0da-2389f409459f,16,"[0, 0]",0,0,0,,0.5,2
3133,9bf24468-8222-11f1-b0da-2389f409459f,16,"[0, 0]",1,0,0,,0.5,2
3134,9bf24468-8222-11f1-b0da-2389f409459f,17,"[0, 1]",0,0,0,,0.5,2
3135,9bf24468-8222-11f1-b0da-2389f409459f,17,"[0, 1]",1,1,1,,0.5,2
3136,9bf24468-8222-11f1-b0da-2389f409459f,18,"[1, 0]",0,1,1,,0.5,2
3137,9bf24468-8222-11f1-b0da-2389f409459f,18,"[1, 0]",1,0,0,,0.5,2
3138,9bf24468-8222-11f1-b0da-2389f409459f,19,"[0, 1]",0,0,0,,0.5,2
3139,9bf24468-8222-11f1-b0da-2389f409459f,19,"[0, 1]",1,1,1,,0.5,2
3140,9bf24468-8222-11f1-b0da-2389f409459f,20,"[1, 0]",0,1,1,,0.5,2
3141,9bf24468-8222-11f1-b0da-2389f409459f,20,"[1, 0]",1,0,0,,0.5,2
3142,9bf24468-8222-11f1-b0da-2389f409459f,21,"[0, 0]",0,0,0,,0.5,2
3143,9bf24468-8222-11f1-b0da-2389f409459f,21,"[0, 0]",1,0,0,,0.5,2
3144,9bf24468-8222-11f1-b0da-2389f409459f,22,"[1, 0]",0,1,1,,0.5,2
3145,9bf24468-8222-11f1-b0da-2389f409459f,22,"[1, 0]",1,0,0,,0.5,2
3146,9bf24468-8222-11f1-b0da-2389f409459f,23,"[0, 1]",0,0,0,,0.5,2
3147,9bf24468-8222-11f1-b0da-2389f409459f,23,"[0, 1]",1,1,1,,0.5,2
3148,9bf24468-8222-11f1-b0da-2389f409459f,24,"[1, 0]",0,1,1,,0.5,2
3149,9bf24468-8222-11f1-b0da-2389f409459f,24,"[1, 0]",1,0,0,,0.5,2
3150,9bf24468-8222-11f1-b0da-2389f409459f,25,"[0, 1]",0,0,0,,0.5,2
3151,9bf24468-8222-11f1-b0da-2389f409459f,25,"[0, 1]",1,1,1,,0.5,2
3152,9bf24468-8222-11f1-b0da-2389f409459f,26,"[1, 0]",0,1,1,,0.5,2
3153,9bf24468-8222-11f1-b0da-2389f409459f,26,"[1, 0]",1,0,0,,0.5,2
3154,9bf24468-8222-11f1-b0da-2389f409459f,27,"[0, 0]",0,0,0,,0.5,2
3155,9bf24468-8222-11f1-b0da-2389f409459f,27,"[0, 0]",1,0,0,,0.5,2
3156,9bf24468-8222-11f1-b0da-2389f409459f,28,"[1, 0]",0,1,1,,0.5,2
3157,9bf24468-8222-11f1-b0da-2389f409459f,28,"[1, 0]",1,0,0,,0.5,2
3158,9bf24468-8222-11f1-b0da-2389f409459f,29,"[0, 0]",0,0,0,,0.5,2
3159,9bf24468-8222-11f1-b0da-2389f409459f,29,"[0, 0]",1,0,0,,0.5,2
3160,9bf24468-8222-11f1-b0da-2389f409459f,30,"[0, 1]",0,0,0,,0.5,2
3161,9bf24468-8222-11f1-b0da-2389f409459f,30,"[0, 1]",1,1,1,,0.5,2
3162,9bf24468-8222-11f1-b0da-2389f409459f,31,"[1, 1]",0,1,-1,,0.5,2
3163,9bf24468-8222-11f1-b0da-2389f409459f,31,"[1, 1]",1,1,-1,,0.5,2
3164,9bf24468-8222-11f1-b0da-2389f409459f,32,"[1, 0]",0,1,1,,0.5,2
3165,9bf24468-8222-11f1-b0da-2389f409459f,32,"[1, 0]",1,0,0,,0.5,2
3166,9bf24468-8222-11f1-b0da-2389f409459f,33,"[0, 0]",0,0,0,,0.5,2
3167,9bf24468-8222-11f1-b0da-2389f409459f,33,"[0, 0]",1,0,0,,0.5,2
3168,9bf24468-8222-11f1-b0da-2389f409459f,34,"[0, 1]",0,0,0,,0.5,2
3169,9bf24468-8222-11f1-b0da-2389f409459f,34,"[0, 1]",1,1,1,,0.5,2
3170,9bf24468-8222-11f1-b0da-2389f409459f,35,"[1, 1]",0,1,-1,,0.5,2
3171,9bf24468-8222-11f1-b0da-2389f409459f,35,"[1, 1]",1,1,-1,,0.5,2
3172,9bf24468-8222-11f1-b0da-2389f409459f,36,"[0, 1]",0,0,0,,0.5,2
3173,9bf24468-8222-11f1-b0da-2389f409459f,36,"[0, 1]",1,1,1,,0.5,2
3174,9bf24468-8222-11f1-b0da-2389f409459f,37,"[1, 0]",0,1,1,,0.5,2
3175,9bf24468-8222-11f1-b0da-2389f409459f,37,"[1, 0]",1,0,0,,0.5,2
3176,9bf24468-8222-11f1-b0da-2389f409459f,38,"[0, 1]",0,0,0,,0.5,2
3177,9bf24468-8222-11f1-b0da-2389f409459f,38,"[0, 1]",1,1,1,,0.5,2
3178,9bf24468-8222-11f1-b0da-2389f409459f,39,"[1, 0]",0,1,1,,0.5,2
3179,9bf24468-8222-11f1-b0da-2389f409459f,39,"[1, 0]",1,0,0,,0.5,2
3180,9bf24468-8222-11f1-b0da-2389f409459f,40,"[0, 1]",0,0,0,,0.5,2
3181,9bf24468-8222-11f1-b0da-2389f409459f,40,"[0, 1]",1,1,1,,0.5,2
3182,9bf24468-8222-11f1-b0da-2389f409459f,41,"[1, 0]",0,1,1,,0.5,2
3183,9bf24468-8222-11f1-b0da-2389f409459f,41,"[1, 0]",1,0,0,,0.5,2
3184,9bf24468-8222-11f1-b0da-2389f409459f,42,"[0, 0]",0,0,0,,0.5,2
3185,9bf24468-8222-11f1-b0da-2389f409459f,42,"[0, 0]",1,0,0,,0.5,2
3186,9bf24468-8222-11f1-b0da-2389f409459f,43,"[1, 1]",0,1,-1,,0.5,2
3187,9bf24468-8222-11f1-b0da-2389f409459f,43,"[1, 1]",1,1,-1,,0.5,2
3188,9bf24468-8222-11f1-b0da-2389f409459f,44,"[1, 0]",0,1,1,,0.5,2
3189,9bf24468-8222-11f1-b0da-2389f409459f,44,"[1, 0]",1,0,0,,0.5,2
3190,9bf24468-8222-11f1-b0da-2389f409459f,45,"[0, 1]",0,0,0,,0.5,2
3191,9bf24468-8222-11f1-b0da-2389f409459f,45,"[0, 1]",1,1,1,,0.5,2
3192,9bf24468-8222-11f1-b0da-2389f409459f,46,"[1, 1]",0,1,-1,,0.5,2
3193,9bf24468-8222-11f1-b0da-2389f409459f,46,"[1, 1]",1,1,-1,,0.5,2
3194,9bf24468-8222-11f1-b0da-2389f409459f,47,"[1, 1]",0,1,-1,,0.5,2
3195,9bf24468-8222-11f1-b0da-2389f409459f,47,"[1, 1]",1,1,-1,,0.5,2
3196,9bf24468-8222-11f1-b0da-2389f409459f,48,"[1, 0]",0,1,1,,0.5,2
3197,9bf24468-8222-11f1-b0da-2389f409459f,48,"[1, 0]",1,0,0,,0.5,2
3198,9bf24468-8222-11f1-b0da-2389f409459f,49,"[0, 0]",0,0,0,,0.5,2
3199,9bf24468-8222-11f1-b0da-2389f409459f,49,"[0, 0]",1,0,0,,0.5,2
3200,9bf417fc-8222-11f1-b0da-2389f409459f,0,"[1, 1]",0,1,-1,,0.5,2
3201,9bf417fc-8222-11f1-b0da-2389f409459f,0,"[1, 1]",1,1,-1,,0.5,2
3202,9bf417fc-8222-11f1-b0da-2389f409459f,1,"[1, 1]",0,1,-1,,0.5,2
3203,9bf417fc-8222-11f1-b0da-2389f409459f,1,"[1, 1]",1,1,-1,,0.5,2
3204,9bf417fc-8222-11f1-b0da-2389f409459f,2,"[0, 1]",0,0,0,,0.5,2
3205,9bf417fc-8222-11f1-b0da-2389f409459f,2,"[0, 1]",1,1,1,,0.5,2
3206,9bf417fc-8222-11f1-b0da-2389f409459f,3,"[1, 0]",0,1,1,,0.5,2
3207,9bf417fc-8222-11f1-b0da-2389f409459f,3,"[1, 0]",1,0,0,,0.5,2
3208,9bf417fc-8222-11f1-b0da-2389f409459f,4,"[1, 0]",0,1,1,,0.5,2
3209,9bf417fc-8222-11f1-b0da-2389f409459f,4,"[1, 0]",1,0,0,,0.5,2
3210,9bf417fc-8222-11f1-b0da-2389f409459f,5,"[0, 1]",0,0,0,,0.5,2
3211,9bf417fc-8222-11f1-b0da-2389f409459f,5,"[0, 1]",1,1,1,,0.5,2
3212,9bf417fc-8222-11f1-b0da-2389f409459f,6,"[0, 1]",0,0,0,,0.5,2
3213,9bf417fc-8222-11f1-b0da-2389f409459f,6,"[0, 1]",1,1,1,,0.5,2
3214,9bf417fc-8222-11f1-b0da-2389f409459f,7,"[1, 0]",0,1,1,,0.5,2
3215,9bf417fc-8222-11f1-b0da-2389f409459f,7,"[1, 0]",1,0,0,,0.5,2
3216,9bf417fc-8222-11f1-b0da-2389f409459f,8,"[1, 0]",0,1,1,,0.5,2
3217,9bf417fc-8222-11f1-b0da-2389f409459f,8,"[1, 0]",1,0,0,,0.5,2
3218,9bf417fc-8222-11f1-b0da-2389f409459f,9,"[1, 1]",0,1,-1,,0.5,2
3219,9bf417fc-8222-11f1-b0da-2389f409459f,9,"[1, 1]",1,1,-1,,0.5,2
3220,9bf417fc-8222-11f1-b0da-2389f409459f,10,"[0, 1]",0,0,0,,0.5,2
3221,9bf417fc-8222-11f1-b0da-2389f409459f,10,"[0, 1]",1,1,1,,0.5,2
3222,9bf417fc-8222-11f1-b0da-2389f409459f,11,"[0, 0]",0,0,0,,0.5,2
3223,9bf417fc-8222-11f1-b0da-2389f409459f,11,"[0, 0]",1,0,0,,0.5,2
3224,9bf417fc-8222-11f1-b0da-2389f409459f,12,"[0, 1]",0,0,0,,0.5,2
3225,9bf417fc-8222-11f1-b0da-2389f409459f,12,"[0, 1]",1,1,1,,0.5,2
3226,9bf417fc-8222-11f1-b0da-2389f409459f,13,"[1, 1]",0,1,-1,,0.5,2
3227,9bf417fc-8222-11f1-b0da-2389f409459f,13,"[1, 1]",1,1,-1,,0.5,2
3228,9bf417fc-8222-11f1-b0da-2389f409459f,14,"[0, 1]",0,0,0,,0.5,2
3229,9bf417fc-8222-11f1-b0da-2389f409459f,14,"[0, 1]",1,1,1,,0.5,2
3230,9bf417fc-8222-11f1-b0da-2389f409459f,15,"[1, 0]",0,1,1,,0.5,2
3231,9bf417fc-8222-11f1-b0da-2389f409459f,15,"[1, 0]",1,0,0,,0.5,2
3232,9bf417fc-8222-11f1-b0da-2389f409459f,16,"[1, 1]",0,1,-1,,0.5,2
3233,9bf417fc-8222-11f1-b0da-2389f409459f,16,"[1, 1]",1,1,-1,,0.5,2
3234,9bf417fc-8222-11f1-b0da-2389f409459f,17,"[1, 1]",0,1,-1,,0.5,2
3235,9bf417fc-8222-11f1-b0da-2389f409459f,17,"[1, 1]",1,1,-1,,0.5,2
3236,9bf417fc-8222-11f1-b0da-2389f409459f,18,"[0, 1]",0,0,0,,0.5,2
3237,9bf417fc-8222-11f1-b0da-2389f409459f,18,"[0, 1]",1,1,1,,0.5,2
3238,9bf417fc-8222-11f1-b0da-2389f409459f,19,"[0, 0]",0,0,0,,0.5,2
3239,9bf417fc-8222-11f1-b0da-2389f409459f,19,"[0, 0]",1,0,0,,0.5,2
3240,9bf417fc-8222-11f1-b0da-2389f409459f,20,"[0, 0]",0,0,0,,0.5,2
3241,9bf417fc-8222-11f1-b0da-2389f409459f,20,"[0, 0]",1,0,0,,0.5,2
3242,9bf417fc-8222-11f1-b0da-2389f409459f,21,"[1, 1]",0,1,-1,,0.5,2
3243,9bf417fc-8222-11f1-b0da-2389f409459f,21,"[1, 1]",1,1,-1,,0.5,2
3244,9bf417fc-8222-11f1-b0da-2389f409459f,22,"[0, 1]",0,0,0,,0.5,2
3245,9bf417fc-8222-11f1-b0da-2389f409459f,22,"[0, 1]",1,1,1,,0.5,2
3246,9bf417fc-8222-11f1-b0da-2389f409459f,23,"[0, 0]",0,0,0,,0.5,2
3247,9bf417fc-8222-11f1-b0da-2389f409459f,23,"[0, 0]",1,0,0,,0.5,2
3248,9bf417fc-8222-11f1-b0da-2389f409459f,24,"[0, 1]",0,0,0,,0.5,2
3249,9bf417fc-8222-11f1-b0da-2389f409459f,24,"[0, 1]",1,1,1,,0.5,2
3250,9bf417fc-8222-11f1-b0da-2389f409459f,25,"[1, 1]",0,1,-1,,0.5,2
3251,9bf417fc-8222-11f1-b0da-2389f409459f,25,"[1, 1]",1,1,-1,,0.5,2
3252,9bf417fc-8222-11f1-b0da-2389f409459f,26,"[0, 1]",0,0,0,,0.5,2
3253,9bf417fc-8222-11f1-b0da-2389f409459f,26,"[0, 1]",1,1,1,,0.5,2
3254,9bf417fc-8222-11f1-b0da-2389f409459f,27,"[0, 0]",0,0,0,,0.5,2
3255,9bf417fc-8222-11f1-b0da-2389f409459f,27,"[0, 0]",1,0,0,,0.5,2
3256,9bf417fc-8222-11f1-b0da-2389f409459f,28,"[1, 1]",0,1,-1,,0.5,2
3257,9bf417fc-8222-11f1-b0da-2389f409459f,28,"[1, 1]",1,1,-1,,0.5,2
3258,9bf417fc-8222-11f1-b0da-2389f409459f,29,"[1, 1]",0,1,-1,,0.5,2
3259,9bf417fc-8222-11f1-b0da-2389f409459f,29,"[1, 1]",1,1,-1,,0.5,2
3260,9bf417fc-8222-11f1-b0da-2389f409459f,30,"[0, 1]",0,0,0,,0.5,2
3261,9bf417fc-8222-11f1-b0da-2389f409459f,30,"[0, 1]",1,1,1,,0.5,2
3262,9bf417fc-8222-11f1-b0da-2389f409459f,31,"[1, 0]",0,1,1,,0.5,2
3263,9bf417fc-8222-11f1-b0da-2389f409459f,31,"[1, 0]",1,0,0,,0.5,2
3264,9bf417fc-8222-11f1-b0da-2389f409459f,32,"[0, 0]",0,0,0,,0.5,2
3265,9bf417fc-8222-11f1-b0da-2389f409459f,32,"[0, 0]",1,0,0,,0.5,2
3266,9bf417fc-8222-11f1-b0da-2389f409459f,33,"[1, 1]",0,1,-1,,0.5,2
3267,9bf417fc-8222-11f1-b0da-2389f409459f,33,"[1, 1]",1,1,-1,,0.5,2
3268,9bf417fc-8222-11f1-b0da-2389f409459f,34,"[1, 0]",0,1,1,,0.5,2
3269,9bf417fc-8222-11f1-b0da-2389f409459f,34,"[1, 0]",1,0,0,,0.5,2
3270,9bf417fc-8222-11f1-b0da-2389f409459f,35,"[0, 1]",0,0,0,,0.5,2
3271,9bf417fc-8222-11f1-b0da-2389f409459f,35,"[0, 1]",1,1,1,,0.5,2
3272,9bf417fc-8222-11f1-b0da-2389f409459f,36,"[1, 0]",0,1,1,,0.5,2
3273,9bf417fc-8222-11f1-b0da-2389f409459f,36,"[1, 0]",1,0,0,,0.5,2
3274,9bf417fc-8222-11f1-b0da-2389f409459f,37,"[0, 0]",0,0,0,,0.5,2
3275,9bf417fc-8222-11f1-b0da-2389f409459f,37,"[0, 0]",1,0,0,,0.5,2
3276,9bf417fc-8222-11f1-b0da-2389f409459f,38,"[1, 1]",0,1,-1,,0.5,2
3277,9bf417fc-8222-11f1-b0da-2389f409459f,38,"[1, 1]",1,1,-1,,0.5,2
3278,9bf417fc-8222-11f1-b0da-2389f409459f,39,"[0, 1]",0,0,0,,0.5,2
3279,9bf417fc-8222-11f1-b0da-2389f409459f,39,"[0, 1]",1,1,1,,0.5,2
3280,9bf417fc-8222-11f1-b0da-2389f409459f,40,"[0, 0]",0,0,0,,0.5,2
3281,9bf417fc-8222-11f1-b0da-2389f409459f,40,"[0, 0]",1,0,0,,0.5,2
3282,9bf417fc-8222-11f1-b0da-2389f409459f,41,"[0, 0]",0,0,0,,0.5,2
3283,9bf417fc-8222-11f1-b0da-2389f409459f,41,"[0, 0]",1,0,0,,0.5,2
3284,9bf417fc-8222-11f1-b0da-2389f409459f,42,"[0, 0]",0,0,0,,0.5,2
3285,9bf417fc-8222-11f1-b0da-2389f409459f,42,"[0, 0]",1,0,0,,0.5,2
3286,9bf417fc-8222-11f1-b0da-2389f409459f,43,"[0, 1]",0,0,0,,0.5,2
3287,9bf417fc-8222-11f1-b0da-2389f409459f,43,"[0, 1]",1,1,1,,0.5,2
3288,9bf417fc-8222-11f1-b0da-2389f409459f,44,"[1, 0]",0,1,1,,0.5,2
3289,9bf417fc-8222-11f1-b0da-2389f409459f,44,"[1, 0]",1,0,0,,0.5,2
3290,9bf417fc-8222-11f1-b0da-2389f409459f,45,"[1, 0]",0,1,1,,0.5,2
3291,9bf417fc-8222-11f1-b0da-2389f409459f,45,"[1, 0]",1,0,0,,0.5,2
3292,9bf417fc-8222-11f1-b0da-2389f409459f,46,"[1, 0]",0,1,1,,0.5,2
3293,9bf417fc-8222-11f1-b0da-2389f409459f,46,"[1, 0]",1,0,0,,0.5,2
3294,9bf417fc-8222-11f1-b0da-2389f409459f,47,"[0, 0]",0,0,0,,0.5,2
3295,9bf417fc-8222-11f1-b0da-2389f409459f,47,"[0, 0]",1,0,0,,0.5,2
3296,9bf417fc-8222-11f1-b0da-2389f409459f,48,"[1, 1]",0,1,-1,,0.5,2
3297,9bf417fc-8222-11f1-b0da-2389f409459f,48,"[1, 1]",1,1,-1,,0.5,2
3298,9bf417fc-8222-11f1-b0da-2389f409459f,49,"[0, 1]",0,0,0,,0.5,2
3299,9bf417fc-8222-11f1-b0da-2389f409459f,49,"[0, 1]",1,1,1,,0.5,2
3300,9bf5d8e4-8222-11f1-b0da-2389f409459f,0,"[0, 1]",0,0,0,,0.5,2
3301,9bf5d8e4-8222-11f1-b0da-2389f409459f,0,"[0, 1]",1,1,1,,0.5,2
3302,9bf5d8e4-8222-11f1-b0da-2389f409459f,1,"[1, 1]",0,1,-1,,0.5,2
3303,9bf5d8e4-8222-11f1-b0da-2389f409459f,1,"[1, 1]",1,1,-1,,0.5,2
3304,9bf5d8e4-8222-11f1-b0da-2389f409459f,2,"[1, 1]",0,1,-1,,0.5,2
3305,9bf5d8e4-8222-11f1-b0da-2389f409459f,2,"[1, 1]",1,1,-1,,0.5,2
3306,9bf5d8e4-8222-11f1-b0da-2389f409459f,3,"[1, 1]",0,1,-1,,0.5,2
3307,9bf5d8e4-8222-11f1-b0da-2389f409459f,3,"[1, 1]",1,1,-1,,0.5,2
3308,9bf5d8e4-8222-11f1-b0da-2389f409459f,4,"[1, 1]",0,1,-1,,0.5,2
3309,9bf5d8e4-8222-11f1-b0da-2389f409459f,4,"[1, 1]",1,1,-1,,0.5,2
3310,9bf5d8e4-8222-11f1-b0da-2389f409459f,5,"[1, 1]",0,1,-1,,0.5,2
3311,9bf5d8e4-8222-11f1-b0da-2389f409459f,5,"[1, 1]",1,1,-1,,0.5,2
3312,9bf5d8e4-8222-11f1-b0da-2389f409459f,6,"[0, 1]",0,0,0,,0.5,2
3313,9bf5d8e4-8222-11f1-b0da-2389f409459f,6,"[0, 1]",1,1,1,,0.5,2
3314,9bf5d8e4-8222-11f1-b0da-2389f409459f,7,"[0, 1]",0,0,0,,0.5,2
3315,9bf5d8e4-8222-11f1-b0da-2389f409459f,7,"[0, 1]",1,1,1,,0.5,2
3316,9bf5d8e4-8222-11f1-b0da-2389f409459f,8,"[0, 1]",0,0,0,,0.5,2
3317,9bf5d8e4-8222-11f1-b0da-2389f409459f,8,"[0, 1]",1,1,1,,0.5,2
3318,9bf5d8e4-8222-11f1-b0da-2389f409459f,9,"[0, 1]",0,0,0,,0.5,2
3319,9bf5d8e4-8222-11f1-b0da-2389f409459f,9,"[0, 1]",1,1,1,,0.5,2
3320,9bf5d8e4-8222-11f1-b0da-2389f409459f,10,"[0, 1]",0,0,0,,0.5,2
3321,9bf5d8e4-8222-11f1-b0da-2389f409459f,10,"[0, 1]",1,1,1,,0.5,2
3322,9bf5d8e4-8222-11f1-b0da-2389f409459f,11,"[0, 0]",0,0,0,,0.5,2
3323,9bf5d8e4-8222-11f1-b0da-2389f409459f,11,"[0, 0]",1,0,0,,0.5,2
3324,9bf5d8e4-8222-11f1-b0da-2389f409459f,12,"[0, 1]",0,0,0,,0.5,2
3325,9bf5d8e4-8222-11f1-b0da-2389f409459f,12,"[0, 1]",1,1,1,,0.5,2
3326,9bf5d8e4-8222-11f1-b0da-2389f409459f,13,"[0, 0]",0,0,0,,0.5,2
3327,9bf5d8e4-8222-11f1-b0da-2389f409459f,13,"[0, 0]",1,0,0,,0.5,2
3328,9bf5d8e4-8222-11f1-b0da-2389f409459f,14,"[0, 1]",0,0,0,,0.5,2
3329,9bf5d8e4-8222-11f1-b0da-2389f409459f,14,"[0, 1]",1,1,1,,0.5,2
3330,9bf5d8e4-8222-11f1-b0da-2389f409459f,15,"[1, 1]",0,1,-1,,0.5,2
3331,9bf5d8e4-8222-11f1-b0da-2389f409459f,15,"[1, 1]",1,1,-1,,0.5,2
3332,9bf5d8e4-8222-11f1-b0da-2389f409459f,16,"[1, 1]",0,1,-1,,0.5,2
3333,9bf5d8e4-8222-11f1-b0da-2389f409459f,16,"[1, 1]",1,1,-1,,0.5,2
3334,9bf5d8e4-8222-11f1-b0da-2389f409459f,17,"[0, 1]",0,0,0,,0.5,2
3335,9bf5d8e4-8222-11f1-b0da-2389f409459f,17,"[0, 1]",1,1,1,,0.5,2
3336,9bf5d8e4-8222-11f1-b0da-2389f409459f,18,"[1, 0]",0,1,1,,0.5,2
3337,9bf5d8e4-8222-11f1-b0da-2389f409459f,18,"[1, 0]",1,0,0,,0.5,2
3338,9bf5d8e4-8222-11f1-b0da-2389f409459f,19,"[1, 0]",0,1,1,,0.5,2
3339,9bf5d8e4-8222-11f1-b0da-2389f409459f,19,"[1, 0]",1,0,0,,0.5,2
3340,9bf5d8e4-8222-11f1-b0da-2389f409459f,20,"[0, 0]",0,0,0,,0.5,2
3341,9bf5d8e4-8222-11f1-b0da-2389f409459f,20,"[0, 0]",1,0,0,,0.5,2
3342,9bf5d8e4-8222-11f1-b0da-2389f409459f,21,"[1, 1]",0,1,-1,,0.5,2
3343,9bf5d8e4-8222-11f1-b0da-2389f409459f,21,"[1, 1]",1,1,-1,,0.5,2
3344,9bf5d8e4-8222-11f1-b0da-2389f409459f,22,"[0, 1]",0,0,0,,0.5,2
3345,9bf5d8e4-8222-11f1-b0da-2389f409459f,22,"[0, 1]",1,1,1,,0.5,2
3346,9bf5d8e4-8222-11f1-b0da-2389f409459f,23,"[1, 0]",0,1,1,,0.5,2
3347,9bf5d8e4-8222-11f1-b0da-2389f409459f,23,"[1, 0]",1,0,0,,0.5,2
3348,9bf5d8e4-8222-11f1-b0da-2389f409459f,24,"[1, 0]",0,1,1,,0.5,2
3349,9bf5d8e4-8222-11f1-b0da-2389f409459f,24,"[1, 0]",1,0,0,,0.5,2
3350,9bf5d8e4-8222-11f1-b0da-2389f409459f,25,"[0, 0]",0,0,0,,0.5,2
3351,9bf5d8e4-8222-11f1-b0da-2389f409459f,25,"[0, 0]",1,0,0,,0.5,2
3352,9bf5d8e4-8222-11f1-b0da-2389f409459f,26,"[0, 1]",0,0,0,,0.5,2
3353,9bf5d8e4-8222-11f1-b0da-2389f409459f,26,"[0, 1]",1,1,1,,0.5,2
3354,9bf5d8e4-8222-11f1-b0da-2389f409459f,27,"[1, 1]",0,1,-1,,0.5,2
3355,9bf5d8e4-8222-11f1-b0da-2389f409459f,27,"[1, 1]",1,1,-1,,0.5,2
3356,9bf5d8e4-8222-11f1-b0da-2389f409459f,28,"[0, 1]",0,0,0,,0.5,2
3357,9bf5d8e4-8222-11f1-b0da-2389f409459f,28,"[0, 1]",1,1,1,,0.5,2
3358,9bf5d8e4-8222-11f1-b0da-2389f409459f,29,"[0, 0]",0,0,0,,0.5,2
3359,9bf5d8e4-8222-11f1-b0da-2389f409459f,29,"[0, 0]",1,0,0,,0.5,2
3360,9bf5d8e4-8222-11f1-b0da-2389f409459f,30,"[0, 1]",0,0,0,,0.5,2
3361,9bf5d8e4-8222-11f1-b0da-2389f409459f,30,"[0, 1]",1,1,1,,0.5,2
3362,9bf5d8e4-8222-11f1-b0da-2389f409459f,31,"[1, 0]",0,1,1,,0.5,2
3363,9bf5d8e4-8222-11f1-b0da-2389f409459f,31,"[1, 0]",1,0,0,,0.5,2
3364,9bf5d8e4-8222-11f1-b0da-2389f409459f,32,"[1, 0]",0,1,1,,0.5,2
3365,9bf5d8e4-8222-11f1-b0da-2389f409459f,32,"[1, 0]",1,0,0,,0.5,2
3366,9bf5d8e4-8222-11f1-b0da-2389f409459f,33,"[0, 1]",0,0,0,,0.5,2
3367,9bf5d8e4-8222-11f1-b0da-2389f409459f,33,"[0, 1]",1,1,1,,0.5,2
3368,9bf5d8e4-8222-11f1-b0da-2389f409459f,34,"[1, 1]",0,1,-1,,0.5,2
3369,9bf5d8e4-8222-11f1-b0da-2389f409459f,34,"[1, 1]",1,1,-1,,0.5,2
3370,9bf5d8e4-8222-11f1-b0da-2389f409459f,35,"[0, 1]",0,0,0,,0.5,2
3371,9bf5d8e4-8222-11f1-b0da-2389f409459f,35,"[0, 1]",1,1,1,,0.5,2
3372,9bf5d8e4-8222-11f1-b0da-2389f409459f,36,"[0, 0]",0,0,0,,0.5,2
3373,9bf5d8e4-8222-11f1-b0da-2389f409459f,36,"[0, 0]",1,0,0,,0.5,2
3374,9bf5d8e4-8222-11f1-b0da-2389f409459f,37,"[0, 1]",0,0,0,,0.5,2
3375,9bf5d8e4-8222-11f1-b0da-2389f409459f,37,"[0, 1]",1,1,1,,0.5,2
3376,9bf5d8e4-8222-11f1-b0da-2389f409459f,38,"[0, 1]",0,0,0,,0.5,2
3377,9bf5d8e4-8222-11f1-b0da-2389f409459f,38,"[0, 1]",1,1,1,,0.5,2
3378,9bf5d8e4-8222-11f1-b0da-2389f409459f,39,"[0, 0]",0,0,0,,0.5,2
3379,9bf5d8e4-8222-11f1-b0da-2389f409459f,39,"[0, 0]",1,0,0,,0.5,2
3380,9bf5d8e4-8222-11f1-b0da-2389f409459f,40,"[1, 1]",0,1,-1,,0.5,2
3381,9bf5d8e4-8222-11f1-b0da-2389f409459f,40,"[1, 1]",1,1,-1,,0.5,2
3382,9bf5d8e4-8222-11f1-b0da-2389f409459f,41,"[1, 1]",0,1,-1,,0.5,2
3383,9bf5d8e4-8222-11f1-b0da-2389f409459f,41,"[1, 1]",1,1,-1,,0.5,2
3384,9bf5d8e4-8222-11f1-b0da-2389f409459f,42,"[1, 1]",0,1,-1,,0.5,2
3385,9bf5d8e4-8222-11f1-b0da-2389f409459f,42,"[1, 1]",1,1,-1,,0.5,2
3386,9bf5d8e4-8222-11f1-b0da-2389f409459f,43,"[0, 1]",0,0,0,,0.5,2
3387,9bf5d8e4-8222-11f1-b0da-2389f409459f,43,"[0, 1]",1,1,1,,0.5,2
3388,9bf5d8e4-8222-11f1-b0da-2389f409459f,44,"[0, 1]",0,0,0,,0.5,2
3389,9bf5d8e4-8222-11f1-b0da-2389f409459f,44,"[0, 1]",1,1,1,,0.5,2
3390,9bf5d8e4-8222-11f1-b0da-2389f409459f,45,"[1, 0]",0,1,1,,0.5,2
3391,9bf5d8e4-8222-11f1-b0da-2389f409459f,45,"[1, 0]",1,0,0,,0.5,2
3392,9bf5d8e4-8222-11f1-b0da-2389f409459f,46,"[0, 0]",0,0,0,,0.5,2
3393,9bf5d8e4-8222-11f1-b0da-2389f409459f,46,"[0, 0]",1,0,0,,0.5,2
3394,9bf5d8e4-8222-11f1-b0da-2389f409459f,47,"[0, 1]",0,0,0,,0.5,2
3395,9bf5d8e4-8222-11f1-b0da-2389f409459f,47,"[0, 1]",1,1,1,,0.5,2
3396,9bf5d8e4-8222-11f1-b0da-2389f409459f,48,"[1, 0]",0,1,1,,0.5,2
3397,9bf5d8e4-8222-11f1-b0da-2389f409459f,48,"[1, 0]",1,0,0,,0.5,2
3398,9bf5d8e4-8222-11f1-b0da-2389f409459f,49,"[1, 0]",0,1,1,,0.5,2
3399,9bf5d8e4-8222-11f1-b0da-2389f409459f,49,"[1, 0]",1,0,0,,0.5,2
3400,9bf829be-8222-11f1-b0da-2389f409459f,0,"[0, 0]",0,0,0,,0.5,2
3401,9bf829be-8222-11f1-b0da-2389f409459f,0,"[0, 0]",1,0,0,,0.5,2
3402,9bf829be-8222-11f1-b0da-2389f409459f,1,"[0, 0]",0,0,0,,0.5,2
3403,9bf829be-8222-11f1-b0da-2389f409459f,1,"[0, 0]",1,0,0,,0.5,2
3404,9bf829be-8222-11f1-b0da-2389f409459f,2,"[0, 1]",0,0,0,,0.5,2
3405,9bf829be-8222-11f1-b0da-2389f409459f,2,"[0, 1]",1,1,1,,0.5,2
3406,9bf829be-8222-11f1-b0da-2389f409459f,3,"[0, 0]",0,0,0,,0.5,2
3407,9bf829be-8222-11f1-b0da-2389f409459f,3,"[0, 0]",1,0,0,,0.5,2
3408,9bf829be-8222-11f1-b0da-2389f409459f,4,"[0, 0]",0,0,0,,0.5,2
3409,9bf829be-8222-11f1-b0da-2389f409459f,4,"[0, 0]",1,0,0,,0.5,2
3410,9bf829be-8222-11f1-b0da-2389f409459f,5,"[0, 0]",0,0,0,,0.5,2
3411,9bf829be-8222-11f1-b0da-2389f409459f,5,"[0, 0]",1,0,0,,0.5,2
3412,9bf829be-8222-11f1-b0da-2389f409459f,6,"[0, 0]",0,0,0,,0.5,2
3413,9bf829be-8222-11f1-b0da-2389f409459f,6,"[0, 0]",1,0,0,,0.5,2
3414,9bf829be-8222-11f1-b0da-2389f409459f,7,"[1, 1]",0,1,-1,,0.5,2
3415,9bf829be-8222-11f1-b0da-2389f409459f,7,"[1, 1]",1,1,-1,,0.5,2
3416,9bf829be-8222-11f1-b0da-2389f409459f,8,"[0, 0]",0,0,0,,0.5,2
3417,9bf829be-8222-11f1-b0da-2389f409459f,8,"[0, 0]",1,0,0,,0.5,2
3418,9bf829be-8222-11f1-b0da-2389f409459f,9,"[0, 0]",0,0,0,,0.5,2
3419,9bf829be-8222-11f1-b0da-2389f409459f,9,"[0, 0]",1,0,0,,0.5,2
3420,9bf829be-8222-11f1-b0da-2389f409459f,10,"[0, 0]",0,0,0,,0.5,2
3421,9bf829be-8222-11f1-b0da-2389f409459f,10,"[0, 0]",1,0,0,,0.5,2
3422,9bf829be-8222-11f1-b0da-2389f409459f,11,"[1, 1]",0,1,-1,,0.5,2
3423,9bf829be-8222-11f1-b0da-2389f409459f,11,"[1, 1]",1,1,-1,,0.5,2
3424,9bf829be-8222-11f1-b0da-2389f409459f,12,"[0, 1]",0,0,0,,0.5,2
3425,9bf829be-8222-11f1-b0da-2389f409459f,12,"[0, 1]",1,1,1,,0.5,2
3426,9bf829be-8222-11f1-b0da-2389f409459f,13,"[1, 0]",0,1,1,,0.5,2
3427,9bf829be-8222-11f1-b0da-2389f409459f,13,"[1, 0]",1,0,0,,0.5,2
3428,9bf829be-8222-11f1-b0da-2389f409459f,14,"[1, 0]",0,1,1,,0.5,2
3429,9bf829be-8222-11f1-b0da-2389f409459f,14,"[1, 0]",1,0,0,,0.5,2
3430,9bf829be-8222-11f1-b0da-2389f409459f,15,"[0, 1]",0,0,0,,0.5,2
3431,9bf829be-8222-11f1-b0da-2389f409459f,15,"[0, 1]",1,1,1,,0.5,2
3432,9bf829be-8222-11f1-b0da-2389f409459f,16,"[0, 0]",0,0,0,,0.5,2
3433,9bf829be-8222-11f1-b0da-2389f409459f,16,"[0, 0]",1,0,0,,0.5,2
3434,9bf829be-8222-11f1-b0da-2389f409459f,17,"[1, 0]",0,1,1,,0.5,2
3435,9bf829be-8222-11f1-b0da-2389f409459f,17,"[1, 0]",1,0,0,,0.5,2
3436,9bf829be-8222-11f1-b0da-2389f409459f,18,"[1, 0]",0,1,1,,0.5,2
3437,9bf829be-8222-11f1-b0da-2389f409459f,18,"[1, 0]",1,0,0,,0.5,2
3438,9bf829be-8222-11f1-b0da-2389f409459f,19,"[0, 0]",0,0,0,,0.5,2
3439,9bf829be-8222-11f1-b0da-2389f409459f,19,"[0, 0]",1,0,0,,0.5,2
3440,9bf829be-8222-11f1-b0da-2389f409459f,20,"[0, 0]",0,0,0,,0.5,2
3441,9bf829be-8222-11f1-b0da-2389f409459f,20,"[0, 0]",1,0,0,,0.5,2
3442,9bf829be-8222-11f1-b0da-2389f409459f,21,"[1, 0]",0,1,1,,0.5,2
3443,9bf829be-8222-11f1-b0da-2389f409459f,21,"[1, 0]",1,0,0,,0.5,2
3444,9bf829be-8222-11f1-b0da-2389f409459f,22,"[1, 0]",0,1,1,,0.5,2
3445,9bf829be-8222-11f1-b0da-2389f409459f,22,"[1, 0]",1,0,0,,0.5,2
3446,9bf829be-8222-11f1-b0da-2389f409459f,23,"[1, 0]",0,1,1,,0.5,2
3447,9bf829be-8222-11f1-b0da-2389f409459f,23,"[1, 0]",1,0,0,,0.5,2
3448,9bf829be-8222-11f1-b0da-2389f409459f,24,"[1, 0]",0,1,1,,0.5,2
3449,9bf829be-8222-11f1-b0da-2389f409459f,24,"[1, 0]",1,0,0,,0.5,2
3450,9bf829be-8222-11f1-b0da-2389f409459f,25,"[0, 1]",0,0,0,,0.5,2
3451,9bf829be-8222-11f1-b0da-2389f409459f,25,"[0, 1]",1,1,1,,0.5,2
3452,9bf829be-8222-11f1-b0da-2389f409459f,26,"[1, 0]",0,1,1,,0.5,2
3453,9bf829be-8222-11f1-b0da-2389f409459f,26,"[1, 0]",1,0,0,,0.5,2
3454,9bf829be-8222-11f1-b0da-2389f409459f,27,"[1, 0]",0,1,1,,0.5,2
3455,9bf829be-8222-11f1-b0da-2389f409459f,27,"[1, 0]",1,0,0,,0.5,2
3456,9bf829be-8222-11f1-b0da-2389f409459f,28,"[0, 1]",0,0,0,,0.5,2
3457,9bf829be-8222-11f1-b0da-2389f409459f,28,"[0, 1]",1,1,1,,0.5,2
3458,9bf829be-8222-11f1-b0da-2389f409459f,29,"[0, 0]",0,0,0,,0.5,2
3459,9bf829be-8222-11f1-b0da-2389f409459f,29,"[0, 0]",1,0,0,,0.5,2
3460,9bf829be-8222-11f1-b0da-2389f409459f,30,"[1, 0]",0,1,1,,0.5,2
3461,9bf829be-8222-11f1-b0da-2389f409459f,30,"[1, 0]",1,0,0,,0.5,2
3462,9bf829be-8222-11f1-b0da-2389f409459f,31,"[1, 1]",0,1,-1,,0.5,2
3463,9bf829be-8222-11f1-b0da-2389f409459f,31,"[1, 1]",1,1,-1,,0.5,2
3464,9bf829be-8222-11f1-b0da-2389f409459f,32,"[0, 0]",0,0,0,,0.5,2
3465,9bf829be-8222-11f1-b0da-2389f409459f,32,"[0, 0]",1,0,0,,0.5,2
3466,9bf829be-8222-11f1-b0da-2389f409459f,33,"[1, 1]",0,1,-1,,0.5,2
3467,9bf829be-8222-11f1-b0da-2389f409459f,33,"[1, 1]",1,1,-1,,0.5,2
3468,9bf829be-8222-11f1-b0da-2389f409459f,34,"[0, 0]",0,0,0,,0.5,2
3469,9bf829be-8222-11f1-b0da-2389f409459f,34,"[0, 0]",1,0,0,,0.5,2
3470,9bf829be-8222-11f1-b0da-2389f409459f,35,"[1, 0]",0,1,1,,0.5,2
3471,9bf829be-8222-11f1-b0da-2389f409459f,35,"[1, 0]",1,0,0,,0.5,2
3472,9bf829be-8222-11f1-b0da-2389f409459f,36,"[1, 1]",0,1,-1,,0.5,2
3473,9bf829be-8222-11f1-b0da-2389f409459f,36,"[1, 1]",1,1,-1,,0.5,2
3474,9bf829be-8222-11f1-b0da-2389f409459f,37,"[0, 0]",0,0,0,,0.5,2
3475,9bf829be-8222-11f1-b0da-2389f409459f,37,"[0, 0]",1,0,0,,0.5,2
3476,9bf829be-8222-11f1-b0da-2389f409459f,38,"[1, 0]",0,1,1,,0.5,2
3477,9bf829be-8222-11f1-b0da-2389f409459f,38,"[1, 0]",1,0,0,,0.5,2
3478,9bf829be-8222-11f1-b0da-2389f409459f,39,"[0, 1]",0,0,0,,0.5,2
3479,9bf829be-8222-11f1-b0da-2389f409459f,39,"[0, 1]",1,1,1,,0.5,2
3480,9bf829be-8222-11f1-b0da-2389f409459f,40,"[1, 1]",0,1,-1,,0.5,2
3481,9bf829be-8222-11f1-b0da-2389f409459f,40,"[1, 1]",1,1,-1,,0.5,2
3482,9bf829be-8222-11f1-b0da-2389f409459f,41,"[0, 0]",0,0,0,,0.5,2
3483,9bf829be-8222-11f1-b0da-2389f409459f,41,"[0, 0]",1,0,0,,0.5,2
3484,9bf829be-8222-11f1-b0da-2389f409459f,42,"[1, 0]",0,1,1,,0.5,2
3485,9bf829be-8222-11f1-b0da-2389f409459f,42,"[1, 0]",1,0,0,,0.5,2
3486,9bf829be-8222-11f1-b0da-2389f409459f,43,"[0, 1]",0,0,0,,0.5,2
3487,9bf829be-8222-11f1-b0da-2389f409459f,43,"[0, 1]",1,1,1,,0.5,2
3488,9bf829be-8222-11f1-b0da-2389f409459f,44,"[1, 0]",0,1,1,,0.5,2
3489,9bf829be-8222-11f1-b0da-2389f409459f,44,"[1, 0]",1,0,0,,0.5,2
3490,9bf829be-8222-11f1-b0da-2389f409459f,45,"[0, 0]",0,0,0,,0.5,2
3491,9bf829be-8222-11f1-b0da-2389f409459f,45,"[0, 0]",1,0,0,,0.5,2
3492,9bf829be-8222-11f1-b0da-2389f409459f,46,"[1, 0]",0,1,1,,0.5,2
3493,9bf829be-8222-11f1-b0da-2389f409459f,46,"[1, 0]",1,0,0,,0.5,2
3494,9bf829be-8222-11f1-b0da-2389f409459f,47,"[0, 0]",0,0,0,,0.5,2
3495,9bf829be-8222-11f1-b0da-2389f409459f,47,"[0, 0]",1,0,0,,0.5,2
3496,9bf829be-8222-11f1-b0da-2389f409459f,48,"[1, 1]",0,1,-1,,0.5,2
3497,9bf829be-8222-11f1-b0da-2389f409459f,48,"[1, 1]",1,1,-1,,0.5,2
3498,9bf829be-8222-11f1-b0da-2389f409459f,49,"[1, 0]",0,1,1,,0.5,2
3499,9bf829be-8222-11f1-b0da-2389f409459f,49,"[1, 0]",1,0,0,,0.5,2
3500,9bfa389e-8222-11f1-b0da-2389f409459f,0,"[0, 0]",0,0,0,,0.5,2
3501,9bfa389e-8222-11f1-b0da-2389f409459f,0,"[0, 0]",1,0,0,,0.5,2
3502,9bfa389e-8222-11f1-b0da-2389f409459f,1,"[1, 0]",0,1,1,,0.5,2
3503,9bfa389e-8222-11f1-b0da-2389f409459f,1,"[1, 0]",1,0,0,,0.5,2
3504,9bfa389e-8222-11f1-b0da-2389f409459f,2,"[1, 1]",0,1,-1,,0.5,2
3505,9bfa389e-8222-11f1-b0da-2389f409459f,2,"[1, 1]",1,1,-1,,0.5,2
3506,9bfa389e-8222-11f1-b0da-2389f409459f,3,"[1, 1]",0,1,-1,,0.5,2
3507,9bfa389e-8222-11f1-b0da-2389f409459f,3,"[1, 1]",1,1,-1,,0.5,2
3508,9bfa389e-8222-11f1-b0da-2389f409459f,4,"[1, 0]",0,1,1,,0.5,2
3509,9bfa389e-8222-11f1-b0da-2389f409459f,4,"[1, 0]",1,0,0,,0.5,2
3510,9bfa389e-8222-11f1-b0da-2389f409459f,5,"[1, 1]",0,1,-1,,0.5,2
3511,9bfa389e-8222-11f1-b0da-2389f409459f,5,"[1, 1]",1,1,-1,,0.5,2
3512,9bfa389e-8222-11f1-b0da-2389f409459f,6,"[1, 1]",0,1,-1,,0.5,2
3513,9bfa389e-8222-11f1-b0da-2389f409459f,6,"[1, 1]",1,1,-1,,0.5,2
3514,9bfa389e-8222-11f1-b0da-2389f409459f,7,"[1, 1]",0,1,-1,,0.5,2
3515,9bfa389e-8222-11f1-b0da-2389f409459f,7,"[1, 1]",1,1,-1,,0.5,2
3516,9bfa389e-8222-11f1-b0da-2389f409459f,8,"[1, 1]",0,1,-1,,0.5,2
3517,9bfa389e-8222-11f1-b0da-2389f409459f,8,"[1, 1]",1,1,-1,,0.5,2
3518,9bfa389e-8222-11f1-b0da-2389f409459f,9,"[1, 1]",0,1,-1,,0.5,2
3519,9bfa389e-8222-11f1-b0da-2389f409459f,9,"[1, 1]",1,1,-1,,0.5,2
3520,9bfa389e-8222-11f1-b0da-2389f409459f,10,"[1, 1]",0,1,-1,,0.5,2
3521,9bfa389e-8222-11f1-b0da-2389f409459f,10,"[1, 1]",1,1,-1,,0.5,2
3522,9bfa389e-8222-11f1-b0da-2389f409459f,11,"[1, 0]",0,1,1,,0.5,2
3523,9bfa389e-8222-11f1-b0da-2389f409459f,11,"[1, 0]",1,0,0,,0.5,2
3524,9bfa389e-8222-11f1-b0da-2389f409459f,12,"[1, 1]",0,1,-1,,0.5,2
3525,9bfa389e-8222-11f1-b0da-2389f409459f,12,"[1, 1]",1,1,-1,,0.5,2
3526,9bfa389e-8222-11f1-b0da-2389f409459f,13,"[1, 1]",0,1,-1,,0.5,2
3527,9bfa389e-8222-11f1-b0da-2389f409459f,13,"[1, 1]",1,1,-1,,0.5,2
3528,9bfa389e-8222-11f1-b0da-2389f409459f,14,"[1, 1]",0,1,-1,,0.5,2
3529,9bfa389e-8222-11f1-b0da-2389f409459f,14,"[1, 1]",1,1,-1,,0.5,2
3530,9bfa389e-8222-11f1-b0da-2389f409459f,15,"[1, 0]",0,1,1,,0.5,2
3531,9bfa389e-8222-11f1-b0da-2389f409459f,15,"[1, 0]",1,0,0,,0.5,2
3532,9bfa389e-8222-11f1-b0da-2389f409459f,16,"[1, 1]",0,1,-1,,0.5,2
3533,9bfa389e-8222-11f1-b0da-2389f409459f,16,"[1, 1]",1,1,-1,,0.5,2
3534,9bfa389e-8222-11f1-b0da-2389f409459f,17,"[1, 0]",0,1,1,,0.5,2
3535,9bfa389e-8222-11f1-b0da-2389f409459f,17,"[1, 0]",1,0,0,,0.5,2
3536,9bfa389e-8222-11f1-b0da-2389f409459f,18,"[1, 1]",0,1,-1,,0.5,2
3537,9bfa389e-8222-11f1-b0da-2389f409459f,18,"[1, 1]",1,1,-1,,0.5,2
3538,9bfa389e-8222-11f1-b0da-2389f409459f,19,"[1, 0]",0,1,1,,0.5,2
3539,9bfa389e-8222-11f1-b0da-2389f409459f,19,"[1, 0]",1,0,0,,0.5,2
3540,9bfa389e-8222-11f1-b0da-2389f409459f,20,"[1, 1]",0,1,-1,,0.5,2
3541,9bfa389e-8222-11f1-b0da-2389f409459f,20,"[1, 1]",1,1,-1,,0.5,2
3542,9bfa389e-8222-11f1-b0da-2389f409459f,21,"[1, 1]",0,1,-1,,0.5,2
3543,9bfa389e-8222-11f1-b0da-2389f409459f,21,"[1, 1]",1,1,-1,,0.5,2
3544,9bfa389e-8222-11f1-b0da-2389f409459f,22,"[1, 0]",0,1,1,,0.5,2
3545,9bfa389e-8222-11f1-b0da-2389f409459f,22,"[1, 0]",1,0,0,,0.5,2
3546,9bfa389e-8222-11f1-b0da-2389f409459f,23,"[1, 1]",0,1,-1,,0.5,2
3547,9bfa389e-8222-11f1-b0da-2389f409459f,23,"[1, 1]",1,1,-1,,0.5,2
3548,9bfa389e-8222-11f1-b0da-2389f409459f,24,"[1, 1]",0,1,-1,,0.5,2
3549,9bfa389e-8222-11f1-b0da-2389f409459f,24,"[1, 1]",1,1,-1,,0.5,2
3550,9bfa389e-8222-11f1-b0da-2389f409459f,25,"[1, 0]",0,1,1,,0.5,2
3551,9bfa389e-8222-11f1-b0da-2389f409459f,25,"[1, 0]",1,0,0,,0.5,2
3552,9bfa389e-8222-11f1-b0da-2389f409459f,26,"[1, 1]",0,1,-1,,0.5,2
3553,9bfa389e-8222-11f1-b0da-2389f409459f,26,"[1, 1]",1,1,-1,,0.5,2
3554,9bfa389e-8222-11f1-b0da-2389f409459f,27,"[1, 1]",0,1,-1,,0.5,2
3555,9bfa389e-8222-11f1-b0da-2389f409459f,27,"[1, 1]",1,1,-1,,0.5,2
3556,9bfa389e-8222-11f1-b0da-2389f409459f,28,"[1, 1]",0,1,-1,,0.5,2
3557,9bfa389e-8222-11f1-b0da-2389f409459f,28,"[1, 1]",1,1,-1,,0.5,2
3558,9bfa389e-8222-11f1-b0da-2389f409459f,29,"[1, 1]",0,1,-1,,0.5,2
3559,9bfa389e-8222-11f1-b0da-2389f409459f,29,"[1, 1]",1,1,-1,,0.5,2
3560,9bfa389e-8222-11f1-b0da-2389f409459f,30,"[1, 0]",0,1,1,,0.5,2
3561,9bfa389e-8222-11f1-b0da-2389f409459f,30,"[1, 0]",1,0,0,,0.5,2
3562,9bfa389e-8222-11f1-b0da-2389f409459f,31,"[1, 1]",0,1,-1,,0.5,2
3563,9bfa389e-8222-11f1-b0da-2389f409459f,31,"[1, 1]",1,1,-1,,0.5,2
3564,9bfa389e-8222-11f1-b0da-2389f409459f,32,"[1, 1]",0,1,-1,,0.5,2
3565,9bfa389e-8222-11f1-b0da-2389f409459f,32,"[1, 1]",1,1,-1,,0.5,2
3566,9bfa389e-8222-11f1-b0da-2389f409459f,33,"[1, 1]",0,1,-1,,0.5,2
3567,9bfa389e-8222-11f1-b0da-2389f409459f,33,"[1, 1]",1,1,-1,,0.5,2
3568,9bfa389e-8222-11f1-b0da-2389f409459f,34,"[1, 0]",0,1,1,,0.5,2
3569,9bfa389e-8222-11f1-b0da-2389f409459f,34,"[1, 0]",1,0,0,,0.5,2
3570,9bfa389e-8222-11f1-b0da-2389f409459f,35,"[1, 1]",0,1,-1,,0.5,2
3571,9bfa389e-8222-11f1-b0da-2389f409459f,35,"[1, 1]",1,1,-1,,0.5,2
3572,9bfa389e-8222-11f1-b0da-2389f409459f,36,"[1, 1]",0,1,-1,,0.5,2
3573,9bfa389e-8222-11f1-b0da-2389f409459f,36,"[1, 1]",1,1,-1,,0.5,2
3574,9bfa389e-8222-11f1-b0da-2389f409459f,37,"[1, 1]",0,1,-1,,0.5,2
3575,9bfa389e-8222-11f1-b0da-2389f409459f,37,"[1, 1]",1,1,-1,,0.5,2
3576,9bfa389e-8222-11f1-b0da-2389f409459f,38,"[1, 0]",0,1,1,,0.5,2
3577,9bfa389e-8222-11f1-b0da-2389f409459f,38,"[1, 0]",1,0,0,,0.5,2
3578,9bfa389e-8222-11f1-b0da-2389f409459f,39,"[1, 1]",0,1,-1,,0.5,2
3579,9bfa389e-8222-11f1-b0da-2389f409459f,39,"[1, 1]",1,1,-1,,0.5,2
3580,9bfa389e-8222-11f1-b0da-2389f409459f,40,"[1, 0]",0,1,1,,0.5,2
3581,9bfa389e-8222-11f1-b0da-2389f409459f,40,"[1, 0]",1,0,0,,0.5,2
3582,9bfa389e-8222-11f1-b0da-2389f409459f,41,"[1, 1]",0,1,-1,,0.5,2
3583,9bfa389e-8222-11f1-b0da-2389f409459f,41,"[1, 1]",1,1,-1,,0.5,2
3584,9bfa389e-8222-11f1-b0da-2389f409459f,42,"[1, 0]",0,1,1,,0.5,2
3585,9bfa389e-8222-11f1-b0da-2389f409459f,42,"[1, 0]",1,0,0,,0.5,2
3586,9bfa389e-8222-11f1-b0da-2389f409459f,43,"[1, 1]",0,1,-1,,0.5,2
3587,9bfa389e-8222-11f1-b0da-2389f409459f,43,"[1, 1]",1,1,-1,,0.5,2
3588,9bfa389e-8222-11f1-b0da-2389f409459f,44,"[1, 0]",0,1,1,,0.5,2
3589,9bfa389e-8222-11f1-b0da-2389f409459f,44,"[1, 0]",1,0,0,,0.5,2
3590,9bfa389e-8222-11f1-b0da-2389f409459f,45,"[1, 1]",0,1,-1,,0.5,2
3591,9bfa389e-8222-11f1-b0da-2389f409459f,45,"[1, 1]",1,1,-1,,0.5,2
3592,9bfa389e-8222-11f1-b0da-2389f409459f,46,"[1, 0]",0,1,1,,0.5,2
3593,9bfa389e-8222-11f1-b0da-2389f409459f,46,"[1, 0]",1,0,0,,0.5,2
3594,9bfa389e-8222-11f1-b0da-2389f409459f,47,"[1, 1]",0,1,-1,,0.5,2
3595,9bfa389e-8222-11f1-b0da-2389f409459f,47,"[1, 1]",1,1,-1,,0.5,2
3596,9bfa389e-8222-11f1-b0da-2389f409459f,48,"[1, 0]",0,1,1,,0.5,2
3597,9bfa389e-8222-11f1-b0da-2389f409459f,48,"[1, 0]",1,0,0,,0.5,2
3598,9bfa389e-8222-11f1-b0da-2389f409459f,49,"[1, 1]",0,1,-1,,0.5,2
3599,9bfa389e-8222-11f1-b0da-2389f409459f,49,"[1, 1]",1,1,-1,,0.5,2
3600,9bfbc34e-8222-11f1-b0da-2389f409459f,0,"[1, 0]",0,1,1,,0.5,2
3601,9bfbc34e-8222-11f1-b0da-2389f409459f,0,"[1, 0]",1,0,0,,0.5,2
3602,9bfbc34e-8222-11f1-b0da-2389f409459f,1,"[1, 0]",0,1,1,,0.5,2
3603,9bfbc34e-8222-11f1-b0da-2389f409459f,1,"[1, 0]",1,0,0,,0.5,2
3604,9bfbc34e-8222-11f1-b0da-2389f409459f,2,"[0, 0]",0,0,0,,0.5,2
3605,9bfbc34e-8222-11f1-b0da-2389f409459f,2,"[0, 0]",1,0,0,,0.5,2
3606,9bfbc34e-8222-11f1-b0da-2389f409459f,3,"[1, 0]",0,1,1,,0.5,2
3607,9bfbc34e-8222-11f1-b0da-2389f409459f,3,"[1, 0]",1,0,0,,0.5,2
3608,9bfbc34e-8222-11f1-b0da-2389f409459f,4,"[1, 0]",0,1,1,,0.5,2
3609,9bfbc34e-8222-11f1-b0da-2389f409459f,4,"[1, 0]",1,0,0,,0.5,2
3610,9bfbc34e-8222-11f1-b0da-2389f409459f,5,"[1, 0]",0,1,1,,0.5,2
3611,9bfbc34e-8222-11f1-b0da-2389f409459f,5,"[1, 0]",1,0,0,,0.5,2
3612,9bfbc34e-8222-11f1-b0da-2389f409459f,6,"[1, 0]",0,1,1,,0.5,2
3613,9bfbc34e-8222-11f1-b0da-2389f409459f,6,"[1, 0]",1,0,0,,0.5,2
3614,9bfbc34e-8222-11f1-b0da-2389f409459f,7,"[1, 0]",0,1,1,,0.5,2
3615,9bfbc34e-8222-11f1-b0da-2389f409459f,7,"[1, 0]",1,0,0,,0.5,2
3616,9bfbc34e-8222-11f1-b0da-2389f409459f,8,"[1, 1]",0,1,-1,,0.5,2
3617,9bfbc34e-8222-11f1-b0da-2389f409459f,8,"[1, 1]",1,1,-1,,0.5,2
3618,9bfbc34e-8222-11f1-b0da-2389f409459f,9,"[1, 0]",0,1,1,,0.5,2
3619,9bfbc34e-8222-11f1-b0da-2389f409459f,9,"[1, 0]",1,0,0,,0.5,2
3620,9bfbc34e-8222-11f1-b0da-2389f409459f,10,"[1, 0]",0,1,1,,0.5,2
3621,9bfbc34e-8222-11f1-b0da-2389f409459f,10,"[1, 0]",1,0,0,,0.5,2
3622,9bfbc34e-8222-11f1-b0da-2389f409459f,11,"[1, 1]",0,1,-1,,0.5,2
3623,9bfbc34e-8222-11f1-b0da-2389f409459f,11,"[1, 1]",1,1,-1,,0.5,2
3624,9bfbc34e-8222-11f1-b0da-2389f409459f,12,"[1, 1]",0,1,-1,,0.5,2
3625,9bfbc34e-8222-11f1-b0da-2389f409459f,12,"[1, 1]",1,1,-1,,0.5,2
3626,9bfbc34e-8222-11f1-b0da-2389f409459f,13,"[1, 1]",0,1,-1,,0.5,2
3627,9bfbc34e-8222-11f1-b0da-2389f409459f,13,"[1, 1]",1,1,-1,,0.5,2
3628,9bfbc34e-8222-11f1-b0da-2389f409459f,14,"[1, 1]",0,1,-1,,0.5,2
3629,9bfbc34e-8222-11f1-b0da-2389f409459f,14,"[1, 1]",1,1,-1,,0.5,2
3630,9bfbc34e-8222-11f1-b0da-2389f409459f,15,"[1, 0]",0,1,1,,0.5,2
3631,9bfbc34e-8222-11f1-b0da-2389f409459f,15,"[1, 0]",1,0,0,,0.5,2
3632,9bfbc34e-8222-11f1-b0da-2389f409459f,16,"[1, 1]",0,1,-1,,0.5,2
3633,9bfbc34e-8222-11f1-b0da-2389f409459f,16,"[1, 1]",1,1,-1,,0.5,2
3634,9bfbc34e-8222-11f1-b0da-2389f409459f,17,"[1, 0]",0,1,1,,0.5,2
3635,9bfbc34e-8222-11f1-b0da-2389f409459f,17,"[1, 0]",1,0,0,,0.5,2
3636,9bfbc34e-8222-11f1-b0da-2389f409459f,18,"[1, 1]",0,1,-1,,0.5,2
3637,9bfbc34e-8222-11f1-b0da-2389f409459f,18,"[1, 1]",1,1,-1,,0.5,2
3638,9bfbc34e-8222-11f1-b0da-2389f409459f,19,"[1, 1]",0,1,-1,,0.5,2
3639,9bfbc34e-8222-11f1-b0da-2389f409459f,19,"[1, 1]",1,1,-1,,0.5,2
3640,9bfbc34e-8222-11f1-b0da-2389f409459f,20,"[1, 1]",0,1,-1,,0.5,2
3641,9bfbc34e-8222-11f1-b0da-2389f409459f,20,"[1, 1]",1,1,-1,,0.5,2
3642,9bfbc34e-8222-11f1-b0da-2389f409459f,21,"[1, 0]",0,1,1,,0.5,2
3643,9bfbc34e-8222-11f1-b0da-2389f409459f,21,"[1, 0]",1,0,0,,0.5,2
3644,9bfbc34e-8222-11f1-b0da-2389f409459f,22,"[1, 0]",0,1,1,,0.5,2
3645,9bfbc34e-8222-11f1-b0da-2389f409459f,22,"[1, 0]",1,0,0,,0.5,2
3646,9bfbc34e-8222-11f1-b0da-2389f409459f,23,"[1, 1]",0,1,-1,,0.5,2
3647,9bfbc34e-8222-11f1-b0da-2389f409459f,23,"[1, 1]",1,1,-1,,0.5,2
3648,9bfbc34e-8222-11f1-b0da-2389f409459f,24,"[1, 0]",0,1,1,,0.5,2
3649,9bfbc34e-8222-11f1-b0da-2389f409459f,24,"[1, 0]",1,0,0,,0.5,2
3650,9bfbc34e-8222-11f1-b0da-2389f409459f,25,"[1, 0]",0,1,1,,0.5,2
3651,9bfbc34e-8222-11f1-b0da-2389f409459f,25,"[1, 0]",1,0,0,,0.5,2
3652,9bfbc34e-8222-11f1-b0da-2389f409459f,26,"[1, 1]",0,1,-1,,0.5,2
3653,9bfbc34e-8222-11f1-b0da-2389f409459f,26,"[1, 1]",1,1,-1,,0.5,2
3654,9bfbc34e-8222-11f1-b0da-2389f409459f,27,"[1, 1]",0,1,-1,,0.5,2
3655,9bfbc34e-8222-11f1-b0da-2389f409459f,27,"[1, 1]",1,1,-1,,0.5,2
3656,9bfbc34e-8222-11f1-b0da-2389f409459f,28,"[1, 1]",0,1,-1,,0.5,2
3657,9bfbc34e-8222-11f1-b0da-2389f409459f,28,"[1, 1]",1,1,-1,,0.5,2
3658,9bfbc34e-8222-11f1-b0da-2389f409459f,29,"[1, 1]",0,1,-1,,0.5,2
3659,9bfbc34e-8222-11f1-b0da-2389f409459f,29,"[1, 1]",1,1,-1,,0.5,2
3660,9bfbc34e-8222-11f1-b0da-2389f409459f,30,"[1, 0]",0,1,1,,0.5,2
3661,9bfbc34e-8222-11f1-b0da-2389f409459f,30,"[1, 0]",1,0,0,,0.5,2
3662,9bfbc34e-8222-11f1-b0da-2389f409459f,31,"[1, 0]",0,1,1,,0.5,2
3663,9bfbc34e-8222-11f1-b0da-2389f409459f,31,"[1, 0]",1,0,0,,0.5,2
3664,9bfbc34e-8222-11f1-b0da-2389f409459f,32,"[1, 0]",0,1,1,,0.5,2
3665,9bfbc34e-8222-11f1-b0da-2389f409459f,32,"[1, 0]",1,0,0,,0.5,2
3666,9bfbc34e-8222-11f1-b0da-2389f409459f,33,"[1, 0]",0,1,1,,0.5,2
3667,9bfbc34e-8222-11f1-b0da-2389f409459f,33,"[1, 0]",1,0,0,,0.5,2
3668,9bfbc34e-8222-11f1-b0da-2389f409459f,34,"[1, 0]",0,1,1,,0.5,2
3669,9bfbc34e-8222-11f1-b0da-2389f409459f,34,"[1, 0]",1,0,0,,0.5,2
3670,9bfbc34e-8222-11f1-b0da-2389f409459f,35,"[1, 0]",0,1,1,,0.5,2
3671,9bfbc34e-8222-11f1-b0da-2389f409459f,35,"[1, 0]",1,0,0,,0.5,2
3672,9bfbc34e-8222-11f1-b0da-2389f409459f,36,"[1, 0]",0,1,1,,0.5,2
3673,9bfbc34e-8222-11f1-b0da-2389f409459f,36,"[1, 0]",1,0,0,,0.5,2
3674,9bfbc34e-8222-11f1-b0da-2389f409459f,37,"[1, 0]",0,1,1,,0.5,2
3675,9bfbc34e-8222-11f1-b0da-2389f409459f,37,"[1, 0]",1,0,0,,0.5,2
3676,9bfbc34e-8222-11f1-b0da-2389f409459f,38,"[1, 0]",0,1,1,,0.5,2
3677,9bfbc34e-8222-11f1-b0da-2389f409459f,38,"[1, 0]",1,0,0,,0.5,2
3678,9bfbc34e-8222-11f1-b0da-2389f409459f,39,"[1, 0]",0,1,1,,0.5,2
3679,9bfbc34e-8222-11f1-b0da-2389f409459f,39,"[1, 0]",1,0,0,,0.5,2
3680,9bfbc34e-8222-11f1-b0da-2389f409459f,40,"[1, 1]",0,1,-1,,0.5,2
3681,9bfbc34e-8222-11f1-b0da-2389f409459f,40,"[1, 1]",1,1,-1,,0.5,2
3682,9bfbc34e-8222-11f1-b0da-2389f409459f,41,"[1, 0]",0,1,1,,0.5,2
3683,9bfbc34e-8222-11f1-b0da-2389f409459f,41,"[1, 0]",1,0,0,,0.5,2
3684,9bfbc34e-8222-11f1-b0da-2389f409459f,42,"[1, 0]",0,1,1,,0.5,2
3685,9bfbc34e-8222-11f1-b0da-2389f409459f,42,"[1, 0]",1,0,0,,0.5,2
3686,9bfbc34e-8222-11f1-b0da-2389f409459f,43,"[1, 0]",0,1,1,,0.5,2
3687,9bfbc34e-8222-11f1-b0da-2389f409459f,43,"[1, 0]",1,0,0,,0.5,2
3688,9bfbc34e-8222-11f1-b0da-2389f409459f,44,"[1, 0]",0,1,1,,0.5,2
3689,9bfbc34e-8222-11f1-b0da-2389f409459f,44,"[1, 0]",1,0,0,,0.5,2
3690,9bfbc34e-8222-11f1-b0da-2389f409459f,45,"[1, 0]",0,1,1,,0.5,2
3691,9bfbc34e-8222-11f1-b0da-2389f409459f,45,"[1, 0]",1,0,0,,0.5,2
3692,9bfbc34e-8222-11f1-b0da-2389f409459f,46,"[1, 0]",0,1,1,,0.5,2
3693,9bfbc34e-8222-11f1-b0da-2389f409459f,46,"[1, 0]",1,0,0,,0.5,2
3694,9bfbc34e-8222-11f1-b0da-2389f409459f,47,"[1, 0]",0,1,1,,0.5,2
3695,9bfbc34e-8222-11f1-b0da-2389f409459f,47,"[1, 0]",1,0,0,,0.5,2
3696,9bfbc34e-8222-11f1-b0da-2389f409459f,48,"[1, 0]",0,1,1,,0.5,2
3697,9bfbc34e-8222-11f1-b0da-2389f409459f,48,"[1, 0]",1,0,0,,0.5,2
3698,9bfbc34e-8222-11f1-b0da-2389f409459f,49,"[1, 0]",0,1,1,,0.5,2
3699,9bfbc34e-8222-11f1-b0da-2389f409459f,49,"[1, 0]",1,0,0,,0.5,2
3700,9bfd8a62-8222-11f1-b0da-2389f409459f,0,"[0, 0]",0,0,0,,0.5,2
3701,9bfd8a62-8222-11f1-b0da-2389f409459f,0,"[0, 0]",1,0,0,,0.5,2
3702,9bfd8a62-8222-11f1-b0da-2389f409459f,1,"[0, 0]",0,0,0,,0.5,2
3703,9bfd8a62-8222-11f1-b0da-2389f409459f,1,"[0, 0]",1,0,0,,0.5,2
3704,9bfd8a62-8222-11f1-b0da-2389f409459f,2,"[1, 0]",0,1,1,,0.5,2
3705,9bfd8a62-8222-11f1-b0da-2389f409459f,2,"[1, 0]",1,0,0,,0.5,2
3706,9bfd8a62-8222-11f1-b0da-2389f409459f,3,"[1, 0]",0,1,1,,0.5,2
3707,9bfd8a62-8222-11f1-b0da-2389f409459f,3,"[1, 0]",1,0,0,,0.5,2
3708,9bfd8a62-8222-11f1-b0da-2389f409459f,4,"[0, 0]",0,0,0,,0.5,2
3709,9bfd8a62-8222-11f1-b0da-2389f409459f,4,"[0, 0]",1,0,0,,0.5,2
3710,9bfd8a62-8222-11f1-b0da-2389f409459f,5,"[1, 0]",0,1,1,,0.5,2
3711,9bfd8a62-8222-11f1-b0da-2389f409459f,5,"[1, 0]",1,0,0,,0.5,2
3712,9bfd8a62-8222-11f1-b0da-2389f409459f,6,"[0, 0]",0,0,0,,0.5,2
3713,9bfd8a62-8222-11f1-b0da-2389f409459f,6,"[0, 0]",1,0,0,,0.5,2
3714,9bfd8a62-8222-11f1-b0da-2389f409459f,7,"[0, 0]",0,0,0,,0.5,2
3715,9bfd8a62-8222-11f1-b0da-2389f409459f,7,"[0, 0]",1,0,0,,0.5,2
3716,9bfd8a62-8222-11f1-b0da-2389f409459f,8,"[1, 0]",0,1,1,,0.5,2
3717,9bfd8a62-8222-11f1-b0da-2389f409459f,8,"[1, 0]",1,0,0,,0.5,2
3718,9bfd8a62-8222-11f1-b0da-2389f409459f,9,"[0, 0]",0,0,0,,0.5,2
3719,9bfd8a62-8222-11f1-b0da-2389f409459f,9,"[0, 0]",1,0,0,,0.5,2
3720,9bfd8a62-8222-11f1-b0da-2389f409459f,10,"[1, 1]",0,1,-1,,0.5,2
3721,9bfd8a62-8222-11f1-b0da-2389f409459f,10,"[1, 1]",1,1,-1,,0.5,2
3722,9bfd8a62-8222-11f1-b0da-2389f409459f,11,"[0, 1]",0,0,0,,0.5,2
3723,9bfd8a62-8222-11f1-b0da-2389f409459f,11,"[0, 1]",1,1,1,,0.5,2
3724,9bfd8a62-8222-11f1-b0da-2389f409459f,12,"[1, 0]",0,1,1,,0.5,2
3725,9bfd8a62-8222-11f1-b0da-2389f409459f,12,"[1, 0]",1,0,0,,0.5,2
3726,9bfd8a62-8222-11f1-b0da-2389f409459f,13,"[0, 1]",0,0,0,,0.5,2
3727,9bfd8a62-8222-11f1-b0da-2389f409459f,13,"[0, 1]",1,1,1,,0.5,2
3728,9bfd8a62-8222-11f1-b0da-2389f409459f,14,"[1, 0]",0,1,1,,0.5,2
3729,9bfd8a62-8222-11f1-b0da-2389f409459f,14,"[1, 0]",1,0,0,,0.5,2
3730,9bfd8a62-8222-11f1-b0da-2389f409459f,15,"[1, 0]",0,1,1,,0.5,2
3731,9bfd8a62-8222-11f1-b0da-2389f409459f,15,"[1, 0]",1,0,0,,0.5,2
3732,9bfd8a62-8222-11f1-b0da-2389f409459f,16,"[0, 0]",0,0,0,,0.5,2
3733,9bfd8a62-8222-11f1-b0da-2389f409459f,16,"[0, 0]",1,0,0,,0.5,2
3734,9bfd8a62-8222-11f1-b0da-2389f409459f,17,"[1, 1]",0,1,-1,,0.5,2
3735,9bfd8a62-8222-11f1-b0da-2389f409459f,17,"[1, 1]",1,1,-1,,0.5,2
3736,9bfd8a62-8222-11f1-b0da-2389f409459f,18,"[0, 1]",0,0,0,,0.5,2
3737,9bfd8a62-8222-11f1-b0da-2389f409459f,18,"[0, 1]",1,1,1,,0.5,2
3738,9bfd8a62-8222-11f1-b0da-2389f409459f,19,"[1, 0]",0,1,1,,0.5,2
3739,9bfd8a62-8222-11f1-b0da-2389f409459f,19,"[1, 0]",1,0,0,,0.5,2
3740,9bfd8a62-8222-11f1-b0da-2389f409459f,20,"[0, 1]",0,0,0,,0.5,2
3741,9bfd8a62-8222-11f1-b0da-2389f409459f,20,"[0, 1]",1,1,1,,0.5,2
3742,9bfd8a62-8222-11f1-b0da-2389f409459f,21,"[1, 1]",0,1,-1,,0.5,2
3743,9bfd8a62-8222-11f1-b0da-2389f409459f,21,"[1, 1]",1,1,-1,,0.5,2
3744,9bfd8a62-8222-11f1-b0da-2389f409459f,22,"[1, 1]",0,1,-1,,0.5,2
3745,9bfd8a62-8222-11f1-b0da-2389f409459f,22,"[1, 1]",1,1,-1,,0.5,2
3746,9bfd8a62-8222-11f1-b0da-2389f409459f,23,"[0, 1]",0,0,0,,0.5,2
3747,9bfd8a62-8222-11f1-b0da-2389f409459f,23,"[0, 1]",1,1,1,,0.5,2
3748,9bfd8a62-8222-11f1-b0da-2389f409459f,24,"[1, 1]",0,1,-1,,0.5,2
3749,9bfd8a62-8222-11f1-b0da-2389f409459f,24,"[1, 1]",1,1,-1,,0.5,2
3750,9bfd8a62-8222-11f1-b0da-2389f409459f,25,"[0, 0]",0,0,0,,0.5,2
3751,9bfd8a62-8222-11f1-b0da-2389f409459f,25,"[0, 0]",1,0,0,,0.5,2
3752,9bfd8a62-8222-11f1-b0da-2389f409459f,26,"[0, 1]",0,0,0,,0.5,2
3753,9bfd8a62-8222-11f1-b0da-2389f409459f,26,"[0, 1]",1,1,1,,0.5,2
3754,9bfd8a62-8222-11f1-b0da-2389f409459f,27,"[1, 0]",0,1,1,,0.5,2
3755,9bfd8a62-8222-11f1-b0da-2389f409459f,27,"[1, 0]",1,0,0,,0.5,2
3756,9bfd8a62-8222-11f1-b0da-2389f409459f,28,"[1, 1]",0,1,-1,,0.5,2
3757,9bfd8a62-8222-11f1-b0da-2389f409459f,28,"[1, 1]",1,1,-1,,0.5,2
3758,9bfd8a62-8222-11f1-b0da-2389f409459f,29,"[0, 0]",0,0,0,,0.5,2
3759,9bfd8a62-8222-11f1-b0da-2389f409459f,29,"[0, 0]",1,0,0,,0.5,2
3760,9bfd8a62-8222-11f1-b0da-2389f409459f,30,"[0, 0]",0,0,0,,0.5,2
3761,9bfd8a62-8222-11f1-b0da-2389f409459f,30,"[0, 0]",1,0,0,,0.5,2
3762,9bfd8a62-8222-11f1-b0da-2389f409459f,31,"[0, 0]",0,0,0,,0.5,2
3763,9bfd8a62-8222-11f1-b0da-2389f409459f,31,"[0, 0]",1,0,0,,0.5,2
3764,9bfd8a62-8222-11f1-b0da-2389f409459f,32,"[1, 0]",0,1,1,,0.5,2
3765,9bfd8a62-8222-11f1-b0da-2389f409459f,32,"[1, 0]",1,0,0,,0.5,2
3766,9bfd8a62-8222-11f1-b0da-2389f409459f,33,"[0, 1]",0,0,0,,0.5,2
3767,9bfd8a62-8222-11f1-b0da-2389f409459f,33,"[0, 1]",1,1,1,,0.5,2
3768,9bfd8a62-8222-11f1-b0da-2389f409459f,34,"[1, 0]",0,1,1,,0.5,2
3769,9bfd8a62-8222-11f1-b0da-2389f409459f,34,"[1, 0]",1,0,0,,0.5,2
3770,9bfd8a62-8222-11f1-b0da-2389f409459f,35,"[0, 0]",0,0,0,,0.5,2
3771,9bfd8a62-8222-11f1-b0da-2389f409459f,35,"[0, 0]",1,0,0,,0.5,2
3772,9bfd8a62-8222-11f1-b0da-2389f409459f,36,"[0, 0]",0,0,0,,0.5,2
3773,9bfd8a62-8222-11f1-b0da-2389f409459f,36,"[0, 0]",1,0,0,,0.5,2
3774,9bfd8a62-8222-11f1-b0da-2389f409459f,37,"[0, 0]",0,0,0,,0.5,2
3775,9bfd8a62-8222-11f1-b0da-2389f409459f,37,"[0, 0]",1,0,0,,0.5,2
3776,9bfd8a62-8222-11f1-b0da-2389f409459f,38,"[1, 0]",0,1,1,,0.5,2
3777,9bfd8a62-8222-11f1-b0da-2389f409459f,38,"[1, 0]",1,0,0,,0.5,2
3778,9bfd8a62-8222-11f1-b0da-2389f409459f,39,"[0, 1]",0,0,0,,0.5,2
3779,9bfd8a62-8222-11f1-b0da-2389f409459f,39,"[0, 1]",1,1,1,,0.5,2
3780,9bfd8a62-8222-11f1-b0da-2389f409459f,40,"[1, 1]",0,1,-1,,0.5,2
3781,9bfd8a62-8222-11f1-b0da-2389f409459f,40,"[1, 1]",1,1,-1,,0.5,2
3782,9bfd8a62-8222-11f1-b0da-2389f409459f,41,"[0, 0]",0,0,0,,0.5,2
3783,9bfd8a62-8222-11f1-b0da-2389f409459f,41,"[0, 0]",1,0,0,,0.5,2
3784,9bfd8a62-8222-11f1-b0da-2389f409459f,42,"[0, 0]",0,0,0,,0.5,2
3785,9bfd8a62-8222-11f1-b0da-2389f409459f,42,"[0, 0]",1,0,0,,0.5,2
3786,9bfd8a62-8222-11f1-b0da-2389f409459f,43,"[1, 0]",0,1,1,,0.5,2
3787,9bfd8a62-8222-11f1-b0da-2389f409459f,43,"[1, 0]",1,0,0,,0.5,2
3788,9bfd8a62-8222-11f1-b0da-2389f409459f,44,"[0, 1]",0,0,0,,0.5,2
3789,9bfd8a62-8222-11f1-b0da-2389f409459f,44,"[0, 1]",1,1,1,,0.5,2
3790,9bfd8a62-8222-11f1-b0da-2389f409459f,45,"[1, 1]",0,1,-1,,0.5,2
3791,9bfd8a62-8222-11f1-b0da-2389f409459f,45,"[1, 1]",1,1,-1,,0.5,2
3792,9bfd8a62-8222-11f1-b0da-2389f409459f,46,"[1, 0]",0,1,1,,0.5,2
3793,9bfd8a62-8222-11f1-b0da-2389f409459f,46,"[1, 0]",1,0,0,,0.5,2
3794,9bfd8a62-8222-11f1-b0da-2389f409459f,47,"[1, 1]",0,1,-1,,0.5,2
3795,9bfd8a62-8222-11f1-b0da-2389f409459f,47,"[1, 1]",1,1,-1,,0.5,2
3796,9bfd8a62-8222-11f1-b0da-2389f409459f,48,"[1, 1]",0,1,-1,,0.5,2
3797,9bfd8a62-8222-11f1-b0da-2389f409459f,48,"[1, 1]",1,1,-1,,0.5,2
3798,9bfd8a62-8222-11f1-b0da-2389f409459f,49,"[0, 0]",0,0,0,,0.5,2
3799,9bfd8a62-8222-11f1-b0da-2389f409459f,49,"[0, 0]",1,0,0,,0.5,2
3800,9bff0568-8222-11f1-b0da-2389f409459f,0,"[0, 1]",0,0,0,,0.5,2
3801,9bff0568-8222-11f1-b0da-2389f409459f,0,"[0, 1]",1,1,1,,0.5,2
3802,9bff0568-8222-11f1-b0da-2389f409459f,1,"[0, 0]",0,0,0,,0.5,2
3803,9bff0568-8222-11f1-b0da-2389f409459f,1,"[0, 0]",1,0,0,,0.5,2
3804,9bff0568-8222-11f1-b0da-2389f409459f,2,"[1, 0]",0,1,1,,0.5,2
3805,9bff0568-8222-11f1-b0da-2389f409459f,2,"[1, 0]",1,0,0,,0.5,2
3806,9bff0568-8222-11f1-b0da-2389f409459f,3,"[0, 0]",0,0,0,,0.5,2
3807,9bff0568-8222-11f1-b0da-2389f409459f,3,"[0, 0]",1,0,0,,0.5,2
3808,9bff0568-8222-11f1-b0da-2389f409459f,4,"[1, 1]",0,1,-1,,0.5,2
3809,9bff0568-8222-11f1-b0da-2389f409459f,4,"[1, 1]",1,1,-1,,0.5,2
3810,9bff0568-8222-11f1-b0da-2389f409459f,5,"[1, 0]",0,1,1,,0.5,2
3811,9bff0568-8222-11f1-b0da-2389f409459f,5,"[1, 0]",1,0,0,,0.5,2
3812,9bff0568-8222-11f1-b0da-2389f409459f,6,"[0, 1]",0,0,0,,0.5,2
3813,9bff0568-8222-11f1-b0da-2389f409459f,6,"[0, 1]",1,1,1,,0.5,2
3814,9bff0568-8222-11f1-b0da-2389f409459f,7,"[1, 1]",0,1,-1,,0.5,2
3815,9bff0568-8222-11f1-b0da-2389f409459f,7,"[1, 1]",1,1,-1,,0.5,2
3816,9bff0568-8222-11f1-b0da-2389f409459f,8,"[0, 1]",0,0,0,,0.5,2
3817,9bff0568-8222-11f1-b0da-2389f409459f,8,"[0, 1]",1,1,1,,0.5,2
3818,9bff0568-8222-11f1-b0da-2389f409459f,9,"[1, 1]",0,1,-1,,0.5,2
3819,9bff0568-8222-11f1-b0da-2389f409459f,9,"[1, 1]",1,1,-1,,0.5,2
3820,9bff0568-8222-11f1-b0da-2389f409459f,10,"[1, 1]",0,1,-1,,0.5,2
3821,9bff0568-8222-11f1-b0da-2389f409459f,10,"[1, 1]",1,1,-1,,0.5,2
3822,9bff0568-8222-11f1-b0da-2389f409459f,11,"[0, 1]",0,0,0,,0.5,2
3823,9bff0568-8222-11f1-b0da-2389f409459f,11,"[0, 1]",1,1,1,,0.5,2
3824,9bff0568-8222-11f1-b0da-2389f409459f,12,"[0, 1]",0,0,0,,0.5,2
3825,9bff0568-8222-11f1-b0da-2389f409459f,12,"[0, 1]",1,1,1,,0.5,2
3826,9bff0568-8222-11f1-b0da-2389f409459f,13,"[1, 0]",0,1,1,,0.5,2
3827,9bff0568-8222-11f1-b0da-2389f409459f,13,"[1, 0]",1,0,0,,0.5,2
3828,9bff0568-8222-11f1-b0da-2389f409459f,14,"[0, 1]",0,0,0,,0.5,2
3829,9bff0568-8222-11f1-b0da-2389f409459f,14,"[0, 1]",1,1,1,,0.5,2
3830,9bff0568-8222-11f1-b0da-2389f409459f,15,"[0, 1]",0,0,0,,0.5,2
3831,9bff0568-8222-11f1-b0da-2389f409459f,15,"[0, 1]",1,1,1,,0.5,2
3832,9bff0568-8222-11f1-b0da-2389f409459f,16,"[1, 1]",0,1,-1,,0.5,2
3833,9bff0568-8222-11f1-b0da-2389f409459f,16,"[1, 1]",1,1,-1,,0.5,2
3834,9bff0568-8222-11f1-b0da-2389f409459f,17,"[0, 1]",0,0,0,,0.5,2
3835,9bff0568-8222-11f1-b0da-2389f409459f,17,"[0, 1]",1,1,1,,0.5,2
3836,9bff0568-8222-11f1-b0da-2389f409459f,18,"[0, 0]",0,0,0,,0.5,2
3837,9bff0568-8222-11f1-b0da-2389f409459f,18,"[0, 0]",1,0,0,,0.5,2
3838,9bff0568-8222-11f1-b0da-2389f409459f,19,"[1, 1]",0,1,-1,,0.5,2
3839,9bff0568-8222-11f1-b0da-2389f409459f,19,"[1, 1]",1,1,-1,,0.5,2
3840,9bff0568-8222-11f1-b0da-2389f409459f,20,"[1, 1]",0,1,-1,,0.5,2
3841,9bff0568-8222-11f1-b0da-2389f409459f,20,"[1, 1]",1,1,-1,,0.5,2
3842,9bff0568-8222-11f1-b0da-2389f409459f,21,"[1, 1]",0,1,-1,,0.5,2
3843,9bff0568-8222-11f1-b0da-2389f409459f,21,"[1, 1]",1,1,-1,,0.5,2
3844,9bff0568-8222-11f1-b0da-2389f409459f,22,"[0, 0]",0,0,0,,0.5,2
3845,9bff0568-8222-11f1-b0da-2389f409459f,22,"[0, 0]",1,0,0,,0.5,2
3846,9bff0568-8222-11f1-b0da-2389f409459f,23,"[1, 1]",0,1,-1,,0.5,2
3847,9bff0568-8222-11f1-b0da-2389f409459f,23,"[1, 1]",1,1,-1,,0.5,2
3848,9bff0568-8222-11f1-b0da-2389f409459f,24,"[0, 1]",0,0,0,,0.5,2
3849,9bff0568-8222-11f1-b0da-2389f409459f,24,"[0, 1]",1,1,1,,0.5,2
3850,9bff0568-8222-11f1-b0da-2389f409459f,25,"[1, 0]",0,1,1,,0.5,2
3851,9bff0568-8222-11f1-b0da-2389f409459f,25,"[1, 0]",1,0,0,,0.5,2
3852,9bff0568-8222-11f1-b0da-2389f409459f,26,"[0, 1]",0,0,0,,0.5,2
3853,9bff0568-8222-11f1-b0da-2389f409459f,26,"[0, 1]",1,1,1,,0.5,2
3854,9bff0568-8222-11f1-b0da-2389f409459f,27,"[0, 0]",0,0,0,,0.5,2
3855,9bff0568-8222-11f1-b0da-2389f409459f,27,"[0, 0]",1,0,0,,0.5,2
3856,9bff0568-8222-11f1-b0da-2389f409459f,28,"[0, 1]",0,0,0,,0.5,2
3857,9bff0568-8222-11f1-b0da-2389f409459f,28,"[0, 1]",1,1,1,,0.5,2
3858,9bff0568-8222-11f1-b0da-2389f409459f,29,"[0, 0]",0,0,0,,0.5,2
3859,9bff0568-8222-11f1-b0da-2389f409459f,29,"[0, 0]",1,0,0,,0.5,2
3860,9bff0568-8222-11f1-b0da-2389f409459f,30,"[1, 0]",0,1,1,,0.5,2
3861,9bff0568-8222-11f1-b0da-2389f409459f,30,"[1, 0]",1,0,0,,0.5,2
3862,9bff0568-8222-11f1-b0da-2389f409459f,31,"[0, 1]",0,0,0,,0.5,2
3863,9bff0568-8222-11f1-b0da-2389f409459f,31,"[0, 1]",1,1,1,,0.5,2
3864,9bff0568-8222-11f1-b0da-2389f409459f,32,"[1, 0]",0,1,1,,0.5,2
3865,9bff0568-8222-11f1-b0da-2389f409459f,32,"[1, 0]",1,0,0,,0.5,2
3866,9bff0568-8222-11f1-b0da-2389f409459f,33,"[0, 1]",0,0,0,,0.5,2
3867,9bff0568-8222-11f1-b0da-2389f409459f,33,"[0, 1]",1,1,1,,0.5,2
3868,9bff0568-8222-11f1-b0da-2389f409459f,34,"[1, 1]",0,1,-1,,0.5,2
3869,9bff0568-8222-11f1-b0da-2389f409459f,34,"[1, 1]",1,1,-1,,0.5,2
3870,9bff0568-8222-11f1-b0da-2389f409459f,35,"[0, 0]",0,0,0,,0.5,2
3871,9bff0568-8222-11f1-b0da-2389f409459f,35,"[0, 0]",1,0,0,,0.5,2
3872,9bff0568-8222-11f1-b0da-2389f409459f,36,"[0, 1]",0,0,0,,0.5,2
3873,9bff0568-8222-11f1-b0da-2389f409459f,36,"[0, 1]",1,1,1,,0.5,2
3874,9bff0568-8222-11f1-b0da-2389f409459f,37,"[0, 0]",0,0,0,,0.5,2
3875,9bff0568-8222-11f1-b0da-2389f409459f,37,"[0, 0]",1,0,0,,0.5,2
3876,9bff0568-8222-11f1-b0da-2389f409459f,38,"[0, 1]",0,0,0,,0.5,2
3877,9bff0568-8222-11f1-b0da-2389f409459f,38,"[0, 1]",1,1,1,,0.5,2
3878,9bff0568-8222-11f1-b0da-2389f409459f,39,"[1, 0]",0,1,1,,0.5,2
3879,9bff0568-8222-11f1-b0da-2389f409459f,39,"[1, 0]",1,0,0,,0.5,2
3880,9bff0568-8222-11f1-b0da-2389f409459f,40,"[0, 1]",0,0,0,,0.5,2
3881,9bff0568-8222-11f1-b0da-2389f409459f,40,"[0, 1]",1,1,1,,0.5,2
3882,9bff0568-8222-11f1-b0da-2389f409459f,41,"[0, 1]",0,0,0,,0.5,2
3883,9bff0568-8222-11f1-b0da-2389f409459f,41,"[0, 1]",1,1,1,,0.5,2
3884,9bff0568-8222-11f1-b0da-2389f409459f,42,"[1, 0]",0,1,1,,0.5,2
3885,9bff0568-8222-11f1-b0da-2389f409459f,42,"[1, 0]",1,0,0,,0.5,2
3886,9bff0568-8222-11f1-b0da-2389f409459f,43,"[0, 1]",0,0,0,,0.5,2
3887,9bff0568-8222-11f1-b0da-2389f409459f,43,"[0, 1]",1,1,1,,0.5,2
3888,9bff0568-8222-11f1-b0da-2389f409459f,44,"[1, 0]",0,1,1,,0.5,2
3889,9bff0568-8222-11f1-b0da-2389f409459f,44,"[1, 0]",1,0,0,,0.5,2
3890,9bff0568-8222-11f1-b0da-2389f409459f,45,"[1, 1]",0,1,-1,,0.5,2
3891,9bff0568-8222-11f1-b0da-2389f409459f,45,"[1, 1]",1,1,-1,,0.5,2
3892,9bff0568-8222-11f1-b0da-2389f409459f,46,"[1, 1]",0,1,-1,,0.5,2
3893,9bff0568-8222-11f1-b0da-2389f409459f,46,"[1, 1]",1,1,-1,,0.5,2
3894,9bff0568-8222-11f1-b0da-2389f409459f,47,"[0, 1]",0,0,0,,0.5,2
3895,9bff0568-8222-11f1-b0da-2389f409459f,47,"[0, 1]",1,1,1,,0.5,2
3896,9bff0568-8222-11f1-b0da-2389f409459f,48,"[1, 0]",0,1,1,,0.5,2
3897,9bff0568-8222-11f1-b0da-2389f409459f,48,"[1, 0]",1,0,0,,0.5,2
3898,9bff0568-8222-11f1-b0da-2389f409459f,49,"[0, 1]",0,0,0,,0.5,2
3899,9bff0568-8222-11f1-b0da-2389f409459f,49,"[0, 1]",1,1,1,,0.5,2
3900,9c007038-8222-11f1-b0da-2389f409459f,0,"[0, 0]",0,0,0,,0.5,2
3901,9c007038-8222-11f1-b0da-2389f409459f,0,"[0, 0]",1,0,0,,0.5,2
3902,9c007038-8222-11f1-b0da-2389f409459f,1,"[1, 0]",0,1,1,,0.5,2
3903,9c007038-8222-11f1-b0da-2389f409459f,1,"[1, 0]",1,0,0,,0.5,2
3904,9c007038-8222-11f1-b0da-2389f409459f,2,"[1, 0]",0,1,1,,0.5,2
3905,9c007038-8222-11f1-b0da-2389f409459f,2,"[1, 0]",1,0,0,,0.5,2
3906,9c007038-8222-11f1-b0da-2389f409459f,3,"[0, 1]",0,0,0,,0.5,2
3907,9c007038-8222-11f1-b0da-2389f409459f,3,"[0, 1]",1,1,1,,0.5,2
3908,9c007038-8222-11f1-b0da-2389f409459f,4,"[1, 1]",0,1,-1,,0.5,2
3909,9c007038-8222-11f1-b0da-2389f409459f,4,"[1, 1]",1,1,-1,,0.5,2
3910,9c007038-8222-11f1-b0da-2389f409459f,5,"[0, 0]",0,0,0,,0.5,2
3911,9c007038-8222-11f1-b0da-2389f409459f,5,"[0, 0]",1,0,0,,0.5,2
3912,9c007038-8222-11f1-b0da-2389f409459f,6,"[0, 0]",0,0,0,,0.5,2
3913,9c007038-8222-11f1-b0da-2389f409459f,6,"[0, 0]",1,0,0,,0.5,2
3914,9c007038-8222-11f1-b0da-2389f409459f,7,"[0, 1]",0,0,0,,0.5,2
3915,9c007038-8222-11f1-b0da-2389f409459f,7,"[0, 1]",1,1,1,,0.5,2
3916,9c007038-8222-11f1-b0da-2389f409459f,8,"[1, 0]",0,1,1,,0.5,2
3917,9c007038-8222-11f1-b0da-2389f409459f,8,"[1, 0]",1,0,0,,0.5,2
3918,9c007038-8222-11f1-b0da-2389f409459f,9,"[0, 1]",0,0,0,,0.5,2
3919,9c007038-8222-11f1-b0da-2389f409459f,9,"[0, 1]",1,1,1,,0.5,2
3920,9c007038-8222-11f1-b0da-2389f409459f,10,"[1, 0]",0,1,1,,0.5,2
3921,9c007038-8222-11f1-b0da-2389f409459f,10,"[1, 0]",1,0,0,,0.5,2
3922,9c007038-8222-11f1-b0da-2389f409459f,11,"[1, 0]",0,1,1,,0.5,2
3923,9c007038-8222-11f1-b0da-2389f409459f,11,"[1, 0]",1,0,0,,0.5,2
3924,9c007038-8222-11f1-b0da-2389f409459f,12,"[1, 0]",0,1,1,,0.5,2
3925,9c007038-8222-11f1-b0da-2389f409459f,12,"[1, 0]",1,0,0,,0.5,2
3926,9c007038-8222-11f1-b0da-2389f409459f,13,"[1, 1]",0,1,-1,,0.5,2
3927,9c007038-8222-11f1-b0da-2389f409459f,13,"[1, 1]",1,1,-1,,0.5,2
3928,9c007038-8222-11f1-b0da-2389f409459f,14,"[1, 0]",0,1,1,,0.5,2
3929,9c007038-8222-11f1-b0da-2389f409459f,14,"[1, 0]",1,0,0,,0.5,2
3930,9c007038-8222-11f1-b0da-2389f409459f,15,"[1, 0]",0,1,1,,0.5,2
3931,9c007038-8222-11f1-b0da-2389f409459f,15,"[1, 0]",1,0,0,,0.5,2
3932,9c007038-8222-11f1-b0da-2389f409459f,16,"[1, 0]",0,1,1,,0.5,2
3933,9c007038-8222-11f1-b0da-2389f409459f,16,"[1, 0]",1,0,0,,0.5,2
3934,9c007038-8222-11f1-b0da-2389f409459f,17,"[1, 0]",0,1,1,,0.5,2
3935,9c007038-8222-11f1-b0da-2389f409459f,17,"[1, 0]",1,0,0,,0.5,2
3936,9c007038-8222-11f1-b0da-2389f409459f,18,"[1, 1]",0,1,-1,,0.5,2
3937,9c007038-8222-11f1-b0da-2389f409459f,18,"[1, 1]",1,1,-1,,0.5,2
3938,9c007038-8222-11f1-b0da-2389f409459f,19,"[0, 0]",0,0,0,,0.5,2
3939,9c007038-8222-11f1-b0da-2389f409459f,19,"[0, 0]",1,0,0,,0.5,2
3940,9c007038-8222-11f1-b0da-2389f409459f,20,"[0, 1]",0,0,0,,0.5,2
3941,9c007038-8222-11f1-b0da-2389f409459f,20,"[0, 1]",1,1,1,,0.5,2
3942,9c007038-8222-11f1-b0da-2389f409459f,21,"[1, 0]",0,1,1,,0.5,2
3943,9c007038-8222-11f1-b0da-2389f409459f,21,"[1, 0]",1,0,0,,0.5,2
3944,9c007038-8222-11f1-b0da-2389f409459f,22,"[1, 1]",0,1,-1,,0.5,2
3945,9c007038-8222-11f1-b0da-2389f409459f,22,"[1, 1]",1,1,-1,,0.5,2
3946,9c007038-8222-11f1-b0da-2389f409459f,23,"[0, 0]",0,0,0,,0.5,2
3947,9c007038-8222-11f1-b0da-2389f409459f,23,"[0, 0]",1,0,0,,0.5,2
3948,9c007038-8222-11f1-b0da-2389f409459f,24,"[0, 1]",0,0,0,,0.5,2
3949,9c007038-8222-11f1-b0da-2389f409459f,24,"[0, 1]",1,1,1,,0.5,2
3950,9c007038-8222-11f1-b0da-2389f409459f,25,"[1, 1]",0,1,-1,,0.5,2
3951,9c007038-8222-11f1-b0da-2389f409459f,25,"[1, 1]",1,1,-1,,0.5,2
3952,9c007038-8222-11f1-b0da-2389f409459f,26,"[1, 0]",0,1,1,,0.5,2
3953,9c007038-8222-11f1-b0da-2389f409459f,26,"[1, 0]",1,0,0,,0.5,2
3954,9c007038-8222-11f1-b0da-2389f409459f,27,"[1, 0]",0,1,1,,0.5,2
3955,9c007038-8222-11f1-b0da-2389f409459f,27,"[1, 0]",1,0,0,,0.5,2
3956,9c007038-8222-11f1-b0da-2389f409459f,28,"[0, 0]",0,0,0,,0.5,2
3957,9c007038-8222-11f1-b0da-2389f409459f,28,"[0, 0]",1,0,0,,0.5,2
3958,9c007038-8222-11f1-b0da-2389f409459f,29,"[0, 1]",0,0,0,,0.5,2
3959,9c007038-8222-11f1-b0da-2389f409459f,29,"[0, 1]",1,1,1,,0.5,2
3960,9c007038-8222-11f1-b0da-2389f409459f,30,"[1, 0]",0,1,1,,0.5,2
3961,9c007038-8222-11f1-b0da-2389f409459f,30,"[1, 0]",1,0,0,,0.5,2
3962,9c007038-8222-11f1-b0da-2389f409459f,31,"[1, 0]",0,1,1,,0.5,2
3963,9c007038-8222-11f1-b0da-2389f409459f,31,"[1, 0]",1,0,0,,0.5,2
3964,9c007038-8222-11f1-b0da-2389f409459f,32,"[1, 1]",0,1,-1,,0.5,2
3965,9c007038-8222-11f1-b0da-2389f409459f,32,"[1, 1]",1,1,-1,,0.5,2
3966,9c007038-8222-11f1-b0da-2389f409459f,33,"[0, 0]",0,0,0,,0.5,2
3967,9c007038-8222-11f1-b0da-2389f409459f,33,"[0, 0]",1,0,0,,0.5,2
3968,9c007038-8222-11f1-b0da-2389f409459f,34,"[0, 1]",0,0,0,,0.5,2
3969,9c007038-8222-11f1-b0da-2389f409459f,34,"[0, 1]",1,1,1,,0.5,2
3970,9c007038-8222-11f1-b0da-2389f409459f,35,"[1, 1]",0,1,-1,,0.5,2
3971,9c007038-8222-11f1-b0da-2389f409459f,35,"[1, 1]",1,1,-1,,0.5,2
3972,9c007038-8222-11f1-b0da-2389f409459f,36,"[1, 0]",0,1,1,,0.5,2
3973,9c007038-8222-11f1-b0da-2389f409459f,36,"[1, 0]",1,0,0,,0.5,2
3974,9c007038-8222-11f1-b0da-2389f409459f,37,"[1, 1]",0,1,-1,,0.5,2
3975,9c007038-8222-11f1-b0da-2389f409459f,37,"[1, 1]",1,1,-1,,0.5,2
3976,9c007038-8222-11f1-b0da-2389f409459f,38,"[1, 0]",0,1,1,,0.5,2
3977,9c007038-8222-11f1-b0da-2389f409459f,38,"[1, 0]",1,0,0,,0.5,2
3978,9c007038-8222-11f1-b0da-2389f409459f,39,"[1, 1]",0,1,-1,,0.5,2
3979,9c007038-8222-11f1-b0da-2389f409459f,39,"[1, 1]",1,1,-1,,0.5,2
3980,9c007038-8222-11f1-b0da-2389f409459f,40,"[0, 1]",0,0,0,,0.5,2
3981,9c007038-8222-11f1-b0da-2389f409459f,40,"[0, 1]",1,1,1,,0.5,2
3982,9c007038-8222-11f1-b0da-2389f409459f,41,"[1, 0]",0,1,1,,0.5,2
3983,9c007038-8222-11f1-b0da-2389f409459f,41,"[1, 0]",1,0,0,,0.5,2
3984,9c007038-8222-11f1-b0da-2389f409459f,42,"[1, 0]",0,1,1,,0.5,2
3985,9c007038-8222-11f1-b0da-2389f409459f,42,"[1, 0]",1,0,0,,0.5,2
3986,9c007038-8222-11f1-b0da-2389f409459f,43,"[0, 1]",0,0,0,,0.5,2
3987,9c007038-8222-11f1-b0da-2389f409459f,43,"[0, 1]",1,1,1,,0.5,2
3988,9c007038-8222-11f1-b0da-2389f409459f,44,"[1, 0]",0,1,1,,0.5,2
3989,9c007038-8222-11f1-b0da-2389f409459f,44,"[1, 0]",1,0,0,,0.5,2
3990,9c007038-8222-11f1-b0da-2389f409459f,45,"[0, 1]",0,0,0,,0.5,2
3991,9c007038-8222-11f1-b0da-2389f409459f,45,"[0, 1]",1,1,1,,0.5,2
3992,9c007038-8222-11f1-b0da-2389f409459f,46,"[1, 1]",0,1,-1,,0.5,2
3993,9c007038-8222-11f1-b0da-2389f409459f,46,"[1, 1]",1,1,-1,,0.5,2
3994,9c007038-8222-11f1-b0da-2389f409459f,47,"[1, 0]",0,1,1,,0.5,2
3995,9c007038-8222-11f1-b0da-2389f409459f,47,"[1, 0]",1,0,0,,0.5,2
3996,9c007038-8222-11f1-b0da-2389f409459f,48,"[0, 0]",0,0,0,,0.5,2
3997,9c007038-8222-11f1-b0da-2389f409459f,48,"[0, 0]",1,0,0,,0.5,2
3998,9c007038-8222-11f1-b0da-2389f409459f,49,"[0, 0]",0,0,0,,0.5,2
3999,9c007038-8222-11f1-b0da-2389f409459f,49,"[0, 0]",1,0,0,,0.5,2
4000,9c01d9aa-8222-11f1-b0da-2389f409459f,0,"[0, 0]",0,0,0,,0.5,2
4001,9c01d9aa-8222-11f1-b0da-2389f409459f,0,"[0, 0]",1,0,0,,0.5,2
4002,9c01d9aa-8222-11f1-b0da-2389f409459f,1,"[0, 0]",0,0,0,,0.5,2
4003,9c01d9aa-8222-11f1-b0da-2389f409459f,1,"[0, 0]",1,0,0,,0.5,2
4004,9c01d9aa-8222-11f1-b0da-2389f409459f,2,"[0, 0]",0,0,0,,0.5,2
4005,9c01d9aa-8222-11f1-b0da-2389f409459f,2,"[0, 0]",1,0,0,,0.5,2
4006,9c01d9aa-8222-11f1-b0da-2389f409459f,3,"[1, 0]",0,1,1,,0.5,2
4007,9c01d9aa-8222-11f1-b0da-2389f409459f,3,"[1, 0]",1,0,0,,0.5,2
4008,9c01d9aa-8222-11f1-b0da-2389f409459f,4,"[0, 1]",0,0,0,,0.5,2
4009,9c01d9aa-8222-11f1-b0da-2389f409459f,4,"[0, 1]",1,1,1,,0.5,2
4010,9c01d9aa-8222-11f1-b0da-2389f409459f,5,"[1, 0]",0,1,1,,0.5,2
4011,9c01d9aa-8222-11f1-b0da-2389f409459f,5,"[1, 0]",1,0,0,,0.5,2
4012,9c01d9aa-8222-11f1-b0da-2389f409459f,6,"[1, 1]",0,1,-1,,0.5,2
4013,9c01d9aa-8222-11f1-b0da-2389f409459f,6,"[1, 1]",1,1,-1,,0.5,2
4014,9c01d9aa-8222-11f1-b0da-2389f409459f,7,"[0, 0]",0,0,0,,0.5,2
4015,9c01d9aa-8222-11f1-b0da-2389f409459f,7,"[0, 0]",1,0,0,,0.5,2
4016,9c01d9aa-8222-11f1-b0da-2389f409459f,8,"[1, 1]",0,1,-1,,0.5,2
4017,9c01d9aa-8222-11f1-b0da-2389f409459f,8,"[1, 1]",1,1,-1,,0.5,2
4018,9c01d9aa-8222-11f1-b0da-2389f409459f,9,"[0, 1]",0,0,0,,0.5,2
4019,9c01d9aa-8222-11f1-b0da-2389f409459f,9,"[0, 1]",1,1,1,,0.5,2
4020,9c01d9aa-8222-11f1-b0da-2389f409459f,10,"[0, 1]",0,0,0,,0.5,2
4021,9c01d9aa-8222-11f1-b0da-2389f409459f,10,"[0, 1]",1,1,1,,0.5,2
4022,9c01d9aa-8222-11f1-b0da-2389f409459f,11,"[0, 0]",0,0,0,,0.5,2
4023,9c01d9aa-8222-11f1-b0da-2389f409459f,11,"[0, 0]",1,0,0,,0.5,2
4024,9c01d9aa-8222-11f1-b0da-2389f409459f,12,"[0, 1]",0,0,0,,0.5,2
4025,9c01d9aa-8222-11f1-b0da-2389f409459f,12,"[0, 1]",1,1,1,,0.5,2
4026,9c01d9aa-8222-11f1-b0da-2389f409459f,13,"[0, 0]",0,0,0,,0.5,2
4027,9c01d9aa-8222-11f1-b0da-2389f409459f,13,"[0, 0]",1,0,0,,0.5,2
4028,9c01d9aa-8222-11f1-b0da-2389f409459f,14,"[1, 0]",0,1,1,,0.5,2
4029,9c01d9aa-8222-11f1-b0da-2389f409459f,14,"[1, 0]",1,0,0,,0.5,2
4030,9c01d9aa-8222-11f1-b0da-2389f409459f,15,"[0, 1]",0,0,0,,0.5,2
4031,9c01d9aa-8222-11f1-b0da-2389f409459f,15,"[0, 1]",1,1,1,,0.5,2
4032,9c01d9aa-8222-11f1-b0da-2389f409459f,16,"[1, 0]",0,1,1,,0.5,2
4033,9c01d9aa-8222-11f1-b0da-2389f409459f,16,"[1, 0]",1,0,0,,0.5,2
4034,9c01d9aa-8222-11f1-b0da-2389f409459f,17,"[1, 1]",0,1,-1,,0.5,2
4035,9c01d9aa-8222-11f1-b0da-2389f409459f,17,"[1, 1]",1,1,-1,,0.5,2
4036,9c01d9aa-8222-11f1-b0da-2389f409459f,18,"[1, 0]",0,1,1,,0.5,2
4037,9c01d9aa-8222-11f1-b0da-2389f409459f,18,"[1, 0]",1,0,0,,0.5,2
4038,9c01d9aa-8222-11f1-b0da-2389f409459f,19,"[1, 1]",0,1,-1,,0.5,2
4039,9c01d9aa-8222-11f1-b0da-2389f409459f,19,"[1, 1]",1,1,-1,,0.5,2
4040,9c01d9aa-8222-11f1-b0da-2389f409459f,20,"[1, 1]",0,1,-1,,0.5,2
4041,9c01d9aa-8222-11f1-b0da-2389f409459f,20,"[1, 1]",1,1,-1,,0.5,2
4042,9c01d9aa-8222-11f1-b0da-2389f409459f,21,"[0, 0]",0,0,0,,0.5,2
4043,9c01d9aa-8222-11f1-b0da-2389f409459f,21,"[0, 0]",1,0,0,,0.5,2
4044,9c01d9aa-8222-11f1-b0da-2389f409459f,22,"[1, 1]",0,1,-1,,0.5,2
4045,9c01d9aa-8222-11f1-b0da-2389f409459f,22,"[1, 1]",1,1,-1,,0.5,2
4046,9c01d9aa-8222-11f1-b0da-2389f409459f,23,"[0, 0]",0,0,0,,0.5,2
4047,9c01d9aa-8222-11f1-b0da-2389f409459f,23,"[0, 0]",1,0,0,,0.5,2
4048,9c01d9aa-8222-11f1-b0da-2389f409459f,24,"[1, 1]",0,1,-1,,0.5,2
4049,9c01d9aa-8222-11f1-b0da-2389f409459f,24,"[1, 1]",1,1,-1,,0.5,2
4050,9c01d9aa-8222-11f1-b0da-2389f409459f,25,"[1, 1]",0,1,-1,,0.5,2
4051,9c01d9aa-8222-11f1-b0da-2389f409459f,25,"[1, 1]",1,1,-1,,0.5,2
4052,9c01d9aa-8222-11f1-b0da-2389f409459f,26,"[0, 1]",0,0,0,,0.5,2
4053,9c01d9aa-8222-11f1-b0da-2389f409459f,26,"[0, 1]",1,1,1,,0.5,2
4054,9c01d9aa-8222-11f1-b0da-2389f409459f,27,"[0, 0]",0,0,0,,0.5,2
4055,9c01d9aa-8222-11f1-b0da-2389f409459f,27,"[0, 0]",1,0,0,,0.5,2
4056,9c01d9aa-8222-11f1-b0da-2389f409459f,28,"[1, 1]",0,1,-1,,0.5,2
4057,9c01d9aa-8222-11f1-b0da-2389f409459f,28,"[1, 1]",1,1,-1,,0.5,2
4058,9c01d9aa-8222-11f1-b0da-2389f409459f,29,"[0, 0]",0,0,0,,0.5,2
4059,9c01d9aa-8222-11f1-b0da-2389f409459f,29,"[0, 0]",1,0,0,,0.5,2
4060,9c01d9aa-8222-11f1-b0da-2389f409459f,30,"[0, 1]",0,0,0,,0.5,2
4061,9c01d9aa-8222-11f1-b0da-2389f409459f,30,"[0, 1]",1,1,1,,0.5,2
4062,9c01d9aa-8222-11f1-b0da-2389f409459f,31,"[0, 1]",0,0,0,,0.5,2
4063,9c01d9aa-8222-11f1-b0da-2389f409459f,31,"[0, 1]",1,1,1,,0.5,2
4064,9c01d9aa-8222-11f1-b0da-2389f409459f,32,"[0, 0]",0,0,0,,0.5,2
4065,9c01d9aa-8222-11f1-b0da-2389f409459f,32,"[0, 0]",1,0,0,,0.5,2
4066,9c01d9aa-8222-11f1-b0da-2389f409459f,33,"[1, 1]",0,1,-1,,0.5,2
4067,9c01d9aa-8222-11f1-b0da-2389f409459f,33,"[1, 1]",1,1,-1,,0.5,2
4068,9c01d9aa-8222-11f1-b0da-2389f409459f,34,"[0, 1]",0,0,0,,0.5,2
4069,9c01d9aa-8222-11f1-b0da-2389f409459f,34,"[0, 1]",1,1,1,,0.5,2
4070,9c01d9aa-8222-11f1-b0da-2389f409459f,35,"[0, 1]",0,0,0,,0.5,2
4071,9c01d9aa-8222-11f1-b0da-2389f409459f,35,"[0, 1]",1,1,1,,0.5,2
4072,9c01d9aa-8222-11f1-b0da-2389f409459f,36,"[0, 1]",0,0,0,,0.5,2
4073,9c01d9aa-8222-11f1-b0da-2389f409459f,36,"[0, 1]",1,1,1,,0.5,2
4074,9c01d9aa-8222-11f1-b0da-2389f409459f,37,"[0, 0]",0,0,0,,0.5,2
4075,9c01d9aa-8222-11f1-b0da-2389f409459f,37,"[0, 0]",1,0,0,,0.5,2
4076,9c01d9aa-8222-11f1-b0da-2389f409459f,38,"[1, 1]",0,1,-1,,0.5,2
4077,9c01d9aa-8222-11f1-b0da-2389f409459f,38,"[1, 1]",1,1,-1,,0.5,2
4078,9c01d9aa-8222-11f1-b0da-2389f409459f,39,"[0, 0]",0,0,0,,0.5,2
4079,9c01d9aa-8222-11f1-b0da-2389f409459f,39,"[0, 0]",1,0,0,,0.5,2
4080,9c01d9aa-8222-11f1-b0da-2389f409459f,40,"[1, 0]",0,1,1,,0.5,2
4081,9c01d9aa-8222-11f1-b0da-2389f409459f,40,"[1, 0]",1,0,0,,0.5,2
4082,9c01d9aa-8222-11f1-b0da-2389f409459f,41,"[1, 1]",0,1,-1,,0.5,2
4083,9c01d9aa-8222-11f1-b0da-2389f409459f,41,"[1, 1]",1,1,-1,,0.5,2
4084,9c01d9aa-8222-11f1-b0da-2389f409459f,42,"[0, 1]",0,0,0,,0.5,2
4085,9c01d9aa-8222-11f1-b0da-2389f409459f,42,"[0, 1]",1,1,1,,0.5,2
4086,9c01d9aa-8222-11f1-b0da-2389f409459f,43,"[1, 1]",0,1,-1,,0.5,2
4087,9c01d9aa-8222-11f1-b0da-2389f409459f,43,"[1, 1]",1,1,-1,,0.5,2
4088,9c01d9aa-8222-11f1-b0da-2389f409459f,44,"[1, 1]",0,1,-1,,0.5,2
4089,9c01d9aa-8222-11f1-b0da-2389f409459f,44,"[1, 1]",1,1,-1,,0.5,2
4090,9c01d9aa-8222-11f1-b0da-2389f409459f,45,"[0, 1]",0,0,0,,0.5,2
4091,9c01d9aa-8222-11f1-b0da-2389f409459f,45,"[0, 1]",1,1,1,,0.5,2
4092,9c01d9aa-8222-11f1-b0da-2389f409459f,46,"[1, 1]",0,1,-1,,0.5,2
4093,9c01d9aa-8222-11f1-b0da-2389f409459f,46,"[1, 1]",1,1,-1,,0.5,2
4094,9c01d9aa-8222-11f1-b0da-2389f409459f,47,"[1, 1]",0,1,-1,,0.5,2
4095,9c01d9aa-8222-11f1-b0da-2389f409459f,47,"[1, 1]",1,1,-1,,0.5,2
4096,9c01d9aa-8222-11f1-b0da-2389f409459f,48,"[0, 0]",0,0,0,,0.5,2
4097,9c01d9aa-8222-11f1-b0da-2389f409459f,48,"[0, 0]",1,0,0,,0.5,2
4098,9c01d9aa-8222-11f1-b0da-2389f409459f,49,"[1, 0]",0,1,1,,0.5,2
4099,9c01d9aa-8222-11f1-b0da-2389f409459f,49,"[1, 0]",1,0,0,,0.5,2
4100,9c03a06e-8222-11f1-b0da-2389f409459f,0,"[0, 1]",0,0,0,,0.5,2
4101,9c03a06e-8222-11f1-b0da-2389f409459f,0,"[0, 1]",1,1,1,,0.5,2
4102,9c03a06e-8222-11f1-b0da-2389f409459f,1,"[0, 1]",0,0,0,,0.5,2
4103,9c03a06e-8222-11f1-b0da-2389f409459f,1,"[0, 1]",1,1,1,,0.5,2
4104,9c03a06e-8222-11f1-b0da-2389f409459f,2,"[1, 1]",0,1,-1,,0.5,2
4105,9c03a06e-8222-11f1-b0da-2389f409459f,2,"[1, 1]",1,1,-1,,0.5,2
4106,9c03a06e-8222-11f1-b0da-2389f409459f,3,"[0, 0]",0,0,0,,0.5,2
4107,9c03a06e-8222-11f1-b0da-2389f409459f,3,"[0, 0]",1,0,0,,0.5,2
4108,9c03a06e-8222-11f1-b0da-2389f409459f,4,"[0, 0]",0,0,0,,0.5,2
4109,9c03a06e-8222-11f1-b0da-2389f409459f,4,"[0, 0]",1,0,0,,0.5,2
4110,9c03a06e-8222-11f1-b0da-2389f409459f,5,"[0, 0]",0,0,0,,0.5,2
4111,9c03a06e-8222-11f1-b0da-2389f409459f,5,"[0, 0]",1,0,0,,0.5,2
4112,9c03a06e-8222-11f1-b0da-2389f409459f,6,"[1, 0]",0,1,1,,0.5,2
4113,9c03a06e-8222-11f1-b0da-2389f409459f,6,"[1, 0]",1,0,0,,0.5,2
4114,9c03a06e-8222-11f1-b0da-2389f409459f,7,"[1, 0]",0,1,1,,0.5,2
4115,9c03a06e-8222-11f1-b0da-2389f409459f,7,"[1, 0]",1,0,0,,0.5,2
4116,9c03a06e-8222-11f1-b0da-2389f409459f,8,"[0, 1]",0,0,0,,0.5,2
4117,9c03a06e-8222-11f1-b0da-2389f409459f,8,"[0, 1]",1,1,1,,0.5,2
4118,9c03a06e-8222-11f1-b0da-2389f409459f,9,"[1, 0]",0,1,1,,0.5,2
4119,9c03a06e-8222-11f1-b0da-2389f409459f,9,"[1, 0]",1,0,0,,0.5,2
4120,9c03a06e-8222-11f1-b0da-2389f409459f,10,"[1, 1]",0,1,-1,,0.5,2
4121,9c03a06e-8222-11f1-b0da-2389f409459f,10,"[1, 1]",1,1,-1,,0.5,2
4122,9c03a06e-8222-11f1-b0da-2389f409459f,11,"[1, 0]",0,1,1,,0.5,2
4123,9c03a06e-8222-11f1-b0da-2389f409459f,11,"[1, 0]",1,0,0,,0.5,2
4124,9c03a06e-8222-11f1-b0da-2389f409459f,12,"[0, 1]",0,0,0,,0.5,2
4125,9c03a06e-8222-11f1-b0da-2389f409459f,12,"[0, 1]",1,1,1,,0.5,2
4126,9c03a06e-8222-11f1-b0da-2389f409459f,13,"[0, 1]",0,0,0,,0.5,2
4127,9c03a06e-8222-11f1-b0da-2389f409459f,13,"[0, 1]",1,1,1,,0.5,2
4128,9c03a06e-8222-11f1-b0da-2389f409459f,14,"[1, 1]",0,1,-1,,0.5,2
4129,9c03a06e-8222-11f1-b0da-2389f409459f,14,"[1, 1]",1,1,-1,,0.5,2
4130,9c03a06e-8222-11f1-b0da-2389f409459f,15,"[1, 0]",0,1,1,,0.5,2
4131,9c03a06e-8222-11f1-b0da-2389f409459f,15,"[1, 0]",1,0,0,,0.5,2
4132,9c03a06e-8222-11f1-b0da-2389f409459f,16,"[1, 0]",0,1,1,,0.5,2
4133,9c03a06e-8222-11f1-b0da-2389f409459f,16,"[1, 0]",1,0,0,,0.5,2
4134,9c03a06e-8222-11f1-b0da-2389f409459f,17,"[1, 1]",0,1,-1,,0.5,2
4135,9c03a06e-8222-11f1-b0da-2389f409459f,17,"[1, 1]",1,1,-1,,0.5,2
4136,9c03a06e-8222-11f1-b0da-2389f409459f,18,"[1, 0]",0,1,1,,0.5,2
4137,9c03a06e-8222-11f1-b0da-2389f409459f,18,"[1, 0]",1,0,0,,0.5,2
4138,9c03a06e-8222-11f1-b0da-2389f409459f,19,"[1, 1]",0,1,-1,,0.5,2
4139,9c03a06e-8222-11f1-b0da-2389f409459f,19,"[1, 1]",1,1,-1,,0.5,2
4140,9c03a06e-8222-11f1-b0da-2389f409459f,20,"[1, 0]",0,1,1,,0.5,2
4141,9c03a06e-8222-11f1-b0da-2389f409459f,20,"[1, 0]",1,0,0,,0.5,2
4142,9c03a06e-8222-11f1-b0da-2389f409459f,21,"[1, 1]",0,1,-1,,0.5,2
4143,9c03a06e-8222-11f1-b0da-2389f409459f,21,"[1, 1]",1,1,-1,,0.5,2
4144,9c03a06e-8222-11f1-b0da-2389f409459f,22,"[1, 0]",0,1,1,,0.5,2
4145,9c03a06e-8222-11f1-b0da-2389f409459f,22,"[1, 0]",1,0,0,,0.5,2
4146,9c03a06e-8222-11f1-b0da-2389f409459f,23,"[1, 0]",0,1,1,,0.5,2
4147,9c03a06e-8222-11f1-b0da-2389f409459f,23,"[1, 0]",1,0,0,,0.5,2
4148,9c03a06e-8222-11f1-b0da-2389f409459f,24,"[1, 0]",0,1,1,,0.5,2
4149,9c03a06e-8222-11f1-b0da-2389f409459f,24,"[1, 0]",1,0,0,,0.5,2
4150,9c03a06e-8222-11f1-b0da-2389f409459f,25,"[1, 0]",0,1,1,,0.5,2
4151,9c03a06e-8222-11f1-b0da-2389f409459f,25,"[1, 0]",1,0,0,,0.5,2
4152,9c03a06e-8222-11f1-b0da-2389f409459f,26,"[1, 0]",0,1,1,,0.5,2
4153,9c03a06e-8222-11f1-b0da-2389f409459f,26,"[1, 0]",1,0,0,,0.5,2
4154,9c03a06e-8222-11f1-b0da-2389f409459f,27,"[1, 0]",0,1,1,,0.5,2
4155,9c03a06e-8222-11f1-b0da-2389f409459f,27,"[1, 0]",1,0,0,,0.5,2
4156,9c03a06e-8222-11f1-b0da-2389f409459f,28,"[1, 0]",0,1,1,,0.5,2
4157,9c03a06e-8222-11f1-b0da-2389f409459f,28,"[1, 0]",1,0,0,,0.5,2
4158,9c03a06e-8222-11f1-b0da-2389f409459f,29,"[1, 0]",0,1,1,,0.5,2
4159,9c03a06e-8222-11f1-b0da-2389f409459f,29,"[1, 0]",1,0,0,,0.5,2
4160,9c03a06e-8222-11f1-b0da-2389f409459f,30,"[1, 0]",0,1,1,,0.5,2
4161,9c03a06e-8222-11f1-b0da-2389f409459f,30,"[1, 0]",1,0,0,,0.5,2
4162,9c03a06e-8222-11f1-b0da-2389f409459f,31,"[1, 1]",0,1,-1,,0.5,2
4163,9c03a06e-8222-11f1-b0da-2389f409459f,31,"[1, 1]",1,1,-1,,0.5,2
4164,9c03a06e-8222-11f1-b0da-2389f409459f,32,"[1, 0]",0,1,1,,0.5,2
4165,9c03a06e-8222-11f1-b0da-2389f409459f,32,"[1, 0]",1,0,0,,0.5,2
4166,9c03a06e-8222-11f1-b0da-2389f409459f,33,"[1, 1]",0,1,-1,,0.5,2
4167,9c03a06e-8222-11f1-b0da-2389f409459f,33,"[1, 1]",1,1,-1,,0.5,2
4168,9c03a06e-8222-11f1-b0da-2389f409459f,34,"[1, 0]",0,1,1,,0.5,2
4169,9c03a06e-8222-11f1-b0da-2389f409459f,34,"[1, 0]",1,0,0,,0.5,2
4170,9c03a06e-8222-11f1-b0da-2389f409459f,35,"[1, 0]",0,1,1,,0.5,2
4171,9c03a06e-8222-11f1-b0da-2389f409459f,35,"[1, 0]",1,0,0,,0.5,2
4172,9c03a06e-8222-11f1-b0da-2389f409459f,36,"[1, 0]",0,1,1,,0.5,2
4173,9c03a06e-8222-11f1-b0da-2389f409459f,36,"[1, 0]",1,0,0,,0.5,2
4174,9c03a06e-8222-11f1-b0da-2389f409459f,37,"[1, 0]",0,1,1,,0.5,2
4175,9c03a06e-8222-11f1-b0da-2389f409459f,37,"[1, 0]",1,0,0,,0.5,2
4176,9c03a06e-8222-11f1-b0da-2389f409459f,38,"[1, 0]",0,1,1,,0.5,2
4177,9c03a06e-8222-11f1-b0da-2389f409459f,38,"[1, 0]",1,0,0,,0.5,2
4178,9c03a06e-8222-11f1-b0da-2389f409459f,39,"[1, 0]",0,1,1,,0.5,2
4179,9c03a06e-8222-11f1-b0da-2389f409459f,39,"[1, 0]",1,0,0,,0.5,2
4180,9c03a06e-8222-11f1-b0da-2389f409459f,40,"[1, 1]",0,1,-1,,0.5,2
4181,9c03a06e-8222-11f1-b0da-2389f409459f,40,"[1, 1]",1,1,-1,,0.5,2
4182,9c03a06e-8222-11f1-b0da-2389f409459f,41,"[1, 0]",0,1,1,,0.5,2
4183,9c03a06e-8222-11f1-b0da-2389f409459f,41,"[1, 0]",1,0,0,,0.5,2
4184,9c03a06e-8222-11f1-b0da-2389f409459f,42,"[1, 1]",0,1,-1,,0.5,2
4185,9c03a06e-8222-11f1-b0da-2389f409459f,42,"[1, 1]",1,1,-1,,0.5,2
4186,9c03a06e-8222-11f1-b0da-2389f409459f,43,"[1, 1]",0,1,-1,,0.5,2
4187,9c03a06e-8222-11f1-b0da-2389f409459f,43,"[1, 1]",1,1,-1,,0.5,2
4188,9c03a06e-8222-11f1-b0da-2389f409459f,44,"[1, 0]",0,1,1,,0.5,2
4189,9c03a06e-8222-11f1-b0da-2389f409459f,44,"[1, 0]",1,0,0,,0.5,2
4190,9c03a06e-8222-11f1-b0da-2389f409459f,45,"[1, 0]",0,1,1,,0.5,2
4191,9c03a06e-8222-11f1-b0da-2389f409459f,45,"[1, 0]",1,0,0,,0.5,2
4192,9c03a06e-8222-11f1-b0da-2389f409459f,46,"[1, 1]",0,1,-1,,0.5,2
4193,9c03a06e-8222-11f1-b0da-2389f409459f,46,"[1, 1]",1,1,-1,,0.5,2
4194,9c03a06e-8222-11f1-b0da-2389f409459f,47,"[1, 0]",0,1,1,,0.5,2
4195,9c03a06e-8222-11f1-b0da-2389f409459f,47,"[1, 0]",1,0,0,,0.5,2
4196,9c03a06e-8222-11f1-b0da-2389f409459f,48,"[1, 0]",0,1,1,,0.5,2
4197,9c03a06e-8222-11f1-b0da-2389f409459f,48,"[1, 0]",1,0,0,,0.5,2
4198,9c03a06e-8222-11f1-b0da-2389f409459f,49,"[1, 1]",0,1,-1,,0.5,2
4199,9c03a06e-8222-11f1-b0da-2389f409459f,49,"[1, 1]",1,1,-1,,0.5,2
4200,9c051c00-8222-11f1-b0da-2389f409459f,0,"[1, 0]",0,1,1,,0.5,2
4201,9c051c00-8222-11f1-b0da-2389f409459f,0,"[1, 0]",1,0,0,,0.5,2
4202,9c051c00-8222-11f1-b0da-2389f409459f,1,"[0, 1]",0,0,0,,0.5,2
4203,9c051c00-8222-11f1-b0da-2389f409459f,1,"[0, 1]",1,1,1,,0.5,2
4204,9c051c00-8222-11f1-b0da-2389f409459f,2,"[0, 0]",0,0,0,,0.5,2
4205,9c051c00-8222-11f1-b0da-2389f409459f,2,"[0, 0]",1,0,0,,0.5,2
4206,9c051c00-8222-11f1-b0da-2389f409459f,3,"[0, 1]",0,0,0,,0.5,2
4207,9c051c00-8222-11f1-b0da-2389f409459f,3,"[0, 1]",1,1,1,,0.5,2
4208,9c051c00-8222-11f1-b0da-2389f409459f,4,"[0, 0]",0,0,0,,0.5,2
4209,9c051c00-8222-11f1-b0da-2389f409459f,4,"[0, 0]",1,0,0,,0.5,2
4210,9c051c00-8222-11f1-b0da-2389f409459f,5,"[0, 0]",0,0,0,,0.5,2
4211,9c051c00-8222-11f1-b0da-2389f409459f,5,"[0, 0]",1,0,0,,0.5,2
4212,9c051c00-8222-11f1-b0da-2389f409459f,6,"[1, 0]",0,1,1,,0.5,2
4213,9c051c00-8222-11f1-b0da-2389f409459f,6,"[1, 0]",1,0,0,,0.5,2
4214,9c051c00-8222-11f1-b0da-2389f409459f,7,"[0, 1]",0,0,0,,0.5,2
4215,9c051c00-8222-11f1-b0da-2389f409459f,7,"[0, 1]",1,1,1,,0.5,2
4216,9c051c00-8222-11f1-b0da-2389f409459f,8,"[1, 0]",0,1,1,,0.5,2
4217,9c051c00-8222-11f1-b0da-2389f409459f,8,"[1, 0]",1,0,0,,0.5,2
4218,9c051c00-8222-11f1-b0da-2389f409459f,9,"[1, 0]",0,1,1,,0.5,2
4219,9c051c00-8222-11f1-b0da-2389f409459f,9,"[1, 0]",1,0,0,,0.5,2
4220,9c051c00-8222-11f1-b0da-2389f409459f,10,"[0, 1]",0,0,0,,0.5,2
4221,9c051c00-8222-11f1-b0da-2389f409459f,10,"[0, 1]",1,1,1,,0.5,2
4222,9c051c00-8222-11f1-b0da-2389f409459f,11,"[0, 0]",0,0,0,,0.5,2
4223,9c051c00-8222-11f1-b0da-2389f409459f,11,"[0, 0]",1,0,0,,0.5,2
4224,9c051c00-8222-11f1-b0da-2389f409459f,12,"[1, 1]",0,1,-1,,0.5,2
4225,9c051c00-8222-11f1-b0da-2389f409459f,12,"[1, 1]",1,1,-1,,0.5,2
4226,9c051c00-8222-11f1-b0da-2389f409459f,13,"[0, 1]",0,0,0,,0.5,2
4227,9c051c00-8222-11f1-b0da-2389f409459f,13,"[0, 1]",1,1,1,,0.5,2
4228,9c051c00-8222-11f1-b0da-2389f409459f,14,"[0, 0]",0,0,0,,0.5,2
4229,9c051c00-8222-11f1-b0da-2389f409459f,14,"[0, 0]",1,0,0,,0.5,2
4230,9c051c00-8222-11f1-b0da-2389f409459f,15,"[1, 0]",0,1,1,,0.5,2
4231,9c051c00-8222-11f1-b0da-2389f409459f,15,"[1, 0]",1,0,0,,0.5,2
4232,9c051c00-8222-11f1-b0da-2389f409459f,16,"[1, 1]",0,1,-1,,0.5,2
4233,9c051c00-8222-11f1-b0da-2389f409459f,16,"[1, 1]",1,1,-1,,0.5,2
4234,9c051c00-8222-11f1-b0da-2389f409459f,17,"[1, 0]",0,1,1,,0.5,2
4235,9c051c00-8222-11f1-b0da-2389f409459f,17,"[1, 0]",1,0,0,,0.5,2
4236,9c051c00-8222-11f1-b0da-2389f409459f,18,"[0, 1]",0,0,0,,0.5,2
4237,9c051c00-8222-11f1-b0da-2389f409459f,18,"[0, 1]",1,1,1,,0.5,2
4238,9c051c00-8222-11f1-b0da-2389f409459f,19,"[1, 1]",0,1,-1,,0.5,2
4239,9c051c00-8222-11f1-b0da-2389f409459f,19,"[1, 1]",1,1,-1,,0.5,2
4240,9c051c00-8222-11f1-b0da-2389f409459f,20,"[1, 1]",0,1,-1,,0.5,2
4241,9c051c00-8222-11f1-b0da-2389f409459f,20,"[1, 1]",1,1,-1,,0.5,2
4242,9c051c00-8222-11f1-b0da-2389f409459f,21,"[1, 1]",0,1,-1,,0.5,2
4243,9c051c00-8222-11f1-b0da-2389f409459f,21,"[1, 1]",1,1,-1,,0.5,2
4244,9c051c00-8222-11f1-b0da-2389f409459f,22,"[0, 0]",0,0,0,,0.5,2
4245,9c051c00-8222-11f1-b0da-2389f409459f,22,"[0, 0]",1,0,0,,0.5,2
4246,9c051c00-8222-11f1-b0da-2389f409459f,23,"[1, 1]",0,1,-1,,0.5,2
4247,9c051c00-8222-11f1-b0da-2389f409459f,23,"[1, 1]",1,1,-1,,0.5,2
4248,9c051c00-8222-11f1-b0da-2389f409459f,24,"[0, 1]",0,0,0,,0.5,2
4249,9c051c00-8222-11f1-b0da-2389f409459f,24,"[0, 1]",1,1,1,,0.5,2
4250,9c051c00-8222-11f1-b0da-2389f409459f,25,"[1, 0]",0,1,1,,0.5,2
4251,9c051c00-8222-11f1-b0da-2389f409459f,25,"[1, 0]",1,0,0,,0.5,2
4252,9c051c00-8222-11f1-b0da-2389f409459f,26,"[0, 1]",0,0,0,,0.5,2
4253,9c051c00-8222-11f1-b0da-2389f409459f,26,"[0, 1]",1,1,1,,0.5,2
4254,9c051c00-8222-11f1-b0da-2389f409459f,27,"[1, 0]",0,1,1,,0.5,2
4255,9c051c00-8222-11f1-b0da-2389f409459f,27,"[1, 0]",1,0,0,,0.5,2
4256,9c051c00-8222-11f1-b0da-2389f409459f,28,"[0, 1]",0,0,0,,0.5,2
4257,9c051c00-8222-11f1-b0da-2389f409459f,28,"[0, 1]",1,1,1,,0.5,2
4258,9c051c00-8222-11f1-b0da-2389f409459f,29,"[1, 0]",0,1,1,,0.5,2
4259,9c051c00-8222-11f1-b0da-2389f409459f,29,"[1, 0]",1,0,0,,0.5,2
4260,9c051c00-8222-11f1-b0da-2389f409459f,30,"[0, 1]",0,0,0,,0.5,2
4261,9c051c00-8222-11f1-b0da-2389f409459f,30,"[0, 1]",1,1,1,,0.5,2
4262,9c051c00-8222-11f1-b0da-2389f409459f,31,"[1, 0]",0,1,1,,0.5,2
4263,9c051c00-8222-11f1-b0da-2389f409459f,31,"[1, 0]",1,0,0,,0.5,2
4264,9c051c00-8222-11f1-b0da-2389f409459f,32,"[0, 1]",0,0,0,,0.5,2
4265,9c051c00-8222-11f1-b0da-2389f409459f,32,"[0, 1]",1,1,1,,0.5,2
4266,9c051c00-8222-11f1-b0da-2389f409459f,33,"[1, 0]",0,1,1,,0.5,2
4267,9c051c00-8222-11f1-b0da-2389f409459f,33,"[1, 0]",1,0,0,,0.5,2
4268,9c051c00-8222-11f1-b0da-2389f409459f,34,"[0, 0]",0,0,0,,0.5,2
4269,9c051c00-8222-11f1-b0da-2389f409459f,34,"[0, 0]",1,0,0,,0.5,2
4270,9c051c00-8222-11f1-b0da-2389f409459f,35,"[1, 0]",0,1,1,,0.5,2
4271,9c051c00-8222-11f1-b0da-2389f409459f,35,"[1, 0]",1,0,0,,0.5,2
4272,9c051c00-8222-11f1-b0da-2389f409459f,36,"[0, 0]",0,0,0,,0.5,2
4273,9c051c00-8222-11f1-b0da-2389f409459f,36,"[0, 0]",1,0,0,,0.5,2
4274,9c051c00-8222-11f1-b0da-2389f409459f,37,"[0, 0]",0,0,0,,0.5,2
4275,9c051c00-8222-11f1-b0da-2389f409459f,37,"[0, 0]",1,0,0,,0.5,2
4276,9c051c00-8222-11f1-b0da-2389f409459f,38,"[1, 1]",0,1,-1,,0.5,2
4277,9c051c00-8222-11f1-b0da-2389f409459f,38,"[1, 1]",1,1,-1,,0.5,2
4278,9c051c00-8222-11f1-b0da-2389f409459f,39,"[1, 0]",0,1,1,,0.5,2
4279,9c051c00-8222-11f1-b0da-2389f409459f,39,"[1, 0]",1,0,0,,0.5,2
4280,9c051c00-8222-11f1-b0da-2389f409459f,40,"[0, 1]",0,0,0,,0.5,2
4281,9c051c00-8222-11f1-b0da-2389f409459f,40,"[0, 1]",1,1,1,,0.5,2
4282,9c051c00-8222-11f1-b0da-2389f409459f,41,"[1, 0]",0,1,1,,0.5,2
4283,9c051c00-8222-11f1-b0da-2389f409459f,41,"[1, 0]",1,0,0,,0.5,2
4284,9c051c00-8222-11f1-b0da-2389f409459f,42,"[0, 1]",0,0,0,,0.5,2
4285,9c051c00-8222-11f1-b0da-2389f409459f,42,"[0, 1]",1,1,1,,0.5,2
4286,9c051c00-8222-11f1-b0da-2389f409459f,43,"[0, 0]",0,0,0,,0.5,2
4287,9c051c00-8222-11f1-b0da-2389f409459f,43,"[0, 0]",1,0,0,,0.5,2
4288,9c051c00-8222-11f1-b0da-2389f409459f,44,"[0, 0]",0,0,0,,0.5,2
4289,9c051c00-8222-11f1-b0da-2389f409459f,44,"[0, 0]",1,0,0,,0.5,2
4290,9c051c00-8222-11f1-b0da-2389f409459f,45,"[1, 0]",0,1,1,,0.5,2
4291,9c051c00-8222-11f1-b0da-2389f409459f,45,"[1, 0]",1,0,0,,0.5,2
4292,9c051c00-8222-11f1-b0da-2389f409459f,46,"[1, 1]",0,1,-1,,0.5,2
4293,9c051c00-8222-11f1-b0da-2389f409459f,46,"[1, 1]",1,1,-1,,0.5,2
4294,9c051c00-8222-11f1-b0da-2389f409459f,47,"[0, 0]",0,0,0,,0.5,2
4295,9c051c00-8222-11f1-b0da-2389f409459f,47,"[0, 0]",1,0,0,,0.5,2
4296,9c051c00-8222-11f1-b0da-2389f409459f,48,"[0, 1]",0,0,0,,0.5,2
4297,9c051c00-8222-11f1-b0da-2389f409459f,48,"[0, 1]",1,1,1,,0.5,2
4298,9c051c00-8222-11f1-b0da-2389f409459f,49,"[1, 0]",0,1,1,,0.5,2
4299,9c051c00-8222-11f1-b0da-2389f409459f,49,"[1, 0]",1,0,0,,0.5,2
4300,9c069864-8222-11f1-b0da-2389f409459f,0,"[1, 1]",0,1,-1,,0.5,2
4301,9c069864-8222-11f1-b0da-2389f409459f,0,"[1, 1]",1,1,-1,,0.5,2
4302,9c069864-8222-11f1-b0da-2389f409459f,1,"[1, 1]",0,1,-1,,0.5,2
4303,9c069864-8222-11f1-b0da-2389f409459f,1,"[1, 1]",1,1,-1,,0.5,2
4304,9c069864-8222-11f1-b0da-2389f409459f,2,"[1, 1]",0,1,-1,,0.5,2
4305,9c069864-8222-11f1-b0da-2389f409459f,2,"[1, 1]",1,1,-1,,0.5,2
4306,9c069864-8222-11f1-b0da-2389f409459f,3,"[1, 1]",0,1,-1,,0.5,2
4307,9c069864-8222-11f1-b0da-2389f409459f,3,"[1, 1]",1,1,-1,,0.5,2
4308,9c069864-8222-11f1-b0da-2389f409459f,4,"[1, 1]",0,1,-1,,0.5,2
4309,9c069864-8222-11f1-b0da-2389f409459f,4,"[1, 1]",1,1,-1,,0.5,2
4310,9c069864-8222-11f1-b0da-2389f409459f,5,"[1, 0]",0,1,1,,0.5,2
4311,9c069864-8222-11f1-b0da-2389f409459f,5,"[1, 0]",1,0,0,,0.5,2
4312,9c069864-8222-11f1-b0da-2389f409459f,6,"[1, 1]",0,1,-1,,0.5,2
4313,9c069864-8222-11f1-b0da-2389f409459f,6,"[1, 1]",1,1,-1,,0.5,2
4314,9c069864-8222-11f1-b0da-2389f409459f,7,"[1, 1]",0,1,-1,,0.5,2
4315,9c069864-8222-11f1-b0da-2389f409459f,7,"[1, 1]",1,1,-1,,0.5,2
4316,9c069864-8222-11f1-b0da-2389f409459f,8,"[1, 1]",0,1,-1,,0.5,2
4317,9c069864-8222-11f1-b0da-2389f409459f,8,"[1, 1]",1,1,-1,,0.5,2
4318,9c069864-8222-11f1-b0da-2389f409459f,9,"[1, 1]",0,1,-1,,0.5,2
4319,9c069864-8222-11f1-b0da-2389f409459f,9,"[1, 1]",1,1,-1,,0.5,2
4320,9c069864-8222-11f1-b0da-2389f409459f,10,"[1, 1]",0,1,-1,,0.5,2
4321,9c069864-8222-11f1-b0da-2389f409459f,10,"[1, 1]",1,1,-1,,0.5,2
4322,9c069864-8222-11f1-b0da-2389f409459f,11,"[1, 0]",0,1,1,,0.5,2
4323,9c069864-8222-11f1-b0da-2389f409459f,11,"[1, 0]",1,0,0,,0.5,2
4324,9c069864-8222-11f1-b0da-2389f409459f,12,"[1, 1]",0,1,-1,,0.5,2
4325,9c069864-8222-11f1-b0da-2389f409459f,12,"[1, 1]",1,1,-1,,0.5,2
4326,9c069864-8222-11f1-b0da-2389f409459f,13,"[1, 1]",0,1,-1,,0.5,2
4327,9c069864-8222-11f1-b0da-2389f409459f,13,"[1, 1]",1,1,-1,,0.5,2
4328,9c069864-8222-11f1-b0da-2389f409459f,14,"[1, 0]",0,1,1,,0.5,2
4329,9c069864-8222-11f1-b0da-2389f409459f,14,"[1, 0]",1,0,0,,0.5,2
4330,9c069864-8222-11f1-b0da-2389f409459f,15,"[1, 1]",0,1,-1,,0.5,2
4331,9c069864-8222-11f1-b0da-2389f409459f,15,"[1, 1]",1,1,-1,,0.5,2
4332,9c069864-8222-11f1-b0da-2389f409459f,16,"[1, 1]",0,1,-1,,0.5,2
4333,9c069864-8222-11f1-b0da-2389f409459f,16,"[1, 1]",1,1,-1,,0.5,2
4334,9c069864-8222-11f1-b0da-2389f409459f,17,"[1, 1]",0,1,-1,,0.5,2
4335,9c069864-8222-11f1-b0da-2389f409459f,17,"[1, 1]",1,1,-1,,0.5,2
4336,9c069864-8222-11f1-b0da-2389f409459f,18,"[1, 1]",0,1,-1,,0.5,2
4337,9c069864-8222-11f1-b0da-2389f409459f,18,"[1, 1]",1,1,-1,,0.5,2
4338,9c069864-8222-11f1-b0da-2389f409459f,19,"[1, 0]",0,1,1,,0.5,2
4339,9c069864-8222-11f1-b0da-2389f409459f,19,"[1, 0]",1,0,0,,0.5,2
4340,9c069864-8222-11f1-b0da-2389f409459f,20,"[1, 0]",0,1,1,,0.5,2
4341,9c069864-8222-11f1-b0da-2389f409459f,20,"[1, 0]",1,0,0,,0.5,2
4342,9c069864-8222-11f1-b0da-2389f409459f,21,"[1, 0]",0,1,1,,0.5,2
4343,9c069864-8222-11f1-b0da-2389f409459f,21,"[1, 0]",1,0,0,,0.5,2
4344,9c069864-8222-11f1-b0da-2389f409459f,22,"[1, 1]",0,1,-1,,0.5,2
4345,9c069864-8222-11f1-b0da-2389f409459f,22,"[1, 1]",1,1,-1,,0.5,2
4346,9c069864-8222-11f1-b0da-2389f409459f,23,"[1, 0]",0,1,1,,0.5,2
4347,9c069864-8222-11f1-b0da-2389f409459f,23,"[1, 0]",1,0,0,,0.5,2
4348,9c069864-8222-11f1-b0da-2389f409459f,24,"[1, 0]",0,1,1,,0.5,2
4349,9c069864-8222-11f1-b0da-2389f409459f,24,"[1, 0]",1,0,0,,0.5,2
4350,9c069864-8222-11f1-b0da-2389f409459f,25,"[1, 0]",0,1,1,,0.5,2
4351,9c069864-8222-11f1-b0da-2389f409459f,25,"[1, 0]",1,0,0,,0.5,2
4352,9c069864-8222-11f1-b0da-2389f409459f,26,"[1, 1]",0,1,-1,,0.5,2
4353,9c069864-8222-11f1-b0da-2389f409459f,26,"[1, 1]",1,1,-1,,0.5,2
4354,9c069864-8222-11f1-b0da-2389f409459f,27,"[1, 1]",0,1,-1,,0.5,2
4355,9c069864-8222-11f1-b0da-2389f409459f,27,"[1, 1]",1,1,-1,,0.5,2
4356,9c069864-8222-11f1-b0da-2389f409459f,28,"[1, 0]",0,1,1,,0.5,2
4357,9c069864-8222-11f1-b0da-2389f409459f,28,"[1, 0]",1,0,0,,0.5,2
4358,9c069864-8222-11f1-b0da-2389f409459f,29,"[1, 1]",0,1,-1,,0.5,2
4359,9c069864-8222-11f1-b0da-2389f409459f,29,"[1, 1]",1,1,-1,,0.5,2
4360,9c069864-8222-11f1-b0da-2389f409459f,30,"[1, 1]",0,1,-1,,0.5,2
4361,9c069864-8222-11f1-b0da-2389f409459f,30,"[1, 1]",1,1,-1,,0.5,2
4362,9c069864-8222-11f1-b0da-2389f409459f,31,"[1, 0]",0,1,1,,0.5,2
4363,9c069864-8222-11f1-b0da-2389f409459f,31,"[1, 0]",1,0,0,,0.5,2
4364,9c069864-8222-11f1-b0da-2389f409459f,32,"[1, 1]",0,1,-1,,0.5,2
4365,9c069864-8222-11f1-b0da-2389f409459f,32,"[1, 1]",1,1,-1,,0.5,2
4366,9c069864-8222-11f1-b0da-2389f409459f,33,"[1, 1]",0,1,-1,,0.5,2
4367,9c069864-8222-11f1-b0da-2389f409459f,33,"[1, 1]",1,1,-1,,0.5,2
4368,9c069864-8222-11f1-b0da-2389f409459f,34,"[1, 1]",0,1,-1,,0.5,2
4369,9c069864-8222-11f1-b0da-2389f409459f,34,"[1, 1]",1,1,-1,,0.5,2
4370,9c069864-8222-11f1-b0da-2389f409459f,35,"[1, 0]",0,1,1,,0.5,2
4371,9c069864-8222-11f1-b0da-2389f409459f,35,"[1, 0]",1,0,0,,0.5,2
4372,9c069864-8222-11f1-b0da-2389f409459f,36,"[1, 1]",0,1,-1,,0.5,2
4373,9c069864-8222-11f1-b0da-2389f409459f,36,"[1, 1]",1,1,-1,,0.5,2
4374,9c069864-8222-11f1-b0da-2389f409459f,37,"[1, 1]",0,1,-1,,0.5,2
4375,9c069864-8222-11f1-b0da-2389f409459f,37,"[1, 1]",1,1,-1,,0.5,2
4376,9c069864-8222-11f1-b0da-2389f409459f,38,"[1, 0]",0,1,1,,0.5,2
4377,9c069864-8222-11f1-b0da-2389f409459f,38,"[1, 0]",1,0,0,,0.5,2
4378,9c069864-8222-11f1-b0da-2389f409459f,39,"[1, 1]",0,1,-1,,0.5,2
4379,9c069864-8222-11f1-b0da-2389f409459f,39,"[1, 1]",1,1,-1,,0.5,2
4380,9c069864-8222-11f1-b0da-2389f409459f,40,"[1, 1]",0,1,-1,,0.5,2
4381,9c069864-8222-11f1-b0da-2389f409459f,40,"[1, 1]",1,1,-1,,0.5,2
4382,9c069864-8222-11f1-b0da-2389f409459f,41,"[0, 0]",0,0,0,,0.5,2
4383,9c069864-8222-11f1-b0da-2389f409459f,41,"[0, 0]",1,0,0,,0.5,2
4384,9c069864-8222-11f1-b0da-2389f409459f,42,"[0, 1]",0,0,0,,0.5,2
4385,9c069864-8222-11f1-b0da-2389f409459f,42,"[0, 1]",1,1,1,,0.5,2
4386,9c069864-8222-11f1-b0da-2389f409459f,43,"[0, 0]",0,0,0,,0.5,2
4387,9c069864-8222-11f1-b0da-2389f409459f,43,"[0, 0]",1,0,0,,0.5,2
4388,9c069864-8222-11f1-b0da-2389f409459f,44,"[1, 0]",0,1,1,,0.5,2
4389,9c069864-8222-11f1-b0da-2389f409459f,44,"[1, 0]",1,0,0,,0.5,2
4390,9c069864-8222-11f1-b0da-2389f409459f,45,"[1, 1]",0,1,-1,,0.5,2
4391,9c069864-8222-11f1-b0da-2389f409459f,45,"[1, 1]",1,1,-1,,0.5,2
4392,9c069864-8222-11f1-b0da-2389f409459f,46,"[1, 1]",0,1,-1,,0.5,2
4393,9c069864-8222-11f1-b0da-2389f409459f,46,"[1, 1]",1,1,-1,,0.5,2
4394,9c069864-8222-11f1-b0da-2389f409459f,47,"[1, 0]",0,1,1,,0.5,2
4395,9c069864-8222-11f1-b0da-2389f409459f,47,"[1, 0]",1,0,0,,0.5,2
4396,9c069864-8222-11f1-b0da-2389f409459f,48,"[1, 0]",0,1,1,,0.5,2
4397,9c069864-8222-11f1-b0da-2389f409459f,48,"[1, 0]",1,0,0,,0.5,2
4398,9c069864-8222-11f1-b0da-2389f409459f,49,"[1, 0]",0,1,1,,0.5,2
4399,9c069864-8222-11f1-b0da-2389f409459f,49,"[1, 0]",1,0,0,,0.5,2
4400,9c0853d4-8222-11f1-b0da-2389f409459f,0,"[0, 0]",0,0,0,,0.5,2
4401,9c0853d4-8222-11f1-b0da-2389f409459f,0,"[0, 0]",1,0,0,,0.5,2
4402,9c0853d4-8222-11f1-b0da-2389f409459f,1,"[0, 1]",0,0,0,,0.5,2
4403,9c0853d4-8222-11f1-b0da-2389f409459f,1,"[0, 1]",1,1,1,,0.5,2
4404,9c0853d4-8222-11f1-b0da-2389f409459f,2,"[1, 1]",0,1,-1,,0.5,2
4405,9c0853d4-8222-11f1-b0da-2389f409459f,2,"[1, 1]",1,1,-1,,0.5,2
4406,9c0853d4-8222-11f1-b0da-2389f409459f,3,"[1, 0]",0,1,1,,0.5,2
4407,9c0853d4-8222-11f1-b0da-2389f409459f,3,"[1, 0]",1,0,0,,0.5,2
4408,9c0853d4-8222-11f1-b0da-2389f409459f,4,"[0, 0]",0,0,0,,0.5,2
4409,9c0853d4-8222-11f1-b0da-2389f409459f,4,"[0, 0]",1,0,0,,0.5,2
4410,9c0853d4-8222-11f1-b0da-2389f409459f,5,"[0, 0]",0,0,0,,0.5,2
4411,9c0853d4-8222-11f1-b0da-2389f409459f,5,"[0, 0]",1,0,0,,0.5,2
4412,9c0853d4-8222-11f1-b0da-2389f409459f,6,"[0, 0]",0,0,0,,0.5,2
4413,9c0853d4-8222-11f1-b0da-2389f409459f,6,"[0, 0]",1,0,0,,0.5,2
4414,9c0853d4-8222-11f1-b0da-2389f409459f,7,"[0, 0]",0,0,0,,0.5,2
4415,9c0853d4-8222-11f1-b0da-2389f409459f,7,"[0, 0]",1,0,0,,0.5,2
4416,9c0853d4-8222-11f1-b0da-2389f409459f,8,"[0, 0]",0,0,0,,0.5,2
4417,9c0853d4-8222-11f1-b0da-2389f409459f,8,"[0, 0]",1,0,0,,0.5,2
4418,9c0853d4-8222-11f1-b0da-2389f409459f,9,"[0, 1]",0,0,0,,0.5,2
4419,9c0853d4-8222-11f1-b0da-2389f409459f,9,"[0, 1]",1,1,1,,0.5,2
4420,9c0853d4-8222-11f1-b0da-2389f409459f,10,"[1, 1]",0,1,-1,,0.5,2
4421,9c0853d4-8222-11f1-b0da-2389f409459f,10,"[1, 1]",1,1,-1,,0.5,2
4422,9c0853d4-8222-11f1-b0da-2389f409459f,11,"[0, 0]",0,0,0,,0.5,2
4423,9c0853d4-8222-11f1-b0da-2389f409459f,11,"[0, 0]",1,0,0,,0.5,2
4424,9c0853d4-8222-11f1-b0da-2389f409459f,12,"[0, 1]",0,0,0,,0.5,2
4425,9c0853d4-8222-11f1-b0da-2389f409459f,12,"[0, 1]",1,1,1,,0.5,2
4426,9c0853d4-8222-11f1-b0da-2389f409459f,13,"[1, 0]",0,1,1,,0.5,2
4427,9c0853d4-8222-11f1-b0da-2389f409459f,13,"[1, 0]",1,0,0,,0.5,2
4428,9c0853d4-8222-11f1-b0da-2389f409459f,14,"[1, 0]",0,1,1,,0.5,2
4429,9c0853d4-8222-11f1-b0da-2389f409459f,14,"[1, 0]",1,0,0,,0.5,2
4430,9c0853d4-8222-11f1-b0da-2389f409459f,15,"[0, 1]",0,0,0,,0.5,2
4431,9c0853d4-8222-11f1-b0da-2389f409459f,15,"[0, 1]",1,1,1,,0.5,2
4432,9c0853d4-8222-11f1-b0da-2389f409459f,16,"[0, 1]",0,0,0,,0.5,2
4433,9c0853d4-8222-11f1-b0da-2389f409459f,16,"[0, 1]",1,1,1,,0.5,2
4434,9c0853d4-8222-11f1-b0da-2389f409459f,17,"[1, 1]",0,1,-1,,0.5,2
4435,9c0853d4-8222-11f1-b0da-2389f409459f,17,"[1, 1]",1,1,-1,,0.5,2
4436,9c0853d4-8222-11f1-b0da-2389f409459f,18,"[0, 0]",0,0,0,,0.5,2
4437,9c0853d4-8222-11f1-b0da-2389f409459f,18,"[0, 0]",1,0,0,,0.5,2
4438,9c0853d4-8222-11f1-b0da-2389f409459f,19,"[0, 1]",0,0,0,,0.5,2
4439,9c0853d4-8222-11f1-b0da-2389f409459f,19,"[0, 1]",1,1,1,,0.5,2
4440,9c0853d4-8222-11f1-b0da-2389f409459f,20,"[0, 1]",0,0,0,,0.5,2
4441,9c0853d4-8222-11f1-b0da-2389f409459f,20,"[0, 1]",1,1,1,,0.5,2
4442,9c0853d4-8222-11f1-b0da-2389f409459f,21,"[0, 0]",0,0,0,,0.5,2
4443,9c0853d4-8222-11f1-b0da-2389f409459f,21,"[0, 0]",1,0,0,,0.5,2
4444,9c0853d4-8222-11f1-b0da-2389f409459f,22,"[0, 0]",0,0,0,,0.5,2
4445,9c0853d4-8222-11f1-b0da-2389f409459f,22,"[0, 0]",1,0,0,,0.5,2
4446,9c0853d4-8222-11f1-b0da-2389f409459f,23,"[1, 0]",0,1,1,,0.5,2
4447,9c0853d4-8222-11f1-b0da-2389f409459f,23,"[1, 0]",1,0,0,,0.5,2
4448,9c0853d4-8222-11f1-b0da-2389f409459f,24,"[0, 1]",0,0,0,,0.5,2
4449,9c0853d4-8222-11f1-b0da-2389f409459f,24,"[0, 1]",1,1,1,,0.5,2
4450,9c0853d4-8222-11f1-b0da-2389f409459f,25,"[1, 1]",0,1,-1,,0.5,2
4451,9c0853d4-8222-11f1-b0da-2389f409459f,25,"[1, 1]",1,1,-1,,0.5,2
4452,9c0853d4-8222-11f1-b0da-2389f409459f,26,"[1, 1]",0,1,-1,,0.5,2
4453,9c0853d4-8222-11f1-b0da-2389f409459f,26,"[1, 1]",1,1,-1,,0.5,2
4454,9c0853d4-8222-11f1-b0da-2389f409459f,27,"[0, 0]",0,0,0,,0.5,2
4455,9c0853d4-8222-11f1-b0da-2389f409459f,27,"[0, 0]",1,0,0,,0.5,2
4456,9c0853d4-8222-11f1-b0da-2389f409459f,28,"[0, 1]",0,0,0,,0.5,2
4457,9c0853d4-8222-11f1-b0da-2389f409459f,28,"[0, 1]",1,1,1,,0.5,2
4458,9c0853d4-8222-11f1-b0da-2389f409459f,29,"[0, 0]",0,0,0,,0.5,2
4459,9c0853d4-8222-11f1-b0da-2389f409459f,29,"[0, 0]",1,0,0,,0.5,2
4460,9c0853d4-8222-11f1-b0da-2389f409459f,30,"[0, 1]",0,0,0,,0.5,2
4461,9c0853d4-8222-11f1-b0da-2389f409459f,30,"[0, 1]",1,1,1,,0.5,2
4462,9c0853d4-8222-11f1-b0da-2389f409459f,31,"[1, 0]",0,1,1,,0.5,2
4463,9c0853d4-8222-11f1-b0da-2389f409459f,31,"[1, 0]",1,0,0,,0.5,2
4464,9c0853d4-8222-11f1-b0da-2389f409459f,32,"[1, 1]",0,1,-1,,0.5,2
4465,9c0853d4-8222-11f1-b0da-2389f409459f,32,"[1, 1]",1,1,-1,,0.5,2
4466,9c0853d4-8222-11f1-b0da-2389f409459f,33,"[0, 0]",0,0,0,,0.5,2
4467,9c0853d4-8222-11f1-b0da-2389f409459f,33,"[0, 0]",1,0,0,,0.5,2
4468,9c0853d4-8222-11f1-b0da-2389f409459f,34,"[1, 1]",0,1,-1,,0.5,2
4469,9c0853d4-8222-11f1-b0da-2389f409459f,34,"[1, 1]",1,1,-1,,0.5,2
4470,9c0853d4-8222-11f1-b0da-2389f409459f,35,"[0, 0]",0,0,0,,0.5,2
4471,9c0853d4-8222-11f1-b0da-2389f409459f,35,"[0, 0]",1,0,0,,0.5,2
4472,9c0853d4-8222-11f1-b0da-2389f409459f,36,"[0, 0]",0,0,0,,0.5,2
4473,9c0853d4-8222-11f1-b0da-2389f409459f,36,"[0, 0]",1,0,0,,0.5,2
4474,9c0853d4-8222-11f1-b0da-2389f409459f,37,"[0, 0]",0,0,0,,0.5,2
4475,9c0853d4-8222-11f1-b0da-2389f409459f,37,"[0, 0]",1,0,0,,0.5,2
4476,9c0853d4-8222-11f1-b0da-2389f409459f,38,"[0, 0]",0,0,0,,0.5,2
4477,9c0853d4-8222-11f1-b0da-2389f409459f,38,"[0, 0]",1,0,0,,0.5,2
4478,9c0853d4-8222-11f1-b0da-2389f409459f,39,"[1, 0]",0,1,1,,0.5,2
4479,9c0853d4-8222-11f1-b0da-2389f409459f,39,"[1, 0]",1,0,0,,0.5,2
4480,9c0853d4-8222-11f1-b0da-2389f409459f,40,"[0, 1]",0,0,0,,0.5,2
4481,9c0853d4-8222-11f1-b0da-2389f409459f,40,"[0, 1]",1,1,1,,0.5,2
4482,9c0853d4-8222-11f1-b0da-2389f409459f,41,"[1, 0]",0,1,1,,0.5,2
4483,9c0853d4-8222-11f1-b0da-2389f409459f,41,"[1, 0]",1,0,0,,0.5,2
4484,9c0853d4-8222-11f1-b0da-2389f409459f,42,"[1, 0]",0,1,1,,0.5,2
4485,9c0853d4-8222-11f1-b0da-2389f409459f,42,"[1, 0]",1,0,0,,0.5,2
4486,9c0853d4-8222-11f1-b0da-2389f409459f,43,"[0, 0]",0,0,0,,0.5,2
4487,9c0853d4-8222-11f1-b0da-2389f409459f,43,"[0, 0]",1,0,0,,0.5,2
4488,9c0853d4-8222-11f1-b0da-2389f409459f,44,"[1, 1]",0,1,-1,,0.5,2
4489,9c0853d4-8222-11f1-b0da-2389f409459f,44,"[1, 1]",1,1,-1,,0.5,2
4490,9c0853d4-8222-11f1-b0da-2389f409459f,45,"[0, 0]",0,0,0,,0.5,2
4491,9c0853d4-8222-11f1-b0da-2389f409459f,45,"[0, 0]",1,0,0,,0.5,2
4492,9c0853d4-8222-11f1-b0da-2389f409459f,46,"[0, 0]",0,0,0,,0.5,2
4493,9c0853d4-8222-11f1-b0da-2389f409459f,46,"[0, 0]",1,0,0,,0.5,2
4494,9c0853d4-8222-11f1-b0da-2389f409459f,47,"[0, 0]",0,0,0,,0.5,2
4495,9c0853d4-8222-11f1-b0da-2389f409459f,47,"[0, 0]",1,0,0,,0.5,2
4496,9c0853d4-8222-11f1-b0da-2389f409459f,48,"[1, 1]",0,1,-1,,0.5,2
4497,9c0853d4-8222-11f1-b0da-2389f409459f,48,"[1, 1]",1,1,-1,,0.5,2
4498,9c0853d4-8222-11f1-b0da-2389f409459f,49,"[0, 0]",0,0,0,,0.5,2
4499,9c0853d4-8222-11f1-b0da-2389f409459f,49,"[0, 0]",1,0,0,,0.5,2
4500,9c09f9a0-8222-11f1-b0da-2389f409459f,0,"[1, 1]",0,1,-1,,0.5,2
4501,9c09f9a0-8222-11f1-b0da-2389f409459f,0,"[1, 1]",1,1,-1,,0.5,2
4502,9c09f9a0-8222-11f1-b0da-2389f409459f,1,"[1, 1]",0,1,-1,,0.5,2
4503,9c09f9a0-8222-11f1-b0da-2389f409459f,1,"[1, 1]",1,1,-1,,0.5,2
4504,9c09f9a0-8222-11f1-b0da-2389f409459f,2,"[1, 1]",0,1,-1,,0.5,2
4505,9c09f9a0-8222-11f1-b0da-2389f409459f,2,"[1, 1]",1,1,-1,,0.5,2
4506,9c09f9a0-8222-11f1-b0da-2389f409459f,3,"[0, 1]",0,0,0,,0.5,2
4507,9c09f9a0-8222-11f1-b0da-2389f409459f,3,"[0, 1]",1,1,1,,0.5,2
4508,9c09f9a0-8222-11f1-b0da-2389f409459f,4,"[1, 0]",0,1,1,,0.5,2
4509,9c09f9a0-8222-11f1-b0da-2389f409459f,4,"[1, 0]",1,0,0,,0.5,2
4510,9c09f9a0-8222-11f1-b0da-2389f409459f,5,"[0, 0]",0,0,0,,0.5,2
4511,9c09f9a0-8222-11f1-b0da-2389f409459f,5,"[0, 0]",1,0,0,,0.5,2
4512,9c09f9a0-8222-11f1-b0da-2389f409459f,6,"[0, 0]",0,0,0,,0.5,2
4513,9c09f9a0-8222-11f1-b0da-2389f409459f,6,"[0, 0]",1,0,0,,0.5,2
4514,9c09f9a0-8222-11f1-b0da-2389f409459f,7,"[0, 1]",0,0,0,,0.5,2
4515,9c09f9a0-8222-11f1-b0da-2389f409459f,7,"[0, 1]",1,1,1,,0.5,2
4516,9c09f9a0-8222-11f1-b0da-2389f409459f,8,"[1, 0]",0,1,1,,0.5,2
4517,9c09f9a0-8222-11f1-b0da-2389f409459f,8,"[1, 0]",1,0,0,,0.5,2
4518,9c09f9a0-8222-11f1-b0da-2389f409459f,9,"[1, 1]",0,1,-1,,0.5,2
4519,9c09f9a0-8222-11f1-b0da-2389f409459f,9,"[1, 1]",1,1,-1,,0.5,2
4520,9c09f9a0-8222-11f1-b0da-2389f409459f,10,"[1, 1]",0,1,-1,,0.5,2
4521,9c09f9a0-8222-11f1-b0da-2389f409459f,10,"[1, 1]",1,1,-1,,0.5,2
4522,9c09f9a0-8222-11f1-b0da-2389f409459f,11,"[1, 1]",0,1,-1,,0.5,2
4523,9c09f9a0-8222-11f1-b0da-2389f409459f,11,"[1, 1]",1,1,-1,,0.5,2
4524,9c09f9a0-8222-11f1-b0da-2389f409459f,12,"[1, 1]",0,1,-1,,0.5,2
4525,9c09f9a0-8222-11f1-b0da-2389f409459f,12,"[1, 1]",1,1,-1,,0.5,2
4526,9c09f9a0-8222-11f1-b0da-2389f409459f,13,"[0, 1]",0,0,0,,0.5,2
4527,9c09f9a0-8222-11f1-b0da-2389f409459f,13,"[0, 1]",1,1,1,,0.5,2
4528,9c09f9a0-8222-11f1-b0da-2389f409459f,14,"[1, 1]",0,1,-1,,0.5,2
4529,9c09f9a0-8222-11f1-b0da-2389f409459f,14,"[1, 1]",1,1,-1,,0.5,2
4530,9c09f9a0-8222-11f1-b0da-2389f409459f,15,"[1, 1]",0,1,-1,,0.5,2
4531,9c09f9a0-8222-11f1-b0da-2389f409459f,15,"[1, 1]",1,1,-1,,0.5,2
4532,9c09f9a0-8222-11f1-b0da-2389f409459f,16,"[0, 1]",0,0,0,,0.5,2
4533,9c09f9a0-8222-11f1-b0da-2389f409459f,16,"[0, 1]",1,1,1,,0.5,2
4534,9c09f9a0-8222-11f1-b0da-2389f409459f,17,"[1, 0]",0,1,1,,0.5,2
4535,9c09f9a0-8222-11f1-b0da-2389f409459f,17,"[1, 0]",1,0,0,,0.5,2
4536,9c09f9a0-8222-11f1-b0da-2389f409459f,18,"[0, 1]",0,0,0,,0.5,2
4537,9c09f9a0-8222-11f1-b0da-2389f409459f,18,"[0, 1]",1,1,1,,0.5,2
4538,9c09f9a0-8222-11f1-b0da-2389f409459f,19,"[1, 0]",0,1,1,,0.5,2
4539,9c09f9a0-8222-11f1-b0da-2389f409459f,19,"[1, 0]",1,0,0,,0.5,2
4540,9c09f9a0-8222-11f1-b0da-2389f409459f,20,"[0, 0]",0,0,0,,0.5,2
4541,9c09f9a0-8222-11f1-b0da-2389f409459f,20,"[0, 0]",1,0,0,,0.5,2
4542,9c09f9a0-8222-11f1-b0da-2389f409459f,21,"[0, 0]",0,0,0,,0.5,2
4543,9c09f9a0-8222-11f1-b0da-2389f409459f,21,"[0, 0]",1,0,0,,0.5,2
4544,9c09f9a0-8222-11f1-b0da-2389f409459f,22,"[0, 1]",0,0,0,,0.5,2
4545,9c09f9a0-8222-11f1-b0da-2389f409459f,22,"[0, 1]",1,1,1,,0.5,2
4546,9c09f9a0-8222-11f1-b0da-2389f409459f,23,"[1, 0]",0,1,1,,0.5,2
4547,9c09f9a0-8222-11f1-b0da-2389f409459f,23,"[1, 0]",1,0,0,,0.5,2
4548,9c09f9a0-8222-11f1-b0da-2389f409459f,24,"[0, 0]",0,0,0,,0.5,2
4549,9c09f9a0-8222-11f1-b0da-2389f409459f,24,"[0, 0]",1,0,0,,0.5,2
4550,9c09f9a0-8222-11f1-b0da-2389f409459f,25,"[0, 0]",0,0,0,,0.5,2
4551,9c09f9a0-8222-11f1-b0da-2389f409459f,25,"[0, 0]",1,0,0,,0.5,2
4552,9c09f9a0-8222-11f1-b0da-2389f409459f,26,"[0, 1]",0,0,0,,0.5,2
4553,9c09f9a0-8222-11f1-b0da-2389f409459f,26,"[0, 1]",1,1,1,,0.5,2
4554,9c09f9a0-8222-11f1-b0da-2389f409459f,27,"[1, 0]",0,1,1,,0.5,2
4555,9c09f9a0-8222-11f1-b0da-2389f409459f,27,"[1, 0]",1,0,0,,0.5,2
4556,9c09f9a0-8222-11f1-b0da-2389f409459f,28,"[1, 1]",0,1,-1,,0.5,2
4557,9c09f9a0-8222-11f1-b0da-2389f409459f,28,"[1, 1]",1,1,-1,,0.5,2
4558,9c09f9a0-8222-11f1-b0da-2389f409459f,29,"[1, 1]",0,1,-1,,0.5,2
4559,9c09f9a0-8222-11f1-b0da-2389f409459f,29,"[1, 1]",1,1,-1,,0.5,2
4560,9c09f9a0-8222-11f1-b0da-2389f409459f,30,"[0, 1]",0,0,0,,0.5,2
4561,9c09f9a0-8222-11f1-b0da-2389f409459f,30,"[0, 1]",1,1,1,,0.5,2
4562,9c09f9a0-8222-11f1-b0da-2389f409459f,31,"[1, 0]",0,1,1,,0.5,2
4563,9c09f9a0-8222-11f1-b0da-2389f409459f,31,"[1, 0]",1,0,0,,0.5,2
4564,9c09f9a0-8222-11f1-b0da-2389f409459f,32,"[1, 1]",0,1,-1,,0.5,2
4565,9c09f9a0-8222-11f1-b0da-2389f409459f,32,"[1, 1]",1,1,-1,,0.5,2
4566,9c09f9a0-8222-11f1-b0da-2389f409459f,33,"[1, 1]",0,1,-1,,0.5,2
4567,9c09f9a0-8222-11f1-b0da-2389f409459f,33,"[1, 1]",1,1,-1,,0.5,2
4568,9c09f9a0-8222-11f1-b0da-2389f409459f,34,"[0, 1]",0,0,0,,0.5,2
4569,9c09f9a0-8222-11f1-b0da-2389f409459f,34,"[0, 1]",1,1,1,,0.5,2
4570,9c09f9a0-8222-11f1-b0da-2389f409459f,35,"[1, 0]",0,1,1,,0.5,2
4571,9c09f9a0-8222-11f1-b0da-2389f409459f,35,"[1, 0]",1,0,0,,0.5,2
4572,9c09f9a0-8222-11f1-b0da-2389f409459f,36,"[0, 1]",0,0,0,,0.5,2
4573,9c09f9a0-8222-11f1-b0da-2389f409459f,36,"[0, 1]",1,1,1,,0.5,2
4574,9c09f9a0-8222-11f1-b0da-2389f409459f,37,"[1, 0]",0,1,1,,0.5,2
4575,9c09f9a0-8222-11f1-b0da-2389f409459f,37,"[1, 0]",1,0,0,,0.5,2
4576,9c09f9a0-8222-11f1-b0da-2389f409459f,38,"[1, 1]",0,1,-1,,0.5,2
4577,9c09f9a0-8222-11f1-b0da-2389f409459f,38,"[1, 1]",1,1,-1,,0.5,2
4578,9c09f9a0-8222-11f1-b0da-2389f409459f,39,"[1, 0]",0,1,1,,0.5,2
4579,9c09f9a0-8222-11f1-b0da-2389f409459f,39,"[1, 0]",1,0,0,,0.5,2
4580,9c09f9a0-8222-11f1-b0da-2389f409459f,40,"[1, 1]",0,1,-1,,0.5,2
4581,9c09f9a0-8222-11f1-b0da-2389f409459f,40,"[1, 1]",1,1,-1,,0.5,2
4582,9c09f9a0-8222-11f1-b0da-2389f409459f,41,"[1, 1]",0,1,-1,,0.5,2
4583,9c09f9a0-8222-11f1-b0da-2389f409459f,41,"[1, 1]",1,1,-1,,0.5,2
4584,9c09f9a0-8222-11f1-b0da-2389f409459f,42,"[1, 1]",0,1,-1,,0.5,2
4585,9c09f9a0-8222-11f1-b0da-2389f409459f,42,"[1, 1]",1,1,-1,,0.5,2
4586,9c09f9a0-8222-11f1-b0da-2389f409459f,43,"[1, 1]",0,1,-1,,0.5,2
4587,9c09f9a0-8222-11f1-b0da-2389f409459f,43,"[1, 1]",1,1,-1,,0.5,2
4588,9c09f9a0-8222-11f1-b0da-2389f409459f,44,"[1, 1]",0,1,-1,,0.5,2
4589,9c09f9a0-8222-11f1-b0da-2389f409459f,44,"[1, 1]",1,1,-1,,0.5,2
4590,9c09f9a0-8222-11f1-b0da-2389f409459f,45,"[0, 1]",0,0,0,,0.5,2
4591,9c09f9a0-8222-11f1-b0da-2389f409459f,45,"[0, 1]",1,1,1,,0.5,2
4592,9c09f9a0-8222-11f1-b0da-2389f409459f,46,"[1, 0]",0,1,1,,0.5,2
4593,9c09f9a0-8222-11f1-b0da-2389f409459f,46,"[1, 0]",1,0,0,,0.5,2
4594,9c09f9a0-8222-11f1-b0da-2389f409459f,47,"[0, 0]",0,0,0,,0.5,2
4595,9c09f9a0-8222-11f1-b0da-2389f409459f,47,"[0, 0]",1,0,0,,0.5,2
4596,9c09f9a0-8222-11f1-b0da-2389f409459f,48,"[0, 0]",0,0,0,,0.5,2
4597,9c09f9a0-8222-11f1-b0da-2389f409459f,48,"[0, 0]",1,0,0,,0.5,2
4598,9c09f9a0-8222-11f1-b0da-2389f409459f,49,"[1, 1]",0,1,-1,,0.5,2
4599,9c09f9a0-8222-11f1-b0da-2389f409459f,49,"[1, 1]",1,1,-1,,0.5,2
4600,9c0b951c-8222-11f1-b0da-2389f409459f,0,"[0, 1]",0,0,0,,0.5,2
4601,9c0b951c-8222-11f1-b0da-2389f409459f,0,"[0, 1]",1,1,1,,0.5,2
4602,9c0b951c-8222-11f1-b0da-2389f409459f,1,"[1, 0]",0,1,1,,0.5,2
4603,9c0b951c-8222-11f1-b0da-2389f409459f,1,"[1, 0]",1,0,0,,0.5,2
4604,9c0b951c-8222-11f1-b0da-2389f409459f,2,"[0, 0]",0,0,0,,0.5,2
4605,9c0b951c-8222-11f1-b0da-2389f409459f,2,"[0, 0]",1,0,0,,0.5,2
4606,9c0b951c-8222-11f1-b0da-2389f409459f,3,"[0, 0]",0,0,0,,0.5,2
4607,9c0b951c-8222-11f1-b0da-2389f409459f,3,"[0, 0]",1,0,0,,0.5,2
4608,9c0b951c-8222-11f1-b0da-2389f409459f,4,"[1, 0]",0,1,1,,0.5,2
4609,9c0b951c-8222-11f1-b0da-2389f409459f,4,"[1, 0]",1,0,0,,0.5,2
4610,9c0b951c-8222-11f1-b0da-2389f409459f,5,"[1, 1]",0,1,-1,,0.5,2
4611,9c0b951c-8222-11f1-b0da-2389f409459f,5,"[1, 1]",1,1,-1,,0.5,2
4612,9c0b951c-8222-11f1-b0da-2389f409459f,6,"[0, 0]",0,0,0,,0.5,2
4613,9c0b951c-8222-11f1-b0da-2389f409459f,6,"[0, 0]",1,0,0,,0.5,2
4614,9c0b951c-8222-11f1-b0da-2389f409459f,7,"[1, 1]",0,1,-1,,0.5,2
4615,9c0b951c-8222-11f1-b0da-2389f409459f,7,"[1, 1]",1,1,-1,,0.5,2
4616,9c0b951c-8222-11f1-b0da-2389f409459f,8,"[0, 1]",0,0,0,,0.5,2
4617,9c0b951c-8222-11f1-b0da-2389f409459f,8,"[0, 1]",1,1,1,,0.5,2
4618,9c0b951c-8222-11f1-b0da-2389f409459f,9,"[1, 0]",0,1,1,,0.5,2
4619,9c0b951c-8222-11f1-b0da-2389f409459f,9,"[1, 0]",1,0,0,,0.5,2
4620,9c0b951c-8222-11f1-b0da-2389f409459f,10,"[0, 1]",0,0,0,,0.5,2
4621,9c0b951c-8222-11f1-b0da-2389f409459f,10,"[0, 1]",1,1,1,,0.5,2
4622,9c0b951c-8222-11f1-b0da-2389f409459f,11,"[1, 0]",0,1,1,,0.5,2
4623,9c0b951c-8222-11f1-b0da-2389f409459f,11,"[1, 0]",1,0,0,,0.5,2
4624,9c0b951c-8222-11f1-b0da-2389f409459f,12,"[1, 1]",0,1,-1,,0.5,2
4625,9c0b951c-8222-11f1-b0da-2389f409459f,12,"[1, 1]",1,1,-1,,0.5,2
4626,9c0b951c-8222-11f1-b0da-2389f409459f,13,"[0, 1]",0,0,0,,0.5,2
4627,9c0b951c-8222-11f1-b0da-2389f409459f,13,"[0, 1]",1,1,1,,0.5,2
4628,9c0b951c-8222-11f1-b0da-2389f409459f,14,"[1, 1]",0,1,-1,,0.5,2
4629,9c0b951c-8222-11f1-b0da-2389f409459f,14,"[1, 1]",1,1,-1,,0.5,2
4630,9c0b951c-8222-11f1-b0da-2389f409459f,15,"[0, 1]",0,0,0,,0.5,2
4631,9c0b951c-8222-11f1-b0da-2389f409459f,15,"[0, 1]",1,1,1,,0.5,2
4632,9c0b951c-8222-11f1-b0da-2389f409459f,16,"[1, 1]",0,1,-1,,0.5,2
4633,9c0b951c-8222-11f1-b0da-2389f409459f,16,"[1, 1]",1,1,-1,,0.5,2
4634,9c0b951c-8222-11f1-b0da-2389f409459f,17,"[0, 0]",0,0,0,,0.5,2
4635,9c0b951c-8222-11f1-b0da-2389f409459f,17,"[0, 0]",1,0,0,,0.5,2
4636,9c0b951c-8222-11f1-b0da-2389f409459f,18,"[0, 0]",0,0,0,,0.5,2
4637,9c0b951c-8222-11f1-b0da-2389f409459f,18,"[0, 0]",1,0,0,,0.5,2
4638,9c0b951c-8222-11f1-b0da-2389f409459f,19,"[1, 0]",0,1,1,,0.5,2
4639,9c0b951c-8222-11f1-b0da-2389f409459f,19,"[1, 0]",1,0,0,,0.5,2
4640,9c0b951c-8222-11f1-b0da-2389f409459f,20,"[1, 0]",0,1,1,,0.5,2
4641,9c0b951c-8222-11f1-b0da-2389f409459f,20,"[1, 0]",1,0,0,,0.5,2
4642,9c0b951c-8222-11f1-b0da-2389f409459f,21,"[0, 1]",0,0,0,,0.5,2
4643,9c0b951c-8222-11f1-b0da-2389f409459f,21,"[0, 1]",1,1,1,,0.5,2
4644,9c0b951c-8222-11f1-b0da-2389f409459f,22,"[0, 1]",0,0,0,,0.5,2
4645,9c0b951c-8222-11f1-b0da-2389f409459f,22,"[0, 1]",1,1,1,,0.5,2
4646,9c0b951c-8222-11f1-b0da-2389f409459f,23,"[1, 0]",0,1,1,,0.5,2
4647,9c0b951c-8222-11f1-b0da-2389f409459f,23,"[1, 0]",1,0,0,,0.5,2
4648,9c0b951c-8222-11f1-b0da-2389f409459f,24,"[0, 0]",0,0,0,,0.5,2
4649,9c0b951c-8222-11f1-b0da-2389f409459f,24,"[0, 0]",1,0,0,,0.5,2
4650,9c0b951c-8222-11f1-b0da-2389f409459f,25,"[1, 0]",0,1,1,,0.5,2
4651,9c0b951c-8222-11f1-b0da-2389f409459f,25,"[1, 0]",1,0,0,,0.5,2
4652,9c0b951c-8222-11f1-b0da-2389f409459f,26,"[1, 1]",0,1,-1,,0.5,2
4653,9c0b951c-8222-11f1-b0da-2389f409459f,26,"[1, 1]",1,1,-1,,0.5,2
4654,9c0b951c-8222-11f1-b0da-2389f409459f,27,"[0, 0]",0,0,0,,0.5,2
4655,9c0b951c-8222-11f1-b0da-2389f409459f,27,"[0, 0]",1,0,0,,0.5,2
4656,9c0b951c-8222-11f1-b0da-2389f409459f,28,"[1, 0]",0,1,1,,0.5,2
4657,9c0b951c-8222-11f1-b0da-2389f409459f,28,"[1, 0]",1,0,0,,0.5,2
4658,9c0b951c-8222-11f1-b0da-2389f409459f,29,"[0, 0]",0,0,0,,0.5,2
4659,9c0b951c-8222-11f1-b0da-2389f409459f,29,"[0, 0]",1,0,0,,0.5,2
4660,9c0b951c-8222-11f1-b0da-2389f409459f,30,"[1, 0]",0,1,1,,0.5,2
4661,9c0b951c-8222-11f1-b0da-2389f409459f,30,"[1, 0]",1,0,0,,0.5,2
4662,9c0b951c-8222-11f1-b0da-2389f409459f,31,"[0, 1]",0,0,0,,0.5,2
4663,9c0b951c-8222-11f1-b0da-2389f409459f,31,"[0, 1]",1,1,1,,0.5,2
4664,9c0b951c-8222-11f1-b0da-2389f409459f,32,"[0, 0]",0,0,0,,0.5,2
4665,9c0b951c-8222-11f1-b0da-2389f409459f,32,"[0, 0]",1,0,0,,0.5,2
4666,9c0b951c-8222-11f1-b0da-2389f409459f,33,"[1, 0]",0,1,1,,0.5,2
4667,9c0b951c-8222-11f1-b0da-2389f409459f,33,"[1, 0]",1,0,0,,0.5,2
4668,9c0b951c-8222-11f1-b0da-2389f409459f,34,"[0, 0]",0,0,0,,0.5,2
4669,9c0b951c-8222-11f1-b0da-2389f409459f,34,"[0, 0]",1,0,0,,0.5,2
4670,9c0b951c-8222-11f1-b0da-2389f409459f,35,"[1, 0]",0,1,1,,0.5,2
4671,9c0b951c-8222-11f1-b0da-2389f409459f,35,"[1, 0]",1,0,0,,0.5,2
4672,9c0b951c-8222-11f1-b0da-2389f409459f,36,"[0, 1]",0,0,0,,0.5,2
4673,9c0b951c-8222-11f1-b0da-2389f409459f,36,"[0, 1]",1,1,1,,0.5,2
4674,9c0b951c-8222-11f1-b0da-2389f409459f,37,"[1, 0]",0,1,1,,0.5,2
4675,9c0b951c-8222-11f1-b0da-2389f409459f,37,"[1, 0]",1,0,0,,0.5,2
4676,9c0b951c-8222-11f1-b0da-2389f409459f,38,"[1, 1]",0,1,-1,,0.5,2
4677,9c0b951c-8222-11f1-b0da-2389f409459f,38,"[1, 1]",1,1,-1,,0.5,2
4678,9c0b951c-8222-11f1-b0da-2389f409459f,39,"[1, 1]",0,1,-1,,0.5,2
4679,9c0b951c-8222-11f1-b0da-2389f409459f,39,"[1, 1]",1,1,-1,,0.5,2
4680,9c0b951c-8222-11f1-b0da-2389f409459f,40,"[0, 0]",0,0,0,,0.5,2
4681,9c0b951c-8222-11f1-b0da-2389f409459f,40,"[0, 0]",1,0,0,,0.5,2
4682,9c0b951c-8222-11f1-b0da-2389f409459f,41,"[1, 0]",0,1,1,,0.5,2
4683,9c0b951c-8222-11f1-b0da-2389f409459f,41,"[1, 0]",1,0,0,,0.5,2
4684,9c0b951c-8222-11f1-b0da-2389f409459f,42,"[0, 0]",0,0,0,,0.5,2
4685,9c0b951c-8222-11f1-b0da-2389f409459f,42,"[0, 0]",1,0,0,,0.5,2
4686,9c0b951c-8222-11f1-b0da-2389f409459f,43,"[0, 0]",0,0,0,,0.5,2
4687,9c0b951c-8222-11f1-b0da-2389f409459f,43,"[0, 0]",1,0,0,,0.5,2
4688,9c0b951c-8222-11f1-b0da-2389f409459f,44,"[0, 0]",0,0,0,,0.5,2
4689,9c0b951c-8222-11f1-b0da-2389f409459f,44,"[0, 0]",1,0,0,,0.5,2
4690,9c0b951c-8222-11f1-b0da-2389f409459f,45,"[1, 0]",0,1,1,,0.5,2
4691,9c0b951c-8222-11f1-b0da-2389f409459f,45,"[1, 0]",1,0,0,,0.5,2
4692,9c0b951c-8222-11f1-b0da-2389f409459f,46,"[1, 0]",0,1,1,,0.5,2
4693,9c0b951c-8222-11f1-b0da-2389f409459f,46,"[1, 0]",1,0,0,,0.5,2
4694,9c0b951c-8222-11f1-b0da-2389f409459f,47,"[0, 0]",0,0,0,,0.5,2
4695,9c0b951c-8222-11f1-b0da-2389f409459f,47,"[0, 0]",1,0,0,,0.5,2
4696,9c0b951c-8222-11f1-b0da-2389f409459f,48,"[1, 0]",0,1,1,,0.5,2
4697,9c0b951c-8222-11f1-b0da-2389f409459f,48,"[1, 0]",1,0,0,,0.5,2
4698,9c0b951c-8222-11f1-b0da-2389f409459f,49,"[0, 1]",0,0,0,,0.5,2
4699,9c0b951c-8222-11f1-b0da-2389f409459f,49,"[0, 1]",1,1,1,,0.5,2
4700,9c0d0988-8222-11f1-b0da-2389f409459f,0,"[0, 0]",0,0,0,,0.5,2
4701,9c0d0988-8222-11f1-b0da-2389f409459f,0,"[0, 0]",1,0,0,,0.5,2
4702,9c0d0988-8222-11f1-b0da-2389f409459f,1,"[0, 0]",0,0,0,,0.5,2
4703,9c0d0988-8222-11f1-b0da-2389f409459f,1,"[0, 0]",1,0,0,,0.5,2
4704,9c0d0988-8222-11f1-b0da-2389f409459f,2,"[0, 0]",0,0,0,,0.5,2
4705,9c0d0988-8222-11f1-b0da-2389f409459f,2,"[0, 0]",1,0,0,,0.5,2
4706,9c0d0988-8222-11f1-b0da-2389f409459f,3,"[0, 1]",0,0,0,,0.5,2
4707,9c0d0988-8222-11f1-b0da-2389f409459f,3,"[0, 1]",1,1,1,,0.5,2
4708,9c0d0988-8222-11f1-b0da-2389f409459f,4,"[1, 1]",0,1,-1,,0.5,2
4709,9c0d0988-8222-11f1-b0da-2389f409459f,4,"[1, 1]",1,1,-1,,0.5,2
4710,9c0d0988-8222-11f1-b0da-2389f409459f,5,"[1, 0]",0,1,1,,0.5,2
4711,9c0d0988-8222-11f1-b0da-2389f409459f,5,"[1, 0]",1,0,0,,0.5,2
4712,9c0d0988-8222-11f1-b0da-2389f409459f,6,"[1, 1]",0,1,-1,,0.5,2
4713,9c0d0988-8222-11f1-b0da-2389f409459f,6,"[1, 1]",1,1,-1,,0.5,2
4714,9c0d0988-8222-11f1-b0da-2389f409459f,7,"[0, 1]",0,0,0,,0.5,2
4715,9c0d0988-8222-11f1-b0da-2389f409459f,7,"[0, 1]",1,1,1,,0.5,2
4716,9c0d0988-8222-11f1-b0da-2389f409459f,8,"[0, 1]",0,0,0,,0.5,2
4717,9c0d0988-8222-11f1-b0da-2389f409459f,8,"[0, 1]",1,1,1,,0.5,2
4718,9c0d0988-8222-11f1-b0da-2389f409459f,9,"[1, 0]",0,1,1,,0.5,2
4719,9c0d0988-8222-11f1-b0da-2389f409459f,9,"[1, 0]",1,0,0,,0.5,2
4720,9c0d0988-8222-11f1-b0da-2389f409459f,10,"[1, 1]",0,1,-1,,0.5,2
4721,9c0d0988-8222-11f1-b0da-2389f409459f,10,"[1, 1]",1,1,-1,,0.5,2
4722,9c0d0988-8222-11f1-b0da-2389f409459f,11,"[0, 0]",0,0,0,,0.5,2
4723,9c0d0988-8222-11f1-b0da-2389f409459f,11,"[0, 0]",1,0,0,,0.5,2
4724,9c0d0988-8222-11f1-b0da-2389f409459f,12,"[0, 0]",0,0,0,,0.5,2
4725,9c0d0988-8222-11f1-b0da-2389f409459f,12,"[0, 0]",1,0,0,,0.5,2
4726,9c0d0988-8222-11f1-b0da-2389f409459f,13,"[0, 0]",0,0,0,,0.5,2
4727,9c0d0988-8222-11f1-b0da-2389f409459f,13,"[0, 0]",1,0,0,,0.5,2
4728,9c0d0988-8222-11f1-b0da-2389f409459f,14,"[1, 0]",0,1,1,,0.5,2
4729,9c0d0988-8222-11f1-b0da-2389f409459f,14,"[1, 0]",1,0,0,,0.5,2
4730,9c0d0988-8222-11f1-b0da-2389f409459f,15,"[1, 1]",0,1,-1,,0.5,2
4731,9c0d0988-8222-11f1-b0da-2389f409459f,15,"[1, 1]",1,1,-1,,0.5,2
4732,9c0d0988-8222-11f1-b0da-2389f409459f,16,"[1, 1]",0,1,-1,,0.5,2
4733,9c0d0988-8222-11f1-b0da-2389f409459f,16,"[1, 1]",1,1,-1,,0.5,2
4734,9c0d0988-8222-11f1-b0da-2389f409459f,17,"[0, 1]",0,0,0,,0.5,2
4735,9c0d0988-8222-11f1-b0da-2389f409459f,17,"[0, 1]",1,1,1,,0.5,2
4736,9c0d0988-8222-11f1-b0da-2389f409459f,18,"[1, 0]",0,1,1,,0.5,2
4737,9c0d0988-8222-11f1-b0da-2389f409459f,18,"[1, 0]",1,0,0,,0.5,2
4738,9c0d0988-8222-11f1-b0da-2389f409459f,19,"[1, 0]",0,1,1,,0.5,2
4739,9c0d0988-8222-11f1-b0da-2389f409459f,19,"[1, 0]",1,0,0,,0.5,2
4740,9c0d0988-8222-11f1-b0da-2389f409459f,20,"[1, 1]",0,1,-1,,0.5,2
4741,9c0d0988-8222-11f1-b0da-2389f409459f,20,"[1, 1]",1,1,-1,,0.5,2
4742,9c0d0988-8222-11f1-b0da-2389f409459f,21,"[1, 1]",0,1,-1,,0.5,2
4743,9c0d0988-8222-11f1-b0da-2389f409459f,21,"[1, 1]",1,1,-1,,0.5,2
4744,9c0d0988-8222-11f1-b0da-2389f409459f,22,"[0, 0]",0,0,0,,0.5,2
4745,9c0d0988-8222-11f1-b0da-2389f409459f,22,"[0, 0]",1,0,0,,0.5,2
4746,9c0d0988-8222-11f1-b0da-2389f409459f,23,"[0, 0]",0,0,0,,0.5,2
4747,9c0d0988-8222-11f1-b0da-2389f409459f,23,"[0, 0]",1,0,0,,0.5,2
4748,9c0d0988-8222-11f1-b0da-2389f409459f,24,"[1, 1]",0,1,-1,,0.5,2
4749,9c0d0988-8222-11f1-b0da-2389f409459f,24,"[1, 1]",1,1,-1,,0.5,2
4750,9c0d0988-8222-11f1-b0da-2389f409459f,25,"[0, 1]",0,0,0,,0.5,2
4751,9c0d0988-8222-11f1-b0da-2389f409459f,25,"[0, 1]",1,1,1,,0.5,2
4752,9c0d0988-8222-11f1-b0da-2389f409459f,26,"[1, 0]",0,1,1,,0.5,2
4753,9c0d0988-8222-11f1-b0da-2389f409459f,26,"[1, 0]",1,0,0,,0.5,2
4754,9c0d0988-8222-11f1-b0da-2389f409459f,27,"[0, 0]",0,0,0,,0.5,2
4755,9c0d0988-8222-11f1-b0da-2389f409459f,27,"[0, 0]",1,0,0,,0.5,2
4756,9c0d0988-8222-11f1-b0da-2389f409459f,28,"[0, 0]",0,0,0,,0.5,2
4757,9c0d0988-8222-11f1-b0da-2389f409459f,28,"[0, 0]",1,0,0,,0.5,2
4758,9c0d0988-8222-11f1-b0da-2389f409459f,29,"[0, 0]",0,0,0,,0.5,2
4759,9c0d0988-8222-11f1-b0da-2389f409459f,29,"[0, 0]",1,0,0,,0.5,2
4760,9c0d0988-8222-11f1-b0da-2389f409459f,30,"[0, 1]",0,0,0,,0.5,2
4761,9c0d0988-8222-11f1-b0da-2389f409459f,30,"[0, 1]",1,1,1,,0.5,2
4762,9c0d0988-8222-11f1-b0da-2389f409459f,31,"[1, 1]",0,1,-1,,0.5,2
4763,9c0d0988-8222-11f1-b0da-2389f409459f,31,"[1, 1]",1,1,-1,,0.5,2
4764,9c0d0988-8222-11f1-b0da-2389f409459f,32,"[1, 0]",0,1,1,,0.5,2
4765,9c0d0988-8222-11f1-b0da-2389f409459f,32,"[1, 0]",1,0,0,,0.5,2
4766,9c0d0988-8222-11f1-b0da-2389f409459f,33,"[1, 0]",0,1,1,,0.5,2
4767,9c0d0988-8222-11f1-b0da-2389f409459f,33,"[1, 0]",1,0,0,,0.5,2
4768,9c0d0988-8222-11f1-b0da-2389f409459f,34,"[1, 1]",0,1,-1,,0.5,2
4769,9c0d0988-8222-11f1-b0da-2389f409459f,34,"[1, 1]",1,1,-1,,0.5,2
4770,9c0d0988-8222-11f1-b0da-2389f409459f,35,"[0, 1]",0,0,0,,0.5,2
4771,9c0d0988-8222-11f1-b0da-2389f409459f,35,"[0, 1]",1,1,1,,0.5,2
4772,9c0d0988-8222-11f1-b0da-2389f409459f,36,"[1, 1]",0,1,-1,,0.5,2
4773,9c0d0988-8222-11f1-b0da-2389f409459f,36,"[1, 1]",1,1,-1,,0.5,2
4774,9c0d0988-8222-11f1-b0da-2389f409459f,37,"[1, 0]",0,1,1,,0.5,2
4775,9c0d0988-8222-11f1-b0da-2389f409459f,37,"[1, 0]",1,0,0,,0.5,2
4776,9c0d0988-8222-11f1-b0da-2389f409459f,38,"[1, 1]",0,1,-1,,0.5,2
4777,9c0d0988-8222-11f1-b0da-2389f409459f,38,"[1, 1]",1,1,-1,,0.5,2
4778,9c0d0988-8222-11f1-b0da-2389f409459f,39,"[0, 0]",0,0,0,,0.5,2
4779,9c0d0988-8222-11f1-b0da-2389f409459f,39,"[0, 0]",1,0,0,,0.5,2
4780,9c0d0988-8222-11f1-b0da-2389f409459f,40,"[0, 0]",0,0,0,,0.5,2
4781,9c0d0988-8222-11f1-b0da-2389f409459f,40,"[0, 0]",1,0,0,,0.5,2
4782,9c0d0988-8222-11f1-b0da-2389f409459f,41,"[1, 0]",0,1,1,,0.5,2
4783,9c0d0988-8222-11f1-b0da-2389f409459f,41,"[1, 0]",1,0,0,,0.5,2
4784,9c0d0988-8222-11f1-b0da-2389f409459f,42,"[1, 1]",0,1,-1,,0.5,2
4785,9c0d0988-8222-11f1-b0da-2389f409459f,42,"[1, 1]",1,1,-1,,0.5,2
4786,9c0d0988-8222-11f1-b0da-2389f409459f,43,"[1, 1]",0,1,-1,,0.5,2
4787,9c0d0988-8222-11f1-b0da-2389f409459f,43,"[1, 1]",1,1,-1,,0.5,2
4788,9c0d0988-8222-11f1-b0da-2389f409459f,44,"[0, 1]",0,0,0,,0.5,2
4789,9c0d0988-8222-11f1-b0da-2389f409459f,44,"[0, 1]",1,1,1,,0.5,2
4790,9c0d0988-8222-11f1-b0da-2389f409459f,45,"[1, 1]",0,1,-1,,0.5,2
4791,9c0d0988-8222-11f1-b0da-2389f409459f,45,"[1, 1]",1,1,-1,,0.5,2
4792,9c0d0988-8222-11f1-b0da-2389f409459f,46,"[0, 0]",0,0,0,,0.5,2
4793,9c0d0988-8222-11f1-b0da-2389f409459f,46,"[0, 0]",1,0,0,,0.5,2
4794,9c0d0988-8222-11f1-b0da-2389f409459f,47,"[0, 0]",0,0,0,,0.5,2
4795,9c0d0988-8222-11f1-b0da-2389f409459f,47,"[0, 0]",1,0,0,,0.5,2
4796,9c0d0988-8222-11f1-b0da-2389f409459f,48,"[0, 0]",0,0,0,,0.5,2
4797,9c0d0988-8222-11f1-b0da-2389f409459f,48,"[0, 0]",1,0,0,,0.5,2
4798,9c0d0988-8222-11f1-b0da-2389f409459f,49,"[0, 0]",0,0,0,,0.5,2
4799,9c0d0988-8222-11f1-b0da-2389f409459f,49,"[0, 0]",1,0,0,,0.5,2
4800,9c0e7674-8222-11f1-b0da-2389f409459f,0,"[0, 1]",0,0,0,,0.5,2
4801,9c0e7674-8222-11f1-b0da-2389f409459f,0,"[0, 1]",1,1,1,,0.5,2
4802,9c0e7674-8222-11f1-b0da-2389f409459f,1,"[1, 0]",0,1,1,,0.5,2
4803,9c0e7674-8222-11f1-b0da-2389f409459f,1,"[1, 0]",1,0,0,,0.5,2
4804,9c0e7674-8222-11f1-b0da-2389f409459f,2,"[1, 0]",0,1,1,,0.5,2
4805,9c0e7674-8222-11f1-b0da-2389f409459f,2,"[1, 0]",1,0,0,,0.5,2
4806,9c0e7674-8222-11f1-b0da-2389f409459f,3,"[1, 1]",0,1,-1,,0.5,2
4807,9c0e7674-8222-11f1-b0da-2389f409459f,3,"[1, 1]",1,1,-1,,0.5,2
4808,9c0e7674-8222-11f1-b0da-2389f409459f,4,"[1, 0]",0,1,1,,0.5,2
4809,9c0e7674-8222-11f1-b0da-2389f409459f,4,"[1, 0]",1,0,0,,0.5,2
4810,9c0e7674-8222-11f1-b0da-2389f409459f,5,"[1, 0]",0,1,1,,0.5,2
4811,9c0e7674-8222-11f1-b0da-2389f409459f,5,"[1, 0]",1,0,0,,0.5,2
4812,9c0e7674-8222-11f1-b0da-2389f409459f,6,"[1, 0]",0,1,1,,0.5,2
4813,9c0e7674-8222-11f1-b0da-2389f409459f,6,"[1, 0]",1,0,0,,0.5,2
4814,9c0e7674-8222-11f1-b0da-2389f409459f,7,"[1, 0]",0,1,1,,0.5,2
4815,9c0e7674-8222-11f1-b0da-2389f409459f,7,"[1, 0]",1,0,0,,0.5,2
4816,9c0e7674-8222-11f1-b0da-2389f409459f,8,"[1, 0]",0,1,1,,0.5,2
4817,9c0e7674-8222-11f1-b0da-2389f409459f,8,"[1, 0]",1,0,0,,0.5,2
4818,9c0e7674-8222-11f1-b0da-2389f409459f,9,"[1, 1]",0,1,-1,,0.5,2
4819,9c0e7674-8222-11f1-b0da-2389f409459f,9,"[1, 1]",1,1,-1,,0.5,2
4820,9c0e7674-8222-11f1-b0da-2389f409459f,10,"[0, 1]",0,0,0,,0.5,2
4821,9c0e7674-8222-11f1-b0da-2389f409459f,10,"[0, 1]",1,1,1,,0.5,2
4822,9c0e7674-8222-11f1-b0da-2389f409459f,11,"[1, 1]",0,1,-1,,0.5,2
4823,9c0e7674-8222-11f1-b0da-2389f409459f,11,"[1, 1]",1,1,-1,,0.5,2
4824,9c0e7674-8222-11f1-b0da-2389f409459f,12,"[1, 1]",0,1,-1,,0.5,2
4825,9c0e7674-8222-11f1-b0da-2389f409459f,12,"[1, 1]",1,1,-1,,0.5,2
4826,9c0e7674-8222-11f1-b0da-2389f409459f,13,"[1, 1]",0,1,-1,,0.5,2
4827,9c0e7674-8222-11f1-b0da-2389f409459f,13,"[1, 1]",1,1,-1,,0.5,2
4828,9c0e7674-8222-11f1-b0da-2389f409459f,14,"[1, 1]",0,1,-1,,0.5,2
4829,9c0e7674-8222-11f1-b0da-2389f409459f,14,"[1, 1]",1,1,-1,,0.5,2
4830,9c0e7674-8222-11f1-b0da-2389f409459f,15,"[0, 1]",0,0,0,,0.5,2
4831,9c0e7674-8222-11f1-b0da-2389f409459f,15,"[0, 1]",1,1,1,,0.5,2
4832,9c0e7674-8222-11f1-b0da-2389f409459f,16,"[0, 0]",0,0,0,,0.5,2
4833,9c0e7674-8222-11f1-b0da-2389f409459f,16,"[0, 0]",1,0,0,,0.5,2
4834,9c0e7674-8222-11f1-b0da-2389f409459f,17,"[0, 0]",0,0,0,,0.5,2
4835,9c0e7674-8222-11f1-b0da-2389f409459f,17,"[0, 0]",1,0,0,,0.5,2
4836,9c0e7674-8222-11f1-b0da-2389f409459f,18,"[0, 1]",0,0,0,,0.5,2
4837,9c0e7674-8222-11f1-b0da-2389f409459f,18,"[0, 1]",1,1,1,,0.5,2
4838,9c0e7674-8222-11f1-b0da-2389f409459f,19,"[1, 0]",0,1,1,,0.5,2
4839,9c0e7674-8222-11f1-b0da-2389f409459f,19,"[1, 0]",1,0,0,,0.5,2
4840,9c0e7674-8222-11f1-b0da-2389f409459f,20,"[1, 1]",0,1,-1,,0.5,2
4841,9c0e7674-8222-11f1-b0da-2389f409459f,20,"[1, 1]",1,1,-1,,0.5,2
4842,9c0e7674-8222-11f1-b0da-2389f409459f,21,"[0, 1]",0,0,0,,0.5,2
4843,9c0e7674-8222-11f1-b0da-2389f409459f,21,"[0, 1]",1,1,1,,0.5,2
4844,9c0e7674-8222-11f1-b0da-2389f409459f,22,"[0, 0]",0,0,0,,0.5,2
4845,9c0e7674-8222-11f1-b0da-2389f409459f,22,"[0, 0]",1,0,0,,0.5,2
4846,9c0e7674-8222-11f1-b0da-2389f409459f,23,"[0, 0]",0,0,0,,0.5,2
4847,9c0e7674-8222-11f1-b0da-2389f409459f,23,"[0, 0]",1,0,0,,0.5,2
4848,9c0e7674-8222-11f1-b0da-2389f409459f,24,"[0, 1]",0,0,0,,0.5,2
4849,9c0e7674-8222-11f1-b0da-2389f409459f,24,"[0, 1]",1,1,1,,0.5,2
4850,9c0e7674-8222-11f1-b0da-2389f409459f,25,"[1, 0]",0,1,1,,0.5,2
4851,9c0e7674-8222-11f1-b0da-2389f409459f,25,"[1, 0]",1,0,0,,0.5,2
4852,9c0e7674-8222-11f1-b0da-2389f409459f,26,"[1, 1]",0,1,-1,,0.5,2
4853,9c0e7674-8222-11f1-b0da-2389f409459f,26,"[1, 1]",1,1,-1,,0.5,2
4854,9c0e7674-8222-11f1-b0da-2389f409459f,27,"[1, 1]",0,1,-1,,0.5,2
4855,9c0e7674-8222-11f1-b0da-2389f409459f,27,"[1, 1]",1,1,-1,,0.5,2
4856,9c0e7674-8222-11f1-b0da-2389f409459f,28,"[1, 1]",0,1,-1,,0.5,2
4857,9c0e7674-8222-11f1-b0da-2389f409459f,28,"[1, 1]",1,1,-1,,0.5,2
4858,9c0e7674-8222-11f1-b0da-2389f409459f,29,"[1, 1]",0,1,-1,,0.5,2
4859,9c0e7674-8222-11f1-b0da-2389f409459f,29,"[1, 1]",1,1,-1,,0.5,2
4860,9c0e7674-8222-11f1-b0da-2389f409459f,30,"[0, 1]",0,0,0,,0.5,2
4861,9c0e7674-8222-11f1-b0da-2389f409459f,30,"[0, 1]",1,1,1,,0.5,2
4862,9c0e7674-8222-11f1-b0da-2389f409459f,31,"[0, 0]",0,0,0,,0.5,2
4863,9c0e7674-8222-11f1-b0da-2389f409459f,31,"[0, 0]",1,0,0,,0.5,2
4864,9c0e7674-8222-11f1-b0da-2389f409459f,32,"[0, 0]",0,0,0,,0.5,2
4865,9c0e7674-8222-11f1-b0da-2389f409459f,32,"[0, 0]",1,0,0,,0.5,2
4866,9c0e7674-8222-11f1-b0da-2389f409459f,33,"[0, 1]",0,0,0,,0.5,2
4867,9c0e7674-8222-11f1-b0da-2389f409459f,33,"[0, 1]",1,1,1,,0.5,2
4868,9c0e7674-8222-11f1-b0da-2389f409459f,34,"[1, 1]",0,1,-1,,0.5,2
4869,9c0e7674-8222-11f1-b0da-2389f409459f,34,"[1, 1]",1,1,-1,,0.5,2
4870,9c0e7674-8222-11f1-b0da-2389f409459f,35,"[1, 1]",0,1,-1,,0.5,2
4871,9c0e7674-8222-11f1-b0da-2389f409459f,35,"[1, 1]",1,1,-1,,0.5,2
4872,9c0e7674-8222-11f1-b0da-2389f409459f,36,"[1, 1]",0,1,-1,,0.5,2
4873,9c0e7674-8222-11f1-b0da-2389f409459f,36,"[1, 1]",1,1,-1,,0.5,2
4874,9c0e7674-8222-11f1-b0da-2389f409459f,37,"[0, 1]",0,0,0,,0.5,2
4875,9c0e7674-8222-11f1-b0da-2389f409459f,37,"[0, 1]",1,1,1,,0.5,2
4876,9c0e7674-8222-11f1-b0da-2389f409459f,38,"[1, 0]",0,1,1,,0.5,2
4877,9c0e7674-8222-11f1-b0da-2389f409459f,38,"[1, 0]",1,0,0,,0.5,2
4878,9c0e7674-8222-11f1-b0da-2389f409459f,39,"[1, 0]",0,1,1,,0.5,2
4879,9c0e7674-8222-11f1-b0da-2389f409459f,39,"[1, 0]",1,0,0,,0.5,2
4880,9c0e7674-8222-11f1-b0da-2389f409459f,40,"[1, 0]",0,1,1,,0.5,2
4881,9c0e7674-8222-11f1-b0da-2389f409459f,40,"[1, 0]",1,0,0,,0.5,2
4882,9c0e7674-8222-11f1-b0da-2389f409459f,41,"[1, 0]",0,1,1,,0.5,2
4883,9c0e7674-8222-11f1-b0da-2389f409459f,41,"[1, 0]",1,0,0,,0.5,2
4884,9c0e7674-8222-11f1-b0da-2389f409459f,42,"[1, 1]",0,1,-1,,0.5,2
4885,9c0e7674-8222-11f1-b0da-2389f409459f,42,"[1, 1]",1,1,-1,,0.5,2
4886,9c0e7674-8222-11f1-b0da-2389f409459f,43,"[1, 1]",0,1,-1,,0.5,2
4887,9c0e7674-8222-11f1-b0da-2389f409459f,43,"[1, 1]",1,1,-1,,0.5,2
4888,9c0e7674-8222-11f1-b0da-2389f409459f,44,"[0, 1]",0,0,0,,0.5,2
4889,9c0e7674-8222-11f1-b0da-2389f409459f,44,"[0, 1]",1,1,1,,0.5,2
4890,9c0e7674-8222-11f1-b0da-2389f409459f,45,"[1, 0]",0,1,1,,0.5,2
4891,9c0e7674-8222-11f1-b0da-2389f409459f,45,"[1, 0]",1,0,0,,0.5,2
4892,9c0e7674-8222-11f1-b0da-2389f409459f,46,"[1, 0]",0,1,1,,0.5,2
4893,9c0e7674-8222-11f1-b0da-2389f409459f,46,"[1, 0]",1,0,0,,0.5,2
4894,9c0e7674-8222-11f1-b0da-2389f409459f,47,"[1, 1]",0,1,-1,,0.5,2
4895,9c0e7674-8222-11f1-b0da-2389f409459f,47,"[1, 1]",1,1,-1,,0.5,2
4896,9c0e7674-8222-11f1-b0da-2389f409459f,48,"[1, 1]",0,1,-1,,0.5,2
4897,9c0e7674-8222-11f1-b0da-2389f409459f,48,"[1, 1]",1,1,-1,,0.5,2
4898,9c0e7674-8222-11f1-b0da-2389f409459f,49,"[1, 1]",0,1,-1,,0.5,2
4899,9c0e7674-8222-11f1-b0da-2389f409459f,49,"[1, 1]",1,1,-1,,0.5,2
4900,9c0fed6a-8222-11f1-b0da-2389f409459f,0,"[0, 1]",0,0,0,,0.5,2
4901,9c0fed6a-8222-11f1-b0da-2389f409459f,0,"[0, 1]",1,1,1,,0.5,2
4902,9c0fed6a-8222-11f1-b0da-2389f409459f,1,"[1, 1]",0,1,-1,,0.5,2
4903,9c0fed6a-8222-11f1-b0da-2389f409459f,1,"[1, 1]",1,1,-1,,0.5,2
4904,9c0fed6a-8222-11f1-b0da-2389f409459f,2,"[0, 1]",0,0,0,,0.5,2
4905,9c0fed6a-8222-11f1-b0da-2389f409459f,2,"[0, 1]",1,1,1,,0.5,2
4906,9c0fed6a-8222-11f1-b0da-2389f409459f,3,"[1, 0]",0,1,1,,0.5,2
4907,9c0fed6a-8222-11f1-b0da-2389f409459f,3,"[1, 0]",1,0,0,,0.5,2
4908,9c0fed6a-8222-11f1-b0da-2389f409459f,4,"[0, 0]",0,0,0,,0.5,2
4909,9c0fed6a-8222-11f1-b0da-2389f409459f,4,"[0, 0]",1,0,0,,0.5,2
4910,9c0fed6a-8222-11f1-b0da-2389f409459f,5,"[0, 0]",0,0,0,,0.5,2
4911,9c0fed6a-8222-11f1-b0da-2389f409459f,5,"[0, 0]",1,0,0,,0.5,2
4912,9c0fed6a-8222-11f1-b0da-2389f409459f,6,"[0, 1]",0,0,0,,0.5,2
4913,9c0fed6a-8222-11f1-b0da-2389f409459f,6,"[0, 1]",1,1,1,,0.5,2
4914,9c0fed6a-8222-11f1-b0da-2389f409459f,7,"[0, 0]",0,0,0,,0.5,2
4915,9c0fed6a-8222-11f1-b0da-2389f409459f,7,"[0, 0]",1,0,0,,0.5,2
4916,9c0fed6a-8222-11f1-b0da-2389f409459f,8,"[1, 1]",0,1,-1,,0.5,2
4917,9c0fed6a-8222-11f1-b0da-2389f409459f,8,"[1, 1]",1,1,-1,,0.5,2
4918,9c0fed6a-8222-11f1-b0da-2389f409459f,9,"[1, 0]",0,1,1,,0.5,2
4919,9c0fed6a-8222-11f1-b0da-2389f409459f,9,"[1, 0]",1,0,0,,0.5,2
4920,9c0fed6a-8222-11f1-b0da-2389f409459f,10,"[1, 0]",0,1,1,,0.5,2
4921,9c0fed6a-8222-11f1-b0da-2389f409459f,10,"[1, 0]",1,0,0,,0.5,2
4922,9c0fed6a-8222-11f1-b0da-2389f409459f,11,"[0, 0]",0,0,0,,0.5,2
4923,9c0fed6a-8222-11f1-b0da-2389f409459f,11,"[0, 0]",1,0,0,,0.5,2
4924,9c0fed6a-8222-11f1-b0da-2389f409459f,12,"[0, 0]",0,0,0,,0.5,2
4925,9c0fed6a-8222-11f1-b0da-2389f409459f,12,"[0, 0]",1,0,0,,0.5,2
4926,9c0fed6a-8222-11f1-b0da-2389f409459f,13,"[0, 0]",0,0,0,,0.5,2
4927,9c0fed6a-8222-11f1-b0da-2389f409459f,13,"[0, 0]",1,0,0,,0.5,2
4928,9c0fed6a-8222-11f1-b0da-2389f409459f,14,"[0, 1]",0,0,0,,0.5,2
4929,9c0fed6a-8222-11f1-b0da-2389f409459f,14,"[0, 1]",1,1,1,,0.5,2
4930,9c0fed6a-8222-11f1-b0da-2389f409459f,15,"[0, 0]",0,0,0,,0.5,2
4931,9c0fed6a-8222-11f1-b0da-2389f409459f,15,"[0, 0]",1,0,0,,0.5,2
4932,9c0fed6a-8222-11f1-b0da-2389f409459f,16,"[0, 0]",0,0,0,,0.5,2
4933,9c0fed6a-8222-11f1-b0da-2389f409459f,16,"[0, 0]",1,0,0,,0.5,2
4934,9c0fed6a-8222-11f1-b0da-2389f409459f,17,"[0, 1]",0,0,0,,0.5,2
4935,9c0fed6a-8222-11f1-b0da-2389f409459f,17,"[0, 1]",1,1,1,,0.5,2
4936,9c0fed6a-8222-11f1-b0da-2389f409459f,18,"[0, 0]",0,0,0,,0.5,2
4937,9c0fed6a-8222-11f1-b0da-2389f409459f,18,"[0, 0]",1,0,0,,0.5,2
4938,9c0fed6a-8222-11f1-b0da-2389f409459f,19,"[0, 1]",0,0,0,,0.5,2
4939,9c0fed6a-8222-11f1-b0da-2389f409459f,19,"[0, 1]",1,1,1,,0.5,2
4940,9c0fed6a-8222-11f1-b0da-2389f409459f,20,"[0, 0]",0,0,0,,0.5,2
4941,9c0fed6a-8222-11f1-b0da-2389f409459f,20,"[0, 0]",1,0,0,,0.5,2
4942,9c0fed6a-8222-11f1-b0da-2389f409459f,21,"[0, 1]",0,0,0,,0.5,2
4943,9c0fed6a-8222-11f1-b0da-2389f409459f,21,"[0, 1]",1,1,1,,0.5,2
4944,9c0fed6a-8222-11f1-b0da-2389f409459f,22,"[1, 1]",0,1,-1,,0.5,2
4945,9c0fed6a-8222-11f1-b0da-2389f409459f,22,"[1, 1]",1,1,-1,,0.5,2
4946,9c0fed6a-8222-11f1-b0da-2389f409459f,23,"[1, 0]",0,1,1,,0.5,2
4947,9c0fed6a-8222-11f1-b0da-2389f409459f,23,"[1, 0]",1,0,0,,0.5,2
4948,9c0fed6a-8222-11f1-b0da-2389f409459f,24,"[1, 0]",0,1,1,,0.5,2
4949,9c0fed6a-8222-11f1-b0da-2389f409459f,24,"[1, 0]",1,0,0,,0.5,2
4950,9c0fed6a-8222-11f1-b0da-2389f409459f,25,"[0, 0]",0,0,0,,0.5,2
4951,9c0fed6a-8222-11f1-b0da-2389f409459f,25,"[0, 0]",1,0,0,,0.5,2
4952,9c0fed6a-8222-11f1-b0da-2389f409459f,26,"[0, 1]",0,0,0,,0.5,2
4953,9c0fed6a-8222-11f1-b0da-2389f409459f,26,"[0, 1]",1,1,1,,0.5,2
4954,9c0fed6a-8222-11f1-b0da-2389f409459f,27,"[0, 0]",0,0,0,,0.5,2
4955,9c0fed6a-8222-11f1-b0da-2389f409459f,27,"[0, 0]",1,0,0,,0.5,2
4956,9c0fed6a-8222-11f1-b0da-2389f409459f,28,"[0, 1]",0,0,0,,0.5,2
4957,9c0fed6a-8222-11f1-b0da-2389f409459f,28,"[0, 1]",1,1,1,,0.5,2
4958,9c0fed6a-8222-11f1-b0da-2389f409459f,29,"[0, 0]",0,0,0,,0.5,2
4959,9c0fed6a-8222-11f1-b0da-2389f409459f,29,"[0, 0]",1,0,0,,0.5,2
4960,9c0fed6a-8222-11f1-b0da-2389f409459f,30,"[0, 1]",0,0,0,,0.5,2
4961,9c0fed6a-8222-11f1-b0da-2389f409459f,30,"[0, 1]",1,1,1,,0.5,2
4962,9c0fed6a-8222-11f1-b0da-2389f409459f,31,"[1, 0]",0,1,1,,0.5,2
4963,9c0fed6a-8222-11f1-b0da-2389f409459f,31,"[1, 0]",1,0,0,,0.5,2
4964,9c0fed6a-8222-11f1-b0da-2389f409459f,32,"[1, 0]",0,1,1,,0.5,2
4965,9c0fed6a-8222-11f1-b0da-2389f409459f,32,"[1, 0]",1,0,0,,0.5,2
4966,9c0fed6a-8222-11f1-b0da-2389f409459f,33,"[0, 0]",0,0,0,,0.5,2
4967,9c0fed6a-8222-11f1-b0da-2389f409459f,33,"[0, 0]",1,0,0,,0.5,2
4968,9c0fed6a-8222-11f1-b0da-2389f409459f,34,"[1, 1]",0,1,-1,,0.5,2
4969,9c0fed6a-8222-11f1-b0da-2389f409459f,34,"[1, 1]",1,1,-1,,0.5,2
4970,9c0fed6a-8222-11f1-b0da-2389f409459f,35,"[0, 0]",0,0,0,,0.5,2
4971,9c0fed6a-8222-11f1-b0da-2389f409459f,35,"[0, 0]",1,0,0,,0.5,2
4972,9c0fed6a-8222-11f1-b0da-2389f409459f,36,"[1, 1]",0,1,-1,,0.5,2
4973,9c0fed6a-8222-11f1-b0da-2389f409459f,36,"[1, 1]",1,1,-1,,0.5,2
4974,9c0fed6a-8222-11f1-b0da-2389f409459f,37,"[0, 1]",0,0,0,,0.5,2
4975,9c0fed6a-8222-11f1-b0da-2389f409459f,37,"[0, 1]",1,1,1,,0.5,2
4976,9c0fed6a-8222-11f1-b0da-2389f409459f,38,"[1, 1]",0,1,-1,,0.5,2
4977,9c0fed6a-8222-11f1-b0da-2389f409459f,38,"[1, 1]",1,1,-1,,0.5,2
4978,9c0fed6a-8222-11f1-b0da-2389f409459f,39,"[0, 1]",0,0,0,,0.5,2
4979,9c0fed6a-8222-11f1-b0da-2389f409459f,39,"[0, 1]",1,1,1,,0.5,2
4980,9c0fed6a-8222-11f1-b0da-2389f409459f,40,"[0, 0]",0,0,0,,0.5,2
4981,9c0fed6a-8222-11f1-b0da-2389f409459f,40,"[0, 0]",1,0,0,,0.5,2
4982,9c0fed6a-8222-11f1-b0da-2389f409459f,41,"[0, 1]",0,0,0,,0.5,2
4983,9c0fed6a-8222-11f1-b0da-2389f409459f,41,"[0, 1]",1,1,1,,0.5,2
4984,9c0fed6a-8222-11f1-b0da-2389f409459f,42,"[0, 0]",0,0,0,,0.5,2
4985,9c0fed6a-8222-11f1-b0da-2389f409459f,42,"[0, 0]",1,0,0,,0.5,2
4986,9c0fed6a-8222-11f1-b0da-2389f409459f,43,"[0, 0]",0,0,0,,0.5,2
4987,9c0fed6a-8222-11f1-b0da-2389f409459f,43,"[0, 0]",1,0,0,,0.5,2
4988,9c0fed6a-8222-11f1-b0da-2389f409459f,44,"[0, 0]",0,0,0,,0.5,2
4989,9c0fed6a-8222-11f1-b0da-2389f409459f,44,"[0, 0]",1,0,0,,0.5,2
4990,9c0fed6a-8222-11f1-b0da-2389f409459f,45,"[0, 1]",0,0,0,,0.5,2
4991,9c0fed6a-8222-11f1-b0da-2389f409459f,45,"[0, 1]",1,1,1,,0.5,2
4992,9c0fed6a-8222-11f1-b0da-2389f409459f,46,"[1, 0]",0,1,1,,0.5,2
4993,9c0fed6a-8222-11f1-b0da-2389f409459f,46,"[1, 0]",1,0,0,,0.5,2
4994,9c0fed6a-8222-11f1-b0da-2389f409459f,47,"[1, 0]",0,1,1,,0.5,2
4995,9c0fed6a-8222-11f1-b0da-2389f409459f,47,"[1, 0]",1,0,0,,0.5,2
4996,9c0fed6a-8222-11f1-b0da-2389f409459f,48,"[1, 0]",0,1,1,,0.5,2
4997,9c0fed6a-8222-11f1-b0da-2389f409459f,48,"[1, 0]",1,0,0,,0.5,2
4998,9c0fed6a-8222-11f1-b0da-2389f409459f,49,"[0, 0]",0,0,0,,0.5,2
4999,9c0fed6a-8222-11f1-b0da-2389f409459f,49,"[0, 0]",1,0,0,,0.5,2
5000,9c115a60-8222-11f1-b0da-2389f409459f,0,"[1, 0]",0,1,1,,0.5,2
5001,9c115a60-8222-11f1-b0da-2389f409459f,0,"[1, 0]",1,0,0,,0.5,2
5002,9c115a60-8222-11f1-b0da-2389f409459f,1,"[1, 1]",0,1,-1,,0.5,2
5003,9c115a60-8222-11f1-b0da-2389f409459f,1,"[1, 1]",1,1,-1,,0.5,2
5004,9c115a60-8222-11f1-b0da-2389f409459f,2,"[0, 0]",0,0,0,,0.5,2
5005,9c115a60-8222-11f1-b0da-2389f409459f,2,"[0, 0]",1,0,0,,0.5,2
5006,9c115a60-8222-11f1-b0da-2389f409459f,3,"[1, 0]",0,1,1,,0.5,2
5007,9c115a60-8222-11f1-b0da-2389f409459f,3,"[1, 0]",1,0,0,,0.5,2
5008,9c115a60-8222-11f1-b0da-2389f409459f,4,"[0, 1]",0,0,0,,0.5,2
5009,9c115a60-8222-11f1-b0da-2389f409459f,4,"[0, 1]",1,1,1,,0.5,2
5010,9c115a60-8222-11f1-b0da-2389f409459f,5,"[0, 0]",0,0,0,,0.5,2
5011,9c115a60-8222-11f1-b0da-2389f409459f,5,"[0, 0]",1,0,0,,0.5,2
5012,9c115a60-8222-11f1-b0da-2389f409459f,6,"[1, 1]",0,1,-1,,0.5,2
5013,9c115a60-8222-11f1-b0da-2389f409459f,6,"[1, 1]",1,1,-1,,0.5,2
5014,9c115a60-8222-11f1-b0da-2389f409459f,7,"[0, 1]",0,0,0,,0.5,2
5015,9c115a60-8222-11f1-b0da-2389f409459f,7,"[0, 1]",1,1,1,,0.5,2
5016,9c115a60-8222-11f1-b0da-2389f409459f,8,"[0, 1]",0,0,0,,0.5,2
5017,9c115a60-8222-11f1-b0da-2389f409459f,8,"[0, 1]",1,1,1,,0.5,2
5018,9c115a60-8222-11f1-b0da-2389f409459f,9,"[0, 0]",0,0,0,,0.5,2
5019,9c115a60-8222-11f1-b0da-2389f409459f,9,"[0, 0]",1,0,0,,0.5,2
5020,9c115a60-8222-11f1-b0da-2389f409459f,10,"[1, 0]",0,1,1,,0.5,2
5021,9c115a60-8222-11f1-b0da-2389f409459f,10,"[1, 0]",1,0,0,,0.5,2
5022,9c115a60-8222-11f1-b0da-2389f409459f,11,"[0, 1]",0,0,0,,0.5,2
5023,9c115a60-8222-11f1-b0da-2389f409459f,11,"[0, 1]",1,1,1,,0.5,2
5024,9c115a60-8222-11f1-b0da-2389f409459f,12,"[1, 0]",0,1,1,,0.5,2
5025,9c115a60-8222-11f1-b0da-2389f409459f,12,"[1, 0]",1,0,0,,0.5,2
5026,9c115a60-8222-11f1-b0da-2389f409459f,13,"[0, 1]",0,0,0,,0.5,2
5027,9c115a60-8222-11f1-b0da-2389f409459f,13,"[0, 1]",1,1,1,,0.5,2
5028,9c115a60-8222-11f1-b0da-2389f409459f,14,"[0, 1]",0,0,0,,0.5,2
5029,9c115a60-8222-11f1-b0da-2389f409459f,14,"[0, 1]",1,1,1,,0.5,2
5030,9c115a60-8222-11f1-b0da-2389f409459f,15,"[1, 0]",0,1,1,,0.5,2
5031,9c115a60-8222-11f1-b0da-2389f409459f,15,"[1, 0]",1,0,0,,0.5,2
5032,9c115a60-8222-11f1-b0da-2389f409459f,16,"[0, 0]",0,0,0,,0.5,2
5033,9c115a60-8222-11f1-b0da-2389f409459f,16,"[0, 0]",1,0,0,,0.5,2
5034,9c115a60-8222-11f1-b0da-2389f409459f,17,"[1, 1]",0,1,-1,,0.5,2
5035,9c115a60-8222-11f1-b0da-2389f409459f,17,"[1, 1]",1,1,-1,,0.5,2
5036,9c115a60-8222-11f1-b0da-2389f409459f,18,"[0, 1]",0,0,0,,0.5,2
5037,9c115a60-8222-11f1-b0da-2389f409459f,18,"[0, 1]",1,1,1,,0.5,2
5038,9c115a60-8222-11f1-b0da-2389f409459f,19,"[1, 1]",0,1,-1,,0.5,2
5039,9c115a60-8222-11f1-b0da-2389f409459f,19,"[1, 1]",1,1,-1,,0.5,2
5040,9c115a60-8222-11f1-b0da-2389f409459f,20,"[1, 1]",0,1,-1,,0.5,2
5041,9c115a60-8222-11f1-b0da-2389f409459f,20,"[1, 1]",1,1,-1,,0.5,2
5042,9c115a60-8222-11f1-b0da-2389f409459f,21,"[1, 1]",0,1,-1,,0.5,2
5043,9c115a60-8222-11f1-b0da-2389f409459f,21,"[1, 1]",1,1,-1,,0.5,2
5044,9c115a60-8222-11f1-b0da-2389f409459f,22,"[0, 1]",0,0,0,,0.5,2
5045,9c115a60-8222-11f1-b0da-2389f409459f,22,"[0, 1]",1,1,1,,0.5,2
5046,9c115a60-8222-11f1-b0da-2389f409459f,23,"[0, 1]",0,0,0,,0.5,2
5047,9c115a60-8222-11f1-b0da-2389f409459f,23,"[0, 1]",1,1,1,,0.5,2
5048,9c115a60-8222-11f1-b0da-2389f409459f,24,"[1, 1]",0,1,-1,,0.5,2
5049,9c115a60-8222-11f1-b0da-2389f409459f,24,"[1, 1]",1,1,-1,,0.5,2
5050,9c115a60-8222-11f1-b0da-2389f409459f,25,"[0, 1]",0,0,0,,0.5,2
5051,9c115a60-8222-11f1-b0da-2389f409459f,25,"[0, 1]",1,1,1,,0.5,2
5052,9c115a60-8222-11f1-b0da-2389f409459f,26,"[1, 0]",0,1,1,,0.5,2
5053,9c115a60-8222-11f1-b0da-2389f409459f,26,"[1, 0]",1,0,0,,0.5,2
5054,9c115a60-8222-11f1-b0da-2389f409459f,27,"[0, 1]",0,0,0,,0.5,2
5055,9c115a60-8222-11f1-b0da-2389f409459f,27,"[0, 1]",1,1,1,,0.5,2
5056,9c115a60-8222-11f1-b0da-2389f409459f,28,"[1, 0]",0,1,1,,0.5,2
5057,9c115a60-8222-11f1-b0da-2389f409459f,28,"[1, 0]",1,0,0,,0.5,2
5058,9c115a60-8222-11f1-b0da-2389f409459f,29,"[0, 0]",0,0,0,,0.5,2
5059,9c115a60-8222-11f1-b0da-2389f409459f,29,"[0, 0]",1,0,0,,0.5,2
5060,9c115a60-8222-11f1-b0da-2389f409459f,30,"[1, 0]",0,1,1,,0.5,2
5061,9c115a60-8222-11f1-b0da-2389f409459f,30,"[1, 0]",1,0,0,,0.5,2
5062,9c115a60-8222-11f1-b0da-2389f409459f,31,"[1, 1]",0,1,-1,,0.5,2
5063,9c115a60-8222-11f1-b0da-2389f409459f,31,"[1, 1]",1,1,-1,,0.5,2
5064,9c115a60-8222-11f1-b0da-2389f409459f,32,"[0, 1]",0,0,0,,0.5,2
5065,9c115a60-8222-11f1-b0da-2389f409459f,32,"[0, 1]",1,1,1,,0.5,2
5066,9c115a60-8222-11f1-b0da-2389f409459f,33,"[1, 1]",0,1,-1,,0.5,2
5067,9c115a60-8222-11f1-b0da-2389f409459f,33,"[1, 1]",1,1,-1,,0.5,2
5068,9c115a60-8222-11f1-b0da-2389f409459f,34,"[1, 1]",0,1,-1,,0.5,2
5069,9c115a60-8222-11f1-b0da-2389f409459f,34,"[1, 1]",1,1,-1,,0.5,2
5070,9c115a60-8222-11f1-b0da-2389f409459f,35,"[0, 1]",0,0,0,,0.5,2
5071,9c115a60-8222-11f1-b0da-2389f409459f,35,"[0, 1]",1,1,1,,0.5,2
5072,9c115a60-8222-11f1-b0da-2389f409459f,36,"[1, 0]",0,1,1,,0.5,2
5073,9c115a60-8222-11f1-b0da-2389f409459f,36,"[1, 0]",1,0,0,,0.5,2
5074,9c115a60-8222-11f1-b0da-2389f409459f,37,"[0, 0]",0,0,0,,0.5,2
5075,9c115a60-8222-11f1-b0da-2389f409459f,37,"[0, 0]",1,0,0,,0.5,2
5076,9c115a60-8222-11f1-b0da-2389f409459f,38,"[1, 1]",0,1,-1,,0.5,2
5077,9c115a60-8222-11f1-b0da-2389f409459f,38,"[1, 1]",1,1,-1,,0.5,2
5078,9c115a60-8222-11f1-b0da-2389f409459f,39,"[0, 0]",0,0,0,,0.5,2
5079,9c115a60-8222-11f1-b0da-2389f409459f,39,"[0, 0]",1,0,0,,0.5,2
5080,9c115a60-8222-11f1-b0da-2389f409459f,40,"[1, 1]",0,1,-1,,0.5,2
5081,9c115a60-8222-11f1-b0da-2389f409459f,40,"[1, 1]",1,1,-1,,0.5,2
5082,9c115a60-8222-11f1-b0da-2389f409459f,41,"[0, 1]",0,0,0,,0.5,2
5083,9c115a60-8222-11f1-b0da-2389f409459f,41,"[0, 1]",1,1,1,,0.5,2
5084,9c115a60-8222-11f1-b0da-2389f409459f,42,"[0, 0]",0,0,0,,0.5,2
5085,9c115a60-8222-11f1-b0da-2389f409459f,42,"[0, 0]",1,0,0,,0.5,2
5086,9c115a60-8222-11f1-b0da-2389f409459f,43,"[1, 1]",0,1,-1,,0.5,2
5087,9c115a60-8222-11f1-b0da-2389f409459f,43,"[1, 1]",1,1,-1,,0.5,2
5088,9c115a60-8222-11f1-b0da-2389f409459f,44,"[0, 0]",0,0,0,,0.5,2
5089,9c115a60-8222-11f1-b0da-2389f409459f,44,"[0, 0]",1,0,0,,0.5,2
5090,9c115a60-8222-11f1-b0da-2389f409459f,45,"[1, 0]",0,1,1,,0.5,2
5091,9c115a60-8222-11f1-b0da-2389f409459f,45,"[1, 0]",1,0,0,,0.5,2
5092,9c115a60-8222-11f1-b0da-2389f409459f,46,"[0, 1]",0,0,0,,0.5,2
5093,9c115a60-8222-11f1-b0da-2389f409459f,46,"[0, 1]",1,1,1,,0.5,2
5094,9c115a60-8222-11f1-b0da-2389f409459f,47,"[1, 0]",0,1,1,,0.5,2
5095,9c115a60-8222-11f1-b0da-2389f409459f,47,"[1, 0]",1,0,0,,0.5,2
5096,9c115a60-8222-11f1-b0da-2389f409459f,48,"[0, 1]",0,0,0,,0.5,2
5097,9c115a60-8222-11f1-b0da-2389f409459f,48,"[0, 1]",1,1,1,,0.5,2
5098,9c115a60-8222-11f1-b0da-2389f409459f,49,"[0, 1]",0,0,0,,0.5,2
5099,9c115a60-8222-11f1-b0da-2389f409459f,49,"[0, 1]",1,1,1,,0.5,2
5100,9c12b874-8222-11f1-b0da-2389f409459f,0,"[1, 0]",0,1,1,,0.5,2
5101,9c12b874-8222-11f1-b0da-2389f409459f,0,"[1, 0]",1,0,0,,0.5,2
5102,9c12b874-8222-11f1-b0da-2389f409459f,1,"[1, 0]",0,1,1,,0.5,2
5103,9c12b874-8222-11f1-b0da-2389f409459f,1,"[1, 0]",1,0,0,,0.5,2
5104,9c12b874-8222-11f1-b0da-2389f409459f,2,"[1, 1]",0,1,-1,,0.5,2
5105,9c12b874-8222-11f1-b0da-2389f409459f,2,"[1, 1]",1,1,-1,,0.5,2
5106,9c12b874-8222-11f1-b0da-2389f409459f,3,"[0, 1]",0,0,0,,0.5,2
5107,9c12b874-8222-11f1-b0da-2389f409459f,3,"[0, 1]",1,1,1,,0.5,2
5108,9c12b874-8222-11f1-b0da-2389f409459f,4,"[0, 0]",0,0,0,,0.5,2
5109,9c12b874-8222-11f1-b0da-2389f409459f,4,"[0, 0]",1,0,0,,0.5,2
5110,9c12b874-8222-11f1-b0da-2389f409459f,5,"[1, 1]",0,1,-1,,0.5,2
5111,9c12b874-8222-11f1-b0da-2389f409459f,5,"[1, 1]",1,1,-1,,0.5,2
5112,9c12b874-8222-11f1-b0da-2389f409459f,6,"[0, 1]",0,0,0,,0.5,2
5113,9c12b874-8222-11f1-b0da-2389f409459f,6,"[0, 1]",1,1,1,,0.5,2
5114,9c12b874-8222-11f1-b0da-2389f409459f,7,"[0, 0]",0,0,0,,0.5,2
5115,9c12b874-8222-11f1-b0da-2389f409459f,7,"[0, 0]",1,0,0,,0.5,2
5116,9c12b874-8222-11f1-b0da-2389f409459f,8,"[1, 0]",0,1,1,,0.5,2
5117,9c12b874-8222-11f1-b0da-2389f409459f,8,"[1, 0]",1,0,0,,0.5,2
5118,9c12b874-8222-11f1-b0da-2389f409459f,9,"[1, 0]",0,1,1,,0.5,2
5119,9c12b874-8222-11f1-b0da-2389f409459f,9,"[1, 0]",1,0,0,,0.5,2
5120,9c12b874-8222-11f1-b0da-2389f409459f,10,"[1, 0]",0,1,1,,0.5,2
5121,9c12b874-8222-11f1-b0da-2389f409459f,10,"[1, 0]",1,0,0,,0.5,2
5122,9c12b874-8222-11f1-b0da-2389f409459f,11,"[1, 0]",0,1,1,,0.5,2
5123,9c12b874-8222-11f1-b0da-2389f409459f,11,"[1, 0]",1,0,0,,0.5,2
5124,9c12b874-8222-11f1-b0da-2389f409459f,12,"[1, 0]",0,1,1,,0.5,2
5125,9c12b874-8222-11f1-b0da-2389f409459f,12,"[1, 0]",1,0,0,,0.5,2
5126,9c12b874-8222-11f1-b0da-2389f409459f,13,"[1, 0]",0,1,1,,0.5,2
5127,9c12b874-8222-11f1-b0da-2389f409459f,13,"[1, 0]",1,0,0,,0.5,2
5128,9c12b874-8222-11f1-b0da-2389f409459f,14,"[1, 1]",0,1,-1,,0.5,2
5129,9c12b874-8222-11f1-b0da-2389f409459f,14,"[1, 1]",1,1,-1,,0.5,2
5130,9c12b874-8222-11f1-b0da-2389f409459f,15,"[0, 0]",0,0,0,,0.5,2
5131,9c12b874-8222-11f1-b0da-2389f409459f,15,"[0, 0]",1,0,0,,0.5,2
5132,9c12b874-8222-11f1-b0da-2389f409459f,16,"[0, 1]",0,0,0,,0.5,2
5133,9c12b874-8222-11f1-b0da-2389f409459f,16,"[0, 1]",1,1,1,,0.5,2
5134,9c12b874-8222-11f1-b0da-2389f409459f,17,"[1, 0]",0,1,1,,0.5,2
5135,9c12b874-8222-11f1-b0da-2389f409459f,17,"[1, 0]",1,0,0,,0.5,2
5136,9c12b874-8222-11f1-b0da-2389f409459f,18,"[1, 0]",0,1,1,,0.5,2
5137,9c12b874-8222-11f1-b0da-2389f409459f,18,"[1, 0]",1,0,0,,0.5,2
5138,9c12b874-8222-11f1-b0da-2389f409459f,19,"[1, 0]",0,1,1,,0.5,2
5139,9c12b874-8222-11f1-b0da-2389f409459f,19,"[1, 0]",1,0,0,,0.5,2
5140,9c12b874-8222-11f1-b0da-2389f409459f,20,"[1, 0]",0,1,1,,0.5,2
5141,9c12b874-8222-11f1-b0da-2389f409459f,20,"[1, 0]",1,0,0,,0.5,2
5142,9c12b874-8222-11f1-b0da-2389f409459f,21,"[1, 0]",0,1,1,,0.5,2
5143,9c12b874-8222-11f1-b0da-2389f409459f,21,"[1, 0]",1,0,0,,0.5,2
5144,9c12b874-8222-11f1-b0da-2389f409459f,22,"[1, 0]",0,1,1,,0.5,2
5145,9c12b874-8222-11f1-b0da-2389f409459f,22,"[1, 0]",1,0,0,,0.5,2
5146,9c12b874-8222-11f1-b0da-2389f409459f,23,"[1, 0]",0,1,1,,0.5,2
5147,9c12b874-8222-11f1-b0da-2389f409459f,23,"[1, 0]",1,0,0,,0.5,2
5148,9c12b874-8222-11f1-b0da-2389f409459f,24,"[1, 1]",0,1,-1,,0.5,2
5149,9c12b874-8222-11f1-b0da-2389f409459f,24,"[1, 1]",1,1,-1,,0.5,2
5150,9c12b874-8222-11f1-b0da-2389f409459f,25,"[0, 0]",0,0,0,,0.5,2
5151,9c12b874-8222-11f1-b0da-2389f409459f,25,"[0, 0]",1,0,0,,0.5,2
5152,9c12b874-8222-11f1-b0da-2389f409459f,26,"[1, 1]",0,1,-1,,0.5,2
5153,9c12b874-8222-11f1-b0da-2389f409459f,26,"[1, 1]",1,1,-1,,0.5,2
5154,9c12b874-8222-11f1-b0da-2389f409459f,27,"[0, 0]",0,0,0,,0.5,2
5155,9c12b874-8222-11f1-b0da-2389f409459f,27,"[0, 0]",1,0,0,,0.5,2
5156,9c12b874-8222-11f1-b0da-2389f409459f,28,"[1, 0]",0,1,1,,0.5,2
5157,9c12b874-8222-11f1-b0da-2389f409459f,28,"[1, 0]",1,0,0,,0.5,2
5158,9c12b874-8222-11f1-b0da-2389f409459f,29,"[1, 1]",0,1,-1,,0.5,2
5159,9c12b874-8222-11f1-b0da-2389f409459f,29,"[1, 1]",1,1,-1,,0.5,2
5160,9c12b874-8222-11f1-b0da-2389f409459f,30,"[0, 0]",0,0,0,,0.5,2
5161,9c12b874-8222-11f1-b0da-2389f409459f,30,"[0, 0]",1,0,0,,0.5,2
5162,9c12b874-8222-11f1-b0da-2389f409459f,31,"[1, 0]",0,1,1,,0.5,2
5163,9c12b874-8222-11f1-b0da-2389f409459f,31,"[1, 0]",1,0,0,,0.5,2
5164,9c12b874-8222-11f1-b0da-2389f409459f,32,"[1, 0]",0,1,1,,0.5,2
5165,9c12b874-8222-11f1-b0da-2389f409459f,32,"[1, 0]",1,0,0,,0.5,2
5166,9c12b874-8222-11f1-b0da-2389f409459f,33,"[1, 0]",0,1,1,,0.5,2
5167,9c12b874-8222-11f1-b0da-2389f409459f,33,"[1, 0]",1,0,0,,0.5,2
5168,9c12b874-8222-11f1-b0da-2389f409459f,34,"[1, 0]",0,1,1,,0.5,2
5169,9c12b874-8222-11f1-b0da-2389f409459f,34,"[1, 0]",1,0,0,,0.5,2
5170,9c12b874-8222-11f1-b0da-2389f409459f,35,"[1, 0]",0,1,1,,0.5,2
5171,9c12b874-8222-11f1-b0da-2389f409459f,35,"[1, 0]",1,0,0,,0.5,2
5172,9c12b874-8222-11f1-b0da-2389f409459f,36,"[1, 0]",0,1,1,,0.5,2
5173,9c12b874-8222-11f1-b0da-2389f409459f,36,"[1, 0]",1,0,0,,0.5,2
5174,9c12b874-8222-11f1-b0da-2389f409459f,37,"[1, 0]",0,1,1,,0.5,2
5175,9c12b874-8222-11f1-b0da-2389f409459f,37,"[1, 0]",1,0,0,,0.5,2
5176,9c12b874-8222-11f1-b0da-2389f409459f,38,"[1, 0]",0,1,1,,0.5,2
5177,9c12b874-8222-11f1-b0da-2389f409459f,38,"[1, 0]",1,0,0,,0.5,2
5178,9c12b874-8222-11f1-b0da-2389f409459f,39,"[1, 1]",0,1,-1,,0.5,2
5179,9c12b874-8222-11f1-b0da-2389f409459f,39,"[1, 1]",1,1,-1,,0.5,2
5180,9c12b874-8222-11f1-b0da-2389f409459f,40,"[0, 0]",0,0,0,,0.5,2
5181,9c12b874-8222-11f1-b0da-2389f409459f,40,"[0, 0]",1,0,0,,0.5,2
5182,9c12b874-8222-11f1-b0da-2389f409459f,41,"[0, 0]",0,0,0,,0.5,2
5183,9c12b874-8222-11f1-b0da-2389f409459f,41,"[0, 0]",1,0,0,,0.5,2
5184,9c12b874-8222-11f1-b0da-2389f409459f,42,"[1, 0]",0,1,1,,0.5,2
5185,9c12b874-8222-11f1-b0da-2389f409459f,42,"[1, 0]",1,0,0,,0.5,2
5186,9c12b874-8222-11f1-b0da-2389f409459f,43,"[1, 1]",0,1,-1,,0.5,2
5187,9c12b874-8222-11f1-b0da-2389f409459f,43,"[1, 1]",1,1,-1,,0.5,2
5188,9c12b874-8222-11f1-b0da-2389f409459f,44,"[0, 1]",0,0,0,,0.5,2
5189,9c12b874-8222-11f1-b0da-2389f409459f,44,"[0, 1]",1,1,1,,0.5,2
5190,9c12b874-8222-11f1-b0da-2389f409459f,45,"[1, 0]",0,1,1,,0.5,2
5191,9c12b874-8222-11f1-b0da-2389f409459f,45,"[1, 0]",1,0,0,,0.5,2
5192,9c12b874-8222-11f1-b0da-2389f409459f,46,"[1, 0]",0,1,1,,0.5,2
5193,9c12b874-8222-11f1-b0da-2389f409459f,46,"[1, 0]",1,0,0,,0.5,2
5194,9c12b874-8222-11f1-b0da-2389f409459f,47,"[1, 0]",0,1,1,,0.5,2
5195,9c12b874-8222-11f1-b0da-2389f409459f,47,"[1, 0]",1,0,0,,0.5,2
5196,9c12b874-8222-11f1-b0da-2389f409459f,48,"[1, 0]",0,1,1,,0.5,2
5197,9c12b874-8222-11f1-b0da-2389f409459f,48,"[1, 0]",1,0,0,,0.5,2
5198,9c12b874-8222-11f1-b0da-2389f409459f,49,"[1, 0]",0,1,1,,0.5,2
5199,9c12b874-8222-11f1-b0da-2389f409459f,49,"[1, 0]",1,0,0,,0.5,2
5200,9c1427a4-8222-11f1-b0da-2389f409459f,0,"[0, 1]",0,0,0,,0.5,2
5201,9c1427a4-8222-11f1-b0da-2389f409459f,0,"[0, 1]",1,1,1,,0.5,2
5202,9c1427a4-8222-11f1-b0da-2389f409459f,1,"[1, 0]",0,1,1,,0.5,2
5203,9c1427a4-8222-11f1-b0da-2389f409459f,1,"[1, 0]",1,0,0,,0.5,2
5204,9c1427a4-8222-11f1-b0da-2389f409459f,2,"[0, 1]",0,0,0,,0.5,2
5205,9c1427a4-8222-11f1-b0da-2389f409459f,2,"[0, 1]",1,1,1,,0.5,2
5206,9c1427a4-8222-11f1-b0da-2389f409459f,3,"[1, 0]",0,1,1,,0.5,2
5207,9c1427a4-8222-11f1-b0da-2389f409459f,3,"[1, 0]",1,0,0,,0.5,2
5208,9c1427a4-8222-11f1-b0da-2389f409459f,4,"[1, 1]",0,1,-1,,0.5,2
5209,9c1427a4-8222-11f1-b0da-2389f409459f,4,"[1, 1]",1,1,-1,,0.5,2
5210,9c1427a4-8222-11f1-b0da-2389f409459f,5,"[1, 0]",0,1,1,,0.5,2
5211,9c1427a4-8222-11f1-b0da-2389f409459f,5,"[1, 0]",1,0,0,,0.5,2
5212,9c1427a4-8222-11f1-b0da-2389f409459f,6,"[0, 1]",0,0,0,,0.5,2
5213,9c1427a4-8222-11f1-b0da-2389f409459f,6,"[0, 1]",1,1,1,,0.5,2
5214,9c1427a4-8222-11f1-b0da-2389f409459f,7,"[1, 0]",0,1,1,,0.5,2
5215,9c1427a4-8222-11f1-b0da-2389f409459f,7,"[1, 0]",1,0,0,,0.5,2
5216,9c1427a4-8222-11f1-b0da-2389f409459f,8,"[0, 1]",0,0,0,,0.5,2
5217,9c1427a4-8222-11f1-b0da-2389f409459f,8,"[0, 1]",1,1,1,,0.5,2
5218,9c1427a4-8222-11f1-b0da-2389f409459f,9,"[1, 0]",0,1,1,,0.5,2
5219,9c1427a4-8222-11f1-b0da-2389f409459f,9,"[1, 0]",1,0,0,,0.5,2
5220,9c1427a4-8222-11f1-b0da-2389f409459f,10,"[1, 1]",0,1,-1,,0.5,2
5221,9c1427a4-8222-11f1-b0da-2389f409459f,10,"[1, 1]",1,1,-1,,0.5,2
5222,9c1427a4-8222-11f1-b0da-2389f409459f,11,"[0, 0]",0,0,0,,0.5,2
5223,9c1427a4-8222-11f1-b0da-2389f409459f,11,"[0, 0]",1,0,0,,0.5,2
5224,9c1427a4-8222-11f1-b0da-2389f409459f,12,"[1, 0]",0,1,1,,0.5,2
5225,9c1427a4-8222-11f1-b0da-2389f409459f,12,"[1, 0]",1,0,0,,0.5,2
5226,9c1427a4-8222-11f1-b0da-2389f409459f,13,"[0, 1]",0,0,0,,0.5,2
5227,9c1427a4-8222-11f1-b0da-2389f409459f,13,"[0, 1]",1,1,1,,0.5,2
5228,9c1427a4-8222-11f1-b0da-2389f409459f,14,"[1, 0]",0,1,1,,0.5,2
5229,9c1427a4-8222-11f1-b0da-2389f409459f,14,"[1, 0]",1,0,0,,0.5,2
5230,9c1427a4-8222-11f1-b0da-2389f409459f,15,"[0, 1]",0,0,0,,0.5,2
5231,9c1427a4-8222-11f1-b0da-2389f409459f,15,"[0, 1]",1,1,1,,0.5,2
5232,9c1427a4-8222-11f1-b0da-2389f409459f,16,"[1, 0]",0,1,1,,0.5,2
5233,9c1427a4-8222-11f1-b0da-2389f409459f,16,"[1, 0]",1,0,0,,0.5,2
5234,9c1427a4-8222-11f1-b0da-2389f409459f,17,"[0, 1]",0,0,0,,0.5,2
5235,9c1427a4-8222-11f1-b0da-2389f409459f,17,"[0, 1]",1,1,1,,0.5,2
5236,9c1427a4-8222-11f1-b0da-2389f409459f,18,"[1, 0]",0,1,1,,0.5,2
5237,9c1427a4-8222-11f1-b0da-2389f409459f,18,"[1, 0]",1,0,0,,0.5,2
5238,9c1427a4-8222-11f1-b0da-2389f409459f,19,"[0, 1]",0,0,0,,0.5,2
5239,9c1427a4-8222-11f1-b0da-2389f409459f,19,"[0, 1]",1,1,1,,0.5,2
5240,9c1427a4-8222-11f1-b0da-2389f409459f,20,"[1, 0]",0,1,1,,0.5,2
5241,9c1427a4-8222-11f1-b0da-2389f409459f,20,"[1, 0]",1,0,0,,0.5,2
5242,9c1427a4-8222-11f1-b0da-2389f409459f,21,"[0, 1]",0,0,0,,0.5,2
5243,9c1427a4-8222-11f1-b0da-2389f409459f,21,"[0, 1]",1,1,1,,0.5,2
5244,9c1427a4-8222-11f1-b0da-2389f409459f,22,"[1, 0]",0,1,1,,0.5,2
5245,9c1427a4-8222-11f1-b0da-2389f409459f,22,"[1, 0]",1,0,0,,0.5,2
5246,9c1427a4-8222-11f1-b0da-2389f409459f,23,"[0, 1]",0,0,0,,0.5,2
5247,9c1427a4-8222-11f1-b0da-2389f409459f,23,"[0, 1]",1,1,1,,0.5,2
5248,9c1427a4-8222-11f1-b0da-2389f409459f,24,"[1, 0]",0,1,1,,0.5,2
5249,9c1427a4-8222-11f1-b0da-2389f409459f,24,"[1, 0]",1,0,0,,0.5,2
5250,9c1427a4-8222-11f1-b0da-2389f409459f,25,"[0, 1]",0,0,0,,0.5,2
5251,9c1427a4-8222-11f1-b0da-2389f409459f,25,"[0, 1]",1,1,1,,0.5,2
5252,9c1427a4-8222-11f1-b0da-2389f409459f,26,"[1, 0]",0,1,1,,0.5,2
5253,9c1427a4-8222-11f1-b0da-2389f409459f,26,"[1, 0]",1,0,0,,0.5,2
5254,9c1427a4-8222-11f1-b0da-2389f409459f,27,"[1, 1]",0,1,-1,,0.5,2
5255,9c1427a4-8222-11f1-b0da-2389f409459f,27,"[1, 1]",1,1,-1,,0.5,2
5256,9c1427a4-8222-11f1-b0da-2389f409459f,28,"[0, 0]",0,0,0,,0.5,2
5257,9c1427a4-8222-11f1-b0da-2389f409459f,28,"[0, 0]",1,0,0,,0.5,2
5258,9c1427a4-8222-11f1-b0da-2389f409459f,29,"[1, 0]",0,1,1,,0.5,2
5259,9c1427a4-8222-11f1-b0da-2389f409459f,29,"[1, 0]",1,0,0,,0.5,2
5260,9c1427a4-8222-11f1-b0da-2389f409459f,30,"[0, 1]",0,0,0,,0.5,2
5261,9c1427a4-8222-11f1-b0da-2389f409459f,30,"[0, 1]",1,1,1,,0.5,2
5262,9c1427a4-8222-11f1-b0da-2389f409459f,31,"[1, 0]",0,1,1,,0.5,2
5263,9c1427a4-8222-11f1-b0da-2389f409459f,31,"[1, 0]",1,0,0,,0.5,2
5264,9c1427a4-8222-11f1-b0da-2389f409459f,32,"[1, 1]",0,1,-1,,0.5,2
5265,9c1427a4-8222-11f1-b0da-2389f409459f,32,"[1, 1]",1,1,-1,,0.5,2
5266,9c1427a4-8222-11f1-b0da-2389f409459f,33,"[1, 0]",0,1,1,,0.5,2
5267,9c1427a4-8222-11f1-b0da-2389f409459f,33,"[1, 0]",1,0,0,,0.5,2
5268,9c1427a4-8222-11f1-b0da-2389f409459f,34,"[0, 1]",0,0,0,,0.5,2
5269,9c1427a4-8222-11f1-b0da-2389f409459f,34,"[0, 1]",1,1,1,,0.5,2
5270,9c1427a4-8222-11f1-b0da-2389f409459f,35,"[1, 0]",0,1,1,,0.5,2
5271,9c1427a4-8222-11f1-b0da-2389f409459f,35,"[1, 0]",1,0,0,,0.5,2
5272,9c1427a4-8222-11f1-b0da-2389f409459f,36,"[0, 1]",0,0,0,,0.5,2
5273,9c1427a4-8222-11f1-b0da-2389f409459f,36,"[0, 1]",1,1,1,,0.5,2
5274,9c1427a4-8222-11f1-b0da-2389f409459f,37,"[1, 0]",0,1,1,,0.5,2
5275,9c1427a4-8222-11f1-b0da-2389f409459f,37,"[1, 0]",1,0,0,,0.5,2
5276,9c1427a4-8222-11f1-b0da-2389f409459f,38,"[0, 1]",0,0,0,,0.5,2
5277,9c1427a4-8222-11f1-b0da-2389f409459f,38,"[0, 1]",1,1,1,,0.5,2
5278,9c1427a4-8222-11f1-b0da-2389f409459f,39,"[1, 0]",0,1,1,,0.5,2
5279,9c1427a4-8222-11f1-b0da-2389f409459f,39,"[1, 0]",1,0,0,,0.5,2
5280,9c1427a4-8222-11f1-b0da-2389f409459f,40,"[0, 1]",0,0,0,,0.5,2
5281,9c1427a4-8222-11f1-b0da-2389f409459f,40,"[0, 1]",1,1,1,,0.5,2
5282,9c1427a4-8222-11f1-b0da-2389f409459f,41,"[1, 0]",0,1,1,,0.5,2
5283,9c1427a4-8222-11f1-b0da-2389f409459f,41,"[1, 0]",1,0,0,,0.5,2
5284,9c1427a4-8222-11f1-b0da-2389f409459f,42,"[0, 1]",0,0,0,,0.5,2
5285,9c1427a4-8222-11f1-b0da-2389f409459f,42,"[0, 1]",1,1,1,,0.5,2
5286,9c1427a4-8222-11f1-b0da-2389f409459f,43,"[1, 0]",0,1,1,,0.5,2
5287,9c1427a4-8222-11f1-b0da-2389f409459f,43,"[1, 0]",1,0,0,,0.5,2
5288,9c1427a4-8222-11f1-b0da-2389f409459f,44,"[0, 1]",0,0,0,,0.5,2
5289,9c1427a4-8222-11f1-b0da-2389f409459f,44,"[0, 1]",1,1,1,,0.5,2
5290,9c1427a4-8222-11f1-b0da-2389f409459f,45,"[1, 0]",0,1,1,,0.5,2
5291,9c1427a4-8222-11f1-b0da-2389f409459f,45,"[1, 0]",1,0,0,,0.5,2
5292,9c1427a4-8222-11f1-b0da-2389f409459f,46,"[0, 1]",0,0,0,,0.5,2
5293,9c1427a4-8222-11f1-b0da-2389f409459f,46,"[0, 1]",1,1,1,,0.5,2
5294,9c1427a4-8222-11f1-b0da-2389f409459f,47,"[1, 0]",0,1,1,,0.5,2
5295,9c1427a4-8222-11f1-b0da-2389f409459f,47,"[1, 0]",1,0,0,,0.5,2
5296,9c1427a4-8222-11f1-b0da-2389f409459f,48,"[0, 1]",0,0,0,,0.5,2
5297,9c1427a4-8222-11f1-b0da-2389f409459f,48,"[0, 1]",1,1,1,,0.5,2
5298,9c1427a4-8222-11f1-b0da-2389f409459f,49,"[1, 0]",0,1,1,,0.5,2
5299,9c1427a4-8222-11f1-b0da-2389f409459f,49,"[1, 0]",1,0,0,,0.5,2
5300,9c159008-8222-11f1-b0da-2389f409459f,0,"[1, 0]",0,1,1,,0.5,2
5301,9c159008-8222-11f1-b0da-2389f409459f,0,"[1, 0]",1,0,0,,0.5,2
5302,9c159008-8222-11f1-b0da-2389f409459f,1,"[0, 1]",0,0,0,,0.5,2
5303,9c159008-8222-11f1-b0da-2389f409459f,1,"[0, 1]",1,1,1,,0.5,2
5304,9c159008-8222-11f1-b0da-2389f409459f,2,"[0, 1]",0,0,0,,0.5,2
5305,9c159008-8222-11f1-b0da-2389f409459f,2,"[0, 1]",1,1,1,,0.5,2
5306,9c159008-8222-11f1-b0da-2389f409459f,3,"[0, 0]",0,0,0,,0.5,2
5307,9c159008-8222-11f1-b0da-2389f409459f,3,"[0, 0]",1,0,0,,0.5,2
5308,9c159008-8222-11f1-b0da-2389f409459f,4,"[0, 0]",0,0,0,,0.5,2
5309,9c159008-8222-11f1-b0da-2389f409459f,4,"[0, 0]",1,0,0,,0.5,2
5310,9c159008-8222-11f1-b0da-2389f409459f,5,"[1, 0]",0,1,1,,0.5,2
5311,9c159008-8222-11f1-b0da-2389f409459f,5,"[1, 0]",1,0,0,,0.5,2
5312,9c159008-8222-11f1-b0da-2389f409459f,6,"[0, 0]",0,0,0,,0.5,2
5313,9c159008-8222-11f1-b0da-2389f409459f,6,"[0, 0]",1,0,0,,0.5,2
5314,9c159008-8222-11f1-b0da-2389f409459f,7,"[1, 1]",0,1,-1,,0.5,2
5315,9c159008-8222-11f1-b0da-2389f409459f,7,"[1, 1]",1,1,-1,,0.5,2
5316,9c159008-8222-11f1-b0da-2389f409459f,8,"[1, 0]",0,1,1,,0.5,2
5317,9c159008-8222-11f1-b0da-2389f409459f,8,"[1, 0]",1,0,0,,0.5,2
5318,9c159008-8222-11f1-b0da-2389f409459f,9,"[1, 0]",0,1,1,,0.5,2
5319,9c159008-8222-11f1-b0da-2389f409459f,9,"[1, 0]",1,0,0,,0.5,2
5320,9c159008-8222-11f1-b0da-2389f409459f,10,"[0, 0]",0,0,0,,0.5,2
5321,9c159008-8222-11f1-b0da-2389f409459f,10,"[0, 0]",1,0,0,,0.5,2
5322,9c159008-8222-11f1-b0da-2389f409459f,11,"[1, 0]",0,1,1,,0.5,2
5323,9c159008-8222-11f1-b0da-2389f409459f,11,"[1, 0]",1,0,0,,0.5,2
5324,9c159008-8222-11f1-b0da-2389f409459f,12,"[1, 0]",0,1,1,,0.5,2
5325,9c159008-8222-11f1-b0da-2389f409459f,12,"[1, 0]",1,0,0,,0.5,2
5326,9c159008-8222-11f1-b0da-2389f409459f,13,"[1, 1]",0,1,-1,,0.5,2
5327,9c159008-8222-11f1-b0da-2389f409459f,13,"[1, 1]",1,1,-1,,0.5,2
5328,9c159008-8222-11f1-b0da-2389f409459f,14,"[0, 0]",0,0,0,,0.5,2
5329,9c159008-8222-11f1-b0da-2389f409459f,14,"[0, 0]",1,0,0,,0.5,2
5330,9c159008-8222-11f1-b0da-2389f409459f,15,"[1, 0]",0,1,1,,0.5,2
5331,9c159008-8222-11f1-b0da-2389f409459f,15,"[1, 0]",1,0,0,,0.5,2
5332,9c159008-8222-11f1-b0da-2389f409459f,16,"[1, 0]",0,1,1,,0.5,2
5333,9c159008-8222-11f1-b0da-2389f409459f,16,"[1, 0]",1,0,0,,0.5,2
5334,9c159008-8222-11f1-b0da-2389f409459f,17,"[1, 0]",0,1,1,,0.5,2
5335,9c159008-8222-11f1-b0da-2389f409459f,17,"[1, 0]",1,0,0,,0.5,2
5336,9c159008-8222-11f1-b0da-2389f409459f,18,"[0, 0]",0,0,0,,0.5,2
5337,9c159008-8222-11f1-b0da-2389f409459f,18,"[0, 0]",1,0,0,,0.5,2
5338,9c159008-8222-11f1-b0da-2389f409459f,19,"[1, 1]",0,1,-1,,0.5,2
5339,9c159008-8222-11f1-b0da-2389f409459f,19,"[1, 1]",1,1,-1,,0.5,2
5340,9c159008-8222-11f1-b0da-2389f409459f,20,"[1, 1]",0,1,-1,,0.5,2
5341,9c159008-8222-11f1-b0da-2389f409459f,20,"[1, 1]",1,1,-1,,0.5,2
5342,9c159008-8222-11f1-b0da-2389f409459f,21,"[1, 1]",0,1,-1,,0.5,2
5343,9c159008-8222-11f1-b0da-2389f409459f,21,"[1, 1]",1,1,-1,,0.5,2
5344,9c159008-8222-11f1-b0da-2389f409459f,22,"[0, 1]",0,0,0,,0.5,2
5345,9c159008-8222-11f1-b0da-2389f409459f,22,"[0, 1]",1,1,1,,0.5,2
5346,9c159008-8222-11f1-b0da-2389f409459f,23,"[1, 1]",0,1,-1,,0.5,2
5347,9c159008-8222-11f1-b0da-2389f409459f,23,"[1, 1]",1,1,-1,,0.5,2
5348,9c159008-8222-11f1-b0da-2389f409459f,24,"[1, 1]",0,1,-1,,0.5,2
5349,9c159008-8222-11f1-b0da-2389f409459f,24,"[1, 1]",1,1,-1,,0.5,2
5350,9c159008-8222-11f1-b0da-2389f409459f,25,"[0, 0]",0,0,0,,0.5,2
5351,9c159008-8222-11f1-b0da-2389f409459f,25,"[0, 0]",1,0,0,,0.5,2
5352,9c159008-8222-11f1-b0da-2389f409459f,26,"[1, 0]",0,1,1,,0.5,2
5353,9c159008-8222-11f1-b0da-2389f409459f,26,"[1, 0]",1,0,0,,0.5,2
5354,9c159008-8222-11f1-b0da-2389f409459f,27,"[0, 0]",0,0,0,,0.5,2
5355,9c159008-8222-11f1-b0da-2389f409459f,27,"[0, 0]",1,0,0,,0.5,2
5356,9c159008-8222-11f1-b0da-2389f409459f,28,"[1, 0]",0,1,1,,0.5,2
5357,9c159008-8222-11f1-b0da-2389f409459f,28,"[1, 0]",1,0,0,,0.5,2
5358,9c159008-8222-11f1-b0da-2389f409459f,29,"[0, 1]",0,0,0,,0.5,2
5359,9c159008-8222-11f1-b0da-2389f409459f,29,"[0, 1]",1,1,1,,0.5,2
5360,9c159008-8222-11f1-b0da-2389f409459f,30,"[1, 1]",0,1,-1,,0.5,2
5361,9c159008-8222-11f1-b0da-2389f409459f,30,"[1, 1]",1,1,-1,,0.5,2
5362,9c159008-8222-11f1-b0da-2389f409459f,31,"[0, 0]",0,0,0,,0.5,2
5363,9c159008-8222-11f1-b0da-2389f409459f,31,"[0, 0]",1,0,0,,0.5,2
5364,9c159008-8222-11f1-b0da-2389f409459f,32,"[1, 0]",0,1,1,,0.5,2
5365,9c159008-8222-11f1-b0da-2389f409459f,32,"[1, 0]",1,0,0,,0.5,2
5366,9c159008-8222-11f1-b0da-2389f409459f,33,"[0, 0]",0,0,0,,0.5,2
5367,9c159008-8222-11f1-b0da-2389f409459f,33,"[0, 0]",1,0,0,,0.5,2
5368,9c159008-8222-11f1-b0da-2389f409459f,34,"[1, 0]",0,1,1,,0.5,2
5369,9c159008-8222-11f1-b0da-2389f409459f,34,"[1, 0]",1,0,0,,0.5,2
5370,9c159008-8222-11f1-b0da-2389f409459f,35,"[1, 0]",0,1,1,,0.5,2
5371,9c159008-8222-11f1-b0da-2389f409459f,35,"[1, 0]",1,0,0,,0.5,2
5372,9c159008-8222-11f1-b0da-2389f409459f,36,"[1, 0]",0,1,1,,0.5,2
5373,9c159008-8222-11f1-b0da-2389f409459f,36,"[1, 0]",1,0,0,,0.5,2
5374,9c159008-8222-11f1-b0da-2389f409459f,37,"[1, 0]",0,1,1,,0.5,2
5375,9c159008-8222-11f1-b0da-2389f409459f,37,"[1, 0]",1,0,0,,0.5,2
5376,9c159008-8222-11f1-b0da-2389f409459f,38,"[1, 0]",0,1,1,,0.5,2
5377,9c159008-8222-11f1-b0da-2389f409459f,38,"[1, 0]",1,0,0,,0.5,2
5378,9c159008-8222-11f1-b0da-2389f409459f,39,"[1, 0]",0,1,1,,0.5,2
5379,9c159008-8222-11f1-b0da-2389f409459f,39,"[1, 0]",1,0,0,,0.5,2
5380,9c159008-8222-11f1-b0da-2389f409459f,40,"[1, 0]",0,1,1,,0.5,2
5381,9c159008-8222-11f1-b0da-2389f409459f,40,"[1, 0]",1,0,0,,0.5,2
5382,9c159008-8222-11f1-b0da-2389f409459f,41,"[1, 0]",0,1,1,,0.5,2
5383,9c159008-8222-11f1-b0da-2389f409459f,41,"[1, 0]",1,0,0,,0.5,2
5384,9c159008-8222-11f1-b0da-2389f409459f,42,"[1, 0]",0,1,1,,0.5,2
5385,9c159008-8222-11f1-b0da-2389f409459f,42,"[1, 0]",1,0,0,,0.5,2
5386,9c159008-8222-11f1-b0da-2389f409459f,43,"[1, 0]",0,1,1,,0.5,2
5387,9c159008-8222-11f1-b0da-2389f409459f,43,"[1, 0]",1,0,0,,0.5,2
5388,9c159008-8222-11f1-b0da-2389f409459f,44,"[1, 0]",0,1,1,,0.5,2
5389,9c159008-8222-11f1-b0da-2389f409459f,44,"[1, 0]",1,0,0,,0.5,2
5390,9c159008-8222-11f1-b0da-2389f409459f,45,"[1, 0]",0,1,1,,0.5,2
5391,9c159008-8222-11f1-b0da-2389f409459f,45,"[1, 0]",1,0,0,,0.5,2
5392,9c159008-8222-11f1-b0da-2389f409459f,46,"[1, 0]",0,1,1,,0.5,2
5393,9c159008-8222-11f1-b0da-2389f409459f,46,"[1, 0]",1,0,0,,0.5,2
5394,9c159008-8222-11f1-b0da-2389f409459f,47,"[0, 0]",0,0,0,,0.5,2
5395,9c159008-8222-11f1-b0da-2389f409459f,47,"[0, 0]",1,0,0,,0.5,2
5396,9c159008-8222-11f1-b0da-2389f409459f,48,"[1, 0]",0,1,1,,0.5,2
5397,9c159008-8222-11f1-b0da-2389f409459f,48,"[1, 0]",1,0,0,,0.5,2
5398,9c159008-8222-11f1-b0da-2389f409459f,49,"[1, 0]",0,1,1,,0.5,2
5399,9c159008-8222-11f1-b0da-2389f409459f,49,"[1, 0]",1,0,0,,0.5,2
5400,9c16f4f2-8222-11f1-b0da-2389f409459f,0,"[1, 1]",0,1,-1,,0.5,2
5401,9c16f4f2-8222-11f1-b0da-2389f409459f,0,"[1, 1]",1,1,-1,,0.5,2
5402,9c16f4f2-8222-11f1-b0da-2389f409459f,1,"[0, 0]",0,0,0,,0.5,2
5403,9c16f4f2-8222-11f1-b0da-2389f409459f,1,"[0, 0]",1,0,0,,0.5,2
5404,9c16f4f2-8222-11f1-b0da-2389f409459f,2,"[1, 0]",0,1,1,,0.5,2
5405,9c16f4f2-8222-11f1-b0da-2389f409459f,2,"[1, 0]",1,0,0,,0.5,2
5406,9c16f4f2-8222-11f1-b0da-2389f409459f,3,"[1, 0]",0,1,1,,0.5,2
5407,9c16f4f2-8222-11f1-b0da-2389f409459f,3,"[1, 0]",1,0,0,,0.5,2
5408,9c16f4f2-8222-11f1-b0da-2389f409459f,4,"[1, 0]",0,1,1,,0.5,2
5409,9c16f4f2-8222-11f1-b0da-2389f409459f,4,"[1, 0]",1,0,0,,0.5,2
5410,9c16f4f2-8222-11f1-b0da-2389f409459f,5,"[1, 0]",0,1,1,,0.5,2
5411,9c16f4f2-8222-11f1-b0da-2389f409459f,5,"[1, 0]",1,0,0,,0.5,2
5412,9c16f4f2-8222-11f1-b0da-2389f409459f,6,"[0, 0]",0,0,0,,0.5,2
5413,9c16f4f2-8222-11f1-b0da-2389f409459f,6,"[0, 0]",1,0,0,,0.5,2
5414,9c16f4f2-8222-11f1-b0da-2389f409459f,7,"[1, 0]",0,1,1,,0.5,2
5415,9c16f4f2-8222-11f1-b0da-2389f409459f,7,"[1, 0]",1,0,0,,0.5,2
5416,9c16f4f2-8222-11f1-b0da-2389f409459f,8,"[1, 0]",0,1,1,,0.5,2
5417,9c16f4f2-8222-11f1-b0da-2389f409459f,8,"[1, 0]",1,0,0,,0.5,2
5418,9c16f4f2-8222-11f1-b0da-2389f409459f,9,"[1, 1]",0,1,-1,,0.5,2
5419,9c16f4f2-8222-11f1-b0da-2389f409459f,9,"[1, 1]",1,1,-1,,0.5,2
5420,9c16f4f2-8222-11f1-b0da-2389f409459f,10,"[1, 0]",0,1,1,,0.5,2
5421,9c16f4f2-8222-11f1-b0da-2389f409459f,10,"[1, 0]",1,0,0,,0.5,2
5422,9c16f4f2-8222-11f1-b0da-2389f409459f,11,"[1, 0]",0,1,1,,0.5,2
5423,9c16f4f2-8222-11f1-b0da-2389f409459f,11,"[1, 0]",1,0,0,,0.5,2
5424,9c16f4f2-8222-11f1-b0da-2389f409459f,12,"[1, 1]",0,1,-1,,0.5,2
5425,9c16f4f2-8222-11f1-b0da-2389f409459f,12,"[1, 1]",1,1,-1,,0.5,2
5426,9c16f4f2-8222-11f1-b0da-2389f409459f,13,"[1, 1]",0,1,-1,,0.5,2
5427,9c16f4f2-8222-11f1-b0da-2389f409459f,13,"[1, 1]",1,1,-1,,0.5,2
5428,9c16f4f2-8222-11f1-b0da-2389f409459f,14,"[1, 1]",0,1,-1,,0.5,2
5429,9c16f4f2-8222-11f1-b0da-2389f409459f,14,"[1, 1]",1,1,-1,,0.5,2
5430,9c16f4f2-8222-11f1-b0da-2389f409459f,15,"[1, 0]",0,1,1,,0.5,2
5431,9c16f4f2-8222-11f1-b0da-2389f409459f,15,"[1, 0]",1,0,0,,0.5,2
5432,9c16f4f2-8222-11f1-b0da-2389f409459f,16,"[1, 0]",0,1,1,,0.5,2
5433,9c16f4f2-8222-11f1-b0da-2389f409459f,16,"[1, 0]",1,0,0,,0.5,2
5434,9c16f4f2-8222-11f1-b0da-2389f409459f,17,"[1, 0]",0,1,1,,0.5,2
5435,9c16f4f2-8222-11f1-b0da-2389f409459f,17,"[1, 0]",1,0,0,,0.5,2
5436,9c16f4f2-8222-11f1-b0da-2389f409459f,18,"[1, 0]",0,1,1,,0.5,2
5437,9c16f4f2-8222-11f1-b0da-2389f409459f,18,"[1, 0]",1,0,0,,0.5,2
5438,9c16f4f2-8222-11f1-b0da-2389f409459f,19,"[1, 0]",0,1,1,,0.5,2
5439,9c16f4f2-8222-11f1-b0da-2389f409459f,19,"[1, 0]",1,0,0,,0.5,2
5440,9c16f4f2-8222-11f1-b0da-2389f409459f,20,"[1, 0]",0,1,1,,0.5,2
5441,9c16f4f2-8222-11f1-b0da-2389f409459f,20,"[1, 0]",1,0,0,,0.5,2
5442,9c16f4f2-8222-11f1-b0da-2389f409459f,21,"[1, 1]",0,1,-1,,0.5,2
5443,9c16f4f2-8222-11f1-b0da-2389f409459f,21,"[1, 1]",1,1,-1,,0.5,2
5444,9c16f4f2-8222-11f1-b0da-2389f409459f,22,"[1, 1]",0,1,-1,,0.5,2
5445,9c16f4f2-8222-11f1-b0da-2389f409459f,22,"[1, 1]",1,1,-1,,0.5,2
5446,9c16f4f2-8222-11f1-b0da-2389f409459f,23,"[1, 1]",0,1,-1,,0.5,2
5447,9c16f4f2-8222-11f1-b0da-2389f409459f,23,"[1, 1]",1,1,-1,,0.5,2
5448,9c16f4f2-8222-11f1-b0da-2389f409459f,24,"[0, 0]",0,0,0,,0.5,2
5449,9c16f4f2-8222-11f1-b0da-2389f409459f,24,"[0, 0]",1,0,0,,0.5,2
5450,9c16f4f2-8222-11f1-b0da-2389f409459f,25,"[1, 1]",0,1,-1,,0.5,2
5451,9c16f4f2-8222-11f1-b0da-2389f409459f,25,"[1, 1]",1,1,-1,,0.5,2
5452,9c16f4f2-8222-11f1-b0da-2389f409459f,26,"[1, 0]",0,1,1,,0.5,2
5453,9c16f4f2-8222-11f1-b0da-2389f409459f,26,"[1, 0]",1,0,0,,0.5,2
5454,9c16f4f2-8222-11f1-b0da-2389f409459f,27,"[0, 1]",0,0,0,,0.5,2
5455,9c16f4f2-8222-11f1-b0da-2389f409459f,27,"[0, 1]",1,1,1,,0.5,2
5456,9c16f4f2-8222-11f1-b0da-2389f409459f,28,"[1, 0]",0,1,1,,0.5,2
5457,9c16f4f2-8222-11f1-b0da-2389f409459f,28,"[1, 0]",1,0,0,,0.5,2
5458,9c16f4f2-8222-11f1-b0da-2389f409459f,29,"[1, 0]",0,1,1,,0.5,2
5459,9c16f4f2-8222-11f1-b0da-2389f409459f,29,"[1, 0]",1,0,0,,0.5,2
5460,9c16f4f2-8222-11f1-b0da-2389f409459f,30,"[1, 0]",0,1,1,,0.5,2
5461,9c16f4f2-8222-11f1-b0da-2389f409459f,30,"[1, 0]",1,0,0,,0.5,2
5462,9c16f4f2-8222-11f1-b0da-2389f409459f,31,"[1, 0]",0,1,1,,0.5,2
5463,9c16f4f2-8222-11f1-b0da-2389f409459f,31,"[1, 0]",1,0,0,,0.5,2
5464,9c16f4f2-8222-11f1-b0da-2389f409459f,32,"[1, 0]",0,1,1,,0.5,2
5465,9c16f4f2-8222-11f1-b0da-2389f409459f,32,"[1, 0]",1,0,0,,0.5,2
5466,9c16f4f2-8222-11f1-b0da-2389f409459f,33,"[1, 0]",0,1,1,,0.5,2
5467,9c16f4f2-8222-11f1-b0da-2389f409459f,33,"[1, 0]",1,0,0,,0.5,2
5468,9c16f4f2-8222-11f1-b0da-2389f409459f,34,"[1, 0]",0,1,1,,0.5,2
5469,9c16f4f2-8222-11f1-b0da-2389f409459f,34,"[1, 0]",1,0,0,,0.5,2
5470,9c16f4f2-8222-11f1-b0da-2389f409459f,35,"[1, 1]",0,1,-1,,0.5,2
5471,9c16f4f2-8222-11f1-b0da-2389f409459f,35,"[1, 1]",1,1,-1,,0.5,2
5472,9c16f4f2-8222-11f1-b0da-2389f409459f,36,"[1, 0]",0,1,1,,0.5,2
5473,9c16f4f2-8222-11f1-b0da-2389f409459f,36,"[1, 0]",1,0,0,,0.5,2
5474,9c16f4f2-8222-11f1-b0da-2389f409459f,37,"[1, 1]",0,1,-1,,0.5,2
5475,9c16f4f2-8222-11f1-b0da-2389f409459f,37,"[1, 1]",1,1,-1,,0.5,2
5476,9c16f4f2-8222-11f1-b0da-2389f409459f,38,"[1, 0]",0,1,1,,0.5,2
5477,9c16f4f2-8222-11f1-b0da-2389f409459f,38,"[1, 0]",1,0,0,,0.5,2
5478,9c16f4f2-8222-11f1-b0da-2389f409459f,39,"[1, 1]",0,1,-1,,0.5,2
5479,9c16f4f2-8222-11f1-b0da-2389f409459f,39,"[1, 1]",1,1,-1,,0.5,2
5480,9c16f4f2-8222-11f1-b0da-2389f409459f,40,"[1, 0]",0,1,1,,0.5,2
5481,9c16f4f2-8222-11f1-b0da-2389f409459f,40,"[1, 0]",1,0,0,,0.5,2
5482,9c16f4f2-8222-11f1-b0da-2389f409459f,41,"[1, 0]",0,1,1,,0.5,2
5483,9c16f4f2-8222-11f1-b0da-2389f409459f,41,"[1, 0]",1,0,0,,0.5,2
5484,9c16f4f2-8222-11f1-b0da-2389f409459f,42,"[1, 1]",0,1,-1,,0.5,2
5485,9c16f4f2-8222-11f1-b0da-2389f409459f,42,"[1, 1]",1,1,-1,,0.5,2
5486,9c16f4f2-8222-11f1-b0da-2389f409459f,43,"[1, 1]",0,1,-1,,0.5,2
5487,9c16f4f2-8222-11f1-b0da-2389f409459f,43,"[1, 1]",1,1,-1,,0.5,2
5488,9c16f4f2-8222-11f1-b0da-2389f409459f,44,"[1, 0]",0,1,1,,0.5,2
5489,9c16f4f2-8222-11f1-b0da-2389f409459f,44,"[1, 0]",1,0,0,,0.5,2
5490,9c16f4f2-8222-11f1-b0da-2389f409459f,45,"[1, 1]",0,1,-1,,0.5,2
5491,9c16f4f2-8222-11f1-b0da-2389f409459f,45,"[1, 1]",1,1,-1,,0.5,2
5492,9c16f4f2-8222-11f1-b0da-2389f409459f,46,"[1, 0]",0,1,1,,0.5,2
5493,9c16f4f2-8222-11f1-b0da-2389f409459f,46,"[1, 0]",1,0,0,,0.5,2
5494,9c16f4f2-8222-11f1-b0da-2389f409459f,47,"[1, 0]",0,1,1,,0.5,2
5495,9c16f4f2-8222-11f1-b0da-2389f409459f,47,"[1, 0]",1,0,0,,0.5,2
5496,9c16f4f2-8222-11f1-b0da-2389f409459f,48,"[1, 0]",0,1,1,,0.5,2
5497,9c16f4f2-8222-11f1-b0da-2389f409459f,48,"[1, 0]",1,0,0,,0.5,2
5498,9c16f4f2-8222-11f1-b0da-2389f409459f,49,"[1, 1]",0,1,-1,,0.5,2
5499,9c16f4f2-8222-11f1-b0da-2389f409459f,49,"[1, 1]",1,1,-1,,0.5,2
5500,9c1864b8-8222-11f1-b0da-2389f409459f,0,"[0, 1]",0,0,0,,0.5,2
5501,9c1864b8-8222-11f1-b0da-2389f409459f,0,"[0, 1]",1,1,1,,0.5,2
5502,9c1864b8-8222-11f1-b0da-2389f409459f,1,"[1, 0]",0,1,1,,0.5,2
5503,9c1864b8-8222-11f1-b0da-2389f409459f,1,"[1, 0]",1,0,0,,0.5,2
5504,9c1864b8-8222-11f1-b0da-2389f409459f,2,"[0, 0]",0,0,0,,0.5,2
5505,9c1864b8-8222-11f1-b0da-2389f409459f,2,"[0, 0]",1,0,0,,0.5,2
5506,9c1864b8-8222-11f1-b0da-2389f409459f,3,"[0, 1]",0,0,0,,0.5,2
5507,9c1864b8-8222-11f1-b0da-2389f409459f,3,"[0, 1]",1,1,1,,0.5,2
5508,9c1864b8-8222-11f1-b0da-2389f409459f,4,"[1, 0]",0,1,1,,0.5,2
5509,9c1864b8-8222-11f1-b0da-2389f409459f,4,"[1, 0]",1,0,0,,0.5,2
5510,9c1864b8-8222-11f1-b0da-2389f409459f,5,"[1, 1]",0,1,-1,,0.5,2
5511,9c1864b8-8222-11f1-b0da-2389f409459f,5,"[1, 1]",1,1,-1,,0.5,2
5512,9c1864b8-8222-11f1-b0da-2389f409459f,6,"[0, 0]",0,0,0,,0.5,2
5513,9c1864b8-8222-11f1-b0da-2389f409459f,6,"[0, 0]",1,0,0,,0.5,2
5514,9c1864b8-8222-11f1-b0da-2389f409459f,7,"[0, 0]",0,0,0,,0.5,2
5515,9c1864b8-8222-11f1-b0da-2389f409459f,7,"[0, 0]",1,0,0,,0.5,2
5516,9c1864b8-8222-11f1-b0da-2389f409459f,8,"[0, 0]",0,0,0,,0.5,2
5517,9c1864b8-8222-11f1-b0da-2389f409459f,8,"[0, 0]",1,0,0,,0.5,2
5518,9c1864b8-8222-11f1-b0da-2389f409459f,9,"[1, 1]",0,1,-1,,0.5,2
5519,9c1864b8-8222-11f1-b0da-2389f409459f,9,"[1, 1]",1,1,-1,,0.5,2
5520,9c1864b8-8222-11f1-b0da-2389f409459f,10,"[0, 0]",0,0,0,,0.5,2
5521,9c1864b8-8222-11f1-b0da-2389f409459f,10,"[0, 0]",1,0,0,,0.5,2
5522,9c1864b8-8222-11f1-b0da-2389f409459f,11,"[1, 1]",0,1,-1,,0.5,2
5523,9c1864b8-8222-11f1-b0da-2389f409459f,11,"[1, 1]",1,1,-1,,0.5,2
5524,9c1864b8-8222-11f1-b0da-2389f409459f,12,"[0, 0]",0,0,0,,0.5,2
5525,9c1864b8-8222-11f1-b0da-2389f409459f,12,"[0, 0]",1,0,0,,0.5,2
5526,9c1864b8-8222-11f1-b0da-2389f409459f,13,"[0, 1]",0,0,0,,0.5,2
5527,9c1864b8-8222-11f1-b0da-2389f409459f,13,"[0, 1]",1,1,1,,0.5,2
5528,9c1864b8-8222-11f1-b0da-2389f409459f,14,"[1, 0]",0,1,1,,0.5,2
5529,9c1864b8-8222-11f1-b0da-2389f409459f,14,"[1, 0]",1,0,0,,0.5,2
5530,9c1864b8-8222-11f1-b0da-2389f409459f,15,"[0, 1]",0,0,0,,0.5,2
5531,9c1864b8-8222-11f1-b0da-2389f409459f,15,"[0, 1]",1,1,1,,0.5,2
5532,9c1864b8-8222-11f1-b0da-2389f409459f,16,"[0, 0]",0,0,0,,0.5,2
5533,9c1864b8-8222-11f1-b0da-2389f409459f,16,"[0, 0]",1,0,0,,0.5,2
5534,9c1864b8-8222-11f1-b0da-2389f409459f,17,"[0, 0]",0,0,0,,0.5,2
5535,9c1864b8-8222-11f1-b0da-2389f409459f,17,"[0, 0]",1,0,0,,0.5,2
5536,9c1864b8-8222-11f1-b0da-2389f409459f,18,"[1, 0]",0,1,1,,0.5,2
5537,9c1864b8-8222-11f1-b0da-2389f409459f,18,"[1, 0]",1,0,0,,0.5,2
5538,9c1864b8-8222-11f1-b0da-2389f409459f,19,"[0, 1]",0,0,0,,0.5,2
5539,9c1864b8-8222-11f1-b0da-2389f409459f,19,"[0, 1]",1,1,1,,0.5,2
5540,9c1864b8-8222-11f1-b0da-2389f409459f,20,"[0, 1]",0,0,0,,0.5,2
5541,9c1864b8-8222-11f1-b0da-2389f409459f,20,"[0, 1]",1,1,1,,0.5,2
5542,9c1864b8-8222-11f1-b0da-2389f409459f,21,"[1, 0]",0,1,1,,0.5,2
5543,9c1864b8-8222-11f1-b0da-2389f409459f,21,"[1, 0]",1,0,0,,0.5,2
5544,9c1864b8-8222-11f1-b0da-2389f409459f,22,"[0, 1]",0,0,0,,0.5,2
5545,9c1864b8-8222-11f1-b0da-2389f409459f,22,"[0, 1]",1,1,1,,0.5,2
5546,9c1864b8-8222-11f1-b0da-2389f409459f,23,"[0, 1]",0,0,0,,0.5,2
5547,9c1864b8-8222-11f1-b0da-2389f409459f,23,"[0, 1]",1,1,1,,0.5,2
5548,9c1864b8-8222-11f1-b0da-2389f409459f,24,"[1, 0]",0,1,1,,0.5,2
5549,9c1864b8-8222-11f1-b0da-2389f409459f,24,"[1, 0]",1,0,0,,0.5,2
5550,9c1864b8-8222-11f1-b0da-2389f409459f,25,"[0, 0]",0,0,0,,0.5,2
5551,9c1864b8-8222-11f1-b0da-2389f409459f,25,"[0, 0]",1,0,0,,0.5,2
5552,9c1864b8-8222-11f1-b0da-2389f409459f,26,"[0, 1]",0,0,0,,0.5,2
5553,9c1864b8-8222-11f1-b0da-2389f409459f,26,"[0, 1]",1,1,1,,0.5,2
5554,9c1864b8-8222-11f1-b0da-2389f409459f,27,"[1, 0]",0,1,1,,0.5,2
5555,9c1864b8-8222-11f1-b0da-2389f409459f,27,"[1, 0]",1,0,0,,0.5,2
5556,9c1864b8-8222-11f1-b0da-2389f409459f,28,"[1, 1]",0,1,-1,,0.5,2
5557,9c1864b8-8222-11f1-b0da-2389f409459f,28,"[1, 1]",1,1,-1,,0.5,2
5558,9c1864b8-8222-11f1-b0da-2389f409459f,29,"[0, 1]",0,0,0,,0.5,2
5559,9c1864b8-8222-11f1-b0da-2389f409459f,29,"[0, 1]",1,1,1,,0.5,2
5560,9c1864b8-8222-11f1-b0da-2389f409459f,30,"[1, 0]",0,1,1,,0.5,2
5561,9c1864b8-8222-11f1-b0da-2389f409459f,30,"[1, 0]",1,0,0,,0.5,2
5562,9c1864b8-8222-11f1-b0da-2389f409459f,31,"[1, 0]",0,1,1,,0.5,2
5563,9c1864b8-8222-11f1-b0da-2389f409459f,31,"[1, 0]",1,0,0,,0.5,2
5564,9c1864b8-8222-11f1-b0da-2389f409459f,32,"[1, 1]",0,1,-1,,0.5,2
5565,9c1864b8-8222-11f1-b0da-2389f409459f,32,"[1, 1]",1,1,-1,,0.5,2
5566,9c1864b8-8222-11f1-b0da-2389f409459f,33,"[1, 1]",0,1,-1,,0.5,2
5567,9c1864b8-8222-11f1-b0da-2389f409459f,33,"[1, 1]",1,1,-1,,0.5,2
5568,9c1864b8-8222-11f1-b0da-2389f409459f,34,"[0, 1]",0,0,0,,0.5,2
5569,9c1864b8-8222-11f1-b0da-2389f409459f,34,"[0, 1]",1,1,1,,0.5,2
5570,9c1864b8-8222-11f1-b0da-2389f409459f,35,"[1, 0]",0,1,1,,0.5,2
5571,9c1864b8-8222-11f1-b0da-2389f409459f,35,"[1, 0]",1,0,0,,0.5,2
5572,9c1864b8-8222-11f1-b0da-2389f409459f,36,"[0, 0]",0,0,0,,0.5,2
5573,9c1864b8-8222-11f1-b0da-2389f409459f,36,"[0, 0]",1,0,0,,0.5,2
5574,9c1864b8-8222-11f1-b0da-2389f409459f,37,"[1, 0]",0,1,1,,0.5,2
5575,9c1864b8-8222-11f1-b0da-2389f409459f,37,"[1, 0]",1,0,0,,0.5,2
5576,9c1864b8-8222-11f1-b0da-2389f409459f,38,"[0, 1]",0,0,0,,0.5,2
5577,9c1864b8-8222-11f1-b0da-2389f409459f,38,"[0, 1]",1,1,1,,0.5,2
5578,9c1864b8-8222-11f1-b0da-2389f409459f,39,"[1, 0]",0,1,1,,0.5,2
5579,9c1864b8-8222-11f1-b0da-2389f409459f,39,"[1, 0]",1,0,0,,0.5,2
5580,9c1864b8-8222-11f1-b0da-2389f409459f,40,"[1, 1]",0,1,-1,,0.5,2
5581,9c1864b8-8222-11f1-b0da-2389f409459f,40,"[1, 1]",1,1,-1,,0.5,2
5582,9c1864b8-8222-11f1-b0da-2389f409459f,41,"[0, 1]",0,0,0,,0.5,2
5583,9c1864b8-8222-11f1-b0da-2389f409459f,41,"[0, 1]",1,1,1,,0.5,2
5584,9c1864b8-8222-11f1-b0da-2389f409459f,42,"[1, 0]",0,1,1,,0.5,2
5585,9c1864b8-8222-11f1-b0da-2389f409459f,42,"[1, 0]",1,0,0,,0.5,2
5586,9c1864b8-8222-11f1-b0da-2389f409459f,43,"[1, 1]",0,1,-1,,0.5,2
5587,9c1864b8-8222-11f1-b0da-2389f409459f,43,"[1, 1]",1,1,-1,,0.5,2
5588,9c1864b8-8222-11f1-b0da-2389f409459f,44,"[1, 1]",0,1,-1,,0.5,2
5589,9c1864b8-8222-11f1-b0da-2389f409459f,44,"[1, 1]",1,1,-1,,0.5,2
5590,9c1864b8-8222-11f1-b0da-2389f409459f,45,"[1, 1]",0,1,-1,,0.5,2
5591,9c1864b8-8222-11f1-b0da-2389f409459f,45,"[1, 1]",1,1,-1,,0.5,2
5592,9c1864b8-8222-11f1-b0da-2389f409459f,46,"[0, 1]",0,0,0,,0.5,2
5593,9c1864b8-8222-11f1-b0da-2389f409459f,46,"[0, 1]",1,1,1,,0.5,2
5594,9c1864b8-8222-11f1-b0da-2389f409459f,47,"[0, 0]",0,0,0,,0.5,2
5595,9c1864b8-8222-11f1-b0da-2389f409459f,47,"[0, 0]",1,0,0,,0.5,2
5596,9c1864b8-8222-11f1-b0da-2389f409459f,48,"[0, 1]",0,0,0,,0.5,2
5597,9c1864b8-8222-11f1-b0da-2389f409459f,48,"[0, 1]",1,1,1,,0.5,2
5598,9c1864b8-8222-11f1-b0da-2389f409459f,49,"[1, 0]",0,1,1,,0.5,2
5599,9c1864b8-8222-11f1-b0da-2389f409459f,49,"[1, 0]",1,0,0,,0.5,2
5600,9c19d6c2-8222-11f1-b0da-2389f409459f,0,"[1, 0]",0,1,1,,0.5,2
5601,9c19d6c2-8222-11f1-b0da-2389f409459f,0,"[1, 0]",1,0,0,,0.5,2
5602,9c19d6c2-8222-11f1-b0da-2389f409459f,1,"[0, 0]",0,0,0,,0.5,2
5603,9c19d6c2-8222-11f1-b0da-2389f409459f,1,"[0, 0]",1,0,0,,0.5,2
5604,9c19d6c2-8222-11f1-b0da-2389f409459f,2,"[0, 0]",0,0,0,,0.5,2
5605,9c19d6c2-8222-11f1-b0da-2389f409459f,2,"[0, 0]",1,0,0,,0.5,2
5606,9c19d6c2-8222-11f1-b0da-2389f409459f,3,"[0, 0]",0,0,0,,0.5,2
5607,9c19d6c2-8222-11f1-b0da-2389f409459f,3,"[0, 0]",1,0,0,,0.5,2
5608,9c19d6c2-8222-11f1-b0da-2389f409459f,4,"[0, 1]",0,0,0,,0.5,2
5609,9c19d6c2-8222-11f1-b0da-2389f409459f,4,"[0, 1]",1,1,1,,0.5,2
5610,9c19d6c2-8222-11f1-b0da-2389f409459f,5,"[1, 0]",0,1,1,,0.5,2
5611,9c19d6c2-8222-11f1-b0da-2389f409459f,5,"[1, 0]",1,0,0,,0.5,2
5612,9c19d6c2-8222-11f1-b0da-2389f409459f,6,"[0, 1]",0,0,0,,0.5,2
5613,9c19d6c2-8222-11f1-b0da-2389f409459f,6,"[0, 1]",1,1,1,,0.5,2
5614,9c19d6c2-8222-11f1-b0da-2389f409459f,7,"[0, 0]",0,0,0,,0.5,2
5615,9c19d6c2-8222-11f1-b0da-2389f409459f,7,"[0, 0]",1,0,0,,0.5,2
5616,9c19d6c2-8222-11f1-b0da-2389f409459f,8,"[1, 0]",0,1,1,,0.5,2
5617,9c19d6c2-8222-11f1-b0da-2389f409459f,8,"[1, 0]",1,0,0,,0.5,2
5618,9c19d6c2-8222-11f1-b0da-2389f409459f,9,"[0, 0]",0,0,0,,0.5,2
5619,9c19d6c2-8222-11f1-b0da-2389f409459f,9,"[0, 0]",1,0,0,,0.5,2
5620,9c19d6c2-8222-11f1-b0da-2389f409459f,10,"[1, 0]",0,1,1,,0.5,2
5621,9c19d6c2-8222-11f1-b0da-2389f409459f,10,"[1, 0]",1,0,0,,0.5,2
5622,9c19d6c2-8222-11f1-b0da-2389f409459f,11,"[0, 1]",0,0,0,,0.5,2
5623,9c19d6c2-8222-11f1-b0da-2389f409459f,11,"[0, 1]",1,1,1,,0.5,2
5624,9c19d6c2-8222-11f1-b0da-2389f409459f,12,"[1, 0]",0,1,1,,0.5,2
5625,9c19d6c2-8222-11f1-b0da-2389f409459f,12,"[1, 0]",1,0,0,,0.5,2
5626,9c19d6c2-8222-11f1-b0da-2389f409459f,13,"[0, 1]",0,0,0,,0.5,2
5627,9c19d6c2-8222-11f1-b0da-2389f409459f,13,"[0, 1]",1,1,1,,0.5,2
5628,9c19d6c2-8222-11f1-b0da-2389f409459f,14,"[1, 1]",0,1,-1,,0.5,2
5629,9c19d6c2-8222-11f1-b0da-2389f409459f,14,"[1, 1]",1,1,-1,,0.5,2
5630,9c19d6c2-8222-11f1-b0da-2389f409459f,15,"[0, 1]",0,0,0,,0.5,2
5631,9c19d6c2-8222-11f1-b0da-2389f409459f,15,"[0, 1]",1,1,1,,0.5,2
5632,9c19d6c2-8222-11f1-b0da-2389f409459f,16,"[1, 1]",0,1,-1,,0.5,2
5633,9c19d6c2-8222-11f1-b0da-2389f409459f,16,"[1, 1]",1,1,-1,,0.5,2
5634,9c19d6c2-8222-11f1-b0da-2389f409459f,17,"[1, 0]",0,1,1,,0.5,2
5635,9c19d6c2-8222-11f1-b0da-2389f409459f,17,"[1, 0]",1,0,0,,0.5,2
5636,9c19d6c2-8222-11f1-b0da-2389f409459f,18,"[0, 0]",0,0,0,,0.5,2
5637,9c19d6c2-8222-11f1-b0da-2389f409459f,18,"[0, 0]",1,0,0,,0.5,2
5638,9c19d6c2-8222-11f1-b0da-2389f409459f,19,"[0, 1]",0,0,0,,0.5,2
5639,9c19d6c2-8222-11f1-b0da-2389f409459f,19,"[0, 1]",1,1,1,,0.5,2
5640,9c19d6c2-8222-11f1-b0da-2389f409459f,20,"[1, 1]",0,1,-1,,0.5,2
5641,9c19d6c2-8222-11f1-b0da-2389f409459f,20,"[1, 1]",1,1,-1,,0.5,2
5642,9c19d6c2-8222-11f1-b0da-2389f409459f,21,"[1, 0]",0,1,1,,0.5,2
5643,9c19d6c2-8222-11f1-b0da-2389f409459f,21,"[1, 0]",1,0,0,,0.5,2
5644,9c19d6c2-8222-11f1-b0da-2389f409459f,22,"[0, 1]",0,0,0,,0.5,2
5645,9c19d6c2-8222-11f1-b0da-2389f409459f,22,"[0, 1]",1,1,1,,0.5,2
5646,9c19d6c2-8222-11f1-b0da-2389f409459f,23,"[1, 1]",0,1,-1,,0.5,2
5647,9c19d6c2-8222-11f1-b0da-2389f409459f,23,"[1, 1]",1,1,-1,,0.5,2
5648,9c19d6c2-8222-11f1-b0da-2389f409459f,24,"[1, 0]",0,1,1,,0.5,2
5649,9c19d6c2-8222-11f1-b0da-2389f409459f,24,"[1, 0]",1,0,0,,0.5,2
5650,9c19d6c2-8222-11f1-b0da-2389f409459f,25,"[0, 1]",0,0,0,,0.5,2
5651,9c19d6c2-8222-11f1-b0da-2389f409459f,25,"[0, 1]",1,1,1,,0.5,2
5652,9c19d6c2-8222-11f1-b0da-2389f409459f,26,"[1, 0]",0,1,1,,0.5,2
5653,9c19d6c2-8222-11f1-b0da-2389f409459f,26,"[1, 0]",1,0,0,,0.5,2
5654,9c19d6c2-8222-11f1-b0da-2389f409459f,27,"[0, 1]",0,0,0,,0.5,2
5655,9c19d6c2-8222-11f1-b0da-2389f409459f,27,"[0, 1]",1,1,1,,0.5,2
5656,9c19d6c2-8222-11f1-b0da-2389f409459f,28,"[1, 0]",0,1,1,,0.5,2
5657,9c19d6c2-8222-11f1-b0da-2389f409459f,28,"[1, 0]",1,0,0,,0.5,2
5658,9c19d6c2-8222-11f1-b0da-2389f409459f,29,"[0, 1]",0,0,0,,0.5,2
5659,9c19d6c2-8222-11f1-b0da-2389f409459f,29,"[0, 1]",1,1,1,,0.5,2
5660,9c19d6c2-8222-11f1-b0da-2389f409459f,30,"[1, 0]",0,1,1,,0.5,2
5661,9c19d6c2-8222-11f1-b0da-2389f409459f,30,"[1, 0]",1,0,0,,0.5,2
5662,9c19d6c2-8222-11f1-b0da-2389f409459f,31,"[1, 1]",0,1,-1,,0.5,2
5663,9c19d6c2-8222-11f1-b0da-2389f409459f,31,"[1, 1]",1,1,-1,,0.5,2
5664,9c19d6c2-8222-11f1-b0da-2389f409459f,32,"[1, 0]",0,1,1,,0.5,2
5665,9c19d6c2-8222-11f1-b0da-2389f409459f,32,"[1, 0]",1,0,0,,0.5,2
5666,9c19d6c2-8222-11f1-b0da-2389f409459f,33,"[0, 0]",0,0,0,,0.5,2
5667,9c19d6c2-8222-11f1-b0da-2389f409459f,33,"[0, 0]",1,0,0,,0.5,2
5668,9c19d6c2-8222-11f1-b0da-2389f409459f,34,"[0, 0]",0,0,0,,0.5,2
5669,9c19d6c2-8222-11f1-b0da-2389f409459f,34,"[0, 0]",1,0,0,,0.5,2
5670,9c19d6c2-8222-11f1-b0da-2389f409459f,35,"[1, 0]",0,1,1,,0.5,2
5671,9c19d6c2-8222-11f1-b0da-2389f409459f,35,"[1, 0]",1,0,0,,0.5,2
5672,9c19d6c2-8222-11f1-b0da-2389f409459f,36,"[0, 1]",0,0,0,,0.5,2
5673,9c19d6c2-8222-11f1-b0da-2389f409459f,36,"[0, 1]",1,1,1,,0.5,2
5674,9c19d6c2-8222-11f1-b0da-2389f409459f,37,"[1, 0]",0,1,1,,0.5,2
5675,9c19d6c2-8222-11f1-b0da-2389f409459f,37,"[1, 0]",1,0,0,,0.5,2
5676,9c19d6c2-8222-11f1-b0da-2389f409459f,38,"[0, 1]",0,0,0,,0.5,2
5677,9c19d6c2-8222-11f1-b0da-2389f409459f,38,"[0, 1]",1,1,1,,0.5,2
5678,9c19d6c2-8222-11f1-b0da-2389f409459f,39,"[1, 0]",0,1,1,,0.5,2
5679,9c19d6c2-8222-11f1-b0da-2389f409459f,39,"[1, 0]",1,0,0,,0.5,2
5680,9c19d6c2-8222-11f1-b0da-2389f409459f,40,"[0, 0]",0,0,0,,0.5,2
5681,9c19d6c2-8222-11f1-b0da-2389f409459f,40,"[0, 0]",1,0,0,,0.5,2
5682,9c19d6c2-8222-11f1-b0da-2389f409459f,41,"[0, 0]",0,0,0,,0.5,2
5683,9c19d6c2-8222-11f1-b0da-2389f409459f,41,"[0, 0]",1,0,0,,0.5,2
5684,9c19d6c2-8222-11f1-b0da-2389f409459f,42,"[0, 0]",0,0,0,,0.5,2
5685,9c19d6c2-8222-11f1-b0da-2389f409459f,42,"[0, 0]",1,0,0,,0.5,2
5686,9c19d6c2-8222-11f1-b0da-2389f409459f,43,"[1, 0]",0,1,1,,0.5,2
5687,9c19d6c2-8222-11f1-b0da-2389f409459f,43,"[1, 0]",1,0,0,,0.5,2
5688,9c19d6c2-8222-11f1-b0da-2389f409459f,44,"[1, 1]",0,1,-1,,0.5,2
5689,9c19d6c2-8222-11f1-b0da-2389f409459f,44,"[1, 1]",1,1,-1,,0.5,2
5690,9c19d6c2-8222-11f1-b0da-2389f409459f,45,"[0, 0]",0,0,0,,0.5,2
5691,9c19d6c2-8222-11f1-b0da-2389f409459f,45,"[0, 0]",1,0,0,,0.5,2
5692,9c19d6c2-8222-11f1-b0da-2389f409459f,46,"[0, 0]",0,0,0,,0.5,2
5693,9c19d6c2-8222-11f1-b0da-2389f409459f,46,"[0, 0]",1,0,0,,0.5,2
5694,9c19d6c2-8222-11f1-b0da-2389f409459f,47,"[0, 0]",0,0,0,,0.5,2
5695,9c19d6c2-8222-11f1-b0da-2389f409459f,47,"[0, 0]",1,0,0,,0.5,2
5696,9c19d6c2-8222-11f1-b0da-2389f409459f,48,"[0, 1]",0,0,0,,0.5,2
5697,9c19d6c2-8222-11f1-b0da-2389f409459f,48,"[0, 1]",1,1,1,,0.5,2
5698,9c19d6c2-8222-11f1-b0da-2389f409459f,49,"[1, 0]",0,1,1,,0.5,2
5699,9c19d6c2-8222-11f1-b0da-2389f409459f,49,"[1, 0]",1,0,0,,0.5,2
5700,9c1b5a74-8222-11f1-b0da-2389f409459f,0,"[0, 0]",0,0,0,,0.5,2
5701,9c1b5a74-8222-11f1-b0da-2389f409459f,0,"[0, 0]",1,0,0,,0.5,2
5702,9c1b5a74-8222-11f1-b0da-2389f409459f,1,"[0, 0]",0,0,0,,0.5,2
5703,9c1b5a74-8222-11f1-b0da-2389f409459f,1,"[0, 0]",1,0,0,,0.5,2
5704,9c1b5a74-8222-11f1-b0da-2389f409459f,2,"[1, 0]",0,1,1,,0.5,2
5705,9c1b5a74-8222-11f1-b0da-2389f409459f,2,"[1, 0]",1,0,0,,0.5,2
5706,9c1b5a74-8222-11f1-b0da-2389f409459f,3,"[1, 1]",0,1,-1,,0.5,2
5707,9c1b5a74-8222-11f1-b0da-2389f409459f,3,"[1, 1]",1,1,-1,,0.5,2
5708,9c1b5a74-8222-11f1-b0da-2389f409459f,4,"[0, 1]",0,0,0,,0.5,2
5709,9c1b5a74-8222-11f1-b0da-2389f409459f,4,"[0, 1]",1,1,1,,0.5,2
5710,9c1b5a74-8222-11f1-b0da-2389f409459f,5,"[1, 1]",0,1,-1,,0.5,2
5711,9c1b5a74-8222-11f1-b0da-2389f409459f,5,"[1, 1]",1,1,-1,,0.5,2
5712,9c1b5a74-8222-11f1-b0da-2389f409459f,6,"[1, 0]",0,1,1,,0.5,2
5713,9c1b5a74-8222-11f1-b0da-2389f409459f,6,"[1, 0]",1,0,0,,0.5,2
5714,9c1b5a74-8222-11f1-b0da-2389f409459f,7,"[1, 0]",0,1,1,,0.5,2
5715,9c1b5a74-8222-11f1-b0da-2389f409459f,7,"[1, 0]",1,0,0,,0.5,2
5716,9c1b5a74-8222-11f1-b0da-2389f409459f,8,"[1, 1]",0,1,-1,,0.5,2
5717,9c1b5a74-8222-11f1-b0da-2389f409459f,8,"[1, 1]",1,1,-1,,0.5,2
5718,9c1b5a74-8222-11f1-b0da-2389f409459f,9,"[0, 1]",0,0,0,,0.5,2
5719,9c1b5a74-8222-11f1-b0da-2389f409459f,9,"[0, 1]",1,1,1,,0.5,2
5720,9c1b5a74-8222-11f1-b0da-2389f409459f,10,"[1, 0]",0,1,1,,0.5,2
5721,9c1b5a74-8222-11f1-b0da-2389f409459f,10,"[1, 0]",1,0,0,,0.5,2
5722,9c1b5a74-8222-11f1-b0da-2389f409459f,11,"[1, 0]",0,1,1,,0.5,2
5723,9c1b5a74-8222-11f1-b0da-2389f409459f,11,"[1, 0]",1,0,0,,0.5,2
5724,9c1b5a74-8222-11f1-b0da-2389f409459f,12,"[0, 0]",0,0,0,,0.5,2
5725,9c1b5a74-8222-11f1-b0da-2389f409459f,12,"[0, 0]",1,0,0,,0.5,2
5726,9c1b5a74-8222-11f1-b0da-2389f409459f,13,"[0, 0]",0,0,0,,0.5,2
5727,9c1b5a74-8222-11f1-b0da-2389f409459f,13,"[0, 0]",1,0,0,,0.5,2
5728,9c1b5a74-8222-11f1-b0da-2389f409459f,14,"[0, 0]",0,0,0,,0.5,2
5729,9c1b5a74-8222-11f1-b0da-2389f409459f,14,"[0, 0]",1,0,0,,0.5,2
5730,9c1b5a74-8222-11f1-b0da-2389f409459f,15,"[1, 0]",0,1,1,,0.5,2
5731,9c1b5a74-8222-11f1-b0da-2389f409459f,15,"[1, 0]",1,0,0,,0.5,2
5732,9c1b5a74-8222-11f1-b0da-2389f409459f,16,"[1, 0]",0,1,1,,0.5,2
5733,9c1b5a74-8222-11f1-b0da-2389f409459f,16,"[1, 0]",1,0,0,,0.5,2
5734,9c1b5a74-8222-11f1-b0da-2389f409459f,17,"[0, 1]",0,0,0,,0.5,2
5735,9c1b5a74-8222-11f1-b0da-2389f409459f,17,"[0, 1]",1,1,1,,0.5,2
5736,9c1b5a74-8222-11f1-b0da-2389f409459f,18,"[1, 0]",0,1,1,,0.5,2
5737,9c1b5a74-8222-11f1-b0da-2389f409459f,18,"[1, 0]",1,0,0,,0.5,2
5738,9c1b5a74-8222-11f1-b0da-2389f409459f,19,"[0, 1]",0,0,0,,0.5,2
5739,9c1b5a74-8222-11f1-b0da-2389f409459f,19,"[0, 1]",1,1,1,,0.5,2
5740,9c1b5a74-8222-11f1-b0da-2389f409459f,20,"[1, 0]",0,1,1,,0.5,2
5741,9c1b5a74-8222-11f1-b0da-2389f409459f,20,"[1, 0]",1,0,0,,0.5,2
5742,9c1b5a74-8222-11f1-b0da-2389f409459f,21,"[1, 1]",0,1,-1,,0.5,2
5743,9c1b5a74-8222-11f1-b0da-2389f409459f,21,"[1, 1]",1,1,-1,,0.5,2
5744,9c1b5a74-8222-11f1-b0da-2389f409459f,22,"[0, 1]",0,0,0,,0.5,2
5745,9c1b5a74-8222-11f1-b0da-2389f409459f,22,"[0, 1]",1,1,1,,0.5,2
5746,9c1b5a74-8222-11f1-b0da-2389f409459f,23,"[0, 0]",0,0,0,,0.5,2
5747,9c1b5a74-8222-11f1-b0da-2389f409459f,23,"[0, 0]",1,0,0,,0.5,2
5748,9c1b5a74-8222-11f1-b0da-2389f409459f,24,"[0, 0]",0,0,0,,0.5,2
5749,9c1b5a74-8222-11f1-b0da-2389f409459f,24,"[0, 0]",1,0,0,,0.5,2
5750,9c1b5a74-8222-11f1-b0da-2389f409459f,25,"[0, 1]",0,0,0,,0.5,2
5751,9c1b5a74-8222-11f1-b0da-2389f409459f,25,"[0, 1]",1,1,1,,0.5,2
5752,9c1b5a74-8222-11f1-b0da-2389f409459f,26,"[1, 1]",0,1,-1,,0.5,2
5753,9c1b5a74-8222-11f1-b0da-2389f409459f,26,"[1, 1]",1,1,-1,,0.5,2
5754,9c1b5a74-8222-11f1-b0da-2389f409459f,27,"[1, 0]",0,1,1,,0.5,2
5755,9c1b5a74-8222-11f1-b0da-2389f409459f,27,"[1, 0]",1,0,0,,0.5,2
5756,9c1b5a74-8222-11f1-b0da-2389f409459f,28,"[1, 0]",0,1,1,,0.5,2
5757,9c1b5a74-8222-11f1-b0da-2389f409459f,28,"[1, 0]",1,0,0,,0.5,2
5758,9c1b5a74-8222-11f1-b0da-2389f409459f,29,"[1, 1]",0,1,-1,,0.5,2
5759,9c1b5a74-8222-11f1-b0da-2389f409459f,29,"[1, 1]",1,1,-1,,0.5,2
5760,9c1b5a74-8222-11f1-b0da-2389f409459f,30,"[0, 0]",0,0,0,,0.5,2
5761,9c1b5a74-8222-11f1-b0da-2389f409459f,30,"[0, 0]",1,0,0,,0.5,2
5762,9c1b5a74-8222-11f1-b0da-2389f409459f,31,"[1, 0]",0,1,1,,0.5,2
5763,9c1b5a74-8222-11f1-b0da-2389f409459f,31,"[1, 0]",1,0,0,,0.5,2
5764,9c1b5a74-8222-11f1-b0da-2389f409459f,32,"[1, 1]",0,1,-1,,0.5,2
5765,9c1b5a74-8222-11f1-b0da-2389f409459f,32,"[1, 1]",1,1,-1,,0.5,2
5766,9c1b5a74-8222-11f1-b0da-2389f409459f,33,"[0, 1]",0,0,0,,0.5,2
5767,9c1b5a74-8222-11f1-b0da-2389f409459f,33,"[0, 1]",1,1,1,,0.5,2
5768,9c1b5a74-8222-11f1-b0da-2389f409459f,34,"[1, 1]",0,1,-1,,0.5,2
5769,9c1b5a74-8222-11f1-b0da-2389f409459f,34,"[1, 1]",1,1,-1,,0.5,2
5770,9c1b5a74-8222-11f1-b0da-2389f409459f,35,"[0, 1]",0,0,0,,0.5,2
5771,9c1b5a74-8222-11f1-b0da-2389f409459f,35,"[0, 1]",1,1,1,,0.5,2
5772,9c1b5a74-8222-11f1-b0da-2389f409459f,36,"[1, 0]",0,1,1,,0.5,2
5773,9c1b5a74-8222-11f1-b0da-2389f409459f,36,"[1, 0]",1,0,0,,0.5,2
5774,9c1b5a74-8222-11f1-b0da-2389f409459f,37,"[1, 0]",0,1,1,,0.5,2
5775,9c1b5a74-8222-11f1-b0da-2389f409459f,37,"[1, 0]",1,0,0,,0.5,2
5776,9c1b5a74-8222-11f1-b0da-2389f409459f,38,"[1, 1]",0,1,-1,,0.5,2
5777,9c1b5a74-8222-11f1-b0da-2389f409459f,38,"[1, 1]",1,1,-1,,0.5,2
5778,9c1b5a74-8222-11f1-b0da-2389f409459f,39,"[0, 0]",0,0,0,,0.5,2
5779,9c1b5a74-8222-11f1-b0da-2389f409459f,39,"[0, 0]",1,0,0,,0.5,2
5780,9c1b5a74-8222-11f1-b0da-2389f409459f,40,"[1, 1]",0,1,-1,,0.5,2
5781,9c1b5a74-8222-11f1-b0da-2389f409459f,40,"[1, 1]",1,1,-1,,0.5,2
5782,9c1b5a74-8222-11f1-b0da-2389f409459f,41,"[0, 1]",0,0,0,,0.5,2
5783,9c1b5a74-8222-11f1-b0da-2389f409459f,41,"[0, 1]",1,1,1,,0.5,2
5784,9c1b5a74-8222-11f1-b0da-2389f409459f,42,"[1, 0]",0,1,1,,0.5,2
5785,9c1b5a74-8222-11f1-b0da-2389f409459f,42,"[1, 0]",1,0,0,,0.5,2
5786,9c1b5a74-8222-11f1-b0da-2389f409459f,43,"[1, 0]",0,1,1,,0.5,2
5787,9c1b5a74-8222-11f1-b0da-2389f409459f,43,"[1, 0]",1,0,0,,0.5,2
5788,9c1b5a74-8222-11f1-b0da-2389f409459f,44,"[1, 0]",0,1,1,,0.5,2
5789,9c1b5a74-8222-11f1-b0da-2389f409459f,44,"[1, 0]",1,0,0,,0.5,2
5790,9c1b5a74-8222-11f1-b0da-2389f409459f,45,"[1, 1]",0,1,-1,,0.5,2
5791,9c1b5a74-8222-11f1-b0da-2389f409459f,45,"[1, 1]",1,1,-1,,0.5,2
5792,9c1b5a74-8222-11f1-b0da-2389f409459f,46,"[0, 0]",0,0,0,,0.5,2
5793,9c1b5a74-8222-11f1-b0da-2389f409459f,46,"[0, 0]",1,0,0,,0.5,2
5794,9c1b5a74-8222-11f1-b0da-2389f409459f,47,"[0, 0]",0,0,0,,0.5,2
5795,9c1b5a74-8222-11f1-b0da-2389f409459f,47,"[0, 0]",1,0,0,,0.5,2
5796,9c1b5a74-8222-11f1-b0da-2389f409459f,48,"[1, 0]",0,1,1,,0.5,2
5797,9c1b5a74-8222-11f1-b0da-2389f409459f,48,"[1, 0]",1,0,0,,0.5,2
5798,9c1b5a74-8222-11f1-b0da-2389f409459f,49,"[1, 1]",0,1,-1,,0.5,2
5799,9c1b5a74-8222-11f1-b0da-2389f409459f,49,"[1, 1]",1,1,-1,,0.5,2
5800,9c1cc88c-8222-11f1-b0da-2389f409459f,0,"[1, 0]",0,1,1,,0.5,2
5801,9c1cc88c-8222-11f1-b0da-2389f409459f,0,"[1, 0]",1,0,0,,0.5,2
5802,9c1cc88c-8222-11f1-b0da-2389f409459f,1,"[1, 1]",0,1,-1,,0.5,2
5803,9c1cc88c-8222-11f1-b0da-2389f409459f,1,"[1, 1]",1,1,-1,,0.5,2
5804,9c1cc88c-8222-11f1-b0da-2389f409459f,2,"[1, 1]",0,1,-1,,0.5,2
5805,9c1cc88c-8222-11f1-b0da-2389f409459f,2,"[1, 1]",1,1,-1,,0.5,2
5806,9c1cc88c-8222-11f1-b0da-2389f409459f,3,"[1, 0]",0,1,1,,0.5,2
5807,9c1cc88c-8222-11f1-b0da-2389f409459f,3,"[1, 0]",1,0,0,,0.5,2
5808,9c1cc88c-8222-11f1-b0da-2389f409459f,4,"[0, 1]",0,0,0,,0.5,2
5809,9c1cc88c-8222-11f1-b0da-2389f409459f,4,"[0, 1]",1,1,1,,0.5,2
5810,9c1cc88c-8222-11f1-b0da-2389f409459f,5,"[1, 1]",0,1,-1,,0.5,2
5811,9c1cc88c-8222-11f1-b0da-2389f409459f,5,"[1, 1]",1,1,-1,,0.5,2
5812,9c1cc88c-8222-11f1-b0da-2389f409459f,6,"[1, 1]",0,1,-1,,0.5,2
5813,9c1cc88c-8222-11f1-b0da-2389f409459f,6,"[1, 1]",1,1,-1,,0.5,2
5814,9c1cc88c-8222-11f1-b0da-2389f409459f,7,"[0, 1]",0,0,0,,0.5,2
5815,9c1cc88c-8222-11f1-b0da-2389f409459f,7,"[0, 1]",1,1,1,,0.5,2
5816,9c1cc88c-8222-11f1-b0da-2389f409459f,8,"[1, 0]",0,1,1,,0.5,2
5817,9c1cc88c-8222-11f1-b0da-2389f409459f,8,"[1, 0]",1,0,0,,0.5,2
5818,9c1cc88c-8222-11f1-b0da-2389f409459f,9,"[1, 1]",0,1,-1,,0.5,2
5819,9c1cc88c-8222-11f1-b0da-2389f409459f,9,"[1, 1]",1,1,-1,,0.5,2
5820,9c1cc88c-8222-11f1-b0da-2389f409459f,10,"[0, 1]",0,0,0,,0.5,2
5821,9c1cc88c-8222-11f1-b0da-2389f409459f,10,"[0, 1]",1,1,1,,0.5,2
5822,9c1cc88c-8222-11f1-b0da-2389f409459f,11,"[1, 0]",0,1,1,,0.5,2
5823,9c1cc88c-8222-11f1-b0da-2389f409459f,11,"[1, 0]",1,0,0,,0.5,2
5824,9c1cc88c-8222-11f1-b0da-2389f409459f,12,"[0, 0]",0,0,0,,0.5,2
5825,9c1cc88c-8222-11f1-b0da-2389f409459f,12,"[0, 0]",1,0,0,,0.5,2
5826,9c1cc88c-8222-11f1-b0da-2389f409459f,13,"[0, 1]",0,0,0,,0.5,2
5827,9c1cc88c-8222-11f1-b0da-2389f409459f,13,"[0, 1]",1,1,1,,0.5,2
5828,9c1cc88c-8222-11f1-b0da-2389f409459f,14,"[1, 0]",0,1,1,,0.5,2
5829,9c1cc88c-8222-11f1-b0da-2389f409459f,14,"[1, 0]",1,0,0,,0.5,2
5830,9c1cc88c-8222-11f1-b0da-2389f409459f,15,"[1, 1]",0,1,-1,,0.5,2
5831,9c1cc88c-8222-11f1-b0da-2389f409459f,15,"[1, 1]",1,1,-1,,0.5,2
5832,9c1cc88c-8222-11f1-b0da-2389f409459f,16,"[1, 1]",0,1,-1,,0.5,2
5833,9c1cc88c-8222-11f1-b0da-2389f409459f,16,"[1, 1]",1,1,-1,,0.5,2
5834,9c1cc88c-8222-11f1-b0da-2389f409459f,17,"[0, 1]",0,0,0,,0.5,2
5835,9c1cc88c-8222-11f1-b0da-2389f409459f,17,"[0, 1]",1,1,1,,0.5,2
5836,9c1cc88c-8222-11f1-b0da-2389f409459f,18,"[1, 0]",0,1,1,,0.5,2
5837,9c1cc88c-8222-11f1-b0da-2389f409459f,18,"[1, 0]",1,0,0,,0.5,2
5838,9c1cc88c-8222-11f1-b0da-2389f409459f,19,"[0, 1]",0,0,0,,0.5,2
5839,9c1cc88c-8222-11f1-b0da-2389f409459f,19,"[0, 1]",1,1,1,,0.5,2
5840,9c1cc88c-8222-11f1-b0da-2389f409459f,20,"[1, 0]",0,1,1,,0.5,2
5841,9c1cc88c-8222-11f1-b0da-2389f409459f,20,"[1, 0]",1,0,0,,0.5,2
5842,9c1cc88c-8222-11f1-b0da-2389f409459f,21,"[0, 1]",0,0,0,,0.5,2
5843,9c1cc88c-8222-11f1-b0da-2389f409459f,21,"[0, 1]",1,1,1,,0.5,2
5844,9c1cc88c-8222-11f1-b0da-2389f409459f,22,"[1, 0]",0,1,1,,0.5,2
5845,9c1cc88c-8222-11f1-b0da-2389f409459f,22,"[1, 0]",1,0,0,,0.5,2
5846,9c1cc88c-8222-11f1-b0da-2389f409459f,23,"[0, 1]",0,0,0,,0.5,2
5847,9c1cc88c-8222-11f1-b0da-2389f409459f,23,"[0, 1]",1,1,1,,0.5,2
5848,9c1cc88c-8222-11f1-b0da-2389f409459f,24,"[1, 0]",0,1,1,,0.5,2
5849,9c1cc88c-8222-11f1-b0da-2389f409459f,24,"[1, 0]",1,0,0,,0.5,2
5850,9c1cc88c-8222-11f1-b0da-2389f409459f,25,"[0, 1]",0,0,0,,0.5,2
5851,9c1cc88c-8222-11f1-b0da-2389f409459f,25,"[0, 1]",1,1,1,,0.5,2
5852,9c1cc88c-8222-11f1-b0da-2389f409459f,26,"[0, 0]",0,0,0,,0.5,2
5853,9c1cc88c-8222-11f1-b0da-2389f409459f,26,"[0, 0]",1,0,0,,0.5,2
5854,9c1cc88c-8222-11f1-b0da-2389f409459f,27,"[0, 0]",0,0,0,,0.5,2
5855,9c1cc88c-8222-11f1-b0da-2389f409459f,27,"[0, 0]",1,0,0,,0.5,2
5856,9c1cc88c-8222-11f1-b0da-2389f409459f,28,"[0, 0]",0,0,0,,0.5,2
5857,9c1cc88c-8222-11f1-b0da-2389f409459f,28,"[0, 0]",1,0,0,,0.5,2
5858,9c1cc88c-8222-11f1-b0da-2389f409459f,29,"[0, 1]",0,0,0,,0.5,2
5859,9c1cc88c-8222-11f1-b0da-2389f409459f,29,"[0, 1]",1,1,1,,0.5,2
5860,9c1cc88c-8222-11f1-b0da-2389f409459f,30,"[1, 0]",0,1,1,,0.5,2
5861,9c1cc88c-8222-11f1-b0da-2389f409459f,30,"[1, 0]",1,0,0,,0.5,2
5862,9c1cc88c-8222-11f1-b0da-2389f409459f,31,"[0, 1]",0,0,0,,0.5,2
5863,9c1cc88c-8222-11f1-b0da-2389f409459f,31,"[0, 1]",1,1,1,,0.5,2
5864,9c1cc88c-8222-11f1-b0da-2389f409459f,32,"[1, 1]",0,1,-1,,0.5,2
5865,9c1cc88c-8222-11f1-b0da-2389f409459f,32,"[1, 1]",1,1,-1,,0.5,2
5866,9c1cc88c-8222-11f1-b0da-2389f409459f,33,"[1, 1]",0,1,-1,,0.5,2
5867,9c1cc88c-8222-11f1-b0da-2389f409459f,33,"[1, 1]",1,1,-1,,0.5,2
5868,9c1cc88c-8222-11f1-b0da-2389f409459f,34,"[1, 0]",0,1,1,,0.5,2
5869,9c1cc88c-8222-11f1-b0da-2389f409459f,34,"[1, 0]",1,0,0,,0.5,2
5870,9c1cc88c-8222-11f1-b0da-2389f409459f,35,"[0, 1]",0,0,0,,0.5,2
5871,9c1cc88c-8222-11f1-b0da-2389f409459f,35,"[0, 1]",1,1,1,,0.5,2
5872,9c1cc88c-8222-11f1-b0da-2389f409459f,36,"[1, 1]",0,1,-1,,0.5,2
5873,9c1cc88c-8222-11f1-b0da-2389f409459f,36,"[1, 1]",1,1,-1,,0.5,2
5874,9c1cc88c-8222-11f1-b0da-2389f409459f,37,"[1, 1]",0,1,-1,,0.5,2
5875,9c1cc88c-8222-11f1-b0da-2389f409459f,37,"[1, 1]",1,1,-1,,0.5,2
5876,9c1cc88c-8222-11f1-b0da-2389f409459f,38,"[1, 1]",0,1,-1,,0.5,2
5877,9c1cc88c-8222-11f1-b0da-2389f409459f,38,"[1, 1]",1,1,-1,,0.5,2
5878,9c1cc88c-8222-11f1-b0da-2389f409459f,39,"[0, 1]",0,0,0,,0.5,2
5879,9c1cc88c-8222-11f1-b0da-2389f409459f,39,"[0, 1]",1,1,1,,0.5,2
5880,9c1cc88c-8222-11f1-b0da-2389f409459f,40,"[1, 0]",0,1,1,,0.5,2
5881,9c1cc88c-8222-11f1-b0da-2389f409459f,40,"[1, 0]",1,0,0,,0.5,2
5882,9c1cc88c-8222-11f1-b0da-2389f409459f,41,"[1, 1]",0,1,-1,,0.5,2
5883,9c1cc88c-8222-11f1-b0da-2389f409459f,41,"[1, 1]",1,1,-1,,0.5,2
5884,9c1cc88c-8222-11f1-b0da-2389f409459f,42,"[0, 1]",0,0,0,,0.5,2
5885,9c1cc88c-8222-11f1-b0da-2389f409459f,42,"[0, 1]",1,1,1,,0.5,2
5886,9c1cc88c-8222-11f1-b0da-2389f409459f,43,"[1, 0]",0,1,1,,0.5,2
5887,9c1cc88c-8222-11f1-b0da-2389f409459f,43,"[1, 0]",1,0,0,,0.5,2
5888,9c1cc88c-8222-11f1-b0da-2389f409459f,44,"[0, 1]",0,0,0,,0.5,2
5889,9c1cc88c-8222-11f1-b0da-2389f409459f,44,"[0, 1]",1,1,1,,0.5,2
5890,9c1cc88c-8222-11f1-b0da-2389f409459f,45,"[1, 0]",0,1,1,,0.5,2
5891,9c1cc88c-8222-11f1-b0da-2389f409459f,45,"[1, 0]",1,0,0,,0.5,2
5892,9c1cc88c-8222-11f1-b0da-2389f409459f,46,"[0, 1]",0,0,0,,0.5,2
5893,9c1cc88c-8222-11f1-b0da-2389f409459f,46,"[0, 1]",1,1,1,,0.5,2
5894,9c1cc88c-8222-11f1-b0da-2389f409459f,47,"[1, 0]",0,1,1,,0.5,2
5895,9c1cc88c-8222-11f1-b0da-2389f409459f,47,"[1, 0]",1,0,0,,0.5,2
5896,9c1cc88c-8222-11f1-b0da-2389f409459f,48,"[0, 1]",0,0,0,,0.5,2
5897,9c1cc88c-8222-11f1-b0da-2389f409459f,48,"[0, 1]",1,1,1,,0.5,2
5898,9c1cc88c-8222-11f1-b0da-2389f409459f,49,"[1, 0]",0,1,1,,0.5,2
5899,9c1cc88c-8222-11f1-b0da-2389f409459f,49,"[1, 0]",1,0,0,,0.5,2
5900,9c1ecdee-8222-11f1-b0da-2389f409459f,0,"[1, 1]",0,1,-1,,0.5,2
5901,9c1ecdee-8222-11f1-b0da-2389f409459f,0,"[1, 1]",1,1,-1,,0.5,2
5902,9c1ecdee-8222-11f1-b0da-2389f409459f,1,"[0, 1]",0,0,0,,0.5,2
5903,9c1ecdee-8222-11f1-b0da-2389f409459f,1,"[0, 1]",1,1,1,,0.5,2
5904,9c1ecdee-8222-11f1-b0da-2389f409459f,2,"[1, 0]",0,1,1,,0.5,2
5905,9c1ecdee-8222-11f1-b0da-2389f409459f,2,"[1, 0]",1,0,0,,0.5,2
5906,9c1ecdee-8222-11f1-b0da-2389f409459f,3,"[1, 0]",0,1,1,,0.5,2
5907,9c1ecdee-8222-11f1-b0da-2389f409459f,3,"[1, 0]",1,0,0,,0.5,2
5908,9c1ecdee-8222-11f1-b0da-2389f409459f,4,"[1, 1]",0,1,-1,,0.5,2
5909,9c1ecdee-8222-11f1-b0da-2389f409459f,4,"[1, 1]",1,1,-1,,0.5,2
5910,9c1ecdee-8222-11f1-b0da-2389f409459f,5,"[1, 1]",0,1,-1,,0.5,2
5911,9c1ecdee-8222-11f1-b0da-2389f409459f,5,"[1, 1]",1,1,-1,,0.5,2
5912,9c1ecdee-8222-11f1-b0da-2389f409459f,6,"[0, 0]",0,0,0,,0.5,2
5913,9c1ecdee-8222-11f1-b0da-2389f409459f,6,"[0, 0]",1,0,0,,0.5,2
5914,9c1ecdee-8222-11f1-b0da-2389f409459f,7,"[1, 1]",0,1,-1,,0.5,2
5915,9c1ecdee-8222-11f1-b0da-2389f409459f,7,"[1, 1]",1,1,-1,,0.5,2
5916,9c1ecdee-8222-11f1-b0da-2389f409459f,8,"[0, 1]",0,0,0,,0.5,2
5917,9c1ecdee-8222-11f1-b0da-2389f409459f,8,"[0, 1]",1,1,1,,0.5,2
5918,9c1ecdee-8222-11f1-b0da-2389f409459f,9,"[1, 0]",0,1,1,,0.5,2
5919,9c1ecdee-8222-11f1-b0da-2389f409459f,9,"[1, 0]",1,0,0,,0.5,2
5920,9c1ecdee-8222-11f1-b0da-2389f409459f,10,"[0, 1]",0,0,0,,0.5,2
5921,9c1ecdee-8222-11f1-b0da-2389f409459f,10,"[0, 1]",1,1,1,,0.5,2
5922,9c1ecdee-8222-11f1-b0da-2389f409459f,11,"[1, 0]",0,1,1,,0.5,2
5923,9c1ecdee-8222-11f1-b0da-2389f409459f,11,"[1, 0]",1,0,0,,0.5,2
5924,9c1ecdee-8222-11f1-b0da-2389f409459f,12,"[1, 1]",0,1,-1,,0.5,2
5925,9c1ecdee-8222-11f1-b0da-2389f409459f,12,"[1, 1]",1,1,-1,,0.5,2
5926,9c1ecdee-8222-11f1-b0da-2389f409459f,13,"[1, 1]",0,1,-1,,0.5,2
5927,9c1ecdee-8222-11f1-b0da-2389f409459f,13,"[1, 1]",1,1,-1,,0.5,2
5928,9c1ecdee-8222-11f1-b0da-2389f409459f,14,"[0, 0]",0,0,0,,0.5,2
5929,9c1ecdee-8222-11f1-b0da-2389f409459f,14,"[0, 0]",1,0,0,,0.5,2
5930,9c1ecdee-8222-11f1-b0da-2389f409459f,15,"[1, 1]",0,1,-1,,0.5,2
5931,9c1ecdee-8222-11f1-b0da-2389f409459f,15,"[1, 1]",1,1,-1,,0.5,2
5932,9c1ecdee-8222-11f1-b0da-2389f409459f,16,"[1, 1]",0,1,-1,,0.5,2
5933,9c1ecdee-8222-11f1-b0da-2389f409459f,16,"[1, 1]",1,1,-1,,0.5,2
5934,9c1ecdee-8222-11f1-b0da-2389f409459f,17,"[0, 0]",0,0,0,,0.5,2
5935,9c1ecdee-8222-11f1-b0da-2389f409459f,17,"[0, 0]",1,0,0,,0.5,2
5936,9c1ecdee-8222-11f1-b0da-2389f409459f,18,"[0, 0]",0,0,0,,0.5,2
5937,9c1ecdee-8222-11f1-b0da-2389f409459f,18,"[0, 0]",1,0,0,,0.5,2
5938,9c1ecdee-8222-11f1-b0da-2389f409459f,19,"[0, 1]",0,0,0,,0.5,2
5939,9c1ecdee-8222-11f1-b0da-2389f409459f,19,"[0, 1]",1,1,1,,0.5,2
5940,9c1ecdee-8222-11f1-b0da-2389f409459f,20,"[1, 0]",0,1,1,,0.5,2
5941,9c1ecdee-8222-11f1-b0da-2389f409459f,20,"[1, 0]",1,0,0,,0.5,2
5942,9c1ecdee-8222-11f1-b0da-2389f409459f,21,"[1, 1]",0,1,-1,,0.5,2
5943,9c1ecdee-8222-11f1-b0da-2389f409459f,21,"[1, 1]",1,1,-1,,0.5,2
5944,9c1ecdee-8222-11f1-b0da-2389f409459f,22,"[0, 1]",0,0,0,,0.5,2
5945,9c1ecdee-8222-11f1-b0da-2389f409459f,22,"[0, 1]",1,1,1,,0.5,2
5946,9c1ecdee-8222-11f1-b0da-2389f409459f,23,"[1, 0]",0,1,1,,0.5,2
5947,9c1ecdee-8222-11f1-b0da-2389f409459f,23,"[1, 0]",1,0,0,,0.5,2
5948,9c1ecdee-8222-11f1-b0da-2389f409459f,24,"[0, 1]",0,0,0,,0.5,2
5949,9c1ecdee-8222-11f1-b0da-2389f409459f,24,"[0, 1]",1,1,1,,0.5,2
5950,9c1ecdee-8222-11f1-b0da-2389f409459f,25,"[1, 0]",0,1,1,,0.5,2
5951,9c1ecdee-8222-11f1-b0da-2389f409459f,25,"[1, 0]",1,0,0,,0.5,2
5952,9c1ecdee-8222-11f1-b0da-2389f409459f,26,"[0, 1]",0,0,0,,0.5,2
5953,9c1ecdee-8222-11f1-b0da-2389f409459f,26,"[0, 1]",1,1,1,,0.5,2
5954,9c1ecdee-8222-11f1-b0da-2389f409459f,27,"[1, 0]",0,1,1,,0.5,2
5955,9c1ecdee-8222-11f1-b0da-2389f409459f,27,"[1, 0]",1,0,0,,0.5,2
5956,9c1ecdee-8222-11f1-b0da-2389f409459f,28,"[1, 1]",0,1,-1,,0.5,2
5957,9c1ecdee-8222-11f1-b0da-2389f409459f,28,"[1, 1]",1,1,-1,,0.5,2
5958,9c1ecdee-8222-11f1-b0da-2389f409459f,29,"[0, 1]",0,0,0,,0.5,2
5959,9c1ecdee-8222-11f1-b0da-2389f409459f,29,"[0, 1]",1,1,1,,0.5,2
5960,9c1ecdee-8222-11f1-b0da-2389f409459f,30,"[1, 0]",0,1,1,,0.5,2
5961,9c1ecdee-8222-11f1-b0da-2389f409459f,30,"[1, 0]",1,0,0,,0.5,2
5962,9c1ecdee-8222-11f1-b0da-2389f409459f,31,"[1, 1]",0,1,-1,,0.5,2
5963,9c1ecdee-8222-11f1-b0da-2389f409459f,31,"[1, 1]",1,1,-1,,0.5,2
5964,9c1ecdee-8222-11f1-b0da-2389f409459f,32,"[0, 1]",0,0,0,,0.5,2
5965,9c1ecdee-8222-11f1-b0da-2389f409459f,32,"[0, 1]",1,1,1,,0.5,2
5966,9c1ecdee-8222-11f1-b0da-2389f409459f,33,"[1, 0]",0,1,1,,0.5,2
5967,9c1ecdee-8222-11f1-b0da-2389f409459f,33,"[1, 0]",1,0,0,,0.5,2
5968,9c1ecdee-8222-11f1-b0da-2389f409459f,34,"[1, 1]",0,1,-1,,0.5,2
5969,9c1ecdee-8222-11f1-b0da-2389f409459f,34,"[1, 1]",1,1,-1,,0.5,2
5970,9c1ecdee-8222-11f1-b0da-2389f409459f,35,"[1, 1]",0,1,-1,,0.5,2
5971,9c1ecdee-8222-11f1-b0da-2389f409459f,35,"[1, 1]",1,1,-1,,0.5,2
5972,9c1ecdee-8222-11f1-b0da-2389f409459f,36,"[1, 1]",0,1,-1,,0.5,2
5973,9c1ecdee-8222-11f1-b0da-2389f409459f,36,"[1, 1]",1,1,-1,,0.5,2
5974,9c1ecdee-8222-11f1-b0da-2389f409459f,37,"[0, 0]",0,0,0,,0.5,2
5975,9c1ecdee-8222-11f1-b0da-2389f409459f,37,"[0, 0]",1,0,0,,0.5,2
5976,9c1ecdee-8222-11f1-b0da-2389f409459f,38,"[0, 0]",0,0,0,,0.5,2
5977,9c1ecdee-8222-11f1-b0da-2389f409459f,38,"[0, 0]",1,0,0,,0.5,2
5978,9c1ecdee-8222-11f1-b0da-2389f409459f,39,"[0, 0]",0,0,0,,0.5,2
5979,9c1ecdee-8222-11f1-b0da-2389f409459f,39,"[0, 0]",1,0,0,,0.5,2
5980,9c1ecdee-8222-11f1-b0da-2389f409459f,40,"[0, 0]",0,0,0,,0.5,2
5981,9c1ecdee-8222-11f1-b0da-2389f409459f,40,"[0, 0]",1,0,0,,0.5,2
5982,9c1ecdee-8222-11f1-b0da-2389f409459f,41,"[0, 0]",0,0,0,,0.5,2
5983,9c1ecdee-8222-11f1-b0da-2389f409459f,41,"[0, 0]",1,0,0,,0.5,2
5984,9c1ecdee-8222-11f1-b0da-2389f409459f,42,"[0, 0]",0,0,0,,0.5,2
5985,9c1ecdee-8222-11f1-b0da-2389f409459f,42,"[0, 0]",1,0,0,,0.5,2
5986,9c1ecdee-8222-11f1-b0da-2389f409459f,43,"[0, 1]",0,0,0,,0.5,2
5987,9c1ecdee-8222-11f1-b0da-2389f409459f,43,"[0, 1]",1,1,1,,0.5,2
5988,9c1ecdee-8222-11f1-b0da-2389f409459f,44,"[1, 0]",0,1,1,,0.5,2
5989,9c1ecdee-8222-11f1-b0da-2389f409459f,44,"[1, 0]",1,0,0,,0.5,2
5990,9c1ecdee-8222-11f1-b0da-2389f409459f,45,"[1, 0]",0,1,1,,0.5,2
5991,9c1ecdee-8222-11f1-b0da-2389f409459f,45,"[1, 0]",1,0,0,,0.5,2
5992,9c1ecdee-8222-11f1-b0da-2389f409459f,46,"[0, 0]",0,0,0,,0.5,2
5993,9c1ecdee-8222-11f1-b0da-2389f409459f,46,"[0, 0]",1,0,0,,0.5,2
5994,9c1ecdee-8222-11f1-b0da-2389f409459f,47,"[0, 0]",0,0,0,,0.5,2
5995,9c1ecdee-8222-11f1-b0da-2389f409459f,47,"[0, 0]",1,0,0,,0.5,2
5996,9c1ecdee-8222-11f1-b0da-2389f409459f,48,"[1, 0]",0,1,1,,0.5,2
5997,9c1ecdee-8222-11f1-b0da-2389f409459f,48,"[1, 0]",1,0,0,,0.5,2
5998,9c1ecdee-8222-11f1-b0da-2389f409459f,49,"[1, 1]",0,1,-1,,0.5,2
5999,9c1ecdee-8222-11f1-b0da-2389f409459f,49,"[1, 1]",1,1,-1,,0.5,2
6000,9c20775c-8222-11f1-b0da-2389f409459f,0,"[1, 0]",0,1,1,,0.5,2
6001,9c20775c-8222-11f1-b0da-2389f409459f,0,"[1, 0]",1,0,0,,0.5,2
6002,9c20775c-8222-11f1-b0da-2389f409459f,1,"[0, 0]",0,0,0,,0.5,2
6003,9c20775c-8222-11f1-b0da-2389f409459f,1,"[0, 0]",1,0,0,,0.5,2
6004,9c20775c-8222-11f1-b0da-2389f409459f,2,"[1, 1]",0,1,-1,,0.5,2
6005,9c20775c-8222-11f1-b0da-2389f409459f,2,"[1, 1]",1,1,-1,,0.5,2
6006,9c20775c-8222-11f1-b0da-2389f409459f,3,"[0, 1]",0,0,0,,0.5,2
6007,9c20775c-8222-11f1-b0da-2389f409459f,3,"[0, 1]",1,1,1,,0.5,2
6008,9c20775c-8222-11f1-b0da-2389f409459f,4,"[1, 1]",0,1,-1,,0.5,2
6009,9c20775c-8222-11f1-b0da-2389f409459f,4,"[1, 1]",1,1,-1,,0.5,2
6010,9c20775c-8222-11f1-b0da-2389f409459f,5,"[1, 1]",0,1,-1,,0.5,2
6011,9c20775c-8222-11f1-b0da-2389f409459f,5,"[1, 1]",1,1,-1,,0.5,2
6012,9c20775c-8222-11f1-b0da-2389f409459f,6,"[0, 1]",0,0,0,,0.5,2
6013,9c20775c-8222-11f1-b0da-2389f409459f,6,"[0, 1]",1,1,1,,0.5,2
6014,9c20775c-8222-11f1-b0da-2389f409459f,7,"[1, 0]",0,1,1,,0.5,2
6015,9c20775c-8222-11f1-b0da-2389f409459f,7,"[1, 0]",1,0,0,,0.5,2
6016,9c20775c-8222-11f1-b0da-2389f409459f,8,"[0, 1]",0,0,0,,0.5,2
6017,9c20775c-8222-11f1-b0da-2389f409459f,8,"[0, 1]",1,1,1,,0.5,2
6018,9c20775c-8222-11f1-b0da-2389f409459f,9,"[1, 0]",0,1,1,,0.5,2
6019,9c20775c-8222-11f1-b0da-2389f409459f,9,"[1, 0]",1,0,0,,0.5,2
6020,9c20775c-8222-11f1-b0da-2389f409459f,10,"[1, 1]",0,1,-1,,0.5,2
6021,9c20775c-8222-11f1-b0da-2389f409459f,10,"[1, 1]",1,1,-1,,0.5,2
6022,9c20775c-8222-11f1-b0da-2389f409459f,11,"[1, 0]",0,1,1,,0.5,2
6023,9c20775c-8222-11f1-b0da-2389f409459f,11,"[1, 0]",1,0,0,,0.5,2
6024,9c20775c-8222-11f1-b0da-2389f409459f,12,"[0, 0]",0,0,0,,0.5,2
6025,9c20775c-8222-11f1-b0da-2389f409459f,12,"[0, 0]",1,0,0,,0.5,2
6026,9c20775c-8222-11f1-b0da-2389f409459f,13,"[1, 1]",0,1,-1,,0.5,2
6027,9c20775c-8222-11f1-b0da-2389f409459f,13,"[1, 1]",1,1,-1,,0.5,2
6028,9c20775c-8222-11f1-b0da-2389f409459f,14,"[1, 1]",0,1,-1,,0.5,2
6029,9c20775c-8222-11f1-b0da-2389f409459f,14,"[1, 1]",1,1,-1,,0.5,2
6030,9c20775c-8222-11f1-b0da-2389f409459f,15,"[1, 1]",0,1,-1,,0.5,2
6031,9c20775c-8222-11f1-b0da-2389f409459f,15,"[1, 1]",1,1,-1,,0.5,2
6032,9c20775c-8222-11f1-b0da-2389f409459f,16,"[0, 1]",0,0,0,,0.5,2
6033,9c20775c-8222-11f1-b0da-2389f409459f,16,"[0, 1]",1,1,1,,0.5,2
6034,9c20775c-8222-11f1-b0da-2389f409459f,17,"[0, 1]",0,0,0,,0.5,2
6035,9c20775c-8222-11f1-b0da-2389f409459f,17,"[0, 1]",1,1,1,,0.5,2
6036,9c20775c-8222-11f1-b0da-2389f409459f,18,"[1, 1]",0,1,-1,,0.5,2
6037,9c20775c-8222-11f1-b0da-2389f409459f,18,"[1, 1]",1,1,-1,,0.5,2
6038,9c20775c-8222-11f1-b0da-2389f409459f,19,"[0, 1]",0,0,0,,0.5,2
6039,9c20775c-8222-11f1-b0da-2389f409459f,19,"[0, 1]",1,1,1,,0.5,2
6040,9c20775c-8222-11f1-b0da-2389f409459f,20,"[0, 0]",0,0,0,,0.5,2
6041,9c20775c-8222-11f1-b0da-2389f409459f,20,"[0, 0]",1,0,0,,0.5,2
6042,9c20775c-8222-11f1-b0da-2389f409459f,21,"[0, 0]",0,0,0,,0.5,2
6043,9c20775c-8222-11f1-b0da-2389f409459f,21,"[0, 0]",1,0,0,,0.5,2
6044,9c20775c-8222-11f1-b0da-2389f409459f,22,"[1, 1]",0,1,-1,,0.5,2
6045,9c20775c-8222-11f1-b0da-2389f409459f,22,"[1, 1]",1,1,-1,,0.5,2
6046,9c20775c-8222-11f1-b0da-2389f409459f,23,"[1, 1]",0,1,-1,,0.5,2
6047,9c20775c-8222-11f1-b0da-2389f409459f,23,"[1, 1]",1,1,-1,,0.5,2
6048,9c20775c-8222-11f1-b0da-2389f409459f,24,"[0, 1]",0,0,0,,0.5,2
6049,9c20775c-8222-11f1-b0da-2389f409459f,24,"[0, 1]",1,1,1,,0.5,2
6050,9c20775c-8222-11f1-b0da-2389f409459f,25,"[1, 0]",0,1,1,,0.5,2
6051,9c20775c-8222-11f1-b0da-2389f409459f,25,"[1, 0]",1,0,0,,0.5,2
6052,9c20775c-8222-11f1-b0da-2389f409459f,26,"[1, 1]",0,1,-1,,0.5,2
6053,9c20775c-8222-11f1-b0da-2389f409459f,26,"[1, 1]",1,1,-1,,0.5,2
6054,9c20775c-8222-11f1-b0da-2389f409459f,27,"[0, 1]",0,0,0,,0.5,2
6055,9c20775c-8222-11f1-b0da-2389f409459f,27,"[0, 1]",1,1,1,,0.5,2
6056,9c20775c-8222-11f1-b0da-2389f409459f,28,"[1, 0]",0,1,1,,0.5,2
6057,9c20775c-8222-11f1-b0da-2389f409459f,28,"[1, 0]",1,0,0,,0.5,2
6058,9c20775c-8222-11f1-b0da-2389f409459f,29,"[0, 1]",0,0,0,,0.5,2
6059,9c20775c-8222-11f1-b0da-2389f409459f,29,"[0, 1]",1,1,1,,0.5,2
6060,9c20775c-8222-11f1-b0da-2389f409459f,30,"[1, 1]",0,1,-1,,0.5,2
6061,9c20775c-8222-11f1-b0da-2389f409459f,30,"[1, 1]",1,1,-1,,0.5,2
6062,9c20775c-8222-11f1-b0da-2389f409459f,31,"[1, 1]",0,1,-1,,0.5,2
6063,9c20775c-8222-11f1-b0da-2389f409459f,31,"[1, 1]",1,1,-1,,0.5,2
6064,9c20775c-8222-11f1-b0da-2389f409459f,32,"[0, 1]",0,0,0,,0.5,2
6065,9c20775c-8222-11f1-b0da-2389f409459f,32,"[0, 1]",1,1,1,,0.5,2
6066,9c20775c-8222-11f1-b0da-2389f409459f,33,"[1, 0]",0,1,1,,0.5,2
6067,9c20775c-8222-11f1-b0da-2389f409459f,33,"[1, 0]",1,0,0,,0.5,2
6068,9c20775c-8222-11f1-b0da-2389f409459f,34,"[0, 0]",0,0,0,,0.5,2
6069,9c20775c-8222-11f1-b0da-2389f409459f,34,"[0, 0]",1,0,0,,0.5,2
6070,9c20775c-8222-11f1-b0da-2389f409459f,35,"[1, 0]",0,1,1,,0.5,2
6071,9c20775c-8222-11f1-b0da-2389f409459f,35,"[1, 0]",1,0,0,,0.5,2
6072,9c20775c-8222-11f1-b0da-2389f409459f,36,"[0, 0]",0,0,0,,0.5,2
6073,9c20775c-8222-11f1-b0da-2389f409459f,36,"[0, 0]",1,0,0,,0.5,2
6074,9c20775c-8222-11f1-b0da-2389f409459f,37,"[1, 1]",0,1,-1,,0.5,2
6075,9c20775c-8222-11f1-b0da-2389f409459f,37,"[1, 1]",1,1,-1,,0.5,2
6076,9c20775c-8222-11f1-b0da-2389f409459f,38,"[0, 1]",0,0,0,,0.5,2
6077,9c20775c-8222-11f1-b0da-2389f409459f,38,"[0, 1]",1,1,1,,0.5,2
6078,9c20775c-8222-11f1-b0da-2389f409459f,39,"[1, 0]",0,1,1,,0.5,2
6079,9c20775c-8222-11f1-b0da-2389f409459f,39,"[1, 0]",1,0,0,,0.5,2
6080,9c20775c-8222-11f1-b0da-2389f409459f,40,"[1, 0]",0,1,1,,0.5,2
6081,9c20775c-8222-11f1-b0da-2389f409459f,40,"[1, 0]",1,0,0,,0.5,2
6082,9c20775c-8222-11f1-b0da-2389f409459f,41,"[0, 1]",0,0,0,,0.5,2
6083,9c20775c-8222-11f1-b0da-2389f409459f,41,"[0, 1]",1,1,1,,0.5,2
6084,9c20775c-8222-11f1-b0da-2389f409459f,42,"[1, 0]",0,1,1,,0.5,2
6085,9c20775c-8222-11f1-b0da-2389f409459f,42,"[1, 0]",1,0,0,,0.5,2
6086,9c20775c-8222-11f1-b0da-2389f409459f,43,"[0, 0]",0,0,0,,0.5,2
6087,9c20775c-8222-11f1-b0da-2389f409459f,43,"[0, 0]",1,0,0,,0.5,2
6088,9c20775c-8222-11f1-b0da-2389f409459f,44,"[0, 0]",0,0,0,,0.5,2
6089,9c20775c-8222-11f1-b0da-2389f409459f,44,"[0, 0]",1,0,0,,0.5,2
6090,9c20775c-8222-11f1-b0da-2389f409459f,45,"[1, 1]",0,1,-1,,0.5,2
6091,9c20775c-8222-11f1-b0da-2389f409459f,45,"[1, 1]",1,1,-1,,0.5,2
6092,9c20775c-8222-11f1-b0da-2389f409459f,46,"[0, 1]",0,0,0,,0.5,2
6093,9c20775c-8222-11f1-b0da-2389f409459f,46,"[0, 1]",1,1,1,,0.5,2
6094,9c20775c-8222-11f1-b0da-2389f409459f,47,"[1, 0]",0,1,1,,0.5,2
6095,9c20775c-8222-11f1-b0da-2389f409459f,47,"[1, 0]",1,0,0,,0.5,2
6096,9c20775c-8222-11f1-b0da-2389f409459f,48,"[1, 0]",0,1,1,,0.5,2
6097,9c20775c-8222-11f1-b0da-2389f409459f,48,"[1, 0]",1,0,0,,0.5,2
6098,9c20775c-8222-11f1-b0da-2389f409459f,49,"[0, 0]",0,0,0,,0.5,2
6099,9c20775c-8222-11f1-b0da-2389f409459f,49,"[0, 0]",1,0,0,,0.5,2
6100,9c22474e-8222-11f1-b0da-2389f409459f,0,"[0, 0]",0,0,0,,0.5,2
6101,9c22474e-8222-11f1-b0da-2389f409459f,0,"[0, 0]",1,0,0,,0.5,2
6102,9c22474e-8222-11f1-b0da-2389f409459f,1,"[1, 0]",0,1,1,,0.5,2
6103,9c22474e-8222-11f1-b0da-2389f409459f,1,"[1, 0]",1,0,0,,0.5,2
6104,9c22474e-8222-11f1-b0da-2389f409459f,2,"[1, 1]",0,1,-1,,0.5,2
6105,9c22474e-8222-11f1-b0da-2389f409459f,2,"[1, 1]",1,1,-1,,0.5,2
6106,9c22474e-8222-11f1-b0da-2389f409459f,3,"[0, 1]",0,0,0,,0.5,2
6107,9c22474e-8222-11f1-b0da-2389f409459f,3,"[0, 1]",1,1,1,,0.5,2
6108,9c22474e-8222-11f1-b0da-2389f409459f,4,"[1, 0]",0,1,1,,0.5,2
6109,9c22474e-8222-11f1-b0da-2389f409459f,4,"[1, 0]",1,0,0,,0.5,2
6110,9c22474e-8222-11f1-b0da-2389f409459f,5,"[0, 1]",0,0,0,,0.5,2
6111,9c22474e-8222-11f1-b0da-2389f409459f,5,"[0, 1]",1,1,1,,0.5,2
6112,9c22474e-8222-11f1-b0da-2389f409459f,6,"[1, 1]",0,1,-1,,0.5,2
6113,9c22474e-8222-11f1-b0da-2389f409459f,6,"[1, 1]",1,1,-1,,0.5,2
6114,9c22474e-8222-11f1-b0da-2389f409459f,7,"[1, 1]",0,1,-1,,0.5,2
6115,9c22474e-8222-11f1-b0da-2389f409459f,7,"[1, 1]",1,1,-1,,0.5,2
6116,9c22474e-8222-11f1-b0da-2389f409459f,8,"[1, 0]",0,1,1,,0.5,2
6117,9c22474e-8222-11f1-b0da-2389f409459f,8,"[1, 0]",1,0,0,,0.5,2
6118,9c22474e-8222-11f1-b0da-2389f409459f,9,"[1, 0]",0,1,1,,0.5,2
6119,9c22474e-8222-11f1-b0da-2389f409459f,9,"[1, 0]",1,0,0,,0.5,2
6120,9c22474e-8222-11f1-b0da-2389f409459f,10,"[1, 0]",0,1,1,,0.5,2
6121,9c22474e-8222-11f1-b0da-2389f409459f,10,"[1, 0]",1,0,0,,0.5,2
6122,9c22474e-8222-11f1-b0da-2389f409459f,11,"[0, 0]",0,0,0,,0.5,2
6123,9c22474e-8222-11f1-b0da-2389f409459f,11,"[0, 0]",1,0,0,,0.5,2
6124,9c22474e-8222-11f1-b0da-2389f409459f,12,"[0, 1]",0,0,0,,0.5,2
6125,9c22474e-8222-11f1-b0da-2389f409459f,12,"[0, 1]",1,1,1,,0.5,2
6126,9c22474e-8222-11f1-b0da-2389f409459f,13,"[1, 1]",0,1,-1,,0.5,2
6127,9c22474e-8222-11f1-b0da-2389f409459f,13,"[1, 1]",1,1,-1,,0.5,2
6128,9c22474e-8222-11f1-b0da-2389f409459f,14,"[1, 0]",0,1,1,,0.5,2
6129,9c22474e-8222-11f1-b0da-2389f409459f,14,"[1, 0]",1,0,0,,0.5,2
6130,9c22474e-8222-11f1-b0da-2389f409459f,15,"[1, 1]",0,1,-1,,0.5,2
6131,9c22474e-8222-11f1-b0da-2389f409459f,15,"[1, 1]",1,1,-1,,0.5,2
6132,9c22474e-8222-11f1-b0da-2389f409459f,16,"[1, 0]",0,1,1,,0.5,2
6133,9c22474e-8222-11f1-b0da-2389f409459f,16,"[1, 0]",1,0,0,,0.5,2
6134,9c22474e-8222-11f1-b0da-2389f409459f,17,"[1, 0]",0,1,1,,0.5,2
6135,9c22474e-8222-11f1-b0da-2389f409459f,17,"[1, 0]",1,0,0,,0.5,2
6136,9c22474e-8222-11f1-b0da-2389f409459f,18,"[1, 0]",0,1,1,,0.5,2
6137,9c22474e-8222-11f1-b0da-2389f409459f,18,"[1, 0]",1,0,0,,0.5,2
6138,9c22474e-8222-11f1-b0da-2389f409459f,19,"[1, 0]",0,1,1,,0.5,2
6139,9c22474e-8222-11f1-b0da-2389f409459f,19,"[1, 0]",1,0,0,,0.5,2
6140,9c22474e-8222-11f1-b0da-2389f409459f,20,"[1, 0]",0,1,1,,0.5,2
6141,9c22474e-8222-11f1-b0da-2389f409459f,20,"[1, 0]",1,0,0,,0.5,2
6142,9c22474e-8222-11f1-b0da-2389f409459f,21,"[1, 0]",0,1,1,,0.5,2
6143,9c22474e-8222-11f1-b0da-2389f409459f,21,"[1, 0]",1,0,0,,0.5,2
6144,9c22474e-8222-11f1-b0da-2389f409459f,22,"[1, 1]",0,1,-1,,0.5,2
6145,9c22474e-8222-11f1-b0da-2389f409459f,22,"[1, 1]",1,1,-1,,0.5,2
6146,9c22474e-8222-11f1-b0da-2389f409459f,23,"[1, 0]",0,1,1,,0.5,2
6147,9c22474e-8222-11f1-b0da-2389f409459f,23,"[1, 0]",1,0,0,,0.5,2
6148,9c22474e-8222-11f1-b0da-2389f409459f,24,"[1, 0]",0,1,1,,0.5,2
6149,9c22474e-8222-11f1-b0da-2389f409459f,24,"[1, 0]",1,0,0,,0.5,2
6150,9c22474e-8222-11f1-b0da-2389f409459f,25,"[1, 0]",0,1,1,,0.5,2
6151,9c22474e-8222-11f1-b0da-2389f409459f,25,"[1, 0]",1,0,0,,0.5,2
6152,9c22474e-8222-11f1-b0da-2389f409459f,26,"[1, 1]",0,1,-1,,0.5,2
6153,9c22474e-8222-11f1-b0da-2389f409459f,26,"[1, 1]",1,1,-1,,0.5,2
6154,9c22474e-8222-11f1-b0da-2389f409459f,27,"[1, 0]",0,1,1,,0.5,2
6155,9c22474e-8222-11f1-b0da-2389f409459f,27,"[1, 0]",1,0,0,,0.5,2
6156,9c22474e-8222-11f1-b0da-2389f409459f,28,"[1, 1]",0,1,-1,,0.5,2
6157,9c22474e-8222-11f1-b0da-2389f409459f,28,"[1, 1]",1,1,-1,,0.5,2
6158,9c22474e-8222-11f1-b0da-2389f409459f,29,"[0, 1]",0,0,0,,0.5,2
6159,9c22474e-8222-11f1-b0da-2389f409459f,29,"[0, 1]",1,1,1,,0.5,2
6160,9c22474e-8222-11f1-b0da-2389f409459f,30,"[1, 0]",0,1,1,,0.5,2
6161,9c22474e-8222-11f1-b0da-2389f409459f,30,"[1, 0]",1,0,0,,0.5,2
6162,9c22474e-8222-11f1-b0da-2389f409459f,31,"[1, 0]",0,1,1,,0.5,2
6163,9c22474e-8222-11f1-b0da-2389f409459f,31,"[1, 0]",1,0,0,,0.5,2
6164,9c22474e-8222-11f1-b0da-2389f409459f,32,"[1, 1]",0,1,-1,,0.5,2
6165,9c22474e-8222-11f1-b0da-2389f409459f,32,"[1, 1]",1,1,-1,,0.5,2
6166,9c22474e-8222-11f1-b0da-2389f409459f,33,"[1, 1]",0,1,-1,,0.5,2
6167,9c22474e-8222-11f1-b0da-2389f409459f,33,"[1, 1]",1,1,-1,,0.5,2
6168,9c22474e-8222-11f1-b0da-2389f409459f,34,"[1, 0]",0,1,1,,0.5,2
6169,9c22474e-8222-11f1-b0da-2389f409459f,34,"[1, 0]",1,0,0,,0.5,2
6170,9c22474e-8222-11f1-b0da-2389f409459f,35,"[1, 0]",0,1,1,,0.5,2
6171,9c22474e-8222-11f1-b0da-2389f409459f,35,"[1, 0]",1,0,0,,0.5,2
6172,9c22474e-8222-11f1-b0da-2389f409459f,36,"[1, 0]",0,1,1,,0.5,2
6173,9c22474e-8222-11f1-b0da-2389f409459f,36,"[1, 0]",1,0,0,,0.5,2
6174,9c22474e-8222-11f1-b0da-2389f409459f,37,"[1, 0]",0,1,1,,0.5,2
6175,9c22474e-8222-11f1-b0da-2389f409459f,37,"[1, 0]",1,0,0,,0.5,2
6176,9c22474e-8222-11f1-b0da-2389f409459f,38,"[1, 0]",0,1,1,,0.5,2
6177,9c22474e-8222-11f1-b0da-2389f409459f,38,"[1, 0]",1,0,0,,0.5,2
6178,9c22474e-8222-11f1-b0da-2389f409459f,39,"[1, 1]",0,1,-1,,0.5,2
6179,9c22474e-8222-11f1-b0da-2389f409459f,39,"[1, 1]",1,1,-1,,0.5,2
6180,9c22474e-8222-11f1-b0da-2389f409459f,40,"[1, 1]",0,1,-1,,0.5,2
6181,9c22474e-8222-11f1-b0da-2389f409459f,40,"[1, 1]",1,1,-1,,0.5,2
6182,9c22474e-8222-11f1-b0da-2389f409459f,41,"[0, 0]",0,0,0,,0.5,2
6183,9c22474e-8222-11f1-b0da-2389f409459f,41,"[0, 0]",1,0,0,,0.5,2
6184,9c22474e-8222-11f1-b0da-2389f409459f,42,"[1, 0]",0,1,1,,0.5,2
6185,9c22474e-8222-11f1-b0da-2389f409459f,42,"[1, 0]",1,0,0,,0.5,2
6186,9c22474e-8222-11f1-b0da-2389f409459f,43,"[1, 0]",0,1,1,,0.5,2
6187,9c22474e-8222-11f1-b0da-2389f409459f,43,"[1, 0]",1,0,0,,0.5,2
6188,9c22474e-8222-11f1-b0da-2389f409459f,44,"[1, 1]",0,1,-1,,0.5,2
6189,9c22474e-8222-11f1-b0da-2389f409459f,44,"[1, 1]",1,1,-1,,0.5,2
6190,9c22474e-8222-11f1-b0da-2389f409459f,45,"[1, 0]",0,1,1,,0.5,2
6191,9c22474e-8222-11f1-b0da-2389f409459f,45,"[1, 0]",1,0,0,,0.5,2
6192,9c22474e-8222-11f1-b0da-2389f409459f,46,"[1, 0]",0,1,1,,0.5,2
6193,9c22474e-8222-11f1-b0da-2389f409459f,46,"[1, 0]",1,0,0,,0.5,2
6194,9c22474e-8222-11f1-b0da-2389f409459f,47,"[1, 0]",0,1,1,,0.5,2
6195,9c22474e-8222-11f1-b0da-2389f409459f,47,"[1, 0]",1,0,0,,0.5,2
6196,9c22474e-8222-11f1-b0da-2389f409459f,48,"[1, 0]",0,1,1,,0.5,2
6197,9c22474e-8222-11f1-b0da-2389f409459f,48,"[1, 0]",1,0,0,,0.5,2
6198,9c22474e-8222-11f1-b0da-2389f409459f,49,"[1, 0]",0,1,1,,0.5,2
6199,9c22474e-8222-11f1-b0da-2389f409459f,49,"[1, 0]",1,0,0,,0.5,2
6200,9c23fa9e-8222-11f1-b0da-2389f409459f,0,"[1, 1]",0,1,-1,,0.5,2
6201,9c23fa9e-8222-11f1-b0da-2389f409459f,0,"[1, 1]",1,1,-1,,0.5,2
6202,9c23fa9e-8222-11f1-b0da-2389f409459f,1,"[1, 1]",0,1,-1,,0.5,2
6203,9c23fa9e-8222-11f1-b0da-2389f409459f,1,"[1, 1]",1,1,-1,,0.5,2
6204,9c23fa9e-8222-11f1-b0da-2389f409459f,2,"[1, 0]",0,1,1,,0.5,2
6205,9c23fa9e-8222-11f1-b0da-2389f409459f,2,"[1, 0]",1,0,0,,0.5,2
6206,9c23fa9e-8222-11f1-b0da-2389f409459f,3,"[1, 1]",0,1,-1,,0.5,2
6207,9c23fa9e-8222-11f1-b0da-2389f409459f,3,"[1, 1]",1,1,-1,,0.5,2
6208,9c23fa9e-8222-11f1-b0da-2389f409459f,4,"[0, 0]",0,0,0,,0.5,2
6209,9c23fa9e-8222-11f1-b0da-2389f409459f,4,"[0, 0]",1,0,0,,0.5,2
6210,9c23fa9e-8222-11f1-b0da-2389f409459f,5,"[1, 0]",0,1,1,,0.5,2
6211,9c23fa9e-8222-11f1-b0da-2389f409459f,5,"[1, 0]",1,0,0,,0.5,2
6212,9c23fa9e-8222-11f1-b0da-2389f409459f,6,"[0, 0]",0,0,0,,0.5,2
6213,9c23fa9e-8222-11f1-b0da-2389f409459f,6,"[0, 0]",1,0,0,,0.5,2
6214,9c23fa9e-8222-11f1-b0da-2389f409459f,7,"[1, 0]",0,1,1,,0.5,2
6215,9c23fa9e-8222-11f1-b0da-2389f409459f,7,"[1, 0]",1,0,0,,0.5,2
6216,9c23fa9e-8222-11f1-b0da-2389f409459f,8,"[1, 1]",0,1,-1,,0.5,2
6217,9c23fa9e-8222-11f1-b0da-2389f409459f,8,"[1, 1]",1,1,-1,,0.5,2
6218,9c23fa9e-8222-11f1-b0da-2389f409459f,9,"[0, 1]",0,0,0,,0.5,2
6219,9c23fa9e-8222-11f1-b0da-2389f409459f,9,"[0, 1]",1,1,1,,0.5,2
6220,9c23fa9e-8222-11f1-b0da-2389f409459f,10,"[1, 0]",0,1,1,,0.5,2
6221,9c23fa9e-8222-11f1-b0da-2389f409459f,10,"[1, 0]",1,0,0,,0.5,2
6222,9c23fa9e-8222-11f1-b0da-2389f409459f,11,"[1, 0]",0,1,1,,0.5,2
6223,9c23fa9e-8222-11f1-b0da-2389f409459f,11,"[1, 0]",1,0,0,,0.5,2
6224,9c23fa9e-8222-11f1-b0da-2389f409459f,12,"[1, 1]",0,1,-1,,0.5,2
6225,9c23fa9e-8222-11f1-b0da-2389f409459f,12,"[1, 1]",1,1,-1,,0.5,2
6226,9c23fa9e-8222-11f1-b0da-2389f409459f,13,"[0, 0]",0,0,0,,0.5,2
6227,9c23fa9e-8222-11f1-b0da-2389f409459f,13,"[0, 0]",1,0,0,,0.5,2
6228,9c23fa9e-8222-11f1-b0da-2389f409459f,14,"[1, 1]",0,1,-1,,0.5,2
6229,9c23fa9e-8222-11f1-b0da-2389f409459f,14,"[1, 1]",1,1,-1,,0.5,2
6230,9c23fa9e-8222-11f1-b0da-2389f409459f,15,"[0, 0]",0,0,0,,0.5,2
6231,9c23fa9e-8222-11f1-b0da-2389f409459f,15,"[0, 0]",1,0,0,,0.5,2
6232,9c23fa9e-8222-11f1-b0da-2389f409459f,16,"[1, 1]",0,1,-1,,0.5,2
6233,9c23fa9e-8222-11f1-b0da-2389f409459f,16,"[1, 1]",1,1,-1,,0.5,2
6234,9c23fa9e-8222-11f1-b0da-2389f409459f,17,"[0, 1]",0,0,0,,0.5,2
6235,9c23fa9e-8222-11f1-b0da-2389f409459f,17,"[0, 1]",1,1,1,,0.5,2
6236,9c23fa9e-8222-11f1-b0da-2389f409459f,18,"[0, 1]",0,0,0,,0.5,2
6237,9c23fa9e-8222-11f1-b0da-2389f409459f,18,"[0, 1]",1,1,1,,0.5,2
6238,9c23fa9e-8222-11f1-b0da-2389f409459f,19,"[1, 1]",0,1,-1,,0.5,2
6239,9c23fa9e-8222-11f1-b0da-2389f409459f,19,"[1, 1]",1,1,-1,,0.5,2
6240,9c23fa9e-8222-11f1-b0da-2389f409459f,20,"[0, 0]",0,0,0,,0.5,2
6241,9c23fa9e-8222-11f1-b0da-2389f409459f,20,"[0, 0]",1,0,0,,0.5,2
6242,9c23fa9e-8222-11f1-b0da-2389f409459f,21,"[1, 0]",0,1,1,,0.5,2
6243,9c23fa9e-8222-11f1-b0da-2389f409459f,21,"[1, 0]",1,0,0,,0.5,2
6244,9c23fa9e-8222-11f1-b0da-2389f409459f,22,"[1, 0]",0,1,1,,0.5,2
6245,9c23fa9e-8222-11f1-b0da-2389f409459f,22,"[1, 0]",1,0,0,,0.5,2
6246,9c23fa9e-8222-11f1-b0da-2389f409459f,23,"[1, 0]",0,1,1,,0.5,2
6247,9c23fa9e-8222-11f1-b0da-2389f409459f,23,"[1, 0]",1,0,0,,0.5,2
6248,9c23fa9e-8222-11f1-b0da-2389f409459f,24,"[1, 0]",0,1,1,,0.5,2
6249,9c23fa9e-8222-11f1-b0da-2389f409459f,24,"[1, 0]",1,0,0,,0.5,2
6250,9c23fa9e-8222-11f1-b0da-2389f409459f,25,"[1, 1]",0,1,-1,,0.5,2
6251,9c23fa9e-8222-11f1-b0da-2389f409459f,25,"[1, 1]",1,1,-1,,0.5,2
6252,9c23fa9e-8222-11f1-b0da-2389f409459f,26,"[1, 1]",0,1,-1,,0.5,2
6253,9c23fa9e-8222-11f1-b0da-2389f409459f,26,"[1, 1]",1,1,-1,,0.5,2
6254,9c23fa9e-8222-11f1-b0da-2389f409459f,27,"[0, 1]",0,0,0,,0.5,2
6255,9c23fa9e-8222-11f1-b0da-2389f409459f,27,"[0, 1]",1,1,1,,0.5,2
6256,9c23fa9e-8222-11f1-b0da-2389f409459f,28,"[1, 1]",0,1,-1,,0.5,2
6257,9c23fa9e-8222-11f1-b0da-2389f409459f,28,"[1, 1]",1,1,-1,,0.5,2
6258,9c23fa9e-8222-11f1-b0da-2389f409459f,29,"[0, 0]",0,0,0,,0.5,2
6259,9c23fa9e-8222-11f1-b0da-2389f409459f,29,"[0, 0]",1,0,0,,0.5,2
6260,9c23fa9e-8222-11f1-b0da-2389f409459f,30,"[0, 1]",0,0,0,,0.5,2
6261,9c23fa9e-8222-11f1-b0da-2389f409459f,30,"[0, 1]",1,1,1,,0.5,2
6262,9c23fa9e-8222-11f1-b0da-2389f409459f,31,"[1, 1]",0,1,-1,,0.5,2
6263,9c23fa9e-8222-11f1-b0da-2389f409459f,31,"[1, 1]",1,1,-1,,0.5,2
6264,9c23fa9e-8222-11f1-b0da-2389f409459f,32,"[1, 0]",0,1,1,,0.5,2
6265,9c23fa9e-8222-11f1-b0da-2389f409459f,32,"[1, 0]",1,0,0,,0.5,2
6266,9c23fa9e-8222-11f1-b0da-2389f409459f,33,"[1, 0]",0,1,1,,0.5,2
6267,9c23fa9e-8222-11f1-b0da-2389f409459f,33,"[1, 0]",1,0,0,,0.5,2
6268,9c23fa9e-8222-11f1-b0da-2389f409459f,34,"[1, 0]",0,1,1,,0.5,2
6269,9c23fa9e-8222-11f1-b0da-2389f409459f,34,"[1, 0]",1,0,0,,0.5,2
6270,9c23fa9e-8222-11f1-b0da-2389f409459f,35,"[1, 0]",0,1,1,,0.5,2
6271,9c23fa9e-8222-11f1-b0da-2389f409459f,35,"[1, 0]",1,0,0,,0.5,2
6272,9c23fa9e-8222-11f1-b0da-2389f409459f,36,"[1, 0]",0,1,1,,0.5,2
6273,9c23fa9e-8222-11f1-b0da-2389f409459f,36,"[1, 0]",1,0,0,,0.5,2
6274,9c23fa9e-8222-11f1-b0da-2389f409459f,37,"[1, 1]",0,1,-1,,0.5,2
6275,9c23fa9e-8222-11f1-b0da-2389f409459f,37,"[1, 1]",1,1,-1,,0.5,2
6276,9c23fa9e-8222-11f1-b0da-2389f409459f,38,"[0, 1]",0,0,0,,0.5,2
6277,9c23fa9e-8222-11f1-b0da-2389f409459f,38,"[0, 1]",1,1,1,,0.5,2
6278,9c23fa9e-8222-11f1-b0da-2389f409459f,39,"[1, 1]",0,1,-1,,0.5,2
6279,9c23fa9e-8222-11f1-b0da-2389f409459f,39,"[1, 1]",1,1,-1,,0.5,2
6280,9c23fa9e-8222-11f1-b0da-2389f409459f,40,"[0, 0]",0,0,0,,0.5,2
6281,9c23fa9e-8222-11f1-b0da-2389f409459f,40,"[0, 0]",1,0,0,,0.5,2
6282,9c23fa9e-8222-11f1-b0da-2389f409459f,41,"[0, 1]",0,0,0,,0.5,2
6283,9c23fa9e-8222-11f1-b0da-2389f409459f,41,"[0, 1]",1,1,1,,0.5,2
6284,9c23fa9e-8222-11f1-b0da-2389f409459f,42,"[1, 1]",0,1,-1,,0.5,2
6285,9c23fa9e-8222-11f1-b0da-2389f409459f,42,"[1, 1]",1,1,-1,,0.5,2
6286,9c23fa9e-8222-11f1-b0da-2389f409459f,43,"[1, 1]",0,1,-1,,0.5,2
6287,9c23fa9e-8222-11f1-b0da-2389f409459f,43,"[1, 1]",1,1,-1,,0.5,2
6288,9c23fa9e-8222-11f1-b0da-2389f409459f,44,"[0, 0]",0,0,0,,0.5,2
6289,9c23fa9e-8222-11f1-b0da-2389f409459f,44,"[0, 0]",1,0,0,,0.5,2
6290,9c23fa9e-8222-11f1-b0da-2389f409459f,45,"[1, 0]",0,1,1,,0.5,2
6291,9c23fa9e-8222-11f1-b0da-2389f409459f,45,"[1, 0]",1,0,0,,0.5,2
6292,9c23fa9e-8222-11f1-b0da-2389f409459f,46,"[1, 0]",0,1,1,,0.5,2
6293,9c23fa9e-8222-11f1-b0da-2389f409459f,46,"[1, 0]",1,0,0,,0.5,2
6294,9c23fa9e-8222-11f1-b0da-2389f409459f,47,"[1, 0]",0,1,1,,0.5,2
6295,9c23fa9e-8222-11f1-b0da-2389f409459f,47,"[1, 0]",1,0,0,,0.5,2
6296,9c23fa9e-8222-11f1-b0da-2389f409459f,48,"[1, 1]",0,1,-1,,0.5,2
6297,9c23fa9e-8222-11f1-b0da-2389f409459f,48,"[1, 1]",1,1,-1,,0.5,2
6298,9c23fa9e-8222-11f1-b0da-2389f409459f,49,"[1, 0]",0,1,1,,0.5,2
6299,9c23fa9e-8222-11f1-b0da-2389f409459f,49,"[1, 0]",1,0,0,,0.5,2
6300,9c25e868-8222-11f1-b0da-2389f409459f,0,"[1, 0]",0,1,1,,0.5,2
6301,9c25e868-8222-11f1-b0da-2389f409459f,0,"[1, 0]",1,0,0,,0.5,2
6302,9c25e868-8222-11f1-b0da-2389f409459f,1,"[1, 1]",0,1,-1,,0.5,2
6303,9c25e868-8222-11f1-b0da-2389f409459f,1,"[1, 1]",1,1,-1,,0.5,2
6304,9c25e868-8222-11f1-b0da-2389f409459f,2,"[1, 1]",0,1,-1,,0.5,2
6305,9c25e868-8222-11f1-b0da-2389f409459f,2,"[1, 1]",1,1,-1,,0.5,2
6306,9c25e868-8222-11f1-b0da-2389f409459f,3,"[1, 0]",0,1,1,,0.5,2
6307,9c25e868-8222-11f1-b0da-2389f409459f,3,"[1, 0]",1,0,0,,0.5,2
6308,9c25e868-8222-11f1-b0da-2389f409459f,4,"[1, 0]",0,1,1,,0.5,2
6309,9c25e868-8222-11f1-b0da-2389f409459f,4,"[1, 0]",1,0,0,,0.5,2
6310,9c25e868-8222-11f1-b0da-2389f409459f,5,"[0, 1]",0,0,0,,0.5,2
6311,9c25e868-8222-11f1-b0da-2389f409459f,5,"[0, 1]",1,1,1,,0.5,2
6312,9c25e868-8222-11f1-b0da-2389f409459f,6,"[1, 1]",0,1,-1,,0.5,2
6313,9c25e868-8222-11f1-b0da-2389f409459f,6,"[1, 1]",1,1,-1,,0.5,2
6314,9c25e868-8222-11f1-b0da-2389f409459f,7,"[1, 0]",0,1,1,,0.5,2
6315,9c25e868-8222-11f1-b0da-2389f409459f,7,"[1, 0]",1,0,0,,0.5,2
6316,9c25e868-8222-11f1-b0da-2389f409459f,8,"[1, 0]",0,1,1,,0.5,2
6317,9c25e868-8222-11f1-b0da-2389f409459f,8,"[1, 0]",1,0,0,,0.5,2
6318,9c25e868-8222-11f1-b0da-2389f409459f,9,"[1, 0]",0,1,1,,0.5,2
6319,9c25e868-8222-11f1-b0da-2389f409459f,9,"[1, 0]",1,0,0,,0.5,2
6320,9c25e868-8222-11f1-b0da-2389f409459f,10,"[1, 0]",0,1,1,,0.5,2
6321,9c25e868-8222-11f1-b0da-2389f409459f,10,"[1, 0]",1,0,0,,0.5,2
6322,9c25e868-8222-11f1-b0da-2389f409459f,11,"[1, 0]",0,1,1,,0.5,2
6323,9c25e868-8222-11f1-b0da-2389f409459f,11,"[1, 0]",1,0,0,,0.5,2
6324,9c25e868-8222-11f1-b0da-2389f409459f,12,"[1, 1]",0,1,-1,,0.5,2
6325,9c25e868-8222-11f1-b0da-2389f409459f,12,"[1, 1]",1,1,-1,,0.5,2
6326,9c25e868-8222-11f1-b0da-2389f409459f,13,"[1, 0]",0,1,1,,0.5,2
6327,9c25e868-8222-11f1-b0da-2389f409459f,13,"[1, 0]",1,0,0,,0.5,2
6328,9c25e868-8222-11f1-b0da-2389f409459f,14,"[1, 1]",0,1,-1,,0.5,2
6329,9c25e868-8222-11f1-b0da-2389f409459f,14,"[1, 1]",1,1,-1,,0.5,2
6330,9c25e868-8222-11f1-b0da-2389f409459f,15,"[1, 1]",0,1,-1,,0.5,2
6331,9c25e868-8222-11f1-b0da-2389f409459f,15,"[1, 1]",1,1,-1,,0.5,2
6332,9c25e868-8222-11f1-b0da-2389f409459f,16,"[1, 1]",0,1,-1,,0.5,2
6333,9c25e868-8222-11f1-b0da-2389f409459f,16,"[1, 1]",1,1,-1,,0.5,2
6334,9c25e868-8222-11f1-b0da-2389f409459f,17,"[1, 0]",0,1,1,,0.5,2
6335,9c25e868-8222-11f1-b0da-2389f409459f,17,"[1, 0]",1,0,0,,0.5,2
6336,9c25e868-8222-11f1-b0da-2389f409459f,18,"[1, 1]",0,1,-1,,0.5,2
6337,9c25e868-8222-11f1-b0da-2389f409459f,18,"[1, 1]",1,1,-1,,0.5,2
6338,9c25e868-8222-11f1-b0da-2389f409459f,19,"[1, 1]",0,1,-1,,0.5,2
6339,9c25e868-8222-11f1-b0da-2389f409459f,19,"[1, 1]",1,1,-1,,0.5,2
6340,9c25e868-8222-11f1-b0da-2389f409459f,20,"[1, 0]",0,1,1,,0.5,2
6341,9c25e868-8222-11f1-b0da-2389f409459f,20,"[1, 0]",1,0,0,,0.5,2
6342,9c25e868-8222-11f1-b0da-2389f409459f,21,"[1, 0]",0,1,1,,0.5,2
6343,9c25e868-8222-11f1-b0da-2389f409459f,21,"[1, 0]",1,0,0,,0.5,2
6344,9c25e868-8222-11f1-b0da-2389f409459f,22,"[1, 0]",0,1,1,,0.5,2
6345,9c25e868-8222-11f1-b0da-2389f409459f,22,"[1, 0]",1,0,0,,0.5,2
6346,9c25e868-8222-11f1-b0da-2389f409459f,23,"[1, 1]",0,1,-1,,0.5,2
6347,9c25e868-8222-11f1-b0da-2389f409459f,23,"[1, 1]",1,1,-1,,0.5,2
6348,9c25e868-8222-11f1-b0da-2389f409459f,24,"[1, 0]",0,1,1,,0.5,2
6349,9c25e868-8222-11f1-b0da-2389f409459f,24,"[1, 0]",1,0,0,,0.5,2
6350,9c25e868-8222-11f1-b0da-2389f409459f,25,"[1, 1]",0,1,-1,,0.5,2
6351,9c25e868-8222-11f1-b0da-2389f409459f,25,"[1, 1]",1,1,-1,,0.5,2
6352,9c25e868-8222-11f1-b0da-2389f409459f,26,"[1, 0]",0,1,1,,0.5,2
6353,9c25e868-8222-11f1-b0da-2389f409459f,26,"[1, 0]",1,0,0,,0.5,2
6354,9c25e868-8222-11f1-b0da-2389f409459f,27,"[1, 0]",0,1,1,,0.5,2
6355,9c25e868-8222-11f1-b0da-2389f409459f,27,"[1, 0]",1,0,0,,0.5,2
6356,9c25e868-8222-11f1-b0da-2389f409459f,28,"[1, 0]",0,1,1,,0.5,2
6357,9c25e868-8222-11f1-b0da-2389f409459f,28,"[1, 0]",1,0,0,,0.5,2
6358,9c25e868-8222-11f1-b0da-2389f409459f,29,"[1, 0]",0,1,1,,0.5,2
6359,9c25e868-8222-11f1-b0da-2389f409459f,29,"[1, 0]",1,0,0,,0.5,2
6360,9c25e868-8222-11f1-b0da-2389f409459f,30,"[1, 0]",0,1,1,,0.5,2
6361,9c25e868-8222-11f1-b0da-2389f409459f,30,"[1, 0]",1,0,0,,0.5,2
6362,9c25e868-8222-11f1-b0da-2389f409459f,31,"[1, 0]",0,1,1,,0.5,2
6363,9c25e868-8222-11f1-b0da-2389f409459f,31,"[1, 0]",1,0,0,,0.5,2
6364,9c25e868-8222-11f1-b0da-2389f409459f,32,"[1, 0]",0,1,1,,0.5,2
6365,9c25e868-8222-11f1-b0da-2389f409459f,32,"[1, 0]",1,0,0,,0.5,2
6366,9c25e868-8222-11f1-b0da-2389f409459f,33,"[1, 0]",0,1,1,,0.5,2
6367,9c25e868-8222-11f1-b0da-2389f409459f,33,"[1, 0]",1,0,0,,0.5,2
6368,9c25e868-8222-11f1-b0da-2389f409459f,34,"[1, 0]",0,1,1,,0.5,2
6369,9c25e868-8222-11f1-b0da-2389f409459f,34,"[1, 0]",1,0,0,,0.5,2
6370,9c25e868-8222-11f1-b0da-2389f409459f,35,"[1, 1]",0,1,-1,,0.5,2
6371,9c25e868-8222-11f1-b0da-2389f409459f,35,"[1, 1]",1,1,-1,,0.5,2
6372,9c25e868-8222-11f1-b0da-2389f409459f,36,"[1, 0]",0,1,1,,0.5,2
6373,9c25e868-8222-11f1-b0da-2389f409459f,36,"[1, 0]",1,0,0,,0.5,2
6374,9c25e868-8222-11f1-b0da-2389f409459f,37,"[1, 0]",0,1,1,,0.5,2
6375,9c25e868-8222-11f1-b0da-2389f409459f,37,"[1, 0]",1,0,0,,0.5,2
6376,9c25e868-8222-11f1-b0da-2389f409459f,38,"[1, 1]",0,1,-1,,0.5,2
6377,9c25e868-8222-11f1-b0da-2389f409459f,38,"[1, 1]",1,1,-1,,0.5,2
6378,9c25e868-8222-11f1-b0da-2389f409459f,39,"[1, 0]",0,1,1,,0.5,2
6379,9c25e868-8222-11f1-b0da-2389f409459f,39,"[1, 0]",1,0,0,,0.5,2
6380,9c25e868-8222-11f1-b0da-2389f409459f,40,"[1, 1]",0,1,-1,,0.5,2
6381,9c25e868-8222-11f1-b0da-2389f409459f,40,"[1, 1]",1,1,-1,,0.5,2
6382,9c25e868-8222-11f1-b0da-2389f409459f,41,"[1, 1]",0,1,-1,,0.5,2
6383,9c25e868-8222-11f1-b0da-2389f409459f,41,"[1, 1]",1,1,-1,,0.5,2
6384,9c25e868-8222-11f1-b0da-2389f409459f,42,"[1, 1]",0,1,-1,,0.5,2
6385,9c25e868-8222-11f1-b0da-2389f409459f,42,"[1, 1]",1,1,-1,,0.5,2
6386,9c25e868-8222-11f1-b0da-2389f409459f,43,"[1, 0]",0,1,1,,0.5,2
6387,9c25e868-8222-11f1-b0da-2389f409459f,43,"[1, 0]",1,0,0,,0.5,2
6388,9c25e868-8222-11f1-b0da-2389f409459f,44,"[1, 0]",0,1,1,,0.5,2
6389,9c25e868-8222-11f1-b0da-2389f409459f,44,"[1, 0]",1,0,0,,0.5,2
6390,9c25e868-8222-11f1-b0da-2389f409459f,45,"[1, 0]",0,1,1,,0.5,2
6391,9c25e868-8222-11f1-b0da-2389f409459f,45,"[1, 0]",1,0,0,,0.5,2
6392,9c25e868-8222-11f1-b0da-2389f409459f,46,"[1, 0]",0,1,1,,0.5,2
6393,9c25e868-8222-11f1-b0da-2389f409459f,46,"[1, 0]",1,0,0,,0.5,2
6394,9c25e868-8222-11f1-b0da-2389f409459f,47,"[1, 0]",0,1,1,,0.5,2
6395,9c25e868-8222-11f1-b0da-2389f409459f,47,"[1, 0]",1,0,0,,0.5,2
6396,9c25e868-8222-11f1-b0da-2389f409459f,48,"[1, 0]",0,1,1,,0.5,2
6397,9c25e868-8222-11f1-b0da-2389f409459f,48,"[1, 0]",1,0,0,,0.5,2
6398,9c25e868-8222-11f1-b0da-2389f409459f,49,"[1, 0]",0,1,1,,0.5,2
6399,9c25e868-8222-11f1-b0da-2389f409459f,49,"[1, 0]",1,0,0,,0.5,2
6400,9c28c9a2-8222-11f1-b0da-2389f409459f,0,"[0, 0]",0,0,0,,0.5,2
6401,9c28c9a2-8222-11f1-b0da-2389f409459f,0,"[0, 0]",1,0,0,,0.5,2
6402,9c28c9a2-8222-11f1-b0da-2389f409459f,1,"[0, 1]",0,0,0,,0.5,2
6403,9c28c9a2-8222-11f1-b0da-2389f409459f,1,"[0, 1]",1,1,1,,0.5,2
6404,9c28c9a2-8222-11f1-b0da-2389f409459f,2,"[1, 0]",0,1,1,,0.5,2
6405,9c28c9a2-8222-11f1-b0da-2389f409459f,2,"[1, 0]",1,0,0,,0.5,2
6406,9c28c9a2-8222-11f1-b0da-2389f409459f,3,"[1, 0]",0,1,1,,0.5,2
6407,9c28c9a2-8222-11f1-b0da-2389f409459f,3,"[1, 0]",1,0,0,,0.5,2
6408,9c28c9a2-8222-11f1-b0da-2389f409459f,4,"[0, 0]",0,0,0,,0.5,2
6409,9c28c9a2-8222-11f1-b0da-2389f409459f,4,"[0, 0]",1,0,0,,0.5,2
6410,9c28c9a2-8222-11f1-b0da-2389f409459f,5,"[0, 0]",0,0,0,,0.5,2
6411,9c28c9a2-8222-11f1-b0da-2389f409459f,5,"[0, 0]",1,0,0,,0.5,2
6412,9c28c9a2-8222-11f1-b0da-2389f409459f,6,"[0, 1]",0,0,0,,0.5,2
6413,9c28c9a2-8222-11f1-b0da-2389f409459f,6,"[0, 1]",1,1,1,,0.5,2
6414,9c28c9a2-8222-11f1-b0da-2389f409459f,7,"[0, 1]",0,0,0,,0.5,2
6415,9c28c9a2-8222-11f1-b0da-2389f409459f,7,"[0, 1]",1,1,1,,0.5,2
6416,9c28c9a2-8222-11f1-b0da-2389f409459f,8,"[1, 0]",0,1,1,,0.5,2
6417,9c28c9a2-8222-11f1-b0da-2389f409459f,8,"[1, 0]",1,0,0,,0.5,2
6418,9c28c9a2-8222-11f1-b0da-2389f409459f,9,"[1, 1]",0,1,-1,,0.5,2
6419,9c28c9a2-8222-11f1-b0da-2389f409459f,9,"[1, 1]",1,1,-1,,0.5,2
6420,9c28c9a2-8222-11f1-b0da-2389f409459f,10,"[1, 1]",0,1,-1,,0.5,2
6421,9c28c9a2-8222-11f1-b0da-2389f409459f,10,"[1, 1]",1,1,-1,,0.5,2
6422,9c28c9a2-8222-11f1-b0da-2389f409459f,11,"[1, 1]",0,1,-1,,0.5,2
6423,9c28c9a2-8222-11f1-b0da-2389f409459f,11,"[1, 1]",1,1,-1,,0.5,2
6424,9c28c9a2-8222-11f1-b0da-2389f409459f,12,"[1, 1]",0,1,-1,,0.5,2
6425,9c28c9a2-8222-11f1-b0da-2389f409459f,12,"[1, 1]",1,1,-1,,0.5,2
6426,9c28c9a2-8222-11f1-b0da-2389f409459f,13,"[1, 1]",0,1,-1,,0.5,2
6427,9c28c9a2-8222-11f1-b0da-2389f409459f,13,"[1, 1]",1,1,-1,,0.5,2
6428,9c28c9a2-8222-11f1-b0da-2389f409459f,14,"[1, 0]",0,1,1,,0.5,2
6429,9c28c9a2-8222-11f1-b0da-2389f409459f,14,"[1, 0]",1,0,0,,0.5,2
6430,9c28c9a2-8222-11f1-b0da-2389f409459f,15,"[1, 1]",0,1,-1,,0.5,2
6431,9c28c9a2-8222-11f1-b0da-2389f409459f,15,"[1, 1]",1,1,-1,,0.5,2
6432,9c28c9a2-8222-11f1-b0da-2389f409459f,16,"[1, 1]",0,1,-1,,0.5,2
6433,9c28c9a2-8222-11f1-b0da-2389f409459f,16,"[1, 1]",1,1,-1,,0.5,2
6434,9c28c9a2-8222-11f1-b0da-2389f409459f,17,"[1, 1]",0,1,-1,,0.5,2
6435,9c28c9a2-8222-11f1-b0da-2389f409459f,17,"[1, 1]",1,1,-1,,0.5,2
6436,9c28c9a2-8222-11f1-b0da-2389f409459f,18,"[1, 0]",0,1,1,,0.5,2
6437,9c28c9a2-8222-11f1-b0da-2389f409459f,18,"[1, 0]",1,0,0,,0.5,2
6438,9c28c9a2-8222-11f1-b0da-2389f409459f,19,"[1, 0]",0,1,1,,0.5,2
6439,9c28c9a2-8222-11f1-b0da-2389f409459f,19,"[1, 0]",1,0,0,,0.5,2
6440,9c28c9a2-8222-11f1-b0da-2389f409459f,20,"[1, 0]",0,1,1,,0.5,2
6441,9c28c9a2-8222-11f1-b0da-2389f409459f,20,"[1, 0]",1,0,0,,0.5,2
6442,9c28c9a2-8222-11f1-b0da-2389f409459f,21,"[1, 1]",0,1,-1,,0.5,2
6443,9c28c9a2-8222-11f1-b0da-2389f409459f,21,"[1, 1]",1,1,-1,,0.5,2
6444,9c28c9a2-8222-11f1-b0da-2389f409459f,22,"[1, 1]",0,1,-1,,0.5,2
6445,9c28c9a2-8222-11f1-b0da-2389f409459f,22,"[1, 1]",1,1,-1,,0.5,2
6446,9c28c9a2-8222-11f1-b0da-2389f409459f,23,"[1, 1]",0,1,-1,,0.5,2
6447,9c28c9a2-8222-11f1-b0da-2389f409459f,23,"[1, 1]",1,1,-1,,0.5,2
6448,9c28c9a2-8222-11f1-b0da-2389f409459f,24,"[1, 1]",0,1,-1,,0.5,2
6449,9c28c9a2-8222-11f1-b0da-2389f409459f,24,"[1, 1]",1,1,-1,,0.5,2
6450,9c28c9a2-8222-11f1-b0da-2389f409459f,25,"[0, 1]",0,0,0,,0.5,2
6451,9c28c9a2-8222-11f1-b0da-2389f409459f,25,"[0, 1]",1,1,1,,0.5,2
6452,9c28c9a2-8222-11f1-b0da-2389f409459f,26,"[1, 0]",0,1,1,,0.5,2
6453,9c28c9a2-8222-11f1-b0da-2389f409459f,26,"[1, 0]",1,0,0,,0.5,2
6454,9c28c9a2-8222-11f1-b0da-2389f409459f,27,"[0, 0]",0,0,0,,0.5,2
6455,9c28c9a2-8222-11f1-b0da-2389f409459f,27,"[0, 0]",1,0,0,,0.5,2
6456,9c28c9a2-8222-11f1-b0da-2389f409459f,28,"[0, 0]",0,0,0,,0.5,2
6457,9c28c9a2-8222-11f1-b0da-2389f409459f,28,"[0, 0]",1,0,0,,0.5,2
6458,9c28c9a2-8222-11f1-b0da-2389f409459f,29,"[0, 1]",0,0,0,,0.5,2
6459,9c28c9a2-8222-11f1-b0da-2389f409459f,29,"[0, 1]",1,1,1,,0.5,2
6460,9c28c9a2-8222-11f1-b0da-2389f409459f,30,"[1, 0]",0,1,1,,0.5,2
6461,9c28c9a2-8222-11f1-b0da-2389f409459f,30,"[1, 0]",1,0,0,,0.5,2
6462,9c28c9a2-8222-11f1-b0da-2389f409459f,31,"[1, 0]",0,1,1,,0.5,2
6463,9c28c9a2-8222-11f1-b0da-2389f409459f,31,"[1, 0]",1,0,0,,0.5,2
6464,9c28c9a2-8222-11f1-b0da-2389f409459f,32,"[1, 0]",0,1,1,,0.5,2
6465,9c28c9a2-8222-11f1-b0da-2389f409459f,32,"[1, 0]",1,0,0,,0.5,2
6466,9c28c9a2-8222-11f1-b0da-2389f409459f,33,"[1, 0]",0,1,1,,0.5,2
6467,9c28c9a2-8222-11f1-b0da-2389f409459f,33,"[1, 0]",1,0,0,,0.5,2
6468,9c28c9a2-8222-11f1-b0da-2389f409459f,34,"[0, 0]",0,0,0,,0.5,2
6469,9c28c9a2-8222-11f1-b0da-2389f409459f,34,"[0, 0]",1,0,0,,0.5,2
6470,9c28c9a2-8222-11f1-b0da-2389f409459f,35,"[1, 0]",0,1,1,,0.5,2
6471,9c28c9a2-8222-11f1-b0da-2389f409459f,35,"[1, 0]",1,0,0,,0.5,2
6472,9c28c9a2-8222-11f1-b0da-2389f409459f,36,"[1, 0]",0,1,1,,0.5,2
6473,9c28c9a2-8222-11f1-b0da-2389f409459f,36,"[1, 0]",1,0,0,,0.5,2
6474,9c28c9a2-8222-11f1-b0da-2389f409459f,37,"[1, 0]",0,1,1,,0.5,2
6475,9c28c9a2-8222-11f1-b0da-2389f409459f,37,"[1, 0]",1,0,0,,0.5,2
6476,9c28c9a2-8222-11f1-b0da-2389f409459f,38,"[1, 0]",0,1,1,,0.5,2
6477,9c28c9a2-8222-11f1-b0da-2389f409459f,38,"[1, 0]",1,0,0,,0.5,2
6478,9c28c9a2-8222-11f1-b0da-2389f409459f,39,"[1, 0]",0,1,1,,0.5,2
6479,9c28c9a2-8222-11f1-b0da-2389f409459f,39,"[1, 0]",1,0,0,,0.5,2
6480,9c28c9a2-8222-11f1-b0da-2389f409459f,40,"[1, 0]",0,1,1,,0.5,2
6481,9c28c9a2-8222-11f1-b0da-2389f409459f,40,"[1, 0]",1,0,0,,0.5,2
6482,9c28c9a2-8222-11f1-b0da-2389f409459f,41,"[1, 0]",0,1,1,,0.5,2
6483,9c28c9a2-8222-11f1-b0da-2389f409459f,41,"[1, 0]",1,0,0,,0.5,2
6484,9c28c9a2-8222-11f1-b0da-2389f409459f,42,"[1, 1]",0,1,-1,,0.5,2
6485,9c28c9a2-8222-11f1-b0da-2389f409459f,42,"[1, 1]",1,1,-1,,0.5,2
6486,9c28c9a2-8222-11f1-b0da-2389f409459f,43,"[0, 0]",0,0,0,,0.5,2
6487,9c28c9a2-8222-11f1-b0da-2389f409459f,43,"[0, 0]",1,0,0,,0.5,2
6488,9c28c9a2-8222-11f1-b0da-2389f409459f,44,"[0, 1]",0,0,0,,0.5,2
6489,9c28c9a2-8222-11f1-b0da-2389f409459f,44,"[0, 1]",1,1,1,,0.5,2
6490,9c28c9a2-8222-11f1-b0da-2389f409459f,45,"[1, 1]",0,1,-1,,0.5,2
6491,9c28c9a2-8222-11f1-b0da-2389f409459f,45,"[1, 1]",1,1,-1,,0.5,2
6492,9c28c9a2-8222-11f1-b0da-2389f409459f,46,"[1, 1]",0,1,-1,,0.5,2
6493,9c28c9a2-8222-11f1-b0da-2389f409459f,46,"[1, 1]",1,1,-1,,0.5,2
6494,9c28c9a2-8222-11f1-b0da-2389f409459f,47,"[1, 1]",0,1,-1,,0.5,2
6495,9c28c9a2-8222-11f1-b0da-2389f409459f,47,"[1, 1]",1,1,-1,,0.5,2
6496,9c28c9a2-8222-11f1-b0da-2389f409459f,48,"[1, 1]",0,1,-1,,0.5,2
6497,9c28c9a2-8222-11f1-b0da-2389f409459f,48,"[1, 1]",1,1,-1,,0.5,2
6498,9c28c9a2-8222-11f1-b0da-2389f409459f,49,"[1, 1]",0,1,-1,,0.5,2
6499,9c28c9a2-8222-11f1-b0da-2389f409459f,49,"[1, 1]",1,1,-1,,0.5,2
6500,9c3317a4-8222-11f1-b0da-2389f409459f,0,"[0, 1]",0,0,0,,0.5,2
6501,9c3317a4-8222-11f1-b0da-2389f409459f,0,"[0, 1]",1,1,1,,0.5,2
6502,9c3317a4-8222-11f1-b0da-2389f409459f,1,"[0, 1]",0,0,0,,0.5,2
6503,9c3317a4-8222-11f1-b0da-2389f409459f,1,"[0, 1]",1,1,1,,0.5,2
6504,9c3317a4-8222-11f1-b0da-2389f409459f,2,"[1, 0]",0,1,1,,0.5,2
6505,9c3317a4-8222-11f1-b0da-2389f409459f,2,"[1, 0]",1,0,0,,0.5,2
6506,9c3317a4-8222-11f1-b0da-2389f409459f,3,"[0, 1]",0,0,0,,0.5,2
6507,9c3317a4-8222-11f1-b0da-2389f409459f,3,"[0, 1]",1,1,1,,0.5,2
6508,9c3317a4-8222-11f1-b0da-2389f409459f,4,"[0, 1]",0,0,0,,0.5,2
6509,9c3317a4-8222-11f1-b0da-2389f409459f,4,"[0, 1]",1,1,1,,0.5,2
6510,9c3317a4-8222-11f1-b0da-2389f409459f,5,"[1, 0]",0,1,1,,0.5,2
6511,9c3317a4-8222-11f1-b0da-2389f409459f,5,"[1, 0]",1,0,0,,0.5,2
6512,9c3317a4-8222-11f1-b0da-2389f409459f,6,"[0, 1]",0,0,0,,0.5,2
6513,9c3317a4-8222-11f1-b0da-2389f409459f,6,"[0, 1]",1,1,1,,0.5,2
6514,9c3317a4-8222-11f1-b0da-2389f409459f,7,"[1, 0]",0,1,1,,0.5,2
6515,9c3317a4-8222-11f1-b0da-2389f409459f,7,"[1, 0]",1,0,0,,0.5,2
6516,9c3317a4-8222-11f1-b0da-2389f409459f,8,"[1, 1]",0,1,-1,,0.5,2
6517,9c3317a4-8222-11f1-b0da-2389f409459f,8,"[1, 1]",1,1,-1,,0.5,2
6518,9c3317a4-8222-11f1-b0da-2389f409459f,9,"[0, 0]",0,0,0,,0.5,2
6519,9c3317a4-8222-11f1-b0da-2389f409459f,9,"[0, 0]",1,0,0,,0.5,2
6520,9c3317a4-8222-11f1-b0da-2389f409459f,10,"[1, 1]",0,1,-1,,0.5,2
6521,9c3317a4-8222-11f1-b0da-2389f409459f,10,"[1, 1]",1,1,-1,,0.5,2
6522,9c3317a4-8222-11f1-b0da-2389f409459f,11,"[0, 0]",0,0,0,,0.5,2
6523,9c3317a4-8222-11f1-b0da-2389f409459f,11,"[0, 0]",1,0,0,,0.5,2
6524,9c3317a4-8222-11f1-b0da-2389f409459f,12,"[0, 0]",0,0,0,,0.5,2
6525,9c3317a4-8222-11f1-b0da-2389f409459f,12,"[0, 0]",1,0,0,,0.5,2
6526,9c3317a4-8222-11f1-b0da-2389f409459f,13,"[0, 0]",0,0,0,,0.5,2
6527,9c3317a4-8222-11f1-b0da-2389f409459f,13,"[0, 0]",1,0,0,,0.5,2
6528,9c3317a4-8222-11f1-b0da-2389f409459f,14,"[1, 1]",0,1,-1,,0.5,2
6529,9c3317a4-8222-11f1-b0da-2389f409459f,14,"[1, 1]",1,1,-1,,0.5,2
6530,9c3317a4-8222-11f1-b0da-2389f409459f,15,"[0, 0]",0,0,0,,0.5,2
6531,9c3317a4-8222-11f1-b0da-2389f409459f,15,"[0, 0]",1,0,0,,0.5,2
6532,9c3317a4-8222-11f1-b0da-2389f409459f,16,"[1, 1]",0,1,-1,,0.5,2
6533,9c3317a4-8222-11f1-b0da-2389f409459f,16,"[1, 1]",1,1,-1,,0.5,2
6534,9c3317a4-8222-11f1-b0da-2389f409459f,17,"[0, 1]",0,0,0,,0.5,2
6535,9c3317a4-8222-11f1-b0da-2389f409459f,17,"[0, 1]",1,1,1,,0.5,2
6536,9c3317a4-8222-11f1-b0da-2389f409459f,18,"[1, 1]",0,1,-1,,0.5,2
6537,9c3317a4-8222-11f1-b0da-2389f409459f,18,"[1, 1]",1,1,-1,,0.5,2
6538,9c3317a4-8222-11f1-b0da-2389f409459f,19,"[1, 0]",0,1,1,,0.5,2
6539,9c3317a4-8222-11f1-b0da-2389f409459f,19,"[1, 0]",1,0,0,,0.5,2
6540,9c3317a4-8222-11f1-b0da-2389f409459f,20,"[1, 1]",0,1,-1,,0.5,2
6541,9c3317a4-8222-11f1-b0da-2389f409459f,20,"[1, 1]",1,1,-1,,0.5,2
6542,9c3317a4-8222-11f1-b0da-2389f409459f,21,"[0, 0]",0,0,0,,0.5,2
6543,9c3317a4-8222-11f1-b0da-2389f409459f,21,"[0, 0]",1,0,0,,0.5,2
6544,9c3317a4-8222-11f1-b0da-2389f409459f,22,"[0, 0]",0,0,0,,0.5,2
6545,9c3317a4-8222-11f1-b0da-2389f409459f,22,"[0, 0]",1,0,0,,0.5,2
6546,9c3317a4-8222-11f1-b0da-2389f409459f,23,"[1, 0]",0,1,1,,0.5,2
6547,9c3317a4-8222-11f1-b0da-2389f409459f,23,"[1, 0]",1,0,0,,0.5,2
6548,9c3317a4-8222-11f1-b0da-2389f409459f,24,"[1, 0]",0,1,1,,0.5,2
6549,9c3317a4-8222-11f1-b0da-2389f409459f,24,"[1, 0]",1,0,0,,0.5,2
6550,9c3317a4-8222-11f1-b0da-2389f409459f,25,"[1, 1]",0,1,-1,,0.5,2
6551,9c3317a4-8222-11f1-b0da-2389f409459f,25,"[1, 1]",1,1,-1,,0.5,2
6552,9c3317a4-8222-11f1-b0da-2389f409459f,26,"[0, 1]",0,0,0,,0.5,2
6553,9c3317a4-8222-11f1-b0da-2389f409459f,26,"[0, 1]",1,1,1,,0.5,2
6554,9c3317a4-8222-11f1-b0da-2389f409459f,27,"[0, 0]",0,0,0,,0.5,2
6555,9c3317a4-8222-11f1-b0da-2389f409459f,27,"[0, 0]",1,0,0,,0.5,2
6556,9c3317a4-8222-11f1-b0da-2389f409459f,28,"[0, 0]",0,0,0,,0.5,2
6557,9c3317a4-8222-11f1-b0da-2389f409459f,28,"[0, 0]",1,0,0,,0.5,2
6558,9c3317a4-8222-11f1-b0da-2389f409459f,29,"[1, 0]",0,1,1,,0.5,2
6559,9c3317a4-8222-11f1-b0da-2389f409459f,29,"[1, 0]",1,0,0,,0.5,2
6560,9c3317a4-8222-11f1-b0da-2389f409459f,30,"[0, 0]",0,0,0,,0.5,2
6561,9c3317a4-8222-11f1-b0da-2389f409459f,30,"[0, 0]",1,0,0,,0.5,2
6562,9c3317a4-8222-11f1-b0da-2389f409459f,31,"[0, 1]",0,0,0,,0.5,2
6563,9c3317a4-8222-11f1-b0da-2389f409459f,31,"[0, 1]",1,1,1,,0.5,2
6564,9c3317a4-8222-11f1-b0da-2389f409459f,32,"[0, 0]",0,0,0,,0.5,2
6565,9c3317a4-8222-11f1-b0da-2389f409459f,32,"[0, 0]",1,0,0,,0.5,2
6566,9c3317a4-8222-11f1-b0da-2389f409459f,33,"[0, 0]",0,0,0,,0.5,2
6567,9c3317a4-8222-11f1-b0da-2389f409459f,33,"[0, 0]",1,0,0,,0.5,2
6568,9c3317a4-8222-11f1-b0da-2389f409459f,34,"[1, 1]",0,1,-1,,0.5,2
6569,9c3317a4-8222-11f1-b0da-2389f409459f,34,"[1, 1]",1,1,-1,,0.5,2
6570,9c3317a4-8222-11f1-b0da-2389f409459f,35,"[0, 0]",0,0,0,,0.5,2
6571,9c3317a4-8222-11f1-b0da-2389f409459f,35,"[0, 0]",1,0,0,,0.5,2
6572,9c3317a4-8222-11f1-b0da-2389f409459f,36,"[0, 0]",0,0,0,,0.5,2
6573,9c3317a4-8222-11f1-b0da-2389f409459f,36,"[0, 0]",1,0,0,,0.5,2
6574,9c3317a4-8222-11f1-b0da-2389f409459f,37,"[1, 1]",0,1,-1,,0.5,2
6575,9c3317a4-8222-11f1-b0da-2389f409459f,37,"[1, 1]",1,1,-1,,0.5,2
6576,9c3317a4-8222-11f1-b0da-2389f409459f,38,"[0, 0]",0,0,0,,0.5,2
6577,9c3317a4-8222-11f1-b0da-2389f409459f,38,"[0, 0]",1,0,0,,0.5,2
6578,9c3317a4-8222-11f1-b0da-2389f409459f,39,"[0, 0]",0,0,0,,0.5,2
6579,9c3317a4-8222-11f1-b0da-2389f409459f,39,"[0, 0]",1,0,0,,0.5,2
6580,9c3317a4-8222-11f1-b0da-2389f409459f,40,"[0, 0]",0,0,0,,0.5,2
6581,9c3317a4-8222-11f1-b0da-2389f409459f,40,"[0, 0]",1,0,0,,0.5,2
6582,9c3317a4-8222-11f1-b0da-2389f409459f,41,"[0, 0]",0,0,0,,0.5,2
6583,9c3317a4-8222-11f1-b0da-2389f409459f,41,"[0, 0]",1,0,0,,0.5,2
6584,9c3317a4-8222-11f1-b0da-2389f409459f,42,"[0, 1]",0,0,0,,0.5,2
6585,9c3317a4-8222-11f1-b0da-2389f409459f,42,"[0, 1]",1,1,1,,0.5,2
6586,9c3317a4-8222-11f1-b0da-2389f409459f,43,"[1, 1]",0,1,-1,,0.5,2
6587,9c3317a4-8222-11f1-b0da-2389f409459f,43,"[1, 1]",1,1,-1,,0.5,2
6588,9c3317a4-8222-11f1-b0da-2389f409459f,44,"[0, 1]",0,0,0,,0.5,2
6589,9c3317a4-8222-11f1-b0da-2389f409459f,44,"[0, 1]",1,1,1,,0.5,2
6590,9c3317a4-8222-11f1-b0da-2389f409459f,45,"[1, 1]",0,1,-1,,0.5,2
6591,9c3317a4-8222-11f1-b0da-2389f409459f,45,"[1, 1]",1,1,-1,,0.5,2
6592,9c3317a4-8222-11f1-b0da-2389f409459f,46,"[1, 1]",0,1,-1,,0.5,2
6593,9c3317a4-8222-11f1-b0da-2389f409459f,46,"[1, 1]",1,1,-1,,0.5,2
6594,9c3317a4-8222-11f1-b0da-2389f409459f,47,"[0, 0]",0,0,0,,0.5,2
6595,9c3317a4-8222-11f1-b0da-2389f409459f,47,"[0, 0]",1,0,0,,0.5,2
6596,9c3317a4-8222-11f1-b0da-2389f409459f,48,"[0, 0]",0,0,0,,0.5,2
6597,9c3317a4-8222-11f1-b0da-2389f409459f,48,"[0, 0]",1,0,0,,0.5,2
6598,9c3317a4-8222-11f1-b0da-2389f409459f,49,"[0, 1]",0,0,0,,0.5,2
6599,9c3317a4-8222-11f1-b0da-2389f409459f,49,"[0, 1]",1,1,1,,0.5,2
6600,9c35a3b6-8222-11f1-b0da-2389f409459f,0,"[0, 1]",0,0,0,,0.5,2
6601,9c35a3b6-8222-11f1-b0da-2389f409459f,0,"[0, 1]",1,1,1,,0.5,2
6602,9c35a3b6-8222-11f1-b0da-2389f409459f,1,"[1, 0]",0,1,1,,0.5,2
6603,9c35a3b6-8222-11f1-b0da-2389f409459f,1,"[1, 0]",1,0,0,,0.5,2
6604,9c35a3b6-8222-11f1-b0da-2389f409459f,2,"[0, 1]",0,0,0,,0.5,2
6605,9c35a3b6-8222-11f1-b0da-2389f409459f,2,"[0, 1]",1,1,1,,0.5,2
6606,9c35a3b6-8222-11f1-b0da-2389f409459f,3,"[1, 0]",0,1,1,,0.5,2
6607,9c35a3b6-8222-11f1-b0da-2389f409459f,3,"[1, 0]",1,0,0,,0.5,2
6608,9c35a3b6-8222-11f1-b0da-2389f409459f,4,"[1, 1]",0,1,-1,,0.5,2
6609,9c35a3b6-8222-11f1-b0da-2389f409459f,4,"[1, 1]",1,1,-1,,0.5,2
6610,9c35a3b6-8222-11f1-b0da-2389f409459f,5,"[1, 0]",0,1,1,,0.5,2
6611,9c35a3b6-8222-11f1-b0da-2389f409459f,5,"[1, 0]",1,0,0,,0.5,2
6612,9c35a3b6-8222-11f1-b0da-2389f409459f,6,"[0, 1]",0,0,0,,0.5,2
6613,9c35a3b6-8222-11f1-b0da-2389f409459f,6,"[0, 1]",1,1,1,,0.5,2
6614,9c35a3b6-8222-11f1-b0da-2389f409459f,7,"[1, 0]",0,1,1,,0.5,2
6615,9c35a3b6-8222-11f1-b0da-2389f409459f,7,"[1, 0]",1,0,0,,0.5,2
6616,9c35a3b6-8222-11f1-b0da-2389f409459f,8,"[1, 1]",0,1,-1,,0.5,2
6617,9c35a3b6-8222-11f1-b0da-2389f409459f,8,"[1, 1]",1,1,-1,,0.5,2
6618,9c35a3b6-8222-11f1-b0da-2389f409459f,9,"[0, 0]",0,0,0,,0.5,2
6619,9c35a3b6-8222-11f1-b0da-2389f409459f,9,"[0, 0]",1,0,0,,0.5,2
6620,9c35a3b6-8222-11f1-b0da-2389f409459f,10,"[0, 1]",0,0,0,,0.5,2
6621,9c35a3b6-8222-11f1-b0da-2389f409459f,10,"[0, 1]",1,1,1,,0.5,2
6622,9c35a3b6-8222-11f1-b0da-2389f409459f,11,"[1, 0]",0,1,1,,0.5,2
6623,9c35a3b6-8222-11f1-b0da-2389f409459f,11,"[1, 0]",1,0,0,,0.5,2
6624,9c35a3b6-8222-11f1-b0da-2389f409459f,12,"[1, 1]",0,1,-1,,0.5,2
6625,9c35a3b6-8222-11f1-b0da-2389f409459f,12,"[1, 1]",1,1,-1,,0.5,2
6626,9c35a3b6-8222-11f1-b0da-2389f409459f,13,"[0, 0]",0,0,0,,0.5,2
6627,9c35a3b6-8222-11f1-b0da-2389f409459f,13,"[0, 0]",1,0,0,,0.5,2
6628,9c35a3b6-8222-11f1-b0da-2389f409459f,14,"[1, 1]",0,1,-1,,0.5,2
6629,9c35a3b6-8222-11f1-b0da-2389f409459f,14,"[1, 1]",1,1,-1,,0.5,2
6630,9c35a3b6-8222-11f1-b0da-2389f409459f,15,"[0, 0]",0,0,0,,0.5,2
6631,9c35a3b6-8222-11f1-b0da-2389f409459f,15,"[0, 0]",1,0,0,,0.5,2
6632,9c35a3b6-8222-11f1-b0da-2389f409459f,16,"[0, 1]",0,0,0,,0.5,2
6633,9c35a3b6-8222-11f1-b0da-2389f409459f,16,"[0, 1]",1,1,1,,0.5,2
6634,9c35a3b6-8222-11f1-b0da-2389f409459f,17,"[1, 0]",0,1,1,,0.5,2
6635,9c35a3b6-8222-11f1-b0da-2389f409459f,17,"[1, 0]",1,0,0,,0.5,2
6636,9c35a3b6-8222-11f1-b0da-2389f409459f,18,"[1, 1]",0,1,-1,,0.5,2
6637,9c35a3b6-8222-11f1-b0da-2389f409459f,18,"[1, 1]",1,1,-1,,0.5,2
6638,9c35a3b6-8222-11f1-b0da-2389f409459f,19,"[0, 1]",0,0,0,,0.5,2
6639,9c35a3b6-8222-11f1-b0da-2389f409459f,19,"[0, 1]",1,1,1,,0.5,2
6640,9c35a3b6-8222-11f1-b0da-2389f409459f,20,"[1, 1]",0,1,-1,,0.5,2
6641,9c35a3b6-8222-11f1-b0da-2389f409459f,20,"[1, 1]",1,1,-1,,0.5,2
6642,9c35a3b6-8222-11f1-b0da-2389f409459f,21,"[0, 0]",0,0,0,,0.5,2
6643,9c35a3b6-8222-11f1-b0da-2389f409459f,21,"[0, 0]",1,0,0,,0.5,2
6644,9c35a3b6-8222-11f1-b0da-2389f409459f,22,"[0, 1]",0,0,0,,0.5,2
6645,9c35a3b6-8222-11f1-b0da-2389f409459f,22,"[0, 1]",1,1,1,,0.5,2
6646,9c35a3b6-8222-11f1-b0da-2389f409459f,23,"[1, 0]",0,1,1,,0.5,2
6647,9c35a3b6-8222-11f1-b0da-2389f409459f,23,"[1, 0]",1,0,0,,0.5,2
6648,9c35a3b6-8222-11f1-b0da-2389f409459f,24,"[0, 1]",0,0,0,,0.5,2
6649,9c35a3b6-8222-11f1-b0da-2389f409459f,24,"[0, 1]",1,1,1,,0.5,2
6650,9c35a3b6-8222-11f1-b0da-2389f409459f,25,"[1, 0]",0,1,1,,0.5,2
6651,9c35a3b6-8222-11f1-b0da-2389f409459f,25,"[1, 0]",1,0,0,,0.5,2
6652,9c35a3b6-8222-11f1-b0da-2389f409459f,26,"[0, 1]",0,0,0,,0.5,2
6653,9c35a3b6-8222-11f1-b0da-2389f409459f,26,"[0, 1]",1,1,1,,0.5,2
6654,9c35a3b6-8222-11f1-b0da-2389f409459f,27,"[1, 0]",0,1,1,,0.5,2
6655,9c35a3b6-8222-11f1-b0da-2389f409459f,27,"[1, 0]",1,0,0,,0.5,2
6656,9c35a3b6-8222-11f1-b0da-2389f409459f,28,"[0, 1]",0,0,0,,0.5,2
6657,9c35a3b6-8222-11f1-b0da-2389f409459f,28,"[0, 1]",1,1,1,,0.5,2
6658,9c35a3b6-8222-11f1-b0da-2389f409459f,29,"[1, 0]",0,1,1,,0.5,2
6659,9c35a3b6-8222-11f1-b0da-2389f409459f,29,"[1, 0]",1,0,0,,0.5,2
6660,9c35a3b6-8222-11f1-b0da-2389f409459f,30,"[0, 1]",0,0,0,,0.5,2
6661,9c35a3b6-8222-11f1-b0da-2389f409459f,30,"[0, 1]",1,1,1,,0.5,2
6662,9c35a3b6-8222-11f1-b0da-2389f409459f,31,"[0, 0]",0,0,0,,0.5,2
6663,9c35a3b6-8222-11f1-b0da-2389f409459f,31,"[0, 0]",1,0,0,,0.5,2
6664,9c35a3b6-8222-11f1-b0da-2389f409459f,32,"[0, 1]",0,0,0,,0.5,2
6665,9c35a3b6-8222-11f1-b0da-2389f409459f,32,"[0, 1]",1,1,1,,0.5,2
6666,9c35a3b6-8222-11f1-b0da-2389f409459f,33,"[1, 0]",0,1,1,,0.5,2
6667,9c35a3b6-8222-11f1-b0da-2389f409459f,33,"[1, 0]",1,0,0,,0.5,2
6668,9c35a3b6-8222-11f1-b0da-2389f409459f,34,"[0, 1]",0,0,0,,0.5,2
6669,9c35a3b6-8222-11f1-b0da-2389f409459f,34,"[0, 1]",1,1,1,,0.5,2
6670,9c35a3b6-8222-11f1-b0da-2389f409459f,35,"[1, 0]",0,1,1,,0.5,2
6671,9c35a3b6-8222-11f1-b0da-2389f409459f,35,"[1, 0]",1,0,0,,0.5,2
6672,9c35a3b6-8222-11f1-b0da-2389f409459f,36,"[0, 0]",0,0,0,,0.5,2
6673,9c35a3b6-8222-11f1-b0da-2389f409459f,36,"[0, 0]",1,0,0,,0.5,2
6674,9c35a3b6-8222-11f1-b0da-2389f409459f,37,"[0, 1]",0,0,0,,0.5,2
6675,9c35a3b6-8222-11f1-b0da-2389f409459f,37,"[0, 1]",1,1,1,,0.5,2
6676,9c35a3b6-8222-11f1-b0da-2389f409459f,38,"[1, 0]",0,1,1,,0.5,2
6677,9c35a3b6-8222-11f1-b0da-2389f409459f,38,"[1, 0]",1,0,0,,0.5,2
6678,9c35a3b6-8222-11f1-b0da-2389f409459f,39,"[0, 0]",0,0,0,,0.5,2
6679,9c35a3b6-8222-11f1-b0da-2389f409459f,39,"[0, 0]",1,0,0,,0.5,2
6680,9c35a3b6-8222-11f1-b0da-2389f409459f,40,"[1, 1]",0,1,-1,,0.5,2
6681,9c35a3b6-8222-11f1-b0da-2389f409459f,40,"[1, 1]",1,1,-1,,0.5,2
6682,9c35a3b6-8222-11f1-b0da-2389f409459f,41,"[0, 0]",0,0,0,,0.5,2
6683,9c35a3b6-8222-11f1-b0da-2389f409459f,41,"[0, 0]",1,0,0,,0.5,2
6684,9c35a3b6-8222-11f1-b0da-2389f409459f,42,"[0, 1]",0,0,0,,0.5,2
6685,9c35a3b6-8222-11f1-b0da-2389f409459f,42,"[0, 1]",1,1,1,,0.5,2
6686,9c35a3b6-8222-11f1-b0da-2389f409459f,43,"[1, 0]",0,1,1,,0.5,2
6687,9c35a3b6-8222-11f1-b0da-2389f409459f,43,"[1, 0]",1,0,0,,0.5,2
6688,9c35a3b6-8222-11f1-b0da-2389f409459f,44,"[0, 1]",0,0,0,,0.5,2
6689,9c35a3b6-8222-11f1-b0da-2389f409459f,44,"[0, 1]",1,1,1,,0.5,2
6690,9c35a3b6-8222-11f1-b0da-2389f409459f,45,"[1, 0]",0,1,1,,0.5,2
6691,9c35a3b6-8222-11f1-b0da-2389f409459f,45,"[1, 0]",1,0,0,,0.5,2
6692,9c35a3b6-8222-11f1-b0da-2389f409459f,46,"[1, 1]",0,1,-1,,0.5,2
6693,9c35a3b6-8222-11f1-b0da-2389f409459f,46,"[1, 1]",1,1,-1,,0.5,2
6694,9c35a3b6-8222-11f1-b0da-2389f409459f,47,"[0, 1]",0,0,0,,0.5,2
6695,9c35a3b6-8222-11f1-b0da-2389f409459f,47,"[0, 1]",1,1,1,,0.5,2
6696,9c35a3b6-8222-11f1-b0da-2389f409459f,48,"[1, 0]",0,1,1,,0.5,2
6697,9c35a3b6-8222-11f1-b0da-2389f409459f,48,"[1, 0]",1,0,0,,0.5,2
6698,9c35a3b6-8222-11f1-b0da-2389f409459f,49,"[0, 1]",0,0,0,,0.5,2
6699,9c35a3b6-8222-11f1-b0da-2389f409459f,49,"[0, 1]",1,1,1,,0.5,2
6700,9c388540-8222-11f1-b0da-2389f409459f,0,"[1, 0]",0,1,1,,0.5,2
6701,9c388540-8222-11f1-b0da-2389f409459f,0,"[1, 0]",1,0,0,,0.5,2
6702,9c388540-8222-11f1-b0da-2389f409459f,1,"[0, 0]",0,0,0,,0.5,2
6703,9c388540-8222-11f1-b0da-2389f409459f,1,"[0, 0]",1,0,0,,0.5,2
6704,9c388540-8222-11f1-b0da-2389f409459f,2,"[1, 0]",0,1,1,,0.5,2
6705,9c388540-8222-11f1-b0da-2389f409459f,2,"[1, 0]",1,0,0,,0.5,2
6706,9c388540-8222-11f1-b0da-2389f409459f,3,"[0, 1]",0,0,0,,0.5,2
6707,9c388540-8222-11f1-b0da-2389f409459f,3,"[0, 1]",1,1,1,,0.5,2
6708,9c388540-8222-11f1-b0da-2389f409459f,4,"[1, 1]",0,1,-1,,0.5,2
6709,9c388540-8222-11f1-b0da-2389f409459f,4,"[1, 1]",1,1,-1,,0.5,2
6710,9c388540-8222-11f1-b0da-2389f409459f,5,"[1, 0]",0,1,1,,0.5,2
6711,9c388540-8222-11f1-b0da-2389f409459f,5,"[1, 0]",1,0,0,,0.5,2
6712,9c388540-8222-11f1-b0da-2389f409459f,6,"[0, 1]",0,0,0,,0.5,2
6713,9c388540-8222-11f1-b0da-2389f409459f,6,"[0, 1]",1,1,1,,0.5,2
6714,9c388540-8222-11f1-b0da-2389f409459f,7,"[1, 1]",0,1,-1,,0.5,2
6715,9c388540-8222-11f1-b0da-2389f409459f,7,"[1, 1]",1,1,-1,,0.5,2
6716,9c388540-8222-11f1-b0da-2389f409459f,8,"[1, 1]",0,1,-1,,0.5,2
6717,9c388540-8222-11f1-b0da-2389f409459f,8,"[1, 1]",1,1,-1,,0.5,2
6718,9c388540-8222-11f1-b0da-2389f409459f,9,"[1, 1]",0,1,-1,,0.5,2
6719,9c388540-8222-11f1-b0da-2389f409459f,9,"[1, 1]",1,1,-1,,0.5,2
6720,9c388540-8222-11f1-b0da-2389f409459f,10,"[1, 0]",0,1,1,,0.5,2
6721,9c388540-8222-11f1-b0da-2389f409459f,10,"[1, 0]",1,0,0,,0.5,2
6722,9c388540-8222-11f1-b0da-2389f409459f,11,"[0, 1]",0,0,0,,0.5,2
6723,9c388540-8222-11f1-b0da-2389f409459f,11,"[0, 1]",1,1,1,,0.5,2
6724,9c388540-8222-11f1-b0da-2389f409459f,12,"[1, 1]",0,1,-1,,0.5,2
6725,9c388540-8222-11f1-b0da-2389f409459f,12,"[1, 1]",1,1,-1,,0.5,2
6726,9c388540-8222-11f1-b0da-2389f409459f,13,"[0, 0]",0,0,0,,0.5,2
6727,9c388540-8222-11f1-b0da-2389f409459f,13,"[0, 0]",1,0,0,,0.5,2
6728,9c388540-8222-11f1-b0da-2389f409459f,14,"[1, 0]",0,1,1,,0.5,2
6729,9c388540-8222-11f1-b0da-2389f409459f,14,"[1, 0]",1,0,0,,0.5,2
6730,9c388540-8222-11f1-b0da-2389f409459f,15,"[0, 1]",0,0,0,,0.5,2
6731,9c388540-8222-11f1-b0da-2389f409459f,15,"[0, 1]",1,1,1,,0.5,2
6732,9c388540-8222-11f1-b0da-2389f409459f,16,"[1, 1]",0,1,-1,,0.5,2
6733,9c388540-8222-11f1-b0da-2389f409459f,16,"[1, 1]",1,1,-1,,0.5,2
6734,9c388540-8222-11f1-b0da-2389f409459f,17,"[1, 0]",0,1,1,,0.5,2
6735,9c388540-8222-11f1-b0da-2389f409459f,17,"[1, 0]",1,0,0,,0.5,2
6736,9c388540-8222-11f1-b0da-2389f409459f,18,"[0, 0]",0,0,0,,0.5,2
6737,9c388540-8222-11f1-b0da-2389f409459f,18,"[0, 0]",1,0,0,,0.5,2
6738,9c388540-8222-11f1-b0da-2389f409459f,19,"[1, 0]",0,1,1,,0.5,2
6739,9c388540-8222-11f1-b0da-2389f409459f,19,"[1, 0]",1,0,0,,0.5,2
6740,9c388540-8222-11f1-b0da-2389f409459f,20,"[0, 0]",0,0,0,,0.5,2
6741,9c388540-8222-11f1-b0da-2389f409459f,20,"[0, 0]",1,0,0,,0.5,2
6742,9c388540-8222-11f1-b0da-2389f409459f,21,"[1, 1]",0,1,-1,,0.5,2
6743,9c388540-8222-11f1-b0da-2389f409459f,21,"[1, 1]",1,1,-1,,0.5,2
6744,9c388540-8222-11f1-b0da-2389f409459f,22,"[1, 1]",0,1,-1,,0.5,2
6745,9c388540-8222-11f1-b0da-2389f409459f,22,"[1, 1]",1,1,-1,,0.5,2
6746,9c388540-8222-11f1-b0da-2389f409459f,23,"[1, 0]",0,1,1,,0.5,2
6747,9c388540-8222-11f1-b0da-2389f409459f,23,"[1, 0]",1,0,0,,0.5,2
6748,9c388540-8222-11f1-b0da-2389f409459f,24,"[0, 0]",0,0,0,,0.5,2
6749,9c388540-8222-11f1-b0da-2389f409459f,24,"[0, 0]",1,0,0,,0.5,2
6750,9c388540-8222-11f1-b0da-2389f409459f,25,"[1, 0]",0,1,1,,0.5,2
6751,9c388540-8222-11f1-b0da-2389f409459f,25,"[1, 0]",1,0,0,,0.5,2
6752,9c388540-8222-11f1-b0da-2389f409459f,26,"[0, 0]",0,0,0,,0.5,2
6753,9c388540-8222-11f1-b0da-2389f409459f,26,"[0, 0]",1,0,0,,0.5,2
6754,9c388540-8222-11f1-b0da-2389f409459f,27,"[1, 0]",0,1,1,,0.5,2
6755,9c388540-8222-11f1-b0da-2389f409459f,27,"[1, 0]",1,0,0,,0.5,2
6756,9c388540-8222-11f1-b0da-2389f409459f,28,"[0, 0]",0,0,0,,0.5,2
6757,9c388540-8222-11f1-b0da-2389f409459f,28,"[0, 0]",1,0,0,,0.5,2
6758,9c388540-8222-11f1-b0da-2389f409459f,29,"[1, 1]",0,1,-1,,0.5,2
6759,9c388540-8222-11f1-b0da-2389f409459f,29,"[1, 1]",1,1,-1,,0.5,2
6760,9c388540-8222-11f1-b0da-2389f409459f,30,"[1, 0]",0,1,1,,0.5,2
6761,9c388540-8222-11f1-b0da-2389f409459f,30,"[1, 0]",1,0,0,,0.5,2
6762,9c388540-8222-11f1-b0da-2389f409459f,31,"[1, 0]",0,1,1,,0.5,2
6763,9c388540-8222-11f1-b0da-2389f409459f,31,"[1, 0]",1,0,0,,0.5,2
6764,9c388540-8222-11f1-b0da-2389f409459f,32,"[0, 1]",0,0,0,,0.5,2
6765,9c388540-8222-11f1-b0da-2389f409459f,32,"[0, 1]",1,1,1,,0.5,2
6766,9c388540-8222-11f1-b0da-2389f409459f,33,"[1, 1]",0,1,-1,,0.5,2
6767,9c388540-8222-11f1-b0da-2389f409459f,33,"[1, 1]",1,1,-1,,0.5,2
6768,9c388540-8222-11f1-b0da-2389f409459f,34,"[1, 0]",0,1,1,,0.5,2
6769,9c388540-8222-11f1-b0da-2389f409459f,34,"[1, 0]",1,0,0,,0.5,2
6770,9c388540-8222-11f1-b0da-2389f409459f,35,"[0, 1]",0,0,0,,0.5,2
6771,9c388540-8222-11f1-b0da-2389f409459f,35,"[0, 1]",1,1,1,,0.5,2
6772,9c388540-8222-11f1-b0da-2389f409459f,36,"[0, 0]",0,0,0,,0.5,2
6773,9c388540-8222-11f1-b0da-2389f409459f,36,"[0, 0]",1,0,0,,0.5,2
6774,9c388540-8222-11f1-b0da-2389f409459f,37,"[1, 1]",0,1,-1,,0.5,2
6775,9c388540-8222-11f1-b0da-2389f409459f,37,"[1, 1]",1,1,-1,,0.5,2
6776,9c388540-8222-11f1-b0da-2389f409459f,38,"[1, 1]",0,1,-1,,0.5,2
6777,9c388540-8222-11f1-b0da-2389f409459f,38,"[1, 1]",1,1,-1,,0.5,2
6778,9c388540-8222-11f1-b0da-2389f409459f,39,"[1, 1]",0,1,-1,,0.5,2
6779,9c388540-8222-11f1-b0da-2389f409459f,39,"[1, 1]",1,1,-1,,0.5,2
6780,9c388540-8222-11f1-b0da-2389f409459f,40,"[1, 0]",0,1,1,,0.5,2
6781,9c388540-8222-11f1-b0da-2389f409459f,40,"[1, 0]",1,0,0,,0.5,2
6782,9c388540-8222-11f1-b0da-2389f409459f,41,"[0, 1]",0,0,0,,0.5,2
6783,9c388540-8222-11f1-b0da-2389f409459f,41,"[0, 1]",1,1,1,,0.5,2
6784,9c388540-8222-11f1-b0da-2389f409459f,42,"[1, 0]",0,1,1,,0.5,2
6785,9c388540-8222-11f1-b0da-2389f409459f,42,"[1, 0]",1,0,0,,0.5,2
6786,9c388540-8222-11f1-b0da-2389f409459f,43,"[0, 1]",0,0,0,,0.5,2
6787,9c388540-8222-11f1-b0da-2389f409459f,43,"[0, 1]",1,1,1,,0.5,2
6788,9c388540-8222-11f1-b0da-2389f409459f,44,"[0, 0]",0,0,0,,0.5,2
6789,9c388540-8222-11f1-b0da-2389f409459f,44,"[0, 0]",1,0,0,,0.5,2
6790,9c388540-8222-11f1-b0da-2389f409459f,45,"[1, 0]",0,1,1,,0.5,2
6791,9c388540-8222-11f1-b0da-2389f409459f,45,"[1, 0]",1,0,0,,0.5,2
6792,9c388540-8222-11f1-b0da-2389f409459f,46,"[0, 1]",0,0,0,,0.5,2
6793,9c388540-8222-11f1-b0da-2389f409459f,46,"[0, 1]",1,1,1,,0.5,2
6794,9c388540-8222-11f1-b0da-2389f409459f,47,"[1, 0]",0,1,1,,0.5,2
6795,9c388540-8222-11f1-b0da-2389f409459f,47,"[1, 0]",1,0,0,,0.5,2
6796,9c388540-8222-11f1-b0da-2389f409459f,48,"[0, 1]",0,0,0,,0.5,2
6797,9c388540-8222-11f1-b0da-2389f409459f,48,"[0, 1]",1,1,1,,0.5,2
6798,9c388540-8222-11f1-b0da-2389f409459f,49,"[1, 1]",0,1,-1,,0.5,2
6799,9c388540-8222-11f1-b0da-2389f409459f,49,"[1, 1]",1,1,-1,,0.5,2
6800,9c3a0208-8222-11f1-b0da-2389f409459f,0,"[0, 1]",0,0,0,,0.5,2
6801,9c3a0208-8222-11f1-b0da-2389f409459f,0,"[0, 1]",1,1,1,,0.5,2
6802,9c3a0208-8222-11f1-b0da-2389f409459f,1,"[1, 0]",0,1,1,,0.5,2
6803,9c3a0208-8222-11f1-b0da-2389f409459f,1,"[1, 0]",1,0,0,,0.5,2
6804,9c3a0208-8222-11f1-b0da-2389f409459f,2,"[0, 0]",0,0,0,,0.5,2
6805,9c3a0208-8222-11f1-b0da-2389f409459f,2,"[0, 0]",1,0,0,,0.5,2
6806,9c3a0208-8222-11f1-b0da-2389f409459f,3,"[0, 0]",0,0,0,,0.5,2
6807,9c3a0208-8222-11f1-b0da-2389f409459f,3,"[0, 0]",1,0,0,,0.5,2
6808,9c3a0208-8222-11f1-b0da-2389f409459f,4,"[1, 1]",0,1,-1,,0.5,2
6809,9c3a0208-8222-11f1-b0da-2389f409459f,4,"[1, 1]",1,1,-1,,0.5,2
6810,9c3a0208-8222-11f1-b0da-2389f409459f,5,"[0, 0]",0,0,0,,0.5,2
6811,9c3a0208-8222-11f1-b0da-2389f409459f,5,"[0, 0]",1,0,0,,0.5,2
6812,9c3a0208-8222-11f1-b0da-2389f409459f,6,"[0, 1]",0,0,0,,0.5,2
6813,9c3a0208-8222-11f1-b0da-2389f409459f,6,"[0, 1]",1,1,1,,0.5,2
6814,9c3a0208-8222-11f1-b0da-2389f409459f,7,"[0, 0]",0,0,0,,0.5,2
6815,9c3a0208-8222-11f1-b0da-2389f409459f,7,"[0, 0]",1,0,0,,0.5,2
6816,9c3a0208-8222-11f1-b0da-2389f409459f,8,"[0, 1]",0,0,0,,0.5,2
6817,9c3a0208-8222-11f1-b0da-2389f409459f,8,"[0, 1]",1,1,1,,0.5,2
6818,9c3a0208-8222-11f1-b0da-2389f409459f,9,"[0, 1]",0,0,0,,0.5,2
6819,9c3a0208-8222-11f1-b0da-2389f409459f,9,"[0, 1]",1,1,1,,0.5,2
6820,9c3a0208-8222-11f1-b0da-2389f409459f,10,"[0, 0]",0,0,0,,0.5,2
6821,9c3a0208-8222-11f1-b0da-2389f409459f,10,"[0, 0]",1,0,0,,0.5,2
6822,9c3a0208-8222-11f1-b0da-2389f409459f,11,"[1, 1]",0,1,-1,,0.5,2
6823,9c3a0208-8222-11f1-b0da-2389f409459f,11,"[1, 1]",1,1,-1,,0.5,2
6824,9c3a0208-8222-11f1-b0da-2389f409459f,12,"[0, 0]",0,0,0,,0.5,2
6825,9c3a0208-8222-11f1-b0da-2389f409459f,12,"[0, 0]",1,0,0,,0.5,2
6826,9c3a0208-8222-11f1-b0da-2389f409459f,13,"[0, 1]",0,0,0,,0.5,2
6827,9c3a0208-8222-11f1-b0da-2389f409459f,13,"[0, 1]",1,1,1,,0.5,2
6828,9c3a0208-8222-11f1-b0da-2389f409459f,14,"[1, 0]",0,1,1,,0.5,2
6829,9c3a0208-8222-11f1-b0da-2389f409459f,14,"[1, 0]",1,0,0,,0.5,2
6830,9c3a0208-8222-11f1-b0da-2389f409459f,15,"[1, 0]",0,1,1,,0.5,2
6831,9c3a0208-8222-11f1-b0da-2389f409459f,15,"[1, 0]",1,0,0,,0.5,2
6832,9c3a0208-8222-11f1-b0da-2389f409459f,16,"[1, 1]",0,1,-1,,0.5,2
6833,9c3a0208-8222-11f1-b0da-2389f409459f,16,"[1, 1]",1,1,-1,,0.5,2
6834,9c3a0208-8222-11f1-b0da-2389f409459f,17,"[0, 1]",0,0,0,,0.5,2
6835,9c3a0208-8222-11f1-b0da-2389f409459f,17,"[0, 1]",1,1,1,,0.5,2
6836,9c3a0208-8222-11f1-b0da-2389f409459f,18,"[0, 0]",0,0,0,,0.5,2
6837,9c3a0208-8222-11f1-b0da-2389f409459f,18,"[0, 0]",1,0,0,,0.5,2
6838,9c3a0208-8222-11f1-b0da-2389f409459f,19,"[1, 1]",0,1,-1,,0.5,2
6839,9c3a0208-8222-11f1-b0da-2389f409459f,19,"[1, 1]",1,1,-1,,0.5,2
6840,9c3a0208-8222-11f1-b0da-2389f409459f,20,"[0, 1]",0,0,0,,0.5,2
6841,9c3a0208-8222-11f1-b0da-2389f409459f,20,"[0, 1]",1,1,1,,0.5,2
6842,9c3a0208-8222-11f1-b0da-2389f409459f,21,"[1, 0]",0,1,1,,0.5,2
6843,9c3a0208-8222-11f1-b0da-2389f409459f,21,"[1, 0]",1,0,0,,0.5,2
6844,9c3a0208-8222-11f1-b0da-2389f409459f,22,"[0, 0]",0,0,0,,0.5,2
6845,9c3a0208-8222-11f1-b0da-2389f409459f,22,"[0, 0]",1,0,0,,0.5,2
6846,9c3a0208-8222-11f1-b0da-2389f409459f,23,"[1, 1]",0,1,-1,,0.5,2
6847,9c3a0208-8222-11f1-b0da-2389f409459f,23,"[1, 1]",1,1,-1,,0.5,2
6848,9c3a0208-8222-11f1-b0da-2389f409459f,24,"[0, 0]",0,0,0,,0.5,2
6849,9c3a0208-8222-11f1-b0da-2389f409459f,24,"[0, 0]",1,0,0,,0.5,2
6850,9c3a0208-8222-11f1-b0da-2389f409459f,25,"[0, 1]",0,0,0,,0.5,2
6851,9c3a0208-8222-11f1-b0da-2389f409459f,25,"[0, 1]",1,1,1,,0.5,2
6852,9c3a0208-8222-11f1-b0da-2389f409459f,26,"[1, 0]",0,1,1,,0.5,2
6853,9c3a0208-8222-11f1-b0da-2389f409459f,26,"[1, 0]",1,0,0,,0.5,2
6854,9c3a0208-8222-11f1-b0da-2389f409459f,27,"[0, 0]",0,0,0,,0.5,2
6855,9c3a0208-8222-11f1-b0da-2389f409459f,27,"[0, 0]",1,0,0,,0.5,2
6856,9c3a0208-8222-11f1-b0da-2389f409459f,28,"[1, 1]",0,1,-1,,0.5,2
6857,9c3a0208-8222-11f1-b0da-2389f409459f,28,"[1, 1]",1,1,-1,,0.5,2
6858,9c3a0208-8222-11f1-b0da-2389f409459f,29,"[1, 0]",0,1,1,,0.5,2
6859,9c3a0208-8222-11f1-b0da-2389f409459f,29,"[1, 0]",1,0,0,,0.5,2
6860,9c3a0208-8222-11f1-b0da-2389f409459f,30,"[1, 0]",0,1,1,,0.5,2
6861,9c3a0208-8222-11f1-b0da-2389f409459f,30,"[1, 0]",1,0,0,,0.5,2
6862,9c3a0208-8222-11f1-b0da-2389f409459f,31,"[0, 1]",0,0,0,,0.5,2
6863,9c3a0208-8222-11f1-b0da-2389f409459f,31,"[0, 1]",1,1,1,,0.5,2
6864,9c3a0208-8222-11f1-b0da-2389f409459f,32,"[1, 0]",0,1,1,,0.5,2
6865,9c3a0208-8222-11f1-b0da-2389f409459f,32,"[1, 0]",1,0,0,,0.5,2
6866,9c3a0208-8222-11f1-b0da-2389f409459f,33,"[0, 1]",0,0,0,,0.5,2
6867,9c3a0208-8222-11f1-b0da-2389f409459f,33,"[0, 1]",1,1,1,,0.5,2
6868,9c3a0208-8222-11f1-b0da-2389f409459f,34,"[1, 1]",0,1,-1,,0.5,2
6869,9c3a0208-8222-11f1-b0da-2389f409459f,34,"[1, 1]",1,1,-1,,0.5,2
6870,9c3a0208-8222-11f1-b0da-2389f409459f,35,"[0, 0]",0,0,0,,0.5,2
6871,9c3a0208-8222-11f1-b0da-2389f409459f,35,"[0, 0]",1,0,0,,0.5,2
6872,9c3a0208-8222-11f1-b0da-2389f409459f,36,"[0, 0]",0,0,0,,0.5,2
6873,9c3a0208-8222-11f1-b0da-2389f409459f,36,"[0, 0]",1,0,0,,0.5,2
6874,9c3a0208-8222-11f1-b0da-2389f409459f,37,"[0, 1]",0,0,0,,0.5,2
6875,9c3a0208-8222-11f1-b0da-2389f409459f,37,"[0, 1]",1,1,1,,0.5,2
6876,9c3a0208-8222-11f1-b0da-2389f409459f,38,"[0, 0]",0,0,0,,0.5,2
6877,9c3a0208-8222-11f1-b0da-2389f409459f,38,"[0, 0]",1,0,0,,0.5,2
6878,9c3a0208-8222-11f1-b0da-2389f409459f,39,"[1, 1]",0,1,-1,,0.5,2
6879,9c3a0208-8222-11f1-b0da-2389f409459f,39,"[1, 1]",1,1,-1,,0.5,2
6880,9c3a0208-8222-11f1-b0da-2389f409459f,40,"[0, 0]",0,0,0,,0.5,2
6881,9c3a0208-8222-11f1-b0da-2389f409459f,40,"[0, 0]",1,0,0,,0.5,2
6882,9c3a0208-8222-11f1-b0da-2389f409459f,41,"[0, 0]",0,0,0,,0.5,2
6883,9c3a0208-8222-11f1-b0da-2389f409459f,41,"[0, 0]",1,0,0,,0.5,2
6884,9c3a0208-8222-11f1-b0da-2389f409459f,42,"[0, 1]",0,0,0,,0.5,2
6885,9c3a0208-8222-11f1-b0da-2389f409459f,42,"[0, 1]",1,1,1,,0.5,2
6886,9c3a0208-8222-11f1-b0da-2389f409459f,43,"[0, 0]",0,0,0,,0.5,2
6887,9c3a0208-8222-11f1-b0da-2389f409459f,43,"[0, 0]",1,0,0,,0.5,2
6888,9c3a0208-8222-11f1-b0da-2389f409459f,44,"[0, 1]",0,0,0,,0.5,2
6889,9c3a0208-8222-11f1-b0da-2389f409459f,44,"[0, 1]",1,1,1,,0.5,2
6890,9c3a0208-8222-11f1-b0da-2389f409459f,45,"[0, 1]",0,0,0,,0.5,2
6891,9c3a0208-8222-11f1-b0da-2389f409459f,45,"[0, 1]",1,1,1,,0.5,2
6892,9c3a0208-8222-11f1-b0da-2389f409459f,46,"[1, 0]",0,1,1,,0.5,2
6893,9c3a0208-8222-11f1-b0da-2389f409459f,46,"[1, 0]",1,0,0,,0.5,2
6894,9c3a0208-8222-11f1-b0da-2389f409459f,47,"[0, 1]",0,0,0,,0.5,2
6895,9c3a0208-8222-11f1-b0da-2389f409459f,47,"[0, 1]",1,1,1,,0.5,2
6896,9c3a0208-8222-11f1-b0da-2389f409459f,48,"[1, 1]",0,1,-1,,0.5,2
6897,9c3a0208-8222-11f1-b0da-2389f409459f,48,"[1, 1]",1,1,-1,,0.5,2
6898,9c3a0208-8222-11f1-b0da-2389f409459f,49,"[0, 0]",0,0,0,,0.5,2
6899,9c3a0208-8222-11f1-b0da-2389f409459f,49,"[0, 0]",1,0,0,,0.5,2
6900,9c3bee24-8222-11f1-b0da-2389f409459f,0,"[1, 0]",0,1,1,,0.5,2
6901,9c3bee24-8222-11f1-b0da-2389f409459f,0,"[1, 0]",1,0,0,,0.5,2
6902,9c3bee24-8222-11f1-b0da-2389f409459f,1,"[0, 1]",0,0,0,,0.5,2
6903,9c3bee24-8222-11f1-b0da-2389f409459f,1,"[0, 1]",1,1,1,,0.5,2
6904,9c3bee24-8222-11f1-b0da-2389f409459f,2,"[0, 0]",0,0,0,,0.5,2
6905,9c3bee24-8222-11f1-b0da-2389f409459f,2,"[0, 0]",1,0,0,,0.5,2
6906,9c3bee24-8222-11f1-b0da-2389f409459f,3,"[1, 1]",0,1,-1,,0.5,2
6907,9c3bee24-8222-11f1-b0da-2389f409459f,3,"[1, 1]",1,1,-1,,0.5,2
6908,9c3bee24-8222-11f1-b0da-2389f409459f,4,"[0, 0]",0,0,0,,0.5,2
6909,9c3bee24-8222-11f1-b0da-2389f409459f,4,"[0, 0]",1,0,0,,0.5,2
6910,9c3bee24-8222-11f1-b0da-2389f409459f,5,"[1, 0]",0,1,1,,0.5,2
6911,9c3bee24-8222-11f1-b0da-2389f409459f,5,"[1, 0]",1,0,0,,0.5,2
6912,9c3bee24-8222-11f1-b0da-2389f409459f,6,"[1, 1]",0,1,-1,,0.5,2
6913,9c3bee24-8222-11f1-b0da-2389f409459f,6,"[1, 1]",1,1,-1,,0.5,2
6914,9c3bee24-8222-11f1-b0da-2389f409459f,7,"[1, 0]",0,1,1,,0.5,2
6915,9c3bee24-8222-11f1-b0da-2389f409459f,7,"[1, 0]",1,0,0,,0.5,2
6916,9c3bee24-8222-11f1-b0da-2389f409459f,8,"[1, 0]",0,1,1,,0.5,2
6917,9c3bee24-8222-11f1-b0da-2389f409459f,8,"[1, 0]",1,0,0,,0.5,2
6918,9c3bee24-8222-11f1-b0da-2389f409459f,9,"[0, 0]",0,0,0,,0.5,2
6919,9c3bee24-8222-11f1-b0da-2389f409459f,9,"[0, 0]",1,0,0,,0.5,2
6920,9c3bee24-8222-11f1-b0da-2389f409459f,10,"[1, 1]",0,1,-1,,0.5,2
6921,9c3bee24-8222-11f1-b0da-2389f409459f,10,"[1, 1]",1,1,-1,,0.5,2
6922,9c3bee24-8222-11f1-b0da-2389f409459f,11,"[1, 0]",0,1,1,,0.5,2
6923,9c3bee24-8222-11f1-b0da-2389f409459f,11,"[1, 0]",1,0,0,,0.5,2
6924,9c3bee24-8222-11f1-b0da-2389f409459f,12,"[0, 0]",0,0,0,,0.5,2
6925,9c3bee24-8222-11f1-b0da-2389f409459f,12,"[0, 0]",1,0,0,,0.5,2
6926,9c3bee24-8222-11f1-b0da-2389f409459f,13,"[0, 1]",0,0,0,,0.5,2
6927,9c3bee24-8222-11f1-b0da-2389f409459f,13,"[0, 1]",1,1,1,,0.5,2
6928,9c3bee24-8222-11f1-b0da-2389f409459f,14,"[1, 1]",0,1,-1,,0.5,2
6929,9c3bee24-8222-11f1-b0da-2389f409459f,14,"[1, 1]",1,1,-1,,0.5,2
6930,9c3bee24-8222-11f1-b0da-2389f409459f,15,"[0, 0]",0,0,0,,0.5,2
6931,9c3bee24-8222-11f1-b0da-2389f409459f,15,"[0, 0]",1,0,0,,0.5,2
6932,9c3bee24-8222-11f1-b0da-2389f409459f,16,"[1, 0]",0,1,1,,0.5,2
6933,9c3bee24-8222-11f1-b0da-2389f409459f,16,"[1, 0]",1,0,0,,0.5,2
6934,9c3bee24-8222-11f1-b0da-2389f409459f,17,"[0, 0]",0,0,0,,0.5,2
6935,9c3bee24-8222-11f1-b0da-2389f409459f,17,"[0, 0]",1,0,0,,0.5,2
6936,9c3bee24-8222-11f1-b0da-2389f409459f,18,"[1, 1]",0,1,-1,,0.5,2
6937,9c3bee24-8222-11f1-b0da-2389f409459f,18,"[1, 1]",1,1,-1,,0.5,2
6938,9c3bee24-8222-11f1-b0da-2389f409459f,19,"[1, 0]",0,1,1,,0.5,2
6939,9c3bee24-8222-11f1-b0da-2389f409459f,19,"[1, 0]",1,0,0,,0.5,2
6940,9c3bee24-8222-11f1-b0da-2389f409459f,20,"[0, 0]",0,0,0,,0.5,2
6941,9c3bee24-8222-11f1-b0da-2389f409459f,20,"[0, 0]",1,0,0,,0.5,2
6942,9c3bee24-8222-11f1-b0da-2389f409459f,21,"[1, 0]",0,1,1,,0.5,2
6943,9c3bee24-8222-11f1-b0da-2389f409459f,21,"[1, 0]",1,0,0,,0.5,2
6944,9c3bee24-8222-11f1-b0da-2389f409459f,22,"[0, 0]",0,0,0,,0.5,2
6945,9c3bee24-8222-11f1-b0da-2389f409459f,22,"[0, 0]",1,0,0,,0.5,2
6946,9c3bee24-8222-11f1-b0da-2389f409459f,23,"[0, 1]",0,0,0,,0.5,2
6947,9c3bee24-8222-11f1-b0da-2389f409459f,23,"[0, 1]",1,1,1,,0.5,2
6948,9c3bee24-8222-11f1-b0da-2389f409459f,24,"[1, 1]",0,1,-1,,0.5,2
6949,9c3bee24-8222-11f1-b0da-2389f409459f,24,"[1, 1]",1,1,-1,,0.5,2
6950,9c3bee24-8222-11f1-b0da-2389f409459f,25,"[0, 1]",0,0,0,,0.5,2
6951,9c3bee24-8222-11f1-b0da-2389f409459f,25,"[0, 1]",1,1,1,,0.5,2
6952,9c3bee24-8222-11f1-b0da-2389f409459f,26,"[1, 0]",0,1,1,,0.5,2
6953,9c3bee24-8222-11f1-b0da-2389f409459f,26,"[1, 0]",1,0,0,,0.5,2
6954,9c3bee24-8222-11f1-b0da-2389f409459f,27,"[0, 1]",0,0,0,,0.5,2
6955,9c3bee24-8222-11f1-b0da-2389f409459f,27,"[0, 1]",1,1,1,,0.5,2
6956,9c3bee24-8222-11f1-b0da-2389f409459f,28,"[0, 0]",0,0,0,,0.5,2
6957,9c3bee24-8222-11f1-b0da-2389f409459f,28,"[0, 0]",1,0,0,,0.5,2
6958,9c3bee24-8222-11f1-b0da-2389f409459f,29,"[1, 0]",0,1,1,,0.5,2
6959,9c3bee24-8222-11f1-b0da-2389f409459f,29,"[1, 0]",1,0,0,,0.5,2
6960,9c3bee24-8222-11f1-b0da-2389f409459f,30,"[0, 1]",0,0,0,,0.5,2
6961,9c3bee24-8222-11f1-b0da-2389f409459f,30,"[0, 1]",1,1,1,,0.5,2
6962,9c3bee24-8222-11f1-b0da-2389f409459f,31,"[1, 0]",0,1,1,,0.5,2
6963,9c3bee24-8222-11f1-b0da-2389f409459f,31,"[1, 0]",1,0,0,,0.5,2
6964,9c3bee24-8222-11f1-b0da-2389f409459f,32,"[1, 0]",0,1,1,,0.5,2
6965,9c3bee24-8222-11f1-b0da-2389f409459f,32,"[1, 0]",1,0,0,,0.5,2
6966,9c3bee24-8222-11f1-b0da-2389f409459f,33,"[0, 1]",0,0,0,,0.5,2
6967,9c3bee24-8222-11f1-b0da-2389f409459f,33,"[0, 1]",1,1,1,,0.5,2
6968,9c3bee24-8222-11f1-b0da-2389f409459f,34,"[0, 1]",0,0,0,,0.5,2
6969,9c3bee24-8222-11f1-b0da-2389f409459f,34,"[0, 1]",1,1,1,,0.5,2
6970,9c3bee24-8222-11f1-b0da-2389f409459f,35,"[1, 1]",0,1,-1,,0.5,2
6971,9c3bee24-8222-11f1-b0da-2389f409459f,35,"[1, 1]",1,1,-1,,0.5,2
6972,9c3bee24-8222-11f1-b0da-2389f409459f,36,"[0, 0]",0,0,0,,0.5,2
6973,9c3bee24-8222-11f1-b0da-2389f409459f,36,"[0, 0]",1,0,0,,0.5,2
6974,9c3bee24-8222-11f1-b0da-2389f409459f,37,"[1, 0]",0,1,1,,0.5,2
6975,9c3bee24-8222-11f1-b0da-2389f409459f,37,"[1, 0]",1,0,0,,0.5,2
6976,9c3bee24-8222-11f1-b0da-2389f409459f,38,"[0, 0]",0,0,0,,0.5,2
6977,9c3bee24-8222-11f1-b0da-2389f409459f,38,"[0, 0]",1,0,0,,0.5,2
6978,9c3bee24-8222-11f1-b0da-2389f409459f,39,"[1, 1]",0,1,-1,,0.5,2
6979,9c3bee24-8222-11f1-b0da-2389f409459f,39,"[1, 1]",1,1,-1,,0.5,2
6980,9c3bee24-8222-11f1-b0da-2389f409459f,40,"[1, 1]",0,1,-1,,0.5,2
6981,9c3bee24-8222-11f1-b0da-2389f409459f,40,"[1, 1]",1,1,-1,,0.5,2
6982,9c3bee24-8222-11f1-b0da-2389f409459f,41,"[1, 0]",0,1,1,,0.5,2
6983,9c3bee24-8222-11f1-b0da-2389f409459f,41,"[1, 0]",1,0,0,,0.5,2
6984,9c3bee24-8222-11f1-b0da-2389f409459f,42,"[0, 0]",0,0,0,,0.5,2
6985,9c3bee24-8222-11f1-b0da-2389f409459f,42,"[0, 0]",1,0,0,,0.5,2
6986,9c3bee24-8222-11f1-b0da-2389f409459f,43,"[1, 1]",0,1,-1,,0.5,2
6987,9c3bee24-8222-11f1-b0da-2389f409459f,43,"[1, 1]",1,1,-1,,0.5,2
6988,9c3bee24-8222-11f1-b0da-2389f409459f,44,"[0, 0]",0,0,0,,0.5,2
6989,9c3bee24-8222-11f1-b0da-2389f409459f,44,"[0, 0]",1,0,0,,0.5,2
6990,9c3bee24-8222-11f1-b0da-2389f409459f,45,"[0, 0]",0,0,0,,0.5,2
6991,9c3bee24-8222-11f1-b0da-2389f409459f,45,"[0, 0]",1,0,0,,0.5,2
6992,9c3bee24-8222-11f1-b0da-2389f409459f,46,"[1, 1]",0,1,-1,,0.5,2
6993,9c3bee24-8222-11f1-b0da-2389f409459f,46,"[1, 1]",1,1,-1,,0.5,2
6994,9c3bee24-8222-11f1-b0da-2389f409459f,47,"[0, 0]",0,0,0,,0.5,2
6995,9c3bee24-8222-11f1-b0da-2389f409459f,47,"[0, 0]",1,0,0,,0.5,2
6996,9c3bee24-8222-11f1-b0da-2389f409459f,48,"[1, 1]",0,1,-1,,0.5,2
6997,9c3bee24-8222-11f1-b0da-2389f409459f,48,"[1, 1]",1,1,-1,,0.5,2
6998,9c3bee24-8222-11f1-b0da-2389f409459f,49,"[1, 0]",0,1,1,,0.5,2
6999,9c3bee24-8222-11f1-b0da-2389f409459f,49,"[1, 0]",1,0,0,,0.5,2
7000,9c3dfdae-8222-11f1-b0da-2389f409459f,0,"[0, 0]",0,0,0,,0.5,2
7001,9c3dfdae-8222-11f1-b0da-2389f409459f,0,"[0, 0]",1,0,0,,0.5,2
7002,9c3dfdae-8222-11f1-b0da-2389f409459f,1,"[1, 0]",0,1,1,,0.5,2
7003,9c3dfdae-8222-11f1-b0da-2389f409459f,1,"[1, 0]",1,0,0,,0.5,2
7004,9c3dfdae-8222-11f1-b0da-2389f409459f,2,"[0, 0]",0,0,0,,0.5,2
7005,9c3dfdae-8222-11f1-b0da-2389f409459f,2,"[0, 0]",1,0,0,,0.5,2
7006,9c3dfdae-8222-11f1-b0da-2389f409459f,3,"[0, 0]",0,0,0,,0.5,2
7007,9c3dfdae-8222-11f1-b0da-2389f409459f,3,"[0, 0]",1,0,0,,0.5,2
7008,9c3dfdae-8222-11f1-b0da-2389f409459f,4,"[0, 1]",0,0,0,,0.5,2
7009,9c3dfdae-8222-11f1-b0da-2389f409459f,4,"[0, 1]",1,1,1,,0.5,2
7010,9c3dfdae-8222-11f1-b0da-2389f409459f,5,"[0, 0]",0,0,0,,0.5,2
7011,9c3dfdae-8222-11f1-b0da-2389f409459f,5,"[0, 0]",1,0,0,,0.5,2
7012,9c3dfdae-8222-11f1-b0da-2389f409459f,6,"[0, 1]",0,0,0,,0.5,2
7013,9c3dfdae-8222-11f1-b0da-2389f409459f,6,"[0, 1]",1,1,1,,0.5,2
7014,9c3dfdae-8222-11f1-b0da-2389f409459f,7,"[1, 0]",0,1,1,,0.5,2
7015,9c3dfdae-8222-11f1-b0da-2389f409459f,7,"[1, 0]",1,0,0,,0.5,2
7016,9c3dfdae-8222-11f1-b0da-2389f409459f,8,"[1, 1]",0,1,-1,,0.5,2
7017,9c3dfdae-8222-11f1-b0da-2389f409459f,8,"[1, 1]",1,1,-1,,0.5,2
7018,9c3dfdae-8222-11f1-b0da-2389f409459f,9,"[1, 0]",0,1,1,,0.5,2
7019,9c3dfdae-8222-11f1-b0da-2389f409459f,9,"[1, 0]",1,0,0,,0.5,2
7020,9c3dfdae-8222-11f1-b0da-2389f409459f,10,"[0, 1]",0,0,0,,0.5,2
7021,9c3dfdae-8222-11f1-b0da-2389f409459f,10,"[0, 1]",1,1,1,,0.5,2
7022,9c3dfdae-8222-11f1-b0da-2389f409459f,11,"[0, 0]",0,0,0,,0.5,2
7023,9c3dfdae-8222-11f1-b0da-2389f409459f,11,"[0, 0]",1,0,0,,0.5,2
7024,9c3dfdae-8222-11f1-b0da-2389f409459f,12,"[0, 0]",0,0,0,,0.5,2
7025,9c3dfdae-8222-11f1-b0da-2389f409459f,12,"[0, 0]",1,0,0,,0.5,2
7026,9c3dfdae-8222-11f1-b0da-2389f409459f,13,"[0, 1]",0,0,0,,0.5,2
7027,9c3dfdae-8222-11f1-b0da-2389f409459f,13,"[0, 1]",1,1,1,,0.5,2
7028,9c3dfdae-8222-11f1-b0da-2389f409459f,14,"[1, 1]",0,1,-1,,0.5,2
7029,9c3dfdae-8222-11f1-b0da-2389f409459f,14,"[1, 1]",1,1,-1,,0.5,2
7030,9c3dfdae-8222-11f1-b0da-2389f409459f,15,"[1, 0]",0,1,1,,0.5,2
7031,9c3dfdae-8222-11f1-b0da-2389f409459f,15,"[1, 0]",1,0,0,,0.5,2
7032,9c3dfdae-8222-11f1-b0da-2389f409459f,16,"[1, 1]",0,1,-1,,0.5,2
7033,9c3dfdae-8222-11f1-b0da-2389f409459f,16,"[1, 1]",1,1,-1,,0.5,2
7034,9c3dfdae-8222-11f1-b0da-2389f409459f,17,"[1, 0]",0,1,1,,0.5,2
7035,9c3dfdae-8222-11f1-b0da-2389f409459f,17,"[1, 0]",1,0,0,,0.5,2
7036,9c3dfdae-8222-11f1-b0da-2389f409459f,18,"[1, 1]",0,1,-1,,0.5,2
7037,9c3dfdae-8222-11f1-b0da-2389f409459f,18,"[1, 1]",1,1,-1,,0.5,2
7038,9c3dfdae-8222-11f1-b0da-2389f409459f,19,"[1, 0]",0,1,1,,0.5,2
7039,9c3dfdae-8222-11f1-b0da-2389f409459f,19,"[1, 0]",1,0,0,,0.5,2
7040,9c3dfdae-8222-11f1-b0da-2389f409459f,20,"[0, 1]",0,0,0,,0.5,2
7041,9c3dfdae-8222-11f1-b0da-2389f409459f,20,"[0, 1]",1,1,1,,0.5,2
7042,9c3dfdae-8222-11f1-b0da-2389f409459f,21,"[1, 1]",0,1,-1,,0.5,2
7043,9c3dfdae-8222-11f1-b0da-2389f409459f,21,"[1, 1]",1,1,-1,,0.5,2
7044,9c3dfdae-8222-11f1-b0da-2389f409459f,22,"[1, 1]",0,1,-1,,0.5,2
7045,9c3dfdae-8222-11f1-b0da-2389f409459f,22,"[1, 1]",1,1,-1,,0.5,2
7046,9c3dfdae-8222-11f1-b0da-2389f409459f,23,"[0, 0]",0,0,0,,0.5,2
7047,9c3dfdae-8222-11f1-b0da-2389f409459f,23,"[0, 0]",1,0,0,,0.5,2
7048,9c3dfdae-8222-11f1-b0da-2389f409459f,24,"[0, 0]",0,0,0,,0.5,2
7049,9c3dfdae-8222-11f1-b0da-2389f409459f,24,"[0, 0]",1,0,0,,0.5,2
7050,9c3dfdae-8222-11f1-b0da-2389f409459f,25,"[1, 0]",0,1,1,,0.5,2
7051,9c3dfdae-8222-11f1-b0da-2389f409459f,25,"[1, 0]",1,0,0,,0.5,2
7052,9c3dfdae-8222-11f1-b0da-2389f409459f,26,"[0, 1]",0,0,0,,0.5,2
7053,9c3dfdae-8222-11f1-b0da-2389f409459f,26,"[0, 1]",1,1,1,,0.5,2
7054,9c3dfdae-8222-11f1-b0da-2389f409459f,27,"[1, 0]",0,1,1,,0.5,2
7055,9c3dfdae-8222-11f1-b0da-2389f409459f,27,"[1, 0]",1,0,0,,0.5,2
7056,9c3dfdae-8222-11f1-b0da-2389f409459f,28,"[1, 0]",0,1,1,,0.5,2
7057,9c3dfdae-8222-11f1-b0da-2389f409459f,28,"[1, 0]",1,0,0,,0.5,2
7058,9c3dfdae-8222-11f1-b0da-2389f409459f,29,"[0, 1]",0,0,0,,0.5,2
7059,9c3dfdae-8222-11f1-b0da-2389f409459f,29,"[0, 1]",1,1,1,,0.5,2
7060,9c3dfdae-8222-11f1-b0da-2389f409459f,30,"[1, 0]",0,1,1,,0.5,2
7061,9c3dfdae-8222-11f1-b0da-2389f409459f,30,"[1, 0]",1,0,0,,0.5,2
7062,9c3dfdae-8222-11f1-b0da-2389f409459f,31,"[0, 1]",0,0,0,,0.5,2
7063,9c3dfdae-8222-11f1-b0da-2389f409459f,31,"[0, 1]",1,1,1,,0.5,2
7064,9c3dfdae-8222-11f1-b0da-2389f409459f,32,"[1, 0]",0,1,1,,0.5,2
7065,9c3dfdae-8222-11f1-b0da-2389f409459f,32,"[1, 0]",1,0,0,,0.5,2
7066,9c3dfdae-8222-11f1-b0da-2389f409459f,33,"[1, 1]",0,1,-1,,0.5,2
7067,9c3dfdae-8222-11f1-b0da-2389f409459f,33,"[1, 1]",1,1,-1,,0.5,2
7068,9c3dfdae-8222-11f1-b0da-2389f409459f,34,"[1, 0]",0,1,1,,0.5,2
7069,9c3dfdae-8222-11f1-b0da-2389f409459f,34,"[1, 0]",1,0,0,,0.5,2
7070,9c3dfdae-8222-11f1-b0da-2389f409459f,35,"[0, 1]",0,0,0,,0.5,2
7071,9c3dfdae-8222-11f1-b0da-2389f409459f,35,"[0, 1]",1,1,1,,0.5,2
7072,9c3dfdae-8222-11f1-b0da-2389f409459f,36,"[1, 0]",0,1,1,,0.5,2
7073,9c3dfdae-8222-11f1-b0da-2389f409459f,36,"[1, 0]",1,0,0,,0.5,2
7074,9c3dfdae-8222-11f1-b0da-2389f409459f,37,"[0, 0]",0,0,0,,0.5,2
7075,9c3dfdae-8222-11f1-b0da-2389f409459f,37,"[0, 0]",1,0,0,,0.5,2
7076,9c3dfdae-8222-11f1-b0da-2389f409459f,38,"[0, 0]",0,0,0,,0.5,2
7077,9c3dfdae-8222-11f1-b0da-2389f409459f,38,"[0, 0]",1,0,0,,0.5,2
7078,9c3dfdae-8222-11f1-b0da-2389f409459f,39,"[0, 0]",0,0,0,,0.5,2
7079,9c3dfdae-8222-11f1-b0da-2389f409459f,39,"[0, 0]",1,0,0,,0.5,2
7080,9c3dfdae-8222-11f1-b0da-2389f409459f,40,"[1, 1]",0,1,-1,,0.5,2
7081,9c3dfdae-8222-11f1-b0da-2389f409459f,40,"[1, 1]",1,1,-1,,0.5,2
7082,9c3dfdae-8222-11f1-b0da-2389f409459f,41,"[1, 0]",0,1,1,,0.5,2
7083,9c3dfdae-8222-11f1-b0da-2389f409459f,41,"[1, 0]",1,0,0,,0.5,2
7084,9c3dfdae-8222-11f1-b0da-2389f409459f,42,"[0, 0]",0,0,0,,0.5,2
7085,9c3dfdae-8222-11f1-b0da-2389f409459f,42,"[0, 0]",1,0,0,,0.5,2
7086,9c3dfdae-8222-11f1-b0da-2389f409459f,43,"[0, 1]",0,0,0,,0.5,2
7087,9c3dfdae-8222-11f1-b0da-2389f409459f,43,"[0, 1]",1,1,1,,0.5,2
7088,9c3dfdae-8222-11f1-b0da-2389f409459f,44,"[1, 0]",0,1,1,,0.5,2
7089,9c3dfdae-8222-11f1-b0da-2389f409459f,44,"[1, 0]",1,0,0,,0.5,2
7090,9c3dfdae-8222-11f1-b0da-2389f409459f,45,"[0, 1]",0,0,0,,0.5,2
7091,9c3dfdae-8222-11f1-b0da-2389f409459f,45,"[0, 1]",1,1,1,,0.5,2
7092,9c3dfdae-8222-11f1-b0da-2389f409459f,46,"[1, 0]",0,1,1,,0.5,2
7093,9c3dfdae-8222-11f1-b0da-2389f409459f,46,"[1, 0]",1,0,0,,0.5,2
7094,9c3dfdae-8222-11f1-b0da-2389f409459f,47,"[1, 0]",0,1,1,,0.5,2
7095,9c3dfdae-8222-11f1-b0da-2389f409459f,47,"[1, 0]",1,0,0,,0.5,2
7096,9c3dfdae-8222-11f1-b0da-2389f409459f,48,"[1, 1]",0,1,-1,,0.5,2
7097,9c3dfdae-8222-11f1-b0da-2389f409459f,48,"[1, 1]",1,1,-1,,0.5,2
7098,9c3dfdae-8222-11f1-b0da-2389f409459f,49,"[1, 0]",0,1,1,,0.5,2
7099,9c3dfdae-8222-11f1-b0da-2389f409459f,49,"[1, 0]",1,0,0,,0.5,2
7100,9c3f89f8-8222-11f1-b0da-2389f409459f,0,"[0, 1]",0,0,0,,0.5,2
7101,9c3f89f8-8222-11f1-b0da-2389f409459f,0,"[0, 1]",1,1,1,,0.5,2
7102,9c3f89f8-8222-11f1-b0da-2389f409459f,1,"[1, 0]",0,1,1,,0.5,2
7103,9c3f89f8-8222-11f1-b0da-2389f409459f,1,"[1, 0]",1,0,0,,0.5,2
7104,9c3f89f8-8222-11f1-b0da-2389f409459f,2,"[0, 1]",0,0,0,,0.5,2
7105,9c3f89f8-8222-11f1-b0da-2389f409459f,2,"[0, 1]",1,1,1,,0.5,2
7106,9c3f89f8-8222-11f1-b0da-2389f409459f,3,"[1, 0]",0,1,1,,0.5,2
7107,9c3f89f8-8222-11f1-b0da-2389f409459f,3,"[1, 0]",1,0,0,,0.5,2
7108,9c3f89f8-8222-11f1-b0da-2389f409459f,4,"[0, 1]",0,0,0,,0.5,2
7109,9c3f89f8-8222-11f1-b0da-2389f409459f,4,"[0, 1]",1,1,1,,0.5,2
7110,9c3f89f8-8222-11f1-b0da-2389f409459f,5,"[1, 0]",0,1,1,,0.5,2
7111,9c3f89f8-8222-11f1-b0da-2389f409459f,5,"[1, 0]",1,0,0,,0.5,2
7112,9c3f89f8-8222-11f1-b0da-2389f409459f,6,"[0, 1]",0,0,0,,0.5,2
7113,9c3f89f8-8222-11f1-b0da-2389f409459f,6,"[0, 1]",1,1,1,,0.5,2
7114,9c3f89f8-8222-11f1-b0da-2389f409459f,7,"[1, 1]",0,1,-1,,0.5,2
7115,9c3f89f8-8222-11f1-b0da-2389f409459f,7,"[1, 1]",1,1,-1,,0.5,2
7116,9c3f89f8-8222-11f1-b0da-2389f409459f,8,"[0, 1]",0,0,0,,0.5,2
7117,9c3f89f8-8222-11f1-b0da-2389f409459f,8,"[0, 1]",1,1,1,,0.5,2
7118,9c3f89f8-8222-11f1-b0da-2389f409459f,9,"[0, 0]",0,0,0,,0.5,2
7119,9c3f89f8-8222-11f1-b0da-2389f409459f,9,"[0, 0]",1,0,0,,0.5,2
7120,9c3f89f8-8222-11f1-b0da-2389f409459f,10,"[1, 1]",0,1,-1,,0.5,2
7121,9c3f89f8-8222-11f1-b0da-2389f409459f,10,"[1, 1]",1,1,-1,,0.5,2
7122,9c3f89f8-8222-11f1-b0da-2389f409459f,11,"[1, 0]",0,1,1,,0.5,2
7123,9c3f89f8-8222-11f1-b0da-2389f409459f,11,"[1, 0]",1,0,0,,0.5,2
7124,9c3f89f8-8222-11f1-b0da-2389f409459f,12,"[1, 1]",0,1,-1,,0.5,2
7125,9c3f89f8-8222-11f1-b0da-2389f409459f,12,"[1, 1]",1,1,-1,,0.5,2
7126,9c3f89f8-8222-11f1-b0da-2389f409459f,13,"[1, 0]",0,1,1,,0.5,2
7127,9c3f89f8-8222-11f1-b0da-2389f409459f,13,"[1, 0]",1,0,0,,0.5,2
7128,9c3f89f8-8222-11f1-b0da-2389f409459f,14,"[1, 1]",0,1,-1,,0.5,2
7129,9c3f89f8-8222-11f1-b0da-2389f409459f,14,"[1, 1]",1,1,-1,,0.5,2
7130,9c3f89f8-8222-11f1-b0da-2389f409459f,15,"[1, 0]",0,1,1,,0.5,2
7131,9c3f89f8-8222-11f1-b0da-2389f409459f,15,"[1, 0]",1,0,0,,0.5,2
7132,9c3f89f8-8222-11f1-b0da-2389f409459f,16,"[1, 1]",0,1,-1,,0.5,2
7133,9c3f89f8-8222-11f1-b0da-2389f409459f,16,"[1, 1]",1,1,-1,,0.5,2
7134,9c3f89f8-8222-11f1-b0da-2389f409459f,17,"[1, 0]",0,1,1,,0.5,2
7135,9c3f89f8-8222-11f1-b0da-2389f409459f,17,"[1, 0]",1,0,0,,0.5,2
7136,9c3f89f8-8222-11f1-b0da-2389f409459f,18,"[1, 1]",0,1,-1,,0.5,2
7137,9c3f89f8-8222-11f1-b0da-2389f409459f,18,"[1, 1]",1,1,-1,,0.5,2
7138,9c3f89f8-8222-11f1-b0da-2389f409459f,19,"[1, 1]",0,1,-1,,0.5,2
7139,9c3f89f8-8222-11f1-b0da-2389f409459f,19,"[1, 1]",1,1,-1,,0.5,2
7140,9c3f89f8-8222-11f1-b0da-2389f409459f,20,"[1, 0]",0,1,1,,0.5,2
7141,9c3f89f8-8222-11f1-b0da-2389f409459f,20,"[1, 0]",1,0,0,,0.5,2
7142,9c3f89f8-8222-11f1-b0da-2389f409459f,21,"[1, 0]",0,1,1,,0.5,2
7143,9c3f89f8-8222-11f1-b0da-2389f409459f,21,"[1, 0]",1,0,0,,0.5,2
7144,9c3f89f8-8222-11f1-b0da-2389f409459f,22,"[0, 1]",0,0,0,,0.5,2
7145,9c3f89f8-8222-11f1-b0da-2389f409459f,22,"[0, 1]",1,1,1,,0.5,2
7146,9c3f89f8-8222-11f1-b0da-2389f409459f,23,"[1, 0]",0,1,1,,0.5,2
7147,9c3f89f8-8222-11f1-b0da-2389f409459f,23,"[1, 0]",1,0,0,,0.5,2
7148,9c3f89f8-8222-11f1-b0da-2389f409459f,24,"[1, 1]",0,1,-1,,0.5,2
7149,9c3f89f8-8222-11f1-b0da-2389f409459f,24,"[1, 1]",1,1,-1,,0.5,2
7150,9c3f89f8-8222-11f1-b0da-2389f409459f,25,"[1, 1]",0,1,-1,,0.5,2
7151,9c3f89f8-8222-11f1-b0da-2389f409459f,25,"[1, 1]",1,1,-1,,0.5,2
7152,9c3f89f8-8222-11f1-b0da-2389f409459f,26,"[1, 1]",0,1,-1,,0.5,2
7153,9c3f89f8-8222-11f1-b0da-2389f409459f,26,"[1, 1]",1,1,-1,,0.5,2
7154,9c3f89f8-8222-11f1-b0da-2389f409459f,27,"[1, 0]",0,1,1,,0.5,2
7155,9c3f89f8-8222-11f1-b0da-2389f409459f,27,"[1, 0]",1,0,0,,0.5,2
7156,9c3f89f8-8222-11f1-b0da-2389f409459f,28,"[0, 1]",0,0,0,,0.5,2
7157,9c3f89f8-8222-11f1-b0da-2389f409459f,28,"[0, 1]",1,1,1,,0.5,2
7158,9c3f89f8-8222-11f1-b0da-2389f409459f,29,"[1, 0]",0,1,1,,0.5,2
7159,9c3f89f8-8222-11f1-b0da-2389f409459f,29,"[1, 0]",1,0,0,,0.5,2
7160,9c3f89f8-8222-11f1-b0da-2389f409459f,30,"[1, 1]",0,1,-1,,0.5,2
7161,9c3f89f8-8222-11f1-b0da-2389f409459f,30,"[1, 1]",1,1,-1,,0.5,2
7162,9c3f89f8-8222-11f1-b0da-2389f409459f,31,"[1, 0]",0,1,1,,0.5,2
7163,9c3f89f8-8222-11f1-b0da-2389f409459f,31,"[1, 0]",1,0,0,,0.5,2
7164,9c3f89f8-8222-11f1-b0da-2389f409459f,32,"[1, 0]",0,1,1,,0.5,2
7165,9c3f89f8-8222-11f1-b0da-2389f409459f,32,"[1, 0]",1,0,0,,0.5,2
7166,9c3f89f8-8222-11f1-b0da-2389f409459f,33,"[1, 1]",0,1,-1,,0.5,2
7167,9c3f89f8-8222-11f1-b0da-2389f409459f,33,"[1, 1]",1,1,-1,,0.5,2
7168,9c3f89f8-8222-11f1-b0da-2389f409459f,34,"[1, 1]",0,1,-1,,0.5,2
7169,9c3f89f8-8222-11f1-b0da-2389f409459f,34,"[1, 1]",1,1,-1,,0.5,2
7170,9c3f89f8-8222-11f1-b0da-2389f409459f,35,"[1, 0]",0,1,1,,0.5,2
7171,9c3f89f8-8222-11f1-b0da-2389f409459f,35,"[1, 0]",1,0,0,,0.5,2
7172,9c3f89f8-8222-11f1-b0da-2389f409459f,36,"[1, 1]",0,1,-1,,0.5,2
7173,9c3f89f8-8222-11f1-b0da-2389f409459f,36,"[1, 1]",1,1,-1,,0.5,2
7174,9c3f89f8-8222-11f1-b0da-2389f409459f,37,"[1, 0]",0,1,1,,0.5,2
7175,9c3f89f8-8222-11f1-b0da-2389f409459f,37,"[1, 0]",1,0,0,,0.5,2
7176,9c3f89f8-8222-11f1-b0da-2389f409459f,38,"[0, 0]",0,0,0,,0.5,2
7177,9c3f89f8-8222-11f1-b0da-2389f409459f,38,"[0, 0]",1,0,0,,0.5,2
7178,9c3f89f8-8222-11f1-b0da-2389f409459f,39,"[1, 0]",0,1,1,,0.5,2
7179,9c3f89f8-8222-11f1-b0da-2389f409459f,39,"[1, 0]",1,0,0,,0.5,2
7180,9c3f89f8-8222-11f1-b0da-2389f409459f,40,"[1, 0]",0,1,1,,0.5,2
7181,9c3f89f8-8222-11f1-b0da-2389f409459f,40,"[1, 0]",1,0,0,,0.5,2
7182,9c3f89f8-8222-11f1-b0da-2389f409459f,41,"[1, 1]",0,1,-1,,0.5,2
7183,9c3f89f8-8222-11f1-b0da-2389f409459f,41,"[1, 1]",1,1,-1,,0.5,2
7184,9c3f89f8-8222-11f1-b0da-2389f409459f,42,"[1, 0]",0,1,1,,0.5,2
7185,9c3f89f8-8222-11f1-b0da-2389f409459f,42,"[1, 0]",1,0,0,,0.5,2
7186,9c3f89f8-8222-11f1-b0da-2389f409459f,43,"[1, 1]",0,1,-1,,0.5,2
7187,9c3f89f8-8222-11f1-b0da-2389f409459f,43,"[1, 1]",1,1,-1,,0.5,2
7188,9c3f89f8-8222-11f1-b0da-2389f409459f,44,"[1, 1]",0,1,-1,,0.5,2
7189,9c3f89f8-8222-11f1-b0da-2389f409459f,44,"[1, 1]",1,1,-1,,0.5,2
7190,9c3f89f8-8222-11f1-b0da-2389f409459f,45,"[1, 0]",0,1,1,,0.5,2
7191,9c3f89f8-8222-11f1-b0da-2389f409459f,45,"[1, 0]",1,0,0,,0.5,2
7192,9c3f89f8-8222-11f1-b0da-2389f409459f,46,"[1, 1]",0,1,-1,,0.5,2
7193,9c3f89f8-8222-11f1-b0da-2389f409459f,46,"[1, 1]",1,1,-1,,0.5,2
7194,9c3f89f8-8222-11f1-b0da-2389f409459f,47,"[1, 0]",0,1,1,,0.5,2
7195,9c3f89f8-8222-11f1-b0da-2389f409459f,47,"[1, 0]",1,0,0,,0.5,2
7196,9c3f89f8-8222-11f1-b0da-2389f409459f,48,"[0, 1]",0,0,0,,0.5,2
7197,9c3f89f8-8222-11f1-b0da-2389f409459f,48,"[0, 1]",1,1,1,,0.5,2
7198,9c3f89f8-8222-11f1-b0da-2389f409459f,49,"[1, 0]",0,1,1,,0.5,2
7199,9c3f89f8-8222-11f1-b0da-2389f409459f,49,"[1, 0]",1,0,0,,0.5,2
7200,9c416912-8222-11f1-b0da-2389f409459f,0,"[1, 1]",0,1,-1,,0.5,2
7201,9c416912-8222-11f1-b0da-2389f409459f,0,"[1, 1]",1,1,-1,,0.5,2
7202,9c416912-8222-11f1-b0da-2389f409459f,1,"[1, 0]",0,1,1,,0.5,2
7203,9c416912-8222-11f1-b0da-2389f409459f,1,"[1, 0]",1,0,0,,0.5,2
7204,9c416912-8222-11f1-b0da-2389f409459f,2,"[1, 1]",0,1,-1,,0.5,2
7205,9c416912-8222-11f1-b0da-2389f409459f,2,"[1, 1]",1,1,-1,,0.5,2
7206,9c416912-8222-11f1-b0da-2389f409459f,3,"[1, 0]",0,1,1,,0.5,2
7207,9c416912-8222-11f1-b0da-2389f409459f,3,"[1, 0]",1,0,0,,0.5,2
7208,9c416912-8222-11f1-b0da-2389f409459f,4,"[1, 0]",0,1,1,,0.5,2
7209,9c416912-8222-11f1-b0da-2389f409459f,4,"[1, 0]",1,0,0,,0.5,2
7210,9c416912-8222-11f1-b0da-2389f409459f,5,"[1, 1]",0,1,-1,,0.5,2
7211,9c416912-8222-11f1-b0da-2389f409459f,5,"[1, 1]",1,1,-1,,0.5,2
7212,9c416912-8222-11f1-b0da-2389f409459f,6,"[1, 0]",0,1,1,,0.5,2
7213,9c416912-8222-11f1-b0da-2389f409459f,6,"[1, 0]",1,0,0,,0.5,2
7214,9c416912-8222-11f1-b0da-2389f409459f,7,"[1, 1]",0,1,-1,,0.5,2
7215,9c416912-8222-11f1-b0da-2389f409459f,7,"[1, 1]",1,1,-1,,0.5,2
7216,9c416912-8222-11f1-b0da-2389f409459f,8,"[1, 0]",0,1,1,,0.5,2
7217,9c416912-8222-11f1-b0da-2389f409459f,8,"[1, 0]",1,0,0,,0.5,2
7218,9c416912-8222-11f1-b0da-2389f409459f,9,"[1, 0]",0,1,1,,0.5,2
7219,9c416912-8222-11f1-b0da-2389f409459f,9,"[1, 0]",1,0,0,,0.5,2
7220,9c416912-8222-11f1-b0da-2389f409459f,10,"[1, 0]",0,1,1,,0.5,2
7221,9c416912-8222-11f1-b0da-2389f409459f,10,"[1, 0]",1,0,0,,0.5,2
7222,9c416912-8222-11f1-b0da-2389f409459f,11,"[1, 0]",0,1,1,,0.5,2
7223,9c416912-8222-11f1-b0da-2389f409459f,11,"[1, 0]",1,0,0,,0.5,2
7224,9c416912-8222-11f1-b0da-2389f409459f,12,"[1, 0]",0,1,1,,0.5,2
7225,9c416912-8222-11f1-b0da-2389f409459f,12,"[1, 0]",1,0,0,,0.5,2
7226,9c416912-8222-11f1-b0da-2389f409459f,13,"[1, 0]",0,1,1,,0.5,2
7227,9c416912-8222-11f1-b0da-2389f409459f,13,"[1, 0]",1,0,0,,0.5,2
7228,9c416912-8222-11f1-b0da-2389f409459f,14,"[1, 0]",0,1,1,,0.5,2
7229,9c416912-8222-11f1-b0da-2389f409459f,14,"[1, 0]",1,0,0,,0.5,2
7230,9c416912-8222-11f1-b0da-2389f409459f,15,"[1, 1]",0,1,-1,,0.5,2
7231,9c416912-8222-11f1-b0da-2389f409459f,15,"[1, 1]",1,1,-1,,0.5,2
7232,9c416912-8222-11f1-b0da-2389f409459f,16,"[1, 0]",0,1,1,,0.5,2
7233,9c416912-8222-11f1-b0da-2389f409459f,16,"[1, 0]",1,0,0,,0.5,2
7234,9c416912-8222-11f1-b0da-2389f409459f,17,"[1, 0]",0,1,1,,0.5,2
7235,9c416912-8222-11f1-b0da-2389f409459f,17,"[1, 0]",1,0,0,,0.5,2
7236,9c416912-8222-11f1-b0da-2389f409459f,18,"[1, 1]",0,1,-1,,0.5,2
7237,9c416912-8222-11f1-b0da-2389f409459f,18,"[1, 1]",1,1,-1,,0.5,2
7238,9c416912-8222-11f1-b0da-2389f409459f,19,"[1, 0]",0,1,1,,0.5,2
7239,9c416912-8222-11f1-b0da-2389f409459f,19,"[1, 0]",1,0,0,,0.5,2
7240,9c416912-8222-11f1-b0da-2389f409459f,20,"[1, 1]",0,1,-1,,0.5,2
7241,9c416912-8222-11f1-b0da-2389f409459f,20,"[1, 1]",1,1,-1,,0.5,2
7242,9c416912-8222-11f1-b0da-2389f409459f,21,"[1, 0]",0,1,1,,0.5,2
7243,9c416912-8222-11f1-b0da-2389f409459f,21,"[1, 0]",1,0,0,,0.5,2
7244,9c416912-8222-11f1-b0da-2389f409459f,22,"[1, 0]",0,1,1,,0.5,2
7245,9c416912-8222-11f1-b0da-2389f409459f,22,"[1, 0]",1,0,0,,0.5,2
7246,9c416912-8222-11f1-b0da-2389f409459f,23,"[1, 0]",0,1,1,,0.5,2
7247,9c416912-8222-11f1-b0da-2389f409459f,23,"[1, 0]",1,0,0,,0.5,2
7248,9c416912-8222-11f1-b0da-2389f409459f,24,"[1, 0]",0,1,1,,0.5,2
7249,9c416912-8222-11f1-b0da-2389f409459f,24,"[1, 0]",1,0,0,,0.5,2
7250,9c416912-8222-11f1-b0da-2389f409459f,25,"[1, 1]",0,1,-1,,0.5,2
7251,9c416912-8222-11f1-b0da-2389f409459f,25,"[1, 1]",1,1,-1,,0.5,2
7252,9c416912-8222-11f1-b0da-2389f409459f,26,"[1, 0]",0,1,1,,0.5,2
7253,9c416912-8222-11f1-b0da-2389f409459f,26,"[1, 0]",1,0,0,,0.5,2
7254,9c416912-8222-11f1-b0da-2389f409459f,27,"[1, 0]",0,1,1,,0.5,2
7255,9c416912-8222-11f1-b0da-2389f409459f,27,"[1, 0]",1,0,0,,0.5,2
7256,9c416912-8222-11f1-b0da-2389f409459f,28,"[1, 0]",0,1,1,,0.5,2
7257,9c416912-8222-11f1-b0da-2389f409459f,28,"[1, 0]",1,0,0,,0.5,2
7258,9c416912-8222-11f1-b0da-2389f409459f,29,"[1, 0]",0,1,1,,0.5,2
7259,9c416912-8222-11f1-b0da-2389f409459f,29,"[1, 0]",1,0,0,,0.5,2
7260,9c416912-8222-11f1-b0da-2389f409459f,30,"[1, 0]",0,1,1,,0.5,2
7261,9c416912-8222-11f1-b0da-2389f409459f,30,"[1, 0]",1,0,0,,0.5,2
7262,9c416912-8222-11f1-b0da-2389f409459f,31,"[1, 1]",0,1,-1,,0.5,2
7263,9c416912-8222-11f1-b0da-2389f409459f,31,"[1, 1]",1,1,-1,,0.5,2
7264,9c416912-8222-11f1-b0da-2389f409459f,32,"[1, 0]",0,1,1,,0.5,2
7265,9c416912-8222-11f1-b0da-2389f409459f,32,"[1, 0]",1,0,0,,0.5,2
7266,9c416912-8222-11f1-b0da-2389f409459f,33,"[1, 0]",0,1,1,,0.5,2
7267,9c416912-8222-11f1-b0da-2389f409459f,33,"[1, 0]",1,0,0,,0.5,2
7268,9c416912-8222-11f1-b0da-2389f409459f,34,"[1, 1]",0,1,-1,,0.5,2
7269,9c416912-8222-11f1-b0da-2389f409459f,34,"[1, 1]",1,1,-1,,0.5,2
7270,9c416912-8222-11f1-b0da-2389f409459f,35,"[1, 0]",0,1,1,,0.5,2
7271,9c416912-8222-11f1-b0da-2389f409459f,35,"[1, 0]",1,0,0,,0.5,2
7272,9c416912-8222-11f1-b0da-2389f409459f,36,"[1, 0]",0,1,1,,0.5,2
7273,9c416912-8222-11f1-b0da-2389f409459f,36,"[1, 0]",1,0,0,,0.5,2
7274,9c416912-8222-11f1-b0da-2389f409459f,37,"[1, 1]",0,1,-1,,0.5,2
7275,9c416912-8222-11f1-b0da-2389f409459f,37,"[1, 1]",1,1,-1,,0.5,2
7276,9c416912-8222-11f1-b0da-2389f409459f,38,"[1, 0]",0,1,1,,0.5,2
7277,9c416912-8222-11f1-b0da-2389f409459f,38,"[1, 0]",1,0,0,,0.5,2
7278,9c416912-8222-11f1-b0da-2389f409459f,39,"[1, 0]",0,1,1,,0.5,2
7279,9c416912-8222-11f1-b0da-2389f409459f,39,"[1, 0]",1,0,0,,0.5,2
7280,9c416912-8222-11f1-b0da-2389f409459f,40,"[1, 0]",0,1,1,,0.5,2
7281,9c416912-8222-11f1-b0da-2389f409459f,40,"[1, 0]",1,0,0,,0.5,2
7282,9c416912-8222-11f1-b0da-2389f409459f,41,"[1, 1]",0,1,-1,,0.5,2
7283,9c416912-8222-11f1-b0da-2389f409459f,41,"[1, 1]",1,1,-1,,0.5,2
7284,9c416912-8222-11f1-b0da-2389f409459f,42,"[1, 1]",0,1,-1,,0.5,2
7285,9c416912-8222-11f1-b0da-2389f409459f,42,"[1, 1]",1,1,-1,,0.5,2
7286,9c416912-8222-11f1-b0da-2389f409459f,43,"[1, 0]",0,1,1,,0.5,2
7287,9c416912-8222-11f1-b0da-2389f409459f,43,"[1, 0]",1,0,0,,0.5,2
7288,9c416912-8222-11f1-b0da-2389f409459f,44,"[1, 0]",0,1,1,,0.5,2
7289,9c416912-8222-11f1-b0da-2389f409459f,44,"[1, 0]",1,0,0,,0.5,2
7290,9c416912-8222-11f1-b0da-2389f409459f,45,"[1, 1]",0,1,-1,,0.5,2
7291,9c416912-8222-11f1-b0da-2389f409459f,45,"[1, 1]",1,1,-1,,0.5,2
7292,9c416912-8222-11f1-b0da-2389f409459f,46,"[1, 0]",0,1,1,,0.5,2
7293,9c416912-8222-11f1-b0da-2389f409459f,46,"[1, 0]",1,0,0,,0.5,2
7294,9c416912-8222-11f1-b0da-2389f409459f,47,"[1, 1]",0,1,-1,,0.5,2
7295,9c416912-8222-11f1-b0da-2389f409459f,47,"[1, 1]",1,1,-1,,0.5,2
7296,9c416912-8222-11f1-b0da-2389f409459f,48,"[1, 0]",0,1,1,,0.5,2
7297,9c416912-8222-11f1-b0da-2389f409459f,48,"[1, 0]",1,0,0,,0.5,2
7298,9c416912-8222-11f1-b0da-2389f409459f,49,"[1, 0]",0,1,1,,0.5,2
7299,9c416912-8222-11f1-b0da-2389f409459f,49,"[1, 0]",1,0,0,,0.5,2
7300,9c4370c2-8222-11f1-b0da-2389f409459f,0,"[1, 1]",0,1,-1,,0.5,2
7301,9c4370c2-8222-11f1-b0da-2389f409459f,0,"[1, 1]",1,1,-1,,0.5,2
7302,9c4370c2-8222-11f1-b0da-2389f409459f,1,"[1, 0]",0,1,1,,0.5,2
7303,9c4370c2-8222-11f1-b0da-2389f409459f,1,"[1, 0]",1,0,0,,0.5,2
7304,9c4370c2-8222-11f1-b0da-2389f409459f,2,"[0, 0]",0,0,0,,0.5,2
7305,9c4370c2-8222-11f1-b0da-2389f409459f,2,"[0, 0]",1,0,0,,0.5,2
7306,9c4370c2-8222-11f1-b0da-2389f409459f,3,"[1, 0]",0,1,1,,0.5,2
7307,9c4370c2-8222-11f1-b0da-2389f409459f,3,"[1, 0]",1,0,0,,0.5,2
7308,9c4370c2-8222-11f1-b0da-2389f409459f,4,"[0, 1]",0,0,0,,0.5,2
7309,9c4370c2-8222-11f1-b0da-2389f409459f,4,"[0, 1]",1,1,1,,0.5,2
7310,9c4370c2-8222-11f1-b0da-2389f409459f,5,"[0, 0]",0,0,0,,0.5,2
7311,9c4370c2-8222-11f1-b0da-2389f409459f,5,"[0, 0]",1,0,0,,0.5,2
7312,9c4370c2-8222-11f1-b0da-2389f409459f,6,"[1, 1]",0,1,-1,,0.5,2
7313,9c4370c2-8222-11f1-b0da-2389f409459f,6,"[1, 1]",1,1,-1,,0.5,2
7314,9c4370c2-8222-11f1-b0da-2389f409459f,7,"[0, 1]",0,0,0,,0.5,2
7315,9c4370c2-8222-11f1-b0da-2389f409459f,7,"[0, 1]",1,1,1,,0.5,2
7316,9c4370c2-8222-11f1-b0da-2389f409459f,8,"[1, 1]",0,1,-1,,0.5,2
7317,9c4370c2-8222-11f1-b0da-2389f409459f,8,"[1, 1]",1,1,-1,,0.5,2
7318,9c4370c2-8222-11f1-b0da-2389f409459f,9,"[1, 0]",0,1,1,,0.5,2
7319,9c4370c2-8222-11f1-b0da-2389f409459f,9,"[1, 0]",1,0,0,,0.5,2
7320,9c4370c2-8222-11f1-b0da-2389f409459f,10,"[0, 1]",0,0,0,,0.5,2
7321,9c4370c2-8222-11f1-b0da-2389f409459f,10,"[0, 1]",1,1,1,,0.5,2
7322,9c4370c2-8222-11f1-b0da-2389f409459f,11,"[0, 1]",0,0,0,,0.5,2
7323,9c4370c2-8222-11f1-b0da-2389f409459f,11,"[0, 1]",1,1,1,,0.5,2
7324,9c4370c2-8222-11f1-b0da-2389f409459f,12,"[1, 0]",0,1,1,,0.5,2
7325,9c4370c2-8222-11f1-b0da-2389f409459f,12,"[1, 0]",1,0,0,,0.5,2
7326,9c4370c2-8222-11f1-b0da-2389f409459f,13,"[0, 1]",0,0,0,,0.5,2
7327,9c4370c2-8222-11f1-b0da-2389f409459f,13,"[0, 1]",1,1,1,,0.5,2
7328,9c4370c2-8222-11f1-b0da-2389f409459f,14,"[0, 1]",0,0,0,,0.5,2
7329,9c4370c2-8222-11f1-b0da-2389f409459f,14,"[0, 1]",1,1,1,,0.5,2
7330,9c4370c2-8222-11f1-b0da-2389f409459f,15,"[1, 0]",0,1,1,,0.5,2
7331,9c4370c2-8222-11f1-b0da-2389f409459f,15,"[1, 0]",1,0,0,,0.5,2
7332,9c4370c2-8222-11f1-b0da-2389f409459f,16,"[0, 1]",0,0,0,,0.5,2
7333,9c4370c2-8222-11f1-b0da-2389f409459f,16,"[0, 1]",1,1,1,,0.5,2
7334,9c4370c2-8222-11f1-b0da-2389f409459f,17,"[0, 0]",0,0,0,,0.5,2
7335,9c4370c2-8222-11f1-b0da-2389f409459f,17,"[0, 0]",1,0,0,,0.5,2
7336,9c4370c2-8222-11f1-b0da-2389f409459f,18,"[0, 0]",0,0,0,,0.5,2
7337,9c4370c2-8222-11f1-b0da-2389f409459f,18,"[0, 0]",1,0,0,,0.5,2
7338,9c4370c2-8222-11f1-b0da-2389f409459f,19,"[0, 0]",0,0,0,,0.5,2
7339,9c4370c2-8222-11f1-b0da-2389f409459f,19,"[0, 0]",1,0,0,,0.5,2
7340,9c4370c2-8222-11f1-b0da-2389f409459f,20,"[1, 0]",0,1,1,,0.5,2
7341,9c4370c2-8222-11f1-b0da-2389f409459f,20,"[1, 0]",1,0,0,,0.5,2
7342,9c4370c2-8222-11f1-b0da-2389f409459f,21,"[0, 1]",0,0,0,,0.5,2
7343,9c4370c2-8222-11f1-b0da-2389f409459f,21,"[0, 1]",1,1,1,,0.5,2
7344,9c4370c2-8222-11f1-b0da-2389f409459f,22,"[1, 0]",0,1,1,,0.5,2
7345,9c4370c2-8222-11f1-b0da-2389f409459f,22,"[1, 0]",1,0,0,,0.5,2
7346,9c4370c2-8222-11f1-b0da-2389f409459f,23,"[0, 0]",0,0,0,,0.5,2
7347,9c4370c2-8222-11f1-b0da-2389f409459f,23,"[0, 0]",1,0,0,,0.5,2
7348,9c4370c2-8222-11f1-b0da-2389f409459f,24,"[0, 0]",0,0,0,,0.5,2
7349,9c4370c2-8222-11f1-b0da-2389f409459f,24,"[0, 0]",1,0,0,,0.5,2
7350,9c4370c2-8222-11f1-b0da-2389f409459f,25,"[1, 0]",0,1,1,,0.5,2
7351,9c4370c2-8222-11f1-b0da-2389f409459f,25,"[1, 0]",1,0,0,,0.5,2
7352,9c4370c2-8222-11f1-b0da-2389f409459f,26,"[0, 1]",0,0,0,,0.5,2
7353,9c4370c2-8222-11f1-b0da-2389f409459f,26,"[0, 1]",1,1,1,,0.5,2
7354,9c4370c2-8222-11f1-b0da-2389f409459f,27,"[1, 0]",0,1,1,,0.5,2
7355,9c4370c2-8222-11f1-b0da-2389f409459f,27,"[1, 0]",1,0,0,,0.5,2
7356,9c4370c2-8222-11f1-b0da-2389f409459f,28,"[0, 0]",0,0,0,,0.5,2
7357,9c4370c2-8222-11f1-b0da-2389f409459f,28,"[0, 0]",1,0,0,,0.5,2
7358,9c4370c2-8222-11f1-b0da-2389f409459f,29,"[0, 1]",0,0,0,,0.5,2
7359,9c4370c2-8222-11f1-b0da-2389f409459f,29,"[0, 1]",1,1,1,,0.5,2
7360,9c4370c2-8222-11f1-b0da-2389f409459f,30,"[1, 0]",0,1,1,,0.5,2
7361,9c4370c2-8222-11f1-b0da-2389f409459f,30,"[1, 0]",1,0,0,,0.5,2
7362,9c4370c2-8222-11f1-b0da-2389f409459f,31,"[0, 1]",0,0,0,,0.5,2
7363,9c4370c2-8222-11f1-b0da-2389f409459f,31,"[0, 1]",1,1,1,,0.5,2
7364,9c4370c2-8222-11f1-b0da-2389f409459f,32,"[1, 0]",0,1,1,,0.5,2
7365,9c4370c2-8222-11f1-b0da-2389f409459f,32,"[1, 0]",1,0,0,,0.5,2
7366,9c4370c2-8222-11f1-b0da-2389f409459f,33,"[0, 1]",0,0,0,,0.5,2
7367,9c4370c2-8222-11f1-b0da-2389f409459f,33,"[0, 1]",1,1,1,,0.5,2
7368,9c4370c2-8222-11f1-b0da-2389f409459f,34,"[1, 1]",0,1,-1,,0.5,2
7369,9c4370c2-8222-11f1-b0da-2389f409459f,34,"[1, 1]",1,1,-1,,0.5,2
7370,9c4370c2-8222-11f1-b0da-2389f409459f,35,"[0, 1]",0,0,0,,0.5,2
7371,9c4370c2-8222-11f1-b0da-2389f409459f,35,"[0, 1]",1,1,1,,0.5,2
7372,9c4370c2-8222-11f1-b0da-2389f409459f,36,"[0, 0]",0,0,0,,0.5,2
7373,9c4370c2-8222-11f1-b0da-2389f409459f,36,"[0, 0]",1,0,0,,0.5,2
7374,9c4370c2-8222-11f1-b0da-2389f409459f,37,"[0, 0]",0,0,0,,0.5,2
7375,9c4370c2-8222-11f1-b0da-2389f409459f,37,"[0, 0]",1,0,0,,0.5,2
7376,9c4370c2-8222-11f1-b0da-2389f409459f,38,"[1, 1]",0,1,-1,,0.5,2
7377,9c4370c2-8222-11f1-b0da-2389f409459f,38,"[1, 1]",1,1,-1,,0.5,2
7378,9c4370c2-8222-11f1-b0da-2389f409459f,39,"[1, 0]",0,1,1,,0.5,2
7379,9c4370c2-8222-11f1-b0da-2389f409459f,39,"[1, 0]",1,0,0,,0.5,2
7380,9c4370c2-8222-11f1-b0da-2389f409459f,40,"[0, 0]",0,0,0,,0.5,2
7381,9c4370c2-8222-11f1-b0da-2389f409459f,40,"[0, 0]",1,0,0,,0.5,2
7382,9c4370c2-8222-11f1-b0da-2389f409459f,41,"[1, 1]",0,1,-1,,0.5,2
7383,9c4370c2-8222-11f1-b0da-2389f409459f,41,"[1, 1]",1,1,-1,,0.5,2
7384,9c4370c2-8222-11f1-b0da-2389f409459f,42,"[1, 0]",0,1,1,,0.5,2
7385,9c4370c2-8222-11f1-b0da-2389f409459f,42,"[1, 0]",1,0,0,,0.5,2
7386,9c4370c2-8222-11f1-b0da-2389f409459f,43,"[0, 1]",0,0,0,,0.5,2
7387,9c4370c2-8222-11f1-b0da-2389f409459f,43,"[0, 1]",1,1,1,,0.5,2
7388,9c4370c2-8222-11f1-b0da-2389f409459f,44,"[1, 0]",0,1,1,,0.5,2
7389,9c4370c2-8222-11f1-b0da-2389f409459f,44,"[1, 0]",1,0,0,,0.5,2
7390,9c4370c2-8222-11f1-b0da-2389f409459f,45,"[0, 0]",0,0,0,,0.5,2
7391,9c4370c2-8222-11f1-b0da-2389f409459f,45,"[0, 0]",1,0,0,,0.5,2
7392,9c4370c2-8222-11f1-b0da-2389f409459f,46,"[1, 0]",0,1,1,,0.5,2
7393,9c4370c2-8222-11f1-b0da-2389f409459f,46,"[1, 0]",1,0,0,,0.5,2
7394,9c4370c2-8222-11f1-b0da-2389f409459f,47,"[0, 1]",0,0,0,,0.5,2
7395,9c4370c2-8222-11f1-b0da-2389f409459f,47,"[0, 1]",1,1,1,,0.5,2
7396,9c4370c2-8222-11f1-b0da-2389f409459f,48,"[1, 1]",0,1,-1,,0.5,2
7397,9c4370c2-8222-11f1-b0da-2389f409459f,48,"[1, 1]",1,1,-1,,0.5,2
7398,9c4370c2-8222-11f1-b0da-2389f409459f,49,"[0, 1]",0,0,0,,0.5,2
7399,9c4370c2-8222-11f1-b0da-2389f409459f,49,"[0, 1]",1,1,1,,0.5,2
7400,9c44f9e2-8222-11f1-b0da-2389f409459f,0,"[0, 1]",0,0,0,,0.5,2
7401,9c44f9e2-8222-11f1-b0da-2389f409459f,0,"[0, 1]",1,1,1,,0.5,2
7402,9c44f9e2-8222-11f1-b0da-2389f409459f,1,"[1, 0]",0,1,1,,0.5,2
7403,9c44f9e2-8222-11f1-b0da-2389f409459f,1,"[1, 0]",1,0,0,,0.5,2
7404,9c44f9e2-8222-11f1-b0da-2389f409459f,2,"[1, 1]",0,1,-1,,0.5,2
7405,9c44f9e2-8222-11f1-b0da-2389f409459f,2,"[1, 1]",1,1,-1,,0.5,2
7406,9c44f9e2-8222-11f1-b0da-2389f409459f,3,"[1, 1]",0,1,-1,,0.5,2
7407,9c44f9e2-8222-11f1-b0da-2389f409459f,3,"[1, 1]",1,1,-1,,0.5,2
7408,9c44f9e2-8222-11f1-b0da-2389f409459f,4,"[1, 1]",0,1,-1,,0.5,2
7409,9c44f9e2-8222-11f1-b0da-2389f409459f,4,"[1, 1]",1,1,-1,,0.5,2
7410,9c44f9e2-8222-11f1-b0da-2389f409459f,5,"[0, 1]",0,0,0,,0.5,2
7411,9c44f9e2-8222-11f1-b0da-2389f409459f,5,"[0, 1]",1,1,1,,0.5,2
7412,9c44f9e2-8222-11f1-b0da-2389f409459f,6,"[1, 0]",0,1,1,,0.5,2
7413,9c44f9e2-8222-11f1-b0da-2389f409459f,6,"[1, 0]",1,0,0,,0.5,2
7414,9c44f9e2-8222-11f1-b0da-2389f409459f,7,"[0, 0]",0,0,0,,0.5,2
7415,9c44f9e2-8222-11f1-b0da-2389f409459f,7,"[0, 0]",1,0,0,,0.5,2
7416,9c44f9e2-8222-11f1-b0da-2389f409459f,8,"[0, 0]",0,0,0,,0.5,2
7417,9c44f9e2-8222-11f1-b0da-2389f409459f,8,"[0, 0]",1,0,0,,0.5,2
7418,9c44f9e2-8222-11f1-b0da-2389f409459f,9,"[1, 0]",0,1,1,,0.5,2
7419,9c44f9e2-8222-11f1-b0da-2389f409459f,9,"[1, 0]",1,0,0,,0.5,2
7420,9c44f9e2-8222-11f1-b0da-2389f409459f,10,"[0, 1]",0,0,0,,0.5,2
7421,9c44f9e2-8222-11f1-b0da-2389f409459f,10,"[0, 1]",1,1,1,,0.5,2
7422,9c44f9e2-8222-11f1-b0da-2389f409459f,11,"[0, 0]",0,0,0,,0.5,2
7423,9c44f9e2-8222-11f1-b0da-2389f409459f,11,"[0, 0]",1,0,0,,0.5,2
7424,9c44f9e2-8222-11f1-b0da-2389f409459f,12,"[1, 0]",0,1,1,,0.5,2
7425,9c44f9e2-8222-11f1-b0da-2389f409459f,12,"[1, 0]",1,0,0,,0.5,2
7426,9c44f9e2-8222-11f1-b0da-2389f409459f,13,"[1, 1]",0,1,-1,,0.5,2
7427,9c44f9e2-8222-11f1-b0da-2389f409459f,13,"[1, 1]",1,1,-1,,0.5,2
7428,9c44f9e2-8222-11f1-b0da-2389f409459f,14,"[0, 1]",0,0,0,,0.5,2
7429,9c44f9e2-8222-11f1-b0da-2389f409459f,14,"[0, 1]",1,1,1,,0.5,2
7430,9c44f9e2-8222-11f1-b0da-2389f409459f,15,"[1, 0]",0,1,1,,0.5,2
7431,9c44f9e2-8222-11f1-b0da-2389f409459f,15,"[1, 0]",1,0,0,,0.5,2
7432,9c44f9e2-8222-11f1-b0da-2389f409459f,16,"[1, 1]",0,1,-1,,0.5,2
7433,9c44f9e2-8222-11f1-b0da-2389f409459f,16,"[1, 1]",1,1,-1,,0.5,2
7434,9c44f9e2-8222-11f1-b0da-2389f409459f,17,"[1, 1]",0,1,-1,,0.5,2
7435,9c44f9e2-8222-11f1-b0da-2389f409459f,17,"[1, 1]",1,1,-1,,0.5,2
7436,9c44f9e2-8222-11f1-b0da-2389f409459f,18,"[0, 1]",0,0,0,,0.5,2
7437,9c44f9e2-8222-11f1-b0da-2389f409459f,18,"[0, 1]",1,1,1,,0.5,2
7438,9c44f9e2-8222-11f1-b0da-2389f409459f,19,"[1, 0]",0,1,1,,0.5,2
7439,9c44f9e2-8222-11f1-b0da-2389f409459f,19,"[1, 0]",1,0,0,,0.5,2
7440,9c44f9e2-8222-11f1-b0da-2389f409459f,20,"[0, 0]",0,0,0,,0.5,2
7441,9c44f9e2-8222-11f1-b0da-2389f409459f,20,"[0, 0]",1,0,0,,0.5,2
7442,9c44f9e2-8222-11f1-b0da-2389f409459f,21,"[0, 0]",0,0,0,,0.5,2
7443,9c44f9e2-8222-11f1-b0da-2389f409459f,21,"[0, 0]",1,0,0,,0.5,2
7444,9c44f9e2-8222-11f1-b0da-2389f409459f,22,"[1, 0]",0,1,1,,0.5,2
7445,9c44f9e2-8222-11f1-b0da-2389f409459f,22,"[1, 0]",1,0,0,,0.5,2
7446,9c44f9e2-8222-11f1-b0da-2389f409459f,23,"[0, 1]",0,0,0,,0.5,2
7447,9c44f9e2-8222-11f1-b0da-2389f409459f,23,"[0, 1]",1,1,1,,0.5,2
7448,9c44f9e2-8222-11f1-b0da-2389f409459f,24,"[1, 0]",0,1,1,,0.5,2
7449,9c44f9e2-8222-11f1-b0da-2389f409459f,24,"[1, 0]",1,0,0,,0.5,2
7450,9c44f9e2-8222-11f1-b0da-2389f409459f,25,"[0, 1]",0,0,0,,0.5,2
7451,9c44f9e2-8222-11f1-b0da-2389f409459f,25,"[0, 1]",1,1,1,,0.5,2
7452,9c44f9e2-8222-11f1-b0da-2389f409459f,26,"[0, 0]",0,0,0,,0.5,2
7453,9c44f9e2-8222-11f1-b0da-2389f409459f,26,"[0, 0]",1,0,0,,0.5,2
7454,9c44f9e2-8222-11f1-b0da-2389f409459f,27,"[1, 0]",0,1,1,,0.5,2
7455,9c44f9e2-8222-11f1-b0da-2389f409459f,27,"[1, 0]",1,0,0,,0.5,2
7456,9c44f9e2-8222-11f1-b0da-2389f409459f,28,"[1, 1]",0,1,-1,,0.5,2
7457,9c44f9e2-8222-11f1-b0da-2389f409459f,28,"[1, 1]",1,1,-1,,0.5,2
7458,9c44f9e2-8222-11f1-b0da-2389f409459f,29,"[0, 1]",0,0,0,,0.5,2
7459,9c44f9e2-8222-11f1-b0da-2389f409459f,29,"[0, 1]",1,1,1,,0.5,2
7460,9c44f9e2-8222-11f1-b0da-2389f409459f,30,"[1, 0]",0,1,1,,0.5,2
7461,9c44f9e2-8222-11f1-b0da-2389f409459f,30,"[1, 0]",1,0,0,,0.5,2
7462,9c44f9e2-8222-11f1-b0da-2389f409459f,31,"[1, 0]",0,1,1,,0.5,2
7463,9c44f9e2-8222-11f1-b0da-2389f409459f,31,"[1, 0]",1,0,0,,0.5,2
7464,9c44f9e2-8222-11f1-b0da-2389f409459f,32,"[0, 1]",0,0,0,,0.5,2
7465,9c44f9e2-8222-11f1-b0da-2389f409459f,32,"[0, 1]",1,1,1,,0.5,2
7466,9c44f9e2-8222-11f1-b0da-2389f409459f,33,"[1, 0]",0,1,1,,0.5,2
7467,9c44f9e2-8222-11f1-b0da-2389f409459f,33,"[1, 0]",1,0,0,,0.5,2
7468,9c44f9e2-8222-11f1-b0da-2389f409459f,34,"[0, 1]",0,0,0,,0.5,2
7469,9c44f9e2-8222-11f1-b0da-2389f409459f,34,"[0, 1]",1,1,1,,0.5,2
7470,9c44f9e2-8222-11f1-b0da-2389f409459f,35,"[1, 0]",0,1,1,,0.5,2
7471,9c44f9e2-8222-11f1-b0da-2389f409459f,35,"[1, 0]",1,0,0,,0.5,2
7472,9c44f9e2-8222-11f1-b0da-2389f409459f,36,"[1, 1]",0,1,-1,,0.5,2
7473,9c44f9e2-8222-11f1-b0da-2389f409459f,36,"[1, 1]",1,1,-1,,0.5,2
7474,9c44f9e2-8222-11f1-b0da-2389f409459f,37,"[0, 1]",0,0,0,,0.5,2
7475,9c44f9e2-8222-11f1-b0da-2389f409459f,37,"[0, 1]",1,1,1,,0.5,2
7476,9c44f9e2-8222-11f1-b0da-2389f409459f,38,"[1, 0]",0,1,1,,0.5,2
7477,9c44f9e2-8222-11f1-b0da-2389f409459f,38,"[1, 0]",1,0,0,,0.5,2
7478,9c44f9e2-8222-11f1-b0da-2389f409459f,39,"[1, 0]",0,1,1,,0.5,2
7479,9c44f9e2-8222-11f1-b0da-2389f409459f,39,"[1, 0]",1,0,0,,0.5,2
7480,9c44f9e2-8222-11f1-b0da-2389f409459f,40,"[1, 1]",0,1,-1,,0.5,2
7481,9c44f9e2-8222-11f1-b0da-2389f409459f,40,"[1, 1]",1,1,-1,,0.5,2
7482,9c44f9e2-8222-11f1-b0da-2389f409459f,41,"[0, 1]",0,0,0,,0.5,2
7483,9c44f9e2-8222-11f1-b0da-2389f409459f,41,"[0, 1]",1,1,1,,0.5,2
7484,9c44f9e2-8222-11f1-b0da-2389f409459f,42,"[1, 0]",0,1,1,,0.5,2
7485,9c44f9e2-8222-11f1-b0da-2389f409459f,42,"[1, 0]",1,0,0,,0.5,2
7486,9c44f9e2-8222-11f1-b0da-2389f409459f,43,"[1, 1]",0,1,-1,,0.5,2
7487,9c44f9e2-8222-11f1-b0da-2389f409459f,43,"[1, 1]",1,1,-1,,0.5,2
7488,9c44f9e2-8222-11f1-b0da-2389f409459f,44,"[0, 1]",0,0,0,,0.5,2
7489,9c44f9e2-8222-11f1-b0da-2389f409459f,44,"[0, 1]",1,1,1,,0.5,2
7490,9c44f9e2-8222-11f1-b0da-2389f409459f,45,"[1, 0]",0,1,1,,0.5,2
7491,9c44f9e2-8222-11f1-b0da-2389f409459f,45,"[1, 0]",1,0,0,,0.5,2
7492,9c44f9e2-8222-11f1-b0da-2389f409459f,46,"[0, 0]",0,0,0,,0.5,2
7493,9c44f9e2-8222-11f1-b0da-2389f409459f,46,"[0, 0]",1,0,0,,0.5,2
7494,9c44f9e2-8222-11f1-b0da-2389f409459f,47,"[1, 0]",0,1,1,,0.5,2
7495,9c44f9e2-8222-11f1-b0da-2389f409459f,47,"[1, 0]",1,0,0,,0.5,2
7496,9c44f9e2-8222-11f1-b0da-2389f409459f,48,"[1, 1]",0,1,-1,,0.5,2
7497,9c44f9e2-8222-11f1-b0da-2389f409459f,48,"[1, 1]",1,1,-1,,0.5,2
7498,9c44f9e2-8222-11f1-b0da-2389f409459f,49,"[0, 1]",0,0,0,,0.5,2
7499,9c44f9e2-8222-11f1-b0da-2389f409459f,49,"[0, 1]",1,1,1,,0.5,2
7500,9c46ca7e-8222-11f1-b0da-2389f409459f,0,"[0, 1]",0,0,0,,0.5,2
7501,9c46ca7e-8222-11f1-b0da-2389f409459f,0,"[0, 1]",1,1,1,,0.5,2
7502,9c46ca7e-8222-11f1-b0da-2389f409459f,1,"[1, 1]",0,1,-1,,0.5,2
7503,9c46ca7e-8222-11f1-b0da-2389f409459f,1,"[1, 1]",1,1,-1,,0.5,2
7504,9c46ca7e-8222-11f1-b0da-2389f409459f,2,"[0, 1]",0,0,0,,0.5,2
7505,9c46ca7e-8222-11f1-b0da-2389f409459f,2,"[0, 1]",1,1,1,,0.5,2
7506,9c46ca7e-8222-11f1-b0da-2389f409459f,3,"[0, 1]",0,0,0,,0.5,2
7507,9c46ca7e-8222-11f1-b0da-2389f409459f,3,"[0, 1]",1,1,1,,0.5,2
7508,9c46ca7e-8222-11f1-b0da-2389f409459f,4,"[0, 1]",0,0,0,,0.5,2
7509,9c46ca7e-8222-11f1-b0da-2389f409459f,4,"[0, 1]",1,1,1,,0.5,2
7510,9c46ca7e-8222-11f1-b0da-2389f409459f,5,"[1, 1]",0,1,-1,,0.5,2
7511,9c46ca7e-8222-11f1-b0da-2389f409459f,5,"[1, 1]",1,1,-1,,0.5,2
7512,9c46ca7e-8222-11f1-b0da-2389f409459f,6,"[1, 0]",0,1,1,,0.5,2
7513,9c46ca7e-8222-11f1-b0da-2389f409459f,6,"[1, 0]",1,0,0,,0.5,2
7514,9c46ca7e-8222-11f1-b0da-2389f409459f,7,"[0, 0]",0,0,0,,0.5,2
7515,9c46ca7e-8222-11f1-b0da-2389f409459f,7,"[0, 0]",1,0,0,,0.5,2
7516,9c46ca7e-8222-11f1-b0da-2389f409459f,8,"[1, 0]",0,1,1,,0.5,2
7517,9c46ca7e-8222-11f1-b0da-2389f409459f,8,"[1, 0]",1,0,0,,0.5,2
7518,9c46ca7e-8222-11f1-b0da-2389f409459f,9,"[0, 1]",0,0,0,,0.5,2
7519,9c46ca7e-8222-11f1-b0da-2389f409459f,9,"[0, 1]",1,1,1,,0.5,2
7520,9c46ca7e-8222-11f1-b0da-2389f409459f,10,"[1, 1]",0,1,-1,,0.5,2
7521,9c46ca7e-8222-11f1-b0da-2389f409459f,10,"[1, 1]",1,1,-1,,0.5,2
7522,9c46ca7e-8222-11f1-b0da-2389f409459f,11,"[0, 1]",0,0,0,,0.5,2
7523,9c46ca7e-8222-11f1-b0da-2389f409459f,11,"[0, 1]",1,1,1,,0.5,2
7524,9c46ca7e-8222-11f1-b0da-2389f409459f,12,"[1, 0]",0,1,1,,0.5,2
7525,9c46ca7e-8222-11f1-b0da-2389f409459f,12,"[1, 0]",1,0,0,,0.5,2
7526,9c46ca7e-8222-11f1-b0da-2389f409459f,13,"[1, 0]",0,1,1,,0.5,2
7527,9c46ca7e-8222-11f1-b0da-2389f409459f,13,"[1, 0]",1,0,0,,0.5,2
7528,9c46ca7e-8222-11f1-b0da-2389f409459f,14,"[0, 1]",0,0,0,,0.5,2
7529,9c46ca7e-8222-11f1-b0da-2389f409459f,14,"[0, 1]",1,1,1,,0.5,2
7530,9c46ca7e-8222-11f1-b0da-2389f409459f,15,"[1, 1]",0,1,-1,,0.5,2
7531,9c46ca7e-8222-11f1-b0da-2389f409459f,15,"[1, 1]",1,1,-1,,0.5,2
7532,9c46ca7e-8222-11f1-b0da-2389f409459f,16,"[1, 1]",0,1,-1,,0.5,2
7533,9c46ca7e-8222-11f1-b0da-2389f409459f,16,"[1, 1]",1,1,-1,,0.5,2
7534,9c46ca7e-8222-11f1-b0da-2389f409459f,17,"[1, 1]",0,1,-1,,0.5,2
7535,9c46ca7e-8222-11f1-b0da-2389f409459f,17,"[1, 1]",1,1,-1,,0.5,2
7536,9c46ca7e-8222-11f1-b0da-2389f409459f,18,"[1, 1]",0,1,-1,,0.5,2
7537,9c46ca7e-8222-11f1-b0da-2389f409459f,18,"[1, 1]",1,1,-1,,0.5,2
7538,9c46ca7e-8222-11f1-b0da-2389f409459f,19,"[1, 1]",0,1,-1,,0.5,2
7539,9c46ca7e-8222-11f1-b0da-2389f409459f,19,"[1, 1]",1,1,-1,,0.5,2
7540,9c46ca7e-8222-11f1-b0da-2389f409459f,20,"[1, 1]",0,1,-1,,0.5,2
7541,9c46ca7e-8222-11f1-b0da-2389f409459f,20,"[1, 1]",1,1,-1,,0.5,2
7542,9c46ca7e-8222-11f1-b0da-2389f409459f,21,"[1, 1]",0,1,-1,,0.5,2
7543,9c46ca7e-8222-11f1-b0da-2389f409459f,21,"[1, 1]",1,1,-1,,0.5,2
7544,9c46ca7e-8222-11f1-b0da-2389f409459f,22,"[0, 1]",0,0,0,,0.5,2
7545,9c46ca7e-8222-11f1-b0da-2389f409459f,22,"[0, 1]",1,1,1,,0.5,2
7546,9c46ca7e-8222-11f1-b0da-2389f409459f,23,"[1, 1]",0,1,-1,,0.5,2
7547,9c46ca7e-8222-11f1-b0da-2389f409459f,23,"[1, 1]",1,1,-1,,0.5,2
7548,9c46ca7e-8222-11f1-b0da-2389f409459f,24,"[0, 0]",0,0,0,,0.5,2
7549,9c46ca7e-8222-11f1-b0da-2389f409459f,24,"[0, 0]",1,0,0,,0.5,2
7550,9c46ca7e-8222-11f1-b0da-2389f409459f,25,"[1, 0]",0,1,1,,0.5,2
7551,9c46ca7e-8222-11f1-b0da-2389f409459f,25,"[1, 0]",1,0,0,,0.5,2
7552,9c46ca7e-8222-11f1-b0da-2389f409459f,26,"[0, 0]",0,0,0,,0.5,2
7553,9c46ca7e-8222-11f1-b0da-2389f409459f,26,"[0, 0]",1,0,0,,0.5,2
7554,9c46ca7e-8222-11f1-b0da-2389f409459f,27,"[0, 0]",0,0,0,,0.5,2
7555,9c46ca7e-8222-11f1-b0da-2389f409459f,27,"[0, 0]",1,0,0,,0.5,2
7556,9c46ca7e-8222-11f1-b0da-2389f409459f,28,"[0, 1]",0,0,0,,0.5,2
7557,9c46ca7e-8222-11f1-b0da-2389f409459f,28,"[0, 1]",1,1,1,,0.5,2
7558,9c46ca7e-8222-11f1-b0da-2389f409459f,29,"[0, 1]",0,0,0,,0.5,2
7559,9c46ca7e-8222-11f1-b0da-2389f409459f,29,"[0, 1]",1,1,1,,0.5,2
7560,9c46ca7e-8222-11f1-b0da-2389f409459f,30,"[1, 1]",0,1,-1,,0.5,2
7561,9c46ca7e-8222-11f1-b0da-2389f409459f,30,"[1, 1]",1,1,-1,,0.5,2
7562,9c46ca7e-8222-11f1-b0da-2389f409459f,31,"[1, 1]",0,1,-1,,0.5,2
7563,9c46ca7e-8222-11f1-b0da-2389f409459f,31,"[1, 1]",1,1,-1,,0.5,2
7564,9c46ca7e-8222-11f1-b0da-2389f409459f,32,"[1, 0]",0,1,1,,0.5,2
7565,9c46ca7e-8222-11f1-b0da-2389f409459f,32,"[1, 0]",1,0,0,,0.5,2
7566,9c46ca7e-8222-11f1-b0da-2389f409459f,33,"[1, 0]",0,1,1,,0.5,2
7567,9c46ca7e-8222-11f1-b0da-2389f409459f,33,"[1, 0]",1,0,0,,0.5,2
7568,9c46ca7e-8222-11f1-b0da-2389f409459f,34,"[1, 0]",0,1,1,,0.5,2
7569,9c46ca7e-8222-11f1-b0da-2389f409459f,34,"[1, 0]",1,0,0,,0.5,2
7570,9c46ca7e-8222-11f1-b0da-2389f409459f,35,"[1, 1]",0,1,-1,,0.5,2
7571,9c46ca7e-8222-11f1-b0da-2389f409459f,35,"[1, 1]",1,1,-1,,0.5,2
7572,9c46ca7e-8222-11f1-b0da-2389f409459f,36,"[0, 1]",0,0,0,,0.5,2
7573,9c46ca7e-8222-11f1-b0da-2389f409459f,36,"[0, 1]",1,1,1,,0.5,2
7574,9c46ca7e-8222-11f1-b0da-2389f409459f,37,"[1, 0]",0,1,1,,0.5,2
7575,9c46ca7e-8222-11f1-b0da-2389f409459f,37,"[1, 0]",1,0,0,,0.5,2
7576,9c46ca7e-8222-11f1-b0da-2389f409459f,38,"[0, 0]",0,0,0,,0.5,2
7577,9c46ca7e-8222-11f1-b0da-2389f409459f,38,"[0, 0]",1,0,0,,0.5,2
7578,9c46ca7e-8222-11f1-b0da-2389f409459f,39,"[1, 0]",0,1,1,,0.5,2
7579,9c46ca7e-8222-11f1-b0da-2389f409459f,39,"[1, 0]",1,0,0,,0.5,2
7580,9c46ca7e-8222-11f1-b0da-2389f409459f,40,"[1, 0]",0,1,1,,0.5,2
7581,9c46ca7e-8222-11f1-b0da-2389f409459f,40,"[1, 0]",1,0,0,,0.5,2
7582,9c46ca7e-8222-11f1-b0da-2389f409459f,41,"[1, 0]",0,1,1,,0.5,2
7583,9c46ca7e-8222-11f1-b0da-2389f409459f,41,"[1, 0]",1,0,0,,0.5,2
7584,9c46ca7e-8222-11f1-b0da-2389f409459f,42,"[1, 0]",0,1,1,,0.5,2
7585,9c46ca7e-8222-11f1-b0da-2389f409459f,42,"[1, 0]",1,0,0,,0.5,2
7586,9c46ca7e-8222-11f1-b0da-2389f409459f,43,"[0, 1]",0,0,0,,0.5,2
7587,9c46ca7e-8222-11f1-b0da-2389f409459f,43,"[0, 1]",1,1,1,,0.5,2
7588,9c46ca7e-8222-11f1-b0da-2389f409459f,44,"[1, 1]",0,1,-1,,0.5,2
7589,9c46ca7e-8222-11f1-b0da-2389f409459f,44,"[1, 1]",1,1,-1,,0.5,2
7590,9c46ca7e-8222-11f1-b0da-2389f409459f,45,"[0, 1]",0,0,0,,0.5,2
7591,9c46ca7e-8222-11f1-b0da-2389f409459f,45,"[0, 1]",1,1,1,,0.5,2
7592,9c46ca7e-8222-11f1-b0da-2389f409459f,46,"[1, 0]",0,1,1,,0.5,2
7593,9c46ca7e-8222-11f1-b0da-2389f409459f,46,"[1, 0]",1,0,0,,0.5,2
7594,9c46ca7e-8222-11f1-b0da-2389f409459f,47,"[1, 0]",0,1,1,,0.5,2
7595,9c46ca7e-8222-11f1-b0da-2389f409459f,47,"[1, 0]",1,0,0,,0.5,2
7596,9c46ca7e-8222-11f1-b0da-2389f409459f,48,"[1, 0]",0,1,1,,0.5,2
7597,9c46ca7e-8222-11f1-b0da-2389f409459f,48,"[1, 0]",1,0,0,,0.5,2
7598,9c46ca7e-8222-11f1-b0da-2389f409459f,49,"[1, 1]",0,1,-1,,0.5,2
7599,9c46ca7e-8222-11f1-b0da-2389f409459f,49,"[1, 1]",1,1,-1,,0.5,2
7600,9c48cc8e-8222-11f1-b0da-2389f409459f,0,"[1, 1]",0,1,-1,,0.5,2
7601,9c48cc8e-8222-11f1-b0da-2389f409459f,0,"[1, 1]",1,1,-1,,0.5,2
7602,9c48cc8e-8222-11f1-b0da-2389f409459f,1,"[1, 0]",0,1,1,,0.5,2
7603,9c48cc8e-8222-11f1-b0da-2389f409459f,1,"[1, 0]",1,0,0,,0.5,2
7604,9c48cc8e-8222-11f1-b0da-2389f409459f,2,"[1, 1]",0,1,-1,,0.5,2
7605,9c48cc8e-8222-11f1-b0da-2389f409459f,2,"[1, 1]",1,1,-1,,0.5,2
7606,9c48cc8e-8222-11f1-b0da-2389f409459f,3,"[1, 1]",0,1,-1,,0.5,2
7607,9c48cc8e-8222-11f1-b0da-2389f409459f,3,"[1, 1]",1,1,-1,,0.5,2
7608,9c48cc8e-8222-11f1-b0da-2389f409459f,4,"[1, 0]",0,1,1,,0.5,2
7609,9c48cc8e-8222-11f1-b0da-2389f409459f,4,"[1, 0]",1,0,0,,0.5,2
7610,9c48cc8e-8222-11f1-b0da-2389f409459f,5,"[1, 0]",0,1,1,,0.5,2
7611,9c48cc8e-8222-11f1-b0da-2389f409459f,5,"[1, 0]",1,0,0,,0.5,2
7612,9c48cc8e-8222-11f1-b0da-2389f409459f,6,"[1, 1]",0,1,-1,,0.5,2
7613,9c48cc8e-8222-11f1-b0da-2389f409459f,6,"[1, 1]",1,1,-1,,0.5,2
7614,9c48cc8e-8222-11f1-b0da-2389f409459f,7,"[1, 0]",0,1,1,,0.5,2
7615,9c48cc8e-8222-11f1-b0da-2389f409459f,7,"[1, 0]",1,0,0,,0.5,2
7616,9c48cc8e-8222-11f1-b0da-2389f409459f,8,"[1, 1]",0,1,-1,,0.5,2
7617,9c48cc8e-8222-11f1-b0da-2389f409459f,8,"[1, 1]",1,1,-1,,0.5,2
7618,9c48cc8e-8222-11f1-b0da-2389f409459f,9,"[1, 0]",0,1,1,,0.5,2
7619,9c48cc8e-8222-11f1-b0da-2389f409459f,9,"[1, 0]",1,0,0,,0.5,2
7620,9c48cc8e-8222-11f1-b0da-2389f409459f,10,"[1, 1]",0,1,-1,,0.5,2
7621,9c48cc8e-8222-11f1-b0da-2389f409459f,10,"[1, 1]",1,1,-1,,0.5,2
7622,9c48cc8e-8222-11f1-b0da-2389f409459f,11,"[1, 1]",0,1,-1,,0.5,2
7623,9c48cc8e-8222-11f1-b0da-2389f409459f,11,"[1, 1]",1,1,-1,,0.5,2
7624,9c48cc8e-8222-11f1-b0da-2389f409459f,12,"[1, 1]",0,1,-1,,0.5,2
7625,9c48cc8e-8222-11f1-b0da-2389f409459f,12,"[1, 1]",1,1,-1,,0.5,2
7626,9c48cc8e-8222-11f1-b0da-2389f409459f,13,"[1, 0]",0,1,1,,0.5,2
7627,9c48cc8e-8222-11f1-b0da-2389f409459f,13,"[1, 0]",1,0,0,,0.5,2
7628,9c48cc8e-8222-11f1-b0da-2389f409459f,14,"[1, 1]",0,1,-1,,0.5,2
7629,9c48cc8e-8222-11f1-b0da-2389f409459f,14,"[1, 1]",1,1,-1,,0.5,2
7630,9c48cc8e-8222-11f1-b0da-2389f409459f,15,"[1, 0]",0,1,1,,0.5,2
7631,9c48cc8e-8222-11f1-b0da-2389f409459f,15,"[1, 0]",1,0,0,,0.5,2
7632,9c48cc8e-8222-11f1-b0da-2389f409459f,16,"[1, 0]",0,1,1,,0.5,2
7633,9c48cc8e-8222-11f1-b0da-2389f409459f,16,"[1, 0]",1,0,0,,0.5,2
7634,9c48cc8e-8222-11f1-b0da-2389f409459f,17,"[1, 1]",0,1,-1,,0.5,2
7635,9c48cc8e-8222-11f1-b0da-2389f409459f,17,"[1, 1]",1,1,-1,,0.5,2
7636,9c48cc8e-8222-11f1-b0da-2389f409459f,18,"[1, 0]",0,1,1,,0.5,2
7637,9c48cc8e-8222-11f1-b0da-2389f409459f,18,"[1, 0]",1,0,0,,0.5,2
7638,9c48cc8e-8222-11f1-b0da-2389f409459f,19,"[1, 0]",0,1,1,,0.5,2
7639,9c48cc8e-8222-11f1-b0da-2389f409459f,19,"[1, 0]",1,0,0,,0.5,2
7640,9c48cc8e-8222-11f1-b0da-2389f409459f,20,"[1, 1]",0,1,-1,,0.5,2
7641,9c48cc8e-8222-11f1-b0da-2389f409459f,20,"[1, 1]",1,1,-1,,0.5,2
7642,9c48cc8e-8222-11f1-b0da-2389f409459f,21,"[1, 1]",0,1,-1,,0.5,2
7643,9c48cc8e-8222-11f1-b0da-2389f409459f,21,"[1, 1]",1,1,-1,,0.5,2
7644,9c48cc8e-8222-11f1-b0da-2389f409459f,22,"[1, 1]",0,1,-1,,0.5,2
7645,9c48cc8e-8222-11f1-b0da-2389f409459f,22,"[1, 1]",1,1,-1,,0.5,2
7646,9c48cc8e-8222-11f1-b0da-2389f409459f,23,"[1, 1]",0,1,-1,,0.5,2
7647,9c48cc8e-8222-11f1-b0da-2389f409459f,23,"[1, 1]",1,1,-1,,0.5,2
7648,9c48cc8e-8222-11f1-b0da-2389f409459f,24,"[1, 1]",0,1,-1,,0.5,2
7649,9c48cc8e-8222-11f1-b0da-2389f409459f,24,"[1, 1]",1,1,-1,,0.5,2
7650,9c48cc8e-8222-11f1-b0da-2389f409459f,25,"[1, 0]",0,1,1,,0.5,2
7651,9c48cc8e-8222-11f1-b0da-2389f409459f,25,"[1, 0]",1,0,0,,0.5,2
7652,9c48cc8e-8222-11f1-b0da-2389f409459f,26,"[1, 1]",0,1,-1,,0.5,2
7653,9c48cc8e-8222-11f1-b0da-2389f409459f,26,"[1, 1]",1,1,-1,,0.5,2
7654,9c48cc8e-8222-11f1-b0da-2389f409459f,27,"[1, 0]",0,1,1,,0.5,2
7655,9c48cc8e-8222-11f1-b0da-2389f409459f,27,"[1, 0]",1,0,0,,0.5,2
7656,9c48cc8e-8222-11f1-b0da-2389f409459f,28,"[1, 0]",0,1,1,,0.5,2
7657,9c48cc8e-8222-11f1-b0da-2389f409459f,28,"[1, 0]",1,0,0,,0.5,2
7658,9c48cc8e-8222-11f1-b0da-2389f409459f,29,"[1, 1]",0,1,-1,,0.5,2
7659,9c48cc8e-8222-11f1-b0da-2389f409459f,29,"[1, 1]",1,1,-1,,0.5,2
7660,9c48cc8e-8222-11f1-b0da-2389f409459f,30,"[1, 0]",0,1,1,,0.5,2
7661,9c48cc8e-8222-11f1-b0da-2389f409459f,30,"[1, 0]",1,0,0,,0.5,2
7662,9c48cc8e-8222-11f1-b0da-2389f409459f,31,"[1, 1]",0,1,-1,,0.5,2
7663,9c48cc8e-8222-11f1-b0da-2389f409459f,31,"[1, 1]",1,1,-1,,0.5,2
7664,9c48cc8e-8222-11f1-b0da-2389f409459f,32,"[1, 0]",0,1,1,,0.5,2
7665,9c48cc8e-8222-11f1-b0da-2389f409459f,32,"[1, 0]",1,0,0,,0.5,2
7666,9c48cc8e-8222-11f1-b0da-2389f409459f,33,"[1, 0]",0,1,1,,0.5,2
7667,9c48cc8e-8222-11f1-b0da-2389f409459f,33,"[1, 0]",1,0,0,,0.5,2
7668,9c48cc8e-8222-11f1-b0da-2389f409459f,34,"[1, 1]",0,1,-1,,0.5,2
7669,9c48cc8e-8222-11f1-b0da-2389f409459f,34,"[1, 1]",1,1,-1,,0.5,2
7670,9c48cc8e-8222-11f1-b0da-2389f409459f,35,"[1, 0]",0,1,1,,0.5,2
7671,9c48cc8e-8222-11f1-b0da-2389f409459f,35,"[1, 0]",1,0,0,,0.5,2
7672,9c48cc8e-8222-11f1-b0da-2389f409459f,36,"[1, 0]",0,1,1,,0.5,2
7673,9c48cc8e-8222-11f1-b0da-2389f409459f,36,"[1, 0]",1,0,0,,0.5,2
7674,9c48cc8e-8222-11f1-b0da-2389f409459f,37,"[1, 1]",0,1,-1,,0.5,2
7675,9c48cc8e-8222-11f1-b0da-2389f409459f,37,"[1, 1]",1,1,-1,,0.5,2
7676,9c48cc8e-8222-11f1-b0da-2389f409459f,38,"[1, 0]",0,1,1,,0.5,2
7677,9c48cc8e-8222-11f1-b0da-2389f409459f,38,"[1, 0]",1,0,0,,0.5,2
7678,9c48cc8e-8222-11f1-b0da-2389f409459f,39,"[1, 1]",0,1,-1,,0.5,2
7679,9c48cc8e-8222-11f1-b0da-2389f409459f,39,"[1, 1]",1,1,-1,,0.5,2
7680,9c48cc8e-8222-11f1-b0da-2389f409459f,40,"[1, 1]",0,1,-1,,0.5,2
7681,9c48cc8e-8222-11f1-b0da-2389f409459f,40,"[1, 1]",1,1,-1,,0.5,2
7682,9c48cc8e-8222-11f1-b0da-2389f409459f,41,"[1, 0]",0,1,1,,0.5,2
7683,9c48cc8e-8222-11f1-b0da-2389f409459f,41,"[1, 0]",1,0,0,,0.5,2
7684,9c48cc8e-8222-11f1-b0da-2389f409459f,42,"[1, 0]",0,1,1,,0.5,2
7685,9c48cc8e-8222-11f1-b0da-2389f409459f,42,"[1, 0]",1,0,0,,0.5,2
7686,9c48cc8e-8222-11f1-b0da-2389f409459f,43,"[1, 0]",0,1,1,,0.5,2
7687,9c48cc8e-8222-11f1-b0da-2389f409459f,43,"[1, 0]",1,0,0,,0.5,2
7688,9c48cc8e-8222-11f1-b0da-2389f409459f,44,"[1, 1]",0,1,-1,,0.5,2
7689,9c48cc8e-8222-11f1-b0da-2389f409459f,44,"[1, 1]",1,1,-1,,0.5,2
7690,9c48cc8e-8222-11f1-b0da-2389f409459f,45,"[1, 0]",0,1,1,,0.5,2
7691,9c48cc8e-8222-11f1-b0da-2389f409459f,45,"[1, 0]",1,0,0,,0.5,2
7692,9c48cc8e-8222-11f1-b0da-2389f409459f,46,"[1, 0]",0,1,1,,0.5,2
7693,9c48cc8e-8222-11f1-b0da-2389f409459f,46,"[1, 0]",1,0,0,,0.5,2
7694,9c48cc8e-8222-11f1-b0da-2389f409459f,47,"[1, 0]",0,1,1,,0.5,2
7695,9c48cc8e-8222-11f1-b0da-2389f409459f,47,"[1, 0]",1,0,0,,0.5,2
7696,9c48cc8e-8222-11f1-b0da-2389f409459f,48,"[1, 0]",0,1,1,,0.5,2
7697,9c48cc8e-8222-11f1-b0da-2389f409459f,48,"[1, 0]",1,0,0,,0.5,2
7698,9c48cc8e-8222-11f1-b0da-2389f409459f,49,"[1, 1]",0,1,-1,,0.5,2
7699,9c48cc8e-8222-11f1-b0da-2389f409459f,49,"[1, 1]",1,1,-1,,0.5,2
7700,9c4a73b8-8222-11f1-b0da-2389f409459f,0,"[0, 1]",0,0,0,,0.5,2
7701,9c4a73b8-8222-11f1-b0da-2389f409459f,0,"[0, 1]",1,1,1,,0.5,2
7702,9c4a73b8-8222-11f1-b0da-2389f409459f,1,"[0, 0]",0,0,0,,0.5,2
7703,9c4a73b8-8222-11f1-b0da-2389f409459f,1,"[0, 0]",1,0,0,,0.5,2
7704,9c4a73b8-8222-11f1-b0da-2389f409459f,2,"[1, 1]",0,1,-1,,0.5,2
7705,9c4a73b8-8222-11f1-b0da-2389f409459f,2,"[1, 1]",1,1,-1,,0.5,2
7706,9c4a73b8-8222-11f1-b0da-2389f409459f,3,"[1, 0]",0,1,1,,0.5,2
7707,9c4a73b8-8222-11f1-b0da-2389f409459f,3,"[1, 0]",1,0,0,,0.5,2
7708,9c4a73b8-8222-11f1-b0da-2389f409459f,4,"[1, 1]",0,1,-1,,0.5,2
7709,9c4a73b8-8222-11f1-b0da-2389f409459f,4,"[1, 1]",1,1,-1,,0.5,2
7710,9c4a73b8-8222-11f1-b0da-2389f409459f,5,"[0, 1]",0,0,0,,0.5,2
7711,9c4a73b8-8222-11f1-b0da-2389f409459f,5,"[0, 1]",1,1,1,,0.5,2
7712,9c4a73b8-8222-11f1-b0da-2389f409459f,6,"[1, 0]",0,1,1,,0.5,2
7713,9c4a73b8-8222-11f1-b0da-2389f409459f,6,"[1, 0]",1,0,0,,0.5,2
7714,9c4a73b8-8222-11f1-b0da-2389f409459f,7,"[1, 1]",0,1,-1,,0.5,2
7715,9c4a73b8-8222-11f1-b0da-2389f409459f,7,"[1, 1]",1,1,-1,,0.5,2
7716,9c4a73b8-8222-11f1-b0da-2389f409459f,8,"[1, 1]",0,1,-1,,0.5,2
7717,9c4a73b8-8222-11f1-b0da-2389f409459f,8,"[1, 1]",1,1,-1,,0.5,2
7718,9c4a73b8-8222-11f1-b0da-2389f409459f,9,"[0, 0]",0,0,0,,0.5,2
7719,9c4a73b8-8222-11f1-b0da-2389f409459f,9,"[0, 0]",1,0,0,,0.5,2
7720,9c4a73b8-8222-11f1-b0da-2389f409459f,10,"[0, 1]",0,0,0,,0.5,2
7721,9c4a73b8-8222-11f1-b0da-2389f409459f,10,"[0, 1]",1,1,1,,0.5,2
7722,9c4a73b8-8222-11f1-b0da-2389f409459f,11,"[0, 1]",0,0,0,,0.5,2
7723,9c4a73b8-8222-11f1-b0da-2389f409459f,11,"[0, 1]",1,1,1,,0.5,2
7724,9c4a73b8-8222-11f1-b0da-2389f409459f,12,"[1, 1]",0,1,-1,,0.5,2
7725,9c4a73b8-8222-11f1-b0da-2389f409459f,12,"[1, 1]",1,1,-1,,0.5,2
7726,9c4a73b8-8222-11f1-b0da-2389f409459f,13,"[0, 1]",0,0,0,,0.5,2
7727,9c4a73b8-8222-11f1-b0da-2389f409459f,13,"[0, 1]",1,1,1,,0.5,2
7728,9c4a73b8-8222-11f1-b0da-2389f409459f,14,"[1, 0]",0,1,1,,0.5,2
7729,9c4a73b8-8222-11f1-b0da-2389f409459f,14,"[1, 0]",1,0,0,,0.5,2
7730,9c4a73b8-8222-11f1-b0da-2389f409459f,15,"[0, 1]",0,0,0,,0.5,2
7731,9c4a73b8-8222-11f1-b0da-2389f409459f,15,"[0, 1]",1,1,1,,0.5,2
7732,9c4a73b8-8222-11f1-b0da-2389f409459f,16,"[0, 0]",0,0,0,,0.5,2
7733,9c4a73b8-8222-11f1-b0da-2389f409459f,16,"[0, 0]",1,0,0,,0.5,2
7734,9c4a73b8-8222-11f1-b0da-2389f409459f,17,"[1, 1]",0,1,-1,,0.5,2
7735,9c4a73b8-8222-11f1-b0da-2389f409459f,17,"[1, 1]",1,1,-1,,0.5,2
7736,9c4a73b8-8222-11f1-b0da-2389f409459f,18,"[0, 0]",0,0,0,,0.5,2
7737,9c4a73b8-8222-11f1-b0da-2389f409459f,18,"[0, 0]",1,0,0,,0.5,2
7738,9c4a73b8-8222-11f1-b0da-2389f409459f,19,"[0, 1]",0,0,0,,0.5,2
7739,9c4a73b8-8222-11f1-b0da-2389f409459f,19,"[0, 1]",1,1,1,,0.5,2
7740,9c4a73b8-8222-11f1-b0da-2389f409459f,20,"[1, 1]",0,1,-1,,0.5,2
7741,9c4a73b8-8222-11f1-b0da-2389f409459f,20,"[1, 1]",1,1,-1,,0.5,2
7742,9c4a73b8-8222-11f1-b0da-2389f409459f,21,"[1, 1]",0,1,-1,,0.5,2
7743,9c4a73b8-8222-11f1-b0da-2389f409459f,21,"[1, 1]",1,1,-1,,0.5,2
7744,9c4a73b8-8222-11f1-b0da-2389f409459f,22,"[0, 1]",0,0,0,,0.5,2
7745,9c4a73b8-8222-11f1-b0da-2389f409459f,22,"[0, 1]",1,1,1,,0.5,2
7746,9c4a73b8-8222-11f1-b0da-2389f409459f,23,"[1, 0]",0,1,1,,0.5,2
7747,9c4a73b8-8222-11f1-b0da-2389f409459f,23,"[1, 0]",1,0,0,,0.5,2
7748,9c4a73b8-8222-11f1-b0da-2389f409459f,24,"[1, 1]",0,1,-1,,0.5,2
7749,9c4a73b8-8222-11f1-b0da-2389f409459f,24,"[1, 1]",1,1,-1,,0.5,2
7750,9c4a73b8-8222-11f1-b0da-2389f409459f,25,"[0, 1]",0,0,0,,0.5,2
7751,9c4a73b8-8222-11f1-b0da-2389f409459f,25,"[0, 1]",1,1,1,,0.5,2
7752,9c4a73b8-8222-11f1-b0da-2389f409459f,26,"[1, 0]",0,1,1,,0.5,2
7753,9c4a73b8-8222-11f1-b0da-2389f409459f,26,"[1, 0]",1,0,0,,0.5,2
7754,9c4a73b8-8222-11f1-b0da-2389f409459f,27,"[1, 1]",0,1,-1,,0.5,2
7755,9c4a73b8-8222-11f1-b0da-2389f409459f,27,"[1, 1]",1,1,-1,,0.5,2
7756,9c4a73b8-8222-11f1-b0da-2389f409459f,28,"[0, 0]",0,0,0,,0.5,2
7757,9c4a73b8-8222-11f1-b0da-2389f409459f,28,"[0, 0]",1,0,0,,0.5,2
7758,9c4a73b8-8222-11f1-b0da-2389f409459f,29,"[0, 1]",0,0,0,,0.5,2
7759,9c4a73b8-8222-11f1-b0da-2389f409459f,29,"[0, 1]",1,1,1,,0.5,2
7760,9c4a73b8-8222-11f1-b0da-2389f409459f,30,"[1, 0]",0,1,1,,0.5,2
7761,9c4a73b8-8222-11f1-b0da-2389f409459f,30,"[1, 0]",1,0,0,,0.5,2
7762,9c4a73b8-8222-11f1-b0da-2389f409459f,31,"[1, 0]",0,1,1,,0.5,2
7763,9c4a73b8-8222-11f1-b0da-2389f409459f,31,"[1, 0]",1,0,0,,0.5,2
7764,9c4a73b8-8222-11f1-b0da-2389f409459f,32,"[0, 1]",0,0,0,,0.5,2
7765,9c4a73b8-8222-11f1-b0da-2389f409459f,32,"[0, 1]",1,1,1,,0.5,2
7766,9c4a73b8-8222-11f1-b0da-2389f409459f,33,"[0, 0]",0,0,0,,0.5,2
7767,9c4a73b8-8222-11f1-b0da-2389f409459f,33,"[0, 0]",1,0,0,,0.5,2
7768,9c4a73b8-8222-11f1-b0da-2389f409459f,34,"[1, 1]",0,1,-1,,0.5,2
7769,9c4a73b8-8222-11f1-b0da-2389f409459f,34,"[1, 1]",1,1,-1,,0.5,2
7770,9c4a73b8-8222-11f1-b0da-2389f409459f,35,"[0, 1]",0,0,0,,0.5,2
7771,9c4a73b8-8222-11f1-b0da-2389f409459f,35,"[0, 1]",1,1,1,,0.5,2
7772,9c4a73b8-8222-11f1-b0da-2389f409459f,36,"[1, 0]",0,1,1,,0.5,2
7773,9c4a73b8-8222-11f1-b0da-2389f409459f,36,"[1, 0]",1,0,0,,0.5,2
7774,9c4a73b8-8222-11f1-b0da-2389f409459f,37,"[1, 1]",0,1,-1,,0.5,2
7775,9c4a73b8-8222-11f1-b0da-2389f409459f,37,"[1, 1]",1,1,-1,,0.5,2
7776,9c4a73b8-8222-11f1-b0da-2389f409459f,38,"[1, 1]",0,1,-1,,0.5,2
7777,9c4a73b8-8222-11f1-b0da-2389f409459f,38,"[1, 1]",1,1,-1,,0.5,2
7778,9c4a73b8-8222-11f1-b0da-2389f409459f,39,"[0, 1]",0,0,0,,0.5,2
7779,9c4a73b8-8222-11f1-b0da-2389f409459f,39,"[0, 1]",1,1,1,,0.5,2
7780,9c4a73b8-8222-11f1-b0da-2389f409459f,40,"[0, 0]",0,0,0,,0.5,2
7781,9c4a73b8-8222-11f1-b0da-2389f409459f,40,"[0, 0]",1,0,0,,0.5,2
7782,9c4a73b8-8222-11f1-b0da-2389f409459f,41,"[0, 0]",0,0,0,,0.5,2
7783,9c4a73b8-8222-11f1-b0da-2389f409459f,41,"[0, 0]",1,0,0,,0.5,2
7784,9c4a73b8-8222-11f1-b0da-2389f409459f,42,"[1, 1]",0,1,-1,,0.5,2
7785,9c4a73b8-8222-11f1-b0da-2389f409459f,42,"[1, 1]",1,1,-1,,0.5,2
7786,9c4a73b8-8222-11f1-b0da-2389f409459f,43,"[0, 0]",0,0,0,,0.5,2
7787,9c4a73b8-8222-11f1-b0da-2389f409459f,43,"[0, 0]",1,0,0,,0.5,2
7788,9c4a73b8-8222-11f1-b0da-2389f409459f,44,"[1, 1]",0,1,-1,,0.5,2
7789,9c4a73b8-8222-11f1-b0da-2389f409459f,44,"[1, 1]",1,1,-1,,0.5,2
7790,9c4a73b8-8222-11f1-b0da-2389f409459f,45,"[0, 0]",0,0,0,,0.5,2
7791,9c4a73b8-8222-11f1-b0da-2389f409459f,45,"[0, 0]",1,0,0,,0.5,2
7792,9c4a73b8-8222-11f1-b0da-2389f409459f,46,"[1, 1]",0,1,-1,,0.5,2
7793,9c4a73b8-8222-11f1-b0da-2389f409459f,46,"[1, 1]",1,1,-1,,0.5,2
7794,9c4a73b8-8222-11f1-b0da-2389f409459f,47,"[0, 1]",0,0,0,,0.5,2
7795,9c4a73b8-8222-11f1-b0da-2389f409459f,47,"[0, 1]",1,1,1,,0.5,2
7796,9c4a73b8-8222-11f1-b0da-2389f409459f,48,"[1, 0]",0,1,1,,0.5,2
7797,9c4a73b8-8222-11f1-b0da-2389f409459f,48,"[1, 0]",1,0,0,,0.5,2
7798,9c4a73b8-8222-11f1-b0da-2389f409459f,49,"[1, 1]",0,1,-1,,0.5,2
7799,9c4a73b8-8222-11f1-b0da-2389f409459f,49,"[1, 1]",1,1,-1,,0.5,2
7800,9c4c3360-8222-11f1-b0da-2389f409459f,0,"[0, 0]",0,0,0,,0.5,2
7801,9c4c3360-8222-11f1-b0da-2389f409459f,0,"[0, 0]",1,0,0,,0.5,2
7802,9c4c3360-8222-11f1-b0da-2389f409459f,1,"[1, 1]",0,1,-1,,0.5,2
7803,9c4c3360-8222-11f1-b0da-2389f409459f,1,"[1, 1]",1,1,-1,,0.5,2
7804,9c4c3360-8222-11f1-b0da-2389f409459f,2,"[1, 1]",0,1,-1,,0.5,2
7805,9c4c3360-8222-11f1-b0da-2389f409459f,2,"[1, 1]",1,1,-1,,0.5,2
7806,9c4c3360-8222-11f1-b0da-2389f409459f,3,"[1, 1]",0,1,-1,,0.5,2
7807,9c4c3360-8222-11f1-b0da-2389f409459f,3,"[1, 1]",1,1,-1,,0.5,2
7808,9c4c3360-8222-11f1-b0da-2389f409459f,4,"[0, 1]",0,0,0,,0.5,2
7809,9c4c3360-8222-11f1-b0da-2389f409459f,4,"[0, 1]",1,1,1,,0.5,2
7810,9c4c3360-8222-11f1-b0da-2389f409459f,5,"[0, 0]",0,0,0,,0.5,2
7811,9c4c3360-8222-11f1-b0da-2389f409459f,5,"[0, 0]",1,0,0,,0.5,2
7812,9c4c3360-8222-11f1-b0da-2389f409459f,6,"[0, 0]",0,0,0,,0.5,2
7813,9c4c3360-8222-11f1-b0da-2389f409459f,6,"[0, 0]",1,0,0,,0.5,2
7814,9c4c3360-8222-11f1-b0da-2389f409459f,7,"[0, 1]",0,0,0,,0.5,2
7815,9c4c3360-8222-11f1-b0da-2389f409459f,7,"[0, 1]",1,1,1,,0.5,2
7816,9c4c3360-8222-11f1-b0da-2389f409459f,8,"[1, 0]",0,1,1,,0.5,2
7817,9c4c3360-8222-11f1-b0da-2389f409459f,8,"[1, 0]",1,0,0,,0.5,2
7818,9c4c3360-8222-11f1-b0da-2389f409459f,9,"[0, 0]",0,0,0,,0.5,2
7819,9c4c3360-8222-11f1-b0da-2389f409459f,9,"[0, 0]",1,0,0,,0.5,2
7820,9c4c3360-8222-11f1-b0da-2389f409459f,10,"[0, 0]",0,0,0,,0.5,2
7821,9c4c3360-8222-11f1-b0da-2389f409459f,10,"[0, 0]",1,0,0,,0.5,2
7822,9c4c3360-8222-11f1-b0da-2389f409459f,11,"[0, 0]",0,0,0,,0.5,2
7823,9c4c3360-8222-11f1-b0da-2389f409459f,11,"[0, 0]",1,0,0,,0.5,2
7824,9c4c3360-8222-11f1-b0da-2389f409459f,12,"[1, 0]",0,1,1,,0.5,2
7825,9c4c3360-8222-11f1-b0da-2389f409459f,12,"[1, 0]",1,0,0,,0.5,2
7826,9c4c3360-8222-11f1-b0da-2389f409459f,13,"[1, 0]",0,1,1,,0.5,2
7827,9c4c3360-8222-11f1-b0da-2389f409459f,13,"[1, 0]",1,0,0,,0.5,2
7828,9c4c3360-8222-11f1-b0da-2389f409459f,14,"[0, 1]",0,0,0,,0.5,2
7829,9c4c3360-8222-11f1-b0da-2389f409459f,14,"[0, 1]",1,1,1,,0.5,2
7830,9c4c3360-8222-11f1-b0da-2389f409459f,15,"[0, 0]",0,0,0,,0.5,2
7831,9c4c3360-8222-11f1-b0da-2389f409459f,15,"[0, 0]",1,0,0,,0.5,2
7832,9c4c3360-8222-11f1-b0da-2389f409459f,16,"[0, 0]",0,0,0,,0.5,2
7833,9c4c3360-8222-11f1-b0da-2389f409459f,16,"[0, 0]",1,0,0,,0.5,2
7834,9c4c3360-8222-11f1-b0da-2389f409459f,17,"[0, 0]",0,0,0,,0.5,2
7835,9c4c3360-8222-11f1-b0da-2389f409459f,17,"[0, 0]",1,0,0,,0.5,2
7836,9c4c3360-8222-11f1-b0da-2389f409459f,18,"[1, 0]",0,1,1,,0.5,2
7837,9c4c3360-8222-11f1-b0da-2389f409459f,18,"[1, 0]",1,0,0,,0.5,2
7838,9c4c3360-8222-11f1-b0da-2389f409459f,19,"[0, 1]",0,0,0,,0.5,2
7839,9c4c3360-8222-11f1-b0da-2389f409459f,19,"[0, 1]",1,1,1,,0.5,2
7840,9c4c3360-8222-11f1-b0da-2389f409459f,20,"[0, 0]",0,0,0,,0.5,2
7841,9c4c3360-8222-11f1-b0da-2389f409459f,20,"[0, 0]",1,0,0,,0.5,2
7842,9c4c3360-8222-11f1-b0da-2389f409459f,21,"[0, 1]",0,0,0,,0.5,2
7843,9c4c3360-8222-11f1-b0da-2389f409459f,21,"[0, 1]",1,1,1,,0.5,2
7844,9c4c3360-8222-11f1-b0da-2389f409459f,22,"[0, 0]",0,0,0,,0.5,2
7845,9c4c3360-8222-11f1-b0da-2389f409459f,22,"[0, 0]",1,0,0,,0.5,2
7846,9c4c3360-8222-11f1-b0da-2389f409459f,23,"[1, 1]",0,1,-1,,0.5,2
7847,9c4c3360-8222-11f1-b0da-2389f409459f,23,"[1, 1]",1,1,-1,,0.5,2
7848,9c4c3360-8222-11f1-b0da-2389f409459f,24,"[0, 1]",0,0,0,,0.5,2
7849,9c4c3360-8222-11f1-b0da-2389f409459f,24,"[0, 1]",1,1,1,,0.5,2
7850,9c4c3360-8222-11f1-b0da-2389f409459f,25,"[1, 0]",0,1,1,,0.5,2
7851,9c4c3360-8222-11f1-b0da-2389f409459f,25,"[1, 0]",1,0,0,,0.5,2
7852,9c4c3360-8222-11f1-b0da-2389f409459f,26,"[0, 1]",0,0,0,,0.5,2
7853,9c4c3360-8222-11f1-b0da-2389f409459f,26,"[0, 1]",1,1,1,,0.5,2
7854,9c4c3360-8222-11f1-b0da-2389f409459f,27,"[1, 0]",0,1,1,,0.5,2
7855,9c4c3360-8222-11f1-b0da-2389f409459f,27,"[1, 0]",1,0,0,,0.5,2
7856,9c4c3360-8222-11f1-b0da-2389f409459f,28,"[0, 0]",0,0,0,,0.5,2
7857,9c4c3360-8222-11f1-b0da-2389f409459f,28,"[0, 0]",1,0,0,,0.5,2
7858,9c4c3360-8222-11f1-b0da-2389f409459f,29,"[0, 1]",0,0,0,,0.5,2
7859,9c4c3360-8222-11f1-b0da-2389f409459f,29,"[0, 1]",1,1,1,,0.5,2
7860,9c4c3360-8222-11f1-b0da-2389f409459f,30,"[1, 0]",0,1,1,,0.5,2
7861,9c4c3360-8222-11f1-b0da-2389f409459f,30,"[1, 0]",1,0,0,,0.5,2
7862,9c4c3360-8222-11f1-b0da-2389f409459f,31,"[0, 0]",0,0,0,,0.5,2
7863,9c4c3360-8222-11f1-b0da-2389f409459f,31,"[0, 0]",1,0,0,,0.5,2
7864,9c4c3360-8222-11f1-b0da-2389f409459f,32,"[1, 0]",0,1,1,,0.5,2
7865,9c4c3360-8222-11f1-b0da-2389f409459f,32,"[1, 0]",1,0,0,,0.5,2
7866,9c4c3360-8222-11f1-b0da-2389f409459f,33,"[1, 1]",0,1,-1,,0.5,2
7867,9c4c3360-8222-11f1-b0da-2389f409459f,33,"[1, 1]",1,1,-1,,0.5,2
7868,9c4c3360-8222-11f1-b0da-2389f409459f,34,"[0, 1]",0,0,0,,0.5,2
7869,9c4c3360-8222-11f1-b0da-2389f409459f,34,"[0, 1]",1,1,1,,0.5,2
7870,9c4c3360-8222-11f1-b0da-2389f409459f,35,"[1, 0]",0,1,1,,0.5,2
7871,9c4c3360-8222-11f1-b0da-2389f409459f,35,"[1, 0]",1,0,0,,0.5,2
7872,9c4c3360-8222-11f1-b0da-2389f409459f,36,"[0, 0]",0,0,0,,0.5,2
7873,9c4c3360-8222-11f1-b0da-2389f409459f,36,"[0, 0]",1,0,0,,0.5,2
7874,9c4c3360-8222-11f1-b0da-2389f409459f,37,"[0, 1]",0,0,0,,0.5,2
7875,9c4c3360-8222-11f1-b0da-2389f409459f,37,"[0, 1]",1,1,1,,0.5,2
7876,9c4c3360-8222-11f1-b0da-2389f409459f,38,"[1, 0]",0,1,1,,0.5,2
7877,9c4c3360-8222-11f1-b0da-2389f409459f,38,"[1, 0]",1,0,0,,0.5,2
7878,9c4c3360-8222-11f1-b0da-2389f409459f,39,"[0, 1]",0,0,0,,0.5,2
7879,9c4c3360-8222-11f1-b0da-2389f409459f,39,"[0, 1]",1,1,1,,0.5,2
7880,9c4c3360-8222-11f1-b0da-2389f409459f,40,"[0, 0]",0,0,0,,0.5,2
7881,9c4c3360-8222-11f1-b0da-2389f409459f,40,"[0, 0]",1,0,0,,0.5,2
7882,9c4c3360-8222-11f1-b0da-2389f409459f,41,"[1, 1]",0,1,-1,,0.5,2
7883,9c4c3360-8222-11f1-b0da-2389f409459f,41,"[1, 1]",1,1,-1,,0.5,2
7884,9c4c3360-8222-11f1-b0da-2389f409459f,42,"[0, 1]",0,0,0,,0.5,2
7885,9c4c3360-8222-11f1-b0da-2389f409459f,42,"[0, 1]",1,1,1,,0.5,2
7886,9c4c3360-8222-11f1-b0da-2389f409459f,43,"[0, 0]",0,0,0,,0.5,2
7887,9c4c3360-8222-11f1-b0da-2389f409459f,43,"[0, 0]",1,0,0,,0.5,2
7888,9c4c3360-8222-11f1-b0da-2389f409459f,44,"[0, 0]",0,0,0,,0.5,2
7889,9c4c3360-8222-11f1-b0da-2389f409459f,44,"[0, 0]",1,0,0,,0.5,2
7890,9c4c3360-8222-11f1-b0da-2389f409459f,45,"[0, 0]",0,0,0,,0.5,2
7891,9c4c3360-8222-11f1-b0da-2389f409459f,45,"[0, 0]",1,0,0,,0.5,2
7892,9c4c3360-8222-11f1-b0da-2389f409459f,46,"[0, 0]",0,0,0,,0.5,2
7893,9c4c3360-8222-11f1-b0da-2389f409459f,46,"[0, 0]",1,0,0,,0.5,2
7894,9c4c3360-8222-11f1-b0da-2389f409459f,47,"[0, 1]",0,0,0,,0.5,2
7895,9c4c3360-8222-11f1-b0da-2389f409459f,47,"[0, 1]",1,1,1,,0.5,2
7896,9c4c3360-8222-11f1-b0da-2389f409459f,48,"[1, 0]",0,1,1,,0.5,2
7897,9c4c3360-8222-11f1-b0da-2389f409459f,48,"[1, 0]",1,0,0,,0.5,2
7898,9c4c3360-8222-11f1-b0da-2389f409459f,49,"[0, 1]",0,0,0,,0.5,2
7899,9c4c3360-8222-11f1-b0da-2389f409459f,49,"[0, 1]",1,1,1,,0.5,2
7900,9c4daac4-8222-11f1-b0da-2389f409459f,0,"[1, 1]",0,1,-1,,0.5,2
7901,9c4daac4-8222-11f1-b0da-2389f409459f,0,"[1, 1]",1,1,-1,,0.5,2
7902,9c4daac4-8222-11f1-b0da-2389f409459f,1,"[0, 0]",0,0,0,,0.5,2
7903,9c4daac4-8222-11f1-b0da-2389f409459f,1,"[0, 0]",1,0,0,,0.5,2
7904,9c4daac4-8222-11f1-b0da-2389f409459f,2,"[1, 0]",0,1,1,,0.5,2
7905,9c4daac4-8222-11f1-b0da-2389f409459f,2,"[1, 0]",1,0,0,,0.5,2
7906,9c4daac4-8222-11f1-b0da-2389f409459f,3,"[1, 1]",0,1,-1,,0.5,2
7907,9c4daac4-8222-11f1-b0da-2389f409459f,3,"[1, 1]",1,1,-1,,0.5,2
7908,9c4daac4-8222-11f1-b0da-2389f409459f,4,"[0, 0]",0,0,0,,0.5,2
7909,9c4daac4-8222-11f1-b0da-2389f409459f,4,"[0, 0]",1,0,0,,0.5,2
7910,9c4daac4-8222-11f1-b0da-2389f409459f,5,"[1, 1]",0,1,-1,,0.5,2
7911,9c4daac4-8222-11f1-b0da-2389f409459f,5,"[1, 1]",1,1,-1,,0.5,2
7912,9c4daac4-8222-11f1-b0da-2389f409459f,6,"[1, 0]",0,1,1,,0.5,2
7913,9c4daac4-8222-11f1-b0da-2389f409459f,6,"[1, 0]",1,0,0,,0.5,2
7914,9c4daac4-8222-11f1-b0da-2389f409459f,7,"[0, 1]",0,0,0,,0.5,2
7915,9c4daac4-8222-11f1-b0da-2389f409459f,7,"[0, 1]",1,1,1,,0.5,2
7916,9c4daac4-8222-11f1-b0da-2389f409459f,8,"[1, 1]",0,1,-1,,0.5,2
7917,9c4daac4-8222-11f1-b0da-2389f409459f,8,"[1, 1]",1,1,-1,,0.5,2
7918,9c4daac4-8222-11f1-b0da-2389f409459f,9,"[0, 1]",0,0,0,,0.5,2
7919,9c4daac4-8222-11f1-b0da-2389f409459f,9,"[0, 1]",1,1,1,,0.5,2
7920,9c4daac4-8222-11f1-b0da-2389f409459f,10,"[1, 1]",0,1,-1,,0.5,2
7921,9c4daac4-8222-11f1-b0da-2389f409459f,10,"[1, 1]",1,1,-1,,0.5,2
7922,9c4daac4-8222-11f1-b0da-2389f409459f,11,"[1, 0]",0,1,1,,0.5,2
7923,9c4daac4-8222-11f1-b0da-2389f409459f,11,"[1, 0]",1,0,0,,0.5,2
7924,9c4daac4-8222-11f1-b0da-2389f409459f,12,"[1, 0]",0,1,1,,0.5,2
7925,9c4daac4-8222-11f1-b0da-2389f409459f,12,"[1, 0]",1,0,0,,0.5,2
7926,9c4daac4-8222-11f1-b0da-2389f409459f,13,"[0, 0]",0,0,0,,0.5,2
7927,9c4daac4-8222-11f1-b0da-2389f409459f,13,"[0, 0]",1,0,0,,0.5,2
7928,9c4daac4-8222-11f1-b0da-2389f409459f,14,"[1, 0]",0,1,1,,0.5,2
7929,9c4daac4-8222-11f1-b0da-2389f409459f,14,"[1, 0]",1,0,0,,0.5,2
7930,9c4daac4-8222-11f1-b0da-2389f409459f,15,"[1, 0]",0,1,1,,0.5,2
7931,9c4daac4-8222-11f1-b0da-2389f409459f,15,"[1, 0]",1,0,0,,0.5,2
7932,9c4daac4-8222-11f1-b0da-2389f409459f,16,"[0, 1]",0,0,0,,0.5,2
7933,9c4daac4-8222-11f1-b0da-2389f409459f,16,"[0, 1]",1,1,1,,0.5,2
7934,9c4daac4-8222-11f1-b0da-2389f409459f,17,"[1, 0]",0,1,1,,0.5,2
7935,9c4daac4-8222-11f1-b0da-2389f409459f,17,"[1, 0]",1,0,0,,0.5,2
7936,9c4daac4-8222-11f1-b0da-2389f409459f,18,"[0, 1]",0,0,0,,0.5,2
7937,9c4daac4-8222-11f1-b0da-2389f409459f,18,"[0, 1]",1,1,1,,0.5,2
7938,9c4daac4-8222-11f1-b0da-2389f409459f,19,"[1, 0]",0,1,1,,0.5,2
7939,9c4daac4-8222-11f1-b0da-2389f409459f,19,"[1, 0]",1,0,0,,0.5,2
7940,9c4daac4-8222-11f1-b0da-2389f409459f,20,"[0, 1]",0,0,0,,0.5,2
7941,9c4daac4-8222-11f1-b0da-2389f409459f,20,"[0, 1]",1,1,1,,0.5,2
7942,9c4daac4-8222-11f1-b0da-2389f409459f,21,"[1, 1]",0,1,-1,,0.5,2
7943,9c4daac4-8222-11f1-b0da-2389f409459f,21,"[1, 1]",1,1,-1,,0.5,2
7944,9c4daac4-8222-11f1-b0da-2389f409459f,22,"[1, 0]",0,1,1,,0.5,2
7945,9c4daac4-8222-11f1-b0da-2389f409459f,22,"[1, 0]",1,0,0,,0.5,2
7946,9c4daac4-8222-11f1-b0da-2389f409459f,23,"[1, 1]",0,1,-1,,0.5,2
7947,9c4daac4-8222-11f1-b0da-2389f409459f,23,"[1, 1]",1,1,-1,,0.5,2
7948,9c4daac4-8222-11f1-b0da-2389f409459f,24,"[1, 0]",0,1,1,,0.5,2
7949,9c4daac4-8222-11f1-b0da-2389f409459f,24,"[1, 0]",1,0,0,,0.5,2
7950,9c4daac4-8222-11f1-b0da-2389f409459f,25,"[0, 1]",0,0,0,,0.5,2
7951,9c4daac4-8222-11f1-b0da-2389f409459f,25,"[0, 1]",1,1,1,,0.5,2
7952,9c4daac4-8222-11f1-b0da-2389f409459f,26,"[1, 0]",0,1,1,,0.5,2
7953,9c4daac4-8222-11f1-b0da-2389f409459f,26,"[1, 0]",1,0,0,,0.5,2
7954,9c4daac4-8222-11f1-b0da-2389f409459f,27,"[0, 1]",0,0,0,,0.5,2
7955,9c4daac4-8222-11f1-b0da-2389f409459f,27,"[0, 1]",1,1,1,,0.5,2
7956,9c4daac4-8222-11f1-b0da-2389f409459f,28,"[1, 0]",0,1,1,,0.5,2
7957,9c4daac4-8222-11f1-b0da-2389f409459f,28,"[1, 0]",1,0,0,,0.5,2
7958,9c4daac4-8222-11f1-b0da-2389f409459f,29,"[1, 1]",0,1,-1,,0.5,2
7959,9c4daac4-8222-11f1-b0da-2389f409459f,29,"[1, 1]",1,1,-1,,0.5,2
7960,9c4daac4-8222-11f1-b0da-2389f409459f,30,"[0, 0]",0,0,0,,0.5,2
7961,9c4daac4-8222-11f1-b0da-2389f409459f,30,"[0, 0]",1,0,0,,0.5,2
7962,9c4daac4-8222-11f1-b0da-2389f409459f,31,"[0, 0]",0,0,0,,0.5,2
7963,9c4daac4-8222-11f1-b0da-2389f409459f,31,"[0, 0]",1,0,0,,0.5,2
7964,9c4daac4-8222-11f1-b0da-2389f409459f,32,"[1, 0]",0,1,1,,0.5,2
7965,9c4daac4-8222-11f1-b0da-2389f409459f,32,"[1, 0]",1,0,0,,0.5,2
7966,9c4daac4-8222-11f1-b0da-2389f409459f,33,"[0, 0]",0,0,0,,0.5,2
7967,9c4daac4-8222-11f1-b0da-2389f409459f,33,"[0, 0]",1,0,0,,0.5,2
7968,9c4daac4-8222-11f1-b0da-2389f409459f,34,"[1, 0]",0,1,1,,0.5,2
7969,9c4daac4-8222-11f1-b0da-2389f409459f,34,"[1, 0]",1,0,0,,0.5,2
7970,9c4daac4-8222-11f1-b0da-2389f409459f,35,"[0, 1]",0,0,0,,0.5,2
7971,9c4daac4-8222-11f1-b0da-2389f409459f,35,"[0, 1]",1,1,1,,0.5,2
7972,9c4daac4-8222-11f1-b0da-2389f409459f,36,"[1, 1]",0,1,-1,,0.5,2
7973,9c4daac4-8222-11f1-b0da-2389f409459f,36,"[1, 1]",1,1,-1,,0.5,2
7974,9c4daac4-8222-11f1-b0da-2389f409459f,37,"[0, 0]",0,0,0,,0.5,2
7975,9c4daac4-8222-11f1-b0da-2389f409459f,37,"[0, 0]",1,0,0,,0.5,2
7976,9c4daac4-8222-11f1-b0da-2389f409459f,38,"[1, 0]",0,1,1,,0.5,2
7977,9c4daac4-8222-11f1-b0da-2389f409459f,38,"[1, 0]",1,0,0,,0.5,2
7978,9c4daac4-8222-11f1-b0da-2389f409459f,39,"[1, 0]",0,1,1,,0.5,2
7979,9c4daac4-8222-11f1-b0da-2389f409459f,39,"[1, 0]",1,0,0,,0.5,2
7980,9c4daac4-8222-11f1-b0da-2389f409459f,40,"[1, 1]",0,1,-1,,0.5,2
7981,9c4daac4-8222-11f1-b0da-2389f409459f,40,"[1, 1]",1,1,-1,,0.5,2
7982,9c4daac4-8222-11f1-b0da-2389f409459f,41,"[0, 0]",0,0,0,,0.5,2
7983,9c4daac4-8222-11f1-b0da-2389f409459f,41,"[0, 0]",1,0,0,,0.5,2
7984,9c4daac4-8222-11f1-b0da-2389f409459f,42,"[1, 0]",0,1,1,,0.5,2
7985,9c4daac4-8222-11f1-b0da-2389f409459f,42,"[1, 0]",1,0,0,,0.5,2
7986,9c4daac4-8222-11f1-b0da-2389f409459f,43,"[1, 0]",0,1,1,,0.5,2
7987,9c4daac4-8222-11f1-b0da-2389f409459f,43,"[1, 0]",1,0,0,,0.5,2
7988,9c4daac4-8222-11f1-b0da-2389f409459f,44,"[0, 1]",0,0,0,,0.5,2
7989,9c4daac4-8222-11f1-b0da-2389f409459f,44,"[0, 1]",1,1,1,,0.5,2
7990,9c4daac4-8222-11f1-b0da-2389f409459f,45,"[1, 0]",0,1,1,,0.5,2
7991,9c4daac4-8222-11f1-b0da-2389f409459f,45,"[1, 0]",1,0,0,,0.5,2
7992,9c4daac4-8222-11f1-b0da-2389f409459f,46,"[1, 1]",0,1,-1,,0.5,2
7993,9c4daac4-8222-11f1-b0da-2389f409459f,46,"[1, 1]",1,1,-1,,0.5,2
7994,9c4daac4-8222-11f1-b0da-2389f409459f,47,"[1, 0]",0,1,1,,0.5,2
7995,9c4daac4-8222-11f1-b0da-2389f409459f,47,"[1, 0]",1,0,0,,0.5,2
7996,9c4daac4-8222-11f1-b0da-2389f409459f,48,"[0, 1]",0,0,0,,0.5,2
7997,9c4daac4-8222-11f1-b0da-2389f409459f,48,"[0, 1]",1,1,1,,0.5,2
7998,9c4daac4-8222-11f1-b0da-2389f409459f,49,"[1, 1]",0,1,-1,,0.5,2
7999,9c4daac4-8222-11f1-b0da-2389f409459f,49,"[1, 1]",1,1,-1,,0.5,2
8000,9c4f1ada-8222-11f1-b0da-2389f409459f,0,"[0, 0]",0,0,0,,0.5,2
8001,9c4f1ada-8222-11f1-b0da-2389f409459f,0,"[0, 0]",1,0,0,,0.5,2
8002,9c4f1ada-8222-11f1-b0da-2389f409459f,1,"[1, 1]",0,1,-1,,0.5,2
8003,9c4f1ada-8222-11f1-b0da-2389f409459f,1,"[1, 1]",1,1,-1,,0.5,2
8004,9c4f1ada-8222-11f1-b0da-2389f409459f,2,"[1, 1]",0,1,-1,,0.5,2
8005,9c4f1ada-8222-11f1-b0da-2389f409459f,2,"[1, 1]",1,1,-1,,0.5,2
8006,9c4f1ada-8222-11f1-b0da-2389f409459f,3,"[1, 1]",0,1,-1,,0.5,2
8007,9c4f1ada-8222-11f1-b0da-2389f409459f,3,"[1, 1]",1,1,-1,,0.5,2
8008,9c4f1ada-8222-11f1-b0da-2389f409459f,4,"[0, 1]",0,0,0,,0.5,2
8009,9c4f1ada-8222-11f1-b0da-2389f409459f,4,"[0, 1]",1,1,1,,0.5,2
8010,9c4f1ada-8222-11f1-b0da-2389f409459f,5,"[0, 0]",0,0,0,,0.5,2
8011,9c4f1ada-8222-11f1-b0da-2389f409459f,5,"[0, 0]",1,0,0,,0.5,2
8012,9c4f1ada-8222-11f1-b0da-2389f409459f,6,"[0, 0]",0,0,0,,0.5,2
8013,9c4f1ada-8222-11f1-b0da-2389f409459f,6,"[0, 0]",1,0,0,,0.5,2
8014,9c4f1ada-8222-11f1-b0da-2389f409459f,7,"[0, 1]",0,0,0,,0.5,2
8015,9c4f1ada-8222-11f1-b0da-2389f409459f,7,"[0, 1]",1,1,1,,0.5,2
8016,9c4f1ada-8222-11f1-b0da-2389f409459f,8,"[0, 1]",0,0,0,,0.5,2
8017,9c4f1ada-8222-11f1-b0da-2389f409459f,8,"[0, 1]",1,1,1,,0.5,2
8018,9c4f1ada-8222-11f1-b0da-2389f409459f,9,"[0, 0]",0,0,0,,0.5,2
8019,9c4f1ada-8222-11f1-b0da-2389f409459f,9,"[0, 0]",1,0,0,,0.5,2
8020,9c4f1ada-8222-11f1-b0da-2389f409459f,10,"[0, 0]",0,0,0,,0.5,2
8021,9c4f1ada-8222-11f1-b0da-2389f409459f,10,"[0, 0]",1,0,0,,0.5,2
8022,9c4f1ada-8222-11f1-b0da-2389f409459f,11,"[0, 0]",0,0,0,,0.5,2
8023,9c4f1ada-8222-11f1-b0da-2389f409459f,11,"[0, 0]",1,0,0,,0.5,2
8024,9c4f1ada-8222-11f1-b0da-2389f409459f,12,"[0, 1]",0,0,0,,0.5,2
8025,9c4f1ada-8222-11f1-b0da-2389f409459f,12,"[0, 1]",1,1,1,,0.5,2
8026,9c4f1ada-8222-11f1-b0da-2389f409459f,13,"[0, 0]",0,0,0,,0.5,2
8027,9c4f1ada-8222-11f1-b0da-2389f409459f,13,"[0, 0]",1,0,0,,0.5,2
8028,9c4f1ada-8222-11f1-b0da-2389f409459f,14,"[1, 1]",0,1,-1,,0.5,2
8029,9c4f1ada-8222-11f1-b0da-2389f409459f,14,"[1, 1]",1,1,-1,,0.5,2
8030,9c4f1ada-8222-11f1-b0da-2389f409459f,15,"[1, 1]",0,1,-1,,0.5,2
8031,9c4f1ada-8222-11f1-b0da-2389f409459f,15,"[1, 1]",1,1,-1,,0.5,2
8032,9c4f1ada-8222-11f1-b0da-2389f409459f,16,"[1, 0]",0,1,1,,0.5,2
8033,9c4f1ada-8222-11f1-b0da-2389f409459f,16,"[1, 0]",1,0,0,,0.5,2
8034,9c4f1ada-8222-11f1-b0da-2389f409459f,17,"[1, 1]",0,1,-1,,0.5,2
8035,9c4f1ada-8222-11f1-b0da-2389f409459f,17,"[1, 1]",1,1,-1,,0.5,2
8036,9c4f1ada-8222-11f1-b0da-2389f409459f,18,"[1, 1]",0,1,-1,,0.5,2
8037,9c4f1ada-8222-11f1-b0da-2389f409459f,18,"[1, 1]",1,1,-1,,0.5,2
8038,9c4f1ada-8222-11f1-b0da-2389f409459f,19,"[1, 1]",0,1,-1,,0.5,2
8039,9c4f1ada-8222-11f1-b0da-2389f409459f,19,"[1, 1]",1,1,-1,,0.5,2
8040,9c4f1ada-8222-11f1-b0da-2389f409459f,20,"[1, 1]",0,1,-1,,0.5,2
8041,9c4f1ada-8222-11f1-b0da-2389f409459f,20,"[1, 1]",1,1,-1,,0.5,2
8042,9c4f1ada-8222-11f1-b0da-2389f409459f,21,"[0, 0]",0,0,0,,0.5,2
8043,9c4f1ada-8222-11f1-b0da-2389f409459f,21,"[0, 0]",1,0,0,,0.5,2
8044,9c4f1ada-8222-11f1-b0da-2389f409459f,22,"[0, 0]",0,0,0,,0.5,2
8045,9c4f1ada-8222-11f1-b0da-2389f409459f,22,"[0, 0]",1,0,0,,0.5,2
8046,9c4f1ada-8222-11f1-b0da-2389f409459f,23,"[1, 0]",0,1,1,,0.5,2
8047,9c4f1ada-8222-11f1-b0da-2389f409459f,23,"[1, 0]",1,0,0,,0.5,2
8048,9c4f1ada-8222-11f1-b0da-2389f409459f,24,"[1, 1]",0,1,-1,,0.5,2
8049,9c4f1ada-8222-11f1-b0da-2389f409459f,24,"[1, 1]",1,1,-1,,0.5,2
8050,9c4f1ada-8222-11f1-b0da-2389f409459f,25,"[1, 0]",0,1,1,,0.5,2
8051,9c4f1ada-8222-11f1-b0da-2389f409459f,25,"[1, 0]",1,0,0,,0.5,2
8052,9c4f1ada-8222-11f1-b0da-2389f409459f,26,"[0, 1]",0,0,0,,0.5,2
8053,9c4f1ada-8222-11f1-b0da-2389f409459f,26,"[0, 1]",1,1,1,,0.5,2
8054,9c4f1ada-8222-11f1-b0da-2389f409459f,27,"[0, 0]",0,0,0,,0.5,2
8055,9c4f1ada-8222-11f1-b0da-2389f409459f,27,"[0, 0]",1,0,0,,0.5,2
8056,9c4f1ada-8222-11f1-b0da-2389f409459f,28,"[0, 1]",0,0,0,,0.5,2
8057,9c4f1ada-8222-11f1-b0da-2389f409459f,28,"[0, 1]",1,1,1,,0.5,2
8058,9c4f1ada-8222-11f1-b0da-2389f409459f,29,"[0, 0]",0,0,0,,0.5,2
8059,9c4f1ada-8222-11f1-b0da-2389f409459f,29,"[0, 0]",1,0,0,,0.5,2
8060,9c4f1ada-8222-11f1-b0da-2389f409459f,30,"[1, 1]",0,1,-1,,0.5,2
8061,9c4f1ada-8222-11f1-b0da-2389f409459f,30,"[1, 1]",1,1,-1,,0.5,2
8062,9c4f1ada-8222-11f1-b0da-2389f409459f,31,"[1, 0]",0,1,1,,0.5,2
8063,9c4f1ada-8222-11f1-b0da-2389f409459f,31,"[1, 0]",1,0,0,,0.5,2
8064,9c4f1ada-8222-11f1-b0da-2389f409459f,32,"[1, 1]",0,1,-1,,0.5,2
8065,9c4f1ada-8222-11f1-b0da-2389f409459f,32,"[1, 1]",1,1,-1,,0.5,2
8066,9c4f1ada-8222-11f1-b0da-2389f409459f,33,"[1, 0]",0,1,1,,0.5,2
8067,9c4f1ada-8222-11f1-b0da-2389f409459f,33,"[1, 0]",1,0,0,,0.5,2
8068,9c4f1ada-8222-11f1-b0da-2389f409459f,34,"[0, 0]",0,0,0,,0.5,2
8069,9c4f1ada-8222-11f1-b0da-2389f409459f,34,"[0, 0]",1,0,0,,0.5,2
8070,9c4f1ada-8222-11f1-b0da-2389f409459f,35,"[1, 0]",0,1,1,,0.5,2
8071,9c4f1ada-8222-11f1-b0da-2389f409459f,35,"[1, 0]",1,0,0,,0.5,2
8072,9c4f1ada-8222-11f1-b0da-2389f409459f,36,"[1, 0]",0,1,1,,0.5,2
8073,9c4f1ada-8222-11f1-b0da-2389f409459f,36,"[1, 0]",1,0,0,,0.5,2
8074,9c4f1ada-8222-11f1-b0da-2389f409459f,37,"[1, 0]",0,1,1,,0.5,2
8075,9c4f1ada-8222-11f1-b0da-2389f409459f,37,"[1, 0]",1,0,0,,0.5,2
8076,9c4f1ada-8222-11f1-b0da-2389f409459f,38,"[1, 1]",0,1,-1,,0.5,2
8077,9c4f1ada-8222-11f1-b0da-2389f409459f,38,"[1, 1]",1,1,-1,,0.5,2
8078,9c4f1ada-8222-11f1-b0da-2389f409459f,39,"[0, 0]",0,0,0,,0.5,2
8079,9c4f1ada-8222-11f1-b0da-2389f409459f,39,"[0, 0]",1,0,0,,0.5,2
8080,9c4f1ada-8222-11f1-b0da-2389f409459f,40,"[0, 0]",0,0,0,,0.5,2
8081,9c4f1ada-8222-11f1-b0da-2389f409459f,40,"[0, 0]",1,0,0,,0.5,2
8082,9c4f1ada-8222-11f1-b0da-2389f409459f,41,"[0, 0]",0,0,0,,0.5,2
8083,9c4f1ada-8222-11f1-b0da-2389f409459f,41,"[0, 0]",1,0,0,,0.5,2
8084,9c4f1ada-8222-11f1-b0da-2389f409459f,42,"[1, 0]",0,1,1,,0.5,2
8085,9c4f1ada-8222-11f1-b0da-2389f409459f,42,"[1, 0]",1,0,0,,0.5,2
8086,9c4f1ada-8222-11f1-b0da-2389f409459f,43,"[0, 0]",0,0,0,,0.5,2
8087,9c4f1ada-8222-11f1-b0da-2389f409459f,43,"[0, 0]",1,0,0,,0.5,2
8088,9c4f1ada-8222-11f1-b0da-2389f409459f,44,"[0, 1]",0,0,0,,0.5,2
8089,9c4f1ada-8222-11f1-b0da-2389f409459f,44,"[0, 1]",1,1,1,,0.5,2
8090,9c4f1ada-8222-11f1-b0da-2389f409459f,45,"[0, 0]",0,0,0,,0.5,2
8091,9c4f1ada-8222-11f1-b0da-2389f409459f,45,"[0, 0]",1,0,0,,0.5,2
8092,9c4f1ada-8222-11f1-b0da-2389f409459f,46,"[0, 1]",0,0,0,,0.5,2
8093,9c4f1ada-8222-11f1-b0da-2389f409459f,46,"[0, 1]",1,1,1,,0.5,2
8094,9c4f1ada-8222-11f1-b0da-2389f409459f,47,"[0, 1]",0,0,0,,0.5,2
8095,9c4f1ada-8222-11f1-b0da-2389f409459f,47,"[0, 1]",1,1,1,,0.5,2
8096,9c4f1ada-8222-11f1-b0da-2389f409459f,48,"[0, 0]",0,0,0,,0.5,2
8097,9c4f1ada-8222-11f1-b0da-2389f409459f,48,"[0, 0]",1,0,0,,0.5,2
8098,9c4f1ada-8222-11f1-b0da-2389f409459f,49,"[0, 1]",0,0,0,,0.5,2
8099,9c4f1ada-8222-11f1-b0da-2389f409459f,49,"[0, 1]",1,1,1,,0.5,2
8100,9c508690-8222-11f1-b0da-2389f409459f,0,"[0, 0]",0,0,0,,0.5,2
8101,9c508690-8222-11f1-b0da-2389f409459f,0,"[0, 0]",1,0,0,,0.5,2
8102,9c508690-8222-11f1-b0da-2389f409459f,1,"[1, 0]",0,1,1,,0.5,2
8103,9c508690-8222-11f1-b0da-2389f409459f,1,"[1, 0]",1,0,0,,0.5,2
8104,9c508690-8222-11f1-b0da-2389f409459f,2,"[1, 1]",0,1,-1,,0.5,2
8105,9c508690-8222-11f1-b0da-2389f409459f,2,"[1, 1]",1,1,-1,,0.5,2
8106,9c508690-8222-11f1-b0da-2389f409459f,3,"[0, 1]",0,0,0,,0.5,2
8107,9c508690-8222-11f1-b0da-2389f409459f,3,"[0, 1]",1,1,1,,0.5,2
8108,9c508690-8222-11f1-b0da-2389f409459f,4,"[0, 0]",0,0,0,,0.5,2
8109,9c508690-8222-11f1-b0da-2389f409459f,4,"[0, 0]",1,0,0,,0.5,2
8110,9c508690-8222-11f1-b0da-2389f409459f,5,"[0, 0]",0,0,0,,0.5,2
8111,9c508690-8222-11f1-b0da-2389f409459f,5,"[0, 0]",1,0,0,,0.5,2
8112,9c508690-8222-11f1-b0da-2389f409459f,6,"[0, 1]",0,0,0,,0.5,2
8113,9c508690-8222-11f1-b0da-2389f409459f,6,"[0, 1]",1,1,1,,0.5,2
8114,9c508690-8222-11f1-b0da-2389f409459f,7,"[1, 1]",0,1,-1,,0.5,2
8115,9c508690-8222-11f1-b0da-2389f409459f,7,"[1, 1]",1,1,-1,,0.5,2
8116,9c508690-8222-11f1-b0da-2389f409459f,8,"[0, 1]",0,0,0,,0.5,2
8117,9c508690-8222-11f1-b0da-2389f409459f,8,"[0, 1]",1,1,1,,0.5,2
8118,9c508690-8222-11f1-b0da-2389f409459f,9,"[0, 0]",0,0,0,,0.5,2
8119,9c508690-8222-11f1-b0da-2389f409459f,9,"[0, 0]",1,0,0,,0.5,2
8120,9c508690-8222-11f1-b0da-2389f409459f,10,"[0, 0]",0,0,0,,0.5,2
8121,9c508690-8222-11f1-b0da-2389f409459f,10,"[0, 0]",1,0,0,,0.5,2
8122,9c508690-8222-11f1-b0da-2389f409459f,11,"[0, 0]",0,0,0,,0.5,2
8123,9c508690-8222-11f1-b0da-2389f409459f,11,"[0, 0]",1,0,0,,0.5,2
8124,9c508690-8222-11f1-b0da-2389f409459f,12,"[0, 0]",0,0,0,,0.5,2
8125,9c508690-8222-11f1-b0da-2389f409459f,12,"[0, 0]",1,0,0,,0.5,2
8126,9c508690-8222-11f1-b0da-2389f409459f,13,"[0, 0]",0,0,0,,0.5,2
8127,9c508690-8222-11f1-b0da-2389f409459f,13,"[0, 0]",1,0,0,,0.5,2
8128,9c508690-8222-11f1-b0da-2389f409459f,14,"[1, 1]",0,1,-1,,0.5,2
8129,9c508690-8222-11f1-b0da-2389f409459f,14,"[1, 1]",1,1,-1,,0.5,2
8130,9c508690-8222-11f1-b0da-2389f409459f,15,"[1, 1]",0,1,-1,,0.5,2
8131,9c508690-8222-11f1-b0da-2389f409459f,15,"[1, 1]",1,1,-1,,0.5,2
8132,9c508690-8222-11f1-b0da-2389f409459f,16,"[0, 0]",0,0,0,,0.5,2
8133,9c508690-8222-11f1-b0da-2389f409459f,16,"[0, 0]",1,0,0,,0.5,2
8134,9c508690-8222-11f1-b0da-2389f409459f,17,"[1, 1]",0,1,-1,,0.5,2
8135,9c508690-8222-11f1-b0da-2389f409459f,17,"[1, 1]",1,1,-1,,0.5,2
8136,9c508690-8222-11f1-b0da-2389f409459f,18,"[1, 1]",0,1,-1,,0.5,2
8137,9c508690-8222-11f1-b0da-2389f409459f,18,"[1, 1]",1,1,-1,,0.5,2
8138,9c508690-8222-11f1-b0da-2389f409459f,19,"[1, 1]",0,1,-1,,0.5,2
8139,9c508690-8222-11f1-b0da-2389f409459f,19,"[1, 1]",1,1,-1,,0.5,2
8140,9c508690-8222-11f1-b0da-2389f409459f,20,"[0, 0]",0,0,0,,0.5,2
8141,9c508690-8222-11f1-b0da-2389f409459f,20,"[0, 0]",1,0,0,,0.5,2
8142,9c508690-8222-11f1-b0da-2389f409459f,21,"[0, 0]",0,0,0,,0.5,2
8143,9c508690-8222-11f1-b0da-2389f409459f,21,"[0, 0]",1,0,0,,0.5,2
8144,9c508690-8222-11f1-b0da-2389f409459f,22,"[1, 1]",0,1,-1,,0.5,2
8145,9c508690-8222-11f1-b0da-2389f409459f,22,"[1, 1]",1,1,-1,,0.5,2
8146,9c508690-8222-11f1-b0da-2389f409459f,23,"[1, 1]",0,1,-1,,0.5,2
8147,9c508690-8222-11f1-b0da-2389f409459f,23,"[1, 1]",1,1,-1,,0.5,2
8148,9c508690-8222-11f1-b0da-2389f409459f,24,"[1, 0]",0,1,1,,0.5,2
8149,9c508690-8222-11f1-b0da-2389f409459f,24,"[1, 0]",1,0,0,,0.5,2
8150,9c508690-8222-11f1-b0da-2389f409459f,25,"[1, 1]",0,1,-1,,0.5,2
8151,9c508690-8222-11f1-b0da-2389f409459f,25,"[1, 1]",1,1,-1,,0.5,2
8152,9c508690-8222-11f1-b0da-2389f409459f,26,"[0, 0]",0,0,0,,0.5,2
8153,9c508690-8222-11f1-b0da-2389f409459f,26,"[0, 0]",1,0,0,,0.5,2
8154,9c508690-8222-11f1-b0da-2389f409459f,27,"[0, 1]",0,0,0,,0.5,2
8155,9c508690-8222-11f1-b0da-2389f409459f,27,"[0, 1]",1,1,1,,0.5,2
8156,9c508690-8222-11f1-b0da-2389f409459f,28,"[1, 0]",0,1,1,,0.5,2
8157,9c508690-8222-11f1-b0da-2389f409459f,28,"[1, 0]",1,0,0,,0.5,2
8158,9c508690-8222-11f1-b0da-2389f409459f,29,"[1, 0]",0,1,1,,0.5,2
8159,9c508690-8222-11f1-b0da-2389f409459f,29,"[1, 0]",1,0,0,,0.5,2
8160,9c508690-8222-11f1-b0da-2389f409459f,30,"[1, 0]",0,1,1,,0.5,2
8161,9c508690-8222-11f1-b0da-2389f409459f,30,"[1, 0]",1,0,0,,0.5,2
8162,9c508690-8222-11f1-b0da-2389f409459f,31,"[0, 1]",0,0,0,,0.5,2
8163,9c508690-8222-11f1-b0da-2389f409459f,31,"[0, 1]",1,1,1,,0.5,2
8164,9c508690-8222-11f1-b0da-2389f409459f,32,"[1, 1]",0,1,-1,,0.5,2
8165,9c508690-8222-11f1-b0da-2389f409459f,32,"[1, 1]",1,1,-1,,0.5,2
8166,9c508690-8222-11f1-b0da-2389f409459f,33,"[1, 1]",0,1,-1,,0.5,2
8167,9c508690-8222-11f1-b0da-2389f409459f,33,"[1, 1]",1,1,-1,,0.5,2
8168,9c508690-8222-11f1-b0da-2389f409459f,34,"[0, 0]",0,0,0,,0.5,2
8169,9c508690-8222-11f1-b0da-2389f409459f,34,"[0, 0]",1,0,0,,0.5,2
8170,9c508690-8222-11f1-b0da-2389f409459f,35,"[1, 0]",0,1,1,,0.5,2
8171,9c508690-8222-11f1-b0da-2389f409459f,35,"[1, 0]",1,0,0,,0.5,2
8172,9c508690-8222-11f1-b0da-2389f409459f,36,"[1, 1]",0,1,-1,,0.5,2
8173,9c508690-8222-11f1-b0da-2389f409459f,36,"[1, 1]",1,1,-1,,0.5,2
8174,9c508690-8222-11f1-b0da-2389f409459f,37,"[1, 1]",0,1,-1,,0.5,2
8175,9c508690-8222-11f1-b0da-2389f409459f,37,"[1, 1]",1,1,-1,,0.5,2
8176,9c508690-8222-11f1-b0da-2389f409459f,38,"[0, 1]",0,0,0,,0.5,2
8177,9c508690-8222-11f1-b0da-2389f409459f,38,"[0, 1]",1,1,1,,0.5,2
8178,9c508690-8222-11f1-b0da-2389f409459f,39,"[0, 0]",0,0,0,,0.5,2
8179,9c508690-8222-11f1-b0da-2389f409459f,39,"[0, 0]",1,0,0,,0.5,2
8180,9c508690-8222-11f1-b0da-2389f409459f,40,"[1, 0]",0,1,1,,0.5,2
8181,9c508690-8222-11f1-b0da-2389f409459f,40,"[1, 0]",1,0,0,,0.5,2
8182,9c508690-8222-11f1-b0da-2389f409459f,41,"[1, 1]",0,1,-1,,0.5,2
8183,9c508690-8222-11f1-b0da-2389f409459f,41,"[1, 1]",1,1,-1,,0.5,2
8184,9c508690-8222-11f1-b0da-2389f409459f,42,"[0, 0]",0,0,0,,0.5,2
8185,9c508690-8222-11f1-b0da-2389f409459f,42,"[0, 0]",1,0,0,,0.5,2
8186,9c508690-8222-11f1-b0da-2389f409459f,43,"[0, 0]",0,0,0,,0.5,2
8187,9c508690-8222-11f1-b0da-2389f409459f,43,"[0, 0]",1,0,0,,0.5,2
8188,9c508690-8222-11f1-b0da-2389f409459f,44,"[0, 0]",0,0,0,,0.5,2
8189,9c508690-8222-11f1-b0da-2389f409459f,44,"[0, 0]",1,0,0,,0.5,2
8190,9c508690-8222-11f1-b0da-2389f409459f,45,"[0, 0]",0,0,0,,0.5,2
8191,9c508690-8222-11f1-b0da-2389f409459f,45,"[0, 0]",1,0,0,,0.5,2
8192,9c508690-8222-11f1-b0da-2389f409459f,46,"[1, 1]",0,1,-1,,0.5,2
8193,9c508690-8222-11f1-b0da-2389f409459f,46,"[1, 1]",1,1,-1,,0.5,2
8194,9c508690-8222-11f1-b0da-2389f409459f,47,"[1, 0]",0,1,1,,0.5,2
8195,9c508690-8222-11f1-b0da-2389f409459f,47,"[1, 0]",1,0,0,,0.5,2
8196,9c508690-8222-11f1-b0da-2389f409459f,48,"[1, 1]",0,1,-1,,0.5,2
8197,9c508690-8222-11f1-b0da-2389f409459f,48,"[1, 1]",1,1,-1,,0.5,2
8198,9c508690-8222-11f1-b0da-2389f409459f,49,"[0, 0]",0,0,0,,0.5,2
8199,9c508690-8222-11f1-b0da-2389f409459f,49,"[0, 0]",1,0,0,,0.5,2
8200,9c51faac-8222-11f1-b0da-2389f409459f,0,"[0, 0]",0,0,0,,0.5,2
8201,9c51faac-8222-11f1-b0da-2389f409459f,0,"[0, 0]",1,0,0,,0.5,2
8202,9c51faac-8222-11f1-b0da-2389f409459f,1,"[0, 1]",0,0,0,,0.5,2
8203,9c51faac-8222-11f1-b0da-2389f409459f,1,"[0, 1]",1,1,1,,0.5,2
8204,9c51faac-8222-11f1-b0da-2389f409459f,2,"[1, 1]",0,1,-1,,0.5,2
8205,9c51faac-8222-11f1-b0da-2389f409459f,2,"[1, 1]",1,1,-1,,0.5,2
8206,9c51faac-8222-11f1-b0da-2389f409459f,3,"[1, 0]",0,1,1,,0.5,2
8207,9c51faac-8222-11f1-b0da-2389f409459f,3,"[1, 0]",1,0,0,,0.5,2
8208,9c51faac-8222-11f1-b0da-2389f409459f,4,"[1, 0]",0,1,1,,0.5,2
8209,9c51faac-8222-11f1-b0da-2389f409459f,4,"[1, 0]",1,0,0,,0.5,2
8210,9c51faac-8222-11f1-b0da-2389f409459f,5,"[1, 0]",0,1,1,,0.5,2
8211,9c51faac-8222-11f1-b0da-2389f409459f,5,"[1, 0]",1,0,0,,0.5,2
8212,9c51faac-8222-11f1-b0da-2389f409459f,6,"[1, 0]",0,1,1,,0.5,2
8213,9c51faac-8222-11f1-b0da-2389f409459f,6,"[1, 0]",1,0,0,,0.5,2
8214,9c51faac-8222-11f1-b0da-2389f409459f,7,"[1, 0]",0,1,1,,0.5,2
8215,9c51faac-8222-11f1-b0da-2389f409459f,7,"[1, 0]",1,0,0,,0.5,2
8216,9c51faac-8222-11f1-b0da-2389f409459f,8,"[1, 0]",0,1,1,,0.5,2
8217,9c51faac-8222-11f1-b0da-2389f409459f,8,"[1, 0]",1,0,0,,0.5,2
8218,9c51faac-8222-11f1-b0da-2389f409459f,9,"[1, 0]",0,1,1,,0.5,2
8219,9c51faac-8222-11f1-b0da-2389f409459f,9,"[1, 0]",1,0,0,,0.5,2
8220,9c51faac-8222-11f1-b0da-2389f409459f,10,"[1, 0]",0,1,1,,0.5,2
8221,9c51faac-8222-11f1-b0da-2389f409459f,10,"[1, 0]",1,0,0,,0.5,2
8222,9c51faac-8222-11f1-b0da-2389f409459f,11,"[1, 0]",0,1,1,,0.5,2
8223,9c51faac-8222-11f1-b0da-2389f409459f,11,"[1, 0]",1,0,0,,0.5,2
8224,9c51faac-8222-11f1-b0da-2389f409459f,12,"[1, 0]",0,1,1,,0.5,2
8225,9c51faac-8222-11f1-b0da-2389f409459f,12,"[1, 0]",1,0,0,,0.5,2
8226,9c51faac-8222-11f1-b0da-2389f409459f,13,"[1, 0]",0,1,1,,0.5,2
8227,9c51faac-8222-11f1-b0da-2389f409459f,13,"[1, 0]",1,0,0,,0.5,2
8228,9c51faac-8222-11f1-b0da-2389f409459f,14,"[1, 0]",0,1,1,,0.5,2
8229,9c51faac-8222-11f1-b0da-2389f409459f,14,"[1, 0]",1,0,0,,0.5,2
8230,9c51faac-8222-11f1-b0da-2389f409459f,15,"[1, 0]",0,1,1,,0.5,2
8231,9c51faac-8222-11f1-b0da-2389f409459f,15,"[1, 0]",1,0,0,,0.5,2
8232,9c51faac-8222-11f1-b0da-2389f409459f,16,"[1, 0]",0,1,1,,0.5,2
8233,9c51faac-8222-11f1-b0da-2389f409459f,16,"[1, 0]",1,0,0,,0.5,2
8234,9c51faac-8222-11f1-b0da-2389f409459f,17,"[1, 0]",0,1,1,,0.5,2
8235,9c51faac-8222-11f1-b0da-2389f409459f,17,"[1, 0]",1,0,0,,0.5,2
8236,9c51faac-8222-11f1-b0da-2389f409459f,18,"[1, 0]",0,1,1,,0.5,2
8237,9c51faac-8222-11f1-b0da-2389f409459f,18,"[1, 0]",1,0,0,,0.5,2
8238,9c51faac-8222-11f1-b0da-2389f409459f,19,"[1, 0]",0,1,1,,0.5,2
8239,9c51faac-8222-11f1-b0da-2389f409459f,19,"[1, 0]",1,0,0,,0.5,2
8240,9c51faac-8222-11f1-b0da-2389f409459f,20,"[1, 1]",0,1,-1,,0.5,2
8241,9c51faac-8222-11f1-b0da-2389f409459f,20,"[1, 1]",1,1,-1,,0.5,2
8242,9c51faac-8222-11f1-b0da-2389f409459f,21,"[1, 0]",0,1,1,,0.5,2
8243,9c51faac-8222-11f1-b0da-2389f409459f,21,"[1, 0]",1,0,0,,0.5,2
8244,9c51faac-8222-11f1-b0da-2389f409459f,22,"[1, 0]",0,1,1,,0.5,2
8245,9c51faac-8222-11f1-b0da-2389f409459f,22,"[1, 0]",1,0,0,,0.5,2
8246,9c51faac-8222-11f1-b0da-2389f409459f,23,"[1, 1]",0,1,-1,,0.5,2
8247,9c51faac-8222-11f1-b0da-2389f409459f,23,"[1, 1]",1,1,-1,,0.5,2
8248,9c51faac-8222-11f1-b0da-2389f409459f,24,"[0, 0]",0,0,0,,0.5,2
8249,9c51faac-8222-11f1-b0da-2389f409459f,24,"[0, 0]",1,0,0,,0.5,2
8250,9c51faac-8222-11f1-b0da-2389f409459f,25,"[0, 1]",0,0,0,,0.5,2
8251,9c51faac-8222-11f1-b0da-2389f409459f,25,"[0, 1]",1,1,1,,0.5,2
8252,9c51faac-8222-11f1-b0da-2389f409459f,26,"[0, 1]",0,0,0,,0.5,2
8253,9c51faac-8222-11f1-b0da-2389f409459f,26,"[0, 1]",1,1,1,,0.5,2
8254,9c51faac-8222-11f1-b0da-2389f409459f,27,"[0, 0]",0,0,0,,0.5,2
8255,9c51faac-8222-11f1-b0da-2389f409459f,27,"[0, 0]",1,0,0,,0.5,2
8256,9c51faac-8222-11f1-b0da-2389f409459f,28,"[0, 1]",0,0,0,,0.5,2
8257,9c51faac-8222-11f1-b0da-2389f409459f,28,"[0, 1]",1,1,1,,0.5,2
8258,9c51faac-8222-11f1-b0da-2389f409459f,29,"[1, 1]",0,1,-1,,0.5,2
8259,9c51faac-8222-11f1-b0da-2389f409459f,29,"[1, 1]",1,1,-1,,0.5,2
8260,9c51faac-8222-11f1-b0da-2389f409459f,30,"[1, 1]",0,1,-1,,0.5,2
8261,9c51faac-8222-11f1-b0da-2389f409459f,30,"[1, 1]",1,1,-1,,0.5,2
8262,9c51faac-8222-11f1-b0da-2389f409459f,31,"[0, 1]",0,0,0,,0.5,2
8263,9c51faac-8222-11f1-b0da-2389f409459f,31,"[0, 1]",1,1,1,,0.5,2
8264,9c51faac-8222-11f1-b0da-2389f409459f,32,"[1, 1]",0,1,-1,,0.5,2
8265,9c51faac-8222-11f1-b0da-2389f409459f,32,"[1, 1]",1,1,-1,,0.5,2
8266,9c51faac-8222-11f1-b0da-2389f409459f,33,"[1, 0]",0,1,1,,0.5,2
8267,9c51faac-8222-11f1-b0da-2389f409459f,33,"[1, 0]",1,0,0,,0.5,2
8268,9c51faac-8222-11f1-b0da-2389f409459f,34,"[1, 0]",0,1,1,,0.5,2
8269,9c51faac-8222-11f1-b0da-2389f409459f,34,"[1, 0]",1,0,0,,0.5,2
8270,9c51faac-8222-11f1-b0da-2389f409459f,35,"[1, 1]",0,1,-1,,0.5,2
8271,9c51faac-8222-11f1-b0da-2389f409459f,35,"[1, 1]",1,1,-1,,0.5,2
8272,9c51faac-8222-11f1-b0da-2389f409459f,36,"[1, 1]",0,1,-1,,0.5,2
8273,9c51faac-8222-11f1-b0da-2389f409459f,36,"[1, 1]",1,1,-1,,0.5,2
8274,9c51faac-8222-11f1-b0da-2389f409459f,37,"[1, 1]",0,1,-1,,0.5,2
8275,9c51faac-8222-11f1-b0da-2389f409459f,37,"[1, 1]",1,1,-1,,0.5,2
8276,9c51faac-8222-11f1-b0da-2389f409459f,38,"[1, 0]",0,1,1,,0.5,2
8277,9c51faac-8222-11f1-b0da-2389f409459f,38,"[1, 0]",1,0,0,,0.5,2
8278,9c51faac-8222-11f1-b0da-2389f409459f,39,"[1, 1]",0,1,-1,,0.5,2
8279,9c51faac-8222-11f1-b0da-2389f409459f,39,"[1, 1]",1,1,-1,,0.5,2
8280,9c51faac-8222-11f1-b0da-2389f409459f,40,"[0, 0]",0,0,0,,0.5,2
8281,9c51faac-8222-11f1-b0da-2389f409459f,40,"[0, 0]",1,0,0,,0.5,2
8282,9c51faac-8222-11f1-b0da-2389f409459f,41,"[0, 0]",0,0,0,,0.5,2
8283,9c51faac-8222-11f1-b0da-2389f409459f,41,"[0, 0]",1,0,0,,0.5,2
8284,9c51faac-8222-11f1-b0da-2389f409459f,42,"[0, 1]",0,0,0,,0.5,2
8285,9c51faac-8222-11f1-b0da-2389f409459f,42,"[0, 1]",1,1,1,,0.5,2
8286,9c51faac-8222-11f1-b0da-2389f409459f,43,"[0, 0]",0,0,0,,0.5,2
8287,9c51faac-8222-11f1-b0da-2389f409459f,43,"[0, 0]",1,0,0,,0.5,2
8288,9c51faac-8222-11f1-b0da-2389f409459f,44,"[1, 1]",0,1,-1,,0.5,2
8289,9c51faac-8222-11f1-b0da-2389f409459f,44,"[1, 1]",1,1,-1,,0.5,2
8290,9c51faac-8222-11f1-b0da-2389f409459f,45,"[1, 1]",0,1,-1,,0.5,2
8291,9c51faac-8222-11f1-b0da-2389f409459f,45,"[1, 1]",1,1,-1,,0.5,2
8292,9c51faac-8222-11f1-b0da-2389f409459f,46,"[1, 0]",0,1,1,,0.5,2
8293,9c51faac-8222-11f1-b0da-2389f409459f,46,"[1, 0]",1,0,0,,0.5,2
8294,9c51faac-8222-11f1-b0da-2389f409459f,47,"[1, 1]",0,1,-1,,0.5,2
8295,9c51faac-8222-11f1-b0da-2389f409459f,47,"[1, 1]",1,1,-1,,0.5,2
8296,9c51faac-8222-11f1-b0da-2389f409459f,48,"[1, 1]",0,1,-1,,0.5,2
8297,9c51faac-8222-11f1-b0da-2389f409459f,48,"[1, 1]",1,1,-1,,0.5,2
8298,9c51faac-8222-11f1-b0da-2389f409459f,49,"[1, 0]",0,1,1,,0.5,2
8299,9c51faac-8222-11f1-b0da-2389f409459f,49,"[1, 0]",1,0,0,,0.5,2
8300,9c536bda-8222-11f1-b0da-2389f409459f,0,"[0, 1]",0,0,0,,0.5,2
8301,9c536bda-8222-11f1-b0da-2389f409459f,0,"[0, 1]",1,1,1,,0.5,2
8302,9c536bda-8222-11f1-b0da-2389f409459f,1,"[1, 1]",0,1,-1,,0.5,2
8303,9c536bda-8222-11f1-b0da-2389f409459f,1,"[1, 1]",1,1,-1,,0.5,2
8304,9c536bda-8222-11f1-b0da-2389f409459f,2,"[0, 0]",0,0,0,,0.5,2
8305,9c536bda-8222-11f1-b0da-2389f409459f,2,"[0, 0]",1,0,0,,0.5,2
8306,9c536bda-8222-11f1-b0da-2389f409459f,3,"[0, 1]",0,0,0,,0.5,2
8307,9c536bda-8222-11f1-b0da-2389f409459f,3,"[0, 1]",1,1,1,,0.5,2
8308,9c536bda-8222-11f1-b0da-2389f409459f,4,"[1, 1]",0,1,-1,,0.5,2
8309,9c536bda-8222-11f1-b0da-2389f409459f,4,"[1, 1]",1,1,-1,,0.5,2
8310,9c536bda-8222-11f1-b0da-2389f409459f,5,"[0, 0]",0,0,0,,0.5,2
8311,9c536bda-8222-11f1-b0da-2389f409459f,5,"[0, 0]",1,0,0,,0.5,2
8312,9c536bda-8222-11f1-b0da-2389f409459f,6,"[1, 1]",0,1,-1,,0.5,2
8313,9c536bda-8222-11f1-b0da-2389f409459f,6,"[1, 1]",1,1,-1,,0.5,2
8314,9c536bda-8222-11f1-b0da-2389f409459f,7,"[0, 1]",0,0,0,,0.5,2
8315,9c536bda-8222-11f1-b0da-2389f409459f,7,"[0, 1]",1,1,1,,0.5,2
8316,9c536bda-8222-11f1-b0da-2389f409459f,8,"[0, 1]",0,0,0,,0.5,2
8317,9c536bda-8222-11f1-b0da-2389f409459f,8,"[0, 1]",1,1,1,,0.5,2
8318,9c536bda-8222-11f1-b0da-2389f409459f,9,"[0, 0]",0,0,0,,0.5,2
8319,9c536bda-8222-11f1-b0da-2389f409459f,9,"[0, 0]",1,0,0,,0.5,2
8320,9c536bda-8222-11f1-b0da-2389f409459f,10,"[1, 0]",0,1,1,,0.5,2
8321,9c536bda-8222-11f1-b0da-2389f409459f,10,"[1, 0]",1,0,0,,0.5,2
8322,9c536bda-8222-11f1-b0da-2389f409459f,11,"[1, 0]",0,1,1,,0.5,2
8323,9c536bda-8222-11f1-b0da-2389f409459f,11,"[1, 0]",1,0,0,,0.5,2
8324,9c536bda-8222-11f1-b0da-2389f409459f,12,"[0, 0]",0,0,0,,0.5,2
8325,9c536bda-8222-11f1-b0da-2389f409459f,12,"[0, 0]",1,0,0,,0.5,2
8326,9c536bda-8222-11f1-b0da-2389f409459f,13,"[1, 1]",0,1,-1,,0.5,2
8327,9c536bda-8222-11f1-b0da-2389f409459f,13,"[1, 1]",1,1,-1,,0.5,2
8328,9c536bda-8222-11f1-b0da-2389f409459f,14,"[0, 0]",0,0,0,,0.5,2
8329,9c536bda-8222-11f1-b0da-2389f409459f,14,"[0, 0]",1,0,0,,0.5,2
8330,9c536bda-8222-11f1-b0da-2389f409459f,15,"[0, 0]",0,0,0,,0.5,2
8331,9c536bda-8222-11f1-b0da-2389f409459f,15,"[0, 0]",1,0,0,,0.5,2
8332,9c536bda-8222-11f1-b0da-2389f409459f,16,"[0, 0]",0,0,0,,0.5,2
8333,9c536bda-8222-11f1-b0da-2389f409459f,16,"[0, 0]",1,0,0,,0.5,2
8334,9c536bda-8222-11f1-b0da-2389f409459f,17,"[0, 0]",0,0,0,,0.5,2
8335,9c536bda-8222-11f1-b0da-2389f409459f,17,"[0, 0]",1,0,0,,0.5,2
8336,9c536bda-8222-11f1-b0da-2389f409459f,18,"[0, 0]",0,0,0,,0.5,2
8337,9c536bda-8222-11f1-b0da-2389f409459f,18,"[0, 0]",1,0,0,,0.5,2
8338,9c536bda-8222-11f1-b0da-2389f409459f,19,"[1, 0]",0,1,1,,0.5,2
8339,9c536bda-8222-11f1-b0da-2389f409459f,19,"[1, 0]",1,0,0,,0.5,2
8340,9c536bda-8222-11f1-b0da-2389f409459f,20,"[0, 0]",0,0,0,,0.5,2
8341,9c536bda-8222-11f1-b0da-2389f409459f,20,"[0, 0]",1,0,0,,0.5,2
8342,9c536bda-8222-11f1-b0da-2389f409459f,21,"[0, 1]",0,0,0,,0.5,2
8343,9c536bda-8222-11f1-b0da-2389f409459f,21,"[0, 1]",1,1,1,,0.5,2
8344,9c536bda-8222-11f1-b0da-2389f409459f,22,"[0, 1]",0,0,0,,0.5,2
8345,9c536bda-8222-11f1-b0da-2389f409459f,22,"[0, 1]",1,1,1,,0.5,2
8346,9c536bda-8222-11f1-b0da-2389f409459f,23,"[1, 1]",0,1,-1,,0.5,2
8347,9c536bda-8222-11f1-b0da-2389f409459f,23,"[1, 1]",1,1,-1,,0.5,2
8348,9c536bda-8222-11f1-b0da-2389f409459f,24,"[0, 1]",0,0,0,,0.5,2
8349,9c536bda-8222-11f1-b0da-2389f409459f,24,"[0, 1]",1,1,1,,0.5,2
8350,9c536bda-8222-11f1-b0da-2389f409459f,25,"[1, 0]",0,1,1,,0.5,2
8351,9c536bda-8222-11f1-b0da-2389f409459f,25,"[1, 0]",1,0,0,,0.5,2
8352,9c536bda-8222-11f1-b0da-2389f409459f,26,"[0, 0]",0,0,0,,0.5,2
8353,9c536bda-8222-11f1-b0da-2389f409459f,26,"[0, 0]",1,0,0,,0.5,2
8354,9c536bda-8222-11f1-b0da-2389f409459f,27,"[1, 1]",0,1,-1,,0.5,2
8355,9c536bda-8222-11f1-b0da-2389f409459f,27,"[1, 1]",1,1,-1,,0.5,2
8356,9c536bda-8222-11f1-b0da-2389f409459f,28,"[0, 0]",0,0,0,,0.5,2
8357,9c536bda-8222-11f1-b0da-2389f409459f,28,"[0, 0]",1,0,0,,0.5,2
8358,9c536bda-8222-11f1-b0da-2389f409459f,29,"[0, 1]",0,0,0,,0.5,2
8359,9c536bda-8222-11f1-b0da-2389f409459f,29,"[0, 1]",1,1,1,,0.5,2
8360,9c536bda-8222-11f1-b0da-2389f409459f,30,"[1, 1]",0,1,-1,,0.5,2
8361,9c536bda-8222-11f1-b0da-2389f409459f,30,"[1, 1]",1,1,-1,,0.5,2
8362,9c536bda-8222-11f1-b0da-2389f409459f,31,"[0, 0]",0,0,0,,0.5,2
8363,9c536bda-8222-11f1-b0da-2389f409459f,31,"[0, 0]",1,0,0,,0.5,2
8364,9c536bda-8222-11f1-b0da-2389f409459f,32,"[1, 1]",0,1,-1,,0.5,2
8365,9c536bda-8222-11f1-b0da-2389f409459f,32,"[1, 1]",1,1,-1,,0.5,2
8366,9c536bda-8222-11f1-b0da-2389f409459f,33,"[0, 1]",0,0,0,,0.5,2
8367,9c536bda-8222-11f1-b0da-2389f409459f,33,"[0, 1]",1,1,1,,0.5,2
8368,9c536bda-8222-11f1-b0da-2389f409459f,34,"[1, 0]",0,1,1,,0.5,2
8369,9c536bda-8222-11f1-b0da-2389f409459f,34,"[1, 0]",1,0,0,,0.5,2
8370,9c536bda-8222-11f1-b0da-2389f409459f,35,"[0, 0]",0,0,0,,0.5,2
8371,9c536bda-8222-11f1-b0da-2389f409459f,35,"[0, 0]",1,0,0,,0.5,2
8372,9c536bda-8222-11f1-b0da-2389f409459f,36,"[0, 0]",0,0,0,,0.5,2
8373,9c536bda-8222-11f1-b0da-2389f409459f,36,"[0, 0]",1,0,0,,0.5,2
8374,9c536bda-8222-11f1-b0da-2389f409459f,37,"[0, 0]",0,0,0,,0.5,2
8375,9c536bda-8222-11f1-b0da-2389f409459f,37,"[0, 0]",1,0,0,,0.5,2
8376,9c536bda-8222-11f1-b0da-2389f409459f,38,"[0, 0]",0,0,0,,0.5,2
8377,9c536bda-8222-11f1-b0da-2389f409459f,38,"[0, 0]",1,0,0,,0.5,2
8378,9c536bda-8222-11f1-b0da-2389f409459f,39,"[0, 0]",0,0,0,,0.5,2
8379,9c536bda-8222-11f1-b0da-2389f409459f,39,"[0, 0]",1,0,0,,0.5,2
8380,9c536bda-8222-11f1-b0da-2389f409459f,40,"[0, 0]",0,0,0,,0.5,2
8381,9c536bda-8222-11f1-b0da-2389f409459f,40,"[0, 0]",1,0,0,,0.5,2
8382,9c536bda-8222-11f1-b0da-2389f409459f,41,"[1, 0]",0,1,1,,0.5,2
8383,9c536bda-8222-11f1-b0da-2389f409459f,41,"[1, 0]",1,0,0,,0.5,2
8384,9c536bda-8222-11f1-b0da-2389f409459f,42,"[1, 0]",0,1,1,,0.5,2
8385,9c536bda-8222-11f1-b0da-2389f409459f,42,"[1, 0]",1,0,0,,0.5,2
8386,9c536bda-8222-11f1-b0da-2389f409459f,43,"[1, 0]",0,1,1,,0.5,2
8387,9c536bda-8222-11f1-b0da-2389f409459f,43,"[1, 0]",1,0,0,,0.5,2
8388,9c536bda-8222-11f1-b0da-2389f409459f,44,"[1, 1]",0,1,-1,,0.5,2
8389,9c536bda-8222-11f1-b0da-2389f409459f,44,"[1, 1]",1,1,-1,,0.5,2
8390,9c536bda-8222-11f1-b0da-2389f409459f,45,"[0, 1]",0,0,0,,0.5,2
8391,9c536bda-8222-11f1-b0da-2389f409459f,45,"[0, 1]",1,1,1,,0.5,2
8392,9c536bda-8222-11f1-b0da-2389f409459f,46,"[1, 1]",0,1,-1,,0.5,2
8393,9c536bda-8222-11f1-b0da-2389f409459f,46,"[1, 1]",1,1,-1,,0.5,2
8394,9c536bda-8222-11f1-b0da-2389f409459f,47,"[1, 1]",0,1,-1,,0.5,2
8395,9c536bda-8222-11f1-b0da-2389f409459f,47,"[1, 1]",1,1,-1,,0.5,2
8396,9c536bda-8222-11f1-b0da-2389f409459f,48,"[0, 0]",0,0,0,,0.5,2
8397,9c536bda-8222-11f1-b0da-2389f409459f,48,"[0, 0]",1,0,0,,0.5,2
8398,9c536bda-8222-11f1-b0da-2389f409459f,49,"[1, 1]",0,1,-1,,0.5,2
8399,9c536bda-8222-11f1-b0da-2389f409459f,49,"[1, 1]",1,1,-1,,0.5,2
8400,9c54dd58-8222-11f1-b0da-2389f409459f,0,"[0, 0]",0,0,0,,0.5,2
8401,9c54dd58-8222-11f1-b0da-2389f409459f,0,"[0, 0]",1,0,0,,0.5,2
8402,9c54dd58-8222-11f1-b0da-2389f409459f,1,"[1, 1]",0,1,-1,,0.5,2
8403,9c54dd58-8222-11f1-b0da-2389f409459f,1,"[1, 1]",1,1,-1,,0.5,2
8404,9c54dd58-8222-11f1-b0da-2389f409459f,2,"[1, 0]",0,1,1,,0.5,2
8405,9c54dd58-8222-11f1-b0da-2389f409459f,2,"[1, 0]",1,0,0,,0.5,2
8406,9c54dd58-8222-11f1-b0da-2389f409459f,3,"[1, 1]",0,1,-1,,0.5,2
8407,9c54dd58-8222-11f1-b0da-2389f409459f,3,"[1, 1]",1,1,-1,,0.5,2
8408,9c54dd58-8222-11f1-b0da-2389f409459f,4,"[1, 0]",0,1,1,,0.5,2
8409,9c54dd58-8222-11f1-b0da-2389f409459f,4,"[1, 0]",1,0,0,,0.5,2
8410,9c54dd58-8222-11f1-b0da-2389f409459f,5,"[0, 0]",0,0,0,,0.5,2
8411,9c54dd58-8222-11f1-b0da-2389f409459f,5,"[0, 0]",1,0,0,,0.5,2
8412,9c54dd58-8222-11f1-b0da-2389f409459f,6,"[0, 0]",0,0,0,,0.5,2
8413,9c54dd58-8222-11f1-b0da-2389f409459f,6,"[0, 0]",1,0,0,,0.5,2
8414,9c54dd58-8222-11f1-b0da-2389f409459f,7,"[0, 1]",0,0,0,,0.5,2
8415,9c54dd58-8222-11f1-b0da-2389f409459f,7,"[0, 1]",1,1,1,,0.5,2
8416,9c54dd58-8222-11f1-b0da-2389f409459f,8,"[0, 0]",0,0,0,,0.5,2
8417,9c54dd58-8222-11f1-b0da-2389f409459f,8,"[0, 0]",1,0,0,,0.5,2
8418,9c54dd58-8222-11f1-b0da-2389f409459f,9,"[0, 0]",0,0,0,,0.5,2
8419,9c54dd58-8222-11f1-b0da-2389f409459f,9,"[0, 0]",1,0,0,,0.5,2
8420,9c54dd58-8222-11f1-b0da-2389f409459f,10,"[0, 1]",0,0,0,,0.5,2
8421,9c54dd58-8222-11f1-b0da-2389f409459f,10,"[0, 1]",1,1,1,,0.5,2
8422,9c54dd58-8222-11f1-b0da-2389f409459f,11,"[1, 0]",0,1,1,,0.5,2
8423,9c54dd58-8222-11f1-b0da-2389f409459f,11,"[1, 0]",1,0,0,,0.5,2
8424,9c54dd58-8222-11f1-b0da-2389f409459f,12,"[1, 0]",0,1,1,,0.5,2
8425,9c54dd58-8222-11f1-b0da-2389f409459f,12,"[1, 0]",1,0,0,,0.5,2
8426,9c54dd58-8222-11f1-b0da-2389f409459f,13,"[0, 0]",0,0,0,,0.5,2
8427,9c54dd58-8222-11f1-b0da-2389f409459f,13,"[0, 0]",1,0,0,,0.5,2
8428,9c54dd58-8222-11f1-b0da-2389f409459f,14,"[1, 1]",0,1,-1,,0.5,2
8429,9c54dd58-8222-11f1-b0da-2389f409459f,14,"[1, 1]",1,1,-1,,0.5,2
8430,9c54dd58-8222-11f1-b0da-2389f409459f,15,"[1, 0]",0,1,1,,0.5,2
8431,9c54dd58-8222-11f1-b0da-2389f409459f,15,"[1, 0]",1,0,0,,0.5,2
8432,9c54dd58-8222-11f1-b0da-2389f409459f,16,"[0, 0]",0,0,0,,0.5,2
8433,9c54dd58-8222-11f1-b0da-2389f409459f,16,"[0, 0]",1,0,0,,0.5,2
8434,9c54dd58-8222-11f1-b0da-2389f409459f,17,"[0, 1]",0,0,0,,0.5,2
8435,9c54dd58-8222-11f1-b0da-2389f409459f,17,"[0, 1]",1,1,1,,0.5,2
8436,9c54dd58-8222-11f1-b0da-2389f409459f,18,"[1, 0]",0,1,1,,0.5,2
8437,9c54dd58-8222-11f1-b0da-2389f409459f,18,"[1, 0]",1,0,0,,0.5,2
8438,9c54dd58-8222-11f1-b0da-2389f409459f,19,"[0, 1]",0,0,0,,0.5,2
8439,9c54dd58-8222-11f1-b0da-2389f409459f,19,"[0, 1]",1,1,1,,0.5,2
8440,9c54dd58-8222-11f1-b0da-2389f409459f,20,"[1, 0]",0,1,1,,0.5,2
8441,9c54dd58-8222-11f1-b0da-2389f409459f,20,"[1, 0]",1,0,0,,0.5,2
8442,9c54dd58-8222-11f1-b0da-2389f409459f,21,"[1, 0]",0,1,1,,0.5,2
8443,9c54dd58-8222-11f1-b0da-2389f409459f,21,"[1, 0]",1,0,0,,0.5,2
8444,9c54dd58-8222-11f1-b0da-2389f409459f,22,"[1, 1]",0,1,-1,,0.5,2
8445,9c54dd58-8222-11f1-b0da-2389f409459f,22,"[1, 1]",1,1,-1,,0.5,2
8446,9c54dd58-8222-11f1-b0da-2389f409459f,23,"[1, 0]",0,1,1,,0.5,2
8447,9c54dd58-8222-11f1-b0da-2389f409459f,23,"[1, 0]",1,0,0,,0.5,2
8448,9c54dd58-8222-11f1-b0da-2389f409459f,24,"[1, 0]",0,1,1,,0.5,2
8449,9c54dd58-8222-11f1-b0da-2389f409459f,24,"[1, 0]",1,0,0,,0.5,2
8450,9c54dd58-8222-11f1-b0da-2389f409459f,25,"[0, 0]",0,0,0,,0.5,2
8451,9c54dd58-8222-11f1-b0da-2389f409459f,25,"[0, 0]",1,0,0,,0.5,2
8452,9c54dd58-8222-11f1-b0da-2389f409459f,26,"[0, 0]",0,0,0,,0.5,2
8453,9c54dd58-8222-11f1-b0da-2389f409459f,26,"[0, 0]",1,0,0,,0.5,2
8454,9c54dd58-8222-11f1-b0da-2389f409459f,27,"[1, 0]",0,1,1,,0.5,2
8455,9c54dd58-8222-11f1-b0da-2389f409459f,27,"[1, 0]",1,0,0,,0.5,2
8456,9c54dd58-8222-11f1-b0da-2389f409459f,28,"[1, 0]",0,1,1,,0.5,2
8457,9c54dd58-8222-11f1-b0da-2389f409459f,28,"[1, 0]",1,0,0,,0.5,2
8458,9c54dd58-8222-11f1-b0da-2389f409459f,29,"[0, 1]",0,0,0,,0.5,2
8459,9c54dd58-8222-11f1-b0da-2389f409459f,29,"[0, 1]",1,1,1,,0.5,2
8460,9c54dd58-8222-11f1-b0da-2389f409459f,30,"[1, 0]",0,1,1,,0.5,2
8461,9c54dd58-8222-11f1-b0da-2389f409459f,30,"[1, 0]",1,0,0,,0.5,2
8462,9c54dd58-8222-11f1-b0da-2389f409459f,31,"[1, 1]",0,1,-1,,0.5,2
8463,9c54dd58-8222-11f1-b0da-2389f409459f,31,"[1, 1]",1,1,-1,,0.5,2
8464,9c54dd58-8222-11f1-b0da-2389f409459f,32,"[1, 0]",0,1,1,,0.5,2
8465,9c54dd58-8222-11f1-b0da-2389f409459f,32,"[1, 0]",1,0,0,,0.5,2
8466,9c54dd58-8222-11f1-b0da-2389f409459f,33,"[1, 0]",0,1,1,,0.5,2
8467,9c54dd58-8222-11f1-b0da-2389f409459f,33,"[1, 0]",1,0,0,,0.5,2
8468,9c54dd58-8222-11f1-b0da-2389f409459f,34,"[1, 0]",0,1,1,,0.5,2
8469,9c54dd58-8222-11f1-b0da-2389f409459f,34,"[1, 0]",1,0,0,,0.5,2
8470,9c54dd58-8222-11f1-b0da-2389f409459f,35,"[1, 0]",0,1,1,,0.5,2
8471,9c54dd58-8222-11f1-b0da-2389f409459f,35,"[1, 0]",1,0,0,,0.5,2
8472,9c54dd58-8222-11f1-b0da-2389f409459f,36,"[1, 0]",0,1,1,,0.5,2
8473,9c54dd58-8222-11f1-b0da-2389f409459f,36,"[1, 0]",1,0,0,,0.5,2
8474,9c54dd58-8222-11f1-b0da-2389f409459f,37,"[0, 1]",0,0,0,,0.5,2
8475,9c54dd58-8222-11f1-b0da-2389f409459f,37,"[0, 1]",1,1,1,,0.5,2
8476,9c54dd58-8222-11f1-b0da-2389f409459f,38,"[1, 0]",0,1,1,,0.5,2
8477,9c54dd58-8222-11f1-b0da-2389f409459f,38,"[1, 0]",1,0,0,,0.5,2
8478,9c54dd58-8222-11f1-b0da-2389f409459f,39,"[1, 1]",0,1,-1,,0.5,2
8479,9c54dd58-8222-11f1-b0da-2389f409459f,39,"[1, 1]",1,1,-1,,0.5,2
8480,9c54dd58-8222-11f1-b0da-2389f409459f,40,"[1, 0]",0,1,1,,0.5,2
8481,9c54dd58-8222-11f1-b0da-2389f409459f,40,"[1, 0]",1,0,0,,0.5,2
8482,9c54dd58-8222-11f1-b0da-2389f409459f,41,"[0, 1]",0,0,0,,0.5,2
8483,9c54dd58-8222-11f1-b0da-2389f409459f,41,"[0, 1]",1,1,1,,0.5,2
8484,9c54dd58-8222-11f1-b0da-2389f409459f,42,"[1, 0]",0,1,1,,0.5,2
8485,9c54dd58-8222-11f1-b0da-2389f409459f,42,"[1, 0]",1,0,0,,0.5,2
8486,9c54dd58-8222-11f1-b0da-2389f409459f,43,"[1, 0]",0,1,1,,0.5,2
8487,9c54dd58-8222-11f1-b0da-2389f409459f,43,"[1, 0]",1,0,0,,0.5,2
8488,9c54dd58-8222-11f1-b0da-2389f409459f,44,"[1, 0]",0,1,1,,0.5,2
8489,9c54dd58-8222-11f1-b0da-2389f409459f,44,"[1, 0]",1,0,0,,0.5,2
8490,9c54dd58-8222-11f1-b0da-2389f409459f,45,"[0, 1]",0,0,0,,0.5,2
8491,9c54dd58-8222-11f1-b0da-2389f409459f,45,"[0, 1]",1,1,1,,0.5,2
8492,9c54dd58-8222-11f1-b0da-2389f409459f,46,"[1, 0]",0,1,1,,0.5,2
8493,9c54dd58-8222-11f1-b0da-2389f409459f,46,"[1, 0]",1,0,0,,0.5,2
8494,9c54dd58-8222-11f1-b0da-2389f409459f,47,"[0, 1]",0,0,0,,0.5,2
8495,9c54dd58-8222-11f1-b0da-2389f409459f,47,"[0, 1]",1,1,1,,0.5,2
8496,9c54dd58-8222-11f1-b0da-2389f409459f,48,"[1, 0]",0,1,1,,0.5,2
8497,9c54dd58-8222-11f1-b0da-2389f409459f,48,"[1, 0]",1,0,0,,0.5,2
8498,9c54dd58-8222-11f1-b0da-2389f409459f,49,"[0, 0]",0,0,0,,0.5,2
8499,9c54dd58-8222-11f1-b0da-2389f409459f,49,"[0, 0]",1,0,0,,0.5,2
8500,9c565552-8222-11f1-b0da-2389f409459f,0,"[1, 0]",0,1,1,,0.5,2
8501,9c565552-8222-11f1-b0da-2389f409459f,0,"[1, 0]",1,0,0,,0.5,2
8502,9c565552-8222-11f1-b0da-2389f409459f,1,"[1, 0]",0,1,1,,0.5,2
8503,9c565552-8222-11f1-b0da-2389f409459f,1,"[1, 0]",1,0,0,,0.5,2
8504,9c565552-8222-11f1-b0da-2389f409459f,2,"[0, 0]",0,0,0,,0.5,2
8505,9c565552-8222-11f1-b0da-2389f409459f,2,"[0, 0]",1,0,0,,0.5,2
8506,9c565552-8222-11f1-b0da-2389f409459f,3,"[1, 0]",0,1,1,,0.5,2
8507,9c565552-8222-11f1-b0da-2389f409459f,3,"[1, 0]",1,0,0,,0.5,2
8508,9c565552-8222-11f1-b0da-2389f409459f,4,"[0, 0]",0,0,0,,0.5,2
8509,9c565552-8222-11f1-b0da-2389f409459f,4,"[0, 0]",1,0,0,,0.5,2
8510,9c565552-8222-11f1-b0da-2389f409459f,5,"[0, 0]",0,0,0,,0.5,2
8511,9c565552-8222-11f1-b0da-2389f409459f,5,"[0, 0]",1,0,0,,0.5,2
8512,9c565552-8222-11f1-b0da-2389f409459f,6,"[1, 1]",0,1,-1,,0.5,2
8513,9c565552-8222-11f1-b0da-2389f409459f,6,"[1, 1]",1,1,-1,,0.5,2
8514,9c565552-8222-11f1-b0da-2389f409459f,7,"[1, 1]",0,1,-1,,0.5,2
8515,9c565552-8222-11f1-b0da-2389f409459f,7,"[1, 1]",1,1,-1,,0.5,2
8516,9c565552-8222-11f1-b0da-2389f409459f,8,"[0, 0]",0,0,0,,0.5,2
8517,9c565552-8222-11f1-b0da-2389f409459f,8,"[0, 0]",1,0,0,,0.5,2
8518,9c565552-8222-11f1-b0da-2389f409459f,9,"[0, 1]",0,0,0,,0.5,2
8519,9c565552-8222-11f1-b0da-2389f409459f,9,"[0, 1]",1,1,1,,0.5,2
8520,9c565552-8222-11f1-b0da-2389f409459f,10,"[1, 0]",0,1,1,,0.5,2
8521,9c565552-8222-11f1-b0da-2389f409459f,10,"[1, 0]",1,0,0,,0.5,2
8522,9c565552-8222-11f1-b0da-2389f409459f,11,"[0, 1]",0,0,0,,0.5,2
8523,9c565552-8222-11f1-b0da-2389f409459f,11,"[0, 1]",1,1,1,,0.5,2
8524,9c565552-8222-11f1-b0da-2389f409459f,12,"[1, 0]",0,1,1,,0.5,2
8525,9c565552-8222-11f1-b0da-2389f409459f,12,"[1, 0]",1,0,0,,0.5,2
8526,9c565552-8222-11f1-b0da-2389f409459f,13,"[0, 1]",0,0,0,,0.5,2
8527,9c565552-8222-11f1-b0da-2389f409459f,13,"[0, 1]",1,1,1,,0.5,2
8528,9c565552-8222-11f1-b0da-2389f409459f,14,"[1, 0]",0,1,1,,0.5,2
8529,9c565552-8222-11f1-b0da-2389f409459f,14,"[1, 0]",1,0,0,,0.5,2
8530,9c565552-8222-11f1-b0da-2389f409459f,15,"[0, 0]",0,0,0,,0.5,2
8531,9c565552-8222-11f1-b0da-2389f409459f,15,"[0, 0]",1,0,0,,0.5,2
8532,9c565552-8222-11f1-b0da-2389f409459f,16,"[0, 0]",0,0,0,,0.5,2
8533,9c565552-8222-11f1-b0da-2389f409459f,16,"[0, 0]",1,0,0,,0.5,2
8534,9c565552-8222-11f1-b0da-2389f409459f,17,"[0, 0]",0,0,0,,0.5,2
8535,9c565552-8222-11f1-b0da-2389f409459f,17,"[0, 0]",1,0,0,,0.5,2
8536,9c565552-8222-11f1-b0da-2389f409459f,18,"[1, 1]",0,1,-1,,0.5,2
8537,9c565552-8222-11f1-b0da-2389f409459f,18,"[1, 1]",1,1,-1,,0.5,2
8538,9c565552-8222-11f1-b0da-2389f409459f,19,"[1, 0]",0,1,1,,0.5,2
8539,9c565552-8222-11f1-b0da-2389f409459f,19,"[1, 0]",1,0,0,,0.5,2
8540,9c565552-8222-11f1-b0da-2389f409459f,20,"[0, 1]",0,0,0,,0.5,2
8541,9c565552-8222-11f1-b0da-2389f409459f,20,"[0, 1]",1,1,1,,0.5,2
8542,9c565552-8222-11f1-b0da-2389f409459f,21,"[1, 1]",0,1,-1,,0.5,2
8543,9c565552-8222-11f1-b0da-2389f409459f,21,"[1, 1]",1,1,-1,,0.5,2
8544,9c565552-8222-11f1-b0da-2389f409459f,22,"[1, 1]",0,1,-1,,0.5,2
8545,9c565552-8222-11f1-b0da-2389f409459f,22,"[1, 1]",1,1,-1,,0.5,2
8546,9c565552-8222-11f1-b0da-2389f409459f,23,"[1, 0]",0,1,1,,0.5,2
8547,9c565552-8222-11f1-b0da-2389f409459f,23,"[1, 0]",1,0,0,,0.5,2
8548,9c565552-8222-11f1-b0da-2389f409459f,24,"[0, 1]",0,0,0,,0.5,2
8549,9c565552-8222-11f1-b0da-2389f409459f,24,"[0, 1]",1,1,1,,0.5,2
8550,9c565552-8222-11f1-b0da-2389f409459f,25,"[1, 0]",0,1,1,,0.5,2
8551,9c565552-8222-11f1-b0da-2389f409459f,25,"[1, 0]",1,0,0,,0.5,2
8552,9c565552-8222-11f1-b0da-2389f409459f,26,"[0, 1]",0,0,0,,0.5,2
8553,9c565552-8222-11f1-b0da-2389f409459f,26,"[0, 1]",1,1,1,,0.5,2
8554,9c565552-8222-11f1-b0da-2389f409459f,27,"[1, 0]",0,1,1,,0.5,2
8555,9c565552-8222-11f1-b0da-2389f409459f,27,"[1, 0]",1,0,0,,0.5,2
8556,9c565552-8222-11f1-b0da-2389f409459f,28,"[0, 1]",0,0,0,,0.5,2
8557,9c565552-8222-11f1-b0da-2389f409459f,28,"[0, 1]",1,1,1,,0.5,2
8558,9c565552-8222-11f1-b0da-2389f409459f,29,"[1, 0]",0,1,1,,0.5,2
8559,9c565552-8222-11f1-b0da-2389f409459f,29,"[1, 0]",1,0,0,,0.5,2
8560,9c565552-8222-11f1-b0da-2389f409459f,30,"[0, 0]",0,0,0,,0.5,2
8561,9c565552-8222-11f1-b0da-2389f409459f,30,"[0, 0]",1,0,0,,0.5,2
8562,9c565552-8222-11f1-b0da-2389f409459f,31,"[0, 1]",0,0,0,,0.5,2
8563,9c565552-8222-11f1-b0da-2389f409459f,31,"[0, 1]",1,1,1,,0.5,2
8564,9c565552-8222-11f1-b0da-2389f409459f,32,"[1, 0]",0,1,1,,0.5,2
8565,9c565552-8222-11f1-b0da-2389f409459f,32,"[1, 0]",1,0,0,,0.5,2
8566,9c565552-8222-11f1-b0da-2389f409459f,33,"[0, 0]",0,0,0,,0.5,2
8567,9c565552-8222-11f1-b0da-2389f409459f,33,"[0, 0]",1,0,0,,0.5,2
8568,9c565552-8222-11f1-b0da-2389f409459f,34,"[0, 1]",0,0,0,,0.5,2
8569,9c565552-8222-11f1-b0da-2389f409459f,34,"[0, 1]",1,1,1,,0.5,2
8570,9c565552-8222-11f1-b0da-2389f409459f,35,"[1, 0]",0,1,1,,0.5,2
8571,9c565552-8222-11f1-b0da-2389f409459f,35,"[1, 0]",1,0,0,,0.5,2
8572,9c565552-8222-11f1-b0da-2389f409459f,36,"[0, 1]",0,0,0,,0.5,2
8573,9c565552-8222-11f1-b0da-2389f409459f,36,"[0, 1]",1,1,1,,0.5,2
8574,9c565552-8222-11f1-b0da-2389f409459f,37,"[1, 1]",0,1,-1,,0.5,2
8575,9c565552-8222-11f1-b0da-2389f409459f,37,"[1, 1]",1,1,-1,,0.5,2
8576,9c565552-8222-11f1-b0da-2389f409459f,38,"[1, 1]",0,1,-1,,0.5,2
8577,9c565552-8222-11f1-b0da-2389f409459f,38,"[1, 1]",1,1,-1,,0.5,2
8578,9c565552-8222-11f1-b0da-2389f409459f,39,"[1, 0]",0,1,1,,0.5,2
8579,9c565552-8222-11f1-b0da-2389f409459f,39,"[1, 0]",1,0,0,,0.5,2
8580,9c565552-8222-11f1-b0da-2389f409459f,40,"[0, 1]",0,0,0,,0.5,2
8581,9c565552-8222-11f1-b0da-2389f409459f,40,"[0, 1]",1,1,1,,0.5,2
8582,9c565552-8222-11f1-b0da-2389f409459f,41,"[1, 0]",0,1,1,,0.5,2
8583,9c565552-8222-11f1-b0da-2389f409459f,41,"[1, 0]",1,0,0,,0.5,2
8584,9c565552-8222-11f1-b0da-2389f409459f,42,"[0, 0]",0,0,0,,0.5,2
8585,9c565552-8222-11f1-b0da-2389f409459f,42,"[0, 0]",1,0,0,,0.5,2
8586,9c565552-8222-11f1-b0da-2389f409459f,43,"[0, 1]",0,0,0,,0.5,2
8587,9c565552-8222-11f1-b0da-2389f409459f,43,"[0, 1]",1,1,1,,0.5,2
8588,9c565552-8222-11f1-b0da-2389f409459f,44,"[1, 1]",0,1,-1,,0.5,2
8589,9c565552-8222-11f1-b0da-2389f409459f,44,"[1, 1]",1,1,-1,,0.5,2
8590,9c565552-8222-11f1-b0da-2389f409459f,45,"[1, 1]",0,1,-1,,0.5,2
8591,9c565552-8222-11f1-b0da-2389f409459f,45,"[1, 1]",1,1,-1,,0.5,2
8592,9c565552-8222-11f1-b0da-2389f409459f,46,"[0, 1]",0,0,0,,0.5,2
8593,9c565552-8222-11f1-b0da-2389f409459f,46,"[0, 1]",1,1,1,,0.5,2
8594,9c565552-8222-11f1-b0da-2389f409459f,47,"[1, 1]",0,1,-1,,0.5,2
8595,9c565552-8222-11f1-b0da-2389f409459f,47,"[1, 1]",1,1,-1,,0.5,2
8596,9c565552-8222-11f1-b0da-2389f409459f,48,"[0, 0]",0,0,0,,0.5,2
8597,9c565552-8222-11f1-b0da-2389f409459f,48,"[0, 0]",1,0,0,,0.5,2
8598,9c565552-8222-11f1-b0da-2389f409459f,49,"[0, 1]",0,0,0,,0.5,2
8599,9c565552-8222-11f1-b0da-2389f409459f,49,"[0, 1]",1,1,1,,0.5,2
8600,9c57e106-8222-11f1-b0da-2389f409459f,0,"[0, 0]",0,0,0,,0.5,2
8601,9c57e106-8222-11f1-b0da-2389f409459f,0,"[0, 0]",1,0,0,,0.5,2
8602,9c57e106-8222-11f1-b0da-2389f409459f,1,"[1, 1]",0,1,-1,,0.5,2
8603,9c57e106-8222-11f1-b0da-2389f409459f,1,"[1, 1]",1,1,-1,,0.5,2
8604,9c57e106-8222-11f1-b0da-2389f409459f,2,"[0, 1]",0,0,0,,0.5,2
8605,9c57e106-8222-11f1-b0da-2389f409459f,2,"[0, 1]",1,1,1,,0.5,2
8606,9c57e106-8222-11f1-b0da-2389f409459f,3,"[0, 1]",0,0,0,,0.5,2
8607,9c57e106-8222-11f1-b0da-2389f409459f,3,"[0, 1]",1,1,1,,0.5,2
8608,9c57e106-8222-11f1-b0da-2389f409459f,4,"[1, 0]",0,1,1,,0.5,2
8609,9c57e106-8222-11f1-b0da-2389f409459f,4,"[1, 0]",1,0,0,,0.5,2
8610,9c57e106-8222-11f1-b0da-2389f409459f,5,"[1, 1]",0,1,-1,,0.5,2
8611,9c57e106-8222-11f1-b0da-2389f409459f,5,"[1, 1]",1,1,-1,,0.5,2
8612,9c57e106-8222-11f1-b0da-2389f409459f,6,"[1, 1]",0,1,-1,,0.5,2
8613,9c57e106-8222-11f1-b0da-2389f409459f,6,"[1, 1]",1,1,-1,,0.5,2
8614,9c57e106-8222-11f1-b0da-2389f409459f,7,"[0, 1]",0,0,0,,0.5,2
8615,9c57e106-8222-11f1-b0da-2389f409459f,7,"[0, 1]",1,1,1,,0.5,2
8616,9c57e106-8222-11f1-b0da-2389f409459f,8,"[0, 0]",0,0,0,,0.5,2
8617,9c57e106-8222-11f1-b0da-2389f409459f,8,"[0, 0]",1,0,0,,0.5,2
8618,9c57e106-8222-11f1-b0da-2389f409459f,9,"[1, 1]",0,1,-1,,0.5,2
8619,9c57e106-8222-11f1-b0da-2389f409459f,9,"[1, 1]",1,1,-1,,0.5,2
8620,9c57e106-8222-11f1-b0da-2389f409459f,10,"[1, 0]",0,1,1,,0.5,2
8621,9c57e106-8222-11f1-b0da-2389f409459f,10,"[1, 0]",1,0,0,,0.5,2
8622,9c57e106-8222-11f1-b0da-2389f409459f,11,"[0, 0]",0,0,0,,0.5,2
8623,9c57e106-8222-11f1-b0da-2389f409459f,11,"[0, 0]",1,0,0,,0.5,2
8624,9c57e106-8222-11f1-b0da-2389f409459f,12,"[1, 0]",0,1,1,,0.5,2
8625,9c57e106-8222-11f1-b0da-2389f409459f,12,"[1, 0]",1,0,0,,0.5,2
8626,9c57e106-8222-11f1-b0da-2389f409459f,13,"[0, 1]",0,0,0,,0.5,2
8627,9c57e106-8222-11f1-b0da-2389f409459f,13,"[0, 1]",1,1,1,,0.5,2
8628,9c57e106-8222-11f1-b0da-2389f409459f,14,"[1, 0]",0,1,1,,0.5,2
8629,9c57e106-8222-11f1-b0da-2389f409459f,14,"[1, 0]",1,0,0,,0.5,2
8630,9c57e106-8222-11f1-b0da-2389f409459f,15,"[0, 1]",0,0,0,,0.5,2
8631,9c57e106-8222-11f1-b0da-2389f409459f,15,"[0, 1]",1,1,1,,0.5,2
8632,9c57e106-8222-11f1-b0da-2389f409459f,16,"[1, 0]",0,1,1,,0.5,2
8633,9c57e106-8222-11f1-b0da-2389f409459f,16,"[1, 0]",1,0,0,,0.5,2
8634,9c57e106-8222-11f1-b0da-2389f409459f,17,"[0, 0]",0,0,0,,0.5,2
8635,9c57e106-8222-11f1-b0da-2389f409459f,17,"[0, 0]",1,0,0,,0.5,2
8636,9c57e106-8222-11f1-b0da-2389f409459f,18,"[1, 0]",0,1,1,,0.5,2
8637,9c57e106-8222-11f1-b0da-2389f409459f,18,"[1, 0]",1,0,0,,0.5,2
8638,9c57e106-8222-11f1-b0da-2389f409459f,19,"[0, 1]",0,0,0,,0.5,2
8639,9c57e106-8222-11f1-b0da-2389f409459f,19,"[0, 1]",1,1,1,,0.5,2
8640,9c57e106-8222-11f1-b0da-2389f409459f,20,"[1, 0]",0,1,1,,0.5,2
8641,9c57e106-8222-11f1-b0da-2389f409459f,20,"[1, 0]",1,0,0,,0.5,2
8642,9c57e106-8222-11f1-b0da-2389f409459f,21,"[0, 0]",0,0,0,,0.5,2
8643,9c57e106-8222-11f1-b0da-2389f409459f,21,"[0, 0]",1,0,0,,0.5,2
8644,9c57e106-8222-11f1-b0da-2389f409459f,22,"[1, 1]",0,1,-1,,0.5,2
8645,9c57e106-8222-11f1-b0da-2389f409459f,22,"[1, 1]",1,1,-1,,0.5,2
8646,9c57e106-8222-11f1-b0da-2389f409459f,23,"[1, 1]",0,1,-1,,0.5,2
8647,9c57e106-8222-11f1-b0da-2389f409459f,23,"[1, 1]",1,1,-1,,0.5,2
8648,9c57e106-8222-11f1-b0da-2389f409459f,24,"[0, 1]",0,0,0,,0.5,2
8649,9c57e106-8222-11f1-b0da-2389f409459f,24,"[0, 1]",1,1,1,,0.5,2
8650,9c57e106-8222-11f1-b0da-2389f409459f,25,"[0, 0]",0,0,0,,0.5,2
8651,9c57e106-8222-11f1-b0da-2389f409459f,25,"[0, 0]",1,0,0,,0.5,2
8652,9c57e106-8222-11f1-b0da-2389f409459f,26,"[1, 0]",0,1,1,,0.5,2
8653,9c57e106-8222-11f1-b0da-2389f409459f,26,"[1, 0]",1,0,0,,0.5,2
8654,9c57e106-8222-11f1-b0da-2389f409459f,27,"[0, 1]",0,0,0,,0.5,2
8655,9c57e106-8222-11f1-b0da-2389f409459f,27,"[0, 1]",1,1,1,,0.5,2
8656,9c57e106-8222-11f1-b0da-2389f409459f,28,"[1, 0]",0,1,1,,0.5,2
8657,9c57e106-8222-11f1-b0da-2389f409459f,28,"[1, 0]",1,0,0,,0.5,2
8658,9c57e106-8222-11f1-b0da-2389f409459f,29,"[1, 0]",0,1,1,,0.5,2
8659,9c57e106-8222-11f1-b0da-2389f409459f,29,"[1, 0]",1,0,0,,0.5,2
8660,9c57e106-8222-11f1-b0da-2389f409459f,30,"[0, 1]",0,0,0,,0.5,2
8661,9c57e106-8222-11f1-b0da-2389f409459f,30,"[0, 1]",1,1,1,,0.5,2
8662,9c57e106-8222-11f1-b0da-2389f409459f,31,"[0, 0]",0,0,0,,0.5,2
8663,9c57e106-8222-11f1-b0da-2389f409459f,31,"[0, 0]",1,0,0,,0.5,2
8664,9c57e106-8222-11f1-b0da-2389f409459f,32,"[1, 1]",0,1,-1,,0.5,2
8665,9c57e106-8222-11f1-b0da-2389f409459f,32,"[1, 1]",1,1,-1,,0.5,2
8666,9c57e106-8222-11f1-b0da-2389f409459f,33,"[1, 1]",0,1,-1,,0.5,2
8667,9c57e106-8222-11f1-b0da-2389f409459f,33,"[1, 1]",1,1,-1,,0.5,2
8668,9c57e106-8222-11f1-b0da-2389f409459f,34,"[0, 1]",0,0,0,,0.5,2
8669,9c57e106-8222-11f1-b0da-2389f409459f,34,"[0, 1]",1,1,1,,0.5,2
8670,9c57e106-8222-11f1-b0da-2389f409459f,35,"[0, 0]",0,0,0,,0.5,2
8671,9c57e106-8222-11f1-b0da-2389f409459f,35,"[0, 0]",1,0,0,,0.5,2
8672,9c57e106-8222-11f1-b0da-2389f409459f,36,"[1, 0]",0,1,1,,0.5,2
8673,9c57e106-8222-11f1-b0da-2389f409459f,36,"[1, 0]",1,0,0,,0.5,2
8674,9c57e106-8222-11f1-b0da-2389f409459f,37,"[1, 1]",0,1,-1,,0.5,2
8675,9c57e106-8222-11f1-b0da-2389f409459f,37,"[1, 1]",1,1,-1,,0.5,2
8676,9c57e106-8222-11f1-b0da-2389f409459f,38,"[1, 1]",0,1,-1,,0.5,2
8677,9c57e106-8222-11f1-b0da-2389f409459f,38,"[1, 1]",1,1,-1,,0.5,2
8678,9c57e106-8222-11f1-b0da-2389f409459f,39,"[1, 1]",0,1,-1,,0.5,2
8679,9c57e106-8222-11f1-b0da-2389f409459f,39,"[1, 1]",1,1,-1,,0.5,2
8680,9c57e106-8222-11f1-b0da-2389f409459f,40,"[0, 1]",0,0,0,,0.5,2
8681,9c57e106-8222-11f1-b0da-2389f409459f,40,"[0, 1]",1,1,1,,0.5,2
8682,9c57e106-8222-11f1-b0da-2389f409459f,41,"[0, 1]",0,0,0,,0.5,2
8683,9c57e106-8222-11f1-b0da-2389f409459f,41,"[0, 1]",1,1,1,,0.5,2
8684,9c57e106-8222-11f1-b0da-2389f409459f,42,"[1, 0]",0,1,1,,0.5,2
8685,9c57e106-8222-11f1-b0da-2389f409459f,42,"[1, 0]",1,0,0,,0.5,2
8686,9c57e106-8222-11f1-b0da-2389f409459f,43,"[0, 1]",0,0,0,,0.5,2
8687,9c57e106-8222-11f1-b0da-2389f409459f,43,"[0, 1]",1,1,1,,0.5,2
8688,9c57e106-8222-11f1-b0da-2389f409459f,44,"[1, 0]",0,1,1,,0.5,2
8689,9c57e106-8222-11f1-b0da-2389f409459f,44,"[1, 0]",1,0,0,,0.5,2
8690,9c57e106-8222-11f1-b0da-2389f409459f,45,"[0, 0]",0,0,0,,0.5,2
8691,9c57e106-8222-11f1-b0da-2389f409459f,45,"[0, 0]",1,0,0,,0.5,2
8692,9c57e106-8222-11f1-b0da-2389f409459f,46,"[1, 1]",0,1,-1,,0.5,2
8693,9c57e106-8222-11f1-b0da-2389f409459f,46,"[1, 1]",1,1,-1,,0.5,2
8694,9c57e106-8222-11f1-b0da-2389f409459f,47,"[0, 1]",0,0,0,,0.5,2
8695,9c57e106-8222-11f1-b0da-2389f409459f,47,"[0, 1]",1,1,1,,0.5,2
8696,9c57e106-8222-11f1-b0da-2389f409459f,48,"[1, 0]",0,1,1,,0.5,2
8697,9c57e106-8222-11f1-b0da-2389f409459f,48,"[1, 0]",1,0,0,,0.5,2
8698,9c57e106-8222-11f1-b0da-2389f409459f,49,"[0, 1]",0,0,0,,0.5,2
8699,9c57e106-8222-11f1-b0da-2389f409459f,49,"[0, 1]",1,1,1,,0.5,2
8700,9c59610c-8222-11f1-b0da-2389f409459f,0,"[0, 0]",0,0,0,,0.5,2
8701,9c59610c-8222-11f1-b0da-2389f409459f,0,"[0, 0]",1,0,0,,0.5,2
8702,9c59610c-8222-11f1-b0da-2389f409459f,1,"[0, 0]",0,0,0,,0.5,2
8703,9c59610c-8222-11f1-b0da-2389f409459f,1,"[0, 0]",1,0,0,,0.5,2
8704,9c59610c-8222-11f1-b0da-2389f409459f,2,"[1, 1]",0,1,-1,,0.5,2
8705,9c59610c-8222-11f1-b0da-2389f409459f,2,"[1, 1]",1,1,-1,,0.5,2
8706,9c59610c-8222-11f1-b0da-2389f409459f,3,"[1, 0]",0,1,1,,0.5,2
8707,9c59610c-8222-11f1-b0da-2389f409459f,3,"[1, 0]",1,0,0,,0.5,2
8708,9c59610c-8222-11f1-b0da-2389f409459f,4,"[0, 1]",0,0,0,,0.5,2
8709,9c59610c-8222-11f1-b0da-2389f409459f,4,"[0, 1]",1,1,1,,0.5,2
8710,9c59610c-8222-11f1-b0da-2389f409459f,5,"[0, 1]",0,0,0,,0.5,2
8711,9c59610c-8222-11f1-b0da-2389f409459f,5,"[0, 1]",1,1,1,,0.5,2
8712,9c59610c-8222-11f1-b0da-2389f409459f,6,"[0, 0]",0,0,0,,0.5,2
8713,9c59610c-8222-11f1-b0da-2389f409459f,6,"[0, 0]",1,0,0,,0.5,2
8714,9c59610c-8222-11f1-b0da-2389f409459f,7,"[0, 0]",0,0,0,,0.5,2
8715,9c59610c-8222-11f1-b0da-2389f409459f,7,"[0, 0]",1,0,0,,0.5,2
8716,9c59610c-8222-11f1-b0da-2389f409459f,8,"[0, 0]",0,0,0,,0.5,2
8717,9c59610c-8222-11f1-b0da-2389f409459f,8,"[0, 0]",1,0,0,,0.5,2
8718,9c59610c-8222-11f1-b0da-2389f409459f,9,"[1, 0]",0,1,1,,0.5,2
8719,9c59610c-8222-11f1-b0da-2389f409459f,9,"[1, 0]",1,0,0,,0.5,2
8720,9c59610c-8222-11f1-b0da-2389f409459f,10,"[1, 0]",0,1,1,,0.5,2
8721,9c59610c-8222-11f1-b0da-2389f409459f,10,"[1, 0]",1,0,0,,0.5,2
8722,9c59610c-8222-11f1-b0da-2389f409459f,11,"[0, 1]",0,0,0,,0.5,2
8723,9c59610c-8222-11f1-b0da-2389f409459f,11,"[0, 1]",1,1,1,,0.5,2
8724,9c59610c-8222-11f1-b0da-2389f409459f,12,"[0, 0]",0,0,0,,0.5,2
8725,9c59610c-8222-11f1-b0da-2389f409459f,12,"[0, 0]",1,0,0,,0.5,2
8726,9c59610c-8222-11f1-b0da-2389f409459f,13,"[1, 1]",0,1,-1,,0.5,2
8727,9c59610c-8222-11f1-b0da-2389f409459f,13,"[1, 1]",1,1,-1,,0.5,2
8728,9c59610c-8222-11f1-b0da-2389f409459f,14,"[0, 1]",0,0,0,,0.5,2
8729,9c59610c-8222-11f1-b0da-2389f409459f,14,"[0, 1]",1,1,1,,0.5,2
8730,9c59610c-8222-11f1-b0da-2389f409459f,15,"[1, 0]",0,1,1,,0.5,2
8731,9c59610c-8222-11f1-b0da-2389f409459f,15,"[1, 0]",1,0,0,,0.5,2
8732,9c59610c-8222-11f1-b0da-2389f409459f,16,"[0, 0]",0,0,0,,0.5,2
8733,9c59610c-8222-11f1-b0da-2389f409459f,16,"[0, 0]",1,0,0,,0.5,2
8734,9c59610c-8222-11f1-b0da-2389f409459f,17,"[0, 1]",0,0,0,,0.5,2
8735,9c59610c-8222-11f1-b0da-2389f409459f,17,"[0, 1]",1,1,1,,0.5,2
8736,9c59610c-8222-11f1-b0da-2389f409459f,18,"[1, 1]",0,1,-1,,0.5,2
8737,9c59610c-8222-11f1-b0da-2389f409459f,18,"[1, 1]",1,1,-1,,0.5,2
8738,9c59610c-8222-11f1-b0da-2389f409459f,19,"[1, 0]",0,1,1,,0.5,2
8739,9c59610c-8222-11f1-b0da-2389f409459f,19,"[1, 0]",1,0,0,,0.5,2
8740,9c59610c-8222-11f1-b0da-2389f409459f,20,"[1, 1]",0,1,-1,,0.5,2
8741,9c59610c-8222-11f1-b0da-2389f409459f,20,"[1, 1]",1,1,-1,,0.5,2
8742,9c59610c-8222-11f1-b0da-2389f409459f,21,"[1, 1]",0,1,-1,,0.5,2
8743,9c59610c-8222-11f1-b0da-2389f409459f,21,"[1, 1]",1,1,-1,,0.5,2
8744,9c59610c-8222-11f1-b0da-2389f409459f,22,"[1, 1]",0,1,-1,,0.5,2
8745,9c59610c-8222-11f1-b0da-2389f409459f,22,"[1, 1]",1,1,-1,,0.5,2
8746,9c59610c-8222-11f1-b0da-2389f409459f,23,"[1, 0]",0,1,1,,0.5,2
8747,9c59610c-8222-11f1-b0da-2389f409459f,23,"[1, 0]",1,0,0,,0.5,2
8748,9c59610c-8222-11f1-b0da-2389f409459f,24,"[0, 0]",0,0,0,,0.5,2
8749,9c59610c-8222-11f1-b0da-2389f409459f,24,"[0, 0]",1,0,0,,0.5,2
8750,9c59610c-8222-11f1-b0da-2389f409459f,25,"[0, 0]",0,0,0,,0.5,2
8751,9c59610c-8222-11f1-b0da-2389f409459f,25,"[0, 0]",1,0,0,,0.5,2
8752,9c59610c-8222-11f1-b0da-2389f409459f,26,"[1, 1]",0,1,-1,,0.5,2
8753,9c59610c-8222-11f1-b0da-2389f409459f,26,"[1, 1]",1,1,-1,,0.5,2
8754,9c59610c-8222-11f1-b0da-2389f409459f,27,"[1, 0]",0,1,1,,0.5,2
8755,9c59610c-8222-11f1-b0da-2389f409459f,27,"[1, 0]",1,0,0,,0.5,2
8756,9c59610c-8222-11f1-b0da-2389f409459f,28,"[1, 0]",0,1,1,,0.5,2
8757,9c59610c-8222-11f1-b0da-2389f409459f,28,"[1, 0]",1,0,0,,0.5,2
8758,9c59610c-8222-11f1-b0da-2389f409459f,29,"[1, 0]",0,1,1,,0.5,2
8759,9c59610c-8222-11f1-b0da-2389f409459f,29,"[1, 0]",1,0,0,,0.5,2
8760,9c59610c-8222-11f1-b0da-2389f409459f,30,"[0, 1]",0,0,0,,0.5,2
8761,9c59610c-8222-11f1-b0da-2389f409459f,30,"[0, 1]",1,1,1,,0.5,2
8762,9c59610c-8222-11f1-b0da-2389f409459f,31,"[1, 0]",0,1,1,,0.5,2
8763,9c59610c-8222-11f1-b0da-2389f409459f,31,"[1, 0]",1,0,0,,0.5,2
8764,9c59610c-8222-11f1-b0da-2389f409459f,32,"[1, 1]",0,1,-1,,0.5,2
8765,9c59610c-8222-11f1-b0da-2389f409459f,32,"[1, 1]",1,1,-1,,0.5,2
8766,9c59610c-8222-11f1-b0da-2389f409459f,33,"[0, 0]",0,0,0,,0.5,2
8767,9c59610c-8222-11f1-b0da-2389f409459f,33,"[0, 0]",1,0,0,,0.5,2
8768,9c59610c-8222-11f1-b0da-2389f409459f,34,"[0, 1]",0,0,0,,0.5,2
8769,9c59610c-8222-11f1-b0da-2389f409459f,34,"[0, 1]",1,1,1,,0.5,2
8770,9c59610c-8222-11f1-b0da-2389f409459f,35,"[1, 0]",0,1,1,,0.5,2
8771,9c59610c-8222-11f1-b0da-2389f409459f,35,"[1, 0]",1,0,0,,0.5,2
8772,9c59610c-8222-11f1-b0da-2389f409459f,36,"[1, 0]",0,1,1,,0.5,2
8773,9c59610c-8222-11f1-b0da-2389f409459f,36,"[1, 0]",1,0,0,,0.5,2
8774,9c59610c-8222-11f1-b0da-2389f409459f,37,"[1, 0]",0,1,1,,0.5,2
8775,9c59610c-8222-11f1-b0da-2389f409459f,37,"[1, 0]",1,0,0,,0.5,2
8776,9c59610c-8222-11f1-b0da-2389f409459f,38,"[1, 1]",0,1,-1,,0.5,2
8777,9c59610c-8222-11f1-b0da-2389f409459f,38,"[1, 1]",1,1,-1,,0.5,2
8778,9c59610c-8222-11f1-b0da-2389f409459f,39,"[1, 0]",0,1,1,,0.5,2
8779,9c59610c-8222-11f1-b0da-2389f409459f,39,"[1, 0]",1,0,0,,0.5,2
8780,9c59610c-8222-11f1-b0da-2389f409459f,40,"[1, 1]",0,1,-1,,0.5,2
8781,9c59610c-8222-11f1-b0da-2389f409459f,40,"[1, 1]",1,1,-1,,0.5,2
8782,9c59610c-8222-11f1-b0da-2389f409459f,41,"[0, 1]",0,0,0,,0.5,2
8783,9c59610c-8222-11f1-b0da-2389f409459f,41,"[0, 1]",1,1,1,,0.5,2
8784,9c59610c-8222-11f1-b0da-2389f409459f,42,"[1, 0]",0,1,1,,0.5,2
8785,9c59610c-8222-11f1-b0da-2389f409459f,42,"[1, 0]",1,0,0,,0.5,2
8786,9c59610c-8222-11f1-b0da-2389f409459f,43,"[0, 0]",0,0,0,,0.5,2
8787,9c59610c-8222-11f1-b0da-2389f409459f,43,"[0, 0]",1,0,0,,0.5,2
8788,9c59610c-8222-11f1-b0da-2389f409459f,44,"[0, 0]",0,0,0,,0.5,2
8789,9c59610c-8222-11f1-b0da-2389f409459f,44,"[0, 0]",1,0,0,,0.5,2
8790,9c59610c-8222-11f1-b0da-2389f409459f,45,"[0, 0]",0,0,0,,0.5,2
8791,9c59610c-8222-11f1-b0da-2389f409459f,45,"[0, 0]",1,0,0,,0.5,2
8792,9c59610c-8222-11f1-b0da-2389f409459f,46,"[0, 1]",0,0,0,,0.5,2
8793,9c59610c-8222-11f1-b0da-2389f409459f,46,"[0, 1]",1,1,1,,0.5,2
8794,9c59610c-8222-11f1-b0da-2389f409459f,47,"[1, 1]",0,1,-1,,0.5,2
8795,9c59610c-8222-11f1-b0da-2389f409459f,47,"[1, 1]",1,1,-1,,0.5,2
8796,9c59610c-8222-11f1-b0da-2389f409459f,48,"[1, 1]",0,1,-1,,0.5,2
8797,9c59610c-8222-11f1-b0da-2389f409459f,48,"[1, 1]",1,1,-1,,0.5,2
8798,9c59610c-8222-11f1-b0da-2389f409459f,49,"[0, 0]",0,0,0,,0.5,2
8799,9c59610c-8222-11f1-b0da-2389f409459f,49,"[0, 0]",1,0,0,,0.5,2
8800,9c5b38e2-8222-11f1-b0da-2389f409459f,0,"[1, 1]",0,1,-1,,0.5,2
8801,9c5b38e2-8222-11f1-b0da-2389f409459f,0,"[1, 1]",1,1,-1,,0.5,2
8802,9c5b38e2-8222-11f1-b0da-2389f409459f,1,"[0, 0]",0,0,0,,0.5,2
8803,9c5b38e2-8222-11f1-b0da-2389f409459f,1,"[0, 0]",1,0,0,,0.5,2
8804,9c5b38e2-8222-11f1-b0da-2389f409459f,2,"[1, 0]",0,1,1,,0.5,2
8805,9c5b38e2-8222-11f1-b0da-2389f409459f,2,"[1, 0]",1,0,0,,0.5,2
8806,9c5b38e2-8222-11f1-b0da-2389f409459f,3,"[0, 0]",0,0,0,,0.5,2
8807,9c5b38e2-8222-11f1-b0da-2389f409459f,3,"[0, 0]",1,0,0,,0.5,2
8808,9c5b38e2-8222-11f1-b0da-2389f409459f,4,"[0, 1]",0,0,0,,0.5,2
8809,9c5b38e2-8222-11f1-b0da-2389f409459f,4,"[0, 1]",1,1,1,,0.5,2
8810,9c5b38e2-8222-11f1-b0da-2389f409459f,5,"[1, 1]",0,1,-1,,0.5,2
8811,9c5b38e2-8222-11f1-b0da-2389f409459f,5,"[1, 1]",1,1,-1,,0.5,2
8812,9c5b38e2-8222-11f1-b0da-2389f409459f,6,"[1, 1]",0,1,-1,,0.5,2
8813,9c5b38e2-8222-11f1-b0da-2389f409459f,6,"[1, 1]",1,1,-1,,0.5,2
8814,9c5b38e2-8222-11f1-b0da-2389f409459f,7,"[0, 0]",0,0,0,,0.5,2
8815,9c5b38e2-8222-11f1-b0da-2389f409459f,7,"[0, 0]",1,0,0,,0.5,2
8816,9c5b38e2-8222-11f1-b0da-2389f409459f,8,"[0, 1]",0,0,0,,0.5,2
8817,9c5b38e2-8222-11f1-b0da-2389f409459f,8,"[0, 1]",1,1,1,,0.5,2
8818,9c5b38e2-8222-11f1-b0da-2389f409459f,9,"[0, 0]",0,0,0,,0.5,2
8819,9c5b38e2-8222-11f1-b0da-2389f409459f,9,"[0, 0]",1,0,0,,0.5,2
8820,9c5b38e2-8222-11f1-b0da-2389f409459f,10,"[0, 1]",0,0,0,,0.5,2
8821,9c5b38e2-8222-11f1-b0da-2389f409459f,10,"[0, 1]",1,1,1,,0.5,2
8822,9c5b38e2-8222-11f1-b0da-2389f409459f,11,"[0, 1]",0,0,0,,0.5,2
8823,9c5b38e2-8222-11f1-b0da-2389f409459f,11,"[0, 1]",1,1,1,,0.5,2
8824,9c5b38e2-8222-11f1-b0da-2389f409459f,12,"[0, 1]",0,0,0,,0.5,2
8825,9c5b38e2-8222-11f1-b0da-2389f409459f,12,"[0, 1]",1,1,1,,0.5,2
8826,9c5b38e2-8222-11f1-b0da-2389f409459f,13,"[1, 1]",0,1,-1,,0.5,2
8827,9c5b38e2-8222-11f1-b0da-2389f409459f,13,"[1, 1]",1,1,-1,,0.5,2
8828,9c5b38e2-8222-11f1-b0da-2389f409459f,14,"[0, 0]",0,0,0,,0.5,2
8829,9c5b38e2-8222-11f1-b0da-2389f409459f,14,"[0, 0]",1,0,0,,0.5,2
8830,9c5b38e2-8222-11f1-b0da-2389f409459f,15,"[1, 1]",0,1,-1,,0.5,2
8831,9c5b38e2-8222-11f1-b0da-2389f409459f,15,"[1, 1]",1,1,-1,,0.5,2
8832,9c5b38e2-8222-11f1-b0da-2389f409459f,16,"[0, 0]",0,0,0,,0.5,2
8833,9c5b38e2-8222-11f1-b0da-2389f409459f,16,"[0, 0]",1,0,0,,0.5,2
8834,9c5b38e2-8222-11f1-b0da-2389f409459f,17,"[0, 1]",0,0,0,,0.5,2
8835,9c5b38e2-8222-11f1-b0da-2389f409459f,17,"[0, 1]",1,1,1,,0.5,2
8836,9c5b38e2-8222-11f1-b0da-2389f409459f,18,"[0, 0]",0,0,0,,0.5,2
8837,9c5b38e2-8222-11f1-b0da-2389f409459f,18,"[0, 0]",1,0,0,,0.5,2
8838,9c5b38e2-8222-11f1-b0da-2389f409459f,19,"[1, 1]",0,1,-1,,0.5,2
8839,9c5b38e2-8222-11f1-b0da-2389f409459f,19,"[1, 1]",1,1,-1,,0.5,2
8840,9c5b38e2-8222-11f1-b0da-2389f409459f,20,"[0, 0]",0,0,0,,0.5,2
8841,9c5b38e2-8222-11f1-b0da-2389f409459f,20,"[0, 0]",1,0,0,,0.5,2
8842,9c5b38e2-8222-11f1-b0da-2389f409459f,21,"[1, 0]",0,1,1,,0.5,2
8843,9c5b38e2-8222-11f1-b0da-2389f409459f,21,"[1, 0]",1,0,0,,0.5,2
8844,9c5b38e2-8222-11f1-b0da-2389f409459f,22,"[0, 1]",0,0,0,,0.5,2
8845,9c5b38e2-8222-11f1-b0da-2389f409459f,22,"[0, 1]",1,1,1,,0.5,2
8846,9c5b38e2-8222-11f1-b0da-2389f409459f,23,"[0, 1]",0,0,0,,0.5,2
8847,9c5b38e2-8222-11f1-b0da-2389f409459f,23,"[0, 1]",1,1,1,,0.5,2
8848,9c5b38e2-8222-11f1-b0da-2389f409459f,24,"[1, 1]",0,1,-1,,0.5,2
8849,9c5b38e2-8222-11f1-b0da-2389f409459f,24,"[1, 1]",1,1,-1,,0.5,2
8850,9c5b38e2-8222-11f1-b0da-2389f409459f,25,"[0, 1]",0,0,0,,0.5,2
8851,9c5b38e2-8222-11f1-b0da-2389f409459f,25,"[0, 1]",1,1,1,,0.5,2
8852,9c5b38e2-8222-11f1-b0da-2389f409459f,26,"[1, 1]",0,1,-1,,0.5,2
8853,9c5b38e2-8222-11f1-b0da-2389f409459f,26,"[1, 1]",1,1,-1,,0.5,2
8854,9c5b38e2-8222-11f1-b0da-2389f409459f,27,"[0, 0]",0,0,0,,0.5,2
8855,9c5b38e2-8222-11f1-b0da-2389f409459f,27,"[0, 0]",1,0,0,,0.5,2
8856,9c5b38e2-8222-11f1-b0da-2389f409459f,28,"[0, 1]",0,0,0,,0.5,2
8857,9c5b38e2-8222-11f1-b0da-2389f409459f,28,"[0, 1]",1,1,1,,0.5,2
8858,9c5b38e2-8222-11f1-b0da-2389f409459f,29,"[0, 1]",0,0,0,,0.5,2
8859,9c5b38e2-8222-11f1-b0da-2389f409459f,29,"[0, 1]",1,1,1,,0.5,2
8860,9c5b38e2-8222-11f1-b0da-2389f409459f,30,"[0, 1]",0,0,0,,0.5,2
8861,9c5b38e2-8222-11f1-b0da-2389f409459f,30,"[0, 1]",1,1,1,,0.5,2
8862,9c5b38e2-8222-11f1-b0da-2389f409459f,31,"[0, 1]",0,0,0,,0.5,2
8863,9c5b38e2-8222-11f1-b0da-2389f409459f,31,"[0, 1]",1,1,1,,0.5,2
8864,9c5b38e2-8222-11f1-b0da-2389f409459f,32,"[1, 1]",0,1,-1,,0.5,2
8865,9c5b38e2-8222-11f1-b0da-2389f409459f,32,"[1, 1]",1,1,-1,,0.5,2
8866,9c5b38e2-8222-11f1-b0da-2389f409459f,33,"[0, 0]",0,0,0,,0.5,2
8867,9c5b38e2-8222-11f1-b0da-2389f409459f,33,"[0, 0]",1,0,0,,0.5,2
8868,9c5b38e2-8222-11f1-b0da-2389f409459f,34,"[0, 1]",0,0,0,,0.5,2
8869,9c5b38e2-8222-11f1-b0da-2389f409459f,34,"[0, 1]",1,1,1,,0.5,2
8870,9c5b38e2-8222-11f1-b0da-2389f409459f,35,"[0, 1]",0,0,0,,0.5,2
8871,9c5b38e2-8222-11f1-b0da-2389f409459f,35,"[0, 1]",1,1,1,,0.5,2
8872,9c5b38e2-8222-11f1-b0da-2389f409459f,36,"[1, 1]",0,1,-1,,0.5,2
8873,9c5b38e2-8222-11f1-b0da-2389f409459f,36,"[1, 1]",1,1,-1,,0.5,2
8874,9c5b38e2-8222-11f1-b0da-2389f409459f,37,"[0, 1]",0,0,0,,0.5,2
8875,9c5b38e2-8222-11f1-b0da-2389f409459f,37,"[0, 1]",1,1,1,,0.5,2
8876,9c5b38e2-8222-11f1-b0da-2389f409459f,38,"[0, 1]",0,0,0,,0.5,2
8877,9c5b38e2-8222-11f1-b0da-2389f409459f,38,"[0, 1]",1,1,1,,0.5,2
8878,9c5b38e2-8222-11f1-b0da-2389f409459f,39,"[0, 0]",0,0,0,,0.5,2
8879,9c5b38e2-8222-11f1-b0da-2389f409459f,39,"[0, 0]",1,0,0,,0.5,2
8880,9c5b38e2-8222-11f1-b0da-2389f409459f,40,"[0, 1]",0,0,0,,0.5,2
8881,9c5b38e2-8222-11f1-b0da-2389f409459f,40,"[0, 1]",1,1,1,,0.5,2
8882,9c5b38e2-8222-11f1-b0da-2389f409459f,41,"[0, 0]",0,0,0,,0.5,2
8883,9c5b38e2-8222-11f1-b0da-2389f409459f,41,"[0, 0]",1,0,0,,0.5,2
8884,9c5b38e2-8222-11f1-b0da-2389f409459f,42,"[1, 1]",0,1,-1,,0.5,2
8885,9c5b38e2-8222-11f1-b0da-2389f409459f,42,"[1, 1]",1,1,-1,,0.5,2
8886,9c5b38e2-8222-11f1-b0da-2389f409459f,43,"[0, 0]",0,0,0,,0.5,2
8887,9c5b38e2-8222-11f1-b0da-2389f409459f,43,"[0, 0]",1,0,0,,0.5,2
8888,9c5b38e2-8222-11f1-b0da-2389f409459f,44,"[0, 1]",0,0,0,,0.5,2
8889,9c5b38e2-8222-11f1-b0da-2389f409459f,44,"[0, 1]",1,1,1,,0.5,2
8890,9c5b38e2-8222-11f1-b0da-2389f409459f,45,"[0, 1]",0,0,0,,0.5,2
8891,9c5b38e2-8222-11f1-b0da-2389f409459f,45,"[0, 1]",1,1,1,,0.5,2
8892,9c5b38e2-8222-11f1-b0da-2389f409459f,46,"[0, 1]",0,0,0,,0.5,2
8893,9c5b38e2-8222-11f1-b0da-2389f409459f,46,"[0, 1]",1,1,1,,0.5,2
8894,9c5b38e2-8222-11f1-b0da-2389f409459f,47,"[1, 1]",0,1,-1,,0.5,2
8895,9c5b38e2-8222-11f1-b0da-2389f409459f,47,"[1, 1]",1,1,-1,,0.5,2
8896,9c5b38e2-8222-11f1-b0da-2389f409459f,48,"[0, 0]",0,0,0,,0.5,2
8897,9c5b38e2-8222-11f1-b0da-2389f409459f,48,"[0, 0]",1,0,0,,0.5,2
8898,9c5b38e2-8222-11f1-b0da-2389f409459f,49,"[0, 1]",0,0,0,,0.5,2
8899,9c5b38e2-8222-11f1-b0da-2389f409459f,49,"[0, 1]",1,1,1,,0.5,2
8900,9c5ca9de-8222-11f1-b0da-2389f409459f,0,"[0, 1]",0,0,0,,0.5,2
8901,9c5ca9de-8222-11f1-b0da-2389f409459f,0,"[0, 1]",1,1,1,,0.5,2
8902,9c5ca9de-8222-11f1-b0da-2389f409459f,1,"[0, 1]",0,0,0,,0.5,2
8903,9c5ca9de-8222-11f1-b0da-2389f409459f,1,"[0, 1]",1,1,1,,0.5,2
8904,9c5ca9de-8222-11f1-b0da-2389f409459f,2,"[0, 0]",0,0,0,,0.5,2
8905,9c5ca9de-8222-11f1-b0da-2389f409459f,2,"[0, 0]",1,0,0,,0.5,2
8906,9c5ca9de-8222-11f1-b0da-2389f409459f,3,"[0, 1]",0,0,0,,0.5,2
8907,9c5ca9de-8222-11f1-b0da-2389f409459f,3,"[0, 1]",1,1,1,,0.5,2
8908,9c5ca9de-8222-11f1-b0da-2389f409459f,4,"[1, 1]",0,1,-1,,0.5,2
8909,9c5ca9de-8222-11f1-b0da-2389f409459f,4,"[1, 1]",1,1,-1,,0.5,2
8910,9c5ca9de-8222-11f1-b0da-2389f409459f,5,"[1, 1]",0,1,-1,,0.5,2
8911,9c5ca9de-8222-11f1-b0da-2389f409459f,5,"[1, 1]",1,1,-1,,0.5,2
8912,9c5ca9de-8222-11f1-b0da-2389f409459f,6,"[0, 0]",0,0,0,,0.5,2
8913,9c5ca9de-8222-11f1-b0da-2389f409459f,6,"[0, 0]",1,0,0,,0.5,2
8914,9c5ca9de-8222-11f1-b0da-2389f409459f,7,"[1, 1]",0,1,-1,,0.5,2
8915,9c5ca9de-8222-11f1-b0da-2389f409459f,7,"[1, 1]",1,1,-1,,0.5,2
8916,9c5ca9de-8222-11f1-b0da-2389f409459f,8,"[1, 0]",0,1,1,,0.5,2
8917,9c5ca9de-8222-11f1-b0da-2389f409459f,8,"[1, 0]",1,0,0,,0.5,2
8918,9c5ca9de-8222-11f1-b0da-2389f409459f,9,"[0, 1]",0,0,0,,0.5,2
8919,9c5ca9de-8222-11f1-b0da-2389f409459f,9,"[0, 1]",1,1,1,,0.5,2
8920,9c5ca9de-8222-11f1-b0da-2389f409459f,10,"[1, 1]",0,1,-1,,0.5,2
8921,9c5ca9de-8222-11f1-b0da-2389f409459f,10,"[1, 1]",1,1,-1,,0.5,2
8922,9c5ca9de-8222-11f1-b0da-2389f409459f,11,"[0, 1]",0,0,0,,0.5,2
8923,9c5ca9de-8222-11f1-b0da-2389f409459f,11,"[0, 1]",1,1,1,,0.5,2
8924,9c5ca9de-8222-11f1-b0da-2389f409459f,12,"[0, 0]",0,0,0,,0.5,2
8925,9c5ca9de-8222-11f1-b0da-2389f409459f,12,"[0, 0]",1,0,0,,0.5,2
8926,9c5ca9de-8222-11f1-b0da-2389f409459f,13,"[0, 0]",0,0,0,,0.5,2
8927,9c5ca9de-8222-11f1-b0da-2389f409459f,13,"[0, 0]",1,0,0,,0.5,2
8928,9c5ca9de-8222-11f1-b0da-2389f409459f,14,"[1, 1]",0,1,-1,,0.5,2
8929,9c5ca9de-8222-11f1-b0da-2389f409459f,14,"[1, 1]",1,1,-1,,0.5,2
8930,9c5ca9de-8222-11f1-b0da-2389f409459f,15,"[0, 1]",0,0,0,,0.5,2
8931,9c5ca9de-8222-11f1-b0da-2389f409459f,15,"[0, 1]",1,1,1,,0.5,2
8932,9c5ca9de-8222-11f1-b0da-2389f409459f,16,"[0, 1]",0,0,0,,0.5,2
8933,9c5ca9de-8222-11f1-b0da-2389f409459f,16,"[0, 1]",1,1,1,,0.5,2
8934,9c5ca9de-8222-11f1-b0da-2389f409459f,17,"[0, 1]",0,0,0,,0.5,2
8935,9c5ca9de-8222-11f1-b0da-2389f409459f,17,"[0, 1]",1,1,1,,0.5,2
8936,9c5ca9de-8222-11f1-b0da-2389f409459f,18,"[1, 0]",0,1,1,,0.5,2
8937,9c5ca9de-8222-11f1-b0da-2389f409459f,18,"[1, 0]",1,0,0,,0.5,2
8938,9c5ca9de-8222-11f1-b0da-2389f409459f,19,"[1, 1]",0,1,-1,,0.5,2
8939,9c5ca9de-8222-11f1-b0da-2389f409459f,19,"[1, 1]",1,1,-1,,0.5,2
8940,9c5ca9de-8222-11f1-b0da-2389f409459f,20,"[1, 0]",0,1,1,,0.5,2
8941,9c5ca9de-8222-11f1-b0da-2389f409459f,20,"[1, 0]",1,0,0,,0.5,2
8942,9c5ca9de-8222-11f1-b0da-2389f409459f,21,"[0, 1]",0,0,0,,0.5,2
8943,9c5ca9de-8222-11f1-b0da-2389f409459f,21,"[0, 1]",1,1,1,,0.5,2
8944,9c5ca9de-8222-11f1-b0da-2389f409459f,22,"[0, 0]",0,0,0,,0.5,2
8945,9c5ca9de-8222-11f1-b0da-2389f409459f,22,"[0, 0]",1,0,0,,0.5,2
8946,9c5ca9de-8222-11f1-b0da-2389f409459f,23,"[1, 1]",0,1,-1,,0.5,2
8947,9c5ca9de-8222-11f1-b0da-2389f409459f,23,"[1, 1]",1,1,-1,,0.5,2
8948,9c5ca9de-8222-11f1-b0da-2389f409459f,24,"[1, 1]",0,1,-1,,0.5,2
8949,9c5ca9de-8222-11f1-b0da-2389f409459f,24,"[1, 1]",1,1,-1,,0.5,2
8950,9c5ca9de-8222-11f1-b0da-2389f409459f,25,"[1, 1]",0,1,-1,,0.5,2
8951,9c5ca9de-8222-11f1-b0da-2389f409459f,25,"[1, 1]",1,1,-1,,0.5,2
8952,9c5ca9de-8222-11f1-b0da-2389f409459f,26,"[1, 1]",0,1,-1,,0.5,2
8953,9c5ca9de-8222-11f1-b0da-2389f409459f,26,"[1, 1]",1,1,-1,,0.5,2
8954,9c5ca9de-8222-11f1-b0da-2389f409459f,27,"[0, 0]",0,0,0,,0.5,2
8955,9c5ca9de-8222-11f1-b0da-2389f409459f,27,"[0, 0]",1,0,0,,0.5,2
8956,9c5ca9de-8222-11f1-b0da-2389f409459f,28,"[0, 1]",0,0,0,,0.5,2
8957,9c5ca9de-8222-11f1-b0da-2389f409459f,28,"[0, 1]",1,1,1,,0.5,2
8958,9c5ca9de-8222-11f1-b0da-2389f409459f,29,"[0, 0]",0,0,0,,0.5,2
8959,9c5ca9de-8222-11f1-b0da-2389f409459f,29,"[0, 0]",1,0,0,,0.5,2
8960,9c5ca9de-8222-11f1-b0da-2389f409459f,30,"[0, 1]",0,0,0,,0.5,2
8961,9c5ca9de-8222-11f1-b0da-2389f409459f,30,"[0, 1]",1,1,1,,0.5,2
8962,9c5ca9de-8222-11f1-b0da-2389f409459f,31,"[0, 0]",0,0,0,,0.5,2
8963,9c5ca9de-8222-11f1-b0da-2389f409459f,31,"[0, 0]",1,0,0,,0.5,2
8964,9c5ca9de-8222-11f1-b0da-2389f409459f,32,"[0, 0]",0,0,0,,0.5,2
8965,9c5ca9de-8222-11f1-b0da-2389f409459f,32,"[0, 0]",1,0,0,,0.5,2
8966,9c5ca9de-8222-11f1-b0da-2389f409459f,33,"[0, 1]",0,0,0,,0.5,2
8967,9c5ca9de-8222-11f1-b0da-2389f409459f,33,"[0, 1]",1,1,1,,0.5,2
8968,9c5ca9de-8222-11f1-b0da-2389f409459f,34,"[0, 1]",0,0,0,,0.5,2
8969,9c5ca9de-8222-11f1-b0da-2389f409459f,34,"[0, 1]",1,1,1,,0.5,2
8970,9c5ca9de-8222-11f1-b0da-2389f409459f,35,"[0, 0]",0,0,0,,0.5,2
8971,9c5ca9de-8222-11f1-b0da-2389f409459f,35,"[0, 0]",1,0,0,,0.5,2
8972,9c5ca9de-8222-11f1-b0da-2389f409459f,36,"[0, 1]",0,0,0,,0.5,2
8973,9c5ca9de-8222-11f1-b0da-2389f409459f,36,"[0, 1]",1,1,1,,0.5,2
8974,9c5ca9de-8222-11f1-b0da-2389f409459f,37,"[0, 1]",0,0,0,,0.5,2
8975,9c5ca9de-8222-11f1-b0da-2389f409459f,37,"[0, 1]",1,1,1,,0.5,2
8976,9c5ca9de-8222-11f1-b0da-2389f409459f,38,"[0, 1]",0,0,0,,0.5,2
8977,9c5ca9de-8222-11f1-b0da-2389f409459f,38,"[0, 1]",1,1,1,,0.5,2
8978,9c5ca9de-8222-11f1-b0da-2389f409459f,39,"[0, 1]",0,0,0,,0.5,2
8979,9c5ca9de-8222-11f1-b0da-2389f409459f,39,"[0, 1]",1,1,1,,0.5,2
8980,9c5ca9de-8222-11f1-b0da-2389f409459f,40,"[0, 0]",0,0,0,,0.5,2
8981,9c5ca9de-8222-11f1-b0da-2389f409459f,40,"[0, 0]",1,0,0,,0.5,2
8982,9c5ca9de-8222-11f1-b0da-2389f409459f,41,"[0, 1]",0,0,0,,0.5,2
8983,9c5ca9de-8222-11f1-b0da-2389f409459f,41,"[0, 1]",1,1,1,,0.5,2
8984,9c5ca9de-8222-11f1-b0da-2389f409459f,42,"[1, 0]",0,1,1,,0.5,2
8985,9c5ca9de-8222-11f1-b0da-2389f409459f,42,"[1, 0]",1,0,0,,0.5,2
8986,9c5ca9de-8222-11f1-b0da-2389f409459f,43,"[0, 0]",0,0,0,,0.5,2
8987,9c5ca9de-8222-11f1-b0da-2389f409459f,43,"[0, 0]",1,0,0,,0.5,2
8988,9c5ca9de-8222-11f1-b0da-2389f409459f,44,"[0, 1]",0,0,0,,0.5,2
8989,9c5ca9de-8222-11f1-b0da-2389f409459f,44,"[0, 1]",1,1,1,,0.5,2
8990,9c5ca9de-8222-11f1-b0da-2389f409459f,45,"[1, 0]",0,1,1,,0.5,2
8991,9c5ca9de-8222-11f1-b0da-2389f409459f,45,"[1, 0]",1,0,0,,0.5,2
8992,9c5ca9de-8222-11f1-b0da-2389f409459f,46,"[0, 1]",0,0,0,,0.5,2
8993,9c5ca9de-8222-11f1-b0da-2389f409459f,46,"[0, 1]",1,1,1,,0.5,2
8994,9c5ca9de-8222-11f1-b0da-2389f409459f,47,"[0, 0]",0,0,0,,0.5,2
8995,9c5ca9de-8222-11f1-b0da-2389f409459f,47,"[0, 0]",1,0,0,,0.5,2
8996,9c5ca9de-8222-11f1-b0da-2389f409459f,48,"[0, 1]",0,0,0,,0.5,2
8997,9c5ca9de-8222-11f1-b0da-2389f409459f,48,"[0, 1]",1,1,1,,0.5,2
8998,9c5ca9de-8222-11f1-b0da-2389f409459f,49,"[0, 0]",0,0,0,,0.5,2
8999,9c5ca9de-8222-11f1-b0da-2389f409459f,49,"[0, 0]",1,0,0,,0.5,2
9000,9c5e108a-8222-11f1-b0da-2389f409459f,0,"[0, 1]",0,0,0,,0.5,2
9001,9c5e108a-8222-11f1-b0da-2389f409459f,0,"[0, 1]",1,1,1,,0.5,2
9002,9c5e108a-8222-11f1-b0da-2389f409459f,1,"[0, 1]",0,0,0,,0.5,2
9003,9c5e108a-8222-11f1-b0da-2389f409459f,1,"[0, 1]",1,1,1,,0.5,2
9004,9c5e108a-8222-11f1-b0da-2389f409459f,2,"[1, 1]",0,1,-1,,0.5,2
9005,9c5e108a-8222-11f1-b0da-2389f409459f,2,"[1, 1]",1,1,-1,,0.5,2
9006,9c5e108a-8222-11f1-b0da-2389f409459f,3,"[1, 1]",0,1,-1,,0.5,2
9007,9c5e108a-8222-11f1-b0da-2389f409459f,3,"[1, 1]",1,1,-1,,0.5,2
9008,9c5e108a-8222-11f1-b0da-2389f409459f,4,"[0, 1]",0,0,0,,0.5,2
9009,9c5e108a-8222-11f1-b0da-2389f409459f,4,"[0, 1]",1,1,1,,0.5,2
9010,9c5e108a-8222-11f1-b0da-2389f409459f,5,"[0, 0]",0,0,0,,0.5,2
9011,9c5e108a-8222-11f1-b0da-2389f409459f,5,"[0, 0]",1,0,0,,0.5,2
9012,9c5e108a-8222-11f1-b0da-2389f409459f,6,"[1, 1]",0,1,-1,,0.5,2
9013,9c5e108a-8222-11f1-b0da-2389f409459f,6,"[1, 1]",1,1,-1,,0.5,2
9014,9c5e108a-8222-11f1-b0da-2389f409459f,7,"[0, 1]",0,0,0,,0.5,2
9015,9c5e108a-8222-11f1-b0da-2389f409459f,7,"[0, 1]",1,1,1,,0.5,2
9016,9c5e108a-8222-11f1-b0da-2389f409459f,8,"[0, 1]",0,0,0,,0.5,2
9017,9c5e108a-8222-11f1-b0da-2389f409459f,8,"[0, 1]",1,1,1,,0.5,2
9018,9c5e108a-8222-11f1-b0da-2389f409459f,9,"[1, 0]",0,1,1,,0.5,2
9019,9c5e108a-8222-11f1-b0da-2389f409459f,9,"[1, 0]",1,0,0,,0.5,2
9020,9c5e108a-8222-11f1-b0da-2389f409459f,10,"[1, 1]",0,1,-1,,0.5,2
9021,9c5e108a-8222-11f1-b0da-2389f409459f,10,"[1, 1]",1,1,-1,,0.5,2
9022,9c5e108a-8222-11f1-b0da-2389f409459f,11,"[0, 1]",0,0,0,,0.5,2
9023,9c5e108a-8222-11f1-b0da-2389f409459f,11,"[0, 1]",1,1,1,,0.5,2
9024,9c5e108a-8222-11f1-b0da-2389f409459f,12,"[0, 0]",0,0,0,,0.5,2
9025,9c5e108a-8222-11f1-b0da-2389f409459f,12,"[0, 0]",1,0,0,,0.5,2
9026,9c5e108a-8222-11f1-b0da-2389f409459f,13,"[1, 1]",0,1,-1,,0.5,2
9027,9c5e108a-8222-11f1-b0da-2389f409459f,13,"[1, 1]",1,1,-1,,0.5,2
9028,9c5e108a-8222-11f1-b0da-2389f409459f,14,"[1, 1]",0,1,-1,,0.5,2
9029,9c5e108a-8222-11f1-b0da-2389f409459f,14,"[1, 1]",1,1,-1,,0.5,2
9030,9c5e108a-8222-11f1-b0da-2389f409459f,15,"[0, 1]",0,0,0,,0.5,2
9031,9c5e108a-8222-11f1-b0da-2389f409459f,15,"[0, 1]",1,1,1,,0.5,2
9032,9c5e108a-8222-11f1-b0da-2389f409459f,16,"[0, 0]",0,0,0,,0.5,2
9033,9c5e108a-8222-11f1-b0da-2389f409459f,16,"[0, 0]",1,0,0,,0.5,2
9034,9c5e108a-8222-11f1-b0da-2389f409459f,17,"[0, 0]",0,0,0,,0.5,2
9035,9c5e108a-8222-11f1-b0da-2389f409459f,17,"[0, 0]",1,0,0,,0.5,2
9036,9c5e108a-8222-11f1-b0da-2389f409459f,18,"[0, 0]",0,0,0,,0.5,2
9037,9c5e108a-8222-11f1-b0da-2389f409459f,18,"[0, 0]",1,0,0,,0.5,2
9038,9c5e108a-8222-11f1-b0da-2389f409459f,19,"[0, 0]",0,0,0,,0.5,2
9039,9c5e108a-8222-11f1-b0da-2389f409459f,19,"[0, 0]",1,0,0,,0.5,2
9040,9c5e108a-8222-11f1-b0da-2389f409459f,20,"[0, 0]",0,0,0,,0.5,2
9041,9c5e108a-8222-11f1-b0da-2389f409459f,20,"[0, 0]",1,0,0,,0.5,2
9042,9c5e108a-8222-11f1-b0da-2389f409459f,21,"[1, 0]",0,1,1,,0.5,2
9043,9c5e108a-8222-11f1-b0da-2389f409459f,21,"[1, 0]",1,0,0,,0.5,2
9044,9c5e108a-8222-11f1-b0da-2389f409459f,22,"[0, 1]",0,0,0,,0.5,2
9045,9c5e108a-8222-11f1-b0da-2389f409459f,22,"[0, 1]",1,1,1,,0.5,2
9046,9c5e108a-8222-11f1-b0da-2389f409459f,23,"[1, 0]",0,1,1,,0.5,2
9047,9c5e108a-8222-11f1-b0da-2389f409459f,23,"[1, 0]",1,0,0,,0.5,2
9048,9c5e108a-8222-11f1-b0da-2389f409459f,24,"[0, 0]",0,0,0,,0.5,2
9049,9c5e108a-8222-11f1-b0da-2389f409459f,24,"[0, 0]",1,0,0,,0.5,2
9050,9c5e108a-8222-11f1-b0da-2389f409459f,25,"[0, 0]",0,0,0,,0.5,2
9051,9c5e108a-8222-11f1-b0da-2389f409459f,25,"[0, 0]",1,0,0,,0.5,2
9052,9c5e108a-8222-11f1-b0da-2389f409459f,26,"[0, 0]",0,0,0,,0.5,2
9053,9c5e108a-8222-11f1-b0da-2389f409459f,26,"[0, 0]",1,0,0,,0.5,2
9054,9c5e108a-8222-11f1-b0da-2389f409459f,27,"[0, 1]",0,0,0,,0.5,2
9055,9c5e108a-8222-11f1-b0da-2389f409459f,27,"[0, 1]",1,1,1,,0.5,2
9056,9c5e108a-8222-11f1-b0da-2389f409459f,28,"[1, 0]",0,1,1,,0.5,2
9057,9c5e108a-8222-11f1-b0da-2389f409459f,28,"[1, 0]",1,0,0,,0.5,2
9058,9c5e108a-8222-11f1-b0da-2389f409459f,29,"[0, 1]",0,0,0,,0.5,2
9059,9c5e108a-8222-11f1-b0da-2389f409459f,29,"[0, 1]",1,1,1,,0.5,2
9060,9c5e108a-8222-11f1-b0da-2389f409459f,30,"[1, 1]",0,1,-1,,0.5,2
9061,9c5e108a-8222-11f1-b0da-2389f409459f,30,"[1, 1]",1,1,-1,,0.5,2
9062,9c5e108a-8222-11f1-b0da-2389f409459f,31,"[0, 1]",0,0,0,,0.5,2
9063,9c5e108a-8222-11f1-b0da-2389f409459f,31,"[0, 1]",1,1,1,,0.5,2
9064,9c5e108a-8222-11f1-b0da-2389f409459f,32,"[1, 0]",0,1,1,,0.5,2
9065,9c5e108a-8222-11f1-b0da-2389f409459f,32,"[1, 0]",1,0,0,,0.5,2
9066,9c5e108a-8222-11f1-b0da-2389f409459f,33,"[1, 1]",0,1,-1,,0.5,2
9067,9c5e108a-8222-11f1-b0da-2389f409459f,33,"[1, 1]",1,1,-1,,0.5,2
9068,9c5e108a-8222-11f1-b0da-2389f409459f,34,"[1, 1]",0,1,-1,,0.5,2
9069,9c5e108a-8222-11f1-b0da-2389f409459f,34,"[1, 1]",1,1,-1,,0.5,2
9070,9c5e108a-8222-11f1-b0da-2389f409459f,35,"[0, 1]",0,0,0,,0.5,2
9071,9c5e108a-8222-11f1-b0da-2389f409459f,35,"[0, 1]",1,1,1,,0.5,2
9072,9c5e108a-8222-11f1-b0da-2389f409459f,36,"[0, 1]",0,0,0,,0.5,2
9073,9c5e108a-8222-11f1-b0da-2389f409459f,36,"[0, 1]",1,1,1,,0.5,2
9074,9c5e108a-8222-11f1-b0da-2389f409459f,37,"[1, 0]",0,1,1,,0.5,2
9075,9c5e108a-8222-11f1-b0da-2389f409459f,37,"[1, 0]",1,0,0,,0.5,2
9076,9c5e108a-8222-11f1-b0da-2389f409459f,38,"[0, 0]",0,0,0,,0.5,2
9077,9c5e108a-8222-11f1-b0da-2389f409459f,38,"[0, 0]",1,0,0,,0.5,2
9078,9c5e108a-8222-11f1-b0da-2389f409459f,39,"[0, 0]",0,0,0,,0.5,2
9079,9c5e108a-8222-11f1-b0da-2389f409459f,39,"[0, 0]",1,0,0,,0.5,2
9080,9c5e108a-8222-11f1-b0da-2389f409459f,40,"[1, 0]",0,1,1,,0.5,2
9081,9c5e108a-8222-11f1-b0da-2389f409459f,40,"[1, 0]",1,0,0,,0.5,2
9082,9c5e108a-8222-11f1-b0da-2389f409459f,41,"[1, 1]",0,1,-1,,0.5,2
9083,9c5e108a-8222-11f1-b0da-2389f409459f,41,"[1, 1]",1,1,-1,,0.5,2
9084,9c5e108a-8222-11f1-b0da-2389f409459f,42,"[0, 0]",0,0,0,,0.5,2
9085,9c5e108a-8222-11f1-b0da-2389f409459f,42,"[0, 0]",1,0,0,,0.5,2
9086,9c5e108a-8222-11f1-b0da-2389f409459f,43,"[0, 1]",0,0,0,,0.5,2
9087,9c5e108a-8222-11f1-b0da-2389f409459f,43,"[0, 1]",1,1,1,,0.5,2
9088,9c5e108a-8222-11f1-b0da-2389f409459f,44,"[1, 1]",0,1,-1,,0.5,2
9089,9c5e108a-8222-11f1-b0da-2389f409459f,44,"[1, 1]",1,1,-1,,0.5,2
9090,9c5e108a-8222-11f1-b0da-2389f409459f,45,"[0, 1]",0,0,0,,0.5,2
9091,9c5e108a-8222-11f1-b0da-2389f409459f,45,"[0, 1]",1,1,1,,0.5,2
9092,9c5e108a-8222-11f1-b0da-2389f409459f,46,"[1, 0]",0,1,1,,0.5,2
9093,9c5e108a-8222-11f1-b0da-2389f409459f,46,"[1, 0]",1,0,0,,0.5,2
9094,9c5e108a-8222-11f1-b0da-2389f409459f,47,"[0, 0]",0,0,0,,0.5,2
9095,9c5e108a-8222-11f1-b0da-2389f409459f,47,"[0, 0]",1,0,0,,0.5,2
9096,9c5e108a-8222-11f1-b0da-2389f409459f,48,"[0, 0]",0,0,0,,0.5,2
9097,9c5e108a-8222-11f1-b0da-2389f409459f,48,"[0, 0]",1,0,0,,0.5,2
9098,9c5e108a-8222-11f1-b0da-2389f409459f,49,"[1, 1]",0,1,-1,,0.5,2
9099,9c5e108a-8222-11f1-b0da-2389f409459f,49,"[1, 1]",1,1,-1,,0.5,2
9100,9c5f8c08-8222-11f1-b0da-2389f409459f,0,"[1, 1]",0,1,-1,,0.5,2
9101,9c5f8c08-8222-11f1-b0da-2389f409459f,0,"[1, 1]",1,1,-1,,0.5,2
9102,9c5f8c08-8222-11f1-b0da-2389f409459f,1,"[1, 1]",0,1,-1,,0.5,2
9103,9c5f8c08-8222-11f1-b0da-2389f409459f,1,"[1, 1]",1,1,-1,,0.5,2
9104,9c5f8c08-8222-11f1-b0da-2389f409459f,2,"[1, 0]",0,1,1,,0.5,2
9105,9c5f8c08-8222-11f1-b0da-2389f409459f,2,"[1, 0]",1,0,0,,0.5,2
9106,9c5f8c08-8222-11f1-b0da-2389f409459f,3,"[0, 1]",0,0,0,,0.5,2
9107,9c5f8c08-8222-11f1-b0da-2389f409459f,3,"[0, 1]",1,1,1,,0.5,2
9108,9c5f8c08-8222-11f1-b0da-2389f409459f,4,"[0, 0]",0,0,0,,0.5,2
9109,9c5f8c08-8222-11f1-b0da-2389f409459f,4,"[0, 0]",1,0,0,,0.5,2
9110,9c5f8c08-8222-11f1-b0da-2389f409459f,5,"[0, 0]",0,0,0,,0.5,2
9111,9c5f8c08-8222-11f1-b0da-2389f409459f,5,"[0, 0]",1,0,0,,0.5,2
9112,9c5f8c08-8222-11f1-b0da-2389f409459f,6,"[0, 1]",0,0,0,,0.5,2
9113,9c5f8c08-8222-11f1-b0da-2389f409459f,6,"[0, 1]",1,1,1,,0.5,2
9114,9c5f8c08-8222-11f1-b0da-2389f409459f,7,"[0, 1]",0,0,0,,0.5,2
9115,9c5f8c08-8222-11f1-b0da-2389f409459f,7,"[0, 1]",1,1,1,,0.5,2
9116,9c5f8c08-8222-11f1-b0da-2389f409459f,8,"[0, 0]",0,0,0,,0.5,2
9117,9c5f8c08-8222-11f1-b0da-2389f409459f,8,"[0, 0]",1,0,0,,0.5,2
9118,9c5f8c08-8222-11f1-b0da-2389f409459f,9,"[1, 1]",0,1,-1,,0.5,2
9119,9c5f8c08-8222-11f1-b0da-2389f409459f,9,"[1, 1]",1,1,-1,,0.5,2
9120,9c5f8c08-8222-11f1-b0da-2389f409459f,10,"[1, 1]",0,1,-1,,0.5,2
9121,9c5f8c08-8222-11f1-b0da-2389f409459f,10,"[1, 1]",1,1,-1,,0.5,2
9122,9c5f8c08-8222-11f1-b0da-2389f409459f,11,"[0, 1]",0,0,0,,0.5,2
9123,9c5f8c08-8222-11f1-b0da-2389f409459f,11,"[0, 1]",1,1,1,,0.5,2
9124,9c5f8c08-8222-11f1-b0da-2389f409459f,12,"[1, 0]",0,1,1,,0.5,2
9125,9c5f8c08-8222-11f1-b0da-2389f409459f,12,"[1, 0]",1,0,0,,0.5,2
9126,9c5f8c08-8222-11f1-b0da-2389f409459f,13,"[1, 1]",0,1,-1,,0.5,2
9127,9c5f8c08-8222-11f1-b0da-2389f409459f,13,"[1, 1]",1,1,-1,,0.5,2
9128,9c5f8c08-8222-11f1-b0da-2389f409459f,14,"[0, 0]",0,0,0,,0.5,2
9129,9c5f8c08-8222-11f1-b0da-2389f409459f,14,"[0, 0]",1,0,0,,0.5,2
9130,9c5f8c08-8222-11f1-b0da-2389f409459f,15,"[1, 0]",0,1,1,,0.5,2
9131,9c5f8c08-8222-11f1-b0da-2389f409459f,15,"[1, 0]",1,0,0,,0.5,2
9132,9c5f8c08-8222-11f1-b0da-2389f409459f,16,"[1, 1]",0,1,-1,,0.5,2
9133,9c5f8c08-8222-11f1-b0da-2389f409459f,16,"[1, 1]",1,1,-1,,0.5,2
9134,9c5f8c08-8222-11f1-b0da-2389f409459f,17,"[0, 1]",0,0,0,,0.5,2
9135,9c5f8c08-8222-11f1-b0da-2389f409459f,17,"[0, 1]",1,1,1,,0.5,2
9136,9c5f8c08-8222-11f1-b0da-2389f409459f,18,"[0, 0]",0,0,0,,0.5,2
9137,9c5f8c08-8222-11f1-b0da-2389f409459f,18,"[0, 0]",1,0,0,,0.5,2
9138,9c5f8c08-8222-11f1-b0da-2389f409459f,19,"[0, 0]",0,0,0,,0.5,2
9139,9c5f8c08-8222-11f1-b0da-2389f409459f,19,"[0, 0]",1,0,0,,0.5,2
9140,9c5f8c08-8222-11f1-b0da-2389f409459f,20,"[0, 0]",0,0,0,,0.5,2
9141,9c5f8c08-8222-11f1-b0da-2389f409459f,20,"[0, 0]",1,0,0,,0.5,2
9142,9c5f8c08-8222-11f1-b0da-2389f409459f,21,"[0, 0]",0,0,0,,0.5,2
9143,9c5f8c08-8222-11f1-b0da-2389f409459f,21,"[0, 0]",1,0,0,,0.5,2
9144,9c5f8c08-8222-11f1-b0da-2389f409459f,22,"[1, 0]",0,1,1,,0.5,2
9145,9c5f8c08-8222-11f1-b0da-2389f409459f,22,"[1, 0]",1,0,0,,0.5,2
9146,9c5f8c08-8222-11f1-b0da-2389f409459f,23,"[0, 1]",0,0,0,,0.5,2
9147,9c5f8c08-8222-11f1-b0da-2389f409459f,23,"[0, 1]",1,1,1,,0.5,2
9148,9c5f8c08-8222-11f1-b0da-2389f409459f,24,"[1, 0]",0,1,1,,0.5,2
9149,9c5f8c08-8222-11f1-b0da-2389f409459f,24,"[1, 0]",1,0,0,,0.5,2
9150,9c5f8c08-8222-11f1-b0da-2389f409459f,25,"[0, 1]",0,0,0,,0.5,2
9151,9c5f8c08-8222-11f1-b0da-2389f409459f,25,"[0, 1]",1,1,1,,0.5,2
9152,9c5f8c08-8222-11f1-b0da-2389f409459f,26,"[1, 0]",0,1,1,,0.5,2
9153,9c5f8c08-8222-11f1-b0da-2389f409459f,26,"[1, 0]",1,0,0,,0.5,2
9154,9c5f8c08-8222-11f1-b0da-2389f409459f,27,"[0, 1]",0,0,0,,0.5,2
9155,9c5f8c08-8222-11f1-b0da-2389f409459f,27,"[0, 1]",1,1,1,,0.5,2
9156,9c5f8c08-8222-11f1-b0da-2389f409459f,28,"[0, 0]",0,0,0,,0.5,2
9157,9c5f8c08-8222-11f1-b0da-2389f409459f,28,"[0, 0]",1,0,0,,0.5,2
9158,9c5f8c08-8222-11f1-b0da-2389f409459f,29,"[0, 1]",0,0,0,,0.5,2
9159,9c5f8c08-8222-11f1-b0da-2389f409459f,29,"[0, 1]",1,1,1,,0.5,2
9160,9c5f8c08-8222-11f1-b0da-2389f409459f,30,"[1, 0]",0,1,1,,0.5,2
9161,9c5f8c08-8222-11f1-b0da-2389f409459f,30,"[1, 0]",1,0,0,,0.5,2
9162,9c5f8c08-8222-11f1-b0da-2389f409459f,31,"[0, 1]",0,0,0,,0.5,2
9163,9c5f8c08-8222-11f1-b0da-2389f409459f,31,"[0, 1]",1,1,1,,0.5,2
9164,9c5f8c08-8222-11f1-b0da-2389f409459f,32,"[0, 0]",0,0,0,,0.5,2
9165,9c5f8c08-8222-11f1-b0da-2389f409459f,32,"[0, 0]",1,0,0,,0.5,2
9166,9c5f8c08-8222-11f1-b0da-2389f409459f,33,"[1, 0]",0,1,1,,0.5,2
9167,9c5f8c08-8222-11f1-b0da-2389f409459f,33,"[1, 0]",1,0,0,,0.5,2
9168,9c5f8c08-8222-11f1-b0da-2389f409459f,34,"[0, 1]",0,0,0,,0.5,2
9169,9c5f8c08-8222-11f1-b0da-2389f409459f,34,"[0, 1]",1,1,1,,0.5,2
9170,9c5f8c08-8222-11f1-b0da-2389f409459f,35,"[1, 0]",0,1,1,,0.5,2
9171,9c5f8c08-8222-11f1-b0da-2389f409459f,35,"[1, 0]",1,0,0,,0.5,2
9172,9c5f8c08-8222-11f1-b0da-2389f409459f,36,"[0, 1]",0,0,0,,0.5,2
9173,9c5f8c08-8222-11f1-b0da-2389f409459f,36,"[0, 1]",1,1,1,,0.5,2
9174,9c5f8c08-8222-11f1-b0da-2389f409459f,37,"[0, 1]",0,0,0,,0.5,2
9175,9c5f8c08-8222-11f1-b0da-2389f409459f,37,"[0, 1]",1,1,1,,0.5,2
9176,9c5f8c08-8222-11f1-b0da-2389f409459f,38,"[1, 0]",0,1,1,,0.5,2
9177,9c5f8c08-8222-11f1-b0da-2389f409459f,38,"[1, 0]",1,0,0,,0.5,2
9178,9c5f8c08-8222-11f1-b0da-2389f409459f,39,"[0, 1]",0,0,0,,0.5,2
9179,9c5f8c08-8222-11f1-b0da-2389f409459f,39,"[0, 1]",1,1,1,,0.5,2
9180,9c5f8c08-8222-11f1-b0da-2389f409459f,40,"[1, 0]",0,1,1,,0.5,2
9181,9c5f8c08-8222-11f1-b0da-2389f409459f,40,"[1, 0]",1,0,0,,0.5,2
9182,9c5f8c08-8222-11f1-b0da-2389f409459f,41,"[0, 1]",0,0,0,,0.5,2
9183,9c5f8c08-8222-11f1-b0da-2389f409459f,41,"[0, 1]",1,1,1,,0.5,2
9184,9c5f8c08-8222-11f1-b0da-2389f409459f,42,"[1, 1]",0,1,-1,,0.5,2
9185,9c5f8c08-8222-11f1-b0da-2389f409459f,42,"[1, 1]",1,1,-1,,0.5,2
9186,9c5f8c08-8222-11f1-b0da-2389f409459f,43,"[1, 0]",0,1,1,,0.5,2
9187,9c5f8c08-8222-11f1-b0da-2389f409459f,43,"[1, 0]",1,0,0,,0.5,2
9188,9c5f8c08-8222-11f1-b0da-2389f409459f,44,"[0, 1]",0,0,0,,0.5,2
9189,9c5f8c08-8222-11f1-b0da-2389f409459f,44,"[0, 1]",1,1,1,,0.5,2
9190,9c5f8c08-8222-11f1-b0da-2389f409459f,45,"[0, 0]",0,0,0,,0.5,2
9191,9c5f8c08-8222-11f1-b0da-2389f409459f,45,"[0, 0]",1,0,0,,0.5,2
9192,9c5f8c08-8222-11f1-b0da-2389f409459f,46,"[0, 0]",0,0,0,,0.5,2
9193,9c5f8c08-8222-11f1-b0da-2389f409459f,46,"[0, 0]",1,0,0,,0.5,2
9194,9c5f8c08-8222-11f1-b0da-2389f409459f,47,"[0, 0]",0,0,0,,0.5,2
9195,9c5f8c08-8222-11f1-b0da-2389f409459f,47,"[0, 0]",1,0,0,,0.5,2
9196,9c5f8c08-8222-11f1-b0da-2389f409459f,48,"[1, 1]",0,1,-1,,0.5,2
9197,9c5f8c08-8222-11f1-b0da-2389f409459f,48,"[1, 1]",1,1,-1,,0.5,2
9198,9c5f8c08-8222-11f1-b0da-2389f409459f,49,"[1, 0]",0,1,1,,0.5,2
9199,9c5f8c08-8222-11f1-b0da-2389f409459f,49,"[1, 0]",1,0,0,,0.5,2
9200,9c60f2e6-8222-11f1-b0da-2389f409459f,0,"[0, 1]",0,0,0,,0.5,2
9201,9c60f2e6-8222-11f1-b0da-2389f409459f,0,"[0, 1]",1,1,1,,0.5,2
9202,9c60f2e6-8222-11f1-b0da-2389f409459f,1,"[0, 1]",0,0,0,,0.5,2
9203,9c60f2e6-8222-11f1-b0da-2389f409459f,1,"[0, 1]",1,1,1,,0.5,2
9204,9c60f2e6-8222-11f1-b0da-2389f409459f,2,"[0, 1]",0,0,0,,0.5,2
9205,9c60f2e6-8222-11f1-b0da-2389f409459f,2,"[0, 1]",1,1,1,,0.5,2
9206,9c60f2e6-8222-11f1-b0da-2389f409459f,3,"[1, 0]",0,1,1,,0.5,2
9207,9c60f2e6-8222-11f1-b0da-2389f409459f,3,"[1, 0]",1,0,0,,0.5,2
9208,9c60f2e6-8222-11f1-b0da-2389f409459f,4,"[0, 1]",0,0,0,,0.5,2
9209,9c60f2e6-8222-11f1-b0da-2389f409459f,4,"[0, 1]",1,1,1,,0.5,2
9210,9c60f2e6-8222-11f1-b0da-2389f409459f,5,"[1, 1]",0,1,-1,,0.5,2
9211,9c60f2e6-8222-11f1-b0da-2389f409459f,5,"[1, 1]",1,1,-1,,0.5,2
9212,9c60f2e6-8222-11f1-b0da-2389f409459f,6,"[0, 1]",0,0,0,,0.5,2
9213,9c60f2e6-8222-11f1-b0da-2389f409459f,6,"[0, 1]",1,1,1,,0.5,2
9214,9c60f2e6-8222-11f1-b0da-2389f409459f,7,"[1, 0]",0,1,1,,0.5,2
9215,9c60f2e6-8222-11f1-b0da-2389f409459f,7,"[1, 0]",1,0,0,,0.5,2
9216,9c60f2e6-8222-11f1-b0da-2389f409459f,8,"[1, 1]",0,1,-1,,0.5,2
9217,9c60f2e6-8222-11f1-b0da-2389f409459f,8,"[1, 1]",1,1,-1,,0.5,2
9218,9c60f2e6-8222-11f1-b0da-2389f409459f,9,"[0, 1]",0,0,0,,0.5,2
9219,9c60f2e6-8222-11f1-b0da-2389f409459f,9,"[0, 1]",1,1,1,,0.5,2
9220,9c60f2e6-8222-11f1-b0da-2389f409459f,10,"[0, 1]",0,0,0,,0.5,2
9221,9c60f2e6-8222-11f1-b0da-2389f409459f,10,"[0, 1]",1,1,1,,0.5,2
9222,9c60f2e6-8222-11f1-b0da-2389f409459f,11,"[1, 1]",0,1,-1,,0.5,2
9223,9c60f2e6-8222-11f1-b0da-2389f409459f,11,"[1, 1]",1,1,-1,,0.5,2
9224,9c60f2e6-8222-11f1-b0da-2389f409459f,12,"[1, 1]",0,1,-1,,0.5,2
9225,9c60f2e6-8222-11f1-b0da-2389f409459f,12,"[1, 1]",1,1,-1,,0.5,2
9226,9c60f2e6-8222-11f1-b0da-2389f409459f,13,"[1, 1]",0,1,-1,,0.5,2
9227,9c60f2e6-8222-11f1-b0da-2389f409459f,13,"[1, 1]",1,1,-1,,0.5,2
9228,9c60f2e6-8222-11f1-b0da-2389f409459f,14,"[0, 1]",0,0,0,,0.5,2
9229,9c60f2e6-8222-11f1-b0da-2389f409459f,14,"[0, 1]",1,1,1,,0.5,2
9230,9c60f2e6-8222-11f1-b0da-2389f409459f,15,"[1, 1]",0,1,-1,,0.5,2
9231,9c60f2e6-8222-11f1-b0da-2389f409459f,15,"[1, 1]",1,1,-1,,0.5,2
9232,9c60f2e6-8222-11f1-b0da-2389f409459f,16,"[0, 1]",0,0,0,,0.5,2
9233,9c60f2e6-8222-11f1-b0da-2389f409459f,16,"[0, 1]",1,1,1,,0.5,2
9234,9c60f2e6-8222-11f1-b0da-2389f409459f,17,"[0, 0]",0,0,0,,0.5,2
9235,9c60f2e6-8222-11f1-b0da-2389f409459f,17,"[0, 0]",1,0,0,,0.5,2
9236,9c60f2e6-8222-11f1-b0da-2389f409459f,18,"[0, 0]",0,0,0,,0.5,2
9237,9c60f2e6-8222-11f1-b0da-2389f409459f,18,"[0, 0]",1,0,0,,0.5,2
9238,9c60f2e6-8222-11f1-b0da-2389f409459f,19,"[0, 1]",0,0,0,,0.5,2
9239,9c60f2e6-8222-11f1-b0da-2389f409459f,19,"[0, 1]",1,1,1,,0.5,2
9240,9c60f2e6-8222-11f1-b0da-2389f409459f,20,"[1, 1]",0,1,-1,,0.5,2
9241,9c60f2e6-8222-11f1-b0da-2389f409459f,20,"[1, 1]",1,1,-1,,0.5,2
9242,9c60f2e6-8222-11f1-b0da-2389f409459f,21,"[0, 1]",0,0,0,,0.5,2
9243,9c60f2e6-8222-11f1-b0da-2389f409459f,21,"[0, 1]",1,1,1,,0.5,2
9244,9c60f2e6-8222-11f1-b0da-2389f409459f,22,"[0, 1]",0,0,0,,0.5,2
9245,9c60f2e6-8222-11f1-b0da-2389f409459f,22,"[0, 1]",1,1,1,,0.5,2
9246,9c60f2e6-8222-11f1-b0da-2389f409459f,23,"[1, 1]",0,1,-1,,0.5,2
9247,9c60f2e6-8222-11f1-b0da-2389f409459f,23,"[1, 1]",1,1,-1,,0.5,2
9248,9c60f2e6-8222-11f1-b0da-2389f409459f,24,"[0, 1]",0,0,0,,0.5,2
9249,9c60f2e6-8222-11f1-b0da-2389f409459f,24,"[0, 1]",1,1,1,,0.5,2
9250,9c60f2e6-8222-11f1-b0da-2389f409459f,25,"[0, 1]",0,0,0,,0.5,2
9251,9c60f2e6-8222-11f1-b0da-2389f409459f,25,"[0, 1]",1,1,1,,0.5,2
9252,9c60f2e6-8222-11f1-b0da-2389f409459f,26,"[0, 1]",0,0,0,,0.5,2
9253,9c60f2e6-8222-11f1-b0da-2389f409459f,26,"[0, 1]",1,1,1,,0.5,2
9254,9c60f2e6-8222-11f1-b0da-2389f409459f,27,"[1, 1]",0,1,-1,,0.5,2
9255,9c60f2e6-8222-11f1-b0da-2389f409459f,27,"[1, 1]",1,1,-1,,0.5,2
9256,9c60f2e6-8222-11f1-b0da-2389f409459f,28,"[0, 1]",0,0,0,,0.5,2
9257,9c60f2e6-8222-11f1-b0da-2389f409459f,28,"[0, 1]",1,1,1,,0.5,2
9258,9c60f2e6-8222-11f1-b0da-2389f409459f,29,"[1, 1]",0,1,-1,,0.5,2
9259,9c60f2e6-8222-11f1-b0da-2389f409459f,29,"[1, 1]",1,1,-1,,0.5,2
9260,9c60f2e6-8222-11f1-b0da-2389f409459f,30,"[0, 1]",0,0,0,,0.5,2
9261,9c60f2e6-8222-11f1-b0da-2389f409459f,30,"[0, 1]",1,1,1,,0.5,2
9262,9c60f2e6-8222-11f1-b0da-2389f409459f,31,"[1, 1]",0,1,-1,,0.5,2
9263,9c60f2e6-8222-11f1-b0da-2389f409459f,31,"[1, 1]",1,1,-1,,0.5,2
9264,9c60f2e6-8222-11f1-b0da-2389f409459f,32,"[0, 1]",0,0,0,,0.5,2
9265,9c60f2e6-8222-11f1-b0da-2389f409459f,32,"[0, 1]",1,1,1,,0.5,2
9266,9c60f2e6-8222-11f1-b0da-2389f409459f,33,"[1, 1]",0,1,-1,,0.5,2
9267,9c60f2e6-8222-11f1-b0da-2389f409459f,33,"[1, 1]",1,1,-1,,0.5,2
9268,9c60f2e6-8222-11f1-b0da-2389f409459f,34,"[0, 1]",0,0,0,,0.5,2
9269,9c60f2e6-8222-11f1-b0da-2389f409459f,34,"[0, 1]",1,1,1,,0.5,2
9270,9c60f2e6-8222-11f1-b0da-2389f409459f,35,"[1, 1]",0,1,-1,,0.5,2
9271,9c60f2e6-8222-11f1-b0da-2389f409459f,35,"[1, 1]",1,1,-1,,0.5,2
9272,9c60f2e6-8222-11f1-b0da-2389f409459f,36,"[0, 1]",0,0,0,,0.5,2
9273,9c60f2e6-8222-11f1-b0da-2389f409459f,36,"[0, 1]",1,1,1,,0.5,2
9274,9c60f2e6-8222-11f1-b0da-2389f409459f,37,"[0, 1]",0,0,0,,0.5,2
9275,9c60f2e6-8222-11f1-b0da-2389f409459f,37,"[0, 1]",1,1,1,,0.5,2
9276,9c60f2e6-8222-11f1-b0da-2389f409459f,38,"[0, 1]",0,0,0,,0.5,2
9277,9c60f2e6-8222-11f1-b0da-2389f409459f,38,"[0, 1]",1,1,1,,0.5,2
9278,9c60f2e6-8222-11f1-b0da-2389f409459f,39,"[0, 1]",0,0,0,,0.5,2
9279,9c60f2e6-8222-11f1-b0da-2389f409459f,39,"[0, 1]",1,1,1,,0.5,2
9280,9c60f2e6-8222-11f1-b0da-2389f409459f,40,"[0, 1]",0,0,0,,0.5,2
9281,9c60f2e6-8222-11f1-b0da-2389f409459f,40,"[0, 1]",1,1,1,,0.5,2
9282,9c60f2e6-8222-11f1-b0da-2389f409459f,41,"[1, 1]",0,1,-1,,0.5,2
9283,9c60f2e6-8222-11f1-b0da-2389f409459f,41,"[1, 1]",1,1,-1,,0.5,2
9284,9c60f2e6-8222-11f1-b0da-2389f409459f,42,"[1, 1]",0,1,-1,,0.5,2
9285,9c60f2e6-8222-11f1-b0da-2389f409459f,42,"[1, 1]",1,1,-1,,0.5,2
9286,9c60f2e6-8222-11f1-b0da-2389f409459f,43,"[1, 1]",0,1,-1,,0.5,2
9287,9c60f2e6-8222-11f1-b0da-2389f409459f,43,"[1, 1]",1,1,-1,,0.5,2
9288,9c60f2e6-8222-11f1-b0da-2389f409459f,44,"[1, 1]",0,1,-1,,0.5,2
9289,9c60f2e6-8222-11f1-b0da-2389f409459f,44,"[1, 1]",1,1,-1,,0.5,2
9290,9c60f2e6-8222-11f1-b0da-2389f409459f,45,"[0, 1]",0,0,0,,0.5,2
9291,9c60f2e6-8222-11f1-b0da-2389f409459f,45,"[0, 1]",1,1,1,,0.5,2
9292,9c60f2e6-8222-11f1-b0da-2389f409459f,46,"[0, 1]",0,0,0,,0.5,2
9293,9c60f2e6-8222-11f1-b0da-2389f409459f,46,"[0, 1]",1,1,1,,0.5,2
9294,9c60f2e6-8222-11f1-b0da-2389f409459f,47,"[0, 1]",0,0,0,,0.5,2
9295,9c60f2e6-8222-11f1-b0da-2389f409459f,47,"[0, 1]",1,1,1,,0.5,2
9296,9c60f2e6-8222-11f1-b0da-2389f409459f,48,"[1, 1]",0,1,-1,,0.5,2
9297,9c60f2e6-8222-11f1-b0da-2389f409459f,48,"[1, 1]",1,1,-1,,0.5,2
9298,9c60f2e6-8222-11f1-b0da-2389f409459f,49,"[0, 1]",0,0,0,,0.5,2
9299,9c60f2e6-8222-11f1-b0da-2389f409459f,49,"[0, 1]",1,1,1,,0.5,2
9300,9c630860-8222-11f1-b0da-2389f409459f,0,"[1, 0]",0,1,1,,0.5,2
9301,9c630860-8222-11f1-b0da-2389f409459f,0,"[1, 0]",1,0,0,,0.5,2
9302,9c630860-8222-11f1-b0da-2389f409459f,1,"[0, 0]",0,0,0,,0.5,2
9303,9c630860-8222-11f1-b0da-2389f409459f,1,"[0, 0]",1,0,0,,0.5,2
9304,9c630860-8222-11f1-b0da-2389f409459f,2,"[1, 1]",0,1,-1,,0.5,2
9305,9c630860-8222-11f1-b0da-2389f409459f,2,"[1, 1]",1,1,-1,,0.5,2
9306,9c630860-8222-11f1-b0da-2389f409459f,3,"[1, 0]",0,1,1,,0.5,2
9307,9c630860-8222-11f1-b0da-2389f409459f,3,"[1, 0]",1,0,0,,0.5,2
9308,9c630860-8222-11f1-b0da-2389f409459f,4,"[0, 1]",0,0,0,,0.5,2
9309,9c630860-8222-11f1-b0da-2389f409459f,4,"[0, 1]",1,1,1,,0.5,2
9310,9c630860-8222-11f1-b0da-2389f409459f,5,"[0, 0]",0,0,0,,0.5,2
9311,9c630860-8222-11f1-b0da-2389f409459f,5,"[0, 0]",1,0,0,,0.5,2
9312,9c630860-8222-11f1-b0da-2389f409459f,6,"[1, 1]",0,1,-1,,0.5,2
9313,9c630860-8222-11f1-b0da-2389f409459f,6,"[1, 1]",1,1,-1,,0.5,2
9314,9c630860-8222-11f1-b0da-2389f409459f,7,"[1, 0]",0,1,1,,0.5,2
9315,9c630860-8222-11f1-b0da-2389f409459f,7,"[1, 0]",1,0,0,,0.5,2
9316,9c630860-8222-11f1-b0da-2389f409459f,8,"[0, 1]",0,0,0,,0.5,2
9317,9c630860-8222-11f1-b0da-2389f409459f,8,"[0, 1]",1,1,1,,0.5,2
9318,9c630860-8222-11f1-b0da-2389f409459f,9,"[0, 0]",0,0,0,,0.5,2
9319,9c630860-8222-11f1-b0da-2389f409459f,9,"[0, 0]",1,0,0,,0.5,2
9320,9c630860-8222-11f1-b0da-2389f409459f,10,"[0, 0]",0,0,0,,0.5,2
9321,9c630860-8222-11f1-b0da-2389f409459f,10,"[0, 0]",1,0,0,,0.5,2
9322,9c630860-8222-11f1-b0da-2389f409459f,11,"[1, 0]",0,1,1,,0.5,2
9323,9c630860-8222-11f1-b0da-2389f409459f,11,"[1, 0]",1,0,0,,0.5,2
9324,9c630860-8222-11f1-b0da-2389f409459f,12,"[1, 0]",0,1,1,,0.5,2
9325,9c630860-8222-11f1-b0da-2389f409459f,12,"[1, 0]",1,0,0,,0.5,2
9326,9c630860-8222-11f1-b0da-2389f409459f,13,"[1, 1]",0,1,-1,,0.5,2
9327,9c630860-8222-11f1-b0da-2389f409459f,13,"[1, 1]",1,1,-1,,0.5,2
9328,9c630860-8222-11f1-b0da-2389f409459f,14,"[0, 1]",0,0,0,,0.5,2
9329,9c630860-8222-11f1-b0da-2389f409459f,14,"[0, 1]",1,1,1,,0.5,2
9330,9c630860-8222-11f1-b0da-2389f409459f,15,"[1, 0]",0,1,1,,0.5,2
9331,9c630860-8222-11f1-b0da-2389f409459f,15,"[1, 0]",1,0,0,,0.5,2
9332,9c630860-8222-11f1-b0da-2389f409459f,16,"[0, 0]",0,0,0,,0.5,2
9333,9c630860-8222-11f1-b0da-2389f409459f,16,"[0, 0]",1,0,0,,0.5,2
9334,9c630860-8222-11f1-b0da-2389f409459f,17,"[0, 0]",0,0,0,,0.5,2
9335,9c630860-8222-11f1-b0da-2389f409459f,17,"[0, 0]",1,0,0,,0.5,2
9336,9c630860-8222-11f1-b0da-2389f409459f,18,"[1, 0]",0,1,1,,0.5,2
9337,9c630860-8222-11f1-b0da-2389f409459f,18,"[1, 0]",1,0,0,,0.5,2
9338,9c630860-8222-11f1-b0da-2389f409459f,19,"[1, 1]",0,1,-1,,0.5,2
9339,9c630860-8222-11f1-b0da-2389f409459f,19,"[1, 1]",1,1,-1,,0.5,2
9340,9c630860-8222-11f1-b0da-2389f409459f,20,"[1, 0]",0,1,1,,0.5,2
9341,9c630860-8222-11f1-b0da-2389f409459f,20,"[1, 0]",1,0,0,,0.5,2
9342,9c630860-8222-11f1-b0da-2389f409459f,21,"[1, 1]",0,1,-1,,0.5,2
9343,9c630860-8222-11f1-b0da-2389f409459f,21,"[1, 1]",1,1,-1,,0.5,2
9344,9c630860-8222-11f1-b0da-2389f409459f,22,"[1, 0]",0,1,1,,0.5,2
9345,9c630860-8222-11f1-b0da-2389f409459f,22,"[1, 0]",1,0,0,,0.5,2
9346,9c630860-8222-11f1-b0da-2389f409459f,23,"[1, 0]",0,1,1,,0.5,2
9347,9c630860-8222-11f1-b0da-2389f409459f,23,"[1, 0]",1,0,0,,0.5,2
9348,9c630860-8222-11f1-b0da-2389f409459f,24,"[1, 0]",0,1,1,,0.5,2
9349,9c630860-8222-11f1-b0da-2389f409459f,24,"[1, 0]",1,0,0,,0.5,2
9350,9c630860-8222-11f1-b0da-2389f409459f,25,"[0, 1]",0,0,0,,0.5,2
9351,9c630860-8222-11f1-b0da-2389f409459f,25,"[0, 1]",1,1,1,,0.5,2
9352,9c630860-8222-11f1-b0da-2389f409459f,26,"[0, 0]",0,0,0,,0.5,2
9353,9c630860-8222-11f1-b0da-2389f409459f,26,"[0, 0]",1,0,0,,0.5,2
9354,9c630860-8222-11f1-b0da-2389f409459f,27,"[0, 0]",0,0,0,,0.5,2
9355,9c630860-8222-11f1-b0da-2389f409459f,27,"[0, 0]",1,0,0,,0.5,2
9356,9c630860-8222-11f1-b0da-2389f409459f,28,"[1, 0]",0,1,1,,0.5,2
9357,9c630860-8222-11f1-b0da-2389f409459f,28,"[1, 0]",1,0,0,,0.5,2
9358,9c630860-8222-11f1-b0da-2389f409459f,29,"[1, 1]",0,1,-1,,0.5,2
9359,9c630860-8222-11f1-b0da-2389f409459f,29,"[1, 1]",1,1,-1,,0.5,2
9360,9c630860-8222-11f1-b0da-2389f409459f,30,"[1, 1]",0,1,-1,,0.5,2
9361,9c630860-8222-11f1-b0da-2389f409459f,30,"[1, 1]",1,1,-1,,0.5,2
9362,9c630860-8222-11f1-b0da-2389f409459f,31,"[0, 1]",0,0,0,,0.5,2
9363,9c630860-8222-11f1-b0da-2389f409459f,31,"[0, 1]",1,1,1,,0.5,2
9364,9c630860-8222-11f1-b0da-2389f409459f,32,"[0, 0]",0,0,0,,0.5,2
9365,9c630860-8222-11f1-b0da-2389f409459f,32,"[0, 0]",1,0,0,,0.5,2
9366,9c630860-8222-11f1-b0da-2389f409459f,33,"[1, 1]",0,1,-1,,0.5,2
9367,9c630860-8222-11f1-b0da-2389f409459f,33,"[1, 1]",1,1,-1,,0.5,2
9368,9c630860-8222-11f1-b0da-2389f409459f,34,"[1, 1]",0,1,-1,,0.5,2
9369,9c630860-8222-11f1-b0da-2389f409459f,34,"[1, 1]",1,1,-1,,0.5,2
9370,9c630860-8222-11f1-b0da-2389f409459f,35,"[0, 0]",0,0,0,,0.5,2
9371,9c630860-8222-11f1-b0da-2389f409459f,35,"[0, 0]",1,0,0,,0.5,2
9372,9c630860-8222-11f1-b0da-2389f409459f,36,"[1, 0]",0,1,1,,0.5,2
9373,9c630860-8222-11f1-b0da-2389f409459f,36,"[1, 0]",1,0,0,,0.5,2
9374,9c630860-8222-11f1-b0da-2389f409459f,37,"[0, 0]",0,0,0,,0.5,2
9375,9c630860-8222-11f1-b0da-2389f409459f,37,"[0, 0]",1,0,0,,0.5,2
9376,9c630860-8222-11f1-b0da-2389f409459f,38,"[1, 0]",0,1,1,,0.5,2
9377,9c630860-8222-11f1-b0da-2389f409459f,38,"[1, 0]",1,0,0,,0.5,2
9378,9c630860-8222-11f1-b0da-2389f409459f,39,"[0, 1]",0,0,0,,0.5,2
9379,9c630860-8222-11f1-b0da-2389f409459f,39,"[0, 1]",1,1,1,,0.5,2
9380,9c630860-8222-11f1-b0da-2389f409459f,40,"[0, 0]",0,0,0,,0.5,2
9381,9c630860-8222-11f1-b0da-2389f409459f,40,"[0, 0]",1,0,0,,0.5,2
9382,9c630860-8222-11f1-b0da-2389f409459f,41,"[0, 0]",0,0,0,,0.5,2
9383,9c630860-8222-11f1-b0da-2389f409459f,41,"[0, 0]",1,0,0,,0.5,2
9384,9c630860-8222-11f1-b0da-2389f409459f,42,"[1, 1]",0,1,-1,,0.5,2
9385,9c630860-8222-11f1-b0da-2389f409459f,42,"[1, 1]",1,1,-1,,0.5,2
9386,9c630860-8222-11f1-b0da-2389f409459f,43,"[0, 0]",0,0,0,,0.5,2
9387,9c630860-8222-11f1-b0da-2389f409459f,43,"[0, 0]",1,0,0,,0.5,2
9388,9c630860-8222-11f1-b0da-2389f409459f,44,"[1, 0]",0,1,1,,0.5,2
9389,9c630860-8222-11f1-b0da-2389f409459f,44,"[1, 0]",1,0,0,,0.5,2
9390,9c630860-8222-11f1-b0da-2389f409459f,45,"[0, 0]",0,0,0,,0.5,2
9391,9c630860-8222-11f1-b0da-2389f409459f,45,"[0, 0]",1,0,0,,0.5,2
9392,9c630860-8222-11f1-b0da-2389f409459f,46,"[0, 0]",0,0,0,,0.5,2
9393,9c630860-8222-11f1-b0da-2389f409459f,46,"[0, 0]",1,0,0,,0.5,2
9394,9c630860-8222-11f1-b0da-2389f409459f,47,"[0, 0]",0,0,0,,0.5,2
9395,9c630860-8222-11f1-b0da-2389f409459f,47,"[0, 0]",1,0,0,,0.5,2
9396,9c630860-8222-11f1-b0da-2389f409459f,48,"[0, 0]",0,0,0,,0.5,2
9397,9c630860-8222-11f1-b0da-2389f409459f,48,"[0, 0]",1,0,0,,0.5,2
9398,9c630860-8222-11f1-b0da-2389f409459f,49,"[0, 0]",0,0,0,,0.5,2
9399,9c630860-8222-11f1-b0da-2389f409459f,49,"[0, 0]",1,0,0,,0.5,2
9400,9c649716-8222-11f1-b0da-2389f409459f,0,"[1, 0]",0,1,1,,0.5,2
9401,9c649716-8222-11f1-b0da-2389f409459f,0,"[1, 0]",1,0,0,,0.5,2
9402,9c649716-8222-11f1-b0da-2389f409459f,1,"[1, 0]",0,1,1,,0.5,2
9403,9c649716-8222-11f1-b0da-2389f409459f,1,"[1, 0]",1,0,0,,0.5,2
9404,9c649716-8222-11f1-b0da-2389f409459f,2,"[0, 0]",0,0,0,,0.5,2
9405,9c649716-8222-11f1-b0da-2389f409459f,2,"[0, 0]",1,0,0,,0.5,2
9406,9c649716-8222-11f1-b0da-2389f409459f,3,"[0, 0]",0,0,0,,0.5,2
9407,9c649716-8222-11f1-b0da-2389f409459f,3,"[0, 0]",1,0,0,,0.5,2
9408,9c649716-8222-11f1-b0da-2389f409459f,4,"[1, 0]",0,1,1,,0.5,2
9409,9c649716-8222-11f1-b0da-2389f409459f,4,"[1, 0]",1,0,0,,0.5,2
9410,9c649716-8222-11f1-b0da-2389f409459f,5,"[0, 1]",0,0,0,,0.5,2
9411,9c649716-8222-11f1-b0da-2389f409459f,5,"[0, 1]",1,1,1,,0.5,2
9412,9c649716-8222-11f1-b0da-2389f409459f,6,"[1, 1]",0,1,-1,,0.5,2
9413,9c649716-8222-11f1-b0da-2389f409459f,6,"[1, 1]",1,1,-1,,0.5,2
9414,9c649716-8222-11f1-b0da-2389f409459f,7,"[0, 0]",0,0,0,,0.5,2
9415,9c649716-8222-11f1-b0da-2389f409459f,7,"[0, 0]",1,0,0,,0.5,2
9416,9c649716-8222-11f1-b0da-2389f409459f,8,"[0, 1]",0,0,0,,0.5,2
9417,9c649716-8222-11f1-b0da-2389f409459f,8,"[0, 1]",1,1,1,,0.5,2
9418,9c649716-8222-11f1-b0da-2389f409459f,9,"[1, 0]",0,1,1,,0.5,2
9419,9c649716-8222-11f1-b0da-2389f409459f,9,"[1, 0]",1,0,0,,0.5,2
9420,9c649716-8222-11f1-b0da-2389f409459f,10,"[1, 1]",0,1,-1,,0.5,2
9421,9c649716-8222-11f1-b0da-2389f409459f,10,"[1, 1]",1,1,-1,,0.5,2
9422,9c649716-8222-11f1-b0da-2389f409459f,11,"[1, 0]",0,1,1,,0.5,2
9423,9c649716-8222-11f1-b0da-2389f409459f,11,"[1, 0]",1,0,0,,0.5,2
9424,9c649716-8222-11f1-b0da-2389f409459f,12,"[0, 1]",0,0,0,,0.5,2
9425,9c649716-8222-11f1-b0da-2389f409459f,12,"[0, 1]",1,1,1,,0.5,2
9426,9c649716-8222-11f1-b0da-2389f409459f,13,"[1, 0]",0,1,1,,0.5,2
9427,9c649716-8222-11f1-b0da-2389f409459f,13,"[1, 0]",1,0,0,,0.5,2
9428,9c649716-8222-11f1-b0da-2389f409459f,14,"[0, 0]",0,0,0,,0.5,2
9429,9c649716-8222-11f1-b0da-2389f409459f,14,"[0, 0]",1,0,0,,0.5,2
9430,9c649716-8222-11f1-b0da-2389f409459f,15,"[0, 0]",0,0,0,,0.5,2
9431,9c649716-8222-11f1-b0da-2389f409459f,15,"[0, 0]",1,0,0,,0.5,2
9432,9c649716-8222-11f1-b0da-2389f409459f,16,"[0, 0]",0,0,0,,0.5,2
9433,9c649716-8222-11f1-b0da-2389f409459f,16,"[0, 0]",1,0,0,,0.5,2
9434,9c649716-8222-11f1-b0da-2389f409459f,17,"[0, 0]",0,0,0,,0.5,2
9435,9c649716-8222-11f1-b0da-2389f409459f,17,"[0, 0]",1,0,0,,0.5,2
9436,9c649716-8222-11f1-b0da-2389f409459f,18,"[0, 0]",0,0,0,,0.5,2
9437,9c649716-8222-11f1-b0da-2389f409459f,18,"[0, 0]",1,0,0,,0.5,2
9438,9c649716-8222-11f1-b0da-2389f409459f,19,"[0, 0]",0,0,0,,0.5,2
9439,9c649716-8222-11f1-b0da-2389f409459f,19,"[0, 0]",1,0,0,,0.5,2
9440,9c649716-8222-11f1-b0da-2389f409459f,20,"[1, 1]",0,1,-1,,0.5,2
9441,9c649716-8222-11f1-b0da-2389f409459f,20,"[1, 1]",1,1,-1,,0.5,2
9442,9c649716-8222-11f1-b0da-2389f409459f,21,"[1, 0]",0,1,1,,0.5,2
9443,9c649716-8222-11f1-b0da-2389f409459f,21,"[1, 0]",1,0,0,,0.5,2
9444,9c649716-8222-11f1-b0da-2389f409459f,22,"[1, 0]",0,1,1,,0.5,2
9445,9c649716-8222-11f1-b0da-2389f409459f,22,"[1, 0]",1,0,0,,0.5,2
9446,9c649716-8222-11f1-b0da-2389f409459f,23,"[0, 1]",0,0,0,,0.5,2
9447,9c649716-8222-11f1-b0da-2389f409459f,23,"[0, 1]",1,1,1,,0.5,2
9448,9c649716-8222-11f1-b0da-2389f409459f,24,"[1, 0]",0,1,1,,0.5,2
9449,9c649716-8222-11f1-b0da-2389f409459f,24,"[1, 0]",1,0,0,,0.5,2
9450,9c649716-8222-11f1-b0da-2389f409459f,25,"[0, 1]",0,0,0,,0.5,2
9451,9c649716-8222-11f1-b0da-2389f409459f,25,"[0, 1]",1,1,1,,0.5,2
9452,9c649716-8222-11f1-b0da-2389f409459f,26,"[0, 0]",0,0,0,,0.5,2
9453,9c649716-8222-11f1-b0da-2389f409459f,26,"[0, 0]",1,0,0,,0.5,2
9454,9c649716-8222-11f1-b0da-2389f409459f,27,"[0, 1]",0,0,0,,0.5,2
9455,9c649716-8222-11f1-b0da-2389f409459f,27,"[0, 1]",1,1,1,,0.5,2
9456,9c649716-8222-11f1-b0da-2389f409459f,28,"[1, 1]",0,1,-1,,0.5,2
9457,9c649716-8222-11f1-b0da-2389f409459f,28,"[1, 1]",1,1,-1,,0.5,2
9458,9c649716-8222-11f1-b0da-2389f409459f,29,"[1, 0]",0,1,1,,0.5,2
9459,9c649716-8222-11f1-b0da-2389f409459f,29,"[1, 0]",1,0,0,,0.5,2
9460,9c649716-8222-11f1-b0da-2389f409459f,30,"[0, 1]",0,0,0,,0.5,2
9461,9c649716-8222-11f1-b0da-2389f409459f,30,"[0, 1]",1,1,1,,0.5,2
9462,9c649716-8222-11f1-b0da-2389f409459f,31,"[1, 1]",0,1,-1,,0.5,2
9463,9c649716-8222-11f1-b0da-2389f409459f,31,"[1, 1]",1,1,-1,,0.5,2
9464,9c649716-8222-11f1-b0da-2389f409459f,32,"[1, 0]",0,1,1,,0.5,2
9465,9c649716-8222-11f1-b0da-2389f409459f,32,"[1, 0]",1,0,0,,0.5,2
9466,9c649716-8222-11f1-b0da-2389f409459f,33,"[0, 1]",0,0,0,,0.5,2
9467,9c649716-8222-11f1-b0da-2389f409459f,33,"[0, 1]",1,1,1,,0.5,2
9468,9c649716-8222-11f1-b0da-2389f409459f,34,"[1, 1]",0,1,-1,,0.5,2
9469,9c649716-8222-11f1-b0da-2389f409459f,34,"[1, 1]",1,1,-1,,0.5,2
9470,9c649716-8222-11f1-b0da-2389f409459f,35,"[1, 0]",0,1,1,,0.5,2
9471,9c649716-8222-11f1-b0da-2389f409459f,35,"[1, 0]",1,0,0,,0.5,2
9472,9c649716-8222-11f1-b0da-2389f409459f,36,"[1, 1]",0,1,-1,,0.5,2
9473,9c649716-8222-11f1-b0da-2389f409459f,36,"[1, 1]",1,1,-1,,0.5,2
9474,9c649716-8222-11f1-b0da-2389f409459f,37,"[1, 0]",0,1,1,,0.5,2
9475,9c649716-8222-11f1-b0da-2389f409459f,37,"[1, 0]",1,0,0,,0.5,2
9476,9c649716-8222-11f1-b0da-2389f409459f,38,"[0, 0]",0,0,0,,0.5,2
9477,9c649716-8222-11f1-b0da-2389f409459f,38,"[0, 0]",1,0,0,,0.5,2
9478,9c649716-8222-11f1-b0da-2389f409459f,39,"[0, 0]",0,0,0,,0.5,2
9479,9c649716-8222-11f1-b0da-2389f409459f,39,"[0, 0]",1,0,0,,0.5,2
9480,9c649716-8222-11f1-b0da-2389f409459f,40,"[1, 0]",0,1,1,,0.5,2
9481,9c649716-8222-11f1-b0da-2389f409459f,40,"[1, 0]",1,0,0,,0.5,2
9482,9c649716-8222-11f1-b0da-2389f409459f,41,"[0, 1]",0,0,0,,0.5,2
9483,9c649716-8222-11f1-b0da-2389f409459f,41,"[0, 1]",1,1,1,,0.5,2
9484,9c649716-8222-11f1-b0da-2389f409459f,42,"[1, 0]",0,1,1,,0.5,2
9485,9c649716-8222-11f1-b0da-2389f409459f,42,"[1, 0]",1,0,0,,0.5,2
9486,9c649716-8222-11f1-b0da-2389f409459f,43,"[1, 1]",0,1,-1,,0.5,2
9487,9c649716-8222-11f1-b0da-2389f409459f,43,"[1, 1]",1,1,-1,,0.5,2
9488,9c649716-8222-11f1-b0da-2389f409459f,44,"[1, 0]",0,1,1,,0.5,2
9489,9c649716-8222-11f1-b0da-2389f409459f,44,"[1, 0]",1,0,0,,0.5,2
9490,9c649716-8222-11f1-b0da-2389f409459f,45,"[0, 1]",0,0,0,,0.5,2
9491,9c649716-8222-11f1-b0da-2389f409459f,45,"[0, 1]",1,1,1,,0.5,2
9492,9c649716-8222-11f1-b0da-2389f409459f,46,"[1, 0]",0,1,1,,0.5,2
9493,9c649716-8222-11f1-b0da-2389f409459f,46,"[1, 0]",1,0,0,,0.5,2
9494,9c649716-8222-11f1-b0da-2389f409459f,47,"[1, 1]",0,1,-1,,0.5,2
9495,9c649716-8222-11f1-b0da-2389f409459f,47,"[1, 1]",1,1,-1,,0.5,2
9496,9c649716-8222-11f1-b0da-2389f409459f,48,"[0, 0]",0,0,0,,0.5,2
9497,9c649716-8222-11f1-b0da-2389f409459f,48,"[0, 0]",1,0,0,,0.5,2
9498,9c649716-8222-11f1-b0da-2389f409459f,49,"[0, 0]",0,0,0,,0.5,2
9499,9c649716-8222-11f1-b0da-2389f409459f,49,"[0, 0]",1,0,0,,0.5,2
9500,9c66362a-8222-11f1-b0da-2389f409459f,0,"[0, 0]",0,0,0,,0.5,2
9501,9c66362a-8222-11f1-b0da-2389f409459f,0,"[0, 0]",1,0,0,,0.5,2
9502,9c66362a-8222-11f1-b0da-2389f409459f,1,"[1, 1]",0,1,-1,,0.5,2
9503,9c66362a-8222-11f1-b0da-2389f409459f,1,"[1, 1]",1,1,-1,,0.5,2
9504,9c66362a-8222-11f1-b0da-2389f409459f,2,"[0, 1]",0,0,0,,0.5,2
9505,9c66362a-8222-11f1-b0da-2389f409459f,2,"[0, 1]",1,1,1,,0.5,2
9506,9c66362a-8222-11f1-b0da-2389f409459f,3,"[1, 0]",0,1,1,,0.5,2
9507,9c66362a-8222-11f1-b0da-2389f409459f,3,"[1, 0]",1,0,0,,0.5,2
9508,9c66362a-8222-11f1-b0da-2389f409459f,4,"[1, 0]",0,1,1,,0.5,2
9509,9c66362a-8222-11f1-b0da-2389f409459f,4,"[1, 0]",1,0,0,,0.5,2
9510,9c66362a-8222-11f1-b0da-2389f409459f,5,"[1, 1]",0,1,-1,,0.5,2
9511,9c66362a-8222-11f1-b0da-2389f409459f,5,"[1, 1]",1,1,-1,,0.5,2
9512,9c66362a-8222-11f1-b0da-2389f409459f,6,"[1, 1]",0,1,-1,,0.5,2
9513,9c66362a-8222-11f1-b0da-2389f409459f,6,"[1, 1]",1,1,-1,,0.5,2
9514,9c66362a-8222-11f1-b0da-2389f409459f,7,"[0, 1]",0,0,0,,0.5,2
9515,9c66362a-8222-11f1-b0da-2389f409459f,7,"[0, 1]",1,1,1,,0.5,2
9516,9c66362a-8222-11f1-b0da-2389f409459f,8,"[1, 1]",0,1,-1,,0.5,2
9517,9c66362a-8222-11f1-b0da-2389f409459f,8,"[1, 1]",1,1,-1,,0.5,2
9518,9c66362a-8222-11f1-b0da-2389f409459f,9,"[0, 1]",0,0,0,,0.5,2
9519,9c66362a-8222-11f1-b0da-2389f409459f,9,"[0, 1]",1,1,1,,0.5,2
9520,9c66362a-8222-11f1-b0da-2389f409459f,10,"[1, 0]",0,1,1,,0.5,2
9521,9c66362a-8222-11f1-b0da-2389f409459f,10,"[1, 0]",1,0,0,,0.5,2
9522,9c66362a-8222-11f1-b0da-2389f409459f,11,"[1, 0]",0,1,1,,0.5,2
9523,9c66362a-8222-11f1-b0da-2389f409459f,11,"[1, 0]",1,0,0,,0.5,2
9524,9c66362a-8222-11f1-b0da-2389f409459f,12,"[1, 0]",0,1,1,,0.5,2
9525,9c66362a-8222-11f1-b0da-2389f409459f,12,"[1, 0]",1,0,0,,0.5,2
9526,9c66362a-8222-11f1-b0da-2389f409459f,13,"[1, 0]",0,1,1,,0.5,2
9527,9c66362a-8222-11f1-b0da-2389f409459f,13,"[1, 0]",1,0,0,,0.5,2
9528,9c66362a-8222-11f1-b0da-2389f409459f,14,"[1, 0]",0,1,1,,0.5,2
9529,9c66362a-8222-11f1-b0da-2389f409459f,14,"[1, 0]",1,0,0,,0.5,2
9530,9c66362a-8222-11f1-b0da-2389f409459f,15,"[0, 0]",0,0,0,,0.5,2
9531,9c66362a-8222-11f1-b0da-2389f409459f,15,"[0, 0]",1,0,0,,0.5,2
9532,9c66362a-8222-11f1-b0da-2389f409459f,16,"[0, 0]",0,0,0,,0.5,2
9533,9c66362a-8222-11f1-b0da-2389f409459f,16,"[0, 0]",1,0,0,,0.5,2
9534,9c66362a-8222-11f1-b0da-2389f409459f,17,"[0, 0]",0,0,0,,0.5,2
9535,9c66362a-8222-11f1-b0da-2389f409459f,17,"[0, 0]",1,0,0,,0.5,2
9536,9c66362a-8222-11f1-b0da-2389f409459f,18,"[1, 0]",0,1,1,,0.5,2
9537,9c66362a-8222-11f1-b0da-2389f409459f,18,"[1, 0]",1,0,0,,0.5,2
9538,9c66362a-8222-11f1-b0da-2389f409459f,19,"[1, 0]",0,1,1,,0.5,2
9539,9c66362a-8222-11f1-b0da-2389f409459f,19,"[1, 0]",1,0,0,,0.5,2
9540,9c66362a-8222-11f1-b0da-2389f409459f,20,"[1, 0]",0,1,1,,0.5,2
9541,9c66362a-8222-11f1-b0da-2389f409459f,20,"[1, 0]",1,0,0,,0.5,2
9542,9c66362a-8222-11f1-b0da-2389f409459f,21,"[1, 1]",0,1,-1,,0.5,2
9543,9c66362a-8222-11f1-b0da-2389f409459f,21,"[1, 1]",1,1,-1,,0.5,2
9544,9c66362a-8222-11f1-b0da-2389f409459f,22,"[1, 1]",0,1,-1,,0.5,2
9545,9c66362a-8222-11f1-b0da-2389f409459f,22,"[1, 1]",1,1,-1,,0.5,2
9546,9c66362a-8222-11f1-b0da-2389f409459f,23,"[1, 1]",0,1,-1,,0.5,2
9547,9c66362a-8222-11f1-b0da-2389f409459f,23,"[1, 1]",1,1,-1,,0.5,2
9548,9c66362a-8222-11f1-b0da-2389f409459f,24,"[1, 1]",0,1,-1,,0.5,2
9549,9c66362a-8222-11f1-b0da-2389f409459f,24,"[1, 1]",1,1,-1,,0.5,2
9550,9c66362a-8222-11f1-b0da-2389f409459f,25,"[1, 1]",0,1,-1,,0.5,2
9551,9c66362a-8222-11f1-b0da-2389f409459f,25,"[1, 1]",1,1,-1,,0.5,2
9552,9c66362a-8222-11f1-b0da-2389f409459f,26,"[0, 0]",0,0,0,,0.5,2
9553,9c66362a-8222-11f1-b0da-2389f409459f,26,"[0, 0]",1,0,0,,0.5,2
9554,9c66362a-8222-11f1-b0da-2389f409459f,27,"[0, 0]",0,0,0,,0.5,2
9555,9c66362a-8222-11f1-b0da-2389f409459f,27,"[0, 0]",1,0,0,,0.5,2
9556,9c66362a-8222-11f1-b0da-2389f409459f,28,"[1, 1]",0,1,-1,,0.5,2
9557,9c66362a-8222-11f1-b0da-2389f409459f,28,"[1, 1]",1,1,-1,,0.5,2
9558,9c66362a-8222-11f1-b0da-2389f409459f,29,"[1, 0]",0,1,1,,0.5,2
9559,9c66362a-8222-11f1-b0da-2389f409459f,29,"[1, 0]",1,0,0,,0.5,2
9560,9c66362a-8222-11f1-b0da-2389f409459f,30,"[1, 1]",0,1,-1,,0.5,2
9561,9c66362a-8222-11f1-b0da-2389f409459f,30,"[1, 1]",1,1,-1,,0.5,2
9562,9c66362a-8222-11f1-b0da-2389f409459f,31,"[0, 1]",0,0,0,,0.5,2
9563,9c66362a-8222-11f1-b0da-2389f409459f,31,"[0, 1]",1,1,1,,0.5,2
9564,9c66362a-8222-11f1-b0da-2389f409459f,32,"[1, 0]",0,1,1,,0.5,2
9565,9c66362a-8222-11f1-b0da-2389f409459f,32,"[1, 0]",1,0,0,,0.5,2
9566,9c66362a-8222-11f1-b0da-2389f409459f,33,"[1, 0]",0,1,1,,0.5,2
9567,9c66362a-8222-11f1-b0da-2389f409459f,33,"[1, 0]",1,0,0,,0.5,2
9568,9c66362a-8222-11f1-b0da-2389f409459f,34,"[1, 0]",0,1,1,,0.5,2
9569,9c66362a-8222-11f1-b0da-2389f409459f,34,"[1, 0]",1,0,0,,0.5,2
9570,9c66362a-8222-11f1-b0da-2389f409459f,35,"[1, 0]",0,1,1,,0.5,2
9571,9c66362a-8222-11f1-b0da-2389f409459f,35,"[1, 0]",1,0,0,,0.5,2
9572,9c66362a-8222-11f1-b0da-2389f409459f,36,"[1, 0]",0,1,1,,0.5,2
9573,9c66362a-8222-11f1-b0da-2389f409459f,36,"[1, 0]",1,0,0,,0.5,2
9574,9c66362a-8222-11f1-b0da-2389f409459f,37,"[1, 0]",0,1,1,,0.5,2
9575,9c66362a-8222-11f1-b0da-2389f409459f,37,"[1, 0]",1,0,0,,0.5,2
9576,9c66362a-8222-11f1-b0da-2389f409459f,38,"[1, 0]",0,1,1,,0.5,2
9577,9c66362a-8222-11f1-b0da-2389f409459f,38,"[1, 0]",1,0,0,,0.5,2
9578,9c66362a-8222-11f1-b0da-2389f409459f,39,"[1, 1]",0,1,-1,,0.5,2
9579,9c66362a-8222-11f1-b0da-2389f409459f,39,"[1, 1]",1,1,-1,,0.5,2
9580,9c66362a-8222-11f1-b0da-2389f409459f,40,"[1, 1]",0,1,-1,,0.5,2
9581,9c66362a-8222-11f1-b0da-2389f409459f,40,"[1, 1]",1,1,-1,,0.5,2
9582,9c66362a-8222-11f1-b0da-2389f409459f,41,"[0, 0]",0,0,0,,0.5,2
9583,9c66362a-8222-11f1-b0da-2389f409459f,41,"[0, 0]",1,0,0,,0.5,2
9584,9c66362a-8222-11f1-b0da-2389f409459f,42,"[0, 0]",0,0,0,,0.5,2
9585,9c66362a-8222-11f1-b0da-2389f409459f,42,"[0, 0]",1,0,0,,0.5,2
9586,9c66362a-8222-11f1-b0da-2389f409459f,43,"[1, 0]",0,1,1,,0.5,2
9587,9c66362a-8222-11f1-b0da-2389f409459f,43,"[1, 0]",1,0,0,,0.5,2
9588,9c66362a-8222-11f1-b0da-2389f409459f,44,"[1, 0]",0,1,1,,0.5,2
9589,9c66362a-8222-11f1-b0da-2389f409459f,44,"[1, 0]",1,0,0,,0.5,2
9590,9c66362a-8222-11f1-b0da-2389f409459f,45,"[1, 0]",0,1,1,,0.5,2
9591,9c66362a-8222-11f1-b0da-2389f409459f,45,"[1, 0]",1,0,0,,0.5,2
9592,9c66362a-8222-11f1-b0da-2389f409459f,46,"[1, 0]",0,1,1,,0.5,2
9593,9c66362a-8222-11f1-b0da-2389f409459f,46,"[1, 0]",1,0,0,,0.5,2
9594,9c66362a-8222-11f1-b0da-2389f409459f,47,"[1, 0]",0,1,1,,0.5,2
9595,9c66362a-8222-11f1-b0da-2389f409459f,47,"[1, 0]",1,0,0,,0.5,2
9596,9c66362a-8222-11f1-b0da-2389f409459f,48,"[1, 1]",0,1,-1,,0.5,2
9597,9c66362a-8222-11f1-b0da-2389f409459f,48,"[1, 1]",1,1,-1,,0.5,2
9598,9c66362a-8222-11f1-b0da-2389f409459f,49,"[1, 1]",0,1,-1,,0.5,2
9599,9c66362a-8222-11f1-b0da-2389f409459f,49,"[1, 1]",1,1,-1,,0.5,2
9600,9c680c98-8222-11f1-b0da-2389f409459f,0,"[0, 1]",0,0,0,,0.5,2
9601,9c680c98-8222-11f1-b0da-2389f409459f,0,"[0, 1]",1,1,1,,0.5,2
9602,9c680c98-8222-11f1-b0da-2389f409459f,1,"[0, 1]",0,0,0,,0.5,2
9603,9c680c98-8222-11f1-b0da-2389f409459f,1,"[0, 1]",1,1,1,,0.5,2
9604,9c680c98-8222-11f1-b0da-2389f409459f,2,"[0, 1]",0,0,0,,0.5,2
9605,9c680c98-8222-11f1-b0da-2389f409459f,2,"[0, 1]",1,1,1,,0.5,2
9606,9c680c98-8222-11f1-b0da-2389f409459f,3,"[0, 0]",0,0,0,,0.5,2
9607,9c680c98-8222-11f1-b0da-2389f409459f,3,"[0, 0]",1,0,0,,0.5,2
9608,9c680c98-8222-11f1-b0da-2389f409459f,4,"[1, 1]",0,1,-1,,0.5,2
9609,9c680c98-8222-11f1-b0da-2389f409459f,4,"[1, 1]",1,1,-1,,0.5,2
9610,9c680c98-8222-11f1-b0da-2389f409459f,5,"[0, 1]",0,0,0,,0.5,2
9611,9c680c98-8222-11f1-b0da-2389f409459f,5,"[0, 1]",1,1,1,,0.5,2
9612,9c680c98-8222-11f1-b0da-2389f409459f,6,"[1, 0]",0,1,1,,0.5,2
9613,9c680c98-8222-11f1-b0da-2389f409459f,6,"[1, 0]",1,0,0,,0.5,2
9614,9c680c98-8222-11f1-b0da-2389f409459f,7,"[0, 1]",0,0,0,,0.5,2
9615,9c680c98-8222-11f1-b0da-2389f409459f,7,"[0, 1]",1,1,1,,0.5,2
9616,9c680c98-8222-11f1-b0da-2389f409459f,8,"[0, 0]",0,0,0,,0.5,2
9617,9c680c98-8222-11f1-b0da-2389f409459f,8,"[0, 0]",1,0,0,,0.5,2
9618,9c680c98-8222-11f1-b0da-2389f409459f,9,"[1, 0]",0,1,1,,0.5,2
9619,9c680c98-8222-11f1-b0da-2389f409459f,9,"[1, 0]",1,0,0,,0.5,2
9620,9c680c98-8222-11f1-b0da-2389f409459f,10,"[0, 0]",0,0,0,,0.5,2
9621,9c680c98-8222-11f1-b0da-2389f409459f,10,"[0, 0]",1,0,0,,0.5,2
9622,9c680c98-8222-11f1-b0da-2389f409459f,11,"[0, 1]",0,0,0,,0.5,2
9623,9c680c98-8222-11f1-b0da-2389f409459f,11,"[0, 1]",1,1,1,,0.5,2
9624,9c680c98-8222-11f1-b0da-2389f409459f,12,"[1, 0]",0,1,1,,0.5,2
9625,9c680c98-8222-11f1-b0da-2389f409459f,12,"[1, 0]",1,0,0,,0.5,2
9626,9c680c98-8222-11f1-b0da-2389f409459f,13,"[0, 0]",0,0,0,,0.5,2
9627,9c680c98-8222-11f1-b0da-2389f409459f,13,"[0, 0]",1,0,0,,0.5,2
9628,9c680c98-8222-11f1-b0da-2389f409459f,14,"[0, 1]",0,0,0,,0.5,2
9629,9c680c98-8222-11f1-b0da-2389f409459f,14,"[0, 1]",1,1,1,,0.5,2
9630,9c680c98-8222-11f1-b0da-2389f409459f,15,"[1, 0]",0,1,1,,0.5,2
9631,9c680c98-8222-11f1-b0da-2389f409459f,15,"[1, 0]",1,0,0,,0.5,2
9632,9c680c98-8222-11f1-b0da-2389f409459f,16,"[1, 1]",0,1,-1,,0.5,2
9633,9c680c98-8222-11f1-b0da-2389f409459f,16,"[1, 1]",1,1,-1,,0.5,2
9634,9c680c98-8222-11f1-b0da-2389f409459f,17,"[0, 0]",0,0,0,,0.5,2
9635,9c680c98-8222-11f1-b0da-2389f409459f,17,"[0, 0]",1,0,0,,0.5,2
9636,9c680c98-8222-11f1-b0da-2389f409459f,18,"[0, 1]",0,0,0,,0.5,2
9637,9c680c98-8222-11f1-b0da-2389f409459f,18,"[0, 1]",1,1,1,,0.5,2
9638,9c680c98-8222-11f1-b0da-2389f409459f,19,"[1, 1]",0,1,-1,,0.5,2
9639,9c680c98-8222-11f1-b0da-2389f409459f,19,"[1, 1]",1,1,-1,,0.5,2
9640,9c680c98-8222-11f1-b0da-2389f409459f,20,"[0, 1]",0,0,0,,0.5,2
9641,9c680c98-8222-11f1-b0da-2389f409459f,20,"[0, 1]",1,1,1,,0.5,2
9642,9c680c98-8222-11f1-b0da-2389f409459f,21,"[1, 0]",0,1,1,,0.5,2
9643,9c680c98-8222-11f1-b0da-2389f409459f,21,"[1, 0]",1,0,0,,0.5,2
9644,9c680c98-8222-11f1-b0da-2389f409459f,22,"[1, 1]",0,1,-1,,0.5,2
9645,9c680c98-8222-11f1-b0da-2389f409459f,22,"[1, 1]",1,1,-1,,0.5,2
9646,9c680c98-8222-11f1-b0da-2389f409459f,23,"[0, 1]",0,0,0,,0.5,2
9647,9c680c98-8222-11f1-b0da-2389f409459f,23,"[0, 1]",1,1,1,,0.5,2
9648,9c680c98-8222-11f1-b0da-2389f409459f,24,"[1, 1]",0,1,-1,,0.5,2
9649,9c680c98-8222-11f1-b0da-2389f409459f,24,"[1, 1]",1,1,-1,,0.5,2
9650,9c680c98-8222-11f1-b0da-2389f409459f,25,"[0, 0]",0,0,0,,0.5,2
9651,9c680c98-8222-11f1-b0da-2389f409459f,25,"[0, 0]",1,0,0,,0.5,2
9652,9c680c98-8222-11f1-b0da-2389f409459f,26,"[0, 1]",0,0,0,,0.5,2
9653,9c680c98-8222-11f1-b0da-2389f409459f,26,"[0, 1]",1,1,1,,0.5,2
9654,9c680c98-8222-11f1-b0da-2389f409459f,27,"[1, 1]",0,1,-1,,0.5,2
9655,9c680c98-8222-11f1-b0da-2389f409459f,27,"[1, 1]",1,1,-1,,0.5,2
9656,9c680c98-8222-11f1-b0da-2389f409459f,28,"[0, 0]",0,0,0,,0.5,2
9657,9c680c98-8222-11f1-b0da-2389f409459f,28,"[0, 0]",1,0,0,,0.5,2
9658,9c680c98-8222-11f1-b0da-2389f409459f,29,"[0, 1]",0,0,0,,0.5,2
9659,9c680c98-8222-11f1-b0da-2389f409459f,29,"[0, 1]",1,1,1,,0.5,2
9660,9c680c98-8222-11f1-b0da-2389f409459f,30,"[0, 0]",0,0,0,,0.5,2
9661,9c680c98-8222-11f1-b0da-2389f409459f,30,"[0, 0]",1,0,0,,0.5,2
9662,9c680c98-8222-11f1-b0da-2389f409459f,31,"[1, 1]",0,1,-1,,0.5,2
9663,9c680c98-8222-11f1-b0da-2389f409459f,31,"[1, 1]",1,1,-1,,0.5,2
9664,9c680c98-8222-11f1-b0da-2389f409459f,32,"[1, 0]",0,1,1,,0.5,2
9665,9c680c98-8222-11f1-b0da-2389f409459f,32,"[1, 0]",1,0,0,,0.5,2
9666,9c680c98-8222-11f1-b0da-2389f409459f,33,"[0, 0]",0,0,0,,0.5,2
9667,9c680c98-8222-11f1-b0da-2389f409459f,33,"[0, 0]",1,0,0,,0.5,2
9668,9c680c98-8222-11f1-b0da-2389f409459f,34,"[1, 1]",0,1,-1,,0.5,2
9669,9c680c98-8222-11f1-b0da-2389f409459f,34,"[1, 1]",1,1,-1,,0.5,2
9670,9c680c98-8222-11f1-b0da-2389f409459f,35,"[1, 0]",0,1,1,,0.5,2
9671,9c680c98-8222-11f1-b0da-2389f409459f,35,"[1, 0]",1,0,0,,0.5,2
9672,9c680c98-8222-11f1-b0da-2389f409459f,36,"[1, 1]",0,1,-1,,0.5,2
9673,9c680c98-8222-11f1-b0da-2389f409459f,36,"[1, 1]",1,1,-1,,0.5,2
9674,9c680c98-8222-11f1-b0da-2389f409459f,37,"[0, 0]",0,0,0,,0.5,2
9675,9c680c98-8222-11f1-b0da-2389f409459f,37,"[0, 0]",1,0,0,,0.5,2
9676,9c680c98-8222-11f1-b0da-2389f409459f,38,"[1, 1]",0,1,-1,,0.5,2
9677,9c680c98-8222-11f1-b0da-2389f409459f,38,"[1, 1]",1,1,-1,,0.5,2
9678,9c680c98-8222-11f1-b0da-2389f409459f,39,"[0, 1]",0,0,0,,0.5,2
9679,9c680c98-8222-11f1-b0da-2389f409459f,39,"[0, 1]",1,1,1,,0.5,2
9680,9c680c98-8222-11f1-b0da-2389f409459f,40,"[1, 0]",0,1,1,,0.5,2
9681,9c680c98-8222-11f1-b0da-2389f409459f,40,"[1, 0]",1,0,0,,0.5,2
9682,9c680c98-8222-11f1-b0da-2389f409459f,41,"[0, 0]",0,0,0,,0.5,2
9683,9c680c98-8222-11f1-b0da-2389f409459f,41,"[0, 0]",1,0,0,,0.5,2
9684,9c680c98-8222-11f1-b0da-2389f409459f,42,"[1, 1]",0,1,-1,,0.5,2
9685,9c680c98-8222-11f1-b0da-2389f409459f,42,"[1, 1]",1,1,-1,,0.5,2
9686,9c680c98-8222-11f1-b0da-2389f409459f,43,"[0, 0]",0,0,0,,0.5,2
9687,9c680c98-8222-11f1-b0da-2389f409459f,43,"[0, 0]",1,0,0,,0.5,2
9688,9c680c98-8222-11f1-b0da-2389f409459f,44,"[1, 1]",0,1,-1,,0.5,2
9689,9c680c98-8222-11f1-b0da-2389f409459f,44,"[1, 1]",1,1,-1,,0.5,2
9690,9c680c98-8222-11f1-b0da-2389f409459f,45,"[0, 0]",0,0,0,,0.5,2
9691,9c680c98-8222-11f1-b0da-2389f409459f,45,"[0, 0]",1,0,0,,0.5,2
9692,9c680c98-8222-11f1-b0da-2389f409459f,46,"[0, 1]",0,0,0,,0.5,2
9693,9c680c98-8222-11f1-b0da-2389f409459f,46,"[0, 1]",1,1,1,,0.5,2
9694,9c680c98-8222-11f1-b0da-2389f409459f,47,"[1, 0]",0,1,1,,0.5,2
9695,9c680c98-8222-11f1-b0da-2389f409459f,47,"[1, 0]",1,0,0,,0.5,2
9696,9c680c98-8222-11f1-b0da-2389f409459f,48,"[1, 0]",0,1,1,,0.5,2
9697,9c680c98-8222-11f1-b0da-2389f409459f,48,"[1, 0]",1,0,0,,0.5,2
9698,9c680c98-8222-11f1-b0da-2389f409459f,49,"[0, 0]",0,0,0,,0.5,2
9699,9c680c98-8222-11f1-b0da-2389f409459f,49,"[0, 0]",1,0,0,,0.5,2
9700,9c69ef54-8222-11f1-b0da-2389f409459f,0,"[1, 1]",0,1,-1,,0.5,2
9701,9c69ef54-8222-11f1-b0da-2389f409459f,0,"[1, 1]",1,1,-1,,0.5,2
9702,9c69ef54-8222-11f1-b0da-2389f409459f,1,"[0, 1]",0,0,0,,0.5,2
9703,9c69ef54-8222-11f1-b0da-2389f409459f,1,"[0, 1]",1,1,1,,0.5,2
9704,9c69ef54-8222-11f1-b0da-2389f409459f,2,"[0, 0]",0,0,0,,0.5,2
9705,9c69ef54-8222-11f1-b0da-2389f409459f,2,"[0, 0]",1,0,0,,0.5,2
9706,9c69ef54-8222-11f1-b0da-2389f409459f,3,"[1, 0]",0,1,1,,0.5,2
9707,9c69ef54-8222-11f1-b0da-2389f409459f,3,"[1, 0]",1,0,0,,0.5,2
9708,9c69ef54-8222-11f1-b0da-2389f409459f,4,"[0, 0]",0,0,0,,0.5,2
9709,9c69ef54-8222-11f1-b0da-2389f409459f,4,"[0, 0]",1,0,0,,0.5,2
9710,9c69ef54-8222-11f1-b0da-2389f409459f,5,"[0, 1]",0,0,0,,0.5,2
9711,9c69ef54-8222-11f1-b0da-2389f409459f,5,"[0, 1]",1,1,1,,0.5,2
9712,9c69ef54-8222-11f1-b0da-2389f409459f,6,"[1, 1]",0,1,-1,,0.5,2
9713,9c69ef54-8222-11f1-b0da-2389f409459f,6,"[1, 1]",1,1,-1,,0.5,2
9714,9c69ef54-8222-11f1-b0da-2389f409459f,7,"[1, 0]",0,1,1,,0.5,2
9715,9c69ef54-8222-11f1-b0da-2389f409459f,7,"[1, 0]",1,0,0,,0.5,2
9716,9c69ef54-8222-11f1-b0da-2389f409459f,8,"[0, 1]",0,0,0,,0.5,2
9717,9c69ef54-8222-11f1-b0da-2389f409459f,8,"[0, 1]",1,1,1,,0.5,2
9718,9c69ef54-8222-11f1-b0da-2389f409459f,9,"[1, 0]",0,1,1,,0.5,2
9719,9c69ef54-8222-11f1-b0da-2389f409459f,9,"[1, 0]",1,0,0,,0.5,2
9720,9c69ef54-8222-11f1-b0da-2389f409459f,10,"[1, 0]",0,1,1,,0.5,2
9721,9c69ef54-8222-11f1-b0da-2389f409459f,10,"[1, 0]",1,0,0,,0.5,2
9722,9c69ef54-8222-11f1-b0da-2389f409459f,11,"[1, 0]",0,1,1,,0.5,2
9723,9c69ef54-8222-11f1-b0da-2389f409459f,11,"[1, 0]",1,0,0,,0.5,2
9724,9c69ef54-8222-11f1-b0da-2389f409459f,12,"[0, 0]",0,0,0,,0.5,2
9725,9c69ef54-8222-11f1-b0da-2389f409459f,12,"[0, 0]",1,0,0,,0.5,2
9726,9c69ef54-8222-11f1-b0da-2389f409459f,13,"[0, 0]",0,0,0,,0.5,2
9727,9c69ef54-8222-11f1-b0da-2389f409459f,13,"[0, 0]",1,0,0,,0.5,2
9728,9c69ef54-8222-11f1-b0da-2389f409459f,14,"[1, 1]",0,1,-1,,0.5,2
9729,9c69ef54-8222-11f1-b0da-2389f409459f,14,"[1, 1]",1,1,-1,,0.5,2
9730,9c69ef54-8222-11f1-b0da-2389f409459f,15,"[1, 1]",0,1,-1,,0.5,2
9731,9c69ef54-8222-11f1-b0da-2389f409459f,15,"[1, 1]",1,1,-1,,0.5,2
9732,9c69ef54-8222-11f1-b0da-2389f409459f,16,"[0, 0]",0,0,0,,0.5,2
9733,9c69ef54-8222-11f1-b0da-2389f409459f,16,"[0, 0]",1,0,0,,0.5,2
9734,9c69ef54-8222-11f1-b0da-2389f409459f,17,"[0, 1]",0,0,0,,0.5,2
9735,9c69ef54-8222-11f1-b0da-2389f409459f,17,"[0, 1]",1,1,1,,0.5,2
9736,9c69ef54-8222-11f1-b0da-2389f409459f,18,"[0, 1]",0,0,0,,0.5,2
9737,9c69ef54-8222-11f1-b0da-2389f409459f,18,"[0, 1]",1,1,1,,0.5,2
9738,9c69ef54-8222-11f1-b0da-2389f409459f,19,"[0, 1]",0,0,0,,0.5,2
9739,9c69ef54-8222-11f1-b0da-2389f409459f,19,"[0, 1]",1,1,1,,0.5,2
9740,9c69ef54-8222-11f1-b0da-2389f409459f,20,"[1, 0]",0,1,1,,0.5,2
9741,9c69ef54-8222-11f1-b0da-2389f409459f,20,"[1, 0]",1,0,0,,0.5,2
9742,9c69ef54-8222-11f1-b0da-2389f409459f,21,"[0, 0]",0,0,0,,0.5,2
9743,9c69ef54-8222-11f1-b0da-2389f409459f,21,"[0, 0]",1,0,0,,0.5,2
9744,9c69ef54-8222-11f1-b0da-2389f409459f,22,"[0, 0]",0,0,0,,0.5,2
9745,9c69ef54-8222-11f1-b0da-2389f409459f,22,"[0, 0]",1,0,0,,0.5,2
9746,9c69ef54-8222-11f1-b0da-2389f409459f,23,"[0, 0]",0,0,0,,0.5,2
9747,9c69ef54-8222-11f1-b0da-2389f409459f,23,"[0, 0]",1,0,0,,0.5,2
9748,9c69ef54-8222-11f1-b0da-2389f409459f,24,"[0, 0]",0,0,0,,0.5,2
9749,9c69ef54-8222-11f1-b0da-2389f409459f,24,"[0, 0]",1,0,0,,0.5,2
9750,9c69ef54-8222-11f1-b0da-2389f409459f,25,"[1, 1]",0,1,-1,,0.5,2
9751,9c69ef54-8222-11f1-b0da-2389f409459f,25,"[1, 1]",1,1,-1,,0.5,2
9752,9c69ef54-8222-11f1-b0da-2389f409459f,26,"[0, 1]",0,0,0,,0.5,2
9753,9c69ef54-8222-11f1-b0da-2389f409459f,26,"[0, 1]",1,1,1,,0.5,2
9754,9c69ef54-8222-11f1-b0da-2389f409459f,27,"[1, 0]",0,1,1,,0.5,2
9755,9c69ef54-8222-11f1-b0da-2389f409459f,27,"[1, 0]",1,0,0,,0.5,2
9756,9c69ef54-8222-11f1-b0da-2389f409459f,28,"[1, 0]",0,1,1,,0.5,2
9757,9c69ef54-8222-11f1-b0da-2389f409459f,28,"[1, 0]",1,0,0,,0.5,2
9758,9c69ef54-8222-11f1-b0da-2389f409459f,29,"[1, 0]",0,1,1,,0.5,2
9759,9c69ef54-8222-11f1-b0da-2389f409459f,29,"[1, 0]",1,0,0,,0.5,2
9760,9c69ef54-8222-11f1-b0da-2389f409459f,30,"[1, 0]",0,1,1,,0.5,2
9761,9c69ef54-8222-11f1-b0da-2389f409459f,30,"[1, 0]",1,0,0,,0.5,2
9762,9c69ef54-8222-11f1-b0da-2389f409459f,31,"[1, 0]",0,1,1,,0.5,2
9763,9c69ef54-8222-11f1-b0da-2389f409459f,31,"[1, 0]",1,0,0,,0.5,2
9764,9c69ef54-8222-11f1-b0da-2389f409459f,32,"[0, 0]",0,0,0,,0.5,2
9765,9c69ef54-8222-11f1-b0da-2389f409459f,32,"[0, 0]",1,0,0,,0.5,2
9766,9c69ef54-8222-11f1-b0da-2389f409459f,33,"[1, 0]",0,1,1,,0.5,2
9767,9c69ef54-8222-11f1-b0da-2389f409459f,33,"[1, 0]",1,0,0,,0.5,2
9768,9c69ef54-8222-11f1-b0da-2389f409459f,34,"[1, 0]",0,1,1,,0.5,2
9769,9c69ef54-8222-11f1-b0da-2389f409459f,34,"[1, 0]",1,0,0,,0.5,2
9770,9c69ef54-8222-11f1-b0da-2389f409459f,35,"[1, 1]",0,1,-1,,0.5,2
9771,9c69ef54-8222-11f1-b0da-2389f409459f,35,"[1, 1]",1,1,-1,,0.5,2
9772,9c69ef54-8222-11f1-b0da-2389f409459f,36,"[1, 1]",0,1,-1,,0.5,2
9773,9c69ef54-8222-11f1-b0da-2389f409459f,36,"[1, 1]",1,1,-1,,0.5,2
9774,9c69ef54-8222-11f1-b0da-2389f409459f,37,"[0, 1]",0,0,0,,0.5,2
9775,9c69ef54-8222-11f1-b0da-2389f409459f,37,"[0, 1]",1,1,1,,0.5,2
9776,9c69ef54-8222-11f1-b0da-2389f409459f,38,"[1, 0]",0,1,1,,0.5,2
9777,9c69ef54-8222-11f1-b0da-2389f409459f,38,"[1, 0]",1,0,0,,0.5,2
9778,9c69ef54-8222-11f1-b0da-2389f409459f,39,"[0, 0]",0,0,0,,0.5,2
9779,9c69ef54-8222-11f1-b0da-2389f409459f,39,"[0, 0]",1,0,0,,0.5,2
9780,9c69ef54-8222-11f1-b0da-2389f409459f,40,"[1, 1]",0,1,-1,,0.5,2
9781,9c69ef54-8222-11f1-b0da-2389f409459f,40,"[1, 1]",1,1,-1,,0.5,2
9782,9c69ef54-8222-11f1-b0da-2389f409459f,41,"[0, 1]",0,0,0,,0.5,2
9783,9c69ef54-8222-11f1-b0da-2389f409459f,41,"[0, 1]",1,1,1,,0.5,2
9784,9c69ef54-8222-11f1-b0da-2389f409459f,42,"[1, 1]",0,1,-1,,0.5,2
9785,9c69ef54-8222-11f1-b0da-2389f409459f,42,"[1, 1]",1,1,-1,,0.5,2
9786,9c69ef54-8222-11f1-b0da-2389f409459f,43,"[0, 0]",0,0,0,,0.5,2
9787,9c69ef54-8222-11f1-b0da-2389f409459f,43,"[0, 0]",1,0,0,,0.5,2
9788,9c69ef54-8222-11f1-b0da-2389f409459f,44,"[0, 1]",0,0,0,,0.5,2
9789,9c69ef54-8222-11f1-b0da-2389f409459f,44,"[0, 1]",1,1,1,,0.5,2
9790,9c69ef54-8222-11f1-b0da-2389f409459f,45,"[1, 1]",0,1,-1,,0.5,2
9791,9c69ef54-8222-11f1-b0da-2389f409459f,45,"[1, 1]",1,1,-1,,0.5,2
9792,9c69ef54-8222-11f1-b0da-2389f409459f,46,"[1, 1]",0,1,-1,,0.5,2
9793,9c69ef54-8222-11f1-b0da-2389f409459f,46,"[1, 1]",1,1,-1,,0.5,2
9794,9c69ef54-8222-11f1-b0da-2389f409459f,47,"[1, 1]",0,1,-1,,0.5,2
9795,9c69ef54-8222-11f1-b0da-2389f409459f,47,"[1, 1]",1,1,-1,,0.5,2
9796,9c69ef54-8222-11f1-b0da-2389f409459f,48,"[0, 1]",0,0,0,,0.5,2
9797,9c69ef54-8222-11f1-b0da-2389f409459f,48,"[0, 1]",1,1,1,,0.5,2
9798,9c69ef54-8222-11f1-b0da-2389f409459f,49,"[1, 0]",0,1,1,,0.5,2
9799,9c69ef54-8222-11f1-b0da-2389f409459f,49,"[1, 0]",1,0,0,,0.5,2
9800,9c6b60d2-8222-11f1-b0da-2389f409459f,0,"[0, 0]",0,0,0,,0.5,2
9801,9c6b60d2-8222-11f1-b0da-2389f409459f,0,"[0, 0]",1,0,0,,0.5,2
9802,9c6b60d2-8222-11f1-b0da-2389f409459f,1,"[0, 1]",0,0,0,,0.5,2
9803,9c6b60d2-8222-11f1-b0da-2389f409459f,1,"[0, 1]",1,1,1,,0.5,2
9804,9c6b60d2-8222-11f1-b0da-2389f409459f,2,"[0, 0]",0,0,0,,0.5,2
9805,9c6b60d2-8222-11f1-b0da-2389f409459f,2,"[0, 0]",1,0,0,,0.5,2
9806,9c6b60d2-8222-11f1-b0da-2389f409459f,3,"[0, 0]",0,0,0,,0.5,2
9807,9c6b60d2-8222-11f1-b0da-2389f409459f,3,"[0, 0]",1,0,0,,0.5,2
9808,9c6b60d2-8222-11f1-b0da-2389f409459f,4,"[1, 1]",0,1,-1,,0.5,2
9809,9c6b60d2-8222-11f1-b0da-2389f409459f,4,"[1, 1]",1,1,-1,,0.5,2
9810,9c6b60d2-8222-11f1-b0da-2389f409459f,5,"[1, 1]",0,1,-1,,0.5,2
9811,9c6b60d2-8222-11f1-b0da-2389f409459f,5,"[1, 1]",1,1,-1,,0.5,2
9812,9c6b60d2-8222-11f1-b0da-2389f409459f,6,"[0, 0]",0,0,0,,0.5,2
9813,9c6b60d2-8222-11f1-b0da-2389f409459f,6,"[0, 0]",1,0,0,,0.5,2
9814,9c6b60d2-8222-11f1-b0da-2389f409459f,7,"[1, 0]",0,1,1,,0.5,2
9815,9c6b60d2-8222-11f1-b0da-2389f409459f,7,"[1, 0]",1,0,0,,0.5,2
9816,9c6b60d2-8222-11f1-b0da-2389f409459f,8,"[1, 0]",0,1,1,,0.5,2
9817,9c6b60d2-8222-11f1-b0da-2389f409459f,8,"[1, 0]",1,0,0,,0.5,2
9818,9c6b60d2-8222-11f1-b0da-2389f409459f,9,"[1, 1]",0,1,-1,,0.5,2
9819,9c6b60d2-8222-11f1-b0da-2389f409459f,9,"[1, 1]",1,1,-1,,0.5,2
9820,9c6b60d2-8222-11f1-b0da-2389f409459f,10,"[1, 1]",0,1,-1,,0.5,2
9821,9c6b60d2-8222-11f1-b0da-2389f409459f,10,"[1, 1]",1,1,-1,,0.5,2
9822,9c6b60d2-8222-11f1-b0da-2389f409459f,11,"[0, 0]",0,0,0,,0.5,2
9823,9c6b60d2-8222-11f1-b0da-2389f409459f,11,"[0, 0]",1,0,0,,0.5,2
9824,9c6b60d2-8222-11f1-b0da-2389f409459f,12,"[0, 1]",0,0,0,,0.5,2
9825,9c6b60d2-8222-11f1-b0da-2389f409459f,12,"[0, 1]",1,1,1,,0.5,2
9826,9c6b60d2-8222-11f1-b0da-2389f409459f,13,"[1, 0]",0,1,1,,0.5,2
9827,9c6b60d2-8222-11f1-b0da-2389f409459f,13,"[1, 0]",1,0,0,,0.5,2
9828,9c6b60d2-8222-11f1-b0da-2389f409459f,14,"[0, 1]",0,0,0,,0.5,2
9829,9c6b60d2-8222-11f1-b0da-2389f409459f,14,"[0, 1]",1,1,1,,0.5,2
9830,9c6b60d2-8222-11f1-b0da-2389f409459f,15,"[1, 1]",0,1,-1,,0.5,2
9831,9c6b60d2-8222-11f1-b0da-2389f409459f,15,"[1, 1]",1,1,-1,,0.5,2
9832,9c6b60d2-8222-11f1-b0da-2389f409459f,16,"[1, 0]",0,1,1,,0.5,2
9833,9c6b60d2-8222-11f1-b0da-2389f409459f,16,"[1, 0]",1,0,0,,0.5,2
9834,9c6b60d2-8222-11f1-b0da-2389f409459f,17,"[1, 0]",0,1,1,,0.5,2
9835,9c6b60d2-8222-11f1-b0da-2389f409459f,17,"[1, 0]",1,0,0,,0.5,2
9836,9c6b60d2-8222-11f1-b0da-2389f409459f,18,"[1, 0]",0,1,1,,0.5,2
9837,9c6b60d2-8222-11f1-b0da-2389f409459f,18,"[1, 0]",1,0,0,,0.5,2
9838,9c6b60d2-8222-11f1-b0da-2389f409459f,19,"[1, 1]",0,1,-1,,0.5,2
9839,9c6b60d2-8222-11f1-b0da-2389f409459f,19,"[1, 1]",1,1,-1,,0.5,2
9840,9c6b60d2-8222-11f1-b0da-2389f409459f,20,"[0, 1]",0,0,0,,0.5,2
9841,9c6b60d2-8222-11f1-b0da-2389f409459f,20,"[0, 1]",1,1,1,,0.5,2
9842,9c6b60d2-8222-11f1-b0da-2389f409459f,21,"[1, 1]",0,1,-1,,0.5,2
9843,9c6b60d2-8222-11f1-b0da-2389f409459f,21,"[1, 1]",1,1,-1,,0.5,2
9844,9c6b60d2-8222-11f1-b0da-2389f409459f,22,"[1, 0]",0,1,1,,0.5,2
9845,9c6b60d2-8222-11f1-b0da-2389f409459f,22,"[1, 0]",1,0,0,,0.5,2
9846,9c6b60d2-8222-11f1-b0da-2389f409459f,23,"[1, 1]",0,1,-1,,0.5,2
9847,9c6b60d2-8222-11f1-b0da-2389f409459f,23,"[1, 1]",1,1,-1,,0.5,2
9848,9c6b60d2-8222-11f1-b0da-2389f409459f,24,"[0, 1]",0,0,0,,0.5,2
9849,9c6b60d2-8222-11f1-b0da-2389f409459f,24,"[0, 1]",1,1,1,,0.5,2
9850,9c6b60d2-8222-11f1-b0da-2389f409459f,25,"[1, 1]",0,1,-1,,0.5,2
9851,9c6b60d2-8222-11f1-b0da-2389f409459f,25,"[1, 1]",1,1,-1,,0.5,2
9852,9c6b60d2-8222-11f1-b0da-2389f409459f,26,"[1, 0]",0,1,1,,0.5,2
9853,9c6b60d2-8222-11f1-b0da-2389f409459f,26,"[1, 0]",1,0,0,,0.5,2
9854,9c6b60d2-8222-11f1-b0da-2389f409459f,27,"[0, 0]",0,0,0,,0.5,2
9855,9c6b60d2-8222-11f1-b0da-2389f409459f,27,"[0, 0]",1,0,0,,0.5,2
9856,9c6b60d2-8222-11f1-b0da-2389f409459f,28,"[1, 0]",0,1,1,,0.5,2
9857,9c6b60d2-8222-11f1-b0da-2389f409459f,28,"[1, 0]",1,0,0,,0.5,2
9858,9c6b60d2-8222-11f1-b0da-2389f409459f,29,"[1, 0]",0,1,1,,0.5,2
9859,9c6b60d2-8222-11f1-b0da-2389f409459f,29,"[1, 0]",1,0,0,,0.5,2
9860,9c6b60d2-8222-11f1-b0da-2389f409459f,30,"[0, 0]",0,0,0,,0.5,2
9861,9c6b60d2-8222-11f1-b0da-2389f409459f,30,"[0, 0]",1,0,0,,0.5,2
9862,9c6b60d2-8222-11f1-b0da-2389f409459f,31,"[1, 0]",0,1,1,,0.5,2
9863,9c6b60d2-8222-11f1-b0da-2389f409459f,31,"[1, 0]",1,0,0,,0.5,2
9864,9c6b60d2-8222-11f1-b0da-2389f409459f,32,"[1, 0]",0,1,1,,0.5,2
9865,9c6b60d2-8222-11f1-b0da-2389f409459f,32,"[1, 0]",1,0,0,,0.5,2
9866,9c6b60d2-8222-11f1-b0da-2389f409459f,33,"[1, 1]",0,1,-1,,0.5,2
9867,9c6b60d2-8222-11f1-b0da-2389f409459f,33,"[1, 1]",1,1,-1,,0.5,2
9868,9c6b60d2-8222-11f1-b0da-2389f409459f,34,"[1, 0]",0,1,1,,0.5,2
9869,9c6b60d2-8222-11f1-b0da-2389f409459f,34,"[1, 0]",1,0,0,,0.5,2
9870,9c6b60d2-8222-11f1-b0da-2389f409459f,35,"[1, 0]",0,1,1,,0.5,2
9871,9c6b60d2-8222-11f1-b0da-2389f409459f,35,"[1, 0]",1,0,0,,0.5,2
9872,9c6b60d2-8222-11f1-b0da-2389f409459f,36,"[1, 0]",0,1,1,,0.5,2
9873,9c6b60d2-8222-11f1-b0da-2389f409459f,36,"[1, 0]",1,0,0,,0.5,2
9874,9c6b60d2-8222-11f1-b0da-2389f409459f,37,"[1, 0]",0,1,1,,0.5,2
9875,9c6b60d2-8222-11f1-b0da-2389f409459f,37,"[1, 0]",1,0,0,,0.5,2
9876,9c6b60d2-8222-11f1-b0da-2389f409459f,38,"[1, 0]",0,1,1,,0.5,2
9877,9c6b60d2-8222-11f1-b0da-2389f409459f,38,"[1, 0]",1,0,0,,0.5,2
9878,9c6b60d2-8222-11f1-b0da-2389f409459f,39,"[1, 0]",0,1,1,,0.5,2
9879,9c6b60d2-8222-11f1-b0da-2389f409459f,39,"[1, 0]",1,0,0,,0.5,2
9880,9c6b60d2-8222-11f1-b0da-2389f409459f,40,"[1, 0]",0,1,1,,0.5,2
9881,9c6b60d2-8222-11f1-b0da-2389f409459f,40,"[1, 0]",1,0,0,,0.5,2
9882,9c6b60d2-8222-11f1-b0da-2389f409459f,41,"[1, 0]",0,1,1,,0.5,2
9883,9c6b60d2-8222-11f1-b0da-2389f409459f,41,"[1, 0]",1,0,0,,0.5,2
9884,9c6b60d2-8222-11f1-b0da-2389f409459f,42,"[1, 0]",0,1,1,,0.5,2
9885,9c6b60d2-8222-11f1-b0da-2389f409459f,42,"[1, 0]",1,0,0,,0.5,2
9886,9c6b60d2-8222-11f1-b0da-2389f409459f,43,"[1, 0]",0,1,1,,0.5,2
9887,9c6b60d2-8222-11f1-b0da-2389f409459f,43,"[1, 0]",1,0,0,,0.5,2
9888,9c6b60d2-8222-11f1-b0da-2389f409459f,44,"[1, 1]",0,1,-1,,0.5,2
9889,9c6b60d2-8222-11f1-b0da-2389f409459f,44,"[1, 1]",1,1,-1,,0.5,2
9890,9c6b60d2-8222-11f1-b0da-2389f409459f,45,"[0, 1]",0,0,0,,0.5,2
9891,9c6b60d2-8222-11f1-b0da-2389f409459f,45,"[0, 1]",1,1,1,,0.5,2
9892,9c6b60d2-8222-11f1-b0da-2389f409459f,46,"[1, 0]",0,1,1,,0.5,2
9893,9c6b60d2-8222-11f1-b0da-2389f409459f,46,"[1, 0]",1,0,0,,0.5,2
9894,9c6b60d2-8222-11f1-b0da-2389f409459f,47,"[1, 0]",0,1,1,,0.5,2
9895,9c6b60d2-8222-11f1-b0da-2389f409459f,47,"[1, 0]",1,0,0,,0.5,2
9896,9c6b60d2-8222-11f1-b0da-2389f409459f,48,"[1, 0]",0,1,1,,0.5,2
9897,9c6b60d2-8222-11f1-b0da-2389f409459f,48,"[1, 0]",1,0,0,,0.5,2
9898,9c6b60d2-8222-11f1-b0da-2389f409459f,49,"[1, 1]",0,1,-1,,0.5,2
9899,9c6b60d2-8222-11f1-b0da-2389f409459f,49,"[1, 1]",1,1,-1,,0.5,2
9900,9c6d8088-8222-11f1-b0da-2389f409459f,0,"[0, 0]",0,0,0,,0.5,2
9901,9c6d8088-8222-11f1-b0da-2389f409459f,0,"[0, 0]",1,0,0,,0.5,2
9902,9c6d8088-8222-11f1-b0da-2389f409459f,1,"[1, 0]",0,1,1,,0.5,2
9903,9c6d8088-8222-11f1-b0da-2389f409459f,1,"[1, 0]",1,0,0,,0.5,2
9904,9c6d8088-8222-11f1-b0da-2389f409459f,2,"[0, 1]",0,0,0,,0.5,2
9905,9c6d8088-8222-11f1-b0da-2389f409459f,2,"[0, 1]",1,1,1,,0.5,2
9906,9c6d8088-8222-11f1-b0da-2389f409459f,3,"[0, 0]",0,0,0,,0.5,2
9907,9c6d8088-8222-11f1-b0da-2389f409459f,3,"[0, 0]",1,0,0,,0.5,2
9908,9c6d8088-8222-11f1-b0da-2389f409459f,4,"[0, 0]",0,0,0,,0.5,2
9909,9c6d8088-8222-11f1-b0da-2389f409459f,4,"[0, 0]",1,0,0,,0.5,2
9910,9c6d8088-8222-11f1-b0da-2389f409459f,5,"[0, 1]",0,0,0,,0.5,2
9911,9c6d8088-8222-11f1-b0da-2389f409459f,5,"[0, 1]",1,1,1,,0.5,2
9912,9c6d8088-8222-11f1-b0da-2389f409459f,6,"[1, 1]",0,1,-1,,0.5,2
9913,9c6d8088-8222-11f1-b0da-2389f409459f,6,"[1, 1]",1,1,-1,,0.5,2
9914,9c6d8088-8222-11f1-b0da-2389f409459f,7,"[0, 1]",0,0,0,,0.5,2
9915,9c6d8088-8222-11f1-b0da-2389f409459f,7,"[0, 1]",1,1,1,,0.5,2
9916,9c6d8088-8222-11f1-b0da-2389f409459f,8,"[1, 0]",0,1,1,,0.5,2
9917,9c6d8088-8222-11f1-b0da-2389f409459f,8,"[1, 0]",1,0,0,,0.5,2
9918,9c6d8088-8222-11f1-b0da-2389f409459f,9,"[0, 1]",0,0,0,,0.5,2
9919,9c6d8088-8222-11f1-b0da-2389f409459f,9,"[0, 1]",1,1,1,,0.5,2
9920,9c6d8088-8222-11f1-b0da-2389f409459f,10,"[1, 0]",0,1,1,,0.5,2
9921,9c6d8088-8222-11f1-b0da-2389f409459f,10,"[1, 0]",1,0,0,,0.5,2
9922,9c6d8088-8222-11f1-b0da-2389f409459f,11,"[0, 0]",0,0,0,,0.5,2
9923,9c6d8088-8222-11f1-b0da-2389f409459f,11,"[0, 0]",1,0,0,,0.5,2
9924,9c6d8088-8222-11f1-b0da-2389f409459f,12,"[0, 1]",0,0,0,,0.5,2
9925,9c6d8088-8222-11f1-b0da-2389f409459f,12,"[0, 1]",1,1,1,,0.5,2
9926,9c6d8088-8222-11f1-b0da-2389f409459f,13,"[1, 1]",0,1,-1,,0.5,2
9927,9c6d8088-8222-11f1-b0da-2389f409459f,13,"[1, 1]",1,1,-1,,0.5,2
9928,9c6d8088-8222-11f1-b0da-2389f409459f,14,"[1, 1]",0,1,-1,,0.5,2
9929,9c6d8088-8222-11f1-b0da-2389f409459f,14,"[1, 1]",1,1,-1,,0.5,2
9930,9c6d8088-8222-11f1-b0da-2389f409459f,15,"[1, 0]",0,1,1,,0.5,2
9931,9c6d8088-8222-11f1-b0da-2389f409459f,15,"[1, 0]",1,0,0,,0.5,2
9932,9c6d8088-8222-11f1-b0da-2389f409459f,16,"[0, 1]",0,0,0,,0.5,2
9933,9c6d8088-8222-11f1-b0da-2389f409459f,16,"[0, 1]",1,1,1,,0.5,2
9934,9c6d8088-8222-11f1-b0da-2389f409459f,17,"[1, 0]",0,1,1,,0.5,2
9935,9c6d8088-8222-11f1-b0da-2389f409459f,17,"[1, 0]",1,0,0,,0.5,2
9936,9c6d8088-8222-11f1-b0da-2389f409459f,18,"[0, 1]",0,0,0,,0.5,2
9937,9c6d8088-8222-11f1-b0da-2389f409459f,18,"[0, 1]",1,1,1,,0.5,2
9938,9c6d8088-8222-11f1-b0da-2389f409459f,19,"[1, 0]",0,1,1,,0.5,2
9939,9c6d8088-8222-11f1-b0da-2389f409459f,19,"[1, 0]",1,0,0,,0.5,2
9940,9c6d8088-8222-11f1-b0da-2389f409459f,20,"[0, 1]",0,0,0,,0.5,2
9941,9c6d8088-8222-11f1-b0da-2389f409459f,20,"[0, 1]",1,1,1,,0.5,2
9942,9c6d8088-8222-11f1-b0da-2389f409459f,21,"[1, 0]",0,1,1,,0.5,2
9943,9c6d8088-8222-11f1-b0da-2389f409459f,21,"[1, 0]",1,0,0,,0.5,2
9944,9c6d8088-8222-11f1-b0da-2389f409459f,22,"[0, 1]",0,0,0,,0.5,2
9945,9c6d8088-8222-11f1-b0da-2389f409459f,22,"[0, 1]",1,1,1,,0.5,2
9946,9c6d8088-8222-11f1-b0da-2389f409459f,23,"[1, 0]",0,1,1,,0.5,2
9947,9c6d8088-8222-11f1-b0da-2389f409459f,23,"[1, 0]",1,0,0,,0.5,2
9948,9c6d8088-8222-11f1-b0da-2389f409459f,24,"[0, 1]",0,0,0,,0.5,2
9949,9c6d8088-8222-11f1-b0da-2389f409459f,24,"[0, 1]",1,1,1,,0.5,2
9950,9c6d8088-8222-11f1-b0da-2389f409459f,25,"[1, 0]",0,1,1,,0.5,2
9951,9c6d8088-8222-11f1-b0da-2389f409459f,25,"[1, 0]",1,0,0,,0.5,2
9952,9c6d8088-8222-11f1-b0da-2389f409459f,26,"[0, 1]",0,0,0,,0.5,2
9953,9c6d8088-8222-11f1-b0da-2389f409459f,26,"[0, 1]",1,1,1,,0.5,2
9954,9c6d8088-8222-11f1-b0da-2389f409459f,27,"[1, 0]",0,1,1,,0.5,2
9955,9c6d8088-8222-11f1-b0da-2389f409459f,27,"[1, 0]",1,0,0,,0.5,2
9956,9c6d8088-8222-11f1-b0da-2389f409459f,28,"[0, 1]",0,0,0,,0.5,2
9957,9c6d8088-8222-11f1-b0da-2389f409459f,28,"[0, 1]",1,1,1,,0.5,2
9958,9c6d8088-8222-11f1-b0da-2389f409459f,29,"[1, 0]",0,1,1,,0.5,2
9959,9c6d8088-8222-11f1-b0da-2389f409459f,29,"[1, 0]",1,0,0,,0.5,2
9960,9c6d8088-8222-11f1-b0da-2389f409459f,30,"[0, 1]",0,0,0,,0.5,2
9961,9c6d8088-8222-11f1-b0da-2389f409459f,30,"[0, 1]",1,1,1,,0.5,2
9962,9c6d8088-8222-11f1-b0da-2389f409459f,31,"[1, 0]",0,1,1,,0.5,2
9963,9c6d8088-8222-11f1-b0da-2389f409459f,31,"[1, 0]",1,0,0,,0.5,2
9964,9c6d8088-8222-11f1-b0da-2389f409459f,32,"[0, 1]",0,0,0,,0.5,2
9965,9c6d8088-8222-11f1-b0da-2389f409459f,32,"[0, 1]",1,1,1,,0.5,2
9966,9c6d8088-8222-11f1-b0da-2389f409459f,33,"[1, 0]",0,1,1,,0.5,2
9967,9c6d8088-8222-11f1-b0da-2389f409459f,33,"[1, 0]",1,0,0,,0.5,2
9968,9c6d8088-8222-11f1-b0da-2389f409459f,34,"[0, 1]",0,0,0,,0.5,2
9969,9c6d8088-8222-11f1-b0da-2389f409459f,34,"[0, 1]",1,1,1,,0.5,2
9970,9c6d8088-8222-11f1-b0da-2389f409459f,35,"[1, 0]",0,1,1,,0.5,2
9971,9c6d8088-8222-11f1-b0da-2389f409459f,35,"[1, 0]",1,0,0,,0.5,2
9972,9c6d8088-8222-11f1-b0da-2389f409459f,36,"[1, 1]",0,1,-1,,0.5,2
9973,9c6d8088-8222-11f1-b0da-2389f409459f,36,"[1, 1]",1,1,-1,,0.5,2
9974,9c6d8088-8222-11f1-b0da-2389f409459f,37,"[1, 1]",0,1,-1,,0.5,2
9975,9c6d8088-8222-11f1-b0da-2389f409459f,37,"[1, 1]",1,1,-1,,0.5,2
9976,9c6d8088-8222-11f1-b0da-2389f409459f,38,"[0, 0]",0,0,0,,0.5,2
9977,9c6d8088-8222-11f1-b0da-2389f409459f,38,"[0, 0]",1,0,0,,0.5,2
9978,9c6d8088-8222-11f1-b0da-2389f409459f,39,"[1, 1]",0,1,-1,,0.5,2
9979,9c6d8088-8222-11f1-b0da-2389f409459f,39,"[1, 1]",1,1,-1,,0.5,2
9980,9c6d8088-8222-11f1-b0da-2389f409459f,40,"[0, 0]",0,0,0,,0.5,2
9981,9c6d8088-8222-11f1-b0da-2389f409459f,40,"[0, 0]",1,0,0,,0.5,2
9982,9c6d8088-8222-11f1-b0da-2389f409459f,41,"[1, 1]",0,1,-1,,0.5,2
9983,9c6d8088-8222-11f1-b0da-2389f409459f,41,"[1, 1]",1,1,-1,,0.5,2
9984,9c6d8088-8222-11f1-b0da-2389f409459f,42,"[1, 0]",0,1,1,,0.5,2
9985,9c6d8088-8222-11f1-b0da-2389f409459f,42,"[1, 0]",1,0,0,,0.5,2
9986,9c6d8088-8222-11f1-b0da-2389f409459f,43,"[0, 1]",0,0,0,,0.5,2
9987,9c6d8088-8222-11f1-b0da-2389f409459f,43,"[0, 1]",1,1,1,,0.5,2
9988,9c6d8088-8222-11f1-b0da-2389f409459f,44,"[1, 0]",0,1,1,,0.5,2
9989,9c6d8088-8222-11f1-b0da-2389f409459f,44,"[1, 0]",1,0,0,,0.5,2
9990,9c6d8088-8222-11f1-b0da-2389f409459f,45,"[0, 1]",0,0,0,,0.5,2
9991,9c6d8088-8222-11f1-b0da-2389f409459f,45,"[0, 1]",1,1,1,,0.5,2
9992,9c6d8088-8222-11f1-b0da-2389f409459f,46,"[1, 0]",0,1,1,,0.5,2
9993,9c6d8088-8222-11f1-b0da-2389f409459f,46,"[1, 0]",1,0,0,,0.5,2
9994,9c6d8088-8222-11f1-b0da-2389f409459f,47,"[0, 1]",0,0,0,,0.5,2
9995,9c6d8088-8222-11f1-b0da-2389f409459f,47,"[0, 1]",1,1,1,,0.5,2
9996,9c6d8088-8222-11f1-b0da-2389f409459f,48,"[1, 0]",0,1,1,,0.5,2
9997,9c6d8088-8222-11f1-b0da-2389f409459f,48,"[1, 0]",1,0,0,,0.5,2
9998,9c6d8088-8222-11f1-b0da-2389f409459f,49,"[0, 1]",0,0,0,,0.5,2
9999,9c6d8088-8222-11f1-b0da-2389f409459f,49,"[0, 1]",1,1,1,,0.5,2
