,id_sim,round,attendance,id_player,decision,score,model,threshold,num_agents
0,1ca6552a-8220-11f1-b0da-2389f409459f,0,"[0, 0, 1, 1, 0, 0, 1, 1, 0, 1, 1]",0,0,0,,0.4545454545454545,11
1,1ca6552a-8220-11f1-b0da-2389f409459f,0,"[0, 0, 1, 1, 0, 0, 1, 1, 0, 1, 1]",1,0,0,,0.4545454545454545,11
2,1ca6552a-8220-11f1-b0da-2389f409459f,0,"[0, 0, 1, 1, 0, 0, 1, 1, 0, 1, 1]",2,1,-1,,0.4545454545454545,11
3,1ca6552a-8220-11f1-b0da-2389f409459f,0,"[0, 0, 1, 1, 0, 0, 1, 1, 0, 1, 1]",3,1,-1,,0.4545454545454545,11
4,1ca6552a-8220-11f1-b0da-2389f409459f,0,"[0, 0, 1, 1, 0, 0, 1, 1, 0, 1, 1]",4,0,0,,0.4545454545454545,11
5,1ca6552a-8220-11f1-b0da-2389f409459f,0,"[0, 0, 1, 1, 0, 0, 1, 1, 0, 1, 1]",5,0,0,,0.4545454545454545,11
6,1ca6552a-8220-11f1-b0da-2389f409459f,0,"[0, 0, 1, 1, 0, 0, 1, 1, 0, 1, 1]",6,1,-1,,0.4545454545454545,11
7,1ca6552a-8220-11f1-b0da-2389f409459f,0,"[0, 0, 1, 1, 0, 0, 1, 1, 0, 1, 1]",7,1,-1,,0.4545454545454545,11
8,1ca6552a-8220-11f1-b0da-2389f409459f,0,"[0, 0, 1, 1, 0, 0, 1, 1, 0, 1, 1]",8,0,0,,0.4545454545454545,11
9,1ca6552a-8220-11f1-b0da-2389f409459f,0,"[0, 0, 1, 1, 0, 0, 1, 1, 0, 1, 1]",9,1,-1,,0.4545454545454545,11
10,1ca6552a-8220-11f1-b0da-2389f409459f,0,"[0, 0, 1, 1, 0, 0, 1, 1, 0, 1, 1]",10,1,-1,,0.4545454545454545,11
11,1ca6552a-8220-11f1-b0da-2389f409459f,1,"[1, 1, 0, 0, 1, 0, 1, 1, 0, 0, 0]",0,1,-1,,0.4545454545454545,11
12,1ca6552a-8220-11f1-b0da-2389f409459f,1,"[1, 1, 0, 0, 1, 0, 1, 1, 0, 0, 0]",1,1,-1,,0.4545454545454545,11
13,1ca6552a-8220-11f1-b0da-2389f409459f,1,"[1, 1, 0, 0, 1, 0, 1, 1, 0, 0, 0]",2,0,0,,0.4545454545454545,11
14,1ca6552a-8220-11f1-b0da-2389f409459f,1,"[1, 1, 0, 0, 1, 0, 1, 1, 0, 0, 0]",3,0,0,,0.4545454545454545,11
15,1ca6552a-8220-11f1-b0da-2389f409459f,1,"[1, 1, 0, 0, 1, 0, 1, 1, 0, 0, 0]",4,1,-1,,0.4545454545454545,11
16,1ca6552a-8220-11f1-b0da-2389f409459f,1,"[1, 1, 0, 0, 1, 0, 1, 1, 0, 0, 0]",5,0,0,,0.4545454545454545,11
17,1ca6552a-8220-11f1-b0da-2389f409459f,1,"[1, 1, 0, 0, 1, 0, 1, 1, 0, 0, 0]",6,1,-1,,0.4545454545454545,11
18,1ca6552a-8220-11f1-b0da-2389f409459f,1,"[1, 1, 0, 0, 1, 0, 1, 1, 0, 0, 0]",7,1,-1,,0.4545454545454545,11
19,1ca6552a-8220-11f1-b0da-2389f409459f,1,"[1, 1, 0, 0, 1, 0, 1, 1, 0, 0, 0]",8,0,0,,0.4545454545454545,11
20,1ca6552a-8220-11f1-b0da-2389f409459f,1,"[1, 1, 0, 0, 1, 0, 1, 1, 0, 0, 0]",9,0,0,,0.4545454545454545,11
21,1ca6552a-8220-11f1-b0da-2389f409459f,1,"[1, 1, 0, 0, 1, 0, 1, 1, 0, 0, 0]",10,0,0,,0.4545454545454545,11
22,1ca6552a-8220-11f1-b0da-2389f409459f,2,"[0, 0, 0, 1, 1, 1, 0, 1, 1, 1, 1]",0,0,0,,0.4545454545454545,11
23,1ca6552a-8220-11f1-b0da-2389f409459f,2,"[0, 0, 0, 1, 1, 1, 0, 1, 1, 1, 1]",1,0,0,,0.4545454545454545,11
24,1ca6552a-8220-11f1-b0da-2389f409459f,2,"[0, 0, 0, 1, 1, 1, 0, 1, 1, 1, 1]",2,0,0,,0.4545454545454545,11
25,1ca6552a-8220-11f1-b0da-2389f409459f,2,"[0, 0, 0, 1, 1, 1, 0, 1, 1, 1, 1]",3,1,-1,,0.4545454545454545,11
26,1ca6552a-8220-11f1-b0da-2389f409459f,2,"[0, 0, 0, 1, 1, 1, 0, 1, 1, 1, 1]",4,1,-1,,0.4545454545454545,11
27,1ca6552a-8220-11f1-b0da-2389f409459f,2,"[0, 0, 0, 1, 1, 1, 0, 1, 1, 1, 1]",5,1,-1,,0.4545454545454545,11
28,1ca6552a-8220-11f1-b0da-2389f409459f,2,"[0, 0, 0, 1, 1, 1, 0, 1, 1, 1, 1]",6,0,0,,0.4545454545454545,11
29,1ca6552a-8220-11f1-b0da-2389f409459f,2,"[0, 0, 0, 1, 1, 1, 0, 1, 1, 1, 1]",7,1,-1,,0.4545454545454545,11
30,1ca6552a-8220-11f1-b0da-2389f409459f,2,"[0, 0, 0, 1, 1, 1, 0, 1, 1, 1, 1]",8,1,-1,,0.4545454545454545,11
31,1ca6552a-8220-11f1-b0da-2389f409459f,2,"[0, 0, 0, 1, 1, 1, 0, 1, 1, 1, 1]",9,1,-1,,0.4545454545454545,11
32,1ca6552a-8220-11f1-b0da-2389f409459f,2,"[0, 0, 0, 1, 1, 1, 0, 1, 1, 1, 1]",10,1,-1,,0.4545454545454545,11
33,1ca6552a-8220-11f1-b0da-2389f409459f,3,"[0, 1, 0, 1, 1, 0, 0, 0, 0, 0, 0]",0,0,0,,0.4545454545454545,11
34,1ca6552a-8220-11f1-b0da-2389f409459f,3,"[0, 1, 0, 1, 1, 0, 0, 0, 0, 0, 0]",1,1,1,,0.4545454545454545,11
35,1ca6552a-8220-11f1-b0da-2389f409459f,3,"[0, 1, 0, 1, 1, 0, 0, 0, 0, 0, 0]",2,0,0,,0.4545454545454545,11
36,1ca6552a-8220-11f1-b0da-2389f409459f,3,"[0, 1, 0, 1, 1, 0, 0, 0, 0, 0, 0]",3,1,1,,0.4545454545454545,11
37,1ca6552a-8220-11f1-b0da-2389f409459f,3,"[0, 1, 0, 1, 1, 0, 0, 0, 0, 0, 0]",4,1,1,,0.4545454545454545,11
38,1ca6552a-8220-11f1-b0da-2389f409459f,3,"[0, 1, 0, 1, 1, 0, 0, 0, 0, 0, 0]",5,0,0,,0.4545454545454545,11
39,1ca6552a-8220-11f1-b0da-2389f409459f,3,"[0, 1, 0, 1, 1, 0, 0, 0, 0, 0, 0]",6,0,0,,0.4545454545454545,11
40,1ca6552a-8220-11f1-b0da-2389f409459f,3,"[0, 1, 0, 1, 1, 0, 0, 0, 0, 0, 0]",7,0,0,,0.4545454545454545,11
41,1ca6552a-8220-11f1-b0da-2389f409459f,3,"[0, 1, 0, 1, 1, 0, 0, 0, 0, 0, 0]",8,0,0,,0.4545454545454545,11
42,1ca6552a-8220-11f1-b0da-2389f409459f,3,"[0, 1, 0, 1, 1, 0, 0, 0, 0, 0, 0]",9,0,0,,0.4545454545454545,11
43,1ca6552a-8220-11f1-b0da-2389f409459f,3,"[0, 1, 0, 1, 1, 0, 0, 0, 0, 0, 0]",10,0,0,,0.4545454545454545,11
44,1ca6552a-8220-11f1-b0da-2389f409459f,4,"[1, 1, 1, 0, 1, 1, 1, 1, 1, 0, 1]",0,1,-1,,0.4545454545454545,11
45,1ca6552a-8220-11f1-b0da-2389f409459f,4,"[1, 1, 1, 0, 1, 1, 1, 1, 1, 0, 1]",1,1,-1,,0.4545454545454545,11
46,1ca6552a-8220-11f1-b0da-2389f409459f,4,"[1, 1, 1, 0, 1, 1, 1, 1, 1, 0, 1]",2,1,-1,,0.4545454545454545,11
47,1ca6552a-8220-11f1-b0da-2389f409459f,4,"[1, 1, 1, 0, 1, 1, 1, 1, 1, 0, 1]",3,0,0,,0.4545454545454545,11
48,1ca6552a-8220-11f1-b0da-2389f409459f,4,"[1, 1, 1, 0, 1, 1, 1, 1, 1, 0, 1]",4,1,-1,,0.4545454545454545,11
49,1ca6552a-8220-11f1-b0da-2389f409459f,4,"[1, 1, 1, 0, 1, 1, 1, 1, 1, 0, 1]",5,1,-1,,0.4545454545454545,11
50,1ca6552a-8220-11f1-b0da-2389f409459f,4,"[1, 1, 1, 0, 1, 1, 1, 1, 1, 0, 1]",6,1,-1,,0.4545454545454545,11
51,1ca6552a-8220-11f1-b0da-2389f409459f,4,"[1, 1, 1, 0, 1, 1, 1, 1, 1, 0, 1]",7,1,-1,,0.4545454545454545,11
52,1ca6552a-8220-11f1-b0da-2389f409459f,4,"[1, 1, 1, 0, 1, 1, 1, 1, 1, 0, 1]",8,1,-1,,0.4545454545454545,11
53,1ca6552a-8220-11f1-b0da-2389f409459f,4,"[1, 1, 1, 0, 1, 1, 1, 1, 1, 0, 1]",9,0,0,,0.4545454545454545,11
54,1ca6552a-8220-11f1-b0da-2389f409459f,4,"[1, 1, 1, 0, 1, 1, 1, 1, 1, 0, 1]",10,1,-1,,0.4545454545454545,11
55,1ca6552a-8220-11f1-b0da-2389f409459f,5,"[0, 0, 1, 0, 0, 1, 0, 1, 1, 0, 1]",0,0,0,,0.4545454545454545,11
56,1ca6552a-8220-11f1-b0da-2389f409459f,5,"[0, 0, 1, 0, 0, 1, 0, 1, 1, 0, 1]",1,0,0,,0.4545454545454545,11
57,1ca6552a-8220-11f1-b0da-2389f409459f,5,"[0, 0, 1, 0, 0, 1, 0, 1, 1, 0, 1]",2,1,-1,,0.4545454545454545,11
58,1ca6552a-8220-11f1-b0da-2389f409459f,5,"[0, 0, 1, 0, 0, 1, 0, 1, 1, 0, 1]",3,0,0,,0.4545454545454545,11
59,1ca6552a-8220-11f1-b0da-2389f409459f,5,"[0, 0, 1, 0, 0, 1, 0, 1, 1, 0, 1]",4,0,0,,0.4545454545454545,11
60,1ca6552a-8220-11f1-b0da-2389f409459f,5,"[0, 0, 1, 0, 0, 1, 0, 1, 1, 0, 1]",5,1,-1,,0.4545454545454545,11
61,1ca6552a-8220-11f1-b0da-2389f409459f,5,"[0, 0, 1, 0, 0, 1, 0, 1, 1, 0, 1]",6,0,0,,0.4545454545454545,11
62,1ca6552a-8220-11f1-b0da-2389f409459f,5,"[0, 0, 1, 0, 0, 1, 0, 1, 1, 0, 1]",7,1,-1,,0.4545454545454545,11
63,1ca6552a-8220-11f1-b0da-2389f409459f,5,"[0, 0, 1, 0, 0, 1, 0, 1, 1, 0, 1]",8,1,-1,,0.4545454545454545,11
64,1ca6552a-8220-11f1-b0da-2389f409459f,5,"[0, 0, 1, 0, 0, 1, 0, 1, 1, 0, 1]",9,0,0,,0.4545454545454545,11
65,1ca6552a-8220-11f1-b0da-2389f409459f,5,"[0, 0, 1, 0, 0, 1, 0, 1, 1, 0, 1]",10,1,-1,,0.4545454545454545,11
66,1ca6552a-8220-11f1-b0da-2389f409459f,6,"[1, 0, 0, 0, 0, 1, 0, 1, 0, 0, 0]",0,1,1,,0.4545454545454545,11
67,1ca6552a-8220-11f1-b0da-2389f409459f,6,"[1, 0, 0, 0, 0, 1, 0, 1, 0, 0, 0]",1,0,0,,0.4545454545454545,11
68,1ca6552a-8220-11f1-b0da-2389f409459f,6,"[1, 0, 0, 0, 0, 1, 0, 1, 0, 0, 0]",2,0,0,,0.4545454545454545,11
69,1ca6552a-8220-11f1-b0da-2389f409459f,6,"[1, 0, 0, 0, 0, 1, 0, 1, 0, 0, 0]",3,0,0,,0.4545454545454545,11
70,1ca6552a-8220-11f1-b0da-2389f409459f,6,"[1, 0, 0, 0, 0, 1, 0, 1, 0, 0, 0]",4,0,0,,0.4545454545454545,11
71,1ca6552a-8220-11f1-b0da-2389f409459f,6,"[1, 0, 0, 0, 0, 1, 0, 1, 0, 0, 0]",5,1,1,,0.4545454545454545,11
72,1ca6552a-8220-11f1-b0da-2389f409459f,6,"[1, 0, 0, 0, 0, 1, 0, 1, 0, 0, 0]",6,0,0,,0.4545454545454545,11
73,1ca6552a-8220-11f1-b0da-2389f409459f,6,"[1, 0, 0, 0, 0, 1, 0, 1, 0, 0, 0]",7,1,1,,0.4545454545454545,11
74,1ca6552a-8220-11f1-b0da-2389f409459f,6,"[1, 0, 0, 0, 0, 1, 0, 1, 0, 0, 0]",8,0,0,,0.4545454545454545,11
75,1ca6552a-8220-11f1-b0da-2389f409459f,6,"[1, 0, 0, 0, 0, 1, 0, 1, 0, 0, 0]",9,0,0,,0.4545454545454545,11
76,1ca6552a-8220-11f1-b0da-2389f409459f,6,"[1, 0, 0, 0, 0, 1, 0, 1, 0, 0, 0]",10,0,0,,0.4545454545454545,11
77,1ca6552a-8220-11f1-b0da-2389f409459f,7,"[1, 1, 0, 0, 0, 0, 1, 0, 1, 1, 1]",0,1,-1,,0.4545454545454545,11
78,1ca6552a-8220-11f1-b0da-2389f409459f,7,"[1, 1, 0, 0, 0, 0, 1, 0, 1, 1, 1]",1,1,-1,,0.4545454545454545,11
79,1ca6552a-8220-11f1-b0da-2389f409459f,7,"[1, 1, 0, 0, 0, 0, 1, 0, 1, 1, 1]",2,0,0,,0.4545454545454545,11
80,1ca6552a-8220-11f1-b0da-2389f409459f,7,"[1, 1, 0, 0, 0, 0, 1, 0, 1, 1, 1]",3,0,0,,0.4545454545454545,11
81,1ca6552a-8220-11f1-b0da-2389f409459f,7,"[1, 1, 0, 0, 0, 0, 1, 0, 1, 1, 1]",4,0,0,,0.4545454545454545,11
82,1ca6552a-8220-11f1-b0da-2389f409459f,7,"[1, 1, 0, 0, 0, 0, 1, 0, 1, 1, 1]",5,0,0,,0.4545454545454545,11
83,1ca6552a-8220-11f1-b0da-2389f409459f,7,"[1, 1, 0, 0, 0, 0, 1, 0, 1, 1, 1]",6,1,-1,,0.4545454545454545,11
84,1ca6552a-8220-11f1-b0da-2389f409459f,7,"[1, 1, 0, 0, 0, 0, 1, 0, 1, 1, 1]",7,0,0,,0.4545454545454545,11
85,1ca6552a-8220-11f1-b0da-2389f409459f,7,"[1, 1, 0, 0, 0, 0, 1, 0, 1, 1, 1]",8,1,-1,,0.4545454545454545,11
86,1ca6552a-8220-11f1-b0da-2389f409459f,7,"[1, 1, 0, 0, 0, 0, 1, 0, 1, 1, 1]",9,1,-1,,0.4545454545454545,11
87,1ca6552a-8220-11f1-b0da-2389f409459f,7,"[1, 1, 0, 0, 0, 0, 1, 0, 1, 1, 1]",10,1,-1,,0.4545454545454545,11
88,1ca6552a-8220-11f1-b0da-2389f409459f,8,"[0, 0, 0, 1, 1, 0, 0, 0, 1, 0, 0]",0,0,0,,0.4545454545454545,11
89,1ca6552a-8220-11f1-b0da-2389f409459f,8,"[0, 0, 0, 1, 1, 0, 0, 0, 1, 0, 0]",1,0,0,,0.4545454545454545,11
90,1ca6552a-8220-11f1-b0da-2389f409459f,8,"[0, 0, 0, 1, 1, 0, 0, 0, 1, 0, 0]",2,0,0,,0.4545454545454545,11
91,1ca6552a-8220-11f1-b0da-2389f409459f,8,"[0, 0, 0, 1, 1, 0, 0, 0, 1, 0, 0]",3,1,1,,0.4545454545454545,11
92,1ca6552a-8220-11f1-b0da-2389f409459f,8,"[0, 0, 0, 1, 1, 0, 0, 0, 1, 0, 0]",4,1,1,,0.4545454545454545,11
93,1ca6552a-8220-11f1-b0da-2389f409459f,8,"[0, 0, 0, 1, 1, 0, 0, 0, 1, 0, 0]",5,0,0,,0.4545454545454545,11
94,1ca6552a-8220-11f1-b0da-2389f409459f,8,"[0, 0, 0, 1, 1, 0, 0, 0, 1, 0, 0]",6,0,0,,0.4545454545454545,11
95,1ca6552a-8220-11f1-b0da-2389f409459f,8,"[0, 0, 0, 1, 1, 0, 0, 0, 1, 0, 0]",7,0,0,,0.4545454545454545,11
96,1ca6552a-8220-11f1-b0da-2389f409459f,8,"[0, 0, 0, 1, 1, 0, 0, 0, 1, 0, 0]",8,1,1,,0.4545454545454545,11
97,1ca6552a-8220-11f1-b0da-2389f409459f,8,"[0, 0, 0, 1, 1, 0, 0, 0, 1, 0, 0]",9,0,0,,0.4545454545454545,11
98,1ca6552a-8220-11f1-b0da-2389f409459f,8,"[0, 0, 0, 1, 1, 0, 0, 0, 1, 0, 0]",10,0,0,,0.4545454545454545,11
99,1ca6552a-8220-11f1-b0da-2389f409459f,9,"[1, 0, 1, 0, 0, 0, 1, 1, 0, 0, 1]",0,1,-1,,0.4545454545454545,11
100,1ca6552a-8220-11f1-b0da-2389f409459f,9,"[1, 0, 1, 0, 0, 0, 1, 1, 0, 0, 1]",1,0,0,,0.4545454545454545,11
101,1ca6552a-8220-11f1-b0da-2389f409459f,9,"[1, 0, 1, 0, 0, 0, 1, 1, 0, 0, 1]",2,1,-1,,0.4545454545454545,11
102,1ca6552a-8220-11f1-b0da-2389f409459f,9,"[1, 0, 1, 0, 0, 0, 1, 1, 0, 0, 1]",3,0,0,,0.4545454545454545,11
103,1ca6552a-8220-11f1-b0da-2389f409459f,9,"[1, 0, 1, 0, 0, 0, 1, 1, 0, 0, 1]",4,0,0,,0.4545454545454545,11
104,1ca6552a-8220-11f1-b0da-2389f409459f,9,"[1, 0, 1, 0, 0, 0, 1, 1, 0, 0, 1]",5,0,0,,0.4545454545454545,11
105,1ca6552a-8220-11f1-b0da-2389f409459f,9,"[1, 0, 1, 0, 0, 0, 1, 1, 0, 0, 1]",6,1,-1,,0.4545454545454545,11
106,1ca6552a-8220-11f1-b0da-2389f409459f,9,"[1, 0, 1, 0, 0, 0, 1, 1, 0, 0, 1]",7,1,-1,,0.4545454545454545,11
107,1ca6552a-8220-11f1-b0da-2389f409459f,9,"[1, 0, 1, 0, 0, 0, 1, 1, 0, 0, 1]",8,0,0,,0.4545454545454545,11
108,1ca6552a-8220-11f1-b0da-2389f409459f,9,"[1, 0, 1, 0, 0, 0, 1, 1, 0, 0, 1]",9,0,0,,0.4545454545454545,11
109,1ca6552a-8220-11f1-b0da-2389f409459f,9,"[1, 0, 1, 0, 0, 0, 1, 1, 0, 0, 1]",10,1,-1,,0.4545454545454545,11
110,1ca8053c-8220-11f1-b0da-2389f409459f,0,"[0, 0, 0, 1, 0, 1, 0, 0, 0, 0, 0]",0,0,0,,0.4545454545454545,11
111,1ca8053c-8220-11f1-b0da-2389f409459f,0,"[0, 0, 0, 1, 0, 1, 0, 0, 0, 0, 0]",1,0,0,,0.4545454545454545,11
112,1ca8053c-8220-11f1-b0da-2389f409459f,0,"[0, 0, 0, 1, 0, 1, 0, 0, 0, 0, 0]",2,0,0,,0.4545454545454545,11
113,1ca8053c-8220-11f1-b0da-2389f409459f,0,"[0, 0, 0, 1, 0, 1, 0, 0, 0, 0, 0]",3,1,1,,0.4545454545454545,11
114,1ca8053c-8220-11f1-b0da-2389f409459f,0,"[0, 0, 0, 1, 0, 1, 0, 0, 0, 0, 0]",4,0,0,,0.4545454545454545,11
115,1ca8053c-8220-11f1-b0da-2389f409459f,0,"[0, 0, 0, 1, 0, 1, 0, 0, 0, 0, 0]",5,1,1,,0.4545454545454545,11
116,1ca8053c-8220-11f1-b0da-2389f409459f,0,"[0, 0, 0, 1, 0, 1, 0, 0, 0, 0, 0]",6,0,0,,0.4545454545454545,11
117,1ca8053c-8220-11f1-b0da-2389f409459f,0,"[0, 0, 0, 1, 0, 1, 0, 0, 0, 0, 0]",7,0,0,,0.4545454545454545,11
118,1ca8053c-8220-11f1-b0da-2389f409459f,0,"[0, 0, 0, 1, 0, 1, 0, 0, 0, 0, 0]",8,0,0,,0.4545454545454545,11
119,1ca8053c-8220-11f1-b0da-2389f409459f,0,"[0, 0, 0, 1, 0, 1, 0, 0, 0, 0, 0]",9,0,0,,0.4545454545454545,11
120,1ca8053c-8220-11f1-b0da-2389f409459f,0,"[0, 0, 0, 1, 0, 1, 0, 0, 0, 0, 0]",10,0,0,,0.4545454545454545,11
121,1ca8053c-8220-11f1-b0da-2389f409459f,1,"[1, 0, 0, 1, 0, 1, 1, 0, 1, 0, 1]",0,1,-1,,0.4545454545454545,11
122,1ca8053c-8220-11f1-b0da-2389f409459f,1,"[1, 0, 0, 1, 0, 1, 1, 0, 1, 0, 1]",1,0,0,,0.4545454545454545,11
123,1ca8053c-8220-11f1-b0da-2389f409459f,1,"[1, 0, 0, 1, 0, 1, 1, 0, 1, 0, 1]",2,0,0,,0.4545454545454545,11
124,1ca8053c-8220-11f1-b0da-2389f409459f,1,"[1, 0, 0, 1, 0, 1, 1, 0, 1, 0, 1]",3,1,-1,,0.4545454545454545,11
125,1ca8053c-8220-11f1-b0da-2389f409459f,1,"[1, 0, 0, 1, 0, 1, 1, 0, 1, 0, 1]",4,0,0,,0.4545454545454545,11
126,1ca8053c-8220-11f1-b0da-2389f409459f,1,"[1, 0, 0, 1, 0, 1, 1, 0, 1, 0, 1]",5,1,-1,,0.4545454545454545,11
127,1ca8053c-8220-11f1-b0da-2389f409459f,1,"[1, 0, 0, 1, 0, 1, 1, 0, 1, 0, 1]",6,1,-1,,0.4545454545454545,11
128,1ca8053c-8220-11f1-b0da-2389f409459f,1,"[1, 0, 0, 1, 0, 1, 1, 0, 1, 0, 1]",7,0,0,,0.4545454545454545,11
129,1ca8053c-8220-11f1-b0da-2389f409459f,1,"[1, 0, 0, 1, 0, 1, 1, 0, 1, 0, 1]",8,1,-1,,0.4545454545454545,11
130,1ca8053c-8220-11f1-b0da-2389f409459f,1,"[1, 0, 0, 1, 0, 1, 1, 0, 1, 0, 1]",9,0,0,,0.4545454545454545,11
131,1ca8053c-8220-11f1-b0da-2389f409459f,1,"[1, 0, 0, 1, 0, 1, 1, 0, 1, 0, 1]",10,1,-1,,0.4545454545454545,11
132,1ca8053c-8220-11f1-b0da-2389f409459f,2,"[1, 0, 0, 1, 0, 1, 1, 1, 1, 1, 1]",0,1,-1,,0.4545454545454545,11
133,1ca8053c-8220-11f1-b0da-2389f409459f,2,"[1, 0, 0, 1, 0, 1, 1, 1, 1, 1, 1]",1,0,0,,0.4545454545454545,11
134,1ca8053c-8220-11f1-b0da-2389f409459f,2,"[1, 0, 0, 1, 0, 1, 1, 1, 1, 1, 1]",2,0,0,,0.4545454545454545,11
135,1ca8053c-8220-11f1-b0da-2389f409459f,2,"[1, 0, 0, 1, 0, 1, 1, 1, 1, 1, 1]",3,1,-1,,0.4545454545454545,11
136,1ca8053c-8220-11f1-b0da-2389f409459f,2,"[1, 0, 0, 1, 0, 1, 1, 1, 1, 1, 1]",4,0,0,,0.4545454545454545,11
137,1ca8053c-8220-11f1-b0da-2389f409459f,2,"[1, 0, 0, 1, 0, 1, 1, 1, 1, 1, 1]",5,1,-1,,0.4545454545454545,11
138,1ca8053c-8220-11f1-b0da-2389f409459f,2,"[1, 0, 0, 1, 0, 1, 1, 1, 1, 1, 1]",6,1,-1,,0.4545454545454545,11
139,1ca8053c-8220-11f1-b0da-2389f409459f,2,"[1, 0, 0, 1, 0, 1, 1, 1, 1, 1, 1]",7,1,-1,,0.4545454545454545,11
140,1ca8053c-8220-11f1-b0da-2389f409459f,2,"[1, 0, 0, 1, 0, 1, 1, 1, 1, 1, 1]",8,1,-1,,0.4545454545454545,11
141,1ca8053c-8220-11f1-b0da-2389f409459f,2,"[1, 0, 0, 1, 0, 1, 1, 1, 1, 1, 1]",9,1,-1,,0.4545454545454545,11
142,1ca8053c-8220-11f1-b0da-2389f409459f,2,"[1, 0, 0, 1, 0, 1, 1, 1, 1, 1, 1]",10,1,-1,,0.4545454545454545,11
143,1ca8053c-8220-11f1-b0da-2389f409459f,3,"[0, 1, 1, 1, 0, 0, 1, 0, 0, 1, 0]",0,0,0,,0.4545454545454545,11
144,1ca8053c-8220-11f1-b0da-2389f409459f,3,"[0, 1, 1, 1, 0, 0, 1, 0, 0, 1, 0]",1,1,-1,,0.4545454545454545,11
145,1ca8053c-8220-11f1-b0da-2389f409459f,3,"[0, 1, 1, 1, 0, 0, 1, 0, 0, 1, 0]",2,1,-1,,0.4545454545454545,11
146,1ca8053c-8220-11f1-b0da-2389f409459f,3,"[0, 1, 1, 1, 0, 0, 1, 0, 0, 1, 0]",3,1,-1,,0.4545454545454545,11
147,1ca8053c-8220-11f1-b0da-2389f409459f,3,"[0, 1, 1, 1, 0, 0, 1, 0, 0, 1, 0]",4,0,0,,0.4545454545454545,11
148,1ca8053c-8220-11f1-b0da-2389f409459f,3,"[0, 1, 1, 1, 0, 0, 1, 0, 0, 1, 0]",5,0,0,,0.4545454545454545,11
149,1ca8053c-8220-11f1-b0da-2389f409459f,3,"[0, 1, 1, 1, 0, 0, 1, 0, 0, 1, 0]",6,1,-1,,0.4545454545454545,11
150,1ca8053c-8220-11f1-b0da-2389f409459f,3,"[0, 1, 1, 1, 0, 0, 1, 0, 0, 1, 0]",7,0,0,,0.4545454545454545,11
151,1ca8053c-8220-11f1-b0da-2389f409459f,3,"[0, 1, 1, 1, 0, 0, 1, 0, 0, 1, 0]",8,0,0,,0.4545454545454545,11
152,1ca8053c-8220-11f1-b0da-2389f409459f,3,"[0, 1, 1, 1, 0, 0, 1, 0, 0, 1, 0]",9,1,-1,,0.4545454545454545,11
153,1ca8053c-8220-11f1-b0da-2389f409459f,3,"[0, 1, 1, 1, 0, 0, 1, 0, 0, 1, 0]",10,0,0,,0.4545454545454545,11
154,1ca8053c-8220-11f1-b0da-2389f409459f,4,"[0, 0, 1, 0, 1, 1, 0, 0, 0, 0, 1]",0,0,0,,0.4545454545454545,11
155,1ca8053c-8220-11f1-b0da-2389f409459f,4,"[0, 0, 1, 0, 1, 1, 0, 0, 0, 0, 1]",1,0,0,,0.4545454545454545,11
156,1ca8053c-8220-11f1-b0da-2389f409459f,4,"[0, 0, 1, 0, 1, 1, 0, 0, 0, 0, 1]",2,1,1,,0.4545454545454545,11
157,1ca8053c-8220-11f1-b0da-2389f409459f,4,"[0, 0, 1, 0, 1, 1, 0, 0, 0, 0, 1]",3,0,0,,0.4545454545454545,11
158,1ca8053c-8220-11f1-b0da-2389f409459f,4,"[0, 0, 1, 0, 1, 1, 0, 0, 0, 0, 1]",4,1,1,,0.4545454545454545,11
159,1ca8053c-8220-11f1-b0da-2389f409459f,4,"[0, 0, 1, 0, 1, 1, 0, 0, 0, 0, 1]",5,1,1,,0.4545454545454545,11
160,1ca8053c-8220-11f1-b0da-2389f409459f,4,"[0, 0, 1, 0, 1, 1, 0, 0, 0, 0, 1]",6,0,0,,0.4545454545454545,11
161,1ca8053c-8220-11f1-b0da-2389f409459f,4,"[0, 0, 1, 0, 1, 1, 0, 0, 0, 0, 1]",7,0,0,,0.4545454545454545,11
162,1ca8053c-8220-11f1-b0da-2389f409459f,4,"[0, 0, 1, 0, 1, 1, 0, 0, 0, 0, 1]",8,0,0,,0.4545454545454545,11
163,1ca8053c-8220-11f1-b0da-2389f409459f,4,"[0, 0, 1, 0, 1, 1, 0, 0, 0, 0, 1]",9,0,0,,0.4545454545454545,11
164,1ca8053c-8220-11f1-b0da-2389f409459f,4,"[0, 0, 1, 0, 1, 1, 0, 0, 0, 0, 1]",10,1,1,,0.4545454545454545,11
165,1ca8053c-8220-11f1-b0da-2389f409459f,5,"[0, 0, 1, 1, 1, 0, 1, 1, 1, 1, 0]",0,0,0,,0.4545454545454545,11
166,1ca8053c-8220-11f1-b0da-2389f409459f,5,"[0, 0, 1, 1, 1, 0, 1, 1, 1, 1, 0]",1,0,0,,0.4545454545454545,11
167,1ca8053c-8220-11f1-b0da-2389f409459f,5,"[0, 0, 1, 1, 1, 0, 1, 1, 1, 1, 0]",2,1,-1,,0.4545454545454545,11
168,1ca8053c-8220-11f1-b0da-2389f409459f,5,"[0, 0, 1, 1, 1, 0, 1, 1, 1, 1, 0]",3,1,-1,,0.4545454545454545,11
169,1ca8053c-8220-11f1-b0da-2389f409459f,5,"[0, 0, 1, 1, 1, 0, 1, 1, 1, 1, 0]",4,1,-1,,0.4545454545454545,11
170,1ca8053c-8220-11f1-b0da-2389f409459f,5,"[0, 0, 1, 1, 1, 0, 1, 1, 1, 1, 0]",5,0,0,,0.4545454545454545,11
171,1ca8053c-8220-11f1-b0da-2389f409459f,5,"[0, 0, 1, 1, 1, 0, 1, 1, 1, 1, 0]",6,1,-1,,0.4545454545454545,11
172,1ca8053c-8220-11f1-b0da-2389f409459f,5,"[0, 0, 1, 1, 1, 0, 1, 1, 1, 1, 0]",7,1,-1,,0.4545454545454545,11
173,1ca8053c-8220-11f1-b0da-2389f409459f,5,"[0, 0, 1, 1, 1, 0, 1, 1, 1, 1, 0]",8,1,-1,,0.4545454545454545,11
174,1ca8053c-8220-11f1-b0da-2389f409459f,5,"[0, 0, 1, 1, 1, 0, 1, 1, 1, 1, 0]",9,1,-1,,0.4545454545454545,11
175,1ca8053c-8220-11f1-b0da-2389f409459f,5,"[0, 0, 1, 1, 1, 0, 1, 1, 1, 1, 0]",10,0,0,,0.4545454545454545,11
176,1ca8053c-8220-11f1-b0da-2389f409459f,6,"[1, 1, 0, 1, 1, 1, 0, 1, 0, 0, 1]",0,1,-1,,0.4545454545454545,11
177,1ca8053c-8220-11f1-b0da-2389f409459f,6,"[1, 1, 0, 1, 1, 1, 0, 1, 0, 0, 1]",1,1,-1,,0.4545454545454545,11
178,1ca8053c-8220-11f1-b0da-2389f409459f,6,"[1, 1, 0, 1, 1, 1, 0, 1, 0, 0, 1]",2,0,0,,0.4545454545454545,11
179,1ca8053c-8220-11f1-b0da-2389f409459f,6,"[1, 1, 0, 1, 1, 1, 0, 1, 0, 0, 1]",3,1,-1,,0.4545454545454545,11
180,1ca8053c-8220-11f1-b0da-2389f409459f,6,"[1, 1, 0, 1, 1, 1, 0, 1, 0, 0, 1]",4,1,-1,,0.4545454545454545,11
181,1ca8053c-8220-11f1-b0da-2389f409459f,6,"[1, 1, 0, 1, 1, 1, 0, 1, 0, 0, 1]",5,1,-1,,0.4545454545454545,11
182,1ca8053c-8220-11f1-b0da-2389f409459f,6,"[1, 1, 0, 1, 1, 1, 0, 1, 0, 0, 1]",6,0,0,,0.4545454545454545,11
183,1ca8053c-8220-11f1-b0da-2389f409459f,6,"[1, 1, 0, 1, 1, 1, 0, 1, 0, 0, 1]",7,1,-1,,0.4545454545454545,11
184,1ca8053c-8220-11f1-b0da-2389f409459f,6,"[1, 1, 0, 1, 1, 1, 0, 1, 0, 0, 1]",8,0,0,,0.4545454545454545,11
185,1ca8053c-8220-11f1-b0da-2389f409459f,6,"[1, 1, 0, 1, 1, 1, 0, 1, 0, 0, 1]",9,0,0,,0.4545454545454545,11
186,1ca8053c-8220-11f1-b0da-2389f409459f,6,"[1, 1, 0, 1, 1, 1, 0, 1, 0, 0, 1]",10,1,-1,,0.4545454545454545,11
187,1ca8053c-8220-11f1-b0da-2389f409459f,7,"[0, 0, 1, 1, 0, 0, 0, 1, 0, 0, 0]",0,0,0,,0.4545454545454545,11
188,1ca8053c-8220-11f1-b0da-2389f409459f,7,"[0, 0, 1, 1, 0, 0, 0, 1, 0, 0, 0]",1,0,0,,0.4545454545454545,11
189,1ca8053c-8220-11f1-b0da-2389f409459f,7,"[0, 0, 1, 1, 0, 0, 0, 1, 0, 0, 0]",2,1,1,,0.4545454545454545,11
190,1ca8053c-8220-11f1-b0da-2389f409459f,7,"[0, 0, 1, 1, 0, 0, 0, 1, 0, 0, 0]",3,1,1,,0.4545454545454545,11
191,1ca8053c-8220-11f1-b0da-2389f409459f,7,"[0, 0, 1, 1, 0, 0, 0, 1, 0, 0, 0]",4,0,0,,0.4545454545454545,11
192,1ca8053c-8220-11f1-b0da-2389f409459f,7,"[0, 0, 1, 1, 0, 0, 0, 1, 0, 0, 0]",5,0,0,,0.4545454545454545,11
193,1ca8053c-8220-11f1-b0da-2389f409459f,7,"[0, 0, 1, 1, 0, 0, 0, 1, 0, 0, 0]",6,0,0,,0.4545454545454545,11
194,1ca8053c-8220-11f1-b0da-2389f409459f,7,"[0, 0, 1, 1, 0, 0, 0, 1, 0, 0, 0]",7,1,1,,0.4545454545454545,11
195,1ca8053c-8220-11f1-b0da-2389f409459f,7,"[0, 0, 1, 1, 0, 0, 0, 1, 0, 0, 0]",8,0,0,,0.4545454545454545,11
196,1ca8053c-8220-11f1-b0da-2389f409459f,7,"[0, 0, 1, 1, 0, 0, 0, 1, 0, 0, 0]",9,0,0,,0.4545454545454545,11
197,1ca8053c-8220-11f1-b0da-2389f409459f,7,"[0, 0, 1, 1, 0, 0, 0, 1, 0, 0, 0]",10,0,0,,0.4545454545454545,11
198,1ca8053c-8220-11f1-b0da-2389f409459f,8,"[1, 0, 1, 0, 1, 1, 0, 0, 1, 0, 0]",0,1,-1,,0.4545454545454545,11
199,1ca8053c-8220-11f1-b0da-2389f409459f,8,"[1, 0, 1, 0, 1, 1, 0, 0, 1, 0, 0]",1,0,0,,0.4545454545454545,11
200,1ca8053c-8220-11f1-b0da-2389f409459f,8,"[1, 0, 1, 0, 1, 1, 0, 0, 1, 0, 0]",2,1,-1,,0.4545454545454545,11
201,1ca8053c-8220-11f1-b0da-2389f409459f,8,"[1, 0, 1, 0, 1, 1, 0, 0, 1, 0, 0]",3,0,0,,0.4545454545454545,11
202,1ca8053c-8220-11f1-b0da-2389f409459f,8,"[1, 0, 1, 0, 1, 1, 0, 0, 1, 0, 0]",4,1,-1,,0.4545454545454545,11
203,1ca8053c-8220-11f1-b0da-2389f409459f,8,"[1, 0, 1, 0, 1, 1, 0, 0, 1, 0, 0]",5,1,-1,,0.4545454545454545,11
204,1ca8053c-8220-11f1-b0da-2389f409459f,8,"[1, 0, 1, 0, 1, 1, 0, 0, 1, 0, 0]",6,0,0,,0.4545454545454545,11
205,1ca8053c-8220-11f1-b0da-2389f409459f,8,"[1, 0, 1, 0, 1, 1, 0, 0, 1, 0, 0]",7,0,0,,0.4545454545454545,11
206,1ca8053c-8220-11f1-b0da-2389f409459f,8,"[1, 0, 1, 0, 1, 1, 0, 0, 1, 0, 0]",8,1,-1,,0.4545454545454545,11
207,1ca8053c-8220-11f1-b0da-2389f409459f,8,"[1, 0, 1, 0, 1, 1, 0, 0, 1, 0, 0]",9,0,0,,0.4545454545454545,11
208,1ca8053c-8220-11f1-b0da-2389f409459f,8,"[1, 0, 1, 0, 1, 1, 0, 0, 1, 0, 0]",10,0,0,,0.4545454545454545,11
209,1ca8053c-8220-11f1-b0da-2389f409459f,9,"[1, 1, 0, 1, 0, 1, 0, 0, 0, 1, 0]",0,1,-1,,0.4545454545454545,11
210,1ca8053c-8220-11f1-b0da-2389f409459f,9,"[1, 1, 0, 1, 0, 1, 0, 0, 0, 1, 0]",1,1,-1,,0.4545454545454545,11
211,1ca8053c-8220-11f1-b0da-2389f409459f,9,"[1, 1, 0, 1, 0, 1, 0, 0, 0, 1, 0]",2,0,0,,0.4545454545454545,11
212,1ca8053c-8220-11f1-b0da-2389f409459f,9,"[1, 1, 0, 1, 0, 1, 0, 0, 0, 1, 0]",3,1,-1,,0.4545454545454545,11
213,1ca8053c-8220-11f1-b0da-2389f409459f,9,"[1, 1, 0, 1, 0, 1, 0, 0, 0, 1, 0]",4,0,0,,0.4545454545454545,11
214,1ca8053c-8220-11f1-b0da-2389f409459f,9,"[1, 1, 0, 1, 0, 1, 0, 0, 0, 1, 0]",5,1,-1,,0.4545454545454545,11
215,1ca8053c-8220-11f1-b0da-2389f409459f,9,"[1, 1, 0, 1, 0, 1, 0, 0, 0, 1, 0]",6,0,0,,0.4545454545454545,11
216,1ca8053c-8220-11f1-b0da-2389f409459f,9,"[1, 1, 0, 1, 0, 1, 0, 0, 0, 1, 0]",7,0,0,,0.4545454545454545,11
217,1ca8053c-8220-11f1-b0da-2389f409459f,9,"[1, 1, 0, 1, 0, 1, 0, 0, 0, 1, 0]",8,0,0,,0.4545454545454545,11
218,1ca8053c-8220-11f1-b0da-2389f409459f,9,"[1, 1, 0, 1, 0, 1, 0, 0, 0, 1, 0]",9,1,-1,,0.4545454545454545,11
219,1ca8053c-8220-11f1-b0da-2389f409459f,9,"[1, 1, 0, 1, 0, 1, 0, 0, 0, 1, 0]",10,0,0,,0.4545454545454545,11
220,1ca9129c-8220-11f1-b0da-2389f409459f,0,"[0, 1, 1, 0, 1, 1, 0, 1, 0, 1, 0]",0,0,0,,0.4545454545454545,11
221,1ca9129c-8220-11f1-b0da-2389f409459f,0,"[0, 1, 1, 0, 1, 1, 0, 1, 0, 1, 0]",1,1,-1,,0.4545454545454545,11
222,1ca9129c-8220-11f1-b0da-2389f409459f,0,"[0, 1, 1, 0, 1, 1, 0, 1, 0, 1, 0]",2,1,-1,,0.4545454545454545,11
223,1ca9129c-8220-11f1-b0da-2389f409459f,0,"[0, 1, 1, 0, 1, 1, 0, 1, 0, 1, 0]",3,0,0,,0.4545454545454545,11
224,1ca9129c-8220-11f1-b0da-2389f409459f,0,"[0, 1, 1, 0, 1, 1, 0, 1, 0, 1, 0]",4,1,-1,,0.4545454545454545,11
225,1ca9129c-8220-11f1-b0da-2389f409459f,0,"[0, 1, 1, 0, 1, 1, 0, 1, 0, 1, 0]",5,1,-1,,0.4545454545454545,11
226,1ca9129c-8220-11f1-b0da-2389f409459f,0,"[0, 1, 1, 0, 1, 1, 0, 1, 0, 1, 0]",6,0,0,,0.4545454545454545,11
227,1ca9129c-8220-11f1-b0da-2389f409459f,0,"[0, 1, 1, 0, 1, 1, 0, 1, 0, 1, 0]",7,1,-1,,0.4545454545454545,11
228,1ca9129c-8220-11f1-b0da-2389f409459f,0,"[0, 1, 1, 0, 1, 1, 0, 1, 0, 1, 0]",8,0,0,,0.4545454545454545,11
229,1ca9129c-8220-11f1-b0da-2389f409459f,0,"[0, 1, 1, 0, 1, 1, 0, 1, 0, 1, 0]",9,1,-1,,0.4545454545454545,11
230,1ca9129c-8220-11f1-b0da-2389f409459f,0,"[0, 1, 1, 0, 1, 1, 0, 1, 0, 1, 0]",10,0,0,,0.4545454545454545,11
231,1ca9129c-8220-11f1-b0da-2389f409459f,1,"[1, 1, 0, 0, 0, 0, 0, 1, 1, 1, 1]",0,1,-1,,0.4545454545454545,11
232,1ca9129c-8220-11f1-b0da-2389f409459f,1,"[1, 1, 0, 0, 0, 0, 0, 1, 1, 1, 1]",1,1,-1,,0.4545454545454545,11
233,1ca9129c-8220-11f1-b0da-2389f409459f,1,"[1, 1, 0, 0, 0, 0, 0, 1, 1, 1, 1]",2,0,0,,0.4545454545454545,11
234,1ca9129c-8220-11f1-b0da-2389f409459f,1,"[1, 1, 0, 0, 0, 0, 0, 1, 1, 1, 1]",3,0,0,,0.4545454545454545,11
235,1ca9129c-8220-11f1-b0da-2389f409459f,1,"[1, 1, 0, 0, 0, 0, 0, 1, 1, 1, 1]",4,0,0,,0.4545454545454545,11
236,1ca9129c-8220-11f1-b0da-2389f409459f,1,"[1, 1, 0, 0, 0, 0, 0, 1, 1, 1, 1]",5,0,0,,0.4545454545454545,11
237,1ca9129c-8220-11f1-b0da-2389f409459f,1,"[1, 1, 0, 0, 0, 0, 0, 1, 1, 1, 1]",6,0,0,,0.4545454545454545,11
238,1ca9129c-8220-11f1-b0da-2389f409459f,1,"[1, 1, 0, 0, 0, 0, 0, 1, 1, 1, 1]",7,1,-1,,0.4545454545454545,11
239,1ca9129c-8220-11f1-b0da-2389f409459f,1,"[1, 1, 0, 0, 0, 0, 0, 1, 1, 1, 1]",8,1,-1,,0.4545454545454545,11
240,1ca9129c-8220-11f1-b0da-2389f409459f,1,"[1, 1, 0, 0, 0, 0, 0, 1, 1, 1, 1]",9,1,-1,,0.4545454545454545,11
241,1ca9129c-8220-11f1-b0da-2389f409459f,1,"[1, 1, 0, 0, 0, 0, 0, 1, 1, 1, 1]",10,1,-1,,0.4545454545454545,11
242,1ca9129c-8220-11f1-b0da-2389f409459f,2,"[0, 1, 1, 1, 0, 1, 0, 1, 1, 1, 0]",0,0,0,,0.4545454545454545,11
243,1ca9129c-8220-11f1-b0da-2389f409459f,2,"[0, 1, 1, 1, 0, 1, 0, 1, 1, 1, 0]",1,1,-1,,0.4545454545454545,11
244,1ca9129c-8220-11f1-b0da-2389f409459f,2,"[0, 1, 1, 1, 0, 1, 0, 1, 1, 1, 0]",2,1,-1,,0.4545454545454545,11
245,1ca9129c-8220-11f1-b0da-2389f409459f,2,"[0, 1, 1, 1, 0, 1, 0, 1, 1, 1, 0]",3,1,-1,,0.4545454545454545,11
246,1ca9129c-8220-11f1-b0da-2389f409459f,2,"[0, 1, 1, 1, 0, 1, 0, 1, 1, 1, 0]",4,0,0,,0.4545454545454545,11
247,1ca9129c-8220-11f1-b0da-2389f409459f,2,"[0, 1, 1, 1, 0, 1, 0, 1, 1, 1, 0]",5,1,-1,,0.4545454545454545,11
248,1ca9129c-8220-11f1-b0da-2389f409459f,2,"[0, 1, 1, 1, 0, 1, 0, 1, 1, 1, 0]",6,0,0,,0.4545454545454545,11
249,1ca9129c-8220-11f1-b0da-2389f409459f,2,"[0, 1, 1, 1, 0, 1, 0, 1, 1, 1, 0]",7,1,-1,,0.4545454545454545,11
250,1ca9129c-8220-11f1-b0da-2389f409459f,2,"[0, 1, 1, 1, 0, 1, 0, 1, 1, 1, 0]",8,1,-1,,0.4545454545454545,11
251,1ca9129c-8220-11f1-b0da-2389f409459f,2,"[0, 1, 1, 1, 0, 1, 0, 1, 1, 1, 0]",9,1,-1,,0.4545454545454545,11
252,1ca9129c-8220-11f1-b0da-2389f409459f,2,"[0, 1, 1, 1, 0, 1, 0, 1, 1, 1, 0]",10,0,0,,0.4545454545454545,11
253,1ca9129c-8220-11f1-b0da-2389f409459f,3,"[0, 1, 0, 1, 0, 1, 1, 0, 0, 0, 0]",0,0,0,,0.4545454545454545,11
254,1ca9129c-8220-11f1-b0da-2389f409459f,3,"[0, 1, 0, 1, 0, 1, 1, 0, 0, 0, 0]",1,1,1,,0.4545454545454545,11
255,1ca9129c-8220-11f1-b0da-2389f409459f,3,"[0, 1, 0, 1, 0, 1, 1, 0, 0, 0, 0]",2,0,0,,0.4545454545454545,11
256,1ca9129c-8220-11f1-b0da-2389f409459f,3,"[0, 1, 0, 1, 0, 1, 1, 0, 0, 0, 0]",3,1,1,,0.4545454545454545,11
257,1ca9129c-8220-11f1-b0da-2389f409459f,3,"[0, 1, 0, 1, 0, 1, 1, 0, 0, 0, 0]",4,0,0,,0.4545454545454545,11
258,1ca9129c-8220-11f1-b0da-2389f409459f,3,"[0, 1, 0, 1, 0, 1, 1, 0, 0, 0, 0]",5,1,1,,0.4545454545454545,11
259,1ca9129c-8220-11f1-b0da-2389f409459f,3,"[0, 1, 0, 1, 0, 1, 1, 0, 0, 0, 0]",6,1,1,,0.4545454545454545,11
260,1ca9129c-8220-11f1-b0da-2389f409459f,3,"[0, 1, 0, 1, 0, 1, 1, 0, 0, 0, 0]",7,0,0,,0.4545454545454545,11
261,1ca9129c-8220-11f1-b0da-2389f409459f,3,"[0, 1, 0, 1, 0, 1, 1, 0, 0, 0, 0]",8,0,0,,0.4545454545454545,11
262,1ca9129c-8220-11f1-b0da-2389f409459f,3,"[0, 1, 0, 1, 0, 1, 1, 0, 0, 0, 0]",9,0,0,,0.4545454545454545,11
263,1ca9129c-8220-11f1-b0da-2389f409459f,3,"[0, 1, 0, 1, 0, 1, 1, 0, 0, 0, 0]",10,0,0,,0.4545454545454545,11
264,1ca9129c-8220-11f1-b0da-2389f409459f,4,"[0, 1, 0, 1, 1, 1, 0, 0, 1, 0, 0]",0,0,0,,0.4545454545454545,11
265,1ca9129c-8220-11f1-b0da-2389f409459f,4,"[0, 1, 0, 1, 1, 1, 0, 0, 1, 0, 0]",1,1,-1,,0.4545454545454545,11
266,1ca9129c-8220-11f1-b0da-2389f409459f,4,"[0, 1, 0, 1, 1, 1, 0, 0, 1, 0, 0]",2,0,0,,0.4545454545454545,11
267,1ca9129c-8220-11f1-b0da-2389f409459f,4,"[0, 1, 0, 1, 1, 1, 0, 0, 1, 0, 0]",3,1,-1,,0.4545454545454545,11
268,1ca9129c-8220-11f1-b0da-2389f409459f,4,"[0, 1, 0, 1, 1, 1, 0, 0, 1, 0, 0]",4,1,-1,,0.4545454545454545,11
269,1ca9129c-8220-11f1-b0da-2389f409459f,4,"[0, 1, 0, 1, 1, 1, 0, 0, 1, 0, 0]",5,1,-1,,0.4545454545454545,11
270,1ca9129c-8220-11f1-b0da-2389f409459f,4,"[0, 1, 0, 1, 1, 1, 0, 0, 1, 0, 0]",6,0,0,,0.4545454545454545,11
271,1ca9129c-8220-11f1-b0da-2389f409459f,4,"[0, 1, 0, 1, 1, 1, 0, 0, 1, 0, 0]",7,0,0,,0.4545454545454545,11
272,1ca9129c-8220-11f1-b0da-2389f409459f,4,"[0, 1, 0, 1, 1, 1, 0, 0, 1, 0, 0]",8,1,-1,,0.4545454545454545,11
273,1ca9129c-8220-11f1-b0da-2389f409459f,4,"[0, 1, 0, 1, 1, 1, 0, 0, 1, 0, 0]",9,0,0,,0.4545454545454545,11
274,1ca9129c-8220-11f1-b0da-2389f409459f,4,"[0, 1, 0, 1, 1, 1, 0, 0, 1, 0, 0]",10,0,0,,0.4545454545454545,11
275,1ca9129c-8220-11f1-b0da-2389f409459f,5,"[0, 0, 0, 1, 1, 0, 1, 0, 0, 1, 0]",0,0,0,,0.4545454545454545,11
276,1ca9129c-8220-11f1-b0da-2389f409459f,5,"[0, 0, 0, 1, 1, 0, 1, 0, 0, 1, 0]",1,0,0,,0.4545454545454545,11
277,1ca9129c-8220-11f1-b0da-2389f409459f,5,"[0, 0, 0, 1, 1, 0, 1, 0, 0, 1, 0]",2,0,0,,0.4545454545454545,11
278,1ca9129c-8220-11f1-b0da-2389f409459f,5,"[0, 0, 0, 1, 1, 0, 1, 0, 0, 1, 0]",3,1,1,,0.4545454545454545,11
279,1ca9129c-8220-11f1-b0da-2389f409459f,5,"[0, 0, 0, 1, 1, 0, 1, 0, 0, 1, 0]",4,1,1,,0.4545454545454545,11
280,1ca9129c-8220-11f1-b0da-2389f409459f,5,"[0, 0, 0, 1, 1, 0, 1, 0, 0, 1, 0]",5,0,0,,0.4545454545454545,11
281,1ca9129c-8220-11f1-b0da-2389f409459f,5,"[0, 0, 0, 1, 1, 0, 1, 0, 0, 1, 0]",6,1,1,,0.4545454545454545,11
282,1ca9129c-8220-11f1-b0da-2389f409459f,5,"[0, 0, 0, 1, 1, 0, 1, 0, 0, 1, 0]",7,0,0,,0.4545454545454545,11
283,1ca9129c-8220-11f1-b0da-2389f409459f,5,"[0, 0, 0, 1, 1, 0, 1, 0, 0, 1, 0]",8,0,0,,0.4545454545454545,11
284,1ca9129c-8220-11f1-b0da-2389f409459f,5,"[0, 0, 0, 1, 1, 0, 1, 0, 0, 1, 0]",9,1,1,,0.4545454545454545,11
285,1ca9129c-8220-11f1-b0da-2389f409459f,5,"[0, 0, 0, 1, 1, 0, 1, 0, 0, 1, 0]",10,0,0,,0.4545454545454545,11
286,1ca9129c-8220-11f1-b0da-2389f409459f,6,"[1, 1, 1, 1, 1, 1, 1, 0, 1, 1, 0]",0,1,-1,,0.4545454545454545,11
287,1ca9129c-8220-11f1-b0da-2389f409459f,6,"[1, 1, 1, 1, 1, 1, 1, 0, 1, 1, 0]",1,1,-1,,0.4545454545454545,11
288,1ca9129c-8220-11f1-b0da-2389f409459f,6,"[1, 1, 1, 1, 1, 1, 1, 0, 1, 1, 0]",2,1,-1,,0.4545454545454545,11
289,1ca9129c-8220-11f1-b0da-2389f409459f,6,"[1, 1, 1, 1, 1, 1, 1, 0, 1, 1, 0]",3,1,-1,,0.4545454545454545,11
290,1ca9129c-8220-11f1-b0da-2389f409459f,6,"[1, 1, 1, 1, 1, 1, 1, 0, 1, 1, 0]",4,1,-1,,0.4545454545454545,11
291,1ca9129c-8220-11f1-b0da-2389f409459f,6,"[1, 1, 1, 1, 1, 1, 1, 0, 1, 1, 0]",5,1,-1,,0.4545454545454545,11
292,1ca9129c-8220-11f1-b0da-2389f409459f,6,"[1, 1, 1, 1, 1, 1, 1, 0, 1, 1, 0]",6,1,-1,,0.4545454545454545,11
293,1ca9129c-8220-11f1-b0da-2389f409459f,6,"[1, 1, 1, 1, 1, 1, 1, 0, 1, 1, 0]",7,0,0,,0.4545454545454545,11
294,1ca9129c-8220-11f1-b0da-2389f409459f,6,"[1, 1, 1, 1, 1, 1, 1, 0, 1, 1, 0]",8,1,-1,,0.4545454545454545,11
295,1ca9129c-8220-11f1-b0da-2389f409459f,6,"[1, 1, 1, 1, 1, 1, 1, 0, 1, 1, 0]",9,1,-1,,0.4545454545454545,11
296,1ca9129c-8220-11f1-b0da-2389f409459f,6,"[1, 1, 1, 1, 1, 1, 1, 0, 1, 1, 0]",10,0,0,,0.4545454545454545,11
297,1ca9129c-8220-11f1-b0da-2389f409459f,7,"[1, 0, 0, 1, 1, 0, 0, 1, 0, 0, 0]",0,1,1,,0.4545454545454545,11
298,1ca9129c-8220-11f1-b0da-2389f409459f,7,"[1, 0, 0, 1, 1, 0, 0, 1, 0, 0, 0]",1,0,0,,0.4545454545454545,11
299,1ca9129c-8220-11f1-b0da-2389f409459f,7,"[1, 0, 0, 1, 1, 0, 0, 1, 0, 0, 0]",2,0,0,,0.4545454545454545,11
300,1ca9129c-8220-11f1-b0da-2389f409459f,7,"[1, 0, 0, 1, 1, 0, 0, 1, 0, 0, 0]",3,1,1,,0.4545454545454545,11
301,1ca9129c-8220-11f1-b0da-2389f409459f,7,"[1, 0, 0, 1, 1, 0, 0, 1, 0, 0, 0]",4,1,1,,0.4545454545454545,11
302,1ca9129c-8220-11f1-b0da-2389f409459f,7,"[1, 0, 0, 1, 1, 0, 0, 1, 0, 0, 0]",5,0,0,,0.4545454545454545,11
303,1ca9129c-8220-11f1-b0da-2389f409459f,7,"[1, 0, 0, 1, 1, 0, 0, 1, 0, 0, 0]",6,0,0,,0.4545454545454545,11
304,1ca9129c-8220-11f1-b0da-2389f409459f,7,"[1, 0, 0, 1, 1, 0, 0, 1, 0, 0, 0]",7,1,1,,0.4545454545454545,11
305,1ca9129c-8220-11f1-b0da-2389f409459f,7,"[1, 0, 0, 1, 1, 0, 0, 1, 0, 0, 0]",8,0,0,,0.4545454545454545,11
306,1ca9129c-8220-11f1-b0da-2389f409459f,7,"[1, 0, 0, 1, 1, 0, 0, 1, 0, 0, 0]",9,0,0,,0.4545454545454545,11
307,1ca9129c-8220-11f1-b0da-2389f409459f,7,"[1, 0, 0, 1, 1, 0, 0, 1, 0, 0, 0]",10,0,0,,0.4545454545454545,11
308,1ca9129c-8220-11f1-b0da-2389f409459f,8,"[1, 0, 0, 1, 1, 1, 1, 1, 1, 1, 0]",0,1,-1,,0.4545454545454545,11
309,1ca9129c-8220-11f1-b0da-2389f409459f,8,"[1, 0, 0, 1, 1, 1, 1, 1, 1, 1, 0]",1,0,0,,0.4545454545454545,11
310,1ca9129c-8220-11f1-b0da-2389f409459f,8,"[1, 0, 0, 1, 1, 1, 1, 1, 1, 1, 0]",2,0,0,,0.4545454545454545,11
311,1ca9129c-8220-11f1-b0da-2389f409459f,8,"[1, 0, 0, 1, 1, 1, 1, 1, 1, 1, 0]",3,1,-1,,0.4545454545454545,11
312,1ca9129c-8220-11f1-b0da-2389f409459f,8,"[1, 0, 0, 1, 1, 1, 1, 1, 1, 1, 0]",4,1,-1,,0.4545454545454545,11
313,1ca9129c-8220-11f1-b0da-2389f409459f,8,"[1, 0, 0, 1, 1, 1, 1, 1, 1, 1, 0]",5,1,-1,,0.4545454545454545,11
314,1ca9129c-8220-11f1-b0da-2389f409459f,8,"[1, 0, 0, 1, 1, 1, 1, 1, 1, 1, 0]",6,1,-1,,0.4545454545454545,11
315,1ca9129c-8220-11f1-b0da-2389f409459f,8,"[1, 0, 0, 1, 1, 1, 1, 1, 1, 1, 0]",7,1,-1,,0.4545454545454545,11
316,1ca9129c-8220-11f1-b0da-2389f409459f,8,"[1, 0, 0, 1, 1, 1, 1, 1, 1, 1, 0]",8,1,-1,,0.4545454545454545,11
317,1ca9129c-8220-11f1-b0da-2389f409459f,8,"[1, 0, 0, 1, 1, 1, 1, 1, 1, 1, 0]",9,1,-1,,0.4545454545454545,11
318,1ca9129c-8220-11f1-b0da-2389f409459f,8,"[1, 0, 0, 1, 1, 1, 1, 1, 1, 1, 0]",10,0,0,,0.4545454545454545,11
319,1ca9129c-8220-11f1-b0da-2389f409459f,9,"[0, 1, 1, 1, 0, 0, 0, 0, 0, 1, 1]",0,0,0,,0.4545454545454545,11
320,1ca9129c-8220-11f1-b0da-2389f409459f,9,"[0, 1, 1, 1, 0, 0, 0, 0, 0, 1, 1]",1,1,-1,,0.4545454545454545,11
321,1ca9129c-8220-11f1-b0da-2389f409459f,9,"[0, 1, 1, 1, 0, 0, 0, 0, 0, 1, 1]",2,1,-1,,0.4545454545454545,11
322,1ca9129c-8220-11f1-b0da-2389f409459f,9,"[0, 1, 1, 1, 0, 0, 0, 0, 0, 1, 1]",3,1,-1,,0.4545454545454545,11
323,1ca9129c-8220-11f1-b0da-2389f409459f,9,"[0, 1, 1, 1, 0, 0, 0, 0, 0, 1, 1]",4,0,0,,0.4545454545454545,11
324,1ca9129c-8220-11f1-b0da-2389f409459f,9,"[0, 1, 1, 1, 0, 0, 0, 0, 0, 1, 1]",5,0,0,,0.4545454545454545,11
325,1ca9129c-8220-11f1-b0da-2389f409459f,9,"[0, 1, 1, 1, 0, 0, 0, 0, 0, 1, 1]",6,0,0,,0.4545454545454545,11
326,1ca9129c-8220-11f1-b0da-2389f409459f,9,"[0, 1, 1, 1, 0, 0, 0, 0, 0, 1, 1]",7,0,0,,0.4545454545454545,11
327,1ca9129c-8220-11f1-b0da-2389f409459f,9,"[0, 1, 1, 1, 0, 0, 0, 0, 0, 1, 1]",8,0,0,,0.4545454545454545,11
328,1ca9129c-8220-11f1-b0da-2389f409459f,9,"[0, 1, 1, 1, 0, 0, 0, 0, 0, 1, 1]",9,1,-1,,0.4545454545454545,11
329,1ca9129c-8220-11f1-b0da-2389f409459f,9,"[0, 1, 1, 1, 0, 0, 0, 0, 0, 1, 1]",10,1,-1,,0.4545454545454545,11
330,1caa6318-8220-11f1-b0da-2389f409459f,0,"[1, 1, 1, 0, 0, 0, 1, 1, 1, 1, 1]",0,1,-1,,0.4545454545454545,11
331,1caa6318-8220-11f1-b0da-2389f409459f,0,"[1, 1, 1, 0, 0, 0, 1, 1, 1, 1, 1]",1,1,-1,,0.4545454545454545,11
332,1caa6318-8220-11f1-b0da-2389f409459f,0,"[1, 1, 1, 0, 0, 0, 1, 1, 1, 1, 1]",2,1,-1,,0.4545454545454545,11
333,1caa6318-8220-11f1-b0da-2389f409459f,0,"[1, 1, 1, 0, 0, 0, 1, 1, 1, 1, 1]",3,0,0,,0.4545454545454545,11
334,1caa6318-8220-11f1-b0da-2389f409459f,0,"[1, 1, 1, 0, 0, 0, 1, 1, 1, 1, 1]",4,0,0,,0.4545454545454545,11
335,1caa6318-8220-11f1-b0da-2389f409459f,0,"[1, 1, 1, 0, 0, 0, 1, 1, 1, 1, 1]",5,0,0,,0.4545454545454545,11
336,1caa6318-8220-11f1-b0da-2389f409459f,0,"[1, 1, 1, 0, 0, 0, 1, 1, 1, 1, 1]",6,1,-1,,0.4545454545454545,11
337,1caa6318-8220-11f1-b0da-2389f409459f,0,"[1, 1, 1, 0, 0, 0, 1, 1, 1, 1, 1]",7,1,-1,,0.4545454545454545,11
338,1caa6318-8220-11f1-b0da-2389f409459f,0,"[1, 1, 1, 0, 0, 0, 1, 1, 1, 1, 1]",8,1,-1,,0.4545454545454545,11
339,1caa6318-8220-11f1-b0da-2389f409459f,0,"[1, 1, 1, 0, 0, 0, 1, 1, 1, 1, 1]",9,1,-1,,0.4545454545454545,11
340,1caa6318-8220-11f1-b0da-2389f409459f,0,"[1, 1, 1, 0, 0, 0, 1, 1, 1, 1, 1]",10,1,-1,,0.4545454545454545,11
341,1caa6318-8220-11f1-b0da-2389f409459f,1,"[0, 1, 1, 1, 0, 0, 0, 1, 0, 0, 1]",0,0,0,,0.4545454545454545,11
342,1caa6318-8220-11f1-b0da-2389f409459f,1,"[0, 1, 1, 1, 0, 0, 0, 1, 0, 0, 1]",1,1,-1,,0.4545454545454545,11
343,1caa6318-8220-11f1-b0da-2389f409459f,1,"[0, 1, 1, 1, 0, 0, 0, 1, 0, 0, 1]",2,1,-1,,0.4545454545454545,11
344,1caa6318-8220-11f1-b0da-2389f409459f,1,"[0, 1, 1, 1, 0, 0, 0, 1, 0, 0, 1]",3,1,-1,,0.4545454545454545,11
345,1caa6318-8220-11f1-b0da-2389f409459f,1,"[0, 1, 1, 1, 0, 0, 0, 1, 0, 0, 1]",4,0,0,,0.4545454545454545,11
346,1caa6318-8220-11f1-b0da-2389f409459f,1,"[0, 1, 1, 1, 0, 0, 0, 1, 0, 0, 1]",5,0,0,,0.4545454545454545,11
347,1caa6318-8220-11f1-b0da-2389f409459f,1,"[0, 1, 1, 1, 0, 0, 0, 1, 0, 0, 1]",6,0,0,,0.4545454545454545,11
348,1caa6318-8220-11f1-b0da-2389f409459f,1,"[0, 1, 1, 1, 0, 0, 0, 1, 0, 0, 1]",7,1,-1,,0.4545454545454545,11
349,1caa6318-8220-11f1-b0da-2389f409459f,1,"[0, 1, 1, 1, 0, 0, 0, 1, 0, 0, 1]",8,0,0,,0.4545454545454545,11
350,1caa6318-8220-11f1-b0da-2389f409459f,1,"[0, 1, 1, 1, 0, 0, 0, 1, 0, 0, 1]",9,0,0,,0.4545454545454545,11
351,1caa6318-8220-11f1-b0da-2389f409459f,1,"[0, 1, 1, 1, 0, 0, 0, 1, 0, 0, 1]",10,1,-1,,0.4545454545454545,11
352,1caa6318-8220-11f1-b0da-2389f409459f,2,"[1, 1, 0, 1, 0, 0, 0, 0, 0, 0, 0]",0,1,1,,0.4545454545454545,11
353,1caa6318-8220-11f1-b0da-2389f409459f,2,"[1, 1, 0, 1, 0, 0, 0, 0, 0, 0, 0]",1,1,1,,0.4545454545454545,11
354,1caa6318-8220-11f1-b0da-2389f409459f,2,"[1, 1, 0, 1, 0, 0, 0, 0, 0, 0, 0]",2,0,0,,0.4545454545454545,11
355,1caa6318-8220-11f1-b0da-2389f409459f,2,"[1, 1, 0, 1, 0, 0, 0, 0, 0, 0, 0]",3,1,1,,0.4545454545454545,11
356,1caa6318-8220-11f1-b0da-2389f409459f,2,"[1, 1, 0, 1, 0, 0, 0, 0, 0, 0, 0]",4,0,0,,0.4545454545454545,11
357,1caa6318-8220-11f1-b0da-2389f409459f,2,"[1, 1, 0, 1, 0, 0, 0, 0, 0, 0, 0]",5,0,0,,0.4545454545454545,11
358,1caa6318-8220-11f1-b0da-2389f409459f,2,"[1, 1, 0, 1, 0, 0, 0, 0, 0, 0, 0]",6,0,0,,0.4545454545454545,11
359,1caa6318-8220-11f1-b0da-2389f409459f,2,"[1, 1, 0, 1, 0, 0, 0, 0, 0, 0, 0]",7,0,0,,0.4545454545454545,11
360,1caa6318-8220-11f1-b0da-2389f409459f,2,"[1, 1, 0, 1, 0, 0, 0, 0, 0, 0, 0]",8,0,0,,0.4545454545454545,11
361,1caa6318-8220-11f1-b0da-2389f409459f,2,"[1, 1, 0, 1, 0, 0, 0, 0, 0, 0, 0]",9,0,0,,0.4545454545454545,11
362,1caa6318-8220-11f1-b0da-2389f409459f,2,"[1, 1, 0, 1, 0, 0, 0, 0, 0, 0, 0]",10,0,0,,0.4545454545454545,11
363,1caa6318-8220-11f1-b0da-2389f409459f,3,"[0, 0, 0, 1, 1, 1, 1, 0, 1, 1, 1]",0,0,0,,0.4545454545454545,11
364,1caa6318-8220-11f1-b0da-2389f409459f,3,"[0, 0, 0, 1, 1, 1, 1, 0, 1, 1, 1]",1,0,0,,0.4545454545454545,11
365,1caa6318-8220-11f1-b0da-2389f409459f,3,"[0, 0, 0, 1, 1, 1, 1, 0, 1, 1, 1]",2,0,0,,0.4545454545454545,11
366,1caa6318-8220-11f1-b0da-2389f409459f,3,"[0, 0, 0, 1, 1, 1, 1, 0, 1, 1, 1]",3,1,-1,,0.4545454545454545,11
367,1caa6318-8220-11f1-b0da-2389f409459f,3,"[0, 0, 0, 1, 1, 1, 1, 0, 1, 1, 1]",4,1,-1,,0.4545454545454545,11
368,1caa6318-8220-11f1-b0da-2389f409459f,3,"[0, 0, 0, 1, 1, 1, 1, 0, 1, 1, 1]",5,1,-1,,0.4545454545454545,11
369,1caa6318-8220-11f1-b0da-2389f409459f,3,"[0, 0, 0, 1, 1, 1, 1, 0, 1, 1, 1]",6,1,-1,,0.4545454545454545,11
370,1caa6318-8220-11f1-b0da-2389f409459f,3,"[0, 0, 0, 1, 1, 1, 1, 0, 1, 1, 1]",7,0,0,,0.4545454545454545,11
371,1caa6318-8220-11f1-b0da-2389f409459f,3,"[0, 0, 0, 1, 1, 1, 1, 0, 1, 1, 1]",8,1,-1,,0.4545454545454545,11
372,1caa6318-8220-11f1-b0da-2389f409459f,3,"[0, 0, 0, 1, 1, 1, 1, 0, 1, 1, 1]",9,1,-1,,0.4545454545454545,11
373,1caa6318-8220-11f1-b0da-2389f409459f,3,"[0, 0, 0, 1, 1, 1, 1, 0, 1, 1, 1]",10,1,-1,,0.4545454545454545,11
374,1caa6318-8220-11f1-b0da-2389f409459f,4,"[0, 1, 0, 1, 0, 1, 0, 1, 1, 1, 1]",0,0,0,,0.4545454545454545,11
375,1caa6318-8220-11f1-b0da-2389f409459f,4,"[0, 1, 0, 1, 0, 1, 0, 1, 1, 1, 1]",1,1,-1,,0.4545454545454545,11
376,1caa6318-8220-11f1-b0da-2389f409459f,4,"[0, 1, 0, 1, 0, 1, 0, 1, 1, 1, 1]",2,0,0,,0.4545454545454545,11
377,1caa6318-8220-11f1-b0da-2389f409459f,4,"[0, 1, 0, 1, 0, 1, 0, 1, 1, 1, 1]",3,1,-1,,0.4545454545454545,11
378,1caa6318-8220-11f1-b0da-2389f409459f,4,"[0, 1, 0, 1, 0, 1, 0, 1, 1, 1, 1]",4,0,0,,0.4545454545454545,11
379,1caa6318-8220-11f1-b0da-2389f409459f,4,"[0, 1, 0, 1, 0, 1, 0, 1, 1, 1, 1]",5,1,-1,,0.4545454545454545,11
380,1caa6318-8220-11f1-b0da-2389f409459f,4,"[0, 1, 0, 1, 0, 1, 0, 1, 1, 1, 1]",6,0,0,,0.4545454545454545,11
381,1caa6318-8220-11f1-b0da-2389f409459f,4,"[0, 1, 0, 1, 0, 1, 0, 1, 1, 1, 1]",7,1,-1,,0.4545454545454545,11
382,1caa6318-8220-11f1-b0da-2389f409459f,4,"[0, 1, 0, 1, 0, 1, 0, 1, 1, 1, 1]",8,1,-1,,0.4545454545454545,11
383,1caa6318-8220-11f1-b0da-2389f409459f,4,"[0, 1, 0, 1, 0, 1, 0, 1, 1, 1, 1]",9,1,-1,,0.4545454545454545,11
384,1caa6318-8220-11f1-b0da-2389f409459f,4,"[0, 1, 0, 1, 0, 1, 0, 1, 1, 1, 1]",10,1,-1,,0.4545454545454545,11
385,1caa6318-8220-11f1-b0da-2389f409459f,5,"[0, 1, 0, 0, 0, 1, 1, 1, 0, 0, 1]",0,0,0,,0.4545454545454545,11
386,1caa6318-8220-11f1-b0da-2389f409459f,5,"[0, 1, 0, 0, 0, 1, 1, 1, 0, 0, 1]",1,1,-1,,0.4545454545454545,11
387,1caa6318-8220-11f1-b0da-2389f409459f,5,"[0, 1, 0, 0, 0, 1, 1, 1, 0, 0, 1]",2,0,0,,0.4545454545454545,11
388,1caa6318-8220-11f1-b0da-2389f409459f,5,"[0, 1, 0, 0, 0, 1, 1, 1, 0, 0, 1]",3,0,0,,0.4545454545454545,11
389,1caa6318-8220-11f1-b0da-2389f409459f,5,"[0, 1, 0, 0, 0, 1, 1, 1, 0, 0, 1]",4,0,0,,0.4545454545454545,11
390,1caa6318-8220-11f1-b0da-2389f409459f,5,"[0, 1, 0, 0, 0, 1, 1, 1, 0, 0, 1]",5,1,-1,,0.4545454545454545,11
391,1caa6318-8220-11f1-b0da-2389f409459f,5,"[0, 1, 0, 0, 0, 1, 1, 1, 0, 0, 1]",6,1,-1,,0.4545454545454545,11
392,1caa6318-8220-11f1-b0da-2389f409459f,5,"[0, 1, 0, 0, 0, 1, 1, 1, 0, 0, 1]",7,1,-1,,0.4545454545454545,11
393,1caa6318-8220-11f1-b0da-2389f409459f,5,"[0, 1, 0, 0, 0, 1, 1, 1, 0, 0, 1]",8,0,0,,0.4545454545454545,11
394,1caa6318-8220-11f1-b0da-2389f409459f,5,"[0, 1, 0, 0, 0, 1, 1, 1, 0, 0, 1]",9,0,0,,0.4545454545454545,11
395,1caa6318-8220-11f1-b0da-2389f409459f,5,"[0, 1, 0, 0, 0, 1, 1, 1, 0, 0, 1]",10,1,-1,,0.4545454545454545,11
396,1caa6318-8220-11f1-b0da-2389f409459f,6,"[1, 0, 1, 0, 0, 1, 0, 0, 0, 1, 0]",0,1,1,,0.4545454545454545,11
397,1caa6318-8220-11f1-b0da-2389f409459f,6,"[1, 0, 1, 0, 0, 1, 0, 0, 0, 1, 0]",1,0,0,,0.4545454545454545,11
398,1caa6318-8220-11f1-b0da-2389f409459f,6,"[1, 0, 1, 0, 0, 1, 0, 0, 0, 1, 0]",2,1,1,,0.4545454545454545,11
399,1caa6318-8220-11f1-b0da-2389f409459f,6,"[1, 0, 1, 0, 0, 1, 0, 0, 0, 1, 0]",3,0,0,,0.4545454545454545,11
400,1caa6318-8220-11f1-b0da-2389f409459f,6,"[1, 0, 1, 0, 0, 1, 0, 0, 0, 1, 0]",4,0,0,,0.4545454545454545,11
401,1caa6318-8220-11f1-b0da-2389f409459f,6,"[1, 0, 1, 0, 0, 1, 0, 0, 0, 1, 0]",5,1,1,,0.4545454545454545,11
402,1caa6318-8220-11f1-b0da-2389f409459f,6,"[1, 0, 1, 0, 0, 1, 0, 0, 0, 1, 0]",6,0,0,,0.4545454545454545,11
403,1caa6318-8220-11f1-b0da-2389f409459f,6,"[1, 0, 1, 0, 0, 1, 0, 0, 0, 1, 0]",7,0,0,,0.4545454545454545,11
404,1caa6318-8220-11f1-b0da-2389f409459f,6,"[1, 0, 1, 0, 0, 1, 0, 0, 0, 1, 0]",8,0,0,,0.4545454545454545,11
405,1caa6318-8220-11f1-b0da-2389f409459f,6,"[1, 0, 1, 0, 0, 1, 0, 0, 0, 1, 0]",9,1,1,,0.4545454545454545,11
406,1caa6318-8220-11f1-b0da-2389f409459f,6,"[1, 0, 1, 0, 0, 1, 0, 0, 0, 1, 0]",10,0,0,,0.4545454545454545,11
407,1caa6318-8220-11f1-b0da-2389f409459f,7,"[1, 1, 0, 1, 0, 1, 0, 1, 0, 1, 1]",0,1,-1,,0.4545454545454545,11
408,1caa6318-8220-11f1-b0da-2389f409459f,7,"[1, 1, 0, 1, 0, 1, 0, 1, 0, 1, 1]",1,1,-1,,0.4545454545454545,11
409,1caa6318-8220-11f1-b0da-2389f409459f,7,"[1, 1, 0, 1, 0, 1, 0, 1, 0, 1, 1]",2,0,0,,0.4545454545454545,11
410,1caa6318-8220-11f1-b0da-2389f409459f,7,"[1, 1, 0, 1, 0, 1, 0, 1, 0, 1, 1]",3,1,-1,,0.4545454545454545,11
411,1caa6318-8220-11f1-b0da-2389f409459f,7,"[1, 1, 0, 1, 0, 1, 0, 1, 0, 1, 1]",4,0,0,,0.4545454545454545,11
412,1caa6318-8220-11f1-b0da-2389f409459f,7,"[1, 1, 0, 1, 0, 1, 0, 1, 0, 1, 1]",5,1,-1,,0.4545454545454545,11
413,1caa6318-8220-11f1-b0da-2389f409459f,7,"[1, 1, 0, 1, 0, 1, 0, 1, 0, 1, 1]",6,0,0,,0.4545454545454545,11
414,1caa6318-8220-11f1-b0da-2389f409459f,7,"[1, 1, 0, 1, 0, 1, 0, 1, 0, 1, 1]",7,1,-1,,0.4545454545454545,11
415,1caa6318-8220-11f1-b0da-2389f409459f,7,"[1, 1, 0, 1, 0, 1, 0, 1, 0, 1, 1]",8,0,0,,0.4545454545454545,11
416,1caa6318-8220-11f1-b0da-2389f409459f,7,"[1, 1, 0, 1, 0, 1, 0, 1, 0, 1, 1]",9,1,-1,,0.4545454545454545,11
417,1caa6318-8220-11f1-b0da-2389f409459f,7,"[1, 1, 0, 1, 0, 1, 0, 1, 0, 1, 1]",10,1,-1,,0.4545454545454545,11
418,1caa6318-8220-11f1-b0da-2389f409459f,8,"[1, 0, 0, 1, 1, 1, 0, 0, 0, 1, 1]",0,1,-1,,0.4545454545454545,11
419,1caa6318-8220-11f1-b0da-2389f409459f,8,"[1, 0, 0, 1, 1, 1, 0, 0, 0, 1, 1]",1,0,0,,0.4545454545454545,11
420,1caa6318-8220-11f1-b0da-2389f409459f,8,"[1, 0, 0, 1, 1, 1, 0, 0, 0, 1, 1]",2,0,0,,0.4545454545454545,11
421,1caa6318-8220-11f1-b0da-2389f409459f,8,"[1, 0, 0, 1, 1, 1, 0, 0, 0, 1, 1]",3,1,-1,,0.4545454545454545,11
422,1caa6318-8220-11f1-b0da-2389f409459f,8,"[1, 0, 0, 1, 1, 1, 0, 0, 0, 1, 1]",4,1,-1,,0.4545454545454545,11
423,1caa6318-8220-11f1-b0da-2389f409459f,8,"[1, 0, 0, 1, 1, 1, 0, 0, 0, 1, 1]",5,1,-1,,0.4545454545454545,11
424,1caa6318-8220-11f1-b0da-2389f409459f,8,"[1, 0, 0, 1, 1, 1, 0, 0, 0, 1, 1]",6,0,0,,0.4545454545454545,11
425,1caa6318-8220-11f1-b0da-2389f409459f,8,"[1, 0, 0, 1, 1, 1, 0, 0, 0, 1, 1]",7,0,0,,0.4545454545454545,11
426,1caa6318-8220-11f1-b0da-2389f409459f,8,"[1, 0, 0, 1, 1, 1, 0, 0, 0, 1, 1]",8,0,0,,0.4545454545454545,11
427,1caa6318-8220-11f1-b0da-2389f409459f,8,"[1, 0, 0, 1, 1, 1, 0, 0, 0, 1, 1]",9,1,-1,,0.4545454545454545,11
428,1caa6318-8220-11f1-b0da-2389f409459f,8,"[1, 0, 0, 1, 1, 1, 0, 0, 0, 1, 1]",10,1,-1,,0.4545454545454545,11
429,1caa6318-8220-11f1-b0da-2389f409459f,9,"[0, 1, 0, 1, 0, 0, 1, 1, 1, 1, 0]",0,0,0,,0.4545454545454545,11
430,1caa6318-8220-11f1-b0da-2389f409459f,9,"[0, 1, 0, 1, 0, 0, 1, 1, 1, 1, 0]",1,1,-1,,0.4545454545454545,11
431,1caa6318-8220-11f1-b0da-2389f409459f,9,"[0, 1, 0, 1, 0, 0, 1, 1, 1, 1, 0]",2,0,0,,0.4545454545454545,11
432,1caa6318-8220-11f1-b0da-2389f409459f,9,"[0, 1, 0, 1, 0, 0, 1, 1, 1, 1, 0]",3,1,-1,,0.4545454545454545,11
433,1caa6318-8220-11f1-b0da-2389f409459f,9,"[0, 1, 0, 1, 0, 0, 1, 1, 1, 1, 0]",4,0,0,,0.4545454545454545,11
434,1caa6318-8220-11f1-b0da-2389f409459f,9,"[0, 1, 0, 1, 0, 0, 1, 1, 1, 1, 0]",5,0,0,,0.4545454545454545,11
435,1caa6318-8220-11f1-b0da-2389f409459f,9,"[0, 1, 0, 1, 0, 0, 1, 1, 1, 1, 0]",6,1,-1,,0.4545454545454545,11
436,1caa6318-8220-11f1-b0da-2389f409459f,9,"[0, 1, 0, 1, 0, 0, 1, 1, 1, 1, 0]",7,1,-1,,0.4545454545454545,11
437,1caa6318-8220-11f1-b0da-2389f409459f,9,"[0, 1, 0, 1, 0, 0, 1, 1, 1, 1, 0]",8,1,-1,,0.4545454545454545,11
438,1caa6318-8220-11f1-b0da-2389f409459f,9,"[0, 1, 0, 1, 0, 0, 1, 1, 1, 1, 0]",9,1,-1,,0.4545454545454545,11
439,1caa6318-8220-11f1-b0da-2389f409459f,9,"[0, 1, 0, 1, 0, 0, 1, 1, 1, 1, 0]",10,0,0,,0.4545454545454545,11
440,1cac1fe6-8220-11f1-b0da-2389f409459f,0,"[0, 1, 1, 1, 1, 1, 1, 1, 1, 1, 1]",0,0,0,,0.4545454545454545,11
441,1cac1fe6-8220-11f1-b0da-2389f409459f,0,"[0, 1, 1, 1, 1, 1, 1, 1, 1, 1, 1]",1,1,-1,,0.4545454545454545,11
442,1cac1fe6-8220-11f1-b0da-2389f409459f,0,"[0, 1, 1, 1, 1, 1, 1, 1, 1, 1, 1]",2,1,-1,,0.4545454545454545,11
443,1cac1fe6-8220-11f1-b0da-2389f409459f,0,"[0, 1, 1, 1, 1, 1, 1, 1, 1, 1, 1]",3,1,-1,,0.4545454545454545,11
444,1cac1fe6-8220-11f1-b0da-2389f409459f,0,"[0, 1, 1, 1, 1, 1, 1, 1, 1, 1, 1]",4,1,-1,,0.4545454545454545,11
445,1cac1fe6-8220-11f1-b0da-2389f409459f,0,"[0, 1, 1, 1, 1, 1, 1, 1, 1, 1, 1]",5,1,-1,,0.4545454545454545,11
446,1cac1fe6-8220-11f1-b0da-2389f409459f,0,"[0, 1, 1, 1, 1, 1, 1, 1, 1, 1, 1]",6,1,-1,,0.4545454545454545,11
447,1cac1fe6-8220-11f1-b0da-2389f409459f,0,"[0, 1, 1, 1, 1, 1, 1, 1, 1, 1, 1]",7,1,-1,,0.4545454545454545,11
448,1cac1fe6-8220-11f1-b0da-2389f409459f,0,"[0, 1, 1, 1, 1, 1, 1, 1, 1, 1, 1]",8,1,-1,,0.4545454545454545,11
449,1cac1fe6-8220-11f1-b0da-2389f409459f,0,"[0, 1, 1, 1, 1, 1, 1, 1, 1, 1, 1]",9,1,-1,,0.4545454545454545,11
450,1cac1fe6-8220-11f1-b0da-2389f409459f,0,"[0, 1, 1, 1, 1, 1, 1, 1, 1, 1, 1]",10,1,-1,,0.4545454545454545,11
451,1cac1fe6-8220-11f1-b0da-2389f409459f,1,"[1, 0, 1, 1, 1, 0, 1, 0, 1, 0, 1]",0,1,-1,,0.4545454545454545,11
452,1cac1fe6-8220-11f1-b0da-2389f409459f,1,"[1, 0, 1, 1, 1, 0, 1, 0, 1, 0, 1]",1,0,0,,0.4545454545454545,11
453,1cac1fe6-8220-11f1-b0da-2389f409459f,1,"[1, 0, 1, 1, 1, 0, 1, 0, 1, 0, 1]",2,1,-1,,0.4545454545454545,11
454,1cac1fe6-8220-11f1-b0da-2389f409459f,1,"[1, 0, 1, 1, 1, 0, 1, 0, 1, 0, 1]",3,1,-1,,0.4545454545454545,11
455,1cac1fe6-8220-11f1-b0da-2389f409459f,1,"[1, 0, 1, 1, 1, 0, 1, 0, 1, 0, 1]",4,1,-1,,0.4545454545454545,11
456,1cac1fe6-8220-11f1-b0da-2389f409459f,1,"[1, 0, 1, 1, 1, 0, 1, 0, 1, 0, 1]",5,0,0,,0.4545454545454545,11
457,1cac1fe6-8220-11f1-b0da-2389f409459f,1,"[1, 0, 1, 1, 1, 0, 1, 0, 1, 0, 1]",6,1,-1,,0.4545454545454545,11
458,1cac1fe6-8220-11f1-b0da-2389f409459f,1,"[1, 0, 1, 1, 1, 0, 1, 0, 1, 0, 1]",7,0,0,,0.4545454545454545,11
459,1cac1fe6-8220-11f1-b0da-2389f409459f,1,"[1, 0, 1, 1, 1, 0, 1, 0, 1, 0, 1]",8,1,-1,,0.4545454545454545,11
460,1cac1fe6-8220-11f1-b0da-2389f409459f,1,"[1, 0, 1, 1, 1, 0, 1, 0, 1, 0, 1]",9,0,0,,0.4545454545454545,11
461,1cac1fe6-8220-11f1-b0da-2389f409459f,1,"[1, 0, 1, 1, 1, 0, 1, 0, 1, 0, 1]",10,1,-1,,0.4545454545454545,11
462,1cac1fe6-8220-11f1-b0da-2389f409459f,2,"[1, 1, 0, 0, 0, 0, 0, 0, 0, 0, 1]",0,1,1,,0.4545454545454545,11
463,1cac1fe6-8220-11f1-b0da-2389f409459f,2,"[1, 1, 0, 0, 0, 0, 0, 0, 0, 0, 1]",1,1,1,,0.4545454545454545,11
464,1cac1fe6-8220-11f1-b0da-2389f409459f,2,"[1, 1, 0, 0, 0, 0, 0, 0, 0, 0, 1]",2,0,0,,0.4545454545454545,11
465,1cac1fe6-8220-11f1-b0da-2389f409459f,2,"[1, 1, 0, 0, 0, 0, 0, 0, 0, 0, 1]",3,0,0,,0.4545454545454545,11
466,1cac1fe6-8220-11f1-b0da-2389f409459f,2,"[1, 1, 0, 0, 0, 0, 0, 0, 0, 0, 1]",4,0,0,,0.4545454545454545,11
467,1cac1fe6-8220-11f1-b0da-2389f409459f,2,"[1, 1, 0, 0, 0, 0, 0, 0, 0, 0, 1]",5,0,0,,0.4545454545454545,11
468,1cac1fe6-8220-11f1-b0da-2389f409459f,2,"[1, 1, 0, 0, 0, 0, 0, 0, 0, 0, 1]",6,0,0,,0.4545454545454545,11
469,1cac1fe6-8220-11f1-b0da-2389f409459f,2,"[1, 1, 0, 0, 0, 0, 0, 0, 0, 0, 1]",7,0,0,,0.4545454545454545,11
470,1cac1fe6-8220-11f1-b0da-2389f409459f,2,"[1, 1, 0, 0, 0, 0, 0, 0, 0, 0, 1]",8,0,0,,0.4545454545454545,11
471,1cac1fe6-8220-11f1-b0da-2389f409459f,2,"[1, 1, 0, 0, 0, 0, 0, 0, 0, 0, 1]",9,0,0,,0.4545454545454545,11
472,1cac1fe6-8220-11f1-b0da-2389f409459f,2,"[1, 1, 0, 0, 0, 0, 0, 0, 0, 0, 1]",10,1,1,,0.4545454545454545,11
473,1cac1fe6-8220-11f1-b0da-2389f409459f,3,"[0, 0, 0, 0, 1, 1, 1, 1, 1, 1, 0]",0,0,0,,0.4545454545454545,11
474,1cac1fe6-8220-11f1-b0da-2389f409459f,3,"[0, 0, 0, 0, 1, 1, 1, 1, 1, 1, 0]",1,0,0,,0.4545454545454545,11
475,1cac1fe6-8220-11f1-b0da-2389f409459f,3,"[0, 0, 0, 0, 1, 1, 1, 1, 1, 1, 0]",2,0,0,,0.4545454545454545,11
476,1cac1fe6-8220-11f1-b0da-2389f409459f,3,"[0, 0, 0, 0, 1, 1, 1, 1, 1, 1, 0]",3,0,0,,0.4545454545454545,11
477,1cac1fe6-8220-11f1-b0da-2389f409459f,3,"[0, 0, 0, 0, 1, 1, 1, 1, 1, 1, 0]",4,1,-1,,0.4545454545454545,11
478,1cac1fe6-8220-11f1-b0da-2389f409459f,3,"[0, 0, 0, 0, 1, 1, 1, 1, 1, 1, 0]",5,1,-1,,0.4545454545454545,11
479,1cac1fe6-8220-11f1-b0da-2389f409459f,3,"[0, 0, 0, 0, 1, 1, 1, 1, 1, 1, 0]",6,1,-1,,0.4545454545454545,11
480,1cac1fe6-8220-11f1-b0da-2389f409459f,3,"[0, 0, 0, 0, 1, 1, 1, 1, 1, 1, 0]",7,1,-1,,0.4545454545454545,11
481,1cac1fe6-8220-11f1-b0da-2389f409459f,3,"[0, 0, 0, 0, 1, 1, 1, 1, 1, 1, 0]",8,1,-1,,0.4545454545454545,11
482,1cac1fe6-8220-11f1-b0da-2389f409459f,3,"[0, 0, 0, 0, 1, 1, 1, 1, 1, 1, 0]",9,1,-1,,0.4545454545454545,11
483,1cac1fe6-8220-11f1-b0da-2389f409459f,3,"[0, 0, 0, 0, 1, 1, 1, 1, 1, 1, 0]",10,0,0,,0.4545454545454545,11
484,1cac1fe6-8220-11f1-b0da-2389f409459f,4,"[1, 1, 0, 0, 0, 0, 0, 0, 1, 0, 0]",0,1,1,,0.4545454545454545,11
485,1cac1fe6-8220-11f1-b0da-2389f409459f,4,"[1, 1, 0, 0, 0, 0, 0, 0, 1, 0, 0]",1,1,1,,0.4545454545454545,11
486,1cac1fe6-8220-11f1-b0da-2389f409459f,4,"[1, 1, 0, 0, 0, 0, 0, 0, 1, 0, 0]",2,0,0,,0.4545454545454545,11
487,1cac1fe6-8220-11f1-b0da-2389f409459f,4,"[1, 1, 0, 0, 0, 0, 0, 0, 1, 0, 0]",3,0,0,,0.4545454545454545,11
488,1cac1fe6-8220-11f1-b0da-2389f409459f,4,"[1, 1, 0, 0, 0, 0, 0, 0, 1, 0, 0]",4,0,0,,0.4545454545454545,11
489,1cac1fe6-8220-11f1-b0da-2389f409459f,4,"[1, 1, 0, 0, 0, 0, 0, 0, 1, 0, 0]",5,0,0,,0.4545454545454545,11
490,1cac1fe6-8220-11f1-b0da-2389f409459f,4,"[1, 1, 0, 0, 0, 0, 0, 0, 1, 0, 0]",6,0,0,,0.4545454545454545,11
491,1cac1fe6-8220-11f1-b0da-2389f409459f,4,"[1, 1, 0, 0, 0, 0, 0, 0, 1, 0, 0]",7,0,0,,0.4545454545454545,11
492,1cac1fe6-8220-11f1-b0da-2389f409459f,4,"[1, 1, 0, 0, 0, 0, 0, 0, 1, 0, 0]",8,1,1,,0.4545454545454545,11
493,1cac1fe6-8220-11f1-b0da-2389f409459f,4,"[1, 1, 0, 0, 0, 0, 0, 0, 1, 0, 0]",9,0,0,,0.4545454545454545,11
494,1cac1fe6-8220-11f1-b0da-2389f409459f,4,"[1, 1, 0, 0, 0, 0, 0, 0, 1, 0, 0]",10,0,0,,0.4545454545454545,11
495,1cac1fe6-8220-11f1-b0da-2389f409459f,5,"[1, 0, 0, 1, 1, 0, 1, 0, 0, 0, 1]",0,1,-1,,0.4545454545454545,11
496,1cac1fe6-8220-11f1-b0da-2389f409459f,5,"[1, 0, 0, 1, 1, 0, 1, 0, 0, 0, 1]",1,0,0,,0.4545454545454545,11
497,1cac1fe6-8220-11f1-b0da-2389f409459f,5,"[1, 0, 0, 1, 1, 0, 1, 0, 0, 0, 1]",2,0,0,,0.4545454545454545,11
498,1cac1fe6-8220-11f1-b0da-2389f409459f,5,"[1, 0, 0, 1, 1, 0, 1, 0, 0, 0, 1]",3,1,-1,,0.4545454545454545,11
499,1cac1fe6-8220-11f1-b0da-2389f409459f,5,"[1, 0, 0, 1, 1, 0, 1, 0, 0, 0, 1]",4,1,-1,,0.4545454545454545,11
500,1cac1fe6-8220-11f1-b0da-2389f409459f,5,"[1, 0, 0, 1, 1, 0, 1, 0, 0, 0, 1]",5,0,0,,0.4545454545454545,11
501,1cac1fe6-8220-11f1-b0da-2389f409459f,5,"[1, 0, 0, 1, 1, 0, 1, 0, 0, 0, 1]",6,1,-1,,0.4545454545454545,11
502,1cac1fe6-8220-11f1-b0da-2389f409459f,5,"[1, 0, 0, 1, 1, 0, 1, 0, 0, 0, 1]",7,0,0,,0.4545454545454545,11
503,1cac1fe6-8220-11f1-b0da-2389f409459f,5,"[1, 0, 0, 1, 1, 0, 1, 0, 0, 0, 1]",8,0,0,,0.4545454545454545,11
504,1cac1fe6-8220-11f1-b0da-2389f409459f,5,"[1, 0, 0, 1, 1, 0, 1, 0, 0, 0, 1]",9,0,0,,0.4545454545454545,11
505,1cac1fe6-8220-11f1-b0da-2389f409459f,5,"[1, 0, 0, 1, 1, 0, 1, 0, 0, 0, 1]",10,1,-1,,0.4545454545454545,11
506,1cac1fe6-8220-11f1-b0da-2389f409459f,6,"[1, 1, 0, 0, 1, 1, 0, 1, 1, 1, 1]",0,1,-1,,0.4545454545454545,11
507,1cac1fe6-8220-11f1-b0da-2389f409459f,6,"[1, 1, 0, 0, 1, 1, 0, 1, 1, 1, 1]",1,1,-1,,0.4545454545454545,11
508,1cac1fe6-8220-11f1-b0da-2389f409459f,6,"[1, 1, 0, 0, 1, 1, 0, 1, 1, 1, 1]",2,0,0,,0.4545454545454545,11
509,1cac1fe6-8220-11f1-b0da-2389f409459f,6,"[1, 1, 0, 0, 1, 1, 0, 1, 1, 1, 1]",3,0,0,,0.4545454545454545,11
510,1cac1fe6-8220-11f1-b0da-2389f409459f,6,"[1, 1, 0, 0, 1, 1, 0, 1, 1, 1, 1]",4,1,-1,,0.4545454545454545,11
511,1cac1fe6-8220-11f1-b0da-2389f409459f,6,"[1, 1, 0, 0, 1, 1, 0, 1, 1, 1, 1]",5,1,-1,,0.4545454545454545,11
512,1cac1fe6-8220-11f1-b0da-2389f409459f,6,"[1, 1, 0, 0, 1, 1, 0, 1, 1, 1, 1]",6,0,0,,0.4545454545454545,11
513,1cac1fe6-8220-11f1-b0da-2389f409459f,6,"[1, 1, 0, 0, 1, 1, 0, 1, 1, 1, 1]",7,1,-1,,0.4545454545454545,11
514,1cac1fe6-8220-11f1-b0da-2389f409459f,6,"[1, 1, 0, 0, 1, 1, 0, 1, 1, 1, 1]",8,1,-1,,0.4545454545454545,11
515,1cac1fe6-8220-11f1-b0da-2389f409459f,6,"[1, 1, 0, 0, 1, 1, 0, 1, 1, 1, 1]",9,1,-1,,0.4545454545454545,11
516,1cac1fe6-8220-11f1-b0da-2389f409459f,6,"[1, 1, 0, 0, 1, 1, 0, 1, 1, 1, 1]",10,1,-1,,0.4545454545454545,11
517,1cac1fe6-8220-11f1-b0da-2389f409459f,7,"[0, 1, 1, 1, 0, 1, 0, 1, 0, 0, 0]",0,0,0,,0.4545454545454545,11
518,1cac1fe6-8220-11f1-b0da-2389f409459f,7,"[0, 1, 1, 1, 0, 1, 0, 1, 0, 0, 0]",1,1,-1,,0.4545454545454545,11
519,1cac1fe6-8220-11f1-b0da-2389f409459f,7,"[0, 1, 1, 1, 0, 1, 0, 1, 0, 0, 0]",2,1,-1,,0.4545454545454545,11
520,1cac1fe6-8220-11f1-b0da-2389f409459f,7,"[0, 1, 1, 1, 0, 1, 0, 1, 0, 0, 0]",3,1,-1,,0.4545454545454545,11
521,1cac1fe6-8220-11f1-b0da-2389f409459f,7,"[0, 1, 1, 1, 0, 1, 0, 1, 0, 0, 0]",4,0,0,,0.4545454545454545,11
522,1cac1fe6-8220-11f1-b0da-2389f409459f,7,"[0, 1, 1, 1, 0, 1, 0, 1, 0, 0, 0]",5,1,-1,,0.4545454545454545,11
523,1cac1fe6-8220-11f1-b0da-2389f409459f,7,"[0, 1, 1, 1, 0, 1, 0, 1, 0, 0, 0]",6,0,0,,0.4545454545454545,11
524,1cac1fe6-8220-11f1-b0da-2389f409459f,7,"[0, 1, 1, 1, 0, 1, 0, 1, 0, 0, 0]",7,1,-1,,0.4545454545454545,11
525,1cac1fe6-8220-11f1-b0da-2389f409459f,7,"[0, 1, 1, 1, 0, 1, 0, 1, 0, 0, 0]",8,0,0,,0.4545454545454545,11
526,1cac1fe6-8220-11f1-b0da-2389f409459f,7,"[0, 1, 1, 1, 0, 1, 0, 1, 0, 0, 0]",9,0,0,,0.4545454545454545,11
527,1cac1fe6-8220-11f1-b0da-2389f409459f,7,"[0, 1, 1, 1, 0, 1, 0, 1, 0, 0, 0]",10,0,0,,0.4545454545454545,11
528,1cac1fe6-8220-11f1-b0da-2389f409459f,8,"[0, 0, 1, 1, 1, 1, 1, 0, 1, 0, 0]",0,0,0,,0.4545454545454545,11
529,1cac1fe6-8220-11f1-b0da-2389f409459f,8,"[0, 0, 1, 1, 1, 1, 1, 0, 1, 0, 0]",1,0,0,,0.4545454545454545,11
530,1cac1fe6-8220-11f1-b0da-2389f409459f,8,"[0, 0, 1, 1, 1, 1, 1, 0, 1, 0, 0]",2,1,-1,,0.4545454545454545,11
531,1cac1fe6-8220-11f1-b0da-2389f409459f,8,"[0, 0, 1, 1, 1, 1, 1, 0, 1, 0, 0]",3,1,-1,,0.4545454545454545,11
532,1cac1fe6-8220-11f1-b0da-2389f409459f,8,"[0, 0, 1, 1, 1, 1, 1, 0, 1, 0, 0]",4,1,-1,,0.4545454545454545,11
533,1cac1fe6-8220-11f1-b0da-2389f409459f,8,"[0, 0, 1, 1, 1, 1, 1, 0, 1, 0, 0]",5,1,-1,,0.4545454545454545,11
534,1cac1fe6-8220-11f1-b0da-2389f409459f,8,"[0, 0, 1, 1, 1, 1, 1, 0, 1, 0, 0]",6,1,-1,,0.4545454545454545,11
535,1cac1fe6-8220-11f1-b0da-2389f409459f,8,"[0, 0, 1, 1, 1, 1, 1, 0, 1, 0, 0]",7,0,0,,0.4545454545454545,11
536,1cac1fe6-8220-11f1-b0da-2389f409459f,8,"[0, 0, 1, 1, 1, 1, 1, 0, 1, 0, 0]",8,1,-1,,0.4545454545454545,11
537,1cac1fe6-8220-11f1-b0da-2389f409459f,8,"[0, 0, 1, 1, 1, 1, 1, 0, 1, 0, 0]",9,0,0,,0.4545454545454545,11
538,1cac1fe6-8220-11f1-b0da-2389f409459f,8,"[0, 0, 1, 1, 1, 1, 1, 0, 1, 0, 0]",10,0,0,,0.4545454545454545,11
539,1cac1fe6-8220-11f1-b0da-2389f409459f,9,"[1, 1, 1, 0, 0, 0, 1, 1, 1, 1, 1]",0,1,-1,,0.4545454545454545,11
540,1cac1fe6-8220-11f1-b0da-2389f409459f,9,"[1, 1, 1, 0, 0, 0, 1, 1, 1, 1, 1]",1,1,-1,,0.4545454545454545,11
541,1cac1fe6-8220-11f1-b0da-2389f409459f,9,"[1, 1, 1, 0, 0, 0, 1, 1, 1, 1, 1]",2,1,-1,,0.4545454545454545,11
542,1cac1fe6-8220-11f1-b0da-2389f409459f,9,"[1, 1, 1, 0, 0, 0, 1, 1, 1, 1, 1]",3,0,0,,0.4545454545454545,11
543,1cac1fe6-8220-11f1-b0da-2389f409459f,9,"[1, 1, 1, 0, 0, 0, 1, 1, 1, 1, 1]",4,0,0,,0.4545454545454545,11
544,1cac1fe6-8220-11f1-b0da-2389f409459f,9,"[1, 1, 1, 0, 0, 0, 1, 1, 1, 1, 1]",5,0,0,,0.4545454545454545,11
545,1cac1fe6-8220-11f1-b0da-2389f409459f,9,"[1, 1, 1, 0, 0, 0, 1, 1, 1, 1, 1]",6,1,-1,,0.4545454545454545,11
546,1cac1fe6-8220-11f1-b0da-2389f409459f,9,"[1, 1, 1, 0, 0, 0, 1, 1, 1, 1, 1]",7,1,-1,,0.4545454545454545,11
547,1cac1fe6-8220-11f1-b0da-2389f409459f,9,"[1, 1, 1, 0, 0, 0, 1, 1, 1, 1, 1]",8,1,-1,,0.4545454545454545,11
548,1cac1fe6-8220-11f1-b0da-2389f409459f,9,"[1, 1, 1, 0, 0, 0, 1, 1, 1, 1, 1]",9,1,-1,,0.4545454545454545,11
549,1cac1fe6-8220-11f1-b0da-2389f409459f,9,"[1, 1, 1, 0, 0, 0, 1, 1, 1, 1, 1]",10,1,-1,,0.4545454545454545,11
550,1cada690-8220-11f1-b0da-2389f409459f,0,"[1, 0, 1, 0, 0, 1, 0, 0, 0, 1, 1]",0,1,-1,,0.4545454545454545,11
551,1cada690-8220-11f1-b0da-2389f409459f,0,"[1, 0, 1, 0, 0, 1, 0, 0, 0, 1, 1]",1,0,0,,0.4545454545454545,11
552,1cada690-8220-11f1-b0da-2389f409459f,0,"[1, 0, 1, 0, 0, 1, 0, 0, 0, 1, 1]",2,1,-1,,0.4545454545454545,11
553,1cada690-8220-11f1-b0da-2389f409459f,0,"[1, 0, 1, 0, 0, 1, 0, 0, 0, 1, 1]",3,0,0,,0.4545454545454545,11
554,1cada690-8220-11f1-b0da-2389f409459f,0,"[1, 0, 1, 0, 0, 1, 0, 0, 0, 1, 1]",4,0,0,,0.4545454545454545,11
555,1cada690-8220-11f1-b0da-2389f409459f,0,"[1, 0, 1, 0, 0, 1, 0, 0, 0, 1, 1]",5,1,-1,,0.4545454545454545,11
556,1cada690-8220-11f1-b0da-2389f409459f,0,"[1, 0, 1, 0, 0, 1, 0, 0, 0, 1, 1]",6,0,0,,0.4545454545454545,11
557,1cada690-8220-11f1-b0da-2389f409459f,0,"[1, 0, 1, 0, 0, 1, 0, 0, 0, 1, 1]",7,0,0,,0.4545454545454545,11
558,1cada690-8220-11f1-b0da-2389f409459f,0,"[1, 0, 1, 0, 0, 1, 0, 0, 0, 1, 1]",8,0,0,,0.4545454545454545,11
559,1cada690-8220-11f1-b0da-2389f409459f,0,"[1, 0, 1, 0, 0, 1, 0, 0, 0, 1, 1]",9,1,-1,,0.4545454545454545,11
560,1cada690-8220-11f1-b0da-2389f409459f,0,"[1, 0, 1, 0, 0, 1, 0, 0, 0, 1, 1]",10,1,-1,,0.4545454545454545,11
561,1cada690-8220-11f1-b0da-2389f409459f,1,"[1, 1, 0, 0, 0, 0, 0, 1, 1, 0, 0]",0,1,1,,0.4545454545454545,11
562,1cada690-8220-11f1-b0da-2389f409459f,1,"[1, 1, 0, 0, 0, 0, 0, 1, 1, 0, 0]",1,1,1,,0.4545454545454545,11
563,1cada690-8220-11f1-b0da-2389f409459f,1,"[1, 1, 0, 0, 0, 0, 0, 1, 1, 0, 0]",2,0,0,,0.4545454545454545,11
564,1cada690-8220-11f1-b0da-2389f409459f,1,"[1, 1, 0, 0, 0, 0, 0, 1, 1, 0, 0]",3,0,0,,0.4545454545454545,11
565,1cada690-8220-11f1-b0da-2389f409459f,1,"[1, 1, 0, 0, 0, 0, 0, 1, 1, 0, 0]",4,0,0,,0.4545454545454545,11
566,1cada690-8220-11f1-b0da-2389f409459f,1,"[1, 1, 0, 0, 0, 0, 0, 1, 1, 0, 0]",5,0,0,,0.4545454545454545,11
567,1cada690-8220-11f1-b0da-2389f409459f,1,"[1, 1, 0, 0, 0, 0, 0, 1, 1, 0, 0]",6,0,0,,0.4545454545454545,11
568,1cada690-8220-11f1-b0da-2389f409459f,1,"[1, 1, 0, 0, 0, 0, 0, 1, 1, 0, 0]",7,1,1,,0.4545454545454545,11
569,1cada690-8220-11f1-b0da-2389f409459f,1,"[1, 1, 0, 0, 0, 0, 0, 1, 1, 0, 0]",8,1,1,,0.4545454545454545,11
570,1cada690-8220-11f1-b0da-2389f409459f,1,"[1, 1, 0, 0, 0, 0, 0, 1, 1, 0, 0]",9,0,0,,0.4545454545454545,11
571,1cada690-8220-11f1-b0da-2389f409459f,1,"[1, 1, 0, 0, 0, 0, 0, 1, 1, 0, 0]",10,0,0,,0.4545454545454545,11
572,1cada690-8220-11f1-b0da-2389f409459f,2,"[1, 0, 1, 1, 0, 1, 0, 0, 1, 0, 0]",0,1,-1,,0.4545454545454545,11
573,1cada690-8220-11f1-b0da-2389f409459f,2,"[1, 0, 1, 1, 0, 1, 0, 0, 1, 0, 0]",1,0,0,,0.4545454545454545,11
574,1cada690-8220-11f1-b0da-2389f409459f,2,"[1, 0, 1, 1, 0, 1, 0, 0, 1, 0, 0]",2,1,-1,,0.4545454545454545,11
575,1cada690-8220-11f1-b0da-2389f409459f,2,"[1, 0, 1, 1, 0, 1, 0, 0, 1, 0, 0]",3,1,-1,,0.4545454545454545,11
576,1cada690-8220-11f1-b0da-2389f409459f,2,"[1, 0, 1, 1, 0, 1, 0, 0, 1, 0, 0]",4,0,0,,0.4545454545454545,11
577,1cada690-8220-11f1-b0da-2389f409459f,2,"[1, 0, 1, 1, 0, 1, 0, 0, 1, 0, 0]",5,1,-1,,0.4545454545454545,11
578,1cada690-8220-11f1-b0da-2389f409459f,2,"[1, 0, 1, 1, 0, 1, 0, 0, 1, 0, 0]",6,0,0,,0.4545454545454545,11
579,1cada690-8220-11f1-b0da-2389f409459f,2,"[1, 0, 1, 1, 0, 1, 0, 0, 1, 0, 0]",7,0,0,,0.4545454545454545,11
580,1cada690-8220-11f1-b0da-2389f409459f,2,"[1, 0, 1, 1, 0, 1, 0, 0, 1, 0, 0]",8,1,-1,,0.4545454545454545,11
581,1cada690-8220-11f1-b0da-2389f409459f,2,"[1, 0, 1, 1, 0, 1, 0, 0, 1, 0, 0]",9,0,0,,0.4545454545454545,11
582,1cada690-8220-11f1-b0da-2389f409459f,2,"[1, 0, 1, 1, 0, 1, 0, 0, 1, 0, 0]",10,0,0,,0.4545454545454545,11
583,1cada690-8220-11f1-b0da-2389f409459f,3,"[1, 0, 0, 0, 1, 0, 0, 0, 0, 1, 1]",0,1,1,,0.4545454545454545,11
584,1cada690-8220-11f1-b0da-2389f409459f,3,"[1, 0, 0, 0, 1, 0, 0, 0, 0, 1, 1]",1,0,0,,0.4545454545454545,11
585,1cada690-8220-11f1-b0da-2389f409459f,3,"[1, 0, 0, 0, 1, 0, 0, 0, 0, 1, 1]",2,0,0,,0.4545454545454545,11
586,1cada690-8220-11f1-b0da-2389f409459f,3,"[1, 0, 0, 0, 1, 0, 0, 0, 0, 1, 1]",3,0,0,,0.4545454545454545,11
587,1cada690-8220-11f1-b0da-2389f409459f,3,"[1, 0, 0, 0, 1, 0, 0, 0, 0, 1, 1]",4,1,1,,0.4545454545454545,11
588,1cada690-8220-11f1-b0da-2389f409459f,3,"[1, 0, 0, 0, 1, 0, 0, 0, 0, 1, 1]",5,0,0,,0.4545454545454545,11
589,1cada690-8220-11f1-b0da-2389f409459f,3,"[1, 0, 0, 0, 1, 0, 0, 0, 0, 1, 1]",6,0,0,,0.4545454545454545,11
590,1cada690-8220-11f1-b0da-2389f409459f,3,"[1, 0, 0, 0, 1, 0, 0, 0, 0, 1, 1]",7,0,0,,0.4545454545454545,11
591,1cada690-8220-11f1-b0da-2389f409459f,3,"[1, 0, 0, 0, 1, 0, 0, 0, 0, 1, 1]",8,0,0,,0.4545454545454545,11
592,1cada690-8220-11f1-b0da-2389f409459f,3,"[1, 0, 0, 0, 1, 0, 0, 0, 0, 1, 1]",9,1,1,,0.4545454545454545,11
593,1cada690-8220-11f1-b0da-2389f409459f,3,"[1, 0, 0, 0, 1, 0, 0, 0, 0, 1, 1]",10,1,1,,0.4545454545454545,11
594,1cada690-8220-11f1-b0da-2389f409459f,4,"[1, 0, 1, 1, 1, 1, 0, 0, 0, 1, 0]",0,1,-1,,0.4545454545454545,11
595,1cada690-8220-11f1-b0da-2389f409459f,4,"[1, 0, 1, 1, 1, 1, 0, 0, 0, 1, 0]",1,0,0,,0.4545454545454545,11
596,1cada690-8220-11f1-b0da-2389f409459f,4,"[1, 0, 1, 1, 1, 1, 0, 0, 0, 1, 0]",2,1,-1,,0.4545454545454545,11
597,1cada690-8220-11f1-b0da-2389f409459f,4,"[1, 0, 1, 1, 1, 1, 0, 0, 0, 1, 0]",3,1,-1,,0.4545454545454545,11
598,1cada690-8220-11f1-b0da-2389f409459f,4,"[1, 0, 1, 1, 1, 1, 0, 0, 0, 1, 0]",4,1,-1,,0.4545454545454545,11
599,1cada690-8220-11f1-b0da-2389f409459f,4,"[1, 0, 1, 1, 1, 1, 0, 0, 0, 1, 0]",5,1,-1,,0.4545454545454545,11
600,1cada690-8220-11f1-b0da-2389f409459f,4,"[1, 0, 1, 1, 1, 1, 0, 0, 0, 1, 0]",6,0,0,,0.4545454545454545,11
601,1cada690-8220-11f1-b0da-2389f409459f,4,"[1, 0, 1, 1, 1, 1, 0, 0, 0, 1, 0]",7,0,0,,0.4545454545454545,11
602,1cada690-8220-11f1-b0da-2389f409459f,4,"[1, 0, 1, 1, 1, 1, 0, 0, 0, 1, 0]",8,0,0,,0.4545454545454545,11
603,1cada690-8220-11f1-b0da-2389f409459f,4,"[1, 0, 1, 1, 1, 1, 0, 0, 0, 1, 0]",9,1,-1,,0.4545454545454545,11
604,1cada690-8220-11f1-b0da-2389f409459f,4,"[1, 0, 1, 1, 1, 1, 0, 0, 0, 1, 0]",10,0,0,,0.4545454545454545,11
605,1cada690-8220-11f1-b0da-2389f409459f,5,"[0, 0, 0, 0, 0, 1, 1, 1, 0, 0, 0]",0,0,0,,0.4545454545454545,11
606,1cada690-8220-11f1-b0da-2389f409459f,5,"[0, 0, 0, 0, 0, 1, 1, 1, 0, 0, 0]",1,0,0,,0.4545454545454545,11
607,1cada690-8220-11f1-b0da-2389f409459f,5,"[0, 0, 0, 0, 0, 1, 1, 1, 0, 0, 0]",2,0,0,,0.4545454545454545,11
608,1cada690-8220-11f1-b0da-2389f409459f,5,"[0, 0, 0, 0, 0, 1, 1, 1, 0, 0, 0]",3,0,0,,0.4545454545454545,11
609,1cada690-8220-11f1-b0da-2389f409459f,5,"[0, 0, 0, 0, 0, 1, 1, 1, 0, 0, 0]",4,0,0,,0.4545454545454545,11
610,1cada690-8220-11f1-b0da-2389f409459f,5,"[0, 0, 0, 0, 0, 1, 1, 1, 0, 0, 0]",5,1,1,,0.4545454545454545,11
611,1cada690-8220-11f1-b0da-2389f409459f,5,"[0, 0, 0, 0, 0, 1, 1, 1, 0, 0, 0]",6,1,1,,0.4545454545454545,11
612,1cada690-8220-11f1-b0da-2389f409459f,5,"[0, 0, 0, 0, 0, 1, 1, 1, 0, 0, 0]",7,1,1,,0.4545454545454545,11
613,1cada690-8220-11f1-b0da-2389f409459f,5,"[0, 0, 0, 0, 0, 1, 1, 1, 0, 0, 0]",8,0,0,,0.4545454545454545,11
614,1cada690-8220-11f1-b0da-2389f409459f,5,"[0, 0, 0, 0, 0, 1, 1, 1, 0, 0, 0]",9,0,0,,0.4545454545454545,11
615,1cada690-8220-11f1-b0da-2389f409459f,5,"[0, 0, 0, 0, 0, 1, 1, 1, 0, 0, 0]",10,0,0,,0.4545454545454545,11
616,1cada690-8220-11f1-b0da-2389f409459f,6,"[1, 0, 1, 0, 0, 0, 0, 1, 1, 0, 0]",0,1,1,,0.4545454545454545,11
617,1cada690-8220-11f1-b0da-2389f409459f,6,"[1, 0, 1, 0, 0, 0, 0, 1, 1, 0, 0]",1,0,0,,0.4545454545454545,11
618,1cada690-8220-11f1-b0da-2389f409459f,6,"[1, 0, 1, 0, 0, 0, 0, 1, 1, 0, 0]",2,1,1,,0.4545454545454545,11
619,1cada690-8220-11f1-b0da-2389f409459f,6,"[1, 0, 1, 0, 0, 0, 0, 1, 1, 0, 0]",3,0,0,,0.4545454545454545,11
620,1cada690-8220-11f1-b0da-2389f409459f,6,"[1, 0, 1, 0, 0, 0, 0, 1, 1, 0, 0]",4,0,0,,0.4545454545454545,11
621,1cada690-8220-11f1-b0da-2389f409459f,6,"[1, 0, 1, 0, 0, 0, 0, 1, 1, 0, 0]",5,0,0,,0.4545454545454545,11
622,1cada690-8220-11f1-b0da-2389f409459f,6,"[1, 0, 1, 0, 0, 0, 0, 1, 1, 0, 0]",6,0,0,,0.4545454545454545,11
623,1cada690-8220-11f1-b0da-2389f409459f,6,"[1, 0, 1, 0, 0, 0, 0, 1, 1, 0, 0]",7,1,1,,0.4545454545454545,11
624,1cada690-8220-11f1-b0da-2389f409459f,6,"[1, 0, 1, 0, 0, 0, 0, 1, 1, 0, 0]",8,1,1,,0.4545454545454545,11
625,1cada690-8220-11f1-b0da-2389f409459f,6,"[1, 0, 1, 0, 0, 0, 0, 1, 1, 0, 0]",9,0,0,,0.4545454545454545,11
626,1cada690-8220-11f1-b0da-2389f409459f,6,"[1, 0, 1, 0, 0, 0, 0, 1, 1, 0, 0]",10,0,0,,0.4545454545454545,11
627,1cada690-8220-11f1-b0da-2389f409459f,7,"[0, 0, 1, 0, 0, 1, 1, 0, 1, 1, 1]",0,0,0,,0.4545454545454545,11
628,1cada690-8220-11f1-b0da-2389f409459f,7,"[0, 0, 1, 0, 0, 1, 1, 0, 1, 1, 1]",1,0,0,,0.4545454545454545,11
629,1cada690-8220-11f1-b0da-2389f409459f,7,"[0, 0, 1, 0, 0, 1, 1, 0, 1, 1, 1]",2,1,-1,,0.4545454545454545,11
630,1cada690-8220-11f1-b0da-2389f409459f,7,"[0, 0, 1, 0, 0, 1, 1, 0, 1, 1, 1]",3,0,0,,0.4545454545454545,11
631,1cada690-8220-11f1-b0da-2389f409459f,7,"[0, 0, 1, 0, 0, 1, 1, 0, 1, 1, 1]",4,0,0,,0.4545454545454545,11
632,1cada690-8220-11f1-b0da-2389f409459f,7,"[0, 0, 1, 0, 0, 1, 1, 0, 1, 1, 1]",5,1,-1,,0.4545454545454545,11
633,1cada690-8220-11f1-b0da-2389f409459f,7,"[0, 0, 1, 0, 0, 1, 1, 0, 1, 1, 1]",6,1,-1,,0.4545454545454545,11
634,1cada690-8220-11f1-b0da-2389f409459f,7,"[0, 0, 1, 0, 0, 1, 1, 0, 1, 1, 1]",7,0,0,,0.4545454545454545,11
635,1cada690-8220-11f1-b0da-2389f409459f,7,"[0, 0, 1, 0, 0, 1, 1, 0, 1, 1, 1]",8,1,-1,,0.4545454545454545,11
636,1cada690-8220-11f1-b0da-2389f409459f,7,"[0, 0, 1, 0, 0, 1, 1, 0, 1, 1, 1]",9,1,-1,,0.4545454545454545,11
637,1cada690-8220-11f1-b0da-2389f409459f,7,"[0, 0, 1, 0, 0, 1, 1, 0, 1, 1, 1]",10,1,-1,,0.4545454545454545,11
638,1cada690-8220-11f1-b0da-2389f409459f,8,"[1, 1, 0, 0, 1, 1, 1, 0, 0, 1, 1]",0,1,-1,,0.4545454545454545,11
639,1cada690-8220-11f1-b0da-2389f409459f,8,"[1, 1, 0, 0, 1, 1, 1, 0, 0, 1, 1]",1,1,-1,,0.4545454545454545,11
640,1cada690-8220-11f1-b0da-2389f409459f,8,"[1, 1, 0, 0, 1, 1, 1, 0, 0, 1, 1]",2,0,0,,0.4545454545454545,11
641,1cada690-8220-11f1-b0da-2389f409459f,8,"[1, 1, 0, 0, 1, 1, 1, 0, 0, 1, 1]",3,0,0,,0.4545454545454545,11
642,1cada690-8220-11f1-b0da-2389f409459f,8,"[1, 1, 0, 0, 1, 1, 1, 0, 0, 1, 1]",4,1,-1,,0.4545454545454545,11
643,1cada690-8220-11f1-b0da-2389f409459f,8,"[1, 1, 0, 0, 1, 1, 1, 0, 0, 1, 1]",5,1,-1,,0.4545454545454545,11
644,1cada690-8220-11f1-b0da-2389f409459f,8,"[1, 1, 0, 0, 1, 1, 1, 0, 0, 1, 1]",6,1,-1,,0.4545454545454545,11
645,1cada690-8220-11f1-b0da-2389f409459f,8,"[1, 1, 0, 0, 1, 1, 1, 0, 0, 1, 1]",7,0,0,,0.4545454545454545,11
646,1cada690-8220-11f1-b0da-2389f409459f,8,"[1, 1, 0, 0, 1, 1, 1, 0, 0, 1, 1]",8,0,0,,0.4545454545454545,11
647,1cada690-8220-11f1-b0da-2389f409459f,8,"[1, 1, 0, 0, 1, 1, 1, 0, 0, 1, 1]",9,1,-1,,0.4545454545454545,11
648,1cada690-8220-11f1-b0da-2389f409459f,8,"[1, 1, 0, 0, 1, 1, 1, 0, 0, 1, 1]",10,1,-1,,0.4545454545454545,11
649,1cada690-8220-11f1-b0da-2389f409459f,9,"[0, 0, 1, 1, 0, 0, 0, 1, 1, 1, 0]",0,0,0,,0.4545454545454545,11
650,1cada690-8220-11f1-b0da-2389f409459f,9,"[0, 0, 1, 1, 0, 0, 0, 1, 1, 1, 0]",1,0,0,,0.4545454545454545,11
651,1cada690-8220-11f1-b0da-2389f409459f,9,"[0, 0, 1, 1, 0, 0, 0, 1, 1, 1, 0]",2,1,-1,,0.4545454545454545,11
652,1cada690-8220-11f1-b0da-2389f409459f,9,"[0, 0, 1, 1, 0, 0, 0, 1, 1, 1, 0]",3,1,-1,,0.4545454545454545,11
653,1cada690-8220-11f1-b0da-2389f409459f,9,"[0, 0, 1, 1, 0, 0, 0, 1, 1, 1, 0]",4,0,0,,0.4545454545454545,11
654,1cada690-8220-11f1-b0da-2389f409459f,9,"[0, 0, 1, 1, 0, 0, 0, 1, 1, 1, 0]",5,0,0,,0.4545454545454545,11
655,1cada690-8220-11f1-b0da-2389f409459f,9,"[0, 0, 1, 1, 0, 0, 0, 1, 1, 1, 0]",6,0,0,,0.4545454545454545,11
656,1cada690-8220-11f1-b0da-2389f409459f,9,"[0, 0, 1, 1, 0, 0, 0, 1, 1, 1, 0]",7,1,-1,,0.4545454545454545,11
657,1cada690-8220-11f1-b0da-2389f409459f,9,"[0, 0, 1, 1, 0, 0, 0, 1, 1, 1, 0]",8,1,-1,,0.4545454545454545,11
658,1cada690-8220-11f1-b0da-2389f409459f,9,"[0, 0, 1, 1, 0, 0, 0, 1, 1, 1, 0]",9,1,-1,,0.4545454545454545,11
659,1cada690-8220-11f1-b0da-2389f409459f,9,"[0, 0, 1, 1, 0, 0, 0, 1, 1, 1, 0]",10,0,0,,0.4545454545454545,11
660,1caf4cde-8220-11f1-b0da-2389f409459f,0,"[1, 0, 0, 0, 1, 0, 1, 1, 1, 1, 0]",0,1,-1,,0.4545454545454545,11
661,1caf4cde-8220-11f1-b0da-2389f409459f,0,"[1, 0, 0, 0, 1, 0, 1, 1, 1, 1, 0]",1,0,0,,0.4545454545454545,11
662,1caf4cde-8220-11f1-b0da-2389f409459f,0,"[1, 0, 0, 0, 1, 0, 1, 1, 1, 1, 0]",2,0,0,,0.4545454545454545,11
663,1caf4cde-8220-11f1-b0da-2389f409459f,0,"[1, 0, 0, 0, 1, 0, 1, 1, 1, 1, 0]",3,0,0,,0.4545454545454545,11
664,1caf4cde-8220-11f1-b0da-2389f409459f,0,"[1, 0, 0, 0, 1, 0, 1, 1, 1, 1, 0]",4,1,-1,,0.4545454545454545,11
665,1caf4cde-8220-11f1-b0da-2389f409459f,0,"[1, 0, 0, 0, 1, 0, 1, 1, 1, 1, 0]",5,0,0,,0.4545454545454545,11
666,1caf4cde-8220-11f1-b0da-2389f409459f,0,"[1, 0, 0, 0, 1, 0, 1, 1, 1, 1, 0]",6,1,-1,,0.4545454545454545,11
667,1caf4cde-8220-11f1-b0da-2389f409459f,0,"[1, 0, 0, 0, 1, 0, 1, 1, 1, 1, 0]",7,1,-1,,0.4545454545454545,11
668,1caf4cde-8220-11f1-b0da-2389f409459f,0,"[1, 0, 0, 0, 1, 0, 1, 1, 1, 1, 0]",8,1,-1,,0.4545454545454545,11
669,1caf4cde-8220-11f1-b0da-2389f409459f,0,"[1, 0, 0, 0, 1, 0, 1, 1, 1, 1, 0]",9,1,-1,,0.4545454545454545,11
670,1caf4cde-8220-11f1-b0da-2389f409459f,0,"[1, 0, 0, 0, 1, 0, 1, 1, 1, 1, 0]",10,0,0,,0.4545454545454545,11
671,1caf4cde-8220-11f1-b0da-2389f409459f,1,"[1, 1, 1, 0, 1, 1, 0, 1, 0, 0, 0]",0,1,-1,,0.4545454545454545,11
672,1caf4cde-8220-11f1-b0da-2389f409459f,1,"[1, 1, 1, 0, 1, 1, 0, 1, 0, 0, 0]",1,1,-1,,0.4545454545454545,11
673,1caf4cde-8220-11f1-b0da-2389f409459f,1,"[1, 1, 1, 0, 1, 1, 0, 1, 0, 0, 0]",2,1,-1,,0.4545454545454545,11
674,1caf4cde-8220-11f1-b0da-2389f409459f,1,"[1, 1, 1, 0, 1, 1, 0, 1, 0, 0, 0]",3,0,0,,0.4545454545454545,11
675,1caf4cde-8220-11f1-b0da-2389f409459f,1,"[1, 1, 1, 0, 1, 1, 0, 1, 0, 0, 0]",4,1,-1,,0.4545454545454545,11
676,1caf4cde-8220-11f1-b0da-2389f409459f,1,"[1, 1, 1, 0, 1, 1, 0, 1, 0, 0, 0]",5,1,-1,,0.4545454545454545,11
677,1caf4cde-8220-11f1-b0da-2389f409459f,1,"[1, 1, 1, 0, 1, 1, 0, 1, 0, 0, 0]",6,0,0,,0.4545454545454545,11
678,1caf4cde-8220-11f1-b0da-2389f409459f,1,"[1, 1, 1, 0, 1, 1, 0, 1, 0, 0, 0]",7,1,-1,,0.4545454545454545,11
679,1caf4cde-8220-11f1-b0da-2389f409459f,1,"[1, 1, 1, 0, 1, 1, 0, 1, 0, 0, 0]",8,0,0,,0.4545454545454545,11
680,1caf4cde-8220-11f1-b0da-2389f409459f,1,"[1, 1, 1, 0, 1, 1, 0, 1, 0, 0, 0]",9,0,0,,0.4545454545454545,11
681,1caf4cde-8220-11f1-b0da-2389f409459f,1,"[1, 1, 1, 0, 1, 1, 0, 1, 0, 0, 0]",10,0,0,,0.4545454545454545,11
682,1caf4cde-8220-11f1-b0da-2389f409459f,2,"[0, 1, 1, 0, 1, 0, 1, 0, 0, 0, 1]",0,0,0,,0.4545454545454545,11
683,1caf4cde-8220-11f1-b0da-2389f409459f,2,"[0, 1, 1, 0, 1, 0, 1, 0, 0, 0, 1]",1,1,-1,,0.4545454545454545,11
684,1caf4cde-8220-11f1-b0da-2389f409459f,2,"[0, 1, 1, 0, 1, 0, 1, 0, 0, 0, 1]",2,1,-1,,0.4545454545454545,11
685,1caf4cde-8220-11f1-b0da-2389f409459f,2,"[0, 1, 1, 0, 1, 0, 1, 0, 0, 0, 1]",3,0,0,,0.4545454545454545,11
686,1caf4cde-8220-11f1-b0da-2389f409459f,2,"[0, 1, 1, 0, 1, 0, 1, 0, 0, 0, 1]",4,1,-1,,0.4545454545454545,11
687,1caf4cde-8220-11f1-b0da-2389f409459f,2,"[0, 1, 1, 0, 1, 0, 1, 0, 0, 0, 1]",5,0,0,,0.4545454545454545,11
688,1caf4cde-8220-11f1-b0da-2389f409459f,2,"[0, 1, 1, 0, 1, 0, 1, 0, 0, 0, 1]",6,1,-1,,0.4545454545454545,11
689,1caf4cde-8220-11f1-b0da-2389f409459f,2,"[0, 1, 1, 0, 1, 0, 1, 0, 0, 0, 1]",7,0,0,,0.4545454545454545,11
690,1caf4cde-8220-11f1-b0da-2389f409459f,2,"[0, 1, 1, 0, 1, 0, 1, 0, 0, 0, 1]",8,0,0,,0.4545454545454545,11
691,1caf4cde-8220-11f1-b0da-2389f409459f,2,"[0, 1, 1, 0, 1, 0, 1, 0, 0, 0, 1]",9,0,0,,0.4545454545454545,11
692,1caf4cde-8220-11f1-b0da-2389f409459f,2,"[0, 1, 1, 0, 1, 0, 1, 0, 0, 0, 1]",10,1,-1,,0.4545454545454545,11
693,1caf4cde-8220-11f1-b0da-2389f409459f,3,"[0, 0, 1, 0, 0, 0, 0, 0, 1, 0, 1]",0,0,0,,0.4545454545454545,11
694,1caf4cde-8220-11f1-b0da-2389f409459f,3,"[0, 0, 1, 0, 0, 0, 0, 0, 1, 0, 1]",1,0,0,,0.4545454545454545,11
695,1caf4cde-8220-11f1-b0da-2389f409459f,3,"[0, 0, 1, 0, 0, 0, 0, 0, 1, 0, 1]",2,1,1,,0.4545454545454545,11
696,1caf4cde-8220-11f1-b0da-2389f409459f,3,"[0, 0, 1, 0, 0, 0, 0, 0, 1, 0, 1]",3,0,0,,0.4545454545454545,11
697,1caf4cde-8220-11f1-b0da-2389f409459f,3,"[0, 0, 1, 0, 0, 0, 0, 0, 1, 0, 1]",4,0,0,,0.4545454545454545,11
698,1caf4cde-8220-11f1-b0da-2389f409459f,3,"[0, 0, 1, 0, 0, 0, 0, 0, 1, 0, 1]",5,0,0,,0.4545454545454545,11
699,1caf4cde-8220-11f1-b0da-2389f409459f,3,"[0, 0, 1, 0, 0, 0, 0, 0, 1, 0, 1]",6,0,0,,0.4545454545454545,11
700,1caf4cde-8220-11f1-b0da-2389f409459f,3,"[0, 0, 1, 0, 0, 0, 0, 0, 1, 0, 1]",7,0,0,,0.4545454545454545,11
701,1caf4cde-8220-11f1-b0da-2389f409459f,3,"[0, 0, 1, 0, 0, 0, 0, 0, 1, 0, 1]",8,1,1,,0.4545454545454545,11
702,1caf4cde-8220-11f1-b0da-2389f409459f,3,"[0, 0, 1, 0, 0, 0, 0, 0, 1, 0, 1]",9,0,0,,0.4545454545454545,11
703,1caf4cde-8220-11f1-b0da-2389f409459f,3,"[0, 0, 1, 0, 0, 0, 0, 0, 1, 0, 1]",10,1,1,,0.4545454545454545,11
704,1caf4cde-8220-11f1-b0da-2389f409459f,4,"[0, 1, 0, 1, 0, 0, 1, 1, 1, 1, 0]",0,0,0,,0.4545454545454545,11
705,1caf4cde-8220-11f1-b0da-2389f409459f,4,"[0, 1, 0, 1, 0, 0, 1, 1, 1, 1, 0]",1,1,-1,,0.4545454545454545,11
706,1caf4cde-8220-11f1-b0da-2389f409459f,4,"[0, 1, 0, 1, 0, 0, 1, 1, 1, 1, 0]",2,0,0,,0.4545454545454545,11
707,1caf4cde-8220-11f1-b0da-2389f409459f,4,"[0, 1, 0, 1, 0, 0, 1, 1, 1, 1, 0]",3,1,-1,,0.4545454545454545,11
708,1caf4cde-8220-11f1-b0da-2389f409459f,4,"[0, 1, 0, 1, 0, 0, 1, 1, 1, 1, 0]",4,0,0,,0.4545454545454545,11
709,1caf4cde-8220-11f1-b0da-2389f409459f,4,"[0, 1, 0, 1, 0, 0, 1, 1, 1, 1, 0]",5,0,0,,0.4545454545454545,11
710,1caf4cde-8220-11f1-b0da-2389f409459f,4,"[0, 1, 0, 1, 0, 0, 1, 1, 1, 1, 0]",6,1,-1,,0.4545454545454545,11
711,1caf4cde-8220-11f1-b0da-2389f409459f,4,"[0, 1, 0, 1, 0, 0, 1, 1, 1, 1, 0]",7,1,-1,,0.4545454545454545,11
712,1caf4cde-8220-11f1-b0da-2389f409459f,4,"[0, 1, 0, 1, 0, 0, 1, 1, 1, 1, 0]",8,1,-1,,0.4545454545454545,11
713,1caf4cde-8220-11f1-b0da-2389f409459f,4,"[0, 1, 0, 1, 0, 0, 1, 1, 1, 1, 0]",9,1,-1,,0.4545454545454545,11
714,1caf4cde-8220-11f1-b0da-2389f409459f,4,"[0, 1, 0, 1, 0, 0, 1, 1, 1, 1, 0]",10,0,0,,0.4545454545454545,11
715,1caf4cde-8220-11f1-b0da-2389f409459f,5,"[1, 1, 1, 0, 1, 0, 0, 0, 0, 0, 1]",0,1,-1,,0.4545454545454545,11
716,1caf4cde-8220-11f1-b0da-2389f409459f,5,"[1, 1, 1, 0, 1, 0, 0, 0, 0, 0, 1]",1,1,-1,,0.4545454545454545,11
717,1caf4cde-8220-11f1-b0da-2389f409459f,5,"[1, 1, 1, 0, 1, 0, 0, 0, 0, 0, 1]",2,1,-1,,0.4545454545454545,11
718,1caf4cde-8220-11f1-b0da-2389f409459f,5,"[1, 1, 1, 0, 1, 0, 0, 0, 0, 0, 1]",3,0,0,,0.4545454545454545,11
719,1caf4cde-8220-11f1-b0da-2389f409459f,5,"[1, 1, 1, 0, 1, 0, 0, 0, 0, 0, 1]",4,1,-1,,0.4545454545454545,11
720,1caf4cde-8220-11f1-b0da-2389f409459f,5,"[1, 1, 1, 0, 1, 0, 0, 0, 0, 0, 1]",5,0,0,,0.4545454545454545,11
721,1caf4cde-8220-11f1-b0da-2389f409459f,5,"[1, 1, 1, 0, 1, 0, 0, 0, 0, 0, 1]",6,0,0,,0.4545454545454545,11
722,1caf4cde-8220-11f1-b0da-2389f409459f,5,"[1, 1, 1, 0, 1, 0, 0, 0, 0, 0, 1]",7,0,0,,0.4545454545454545,11
723,1caf4cde-8220-11f1-b0da-2389f409459f,5,"[1, 1, 1, 0, 1, 0, 0, 0, 0, 0, 1]",8,0,0,,0.4545454545454545,11
724,1caf4cde-8220-11f1-b0da-2389f409459f,5,"[1, 1, 1, 0, 1, 0, 0, 0, 0, 0, 1]",9,0,0,,0.4545454545454545,11
725,1caf4cde-8220-11f1-b0da-2389f409459f,5,"[1, 1, 1, 0, 1, 0, 0, 0, 0, 0, 1]",10,1,-1,,0.4545454545454545,11
726,1caf4cde-8220-11f1-b0da-2389f409459f,6,"[1, 0, 0, 1, 0, 1, 1, 1, 0, 0, 1]",0,1,-1,,0.4545454545454545,11
727,1caf4cde-8220-11f1-b0da-2389f409459f,6,"[1, 0, 0, 1, 0, 1, 1, 1, 0, 0, 1]",1,0,0,,0.4545454545454545,11
728,1caf4cde-8220-11f1-b0da-2389f409459f,6,"[1, 0, 0, 1, 0, 1, 1, 1, 0, 0, 1]",2,0,0,,0.4545454545454545,11
729,1caf4cde-8220-11f1-b0da-2389f409459f,6,"[1, 0, 0, 1, 0, 1, 1, 1, 0, 0, 1]",3,1,-1,,0.4545454545454545,11
730,1caf4cde-8220-11f1-b0da-2389f409459f,6,"[1, 0, 0, 1, 0, 1, 1, 1, 0, 0, 1]",4,0,0,,0.4545454545454545,11
731,1caf4cde-8220-11f1-b0da-2389f409459f,6,"[1, 0, 0, 1, 0, 1, 1, 1, 0, 0, 1]",5,1,-1,,0.4545454545454545,11
732,1caf4cde-8220-11f1-b0da-2389f409459f,6,"[1, 0, 0, 1, 0, 1, 1, 1, 0, 0, 1]",6,1,-1,,0.4545454545454545,11
733,1caf4cde-8220-11f1-b0da-2389f409459f,6,"[1, 0, 0, 1, 0, 1, 1, 1, 0, 0, 1]",7,1,-1,,0.4545454545454545,11
734,1caf4cde-8220-11f1-b0da-2389f409459f,6,"[1, 0, 0, 1, 0, 1, 1, 1, 0, 0, 1]",8,0,0,,0.4545454545454545,11
735,1caf4cde-8220-11f1-b0da-2389f409459f,6,"[1, 0, 0, 1, 0, 1, 1, 1, 0, 0, 1]",9,0,0,,0.4545454545454545,11
736,1caf4cde-8220-11f1-b0da-2389f409459f,6,"[1, 0, 0, 1, 0, 1, 1, 1, 0, 0, 1]",10,1,-1,,0.4545454545454545,11
737,1caf4cde-8220-11f1-b0da-2389f409459f,7,"[0, 1, 1, 0, 0, 1, 1, 1, 0, 0, 1]",0,0,0,,0.4545454545454545,11
738,1caf4cde-8220-11f1-b0da-2389f409459f,7,"[0, 1, 1, 0, 0, 1, 1, 1, 0, 0, 1]",1,1,-1,,0.4545454545454545,11
739,1caf4cde-8220-11f1-b0da-2389f409459f,7,"[0, 1, 1, 0, 0, 1, 1, 1, 0, 0, 1]",2,1,-1,,0.4545454545454545,11
740,1caf4cde-8220-11f1-b0da-2389f409459f,7,"[0, 1, 1, 0, 0, 1, 1, 1, 0, 0, 1]",3,0,0,,0.4545454545454545,11
741,1caf4cde-8220-11f1-b0da-2389f409459f,7,"[0, 1, 1, 0, 0, 1, 1, 1, 0, 0, 1]",4,0,0,,0.4545454545454545,11
742,1caf4cde-8220-11f1-b0da-2389f409459f,7,"[0, 1, 1, 0, 0, 1, 1, 1, 0, 0, 1]",5,1,-1,,0.4545454545454545,11
743,1caf4cde-8220-11f1-b0da-2389f409459f,7,"[0, 1, 1, 0, 0, 1, 1, 1, 0, 0, 1]",6,1,-1,,0.4545454545454545,11
744,1caf4cde-8220-11f1-b0da-2389f409459f,7,"[0, 1, 1, 0, 0, 1, 1, 1, 0, 0, 1]",7,1,-1,,0.4545454545454545,11
745,1caf4cde-8220-11f1-b0da-2389f409459f,7,"[0, 1, 1, 0, 0, 1, 1, 1, 0, 0, 1]",8,0,0,,0.4545454545454545,11
746,1caf4cde-8220-11f1-b0da-2389f409459f,7,"[0, 1, 1, 0, 0, 1, 1, 1, 0, 0, 1]",9,0,0,,0.4545454545454545,11
747,1caf4cde-8220-11f1-b0da-2389f409459f,7,"[0, 1, 1, 0, 0, 1, 1, 1, 0, 0, 1]",10,1,-1,,0.4545454545454545,11
748,1caf4cde-8220-11f1-b0da-2389f409459f,8,"[0, 1, 1, 1, 0, 0, 0, 0, 0, 1, 0]",0,0,0,,0.4545454545454545,11
749,1caf4cde-8220-11f1-b0da-2389f409459f,8,"[0, 1, 1, 1, 0, 0, 0, 0, 0, 1, 0]",1,1,1,,0.4545454545454545,11
750,1caf4cde-8220-11f1-b0da-2389f409459f,8,"[0, 1, 1, 1, 0, 0, 0, 0, 0, 1, 0]",2,1,1,,0.4545454545454545,11
751,1caf4cde-8220-11f1-b0da-2389f409459f,8,"[0, 1, 1, 1, 0, 0, 0, 0, 0, 1, 0]",3,1,1,,0.4545454545454545,11
752,1caf4cde-8220-11f1-b0da-2389f409459f,8,"[0, 1, 1, 1, 0, 0, 0, 0, 0, 1, 0]",4,0,0,,0.4545454545454545,11
753,1caf4cde-8220-11f1-b0da-2389f409459f,8,"[0, 1, 1, 1, 0, 0, 0, 0, 0, 1, 0]",5,0,0,,0.4545454545454545,11
754,1caf4cde-8220-11f1-b0da-2389f409459f,8,"[0, 1, 1, 1, 0, 0, 0, 0, 0, 1, 0]",6,0,0,,0.4545454545454545,11
755,1caf4cde-8220-11f1-b0da-2389f409459f,8,"[0, 1, 1, 1, 0, 0, 0, 0, 0, 1, 0]",7,0,0,,0.4545454545454545,11
756,1caf4cde-8220-11f1-b0da-2389f409459f,8,"[0, 1, 1, 1, 0, 0, 0, 0, 0, 1, 0]",8,0,0,,0.4545454545454545,11
757,1caf4cde-8220-11f1-b0da-2389f409459f,8,"[0, 1, 1, 1, 0, 0, 0, 0, 0, 1, 0]",9,1,1,,0.4545454545454545,11
758,1caf4cde-8220-11f1-b0da-2389f409459f,8,"[0, 1, 1, 1, 0, 0, 0, 0, 0, 1, 0]",10,0,0,,0.4545454545454545,11
759,1caf4cde-8220-11f1-b0da-2389f409459f,9,"[0, 0, 1, 1, 0, 1, 1, 0, 0, 1, 1]",0,0,0,,0.4545454545454545,11
760,1caf4cde-8220-11f1-b0da-2389f409459f,9,"[0, 0, 1, 1, 0, 1, 1, 0, 0, 1, 1]",1,0,0,,0.4545454545454545,11
761,1caf4cde-8220-11f1-b0da-2389f409459f,9,"[0, 0, 1, 1, 0, 1, 1, 0, 0, 1, 1]",2,1,-1,,0.4545454545454545,11
762,1caf4cde-8220-11f1-b0da-2389f409459f,9,"[0, 0, 1, 1, 0, 1, 1, 0, 0, 1, 1]",3,1,-1,,0.4545454545454545,11
763,1caf4cde-8220-11f1-b0da-2389f409459f,9,"[0, 0, 1, 1, 0, 1, 1, 0, 0, 1, 1]",4,0,0,,0.4545454545454545,11
764,1caf4cde-8220-11f1-b0da-2389f409459f,9,"[0, 0, 1, 1, 0, 1, 1, 0, 0, 1, 1]",5,1,-1,,0.4545454545454545,11
765,1caf4cde-8220-11f1-b0da-2389f409459f,9,"[0, 0, 1, 1, 0, 1, 1, 0, 0, 1, 1]",6,1,-1,,0.4545454545454545,11
766,1caf4cde-8220-11f1-b0da-2389f409459f,9,"[0, 0, 1, 1, 0, 1, 1, 0, 0, 1, 1]",7,0,0,,0.4545454545454545,11
767,1caf4cde-8220-11f1-b0da-2389f409459f,9,"[0, 0, 1, 1, 0, 1, 1, 0, 0, 1, 1]",8,0,0,,0.4545454545454545,11
768,1caf4cde-8220-11f1-b0da-2389f409459f,9,"[0, 0, 1, 1, 0, 1, 1, 0, 0, 1, 1]",9,1,-1,,0.4545454545454545,11
769,1caf4cde-8220-11f1-b0da-2389f409459f,9,"[0, 0, 1, 1, 0, 1, 1, 0, 0, 1, 1]",10,1,-1,,0.4545454545454545,11
770,1cb05e76-8220-11f1-b0da-2389f409459f,0,"[0, 0, 1, 0, 1, 0, 0, 1, 1, 1, 0]",0,0,0,,0.4545454545454545,11
771,1cb05e76-8220-11f1-b0da-2389f409459f,0,"[0, 0, 1, 0, 1, 0, 0, 1, 1, 1, 0]",1,0,0,,0.4545454545454545,11
772,1cb05e76-8220-11f1-b0da-2389f409459f,0,"[0, 0, 1, 0, 1, 0, 0, 1, 1, 1, 0]",2,1,-1,,0.4545454545454545,11
773,1cb05e76-8220-11f1-b0da-2389f409459f,0,"[0, 0, 1, 0, 1, 0, 0, 1, 1, 1, 0]",3,0,0,,0.4545454545454545,11
774,1cb05e76-8220-11f1-b0da-2389f409459f,0,"[0, 0, 1, 0, 1, 0, 0, 1, 1, 1, 0]",4,1,-1,,0.4545454545454545,11
775,1cb05e76-8220-11f1-b0da-2389f409459f,0,"[0, 0, 1, 0, 1, 0, 0, 1, 1, 1, 0]",5,0,0,,0.4545454545454545,11
776,1cb05e76-8220-11f1-b0da-2389f409459f,0,"[0, 0, 1, 0, 1, 0, 0, 1, 1, 1, 0]",6,0,0,,0.4545454545454545,11
777,1cb05e76-8220-11f1-b0da-2389f409459f,0,"[0, 0, 1, 0, 1, 0, 0, 1, 1, 1, 0]",7,1,-1,,0.4545454545454545,11
778,1cb05e76-8220-11f1-b0da-2389f409459f,0,"[0, 0, 1, 0, 1, 0, 0, 1, 1, 1, 0]",8,1,-1,,0.4545454545454545,11
779,1cb05e76-8220-11f1-b0da-2389f409459f,0,"[0, 0, 1, 0, 1, 0, 0, 1, 1, 1, 0]",9,1,-1,,0.4545454545454545,11
780,1cb05e76-8220-11f1-b0da-2389f409459f,0,"[0, 0, 1, 0, 1, 0, 0, 1, 1, 1, 0]",10,0,0,,0.4545454545454545,11
781,1cb05e76-8220-11f1-b0da-2389f409459f,1,"[1, 1, 1, 0, 1, 0, 1, 1, 0, 1, 0]",0,1,-1,,0.4545454545454545,11
782,1cb05e76-8220-11f1-b0da-2389f409459f,1,"[1, 1, 1, 0, 1, 0, 1, 1, 0, 1, 0]",1,1,-1,,0.4545454545454545,11
783,1cb05e76-8220-11f1-b0da-2389f409459f,1,"[1, 1, 1, 0, 1, 0, 1, 1, 0, 1, 0]",2,1,-1,,0.4545454545454545,11
784,1cb05e76-8220-11f1-b0da-2389f409459f,1,"[1, 1, 1, 0, 1, 0, 1, 1, 0, 1, 0]",3,0,0,,0.4545454545454545,11
785,1cb05e76-8220-11f1-b0da-2389f409459f,1,"[1, 1, 1, 0, 1, 0, 1, 1, 0, 1, 0]",4,1,-1,,0.4545454545454545,11
786,1cb05e76-8220-11f1-b0da-2389f409459f,1,"[1, 1, 1, 0, 1, 0, 1, 1, 0, 1, 0]",5,0,0,,0.4545454545454545,11
787,1cb05e76-8220-11f1-b0da-2389f409459f,1,"[1, 1, 1, 0, 1, 0, 1, 1, 0, 1, 0]",6,1,-1,,0.4545454545454545,11
788,1cb05e76-8220-11f1-b0da-2389f409459f,1,"[1, 1, 1, 0, 1, 0, 1, 1, 0, 1, 0]",7,1,-1,,0.4545454545454545,11
789,1cb05e76-8220-11f1-b0da-2389f409459f,1,"[1, 1, 1, 0, 1, 0, 1, 1, 0, 1, 0]",8,0,0,,0.4545454545454545,11
790,1cb05e76-8220-11f1-b0da-2389f409459f,1,"[1, 1, 1, 0, 1, 0, 1, 1, 0, 1, 0]",9,1,-1,,0.4545454545454545,11
791,1cb05e76-8220-11f1-b0da-2389f409459f,1,"[1, 1, 1, 0, 1, 0, 1, 1, 0, 1, 0]",10,0,0,,0.4545454545454545,11
792,1cb05e76-8220-11f1-b0da-2389f409459f,2,"[1, 0, 1, 0, 1, 1, 0, 0, 0, 1, 1]",0,1,-1,,0.4545454545454545,11
793,1cb05e76-8220-11f1-b0da-2389f409459f,2,"[1, 0, 1, 0, 1, 1, 0, 0, 0, 1, 1]",1,0,0,,0.4545454545454545,11
794,1cb05e76-8220-11f1-b0da-2389f409459f,2,"[1, 0, 1, 0, 1, 1, 0, 0, 0, 1, 1]",2,1,-1,,0.4545454545454545,11
795,1cb05e76-8220-11f1-b0da-2389f409459f,2,"[1, 0, 1, 0, 1, 1, 0, 0, 0, 1, 1]",3,0,0,,0.4545454545454545,11
796,1cb05e76-8220-11f1-b0da-2389f409459f,2,"[1, 0, 1, 0, 1, 1, 0, 0, 0, 1, 1]",4,1,-1,,0.4545454545454545,11
797,1cb05e76-8220-11f1-b0da-2389f409459f,2,"[1, 0, 1, 0, 1, 1, 0, 0, 0, 1, 1]",5,1,-1,,0.4545454545454545,11
798,1cb05e76-8220-11f1-b0da-2389f409459f,2,"[1, 0, 1, 0, 1, 1, 0, 0, 0, 1, 1]",6,0,0,,0.4545454545454545,11
799,1cb05e76-8220-11f1-b0da-2389f409459f,2,"[1, 0, 1, 0, 1, 1, 0, 0, 0, 1, 1]",7,0,0,,0.4545454545454545,11
800,1cb05e76-8220-11f1-b0da-2389f409459f,2,"[1, 0, 1, 0, 1, 1, 0, 0, 0, 1, 1]",8,0,0,,0.4545454545454545,11
801,1cb05e76-8220-11f1-b0da-2389f409459f,2,"[1, 0, 1, 0, 1, 1, 0, 0, 0, 1, 1]",9,1,-1,,0.4545454545454545,11
802,1cb05e76-8220-11f1-b0da-2389f409459f,2,"[1, 0, 1, 0, 1, 1, 0, 0, 0, 1, 1]",10,1,-1,,0.4545454545454545,11
803,1cb05e76-8220-11f1-b0da-2389f409459f,3,"[1, 0, 0, 0, 1, 1, 0, 0, 0, 0, 1]",0,1,1,,0.4545454545454545,11
804,1cb05e76-8220-11f1-b0da-2389f409459f,3,"[1, 0, 0, 0, 1, 1, 0, 0, 0, 0, 1]",1,0,0,,0.4545454545454545,11
805,1cb05e76-8220-11f1-b0da-2389f409459f,3,"[1, 0, 0, 0, 1, 1, 0, 0, 0, 0, 1]",2,0,0,,0.4545454545454545,11
806,1cb05e76-8220-11f1-b0da-2389f409459f,3,"[1, 0, 0, 0, 1, 1, 0, 0, 0, 0, 1]",3,0,0,,0.4545454545454545,11
807,1cb05e76-8220-11f1-b0da-2389f409459f,3,"[1, 0, 0, 0, 1, 1, 0, 0, 0, 0, 1]",4,1,1,,0.4545454545454545,11
808,1cb05e76-8220-11f1-b0da-2389f409459f,3,"[1, 0, 0, 0, 1, 1, 0, 0, 0, 0, 1]",5,1,1,,0.4545454545454545,11
809,1cb05e76-8220-11f1-b0da-2389f409459f,3,"[1, 0, 0, 0, 1, 1, 0, 0, 0, 0, 1]",6,0,0,,0.4545454545454545,11
810,1cb05e76-8220-11f1-b0da-2389f409459f,3,"[1, 0, 0, 0, 1, 1, 0, 0, 0, 0, 1]",7,0,0,,0.4545454545454545,11
811,1cb05e76-8220-11f1-b0da-2389f409459f,3,"[1, 0, 0, 0, 1, 1, 0, 0, 0, 0, 1]",8,0,0,,0.4545454545454545,11
812,1cb05e76-8220-11f1-b0da-2389f409459f,3,"[1, 0, 0, 0, 1, 1, 0, 0, 0, 0, 1]",9,0,0,,0.4545454545454545,11
813,1cb05e76-8220-11f1-b0da-2389f409459f,3,"[1, 0, 0, 0, 1, 1, 0, 0, 0, 0, 1]",10,1,1,,0.4545454545454545,11
814,1cb05e76-8220-11f1-b0da-2389f409459f,4,"[0, 1, 0, 0, 0, 0, 1, 1, 0, 0, 1]",0,0,0,,0.4545454545454545,11
815,1cb05e76-8220-11f1-b0da-2389f409459f,4,"[0, 1, 0, 0, 0, 0, 1, 1, 0, 0, 1]",1,1,1,,0.4545454545454545,11
816,1cb05e76-8220-11f1-b0da-2389f409459f,4,"[0, 1, 0, 0, 0, 0, 1, 1, 0, 0, 1]",2,0,0,,0.4545454545454545,11
817,1cb05e76-8220-11f1-b0da-2389f409459f,4,"[0, 1, 0, 0, 0, 0, 1, 1, 0, 0, 1]",3,0,0,,0.4545454545454545,11
818,1cb05e76-8220-11f1-b0da-2389f409459f,4,"[0, 1, 0, 0, 0, 0, 1, 1, 0, 0, 1]",4,0,0,,0.4545454545454545,11
819,1cb05e76-8220-11f1-b0da-2389f409459f,4,"[0, 1, 0, 0, 0, 0, 1, 1, 0, 0, 1]",5,0,0,,0.4545454545454545,11
820,1cb05e76-8220-11f1-b0da-2389f409459f,4,"[0, 1, 0, 0, 0, 0, 1, 1, 0, 0, 1]",6,1,1,,0.4545454545454545,11
821,1cb05e76-8220-11f1-b0da-2389f409459f,4,"[0, 1, 0, 0, 0, 0, 1, 1, 0, 0, 1]",7,1,1,,0.4545454545454545,11
822,1cb05e76-8220-11f1-b0da-2389f409459f,4,"[0, 1, 0, 0, 0, 0, 1, 1, 0, 0, 1]",8,0,0,,0.4545454545454545,11
823,1cb05e76-8220-11f1-b0da-2389f409459f,4,"[0, 1, 0, 0, 0, 0, 1, 1, 0, 0, 1]",9,0,0,,0.4545454545454545,11
824,1cb05e76-8220-11f1-b0da-2389f409459f,4,"[0, 1, 0, 0, 0, 0, 1, 1, 0, 0, 1]",10,1,1,,0.4545454545454545,11
825,1cb05e76-8220-11f1-b0da-2389f409459f,5,"[0, 1, 1, 0, 1, 0, 0, 1, 0, 1, 1]",0,0,0,,0.4545454545454545,11
826,1cb05e76-8220-11f1-b0da-2389f409459f,5,"[0, 1, 1, 0, 1, 0, 0, 1, 0, 1, 1]",1,1,-1,,0.4545454545454545,11
827,1cb05e76-8220-11f1-b0da-2389f409459f,5,"[0, 1, 1, 0, 1, 0, 0, 1, 0, 1, 1]",2,1,-1,,0.4545454545454545,11
828,1cb05e76-8220-11f1-b0da-2389f409459f,5,"[0, 1, 1, 0, 1, 0, 0, 1, 0, 1, 1]",3,0,0,,0.4545454545454545,11
829,1cb05e76-8220-11f1-b0da-2389f409459f,5,"[0, 1, 1, 0, 1, 0, 0, 1, 0, 1, 1]",4,1,-1,,0.4545454545454545,11
830,1cb05e76-8220-11f1-b0da-2389f409459f,5,"[0, 1, 1, 0, 1, 0, 0, 1, 0, 1, 1]",5,0,0,,0.4545454545454545,11
831,1cb05e76-8220-11f1-b0da-2389f409459f,5,"[0, 1, 1, 0, 1, 0, 0, 1, 0, 1, 1]",6,0,0,,0.4545454545454545,11
832,1cb05e76-8220-11f1-b0da-2389f409459f,5,"[0, 1, 1, 0, 1, 0, 0, 1, 0, 1, 1]",7,1,-1,,0.4545454545454545,11
833,1cb05e76-8220-11f1-b0da-2389f409459f,5,"[0, 1, 1, 0, 1, 0, 0, 1, 0, 1, 1]",8,0,0,,0.4545454545454545,11
834,1cb05e76-8220-11f1-b0da-2389f409459f,5,"[0, 1, 1, 0, 1, 0, 0, 1, 0, 1, 1]",9,1,-1,,0.4545454545454545,11
835,1cb05e76-8220-11f1-b0da-2389f409459f,5,"[0, 1, 1, 0, 1, 0, 0, 1, 0, 1, 1]",10,1,-1,,0.4545454545454545,11
836,1cb05e76-8220-11f1-b0da-2389f409459f,6,"[0, 0, 1, 1, 0, 0, 0, 1, 1, 0, 0]",0,0,0,,0.4545454545454545,11
837,1cb05e76-8220-11f1-b0da-2389f409459f,6,"[0, 0, 1, 1, 0, 0, 0, 1, 1, 0, 0]",1,0,0,,0.4545454545454545,11
838,1cb05e76-8220-11f1-b0da-2389f409459f,6,"[0, 0, 1, 1, 0, 0, 0, 1, 1, 0, 0]",2,1,1,,0.4545454545454545,11
839,1cb05e76-8220-11f1-b0da-2389f409459f,6,"[0, 0, 1, 1, 0, 0, 0, 1, 1, 0, 0]",3,1,1,,0.4545454545454545,11
840,1cb05e76-8220-11f1-b0da-2389f409459f,6,"[0, 0, 1, 1, 0, 0, 0, 1, 1, 0, 0]",4,0,0,,0.4545454545454545,11
841,1cb05e76-8220-11f1-b0da-2389f409459f,6,"[0, 0, 1, 1, 0, 0, 0, 1, 1, 0, 0]",5,0,0,,0.4545454545454545,11
842,1cb05e76-8220-11f1-b0da-2389f409459f,6,"[0, 0, 1, 1, 0, 0, 0, 1, 1, 0, 0]",6,0,0,,0.4545454545454545,11
843,1cb05e76-8220-11f1-b0da-2389f409459f,6,"[0, 0, 1, 1, 0, 0, 0, 1, 1, 0, 0]",7,1,1,,0.4545454545454545,11
844,1cb05e76-8220-11f1-b0da-2389f409459f,6,"[0, 0, 1, 1, 0, 0, 0, 1, 1, 0, 0]",8,1,1,,0.4545454545454545,11
845,1cb05e76-8220-11f1-b0da-2389f409459f,6,"[0, 0, 1, 1, 0, 0, 0, 1, 1, 0, 0]",9,0,0,,0.4545454545454545,11
846,1cb05e76-8220-11f1-b0da-2389f409459f,6,"[0, 0, 1, 1, 0, 0, 0, 1, 1, 0, 0]",10,0,0,,0.4545454545454545,11
847,1cb05e76-8220-11f1-b0da-2389f409459f,7,"[1, 1, 1, 0, 0, 0, 1, 1, 0, 1, 1]",0,1,-1,,0.4545454545454545,11
848,1cb05e76-8220-11f1-b0da-2389f409459f,7,"[1, 1, 1, 0, 0, 0, 1, 1, 0, 1, 1]",1,1,-1,,0.4545454545454545,11
849,1cb05e76-8220-11f1-b0da-2389f409459f,7,"[1, 1, 1, 0, 0, 0, 1, 1, 0, 1, 1]",2,1,-1,,0.4545454545454545,11
850,1cb05e76-8220-11f1-b0da-2389f409459f,7,"[1, 1, 1, 0, 0, 0, 1, 1, 0, 1, 1]",3,0,0,,0.4545454545454545,11
851,1cb05e76-8220-11f1-b0da-2389f409459f,7,"[1, 1, 1, 0, 0, 0, 1, 1, 0, 1, 1]",4,0,0,,0.4545454545454545,11
852,1cb05e76-8220-11f1-b0da-2389f409459f,7,"[1, 1, 1, 0, 0, 0, 1, 1, 0, 1, 1]",5,0,0,,0.4545454545454545,11
853,1cb05e76-8220-11f1-b0da-2389f409459f,7,"[1, 1, 1, 0, 0, 0, 1, 1, 0, 1, 1]",6,1,-1,,0.4545454545454545,11
854,1cb05e76-8220-11f1-b0da-2389f409459f,7,"[1, 1, 1, 0, 0, 0, 1, 1, 0, 1, 1]",7,1,-1,,0.4545454545454545,11
855,1cb05e76-8220-11f1-b0da-2389f409459f,7,"[1, 1, 1, 0, 0, 0, 1, 1, 0, 1, 1]",8,0,0,,0.4545454545454545,11
856,1cb05e76-8220-11f1-b0da-2389f409459f,7,"[1, 1, 1, 0, 0, 0, 1, 1, 0, 1, 1]",9,1,-1,,0.4545454545454545,11
857,1cb05e76-8220-11f1-b0da-2389f409459f,7,"[1, 1, 1, 0, 0, 0, 1, 1, 0, 1, 1]",10,1,-1,,0.4545454545454545,11
858,1cb05e76-8220-11f1-b0da-2389f409459f,8,"[1, 0, 1, 0, 0, 1, 0, 1, 0, 1, 1]",0,1,-1,,0.4545454545454545,11
859,1cb05e76-8220-11f1-b0da-2389f409459f,8,"[1, 0, 1, 0, 0, 1, 0, 1, 0, 1, 1]",1,0,0,,0.4545454545454545,11
860,1cb05e76-8220-11f1-b0da-2389f409459f,8,"[1, 0, 1, 0, 0, 1, 0, 1, 0, 1, 1]",2,1,-1,,0.4545454545454545,11
861,1cb05e76-8220-11f1-b0da-2389f409459f,8,"[1, 0, 1, 0, 0, 1, 0, 1, 0, 1, 1]",3,0,0,,0.4545454545454545,11
862,1cb05e76-8220-11f1-b0da-2389f409459f,8,"[1, 0, 1, 0, 0, 1, 0, 1, 0, 1, 1]",4,0,0,,0.4545454545454545,11
863,1cb05e76-8220-11f1-b0da-2389f409459f,8,"[1, 0, 1, 0, 0, 1, 0, 1, 0, 1, 1]",5,1,-1,,0.4545454545454545,11
864,1cb05e76-8220-11f1-b0da-2389f409459f,8,"[1, 0, 1, 0, 0, 1, 0, 1, 0, 1, 1]",6,0,0,,0.4545454545454545,11
865,1cb05e76-8220-11f1-b0da-2389f409459f,8,"[1, 0, 1, 0, 0, 1, 0, 1, 0, 1, 1]",7,1,-1,,0.4545454545454545,11
866,1cb05e76-8220-11f1-b0da-2389f409459f,8,"[1, 0, 1, 0, 0, 1, 0, 1, 0, 1, 1]",8,0,0,,0.4545454545454545,11
867,1cb05e76-8220-11f1-b0da-2389f409459f,8,"[1, 0, 1, 0, 0, 1, 0, 1, 0, 1, 1]",9,1,-1,,0.4545454545454545,11
868,1cb05e76-8220-11f1-b0da-2389f409459f,8,"[1, 0, 1, 0, 0, 1, 0, 1, 0, 1, 1]",10,1,-1,,0.4545454545454545,11
869,1cb05e76-8220-11f1-b0da-2389f409459f,9,"[1, 0, 0, 1, 1, 1, 0, 0, 1, 0, 0]",0,1,-1,,0.4545454545454545,11
870,1cb05e76-8220-11f1-b0da-2389f409459f,9,"[1, 0, 0, 1, 1, 1, 0, 0, 1, 0, 0]",1,0,0,,0.4545454545454545,11
871,1cb05e76-8220-11f1-b0da-2389f409459f,9,"[1, 0, 0, 1, 1, 1, 0, 0, 1, 0, 0]",2,0,0,,0.4545454545454545,11
872,1cb05e76-8220-11f1-b0da-2389f409459f,9,"[1, 0, 0, 1, 1, 1, 0, 0, 1, 0, 0]",3,1,-1,,0.4545454545454545,11
873,1cb05e76-8220-11f1-b0da-2389f409459f,9,"[1, 0, 0, 1, 1, 1, 0, 0, 1, 0, 0]",4,1,-1,,0.4545454545454545,11
874,1cb05e76-8220-11f1-b0da-2389f409459f,9,"[1, 0, 0, 1, 1, 1, 0, 0, 1, 0, 0]",5,1,-1,,0.4545454545454545,11
875,1cb05e76-8220-11f1-b0da-2389f409459f,9,"[1, 0, 0, 1, 1, 1, 0, 0, 1, 0, 0]",6,0,0,,0.4545454545454545,11
876,1cb05e76-8220-11f1-b0da-2389f409459f,9,"[1, 0, 0, 1, 1, 1, 0, 0, 1, 0, 0]",7,0,0,,0.4545454545454545,11
877,1cb05e76-8220-11f1-b0da-2389f409459f,9,"[1, 0, 0, 1, 1, 1, 0, 0, 1, 0, 0]",8,1,-1,,0.4545454545454545,11
878,1cb05e76-8220-11f1-b0da-2389f409459f,9,"[1, 0, 0, 1, 1, 1, 0, 0, 1, 0, 0]",9,0,0,,0.4545454545454545,11
879,1cb05e76-8220-11f1-b0da-2389f409459f,9,"[1, 0, 0, 1, 1, 1, 0, 0, 1, 0, 0]",10,0,0,,0.4545454545454545,11
880,1cb1ba14-8220-11f1-b0da-2389f409459f,0,"[1, 0, 1, 0, 1, 1, 0, 1, 0, 0, 1]",0,1,-1,,0.4545454545454545,11
881,1cb1ba14-8220-11f1-b0da-2389f409459f,0,"[1, 0, 1, 0, 1, 1, 0, 1, 0, 0, 1]",1,0,0,,0.4545454545454545,11
882,1cb1ba14-8220-11f1-b0da-2389f409459f,0,"[1, 0, 1, 0, 1, 1, 0, 1, 0, 0, 1]",2,1,-1,,0.4545454545454545,11
883,1cb1ba14-8220-11f1-b0da-2389f409459f,0,"[1, 0, 1, 0, 1, 1, 0, 1, 0, 0, 1]",3,0,0,,0.4545454545454545,11
884,1cb1ba14-8220-11f1-b0da-2389f409459f,0,"[1, 0, 1, 0, 1, 1, 0, 1, 0, 0, 1]",4,1,-1,,0.4545454545454545,11
885,1cb1ba14-8220-11f1-b0da-2389f409459f,0,"[1, 0, 1, 0, 1, 1, 0, 1, 0, 0, 1]",5,1,-1,,0.4545454545454545,11
886,1cb1ba14-8220-11f1-b0da-2389f409459f,0,"[1, 0, 1, 0, 1, 1, 0, 1, 0, 0, 1]",6,0,0,,0.4545454545454545,11
887,1cb1ba14-8220-11f1-b0da-2389f409459f,0,"[1, 0, 1, 0, 1, 1, 0, 1, 0, 0, 1]",7,1,-1,,0.4545454545454545,11
888,1cb1ba14-8220-11f1-b0da-2389f409459f,0,"[1, 0, 1, 0, 1, 1, 0, 1, 0, 0, 1]",8,0,0,,0.4545454545454545,11
889,1cb1ba14-8220-11f1-b0da-2389f409459f,0,"[1, 0, 1, 0, 1, 1, 0, 1, 0, 0, 1]",9,0,0,,0.4545454545454545,11
890,1cb1ba14-8220-11f1-b0da-2389f409459f,0,"[1, 0, 1, 0, 1, 1, 0, 1, 0, 0, 1]",10,1,-1,,0.4545454545454545,11
891,1cb1ba14-8220-11f1-b0da-2389f409459f,1,"[0, 1, 1, 1, 0, 1, 1, 1, 0, 1, 1]",0,0,0,,0.4545454545454545,11
892,1cb1ba14-8220-11f1-b0da-2389f409459f,1,"[0, 1, 1, 1, 0, 1, 1, 1, 0, 1, 1]",1,1,-1,,0.4545454545454545,11
893,1cb1ba14-8220-11f1-b0da-2389f409459f,1,"[0, 1, 1, 1, 0, 1, 1, 1, 0, 1, 1]",2,1,-1,,0.4545454545454545,11
894,1cb1ba14-8220-11f1-b0da-2389f409459f,1,"[0, 1, 1, 1, 0, 1, 1, 1, 0, 1, 1]",3,1,-1,,0.4545454545454545,11
895,1cb1ba14-8220-11f1-b0da-2389f409459f,1,"[0, 1, 1, 1, 0, 1, 1, 1, 0, 1, 1]",4,0,0,,0.4545454545454545,11
896,1cb1ba14-8220-11f1-b0da-2389f409459f,1,"[0, 1, 1, 1, 0, 1, 1, 1, 0, 1, 1]",5,1,-1,,0.4545454545454545,11
897,1cb1ba14-8220-11f1-b0da-2389f409459f,1,"[0, 1, 1, 1, 0, 1, 1, 1, 0, 1, 1]",6,1,-1,,0.4545454545454545,11
898,1cb1ba14-8220-11f1-b0da-2389f409459f,1,"[0, 1, 1, 1, 0, 1, 1, 1, 0, 1, 1]",7,1,-1,,0.4545454545454545,11
899,1cb1ba14-8220-11f1-b0da-2389f409459f,1,"[0, 1, 1, 1, 0, 1, 1, 1, 0, 1, 1]",8,0,0,,0.4545454545454545,11
900,1cb1ba14-8220-11f1-b0da-2389f409459f,1,"[0, 1, 1, 1, 0, 1, 1, 1, 0, 1, 1]",9,1,-1,,0.4545454545454545,11
901,1cb1ba14-8220-11f1-b0da-2389f409459f,1,"[0, 1, 1, 1, 0, 1, 1, 1, 0, 1, 1]",10,1,-1,,0.4545454545454545,11
902,1cb1ba14-8220-11f1-b0da-2389f409459f,2,"[1, 0, 1, 1, 0, 1, 0, 0, 1, 1, 1]",0,1,-1,,0.4545454545454545,11
903,1cb1ba14-8220-11f1-b0da-2389f409459f,2,"[1, 0, 1, 1, 0, 1, 0, 0, 1, 1, 1]",1,0,0,,0.4545454545454545,11
904,1cb1ba14-8220-11f1-b0da-2389f409459f,2,"[1, 0, 1, 1, 0, 1, 0, 0, 1, 1, 1]",2,1,-1,,0.4545454545454545,11
905,1cb1ba14-8220-11f1-b0da-2389f409459f,2,"[1, 0, 1, 1, 0, 1, 0, 0, 1, 1, 1]",3,1,-1,,0.4545454545454545,11
906,1cb1ba14-8220-11f1-b0da-2389f409459f,2,"[1, 0, 1, 1, 0, 1, 0, 0, 1, 1, 1]",4,0,0,,0.4545454545454545,11
907,1cb1ba14-8220-11f1-b0da-2389f409459f,2,"[1, 0, 1, 1, 0, 1, 0, 0, 1, 1, 1]",5,1,-1,,0.4545454545454545,11
908,1cb1ba14-8220-11f1-b0da-2389f409459f,2,"[1, 0, 1, 1, 0, 1, 0, 0, 1, 1, 1]",6,0,0,,0.4545454545454545,11
909,1cb1ba14-8220-11f1-b0da-2389f409459f,2,"[1, 0, 1, 1, 0, 1, 0, 0, 1, 1, 1]",7,0,0,,0.4545454545454545,11
910,1cb1ba14-8220-11f1-b0da-2389f409459f,2,"[1, 0, 1, 1, 0, 1, 0, 0, 1, 1, 1]",8,1,-1,,0.4545454545454545,11
911,1cb1ba14-8220-11f1-b0da-2389f409459f,2,"[1, 0, 1, 1, 0, 1, 0, 0, 1, 1, 1]",9,1,-1,,0.4545454545454545,11
912,1cb1ba14-8220-11f1-b0da-2389f409459f,2,"[1, 0, 1, 1, 0, 1, 0, 0, 1, 1, 1]",10,1,-1,,0.4545454545454545,11
913,1cb1ba14-8220-11f1-b0da-2389f409459f,3,"[1, 0, 1, 0, 1, 1, 0, 1, 0, 0, 0]",0,1,-1,,0.4545454545454545,11
914,1cb1ba14-8220-11f1-b0da-2389f409459f,3,"[1, 0, 1, 0, 1, 1, 0, 1, 0, 0, 0]",1,0,0,,0.4545454545454545,11
915,1cb1ba14-8220-11f1-b0da-2389f409459f,3,"[1, 0, 1, 0, 1, 1, 0, 1, 0, 0, 0]",2,1,-1,,0.4545454545454545,11
916,1cb1ba14-8220-11f1-b0da-2389f409459f,3,"[1, 0, 1, 0, 1, 1, 0, 1, 0, 0, 0]",3,0,0,,0.4545454545454545,11
917,1cb1ba14-8220-11f1-b0da-2389f409459f,3,"[1, 0, 1, 0, 1, 1, 0, 1, 0, 0, 0]",4,1,-1,,0.4545454545454545,11
918,1cb1ba14-8220-11f1-b0da-2389f409459f,3,"[1, 0, 1, 0, 1, 1, 0, 1, 0, 0, 0]",5,1,-1,,0.4545454545454545,11
919,1cb1ba14-8220-11f1-b0da-2389f409459f,3,"[1, 0, 1, 0, 1, 1, 0, 1, 0, 0, 0]",6,0,0,,0.4545454545454545,11
920,1cb1ba14-8220-11f1-b0da-2389f409459f,3,"[1, 0, 1, 0, 1, 1, 0, 1, 0, 0, 0]",7,1,-1,,0.4545454545454545,11
921,1cb1ba14-8220-11f1-b0da-2389f409459f,3,"[1, 0, 1, 0, 1, 1, 0, 1, 0, 0, 0]",8,0,0,,0.4545454545454545,11
922,1cb1ba14-8220-11f1-b0da-2389f409459f,3,"[1, 0, 1, 0, 1, 1, 0, 1, 0, 0, 0]",9,0,0,,0.4545454545454545,11
923,1cb1ba14-8220-11f1-b0da-2389f409459f,3,"[1, 0, 1, 0, 1, 1, 0, 1, 0, 0, 0]",10,0,0,,0.4545454545454545,11
924,1cb1ba14-8220-11f1-b0da-2389f409459f,4,"[1, 1, 0, 1, 0, 1, 0, 0, 0, 1, 0]",0,1,-1,,0.4545454545454545,11
925,1cb1ba14-8220-11f1-b0da-2389f409459f,4,"[1, 1, 0, 1, 0, 1, 0, 0, 0, 1, 0]",1,1,-1,,0.4545454545454545,11
926,1cb1ba14-8220-11f1-b0da-2389f409459f,4,"[1, 1, 0, 1, 0, 1, 0, 0, 0, 1, 0]",2,0,0,,0.4545454545454545,11
927,1cb1ba14-8220-11f1-b0da-2389f409459f,4,"[1, 1, 0, 1, 0, 1, 0, 0, 0, 1, 0]",3,1,-1,,0.4545454545454545,11
928,1cb1ba14-8220-11f1-b0da-2389f409459f,4,"[1, 1, 0, 1, 0, 1, 0, 0, 0, 1, 0]",4,0,0,,0.4545454545454545,11
929,1cb1ba14-8220-11f1-b0da-2389f409459f,4,"[1, 1, 0, 1, 0, 1, 0, 0, 0, 1, 0]",5,1,-1,,0.4545454545454545,11
930,1cb1ba14-8220-11f1-b0da-2389f409459f,4,"[1, 1, 0, 1, 0, 1, 0, 0, 0, 1, 0]",6,0,0,,0.4545454545454545,11
931,1cb1ba14-8220-11f1-b0da-2389f409459f,4,"[1, 1, 0, 1, 0, 1, 0, 0, 0, 1, 0]",7,0,0,,0.4545454545454545,11
932,1cb1ba14-8220-11f1-b0da-2389f409459f,4,"[1, 1, 0, 1, 0, 1, 0, 0, 0, 1, 0]",8,0,0,,0.4545454545454545,11
933,1cb1ba14-8220-11f1-b0da-2389f409459f,4,"[1, 1, 0, 1, 0, 1, 0, 0, 0, 1, 0]",9,1,-1,,0.4545454545454545,11
934,1cb1ba14-8220-11f1-b0da-2389f409459f,4,"[1, 1, 0, 1, 0, 1, 0, 0, 0, 1, 0]",10,0,0,,0.4545454545454545,11
935,1cb1ba14-8220-11f1-b0da-2389f409459f,5,"[1, 0, 1, 1, 1, 1, 0, 0, 0, 1, 0]",0,1,-1,,0.4545454545454545,11
936,1cb1ba14-8220-11f1-b0da-2389f409459f,5,"[1, 0, 1, 1, 1, 1, 0, 0, 0, 1, 0]",1,0,0,,0.4545454545454545,11
937,1cb1ba14-8220-11f1-b0da-2389f409459f,5,"[1, 0, 1, 1, 1, 1, 0, 0, 0, 1, 0]",2,1,-1,,0.4545454545454545,11
938,1cb1ba14-8220-11f1-b0da-2389f409459f,5,"[1, 0, 1, 1, 1, 1, 0, 0, 0, 1, 0]",3,1,-1,,0.4545454545454545,11
939,1cb1ba14-8220-11f1-b0da-2389f409459f,5,"[1, 0, 1, 1, 1, 1, 0, 0, 0, 1, 0]",4,1,-1,,0.4545454545454545,11
940,1cb1ba14-8220-11f1-b0da-2389f409459f,5,"[1, 0, 1, 1, 1, 1, 0, 0, 0, 1, 0]",5,1,-1,,0.4545454545454545,11
941,1cb1ba14-8220-11f1-b0da-2389f409459f,5,"[1, 0, 1, 1, 1, 1, 0, 0, 0, 1, 0]",6,0,0,,0.4545454545454545,11
942,1cb1ba14-8220-11f1-b0da-2389f409459f,5,"[1, 0, 1, 1, 1, 1, 0, 0, 0, 1, 0]",7,0,0,,0.4545454545454545,11
943,1cb1ba14-8220-11f1-b0da-2389f409459f,5,"[1, 0, 1, 1, 1, 1, 0, 0, 0, 1, 0]",8,0,0,,0.4545454545454545,11
944,1cb1ba14-8220-11f1-b0da-2389f409459f,5,"[1, 0, 1, 1, 1, 1, 0, 0, 0, 1, 0]",9,1,-1,,0.4545454545454545,11
945,1cb1ba14-8220-11f1-b0da-2389f409459f,5,"[1, 0, 1, 1, 1, 1, 0, 0, 0, 1, 0]",10,0,0,,0.4545454545454545,11
946,1cb1ba14-8220-11f1-b0da-2389f409459f,6,"[0, 1, 1, 0, 1, 1, 0, 1, 1, 1, 0]",0,0,0,,0.4545454545454545,11
947,1cb1ba14-8220-11f1-b0da-2389f409459f,6,"[0, 1, 1, 0, 1, 1, 0, 1, 1, 1, 0]",1,1,-1,,0.4545454545454545,11
948,1cb1ba14-8220-11f1-b0da-2389f409459f,6,"[0, 1, 1, 0, 1, 1, 0, 1, 1, 1, 0]",2,1,-1,,0.4545454545454545,11
949,1cb1ba14-8220-11f1-b0da-2389f409459f,6,"[0, 1, 1, 0, 1, 1, 0, 1, 1, 1, 0]",3,0,0,,0.4545454545454545,11
950,1cb1ba14-8220-11f1-b0da-2389f409459f,6,"[0, 1, 1, 0, 1, 1, 0, 1, 1, 1, 0]",4,1,-1,,0.4545454545454545,11
951,1cb1ba14-8220-11f1-b0da-2389f409459f,6,"[0, 1, 1, 0, 1, 1, 0, 1, 1, 1, 0]",5,1,-1,,0.4545454545454545,11
952,1cb1ba14-8220-11f1-b0da-2389f409459f,6,"[0, 1, 1, 0, 1, 1, 0, 1, 1, 1, 0]",6,0,0,,0.4545454545454545,11
953,1cb1ba14-8220-11f1-b0da-2389f409459f,6,"[0, 1, 1, 0, 1, 1, 0, 1, 1, 1, 0]",7,1,-1,,0.4545454545454545,11
954,1cb1ba14-8220-11f1-b0da-2389f409459f,6,"[0, 1, 1, 0, 1, 1, 0, 1, 1, 1, 0]",8,1,-1,,0.4545454545454545,11
955,1cb1ba14-8220-11f1-b0da-2389f409459f,6,"[0, 1, 1, 0, 1, 1, 0, 1, 1, 1, 0]",9,1,-1,,0.4545454545454545,11
956,1cb1ba14-8220-11f1-b0da-2389f409459f,6,"[0, 1, 1, 0, 1, 1, 0, 1, 1, 1, 0]",10,0,0,,0.4545454545454545,11
957,1cb1ba14-8220-11f1-b0da-2389f409459f,7,"[0, 1, 1, 1, 1, 0, 0, 1, 0, 1, 0]",0,0,0,,0.4545454545454545,11
958,1cb1ba14-8220-11f1-b0da-2389f409459f,7,"[0, 1, 1, 1, 1, 0, 0, 1, 0, 1, 0]",1,1,-1,,0.4545454545454545,11
959,1cb1ba14-8220-11f1-b0da-2389f409459f,7,"[0, 1, 1, 1, 1, 0, 0, 1, 0, 1, 0]",2,1,-1,,0.4545454545454545,11
960,1cb1ba14-8220-11f1-b0da-2389f409459f,7,"[0, 1, 1, 1, 1, 0, 0, 1, 0, 1, 0]",3,1,-1,,0.4545454545454545,11
961,1cb1ba14-8220-11f1-b0da-2389f409459f,7,"[0, 1, 1, 1, 1, 0, 0, 1, 0, 1, 0]",4,1,-1,,0.4545454545454545,11
962,1cb1ba14-8220-11f1-b0da-2389f409459f,7,"[0, 1, 1, 1, 1, 0, 0, 1, 0, 1, 0]",5,0,0,,0.4545454545454545,11
963,1cb1ba14-8220-11f1-b0da-2389f409459f,7,"[0, 1, 1, 1, 1, 0, 0, 1, 0, 1, 0]",6,0,0,,0.4545454545454545,11
964,1cb1ba14-8220-11f1-b0da-2389f409459f,7,"[0, 1, 1, 1, 1, 0, 0, 1, 0, 1, 0]",7,1,-1,,0.4545454545454545,11
965,1cb1ba14-8220-11f1-b0da-2389f409459f,7,"[0, 1, 1, 1, 1, 0, 0, 1, 0, 1, 0]",8,0,0,,0.4545454545454545,11
966,1cb1ba14-8220-11f1-b0da-2389f409459f,7,"[0, 1, 1, 1, 1, 0, 0, 1, 0, 1, 0]",9,1,-1,,0.4545454545454545,11
967,1cb1ba14-8220-11f1-b0da-2389f409459f,7,"[0, 1, 1, 1, 1, 0, 0, 1, 0, 1, 0]",10,0,0,,0.4545454545454545,11
968,1cb1ba14-8220-11f1-b0da-2389f409459f,8,"[0, 1, 0, 0, 1, 0, 1, 1, 1, 0, 1]",0,0,0,,0.4545454545454545,11
969,1cb1ba14-8220-11f1-b0da-2389f409459f,8,"[0, 1, 0, 0, 1, 0, 1, 1, 1, 0, 1]",1,1,-1,,0.4545454545454545,11
970,1cb1ba14-8220-11f1-b0da-2389f409459f,8,"[0, 1, 0, 0, 1, 0, 1, 1, 1, 0, 1]",2,0,0,,0.4545454545454545,11
971,1cb1ba14-8220-11f1-b0da-2389f409459f,8,"[0, 1, 0, 0, 1, 0, 1, 1, 1, 0, 1]",3,0,0,,0.4545454545454545,11
972,1cb1ba14-8220-11f1-b0da-2389f409459f,8,"[0, 1, 0, 0, 1, 0, 1, 1, 1, 0, 1]",4,1,-1,,0.4545454545454545,11
973,1cb1ba14-8220-11f1-b0da-2389f409459f,8,"[0, 1, 0, 0, 1, 0, 1, 1, 1, 0, 1]",5,0,0,,0.4545454545454545,11
974,1cb1ba14-8220-11f1-b0da-2389f409459f,8,"[0, 1, 0, 0, 1, 0, 1, 1, 1, 0, 1]",6,1,-1,,0.4545454545454545,11
975,1cb1ba14-8220-11f1-b0da-2389f409459f,8,"[0, 1, 0, 0, 1, 0, 1, 1, 1, 0, 1]",7,1,-1,,0.4545454545454545,11
976,1cb1ba14-8220-11f1-b0da-2389f409459f,8,"[0, 1, 0, 0, 1, 0, 1, 1, 1, 0, 1]",8,1,-1,,0.4545454545454545,11
977,1cb1ba14-8220-11f1-b0da-2389f409459f,8,"[0, 1, 0, 0, 1, 0, 1, 1, 1, 0, 1]",9,0,0,,0.4545454545454545,11
978,1cb1ba14-8220-11f1-b0da-2389f409459f,8,"[0, 1, 0, 0, 1, 0, 1, 1, 1, 0, 1]",10,1,-1,,0.4545454545454545,11
979,1cb1ba14-8220-11f1-b0da-2389f409459f,9,"[0, 1, 1, 1, 1, 0, 1, 0, 1, 1, 1]",0,0,0,,0.4545454545454545,11
980,1cb1ba14-8220-11f1-b0da-2389f409459f,9,"[0, 1, 1, 1, 1, 0, 1, 0, 1, 1, 1]",1,1,-1,,0.4545454545454545,11
981,1cb1ba14-8220-11f1-b0da-2389f409459f,9,"[0, 1, 1, 1, 1, 0, 1, 0, 1, 1, 1]",2,1,-1,,0.4545454545454545,11
982,1cb1ba14-8220-11f1-b0da-2389f409459f,9,"[0, 1, 1, 1, 1, 0, 1, 0, 1, 1, 1]",3,1,-1,,0.4545454545454545,11
983,1cb1ba14-8220-11f1-b0da-2389f409459f,9,"[0, 1, 1, 1, 1, 0, 1, 0, 1, 1, 1]",4,1,-1,,0.4545454545454545,11
984,1cb1ba14-8220-11f1-b0da-2389f409459f,9,"[0, 1, 1, 1, 1, 0, 1, 0, 1, 1, 1]",5,0,0,,0.4545454545454545,11
985,1cb1ba14-8220-11f1-b0da-2389f409459f,9,"[0, 1, 1, 1, 1, 0, 1, 0, 1, 1, 1]",6,1,-1,,0.4545454545454545,11
986,1cb1ba14-8220-11f1-b0da-2389f409459f,9,"[0, 1, 1, 1, 1, 0, 1, 0, 1, 1, 1]",7,0,0,,0.4545454545454545,11
987,1cb1ba14-8220-11f1-b0da-2389f409459f,9,"[0, 1, 1, 1, 1, 0, 1, 0, 1, 1, 1]",8,1,-1,,0.4545454545454545,11
988,1cb1ba14-8220-11f1-b0da-2389f409459f,9,"[0, 1, 1, 1, 1, 0, 1, 0, 1, 1, 1]",9,1,-1,,0.4545454545454545,11
989,1cb1ba14-8220-11f1-b0da-2389f409459f,9,"[0, 1, 1, 1, 1, 0, 1, 0, 1, 1, 1]",10,1,-1,,0.4545454545454545,11
990,1cb30aa4-8220-11f1-b0da-2389f409459f,0,"[0, 1, 0, 0, 1, 1, 0, 1, 1, 1, 0]",0,0,0,,0.4545454545454545,11
991,1cb30aa4-8220-11f1-b0da-2389f409459f,0,"[0, 1, 0, 0, 1, 1, 0, 1, 1, 1, 0]",1,1,-1,,0.4545454545454545,11
992,1cb30aa4-8220-11f1-b0da-2389f409459f,0,"[0, 1, 0, 0, 1, 1, 0, 1, 1, 1, 0]",2,0,0,,0.4545454545454545,11
993,1cb30aa4-8220-11f1-b0da-2389f409459f,0,"[0, 1, 0, 0, 1, 1, 0, 1, 1, 1, 0]",3,0,0,,0.4545454545454545,11
994,1cb30aa4-8220-11f1-b0da-2389f409459f,0,"[0, 1, 0, 0, 1, 1, 0, 1, 1, 1, 0]",4,1,-1,,0.4545454545454545,11
995,1cb30aa4-8220-11f1-b0da-2389f409459f,0,"[0, 1, 0, 0, 1, 1, 0, 1, 1, 1, 0]",5,1,-1,,0.4545454545454545,11
996,1cb30aa4-8220-11f1-b0da-2389f409459f,0,"[0, 1, 0, 0, 1, 1, 0, 1, 1, 1, 0]",6,0,0,,0.4545454545454545,11
997,1cb30aa4-8220-11f1-b0da-2389f409459f,0,"[0, 1, 0, 0, 1, 1, 0, 1, 1, 1, 0]",7,1,-1,,0.4545454545454545,11
998,1cb30aa4-8220-11f1-b0da-2389f409459f,0,"[0, 1, 0, 0, 1, 1, 0, 1, 1, 1, 0]",8,1,-1,,0.4545454545454545,11
999,1cb30aa4-8220-11f1-b0da-2389f409459f,0,"[0, 1, 0, 0, 1, 1, 0, 1, 1, 1, 0]",9,1,-1,,0.4545454545454545,11
1000,1cb30aa4-8220-11f1-b0da-2389f409459f,0,"[0, 1, 0, 0, 1, 1, 0, 1, 1, 1, 0]",10,0,0,,0.4545454545454545,11
1001,1cb30aa4-8220-11f1-b0da-2389f409459f,1,"[1, 1, 1, 1, 0, 0, 0, 1, 1, 0, 0]",0,1,-1,,0.4545454545454545,11
1002,1cb30aa4-8220-11f1-b0da-2389f409459f,1,"[1, 1, 1, 1, 0, 0, 0, 1, 1, 0, 0]",1,1,-1,,0.4545454545454545,11
1003,1cb30aa4-8220-11f1-b0da-2389f409459f,1,"[1, 1, 1, 1, 0, 0, 0, 1, 1, 0, 0]",2,1,-1,,0.4545454545454545,11
1004,1cb30aa4-8220-11f1-b0da-2389f409459f,1,"[1, 1, 1, 1, 0, 0, 0, 1, 1, 0, 0]",3,1,-1,,0.4545454545454545,11
1005,1cb30aa4-8220-11f1-b0da-2389f409459f,1,"[1, 1, 1, 1, 0, 0, 0, 1, 1, 0, 0]",4,0,0,,0.4545454545454545,11
1006,1cb30aa4-8220-11f1-b0da-2389f409459f,1,"[1, 1, 1, 1, 0, 0, 0, 1, 1, 0, 0]",5,0,0,,0.4545454545454545,11
1007,1cb30aa4-8220-11f1-b0da-2389f409459f,1,"[1, 1, 1, 1, 0, 0, 0, 1, 1, 0, 0]",6,0,0,,0.4545454545454545,11
1008,1cb30aa4-8220-11f1-b0da-2389f409459f,1,"[1, 1, 1, 1, 0, 0, 0, 1, 1, 0, 0]",7,1,-1,,0.4545454545454545,11
1009,1cb30aa4-8220-11f1-b0da-2389f409459f,1,"[1, 1, 1, 1, 0, 0, 0, 1, 1, 0, 0]",8,1,-1,,0.4545454545454545,11
1010,1cb30aa4-8220-11f1-b0da-2389f409459f,1,"[1, 1, 1, 1, 0, 0, 0, 1, 1, 0, 0]",9,0,0,,0.4545454545454545,11
1011,1cb30aa4-8220-11f1-b0da-2389f409459f,1,"[1, 1, 1, 1, 0, 0, 0, 1, 1, 0, 0]",10,0,0,,0.4545454545454545,11
1012,1cb30aa4-8220-11f1-b0da-2389f409459f,2,"[0, 0, 1, 0, 0, 1, 0, 1, 0, 1, 1]",0,0,0,,0.4545454545454545,11
1013,1cb30aa4-8220-11f1-b0da-2389f409459f,2,"[0, 0, 1, 0, 0, 1, 0, 1, 0, 1, 1]",1,0,0,,0.4545454545454545,11
1014,1cb30aa4-8220-11f1-b0da-2389f409459f,2,"[0, 0, 1, 0, 0, 1, 0, 1, 0, 1, 1]",2,1,-1,,0.4545454545454545,11
1015,1cb30aa4-8220-11f1-b0da-2389f409459f,2,"[0, 0, 1, 0, 0, 1, 0, 1, 0, 1, 1]",3,0,0,,0.4545454545454545,11
1016,1cb30aa4-8220-11f1-b0da-2389f409459f,2,"[0, 0, 1, 0, 0, 1, 0, 1, 0, 1, 1]",4,0,0,,0.4545454545454545,11
1017,1cb30aa4-8220-11f1-b0da-2389f409459f,2,"[0, 0, 1, 0, 0, 1, 0, 1, 0, 1, 1]",5,1,-1,,0.4545454545454545,11
1018,1cb30aa4-8220-11f1-b0da-2389f409459f,2,"[0, 0, 1, 0, 0, 1, 0, 1, 0, 1, 1]",6,0,0,,0.4545454545454545,11
1019,1cb30aa4-8220-11f1-b0da-2389f409459f,2,"[0, 0, 1, 0, 0, 1, 0, 1, 0, 1, 1]",7,1,-1,,0.4545454545454545,11
1020,1cb30aa4-8220-11f1-b0da-2389f409459f,2,"[0, 0, 1, 0, 0, 1, 0, 1, 0, 1, 1]",8,0,0,,0.4545454545454545,11
1021,1cb30aa4-8220-11f1-b0da-2389f409459f,2,"[0, 0, 1, 0, 0, 1, 0, 1, 0, 1, 1]",9,1,-1,,0.4545454545454545,11
1022,1cb30aa4-8220-11f1-b0da-2389f409459f,2,"[0, 0, 1, 0, 0, 1, 0, 1, 0, 1, 1]",10,1,-1,,0.4545454545454545,11
1023,1cb30aa4-8220-11f1-b0da-2389f409459f,3,"[0, 1, 1, 0, 0, 0, 1, 1, 1, 1, 0]",0,0,0,,0.4545454545454545,11
1024,1cb30aa4-8220-11f1-b0da-2389f409459f,3,"[0, 1, 1, 0, 0, 0, 1, 1, 1, 1, 0]",1,1,-1,,0.4545454545454545,11
1025,1cb30aa4-8220-11f1-b0da-2389f409459f,3,"[0, 1, 1, 0, 0, 0, 1, 1, 1, 1, 0]",2,1,-1,,0.4545454545454545,11
1026,1cb30aa4-8220-11f1-b0da-2389f409459f,3,"[0, 1, 1, 0, 0, 0, 1, 1, 1, 1, 0]",3,0,0,,0.4545454545454545,11
1027,1cb30aa4-8220-11f1-b0da-2389f409459f,3,"[0, 1, 1, 0, 0, 0, 1, 1, 1, 1, 0]",4,0,0,,0.4545454545454545,11
1028,1cb30aa4-8220-11f1-b0da-2389f409459f,3,"[0, 1, 1, 0, 0, 0, 1, 1, 1, 1, 0]",5,0,0,,0.4545454545454545,11
1029,1cb30aa4-8220-11f1-b0da-2389f409459f,3,"[0, 1, 1, 0, 0, 0, 1, 1, 1, 1, 0]",6,1,-1,,0.4545454545454545,11
1030,1cb30aa4-8220-11f1-b0da-2389f409459f,3,"[0, 1, 1, 0, 0, 0, 1, 1, 1, 1, 0]",7,1,-1,,0.4545454545454545,11
1031,1cb30aa4-8220-11f1-b0da-2389f409459f,3,"[0, 1, 1, 0, 0, 0, 1, 1, 1, 1, 0]",8,1,-1,,0.4545454545454545,11
1032,1cb30aa4-8220-11f1-b0da-2389f409459f,3,"[0, 1, 1, 0, 0, 0, 1, 1, 1, 1, 0]",9,1,-1,,0.4545454545454545,11
1033,1cb30aa4-8220-11f1-b0da-2389f409459f,3,"[0, 1, 1, 0, 0, 0, 1, 1, 1, 1, 0]",10,0,0,,0.4545454545454545,11
1034,1cb30aa4-8220-11f1-b0da-2389f409459f,4,"[0, 0, 0, 1, 0, 0, 0, 1, 0, 0, 0]",0,0,0,,0.4545454545454545,11
1035,1cb30aa4-8220-11f1-b0da-2389f409459f,4,"[0, 0, 0, 1, 0, 0, 0, 1, 0, 0, 0]",1,0,0,,0.4545454545454545,11
1036,1cb30aa4-8220-11f1-b0da-2389f409459f,4,"[0, 0, 0, 1, 0, 0, 0, 1, 0, 0, 0]",2,0,0,,0.4545454545454545,11
1037,1cb30aa4-8220-11f1-b0da-2389f409459f,4,"[0, 0, 0, 1, 0, 0, 0, 1, 0, 0, 0]",3,1,1,,0.4545454545454545,11
1038,1cb30aa4-8220-11f1-b0da-2389f409459f,4,"[0, 0, 0, 1, 0, 0, 0, 1, 0, 0, 0]",4,0,0,,0.4545454545454545,11
1039,1cb30aa4-8220-11f1-b0da-2389f409459f,4,"[0, 0, 0, 1, 0, 0, 0, 1, 0, 0, 0]",5,0,0,,0.4545454545454545,11
1040,1cb30aa4-8220-11f1-b0da-2389f409459f,4,"[0, 0, 0, 1, 0, 0, 0, 1, 0, 0, 0]",6,0,0,,0.4545454545454545,11
1041,1cb30aa4-8220-11f1-b0da-2389f409459f,4,"[0, 0, 0, 1, 0, 0, 0, 1, 0, 0, 0]",7,1,1,,0.4545454545454545,11
1042,1cb30aa4-8220-11f1-b0da-2389f409459f,4,"[0, 0, 0, 1, 0, 0, 0, 1, 0, 0, 0]",8,0,0,,0.4545454545454545,11
1043,1cb30aa4-8220-11f1-b0da-2389f409459f,4,"[0, 0, 0, 1, 0, 0, 0, 1, 0, 0, 0]",9,0,0,,0.4545454545454545,11
1044,1cb30aa4-8220-11f1-b0da-2389f409459f,4,"[0, 0, 0, 1, 0, 0, 0, 1, 0, 0, 0]",10,0,0,,0.4545454545454545,11
1045,1cb30aa4-8220-11f1-b0da-2389f409459f,5,"[0, 1, 1, 1, 1, 1, 0, 0, 0, 0, 0]",0,0,0,,0.4545454545454545,11
1046,1cb30aa4-8220-11f1-b0da-2389f409459f,5,"[0, 1, 1, 1, 1, 1, 0, 0, 0, 0, 0]",1,1,-1,,0.4545454545454545,11
1047,1cb30aa4-8220-11f1-b0da-2389f409459f,5,"[0, 1, 1, 1, 1, 1, 0, 0, 0, 0, 0]",2,1,-1,,0.4545454545454545,11
1048,1cb30aa4-8220-11f1-b0da-2389f409459f,5,"[0, 1, 1, 1, 1, 1, 0, 0, 0, 0, 0]",3,1,-1,,0.4545454545454545,11
1049,1cb30aa4-8220-11f1-b0da-2389f409459f,5,"[0, 1, 1, 1, 1, 1, 0, 0, 0, 0, 0]",4,1,-1,,0.4545454545454545,11
1050,1cb30aa4-8220-11f1-b0da-2389f409459f,5,"[0, 1, 1, 1, 1, 1, 0, 0, 0, 0, 0]",5,1,-1,,0.4545454545454545,11
1051,1cb30aa4-8220-11f1-b0da-2389f409459f,5,"[0, 1, 1, 1, 1, 1, 0, 0, 0, 0, 0]",6,0,0,,0.4545454545454545,11
1052,1cb30aa4-8220-11f1-b0da-2389f409459f,5,"[0, 1, 1, 1, 1, 1, 0, 0, 0, 0, 0]",7,0,0,,0.4545454545454545,11
1053,1cb30aa4-8220-11f1-b0da-2389f409459f,5,"[0, 1, 1, 1, 1, 1, 0, 0, 0, 0, 0]",8,0,0,,0.4545454545454545,11
1054,1cb30aa4-8220-11f1-b0da-2389f409459f,5,"[0, 1, 1, 1, 1, 1, 0, 0, 0, 0, 0]",9,0,0,,0.4545454545454545,11
1055,1cb30aa4-8220-11f1-b0da-2389f409459f,5,"[0, 1, 1, 1, 1, 1, 0, 0, 0, 0, 0]",10,0,0,,0.4545454545454545,11
1056,1cb30aa4-8220-11f1-b0da-2389f409459f,6,"[0, 0, 0, 1, 0, 0, 0, 1, 0, 0, 1]",0,0,0,,0.4545454545454545,11
1057,1cb30aa4-8220-11f1-b0da-2389f409459f,6,"[0, 0, 0, 1, 0, 0, 0, 1, 0, 0, 1]",1,0,0,,0.4545454545454545,11
1058,1cb30aa4-8220-11f1-b0da-2389f409459f,6,"[0, 0, 0, 1, 0, 0, 0, 1, 0, 0, 1]",2,0,0,,0.4545454545454545,11
1059,1cb30aa4-8220-11f1-b0da-2389f409459f,6,"[0, 0, 0, 1, 0, 0, 0, 1, 0, 0, 1]",3,1,1,,0.4545454545454545,11
1060,1cb30aa4-8220-11f1-b0da-2389f409459f,6,"[0, 0, 0, 1, 0, 0, 0, 1, 0, 0, 1]",4,0,0,,0.4545454545454545,11
1061,1cb30aa4-8220-11f1-b0da-2389f409459f,6,"[0, 0, 0, 1, 0, 0, 0, 1, 0, 0, 1]",5,0,0,,0.4545454545454545,11
1062,1cb30aa4-8220-11f1-b0da-2389f409459f,6,"[0, 0, 0, 1, 0, 0, 0, 1, 0, 0, 1]",6,0,0,,0.4545454545454545,11
1063,1cb30aa4-8220-11f1-b0da-2389f409459f,6,"[0, 0, 0, 1, 0, 0, 0, 1, 0, 0, 1]",7,1,1,,0.4545454545454545,11
1064,1cb30aa4-8220-11f1-b0da-2389f409459f,6,"[0, 0, 0, 1, 0, 0, 0, 1, 0, 0, 1]",8,0,0,,0.4545454545454545,11
1065,1cb30aa4-8220-11f1-b0da-2389f409459f,6,"[0, 0, 0, 1, 0, 0, 0, 1, 0, 0, 1]",9,0,0,,0.4545454545454545,11
1066,1cb30aa4-8220-11f1-b0da-2389f409459f,6,"[0, 0, 0, 1, 0, 0, 0, 1, 0, 0, 1]",10,1,1,,0.4545454545454545,11
1067,1cb30aa4-8220-11f1-b0da-2389f409459f,7,"[1, 1, 0, 0, 1, 1, 1, 0, 1, 1, 0]",0,1,-1,,0.4545454545454545,11
1068,1cb30aa4-8220-11f1-b0da-2389f409459f,7,"[1, 1, 0, 0, 1, 1, 1, 0, 1, 1, 0]",1,1,-1,,0.4545454545454545,11
1069,1cb30aa4-8220-11f1-b0da-2389f409459f,7,"[1, 1, 0, 0, 1, 1, 1, 0, 1, 1, 0]",2,0,0,,0.4545454545454545,11
1070,1cb30aa4-8220-11f1-b0da-2389f409459f,7,"[1, 1, 0, 0, 1, 1, 1, 0, 1, 1, 0]",3,0,0,,0.4545454545454545,11
1071,1cb30aa4-8220-11f1-b0da-2389f409459f,7,"[1, 1, 0, 0, 1, 1, 1, 0, 1, 1, 0]",4,1,-1,,0.4545454545454545,11
1072,1cb30aa4-8220-11f1-b0da-2389f409459f,7,"[1, 1, 0, 0, 1, 1, 1, 0, 1, 1, 0]",5,1,-1,,0.4545454545454545,11
1073,1cb30aa4-8220-11f1-b0da-2389f409459f,7,"[1, 1, 0, 0, 1, 1, 1, 0, 1, 1, 0]",6,1,-1,,0.4545454545454545,11
1074,1cb30aa4-8220-11f1-b0da-2389f409459f,7,"[1, 1, 0, 0, 1, 1, 1, 0, 1, 1, 0]",7,0,0,,0.4545454545454545,11
1075,1cb30aa4-8220-11f1-b0da-2389f409459f,7,"[1, 1, 0, 0, 1, 1, 1, 0, 1, 1, 0]",8,1,-1,,0.4545454545454545,11
1076,1cb30aa4-8220-11f1-b0da-2389f409459f,7,"[1, 1, 0, 0, 1, 1, 1, 0, 1, 1, 0]",9,1,-1,,0.4545454545454545,11
1077,1cb30aa4-8220-11f1-b0da-2389f409459f,7,"[1, 1, 0, 0, 1, 1, 1, 0, 1, 1, 0]",10,0,0,,0.4545454545454545,11
1078,1cb30aa4-8220-11f1-b0da-2389f409459f,8,"[1, 1, 1, 0, 0, 0, 1, 0, 1, 0, 1]",0,1,-1,,0.4545454545454545,11
1079,1cb30aa4-8220-11f1-b0da-2389f409459f,8,"[1, 1, 1, 0, 0, 0, 1, 0, 1, 0, 1]",1,1,-1,,0.4545454545454545,11
1080,1cb30aa4-8220-11f1-b0da-2389f409459f,8,"[1, 1, 1, 0, 0, 0, 1, 0, 1, 0, 1]",2,1,-1,,0.4545454545454545,11
1081,1cb30aa4-8220-11f1-b0da-2389f409459f,8,"[1, 1, 1, 0, 0, 0, 1, 0, 1, 0, 1]",3,0,0,,0.4545454545454545,11
1082,1cb30aa4-8220-11f1-b0da-2389f409459f,8,"[1, 1, 1, 0, 0, 0, 1, 0, 1, 0, 1]",4,0,0,,0.4545454545454545,11
1083,1cb30aa4-8220-11f1-b0da-2389f409459f,8,"[1, 1, 1, 0, 0, 0, 1, 0, 1, 0, 1]",5,0,0,,0.4545454545454545,11
1084,1cb30aa4-8220-11f1-b0da-2389f409459f,8,"[1, 1, 1, 0, 0, 0, 1, 0, 1, 0, 1]",6,1,-1,,0.4545454545454545,11
1085,1cb30aa4-8220-11f1-b0da-2389f409459f,8,"[1, 1, 1, 0, 0, 0, 1, 0, 1, 0, 1]",7,0,0,,0.4545454545454545,11
1086,1cb30aa4-8220-11f1-b0da-2389f409459f,8,"[1, 1, 1, 0, 0, 0, 1, 0, 1, 0, 1]",8,1,-1,,0.4545454545454545,11
1087,1cb30aa4-8220-11f1-b0da-2389f409459f,8,"[1, 1, 1, 0, 0, 0, 1, 0, 1, 0, 1]",9,0,0,,0.4545454545454545,11
1088,1cb30aa4-8220-11f1-b0da-2389f409459f,8,"[1, 1, 1, 0, 0, 0, 1, 0, 1, 0, 1]",10,1,-1,,0.4545454545454545,11
1089,1cb30aa4-8220-11f1-b0da-2389f409459f,9,"[0, 1, 0, 0, 0, 0, 1, 1, 0, 0, 0]",0,0,0,,0.4545454545454545,11
1090,1cb30aa4-8220-11f1-b0da-2389f409459f,9,"[0, 1, 0, 0, 0, 0, 1, 1, 0, 0, 0]",1,1,1,,0.4545454545454545,11
1091,1cb30aa4-8220-11f1-b0da-2389f409459f,9,"[0, 1, 0, 0, 0, 0, 1, 1, 0, 0, 0]",2,0,0,,0.4545454545454545,11
1092,1cb30aa4-8220-11f1-b0da-2389f409459f,9,"[0, 1, 0, 0, 0, 0, 1, 1, 0, 0, 0]",3,0,0,,0.4545454545454545,11
1093,1cb30aa4-8220-11f1-b0da-2389f409459f,9,"[0, 1, 0, 0, 0, 0, 1, 1, 0, 0, 0]",4,0,0,,0.4545454545454545,11
1094,1cb30aa4-8220-11f1-b0da-2389f409459f,9,"[0, 1, 0, 0, 0, 0, 1, 1, 0, 0, 0]",5,0,0,,0.4545454545454545,11
1095,1cb30aa4-8220-11f1-b0da-2389f409459f,9,"[0, 1, 0, 0, 0, 0, 1, 1, 0, 0, 0]",6,1,1,,0.4545454545454545,11
1096,1cb30aa4-8220-11f1-b0da-2389f409459f,9,"[0, 1, 0, 0, 0, 0, 1, 1, 0, 0, 0]",7,1,1,,0.4545454545454545,11
1097,1cb30aa4-8220-11f1-b0da-2389f409459f,9,"[0, 1, 0, 0, 0, 0, 1, 1, 0, 0, 0]",8,0,0,,0.4545454545454545,11
1098,1cb30aa4-8220-11f1-b0da-2389f409459f,9,"[0, 1, 0, 0, 0, 0, 1, 1, 0, 0, 0]",9,0,0,,0.4545454545454545,11
1099,1cb30aa4-8220-11f1-b0da-2389f409459f,9,"[0, 1, 0, 0, 0, 0, 1, 1, 0, 0, 0]",10,0,0,,0.4545454545454545,11
