{"model_name": "FRA", "FRA_N=8_mu=0.375": {"model": "FocalRegionAgent", "fixed_parameters": {"num_agents": 8, "threshold": 0.375}, "free_parameters": {"c": 0.58297163759318, "inverse_temperature": 4.03052045924581, "len_history": 2.1710175173686075}, "deviance": -958.686982745578, "AIC": 1923.373965491156}, "FRA_N=8_mu=0.875": {"model": "FocalRegionAgent", "fixed_parameters": {"num_agents": 8, "threshold": 0.875}, "free_parameters": {"c": 0.5, "inverse_temperature": 9.799407815978253, "len_history": 5.811097492088114}, "deviance": -752.5866774468008, "AIC": 1511.1733548936015}, "FRA_N=8_mu=0.625": {"model": "FocalRegionAgent", "fixed_parameters": {"num_agents": 8, "threshold": 0.625}, "free_parameters": {"c": 0.9593008889887629, "inverse_temperature": 1.0253275681555183, "len_history": 8.814073192248477}, "deviance": -986.3255898275795, "AIC": 1978.651179655159}}
