{"model_name": "Priors-M1", "model": "PriorsM1", "fixed_parameters": {"num_agents": 2, "threshold": 0.5}, "free_parameters": {"inverse_temperature": 44.402932455142974, "0-go_prob_0": 0.6042590731270663, "1-go_prob_0": 0.535936097600243}, "deviance": -3133.2871612081335, "AIC": 6272.574322416267}
{"model_name": "Priors-M2", "model": "PriorsM2", "fixed_parameters": {"num_agents": 2, "threshold": 0.5}, "free_parameters": {"inverse_temperature": 15.903315155902252, "0-go_prob_(0, np.int64(0))": 0.6060735480431556, "0-go_prob_(0, np.int64(1))": 0.759532201353595, "0-go_prob_(0, np.int64(2))": 0.582801932609131, "0-go_prob_(1, np.int64(0))": 0.4579377164773902, "0-go_prob_(1, np.int64(1))": 0.640927541852187, "0-go_prob_(1, np.int64(2))": 0.46528355519486153, "1-go_prob_(0, np.int64(0))": 0.5959756270318322, "1-go_prob_(0, np.int64(1))": 0.6471969895397899, "1-go_prob_(0, np.int64(2))": 0.024867111814709242, "1-go_prob_(1, np.int64(0))": 0.3255139742226773, "1-go_prob_(1, np.int64(1))": 0.6061799302212024, "1-go_prob_(1, np.int64(2))": 0.3340800640461571}, "deviance": -2968.0770891401626, "AIC": 5962.154178280325}
{"model_name": "Priors-M3", "model": "PriorsM3", "fixed_parameters": {"num_agents": 2, "threshold": 0.5}, "free_parameters": {"inverse_temperature": 29.514750526906887, "0-go_prob_0": 0.6060462918604376, "0-go_prob_1": 0.7595334704744265, "0-go_prob_2": 0.45794195393670195, "0-go_prob_3": 0.640926947387216, "1-go_prob_0": 0.59601310273558, "1-go_prob_1": 0.32550855678610413, "1-go_prob_2": 0.6471970734268356, "1-go_prob_3": 0.6061720671644937}, "deviance": -2968.0770902364115, "AIC": 5954.154180472823}
{"model_name": "WSLS-M1", "model": "WSLSM1", "fixed_parameters": {"num_agents": 2, "threshold": 0.5}, "free_parameters": {"inverse_temperature": 6.478595101300696, "wsls_strength": 8.566171634568777, "heuristic_strength": 0.516756148113029}, "deviance": -14133.436504542515, "AIC": 28272.87300908503}
{"model_name": "WSLS-M2", "model": "WSLSM2", "fixed_parameters": {"num_agents": 2, "threshold": 0.5}, "free_parameters": {"inverse_temperature": 39.08769210949192, "wsls_strength": 2.5116529146368016, "heuristic_strength": 0.8316119988471218}, "deviance": -8408.810770766762, "AIC": 16823.621541533525}
{"model_name": "WSLS-M3", "model": "WSLSM3", "fixed_parameters": {"num_agents": 2, "threshold": 0.5}, "free_parameters": {"inverse_temperature": 5.857869360546118, "wsls_strength": 2.28365526345635, "heuristic_strength": 0.7910061968541963}, "deviance": -8408.810770766762, "AIC": 16823.621541533525}
{"model_name": "Payoff-M1", "model": "PayoffM1", "fixed_parameters": {"num_agents": 2, "threshold": 0.5}, "free_parameters": {"inverse_temperature": 1.0, "learning_rate": 0.022615829790410862}, "deviance": -3177.272516455164, "AIC": 6358.545032910328}
{"model_name": "Payoff-M2", "model": "PayoffM2", "fixed_parameters": {"num_agents": 2, "threshold": 0.5}, "free_parameters": {"inverse_temperature": 63.278133569329654, "learning_rate": 0.721321988924645}, "deviance": -8408.810770766762, "AIC": 16821.621541533525}
{"model_name": "Payoff-M3", "model": "PayoffM3", "fixed_parameters": {"num_agents": 2, "threshold": 0.5}, "free_parameters": {"inverse_temperature": 53.532812612235965, "learning_rate": 0.7695492049546893}, "deviance": -8408.810770766762, "AIC": 16821.621541533525}
{"model_name": "Attendance-M1", "model": "AttendanceM1", "fixed_parameters": {"num_agents": 2, "threshold": 0.5}, "free_parameters": {"inverse_temperature": 2.3730235177584174, "learning_rate": 0.16140194612655423, "bias": 0.9085487666754258}, "deviance": -3062.1691298440774, "AIC": 6130.338259688155}
{"model_name": "Attendance-M2", "model": "AttendanceM2", "fixed_parameters": {"num_agents": 2, "threshold": 0.5}, "free_parameters": {"inverse_temperature": 6.1540178409786765, "learning_rate": 0.20037471876326218, "bias": 0.7566579014985997}, "deviance": -2253.439180414431, "AIC": 4512.878360828862}
{"model_name": "Attendance-M3", "model": "AttendanceM3", "fixed_parameters": {"num_agents": 2, "threshold": 0.5}, "free_parameters": {"inverse_temperature": 6.154016990718587, "learning_rate": 0.20037510153239435, "bias": 0.7566577817612623}, "deviance": -2253.4391804145403, "AIC": 4512.8783608290805}
{"model_name": "AvailableSpace-M1", "model": "AvailableSpaceM1", "fixed_parameters": {"num_agents": 2, "threshold": 0.5}, "free_parameters": {"inverse_temperature": 1.0, "learning_rate": 0.07944499186172731, "bias": 0.9333868396969721}, "deviance": -3164.8928878307734, "AIC": 6335.785775661547}
{"model_name": "AvailableSpace-M2", "model": "AvailableSpaceM2", "fixed_parameters": {"num_agents": 2, "threshold": 0.5}, "free_parameters": {"inverse_temperature": 64.0, "learning_rate": 0.005835450870926905, "bias": 0.7474152983925614}, "deviance": -2566.254660937692, "AIC": 5138.509321875384}
{"model_name": "AvailableSpace-M3", "model": "AvailableSpaceM3", "fixed_parameters": {"num_agents": 2, "threshold": 0.5}, "free_parameters": {"inverse_temperature": 63.179189942758796, "learning_rate": 0.0059129546506595685, "bias": 0.856109911385296}, "deviance": -2566.255805170842, "AIC": 5138.511610341684}
{"model_name": "Fairness-M1", "model": "FairnessM1", "fixed_parameters": {"num_agents": 2, "threshold": 0.5}, "free_parameters": {"inverse_temperature": 1.0, "learning_rate": 0.0, "bias": 1.0}, "deviance": -3188.4770305757456, "AIC": 6382.954061151491}
{"model_name": "Fairness-M2", "model": "FairnessM2", "fixed_parameters": {"num_agents": 2, "threshold": 0.5}, "free_parameters": {"inverse_temperature": 3.431370459544169, "learning_rate": 0.09589195957813923, "bias": 0.0}, "deviance": -2791.7813862099456, "AIC": 5589.562772419891}
{"model_name": "Fairness-M3", "model": "FairnessM3", "fixed_parameters": {"num_agents": 2, "threshold": 0.5}, "free_parameters": {"inverse_temperature": 3.4314198689602438, "learning_rate": 0.09589004044179388, "bias": 0.0}, "deviance": -2791.7813862118933, "AIC": 5589.562772423787}
{"model_name": "MFP-M1", "model": "MFPM1", "fixed_parameters": {"num_agents": 2, "threshold": 0.5}, "free_parameters": {"inverse_temperature": 4.6232129180395125, "belief_strength": 100.0}, "deviance": -3166.107320669837, "AIC": 6336.214641339674}
{"model_name": "MFP-M2", "model": "MFPM2", "fixed_parameters": {"num_agents": 2, "threshold": 0.5}, "free_parameters": {"inverse_temperature": 8.916537072501947, "belief_strength": 17.994045111509646}, "deviance": -2560.9245087314325, "AIC": 5125.849017462865}
{"model_name": "MFP-M3", "model": "MFPM3", "fixed_parameters": {"num_agents": 2, "threshold": 0.5}, "free_parameters": {"inverse_temperature": 8.91756753828036, "belief_strength": 17.996949469012023}, "deviance": -2560.924508920179, "AIC": 5125.849017840358}
{"model_name": "FRA", "model": "FocalRegionAgent", "fixed_parameters": {"num_agents": 2, "threshold": 0.5}, "free_parameters": {"inverse_temperature": 45.4918893684743, "len_history": 1.0874576255819515, "max_regions": 5.637494510964563}, "deviance": -7004.424310430994, "AIC": 14014.848620861989}
{"model_name": "FRA+Payoff+Attendance", "model": "Titan", "fixed_parameters": {"num_agents": 2, "threshold": 0.5}, "free_parameters": {"inverse_temperature": 6.384494971143151, "bias": 0.7478171885358551, "learning_rate": 0.19868152793467692, "len_history": 1.027463686100999, "max_regions": 1.1292748335562928, "delta": 0.054266539488045204}, "deviance": -2223.0433425112005, "AIC": 4458.086685022401}
