{"model_name": "Priors-M3", "model": "PriorsM3", "fixed_parameters": {"num_agents": 2, "threshold": 0.5}, "free_parameters": {"0-go_prob_0": 0.29103917009099095, "0-go_prob_1": 0.6251558216902399, "0-go_prob_2": 0.5178747850749176, "0-go_prob_3": 0.21510826812443723, "1-go_prob_0": 0.2417001648713198, "1-go_prob_1": 0.37947783436927046, "1-go_prob_2": 0.6229481383620167, "1-go_prob_3": 0.39590191631411115, "inverse_temperature": 18.937339785344562}, "deviance": -3369.4877632213042, "AIC": 6756.9755264426085}
{"model_name": "WSLS-M3", "model": "WSLSM3", "fixed_parameters": {"num_agents": 2, "threshold": 0.5}, "free_parameters": {"heuristic_strength": 0.417022004702574, "inverse_temperature": 46.38044308685596, "wsls_strength": 0.0011437481734488664}, "deviance": -3154.68369652486, "AIC": 6315.36739304972}
{"model_name": "Payoff-M3", "model": "PayoffM3", "fixed_parameters": {"num_agents": 2, "threshold": 0.5}, "free_parameters": {"inverse_temperature": 1.0072056134927279, "learning_rate": 0.30233257263183977}, "deviance": -2867.5579060443256, "AIC": 5739.115812088651}
{"model_name": "Attendance-M3", "model": "AttendanceM3", "fixed_parameters": {"num_agents": 2, "threshold": 0.5}, "free_parameters": {"bias": 0.6582749870298514, "inverse_temperature": 10.222250020841022, "learning_rate": 0.1354073450492864}, "deviance": -2333.3214328364115, "AIC": 4672.642865672823}
{"model_name": "AvailableSpace-M3", "model": "AvailableSpaceM3", "fixed_parameters": {"num_agents": 2, "threshold": 0.5}, "free_parameters": {"bias": 0.30233257263183977, "inverse_temperature": 10.245621121478122, "learning_rate": 0.0923385947687978}, "deviance": -2785.2688307393482, "AIC": 5576.5376614786965}
{"model_name": "Fairness-M3", "model": "FairnessM3", "fixed_parameters": {"num_agents": 2, "threshold": 0.5}, "free_parameters": {"bias": 0.32814463734136634, "inverse_temperature": 50.535746931454995, "learning_rate": 0.01152278900412343}, "deviance": -3075.005867897891, "AIC": 6156.011735795782}
{"model_name": "MFP-M3", "model": "MFPM3", "fixed_parameters": {"num_agents": 2, "threshold": 0.5}, "free_parameters": {"belief_strength": 30.473736274856016, "inverse_temperature": 14.633115410695208}, "deviance": -2563.97795868349, "AIC": 5131.95591736698}
