{"model_name": "FRA+Payoff+Attendance", "model": "FRAplus", "fixed_parameters": {"num_agents": 2, "threshold": 0.5}, "free_parameters": {"inverse_temperature": 5.6238432296584095, "bias": 0.8007192149344218, "learning_rate": 0.19495895722723217, "len_history": 2.113761606639266, "c": 0.8632734003215148, "delta": 0.12194788223941506}, "deviance": -2179.4514750844737, "AIC": 4370.902950168947}
