{"model_name": "FRA", "FRA_N=8_mu=0.375": {"model": "FocalRegionAgent", "fixed_parameters": {"num_agents": 8, "threshold": 0.375}, "free_parameters": {"inverse_temperature": 33.59868068961631, "len_history": 6.41825970709509, "c": 0.9512716749762423}, "deviance": -3587.4540557387404, "AIC": 7180.908111477481}, "FRA_N=8_mu=0.875": {"model": "FocalRegionAgent", "fixed_parameters": {"num_agents": 8, "threshold": 0.875}, "free_parameters": {"inverse_temperature": 58.61834545960894, "len_history": 6.6782636298416085, "c": 0.5970927158567958}, "deviance": -2108.9043184059306, "AIC": 4223.808636811861}, "FRA_N=8_mu=0.625": {"model": "FocalRegionAgent", "fixed_parameters": {"num_agents": 8, "threshold": 0.625}, "free_parameters": {"inverse_temperature": 49.63898136256594, "len_history": 1.6623845530687713, "c": 0.8300775010316531}, "deviance": -3986.6093240594014, "AIC": 7979.218648118803}}
