{"model_name":"Priors-M1","model":"PriorsM1","fixed_parameters":{"num_agents":2,"threshold":0.5},"free_parameters":{"inverse_temperature":44.4029324551,"0-go_prob_0":0.6042590731,"1-go_prob_0":0.5359360976},"deviance":-3133.2871612081,"AIC":6272.5743224163}
{"model_name":"Priors-M2","model":"PriorsM2","fixed_parameters":{"num_agents":2,"threshold":0.5},"free_parameters":{"inverse_temperature":15.9033151559,"0-go_prob_(0, np.int64(0))":0.606073548,"0-go_prob_(0, np.int64(1))":0.7595322014,"0-go_prob_(0, np.int64(2))":0.5828019326,"0-go_prob_(1, np.int64(0))":0.4579377165,"0-go_prob_(1, np.int64(1))":0.6409275419,"0-go_prob_(1, np.int64(2))":0.4652835552,"1-go_prob_(0, np.int64(0))":0.595975627,"1-go_prob_(0, np.int64(1))":0.6471969895,"1-go_prob_(0, np.int64(2))":0.0248671118,"1-go_prob_(1, np.int64(0))":0.3255139742,"1-go_prob_(1, np.int64(1))":0.6061799302,"1-go_prob_(1, np.int64(2))":0.334080064},"deviance":-2968.0770891402,"AIC":5962.1541782803}
{"model_name":"Priors-M3","model":"PriorsM3","fixed_parameters":{"num_agents":2,"threshold":0.5},"free_parameters":{"inverse_temperature":29.5147505269,"0-go_prob_0":0.6060462919,"0-go_prob_1":0.7595334705,"0-go_prob_2":0.4579419539,"0-go_prob_3":0.6409269474,"1-go_prob_0":0.5960131027,"1-go_prob_1":0.3255085568,"1-go_prob_2":0.6471970734,"1-go_prob_3":0.6061720672},"deviance":-2968.0770902364,"AIC":5954.1541804728}
{"model_name":"WSLS-M1","model":"WSLSM1","fixed_parameters":{"num_agents":2,"threshold":0.5},"free_parameters":{"inverse_temperature":58.8719120126,"wsls_strength":0.0040202489,"heuristic_strength":0.976759149},"deviance":-3182.8483718298,"AIC":6371.6967436595}
{"model_name":"WSLS-M2","model":"WSLSM2","fixed_parameters":{"num_agents":2,"threshold":0.5},"free_parameters":{"inverse_temperature":1.5023437781,"wsls_strength":0.5333291011,"heuristic_strength":0.7134328271},"deviance":-2918.9984996664,"AIC":5843.9969993329}
{"model_name":"WSLS-M3","model":"WSLSM3","fixed_parameters":{"num_agents":2,"threshold":0.5},"free_parameters":{"inverse_temperature":1.5023437781,"wsls_strength":0.5333291011,"heuristic_strength":0.7134328271},"deviance":-2918.9984996664,"AIC":5843.9969993329}
{"model_name":"Payoff-M1","model":"PayoffM1","fixed_parameters":{"num_agents":2,"threshold":0.5},"free_parameters":{"inverse_temperature":1.0,"learning_rate":0.0226158298},"deviance":-3177.2725164552,"AIC":6358.5450329103}
{"model_name":"Payoff-M2","model":"PayoffM2","fixed_parameters":{"num_agents":2,"threshold":0.5},"free_parameters":{"inverse_temperature":6.3577853163,"learning_rate":0.0390547832},"deviance":-2796.528623288,"AIC":5597.057246576}
{"model_name":"Payoff-M3","model":"PayoffM3","fixed_parameters":{"num_agents":2,"threshold":0.5},"free_parameters":{"inverse_temperature":6.3577853163,"learning_rate":0.0390547832},"deviance":-2796.528623288,"AIC":5597.057246576}
{"model_name":"Attendance-M1","model":"AttendanceM1","fixed_parameters":{"num_agents":2,"threshold":0.5},"free_parameters":{"inverse_temperature":2.3730235178,"learning_rate":0.1614019461,"bias":0.9085487667},"deviance":-3062.1691298441,"AIC":6130.3382596882}
{"model_name":"Attendance-M2","model":"AttendanceM2","fixed_parameters":{"num_agents":2,"threshold":0.5},"free_parameters":{"inverse_temperature":6.154017841,"learning_rate":0.2003747188,"bias":0.7566579015},"deviance":-2253.4391804144,"AIC":4512.8783608289}
{"model_name":"Attendance-M3","model":"AttendanceM3","fixed_parameters":{"num_agents":2,"threshold":0.5},"free_parameters":{"inverse_temperature":6.1540169907,"learning_rate":0.2003751015,"bias":0.7566577818},"deviance":-2253.4391804145,"AIC":4512.8783608291}
{"model_name":"AvailableSpace-M1","model":"AvailableSpaceM1","fixed_parameters":{"num_agents":2,"threshold":0.5},"free_parameters":{"inverse_temperature":1.0,"learning_rate":0.0794449919,"bias":0.9333868397},"deviance":-3164.8928878308,"AIC":6335.7857756615}
{"model_name":"AvailableSpace-M2","model":"AvailableSpaceM2","fixed_parameters":{"num_agents":2,"threshold":0.5},"free_parameters":{"inverse_temperature":64.0,"learning_rate":0.0058354509,"bias":0.7474152984},"deviance":-2566.2546609377,"AIC":5138.5093218754}
{"model_name":"AvailableSpace-M3","model":"AvailableSpaceM3","fixed_parameters":{"num_agents":2,"threshold":0.5},"free_parameters":{"inverse_temperature":63.1791899428,"learning_rate":0.0059129547,"bias":0.8561099114},"deviance":-2566.2558051708,"AIC":5138.5116103417}
{"model_name":"Fairness-M1","model":"FairnessM1","fixed_parameters":{"num_agents":2,"threshold":0.5},"free_parameters":{"inverse_temperature":4.7734017256,"learning_rate":0.0,"bias":0.0},"deviance":-3188.4770305757,"AIC":6382.9540611515}
{"model_name":"Fairness-M2","model":"FairnessM2","fixed_parameters":{"num_agents":2,"threshold":0.5},"free_parameters":{"inverse_temperature":3.4313704595,"learning_rate":0.0958919596,"bias":0.0},"deviance":-2791.7813862099,"AIC":5589.5627724199}
{"model_name":"Fairness-M3","model":"FairnessM3","fixed_parameters":{"num_agents":2,"threshold":0.5},"free_parameters":{"inverse_temperature":3.431419869,"learning_rate":0.0958900404,"bias":0.0},"deviance":-2791.7813862119,"AIC":5589.5627724238}
{"model_name":"MFP-M1","model":"MFPM1","fixed_parameters":{"num_agents":2,"threshold":0.5},"free_parameters":{"inverse_temperature":4.623212918,"belief_strength":100.0},"deviance":-3166.1073206698,"AIC":6336.2146413397}
{"model_name":"MFP-M2","model":"MFPM2","fixed_parameters":{"num_agents":2,"threshold":0.5},"free_parameters":{"inverse_temperature":8.9165370725,"belief_strength":17.9940451115},"deviance":-2560.9245087314,"AIC":5125.8490174629}
{"model_name":"MFP-M3","model":"MFPM3","fixed_parameters":{"num_agents":2,"threshold":0.5},"free_parameters":{"inverse_temperature":8.9175675383,"belief_strength":17.996949469},"deviance":-2560.9245089202,"AIC":5125.8490178404}
{"model_name":"FRA","model":"FocalRegionAgent","fixed_parameters":{"num_agents":2,"threshold":0.5},"free_parameters":{"inverse_temperature":1.0,"len_history":2.0,"max_regions":6.4033459208},"deviance":-2716.5502464577,"AIC":5439.1004929154}
{"model_name":"FRA+Payoff+Attendance","model":"Titan","fixed_parameters":{"num_agents":2,"threshold":0.5},"free_parameters":{"inverse_temperature":6.3844949711,"bias":0.7478171885,"learning_rate":0.1986815279,"len_history":1.0274636861,"max_regions":1.1292748336,"delta":0.0542665395},"deviance":-2223.0433425112,"AIC":4458.0866850224}
