{"model_name": "Attendance-M2", "Attendance-M2": {"model": "AttendanceM2", "fixed_parameters": {}, "free_parameters": {"inverse_temperature": 5.914657142114915, "learning_rate": 0.17891760776312288, "bias": 0.7482965060265122, "forget": 0.6888239968807001}, "deviance": -1282.719227413831, "AIC": 2573.438454827662}}
{"model_name": "Fairness-M2", "Fairness-M2": {"model": "FairnessM2", "fixed_parameters": {}, "free_parameters": {"inverse_temperature": 39.29427806964328, "learning_rate": 0.010672285417591304, "bias": 0.14718362329403126, "forget": 0.8831264028354531, "individual_threshold": 1.0}, "deviance": -1424.573849171395, "AIC": 2859.14769834279}}
{"model_name": "Fairness-M1", "Fairness-M1": {"model": "FairnessM1", "fixed_parameters": {}, "free_parameters": {"inverse_temperature": 1.0, "learning_rate": 0.06457992771044663, "bias": 0.0, "forget": 1.0, "individual_threshold": 0.0}, "deviance": -1624.5232667009682, "AIC": 3259.0465334019364}}
{"model_name": "Fairness-M2", "Fairness-M2": {"model": "FairnessM2", "fixed_parameters": {}, "free_parameters": {"inverse_temperature": 49.822123271203566, "learning_rate": 0.13883035775823838, "bias": 0.0, "forget": 1.0, "individual_threshold": 0.0}, "deviance": -3242.0968413820815, "AIC": 6494.193682764163}}
{"model_name": "Fairness-M2", "Fairness-M2": {"model": "FairnessM2", "fixed_parameters": {}, "free_parameters": {"inverse_temperature": 53.26012983970258, "learning_rate": 0.7832963981710268, "bias": 0.0, "forget": 1.0, "individual_threshold": 0.0}, "deviance": -3242.0968413820815, "AIC": 6494.193682764163}}
