{"model_name": "FRA+Payoff+Attendance", "FRA+Payoff+Attendance": {"model": "FRAplus", "fixed_parameters": {}, "free_parameters": {"inverse_temperature": 15.468588800562454, "bias": 0.8073949378383783, "learning_rate": 0.0, "individual_threshold": 1.0, "len_history": 3.7334975557808057, "c": 0.9406840129654686, "delta": 0.2}, "deviance": -1343.2492461899017, "AIC": 2700.4984923798033}}
