{"model_name":"WSLS-M1","model":"WSLSM1","fixed_parameters":{"num_agents":3,"threshold":0.3333333333},"free_parameters":{"inverse_temperature":2.2524484319,"wsls_strength":0.2621098688,"heuristic_strength":0.028306488},"deviance":-6177.3275696796,"AIC":12360.6551393593}
{"model_name":"WSLS-M2","model":"WSLSM2","fixed_parameters":{"num_agents":3,"threshold":0.3333333333},"free_parameters":{"inverse_temperature":2.2524484319,"wsls_strength":0.2621098688,"heuristic_strength":0.028306488},"deviance":-6165.3904798332,"AIC":12336.7809596664}
{"model_name":"WSLS-M3","model":"WSLSM3","fixed_parameters":{"num_agents":3,"threshold":0.3333333333},"free_parameters":{"inverse_temperature":2.2524484319,"wsls_strength":0.2621098688,"heuristic_strength":0.028306488},"deviance":-6138.2608472095,"AIC":12282.521694419}
{"model_name":"Payoff-M1","model":"PayoffM1","fixed_parameters":{"num_agents":3,"threshold":0.3333333333},"free_parameters":{"inverse_temperature":62.2246987086,"learning_rate":0.0009355467},"deviance":-6079.3737673884,"AIC":12162.7475347769}
{"model_name":"Payoff-M2","model":"PayoffM2","fixed_parameters":{"num_agents":3,"threshold":0.3333333333},"free_parameters":{"inverse_temperature":63.7490019057,"learning_rate":0.002273707},"deviance":-6034.1353244008,"AIC":12072.2706488016}
{"model_name":"Payoff-M3","model":"PayoffM3","fixed_parameters":{"num_agents":3,"threshold":0.3333333333},"free_parameters":{"inverse_temperature":6.3577853163,"learning_rate":0.0390547832},"deviance":-6008.6996109772,"AIC":12021.3992219544}
{"model_name":"Attendance-M1","model":"AttendanceM1","fixed_parameters":{"num_agents":3,"threshold":0.3333333333},"free_parameters":{"inverse_temperature":4.3673151352,"learning_rate":0.0636249556,"bias":0.8257524469},"deviance":-5658.8373563741,"AIC":11323.6747127482}
{"model_name":"Attendance-M2","model":"AttendanceM2","fixed_parameters":{"num_agents":3,"threshold":0.3333333333},"free_parameters":{"inverse_temperature":4.8110657095,"learning_rate":0.1614011223,"bias":0.8406474545},"deviance":-5507.3846407659,"AIC":11020.7692815317}
{"model_name":"Attendance-M3","model":"AttendanceM3","fixed_parameters":{"num_agents":3,"threshold":0.3333333333},"free_parameters":{"inverse_temperature":6.8505632318,"learning_rate":0.1398958342,"bias":0.7796406307},"deviance":-5463.1352949522,"AIC":10932.2705899045}
{"model_name":"AvailableSpace-M1","model":"AvailableSpaceM1","fixed_parameters":{"num_agents":3,"threshold":0.3333333333},"free_parameters":{"inverse_temperature":62.6555015827,"learning_rate":0.000685251,"bias":0.0064493728},"deviance":-6048.6562767061,"AIC":12103.3125534122}
{"model_name":"AvailableSpace-M2","model":"AvailableSpaceM2","fixed_parameters":{"num_agents":3,"threshold":0.3333333333},"free_parameters":{"inverse_temperature":60.554284936,"learning_rate":0.0028472689,"bias":0.105400005},"deviance":-5898.9949360463,"AIC":11803.9898720926}
{"model_name":"AvailableSpace-M3","model":"AvailableSpaceM3","fixed_parameters":{"num_agents":3,"threshold":0.3333333333},"free_parameters":{"inverse_temperature":62.6028374253,"learning_rate":0.0038939686,"bias":0.3814946405},"deviance":-5854.363425575,"AIC":11714.7268511501}
{"model_name":"Fairness-M1","model":"FairnessM1","fixed_parameters":{"num_agents":3,"threshold":0.3333333333},"free_parameters":{"inverse_temperature":64.0,"learning_rate":0.0009095729,"bias":0.0},"deviance":-6079.3706664534,"AIC":12164.7413329067}
{"model_name":"Fairness-M2","model":"FairnessM2","fixed_parameters":{"num_agents":3,"threshold":0.3333333333},"free_parameters":{"inverse_temperature":64.0,"learning_rate":0.0022649041,"bias":0.0},"deviance":-6034.1340113833,"AIC":12074.2680227665}
{"model_name":"Fairness-M3","model":"FairnessM3","fixed_parameters":{"num_agents":3,"threshold":0.3333333333},"free_parameters":{"inverse_temperature":3.8067683483,"learning_rate":0.1074941291,"bias":0.2257093386},"deviance":-6108.6522418092,"AIC":12223.3044836185}
{"model_name":"MFP-M1","model":"MFPM1","fixed_parameters":{"num_agents":3,"threshold":0.3333333333},"free_parameters":{"inverse_temperature":1.383795858,"belief_strength":3.955715821},"deviance":-5978.9156160979,"AIC":11961.8312321958}
{"model_name":"MFP-M2","model":"MFPM2","fixed_parameters":{"num_agents":3,"threshold":0.3333333333},"free_parameters":{"inverse_temperature":28.9714373909,"belief_strength":100.0},"deviance":-5857.0315263042,"AIC":11718.0630526084}
{"model_name":"MFP-M3","model":"MFPM3","fixed_parameters":{"num_agents":3,"threshold":0.3333333333},"free_parameters":{"inverse_temperature":12.4945803323,"belief_strength":29.0088037735},"deviance":-5791.8384835504,"AIC":11587.6769671008}
{"model_name":"FRA","model":"FocalRegionAgent","fixed_parameters":{"num_agents":3,"threshold":0.3333333333},"free_parameters":{"inverse_temperature":1.0,"len_history":3.0,"max_regions":1.0},"deviance":-6575.1651315839,"AIC":13156.3302631678}
{"model_name":"FRA+Payoff+Attendance","model":"Titan","fixed_parameters":{"num_agents":3,"threshold":0.3333333333},"free_parameters":{"inverse_temperature":4.8796335166,"bias":0.8711982005,"learning_rate":0.1505532627,"len_history":1.9839087615,"max_regions":4.4235303216,"delta":0.0255226378},"deviance":-5475.6021493224,"AIC":10963.2042986448}
