{"model_name": "WSLS-M1", "model": "WSLSM1", "fixed_parameters": {"num_agents": 6, "threshold": 0.5}, "free_parameters": {"inverse_temperature": 18.71982989317722, "wsls_strength": 7.330126160100194, "heuristic_strength": 0.7096625201749092}, "deviance": -2296.643817622102, "AIC": 4599.287635244204}
