{"model_name": "FRA+Payoff+Attendance", "FRA+Payoff+Attendance_N=12_mu=0.5": {"model": "FRAplus", "fixed_parameters": {"num_agents": 12, "threshold": 0.5}, "free_parameters": {"bias": 1.0, "c": 1.0, "delta": 0.0, "inverse_temperature": 7.111792724602892, "learning_rate": 0.10248647848744678, "len_history": 6.916428099248398}, "deviance": -460.47132346437473, "AIC": 932.9426469287495}, "FRA+Payoff+Attendance_N=12_mu=0.25": {"model": "FRAplus", "fixed_parameters": {"num_agents": 12, "threshold": 0.25}, "free_parameters": {"bias": 0.9759890683309049, "c": 0.9507812923346606, "delta": 0.11912158672052911, "inverse_temperature": 3.0428584948107975, "learning_rate": 0.09357709581748075, "len_history": 1.7844605805067166}, "deviance": -491.2300865755695, "AIC": 994.460173151139}, "FRA+Payoff+Attendance_N=12_mu=0.75": {"model": "FRAplus", "fixed_parameters": {"num_agents": 12, "threshold": 0.75}, "free_parameters": {"bias": 0.724102507208581, "c": 0.6960012082917585, "delta": 0.10373782116610342, "inverse_temperature": 3.6155760180889542, "learning_rate": 0.4146312478121958, "len_history": 9.965073382540385}, "deviance": -380.2950084799117, "AIC": 772.5900169598234}}
