{"model_name": "WSLS-M1", "model": "WSLSM1", "fixed_parameters": {"num_agents": 3, "threshold": 0.3333333333333333}, "free_parameters": {"inverse_temperature": 9.976896382070542, "wsls_strength": 9.916320230490154, "heuristic_strength": 0.6221645977121713}, "deviance": -25414.786378404675, "AIC": 50835.57275680935}
{"model_name": "WSLS-M2", "model": "WSLSM2", "fixed_parameters": {"num_agents": 3, "threshold": 0.3333333333333333}, "free_parameters": {"inverse_temperature": 47.05646364554072, "wsls_strength": 9.633547735032185, "heuristic_strength": 0.51758786648227}, "deviance": -19164.832618509136, "AIC": 38335.66523701827}
{"model_name": "WSLS-M3", "model": "WSLSM3", "fixed_parameters": {"num_agents": 3, "threshold": 0.3333333333333333}, "free_parameters": {"inverse_temperature": 1.2561124575712308, "wsls_strength": 0.3053581925130587, "heuristic_strength": 0.577366606669883}, "deviance": -6153.310393208264, "AIC": 12312.620786416528}
{"model_name": "Payoff-M1", "model": "PayoffM1", "fixed_parameters": {"num_agents": 3, "threshold": 0.3333333333333333}, "free_parameters": {"inverse_temperature": 62.22469870863703, "learning_rate": 0.0009355466528358105}, "deviance": -6079.373767388447, "AIC": 12162.747534776894}
{"model_name": "Payoff-M2", "model": "PayoffM2", "fixed_parameters": {"num_agents": 3, "threshold": 0.3333333333333333}, "free_parameters": {"inverse_temperature": 63.74900190574572, "learning_rate": 0.0022737069535645367}, "deviance": -6034.135324400795, "AIC": 12072.27064880159}
{"model_name": "Payoff-M3", "model": "PayoffM3", "fixed_parameters": {"num_agents": 3, "threshold": 0.3333333333333333}, "free_parameters": {"inverse_temperature": 51.78765651993035, "learning_rate": 0.8142725111736893}, "deviance": -16157.786172195236, "AIC": 32319.57234439047}
{"model_name": "Attendance-M1", "model": "AttendanceM1", "fixed_parameters": {"num_agents": 3, "threshold": 0.3333333333333333}, "free_parameters": {"inverse_temperature": 4.367315135171006, "learning_rate": 0.06362495557363522, "bias": 0.8257524469489086}, "deviance": -5658.837356374084, "AIC": 11323.674712748169}
{"model_name": "Attendance-M2", "model": "AttendanceM2", "fixed_parameters": {"num_agents": 3, "threshold": 0.3333333333333333}, "free_parameters": {"inverse_temperature": 4.811065709539379, "learning_rate": 0.16140112230731188, "bias": 0.8406474544617957}, "deviance": -5507.384640765858, "AIC": 11020.769281531717}
{"model_name": "Attendance-M3", "model": "AttendanceM3", "fixed_parameters": {"num_agents": 3, "threshold": 0.3333333333333333}, "free_parameters": {"inverse_temperature": 6.850563231799393, "learning_rate": 0.13989583416632156, "bias": 0.7796406307427531}, "deviance": -5463.135294952238, "AIC": 10932.270589904476}
{"model_name": "AvailableSpace-M1", "model": "AvailableSpaceM1", "fixed_parameters": {"num_agents": 3, "threshold": 0.3333333333333333}, "free_parameters": {"inverse_temperature": 62.65550158267193, "learning_rate": 0.0006852509905023077, "bias": 0.0064493728343241186}, "deviance": -6048.656276706115, "AIC": 12103.31255341223}
{"model_name": "AvailableSpace-M2", "model": "AvailableSpaceM2", "fixed_parameters": {"num_agents": 3, "threshold": 0.3333333333333333}, "free_parameters": {"inverse_temperature": 60.55428493601644, "learning_rate": 0.002847268863485326, "bias": 0.10540000497843305}, "deviance": -5898.994936046317, "AIC": 11803.989872092634}
{"model_name": "AvailableSpace-M3", "model": "AvailableSpaceM3", "fixed_parameters": {"num_agents": 3, "threshold": 0.3333333333333333}, "free_parameters": {"inverse_temperature": 62.6028374253243, "learning_rate": 0.003893968607790932, "bias": 0.3814946405009475}, "deviance": -5854.363425575037, "AIC": 11714.726851150073}
{"model_name": "Fairness-M1", "model": "FairnessM1", "fixed_parameters": {"num_agents": 3, "threshold": 0.3333333333333333}, "free_parameters": {"inverse_temperature": 64.0, "learning_rate": 0.0009095728530203674, "bias": 0.0}, "deviance": -6079.370666453362, "AIC": 12164.741332906724}
{"model_name": "Fairness-M2", "model": "FairnessM2", "fixed_parameters": {"num_agents": 3, "threshold": 0.3333333333333333}, "free_parameters": {"inverse_temperature": 64.0, "learning_rate": 0.0022649041248359756, "bias": 0.0}, "deviance": -6034.134011383252, "AIC": 12074.268022766504}
{"model_name": "Fairness-M3", "model": "FairnessM3", "fixed_parameters": {"num_agents": 3, "threshold": 0.3333333333333333}, "free_parameters": {"inverse_temperature": 1.0, "learning_rate": 0.0, "bias": 1.0}, "deviance": -6238.324625039502, "AIC": 12482.649250079005}
{"model_name": "MFP-M1", "model": "MFPM1", "fixed_parameters": {"num_agents": 3, "threshold": 0.3333333333333333}, "free_parameters": {"inverse_temperature": 1.3837958580095706, "belief_strength": 3.95571582098194}, "deviance": -5978.915616097898, "AIC": 11961.831232195796}
{"model_name": "MFP-M2", "model": "MFPM2", "fixed_parameters": {"num_agents": 3, "threshold": 0.3333333333333333}, "free_parameters": {"inverse_temperature": 28.97143739087799, "belief_strength": 100.0}, "deviance": -5857.031526304223, "AIC": 11718.063052608446}
{"model_name": "MFP-M3", "model": "MFPM3", "fixed_parameters": {"num_agents": 3, "threshold": 0.3333333333333333}, "free_parameters": {"inverse_temperature": 12.494580332335783, "belief_strength": 29.00880377353916}, "deviance": -5791.838483550401, "AIC": 11587.676967100802}
{"model_name": "FRA", "model": "FocalRegionAgent", "fixed_parameters": {"num_agents": 3, "threshold": 0.3333333333333333}, "free_parameters": {"inverse_temperature": 1.0, "len_history": 1.3089360615613912, "max_regions": 8.032509030757728}, "deviance": -8271.73157048547, "AIC": 16549.46314097094}
{"model_name": "FRA+Payoff+Attendance", "model": "Titan", "fixed_parameters": {"num_agents": 3, "threshold": 0.3333333333333333}, "free_parameters": {"inverse_temperature": 4.879633516564112, "bias": 0.8711982005108517, "learning_rate": 0.15055326274776745, "len_history": 1.983908761509366, "max_regions": 4.423530321609227, "delta": 0.025522637833887727}, "deviance": -5475.602149322378, "AIC": 10963.204298644756}
