{"model_name": "WSLS-M2", "WSLS-M2_N=3_mu=0.6666666666666666": {"model": "WSLSM2", "fixed_parameters": {"num_agents": 3, "threshold": 0.6666666666666666}, "free_parameters": {"inverse_temperature": 2.252448431907122, "wsls_strength": 0.2621098687771928, "heuristic_strength": 0.028306488020794607}, "deviance": -1089.4788035837068, "AIC": 2184.9576071674137}, "WSLS-M2_N=3_mu=0.3333333333333333": {"model": "WSLSM2", "fixed_parameters": {"num_agents": 3, "threshold": 0.3333333333333333}, "free_parameters": {"inverse_temperature": 58.11798545349311, "wsls_strength": 0.0, "heuristic_strength": 1.0}, "deviance": -1122.8984325071099, "AIC": 2251.7968650142197}}
