{"model_name": "Attendance-M2", "Attendance-M2": {"model": "AttendanceM2", "fixed_parameters": {}, "free_parameters": {"inverse_temperature": 2.9148973043762334, "learning_rate": 0.43593243911683954, "bias": 0.6758726609981517, "forget": 0.5716582002675366}, "deviance": -1302.855398741909, "AIC": 2613.710797483818}}
{"model_name": "Fairness-M2", "Fairness-M2": {"model": "FairnessM2", "fixed_parameters": {}, "free_parameters": {"inverse_temperature": 59.71424035940075, "learning_rate": 0.013951572975597015, "bias": 0.2343620861214205, "forget": 0.6167783570016576, "individual_threshold": 0.9490163206876164}, "deviance": -1475.328754496904, "AIC": 2960.657508993808}}
{"model_name": "Fairness-M1", "Fairness-M1": {"model": "FairnessM1", "fixed_parameters": {}, "free_parameters": {"inverse_temperature": 1.7327786928456275, "learning_rate": 0.7096266548901085, "bias": 0.46700526879069126, "forget": 0.7392095261830052, "individual_threshold": 1.0}, "deviance": -1599.946258734461, "AIC": 3209.892517468922}}
{"model_name": "Fairness-M2", "Fairness-M2": {"model": "FairnessM2", "fixed_parameters": {}, "free_parameters": {"inverse_temperature": 1.7289087374102965, "learning_rate": 0.6884464213795012, "bias": 0.4169069010990023, "forget": 0.7295683329896705, "individual_threshold": 1.0}, "deviance": -1571.8016925181853, "AIC": 3153.6033850363706}}
