{"model_name": "WSLS-M1", "model": "WSLSM1", "fixed_parameters": {"num_agents": 3, "threshold": 0.3333333333333333}, "free_parameters": {"inverse_temperature": 2.252448431907122, "wsls_strength": 0.2621098687771928, "heuristic_strength": 0.028306488020794607}, "deviance": -6177.327569679636, "AIC": 12360.655139359273}
{"model_name": "WSLS-M2", "model": "WSLSM2", "fixed_parameters": {"num_agents": 3, "threshold": 0.3333333333333333}, "free_parameters": {"inverse_temperature": 2.252448431907122, "wsls_strength": 0.2621098687771928, "heuristic_strength": 0.028306488020794607}, "deviance": -6165.390479833183, "AIC": 12336.780959666366}
{"model_name": "WSLS-M3", "model": "WSLSM3", "fixed_parameters": {"num_agents": 3, "threshold": 0.3333333333333333}, "free_parameters": {"inverse_temperature": 2.252448431907122, "wsls_strength": 0.2621098687771928, "heuristic_strength": 0.028306488020794607}, "deviance": -6138.260847209514, "AIC": 12282.521694419029}
{"model_name": "Payoff-M1", "model": "PayoffM1", "fixed_parameters": {"num_agents": 3, "threshold": 0.3333333333333333}, "free_parameters": {"inverse_temperature": 2.252448431907122, "learning_rate": 0.026210986877719278}, "deviance": -6086.611395377799, "AIC": 12177.222790755599}
{"model_name": "Payoff-M2", "model": "PayoffM2", "fixed_parameters": {"num_agents": 3, "threshold": 0.3333333333333333}, "free_parameters": {"inverse_temperature": 6.357785316296009, "learning_rate": 0.03905478323288236}, "deviance": -6074.972762668631, "AIC": 12153.945525337262}
{"model_name": "Payoff-M3", "model": "PayoffM3", "fixed_parameters": {"num_agents": 3, "threshold": 0.3333333333333333}, "free_parameters": {"inverse_temperature": 6.357785316296009, "learning_rate": 0.03905478323288236}, "deviance": -6008.699610977217, "AIC": 12021.399221954434}
{"model_name": "Attendance-M1", "model": "AttendanceM1", "fixed_parameters": {"num_agents": 3, "threshold": 0.3333333333333333}, "free_parameters": {"inverse_temperature": 3.460451343671589, "learning_rate": 0.1698304195645689, "bias": 0.8781425034294131}, "deviance": -5714.831522489347, "AIC": 11435.663044978694}
{"model_name": "Attendance-M2", "model": "AttendanceM2", "fixed_parameters": {"num_agents": 3, "threshold": 0.3333333333333333}, "free_parameters": {"inverse_temperature": 3.460451343671589, "learning_rate": 0.1698304195645689, "bias": 0.8781425034294131}, "deviance": -5538.351503241482, "AIC": 11082.703006482963}
{"model_name": "Attendance-M3", "model": "AttendanceM3", "fixed_parameters": {"num_agents": 3, "threshold": 0.3333333333333333}, "free_parameters": {"inverse_temperature": 36.344903813109724, "learning_rate": 0.01864728937294302, "bias": 0.8006326726806163}, "deviance": -5487.97788096557, "AIC": 10981.95576193114}
{"model_name": "AvailableSpace-M1", "model": "AvailableSpaceM1", "fixed_parameters": {"num_agents": 3, "threshold": 0.3333333333333333}, "free_parameters": {"inverse_temperature": 2.252448431907122, "learning_rate": 0.026210986877719278, "bias": 0.028306488020794607}, "deviance": -6061.522807433267, "AIC": 12129.045614866534}
{"model_name": "AvailableSpace-M2", "model": "AvailableSpaceM2", "fixed_parameters": {"num_agents": 3, "threshold": 0.3333333333333333}, "free_parameters": {"inverse_temperature": 2.1703007371767997, "learning_rate": 0.07002214371922233, "bias": 0.4863451109370318}, "deviance": -5958.492986924439, "AIC": 11922.985973848878}
{"model_name": "AvailableSpace-M3", "model": "AvailableSpaceM3", "fixed_parameters": {"num_agents": 3, "threshold": 0.3333333333333333}, "free_parameters": {"inverse_temperature": 3.806768348319989, "learning_rate": 0.1074941291060929, "bias": 0.2257093386078547}, "deviance": -5932.400433922981, "AIC": 11870.800867845963}
{"model_name": "Fairness-M1", "model": "FairnessM1", "fixed_parameters": {"num_agents": 3, "threshold": 0.3333333333333333}, "free_parameters": {"inverse_temperature": 2.252448431907122, "learning_rate": 0.026210986877719278, "bias": 0.028306488020794607}, "deviance": -6093.461894403697, "AIC": 12192.923788807395}
{"model_name": "Fairness-M2", "model": "FairnessM2", "fixed_parameters": {"num_agents": 3, "threshold": 0.3333333333333333}, "free_parameters": {"inverse_temperature": 2.1703007371767997, "learning_rate": 0.07002214371922233, "bias": 0.004863451109370318}, "deviance": -6053.097552021609, "AIC": 12112.195104043218}
{"model_name": "Fairness-M3", "model": "FairnessM3", "fixed_parameters": {"num_agents": 3, "threshold": 0.3333333333333333}, "free_parameters": {"inverse_temperature": 3.806768348319989, "learning_rate": 0.1074941291060929, "bias": 0.2257093386078547}, "deviance": -6108.652241809232, "AIC": 12223.304483618464}
{"model_name": "MFP-M1", "model": "MFPM1", "fixed_parameters": {"num_agents": 3, "threshold": 0.3333333333333333}, "free_parameters": {"inverse_temperature": 1.0, "belief_strength": 1.0}, "deviance": -5986.0209366944, "AIC": 11976.0418733888}
{"model_name": "MFP-M2", "model": "MFPM2", "fixed_parameters": {"num_agents": 3, "threshold": 0.3333333333333333}, "free_parameters": {"inverse_temperature": 27.96974496189158, "belief_strength": 96.51916466769018}, "deviance": -5857.072246788709, "AIC": 11718.144493577418}
{"model_name": "MFP-M3", "model": "MFPM3", "fixed_parameters": {"num_agents": 3, "threshold": 0.3333333333333333}, "free_parameters": {"inverse_temperature": 9.844377131499728, "belief_strength": 20.612047419403}, "deviance": -5792.041090678864, "AIC": 11588.082181357728}
{"model_name": "FRA", "model": "FocalRegionAgent", "fixed_parameters": {"num_agents": 3, "threshold": 0.3333333333333333}, "free_parameters": {"inverse_temperature": 1.0, "len_history": 3.0, "max_regions": 1.0}, "deviance": -6575.165131583886, "AIC": 13156.330263167773}
{"model_name": "FRA+Payoff+Attendance", "model": "FRAplus", "fixed_parameters": {"num_agents": 3, "threshold": 0.3333333333333333}, "free_parameters": {"inverse_temperature": 2.3560627322744727, "bias": 0.947970211217681, "learning_rate": 0.8271154711707325, "len_history": 1.0300379614842448, "max_regions": 2.5857663001754974, "delta": 0.0332063574366837}, "deviance": -5745.143547793202, "AIC": 11502.287095586404}
