{"model_name": "Priors-M3", "model": "PriorsM3", "fixed_parameters": {"num_agents": 2, "threshold": 0.5}, "free_parameters": {"0-go_prob_0": 0.29103917009099095, "0-go_prob_1": 0.6251558216902399, "0-go_prob_2": 0.5178747850749176, "0-go_prob_3": 0.21510826812443723, "1-go_prob_0": 0.2417001648713198, "1-go_prob_1": 0.37947783436927046, "1-go_prob_2": 0.6229481383620167, "1-go_prob_3": 0.39590191631411115, "inverse_temperature": 18.937339785344562}, "deviance": -3369.4877632213042, "AIC": 6756.9755264426085}
{"model_name": "WSLS-M3", "model": "WSLSM3", "fixed_parameters": {"num_agents": 2, "threshold": 0.5}, "free_parameters": {"heuristic_strength": 0.417022004702574, "inverse_temperature": 46.38044308685596, "wsls_strength": 0.0011437481734488664}, "deviance": -3154.68369652486, "AIC": 6315.36739304972}
{"model_name": "Payoff-M3", "model": "PayoffM3", "fixed_parameters": {"num_agents": 2, "threshold": 0.5}, "free_parameters": {"inverse_temperature": 1.0072056134927279, "learning_rate": 0.30233257263183977}, "deviance": -2867.5579060443256, "AIC": 5739.115812088651}
{"model_name": "Attendance-M3", "model": "AttendanceM3", "fixed_parameters": {"num_agents": 2, "threshold": 0.5}, "free_parameters": {"bias": 0.6582749870298514, "inverse_temperature": 10.222250020841022, "learning_rate": 0.1354073450492864}, "deviance": -2333.3214328364115, "AIC": 4672.642865672823}
{"model_name": "AvailableSpace-M3", "model": "AvailableSpaceM3", "fixed_parameters": {"num_agents": 2, "threshold": 0.5}, "free_parameters": {"bias": 0.30233257263183977, "inverse_temperature": 10.245621121478122, "learning_rate": 0.0923385947687978}, "deviance": -2785.2688307393482, "AIC": 5576.5376614786965}
{"model_name": "Fairness-M3", "model": "FairnessM3", "fixed_parameters": {"num_agents": 2, "threshold": 0.5}, "free_parameters": {"bias": 0.32814463734136634, "inverse_temperature": 50.535746931454995, "learning_rate": 0.01152278900412343}, "deviance": -3075.005867897891, "AIC": 6156.011735795782}
{"model_name": "MFP-M3", "model": "MFPM3", "fixed_parameters": {"num_agents": 2, "threshold": 0.5}, "free_parameters": {"belief_strength": 30.473736274856016, "inverse_temperature": 14.633115410695208}, "deviance": -2563.97795868349, "AIC": 5131.95591736698}
{"model_name": "FRA", "model": "FocalRegionAgent", "fixed_parameters": {"num_agents": 2, "threshold": 0.5}, "free_parameters": {"inverse_temperature": 1.0, "len_history": 2.0, "max_regions": 5.962948231613764}, "deviance": -2875.51008473207, "AIC": 5757.02016946414}
{"model_name": "FRA", "model": "Titan", "fixed_parameters": {"num_agents": 2, "threshold": 0.5}, "free_parameters": {"inverse_temperature": 1.8250128137918529, "bias": 0.6316242949401083, "learning_rate": 1.0, "len_history": 1.9765195401622637, "max_regions": 8.772011236796578, "delta": 0.0}, "deviance": -2628.0306875329934, "AIC": 5268.061375065987}
{"model_name": "FRA", "model": "Titan", "fixed_parameters": {"num_agents": 2, "threshold": 0.5}, "free_parameters": {"inverse_temperature": 1.8250128137918529, "bias": 0.6316242949401083, "learning_rate": 1.0, "len_history": 1.9765195401622637, "max_regions": 8.772011236796578, "delta": 0.0}, "deviance": -2628.0306875329934, "AIC": 5268.061375065987}
{"model_name": "FRA", "model": "Titan", "fixed_parameters": {"num_agents": 2, "threshold": 0.5}, "free_parameters": {"inverse_temperature": 55.46199207915088, "bias": 0.6339556411797106, "learning_rate": 0.008171747655530526, "len_history": 1.2165937548253885, "max_regions": 2.120556077471169, "delta": 0.006445347468755036}, "deviance": -2298.0826120602683, "AIC": 4608.165224120537}
{"model_name": "FRA", "model": "FocalRegionAgent", "fixed_parameters": {"num_agents": 2, "threshold": 0.5}, "free_parameters": {"inverse_temperature": 1.0, "len_history": 2.0, "max_regions": 3.3103128780288325}, "deviance": -2716.550246457715, "AIC": 5439.10049291543}
{"model_name": "FRA", "model": "FocalRegionAgent", "fixed_parameters": {"num_agents": 2, "threshold": 0.5}, "free_parameters": {"inverse_temperature": 53.389811457500386, "len_history": 1.9542821165698339, "max_regions": 5.156727154522843}, "deviance": -7004.424310430994, "AIC": 14014.848620861989}
{"model_name": "FRA+Payoff+Attendance", "model": "Titan", "fixed_parameters": {"num_agents": 2, "threshold": 0.5}, "free_parameters": {"inverse_temperature": 6.395882345829693, "bias": 0.7482822357561224, "learning_rate": 0.2026014149443162, "len_history": 1.55113965413542, "max_regions": 2.1288555518982184, "delta": 0.045007794968442545}, "deviance": -2243.4695936700286, "AIC": 4498.939187340057}
{"model_name": "FRA+Payoff+Attendance", "model": "Titan", "fixed_parameters": {"num_agents": 2, "threshold": 0.5}, "free_parameters": {"inverse_temperature": 13.880491733085599, "bias": 0.8781174363909454, "learning_rate": 0.027387593197926163, "len_history": 1.6704675101784021, "max_regions": 4.755743221304143, "delta": 0.05586898284457517}, "deviance": -2386.7407843159963, "AIC": 4785.481568631993}
