{"model_name": "Priors-M1", "model": "PriorsM1", "fixed_parameters": {"num_agents": 2, "threshold": 0.5}, "free_parameters": {"inverse_temperature": 17.571710519428116, "0-go_prob_0": 0.6039313617062868, "1-go_prob_0": 0.5488880161458932}, "deviance": -3134.0499791187362, "AIC": 6274.0999582374725}
{"model_name": "Priors-M2", "model": "PriorsM2", "fixed_parameters": {"num_agents": 2, "threshold": 0.5}, "free_parameters": {"inverse_temperature": 46.59427308046751, "0-go_prob_(0, np.int64(0))": 0.5269556841630048, "0-go_prob_(0, np.int64(1))": 0.8215706257611037, "0-go_prob_(0, np.int64(2))": 1.0, "0-go_prob_(1, np.int64(0))": 0.37535713001084414, "0-go_prob_(1, np.int64(1))": 0.6926154657129228, "0-go_prob_(1, np.int64(2))": 0.15035286151437474, "1-go_prob_(0, np.int64(0))": 0.6261054774011787, "1-go_prob_(0, np.int64(1))": 0.5626954383008642, "1-go_prob_(0, np.int64(2))": 0.0, "1-go_prob_(1, np.int64(0))": 0.18693390862999654, "1-go_prob_(1, np.int64(1))": 0.6263983345737113, "1-go_prob_(1, np.int64(2))": 0.1636224732135708}, "deviance": -3044.8408321192796, "AIC": 6115.681664238559}
{"model_name": "Priors-M3", "model": "PriorsM3", "fixed_parameters": {"num_agents": 2, "threshold": 0.5}, "free_parameters": {"inverse_temperature": 43.58913631636626, "0-go_prob_0": 0.3433817730001708, "0-go_prob_1": 0.6076725663292232, "0-go_prob_2": 0.48150688553961396, "0-go_prob_3": 0.6498991244918141, "1-go_prob_0": 0.476133053691432, "1-go_prob_1": 0.2786833585545732, "1-go_prob_2": 0.706232737807473, "1-go_prob_3": 0.5145244856807724}, "deviance": -3057.764232526348, "AIC": 6133.528465052696}
{"model_name": "WSLS-M1", "model": "WSLSM1", "fixed_parameters": {"num_agents": 2, "threshold": 0.5}, "free_parameters": {"inverse_temperature": 58.871912012584126, "wsls_strength": 0.004020248913574331, "heuristic_strength": 0.9767591490310596}, "deviance": -3182.848371829762, "AIC": 6371.696743659524}
{"model_name": "WSLS-M2", "model": "WSLSM2", "fixed_parameters": {"num_agents": 2, "threshold": 0.5}, "free_parameters": {"inverse_temperature": 1.5023437781379134, "wsls_strength": 0.5333291010836899, "heuristic_strength": 0.7134328271114048}, "deviance": -2918.998499666442, "AIC": 5843.996999332884}
{"model_name": "WSLS-M3", "model": "WSLSM3", "fixed_parameters": {"num_agents": 2, "threshold": 0.5}, "free_parameters": {"inverse_temperature": 1.5023437781379134, "wsls_strength": 0.5333291010836899, "heuristic_strength": 0.7134328271114048}, "deviance": -2918.998499666442, "AIC": 5843.996999332884}
{"model_name": "Payoff-M1", "model": "PayoffM1", "fixed_parameters": {"num_agents": 2, "threshold": 0.5}, "free_parameters": {"inverse_temperature": 1.3646165620311472, "learning_rate": 0.0}, "deviance": -3188.4770305757456, "AIC": 6380.954061151491}
{"model_name": "Payoff-M2", "model": "PayoffM2", "fixed_parameters": {"num_agents": 2, "threshold": 0.5}, "free_parameters": {"inverse_temperature": 6.357785316296009, "learning_rate": 0.03905478323288236}, "deviance": -2796.5286232879957, "AIC": 5597.0572465759915}
{"model_name": "Payoff-M3", "model": "PayoffM3", "fixed_parameters": {"num_agents": 2, "threshold": 0.5}, "free_parameters": {"inverse_temperature": 6.357785316296009, "learning_rate": 0.03905478323288236}, "deviance": -2796.5286232879957, "AIC": 5597.0572465759915}
{"model_name": "Attendance-M1", "model": "AttendanceM1", "fixed_parameters": {"num_agents": 2, "threshold": 0.5}, "free_parameters": {"inverse_temperature": 3.460451343671589, "learning_rate": 0.1698304195645689, "bias": 0.8781425034294131}, "deviance": -3083.6254872071513, "AIC": 6173.250974414303}
{"model_name": "Attendance-M2", "model": "AttendanceM2", "fixed_parameters": {"num_agents": 2, "threshold": 0.5}, "free_parameters": {"inverse_temperature": 5.191798325309241, "learning_rate": 0.26031509857854096, "bias": 0.8047545637433454}, "deviance": -2265.610548359215, "AIC": 4537.22109671843}
{"model_name": "Attendance-M3", "model": "AttendanceM3", "fixed_parameters": {"num_agents": 2, "threshold": 0.5}, "free_parameters": {"inverse_temperature": 5.191798325309241, "learning_rate": 0.26031509857854096, "bias": 0.8047545637433454}, "deviance": -2265.610548359215, "AIC": 4537.22109671843}
{"model_name": "AvailableSpace-M1", "model": "AvailableSpaceM1", "fixed_parameters": {"num_agents": 2, "threshold": 0.5}, "free_parameters": {"inverse_temperature": 2.252448431907122, "learning_rate": 0.026210986877719278, "bias": 0.028306488020794607}, "deviance": -3166.0432452457703, "AIC": 6338.086490491541}
{"model_name": "AvailableSpace-M2", "model": "AvailableSpaceM2", "fixed_parameters": {"num_agents": 2, "threshold": 0.5}, "free_parameters": {"inverse_temperature": 9.596679216623157, "learning_rate": 0.05991768951221166, "bias": 0.12134345574073735}, "deviance": -2594.5115350193346, "AIC": 5195.023070038669}
{"model_name": "AvailableSpace-M3", "model": "AvailableSpaceM3", "fixed_parameters": {"num_agents": 2, "threshold": 0.5}, "free_parameters": {"inverse_temperature": 9.596679216623157, "learning_rate": 0.05991768951221166, "bias": 0.12134345574073735}, "deviance": -2594.5115350193346, "AIC": 5195.023070038669}
{"model_name": "Fairness-M1", "model": "FairnessM1", "fixed_parameters": {"num_agents": 2, "threshold": 0.5}, "free_parameters": {"inverse_temperature": 4.773401725611194, "learning_rate": 0.0, "bias": 0.0}, "deviance": -3188.4770305757456, "AIC": 6382.954061151491}
{"model_name": "Fairness-M2", "model": "FairnessM2", "fixed_parameters": {"num_agents": 2, "threshold": 0.5}, "free_parameters": {"inverse_temperature": 3.806768348319989, "learning_rate": 0.1074941291060929, "bias": 0.002257093386078547}, "deviance": -2802.454080722541, "AIC": 5610.908161445082}
{"model_name": "Fairness-M3", "model": "FairnessM3", "fixed_parameters": {"num_agents": 2, "threshold": 0.5}, "free_parameters": {"inverse_temperature": 3.806768348319989, "learning_rate": 0.1074941291060929, "bias": 0.2257093386078547}, "deviance": -2845.748280437823, "AIC": 5697.496560875646}
{"model_name": "MFP-M1", "model": "MFPM1", "fixed_parameters": {"num_agents": 2, "threshold": 0.5}, "free_parameters": {"inverse_temperature": 3.6837344441043927, "belief_strength": 80.53878026028964}, "deviance": -3166.2911946420677, "AIC": 6336.582389284135}
{"model_name": "MFP-M2", "model": "MFPM2", "fixed_parameters": {"num_agents": 2, "threshold": 0.5}, "free_parameters": {"inverse_temperature": 9.844377131499728, "belief_strength": 20.612047419403}, "deviance": -2560.9837934867696, "AIC": 5125.967586973539}
{"model_name": "MFP-M3", "model": "MFPM3", "fixed_parameters": {"num_agents": 2, "threshold": 0.5}, "free_parameters": {"inverse_temperature": 9.844377131499728, "belief_strength": 20.612047419403}, "deviance": -2560.9837934867696, "AIC": 5125.967586973539}
{"model_name": "FRA", "model": "FocalRegionAgent", "fixed_parameters": {"num_agents": 2, "threshold": 0.5}, "free_parameters": {"inverse_temperature": 1.0, "len_history": 2.0, "max_regions": 6.403345920781902}, "deviance": -2716.550246457715, "AIC": 5439.10049291543}
{"model_name": "FRA+Payoff+Attendance", "model": "Titan", "fixed_parameters": {"num_agents": 2, "threshold": 0.5}, "free_parameters": {"inverse_temperature": 3.871924635666916, "bias": 0.7003112406431856, "learning_rate": 0.5392416719518817, "len_history": 1.4465769849601595, "max_regions": 4.123890922501882, "delta": 0.05049258147684683}, "deviance": -2356.3586467859277, "AIC": 4724.717293571855}
