{"model_name":"WSLS-M1","num_agents":3,"threshold":0.6666666667,"deviance":-1102.4840837577,"AIC":2210.9681675154,"free_parameters":{"inverse_temperature":1.4563573723,"wsls_strength":0.2425355577,"heuristic_strength":0.1685731466},"fixed_parameters":{"num_agents":3,"threshold":0.6666666667}}
{"model_name":"WSLS-M1","num_agents":3,"threshold":0.3333333333,"deviance":-1122.8984325071,"AIC":2251.7968650142,"free_parameters":{"inverse_temperature":58.2360770172,"wsls_strength":0.0,"heuristic_strength":1.0},"fixed_parameters":{"num_agents":3,"threshold":0.3333333333}}
{"model_name":"WSLS-M2","num_agents":3,"threshold":0.6666666667,"deviance":-1089.4788035837,"AIC":2184.9576071674,"free_parameters":{"inverse_temperature":2.2524484319,"wsls_strength":0.2621098688,"heuristic_strength":0.028306488},"fixed_parameters":{"num_agents":3,"threshold":0.6666666667}}
{"model_name":"WSLS-M2","num_agents":3,"threshold":0.3333333333,"deviance":-1122.8984325071,"AIC":2251.7968650142,"free_parameters":{"inverse_temperature":58.1179854535,"wsls_strength":0.0,"heuristic_strength":1.0},"fixed_parameters":{"num_agents":3,"threshold":0.3333333333}}
