{"model_name": "FRA+Payoff+Attendance", "model": "FRAplus", "fixed_parameters": {"num_agents": 2, "threshold": 0.5}, "free_parameters": {"inverse_temperature": 13.880491733085599, "bias": 0.8781174363909454, "learning_rate": 0.027387593197926163, "len_history": 2.3409350203568042, "c": 0.7086524011835635, "delta": 0.11173796568915034}, "deviance": -2308.387709759607, "AIC": 4628.775419519214}
