{"model_name": "Priors-M1", "model": "PriorsM1", "fixed_parameters": {"num_agents": 2, "threshold": 0.5}, "free_parameters": {"inverse_temperature": 41.15644356178236, "0-go_prob_0": 0.43800445566336466, "1-go_prob_0": 0.598400688016493}, "deviance": -3276.7291941784792, "AIC": 6559.4583883569585}
{"model_name": "Priors-M2", "model": "PriorsM2", "fixed_parameters": {"num_agents": 2, "threshold": 0.5}, "free_parameters": {"inverse_temperature": 48.43112050518811, "0-go_prob_(0, np.int64(0))": 0.8329612935350291, "0-go_prob_(0, np.int64(1))": 0.8941900814149681, "0-go_prob_(0, np.int64(2))": 0.6909165315639153, "0-go_prob_(1, np.int64(0))": 0.5501877243790104, "0-go_prob_(1, np.int64(1))": 0.23169067715462224, "0-go_prob_(1, np.int64(2))": 0.540030655128705, "1-go_prob_(0, np.int64(0))": 0.587007121779765, "1-go_prob_(0, np.int64(1))": 0.36746193105216585, "1-go_prob_(0, np.int64(2))": 0.7705520385416927, "1-go_prob_(1, np.int64(0))": 0.511972112102664, "1-go_prob_(1, np.int64(1))": 0.8086687605049525, "1-go_prob_(1, np.int64(2))": 0.22047965027563265}, "deviance": -3500.247653701409, "AIC": 7026.495307402818}
{"model_name": "Priors-M3", "model": "PriorsM3", "fixed_parameters": {"num_agents": 2, "threshold": 0.5}, "free_parameters": {"inverse_temperature": 32.27296175358639, "0-go_prob_0": 0.45174790069508214, "0-go_prob_1": 0.5151841648083784, "0-go_prob_2": 0.402716898732778, "0-go_prob_3": 0.42001792037111063, "1-go_prob_0": 0.6035588343363923, "1-go_prob_1": 0.2575018691803826, "1-go_prob_2": 0.6988106095898098, "1-go_prob_3": 0.5345712974960076}, "deviance": -3138.642482821121, "AIC": 6295.284965642242}
{"model_name": "WSLS-M1", "model": "WSLSM1", "fixed_parameters": {"num_agents": 2, "threshold": 0.5}, "free_parameters": {"inverse_temperature": 38.720998770201106, "wsls_strength": 0.0, "heuristic_strength": 1.0}, "deviance": -3188.4770305757456, "AIC": 6382.954061151491}
{"model_name": "WSLS-M2", "model": "WSLSM2", "fixed_parameters": {"num_agents": 2, "threshold": 0.5}, "free_parameters": {"inverse_temperature": 1.4472104856962396, "wsls_strength": 0.0, "heuristic_strength": 1.0}, "deviance": -3188.4770305757456, "AIC": 6382.954061151491}
{"model_name": "WSLS-M3", "model": "WSLSM3", "fixed_parameters": {"num_agents": 2, "threshold": 0.5}, "free_parameters": {"inverse_temperature": 1.4472104856962396, "wsls_strength": 0.0, "heuristic_strength": 1.0}, "deviance": -3188.4770305757456, "AIC": 6382.954061151491}
{"model_name": "Payoff-M1", "model": "PayoffM1", "fixed_parameters": {"num_agents": 2, "threshold": 0.5}, "free_parameters": {"inverse_temperature": 42.27553285360497, "learning_rate": 0.0}, "deviance": -3188.4770305757456, "AIC": 6380.954061151491}
{"model_name": "Payoff-M2", "model": "PayoffM2", "fixed_parameters": {"num_agents": 2, "threshold": 0.5}, "free_parameters": {"inverse_temperature": 1.812305867408788, "learning_rate": 0.4738922146134441}, "deviance": -2863.4207049494803, "AIC": 5730.841409898961}
{"model_name": "Payoff-M3", "model": "PayoffM3", "fixed_parameters": {"num_agents": 2, "threshold": 0.5}, "free_parameters": {"inverse_temperature": 1.812305867408788, "learning_rate": 0.4738922146134441}, "deviance": -2863.4207049494803, "AIC": 5730.841409898961}
{"model_name": "Attendance-M1", "model": "AttendanceM1", "fixed_parameters": {"num_agents": 2, "threshold": 0.5}, "free_parameters": {"inverse_temperature": 2.2920216764250982, "learning_rate": 0.9293546704315202, "bias": 1.0}, "deviance": -3132.5962761236415, "AIC": 6271.192552247283}
{"model_name": "Attendance-M2", "model": "AttendanceM2", "fixed_parameters": {"num_agents": 2, "threshold": 0.5}, "free_parameters": {"inverse_temperature": 10.101730164626296, "learning_rate": 0.1587063424394723, "bias": 0.6306669930566362}, "deviance": -2378.7993719527326, "AIC": 4763.598743905465}
{"model_name": "Attendance-M3", "model": "AttendanceM3", "fixed_parameters": {"num_agents": 2, "threshold": 0.5}, "free_parameters": {"inverse_temperature": 10.101730164626296, "learning_rate": 0.1587063424394723, "bias": 0.6306669930566362}, "deviance": -2378.7993719527326, "AIC": 4763.598743905465}
{"model_name": "AvailableSpace-M1", "model": "AvailableSpaceM1", "fixed_parameters": {"num_agents": 2, "threshold": 0.5}, "free_parameters": {"inverse_temperature": 3.173025764013354, "learning_rate": 0.0, "bias": 1.0}, "deviance": -3188.4770305757456, "AIC": 6382.954061151491}
{"model_name": "AvailableSpace-M2", "model": "AvailableSpaceM2", "fixed_parameters": {"num_agents": 2, "threshold": 0.5}, "free_parameters": {"inverse_temperature": 1.9983534447772249, "learning_rate": 1.0, "bias": 0.0}, "deviance": -2924.9997805427297, "AIC": 5855.999561085459}
{"model_name": "AvailableSpace-M3", "model": "AvailableSpaceM3", "fixed_parameters": {"num_agents": 2, "threshold": 0.5}, "free_parameters": {"inverse_temperature": 1.9983534447772249, "learning_rate": 1.0, "bias": 0.0}, "deviance": -2924.9997805427297, "AIC": 5855.999561085459}
{"model_name": "Fairness-M1", "model": "FairnessM1", "fixed_parameters": {"num_agents": 2, "threshold": 0.5}, "free_parameters": {"inverse_temperature": 9.941873935926306, "learning_rate": 0.0, "bias": 0.12548479732958515}, "deviance": -3188.4770305757456, "AIC": 6382.954061151491}
{"model_name": "Fairness-M2", "model": "FairnessM2", "fixed_parameters": {"num_agents": 2, "threshold": 0.5}, "free_parameters": {"inverse_temperature": 9.871570808926174, "learning_rate": 0.0, "bias": 0.0}, "deviance": -3188.4770305757456, "AIC": 6382.954061151491}
{"model_name": "Fairness-M3", "model": "FairnessM3", "fixed_parameters": {"num_agents": 2, "threshold": 0.5}, "free_parameters": {"inverse_temperature": 1.4757328870920046, "learning_rate": 0.7311198091579597, "bias": 0.22506148451266383}, "deviance": -2920.0641584692626, "AIC": 5846.128316938525}
{"model_name": "MFP-M1", "model": "MFPM1", "fixed_parameters": {"num_agents": 2, "threshold": 0.5}, "free_parameters": {"inverse_temperature": 4.737149345836001, "belief_strength": 100.0}, "deviance": -3166.1205157148343, "AIC": 6336.2410314296685}
{"model_name": "MFP-M2", "model": "MFPM2", "fixed_parameters": {"num_agents": 2, "threshold": 0.5}, "free_parameters": {"inverse_temperature": 27.409254407407573, "belief_strength": 68.83673053927919}, "deviance": -2563.3858543552255, "AIC": 5130.771708710451}
{"model_name": "MFP-M3", "model": "MFPM3", "fixed_parameters": {"num_agents": 2, "threshold": 0.5}, "free_parameters": {"inverse_temperature": 27.409254407407573, "belief_strength": 68.83673053927919}, "deviance": -2563.3858543552255, "AIC": 5130.771708710451}
{"model_name": "FRA", "model": "FocalRegionAgent", "fixed_parameters": {"num_agents": 2, "threshold": 0.5}, "free_parameters": {"inverse_temperature": 1.0, "len_history": 2.0, "max_regions": 5.962948361835496}, "deviance": -2875.51008473207, "AIC": 5757.02016946414}
{"model_name": "FRA+Payoff+Attendance", "model": "Titan", "fixed_parameters": {"num_agents": 2, "threshold": 0.5}, "free_parameters": {"inverse_temperature": 55.46199207915088, "bias": 0.6339556411797106, "learning_rate": 0.008171747655530526, "len_history": 1.2165937548253885, "max_regions": 2.120556077471169, "delta": 0.006445347468755036}, "deviance": -2298.0826120602683, "AIC": 4608.165224120537}
