{"model_name":"Random","deviance":-21747.5367951076,"AIC":43499.0735902153,"free_parameters":{"inverse_temperature":36.7197281893,"go_prob":0.5794743294},"fixed_parameters":{}}
{"model_name":"WSLS-M1","deviance":-21891.9248283243,"AIC":43789.8496566486,"free_parameters":{"inverse_temperature":2.2524484319,"wsls_strength":0.2621098688,"heuristic_strength":0.028306488},"fixed_parameters":{}}
{"model_name":"WSLS-M2","deviance":-21608.5613958628,"AIC":43223.1227917255,"free_parameters":{"inverse_temperature":1.4075831136,"wsls_strength":0.3538167688,"heuristic_strength":0.0715206621},"fixed_parameters":{}}
{"model_name":"WSLS-M3","deviance":-21647.6608107522,"AIC":43301.3216215044,"free_parameters":{"inverse_temperature":2.2524484319,"wsls_strength":0.2621098688,"heuristic_strength":0.028306488},"fixed_parameters":{}}
{"model_name":"Payoff-M1","deviance":-21531.9519685331,"AIC":43067.9039370661,"free_parameters":{"inverse_temperature":2.2524484319,"learning_rate":0.0262109869},"fixed_parameters":{}}
{"model_name":"Payoff-M2","deviance":-21049.810865509,"AIC":42103.621731018,"free_parameters":{"inverse_temperature":6.3577853163,"learning_rate":0.0390547832},"fixed_parameters":{}}
{"model_name":"Payoff-M3","deviance":-21131.0599639413,"AIC":42266.1199278825,"free_parameters":{"inverse_temperature":5.94442705,"learning_rate":0.0500317899},"fixed_parameters":{}}
{"model_name":"Attendance-M1","deviance":-19915.7922093435,"AIC":39837.5844186869,"free_parameters":{"inverse_temperature":3.372647108,"learning_rate":0.1244192185,"bias":0.8393996617},"fixed_parameters":{}}
{"model_name":"Attendance-M2","deviance":-18979.5416259116,"AIC":37965.0832518231,"free_parameters":{"inverse_temperature":5.3035335618,"learning_rate":0.1818562875,"bias":0.8156616184},"fixed_parameters":{}}
{"model_name":"Attendance-M3","deviance":-19641.4192447254,"AIC":39288.8384894508,"free_parameters":{"inverse_temperature":6.1242243984,"learning_rate":0.1877021598,"bias":0.7845314868},"fixed_parameters":{}}
{"model_name":"AvailableSpace-M1","deviance":-21606.8126233148,"AIC":43219.6252466296,"free_parameters":{"inverse_temperature":62.708638945,"learning_rate":0.0005057007,"bias":0.5833993308},"fixed_parameters":{}}
{"model_name":"AvailableSpace-M2","deviance":-20800.2011850519,"AIC":41606.4023701037,"free_parameters":{"inverse_temperature":64.0,"learning_rate":0.0030587637,"bias":0.2246768681},"fixed_parameters":{}}
{"model_name":"AvailableSpace-M3","deviance":-20765.8103549497,"AIC":41537.6207098994,"free_parameters":{"inverse_temperature":64.0,"learning_rate":0.0048077387,"bias":0.5608067767},"fixed_parameters":{}}
{"model_name":"Fairness-M1","deviance":-21481.4763047018,"AIC":42968.9526094035,"free_parameters":{"inverse_temperature":5.1727741561,"learning_rate":0.0146442014,"bias":0.0},"fixed_parameters":{}}
{"model_name":"Fairness-M2","deviance":-21043.2976540151,"AIC":42092.5953080302,"free_parameters":{"inverse_temperature":64.0,"learning_rate":0.0034143499,"bias":0.0},"fixed_parameters":{}}
{"model_name":"Fairness-M3","deviance":-21306.688259232,"AIC":42619.3765184639,"free_parameters":{"inverse_temperature":3.8067683483,"learning_rate":0.1074941291,"bias":0.2257093386},"fixed_parameters":{}}
{"model_name":"MFP-M1","deviance":-21271.9103959371,"AIC":42547.8207918742,"free_parameters":{"inverse_temperature":1.3008644171,"belief_strength":2.3721238259},"fixed_parameters":{}}
{"model_name":"MFP-M2","deviance":-20613.8457050703,"AIC":41231.6914101406,"free_parameters":{"inverse_temperature":13.843996085,"belief_strength":34.0374561112},"fixed_parameters":{}}
{"model_name":"MFP-M3","deviance":-20704.280203075,"AIC":41412.5604061499,"free_parameters":{"inverse_temperature":7.7725583528,"belief_strength":14.008406776},"fixed_parameters":{}}
{"model_name":"FRA","deviance":-21021.7831347377,"AIC":42049.5662694754,"free_parameters":{"inverse_temperature":1.7289257426,"len_history":4.0,"c":0.5},"fixed_parameters":{}}
{"model_name":"FRA+Payoff+Attendance","deviance":-18804.4576475927,"AIC":37620.9152951854,"free_parameters":{"inverse_temperature":5.7047845439,"bias":0.8298543904,"learning_rate":0.189233471,"len_history":3.74006262,"c":0.5,"delta":0.1627092739},"fixed_parameters":{}}
