{"model_name": "FRA+Payoff+Attendance", "FRA+Payoff+Attendance_N=12_mu=0.5": {"model": "FRAplus", "fixed_parameters": {"num_agents": 12, "threshold": 0.5}, "free_parameters": {"inverse_temperature": 46.58982693468059, "bias": 1.0, "learning_rate": 0.01794836486670841, "len_history": 11.4004321796847, "c": 0.9929217529003129, "delta": 0.007697862590259219}, "deviance": -456.1252810374153, "AIC": 924.2505620748306}, "FRA+Payoff+Attendance_N=12_mu=0.25": {"model": "FRAplus", "fixed_parameters": {"num_agents": 12, "threshold": 0.25}, "free_parameters": {"inverse_temperature": 25.7313095528856, "bias": 0.6004454992926752, "learning_rate": 0.04504742162388555, "len_history": 1.9132464145123742, "c": 0.5396877478646276, "delta": 0.06226274172105201}, "deviance": -489.3877591848506, "AIC": 990.7755183697012}, "FRA+Payoff+Attendance_N=12_mu=0.75": {"model": "FRAplus", "fixed_parameters": {"num_agents": 12, "threshold": 0.75}, "free_parameters": {"inverse_temperature": 4.296031467796893, "bias": 0.7142012134313895, "learning_rate": 0.4237951907741887, "len_history": 10.369509201451349, "c": 0.6134739238573025, "delta": 0.15355543605151187}, "deviance": -380.76162263074974, "AIC": 773.5232452614995}}
