{"model_name": "Priors-M1", "model": "PriorsM1", "fixed_parameters": {"num_agents": 2, "threshold": 0.5}, "free_parameters": {"0-go_prob_0": 0.6289963455872346, "1-go_prob_0": 0.5267130982860927, "inverse_temperature": 44.273359485951495}, "deviance": -3136.6019686739346, "AIC": 6279.203937347869}
{"model_name": "Priors-M2", "model": "PriorsM2", "fixed_parameters": {"num_agents": 2, "threshold": 0.5}, "free_parameters": {"0-go_prob_(0, 0)": 0.417022004702574, "0-go_prob_(0, 1)": 0.7203244934421581, "0-go_prob_(0, 2)": 0.00011437481734488664, "0-go_prob_(1, 0)": 0.30233257263183977, "0-go_prob_(1, 1)": 0.14675589081711304, "0-go_prob_(1, 2)": 0.0923385947687978, "1-go_prob_(0, 0)": 0.1862602113776709, "1-go_prob_(0, 1)": 0.34556072704304774, "1-go_prob_(0, 2)": 0.39676747423066994, "1-go_prob_(1, 0)": 0.538816734003357, "1-go_prob_(1, 1)": 0.4191945144032948, "1-go_prob_(1, 2)": 0.6852195003967595, "inverse_temperature": 13.880491733085599}, "deviance": -3700.9472899158413, "AIC": 7427.894579831683}
{"model_name": "Priors-M3", "model": "PriorsM3", "fixed_parameters": {"num_agents": 2, "threshold": 0.5}, "free_parameters": {"0-go_prob_0": 0.2320960424462014, "0-go_prob_1": 0.5541342328742921, "0-go_prob_2": 0.40790386915265314, "0-go_prob_3": 0.4856751448418186, "1-go_prob_0": 0.7007447423138994, "1-go_prob_1": 0.2817851079314093, "1-go_prob_2": 0.5808205247969241, "1-go_prob_3": 0.6056959277411, "inverse_temperature": 36.12027803691674}, "deviance": -3138.8222133138124, "AIC": 6295.644426627625}
{"model_name": "WSLS-M1", "model": "WSLSM1", "fixed_parameters": {"num_agents": 2, "threshold": 0.5}, "free_parameters": {"heuristic_strength": 0.417022004702574, "inverse_temperature": 46.38044308685596, "wsls_strength": 0.0011437481734488664}, "deviance": -3182.472124704105, "AIC": 6370.94424940821}
{"model_name": "WSLS-M2", "model": "WSLSM2", "fixed_parameters": {"num_agents": 2, "threshold": 0.5}, "free_parameters": {"heuristic_strength": 0.417022004702574, "inverse_temperature": 46.38044308685596, "wsls_strength": 0.0011437481734488664}, "deviance": -3154.68369652486, "AIC": 6315.36739304972}
{"model_name": "WSLS-M3", "model": "WSLSM3", "fixed_parameters": {"num_agents": 2, "threshold": 0.5}, "free_parameters": {"heuristic_strength": 0.417022004702574, "inverse_temperature": 46.38044308685596, "wsls_strength": 0.0011437481734488664}, "deviance": -3154.68369652486, "AIC": 6315.36739304972}
{"model_name": "Payoff-M1", "model": "PayoffM1", "fixed_parameters": {"num_agents": 2, "threshold": 0.5}, "free_parameters": {"inverse_temperature": 2.347750222668637, "learning_rate": 0.0}, "deviance": -3188.4770305757456, "AIC": 6380.954061151491}
{"model_name": "Payoff-M2", "model": "PayoffM2", "fixed_parameters": {"num_agents": 2, "threshold": 0.5}, "free_parameters": {"inverse_temperature": 1.0072056134927279, "learning_rate": 0.30233257263183977}, "deviance": -2867.5579060443256, "AIC": 5739.115812088651}
{"model_name": "Payoff-M3", "model": "PayoffM3", "fixed_parameters": {"num_agents": 2, "threshold": 0.5}, "free_parameters": {"inverse_temperature": 1.0072056134927279, "learning_rate": 0.30233257263183977}, "deviance": -2867.5579060443256, "AIC": 5739.115812088651}
{"model_name": "Attendance-M1", "model": "AttendanceM1", "fixed_parameters": {"num_agents": 2, "threshold": 0.5}, "free_parameters": {"bias": 1.0, "inverse_temperature": 1.0, "learning_rate": 1.0}, "deviance": -3135.2535608629214, "AIC": 6276.507121725843}
{"model_name": "Attendance-M2", "model": "AttendanceM2", "fixed_parameters": {"num_agents": 2, "threshold": 0.5}, "free_parameters": {"bias": 1.0, "inverse_temperature": 1.0, "learning_rate": 1.0}, "deviance": -3135.2535608629214, "AIC": 6276.507121725843}
{"model_name": "Attendance-M3", "model": "AttendanceM3", "fixed_parameters": {"num_agents": 2, "threshold": 0.5}, "free_parameters": {"bias": 1.0, "inverse_temperature": 1.0, "learning_rate": 1.0}, "deviance": -3135.2535608629214, "AIC": 6276.507121725843}
{"model_name": "AvailableSpace-M1", "model": "AvailableSpaceM1", "fixed_parameters": {"num_agents": 2, "threshold": 0.5}, "free_parameters": {"bias": 0.417022004702574, "inverse_temperature": 46.38044308685596, "learning_rate": 0.00011437481734488664}, "deviance": -3182.74586875325, "AIC": 6371.4917375065}
{"model_name": "AvailableSpace-M2", "model": "AvailableSpaceM2", "fixed_parameters": {"num_agents": 2, "threshold": 0.5}, "free_parameters": {"bias": 0.417022004702574, "inverse_temperature": 46.38044308685596, "learning_rate": 0.00011437481734488664}, "deviance": -3182.74586875325, "AIC": 6371.4917375065}
{"model_name": "AvailableSpace-M3", "model": "AvailableSpaceM3", "fixed_parameters": {"num_agents": 2, "threshold": 0.5}, "free_parameters": {"bias": 0.417022004702574, "inverse_temperature": 46.38044308685596, "learning_rate": 0.00011437481734488664}, "deviance": -3182.74586875325, "AIC": 6371.4917375065}
{"model_name": "Fairness-M1", "model": "FairnessM1", "fixed_parameters": {"num_agents": 2, "threshold": 0.5}, "free_parameters": {"bias": 0.38668948756880306, "inverse_temperature": 56.06357281101117, "learning_rate": 0.0}, "deviance": -3188.4770305757456, "AIC": 6382.954061151491}
{"model_name": "Fairness-M2", "model": "FairnessM2", "fixed_parameters": {"num_agents": 2, "threshold": 0.5}, "free_parameters": {"bias": 0.38668948756880306, "inverse_temperature": 56.06357281101117, "learning_rate": 0.0}, "deviance": -3188.4770305757456, "AIC": 6382.954061151491}
{"model_name": "Fairness-M3", "model": "FairnessM3", "fixed_parameters": {"num_agents": 2, "threshold": 0.5}, "free_parameters": {"bias": 0.38668948756880306, "inverse_temperature": 56.06357281101117, "learning_rate": 0.0}, "deviance": -3188.4770305757456, "AIC": 6382.954061151491}
{"model_name": "MFP-M1", "model": "MFPM1", "fixed_parameters": {"num_agents": 2, "threshold": 0.5}, "free_parameters": {"belief_strength": 6.8640326237408305, "inverse_temperature": 1.0}, "deviance": -3085.2574698306726, "AIC": 6174.514939661345}
{"model_name": "MFP-M2", "model": "MFPM2", "fixed_parameters": {"num_agents": 2, "threshold": 0.5}, "free_parameters": {"belief_strength": 21.814745846874196, "inverse_temperature": 1.0}, "deviance": -3556.2568997414, "AIC": 7116.5137994828}
{"model_name": "MFP-M3", "model": "MFPM3", "fixed_parameters": {"num_agents": 2, "threshold": 0.5}, "free_parameters": {"belief_strength": 10.185519797172935, "inverse_temperature": 1.0}, "deviance": -3294.386055125752, "AIC": 6592.772110251504}
