{"model_name": "Priors-M1", "model": "PriorsM1", "fixed_parameters": {"num_agents": 2, "threshold": 0.5}, "free_parameters": {"0-go_prob_0": 0.6289963455872346, "1-go_prob_0": 0.5267130982860927, "inverse_temperature": 44.273359485951495}, "deviance": -3136.6019686739346, "AIC": 6279.203937347869}
{"model_name": "WSLS-M1", "model": "WSLSM1", "fixed_parameters": {"num_agents": 2, "threshold": 0.5}, "free_parameters": {"heuristic_strength": 0.417022004702574, "inverse_temperature": 46.38044308685596, "wsls_strength": 0.0011437481734488664}, "deviance": -3182.472124704105, "AIC": 6370.94424940821}
{"model_name": "Payoff-M1", "model": "PayoffM1", "fixed_parameters": {"num_agents": 2, "threshold": 0.5}, "free_parameters": {"inverse_temperature": 2.3477501041321993, "learning_rate": 0.0}, "deviance": -3188.4770305757456, "AIC": 6380.954061151491}
{"model_name": "Attendance-M1", "model": "AttendanceM1", "fixed_parameters": {"num_agents": 2, "threshold": 0.5}, "free_parameters": {"bias": 1.0, "inverse_temperature": 1.0, "learning_rate": 1.0}, "deviance": -3135.2535608629214, "AIC": 6276.507121725843}
{"model_name": "AvailableSpace-M1", "model": "AvailableSpaceM1", "fixed_parameters": {"num_agents": 2, "threshold": 0.5}, "free_parameters": {"bias": 0.417022004702574, "inverse_temperature": 46.38044308685596, "learning_rate": 0.00011437481734488664}, "deviance": -3182.74586875325, "AIC": 6371.4917375065}
{"model_name": "Fairness-M1", "model": "FairnessM1", "fixed_parameters": {"num_agents": 2, "threshold": 0.5}, "free_parameters": {"bias": 0.3866675809509805, "inverse_temperature": 56.063576861464384, "learning_rate": 0.0}, "deviance": -3188.4770305757456, "AIC": 6382.954061151491}
{"model_name": "MFP-M1", "model": "MFPM1", "fixed_parameters": {"num_agents": 2, "threshold": 0.5}, "free_parameters": {"belief_strength": 27.3454931166904, "inverse_temperature": 1.0}, "deviance": -3170.9033211994406, "AIC": 6345.806642398881}
