{"model_name": "Priors-M1", "model": "PriorsM1", "fixed_parameters": {"num_agents": 2, "threshold": 0.5}, "free_parameters": {"inverse_temperature": 53.33231403269745, "0-go_prob_0": 0.6042589205026635, "1-go_prob_0": 0.5359364079056994}, "deviance": -3133.287161208662, "AIC": 6272.574322417324}
{"model_name": "Priors-M2", "model": "PriorsM2", "fixed_parameters": {"num_agents": 2, "threshold": 0.5}, "free_parameters": {"inverse_temperature": 45.80810604940433, "0-go_prob_(0, np.int64(0))": 0.6060582321321432, "0-go_prob_(0, np.int64(1))": 0.7595342922727183, "0-go_prob_(0, np.int64(2))": 0.5433276898417831, "0-go_prob_(1, np.int64(0))": 0.45794460011954846, "0-go_prob_(1, np.int64(1))": 0.6409265325057663, "0-go_prob_(1, np.int64(2))": 0.4596474061170266, "1-go_prob_(0, np.int64(0))": 0.5959594371929247, "1-go_prob_(0, np.int64(1))": 0.6471968427782888, "1-go_prob_(0, np.int64(2))": 0.060116389275215454, "1-go_prob_(1, np.int64(0))": 0.32551519037872684, "1-go_prob_(1, np.int64(1))": 0.6061764857410447, "1-go_prob_(1, np.int64(2))": 0.398482550612995}, "deviance": -2968.077088920358, "AIC": 5962.154177840716}
{"model_name": "Priors-M3", "model": "PriorsM3", "fixed_parameters": {"num_agents": 2, "threshold": 0.5}, "free_parameters": {"inverse_temperature": 34.35646906770931, "0-go_prob_0": 0.606067327974853, "0-go_prob_1": 0.7595288485258698, "0-go_prob_2": 0.4579820154116364, "0-go_prob_3": 0.640941853512908, "1-go_prob_0": 0.5959513021245428, "1-go_prob_1": 0.32551249686599437, "1-go_prob_2": 0.6471922064807776, "1-go_prob_3": 0.6061903327583219}, "deviance": -2968.0770919095385, "AIC": 5954.154183819077}
{"model_name": "WSLS-M1", "model": "WSLSM1", "fixed_parameters": {"num_agents": 2, "threshold": 0.5}, "free_parameters": {"inverse_temperature": 15.12756806490744, "wsls_strength": 7.367160637273495, "heuristic_strength": 0.1724491224914565}, "deviance": -14313.01212878738, "AIC": 28632.02425757476}
{"model_name": "WSLS-M2", "model": "WSLSM2", "fixed_parameters": {"num_agents": 2, "threshold": 0.5}, "free_parameters": {"inverse_temperature": 40.60505482235053, "wsls_strength": 6.863639962224718, "heuristic_strength": 0.3784437114032071}, "deviance": -8643.640433240813, "AIC": 17293.280866481626}
{"model_name": "WSLS-M3", "model": "WSLSM3", "fixed_parameters": {"num_agents": 2, "threshold": 0.5}, "free_parameters": {"inverse_temperature": 27.975958104415614, "wsls_strength": 2.0974288708718625, "heuristic_strength": 0.6184076427359615}, "deviance": -8408.810770766762, "AIC": 16823.621541533525}
{"model_name": "Payoff-M1", "model": "PayoffM1", "fixed_parameters": {"num_agents": 2, "threshold": 0.5}, "free_parameters": {"inverse_temperature": 1.0, "learning_rate": 0.022615696943573335}, "deviance": -3177.2725164549183, "AIC": 6358.545032909837}
{"model_name": "Payoff-M2", "model": "PayoffM2", "fixed_parameters": {"num_agents": 2, "threshold": 0.5}, "free_parameters": {"inverse_temperature": 3.4312578014021584, "learning_rate": 0.09589562193849896}, "deviance": -2791.7813862329513, "AIC": 5587.5627724659025}
{"model_name": "Payoff-M3", "model": "PayoffM3", "fixed_parameters": {"num_agents": 2, "threshold": 0.5}, "free_parameters": {"inverse_temperature": 3.431343490616879, "learning_rate": 0.09589257551263693}, "deviance": -2791.78138621366, "AIC": 5587.56277242732}
{"model_name": "Attendance-M1", "model": "AttendanceM1", "fixed_parameters": {"num_agents": 2, "threshold": 0.5}, "free_parameters": {"inverse_temperature": 37.966428231565985, "learning_rate": 0.001649427977620364, "bias": 0.8903351693857957}, "deviance": -3098.2397825817834, "AIC": 6202.479565163567}
{"model_name": "Attendance-M2", "model": "AttendanceM2", "fixed_parameters": {"num_agents": 2, "threshold": 0.5}, "free_parameters": {"inverse_temperature": 6.154075127629708, "learning_rate": 0.2003712212378033, "bias": 0.7566574820598492}, "deviance": -2253.439180435182, "AIC": 4512.878360870364}
{"model_name": "Attendance-M3", "model": "AttendanceM3", "fixed_parameters": {"num_agents": 2, "threshold": 0.5}, "free_parameters": {"inverse_temperature": 6.1540189587862795, "learning_rate": 0.2003748091791069, "bias": 0.7566586183158729}, "deviance": -2253.4391804153793, "AIC": 4512.8783608307585}
{"model_name": "AvailableSpace-M1", "model": "AvailableSpaceM1", "fixed_parameters": {"num_agents": 2, "threshold": 0.5}, "free_parameters": {"inverse_temperature": 1.0, "learning_rate": 0.07944543263689242, "bias": 0.10612965069577762}, "deviance": -3164.892887831008, "AIC": 6335.785775662016}
{"model_name": "AvailableSpace-M2", "model": "AvailableSpaceM2", "fixed_parameters": {"num_agents": 2, "threshold": 0.5}, "free_parameters": {"inverse_temperature": 60.18738318253124, "learning_rate": 0.006214491461982652, "bias": 0.005877441964784569}, "deviance": -2566.260543795413, "AIC": 5138.521087590826}
{"model_name": "AvailableSpace-M3", "model": "AvailableSpaceM3", "fixed_parameters": {"num_agents": 2, "threshold": 0.5}, "free_parameters": {"inverse_temperature": 64.0, "learning_rate": 0.005835450958186126, "bias": 0.12411899755456801}, "deviance": -2566.2546609376836, "AIC": 5138.509321875367}
{"model_name": "Fairness-M1", "model": "FairnessM1", "fixed_parameters": {"num_agents": 2, "threshold": 0.5}, "free_parameters": {"inverse_temperature": 21.859192882891765, "learning_rate": 0.000812982479416301, "bias": 0.0}, "deviance": -3177.8376845760095, "AIC": 6361.675369152019}
{"model_name": "Fairness-M2", "model": "FairnessM2", "fixed_parameters": {"num_agents": 2, "threshold": 0.5}, "free_parameters": {"inverse_temperature": 3.4313880390554004, "learning_rate": 0.09589119550358813, "bias": 0.0}, "deviance": -2791.781386210044, "AIC": 5589.562772420088}
{"model_name": "Fairness-M3", "model": "FairnessM3", "fixed_parameters": {"num_agents": 2, "threshold": 0.5}, "free_parameters": {"inverse_temperature": 3.4313434570200734, "learning_rate": 0.09589296996716583, "bias": 0.0}, "deviance": -2791.7813862113762, "AIC": 5589.5627724227525}
{"model_name": "MFP-M1", "model": "MFPM1", "fixed_parameters": {"num_agents": 2, "threshold": 0.5}, "free_parameters": {"inverse_temperature": 4.623195759603215, "belief_strength": 100.0}, "deviance": -3166.107320670179, "AIC": 6336.214641340358}
{"model_name": "MFP-M2", "model": "MFPM2", "fixed_parameters": {"num_agents": 2, "threshold": 0.5}, "free_parameters": {"inverse_temperature": 8.91678022621312, "belief_strength": 17.994793739837412}, "deviance": -2560.9245087561576, "AIC": 5125.849017512315}
{"model_name": "MFP-M3", "model": "MFPM3", "fixed_parameters": {"num_agents": 2, "threshold": 0.5}, "free_parameters": {"inverse_temperature": 8.914657667250005, "belief_strength": 17.989301758092314}, "deviance": -2560.9245087557942, "AIC": 5125.8490175115885}
{"model_name": "FRA", "model": "FocalRegionAgent", "fixed_parameters": {"num_agents": 2, "threshold": 0.5}, "free_parameters": {"inverse_temperature": 33.14400709032502, "len_history": 1.4547980358813535, "max_regions": 7.563006050860915}, "deviance": -12334.676282995142, "AIC": 24675.352565990284}
{"model_name": "FRA+Payoff+Attendance", "model": "Titan", "fixed_parameters": {"num_agents": 2, "threshold": 0.5}, "free_parameters": {"inverse_temperature": 6.384406874376479, "bias": 0.7478188179755044, "learning_rate": 0.19868973304759827, "len_history": 1.5572036577330528, "max_regions": 6.65066340187353, "delta": 0.0542656700011616}, "deviance": -2223.0433424907865, "AIC": 4458.086684981573}
