{"model_name": "WSLS-M2", "WSLS-M2_N=3_mu=0.6666666666666666": {"model": "WSLSM2", "fixed_parameters": {"num_agents": 3, "threshold": 0.6666666666666666}, "free_parameters": {"inverse_temperature": 6.325977217774903, "wsls_strength": 1.170112101352312, "heuristic_strength": 0.6283120880875657}, "deviance": -3821.571123959583, "AIC": 7649.142247919166}, "WSLS-M2_N=3_mu=0.3333333333333333": {"model": "WSLSM2", "fixed_parameters": {"num_agents": 3, "threshold": 0.3333333333333333}, "free_parameters": {"inverse_temperature": 1.9802047951962227, "wsls_strength": 4.222684892287479, "heuristic_strength": 0.015826549111873534}, "deviance": -3944.655536850956, "AIC": 7895.311073701912}}
