{"model_name": "Priors-M2", "model": "PriorsM2", "fixed_parameters": {"num_agents": 2, "threshold": 0.5}, "free_parameters": {"0-go_prob_(0, 0)": 0.5214780518046453, "0-go_prob_(0, 1)": 0.6637816419176504, "0-go_prob_(0, 2)": 0.32364490444582894, "0-go_prob_(1, 0)": 0.39039234012389207, "0-go_prob_(1, 1)": 0.37461525562718556, "0-go_prob_(1, 2)": 0.0, "1-go_prob_(0, 0)": 0.4548084125224401, "1-go_prob_(0, 1)": 0.46248359384726256, "1-go_prob_(0, 2)": 0.7190116737888632, "1-go_prob_(1, 0)": 0.5515298106421195, "1-go_prob_(1, 1)": 0.5679982294876943, "1-go_prob_(1, 2)": 0.6599040634787497, "inverse_temperature": 12.882682580232142}, "deviance": -3208.086616684344, "AIC": 6442.173233368688}
{"model_name": "WSLS-M2", "model": "WSLSM2", "fixed_parameters": {"num_agents": 2, "threshold": 0.5}, "free_parameters": {"heuristic_strength": 0.417022004702574, "inverse_temperature": 46.38044308685596, "wsls_strength": 0.0011437481734488664}, "deviance": -3154.68369652486, "AIC": 6315.36739304972}
{"model_name": "Payoff-M2", "model": "PayoffM2", "fixed_parameters": {"num_agents": 2, "threshold": 0.5}, "free_parameters": {"inverse_temperature": 1.0072056134927279, "learning_rate": 0.30233257263183977}, "deviance": -2867.5579060443256, "AIC": 5739.115812088651}
{"model_name": "Attendance-M2", "model": "AttendanceM2", "fixed_parameters": {"num_agents": 2, "threshold": 0.5}, "free_parameters": {"bias": 0.6582749870298514, "inverse_temperature": 10.222250020841022, "learning_rate": 0.1354073450492864}, "deviance": -2333.3214328364115, "AIC": 4672.642865672823}
{"model_name": "AvailableSpace-M2", "model": "AvailableSpaceM2", "fixed_parameters": {"num_agents": 2, "threshold": 0.5}, "free_parameters": {"bias": 0.30233257263183977, "inverse_temperature": 10.245621121478122, "learning_rate": 0.0923385947687978}, "deviance": -2785.2688307393482, "AIC": 5576.5376614786965}
{"model_name": "MFP-M2", "model": "MFPM2", "fixed_parameters": {"num_agents": 2, "threshold": 0.5}, "free_parameters": {"belief_strength": 30.473736274856016, "inverse_temperature": 14.633115410695208}, "deviance": -2563.97795868349, "AIC": 5131.95591736698}
{"model_name": "Fairness-M2", "model": "FairnessM2", "fixed_parameters": {"num_agents": 2, "threshold": 0.5}, "free_parameters": {"bias": 0.1826986574245296, "inverse_temperature": 48.79424273649215, "learning_rate": 0.006740086022223992}, "deviance": -2859.577143586519, "AIC": 5725.154287173038}
