{"model_name": "Priors-M1", "model": "PriorsM1", "fixed_parameters": {"num_agents": 6, "threshold": 0.5}, "free_parameters": {"inverse_temperature": 15.112142163065583, "0-go_prob_0": 0.4333334601239674, "1-go_prob_0": 0.6000000761248901, "2-go_prob_0": 0.6166667626553995, "3-go_prob_0": 0.48333366682615925, "4-go_prob_0": 0.5166668165087477, "5-go_prob_0": 0.49999992280472777}, "deviance": -508.78505915437387, "AIC": 1031.5701183087476}
{"model_name": "Priors-M2", "model": "PriorsM2", "fixed_parameters": {"num_agents": 6, "threshold": 0.5}, "free_parameters": {"inverse_temperature": 45.14235136364864, "0-go_prob_(0, np.int64(0))": 1.0, "0-go_prob_(0, np.int64(1))": 0.24999484464910163, "0-go_prob_(0, np.int64(2))": 0.2727550532708321, "0-go_prob_(0, np.int64(3))": 0.4999970542152438, "0-go_prob_(0, np.int64(4))": 0.2857161179975653, "0-go_prob_(0, np.int64(5))": 0.33333391111268107, "0-go_prob_(0, np.int64(6))": 0.9249053199779228, "0-go_prob_(1, np.int64(0))": 0.7949023992267319, "0-go_prob_(1, np.int64(1))": 0.0, "0-go_prob_(1, np.int64(2))": 0.39999600494246085, "0-go_prob_(1, np.int64(3))": 0.4999995900466056, "0-go_prob_(1, np.int64(4))": 1.0, "0-go_prob_(1, np.int64(5))": 1.0, "0-go_prob_(1, np.int64(6))": 0.7041199861142996, "1-go_prob_(0, np.int64(0))": 0.0, "1-go_prob_(0, np.int64(1))": 0.49995437212078225, "1-go_prob_(0, np.int64(2))": 0.44444809873181007, "1-go_prob_(0, np.int64(3))": 0.2857083058906411, "1-go_prob_(0, np.int64(4))": 0.1999996136916305, "1-go_prob_(0, np.int64(5))": 0.5968858381516762, "1-go_prob_(0, np.int64(6))": 0.5349044382291992, "1-go_prob_(1, np.int64(0))": 1.0, "1-go_prob_(1, np.int64(1))": 1.0, "1-go_prob_(1, np.int64(2))": 0.7272590271728057, "1-go_prob_(1, np.int64(3))": 0.5999970412510026, "1-go_prob_(1, np.int64(4))": 0.8749929695708472, "1-go_prob_(1, np.int64(5))": 1.0, "1-go_prob_(1, np.int64(6))": 0.683274944383742, "2-go_prob_(0, np.int64(0))": 0.0, "2-go_prob_(0, np.int64(1))": 0.24999405142184022, "2-go_prob_(0, np.int64(2))": 0.6000049668655447, "2-go_prob_(0, np.int64(3))": 1.0, "2-go_prob_(0, np.int64(4))": 0.666676961742895, "2-go_prob_(0, np.int64(5))": 0.0336862343771106, "2-go_prob_(0, np.int64(6))": 0.3511855473224126, "2-go_prob_(1, np.int64(0))": 0.7351605509567838, "2-go_prob_(1, np.int64(1))": 0.5000039490742038, "2-go_prob_(1, np.int64(2))": 0.499996270610763, "2-go_prob_(1, np.int64(3))": 0.6666864782191717, "2-go_prob_(1, np.int64(4))": 0.6250047383238038, "2-go_prob_(1, np.int64(5))": 1.0, "2-go_prob_(1, np.int64(6))": 0.30139721373412887, "3-go_prob_(0, np.int64(0))": 0.0, "3-go_prob_(0, np.int64(1))": 0.49998516532751447, "3-go_prob_(0, np.int64(2))": 0.6666692152816858, "3-go_prob_(0, np.int64(3))": 0.4545474127835302, "3-go_prob_(0, np.int64(4))": 0.6000110645982211, "3-go_prob_(0, np.int64(5))": 1.0, "3-go_prob_(0, np.int64(6))": 0.41561238216761764, "3-go_prob_(1, np.int64(0))": 0.5406387831497178, "3-go_prob_(1, np.int64(1))": 0.49998372257112, "3-go_prob_(1, np.int64(2))": 0.42857152211953514, "3-go_prob_(1, np.int64(3))": 0.39999606359955514, "3-go_prob_(1, np.int64(4))": 0.16666771999915023, "3-go_prob_(1, np.int64(5))": 1.0, "3-go_prob_(1, np.int64(6))": 0.5951515638486954, "4-go_prob_(0, np.int64(0))": 0.0, "4-go_prob_(0, np.int64(1))": 0.6666651745632177, "4-go_prob_(0, np.int64(2))": 0.7777680177886229, "4-go_prob_(0, np.int64(3))": 0.9000101779354527, "4-go_prob_(0, np.int64(4))": 0.0, "4-go_prob_(0, np.int64(5))": 0.0, "4-go_prob_(0, np.int64(6))": 0.2956565673720005, "4-go_prob_(1, np.int64(0))": 1.0, "4-go_prob_(1, np.int64(1))": 0.24999463075443068, "4-go_prob_(1, np.int64(2))": 0.6249981264464853, "4-go_prob_(1, np.int64(3))": 0.4166652418456039, "4-go_prob_(1, np.int64(4))": 0.16666024037580363, "4-go_prob_(1, np.int64(5))": 0.0, "4-go_prob_(1, np.int64(6))": 0.24063248885180588, "5-go_prob_(0, np.int64(0))": 1.0, "5-go_prob_(0, np.int64(1))": 0.666665259834566, "5-go_prob_(0, np.int64(2))": 0.4444468910873521, "5-go_prob_(0, np.int64(3))": 0.5000032646880537, "5-go_prob_(0, np.int64(4))": 0.2857182181432274, "5-go_prob_(0, np.int64(5))": 0.0, "5-go_prob_(0, np.int64(6))": 0.9672362674117698, "5-go_prob_(1, np.int64(0))": 1.0, "5-go_prob_(1, np.int64(1))": 0.49998373946617203, "5-go_prob_(1, np.int64(2))": 0.6249957601454287, "5-go_prob_(1, np.int64(3))": 0.6250067955509906, "5-go_prob_(1, np.int64(4))": 0.4285732706514183, "5-go_prob_(1, np.int64(5))": 0.0, "5-go_prob_(1, np.int64(6))": 0.4683246828163533}, "deviance": -412.91591775390987, "AIC": 995.8318355078197}
{"model_name": "Priors-M3", "model": "PriorsM3", "fixed_parameters": {"num_agents": 6, "threshold": 0.5}, "free_parameters": {"inverse_temperature": 10.726532645421733, "0-go_prob_0": 1.0, "0-go_prob_1": 0.0, "0-go_prob_2": 1.0, "0-go_prob_3": 0.0, "0-go_prob_4": 0.7567330481517567, "0-go_prob_5": 0.0, "0-go_prob_6": 0.34602750350649925, "0-go_prob_7": 1.0, "0-go_prob_8": 0.6692870361744213, "0-go_prob_9": 0.0, "0-go_prob_10": 1.0, "0-go_prob_11": 0.45326951160363904, "0-go_prob_12": 1.0, "0-go_prob_13": 1.0, "0-go_prob_14": 0.22487676913511778, "0-go_prob_15": 1.0, "0-go_prob_16": 0.0, "0-go_prob_17": 0.8507654451103164, "0-go_prob_18": 0.4195627492494757, "0-go_prob_19": 1.0, "0-go_prob_20": 0.0, "0-go_prob_21": 0.41356357600791827, "0-go_prob_22": 0.0, "0-go_prob_23": 0.0, "0-go_prob_24": 0.0, "0-go_prob_25": 0.0, "0-go_prob_26": 0.39866571771341575, "0-go_prob_27": 0.08734256312694844, "0-go_prob_28": 0.0, "0-go_prob_29": 0.5734510440238105, "0-go_prob_30": 0.0, "0-go_prob_31": 0.0, "0-go_prob_32": 0.16039982636181283, "0-go_prob_33": 0.0, "0-go_prob_34": 0.09227710572770786, "0-go_prob_35": 0.0, "0-go_prob_36": 0.049749527043495334, "0-go_prob_37": 0.0, "0-go_prob_38": 0.02410464266165202, "0-go_prob_39": 0.1737512552253625, "0-go_prob_40": 0.0, "0-go_prob_41": 0.0, "0-go_prob_42": 0.0, "0-go_prob_43": 0.0, "0-go_prob_44": 1.0, "0-go_prob_45": 0.5603282449331025, "0-go_prob_46": 0.9654477091145031, "0-go_prob_47": 0.7801525378934102, "0-go_prob_48": 0.06514821085462907, "0-go_prob_49": 0.32580160749759424, "0-go_prob_50": 0.0, "0-go_prob_51": 0.0, "0-go_prob_52": 0.8597171024637434, "0-go_prob_53": 0.9499998958091862, "0-go_prob_54": 0.2924317945483067, "0-go_prob_55": 0.8281519968470643, "0-go_prob_56": 1.0, "0-go_prob_57": 0.07818470367121899, "0-go_prob_58": 0.0, "0-go_prob_59": 1.0, "0-go_prob_60": 1.0, "0-go_prob_61": 1.0, "0-go_prob_62": 1.0, "0-go_prob_63": 1.0, "1-go_prob_0": 0.0, "1-go_prob_1": 1.0, "1-go_prob_2": 0.0, "1-go_prob_3": 0.0, "1-go_prob_4": 0.25518901303135133, "1-go_prob_5": 1.0, "1-go_prob_6": 0.5525423556715603, "1-go_prob_7": 1.0, "1-go_prob_8": 0.9169949802862623, "1-go_prob_9": 0.0, "1-go_prob_10": 1.0, "1-go_prob_11": 0.6035958795690083, "1-go_prob_12": 0.0, "1-go_prob_13": 1.0, "1-go_prob_14": 0.97103726485567, "1-go_prob_15": 1.0, "1-go_prob_16": 1.0, "1-go_prob_17": 0.06449889794211805, "1-go_prob_18": 0.4754964964048517, "1-go_prob_19": 1.0, "1-go_prob_20": 1.0, "1-go_prob_21": 0.36308349940812135, "1-go_prob_22": 0.0, "1-go_prob_23": 1.0, "1-go_prob_24": 1.0, "1-go_prob_25": 0.0, "1-go_prob_26": 0.2386818465318158, "1-go_prob_27": 0.1839259834114051, "1-go_prob_28": 1.0, "1-go_prob_29": 0.5105445303850221, "1-go_prob_30": 0.0, "1-go_prob_31": 1.0, "1-go_prob_32": 0.29911251836567254, "1-go_prob_33": 0.0, "1-go_prob_34": 0.7042062549368746, "1-go_prob_35": 0.0, "1-go_prob_36": 0.16819855892763635, "1-go_prob_37": 0.0, "1-go_prob_38": 0.9308261114287052, "1-go_prob_39": 0.31929391184597544, "1-go_prob_40": 1.0, "1-go_prob_41": 0.0, "1-go_prob_42": 0.0, "1-go_prob_43": 0.0, "1-go_prob_44": 0.0, "1-go_prob_45": 0.7403524499698338, "1-go_prob_46": 0.7652159590311091, "1-go_prob_47": 0.3783988410855532, "1-go_prob_48": 0.3702262864471566, "1-go_prob_49": 0.7816224406063931, "1-go_prob_50": 1.0, "1-go_prob_51": 0.0, "1-go_prob_52": 0.9701893450894251, "1-go_prob_53": 0.8778825450938015, "1-go_prob_54": 0.9823539909810777, "1-go_prob_55": 0.023214390963915088,