{"model_name": "FRA+Payoff+Attendance", "FRA+Payoff+Attendance": {"model": "FRAplus", "fixed_parameters": {}, "free_parameters": {"inverse_temperature": 6.386807212394981, "bias": 0.7453717917114865, "learning_rate": 0.19851269513755646, "len_history": 1.921272147072866, "c": 0.583130233572927, "delta": 0.05752653543167503}, "deviance": -2224.2393932878185, "AIC": 4460.478786575637}}
