{"model_name": "FRA+Payoff+Attendance", "model": "FRAplus", "fixed_parameters": {"num_agents": 3, "threshold": 0.3333333333333333}, "free_parameters": {"inverse_temperature": 55.46199207915088, "bias": 0.6339556411797106, "learning_rate": 0.008171747655530526, "len_history": 1.4331875096507771, "max_regions": 2.120556077471169, "delta": 0.006445347468755036}, "deviance": -1968.9107345024956, "AIC": 3949.8214690049913}
{"model_name": "Attendance-M2", "model": "AttendanceM2", "fixed_parameters": {"num_agents": 3, "threshold": 0.3333333333333333}, "free_parameters": {"inverse_temperature": 9.844377131499728, "learning_rate": 0.1981014890848788, "bias": 0.8007445686755367}, "deviance": -2096.0445503196693, "AIC": 4198.0891006393385}
{"model_name": "FRA+Payoff+Attendance", "model": "FRAplus", "fixed_parameters": {"num_agents": 4, "threshold": 0.25}, "free_parameters": {"inverse_temperature": 23.62627983706032, "bias": 0.7795587196107217, "learning_rate": 0.007730045130653454, "len_history": 2.2007367802482003, "max_regions": 4.352632006615268, "delta": 0.01806298585784639}, "deviance": -3907.3401572185403, "AIC": 7826.680314437081}
{"model_name": "Attendance-M2", "model": "AttendanceM2", "fixed_parameters": {"num_agents": 4, "threshold": 0.25}, "free_parameters": {"inverse_temperature": 9.844377131499728, "learning_rate": 0.1981014890848788, "bias": 0.8007445686755367}, "deviance": -3878.2528640674736, "AIC": 7762.505728134947}
{"model_name": "FRA+Payoff+Attendance", "model": "FRAplus", "fixed_parameters": {"num_agents": 5, "threshold": 0.8}, "free_parameters": {"inverse_temperature": 27.272386296262162, "bias": 0.7203244934421581, "learning_rate": 0.00011437481734488664, "len_history": 2.209330290527359, "max_regions": 2.3208030173540175, "delta": 0.009233859476879781}, "deviance": -2481.083375255256, "AIC": 4974.166750510512}
{"model_name": "Attendance-M2", "model": "AttendanceM2", "fixed_parameters": {"num_agents": 5, "threshold": 0.8}, "free_parameters": {"inverse_temperature": 6.319986651381148, "learning_rate": 0.3258239524750499, "bias": 1.0}, "deviance": -2487.905679162398, "AIC": 4981.811358324796}
{"model_name": "FRA+Payoff+Attendance", "model": "FRAplus", "fixed_parameters": {"num_agents": 6, "threshold": 0.5}, "free_parameters": {"inverse_temperature": 20.340874010480164, "bias": 1.0, "learning_rate": 0.0, "len_history": 5.4583383430725, "max_regions": 1.9226371729744274, "delta": 0.0006156112938962497}, "deviance": -1496.9426796536331, "AIC": 3005.8853593072663}
{"model_name": "Attendance-M2", "model": "AttendanceM2", "fixed_parameters": {"num_agents": 6, "threshold": 0.5}, "free_parameters": {"inverse_temperature": 10.367897982482772, "learning_rate": 0.0, "bias": 0.0022045892661566656}, "deviance": -1497.197910009481, "AIC": 3000.395820018962}
{"model_name": "FRA+Payoff+Attendance", "model": "FRAplus", "fixed_parameters": {"num_agents": 7, "threshold": 0.4285714285714285}, "free_parameters": {"inverse_temperature": 2.050830061663578, "bias": 1.0, "learning_rate": 1.0, "len_history": 1.9478293368655943, "max_regions": 10.0, "delta": 0.0}, "deviance": -1368.781150511138, "AIC": 2749.562301022276}
{"model_name": "Attendance-M2", "model": "AttendanceM2", "fixed_parameters": {"num_agents": 7, "threshold": 0.4285714285714285}, "free_parameters": {"inverse_temperature": 9.844377131499728, "learning_rate": 0.1981014890848788, "bias": 0.8007445686755367}, "deviance": -1341.6424235484083, "AIC": 2689.2848470968165}
{"model_name": "FRA+Payoff+Attendance", "model": "FRAplus", "fixed_parameters": {"num_agents": 8, "threshold": 0.625}, "free_parameters": {"inverse_temperature": 27.272386296262162, "bias": 0.7203244934421581, "learning_rate": 0.00011437481734488664, "len_history": 3.1163280084228786, "max_regions": 2.3208030173540175, "delta": 0.009233859476879781}, "deviance": -2925.690353291834, "AIC": 5863.380706583668}
{"model_name": "Attendance-M2", "model": "AttendanceM2", "fixed_parameters": {"num_agents": 8, "threshold": 0.625}, "free_parameters": {"inverse_temperature": 10.294702186956865, "learning_rate": 0.18055116714520034, "bias": 0.8027735114506003}, "deviance": -2718.6140221945925, "AIC": 5443.228044389185}
{"model_name": "FRA+Payoff+Attendance", "model": "FRAplus", "fixed_parameters": {"num_agents": 9, "threshold": 0.7777777777777778}, "free_parameters": {"inverse_temperature": 1.1742716328800276, "bias": 0.6567000190649396, "learning_rate": 0.35409228510231017, "len_history": 3.620295764005553, "max_regions": 8.245478336738097, "delta": 0.0335850275227849}, "deviance": -1032.6035185474882, "AIC": 2077.2070370949764}
{"model_name": "Attendance-M2", "model": "AttendanceM2", "fixed_parameters": {"num_agents": 9, "threshold": 0.7777777777777778}, "free_parameters": {"inverse_temperature": 9.844377131499728, "learning_rate": 0.1981014890848788, "bias": 0.8007445686755367}, "deviance": -961.9577427295155, "AIC": 1929.915485459031}
{"model_name": "FRA+Payoff+Attendance", "model": "FRAplus", "fixed_parameters": {"num_agents": 11, "threshold": 0.4545454545454545}, "free_parameters": {"inverse_temperature": 1.1313794202615253, "bias": 0.9914896740971556, "learning_rate": 0.027246000084501235, "len_history": 5.085807599078196, "max_regions": 4.442986681849313, "delta": 0.00015830094438629437}, "deviance": -1363.9199360454336, "AIC": 2739.839872090867}
{"model_name": "Attendance-M2", "model": "AttendanceM2", "fixed_parameters": {"num_agents": 11, "threshold": 0.4545454545454545}, "free_parameters": {"inverse_temperature": 10.227085827400524, "learning_rate": 0.18302136318217602, "bias": 0.8054711967615823}, "deviance": -1271.8214647518598, "AIC": 2549.6429295037196}
{"model_name": "FRA+Payoff+Attendance", "model": "FRAplus", "fixed_parameters": {"num_agents": 12, "threshold": 0.75}, "free_parameters": {"inverse_temperature": 27.272386296262162, "bias": 0.7203244934421581, "learning_rate": 0.00011437481734488664, "len_history": 4.325658298950238, "max_regions": 2.3208030173540175, "delta": 0.009233859476879781}, "deviance": -1484.3868167903597, "AIC": 2980.7736335807194}
{"model_name": "Attendance-M2", "model": "AttendanceM2", "fixed_parameters": {"num_agents": 12, "threshold": 0.75}, "free_parameters": {"inverse_temperature": 11.699255612308846, "learning_rate": 0.12446545613973105, "bias": 0.7574182684986438}, "deviance": -1356.244929133468, "AIC": 2718.489858266936}
