{"model_name": "Random", "Random": {"model": "Random", "fixed_parameters": {}, "free_parameters": {"inverse_temperature": 29.344464409236252, "go_prob": 0.5783896143871318}, "deviance": -21747.613918913794, "AIC": 43499.22783782759}}
{"model_name": "WSLS-M1", "WSLS-M1": {"model": "WSLSM1", "fixed_parameters": {}, "free_parameters": {"inverse_temperature": 2.252448431907122, "wsls_strength": 0.2621098687771928, "heuristic_strength": 0.028306488020794607}, "deviance": -21891.924828324292, "AIC": 43789.849656648585}}
{"model_name": "WSLS-M2", "WSLS-M2": {"model": "WSLSM2", "fixed_parameters": {}, "free_parameters": {"inverse_temperature": 1.4075831135717252, "wsls_strength": 0.35381676879711316, "heuristic_strength": 0.07152066212740488}, "deviance": -21608.56139586276, "AIC": 43223.12279172552}}
{"model_name": "WSLS-M3", "WSLS-M3": {"model": "WSLSM3", "fixed_parameters": {}, "free_parameters": {"inverse_temperature": 2.252448431907122, "wsls_strength": 0.2621098687771928, "heuristic_strength": 0.028306488020794607}, "deviance": -21647.660810752186, "AIC": 43301.32162150437}}
{"model_name": "Payoff-M1", "Payoff-M1": {"model": "PayoffM1", "fixed_parameters": {}, "free_parameters": {"inverse_temperature": 2.252448431907122, "learning_rate": 0.026210986877719278}, "deviance": -21531.951968533074, "AIC": 43067.90393706615}}
{"model_name": "Payoff-M2", "Payoff-M2": {"model": "PayoffM2", "fixed_parameters": {}, "free_parameters": {"inverse_temperature": 6.357785316296009, "learning_rate": 0.03905478323288236}, "deviance": -21049.810865508993, "AIC": 42103.621731017985}}
{"model_name": "Payoff-M3", "Payoff-M3": {"model": "PayoffM3", "fixed_parameters": {}, "free_parameters": {"inverse_temperature": 6.357785316296009, "learning_rate": 0.03905478323288236}, "deviance": -21143.79979910194, "AIC": 42291.59959820388}}
{"model_name": "Attendance-M1", "Attendance-M1": {"model": "AttendanceM1", "fixed_parameters": {}, "free_parameters": {"inverse_temperature": 3.460451343671589, "learning_rate": 0.1698304195645689, "bias": 0.8781425034294131}, "deviance": -19965.080207052837, "AIC": 39936.160414105674}}
{"model_name": "Attendance-M2", "Attendance-M2": {"model": "AttendanceM2", "fixed_parameters": {}, "free_parameters": {"inverse_temperature": 5.191798325309241, "learning_rate": 0.26031509857854096, "bias": 0.8047545637433454}, "deviance": -19064.9907526813, "AIC": 38135.9815053626}}
{"model_name": "Attendance-M3", "Attendance-M3": {"model": "AttendanceM3", "fixed_parameters": {}, "free_parameters": {"inverse_temperature": 5.191798325309241, "learning_rate": 0.26031509857854096, "bias": 0.8047545637433454}, "deviance": -19663.726835878268, "AIC": 39333.453671756535}}
{"model_name": "AvailableSpace-M1", "AvailableSpace-M1": {"model": "AvailableSpaceM1", "fixed_parameters": {}, "free_parameters": {"inverse_temperature": 58.871912012584126, "learning_rate": 0.00040202489135743313, "bias": 0.9767591490310596}, "deviance": -21639.41391696175, "AIC": 43284.8278339235}}
{"model_name": "AvailableSpace-M2", "AvailableSpace-M2": {"model": "AvailableSpaceM2", "fixed_parameters": {}, "free_parameters": {"inverse_temperature": 2.1703007371767997, "learning_rate": 0.07002214371922233, "bias": 0.4863451109370318}, "deviance": -21059.61124506747, "AIC": 42125.22249013494}}
{"model_name": "AvailableSpace-M3", "AvailableSpace-M3": {"model": "AvailableSpaceM3", "fixed_parameters": {}, "free_parameters": {"inverse_temperature": 3.806768348319989, "learning_rate": 0.1074941291060929, "bias": 0.2257093386078547}, "deviance": -20898.299689569965, "AIC": 41802.59937913993}}
{"model_name": "Fairness-M1", "Fairness-M1": {"model": "FairnessM1", "fixed_parameters": {}, "free_parameters": {"inverse_temperature": 2.252448431907122, "learning_rate": 0.026210986877719278, "bias": 0.028306488020794607}, "deviance": -21554.282761546026, "AIC": 43114.56552309205}}
{"model_name": "Fairness-M2", "Fairness-M2": {"model": "FairnessM2", "fixed_parameters": {}, "free_parameters": {"inverse_temperature": 1.9461957867537099, "learning_rate": 0.17619625557505525, "bias": 0.0033206357436683697}, "deviance": -21144.65240407297, "AIC": 42295.30480814594}}
{"model_name": "Fairness-M3", "Fairness-M3": {"model": "FairnessM3", "fixed_parameters": {}, "free_parameters": {"inverse_temperature": 3.806768348319989, "learning_rate": 0.1074941291060929, "bias": 0.2257093386078547}, "deviance": -21306.68825923197, "AIC": 42619.37651846394}}
{"model_name": "MFP-M1", "MFP-M1": {"model": "MFPM1", "fixed_parameters": {}, "free_parameters": {"inverse_temperature": 1.61831264525753, "belief_strength": 4.897595919938184}, "deviance": -21281.61090558653, "AIC": 42567.22181117306}}
{"model_name": "MFP-M2", "MFP-M2": {"model": "MFPM2", "fixed_parameters": {}, "free_parameters": {"inverse_temperature": 27.272386296262162, "belief_strength": 72.31212485077366}, "deviance": -20615.287261501126, "AIC": 41234.57452300225}}
{"model_name": "MFP-M3", "MFP-M3": {"model": "MFPM3", "fixed_parameters": {}, "free_parameters": {"inverse_temperature": 9.844377131499728, "belief_strength": 20.612047419403}, "deviance": -20709.329233543787, "AIC": 41422.658467087575}}
{"model_name": "FRA", "FRA": {"model": "FocalRegionAgent", "fixed_parameters": {}, "free_parameters": {"inverse_temperature": 1.7289257425879327, "len_history": 4.0, "c": 0.5}, "deviance": -21021.783134737718, "AIC": 42049.566269475436}}
{"model_name": "FRA+Payoff+Attendance", "FRA+Payoff+Attendance": {"model": "FRAplus", "fixed_parameters": {}, "free_parameters": {"inverse_temperature": 2.750350977466207, "bias": 0.7548614813904674, "learning_rate": 0.3948504804606394, "len_history": 3.2408154868225756, "c": 0.7262024133732258, "delta": 0.09001734940015223}, "deviance": -19055.24289708723, "AIC": 38122.48579417446}}
