{"model_name": "FRA", "FRA": {"model": "FocalRegionAgent", "fixed_parameters": {}, "free_parameters": {"inverse_temperature": 1.0, "len_history": 1.633901036841292, "c": 0.9529184479454675}, "deviance": -21594.529113582063, "AIC": 43195.058227164125}}
{"model_name": "FRA+Payoff+Attendance", "FRA+Payoff+Attendance": {"model": "FRAplus", "fixed_parameters": {}, "free_parameters": {"inverse_temperature": 5.151980483607678, "bias": 0.8405926304287321, "learning_rate": 0.1972182800397784, "len_history": 3.971487437269796, "c": 0.7204319240098587, "delta": 0.11009105410274872}, "deviance": -18736.762910527148, "AIC": 37485.525821054296}}
