{"model_name": "FRA", "FRA": {"model": "FocalRegionAgent", "fixed_parameters": {}, "free_parameters": {"inverse_temperature": 1.1169324617961898, "len_history": 4.0, "c": 1.0}, "deviance": -20834.056228389723, "AIC": 41674.11245677945}}
{"model_name": "FRA+Payoff+Attendance", "FRA+Payoff+Attendance": {"model": "FRAplus", "fixed_parameters": {}, "free_parameters": {"inverse_temperature": 2.750350977466207, "bias": 0.7548614813904674, "learning_rate": 0.3948504804606394, "len_history": 3.2408154868225756, "c": 0.7262024133732258, "delta": 0.09001734940015223}, "deviance": -19103.14676943157, "AIC": 38218.29353886314}}
