{"model_name": "Random", "Random": {"model": "Random", "fixed_parameters": {}, "free_parameters": {"inverse_temperature": 36.719728189297, "go_prob": 0.5794743293795058}, "deviance": -21747.536795107633, "AIC": 43499.07359021527}}
{"model_name": "WSLS-M1", "WSLS-M1": {"model": "WSLSM1", "fixed_parameters": {}, "free_parameters": {"inverse_temperature": 14.324172311770118, "wsls_strength": 3.665532685068823, "heuristic_strength": 0.4171253129022383}, "deviance": -87939.93897480113, "AIC": 175885.87794960226}}
{"model_name": "WSLS-M2", "WSLS-M2": {"model": "WSLSM2", "fixed_parameters": {}, "free_parameters": {"inverse_temperature": 43.99403420807605, "wsls_strength": 0.5103793240005594, "heuristic_strength": 0.0012382383943282393}, "deviance": -59240.42923673518, "AIC": 118486.85847347036}}
{"model_name": "WSLS-M3", "WSLS-M3": {"model": "WSLSM3", "fixed_parameters": {}, "free_parameters": {"inverse_temperature": 22.69456059648078, "wsls_strength": 4.295932793060161, "heuristic_strength": 0.9657895445021787}, "deviance": -43265.93447708267, "AIC": 86537.86895416534}}
{"model_name": "Payoff-M1", "Payoff-M1": {"model": "PayoffM1", "fixed_parameters": {}, "free_parameters": {"inverse_temperature": 28.12229082258458, "learning_rate": 0.9128029476274246}, "deviance": -89749.50872680706, "AIC": 179503.01745361413}}
{"model_name": "Payoff-M2", "Payoff-M2": {"model": "PayoffM2", "fixed_parameters": {}, "free_parameters": {"inverse_temperature": 54.49101362829564, "learning_rate": 0.8689808431598033}, "deviance": -60317.88298220438, "AIC": 120639.76596440875}}
{"model_name": "Payoff-M3", "Payoff-M3": {"model": "PayoffM3", "fixed_parameters": {}, "free_parameters": {"inverse_temperature": 5.94442704999538, "learning_rate": 0.05003178988573618}, "deviance": -21131.059963941265, "AIC": 42266.11992788253}}
{"model_name": "Attendance-M1", "Attendance-M1": {"model": "AttendanceM1", "fixed_parameters": {}, "free_parameters": {"inverse_temperature": 3.3726471080299145, "learning_rate": 0.12441921845474985, "bias": 0.8393996617300638}, "deviance": -19915.792209343468, "AIC": 39837.584418686936}}
{"model_name": "Attendance-M2", "Attendance-M2": {"model": "AttendanceM2", "fixed_parameters": {}, "free_parameters": {"inverse_temperature": 5.303533561806135, "learning_rate": 0.18185628752503546, "bias": 0.8156616184422735}, "deviance": -18979.541625911555, "AIC": 37965.08325182311}}
{"model_name": "Attendance-M3", "Attendance-M3": {"model": "AttendanceM3", "fixed_parameters": {}, "free_parameters": {"inverse_temperature": 6.124224398355622, "learning_rate": 0.18770215977221508, "bias": 0.7845314867682582}, "deviance": -19641.419244725377, "AIC": 39288.838489450754}}
{"model_name": "AvailableSpace-M1", "AvailableSpace-M1": {"model": "AvailableSpaceM1", "fixed_parameters": {}, "free_parameters": {"inverse_temperature": 62.70863894496131, "learning_rate": 0.000505700678898547, "bias": 0.5833993307782228}, "deviance": -21606.812623314785, "AIC": 43219.62524662957}}
{"model_name": "AvailableSpace-M2", "AvailableSpace-M2": {"model": "AvailableSpaceM2", "fixed_parameters": {}, "free_parameters": {"inverse_temperature": 64.0, "learning_rate": 0.003058763728120271, "bias": 0.22467686810326926}, "deviance": -20800.201185051872, "AIC": 41606.402370103744}}
{"model_name": "AvailableSpace-M3", "AvailableSpace-M3": {"model": "AvailableSpaceM3", "fixed_parameters": {}, "free_parameters": {"inverse_temperature": 64.0, "learning_rate": 0.004807738685030049, "bias": 0.560806776700373}, "deviance": -20765.81035494969, "AIC": 41537.62070989938}}
{"model_name": "Fairness-M1", "Fairness-M1": {"model": "FairnessM1", "fixed_parameters": {}, "free_parameters": {"inverse_temperature": 5.172774156072917, "learning_rate": 0.014644201385760225, "bias": 0.0}, "deviance": -21481.47630470175, "AIC": 42968.9526094035}}
{"model_name": "Fairness-M2", "Fairness-M2": {"model": "FairnessM2", "fixed_parameters": {}, "free_parameters": {"inverse_temperature": 64.0, "learning_rate": 0.003414349862540696, "bias": 0.0}, "deviance": -21043.297654015085, "AIC": 42092.59530803017}}
{"model_name": "Fairness-M3", "Fairness-M3": {"model": "FairnessM3", "fixed_parameters": {}, "free_parameters": {"inverse_temperature": 1.0, "learning_rate": 0.0, "bias": 1.0}, "deviance": -22152.983890695843, "AIC": 44311.967781391686}}
{"model_name": "MFP-M1", "MFP-M1": {"model": "MFPM1", "fixed_parameters": {}, "free_parameters": {"inverse_temperature": 1.3008644171119061, "belief_strength": 2.3721238259183295}, "deviance": -21271.910395937113, "AIC": 42547.82079187423}}
{"model_name": "MFP-M2", "MFP-M2": {"model": "MFPM2", "fixed_parameters": {}, "free_parameters": {"inverse_temperature": 13.84399608495245, "belief_strength": 34.037456111192}, "deviance": -20613.845705070293, "AIC": 41231.691410140586}}
{"model_name": "MFP-M3", "MFP-M3": {"model": "MFPM3", "fixed_parameters": {}, "free_parameters": {"inverse_temperature": 7.772558352836153, "belief_strength": 14.00840677602362}, "deviance": -20704.280203074974, "AIC": 41412.56040614995}}
{"model_name": "FRA", "FRA": {"model": "FocalRegionAgent", "fixed_parameters": {}, "free_parameters": {"inverse_temperature": 1.9007128822496218, "len_history": 3.5161407384094137, "c": 0.5109775679194992}, "deviance": -21067.8352737059, "AIC": 42141.6705474118}}
{"model_name": "FRA+Payoff+Attendance", "FRA+Payoff+Attendance": {"model": "FRAplus", "fixed_parameters": {}, "free_parameters": {"inverse_temperature": 5.704784543925089, "bias": 0.8298543904079931, "learning_rate": 0.1892334710493199, "len_history": 3.7400626200395846, "c": 0.5, "delta": 0.16270927391631582}, "deviance": -18804.457647592706, "AIC": 37620.91529518541}}
